arvlLineNm,arvlStnCd,arvlStnNm,arvlStnNo,brlnNm,crtrYmd,dptreLineNm,dptreStnCd,dptreStnNm,dptreStnNo,etrnYn,lineNm,lnkgTrainno,stnCd,stnNm,stnNo,tmprTmtblYn,trainArvlTm,trainDptreTm,trainKnd,trainno,upbdnbSe,vldBgngDt,vldEndDt,wkndSe
3호선,1958,대화,309,,20250619,3호선,1950,삼송,318,N,3호선,3017,1950,삼송,318,N,,05:07:30,,3002K,상행,2025-05-01T05:00:00,,평일
3호선,1958,대화,309,,20250619,3호선,1950,삼송,318,N,3호선,3017,1948,원흥,317,N,05:09:30,05:10:00,,3002K,상행,2025-05-01T05:00:00,,평일
3호선,1958,대화,309,,20250619,3호선,1950,삼송,318,N,3호선,3017,1951,원당,316,N,05:12:30,05:13:00,,3002K,상행,2025-05-01T05:00:00,,평일
3호선,1958,대화,309,,20250619,3호선,1950,삼송,318,N,3호선,3017,1952,화정,315,N,05:16:00,05:16:30,,3002K,상행,2025-05-01T05:00:00,,평일
3호선,1958,대화,309,,20250619,3호선,1950,삼송,318,N,3호선,3017,1953,대곡,314,N,05:19:00,05:19:30,,3002K,상행,2025-05-01T05:00:00,,평일
3호선,1958,대화,309,,20250619,3호선,1950,삼송,318,N,3호선,3017,1954,백석,313,N,05:22:30,05:23:00,,3002K,상행,2025-05-01T05:00:00,,평일
3호선,1958,대화,309,,20250619,3호선,1950,삼송,318,N,3호선,3017,1955,마두,312,N,05:25:00,05:25:30,,3002K,상행,2025-05-01T05:00:00,,평일
3호선,1958,대화,309,,20250619,3호선,1950,삼송,318,N,3호선,3017,1956,정발산,311,N,05:27:00,05:27:30,,3002K,상행,2025-05-01T05:00:00,,평일
3호선,1958,대화,309,,20250619,3호선,1950,삼송,318,N,3호선,3017,1957,주엽,310,N,05:29:30,05:30:00,,3002K,상행,2025-05-01T05:00:00,,평일
3호선,1958,대화,309,,20250619,3호선,1950,삼송,318,N,3호선,3017,1958,대화,309,N,05:32:00,,,3002K,상행,2025-05-01T05:00:00,,평일
3호선,1958,대화,309,,20250619,3호선,1950,삼송,318,N,3호선,3019,1950,삼송,318,N,,05:16:30,,3004,상행,2025-05-01T05:00:00,,평일
3호선,1958,대화,309,,20250619,3호선,1950,삼송,318,N,3호선,3019,1948,원흥,317,N,05:18:30,05:19:00,,3004,상행,2025-05-01T05:00:00,,평일
3호선,1958,대화,309,,20250619,3호선,1950,삼송,318,N,3호선,3019,1951,원당,316,N,05:21:30,05:22:00,,3004,상행,2025-05-01T05:00:00,,평일
3호선,1958,대화,309,,20250619,3호선,1950,삼송,318,N,3호선,3019,1952,화정,315,N,05:25:00,05:25:30,,3004,상행,2025-05-01T05:00:00,,평일
3호선,1958,대화,309,,20250619,3호선,1950,삼송,318,N,3호선,3019,1953,대곡,314,N,05:28:00,05:28:30,,3004,상행,2025-05-01T05:00:00,,평일
3호선,1958,대화,309,,20250619,3호선,1950,삼송,318,N,3호선,3019,1954,백석,313,N,05:31:30,05:32:00,,3004,상행,2025-05-01T05:00:00,,평일
3호선,1958,대화,309,,20250619,3호선,1950,삼송,318,N,3호선,3019,1955,마두,312,N,05:34:00,05:34:30,,3004,상행,2025-05-01T05:00:00,,평일
3호선,1958,대화,309,,20250619,3호선,1950,삼송,318,N,3호선,3019,1956,정발산,311,N,05:36:00,05:36:30,,3004,상행,2025-05-01T05:00:00,,평일
3호선,1958,대화,309,,20250619,3호선,1950,삼송,318,N,3호선,3019,1957,주엽,310,N,05:38:30,05:39:00,,3004,상행,2025-05-01T05:00:00,,평일
3호선,1958,대화,309,,20250619,3호선,1950,삼송,318,N,3호선,3019,1958,대화,309,N,05:41:00,,,3004,상행,2025-05-01T05:00:00,,평일
3호선,1958,대화,309,,20250619,3호선,1950,삼송,318,N,3호선,3023,1950,삼송,318,N,,05:28:30,,3006,상행,2025-05-01T05:00:00,,평일
3호선,1958,대화,309,,20250619,3호선,1950,삼송,318,N,3호선,3023,1948,원흥,317,N,05:30:30,05:31:00,,3006,상행,2025-05-01T05:00:00,,평일
3호선,1958,대화,309,,20250619,3호선,1950,삼송,318,N,3호선,3023,1951,원당,316,N,05:33:30,05:34:00,,3006,상행,2025-05-01T05:00:00,,평일
3호선,1958,대화,309,,20250619,3호선,1950,삼송,318,N,3호선,3023,1952,화정,315,N,05:37:00,05:37:30,,3006,상행,2025-05-01T05:00:00,,평일
3호선,1958,대화,309,,20250619,3호선,1950,삼송,318,N,3호선,3023,1953,대곡,314,N,05:40:00,05:40:30,,3006,상행,2025-05-01T05:00:00,,평일
3호선,1958,대화,309,,20250619,3호선,1950,삼송,318,N,3호선,3023,1954,백석,313,N,05:43:30,05:44:00,,3006,상행,2025-05-01T05:00:00,,평일
3호선,1958,대화,309,,20250619,3호선,1950,삼송,318,N,3호선,3023,1955,마두,312,N,05:46:00,05:46:30,,3006,상행,2025-05-01T05:00:00,,평일
3호선,1958,대화,309,,20250619,3호선,1950,삼송,318,N,3호선,3023,1956,정발산,311,N,05:48:00,05:48:30,,3006,상행,2025-05-01T05:00:00,,평일
3호선,1958,대화,309,,20250619,3호선,1950,삼송,318,N,3호선,3023,1957,주엽,310,N,05:50:30,05:51:00,,3006,상행,2025-05-01T05:00:00,,평일
3호선,1958,대화,309,,20250619,3호선,1950,삼송,318,N,3호선,3023,1958,대화,309,N,05:53:00,,,3006,상행,2025-05-01T05:00:00,,평일
3호선,1958,대화,309,,20250619,3호선,1950,삼송,318,N,3호선,3029,1950,삼송,318,N,,05:41:30,,3008,상행,2025-05-01T05:00:00,,평일
3호선,1958,대화,309,,20250619,3호선,1950,삼송,318,N,3호선,3029,1948,원흥,317,N,05:43:30,05:44:00,,3008,상행,2025-05-01T05:00:00,,평일
3호선,1958,대화,309,,20250619,3호선,1950,삼송,318,N,3호선,3029,1951,원당,316,N,05:46:30,05:47:00,,3008,상행,2025-05-01T05:00:00,,평일
3호선,1958,대화,309,,20250619,3호선,1950,삼송,318,N,3호선,3029,1952,화정,315,N,05:50:00,05:50:30,,3008,상행,2025-05-01T05:00:00,,평일
3호선,1958,대화,309,,20250619,3호선,1950,삼송,318,N,3호선,3029,1953,대곡,314,N,05:53:00,05:53:30,,3008,상행,2025-05-01T05:00:00,,평일
3호선,1958,대화,309,,20250619,3호선,1950,삼송,318,N,3호선,3029,1954,백석,313,N,05:56:30,05:57:00,,3008,상행,2025-05-01T05:00:00,,평일
3호선,1958,대화,309,,20250619,3호선,1950,삼송,318,N,3호선,3029,1955,마두,312,N,05:59:00,05:59:30,,3008,상행,2025-05-01T05:00:00,,평일
3호선,1958,대화,309,,20250619,3호선,1950,삼송,318,N,3호선,3029,1956,정발산,311,N,06:01:00,06:01:30,,3008,상행,2025-05-01T05:00:00,,평일
3호선,1958,대화,309,,20250619,3호선,1950,삼송,318,N,3호선,3029,1957,주엽,310,N,06:03:30,06:04:00,,3008,상행,2025-05-01T05:00:00,,평일
3호선,1958,대화,309,,20250619,3호선,1950,삼송,318,N,3호선,3029,1958,대화,309,N,06:06:00,,,3008,상행,2025-05-01T05:00:00,,평일
3호선,1958,대화,309,,20250619,3호선,1950,삼송,318,N,3호선,3033,1950,삼송,318,N,,05:52:30,,3010K,상행,2025-05-01T05:00:00,,평일
3호선,1958,대화,309,,20250619,3호선,1950,삼송,318,N,3호선,3033,1948,원흥,317,N,05:54:30,05:55:00,,3010K,상행,2025-05-01T05:00:00,,평일
3호선,1958,대화,309,,20250619,3호선,1950,삼송,318,N,3호선,3033,1951,원당,316,N,05:57:30,05:58:00,,3010K,상행,2025-05-01T05:00:00,,평일
3호선,1958,대화,309,,20250619,3호선,1950,삼송,318,N,3호선,3033,1952,화정,315,N,06:01:00,06:01:30,,3010K,상행,2025-05-01T05:00:00,,평일
3호선,1958,대화,309,,20250619,3호선,1950,삼송,318,N,3호선,3033,1953,대곡,314,N,06:04:00,06:04:30,,3010K,상행,2025-05-01T05:00:00,,평일
3호선,1958,대화,309,,20250619,3호선,1950,삼송,318,N,3호선,3033,1954,백석,313,N,06:07:30,06:08:00,,3010K,상행,2025-05-01T05:00:00,,평일
3호선,1958,대화,309,,20250619,3호선,1950,삼송,318,N,3호선,3033,1955,마두,312,N,06:10:00,06:10:30,,3010K,상행,2025-05-01T05:00:00,,평일
3호선,1958,대화,309,,20250619,3호선,1950,삼송,318,N,3호선,3033,1956,정발산,311,N,06:12:00,06:12:30,,3010K,상행,2025-05-01T05:00:00,,평일
3호선,1958,대화,309,,20250619,3호선,1950,삼송,318,N,3호선,3033,1957,주엽,310,N,06:14:30,06:15:00,,3010K,상행,2025-05-01T05:00:00,,평일
3호선,1958,대화,309,,20250619,3호선,1950,삼송,318,N,3호선,3033,1958,대화,309,N,06:17:00,,,3010K,상행,2025-05-01T05:00:00,,평일
3호선,1958,대화,309,,20250619,3호선,0323,약수,333,N,3호선,3037,0323,약수,333,N,,05:30:00,,3012,상행,2025-05-01T05:00:00,,평일
3호선,1958,대화,309,,20250619,3호선,0323,약수,333,N,3호선,3037,0322,동대입구,332,N,05:31:00,05:31:30,,3012,상행,2025-05-01T05:00:00,,평일
3호선,1958,대화,309,,20250619,3호선,0323,약수,333,N,3호선,3037,0321,충무로,331,N,05:33:00,05:33:30,,3012,상행,2025-05-01T05:00:00,,평일
3호선,1958,대화,309,,20250619,3호선,0323,약수,333,N,3호선,3037,0320,을지로3가,330,N,05:34:30,05:35:00,,3012,상행,2025-05-01T05:00:00,,평일
3호선,1958,대화,309,,20250619,3호선,0323,약수,333,N,3호선,3037,0319,종로3가,329,N,05:36:00,05:36:30,,3012,상행,2025-05-01T05:00:00,,평일
3호선,1958,대화,309,,20250619,3호선,0323,약수,333,N,3호선,3037,0318,안국,328,N,05:38:00,05:38:30,,3012,상행,2025-05-01T05:00:00,,평일
3호선,1958,대화,309,,20250619,3호선,0323,약수,333,N,3호선,3037,0317,경복궁,327,N,05:40:00,05:40:30,,3012,상행,2025-05-01T05:00:00,,평일
3호선,1958,대화,309,,20250619,3호선,0323,약수,333,N,3호선,3037,0316,독립문,326,N,05:42:30,05:43:00,,3012,상행,2025-05-01T05:00:00,,평일
3호선,1958,대화,309,,20250619,3호선,0323,약수,333,N,3호선,3037,0315,무악재,325,N,05:44:30,05:45:00,,3012,상행,2025-05-01T05:00:00,,평일
3호선,1958,대화,309,,20250619,3호선,0323,약수,333,N,3호선,3037,0314,홍제,324,N,05:46:30,05:47:00,,3012,상행,2025-05-01T05:00:00,,평일
3호선,1958,대화,309,,20250619,3호선,0323,약수,333,N,3호선,3037,0313,녹번,323,N,05:49:00,05:49:30,,3012,상행,2025-05-01T05:00:00,,평일
3호선,1958,대화,309,,20250619,3호선,0323,약수,333,N,3호선,3037,0312,불광,322,N,05:51:00,05:51:30,,3012,상행,2025-05-01T05:00:00,,평일
3호선,1958,대화,309,,20250619,3호선,0323,약수,333,N,3호선,3037,0311,연신내,321,N,05:53:00,05:53:30,,3012,상행,2025-05-01T05:00:00,,평일
3호선,1958,대화,309,,20250619,3호선,0323,약수,333,N,3호선,3037,0310,구파발,320,N,05:55:30,05:56:00,,3012,상행,2025-05-01T05:00:00,,평일
3호선,1958,대화,309,,20250619,3호선,0323,약수,333,N,3호선,3037,0309,지축,319,N,05:59:00,05:59:30,,3012,상행,2025-05-01T05:00:00,,평일
3호선,1958,대화,309,,20250619,3호선,0323,약수,333,N,3호선,3037,1950,삼송,318,N,06:02:00,06:02:30,,3012,상행,2025-05-01T05:00:00,,평일
3호선,1958,대화,309,,20250619,3호선,0323,약수,333,N,3호선,3037,1948,원흥,317,N,06:04:30,06:05:00,,3012,상행,2025-05-01T05:00:00,,평일
3호선,1958,대화,309,,20250619,3호선,0323,약수,333,N,3호선,3037,1951,원당,316,N,06:07:30,06:08:00,,3012,상행,2025-05-01T05:00:00,,평일
3호선,1958,대화,309,,20250619,3호선,0323,약수,333,N,3호선,3037,1952,화정,315,N,06:11:00,06:11:30,,3012,상행,2025-05-01T05:00:00,,평일
3호선,1958,대화,309,,20250619,3호선,0323,약수,333,N,3호선,3037,1953,대곡,314,N,06:14:00,06:14:30,,3012,상행,2025-05-01T05:00:00,,평일
3호선,1958,대화,309,,20250619,3호선,0323,약수,333,N,3호선,3037,1954,백석,313,N,06:17:30,06:18:00,,3012,상행,2025-05-01T05:00:00,,평일
3호선,1958,대화,309,,20250619,3호선,0323,약수,333,N,3호선,3037,1955,마두,312,N,06:20:00,06:20:30,,3012,상행,2025-05-01T05:00:00,,평일
3호선,1958,대화,309,,20250619,3호선,0323,약수,333,N,3호선,3037,1956,정발산,311,N,06:22:00,06:22:30,,3012,상행,2025-05-01T05:00:00,,평일
3호선,1958,대화,309,,20250619,3호선,0323,약수,333,N,3호선,3037,1957,주엽,310,N,06:24:30,06:25:00,,3012,상행,2025-05-01T05:00:00,,평일
3호선,1958,대화,309,,20250619,3호선,0323,약수,333,N,3호선,3037,1958,대화,309,N,06:27:00,,,3012,상행,2025-05-01T05:00:00,,평일
3호선,1958,대화,309,,20250619,3호선,1950,삼송,318,N,3호선,3041,1950,삼송,318,N,,06:11:00,,3014K,상행,2025-05-01T05:00:00,,평일
3호선,1958,대화,309,,20250619,3호선,1950,삼송,318,N,3호선,3041,1948,원흥,317,N,06:13:00,06:13:30,,3014K,상행,2025-05-01T05:00:00,,평일
3호선,1958,대화,309,,20250619,3호선,1950,삼송,318,N,3호선,3041,1951,원당,316,N,06:16:00,06:16:30,,3014K,상행,2025-05-01T05:00:00,,평일
3호선,1958,대화,309,,20250619,3호선,1950,삼송,318,N,3호선,3041,1952,화정,315,N,06:19:30,06:20:00,,3014K,상행,2025-05-01T05:00:00,,평일
3호선,1958,대화,309,,20250619,3호선,1950,삼송,318,N,3호선,3041,1953,대곡,314,N,06:22:30,06:23:00,,3014K,상행,2025-05-01T05:00:00,,평일
3호선,1958,대화,309,,20250619,3호선,1950,삼송,318,N,3호선,3041,1954,백석,313,N,06:26:00,06:26:30,,3014K,상행,2025-05-01T05:00:00,,평일
3호선,1958,대화,309,,20250619,3호선,1950,삼송,318,N,3호선,3041,1955,마두,312,N,06:28:30,06:29:00,,3014K,상행,2025-05-01T05:00:00,,평일
3호선,1958,대화,309,,20250619,3호선,1950,삼송,318,N,3호선,3041,1956,정발산,311,N,06:30:30,06:31:00,,3014K,상행,2025-05-01T05:00:00,,평일
3호선,1958,대화,309,,20250619,3호선,1950,삼송,318,N,3호선,3041,1957,주엽,310,N,06:33:00,06:33:30,,3014K,상행,2025-05-01T05:00:00,,평일
3호선,1958,대화,309,,20250619,3호선,1950,삼송,318,N,3호선,3041,1958,대화,309,N,06:35:30,,,3014K,상행,2025-05-01T05:00:00,,평일
3호선,1958,대화,309,,20250619,3호선,0334,도곡,344,N,3호선,3047,0334,도곡,344,N,,05:24:00,,3016,상행,2025-05-01T05:00:00,,평일
3호선,1958,대화,309,,20250619,3호선,0334,도곡,344,N,3호선,3047,0333,매봉,343,N,05:25:30,05:26:00,,3016,상행,2025-05-01T05:00:00,,평일
3호선,1958,대화,309,,20250619,3호선,0334,도곡,344,N,3호선,3047,0332,양재,342,N,05:28:00,05:28:30,,3016,상행,2025-05-01T05:00:00,,평일
3호선,1958,대화,309,,20250619,3호선,0334,도곡,344,N,3호선,3047,0331,남부터미널,341,N,05:30:30,05:31:00,,3016,상행,2025-05-01T05:00:00,,평일
3호선,1958,대화,309,,20250619,3호선,0334,도곡,344,N,3호선,3047,0330,교대,340,N,05:32:30,05:33:00,,3016,상행,2025-05-01T05:00:00,,평일
3호선,1958,대화,309,,20250619,3호선,0334,도곡,344,N,3호선,3047,0329,고속터미널,339,N,05:35:00,05:35:30,,3016,상행,2025-05-01T05:00:00,,평일
3호선,1958,대화,309,,20250619,3호선,0334,도곡,344,N,3호선,3047,0328,잠원,338,N,05:37:00,05:37:30,,3016,상행,2025-05-01T05:00:00,,평일
3호선,1958,대화,309,,20250619,3호선,0334,도곡,344,N,3호선,3047,0327,신사,337,N,05:39:00,05:39:30,,3016,상행,2025-05-01T05:00:00,,평일
3호선,1958,대화,309,,20250619,3호선,0334,도곡,344,N,3호선,3047,0326,압구정,336,N,05:41:30,05:42:00,,3016,상행,2025-05-01T05:00:00,,평일
3호선,1958,대화,309,,20250619,3호선,0334,도곡,344,N,3호선,3047,0325,옥수,335,N,05:44:00,05:44:30,,3016,상행,2025-05-01T05:00:00,,평일
3호선,1958,대화,309,,20250619,3호선,0334,도곡,344,N,3호선,3047,0324,금호,334,N,05:45:30,05:46:00,,3016,상행,2025-05-01T05:00:00,,평일
3호선,1958,대화,309,,20250619,3호선,0334,도곡,344,N,3호선,3047,0323,약수,333,N,05:47:00,05:47:30,,3016,상행,2025-05-01T05:00:00,,평일
3호선,1958,대화,309,,20250619,3호선,0334,도곡,344,N,3호선,3047,0322,동대입구,332,N,05:48:30,05:49:00,,3016,상행,2025-05-01T05:00:00,,평일
3호선,1958,대화,309,,20250619,3호선,0334,도곡,344,N,3호선,3047,0321,충무로,331,N,05:50:30,05:51:00,,3016,상행,2025-05-01T05:00:00,,평일
3호선,1958,대화,309,,20250619,3호선,0334,도곡,344,N,3호선,3047,0320,을지로3가,330,N,05:52:00,05:52:30,,3016,상행,2025-05-01T05:00:00,,평일
3호선,1958,대화,309,,20250619,3호선,0334,도곡,344,N,3호선,3047,0319,종로3가,329,N,05:53:30,05:54:00,,3016,상행,2025-05-01T05:00:00,,평일
3호선,1958,대화,309,,20250619,3호선,0334,도곡,344,N,3호선,3047,0318,안국,328,N,05:55:30,05:56:00,,3016,상행,2025-05-01T05:00:00,,평일
3호선,1958,대화,309,,20250619,3호선,0334,도곡,344,N,3호선,3047,0317,경복궁,327,N,05:57:30,05:58:00,,3016,상행,2025-05-01T05:00:00,,평일
3호선,1958,대화,309,,20250619,3호선,0334,도곡,344,N,3호선,3047,0316,독립문,326,N,06:00:00,06:00:30,,3016,상행,2025-05-01T05:00:00,,평일
3호선,1958,대화,309,,20250619,3호선,0334,도곡,344,N,3호선,3047,0315,무악재,325,N,06:02:00,06:02:30,,3016,상행,2025-05-01T05:00:00,,평일
3호선,1958,대화,309,,20250619,3호선,0334,도곡,344,N,3호선,3047,0314,홍제,324,N,06:04:00,06:04:30,,3016,상행,2025-05-01T05:00:00,,평일
3호선,1958,대화,309,,20250619,3호선,0334,도곡,344,N,3호선,3047,0313,녹번,323,N,06:06:30,06:07:00,,3016,상행,2025-05-01T05:00:00,,평일
3호선,1958,대화,309,,20250619,3호선,0334,도곡,344,N,3호선,3047,0312,불광,322,N,06:08:30,06:09:00,,3016,상행,2025-05-01T05:00:00,,평일
3호선,1958,대화,309,,20250619,3호선,0334,도곡,344,N,3호선,3047,0311,연신내,321,N,06:10:30,06:11:00,,3016,상행,2025-05-01T05:00:00,,평일
3호선,1958,대화,309,,20250619,3호선,0334,도곡,344,N,3호선,3047,0310,구파발,320,N,06:13:00,06:13:30,,3016,상행,2025-05-01T05:00:00,,평일
3호선,1958,대화,309,,20250619,3호선,0334,도곡,344,N,3호선,3047,0309,지축,319,N,06:16:30,06:17:00,,3016,상행,2025-05-01T05:00:00,,평일
3호선,1958,대화,309,,20250619,3호선,0334,도곡,344,N,3호선,3047,1950,삼송,318,N,06:19:30,06:20:00,,3016,상행,2025-05-01T05:00:00,,평일
3호선,1958,대화,309,,20250619,3호선,0334,도곡,344,N,3호선,3047,1948,원흥,317,N,06:22:00,06:22:30,,3016,상행,2025-05-01T05:00:00,,평일
3호선,1958,대화,309,,20250619,3호선,0334,도곡,344,N,3호선,3047,1951,원당,316,N,06:25:00,06:25:30,,3016,상행,2025-05-01T05:00:00,,평일
3호선,1958,대화,309,,20250619,3호선,0334,도곡,344,N,3호선,3047,1952,화정,315,N,06:28:30,06:29:00,,3016,상행,2025-05-01T05:00:00,,평일
3호선,1958,대화,309,,20250619,3호선,0334,도곡,344,N,3호선,3047,1953,대곡,314,N,06:31:30,06:32:00,,3016,상행,2025-05-01T05:00:00,,평일
3호선,1958,대화,309,,20250619,3호선,0334,도곡,344,N,3호선,3047,1954,백석,313,N,06:35:00,06:35:30,,3016,상행,2025-05-01T05:00:00,,평일
3호선,1958,대화,309,,20250619,3호선,0334,도곡,344,N,3호선,3047,1955,마두,312,N,06:37:30,06:38:00,,3016,상행,2025-05-01T05:00:00,,평일
3호선,1958,대화,309,,20250619,3호선,0334,도곡,344,N,3호선,3047,1956,정발산,311,N,06:39:30,06:40:00,,3016,상행,2025-05-01T05:00:00,,평일
3호선,1958,대화,309,,20250619,3호선,0334,도곡,344,N,3호선,3047,1957,주엽,310,N,06:42:00,06:42:30,,3016,상행,2025-05-01T05:00:00,,평일
3호선,1958,대화,309,,20250619,3호선,0334,도곡,344,N,3호선,3047,1958,대화,309,N,06:44:30,,,3016,상행,2025-05-01T05:00:00,,평일
3호선,0310,구파발,320,,20250619,3호선,0339,수서,349,N,3호선,3021,0339,수서,349,N,,05:22:00,,3018,상행,2025-05-01T05:00:00,,평일
3호선,0310,구파발,320,,20250619,3호선,0339,수서,349,N,3호선,3021,0338,일원,348,N,05:24:00,05:24:30,,3018,상행,2025-05-01T05:00:00,,평일
3호선,0310,구파발,320,,20250619,3호선,0339,수서,349,N,3호선,3021,0337,대청,347,N,05:26:00,05:26:30,,3018,상행,2025-05-01T05:00:00,,평일
3호선,0310,구파발,320,,20250619,3호선,0339,수서,349,N,3호선,3021,0336,학여울,346,N,05:28:00,05:28:30,,3018,상행,2025-05-01T05:00:00,,평일
3호선,0310,구파발,320,,20250619,3호선,0339,수서,349,N,3호선,3021,0335,대치,345,N,05:29:30,05:30:00,,3018,상행,2025-05-01T05:00:00,,평일
3호선,0310,구파발,320,,20250619,3호선,0339,수서,349,N,3호선,3021,0334,도곡,344,N,05:31:00,05:31:30,,3018,상행,2025-05-01T05:00:00,,평일
3호선,0310,구파발,320,,20250619,3호선,0339,수서,349,N,3호선,3021,0333,매봉,343,N,05:33:00,05:33:30,,3018,상행,2025-05-01T05:00:00,,평일
3호선,0310,구파발,320,,20250619,3호선,0339,수서,349,N,3호선,3021,0332,양재,342,N,05:35:30,05:36:00,,3018,상행,2025-05-01T05:00:00,,평일
3호선,0310,구파발,320,,20250619,3호선,0339,수서,349,N,3호선,3021,0331,남부터미널,341,N,05:38:00,05:38:30,,3018,상행,2025-05-01T05:00:00,,평일
3호선,0310,구파발,320,,20250619,3호선,0339,수서,349,N,3호선,3021,0330,교대,340,N,05:40:00,05:40:30,,3018,상행,2025-05-01T05:00:00,,평일
3호선,0310,구파발,320,,20250619,3호선,0339,수서,349,N,3호선,3021,0329,고속터미널,339,N,05:42:30,05:43:00,,3018,상행,2025-05-01T05:00:00,,평일
3호선,0310,구파발,320,,20250619,3호선,0339,수서,349,N,3호선,3021,0328,잠원,338,N,05:44:30,05:45:00,,3018,상행,2025-05-01T05:00:00,,평일
3호선,0310,구파발,320,,20250619,3호선,0339,수서,349,N,3호선,3021,0327,신사,337,N,05:46:30,05:47:00,,3018,상행,2025-05-01T05:00:00,,평일
3호선,0310,구파발,320,,20250619,3호선,0339,수서,349,N,3호선,3021,0326,압구정,336,N,05:49:00,05:49:30,,3018,상행,2025-05-01T05:00:00,,평일
3호선,0310,구파발,320,,20250619,3호선,0339,수서,349,N,3호선,3021,0325,옥수,335,N,05:51:30,05:52:00,,3018,상행,2025-05-01T05:00:00,,평일
3호선,0310,구파발,320,,20250619,3호선,0339,수서,349,N,3호선,3021,0324,금호,334,N,05:53:00,05:53:30,,3018,상행,2025-05-01T05:00:00,,평일
3호선,0310,구파발,320,,20250619,3호선,0339,수서,349,N,3호선,3021,0323,약수,333,N,05:54:30,05:55:00,,3018,상행,2025-05-01T05:00:00,,평일
3호선,0310,구파발,320,,20250619,3호선,0339,수서,349,N,3호선,3021,0322,동대입구,332,N,05:56:00,05:56:30,,3018,상행,2025-05-01T05:00:00,,평일
3호선,0310,구파발,320,,20250619,3호선,0339,수서,349,N,3호선,3021,0321,충무로,331,N,05:58:00,05:58:30,,3018,상행,2025-05-01T05:00:00,,평일
3호선,0310,구파발,320,,20250619,3호선,0339,수서,349,N,3호선,3021,0320,을지로3가,330,N,05:59:30,06:00:00,,3018,상행,2025-05-01T05:00:00,,평일
3호선,0310,구파발,320,,20250619,3호선,0339,수서,349,N,3호선,3021,0319,종로3가,329,N,06:01:00,06:01:30,,3018,상행,2025-05-01T05:00:00,,평일
3호선,0310,구파발,320,,20250619,3호선,0339,수서,349,N,3호선,3021,0318,안국,328,N,06:03:00,06:03:30,,3018,상행,2025-05-01T05:00:00,,평일
3호선,0310,구파발,320,,20250619,3호선,0339,수서,349,N,3호선,3021,0317,경복궁,327,N,06:05:00,06:05:30,,3018,상행,2025-05-01T05:00:00,,평일
3호선,0310,구파발,320,,20250619,3호선,0339,수서,349,N,3호선,3021,0316,독립문,326,N,06:07:30,06:08:00,,3018,상행,2025-05-01T05:00:00,,평일
3호선,0310,구파발,320,,20250619,3호선,0339,수서,349,N,3호선,3021,0315,무악재,325,N,06:09:30,06:10:00,,3018,상행,2025-05-01T05:00:00,,평일
3호선,0310,구파발,320,,20250619,3호선,0339,수서,349,N,3호선,3021,0314,홍제,324,N,06:11:30,06:12:00,,3018,상행,2025-05-01T05:00:00,,평일
3호선,0310,구파발,320,,20250619,3호선,0339,수서,349,N,3호선,3021,0313,녹번,323,N,06:14:00,06:14:30,,3018,상행,2025-05-01T05:00:00,,평일
3호선,0310,구파발,320,,20250619,3호선,0339,수서,349,N,3호선,3021,0312,불광,322,N,06:16:00,06:16:30,,3018,상행,2025-05-01T05:00:00,,평일
3호선,0310,구파발,320,,20250619,3호선,0339,수서,349,N,3호선,3021,0311,연신내,321,N,06:18:00,06:18:30,,3018,상행,2025-05-01T05:00:00,,평일
3호선,0310,구파발,320,,20250619,3호선,0339,수서,349,N,3호선,3021,0310,구파발,320,N,06:20:30,,,3018,상행,2025-05-01T05:00:00,,평일
3호선,1958,대화,309,,20250619,3호선,1950,삼송,318,N,3호선,3051,1950,삼송,318,N,,06:28:00,,3020,상행,2025-05-01T05:00:00,,평일
3호선,1958,대화,309,,20250619,3호선,1950,삼송,318,N,3호선,3051,1948,원흥,317,N,06:30:00,06:30:30,,3020,상행,2025-05-01T05:00:00,,평일
3호선,1958,대화,309,,20250619,3호선,1950,삼송,318,N,3호선,3051,1951,원당,316,N,06:33:00,06:33:30,,3020,상행,2025-05-01T05:00:00,,평일
3호선,1958,대화,309,,20250619,3호선,1950,삼송,318,N,3호선,3051,1952,화정,315,N,06:36:30,06:37:00,,3020,상행,2025-05-01T05:00:00,,평일
3호선,1958,대화,309,,20250619,3호선,1950,삼송,318,N,3호선,3051,1953,대곡,314,N,06:39:30,06:40:00,,3020,상행,2025-05-01T05:00:00,,평일
3호선,1958,대화,309,,20250619,3호선,1950,삼송,318,N,3호선,3051,1954,백석,313,N,06:43:00,06:43:30,,3020,상행,2025-05-01T05:00:00,,평일
3호선,1958,대화,309,,20250619,3호선,1950,삼송,318,N,3호선,3051,1955,마두,312,N,06:45:30,06:46:00,,3020,상행,2025-05-01T05:00:00,,평일
3호선,1958,대화,309,,20250619,3호선,1950,삼송,318,N,3호선,3051,1956,정발산,311,N,06:47:30,06:48:00,,3020,상행,2025-05-01T05:00:00,,평일
3호선,1958,대화,309,,20250619,3호선,1950,삼송,318,N,3호선,3051,1957,주엽,310,N,06:50:00,06:50:30,,3020,상행,2025-05-01T05:00:00,,평일
3호선,1958,대화,309,,20250619,3호선,1950,삼송,318,N,3호선,3051,1958,대화,309,N,06:52:30,,,3020,상행,2025-05-01T05:00:00,,평일
3호선,1958,대화,309,,20250619,3호선,0339,수서,349,N,3호선,3053,0339,수서,349,N,,05:30:00,,3022,상행,2025-05-01T05:00:00,,평일
3호선,1958,대화,309,,20250619,3호선,0339,수서,349,N,3호선,3053,0338,일원,348,N,05:32:00,05:32:30,,3022,상행,2025-05-01T05:00:00,,평일
3호선,1958,대화,309,,20250619,3호선,0339,수서,349,N,3호선,3053,0337,대청,347,N,05:34:00,05:34:30,,3022,상행,2025-05-01T05:00:00,,평일
3호선,1958,대화,309,,20250619,3호선,0339,수서,349,N,3호선,3053,0336,학여울,346,N,05:36:00,05:36:30,,3022,상행,2025-05-01T05:00:00,,평일
3호선,1958,대화,309,,20250619,3호선,0339,수서,349,N,3호선,3053,0335,대치,345,N,05:37:30,05:38:00,,3022,상행,2025-05-01T05:00:00,,평일
3호선,1958,대화,309,,20250619,3호선,0339,수서,349,N,3호선,3053,0334,도곡,344,N,05:39:00,05:39:30,,3022,상행,2025-05-01T05:00:00,,평일
3호선,1958,대화,309,,20250619,3호선,0339,수서,349,N,3호선,3053,0333,매봉,343,N,05:41:00,05:41:30,,3022,상행,2025-05-01T05:00:00,,평일
3호선,1958,대화,309,,20250619,3호선,0339,수서,349,N,3호선,3053,0332,양재,342,N,05:43:30,05:44:00,,3022,상행,2025-05-01T05:00:00,,평일
3호선,1958,대화,309,,20250619,3호선,0339,수서,349,N,3호선,3053,0331,남부터미널,341,N,05:46:00,05:46:30,,3022,상행,2025-05-01T05:00:00,,평일
3호선,1958,대화,309,,20250619,3호선,0339,수서,349,N,3호선,3053,0330,교대,340,N,05:48:00,05:48:30,,3022,상행,2025-05-01T05:00:00,,평일
3호선,1958,대화,309,,20250619,3호선,0339,수서,349,N,3호선,3053,0329,고속터미널,339,N,05:50:30,05:51:00,,3022,상행,2025-05-01T05:00:00,,평일
3호선,1958,대화,309,,20250619,3호선,0339,수서,349,N,3호선,3053,0328,잠원,338,N,05:52:30,05:53:00,,3022,상행,2025-05-01T05:00:00,,평일
3호선,1958,대화,309,,20250619,3호선,0339,수서,349,N,3호선,3053,0327,신사,337,N,05:54:30,05:55:00,,3022,상행,2025-05-01T05:00:00,,평일
3호선,1958,대화,309,,20250619,3호선,0339,수서,349,N,3호선,3053,0326,압구정,336,N,05:57:00,05:57:30,,3022,상행,2025-05-01T05:00:00,,평일
3호선,1958,대화,309,,20250619,3호선,0339,수서,349,N,3호선,3053,0325,옥수,335,N,05:59:30,06:00:00,,3022,상행,2025-05-01T05:00:00,,평일
3호선,1958,대화,309,,20250619,3호선,0339,수서,349,N,3호선,3053,0324,금호,334,N,06:01:00,06:01:30,,3022,상행,2025-05-01T05:00:00,,평일
3호선,1958,대화,309,,20250619,3호선,0339,수서,349,N,3호선,3053,0323,약수,333,N,06:02:30,06:03:00,,3022,상행,2025-05-01T05:00:00,,평일
3호선,1958,대화,309,,20250619,3호선,0339,수서,349,N,3호선,3053,0322,동대입구,332,N,06:04:00,06:04:30,,3022,상행,2025-05-01T05:00:00,,평일
3호선,1958,대화,309,,20250619,3호선,0339,수서,349,N,3호선,3053,0321,충무로,331,N,06:06:00,06:06:30,,3022,상행,2025-05-01T05:00:00,,평일
3호선,1958,대화,309,,20250619,3호선,0339,수서,349,N,3호선,3053,0320,을지로3가,330,N,06:07:30,06:08:00,,3022,상행,2025-05-01T05:00:00,,평일
3호선,1958,대화,309,,20250619,3호선,0339,수서,349,N,3호선,3053,0319,종로3가,329,N,06:09:00,06:09:30,,3022,상행,2025-05-01T05:00:00,,평일
3호선,1958,대화,309,,20250619,3호선,0339,수서,349,N,3호선,3053,0318,안국,328,N,06:11:00,06:11:30,,3022,상행,2025-05-01T05:00:00,,평일
3호선,1958,대화,309,,20250619,3호선,0339,수서,349,N,3호선,3053,0317,경복궁,327,N,06:13:00,06:13:30,,3022,상행,2025-05-01T05:00:00,,평일
3호선,1958,대화,309,,20250619,3호선,0339,수서,349,N,3호선,3053,0316,독립문,326,N,06:15:30,06:16:00,,3022,상행,2025-05-01T05:00:00,,평일
3호선,1958,대화,309,,20250619,3호선,0339,수서,349,N,3호선,3053,0315,무악재,325,N,06:17:30,06:18:00,,3022,상행,2025-05-01T05:00:00,,평일
3호선,1958,대화,309,,20250619,3호선,0339,수서,349,N,3호선,3053,0314,홍제,324,N,06:19:30,06:20:00,,3022,상행,2025-05-01T05:00:00,,평일
3호선,1958,대화,309,,20250619,3호선,0339,수서,349,N,3호선,3053,0313,녹번,323,N,06:22:00,06:22:30,,3022,상행,2025-05-01T05:00:00,,평일
3호선,1958,대화,309,,20250619,3호선,0339,수서,349,N,3호선,3053,0312,불광,322,N,06:24:00,06:24:30,,3022,상행,2025-05-01T05:00:00,,평일
3호선,1958,대화,309,,20250619,3호선,0339,수서,349,N,3호선,3053,0311,연신내,321,N,06:26:00,06:26:30,,3022,상행,2025-05-01T05:00:00,,평일
3호선,1958,대화,309,,20250619,3호선,0339,수서,349,N,3호선,3053,0310,구파발,320,N,06:28:30,06:29:00,,3022,상행,2025-05-01T05:00:00,,평일
3호선,1958,대화,309,,20250619,3호선,0339,수서,349,N,3호선,3053,0309,지축,319,N,06:32:00,06:32:30,,3022,상행,2025-05-01T05:00:00,,평일
3호선,1958,대화,309,,20250619,3호선,0339,수서,349,N,3호선,3053,1950,삼송,318,N,06:35:00,06:35:30,,3022,상행,2025-05-01T05:00:00,,평일
3호선,1958,대화,309,,20250619,3호선,0339,수서,349,N,3호선,3053,1948,원흥,317,N,06:37:30,06:38:00,,3022,상행,2025-05-01T05:00:00,,평일
3호선,1958,대화,309,,20250619,3호선,0339,수서,349,N,3호선,3053,1951,원당,316,N,06:40:30,06:41:00,,3022,상행,2025-05-01T05:00:00,,평일
3호선,1958,대화,309,,20250619,3호선,0339,수서,349,N,3호선,3053,1952,화정,315,N,06:44:00,06:44:30,,3022,상행,2025-05-01T05:00:00,,평일
3호선,1958,대화,309,,20250619,3호선,0339,수서,349,N,3호선,3053,1953,대곡,314,N,06:47:00,06:47:30,,3022,상행,2025-05-01T05:00:00,,평일
3호선,1958,대화,309,,20250619,3호선,0339,수서,349,N,3호선,3053,1954,백석,313,N,06:50:30,06:51:00,,3022,상행,2025-05-01T05:00:00,,평일
3호선,1958,대화,309,,20250619,3호선,0339,수서,349,N,3호선,3053,1955,마두,312,N,06:53:00,06:53:30,,3022,상행,2025-05-01T05:00:00,,평일
3호선,1958,대화,309,,20250619,3호선,0339,수서,349,N,3호선,3053,1956,정발산,311,N,06:55:00,06:55:30,,3022,상행,2025-05-01T05:00:00,,평일
3호선,1958,대화,309,,20250619,3호선,0339,수서,349,N,3호선,3053,1957,주엽,310,N,06:57:30,06:58:00,,3022,상행,2025-05-01T05:00:00,,평일
3호선,1958,대화,309,,20250619,3호선,0339,수서,349,N,3호선,3053,1958,대화,309,N,07:00:00,,,3022,상행,2025-05-01T05:00:00,,평일
3호선,1958,대화,309,,20250619,3호선,0342,오금,352,N,3호선,3057,0342,오금,352,N,,05:31:00,,3024K,상행,2025-05-01T05:00:00,,평일
3호선,1958,대화,309,,20250619,3호선,0342,오금,352,N,3호선,3057,0341,경찰병원,351,N,05:32:00,05:32:30,,3024K,상행,2025-05-01T05:00:00,,평일
3호선,1958,대화,309,,20250619,3호선,0342,오금,352,N,3호선,3057,0340,가락시장,350,N,05:33:30,05:34:00,,3024K,상행,2025-05-01T05:00:00,,평일
3호선,1958,대화,309,,20250619,3호선,0342,오금,352,N,3호선,3057,0339,수서,349,N,05:36:00,05:36:30,,3024K,상행,2025-05-01T05:00:00,,평일
3호선,1958,대화,309,,20250619,3호선,0342,오금,352,N,3호선,3057,0338,일원,348,N,05:38:30,05:39:00,,3024K,상행,2025-05-01T05:00:00,,평일
3호선,1958,대화,309,,20250619,3호선,0342,오금,352,N,3호선,3057,0337,대청,347,N,05:40:30,05:41:00,,3024K,상행,2025-05-01T05:00:00,,평일
3호선,1958,대화,309,,20250619,3호선,0342,오금,352,N,3호선,3057,0336,학여울,346,N,05:42:30,05:43:00,,3024K,상행,2025-05-01T05:00:00,,평일
3호선,1958,대화,309,,20250619,3호선,0342,오금,352,N,3호선,3057,0335,대치,345,N,05:44:00,05:44:30,,3024K,상행,2025-05-01T05:00:00,,평일
3호선,1958,대화,309,,20250619,3호선,0342,오금,352,N,3호선,3057,0334,도곡,344,N,05:45:30,05:46:00,,3024K,상행,2025-05-01T05:00:00,,평일
3호선,1958,대화,309,,20250619,3호선,0342,오금,352,N,3호선,3057,0333,매봉,343,N,05:47:30,05:48:00,,3024K,상행,2025-05-01T05:00:00,,평일
3호선,1958,대화,309,,20250619,3호선,0342,오금,352,N,3호선,3057,0332,양재,342,N,05:50:00,05:50:30,,3024K,상행,2025-05-01T05:00:00,,평일
3호선,1958,대화,309,,20250619,3호선,0342,오금,352,N,3호선,3057,0331,남부터미널,341,N,05:52:30,05:53:00,,3024K,상행,2025-05-01T05:00:00,,평일
3호선,1958,대화,309,,20250619,3호선,0342,오금,352,N,3호선,3057,0330,교대,340,N,05:54:30,05:55:00,,3024K,상행,2025-05-01T05:00:00,,평일
3호선,1958,대화,309,,20250619,3호선,0342,오금,352,N,3호선,3057,0329,고속터미널,339,N,05:57:00,05:57:30,,3024K,상행,2025-05-01T05:00:00,,평일
3호선,1958,대화,309,,20250619,3호선,0342,오금,352,N,3호선,3057,0328,잠원,338,N,05:59:00,05:59:30,,3024K,상행,2025-05-01T05:00:00,,평일
3호선,1958,대화,309,,20250619,3호선,0342,오금,352,N,3호선,3057,0327,신사,337,N,06:01:00,06:01:30,,3024K,상행,2025-05-01T05:00:00,,평일
3호선,1958,대화,309,,20250619,3호선,0342,오금,352,N,3호선,3057,0326,압구정,336,N,06:03:30,06:04:00,,3024K,상행,2025-05-01T05:00:00,,평일
3호선,1958,대화,309,,20250619,3호선,0342,오금,352,N,3호선,3057,0325,옥수,335,N,06:06:00,06:06:30,,3024K,상행,2025-05-01T05:00:00,,평일
3호선,1958,대화,309,,20250619,3호선,0342,오금,352,N,3호선,3057,0324,금호,334,N,06:07:30,06:08:00,,3024K,상행,2025-05-01T05:00:00,,평일
3호선,1958,대화,309,,20250619,3호선,0342,오금,352,N,3호선,3057,0323,약수,333,N,06:09:00,06:09:30,,3024K,상행,2025-05-01T05:00:00,,평일
3호선,1958,대화,309,,20250619,3호선,0342,오금,352,N,3호선,3057,0322,동대입구,332,N,06:10:30,06:11:00,,3024K,상행,2025-05-01T05:00:00,,평일
3호선,1958,대화,309,,20250619,3호선,0342,오금,352,N,3호선,3057,0321,충무로,331,N,06:12:30,06:13:00,,3024K,상행,2025-05-01T05:00:00,,평일
3호선,1958,대화,309,,20250619,3호선,0342,오금,352,N,3호선,3057,0320,을지로3가,330,N,06:14:00,06:14:30,,3024K,상행,2025-05-01T05:00:00,,평일
3호선,1958,대화,309,,20250619,3호선,0342,오금,352,N,3호선,3057,0319,종로3가,329,N,06:15:30,06:16:00,,3024K,상행,2025-05-01T05:00:00,,평일
3호선,1958,대화,309,,20250619,3호선,0342,오금,352,N,3호선,3057,0318,안국,328,N,06:17:30,06:18:00,,3024K,상행,2025-05-01T05:00:00,,평일
3호선,1958,대화,309,,20250619,3호선,0342,오금,352,N,3호선,3057,0317,경복궁,327,N,06:19:30,06:20:00,,3024K,상행,2025-05-01T05:00:00,,평일
3호선,1958,대화,309,,20250619,3호선,0342,오금,352,N,3호선,3057,0316,독립문,326,N,06:22:00,06:22:30,,3024K,상행,2025-05-01T05:00:00,,평일
3호선,1958,대화,309,,20250619,3호선,0342,오금,352,N,3호선,3057,0315,무악재,325,N,06:24:00,06:24:30,,3024K,상행,2025-05-01T05:00:00,,평일
3호선,1958,대화,309,,20250619,3호선,0342,오금,352,N,3호선,3057,0314,홍제,324,N,06:26:00,06:26:30,,3024K,상행,2025-05-01T05:00:00,,평일
3호선,1958,대화,309,,20250619,3호선,0342,오금,352,N,3호선,3057,0313,녹번,323,N,06:28:30,06:29:00,,3024K,상행,2025-05-01T05:00:00,,평일
3호선,1958,대화,309,,20250619,3호선,0342,오금,352,N,3호선,3057,0312,불광,322,N,06:30:30,06:31:00,,3024K,상행,2025-05-01T05:00:00,,평일
3호선,1958,대화,309,,20250619,3호선,0342,오금,352,N,3호선,3057,0311,연신내,321,N,06:32:30,06:33:00,,3024K,상행,2025-05-01T05:00:00,,평일
3호선,1958,대화,309,,20250619,3호선,0342,오금,352,N,3호선,3057,0310,구파발,320,N,06:35:00,06:35:30,,3024K,상행,2025-05-01T05:00:00,,평일
3호선,1958,대화,309,,20250619,3호선,0342,오금,352,N,3호선,3057,0309,지축,319,N,06:38:30,06:39:00,,3024K,상행,2025-05-01T05:00:00,,평일
3호선,1958,대화,309,,20250619,3호선,0342,오금,352,N,3호선,3057,1950,삼송,318,N,06:41:30,06:42:00,,3024K,상행,2025-05-01T05:00:00,,평일
3호선,1958,대화,309,,20250619,3호선,0342,오금,352,N,3호선,3057,1948,원흥,317,N,06:44:00,06:44:30,,3024K,상행,2025-05-01T05:00:00,,평일
3호선,1958,대화,309,,20250619,3호선,0342,오금,352,N,3호선,3057,1951,원당,316,N,06:47:00,06:47:30,,3024K,상행,2025-05-01T05:00:00,,평일
3호선,1958,대화,309,,20250619,3호선,0342,오금,352,N,3호선,3057,1952,화정,315,N,06:50:30,06:51:00,,3024K,상행,2025-05-01T05:00:00,,평일
3호선,1958,대화,309,,20250619,3호선,0342,오금,352,N,3호선,3057,1953,대곡,314,N,06:53:30,06:54:00,,3024K,상행,2025-05-01T05:00:00,,평일
3호선,1958,대화,309,,20250619,3호선,0342,오금,352,N,3호선,3057,1954,백석,313,N,06:57:00,06:57:30,,3024K,상행,2025-05-01T05:00:00,,평일
3호선,1958,대화,309,,20250619,3호선,0342,오금,352,N,3호선,3057,1955,마두,312,N,06:59:30,07:00:00,,3024K,상행,2025-05-01T05:00:00,,평일
3호선,1958,대화,309,,20250619,3호선,0342,오금,352,N,3호선,3057,1956,정발산,311,N,07:01:30,07:02:00,,3024K,상행,2025-05-01T05:00:00,,평일
3호선,1958,대화,309,,20250619,3호선,0342,오금,352,N,3호선,3057,1957,주엽,310,N,07:04:00,07:04:30,,3024K,상행,2025-05-01T05:00:00,,평일
3호선,1958,대화,309,,20250619,3호선,0342,오금,352,N,3호선,3057,1958,대화,309,N,07:06:30,,,3024K,상행,2025-05-01T05:00:00,,평일
3호선,1958,대화,309,,20250619,3호선,0342,오금,352,N,3호선,3061,0342,오금,352,N,,05:38:00,,3026,상행,2025-05-01T05:00:00,,평일
3호선,1958,대화,309,,20250619,3호선,0342,오금,352,N,3호선,3061,0341,경찰병원,351,N,05:39:00,05:39:30,,3026,상행,2025-05-01T05:00:00,,평일
3호선,1958,대화,309,,20250619,3호선,0342,오금,352,N,3호선,3061,0340,가락시장,350,N,05:40:30,05:41:00,,3026,상행,2025-05-01T05:00:00,,평일
3호선,1958,대화,309,,20250619,3호선,0342,오금,352,N,3호선,3061,0339,수서,349,N,05:43:00,05:43:30,,3026,상행,2025-05-01T05:00:00,,평일
3호선,1958,대화,309,,20250619,3호선,0342,오금,352,N,3호선,3061,0338,일원,348,N,05:45:30,05:46:00,,3026,상행,2025-05-01T05:00:00,,평일
3호선,1958,대화,309,,20250619,3호선,0342,오금,352,N,3호선,3061,0337,대청,347,N,05:47:30,05:48:00,,3026,상행,2025-05-01T05:00:00,,평일
3호선,1958,대화,309,,20250619,3호선,0342,오금,352,N,3호선,3061,0336,학여울,346,N,05:49:30,05:50:00,,3026,상행,2025-05-01T05:00:00,,평일
3호선,1958,대화,309,,20250619,3호선,0342,오금,352,N,3호선,3061,0335,대치,345,N,05:51:00,05:51:30,,3026,상행,2025-05-01T05:00:00,,평일
3호선,1958,대화,309,,20250619,3호선,0342,오금,352,N,3호선,3061,0334,도곡,344,N,05:52:30,05:53:00,,3026,상행,2025-05-01T05:00:00,,평일
3호선,1958,대화,309,,20250619,3호선,0342,오금,352,N,3호선,3061,0333,매봉,343,N,05:54:30,05:55:00,,3026,상행,2025-05-01T05:00:00,,평일
3호선,1958,대화,309,,20250619,3호선,0342,오금,352,N,3호선,3061,0332,양재,342,N,05:57:00,05:57:30,,3026,상행,2025-05-01T05:00:00,,평일
3호선,1958,대화,309,,20250619,3호선,0342,오금,352,N,3호선,3061,0331,남부터미널,341,N,05:59:30,06:00:00,,3026,상행,2025-05-01T05:00:00,,평일
3호선,1958,대화,309,,20250619,3호선,0342,오금,352,N,3호선,3061,0330,교대,340,N,06:01:30,06:02:00,,3026,상행,2025-05-01T05:00:00,,평일
3호선,1958,대화,309,,20250619,3호선,0342,오금,352,N,3호선,3061,0329,고속터미널,339,N,06:04:00,06:04:30,,3026,상행,2025-05-01T05:00:00,,평일
3호선,1958,대화,309,,20250619,3호선,0342,오금,352,N,3호선,3061,0328,잠원,338,N,06:06:00,06:06:30,,3026,상행,2025-05-01T05:00:00,,평일
3호선,1958,대화,309,,20250619,3호선,0342,오금,352,N,3호선,3061,0327,신사,337,N,06:08:00,06:08:30,,3026,상행,2025-05-01T05:00:00,,평일
3호선,1958,대화,309,,20250619,3호선,0342,오금,352,N,3호선,3061,0326,압구정,336,N,06:10:30,06:11:00,,3026,상행,2025-05-01T05:00:00,,평일
3호선,1958,대화,309,,20250619,3호선,0342,오금,352,N,3호선,3061,0325,옥수,335,N,06:13:00,06:13:30,,3026,상행,2025-05-01T05:00:00,,평일
3호선,1958,대화,309,,20250619,3호선,0342,오금,352,N,3호선,3061,0324,금호,334,N,06:14:30,06:15:00,,3026,상행,2025-05-01T05:00:00,,평일
3호선,1958,대화,309,,20250619,3호선,0342,오금,352,N,3호선,3061,0323,약수,333,N,06:16:00,06:16:30,,3026,상행,2025-05-01T05:00:00,,평일
3호선,1958,대화,309,,20250619,3호선,0342,오금,352,N,3호선,3061,0322,동대입구,332,N,06:17:30,06:18:00,,3026,상행,2025-05-01T05:00:00,,평일
3호선,1958,대화,309,,20250619,3호선,0342,오금,352,N,3호선,3061,0321,충무로,331,N,06:19:30,06:20:00,,3026,상행,2025-05-01T05:00:00,,평일
3호선,1958,대화,309,,20250619,3호선,0342,오금,352,N,3호선,3061,0320,을지로3가,330,N,06:21:00,06:21:30,,3026,상행,2025-05-01T05:00:00,,평일
3호선,1958,대화,309,,20250619,3호선,0342,오금,352,N,3호선,3061,0319,종로3가,329,N,06:22:30,06:23:00,,3026,상행,2025-05-01T05:00:00,,평일
3호선,1958,대화,309,,20250619,3호선,0342,오금,352,N,3호선,3061,0318,안국,328,N,06:24:30,06:25:00,,3026,상행,2025-05-01T05:00:00,,평일
3호선,1958,대화,309,,20250619,3호선,0342,오금,352,N,3호선,3061,0317,경복궁,327,N,06:26:30,06:27:00,,3026,상행,2025-05-01T05:00:00,,평일
3호선,1958,대화,309,,20250619,3호선,0342,오금,352,N,3호선,3061,0316,독립문,326,N,06:29:00,06:29:30,,3026,상행,2025-05-01T05:00:00,,평일
3호선,1958,대화,309,,20250619,3호선,0342,오금,352,N,3호선,3061,0315,무악재,325,N,06:31:00,06:31:30,,3026,상행,2025-05-01T05:00:00,,평일
3호선,1958,대화,309,,20250619,3호선,0342,오금,352,N,3호선,3061,0314,홍제,324,N,06:33:00,06:33:30,,3026,상행,2025-05-01T05:00:00,,평일
3호선,1958,대화,309,,20250619,3호선,0342,오금,352,N,3호선,3061,0313,녹번,323,N,06:35:30,06:36:00,,3026,상행,2025-05-01T05:00:00,,평일
3호선,1958,대화,309,,20250619,3호선,0342,오금,352,N,3호선,3061,0312,불광,322,N,06:37:30,06:38:00,,3026,상행,2025-05-01T05:00:00,,평일
3호선,1958,대화,309,,20250619,3호선,0342,오금,352,N,3호선,3061,0311,연신내,321,N,06:39:30,06:40:00,,3026,상행,2025-05-01T05:00:00,,평일
3호선,1958,대화,309,,20250619,3호선,0342,오금,352,N,3호선,3061,0310,구파발,320,N,06:42:00,06:42:30,,3026,상행,2025-05-01T05:00:00,,평일
3호선,1958,대화,309,,20250619,3호선,0342,오금,352,N,3호선,3061,0309,지축,319,N,06:45:30,06:46:00,,3026,상행,2025-05-01T05:00:00,,평일
3호선,1958,대화,309,,20250619,3호선,0342,오금,352,N,3호선,3061,1950,삼송,318,N,06:48:30,06:49:00,,3026,상행,2025-05-01T05:00:00,,평일
3호선,1958,대화,309,,20250619,3호선,0342,오금,352,N,3호선,3061,1948,원흥,317,N,06:51:00,06:51:30,,3026,상행,2025-05-01T05:00:00,,평일
3호선,1958,대화,309,,20250619,3호선,0342,오금,352,N,3호선,3061,1951,원당,316,N,06:54:00,06:54:30,,3026,상행,2025-05-01T05:00:00,,평일
3호선,1958,대화,309,,20250619,3호선,0342,오금,352,N,3호선,3061,1952,화정,315,N,06:57:30,06:58:00,,3026,상행,2025-05-01T05:00:00,,평일
3호선,1958,대화,309,,20250619,3호선,0342,오금,352,N,3호선,3061,1953,대곡,314,N,07:00:30,07:01:00,,3026,상행,2025-05-01T05:00:00,,평일
3호선,1958,대화,309,,20250619,3호선,0342,오금,352,N,3호선,3061,1954,백석,313,N,07:04:00,07:04:30,,3026,상행,2025-05-01T05:00:00,,평일
3호선,1958,대화,309,,20250619,3호선,0342,오금,352,N,3호선,3061,1955,마두,312,N,07:06:30,07:07:00,,3026,상행,2025-05-01T05:00:00,,평일
3호선,1958,대화,309,,20250619,3호선,0342,오금,352,N,3호선,3061,1956,정발산,311,N,07:08:30,07:09:00,,3026,상행,2025-05-01T05:00:00,,평일
3호선,1958,대화,309,,20250619,3호선,0342,오금,352,N,3호선,3061,1957,주엽,310,N,07:11:00,07:11:30,,3026,상행,2025-05-01T05:00:00,,평일
3호선,1958,대화,309,,20250619,3호선,0342,오금,352,N,3호선,3061,1958,대화,309,N,07:13:30,,,3026,상행,2025-05-01T05:00:00,,평일
3호선,0310,구파발,320,,20250619,3호선,0339,수서,349,N,3호선,3031,0339,수서,349,N,,05:48:30,,3028,상행,2025-05-01T05:00:00,,평일
3호선,0310,구파발,320,,20250619,3호선,0339,수서,349,N,3호선,3031,0338,일원,348,N,05:50:30,05:51:00,,3028,상행,2025-05-01T05:00:00,,평일
3호선,0310,구파발,320,,20250619,3호선,0339,수서,349,N,3호선,3031,0337,대청,347,N,05:52:30,05:53:00,,3028,상행,2025-05-01T05:00:00,,평일
3호선,0310,구파발,320,,20250619,3호선,0339,수서,349,N,3호선,3031,0336,학여울,346,N,05:54:30,05:55:00,,3028,상행,2025-05-01T05:00:00,,평일
3호선,0310,구파발,320,,20250619,3호선,0339,수서,349,N,3호선,3031,0335,대치,345,N,05:56:00,05:56:30,,3028,상행,2025-05-01T05:00:00,,평일
3호선,0310,구파발,320,,20250619,3호선,0339,수서,349,N,3호선,3031,0334,도곡,344,N,05:57:30,05:58:00,,3028,상행,2025-05-01T05:00:00,,평일
3호선,0310,구파발,320,,20250619,3호선,0339,수서,349,N,3호선,3031,0333,매봉,343,N,05:59:30,06:00:00,,3028,상행,2025-05-01T05:00:00,,평일
3호선,0310,구파발,320,,20250619,3호선,0339,수서,349,N,3호선,3031,0332,양재,342,N,06:02:00,06:02:30,,3028,상행,2025-05-01T05:00:00,,평일
3호선,0310,구파발,320,,20250619,3호선,0339,수서,349,N,3호선,3031,0331,남부터미널,341,N,06:04:30,06:05:00,,3028,상행,2025-05-01T05:00:00,,평일
3호선,0310,구파발,320,,20250619,3호선,0339,수서,349,N,3호선,3031,0330,교대,340,N,06:06:30,06:07:00,,3028,상행,2025-05-01T05:00:00,,평일
3호선,0310,구파발,320,,20250619,3호선,0339,수서,349,N,3호선,3031,0329,고속터미널,339,N,06:09:00,06:09:30,,3028,상행,2025-05-01T05:00:00,,평일
3호선,0310,구파발,320,,20250619,3호선,0339,수서,349,N,3호선,3031,0328,잠원,338,N,06:11:00,06:11:30,,3028,상행,2025-05-01T05:00:00,,평일
3호선,0310,구파발,320,,20250619,3호선,0339,수서,349,N,3호선,3031,0327,신사,337,N,06:13:00,06:13:30,,3028,상행,2025-05-01T05:00:00,,평일
3호선,0310,구파발,320,,20250619,3호선,0339,수서,349,N,3호선,3031,0326,압구정,336,N,06:15:30,06:16:00,,3028,상행,2025-05-01T05:00:00,,평일
3호선,0310,구파발,320,,20250619,3호선,0339,수서,349,N,3호선,3031,0325,옥수,335,N,06:18:00,06:18:30,,3028,상행,2025-05-01T05:00:00,,평일
3호선,0310,구파발,320,,20250619,3호선,0339,수서,349,N,3호선,3031,0324,금호,334,N,06:19:30,06:20:00,,3028,상행,2025-05-01T05:00:00,,평일
3호선,0310,구파발,320,,20250619,3호선,0339,수서,349,N,3호선,3031,0323,약수,333,N,06:21:00,06:21:30,,3028,상행,2025-05-01T05:00:00,,평일
3호선,0310,구파발,320,,20250619,3호선,0339,수서,349,N,3호선,3031,0322,동대입구,332,N,06:22:30,06:23:00,,3028,상행,2025-05-01T05:00:00,,평일
3호선,0310,구파발,320,,20250619,3호선,0339,수서,349,N,3호선,3031,0321,충무로,331,N,06:24:30,06:25:00,,3028,상행,2025-05-01T05:00:00,,평일
3호선,0310,구파발,320,,20250619,3호선,0339,수서,349,N,3호선,3031,0320,을지로3가,330,N,06:26:00,06:26:30,,3028,상행,2025-05-01T05:00:00,,평일
3호선,0310,구파발,320,,20250619,3호선,0339,수서,349,N,3호선,3031,0319,종로3가,329,N,06:27:30,06:28:00,,3028,상행,2025-05-01T05:00:00,,평일
3호선,0310,구파발,320,,20250619,3호선,0339,수서,349,N,3호선,3031,0318,안국,328,N,06:29:30,06:30:00,,3028,상행,2025-05-01T05:00:00,,평일
3호선,0310,구파발,320,,20250619,3호선,0339,수서,349,N,3호선,3031,0317,경복궁,327,N,06:31:30,06:32:00,,3028,상행,2025-05-01T05:00:00,,평일
3호선,0310,구파발,320,,20250619,3호선,0339,수서,349,N,3호선,3031,0316,독립문,326,N,06:34:00,06:34:30,,3028,상행,2025-05-01T05:00:00,,평일
3호선,0310,구파발,320,,20250619,3호선,0339,수서,349,N,3호선,3031,0315,무악재,325,N,06:36:00,06:36:30,,3028,상행,2025-05-01T05:00:00,,평일
3호선,0310,구파발,320,,20250619,3호선,0339,수서,349,N,3호선,3031,0314,홍제,324,N,06:38:00,06:38:30,,3028,상행,2025-05-01T05:00:00,,평일
3호선,0310,구파발,320,,20250619,3호선,0339,수서,349,N,3호선,3031,0313,녹번,323,N,06:40:30,06:41:00,,3028,상행,2025-05-01T05:00:00,,평일
3호선,0310,구파발,320,,20250619,3호선,0339,수서,349,N,3호선,3031,0312,불광,322,N,06:42:30,06:43:00,,3028,상행,2025-05-01T05:00:00,,평일
3호선,0310,구파발,320,,20250619,3호선,0339,수서,349,N,3호선,3031,0311,연신내,321,N,06:44:30,06:45:00,,3028,상행,2025-05-01T05:00:00,,평일
3호선,0310,구파발,320,,20250619,3호선,0339,수서,349,N,3호선,3031,0310,구파발,320,N,06:47:00,,,3028,상행,2025-05-01T05:00:00,,평일
3호선,1958,대화,309,,20250619,3호선,1950,삼송,318,N,3호선,3065,1950,삼송,318,N,,06:55:00,,3030,상행,2025-05-01T05:00:00,,평일
3호선,1958,대화,309,,20250619,3호선,1950,삼송,318,N,3호선,3065,1948,원흥,317,N,06:57:00,06:57:30,,3030,상행,2025-05-01T05:00:00,,평일
3호선,1958,대화,309,,20250619,3호선,1950,삼송,318,N,3호선,3065,1951,원당,316,N,07:00:00,07:00:30,,3030,상행,2025-05-01T05:00:00,,평일
3호선,1958,대화,309,,20250619,3호선,1950,삼송,318,N,3호선,3065,1952,화정,315,N,07:03:30,07:04:00,,3030,상행,2025-05-01T05:00:00,,평일
3호선,1958,대화,309,,20250619,3호선,1950,삼송,318,N,3호선,3065,1953,대곡,314,N,07:06:30,07:07:00,,3030,상행,2025-05-01T05:00:00,,평일
3호선,1958,대화,309,,20250619,3호선,1950,삼송,318,N,3호선,3065,1954,백석,313,N,07:10:00,07:10:30,,3030,상행,2025-05-01T05:00:00,,평일
3호선,1958,대화,309,,20250619,3호선,1950,삼송,318,N,3호선,3065,1955,마두,312,N,07:12:30,07:13:00,,3030,상행,2025-05-01T05:00:00,,평일
3호선,1958,대화,309,,20250619,3호선,1950,삼송,318,N,3호선,3065,1956,정발산,311,N,07:14:30,07:15:00,,3030,상행,2025-05-01T05:00:00,,평일
3호선,1958,대화,309,,20250619,3호선,1950,삼송,318,N,3호선,3065,1957,주엽,310,N,07:17:00,07:17:30,,3030,상행,2025-05-01T05:00:00,,평일
3호선,1958,대화,309,,20250619,3호선,1950,삼송,318,N,3호선,3065,1958,대화,309,N,07:19:30,,,3030,상행,2025-05-01T05:00:00,,평일
3호선,1958,대화,309,,20250619,3호선,0342,오금,352,N,3호선,3069,0342,오금,352,N,,05:49:30,,3032,상행,2025-05-01T05:00:00,,평일
3호선,1958,대화,309,,20250619,3호선,0342,오금,352,N,3호선,3069,0341,경찰병원,351,N,05:50:30,05:51:00,,3032,상행,2025-05-01T05:00:00,,평일
3호선,1958,대화,309,,20250619,3호선,0342,오금,352,N,3호선,3069,0340,가락시장,350,N,05:52:00,05:52:30,,3032,상행,2025-05-01T05:00:00,,평일
3호선,1958,대화,309,,20250619,3호선,0342,오금,352,N,3호선,3069,0339,수서,349,N,05:54:30,05:55:00,,3032,상행,2025-05-01T05:00:00,,평일
3호선,1958,대화,309,,20250619,3호선,0342,오금,352,N,3호선,3069,0338,일원,348,N,05:57:00,05:57:30,,3032,상행,2025-05-01T05:00:00,,평일
3호선,1958,대화,309,,20250619,3호선,0342,오금,352,N,3호선,3069,0337,대청,347,N,05:59:00,05:59:30,,3032,상행,2025-05-01T05:00:00,,평일
3호선,1958,대화,309,,20250619,3호선,0342,오금,352,N,3호선,3069,0336,학여울,346,N,06:01:00,06:01:30,,3032,상행,2025-05-01T05:00:00,,평일
3호선,1958,대화,309,,20250619,3호선,0342,오금,352,N,3호선,3069,0335,대치,345,N,06:02:30,06:03:00,,3032,상행,2025-05-01T05:00:00,,평일
3호선,1958,대화,309,,20250619,3호선,0342,오금,352,N,3호선,3069,0334,도곡,344,N,06:04:00,06:04:30,,3032,상행,2025-05-01T05:00:00,,평일
3호선,1958,대화,309,,20250619,3호선,0342,오금,352,N,3호선,3069,0333,매봉,343,N,06:06:00,06:06:30,,3032,상행,2025-05-01T05:00:00,,평일
3호선,1958,대화,309,,20250619,3호선,0342,오금,352,N,3호선,3069,0332,양재,342,N,06:08:30,06:09:00,,3032,상행,2025-05-01T05:00:00,,평일
3호선,1958,대화,309,,20250619,3호선,0342,오금,352,N,3호선,3069,0331,남부터미널,341,N,06:11:00,06:11:30,,3032,상행,2025-05-01T05:00:00,,평일
3호선,1958,대화,309,,20250619,3호선,0342,오금,352,N,3호선,3069,0330,교대,340,N,06:13:00,06:13:30,,3032,상행,2025-05-01T05:00:00,,평일
3호선,1958,대화,309,,20250619,3호선,0342,오금,352,N,3호선,3069,0329,고속터미널,339,N,06:15:30,06:16:00,,3032,상행,2025-05-01T05:00:00,,평일
3호선,1958,대화,309,,20250619,3호선,0342,오금,352,N,3호선,3069,0328,잠원,338,N,06:17:30,06:18:00,,3032,상행,2025-05-01T05:00:00,,평일
3호선,1958,대화,309,,20250619,3호선,0342,오금,352,N,3호선,3069,0327,신사,337,N,06:19:30,06:20:00,,3032,상행,2025-05-01T05:00:00,,평일
3호선,1958,대화,309,,20250619,3호선,0342,오금,352,N,3호선,3069,0326,압구정,336,N,06:22:00,06:22:30,,3032,상행,2025-05-01T05:00:00,,평일
3호선,1958,대화,309,,20250619,3호선,0342,오금,352,N,3호선,3069,0325,옥수,335,N,06:24:30,06:25:00,,3032,상행,2025-05-01T05:00:00,,평일
3호선,1958,대화,309,,20250619,3호선,0342,오금,352,N,3호선,3069,0324,금호,334,N,06:26:00,06:26:30,,3032,상행,2025-05-01T05:00:00,,평일
3호선,1958,대화,309,,20250619,3호선,0342,오금,352,N,3호선,3069,0323,약수,333,N,06:27:30,06:28:00,,3032,상행,2025-05-01T05:00:00,,평일
3호선,1958,대화,309,,20250619,3호선,0342,오금,352,N,3호선,3069,0322,동대입구,332,N,06:29:00,06:29:30,,3032,상행,2025-05-01T05:00:00,,평일
3호선,1958,대화,309,,20250619,3호선,0342,오금,352,N,3호선,3069,0321,충무로,331,N,06:31:00,06:31:30,,3032,상행,2025-05-01T05:00:00,,평일
3호선,1958,대화,309,,20250619,3호선,0342,오금,352,N,3호선,3069,0320,을지로3가,330,N,06:32:30,06:33:00,,3032,상행,2025-05-01T05:00:00,,평일
3호선,1958,대화,309,,20250619,3호선,0342,오금,352,N,3호선,3069,0319,종로3가,329,N,06:34:00,06:34:30,,3032,상행,2025-05-01T05:00:00,,평일
3호선,1958,대화,309,,20250619,3호선,0342,오금,352,N,3호선,3069,0318,안국,328,N,06:36:00,06:36:30,,3032,상행,2025-05-01T05:00:00,,평일
3호선,1958,대화,309,,20250619,3호선,0342,오금,352,N,3호선,3069,0317,경복궁,327,N,06:38:00,06:38:30,,3032,상행,2025-05-01T05:00:00,,평일
3호선,1958,대화,309,,20250619,3호선,0342,오금,352,N,3호선,3069,0316,독립문,326,N,06:40:30,06:41:00,,3032,상행,2025-05-01T05:00:00,,평일
3호선,1958,대화,309,,20250619,3호선,0342,오금,352,N,3호선,3069,0315,무악재,325,N,06:42:30,06:43:00,,3032,상행,2025-05-01T05:00:00,,평일
3호선,1958,대화,309,,20250619,3호선,0342,오금,352,N,3호선,3069,0314,홍제,324,N,06:44:30,06:45:00,,3032,상행,2025-05-01T05:00:00,,평일
3호선,1958,대화,309,,20250619,3호선,0342,오금,352,N,3호선,3069,0313,녹번,323,N,06:47:00,06:47:30,,3032,상행,2025-05-01T05:00:00,,평일
3호선,1958,대화,309,,20250619,3호선,0342,오금,352,N,3호선,3069,0312,불광,322,N,06:49:00,06:49:30,,3032,상행,2025-05-01T05:00:00,,평일
3호선,1958,대화,309,,20250619,3호선,0342,오금,352,N,3호선,3069,0311,연신내,321,N,06:51:00,06:51:30,,3032,상행,2025-05-01T05:00:00,,평일
3호선,1958,대화,309,,20250619,3호선,0342,오금,352,N,3호선,3069,0310,구파발,320,N,06:53:30,06:54:00,,3032,상행,2025-05-01T05:00:00,,평일
3호선,1958,대화,309,,20250619,3호선,0342,오금,352,N,3호선,3069,0309,지축,319,N,06:57:00,06:57:30,,3032,상행,2025-05-01T05:00:00,,평일
3호선,1958,대화,309,,20250619,3호선,0342,오금,352,N,3호선,3069,1950,삼송,318,N,07:00:00,07:00:30,,3032,상행,2025-05-01T05:00:00,,평일
3호선,1958,대화,309,,20250619,3호선,0342,오금,352,N,3호선,3069,1948,원흥,317,N,07:02:30,07:03:00,,3032,상행,2025-05-01T05:00:00,,평일
3호선,1958,대화,309,,20250619,3호선,0342,오금,352,N,3호선,3069,1951,원당,316,N,07:05:30,07:06:00,,3032,상행,2025-05-01T05:00:00,,평일
3호선,1958,대화,309,,20250619,3호선,0342,오금,352,N,3호선,3069,1952,화정,315,N,07:09:00,07:09:30,,3032,상행,2025-05-01T05:00:00,,평일
3호선,1958,대화,309,,20250619,3호선,0342,오금,352,N,3호선,3069,1953,대곡,314,N,07:12:00,07:12:30,,3032,상행,2025-05-01T05:00:00,,평일
3호선,1958,대화,309,,20250619,3호선,0342,오금,352,N,3호선,3069,1954,백석,313,N,07:15:30,07:16:00,,3032,상행,2025-05-01T05:00:00,,평일
3호선,1958,대화,309,,20250619,3호선,0342,오금,352,N,3호선,3069,1955,마두,312,N,07:18:00,07:18:30,,3032,상행,2025-05-01T05:00:00,,평일
3호선,1958,대화,309,,20250619,3호선,0342,오금,352,N,3호선,3069,1956,정발산,311,N,07:20:00,07:20:30,,3032,상행,2025-05-01T05:00:00,,평일
3호선,1958,대화,309,,20250619,3호선,0342,오금,352,N,3호선,3069,1957,주엽,310,N,07:22:30,07:23:00,,3032,상행,2025-05-01T05:00:00,,평일
3호선,1958,대화,309,,20250619,3호선,0342,오금,352,N,3호선,3069,1958,대화,309,N,07:25:00,,,3032,상행,2025-05-01T05:00:00,,평일
3호선,0310,구파발,320,,20250619,3호선,0339,수서,349,N,3호선,3039,0339,수서,349,N,,06:02:30,,3036,상행,2025-05-01T05:00:00,,평일
3호선,0310,구파발,320,,20250619,3호선,0339,수서,349,N,3호선,3039,0338,일원,348,N,06:04:30,06:05:00,,3036,상행,2025-05-01T05:00:00,,평일
3호선,0310,구파발,320,,20250619,3호선,0339,수서,349,N,3호선,3039,0337,대청,347,N,06:06:30,06:07:00,,3036,상행,2025-05-01T05:00:00,,평일
3호선,0310,구파발,320,,20250619,3호선,0339,수서,349,N,3호선,3039,0336,학여울,346,N,06:08:30,06:09:00,,3036,상행,2025-05-01T05:00:00,,평일
3호선,0310,구파발,320,,20250619,3호선,0339,수서,349,N,3호선,3039,0335,대치,345,N,06:10:00,06:10:30,,3036,상행,2025-05-01T05:00:00,,평일
3호선,0310,구파발,320,,20250619,3호선,0339,수서,349,N,3호선,3039,0334,도곡,344,N,06:11:30,06:12:00,,3036,상행,2025-05-01T05:00:00,,평일
3호선,0310,구파발,320,,20250619,3호선,0339,수서,349,N,3호선,3039,0333,매봉,343,N,06:13:30,06:14:00,,3036,상행,2025-05-01T05:00:00,,평일
3호선,0310,구파발,320,,20250619,3호선,0339,수서,349,N,3호선,3039,0332,양재,342,N,06:16:00,06:16:30,,3036,상행,2025-05-01T05:00:00,,평일
3호선,0310,구파발,320,,20250619,3호선,0339,수서,349,N,3호선,3039,0331,남부터미널,341,N,06:18:30,06:19:00,,3036,상행,2025-05-01T05:00:00,,평일
3호선,0310,구파발,320,,20250619,3호선,0339,수서,349,N,3호선,3039,0330,교대,340,N,06:20:30,06:21:00,,3036,상행,2025-05-01T05:00:00,,평일
3호선,0310,구파발,320,,20250619,3호선,0339,수서,349,N,3호선,3039,0329,고속터미널,339,N,06:23:00,06:23:30,,3036,상행,2025-05-01T05:00:00,,평일
3호선,0310,구파발,320,,20250619,3호선,0339,수서,349,N,3호선,3039,0328,잠원,338,N,06:25:00,06:25:30,,3036,상행,2025-05-01T05:00:00,,평일
3호선,0310,구파발,320,,20250619,3호선,0339,수서,349,N,3호선,3039,0327,신사,337,N,06:27:00,06:27:30,,3036,상행,2025-05-01T05:00:00,,평일
3호선,0310,구파발,320,,20250619,3호선,0339,수서,349,N,3호선,3039,0326,압구정,336,N,06:29:30,06:30:00,,3036,상행,2025-05-01T05:00:00,,평일
3호선,0310,구파발,320,,20250619,3호선,0339,수서,349,N,3호선,3039,0325,옥수,335,N,06:32:00,06:32:30,,3036,상행,2025-05-01T05:00:00,,평일
3호선,0310,구파발,320,,20250619,3호선,0339,수서,349,N,3호선,3039,0324,금호,334,N,06:33:30,06:34:00,,3036,상행,2025-05-01T05:00:00,,평일
3호선,0310,구파발,320,,20250619,3호선,0339,수서,349,N,3호선,3039,0323,약수,333,N,06:35:00,06:35:30,,3036,상행,2025-05-01T05:00:00,,평일
3호선,0310,구파발,320,,20250619,3호선,0339,수서,349,N,3호선,3039,0322,동대입구,332,N,06:36:30,06:37:00,,3036,상행,2025-05-01T05:00:00,,평일
3호선,0310,구파발,320,,20250619,3호선,0339,수서,349,N,3호선,3039,0321,충무로,331,N,06:38:30,06:39:00,,3036,상행,2025-05-01T05:00:00,,평일
3호선,0310,구파발,320,,20250619,3호선,0339,수서,349,N,3호선,3039,0320,을지로3가,330,N,06:40:00,06:40:30,,3036,상행,2025-05-01T05:00:00,,평일
3호선,0310,구파발,320,,20250619,3호선,0339,수서,349,N,3호선,3039,0319,종로3가,329,N,06:41:30,06:42:00,,3036,상행,2025-05-01T05:00:00,,평일
3호선,0310,구파발,320,,20250619,3호선,0339,수서,349,N,3호선,3039,0318,안국,328,N,06:43:30,06:44:00,,3036,상행,2025-05-01T05:00:00,,평일
3호선,0310,구파발,320,,20250619,3호선,0339,수서,349,N,3호선,3039,0317,경복궁,327,N,06:45:30,06:46:00,,3036,상행,2025-05-01T05:00:00,,평일
3호선,0310,구파발,320,,20250619,3호선,0339,수서,349,N,3호선,3039,0316,독립문,326,N,06:48:00,06:48:30,,3036,상행,2025-05-01T05:00:00,,평일
3호선,0310,구파발,320,,20250619,3호선,0339,수서,349,N,3호선,3039,0315,무악재,325,N,06:50:00,06:50:30,,3036,상행,2025-05-01T05:00:00,,평일
3호선,0310,구파발,320,,20250619,3호선,0339,수서,349,N,3호선,3039,0314,홍제,324,N,06:52:00,06:52:30,,3036,상행,2025-05-01T05:00:00,,평일
3호선,0310,구파발,320,,20250619,3호선,0339,수서,349,N,3호선,3039,0313,녹번,323,N,06:54:30,06:55:00,,3036,상행,2025-05-01T05:00:00,,평일
3호선,0310,구파발,320,,20250619,3호선,0339,수서,349,N,3호선,3039,0312,불광,322,N,06:56:30,06:57:00,,3036,상행,2025-05-01T05:00:00,,평일
3호선,0310,구파발,320,,20250619,3호선,0339,수서,349,N,3호선,3039,0311,연신내,321,N,06:58:30,06:59:00,,3036,상행,2025-05-01T05:00:00,,평일
3호선,0310,구파발,320,,20250619,3호선,0339,수서,349,N,3호선,3039,0310,구파발,320,N,07:01:00,,,3036,상행,2025-05-01T05:00:00,,평일
3호선,1958,대화,309,,20250619,3호선,1950,삼송,318,N,3호선,3075,1950,삼송,318,N,,07:09:00,,3038,상행,2025-05-01T05:00:00,,평일
3호선,1958,대화,309,,20250619,3호선,1950,삼송,318,N,3호선,3075,1948,원흥,317,N,07:11:00,07:11:30,,3038,상행,2025-05-01T05:00:00,,평일
3호선,1958,대화,309,,20250619,3호선,1950,삼송,318,N,3호선,3075,1951,원당,316,N,07:14:00,07:14:30,,3038,상행,2025-05-01T05:00:00,,평일
3호선,1958,대화,309,,20250619,3호선,1950,삼송,318,N,3호선,3075,1952,화정,315,N,07:17:30,07:18:00,,3038,상행,2025-05-01T05:00:00,,평일
3호선,1958,대화,309,,20250619,3호선,1950,삼송,318,N,3호선,3075,1953,대곡,314,N,07:20:30,07:21:00,,3038,상행,2025-05-01T05:00:00,,평일
3호선,1958,대화,309,,20250619,3호선,1950,삼송,318,N,3호선,3075,1954,백석,313,N,07:24:00,07:24:30,,3038,상행,2025-05-01T05:00:00,,평일
3호선,1958,대화,309,,20250619,3호선,1950,삼송,318,N,3호선,3075,1955,마두,312,N,07:26:30,07:27:00,,3038,상행,2025-05-01T05:00:00,,평일
3호선,1958,대화,309,,20250619,3호선,1950,삼송,318,N,3호선,3075,1956,정발산,311,N,07:28:30,07:29:00,,3038,상행,2025-05-01T05:00:00,,평일
3호선,1958,대화,309,,20250619,3호선,1950,삼송,318,N,3호선,3075,1957,주엽,310,N,07:31:00,07:31:30,,3038,상행,2025-05-01T05:00:00,,평일
3호선,1958,대화,309,,20250619,3호선,1950,삼송,318,N,3호선,3075,1958,대화,309,N,07:33:30,,,3038,상행,2025-05-01T05:00:00,,평일
3호선,1958,대화,309,,20250619,3호선,0342,오금,352,N,3호선,3079,0342,오금,352,N,,06:01:00,,3040K,상행,2025-05-01T05:00:00,,평일
3호선,1958,대화,309,,20250619,3호선,0342,오금,352,N,3호선,3079,0341,경찰병원,351,N,06:02:00,06:02:30,,3040K,상행,2025-05-01T05:00:00,,평일
3호선,1958,대화,309,,20250619,3호선,0342,오금,352,N,3호선,3079,0340,가락시장,350,N,06:03:30,06:04:00,,3040K,상행,2025-05-01T05:00:00,,평일
3호선,1958,대화,309,,20250619,3호선,0342,오금,352,N,3호선,3079,0339,수서,349,N,06:06:00,06:06:30,,3040K,상행,2025-05-01T05:00:00,,평일
3호선,1958,대화,309,,20250619,3호선,0342,오금,352,N,3호선,3079,0338,일원,348,N,06:08:30,06:09:00,,3040K,상행,2025-05-01T05:00:00,,평일
3호선,1958,대화,309,,20250619,3호선,0342,오금,352,N,3호선,3079,0337,대청,347,N,06:10:30,06:11:00,,3040K,상행,2025-05-01T05:00:00,,평일
3호선,1958,대화,309,,20250619,3호선,0342,오금,352,N,3호선,3079,0336,학여울,346,N,06:12:30,06:13:00,,3040K,상행,2025-05-01T05:00:00,,평일
3호선,1958,대화,309,,20250619,3호선,0342,오금,352,N,3호선,3079,0335,대치,345,N,06:14:00,06:14:30,,3040K,상행,2025-05-01T05:00:00,,평일
3호선,1958,대화,309,,20250619,3호선,0342,오금,352,N,3호선,3079,0334,도곡,344,N,06:15:30,06:16:00,,3040K,상행,2025-05-01T05:00:00,,평일
3호선,1958,대화,309,,20250619,3호선,0342,오금,352,N,3호선,3079,0333,매봉,343,N,06:17:30,06:18:00,,3040K,상행,2025-05-01T05:00:00,,평일
3호선,1958,대화,309,,20250619,3호선,0342,오금,352,N,3호선,3079,0332,양재,342,N,06:20:00,06:20:30,,3040K,상행,2025-05-01T05:00:00,,평일
3호선,1958,대화,309,,20250619,3호선,0342,오금,352,N,3호선,3079,0331,남부터미널,341,N,06:22:30,06:23:00,,3040K,상행,2025-05-01T05:00:00,,평일
3호선,1958,대화,309,,20250619,3호선,0342,오금,352,N,3호선,3079,0330,교대,340,N,06:24:30,06:25:00,,3040K,상행,2025-05-01T05:00:00,,평일
3호선,1958,대화,309,,20250619,3호선,0342,오금,352,N,3호선,3079,0329,고속터미널,339,N,06:27:00,06:27:30,,3040K,상행,2025-05-01T05:00:00,,평일
3호선,1958,대화,309,,20250619,3호선,0342,오금,352,N,3호선,3079,0328,잠원,338,N,06:29:00,06:29:30,,3040K,상행,2025-05-01T05:00:00,,평일
3호선,1958,대화,309,,20250619,3호선,0342,오금,352,N,3호선,3079,0327,신사,337,N,06:31:00,06:31:30,,3040K,상행,2025-05-01T05:00:00,,평일
3호선,1958,대화,309,,20250619,3호선,0342,오금,352,N,3호선,3079,0326,압구정,336,N,06:33:30,06:34:00,,3040K,상행,2025-05-01T05:00:00,,평일
3호선,1958,대화,309,,20250619,3호선,0342,오금,352,N,3호선,3079,0325,옥수,335,N,06:36:00,06:36:30,,3040K,상행,2025-05-01T05:00:00,,평일
3호선,1958,대화,309,,20250619,3호선,0342,오금,352,N,3호선,3079,0324,금호,334,N,06:37:30,06:38:00,,3040K,상행,2025-05-01T05:00:00,,평일
3호선,1958,대화,309,,20250619,3호선,0342,오금,352,N,3호선,3079,0323,약수,333,N,06:39:00,06:39:30,,3040K,상행,2025-05-01T05:00:00,,평일
3호선,1958,대화,309,,20250619,3호선,0342,오금,352,N,3호선,3079,0322,동대입구,332,N,06:40:30,06:41:00,,3040K,상행,2025-05-01T05:00:00,,평일
3호선,1958,대화,309,,20250619,3호선,0342,오금,352,N,3호선,3079,0321,충무로,331,N,06:42:30,06:43:00,,3040K,상행,2025-05-01T05:00:00,,평일
3호선,1958,대화,309,,20250619,3호선,0342,오금,352,N,3호선,3079,0320,을지로3가,330,N,06:44:00,06:44:30,,3040K,상행,2025-05-01T05:00:00,,평일
3호선,1958,대화,309,,20250619,3호선,0342,오금,352,N,3호선,3079,0319,종로3가,329,N,06:45:30,06:46:00,,3040K,상행,2025-05-01T05:00:00,,평일
3호선,1958,대화,309,,20250619,3호선,0342,오금,352,N,3호선,3079,0318,안국,328,N,06:47:30,06:48:00,,3040K,상행,2025-05-01T05:00:00,,평일
3호선,1958,대화,309,,20250619,3호선,0342,오금,352,N,3호선,3079,0317,경복궁,327,N,06:49:30,06:50:00,,3040K,상행,2025-05-01T05:00:00,,평일
3호선,1958,대화,309,,20250619,3호선,0342,오금,352,N,3호선,3079,0316,독립문,326,N,06:52:00,06:52:30,,3040K,상행,2025-05-01T05:00:00,,평일
3호선,1958,대화,309,,20250619,3호선,0342,오금,352,N,3호선,3079,0315,무악재,325,N,06:54:00,06:54:30,,3040K,상행,2025-05-01T05:00:00,,평일
3호선,1958,대화,309,,20250619,3호선,0342,오금,352,N,3호선,3079,0314,홍제,324,N,06:56:00,06:56:30,,3040K,상행,2025-05-01T05:00:00,,평일
3호선,1958,대화,309,,20250619,3호선,0342,오금,352,N,3호선,3079,0313,녹번,323,N,06:58:30,06:59:00,,3040K,상행,2025-05-01T05:00:00,,평일
3호선,1958,대화,309,,20250619,3호선,0342,오금,352,N,3호선,3079,0312,불광,322,N,07:00:30,07:01:00,,3040K,상행,2025-05-01T05:00:00,,평일
3호선,1958,대화,309,,20250619,3호선,0342,오금,352,N,3호선,3079,0311,연신내,321,N,07:02:30,07:03:00,,3040K,상행,2025-05-01T05:00:00,,평일
3호선,1958,대화,309,,20250619,3호선,0342,오금,352,N,3호선,3079,0310,구파발,320,N,07:05:00,07:05:30,,3040K,상행,2025-05-01T05:00:00,,평일
3호선,1958,대화,309,,20250619,3호선,0342,오금,352,N,3호선,3079,0309,지축,319,N,07:08:30,07:09:00,,3040K,상행,2025-05-01T05:00:00,,평일
3호선,1958,대화,309,,20250619,3호선,0342,오금,352,N,3호선,3079,1950,삼송,318,N,07:11:30,07:12:00,,3040K,상행,2025-05-01T05:00:00,,평일
3호선,1958,대화,309,,20250619,3호선,0342,오금,352,N,3호선,3079,1948,원흥,317,N,07:14:00,07:14:30,,3040K,상행,2025-05-01T05:00:00,,평일
3호선,1958,대화,309,,20250619,3호선,0342,오금,352,N,3호선,3079,1951,원당,316,N,07:17:00,07:17:30,,3040K,상행,2025-05-01T05:00:00,,평일
3호선,1958,대화,309,,20250619,3호선,0342,오금,352,N,3호선,3079,1952,화정,315,N,07:20:30,07:21:00,,3040K,상행,2025-05-01T05:00:00,,평일
3호선,1958,대화,309,,20250619,3호선,0342,오금,352,N,3호선,3079,1953,대곡,314,N,07:23:30,07:24:00,,3040K,상행,2025-05-01T05:00:00,,평일
3호선,1958,대화,309,,20250619,3호선,0342,오금,352,N,3호선,3079,1954,백석,313,N,07:27:00,07:27:30,,3040K,상행,2025-05-01T05:00:00,,평일
3호선,1958,대화,309,,20250619,3호선,0342,오금,352,N,3호선,3079,1955,마두,312,N,07:29:30,07:30:00,,3040K,상행,2025-05-01T05:00:00,,평일
3호선,1958,대화,309,,20250619,3호선,0342,오금,352,N,3호선,3079,1956,정발산,311,N,07:31:30,07:32:00,,3040K,상행,2025-05-01T05:00:00,,평일
3호선,1958,대화,309,,20250619,3호선,0342,오금,352,N,3호선,3079,1957,주엽,310,N,07:34:00,07:34:30,,3040K,상행,2025-05-01T05:00:00,,평일
3호선,1958,대화,309,,20250619,3호선,0342,오금,352,N,3호선,3079,1958,대화,309,N,07:36:30,,,3040K,상행,2025-05-01T05:00:00,,평일
3호선,0310,구파발,320,,20250619,3호선,0339,수서,349,N,3호선,3043,0339,수서,349,N,,06:11:00,,3042,상행,2025-05-01T05:00:00,,평일
3호선,0310,구파발,320,,20250619,3호선,0339,수서,349,N,3호선,3043,0338,일원,348,N,06:13:00,06:13:30,,3042,상행,2025-05-01T05:00:00,,평일
3호선,0310,구파발,320,,20250619,3호선,0339,수서,349,N,3호선,3043,0337,대청,347,N,06:15:00,06:15:30,,3042,상행,2025-05-01T05:00:00,,평일
3호선,0310,구파발,320,,20250619,3호선,0339,수서,349,N,3호선,3043,0336,학여울,346,N,06:17:00,06:17:30,,3042,상행,2025-05-01T05:00:00,,평일
3호선,0310,구파발,320,,20250619,3호선,0339,수서,349,N,3호선,3043,0335,대치,345,N,06:18:30,06:19:00,,3042,상행,2025-05-01T05:00:00,,평일
3호선,0310,구파발,320,,20250619,3호선,0339,수서,349,N,3호선,3043,0334,도곡,344,N,06:20:00,06:20:30,,3042,상행,2025-05-01T05:00:00,,평일
3호선,0310,구파발,320,,20250619,3호선,0339,수서,349,N,3호선,3043,0333,매봉,343,N,06:22:00,06:22:30,,3042,상행,2025-05-01T05:00:00,,평일
3호선,0310,구파발,320,,20250619,3호선,0339,수서,349,N,3호선,3043,0332,양재,342,N,06:24:30,06:25:00,,3042,상행,2025-05-01T05:00:00,,평일
3호선,0310,구파발,320,,20250619,3호선,0339,수서,349,N,3호선,3043,0331,남부터미널,341,N,06:27:00,06:27:30,,3042,상행,2025-05-01T05:00:00,,평일
3호선,0310,구파발,320,,20250619,3호선,0339,수서,349,N,3호선,3043,0330,교대,340,N,06:29:00,06:29:30,,3042,상행,2025-05-01T05:00:00,,평일
3호선,0310,구파발,320,,20250619,3호선,0339,수서,349,N,3호선,3043,0329,고속터미널,339,N,06:31:30,06:32:00,,3042,상행,2025-05-01T05:00:00,,평일
3호선,0310,구파발,320,,20250619,3호선,0339,수서,349,N,3호선,3043,0328,잠원,338,N,06:33:30,06:34:00,,3042,상행,2025-05-01T05:00:00,,평일
3호선,0310,구파발,320,,20250619,3호선,0339,수서,349,N,3호선,3043,0327,신사,337,N,06:35:30,06:36:00,,3042,상행,2025-05-01T05:00:00,,평일
3호선,0310,구파발,320,,20250619,3호선,0339,수서,349,N,3호선,3043,0326,압구정,336,N,06:38:00,06:38:30,,3042,상행,2025-05-01T05:00:00,,평일
3호선,0310,구파발,320,,20250619,3호선,0339,수서,349,N,3호선,3043,0325,옥수,335,N,06:40:30,06:41:00,,3042,상행,2025-05-01T05:00:00,,평일
3호선,0310,구파발,320,,20250619,3호선,0339,수서,349,N,3호선,3043,0324,금호,334,N,06:42:00,06:42:30,,3042,상행,2025-05-01T05:00:00,,평일
3호선,0310,구파발,320,,20250619,3호선,0339,수서,349,N,3호선,3043,0323,약수,333,N,06:43:30,06:44:00,,3042,상행,2025-05-01T05:00:00,,평일
3호선,0310,구파발,320,,20250619,3호선,0339,수서,349,N,3호선,3043,0322,동대입구,332,N,06:45:00,06:45:30,,3042,상행,2025-05-01T05:00:00,,평일
3호선,0310,구파발,320,,20250619,3호선,0339,수서,349,N,3호선,3043,0321,충무로,331,N,06:47:00,06:47:30,,3042,상행,2025-05-01T05:00:00,,평일
3호선,0310,구파발,320,,20250619,3호선,0339,수서,349,N,3호선,3043,0320,을지로3가,330,N,06:48:30,06:49:00,,3042,상행,2025-05-01T05:00:00,,평일
3호선,0310,구파발,320,,20250619,3호선,0339,수서,349,N,3호선,3043,0319,종로3가,329,N,06:50:00,06:50:30,,3042,상행,2025-05-01T05:00:00,,평일
3호선,0310,구파발,320,,20250619,3호선,0339,수서,349,N,3호선,3043,0318,안국,328,N,06:52:00,06:52:30,,3042,상행,2025-05-01T05:00:00,,평일
3호선,0310,구파발,320,,20250619,3호선,0339,수서,349,N,3호선,3043,0317,경복궁,327,N,06:54:00,06:54:30,,3042,상행,2025-05-01T05:00:00,,평일
3호선,0310,구파발,320,,20250619,3호선,0339,수서,349,N,3호선,3043,0316,독립문,326,N,06:56:30,06:57:00,,3042,상행,2025-05-01T05:00:00,,평일
3호선,0310,구파발,320,,20250619,3호선,0339,수서,349,N,3호선,3043,0315,무악재,325,N,06:58:30,06:59:00,,3042,상행,2025-05-01T05:00:00,,평일
3호선,0310,구파발,320,,20250619,3호선,0339,수서,349,N,3호선,3043,0314,홍제,324,N,07:00:30,07:01:00,,3042,상행,2025-05-01T05:00:00,,평일
3호선,0310,구파발,320,,20250619,3호선,0339,수서,349,N,3호선,3043,0313,녹번,323,N,07:03:00,07:03:30,,3042,상행,2025-05-01T05:00:00,,평일
3호선,0310,구파발,320,,20250619,3호선,0339,수서,349,N,3호선,3043,0312,불광,322,N,07:05:00,07:05:30,,3042,상행,2025-05-01T05:00:00,,평일
3호선,0310,구파발,320,,20250619,3호선,0339,수서,349,N,3호선,3043,0311,연신내,321,N,07:07:00,07:07:30,,3042,상행,2025-05-01T05:00:00,,평일
3호선,0310,구파발,320,,20250619,3호선,0339,수서,349,N,3호선,3043,0310,구파발,320,N,07:09:30,,,3042,상행,2025-05-01T05:00:00,,평일
3호선,1958,대화,309,,20250619,3호선,1950,삼송,318,N,3호선,3081,1950,삼송,318,N,,07:17:00,,3044K,상행,2025-05-01T05:00:00,,평일
3호선,1958,대화,309,,20250619,3호선,1950,삼송,318,N,3호선,3081,1948,원흥,317,N,07:19:00,07:19:30,,3044K,상행,2025-05-01T05:00:00,,평일
3호선,1958,대화,309,,20250619,3호선,1950,삼송,318,N,3호선,3081,1951,원당,316,N,07:22:00,07:22:30,,3044K,상행,2025-05-01T05:00:00,,평일
3호선,1958,대화,309,,20250619,3호선,1950,삼송,318,N,3호선,3081,1952,화정,315,N,07:25:30,07:26:00,,3044K,상행,2025-05-01T05:00:00,,평일
3호선,1958,대화,309,,20250619,3호선,1950,삼송,318,N,3호선,3081,1953,대곡,314,N,07:28:30,07:29:00,,3044K,상행,2025-05-01T05:00:00,,평일
3호선,1958,대화,309,,20250619,3호선,1950,삼송,318,N,3호선,3081,1954,백석,313,N,07:32:00,07:32:30,,3044K,상행,2025-05-01T05:00:00,,평일
3호선,1958,대화,309,,20250619,3호선,1950,삼송,318,N,3호선,3081,1955,마두,312,N,07:34:30,07:35:00,,3044K,상행,2025-05-01T05:00:00,,평일
3호선,1958,대화,309,,20250619,3호선,1950,삼송,318,N,3호선,3081,1956,정발산,311,N,07:36:30,07:37:00,,3044K,상행,2025-05-01T05:00:00,,평일
3호선,1958,대화,309,,20250619,3호선,1950,삼송,318,N,3호선,3081,1957,주엽,310,N,07:39:00,07:39:30,,3044K,상행,2025-05-01T05:00:00,,평일
3호선,1958,대화,309,,20250619,3호선,1950,삼송,318,N,3호선,3081,1958,대화,309,N,07:41:30,,,3044K,상행,2025-05-01T05:00:00,,평일
3호선,1958,대화,309,,20250619,3호선,0342,오금,352,N,3호선,3083,0342,오금,352,N,,06:10:00,,3046,상행,2025-05-01T05:00:00,,평일
3호선,1958,대화,309,,20250619,3호선,0342,오금,352,N,3호선,3083,0341,경찰병원,351,N,06:11:00,06:11:30,,3046,상행,2025-05-01T05:00:00,,평일
3호선,1958,대화,309,,20250619,3호선,0342,오금,352,N,3호선,3083,0340,가락시장,350,N,06:12:30,06:13:00,,3046,상행,2025-05-01T05:00:00,,평일
3호선,1958,대화,309,,20250619,3호선,0342,오금,352,N,3호선,3083,0339,수서,349,N,06:15:00,06:15:30,,3046,상행,2025-05-01T05:00:00,,평일
3호선,1958,대화,309,,20250619,3호선,0342,오금,352,N,3호선,3083,0338,일원,348,N,06:17:30,06:18:00,,3046,상행,2025-05-01T05:00:00,,평일
3호선,1958,대화,309,,20250619,3호선,0342,오금,352,N,3호선,3083,0337,대청,347,N,06:19:30,06:20:00,,3046,상행,2025-05-01T05:00:00,,평일
3호선,1958,대화,309,,20250619,3호선,0342,오금,352,N,3호선,3083,0336,학여울,346,N,06:21:30,06:22:00,,3046,상행,2025-05-01T05:00:00,,평일
3호선,1958,대화,309,,20250619,3호선,0342,오금,352,N,3호선,3083,0335,대치,345,N,06:23:00,06:23:30,,3046,상행,2025-05-01T05:00:00,,평일
3호선,1958,대화,309,,20250619,3호선,0342,오금,352,N,3호선,3083,0334,도곡,344,N,06:24:30,06:25:00,,3046,상행,2025-05-01T05:00:00,,평일
3호선,1958,대화,309,,20250619,3호선,0342,오금,352,N,3호선,3083,0333,매봉,343,N,06:26:30,06:27:00,,3046,상행,2025-05-01T05:00:00,,평일
3호선,1958,대화,309,,20250619,3호선,0342,오금,352,N,3호선,3083,0332,양재,342,N,06:29:00,06:29:30,,3046,상행,2025-05-01T05:00:00,,평일
3호선,1958,대화,309,,20250619,3호선,0342,오금,352,N,3호선,3083,0331,남부터미널,341,N,06:31:30,06:32:00,,3046,상행,2025-05-01T05:00:00,,평일
3호선,1958,대화,309,,20250619,3호선,0342,오금,352,N,3호선,3083,0330,교대,340,N,06:33:30,06:34:00,,3046,상행,2025-05-01T05:00:00,,평일
3호선,1958,대화,309,,20250619,3호선,0342,오금,352,N,3호선,3083,0329,고속터미널,339,N,06:36:00,06:36:30,,3046,상행,2025-05-01T05:00:00,,평일
3호선,1958,대화,309,,20250619,3호선,0342,오금,352,N,3호선,3083,0328,잠원,338,N,06:38:00,06:38:30,,3046,상행,2025-05-01T05:00:00,,평일
3호선,1958,대화,309,,20250619,3호선,0342,오금,352,N,3호선,3083,0327,신사,337,N,06:40:00,06:40:30,,3046,상행,2025-05-01T05:00:00,,평일
3호선,1958,대화,309,,20250619,3호선,0342,오금,352,N,3호선,3083,0326,압구정,336,N,06:42:30,06:43:00,,3046,상행,2025-05-01T05:00:00,,평일
3호선,1958,대화,309,,20250619,3호선,0342,오금,352,N,3호선,3083,0325,옥수,335,N,06:45:00,06:45:30,,3046,상행,2025-05-01T05:00:00,,평일
3호선,1958,대화,309,,20250619,3호선,0342,오금,352,N,3호선,3083,0324,금호,334,N,06:46:30,06:47:00,,3046,상행,2025-05-01T05:00:00,,평일
3호선,1958,대화,309,,20250619,3호선,0342,오금,352,N,3호선,3083,0323,약수,333,N,06:48:00,06:48:30,,3046,상행,2025-05-01T05:00:00,,평일
3호선,1958,대화,309,,20250619,3호선,0342,오금,352,N,3호선,3083,0322,동대입구,332,N,06:49:30,06:50:00,,3046,상행,2025-05-01T05:00:00,,평일
3호선,1958,대화,309,,20250619,3호선,0342,오금,352,N,3호선,3083,0321,충무로,331,N,06:51:30,06:52:00,,3046,상행,2025-05-01T05:00:00,,평일
3호선,1958,대화,309,,20250619,3호선,0342,오금,352,N,3호선,3083,0320,을지로3가,330,N,06:53:00,06:53:30,,3046,상행,2025-05-01T05:00:00,,평일
3호선,1958,대화,309,,20250619,3호선,0342,오금,352,N,3호선,3083,0319,종로3가,329,N,06:54:30,06:55:00,,3046,상행,2025-05-01T05:00:00,,평일
3호선,1958,대화,309,,20250619,3호선,0342,오금,352,N,3호선,3083,0318,안국,328,N,06:56:30,06:57:00,,3046,상행,2025-05-01T05:00:00,,평일
3호선,1958,대화,309,,20250619,3호선,0342,오금,352,N,3호선,3083,0317,경복궁,327,N,06:58:30,06:59:00,,3046,상행,2025-05-01T05:00:00,,평일
3호선,1958,대화,309,,20250619,3호선,0342,오금,352,N,3호선,3083,0316,독립문,326,N,07:01:00,07:01:30,,3046,상행,2025-05-01T05:00:00,,평일
3호선,1958,대화,309,,20250619,3호선,0342,오금,352,N,3호선,3083,0315,무악재,325,N,07:03:00,07:03:30,,3046,상행,2025-05-01T05:00:00,,평일
3호선,1958,대화,309,,20250619,3호선,0342,오금,352,N,3호선,3083,0314,홍제,324,N,07:05:00,07:05:30,,3046,상행,2025-05-01T05:00:00,,평일
3호선,1958,대화,309,,20250619,3호선,0342,오금,352,N,3호선,3083,0313,녹번,323,N,07:07:30,07:08:00,,3046,상행,2025-05-01T05:00:00,,평일
3호선,1958,대화,309,,20250619,3호선,0342,오금,352,N,3호선,3083,0312,불광,322,N,07:09:30,07:10:00,,3046,상행,2025-05-01T05:00:00,,평일
3호선,1958,대화,309,,20250619,3호선,0342,오금,352,N,3호선,3083,0311,연신내,321,N,07:11:30,07:12:00,,3046,상행,2025-05-01T05:00:00,,평일
3호선,1958,대화,309,,20250619,3호선,0342,오금,352,N,3호선,3083,0310,구파발,320,N,07:14:00,07:14:30,,3046,상행,2025-05-01T05:00:00,,평일
3호선,1958,대화,309,,20250619,3호선,0342,오금,352,N,3호선,3083,0309,지축,319,N,07:17:30,07:18:00,,3046,상행,2025-05-01T05:00:00,,평일
3호선,1958,대화,309,,20250619,3호선,0342,오금,352,N,3호선,3083,1950,삼송,318,N,07:20:30,07:21:00,,3046,상행,2025-05-01T05:00:00,,평일
3호선,1958,대화,309,,20250619,3호선,0342,오금,352,N,3호선,3083,1948,원흥,317,N,07:23:00,07:23:30,,3046,상행,2025-05-01T05:00:00,,평일
3호선,1958,대화,309,,20250619,3호선,0342,오금,352,N,3호선,3083,1951,원당,316,N,07:26:00,07:26:30,,3046,상행,2025-05-01T05:00:00,,평일
3호선,1958,대화,309,,20250619,3호선,0342,오금,352,N,3호선,3083,1952,화정,315,N,07:29:30,07:30:00,,3046,상행,2025-05-01T05:00:00,,평일
3호선,1958,대화,309,,20250619,3호선,0342,오금,352,N,3호선,3083,1953,대곡,314,N,07:32:30,07:33:00,,3046,상행,2025-05-01T05:00:00,,평일
3호선,1958,대화,309,,20250619,3호선,0342,오금,352,N,3호선,3083,1954,백석,313,N,07:36:00,07:36:30,,3046,상행,2025-05-01T05:00:00,,평일
3호선,1958,대화,309,,20250619,3호선,0342,오금,352,N,3호선,3083,1955,마두,312,N,07:38:30,07:39:00,,3046,상행,2025-05-01T05:00:00,,평일
3호선,1958,대화,309,,20250619,3호선,0342,오금,352,N,3호선,3083,1956,정발산,311,N,07:40:30,07:41:00,,3046,상행,2025-05-01T05:00:00,,평일
3호선,1958,대화,309,,20250619,3호선,0342,오금,352,N,3호선,3083,1957,주엽,310,N,07:43:00,07:43:30,,3046,상행,2025-05-01T05:00:00,,평일
3호선,1958,대화,309,,20250619,3호선,0342,오금,352,N,3호선,3083,1958,대화,309,N,07:45:30,,,3046,상행,2025-05-01T05:00:00,,평일
3호선,0310,구파발,320,,20250619,3호선,0339,수서,349,N,3호선,3049,0339,수서,349,N,,06:21:00,,3048,상행,2025-05-01T05:00:00,,평일
3호선,0310,구파발,320,,20250619,3호선,0339,수서,349,N,3호선,3049,0338,일원,348,N,06:23:00,06:23:30,,3048,상행,2025-05-01T05:00:00,,평일
3호선,0310,구파발,320,,20250619,3호선,0339,수서,349,N,3호선,3049,0337,대청,347,N,06:25:00,06:25:30,,3048,상행,2025-05-01T05:00:00,,평일
3호선,0310,구파발,320,,20250619,3호선,0339,수서,349,N,3호선,3049,0336,학여울,346,N,06:27:00,06:27:30,,3048,상행,2025-05-01T05:00:00,,평일
3호선,0310,구파발,320,,20250619,3호선,0339,수서,349,N,3호선,3049,0335,대치,345,N,06:28:30,06:29:00,,3048,상행,2025-05-01T05:00:00,,평일
3호선,0310,구파발,320,,20250619,3호선,0339,수서,349,N,3호선,3049,0334,도곡,344,N,06:30:00,06:30:30,,3048,상행,2025-05-01T05:00:00,,평일
3호선,0310,구파발,320,,20250619,3호선,0339,수서,349,N,3호선,3049,0333,매봉,343,N,06:32:00,06:32:30,,3048,상행,2025-05-01T05:00:00,,평일
3호선,0310,구파발,320,,20250619,3호선,0339,수서,349,N,3호선,3049,0332,양재,342,N,06:34:30,06:35:00,,3048,상행,2025-05-01T05:00:00,,평일
3호선,0310,구파발,320,,20250619,3호선,0339,수서,349,N,3호선,3049,0331,남부터미널,341,N,06:37:00,06:37:30,,3048,상행,2025-05-01T05:00:00,,평일
3호선,0310,구파발,320,,20250619,3호선,0339,수서,349,N,3호선,3049,0330,교대,340,N,06:39:00,06:39:30,,3048,상행,2025-05-01T05:00:00,,평일
3호선,0310,구파발,320,,20250619,3호선,0339,수서,349,N,3호선,3049,0329,고속터미널,339,N,06:41:30,06:42:00,,3048,상행,2025-05-01T05:00:00,,평일
3호선,0310,구파발,320,,20250619,3호선,0339,수서,349,N,3호선,3049,0328,잠원,338,N,06:43:30,06:44:00,,3048,상행,2025-05-01T05:00:00,,평일
3호선,0310,구파발,320,,20250619,3호선,0339,수서,349,N,3호선,3049,0327,신사,337,N,06:45:30,06:46:00,,3048,상행,2025-05-01T05:00:00,,평일
3호선,0310,구파발,320,,20250619,3호선,0339,수서,349,N,3호선,3049,0326,압구정,336,N,06:48:00,06:48:30,,3048,상행,2025-05-01T05:00:00,,평일
3호선,0310,구파발,320,,20250619,3호선,0339,수서,349,N,3호선,3049,0325,옥수,335,N,06:50:30,06:51:00,,3048,상행,2025-05-01T05:00:00,,평일
3호선,0310,구파발,320,,20250619,3호선,0339,수서,349,N,3호선,3049,0324,금호,334,N,06:52:00,06:52:30,,3048,상행,2025-05-01T05:00:00,,평일
3호선,0310,구파발,320,,20250619,3호선,0339,수서,349,N,3호선,3049,0323,약수,333,N,06:53:30,06:54:00,,3048,상행,2025-05-01T05:00:00,,평일
3호선,0310,구파발,320,,20250619,3호선,0339,수서,349,N,3호선,3049,0322,동대입구,332,N,06:55:00,06:55:30,,3048,상행,2025-05-01T05:00:00,,평일
3호선,0310,구파발,320,,20250619,3호선,0339,수서,349,N,3호선,3049,0321,충무로,331,N,06:57:00,06:57:30,,3048,상행,2025-05-01T05:00:00,,평일
3호선,0310,구파발,320,,20250619,3호선,0339,수서,349,N,3호선,3049,0320,을지로3가,330,N,06:58:30,06:59:00,,3048,상행,2025-05-01T05:00:00,,평일
3호선,0310,구파발,320,,20250619,3호선,0339,수서,349,N,3호선,3049,0319,종로3가,329,N,07:00:00,07:00:30,,3048,상행,2025-05-01T05:00:00,,평일
3호선,0310,구파발,320,,20250619,3호선,0339,수서,349,N,3호선,3049,0318,안국,328,N,07:02:00,07:02:30,,3048,상행,2025-05-01T05:00:00,,평일
3호선,0310,구파발,320,,20250619,3호선,0339,수서,349,N,3호선,3049,0317,경복궁,327,N,07:04:00,07:04:30,,3048,상행,2025-05-01T05:00:00,,평일
3호선,0310,구파발,320,,20250619,3호선,0339,수서,349,N,3호선,3049,0316,독립문,326,N,07:06:30,07:07:00,,3048,상행,2025-05-01T05:00:00,,평일
3호선,0310,구파발,320,,20250619,3호선,0339,수서,349,N,3호선,3049,0315,무악재,325,N,07:08:30,07:09:00,,3048,상행,2025-05-01T05:00:00,,평일
3호선,0310,구파발,320,,20250619,3호선,0339,수서,349,N,3호선,3049,0314,홍제,324,N,07:10:30,07:11:00,,3048,상행,2025-05-01T05:00:00,,평일
3호선,0310,구파발,320,,20250619,3호선,0339,수서,349,N,3호선,3049,0313,녹번,323,N,07:13:00,07:13:30,,3048,상행,2025-05-01T05:00:00,,평일
3호선,0310,구파발,320,,20250619,3호선,0339,수서,349,N,3호선,3049,0312,불광,322,N,07:15:00,07:15:30,,3048,상행,2025-05-01T05:00:00,,평일
3호선,0310,구파발,320,,20250619,3호선,0339,수서,349,N,3호선,3049,0311,연신내,321,N,07:17:00,07:17:30,,3048,상행,2025-05-01T05:00:00,,평일
3호선,0310,구파발,320,,20250619,3호선,0339,수서,349,N,3호선,3049,0310,구파발,320,N,07:19:30,,,3048,상행,2025-05-01T05:00:00,,평일
3호선,1958,대화,309,,20250619,3호선,0339,수서,349,N,3호선,3087,0339,수서,349,N,,06:26:00,,3050,상행,2025-05-01T05:00:00,,평일
3호선,1958,대화,309,,20250619,3호선,0339,수서,349,N,3호선,3087,0338,일원,348,N,06:28:00,06:28:30,,3050,상행,2025-05-01T05:00:00,,평일
3호선,1958,대화,309,,20250619,3호선,0339,수서,349,N,3호선,3087,0337,대청,347,N,06:30:00,06:30:30,,3050,상행,2025-05-01T05:00:00,,평일
3호선,1958,대화,309,,20250619,3호선,0339,수서,349,N,3호선,3087,0336,학여울,346,N,06:32:00,06:32:30,,3050,상행,2025-05-01T05:00:00,,평일
3호선,1958,대화,309,,20250619,3호선,0339,수서,349,N,3호선,3087,0335,대치,345,N,06:33:30,06:34:00,,3050,상행,2025-05-01T05:00:00,,평일
3호선,1958,대화,309,,20250619,3호선,0339,수서,349,N,3호선,3087,0334,도곡,344,N,06:35:00,06:35:30,,3050,상행,2025-05-01T05:00:00,,평일
3호선,1958,대화,309,,20250619,3호선,0339,수서,349,N,3호선,3087,0333,매봉,343,N,06:37:00,06:37:30,,3050,상행,2025-05-01T05:00:00,,평일
3호선,1958,대화,309,,20250619,3호선,0339,수서,349,N,3호선,3087,0332,양재,342,N,06:39:30,06:40:00,,3050,상행,2025-05-01T05:00:00,,평일
3호선,1958,대화,309,,20250619,3호선,0339,수서,349,N,3호선,3087,0331,남부터미널,341,N,06:42:00,06:42:30,,3050,상행,2025-05-01T05:00:00,,평일
3호선,1958,대화,309,,20250619,3호선,0339,수서,349,N,3호선,3087,0330,교대,340,N,06:44:00,06:44:30,,3050,상행,2025-05-01T05:00:00,,평일
3호선,1958,대화,309,,20250619,3호선,0339,수서,349,N,3호선,3087,0329,고속터미널,339,N,06:46:30,06:47:00,,3050,상행,2025-05-01T05:00:00,,평일
3호선,1958,대화,309,,20250619,3호선,0339,수서,349,N,3호선,3087,0328,잠원,338,N,06:48:30,06:49:00,,3050,상행,2025-05-01T05:00:00,,평일
3호선,1958,대화,309,,20250619,3호선,0339,수서,349,N,3호선,3087,0327,신사,337,N,06:50:30,06:51:00,,3050,상행,2025-05-01T05:00:00,,평일
3호선,1958,대화,309,,20250619,3호선,0339,수서,349,N,3호선,3087,0326,압구정,336,N,06:53:00,06:53:30,,3050,상행,2025-05-01T05:00:00,,평일
3호선,1958,대화,309,,20250619,3호선,0339,수서,349,N,3호선,3087,0325,옥수,335,N,06:55:30,06:56:00,,3050,상행,2025-05-01T05:00:00,,평일
3호선,1958,대화,309,,20250619,3호선,0339,수서,349,N,3호선,3087,0324,금호,334,N,06:57:00,06:57:30,,3050,상행,2025-05-01T05:00:00,,평일
3호선,1958,대화,309,,20250619,3호선,0339,수서,349,N,3호선,3087,0323,약수,333,N,06:58:30,06:59:00,,3050,상행,2025-05-01T05:00:00,,평일
3호선,1958,대화,309,,20250619,3호선,0339,수서,349,N,3호선,3087,0322,동대입구,332,N,07:00:00,07:00:30,,3050,상행,2025-05-01T05:00:00,,평일
3호선,1958,대화,309,,20250619,3호선,0339,수서,349,N,3호선,3087,0321,충무로,331,N,07:02:00,07:02:30,,3050,상행,2025-05-01T05:00:00,,평일
3호선,1958,대화,309,,20250619,3호선,0339,수서,349,N,3호선,3087,0320,을지로3가,330,N,07:03:30,07:04:00,,3050,상행,2025-05-01T05:00:00,,평일
3호선,1958,대화,309,,20250619,3호선,0339,수서,349,N,3호선,3087,0319,종로3가,329,N,07:05:00,07:05:30,,3050,상행,2025-05-01T05:00:00,,평일
3호선,1958,대화,309,,20250619,3호선,0339,수서,349,N,3호선,3087,0318,안국,328,N,07:07:00,07:07:30,,3050,상행,2025-05-01T05:00:00,,평일
3호선,1958,대화,309,,20250619,3호선,0339,수서,349,N,3호선,3087,0317,경복궁,327,N,07:09:00,07:09:30,,3050,상행,2025-05-01T05:00:00,,평일
3호선,1958,대화,309,,20250619,3호선,0339,수서,349,N,3호선,3087,0316,독립문,326,N,07:11:30,07:12:00,,3050,상행,2025-05-01T05:00:00,,평일
3호선,1958,대화,309,,20250619,3호선,0339,수서,349,N,3호선,3087,0315,무악재,325,N,07:13:30,07:14:00,,3050,상행,2025-05-01T05:00:00,,평일
3호선,1958,대화,309,,20250619,3호선,0339,수서,349,N,3호선,3087,0314,홍제,324,N,07:15:30,07:16:00,,3050,상행,2025-05-01T05:00:00,,평일
3호선,1958,대화,309,,20250619,3호선,0339,수서,349,N,3호선,3087,0313,녹번,323,N,07:18:00,07:18:30,,3050,상행,2025-05-01T05:00:00,,평일
3호선,1958,대화,309,,20250619,3호선,0339,수서,349,N,3호선,3087,0312,불광,322,N,07:20:00,07:20:30,,3050,상행,2025-05-01T05:00:00,,평일
3호선,1958,대화,309,,20250619,3호선,0339,수서,349,N,3호선,3087,0311,연신내,321,N,07:22:00,07:22:30,,3050,상행,2025-05-01T05:00:00,,평일
3호선,1958,대화,309,,20250619,3호선,0339,수서,349,N,3호선,3087,0310,구파발,320,N,07:24:30,07:25:00,,3050,상행,2025-05-01T05:00:00,,평일
3호선,1958,대화,309,,20250619,3호선,0339,수서,349,N,3호선,3087,0309,지축,319,N,07:28:00,07:28:30,,3050,상행,2025-05-01T05:00:00,,평일
3호선,1958,대화,309,,20250619,3호선,0339,수서,349,N,3호선,3087,1950,삼송,318,N,07:31:00,07:31:30,,3050,상행,2025-05-01T05:00:00,,평일
3호선,1958,대화,309,,20250619,3호선,0339,수서,349,N,3호선,3087,1948,원흥,317,N,07:33:30,07:34:00,,3050,상행,2025-05-01T05:00:00,,평일
3호선,1958,대화,309,,20250619,3호선,0339,수서,349,N,3호선,3087,1951,원당,316,N,07:36:30,07:37:00,,3050,상행,2025-05-01T05:00:00,,평일
3호선,1958,대화,309,,20250619,3호선,0339,수서,349,N,3호선,3087,1952,화정,315,N,07:40:00,07:40:30,,3050,상행,2025-05-01T05:00:00,,평일
3호선,1958,대화,309,,20250619,3호선,0339,수서,349,N,3호선,3087,1953,대곡,314,N,07:43:00,07:43:30,,3050,상행,2025-05-01T05:00:00,,평일
3호선,1958,대화,309,,20250619,3호선,0339,수서,349,N,3호선,3087,1954,백석,313,N,07:46:30,07:47:00,,3050,상행,2025-05-01T05:00:00,,평일
3호선,1958,대화,309,,20250619,3호선,0339,수서,349,N,3호선,3087,1955,마두,312,N,07:49:00,07:49:30,,3050,상행,2025-05-01T05:00:00,,평일
3호선,1958,대화,309,,20250619,3호선,0339,수서,349,N,3호선,3087,1956,정발산,311,N,07:51:00,07:51:30,,3050,상행,2025-05-01T05:00:00,,평일
3호선,1958,대화,309,,20250619,3호선,0339,수서,349,N,3호선,3087,1957,주엽,310,N,07:53:30,07:54:00,,3050,상행,2025-05-01T05:00:00,,평일
3호선,1958,대화,309,,20250619,3호선,0339,수서,349,N,3호선,3087,1958,대화,309,N,07:56:00,,,3050,상행,2025-05-01T05:00:00,,평일
3호선,1958,대화,309,,20250619,3호선,0342,오금,352,N,3호선,3089,0342,오금,352,N,,06:25:00,,3052,상행,2025-05-01T05:00:00,,평일
3호선,1958,대화,309,,20250619,3호선,0342,오금,352,N,3호선,3089,0341,경찰병원,351,N,06:26:00,06:26:30,,3052,상행,2025-05-01T05:00:00,,평일
3호선,1958,대화,309,,20250619,3호선,0342,오금,352,N,3호선,3089,0340,가락시장,350,N,06:27:30,06:28:00,,3052,상행,2025-05-01T05:00:00,,평일
3호선,1958,대화,309,,20250619,3호선,0342,오금,352,N,3호선,3089,0339,수서,349,N,06:30:00,06:30:30,,3052,상행,2025-05-01T05:00:00,,평일
3호선,1958,대화,309,,20250619,3호선,0342,오금,352,N,3호선,3089,0338,일원,348,N,06:32:30,06:33:00,,3052,상행,2025-05-01T05:00:00,,평일
3호선,1958,대화,309,,20250619,3호선,0342,오금,352,N,3호선,3089,0337,대청,347,N,06:34:30,06:35:00,,3052,상행,2025-05-01T05:00:00,,평일
3호선,1958,대화,309,,20250619,3호선,0342,오금,352,N,3호선,3089,0336,학여울,346,N,06:36:30,06:37:00,,3052,상행,2025-05-01T05:00:00,,평일
3호선,1958,대화,309,,20250619,3호선,0342,오금,352,N,3호선,3089,0335,대치,345,N,06:38:00,06:38:30,,3052,상행,2025-05-01T05:00:00,,평일
3호선,1958,대화,309,,20250619,3호선,0342,오금,352,N,3호선,3089,0334,도곡,344,N,06:39:30,06:40:00,,3052,상행,2025-05-01T05:00:00,,평일
3호선,1958,대화,309,,20250619,3호선,0342,오금,352,N,3호선,3089,0333,매봉,343,N,06:41:30,06:42:00,,3052,상행,2025-05-01T05:00:00,,평일
3호선,1958,대화,309,,20250619,3호선,0342,오금,352,N,3호선,3089,0332,양재,342,N,06:44:00,06:44:30,,3052,상행,2025-05-01T05:00:00,,평일
3호선,1958,대화,309,,20250619,3호선,0342,오금,352,N,3호선,3089,0331,남부터미널,341,N,06:46:30,06:47:00,,3052,상행,2025-05-01T05:00:00,,평일
3호선,1958,대화,309,,20250619,3호선,0342,오금,352,N,3호선,3089,0330,교대,340,N,06:48:30,06:49:00,,3052,상행,2025-05-01T05:00:00,,평일
3호선,1958,대화,309,,20250619,3호선,0342,오금,352,N,3호선,3089,0329,고속터미널,339,N,06:51:00,06:51:30,,3052,상행,2025-05-01T05:00:00,,평일
3호선,1958,대화,309,,20250619,3호선,0342,오금,352,N,3호선,3089,0328,잠원,338,N,06:53:00,06:53:30,,3052,상행,2025-05-01T05:00:00,,평일
3호선,1958,대화,309,,20250619,3호선,0342,오금,352,N,3호선,3089,0327,신사,337,N,06:55:00,06:55:30,,3052,상행,2025-05-01T05:00:00,,평일
3호선,1958,대화,309,,20250619,3호선,0342,오금,352,N,3호선,3089,0326,압구정,336,N,06:57:30,06:58:00,,3052,상행,2025-05-01T05:00:00,,평일
3호선,1958,대화,309,,20250619,3호선,0342,오금,352,N,3호선,3089,0325,옥수,335,N,07:00:00,07:00:30,,3052,상행,2025-05-01T05:00:00,,평일
3호선,1958,대화,309,,20250619,3호선,0342,오금,352,N,3호선,3089,0324,금호,334,N,07:01:30,07:02:00,,3052,상행,2025-05-01T05:00:00,,평일
3호선,1958,대화,309,,20250619,3호선,0342,오금,352,N,3호선,3089,0323,약수,333,N,07:03:00,07:03:30,,3052,상행,2025-05-01T05:00:00,,평일
3호선,1958,대화,309,,20250619,3호선,0342,오금,352,N,3호선,3089,0322,동대입구,332,N,07:04:30,07:05:00,,3052,상행,2025-05-01T05:00:00,,평일
3호선,1958,대화,309,,20250619,3호선,0342,오금,352,N,3호선,3089,0321,충무로,331,N,07:06:30,07:07:00,,3052,상행,2025-05-01T05:00:00,,평일
3호선,1958,대화,309,,20250619,3호선,0342,오금,352,N,3호선,3089,0320,을지로3가,330,N,07:08:00,07:08:30,,3052,상행,2025-05-01T05:00:00,,평일
3호선,1958,대화,309,,20250619,3호선,0342,오금,352,N,3호선,3089,0319,종로3가,329,N,07:09:30,07:10:00,,3052,상행,2025-05-01T05:00:00,,평일
3호선,1958,대화,309,,20250619,3호선,0342,오금,352,N,3호선,3089,0318,안국,328,N,07:11:30,07:12:00,,3052,상행,2025-05-01T05:00:00,,평일
3호선,1958,대화,309,,20250619,3호선,0342,오금,352,N,3호선,3089,0317,경복궁,327,N,07:13:30,07:14:00,,3052,상행,2025-05-01T05:00:00,,평일
3호선,1958,대화,309,,20250619,3호선,0342,오금,352,N,3호선,3089,0316,독립문,326,N,07:16:00,07:16:30,,3052,상행,2025-05-01T05:00:00,,평일
3호선,1958,대화,309,,20250619,3호선,0342,오금,352,N,3호선,3089,0315,무악재,325,N,07:18:00,07:18:30,,3052,상행,2025-05-01T05:00:00,,평일
3호선,1958,대화,309,,20250619,3호선,0342,오금,352,N,3호선,3089,0314,홍제,324,N,07:20:00,07:20:30,,3052,상행,2025-05-01T05:00:00,,평일
3호선,1958,대화,309,,20250619,3호선,0342,오금,352,N,3호선,3089,0313,녹번,323,N,07:22:30,07:23:00,,3052,상행,2025-05-01T05:00:00,,평일
3호선,1958,대화,309,,20250619,3호선,0342,오금,352,N,3호선,3089,0312,불광,322,N,07:24:30,07:25:00,,3052,상행,2025-05-01T05:00:00,,평일
3호선,1958,대화,309,,20250619,3호선,0342,오금,352,N,3호선,3089,0311,연신내,321,N,07:26:30,07:27:00,,3052,상행,2025-05-01T05:00:00,,평일
3호선,1958,대화,309,,20250619,3호선,0342,오금,352,N,3호선,3089,0310,구파발,320,N,07:29:00,07:29:30,,3052,상행,2025-05-01T05:00:00,,평일
3호선,1958,대화,309,,20250619,3호선,0342,오금,352,N,3호선,3089,0309,지축,319,N,07:32:30,07:33:00,,3052,상행,2025-05-01T05:00:00,,평일
3호선,1958,대화,309,,20250619,3호선,0342,오금,352,N,3호선,3089,1950,삼송,318,N,07:35:30,07:36:00,,3052,상행,2025-05-01T05:00:00,,평일
3호선,1958,대화,309,,20250619,3호선,0342,오금,352,N,3호선,3089,1948,원흥,317,N,07:38:00,07:38:30,,3052,상행,2025-05-01T05:00:00,,평일
3호선,1958,대화,309,,20250619,3호선,0342,오금,352,N,3호선,3089,1951,원당,316,N,07:41:00,07:41:30,,3052,상행,2025-05-01T05:00:00,,평일
3호선,1958,대화,309,,20250619,3호선,0342,오금,352,N,3호선,3089,1952,화정,315,N,07:44:30,07:45:00,,3052,상행,2025-05-01T05:00:00,,평일
3호선,1958,대화,309,,20250619,3호선,0342,오금,352,N,3호선,3089,1953,대곡,314,N,07:47:30,07:48:00,,3052,상행,2025-05-01T05:00:00,,평일
3호선,1958,대화,309,,20250619,3호선,0342,오금,352,N,3호선,3089,1954,백석,313,N,07:51:00,07:51:30,,3052,상행,2025-05-01T05:00:00,,평일
3호선,1958,대화,309,,20250619,3호선,0342,오금,352,N,3호선,3089,1955,마두,312,N,07:53:30,07:54:00,,3052,상행,2025-05-01T05:00:00,,평일
3호선,1958,대화,309,,20250619,3호선,0342,오금,352,N,3호선,3089,1956,정발산,311,N,07:55:30,07:56:00,,3052,상행,2025-05-01T05:00:00,,평일
3호선,1958,대화,309,,20250619,3호선,0342,오금,352,N,3호선,3089,1957,주엽,310,N,07:58:00,07:58:30,,3052,상행,2025-05-01T05:00:00,,평일
3호선,1958,대화,309,,20250619,3호선,0342,오금,352,N,3호선,3089,1958,대화,309,N,08:00:30,,,3052,상행,2025-05-01T05:00:00,,평일
3호선,0310,구파발,320,,20250619,3호선,0339,수서,349,N,3호선,3059,0339,수서,349,N,,06:35:30,,3054,상행,2025-05-01T05:00:00,,평일
3호선,0310,구파발,320,,20250619,3호선,0339,수서,349,N,3호선,3059,0338,일원,348,N,06:37:30,06:38:00,,3054,상행,2025-05-01T05:00:00,,평일
3호선,0310,구파발,320,,20250619,3호선,0339,수서,349,N,3호선,3059,0337,대청,347,N,06:39:30,06:40:00,,3054,상행,2025-05-01T05:00:00,,평일
3호선,0310,구파발,320,,20250619,3호선,0339,수서,349,N,3호선,3059,0336,학여울,346,N,06:41:30,06:42:00,,3054,상행,2025-05-01T05:00:00,,평일
3호선,0310,구파발,320,,20250619,3호선,0339,수서,349,N,3호선,3059,0335,대치,345,N,06:43:00,06:43:30,,3054,상행,2025-05-01T05:00:00,,평일
3호선,0310,구파발,320,,20250619,3호선,0339,수서,349,N,3호선,3059,0334,도곡,344,N,06:44:30,06:45:00,,3054,상행,2025-05-01T05:00:00,,평일
3호선,0310,구파발,320,,20250619,3호선,0339,수서,349,N,3호선,3059,0333,매봉,343,N,06:46:30,06:47:00,,3054,상행,2025-05-01T05:00:00,,평일
3호선,0310,구파발,320,,20250619,3호선,0339,수서,349,N,3호선,3059,0332,양재,342,N,06:49:00,06:49:30,,3054,상행,2025-05-01T05:00:00,,평일
3호선,0310,구파발,320,,20250619,3호선,0339,수서,349,N,3호선,3059,0331,남부터미널,341,N,06:51:30,06:52:00,,3054,상행,2025-05-01T05:00:00,,평일
3호선,0310,구파발,320,,20250619,3호선,0339,수서,349,N,3호선,3059,0330,교대,340,N,06:53:30,06:54:00,,3054,상행,2025-05-01T05:00:00,,평일
3호선,0310,구파발,320,,20250619,3호선,0339,수서,349,N,3호선,3059,0329,고속터미널,339,N,06:56:00,06:56:30,,3054,상행,2025-05-01T05:00:00,,평일
3호선,0310,구파발,320,,20250619,3호선,0339,수서,349,N,3호선,3059,0328,잠원,338,N,06:58:00,06:58:30,,3054,상행,2025-05-01T05:00:00,,평일
3호선,0310,구파발,320,,20250619,3호선,0339,수서,349,N,3호선,3059,0327,신사,337,N,07:00:00,07:00:30,,3054,상행,2025-05-01T05:00:00,,평일
3호선,0310,구파발,320,,20250619,3호선,0339,수서,349,N,3호선,3059,0326,압구정,336,N,07:02:30,07:03:00,,3054,상행,2025-05-01T05:00:00,,평일
3호선,0310,구파발,320,,20250619,3호선,0339,수서,349,N,3호선,3059,0325,옥수,335,N,07:05:00,07:05:30,,3054,상행,2025-05-01T05:00:00,,평일
3호선,0310,구파발,320,,20250619,3호선,0339,수서,349,N,3호선,3059,0324,금호,334,N,07:06:30,07:07:00,,3054,상행,2025-05-01T05:00:00,,평일
3호선,0310,구파발,320,,20250619,3호선,0339,수서,349,N,3호선,3059,0323,약수,333,N,07:08:00,07:08:30,,3054,상행,2025-05-01T05:00:00,,평일
3호선,0310,구파발,320,,20250619,3호선,0339,수서,349,N,3호선,3059,0322,동대입구,332,N,07:09:30,07:10:00,,3054,상행,2025-05-01T05:00:00,,평일
3호선,0310,구파발,320,,20250619,3호선,0339,수서,349,N,3호선,3059,0321,충무로,331,N,07:11:30,07:12:00,,3054,상행,2025-05-01T05:00:00,,평일
3호선,0310,구파발,320,,20250619,3호선,0339,수서,349,N,3호선,3059,0320,을지로3가,330,N,07:13:00,07:13:30,,3054,상행,2025-05-01T05:00:00,,평일
3호선,0310,구파발,320,,20250619,3호선,0339,수서,349,N,3호선,3059,0319,종로3가,329,N,07:14:30,07:15:00,,3054,상행,2025-05-01T05:00:00,,평일
3호선,0310,구파발,320,,20250619,3호선,0339,수서,349,N,3호선,3059,0318,안국,328,N,07:16:30,07:17:00,,3054,상행,2025-05-01T05:00:00,,평일
3호선,0310,구파발,320,,20250619,3호선,0339,수서,349,N,3호선,3059,0317,경복궁,327,N,07:18:30,07:19:00,,3054,상행,2025-05-01T05:00:00,,평일
3호선,0310,구파발,320,,20250619,3호선,0339,수서,349,N,3호선,3059,0316,독립문,326,N,07:21:00,07:21:30,,3054,상행,2025-05-01T05:00:00,,평일
3호선,0310,구파발,320,,20250619,3호선,0339,수서,349,N,3호선,3059,0315,무악재,325,N,07:23:00,07:23:30,,3054,상행,2025-05-01T05:00:00,,평일
3호선,0310,구파발,320,,20250619,3호선,0339,수서,349,N,3호선,3059,0314,홍제,324,N,07:25:00,07:25:30,,3054,상행,2025-05-01T05:00:00,,평일
3호선,0310,구파발,320,,20250619,3호선,0339,수서,349,N,3호선,3059,0313,녹번,323,N,07:27:30,07:28:00,,3054,상행,2025-05-01T05:00:00,,평일
3호선,0310,구파발,320,,20250619,3호선,0339,수서,349,N,3호선,3059,0312,불광,322,N,07:29:30,07:30:00,,3054,상행,2025-05-01T05:00:00,,평일
3호선,0310,구파발,320,,20250619,3호선,0339,수서,349,N,3호선,3059,0311,연신내,321,N,07:31:30,07:32:00,,3054,상행,2025-05-01T05:00:00,,평일
3호선,0310,구파발,320,,20250619,3호선,0339,수서,349,N,3호선,3059,0310,구파발,320,N,07:34:00,,,3054,상행,2025-05-01T05:00:00,,평일
3호선,1958,대화,309,,20250619,3호선,0342,오금,352,N,3호선,3093,0342,오금,352,N,,06:35:00,,3056,상행,2025-05-01T05:00:00,,평일
3호선,1958,대화,309,,20250619,3호선,0342,오금,352,N,3호선,3093,0341,경찰병원,351,N,06:36:00,06:36:30,,3056,상행,2025-05-01T05:00:00,,평일
3호선,1958,대화,309,,20250619,3호선,0342,오금,352,N,3호선,3093,0340,가락시장,350,N,06:37:30,06:38:00,,3056,상행,2025-05-01T05:00:00,,평일
3호선,1958,대화,309,,20250619,3호선,0342,오금,352,N,3호선,3093,0339,수서,349,N,06:40:00,06:40:30,,3056,상행,2025-05-01T05:00:00,,평일
3호선,1958,대화,309,,20250619,3호선,0342,오금,352,N,3호선,3093,0338,일원,348,N,06:42:30,06:43:00,,3056,상행,2025-05-01T05:00:00,,평일
3호선,1958,대화,309,,20250619,3호선,0342,오금,352,N,3호선,3093,0337,대청,347,N,06:44:30,06:45:00,,3056,상행,2025-05-01T05:00:00,,평일
3호선,1958,대화,309,,20250619,3호선,0342,오금,352,N,3호선,3093,0336,학여울,346,N,06:46:30,06:47:00,,3056,상행,2025-05-01T05:00:00,,평일
3호선,1958,대화,309,,20250619,3호선,0342,오금,352,N,3호선,3093,0335,대치,345,N,06:48:00,06:48:30,,3056,상행,2025-05-01T05:00:00,,평일
3호선,1958,대화,309,,20250619,3호선,0342,오금,352,N,3호선,3093,0334,도곡,344,N,06:49:30,06:50:00,,3056,상행,2025-05-01T05:00:00,,평일
3호선,1958,대화,309,,20250619,3호선,0342,오금,352,N,3호선,3093,0333,매봉,343,N,06:51:30,06:52:00,,3056,상행,2025-05-01T05:00:00,,평일
3호선,1958,대화,309,,20250619,3호선,0342,오금,352,N,3호선,3093,0332,양재,342,N,06:54:00,06:54:30,,3056,상행,2025-05-01T05:00:00,,평일
3호선,1958,대화,309,,20250619,3호선,0342,오금,352,N,3호선,3093,0331,남부터미널,341,N,06:56:30,06:57:00,,3056,상행,2025-05-01T05:00:00,,평일
3호선,1958,대화,309,,20250619,3호선,0342,오금,352,N,3호선,3093,0330,교대,340,N,06:58:30,06:59:00,,3056,상행,2025-05-01T05:00:00,,평일
3호선,1958,대화,309,,20250619,3호선,0342,오금,352,N,3호선,3093,0329,고속터미널,339,N,07:01:00,07:01:30,,3056,상행,2025-05-01T05:00:00,,평일
3호선,1958,대화,309,,20250619,3호선,0342,오금,352,N,3호선,3093,0328,잠원,338,N,07:03:00,07:03:30,,3056,상행,2025-05-01T05:00:00,,평일
3호선,1958,대화,309,,20250619,3호선,0342,오금,352,N,3호선,3093,0327,신사,337,N,07:05:00,07:05:30,,3056,상행,2025-05-01T05:00:00,,평일
3호선,1958,대화,309,,20250619,3호선,0342,오금,352,N,3호선,3093,0326,압구정,336,N,07:07:30,07:08:00,,3056,상행,2025-05-01T05:00:00,,평일
3호선,1958,대화,309,,20250619,3호선,0342,오금,352,N,3호선,3093,0325,옥수,335,N,07:10:00,07:10:30,,3056,상행,2025-05-01T05:00:00,,평일
3호선,1958,대화,309,,20250619,3호선,0342,오금,352,N,3호선,3093,0324,금호,334,N,07:11:30,07:12:00,,3056,상행,2025-05-01T05:00:00,,평일
3호선,1958,대화,309,,20250619,3호선,0342,오금,352,N,3호선,3093,0323,약수,333,N,07:13:00,07:13:30,,3056,상행,2025-05-01T05:00:00,,평일
3호선,1958,대화,309,,20250619,3호선,0342,오금,352,N,3호선,3093,0322,동대입구,332,N,07:14:30,07:15:00,,3056,상행,2025-05-01T05:00:00,,평일
3호선,1958,대화,309,,20250619,3호선,0342,오금,352,N,3호선,3093,0321,충무로,331,N,07:16:30,07:17:00,,3056,상행,2025-05-01T05:00:00,,평일
3호선,1958,대화,309,,20250619,3호선,0342,오금,352,N,3호선,3093,0320,을지로3가,330,N,07:18:00,07:18:30,,3056,상행,2025-05-01T05:00:00,,평일
3호선,1958,대화,309,,20250619,3호선,0342,오금,352,N,3호선,3093,0319,종로3가,329,N,07:19:30,07:20:00,,3056,상행,2025-05-01T05:00:00,,평일
3호선,1958,대화,309,,20250619,3호선,0342,오금,352,N,3호선,3093,0318,안국,328,N,07:21:30,07:22:00,,3056,상행,2025-05-01T05:00:00,,평일
3호선,1958,대화,309,,20250619,3호선,0342,오금,352,N,3호선,3093,0317,경복궁,327,N,07:23:30,07:24:00,,3056,상행,2025-05-01T05:00:00,,평일
3호선,1958,대화,309,,20250619,3호선,0342,오금,352,N,3호선,3093,0316,독립문,326,N,07:26:00,07:26:30,,3056,상행,2025-05-01T05:00:00,,평일
3호선,1958,대화,309,,20250619,3호선,0342,오금,352,N,3호선,3093,0315,무악재,325,N,07:28:00,07:28:30,,3056,상행,2025-05-01T05:00:00,,평일
3호선,1958,대화,309,,20250619,3호선,0342,오금,352,N,3호선,3093,0314,홍제,324,N,07:30:00,07:30:30,,3056,상행,2025-05-01T05:00:00,,평일
3호선,1958,대화,309,,20250619,3호선,0342,오금,352,N,3호선,3093,0313,녹번,323,N,07:32:30,07:33:00,,3056,상행,2025-05-01T05:00:00,,평일
3호선,1958,대화,309,,20250619,3호선,0342,오금,352,N,3호선,3093,0312,불광,322,N,07:34:30,07:35:00,,3056,상행,2025-05-01T05:00:00,,평일
3호선,1958,대화,309,,20250619,3호선,0342,오금,352,N,3호선,3093,0311,연신내,321,N,07:36:30,07:37:00,,3056,상행,2025-05-01T05:00:00,,평일
3호선,1958,대화,309,,20250619,3호선,0342,오금,352,N,3호선,3093,0310,구파발,320,N,07:39:00,07:39:30,,3056,상행,2025-05-01T05:00:00,,평일
3호선,1958,대화,309,,20250619,3호선,0342,오금,352,N,3호선,3093,0309,지축,319,N,07:42:30,07:43:00,,3056,상행,2025-05-01T05:00:00,,평일
3호선,1958,대화,309,,20250619,3호선,0342,오금,352,N,3호선,3093,1950,삼송,318,N,07:45:30,07:46:00,,3056,상행,2025-05-01T05:00:00,,평일
3호선,1958,대화,309,,20250619,3호선,0342,오금,352,N,3호선,3093,1948,원흥,317,N,07:48:00,07:48:30,,3056,상행,2025-05-01T05:00:00,,평일
3호선,1958,대화,309,,20250619,3호선,0342,오금,352,N,3호선,3093,1951,원당,316,N,07:51:00,07:51:30,,3056,상행,2025-05-01T05:00:00,,평일
3호선,1958,대화,309,,20250619,3호선,0342,오금,352,N,3호선,3093,1952,화정,315,N,07:54:30,07:55:00,,3056,상행,2025-05-01T05:00:00,,평일
3호선,1958,대화,309,,20250619,3호선,0342,오금,352,N,3호선,3093,1953,대곡,314,N,07:57:30,07:58:00,,3056,상행,2025-05-01T05:00:00,,평일
3호선,1958,대화,309,,20250619,3호선,0342,오금,352,N,3호선,3093,1954,백석,313,N,08:01:00,08:01:30,,3056,상행,2025-05-01T05:00:00,,평일
3호선,1958,대화,309,,20250619,3호선,0342,오금,352,N,3호선,3093,1955,마두,312,N,08:03:30,08:04:00,,3056,상행,2025-05-01T05:00:00,,평일
3호선,1958,대화,309,,20250619,3호선,0342,오금,352,N,3호선,3093,1956,정발산,311,N,08:05:30,08:06:00,,3056,상행,2025-05-01T05:00:00,,평일
3호선,1958,대화,309,,20250619,3호선,0342,오금,352,N,3호선,3093,1957,주엽,310,N,08:08:00,08:08:30,,3056,상행,2025-05-01T05:00:00,,평일
3호선,1958,대화,309,,20250619,3호선,0342,오금,352,N,3호선,3093,1958,대화,309,N,08:10:30,,,3056,상행,2025-05-01T05:00:00,,평일
3호선,1958,대화,309,,20250619,3호선,0339,수서,349,N,3호선,3097,0339,수서,349,N,,06:45:30,,3058,상행,2025-05-01T05:00:00,,평일
3호선,1958,대화,309,,20250619,3호선,0339,수서,349,N,3호선,3097,0338,일원,348,N,06:47:30,06:48:00,,3058,상행,2025-05-01T05:00:00,,평일
3호선,1958,대화,309,,20250619,3호선,0339,수서,349,N,3호선,3097,0337,대청,347,N,06:49:30,06:50:00,,3058,상행,2025-05-01T05:00:00,,평일
3호선,1958,대화,309,,20250619,3호선,0339,수서,349,N,3호선,3097,0336,학여울,346,N,06:51:30,06:52:00,,3058,상행,2025-05-01T05:00:00,,평일
3호선,1958,대화,309,,20250619,3호선,0339,수서,349,N,3호선,3097,0335,대치,345,N,06:53:00,06:53:30,,3058,상행,2025-05-01T05:00:00,,평일
3호선,1958,대화,309,,20250619,3호선,0339,수서,349,N,3호선,3097,0334,도곡,344,N,06:54:30,06:55:00,,3058,상행,2025-05-01T05:00:00,,평일
3호선,1958,대화,309,,20250619,3호선,0339,수서,349,N,3호선,3097,0333,매봉,343,N,06:56:30,06:57:00,,3058,상행,2025-05-01T05:00:00,,평일
3호선,1958,대화,309,,20250619,3호선,0339,수서,349,N,3호선,3097,0332,양재,342,N,06:59:00,06:59:30,,3058,상행,2025-05-01T05:00:00,,평일
3호선,1958,대화,309,,20250619,3호선,0339,수서,349,N,3호선,3097,0331,남부터미널,341,N,07:01:30,07:02:00,,3058,상행,2025-05-01T05:00:00,,평일
3호선,1958,대화,309,,20250619,3호선,0339,수서,349,N,3호선,3097,0330,교대,340,N,07:03:30,07:04:00,,3058,상행,2025-05-01T05:00:00,,평일
3호선,1958,대화,309,,20250619,3호선,0339,수서,349,N,3호선,3097,0329,고속터미널,339,N,07:06:00,07:06:30,,3058,상행,2025-05-01T05:00:00,,평일
3호선,1958,대화,309,,20250619,3호선,0339,수서,349,N,3호선,3097,0328,잠원,338,N,07:08:00,07:08:30,,3058,상행,2025-05-01T05:00:00,,평일
3호선,1958,대화,309,,20250619,3호선,0339,수서,349,N,3호선,3097,0327,신사,337,N,07:10:00,07:10:30,,3058,상행,2025-05-01T05:00:00,,평일
3호선,1958,대화,309,,20250619,3호선,0339,수서,349,N,3호선,3097,0326,압구정,336,N,07:12:30,07:13:00,,3058,상행,2025-05-01T05:00:00,,평일
3호선,1958,대화,309,,20250619,3호선,0339,수서,349,N,3호선,3097,0325,옥수,335,N,07:15:00,07:15:30,,3058,상행,2025-05-01T05:00:00,,평일
3호선,1958,대화,309,,20250619,3호선,0339,수서,349,N,3호선,3097,0324,금호,334,N,07:16:30,07:17:00,,3058,상행,2025-05-01T05:00:00,,평일
3호선,1958,대화,309,,20250619,3호선,0339,수서,349,N,3호선,3097,0323,약수,333,N,07:18:00,07:18:30,,3058,상행,2025-05-01T05:00:00,,평일
3호선,1958,대화,309,,20250619,3호선,0339,수서,349,N,3호선,3097,0322,동대입구,332,N,07:19:30,07:20:00,,3058,상행,2025-05-01T05:00:00,,평일
3호선,1958,대화,309,,20250619,3호선,0339,수서,349,N,3호선,3097,0321,충무로,331,N,07:21:30,07:22:00,,3058,상행,2025-05-01T05:00:00,,평일
3호선,1958,대화,309,,20250619,3호선,0339,수서,349,N,3호선,3097,0320,을지로3가,330,N,07:23:00,07:23:30,,3058,상행,2025-05-01T05:00:00,,평일
3호선,1958,대화,309,,20250619,3호선,0339,수서,349,N,3호선,3097,0319,종로3가,329,N,07:24:30,07:25:00,,3058,상행,2025-05-01T05:00:00,,평일
3호선,1958,대화,309,,20250619,3호선,0339,수서,349,N,3호선,3097,0318,안국,328,N,07:26:30,07:27:00,,3058,상행,2025-05-01T05:00:00,,평일
3호선,1958,대화,309,,20250619,3호선,0339,수서,349,N,3호선,3097,0317,경복궁,327,N,07:28:30,07:29:00,,3058,상행,2025-05-01T05:00:00,,평일
3호선,1958,대화,309,,20250619,3호선,0339,수서,349,N,3호선,3097,0316,독립문,326,N,07:31:00,07:31:30,,3058,상행,2025-05-01T05:00:00,,평일
3호선,1958,대화,309,,20250619,3호선,0339,수서,349,N,3호선,3097,0315,무악재,325,N,07:33:00,07:33:30,,3058,상행,2025-05-01T05:00:00,,평일
3호선,1958,대화,309,,20250619,3호선,0339,수서,349,N,3호선,3097,0314,홍제,324,N,07:35:00,07:35:30,,3058,상행,2025-05-01T05:00:00,,평일
3호선,1958,대화,309,,20250619,3호선,0339,수서,349,N,3호선,3097,0313,녹번,323,N,07:37:30,07:38:00,,3058,상행,2025-05-01T05:00:00,,평일
3호선,1958,대화,309,,20250619,3호선,0339,수서,349,N,3호선,3097,0312,불광,322,N,07:39:30,07:40:00,,3058,상행,2025-05-01T05:00:00,,평일
3호선,1958,대화,309,,20250619,3호선,0339,수서,349,N,3호선,3097,0311,연신내,321,N,07:41:30,07:42:00,,3058,상행,2025-05-01T05:00:00,,평일
3호선,1958,대화,309,,20250619,3호선,0339,수서,349,N,3호선,3097,0310,구파발,320,N,07:44:00,07:44:30,,3058,상행,2025-05-01T05:00:00,,평일
3호선,1958,대화,309,,20250619,3호선,0339,수서,349,N,3호선,3097,0309,지축,319,N,07:47:30,07:48:00,,3058,상행,2025-05-01T05:00:00,,평일
3호선,1958,대화,309,,20250619,3호선,0339,수서,349,N,3호선,3097,1950,삼송,318,N,07:50:30,07:51:00,,3058,상행,2025-05-01T05:00:00,,평일
3호선,1958,대화,309,,20250619,3호선,0339,수서,349,N,3호선,3097,1948,원흥,317,N,07:53:00,07:53:30,,3058,상행,2025-05-01T05:00:00,,평일
3호선,1958,대화,309,,20250619,3호선,0339,수서,349,N,3호선,3097,1951,원당,316,N,07:56:00,07:56:30,,3058,상행,2025-05-01T05:00:00,,평일
3호선,1958,대화,309,,20250619,3호선,0339,수서,349,N,3호선,3097,1952,화정,315,N,07:59:30,08:00:00,,3058,상행,2025-05-01T05:00:00,,평일
3호선,1958,대화,309,,20250619,3호선,0339,수서,349,N,3호선,3097,1953,대곡,314,N,08:02:30,08:03:00,,3058,상행,2025-05-01T05:00:00,,평일
3호선,1958,대화,309,,20250619,3호선,0339,수서,349,N,3호선,3097,1954,백석,313,N,08:06:00,08:06:30,,3058,상행,2025-05-01T05:00:00,,평일
3호선,1958,대화,309,,20250619,3호선,0339,수서,349,N,3호선,3097,1955,마두,312,N,08:08:30,08:09:00,,3058,상행,2025-05-01T05:00:00,,평일
3호선,1958,대화,309,,20250619,3호선,0339,수서,349,N,3호선,3097,1956,정발산,311,N,08:10:30,08:11:00,,3058,상행,2025-05-01T05:00:00,,평일
3호선,1958,대화,309,,20250619,3호선,0339,수서,349,N,3호선,3097,1957,주엽,310,N,08:13:00,08:13:30,,3058,상행,2025-05-01T05:00:00,,평일
3호선,1958,대화,309,,20250619,3호선,0339,수서,349,N,3호선,3097,1958,대화,309,N,08:15:30,,,3058,상행,2025-05-01T05:00:00,,평일
3호선,1958,대화,309,,20250619,3호선,0342,오금,352,N,3호선,3099,0342,오금,352,N,,06:45:00,,3060,상행,2025-05-01T05:00:00,,평일
3호선,1958,대화,309,,20250619,3호선,0342,오금,352,N,3호선,3099,0341,경찰병원,351,N,06:46:00,06:46:30,,3060,상행,2025-05-01T05:00:00,,평일
3호선,1958,대화,309,,20250619,3호선,0342,오금,352,N,3호선,3099,0340,가락시장,350,N,06:47:30,06:48:00,,3060,상행,2025-05-01T05:00:00,,평일
3호선,1958,대화,309,,20250619,3호선,0342,오금,352,N,3호선,3099,0339,수서,349,N,06:50:00,06:50:30,,3060,상행,2025-05-01T05:00:00,,평일
3호선,1958,대화,309,,20250619,3호선,0342,오금,352,N,3호선,3099,0338,일원,348,N,06:52:30,06:53:00,,3060,상행,2025-05-01T05:00:00,,평일
3호선,1958,대화,309,,20250619,3호선,0342,오금,352,N,3호선,3099,0337,대청,347,N,06:54:30,06:55:00,,3060,상행,2025-05-01T05:00:00,,평일
3호선,1958,대화,309,,20250619,3호선,0342,오금,352,N,3호선,3099,0336,학여울,346,N,06:56:30,06:57:00,,3060,상행,2025-05-01T05:00:00,,평일
3호선,1958,대화,309,,20250619,3호선,0342,오금,352,N,3호선,3099,0335,대치,345,N,06:58:00,06:58:30,,3060,상행,2025-05-01T05:00:00,,평일
3호선,1958,대화,309,,20250619,3호선,0342,오금,352,N,3호선,3099,0334,도곡,344,N,06:59:30,07:00:00,,3060,상행,2025-05-01T05:00:00,,평일
3호선,1958,대화,309,,20250619,3호선,0342,오금,352,N,3호선,3099,0333,매봉,343,N,07:01:30,07:02:00,,3060,상행,2025-05-01T05:00:00,,평일
3호선,1958,대화,309,,20250619,3호선,0342,오금,352,N,3호선,3099,0332,양재,342,N,07:04:00,07:04:30,,3060,상행,2025-05-01T05:00:00,,평일
3호선,1958,대화,309,,20250619,3호선,0342,오금,352,N,3호선,3099,0331,남부터미널,341,N,07:06:30,07:07:00,,3060,상행,2025-05-01T05:00:00,,평일
3호선,1958,대화,309,,20250619,3호선,0342,오금,352,N,3호선,3099,0330,교대,340,N,07:08:30,07:09:00,,3060,상행,2025-05-01T05:00:00,,평일
3호선,1958,대화,309,,20250619,3호선,0342,오금,352,N,3호선,3099,0329,고속터미널,339,N,07:11:00,07:11:30,,3060,상행,2025-05-01T05:00:00,,평일
3호선,1958,대화,309,,20250619,3호선,0342,오금,352,N,3호선,3099,0328,잠원,338,N,07:13:00,07:13:30,,3060,상행,2025-05-01T05:00:00,,평일
3호선,1958,대화,309,,20250619,3호선,0342,오금,352,N,3호선,3099,0327,신사,337,N,07:15:00,07:15:30,,3060,상행,2025-05-01T05:00:00,,평일
3호선,1958,대화,309,,20250619,3호선,0342,오금,352,N,3호선,3099,0326,압구정,336,N,07:17:30,07:18:00,,3060,상행,2025-05-01T05:00:00,,평일
3호선,1958,대화,309,,20250619,3호선,0342,오금,352,N,3호선,3099,0325,옥수,335,N,07:20:00,07:20:30,,3060,상행,2025-05-01T05:00:00,,평일
3호선,1958,대화,309,,20250619,3호선,0342,오금,352,N,3호선,3099,0324,금호,334,N,07:21:30,07:22:00,,3060,상행,2025-05-01T05:00:00,,평일
3호선,1958,대화,309,,20250619,3호선,0342,오금,352,N,3호선,3099,0323,약수,333,N,07:23:00,07:23:30,,3060,상행,2025-05-01T05:00:00,,평일
3호선,1958,대화,309,,20250619,3호선,0342,오금,352,N,3호선,3099,0322,동대입구,332,N,07:24:30,07:25:00,,3060,상행,2025-05-01T05:00:00,,평일
3호선,1958,대화,309,,20250619,3호선,0342,오금,352,N,3호선,3099,0321,충무로,331,N,07:26:30,07:27:00,,3060,상행,2025-05-01T05:00:00,,평일
3호선,1958,대화,309,,20250619,3호선,0342,오금,352,N,3호선,3099,0320,을지로3가,330,N,07:28:00,07:28:30,,3060,상행,2025-05-01T05:00:00,,평일
3호선,1958,대화,309,,20250619,3호선,0342,오금,352,N,3호선,3099,0319,종로3가,329,N,07:29:30,07:30:00,,3060,상행,2025-05-01T05:00:00,,평일
3호선,1958,대화,309,,20250619,3호선,0342,오금,352,N,3호선,3099,0318,안국,328,N,07:31:30,07:32:00,,3060,상행,2025-05-01T05:00:00,,평일
3호선,1958,대화,309,,20250619,3호선,0342,오금,352,N,3호선,3099,0317,경복궁,327,N,07:33:30,07:34:00,,3060,상행,2025-05-01T05:00:00,,평일
3호선,1958,대화,309,,20250619,3호선,0342,오금,352,N,3호선,3099,0316,독립문,326,N,07:36:00,07:36:30,,3060,상행,2025-05-01T05:00:00,,평일
3호선,1958,대화,309,,20250619,3호선,0342,오금,352,N,3호선,3099,0315,무악재,325,N,07:38:00,07:38:30,,3060,상행,2025-05-01T05:00:00,,평일
3호선,1958,대화,309,,20250619,3호선,0342,오금,352,N,3호선,3099,0314,홍제,324,N,07:40:00,07:40:30,,3060,상행,2025-05-01T05:00:00,,평일
3호선,1958,대화,309,,20250619,3호선,0342,오금,352,N,3호선,3099,0313,녹번,323,N,07:42:30,07:43:00,,3060,상행,2025-05-01T05:00:00,,평일
3호선,1958,대화,309,,20250619,3호선,0342,오금,352,N,3호선,3099,0312,불광,322,N,07:44:30,07:45:00,,3060,상행,2025-05-01T05:00:00,,평일
3호선,1958,대화,309,,20250619,3호선,0342,오금,352,N,3호선,3099,0311,연신내,321,N,07:46:30,07:47:00,,3060,상행,2025-05-01T05:00:00,,평일
3호선,1958,대화,309,,20250619,3호선,0342,오금,352,N,3호선,3099,0310,구파발,320,N,07:49:00,07:49:30,,3060,상행,2025-05-01T05:00:00,,평일
3호선,1958,대화,309,,20250619,3호선,0342,오금,352,N,3호선,3099,0309,지축,319,N,07:52:30,07:53:00,,3060,상행,2025-05-01T05:00:00,,평일
3호선,1958,대화,309,,20250619,3호선,0342,오금,352,N,3호선,3099,1950,삼송,318,N,07:55:30,07:56:00,,3060,상행,2025-05-01T05:00:00,,평일
3호선,1958,대화,309,,20250619,3호선,0342,오금,352,N,3호선,3099,1948,원흥,317,N,07:58:00,07:58:30,,3060,상행,2025-05-01T05:00:00,,평일
3호선,1958,대화,309,,20250619,3호선,0342,오금,352,N,3호선,3099,1951,원당,316,N,08:01:00,08:01:30,,3060,상행,2025-05-01T05:00:00,,평일
3호선,1958,대화,309,,20250619,3호선,0342,오금,352,N,3호선,3099,1952,화정,315,N,08:04:30,08:05:00,,3060,상행,2025-05-01T05:00:00,,평일
3호선,1958,대화,309,,20250619,3호선,0342,오금,352,N,3호선,3099,1953,대곡,314,N,08:07:30,08:08:00,,3060,상행,2025-05-01T05:00:00,,평일
3호선,1958,대화,309,,20250619,3호선,0342,오금,352,N,3호선,3099,1954,백석,313,N,08:11:00,08:11:30,,3060,상행,2025-05-01T05:00:00,,평일
3호선,1958,대화,309,,20250619,3호선,0342,오금,352,N,3호선,3099,1955,마두,312,N,08:13:30,08:14:00,,3060,상행,2025-05-01T05:00:00,,평일
3호선,1958,대화,309,,20250619,3호선,0342,오금,352,N,3호선,3099,1956,정발산,311,N,08:15:30,08:16:00,,3060,상행,2025-05-01T05:00:00,,평일
3호선,1958,대화,309,,20250619,3호선,0342,오금,352,N,3호선,3099,1957,주엽,310,N,08:18:00,08:18:30,,3060,상행,2025-05-01T05:00:00,,평일
3호선,1958,대화,309,,20250619,3호선,0342,오금,352,N,3호선,3099,1958,대화,309,N,08:20:30,,,3060,상행,2025-05-01T05:00:00,,평일
3호선,1958,대화,309,,20250619,3호선,0339,수서,349,N,3호선,3103,0339,수서,349,N,,06:54:30,,3062,상행,2025-05-01T05:00:00,,평일
3호선,1958,대화,309,,20250619,3호선,0339,수서,349,N,3호선,3103,0338,일원,348,N,06:56:30,06:57:00,,3062,상행,2025-05-01T05:00:00,,평일
3호선,1958,대화,309,,20250619,3호선,0339,수서,349,N,3호선,3103,0337,대청,347,N,06:58:30,06:59:00,,3062,상행,2025-05-01T05:00:00,,평일
3호선,1958,대화,309,,20250619,3호선,0339,수서,349,N,3호선,3103,0336,학여울,346,N,07:00:30,07:01:00,,3062,상행,2025-05-01T05:00:00,,평일
3호선,1958,대화,309,,20250619,3호선,0339,수서,349,N,3호선,3103,0335,대치,345,N,07:02:00,07:02:30,,3062,상행,2025-05-01T05:00:00,,평일
3호선,1958,대화,309,,20250619,3호선,0339,수서,349,N,3호선,3103,0334,도곡,344,N,07:03:30,07:04:00,,3062,상행,2025-05-01T05:00:00,,평일
3호선,1958,대화,309,,20250619,3호선,0339,수서,349,N,3호선,3103,0333,매봉,343,N,07:05:30,07:06:00,,3062,상행,2025-05-01T05:00:00,,평일
3호선,1958,대화,309,,20250619,3호선,0339,수서,349,N,3호선,3103,0332,양재,342,N,07:08:00,07:08:30,,3062,상행,2025-05-01T05:00:00,,평일
3호선,1958,대화,309,,20250619,3호선,0339,수서,349,N,3호선,3103,0331,남부터미널,341,N,07:10:30,07:11:00,,3062,상행,2025-05-01T05:00:00,,평일
3호선,1958,대화,309,,20250619,3호선,0339,수서,349,N,3호선,3103,0330,교대,340,N,07:12:30,07:13:00,,3062,상행,2025-05-01T05:00:00,,평일
3호선,1958,대화,309,,20250619,3호선,0339,수서,349,N,3호선,3103,0329,고속터미널,339,N,07:15:00,07:15:30,,3062,상행,2025-05-01T05:00:00,,평일
3호선,1958,대화,309,,20250619,3호선,0339,수서,349,N,3호선,3103,0328,잠원,338,N,07:17:00,07:17:30,,3062,상행,2025-05-01T05:00:00,,평일
3호선,1958,대화,309,,20250619,3호선,0339,수서,349,N,3호선,3103,0327,신사,337,N,07:19:00,07:19:30,,3062,상행,2025-05-01T05:00:00,,평일
3호선,1958,대화,309,,20250619,3호선,0339,수서,349,N,3호선,3103,0326,압구정,336,N,07:21:30,07:22:00,,3062,상행,2025-05-01T05:00:00,,평일
3호선,1958,대화,309,,20250619,3호선,0339,수서,349,N,3호선,3103,0325,옥수,335,N,07:24:00,07:24:30,,3062,상행,2025-05-01T05:00:00,,평일
3호선,1958,대화,309,,20250619,3호선,0339,수서,349,N,3호선,3103,0324,금호,334,N,07:25:30,07:26:00,,3062,상행,2025-05-01T05:00:00,,평일
3호선,1958,대화,309,,20250619,3호선,0339,수서,349,N,3호선,3103,0323,약수,333,N,07:27:00,07:27:30,,3062,상행,2025-05-01T05:00:00,,평일
3호선,1958,대화,309,,20250619,3호선,0339,수서,349,N,3호선,3103,0322,동대입구,332,N,07:28:30,07:29:00,,3062,상행,2025-05-01T05:00:00,,평일
3호선,1958,대화,309,,20250619,3호선,0339,수서,349,N,3호선,3103,0321,충무로,331,N,07:30:30,07:31:00,,3062,상행,2025-05-01T05:00:00,,평일
3호선,1958,대화,309,,20250619,3호선,0339,수서,349,N,3호선,3103,0320,을지로3가,330,N,07:32:00,07:32:30,,3062,상행,2025-05-01T05:00:00,,평일
3호선,1958,대화,309,,20250619,3호선,0339,수서,349,N,3호선,3103,0319,종로3가,329,N,07:33:30,07:34:00,,3062,상행,2025-05-01T05:00:00,,평일
3호선,1958,대화,309,,20250619,3호선,0339,수서,349,N,3호선,3103,0318,안국,328,N,07:35:30,07:36:00,,3062,상행,2025-05-01T05:00:00,,평일
3호선,1958,대화,309,,20250619,3호선,0339,수서,349,N,3호선,3103,0317,경복궁,327,N,07:37:30,07:38:00,,3062,상행,2025-05-01T05:00:00,,평일
3호선,1958,대화,309,,20250619,3호선,0339,수서,349,N,3호선,3103,0316,독립문,326,N,07:40:00,07:40:30,,3062,상행,2025-05-01T05:00:00,,평일
3호선,1958,대화,309,,20250619,3호선,0339,수서,349,N,3호선,3103,0315,무악재,325,N,07:42:00,07:42:30,,3062,상행,2025-05-01T05:00:00,,평일
3호선,1958,대화,309,,20250619,3호선,0339,수서,349,N,3호선,3103,0314,홍제,324,N,07:44:00,07:44:30,,3062,상행,2025-05-01T05:00:00,,평일
3호선,1958,대화,309,,20250619,3호선,0339,수서,349,N,3호선,3103,0313,녹번,323,N,07:46:30,07:47:00,,3062,상행,2025-05-01T05:00:00,,평일
3호선,1958,대화,309,,20250619,3호선,0339,수서,349,N,3호선,3103,0312,불광,322,N,07:48:30,07:49:00,,3062,상행,2025-05-01T05:00:00,,평일
3호선,1958,대화,309,,20250619,3호선,0339,수서,349,N,3호선,3103,0311,연신내,321,N,07:50:30,07:51:00,,3062,상행,2025-05-01T05:00:00,,평일
3호선,1958,대화,309,,20250619,3호선,0339,수서,349,N,3호선,3103,0310,구파발,320,N,07:53:00,07:53:30,,3062,상행,2025-05-01T05:00:00,,평일
3호선,1958,대화,309,,20250619,3호선,0339,수서,349,N,3호선,3103,0309,지축,319,N,07:56:30,07:57:00,,3062,상행,2025-05-01T05:00:00,,평일
3호선,1958,대화,309,,20250619,3호선,0339,수서,349,N,3호선,3103,1950,삼송,318,N,07:59:30,08:00:00,,3062,상행,2025-05-01T05:00:00,,평일
3호선,1958,대화,309,,20250619,3호선,0339,수서,349,N,3호선,3103,1948,원흥,317,N,08:02:00,08:02:30,,3062,상행,2025-05-01T05:00:00,,평일
3호선,1958,대화,309,,20250619,3호선,0339,수서,349,N,3호선,3103,1951,원당,316,N,08:05:00,08:05:30,,3062,상행,2025-05-01T05:00:00,,평일
3호선,1958,대화,309,,20250619,3호선,0339,수서,349,N,3호선,3103,1952,화정,315,N,08:08:30,08:09:00,,3062,상행,2025-05-01T05:00:00,,평일
3호선,1958,대화,309,,20250619,3호선,0339,수서,349,N,3호선,3103,1953,대곡,314,N,08:11:30,08:12:00,,3062,상행,2025-05-01T05:00:00,,평일
3호선,1958,대화,309,,20250619,3호선,0339,수서,349,N,3호선,3103,1954,백석,313,N,08:15:00,08:15:30,,3062,상행,2025-05-01T05:00:00,,평일
3호선,1958,대화,309,,20250619,3호선,0339,수서,349,N,3호선,3103,1955,마두,312,N,08:17:30,08:18:00,,3062,상행,2025-05-01T05:00:00,,평일
3호선,1958,대화,309,,20250619,3호선,0339,수서,349,N,3호선,3103,1956,정발산,311,N,08:19:30,08:20:00,,3062,상행,2025-05-01T05:00:00,,평일
3호선,1958,대화,309,,20250619,3호선,0339,수서,349,N,3호선,3103,1957,주엽,310,N,08:22:00,08:22:30,,3062,상행,2025-05-01T05:00:00,,평일
3호선,1958,대화,309,,20250619,3호선,0339,수서,349,N,3호선,3103,1958,대화,309,N,08:24:30,,,3062,상행,2025-05-01T05:00:00,,평일
3호선,1958,대화,309,,20250619,3호선,0342,오금,352,N,3호선,3107,0342,오금,352,N,,06:53:00,,3064,상행,2025-05-01T05:00:00,,평일
3호선,1958,대화,309,,20250619,3호선,0342,오금,352,N,3호선,3107,0341,경찰병원,351,N,06:54:00,06:54:30,,3064,상행,2025-05-01T05:00:00,,평일
3호선,1958,대화,309,,20250619,3호선,0342,오금,352,N,3호선,3107,0340,가락시장,350,N,06:55:30,06:56:00,,3064,상행,2025-05-01T05:00:00,,평일
3호선,1958,대화,309,,20250619,3호선,0342,오금,352,N,3호선,3107,0339,수서,349,N,06:58:00,06:58:30,,3064,상행,2025-05-01T05:00:00,,평일
3호선,1958,대화,309,,20250619,3호선,0342,오금,352,N,3호선,3107,0338,일원,348,N,07:00:30,07:01:00,,3064,상행,2025-05-01T05:00:00,,평일
3호선,1958,대화,309,,20250619,3호선,0342,오금,352,N,3호선,3107,0337,대청,347,N,07:02:30,07:03:00,,3064,상행,2025-05-01T05:00:00,,평일
3호선,1958,대화,309,,20250619,3호선,0342,오금,352,N,3호선,3107,0336,학여울,346,N,07:04:30,07:05:00,,3064,상행,2025-05-01T05:00:00,,평일
3호선,1958,대화,309,,20250619,3호선,0342,오금,352,N,3호선,3107,0335,대치,345,N,07:06:00,07:06:30,,3064,상행,2025-05-01T05:00:00,,평일
3호선,1958,대화,309,,20250619,3호선,0342,오금,352,N,3호선,3107,0334,도곡,344,N,07:07:30,07:08:00,,3064,상행,2025-05-01T05:00:00,,평일
3호선,1958,대화,309,,20250619,3호선,0342,오금,352,N,3호선,3107,0333,매봉,343,N,07:09:30,07:10:00,,3064,상행,2025-05-01T05:00:00,,평일
3호선,1958,대화,309,,20250619,3호선,0342,오금,352,N,3호선,3107,0332,양재,342,N,07:12:00,07:12:30,,3064,상행,2025-05-01T05:00:00,,평일
3호선,1958,대화,309,,20250619,3호선,0342,오금,352,N,3호선,3107,0331,남부터미널,341,N,07:14:30,07:15:00,,3064,상행,2025-05-01T05:00:00,,평일
3호선,1958,대화,309,,20250619,3호선,0342,오금,352,N,3호선,3107,0330,교대,340,N,07:16:30,07:17:00,,3064,상행,2025-05-01T05:00:00,,평일
3호선,1958,대화,309,,20250619,3호선,0342,오금,352,N,3호선,3107,0329,고속터미널,339,N,07:19:00,07:19:30,,3064,상행,2025-05-01T05:00:00,,평일
3호선,1958,대화,309,,20250619,3호선,0342,오금,352,N,3호선,3107,0328,잠원,338,N,07:21:00,07:21:30,,3064,상행,2025-05-01T05:00:00,,평일
3호선,1958,대화,309,,20250619,3호선,0342,오금,352,N,3호선,3107,0327,신사,337,N,07:23:00,07:23:30,,3064,상행,2025-05-01T05:00:00,,평일
3호선,1958,대화,309,,20250619,3호선,0342,오금,352,N,3호선,3107,0326,압구정,336,N,07:25:30,07:26:00,,3064,상행,2025-05-01T05:00:00,,평일
3호선,1958,대화,309,,20250619,3호선,0342,오금,352,N,3호선,3107,0325,옥수,335,N,07:28:00,07:28:30,,3064,상행,2025-05-01T05:00:00,,평일
3호선,1958,대화,309,,20250619,3호선,0342,오금,352,N,3호선,3107,0324,금호,334,N,07:29:30,07:30:00,,3064,상행,2025-05-01T05:00:00,,평일
3호선,1958,대화,309,,20250619,3호선,0342,오금,352,N,3호선,3107,0323,약수,333,N,07:31:00,07:31:30,,3064,상행,2025-05-01T05:00:00,,평일
3호선,1958,대화,309,,20250619,3호선,0342,오금,352,N,3호선,3107,0322,동대입구,332,N,07:32:30,07:33:00,,3064,상행,2025-05-01T05:00:00,,평일
3호선,1958,대화,309,,20250619,3호선,0342,오금,352,N,3호선,3107,0321,충무로,331,N,07:34:30,07:35:00,,3064,상행,2025-05-01T05:00:00,,평일
3호선,1958,대화,309,,20250619,3호선,0342,오금,352,N,3호선,3107,0320,을지로3가,330,N,07:36:00,07:36:30,,3064,상행,2025-05-01T05:00:00,,평일
3호선,1958,대화,309,,20250619,3호선,0342,오금,352,N,3호선,3107,0319,종로3가,329,N,07:37:30,07:38:00,,3064,상행,2025-05-01T05:00:00,,평일
3호선,1958,대화,309,,20250619,3호선,0342,오금,352,N,3호선,3107,0318,안국,328,N,07:39:30,07:40:00,,3064,상행,2025-05-01T05:00:00,,평일
3호선,1958,대화,309,,20250619,3호선,0342,오금,352,N,3호선,3107,0317,경복궁,327,N,07:41:30,07:42:00,,3064,상행,2025-05-01T05:00:00,,평일
3호선,1958,대화,309,,20250619,3호선,0342,오금,352,N,3호선,3107,0316,독립문,326,N,07:44:00,07:44:30,,3064,상행,2025-05-01T05:00:00,,평일
3호선,1958,대화,309,,20250619,3호선,0342,오금,352,N,3호선,3107,0315,무악재,325,N,07:46:00,07:46:30,,3064,상행,2025-05-01T05:00:00,,평일
3호선,1958,대화,309,,20250619,3호선,0342,오금,352,N,3호선,3107,0314,홍제,324,N,07:48:00,07:48:30,,3064,상행,2025-05-01T05:00:00,,평일
3호선,1958,대화,309,,20250619,3호선,0342,오금,352,N,3호선,3107,0313,녹번,323,N,07:50:30,07:51:00,,3064,상행,2025-05-01T05:00:00,,평일
3호선,1958,대화,309,,20250619,3호선,0342,오금,352,N,3호선,3107,0312,불광,322,N,07:52:30,07:53:00,,3064,상행,2025-05-01T05:00:00,,평일
3호선,1958,대화,309,,20250619,3호선,0342,오금,352,N,3호선,3107,0311,연신내,321,N,07:54:30,07:55:00,,3064,상행,2025-05-01T05:00:00,,평일
3호선,1958,대화,309,,20250619,3호선,0342,오금,352,N,3호선,3107,0310,구파발,320,N,07:57:00,07:57:30,,3064,상행,2025-05-01T05:00:00,,평일
3호선,1958,대화,309,,20250619,3호선,0342,오금,352,N,3호선,3107,0309,지축,319,N,08:00:30,08:01:00,,3064,상행,2025-05-01T05:00:00,,평일
3호선,1958,대화,309,,20250619,3호선,0342,오금,352,N,3호선,3107,1950,삼송,318,N,08:03:30,08:04:00,,3064,상행,2025-05-01T05:00:00,,평일
3호선,1958,대화,309,,20250619,3호선,0342,오금,352,N,3호선,3107,1948,원흥,317,N,08:06:00,08:06:30,,3064,상행,2025-05-01T05:00:00,,평일
3호선,1958,대화,309,,20250619,3호선,0342,오금,352,N,3호선,3107,1951,원당,316,N,08:09:00,08:09:30,,3064,상행,2025-05-01T05:00:00,,평일
3호선,1958,대화,309,,20250619,3호선,0342,오금,352,N,3호선,3107,1952,화정,315,N,08:12:30,08:13:00,,3064,상행,2025-05-01T05:00:00,,평일
3호선,1958,대화,309,,20250619,3호선,0342,오금,352,N,3호선,3107,1953,대곡,314,N,08:15:30,08:16:00,,3064,상행,2025-05-01T05:00:00,,평일
3호선,1958,대화,309,,20250619,3호선,0342,오금,352,N,3호선,3107,1954,백석,313,N,08:19:00,08:19:30,,3064,상행,2025-05-01T05:00:00,,평일
3호선,1958,대화,309,,20250619,3호선,0342,오금,352,N,3호선,3107,1955,마두,312,N,08:21:30,08:22:00,,3064,상행,2025-05-01T05:00:00,,평일
3호선,1958,대화,309,,20250619,3호선,0342,오금,352,N,3호선,3107,1956,정발산,311,N,08:23:30,08:24:00,,3064,상행,2025-05-01T05:00:00,,평일
3호선,1958,대화,309,,20250619,3호선,0342,오금,352,N,3호선,3107,1957,주엽,310,N,08:26:00,08:26:30,,3064,상행,2025-05-01T05:00:00,,평일
3호선,1958,대화,309,,20250619,3호선,0342,오금,352,N,3호선,3107,1958,대화,309,N,08:28:30,,,3064,상행,2025-05-01T05:00:00,,평일
3호선,0310,구파발,320,,20250619,3호선,0339,수서,349,N,3호선,3073,0339,수서,349,N,,07:02:30,,3066,상행,2025-05-01T05:00:00,,평일
3호선,0310,구파발,320,,20250619,3호선,0339,수서,349,N,3호선,3073,0338,일원,348,N,07:04:30,07:05:00,,3066,상행,2025-05-01T05:00:00,,평일
3호선,0310,구파발,320,,20250619,3호선,0339,수서,349,N,3호선,3073,0337,대청,347,N,07:06:30,07:07:00,,3066,상행,2025-05-01T05:00:00,,평일
3호선,0310,구파발,320,,20250619,3호선,0339,수서,349,N,3호선,3073,0336,학여울,346,N,07:08:30,07:09:00,,3066,상행,2025-05-01T05:00:00,,평일
3호선,0310,구파발,320,,20250619,3호선,0339,수서,349,N,3호선,3073,0335,대치,345,N,07:10:00,07:10:30,,3066,상행,2025-05-01T05:00:00,,평일
3호선,0310,구파발,320,,20250619,3호선,0339,수서,349,N,3호선,3073,0334,도곡,344,N,07:11:30,07:12:00,,3066,상행,2025-05-01T05:00:00,,평일
3호선,0310,구파발,320,,20250619,3호선,0339,수서,349,N,3호선,3073,0333,매봉,343,N,07:13:30,07:14:00,,3066,상행,2025-05-01T05:00:00,,평일
3호선,0310,구파발,320,,20250619,3호선,0339,수서,349,N,3호선,3073,0332,양재,342,N,07:16:00,07:16:30,,3066,상행,2025-05-01T05:00:00,,평일
3호선,0310,구파발,320,,20250619,3호선,0339,수서,349,N,3호선,3073,0331,남부터미널,341,N,07:18:30,07:19:00,,3066,상행,2025-05-01T05:00:00,,평일
3호선,0310,구파발,320,,20250619,3호선,0339,수서,349,N,3호선,3073,0330,교대,340,N,07:20:30,07:21:00,,3066,상행,2025-05-01T05:00:00,,평일
3호선,0310,구파발,320,,20250619,3호선,0339,수서,349,N,3호선,3073,0329,고속터미널,339,N,07:23:00,07:23:30,,3066,상행,2025-05-01T05:00:00,,평일
3호선,0310,구파발,320,,20250619,3호선,0339,수서,349,N,3호선,3073,0328,잠원,338,N,07:25:00,07:25:30,,3066,상행,2025-05-01T05:00:00,,평일
3호선,0310,구파발,320,,20250619,3호선,0339,수서,349,N,3호선,3073,0327,신사,337,N,07:27:00,07:27:30,,3066,상행,2025-05-01T05:00:00,,평일
3호선,0310,구파발,320,,20250619,3호선,0339,수서,349,N,3호선,3073,0326,압구정,336,N,07:29:30,07:30:00,,3066,상행,2025-05-01T05:00:00,,평일
3호선,0310,구파발,320,,20250619,3호선,0339,수서,349,N,3호선,3073,0325,옥수,335,N,07:32:00,07:32:30,,3066,상행,2025-05-01T05:00:00,,평일
3호선,0310,구파발,320,,20250619,3호선,0339,수서,349,N,3호선,3073,0324,금호,334,N,07:33:30,07:34:00,,3066,상행,2025-05-01T05:00:00,,평일
3호선,0310,구파발,320,,20250619,3호선,0339,수서,349,N,3호선,3073,0323,약수,333,N,07:35:00,07:35:30,,3066,상행,2025-05-01T05:00:00,,평일
3호선,0310,구파발,320,,20250619,3호선,0339,수서,349,N,3호선,3073,0322,동대입구,332,N,07:36:30,07:37:00,,3066,상행,2025-05-01T05:00:00,,평일
3호선,0310,구파발,320,,20250619,3호선,0339,수서,349,N,3호선,3073,0321,충무로,331,N,07:38:30,07:39:00,,3066,상행,2025-05-01T05:00:00,,평일
3호선,0310,구파발,320,,20250619,3호선,0339,수서,349,N,3호선,3073,0320,을지로3가,330,N,07:40:00,07:40:30,,3066,상행,2025-05-01T05:00:00,,평일
3호선,0310,구파발,320,,20250619,3호선,0339,수서,349,N,3호선,3073,0319,종로3가,329,N,07:41:30,07:42:00,,3066,상행,2025-05-01T05:00:00,,평일
3호선,0310,구파발,320,,20250619,3호선,0339,수서,349,N,3호선,3073,0318,안국,328,N,07:43:30,07:44:00,,3066,상행,2025-05-01T05:00:00,,평일
3호선,0310,구파발,320,,20250619,3호선,0339,수서,349,N,3호선,3073,0317,경복궁,327,N,07:45:30,07:46:00,,3066,상행,2025-05-01T05:00:00,,평일
3호선,0310,구파발,320,,20250619,3호선,0339,수서,349,N,3호선,3073,0316,독립문,326,N,07:48:00,07:48:30,,3066,상행,2025-05-01T05:00:00,,평일
3호선,0310,구파발,320,,20250619,3호선,0339,수서,349,N,3호선,3073,0315,무악재,325,N,07:50:00,07:50:30,,3066,상행,2025-05-01T05:00:00,,평일
3호선,0310,구파발,320,,20250619,3호선,0339,수서,349,N,3호선,3073,0314,홍제,324,N,07:52:00,07:52:30,,3066,상행,2025-05-01T05:00:00,,평일
3호선,0310,구파발,320,,20250619,3호선,0339,수서,349,N,3호선,3073,0313,녹번,323,N,07:54:30,07:55:00,,3066,상행,2025-05-01T05:00:00,,평일
3호선,0310,구파발,320,,20250619,3호선,0339,수서,349,N,3호선,3073,0312,불광,322,N,07:56:30,07:57:00,,3066,상행,2025-05-01T05:00:00,,평일
3호선,0310,구파발,320,,20250619,3호선,0339,수서,349,N,3호선,3073,0311,연신내,321,N,07:58:30,07:59:00,,3066,상행,2025-05-01T05:00:00,,평일
3호선,0310,구파발,320,,20250619,3호선,0339,수서,349,N,3호선,3073,0310,구파발,320,N,08:01:00,,,3066,상행,2025-05-01T05:00:00,,평일
3호선,1958,대화,309,,20250619,3호선,0342,오금,352,N,3호선,3111,0342,오금,352,N,,07:01:00,,3068K,상행,2025-05-01T05:00:00,,평일
3호선,1958,대화,309,,20250619,3호선,0342,오금,352,N,3호선,3111,0341,경찰병원,351,N,07:02:00,07:02:30,,3068K,상행,2025-05-01T05:00:00,,평일
3호선,1958,대화,309,,20250619,3호선,0342,오금,352,N,3호선,3111,0340,가락시장,350,N,07:03:30,07:04:00,,3068K,상행,2025-05-01T05:00:00,,평일
3호선,1958,대화,309,,20250619,3호선,0342,오금,352,N,3호선,3111,0339,수서,349,N,07:06:00,07:06:30,,3068K,상행,2025-05-01T05:00:00,,평일
3호선,1958,대화,309,,20250619,3호선,0342,오금,352,N,3호선,3111,0338,일원,348,N,07:08:30,07:09:00,,3068K,상행,2025-05-01T05:00:00,,평일
3호선,1958,대화,309,,20250619,3호선,0342,오금,352,N,3호선,3111,0337,대청,347,N,07:10:30,07:11:00,,3068K,상행,2025-05-01T05:00:00,,평일
3호선,1958,대화,309,,20250619,3호선,0342,오금,352,N,3호선,3111,0336,학여울,346,N,07:12:30,07:13:00,,3068K,상행,2025-05-01T05:00:00,,평일
3호선,1958,대화,309,,20250619,3호선,0342,오금,352,N,3호선,3111,0335,대치,345,N,07:14:00,07:14:30,,3068K,상행,2025-05-01T05:00:00,,평일
3호선,1958,대화,309,,20250619,3호선,0342,오금,352,N,3호선,3111,0334,도곡,344,N,07:15:30,07:16:00,,3068K,상행,2025-05-01T05:00:00,,평일
3호선,1958,대화,309,,20250619,3호선,0342,오금,352,N,3호선,3111,0333,매봉,343,N,07:17:30,07:18:00,,3068K,상행,2025-05-01T05:00:00,,평일
3호선,1958,대화,309,,20250619,3호선,0342,오금,352,N,3호선,3111,0332,양재,342,N,07:20:00,07:20:30,,3068K,상행,2025-05-01T05:00:00,,평일
3호선,1958,대화,309,,20250619,3호선,0342,오금,352,N,3호선,3111,0331,남부터미널,341,N,07:22:30,07:23:00,,3068K,상행,2025-05-01T05:00:00,,평일
3호선,1958,대화,309,,20250619,3호선,0342,오금,352,N,3호선,3111,0330,교대,340,N,07:24:30,07:25:00,,3068K,상행,2025-05-01T05:00:00,,평일
3호선,1958,대화,309,,20250619,3호선,0342,오금,352,N,3호선,3111,0329,고속터미널,339,N,07:27:00,07:27:30,,3068K,상행,2025-05-01T05:00:00,,평일
3호선,1958,대화,309,,20250619,3호선,0342,오금,352,N,3호선,3111,0328,잠원,338,N,07:29:00,07:29:30,,3068K,상행,2025-05-01T05:00:00,,평일
3호선,1958,대화,309,,20250619,3호선,0342,오금,352,N,3호선,3111,0327,신사,337,N,07:31:00,07:31:30,,3068K,상행,2025-05-01T05:00:00,,평일
3호선,1958,대화,309,,20250619,3호선,0342,오금,352,N,3호선,3111,0326,압구정,336,N,07:33:30,07:34:00,,3068K,상행,2025-05-01T05:00:00,,평일
3호선,1958,대화,309,,20250619,3호선,0342,오금,352,N,3호선,3111,0325,옥수,335,N,07:36:00,07:36:30,,3068K,상행,2025-05-01T05:00:00,,평일
3호선,1958,대화,309,,20250619,3호선,0342,오금,352,N,3호선,3111,0324,금호,334,N,07:37:30,07:38:00,,3068K,상행,2025-05-01T05:00:00,,평일
3호선,1958,대화,309,,20250619,3호선,0342,오금,352,N,3호선,3111,0323,약수,333,N,07:39:00,07:39:30,,3068K,상행,2025-05-01T05:00:00,,평일
3호선,1958,대화,309,,20250619,3호선,0342,오금,352,N,3호선,3111,0322,동대입구,332,N,07:40:30,07:41:00,,3068K,상행,2025-05-01T05:00:00,,평일
3호선,1958,대화,309,,20250619,3호선,0342,오금,352,N,3호선,3111,0321,충무로,331,N,07:42:30,07:43:00,,3068K,상행,2025-05-01T05:00:00,,평일
3호선,1958,대화,309,,20250619,3호선,0342,오금,352,N,3호선,3111,0320,을지로3가,330,N,07:44:00,07:44:30,,3068K,상행,2025-05-01T05:00:00,,평일
3호선,1958,대화,309,,20250619,3호선,0342,오금,352,N,3호선,3111,0319,종로3가,329,N,07:45:30,07:46:00,,3068K,상행,2025-05-01T05:00:00,,평일
3호선,1958,대화,309,,20250619,3호선,0342,오금,352,N,3호선,3111,0318,안국,328,N,07:47:30,07:48:00,,3068K,상행,2025-05-01T05:00:00,,평일
3호선,1958,대화,309,,20250619,3호선,0342,오금,352,N,3호선,3111,0317,경복궁,327,N,07:49:30,07:50:00,,3068K,상행,2025-05-01T05:00:00,,평일
3호선,1958,대화,309,,20250619,3호선,0342,오금,352,N,3호선,3111,0316,독립문,326,N,07:52:00,07:52:30,,3068K,상행,2025-05-01T05:00:00,,평일
3호선,1958,대화,309,,20250619,3호선,0342,오금,352,N,3호선,3111,0315,무악재,325,N,07:54:00,07:54:30,,3068K,상행,2025-05-01T05:00:00,,평일
3호선,1958,대화,309,,20250619,3호선,0342,오금,352,N,3호선,3111,0314,홍제,324,N,07:56:00,07:56:30,,3068K,상행,2025-05-01T05:00:00,,평일
3호선,1958,대화,309,,20250619,3호선,0342,오금,352,N,3호선,3111,0313,녹번,323,N,07:58:30,07:59:00,,3068K,상행,2025-05-01T05:00:00,,평일
3호선,1958,대화,309,,20250619,3호선,0342,오금,352,N,3호선,3111,0312,불광,322,N,08:00:30,08:01:00,,3068K,상행,2025-05-01T05:00:00,,평일
3호선,1958,대화,309,,20250619,3호선,0342,오금,352,N,3호선,3111,0311,연신내,321,N,08:02:30,08:03:00,,3068K,상행,2025-05-01T05:00:00,,평일
3호선,1958,대화,309,,20250619,3호선,0342,오금,352,N,3호선,3111,0310,구파발,320,N,08:05:00,08:05:30,,3068K,상행,2025-05-01T05:00:00,,평일
3호선,1958,대화,309,,20250619,3호선,0342,오금,352,N,3호선,3111,0309,지축,319,N,08:08:30,08:09:00,,3068K,상행,2025-05-01T05:00:00,,평일
3호선,1958,대화,309,,20250619,3호선,0342,오금,352,N,3호선,3111,1950,삼송,318,N,08:11:30,08:12:00,,3068K,상행,2025-05-01T05:00:00,,평일
3호선,1958,대화,309,,20250619,3호선,0342,오금,352,N,3호선,3111,1948,원흥,317,N,08:14:00,08:14:30,,3068K,상행,2025-05-01T05:00:00,,평일
3호선,1958,대화,309,,20250619,3호선,0342,오금,352,N,3호선,3111,1951,원당,316,N,08:17:00,08:17:30,,3068K,상행,2025-05-01T05:00:00,,평일
3호선,1958,대화,309,,20250619,3호선,0342,오금,352,N,3호선,3111,1952,화정,315,N,08:20:30,08:21:00,,3068K,상행,2025-05-01T05:00:00,,평일
3호선,1958,대화,309,,20250619,3호선,0342,오금,352,N,3호선,3111,1953,대곡,314,N,08:23:30,08:24:00,,3068K,상행,2025-05-01T05:00:00,,평일
3호선,1958,대화,309,,20250619,3호선,0342,오금,352,N,3호선,3111,1954,백석,313,N,08:27:00,08:27:30,,3068K,상행,2025-05-01T05:00:00,,평일
3호선,1958,대화,309,,20250619,3호선,0342,오금,352,N,3호선,3111,1955,마두,312,N,08:29:30,08:30:00,,3068K,상행,2025-05-01T05:00:00,,평일
3호선,1958,대화,309,,20250619,3호선,0342,오금,352,N,3호선,3111,1956,정발산,311,N,08:31:30,08:32:00,,3068K,상행,2025-05-01T05:00:00,,평일
3호선,1958,대화,309,,20250619,3호선,0342,오금,352,N,3호선,3111,1957,주엽,310,N,08:34:00,08:34:30,,3068K,상행,2025-05-01T05:00:00,,평일
3호선,1958,대화,309,,20250619,3호선,0342,오금,352,N,3호선,3111,1958,대화,309,N,08:36:30,,,3068K,상행,2025-05-01T05:00:00,,평일
3호선,0310,구파발,320,,20250619,3호선,0342,오금,352,N,3호선,3077,0342,오금,352,N,,07:06:00,,3070,상행,2025-05-01T05:00:00,,평일
3호선,0310,구파발,320,,20250619,3호선,0342,오금,352,N,3호선,3077,0341,경찰병원,351,N,07:07:00,07:07:30,,3070,상행,2025-05-01T05:00:00,,평일
3호선,0310,구파발,320,,20250619,3호선,0342,오금,352,N,3호선,3077,0340,가락시장,350,N,07:08:30,07:09:00,,3070,상행,2025-05-01T05:00:00,,평일
3호선,0310,구파발,320,,20250619,3호선,0342,오금,352,N,3호선,3077,0339,수서,349,N,07:11:00,07:11:30,,3070,상행,2025-05-01T05:00:00,,평일
3호선,0310,구파발,320,,20250619,3호선,0342,오금,352,N,3호선,3077,0338,일원,348,N,07:13:30,07:14:00,,3070,상행,2025-05-01T05:00:00,,평일
3호선,0310,구파발,320,,20250619,3호선,0342,오금,352,N,3호선,3077,0337,대청,347,N,07:15:30,07:16:00,,3070,상행,2025-05-01T05:00:00,,평일
3호선,0310,구파발,320,,20250619,3호선,0342,오금,352,N,3호선,3077,0336,학여울,346,N,07:17:30,07:18:00,,3070,상행,2025-05-01T05:00:00,,평일
3호선,0310,구파발,320,,20250619,3호선,0342,오금,352,N,3호선,3077,0335,대치,345,N,07:19:00,07:19:30,,3070,상행,2025-05-01T05:00:00,,평일
3호선,0310,구파발,320,,20250619,3호선,0342,오금,352,N,3호선,3077,0334,도곡,344,N,07:20:30,07:21:00,,3070,상행,2025-05-01T05:00:00,,평일
3호선,0310,구파발,320,,20250619,3호선,0342,오금,352,N,3호선,3077,0333,매봉,343,N,07:22:30,07:23:00,,3070,상행,2025-05-01T05:00:00,,평일
3호선,0310,구파발,320,,20250619,3호선,0342,오금,352,N,3호선,3077,0332,양재,342,N,07:25:00,07:25:30,,3070,상행,2025-05-01T05:00:00,,평일
3호선,0310,구파발,320,,20250619,3호선,0342,오금,352,N,3호선,3077,0331,남부터미널,341,N,07:27:30,07:28:00,,3070,상행,2025-05-01T05:00:00,,평일
3호선,0310,구파발,320,,20250619,3호선,0342,오금,352,N,3호선,3077,0330,교대,340,N,07:29:30,07:30:00,,3070,상행,2025-05-01T05:00:00,,평일
3호선,0310,구파발,320,,20250619,3호선,0342,오금,352,N,3호선,3077,0329,고속터미널,339,N,07:32:00,07:32:30,,3070,상행,2025-05-01T05:00:00,,평일
3호선,0310,구파발,320,,20250619,3호선,0342,오금,352,N,3호선,3077,0328,잠원,338,N,07:34:00,07:34:30,,3070,상행,2025-05-01T05:00:00,,평일
3호선,0310,구파발,320,,20250619,3호선,0342,오금,352,N,3호선,3077,0327,신사,337,N,07:36:00,07:36:30,,3070,상행,2025-05-01T05:00:00,,평일
3호선,0310,구파발,320,,20250619,3호선,0342,오금,352,N,3호선,3077,0326,압구정,336,N,07:38:30,07:39:00,,3070,상행,2025-05-01T05:00:00,,평일
3호선,0310,구파발,320,,20250619,3호선,0342,오금,352,N,3호선,3077,0325,옥수,335,N,07:41:00,07:41:30,,3070,상행,2025-05-01T05:00:00,,평일
3호선,0310,구파발,320,,20250619,3호선,0342,오금,352,N,3호선,3077,0324,금호,334,N,07:42:30,07:43:00,,3070,상행,2025-05-01T05:00:00,,평일
3호선,0310,구파발,320,,20250619,3호선,0342,오금,352,N,3호선,3077,0323,약수,333,N,07:44:00,07:44:30,,3070,상행,2025-05-01T05:00:00,,평일
3호선,0310,구파발,320,,20250619,3호선,0342,오금,352,N,3호선,3077,0322,동대입구,332,N,07:45:30,07:46:00,,3070,상행,2025-05-01T05:00:00,,평일
3호선,0310,구파발,320,,20250619,3호선,0342,오금,352,N,3호선,3077,0321,충무로,331,N,07:47:30,07:48:00,,3070,상행,2025-05-01T05:00:00,,평일
3호선,0310,구파발,320,,20250619,3호선,0342,오금,352,N,3호선,3077,0320,을지로3가,330,N,07:49:00,07:49:30,,3070,상행,2025-05-01T05:00:00,,평일
3호선,0310,구파발,320,,20250619,3호선,0342,오금,352,N,3호선,3077,0319,종로3가,329,N,07:50:30,07:51:00,,3070,상행,2025-05-01T05:00:00,,평일
3호선,0310,구파발,320,,20250619,3호선,0342,오금,352,N,3호선,3077,0318,안국,328,N,07:52:30,07:53:00,,3070,상행,2025-05-01T05:00:00,,평일
3호선,0310,구파발,320,,20250619,3호선,0342,오금,352,N,3호선,3077,0317,경복궁,327,N,07:54:30,07:55:00,,3070,상행,2025-05-01T05:00:00,,평일
3호선,0310,구파발,320,,20250619,3호선,0342,오금,352,N,3호선,3077,0316,독립문,326,N,07:57:00,07:57:30,,3070,상행,2025-05-01T05:00:00,,평일
3호선,0310,구파발,320,,20250619,3호선,0342,오금,352,N,3호선,3077,0315,무악재,325,N,07:59:00,07:59:30,,3070,상행,2025-05-01T05:00:00,,평일
3호선,0310,구파발,320,,20250619,3호선,0342,오금,352,N,3호선,3077,0314,홍제,324,N,08:01:00,08:01:30,,3070,상행,2025-05-01T05:00:00,,평일
3호선,0310,구파발,320,,20250619,3호선,0342,오금,352,N,3호선,3077,0313,녹번,323,N,08:03:30,08:04:00,,3070,상행,2025-05-01T05:00:00,,평일
3호선,0310,구파발,320,,20250619,3호선,0342,오금,352,N,3호선,3077,0312,불광,322,N,08:05:30,08:06:00,,3070,상행,2025-05-01T05:00:00,,평일
3호선,0310,구파발,320,,20250619,3호선,0342,오금,352,N,3호선,3077,0311,연신내,321,N,08:07:30,08:08:00,,3070,상행,2025-05-01T05:00:00,,평일
3호선,0310,구파발,320,,20250619,3호선,0342,오금,352,N,3호선,3077,0310,구파발,320,N,08:10:00,,,3070,상행,2025-05-01T05:00:00,,평일
3호선,1958,대화,309,,20250619,3호선,0342,오금,352,N,3호선,3113,0342,오금,352,N,,07:10:00,,3072,상행,2025-05-01T05:00:00,,평일
3호선,1958,대화,309,,20250619,3호선,0342,오금,352,N,3호선,3113,0341,경찰병원,351,N,07:11:00,07:11:30,,3072,상행,2025-05-01T05:00:00,,평일
3호선,1958,대화,309,,20250619,3호선,0342,오금,352,N,3호선,3113,0340,가락시장,350,N,07:12:30,07:13:00,,3072,상행,2025-05-01T05:00:00,,평일
3호선,1958,대화,309,,20250619,3호선,0342,오금,352,N,3호선,3113,0339,수서,349,N,07:15:00,07:15:30,,3072,상행,2025-05-01T05:00:00,,평일
3호선,1958,대화,309,,20250619,3호선,0342,오금,352,N,3호선,3113,0338,일원,348,N,07:17:30,07:18:00,,3072,상행,2025-05-01T05:00:00,,평일
3호선,1958,대화,309,,20250619,3호선,0342,오금,352,N,3호선,3113,0337,대청,347,N,07:19:30,07:20:00,,3072,상행,2025-05-01T05:00:00,,평일
3호선,1958,대화,309,,20250619,3호선,0342,오금,352,N,3호선,3113,0336,학여울,346,N,07:21:30,07:22:00,,3072,상행,2025-05-01T05:00:00,,평일
3호선,1958,대화,309,,20250619,3호선,0342,오금,352,N,3호선,3113,0335,대치,345,N,07:23:00,07:23:30,,3072,상행,2025-05-01T05:00:00,,평일
3호선,1958,대화,309,,20250619,3호선,0342,오금,352,N,3호선,3113,0334,도곡,344,N,07:24:30,07:25:00,,3072,상행,2025-05-01T05:00:00,,평일
3호선,1958,대화,309,,20250619,3호선,0342,오금,352,N,3호선,3113,0333,매봉,343,N,07:26:30,07:27:00,,3072,상행,2025-05-01T05:00:00,,평일
3호선,1958,대화,309,,20250619,3호선,0342,오금,352,N,3호선,3113,0332,양재,342,N,07:29:00,07:29:30,,3072,상행,2025-05-01T05:00:00,,평일
3호선,1958,대화,309,,20250619,3호선,0342,오금,352,N,3호선,3113,0331,남부터미널,341,N,07:31:30,07:32:00,,3072,상행,2025-05-01T05:00:00,,평일
3호선,1958,대화,309,,20250619,3호선,0342,오금,352,N,3호선,3113,0330,교대,340,N,07:33:30,07:34:00,,3072,상행,2025-05-01T05:00:00,,평일
3호선,1958,대화,309,,20250619,3호선,0342,오금,352,N,3호선,3113,0329,고속터미널,339,N,07:36:00,07:36:30,,3072,상행,2025-05-01T05:00:00,,평일
3호선,1958,대화,309,,20250619,3호선,0342,오금,352,N,3호선,3113,0328,잠원,338,N,07:38:00,07:38:30,,3072,상행,2025-05-01T05:00:00,,평일
3호선,1958,대화,309,,20250619,3호선,0342,오금,352,N,3호선,3113,0327,신사,337,N,07:40:00,07:40:30,,3072,상행,2025-05-01T05:00:00,,평일
3호선,1958,대화,309,,20250619,3호선,0342,오금,352,N,3호선,3113,0326,압구정,336,N,07:42:30,07:43:00,,3072,상행,2025-05-01T05:00:00,,평일
3호선,1958,대화,309,,20250619,3호선,0342,오금,352,N,3호선,3113,0325,옥수,335,N,07:45:00,07:45:30,,3072,상행,2025-05-01T05:00:00,,평일
3호선,1958,대화,309,,20250619,3호선,0342,오금,352,N,3호선,3113,0324,금호,334,N,07:46:30,07:47:00,,3072,상행,2025-05-01T05:00:00,,평일
3호선,1958,대화,309,,20250619,3호선,0342,오금,352,N,3호선,3113,0323,약수,333,N,07:48:00,07:48:30,,3072,상행,2025-05-01T05:00:00,,평일
3호선,1958,대화,309,,20250619,3호선,0342,오금,352,N,3호선,3113,0322,동대입구,332,N,07:49:30,07:50:00,,3072,상행,2025-05-01T05:00:00,,평일
3호선,1958,대화,309,,20250619,3호선,0342,오금,352,N,3호선,3113,0321,충무로,331,N,07:51:30,07:52:00,,3072,상행,2025-05-01T05:00:00,,평일
3호선,1958,대화,309,,20250619,3호선,0342,오금,352,N,3호선,3113,0320,을지로3가,330,N,07:53:00,07:53:30,,3072,상행,2025-05-01T05:00:00,,평일
3호선,1958,대화,309,,20250619,3호선,0342,오금,352,N,3호선,3113,0319,종로3가,329,N,07:54:30,07:55:00,,3072,상행,2025-05-01T05:00:00,,평일
3호선,1958,대화,309,,20250619,3호선,0342,오금,352,N,3호선,3113,0318,안국,328,N,07:56:30,07:57:00,,3072,상행,2025-05-01T05:00:00,,평일
3호선,1958,대화,309,,20250619,3호선,0342,오금,352,N,3호선,3113,0317,경복궁,327,N,07:58:30,07:59:00,,3072,상행,2025-05-01T05:00:00,,평일
3호선,1958,대화,309,,20250619,3호선,0342,오금,352,N,3호선,3113,0316,독립문,326,N,08:01:00,08:01:30,,3072,상행,2025-05-01T05:00:00,,평일
3호선,1958,대화,309,,20250619,3호선,0342,오금,352,N,3호선,3113,0315,무악재,325,N,08:03:00,08:03:30,,3072,상행,2025-05-01T05:00:00,,평일
3호선,1958,대화,309,,20250619,3호선,0342,오금,352,N,3호선,3113,0314,홍제,324,N,08:05:00,08:05:30,,3072,상행,2025-05-01T05:00:00,,평일
3호선,1958,대화,309,,20250619,3호선,0342,오금,352,N,3호선,3113,0313,녹번,323,N,08:07:30,08:08:00,,3072,상행,2025-05-01T05:00:00,,평일
3호선,1958,대화,309,,20250619,3호선,0342,오금,352,N,3호선,3113,0312,불광,322,N,08:09:30,08:10:00,,3072,상행,2025-05-01T05:00:00,,평일
3호선,1958,대화,309,,20250619,3호선,0342,오금,352,N,3호선,3113,0311,연신내,321,N,08:11:30,08:12:00,,3072,상행,2025-05-01T05:00:00,,평일
3호선,1958,대화,309,,20250619,3호선,0342,오금,352,N,3호선,3113,0310,구파발,320,N,08:14:00,08:14:30,,3072,상행,2025-05-01T05:00:00,,평일
3호선,1958,대화,309,,20250619,3호선,0342,오금,352,N,3호선,3113,0309,지축,319,N,08:17:30,08:18:00,,3072,상행,2025-05-01T05:00:00,,평일
3호선,1958,대화,309,,20250619,3호선,0342,오금,352,N,3호선,3113,1950,삼송,318,N,08:20:30,08:21:00,,3072,상행,2025-05-01T05:00:00,,평일
3호선,1958,대화,309,,20250619,3호선,0342,오금,352,N,3호선,3113,1948,원흥,317,N,08:23:00,08:23:30,,3072,상행,2025-05-01T05:00:00,,평일
3호선,1958,대화,309,,20250619,3호선,0342,오금,352,N,3호선,3113,1951,원당,316,N,08:26:00,08:26:30,,3072,상행,2025-05-01T05:00:00,,평일
3호선,1958,대화,309,,20250619,3호선,0342,오금,352,N,3호선,3113,1952,화정,315,N,08:29:30,08:30:00,,3072,상행,2025-05-01T05:00:00,,평일
3호선,1958,대화,309,,20250619,3호선,0342,오금,352,N,3호선,3113,1953,대곡,314,N,08:32:30,08:33:00,,3072,상행,2025-05-01T05:00:00,,평일
3호선,1958,대화,309,,20250619,3호선,0342,오금,352,N,3호선,3113,1954,백석,313,N,08:36:00,08:36:30,,3072,상행,2025-05-01T05:00:00,,평일
3호선,1958,대화,309,,20250619,3호선,0342,오금,352,N,3호선,3113,1955,마두,312,N,08:38:30,08:39:00,,3072,상행,2025-05-01T05:00:00,,평일
3호선,1958,대화,309,,20250619,3호선,0342,오금,352,N,3호선,3113,1956,정발산,311,N,08:40:30,08:41:00,,3072,상행,2025-05-01T05:00:00,,평일
3호선,1958,대화,309,,20250619,3호선,0342,오금,352,N,3호선,3113,1957,주엽,310,N,08:43:00,08:43:30,,3072,상행,2025-05-01T05:00:00,,평일
3호선,1958,대화,309,,20250619,3호선,0342,오금,352,N,3호선,3113,1958,대화,309,N,08:45:30,,,3072,상행,2025-05-01T05:00:00,,평일
3호선,0310,구파발,320,,20250619,3호선,0339,수서,349,N,3호선,3085,0339,수서,349,N,,07:19:30,,3074,상행,2025-05-01T05:00:00,,평일
3호선,0310,구파발,320,,20250619,3호선,0339,수서,349,N,3호선,3085,0338,일원,348,N,07:21:30,07:22:00,,3074,상행,2025-05-01T05:00:00,,평일
3호선,0310,구파발,320,,20250619,3호선,0339,수서,349,N,3호선,3085,0337,대청,347,N,07:23:30,07:24:00,,3074,상행,2025-05-01T05:00:00,,평일
3호선,0310,구파발,320,,20250619,3호선,0339,수서,349,N,3호선,3085,0336,학여울,346,N,07:25:30,07:26:00,,3074,상행,2025-05-01T05:00:00,,평일
3호선,0310,구파발,320,,20250619,3호선,0339,수서,349,N,3호선,3085,0335,대치,345,N,07:27:00,07:27:30,,3074,상행,2025-05-01T05:00:00,,평일
3호선,0310,구파발,320,,20250619,3호선,0339,수서,349,N,3호선,3085,0334,도곡,344,N,07:28:30,07:29:00,,3074,상행,2025-05-01T05:00:00,,평일
3호선,0310,구파발,320,,20250619,3호선,0339,수서,349,N,3호선,3085,0333,매봉,343,N,07:30:30,07:31:00,,3074,상행,2025-05-01T05:00:00,,평일
3호선,0310,구파발,320,,20250619,3호선,0339,수서,349,N,3호선,3085,0332,양재,342,N,07:33:00,07:33:30,,3074,상행,2025-05-01T05:00:00,,평일
3호선,0310,구파발,320,,20250619,3호선,0339,수서,349,N,3호선,3085,0331,남부터미널,341,N,07:35:30,07:36:00,,3074,상행,2025-05-01T05:00:00,,평일
3호선,0310,구파발,320,,20250619,3호선,0339,수서,349,N,3호선,3085,0330,교대,340,N,07:37:30,07:38:00,,3074,상행,2025-05-01T05:00:00,,평일
3호선,0310,구파발,320,,20250619,3호선,0339,수서,349,N,3호선,3085,0329,고속터미널,339,N,07:40:00,07:40:30,,3074,상행,2025-05-01T05:00:00,,평일
3호선,0310,구파발,320,,20250619,3호선,0339,수서,349,N,3호선,3085,0328,잠원,338,N,07:42:00,07:42:30,,3074,상행,2025-05-01T05:00:00,,평일
3호선,0310,구파발,320,,20250619,3호선,0339,수서,349,N,3호선,3085,0327,신사,337,N,07:44:00,07:44:30,,3074,상행,2025-05-01T05:00:00,,평일
3호선,0310,구파발,320,,20250619,3호선,0339,수서,349,N,3호선,3085,0326,압구정,336,N,07:46:30,07:47:00,,3074,상행,2025-05-01T05:00:00,,평일
3호선,0310,구파발,320,,20250619,3호선,0339,수서,349,N,3호선,3085,0325,옥수,335,N,07:49:00,07:49:30,,3074,상행,2025-05-01T05:00:00,,평일
3호선,0310,구파발,320,,20250619,3호선,0339,수서,349,N,3호선,3085,0324,금호,334,N,07:50:30,07:51:00,,3074,상행,2025-05-01T05:00:00,,평일
3호선,0310,구파발,320,,20250619,3호선,0339,수서,349,N,3호선,3085,0323,약수,333,N,07:52:00,07:52:30,,3074,상행,2025-05-01T05:00:00,,평일
3호선,0310,구파발,320,,20250619,3호선,0339,수서,349,N,3호선,3085,0322,동대입구,332,N,07:53:30,07:54:00,,3074,상행,2025-05-01T05:00:00,,평일
3호선,0310,구파발,320,,20250619,3호선,0339,수서,349,N,3호선,3085,0321,충무로,331,N,07:55:30,07:56:00,,3074,상행,2025-05-01T05:00:00,,평일
3호선,0310,구파발,320,,20250619,3호선,0339,수서,349,N,3호선,3085,0320,을지로3가,330,N,07:57:00,07:57:30,,3074,상행,2025-05-01T05:00:00,,평일
3호선,0310,구파발,320,,20250619,3호선,0339,수서,349,N,3호선,3085,0319,종로3가,329,N,07:58:30,07:59:00,,3074,상행,2025-05-01T05:00:00,,평일
3호선,0310,구파발,320,,20250619,3호선,0339,수서,349,N,3호선,3085,0318,안국,328,N,08:00:30,08:01:00,,3074,상행,2025-05-01T05:00:00,,평일
3호선,0310,구파발,320,,20250619,3호선,0339,수서,349,N,3호선,3085,0317,경복궁,327,N,08:02:30,08:03:00,,3074,상행,2025-05-01T05:00:00,,평일
3호선,0310,구파발,320,,20250619,3호선,0339,수서,349,N,3호선,3085,0316,독립문,326,N,08:05:00,08:05:30,,3074,상행,2025-05-01T05:00:00,,평일
3호선,0310,구파발,320,,20250619,3호선,0339,수서,349,N,3호선,3085,0315,무악재,325,N,08:07:00,08:07:30,,3074,상행,2025-05-01T05:00:00,,평일
3호선,0310,구파발,320,,20250619,3호선,0339,수서,349,N,3호선,3085,0314,홍제,324,N,08:09:00,08:09:30,,3074,상행,2025-05-01T05:00:00,,평일
3호선,0310,구파발,320,,20250619,3호선,0339,수서,349,N,3호선,3085,0313,녹번,323,N,08:11:30,08:12:00,,3074,상행,2025-05-01T05:00:00,,평일
3호선,0310,구파발,320,,20250619,3호선,0339,수서,349,N,3호선,3085,0312,불광,322,N,08:13:30,08:14:00,,3074,상행,2025-05-01T05:00:00,,평일
3호선,0310,구파발,320,,20250619,3호선,0339,수서,349,N,3호선,3085,0311,연신내,321,N,08:15:30,08:16:00,,3074,상행,2025-05-01T05:00:00,,평일
3호선,0310,구파발,320,,20250619,3호선,0339,수서,349,N,3호선,3085,0310,구파발,320,N,08:18:00,,,3074,상행,2025-05-01T05:00:00,,평일
3호선,1958,대화,309,,20250619,3호선,0342,오금,352,N,3호선,3117,0342,오금,352,N,,07:18:00,,3076K,상행,2025-05-01T05:00:00,,평일
3호선,1958,대화,309,,20250619,3호선,0342,오금,352,N,3호선,3117,0341,경찰병원,351,N,07:19:00,07:19:30,,3076K,상행,2025-05-01T05:00:00,,평일
3호선,1958,대화,309,,20250619,3호선,0342,오금,352,N,3호선,3117,0340,가락시장,350,N,07:20:30,07:21:00,,3076K,상행,2025-05-01T05:00:00,,평일
3호선,1958,대화,309,,20250619,3호선,0342,오금,352,N,3호선,3117,0339,수서,349,N,07:23:00,07:23:30,,3076K,상행,2025-05-01T05:00:00,,평일
3호선,1958,대화,309,,20250619,3호선,0342,오금,352,N,3호선,3117,0338,일원,348,N,07:25:30,07:26:00,,3076K,상행,2025-05-01T05:00:00,,평일
3호선,1958,대화,309,,20250619,3호선,0342,오금,352,N,3호선,3117,0337,대청,347,N,07:27:30,07:28:00,,3076K,상행,2025-05-01T05:00:00,,평일
3호선,1958,대화,309,,20250619,3호선,0342,오금,352,N,3호선,3117,0336,학여울,346,N,07:29:30,07:30:00,,3076K,상행,2025-05-01T05:00:00,,평일
3호선,1958,대화,309,,20250619,3호선,0342,오금,352,N,3호선,3117,0335,대치,345,N,07:31:00,07:31:30,,3076K,상행,2025-05-01T05:00:00,,평일
3호선,1958,대화,309,,20250619,3호선,0342,오금,352,N,3호선,3117,0334,도곡,344,N,07:32:30,07:33:00,,3076K,상행,2025-05-01T05:00:00,,평일
3호선,1958,대화,309,,20250619,3호선,0342,오금,352,N,3호선,3117,0333,매봉,343,N,07:34:30,07:35:00,,3076K,상행,2025-05-01T05:00:00,,평일
3호선,1958,대화,309,,20250619,3호선,0342,오금,352,N,3호선,3117,0332,양재,342,N,07:37:00,07:37:30,,3076K,상행,2025-05-01T05:00:00,,평일
3호선,1958,대화,309,,20250619,3호선,0342,오금,352,N,3호선,3117,0331,남부터미널,341,N,07:39:30,07:40:00,,3076K,상행,2025-05-01T05:00:00,,평일
3호선,1958,대화,309,,20250619,3호선,0342,오금,352,N,3호선,3117,0330,교대,340,N,07:41:30,07:42:00,,3076K,상행,2025-05-01T05:00:00,,평일
3호선,1958,대화,309,,20250619,3호선,0342,오금,352,N,3호선,3117,0329,고속터미널,339,N,07:44:00,07:44:30,,3076K,상행,2025-05-01T05:00:00,,평일
3호선,1958,대화,309,,20250619,3호선,0342,오금,352,N,3호선,3117,0328,잠원,338,N,07:46:00,07:46:30,,3076K,상행,2025-05-01T05:00:00,,평일
3호선,1958,대화,309,,20250619,3호선,0342,오금,352,N,3호선,3117,0327,신사,337,N,07:48:00,07:48:30,,3076K,상행,2025-05-01T05:00:00,,평일
3호선,1958,대화,309,,20250619,3호선,0342,오금,352,N,3호선,3117,0326,압구정,336,N,07:50:30,07:51:00,,3076K,상행,2025-05-01T05:00:00,,평일
3호선,1958,대화,309,,20250619,3호선,0342,오금,352,N,3호선,3117,0325,옥수,335,N,07:53:00,07:53:30,,3076K,상행,2025-05-01T05:00:00,,평일
3호선,1958,대화,309,,20250619,3호선,0342,오금,352,N,3호선,3117,0324,금호,334,N,07:54:30,07:55:00,,3076K,상행,2025-05-01T05:00:00,,평일
3호선,1958,대화,309,,20250619,3호선,0342,오금,352,N,3호선,3117,0323,약수,333,N,07:56:00,07:56:30,,3076K,상행,2025-05-01T05:00:00,,평일
3호선,1958,대화,309,,20250619,3호선,0342,오금,352,N,3호선,3117,0322,동대입구,332,N,07:57:30,07:58:00,,3076K,상행,2025-05-01T05:00:00,,평일
3호선,1958,대화,309,,20250619,3호선,0342,오금,352,N,3호선,3117,0321,충무로,331,N,07:59:30,08:00:00,,3076K,상행,2025-05-01T05:00:00,,평일
3호선,1958,대화,309,,20250619,3호선,0342,오금,352,N,3호선,3117,0320,을지로3가,330,N,08:01:00,08:01:30,,3076K,상행,2025-05-01T05:00:00,,평일
3호선,1958,대화,309,,20250619,3호선,0342,오금,352,N,3호선,3117,0319,종로3가,329,N,08:02:30,08:03:00,,3076K,상행,2025-05-01T05:00:00,,평일
3호선,1958,대화,309,,20250619,3호선,0342,오금,352,N,3호선,3117,0318,안국,328,N,08:04:30,08:05:00,,3076K,상행,2025-05-01T05:00:00,,평일
3호선,1958,대화,309,,20250619,3호선,0342,오금,352,N,3호선,3117,0317,경복궁,327,N,08:06:30,08:07:00,,3076K,상행,2025-05-01T05:00:00,,평일
3호선,1958,대화,309,,20250619,3호선,0342,오금,352,N,3호선,3117,0316,독립문,326,N,08:09:00,08:09:30,,3076K,상행,2025-05-01T05:00:00,,평일
3호선,1958,대화,309,,20250619,3호선,0342,오금,352,N,3호선,3117,0315,무악재,325,N,08:11:00,08:11:30,,3076K,상행,2025-05-01T05:00:00,,평일
3호선,1958,대화,309,,20250619,3호선,0342,오금,352,N,3호선,3117,0314,홍제,324,N,08:13:00,08:13:30,,3076K,상행,2025-05-01T05:00:00,,평일
3호선,1958,대화,309,,20250619,3호선,0342,오금,352,N,3호선,3117,0313,녹번,323,N,08:15:30,08:16:00,,3076K,상행,2025-05-01T05:00:00,,평일
3호선,1958,대화,309,,20250619,3호선,0342,오금,352,N,3호선,3117,0312,불광,322,N,08:17:30,08:18:00,,3076K,상행,2025-05-01T05:00:00,,평일
3호선,1958,대화,309,,20250619,3호선,0342,오금,352,N,3호선,3117,0311,연신내,321,N,08:19:30,08:20:00,,3076K,상행,2025-05-01T05:00:00,,평일
3호선,1958,대화,309,,20250619,3호선,0342,오금,352,N,3호선,3117,0310,구파발,320,N,08:22:00,08:22:30,,3076K,상행,2025-05-01T05:00:00,,평일
3호선,1958,대화,309,,20250619,3호선,0342,오금,352,N,3호선,3117,0309,지축,319,N,08:25:30,08:26:00,,3076K,상행,2025-05-01T05:00:00,,평일
3호선,1958,대화,309,,20250619,3호선,0342,오금,352,N,3호선,3117,1950,삼송,318,N,08:28:30,08:29:00,,3076K,상행,2025-05-01T05:00:00,,평일
3호선,1958,대화,309,,20250619,3호선,0342,오금,352,N,3호선,3117,1948,원흥,317,N,08:31:00,08:31:30,,3076K,상행,2025-05-01T05:00:00,,평일
3호선,1958,대화,309,,20250619,3호선,0342,오금,352,N,3호선,3117,1951,원당,316,N,08:34:00,08:34:30,,3076K,상행,2025-05-01T05:00:00,,평일
3호선,1958,대화,309,,20250619,3호선,0342,오금,352,N,3호선,3117,1952,화정,315,N,08:37:30,08:38:00,,3076K,상행,2025-05-01T05:00:00,,평일
3호선,1958,대화,309,,20250619,3호선,0342,오금,352,N,3호선,3117,1953,대곡,314,N,08:40:30,08:41:00,,3076K,상행,2025-05-01T05:00:00,,평일
3호선,1958,대화,309,,20250619,3호선,0342,오금,352,N,3호선,3117,1954,백석,313,N,08:44:00,08:44:30,,3076K,상행,2025-05-01T05:00:00,,평일
3호선,1958,대화,309,,20250619,3호선,0342,오금,352,N,3호선,3117,1955,마두,312,N,08:46:30,08:47:00,,3076K,상행,2025-05-01T05:00:00,,평일
3호선,1958,대화,309,,20250619,3호선,0342,오금,352,N,3호선,3117,1956,정발산,311,N,08:48:30,08:49:00,,3076K,상행,2025-05-01T05:00:00,,평일
3호선,1958,대화,309,,20250619,3호선,0342,오금,352,N,3호선,3117,1957,주엽,310,N,08:51:00,08:51:30,,3076K,상행,2025-05-01T05:00:00,,평일
3호선,1958,대화,309,,20250619,3호선,0342,오금,352,N,3호선,3117,1958,대화,309,N,08:53:30,,,3076K,상행,2025-05-01T05:00:00,,평일
3호선,1958,대화,309,,20250619,3호선,0342,오금,352,N,3호선,3119,0342,오금,352,N,,07:23:00,,3078K,상행,2025-05-01T05:00:00,,평일
3호선,1958,대화,309,,20250619,3호선,0342,오금,352,N,3호선,3119,0341,경찰병원,351,N,07:24:00,07:24:30,,3078K,상행,2025-05-01T05:00:00,,평일
3호선,1958,대화,309,,20250619,3호선,0342,오금,352,N,3호선,3119,0340,가락시장,350,N,07:25:30,07:26:00,,3078K,상행,2025-05-01T05:00:00,,평일
3호선,1958,대화,309,,20250619,3호선,0342,오금,352,N,3호선,3119,0339,수서,349,N,07:28:00,07:28:30,,3078K,상행,2025-05-01T05:00:00,,평일
3호선,1958,대화,309,,20250619,3호선,0342,오금,352,N,3호선,3119,0338,일원,348,N,07:30:30,07:31:00,,3078K,상행,2025-05-01T05:00:00,,평일
3호선,1958,대화,309,,20250619,3호선,0342,오금,352,N,3호선,3119,0337,대청,347,N,07:32:30,07:33:00,,3078K,상행,2025-05-01T05:00:00,,평일
3호선,1958,대화,309,,20250619,3호선,0342,오금,352,N,3호선,3119,0336,학여울,346,N,07:34:30,07:35:00,,3078K,상행,2025-05-01T05:00:00,,평일
3호선,1958,대화,309,,20250619,3호선,0342,오금,352,N,3호선,3119,0335,대치,345,N,07:36:00,07:36:30,,3078K,상행,2025-05-01T05:00:00,,평일
3호선,1958,대화,309,,20250619,3호선,0342,오금,352,N,3호선,3119,0334,도곡,344,N,07:37:30,07:38:00,,3078K,상행,2025-05-01T05:00:00,,평일
3호선,1958,대화,309,,20250619,3호선,0342,오금,352,N,3호선,3119,0333,매봉,343,N,07:39:30,07:40:00,,3078K,상행,2025-05-01T05:00:00,,평일
3호선,1958,대화,309,,20250619,3호선,0342,오금,352,N,3호선,3119,0332,양재,342,N,07:42:00,07:42:30,,3078K,상행,2025-05-01T05:00:00,,평일
3호선,1958,대화,309,,20250619,3호선,0342,오금,352,N,3호선,3119,0331,남부터미널,341,N,07:44:30,07:45:00,,3078K,상행,2025-05-01T05:00:00,,평일
3호선,1958,대화,309,,20250619,3호선,0342,오금,352,N,3호선,3119,0330,교대,340,N,07:46:30,07:47:00,,3078K,상행,2025-05-01T05:00:00,,평일
3호선,1958,대화,309,,20250619,3호선,0342,오금,352,N,3호선,3119,0329,고속터미널,339,N,07:49:00,07:49:30,,3078K,상행,2025-05-01T05:00:00,,평일
3호선,1958,대화,309,,20250619,3호선,0342,오금,352,N,3호선,3119,0328,잠원,338,N,07:51:00,07:51:30,,3078K,상행,2025-05-01T05:00:00,,평일
3호선,1958,대화,309,,20250619,3호선,0342,오금,352,N,3호선,3119,0327,신사,337,N,07:53:00,07:53:30,,3078K,상행,2025-05-01T05:00:00,,평일
3호선,1958,대화,309,,20250619,3호선,0342,오금,352,N,3호선,3119,0326,압구정,336,N,07:55:30,07:56:00,,3078K,상행,2025-05-01T05:00:00,,평일
3호선,1958,대화,309,,20250619,3호선,0342,오금,352,N,3호선,3119,0325,옥수,335,N,07:58:00,07:58:30,,3078K,상행,2025-05-01T05:00:00,,평일
3호선,1958,대화,309,,20250619,3호선,0342,오금,352,N,3호선,3119,0324,금호,334,N,07:59:30,08:00:00,,3078K,상행,2025-05-01T05:00:00,,평일
3호선,1958,대화,309,,20250619,3호선,0342,오금,352,N,3호선,3119,0323,약수,333,N,08:01:00,08:01:30,,3078K,상행,2025-05-01T05:00:00,,평일
3호선,1958,대화,309,,20250619,3호선,0342,오금,352,N,3호선,3119,0322,동대입구,332,N,08:02:30,08:03:00,,3078K,상행,2025-05-01T05:00:00,,평일
3호선,1958,대화,309,,20250619,3호선,0342,오금,352,N,3호선,3119,0321,충무로,331,N,08:04:30,08:05:00,,3078K,상행,2025-05-01T05:00:00,,평일
3호선,1958,대화,309,,20250619,3호선,0342,오금,352,N,3호선,3119,0320,을지로3가,330,N,08:06:00,08:06:30,,3078K,상행,2025-05-01T05:00:00,,평일
3호선,1958,대화,309,,20250619,3호선,0342,오금,352,N,3호선,3119,0319,종로3가,329,N,08:07:30,08:08:00,,3078K,상행,2025-05-01T05:00:00,,평일
3호선,1958,대화,309,,20250619,3호선,0342,오금,352,N,3호선,3119,0318,안국,328,N,08:09:30,08:10:00,,3078K,상행,2025-05-01T05:00:00,,평일
3호선,1958,대화,309,,20250619,3호선,0342,오금,352,N,3호선,3119,0317,경복궁,327,N,08:11:30,08:12:00,,3078K,상행,2025-05-01T05:00:00,,평일
3호선,1958,대화,309,,20250619,3호선,0342,오금,352,N,3호선,3119,0316,독립문,326,N,08:14:00,08:14:30,,3078K,상행,2025-05-01T05:00:00,,평일
3호선,1958,대화,309,,20250619,3호선,0342,오금,352,N,3호선,3119,0315,무악재,325,N,08:16:00,08:16:30,,3078K,상행,2025-05-01T05:00:00,,평일
3호선,1958,대화,309,,20250619,3호선,0342,오금,352,N,3호선,3119,0314,홍제,324,N,08:18:00,08:18:30,,3078K,상행,2025-05-01T05:00:00,,평일
3호선,1958,대화,309,,20250619,3호선,0342,오금,352,N,3호선,3119,0313,녹번,323,N,08:20:30,08:21:00,,3078K,상행,2025-05-01T05:00:00,,평일
3호선,1958,대화,309,,20250619,3호선,0342,오금,352,N,3호선,3119,0312,불광,322,N,08:22:30,08:23:00,,3078K,상행,2025-05-01T05:00:00,,평일
3호선,1958,대화,309,,20250619,3호선,0342,오금,352,N,3호선,3119,0311,연신내,321,N,08:24:30,08:25:00,,3078K,상행,2025-05-01T05:00:00,,평일
3호선,1958,대화,309,,20250619,3호선,0342,오금,352,N,3호선,3119,0310,구파발,320,N,08:27:00,08:27:30,,3078K,상행,2025-05-01T05:00:00,,평일
3호선,1958,대화,309,,20250619,3호선,0342,오금,352,N,3호선,3119,0309,지축,319,N,08:30:30,08:31:00,,3078K,상행,2025-05-01T05:00:00,,평일
3호선,1958,대화,309,,20250619,3호선,0342,오금,352,N,3호선,3119,1950,삼송,318,N,08:33:30,08:34:00,,3078K,상행,2025-05-01T05:00:00,,평일
3호선,1958,대화,309,,20250619,3호선,0342,오금,352,N,3호선,3119,1948,원흥,317,N,08:36:00,08:36:30,,3078K,상행,2025-05-01T05:00:00,,평일
3호선,1958,대화,309,,20250619,3호선,0342,오금,352,N,3호선,3119,1951,원당,316,N,08:39:00,08:39:30,,3078K,상행,2025-05-01T05:00:00,,평일
3호선,1958,대화,309,,20250619,3호선,0342,오금,352,N,3호선,3119,1952,화정,315,N,08:42:30,08:43:00,,3078K,상행,2025-05-01T05:00:00,,평일
3호선,1958,대화,309,,20250619,3호선,0342,오금,352,N,3호선,3119,1953,대곡,314,N,08:45:30,08:46:00,,3078K,상행,2025-05-01T05:00:00,,평일
3호선,1958,대화,309,,20250619,3호선,0342,오금,352,N,3호선,3119,1954,백석,313,N,08:49:00,08:49:30,,3078K,상행,2025-05-01T05:00:00,,평일
3호선,1958,대화,309,,20250619,3호선,0342,오금,352,N,3호선,3119,1955,마두,312,N,08:51:30,08:52:00,,3078K,상행,2025-05-01T05:00:00,,평일
3호선,1958,대화,309,,20250619,3호선,0342,오금,352,N,3호선,3119,1956,정발산,311,N,08:53:30,08:54:00,,3078K,상행,2025-05-01T05:00:00,,평일
3호선,1958,대화,309,,20250619,3호선,0342,오금,352,N,3호선,3119,1957,주엽,310,N,08:56:00,08:56:30,,3078K,상행,2025-05-01T05:00:00,,평일
3호선,1958,대화,309,,20250619,3호선,0342,오금,352,N,3호선,3119,1958,대화,309,N,08:58:30,,,3078K,상행,2025-05-01T05:00:00,,평일
3호선,1958,대화,309,,20250619,3호선,0342,오금,352,N,3호선,3121,0342,오금,352,N,,07:27:00,,3080K,상행,2025-05-01T05:00:00,,평일
3호선,1958,대화,309,,20250619,3호선,0342,오금,352,N,3호선,3121,0341,경찰병원,351,N,07:28:00,07:28:30,,3080K,상행,2025-05-01T05:00:00,,평일
3호선,1958,대화,309,,20250619,3호선,0342,오금,352,N,3호선,3121,0340,가락시장,350,N,07:29:30,07:30:00,,3080K,상행,2025-05-01T05:00:00,,평일
3호선,1958,대화,309,,20250619,3호선,0342,오금,352,N,3호선,3121,0339,수서,349,N,07:32:00,07:32:30,,3080K,상행,2025-05-01T05:00:00,,평일
3호선,1958,대화,309,,20250619,3호선,0342,오금,352,N,3호선,3121,0338,일원,348,N,07:34:30,07:35:00,,3080K,상행,2025-05-01T05:00:00,,평일
3호선,1958,대화,309,,20250619,3호선,0342,오금,352,N,3호선,3121,0337,대청,347,N,07:36:30,07:37:00,,3080K,상행,2025-05-01T05:00:00,,평일
3호선,1958,대화,309,,20250619,3호선,0342,오금,352,N,3호선,3121,0336,학여울,346,N,07:38:30,07:39:00,,3080K,상행,2025-05-01T05:00:00,,평일
3호선,1958,대화,309,,20250619,3호선,0342,오금,352,N,3호선,3121,0335,대치,345,N,07:40:00,07:40:30,,3080K,상행,2025-05-01T05:00:00,,평일
3호선,1958,대화,309,,20250619,3호선,0342,오금,352,N,3호선,3121,0334,도곡,344,N,07:41:30,07:42:00,,3080K,상행,2025-05-01T05:00:00,,평일
3호선,1958,대화,309,,20250619,3호선,0342,오금,352,N,3호선,3121,0333,매봉,343,N,07:43:30,07:44:00,,3080K,상행,2025-05-01T05:00:00,,평일
3호선,1958,대화,309,,20250619,3호선,0342,오금,352,N,3호선,3121,0332,양재,342,N,07:46:00,07:46:30,,3080K,상행,2025-05-01T05:00:00,,평일
3호선,1958,대화,309,,20250619,3호선,0342,오금,352,N,3호선,3121,0331,남부터미널,341,N,07:48:30,07:49:00,,3080K,상행,2025-05-01T05:00:00,,평일
3호선,1958,대화,309,,20250619,3호선,0342,오금,352,N,3호선,3121,0330,교대,340,N,07:50:30,07:51:00,,3080K,상행,2025-05-01T05:00:00,,평일
3호선,1958,대화,309,,20250619,3호선,0342,오금,352,N,3호선,3121,0329,고속터미널,339,N,07:53:00,07:53:30,,3080K,상행,2025-05-01T05:00:00,,평일
3호선,1958,대화,309,,20250619,3호선,0342,오금,352,N,3호선,3121,0328,잠원,338,N,07:55:00,07:55:30,,3080K,상행,2025-05-01T05:00:00,,평일
3호선,1958,대화,309,,20250619,3호선,0342,오금,352,N,3호선,3121,0327,신사,337,N,07:57:00,07:57:30,,3080K,상행,2025-05-01T05:00:00,,평일
3호선,1958,대화,309,,20250619,3호선,0342,오금,352,N,3호선,3121,0326,압구정,336,N,07:59:30,08:00:00,,3080K,상행,2025-05-01T05:00:00,,평일
3호선,1958,대화,309,,20250619,3호선,0342,오금,352,N,3호선,3121,0325,옥수,335,N,08:02:00,08:02:30,,3080K,상행,2025-05-01T05:00:00,,평일
3호선,1958,대화,309,,20250619,3호선,0342,오금,352,N,3호선,3121,0324,금호,334,N,08:03:30,08:04:00,,3080K,상행,2025-05-01T05:00:00,,평일
3호선,1958,대화,309,,20250619,3호선,0342,오금,352,N,3호선,3121,0323,약수,333,N,08:05:00,08:05:30,,3080K,상행,2025-05-01T05:00:00,,평일
3호선,1958,대화,309,,20250619,3호선,0342,오금,352,N,3호선,3121,0322,동대입구,332,N,08:06:30,08:07:00,,3080K,상행,2025-05-01T05:00:00,,평일
3호선,1958,대화,309,,20250619,3호선,0342,오금,352,N,3호선,3121,0321,충무로,331,N,08:08:30,08:09:00,,3080K,상행,2025-05-01T05:00:00,,평일
3호선,1958,대화,309,,20250619,3호선,0342,오금,352,N,3호선,3121,0320,을지로3가,330,N,08:10:00,08:10:30,,3080K,상행,2025-05-01T05:00:00,,평일
3호선,1958,대화,309,,20250619,3호선,0342,오금,352,N,3호선,3121,0319,종로3가,329,N,08:11:30,08:12:00,,3080K,상행,2025-05-01T05:00:00,,평일
3호선,1958,대화,309,,20250619,3호선,0342,오금,352,N,3호선,3121,0318,안국,328,N,08:13:30,08:14:00,,3080K,상행,2025-05-01T05:00:00,,평일
3호선,1958,대화,309,,20250619,3호선,0342,오금,352,N,3호선,3121,0317,경복궁,327,N,08:15:30,08:16:00,,3080K,상행,2025-05-01T05:00:00,,평일
3호선,1958,대화,309,,20250619,3호선,0342,오금,352,N,3호선,3121,0316,독립문,326,N,08:18:00,08:18:30,,3080K,상행,2025-05-01T05:00:00,,평일
3호선,1958,대화,309,,20250619,3호선,0342,오금,352,N,3호선,3121,0315,무악재,325,N,08:20:00,08:20:30,,3080K,상행,2025-05-01T05:00:00,,평일
3호선,1958,대화,309,,20250619,3호선,0342,오금,352,N,3호선,3121,0314,홍제,324,N,08:22:00,08:22:30,,3080K,상행,2025-05-01T05:00:00,,평일
3호선,1958,대화,309,,20250619,3호선,0342,오금,352,N,3호선,3121,0313,녹번,323,N,08:24:30,08:25:00,,3080K,상행,2025-05-01T05:00:00,,평일
3호선,1958,대화,309,,20250619,3호선,0342,오금,352,N,3호선,3121,0312,불광,322,N,08:26:30,08:27:00,,3080K,상행,2025-05-01T05:00:00,,평일
3호선,1958,대화,309,,20250619,3호선,0342,오금,352,N,3호선,3121,0311,연신내,321,N,08:28:30,08:29:00,,3080K,상행,2025-05-01T05:00:00,,평일
3호선,1958,대화,309,,20250619,3호선,0342,오금,352,N,3호선,3121,0310,구파발,320,N,08:31:00,08:31:30,,3080K,상행,2025-05-01T05:00:00,,평일
3호선,1958,대화,309,,20250619,3호선,0342,오금,352,N,3호선,3121,0309,지축,319,N,08:34:30,08:35:00,,3080K,상행,2025-05-01T05:00:00,,평일
3호선,1958,대화,309,,20250619,3호선,0342,오금,352,N,3호선,3121,1950,삼송,318,N,08:37:30,08:38:00,,3080K,상행,2025-05-01T05:00:00,,평일
3호선,1958,대화,309,,20250619,3호선,0342,오금,352,N,3호선,3121,1948,원흥,317,N,08:40:00,08:40:30,,3080K,상행,2025-05-01T05:00:00,,평일
3호선,1958,대화,309,,20250619,3호선,0342,오금,352,N,3호선,3121,1951,원당,316,N,08:43:00,08:43:30,,3080K,상행,2025-05-01T05:00:00,,평일
3호선,1958,대화,309,,20250619,3호선,0342,오금,352,N,3호선,3121,1952,화정,315,N,08:46:30,08:47:00,,3080K,상행,2025-05-01T05:00:00,,평일
3호선,1958,대화,309,,20250619,3호선,0342,오금,352,N,3호선,3121,1953,대곡,314,N,08:49:30,08:50:00,,3080K,상행,2025-05-01T05:00:00,,평일
3호선,1958,대화,309,,20250619,3호선,0342,오금,352,N,3호선,3121,1954,백석,313,N,08:53:00,08:53:30,,3080K,상행,2025-05-01T05:00:00,,평일
3호선,1958,대화,309,,20250619,3호선,0342,오금,352,N,3호선,3121,1955,마두,312,N,08:55:30,08:56:00,,3080K,상행,2025-05-01T05:00:00,,평일
3호선,1958,대화,309,,20250619,3호선,0342,오금,352,N,3호선,3121,1956,정발산,311,N,08:57:30,08:58:00,,3080K,상행,2025-05-01T05:00:00,,평일
3호선,1958,대화,309,,20250619,3호선,0342,오금,352,N,3호선,3121,1957,주엽,310,N,09:00:00,09:00:30,,3080K,상행,2025-05-01T05:00:00,,평일
3호선,1958,대화,309,,20250619,3호선,0342,오금,352,N,3호선,3121,1958,대화,309,N,09:02:30,,,3080K,상행,2025-05-01T05:00:00,,평일
3호선,0310,구파발,320,,20250619,3호선,0342,오금,352,N,3호선,3091,0342,오금,352,N,,07:31:00,,3082,상행,2025-05-01T05:00:00,,평일
3호선,0310,구파발,320,,20250619,3호선,0342,오금,352,N,3호선,3091,0341,경찰병원,351,N,07:32:00,07:32:30,,3082,상행,2025-05-01T05:00:00,,평일
3호선,0310,구파발,320,,20250619,3호선,0342,오금,352,N,3호선,3091,0340,가락시장,350,N,07:33:30,07:34:00,,3082,상행,2025-05-01T05:00:00,,평일
3호선,0310,구파발,320,,20250619,3호선,0342,오금,352,N,3호선,3091,0339,수서,349,N,07:36:00,07:36:30,,3082,상행,2025-05-01T05:00:00,,평일
3호선,0310,구파발,320,,20250619,3호선,0342,오금,352,N,3호선,3091,0338,일원,348,N,07:38:30,07:39:00,,3082,상행,2025-05-01T05:00:00,,평일
3호선,0310,구파발,320,,20250619,3호선,0342,오금,352,N,3호선,3091,0337,대청,347,N,07:40:30,07:41:00,,3082,상행,2025-05-01T05:00:00,,평일
3호선,0310,구파발,320,,20250619,3호선,0342,오금,352,N,3호선,3091,0336,학여울,346,N,07:42:30,07:43:00,,3082,상행,2025-05-01T05:00:00,,평일
3호선,0310,구파발,320,,20250619,3호선,0342,오금,352,N,3호선,3091,0335,대치,345,N,07:44:00,07:44:30,,3082,상행,2025-05-01T05:00:00,,평일
3호선,0310,구파발,320,,20250619,3호선,0342,오금,352,N,3호선,3091,0334,도곡,344,N,07:45:30,07:46:00,,3082,상행,2025-05-01T05:00:00,,평일
3호선,0310,구파발,320,,20250619,3호선,0342,오금,352,N,3호선,3091,0333,매봉,343,N,07:47:30,07:48:00,,3082,상행,2025-05-01T05:00:00,,평일
3호선,0310,구파발,320,,20250619,3호선,0342,오금,352,N,3호선,3091,0332,양재,342,N,07:50:00,07:50:30,,3082,상행,2025-05-01T05:00:00,,평일
3호선,0310,구파발,320,,20250619,3호선,0342,오금,352,N,3호선,3091,0331,남부터미널,341,N,07:52:30,07:53:00,,3082,상행,2025-05-01T05:00:00,,평일
3호선,0310,구파발,320,,20250619,3호선,0342,오금,352,N,3호선,3091,0330,교대,340,N,07:54:30,07:55:00,,3082,상행,2025-05-01T05:00:00,,평일
3호선,0310,구파발,320,,20250619,3호선,0342,오금,352,N,3호선,3091,0329,고속터미널,339,N,07:57:00,07:57:30,,3082,상행,2025-05-01T05:00:00,,평일
3호선,0310,구파발,320,,20250619,3호선,0342,오금,352,N,3호선,3091,0328,잠원,338,N,07:59:00,07:59:30,,3082,상행,2025-05-01T05:00:00,,평일
3호선,0310,구파발,320,,20250619,3호선,0342,오금,352,N,3호선,3091,0327,신사,337,N,08:01:00,08:01:30,,3082,상행,2025-05-01T05:00:00,,평일
3호선,0310,구파발,320,,20250619,3호선,0342,오금,352,N,3호선,3091,0326,압구정,336,N,08:03:30,08:04:00,,3082,상행,2025-05-01T05:00:00,,평일
3호선,0310,구파발,320,,20250619,3호선,0342,오금,352,N,3호선,3091,0325,옥수,335,N,08:06:00,08:06:30,,3082,상행,2025-05-01T05:00:00,,평일
3호선,0310,구파발,320,,20250619,3호선,0342,오금,352,N,3호선,3091,0324,금호,334,N,08:07:30,08:08:00,,3082,상행,2025-05-01T05:00:00,,평일
3호선,0310,구파발,320,,20250619,3호선,0342,오금,352,N,3호선,3091,0323,약수,333,N,08:09:00,08:09:30,,3082,상행,2025-05-01T05:00:00,,평일
3호선,0310,구파발,320,,20250619,3호선,0342,오금,352,N,3호선,3091,0322,동대입구,332,N,08:10:30,08:11:00,,3082,상행,2025-05-01T05:00:00,,평일
3호선,0310,구파발,320,,20250619,3호선,0342,오금,352,N,3호선,3091,0321,충무로,331,N,08:12:30,08:13:00,,3082,상행,2025-05-01T05:00:00,,평일
3호선,0310,구파발,320,,20250619,3호선,0342,오금,352,N,3호선,3091,0320,을지로3가,330,N,08:14:00,08:14:30,,3082,상행,2025-05-01T05:00:00,,평일
3호선,0310,구파발,320,,20250619,3호선,0342,오금,352,N,3호선,3091,0319,종로3가,329,N,08:15:30,08:16:00,,3082,상행,2025-05-01T05:00:00,,평일
3호선,0310,구파발,320,,20250619,3호선,0342,오금,352,N,3호선,3091,0318,안국,328,N,08:17:30,08:18:00,,3082,상행,2025-05-01T05:00:00,,평일
3호선,0310,구파발,320,,20250619,3호선,0342,오금,352,N,3호선,3091,0317,경복궁,327,N,08:19:30,08:20:00,,3082,상행,2025-05-01T05:00:00,,평일
3호선,0310,구파발,320,,20250619,3호선,0342,오금,352,N,3호선,3091,0316,독립문,326,N,08:22:00,08:22:30,,3082,상행,2025-05-01T05:00:00,,평일
3호선,0310,구파발,320,,20250619,3호선,0342,오금,352,N,3호선,3091,0315,무악재,325,N,08:24:00,08:24:30,,3082,상행,2025-05-01T05:00:00,,평일
3호선,0310,구파발,320,,20250619,3호선,0342,오금,352,N,3호선,3091,0314,홍제,324,N,08:26:00,08:26:30,,3082,상행,2025-05-01T05:00:00,,평일
3호선,0310,구파발,320,,20250619,3호선,0342,오금,352,N,3호선,3091,0313,녹번,323,N,08:28:30,08:29:00,,3082,상행,2025-05-01T05:00:00,,평일
3호선,0310,구파발,320,,20250619,3호선,0342,오금,352,N,3호선,3091,0312,불광,322,N,08:30:30,08:31:00,,3082,상행,2025-05-01T05:00:00,,평일
3호선,0310,구파발,320,,20250619,3호선,0342,오금,352,N,3호선,3091,0311,연신내,321,N,08:32:30,08:33:00,,3082,상행,2025-05-01T05:00:00,,평일
3호선,0310,구파발,320,,20250619,3호선,0342,오금,352,N,3호선,3091,0310,구파발,320,N,08:35:00,,,3082,상행,2025-05-01T05:00:00,,평일
3호선,1958,대화,309,,20250619,3호선,0342,오금,352,N,3호선,3123,0342,오금,352,N,,07:34:30,,3084,상행,2025-05-01T05:00:00,,평일
3호선,1958,대화,309,,20250619,3호선,0342,오금,352,N,3호선,3123,0341,경찰병원,351,N,07:35:30,07:36:00,,3084,상행,2025-05-01T05:00:00,,평일
3호선,1958,대화,309,,20250619,3호선,0342,오금,352,N,3호선,3123,0340,가락시장,350,N,07:37:00,07:37:30,,3084,상행,2025-05-01T05:00:00,,평일
3호선,1958,대화,309,,20250619,3호선,0342,오금,352,N,3호선,3123,0339,수서,349,N,07:39:30,07:40:00,,3084,상행,2025-05-01T05:00:00,,평일
3호선,1958,대화,309,,20250619,3호선,0342,오금,352,N,3호선,3123,0338,일원,348,N,07:42:00,07:42:30,,3084,상행,2025-05-01T05:00:00,,평일
3호선,1958,대화,309,,20250619,3호선,0342,오금,352,N,3호선,3123,0337,대청,347,N,07:44:00,07:44:30,,3084,상행,2025-05-01T05:00:00,,평일
3호선,1958,대화,309,,20250619,3호선,0342,오금,352,N,3호선,3123,0336,학여울,346,N,07:46:00,07:46:30,,3084,상행,2025-05-01T05:00:00,,평일
3호선,1958,대화,309,,20250619,3호선,0342,오금,352,N,3호선,3123,0335,대치,345,N,07:47:30,07:48:00,,3084,상행,2025-05-01T05:00:00,,평일
3호선,1958,대화,309,,20250619,3호선,0342,오금,352,N,3호선,3123,0334,도곡,344,N,07:49:00,07:49:30,,3084,상행,2025-05-01T05:00:00,,평일
3호선,1958,대화,309,,20250619,3호선,0342,오금,352,N,3호선,3123,0333,매봉,343,N,07:51:00,07:51:30,,3084,상행,2025-05-01T05:00:00,,평일
3호선,1958,대화,309,,20250619,3호선,0342,오금,352,N,3호선,3123,0332,양재,342,N,07:53:30,07:54:00,,3084,상행,2025-05-01T05:00:00,,평일
3호선,1958,대화,309,,20250619,3호선,0342,오금,352,N,3호선,3123,0331,남부터미널,341,N,07:56:00,07:56:30,,3084,상행,2025-05-01T05:00:00,,평일
3호선,1958,대화,309,,20250619,3호선,0342,오금,352,N,3호선,3123,0330,교대,340,N,07:58:00,07:58:30,,3084,상행,2025-05-01T05:00:00,,평일
3호선,1958,대화,309,,20250619,3호선,0342,오금,352,N,3호선,3123,0329,고속터미널,339,N,08:00:30,08:01:00,,3084,상행,2025-05-01T05:00:00,,평일
3호선,1958,대화,309,,20250619,3호선,0342,오금,352,N,3호선,3123,0328,잠원,338,N,08:02:30,08:03:00,,3084,상행,2025-05-01T05:00:00,,평일
3호선,1958,대화,309,,20250619,3호선,0342,오금,352,N,3호선,3123,0327,신사,337,N,08:04:30,08:05:00,,3084,상행,2025-05-01T05:00:00,,평일
3호선,1958,대화,309,,20250619,3호선,0342,오금,352,N,3호선,3123,0326,압구정,336,N,08:07:00,08:07:30,,3084,상행,2025-05-01T05:00:00,,평일
3호선,1958,대화,309,,20250619,3호선,0342,오금,352,N,3호선,3123,0325,옥수,335,N,08:09:30,08:10:00,,3084,상행,2025-05-01T05:00:00,,평일
3호선,1958,대화,309,,20250619,3호선,0342,오금,352,N,3호선,3123,0324,금호,334,N,08:11:00,08:11:30,,3084,상행,2025-05-01T05:00:00,,평일
3호선,1958,대화,309,,20250619,3호선,0342,오금,352,N,3호선,3123,0323,약수,333,N,08:12:30,08:13:00,,3084,상행,2025-05-01T05:00:00,,평일
3호선,1958,대화,309,,20250619,3호선,0342,오금,352,N,3호선,3123,0322,동대입구,332,N,08:14:00,08:14:30,,3084,상행,2025-05-01T05:00:00,,평일
3호선,1958,대화,309,,20250619,3호선,0342,오금,352,N,3호선,3123,0321,충무로,331,N,08:16:00,08:16:30,,3084,상행,2025-05-01T05:00:00,,평일
3호선,1958,대화,309,,20250619,3호선,0342,오금,352,N,3호선,3123,0320,을지로3가,330,N,08:17:30,08:18:00,,3084,상행,2025-05-01T05:00:00,,평일
3호선,1958,대화,309,,20250619,3호선,0342,오금,352,N,3호선,3123,0319,종로3가,329,N,08:19:00,08:19:30,,3084,상행,2025-05-01T05:00:00,,평일
3호선,1958,대화,309,,20250619,3호선,0342,오금,352,N,3호선,3123,0318,안국,328,N,08:21:00,08:21:30,,3084,상행,2025-05-01T05:00:00,,평일
3호선,1958,대화,309,,20250619,3호선,0342,오금,352,N,3호선,3123,0317,경복궁,327,N,08:23:00,08:23:30,,3084,상행,2025-05-01T05:00:00,,평일
3호선,1958,대화,309,,20250619,3호선,0342,오금,352,N,3호선,3123,0316,독립문,326,N,08:25:30,08:26:00,,3084,상행,2025-05-01T05:00:00,,평일
3호선,1958,대화,309,,20250619,3호선,0342,오금,352,N,3호선,3123,0315,무악재,325,N,08:27:30,08:28:00,,3084,상행,2025-05-01T05:00:00,,평일
3호선,1958,대화,309,,20250619,3호선,0342,오금,352,N,3호선,3123,0314,홍제,324,N,08:29:30,08:30:00,,3084,상행,2025-05-01T05:00:00,,평일
3호선,1958,대화,309,,20250619,3호선,0342,오금,352,N,3호선,3123,0313,녹번,323,N,08:32:00,08:32:30,,3084,상행,2025-05-01T05:00:00,,평일
3호선,1958,대화,309,,20250619,3호선,0342,오금,352,N,3호선,3123,0312,불광,322,N,08:34:00,08:34:30,,3084,상행,2025-05-01T05:00:00,,평일
3호선,1958,대화,309,,20250619,3호선,0342,오금,352,N,3호선,3123,0311,연신내,321,N,08:36:00,08:36:30,,3084,상행,2025-05-01T05:00:00,,평일
3호선,1958,대화,309,,20250619,3호선,0342,오금,352,N,3호선,3123,0310,구파발,320,N,08:38:30,08:39:00,,3084,상행,2025-05-01T05:00:00,,평일
3호선,1958,대화,309,,20250619,3호선,0342,오금,352,N,3호선,3123,0309,지축,319,N,08:42:00,08:42:30,,3084,상행,2025-05-01T05:00:00,,평일
3호선,1958,대화,309,,20250619,3호선,0342,오금,352,N,3호선,3123,1950,삼송,318,N,08:45:00,08:45:30,,3084,상행,2025-05-01T05:00:00,,평일
3호선,1958,대화,309,,20250619,3호선,0342,오금,352,N,3호선,3123,1948,원흥,317,N,08:47:30,08:48:00,,3084,상행,2025-05-01T05:00:00,,평일
3호선,1958,대화,309,,20250619,3호선,0342,오금,352,N,3호선,3123,1951,원당,316,N,08:50:30,08:51:00,,3084,상행,2025-05-01T05:00:00,,평일
3호선,1958,대화,309,,20250619,3호선,0342,오금,352,N,3호선,3123,1952,화정,315,N,08:54:00,08:54:30,,3084,상행,2025-05-01T05:00:00,,평일
3호선,1958,대화,309,,20250619,3호선,0342,오금,352,N,3호선,3123,1953,대곡,314,N,08:57:00,08:57:30,,3084,상행,2025-05-01T05:00:00,,평일
3호선,1958,대화,309,,20250619,3호선,0342,오금,352,N,3호선,3123,1954,백석,313,N,09:00:30,09:01:00,,3084,상행,2025-05-01T05:00:00,,평일
3호선,1958,대화,309,,20250619,3호선,0342,오금,352,N,3호선,3123,1955,마두,312,N,09:03:00,09:03:30,,3084,상행,2025-05-01T05:00:00,,평일
3호선,1958,대화,309,,20250619,3호선,0342,오금,352,N,3호선,3123,1956,정발산,311,N,09:05:00,09:05:30,,3084,상행,2025-05-01T05:00:00,,평일
3호선,1958,대화,309,,20250619,3호선,0342,오금,352,N,3호선,3123,1957,주엽,310,N,09:07:30,09:08:00,,3084,상행,2025-05-01T05:00:00,,평일
3호선,1958,대화,309,,20250619,3호선,0342,오금,352,N,3호선,3123,1958,대화,309,N,09:10:00,,,3084,상행,2025-05-01T05:00:00,,평일
3호선,0310,구파발,320,,20250619,3호선,0339,수서,349,N,3호선,3095,0339,수서,349,N,,07:43:30,,3086,상행,2025-05-01T05:00:00,,평일
3호선,0310,구파발,320,,20250619,3호선,0339,수서,349,N,3호선,3095,0338,일원,348,N,07:45:30,07:46:00,,3086,상행,2025-05-01T05:00:00,,평일
3호선,0310,구파발,320,,20250619,3호선,0339,수서,349,N,3호선,3095,0337,대청,347,N,07:47:30,07:48:00,,3086,상행,2025-05-01T05:00:00,,평일
3호선,0310,구파발,320,,20250619,3호선,0339,수서,349,N,3호선,3095,0336,학여울,346,N,07:49:30,07:50:00,,3086,상행,2025-05-01T05:00:00,,평일
3호선,0310,구파발,320,,20250619,3호선,0339,수서,349,N,3호선,3095,0335,대치,345,N,07:51:00,07:51:30,,3086,상행,2025-05-01T05:00:00,,평일
3호선,0310,구파발,320,,20250619,3호선,0339,수서,349,N,3호선,3095,0334,도곡,344,N,07:52:30,07:53:00,,3086,상행,2025-05-01T05:00:00,,평일
3호선,0310,구파발,320,,20250619,3호선,0339,수서,349,N,3호선,3095,0333,매봉,343,N,07:54:30,07:55:00,,3086,상행,2025-05-01T05:00:00,,평일
3호선,0310,구파발,320,,20250619,3호선,0339,수서,349,N,3호선,3095,0332,양재,342,N,07:57:00,07:57:30,,3086,상행,2025-05-01T05:00:00,,평일
3호선,0310,구파발,320,,20250619,3호선,0339,수서,349,N,3호선,3095,0331,남부터미널,341,N,07:59:30,08:00:00,,3086,상행,2025-05-01T05:00:00,,평일
3호선,0310,구파발,320,,20250619,3호선,0339,수서,349,N,3호선,3095,0330,교대,340,N,08:01:30,08:02:00,,3086,상행,2025-05-01T05:00:00,,평일
3호선,0310,구파발,320,,20250619,3호선,0339,수서,349,N,3호선,3095,0329,고속터미널,339,N,08:04:00,08:04:30,,3086,상행,2025-05-01T05:00:00,,평일
3호선,0310,구파발,320,,20250619,3호선,0339,수서,349,N,3호선,3095,0328,잠원,338,N,08:06:00,08:06:30,,3086,상행,2025-05-01T05:00:00,,평일
3호선,0310,구파발,320,,20250619,3호선,0339,수서,349,N,3호선,3095,0327,신사,337,N,08:08:00,08:08:30,,3086,상행,2025-05-01T05:00:00,,평일
3호선,0310,구파발,320,,20250619,3호선,0339,수서,349,N,3호선,3095,0326,압구정,336,N,08:10:30,08:11:00,,3086,상행,2025-05-01T05:00:00,,평일
3호선,0310,구파발,320,,20250619,3호선,0339,수서,349,N,3호선,3095,0325,옥수,335,N,08:13:00,08:13:30,,3086,상행,2025-05-01T05:00:00,,평일
3호선,0310,구파발,320,,20250619,3호선,0339,수서,349,N,3호선,3095,0324,금호,334,N,08:14:30,08:15:00,,3086,상행,2025-05-01T05:00:00,,평일
3호선,0310,구파발,320,,20250619,3호선,0339,수서,349,N,3호선,3095,0323,약수,333,N,08:16:00,08:16:30,,3086,상행,2025-05-01T05:00:00,,평일
3호선,0310,구파발,320,,20250619,3호선,0339,수서,349,N,3호선,3095,0322,동대입구,332,N,08:17:30,08:18:00,,3086,상행,2025-05-01T05:00:00,,평일
3호선,0310,구파발,320,,20250619,3호선,0339,수서,349,N,3호선,3095,0321,충무로,331,N,08:19:30,08:20:00,,3086,상행,2025-05-01T05:00:00,,평일
3호선,0310,구파발,320,,20250619,3호선,0339,수서,349,N,3호선,3095,0320,을지로3가,330,N,08:21:00,08:21:30,,3086,상행,2025-05-01T05:00:00,,평일
3호선,0310,구파발,320,,20250619,3호선,0339,수서,349,N,3호선,3095,0319,종로3가,329,N,08:22:30,08:23:00,,3086,상행,2025-05-01T05:00:00,,평일
3호선,0310,구파발,320,,20250619,3호선,0339,수서,349,N,3호선,3095,0318,안국,328,N,08:24:30,08:25:00,,3086,상행,2025-05-01T05:00:00,,평일
3호선,0310,구파발,320,,20250619,3호선,0339,수서,349,N,3호선,3095,0317,경복궁,327,N,08:26:30,08:27:00,,3086,상행,2025-05-01T05:00:00,,평일
3호선,0310,구파발,320,,20250619,3호선,0339,수서,349,N,3호선,3095,0316,독립문,326,N,08:29:00,08:29:30,,3086,상행,2025-05-01T05:00:00,,평일
3호선,0310,구파발,320,,20250619,3호선,0339,수서,349,N,3호선,3095,0315,무악재,325,N,08:31:00,08:31:30,,3086,상행,2025-05-01T05:00:00,,평일
3호선,0310,구파발,320,,20250619,3호선,0339,수서,349,N,3호선,3095,0314,홍제,324,N,08:33:00,08:33:30,,3086,상행,2025-05-01T05:00:00,,평일
3호선,0310,구파발,320,,20250619,3호선,0339,수서,349,N,3호선,3095,0313,녹번,323,N,08:35:30,08:36:00,,3086,상행,2025-05-01T05:00:00,,평일
3호선,0310,구파발,320,,20250619,3호선,0339,수서,349,N,3호선,3095,0312,불광,322,N,08:37:30,08:38:00,,3086,상행,2025-05-01T05:00:00,,평일
3호선,0310,구파발,320,,20250619,3호선,0339,수서,349,N,3호선,3095,0311,연신내,321,N,08:39:30,08:40:00,,3086,상행,2025-05-01T05:00:00,,평일
3호선,0310,구파발,320,,20250619,3호선,0339,수서,349,N,3호선,3095,0310,구파발,320,N,08:42:00,,,3086,상행,2025-05-01T05:00:00,,평일
3호선,1958,대화,309,,20250619,3호선,0342,오금,352,N,3호선,3127,0342,오금,352,N,,07:42:00,,3088,상행,2025-05-01T05:00:00,,평일
3호선,1958,대화,309,,20250619,3호선,0342,오금,352,N,3호선,3127,0341,경찰병원,351,N,07:43:00,07:43:30,,3088,상행,2025-05-01T05:00:00,,평일
3호선,1958,대화,309,,20250619,3호선,0342,오금,352,N,3호선,3127,0340,가락시장,350,N,07:44:30,07:45:00,,3088,상행,2025-05-01T05:00:00,,평일
3호선,1958,대화,309,,20250619,3호선,0342,오금,352,N,3호선,3127,0339,수서,349,N,07:47:00,07:47:30,,3088,상행,2025-05-01T05:00:00,,평일
3호선,1958,대화,309,,20250619,3호선,0342,오금,352,N,3호선,3127,0338,일원,348,N,07:49:30,07:50:00,,3088,상행,2025-05-01T05:00:00,,평일
3호선,1958,대화,309,,20250619,3호선,0342,오금,352,N,3호선,3127,0337,대청,347,N,07:51:30,07:52:00,,3088,상행,2025-05-01T05:00:00,,평일
3호선,1958,대화,309,,20250619,3호선,0342,오금,352,N,3호선,3127,0336,학여울,346,N,07:53:30,07:54:00,,3088,상행,2025-05-01T05:00:00,,평일
3호선,1958,대화,309,,20250619,3호선,0342,오금,352,N,3호선,3127,0335,대치,345,N,07:55:00,07:55:30,,3088,상행,2025-05-01T05:00:00,,평일
3호선,1958,대화,309,,20250619,3호선,0342,오금,352,N,3호선,3127,0334,도곡,344,N,07:56:30,07:57:00,,3088,상행,2025-05-01T05:00:00,,평일
3호선,1958,대화,309,,20250619,3호선,0342,오금,352,N,3호선,3127,0333,매봉,343,N,07:58:30,07:59:00,,3088,상행,2025-05-01T05:00:00,,평일
3호선,1958,대화,309,,20250619,3호선,0342,오금,352,N,3호선,3127,0332,양재,342,N,08:01:00,08:01:30,,3088,상행,2025-05-01T05:00:00,,평일
3호선,1958,대화,309,,20250619,3호선,0342,오금,352,N,3호선,3127,0331,남부터미널,341,N,08:03:30,08:04:00,,3088,상행,2025-05-01T05:00:00,,평일
3호선,1958,대화,309,,20250619,3호선,0342,오금,352,N,3호선,3127,0330,교대,340,N,08:05:30,08:06:00,,3088,상행,2025-05-01T05:00:00,,평일
3호선,1958,대화,309,,20250619,3호선,0342,오금,352,N,3호선,3127,0329,고속터미널,339,N,08:08:00,08:08:30,,3088,상행,2025-05-01T05:00:00,,평일
3호선,1958,대화,309,,20250619,3호선,0342,오금,352,N,3호선,3127,0328,잠원,338,N,08:10:00,08:10:30,,3088,상행,2025-05-01T05:00:00,,평일
3호선,1958,대화,309,,20250619,3호선,0342,오금,352,N,3호선,3127,0327,신사,337,N,08:12:00,08:12:30,,3088,상행,2025-05-01T05:00:00,,평일
3호선,1958,대화,309,,20250619,3호선,0342,오금,352,N,3호선,3127,0326,압구정,336,N,08:14:30,08:15:00,,3088,상행,2025-05-01T05:00:00,,평일
3호선,1958,대화,309,,20250619,3호선,0342,오금,352,N,3호선,3127,0325,옥수,335,N,08:17:00,08:17:30,,3088,상행,2025-05-01T05:00:00,,평일
3호선,1958,대화,309,,20250619,3호선,0342,오금,352,N,3호선,3127,0324,금호,334,N,08:18:30,08:19:00,,3088,상행,2025-05-01T05:00:00,,평일
3호선,1958,대화,309,,20250619,3호선,0342,오금,352,N,3호선,3127,0323,약수,333,N,08:20:00,08:20:30,,3088,상행,2025-05-01T05:00:00,,평일
3호선,1958,대화,309,,20250619,3호선,0342,오금,352,N,3호선,3127,0322,동대입구,332,N,08:21:30,08:22:00,,3088,상행,2025-05-01T05:00:00,,평일
3호선,1958,대화,309,,20250619,3호선,0342,오금,352,N,3호선,3127,0321,충무로,331,N,08:23:30,08:24:00,,3088,상행,2025-05-01T05:00:00,,평일
3호선,1958,대화,309,,20250619,3호선,0342,오금,352,N,3호선,3127,0320,을지로3가,330,N,08:25:00,08:25:30,,3088,상행,2025-05-01T05:00:00,,평일
3호선,1958,대화,309,,20250619,3호선,0342,오금,352,N,3호선,3127,0319,종로3가,329,N,08:26:30,08:27:00,,3088,상행,2025-05-01T05:00:00,,평일
3호선,1958,대화,309,,20250619,3호선,0342,오금,352,N,3호선,3127,0318,안국,328,N,08:28:30,08:29:00,,3088,상행,2025-05-01T05:00:00,,평일
3호선,1958,대화,309,,20250619,3호선,0342,오금,352,N,3호선,3127,0317,경복궁,327,N,08:30:30,08:31:00,,3088,상행,2025-05-01T05:00:00,,평일
3호선,1958,대화,309,,20250619,3호선,0342,오금,352,N,3호선,3127,0316,독립문,326,N,08:33:00,08:33:30,,3088,상행,2025-05-01T05:00:00,,평일
3호선,1958,대화,309,,20250619,3호선,0342,오금,352,N,3호선,3127,0315,무악재,325,N,08:35:00,08:35:30,,3088,상행,2025-05-01T05:00:00,,평일
3호선,1958,대화,309,,20250619,3호선,0342,오금,352,N,3호선,3127,0314,홍제,324,N,08:37:00,08:37:30,,3088,상행,2025-05-01T05:00:00,,평일
3호선,1958,대화,309,,20250619,3호선,0342,오금,352,N,3호선,3127,0313,녹번,323,N,08:39:30,08:40:00,,3088,상행,2025-05-01T05:00:00,,평일
3호선,1958,대화,309,,20250619,3호선,0342,오금,352,N,3호선,3127,0312,불광,322,N,08:41:30,08:42:00,,3088,상행,2025-05-01T05:00:00,,평일
3호선,1958,대화,309,,20250619,3호선,0342,오금,352,N,3호선,3127,0311,연신내,321,N,08:43:30,08:44:00,,3088,상행,2025-05-01T05:00:00,,평일
3호선,1958,대화,309,,20250619,3호선,0342,오금,352,N,3호선,3127,0310,구파발,320,N,08:46:00,08:46:30,,3088,상행,2025-05-01T05:00:00,,평일
3호선,1958,대화,309,,20250619,3호선,0342,오금,352,N,3호선,3127,0309,지축,319,N,08:49:30,08:50:00,,3088,상행,2025-05-01T05:00:00,,평일
3호선,1958,대화,309,,20250619,3호선,0342,오금,352,N,3호선,3127,1950,삼송,318,N,08:52:30,08:53:00,,3088,상행,2025-05-01T05:00:00,,평일
3호선,1958,대화,309,,20250619,3호선,0342,오금,352,N,3호선,3127,1948,원흥,317,N,08:55:00,08:55:30,,3088,상행,2025-05-01T05:00:00,,평일
3호선,1958,대화,309,,20250619,3호선,0342,오금,352,N,3호선,3127,1951,원당,316,N,08:58:00,08:58:30,,3088,상행,2025-05-01T05:00:00,,평일
3호선,1958,대화,309,,20250619,3호선,0342,오금,352,N,3호선,3127,1952,화정,315,N,09:01:30,09:02:00,,3088,상행,2025-05-01T05:00:00,,평일
3호선,1958,대화,309,,20250619,3호선,0342,오금,352,N,3호선,3127,1953,대곡,314,N,09:04:30,09:05:00,,3088,상행,2025-05-01T05:00:00,,평일
3호선,1958,대화,309,,20250619,3호선,0342,오금,352,N,3호선,3127,1954,백석,313,N,09:08:00,09:08:30,,3088,상행,2025-05-01T05:00:00,,평일
3호선,1958,대화,309,,20250619,3호선,0342,오금,352,N,3호선,3127,1955,마두,312,N,09:10:30,09:11:00,,3088,상행,2025-05-01T05:00:00,,평일
3호선,1958,대화,309,,20250619,3호선,0342,오금,352,N,3호선,3127,1956,정발산,311,N,09:12:30,09:13:00,,3088,상행,2025-05-01T05:00:00,,평일
3호선,1958,대화,309,,20250619,3호선,0342,오금,352,N,3호선,3127,1957,주엽,310,N,09:15:00,09:15:30,,3088,상행,2025-05-01T05:00:00,,평일
3호선,1958,대화,309,,20250619,3호선,0342,오금,352,N,3호선,3127,1958,대화,309,N,09:17:30,,,3088,상행,2025-05-01T05:00:00,,평일
3호선,0310,구파발,320,,20250619,3호선,0342,오금,352,N,3호선,3101,0342,오금,352,N,,07:46:00,,3090,상행,2025-05-01T05:00:00,,평일
3호선,0310,구파발,320,,20250619,3호선,0342,오금,352,N,3호선,3101,0341,경찰병원,351,N,07:47:00,07:47:30,,3090,상행,2025-05-01T05:00:00,,평일
3호선,0310,구파발,320,,20250619,3호선,0342,오금,352,N,3호선,3101,0340,가락시장,350,N,07:48:30,07:49:00,,3090,상행,2025-05-01T05:00:00,,평일
3호선,0310,구파발,320,,20250619,3호선,0342,오금,352,N,3호선,3101,0339,수서,349,N,07:51:00,07:51:30,,3090,상행,2025-05-01T05:00:00,,평일
3호선,0310,구파발,320,,20250619,3호선,0342,오금,352,N,3호선,3101,0338,일원,348,N,07:53:30,07:54:00,,3090,상행,2025-05-01T05:00:00,,평일
3호선,0310,구파발,320,,20250619,3호선,0342,오금,352,N,3호선,3101,0337,대청,347,N,07:55:30,07:56:00,,3090,상행,2025-05-01T05:00:00,,평일
3호선,0310,구파발,320,,20250619,3호선,0342,오금,352,N,3호선,3101,0336,학여울,346,N,07:57:30,07:58:00,,3090,상행,2025-05-01T05:00:00,,평일
3호선,0310,구파발,320,,20250619,3호선,0342,오금,352,N,3호선,3101,0335,대치,345,N,07:59:00,07:59:30,,3090,상행,2025-05-01T05:00:00,,평일
3호선,0310,구파발,320,,20250619,3호선,0342,오금,352,N,3호선,3101,0334,도곡,344,N,08:00:30,08:01:00,,3090,상행,2025-05-01T05:00:00,,평일
3호선,0310,구파발,320,,20250619,3호선,0342,오금,352,N,3호선,3101,0333,매봉,343,N,08:02:30,08:03:00,,3090,상행,2025-05-01T05:00:00,,평일
3호선,0310,구파발,320,,20250619,3호선,0342,오금,352,N,3호선,3101,0332,양재,342,N,08:05:00,08:05:30,,3090,상행,2025-05-01T05:00:00,,평일
3호선,0310,구파발,320,,20250619,3호선,0342,오금,352,N,3호선,3101,0331,남부터미널,341,N,08:07:30,08:08:00,,3090,상행,2025-05-01T05:00:00,,평일
3호선,0310,구파발,320,,20250619,3호선,0342,오금,352,N,3호선,3101,0330,교대,340,N,08:09:30,08:10:00,,3090,상행,2025-05-01T05:00:00,,평일
3호선,0310,구파발,320,,20250619,3호선,0342,오금,352,N,3호선,3101,0329,고속터미널,339,N,08:12:00,08:12:30,,3090,상행,2025-05-01T05:00:00,,평일
3호선,0310,구파발,320,,20250619,3호선,0342,오금,352,N,3호선,3101,0328,잠원,338,N,08:14:00,08:14:30,,3090,상행,2025-05-01T05:00:00,,평일
3호선,0310,구파발,320,,20250619,3호선,0342,오금,352,N,3호선,3101,0327,신사,337,N,08:16:00,08:16:30,,3090,상행,2025-05-01T05:00:00,,평일
3호선,0310,구파발,320,,20250619,3호선,0342,오금,352,N,3호선,3101,0326,압구정,336,N,08:18:30,08:19:00,,3090,상행,2025-05-01T05:00:00,,평일
3호선,0310,구파발,320,,20250619,3호선,0342,오금,352,N,3호선,3101,0325,옥수,335,N,08:21:00,08:21:30,,3090,상행,2025-05-01T05:00:00,,평일
3호선,0310,구파발,320,,20250619,3호선,0342,오금,352,N,3호선,3101,0324,금호,334,N,08:22:30,08:23:00,,3090,상행,2025-05-01T05:00:00,,평일
3호선,0310,구파발,320,,20250619,3호선,0342,오금,352,N,3호선,3101,0323,약수,333,N,08:24:00,08:24:30,,3090,상행,2025-05-01T05:00:00,,평일
3호선,0310,구파발,320,,20250619,3호선,0342,오금,352,N,3호선,3101,0322,동대입구,332,N,08:25:30,08:26:00,,3090,상행,2025-05-01T05:00:00,,평일
3호선,0310,구파발,320,,20250619,3호선,0342,오금,352,N,3호선,3101,0321,충무로,331,N,08:27:30,08:28:00,,3090,상행,2025-05-01T05:00:00,,평일
3호선,0310,구파발,320,,20250619,3호선,0342,오금,352,N,3호선,3101,0320,을지로3가,330,N,08:29:00,08:29:30,,3090,상행,2025-05-01T05:00:00,,평일
3호선,0310,구파발,320,,20250619,3호선,0342,오금,352,N,3호선,3101,0319,종로3가,329,N,08:30:30,08:31:00,,3090,상행,2025-05-01T05:00:00,,평일
3호선,0310,구파발,320,,20250619,3호선,0342,오금,352,N,3호선,3101,0318,안국,328,N,08:32:30,08:33:00,,3090,상행,2025-05-01T05:00:00,,평일
3호선,0310,구파발,320,,20250619,3호선,0342,오금,352,N,3호선,3101,0317,경복궁,327,N,08:34:30,08:35:00,,3090,상행,2025-05-01T05:00:00,,평일
3호선,0310,구파발,320,,20250619,3호선,0342,오금,352,N,3호선,3101,0316,독립문,326,N,08:37:00,08:37:30,,3090,상행,2025-05-01T05:00:00,,평일
3호선,0310,구파발,320,,20250619,3호선,0342,오금,352,N,3호선,3101,0315,무악재,325,N,08:39:00,08:39:30,,3090,상행,2025-05-01T05:00:00,,평일
3호선,0310,구파발,320,,20250619,3호선,0342,오금,352,N,3호선,3101,0314,홍제,324,N,08:41:00,08:41:30,,3090,상행,2025-05-01T05:00:00,,평일
3호선,0310,구파발,320,,20250619,3호선,0342,오금,352,N,3호선,3101,0313,녹번,323,N,08:43:30,08:44:00,,3090,상행,2025-05-01T05:00:00,,평일
3호선,0310,구파발,320,,20250619,3호선,0342,오금,352,N,3호선,3101,0312,불광,322,N,08:45:30,08:46:00,,3090,상행,2025-05-01T05:00:00,,평일
3호선,0310,구파발,320,,20250619,3호선,0342,오금,352,N,3호선,3101,0311,연신내,321,N,08:47:30,08:48:00,,3090,상행,2025-05-01T05:00:00,,평일
3호선,0310,구파발,320,,20250619,3호선,0342,오금,352,N,3호선,3101,0310,구파발,320,N,08:50:00,,,3090,상행,2025-05-01T05:00:00,,평일
3호선,1958,대화,309,,20250619,3호선,0342,오금,352,N,3호선,3129,0342,오금,352,N,,07:49:30,,3092,상행,2025-05-01T05:00:00,,평일
3호선,1958,대화,309,,20250619,3호선,0342,오금,352,N,3호선,3129,0341,경찰병원,351,N,07:50:30,07:51:00,,3092,상행,2025-05-01T05:00:00,,평일
3호선,1958,대화,309,,20250619,3호선,0342,오금,352,N,3호선,3129,0340,가락시장,350,N,07:52:00,07:52:30,,3092,상행,2025-05-01T05:00:00,,평일
3호선,1958,대화,309,,20250619,3호선,0342,오금,352,N,3호선,3129,0339,수서,349,N,07:54:30,07:55:00,,3092,상행,2025-05-01T05:00:00,,평일
3호선,1958,대화,309,,20250619,3호선,0342,오금,352,N,3호선,3129,0338,일원,348,N,07:57:00,07:57:30,,3092,상행,2025-05-01T05:00:00,,평일
3호선,1958,대화,309,,20250619,3호선,0342,오금,352,N,3호선,3129,0337,대청,347,N,07:59:00,07:59:30,,3092,상행,2025-05-01T05:00:00,,평일
3호선,1958,대화,309,,20250619,3호선,0342,오금,352,N,3호선,3129,0336,학여울,346,N,08:01:00,08:01:30,,3092,상행,2025-05-01T05:00:00,,평일
3호선,1958,대화,309,,20250619,3호선,0342,오금,352,N,3호선,3129,0335,대치,345,N,08:02:30,08:03:00,,3092,상행,2025-05-01T05:00:00,,평일
3호선,1958,대화,309,,20250619,3호선,0342,오금,352,N,3호선,3129,0334,도곡,344,N,08:04:00,08:04:30,,3092,상행,2025-05-01T05:00:00,,평일
3호선,1958,대화,309,,20250619,3호선,0342,오금,352,N,3호선,3129,0333,매봉,343,N,08:06:00,08:06:30,,3092,상행,2025-05-01T05:00:00,,평일
3호선,1958,대화,309,,20250619,3호선,0342,오금,352,N,3호선,3129,0332,양재,342,N,08:08:30,08:09:00,,3092,상행,2025-05-01T05:00:00,,평일
3호선,1958,대화,309,,20250619,3호선,0342,오금,352,N,3호선,3129,0331,남부터미널,341,N,08:11:00,08:11:30,,3092,상행,2025-05-01T05:00:00,,평일
3호선,1958,대화,309,,20250619,3호선,0342,오금,352,N,3호선,3129,0330,교대,340,N,08:13:00,08:13:30,,3092,상행,2025-05-01T05:00:00,,평일
3호선,1958,대화,309,,20250619,3호선,0342,오금,352,N,3호선,3129,0329,고속터미널,339,N,08:15:30,08:16:00,,3092,상행,2025-05-01T05:00:00,,평일
3호선,1958,대화,309,,20250619,3호선,0342,오금,352,N,3호선,3129,0328,잠원,338,N,08:17:30,08:18:00,,3092,상행,2025-05-01T05:00:00,,평일
3호선,1958,대화,309,,20250619,3호선,0342,오금,352,N,3호선,3129,0327,신사,337,N,08:19:30,08:20:00,,3092,상행,2025-05-01T05:00:00,,평일
3호선,1958,대화,309,,20250619,3호선,0342,오금,352,N,3호선,3129,0326,압구정,336,N,08:22:00,08:22:30,,3092,상행,2025-05-01T05:00:00,,평일
3호선,1958,대화,309,,20250619,3호선,0342,오금,352,N,3호선,3129,0325,옥수,335,N,08:24:30,08:25:00,,3092,상행,2025-05-01T05:00:00,,평일
3호선,1958,대화,309,,20250619,3호선,0342,오금,352,N,3호선,3129,0324,금호,334,N,08:26:00,08:26:30,,3092,상행,2025-05-01T05:00:00,,평일
3호선,1958,대화,309,,20250619,3호선,0342,오금,352,N,3호선,3129,0323,약수,333,N,08:27:30,08:28:00,,3092,상행,2025-05-01T05:00:00,,평일
3호선,1958,대화,309,,20250619,3호선,0342,오금,352,N,3호선,3129,0322,동대입구,332,N,08:29:00,08:29:30,,3092,상행,2025-05-01T05:00:00,,평일
3호선,1958,대화,309,,20250619,3호선,0342,오금,352,N,3호선,3129,0321,충무로,331,N,08:31:00,08:31:30,,3092,상행,2025-05-01T05:00:00,,평일
3호선,1958,대화,309,,20250619,3호선,0342,오금,352,N,3호선,3129,0320,을지로3가,330,N,08:32:30,08:33:00,,3092,상행,2025-05-01T05:00:00,,평일
3호선,1958,대화,309,,20250619,3호선,0342,오금,352,N,3호선,3129,0319,종로3가,329,N,08:34:00,08:34:30,,3092,상행,2025-05-01T05:00:00,,평일
3호선,1958,대화,309,,20250619,3호선,0342,오금,352,N,3호선,3129,0318,안국,328,N,08:36:00,08:36:30,,3092,상행,2025-05-01T05:00:00,,평일
3호선,1958,대화,309,,20250619,3호선,0342,오금,352,N,3호선,3129,0317,경복궁,327,N,08:38:00,08:38:30,,3092,상행,2025-05-01T05:00:00,,평일
3호선,1958,대화,309,,20250619,3호선,0342,오금,352,N,3호선,3129,0316,독립문,326,N,08:40:30,08:41:00,,3092,상행,2025-05-01T05:00:00,,평일
3호선,1958,대화,309,,20250619,3호선,0342,오금,352,N,3호선,3129,0315,무악재,325,N,08:42:30,08:43:00,,3092,상행,2025-05-01T05:00:00,,평일
3호선,1958,대화,309,,20250619,3호선,0342,오금,352,N,3호선,3129,0314,홍제,324,N,08:44:30,08:45:00,,3092,상행,2025-05-01T05:00:00,,평일
3호선,1958,대화,309,,20250619,3호선,0342,오금,352,N,3호선,3129,0313,녹번,323,N,08:47:00,08:47:30,,3092,상행,2025-05-01T05:00:00,,평일
3호선,1958,대화,309,,20250619,3호선,0342,오금,352,N,3호선,3129,0312,불광,322,N,08:49:00,08:49:30,,3092,상행,2025-05-01T05:00:00,,평일
3호선,1958,대화,309,,20250619,3호선,0342,오금,352,N,3호선,3129,0311,연신내,321,N,08:51:00,08:51:30,,3092,상행,2025-05-01T05:00:00,,평일
3호선,1958,대화,309,,20250619,3호선,0342,오금,352,N,3호선,3129,0310,구파발,320,N,08:53:30,08:54:00,,3092,상행,2025-05-01T05:00:00,,평일
3호선,1958,대화,309,,20250619,3호선,0342,오금,352,N,3호선,3129,0309,지축,319,N,08:57:00,08:57:30,,3092,상행,2025-05-01T05:00:00,,평일
3호선,1958,대화,309,,20250619,3호선,0342,오금,352,N,3호선,3129,1950,삼송,318,N,09:00:00,09:00:30,,3092,상행,2025-05-01T05:00:00,,평일
3호선,1958,대화,309,,20250619,3호선,0342,오금,352,N,3호선,3129,1948,원흥,317,N,09:02:30,09:03:00,,3092,상행,2025-05-01T05:00:00,,평일
3호선,1958,대화,309,,20250619,3호선,0342,오금,352,N,3호선,3129,1951,원당,316,N,09:05:30,09:06:00,,3092,상행,2025-05-01T05:00:00,,평일
3호선,1958,대화,309,,20250619,3호선,0342,오금,352,N,3호선,3129,1952,화정,315,N,09:09:00,09:09:30,,3092,상행,2025-05-01T05:00:00,,평일
3호선,1958,대화,309,,20250619,3호선,0342,오금,352,N,3호선,3129,1953,대곡,314,N,09:12:00,09:12:30,,3092,상행,2025-05-01T05:00:00,,평일
3호선,1958,대화,309,,20250619,3호선,0342,오금,352,N,3호선,3129,1954,백석,313,N,09:15:30,09:16:00,,3092,상행,2025-05-01T05:00:00,,평일
3호선,1958,대화,309,,20250619,3호선,0342,오금,352,N,3호선,3129,1955,마두,312,N,09:18:00,09:18:30,,3092,상행,2025-05-01T05:00:00,,평일
3호선,1958,대화,309,,20250619,3호선,0342,오금,352,N,3호선,3129,1956,정발산,311,N,09:20:00,09:20:30,,3092,상행,2025-05-01T05:00:00,,평일
3호선,1958,대화,309,,20250619,3호선,0342,오금,352,N,3호선,3129,1957,주엽,310,N,09:22:30,09:23:00,,3092,상행,2025-05-01T05:00:00,,평일
3호선,1958,대화,309,,20250619,3호선,0342,오금,352,N,3호선,3129,1958,대화,309,N,09:25:00,,,3092,상행,2025-05-01T05:00:00,,평일
3호선,0310,구파발,320,,20250619,3호선,0339,수서,349,N,3호선,3105,0339,수서,349,N,,07:58:30,,3094,상행,2025-05-01T05:00:00,,평일
3호선,0310,구파발,320,,20250619,3호선,0339,수서,349,N,3호선,3105,0338,일원,348,N,08:00:30,08:01:00,,3094,상행,2025-05-01T05:00:00,,평일
3호선,0310,구파발,320,,20250619,3호선,0339,수서,349,N,3호선,3105,0337,대청,347,N,08:02:30,08:03:00,,3094,상행,2025-05-01T05:00:00,,평일
3호선,0310,구파발,320,,20250619,3호선,0339,수서,349,N,3호선,3105,0336,학여울,346,N,08:04:30,08:05:00,,3094,상행,2025-05-01T05:00:00,,평일
3호선,0310,구파발,320,,20250619,3호선,0339,수서,349,N,3호선,3105,0335,대치,345,N,08:06:00,08:06:30,,3094,상행,2025-05-01T05:00:00,,평일
3호선,0310,구파발,320,,20250619,3호선,0339,수서,349,N,3호선,3105,0334,도곡,344,N,08:07:30,08:08:00,,3094,상행,2025-05-01T05:00:00,,평일
3호선,0310,구파발,320,,20250619,3호선,0339,수서,349,N,3호선,3105,0333,매봉,343,N,08:09:30,08:10:00,,3094,상행,2025-05-01T05:00:00,,평일
3호선,0310,구파발,320,,20250619,3호선,0339,수서,349,N,3호선,3105,0332,양재,342,N,08:12:00,08:12:30,,3094,상행,2025-05-01T05:00:00,,평일
3호선,0310,구파발,320,,20250619,3호선,0339,수서,349,N,3호선,3105,0331,남부터미널,341,N,08:14:30,08:15:00,,3094,상행,2025-05-01T05:00:00,,평일
3호선,0310,구파발,320,,20250619,3호선,0339,수서,349,N,3호선,3105,0330,교대,340,N,08:16:30,08:17:00,,3094,상행,2025-05-01T05:00:00,,평일
3호선,0310,구파발,320,,20250619,3호선,0339,수서,349,N,3호선,3105,0329,고속터미널,339,N,08:19:00,08:19:30,,3094,상행,2025-05-01T05:00:00,,평일
3호선,0310,구파발,320,,20250619,3호선,0339,수서,349,N,3호선,3105,0328,잠원,338,N,08:21:00,08:21:30,,3094,상행,2025-05-01T05:00:00,,평일
3호선,0310,구파발,320,,20250619,3호선,0339,수서,349,N,3호선,3105,0327,신사,337,N,08:23:00,08:23:30,,3094,상행,2025-05-01T05:00:00,,평일
3호선,0310,구파발,320,,20250619,3호선,0339,수서,349,N,3호선,3105,0326,압구정,336,N,08:25:30,08:26:00,,3094,상행,2025-05-01T05:00:00,,평일
3호선,0310,구파발,320,,20250619,3호선,0339,수서,349,N,3호선,3105,0325,옥수,335,N,08:28:00,08:28:30,,3094,상행,2025-05-01T05:00:00,,평일
3호선,0310,구파발,320,,20250619,3호선,0339,수서,349,N,3호선,3105,0324,금호,334,N,08:29:30,08:30:00,,3094,상행,2025-05-01T05:00:00,,평일
3호선,0310,구파발,320,,20250619,3호선,0339,수서,349,N,3호선,3105,0323,약수,333,N,08:31:00,08:31:30,,3094,상행,2025-05-01T05:00:00,,평일
3호선,0310,구파발,320,,20250619,3호선,0339,수서,349,N,3호선,3105,0322,동대입구,332,N,08:32:30,08:33:00,,3094,상행,2025-05-01T05:00:00,,평일
3호선,0310,구파발,320,,20250619,3호선,0339,수서,349,N,3호선,3105,0321,충무로,331,N,08:34:30,08:35:00,,3094,상행,2025-05-01T05:00:00,,평일
3호선,0310,구파발,320,,20250619,3호선,0339,수서,349,N,3호선,3105,0320,을지로3가,330,N,08:36:00,08:36:30,,3094,상행,2025-05-01T05:00:00,,평일
3호선,0310,구파발,320,,20250619,3호선,0339,수서,349,N,3호선,3105,0319,종로3가,329,N,08:37:30,08:38:00,,3094,상행,2025-05-01T05:00:00,,평일
3호선,0310,구파발,320,,20250619,3호선,0339,수서,349,N,3호선,3105,0318,안국,328,N,08:39:30,08:40:00,,3094,상행,2025-05-01T05:00:00,,평일
3호선,0310,구파발,320,,20250619,3호선,0339,수서,349,N,3호선,3105,0317,경복궁,327,N,08:41:30,08:42:00,,3094,상행,2025-05-01T05:00:00,,평일
3호선,0310,구파발,320,,20250619,3호선,0339,수서,349,N,3호선,3105,0316,독립문,326,N,08:44:00,08:44:30,,3094,상행,2025-05-01T05:00:00,,평일
3호선,0310,구파발,320,,20250619,3호선,0339,수서,349,N,3호선,3105,0315,무악재,325,N,08:46:00,08:46:30,,3094,상행,2025-05-01T05:00:00,,평일
3호선,0310,구파발,320,,20250619,3호선,0339,수서,349,N,3호선,3105,0314,홍제,324,N,08:48:00,08:48:30,,3094,상행,2025-05-01T05:00:00,,평일
3호선,0310,구파발,320,,20250619,3호선,0339,수서,349,N,3호선,3105,0313,녹번,323,N,08:50:30,08:51:00,,3094,상행,2025-05-01T05:00:00,,평일
3호선,0310,구파발,320,,20250619,3호선,0339,수서,349,N,3호선,3105,0312,불광,322,N,08:52:30,08:53:00,,3094,상행,2025-05-01T05:00:00,,평일
3호선,0310,구파발,320,,20250619,3호선,0339,수서,349,N,3호선,3105,0311,연신내,321,N,08:54:30,08:55:00,,3094,상행,2025-05-01T05:00:00,,평일
3호선,0310,구파발,320,,20250619,3호선,0339,수서,349,N,3호선,3105,0310,구파발,320,N,08:57:00,,,3094,상행,2025-05-01T05:00:00,,평일
3호선,0310,구파발,320,,20250619,3호선,0342,오금,352,N,3호선,입고,0342,오금,352,N,,07:56:30,,3096K,상행,2025-05-01T05:00:00,,평일
3호선,0310,구파발,320,,20250619,3호선,0342,오금,352,N,3호선,입고,0341,경찰병원,351,N,07:57:30,07:58:00,,3096K,상행,2025-05-01T05:00:00,,평일
3호선,0310,구파발,320,,20250619,3호선,0342,오금,352,N,3호선,입고,0340,가락시장,350,N,07:59:00,07:59:30,,3096K,상행,2025-05-01T05:00:00,,평일
3호선,0310,구파발,320,,20250619,3호선,0342,오금,352,N,3호선,입고,0339,수서,349,N,08:01:30,08:02:00,,3096K,상행,2025-05-01T05:00:00,,평일
3호선,0310,구파발,320,,20250619,3호선,0342,오금,352,N,3호선,입고,0338,일원,348,N,08:04:00,08:04:30,,3096K,상행,2025-05-01T05:00:00,,평일
3호선,0310,구파발,320,,20250619,3호선,0342,오금,352,N,3호선,입고,0337,대청,347,N,08:06:00,08:06:30,,3096K,상행,2025-05-01T05:00:00,,평일
3호선,0310,구파발,320,,20250619,3호선,0342,오금,352,N,3호선,입고,0336,학여울,346,N,08:08:00,08:08:30,,3096K,상행,2025-05-01T05:00:00,,평일
3호선,0310,구파발,320,,20250619,3호선,0342,오금,352,N,3호선,입고,0335,대치,345,N,08:09:30,08:10:00,,3096K,상행,2025-05-01T05:00:00,,평일
3호선,0310,구파발,320,,20250619,3호선,0342,오금,352,N,3호선,입고,0334,도곡,344,N,08:11:00,08:11:30,,3096K,상행,2025-05-01T05:00:00,,평일
3호선,0310,구파발,320,,20250619,3호선,0342,오금,352,N,3호선,입고,0333,매봉,343,N,08:13:00,08:13:30,,3096K,상행,2025-05-01T05:00:00,,평일
3호선,0310,구파발,320,,20250619,3호선,0342,오금,352,N,3호선,입고,0332,양재,342,N,08:15:30,08:16:00,,3096K,상행,2025-05-01T05:00:00,,평일
3호선,0310,구파발,320,,20250619,3호선,0342,오금,352,N,3호선,입고,0331,남부터미널,341,N,08:18:00,08:18:30,,3096K,상행,2025-05-01T05:00:00,,평일
3호선,0310,구파발,320,,20250619,3호선,0342,오금,352,N,3호선,입고,0330,교대,340,N,08:20:00,08:20:30,,3096K,상행,2025-05-01T05:00:00,,평일
3호선,0310,구파발,320,,20250619,3호선,0342,오금,352,N,3호선,입고,0329,고속터미널,339,N,08:22:30,08:23:00,,3096K,상행,2025-05-01T05:00:00,,평일
3호선,0310,구파발,320,,20250619,3호선,0342,오금,352,N,3호선,입고,0328,잠원,338,N,08:24:30,08:25:00,,3096K,상행,2025-05-01T05:00:00,,평일
3호선,0310,구파발,320,,20250619,3호선,0342,오금,352,N,3호선,입고,0327,신사,337,N,08:26:30,08:27:00,,3096K,상행,2025-05-01T05:00:00,,평일
3호선,0310,구파발,320,,20250619,3호선,0342,오금,352,N,3호선,입고,0326,압구정,336,N,08:29:00,08:29:30,,3096K,상행,2025-05-01T05:00:00,,평일
3호선,0310,구파발,320,,20250619,3호선,0342,오금,352,N,3호선,입고,0325,옥수,335,N,08:31:30,08:32:00,,3096K,상행,2025-05-01T05:00:00,,평일
3호선,0310,구파발,320,,20250619,3호선,0342,오금,352,N,3호선,입고,0324,금호,334,N,08:33:00,08:33:30,,3096K,상행,2025-05-01T05:00:00,,평일
3호선,0310,구파발,320,,20250619,3호선,0342,오금,352,N,3호선,입고,0323,약수,333,N,08:34:30,08:35:00,,3096K,상행,2025-05-01T05:00:00,,평일
3호선,0310,구파발,320,,20250619,3호선,0342,오금,352,N,3호선,입고,0322,동대입구,332,N,08:36:00,08:36:30,,3096K,상행,2025-05-01T05:00:00,,평일
3호선,0310,구파발,320,,20250619,3호선,0342,오금,352,N,3호선,입고,0321,충무로,331,N,08:38:00,08:38:30,,3096K,상행,2025-05-01T05:00:00,,평일
3호선,0310,구파발,320,,20250619,3호선,0342,오금,352,N,3호선,입고,0320,을지로3가,330,N,08:39:30,08:40:00,,3096K,상행,2025-05-01T05:00:00,,평일
3호선,0310,구파발,320,,20250619,3호선,0342,오금,352,N,3호선,입고,0319,종로3가,329,N,08:41:00,08:41:30,,3096K,상행,2025-05-01T05:00:00,,평일
3호선,0310,구파발,320,,20250619,3호선,0342,오금,352,N,3호선,입고,0318,안국,328,N,08:43:00,08:43:30,,3096K,상행,2025-05-01T05:00:00,,평일
3호선,0310,구파발,320,,20250619,3호선,0342,오금,352,N,3호선,입고,0317,경복궁,327,N,08:45:00,08:45:30,,3096K,상행,2025-05-01T05:00:00,,평일
3호선,0310,구파발,320,,20250619,3호선,0342,오금,352,N,3호선,입고,0316,독립문,326,N,08:47:30,08:48:00,,3096K,상행,2025-05-01T05:00:00,,평일
3호선,0310,구파발,320,,20250619,3호선,0342,오금,352,N,3호선,입고,0315,무악재,325,N,08:49:30,08:50:00,,3096K,상행,2025-05-01T05:00:00,,평일
3호선,0310,구파발,320,,20250619,3호선,0342,오금,352,N,3호선,입고,0314,홍제,324,N,08:51:30,08:52:00,,3096K,상행,2025-05-01T05:00:00,,평일
3호선,0310,구파발,320,,20250619,3호선,0342,오금,352,N,3호선,입고,0313,녹번,323,N,08:54:00,08:54:30,,3096K,상행,2025-05-01T05:00:00,,평일
3호선,0310,구파발,320,,20250619,3호선,0342,오금,352,N,3호선,입고,0312,불광,322,N,08:56:00,08:56:30,,3096K,상행,2025-05-01T05:00:00,,평일
3호선,0310,구파발,320,,20250619,3호선,0342,오금,352,N,3호선,입고,0311,연신내,321,N,08:58:00,08:58:30,,3096K,상행,2025-05-01T05:00:00,,평일
3호선,0310,구파발,320,,20250619,3호선,0342,오금,352,N,3호선,입고,0310,구파발,320,N,09:00:30,,,3096K,상행,2025-05-01T05:00:00,,평일
3호선,1958,대화,309,,20250619,3호선,0342,오금,352,N,3호선,3131,0342,오금,352,N,,08:00:00,,3098,상행,2025-05-01T05:00:00,,평일
3호선,1958,대화,309,,20250619,3호선,0342,오금,352,N,3호선,3131,0341,경찰병원,351,N,08:01:00,08:01:30,,3098,상행,2025-05-01T05:00:00,,평일
3호선,1958,대화,309,,20250619,3호선,0342,오금,352,N,3호선,3131,0340,가락시장,350,N,08:02:30,08:03:00,,3098,상행,2025-05-01T05:00:00,,평일
3호선,1958,대화,309,,20250619,3호선,0342,오금,352,N,3호선,3131,0339,수서,349,N,08:05:00,08:05:30,,3098,상행,2025-05-01T05:00:00,,평일
3호선,1958,대화,309,,20250619,3호선,0342,오금,352,N,3호선,3131,0338,일원,348,N,08:07:30,08:08:00,,3098,상행,2025-05-01T05:00:00,,평일
3호선,1958,대화,309,,20250619,3호선,0342,오금,352,N,3호선,3131,0337,대청,347,N,08:09:30,08:10:00,,3098,상행,2025-05-01T05:00:00,,평일
3호선,1958,대화,309,,20250619,3호선,0342,오금,352,N,3호선,3131,0336,학여울,346,N,08:11:30,08:12:00,,3098,상행,2025-05-01T05:00:00,,평일
3호선,1958,대화,309,,20250619,3호선,0342,오금,352,N,3호선,3131,0335,대치,345,N,08:13:00,08:13:30,,3098,상행,2025-05-01T05:00:00,,평일
3호선,1958,대화,309,,20250619,3호선,0342,오금,352,N,3호선,3131,0334,도곡,344,N,08:14:30,08:15:00,,3098,상행,2025-05-01T05:00:00,,평일
3호선,1958,대화,309,,20250619,3호선,0342,오금,352,N,3호선,3131,0333,매봉,343,N,08:16:30,08:17:00,,3098,상행,2025-05-01T05:00:00,,평일
3호선,1958,대화,309,,20250619,3호선,0342,오금,352,N,3호선,3131,0332,양재,342,N,08:19:00,08:19:30,,3098,상행,2025-05-01T05:00:00,,평일
3호선,1958,대화,309,,20250619,3호선,0342,오금,352,N,3호선,3131,0331,남부터미널,341,N,08:21:30,08:22:00,,3098,상행,2025-05-01T05:00:00,,평일
3호선,1958,대화,309,,20250619,3호선,0342,오금,352,N,3호선,3131,0330,교대,340,N,08:23:30,08:24:00,,3098,상행,2025-05-01T05:00:00,,평일
3호선,1958,대화,309,,20250619,3호선,0342,오금,352,N,3호선,3131,0329,고속터미널,339,N,08:26:00,08:26:30,,3098,상행,2025-05-01T05:00:00,,평일
3호선,1958,대화,309,,20250619,3호선,0342,오금,352,N,3호선,3131,0328,잠원,338,N,08:28:00,08:28:30,,3098,상행,2025-05-01T05:00:00,,평일
3호선,1958,대화,309,,20250619,3호선,0342,오금,352,N,3호선,3131,0327,신사,337,N,08:30:00,08:30:30,,3098,상행,2025-05-01T05:00:00,,평일
3호선,1958,대화,309,,20250619,3호선,0342,오금,352,N,3호선,3131,0326,압구정,336,N,08:32:30,08:33:00,,3098,상행,2025-05-01T05:00:00,,평일
3호선,1958,대화,309,,20250619,3호선,0342,오금,352,N,3호선,3131,0325,옥수,335,N,08:35:00,08:35:30,,3098,상행,2025-05-01T05:00:00,,평일
3호선,1958,대화,309,,20250619,3호선,0342,오금,352,N,3호선,3131,0324,금호,334,N,08:36:30,08:37:00,,3098,상행,2025-05-01T05:00:00,,평일
3호선,1958,대화,309,,20250619,3호선,0342,오금,352,N,3호선,3131,0323,약수,333,N,08:38:00,08:38:30,,3098,상행,2025-05-01T05:00:00,,평일
3호선,1958,대화,309,,20250619,3호선,0342,오금,352,N,3호선,3131,0322,동대입구,332,N,08:39:30,08:40:00,,3098,상행,2025-05-01T05:00:00,,평일
3호선,1958,대화,309,,20250619,3호선,0342,오금,352,N,3호선,3131,0321,충무로,331,N,08:41:30,08:42:00,,3098,상행,2025-05-01T05:00:00,,평일
3호선,1958,대화,309,,20250619,3호선,0342,오금,352,N,3호선,3131,0320,을지로3가,330,N,08:43:00,08:43:30,,3098,상행,2025-05-01T05:00:00,,평일
3호선,1958,대화,309,,20250619,3호선,0342,오금,352,N,3호선,3131,0319,종로3가,329,N,08:44:30,08:45:00,,3098,상행,2025-05-01T05:00:00,,평일
3호선,1958,대화,309,,20250619,3호선,0342,오금,352,N,3호선,3131,0318,안국,328,N,08:46:30,08:47:00,,3098,상행,2025-05-01T05:00:00,,평일
3호선,1958,대화,309,,20250619,3호선,0342,오금,352,N,3호선,3131,0317,경복궁,327,N,08:48:30,08:49:00,,3098,상행,2025-05-01T05:00:00,,평일
3호선,1958,대화,309,,20250619,3호선,0342,오금,352,N,3호선,3131,0316,독립문,326,N,08:51:00,08:51:30,,3098,상행,2025-05-01T05:00:00,,평일
3호선,1958,대화,309,,20250619,3호선,0342,오금,352,N,3호선,3131,0315,무악재,325,N,08:53:00,08:53:30,,3098,상행,2025-05-01T05:00:00,,평일
3호선,1958,대화,309,,20250619,3호선,0342,오금,352,N,3호선,3131,0314,홍제,324,N,08:55:00,08:55:30,,3098,상행,2025-05-01T05:00:00,,평일
3호선,1958,대화,309,,20250619,3호선,0342,오금,352,N,3호선,3131,0313,녹번,323,N,08:57:30,08:58:00,,3098,상행,2025-05-01T05:00:00,,평일
3호선,1958,대화,309,,20250619,3호선,0342,오금,352,N,3호선,3131,0312,불광,322,N,08:59:30,09:00:00,,3098,상행,2025-05-01T05:00:00,,평일
3호선,1958,대화,309,,20250619,3호선,0342,오금,352,N,3호선,3131,0311,연신내,321,N,09:01:30,09:02:00,,3098,상행,2025-05-01T05:00:00,,평일
3호선,1958,대화,309,,20250619,3호선,0342,오금,352,N,3호선,3131,0310,구파발,320,N,09:04:00,09:04:30,,3098,상행,2025-05-01T05:00:00,,평일
3호선,1958,대화,309,,20250619,3호선,0342,오금,352,N,3호선,3131,0309,지축,319,N,09:07:30,09:08:00,,3098,상행,2025-05-01T05:00:00,,평일
3호선,1958,대화,309,,20250619,3호선,0342,오금,352,N,3호선,3131,1950,삼송,318,N,09:10:30,09:11:00,,3098,상행,2025-05-01T05:00:00,,평일
3호선,1958,대화,309,,20250619,3호선,0342,오금,352,N,3호선,3131,1948,원흥,317,N,09:13:00,09:13:30,,3098,상행,2025-05-01T05:00:00,,평일
3호선,1958,대화,309,,20250619,3호선,0342,오금,352,N,3호선,3131,1951,원당,316,N,09:16:00,09:16:30,,3098,상행,2025-05-01T05:00:00,,평일
3호선,1958,대화,309,,20250619,3호선,0342,오금,352,N,3호선,3131,1952,화정,315,N,09:19:30,09:20:00,,3098,상행,2025-05-01T05:00:00,,평일
3호선,1958,대화,309,,20250619,3호선,0342,오금,352,N,3호선,3131,1953,대곡,314,N,09:22:30,09:23:00,,3098,상행,2025-05-01T05:00:00,,평일
3호선,1958,대화,309,,20250619,3호선,0342,오금,352,N,3호선,3131,1954,백석,313,N,09:26:00,09:26:30,,3098,상행,2025-05-01T05:00:00,,평일
3호선,1958,대화,309,,20250619,3호선,0342,오금,352,N,3호선,3131,1955,마두,312,N,09:28:30,09:29:00,,3098,상행,2025-05-01T05:00:00,,평일
3호선,1958,대화,309,,20250619,3호선,0342,오금,352,N,3호선,3131,1956,정발산,311,N,09:30:30,09:31:00,,3098,상행,2025-05-01T05:00:00,,평일
3호선,1958,대화,309,,20250619,3호선,0342,오금,352,N,3호선,3131,1957,주엽,310,N,09:33:00,09:33:30,,3098,상행,2025-05-01T05:00:00,,평일
3호선,1958,대화,309,,20250619,3호선,0342,오금,352,N,3호선,3131,1958,대화,309,N,09:35:30,,,3098,상행,2025-05-01T05:00:00,,평일
3호선,0310,구파발,320,,20250619,3호선,0342,오금,352,N,3호선,3109,0342,오금,352,N,,08:03:30,,3100,상행,2025-05-01T05:00:00,,평일
3호선,0310,구파발,320,,20250619,3호선,0342,오금,352,N,3호선,3109,0341,경찰병원,351,N,08:04:30,08:05:00,,3100,상행,2025-05-01T05:00:00,,평일
3호선,0310,구파발,320,,20250619,3호선,0342,오금,352,N,3호선,3109,0340,가락시장,350,N,08:06:00,08:06:30,,3100,상행,2025-05-01T05:00:00,,평일
3호선,0310,구파발,320,,20250619,3호선,0342,오금,352,N,3호선,3109,0339,수서,349,N,08:08:30,08:09:00,,3100,상행,2025-05-01T05:00:00,,평일
3호선,0310,구파발,320,,20250619,3호선,0342,오금,352,N,3호선,3109,0338,일원,348,N,08:11:00,08:11:30,,3100,상행,2025-05-01T05:00:00,,평일
3호선,0310,구파발,320,,20250619,3호선,0342,오금,352,N,3호선,3109,0337,대청,347,N,08:13:00,08:13:30,,3100,상행,2025-05-01T05:00:00,,평일
3호선,0310,구파발,320,,20250619,3호선,0342,오금,352,N,3호선,3109,0336,학여울,346,N,08:15:00,08:15:30,,3100,상행,2025-05-01T05:00:00,,평일
3호선,0310,구파발,320,,20250619,3호선,0342,오금,352,N,3호선,3109,0335,대치,345,N,08:16:30,08:17:00,,3100,상행,2025-05-01T05:00:00,,평일
3호선,0310,구파발,320,,20250619,3호선,0342,오금,352,N,3호선,3109,0334,도곡,344,N,08:18:00,08:18:30,,3100,상행,2025-05-01T05:00:00,,평일
3호선,0310,구파발,320,,20250619,3호선,0342,오금,352,N,3호선,3109,0333,매봉,343,N,08:20:00,08:20:30,,3100,상행,2025-05-01T05:00:00,,평일
3호선,0310,구파발,320,,20250619,3호선,0342,오금,352,N,3호선,3109,0332,양재,342,N,08:22:30,08:23:00,,3100,상행,2025-05-01T05:00:00,,평일
3호선,0310,구파발,320,,20250619,3호선,0342,오금,352,N,3호선,3109,0331,남부터미널,341,N,08:25:00,08:25:30,,3100,상행,2025-05-01T05:00:00,,평일
3호선,0310,구파발,320,,20250619,3호선,0342,오금,352,N,3호선,3109,0330,교대,340,N,08:27:00,08:27:30,,3100,상행,2025-05-01T05:00:00,,평일
3호선,0310,구파발,320,,20250619,3호선,0342,오금,352,N,3호선,3109,0329,고속터미널,339,N,08:29:30,08:30:00,,3100,상행,2025-05-01T05:00:00,,평일
3호선,0310,구파발,320,,20250619,3호선,0342,오금,352,N,3호선,3109,0328,잠원,338,N,08:31:30,08:32:00,,3100,상행,2025-05-01T05:00:00,,평일
3호선,0310,구파발,320,,20250619,3호선,0342,오금,352,N,3호선,3109,0327,신사,337,N,08:33:30,08:34:00,,3100,상행,2025-05-01T05:00:00,,평일
3호선,0310,구파발,320,,20250619,3호선,0342,오금,352,N,3호선,3109,0326,압구정,336,N,08:36:00,08:36:30,,3100,상행,2025-05-01T05:00:00,,평일
3호선,0310,구파발,320,,20250619,3호선,0342,오금,352,N,3호선,3109,0325,옥수,335,N,08:38:30,08:39:00,,3100,상행,2025-05-01T05:00:00,,평일
3호선,0310,구파발,320,,20250619,3호선,0342,오금,352,N,3호선,3109,0324,금호,334,N,08:40:00,08:40:30,,3100,상행,2025-05-01T05:00:00,,평일
3호선,0310,구파발,320,,20250619,3호선,0342,오금,352,N,3호선,3109,0323,약수,333,N,08:41:30,08:42:00,,3100,상행,2025-05-01T05:00:00,,평일
3호선,0310,구파발,320,,20250619,3호선,0342,오금,352,N,3호선,3109,0322,동대입구,332,N,08:43:00,08:43:30,,3100,상행,2025-05-01T05:00:00,,평일
3호선,0310,구파발,320,,20250619,3호선,0342,오금,352,N,3호선,3109,0321,충무로,331,N,08:45:00,08:45:30,,3100,상행,2025-05-01T05:00:00,,평일
3호선,0310,구파발,320,,20250619,3호선,0342,오금,352,N,3호선,3109,0320,을지로3가,330,N,08:46:30,08:47:00,,3100,상행,2025-05-01T05:00:00,,평일
3호선,0310,구파발,320,,20250619,3호선,0342,오금,352,N,3호선,3109,0319,종로3가,329,N,08:48:00,08:48:30,,3100,상행,2025-05-01T05:00:00,,평일
3호선,0310,구파발,320,,20250619,3호선,0342,오금,352,N,3호선,3109,0318,안국,328,N,08:50:00,08:50:30,,3100,상행,2025-05-01T05:00:00,,평일
3호선,0310,구파발,320,,20250619,3호선,0342,오금,352,N,3호선,3109,0317,경복궁,327,N,08:52:00,08:52:30,,3100,상행,2025-05-01T05:00:00,,평일
3호선,0310,구파발,320,,20250619,3호선,0342,오금,352,N,3호선,3109,0316,독립문,326,N,08:54:30,08:55:00,,3100,상행,2025-05-01T05:00:00,,평일
3호선,0310,구파발,320,,20250619,3호선,0342,오금,352,N,3호선,3109,0315,무악재,325,N,08:56:30,08:57:00,,3100,상행,2025-05-01T05:00:00,,평일
3호선,0310,구파발,320,,20250619,3호선,0342,오금,352,N,3호선,3109,0314,홍제,324,N,08:58:30,08:59:00,,3100,상행,2025-05-01T05:00:00,,평일
3호선,0310,구파발,320,,20250619,3호선,0342,오금,352,N,3호선,3109,0313,녹번,323,N,09:01:00,09:01:30,,3100,상행,2025-05-01T05:00:00,,평일
3호선,0310,구파발,320,,20250619,3호선,0342,오금,352,N,3호선,3109,0312,불광,322,N,09:03:00,09:03:30,,3100,상행,2025-05-01T05:00:00,,평일
3호선,0310,구파발,320,,20250619,3호선,0342,오금,352,N,3호선,3109,0311,연신내,321,N,09:05:00,09:05:30,,3100,상행,2025-05-01T05:00:00,,평일
3호선,0310,구파발,320,,20250619,3호선,0342,오금,352,N,3호선,3109,0310,구파발,320,N,09:07:30,,,3100,상행,2025-05-01T05:00:00,,평일
3호선,1958,대화,309,,20250619,3호선,0339,수서,349,N,3호선,3135,0339,수서,349,N,,08:12:30,,3102,상행,2025-05-01T05:00:00,,평일
3호선,1958,대화,309,,20250619,3호선,0339,수서,349,N,3호선,3135,0338,일원,348,N,08:14:30,08:15:00,,3102,상행,2025-05-01T05:00:00,,평일
3호선,1958,대화,309,,20250619,3호선,0339,수서,349,N,3호선,3135,0337,대청,347,N,08:16:30,08:17:00,,3102,상행,2025-05-01T05:00:00,,평일
3호선,1958,대화,309,,20250619,3호선,0339,수서,349,N,3호선,3135,0336,학여울,346,N,08:18:30,08:19:00,,3102,상행,2025-05-01T05:00:00,,평일
3호선,1958,대화,309,,20250619,3호선,0339,수서,349,N,3호선,3135,0335,대치,345,N,08:20:00,08:20:30,,3102,상행,2025-05-01T05:00:00,,평일
3호선,1958,대화,309,,20250619,3호선,0339,수서,349,N,3호선,3135,0334,도곡,344,N,08:21:30,08:22:00,,3102,상행,2025-05-01T05:00:00,,평일
3호선,1958,대화,309,,20250619,3호선,0339,수서,349,N,3호선,3135,0333,매봉,343,N,08:23:30,08:24:00,,3102,상행,2025-05-01T05:00:00,,평일
3호선,1958,대화,309,,20250619,3호선,0339,수서,349,N,3호선,3135,0332,양재,342,N,08:26:00,08:26:30,,3102,상행,2025-05-01T05:00:00,,평일
3호선,1958,대화,309,,20250619,3호선,0339,수서,349,N,3호선,3135,0331,남부터미널,341,N,08:28:30,08:29:00,,3102,상행,2025-05-01T05:00:00,,평일
3호선,1958,대화,309,,20250619,3호선,0339,수서,349,N,3호선,3135,0330,교대,340,N,08:30:30,08:31:00,,3102,상행,2025-05-01T05:00:00,,평일
3호선,1958,대화,309,,20250619,3호선,0339,수서,349,N,3호선,3135,0329,고속터미널,339,N,08:33:00,08:33:30,,3102,상행,2025-05-01T05:00:00,,평일
3호선,1958,대화,309,,20250619,3호선,0339,수서,349,N,3호선,3135,0328,잠원,338,N,08:35:00,08:35:30,,3102,상행,2025-05-01T05:00:00,,평일
3호선,1958,대화,309,,20250619,3호선,0339,수서,349,N,3호선,3135,0327,신사,337,N,08:37:00,08:37:30,,3102,상행,2025-05-01T05:00:00,,평일
3호선,1958,대화,309,,20250619,3호선,0339,수서,349,N,3호선,3135,0326,압구정,336,N,08:39:30,08:40:00,,3102,상행,2025-05-01T05:00:00,,평일
3호선,1958,대화,309,,20250619,3호선,0339,수서,349,N,3호선,3135,0325,옥수,335,N,08:42:00,08:42:30,,3102,상행,2025-05-01T05:00:00,,평일
3호선,1958,대화,309,,20250619,3호선,0339,수서,349,N,3호선,3135,0324,금호,334,N,08:43:30,08:44:00,,3102,상행,2025-05-01T05:00:00,,평일
3호선,1958,대화,309,,20250619,3호선,0339,수서,349,N,3호선,3135,0323,약수,333,N,08:45:00,08:45:30,,3102,상행,2025-05-01T05:00:00,,평일
3호선,1958,대화,309,,20250619,3호선,0339,수서,349,N,3호선,3135,0322,동대입구,332,N,08:46:30,08:47:00,,3102,상행,2025-05-01T05:00:00,,평일
3호선,1958,대화,309,,20250619,3호선,0339,수서,349,N,3호선,3135,0321,충무로,331,N,08:48:30,08:49:00,,3102,상행,2025-05-01T05:00:00,,평일
3호선,1958,대화,309,,20250619,3호선,0339,수서,349,N,3호선,3135,0320,을지로3가,330,N,08:50:00,08:50:30,,3102,상행,2025-05-01T05:00:00,,평일
3호선,1958,대화,309,,20250619,3호선,0339,수서,349,N,3호선,3135,0319,종로3가,329,N,08:51:30,08:52:00,,3102,상행,2025-05-01T05:00:00,,평일
3호선,1958,대화,309,,20250619,3호선,0339,수서,349,N,3호선,3135,0318,안국,328,N,08:53:30,08:54:00,,3102,상행,2025-05-01T05:00:00,,평일
3호선,1958,대화,309,,20250619,3호선,0339,수서,349,N,3호선,3135,0317,경복궁,327,N,08:55:30,08:56:00,,3102,상행,2025-05-01T05:00:00,,평일
3호선,1958,대화,309,,20250619,3호선,0339,수서,349,N,3호선,3135,0316,독립문,326,N,08:58:00,08:58:30,,3102,상행,2025-05-01T05:00:00,,평일
3호선,1958,대화,309,,20250619,3호선,0339,수서,349,N,3호선,3135,0315,무악재,325,N,09:00:00,09:00:30,,3102,상행,2025-05-01T05:00:00,,평일
3호선,1958,대화,309,,20250619,3호선,0339,수서,349,N,3호선,3135,0314,홍제,324,N,09:02:00,09:02:30,,3102,상행,2025-05-01T05:00:00,,평일
3호선,1958,대화,309,,20250619,3호선,0339,수서,349,N,3호선,3135,0313,녹번,323,N,09:04:30,09:05:00,,3102,상행,2025-05-01T05:00:00,,평일
3호선,1958,대화,309,,20250619,3호선,0339,수서,349,N,3호선,3135,0312,불광,322,N,09:06:30,09:07:00,,3102,상행,2025-05-01T05:00:00,,평일
3호선,1958,대화,309,,20250619,3호선,0339,수서,349,N,3호선,3135,0311,연신내,321,N,09:08:30,09:09:00,,3102,상행,2025-05-01T05:00:00,,평일
3호선,1958,대화,309,,20250619,3호선,0339,수서,349,N,3호선,3135,0310,구파발,320,N,09:11:00,09:11:30,,3102,상행,2025-05-01T05:00:00,,평일
3호선,1958,대화,309,,20250619,3호선,0339,수서,349,N,3호선,3135,0309,지축,319,N,09:14:30,09:15:00,,3102,상행,2025-05-01T05:00:00,,평일
3호선,1958,대화,309,,20250619,3호선,0339,수서,349,N,3호선,3135,1950,삼송,318,N,09:17:30,09:18:00,,3102,상행,2025-05-01T05:00:00,,평일
3호선,1958,대화,309,,20250619,3호선,0339,수서,349,N,3호선,3135,1948,원흥,317,N,09:20:00,09:20:30,,3102,상행,2025-05-01T05:00:00,,평일
3호선,1958,대화,309,,20250619,3호선,0339,수서,349,N,3호선,3135,1951,원당,316,N,09:23:00,09:23:30,,3102,상행,2025-05-01T05:00:00,,평일
3호선,1958,대화,309,,20250619,3호선,0339,수서,349,N,3호선,3135,1952,화정,315,N,09:26:30,09:27:00,,3102,상행,2025-05-01T05:00:00,,평일
3호선,1958,대화,309,,20250619,3호선,0339,수서,349,N,3호선,3135,1953,대곡,314,N,09:29:30,09:30:00,,3102,상행,2025-05-01T05:00:00,,평일
3호선,1958,대화,309,,20250619,3호선,0339,수서,349,N,3호선,3135,1954,백석,313,N,09:33:00,09:33:30,,3102,상행,2025-05-01T05:00:00,,평일
3호선,1958,대화,309,,20250619,3호선,0339,수서,349,N,3호선,3135,1955,마두,312,N,09:35:30,09:36:00,,3102,상행,2025-05-01T05:00:00,,평일
3호선,1958,대화,309,,20250619,3호선,0339,수서,349,N,3호선,3135,1956,정발산,311,N,09:37:30,09:38:00,,3102,상행,2025-05-01T05:00:00,,평일
3호선,1958,대화,309,,20250619,3호선,0339,수서,349,N,3호선,3135,1957,주엽,310,N,09:40:00,09:40:30,,3102,상행,2025-05-01T05:00:00,,평일
3호선,1958,대화,309,,20250619,3호선,0339,수서,349,N,3호선,3135,1958,대화,309,N,09:42:30,,,3102,상행,2025-05-01T05:00:00,,평일
3호선,0310,구파발,320,,20250619,3호선,0342,오금,352,N,3호선,3115,0342,오금,352,N,,08:11:00,,3104,상행,2025-05-01T05:00:00,,평일
3호선,0310,구파발,320,,20250619,3호선,0342,오금,352,N,3호선,3115,0341,경찰병원,351,N,08:12:00,08:12:30,,3104,상행,2025-05-01T05:00:00,,평일
3호선,0310,구파발,320,,20250619,3호선,0342,오금,352,N,3호선,3115,0340,가락시장,350,N,08:13:30,08:14:00,,3104,상행,2025-05-01T05:00:00,,평일
3호선,0310,구파발,320,,20250619,3호선,0342,오금,352,N,3호선,3115,0339,수서,349,N,08:16:00,08:16:30,,3104,상행,2025-05-01T05:00:00,,평일
3호선,0310,구파발,320,,20250619,3호선,0342,오금,352,N,3호선,3115,0338,일원,348,N,08:18:30,08:19:00,,3104,상행,2025-05-01T05:00:00,,평일
3호선,0310,구파발,320,,20250619,3호선,0342,오금,352,N,3호선,3115,0337,대청,347,N,08:20:30,08:21:00,,3104,상행,2025-05-01T05:00:00,,평일
3호선,0310,구파발,320,,20250619,3호선,0342,오금,352,N,3호선,3115,0336,학여울,346,N,08:22:30,08:23:00,,3104,상행,2025-05-01T05:00:00,,평일
3호선,0310,구파발,320,,20250619,3호선,0342,오금,352,N,3호선,3115,0335,대치,345,N,08:24:00,08:24:30,,3104,상행,2025-05-01T05:00:00,,평일
3호선,0310,구파발,320,,20250619,3호선,0342,오금,352,N,3호선,3115,0334,도곡,344,N,08:25:30,08:26:00,,3104,상행,2025-05-01T05:00:00,,평일
3호선,0310,구파발,320,,20250619,3호선,0342,오금,352,N,3호선,3115,0333,매봉,343,N,08:27:30,08:28:00,,3104,상행,2025-05-01T05:00:00,,평일
3호선,0310,구파발,320,,20250619,3호선,0342,오금,352,N,3호선,3115,0332,양재,342,N,08:30:00,08:30:30,,3104,상행,2025-05-01T05:00:00,,평일
3호선,0310,구파발,320,,20250619,3호선,0342,오금,352,N,3호선,3115,0331,남부터미널,341,N,08:32:30,08:33:00,,3104,상행,2025-05-01T05:00:00,,평일
3호선,0310,구파발,320,,20250619,3호선,0342,오금,352,N,3호선,3115,0330,교대,340,N,08:34:30,08:35:00,,3104,상행,2025-05-01T05:00:00,,평일
3호선,0310,구파발,320,,20250619,3호선,0342,오금,352,N,3호선,3115,0329,고속터미널,339,N,08:37:00,08:37:30,,3104,상행,2025-05-01T05:00:00,,평일
3호선,0310,구파발,320,,20250619,3호선,0342,오금,352,N,3호선,3115,0328,잠원,338,N,08:39:00,08:39:30,,3104,상행,2025-05-01T05:00:00,,평일
3호선,0310,구파발,320,,20250619,3호선,0342,오금,352,N,3호선,3115,0327,신사,337,N,08:41:00,08:41:30,,3104,상행,2025-05-01T05:00:00,,평일
3호선,0310,구파발,320,,20250619,3호선,0342,오금,352,N,3호선,3115,0326,압구정,336,N,08:43:30,08:44:00,,3104,상행,2025-05-01T05:00:00,,평일
3호선,0310,구파발,320,,20250619,3호선,0342,오금,352,N,3호선,3115,0325,옥수,335,N,08:46:00,08:46:30,,3104,상행,2025-05-01T05:00:00,,평일
3호선,0310,구파발,320,,20250619,3호선,0342,오금,352,N,3호선,3115,0324,금호,334,N,08:47:30,08:48:00,,3104,상행,2025-05-01T05:00:00,,평일
3호선,0310,구파발,320,,20250619,3호선,0342,오금,352,N,3호선,3115,0323,약수,333,N,08:49:00,08:49:30,,3104,상행,2025-05-01T05:00:00,,평일
3호선,0310,구파발,320,,20250619,3호선,0342,오금,352,N,3호선,3115,0322,동대입구,332,N,08:50:30,08:51:00,,3104,상행,2025-05-01T05:00:00,,평일
3호선,0310,구파발,320,,20250619,3호선,0342,오금,352,N,3호선,3115,0321,충무로,331,N,08:52:30,08:53:00,,3104,상행,2025-05-01T05:00:00,,평일
3호선,0310,구파발,320,,20250619,3호선,0342,오금,352,N,3호선,3115,0320,을지로3가,330,N,08:54:00,08:54:30,,3104,상행,2025-05-01T05:00:00,,평일
3호선,0310,구파발,320,,20250619,3호선,0342,오금,352,N,3호선,3115,0319,종로3가,329,N,08:55:30,08:56:00,,3104,상행,2025-05-01T05:00:00,,평일
3호선,0310,구파발,320,,20250619,3호선,0342,오금,352,N,3호선,3115,0318,안국,328,N,08:57:30,08:58:00,,3104,상행,2025-05-01T05:00:00,,평일
3호선,0310,구파발,320,,20250619,3호선,0342,오금,352,N,3호선,3115,0317,경복궁,327,N,08:59:30,09:00:00,,3104,상행,2025-05-01T05:00:00,,평일
3호선,0310,구파발,320,,20250619,3호선,0342,오금,352,N,3호선,3115,0316,독립문,326,N,09:02:00,09:02:30,,3104,상행,2025-05-01T05:00:00,,평일
3호선,0310,구파발,320,,20250619,3호선,0342,오금,352,N,3호선,3115,0315,무악재,325,N,09:04:00,09:04:30,,3104,상행,2025-05-01T05:00:00,,평일
3호선,0310,구파발,320,,20250619,3호선,0342,오금,352,N,3호선,3115,0314,홍제,324,N,09:06:00,09:06:30,,3104,상행,2025-05-01T05:00:00,,평일
3호선,0310,구파발,320,,20250619,3호선,0342,오금,352,N,3호선,3115,0313,녹번,323,N,09:08:30,09:09:00,,3104,상행,2025-05-01T05:00:00,,평일
3호선,0310,구파발,320,,20250619,3호선,0342,오금,352,N,3호선,3115,0312,불광,322,N,09:10:30,09:11:00,,3104,상행,2025-05-01T05:00:00,,평일
3호선,0310,구파발,320,,20250619,3호선,0342,오금,352,N,3호선,3115,0311,연신내,321,N,09:12:30,09:13:00,,3104,상행,2025-05-01T05:00:00,,평일
3호선,0310,구파발,320,,20250619,3호선,0342,오금,352,N,3호선,3115,0310,구파발,320,N,09:15:00,,,3104,상행,2025-05-01T05:00:00,,평일
3호선,1958,대화,309,,20250619,3호선,0342,오금,352,N,3호선,3137,0342,오금,352,N,,08:15:00,,3106K,상행,2025-05-01T05:00:00,,평일
3호선,1958,대화,309,,20250619,3호선,0342,오금,352,N,3호선,3137,0341,경찰병원,351,N,08:16:00,08:16:30,,3106K,상행,2025-05-01T05:00:00,,평일
3호선,1958,대화,309,,20250619,3호선,0342,오금,352,N,3호선,3137,0340,가락시장,350,N,08:17:30,08:18:00,,3106K,상행,2025-05-01T05:00:00,,평일
3호선,1958,대화,309,,20250619,3호선,0342,오금,352,N,3호선,3137,0339,수서,349,N,08:20:00,08:20:30,,3106K,상행,2025-05-01T05:00:00,,평일
3호선,1958,대화,309,,20250619,3호선,0342,오금,352,N,3호선,3137,0338,일원,348,N,08:22:30,08:23:00,,3106K,상행,2025-05-01T05:00:00,,평일
3호선,1958,대화,309,,20250619,3호선,0342,오금,352,N,3호선,3137,0337,대청,347,N,08:24:30,08:25:00,,3106K,상행,2025-05-01T05:00:00,,평일
3호선,1958,대화,309,,20250619,3호선,0342,오금,352,N,3호선,3137,0336,학여울,346,N,08:26:30,08:27:00,,3106K,상행,2025-05-01T05:00:00,,평일
3호선,1958,대화,309,,20250619,3호선,0342,오금,352,N,3호선,3137,0335,대치,345,N,08:28:00,08:28:30,,3106K,상행,2025-05-01T05:00:00,,평일
3호선,1958,대화,309,,20250619,3호선,0342,오금,352,N,3호선,3137,0334,도곡,344,N,08:29:30,08:30:00,,3106K,상행,2025-05-01T05:00:00,,평일
3호선,1958,대화,309,,20250619,3호선,0342,오금,352,N,3호선,3137,0333,매봉,343,N,08:31:30,08:32:00,,3106K,상행,2025-05-01T05:00:00,,평일
3호선,1958,대화,309,,20250619,3호선,0342,오금,352,N,3호선,3137,0332,양재,342,N,08:34:00,08:34:30,,3106K,상행,2025-05-01T05:00:00,,평일
3호선,1958,대화,309,,20250619,3호선,0342,오금,352,N,3호선,3137,0331,남부터미널,341,N,08:36:30,08:37:00,,3106K,상행,2025-05-01T05:00:00,,평일
3호선,1958,대화,309,,20250619,3호선,0342,오금,352,N,3호선,3137,0330,교대,340,N,08:38:30,08:39:00,,3106K,상행,2025-05-01T05:00:00,,평일
3호선,1958,대화,309,,20250619,3호선,0342,오금,352,N,3호선,3137,0329,고속터미널,339,N,08:41:00,08:41:30,,3106K,상행,2025-05-01T05:00:00,,평일
3호선,1958,대화,309,,20250619,3호선,0342,오금,352,N,3호선,3137,0328,잠원,338,N,08:43:00,08:43:30,,3106K,상행,2025-05-01T05:00:00,,평일
3호선,1958,대화,309,,20250619,3호선,0342,오금,352,N,3호선,3137,0327,신사,337,N,08:45:00,08:45:30,,3106K,상행,2025-05-01T05:00:00,,평일
3호선,1958,대화,309,,20250619,3호선,0342,오금,352,N,3호선,3137,0326,압구정,336,N,08:47:30,08:48:00,,3106K,상행,2025-05-01T05:00:00,,평일
3호선,1958,대화,309,,20250619,3호선,0342,오금,352,N,3호선,3137,0325,옥수,335,N,08:50:00,08:50:30,,3106K,상행,2025-05-01T05:00:00,,평일
3호선,1958,대화,309,,20250619,3호선,0342,오금,352,N,3호선,3137,0324,금호,334,N,08:51:30,08:52:00,,3106K,상행,2025-05-01T05:00:00,,평일
3호선,1958,대화,309,,20250619,3호선,0342,오금,352,N,3호선,3137,0323,약수,333,N,08:53:00,08:53:30,,3106K,상행,2025-05-01T05:00:00,,평일
3호선,1958,대화,309,,20250619,3호선,0342,오금,352,N,3호선,3137,0322,동대입구,332,N,08:54:30,08:55:00,,3106K,상행,2025-05-01T05:00:00,,평일
3호선,1958,대화,309,,20250619,3호선,0342,오금,352,N,3호선,3137,0321,충무로,331,N,08:56:30,08:57:00,,3106K,상행,2025-05-01T05:00:00,,평일
3호선,1958,대화,309,,20250619,3호선,0342,오금,352,N,3호선,3137,0320,을지로3가,330,N,08:58:00,08:58:30,,3106K,상행,2025-05-01T05:00:00,,평일
3호선,1958,대화,309,,20250619,3호선,0342,오금,352,N,3호선,3137,0319,종로3가,329,N,08:59:30,09:00:00,,3106K,상행,2025-05-01T05:00:00,,평일
3호선,1958,대화,309,,20250619,3호선,0342,오금,352,N,3호선,3137,0318,안국,328,N,09:01:30,09:02:00,,3106K,상행,2025-05-01T05:00:00,,평일
3호선,1958,대화,309,,20250619,3호선,0342,오금,352,N,3호선,3137,0317,경복궁,327,N,09:03:30,09:04:00,,3106K,상행,2025-05-01T05:00:00,,평일
3호선,1958,대화,309,,20250619,3호선,0342,오금,352,N,3호선,3137,0316,독립문,326,N,09:06:00,09:06:30,,3106K,상행,2025-05-01T05:00:00,,평일
3호선,1958,대화,309,,20250619,3호선,0342,오금,352,N,3호선,3137,0315,무악재,325,N,09:08:00,09:08:30,,3106K,상행,2025-05-01T05:00:00,,평일
3호선,1958,대화,309,,20250619,3호선,0342,오금,352,N,3호선,3137,0314,홍제,324,N,09:10:00,09:10:30,,3106K,상행,2025-05-01T05:00:00,,평일
3호선,1958,대화,309,,20250619,3호선,0342,오금,352,N,3호선,3137,0313,녹번,323,N,09:12:30,09:13:00,,3106K,상행,2025-05-01T05:00:00,,평일
3호선,1958,대화,309,,20250619,3호선,0342,오금,352,N,3호선,3137,0312,불광,322,N,09:14:30,09:15:00,,3106K,상행,2025-05-01T05:00:00,,평일
3호선,1958,대화,309,,20250619,3호선,0342,오금,352,N,3호선,3137,0311,연신내,321,N,09:16:30,09:17:00,,3106K,상행,2025-05-01T05:00:00,,평일
3호선,1958,대화,309,,20250619,3호선,0342,오금,352,N,3호선,3137,0310,구파발,320,N,09:19:00,09:19:30,,3106K,상행,2025-05-01T05:00:00,,평일
3호선,1958,대화,309,,20250619,3호선,0342,오금,352,N,3호선,3137,0309,지축,319,N,09:22:30,09:23:00,,3106K,상행,2025-05-01T05:00:00,,평일
3호선,1958,대화,309,,20250619,3호선,0342,오금,352,N,3호선,3137,1950,삼송,318,N,09:25:30,09:26:00,,3106K,상행,2025-05-01T05:00:00,,평일
3호선,1958,대화,309,,20250619,3호선,0342,오금,352,N,3호선,3137,1948,원흥,317,N,09:28:00,09:28:30,,3106K,상행,2025-05-01T05:00:00,,평일
3호선,1958,대화,309,,20250619,3호선,0342,오금,352,N,3호선,3137,1951,원당,316,N,09:31:00,09:31:30,,3106K,상행,2025-05-01T05:00:00,,평일
3호선,1958,대화,309,,20250619,3호선,0342,오금,352,N,3호선,3137,1952,화정,315,N,09:34:30,09:35:00,,3106K,상행,2025-05-01T05:00:00,,평일
3호선,1958,대화,309,,20250619,3호선,0342,오금,352,N,3호선,3137,1953,대곡,314,N,09:37:30,09:38:00,,3106K,상행,2025-05-01T05:00:00,,평일
3호선,1958,대화,309,,20250619,3호선,0342,오금,352,N,3호선,3137,1954,백석,313,N,09:41:00,09:41:30,,3106K,상행,2025-05-01T05:00:00,,평일
3호선,1958,대화,309,,20250619,3호선,0342,오금,352,N,3호선,3137,1955,마두,312,N,09:43:30,09:44:00,,3106K,상행,2025-05-01T05:00:00,,평일
3호선,1958,대화,309,,20250619,3호선,0342,오금,352,N,3호선,3137,1956,정발산,311,N,09:45:30,09:46:00,,3106K,상행,2025-05-01T05:00:00,,평일
3호선,1958,대화,309,,20250619,3호선,0342,오금,352,N,3호선,3137,1957,주엽,310,N,09:48:00,09:48:30,,3106K,상행,2025-05-01T05:00:00,,평일
3호선,1958,대화,309,,20250619,3호선,0342,오금,352,N,3호선,3137,1958,대화,309,N,09:50:30,,,3106K,상행,2025-05-01T05:00:00,,평일
3호선,1958,대화,309,,20250619,3호선,0342,오금,352,N,3호선,3139,0342,오금,352,N,,08:19:00,,3108,상행,2025-05-01T05:00:00,,평일
3호선,1958,대화,309,,20250619,3호선,0342,오금,352,N,3호선,3139,0341,경찰병원,351,N,08:20:00,08:20:30,,3108,상행,2025-05-01T05:00:00,,평일
3호선,1958,대화,309,,20250619,3호선,0342,오금,352,N,3호선,3139,0340,가락시장,350,N,08:21:30,08:22:00,,3108,상행,2025-05-01T05:00:00,,평일
3호선,1958,대화,309,,20250619,3호선,0342,오금,352,N,3호선,3139,0339,수서,349,N,08:24:00,08:24:30,,3108,상행,2025-05-01T05:00:00,,평일
3호선,1958,대화,309,,20250619,3호선,0342,오금,352,N,3호선,3139,0338,일원,348,N,08:26:30,08:27:00,,3108,상행,2025-05-01T05:00:00,,평일
3호선,1958,대화,309,,20250619,3호선,0342,오금,352,N,3호선,3139,0337,대청,347,N,08:28:30,08:29:00,,3108,상행,2025-05-01T05:00:00,,평일
3호선,1958,대화,309,,20250619,3호선,0342,오금,352,N,3호선,3139,0336,학여울,346,N,08:30:30,08:31:00,,3108,상행,2025-05-01T05:00:00,,평일
3호선,1958,대화,309,,20250619,3호선,0342,오금,352,N,3호선,3139,0335,대치,345,N,08:32:00,08:32:30,,3108,상행,2025-05-01T05:00:00,,평일
3호선,1958,대화,309,,20250619,3호선,0342,오금,352,N,3호선,3139,0334,도곡,344,N,08:33:30,08:34:00,,3108,상행,2025-05-01T05:00:00,,평일
3호선,1958,대화,309,,20250619,3호선,0342,오금,352,N,3호선,3139,0333,매봉,343,N,08:35:30,08:36:00,,3108,상행,2025-05-01T05:00:00,,평일
3호선,1958,대화,309,,20250619,3호선,0342,오금,352,N,3호선,3139,0332,양재,342,N,08:38:00,08:38:30,,3108,상행,2025-05-01T05:00:00,,평일
3호선,1958,대화,309,,20250619,3호선,0342,오금,352,N,3호선,3139,0331,남부터미널,341,N,08:40:30,08:41:00,,3108,상행,2025-05-01T05:00:00,,평일
3호선,1958,대화,309,,20250619,3호선,0342,오금,352,N,3호선,3139,0330,교대,340,N,08:42:30,08:43:00,,3108,상행,2025-05-01T05:00:00,,평일
3호선,1958,대화,309,,20250619,3호선,0342,오금,352,N,3호선,3139,0329,고속터미널,339,N,08:45:00,08:45:30,,3108,상행,2025-05-01T05:00:00,,평일
3호선,1958,대화,309,,20250619,3호선,0342,오금,352,N,3호선,3139,0328,잠원,338,N,08:47:00,08:47:30,,3108,상행,2025-05-01T05:00:00,,평일
3호선,1958,대화,309,,20250619,3호선,0342,오금,352,N,3호선,3139,0327,신사,337,N,08:49:00,08:49:30,,3108,상행,2025-05-01T05:00:00,,평일
3호선,1958,대화,309,,20250619,3호선,0342,오금,352,N,3호선,3139,0326,압구정,336,N,08:51:30,08:52:00,,3108,상행,2025-05-01T05:00:00,,평일
3호선,1958,대화,309,,20250619,3호선,0342,오금,352,N,3호선,3139,0325,옥수,335,N,08:54:00,08:54:30,,3108,상행,2025-05-01T05:00:00,,평일
3호선,1958,대화,309,,20250619,3호선,0342,오금,352,N,3호선,3139,0324,금호,334,N,08:55:30,08:56:00,,3108,상행,2025-05-01T05:00:00,,평일
3호선,1958,대화,309,,20250619,3호선,0342,오금,352,N,3호선,3139,0323,약수,333,N,08:57:00,08:57:30,,3108,상행,2025-05-01T05:00:00,,평일
3호선,1958,대화,309,,20250619,3호선,0342,오금,352,N,3호선,3139,0322,동대입구,332,N,08:58:30,08:59:00,,3108,상행,2025-05-01T05:00:00,,평일
3호선,1958,대화,309,,20250619,3호선,0342,오금,352,N,3호선,3139,0321,충무로,331,N,09:00:30,09:01:00,,3108,상행,2025-05-01T05:00:00,,평일
3호선,1958,대화,309,,20250619,3호선,0342,오금,352,N,3호선,3139,0320,을지로3가,330,N,09:02:00,09:02:30,,3108,상행,2025-05-01T05:00:00,,평일
3호선,1958,대화,309,,20250619,3호선,0342,오금,352,N,3호선,3139,0319,종로3가,329,N,09:03:30,09:04:00,,3108,상행,2025-05-01T05:00:00,,평일
3호선,1958,대화,309,,20250619,3호선,0342,오금,352,N,3호선,3139,0318,안국,328,N,09:05:30,09:06:00,,3108,상행,2025-05-01T05:00:00,,평일
3호선,1958,대화,309,,20250619,3호선,0342,오금,352,N,3호선,3139,0317,경복궁,327,N,09:07:30,09:08:00,,3108,상행,2025-05-01T05:00:00,,평일
3호선,1958,대화,309,,20250619,3호선,0342,오금,352,N,3호선,3139,0316,독립문,326,N,09:10:00,09:10:30,,3108,상행,2025-05-01T05:00:00,,평일
3호선,1958,대화,309,,20250619,3호선,0342,오금,352,N,3호선,3139,0315,무악재,325,N,09:12:00,09:12:30,,3108,상행,2025-05-01T05:00:00,,평일
3호선,1958,대화,309,,20250619,3호선,0342,오금,352,N,3호선,3139,0314,홍제,324,N,09:14:00,09:14:30,,3108,상행,2025-05-01T05:00:00,,평일
3호선,1958,대화,309,,20250619,3호선,0342,오금,352,N,3호선,3139,0313,녹번,323,N,09:16:30,09:17:00,,3108,상행,2025-05-01T05:00:00,,평일
3호선,1958,대화,309,,20250619,3호선,0342,오금,352,N,3호선,3139,0312,불광,322,N,09:18:30,09:19:00,,3108,상행,2025-05-01T05:00:00,,평일
3호선,1958,대화,309,,20250619,3호선,0342,오금,352,N,3호선,3139,0311,연신내,321,N,09:20:30,09:21:00,,3108,상행,2025-05-01T05:00:00,,평일
3호선,1958,대화,309,,20250619,3호선,0342,오금,352,N,3호선,3139,0310,구파발,320,N,09:23:00,09:23:30,,3108,상행,2025-05-01T05:00:00,,평일
3호선,1958,대화,309,,20250619,3호선,0342,오금,352,N,3호선,3139,0309,지축,319,N,09:26:30,09:27:00,,3108,상행,2025-05-01T05:00:00,,평일
3호선,1958,대화,309,,20250619,3호선,0342,오금,352,N,3호선,3139,1950,삼송,318,N,09:29:30,09:30:00,,3108,상행,2025-05-01T05:00:00,,평일
3호선,1958,대화,309,,20250619,3호선,0342,오금,352,N,3호선,3139,1948,원흥,317,N,09:32:00,09:32:30,,3108,상행,2025-05-01T05:00:00,,평일
3호선,1958,대화,309,,20250619,3호선,0342,오금,352,N,3호선,3139,1951,원당,316,N,09:35:00,09:35:30,,3108,상행,2025-05-01T05:00:00,,평일
3호선,1958,대화,309,,20250619,3호선,0342,오금,352,N,3호선,3139,1952,화정,315,N,09:38:30,09:39:00,,3108,상행,2025-05-01T05:00:00,,평일
3호선,1958,대화,309,,20250619,3호선,0342,오금,352,N,3호선,3139,1953,대곡,314,N,09:41:30,09:42:00,,3108,상행,2025-05-01T05:00:00,,평일
3호선,1958,대화,309,,20250619,3호선,0342,오금,352,N,3호선,3139,1954,백석,313,N,09:45:00,09:45:30,,3108,상행,2025-05-01T05:00:00,,평일
3호선,1958,대화,309,,20250619,3호선,0342,오금,352,N,3호선,3139,1955,마두,312,N,09:47:30,09:48:00,,3108,상행,2025-05-01T05:00:00,,평일
3호선,1958,대화,309,,20250619,3호선,0342,오금,352,N,3호선,3139,1956,정발산,311,N,09:49:30,09:50:00,,3108,상행,2025-05-01T05:00:00,,평일
3호선,1958,대화,309,,20250619,3호선,0342,오금,352,N,3호선,3139,1957,주엽,310,N,09:52:00,09:52:30,,3108,상행,2025-05-01T05:00:00,,평일
3호선,1958,대화,309,,20250619,3호선,0342,오금,352,N,3호선,3139,1958,대화,309,N,09:54:30,,,3108,상행,2025-05-01T05:00:00,,평일
3호선,0310,구파발,320,,20250619,3호선,0342,오금,352,N,3호선,입고,0342,오금,352,N,,08:23:00,,3110,상행,2025-05-01T05:00:00,,평일
3호선,0310,구파발,320,,20250619,3호선,0342,오금,352,N,3호선,입고,0341,경찰병원,351,N,08:24:00,08:24:30,,3110,상행,2025-05-01T05:00:00,,평일
3호선,0310,구파발,320,,20250619,3호선,0342,오금,352,N,3호선,입고,0340,가락시장,350,N,08:25:30,08:26:00,,3110,상행,2025-05-01T05:00:00,,평일
3호선,0310,구파발,320,,20250619,3호선,0342,오금,352,N,3호선,입고,0339,수서,349,N,08:28:00,08:28:30,,3110,상행,2025-05-01T05:00:00,,평일
3호선,0310,구파발,320,,20250619,3호선,0342,오금,352,N,3호선,입고,0338,일원,348,N,08:30:30,08:31:00,,3110,상행,2025-05-01T05:00:00,,평일
3호선,0310,구파발,320,,20250619,3호선,0342,오금,352,N,3호선,입고,0337,대청,347,N,08:32:30,08:33:00,,3110,상행,2025-05-01T05:00:00,,평일
3호선,0310,구파발,320,,20250619,3호선,0342,오금,352,N,3호선,입고,0336,학여울,346,N,08:34:30,08:35:00,,3110,상행,2025-05-01T05:00:00,,평일
3호선,0310,구파발,320,,20250619,3호선,0342,오금,352,N,3호선,입고,0335,대치,345,N,08:36:00,08:36:30,,3110,상행,2025-05-01T05:00:00,,평일
3호선,0310,구파발,320,,20250619,3호선,0342,오금,352,N,3호선,입고,0334,도곡,344,N,08:37:30,08:38:00,,3110,상행,2025-05-01T05:00:00,,평일
3호선,0310,구파발,320,,20250619,3호선,0342,오금,352,N,3호선,입고,0333,매봉,343,N,08:39:30,08:40:00,,3110,상행,2025-05-01T05:00:00,,평일
3호선,0310,구파발,320,,20250619,3호선,0342,오금,352,N,3호선,입고,0332,양재,342,N,08:42:00,08:42:30,,3110,상행,2025-05-01T05:00:00,,평일
3호선,0310,구파발,320,,20250619,3호선,0342,오금,352,N,3호선,입고,0331,남부터미널,341,N,08:44:30,08:45:00,,3110,상행,2025-05-01T05:00:00,,평일
3호선,0310,구파발,320,,20250619,3호선,0342,오금,352,N,3호선,입고,0330,교대,340,N,08:46:30,08:47:00,,3110,상행,2025-05-01T05:00:00,,평일
3호선,0310,구파발,320,,20250619,3호선,0342,오금,352,N,3호선,입고,0329,고속터미널,339,N,08:49:00,08:49:30,,3110,상행,2025-05-01T05:00:00,,평일
3호선,0310,구파발,320,,20250619,3호선,0342,오금,352,N,3호선,입고,0328,잠원,338,N,08:51:00,08:51:30,,3110,상행,2025-05-01T05:00:00,,평일
3호선,0310,구파발,320,,20250619,3호선,0342,오금,352,N,3호선,입고,0327,신사,337,N,08:53:00,08:53:30,,3110,상행,2025-05-01T05:00:00,,평일
3호선,0310,구파발,320,,20250619,3호선,0342,오금,352,N,3호선,입고,0326,압구정,336,N,08:55:30,08:56:00,,3110,상행,2025-05-01T05:00:00,,평일
3호선,0310,구파발,320,,20250619,3호선,0342,오금,352,N,3호선,입고,0325,옥수,335,N,08:58:00,08:58:30,,3110,상행,2025-05-01T05:00:00,,평일
3호선,0310,구파발,320,,20250619,3호선,0342,오금,352,N,3호선,입고,0324,금호,334,N,08:59:30,09:00:00,,3110,상행,2025-05-01T05:00:00,,평일
3호선,0310,구파발,320,,20250619,3호선,0342,오금,352,N,3호선,입고,0323,약수,333,N,09:01:00,09:01:30,,3110,상행,2025-05-01T05:00:00,,평일
3호선,0310,구파발,320,,20250619,3호선,0342,오금,352,N,3호선,입고,0322,동대입구,332,N,09:02:30,09:03:00,,3110,상행,2025-05-01T05:00:00,,평일
3호선,0310,구파발,320,,20250619,3호선,0342,오금,352,N,3호선,입고,0321,충무로,331,N,09:04:30,09:05:00,,3110,상행,2025-05-01T05:00:00,,평일
3호선,0310,구파발,320,,20250619,3호선,0342,오금,352,N,3호선,입고,0320,을지로3가,330,N,09:06:00,09:06:30,,3110,상행,2025-05-01T05:00:00,,평일
3호선,0310,구파발,320,,20250619,3호선,0342,오금,352,N,3호선,입고,0319,종로3가,329,N,09:07:30,09:08:00,,3110,상행,2025-05-01T05:00:00,,평일
3호선,0310,구파발,320,,20250619,3호선,0342,오금,352,N,3호선,입고,0318,안국,328,N,09:09:30,09:10:00,,3110,상행,2025-05-01T05:00:00,,평일
3호선,0310,구파발,320,,20250619,3호선,0342,오금,352,N,3호선,입고,0317,경복궁,327,N,09:11:30,09:12:00,,3110,상행,2025-05-01T05:00:00,,평일
3호선,0310,구파발,320,,20250619,3호선,0342,오금,352,N,3호선,입고,0316,독립문,326,N,09:14:00,09:14:30,,3110,상행,2025-05-01T05:00:00,,평일
3호선,0310,구파발,320,,20250619,3호선,0342,오금,352,N,3호선,입고,0315,무악재,325,N,09:16:00,09:16:30,,3110,상행,2025-05-01T05:00:00,,평일
3호선,0310,구파발,320,,20250619,3호선,0342,오금,352,N,3호선,입고,0314,홍제,324,N,09:18:00,09:18:30,,3110,상행,2025-05-01T05:00:00,,평일
3호선,0310,구파발,320,,20250619,3호선,0342,오금,352,N,3호선,입고,0313,녹번,323,N,09:20:30,09:21:00,,3110,상행,2025-05-01T05:00:00,,평일
3호선,0310,구파발,320,,20250619,3호선,0342,오금,352,N,3호선,입고,0312,불광,322,N,09:22:30,09:23:00,,3110,상행,2025-05-01T05:00:00,,평일
3호선,0310,구파발,320,,20250619,3호선,0342,오금,352,N,3호선,입고,0311,연신내,321,N,09:24:30,09:25:00,,3110,상행,2025-05-01T05:00:00,,평일
3호선,0310,구파발,320,,20250619,3호선,0342,오금,352,N,3호선,입고,0310,구파발,320,N,09:27:00,,,3110,상행,2025-05-01T05:00:00,,평일
3호선,1958,대화,309,,20250619,3호선,0342,오금,352,N,3호선,3143,0342,오금,352,N,,08:27:00,,3112,상행,2025-05-01T05:00:00,,평일
3호선,1958,대화,309,,20250619,3호선,0342,오금,352,N,3호선,3143,0341,경찰병원,351,N,08:28:00,08:28:30,,3112,상행,2025-05-01T05:00:00,,평일
3호선,1958,대화,309,,20250619,3호선,0342,오금,352,N,3호선,3143,0340,가락시장,350,N,08:29:30,08:30:00,,3112,상행,2025-05-01T05:00:00,,평일
3호선,1958,대화,309,,20250619,3호선,0342,오금,352,N,3호선,3143,0339,수서,349,N,08:32:00,08:32:30,,3112,상행,2025-05-01T05:00:00,,평일
3호선,1958,대화,309,,20250619,3호선,0342,오금,352,N,3호선,3143,0338,일원,348,N,08:34:30,08:35:00,,3112,상행,2025-05-01T05:00:00,,평일
3호선,1958,대화,309,,20250619,3호선,0342,오금,352,N,3호선,3143,0337,대청,347,N,08:36:30,08:37:00,,3112,상행,2025-05-01T05:00:00,,평일
3호선,1958,대화,309,,20250619,3호선,0342,오금,352,N,3호선,3143,0336,학여울,346,N,08:38:30,08:39:00,,3112,상행,2025-05-01T05:00:00,,평일
3호선,1958,대화,309,,20250619,3호선,0342,오금,352,N,3호선,3143,0335,대치,345,N,08:40:00,08:40:30,,3112,상행,2025-05-01T05:00:00,,평일
3호선,1958,대화,309,,20250619,3호선,0342,오금,352,N,3호선,3143,0334,도곡,344,N,08:41:30,08:42:00,,3112,상행,2025-05-01T05:00:00,,평일
3호선,1958,대화,309,,20250619,3호선,0342,오금,352,N,3호선,3143,0333,매봉,343,N,08:43:30,08:44:00,,3112,상행,2025-05-01T05:00:00,,평일
3호선,1958,대화,309,,20250619,3호선,0342,오금,352,N,3호선,3143,0332,양재,342,N,08:46:00,08:46:30,,3112,상행,2025-05-01T05:00:00,,평일
3호선,1958,대화,309,,20250619,3호선,0342,오금,352,N,3호선,3143,0331,남부터미널,341,N,08:48:30,08:49:00,,3112,상행,2025-05-01T05:00:00,,평일
3호선,1958,대화,309,,20250619,3호선,0342,오금,352,N,3호선,3143,0330,교대,340,N,08:50:30,08:51:00,,3112,상행,2025-05-01T05:00:00,,평일
3호선,1958,대화,309,,20250619,3호선,0342,오금,352,N,3호선,3143,0329,고속터미널,339,N,08:53:00,08:53:30,,3112,상행,2025-05-01T05:00:00,,평일
3호선,1958,대화,309,,20250619,3호선,0342,오금,352,N,3호선,3143,0328,잠원,338,N,08:55:00,08:55:30,,3112,상행,2025-05-01T05:00:00,,평일
3호선,1958,대화,309,,20250619,3호선,0342,오금,352,N,3호선,3143,0327,신사,337,N,08:57:00,08:57:30,,3112,상행,2025-05-01T05:00:00,,평일
3호선,1958,대화,309,,20250619,3호선,0342,오금,352,N,3호선,3143,0326,압구정,336,N,08:59:30,09:00:00,,3112,상행,2025-05-01T05:00:00,,평일
3호선,1958,대화,309,,20250619,3호선,0342,오금,352,N,3호선,3143,0325,옥수,335,N,09:02:00,09:02:30,,3112,상행,2025-05-01T05:00:00,,평일
3호선,1958,대화,309,,20250619,3호선,0342,오금,352,N,3호선,3143,0324,금호,334,N,09:03:30,09:04:00,,3112,상행,2025-05-01T05:00:00,,평일
3호선,1958,대화,309,,20250619,3호선,0342,오금,352,N,3호선,3143,0323,약수,333,N,09:05:00,09:05:30,,3112,상행,2025-05-01T05:00:00,,평일
3호선,1958,대화,309,,20250619,3호선,0342,오금,352,N,3호선,3143,0322,동대입구,332,N,09:06:30,09:07:00,,3112,상행,2025-05-01T05:00:00,,평일
3호선,1958,대화,309,,20250619,3호선,0342,오금,352,N,3호선,3143,0321,충무로,331,N,09:08:30,09:09:00,,3112,상행,2025-05-01T05:00:00,,평일
3호선,1958,대화,309,,20250619,3호선,0342,오금,352,N,3호선,3143,0320,을지로3가,330,N,09:10:00,09:10:30,,3112,상행,2025-05-01T05:00:00,,평일
3호선,1958,대화,309,,20250619,3호선,0342,오금,352,N,3호선,3143,0319,종로3가,329,N,09:11:30,09:12:00,,3112,상행,2025-05-01T05:00:00,,평일
3호선,1958,대화,309,,20250619,3호선,0342,오금,352,N,3호선,3143,0318,안국,328,N,09:13:30,09:14:00,,3112,상행,2025-05-01T05:00:00,,평일
3호선,1958,대화,309,,20250619,3호선,0342,오금,352,N,3호선,3143,0317,경복궁,327,N,09:15:30,09:16:00,,3112,상행,2025-05-01T05:00:00,,평일
3호선,1958,대화,309,,20250619,3호선,0342,오금,352,N,3호선,3143,0316,독립문,326,N,09:18:00,09:18:30,,3112,상행,2025-05-01T05:00:00,,평일
3호선,1958,대화,309,,20250619,3호선,0342,오금,352,N,3호선,3143,0315,무악재,325,N,09:20:00,09:20:30,,3112,상행,2025-05-01T05:00:00,,평일
3호선,1958,대화,309,,20250619,3호선,0342,오금,352,N,3호선,3143,0314,홍제,324,N,09:22:00,09:22:30,,3112,상행,2025-05-01T05:00:00,,평일
3호선,1958,대화,309,,20250619,3호선,0342,오금,352,N,3호선,3143,0313,녹번,323,N,09:24:30,09:25:00,,3112,상행,2025-05-01T05:00:00,,평일
3호선,1958,대화,309,,20250619,3호선,0342,오금,352,N,3호선,3143,0312,불광,322,N,09:26:30,09:27:00,,3112,상행,2025-05-01T05:00:00,,평일
3호선,1958,대화,309,,20250619,3호선,0342,오금,352,N,3호선,3143,0311,연신내,321,N,09:28:30,09:29:00,,3112,상행,2025-05-01T05:00:00,,평일
3호선,1958,대화,309,,20250619,3호선,0342,오금,352,N,3호선,3143,0310,구파발,320,N,09:31:00,09:31:30,,3112,상행,2025-05-01T05:00:00,,평일
3호선,1958,대화,309,,20250619,3호선,0342,오금,352,N,3호선,3143,0309,지축,319,N,09:34:30,09:35:00,,3112,상행,2025-05-01T05:00:00,,평일
3호선,1958,대화,309,,20250619,3호선,0342,오금,352,N,3호선,3143,1950,삼송,318,N,09:37:30,09:38:00,,3112,상행,2025-05-01T05:00:00,,평일
3호선,1958,대화,309,,20250619,3호선,0342,오금,352,N,3호선,3143,1948,원흥,317,N,09:40:00,09:40:30,,3112,상행,2025-05-01T05:00:00,,평일
3호선,1958,대화,309,,20250619,3호선,0342,오금,352,N,3호선,3143,1951,원당,316,N,09:43:00,09:43:30,,3112,상행,2025-05-01T05:00:00,,평일
3호선,1958,대화,309,,20250619,3호선,0342,오금,352,N,3호선,3143,1952,화정,315,N,09:46:30,09:47:00,,3112,상행,2025-05-01T05:00:00,,평일
3호선,1958,대화,309,,20250619,3호선,0342,오금,352,N,3호선,3143,1953,대곡,314,N,09:49:30,09:50:00,,3112,상행,2025-05-01T05:00:00,,평일
3호선,1958,대화,309,,20250619,3호선,0342,오금,352,N,3호선,3143,1954,백석,313,N,09:53:00,09:53:30,,3112,상행,2025-05-01T05:00:00,,평일
3호선,1958,대화,309,,20250619,3호선,0342,오금,352,N,3호선,3143,1955,마두,312,N,09:55:30,09:56:00,,3112,상행,2025-05-01T05:00:00,,평일
3호선,1958,대화,309,,20250619,3호선,0342,오금,352,N,3호선,3143,1956,정발산,311,N,09:57:30,09:58:00,,3112,상행,2025-05-01T05:00:00,,평일
3호선,1958,대화,309,,20250619,3호선,0342,오금,352,N,3호선,3143,1957,주엽,310,N,10:00:00,10:00:30,,3112,상행,2025-05-01T05:00:00,,평일
3호선,1958,대화,309,,20250619,3호선,0342,오금,352,N,3호선,3143,1958,대화,309,N,10:02:30,,,3112,상행,2025-05-01T05:00:00,,평일
3호선,0310,구파발,320,,20250619,3호선,0342,오금,352,N,3호선,입고,0342,오금,352,N,,08:31:00,,3114K,상행,2025-05-01T05:00:00,,평일
3호선,0310,구파발,320,,20250619,3호선,0342,오금,352,N,3호선,입고,0341,경찰병원,351,N,08:32:00,08:32:30,,3114K,상행,2025-05-01T05:00:00,,평일
3호선,0310,구파발,320,,20250619,3호선,0342,오금,352,N,3호선,입고,0340,가락시장,350,N,08:33:30,08:34:00,,3114K,상행,2025-05-01T05:00:00,,평일
3호선,0310,구파발,320,,20250619,3호선,0342,오금,352,N,3호선,입고,0339,수서,349,N,08:36:00,08:36:30,,3114K,상행,2025-05-01T05:00:00,,평일
3호선,0310,구파발,320,,20250619,3호선,0342,오금,352,N,3호선,입고,0338,일원,348,N,08:38:30,08:39:00,,3114K,상행,2025-05-01T05:00:00,,평일
3호선,0310,구파발,320,,20250619,3호선,0342,오금,352,N,3호선,입고,0337,대청,347,N,08:40:30,08:41:00,,3114K,상행,2025-05-01T05:00:00,,평일
3호선,0310,구파발,320,,20250619,3호선,0342,오금,352,N,3호선,입고,0336,학여울,346,N,08:42:30,08:43:00,,3114K,상행,2025-05-01T05:00:00,,평일
3호선,0310,구파발,320,,20250619,3호선,0342,오금,352,N,3호선,입고,0335,대치,345,N,08:44:00,08:44:30,,3114K,상행,2025-05-01T05:00:00,,평일
3호선,0310,구파발,320,,20250619,3호선,0342,오금,352,N,3호선,입고,0334,도곡,344,N,08:45:30,08:46:00,,3114K,상행,2025-05-01T05:00:00,,평일
3호선,0310,구파발,320,,20250619,3호선,0342,오금,352,N,3호선,입고,0333,매봉,343,N,08:47:30,08:48:00,,3114K,상행,2025-05-01T05:00:00,,평일
3호선,0310,구파발,320,,20250619,3호선,0342,오금,352,N,3호선,입고,0332,양재,342,N,08:50:00,08:50:30,,3114K,상행,2025-05-01T05:00:00,,평일
3호선,0310,구파발,320,,20250619,3호선,0342,오금,352,N,3호선,입고,0331,남부터미널,341,N,08:52:30,08:53:00,,3114K,상행,2025-05-01T05:00:00,,평일
3호선,0310,구파발,320,,20250619,3호선,0342,오금,352,N,3호선,입고,0330,교대,340,N,08:54:30,08:55:00,,3114K,상행,2025-05-01T05:00:00,,평일
3호선,0310,구파발,320,,20250619,3호선,0342,오금,352,N,3호선,입고,0329,고속터미널,339,N,08:57:00,08:57:30,,3114K,상행,2025-05-01T05:00:00,,평일
3호선,0310,구파발,320,,20250619,3호선,0342,오금,352,N,3호선,입고,0328,잠원,338,N,08:59:00,08:59:30,,3114K,상행,2025-05-01T05:00:00,,평일
3호선,0310,구파발,320,,20250619,3호선,0342,오금,352,N,3호선,입고,0327,신사,337,N,09:01:00,09:01:30,,3114K,상행,2025-05-01T05:00:00,,평일
3호선,0310,구파발,320,,20250619,3호선,0342,오금,352,N,3호선,입고,0326,압구정,336,N,09:03:30,09:04:00,,3114K,상행,2025-05-01T05:00:00,,평일
3호선,0310,구파발,320,,20250619,3호선,0342,오금,352,N,3호선,입고,0325,옥수,335,N,09:06:00,09:06:30,,3114K,상행,2025-05-01T05:00:00,,평일
3호선,0310,구파발,320,,20250619,3호선,0342,오금,352,N,3호선,입고,0324,금호,334,N,09:07:30,09:08:00,,3114K,상행,2025-05-01T05:00:00,,평일
3호선,0310,구파발,320,,20250619,3호선,0342,오금,352,N,3호선,입고,0323,약수,333,N,09:09:00,09:09:30,,3114K,상행,2025-05-01T05:00:00,,평일
3호선,0310,구파발,320,,20250619,3호선,0342,오금,352,N,3호선,입고,0322,동대입구,332,N,09:10:30,09:11:00,,3114K,상행,2025-05-01T05:00:00,,평일
3호선,0310,구파발,320,,20250619,3호선,0342,오금,352,N,3호선,입고,0321,충무로,331,N,09:12:30,09:13:00,,3114K,상행,2025-05-01T05:00:00,,평일
3호선,0310,구파발,320,,20250619,3호선,0342,오금,352,N,3호선,입고,0320,을지로3가,330,N,09:14:00,09:14:30,,3114K,상행,2025-05-01T05:00:00,,평일
3호선,0310,구파발,320,,20250619,3호선,0342,오금,352,N,3호선,입고,0319,종로3가,329,N,09:15:30,09:16:00,,3114K,상행,2025-05-01T05:00:00,,평일
3호선,0310,구파발,320,,20250619,3호선,0342,오금,352,N,3호선,입고,0318,안국,328,N,09:17:30,09:18:00,,3114K,상행,2025-05-01T05:00:00,,평일
3호선,0310,구파발,320,,20250619,3호선,0342,오금,352,N,3호선,입고,0317,경복궁,327,N,09:19:30,09:20:00,,3114K,상행,2025-05-01T05:00:00,,평일
3호선,0310,구파발,320,,20250619,3호선,0342,오금,352,N,3호선,입고,0316,독립문,326,N,09:22:00,09:22:30,,3114K,상행,2025-05-01T05:00:00,,평일
3호선,0310,구파발,320,,20250619,3호선,0342,오금,352,N,3호선,입고,0315,무악재,325,N,09:24:00,09:24:30,,3114K,상행,2025-05-01T05:00:00,,평일
3호선,0310,구파발,320,,20250619,3호선,0342,오금,352,N,3호선,입고,0314,홍제,324,N,09:26:00,09:26:30,,3114K,상행,2025-05-01T05:00:00,,평일
3호선,0310,구파발,320,,20250619,3호선,0342,오금,352,N,3호선,입고,0313,녹번,323,N,09:28:30,09:29:00,,3114K,상행,2025-05-01T05:00:00,,평일
3호선,0310,구파발,320,,20250619,3호선,0342,오금,352,N,3호선,입고,0312,불광,322,N,09:30:30,09:31:00,,3114K,상행,2025-05-01T05:00:00,,평일
3호선,0310,구파발,320,,20250619,3호선,0342,오금,352,N,3호선,입고,0311,연신내,321,N,09:32:30,09:33:00,,3114K,상행,2025-05-01T05:00:00,,평일
3호선,0310,구파발,320,,20250619,3호선,0342,오금,352,N,3호선,입고,0310,구파발,320,N,09:35:00,,,3114K,상행,2025-05-01T05:00:00,,평일
3호선,1958,대화,309,,20250619,3호선,0342,오금,352,N,3호선,3145,0342,오금,352,N,,08:36:30,,3116,상행,2025-05-01T05:00:00,,평일
3호선,1958,대화,309,,20250619,3호선,0342,오금,352,N,3호선,3145,0341,경찰병원,351,N,08:37:30,08:38:00,,3116,상행,2025-05-01T05:00:00,,평일
3호선,1958,대화,309,,20250619,3호선,0342,오금,352,N,3호선,3145,0340,가락시장,350,N,08:39:00,08:39:30,,3116,상행,2025-05-01T05:00:00,,평일
3호선,1958,대화,309,,20250619,3호선,0342,오금,352,N,3호선,3145,0339,수서,349,N,08:41:30,08:42:00,,3116,상행,2025-05-01T05:00:00,,평일
3호선,1958,대화,309,,20250619,3호선,0342,오금,352,N,3호선,3145,0338,일원,348,N,08:44:00,08:44:30,,3116,상행,2025-05-01T05:00:00,,평일
3호선,1958,대화,309,,20250619,3호선,0342,오금,352,N,3호선,3145,0337,대청,347,N,08:46:00,08:46:30,,3116,상행,2025-05-01T05:00:00,,평일
3호선,1958,대화,309,,20250619,3호선,0342,오금,352,N,3호선,3145,0336,학여울,346,N,08:48:00,08:48:30,,3116,상행,2025-05-01T05:00:00,,평일
3호선,1958,대화,309,,20250619,3호선,0342,오금,352,N,3호선,3145,0335,대치,345,N,08:49:30,08:50:00,,3116,상행,2025-05-01T05:00:00,,평일
3호선,1958,대화,309,,20250619,3호선,0342,오금,352,N,3호선,3145,0334,도곡,344,N,08:51:00,08:51:30,,3116,상행,2025-05-01T05:00:00,,평일
3호선,1958,대화,309,,20250619,3호선,0342,오금,352,N,3호선,3145,0333,매봉,343,N,08:53:00,08:53:30,,3116,상행,2025-05-01T05:00:00,,평일
3호선,1958,대화,309,,20250619,3호선,0342,오금,352,N,3호선,3145,0332,양재,342,N,08:55:30,08:56:00,,3116,상행,2025-05-01T05:00:00,,평일
3호선,1958,대화,309,,20250619,3호선,0342,오금,352,N,3호선,3145,0331,남부터미널,341,N,08:58:00,08:58:30,,3116,상행,2025-05-01T05:00:00,,평일
3호선,1958,대화,309,,20250619,3호선,0342,오금,352,N,3호선,3145,0330,교대,340,N,09:00:00,09:00:30,,3116,상행,2025-05-01T05:00:00,,평일
3호선,1958,대화,309,,20250619,3호선,0342,오금,352,N,3호선,3145,0329,고속터미널,339,N,09:02:30,09:03:00,,3116,상행,2025-05-01T05:00:00,,평일
3호선,1958,대화,309,,20250619,3호선,0342,오금,352,N,3호선,3145,0328,잠원,338,N,09:04:30,09:05:00,,3116,상행,2025-05-01T05:00:00,,평일
3호선,1958,대화,309,,20250619,3호선,0342,오금,352,N,3호선,3145,0327,신사,337,N,09:06:30,09:07:00,,3116,상행,2025-05-01T05:00:00,,평일
3호선,1958,대화,309,,20250619,3호선,0342,오금,352,N,3호선,3145,0326,압구정,336,N,09:09:00,09:09:30,,3116,상행,2025-05-01T05:00:00,,평일
3호선,1958,대화,309,,20250619,3호선,0342,오금,352,N,3호선,3145,0325,옥수,335,N,09:11:30,09:12:00,,3116,상행,2025-05-01T05:00:00,,평일
3호선,1958,대화,309,,20250619,3호선,0342,오금,352,N,3호선,3145,0324,금호,334,N,09:13:00,09:13:30,,3116,상행,2025-05-01T05:00:00,,평일
3호선,1958,대화,309,,20250619,3호선,0342,오금,352,N,3호선,3145,0323,약수,333,N,09:14:30,09:15:00,,3116,상행,2025-05-01T05:00:00,,평일
3호선,1958,대화,309,,20250619,3호선,0342,오금,352,N,3호선,3145,0322,동대입구,332,N,09:16:00,09:16:30,,3116,상행,2025-05-01T05:00:00,,평일
3호선,1958,대화,309,,20250619,3호선,0342,오금,352,N,3호선,3145,0321,충무로,331,N,09:18:00,09:18:30,,3116,상행,2025-05-01T05:00:00,,평일
3호선,1958,대화,309,,20250619,3호선,0342,오금,352,N,3호선,3145,0320,을지로3가,330,N,09:19:30,09:20:00,,3116,상행,2025-05-01T05:00:00,,평일
3호선,1958,대화,309,,20250619,3호선,0342,오금,352,N,3호선,3145,0319,종로3가,329,N,09:21:00,09:21:30,,3116,상행,2025-05-01T05:00:00,,평일
3호선,1958,대화,309,,20250619,3호선,0342,오금,352,N,3호선,3145,0318,안국,328,N,09:23:00,09:23:30,,3116,상행,2025-05-01T05:00:00,,평일
3호선,1958,대화,309,,20250619,3호선,0342,오금,352,N,3호선,3145,0317,경복궁,327,N,09:25:00,09:25:30,,3116,상행,2025-05-01T05:00:00,,평일
3호선,1958,대화,309,,20250619,3호선,0342,오금,352,N,3호선,3145,0316,독립문,326,N,09:27:30,09:28:00,,3116,상행,2025-05-01T05:00:00,,평일
3호선,1958,대화,309,,20250619,3호선,0342,오금,352,N,3호선,3145,0315,무악재,325,N,09:29:30,09:30:00,,3116,상행,2025-05-01T05:00:00,,평일
3호선,1958,대화,309,,20250619,3호선,0342,오금,352,N,3호선,3145,0314,홍제,324,N,09:31:30,09:32:00,,3116,상행,2025-05-01T05:00:00,,평일
3호선,1958,대화,309,,20250619,3호선,0342,오금,352,N,3호선,3145,0313,녹번,323,N,09:34:00,09:34:30,,3116,상행,2025-05-01T05:00:00,,평일
3호선,1958,대화,309,,20250619,3호선,0342,오금,352,N,3호선,3145,0312,불광,322,N,09:36:00,09:36:30,,3116,상행,2025-05-01T05:00:00,,평일
3호선,1958,대화,309,,20250619,3호선,0342,오금,352,N,3호선,3145,0311,연신내,321,N,09:38:00,09:38:30,,3116,상행,2025-05-01T05:00:00,,평일
3호선,1958,대화,309,,20250619,3호선,0342,오금,352,N,3호선,3145,0310,구파발,320,N,09:40:30,09:41:00,,3116,상행,2025-05-01T05:00:00,,평일
3호선,1958,대화,309,,20250619,3호선,0342,오금,352,N,3호선,3145,0309,지축,319,N,09:44:00,09:44:30,,3116,상행,2025-05-01T05:00:00,,평일
3호선,1958,대화,309,,20250619,3호선,0342,오금,352,N,3호선,3145,1950,삼송,318,N,09:47:00,09:47:30,,3116,상행,2025-05-01T05:00:00,,평일
3호선,1958,대화,309,,20250619,3호선,0342,오금,352,N,3호선,3145,1948,원흥,317,N,09:49:30,09:50:00,,3116,상행,2025-05-01T05:00:00,,평일
3호선,1958,대화,309,,20250619,3호선,0342,오금,352,N,3호선,3145,1951,원당,316,N,09:52:30,09:53:00,,3116,상행,2025-05-01T05:00:00,,평일
3호선,1958,대화,309,,20250619,3호선,0342,오금,352,N,3호선,3145,1952,화정,315,N,09:56:00,09:56:30,,3116,상행,2025-05-01T05:00:00,,평일
3호선,1958,대화,309,,20250619,3호선,0342,오금,352,N,3호선,3145,1953,대곡,314,N,09:59:00,09:59:30,,3116,상행,2025-05-01T05:00:00,,평일
3호선,1958,대화,309,,20250619,3호선,0342,오금,352,N,3호선,3145,1954,백석,313,N,10:02:30,10:03:00,,3116,상행,2025-05-01T05:00:00,,평일
3호선,1958,대화,309,,20250619,3호선,0342,오금,352,N,3호선,3145,1955,마두,312,N,10:05:00,10:05:30,,3116,상행,2025-05-01T05:00:00,,평일
3호선,1958,대화,309,,20250619,3호선,0342,오금,352,N,3호선,3145,1956,정발산,311,N,10:07:00,10:07:30,,3116,상행,2025-05-01T05:00:00,,평일
3호선,1958,대화,309,,20250619,3호선,0342,오금,352,N,3호선,3145,1957,주엽,310,N,10:09:30,10:10:00,,3116,상행,2025-05-01T05:00:00,,평일
3호선,1958,대화,309,,20250619,3호선,0342,오금,352,N,3호선,3145,1958,대화,309,N,10:12:00,,,3116,상행,2025-05-01T05:00:00,,평일
3호선,0310,구파발,320,,20250619,3호선,0342,오금,352,N,3호선,3125,0342,오금,352,N,,08:43:00,,3120,상행,2025-05-01T05:00:00,,평일
3호선,0310,구파발,320,,20250619,3호선,0342,오금,352,N,3호선,3125,0341,경찰병원,351,N,08:44:00,08:44:30,,3120,상행,2025-05-01T05:00:00,,평일
3호선,0310,구파발,320,,20250619,3호선,0342,오금,352,N,3호선,3125,0340,가락시장,350,N,08:45:30,08:46:00,,3120,상행,2025-05-01T05:00:00,,평일
3호선,0310,구파발,320,,20250619,3호선,0342,오금,352,N,3호선,3125,0339,수서,349,N,08:48:00,08:48:30,,3120,상행,2025-05-01T05:00:00,,평일
3호선,0310,구파발,320,,20250619,3호선,0342,오금,352,N,3호선,3125,0338,일원,348,N,08:50:30,08:51:00,,3120,상행,2025-05-01T05:00:00,,평일
3호선,0310,구파발,320,,20250619,3호선,0342,오금,352,N,3호선,3125,0337,대청,347,N,08:52:30,08:53:00,,3120,상행,2025-05-01T05:00:00,,평일
3호선,0310,구파발,320,,20250619,3호선,0342,오금,352,N,3호선,3125,0336,학여울,346,N,08:54:30,08:55:00,,3120,상행,2025-05-01T05:00:00,,평일
3호선,0310,구파발,320,,20250619,3호선,0342,오금,352,N,3호선,3125,0335,대치,345,N,08:56:00,08:56:30,,3120,상행,2025-05-01T05:00:00,,평일
3호선,0310,구파발,320,,20250619,3호선,0342,오금,352,N,3호선,3125,0334,도곡,344,N,08:57:30,08:58:00,,3120,상행,2025-05-01T05:00:00,,평일
3호선,0310,구파발,320,,20250619,3호선,0342,오금,352,N,3호선,3125,0333,매봉,343,N,08:59:30,09:00:00,,3120,상행,2025-05-01T05:00:00,,평일
3호선,0310,구파발,320,,20250619,3호선,0342,오금,352,N,3호선,3125,0332,양재,342,N,09:02:00,09:02:30,,3120,상행,2025-05-01T05:00:00,,평일
3호선,0310,구파발,320,,20250619,3호선,0342,오금,352,N,3호선,3125,0331,남부터미널,341,N,09:04:30,09:05:00,,3120,상행,2025-05-01T05:00:00,,평일
3호선,0310,구파발,320,,20250619,3호선,0342,오금,352,N,3호선,3125,0330,교대,340,N,09:06:30,09:07:00,,3120,상행,2025-05-01T05:00:00,,평일
3호선,0310,구파발,320,,20250619,3호선,0342,오금,352,N,3호선,3125,0329,고속터미널,339,N,09:09:00,09:09:30,,3120,상행,2025-05-01T05:00:00,,평일
3호선,0310,구파발,320,,20250619,3호선,0342,오금,352,N,3호선,3125,0328,잠원,338,N,09:11:00,09:11:30,,3120,상행,2025-05-01T05:00:00,,평일
3호선,0310,구파발,320,,20250619,3호선,0342,오금,352,N,3호선,3125,0327,신사,337,N,09:13:00,09:13:30,,3120,상행,2025-05-01T05:00:00,,평일
3호선,0310,구파발,320,,20250619,3호선,0342,오금,352,N,3호선,3125,0326,압구정,336,N,09:15:30,09:16:00,,3120,상행,2025-05-01T05:00:00,,평일
3호선,0310,구파발,320,,20250619,3호선,0342,오금,352,N,3호선,3125,0325,옥수,335,N,09:18:00,09:18:30,,3120,상행,2025-05-01T05:00:00,,평일
3호선,0310,구파발,320,,20250619,3호선,0342,오금,352,N,3호선,3125,0324,금호,334,N,09:19:30,09:20:00,,3120,상행,2025-05-01T05:00:00,,평일
3호선,0310,구파발,320,,20250619,3호선,0342,오금,352,N,3호선,3125,0323,약수,333,N,09:21:00,09:21:30,,3120,상행,2025-05-01T05:00:00,,평일
3호선,0310,구파발,320,,20250619,3호선,0342,오금,352,N,3호선,3125,0322,동대입구,332,N,09:22:30,09:23:00,,3120,상행,2025-05-01T05:00:00,,평일
3호선,0310,구파발,320,,20250619,3호선,0342,오금,352,N,3호선,3125,0321,충무로,331,N,09:24:30,09:25:00,,3120,상행,2025-05-01T05:00:00,,평일
3호선,0310,구파발,320,,20250619,3호선,0342,오금,352,N,3호선,3125,0320,을지로3가,330,N,09:26:00,09:26:30,,3120,상행,2025-05-01T05:00:00,,평일
3호선,0310,구파발,320,,20250619,3호선,0342,오금,352,N,3호선,3125,0319,종로3가,329,N,09:27:30,09:28:00,,3120,상행,2025-05-01T05:00:00,,평일
3호선,0310,구파발,320,,20250619,3호선,0342,오금,352,N,3호선,3125,0318,안국,328,N,09:29:30,09:30:00,,3120,상행,2025-05-01T05:00:00,,평일
3호선,0310,구파발,320,,20250619,3호선,0342,오금,352,N,3호선,3125,0317,경복궁,327,N,09:31:30,09:32:00,,3120,상행,2025-05-01T05:00:00,,평일
3호선,0310,구파발,320,,20250619,3호선,0342,오금,352,N,3호선,3125,0316,독립문,326,N,09:34:00,09:34:30,,3120,상행,2025-05-01T05:00:00,,평일
3호선,0310,구파발,320,,20250619,3호선,0342,오금,352,N,3호선,3125,0315,무악재,325,N,09:36:00,09:36:30,,3120,상행,2025-05-01T05:00:00,,평일
3호선,0310,구파발,320,,20250619,3호선,0342,오금,352,N,3호선,3125,0314,홍제,324,N,09:38:00,09:38:30,,3120,상행,2025-05-01T05:00:00,,평일
3호선,0310,구파발,320,,20250619,3호선,0342,오금,352,N,3호선,3125,0313,녹번,323,N,09:40:30,09:41:00,,3120,상행,2025-05-01T05:00:00,,평일
3호선,0310,구파발,320,,20250619,3호선,0342,오금,352,N,3호선,3125,0312,불광,322,N,09:42:30,09:43:00,,3120,상행,2025-05-01T05:00:00,,평일
3호선,0310,구파발,320,,20250619,3호선,0342,오금,352,N,3호선,3125,0311,연신내,321,N,09:44:30,09:45:00,,3120,상행,2025-05-01T05:00:00,,평일
3호선,0310,구파발,320,,20250619,3호선,0342,오금,352,N,3호선,3125,0310,구파발,320,N,09:47:00,,,3120,상행,2025-05-01T05:00:00,,평일
3호선,1958,대화,309,,20250619,3호선,0342,오금,352,N,3호선,3149,0342,오금,352,N,,08:48:00,,3122,상행,2025-05-01T05:00:00,,평일
3호선,1958,대화,309,,20250619,3호선,0342,오금,352,N,3호선,3149,0341,경찰병원,351,N,08:49:00,08:49:30,,3122,상행,2025-05-01T05:00:00,,평일
3호선,1958,대화,309,,20250619,3호선,0342,오금,352,N,3호선,3149,0340,가락시장,350,N,08:50:30,08:51:00,,3122,상행,2025-05-01T05:00:00,,평일
3호선,1958,대화,309,,20250619,3호선,0342,오금,352,N,3호선,3149,0339,수서,349,N,08:53:00,08:53:30,,3122,상행,2025-05-01T05:00:00,,평일
3호선,1958,대화,309,,20250619,3호선,0342,오금,352,N,3호선,3149,0338,일원,348,N,08:55:30,08:56:00,,3122,상행,2025-05-01T05:00:00,,평일
3호선,1958,대화,309,,20250619,3호선,0342,오금,352,N,3호선,3149,0337,대청,347,N,08:57:30,08:58:00,,3122,상행,2025-05-01T05:00:00,,평일
3호선,1958,대화,309,,20250619,3호선,0342,오금,352,N,3호선,3149,0336,학여울,346,N,08:59:30,09:00:00,,3122,상행,2025-05-01T05:00:00,,평일
3호선,1958,대화,309,,20250619,3호선,0342,오금,352,N,3호선,3149,0335,대치,345,N,09:01:00,09:01:30,,3122,상행,2025-05-01T05:00:00,,평일
3호선,1958,대화,309,,20250619,3호선,0342,오금,352,N,3호선,3149,0334,도곡,344,N,09:02:30,09:03:00,,3122,상행,2025-05-01T05:00:00,,평일
3호선,1958,대화,309,,20250619,3호선,0342,오금,352,N,3호선,3149,0333,매봉,343,N,09:04:30,09:05:00,,3122,상행,2025-05-01T05:00:00,,평일
3호선,1958,대화,309,,20250619,3호선,0342,오금,352,N,3호선,3149,0332,양재,342,N,09:07:00,09:07:30,,3122,상행,2025-05-01T05:00:00,,평일
3호선,1958,대화,309,,20250619,3호선,0342,오금,352,N,3호선,3149,0331,남부터미널,341,N,09:09:30,09:10:00,,3122,상행,2025-05-01T05:00:00,,평일
3호선,1958,대화,309,,20250619,3호선,0342,오금,352,N,3호선,3149,0330,교대,340,N,09:11:30,09:12:00,,3122,상행,2025-05-01T05:00:00,,평일
3호선,1958,대화,309,,20250619,3호선,0342,오금,352,N,3호선,3149,0329,고속터미널,339,N,09:14:00,09:14:30,,3122,상행,2025-05-01T05:00:00,,평일
3호선,1958,대화,309,,20250619,3호선,0342,오금,352,N,3호선,3149,0328,잠원,338,N,09:16:00,09:16:30,,3122,상행,2025-05-01T05:00:00,,평일
3호선,1958,대화,309,,20250619,3호선,0342,오금,352,N,3호선,3149,0327,신사,337,N,09:18:00,09:18:30,,3122,상행,2025-05-01T05:00:00,,평일
3호선,1958,대화,309,,20250619,3호선,0342,오금,352,N,3호선,3149,0326,압구정,336,N,09:20:30,09:21:00,,3122,상행,2025-05-01T05:00:00,,평일
3호선,1958,대화,309,,20250619,3호선,0342,오금,352,N,3호선,3149,0325,옥수,335,N,09:23:00,09:23:30,,3122,상행,2025-05-01T05:00:00,,평일
3호선,1958,대화,309,,20250619,3호선,0342,오금,352,N,3호선,3149,0324,금호,334,N,09:24:30,09:25:00,,3122,상행,2025-05-01T05:00:00,,평일
3호선,1958,대화,309,,20250619,3호선,0342,오금,352,N,3호선,3149,0323,약수,333,N,09:26:00,09:26:30,,3122,상행,2025-05-01T05:00:00,,평일
3호선,1958,대화,309,,20250619,3호선,0342,오금,352,N,3호선,3149,0322,동대입구,332,N,09:27:30,09:28:00,,3122,상행,2025-05-01T05:00:00,,평일
3호선,1958,대화,309,,20250619,3호선,0342,오금,352,N,3호선,3149,0321,충무로,331,N,09:29:30,09:30:00,,3122,상행,2025-05-01T05:00:00,,평일
3호선,1958,대화,309,,20250619,3호선,0342,오금,352,N,3호선,3149,0320,을지로3가,330,N,09:31:00,09:31:30,,3122,상행,2025-05-01T05:00:00,,평일
3호선,1958,대화,309,,20250619,3호선,0342,오금,352,N,3호선,3149,0319,종로3가,329,N,09:32:30,09:33:00,,3122,상행,2025-05-01T05:00:00,,평일
3호선,1958,대화,309,,20250619,3호선,0342,오금,352,N,3호선,3149,0318,안국,328,N,09:34:30,09:35:00,,3122,상행,2025-05-01T05:00:00,,평일
3호선,1958,대화,309,,20250619,3호선,0342,오금,352,N,3호선,3149,0317,경복궁,327,N,09:36:30,09:37:00,,3122,상행,2025-05-01T05:00:00,,평일
3호선,1958,대화,309,,20250619,3호선,0342,오금,352,N,3호선,3149,0316,독립문,326,N,09:39:00,09:39:30,,3122,상행,2025-05-01T05:00:00,,평일
3호선,1958,대화,309,,20250619,3호선,0342,오금,352,N,3호선,3149,0315,무악재,325,N,09:41:00,09:41:30,,3122,상행,2025-05-01T05:00:00,,평일
3호선,1958,대화,309,,20250619,3호선,0342,오금,352,N,3호선,3149,0314,홍제,324,N,09:43:00,09:43:30,,3122,상행,2025-05-01T05:00:00,,평일
3호선,1958,대화,309,,20250619,3호선,0342,오금,352,N,3호선,3149,0313,녹번,323,N,09:45:30,09:46:00,,3122,상행,2025-05-01T05:00:00,,평일
3호선,1958,대화,309,,20250619,3호선,0342,오금,352,N,3호선,3149,0312,불광,322,N,09:47:30,09:48:00,,3122,상행,2025-05-01T05:00:00,,평일
3호선,1958,대화,309,,20250619,3호선,0342,오금,352,N,3호선,3149,0311,연신내,321,N,09:49:30,09:50:00,,3122,상행,2025-05-01T05:00:00,,평일
3호선,1958,대화,309,,20250619,3호선,0342,오금,352,N,3호선,3149,0310,구파발,320,N,09:52:00,09:52:30,,3122,상행,2025-05-01T05:00:00,,평일
3호선,1958,대화,309,,20250619,3호선,0342,오금,352,N,3호선,3149,0309,지축,319,N,09:55:30,09:56:00,,3122,상행,2025-05-01T05:00:00,,평일
3호선,1958,대화,309,,20250619,3호선,0342,오금,352,N,3호선,3149,1950,삼송,318,N,09:58:30,09:59:00,,3122,상행,2025-05-01T05:00:00,,평일
3호선,1958,대화,309,,20250619,3호선,0342,오금,352,N,3호선,3149,1948,원흥,317,N,10:01:00,10:01:30,,3122,상행,2025-05-01T05:00:00,,평일
3호선,1958,대화,309,,20250619,3호선,0342,오금,352,N,3호선,3149,1951,원당,316,N,10:04:00,10:04:30,,3122,상행,2025-05-01T05:00:00,,평일
3호선,1958,대화,309,,20250619,3호선,0342,오금,352,N,3호선,3149,1952,화정,315,N,10:07:30,10:08:00,,3122,상행,2025-05-01T05:00:00,,평일
3호선,1958,대화,309,,20250619,3호선,0342,오금,352,N,3호선,3149,1953,대곡,314,N,10:10:30,10:11:00,,3122,상행,2025-05-01T05:00:00,,평일
3호선,1958,대화,309,,20250619,3호선,0342,오금,352,N,3호선,3149,1954,백석,313,N,10:14:00,10:14:30,,3122,상행,2025-05-01T05:00:00,,평일
3호선,1958,대화,309,,20250619,3호선,0342,오금,352,N,3호선,3149,1955,마두,312,N,10:16:30,10:17:00,,3122,상행,2025-05-01T05:00:00,,평일
3호선,1958,대화,309,,20250619,3호선,0342,오금,352,N,3호선,3149,1956,정발산,311,N,10:18:30,10:19:00,,3122,상행,2025-05-01T05:00:00,,평일
3호선,1958,대화,309,,20250619,3호선,0342,오금,352,N,3호선,3149,1957,주엽,310,N,10:21:00,10:21:30,,3122,상행,2025-05-01T05:00:00,,평일
3호선,1958,대화,309,,20250619,3호선,0342,오금,352,N,3호선,3149,1958,대화,309,N,10:23:30,,,3122,상행,2025-05-01T05:00:00,,평일
3호선,1958,대화,309,,20250619,3호선,0342,오금,352,N,3호선,3151,0342,오금,352,N,,08:53:00,,3124K,상행,2025-05-01T05:00:00,,평일
3호선,1958,대화,309,,20250619,3호선,0342,오금,352,N,3호선,3151,0341,경찰병원,351,N,08:54:00,08:54:30,,3124K,상행,2025-05-01T05:00:00,,평일
3호선,1958,대화,309,,20250619,3호선,0342,오금,352,N,3호선,3151,0340,가락시장,350,N,08:55:30,08:56:00,,3124K,상행,2025-05-01T05:00:00,,평일
3호선,1958,대화,309,,20250619,3호선,0342,오금,352,N,3호선,3151,0339,수서,349,N,08:58:00,08:58:30,,3124K,상행,2025-05-01T05:00:00,,평일
3호선,1958,대화,309,,20250619,3호선,0342,오금,352,N,3호선,3151,0338,일원,348,N,09:00:30,09:01:00,,3124K,상행,2025-05-01T05:00:00,,평일
3호선,1958,대화,309,,20250619,3호선,0342,오금,352,N,3호선,3151,0337,대청,347,N,09:02:30,09:03:00,,3124K,상행,2025-05-01T05:00:00,,평일
3호선,1958,대화,309,,20250619,3호선,0342,오금,352,N,3호선,3151,0336,학여울,346,N,09:04:30,09:05:00,,3124K,상행,2025-05-01T05:00:00,,평일
3호선,1958,대화,309,,20250619,3호선,0342,오금,352,N,3호선,3151,0335,대치,345,N,09:06:00,09:06:30,,3124K,상행,2025-05-01T05:00:00,,평일
3호선,1958,대화,309,,20250619,3호선,0342,오금,352,N,3호선,3151,0334,도곡,344,N,09:07:30,09:08:00,,3124K,상행,2025-05-01T05:00:00,,평일
3호선,1958,대화,309,,20250619,3호선,0342,오금,352,N,3호선,3151,0333,매봉,343,N,09:09:30,09:10:00,,3124K,상행,2025-05-01T05:00:00,,평일
3호선,1958,대화,309,,20250619,3호선,0342,오금,352,N,3호선,3151,0332,양재,342,N,09:12:00,09:12:30,,3124K,상행,2025-05-01T05:00:00,,평일
3호선,1958,대화,309,,20250619,3호선,0342,오금,352,N,3호선,3151,0331,남부터미널,341,N,09:14:30,09:15:00,,3124K,상행,2025-05-01T05:00:00,,평일
3호선,1958,대화,309,,20250619,3호선,0342,오금,352,N,3호선,3151,0330,교대,340,N,09:16:30,09:17:00,,3124K,상행,2025-05-01T05:00:00,,평일
3호선,1958,대화,309,,20250619,3호선,0342,오금,352,N,3호선,3151,0329,고속터미널,339,N,09:19:00,09:19:30,,3124K,상행,2025-05-01T05:00:00,,평일
3호선,1958,대화,309,,20250619,3호선,0342,오금,352,N,3호선,3151,0328,잠원,338,N,09:21:00,09:21:30,,3124K,상행,2025-05-01T05:00:00,,평일
3호선,1958,대화,309,,20250619,3호선,0342,오금,352,N,3호선,3151,0327,신사,337,N,09:23:00,09:23:30,,3124K,상행,2025-05-01T05:00:00,,평일
3호선,1958,대화,309,,20250619,3호선,0342,오금,352,N,3호선,3151,0326,압구정,336,N,09:25:30,09:26:00,,3124K,상행,2025-05-01T05:00:00,,평일
3호선,1958,대화,309,,20250619,3호선,0342,오금,352,N,3호선,3151,0325,옥수,335,N,09:28:00,09:28:30,,3124K,상행,2025-05-01T05:00:00,,평일
3호선,1958,대화,309,,20250619,3호선,0342,오금,352,N,3호선,3151,0324,금호,334,N,09:29:30,09:30:00,,3124K,상행,2025-05-01T05:00:00,,평일
3호선,1958,대화,309,,20250619,3호선,0342,오금,352,N,3호선,3151,0323,약수,333,N,09:31:00,09:31:30,,3124K,상행,2025-05-01T05:00:00,,평일
3호선,1958,대화,309,,20250619,3호선,0342,오금,352,N,3호선,3151,0322,동대입구,332,N,09:32:30,09:33:00,,3124K,상행,2025-05-01T05:00:00,,평일
3호선,1958,대화,309,,20250619,3호선,0342,오금,352,N,3호선,3151,0321,충무로,331,N,09:34:30,09:35:00,,3124K,상행,2025-05-01T05:00:00,,평일
3호선,1958,대화,309,,20250619,3호선,0342,오금,352,N,3호선,3151,0320,을지로3가,330,N,09:36:00,09:36:30,,3124K,상행,2025-05-01T05:00:00,,평일
3호선,1958,대화,309,,20250619,3호선,0342,오금,352,N,3호선,3151,0319,종로3가,329,N,09:37:30,09:38:00,,3124K,상행,2025-05-01T05:00:00,,평일
3호선,1958,대화,309,,20250619,3호선,0342,오금,352,N,3호선,3151,0318,안국,328,N,09:39:30,09:40:00,,3124K,상행,2025-05-01T05:00:00,,평일
3호선,1958,대화,309,,20250619,3호선,0342,오금,352,N,3호선,3151,0317,경복궁,327,N,09:41:30,09:42:00,,3124K,상행,2025-05-01T05:00:00,,평일
3호선,1958,대화,309,,20250619,3호선,0342,오금,352,N,3호선,3151,0316,독립문,326,N,09:44:00,09:44:30,,3124K,상행,2025-05-01T05:00:00,,평일
3호선,1958,대화,309,,20250619,3호선,0342,오금,352,N,3호선,3151,0315,무악재,325,N,09:46:00,09:46:30,,3124K,상행,2025-05-01T05:00:00,,평일
3호선,1958,대화,309,,20250619,3호선,0342,오금,352,N,3호선,3151,0314,홍제,324,N,09:48:00,09:48:30,,3124K,상행,2025-05-01T05:00:00,,평일
3호선,1958,대화,309,,20250619,3호선,0342,오금,352,N,3호선,3151,0313,녹번,323,N,09:50:30,09:51:00,,3124K,상행,2025-05-01T05:00:00,,평일
3호선,1958,대화,309,,20250619,3호선,0342,오금,352,N,3호선,3151,0312,불광,322,N,09:52:30,09:53:00,,3124K,상행,2025-05-01T05:00:00,,평일
3호선,1958,대화,309,,20250619,3호선,0342,오금,352,N,3호선,3151,0311,연신내,321,N,09:54:30,09:55:00,,3124K,상행,2025-05-01T05:00:00,,평일
3호선,1958,대화,309,,20250619,3호선,0342,오금,352,N,3호선,3151,0310,구파발,320,N,09:57:00,09:57:30,,3124K,상행,2025-05-01T05:00:00,,평일
3호선,1958,대화,309,,20250619,3호선,0342,오금,352,N,3호선,3151,0309,지축,319,N,10:00:30,10:01:00,,3124K,상행,2025-05-01T05:00:00,,평일
3호선,1958,대화,309,,20250619,3호선,0342,오금,352,N,3호선,3151,1950,삼송,318,N,10:03:30,10:04:00,,3124K,상행,2025-05-01T05:00:00,,평일
3호선,1958,대화,309,,20250619,3호선,0342,오금,352,N,3호선,3151,1948,원흥,317,N,10:06:00,10:06:30,,3124K,상행,2025-05-01T05:00:00,,평일
3호선,1958,대화,309,,20250619,3호선,0342,오금,352,N,3호선,3151,1951,원당,316,N,10:09:00,10:09:30,,3124K,상행,2025-05-01T05:00:00,,평일
3호선,1958,대화,309,,20250619,3호선,0342,오금,352,N,3호선,3151,1952,화정,315,N,10:12:30,10:13:00,,3124K,상행,2025-05-01T05:00:00,,평일
3호선,1958,대화,309,,20250619,3호선,0342,오금,352,N,3호선,3151,1953,대곡,314,N,10:15:30,10:16:00,,3124K,상행,2025-05-01T05:00:00,,평일
3호선,1958,대화,309,,20250619,3호선,0342,오금,352,N,3호선,3151,1954,백석,313,N,10:19:00,10:19:30,,3124K,상행,2025-05-01T05:00:00,,평일
3호선,1958,대화,309,,20250619,3호선,0342,오금,352,N,3호선,3151,1955,마두,312,N,10:21:30,10:22:00,,3124K,상행,2025-05-01T05:00:00,,평일
3호선,1958,대화,309,,20250619,3호선,0342,오금,352,N,3호선,3151,1956,정발산,311,N,10:23:30,10:24:00,,3124K,상행,2025-05-01T05:00:00,,평일
3호선,1958,대화,309,,20250619,3호선,0342,오금,352,N,3호선,3151,1957,주엽,310,N,10:26:00,10:26:30,,3124K,상행,2025-05-01T05:00:00,,평일
3호선,1958,대화,309,,20250619,3호선,0342,오금,352,N,3호선,3151,1958,대화,309,N,10:28:30,,,3124K,상행,2025-05-01T05:00:00,,평일
3호선,1958,대화,309,,20250619,3호선,0342,오금,352,N,3호선,3155,0342,오금,352,N,,08:58:00,,3126K,상행,2025-05-01T05:00:00,,평일
3호선,1958,대화,309,,20250619,3호선,0342,오금,352,N,3호선,3155,0341,경찰병원,351,N,08:59:00,08:59:30,,3126K,상행,2025-05-01T05:00:00,,평일
3호선,1958,대화,309,,20250619,3호선,0342,오금,352,N,3호선,3155,0340,가락시장,350,N,09:00:30,09:01:00,,3126K,상행,2025-05-01T05:00:00,,평일
3호선,1958,대화,309,,20250619,3호선,0342,오금,352,N,3호선,3155,0339,수서,349,N,09:03:00,09:03:30,,3126K,상행,2025-05-01T05:00:00,,평일
3호선,1958,대화,309,,20250619,3호선,0342,오금,352,N,3호선,3155,0338,일원,348,N,09:05:30,09:06:00,,3126K,상행,2025-05-01T05:00:00,,평일
3호선,1958,대화,309,,20250619,3호선,0342,오금,352,N,3호선,3155,0337,대청,347,N,09:07:30,09:08:00,,3126K,상행,2025-05-01T05:00:00,,평일
3호선,1958,대화,309,,20250619,3호선,0342,오금,352,N,3호선,3155,0336,학여울,346,N,09:09:30,09:10:00,,3126K,상행,2025-05-01T05:00:00,,평일
3호선,1958,대화,309,,20250619,3호선,0342,오금,352,N,3호선,3155,0335,대치,345,N,09:11:00,09:11:30,,3126K,상행,2025-05-01T05:00:00,,평일
3호선,1958,대화,309,,20250619,3호선,0342,오금,352,N,3호선,3155,0334,도곡,344,N,09:12:30,09:13:00,,3126K,상행,2025-05-01T05:00:00,,평일
3호선,1958,대화,309,,20250619,3호선,0342,오금,352,N,3호선,3155,0333,매봉,343,N,09:14:30,09:15:00,,3126K,상행,2025-05-01T05:00:00,,평일
3호선,1958,대화,309,,20250619,3호선,0342,오금,352,N,3호선,3155,0332,양재,342,N,09:17:00,09:17:30,,3126K,상행,2025-05-01T05:00:00,,평일
3호선,1958,대화,309,,20250619,3호선,0342,오금,352,N,3호선,3155,0331,남부터미널,341,N,09:19:30,09:20:00,,3126K,상행,2025-05-01T05:00:00,,평일
3호선,1958,대화,309,,20250619,3호선,0342,오금,352,N,3호선,3155,0330,교대,340,N,09:21:30,09:22:00,,3126K,상행,2025-05-01T05:00:00,,평일
3호선,1958,대화,309,,20250619,3호선,0342,오금,352,N,3호선,3155,0329,고속터미널,339,N,09:24:00,09:24:30,,3126K,상행,2025-05-01T05:00:00,,평일
3호선,1958,대화,309,,20250619,3호선,0342,오금,352,N,3호선,3155,0328,잠원,338,N,09:26:00,09:26:30,,3126K,상행,2025-05-01T05:00:00,,평일
3호선,1958,대화,309,,20250619,3호선,0342,오금,352,N,3호선,3155,0327,신사,337,N,09:28:00,09:28:30,,3126K,상행,2025-05-01T05:00:00,,평일
3호선,1958,대화,309,,20250619,3호선,0342,오금,352,N,3호선,3155,0326,압구정,336,N,09:30:30,09:31:00,,3126K,상행,2025-05-01T05:00:00,,평일
3호선,1958,대화,309,,20250619,3호선,0342,오금,352,N,3호선,3155,0325,옥수,335,N,09:33:00,09:33:30,,3126K,상행,2025-05-01T05:00:00,,평일
3호선,1958,대화,309,,20250619,3호선,0342,오금,352,N,3호선,3155,0324,금호,334,N,09:34:30,09:35:00,,3126K,상행,2025-05-01T05:00:00,,평일
3호선,1958,대화,309,,20250619,3호선,0342,오금,352,N,3호선,3155,0323,약수,333,N,09:36:00,09:36:30,,3126K,상행,2025-05-01T05:00:00,,평일
3호선,1958,대화,309,,20250619,3호선,0342,오금,352,N,3호선,3155,0322,동대입구,332,N,09:37:30,09:38:00,,3126K,상행,2025-05-01T05:00:00,,평일
3호선,1958,대화,309,,20250619,3호선,0342,오금,352,N,3호선,3155,0321,충무로,331,N,09:39:30,09:40:00,,3126K,상행,2025-05-01T05:00:00,,평일
3호선,1958,대화,309,,20250619,3호선,0342,오금,352,N,3호선,3155,0320,을지로3가,330,N,09:41:00,09:41:30,,3126K,상행,2025-05-01T05:00:00,,평일
3호선,1958,대화,309,,20250619,3호선,0342,오금,352,N,3호선,3155,0319,종로3가,329,N,09:42:30,09:43:00,,3126K,상행,2025-05-01T05:00:00,,평일
3호선,1958,대화,309,,20250619,3호선,0342,오금,352,N,3호선,3155,0318,안국,328,N,09:44:30,09:45:00,,3126K,상행,2025-05-01T05:00:00,,평일
3호선,1958,대화,309,,20250619,3호선,0342,오금,352,N,3호선,3155,0317,경복궁,327,N,09:46:30,09:47:00,,3126K,상행,2025-05-01T05:00:00,,평일
3호선,1958,대화,309,,20250619,3호선,0342,오금,352,N,3호선,3155,0316,독립문,326,N,09:49:00,09:49:30,,3126K,상행,2025-05-01T05:00:00,,평일
3호선,1958,대화,309,,20250619,3호선,0342,오금,352,N,3호선,3155,0315,무악재,325,N,09:51:00,09:51:30,,3126K,상행,2025-05-01T05:00:00,,평일
3호선,1958,대화,309,,20250619,3호선,0342,오금,352,N,3호선,3155,0314,홍제,324,N,09:53:00,09:53:30,,3126K,상행,2025-05-01T05:00:00,,평일
3호선,1958,대화,309,,20250619,3호선,0342,오금,352,N,3호선,3155,0313,녹번,323,N,09:55:30,09:56:00,,3126K,상행,2025-05-01T05:00:00,,평일
3호선,1958,대화,309,,20250619,3호선,0342,오금,352,N,3호선,3155,0312,불광,322,N,09:57:30,09:58:00,,3126K,상행,2025-05-01T05:00:00,,평일
3호선,1958,대화,309,,20250619,3호선,0342,오금,352,N,3호선,3155,0311,연신내,321,N,09:59:30,10:00:00,,3126K,상행,2025-05-01T05:00:00,,평일
3호선,1958,대화,309,,20250619,3호선,0342,오금,352,N,3호선,3155,0310,구파발,320,N,10:02:00,10:02:30,,3126K,상행,2025-05-01T05:00:00,,평일
3호선,1958,대화,309,,20250619,3호선,0342,오금,352,N,3호선,3155,0309,지축,319,N,10:05:30,10:06:00,,3126K,상행,2025-05-01T05:00:00,,평일
3호선,1958,대화,309,,20250619,3호선,0342,오금,352,N,3호선,3155,1950,삼송,318,N,10:08:30,10:09:00,,3126K,상행,2025-05-01T05:00:00,,평일
3호선,1958,대화,309,,20250619,3호선,0342,오금,352,N,3호선,3155,1948,원흥,317,N,10:11:00,10:11:30,,3126K,상행,2025-05-01T05:00:00,,평일
3호선,1958,대화,309,,20250619,3호선,0342,오금,352,N,3호선,3155,1951,원당,316,N,10:14:00,10:14:30,,3126K,상행,2025-05-01T05:00:00,,평일
3호선,1958,대화,309,,20250619,3호선,0342,오금,352,N,3호선,3155,1952,화정,315,N,10:17:30,10:18:00,,3126K,상행,2025-05-01T05:00:00,,평일
3호선,1958,대화,309,,20250619,3호선,0342,오금,352,N,3호선,3155,1953,대곡,314,N,10:20:30,10:21:00,,3126K,상행,2025-05-01T05:00:00,,평일
3호선,1958,대화,309,,20250619,3호선,0342,오금,352,N,3호선,3155,1954,백석,313,N,10:24:00,10:24:30,,3126K,상행,2025-05-01T05:00:00,,평일
3호선,1958,대화,309,,20250619,3호선,0342,오금,352,N,3호선,3155,1955,마두,312,N,10:26:30,10:27:00,,3126K,상행,2025-05-01T05:00:00,,평일
3호선,1958,대화,309,,20250619,3호선,0342,오금,352,N,3호선,3155,1956,정발산,311,N,10:28:30,10:29:00,,3126K,상행,2025-05-01T05:00:00,,평일
3호선,1958,대화,309,,20250619,3호선,0342,오금,352,N,3호선,3155,1957,주엽,310,N,10:31:00,10:31:30,,3126K,상행,2025-05-01T05:00:00,,평일
3호선,1958,대화,309,,20250619,3호선,0342,오금,352,N,3호선,3155,1958,대화,309,N,10:33:30,,,3126K,상행,2025-05-01T05:00:00,,평일
3호선,0310,구파발,320,,20250619,3호선,0342,오금,352,N,3호선,3133,0342,오금,352,N,,09:03:30,,3128,상행,2025-05-01T05:00:00,,평일
3호선,0310,구파발,320,,20250619,3호선,0342,오금,352,N,3호선,3133,0341,경찰병원,351,N,09:04:30,09:05:00,,3128,상행,2025-05-01T05:00:00,,평일
3호선,0310,구파발,320,,20250619,3호선,0342,오금,352,N,3호선,3133,0340,가락시장,350,N,09:06:00,09:06:30,,3128,상행,2025-05-01T05:00:00,,평일
3호선,0310,구파발,320,,20250619,3호선,0342,오금,352,N,3호선,3133,0339,수서,349,N,09:08:30,09:09:00,,3128,상행,2025-05-01T05:00:00,,평일
3호선,0310,구파발,320,,20250619,3호선,0342,오금,352,N,3호선,3133,0338,일원,348,N,09:11:00,09:11:30,,3128,상행,2025-05-01T05:00:00,,평일
3호선,0310,구파발,320,,20250619,3호선,0342,오금,352,N,3호선,3133,0337,대청,347,N,09:13:00,09:13:30,,3128,상행,2025-05-01T05:00:00,,평일
3호선,0310,구파발,320,,20250619,3호선,0342,오금,352,N,3호선,3133,0336,학여울,346,N,09:15:00,09:15:30,,3128,상행,2025-05-01T05:00:00,,평일
3호선,0310,구파발,320,,20250619,3호선,0342,오금,352,N,3호선,3133,0335,대치,345,N,09:16:30,09:17:00,,3128,상행,2025-05-01T05:00:00,,평일
3호선,0310,구파발,320,,20250619,3호선,0342,오금,352,N,3호선,3133,0334,도곡,344,N,09:18:00,09:18:30,,3128,상행,2025-05-01T05:00:00,,평일
3호선,0310,구파발,320,,20250619,3호선,0342,오금,352,N,3호선,3133,0333,매봉,343,N,09:20:00,09:20:30,,3128,상행,2025-05-01T05:00:00,,평일
3호선,0310,구파발,320,,20250619,3호선,0342,오금,352,N,3호선,3133,0332,양재,342,N,09:22:30,09:23:00,,3128,상행,2025-05-01T05:00:00,,평일
3호선,0310,구파발,320,,20250619,3호선,0342,오금,352,N,3호선,3133,0331,남부터미널,341,N,09:25:00,09:25:30,,3128,상행,2025-05-01T05:00:00,,평일
3호선,0310,구파발,320,,20250619,3호선,0342,오금,352,N,3호선,3133,0330,교대,340,N,09:27:00,09:27:30,,3128,상행,2025-05-01T05:00:00,,평일
3호선,0310,구파발,320,,20250619,3호선,0342,오금,352,N,3호선,3133,0329,고속터미널,339,N,09:29:30,09:30:00,,3128,상행,2025-05-01T05:00:00,,평일
3호선,0310,구파발,320,,20250619,3호선,0342,오금,352,N,3호선,3133,0328,잠원,338,N,09:31:30,09:32:00,,3128,상행,2025-05-01T05:00:00,,평일
3호선,0310,구파발,320,,20250619,3호선,0342,오금,352,N,3호선,3133,0327,신사,337,N,09:33:30,09:34:00,,3128,상행,2025-05-01T05:00:00,,평일
3호선,0310,구파발,320,,20250619,3호선,0342,오금,352,N,3호선,3133,0326,압구정,336,N,09:36:00,09:36:30,,3128,상행,2025-05-01T05:00:00,,평일
3호선,0310,구파발,320,,20250619,3호선,0342,오금,352,N,3호선,3133,0325,옥수,335,N,09:38:30,09:39:00,,3128,상행,2025-05-01T05:00:00,,평일
3호선,0310,구파발,320,,20250619,3호선,0342,오금,352,N,3호선,3133,0324,금호,334,N,09:40:00,09:40:30,,3128,상행,2025-05-01T05:00:00,,평일
3호선,0310,구파발,320,,20250619,3호선,0342,오금,352,N,3호선,3133,0323,약수,333,N,09:41:30,09:42:00,,3128,상행,2025-05-01T05:00:00,,평일
3호선,0310,구파발,320,,20250619,3호선,0342,오금,352,N,3호선,3133,0322,동대입구,332,N,09:43:00,09:43:30,,3128,상행,2025-05-01T05:00:00,,평일
3호선,0310,구파발,320,,20250619,3호선,0342,오금,352,N,3호선,3133,0321,충무로,331,N,09:45:00,09:45:30,,3128,상행,2025-05-01T05:00:00,,평일
3호선,0310,구파발,320,,20250619,3호선,0342,오금,352,N,3호선,3133,0320,을지로3가,330,N,09:46:30,09:47:00,,3128,상행,2025-05-01T05:00:00,,평일
3호선,0310,구파발,320,,20250619,3호선,0342,오금,352,N,3호선,3133,0319,종로3가,329,N,09:48:00,09:48:30,,3128,상행,2025-05-01T05:00:00,,평일
3호선,0310,구파발,320,,20250619,3호선,0342,오금,352,N,3호선,3133,0318,안국,328,N,09:50:00,09:50:30,,3128,상행,2025-05-01T05:00:00,,평일
3호선,0310,구파발,320,,20250619,3호선,0342,오금,352,N,3호선,3133,0317,경복궁,327,N,09:52:00,09:52:30,,3128,상행,2025-05-01T05:00:00,,평일
3호선,0310,구파발,320,,20250619,3호선,0342,오금,352,N,3호선,3133,0316,독립문,326,N,09:54:30,09:55:00,,3128,상행,2025-05-01T05:00:00,,평일
3호선,0310,구파발,320,,20250619,3호선,0342,오금,352,N,3호선,3133,0315,무악재,325,N,09:56:30,09:57:00,,3128,상행,2025-05-01T05:00:00,,평일
3호선,0310,구파발,320,,20250619,3호선,0342,오금,352,N,3호선,3133,0314,홍제,324,N,09:58:30,09:59:00,,3128,상행,2025-05-01T05:00:00,,평일
3호선,0310,구파발,320,,20250619,3호선,0342,오금,352,N,3호선,3133,0313,녹번,323,N,10:01:00,10:01:30,,3128,상행,2025-05-01T05:00:00,,평일
3호선,0310,구파발,320,,20250619,3호선,0342,오금,352,N,3호선,3133,0312,불광,322,N,10:03:00,10:03:30,,3128,상행,2025-05-01T05:00:00,,평일
3호선,0310,구파발,320,,20250619,3호선,0342,오금,352,N,3호선,3133,0311,연신내,321,N,10:05:00,10:05:30,,3128,상행,2025-05-01T05:00:00,,평일
3호선,0310,구파발,320,,20250619,3호선,0342,오금,352,N,3호선,3133,0310,구파발,320,N,10:07:30,,,3128,상행,2025-05-01T05:00:00,,평일
3호선,1958,대화,309,,20250619,3호선,0342,오금,352,N,3호선,3157,0342,오금,352,N,,09:09:30,,3130K,상행,2025-05-01T05:00:00,,평일
3호선,1958,대화,309,,20250619,3호선,0342,오금,352,N,3호선,3157,0341,경찰병원,351,N,09:10:30,09:11:00,,3130K,상행,2025-05-01T05:00:00,,평일
3호선,1958,대화,309,,20250619,3호선,0342,오금,352,N,3호선,3157,0340,가락시장,350,N,09:12:00,09:12:30,,3130K,상행,2025-05-01T05:00:00,,평일
3호선,1958,대화,309,,20250619,3호선,0342,오금,352,N,3호선,3157,0339,수서,349,N,09:14:30,09:15:00,,3130K,상행,2025-05-01T05:00:00,,평일
3호선,1958,대화,309,,20250619,3호선,0342,오금,352,N,3호선,3157,0338,일원,348,N,09:17:00,09:17:30,,3130K,상행,2025-05-01T05:00:00,,평일
3호선,1958,대화,309,,20250619,3호선,0342,오금,352,N,3호선,3157,0337,대청,347,N,09:19:00,09:19:30,,3130K,상행,2025-05-01T05:00:00,,평일
3호선,1958,대화,309,,20250619,3호선,0342,오금,352,N,3호선,3157,0336,학여울,346,N,09:21:00,09:21:30,,3130K,상행,2025-05-01T05:00:00,,평일
3호선,1958,대화,309,,20250619,3호선,0342,오금,352,N,3호선,3157,0335,대치,345,N,09:22:30,09:23:00,,3130K,상행,2025-05-01T05:00:00,,평일
3호선,1958,대화,309,,20250619,3호선,0342,오금,352,N,3호선,3157,0334,도곡,344,N,09:24:00,09:24:30,,3130K,상행,2025-05-01T05:00:00,,평일
3호선,1958,대화,309,,20250619,3호선,0342,오금,352,N,3호선,3157,0333,매봉,343,N,09:26:00,09:26:30,,3130K,상행,2025-05-01T05:00:00,,평일
3호선,1958,대화,309,,20250619,3호선,0342,오금,352,N,3호선,3157,0332,양재,342,N,09:28:30,09:29:00,,3130K,상행,2025-05-01T05:00:00,,평일
3호선,1958,대화,309,,20250619,3호선,0342,오금,352,N,3호선,3157,0331,남부터미널,341,N,09:31:00,09:31:30,,3130K,상행,2025-05-01T05:00:00,,평일
3호선,1958,대화,309,,20250619,3호선,0342,오금,352,N,3호선,3157,0330,교대,340,N,09:33:00,09:33:30,,3130K,상행,2025-05-01T05:00:00,,평일
3호선,1958,대화,309,,20250619,3호선,0342,오금,352,N,3호선,3157,0329,고속터미널,339,N,09:35:30,09:36:00,,3130K,상행,2025-05-01T05:00:00,,평일
3호선,1958,대화,309,,20250619,3호선,0342,오금,352,N,3호선,3157,0328,잠원,338,N,09:37:30,09:38:00,,3130K,상행,2025-05-01T05:00:00,,평일
3호선,1958,대화,309,,20250619,3호선,0342,오금,352,N,3호선,3157,0327,신사,337,N,09:39:30,09:40:00,,3130K,상행,2025-05-01T05:00:00,,평일
3호선,1958,대화,309,,20250619,3호선,0342,오금,352,N,3호선,3157,0326,압구정,336,N,09:42:00,09:42:30,,3130K,상행,2025-05-01T05:00:00,,평일
3호선,1958,대화,309,,20250619,3호선,0342,오금,352,N,3호선,3157,0325,옥수,335,N,09:44:30,09:45:00,,3130K,상행,2025-05-01T05:00:00,,평일
3호선,1958,대화,309,,20250619,3호선,0342,오금,352,N,3호선,3157,0324,금호,334,N,09:46:00,09:46:30,,3130K,상행,2025-05-01T05:00:00,,평일
3호선,1958,대화,309,,20250619,3호선,0342,오금,352,N,3호선,3157,0323,약수,333,N,09:47:30,09:48:00,,3130K,상행,2025-05-01T05:00:00,,평일
3호선,1958,대화,309,,20250619,3호선,0342,오금,352,N,3호선,3157,0322,동대입구,332,N,09:49:00,09:49:30,,3130K,상행,2025-05-01T05:00:00,,평일
3호선,1958,대화,309,,20250619,3호선,0342,오금,352,N,3호선,3157,0321,충무로,331,N,09:51:00,09:51:30,,3130K,상행,2025-05-01T05:00:00,,평일
3호선,1958,대화,309,,20250619,3호선,0342,오금,352,N,3호선,3157,0320,을지로3가,330,N,09:52:30,09:53:00,,3130K,상행,2025-05-01T05:00:00,,평일
3호선,1958,대화,309,,20250619,3호선,0342,오금,352,N,3호선,3157,0319,종로3가,329,N,09:54:00,09:54:30,,3130K,상행,2025-05-01T05:00:00,,평일
3호선,1958,대화,309,,20250619,3호선,0342,오금,352,N,3호선,3157,0318,안국,328,N,09:56:00,09:56:30,,3130K,상행,2025-05-01T05:00:00,,평일
3호선,1958,대화,309,,20250619,3호선,0342,오금,352,N,3호선,3157,0317,경복궁,327,N,09:58:00,09:58:30,,3130K,상행,2025-05-01T05:00:00,,평일
3호선,1958,대화,309,,20250619,3호선,0342,오금,352,N,3호선,3157,0316,독립문,326,N,10:00:30,10:01:00,,3130K,상행,2025-05-01T05:00:00,,평일
3호선,1958,대화,309,,20250619,3호선,0342,오금,352,N,3호선,3157,0315,무악재,325,N,10:02:30,10:03:00,,3130K,상행,2025-05-01T05:00:00,,평일
3호선,1958,대화,309,,20250619,3호선,0342,오금,352,N,3호선,3157,0314,홍제,324,N,10:04:30,10:05:00,,3130K,상행,2025-05-01T05:00:00,,평일
3호선,1958,대화,309,,20250619,3호선,0342,오금,352,N,3호선,3157,0313,녹번,323,N,10:07:00,10:07:30,,3130K,상행,2025-05-01T05:00:00,,평일
3호선,1958,대화,309,,20250619,3호선,0342,오금,352,N,3호선,3157,0312,불광,322,N,10:09:00,10:09:30,,3130K,상행,2025-05-01T05:00:00,,평일
3호선,1958,대화,309,,20250619,3호선,0342,오금,352,N,3호선,3157,0311,연신내,321,N,10:11:00,10:11:30,,3130K,상행,2025-05-01T05:00:00,,평일
3호선,1958,대화,309,,20250619,3호선,0342,오금,352,N,3호선,3157,0310,구파발,320,N,10:13:30,10:14:00,,3130K,상행,2025-05-01T05:00:00,,평일
3호선,1958,대화,309,,20250619,3호선,0342,오금,352,N,3호선,3157,0309,지축,319,N,10:17:00,10:17:30,,3130K,상행,2025-05-01T05:00:00,,평일
3호선,1958,대화,309,,20250619,3호선,0342,오금,352,N,3호선,3157,1950,삼송,318,N,10:20:00,10:20:30,,3130K,상행,2025-05-01T05:00:00,,평일
3호선,1958,대화,309,,20250619,3호선,0342,오금,352,N,3호선,3157,1948,원흥,317,N,10:22:30,10:23:00,,3130K,상행,2025-05-01T05:00:00,,평일
3호선,1958,대화,309,,20250619,3호선,0342,오금,352,N,3호선,3157,1951,원당,316,N,10:25:30,10:26:00,,3130K,상행,2025-05-01T05:00:00,,평일
3호선,1958,대화,309,,20250619,3호선,0342,오금,352,N,3호선,3157,1952,화정,315,N,10:29:00,10:29:30,,3130K,상행,2025-05-01T05:00:00,,평일
3호선,1958,대화,309,,20250619,3호선,0342,오금,352,N,3호선,3157,1953,대곡,314,N,10:32:00,10:32:30,,3130K,상행,2025-05-01T05:00:00,,평일
3호선,1958,대화,309,,20250619,3호선,0342,오금,352,N,3호선,3157,1954,백석,313,N,10:35:30,10:36:00,,3130K,상행,2025-05-01T05:00:00,,평일
3호선,1958,대화,309,,20250619,3호선,0342,오금,352,N,3호선,3157,1955,마두,312,N,10:38:00,10:38:30,,3130K,상행,2025-05-01T05:00:00,,평일
3호선,1958,대화,309,,20250619,3호선,0342,오금,352,N,3호선,3157,1956,정발산,311,N,10:40:00,10:40:30,,3130K,상행,2025-05-01T05:00:00,,평일
3호선,1958,대화,309,,20250619,3호선,0342,오금,352,N,3호선,3157,1957,주엽,310,N,10:42:30,10:43:00,,3130K,상행,2025-05-01T05:00:00,,평일
3호선,1958,대화,309,,20250619,3호선,0342,오금,352,N,3호선,3157,1958,대화,309,N,10:45:00,,,3130K,상행,2025-05-01T05:00:00,,평일
3호선,1958,대화,309,,20250619,3호선,0342,오금,352,N,3호선,3161,0342,오금,352,N,,09:14:00,,3132,상행,2025-05-01T05:00:00,,평일
3호선,1958,대화,309,,20250619,3호선,0342,오금,352,N,3호선,3161,0341,경찰병원,351,N,09:15:00,09:15:30,,3132,상행,2025-05-01T05:00:00,,평일
3호선,1958,대화,309,,20250619,3호선,0342,오금,352,N,3호선,3161,0340,가락시장,350,N,09:16:30,09:17:00,,3132,상행,2025-05-01T05:00:00,,평일
3호선,1958,대화,309,,20250619,3호선,0342,오금,352,N,3호선,3161,0339,수서,349,N,09:19:00,09:19:30,,3132,상행,2025-05-01T05:00:00,,평일
3호선,1958,대화,309,,20250619,3호선,0342,오금,352,N,3호선,3161,0338,일원,348,N,09:21:30,09:22:00,,3132,상행,2025-05-01T05:00:00,,평일
3호선,1958,대화,309,,20250619,3호선,0342,오금,352,N,3호선,3161,0337,대청,347,N,09:23:30,09:24:00,,3132,상행,2025-05-01T05:00:00,,평일
3호선,1958,대화,309,,20250619,3호선,0342,오금,352,N,3호선,3161,0336,학여울,346,N,09:25:30,09:26:00,,3132,상행,2025-05-01T05:00:00,,평일
3호선,1958,대화,309,,20250619,3호선,0342,오금,352,N,3호선,3161,0335,대치,345,N,09:27:00,09:27:30,,3132,상행,2025-05-01T05:00:00,,평일
3호선,1958,대화,309,,20250619,3호선,0342,오금,352,N,3호선,3161,0334,도곡,344,N,09:28:30,09:29:00,,3132,상행,2025-05-01T05:00:00,,평일
3호선,1958,대화,309,,20250619,3호선,0342,오금,352,N,3호선,3161,0333,매봉,343,N,09:30:30,09:31:00,,3132,상행,2025-05-01T05:00:00,,평일
3호선,1958,대화,309,,20250619,3호선,0342,오금,352,N,3호선,3161,0332,양재,342,N,09:33:00,09:33:30,,3132,상행,2025-05-01T05:00:00,,평일
3호선,1958,대화,309,,20250619,3호선,0342,오금,352,N,3호선,3161,0331,남부터미널,341,N,09:35:30,09:36:00,,3132,상행,2025-05-01T05:00:00,,평일
3호선,1958,대화,309,,20250619,3호선,0342,오금,352,N,3호선,3161,0330,교대,340,N,09:37:30,09:38:00,,3132,상행,2025-05-01T05:00:00,,평일
3호선,1958,대화,309,,20250619,3호선,0342,오금,352,N,3호선,3161,0329,고속터미널,339,N,09:40:00,09:40:30,,3132,상행,2025-05-01T05:00:00,,평일
3호선,1958,대화,309,,20250619,3호선,0342,오금,352,N,3호선,3161,0328,잠원,338,N,09:42:00,09:42:30,,3132,상행,2025-05-01T05:00:00,,평일
3호선,1958,대화,309,,20250619,3호선,0342,오금,352,N,3호선,3161,0327,신사,337,N,09:44:00,09:44:30,,3132,상행,2025-05-01T05:00:00,,평일
3호선,1958,대화,309,,20250619,3호선,0342,오금,352,N,3호선,3161,0326,압구정,336,N,09:46:30,09:47:00,,3132,상행,2025-05-01T05:00:00,,평일
3호선,1958,대화,309,,20250619,3호선,0342,오금,352,N,3호선,3161,0325,옥수,335,N,09:49:00,09:49:30,,3132,상행,2025-05-01T05:00:00,,평일
3호선,1958,대화,309,,20250619,3호선,0342,오금,352,N,3호선,3161,0324,금호,334,N,09:50:30,09:51:00,,3132,상행,2025-05-01T05:00:00,,평일
3호선,1958,대화,309,,20250619,3호선,0342,오금,352,N,3호선,3161,0323,약수,333,N,09:52:00,09:52:30,,3132,상행,2025-05-01T05:00:00,,평일
3호선,1958,대화,309,,20250619,3호선,0342,오금,352,N,3호선,3161,0322,동대입구,332,N,09:53:30,09:54:00,,3132,상행,2025-05-01T05:00:00,,평일
3호선,1958,대화,309,,20250619,3호선,0342,오금,352,N,3호선,3161,0321,충무로,331,N,09:55:30,09:56:00,,3132,상행,2025-05-01T05:00:00,,평일
3호선,1958,대화,309,,20250619,3호선,0342,오금,352,N,3호선,3161,0320,을지로3가,330,N,09:57:00,09:57:30,,3132,상행,2025-05-01T05:00:00,,평일
3호선,1958,대화,309,,20250619,3호선,0342,오금,352,N,3호선,3161,0319,종로3가,329,N,09:58:30,09:59:00,,3132,상행,2025-05-01T05:00:00,,평일
3호선,1958,대화,309,,20250619,3호선,0342,오금,352,N,3호선,3161,0318,안국,328,N,10:00:30,10:01:00,,3132,상행,2025-05-01T05:00:00,,평일
3호선,1958,대화,309,,20250619,3호선,0342,오금,352,N,3호선,3161,0317,경복궁,327,N,10:02:30,10:03:00,,3132,상행,2025-05-01T05:00:00,,평일
3호선,1958,대화,309,,20250619,3호선,0342,오금,352,N,3호선,3161,0316,독립문,326,N,10:05:00,10:05:30,,3132,상행,2025-05-01T05:00:00,,평일
3호선,1958,대화,309,,20250619,3호선,0342,오금,352,N,3호선,3161,0315,무악재,325,N,10:07:00,10:07:30,,3132,상행,2025-05-01T05:00:00,,평일
3호선,1958,대화,309,,20250619,3호선,0342,오금,352,N,3호선,3161,0314,홍제,324,N,10:09:00,10:09:30,,3132,상행,2025-05-01T05:00:00,,평일
3호선,1958,대화,309,,20250619,3호선,0342,오금,352,N,3호선,3161,0313,녹번,323,N,10:11:30,10:12:00,,3132,상행,2025-05-01T05:00:00,,평일
3호선,1958,대화,309,,20250619,3호선,0342,오금,352,N,3호선,3161,0312,불광,322,N,10:13:30,10:14:00,,3132,상행,2025-05-01T05:00:00,,평일
3호선,1958,대화,309,,20250619,3호선,0342,오금,352,N,3호선,3161,0311,연신내,321,N,10:15:30,10:16:00,,3132,상행,2025-05-01T05:00:00,,평일
3호선,1958,대화,309,,20250619,3호선,0342,오금,352,N,3호선,3161,0310,구파발,320,N,10:18:00,10:18:30,,3132,상행,2025-05-01T05:00:00,,평일
3호선,1958,대화,309,,20250619,3호선,0342,오금,352,N,3호선,3161,0309,지축,319,N,10:21:30,10:22:00,,3132,상행,2025-05-01T05:00:00,,평일
3호선,1958,대화,309,,20250619,3호선,0342,오금,352,N,3호선,3161,1950,삼송,318,N,10:24:30,10:25:00,,3132,상행,2025-05-01T05:00:00,,평일
3호선,1958,대화,309,,20250619,3호선,0342,오금,352,N,3호선,3161,1948,원흥,317,N,10:27:00,10:27:30,,3132,상행,2025-05-01T05:00:00,,평일
3호선,1958,대화,309,,20250619,3호선,0342,오금,352,N,3호선,3161,1951,원당,316,N,10:30:00,10:30:30,,3132,상행,2025-05-01T05:00:00,,평일
3호선,1958,대화,309,,20250619,3호선,0342,오금,352,N,3호선,3161,1952,화정,315,N,10:33:30,10:34:00,,3132,상행,2025-05-01T05:00:00,,평일
3호선,1958,대화,309,,20250619,3호선,0342,오금,352,N,3호선,3161,1953,대곡,314,N,10:36:30,10:37:00,,3132,상행,2025-05-01T05:00:00,,평일
3호선,1958,대화,309,,20250619,3호선,0342,오금,352,N,3호선,3161,1954,백석,313,N,10:40:00,10:40:30,,3132,상행,2025-05-01T05:00:00,,평일
3호선,1958,대화,309,,20250619,3호선,0342,오금,352,N,3호선,3161,1955,마두,312,N,10:42:30,10:43:00,,3132,상행,2025-05-01T05:00:00,,평일
3호선,1958,대화,309,,20250619,3호선,0342,오금,352,N,3호선,3161,1956,정발산,311,N,10:44:30,10:45:00,,3132,상행,2025-05-01T05:00:00,,평일
3호선,1958,대화,309,,20250619,3호선,0342,오금,352,N,3호선,3161,1957,주엽,310,N,10:47:00,10:47:30,,3132,상행,2025-05-01T05:00:00,,평일
3호선,1958,대화,309,,20250619,3호선,0342,오금,352,N,3호선,3161,1958,대화,309,N,10:49:30,,,3132,상행,2025-05-01T05:00:00,,평일
3호선,0310,구파발,320,,20250619,3호선,0342,오금,352,N,3호선,입고,0342,오금,352,N,,09:17:30,,3134,상행,2025-05-01T05:00:00,,평일
3호선,0310,구파발,320,,20250619,3호선,0342,오금,352,N,3호선,입고,0341,경찰병원,351,N,09:18:30,09:19:00,,3134,상행,2025-05-01T05:00:00,,평일
3호선,0310,구파발,320,,20250619,3호선,0342,오금,352,N,3호선,입고,0340,가락시장,350,N,09:20:00,09:20:30,,3134,상행,2025-05-01T05:00:00,,평일
3호선,0310,구파발,320,,20250619,3호선,0342,오금,352,N,3호선,입고,0339,수서,349,N,09:22:30,09:23:00,,3134,상행,2025-05-01T05:00:00,,평일
3호선,0310,구파발,320,,20250619,3호선,0342,오금,352,N,3호선,입고,0338,일원,348,N,09:25:00,09:25:30,,3134,상행,2025-05-01T05:00:00,,평일
3호선,0310,구파발,320,,20250619,3호선,0342,오금,352,N,3호선,입고,0337,대청,347,N,09:27:00,09:27:30,,3134,상행,2025-05-01T05:00:00,,평일
3호선,0310,구파발,320,,20250619,3호선,0342,오금,352,N,3호선,입고,0336,학여울,346,N,09:29:00,09:29:30,,3134,상행,2025-05-01T05:00:00,,평일
3호선,0310,구파발,320,,20250619,3호선,0342,오금,352,N,3호선,입고,0335,대치,345,N,09:30:30,09:31:00,,3134,상행,2025-05-01T05:00:00,,평일
3호선,0310,구파발,320,,20250619,3호선,0342,오금,352,N,3호선,입고,0334,도곡,344,N,09:32:00,09:32:30,,3134,상행,2025-05-01T05:00:00,,평일
3호선,0310,구파발,320,,20250619,3호선,0342,오금,352,N,3호선,입고,0333,매봉,343,N,09:34:00,09:34:30,,3134,상행,2025-05-01T05:00:00,,평일
3호선,0310,구파발,320,,20250619,3호선,0342,오금,352,N,3호선,입고,0332,양재,342,N,09:36:30,09:37:00,,3134,상행,2025-05-01T05:00:00,,평일
3호선,0310,구파발,320,,20250619,3호선,0342,오금,352,N,3호선,입고,0331,남부터미널,341,N,09:39:00,09:39:30,,3134,상행,2025-05-01T05:00:00,,평일
3호선,0310,구파발,320,,20250619,3호선,0342,오금,352,N,3호선,입고,0330,교대,340,N,09:41:00,09:41:30,,3134,상행,2025-05-01T05:00:00,,평일
3호선,0310,구파발,320,,20250619,3호선,0342,오금,352,N,3호선,입고,0329,고속터미널,339,N,09:43:30,09:44:00,,3134,상행,2025-05-01T05:00:00,,평일
3호선,0310,구파발,320,,20250619,3호선,0342,오금,352,N,3호선,입고,0328,잠원,338,N,09:45:30,09:46:00,,3134,상행,2025-05-01T05:00:00,,평일
3호선,0310,구파발,320,,20250619,3호선,0342,오금,352,N,3호선,입고,0327,신사,337,N,09:47:30,09:48:00,,3134,상행,2025-05-01T05:00:00,,평일
3호선,0310,구파발,320,,20250619,3호선,0342,오금,352,N,3호선,입고,0326,압구정,336,N,09:50:00,09:50:30,,3134,상행,2025-05-01T05:00:00,,평일
3호선,0310,구파발,320,,20250619,3호선,0342,오금,352,N,3호선,입고,0325,옥수,335,N,09:52:30,09:53:00,,3134,상행,2025-05-01T05:00:00,,평일
3호선,0310,구파발,320,,20250619,3호선,0342,오금,352,N,3호선,입고,0324,금호,334,N,09:54:00,09:54:30,,3134,상행,2025-05-01T05:00:00,,평일
3호선,0310,구파발,320,,20250619,3호선,0342,오금,352,N,3호선,입고,0323,약수,333,N,09:55:30,09:56:00,,3134,상행,2025-05-01T05:00:00,,평일
3호선,0310,구파발,320,,20250619,3호선,0342,오금,352,N,3호선,입고,0322,동대입구,332,N,09:57:00,09:57:30,,3134,상행,2025-05-01T05:00:00,,평일
3호선,0310,구파발,320,,20250619,3호선,0342,오금,352,N,3호선,입고,0321,충무로,331,N,09:59:00,09:59:30,,3134,상행,2025-05-01T05:00:00,,평일
3호선,0310,구파발,320,,20250619,3호선,0342,오금,352,N,3호선,입고,0320,을지로3가,330,N,10:00:30,10:01:00,,3134,상행,2025-05-01T05:00:00,,평일
3호선,0310,구파발,320,,20250619,3호선,0342,오금,352,N,3호선,입고,0319,종로3가,329,N,10:02:00,10:02:30,,3134,상행,2025-05-01T05:00:00,,평일
3호선,0310,구파발,320,,20250619,3호선,0342,오금,352,N,3호선,입고,0318,안국,328,N,10:04:00,10:04:30,,3134,상행,2025-05-01T05:00:00,,평일
3호선,0310,구파발,320,,20250619,3호선,0342,오금,352,N,3호선,입고,0317,경복궁,327,N,10:06:00,10:06:30,,3134,상행,2025-05-01T05:00:00,,평일
3호선,0310,구파발,320,,20250619,3호선,0342,오금,352,N,3호선,입고,0316,독립문,326,N,10:08:30,10:09:00,,3134,상행,2025-05-01T05:00:00,,평일
3호선,0310,구파발,320,,20250619,3호선,0342,오금,352,N,3호선,입고,0315,무악재,325,N,10:10:30,10:11:00,,3134,상행,2025-05-01T05:00:00,,평일
3호선,0310,구파발,320,,20250619,3호선,0342,오금,352,N,3호선,입고,0314,홍제,324,N,10:12:30,10:13:00,,3134,상행,2025-05-01T05:00:00,,평일
3호선,0310,구파발,320,,20250619,3호선,0342,오금,352,N,3호선,입고,0313,녹번,323,N,10:15:00,10:15:30,,3134,상행,2025-05-01T05:00:00,,평일
3호선,0310,구파발,320,,20250619,3호선,0342,오금,352,N,3호선,입고,0312,불광,322,N,10:17:00,10:17:30,,3134,상행,2025-05-01T05:00:00,,평일
3호선,0310,구파발,320,,20250619,3호선,0342,오금,352,N,3호선,입고,0311,연신내,321,N,10:19:00,10:19:30,,3134,상행,2025-05-01T05:00:00,,평일
3호선,0310,구파발,320,,20250619,3호선,0342,오금,352,N,3호선,입고,0310,구파발,320,N,10:21:30,,,3134,상행,2025-05-01T05:00:00,,평일
3호선,1958,대화,309,,20250619,3호선,0342,오금,352,N,3호선,3163,0342,오금,352,N,,09:21:00,,3136,상행,2025-05-01T05:00:00,,평일
3호선,1958,대화,309,,20250619,3호선,0342,오금,352,N,3호선,3163,0341,경찰병원,351,N,09:22:00,09:22:30,,3136,상행,2025-05-01T05:00:00,,평일
3호선,1958,대화,309,,20250619,3호선,0342,오금,352,N,3호선,3163,0340,가락시장,350,N,09:23:30,09:24:00,,3136,상행,2025-05-01T05:00:00,,평일
3호선,1958,대화,309,,20250619,3호선,0342,오금,352,N,3호선,3163,0339,수서,349,N,09:26:00,09:26:30,,3136,상행,2025-05-01T05:00:00,,평일
3호선,1958,대화,309,,20250619,3호선,0342,오금,352,N,3호선,3163,0338,일원,348,N,09:28:30,09:29:00,,3136,상행,2025-05-01T05:00:00,,평일
3호선,1958,대화,309,,20250619,3호선,0342,오금,352,N,3호선,3163,0337,대청,347,N,09:30:30,09:31:00,,3136,상행,2025-05-01T05:00:00,,평일
3호선,1958,대화,309,,20250619,3호선,0342,오금,352,N,3호선,3163,0336,학여울,346,N,09:32:30,09:33:00,,3136,상행,2025-05-01T05:00:00,,평일
3호선,1958,대화,309,,20250619,3호선,0342,오금,352,N,3호선,3163,0335,대치,345,N,09:34:00,09:34:30,,3136,상행,2025-05-01T05:00:00,,평일
3호선,1958,대화,309,,20250619,3호선,0342,오금,352,N,3호선,3163,0334,도곡,344,N,09:35:30,09:36:00,,3136,상행,2025-05-01T05:00:00,,평일
3호선,1958,대화,309,,20250619,3호선,0342,오금,352,N,3호선,3163,0333,매봉,343,N,09:37:30,09:38:00,,3136,상행,2025-05-01T05:00:00,,평일
3호선,1958,대화,309,,20250619,3호선,0342,오금,352,N,3호선,3163,0332,양재,342,N,09:40:00,09:40:30,,3136,상행,2025-05-01T05:00:00,,평일
3호선,1958,대화,309,,20250619,3호선,0342,오금,352,N,3호선,3163,0331,남부터미널,341,N,09:42:30,09:43:00,,3136,상행,2025-05-01T05:00:00,,평일
3호선,1958,대화,309,,20250619,3호선,0342,오금,352,N,3호선,3163,0330,교대,340,N,09:44:30,09:45:00,,3136,상행,2025-05-01T05:00:00,,평일
3호선,1958,대화,309,,20250619,3호선,0342,오금,352,N,3호선,3163,0329,고속터미널,339,N,09:47:00,09:47:30,,3136,상행,2025-05-01T05:00:00,,평일
3호선,1958,대화,309,,20250619,3호선,0342,오금,352,N,3호선,3163,0328,잠원,338,N,09:49:00,09:49:30,,3136,상행,2025-05-01T05:00:00,,평일
3호선,1958,대화,309,,20250619,3호선,0342,오금,352,N,3호선,3163,0327,신사,337,N,09:51:00,09:51:30,,3136,상행,2025-05-01T05:00:00,,평일
3호선,1958,대화,309,,20250619,3호선,0342,오금,352,N,3호선,3163,0326,압구정,336,N,09:53:30,09:54:00,,3136,상행,2025-05-01T05:00:00,,평일
3호선,1958,대화,309,,20250619,3호선,0342,오금,352,N,3호선,3163,0325,옥수,335,N,09:56:00,09:56:30,,3136,상행,2025-05-01T05:00:00,,평일
3호선,1958,대화,309,,20250619,3호선,0342,오금,352,N,3호선,3163,0324,금호,334,N,09:57:30,09:58:00,,3136,상행,2025-05-01T05:00:00,,평일
3호선,1958,대화,309,,20250619,3호선,0342,오금,352,N,3호선,3163,0323,약수,333,N,09:59:00,09:59:30,,3136,상행,2025-05-01T05:00:00,,평일
3호선,1958,대화,309,,20250619,3호선,0342,오금,352,N,3호선,3163,0322,동대입구,332,N,10:00:30,10:01:00,,3136,상행,2025-05-01T05:00:00,,평일
3호선,1958,대화,309,,20250619,3호선,0342,오금,352,N,3호선,3163,0321,충무로,331,N,10:02:30,10:03:00,,3136,상행,2025-05-01T05:00:00,,평일
3호선,1958,대화,309,,20250619,3호선,0342,오금,352,N,3호선,3163,0320,을지로3가,330,N,10:04:00,10:04:30,,3136,상행,2025-05-01T05:00:00,,평일
3호선,1958,대화,309,,20250619,3호선,0342,오금,352,N,3호선,3163,0319,종로3가,329,N,10:05:30,10:06:00,,3136,상행,2025-05-01T05:00:00,,평일
3호선,1958,대화,309,,20250619,3호선,0342,오금,352,N,3호선,3163,0318,안국,328,N,10:07:30,10:08:00,,3136,상행,2025-05-01T05:00:00,,평일
3호선,1958,대화,309,,20250619,3호선,0342,오금,352,N,3호선,3163,0317,경복궁,327,N,10:09:30,10:10:00,,3136,상행,2025-05-01T05:00:00,,평일
3호선,1958,대화,309,,20250619,3호선,0342,오금,352,N,3호선,3163,0316,독립문,326,N,10:12:00,10:12:30,,3136,상행,2025-05-01T05:00:00,,평일
3호선,1958,대화,309,,20250619,3호선,0342,오금,352,N,3호선,3163,0315,무악재,325,N,10:14:00,10:14:30,,3136,상행,2025-05-01T05:00:00,,평일
3호선,1958,대화,309,,20250619,3호선,0342,오금,352,N,3호선,3163,0314,홍제,324,N,10:16:00,10:16:30,,3136,상행,2025-05-01T05:00:00,,평일
3호선,1958,대화,309,,20250619,3호선,0342,오금,352,N,3호선,3163,0313,녹번,323,N,10:18:30,10:19:00,,3136,상행,2025-05-01T05:00:00,,평일
3호선,1958,대화,309,,20250619,3호선,0342,오금,352,N,3호선,3163,0312,불광,322,N,10:20:30,10:21:00,,3136,상행,2025-05-01T05:00:00,,평일
3호선,1958,대화,309,,20250619,3호선,0342,오금,352,N,3호선,3163,0311,연신내,321,N,10:22:30,10:23:00,,3136,상행,2025-05-01T05:00:00,,평일
3호선,1958,대화,309,,20250619,3호선,0342,오금,352,N,3호선,3163,0310,구파발,320,N,10:25:00,10:25:30,,3136,상행,2025-05-01T05:00:00,,평일
3호선,1958,대화,309,,20250619,3호선,0342,오금,352,N,3호선,3163,0309,지축,319,N,10:28:30,10:29:00,,3136,상행,2025-05-01T05:00:00,,평일
3호선,1958,대화,309,,20250619,3호선,0342,오금,352,N,3호선,3163,1950,삼송,318,N,10:31:30,10:32:00,,3136,상행,2025-05-01T05:00:00,,평일
3호선,1958,대화,309,,20250619,3호선,0342,오금,352,N,3호선,3163,1948,원흥,317,N,10:34:00,10:34:30,,3136,상행,2025-05-01T05:00:00,,평일
3호선,1958,대화,309,,20250619,3호선,0342,오금,352,N,3호선,3163,1951,원당,316,N,10:37:00,10:37:30,,3136,상행,2025-05-01T05:00:00,,평일
3호선,1958,대화,309,,20250619,3호선,0342,오금,352,N,3호선,3163,1952,화정,315,N,10:40:30,10:41:00,,3136,상행,2025-05-01T05:00:00,,평일
3호선,1958,대화,309,,20250619,3호선,0342,오금,352,N,3호선,3163,1953,대곡,314,N,10:43:30,10:44:00,,3136,상행,2025-05-01T05:00:00,,평일
3호선,1958,대화,309,,20250619,3호선,0342,오금,352,N,3호선,3163,1954,백석,313,N,10:47:00,10:47:30,,3136,상행,2025-05-01T05:00:00,,평일
3호선,1958,대화,309,,20250619,3호선,0342,오금,352,N,3호선,3163,1955,마두,312,N,10:49:30,10:50:00,,3136,상행,2025-05-01T05:00:00,,평일
3호선,1958,대화,309,,20250619,3호선,0342,오금,352,N,3호선,3163,1956,정발산,311,N,10:51:30,10:52:00,,3136,상행,2025-05-01T05:00:00,,평일
3호선,1958,대화,309,,20250619,3호선,0342,오금,352,N,3호선,3163,1957,주엽,310,N,10:54:00,10:54:30,,3136,상행,2025-05-01T05:00:00,,평일
3호선,1958,대화,309,,20250619,3호선,0342,오금,352,N,3호선,3163,1958,대화,309,N,10:56:30,,,3136,상행,2025-05-01T05:00:00,,평일
3호선,1958,대화,309,,20250619,3호선,0342,오금,352,N,3호선,3165,0342,오금,352,N,,09:28:00,,3140,상행,2025-05-01T05:00:00,,평일
3호선,1958,대화,309,,20250619,3호선,0342,오금,352,N,3호선,3165,0341,경찰병원,351,N,09:29:00,09:29:30,,3140,상행,2025-05-01T05:00:00,,평일
3호선,1958,대화,309,,20250619,3호선,0342,오금,352,N,3호선,3165,0340,가락시장,350,N,09:30:30,09:31:00,,3140,상행,2025-05-01T05:00:00,,평일
3호선,1958,대화,309,,20250619,3호선,0342,오금,352,N,3호선,3165,0339,수서,349,N,09:33:00,09:33:30,,3140,상행,2025-05-01T05:00:00,,평일
3호선,1958,대화,309,,20250619,3호선,0342,오금,352,N,3호선,3165,0338,일원,348,N,09:35:30,09:36:00,,3140,상행,2025-05-01T05:00:00,,평일
3호선,1958,대화,309,,20250619,3호선,0342,오금,352,N,3호선,3165,0337,대청,347,N,09:37:30,09:38:00,,3140,상행,2025-05-01T05:00:00,,평일
3호선,1958,대화,309,,20250619,3호선,0342,오금,352,N,3호선,3165,0336,학여울,346,N,09:39:30,09:40:00,,3140,상행,2025-05-01T05:00:00,,평일
3호선,1958,대화,309,,20250619,3호선,0342,오금,352,N,3호선,3165,0335,대치,345,N,09:41:00,09:41:30,,3140,상행,2025-05-01T05:00:00,,평일
3호선,1958,대화,309,,20250619,3호선,0342,오금,352,N,3호선,3165,0334,도곡,344,N,09:42:30,09:43:00,,3140,상행,2025-05-01T05:00:00,,평일
3호선,1958,대화,309,,20250619,3호선,0342,오금,352,N,3호선,3165,0333,매봉,343,N,09:44:30,09:45:00,,3140,상행,2025-05-01T05:00:00,,평일
3호선,1958,대화,309,,20250619,3호선,0342,오금,352,N,3호선,3165,0332,양재,342,N,09:47:00,09:47:30,,3140,상행,2025-05-01T05:00:00,,평일
3호선,1958,대화,309,,20250619,3호선,0342,오금,352,N,3호선,3165,0331,남부터미널,341,N,09:49:30,09:50:00,,3140,상행,2025-05-01T05:00:00,,평일
3호선,1958,대화,309,,20250619,3호선,0342,오금,352,N,3호선,3165,0330,교대,340,N,09:51:30,09:52:00,,3140,상행,2025-05-01T05:00:00,,평일
3호선,1958,대화,309,,20250619,3호선,0342,오금,352,N,3호선,3165,0329,고속터미널,339,N,09:54:00,09:54:30,,3140,상행,2025-05-01T05:00:00,,평일
3호선,1958,대화,309,,20250619,3호선,0342,오금,352,N,3호선,3165,0328,잠원,338,N,09:56:00,09:56:30,,3140,상행,2025-05-01T05:00:00,,평일
3호선,1958,대화,309,,20250619,3호선,0342,오금,352,N,3호선,3165,0327,신사,337,N,09:58:00,09:58:30,,3140,상행,2025-05-01T05:00:00,,평일
3호선,1958,대화,309,,20250619,3호선,0342,오금,352,N,3호선,3165,0326,압구정,336,N,10:00:30,10:01:00,,3140,상행,2025-05-01T05:00:00,,평일
3호선,1958,대화,309,,20250619,3호선,0342,오금,352,N,3호선,3165,0325,옥수,335,N,10:03:00,10:03:30,,3140,상행,2025-05-01T05:00:00,,평일
3호선,1958,대화,309,,20250619,3호선,0342,오금,352,N,3호선,3165,0324,금호,334,N,10:04:30,10:05:00,,3140,상행,2025-05-01T05:00:00,,평일
3호선,1958,대화,309,,20250619,3호선,0342,오금,352,N,3호선,3165,0323,약수,333,N,10:06:00,10:06:30,,3140,상행,2025-05-01T05:00:00,,평일
3호선,1958,대화,309,,20250619,3호선,0342,오금,352,N,3호선,3165,0322,동대입구,332,N,10:07:30,10:08:00,,3140,상행,2025-05-01T05:00:00,,평일
3호선,1958,대화,309,,20250619,3호선,0342,오금,352,N,3호선,3165,0321,충무로,331,N,10:09:30,10:10:00,,3140,상행,2025-05-01T05:00:00,,평일
3호선,1958,대화,309,,20250619,3호선,0342,오금,352,N,3호선,3165,0320,을지로3가,330,N,10:11:00,10:11:30,,3140,상행,2025-05-01T05:00:00,,평일
3호선,1958,대화,309,,20250619,3호선,0342,오금,352,N,3호선,3165,0319,종로3가,329,N,10:12:30,10:13:00,,3140,상행,2025-05-01T05:00:00,,평일
3호선,1958,대화,309,,20250619,3호선,0342,오금,352,N,3호선,3165,0318,안국,328,N,10:14:30,10:15:00,,3140,상행,2025-05-01T05:00:00,,평일
3호선,1958,대화,309,,20250619,3호선,0342,오금,352,N,3호선,3165,0317,경복궁,327,N,10:16:30,10:17:00,,3140,상행,2025-05-01T05:00:00,,평일
3호선,1958,대화,309,,20250619,3호선,0342,오금,352,N,3호선,3165,0316,독립문,326,N,10:19:00,10:19:30,,3140,상행,2025-05-01T05:00:00,,평일
3호선,1958,대화,309,,20250619,3호선,0342,오금,352,N,3호선,3165,0315,무악재,325,N,10:21:00,10:21:30,,3140,상행,2025-05-01T05:00:00,,평일
3호선,1958,대화,309,,20250619,3호선,0342,오금,352,N,3호선,3165,0314,홍제,324,N,10:23:00,10:23:30,,3140,상행,2025-05-01T05:00:00,,평일
3호선,1958,대화,309,,20250619,3호선,0342,오금,352,N,3호선,3165,0313,녹번,323,N,10:25:30,10:26:00,,3140,상행,2025-05-01T05:00:00,,평일
3호선,1958,대화,309,,20250619,3호선,0342,오금,352,N,3호선,3165,0312,불광,322,N,10:27:30,10:28:00,,3140,상행,2025-05-01T05:00:00,,평일
3호선,1958,대화,309,,20250619,3호선,0342,오금,352,N,3호선,3165,0311,연신내,321,N,10:29:30,10:30:00,,3140,상행,2025-05-01T05:00:00,,평일
3호선,1958,대화,309,,20250619,3호선,0342,오금,352,N,3호선,3165,0310,구파발,320,N,10:32:00,10:32:30,,3140,상행,2025-05-01T05:00:00,,평일
3호선,1958,대화,309,,20250619,3호선,0342,오금,352,N,3호선,3165,0309,지축,319,N,10:35:30,10:36:00,,3140,상행,2025-05-01T05:00:00,,평일
3호선,1958,대화,309,,20250619,3호선,0342,오금,352,N,3호선,3165,1950,삼송,318,N,10:38:30,10:39:00,,3140,상행,2025-05-01T05:00:00,,평일
3호선,1958,대화,309,,20250619,3호선,0342,오금,352,N,3호선,3165,1948,원흥,317,N,10:41:00,10:41:30,,3140,상행,2025-05-01T05:00:00,,평일
3호선,1958,대화,309,,20250619,3호선,0342,오금,352,N,3호선,3165,1951,원당,316,N,10:44:00,10:44:30,,3140,상행,2025-05-01T05:00:00,,평일
3호선,1958,대화,309,,20250619,3호선,0342,오금,352,N,3호선,3165,1952,화정,315,N,10:47:30,10:48:00,,3140,상행,2025-05-01T05:00:00,,평일
3호선,1958,대화,309,,20250619,3호선,0342,오금,352,N,3호선,3165,1953,대곡,314,N,10:50:30,10:51:00,,3140,상행,2025-05-01T05:00:00,,평일
3호선,1958,대화,309,,20250619,3호선,0342,오금,352,N,3호선,3165,1954,백석,313,N,10:54:00,10:54:30,,3140,상행,2025-05-01T05:00:00,,평일
3호선,1958,대화,309,,20250619,3호선,0342,오금,352,N,3호선,3165,1955,마두,312,N,10:56:30,10:57:00,,3140,상행,2025-05-01T05:00:00,,평일
3호선,1958,대화,309,,20250619,3호선,0342,오금,352,N,3호선,3165,1956,정발산,311,N,10:58:30,10:59:00,,3140,상행,2025-05-01T05:00:00,,평일
3호선,1958,대화,309,,20250619,3호선,0342,오금,352,N,3호선,3165,1957,주엽,310,N,11:01:00,11:01:30,,3140,상행,2025-05-01T05:00:00,,평일
3호선,1958,대화,309,,20250619,3호선,0342,오금,352,N,3호선,3165,1958,대화,309,N,11:03:30,,,3140,상행,2025-05-01T05:00:00,,평일
3호선,0310,구파발,320,,20250619,3호선,0342,오금,352,N,3호선,입고,0342,오금,352,N,,09:34:00,,3142K,상행,2025-05-01T05:00:00,,평일
3호선,0310,구파발,320,,20250619,3호선,0342,오금,352,N,3호선,입고,0341,경찰병원,351,N,09:35:00,09:35:30,,3142K,상행,2025-05-01T05:00:00,,평일
3호선,0310,구파발,320,,20250619,3호선,0342,오금,352,N,3호선,입고,0340,가락시장,350,N,09:36:30,09:37:00,,3142K,상행,2025-05-01T05:00:00,,평일
3호선,0310,구파발,320,,20250619,3호선,0342,오금,352,N,3호선,입고,0339,수서,349,N,09:39:00,09:39:30,,3142K,상행,2025-05-01T05:00:00,,평일
3호선,0310,구파발,320,,20250619,3호선,0342,오금,352,N,3호선,입고,0338,일원,348,N,09:41:30,09:42:00,,3142K,상행,2025-05-01T05:00:00,,평일
3호선,0310,구파발,320,,20250619,3호선,0342,오금,352,N,3호선,입고,0337,대청,347,N,09:43:30,09:44:00,,3142K,상행,2025-05-01T05:00:00,,평일
3호선,0310,구파발,320,,20250619,3호선,0342,오금,352,N,3호선,입고,0336,학여울,346,N,09:45:30,09:46:00,,3142K,상행,2025-05-01T05:00:00,,평일
3호선,0310,구파발,320,,20250619,3호선,0342,오금,352,N,3호선,입고,0335,대치,345,N,09:47:00,09:47:30,,3142K,상행,2025-05-01T05:00:00,,평일
3호선,0310,구파발,320,,20250619,3호선,0342,오금,352,N,3호선,입고,0334,도곡,344,N,09:48:30,09:49:00,,3142K,상행,2025-05-01T05:00:00,,평일
3호선,0310,구파발,320,,20250619,3호선,0342,오금,352,N,3호선,입고,0333,매봉,343,N,09:50:30,09:51:00,,3142K,상행,2025-05-01T05:00:00,,평일
3호선,0310,구파발,320,,20250619,3호선,0342,오금,352,N,3호선,입고,0332,양재,342,N,09:53:00,09:53:30,,3142K,상행,2025-05-01T05:00:00,,평일
3호선,0310,구파발,320,,20250619,3호선,0342,오금,352,N,3호선,입고,0331,남부터미널,341,N,09:55:30,09:56:00,,3142K,상행,2025-05-01T05:00:00,,평일
3호선,0310,구파발,320,,20250619,3호선,0342,오금,352,N,3호선,입고,0330,교대,340,N,09:57:30,09:58:00,,3142K,상행,2025-05-01T05:00:00,,평일
3호선,0310,구파발,320,,20250619,3호선,0342,오금,352,N,3호선,입고,0329,고속터미널,339,N,10:00:00,10:00:30,,3142K,상행,2025-05-01T05:00:00,,평일
3호선,0310,구파발,320,,20250619,3호선,0342,오금,352,N,3호선,입고,0328,잠원,338,N,10:02:00,10:02:30,,3142K,상행,2025-05-01T05:00:00,,평일
3호선,0310,구파발,320,,20250619,3호선,0342,오금,352,N,3호선,입고,0327,신사,337,N,10:04:00,10:04:30,,3142K,상행,2025-05-01T05:00:00,,평일
3호선,0310,구파발,320,,20250619,3호선,0342,오금,352,N,3호선,입고,0326,압구정,336,N,10:06:30,10:07:00,,3142K,상행,2025-05-01T05:00:00,,평일
3호선,0310,구파발,320,,20250619,3호선,0342,오금,352,N,3호선,입고,0325,옥수,335,N,10:09:00,10:09:30,,3142K,상행,2025-05-01T05:00:00,,평일
3호선,0310,구파발,320,,20250619,3호선,0342,오금,352,N,3호선,입고,0324,금호,334,N,10:10:30,10:11:00,,3142K,상행,2025-05-01T05:00:00,,평일
3호선,0310,구파발,320,,20250619,3호선,0342,오금,352,N,3호선,입고,0323,약수,333,N,10:12:00,10:12:30,,3142K,상행,2025-05-01T05:00:00,,평일
3호선,0310,구파발,320,,20250619,3호선,0342,오금,352,N,3호선,입고,0322,동대입구,332,N,10:13:30,10:14:00,,3142K,상행,2025-05-01T05:00:00,,평일
3호선,0310,구파발,320,,20250619,3호선,0342,오금,352,N,3호선,입고,0321,충무로,331,N,10:15:30,10:16:00,,3142K,상행,2025-05-01T05:00:00,,평일
3호선,0310,구파발,320,,20250619,3호선,0342,오금,352,N,3호선,입고,0320,을지로3가,330,N,10:17:00,10:17:30,,3142K,상행,2025-05-01T05:00:00,,평일
3호선,0310,구파발,320,,20250619,3호선,0342,오금,352,N,3호선,입고,0319,종로3가,329,N,10:18:30,10:19:00,,3142K,상행,2025-05-01T05:00:00,,평일
3호선,0310,구파발,320,,20250619,3호선,0342,오금,352,N,3호선,입고,0318,안국,328,N,10:20:30,10:21:00,,3142K,상행,2025-05-01T05:00:00,,평일
3호선,0310,구파발,320,,20250619,3호선,0342,오금,352,N,3호선,입고,0317,경복궁,327,N,10:22:30,10:23:00,,3142K,상행,2025-05-01T05:00:00,,평일
3호선,0310,구파발,320,,20250619,3호선,0342,오금,352,N,3호선,입고,0316,독립문,326,N,10:25:00,10:25:30,,3142K,상행,2025-05-01T05:00:00,,평일
3호선,0310,구파발,320,,20250619,3호선,0342,오금,352,N,3호선,입고,0315,무악재,325,N,10:27:00,10:27:30,,3142K,상행,2025-05-01T05:00:00,,평일
3호선,0310,구파발,320,,20250619,3호선,0342,오금,352,N,3호선,입고,0314,홍제,324,N,10:29:00,10:29:30,,3142K,상행,2025-05-01T05:00:00,,평일
3호선,0310,구파발,320,,20250619,3호선,0342,오금,352,N,3호선,입고,0313,녹번,323,N,10:31:30,10:32:00,,3142K,상행,2025-05-01T05:00:00,,평일
3호선,0310,구파발,320,,20250619,3호선,0342,오금,352,N,3호선,입고,0312,불광,322,N,10:33:30,10:34:00,,3142K,상행,2025-05-01T05:00:00,,평일
3호선,0310,구파발,320,,20250619,3호선,0342,오금,352,N,3호선,입고,0311,연신내,321,N,10:35:30,10:36:00,,3142K,상행,2025-05-01T05:00:00,,평일
3호선,0310,구파발,320,,20250619,3호선,0342,오금,352,N,3호선,입고,0310,구파발,320,N,10:38:00,,,3142K,상행,2025-05-01T05:00:00,,평일
3호선,1958,대화,309,,20250619,3호선,0342,오금,352,N,3호선,3169,0342,오금,352,N,,09:39:00,,3144K,상행,2025-05-01T05:00:00,,평일
3호선,1958,대화,309,,20250619,3호선,0342,오금,352,N,3호선,3169,0341,경찰병원,351,N,09:40:00,09:40:30,,3144K,상행,2025-05-01T05:00:00,,평일
3호선,1958,대화,309,,20250619,3호선,0342,오금,352,N,3호선,3169,0340,가락시장,350,N,09:41:30,09:42:00,,3144K,상행,2025-05-01T05:00:00,,평일
3호선,1958,대화,309,,20250619,3호선,0342,오금,352,N,3호선,3169,0339,수서,349,N,09:44:00,09:44:30,,3144K,상행,2025-05-01T05:00:00,,평일
3호선,1958,대화,309,,20250619,3호선,0342,오금,352,N,3호선,3169,0338,일원,348,N,09:46:30,09:47:00,,3144K,상행,2025-05-01T05:00:00,,평일
3호선,1958,대화,309,,20250619,3호선,0342,오금,352,N,3호선,3169,0337,대청,347,N,09:48:30,09:49:00,,3144K,상행,2025-05-01T05:00:00,,평일
3호선,1958,대화,309,,20250619,3호선,0342,오금,352,N,3호선,3169,0336,학여울,346,N,09:50:30,09:51:00,,3144K,상행,2025-05-01T05:00:00,,평일
3호선,1958,대화,309,,20250619,3호선,0342,오금,352,N,3호선,3169,0335,대치,345,N,09:52:00,09:52:30,,3144K,상행,2025-05-01T05:00:00,,평일
3호선,1958,대화,309,,20250619,3호선,0342,오금,352,N,3호선,3169,0334,도곡,344,N,09:53:30,09:54:00,,3144K,상행,2025-05-01T05:00:00,,평일
3호선,1958,대화,309,,20250619,3호선,0342,오금,352,N,3호선,3169,0333,매봉,343,N,09:55:30,09:56:00,,3144K,상행,2025-05-01T05:00:00,,평일
3호선,1958,대화,309,,20250619,3호선,0342,오금,352,N,3호선,3169,0332,양재,342,N,09:58:00,09:58:30,,3144K,상행,2025-05-01T05:00:00,,평일
3호선,1958,대화,309,,20250619,3호선,0342,오금,352,N,3호선,3169,0331,남부터미널,341,N,10:00:30,10:01:00,,3144K,상행,2025-05-01T05:00:00,,평일
3호선,1958,대화,309,,20250619,3호선,0342,오금,352,N,3호선,3169,0330,교대,340,N,10:02:30,10:03:00,,3144K,상행,2025-05-01T05:00:00,,평일
3호선,1958,대화,309,,20250619,3호선,0342,오금,352,N,3호선,3169,0329,고속터미널,339,N,10:05:00,10:05:30,,3144K,상행,2025-05-01T05:00:00,,평일
3호선,1958,대화,309,,20250619,3호선,0342,오금,352,N,3호선,3169,0328,잠원,338,N,10:07:00,10:07:30,,3144K,상행,2025-05-01T05:00:00,,평일
3호선,1958,대화,309,,20250619,3호선,0342,오금,352,N,3호선,3169,0327,신사,337,N,10:09:00,10:09:30,,3144K,상행,2025-05-01T05:00:00,,평일
3호선,1958,대화,309,,20250619,3호선,0342,오금,352,N,3호선,3169,0326,압구정,336,N,10:11:30,10:12:00,,3144K,상행,2025-05-01T05:00:00,,평일
3호선,1958,대화,309,,20250619,3호선,0342,오금,352,N,3호선,3169,0325,옥수,335,N,10:14:00,10:14:30,,3144K,상행,2025-05-01T05:00:00,,평일
3호선,1958,대화,309,,20250619,3호선,0342,오금,352,N,3호선,3169,0324,금호,334,N,10:15:30,10:16:00,,3144K,상행,2025-05-01T05:00:00,,평일
3호선,1958,대화,309,,20250619,3호선,0342,오금,352,N,3호선,3169,0323,약수,333,N,10:17:00,10:17:30,,3144K,상행,2025-05-01T05:00:00,,평일
3호선,1958,대화,309,,20250619,3호선,0342,오금,352,N,3호선,3169,0322,동대입구,332,N,10:18:30,10:19:00,,3144K,상행,2025-05-01T05:00:00,,평일
3호선,1958,대화,309,,20250619,3호선,0342,오금,352,N,3호선,3169,0321,충무로,331,N,10:20:30,10:21:00,,3144K,상행,2025-05-01T05:00:00,,평일
3호선,1958,대화,309,,20250619,3호선,0342,오금,352,N,3호선,3169,0320,을지로3가,330,N,10:22:00,10:22:30,,3144K,상행,2025-05-01T05:00:00,,평일
3호선,1958,대화,309,,20250619,3호선,0342,오금,352,N,3호선,3169,0319,종로3가,329,N,10:23:30,10:24:00,,3144K,상행,2025-05-01T05:00:00,,평일
3호선,1958,대화,309,,20250619,3호선,0342,오금,352,N,3호선,3169,0318,안국,328,N,10:25:30,10:26:00,,3144K,상행,2025-05-01T05:00:00,,평일
3호선,1958,대화,309,,20250619,3호선,0342,오금,352,N,3호선,3169,0317,경복궁,327,N,10:27:30,10:28:00,,3144K,상행,2025-05-01T05:00:00,,평일
3호선,1958,대화,309,,20250619,3호선,0342,오금,352,N,3호선,3169,0316,독립문,326,N,10:30:00,10:30:30,,3144K,상행,2025-05-01T05:00:00,,평일
3호선,1958,대화,309,,20250619,3호선,0342,오금,352,N,3호선,3169,0315,무악재,325,N,10:32:00,10:32:30,,3144K,상행,2025-05-01T05:00:00,,평일
3호선,1958,대화,309,,20250619,3호선,0342,오금,352,N,3호선,3169,0314,홍제,324,N,10:34:00,10:34:30,,3144K,상행,2025-05-01T05:00:00,,평일
3호선,1958,대화,309,,20250619,3호선,0342,오금,352,N,3호선,3169,0313,녹번,323,N,10:36:30,10:37:00,,3144K,상행,2025-05-01T05:00:00,,평일
3호선,1958,대화,309,,20250619,3호선,0342,오금,352,N,3호선,3169,0312,불광,322,N,10:38:30,10:39:00,,3144K,상행,2025-05-01T05:00:00,,평일
3호선,1958,대화,309,,20250619,3호선,0342,오금,352,N,3호선,3169,0311,연신내,321,N,10:40:30,10:41:00,,3144K,상행,2025-05-01T05:00:00,,평일
3호선,1958,대화,309,,20250619,3호선,0342,오금,352,N,3호선,3169,0310,구파발,320,N,10:43:00,10:43:30,,3144K,상행,2025-05-01T05:00:00,,평일
3호선,1958,대화,309,,20250619,3호선,0342,오금,352,N,3호선,3169,0309,지축,319,N,10:46:30,10:47:00,,3144K,상행,2025-05-01T05:00:00,,평일
3호선,1958,대화,309,,20250619,3호선,0342,오금,352,N,3호선,3169,1950,삼송,318,N,10:49:30,10:50:00,,3144K,상행,2025-05-01T05:00:00,,평일
3호선,1958,대화,309,,20250619,3호선,0342,오금,352,N,3호선,3169,1948,원흥,317,N,10:52:00,10:52:30,,3144K,상행,2025-05-01T05:00:00,,평일
3호선,1958,대화,309,,20250619,3호선,0342,오금,352,N,3호선,3169,1951,원당,316,N,10:55:00,10:55:30,,3144K,상행,2025-05-01T05:00:00,,평일
3호선,1958,대화,309,,20250619,3호선,0342,오금,352,N,3호선,3169,1952,화정,315,N,10:58:30,10:59:00,,3144K,상행,2025-05-01T05:00:00,,평일
3호선,1958,대화,309,,20250619,3호선,0342,오금,352,N,3호선,3169,1953,대곡,314,N,11:01:30,11:02:00,,3144K,상행,2025-05-01T05:00:00,,평일
3호선,1958,대화,309,,20250619,3호선,0342,오금,352,N,3호선,3169,1954,백석,313,N,11:05:00,11:05:30,,3144K,상행,2025-05-01T05:00:00,,평일
3호선,1958,대화,309,,20250619,3호선,0342,오금,352,N,3호선,3169,1955,마두,312,N,11:07:30,11:08:00,,3144K,상행,2025-05-01T05:00:00,,평일
3호선,1958,대화,309,,20250619,3호선,0342,오금,352,N,3호선,3169,1956,정발산,311,N,11:09:30,11:10:00,,3144K,상행,2025-05-01T05:00:00,,평일
3호선,1958,대화,309,,20250619,3호선,0342,오금,352,N,3호선,3169,1957,주엽,310,N,11:12:00,11:12:30,,3144K,상행,2025-05-01T05:00:00,,평일
3호선,1958,대화,309,,20250619,3호선,0342,오금,352,N,3호선,3169,1958,대화,309,N,11:14:30,,,3144K,상행,2025-05-01T05:00:00,,평일
3호선,0310,구파발,320,,20250619,3호선,0342,오금,352,N,3호선,입고,0342,오금,352,N,,09:43:00,,3146,상행,2025-05-01T05:00:00,,평일
3호선,0310,구파발,320,,20250619,3호선,0342,오금,352,N,3호선,입고,0341,경찰병원,351,N,09:44:00,09:44:30,,3146,상행,2025-05-01T05:00:00,,평일
3호선,0310,구파발,320,,20250619,3호선,0342,오금,352,N,3호선,입고,0340,가락시장,350,N,09:45:30,09:46:00,,3146,상행,2025-05-01T05:00:00,,평일
3호선,0310,구파발,320,,20250619,3호선,0342,오금,352,N,3호선,입고,0339,수서,349,N,09:48:00,09:48:30,,3146,상행,2025-05-01T05:00:00,,평일
3호선,0310,구파발,320,,20250619,3호선,0342,오금,352,N,3호선,입고,0338,일원,348,N,09:50:30,09:51:00,,3146,상행,2025-05-01T05:00:00,,평일
3호선,0310,구파발,320,,20250619,3호선,0342,오금,352,N,3호선,입고,0337,대청,347,N,09:52:30,09:53:00,,3146,상행,2025-05-01T05:00:00,,평일
3호선,0310,구파발,320,,20250619,3호선,0342,오금,352,N,3호선,입고,0336,학여울,346,N,09:54:30,09:55:00,,3146,상행,2025-05-01T05:00:00,,평일
3호선,0310,구파발,320,,20250619,3호선,0342,오금,352,N,3호선,입고,0335,대치,345,N,09:56:00,09:56:30,,3146,상행,2025-05-01T05:00:00,,평일
3호선,0310,구파발,320,,20250619,3호선,0342,오금,352,N,3호선,입고,0334,도곡,344,N,09:57:30,09:58:00,,3146,상행,2025-05-01T05:00:00,,평일
3호선,0310,구파발,320,,20250619,3호선,0342,오금,352,N,3호선,입고,0333,매봉,343,N,09:59:30,10:00:00,,3146,상행,2025-05-01T05:00:00,,평일
3호선,0310,구파발,320,,20250619,3호선,0342,오금,352,N,3호선,입고,0332,양재,342,N,10:02:00,10:02:30,,3146,상행,2025-05-01T05:00:00,,평일
3호선,0310,구파발,320,,20250619,3호선,0342,오금,352,N,3호선,입고,0331,남부터미널,341,N,10:04:30,10:05:00,,3146,상행,2025-05-01T05:00:00,,평일
3호선,0310,구파발,320,,20250619,3호선,0342,오금,352,N,3호선,입고,0330,교대,340,N,10:06:30,10:07:00,,3146,상행,2025-05-01T05:00:00,,평일
3호선,0310,구파발,320,,20250619,3호선,0342,오금,352,N,3호선,입고,0329,고속터미널,339,N,10:09:00,10:09:30,,3146,상행,2025-05-01T05:00:00,,평일
3호선,0310,구파발,320,,20250619,3호선,0342,오금,352,N,3호선,입고,0328,잠원,338,N,10:11:00,10:11:30,,3146,상행,2025-05-01T05:00:00,,평일
3호선,0310,구파발,320,,20250619,3호선,0342,오금,352,N,3호선,입고,0327,신사,337,N,10:13:00,10:13:30,,3146,상행,2025-05-01T05:00:00,,평일
3호선,0310,구파발,320,,20250619,3호선,0342,오금,352,N,3호선,입고,0326,압구정,336,N,10:15:30,10:16:00,,3146,상행,2025-05-01T05:00:00,,평일
3호선,0310,구파발,320,,20250619,3호선,0342,오금,352,N,3호선,입고,0325,옥수,335,N,10:18:00,10:18:30,,3146,상행,2025-05-01T05:00:00,,평일
3호선,0310,구파발,320,,20250619,3호선,0342,오금,352,N,3호선,입고,0324,금호,334,N,10:19:30,10:20:00,,3146,상행,2025-05-01T05:00:00,,평일
3호선,0310,구파발,320,,20250619,3호선,0342,오금,352,N,3호선,입고,0323,약수,333,N,10:21:00,10:21:30,,3146,상행,2025-05-01T05:00:00,,평일
3호선,0310,구파발,320,,20250619,3호선,0342,오금,352,N,3호선,입고,0322,동대입구,332,N,10:22:30,10:23:00,,3146,상행,2025-05-01T05:00:00,,평일
3호선,0310,구파발,320,,20250619,3호선,0342,오금,352,N,3호선,입고,0321,충무로,331,N,10:24:30,10:25:00,,3146,상행,2025-05-01T05:00:00,,평일
3호선,0310,구파발,320,,20250619,3호선,0342,오금,352,N,3호선,입고,0320,을지로3가,330,N,10:26:00,10:26:30,,3146,상행,2025-05-01T05:00:00,,평일
3호선,0310,구파발,320,,20250619,3호선,0342,오금,352,N,3호선,입고,0319,종로3가,329,N,10:27:30,10:28:00,,3146,상행,2025-05-01T05:00:00,,평일
3호선,0310,구파발,320,,20250619,3호선,0342,오금,352,N,3호선,입고,0318,안국,328,N,10:29:30,10:30:00,,3146,상행,2025-05-01T05:00:00,,평일
3호선,0310,구파발,320,,20250619,3호선,0342,오금,352,N,3호선,입고,0317,경복궁,327,N,10:31:30,10:32:00,,3146,상행,2025-05-01T05:00:00,,평일
3호선,0310,구파발,320,,20250619,3호선,0342,오금,352,N,3호선,입고,0316,독립문,326,N,10:34:00,10:34:30,,3146,상행,2025-05-01T05:00:00,,평일
3호선,0310,구파발,320,,20250619,3호선,0342,오금,352,N,3호선,입고,0315,무악재,325,N,10:36:00,10:36:30,,3146,상행,2025-05-01T05:00:00,,평일
3호선,0310,구파발,320,,20250619,3호선,0342,오금,352,N,3호선,입고,0314,홍제,324,N,10:38:00,10:38:30,,3146,상행,2025-05-01T05:00:00,,평일
3호선,0310,구파발,320,,20250619,3호선,0342,오금,352,N,3호선,입고,0313,녹번,323,N,10:40:30,10:41:00,,3146,상행,2025-05-01T05:00:00,,평일
3호선,0310,구파발,320,,20250619,3호선,0342,오금,352,N,3호선,입고,0312,불광,322,N,10:42:30,10:43:00,,3146,상행,2025-05-01T05:00:00,,평일
3호선,0310,구파발,320,,20250619,3호선,0342,오금,352,N,3호선,입고,0311,연신내,321,N,10:44:30,10:45:00,,3146,상행,2025-05-01T05:00:00,,평일
3호선,0310,구파발,320,,20250619,3호선,0342,오금,352,N,3호선,입고,0310,구파발,320,N,10:47:00,,,3146,상행,2025-05-01T05:00:00,,평일
3호선,0310,구파발,320,,20250619,3호선,0342,오금,352,N,3호선,3147,0342,오금,352,N,,09:48:00,,3148,상행,2025-05-01T05:00:00,,평일
3호선,0310,구파발,320,,20250619,3호선,0342,오금,352,N,3호선,3147,0341,경찰병원,351,N,09:49:00,09:49:30,,3148,상행,2025-05-01T05:00:00,,평일
3호선,0310,구파발,320,,20250619,3호선,0342,오금,352,N,3호선,3147,0340,가락시장,350,N,09:50:30,09:51:00,,3148,상행,2025-05-01T05:00:00,,평일
3호선,0310,구파발,320,,20250619,3호선,0342,오금,352,N,3호선,3147,0339,수서,349,N,09:53:00,09:53:30,,3148,상행,2025-05-01T05:00:00,,평일
3호선,0310,구파발,320,,20250619,3호선,0342,오금,352,N,3호선,3147,0338,일원,348,N,09:55:30,09:56:00,,3148,상행,2025-05-01T05:00:00,,평일
3호선,0310,구파발,320,,20250619,3호선,0342,오금,352,N,3호선,3147,0337,대청,347,N,09:57:30,09:58:00,,3148,상행,2025-05-01T05:00:00,,평일
3호선,0310,구파발,320,,20250619,3호선,0342,오금,352,N,3호선,3147,0336,학여울,346,N,09:59:30,10:00:00,,3148,상행,2025-05-01T05:00:00,,평일
3호선,0310,구파발,320,,20250619,3호선,0342,오금,352,N,3호선,3147,0335,대치,345,N,10:01:00,10:01:30,,3148,상행,2025-05-01T05:00:00,,평일
3호선,0310,구파발,320,,20250619,3호선,0342,오금,352,N,3호선,3147,0334,도곡,344,N,10:02:30,10:03:00,,3148,상행,2025-05-01T05:00:00,,평일
3호선,0310,구파발,320,,20250619,3호선,0342,오금,352,N,3호선,3147,0333,매봉,343,N,10:04:30,10:05:00,,3148,상행,2025-05-01T05:00:00,,평일
3호선,0310,구파발,320,,20250619,3호선,0342,오금,352,N,3호선,3147,0332,양재,342,N,10:07:00,10:07:30,,3148,상행,2025-05-01T05:00:00,,평일
3호선,0310,구파발,320,,20250619,3호선,0342,오금,352,N,3호선,3147,0331,남부터미널,341,N,10:09:30,10:10:00,,3148,상행,2025-05-01T05:00:00,,평일
3호선,0310,구파발,320,,20250619,3호선,0342,오금,352,N,3호선,3147,0330,교대,340,N,10:11:30,10:12:00,,3148,상행,2025-05-01T05:00:00,,평일
3호선,0310,구파발,320,,20250619,3호선,0342,오금,352,N,3호선,3147,0329,고속터미널,339,N,10:14:00,10:14:30,,3148,상행,2025-05-01T05:00:00,,평일
3호선,0310,구파발,320,,20250619,3호선,0342,오금,352,N,3호선,3147,0328,잠원,338,N,10:16:00,10:16:30,,3148,상행,2025-05-01T05:00:00,,평일
3호선,0310,구파발,320,,20250619,3호선,0342,오금,352,N,3호선,3147,0327,신사,337,N,10:18:00,10:18:30,,3148,상행,2025-05-01T05:00:00,,평일
3호선,0310,구파발,320,,20250619,3호선,0342,오금,352,N,3호선,3147,0326,압구정,336,N,10:20:30,10:21:00,,3148,상행,2025-05-01T05:00:00,,평일
3호선,0310,구파발,320,,20250619,3호선,0342,오금,352,N,3호선,3147,0325,옥수,335,N,10:23:00,10:23:30,,3148,상행,2025-05-01T05:00:00,,평일
3호선,0310,구파발,320,,20250619,3호선,0342,오금,352,N,3호선,3147,0324,금호,334,N,10:24:30,10:25:00,,3148,상행,2025-05-01T05:00:00,,평일
3호선,0310,구파발,320,,20250619,3호선,0342,오금,352,N,3호선,3147,0323,약수,333,N,10:26:00,10:26:30,,3148,상행,2025-05-01T05:00:00,,평일
3호선,0310,구파발,320,,20250619,3호선,0342,오금,352,N,3호선,3147,0322,동대입구,332,N,10:27:30,10:28:00,,3148,상행,2025-05-01T05:00:00,,평일
3호선,0310,구파발,320,,20250619,3호선,0342,오금,352,N,3호선,3147,0321,충무로,331,N,10:29:30,10:30:00,,3148,상행,2025-05-01T05:00:00,,평일
3호선,0310,구파발,320,,20250619,3호선,0342,오금,352,N,3호선,3147,0320,을지로3가,330,N,10:31:00,10:31:30,,3148,상행,2025-05-01T05:00:00,,평일
3호선,0310,구파발,320,,20250619,3호선,0342,오금,352,N,3호선,3147,0319,종로3가,329,N,10:32:30,10:33:00,,3148,상행,2025-05-01T05:00:00,,평일
3호선,0310,구파발,320,,20250619,3호선,0342,오금,352,N,3호선,3147,0318,안국,328,N,10:34:30,10:35:00,,3148,상행,2025-05-01T05:00:00,,평일
3호선,0310,구파발,320,,20250619,3호선,0342,오금,352,N,3호선,3147,0317,경복궁,327,N,10:36:30,10:37:00,,3148,상행,2025-05-01T05:00:00,,평일
3호선,0310,구파발,320,,20250619,3호선,0342,오금,352,N,3호선,3147,0316,독립문,326,N,10:39:00,10:39:30,,3148,상행,2025-05-01T05:00:00,,평일
3호선,0310,구파발,320,,20250619,3호선,0342,오금,352,N,3호선,3147,0315,무악재,325,N,10:41:00,10:41:30,,3148,상행,2025-05-01T05:00:00,,평일
3호선,0310,구파발,320,,20250619,3호선,0342,오금,352,N,3호선,3147,0314,홍제,324,N,10:43:00,10:43:30,,3148,상행,2025-05-01T05:00:00,,평일
3호선,0310,구파발,320,,20250619,3호선,0342,오금,352,N,3호선,3147,0313,녹번,323,N,10:45:30,10:46:00,,3148,상행,2025-05-01T05:00:00,,평일
3호선,0310,구파발,320,,20250619,3호선,0342,오금,352,N,3호선,3147,0312,불광,322,N,10:47:30,10:48:00,,3148,상행,2025-05-01T05:00:00,,평일
3호선,0310,구파발,320,,20250619,3호선,0342,오금,352,N,3호선,3147,0311,연신내,321,N,10:49:30,10:50:00,,3148,상행,2025-05-01T05:00:00,,평일
3호선,0310,구파발,320,,20250619,3호선,0342,오금,352,N,3호선,3147,0310,구파발,320,N,10:52:00,,,3148,상행,2025-05-01T05:00:00,,평일
3호선,1958,대화,309,,20250619,3호선,0342,오금,352,N,3호선,3171,0342,오금,352,N,,09:53:00,,3150,상행,2025-05-01T05:00:00,,평일
3호선,1958,대화,309,,20250619,3호선,0342,오금,352,N,3호선,3171,0341,경찰병원,351,N,09:54:00,09:54:30,,3150,상행,2025-05-01T05:00:00,,평일
3호선,1958,대화,309,,20250619,3호선,0342,오금,352,N,3호선,3171,0340,가락시장,350,N,09:55:30,09:56:00,,3150,상행,2025-05-01T05:00:00,,평일
3호선,1958,대화,309,,20250619,3호선,0342,오금,352,N,3호선,3171,0339,수서,349,N,09:58:00,09:58:30,,3150,상행,2025-05-01T05:00:00,,평일
3호선,1958,대화,309,,20250619,3호선,0342,오금,352,N,3호선,3171,0338,일원,348,N,10:00:30,10:01:00,,3150,상행,2025-05-01T05:00:00,,평일
3호선,1958,대화,309,,20250619,3호선,0342,오금,352,N,3호선,3171,0337,대청,347,N,10:02:30,10:03:00,,3150,상행,2025-05-01T05:00:00,,평일
3호선,1958,대화,309,,20250619,3호선,0342,오금,352,N,3호선,3171,0336,학여울,346,N,10:04:30,10:05:00,,3150,상행,2025-05-01T05:00:00,,평일
3호선,1958,대화,309,,20250619,3호선,0342,오금,352,N,3호선,3171,0335,대치,345,N,10:06:00,10:06:30,,3150,상행,2025-05-01T05:00:00,,평일
3호선,1958,대화,309,,20250619,3호선,0342,오금,352,N,3호선,3171,0334,도곡,344,N,10:07:30,10:08:00,,3150,상행,2025-05-01T05:00:00,,평일
3호선,1958,대화,309,,20250619,3호선,0342,오금,352,N,3호선,3171,0333,매봉,343,N,10:09:30,10:10:00,,3150,상행,2025-05-01T05:00:00,,평일
3호선,1958,대화,309,,20250619,3호선,0342,오금,352,N,3호선,3171,0332,양재,342,N,10:12:00,10:12:30,,3150,상행,2025-05-01T05:00:00,,평일
3호선,1958,대화,309,,20250619,3호선,0342,오금,352,N,3호선,3171,0331,남부터미널,341,N,10:14:30,10:15:00,,3150,상행,2025-05-01T05:00:00,,평일
3호선,1958,대화,309,,20250619,3호선,0342,오금,352,N,3호선,3171,0330,교대,340,N,10:16:30,10:17:00,,3150,상행,2025-05-01T05:00:00,,평일
3호선,1958,대화,309,,20250619,3호선,0342,오금,352,N,3호선,3171,0329,고속터미널,339,N,10:19:00,10:19:30,,3150,상행,2025-05-01T05:00:00,,평일
3호선,1958,대화,309,,20250619,3호선,0342,오금,352,N,3호선,3171,0328,잠원,338,N,10:21:00,10:21:30,,3150,상행,2025-05-01T05:00:00,,평일
3호선,1958,대화,309,,20250619,3호선,0342,오금,352,N,3호선,3171,0327,신사,337,N,10:23:00,10:23:30,,3150,상행,2025-05-01T05:00:00,,평일
3호선,1958,대화,309,,20250619,3호선,0342,오금,352,N,3호선,3171,0326,압구정,336,N,10:25:30,10:26:00,,3150,상행,2025-05-01T05:00:00,,평일
3호선,1958,대화,309,,20250619,3호선,0342,오금,352,N,3호선,3171,0325,옥수,335,N,10:28:00,10:28:30,,3150,상행,2025-05-01T05:00:00,,평일
3호선,1958,대화,309,,20250619,3호선,0342,오금,352,N,3호선,3171,0324,금호,334,N,10:29:30,10:30:00,,3150,상행,2025-05-01T05:00:00,,평일
3호선,1958,대화,309,,20250619,3호선,0342,오금,352,N,3호선,3171,0323,약수,333,N,10:31:00,10:31:30,,3150,상행,2025-05-01T05:00:00,,평일
3호선,1958,대화,309,,20250619,3호선,0342,오금,352,N,3호선,3171,0322,동대입구,332,N,10:32:30,10:33:00,,3150,상행,2025-05-01T05:00:00,,평일
3호선,1958,대화,309,,20250619,3호선,0342,오금,352,N,3호선,3171,0321,충무로,331,N,10:34:30,10:35:00,,3150,상행,2025-05-01T05:00:00,,평일
3호선,1958,대화,309,,20250619,3호선,0342,오금,352,N,3호선,3171,0320,을지로3가,330,N,10:36:00,10:36:30,,3150,상행,2025-05-01T05:00:00,,평일
3호선,1958,대화,309,,20250619,3호선,0342,오금,352,N,3호선,3171,0319,종로3가,329,N,10:37:30,10:38:00,,3150,상행,2025-05-01T05:00:00,,평일
3호선,1958,대화,309,,20250619,3호선,0342,오금,352,N,3호선,3171,0318,안국,328,N,10:39:30,10:40:00,,3150,상행,2025-05-01T05:00:00,,평일
3호선,1958,대화,309,,20250619,3호선,0342,오금,352,N,3호선,3171,0317,경복궁,327,N,10:41:30,10:42:00,,3150,상행,2025-05-01T05:00:00,,평일
3호선,1958,대화,309,,20250619,3호선,0342,오금,352,N,3호선,3171,0316,독립문,326,N,10:44:00,10:44:30,,3150,상행,2025-05-01T05:00:00,,평일
3호선,1958,대화,309,,20250619,3호선,0342,오금,352,N,3호선,3171,0315,무악재,325,N,10:46:00,10:46:30,,3150,상행,2025-05-01T05:00:00,,평일
3호선,1958,대화,309,,20250619,3호선,0342,오금,352,N,3호선,3171,0314,홍제,324,N,10:48:00,10:48:30,,3150,상행,2025-05-01T05:00:00,,평일
3호선,1958,대화,309,,20250619,3호선,0342,오금,352,N,3호선,3171,0313,녹번,323,N,10:50:30,10:51:00,,3150,상행,2025-05-01T05:00:00,,평일
3호선,1958,대화,309,,20250619,3호선,0342,오금,352,N,3호선,3171,0312,불광,322,N,10:52:30,10:53:00,,3150,상행,2025-05-01T05:00:00,,평일
3호선,1958,대화,309,,20250619,3호선,0342,오금,352,N,3호선,3171,0311,연신내,321,N,10:54:30,10:55:00,,3150,상행,2025-05-01T05:00:00,,평일
3호선,1958,대화,309,,20250619,3호선,0342,오금,352,N,3호선,3171,0310,구파발,320,N,10:57:00,10:57:30,,3150,상행,2025-05-01T05:00:00,,평일
3호선,1958,대화,309,,20250619,3호선,0342,오금,352,N,3호선,3171,0309,지축,319,N,11:00:30,11:01:00,,3150,상행,2025-05-01T05:00:00,,평일
3호선,1958,대화,309,,20250619,3호선,0342,오금,352,N,3호선,3171,1950,삼송,318,N,11:03:30,11:04:00,,3150,상행,2025-05-01T05:00:00,,평일
3호선,1958,대화,309,,20250619,3호선,0342,오금,352,N,3호선,3171,1948,원흥,317,N,11:06:00,11:06:30,,3150,상행,2025-05-01T05:00:00,,평일
3호선,1958,대화,309,,20250619,3호선,0342,오금,352,N,3호선,3171,1951,원당,316,N,11:09:00,11:09:30,,3150,상행,2025-05-01T05:00:00,,평일
3호선,1958,대화,309,,20250619,3호선,0342,오금,352,N,3호선,3171,1952,화정,315,N,11:12:30,11:13:00,,3150,상행,2025-05-01T05:00:00,,평일
3호선,1958,대화,309,,20250619,3호선,0342,오금,352,N,3호선,3171,1953,대곡,314,N,11:15:30,11:16:00,,3150,상행,2025-05-01T05:00:00,,평일
3호선,1958,대화,309,,20250619,3호선,0342,오금,352,N,3호선,3171,1954,백석,313,N,11:19:00,11:19:30,,3150,상행,2025-05-01T05:00:00,,평일
3호선,1958,대화,309,,20250619,3호선,0342,오금,352,N,3호선,3171,1955,마두,312,N,11:21:30,11:22:00,,3150,상행,2025-05-01T05:00:00,,평일
3호선,1958,대화,309,,20250619,3호선,0342,오금,352,N,3호선,3171,1956,정발산,311,N,11:23:30,11:24:00,,3150,상행,2025-05-01T05:00:00,,평일
3호선,1958,대화,309,,20250619,3호선,0342,오금,352,N,3호선,3171,1957,주엽,310,N,11:26:00,11:26:30,,3150,상행,2025-05-01T05:00:00,,평일
3호선,1958,대화,309,,20250619,3호선,0342,오금,352,N,3호선,3171,1958,대화,309,N,11:28:30,,,3150,상행,2025-05-01T05:00:00,,평일
3호선,1958,대화,309,,20250619,3호선,0342,오금,352,N,3호선,3175,0342,오금,352,N,,09:58:30,,3152,상행,2025-05-01T05:00:00,,평일
3호선,1958,대화,309,,20250619,3호선,0342,오금,352,N,3호선,3175,0341,경찰병원,351,N,09:59:30,10:00:00,,3152,상행,2025-05-01T05:00:00,,평일
3호선,1958,대화,309,,20250619,3호선,0342,오금,352,N,3호선,3175,0340,가락시장,350,N,10:01:00,10:01:30,,3152,상행,2025-05-01T05:00:00,,평일
3호선,1958,대화,309,,20250619,3호선,0342,오금,352,N,3호선,3175,0339,수서,349,N,10:03:30,10:04:00,,3152,상행,2025-05-01T05:00:00,,평일
3호선,1958,대화,309,,20250619,3호선,0342,오금,352,N,3호선,3175,0338,일원,348,N,10:06:00,10:06:30,,3152,상행,2025-05-01T05:00:00,,평일
3호선,1958,대화,309,,20250619,3호선,0342,오금,352,N,3호선,3175,0337,대청,347,N,10:08:00,10:08:30,,3152,상행,2025-05-01T05:00:00,,평일
3호선,1958,대화,309,,20250619,3호선,0342,오금,352,N,3호선,3175,0336,학여울,346,N,10:10:00,10:10:30,,3152,상행,2025-05-01T05:00:00,,평일
3호선,1958,대화,309,,20250619,3호선,0342,오금,352,N,3호선,3175,0335,대치,345,N,10:11:30,10:12:00,,3152,상행,2025-05-01T05:00:00,,평일
3호선,1958,대화,309,,20250619,3호선,0342,오금,352,N,3호선,3175,0334,도곡,344,N,10:13:00,10:13:30,,3152,상행,2025-05-01T05:00:00,,평일
3호선,1958,대화,309,,20250619,3호선,0342,오금,352,N,3호선,3175,0333,매봉,343,N,10:15:00,10:15:30,,3152,상행,2025-05-01T05:00:00,,평일
3호선,1958,대화,309,,20250619,3호선,0342,오금,352,N,3호선,3175,0332,양재,342,N,10:17:30,10:18:00,,3152,상행,2025-05-01T05:00:00,,평일
3호선,1958,대화,309,,20250619,3호선,0342,오금,352,N,3호선,3175,0331,남부터미널,341,N,10:20:00,10:20:30,,3152,상행,2025-05-01T05:00:00,,평일
3호선,1958,대화,309,,20250619,3호선,0342,오금,352,N,3호선,3175,0330,교대,340,N,10:22:00,10:22:30,,3152,상행,2025-05-01T05:00:00,,평일
3호선,1958,대화,309,,20250619,3호선,0342,오금,352,N,3호선,3175,0329,고속터미널,339,N,10:24:30,10:25:00,,3152,상행,2025-05-01T05:00:00,,평일
3호선,1958,대화,309,,20250619,3호선,0342,오금,352,N,3호선,3175,0328,잠원,338,N,10:26:30,10:27:00,,3152,상행,2025-05-01T05:00:00,,평일
3호선,1958,대화,309,,20250619,3호선,0342,오금,352,N,3호선,3175,0327,신사,337,N,10:28:30,10:29:00,,3152,상행,2025-05-01T05:00:00,,평일
3호선,1958,대화,309,,20250619,3호선,0342,오금,352,N,3호선,3175,0326,압구정,336,N,10:31:00,10:31:30,,3152,상행,2025-05-01T05:00:00,,평일
3호선,1958,대화,309,,20250619,3호선,0342,오금,352,N,3호선,3175,0325,옥수,335,N,10:33:30,10:34:00,,3152,상행,2025-05-01T05:00:00,,평일
3호선,1958,대화,309,,20250619,3호선,0342,오금,352,N,3호선,3175,0324,금호,334,N,10:35:00,10:35:30,,3152,상행,2025-05-01T05:00:00,,평일
3호선,1958,대화,309,,20250619,3호선,0342,오금,352,N,3호선,3175,0323,약수,333,N,10:36:30,10:37:00,,3152,상행,2025-05-01T05:00:00,,평일
3호선,1958,대화,309,,20250619,3호선,0342,오금,352,N,3호선,3175,0322,동대입구,332,N,10:38:00,10:38:30,,3152,상행,2025-05-01T05:00:00,,평일
3호선,1958,대화,309,,20250619,3호선,0342,오금,352,N,3호선,3175,0321,충무로,331,N,10:40:00,10:40:30,,3152,상행,2025-05-01T05:00:00,,평일
3호선,1958,대화,309,,20250619,3호선,0342,오금,352,N,3호선,3175,0320,을지로3가,330,N,10:41:30,10:42:00,,3152,상행,2025-05-01T05:00:00,,평일
3호선,1958,대화,309,,20250619,3호선,0342,오금,352,N,3호선,3175,0319,종로3가,329,N,10:43:00,10:43:30,,3152,상행,2025-05-01T05:00:00,,평일
3호선,1958,대화,309,,20250619,3호선,0342,오금,352,N,3호선,3175,0318,안국,328,N,10:45:00,10:45:30,,3152,상행,2025-05-01T05:00:00,,평일
3호선,1958,대화,309,,20250619,3호선,0342,오금,352,N,3호선,3175,0317,경복궁,327,N,10:47:00,10:47:30,,3152,상행,2025-05-01T05:00:00,,평일
3호선,1958,대화,309,,20250619,3호선,0342,오금,352,N,3호선,3175,0316,독립문,326,N,10:49:30,10:50:00,,3152,상행,2025-05-01T05:00:00,,평일
3호선,1958,대화,309,,20250619,3호선,0342,오금,352,N,3호선,3175,0315,무악재,325,N,10:51:30,10:52:00,,3152,상행,2025-05-01T05:00:00,,평일
3호선,1958,대화,309,,20250619,3호선,0342,오금,352,N,3호선,3175,0314,홍제,324,N,10:53:30,10:54:00,,3152,상행,2025-05-01T05:00:00,,평일
3호선,1958,대화,309,,20250619,3호선,0342,오금,352,N,3호선,3175,0313,녹번,323,N,10:56:00,10:56:30,,3152,상행,2025-05-01T05:00:00,,평일
3호선,1958,대화,309,,20250619,3호선,0342,오금,352,N,3호선,3175,0312,불광,322,N,10:58:00,10:58:30,,3152,상행,2025-05-01T05:00:00,,평일
3호선,1958,대화,309,,20250619,3호선,0342,오금,352,N,3호선,3175,0311,연신내,321,N,11:00:00,11:00:30,,3152,상행,2025-05-01T05:00:00,,평일
3호선,1958,대화,309,,20250619,3호선,0342,오금,352,N,3호선,3175,0310,구파발,320,N,11:02:30,11:03:00,,3152,상행,2025-05-01T05:00:00,,평일
3호선,1958,대화,309,,20250619,3호선,0342,오금,352,N,3호선,3175,0309,지축,319,N,11:06:00,11:06:30,,3152,상행,2025-05-01T05:00:00,,평일
3호선,1958,대화,309,,20250619,3호선,0342,오금,352,N,3호선,3175,1950,삼송,318,N,11:09:00,11:09:30,,3152,상행,2025-05-01T05:00:00,,평일
3호선,1958,대화,309,,20250619,3호선,0342,오금,352,N,3호선,3175,1948,원흥,317,N,11:11:30,11:12:00,,3152,상행,2025-05-01T05:00:00,,평일
3호선,1958,대화,309,,20250619,3호선,0342,오금,352,N,3호선,3175,1951,원당,316,N,11:14:30,11:15:00,,3152,상행,2025-05-01T05:00:00,,평일
3호선,1958,대화,309,,20250619,3호선,0342,오금,352,N,3호선,3175,1952,화정,315,N,11:18:00,11:18:30,,3152,상행,2025-05-01T05:00:00,,평일
3호선,1958,대화,309,,20250619,3호선,0342,오금,352,N,3호선,3175,1953,대곡,314,N,11:21:00,11:21:30,,3152,상행,2025-05-01T05:00:00,,평일
3호선,1958,대화,309,,20250619,3호선,0342,오금,352,N,3호선,3175,1954,백석,313,N,11:24:30,11:25:00,,3152,상행,2025-05-01T05:00:00,,평일
3호선,1958,대화,309,,20250619,3호선,0342,오금,352,N,3호선,3175,1955,마두,312,N,11:27:00,11:27:30,,3152,상행,2025-05-01T05:00:00,,평일
3호선,1958,대화,309,,20250619,3호선,0342,오금,352,N,3호선,3175,1956,정발산,311,N,11:29:00,11:29:30,,3152,상행,2025-05-01T05:00:00,,평일
3호선,1958,대화,309,,20250619,3호선,0342,오금,352,N,3호선,3175,1957,주엽,310,N,11:31:30,11:32:00,,3152,상행,2025-05-01T05:00:00,,평일
3호선,1958,대화,309,,20250619,3호선,0342,오금,352,N,3호선,3175,1958,대화,309,N,11:34:00,,,3152,상행,2025-05-01T05:00:00,,평일
3호선,0310,구파발,320,,20250619,3호선,0342,오금,352,N,3호선,3153,0342,오금,352,N,,10:04:00,,3154,상행,2025-05-01T05:00:00,,평일
3호선,0310,구파발,320,,20250619,3호선,0342,오금,352,N,3호선,3153,0341,경찰병원,351,N,10:05:00,10:05:30,,3154,상행,2025-05-01T05:00:00,,평일
3호선,0310,구파발,320,,20250619,3호선,0342,오금,352,N,3호선,3153,0340,가락시장,350,N,10:06:30,10:07:00,,3154,상행,2025-05-01T05:00:00,,평일
3호선,0310,구파발,320,,20250619,3호선,0342,오금,352,N,3호선,3153,0339,수서,349,N,10:09:00,10:09:30,,3154,상행,2025-05-01T05:00:00,,평일
3호선,0310,구파발,320,,20250619,3호선,0342,오금,352,N,3호선,3153,0338,일원,348,N,10:11:30,10:12:00,,3154,상행,2025-05-01T05:00:00,,평일
3호선,0310,구파발,320,,20250619,3호선,0342,오금,352,N,3호선,3153,0337,대청,347,N,10:13:30,10:14:00,,3154,상행,2025-05-01T05:00:00,,평일
3호선,0310,구파발,320,,20250619,3호선,0342,오금,352,N,3호선,3153,0336,학여울,346,N,10:15:30,10:16:00,,3154,상행,2025-05-01T05:00:00,,평일
3호선,0310,구파발,320,,20250619,3호선,0342,오금,352,N,3호선,3153,0335,대치,345,N,10:17:00,10:17:30,,3154,상행,2025-05-01T05:00:00,,평일
3호선,0310,구파발,320,,20250619,3호선,0342,오금,352,N,3호선,3153,0334,도곡,344,N,10:18:30,10:19:00,,3154,상행,2025-05-01T05:00:00,,평일
3호선,0310,구파발,320,,20250619,3호선,0342,오금,352,N,3호선,3153,0333,매봉,343,N,10:20:30,10:21:00,,3154,상행,2025-05-01T05:00:00,,평일
3호선,0310,구파발,320,,20250619,3호선,0342,오금,352,N,3호선,3153,0332,양재,342,N,10:23:00,10:23:30,,3154,상행,2025-05-01T05:00:00,,평일
3호선,0310,구파발,320,,20250619,3호선,0342,오금,352,N,3호선,3153,0331,남부터미널,341,N,10:25:30,10:26:00,,3154,상행,2025-05-01T05:00:00,,평일
3호선,0310,구파발,320,,20250619,3호선,0342,오금,352,N,3호선,3153,0330,교대,340,N,10:27:30,10:28:00,,3154,상행,2025-05-01T05:00:00,,평일
3호선,0310,구파발,320,,20250619,3호선,0342,오금,352,N,3호선,3153,0329,고속터미널,339,N,10:30:00,10:30:30,,3154,상행,2025-05-01T05:00:00,,평일
3호선,0310,구파발,320,,20250619,3호선,0342,오금,352,N,3호선,3153,0328,잠원,338,N,10:32:00,10:32:30,,3154,상행,2025-05-01T05:00:00,,평일
3호선,0310,구파발,320,,20250619,3호선,0342,오금,352,N,3호선,3153,0327,신사,337,N,10:34:00,10:34:30,,3154,상행,2025-05-01T05:00:00,,평일
3호선,0310,구파발,320,,20250619,3호선,0342,오금,352,N,3호선,3153,0326,압구정,336,N,10:36:30,10:37:00,,3154,상행,2025-05-01T05:00:00,,평일
3호선,0310,구파발,320,,20250619,3호선,0342,오금,352,N,3호선,3153,0325,옥수,335,N,10:39:00,10:39:30,,3154,상행,2025-05-01T05:00:00,,평일
3호선,0310,구파발,320,,20250619,3호선,0342,오금,352,N,3호선,3153,0324,금호,334,N,10:40:30,10:41:00,,3154,상행,2025-05-01T05:00:00,,평일
3호선,0310,구파발,320,,20250619,3호선,0342,오금,352,N,3호선,3153,0323,약수,333,N,10:42:00,10:42:30,,3154,상행,2025-05-01T05:00:00,,평일
3호선,0310,구파발,320,,20250619,3호선,0342,오금,352,N,3호선,3153,0322,동대입구,332,N,10:43:30,10:44:00,,3154,상행,2025-05-01T05:00:00,,평일
3호선,0310,구파발,320,,20250619,3호선,0342,오금,352,N,3호선,3153,0321,충무로,331,N,10:45:30,10:46:00,,3154,상행,2025-05-01T05:00:00,,평일
3호선,0310,구파발,320,,20250619,3호선,0342,오금,352,N,3호선,3153,0320,을지로3가,330,N,10:47:00,10:47:30,,3154,상행,2025-05-01T05:00:00,,평일
3호선,0310,구파발,320,,20250619,3호선,0342,오금,352,N,3호선,3153,0319,종로3가,329,N,10:48:30,10:49:00,,3154,상행,2025-05-01T05:00:00,,평일
3호선,0310,구파발,320,,20250619,3호선,0342,오금,352,N,3호선,3153,0318,안국,328,N,10:50:30,10:51:00,,3154,상행,2025-05-01T05:00:00,,평일
3호선,0310,구파발,320,,20250619,3호선,0342,오금,352,N,3호선,3153,0317,경복궁,327,N,10:52:30,10:53:00,,3154,상행,2025-05-01T05:00:00,,평일
3호선,0310,구파발,320,,20250619,3호선,0342,오금,352,N,3호선,3153,0316,독립문,326,N,10:55:00,10:55:30,,3154,상행,2025-05-01T05:00:00,,평일
3호선,0310,구파발,320,,20250619,3호선,0342,오금,352,N,3호선,3153,0315,무악재,325,N,10:57:00,10:57:30,,3154,상행,2025-05-01T05:00:00,,평일
3호선,0310,구파발,320,,20250619,3호선,0342,오금,352,N,3호선,3153,0314,홍제,324,N,10:59:00,10:59:30,,3154,상행,2025-05-01T05:00:00,,평일
3호선,0310,구파발,320,,20250619,3호선,0342,오금,352,N,3호선,3153,0313,녹번,323,N,11:01:30,11:02:00,,3154,상행,2025-05-01T05:00:00,,평일
3호선,0310,구파발,320,,20250619,3호선,0342,오금,352,N,3호선,3153,0312,불광,322,N,11:03:30,11:04:00,,3154,상행,2025-05-01T05:00:00,,평일
3호선,0310,구파발,320,,20250619,3호선,0342,오금,352,N,3호선,3153,0311,연신내,321,N,11:05:30,11:06:00,,3154,상행,2025-05-01T05:00:00,,평일
3호선,0310,구파발,320,,20250619,3호선,0342,오금,352,N,3호선,3153,0310,구파발,320,N,11:08:00,,,3154,상행,2025-05-01T05:00:00,,평일
3호선,1958,대화,309,,20250619,3호선,0342,오금,352,N,3호선,3177,0342,오금,352,N,,10:10:00,,3156,상행,2025-05-01T05:00:00,,평일
3호선,1958,대화,309,,20250619,3호선,0342,오금,352,N,3호선,3177,0341,경찰병원,351,N,10:11:00,10:11:30,,3156,상행,2025-05-01T05:00:00,,평일
3호선,1958,대화,309,,20250619,3호선,0342,오금,352,N,3호선,3177,0340,가락시장,350,N,10:12:30,10:13:00,,3156,상행,2025-05-01T05:00:00,,평일
3호선,1958,대화,309,,20250619,3호선,0342,오금,352,N,3호선,3177,0339,수서,349,N,10:15:00,10:15:30,,3156,상행,2025-05-01T05:00:00,,평일
3호선,1958,대화,309,,20250619,3호선,0342,오금,352,N,3호선,3177,0338,일원,348,N,10:17:30,10:18:00,,3156,상행,2025-05-01T05:00:00,,평일
3호선,1958,대화,309,,20250619,3호선,0342,오금,352,N,3호선,3177,0337,대청,347,N,10:19:30,10:20:00,,3156,상행,2025-05-01T05:00:00,,평일
3호선,1958,대화,309,,20250619,3호선,0342,오금,352,N,3호선,3177,0336,학여울,346,N,10:21:30,10:22:00,,3156,상행,2025-05-01T05:00:00,,평일
3호선,1958,대화,309,,20250619,3호선,0342,오금,352,N,3호선,3177,0335,대치,345,N,10:23:00,10:23:30,,3156,상행,2025-05-01T05:00:00,,평일
3호선,1958,대화,309,,20250619,3호선,0342,오금,352,N,3호선,3177,0334,도곡,344,N,10:24:30,10:25:00,,3156,상행,2025-05-01T05:00:00,,평일
3호선,1958,대화,309,,20250619,3호선,0342,오금,352,N,3호선,3177,0333,매봉,343,N,10:26:30,10:27:00,,3156,상행,2025-05-01T05:00:00,,평일
3호선,1958,대화,309,,20250619,3호선,0342,오금,352,N,3호선,3177,0332,양재,342,N,10:29:00,10:29:30,,3156,상행,2025-05-01T05:00:00,,평일
3호선,1958,대화,309,,20250619,3호선,0342,오금,352,N,3호선,3177,0331,남부터미널,341,N,10:31:30,10:32:00,,3156,상행,2025-05-01T05:00:00,,평일
3호선,1958,대화,309,,20250619,3호선,0342,오금,352,N,3호선,3177,0330,교대,340,N,10:33:30,10:34:00,,3156,상행,2025-05-01T05:00:00,,평일
3호선,1958,대화,309,,20250619,3호선,0342,오금,352,N,3호선,3177,0329,고속터미널,339,N,10:36:00,10:36:30,,3156,상행,2025-05-01T05:00:00,,평일
3호선,1958,대화,309,,20250619,3호선,0342,오금,352,N,3호선,3177,0328,잠원,338,N,10:38:00,10:38:30,,3156,상행,2025-05-01T05:00:00,,평일
3호선,1958,대화,309,,20250619,3호선,0342,오금,352,N,3호선,3177,0327,신사,337,N,10:40:00,10:40:30,,3156,상행,2025-05-01T05:00:00,,평일
3호선,1958,대화,309,,20250619,3호선,0342,오금,352,N,3호선,3177,0326,압구정,336,N,10:42:30,10:43:00,,3156,상행,2025-05-01T05:00:00,,평일
3호선,1958,대화,309,,20250619,3호선,0342,오금,352,N,3호선,3177,0325,옥수,335,N,10:45:00,10:45:30,,3156,상행,2025-05-01T05:00:00,,평일
3호선,1958,대화,309,,20250619,3호선,0342,오금,352,N,3호선,3177,0324,금호,334,N,10:46:30,10:47:00,,3156,상행,2025-05-01T05:00:00,,평일
3호선,1958,대화,309,,20250619,3호선,0342,오금,352,N,3호선,3177,0323,약수,333,N,10:48:00,10:48:30,,3156,상행,2025-05-01T05:00:00,,평일
3호선,1958,대화,309,,20250619,3호선,0342,오금,352,N,3호선,3177,0322,동대입구,332,N,10:49:30,10:50:00,,3156,상행,2025-05-01T05:00:00,,평일
3호선,1958,대화,309,,20250619,3호선,0342,오금,352,N,3호선,3177,0321,충무로,331,N,10:51:30,10:52:00,,3156,상행,2025-05-01T05:00:00,,평일
3호선,1958,대화,309,,20250619,3호선,0342,오금,352,N,3호선,3177,0320,을지로3가,330,N,10:53:00,10:53:30,,3156,상행,2025-05-01T05:00:00,,평일
3호선,1958,대화,309,,20250619,3호선,0342,오금,352,N,3호선,3177,0319,종로3가,329,N,10:54:30,10:55:00,,3156,상행,2025-05-01T05:00:00,,평일
3호선,1958,대화,309,,20250619,3호선,0342,오금,352,N,3호선,3177,0318,안국,328,N,10:56:30,10:57:00,,3156,상행,2025-05-01T05:00:00,,평일
3호선,1958,대화,309,,20250619,3호선,0342,오금,352,N,3호선,3177,0317,경복궁,327,N,10:58:30,10:59:00,,3156,상행,2025-05-01T05:00:00,,평일
3호선,1958,대화,309,,20250619,3호선,0342,오금,352,N,3호선,3177,0316,독립문,326,N,11:01:00,11:01:30,,3156,상행,2025-05-01T05:00:00,,평일
3호선,1958,대화,309,,20250619,3호선,0342,오금,352,N,3호선,3177,0315,무악재,325,N,11:03:00,11:03:30,,3156,상행,2025-05-01T05:00:00,,평일
3호선,1958,대화,309,,20250619,3호선,0342,오금,352,N,3호선,3177,0314,홍제,324,N,11:05:00,11:05:30,,3156,상행,2025-05-01T05:00:00,,평일
3호선,1958,대화,309,,20250619,3호선,0342,오금,352,N,3호선,3177,0313,녹번,323,N,11:07:30,11:08:00,,3156,상행,2025-05-01T05:00:00,,평일
3호선,1958,대화,309,,20250619,3호선,0342,오금,352,N,3호선,3177,0312,불광,322,N,11:09:30,11:10:00,,3156,상행,2025-05-01T05:00:00,,평일
3호선,1958,대화,309,,20250619,3호선,0342,오금,352,N,3호선,3177,0311,연신내,321,N,11:11:30,11:12:00,,3156,상행,2025-05-01T05:00:00,,평일
3호선,1958,대화,309,,20250619,3호선,0342,오금,352,N,3호선,3177,0310,구파발,320,N,11:14:00,11:14:30,,3156,상행,2025-05-01T05:00:00,,평일
3호선,1958,대화,309,,20250619,3호선,0342,오금,352,N,3호선,3177,0309,지축,319,N,11:17:30,11:18:00,,3156,상행,2025-05-01T05:00:00,,평일
3호선,1958,대화,309,,20250619,3호선,0342,오금,352,N,3호선,3177,1950,삼송,318,N,11:20:30,11:21:00,,3156,상행,2025-05-01T05:00:00,,평일
3호선,1958,대화,309,,20250619,3호선,0342,오금,352,N,3호선,3177,1948,원흥,317,N,11:23:00,11:23:30,,3156,상행,2025-05-01T05:00:00,,평일
3호선,1958,대화,309,,20250619,3호선,0342,오금,352,N,3호선,3177,1951,원당,316,N,11:26:00,11:26:30,,3156,상행,2025-05-01T05:00:00,,평일
3호선,1958,대화,309,,20250619,3호선,0342,오금,352,N,3호선,3177,1952,화정,315,N,11:29:30,11:30:00,,3156,상행,2025-05-01T05:00:00,,평일
3호선,1958,대화,309,,20250619,3호선,0342,오금,352,N,3호선,3177,1953,대곡,314,N,11:32:30,11:33:00,,3156,상행,2025-05-01T05:00:00,,평일
3호선,1958,대화,309,,20250619,3호선,0342,오금,352,N,3호선,3177,1954,백석,313,N,11:36:00,11:36:30,,3156,상행,2025-05-01T05:00:00,,평일
3호선,1958,대화,309,,20250619,3호선,0342,오금,352,N,3호선,3177,1955,마두,312,N,11:38:30,11:39:00,,3156,상행,2025-05-01T05:00:00,,평일
3호선,1958,대화,309,,20250619,3호선,0342,오금,352,N,3호선,3177,1956,정발산,311,N,11:40:30,11:41:00,,3156,상행,2025-05-01T05:00:00,,평일
3호선,1958,대화,309,,20250619,3호선,0342,오금,352,N,3호선,3177,1957,주엽,310,N,11:43:00,11:43:30,,3156,상행,2025-05-01T05:00:00,,평일
3호선,1958,대화,309,,20250619,3호선,0342,오금,352,N,3호선,3177,1958,대화,309,N,11:45:30,,,3156,상행,2025-05-01T05:00:00,,평일
3호선,0310,구파발,320,,20250619,3호선,0342,오금,352,N,3호선,3159,0342,오금,352,N,,10:16:00,,3158,상행,2025-05-01T05:00:00,,평일
3호선,0310,구파발,320,,20250619,3호선,0342,오금,352,N,3호선,3159,0341,경찰병원,351,N,10:17:00,10:17:30,,3158,상행,2025-05-01T05:00:00,,평일
3호선,0310,구파발,320,,20250619,3호선,0342,오금,352,N,3호선,3159,0340,가락시장,350,N,10:18:30,10:19:00,,3158,상행,2025-05-01T05:00:00,,평일
3호선,0310,구파발,320,,20250619,3호선,0342,오금,352,N,3호선,3159,0339,수서,349,N,10:21:00,10:21:30,,3158,상행,2025-05-01T05:00:00,,평일
3호선,0310,구파발,320,,20250619,3호선,0342,오금,352,N,3호선,3159,0338,일원,348,N,10:23:30,10:24:00,,3158,상행,2025-05-01T05:00:00,,평일
3호선,0310,구파발,320,,20250619,3호선,0342,오금,352,N,3호선,3159,0337,대청,347,N,10:25:30,10:26:00,,3158,상행,2025-05-01T05:00:00,,평일
3호선,0310,구파발,320,,20250619,3호선,0342,오금,352,N,3호선,3159,0336,학여울,346,N,10:27:30,10:28:00,,3158,상행,2025-05-01T05:00:00,,평일
3호선,0310,구파발,320,,20250619,3호선,0342,오금,352,N,3호선,3159,0335,대치,345,N,10:29:00,10:29:30,,3158,상행,2025-05-01T05:00:00,,평일
3호선,0310,구파발,320,,20250619,3호선,0342,오금,352,N,3호선,3159,0334,도곡,344,N,10:30:30,10:31:00,,3158,상행,2025-05-01T05:00:00,,평일
3호선,0310,구파발,320,,20250619,3호선,0342,오금,352,N,3호선,3159,0333,매봉,343,N,10:32:30,10:33:00,,3158,상행,2025-05-01T05:00:00,,평일
3호선,0310,구파발,320,,20250619,3호선,0342,오금,352,N,3호선,3159,0332,양재,342,N,10:35:00,10:35:30,,3158,상행,2025-05-01T05:00:00,,평일
3호선,0310,구파발,320,,20250619,3호선,0342,오금,352,N,3호선,3159,0331,남부터미널,341,N,10:37:30,10:38:00,,3158,상행,2025-05-01T05:00:00,,평일
3호선,0310,구파발,320,,20250619,3호선,0342,오금,352,N,3호선,3159,0330,교대,340,N,10:39:30,10:40:00,,3158,상행,2025-05-01T05:00:00,,평일
3호선,0310,구파발,320,,20250619,3호선,0342,오금,352,N,3호선,3159,0329,고속터미널,339,N,10:42:00,10:42:30,,3158,상행,2025-05-01T05:00:00,,평일
3호선,0310,구파발,320,,20250619,3호선,0342,오금,352,N,3호선,3159,0328,잠원,338,N,10:44:00,10:44:30,,3158,상행,2025-05-01T05:00:00,,평일
3호선,0310,구파발,320,,20250619,3호선,0342,오금,352,N,3호선,3159,0327,신사,337,N,10:46:00,10:46:30,,3158,상행,2025-05-01T05:00:00,,평일
3호선,0310,구파발,320,,20250619,3호선,0342,오금,352,N,3호선,3159,0326,압구정,336,N,10:48:30,10:49:00,,3158,상행,2025-05-01T05:00:00,,평일
3호선,0310,구파발,320,,20250619,3호선,0342,오금,352,N,3호선,3159,0325,옥수,335,N,10:51:00,10:51:30,,3158,상행,2025-05-01T05:00:00,,평일
3호선,0310,구파발,320,,20250619,3호선,0342,오금,352,N,3호선,3159,0324,금호,334,N,10:52:30,10:53:00,,3158,상행,2025-05-01T05:00:00,,평일
3호선,0310,구파발,320,,20250619,3호선,0342,오금,352,N,3호선,3159,0323,약수,333,N,10:54:00,10:54:30,,3158,상행,2025-05-01T05:00:00,,평일
3호선,0310,구파발,320,,20250619,3호선,0342,오금,352,N,3호선,3159,0322,동대입구,332,N,10:55:30,10:56:00,,3158,상행,2025-05-01T05:00:00,,평일
3호선,0310,구파발,320,,20250619,3호선,0342,오금,352,N,3호선,3159,0321,충무로,331,N,10:57:30,10:58:00,,3158,상행,2025-05-01T05:00:00,,평일
3호선,0310,구파발,320,,20250619,3호선,0342,오금,352,N,3호선,3159,0320,을지로3가,330,N,10:59:00,10:59:30,,3158,상행,2025-05-01T05:00:00,,평일
3호선,0310,구파발,320,,20250619,3호선,0342,오금,352,N,3호선,3159,0319,종로3가,329,N,11:00:30,11:01:00,,3158,상행,2025-05-01T05:00:00,,평일
3호선,0310,구파발,320,,20250619,3호선,0342,오금,352,N,3호선,3159,0318,안국,328,N,11:02:30,11:03:00,,3158,상행,2025-05-01T05:00:00,,평일
3호선,0310,구파발,320,,20250619,3호선,0342,오금,352,N,3호선,3159,0317,경복궁,327,N,11:04:30,11:05:00,,3158,상행,2025-05-01T05:00:00,,평일
3호선,0310,구파발,320,,20250619,3호선,0342,오금,352,N,3호선,3159,0316,독립문,326,N,11:07:00,11:07:30,,3158,상행,2025-05-01T05:00:00,,평일
3호선,0310,구파발,320,,20250619,3호선,0342,오금,352,N,3호선,3159,0315,무악재,325,N,11:09:00,11:09:30,,3158,상행,2025-05-01T05:00:00,,평일
3호선,0310,구파발,320,,20250619,3호선,0342,오금,352,N,3호선,3159,0314,홍제,324,N,11:11:00,11:11:30,,3158,상행,2025-05-01T05:00:00,,평일
3호선,0310,구파발,320,,20250619,3호선,0342,오금,352,N,3호선,3159,0313,녹번,323,N,11:13:30,11:14:00,,3158,상행,2025-05-01T05:00:00,,평일
3호선,0310,구파발,320,,20250619,3호선,0342,오금,352,N,3호선,3159,0312,불광,322,N,11:15:30,11:16:00,,3158,상행,2025-05-01T05:00:00,,평일
3호선,0310,구파발,320,,20250619,3호선,0342,오금,352,N,3호선,3159,0311,연신내,321,N,11:17:30,11:18:00,,3158,상행,2025-05-01T05:00:00,,평일
3호선,0310,구파발,320,,20250619,3호선,0342,오금,352,N,3호선,3159,0310,구파발,320,N,11:20:00,,,3158,상행,2025-05-01T05:00:00,,평일
3호선,1958,대화,309,,20250619,3호선,0342,오금,352,N,3호선,3181,0342,오금,352,N,,10:22:00,,3160,상행,2025-05-01T05:00:00,,평일
3호선,1958,대화,309,,20250619,3호선,0342,오금,352,N,3호선,3181,0341,경찰병원,351,N,10:23:00,10:23:30,,3160,상행,2025-05-01T05:00:00,,평일
3호선,1958,대화,309,,20250619,3호선,0342,오금,352,N,3호선,3181,0340,가락시장,350,N,10:24:30,10:25:00,,3160,상행,2025-05-01T05:00:00,,평일
3호선,1958,대화,309,,20250619,3호선,0342,오금,352,N,3호선,3181,0339,수서,349,N,10:27:00,10:27:30,,3160,상행,2025-05-01T05:00:00,,평일
3호선,1958,대화,309,,20250619,3호선,0342,오금,352,N,3호선,3181,0338,일원,348,N,10:29:30,10:30:00,,3160,상행,2025-05-01T05:00:00,,평일
3호선,1958,대화,309,,20250619,3호선,0342,오금,352,N,3호선,3181,0337,대청,347,N,10:31:30,10:32:00,,3160,상행,2025-05-01T05:00:00,,평일
3호선,1958,대화,309,,20250619,3호선,0342,오금,352,N,3호선,3181,0336,학여울,346,N,10:33:30,10:34:00,,3160,상행,2025-05-01T05:00:00,,평일
3호선,1958,대화,309,,20250619,3호선,0342,오금,352,N,3호선,3181,0335,대치,345,N,10:35:00,10:35:30,,3160,상행,2025-05-01T05:00:00,,평일
3호선,1958,대화,309,,20250619,3호선,0342,오금,352,N,3호선,3181,0334,도곡,344,N,10:36:30,10:37:00,,3160,상행,2025-05-01T05:00:00,,평일
3호선,1958,대화,309,,20250619,3호선,0342,오금,352,N,3호선,3181,0333,매봉,343,N,10:38:30,10:39:00,,3160,상행,2025-05-01T05:00:00,,평일
3호선,1958,대화,309,,20250619,3호선,0342,오금,352,N,3호선,3181,0332,양재,342,N,10:41:00,10:41:30,,3160,상행,2025-05-01T05:00:00,,평일
3호선,1958,대화,309,,20250619,3호선,0342,오금,352,N,3호선,3181,0331,남부터미널,341,N,10:43:30,10:44:00,,3160,상행,2025-05-01T05:00:00,,평일
3호선,1958,대화,309,,20250619,3호선,0342,오금,352,N,3호선,3181,0330,교대,340,N,10:45:30,10:46:00,,3160,상행,2025-05-01T05:00:00,,평일
3호선,1958,대화,309,,20250619,3호선,0342,오금,352,N,3호선,3181,0329,고속터미널,339,N,10:48:00,10:48:30,,3160,상행,2025-05-01T05:00:00,,평일
3호선,1958,대화,309,,20250619,3호선,0342,오금,352,N,3호선,3181,0328,잠원,338,N,10:50:00,10:50:30,,3160,상행,2025-05-01T05:00:00,,평일
3호선,1958,대화,309,,20250619,3호선,0342,오금,352,N,3호선,3181,0327,신사,337,N,10:52:00,10:52:30,,3160,상행,2025-05-01T05:00:00,,평일
3호선,1958,대화,309,,20250619,3호선,0342,오금,352,N,3호선,3181,0326,압구정,336,N,10:54:30,10:55:00,,3160,상행,2025-05-01T05:00:00,,평일
3호선,1958,대화,309,,20250619,3호선,0342,오금,352,N,3호선,3181,0325,옥수,335,N,10:57:00,10:57:30,,3160,상행,2025-05-01T05:00:00,,평일
3호선,1958,대화,309,,20250619,3호선,0342,오금,352,N,3호선,3181,0324,금호,334,N,10:58:30,10:59:00,,3160,상행,2025-05-01T05:00:00,,평일
3호선,1958,대화,309,,20250619,3호선,0342,오금,352,N,3호선,3181,0323,약수,333,N,11:00:00,11:00:30,,3160,상행,2025-05-01T05:00:00,,평일
3호선,1958,대화,309,,20250619,3호선,0342,오금,352,N,3호선,3181,0322,동대입구,332,N,11:01:30,11:02:00,,3160,상행,2025-05-01T05:00:00,,평일
3호선,1958,대화,309,,20250619,3호선,0342,오금,352,N,3호선,3181,0321,충무로,331,N,11:03:30,11:04:00,,3160,상행,2025-05-01T05:00:00,,평일
3호선,1958,대화,309,,20250619,3호선,0342,오금,352,N,3호선,3181,0320,을지로3가,330,N,11:05:00,11:05:30,,3160,상행,2025-05-01T05:00:00,,평일
3호선,1958,대화,309,,20250619,3호선,0342,오금,352,N,3호선,3181,0319,종로3가,329,N,11:06:30,11:07:00,,3160,상행,2025-05-01T05:00:00,,평일
3호선,1958,대화,309,,20250619,3호선,0342,오금,352,N,3호선,3181,0318,안국,328,N,11:08:30,11:09:00,,3160,상행,2025-05-01T05:00:00,,평일
3호선,1958,대화,309,,20250619,3호선,0342,오금,352,N,3호선,3181,0317,경복궁,327,N,11:10:30,11:11:00,,3160,상행,2025-05-01T05:00:00,,평일
3호선,1958,대화,309,,20250619,3호선,0342,오금,352,N,3호선,3181,0316,독립문,326,N,11:13:00,11:13:30,,3160,상행,2025-05-01T05:00:00,,평일
3호선,1958,대화,309,,20250619,3호선,0342,오금,352,N,3호선,3181,0315,무악재,325,N,11:15:00,11:15:30,,3160,상행,2025-05-01T05:00:00,,평일
3호선,1958,대화,309,,20250619,3호선,0342,오금,352,N,3호선,3181,0314,홍제,324,N,11:17:00,11:17:30,,3160,상행,2025-05-01T05:00:00,,평일
3호선,1958,대화,309,,20250619,3호선,0342,오금,352,N,3호선,3181,0313,녹번,323,N,11:19:30,11:20:00,,3160,상행,2025-05-01T05:00:00,,평일
3호선,1958,대화,309,,20250619,3호선,0342,오금,352,N,3호선,3181,0312,불광,322,N,11:21:30,11:22:00,,3160,상행,2025-05-01T05:00:00,,평일
3호선,1958,대화,309,,20250619,3호선,0342,오금,352,N,3호선,3181,0311,연신내,321,N,11:23:30,11:24:00,,3160,상행,2025-05-01T05:00:00,,평일
3호선,1958,대화,309,,20250619,3호선,0342,오금,352,N,3호선,3181,0310,구파발,320,N,11:26:00,11:26:30,,3160,상행,2025-05-01T05:00:00,,평일
3호선,1958,대화,309,,20250619,3호선,0342,오금,352,N,3호선,3181,0309,지축,319,N,11:29:30,11:30:00,,3160,상행,2025-05-01T05:00:00,,평일
3호선,1958,대화,309,,20250619,3호선,0342,오금,352,N,3호선,3181,1950,삼송,318,N,11:32:30,11:33:00,,3160,상행,2025-05-01T05:00:00,,평일
3호선,1958,대화,309,,20250619,3호선,0342,오금,352,N,3호선,3181,1948,원흥,317,N,11:35:00,11:35:30,,3160,상행,2025-05-01T05:00:00,,평일
3호선,1958,대화,309,,20250619,3호선,0342,오금,352,N,3호선,3181,1951,원당,316,N,11:38:00,11:38:30,,3160,상행,2025-05-01T05:00:00,,평일
3호선,1958,대화,309,,20250619,3호선,0342,오금,352,N,3호선,3181,1952,화정,315,N,11:41:30,11:42:00,,3160,상행,2025-05-01T05:00:00,,평일
3호선,1958,대화,309,,20250619,3호선,0342,오금,352,N,3호선,3181,1953,대곡,314,N,11:44:30,11:45:00,,3160,상행,2025-05-01T05:00:00,,평일
3호선,1958,대화,309,,20250619,3호선,0342,오금,352,N,3호선,3181,1954,백석,313,N,11:48:00,11:48:30,,3160,상행,2025-05-01T05:00:00,,평일
3호선,1958,대화,309,,20250619,3호선,0342,오금,352,N,3호선,3181,1955,마두,312,N,11:50:30,11:51:00,,3160,상행,2025-05-01T05:00:00,,평일
3호선,1958,대화,309,,20250619,3호선,0342,오금,352,N,3호선,3181,1956,정발산,311,N,11:52:30,11:53:00,,3160,상행,2025-05-01T05:00:00,,평일
3호선,1958,대화,309,,20250619,3호선,0342,오금,352,N,3호선,3181,1957,주엽,310,N,11:55:00,11:55:30,,3160,상행,2025-05-01T05:00:00,,평일
3호선,1958,대화,309,,20250619,3호선,0342,오금,352,N,3호선,3181,1958,대화,309,N,11:57:30,,,3160,상행,2025-05-01T05:00:00,,평일
3호선,1958,대화,309,,20250619,3호선,0342,오금,352,N,3호선,3183,0342,오금,352,N,,10:28:30,,3162,상행,2025-05-01T05:00:00,,평일
3호선,1958,대화,309,,20250619,3호선,0342,오금,352,N,3호선,3183,0341,경찰병원,351,N,10:29:30,10:30:00,,3162,상행,2025-05-01T05:00:00,,평일
3호선,1958,대화,309,,20250619,3호선,0342,오금,352,N,3호선,3183,0340,가락시장,350,N,10:31:00,10:31:30,,3162,상행,2025-05-01T05:00:00,,평일
3호선,1958,대화,309,,20250619,3호선,0342,오금,352,N,3호선,3183,0339,수서,349,N,10:33:30,10:34:00,,3162,상행,2025-05-01T05:00:00,,평일
3호선,1958,대화,309,,20250619,3호선,0342,오금,352,N,3호선,3183,0338,일원,348,N,10:36:00,10:36:30,,3162,상행,2025-05-01T05:00:00,,평일
3호선,1958,대화,309,,20250619,3호선,0342,오금,352,N,3호선,3183,0337,대청,347,N,10:38:00,10:38:30,,3162,상행,2025-05-01T05:00:00,,평일
3호선,1958,대화,309,,20250619,3호선,0342,오금,352,N,3호선,3183,0336,학여울,346,N,10:40:00,10:40:30,,3162,상행,2025-05-01T05:00:00,,평일
3호선,1958,대화,309,,20250619,3호선,0342,오금,352,N,3호선,3183,0335,대치,345,N,10:41:30,10:42:00,,3162,상행,2025-05-01T05:00:00,,평일
3호선,1958,대화,309,,20250619,3호선,0342,오금,352,N,3호선,3183,0334,도곡,344,N,10:43:00,10:43:30,,3162,상행,2025-05-01T05:00:00,,평일
3호선,1958,대화,309,,20250619,3호선,0342,오금,352,N,3호선,3183,0333,매봉,343,N,10:45:00,10:45:30,,3162,상행,2025-05-01T05:00:00,,평일
3호선,1958,대화,309,,20250619,3호선,0342,오금,352,N,3호선,3183,0332,양재,342,N,10:47:30,10:48:00,,3162,상행,2025-05-01T05:00:00,,평일
3호선,1958,대화,309,,20250619,3호선,0342,오금,352,N,3호선,3183,0331,남부터미널,341,N,10:50:00,10:50:30,,3162,상행,2025-05-01T05:00:00,,평일
3호선,1958,대화,309,,20250619,3호선,0342,오금,352,N,3호선,3183,0330,교대,340,N,10:52:00,10:52:30,,3162,상행,2025-05-01T05:00:00,,평일
3호선,1958,대화,309,,20250619,3호선,0342,오금,352,N,3호선,3183,0329,고속터미널,339,N,10:54:30,10:55:00,,3162,상행,2025-05-01T05:00:00,,평일
3호선,1958,대화,309,,20250619,3호선,0342,오금,352,N,3호선,3183,0328,잠원,338,N,10:56:30,10:57:00,,3162,상행,2025-05-01T05:00:00,,평일
3호선,1958,대화,309,,20250619,3호선,0342,오금,352,N,3호선,3183,0327,신사,337,N,10:58:30,10:59:00,,3162,상행,2025-05-01T05:00:00,,평일
3호선,1958,대화,309,,20250619,3호선,0342,오금,352,N,3호선,3183,0326,압구정,336,N,11:01:00,11:01:30,,3162,상행,2025-05-01T05:00:00,,평일
3호선,1958,대화,309,,20250619,3호선,0342,오금,352,N,3호선,3183,0325,옥수,335,N,11:03:30,11:04:00,,3162,상행,2025-05-01T05:00:00,,평일
3호선,1958,대화,309,,20250619,3호선,0342,오금,352,N,3호선,3183,0324,금호,334,N,11:05:00,11:05:30,,3162,상행,2025-05-01T05:00:00,,평일
3호선,1958,대화,309,,20250619,3호선,0342,오금,352,N,3호선,3183,0323,약수,333,N,11:06:30,11:07:00,,3162,상행,2025-05-01T05:00:00,,평일
3호선,1958,대화,309,,20250619,3호선,0342,오금,352,N,3호선,3183,0322,동대입구,332,N,11:08:00,11:08:30,,3162,상행,2025-05-01T05:00:00,,평일
3호선,1958,대화,309,,20250619,3호선,0342,오금,352,N,3호선,3183,0321,충무로,331,N,11:10:00,11:10:30,,3162,상행,2025-05-01T05:00:00,,평일
3호선,1958,대화,309,,20250619,3호선,0342,오금,352,N,3호선,3183,0320,을지로3가,330,N,11:11:30,11:12:00,,3162,상행,2025-05-01T05:00:00,,평일
3호선,1958,대화,309,,20250619,3호선,0342,오금,352,N,3호선,3183,0319,종로3가,329,N,11:13:00,11:13:30,,3162,상행,2025-05-01T05:00:00,,평일
3호선,1958,대화,309,,20250619,3호선,0342,오금,352,N,3호선,3183,0318,안국,328,N,11:15:00,11:15:30,,3162,상행,2025-05-01T05:00:00,,평일
3호선,1958,대화,309,,20250619,3호선,0342,오금,352,N,3호선,3183,0317,경복궁,327,N,11:17:00,11:17:30,,3162,상행,2025-05-01T05:00:00,,평일
3호선,1958,대화,309,,20250619,3호선,0342,오금,352,N,3호선,3183,0316,독립문,326,N,11:19:30,11:20:00,,3162,상행,2025-05-01T05:00:00,,평일
3호선,1958,대화,309,,20250619,3호선,0342,오금,352,N,3호선,3183,0315,무악재,325,N,11:21:30,11:22:00,,3162,상행,2025-05-01T05:00:00,,평일
3호선,1958,대화,309,,20250619,3호선,0342,오금,352,N,3호선,3183,0314,홍제,324,N,11:23:30,11:24:00,,3162,상행,2025-05-01T05:00:00,,평일
3호선,1958,대화,309,,20250619,3호선,0342,오금,352,N,3호선,3183,0313,녹번,323,N,11:26:00,11:26:30,,3162,상행,2025-05-01T05:00:00,,평일
3호선,1958,대화,309,,20250619,3호선,0342,오금,352,N,3호선,3183,0312,불광,322,N,11:28:00,11:28:30,,3162,상행,2025-05-01T05:00:00,,평일
3호선,1958,대화,309,,20250619,3호선,0342,오금,352,N,3호선,3183,0311,연신내,321,N,11:30:00,11:30:30,,3162,상행,2025-05-01T05:00:00,,평일
3호선,1958,대화,309,,20250619,3호선,0342,오금,352,N,3호선,3183,0310,구파발,320,N,11:32:30,11:33:00,,3162,상행,2025-05-01T05:00:00,,평일
3호선,1958,대화,309,,20250619,3호선,0342,오금,352,N,3호선,3183,0309,지축,319,N,11:36:00,11:36:30,,3162,상행,2025-05-01T05:00:00,,평일
3호선,1958,대화,309,,20250619,3호선,0342,오금,352,N,3호선,3183,1950,삼송,318,N,11:39:00,11:39:30,,3162,상행,2025-05-01T05:00:00,,평일
3호선,1958,대화,309,,20250619,3호선,0342,오금,352,N,3호선,3183,1948,원흥,317,N,11:41:30,11:42:00,,3162,상행,2025-05-01T05:00:00,,평일
3호선,1958,대화,309,,20250619,3호선,0342,오금,352,N,3호선,3183,1951,원당,316,N,11:44:30,11:45:00,,3162,상행,2025-05-01T05:00:00,,평일
3호선,1958,대화,309,,20250619,3호선,0342,오금,352,N,3호선,3183,1952,화정,315,N,11:48:00,11:48:30,,3162,상행,2025-05-01T05:00:00,,평일
3호선,1958,대화,309,,20250619,3호선,0342,오금,352,N,3호선,3183,1953,대곡,314,N,11:51:00,11:51:30,,3162,상행,2025-05-01T05:00:00,,평일
3호선,1958,대화,309,,20250619,3호선,0342,오금,352,N,3호선,3183,1954,백석,313,N,11:54:30,11:55:00,,3162,상행,2025-05-01T05:00:00,,평일
3호선,1958,대화,309,,20250619,3호선,0342,오금,352,N,3호선,3183,1955,마두,312,N,11:57:00,11:57:30,,3162,상행,2025-05-01T05:00:00,,평일
3호선,1958,대화,309,,20250619,3호선,0342,오금,352,N,3호선,3183,1956,정발산,311,N,11:59:00,11:59:30,,3162,상행,2025-05-01T05:00:00,,평일
3호선,1958,대화,309,,20250619,3호선,0342,오금,352,N,3호선,3183,1957,주엽,310,N,12:01:30,12:02:00,,3162,상행,2025-05-01T05:00:00,,평일
3호선,1958,대화,309,,20250619,3호선,0342,오금,352,N,3호선,3183,1958,대화,309,N,12:04:00,,,3162,상행,2025-05-01T05:00:00,,평일
3호선,1958,대화,309,,20250619,3호선,0342,오금,352,N,3호선,3187,0342,오금,352,N,,10:35:00,,3164,상행,2025-05-01T05:00:00,,평일
3호선,1958,대화,309,,20250619,3호선,0342,오금,352,N,3호선,3187,0341,경찰병원,351,N,10:36:00,10:36:30,,3164,상행,2025-05-01T05:00:00,,평일
3호선,1958,대화,309,,20250619,3호선,0342,오금,352,N,3호선,3187,0340,가락시장,350,N,10:37:30,10:38:00,,3164,상행,2025-05-01T05:00:00,,평일
3호선,1958,대화,309,,20250619,3호선,0342,오금,352,N,3호선,3187,0339,수서,349,N,10:40:00,10:40:30,,3164,상행,2025-05-01T05:00:00,,평일
3호선,1958,대화,309,,20250619,3호선,0342,오금,352,N,3호선,3187,0338,일원,348,N,10:42:30,10:43:00,,3164,상행,2025-05-01T05:00:00,,평일
3호선,1958,대화,309,,20250619,3호선,0342,오금,352,N,3호선,3187,0337,대청,347,N,10:44:30,10:45:00,,3164,상행,2025-05-01T05:00:00,,평일
3호선,1958,대화,309,,20250619,3호선,0342,오금,352,N,3호선,3187,0336,학여울,346,N,10:46:30,10:47:00,,3164,상행,2025-05-01T05:00:00,,평일
3호선,1958,대화,309,,20250619,3호선,0342,오금,352,N,3호선,3187,0335,대치,345,N,10:48:00,10:48:30,,3164,상행,2025-05-01T05:00:00,,평일
3호선,1958,대화,309,,20250619,3호선,0342,오금,352,N,3호선,3187,0334,도곡,344,N,10:49:30,10:50:00,,3164,상행,2025-05-01T05:00:00,,평일
3호선,1958,대화,309,,20250619,3호선,0342,오금,352,N,3호선,3187,0333,매봉,343,N,10:51:30,10:52:00,,3164,상행,2025-05-01T05:00:00,,평일
3호선,1958,대화,309,,20250619,3호선,0342,오금,352,N,3호선,3187,0332,양재,342,N,10:54:00,10:54:30,,3164,상행,2025-05-01T05:00:00,,평일
3호선,1958,대화,309,,20250619,3호선,0342,오금,352,N,3호선,3187,0331,남부터미널,341,N,10:56:30,10:57:00,,3164,상행,2025-05-01T05:00:00,,평일
3호선,1958,대화,309,,20250619,3호선,0342,오금,352,N,3호선,3187,0330,교대,340,N,10:58:30,10:59:00,,3164,상행,2025-05-01T05:00:00,,평일
3호선,1958,대화,309,,20250619,3호선,0342,오금,352,N,3호선,3187,0329,고속터미널,339,N,11:01:00,11:01:30,,3164,상행,2025-05-01T05:00:00,,평일
3호선,1958,대화,309,,20250619,3호선,0342,오금,352,N,3호선,3187,0328,잠원,338,N,11:03:00,11:03:30,,3164,상행,2025-05-01T05:00:00,,평일
3호선,1958,대화,309,,20250619,3호선,0342,오금,352,N,3호선,3187,0327,신사,337,N,11:05:00,11:05:30,,3164,상행,2025-05-01T05:00:00,,평일
3호선,1958,대화,309,,20250619,3호선,0342,오금,352,N,3호선,3187,0326,압구정,336,N,11:07:30,11:08:00,,3164,상행,2025-05-01T05:00:00,,평일
3호선,1958,대화,309,,20250619,3호선,0342,오금,352,N,3호선,3187,0325,옥수,335,N,11:10:00,11:10:30,,3164,상행,2025-05-01T05:00:00,,평일
3호선,1958,대화,309,,20250619,3호선,0342,오금,352,N,3호선,3187,0324,금호,334,N,11:11:30,11:12:00,,3164,상행,2025-05-01T05:00:00,,평일
3호선,1958,대화,309,,20250619,3호선,0342,오금,352,N,3호선,3187,0323,약수,333,N,11:13:00,11:13:30,,3164,상행,2025-05-01T05:00:00,,평일
3호선,1958,대화,309,,20250619,3호선,0342,오금,352,N,3호선,3187,0322,동대입구,332,N,11:14:30,11:15:00,,3164,상행,2025-05-01T05:00:00,,평일
3호선,1958,대화,309,,20250619,3호선,0342,오금,352,N,3호선,3187,0321,충무로,331,N,11:16:30,11:17:00,,3164,상행,2025-05-01T05:00:00,,평일
3호선,1958,대화,309,,20250619,3호선,0342,오금,352,N,3호선,3187,0320,을지로3가,330,N,11:18:00,11:18:30,,3164,상행,2025-05-01T05:00:00,,평일
3호선,1958,대화,309,,20250619,3호선,0342,오금,352,N,3호선,3187,0319,종로3가,329,N,11:19:30,11:20:00,,3164,상행,2025-05-01T05:00:00,,평일
3호선,1958,대화,309,,20250619,3호선,0342,오금,352,N,3호선,3187,0318,안국,328,N,11:21:30,11:22:00,,3164,상행,2025-05-01T05:00:00,,평일
3호선,1958,대화,309,,20250619,3호선,0342,오금,352,N,3호선,3187,0317,경복궁,327,N,11:23:30,11:24:00,,3164,상행,2025-05-01T05:00:00,,평일
3호선,1958,대화,309,,20250619,3호선,0342,오금,352,N,3호선,3187,0316,독립문,326,N,11:26:00,11:26:30,,3164,상행,2025-05-01T05:00:00,,평일
3호선,1958,대화,309,,20250619,3호선,0342,오금,352,N,3호선,3187,0315,무악재,325,N,11:28:00,11:28:30,,3164,상행,2025-05-01T05:00:00,,평일
3호선,1958,대화,309,,20250619,3호선,0342,오금,352,N,3호선,3187,0314,홍제,324,N,11:30:00,11:30:30,,3164,상행,2025-05-01T05:00:00,,평일
3호선,1958,대화,309,,20250619,3호선,0342,오금,352,N,3호선,3187,0313,녹번,323,N,11:32:30,11:33:00,,3164,상행,2025-05-01T05:00:00,,평일
3호선,1958,대화,309,,20250619,3호선,0342,오금,352,N,3호선,3187,0312,불광,322,N,11:34:30,11:35:00,,3164,상행,2025-05-01T05:00:00,,평일
3호선,1958,대화,309,,20250619,3호선,0342,오금,352,N,3호선,3187,0311,연신내,321,N,11:36:30,11:37:00,,3164,상행,2025-05-01T05:00:00,,평일
3호선,1958,대화,309,,20250619,3호선,0342,오금,352,N,3호선,3187,0310,구파발,320,N,11:39:00,11:39:30,,3164,상행,2025-05-01T05:00:00,,평일
3호선,1958,대화,309,,20250619,3호선,0342,오금,352,N,3호선,3187,0309,지축,319,N,11:42:30,11:43:00,,3164,상행,2025-05-01T05:00:00,,평일
3호선,1958,대화,309,,20250619,3호선,0342,오금,352,N,3호선,3187,1950,삼송,318,N,11:45:30,11:46:00,,3164,상행,2025-05-01T05:00:00,,평일
3호선,1958,대화,309,,20250619,3호선,0342,오금,352,N,3호선,3187,1948,원흥,317,N,11:48:00,11:48:30,,3164,상행,2025-05-01T05:00:00,,평일
3호선,1958,대화,309,,20250619,3호선,0342,오금,352,N,3호선,3187,1951,원당,316,N,11:51:00,11:51:30,,3164,상행,2025-05-01T05:00:00,,평일
3호선,1958,대화,309,,20250619,3호선,0342,오금,352,N,3호선,3187,1952,화정,315,N,11:54:30,11:55:00,,3164,상행,2025-05-01T05:00:00,,평일
3호선,1958,대화,309,,20250619,3호선,0342,오금,352,N,3호선,3187,1953,대곡,314,N,11:57:30,11:58:00,,3164,상행,2025-05-01T05:00:00,,평일
3호선,1958,대화,309,,20250619,3호선,0342,오금,352,N,3호선,3187,1954,백석,313,N,12:01:00,12:01:30,,3164,상행,2025-05-01T05:00:00,,평일
3호선,1958,대화,309,,20250619,3호선,0342,오금,352,N,3호선,3187,1955,마두,312,N,12:03:30,12:04:00,,3164,상행,2025-05-01T05:00:00,,평일
3호선,1958,대화,309,,20250619,3호선,0342,오금,352,N,3호선,3187,1956,정발산,311,N,12:05:30,12:06:00,,3164,상행,2025-05-01T05:00:00,,평일
3호선,1958,대화,309,,20250619,3호선,0342,오금,352,N,3호선,3187,1957,주엽,310,N,12:08:00,12:08:30,,3164,상행,2025-05-01T05:00:00,,평일
3호선,1958,대화,309,,20250619,3호선,0342,오금,352,N,3호선,3187,1958,대화,309,N,12:10:30,,,3164,상행,2025-05-01T05:00:00,,평일
3호선,0310,구파발,320,,20250619,3호선,0342,오금,352,N,3호선,3167,0342,오금,352,N,,10:42:00,,3166,상행,2025-05-01T05:00:00,,평일
3호선,0310,구파발,320,,20250619,3호선,0342,오금,352,N,3호선,3167,0341,경찰병원,351,N,10:43:00,10:43:30,,3166,상행,2025-05-01T05:00:00,,평일
3호선,0310,구파발,320,,20250619,3호선,0342,오금,352,N,3호선,3167,0340,가락시장,350,N,10:44:30,10:45:00,,3166,상행,2025-05-01T05:00:00,,평일
3호선,0310,구파발,320,,20250619,3호선,0342,오금,352,N,3호선,3167,0339,수서,349,N,10:47:00,10:47:30,,3166,상행,2025-05-01T05:00:00,,평일
3호선,0310,구파발,320,,20250619,3호선,0342,오금,352,N,3호선,3167,0338,일원,348,N,10:49:30,10:50:00,,3166,상행,2025-05-01T05:00:00,,평일
3호선,0310,구파발,320,,20250619,3호선,0342,오금,352,N,3호선,3167,0337,대청,347,N,10:51:30,10:52:00,,3166,상행,2025-05-01T05:00:00,,평일
3호선,0310,구파발,320,,20250619,3호선,0342,오금,352,N,3호선,3167,0336,학여울,346,N,10:53:30,10:54:00,,3166,상행,2025-05-01T05:00:00,,평일
3호선,0310,구파발,320,,20250619,3호선,0342,오금,352,N,3호선,3167,0335,대치,345,N,10:55:00,10:55:30,,3166,상행,2025-05-01T05:00:00,,평일
3호선,0310,구파발,320,,20250619,3호선,0342,오금,352,N,3호선,3167,0334,도곡,344,N,10:56:30,10:57:00,,3166,상행,2025-05-01T05:00:00,,평일
3호선,0310,구파발,320,,20250619,3호선,0342,오금,352,N,3호선,3167,0333,매봉,343,N,10:58:30,10:59:00,,3166,상행,2025-05-01T05:00:00,,평일
3호선,0310,구파발,320,,20250619,3호선,0342,오금,352,N,3호선,3167,0332,양재,342,N,11:01:00,11:01:30,,3166,상행,2025-05-01T05:00:00,,평일
3호선,0310,구파발,320,,20250619,3호선,0342,오금,352,N,3호선,3167,0331,남부터미널,341,N,11:03:30,11:04:00,,3166,상행,2025-05-01T05:00:00,,평일
3호선,0310,구파발,320,,20250619,3호선,0342,오금,352,N,3호선,3167,0330,교대,340,N,11:05:30,11:06:00,,3166,상행,2025-05-01T05:00:00,,평일
3호선,0310,구파발,320,,20250619,3호선,0342,오금,352,N,3호선,3167,0329,고속터미널,339,N,11:08:00,11:08:30,,3166,상행,2025-05-01T05:00:00,,평일
3호선,0310,구파발,320,,20250619,3호선,0342,오금,352,N,3호선,3167,0328,잠원,338,N,11:10:00,11:10:30,,3166,상행,2025-05-01T05:00:00,,평일
3호선,0310,구파발,320,,20250619,3호선,0342,오금,352,N,3호선,3167,0327,신사,337,N,11:12:00,11:12:30,,3166,상행,2025-05-01T05:00:00,,평일
3호선,0310,구파발,320,,20250619,3호선,0342,오금,352,N,3호선,3167,0326,압구정,336,N,11:14:30,11:15:00,,3166,상행,2025-05-01T05:00:00,,평일
3호선,0310,구파발,320,,20250619,3호선,0342,오금,352,N,3호선,3167,0325,옥수,335,N,11:17:00,11:17:30,,3166,상행,2025-05-01T05:00:00,,평일
3호선,0310,구파발,320,,20250619,3호선,0342,오금,352,N,3호선,3167,0324,금호,334,N,11:18:30,11:19:00,,3166,상행,2025-05-01T05:00:00,,평일
3호선,0310,구파발,320,,20250619,3호선,0342,오금,352,N,3호선,3167,0323,약수,333,N,11:20:00,11:20:30,,3166,상행,2025-05-01T05:00:00,,평일
3호선,0310,구파발,320,,20250619,3호선,0342,오금,352,N,3호선,3167,0322,동대입구,332,N,11:21:30,11:22:00,,3166,상행,2025-05-01T05:00:00,,평일
3호선,0310,구파발,320,,20250619,3호선,0342,오금,352,N,3호선,3167,0321,충무로,331,N,11:23:30,11:24:00,,3166,상행,2025-05-01T05:00:00,,평일
3호선,0310,구파발,320,,20250619,3호선,0342,오금,352,N,3호선,3167,0320,을지로3가,330,N,11:25:00,11:25:30,,3166,상행,2025-05-01T05:00:00,,평일
3호선,0310,구파발,320,,20250619,3호선,0342,오금,352,N,3호선,3167,0319,종로3가,329,N,11:26:30,11:27:00,,3166,상행,2025-05-01T05:00:00,,평일
3호선,0310,구파발,320,,20250619,3호선,0342,오금,352,N,3호선,3167,0318,안국,328,N,11:28:30,11:29:00,,3166,상행,2025-05-01T05:00:00,,평일
3호선,0310,구파발,320,,20250619,3호선,0342,오금,352,N,3호선,3167,0317,경복궁,327,N,11:30:30,11:31:00,,3166,상행,2025-05-01T05:00:00,,평일
3호선,0310,구파발,320,,20250619,3호선,0342,오금,352,N,3호선,3167,0316,독립문,326,N,11:33:00,11:33:30,,3166,상행,2025-05-01T05:00:00,,평일
3호선,0310,구파발,320,,20250619,3호선,0342,오금,352,N,3호선,3167,0315,무악재,325,N,11:35:00,11:35:30,,3166,상행,2025-05-01T05:00:00,,평일
3호선,0310,구파발,320,,20250619,3호선,0342,오금,352,N,3호선,3167,0314,홍제,324,N,11:37:00,11:37:30,,3166,상행,2025-05-01T05:00:00,,평일
3호선,0310,구파발,320,,20250619,3호선,0342,오금,352,N,3호선,3167,0313,녹번,323,N,11:39:30,11:40:00,,3166,상행,2025-05-01T05:00:00,,평일
3호선,0310,구파발,320,,20250619,3호선,0342,오금,352,N,3호선,3167,0312,불광,322,N,11:41:30,11:42:00,,3166,상행,2025-05-01T05:00:00,,평일
3호선,0310,구파발,320,,20250619,3호선,0342,오금,352,N,3호선,3167,0311,연신내,321,N,11:43:30,11:44:00,,3166,상행,2025-05-01T05:00:00,,평일
3호선,0310,구파발,320,,20250619,3호선,0342,오금,352,N,3호선,3167,0310,구파발,320,N,11:46:00,,,3166,상행,2025-05-01T05:00:00,,평일
3호선,1958,대화,309,,20250619,3호선,0342,오금,352,N,3호선,3189,0342,오금,352,N,,10:49:00,,3168K,상행,2025-05-01T05:00:00,,평일
3호선,1958,대화,309,,20250619,3호선,0342,오금,352,N,3호선,3189,0341,경찰병원,351,N,10:50:00,10:50:30,,3168K,상행,2025-05-01T05:00:00,,평일
3호선,1958,대화,309,,20250619,3호선,0342,오금,352,N,3호선,3189,0340,가락시장,350,N,10:51:30,10:52:00,,3168K,상행,2025-05-01T05:00:00,,평일
3호선,1958,대화,309,,20250619,3호선,0342,오금,352,N,3호선,3189,0339,수서,349,N,10:54:00,10:54:30,,3168K,상행,2025-05-01T05:00:00,,평일
3호선,1958,대화,309,,20250619,3호선,0342,오금,352,N,3호선,3189,0338,일원,348,N,10:56:30,10:57:00,,3168K,상행,2025-05-01T05:00:00,,평일
3호선,1958,대화,309,,20250619,3호선,0342,오금,352,N,3호선,3189,0337,대청,347,N,10:58:30,10:59:00,,3168K,상행,2025-05-01T05:00:00,,평일
3호선,1958,대화,309,,20250619,3호선,0342,오금,352,N,3호선,3189,0336,학여울,346,N,11:00:30,11:01:00,,3168K,상행,2025-05-01T05:00:00,,평일
3호선,1958,대화,309,,20250619,3호선,0342,오금,352,N,3호선,3189,0335,대치,345,N,11:02:00,11:02:30,,3168K,상행,2025-05-01T05:00:00,,평일
3호선,1958,대화,309,,20250619,3호선,0342,오금,352,N,3호선,3189,0334,도곡,344,N,11:03:30,11:04:00,,3168K,상행,2025-05-01T05:00:00,,평일
3호선,1958,대화,309,,20250619,3호선,0342,오금,352,N,3호선,3189,0333,매봉,343,N,11:05:30,11:06:00,,3168K,상행,2025-05-01T05:00:00,,평일
3호선,1958,대화,309,,20250619,3호선,0342,오금,352,N,3호선,3189,0332,양재,342,N,11:08:00,11:08:30,,3168K,상행,2025-05-01T05:00:00,,평일
3호선,1958,대화,309,,20250619,3호선,0342,오금,352,N,3호선,3189,0331,남부터미널,341,N,11:10:30,11:11:00,,3168K,상행,2025-05-01T05:00:00,,평일
3호선,1958,대화,309,,20250619,3호선,0342,오금,352,N,3호선,3189,0330,교대,340,N,11:12:30,11:13:00,,3168K,상행,2025-05-01T05:00:00,,평일
3호선,1958,대화,309,,20250619,3호선,0342,오금,352,N,3호선,3189,0329,고속터미널,339,N,11:15:00,11:15:30,,3168K,상행,2025-05-01T05:00:00,,평일
3호선,1958,대화,309,,20250619,3호선,0342,오금,352,N,3호선,3189,0328,잠원,338,N,11:17:00,11:17:30,,3168K,상행,2025-05-01T05:00:00,,평일
3호선,1958,대화,309,,20250619,3호선,0342,오금,352,N,3호선,3189,0327,신사,337,N,11:19:00,11:19:30,,3168K,상행,2025-05-01T05:00:00,,평일
3호선,1958,대화,309,,20250619,3호선,0342,오금,352,N,3호선,3189,0326,압구정,336,N,11:21:30,11:22:00,,3168K,상행,2025-05-01T05:00:00,,평일
3호선,1958,대화,309,,20250619,3호선,0342,오금,352,N,3호선,3189,0325,옥수,335,N,11:24:00,11:24:30,,3168K,상행,2025-05-01T05:00:00,,평일
3호선,1958,대화,309,,20250619,3호선,0342,오금,352,N,3호선,3189,0324,금호,334,N,11:25:30,11:26:00,,3168K,상행,2025-05-01T05:00:00,,평일
3호선,1958,대화,309,,20250619,3호선,0342,오금,352,N,3호선,3189,0323,약수,333,N,11:27:00,11:27:30,,3168K,상행,2025-05-01T05:00:00,,평일
3호선,1958,대화,309,,20250619,3호선,0342,오금,352,N,3호선,3189,0322,동대입구,332,N,11:28:30,11:29:00,,3168K,상행,2025-05-01T05:00:00,,평일
3호선,1958,대화,309,,20250619,3호선,0342,오금,352,N,3호선,3189,0321,충무로,331,N,11:30:30,11:31:00,,3168K,상행,2025-05-01T05:00:00,,평일
3호선,1958,대화,309,,20250619,3호선,0342,오금,352,N,3호선,3189,0320,을지로3가,330,N,11:32:00,11:32:30,,3168K,상행,2025-05-01T05:00:00,,평일
3호선,1958,대화,309,,20250619,3호선,0342,오금,352,N,3호선,3189,0319,종로3가,329,N,11:33:30,11:34:00,,3168K,상행,2025-05-01T05:00:00,,평일
3호선,1958,대화,309,,20250619,3호선,0342,오금,352,N,3호선,3189,0318,안국,328,N,11:35:30,11:36:00,,3168K,상행,2025-05-01T05:00:00,,평일
3호선,1958,대화,309,,20250619,3호선,0342,오금,352,N,3호선,3189,0317,경복궁,327,N,11:37:30,11:38:00,,3168K,상행,2025-05-01T05:00:00,,평일
3호선,1958,대화,309,,20250619,3호선,0342,오금,352,N,3호선,3189,0316,독립문,326,N,11:40:00,11:40:30,,3168K,상행,2025-05-01T05:00:00,,평일
3호선,1958,대화,309,,20250619,3호선,0342,오금,352,N,3호선,3189,0315,무악재,325,N,11:42:00,11:42:30,,3168K,상행,2025-05-01T05:00:00,,평일
3호선,1958,대화,309,,20250619,3호선,0342,오금,352,N,3호선,3189,0314,홍제,324,N,11:44:00,11:44:30,,3168K,상행,2025-05-01T05:00:00,,평일
3호선,1958,대화,309,,20250619,3호선,0342,오금,352,N,3호선,3189,0313,녹번,323,N,11:46:30,11:47:00,,3168K,상행,2025-05-01T05:00:00,,평일
3호선,1958,대화,309,,20250619,3호선,0342,오금,352,N,3호선,3189,0312,불광,322,N,11:48:30,11:49:00,,3168K,상행,2025-05-01T05:00:00,,평일
3호선,1958,대화,309,,20250619,3호선,0342,오금,352,N,3호선,3189,0311,연신내,321,N,11:50:30,11:51:00,,3168K,상행,2025-05-01T05:00:00,,평일
3호선,1958,대화,309,,20250619,3호선,0342,오금,352,N,3호선,3189,0310,구파발,320,N,11:53:00,11:53:30,,3168K,상행,2025-05-01T05:00:00,,평일
3호선,1958,대화,309,,20250619,3호선,0342,오금,352,N,3호선,3189,0309,지축,319,N,11:56:30,11:57:00,,3168K,상행,2025-05-01T05:00:00,,평일
3호선,1958,대화,309,,20250619,3호선,0342,오금,352,N,3호선,3189,1950,삼송,318,N,11:59:30,12:00:00,,3168K,상행,2025-05-01T05:00:00,,평일
3호선,1958,대화,309,,20250619,3호선,0342,오금,352,N,3호선,3189,1948,원흥,317,N,12:02:00,12:02:30,,3168K,상행,2025-05-01T05:00:00,,평일
3호선,1958,대화,309,,20250619,3호선,0342,오금,352,N,3호선,3189,1951,원당,316,N,12:05:00,12:05:30,,3168K,상행,2025-05-01T05:00:00,,평일
3호선,1958,대화,309,,20250619,3호선,0342,오금,352,N,3호선,3189,1952,화정,315,N,12:08:30,12:09:00,,3168K,상행,2025-05-01T05:00:00,,평일
3호선,1958,대화,309,,20250619,3호선,0342,오금,352,N,3호선,3189,1953,대곡,314,N,12:11:30,12:12:00,,3168K,상행,2025-05-01T05:00:00,,평일
3호선,1958,대화,309,,20250619,3호선,0342,오금,352,N,3호선,3189,1954,백석,313,N,12:15:00,12:15:30,,3168K,상행,2025-05-01T05:00:00,,평일
3호선,1958,대화,309,,20250619,3호선,0342,오금,352,N,3호선,3189,1955,마두,312,N,12:17:30,12:18:00,,3168K,상행,2025-05-01T05:00:00,,평일
3호선,1958,대화,309,,20250619,3호선,0342,오금,352,N,3호선,3189,1956,정발산,311,N,12:19:30,12:20:00,,3168K,상행,2025-05-01T05:00:00,,평일
3호선,1958,대화,309,,20250619,3호선,0342,오금,352,N,3호선,3189,1957,주엽,310,N,12:22:00,12:22:30,,3168K,상행,2025-05-01T05:00:00,,평일
3호선,1958,대화,309,,20250619,3호선,0342,오금,352,N,3호선,3189,1958,대화,309,N,12:24:30,,,3168K,상행,2025-05-01T05:00:00,,평일
3호선,0310,구파발,320,,20250619,3호선,0342,오금,352,N,3호선,3173,0342,오금,352,N,,10:56:00,,3170K,상행,2025-05-01T05:00:00,,평일
3호선,0310,구파발,320,,20250619,3호선,0342,오금,352,N,3호선,3173,0341,경찰병원,351,N,10:57:00,10:57:30,,3170K,상행,2025-05-01T05:00:00,,평일
3호선,0310,구파발,320,,20250619,3호선,0342,오금,352,N,3호선,3173,0340,가락시장,350,N,10:58:30,10:59:00,,3170K,상행,2025-05-01T05:00:00,,평일
3호선,0310,구파발,320,,20250619,3호선,0342,오금,352,N,3호선,3173,0339,수서,349,N,11:01:00,11:01:30,,3170K,상행,2025-05-01T05:00:00,,평일
3호선,0310,구파발,320,,20250619,3호선,0342,오금,352,N,3호선,3173,0338,일원,348,N,11:03:30,11:04:00,,3170K,상행,2025-05-01T05:00:00,,평일
3호선,0310,구파발,320,,20250619,3호선,0342,오금,352,N,3호선,3173,0337,대청,347,N,11:05:30,11:06:00,,3170K,상행,2025-05-01T05:00:00,,평일
3호선,0310,구파발,320,,20250619,3호선,0342,오금,352,N,3호선,3173,0336,학여울,346,N,11:07:30,11:08:00,,3170K,상행,2025-05-01T05:00:00,,평일
3호선,0310,구파발,320,,20250619,3호선,0342,오금,352,N,3호선,3173,0335,대치,345,N,11:09:00,11:09:30,,3170K,상행,2025-05-01T05:00:00,,평일
3호선,0310,구파발,320,,20250619,3호선,0342,오금,352,N,3호선,3173,0334,도곡,344,N,11:10:30,11:11:00,,3170K,상행,2025-05-01T05:00:00,,평일
3호선,0310,구파발,320,,20250619,3호선,0342,오금,352,N,3호선,3173,0333,매봉,343,N,11:12:30,11:13:00,,3170K,상행,2025-05-01T05:00:00,,평일
3호선,0310,구파발,320,,20250619,3호선,0342,오금,352,N,3호선,3173,0332,양재,342,N,11:15:00,11:15:30,,3170K,상행,2025-05-01T05:00:00,,평일
3호선,0310,구파발,320,,20250619,3호선,0342,오금,352,N,3호선,3173,0331,남부터미널,341,N,11:17:30,11:18:00,,3170K,상행,2025-05-01T05:00:00,,평일
3호선,0310,구파발,320,,20250619,3호선,0342,오금,352,N,3호선,3173,0330,교대,340,N,11:19:30,11:20:00,,3170K,상행,2025-05-01T05:00:00,,평일
3호선,0310,구파발,320,,20250619,3호선,0342,오금,352,N,3호선,3173,0329,고속터미널,339,N,11:22:00,11:22:30,,3170K,상행,2025-05-01T05:00:00,,평일
3호선,0310,구파발,320,,20250619,3호선,0342,오금,352,N,3호선,3173,0328,잠원,338,N,11:24:00,11:24:30,,3170K,상행,2025-05-01T05:00:00,,평일
3호선,0310,구파발,320,,20250619,3호선,0342,오금,352,N,3호선,3173,0327,신사,337,N,11:26:00,11:26:30,,3170K,상행,2025-05-01T05:00:00,,평일
3호선,0310,구파발,320,,20250619,3호선,0342,오금,352,N,3호선,3173,0326,압구정,336,N,11:28:30,11:29:00,,3170K,상행,2025-05-01T05:00:00,,평일
3호선,0310,구파발,320,,20250619,3호선,0342,오금,352,N,3호선,3173,0325,옥수,335,N,11:31:00,11:31:30,,3170K,상행,2025-05-01T05:00:00,,평일
3호선,0310,구파발,320,,20250619,3호선,0342,오금,352,N,3호선,3173,0324,금호,334,N,11:32:30,11:33:00,,3170K,상행,2025-05-01T05:00:00,,평일
3호선,0310,구파발,320,,20250619,3호선,0342,오금,352,N,3호선,3173,0323,약수,333,N,11:34:00,11:34:30,,3170K,상행,2025-05-01T05:00:00,,평일
3호선,0310,구파발,320,,20250619,3호선,0342,오금,352,N,3호선,3173,0322,동대입구,332,N,11:35:30,11:36:00,,3170K,상행,2025-05-01T05:00:00,,평일
3호선,0310,구파발,320,,20250619,3호선,0342,오금,352,N,3호선,3173,0321,충무로,331,N,11:37:30,11:38:00,,3170K,상행,2025-05-01T05:00:00,,평일
3호선,0310,구파발,320,,20250619,3호선,0342,오금,352,N,3호선,3173,0320,을지로3가,330,N,11:39:00,11:39:30,,3170K,상행,2025-05-01T05:00:00,,평일
3호선,0310,구파발,320,,20250619,3호선,0342,오금,352,N,3호선,3173,0319,종로3가,329,N,11:40:30,11:41:00,,3170K,상행,2025-05-01T05:00:00,,평일
3호선,0310,구파발,320,,20250619,3호선,0342,오금,352,N,3호선,3173,0318,안국,328,N,11:42:30,11:43:00,,3170K,상행,2025-05-01T05:00:00,,평일
3호선,0310,구파발,320,,20250619,3호선,0342,오금,352,N,3호선,3173,0317,경복궁,327,N,11:44:30,11:45:00,,3170K,상행,2025-05-01T05:00:00,,평일
3호선,0310,구파발,320,,20250619,3호선,0342,오금,352,N,3호선,3173,0316,독립문,326,N,11:47:00,11:47:30,,3170K,상행,2025-05-01T05:00:00,,평일
3호선,0310,구파발,320,,20250619,3호선,0342,오금,352,N,3호선,3173,0315,무악재,325,N,11:49:00,11:49:30,,3170K,상행,2025-05-01T05:00:00,,평일
3호선,0310,구파발,320,,20250619,3호선,0342,오금,352,N,3호선,3173,0314,홍제,324,N,11:51:00,11:51:30,,3170K,상행,2025-05-01T05:00:00,,평일
3호선,0310,구파발,320,,20250619,3호선,0342,오금,352,N,3호선,3173,0313,녹번,323,N,11:53:30,11:54:00,,3170K,상행,2025-05-01T05:00:00,,평일
3호선,0310,구파발,320,,20250619,3호선,0342,오금,352,N,3호선,3173,0312,불광,322,N,11:55:30,11:56:00,,3170K,상행,2025-05-01T05:00:00,,평일
3호선,0310,구파발,320,,20250619,3호선,0342,오금,352,N,3호선,3173,0311,연신내,321,N,11:57:30,11:58:00,,3170K,상행,2025-05-01T05:00:00,,평일
3호선,0310,구파발,320,,20250619,3호선,0342,오금,352,N,3호선,3173,0310,구파발,320,N,12:00:00,,,3170K,상행,2025-05-01T05:00:00,,평일
3호선,1958,대화,309,,20250619,3호선,0342,오금,352,N,3호선,3193,0342,오금,352,N,,11:03:00,,3172K,상행,2025-05-01T05:00:00,,평일
3호선,1958,대화,309,,20250619,3호선,0342,오금,352,N,3호선,3193,0341,경찰병원,351,N,11:04:00,11:04:30,,3172K,상행,2025-05-01T05:00:00,,평일
3호선,1958,대화,309,,20250619,3호선,0342,오금,352,N,3호선,3193,0340,가락시장,350,N,11:05:30,11:06:00,,3172K,상행,2025-05-01T05:00:00,,평일
3호선,1958,대화,309,,20250619,3호선,0342,오금,352,N,3호선,3193,0339,수서,349,N,11:08:00,11:08:30,,3172K,상행,2025-05-01T05:00:00,,평일
3호선,1958,대화,309,,20250619,3호선,0342,오금,352,N,3호선,3193,0338,일원,348,N,11:10:30,11:11:00,,3172K,상행,2025-05-01T05:00:00,,평일
3호선,1958,대화,309,,20250619,3호선,0342,오금,352,N,3호선,3193,0337,대청,347,N,11:12:30,11:13:00,,3172K,상행,2025-05-01T05:00:00,,평일
3호선,1958,대화,309,,20250619,3호선,0342,오금,352,N,3호선,3193,0336,학여울,346,N,11:14:30,11:15:00,,3172K,상행,2025-05-01T05:00:00,,평일
3호선,1958,대화,309,,20250619,3호선,0342,오금,352,N,3호선,3193,0335,대치,345,N,11:16:00,11:16:30,,3172K,상행,2025-05-01T05:00:00,,평일
3호선,1958,대화,309,,20250619,3호선,0342,오금,352,N,3호선,3193,0334,도곡,344,N,11:17:30,11:18:00,,3172K,상행,2025-05-01T05:00:00,,평일
3호선,1958,대화,309,,20250619,3호선,0342,오금,352,N,3호선,3193,0333,매봉,343,N,11:19:30,11:20:00,,3172K,상행,2025-05-01T05:00:00,,평일
3호선,1958,대화,309,,20250619,3호선,0342,오금,352,N,3호선,3193,0332,양재,342,N,11:22:00,11:22:30,,3172K,상행,2025-05-01T05:00:00,,평일
3호선,1958,대화,309,,20250619,3호선,0342,오금,352,N,3호선,3193,0331,남부터미널,341,N,11:24:30,11:25:00,,3172K,상행,2025-05-01T05:00:00,,평일
3호선,1958,대화,309,,20250619,3호선,0342,오금,352,N,3호선,3193,0330,교대,340,N,11:26:30,11:27:00,,3172K,상행,2025-05-01T05:00:00,,평일
3호선,1958,대화,309,,20250619,3호선,0342,오금,352,N,3호선,3193,0329,고속터미널,339,N,11:29:00,11:29:30,,3172K,상행,2025-05-01T05:00:00,,평일
3호선,1958,대화,309,,20250619,3호선,0342,오금,352,N,3호선,3193,0328,잠원,338,N,11:31:00,11:31:30,,3172K,상행,2025-05-01T05:00:00,,평일
3호선,1958,대화,309,,20250619,3호선,0342,오금,352,N,3호선,3193,0327,신사,337,N,11:33:00,11:33:30,,3172K,상행,2025-05-01T05:00:00,,평일
3호선,1958,대화,309,,20250619,3호선,0342,오금,352,N,3호선,3193,0326,압구정,336,N,11:35:30,11:36:00,,3172K,상행,2025-05-01T05:00:00,,평일
3호선,1958,대화,309,,20250619,3호선,0342,오금,352,N,3호선,3193,0325,옥수,335,N,11:38:00,11:38:30,,3172K,상행,2025-05-01T05:00:00,,평일
3호선,1958,대화,309,,20250619,3호선,0342,오금,352,N,3호선,3193,0324,금호,334,N,11:39:30,11:40:00,,3172K,상행,2025-05-01T05:00:00,,평일
3호선,1958,대화,309,,20250619,3호선,0342,오금,352,N,3호선,3193,0323,약수,333,N,11:41:00,11:41:30,,3172K,상행,2025-05-01T05:00:00,,평일
3호선,1958,대화,309,,20250619,3호선,0342,오금,352,N,3호선,3193,0322,동대입구,332,N,11:42:30,11:43:00,,3172K,상행,2025-05-01T05:00:00,,평일
3호선,1958,대화,309,,20250619,3호선,0342,오금,352,N,3호선,3193,0321,충무로,331,N,11:44:30,11:45:00,,3172K,상행,2025-05-01T05:00:00,,평일
3호선,1958,대화,309,,20250619,3호선,0342,오금,352,N,3호선,3193,0320,을지로3가,330,N,11:46:00,11:46:30,,3172K,상행,2025-05-01T05:00:00,,평일
3호선,1958,대화,309,,20250619,3호선,0342,오금,352,N,3호선,3193,0319,종로3가,329,N,11:47:30,11:48:00,,3172K,상행,2025-05-01T05:00:00,,평일
3호선,1958,대화,309,,20250619,3호선,0342,오금,352,N,3호선,3193,0318,안국,328,N,11:49:30,11:50:00,,3172K,상행,2025-05-01T05:00:00,,평일
3호선,1958,대화,309,,20250619,3호선,0342,오금,352,N,3호선,3193,0317,경복궁,327,N,11:51:30,11:52:00,,3172K,상행,2025-05-01T05:00:00,,평일
3호선,1958,대화,309,,20250619,3호선,0342,오금,352,N,3호선,3193,0316,독립문,326,N,11:54:00,11:54:30,,3172K,상행,2025-05-01T05:00:00,,평일
3호선,1958,대화,309,,20250619,3호선,0342,오금,352,N,3호선,3193,0315,무악재,325,N,11:56:00,11:56:30,,3172K,상행,2025-05-01T05:00:00,,평일
3호선,1958,대화,309,,20250619,3호선,0342,오금,352,N,3호선,3193,0314,홍제,324,N,11:58:00,11:58:30,,3172K,상행,2025-05-01T05:00:00,,평일
3호선,1958,대화,309,,20250619,3호선,0342,오금,352,N,3호선,3193,0313,녹번,323,N,12:00:30,12:01:00,,3172K,상행,2025-05-01T05:00:00,,평일
3호선,1958,대화,309,,20250619,3호선,0342,오금,352,N,3호선,3193,0312,불광,322,N,12:02:30,12:03:00,,3172K,상행,2025-05-01T05:00:00,,평일
3호선,1958,대화,309,,20250619,3호선,0342,오금,352,N,3호선,3193,0311,연신내,321,N,12:04:30,12:05:00,,3172K,상행,2025-05-01T05:00:00,,평일
3호선,1958,대화,309,,20250619,3호선,0342,오금,352,N,3호선,3193,0310,구파발,320,N,12:07:00,12:07:30,,3172K,상행,2025-05-01T05:00:00,,평일
3호선,1958,대화,309,,20250619,3호선,0342,오금,352,N,3호선,3193,0309,지축,319,N,12:10:30,12:11:00,,3172K,상행,2025-05-01T05:00:00,,평일
3호선,1958,대화,309,,20250619,3호선,0342,오금,352,N,3호선,3193,1950,삼송,318,N,12:13:30,12:14:00,,3172K,상행,2025-05-01T05:00:00,,평일
3호선,1958,대화,309,,20250619,3호선,0342,오금,352,N,3호선,3193,1948,원흥,317,N,12:16:00,12:16:30,,3172K,상행,2025-05-01T05:00:00,,평일
3호선,1958,대화,309,,20250619,3호선,0342,오금,352,N,3호선,3193,1951,원당,316,N,12:19:00,12:19:30,,3172K,상행,2025-05-01T05:00:00,,평일
3호선,1958,대화,309,,20250619,3호선,0342,오금,352,N,3호선,3193,1952,화정,315,N,12:22:30,12:23:00,,3172K,상행,2025-05-01T05:00:00,,평일
3호선,1958,대화,309,,20250619,3호선,0342,오금,352,N,3호선,3193,1953,대곡,314,N,12:25:30,12:26:00,,3172K,상행,2025-05-01T05:00:00,,평일
3호선,1958,대화,309,,20250619,3호선,0342,오금,352,N,3호선,3193,1954,백석,313,N,12:29:00,12:29:30,,3172K,상행,2025-05-01T05:00:00,,평일
3호선,1958,대화,309,,20250619,3호선,0342,오금,352,N,3호선,3193,1955,마두,312,N,12:31:30,12:32:00,,3172K,상행,2025-05-01T05:00:00,,평일
3호선,1958,대화,309,,20250619,3호선,0342,오금,352,N,3호선,3193,1956,정발산,311,N,12:33:30,12:34:00,,3172K,상행,2025-05-01T05:00:00,,평일
3호선,1958,대화,309,,20250619,3호선,0342,오금,352,N,3호선,3193,1957,주엽,310,N,12:36:00,12:36:30,,3172K,상행,2025-05-01T05:00:00,,평일
3호선,1958,대화,309,,20250619,3호선,0342,오금,352,N,3호선,3193,1958,대화,309,N,12:38:30,,,3172K,상행,2025-05-01T05:00:00,,평일
3호선,1958,대화,309,,20250619,3호선,0342,오금,352,N,3호선,3195,0342,오금,352,N,,11:09:30,,3174,상행,2025-05-01T05:00:00,,평일
3호선,1958,대화,309,,20250619,3호선,0342,오금,352,N,3호선,3195,0341,경찰병원,351,N,11:10:30,11:11:00,,3174,상행,2025-05-01T05:00:00,,평일
3호선,1958,대화,309,,20250619,3호선,0342,오금,352,N,3호선,3195,0340,가락시장,350,N,11:12:00,11:12:30,,3174,상행,2025-05-01T05:00:00,,평일
3호선,1958,대화,309,,20250619,3호선,0342,오금,352,N,3호선,3195,0339,수서,349,N,11:14:30,11:15:00,,3174,상행,2025-05-01T05:00:00,,평일
3호선,1958,대화,309,,20250619,3호선,0342,오금,352,N,3호선,3195,0338,일원,348,N,11:17:00,11:17:30,,3174,상행,2025-05-01T05:00:00,,평일
3호선,1958,대화,309,,20250619,3호선,0342,오금,352,N,3호선,3195,0337,대청,347,N,11:19:00,11:19:30,,3174,상행,2025-05-01T05:00:00,,평일
3호선,1958,대화,309,,20250619,3호선,0342,오금,352,N,3호선,3195,0336,학여울,346,N,11:21:00,11:21:30,,3174,상행,2025-05-01T05:00:00,,평일
3호선,1958,대화,309,,20250619,3호선,0342,오금,352,N,3호선,3195,0335,대치,345,N,11:22:30,11:23:00,,3174,상행,2025-05-01T05:00:00,,평일
3호선,1958,대화,309,,20250619,3호선,0342,오금,352,N,3호선,3195,0334,도곡,344,N,11:24:00,11:24:30,,3174,상행,2025-05-01T05:00:00,,평일
3호선,1958,대화,309,,20250619,3호선,0342,오금,352,N,3호선,3195,0333,매봉,343,N,11:26:00,11:26:30,,3174,상행,2025-05-01T05:00:00,,평일
3호선,1958,대화,309,,20250619,3호선,0342,오금,352,N,3호선,3195,0332,양재,342,N,11:28:30,11:29:00,,3174,상행,2025-05-01T05:00:00,,평일
3호선,1958,대화,309,,20250619,3호선,0342,오금,352,N,3호선,3195,0331,남부터미널,341,N,11:31:00,11:31:30,,3174,상행,2025-05-01T05:00:00,,평일
3호선,1958,대화,309,,20250619,3호선,0342,오금,352,N,3호선,3195,0330,교대,340,N,11:33:00,11:33:30,,3174,상행,2025-05-01T05:00:00,,평일
3호선,1958,대화,309,,20250619,3호선,0342,오금,352,N,3호선,3195,0329,고속터미널,339,N,11:35:30,11:36:00,,3174,상행,2025-05-01T05:00:00,,평일
3호선,1958,대화,309,,20250619,3호선,0342,오금,352,N,3호선,3195,0328,잠원,338,N,11:37:30,11:38:00,,3174,상행,2025-05-01T05:00:00,,평일
3호선,1958,대화,309,,20250619,3호선,0342,오금,352,N,3호선,3195,0327,신사,337,N,11:39:30,11:40:00,,3174,상행,2025-05-01T05:00:00,,평일
3호선,1958,대화,309,,20250619,3호선,0342,오금,352,N,3호선,3195,0326,압구정,336,N,11:42:00,11:42:30,,3174,상행,2025-05-01T05:00:00,,평일
3호선,1958,대화,309,,20250619,3호선,0342,오금,352,N,3호선,3195,0325,옥수,335,N,11:44:30,11:45:00,,3174,상행,2025-05-01T05:00:00,,평일
3호선,1958,대화,309,,20250619,3호선,0342,오금,352,N,3호선,3195,0324,금호,334,N,11:46:00,11:46:30,,3174,상행,2025-05-01T05:00:00,,평일
3호선,1958,대화,309,,20250619,3호선,0342,오금,352,N,3호선,3195,0323,약수,333,N,11:47:30,11:48:00,,3174,상행,2025-05-01T05:00:00,,평일
3호선,1958,대화,309,,20250619,3호선,0342,오금,352,N,3호선,3195,0322,동대입구,332,N,11:49:00,11:49:30,,3174,상행,2025-05-01T05:00:00,,평일
3호선,1958,대화,309,,20250619,3호선,0342,오금,352,N,3호선,3195,0321,충무로,331,N,11:51:00,11:51:30,,3174,상행,2025-05-01T05:00:00,,평일
3호선,1958,대화,309,,20250619,3호선,0342,오금,352,N,3호선,3195,0320,을지로3가,330,N,11:52:30,11:53:00,,3174,상행,2025-05-01T05:00:00,,평일
3호선,1958,대화,309,,20250619,3호선,0342,오금,352,N,3호선,3195,0319,종로3가,329,N,11:54:00,11:54:30,,3174,상행,2025-05-01T05:00:00,,평일
3호선,1958,대화,309,,20250619,3호선,0342,오금,352,N,3호선,3195,0318,안국,328,N,11:56:00,11:56:30,,3174,상행,2025-05-01T05:00:00,,평일
3호선,1958,대화,309,,20250619,3호선,0342,오금,352,N,3호선,3195,0317,경복궁,327,N,11:58:00,11:58:30,,3174,상행,2025-05-01T05:00:00,,평일
3호선,1958,대화,309,,20250619,3호선,0342,오금,352,N,3호선,3195,0316,독립문,326,N,12:00:30,12:01:00,,3174,상행,2025-05-01T05:00:00,,평일
3호선,1958,대화,309,,20250619,3호선,0342,오금,352,N,3호선,3195,0315,무악재,325,N,12:02:30,12:03:00,,3174,상행,2025-05-01T05:00:00,,평일
3호선,1958,대화,309,,20250619,3호선,0342,오금,352,N,3호선,3195,0314,홍제,324,N,12:04:30,12:05:00,,3174,상행,2025-05-01T05:00:00,,평일
3호선,1958,대화,309,,20250619,3호선,0342,오금,352,N,3호선,3195,0313,녹번,323,N,12:07:00,12:07:30,,3174,상행,2025-05-01T05:00:00,,평일
3호선,1958,대화,309,,20250619,3호선,0342,오금,352,N,3호선,3195,0312,불광,322,N,12:09:00,12:09:30,,3174,상행,2025-05-01T05:00:00,,평일
3호선,1958,대화,309,,20250619,3호선,0342,오금,352,N,3호선,3195,0311,연신내,321,N,12:11:00,12:11:30,,3174,상행,2025-05-01T05:00:00,,평일
3호선,1958,대화,309,,20250619,3호선,0342,오금,352,N,3호선,3195,0310,구파발,320,N,12:13:30,12:14:00,,3174,상행,2025-05-01T05:00:00,,평일
3호선,1958,대화,309,,20250619,3호선,0342,오금,352,N,3호선,3195,0309,지축,319,N,12:17:00,12:17:30,,3174,상행,2025-05-01T05:00:00,,평일
3호선,1958,대화,309,,20250619,3호선,0342,오금,352,N,3호선,3195,1950,삼송,318,N,12:20:00,12:20:30,,3174,상행,2025-05-01T05:00:00,,평일
3호선,1958,대화,309,,20250619,3호선,0342,오금,352,N,3호선,3195,1948,원흥,317,N,12:22:30,12:23:00,,3174,상행,2025-05-01T05:00:00,,평일
3호선,1958,대화,309,,20250619,3호선,0342,오금,352,N,3호선,3195,1951,원당,316,N,12:25:30,12:26:00,,3174,상행,2025-05-01T05:00:00,,평일
3호선,1958,대화,309,,20250619,3호선,0342,오금,352,N,3호선,3195,1952,화정,315,N,12:29:00,12:29:30,,3174,상행,2025-05-01T05:00:00,,평일
3호선,1958,대화,309,,20250619,3호선,0342,오금,352,N,3호선,3195,1953,대곡,314,N,12:32:00,12:32:30,,3174,상행,2025-05-01T05:00:00,,평일
3호선,1958,대화,309,,20250619,3호선,0342,오금,352,N,3호선,3195,1954,백석,313,N,12:35:30,12:36:00,,3174,상행,2025-05-01T05:00:00,,평일
3호선,1958,대화,309,,20250619,3호선,0342,오금,352,N,3호선,3195,1955,마두,312,N,12:38:00,12:38:30,,3174,상행,2025-05-01T05:00:00,,평일
3호선,1958,대화,309,,20250619,3호선,0342,오금,352,N,3호선,3195,1956,정발산,311,N,12:40:00,12:40:30,,3174,상행,2025-05-01T05:00:00,,평일
3호선,1958,대화,309,,20250619,3호선,0342,오금,352,N,3호선,3195,1957,주엽,310,N,12:42:30,12:43:00,,3174,상행,2025-05-01T05:00:00,,평일
3호선,1958,대화,309,,20250619,3호선,0342,오금,352,N,3호선,3195,1958,대화,309,N,12:45:00,,,3174,상행,2025-05-01T05:00:00,,평일
3호선,1958,대화,309,,20250619,3호선,0342,오금,352,N,3호선,3197,0342,오금,352,N,,11:16:00,,3176,상행,2025-05-01T05:00:00,,평일
3호선,1958,대화,309,,20250619,3호선,0342,오금,352,N,3호선,3197,0341,경찰병원,351,N,11:17:00,11:17:30,,3176,상행,2025-05-01T05:00:00,,평일
3호선,1958,대화,309,,20250619,3호선,0342,오금,352,N,3호선,3197,0340,가락시장,350,N,11:18:30,11:19:00,,3176,상행,2025-05-01T05:00:00,,평일
3호선,1958,대화,309,,20250619,3호선,0342,오금,352,N,3호선,3197,0339,수서,349,N,11:21:00,11:21:30,,3176,상행,2025-05-01T05:00:00,,평일
3호선,1958,대화,309,,20250619,3호선,0342,오금,352,N,3호선,3197,0338,일원,348,N,11:23:30,11:24:00,,3176,상행,2025-05-01T05:00:00,,평일
3호선,1958,대화,309,,20250619,3호선,0342,오금,352,N,3호선,3197,0337,대청,347,N,11:25:30,11:26:00,,3176,상행,2025-05-01T05:00:00,,평일
3호선,1958,대화,309,,20250619,3호선,0342,오금,352,N,3호선,3197,0336,학여울,346,N,11:27:30,11:28:00,,3176,상행,2025-05-01T05:00:00,,평일
3호선,1958,대화,309,,20250619,3호선,0342,오금,352,N,3호선,3197,0335,대치,345,N,11:29:00,11:29:30,,3176,상행,2025-05-01T05:00:00,,평일
3호선,1958,대화,309,,20250619,3호선,0342,오금,352,N,3호선,3197,0334,도곡,344,N,11:30:30,11:31:00,,3176,상행,2025-05-01T05:00:00,,평일
3호선,1958,대화,309,,20250619,3호선,0342,오금,352,N,3호선,3197,0333,매봉,343,N,11:32:30,11:33:00,,3176,상행,2025-05-01T05:00:00,,평일
3호선,1958,대화,309,,20250619,3호선,0342,오금,352,N,3호선,3197,0332,양재,342,N,11:35:00,11:35:30,,3176,상행,2025-05-01T05:00:00,,평일
3호선,1958,대화,309,,20250619,3호선,0342,오금,352,N,3호선,3197,0331,남부터미널,341,N,11:37:30,11:38:00,,3176,상행,2025-05-01T05:00:00,,평일
3호선,1958,대화,309,,20250619,3호선,0342,오금,352,N,3호선,3197,0330,교대,340,N,11:39:30,11:40:00,,3176,상행,2025-05-01T05:00:00,,평일
3호선,1958,대화,309,,20250619,3호선,0342,오금,352,N,3호선,3197,0329,고속터미널,339,N,11:42:00,11:42:30,,3176,상행,2025-05-01T05:00:00,,평일
3호선,1958,대화,309,,20250619,3호선,0342,오금,352,N,3호선,3197,0328,잠원,338,N,11:44:00,11:44:30,,3176,상행,2025-05-01T05:00:00,,평일
3호선,1958,대화,309,,20250619,3호선,0342,오금,352,N,3호선,3197,0327,신사,337,N,11:46:00,11:46:30,,3176,상행,2025-05-01T05:00:00,,평일
3호선,1958,대화,309,,20250619,3호선,0342,오금,352,N,3호선,3197,0326,압구정,336,N,11:48:30,11:49:00,,3176,상행,2025-05-01T05:00:00,,평일
3호선,1958,대화,309,,20250619,3호선,0342,오금,352,N,3호선,3197,0325,옥수,335,N,11:51:00,11:51:30,,3176,상행,2025-05-01T05:00:00,,평일
3호선,1958,대화,309,,20250619,3호선,0342,오금,352,N,3호선,3197,0324,금호,334,N,11:52:30,11:53:00,,3176,상행,2025-05-01T05:00:00,,평일
3호선,1958,대화,309,,20250619,3호선,0342,오금,352,N,3호선,3197,0323,약수,333,N,11:54:00,11:54:30,,3176,상행,2025-05-01T05:00:00,,평일
3호선,1958,대화,309,,20250619,3호선,0342,오금,352,N,3호선,3197,0322,동대입구,332,N,11:55:30,11:56:00,,3176,상행,2025-05-01T05:00:00,,평일
3호선,1958,대화,309,,20250619,3호선,0342,오금,352,N,3호선,3197,0321,충무로,331,N,11:57:30,11:58:00,,3176,상행,2025-05-01T05:00:00,,평일
3호선,1958,대화,309,,20250619,3호선,0342,오금,352,N,3호선,3197,0320,을지로3가,330,N,11:59:00,11:59:30,,3176,상행,2025-05-01T05:00:00,,평일
3호선,1958,대화,309,,20250619,3호선,0342,오금,352,N,3호선,3197,0319,종로3가,329,N,12:00:30,12:01:00,,3176,상행,2025-05-01T05:00:00,,평일
3호선,1958,대화,309,,20250619,3호선,0342,오금,352,N,3호선,3197,0318,안국,328,N,12:02:30,12:03:00,,3176,상행,2025-05-01T05:00:00,,평일
3호선,1958,대화,309,,20250619,3호선,0342,오금,352,N,3호선,3197,0317,경복궁,327,N,12:04:30,12:05:00,,3176,상행,2025-05-01T05:00:00,,평일
3호선,1958,대화,309,,20250619,3호선,0342,오금,352,N,3호선,3197,0316,독립문,326,N,12:07:00,12:07:30,,3176,상행,2025-05-01T05:00:00,,평일
3호선,1958,대화,309,,20250619,3호선,0342,오금,352,N,3호선,3197,0315,무악재,325,N,12:09:00,12:09:30,,3176,상행,2025-05-01T05:00:00,,평일
3호선,1958,대화,309,,20250619,3호선,0342,오금,352,N,3호선,3197,0314,홍제,324,N,12:11:00,12:11:30,,3176,상행,2025-05-01T05:00:00,,평일
3호선,1958,대화,309,,20250619,3호선,0342,오금,352,N,3호선,3197,0313,녹번,323,N,12:13:30,12:14:00,,3176,상행,2025-05-01T05:00:00,,평일
3호선,1958,대화,309,,20250619,3호선,0342,오금,352,N,3호선,3197,0312,불광,322,N,12:15:30,12:16:00,,3176,상행,2025-05-01T05:00:00,,평일
3호선,1958,대화,309,,20250619,3호선,0342,오금,352,N,3호선,3197,0311,연신내,321,N,12:17:30,12:18:00,,3176,상행,2025-05-01T05:00:00,,평일
3호선,1958,대화,309,,20250619,3호선,0342,오금,352,N,3호선,3197,0310,구파발,320,N,12:20:00,12:20:30,,3176,상행,2025-05-01T05:00:00,,평일
3호선,1958,대화,309,,20250619,3호선,0342,오금,352,N,3호선,3197,0309,지축,319,N,12:23:30,12:24:00,,3176,상행,2025-05-01T05:00:00,,평일
3호선,1958,대화,309,,20250619,3호선,0342,오금,352,N,3호선,3197,1950,삼송,318,N,12:26:30,12:27:00,,3176,상행,2025-05-01T05:00:00,,평일
3호선,1958,대화,309,,20250619,3호선,0342,오금,352,N,3호선,3197,1948,원흥,317,N,12:29:00,12:29:30,,3176,상행,2025-05-01T05:00:00,,평일
3호선,1958,대화,309,,20250619,3호선,0342,오금,352,N,3호선,3197,1951,원당,316,N,12:32:00,12:32:30,,3176,상행,2025-05-01T05:00:00,,평일
3호선,1958,대화,309,,20250619,3호선,0342,오금,352,N,3호선,3197,1952,화정,315,N,12:35:30,12:36:00,,3176,상행,2025-05-01T05:00:00,,평일
3호선,1958,대화,309,,20250619,3호선,0342,오금,352,N,3호선,3197,1953,대곡,314,N,12:38:30,12:39:00,,3176,상행,2025-05-01T05:00:00,,평일
3호선,1958,대화,309,,20250619,3호선,0342,오금,352,N,3호선,3197,1954,백석,313,N,12:42:00,12:42:30,,3176,상행,2025-05-01T05:00:00,,평일
3호선,1958,대화,309,,20250619,3호선,0342,오금,352,N,3호선,3197,1955,마두,312,N,12:44:30,12:45:00,,3176,상행,2025-05-01T05:00:00,,평일
3호선,1958,대화,309,,20250619,3호선,0342,오금,352,N,3호선,3197,1956,정발산,311,N,12:46:30,12:47:00,,3176,상행,2025-05-01T05:00:00,,평일
3호선,1958,대화,309,,20250619,3호선,0342,오금,352,N,3호선,3197,1957,주엽,310,N,12:49:00,12:49:30,,3176,상행,2025-05-01T05:00:00,,평일
3호선,1958,대화,309,,20250619,3호선,0342,오금,352,N,3호선,3197,1958,대화,309,N,12:51:30,,,3176,상행,2025-05-01T05:00:00,,평일
3호선,0310,구파발,320,,20250619,3호선,0342,오금,352,N,3호선,3179,0342,오금,352,N,,11:23:30,,3178,상행,2025-05-01T05:00:00,,평일
3호선,0310,구파발,320,,20250619,3호선,0342,오금,352,N,3호선,3179,0341,경찰병원,351,N,11:24:30,11:25:00,,3178,상행,2025-05-01T05:00:00,,평일
3호선,0310,구파발,320,,20250619,3호선,0342,오금,352,N,3호선,3179,0340,가락시장,350,N,11:26:00,11:26:30,,3178,상행,2025-05-01T05:00:00,,평일
3호선,0310,구파발,320,,20250619,3호선,0342,오금,352,N,3호선,3179,0339,수서,349,N,11:28:30,11:29:00,,3178,상행,2025-05-01T05:00:00,,평일
3호선,0310,구파발,320,,20250619,3호선,0342,오금,352,N,3호선,3179,0338,일원,348,N,11:31:00,11:31:30,,3178,상행,2025-05-01T05:00:00,,평일
3호선,0310,구파발,320,,20250619,3호선,0342,오금,352,N,3호선,3179,0337,대청,347,N,11:33:00,11:33:30,,3178,상행,2025-05-01T05:00:00,,평일
3호선,0310,구파발,320,,20250619,3호선,0342,오금,352,N,3호선,3179,0336,학여울,346,N,11:35:00,11:35:30,,3178,상행,2025-05-01T05:00:00,,평일
3호선,0310,구파발,320,,20250619,3호선,0342,오금,352,N,3호선,3179,0335,대치,345,N,11:36:30,11:37:00,,3178,상행,2025-05-01T05:00:00,,평일
3호선,0310,구파발,320,,20250619,3호선,0342,오금,352,N,3호선,3179,0334,도곡,344,N,11:38:00,11:38:30,,3178,상행,2025-05-01T05:00:00,,평일
3호선,0310,구파발,320,,20250619,3호선,0342,오금,352,N,3호선,3179,0333,매봉,343,N,11:40:00,11:40:30,,3178,상행,2025-05-01T05:00:00,,평일
3호선,0310,구파발,320,,20250619,3호선,0342,오금,352,N,3호선,3179,0332,양재,342,N,11:42:30,11:43:00,,3178,상행,2025-05-01T05:00:00,,평일
3호선,0310,구파발,320,,20250619,3호선,0342,오금,352,N,3호선,3179,0331,남부터미널,341,N,11:45:00,11:45:30,,3178,상행,2025-05-01T05:00:00,,평일
3호선,0310,구파발,320,,20250619,3호선,0342,오금,352,N,3호선,3179,0330,교대,340,N,11:47:00,11:47:30,,3178,상행,2025-05-01T05:00:00,,평일
3호선,0310,구파발,320,,20250619,3호선,0342,오금,352,N,3호선,3179,0329,고속터미널,339,N,11:49:30,11:50:00,,3178,상행,2025-05-01T05:00:00,,평일
3호선,0310,구파발,320,,20250619,3호선,0342,오금,352,N,3호선,3179,0328,잠원,338,N,11:51:30,11:52:00,,3178,상행,2025-05-01T05:00:00,,평일
3호선,0310,구파발,320,,20250619,3호선,0342,오금,352,N,3호선,3179,0327,신사,337,N,11:53:30,11:54:00,,3178,상행,2025-05-01T05:00:00,,평일
3호선,0310,구파발,320,,20250619,3호선,0342,오금,352,N,3호선,3179,0326,압구정,336,N,11:56:00,11:56:30,,3178,상행,2025-05-01T05:00:00,,평일
3호선,0310,구파발,320,,20250619,3호선,0342,오금,352,N,3호선,3179,0325,옥수,335,N,11:58:30,11:59:00,,3178,상행,2025-05-01T05:00:00,,평일
3호선,0310,구파발,320,,20250619,3호선,0342,오금,352,N,3호선,3179,0324,금호,334,N,12:00:00,12:00:30,,3178,상행,2025-05-01T05:00:00,,평일
3호선,0310,구파발,320,,20250619,3호선,0342,오금,352,N,3호선,3179,0323,약수,333,N,12:01:30,12:02:00,,3178,상행,2025-05-01T05:00:00,,평일
3호선,0310,구파발,320,,20250619,3호선,0342,오금,352,N,3호선,3179,0322,동대입구,332,N,12:03:00,12:03:30,,3178,상행,2025-05-01T05:00:00,,평일
3호선,0310,구파발,320,,20250619,3호선,0342,오금,352,N,3호선,3179,0321,충무로,331,N,12:05:00,12:05:30,,3178,상행,2025-05-01T05:00:00,,평일
3호선,0310,구파발,320,,20250619,3호선,0342,오금,352,N,3호선,3179,0320,을지로3가,330,N,12:06:30,12:07:00,,3178,상행,2025-05-01T05:00:00,,평일
3호선,0310,구파발,320,,20250619,3호선,0342,오금,352,N,3호선,3179,0319,종로3가,329,N,12:08:00,12:08:30,,3178,상행,2025-05-01T05:00:00,,평일
3호선,0310,구파발,320,,20250619,3호선,0342,오금,352,N,3호선,3179,0318,안국,328,N,12:10:00,12:10:30,,3178,상행,2025-05-01T05:00:00,,평일
3호선,0310,구파발,320,,20250619,3호선,0342,오금,352,N,3호선,3179,0317,경복궁,327,N,12:12:00,12:12:30,,3178,상행,2025-05-01T05:00:00,,평일
3호선,0310,구파발,320,,20250619,3호선,0342,오금,352,N,3호선,3179,0316,독립문,326,N,12:14:30,12:15:00,,3178,상행,2025-05-01T05:00:00,,평일
3호선,0310,구파발,320,,20250619,3호선,0342,오금,352,N,3호선,3179,0315,무악재,325,N,12:16:30,12:17:00,,3178,상행,2025-05-01T05:00:00,,평일
3호선,0310,구파발,320,,20250619,3호선,0342,오금,352,N,3호선,3179,0314,홍제,324,N,12:18:30,12:19:00,,3178,상행,2025-05-01T05:00:00,,평일
3호선,0310,구파발,320,,20250619,3호선,0342,오금,352,N,3호선,3179,0313,녹번,323,N,12:21:00,12:21:30,,3178,상행,2025-05-01T05:00:00,,평일
3호선,0310,구파발,320,,20250619,3호선,0342,오금,352,N,3호선,3179,0312,불광,322,N,12:23:00,12:23:30,,3178,상행,2025-05-01T05:00:00,,평일
3호선,0310,구파발,320,,20250619,3호선,0342,오금,352,N,3호선,3179,0311,연신내,321,N,12:25:00,12:25:30,,3178,상행,2025-05-01T05:00:00,,평일
3호선,0310,구파발,320,,20250619,3호선,0342,오금,352,N,3호선,3179,0310,구파발,320,N,12:27:30,,,3178,상행,2025-05-01T05:00:00,,평일
3호선,1958,대화,309,,20250619,3호선,0342,오금,352,N,3호선,3201,0342,오금,352,N,,11:31:00,,3180,상행,2025-05-01T05:00:00,,평일
3호선,1958,대화,309,,20250619,3호선,0342,오금,352,N,3호선,3201,0341,경찰병원,351,N,11:32:00,11:32:30,,3180,상행,2025-05-01T05:00:00,,평일
3호선,1958,대화,309,,20250619,3호선,0342,오금,352,N,3호선,3201,0340,가락시장,350,N,11:33:30,11:34:00,,3180,상행,2025-05-01T05:00:00,,평일
3호선,1958,대화,309,,20250619,3호선,0342,오금,352,N,3호선,3201,0339,수서,349,N,11:36:00,11:36:30,,3180,상행,2025-05-01T05:00:00,,평일
3호선,1958,대화,309,,20250619,3호선,0342,오금,352,N,3호선,3201,0338,일원,348,N,11:38:30,11:39:00,,3180,상행,2025-05-01T05:00:00,,평일
3호선,1958,대화,309,,20250619,3호선,0342,오금,352,N,3호선,3201,0337,대청,347,N,11:40:30,11:41:00,,3180,상행,2025-05-01T05:00:00,,평일
3호선,1958,대화,309,,20250619,3호선,0342,오금,352,N,3호선,3201,0336,학여울,346,N,11:42:30,11:43:00,,3180,상행,2025-05-01T05:00:00,,평일
3호선,1958,대화,309,,20250619,3호선,0342,오금,352,N,3호선,3201,0335,대치,345,N,11:44:00,11:44:30,,3180,상행,2025-05-01T05:00:00,,평일
3호선,1958,대화,309,,20250619,3호선,0342,오금,352,N,3호선,3201,0334,도곡,344,N,11:45:30,11:46:00,,3180,상행,2025-05-01T05:00:00,,평일
3호선,1958,대화,309,,20250619,3호선,0342,오금,352,N,3호선,3201,0333,매봉,343,N,11:47:30,11:48:00,,3180,상행,2025-05-01T05:00:00,,평일
3호선,1958,대화,309,,20250619,3호선,0342,오금,352,N,3호선,3201,0332,양재,342,N,11:50:00,11:50:30,,3180,상행,2025-05-01T05:00:00,,평일
3호선,1958,대화,309,,20250619,3호선,0342,오금,352,N,3호선,3201,0331,남부터미널,341,N,11:52:30,11:53:00,,3180,상행,2025-05-01T05:00:00,,평일
3호선,1958,대화,309,,20250619,3호선,0342,오금,352,N,3호선,3201,0330,교대,340,N,11:54:30,11:55:00,,3180,상행,2025-05-01T05:00:00,,평일
3호선,1958,대화,309,,20250619,3호선,0342,오금,352,N,3호선,3201,0329,고속터미널,339,N,11:57:00,11:57:30,,3180,상행,2025-05-01T05:00:00,,평일
3호선,1958,대화,309,,20250619,3호선,0342,오금,352,N,3호선,3201,0328,잠원,338,N,11:59:00,11:59:30,,3180,상행,2025-05-01T05:00:00,,평일
3호선,1958,대화,309,,20250619,3호선,0342,오금,352,N,3호선,3201,0327,신사,337,N,12:01:00,12:01:30,,3180,상행,2025-05-01T05:00:00,,평일
3호선,1958,대화,309,,20250619,3호선,0342,오금,352,N,3호선,3201,0326,압구정,336,N,12:03:30,12:04:00,,3180,상행,2025-05-01T05:00:00,,평일
3호선,1958,대화,309,,20250619,3호선,0342,오금,352,N,3호선,3201,0325,옥수,335,N,12:06:00,12:06:30,,3180,상행,2025-05-01T05:00:00,,평일
3호선,1958,대화,309,,20250619,3호선,0342,오금,352,N,3호선,3201,0324,금호,334,N,12:07:30,12:08:00,,3180,상행,2025-05-01T05:00:00,,평일
3호선,1958,대화,309,,20250619,3호선,0342,오금,352,N,3호선,3201,0323,약수,333,N,12:09:00,12:09:30,,3180,상행,2025-05-01T05:00:00,,평일
3호선,1958,대화,309,,20250619,3호선,0342,오금,352,N,3호선,3201,0322,동대입구,332,N,12:10:30,12:11:00,,3180,상행,2025-05-01T05:00:00,,평일
3호선,1958,대화,309,,20250619,3호선,0342,오금,352,N,3호선,3201,0321,충무로,331,N,12:12:30,12:13:00,,3180,상행,2025-05-01T05:00:00,,평일
3호선,1958,대화,309,,20250619,3호선,0342,오금,352,N,3호선,3201,0320,을지로3가,330,N,12:14:00,12:14:30,,3180,상행,2025-05-01T05:00:00,,평일
3호선,1958,대화,309,,20250619,3호선,0342,오금,352,N,3호선,3201,0319,종로3가,329,N,12:15:30,12:16:00,,3180,상행,2025-05-01T05:00:00,,평일
3호선,1958,대화,309,,20250619,3호선,0342,오금,352,N,3호선,3201,0318,안국,328,N,12:17:30,12:18:00,,3180,상행,2025-05-01T05:00:00,,평일
3호선,1958,대화,309,,20250619,3호선,0342,오금,352,N,3호선,3201,0317,경복궁,327,N,12:19:30,12:20:00,,3180,상행,2025-05-01T05:00:00,,평일
3호선,1958,대화,309,,20250619,3호선,0342,오금,352,N,3호선,3201,0316,독립문,326,N,12:22:00,12:22:30,,3180,상행,2025-05-01T05:00:00,,평일
3호선,1958,대화,309,,20250619,3호선,0342,오금,352,N,3호선,3201,0315,무악재,325,N,12:24:00,12:24:30,,3180,상행,2025-05-01T05:00:00,,평일
3호선,1958,대화,309,,20250619,3호선,0342,오금,352,N,3호선,3201,0314,홍제,324,N,12:26:00,12:26:30,,3180,상행,2025-05-01T05:00:00,,평일
3호선,1958,대화,309,,20250619,3호선,0342,오금,352,N,3호선,3201,0313,녹번,323,N,12:28:30,12:29:00,,3180,상행,2025-05-01T05:00:00,,평일
3호선,1958,대화,309,,20250619,3호선,0342,오금,352,N,3호선,3201,0312,불광,322,N,12:30:30,12:31:00,,3180,상행,2025-05-01T05:00:00,,평일
3호선,1958,대화,309,,20250619,3호선,0342,오금,352,N,3호선,3201,0311,연신내,321,N,12:32:30,12:33:00,,3180,상행,2025-05-01T05:00:00,,평일
3호선,1958,대화,309,,20250619,3호선,0342,오금,352,N,3호선,3201,0310,구파발,320,N,12:35:00,12:35:30,,3180,상행,2025-05-01T05:00:00,,평일
3호선,1958,대화,309,,20250619,3호선,0342,오금,352,N,3호선,3201,0309,지축,319,N,12:38:30,12:39:00,,3180,상행,2025-05-01T05:00:00,,평일
3호선,1958,대화,309,,20250619,3호선,0342,오금,352,N,3호선,3201,1950,삼송,318,N,12:41:30,12:42:00,,3180,상행,2025-05-01T05:00:00,,평일
3호선,1958,대화,309,,20250619,3호선,0342,오금,352,N,3호선,3201,1948,원흥,317,N,12:44:00,12:44:30,,3180,상행,2025-05-01T05:00:00,,평일
3호선,1958,대화,309,,20250619,3호선,0342,오금,352,N,3호선,3201,1951,원당,316,N,12:47:00,12:47:30,,3180,상행,2025-05-01T05:00:00,,평일
3호선,1958,대화,309,,20250619,3호선,0342,오금,352,N,3호선,3201,1952,화정,315,N,12:50:30,12:51:00,,3180,상행,2025-05-01T05:00:00,,평일
3호선,1958,대화,309,,20250619,3호선,0342,오금,352,N,3호선,3201,1953,대곡,314,N,12:53:30,12:54:00,,3180,상행,2025-05-01T05:00:00,,평일
3호선,1958,대화,309,,20250619,3호선,0342,오금,352,N,3호선,3201,1954,백석,313,N,12:57:00,12:57:30,,3180,상행,2025-05-01T05:00:00,,평일
3호선,1958,대화,309,,20250619,3호선,0342,오금,352,N,3호선,3201,1955,마두,312,N,12:59:30,13:00:00,,3180,상행,2025-05-01T05:00:00,,평일
3호선,1958,대화,309,,20250619,3호선,0342,오금,352,N,3호선,3201,1956,정발산,311,N,13:01:30,13:02:00,,3180,상행,2025-05-01T05:00:00,,평일
3호선,1958,대화,309,,20250619,3호선,0342,오금,352,N,3호선,3201,1957,주엽,310,N,13:04:00,13:04:30,,3180,상행,2025-05-01T05:00:00,,평일
3호선,1958,대화,309,,20250619,3호선,0342,오금,352,N,3호선,3201,1958,대화,309,N,13:06:30,,,3180,상행,2025-05-01T05:00:00,,평일
3호선,1958,대화,309,,20250619,3호선,0342,오금,352,N,3호선,3205,0342,오금,352,N,,11:38:30,,3182,상행,2025-05-01T05:00:00,,평일
3호선,1958,대화,309,,20250619,3호선,0342,오금,352,N,3호선,3205,0341,경찰병원,351,N,11:39:30,11:40:00,,3182,상행,2025-05-01T05:00:00,,평일
3호선,1958,대화,309,,20250619,3호선,0342,오금,352,N,3호선,3205,0340,가락시장,350,N,11:41:00,11:41:30,,3182,상행,2025-05-01T05:00:00,,평일
3호선,1958,대화,309,,20250619,3호선,0342,오금,352,N,3호선,3205,0339,수서,349,N,11:43:30,11:44:00,,3182,상행,2025-05-01T05:00:00,,평일
3호선,1958,대화,309,,20250619,3호선,0342,오금,352,N,3호선,3205,0338,일원,348,N,11:46:00,11:46:30,,3182,상행,2025-05-01T05:00:00,,평일
3호선,1958,대화,309,,20250619,3호선,0342,오금,352,N,3호선,3205,0337,대청,347,N,11:48:00,11:48:30,,3182,상행,2025-05-01T05:00:00,,평일
3호선,1958,대화,309,,20250619,3호선,0342,오금,352,N,3호선,3205,0336,학여울,346,N,11:50:00,11:50:30,,3182,상행,2025-05-01T05:00:00,,평일
3호선,1958,대화,309,,20250619,3호선,0342,오금,352,N,3호선,3205,0335,대치,345,N,11:51:30,11:52:00,,3182,상행,2025-05-01T05:00:00,,평일
3호선,1958,대화,309,,20250619,3호선,0342,오금,352,N,3호선,3205,0334,도곡,344,N,11:53:00,11:53:30,,3182,상행,2025-05-01T05:00:00,,평일
3호선,1958,대화,309,,20250619,3호선,0342,오금,352,N,3호선,3205,0333,매봉,343,N,11:55:00,11:55:30,,3182,상행,2025-05-01T05:00:00,,평일
3호선,1958,대화,309,,20250619,3호선,0342,오금,352,N,3호선,3205,0332,양재,342,N,11:57:30,11:58:00,,3182,상행,2025-05-01T05:00:00,,평일
3호선,1958,대화,309,,20250619,3호선,0342,오금,352,N,3호선,3205,0331,남부터미널,341,N,12:00:00,12:00:30,,3182,상행,2025-05-01T05:00:00,,평일
3호선,1958,대화,309,,20250619,3호선,0342,오금,352,N,3호선,3205,0330,교대,340,N,12:02:00,12:02:30,,3182,상행,2025-05-01T05:00:00,,평일
3호선,1958,대화,309,,20250619,3호선,0342,오금,352,N,3호선,3205,0329,고속터미널,339,N,12:04:30,12:05:00,,3182,상행,2025-05-01T05:00:00,,평일
3호선,1958,대화,309,,20250619,3호선,0342,오금,352,N,3호선,3205,0328,잠원,338,N,12:06:30,12:07:00,,3182,상행,2025-05-01T05:00:00,,평일
3호선,1958,대화,309,,20250619,3호선,0342,오금,352,N,3호선,3205,0327,신사,337,N,12:08:30,12:09:00,,3182,상행,2025-05-01T05:00:00,,평일
3호선,1958,대화,309,,20250619,3호선,0342,오금,352,N,3호선,3205,0326,압구정,336,N,12:11:00,12:11:30,,3182,상행,2025-05-01T05:00:00,,평일
3호선,1958,대화,309,,20250619,3호선,0342,오금,352,N,3호선,3205,0325,옥수,335,N,12:13:30,12:14:00,,3182,상행,2025-05-01T05:00:00,,평일
3호선,1958,대화,309,,20250619,3호선,0342,오금,352,N,3호선,3205,0324,금호,334,N,12:15:00,12:15:30,,3182,상행,2025-05-01T05:00:00,,평일
3호선,1958,대화,309,,20250619,3호선,0342,오금,352,N,3호선,3205,0323,약수,333,N,12:16:30,12:17:00,,3182,상행,2025-05-01T05:00:00,,평일
3호선,1958,대화,309,,20250619,3호선,0342,오금,352,N,3호선,3205,0322,동대입구,332,N,12:18:00,12:18:30,,3182,상행,2025-05-01T05:00:00,,평일
3호선,1958,대화,309,,20250619,3호선,0342,오금,352,N,3호선,3205,0321,충무로,331,N,12:20:00,12:20:30,,3182,상행,2025-05-01T05:00:00,,평일
3호선,1958,대화,309,,20250619,3호선,0342,오금,352,N,3호선,3205,0320,을지로3가,330,N,12:21:30,12:22:00,,3182,상행,2025-05-01T05:00:00,,평일
3호선,1958,대화,309,,20250619,3호선,0342,오금,352,N,3호선,3205,0319,종로3가,329,N,12:23:00,12:23:30,,3182,상행,2025-05-01T05:00:00,,평일
3호선,1958,대화,309,,20250619,3호선,0342,오금,352,N,3호선,3205,0318,안국,328,N,12:25:00,12:25:30,,3182,상행,2025-05-01T05:00:00,,평일
3호선,1958,대화,309,,20250619,3호선,0342,오금,352,N,3호선,3205,0317,경복궁,327,N,12:27:00,12:27:30,,3182,상행,2025-05-01T05:00:00,,평일
3호선,1958,대화,309,,20250619,3호선,0342,오금,352,N,3호선,3205,0316,독립문,326,N,12:29:30,12:30:00,,3182,상행,2025-05-01T05:00:00,,평일
3호선,1958,대화,309,,20250619,3호선,0342,오금,352,N,3호선,3205,0315,무악재,325,N,12:31:30,12:32:00,,3182,상행,2025-05-01T05:00:00,,평일
3호선,1958,대화,309,,20250619,3호선,0342,오금,352,N,3호선,3205,0314,홍제,324,N,12:33:30,12:34:00,,3182,상행,2025-05-01T05:00:00,,평일
3호선,1958,대화,309,,20250619,3호선,0342,오금,352,N,3호선,3205,0313,녹번,323,N,12:36:00,12:36:30,,3182,상행,2025-05-01T05:00:00,,평일
3호선,1958,대화,309,,20250619,3호선,0342,오금,352,N,3호선,3205,0312,불광,322,N,12:38:00,12:38:30,,3182,상행,2025-05-01T05:00:00,,평일
3호선,1958,대화,309,,20250619,3호선,0342,오금,352,N,3호선,3205,0311,연신내,321,N,12:40:00,12:40:30,,3182,상행,2025-05-01T05:00:00,,평일
3호선,1958,대화,309,,20250619,3호선,0342,오금,352,N,3호선,3205,0310,구파발,320,N,12:42:30,12:43:00,,3182,상행,2025-05-01T05:00:00,,평일
3호선,1958,대화,309,,20250619,3호선,0342,오금,352,N,3호선,3205,0309,지축,319,N,12:46:00,12:46:30,,3182,상행,2025-05-01T05:00:00,,평일
3호선,1958,대화,309,,20250619,3호선,0342,오금,352,N,3호선,3205,1950,삼송,318,N,12:49:00,12:49:30,,3182,상행,2025-05-01T05:00:00,,평일
3호선,1958,대화,309,,20250619,3호선,0342,오금,352,N,3호선,3205,1948,원흥,317,N,12:51:30,12:52:00,,3182,상행,2025-05-01T05:00:00,,평일
3호선,1958,대화,309,,20250619,3호선,0342,오금,352,N,3호선,3205,1951,원당,316,N,12:54:30,12:55:00,,3182,상행,2025-05-01T05:00:00,,평일
3호선,1958,대화,309,,20250619,3호선,0342,오금,352,N,3호선,3205,1952,화정,315,N,12:58:00,12:58:30,,3182,상행,2025-05-01T05:00:00,,평일
3호선,1958,대화,309,,20250619,3호선,0342,오금,352,N,3호선,3205,1953,대곡,314,N,13:01:00,13:01:30,,3182,상행,2025-05-01T05:00:00,,평일
3호선,1958,대화,309,,20250619,3호선,0342,오금,352,N,3호선,3205,1954,백석,313,N,13:04:30,13:05:00,,3182,상행,2025-05-01T05:00:00,,평일
3호선,1958,대화,309,,20250619,3호선,0342,오금,352,N,3호선,3205,1955,마두,312,N,13:07:00,13:07:30,,3182,상행,2025-05-01T05:00:00,,평일
3호선,1958,대화,309,,20250619,3호선,0342,오금,352,N,3호선,3205,1956,정발산,311,N,13:09:00,13:09:30,,3182,상행,2025-05-01T05:00:00,,평일
3호선,1958,대화,309,,20250619,3호선,0342,오금,352,N,3호선,3205,1957,주엽,310,N,13:11:30,13:12:00,,3182,상행,2025-05-01T05:00:00,,평일
3호선,1958,대화,309,,20250619,3호선,0342,오금,352,N,3호선,3205,1958,대화,309,N,13:14:00,,,3182,상행,2025-05-01T05:00:00,,평일
3호선,1958,대화,309,,20250619,3호선,0342,오금,352,N,3호선,3207,0342,오금,352,N,,11:48:00,,3186K,상행,2025-05-01T05:00:00,,평일
3호선,1958,대화,309,,20250619,3호선,0342,오금,352,N,3호선,3207,0341,경찰병원,351,N,11:49:00,11:49:30,,3186K,상행,2025-05-01T05:00:00,,평일
3호선,1958,대화,309,,20250619,3호선,0342,오금,352,N,3호선,3207,0340,가락시장,350,N,11:50:30,11:51:00,,3186K,상행,2025-05-01T05:00:00,,평일
3호선,1958,대화,309,,20250619,3호선,0342,오금,352,N,3호선,3207,0339,수서,349,N,11:53:00,11:53:30,,3186K,상행,2025-05-01T05:00:00,,평일
3호선,1958,대화,309,,20250619,3호선,0342,오금,352,N,3호선,3207,0338,일원,348,N,11:55:30,11:56:00,,3186K,상행,2025-05-01T05:00:00,,평일
3호선,1958,대화,309,,20250619,3호선,0342,오금,352,N,3호선,3207,0337,대청,347,N,11:57:30,11:58:00,,3186K,상행,2025-05-01T05:00:00,,평일
3호선,1958,대화,309,,20250619,3호선,0342,오금,352,N,3호선,3207,0336,학여울,346,N,11:59:30,12:00:00,,3186K,상행,2025-05-01T05:00:00,,평일
3호선,1958,대화,309,,20250619,3호선,0342,오금,352,N,3호선,3207,0335,대치,345,N,12:01:00,12:01:30,,3186K,상행,2025-05-01T05:00:00,,평일
3호선,1958,대화,309,,20250619,3호선,0342,오금,352,N,3호선,3207,0334,도곡,344,N,12:02:30,12:03:00,,3186K,상행,2025-05-01T05:00:00,,평일
3호선,1958,대화,309,,20250619,3호선,0342,오금,352,N,3호선,3207,0333,매봉,343,N,12:04:30,12:05:00,,3186K,상행,2025-05-01T05:00:00,,평일
3호선,1958,대화,309,,20250619,3호선,0342,오금,352,N,3호선,3207,0332,양재,342,N,12:07:00,12:07:30,,3186K,상행,2025-05-01T05:00:00,,평일
3호선,1958,대화,309,,20250619,3호선,0342,오금,352,N,3호선,3207,0331,남부터미널,341,N,12:09:30,12:10:00,,3186K,상행,2025-05-01T05:00:00,,평일
3호선,1958,대화,309,,20250619,3호선,0342,오금,352,N,3호선,3207,0330,교대,340,N,12:11:30,12:12:00,,3186K,상행,2025-05-01T05:00:00,,평일
3호선,1958,대화,309,,20250619,3호선,0342,오금,352,N,3호선,3207,0329,고속터미널,339,N,12:14:00,12:14:30,,3186K,상행,2025-05-01T05:00:00,,평일
3호선,1958,대화,309,,20250619,3호선,0342,오금,352,N,3호선,3207,0328,잠원,338,N,12:16:00,12:16:30,,3186K,상행,2025-05-01T05:00:00,,평일
3호선,1958,대화,309,,20250619,3호선,0342,오금,352,N,3호선,3207,0327,신사,337,N,12:18:00,12:18:30,,3186K,상행,2025-05-01T05:00:00,,평일
3호선,1958,대화,309,,20250619,3호선,0342,오금,352,N,3호선,3207,0326,압구정,336,N,12:20:30,12:21:00,,3186K,상행,2025-05-01T05:00:00,,평일
3호선,1958,대화,309,,20250619,3호선,0342,오금,352,N,3호선,3207,0325,옥수,335,N,12:23:00,12:23:30,,3186K,상행,2025-05-01T05:00:00,,평일
3호선,1958,대화,309,,20250619,3호선,0342,오금,352,N,3호선,3207,0324,금호,334,N,12:24:30,12:25:00,,3186K,상행,2025-05-01T05:00:00,,평일
3호선,1958,대화,309,,20250619,3호선,0342,오금,352,N,3호선,3207,0323,약수,333,N,12:26:00,12:26:30,,3186K,상행,2025-05-01T05:00:00,,평일
3호선,1958,대화,309,,20250619,3호선,0342,오금,352,N,3호선,3207,0322,동대입구,332,N,12:27:30,12:28:00,,3186K,상행,2025-05-01T05:00:00,,평일
3호선,1958,대화,309,,20250619,3호선,0342,오금,352,N,3호선,3207,0321,충무로,331,N,12:29:30,12:30:00,,3186K,상행,2025-05-01T05:00:00,,평일
3호선,1958,대화,309,,20250619,3호선,0342,오금,352,N,3호선,3207,0320,을지로3가,330,N,12:31:00,12:31:30,,3186K,상행,2025-05-01T05:00:00,,평일
3호선,1958,대화,309,,20250619,3호선,0342,오금,352,N,3호선,3207,0319,종로3가,329,N,12:32:30,12:33:00,,3186K,상행,2025-05-01T05:00:00,,평일
3호선,1958,대화,309,,20250619,3호선,0342,오금,352,N,3호선,3207,0318,안국,328,N,12:34:30,12:35:00,,3186K,상행,2025-05-01T05:00:00,,평일
3호선,1958,대화,309,,20250619,3호선,0342,오금,352,N,3호선,3207,0317,경복궁,327,N,12:36:30,12:37:00,,3186K,상행,2025-05-01T05:00:00,,평일
3호선,1958,대화,309,,20250619,3호선,0342,오금,352,N,3호선,3207,0316,독립문,326,N,12:39:00,12:39:30,,3186K,상행,2025-05-01T05:00:00,,평일
3호선,1958,대화,309,,20250619,3호선,0342,오금,352,N,3호선,3207,0315,무악재,325,N,12:41:00,12:41:30,,3186K,상행,2025-05-01T05:00:00,,평일
3호선,1958,대화,309,,20250619,3호선,0342,오금,352,N,3호선,3207,0314,홍제,324,N,12:43:00,12:43:30,,3186K,상행,2025-05-01T05:00:00,,평일
3호선,1958,대화,309,,20250619,3호선,0342,오금,352,N,3호선,3207,0313,녹번,323,N,12:45:30,12:46:00,,3186K,상행,2025-05-01T05:00:00,,평일
3호선,1958,대화,309,,20250619,3호선,0342,오금,352,N,3호선,3207,0312,불광,322,N,12:47:30,12:48:00,,3186K,상행,2025-05-01T05:00:00,,평일
3호선,1958,대화,309,,20250619,3호선,0342,오금,352,N,3호선,3207,0311,연신내,321,N,12:49:30,12:50:00,,3186K,상행,2025-05-01T05:00:00,,평일
3호선,1958,대화,309,,20250619,3호선,0342,오금,352,N,3호선,3207,0310,구파발,320,N,12:52:00,12:52:30,,3186K,상행,2025-05-01T05:00:00,,평일
3호선,1958,대화,309,,20250619,3호선,0342,오금,352,N,3호선,3207,0309,지축,319,N,12:55:30,12:56:00,,3186K,상행,2025-05-01T05:00:00,,평일
3호선,1958,대화,309,,20250619,3호선,0342,오금,352,N,3호선,3207,1950,삼송,318,N,12:58:30,12:59:00,,3186K,상행,2025-05-01T05:00:00,,평일
3호선,1958,대화,309,,20250619,3호선,0342,오금,352,N,3호선,3207,1948,원흥,317,N,13:01:00,13:01:30,,3186K,상행,2025-05-01T05:00:00,,평일
3호선,1958,대화,309,,20250619,3호선,0342,오금,352,N,3호선,3207,1951,원당,316,N,13:04:00,13:04:30,,3186K,상행,2025-05-01T05:00:00,,평일
3호선,1958,대화,309,,20250619,3호선,0342,오금,352,N,3호선,3207,1952,화정,315,N,13:07:30,13:08:00,,3186K,상행,2025-05-01T05:00:00,,평일
3호선,1958,대화,309,,20250619,3호선,0342,오금,352,N,3호선,3207,1953,대곡,314,N,13:10:30,13:11:00,,3186K,상행,2025-05-01T05:00:00,,평일
3호선,1958,대화,309,,20250619,3호선,0342,오금,352,N,3호선,3207,1954,백석,313,N,13:14:00,13:14:30,,3186K,상행,2025-05-01T05:00:00,,평일
3호선,1958,대화,309,,20250619,3호선,0342,오금,352,N,3호선,3207,1955,마두,312,N,13:16:30,13:17:00,,3186K,상행,2025-05-01T05:00:00,,평일
3호선,1958,대화,309,,20250619,3호선,0342,오금,352,N,3호선,3207,1956,정발산,311,N,13:18:30,13:19:00,,3186K,상행,2025-05-01T05:00:00,,평일
3호선,1958,대화,309,,20250619,3호선,0342,오금,352,N,3호선,3207,1957,주엽,310,N,13:21:00,13:21:30,,3186K,상행,2025-05-01T05:00:00,,평일
3호선,1958,대화,309,,20250619,3호선,0342,오금,352,N,3호선,3207,1958,대화,309,N,13:23:30,,,3186K,상행,2025-05-01T05:00:00,,평일
3호선,1958,대화,309,,20250619,3호선,0342,오금,352,N,3호선,3211,0342,오금,352,N,,11:58:30,,3190,상행,2025-05-01T05:00:00,,평일
3호선,1958,대화,309,,20250619,3호선,0342,오금,352,N,3호선,3211,0341,경찰병원,351,N,11:59:30,12:00:00,,3190,상행,2025-05-01T05:00:00,,평일
3호선,1958,대화,309,,20250619,3호선,0342,오금,352,N,3호선,3211,0340,가락시장,350,N,12:01:00,12:01:30,,3190,상행,2025-05-01T05:00:00,,평일
3호선,1958,대화,309,,20250619,3호선,0342,오금,352,N,3호선,3211,0339,수서,349,N,12:03:30,12:04:00,,3190,상행,2025-05-01T05:00:00,,평일
3호선,1958,대화,309,,20250619,3호선,0342,오금,352,N,3호선,3211,0338,일원,348,N,12:06:00,12:06:30,,3190,상행,2025-05-01T05:00:00,,평일
3호선,1958,대화,309,,20250619,3호선,0342,오금,352,N,3호선,3211,0337,대청,347,N,12:08:00,12:08:30,,3190,상행,2025-05-01T05:00:00,,평일
3호선,1958,대화,309,,20250619,3호선,0342,오금,352,N,3호선,3211,0336,학여울,346,N,12:10:00,12:10:30,,3190,상행,2025-05-01T05:00:00,,평일
3호선,1958,대화,309,,20250619,3호선,0342,오금,352,N,3호선,3211,0335,대치,345,N,12:11:30,12:12:00,,3190,상행,2025-05-01T05:00:00,,평일
3호선,1958,대화,309,,20250619,3호선,0342,오금,352,N,3호선,3211,0334,도곡,344,N,12:13:00,12:13:30,,3190,상행,2025-05-01T05:00:00,,평일
3호선,1958,대화,309,,20250619,3호선,0342,오금,352,N,3호선,3211,0333,매봉,343,N,12:15:00,12:15:30,,3190,상행,2025-05-01T05:00:00,,평일
3호선,1958,대화,309,,20250619,3호선,0342,오금,352,N,3호선,3211,0332,양재,342,N,12:17:30,12:18:00,,3190,상행,2025-05-01T05:00:00,,평일
3호선,1958,대화,309,,20250619,3호선,0342,오금,352,N,3호선,3211,0331,남부터미널,341,N,12:20:00,12:20:30,,3190,상행,2025-05-01T05:00:00,,평일
3호선,1958,대화,309,,20250619,3호선,0342,오금,352,N,3호선,3211,0330,교대,340,N,12:22:00,12:22:30,,3190,상행,2025-05-01T05:00:00,,평일
3호선,1958,대화,309,,20250619,3호선,0342,오금,352,N,3호선,3211,0329,고속터미널,339,N,12:24:30,12:25:00,,3190,상행,2025-05-01T05:00:00,,평일
3호선,1958,대화,309,,20250619,3호선,0342,오금,352,N,3호선,3211,0328,잠원,338,N,12:26:30,12:27:00,,3190,상행,2025-05-01T05:00:00,,평일
3호선,1958,대화,309,,20250619,3호선,0342,오금,352,N,3호선,3211,0327,신사,337,N,12:28:30,12:29:00,,3190,상행,2025-05-01T05:00:00,,평일
3호선,1958,대화,309,,20250619,3호선,0342,오금,352,N,3호선,3211,0326,압구정,336,N,12:31:00,12:31:30,,3190,상행,2025-05-01T05:00:00,,평일
3호선,1958,대화,309,,20250619,3호선,0342,오금,352,N,3호선,3211,0325,옥수,335,N,12:33:30,12:34:00,,3190,상행,2025-05-01T05:00:00,,평일
3호선,1958,대화,309,,20250619,3호선,0342,오금,352,N,3호선,3211,0324,금호,334,N,12:35:00,12:35:30,,3190,상행,2025-05-01T05:00:00,,평일
3호선,1958,대화,309,,20250619,3호선,0342,오금,352,N,3호선,3211,0323,약수,333,N,12:36:30,12:37:00,,3190,상행,2025-05-01T05:00:00,,평일
3호선,1958,대화,309,,20250619,3호선,0342,오금,352,N,3호선,3211,0322,동대입구,332,N,12:38:00,12:38:30,,3190,상행,2025-05-01T05:00:00,,평일
3호선,1958,대화,309,,20250619,3호선,0342,오금,352,N,3호선,3211,0321,충무로,331,N,12:40:00,12:40:30,,3190,상행,2025-05-01T05:00:00,,평일
3호선,1958,대화,309,,20250619,3호선,0342,오금,352,N,3호선,3211,0320,을지로3가,330,N,12:41:30,12:42:00,,3190,상행,2025-05-01T05:00:00,,평일
3호선,1958,대화,309,,20250619,3호선,0342,오금,352,N,3호선,3211,0319,종로3가,329,N,12:43:00,12:43:30,,3190,상행,2025-05-01T05:00:00,,평일
3호선,1958,대화,309,,20250619,3호선,0342,오금,352,N,3호선,3211,0318,안국,328,N,12:45:00,12:45:30,,3190,상행,2025-05-01T05:00:00,,평일
3호선,1958,대화,309,,20250619,3호선,0342,오금,352,N,3호선,3211,0317,경복궁,327,N,12:47:00,12:47:30,,3190,상행,2025-05-01T05:00:00,,평일
3호선,1958,대화,309,,20250619,3호선,0342,오금,352,N,3호선,3211,0316,독립문,326,N,12:49:30,12:50:00,,3190,상행,2025-05-01T05:00:00,,평일
3호선,1958,대화,309,,20250619,3호선,0342,오금,352,N,3호선,3211,0315,무악재,325,N,12:51:30,12:52:00,,3190,상행,2025-05-01T05:00:00,,평일
3호선,1958,대화,309,,20250619,3호선,0342,오금,352,N,3호선,3211,0314,홍제,324,N,12:53:30,12:54:00,,3190,상행,2025-05-01T05:00:00,,평일
3호선,1958,대화,309,,20250619,3호선,0342,오금,352,N,3호선,3211,0313,녹번,323,N,12:56:00,12:56:30,,3190,상행,2025-05-01T05:00:00,,평일
3호선,1958,대화,309,,20250619,3호선,0342,오금,352,N,3호선,3211,0312,불광,322,N,12:58:00,12:58:30,,3190,상행,2025-05-01T05:00:00,,평일
3호선,1958,대화,309,,20250619,3호선,0342,오금,352,N,3호선,3211,0311,연신내,321,N,13:00:00,13:00:30,,3190,상행,2025-05-01T05:00:00,,평일
3호선,1958,대화,309,,20250619,3호선,0342,오금,352,N,3호선,3211,0310,구파발,320,N,13:02:30,13:03:00,,3190,상행,2025-05-01T05:00:00,,평일
3호선,1958,대화,309,,20250619,3호선,0342,오금,352,N,3호선,3211,0309,지축,319,N,13:06:00,13:06:30,,3190,상행,2025-05-01T05:00:00,,평일
3호선,1958,대화,309,,20250619,3호선,0342,오금,352,N,3호선,3211,1950,삼송,318,N,13:09:00,13:09:30,,3190,상행,2025-05-01T05:00:00,,평일
3호선,1958,대화,309,,20250619,3호선,0342,오금,352,N,3호선,3211,1948,원흥,317,N,13:11:30,13:12:00,,3190,상행,2025-05-01T05:00:00,,평일
3호선,1958,대화,309,,20250619,3호선,0342,오금,352,N,3호선,3211,1951,원당,316,N,13:14:30,13:15:00,,3190,상행,2025-05-01T05:00:00,,평일
3호선,1958,대화,309,,20250619,3호선,0342,오금,352,N,3호선,3211,1952,화정,315,N,13:18:00,13:18:30,,3190,상행,2025-05-01T05:00:00,,평일
3호선,1958,대화,309,,20250619,3호선,0342,오금,352,N,3호선,3211,1953,대곡,314,N,13:21:00,13:21:30,,3190,상행,2025-05-01T05:00:00,,평일
3호선,1958,대화,309,,20250619,3호선,0342,오금,352,N,3호선,3211,1954,백석,313,N,13:24:30,13:25:00,,3190,상행,2025-05-01T05:00:00,,평일
3호선,1958,대화,309,,20250619,3호선,0342,오금,352,N,3호선,3211,1955,마두,312,N,13:27:00,13:27:30,,3190,상행,2025-05-01T05:00:00,,평일
3호선,1958,대화,309,,20250619,3호선,0342,오금,352,N,3호선,3211,1956,정발산,311,N,13:29:00,13:29:30,,3190,상행,2025-05-01T05:00:00,,평일
3호선,1958,대화,309,,20250619,3호선,0342,오금,352,N,3호선,3211,1957,주엽,310,N,13:31:30,13:32:00,,3190,상행,2025-05-01T05:00:00,,평일
3호선,1958,대화,309,,20250619,3호선,0342,오금,352,N,3호선,3211,1958,대화,309,N,13:34:00,,,3190,상행,2025-05-01T05:00:00,,평일
3호선,1958,대화,309,,20250619,3호선,0342,오금,352,N,3호선,3213,0342,오금,352,N,,12:07:00,,3192,상행,2025-05-01T05:00:00,,평일
3호선,1958,대화,309,,20250619,3호선,0342,오금,352,N,3호선,3213,0341,경찰병원,351,N,12:08:00,12:08:30,,3192,상행,2025-05-01T05:00:00,,평일
3호선,1958,대화,309,,20250619,3호선,0342,오금,352,N,3호선,3213,0340,가락시장,350,N,12:09:30,12:10:00,,3192,상행,2025-05-01T05:00:00,,평일
3호선,1958,대화,309,,20250619,3호선,0342,오금,352,N,3호선,3213,0339,수서,349,N,12:12:00,12:12:30,,3192,상행,2025-05-01T05:00:00,,평일
3호선,1958,대화,309,,20250619,3호선,0342,오금,352,N,3호선,3213,0338,일원,348,N,12:14:30,12:15:00,,3192,상행,2025-05-01T05:00:00,,평일
3호선,1958,대화,309,,20250619,3호선,0342,오금,352,N,3호선,3213,0337,대청,347,N,12:16:30,12:17:00,,3192,상행,2025-05-01T05:00:00,,평일
3호선,1958,대화,309,,20250619,3호선,0342,오금,352,N,3호선,3213,0336,학여울,346,N,12:18:30,12:19:00,,3192,상행,2025-05-01T05:00:00,,평일
3호선,1958,대화,309,,20250619,3호선,0342,오금,352,N,3호선,3213,0335,대치,345,N,12:20:00,12:20:30,,3192,상행,2025-05-01T05:00:00,,평일
3호선,1958,대화,309,,20250619,3호선,0342,오금,352,N,3호선,3213,0334,도곡,344,N,12:21:30,12:22:00,,3192,상행,2025-05-01T05:00:00,,평일
3호선,1958,대화,309,,20250619,3호선,0342,오금,352,N,3호선,3213,0333,매봉,343,N,12:23:30,12:24:00,,3192,상행,2025-05-01T05:00:00,,평일
3호선,1958,대화,309,,20250619,3호선,0342,오금,352,N,3호선,3213,0332,양재,342,N,12:26:00,12:26:30,,3192,상행,2025-05-01T05:00:00,,평일
3호선,1958,대화,309,,20250619,3호선,0342,오금,352,N,3호선,3213,0331,남부터미널,341,N,12:28:30,12:29:00,,3192,상행,2025-05-01T05:00:00,,평일
3호선,1958,대화,309,,20250619,3호선,0342,오금,352,N,3호선,3213,0330,교대,340,N,12:30:30,12:31:00,,3192,상행,2025-05-01T05:00:00,,평일
3호선,1958,대화,309,,20250619,3호선,0342,오금,352,N,3호선,3213,0329,고속터미널,339,N,12:33:00,12:33:30,,3192,상행,2025-05-01T05:00:00,,평일
3호선,1958,대화,309,,20250619,3호선,0342,오금,352,N,3호선,3213,0328,잠원,338,N,12:35:00,12:35:30,,3192,상행,2025-05-01T05:00:00,,평일
3호선,1958,대화,309,,20250619,3호선,0342,오금,352,N,3호선,3213,0327,신사,337,N,12:37:00,12:37:30,,3192,상행,2025-05-01T05:00:00,,평일
3호선,1958,대화,309,,20250619,3호선,0342,오금,352,N,3호선,3213,0326,압구정,336,N,12:39:30,12:40:00,,3192,상행,2025-05-01T05:00:00,,평일
3호선,1958,대화,309,,20250619,3호선,0342,오금,352,N,3호선,3213,0325,옥수,335,N,12:42:00,12:42:30,,3192,상행,2025-05-01T05:00:00,,평일
3호선,1958,대화,309,,20250619,3호선,0342,오금,352,N,3호선,3213,0324,금호,334,N,12:43:30,12:44:00,,3192,상행,2025-05-01T05:00:00,,평일
3호선,1958,대화,309,,20250619,3호선,0342,오금,352,N,3호선,3213,0323,약수,333,N,12:45:00,12:45:30,,3192,상행,2025-05-01T05:00:00,,평일
3호선,1958,대화,309,,20250619,3호선,0342,오금,352,N,3호선,3213,0322,동대입구,332,N,12:46:30,12:47:00,,3192,상행,2025-05-01T05:00:00,,평일
3호선,1958,대화,309,,20250619,3호선,0342,오금,352,N,3호선,3213,0321,충무로,331,N,12:48:30,12:49:00,,3192,상행,2025-05-01T05:00:00,,평일
3호선,1958,대화,309,,20250619,3호선,0342,오금,352,N,3호선,3213,0320,을지로3가,330,N,12:50:00,12:50:30,,3192,상행,2025-05-01T05:00:00,,평일
3호선,1958,대화,309,,20250619,3호선,0342,오금,352,N,3호선,3213,0319,종로3가,329,N,12:51:30,12:52:00,,3192,상행,2025-05-01T05:00:00,,평일
3호선,1958,대화,309,,20250619,3호선,0342,오금,352,N,3호선,3213,0318,안국,328,N,12:53:30,12:54:00,,3192,상행,2025-05-01T05:00:00,,평일
3호선,1958,대화,309,,20250619,3호선,0342,오금,352,N,3호선,3213,0317,경복궁,327,N,12:55:30,12:56:00,,3192,상행,2025-05-01T05:00:00,,평일
3호선,1958,대화,309,,20250619,3호선,0342,오금,352,N,3호선,3213,0316,독립문,326,N,12:58:00,12:58:30,,3192,상행,2025-05-01T05:00:00,,평일
3호선,1958,대화,309,,20250619,3호선,0342,오금,352,N,3호선,3213,0315,무악재,325,N,13:00:00,13:00:30,,3192,상행,2025-05-01T05:00:00,,평일
3호선,1958,대화,309,,20250619,3호선,0342,오금,352,N,3호선,3213,0314,홍제,324,N,13:02:00,13:02:30,,3192,상행,2025-05-01T05:00:00,,평일
3호선,1958,대화,309,,20250619,3호선,0342,오금,352,N,3호선,3213,0313,녹번,323,N,13:04:30,13:05:00,,3192,상행,2025-05-01T05:00:00,,평일
3호선,1958,대화,309,,20250619,3호선,0342,오금,352,N,3호선,3213,0312,불광,322,N,13:06:30,13:07:00,,3192,상행,2025-05-01T05:00:00,,평일
3호선,1958,대화,309,,20250619,3호선,0342,오금,352,N,3호선,3213,0311,연신내,321,N,13:08:30,13:09:00,,3192,상행,2025-05-01T05:00:00,,평일
3호선,1958,대화,309,,20250619,3호선,0342,오금,352,N,3호선,3213,0310,구파발,320,N,13:11:00,13:11:30,,3192,상행,2025-05-01T05:00:00,,평일
3호선,1958,대화,309,,20250619,3호선,0342,오금,352,N,3호선,3213,0309,지축,319,N,13:14:30,13:15:00,,3192,상행,2025-05-01T05:00:00,,평일
3호선,1958,대화,309,,20250619,3호선,0342,오금,352,N,3호선,3213,1950,삼송,318,N,13:17:30,13:18:00,,3192,상행,2025-05-01T05:00:00,,평일
3호선,1958,대화,309,,20250619,3호선,0342,오금,352,N,3호선,3213,1948,원흥,317,N,13:20:00,13:20:30,,3192,상행,2025-05-01T05:00:00,,평일
3호선,1958,대화,309,,20250619,3호선,0342,오금,352,N,3호선,3213,1951,원당,316,N,13:23:00,13:23:30,,3192,상행,2025-05-01T05:00:00,,평일
3호선,1958,대화,309,,20250619,3호선,0342,오금,352,N,3호선,3213,1952,화정,315,N,13:26:30,13:27:00,,3192,상행,2025-05-01T05:00:00,,평일
3호선,1958,대화,309,,20250619,3호선,0342,오금,352,N,3호선,3213,1953,대곡,314,N,13:29:30,13:30:00,,3192,상행,2025-05-01T05:00:00,,평일
3호선,1958,대화,309,,20250619,3호선,0342,오금,352,N,3호선,3213,1954,백석,313,N,13:33:00,13:33:30,,3192,상행,2025-05-01T05:00:00,,평일
3호선,1958,대화,309,,20250619,3호선,0342,오금,352,N,3호선,3213,1955,마두,312,N,13:35:30,13:36:00,,3192,상행,2025-05-01T05:00:00,,평일
3호선,1958,대화,309,,20250619,3호선,0342,오금,352,N,3호선,3213,1956,정발산,311,N,13:37:30,13:38:00,,3192,상행,2025-05-01T05:00:00,,평일
3호선,1958,대화,309,,20250619,3호선,0342,오금,352,N,3호선,3213,1957,주엽,310,N,13:40:00,13:40:30,,3192,상행,2025-05-01T05:00:00,,평일
3호선,1958,대화,309,,20250619,3호선,0342,오금,352,N,3호선,3213,1958,대화,309,N,13:42:30,,,3192,상행,2025-05-01T05:00:00,,평일
3호선,1958,대화,309,,20250619,3호선,0342,오금,352,N,3호선,3217,0342,오금,352,N,,12:16:30,,3194,상행,2025-05-01T05:00:00,,평일
3호선,1958,대화,309,,20250619,3호선,0342,오금,352,N,3호선,3217,0341,경찰병원,351,N,12:17:30,12:18:00,,3194,상행,2025-05-01T05:00:00,,평일
3호선,1958,대화,309,,20250619,3호선,0342,오금,352,N,3호선,3217,0340,가락시장,350,N,12:19:00,12:19:30,,3194,상행,2025-05-01T05:00:00,,평일
3호선,1958,대화,309,,20250619,3호선,0342,오금,352,N,3호선,3217,0339,수서,349,N,12:21:30,12:22:00,,3194,상행,2025-05-01T05:00:00,,평일
3호선,1958,대화,309,,20250619,3호선,0342,오금,352,N,3호선,3217,0338,일원,348,N,12:24:00,12:24:30,,3194,상행,2025-05-01T05:00:00,,평일
3호선,1958,대화,309,,20250619,3호선,0342,오금,352,N,3호선,3217,0337,대청,347,N,12:26:00,12:26:30,,3194,상행,2025-05-01T05:00:00,,평일
3호선,1958,대화,309,,20250619,3호선,0342,오금,352,N,3호선,3217,0336,학여울,346,N,12:28:00,12:28:30,,3194,상행,2025-05-01T05:00:00,,평일
3호선,1958,대화,309,,20250619,3호선,0342,오금,352,N,3호선,3217,0335,대치,345,N,12:29:30,12:30:00,,3194,상행,2025-05-01T05:00:00,,평일
3호선,1958,대화,309,,20250619,3호선,0342,오금,352,N,3호선,3217,0334,도곡,344,N,12:31:00,12:31:30,,3194,상행,2025-05-01T05:00:00,,평일
3호선,1958,대화,309,,20250619,3호선,0342,오금,352,N,3호선,3217,0333,매봉,343,N,12:33:00,12:33:30,,3194,상행,2025-05-01T05:00:00,,평일
3호선,1958,대화,309,,20250619,3호선,0342,오금,352,N,3호선,3217,0332,양재,342,N,12:35:30,12:36:00,,3194,상행,2025-05-01T05:00:00,,평일
3호선,1958,대화,309,,20250619,3호선,0342,오금,352,N,3호선,3217,0331,남부터미널,341,N,12:38:00,12:38:30,,3194,상행,2025-05-01T05:00:00,,평일
3호선,1958,대화,309,,20250619,3호선,0342,오금,352,N,3호선,3217,0330,교대,340,N,12:40:00,12:40:30,,3194,상행,2025-05-01T05:00:00,,평일
3호선,1958,대화,309,,20250619,3호선,0342,오금,352,N,3호선,3217,0329,고속터미널,339,N,12:42:30,12:43:00,,3194,상행,2025-05-01T05:00:00,,평일
3호선,1958,대화,309,,20250619,3호선,0342,오금,352,N,3호선,3217,0328,잠원,338,N,12:44:30,12:45:00,,3194,상행,2025-05-01T05:00:00,,평일
3호선,1958,대화,309,,20250619,3호선,0342,오금,352,N,3호선,3217,0327,신사,337,N,12:46:30,12:47:00,,3194,상행,2025-05-01T05:00:00,,평일
3호선,1958,대화,309,,20250619,3호선,0342,오금,352,N,3호선,3217,0326,압구정,336,N,12:49:00,12:49:30,,3194,상행,2025-05-01T05:00:00,,평일
3호선,1958,대화,309,,20250619,3호선,0342,오금,352,N,3호선,3217,0325,옥수,335,N,12:51:30,12:52:00,,3194,상행,2025-05-01T05:00:00,,평일
3호선,1958,대화,309,,20250619,3호선,0342,오금,352,N,3호선,3217,0324,금호,334,N,12:53:00,12:53:30,,3194,상행,2025-05-01T05:00:00,,평일
3호선,1958,대화,309,,20250619,3호선,0342,오금,352,N,3호선,3217,0323,약수,333,N,12:54:30,12:55:00,,3194,상행,2025-05-01T05:00:00,,평일
3호선,1958,대화,309,,20250619,3호선,0342,오금,352,N,3호선,3217,0322,동대입구,332,N,12:56:00,12:56:30,,3194,상행,2025-05-01T05:00:00,,평일
3호선,1958,대화,309,,20250619,3호선,0342,오금,352,N,3호선,3217,0321,충무로,331,N,12:58:00,12:58:30,,3194,상행,2025-05-01T05:00:00,,평일
3호선,1958,대화,309,,20250619,3호선,0342,오금,352,N,3호선,3217,0320,을지로3가,330,N,12:59:30,13:00:00,,3194,상행,2025-05-01T05:00:00,,평일
3호선,1958,대화,309,,20250619,3호선,0342,오금,352,N,3호선,3217,0319,종로3가,329,N,13:01:00,13:01:30,,3194,상행,2025-05-01T05:00:00,,평일
3호선,1958,대화,309,,20250619,3호선,0342,오금,352,N,3호선,3217,0318,안국,328,N,13:03:00,13:03:30,,3194,상행,2025-05-01T05:00:00,,평일
3호선,1958,대화,309,,20250619,3호선,0342,오금,352,N,3호선,3217,0317,경복궁,327,N,13:05:00,13:05:30,,3194,상행,2025-05-01T05:00:00,,평일
3호선,1958,대화,309,,20250619,3호선,0342,오금,352,N,3호선,3217,0316,독립문,326,N,13:07:30,13:08:00,,3194,상행,2025-05-01T05:00:00,,평일
3호선,1958,대화,309,,20250619,3호선,0342,오금,352,N,3호선,3217,0315,무악재,325,N,13:09:30,13:10:00,,3194,상행,2025-05-01T05:00:00,,평일
3호선,1958,대화,309,,20250619,3호선,0342,오금,352,N,3호선,3217,0314,홍제,324,N,13:11:30,13:12:00,,3194,상행,2025-05-01T05:00:00,,평일
3호선,1958,대화,309,,20250619,3호선,0342,오금,352,N,3호선,3217,0313,녹번,323,N,13:14:00,13:14:30,,3194,상행,2025-05-01T05:00:00,,평일
3호선,1958,대화,309,,20250619,3호선,0342,오금,352,N,3호선,3217,0312,불광,322,N,13:16:00,13:16:30,,3194,상행,2025-05-01T05:00:00,,평일
3호선,1958,대화,309,,20250619,3호선,0342,오금,352,N,3호선,3217,0311,연신내,321,N,13:18:00,13:18:30,,3194,상행,2025-05-01T05:00:00,,평일
3호선,1958,대화,309,,20250619,3호선,0342,오금,352,N,3호선,3217,0310,구파발,320,N,13:20:30,13:21:00,,3194,상행,2025-05-01T05:00:00,,평일
3호선,1958,대화,309,,20250619,3호선,0342,오금,352,N,3호선,3217,0309,지축,319,N,13:24:00,13:24:30,,3194,상행,2025-05-01T05:00:00,,평일
3호선,1958,대화,309,,20250619,3호선,0342,오금,352,N,3호선,3217,1950,삼송,318,N,13:27:00,13:27:30,,3194,상행,2025-05-01T05:00:00,,평일
3호선,1958,대화,309,,20250619,3호선,0342,오금,352,N,3호선,3217,1948,원흥,317,N,13:29:30,13:30:00,,3194,상행,2025-05-01T05:00:00,,평일
3호선,1958,대화,309,,20250619,3호선,0342,오금,352,N,3호선,3217,1951,원당,316,N,13:32:30,13:33:00,,3194,상행,2025-05-01T05:00:00,,평일
3호선,1958,대화,309,,20250619,3호선,0342,오금,352,N,3호선,3217,1952,화정,315,N,13:36:00,13:36:30,,3194,상행,2025-05-01T05:00:00,,평일
3호선,1958,대화,309,,20250619,3호선,0342,오금,352,N,3호선,3217,1953,대곡,314,N,13:39:00,13:39:30,,3194,상행,2025-05-01T05:00:00,,평일
3호선,1958,대화,309,,20250619,3호선,0342,오금,352,N,3호선,3217,1954,백석,313,N,13:42:30,13:43:00,,3194,상행,2025-05-01T05:00:00,,평일
3호선,1958,대화,309,,20250619,3호선,0342,오금,352,N,3호선,3217,1955,마두,312,N,13:45:00,13:45:30,,3194,상행,2025-05-01T05:00:00,,평일
3호선,1958,대화,309,,20250619,3호선,0342,오금,352,N,3호선,3217,1956,정발산,311,N,13:47:00,13:47:30,,3194,상행,2025-05-01T05:00:00,,평일
3호선,1958,대화,309,,20250619,3호선,0342,오금,352,N,3호선,3217,1957,주엽,310,N,13:49:30,13:50:00,,3194,상행,2025-05-01T05:00:00,,평일
3호선,1958,대화,309,,20250619,3호선,0342,오금,352,N,3호선,3217,1958,대화,309,N,13:52:00,,,3194,상행,2025-05-01T05:00:00,,평일
3호선,1958,대화,309,,20250619,3호선,0342,오금,352,N,3호선,3219,0342,오금,352,N,,12:24:00,,3198K,상행,2025-05-01T05:00:00,,평일
3호선,1958,대화,309,,20250619,3호선,0342,오금,352,N,3호선,3219,0341,경찰병원,351,N,12:25:00,12:25:30,,3198K,상행,2025-05-01T05:00:00,,평일
3호선,1958,대화,309,,20250619,3호선,0342,오금,352,N,3호선,3219,0340,가락시장,350,N,12:26:30,12:27:00,,3198K,상행,2025-05-01T05:00:00,,평일
3호선,1958,대화,309,,20250619,3호선,0342,오금,352,N,3호선,3219,0339,수서,349,N,12:29:00,12:29:30,,3198K,상행,2025-05-01T05:00:00,,평일
3호선,1958,대화,309,,20250619,3호선,0342,오금,352,N,3호선,3219,0338,일원,348,N,12:31:30,12:32:00,,3198K,상행,2025-05-01T05:00:00,,평일
3호선,1958,대화,309,,20250619,3호선,0342,오금,352,N,3호선,3219,0337,대청,347,N,12:33:30,12:34:00,,3198K,상행,2025-05-01T05:00:00,,평일
3호선,1958,대화,309,,20250619,3호선,0342,오금,352,N,3호선,3219,0336,학여울,346,N,12:35:30,12:36:00,,3198K,상행,2025-05-01T05:00:00,,평일
3호선,1958,대화,309,,20250619,3호선,0342,오금,352,N,3호선,3219,0335,대치,345,N,12:37:00,12:37:30,,3198K,상행,2025-05-01T05:00:00,,평일
3호선,1958,대화,309,,20250619,3호선,0342,오금,352,N,3호선,3219,0334,도곡,344,N,12:38:30,12:39:00,,3198K,상행,2025-05-01T05:00:00,,평일
3호선,1958,대화,309,,20250619,3호선,0342,오금,352,N,3호선,3219,0333,매봉,343,N,12:40:30,12:41:00,,3198K,상행,2025-05-01T05:00:00,,평일
3호선,1958,대화,309,,20250619,3호선,0342,오금,352,N,3호선,3219,0332,양재,342,N,12:43:00,12:43:30,,3198K,상행,2025-05-01T05:00:00,,평일
3호선,1958,대화,309,,20250619,3호선,0342,오금,352,N,3호선,3219,0331,남부터미널,341,N,12:45:30,12:46:00,,3198K,상행,2025-05-01T05:00:00,,평일
3호선,1958,대화,309,,20250619,3호선,0342,오금,352,N,3호선,3219,0330,교대,340,N,12:47:30,12:48:00,,3198K,상행,2025-05-01T05:00:00,,평일
3호선,1958,대화,309,,20250619,3호선,0342,오금,352,N,3호선,3219,0329,고속터미널,339,N,12:50:00,12:50:30,,3198K,상행,2025-05-01T05:00:00,,평일
3호선,1958,대화,309,,20250619,3호선,0342,오금,352,N,3호선,3219,0328,잠원,338,N,12:52:00,12:52:30,,3198K,상행,2025-05-01T05:00:00,,평일
3호선,1958,대화,309,,20250619,3호선,0342,오금,352,N,3호선,3219,0327,신사,337,N,12:54:00,12:54:30,,3198K,상행,2025-05-01T05:00:00,,평일
3호선,1958,대화,309,,20250619,3호선,0342,오금,352,N,3호선,3219,0326,압구정,336,N,12:56:30,12:57:00,,3198K,상행,2025-05-01T05:00:00,,평일
3호선,1958,대화,309,,20250619,3호선,0342,오금,352,N,3호선,3219,0325,옥수,335,N,12:59:00,12:59:30,,3198K,상행,2025-05-01T05:00:00,,평일
3호선,1958,대화,309,,20250619,3호선,0342,오금,352,N,3호선,3219,0324,금호,334,N,13:00:30,13:01:00,,3198K,상행,2025-05-01T05:00:00,,평일
3호선,1958,대화,309,,20250619,3호선,0342,오금,352,N,3호선,3219,0323,약수,333,N,13:02:00,13:02:30,,3198K,상행,2025-05-01T05:00:00,,평일
3호선,1958,대화,309,,20250619,3호선,0342,오금,352,N,3호선,3219,0322,동대입구,332,N,13:03:30,13:04:00,,3198K,상행,2025-05-01T05:00:00,,평일
3호선,1958,대화,309,,20250619,3호선,0342,오금,352,N,3호선,3219,0321,충무로,331,N,13:05:30,13:06:00,,3198K,상행,2025-05-01T05:00:00,,평일
3호선,1958,대화,309,,20250619,3호선,0342,오금,352,N,3호선,3219,0320,을지로3가,330,N,13:07:00,13:07:30,,3198K,상행,2025-05-01T05:00:00,,평일
3호선,1958,대화,309,,20250619,3호선,0342,오금,352,N,3호선,3219,0319,종로3가,329,N,13:08:30,13:09:00,,3198K,상행,2025-05-01T05:00:00,,평일
3호선,1958,대화,309,,20250619,3호선,0342,오금,352,N,3호선,3219,0318,안국,328,N,13:10:30,13:11:00,,3198K,상행,2025-05-01T05:00:00,,평일
3호선,1958,대화,309,,20250619,3호선,0342,오금,352,N,3호선,3219,0317,경복궁,327,N,13:12:30,13:13:00,,3198K,상행,2025-05-01T05:00:00,,평일
3호선,1958,대화,309,,20250619,3호선,0342,오금,352,N,3호선,3219,0316,독립문,326,N,13:15:00,13:15:30,,3198K,상행,2025-05-01T05:00:00,,평일
3호선,1958,대화,309,,20250619,3호선,0342,오금,352,N,3호선,3219,0315,무악재,325,N,13:17:00,13:17:30,,3198K,상행,2025-05-01T05:00:00,,평일
3호선,1958,대화,309,,20250619,3호선,0342,오금,352,N,3호선,3219,0314,홍제,324,N,13:19:00,13:19:30,,3198K,상행,2025-05-01T05:00:00,,평일
3호선,1958,대화,309,,20250619,3호선,0342,오금,352,N,3호선,3219,0313,녹번,323,N,13:21:30,13:22:00,,3198K,상행,2025-05-01T05:00:00,,평일
3호선,1958,대화,309,,20250619,3호선,0342,오금,352,N,3호선,3219,0312,불광,322,N,13:23:30,13:24:00,,3198K,상행,2025-05-01T05:00:00,,평일
3호선,1958,대화,309,,20250619,3호선,0342,오금,352,N,3호선,3219,0311,연신내,321,N,13:25:30,13:26:00,,3198K,상행,2025-05-01T05:00:00,,평일
3호선,1958,대화,309,,20250619,3호선,0342,오금,352,N,3호선,3219,0310,구파발,320,N,13:28:00,13:28:30,,3198K,상행,2025-05-01T05:00:00,,평일
3호선,1958,대화,309,,20250619,3호선,0342,오금,352,N,3호선,3219,0309,지축,319,N,13:31:30,13:32:00,,3198K,상행,2025-05-01T05:00:00,,평일
3호선,1958,대화,309,,20250619,3호선,0342,오금,352,N,3호선,3219,1950,삼송,318,N,13:34:30,13:35:00,,3198K,상행,2025-05-01T05:00:00,,평일
3호선,1958,대화,309,,20250619,3호선,0342,오금,352,N,3호선,3219,1948,원흥,317,N,13:37:00,13:37:30,,3198K,상행,2025-05-01T05:00:00,,평일
3호선,1958,대화,309,,20250619,3호선,0342,오금,352,N,3호선,3219,1951,원당,316,N,13:40:00,13:40:30,,3198K,상행,2025-05-01T05:00:00,,평일
3호선,1958,대화,309,,20250619,3호선,0342,오금,352,N,3호선,3219,1952,화정,315,N,13:43:30,13:44:00,,3198K,상행,2025-05-01T05:00:00,,평일
3호선,1958,대화,309,,20250619,3호선,0342,오금,352,N,3호선,3219,1953,대곡,314,N,13:46:30,13:47:00,,3198K,상행,2025-05-01T05:00:00,,평일
3호선,1958,대화,309,,20250619,3호선,0342,오금,352,N,3호선,3219,1954,백석,313,N,13:50:00,13:50:30,,3198K,상행,2025-05-01T05:00:00,,평일
3호선,1958,대화,309,,20250619,3호선,0342,오금,352,N,3호선,3219,1955,마두,312,N,13:52:30,13:53:00,,3198K,상행,2025-05-01T05:00:00,,평일
3호선,1958,대화,309,,20250619,3호선,0342,오금,352,N,3호선,3219,1956,정발산,311,N,13:54:30,13:55:00,,3198K,상행,2025-05-01T05:00:00,,평일
3호선,1958,대화,309,,20250619,3호선,0342,오금,352,N,3호선,3219,1957,주엽,310,N,13:57:00,13:57:30,,3198K,상행,2025-05-01T05:00:00,,평일
3호선,1958,대화,309,,20250619,3호선,0342,오금,352,N,3호선,3219,1958,대화,309,N,13:59:30,,,3198K,상행,2025-05-01T05:00:00,,평일
3호선,0310,구파발,320,,20250619,3호선,0342,오금,352,N,3호선,3203,0342,오금,352,N,,12:32:00,,3200,상행,2025-05-01T05:00:00,,평일
3호선,0310,구파발,320,,20250619,3호선,0342,오금,352,N,3호선,3203,0341,경찰병원,351,N,12:33:00,12:33:30,,3200,상행,2025-05-01T05:00:00,,평일
3호선,0310,구파발,320,,20250619,3호선,0342,오금,352,N,3호선,3203,0340,가락시장,350,N,12:34:30,12:35:00,,3200,상행,2025-05-01T05:00:00,,평일
3호선,0310,구파발,320,,20250619,3호선,0342,오금,352,N,3호선,3203,0339,수서,349,N,12:37:00,12:37:30,,3200,상행,2025-05-01T05:00:00,,평일
3호선,0310,구파발,320,,20250619,3호선,0342,오금,352,N,3호선,3203,0338,일원,348,N,12:39:30,12:40:00,,3200,상행,2025-05-01T05:00:00,,평일
3호선,0310,구파발,320,,20250619,3호선,0342,오금,352,N,3호선,3203,0337,대청,347,N,12:41:30,12:42:00,,3200,상행,2025-05-01T05:00:00,,평일
3호선,0310,구파발,320,,20250619,3호선,0342,오금,352,N,3호선,3203,0336,학여울,346,N,12:43:30,12:44:00,,3200,상행,2025-05-01T05:00:00,,평일
3호선,0310,구파발,320,,20250619,3호선,0342,오금,352,N,3호선,3203,0335,대치,345,N,12:45:00,12:45:30,,3200,상행,2025-05-01T05:00:00,,평일
3호선,0310,구파발,320,,20250619,3호선,0342,오금,352,N,3호선,3203,0334,도곡,344,N,12:46:30,12:47:00,,3200,상행,2025-05-01T05:00:00,,평일
3호선,0310,구파발,320,,20250619,3호선,0342,오금,352,N,3호선,3203,0333,매봉,343,N,12:48:30,12:49:00,,3200,상행,2025-05-01T05:00:00,,평일
3호선,0310,구파발,320,,20250619,3호선,0342,오금,352,N,3호선,3203,0332,양재,342,N,12:51:00,12:51:30,,3200,상행,2025-05-01T05:00:00,,평일
3호선,0310,구파발,320,,20250619,3호선,0342,오금,352,N,3호선,3203,0331,남부터미널,341,N,12:53:30,12:54:00,,3200,상행,2025-05-01T05:00:00,,평일
3호선,0310,구파발,320,,20250619,3호선,0342,오금,352,N,3호선,3203,0330,교대,340,N,12:55:30,12:56:00,,3200,상행,2025-05-01T05:00:00,,평일
3호선,0310,구파발,320,,20250619,3호선,0342,오금,352,N,3호선,3203,0329,고속터미널,339,N,12:58:00,12:58:30,,3200,상행,2025-05-01T05:00:00,,평일
3호선,0310,구파발,320,,20250619,3호선,0342,오금,352,N,3호선,3203,0328,잠원,338,N,13:00:00,13:00:30,,3200,상행,2025-05-01T05:00:00,,평일
3호선,0310,구파발,320,,20250619,3호선,0342,오금,352,N,3호선,3203,0327,신사,337,N,13:02:00,13:02:30,,3200,상행,2025-05-01T05:00:00,,평일
3호선,0310,구파발,320,,20250619,3호선,0342,오금,352,N,3호선,3203,0326,압구정,336,N,13:04:30,13:05:00,,3200,상행,2025-05-01T05:00:00,,평일
3호선,0310,구파발,320,,20250619,3호선,0342,오금,352,N,3호선,3203,0325,옥수,335,N,13:07:00,13:07:30,,3200,상행,2025-05-01T05:00:00,,평일
3호선,0310,구파발,320,,20250619,3호선,0342,오금,352,N,3호선,3203,0324,금호,334,N,13:08:30,13:09:00,,3200,상행,2025-05-01T05:00:00,,평일
3호선,0310,구파발,320,,20250619,3호선,0342,오금,352,N,3호선,3203,0323,약수,333,N,13:10:00,13:10:30,,3200,상행,2025-05-01T05:00:00,,평일
3호선,0310,구파발,320,,20250619,3호선,0342,오금,352,N,3호선,3203,0322,동대입구,332,N,13:11:30,13:12:00,,3200,상행,2025-05-01T05:00:00,,평일
3호선,0310,구파발,320,,20250619,3호선,0342,오금,352,N,3호선,3203,0321,충무로,331,N,13:13:30,13:14:00,,3200,상행,2025-05-01T05:00:00,,평일
3호선,0310,구파발,320,,20250619,3호선,0342,오금,352,N,3호선,3203,0320,을지로3가,330,N,13:15:00,13:15:30,,3200,상행,2025-05-01T05:00:00,,평일
3호선,0310,구파발,320,,20250619,3호선,0342,오금,352,N,3호선,3203,0319,종로3가,329,N,13:16:30,13:17:00,,3200,상행,2025-05-01T05:00:00,,평일
3호선,0310,구파발,320,,20250619,3호선,0342,오금,352,N,3호선,3203,0318,안국,328,N,13:18:30,13:19:00,,3200,상행,2025-05-01T05:00:00,,평일
3호선,0310,구파발,320,,20250619,3호선,0342,오금,352,N,3호선,3203,0317,경복궁,327,N,13:20:30,13:21:00,,3200,상행,2025-05-01T05:00:00,,평일
3호선,0310,구파발,320,,20250619,3호선,0342,오금,352,N,3호선,3203,0316,독립문,326,N,13:23:00,13:23:30,,3200,상행,2025-05-01T05:00:00,,평일
3호선,0310,구파발,320,,20250619,3호선,0342,오금,352,N,3호선,3203,0315,무악재,325,N,13:25:00,13:25:30,,3200,상행,2025-05-01T05:00:00,,평일
3호선,0310,구파발,320,,20250619,3호선,0342,오금,352,N,3호선,3203,0314,홍제,324,N,13:27:00,13:27:30,,3200,상행,2025-05-01T05:00:00,,평일
3호선,0310,구파발,320,,20250619,3호선,0342,오금,352,N,3호선,3203,0313,녹번,323,N,13:29:30,13:30:00,,3200,상행,2025-05-01T05:00:00,,평일
3호선,0310,구파발,320,,20250619,3호선,0342,오금,352,N,3호선,3203,0312,불광,322,N,13:31:30,13:32:00,,3200,상행,2025-05-01T05:00:00,,평일
3호선,0310,구파발,320,,20250619,3호선,0342,오금,352,N,3호선,3203,0311,연신내,321,N,13:33:30,13:34:00,,3200,상행,2025-05-01T05:00:00,,평일
3호선,0310,구파발,320,,20250619,3호선,0342,오금,352,N,3호선,3203,0310,구파발,320,N,13:36:00,,,3200,상행,2025-05-01T05:00:00,,평일
3호선,1958,대화,309,,20250619,3호선,0342,오금,352,N,3호선,3223,0342,오금,352,N,,12:40:00,,3202K,상행,2025-05-01T05:00:00,,평일
3호선,1958,대화,309,,20250619,3호선,0342,오금,352,N,3호선,3223,0341,경찰병원,351,N,12:41:00,12:41:30,,3202K,상행,2025-05-01T05:00:00,,평일
3호선,1958,대화,309,,20250619,3호선,0342,오금,352,N,3호선,3223,0340,가락시장,350,N,12:42:30,12:43:00,,3202K,상행,2025-05-01T05:00:00,,평일
3호선,1958,대화,309,,20250619,3호선,0342,오금,352,N,3호선,3223,0339,수서,349,N,12:45:00,12:45:30,,3202K,상행,2025-05-01T05:00:00,,평일
3호선,1958,대화,309,,20250619,3호선,0342,오금,352,N,3호선,3223,0338,일원,348,N,12:47:30,12:48:00,,3202K,상행,2025-05-01T05:00:00,,평일
3호선,1958,대화,309,,20250619,3호선,0342,오금,352,N,3호선,3223,0337,대청,347,N,12:49:30,12:50:00,,3202K,상행,2025-05-01T05:00:00,,평일
3호선,1958,대화,309,,20250619,3호선,0342,오금,352,N,3호선,3223,0336,학여울,346,N,12:51:30,12:52:00,,3202K,상행,2025-05-01T05:00:00,,평일
3호선,1958,대화,309,,20250619,3호선,0342,오금,352,N,3호선,3223,0335,대치,345,N,12:53:00,12:53:30,,3202K,상행,2025-05-01T05:00:00,,평일
3호선,1958,대화,309,,20250619,3호선,0342,오금,352,N,3호선,3223,0334,도곡,344,N,12:54:30,12:55:00,,3202K,상행,2025-05-01T05:00:00,,평일
3호선,1958,대화,309,,20250619,3호선,0342,오금,352,N,3호선,3223,0333,매봉,343,N,12:56:30,12:57:00,,3202K,상행,2025-05-01T05:00:00,,평일
3호선,1958,대화,309,,20250619,3호선,0342,오금,352,N,3호선,3223,0332,양재,342,N,12:59:00,12:59:30,,3202K,상행,2025-05-01T05:00:00,,평일
3호선,1958,대화,309,,20250619,3호선,0342,오금,352,N,3호선,3223,0331,남부터미널,341,N,13:01:30,13:02:00,,3202K,상행,2025-05-01T05:00:00,,평일
3호선,1958,대화,309,,20250619,3호선,0342,오금,352,N,3호선,3223,0330,교대,340,N,13:03:30,13:04:00,,3202K,상행,2025-05-01T05:00:00,,평일
3호선,1958,대화,309,,20250619,3호선,0342,오금,352,N,3호선,3223,0329,고속터미널,339,N,13:06:00,13:06:30,,3202K,상행,2025-05-01T05:00:00,,평일
3호선,1958,대화,309,,20250619,3호선,0342,오금,352,N,3호선,3223,0328,잠원,338,N,13:08:00,13:08:30,,3202K,상행,2025-05-01T05:00:00,,평일
3호선,1958,대화,309,,20250619,3호선,0342,오금,352,N,3호선,3223,0327,신사,337,N,13:10:00,13:10:30,,3202K,상행,2025-05-01T05:00:00,,평일
3호선,1958,대화,309,,20250619,3호선,0342,오금,352,N,3호선,3223,0326,압구정,336,N,13:12:30,13:13:00,,3202K,상행,2025-05-01T05:00:00,,평일
3호선,1958,대화,309,,20250619,3호선,0342,오금,352,N,3호선,3223,0325,옥수,335,N,13:15:00,13:15:30,,3202K,상행,2025-05-01T05:00:00,,평일
3호선,1958,대화,309,,20250619,3호선,0342,오금,352,N,3호선,3223,0324,금호,334,N,13:16:30,13:17:00,,3202K,상행,2025-05-01T05:00:00,,평일
3호선,1958,대화,309,,20250619,3호선,0342,오금,352,N,3호선,3223,0323,약수,333,N,13:18:00,13:18:30,,3202K,상행,2025-05-01T05:00:00,,평일
3호선,1958,대화,309,,20250619,3호선,0342,오금,352,N,3호선,3223,0322,동대입구,332,N,13:19:30,13:20:00,,3202K,상행,2025-05-01T05:00:00,,평일
3호선,1958,대화,309,,20250619,3호선,0342,오금,352,N,3호선,3223,0321,충무로,331,N,13:21:30,13:22:00,,3202K,상행,2025-05-01T05:00:00,,평일
3호선,1958,대화,309,,20250619,3호선,0342,오금,352,N,3호선,3223,0320,을지로3가,330,N,13:23:00,13:23:30,,3202K,상행,2025-05-01T05:00:00,,평일
3호선,1958,대화,309,,20250619,3호선,0342,오금,352,N,3호선,3223,0319,종로3가,329,N,13:24:30,13:25:00,,3202K,상행,2025-05-01T05:00:00,,평일
3호선,1958,대화,309,,20250619,3호선,0342,오금,352,N,3호선,3223,0318,안국,328,N,13:26:30,13:27:00,,3202K,상행,2025-05-01T05:00:00,,평일
3호선,1958,대화,309,,20250619,3호선,0342,오금,352,N,3호선,3223,0317,경복궁,327,N,13:28:30,13:29:00,,3202K,상행,2025-05-01T05:00:00,,평일
3호선,1958,대화,309,,20250619,3호선,0342,오금,352,N,3호선,3223,0316,독립문,326,N,13:31:00,13:31:30,,3202K,상행,2025-05-01T05:00:00,,평일
3호선,1958,대화,309,,20250619,3호선,0342,오금,352,N,3호선,3223,0315,무악재,325,N,13:33:00,13:33:30,,3202K,상행,2025-05-01T05:00:00,,평일
3호선,1958,대화,309,,20250619,3호선,0342,오금,352,N,3호선,3223,0314,홍제,324,N,13:35:00,13:35:30,,3202K,상행,2025-05-01T05:00:00,,평일
3호선,1958,대화,309,,20250619,3호선,0342,오금,352,N,3호선,3223,0313,녹번,323,N,13:37:30,13:38:00,,3202K,상행,2025-05-01T05:00:00,,평일
3호선,1958,대화,309,,20250619,3호선,0342,오금,352,N,3호선,3223,0312,불광,322,N,13:39:30,13:40:00,,3202K,상행,2025-05-01T05:00:00,,평일
3호선,1958,대화,309,,20250619,3호선,0342,오금,352,N,3호선,3223,0311,연신내,321,N,13:41:30,13:42:00,,3202K,상행,2025-05-01T05:00:00,,평일
3호선,1958,대화,309,,20250619,3호선,0342,오금,352,N,3호선,3223,0310,구파발,320,N,13:44:00,13:44:30,,3202K,상행,2025-05-01T05:00:00,,평일
3호선,1958,대화,309,,20250619,3호선,0342,오금,352,N,3호선,3223,0309,지축,319,N,13:47:30,13:48:00,,3202K,상행,2025-05-01T05:00:00,,평일
3호선,1958,대화,309,,20250619,3호선,0342,오금,352,N,3호선,3223,1950,삼송,318,N,13:50:30,13:51:00,,3202K,상행,2025-05-01T05:00:00,,평일
3호선,1958,대화,309,,20250619,3호선,0342,오금,352,N,3호선,3223,1948,원흥,317,N,13:53:00,13:53:30,,3202K,상행,2025-05-01T05:00:00,,평일
3호선,1958,대화,309,,20250619,3호선,0342,오금,352,N,3호선,3223,1951,원당,316,N,13:56:00,13:56:30,,3202K,상행,2025-05-01T05:00:00,,평일
3호선,1958,대화,309,,20250619,3호선,0342,오금,352,N,3호선,3223,1952,화정,315,N,13:59:30,14:00:00,,3202K,상행,2025-05-01T05:00:00,,평일
3호선,1958,대화,309,,20250619,3호선,0342,오금,352,N,3호선,3223,1953,대곡,314,N,14:02:30,14:03:00,,3202K,상행,2025-05-01T05:00:00,,평일
3호선,1958,대화,309,,20250619,3호선,0342,오금,352,N,3호선,3223,1954,백석,313,N,14:06:00,14:06:30,,3202K,상행,2025-05-01T05:00:00,,평일
3호선,1958,대화,309,,20250619,3호선,0342,오금,352,N,3호선,3223,1955,마두,312,N,14:08:30,14:09:00,,3202K,상행,2025-05-01T05:00:00,,평일
3호선,1958,대화,309,,20250619,3호선,0342,오금,352,N,3호선,3223,1956,정발산,311,N,14:10:30,14:11:00,,3202K,상행,2025-05-01T05:00:00,,평일
3호선,1958,대화,309,,20250619,3호선,0342,오금,352,N,3호선,3223,1957,주엽,310,N,14:13:00,14:13:30,,3202K,상행,2025-05-01T05:00:00,,평일
3호선,1958,대화,309,,20250619,3호선,0342,오금,352,N,3호선,3223,1958,대화,309,N,14:15:30,,,3202K,상행,2025-05-01T05:00:00,,평일
3호선,1958,대화,309,,20250619,3호선,0342,오금,352,N,3호선,3225,0342,오금,352,N,,12:47:00,,3204,상행,2025-05-01T05:00:00,,평일
3호선,1958,대화,309,,20250619,3호선,0342,오금,352,N,3호선,3225,0341,경찰병원,351,N,12:48:00,12:48:30,,3204,상행,2025-05-01T05:00:00,,평일
3호선,1958,대화,309,,20250619,3호선,0342,오금,352,N,3호선,3225,0340,가락시장,350,N,12:49:30,12:50:00,,3204,상행,2025-05-01T05:00:00,,평일
3호선,1958,대화,309,,20250619,3호선,0342,오금,352,N,3호선,3225,0339,수서,349,N,12:52:00,12:52:30,,3204,상행,2025-05-01T05:00:00,,평일
3호선,1958,대화,309,,20250619,3호선,0342,오금,352,N,3호선,3225,0338,일원,348,N,12:54:30,12:55:00,,3204,상행,2025-05-01T05:00:00,,평일
3호선,1958,대화,309,,20250619,3호선,0342,오금,352,N,3호선,3225,0337,대청,347,N,12:56:30,12:57:00,,3204,상행,2025-05-01T05:00:00,,평일
3호선,1958,대화,309,,20250619,3호선,0342,오금,352,N,3호선,3225,0336,학여울,346,N,12:58:30,12:59:00,,3204,상행,2025-05-01T05:00:00,,평일
3호선,1958,대화,309,,20250619,3호선,0342,오금,352,N,3호선,3225,0335,대치,345,N,13:00:00,13:00:30,,3204,상행,2025-05-01T05:00:00,,평일
3호선,1958,대화,309,,20250619,3호선,0342,오금,352,N,3호선,3225,0334,도곡,344,N,13:01:30,13:02:00,,3204,상행,2025-05-01T05:00:00,,평일
3호선,1958,대화,309,,20250619,3호선,0342,오금,352,N,3호선,3225,0333,매봉,343,N,13:03:30,13:04:00,,3204,상행,2025-05-01T05:00:00,,평일
3호선,1958,대화,309,,20250619,3호선,0342,오금,352,N,3호선,3225,0332,양재,342,N,13:06:00,13:06:30,,3204,상행,2025-05-01T05:00:00,,평일
3호선,1958,대화,309,,20250619,3호선,0342,오금,352,N,3호선,3225,0331,남부터미널,341,N,13:08:30,13:09:00,,3204,상행,2025-05-01T05:00:00,,평일
3호선,1958,대화,309,,20250619,3호선,0342,오금,352,N,3호선,3225,0330,교대,340,N,13:10:30,13:11:00,,3204,상행,2025-05-01T05:00:00,,평일
3호선,1958,대화,309,,20250619,3호선,0342,오금,352,N,3호선,3225,0329,고속터미널,339,N,13:13:00,13:13:30,,3204,상행,2025-05-01T05:00:00,,평일
3호선,1958,대화,309,,20250619,3호선,0342,오금,352,N,3호선,3225,0328,잠원,338,N,13:15:00,13:15:30,,3204,상행,2025-05-01T05:00:00,,평일
3호선,1958,대화,309,,20250619,3호선,0342,오금,352,N,3호선,3225,0327,신사,337,N,13:17:00,13:17:30,,3204,상행,2025-05-01T05:00:00,,평일
3호선,1958,대화,309,,20250619,3호선,0342,오금,352,N,3호선,3225,0326,압구정,336,N,13:19:30,13:20:00,,3204,상행,2025-05-01T05:00:00,,평일
3호선,1958,대화,309,,20250619,3호선,0342,오금,352,N,3호선,3225,0325,옥수,335,N,13:22:00,13:22:30,,3204,상행,2025-05-01T05:00:00,,평일
3호선,1958,대화,309,,20250619,3호선,0342,오금,352,N,3호선,3225,0324,금호,334,N,13:23:30,13:24:00,,3204,상행,2025-05-01T05:00:00,,평일
3호선,1958,대화,309,,20250619,3호선,0342,오금,352,N,3호선,3225,0323,약수,333,N,13:25:00,13:25:30,,3204,상행,2025-05-01T05:00:00,,평일
3호선,1958,대화,309,,20250619,3호선,0342,오금,352,N,3호선,3225,0322,동대입구,332,N,13:26:30,13:27:00,,3204,상행,2025-05-01T05:00:00,,평일
3호선,1958,대화,309,,20250619,3호선,0342,오금,352,N,3호선,3225,0321,충무로,331,N,13:28:30,13:29:00,,3204,상행,2025-05-01T05:00:00,,평일
3호선,1958,대화,309,,20250619,3호선,0342,오금,352,N,3호선,3225,0320,을지로3가,330,N,13:30:00,13:30:30,,3204,상행,2025-05-01T05:00:00,,평일
3호선,1958,대화,309,,20250619,3호선,0342,오금,352,N,3호선,3225,0319,종로3가,329,N,13:31:30,13:32:00,,3204,상행,2025-05-01T05:00:00,,평일
3호선,1958,대화,309,,20250619,3호선,0342,오금,352,N,3호선,3225,0318,안국,328,N,13:33:30,13:34:00,,3204,상행,2025-05-01T05:00:00,,평일
3호선,1958,대화,309,,20250619,3호선,0342,오금,352,N,3호선,3225,0317,경복궁,327,N,13:35:30,13:36:00,,3204,상행,2025-05-01T05:00:00,,평일
3호선,1958,대화,309,,20250619,3호선,0342,오금,352,N,3호선,3225,0316,독립문,326,N,13:38:00,13:38:30,,3204,상행,2025-05-01T05:00:00,,평일
3호선,1958,대화,309,,20250619,3호선,0342,오금,352,N,3호선,3225,0315,무악재,325,N,13:40:00,13:40:30,,3204,상행,2025-05-01T05:00:00,,평일
3호선,1958,대화,309,,20250619,3호선,0342,오금,352,N,3호선,3225,0314,홍제,324,N,13:42:00,13:42:30,,3204,상행,2025-05-01T05:00:00,,평일
3호선,1958,대화,309,,20250619,3호선,0342,오금,352,N,3호선,3225,0313,녹번,323,N,13:44:30,13:45:00,,3204,상행,2025-05-01T05:00:00,,평일
3호선,1958,대화,309,,20250619,3호선,0342,오금,352,N,3호선,3225,0312,불광,322,N,13:46:30,13:47:00,,3204,상행,2025-05-01T05:00:00,,평일
3호선,1958,대화,309,,20250619,3호선,0342,오금,352,N,3호선,3225,0311,연신내,321,N,13:48:30,13:49:00,,3204,상행,2025-05-01T05:00:00,,평일
3호선,1958,대화,309,,20250619,3호선,0342,오금,352,N,3호선,3225,0310,구파발,320,N,13:51:00,13:51:30,,3204,상행,2025-05-01T05:00:00,,평일
3호선,1958,대화,309,,20250619,3호선,0342,오금,352,N,3호선,3225,0309,지축,319,N,13:54:30,13:55:00,,3204,상행,2025-05-01T05:00:00,,평일
3호선,1958,대화,309,,20250619,3호선,0342,오금,352,N,3호선,3225,1950,삼송,318,N,13:57:30,13:58:00,,3204,상행,2025-05-01T05:00:00,,평일
3호선,1958,대화,309,,20250619,3호선,0342,오금,352,N,3호선,3225,1948,원흥,317,N,14:00:00,14:00:30,,3204,상행,2025-05-01T05:00:00,,평일
3호선,1958,대화,309,,20250619,3호선,0342,오금,352,N,3호선,3225,1951,원당,316,N,14:03:00,14:03:30,,3204,상행,2025-05-01T05:00:00,,평일
3호선,1958,대화,309,,20250619,3호선,0342,오금,352,N,3호선,3225,1952,화정,315,N,14:06:30,14:07:00,,3204,상행,2025-05-01T05:00:00,,평일
3호선,1958,대화,309,,20250619,3호선,0342,오금,352,N,3호선,3225,1953,대곡,314,N,14:09:30,14:10:00,,3204,상행,2025-05-01T05:00:00,,평일
3호선,1958,대화,309,,20250619,3호선,0342,오금,352,N,3호선,3225,1954,백석,313,N,14:13:00,14:13:30,,3204,상행,2025-05-01T05:00:00,,평일
3호선,1958,대화,309,,20250619,3호선,0342,오금,352,N,3호선,3225,1955,마두,312,N,14:15:30,14:16:00,,3204,상행,2025-05-01T05:00:00,,평일
3호선,1958,대화,309,,20250619,3호선,0342,오금,352,N,3호선,3225,1956,정발산,311,N,14:17:30,14:18:00,,3204,상행,2025-05-01T05:00:00,,평일
3호선,1958,대화,309,,20250619,3호선,0342,오금,352,N,3호선,3225,1957,주엽,310,N,14:20:00,14:20:30,,3204,상행,2025-05-01T05:00:00,,평일
3호선,1958,대화,309,,20250619,3호선,0342,오금,352,N,3호선,3225,1958,대화,309,N,14:22:30,,,3204,상행,2025-05-01T05:00:00,,평일
3호선,1958,대화,309,,20250619,3호선,0342,오금,352,N,3호선,3229,0342,오금,352,N,,12:53:30,,3206,상행,2025-05-01T05:00:00,,평일
3호선,1958,대화,309,,20250619,3호선,0342,오금,352,N,3호선,3229,0341,경찰병원,351,N,12:54:30,12:55:00,,3206,상행,2025-05-01T05:00:00,,평일
3호선,1958,대화,309,,20250619,3호선,0342,오금,352,N,3호선,3229,0340,가락시장,350,N,12:56:00,12:56:30,,3206,상행,2025-05-01T05:00:00,,평일
3호선,1958,대화,309,,20250619,3호선,0342,오금,352,N,3호선,3229,0339,수서,349,N,12:58:30,12:59:00,,3206,상행,2025-05-01T05:00:00,,평일
3호선,1958,대화,309,,20250619,3호선,0342,오금,352,N,3호선,3229,0338,일원,348,N,13:01:00,13:01:30,,3206,상행,2025-05-01T05:00:00,,평일
3호선,1958,대화,309,,20250619,3호선,0342,오금,352,N,3호선,3229,0337,대청,347,N,13:03:00,13:03:30,,3206,상행,2025-05-01T05:00:00,,평일
3호선,1958,대화,309,,20250619,3호선,0342,오금,352,N,3호선,3229,0336,학여울,346,N,13:05:00,13:05:30,,3206,상행,2025-05-01T05:00:00,,평일
3호선,1958,대화,309,,20250619,3호선,0342,오금,352,N,3호선,3229,0335,대치,345,N,13:06:30,13:07:00,,3206,상행,2025-05-01T05:00:00,,평일
3호선,1958,대화,309,,20250619,3호선,0342,오금,352,N,3호선,3229,0334,도곡,344,N,13:08:00,13:08:30,,3206,상행,2025-05-01T05:00:00,,평일
3호선,1958,대화,309,,20250619,3호선,0342,오금,352,N,3호선,3229,0333,매봉,343,N,13:10:00,13:10:30,,3206,상행,2025-05-01T05:00:00,,평일
3호선,1958,대화,309,,20250619,3호선,0342,오금,352,N,3호선,3229,0332,양재,342,N,13:12:30,13:13:00,,3206,상행,2025-05-01T05:00:00,,평일
3호선,1958,대화,309,,20250619,3호선,0342,오금,352,N,3호선,3229,0331,남부터미널,341,N,13:15:00,13:15:30,,3206,상행,2025-05-01T05:00:00,,평일
3호선,1958,대화,309,,20250619,3호선,0342,오금,352,N,3호선,3229,0330,교대,340,N,13:17:00,13:17:30,,3206,상행,2025-05-01T05:00:00,,평일
3호선,1958,대화,309,,20250619,3호선,0342,오금,352,N,3호선,3229,0329,고속터미널,339,N,13:19:30,13:20:00,,3206,상행,2025-05-01T05:00:00,,평일
3호선,1958,대화,309,,20250619,3호선,0342,오금,352,N,3호선,3229,0328,잠원,338,N,13:21:30,13:22:00,,3206,상행,2025-05-01T05:00:00,,평일
3호선,1958,대화,309,,20250619,3호선,0342,오금,352,N,3호선,3229,0327,신사,337,N,13:23:30,13:24:00,,3206,상행,2025-05-01T05:00:00,,평일
3호선,1958,대화,309,,20250619,3호선,0342,오금,352,N,3호선,3229,0326,압구정,336,N,13:26:00,13:26:30,,3206,상행,2025-05-01T05:00:00,,평일
3호선,1958,대화,309,,20250619,3호선,0342,오금,352,N,3호선,3229,0325,옥수,335,N,13:28:30,13:29:00,,3206,상행,2025-05-01T05:00:00,,평일
3호선,1958,대화,309,,20250619,3호선,0342,오금,352,N,3호선,3229,0324,금호,334,N,13:30:00,13:30:30,,3206,상행,2025-05-01T05:00:00,,평일
3호선,1958,대화,309,,20250619,3호선,0342,오금,352,N,3호선,3229,0323,약수,333,N,13:31:30,13:32:00,,3206,상행,2025-05-01T05:00:00,,평일
3호선,1958,대화,309,,20250619,3호선,0342,오금,352,N,3호선,3229,0322,동대입구,332,N,13:33:00,13:33:30,,3206,상행,2025-05-01T05:00:00,,평일
3호선,1958,대화,309,,20250619,3호선,0342,오금,352,N,3호선,3229,0321,충무로,331,N,13:35:00,13:35:30,,3206,상행,2025-05-01T05:00:00,,평일
3호선,1958,대화,309,,20250619,3호선,0342,오금,352,N,3호선,3229,0320,을지로3가,330,N,13:36:30,13:37:00,,3206,상행,2025-05-01T05:00:00,,평일
3호선,1958,대화,309,,20250619,3호선,0342,오금,352,N,3호선,3229,0319,종로3가,329,N,13:38:00,13:38:30,,3206,상행,2025-05-01T05:00:00,,평일
3호선,1958,대화,309,,20250619,3호선,0342,오금,352,N,3호선,3229,0318,안국,328,N,13:40:00,13:40:30,,3206,상행,2025-05-01T05:00:00,,평일
3호선,1958,대화,309,,20250619,3호선,0342,오금,352,N,3호선,3229,0317,경복궁,327,N,13:42:00,13:42:30,,3206,상행,2025-05-01T05:00:00,,평일
3호선,1958,대화,309,,20250619,3호선,0342,오금,352,N,3호선,3229,0316,독립문,326,N,13:44:30,13:45:00,,3206,상행,2025-05-01T05:00:00,,평일
3호선,1958,대화,309,,20250619,3호선,0342,오금,352,N,3호선,3229,0315,무악재,325,N,13:46:30,13:47:00,,3206,상행,2025-05-01T05:00:00,,평일
3호선,1958,대화,309,,20250619,3호선,0342,오금,352,N,3호선,3229,0314,홍제,324,N,13:48:30,13:49:00,,3206,상행,2025-05-01T05:00:00,,평일
3호선,1958,대화,309,,20250619,3호선,0342,오금,352,N,3호선,3229,0313,녹번,323,N,13:51:00,13:51:30,,3206,상행,2025-05-01T05:00:00,,평일
3호선,1958,대화,309,,20250619,3호선,0342,오금,352,N,3호선,3229,0312,불광,322,N,13:53:00,13:53:30,,3206,상행,2025-05-01T05:00:00,,평일
3호선,1958,대화,309,,20250619,3호선,0342,오금,352,N,3호선,3229,0311,연신내,321,N,13:55:00,13:55:30,,3206,상행,2025-05-01T05:00:00,,평일
3호선,1958,대화,309,,20250619,3호선,0342,오금,352,N,3호선,3229,0310,구파발,320,N,13:57:30,13:58:00,,3206,상행,2025-05-01T05:00:00,,평일
3호선,1958,대화,309,,20250619,3호선,0342,오금,352,N,3호선,3229,0309,지축,319,N,14:01:00,14:01:30,,3206,상행,2025-05-01T05:00:00,,평일
3호선,1958,대화,309,,20250619,3호선,0342,오금,352,N,3호선,3229,1950,삼송,318,N,14:04:00,14:04:30,,3206,상행,2025-05-01T05:00:00,,평일
3호선,1958,대화,309,,20250619,3호선,0342,오금,352,N,3호선,3229,1948,원흥,317,N,14:06:30,14:07:00,,3206,상행,2025-05-01T05:00:00,,평일
3호선,1958,대화,309,,20250619,3호선,0342,오금,352,N,3호선,3229,1951,원당,316,N,14:09:30,14:10:00,,3206,상행,2025-05-01T05:00:00,,평일
3호선,1958,대화,309,,20250619,3호선,0342,오금,352,N,3호선,3229,1952,화정,315,N,14:13:00,14:13:30,,3206,상행,2025-05-01T05:00:00,,평일
3호선,1958,대화,309,,20250619,3호선,0342,오금,352,N,3호선,3229,1953,대곡,314,N,14:16:00,14:16:30,,3206,상행,2025-05-01T05:00:00,,평일
3호선,1958,대화,309,,20250619,3호선,0342,오금,352,N,3호선,3229,1954,백석,313,N,14:19:30,14:20:00,,3206,상행,2025-05-01T05:00:00,,평일
3호선,1958,대화,309,,20250619,3호선,0342,오금,352,N,3호선,3229,1955,마두,312,N,14:22:00,14:22:30,,3206,상행,2025-05-01T05:00:00,,평일
3호선,1958,대화,309,,20250619,3호선,0342,오금,352,N,3호선,3229,1956,정발산,311,N,14:24:00,14:24:30,,3206,상행,2025-05-01T05:00:00,,평일
3호선,1958,대화,309,,20250619,3호선,0342,오금,352,N,3호선,3229,1957,주엽,310,N,14:26:30,14:27:00,,3206,상행,2025-05-01T05:00:00,,평일
3호선,1958,대화,309,,20250619,3호선,0342,오금,352,N,3호선,3229,1958,대화,309,N,14:29:00,,,3206,상행,2025-05-01T05:00:00,,평일
3호선,0310,구파발,320,,20250619,3호선,0342,오금,352,N,3호선,3209,0342,오금,352,N,,13:00:00,,3208,상행,2025-05-01T05:00:00,,평일
3호선,0310,구파발,320,,20250619,3호선,0342,오금,352,N,3호선,3209,0341,경찰병원,351,N,13:01:00,13:01:30,,3208,상행,2025-05-01T05:00:00,,평일
3호선,0310,구파발,320,,20250619,3호선,0342,오금,352,N,3호선,3209,0340,가락시장,350,N,13:02:30,13:03:00,,3208,상행,2025-05-01T05:00:00,,평일
3호선,0310,구파발,320,,20250619,3호선,0342,오금,352,N,3호선,3209,0339,수서,349,N,13:05:00,13:05:30,,3208,상행,2025-05-01T05:00:00,,평일
3호선,0310,구파발,320,,20250619,3호선,0342,오금,352,N,3호선,3209,0338,일원,348,N,13:07:30,13:08:00,,3208,상행,2025-05-01T05:00:00,,평일
3호선,0310,구파발,320,,20250619,3호선,0342,오금,352,N,3호선,3209,0337,대청,347,N,13:09:30,13:10:00,,3208,상행,2025-05-01T05:00:00,,평일
3호선,0310,구파발,320,,20250619,3호선,0342,오금,352,N,3호선,3209,0336,학여울,346,N,13:11:30,13:12:00,,3208,상행,2025-05-01T05:00:00,,평일
3호선,0310,구파발,320,,20250619,3호선,0342,오금,352,N,3호선,3209,0335,대치,345,N,13:13:00,13:13:30,,3208,상행,2025-05-01T05:00:00,,평일
3호선,0310,구파발,320,,20250619,3호선,0342,오금,352,N,3호선,3209,0334,도곡,344,N,13:14:30,13:15:00,,3208,상행,2025-05-01T05:00:00,,평일
3호선,0310,구파발,320,,20250619,3호선,0342,오금,352,N,3호선,3209,0333,매봉,343,N,13:16:30,13:17:00,,3208,상행,2025-05-01T05:00:00,,평일
3호선,0310,구파발,320,,20250619,3호선,0342,오금,352,N,3호선,3209,0332,양재,342,N,13:19:00,13:19:30,,3208,상행,2025-05-01T05:00:00,,평일
3호선,0310,구파발,320,,20250619,3호선,0342,오금,352,N,3호선,3209,0331,남부터미널,341,N,13:21:30,13:22:00,,3208,상행,2025-05-01T05:00:00,,평일
3호선,0310,구파발,320,,20250619,3호선,0342,오금,352,N,3호선,3209,0330,교대,340,N,13:23:30,13:24:00,,3208,상행,2025-05-01T05:00:00,,평일
3호선,0310,구파발,320,,20250619,3호선,0342,오금,352,N,3호선,3209,0329,고속터미널,339,N,13:26:00,13:26:30,,3208,상행,2025-05-01T05:00:00,,평일
3호선,0310,구파발,320,,20250619,3호선,0342,오금,352,N,3호선,3209,0328,잠원,338,N,13:28:00,13:28:30,,3208,상행,2025-05-01T05:00:00,,평일
3호선,0310,구파발,320,,20250619,3호선,0342,오금,352,N,3호선,3209,0327,신사,337,N,13:30:00,13:30:30,,3208,상행,2025-05-01T05:00:00,,평일
3호선,0310,구파발,320,,20250619,3호선,0342,오금,352,N,3호선,3209,0326,압구정,336,N,13:32:30,13:33:00,,3208,상행,2025-05-01T05:00:00,,평일
3호선,0310,구파발,320,,20250619,3호선,0342,오금,352,N,3호선,3209,0325,옥수,335,N,13:35:00,13:35:30,,3208,상행,2025-05-01T05:00:00,,평일
3호선,0310,구파발,320,,20250619,3호선,0342,오금,352,N,3호선,3209,0324,금호,334,N,13:36:30,13:37:00,,3208,상행,2025-05-01T05:00:00,,평일
3호선,0310,구파발,320,,20250619,3호선,0342,오금,352,N,3호선,3209,0323,약수,333,N,13:38:00,13:38:30,,3208,상행,2025-05-01T05:00:00,,평일
3호선,0310,구파발,320,,20250619,3호선,0342,오금,352,N,3호선,3209,0322,동대입구,332,N,13:39:30,13:40:00,,3208,상행,2025-05-01T05:00:00,,평일
3호선,0310,구파발,320,,20250619,3호선,0342,오금,352,N,3호선,3209,0321,충무로,331,N,13:41:30,13:42:00,,3208,상행,2025-05-01T05:00:00,,평일
3호선,0310,구파발,320,,20250619,3호선,0342,오금,352,N,3호선,3209,0320,을지로3가,330,N,13:43:00,13:43:30,,3208,상행,2025-05-01T05:00:00,,평일
3호선,0310,구파발,320,,20250619,3호선,0342,오금,352,N,3호선,3209,0319,종로3가,329,N,13:44:30,13:45:00,,3208,상행,2025-05-01T05:00:00,,평일
3호선,0310,구파발,320,,20250619,3호선,0342,오금,352,N,3호선,3209,0318,안국,328,N,13:46:30,13:47:00,,3208,상행,2025-05-01T05:00:00,,평일
3호선,0310,구파발,320,,20250619,3호선,0342,오금,352,N,3호선,3209,0317,경복궁,327,N,13:48:30,13:49:00,,3208,상행,2025-05-01T05:00:00,,평일
3호선,0310,구파발,320,,20250619,3호선,0342,오금,352,N,3호선,3209,0316,독립문,326,N,13:51:00,13:51:30,,3208,상행,2025-05-01T05:00:00,,평일
3호선,0310,구파발,320,,20250619,3호선,0342,오금,352,N,3호선,3209,0315,무악재,325,N,13:53:00,13:53:30,,3208,상행,2025-05-01T05:00:00,,평일
3호선,0310,구파발,320,,20250619,3호선,0342,오금,352,N,3호선,3209,0314,홍제,324,N,13:55:00,13:55:30,,3208,상행,2025-05-01T05:00:00,,평일
3호선,0310,구파발,320,,20250619,3호선,0342,오금,352,N,3호선,3209,0313,녹번,323,N,13:57:30,13:58:00,,3208,상행,2025-05-01T05:00:00,,평일
3호선,0310,구파발,320,,20250619,3호선,0342,오금,352,N,3호선,3209,0312,불광,322,N,13:59:30,14:00:00,,3208,상행,2025-05-01T05:00:00,,평일
3호선,0310,구파발,320,,20250619,3호선,0342,오금,352,N,3호선,3209,0311,연신내,321,N,14:01:30,14:02:00,,3208,상행,2025-05-01T05:00:00,,평일
3호선,0310,구파발,320,,20250619,3호선,0342,오금,352,N,3호선,3209,0310,구파발,320,N,14:04:00,,,3208,상행,2025-05-01T05:00:00,,평일
3호선,1958,대화,309,,20250619,3호선,0342,오금,352,N,3호선,3231,0342,오금,352,N,,13:06:30,,3210,상행,2025-05-01T05:00:00,,평일
3호선,1958,대화,309,,20250619,3호선,0342,오금,352,N,3호선,3231,0341,경찰병원,351,N,13:07:30,13:08:00,,3210,상행,2025-05-01T05:00:00,,평일
3호선,1958,대화,309,,20250619,3호선,0342,오금,352,N,3호선,3231,0340,가락시장,350,N,13:09:00,13:09:30,,3210,상행,2025-05-01T05:00:00,,평일
3호선,1958,대화,309,,20250619,3호선,0342,오금,352,N,3호선,3231,0339,수서,349,N,13:11:30,13:12:00,,3210,상행,2025-05-01T05:00:00,,평일
3호선,1958,대화,309,,20250619,3호선,0342,오금,352,N,3호선,3231,0338,일원,348,N,13:14:00,13:14:30,,3210,상행,2025-05-01T05:00:00,,평일
3호선,1958,대화,309,,20250619,3호선,0342,오금,352,N,3호선,3231,0337,대청,347,N,13:16:00,13:16:30,,3210,상행,2025-05-01T05:00:00,,평일
3호선,1958,대화,309,,20250619,3호선,0342,오금,352,N,3호선,3231,0336,학여울,346,N,13:18:00,13:18:30,,3210,상행,2025-05-01T05:00:00,,평일
3호선,1958,대화,309,,20250619,3호선,0342,오금,352,N,3호선,3231,0335,대치,345,N,13:19:30,13:20:00,,3210,상행,2025-05-01T05:00:00,,평일
3호선,1958,대화,309,,20250619,3호선,0342,오금,352,N,3호선,3231,0334,도곡,344,N,13:21:00,13:21:30,,3210,상행,2025-05-01T05:00:00,,평일
3호선,1958,대화,309,,20250619,3호선,0342,오금,352,N,3호선,3231,0333,매봉,343,N,13:23:00,13:23:30,,3210,상행,2025-05-01T05:00:00,,평일
3호선,1958,대화,309,,20250619,3호선,0342,오금,352,N,3호선,3231,0332,양재,342,N,13:25:30,13:26:00,,3210,상행,2025-05-01T05:00:00,,평일
3호선,1958,대화,309,,20250619,3호선,0342,오금,352,N,3호선,3231,0331,남부터미널,341,N,13:28:00,13:28:30,,3210,상행,2025-05-01T05:00:00,,평일
3호선,1958,대화,309,,20250619,3호선,0342,오금,352,N,3호선,3231,0330,교대,340,N,13:30:00,13:30:30,,3210,상행,2025-05-01T05:00:00,,평일
3호선,1958,대화,309,,20250619,3호선,0342,오금,352,N,3호선,3231,0329,고속터미널,339,N,13:32:30,13:33:00,,3210,상행,2025-05-01T05:00:00,,평일
3호선,1958,대화,309,,20250619,3호선,0342,오금,352,N,3호선,3231,0328,잠원,338,N,13:34:30,13:35:00,,3210,상행,2025-05-01T05:00:00,,평일
3호선,1958,대화,309,,20250619,3호선,0342,오금,352,N,3호선,3231,0327,신사,337,N,13:36:30,13:37:00,,3210,상행,2025-05-01T05:00:00,,평일
3호선,1958,대화,309,,20250619,3호선,0342,오금,352,N,3호선,3231,0326,압구정,336,N,13:39:00,13:39:30,,3210,상행,2025-05-01T05:00:00,,평일
3호선,1958,대화,309,,20250619,3호선,0342,오금,352,N,3호선,3231,0325,옥수,335,N,13:41:30,13:42:00,,3210,상행,2025-05-01T05:00:00,,평일
3호선,1958,대화,309,,20250619,3호선,0342,오금,352,N,3호선,3231,0324,금호,334,N,13:43:00,13:43:30,,3210,상행,2025-05-01T05:00:00,,평일
3호선,1958,대화,309,,20250619,3호선,0342,오금,352,N,3호선,3231,0323,약수,333,N,13:44:30,13:45:00,,3210,상행,2025-05-01T05:00:00,,평일
3호선,1958,대화,309,,20250619,3호선,0342,오금,352,N,3호선,3231,0322,동대입구,332,N,13:46:00,13:46:30,,3210,상행,2025-05-01T05:00:00,,평일
3호선,1958,대화,309,,20250619,3호선,0342,오금,352,N,3호선,3231,0321,충무로,331,N,13:48:00,13:48:30,,3210,상행,2025-05-01T05:00:00,,평일
3호선,1958,대화,309,,20250619,3호선,0342,오금,352,N,3호선,3231,0320,을지로3가,330,N,13:49:30,13:50:00,,3210,상행,2025-05-01T05:00:00,,평일
3호선,1958,대화,309,,20250619,3호선,0342,오금,352,N,3호선,3231,0319,종로3가,329,N,13:51:00,13:51:30,,3210,상행,2025-05-01T05:00:00,,평일
3호선,1958,대화,309,,20250619,3호선,0342,오금,352,N,3호선,3231,0318,안국,328,N,13:53:00,13:53:30,,3210,상행,2025-05-01T05:00:00,,평일
3호선,1958,대화,309,,20250619,3호선,0342,오금,352,N,3호선,3231,0317,경복궁,327,N,13:55:00,13:55:30,,3210,상행,2025-05-01T05:00:00,,평일
3호선,1958,대화,309,,20250619,3호선,0342,오금,352,N,3호선,3231,0316,독립문,326,N,13:57:30,13:58:00,,3210,상행,2025-05-01T05:00:00,,평일
3호선,1958,대화,309,,20250619,3호선,0342,오금,352,N,3호선,3231,0315,무악재,325,N,13:59:30,14:00:00,,3210,상행,2025-05-01T05:00:00,,평일
3호선,1958,대화,309,,20250619,3호선,0342,오금,352,N,3호선,3231,0314,홍제,324,N,14:01:30,14:02:00,,3210,상행,2025-05-01T05:00:00,,평일
3호선,1958,대화,309,,20250619,3호선,0342,오금,352,N,3호선,3231,0313,녹번,323,N,14:04:00,14:04:30,,3210,상행,2025-05-01T05:00:00,,평일
3호선,1958,대화,309,,20250619,3호선,0342,오금,352,N,3호선,3231,0312,불광,322,N,14:06:00,14:06:30,,3210,상행,2025-05-01T05:00:00,,평일
3호선,1958,대화,309,,20250619,3호선,0342,오금,352,N,3호선,3231,0311,연신내,321,N,14:08:00,14:08:30,,3210,상행,2025-05-01T05:00:00,,평일
3호선,1958,대화,309,,20250619,3호선,0342,오금,352,N,3호선,3231,0310,구파발,320,N,14:10:30,14:11:00,,3210,상행,2025-05-01T05:00:00,,평일
3호선,1958,대화,309,,20250619,3호선,0342,오금,352,N,3호선,3231,0309,지축,319,N,14:14:00,14:14:30,,3210,상행,2025-05-01T05:00:00,,평일
3호선,1958,대화,309,,20250619,3호선,0342,오금,352,N,3호선,3231,1950,삼송,318,N,14:17:00,14:17:30,,3210,상행,2025-05-01T05:00:00,,평일
3호선,1958,대화,309,,20250619,3호선,0342,오금,352,N,3호선,3231,1948,원흥,317,N,14:19:30,14:20:00,,3210,상행,2025-05-01T05:00:00,,평일
3호선,1958,대화,309,,20250619,3호선,0342,오금,352,N,3호선,3231,1951,원당,316,N,14:22:30,14:23:00,,3210,상행,2025-05-01T05:00:00,,평일
3호선,1958,대화,309,,20250619,3호선,0342,오금,352,N,3호선,3231,1952,화정,315,N,14:26:00,14:26:30,,3210,상행,2025-05-01T05:00:00,,평일
3호선,1958,대화,309,,20250619,3호선,0342,오금,352,N,3호선,3231,1953,대곡,314,N,14:29:00,14:29:30,,3210,상행,2025-05-01T05:00:00,,평일
3호선,1958,대화,309,,20250619,3호선,0342,오금,352,N,3호선,3231,1954,백석,313,N,14:32:30,14:33:00,,3210,상행,2025-05-01T05:00:00,,평일
3호선,1958,대화,309,,20250619,3호선,0342,오금,352,N,3호선,3231,1955,마두,312,N,14:35:00,14:35:30,,3210,상행,2025-05-01T05:00:00,,평일
3호선,1958,대화,309,,20250619,3호선,0342,오금,352,N,3호선,3231,1956,정발산,311,N,14:37:00,14:37:30,,3210,상행,2025-05-01T05:00:00,,평일
3호선,1958,대화,309,,20250619,3호선,0342,오금,352,N,3호선,3231,1957,주엽,310,N,14:39:30,14:40:00,,3210,상행,2025-05-01T05:00:00,,평일
3호선,1958,대화,309,,20250619,3호선,0342,오금,352,N,3호선,3231,1958,대화,309,N,14:42:00,,,3210,상행,2025-05-01T05:00:00,,평일
3호선,1958,대화,309,,20250619,3호선,0342,오금,352,N,3호선,3235,0342,오금,352,N,,13:13:00,,3212,상행,2025-05-01T05:00:00,,평일
3호선,1958,대화,309,,20250619,3호선,0342,오금,352,N,3호선,3235,0341,경찰병원,351,N,13:14:00,13:14:30,,3212,상행,2025-05-01T05:00:00,,평일
3호선,1958,대화,309,,20250619,3호선,0342,오금,352,N,3호선,3235,0340,가락시장,350,N,13:15:30,13:16:00,,3212,상행,2025-05-01T05:00:00,,평일
3호선,1958,대화,309,,20250619,3호선,0342,오금,352,N,3호선,3235,0339,수서,349,N,13:18:00,13:18:30,,3212,상행,2025-05-01T05:00:00,,평일
3호선,1958,대화,309,,20250619,3호선,0342,오금,352,N,3호선,3235,0338,일원,348,N,13:20:30,13:21:00,,3212,상행,2025-05-01T05:00:00,,평일
3호선,1958,대화,309,,20250619,3호선,0342,오금,352,N,3호선,3235,0337,대청,347,N,13:22:30,13:23:00,,3212,상행,2025-05-01T05:00:00,,평일
3호선,1958,대화,309,,20250619,3호선,0342,오금,352,N,3호선,3235,0336,학여울,346,N,13:24:30,13:25:00,,3212,상행,2025-05-01T05:00:00,,평일
3호선,1958,대화,309,,20250619,3호선,0342,오금,352,N,3호선,3235,0335,대치,345,N,13:26:00,13:26:30,,3212,상행,2025-05-01T05:00:00,,평일
3호선,1958,대화,309,,20250619,3호선,0342,오금,352,N,3호선,3235,0334,도곡,344,N,13:27:30,13:28:00,,3212,상행,2025-05-01T05:00:00,,평일
3호선,1958,대화,309,,20250619,3호선,0342,오금,352,N,3호선,3235,0333,매봉,343,N,13:29:30,13:30:00,,3212,상행,2025-05-01T05:00:00,,평일
3호선,1958,대화,309,,20250619,3호선,0342,오금,352,N,3호선,3235,0332,양재,342,N,13:32:00,13:32:30,,3212,상행,2025-05-01T05:00:00,,평일
3호선,1958,대화,309,,20250619,3호선,0342,오금,352,N,3호선,3235,0331,남부터미널,341,N,13:34:30,13:35:00,,3212,상행,2025-05-01T05:00:00,,평일
3호선,1958,대화,309,,20250619,3호선,0342,오금,352,N,3호선,3235,0330,교대,340,N,13:36:30,13:37:00,,3212,상행,2025-05-01T05:00:00,,평일
3호선,1958,대화,309,,20250619,3호선,0342,오금,352,N,3호선,3235,0329,고속터미널,339,N,13:39:00,13:39:30,,3212,상행,2025-05-01T05:00:00,,평일
3호선,1958,대화,309,,20250619,3호선,0342,오금,352,N,3호선,3235,0328,잠원,338,N,13:41:00,13:41:30,,3212,상행,2025-05-01T05:00:00,,평일
3호선,1958,대화,309,,20250619,3호선,0342,오금,352,N,3호선,3235,0327,신사,337,N,13:43:00,13:43:30,,3212,상행,2025-05-01T05:00:00,,평일
3호선,1958,대화,309,,20250619,3호선,0342,오금,352,N,3호선,3235,0326,압구정,336,N,13:45:30,13:46:00,,3212,상행,2025-05-01T05:00:00,,평일
3호선,1958,대화,309,,20250619,3호선,0342,오금,352,N,3호선,3235,0325,옥수,335,N,13:48:00,13:48:30,,3212,상행,2025-05-01T05:00:00,,평일
3호선,1958,대화,309,,20250619,3호선,0342,오금,352,N,3호선,3235,0324,금호,334,N,13:49:30,13:50:00,,3212,상행,2025-05-01T05:00:00,,평일
3호선,1958,대화,309,,20250619,3호선,0342,오금,352,N,3호선,3235,0323,약수,333,N,13:51:00,13:51:30,,3212,상행,2025-05-01T05:00:00,,평일
3호선,1958,대화,309,,20250619,3호선,0342,오금,352,N,3호선,3235,0322,동대입구,332,N,13:52:30,13:53:00,,3212,상행,2025-05-01T05:00:00,,평일
3호선,1958,대화,309,,20250619,3호선,0342,오금,352,N,3호선,3235,0321,충무로,331,N,13:54:30,13:55:00,,3212,상행,2025-05-01T05:00:00,,평일
3호선,1958,대화,309,,20250619,3호선,0342,오금,352,N,3호선,3235,0320,을지로3가,330,N,13:56:00,13:56:30,,3212,상행,2025-05-01T05:00:00,,평일
3호선,1958,대화,309,,20250619,3호선,0342,오금,352,N,3호선,3235,0319,종로3가,329,N,13:57:30,13:58:00,,3212,상행,2025-05-01T05:00:00,,평일
3호선,1958,대화,309,,20250619,3호선,0342,오금,352,N,3호선,3235,0318,안국,328,N,13:59:30,14:00:00,,3212,상행,2025-05-01T05:00:00,,평일
3호선,1958,대화,309,,20250619,3호선,0342,오금,352,N,3호선,3235,0317,경복궁,327,N,14:01:30,14:02:00,,3212,상행,2025-05-01T05:00:00,,평일
3호선,1958,대화,309,,20250619,3호선,0342,오금,352,N,3호선,3235,0316,독립문,326,N,14:04:00,14:04:30,,3212,상행,2025-05-01T05:00:00,,평일
3호선,1958,대화,309,,20250619,3호선,0342,오금,352,N,3호선,3235,0315,무악재,325,N,14:06:00,14:06:30,,3212,상행,2025-05-01T05:00:00,,평일
3호선,1958,대화,309,,20250619,3호선,0342,오금,352,N,3호선,3235,0314,홍제,324,N,14:08:00,14:08:30,,3212,상행,2025-05-01T05:00:00,,평일
3호선,1958,대화,309,,20250619,3호선,0342,오금,352,N,3호선,3235,0313,녹번,323,N,14:10:30,14:11:00,,3212,상행,2025-05-01T05:00:00,,평일
3호선,1958,대화,309,,20250619,3호선,0342,오금,352,N,3호선,3235,0312,불광,322,N,14:12:30,14:13:00,,3212,상행,2025-05-01T05:00:00,,평일
3호선,1958,대화,309,,20250619,3호선,0342,오금,352,N,3호선,3235,0311,연신내,321,N,14:14:30,14:15:00,,3212,상행,2025-05-01T05:00:00,,평일
3호선,1958,대화,309,,20250619,3호선,0342,오금,352,N,3호선,3235,0310,구파발,320,N,14:17:00,14:17:30,,3212,상행,2025-05-01T05:00:00,,평일
3호선,1958,대화,309,,20250619,3호선,0342,오금,352,N,3호선,3235,0309,지축,319,N,14:20:30,14:21:00,,3212,상행,2025-05-01T05:00:00,,평일
3호선,1958,대화,309,,20250619,3호선,0342,오금,352,N,3호선,3235,1950,삼송,318,N,14:23:30,14:24:00,,3212,상행,2025-05-01T05:00:00,,평일
3호선,1958,대화,309,,20250619,3호선,0342,오금,352,N,3호선,3235,1948,원흥,317,N,14:26:00,14:26:30,,3212,상행,2025-05-01T05:00:00,,평일
3호선,1958,대화,309,,20250619,3호선,0342,오금,352,N,3호선,3235,1951,원당,316,N,14:29:00,14:29:30,,3212,상행,2025-05-01T05:00:00,,평일
3호선,1958,대화,309,,20250619,3호선,0342,오금,352,N,3호선,3235,1952,화정,315,N,14:32:30,14:33:00,,3212,상행,2025-05-01T05:00:00,,평일
3호선,1958,대화,309,,20250619,3호선,0342,오금,352,N,3호선,3235,1953,대곡,314,N,14:35:30,14:36:00,,3212,상행,2025-05-01T05:00:00,,평일
3호선,1958,대화,309,,20250619,3호선,0342,오금,352,N,3호선,3235,1954,백석,313,N,14:39:00,14:39:30,,3212,상행,2025-05-01T05:00:00,,평일
3호선,1958,대화,309,,20250619,3호선,0342,오금,352,N,3호선,3235,1955,마두,312,N,14:41:30,14:42:00,,3212,상행,2025-05-01T05:00:00,,평일
3호선,1958,대화,309,,20250619,3호선,0342,오금,352,N,3호선,3235,1956,정발산,311,N,14:43:30,14:44:00,,3212,상행,2025-05-01T05:00:00,,평일
3호선,1958,대화,309,,20250619,3호선,0342,오금,352,N,3호선,3235,1957,주엽,310,N,14:46:00,14:46:30,,3212,상행,2025-05-01T05:00:00,,평일
3호선,1958,대화,309,,20250619,3호선,0342,오금,352,N,3호선,3235,1958,대화,309,N,14:48:30,,,3212,상행,2025-05-01T05:00:00,,평일
3호선,0310,구파발,320,,20250619,3호선,0342,오금,352,N,3호선,3215,0342,오금,352,N,,13:19:00,,3214K,상행,2025-05-01T05:00:00,,평일
3호선,0310,구파발,320,,20250619,3호선,0342,오금,352,N,3호선,3215,0341,경찰병원,351,N,13:20:00,13:20:30,,3214K,상행,2025-05-01T05:00:00,,평일
3호선,0310,구파발,320,,20250619,3호선,0342,오금,352,N,3호선,3215,0340,가락시장,350,N,13:21:30,13:22:00,,3214K,상행,2025-05-01T05:00:00,,평일
3호선,0310,구파발,320,,20250619,3호선,0342,오금,352,N,3호선,3215,0339,수서,349,N,13:24:00,13:24:30,,3214K,상행,2025-05-01T05:00:00,,평일
3호선,0310,구파발,320,,20250619,3호선,0342,오금,352,N,3호선,3215,0338,일원,348,N,13:26:30,13:27:00,,3214K,상행,2025-05-01T05:00:00,,평일
3호선,0310,구파발,320,,20250619,3호선,0342,오금,352,N,3호선,3215,0337,대청,347,N,13:28:30,13:29:00,,3214K,상행,2025-05-01T05:00:00,,평일
3호선,0310,구파발,320,,20250619,3호선,0342,오금,352,N,3호선,3215,0336,학여울,346,N,13:30:30,13:31:00,,3214K,상행,2025-05-01T05:00:00,,평일
3호선,0310,구파발,320,,20250619,3호선,0342,오금,352,N,3호선,3215,0335,대치,345,N,13:32:00,13:32:30,,3214K,상행,2025-05-01T05:00:00,,평일
3호선,0310,구파발,320,,20250619,3호선,0342,오금,352,N,3호선,3215,0334,도곡,344,N,13:33:30,13:34:00,,3214K,상행,2025-05-01T05:00:00,,평일
3호선,0310,구파발,320,,20250619,3호선,0342,오금,352,N,3호선,3215,0333,매봉,343,N,13:35:30,13:36:00,,3214K,상행,2025-05-01T05:00:00,,평일
3호선,0310,구파발,320,,20250619,3호선,0342,오금,352,N,3호선,3215,0332,양재,342,N,13:38:00,13:38:30,,3214K,상행,2025-05-01T05:00:00,,평일
3호선,0310,구파발,320,,20250619,3호선,0342,오금,352,N,3호선,3215,0331,남부터미널,341,N,13:40:30,13:41:00,,3214K,상행,2025-05-01T05:00:00,,평일
3호선,0310,구파발,320,,20250619,3호선,0342,오금,352,N,3호선,3215,0330,교대,340,N,13:42:30,13:43:00,,3214K,상행,2025-05-01T05:00:00,,평일
3호선,0310,구파발,320,,20250619,3호선,0342,오금,352,N,3호선,3215,0329,고속터미널,339,N,13:45:00,13:45:30,,3214K,상행,2025-05-01T05:00:00,,평일
3호선,0310,구파발,320,,20250619,3호선,0342,오금,352,N,3호선,3215,0328,잠원,338,N,13:47:00,13:47:30,,3214K,상행,2025-05-01T05:00:00,,평일
3호선,0310,구파발,320,,20250619,3호선,0342,오금,352,N,3호선,3215,0327,신사,337,N,13:49:00,13:49:30,,3214K,상행,2025-05-01T05:00:00,,평일
3호선,0310,구파발,320,,20250619,3호선,0342,오금,352,N,3호선,3215,0326,압구정,336,N,13:51:30,13:52:00,,3214K,상행,2025-05-01T05:00:00,,평일
3호선,0310,구파발,320,,20250619,3호선,0342,오금,352,N,3호선,3215,0325,옥수,335,N,13:54:00,13:54:30,,3214K,상행,2025-05-01T05:00:00,,평일
3호선,0310,구파발,320,,20250619,3호선,0342,오금,352,N,3호선,3215,0324,금호,334,N,13:55:30,13:56:00,,3214K,상행,2025-05-01T05:00:00,,평일
3호선,0310,구파발,320,,20250619,3호선,0342,오금,352,N,3호선,3215,0323,약수,333,N,13:57:00,13:57:30,,3214K,상행,2025-05-01T05:00:00,,평일
3호선,0310,구파발,320,,20250619,3호선,0342,오금,352,N,3호선,3215,0322,동대입구,332,N,13:58:30,13:59:00,,3214K,상행,2025-05-01T05:00:00,,평일
3호선,0310,구파발,320,,20250619,3호선,0342,오금,352,N,3호선,3215,0321,충무로,331,N,14:00:30,14:01:00,,3214K,상행,2025-05-01T05:00:00,,평일
3호선,0310,구파발,320,,20250619,3호선,0342,오금,352,N,3호선,3215,0320,을지로3가,330,N,14:02:00,14:02:30,,3214K,상행,2025-05-01T05:00:00,,평일
3호선,0310,구파발,320,,20250619,3호선,0342,오금,352,N,3호선,3215,0319,종로3가,329,N,14:03:30,14:04:00,,3214K,상행,2025-05-01T05:00:00,,평일
3호선,0310,구파발,320,,20250619,3호선,0342,오금,352,N,3호선,3215,0318,안국,328,N,14:05:30,14:06:00,,3214K,상행,2025-05-01T05:00:00,,평일
3호선,0310,구파발,320,,20250619,3호선,0342,오금,352,N,3호선,3215,0317,경복궁,327,N,14:07:30,14:08:00,,3214K,상행,2025-05-01T05:00:00,,평일
3호선,0310,구파발,320,,20250619,3호선,0342,오금,352,N,3호선,3215,0316,독립문,326,N,14:10:00,14:10:30,,3214K,상행,2025-05-01T05:00:00,,평일
3호선,0310,구파발,320,,20250619,3호선,0342,오금,352,N,3호선,3215,0315,무악재,325,N,14:12:00,14:12:30,,3214K,상행,2025-05-01T05:00:00,,평일
3호선,0310,구파발,320,,20250619,3호선,0342,오금,352,N,3호선,3215,0314,홍제,324,N,14:14:00,14:14:30,,3214K,상행,2025-05-01T05:00:00,,평일
3호선,0310,구파발,320,,20250619,3호선,0342,오금,352,N,3호선,3215,0313,녹번,323,N,14:16:30,14:17:00,,3214K,상행,2025-05-01T05:00:00,,평일
3호선,0310,구파발,320,,20250619,3호선,0342,오금,352,N,3호선,3215,0312,불광,322,N,14:18:30,14:19:00,,3214K,상행,2025-05-01T05:00:00,,평일
3호선,0310,구파발,320,,20250619,3호선,0342,오금,352,N,3호선,3215,0311,연신내,321,N,14:20:30,14:21:00,,3214K,상행,2025-05-01T05:00:00,,평일
3호선,0310,구파발,320,,20250619,3호선,0342,오금,352,N,3호선,3215,0310,구파발,320,N,14:23:00,,,3214K,상행,2025-05-01T05:00:00,,평일
3호선,1958,대화,309,,20250619,3호선,0342,오금,352,N,3호선,3237,0342,오금,352,N,,13:26:00,,3216,상행,2025-05-01T05:00:00,,평일
3호선,1958,대화,309,,20250619,3호선,0342,오금,352,N,3호선,3237,0341,경찰병원,351,N,13:27:00,13:27:30,,3216,상행,2025-05-01T05:00:00,,평일
3호선,1958,대화,309,,20250619,3호선,0342,오금,352,N,3호선,3237,0340,가락시장,350,N,13:28:30,13:29:00,,3216,상행,2025-05-01T05:00:00,,평일
3호선,1958,대화,309,,20250619,3호선,0342,오금,352,N,3호선,3237,0339,수서,349,N,13:31:00,13:31:30,,3216,상행,2025-05-01T05:00:00,,평일
3호선,1958,대화,309,,20250619,3호선,0342,오금,352,N,3호선,3237,0338,일원,348,N,13:33:30,13:34:00,,3216,상행,2025-05-01T05:00:00,,평일
3호선,1958,대화,309,,20250619,3호선,0342,오금,352,N,3호선,3237,0337,대청,347,N,13:35:30,13:36:00,,3216,상행,2025-05-01T05:00:00,,평일
3호선,1958,대화,309,,20250619,3호선,0342,오금,352,N,3호선,3237,0336,학여울,346,N,13:37:30,13:38:00,,3216,상행,2025-05-01T05:00:00,,평일
3호선,1958,대화,309,,20250619,3호선,0342,오금,352,N,3호선,3237,0335,대치,345,N,13:39:00,13:39:30,,3216,상행,2025-05-01T05:00:00,,평일
3호선,1958,대화,309,,20250619,3호선,0342,오금,352,N,3호선,3237,0334,도곡,344,N,13:40:30,13:41:00,,3216,상행,2025-05-01T05:00:00,,평일
3호선,1958,대화,309,,20250619,3호선,0342,오금,352,N,3호선,3237,0333,매봉,343,N,13:42:30,13:43:00,,3216,상행,2025-05-01T05:00:00,,평일
3호선,1958,대화,309,,20250619,3호선,0342,오금,352,N,3호선,3237,0332,양재,342,N,13:45:00,13:45:30,,3216,상행,2025-05-01T05:00:00,,평일
3호선,1958,대화,309,,20250619,3호선,0342,오금,352,N,3호선,3237,0331,남부터미널,341,N,13:47:30,13:48:00,,3216,상행,2025-05-01T05:00:00,,평일
3호선,1958,대화,309,,20250619,3호선,0342,오금,352,N,3호선,3237,0330,교대,340,N,13:49:30,13:50:00,,3216,상행,2025-05-01T05:00:00,,평일
3호선,1958,대화,309,,20250619,3호선,0342,오금,352,N,3호선,3237,0329,고속터미널,339,N,13:52:00,13:52:30,,3216,상행,2025-05-01T05:00:00,,평일
3호선,1958,대화,309,,20250619,3호선,0342,오금,352,N,3호선,3237,0328,잠원,338,N,13:54:00,13:54:30,,3216,상행,2025-05-01T05:00:00,,평일
3호선,1958,대화,309,,20250619,3호선,0342,오금,352,N,3호선,3237,0327,신사,337,N,13:56:00,13:56:30,,3216,상행,2025-05-01T05:00:00,,평일
3호선,1958,대화,309,,20250619,3호선,0342,오금,352,N,3호선,3237,0326,압구정,336,N,13:58:30,13:59:00,,3216,상행,2025-05-01T05:00:00,,평일
3호선,1958,대화,309,,20250619,3호선,0342,오금,352,N,3호선,3237,0325,옥수,335,N,14:01:00,14:01:30,,3216,상행,2025-05-01T05:00:00,,평일
3호선,1958,대화,309,,20250619,3호선,0342,오금,352,N,3호선,3237,0324,금호,334,N,14:02:30,14:03:00,,3216,상행,2025-05-01T05:00:00,,평일
3호선,1958,대화,309,,20250619,3호선,0342,오금,352,N,3호선,3237,0323,약수,333,N,14:04:00,14:04:30,,3216,상행,2025-05-01T05:00:00,,평일
3호선,1958,대화,309,,20250619,3호선,0342,오금,352,N,3호선,3237,0322,동대입구,332,N,14:05:30,14:06:00,,3216,상행,2025-05-01T05:00:00,,평일
3호선,1958,대화,309,,20250619,3호선,0342,오금,352,N,3호선,3237,0321,충무로,331,N,14:07:30,14:08:00,,3216,상행,2025-05-01T05:00:00,,평일
3호선,1958,대화,309,,20250619,3호선,0342,오금,352,N,3호선,3237,0320,을지로3가,330,N,14:09:00,14:09:30,,3216,상행,2025-05-01T05:00:00,,평일
3호선,1958,대화,309,,20250619,3호선,0342,오금,352,N,3호선,3237,0319,종로3가,329,N,14:10:30,14:11:00,,3216,상행,2025-05-01T05:00:00,,평일
3호선,1958,대화,309,,20250619,3호선,0342,오금,352,N,3호선,3237,0318,안국,328,N,14:12:30,14:13:00,,3216,상행,2025-05-01T05:00:00,,평일
3호선,1958,대화,309,,20250619,3호선,0342,오금,352,N,3호선,3237,0317,경복궁,327,N,14:14:30,14:15:00,,3216,상행,2025-05-01T05:00:00,,평일
3호선,1958,대화,309,,20250619,3호선,0342,오금,352,N,3호선,3237,0316,독립문,326,N,14:17:00,14:17:30,,3216,상행,2025-05-01T05:00:00,,평일
3호선,1958,대화,309,,20250619,3호선,0342,오금,352,N,3호선,3237,0315,무악재,325,N,14:19:00,14:19:30,,3216,상행,2025-05-01T05:00:00,,평일
3호선,1958,대화,309,,20250619,3호선,0342,오금,352,N,3호선,3237,0314,홍제,324,N,14:21:00,14:21:30,,3216,상행,2025-05-01T05:00:00,,평일
3호선,1958,대화,309,,20250619,3호선,0342,오금,352,N,3호선,3237,0313,녹번,323,N,14:23:30,14:24:00,,3216,상행,2025-05-01T05:00:00,,평일
3호선,1958,대화,309,,20250619,3호선,0342,오금,352,N,3호선,3237,0312,불광,322,N,14:25:30,14:26:00,,3216,상행,2025-05-01T05:00:00,,평일
3호선,1958,대화,309,,20250619,3호선,0342,오금,352,N,3호선,3237,0311,연신내,321,N,14:27:30,14:28:00,,3216,상행,2025-05-01T05:00:00,,평일
3호선,1958,대화,309,,20250619,3호선,0342,오금,352,N,3호선,3237,0310,구파발,320,N,14:30:00,14:30:30,,3216,상행,2025-05-01T05:00:00,,평일
3호선,1958,대화,309,,20250619,3호선,0342,오금,352,N,3호선,3237,0309,지축,319,N,14:33:30,14:34:00,,3216,상행,2025-05-01T05:00:00,,평일
3호선,1958,대화,309,,20250619,3호선,0342,오금,352,N,3호선,3237,1950,삼송,318,N,14:36:30,14:37:00,,3216,상행,2025-05-01T05:00:00,,평일
3호선,1958,대화,309,,20250619,3호선,0342,오금,352,N,3호선,3237,1948,원흥,317,N,14:39:00,14:39:30,,3216,상행,2025-05-01T05:00:00,,평일
3호선,1958,대화,309,,20250619,3호선,0342,오금,352,N,3호선,3237,1951,원당,316,N,14:42:00,14:42:30,,3216,상행,2025-05-01T05:00:00,,평일
3호선,1958,대화,309,,20250619,3호선,0342,오금,352,N,3호선,3237,1952,화정,315,N,14:45:30,14:46:00,,3216,상행,2025-05-01T05:00:00,,평일
3호선,1958,대화,309,,20250619,3호선,0342,오금,352,N,3호선,3237,1953,대곡,314,N,14:48:30,14:49:00,,3216,상행,2025-05-01T05:00:00,,평일
3호선,1958,대화,309,,20250619,3호선,0342,오금,352,N,3호선,3237,1954,백석,313,N,14:52:00,14:52:30,,3216,상행,2025-05-01T05:00:00,,평일
3호선,1958,대화,309,,20250619,3호선,0342,오금,352,N,3호선,3237,1955,마두,312,N,14:54:30,14:55:00,,3216,상행,2025-05-01T05:00:00,,평일
3호선,1958,대화,309,,20250619,3호선,0342,오금,352,N,3호선,3237,1956,정발산,311,N,14:56:30,14:57:00,,3216,상행,2025-05-01T05:00:00,,평일
3호선,1958,대화,309,,20250619,3호선,0342,오금,352,N,3호선,3237,1957,주엽,310,N,14:59:00,14:59:30,,3216,상행,2025-05-01T05:00:00,,평일
3호선,1958,대화,309,,20250619,3호선,0342,오금,352,N,3호선,3237,1958,대화,309,N,15:01:30,,,3216,상행,2025-05-01T05:00:00,,평일
3호선,0310,구파발,320,,20250619,3호선,0342,오금,352,N,3호선,3221,0342,오금,352,N,,13:32:30,,3218K,상행,2025-05-01T05:00:00,,평일
3호선,0310,구파발,320,,20250619,3호선,0342,오금,352,N,3호선,3221,0341,경찰병원,351,N,13:33:30,13:34:00,,3218K,상행,2025-05-01T05:00:00,,평일
3호선,0310,구파발,320,,20250619,3호선,0342,오금,352,N,3호선,3221,0340,가락시장,350,N,13:35:00,13:35:30,,3218K,상행,2025-05-01T05:00:00,,평일
3호선,0310,구파발,320,,20250619,3호선,0342,오금,352,N,3호선,3221,0339,수서,349,N,13:37:30,13:38:00,,3218K,상행,2025-05-01T05:00:00,,평일
3호선,0310,구파발,320,,20250619,3호선,0342,오금,352,N,3호선,3221,0338,일원,348,N,13:40:00,13:40:30,,3218K,상행,2025-05-01T05:00:00,,평일
3호선,0310,구파발,320,,20250619,3호선,0342,오금,352,N,3호선,3221,0337,대청,347,N,13:42:00,13:42:30,,3218K,상행,2025-05-01T05:00:00,,평일
3호선,0310,구파발,320,,20250619,3호선,0342,오금,352,N,3호선,3221,0336,학여울,346,N,13:44:00,13:44:30,,3218K,상행,2025-05-01T05:00:00,,평일
3호선,0310,구파발,320,,20250619,3호선,0342,오금,352,N,3호선,3221,0335,대치,345,N,13:45:30,13:46:00,,3218K,상행,2025-05-01T05:00:00,,평일
3호선,0310,구파발,320,,20250619,3호선,0342,오금,352,N,3호선,3221,0334,도곡,344,N,13:47:00,13:47:30,,3218K,상행,2025-05-01T05:00:00,,평일
3호선,0310,구파발,320,,20250619,3호선,0342,오금,352,N,3호선,3221,0333,매봉,343,N,13:49:00,13:49:30,,3218K,상행,2025-05-01T05:00:00,,평일
3호선,0310,구파발,320,,20250619,3호선,0342,오금,352,N,3호선,3221,0332,양재,342,N,13:51:30,13:52:00,,3218K,상행,2025-05-01T05:00:00,,평일
3호선,0310,구파발,320,,20250619,3호선,0342,오금,352,N,3호선,3221,0331,남부터미널,341,N,13:54:00,13:54:30,,3218K,상행,2025-05-01T05:00:00,,평일
3호선,0310,구파발,320,,20250619,3호선,0342,오금,352,N,3호선,3221,0330,교대,340,N,13:56:00,13:56:30,,3218K,상행,2025-05-01T05:00:00,,평일
3호선,0310,구파발,320,,20250619,3호선,0342,오금,352,N,3호선,3221,0329,고속터미널,339,N,13:58:30,13:59:00,,3218K,상행,2025-05-01T05:00:00,,평일
3호선,0310,구파발,320,,20250619,3호선,0342,오금,352,N,3호선,3221,0328,잠원,338,N,14:00:30,14:01:00,,3218K,상행,2025-05-01T05:00:00,,평일
3호선,0310,구파발,320,,20250619,3호선,0342,오금,352,N,3호선,3221,0327,신사,337,N,14:02:30,14:03:00,,3218K,상행,2025-05-01T05:00:00,,평일
3호선,0310,구파발,320,,20250619,3호선,0342,오금,352,N,3호선,3221,0326,압구정,336,N,14:05:00,14:05:30,,3218K,상행,2025-05-01T05:00:00,,평일
3호선,0310,구파발,320,,20250619,3호선,0342,오금,352,N,3호선,3221,0325,옥수,335,N,14:07:30,14:08:00,,3218K,상행,2025-05-01T05:00:00,,평일
3호선,0310,구파발,320,,20250619,3호선,0342,오금,352,N,3호선,3221,0324,금호,334,N,14:09:00,14:09:30,,3218K,상행,2025-05-01T05:00:00,,평일
3호선,0310,구파발,320,,20250619,3호선,0342,오금,352,N,3호선,3221,0323,약수,333,N,14:10:30,14:11:00,,3218K,상행,2025-05-01T05:00:00,,평일
3호선,0310,구파발,320,,20250619,3호선,0342,오금,352,N,3호선,3221,0322,동대입구,332,N,14:12:00,14:12:30,,3218K,상행,2025-05-01T05:00:00,,평일
3호선,0310,구파발,320,,20250619,3호선,0342,오금,352,N,3호선,3221,0321,충무로,331,N,14:14:00,14:14:30,,3218K,상행,2025-05-01T05:00:00,,평일
3호선,0310,구파발,320,,20250619,3호선,0342,오금,352,N,3호선,3221,0320,을지로3가,330,N,14:15:30,14:16:00,,3218K,상행,2025-05-01T05:00:00,,평일
3호선,0310,구파발,320,,20250619,3호선,0342,오금,352,N,3호선,3221,0319,종로3가,329,N,14:17:00,14:17:30,,3218K,상행,2025-05-01T05:00:00,,평일
3호선,0310,구파발,320,,20250619,3호선,0342,오금,352,N,3호선,3221,0318,안국,328,N,14:19:00,14:19:30,,3218K,상행,2025-05-01T05:00:00,,평일
3호선,0310,구파발,320,,20250619,3호선,0342,오금,352,N,3호선,3221,0317,경복궁,327,N,14:21:00,14:21:30,,3218K,상행,2025-05-01T05:00:00,,평일
3호선,0310,구파발,320,,20250619,3호선,0342,오금,352,N,3호선,3221,0316,독립문,326,N,14:23:30,14:24:00,,3218K,상행,2025-05-01T05:00:00,,평일
3호선,0310,구파발,320,,20250619,3호선,0342,오금,352,N,3호선,3221,0315,무악재,325,N,14:25:30,14:26:00,,3218K,상행,2025-05-01T05:00:00,,평일
3호선,0310,구파발,320,,20250619,3호선,0342,오금,352,N,3호선,3221,0314,홍제,324,N,14:27:30,14:28:00,,3218K,상행,2025-05-01T05:00:00,,평일
3호선,0310,구파발,320,,20250619,3호선,0342,오금,352,N,3호선,3221,0313,녹번,323,N,14:30:00,14:30:30,,3218K,상행,2025-05-01T05:00:00,,평일
3호선,0310,구파발,320,,20250619,3호선,0342,오금,352,N,3호선,3221,0312,불광,322,N,14:32:00,14:32:30,,3218K,상행,2025-05-01T05:00:00,,평일
3호선,0310,구파발,320,,20250619,3호선,0342,오금,352,N,3호선,3221,0311,연신내,321,N,14:34:00,14:34:30,,3218K,상행,2025-05-01T05:00:00,,평일
3호선,0310,구파발,320,,20250619,3호선,0342,오금,352,N,3호선,3221,0310,구파발,320,N,14:36:30,,,3218K,상행,2025-05-01T05:00:00,,평일
3호선,1958,대화,309,,20250619,3호선,0342,오금,352,N,3호선,3241,0342,오금,352,N,,13:39:00,,3220,상행,2025-05-01T05:00:00,,평일
3호선,1958,대화,309,,20250619,3호선,0342,오금,352,N,3호선,3241,0341,경찰병원,351,N,13:40:00,13:40:30,,3220,상행,2025-05-01T05:00:00,,평일
3호선,1958,대화,309,,20250619,3호선,0342,오금,352,N,3호선,3241,0340,가락시장,350,N,13:41:30,13:42:00,,3220,상행,2025-05-01T05:00:00,,평일
3호선,1958,대화,309,,20250619,3호선,0342,오금,352,N,3호선,3241,0339,수서,349,N,13:44:00,13:44:30,,3220,상행,2025-05-01T05:00:00,,평일
3호선,1958,대화,309,,20250619,3호선,0342,오금,352,N,3호선,3241,0338,일원,348,N,13:46:30,13:47:00,,3220,상행,2025-05-01T05:00:00,,평일
3호선,1958,대화,309,,20250619,3호선,0342,오금,352,N,3호선,3241,0337,대청,347,N,13:48:30,13:49:00,,3220,상행,2025-05-01T05:00:00,,평일
3호선,1958,대화,309,,20250619,3호선,0342,오금,352,N,3호선,3241,0336,학여울,346,N,13:50:30,13:51:00,,3220,상행,2025-05-01T05:00:00,,평일
3호선,1958,대화,309,,20250619,3호선,0342,오금,352,N,3호선,3241,0335,대치,345,N,13:52:00,13:52:30,,3220,상행,2025-05-01T05:00:00,,평일
3호선,1958,대화,309,,20250619,3호선,0342,오금,352,N,3호선,3241,0334,도곡,344,N,13:53:30,13:54:00,,3220,상행,2025-05-01T05:00:00,,평일
3호선,1958,대화,309,,20250619,3호선,0342,오금,352,N,3호선,3241,0333,매봉,343,N,13:55:30,13:56:00,,3220,상행,2025-05-01T05:00:00,,평일
3호선,1958,대화,309,,20250619,3호선,0342,오금,352,N,3호선,3241,0332,양재,342,N,13:58:00,13:58:30,,3220,상행,2025-05-01T05:00:00,,평일
3호선,1958,대화,309,,20250619,3호선,0342,오금,352,N,3호선,3241,0331,남부터미널,341,N,14:00:30,14:01:00,,3220,상행,2025-05-01T05:00:00,,평일
3호선,1958,대화,309,,20250619,3호선,0342,오금,352,N,3호선,3241,0330,교대,340,N,14:02:30,14:03:00,,3220,상행,2025-05-01T05:00:00,,평일
3호선,1958,대화,309,,20250619,3호선,0342,오금,352,N,3호선,3241,0329,고속터미널,339,N,14:05:00,14:05:30,,3220,상행,2025-05-01T05:00:00,,평일
3호선,1958,대화,309,,20250619,3호선,0342,오금,352,N,3호선,3241,0328,잠원,338,N,14:07:00,14:07:30,,3220,상행,2025-05-01T05:00:00,,평일
3호선,1958,대화,309,,20250619,3호선,0342,오금,352,N,3호선,3241,0327,신사,337,N,14:09:00,14:09:30,,3220,상행,2025-05-01T05:00:00,,평일
3호선,1958,대화,309,,20250619,3호선,0342,오금,352,N,3호선,3241,0326,압구정,336,N,14:11:30,14:12:00,,3220,상행,2025-05-01T05:00:00,,평일
3호선,1958,대화,309,,20250619,3호선,0342,오금,352,N,3호선,3241,0325,옥수,335,N,14:14:00,14:14:30,,3220,상행,2025-05-01T05:00:00,,평일
3호선,1958,대화,309,,20250619,3호선,0342,오금,352,N,3호선,3241,0324,금호,334,N,14:15:30,14:16:00,,3220,상행,2025-05-01T05:00:00,,평일
3호선,1958,대화,309,,20250619,3호선,0342,오금,352,N,3호선,3241,0323,약수,333,N,14:17:00,14:17:30,,3220,상행,2025-05-01T05:00:00,,평일
3호선,1958,대화,309,,20250619,3호선,0342,오금,352,N,3호선,3241,0322,동대입구,332,N,14:18:30,14:19:00,,3220,상행,2025-05-01T05:00:00,,평일
3호선,1958,대화,309,,20250619,3호선,0342,오금,352,N,3호선,3241,0321,충무로,331,N,14:20:30,14:21:00,,3220,상행,2025-05-01T05:00:00,,평일
3호선,1958,대화,309,,20250619,3호선,0342,오금,352,N,3호선,3241,0320,을지로3가,330,N,14:22:00,14:22:30,,3220,상행,2025-05-01T05:00:00,,평일
3호선,1958,대화,309,,20250619,3호선,0342,오금,352,N,3호선,3241,0319,종로3가,329,N,14:23:30,14:24:00,,3220,상행,2025-05-01T05:00:00,,평일
3호선,1958,대화,309,,20250619,3호선,0342,오금,352,N,3호선,3241,0318,안국,328,N,14:25:30,14:26:00,,3220,상행,2025-05-01T05:00:00,,평일
3호선,1958,대화,309,,20250619,3호선,0342,오금,352,N,3호선,3241,0317,경복궁,327,N,14:27:30,14:28:00,,3220,상행,2025-05-01T05:00:00,,평일
3호선,1958,대화,309,,20250619,3호선,0342,오금,352,N,3호선,3241,0316,독립문,326,N,14:30:00,14:30:30,,3220,상행,2025-05-01T05:00:00,,평일
3호선,1958,대화,309,,20250619,3호선,0342,오금,352,N,3호선,3241,0315,무악재,325,N,14:32:00,14:32:30,,3220,상행,2025-05-01T05:00:00,,평일
3호선,1958,대화,309,,20250619,3호선,0342,오금,352,N,3호선,3241,0314,홍제,324,N,14:34:00,14:34:30,,3220,상행,2025-05-01T05:00:00,,평일
3호선,1958,대화,309,,20250619,3호선,0342,오금,352,N,3호선,3241,0313,녹번,323,N,14:36:30,14:37:00,,3220,상행,2025-05-01T05:00:00,,평일
3호선,1958,대화,309,,20250619,3호선,0342,오금,352,N,3호선,3241,0312,불광,322,N,14:38:30,14:39:00,,3220,상행,2025-05-01T05:00:00,,평일
3호선,1958,대화,309,,20250619,3호선,0342,오금,352,N,3호선,3241,0311,연신내,321,N,14:40:30,14:41:00,,3220,상행,2025-05-01T05:00:00,,평일
3호선,1958,대화,309,,20250619,3호선,0342,오금,352,N,3호선,3241,0310,구파발,320,N,14:43:00,14:43:30,,3220,상행,2025-05-01T05:00:00,,평일
3호선,1958,대화,309,,20250619,3호선,0342,오금,352,N,3호선,3241,0309,지축,319,N,14:46:30,14:47:00,,3220,상행,2025-05-01T05:00:00,,평일
3호선,1958,대화,309,,20250619,3호선,0342,오금,352,N,3호선,3241,1950,삼송,318,N,14:49:30,14:50:00,,3220,상행,2025-05-01T05:00:00,,평일
3호선,1958,대화,309,,20250619,3호선,0342,오금,352,N,3호선,3241,1948,원흥,317,N,14:52:00,14:52:30,,3220,상행,2025-05-01T05:00:00,,평일
3호선,1958,대화,309,,20250619,3호선,0342,오금,352,N,3호선,3241,1951,원당,316,N,14:55:00,14:55:30,,3220,상행,2025-05-01T05:00:00,,평일
3호선,1958,대화,309,,20250619,3호선,0342,오금,352,N,3호선,3241,1952,화정,315,N,14:58:30,14:59:00,,3220,상행,2025-05-01T05:00:00,,평일
3호선,1958,대화,309,,20250619,3호선,0342,오금,352,N,3호선,3241,1953,대곡,314,N,15:01:30,15:02:00,,3220,상행,2025-05-01T05:00:00,,평일
3호선,1958,대화,309,,20250619,3호선,0342,오금,352,N,3호선,3241,1954,백석,313,N,15:05:00,15:05:30,,3220,상행,2025-05-01T05:00:00,,평일
3호선,1958,대화,309,,20250619,3호선,0342,오금,352,N,3호선,3241,1955,마두,312,N,15:07:30,15:08:00,,3220,상행,2025-05-01T05:00:00,,평일
3호선,1958,대화,309,,20250619,3호선,0342,오금,352,N,3호선,3241,1956,정발산,311,N,15:09:30,15:10:00,,3220,상행,2025-05-01T05:00:00,,평일
3호선,1958,대화,309,,20250619,3호선,0342,오금,352,N,3호선,3241,1957,주엽,310,N,15:12:00,15:12:30,,3220,상행,2025-05-01T05:00:00,,평일
3호선,1958,대화,309,,20250619,3호선,0342,오금,352,N,3호선,3241,1958,대화,309,N,15:14:30,,,3220,상행,2025-05-01T05:00:00,,평일
3호선,1958,대화,309,,20250619,3호선,0342,오금,352,N,3호선,3243,0342,오금,352,N,,13:45:30,,3222,상행,2025-05-01T05:00:00,,평일
3호선,1958,대화,309,,20250619,3호선,0342,오금,352,N,3호선,3243,0341,경찰병원,351,N,13:46:30,13:47:00,,3222,상행,2025-05-01T05:00:00,,평일
3호선,1958,대화,309,,20250619,3호선,0342,오금,352,N,3호선,3243,0340,가락시장,350,N,13:48:00,13:48:30,,3222,상행,2025-05-01T05:00:00,,평일
3호선,1958,대화,309,,20250619,3호선,0342,오금,352,N,3호선,3243,0339,수서,349,N,13:50:30,13:51:00,,3222,상행,2025-05-01T05:00:00,,평일
3호선,1958,대화,309,,20250619,3호선,0342,오금,352,N,3호선,3243,0338,일원,348,N,13:53:00,13:53:30,,3222,상행,2025-05-01T05:00:00,,평일
3호선,1958,대화,309,,20250619,3호선,0342,오금,352,N,3호선,3243,0337,대청,347,N,13:55:00,13:55:30,,3222,상행,2025-05-01T05:00:00,,평일
3호선,1958,대화,309,,20250619,3호선,0342,오금,352,N,3호선,3243,0336,학여울,346,N,13:57:00,13:57:30,,3222,상행,2025-05-01T05:00:00,,평일
3호선,1958,대화,309,,20250619,3호선,0342,오금,352,N,3호선,3243,0335,대치,345,N,13:58:30,13:59:00,,3222,상행,2025-05-01T05:00:00,,평일
3호선,1958,대화,309,,20250619,3호선,0342,오금,352,N,3호선,3243,0334,도곡,344,N,14:00:00,14:00:30,,3222,상행,2025-05-01T05:00:00,,평일
3호선,1958,대화,309,,20250619,3호선,0342,오금,352,N,3호선,3243,0333,매봉,343,N,14:02:00,14:02:30,,3222,상행,2025-05-01T05:00:00,,평일
3호선,1958,대화,309,,20250619,3호선,0342,오금,352,N,3호선,3243,0332,양재,342,N,14:04:30,14:05:00,,3222,상행,2025-05-01T05:00:00,,평일
3호선,1958,대화,309,,20250619,3호선,0342,오금,352,N,3호선,3243,0331,남부터미널,341,N,14:07:00,14:07:30,,3222,상행,2025-05-01T05:00:00,,평일
3호선,1958,대화,309,,20250619,3호선,0342,오금,352,N,3호선,3243,0330,교대,340,N,14:09:00,14:09:30,,3222,상행,2025-05-01T05:00:00,,평일
3호선,1958,대화,309,,20250619,3호선,0342,오금,352,N,3호선,3243,0329,고속터미널,339,N,14:11:30,14:12:00,,3222,상행,2025-05-01T05:00:00,,평일
3호선,1958,대화,309,,20250619,3호선,0342,오금,352,N,3호선,3243,0328,잠원,338,N,14:13:30,14:14:00,,3222,상행,2025-05-01T05:00:00,,평일
3호선,1958,대화,309,,20250619,3호선,0342,오금,352,N,3호선,3243,0327,신사,337,N,14:15:30,14:16:00,,3222,상행,2025-05-01T05:00:00,,평일
3호선,1958,대화,309,,20250619,3호선,0342,오금,352,N,3호선,3243,0326,압구정,336,N,14:18:00,14:18:30,,3222,상행,2025-05-01T05:00:00,,평일
3호선,1958,대화,309,,20250619,3호선,0342,오금,352,N,3호선,3243,0325,옥수,335,N,14:20:30,14:21:00,,3222,상행,2025-05-01T05:00:00,,평일
3호선,1958,대화,309,,20250619,3호선,0342,오금,352,N,3호선,3243,0324,금호,334,N,14:22:00,14:22:30,,3222,상행,2025-05-01T05:00:00,,평일
3호선,1958,대화,309,,20250619,3호선,0342,오금,352,N,3호선,3243,0323,약수,333,N,14:23:30,14:24:00,,3222,상행,2025-05-01T05:00:00,,평일
3호선,1958,대화,309,,20250619,3호선,0342,오금,352,N,3호선,3243,0322,동대입구,332,N,14:25:00,14:25:30,,3222,상행,2025-05-01T05:00:00,,평일
3호선,1958,대화,309,,20250619,3호선,0342,오금,352,N,3호선,3243,0321,충무로,331,N,14:27:00,14:27:30,,3222,상행,2025-05-01T05:00:00,,평일
3호선,1958,대화,309,,20250619,3호선,0342,오금,352,N,3호선,3243,0320,을지로3가,330,N,14:28:30,14:29:00,,3222,상행,2025-05-01T05:00:00,,평일
3호선,1958,대화,309,,20250619,3호선,0342,오금,352,N,3호선,3243,0319,종로3가,329,N,14:30:00,14:30:30,,3222,상행,2025-05-01T05:00:00,,평일
3호선,1958,대화,309,,20250619,3호선,0342,오금,352,N,3호선,3243,0318,안국,328,N,14:32:00,14:32:30,,3222,상행,2025-05-01T05:00:00,,평일
3호선,1958,대화,309,,20250619,3호선,0342,오금,352,N,3호선,3243,0317,경복궁,327,N,14:34:00,14:34:30,,3222,상행,2025-05-01T05:00:00,,평일
3호선,1958,대화,309,,20250619,3호선,0342,오금,352,N,3호선,3243,0316,독립문,326,N,14:36:30,14:37:00,,3222,상행,2025-05-01T05:00:00,,평일
3호선,1958,대화,309,,20250619,3호선,0342,오금,352,N,3호선,3243,0315,무악재,325,N,14:38:30,14:39:00,,3222,상행,2025-05-01T05:00:00,,평일
3호선,1958,대화,309,,20250619,3호선,0342,오금,352,N,3호선,3243,0314,홍제,324,N,14:40:30,14:41:00,,3222,상행,2025-05-01T05:00:00,,평일
3호선,1958,대화,309,,20250619,3호선,0342,오금,352,N,3호선,3243,0313,녹번,323,N,14:43:00,14:43:30,,3222,상행,2025-05-01T05:00:00,,평일
3호선,1958,대화,309,,20250619,3호선,0342,오금,352,N,3호선,3243,0312,불광,322,N,14:45:00,14:45:30,,3222,상행,2025-05-01T05:00:00,,평일
3호선,1958,대화,309,,20250619,3호선,0342,오금,352,N,3호선,3243,0311,연신내,321,N,14:47:00,14:47:30,,3222,상행,2025-05-01T05:00:00,,평일
3호선,1958,대화,309,,20250619,3호선,0342,오금,352,N,3호선,3243,0310,구파발,320,N,14:49:30,14:50:00,,3222,상행,2025-05-01T05:00:00,,평일
3호선,1958,대화,309,,20250619,3호선,0342,오금,352,N,3호선,3243,0309,지축,319,N,14:53:00,14:53:30,,3222,상행,2025-05-01T05:00:00,,평일
3호선,1958,대화,309,,20250619,3호선,0342,오금,352,N,3호선,3243,1950,삼송,318,N,14:56:00,14:56:30,,3222,상행,2025-05-01T05:00:00,,평일
3호선,1958,대화,309,,20250619,3호선,0342,오금,352,N,3호선,3243,1948,원흥,317,N,14:58:30,14:59:00,,3222,상행,2025-05-01T05:00:00,,평일
3호선,1958,대화,309,,20250619,3호선,0342,오금,352,N,3호선,3243,1951,원당,316,N,15:01:30,15:02:00,,3222,상행,2025-05-01T05:00:00,,평일
3호선,1958,대화,309,,20250619,3호선,0342,오금,352,N,3호선,3243,1952,화정,315,N,15:05:00,15:05:30,,3222,상행,2025-05-01T05:00:00,,평일
3호선,1958,대화,309,,20250619,3호선,0342,오금,352,N,3호선,3243,1953,대곡,314,N,15:08:00,15:08:30,,3222,상행,2025-05-01T05:00:00,,평일
3호선,1958,대화,309,,20250619,3호선,0342,오금,352,N,3호선,3243,1954,백석,313,N,15:11:30,15:12:00,,3222,상행,2025-05-01T05:00:00,,평일
3호선,1958,대화,309,,20250619,3호선,0342,오금,352,N,3호선,3243,1955,마두,312,N,15:14:00,15:14:30,,3222,상행,2025-05-01T05:00:00,,평일
3호선,1958,대화,309,,20250619,3호선,0342,오금,352,N,3호선,3243,1956,정발산,311,N,15:16:00,15:16:30,,3222,상행,2025-05-01T05:00:00,,평일
3호선,1958,대화,309,,20250619,3호선,0342,오금,352,N,3호선,3243,1957,주엽,310,N,15:18:30,15:19:00,,3222,상행,2025-05-01T05:00:00,,평일
3호선,1958,대화,309,,20250619,3호선,0342,오금,352,N,3호선,3243,1958,대화,309,N,15:21:00,,,3222,상행,2025-05-01T05:00:00,,평일
3호선,1958,대화,309,,20250619,3호선,0342,오금,352,N,3호선,3247,0342,오금,352,N,,13:53:00,,3224,상행,2025-05-01T05:00:00,,평일
3호선,1958,대화,309,,20250619,3호선,0342,오금,352,N,3호선,3247,0341,경찰병원,351,N,13:54:00,13:54:30,,3224,상행,2025-05-01T05:00:00,,평일
3호선,1958,대화,309,,20250619,3호선,0342,오금,352,N,3호선,3247,0340,가락시장,350,N,13:55:30,13:56:00,,3224,상행,2025-05-01T05:00:00,,평일
3호선,1958,대화,309,,20250619,3호선,0342,오금,352,N,3호선,3247,0339,수서,349,N,13:58:00,13:58:30,,3224,상행,2025-05-01T05:00:00,,평일
3호선,1958,대화,309,,20250619,3호선,0342,오금,352,N,3호선,3247,0338,일원,348,N,14:00:30,14:01:00,,3224,상행,2025-05-01T05:00:00,,평일
3호선,1958,대화,309,,20250619,3호선,0342,오금,352,N,3호선,3247,0337,대청,347,N,14:02:30,14:03:00,,3224,상행,2025-05-01T05:00:00,,평일
3호선,1958,대화,309,,20250619,3호선,0342,오금,352,N,3호선,3247,0336,학여울,346,N,14:04:30,14:05:00,,3224,상행,2025-05-01T05:00:00,,평일
3호선,1958,대화,309,,20250619,3호선,0342,오금,352,N,3호선,3247,0335,대치,345,N,14:06:00,14:06:30,,3224,상행,2025-05-01T05:00:00,,평일
3호선,1958,대화,309,,20250619,3호선,0342,오금,352,N,3호선,3247,0334,도곡,344,N,14:07:30,14:08:00,,3224,상행,2025-05-01T05:00:00,,평일
3호선,1958,대화,309,,20250619,3호선,0342,오금,352,N,3호선,3247,0333,매봉,343,N,14:09:30,14:10:00,,3224,상행,2025-05-01T05:00:00,,평일
3호선,1958,대화,309,,20250619,3호선,0342,오금,352,N,3호선,3247,0332,양재,342,N,14:12:00,14:12:30,,3224,상행,2025-05-01T05:00:00,,평일
3호선,1958,대화,309,,20250619,3호선,0342,오금,352,N,3호선,3247,0331,남부터미널,341,N,14:14:30,14:15:00,,3224,상행,2025-05-01T05:00:00,,평일
3호선,1958,대화,309,,20250619,3호선,0342,오금,352,N,3호선,3247,0330,교대,340,N,14:16:30,14:17:00,,3224,상행,2025-05-01T05:00:00,,평일
3호선,1958,대화,309,,20250619,3호선,0342,오금,352,N,3호선,3247,0329,고속터미널,339,N,14:19:00,14:19:30,,3224,상행,2025-05-01T05:00:00,,평일
3호선,1958,대화,309,,20250619,3호선,0342,오금,352,N,3호선,3247,0328,잠원,338,N,14:21:00,14:21:30,,3224,상행,2025-05-01T05:00:00,,평일
3호선,1958,대화,309,,20250619,3호선,0342,오금,352,N,3호선,3247,0327,신사,337,N,14:23:00,14:23:30,,3224,상행,2025-05-01T05:00:00,,평일
3호선,1958,대화,309,,20250619,3호선,0342,오금,352,N,3호선,3247,0326,압구정,336,N,14:25:30,14:26:00,,3224,상행,2025-05-01T05:00:00,,평일
3호선,1958,대화,309,,20250619,3호선,0342,오금,352,N,3호선,3247,0325,옥수,335,N,14:28:00,14:28:30,,3224,상행,2025-05-01T05:00:00,,평일
3호선,1958,대화,309,,20250619,3호선,0342,오금,352,N,3호선,3247,0324,금호,334,N,14:29:30,14:30:00,,3224,상행,2025-05-01T05:00:00,,평일
3호선,1958,대화,309,,20250619,3호선,0342,오금,352,N,3호선,3247,0323,약수,333,N,14:31:00,14:31:30,,3224,상행,2025-05-01T05:00:00,,평일
3호선,1958,대화,309,,20250619,3호선,0342,오금,352,N,3호선,3247,0322,동대입구,332,N,14:32:30,14:33:00,,3224,상행,2025-05-01T05:00:00,,평일
3호선,1958,대화,309,,20250619,3호선,0342,오금,352,N,3호선,3247,0321,충무로,331,N,14:34:30,14:35:00,,3224,상행,2025-05-01T05:00:00,,평일
3호선,1958,대화,309,,20250619,3호선,0342,오금,352,N,3호선,3247,0320,을지로3가,330,N,14:36:00,14:36:30,,3224,상행,2025-05-01T05:00:00,,평일
3호선,1958,대화,309,,20250619,3호선,0342,오금,352,N,3호선,3247,0319,종로3가,329,N,14:37:30,14:38:00,,3224,상행,2025-05-01T05:00:00,,평일
3호선,1958,대화,309,,20250619,3호선,0342,오금,352,N,3호선,3247,0318,안국,328,N,14:39:30,14:40:00,,3224,상행,2025-05-01T05:00:00,,평일
3호선,1958,대화,309,,20250619,3호선,0342,오금,352,N,3호선,3247,0317,경복궁,327,N,14:41:30,14:42:00,,3224,상행,2025-05-01T05:00:00,,평일
3호선,1958,대화,309,,20250619,3호선,0342,오금,352,N,3호선,3247,0316,독립문,326,N,14:44:00,14:44:30,,3224,상행,2025-05-01T05:00:00,,평일
3호선,1958,대화,309,,20250619,3호선,0342,오금,352,N,3호선,3247,0315,무악재,325,N,14:46:00,14:46:30,,3224,상행,2025-05-01T05:00:00,,평일
3호선,1958,대화,309,,20250619,3호선,0342,오금,352,N,3호선,3247,0314,홍제,324,N,14:48:00,14:48:30,,3224,상행,2025-05-01T05:00:00,,평일
3호선,1958,대화,309,,20250619,3호선,0342,오금,352,N,3호선,3247,0313,녹번,323,N,14:50:30,14:51:00,,3224,상행,2025-05-01T05:00:00,,평일
3호선,1958,대화,309,,20250619,3호선,0342,오금,352,N,3호선,3247,0312,불광,322,N,14:52:30,14:53:00,,3224,상행,2025-05-01T05:00:00,,평일
3호선,1958,대화,309,,20250619,3호선,0342,오금,352,N,3호선,3247,0311,연신내,321,N,14:54:30,14:55:00,,3224,상행,2025-05-01T05:00:00,,평일
3호선,1958,대화,309,,20250619,3호선,0342,오금,352,N,3호선,3247,0310,구파발,320,N,14:57:00,14:57:30,,3224,상행,2025-05-01T05:00:00,,평일
3호선,1958,대화,309,,20250619,3호선,0342,오금,352,N,3호선,3247,0309,지축,319,N,15:00:30,15:01:00,,3224,상행,2025-05-01T05:00:00,,평일
3호선,1958,대화,309,,20250619,3호선,0342,오금,352,N,3호선,3247,1950,삼송,318,N,15:03:30,15:04:00,,3224,상행,2025-05-01T05:00:00,,평일
3호선,1958,대화,309,,20250619,3호선,0342,오금,352,N,3호선,3247,1948,원흥,317,N,15:06:00,15:06:30,,3224,상행,2025-05-01T05:00:00,,평일
3호선,1958,대화,309,,20250619,3호선,0342,오금,352,N,3호선,3247,1951,원당,316,N,15:09:00,15:09:30,,3224,상행,2025-05-01T05:00:00,,평일
3호선,1958,대화,309,,20250619,3호선,0342,오금,352,N,3호선,3247,1952,화정,315,N,15:12:30,15:13:00,,3224,상행,2025-05-01T05:00:00,,평일
3호선,1958,대화,309,,20250619,3호선,0342,오금,352,N,3호선,3247,1953,대곡,314,N,15:15:30,15:16:00,,3224,상행,2025-05-01T05:00:00,,평일
3호선,1958,대화,309,,20250619,3호선,0342,오금,352,N,3호선,3247,1954,백석,313,N,15:19:00,15:19:30,,3224,상행,2025-05-01T05:00:00,,평일
3호선,1958,대화,309,,20250619,3호선,0342,오금,352,N,3호선,3247,1955,마두,312,N,15:21:30,15:22:00,,3224,상행,2025-05-01T05:00:00,,평일
3호선,1958,대화,309,,20250619,3호선,0342,오금,352,N,3호선,3247,1956,정발산,311,N,15:23:30,15:24:00,,3224,상행,2025-05-01T05:00:00,,평일
3호선,1958,대화,309,,20250619,3호선,0342,오금,352,N,3호선,3247,1957,주엽,310,N,15:26:00,15:26:30,,3224,상행,2025-05-01T05:00:00,,평일
3호선,1958,대화,309,,20250619,3호선,0342,오금,352,N,3호선,3247,1958,대화,309,N,15:28:30,,,3224,상행,2025-05-01T05:00:00,,평일
3호선,0310,구파발,320,,20250619,3호선,0342,오금,352,N,3호선,3227,0342,오금,352,N,,14:00:30,,3226,상행,2025-05-01T05:00:00,,평일
3호선,0310,구파발,320,,20250619,3호선,0342,오금,352,N,3호선,3227,0341,경찰병원,351,N,14:01:30,14:02:00,,3226,상행,2025-05-01T05:00:00,,평일
3호선,0310,구파발,320,,20250619,3호선,0342,오금,352,N,3호선,3227,0340,가락시장,350,N,14:03:00,14:03:30,,3226,상행,2025-05-01T05:00:00,,평일
3호선,0310,구파발,320,,20250619,3호선,0342,오금,352,N,3호선,3227,0339,수서,349,N,14:05:30,14:06:00,,3226,상행,2025-05-01T05:00:00,,평일
3호선,0310,구파발,320,,20250619,3호선,0342,오금,352,N,3호선,3227,0338,일원,348,N,14:08:00,14:08:30,,3226,상행,2025-05-01T05:00:00,,평일
3호선,0310,구파발,320,,20250619,3호선,0342,오금,352,N,3호선,3227,0337,대청,347,N,14:10:00,14:10:30,,3226,상행,2025-05-01T05:00:00,,평일
3호선,0310,구파발,320,,20250619,3호선,0342,오금,352,N,3호선,3227,0336,학여울,346,N,14:12:00,14:12:30,,3226,상행,2025-05-01T05:00:00,,평일
3호선,0310,구파발,320,,20250619,3호선,0342,오금,352,N,3호선,3227,0335,대치,345,N,14:13:30,14:14:00,,3226,상행,2025-05-01T05:00:00,,평일
3호선,0310,구파발,320,,20250619,3호선,0342,오금,352,N,3호선,3227,0334,도곡,344,N,14:15:00,14:15:30,,3226,상행,2025-05-01T05:00:00,,평일
3호선,0310,구파발,320,,20250619,3호선,0342,오금,352,N,3호선,3227,0333,매봉,343,N,14:17:00,14:17:30,,3226,상행,2025-05-01T05:00:00,,평일
3호선,0310,구파발,320,,20250619,3호선,0342,오금,352,N,3호선,3227,0332,양재,342,N,14:19:30,14:20:00,,3226,상행,2025-05-01T05:00:00,,평일
3호선,0310,구파발,320,,20250619,3호선,0342,오금,352,N,3호선,3227,0331,남부터미널,341,N,14:22:00,14:22:30,,3226,상행,2025-05-01T05:00:00,,평일
3호선,0310,구파발,320,,20250619,3호선,0342,오금,352,N,3호선,3227,0330,교대,340,N,14:24:00,14:24:30,,3226,상행,2025-05-01T05:00:00,,평일
3호선,0310,구파발,320,,20250619,3호선,0342,오금,352,N,3호선,3227,0329,고속터미널,339,N,14:26:30,14:27:00,,3226,상행,2025-05-01T05:00:00,,평일
3호선,0310,구파발,320,,20250619,3호선,0342,오금,352,N,3호선,3227,0328,잠원,338,N,14:28:30,14:29:00,,3226,상행,2025-05-01T05:00:00,,평일
3호선,0310,구파발,320,,20250619,3호선,0342,오금,352,N,3호선,3227,0327,신사,337,N,14:30:30,14:31:00,,3226,상행,2025-05-01T05:00:00,,평일
3호선,0310,구파발,320,,20250619,3호선,0342,오금,352,N,3호선,3227,0326,압구정,336,N,14:33:00,14:33:30,,3226,상행,2025-05-01T05:00:00,,평일
3호선,0310,구파발,320,,20250619,3호선,0342,오금,352,N,3호선,3227,0325,옥수,335,N,14:35:30,14:36:00,,3226,상행,2025-05-01T05:00:00,,평일
3호선,0310,구파발,320,,20250619,3호선,0342,오금,352,N,3호선,3227,0324,금호,334,N,14:37:00,14:37:30,,3226,상행,2025-05-01T05:00:00,,평일
3호선,0310,구파발,320,,20250619,3호선,0342,오금,352,N,3호선,3227,0323,약수,333,N,14:38:30,14:39:00,,3226,상행,2025-05-01T05:00:00,,평일
3호선,0310,구파발,320,,20250619,3호선,0342,오금,352,N,3호선,3227,0322,동대입구,332,N,14:40:00,14:40:30,,3226,상행,2025-05-01T05:00:00,,평일
3호선,0310,구파발,320,,20250619,3호선,0342,오금,352,N,3호선,3227,0321,충무로,331,N,14:42:00,14:42:30,,3226,상행,2025-05-01T05:00:00,,평일
3호선,0310,구파발,320,,20250619,3호선,0342,오금,352,N,3호선,3227,0320,을지로3가,330,N,14:43:30,14:44:00,,3226,상행,2025-05-01T05:00:00,,평일
3호선,0310,구파발,320,,20250619,3호선,0342,오금,352,N,3호선,3227,0319,종로3가,329,N,14:45:00,14:45:30,,3226,상행,2025-05-01T05:00:00,,평일
3호선,0310,구파발,320,,20250619,3호선,0342,오금,352,N,3호선,3227,0318,안국,328,N,14:47:00,14:47:30,,3226,상행,2025-05-01T05:00:00,,평일
3호선,0310,구파발,320,,20250619,3호선,0342,오금,352,N,3호선,3227,0317,경복궁,327,N,14:49:00,14:49:30,,3226,상행,2025-05-01T05:00:00,,평일
3호선,0310,구파발,320,,20250619,3호선,0342,오금,352,N,3호선,3227,0316,독립문,326,N,14:51:30,14:52:00,,3226,상행,2025-05-01T05:00:00,,평일
3호선,0310,구파발,320,,20250619,3호선,0342,오금,352,N,3호선,3227,0315,무악재,325,N,14:53:30,14:54:00,,3226,상행,2025-05-01T05:00:00,,평일
3호선,0310,구파발,320,,20250619,3호선,0342,오금,352,N,3호선,3227,0314,홍제,324,N,14:55:30,14:56:00,,3226,상행,2025-05-01T05:00:00,,평일
3호선,0310,구파발,320,,20250619,3호선,0342,오금,352,N,3호선,3227,0313,녹번,323,N,14:58:00,14:58:30,,3226,상행,2025-05-01T05:00:00,,평일
3호선,0310,구파발,320,,20250619,3호선,0342,오금,352,N,3호선,3227,0312,불광,322,N,15:00:00,15:00:30,,3226,상행,2025-05-01T05:00:00,,평일
3호선,0310,구파발,320,,20250619,3호선,0342,오금,352,N,3호선,3227,0311,연신내,321,N,15:02:00,15:02:30,,3226,상행,2025-05-01T05:00:00,,평일
3호선,0310,구파발,320,,20250619,3호선,0342,오금,352,N,3호선,3227,0310,구파발,320,N,15:04:30,,,3226,상행,2025-05-01T05:00:00,,평일
3호선,1958,대화,309,,20250619,3호선,0342,오금,352,N,3호선,3249,0342,오금,352,N,,14:08:00,,3228,상행,2025-05-01T05:00:00,,평일
3호선,1958,대화,309,,20250619,3호선,0342,오금,352,N,3호선,3249,0341,경찰병원,351,N,14:09:00,14:09:30,,3228,상행,2025-05-01T05:00:00,,평일
3호선,1958,대화,309,,20250619,3호선,0342,오금,352,N,3호선,3249,0340,가락시장,350,N,14:10:30,14:11:00,,3228,상행,2025-05-01T05:00:00,,평일
3호선,1958,대화,309,,20250619,3호선,0342,오금,352,N,3호선,3249,0339,수서,349,N,14:13:00,14:13:30,,3228,상행,2025-05-01T05:00:00,,평일
3호선,1958,대화,309,,20250619,3호선,0342,오금,352,N,3호선,3249,0338,일원,348,N,14:15:30,14:16:00,,3228,상행,2025-05-01T05:00:00,,평일
3호선,1958,대화,309,,20250619,3호선,0342,오금,352,N,3호선,3249,0337,대청,347,N,14:17:30,14:18:00,,3228,상행,2025-05-01T05:00:00,,평일
3호선,1958,대화,309,,20250619,3호선,0342,오금,352,N,3호선,3249,0336,학여울,346,N,14:19:30,14:20:00,,3228,상행,2025-05-01T05:00:00,,평일
3호선,1958,대화,309,,20250619,3호선,0342,오금,352,N,3호선,3249,0335,대치,345,N,14:21:00,14:21:30,,3228,상행,2025-05-01T05:00:00,,평일
3호선,1958,대화,309,,20250619,3호선,0342,오금,352,N,3호선,3249,0334,도곡,344,N,14:22:30,14:23:00,,3228,상행,2025-05-01T05:00:00,,평일
3호선,1958,대화,309,,20250619,3호선,0342,오금,352,N,3호선,3249,0333,매봉,343,N,14:24:30,14:25:00,,3228,상행,2025-05-01T05:00:00,,평일
3호선,1958,대화,309,,20250619,3호선,0342,오금,352,N,3호선,3249,0332,양재,342,N,14:27:00,14:27:30,,3228,상행,2025-05-01T05:00:00,,평일
3호선,1958,대화,309,,20250619,3호선,0342,오금,352,N,3호선,3249,0331,남부터미널,341,N,14:29:30,14:30:00,,3228,상행,2025-05-01T05:00:00,,평일
3호선,1958,대화,309,,20250619,3호선,0342,오금,352,N,3호선,3249,0330,교대,340,N,14:31:30,14:32:00,,3228,상행,2025-05-01T05:00:00,,평일
3호선,1958,대화,309,,20250619,3호선,0342,오금,352,N,3호선,3249,0329,고속터미널,339,N,14:34:00,14:34:30,,3228,상행,2025-05-01T05:00:00,,평일
3호선,1958,대화,309,,20250619,3호선,0342,오금,352,N,3호선,3249,0328,잠원,338,N,14:36:00,14:36:30,,3228,상행,2025-05-01T05:00:00,,평일
3호선,1958,대화,309,,20250619,3호선,0342,오금,352,N,3호선,3249,0327,신사,337,N,14:38:00,14:38:30,,3228,상행,2025-05-01T05:00:00,,평일
3호선,1958,대화,309,,20250619,3호선,0342,오금,352,N,3호선,3249,0326,압구정,336,N,14:40:30,14:41:00,,3228,상행,2025-05-01T05:00:00,,평일
3호선,1958,대화,309,,20250619,3호선,0342,오금,352,N,3호선,3249,0325,옥수,335,N,14:43:00,14:43:30,,3228,상행,2025-05-01T05:00:00,,평일
3호선,1958,대화,309,,20250619,3호선,0342,오금,352,N,3호선,3249,0324,금호,334,N,14:44:30,14:45:00,,3228,상행,2025-05-01T05:00:00,,평일
3호선,1958,대화,309,,20250619,3호선,0342,오금,352,N,3호선,3249,0323,약수,333,N,14:46:00,14:46:30,,3228,상행,2025-05-01T05:00:00,,평일
3호선,1958,대화,309,,20250619,3호선,0342,오금,352,N,3호선,3249,0322,동대입구,332,N,14:47:30,14:48:00,,3228,상행,2025-05-01T05:00:00,,평일
3호선,1958,대화,309,,20250619,3호선,0342,오금,352,N,3호선,3249,0321,충무로,331,N,14:49:30,14:50:00,,3228,상행,2025-05-01T05:00:00,,평일
3호선,1958,대화,309,,20250619,3호선,0342,오금,352,N,3호선,3249,0320,을지로3가,330,N,14:51:00,14:51:30,,3228,상행,2025-05-01T05:00:00,,평일
3호선,1958,대화,309,,20250619,3호선,0342,오금,352,N,3호선,3249,0319,종로3가,329,N,14:52:30,14:53:00,,3228,상행,2025-05-01T05:00:00,,평일
3호선,1958,대화,309,,20250619,3호선,0342,오금,352,N,3호선,3249,0318,안국,328,N,14:54:30,14:55:00,,3228,상행,2025-05-01T05:00:00,,평일
3호선,1958,대화,309,,20250619,3호선,0342,오금,352,N,3호선,3249,0317,경복궁,327,N,14:56:30,14:57:00,,3228,상행,2025-05-01T05:00:00,,평일
3호선,1958,대화,309,,20250619,3호선,0342,오금,352,N,3호선,3249,0316,독립문,326,N,14:59:00,14:59:30,,3228,상행,2025-05-01T05:00:00,,평일
3호선,1958,대화,309,,20250619,3호선,0342,오금,352,N,3호선,3249,0315,무악재,325,N,15:01:00,15:01:30,,3228,상행,2025-05-01T05:00:00,,평일
3호선,1958,대화,309,,20250619,3호선,0342,오금,352,N,3호선,3249,0314,홍제,324,N,15:03:00,15:03:30,,3228,상행,2025-05-01T05:00:00,,평일
3호선,1958,대화,309,,20250619,3호선,0342,오금,352,N,3호선,3249,0313,녹번,323,N,15:05:30,15:06:00,,3228,상행,2025-05-01T05:00:00,,평일
3호선,1958,대화,309,,20250619,3호선,0342,오금,352,N,3호선,3249,0312,불광,322,N,15:07:30,15:08:00,,3228,상행,2025-05-01T05:00:00,,평일
3호선,1958,대화,309,,20250619,3호선,0342,오금,352,N,3호선,3249,0311,연신내,321,N,15:09:30,15:10:00,,3228,상행,2025-05-01T05:00:00,,평일
3호선,1958,대화,309,,20250619,3호선,0342,오금,352,N,3호선,3249,0310,구파발,320,N,15:12:00,15:12:30,,3228,상행,2025-05-01T05:00:00,,평일
3호선,1958,대화,309,,20250619,3호선,0342,오금,352,N,3호선,3249,0309,지축,319,N,15:15:30,15:16:00,,3228,상행,2025-05-01T05:00:00,,평일
3호선,1958,대화,309,,20250619,3호선,0342,오금,352,N,3호선,3249,1950,삼송,318,N,15:18:30,15:19:00,,3228,상행,2025-05-01T05:00:00,,평일
3호선,1958,대화,309,,20250619,3호선,0342,오금,352,N,3호선,3249,1948,원흥,317,N,15:21:00,15:21:30,,3228,상행,2025-05-01T05:00:00,,평일
3호선,1958,대화,309,,20250619,3호선,0342,오금,352,N,3호선,3249,1951,원당,316,N,15:24:00,15:24:30,,3228,상행,2025-05-01T05:00:00,,평일
3호선,1958,대화,309,,20250619,3호선,0342,오금,352,N,3호선,3249,1952,화정,315,N,15:27:30,15:28:00,,3228,상행,2025-05-01T05:00:00,,평일
3호선,1958,대화,309,,20250619,3호선,0342,오금,352,N,3호선,3249,1953,대곡,314,N,15:30:30,15:31:00,,3228,상행,2025-05-01T05:00:00,,평일
3호선,1958,대화,309,,20250619,3호선,0342,오금,352,N,3호선,3249,1954,백석,313,N,15:34:00,15:34:30,,3228,상행,2025-05-01T05:00:00,,평일
3호선,1958,대화,309,,20250619,3호선,0342,오금,352,N,3호선,3249,1955,마두,312,N,15:36:30,15:37:00,,3228,상행,2025-05-01T05:00:00,,평일
3호선,1958,대화,309,,20250619,3호선,0342,오금,352,N,3호선,3249,1956,정발산,311,N,15:38:30,15:39:00,,3228,상행,2025-05-01T05:00:00,,평일
3호선,1958,대화,309,,20250619,3호선,0342,오금,352,N,3호선,3249,1957,주엽,310,N,15:41:00,15:41:30,,3228,상행,2025-05-01T05:00:00,,평일
3호선,1958,대화,309,,20250619,3호선,0342,오금,352,N,3호선,3249,1958,대화,309,N,15:43:30,,,3228,상행,2025-05-01T05:00:00,,평일
3호선,1958,대화,309,,20250619,3호선,0342,오금,352,N,3호선,3253,0342,오금,352,N,,14:17:00,,3232,상행,2025-05-01T05:00:00,,평일
3호선,1958,대화,309,,20250619,3호선,0342,오금,352,N,3호선,3253,0341,경찰병원,351,N,14:18:00,14:18:30,,3232,상행,2025-05-01T05:00:00,,평일
3호선,1958,대화,309,,20250619,3호선,0342,오금,352,N,3호선,3253,0340,가락시장,350,N,14:19:30,14:20:00,,3232,상행,2025-05-01T05:00:00,,평일
3호선,1958,대화,309,,20250619,3호선,0342,오금,352,N,3호선,3253,0339,수서,349,N,14:22:00,14:22:30,,3232,상행,2025-05-01T05:00:00,,평일
3호선,1958,대화,309,,20250619,3호선,0342,오금,352,N,3호선,3253,0338,일원,348,N,14:24:30,14:25:00,,3232,상행,2025-05-01T05:00:00,,평일
3호선,1958,대화,309,,20250619,3호선,0342,오금,352,N,3호선,3253,0337,대청,347,N,14:26:30,14:27:00,,3232,상행,2025-05-01T05:00:00,,평일
3호선,1958,대화,309,,20250619,3호선,0342,오금,352,N,3호선,3253,0336,학여울,346,N,14:28:30,14:29:00,,3232,상행,2025-05-01T05:00:00,,평일
3호선,1958,대화,309,,20250619,3호선,0342,오금,352,N,3호선,3253,0335,대치,345,N,14:30:00,14:30:30,,3232,상행,2025-05-01T05:00:00,,평일
3호선,1958,대화,309,,20250619,3호선,0342,오금,352,N,3호선,3253,0334,도곡,344,N,14:31:30,14:32:00,,3232,상행,2025-05-01T05:00:00,,평일
3호선,1958,대화,309,,20250619,3호선,0342,오금,352,N,3호선,3253,0333,매봉,343,N,14:33:30,14:34:00,,3232,상행,2025-05-01T05:00:00,,평일
3호선,1958,대화,309,,20250619,3호선,0342,오금,352,N,3호선,3253,0332,양재,342,N,14:36:00,14:36:30,,3232,상행,2025-05-01T05:00:00,,평일
3호선,1958,대화,309,,20250619,3호선,0342,오금,352,N,3호선,3253,0331,남부터미널,341,N,14:38:30,14:39:00,,3232,상행,2025-05-01T05:00:00,,평일
3호선,1958,대화,309,,20250619,3호선,0342,오금,352,N,3호선,3253,0330,교대,340,N,14:40:30,14:41:00,,3232,상행,2025-05-01T05:00:00,,평일
3호선,1958,대화,309,,20250619,3호선,0342,오금,352,N,3호선,3253,0329,고속터미널,339,N,14:43:00,14:43:30,,3232,상행,2025-05-01T05:00:00,,평일
3호선,1958,대화,309,,20250619,3호선,0342,오금,352,N,3호선,3253,0328,잠원,338,N,14:45:00,14:45:30,,3232,상행,2025-05-01T05:00:00,,평일
3호선,1958,대화,309,,20250619,3호선,0342,오금,352,N,3호선,3253,0327,신사,337,N,14:47:00,14:47:30,,3232,상행,2025-05-01T05:00:00,,평일
3호선,1958,대화,309,,20250619,3호선,0342,오금,352,N,3호선,3253,0326,압구정,336,N,14:49:30,14:50:00,,3232,상행,2025-05-01T05:00:00,,평일
3호선,1958,대화,309,,20250619,3호선,0342,오금,352,N,3호선,3253,0325,옥수,335,N,14:52:00,14:52:30,,3232,상행,2025-05-01T05:00:00,,평일
3호선,1958,대화,309,,20250619,3호선,0342,오금,352,N,3호선,3253,0324,금호,334,N,14:53:30,14:54:00,,3232,상행,2025-05-01T05:00:00,,평일
3호선,1958,대화,309,,20250619,3호선,0342,오금,352,N,3호선,3253,0323,약수,333,N,14:55:00,14:55:30,,3232,상행,2025-05-01T05:00:00,,평일
3호선,1958,대화,309,,20250619,3호선,0342,오금,352,N,3호선,3253,0322,동대입구,332,N,14:56:30,14:57:00,,3232,상행,2025-05-01T05:00:00,,평일
3호선,1958,대화,309,,20250619,3호선,0342,오금,352,N,3호선,3253,0321,충무로,331,N,14:58:30,14:59:00,,3232,상행,2025-05-01T05:00:00,,평일
3호선,1958,대화,309,,20250619,3호선,0342,오금,352,N,3호선,3253,0320,을지로3가,330,N,15:00:00,15:00:30,,3232,상행,2025-05-01T05:00:00,,평일
3호선,1958,대화,309,,20250619,3호선,0342,오금,352,N,3호선,3253,0319,종로3가,329,N,15:01:30,15:02:00,,3232,상행,2025-05-01T05:00:00,,평일
3호선,1958,대화,309,,20250619,3호선,0342,오금,352,N,3호선,3253,0318,안국,328,N,15:03:30,15:04:00,,3232,상행,2025-05-01T05:00:00,,평일
3호선,1958,대화,309,,20250619,3호선,0342,오금,352,N,3호선,3253,0317,경복궁,327,N,15:05:30,15:06:00,,3232,상행,2025-05-01T05:00:00,,평일
3호선,1958,대화,309,,20250619,3호선,0342,오금,352,N,3호선,3253,0316,독립문,326,N,15:08:00,15:08:30,,3232,상행,2025-05-01T05:00:00,,평일
3호선,1958,대화,309,,20250619,3호선,0342,오금,352,N,3호선,3253,0315,무악재,325,N,15:10:00,15:10:30,,3232,상행,2025-05-01T05:00:00,,평일
3호선,1958,대화,309,,20250619,3호선,0342,오금,352,N,3호선,3253,0314,홍제,324,N,15:12:00,15:12:30,,3232,상행,2025-05-01T05:00:00,,평일
3호선,1958,대화,309,,20250619,3호선,0342,오금,352,N,3호선,3253,0313,녹번,323,N,15:14:30,15:15:00,,3232,상행,2025-05-01T05:00:00,,평일
3호선,1958,대화,309,,20250619,3호선,0342,오금,352,N,3호선,3253,0312,불광,322,N,15:16:30,15:17:00,,3232,상행,2025-05-01T05:00:00,,평일
3호선,1958,대화,309,,20250619,3호선,0342,오금,352,N,3호선,3253,0311,연신내,321,N,15:18:30,15:19:00,,3232,상행,2025-05-01T05:00:00,,평일
3호선,1958,대화,309,,20250619,3호선,0342,오금,352,N,3호선,3253,0310,구파발,320,N,15:21:00,15:21:30,,3232,상행,2025-05-01T05:00:00,,평일
3호선,1958,대화,309,,20250619,3호선,0342,오금,352,N,3호선,3253,0309,지축,319,N,15:24:30,15:25:00,,3232,상행,2025-05-01T05:00:00,,평일
3호선,1958,대화,309,,20250619,3호선,0342,오금,352,N,3호선,3253,1950,삼송,318,N,15:27:30,15:28:00,,3232,상행,2025-05-01T05:00:00,,평일
3호선,1958,대화,309,,20250619,3호선,0342,오금,352,N,3호선,3253,1948,원흥,317,N,15:30:00,15:30:30,,3232,상행,2025-05-01T05:00:00,,평일
3호선,1958,대화,309,,20250619,3호선,0342,오금,352,N,3호선,3253,1951,원당,316,N,15:33:00,15:33:30,,3232,상행,2025-05-01T05:00:00,,평일
3호선,1958,대화,309,,20250619,3호선,0342,오금,352,N,3호선,3253,1952,화정,315,N,15:36:30,15:37:00,,3232,상행,2025-05-01T05:00:00,,평일
3호선,1958,대화,309,,20250619,3호선,0342,오금,352,N,3호선,3253,1953,대곡,314,N,15:39:30,15:40:00,,3232,상행,2025-05-01T05:00:00,,평일
3호선,1958,대화,309,,20250619,3호선,0342,오금,352,N,3호선,3253,1954,백석,313,N,15:43:00,15:43:30,,3232,상행,2025-05-01T05:00:00,,평일
3호선,1958,대화,309,,20250619,3호선,0342,오금,352,N,3호선,3253,1955,마두,312,N,15:45:30,15:46:00,,3232,상행,2025-05-01T05:00:00,,평일
3호선,1958,대화,309,,20250619,3호선,0342,오금,352,N,3호선,3253,1956,정발산,311,N,15:47:30,15:48:00,,3232,상행,2025-05-01T05:00:00,,평일
3호선,1958,대화,309,,20250619,3호선,0342,오금,352,N,3호선,3253,1957,주엽,310,N,15:50:00,15:50:30,,3232,상행,2025-05-01T05:00:00,,평일
3호선,1958,대화,309,,20250619,3호선,0342,오금,352,N,3호선,3253,1958,대화,309,N,15:52:30,,,3232,상행,2025-05-01T05:00:00,,평일
3호선,1958,대화,309,,20250619,3호선,0342,오금,352,N,3호선,3257,0342,오금,352,N,,14:26:00,,3234K,상행,2025-05-01T05:00:00,,평일
3호선,1958,대화,309,,20250619,3호선,0342,오금,352,N,3호선,3257,0341,경찰병원,351,N,14:27:00,14:27:30,,3234K,상행,2025-05-01T05:00:00,,평일
3호선,1958,대화,309,,20250619,3호선,0342,오금,352,N,3호선,3257,0340,가락시장,350,N,14:28:30,14:29:00,,3234K,상행,2025-05-01T05:00:00,,평일
3호선,1958,대화,309,,20250619,3호선,0342,오금,352,N,3호선,3257,0339,수서,349,N,14:31:00,14:31:30,,3234K,상행,2025-05-01T05:00:00,,평일
3호선,1958,대화,309,,20250619,3호선,0342,오금,352,N,3호선,3257,0338,일원,348,N,14:33:30,14:34:00,,3234K,상행,2025-05-01T05:00:00,,평일
3호선,1958,대화,309,,20250619,3호선,0342,오금,352,N,3호선,3257,0337,대청,347,N,14:35:30,14:36:00,,3234K,상행,2025-05-01T05:00:00,,평일
3호선,1958,대화,309,,20250619,3호선,0342,오금,352,N,3호선,3257,0336,학여울,346,N,14:37:30,14:38:00,,3234K,상행,2025-05-01T05:00:00,,평일
3호선,1958,대화,309,,20250619,3호선,0342,오금,352,N,3호선,3257,0335,대치,345,N,14:39:00,14:39:30,,3234K,상행,2025-05-01T05:00:00,,평일
3호선,1958,대화,309,,20250619,3호선,0342,오금,352,N,3호선,3257,0334,도곡,344,N,14:40:30,14:41:00,,3234K,상행,2025-05-01T05:00:00,,평일
3호선,1958,대화,309,,20250619,3호선,0342,오금,352,N,3호선,3257,0333,매봉,343,N,14:42:30,14:43:00,,3234K,상행,2025-05-01T05:00:00,,평일
3호선,1958,대화,309,,20250619,3호선,0342,오금,352,N,3호선,3257,0332,양재,342,N,14:45:00,14:45:30,,3234K,상행,2025-05-01T05:00:00,,평일
3호선,1958,대화,309,,20250619,3호선,0342,오금,352,N,3호선,3257,0331,남부터미널,341,N,14:47:30,14:48:00,,3234K,상행,2025-05-01T05:00:00,,평일
3호선,1958,대화,309,,20250619,3호선,0342,오금,352,N,3호선,3257,0330,교대,340,N,14:49:30,14:50:00,,3234K,상행,2025-05-01T05:00:00,,평일
3호선,1958,대화,309,,20250619,3호선,0342,오금,352,N,3호선,3257,0329,고속터미널,339,N,14:52:00,14:52:30,,3234K,상행,2025-05-01T05:00:00,,평일
3호선,1958,대화,309,,20250619,3호선,0342,오금,352,N,3호선,3257,0328,잠원,338,N,14:54:00,14:54:30,,3234K,상행,2025-05-01T05:00:00,,평일
3호선,1958,대화,309,,20250619,3호선,0342,오금,352,N,3호선,3257,0327,신사,337,N,14:56:00,14:56:30,,3234K,상행,2025-05-01T05:00:00,,평일
3호선,1958,대화,309,,20250619,3호선,0342,오금,352,N,3호선,3257,0326,압구정,336,N,14:58:30,14:59:00,,3234K,상행,2025-05-01T05:00:00,,평일
3호선,1958,대화,309,,20250619,3호선,0342,오금,352,N,3호선,3257,0325,옥수,335,N,15:01:00,15:01:30,,3234K,상행,2025-05-01T05:00:00,,평일
3호선,1958,대화,309,,20250619,3호선,0342,오금,352,N,3호선,3257,0324,금호,334,N,15:02:30,15:03:00,,3234K,상행,2025-05-01T05:00:00,,평일
3호선,1958,대화,309,,20250619,3호선,0342,오금,352,N,3호선,3257,0323,약수,333,N,15:04:00,15:04:30,,3234K,상행,2025-05-01T05:00:00,,평일
3호선,1958,대화,309,,20250619,3호선,0342,오금,352,N,3호선,3257,0322,동대입구,332,N,15:05:30,15:06:00,,3234K,상행,2025-05-01T05:00:00,,평일
3호선,1958,대화,309,,20250619,3호선,0342,오금,352,N,3호선,3257,0321,충무로,331,N,15:07:30,15:08:00,,3234K,상행,2025-05-01T05:00:00,,평일
3호선,1958,대화,309,,20250619,3호선,0342,오금,352,N,3호선,3257,0320,을지로3가,330,N,15:09:00,15:09:30,,3234K,상행,2025-05-01T05:00:00,,평일
3호선,1958,대화,309,,20250619,3호선,0342,오금,352,N,3호선,3257,0319,종로3가,329,N,15:10:30,15:11:00,,3234K,상행,2025-05-01T05:00:00,,평일
3호선,1958,대화,309,,20250619,3호선,0342,오금,352,N,3호선,3257,0318,안국,328,N,15:12:30,15:13:00,,3234K,상행,2025-05-01T05:00:00,,평일
3호선,1958,대화,309,,20250619,3호선,0342,오금,352,N,3호선,3257,0317,경복궁,327,N,15:14:30,15:15:00,,3234K,상행,2025-05-01T05:00:00,,평일
3호선,1958,대화,309,,20250619,3호선,0342,오금,352,N,3호선,3257,0316,독립문,326,N,15:17:00,15:17:30,,3234K,상행,2025-05-01T05:00:00,,평일
3호선,1958,대화,309,,20250619,3호선,0342,오금,352,N,3호선,3257,0315,무악재,325,N,15:19:00,15:19:30,,3234K,상행,2025-05-01T05:00:00,,평일
3호선,1958,대화,309,,20250619,3호선,0342,오금,352,N,3호선,3257,0314,홍제,324,N,15:21:00,15:21:30,,3234K,상행,2025-05-01T05:00:00,,평일
3호선,1958,대화,309,,20250619,3호선,0342,오금,352,N,3호선,3257,0313,녹번,323,N,15:23:30,15:24:00,,3234K,상행,2025-05-01T05:00:00,,평일
3호선,1958,대화,309,,20250619,3호선,0342,오금,352,N,3호선,3257,0312,불광,322,N,15:25:30,15:26:00,,3234K,상행,2025-05-01T05:00:00,,평일
3호선,1958,대화,309,,20250619,3호선,0342,오금,352,N,3호선,3257,0311,연신내,321,N,15:27:30,15:28:00,,3234K,상행,2025-05-01T05:00:00,,평일
3호선,1958,대화,309,,20250619,3호선,0342,오금,352,N,3호선,3257,0310,구파발,320,N,15:30:00,15:30:30,,3234K,상행,2025-05-01T05:00:00,,평일
3호선,1958,대화,309,,20250619,3호선,0342,오금,352,N,3호선,3257,0309,지축,319,N,15:33:30,15:34:00,,3234K,상행,2025-05-01T05:00:00,,평일
3호선,1958,대화,309,,20250619,3호선,0342,오금,352,N,3호선,3257,1950,삼송,318,N,15:36:30,15:37:00,,3234K,상행,2025-05-01T05:00:00,,평일
3호선,1958,대화,309,,20250619,3호선,0342,오금,352,N,3호선,3257,1948,원흥,317,N,15:39:00,15:39:30,,3234K,상행,2025-05-01T05:00:00,,평일
3호선,1958,대화,309,,20250619,3호선,0342,오금,352,N,3호선,3257,1951,원당,316,N,15:42:00,15:42:30,,3234K,상행,2025-05-01T05:00:00,,평일
3호선,1958,대화,309,,20250619,3호선,0342,오금,352,N,3호선,3257,1952,화정,315,N,15:45:30,15:46:00,,3234K,상행,2025-05-01T05:00:00,,평일
3호선,1958,대화,309,,20250619,3호선,0342,오금,352,N,3호선,3257,1953,대곡,314,N,15:48:30,15:49:00,,3234K,상행,2025-05-01T05:00:00,,평일
3호선,1958,대화,309,,20250619,3호선,0342,오금,352,N,3호선,3257,1954,백석,313,N,15:52:00,15:52:30,,3234K,상행,2025-05-01T05:00:00,,평일
3호선,1958,대화,309,,20250619,3호선,0342,오금,352,N,3호선,3257,1955,마두,312,N,15:54:30,15:55:00,,3234K,상행,2025-05-01T05:00:00,,평일
3호선,1958,대화,309,,20250619,3호선,0342,오금,352,N,3호선,3257,1956,정발산,311,N,15:56:30,15:57:00,,3234K,상행,2025-05-01T05:00:00,,평일
3호선,1958,대화,309,,20250619,3호선,0342,오금,352,N,3호선,3257,1957,주엽,310,N,15:59:00,15:59:30,,3234K,상행,2025-05-01T05:00:00,,평일
3호선,1958,대화,309,,20250619,3호선,0342,오금,352,N,3호선,3257,1958,대화,309,N,16:01:30,,,3234K,상행,2025-05-01T05:00:00,,평일
3호선,1958,대화,309,,20250619,3호선,0342,오금,352,N,3호선,3261,0342,오금,352,N,,14:35:00,,3238K,상행,2025-05-01T05:00:00,,평일
3호선,1958,대화,309,,20250619,3호선,0342,오금,352,N,3호선,3261,0341,경찰병원,351,N,14:36:00,14:36:30,,3238K,상행,2025-05-01T05:00:00,,평일
3호선,1958,대화,309,,20250619,3호선,0342,오금,352,N,3호선,3261,0340,가락시장,350,N,14:37:30,14:38:00,,3238K,상행,2025-05-01T05:00:00,,평일
3호선,1958,대화,309,,20250619,3호선,0342,오금,352,N,3호선,3261,0339,수서,349,N,14:40:00,14:40:30,,3238K,상행,2025-05-01T05:00:00,,평일
3호선,1958,대화,309,,20250619,3호선,0342,오금,352,N,3호선,3261,0338,일원,348,N,14:42:30,14:43:00,,3238K,상행,2025-05-01T05:00:00,,평일
3호선,1958,대화,309,,20250619,3호선,0342,오금,352,N,3호선,3261,0337,대청,347,N,14:44:30,14:45:00,,3238K,상행,2025-05-01T05:00:00,,평일
3호선,1958,대화,309,,20250619,3호선,0342,오금,352,N,3호선,3261,0336,학여울,346,N,14:46:30,14:47:00,,3238K,상행,2025-05-01T05:00:00,,평일
3호선,1958,대화,309,,20250619,3호선,0342,오금,352,N,3호선,3261,0335,대치,345,N,14:48:00,14:48:30,,3238K,상행,2025-05-01T05:00:00,,평일
3호선,1958,대화,309,,20250619,3호선,0342,오금,352,N,3호선,3261,0334,도곡,344,N,14:49:30,14:50:00,,3238K,상행,2025-05-01T05:00:00,,평일
3호선,1958,대화,309,,20250619,3호선,0342,오금,352,N,3호선,3261,0333,매봉,343,N,14:51:30,14:52:00,,3238K,상행,2025-05-01T05:00:00,,평일
3호선,1958,대화,309,,20250619,3호선,0342,오금,352,N,3호선,3261,0332,양재,342,N,14:54:00,14:54:30,,3238K,상행,2025-05-01T05:00:00,,평일
3호선,1958,대화,309,,20250619,3호선,0342,오금,352,N,3호선,3261,0331,남부터미널,341,N,14:56:30,14:57:00,,3238K,상행,2025-05-01T05:00:00,,평일
3호선,1958,대화,309,,20250619,3호선,0342,오금,352,N,3호선,3261,0330,교대,340,N,14:58:30,14:59:00,,3238K,상행,2025-05-01T05:00:00,,평일
3호선,1958,대화,309,,20250619,3호선,0342,오금,352,N,3호선,3261,0329,고속터미널,339,N,15:01:00,15:01:30,,3238K,상행,2025-05-01T05:00:00,,평일
3호선,1958,대화,309,,20250619,3호선,0342,오금,352,N,3호선,3261,0328,잠원,338,N,15:03:00,15:03:30,,3238K,상행,2025-05-01T05:00:00,,평일
3호선,1958,대화,309,,20250619,3호선,0342,오금,352,N,3호선,3261,0327,신사,337,N,15:05:00,15:05:30,,3238K,상행,2025-05-01T05:00:00,,평일
3호선,1958,대화,309,,20250619,3호선,0342,오금,352,N,3호선,3261,0326,압구정,336,N,15:07:30,15:08:00,,3238K,상행,2025-05-01T05:00:00,,평일
3호선,1958,대화,309,,20250619,3호선,0342,오금,352,N,3호선,3261,0325,옥수,335,N,15:10:00,15:10:30,,3238K,상행,2025-05-01T05:00:00,,평일
3호선,1958,대화,309,,20250619,3호선,0342,오금,352,N,3호선,3261,0324,금호,334,N,15:11:30,15:12:00,,3238K,상행,2025-05-01T05:00:00,,평일
3호선,1958,대화,309,,20250619,3호선,0342,오금,352,N,3호선,3261,0323,약수,333,N,15:13:00,15:13:30,,3238K,상행,2025-05-01T05:00:00,,평일
3호선,1958,대화,309,,20250619,3호선,0342,오금,352,N,3호선,3261,0322,동대입구,332,N,15:14:30,15:15:00,,3238K,상행,2025-05-01T05:00:00,,평일
3호선,1958,대화,309,,20250619,3호선,0342,오금,352,N,3호선,3261,0321,충무로,331,N,15:16:30,15:17:00,,3238K,상행,2025-05-01T05:00:00,,평일
3호선,1958,대화,309,,20250619,3호선,0342,오금,352,N,3호선,3261,0320,을지로3가,330,N,15:18:00,15:18:30,,3238K,상행,2025-05-01T05:00:00,,평일
3호선,1958,대화,309,,20250619,3호선,0342,오금,352,N,3호선,3261,0319,종로3가,329,N,15:19:30,15:20:00,,3238K,상행,2025-05-01T05:00:00,,평일
3호선,1958,대화,309,,20250619,3호선,0342,오금,352,N,3호선,3261,0318,안국,328,N,15:21:30,15:22:00,,3238K,상행,2025-05-01T05:00:00,,평일
3호선,1958,대화,309,,20250619,3호선,0342,오금,352,N,3호선,3261,0317,경복궁,327,N,15:23:30,15:24:00,,3238K,상행,2025-05-01T05:00:00,,평일
3호선,1958,대화,309,,20250619,3호선,0342,오금,352,N,3호선,3261,0316,독립문,326,N,15:26:00,15:26:30,,3238K,상행,2025-05-01T05:00:00,,평일
3호선,1958,대화,309,,20250619,3호선,0342,오금,352,N,3호선,3261,0315,무악재,325,N,15:28:00,15:28:30,,3238K,상행,2025-05-01T05:00:00,,평일
3호선,1958,대화,309,,20250619,3호선,0342,오금,352,N,3호선,3261,0314,홍제,324,N,15:30:00,15:30:30,,3238K,상행,2025-05-01T05:00:00,,평일
3호선,1958,대화,309,,20250619,3호선,0342,오금,352,N,3호선,3261,0313,녹번,323,N,15:32:30,15:33:00,,3238K,상행,2025-05-01T05:00:00,,평일
3호선,1958,대화,309,,20250619,3호선,0342,오금,352,N,3호선,3261,0312,불광,322,N,15:34:30,15:35:00,,3238K,상행,2025-05-01T05:00:00,,평일
3호선,1958,대화,309,,20250619,3호선,0342,오금,352,N,3호선,3261,0311,연신내,321,N,15:36:30,15:37:00,,3238K,상행,2025-05-01T05:00:00,,평일
3호선,1958,대화,309,,20250619,3호선,0342,오금,352,N,3호선,3261,0310,구파발,320,N,15:39:00,15:39:30,,3238K,상행,2025-05-01T05:00:00,,평일
3호선,1958,대화,309,,20250619,3호선,0342,오금,352,N,3호선,3261,0309,지축,319,N,15:42:30,15:43:00,,3238K,상행,2025-05-01T05:00:00,,평일
3호선,1958,대화,309,,20250619,3호선,0342,오금,352,N,3호선,3261,1950,삼송,318,N,15:45:30,15:46:00,,3238K,상행,2025-05-01T05:00:00,,평일
3호선,1958,대화,309,,20250619,3호선,0342,오금,352,N,3호선,3261,1948,원흥,317,N,15:48:00,15:48:30,,3238K,상행,2025-05-01T05:00:00,,평일
3호선,1958,대화,309,,20250619,3호선,0342,오금,352,N,3호선,3261,1951,원당,316,N,15:51:00,15:51:30,,3238K,상행,2025-05-01T05:00:00,,평일
3호선,1958,대화,309,,20250619,3호선,0342,오금,352,N,3호선,3261,1952,화정,315,N,15:54:30,15:55:00,,3238K,상행,2025-05-01T05:00:00,,평일
3호선,1958,대화,309,,20250619,3호선,0342,오금,352,N,3호선,3261,1953,대곡,314,N,15:57:30,15:58:00,,3238K,상행,2025-05-01T05:00:00,,평일
3호선,1958,대화,309,,20250619,3호선,0342,오금,352,N,3호선,3261,1954,백석,313,N,16:01:00,16:01:30,,3238K,상행,2025-05-01T05:00:00,,평일
3호선,1958,대화,309,,20250619,3호선,0342,오금,352,N,3호선,3261,1955,마두,312,N,16:03:30,16:04:00,,3238K,상행,2025-05-01T05:00:00,,평일
3호선,1958,대화,309,,20250619,3호선,0342,오금,352,N,3호선,3261,1956,정발산,311,N,16:05:30,16:06:00,,3238K,상행,2025-05-01T05:00:00,,평일
3호선,1958,대화,309,,20250619,3호선,0342,오금,352,N,3호선,3261,1957,주엽,310,N,16:08:00,16:08:30,,3238K,상행,2025-05-01T05:00:00,,평일
3호선,1958,대화,309,,20250619,3호선,0342,오금,352,N,3호선,3261,1958,대화,309,N,16:10:30,,,3238K,상행,2025-05-01T05:00:00,,평일
3호선,1958,대화,309,,20250619,3호선,0342,오금,352,N,3호선,3263,0342,오금,352,N,,14:44:00,,3240,상행,2025-05-01T05:00:00,,평일
3호선,1958,대화,309,,20250619,3호선,0342,오금,352,N,3호선,3263,0341,경찰병원,351,N,14:45:00,14:45:30,,3240,상행,2025-05-01T05:00:00,,평일
3호선,1958,대화,309,,20250619,3호선,0342,오금,352,N,3호선,3263,0340,가락시장,350,N,14:46:30,14:47:00,,3240,상행,2025-05-01T05:00:00,,평일
3호선,1958,대화,309,,20250619,3호선,0342,오금,352,N,3호선,3263,0339,수서,349,N,14:49:00,14:49:30,,3240,상행,2025-05-01T05:00:00,,평일
3호선,1958,대화,309,,20250619,3호선,0342,오금,352,N,3호선,3263,0338,일원,348,N,14:51:30,14:52:00,,3240,상행,2025-05-01T05:00:00,,평일
3호선,1958,대화,309,,20250619,3호선,0342,오금,352,N,3호선,3263,0337,대청,347,N,14:53:30,14:54:00,,3240,상행,2025-05-01T05:00:00,,평일
3호선,1958,대화,309,,20250619,3호선,0342,오금,352,N,3호선,3263,0336,학여울,346,N,14:55:30,14:56:00,,3240,상행,2025-05-01T05:00:00,,평일
3호선,1958,대화,309,,20250619,3호선,0342,오금,352,N,3호선,3263,0335,대치,345,N,14:57:00,14:57:30,,3240,상행,2025-05-01T05:00:00,,평일
3호선,1958,대화,309,,20250619,3호선,0342,오금,352,N,3호선,3263,0334,도곡,344,N,14:58:30,14:59:00,,3240,상행,2025-05-01T05:00:00,,평일
3호선,1958,대화,309,,20250619,3호선,0342,오금,352,N,3호선,3263,0333,매봉,343,N,15:00:30,15:01:00,,3240,상행,2025-05-01T05:00:00,,평일
3호선,1958,대화,309,,20250619,3호선,0342,오금,352,N,3호선,3263,0332,양재,342,N,15:03:00,15:03:30,,3240,상행,2025-05-01T05:00:00,,평일
3호선,1958,대화,309,,20250619,3호선,0342,오금,352,N,3호선,3263,0331,남부터미널,341,N,15:05:30,15:06:00,,3240,상행,2025-05-01T05:00:00,,평일
3호선,1958,대화,309,,20250619,3호선,0342,오금,352,N,3호선,3263,0330,교대,340,N,15:07:30,15:08:00,,3240,상행,2025-05-01T05:00:00,,평일
3호선,1958,대화,309,,20250619,3호선,0342,오금,352,N,3호선,3263,0329,고속터미널,339,N,15:10:00,15:10:30,,3240,상행,2025-05-01T05:00:00,,평일
3호선,1958,대화,309,,20250619,3호선,0342,오금,352,N,3호선,3263,0328,잠원,338,N,15:12:00,15:12:30,,3240,상행,2025-05-01T05:00:00,,평일
3호선,1958,대화,309,,20250619,3호선,0342,오금,352,N,3호선,3263,0327,신사,337,N,15:14:00,15:14:30,,3240,상행,2025-05-01T05:00:00,,평일
3호선,1958,대화,309,,20250619,3호선,0342,오금,352,N,3호선,3263,0326,압구정,336,N,15:16:30,15:17:00,,3240,상행,2025-05-01T05:00:00,,평일
3호선,1958,대화,309,,20250619,3호선,0342,오금,352,N,3호선,3263,0325,옥수,335,N,15:19:00,15:19:30,,3240,상행,2025-05-01T05:00:00,,평일
3호선,1958,대화,309,,20250619,3호선,0342,오금,352,N,3호선,3263,0324,금호,334,N,15:20:30,15:21:00,,3240,상행,2025-05-01T05:00:00,,평일
3호선,1958,대화,309,,20250619,3호선,0342,오금,352,N,3호선,3263,0323,약수,333,N,15:22:00,15:22:30,,3240,상행,2025-05-01T05:00:00,,평일
3호선,1958,대화,309,,20250619,3호선,0342,오금,352,N,3호선,3263,0322,동대입구,332,N,15:23:30,15:24:00,,3240,상행,2025-05-01T05:00:00,,평일
3호선,1958,대화,309,,20250619,3호선,0342,오금,352,N,3호선,3263,0321,충무로,331,N,15:25:30,15:26:00,,3240,상행,2025-05-01T05:00:00,,평일
3호선,1958,대화,309,,20250619,3호선,0342,오금,352,N,3호선,3263,0320,을지로3가,330,N,15:27:00,15:27:30,,3240,상행,2025-05-01T05:00:00,,평일
3호선,1958,대화,309,,20250619,3호선,0342,오금,352,N,3호선,3263,0319,종로3가,329,N,15:28:30,15:29:00,,3240,상행,2025-05-01T05:00:00,,평일
3호선,1958,대화,309,,20250619,3호선,0342,오금,352,N,3호선,3263,0318,안국,328,N,15:30:30,15:31:00,,3240,상행,2025-05-01T05:00:00,,평일
3호선,1958,대화,309,,20250619,3호선,0342,오금,352,N,3호선,3263,0317,경복궁,327,N,15:32:30,15:33:00,,3240,상행,2025-05-01T05:00:00,,평일
3호선,1958,대화,309,,20250619,3호선,0342,오금,352,N,3호선,3263,0316,독립문,326,N,15:35:00,15:35:30,,3240,상행,2025-05-01T05:00:00,,평일
3호선,1958,대화,309,,20250619,3호선,0342,오금,352,N,3호선,3263,0315,무악재,325,N,15:37:00,15:37:30,,3240,상행,2025-05-01T05:00:00,,평일
3호선,1958,대화,309,,20250619,3호선,0342,오금,352,N,3호선,3263,0314,홍제,324,N,15:39:00,15:39:30,,3240,상행,2025-05-01T05:00:00,,평일
3호선,1958,대화,309,,20250619,3호선,0342,오금,352,N,3호선,3263,0313,녹번,323,N,15:41:30,15:42:00,,3240,상행,2025-05-01T05:00:00,,평일
3호선,1958,대화,309,,20250619,3호선,0342,오금,352,N,3호선,3263,0312,불광,322,N,15:43:30,15:44:00,,3240,상행,2025-05-01T05:00:00,,평일
3호선,1958,대화,309,,20250619,3호선,0342,오금,352,N,3호선,3263,0311,연신내,321,N,15:45:30,15:46:00,,3240,상행,2025-05-01T05:00:00,,평일
3호선,1958,대화,309,,20250619,3호선,0342,오금,352,N,3호선,3263,0310,구파발,320,N,15:48:00,15:48:30,,3240,상행,2025-05-01T05:00:00,,평일
3호선,1958,대화,309,,20250619,3호선,0342,오금,352,N,3호선,3263,0309,지축,319,N,15:51:30,15:52:00,,3240,상행,2025-05-01T05:00:00,,평일
3호선,1958,대화,309,,20250619,3호선,0342,오금,352,N,3호선,3263,1950,삼송,318,N,15:54:30,15:55:00,,3240,상행,2025-05-01T05:00:00,,평일
3호선,1958,대화,309,,20250619,3호선,0342,오금,352,N,3호선,3263,1948,원흥,317,N,15:57:00,15:57:30,,3240,상행,2025-05-01T05:00:00,,평일
3호선,1958,대화,309,,20250619,3호선,0342,오금,352,N,3호선,3263,1951,원당,316,N,16:00:00,16:00:30,,3240,상행,2025-05-01T05:00:00,,평일
3호선,1958,대화,309,,20250619,3호선,0342,오금,352,N,3호선,3263,1952,화정,315,N,16:03:30,16:04:00,,3240,상행,2025-05-01T05:00:00,,평일
3호선,1958,대화,309,,20250619,3호선,0342,오금,352,N,3호선,3263,1953,대곡,314,N,16:06:30,16:07:00,,3240,상행,2025-05-01T05:00:00,,평일
3호선,1958,대화,309,,20250619,3호선,0342,오금,352,N,3호선,3263,1954,백석,313,N,16:10:00,16:10:30,,3240,상행,2025-05-01T05:00:00,,평일
3호선,1958,대화,309,,20250619,3호선,0342,오금,352,N,3호선,3263,1955,마두,312,N,16:12:30,16:13:00,,3240,상행,2025-05-01T05:00:00,,평일
3호선,1958,대화,309,,20250619,3호선,0342,오금,352,N,3호선,3263,1956,정발산,311,N,16:14:30,16:15:00,,3240,상행,2025-05-01T05:00:00,,평일
3호선,1958,대화,309,,20250619,3호선,0342,오금,352,N,3호선,3263,1957,주엽,310,N,16:17:00,16:17:30,,3240,상행,2025-05-01T05:00:00,,평일
3호선,1958,대화,309,,20250619,3호선,0342,오금,352,N,3호선,3263,1958,대화,309,N,16:19:30,,,3240,상행,2025-05-01T05:00:00,,평일
3호선,1958,대화,309,,20250619,3호선,0342,오금,352,N,3호선,3267,0342,오금,352,N,,14:52:30,,3242,상행,2025-05-01T05:00:00,,평일
3호선,1958,대화,309,,20250619,3호선,0342,오금,352,N,3호선,3267,0341,경찰병원,351,N,14:53:30,14:54:00,,3242,상행,2025-05-01T05:00:00,,평일
3호선,1958,대화,309,,20250619,3호선,0342,오금,352,N,3호선,3267,0340,가락시장,350,N,14:55:00,14:55:30,,3242,상행,2025-05-01T05:00:00,,평일
3호선,1958,대화,309,,20250619,3호선,0342,오금,352,N,3호선,3267,0339,수서,349,N,14:57:30,14:58:00,,3242,상행,2025-05-01T05:00:00,,평일
3호선,1958,대화,309,,20250619,3호선,0342,오금,352,N,3호선,3267,0338,일원,348,N,15:00:00,15:00:30,,3242,상행,2025-05-01T05:00:00,,평일
3호선,1958,대화,309,,20250619,3호선,0342,오금,352,N,3호선,3267,0337,대청,347,N,15:02:00,15:02:30,,3242,상행,2025-05-01T05:00:00,,평일
3호선,1958,대화,309,,20250619,3호선,0342,오금,352,N,3호선,3267,0336,학여울,346,N,15:04:00,15:04:30,,3242,상행,2025-05-01T05:00:00,,평일
3호선,1958,대화,309,,20250619,3호선,0342,오금,352,N,3호선,3267,0335,대치,345,N,15:05:30,15:06:00,,3242,상행,2025-05-01T05:00:00,,평일
3호선,1958,대화,309,,20250619,3호선,0342,오금,352,N,3호선,3267,0334,도곡,344,N,15:07:00,15:07:30,,3242,상행,2025-05-01T05:00:00,,평일
3호선,1958,대화,309,,20250619,3호선,0342,오금,352,N,3호선,3267,0333,매봉,343,N,15:09:00,15:09:30,,3242,상행,2025-05-01T05:00:00,,평일
3호선,1958,대화,309,,20250619,3호선,0342,오금,352,N,3호선,3267,0332,양재,342,N,15:11:30,15:12:00,,3242,상행,2025-05-01T05:00:00,,평일
3호선,1958,대화,309,,20250619,3호선,0342,오금,352,N,3호선,3267,0331,남부터미널,341,N,15:14:00,15:14:30,,3242,상행,2025-05-01T05:00:00,,평일
3호선,1958,대화,309,,20250619,3호선,0342,오금,352,N,3호선,3267,0330,교대,340,N,15:16:00,15:16:30,,3242,상행,2025-05-01T05:00:00,,평일
3호선,1958,대화,309,,20250619,3호선,0342,오금,352,N,3호선,3267,0329,고속터미널,339,N,15:18:30,15:19:00,,3242,상행,2025-05-01T05:00:00,,평일
3호선,1958,대화,309,,20250619,3호선,0342,오금,352,N,3호선,3267,0328,잠원,338,N,15:20:30,15:21:00,,3242,상행,2025-05-01T05:00:00,,평일
3호선,1958,대화,309,,20250619,3호선,0342,오금,352,N,3호선,3267,0327,신사,337,N,15:22:30,15:23:00,,3242,상행,2025-05-01T05:00:00,,평일
3호선,1958,대화,309,,20250619,3호선,0342,오금,352,N,3호선,3267,0326,압구정,336,N,15:25:00,15:25:30,,3242,상행,2025-05-01T05:00:00,,평일
3호선,1958,대화,309,,20250619,3호선,0342,오금,352,N,3호선,3267,0325,옥수,335,N,15:27:30,15:28:00,,3242,상행,2025-05-01T05:00:00,,평일
3호선,1958,대화,309,,20250619,3호선,0342,오금,352,N,3호선,3267,0324,금호,334,N,15:29:00,15:29:30,,3242,상행,2025-05-01T05:00:00,,평일
3호선,1958,대화,309,,20250619,3호선,0342,오금,352,N,3호선,3267,0323,약수,333,N,15:30:30,15:31:00,,3242,상행,2025-05-01T05:00:00,,평일
3호선,1958,대화,309,,20250619,3호선,0342,오금,352,N,3호선,3267,0322,동대입구,332,N,15:32:00,15:32:30,,3242,상행,2025-05-01T05:00:00,,평일
3호선,1958,대화,309,,20250619,3호선,0342,오금,352,N,3호선,3267,0321,충무로,331,N,15:34:00,15:34:30,,3242,상행,2025-05-01T05:00:00,,평일
3호선,1958,대화,309,,20250619,3호선,0342,오금,352,N,3호선,3267,0320,을지로3가,330,N,15:35:30,15:36:00,,3242,상행,2025-05-01T05:00:00,,평일
3호선,1958,대화,309,,20250619,3호선,0342,오금,352,N,3호선,3267,0319,종로3가,329,N,15:37:00,15:37:30,,3242,상행,2025-05-01T05:00:00,,평일
3호선,1958,대화,309,,20250619,3호선,0342,오금,352,N,3호선,3267,0318,안국,328,N,15:39:00,15:39:30,,3242,상행,2025-05-01T05:00:00,,평일
3호선,1958,대화,309,,20250619,3호선,0342,오금,352,N,3호선,3267,0317,경복궁,327,N,15:41:00,15:41:30,,3242,상행,2025-05-01T05:00:00,,평일
3호선,1958,대화,309,,20250619,3호선,0342,오금,352,N,3호선,3267,0316,독립문,326,N,15:43:30,15:44:00,,3242,상행,2025-05-01T05:00:00,,평일
3호선,1958,대화,309,,20250619,3호선,0342,오금,352,N,3호선,3267,0315,무악재,325,N,15:45:30,15:46:00,,3242,상행,2025-05-01T05:00:00,,평일
3호선,1958,대화,309,,20250619,3호선,0342,오금,352,N,3호선,3267,0314,홍제,324,N,15:47:30,15:48:00,,3242,상행,2025-05-01T05:00:00,,평일
3호선,1958,대화,309,,20250619,3호선,0342,오금,352,N,3호선,3267,0313,녹번,323,N,15:50:00,15:50:30,,3242,상행,2025-05-01T05:00:00,,평일
3호선,1958,대화,309,,20250619,3호선,0342,오금,352,N,3호선,3267,0312,불광,322,N,15:52:00,15:52:30,,3242,상행,2025-05-01T05:00:00,,평일
3호선,1958,대화,309,,20250619,3호선,0342,오금,352,N,3호선,3267,0311,연신내,321,N,15:54:00,15:54:30,,3242,상행,2025-05-01T05:00:00,,평일
3호선,1958,대화,309,,20250619,3호선,0342,오금,352,N,3호선,3267,0310,구파발,320,N,15:56:30,15:57:00,,3242,상행,2025-05-01T05:00:00,,평일
3호선,1958,대화,309,,20250619,3호선,0342,오금,352,N,3호선,3267,0309,지축,319,N,16:00:00,16:00:30,,3242,상행,2025-05-01T05:00:00,,평일
3호선,1958,대화,309,,20250619,3호선,0342,오금,352,N,3호선,3267,1950,삼송,318,N,16:03:00,16:03:30,,3242,상행,2025-05-01T05:00:00,,평일
3호선,1958,대화,309,,20250619,3호선,0342,오금,352,N,3호선,3267,1948,원흥,317,N,16:05:30,16:06:00,,3242,상행,2025-05-01T05:00:00,,평일
3호선,1958,대화,309,,20250619,3호선,0342,오금,352,N,3호선,3267,1951,원당,316,N,16:08:30,16:09:00,,3242,상행,2025-05-01T05:00:00,,평일
3호선,1958,대화,309,,20250619,3호선,0342,오금,352,N,3호선,3267,1952,화정,315,N,16:12:00,16:12:30,,3242,상행,2025-05-01T05:00:00,,평일
3호선,1958,대화,309,,20250619,3호선,0342,오금,352,N,3호선,3267,1953,대곡,314,N,16:15:00,16:15:30,,3242,상행,2025-05-01T05:00:00,,평일
3호선,1958,대화,309,,20250619,3호선,0342,오금,352,N,3호선,3267,1954,백석,313,N,16:18:30,16:19:00,,3242,상행,2025-05-01T05:00:00,,평일
3호선,1958,대화,309,,20250619,3호선,0342,오금,352,N,3호선,3267,1955,마두,312,N,16:21:00,16:21:30,,3242,상행,2025-05-01T05:00:00,,평일
3호선,1958,대화,309,,20250619,3호선,0342,오금,352,N,3호선,3267,1956,정발산,311,N,16:23:00,16:23:30,,3242,상행,2025-05-01T05:00:00,,평일
3호선,1958,대화,309,,20250619,3호선,0342,오금,352,N,3호선,3267,1957,주엽,310,N,16:25:30,16:26:00,,3242,상행,2025-05-01T05:00:00,,평일
3호선,1958,대화,309,,20250619,3호선,0342,오금,352,N,3호선,3267,1958,대화,309,N,16:28:00,,,3242,상행,2025-05-01T05:00:00,,평일
3호선,1958,대화,309,,20250619,3호선,1950,삼송,318,N,3호선,3271,1950,삼송,318,N,,16:07:00,,3244K,상행,2025-05-01T05:00:00,,평일
3호선,1958,대화,309,,20250619,3호선,1950,삼송,318,N,3호선,3271,1948,원흥,317,N,16:09:00,16:09:30,,3244K,상행,2025-05-01T05:00:00,,평일
3호선,1958,대화,309,,20250619,3호선,1950,삼송,318,N,3호선,3271,1951,원당,316,N,16:12:00,16:12:30,,3244K,상행,2025-05-01T05:00:00,,평일
3호선,1958,대화,309,,20250619,3호선,1950,삼송,318,N,3호선,3271,1952,화정,315,N,16:15:30,16:16:00,,3244K,상행,2025-05-01T05:00:00,,평일
3호선,1958,대화,309,,20250619,3호선,1950,삼송,318,N,3호선,3271,1953,대곡,314,N,16:18:30,16:19:00,,3244K,상행,2025-05-01T05:00:00,,평일
3호선,1958,대화,309,,20250619,3호선,1950,삼송,318,N,3호선,3271,1954,백석,313,N,16:22:00,16:22:30,,3244K,상행,2025-05-01T05:00:00,,평일
3호선,1958,대화,309,,20250619,3호선,1950,삼송,318,N,3호선,3271,1955,마두,312,N,16:24:30,16:25:00,,3244K,상행,2025-05-01T05:00:00,,평일
3호선,1958,대화,309,,20250619,3호선,1950,삼송,318,N,3호선,3271,1956,정발산,311,N,16:26:30,16:27:00,,3244K,상행,2025-05-01T05:00:00,,평일
3호선,1958,대화,309,,20250619,3호선,1950,삼송,318,N,3호선,3271,1957,주엽,310,N,16:29:00,16:29:30,,3244K,상행,2025-05-01T05:00:00,,평일
3호선,1958,대화,309,,20250619,3호선,1950,삼송,318,N,3호선,3271,1958,대화,309,N,16:31:30,,,3244K,상행,2025-05-01T05:00:00,,평일
3호선,1958,대화,309,,20250619,3호선,0342,오금,352,N,3호선,3275,0342,오금,352,N,,15:00:30,,3248,상행,2025-05-01T05:00:00,,평일
3호선,1958,대화,309,,20250619,3호선,0342,오금,352,N,3호선,3275,0341,경찰병원,351,N,15:01:30,15:02:00,,3248,상행,2025-05-01T05:00:00,,평일
3호선,1958,대화,309,,20250619,3호선,0342,오금,352,N,3호선,3275,0340,가락시장,350,N,15:03:00,15:03:30,,3248,상행,2025-05-01T05:00:00,,평일
3호선,1958,대화,309,,20250619,3호선,0342,오금,352,N,3호선,3275,0339,수서,349,N,15:05:30,15:06:00,,3248,상행,2025-05-01T05:00:00,,평일
3호선,1958,대화,309,,20250619,3호선,0342,오금,352,N,3호선,3275,0338,일원,348,N,15:08:00,15:08:30,,3248,상행,2025-05-01T05:00:00,,평일
3호선,1958,대화,309,,20250619,3호선,0342,오금,352,N,3호선,3275,0337,대청,347,N,15:10:00,15:10:30,,3248,상행,2025-05-01T05:00:00,,평일
3호선,1958,대화,309,,20250619,3호선,0342,오금,352,N,3호선,3275,0336,학여울,346,N,15:12:00,15:12:30,,3248,상행,2025-05-01T05:00:00,,평일
3호선,1958,대화,309,,20250619,3호선,0342,오금,352,N,3호선,3275,0335,대치,345,N,15:13:30,15:14:00,,3248,상행,2025-05-01T05:00:00,,평일
3호선,1958,대화,309,,20250619,3호선,0342,오금,352,N,3호선,3275,0334,도곡,344,N,15:15:00,15:15:30,,3248,상행,2025-05-01T05:00:00,,평일
3호선,1958,대화,309,,20250619,3호선,0342,오금,352,N,3호선,3275,0333,매봉,343,N,15:17:00,15:17:30,,3248,상행,2025-05-01T05:00:00,,평일
3호선,1958,대화,309,,20250619,3호선,0342,오금,352,N,3호선,3275,0332,양재,342,N,15:19:30,15:20:00,,3248,상행,2025-05-01T05:00:00,,평일
3호선,1958,대화,309,,20250619,3호선,0342,오금,352,N,3호선,3275,0331,남부터미널,341,N,15:22:00,15:22:30,,3248,상행,2025-05-01T05:00:00,,평일
3호선,1958,대화,309,,20250619,3호선,0342,오금,352,N,3호선,3275,0330,교대,340,N,15:24:00,15:24:30,,3248,상행,2025-05-01T05:00:00,,평일
3호선,1958,대화,309,,20250619,3호선,0342,오금,352,N,3호선,3275,0329,고속터미널,339,N,15:26:30,15:27:00,,3248,상행,2025-05-01T05:00:00,,평일
3호선,1958,대화,309,,20250619,3호선,0342,오금,352,N,3호선,3275,0328,잠원,338,N,15:28:30,15:29:00,,3248,상행,2025-05-01T05:00:00,,평일
3호선,1958,대화,309,,20250619,3호선,0342,오금,352,N,3호선,3275,0327,신사,337,N,15:30:30,15:31:00,,3248,상행,2025-05-01T05:00:00,,평일
3호선,1958,대화,309,,20250619,3호선,0342,오금,352,N,3호선,3275,0326,압구정,336,N,15:33:00,15:33:30,,3248,상행,2025-05-01T05:00:00,,평일
3호선,1958,대화,309,,20250619,3호선,0342,오금,352,N,3호선,3275,0325,옥수,335,N,15:35:30,15:36:00,,3248,상행,2025-05-01T05:00:00,,평일
3호선,1958,대화,309,,20250619,3호선,0342,오금,352,N,3호선,3275,0324,금호,334,N,15:37:00,15:37:30,,3248,상행,2025-05-01T05:00:00,,평일
3호선,1958,대화,309,,20250619,3호선,0342,오금,352,N,3호선,3275,0323,약수,333,N,15:38:30,15:39:00,,3248,상행,2025-05-01T05:00:00,,평일
3호선,1958,대화,309,,20250619,3호선,0342,오금,352,N,3호선,3275,0322,동대입구,332,N,15:40:00,15:40:30,,3248,상행,2025-05-01T05:00:00,,평일
3호선,1958,대화,309,,20250619,3호선,0342,오금,352,N,3호선,3275,0321,충무로,331,N,15:42:00,15:42:30,,3248,상행,2025-05-01T05:00:00,,평일
3호선,1958,대화,309,,20250619,3호선,0342,오금,352,N,3호선,3275,0320,을지로3가,330,N,15:43:30,15:44:00,,3248,상행,2025-05-01T05:00:00,,평일
3호선,1958,대화,309,,20250619,3호선,0342,오금,352,N,3호선,3275,0319,종로3가,329,N,15:45:00,15:45:30,,3248,상행,2025-05-01T05:00:00,,평일
3호선,1958,대화,309,,20250619,3호선,0342,오금,352,N,3호선,3275,0318,안국,328,N,15:47:00,15:47:30,,3248,상행,2025-05-01T05:00:00,,평일
3호선,1958,대화,309,,20250619,3호선,0342,오금,352,N,3호선,3275,0317,경복궁,327,N,15:49:00,15:49:30,,3248,상행,2025-05-01T05:00:00,,평일
3호선,1958,대화,309,,20250619,3호선,0342,오금,352,N,3호선,3275,0316,독립문,326,N,15:51:30,15:52:00,,3248,상행,2025-05-01T05:00:00,,평일
3호선,1958,대화,309,,20250619,3호선,0342,오금,352,N,3호선,3275,0315,무악재,325,N,15:53:30,15:54:00,,3248,상행,2025-05-01T05:00:00,,평일
3호선,1958,대화,309,,20250619,3호선,0342,오금,352,N,3호선,3275,0314,홍제,324,N,15:55:30,15:56:00,,3248,상행,2025-05-01T05:00:00,,평일
3호선,1958,대화,309,,20250619,3호선,0342,오금,352,N,3호선,3275,0313,녹번,323,N,15:58:00,15:58:30,,3248,상행,2025-05-01T05:00:00,,평일
3호선,1958,대화,309,,20250619,3호선,0342,오금,352,N,3호선,3275,0312,불광,322,N,16:00:00,16:00:30,,3248,상행,2025-05-01T05:00:00,,평일
3호선,1958,대화,309,,20250619,3호선,0342,오금,352,N,3호선,3275,0311,연신내,321,N,16:02:00,16:02:30,,3248,상행,2025-05-01T05:00:00,,평일
3호선,1958,대화,309,,20250619,3호선,0342,오금,352,N,3호선,3275,0310,구파발,320,N,16:04:30,16:05:00,,3248,상행,2025-05-01T05:00:00,,평일
3호선,1958,대화,309,,20250619,3호선,0342,오금,352,N,3호선,3275,0309,지축,319,N,16:08:00,16:08:30,,3248,상행,2025-05-01T05:00:00,,평일
3호선,1958,대화,309,,20250619,3호선,0342,오금,352,N,3호선,3275,1950,삼송,318,N,16:11:00,16:11:30,,3248,상행,2025-05-01T05:00:00,,평일
3호선,1958,대화,309,,20250619,3호선,0342,오금,352,N,3호선,3275,1948,원흥,317,N,16:13:30,16:14:00,,3248,상행,2025-05-01T05:00:00,,평일
3호선,1958,대화,309,,20250619,3호선,0342,오금,352,N,3호선,3275,1951,원당,316,N,16:16:30,16:17:00,,3248,상행,2025-05-01T05:00:00,,평일
3호선,1958,대화,309,,20250619,3호선,0342,오금,352,N,3호선,3275,1952,화정,315,N,16:20:00,16:20:30,,3248,상행,2025-05-01T05:00:00,,평일
3호선,1958,대화,309,,20250619,3호선,0342,오금,352,N,3호선,3275,1953,대곡,314,N,16:23:00,16:23:30,,3248,상행,2025-05-01T05:00:00,,평일
3호선,1958,대화,309,,20250619,3호선,0342,오금,352,N,3호선,3275,1954,백석,313,N,16:26:30,16:27:00,,3248,상행,2025-05-01T05:00:00,,평일
3호선,1958,대화,309,,20250619,3호선,0342,오금,352,N,3호선,3275,1955,마두,312,N,16:29:00,16:29:30,,3248,상행,2025-05-01T05:00:00,,평일
3호선,1958,대화,309,,20250619,3호선,0342,오금,352,N,3호선,3275,1956,정발산,311,N,16:31:00,16:31:30,,3248,상행,2025-05-01T05:00:00,,평일
3호선,1958,대화,309,,20250619,3호선,0342,오금,352,N,3호선,3275,1957,주엽,310,N,16:33:30,16:34:00,,3248,상행,2025-05-01T05:00:00,,평일
3호선,1958,대화,309,,20250619,3호선,0342,오금,352,N,3호선,3275,1958,대화,309,N,16:36:00,,,3248,상행,2025-05-01T05:00:00,,평일
3호선,1958,대화,309,,20250619,3호선,0342,오금,352,N,3호선,3279,0342,오금,352,N,,15:08:00,,3250,상행,2025-05-01T05:00:00,,평일
3호선,1958,대화,309,,20250619,3호선,0342,오금,352,N,3호선,3279,0341,경찰병원,351,N,15:09:00,15:09:30,,3250,상행,2025-05-01T05:00:00,,평일
3호선,1958,대화,309,,20250619,3호선,0342,오금,352,N,3호선,3279,0340,가락시장,350,N,15:10:30,15:11:00,,3250,상행,2025-05-01T05:00:00,,평일
3호선,1958,대화,309,,20250619,3호선,0342,오금,352,N,3호선,3279,0339,수서,349,N,15:13:00,15:13:30,,3250,상행,2025-05-01T05:00:00,,평일
3호선,1958,대화,309,,20250619,3호선,0342,오금,352,N,3호선,3279,0338,일원,348,N,15:15:30,15:16:00,,3250,상행,2025-05-01T05:00:00,,평일
3호선,1958,대화,309,,20250619,3호선,0342,오금,352,N,3호선,3279,0337,대청,347,N,15:17:30,15:18:00,,3250,상행,2025-05-01T05:00:00,,평일
3호선,1958,대화,309,,20250619,3호선,0342,오금,352,N,3호선,3279,0336,학여울,346,N,15:19:30,15:20:00,,3250,상행,2025-05-01T05:00:00,,평일
3호선,1958,대화,309,,20250619,3호선,0342,오금,352,N,3호선,3279,0335,대치,345,N,15:21:00,15:21:30,,3250,상행,2025-05-01T05:00:00,,평일
3호선,1958,대화,309,,20250619,3호선,0342,오금,352,N,3호선,3279,0334,도곡,344,N,15:22:30,15:23:00,,3250,상행,2025-05-01T05:00:00,,평일
3호선,1958,대화,309,,20250619,3호선,0342,오금,352,N,3호선,3279,0333,매봉,343,N,15:24:30,15:25:00,,3250,상행,2025-05-01T05:00:00,,평일
3호선,1958,대화,309,,20250619,3호선,0342,오금,352,N,3호선,3279,0332,양재,342,N,15:27:00,15:27:30,,3250,상행,2025-05-01T05:00:00,,평일
3호선,1958,대화,309,,20250619,3호선,0342,오금,352,N,3호선,3279,0331,남부터미널,341,N,15:29:30,15:30:00,,3250,상행,2025-05-01T05:00:00,,평일
3호선,1958,대화,309,,20250619,3호선,0342,오금,352,N,3호선,3279,0330,교대,340,N,15:31:30,15:32:00,,3250,상행,2025-05-01T05:00:00,,평일
3호선,1958,대화,309,,20250619,3호선,0342,오금,352,N,3호선,3279,0329,고속터미널,339,N,15:34:00,15:34:30,,3250,상행,2025-05-01T05:00:00,,평일
3호선,1958,대화,309,,20250619,3호선,0342,오금,352,N,3호선,3279,0328,잠원,338,N,15:36:00,15:36:30,,3250,상행,2025-05-01T05:00:00,,평일
3호선,1958,대화,309,,20250619,3호선,0342,오금,352,N,3호선,3279,0327,신사,337,N,15:38:00,15:38:30,,3250,상행,2025-05-01T05:00:00,,평일
3호선,1958,대화,309,,20250619,3호선,0342,오금,352,N,3호선,3279,0326,압구정,336,N,15:40:30,15:41:00,,3250,상행,2025-05-01T05:00:00,,평일
3호선,1958,대화,309,,20250619,3호선,0342,오금,352,N,3호선,3279,0325,옥수,335,N,15:43:00,15:43:30,,3250,상행,2025-05-01T05:00:00,,평일
3호선,1958,대화,309,,20250619,3호선,0342,오금,352,N,3호선,3279,0324,금호,334,N,15:44:30,15:45:00,,3250,상행,2025-05-01T05:00:00,,평일
3호선,1958,대화,309,,20250619,3호선,0342,오금,352,N,3호선,3279,0323,약수,333,N,15:46:00,15:46:30,,3250,상행,2025-05-01T05:00:00,,평일
3호선,1958,대화,309,,20250619,3호선,0342,오금,352,N,3호선,3279,0322,동대입구,332,N,15:47:30,15:48:00,,3250,상행,2025-05-01T05:00:00,,평일
3호선,1958,대화,309,,20250619,3호선,0342,오금,352,N,3호선,3279,0321,충무로,331,N,15:49:30,15:50:00,,3250,상행,2025-05-01T05:00:00,,평일
3호선,1958,대화,309,,20250619,3호선,0342,오금,352,N,3호선,3279,0320,을지로3가,330,N,15:51:00,15:51:30,,3250,상행,2025-05-01T05:00:00,,평일
3호선,1958,대화,309,,20250619,3호선,0342,오금,352,N,3호선,3279,0319,종로3가,329,N,15:52:30,15:53:00,,3250,상행,2025-05-01T05:00:00,,평일
3호선,1958,대화,309,,20250619,3호선,0342,오금,352,N,3호선,3279,0318,안국,328,N,15:54:30,15:55:00,,3250,상행,2025-05-01T05:00:00,,평일
3호선,1958,대화,309,,20250619,3호선,0342,오금,352,N,3호선,3279,0317,경복궁,327,N,15:56:30,15:57:00,,3250,상행,2025-05-01T05:00:00,,평일
3호선,1958,대화,309,,20250619,3호선,0342,오금,352,N,3호선,3279,0316,독립문,326,N,15:59:00,15:59:30,,3250,상행,2025-05-01T05:00:00,,평일
3호선,1958,대화,309,,20250619,3호선,0342,오금,352,N,3호선,3279,0315,무악재,325,N,16:01:00,16:01:30,,3250,상행,2025-05-01T05:00:00,,평일
3호선,1958,대화,309,,20250619,3호선,0342,오금,352,N,3호선,3279,0314,홍제,324,N,16:03:00,16:03:30,,3250,상행,2025-05-01T05:00:00,,평일
3호선,1958,대화,309,,20250619,3호선,0342,오금,352,N,3호선,3279,0313,녹번,323,N,16:05:30,16:06:00,,3250,상행,2025-05-01T05:00:00,,평일
3호선,1958,대화,309,,20250619,3호선,0342,오금,352,N,3호선,3279,0312,불광,322,N,16:07:30,16:08:00,,3250,상행,2025-05-01T05:00:00,,평일
3호선,1958,대화,309,,20250619,3호선,0342,오금,352,N,3호선,3279,0311,연신내,321,N,16:09:30,16:10:00,,3250,상행,2025-05-01T05:00:00,,평일
3호선,1958,대화,309,,20250619,3호선,0342,오금,352,N,3호선,3279,0310,구파발,320,N,16:12:00,16:12:30,,3250,상행,2025-05-01T05:00:00,,평일
3호선,1958,대화,309,,20250619,3호선,0342,오금,352,N,3호선,3279,0309,지축,319,N,16:15:30,16:16:00,,3250,상행,2025-05-01T05:00:00,,평일
3호선,1958,대화,309,,20250619,3호선,0342,오금,352,N,3호선,3279,1950,삼송,318,N,16:18:30,16:19:00,,3250,상행,2025-05-01T05:00:00,,평일
3호선,1958,대화,309,,20250619,3호선,0342,오금,352,N,3호선,3279,1948,원흥,317,N,16:21:00,16:21:30,,3250,상행,2025-05-01T05:00:00,,평일
3호선,1958,대화,309,,20250619,3호선,0342,오금,352,N,3호선,3279,1951,원당,316,N,16:24:00,16:24:30,,3250,상행,2025-05-01T05:00:00,,평일
3호선,1958,대화,309,,20250619,3호선,0342,오금,352,N,3호선,3279,1952,화정,315,N,16:27:30,16:28:00,,3250,상행,2025-05-01T05:00:00,,평일
3호선,1958,대화,309,,20250619,3호선,0342,오금,352,N,3호선,3279,1953,대곡,314,N,16:30:30,16:31:00,,3250,상행,2025-05-01T05:00:00,,평일
3호선,1958,대화,309,,20250619,3호선,0342,오금,352,N,3호선,3279,1954,백석,313,N,16:34:00,16:34:30,,3250,상행,2025-05-01T05:00:00,,평일
3호선,1958,대화,309,,20250619,3호선,0342,오금,352,N,3호선,3279,1955,마두,312,N,16:36:30,16:37:00,,3250,상행,2025-05-01T05:00:00,,평일
3호선,1958,대화,309,,20250619,3호선,0342,오금,352,N,3호선,3279,1956,정발산,311,N,16:38:30,16:39:00,,3250,상행,2025-05-01T05:00:00,,평일
3호선,1958,대화,309,,20250619,3호선,0342,오금,352,N,3호선,3279,1957,주엽,310,N,16:41:00,16:41:30,,3250,상행,2025-05-01T05:00:00,,평일
3호선,1958,대화,309,,20250619,3호선,0342,오금,352,N,3호선,3279,1958,대화,309,N,16:43:30,,,3250,상행,2025-05-01T05:00:00,,평일
3호선,0310,구파발,320,,20250619,3호선,0342,오금,352,N,3호선,3251,0342,오금,352,N,,15:15:30,,3252,상행,2025-05-01T05:00:00,,평일
3호선,0310,구파발,320,,20250619,3호선,0342,오금,352,N,3호선,3251,0341,경찰병원,351,N,15:16:30,15:17:00,,3252,상행,2025-05-01T05:00:00,,평일
3호선,0310,구파발,320,,20250619,3호선,0342,오금,352,N,3호선,3251,0340,가락시장,350,N,15:18:00,15:18:30,,3252,상행,2025-05-01T05:00:00,,평일
3호선,0310,구파발,320,,20250619,3호선,0342,오금,352,N,3호선,3251,0339,수서,349,N,15:20:30,15:21:00,,3252,상행,2025-05-01T05:00:00,,평일
3호선,0310,구파발,320,,20250619,3호선,0342,오금,352,N,3호선,3251,0338,일원,348,N,15:23:00,15:23:30,,3252,상행,2025-05-01T05:00:00,,평일
3호선,0310,구파발,320,,20250619,3호선,0342,오금,352,N,3호선,3251,0337,대청,347,N,15:25:00,15:25:30,,3252,상행,2025-05-01T05:00:00,,평일
3호선,0310,구파발,320,,20250619,3호선,0342,오금,352,N,3호선,3251,0336,학여울,346,N,15:27:00,15:27:30,,3252,상행,2025-05-01T05:00:00,,평일
3호선,0310,구파발,320,,20250619,3호선,0342,오금,352,N,3호선,3251,0335,대치,345,N,15:28:30,15:29:00,,3252,상행,2025-05-01T05:00:00,,평일
3호선,0310,구파발,320,,20250619,3호선,0342,오금,352,N,3호선,3251,0334,도곡,344,N,15:30:00,15:30:30,,3252,상행,2025-05-01T05:00:00,,평일
3호선,0310,구파발,320,,20250619,3호선,0342,오금,352,N,3호선,3251,0333,매봉,343,N,15:32:00,15:32:30,,3252,상행,2025-05-01T05:00:00,,평일
3호선,0310,구파발,320,,20250619,3호선,0342,오금,352,N,3호선,3251,0332,양재,342,N,15:34:30,15:35:00,,3252,상행,2025-05-01T05:00:00,,평일
3호선,0310,구파발,320,,20250619,3호선,0342,오금,352,N,3호선,3251,0331,남부터미널,341,N,15:37:00,15:37:30,,3252,상행,2025-05-01T05:00:00,,평일
3호선,0310,구파발,320,,20250619,3호선,0342,오금,352,N,3호선,3251,0330,교대,340,N,15:39:00,15:39:30,,3252,상행,2025-05-01T05:00:00,,평일
3호선,0310,구파발,320,,20250619,3호선,0342,오금,352,N,3호선,3251,0329,고속터미널,339,N,15:41:30,15:42:00,,3252,상행,2025-05-01T05:00:00,,평일
3호선,0310,구파발,320,,20250619,3호선,0342,오금,352,N,3호선,3251,0328,잠원,338,N,15:43:30,15:44:00,,3252,상행,2025-05-01T05:00:00,,평일
3호선,0310,구파발,320,,20250619,3호선,0342,오금,352,N,3호선,3251,0327,신사,337,N,15:45:30,15:46:00,,3252,상행,2025-05-01T05:00:00,,평일
3호선,0310,구파발,320,,20250619,3호선,0342,오금,352,N,3호선,3251,0326,압구정,336,N,15:48:00,15:48:30,,3252,상행,2025-05-01T05:00:00,,평일
3호선,0310,구파발,320,,20250619,3호선,0342,오금,352,N,3호선,3251,0325,옥수,335,N,15:50:30,15:51:00,,3252,상행,2025-05-01T05:00:00,,평일
3호선,0310,구파발,320,,20250619,3호선,0342,오금,352,N,3호선,3251,0324,금호,334,N,15:52:00,15:52:30,,3252,상행,2025-05-01T05:00:00,,평일
3호선,0310,구파발,320,,20250619,3호선,0342,오금,352,N,3호선,3251,0323,약수,333,N,15:53:30,15:54:00,,3252,상행,2025-05-01T05:00:00,,평일
3호선,0310,구파발,320,,20250619,3호선,0342,오금,352,N,3호선,3251,0322,동대입구,332,N,15:55:00,15:55:30,,3252,상행,2025-05-01T05:00:00,,평일
3호선,0310,구파발,320,,20250619,3호선,0342,오금,352,N,3호선,3251,0321,충무로,331,N,15:57:00,15:57:30,,3252,상행,2025-05-01T05:00:00,,평일
3호선,0310,구파발,320,,20250619,3호선,0342,오금,352,N,3호선,3251,0320,을지로3가,330,N,15:58:30,15:59:00,,3252,상행,2025-05-01T05:00:00,,평일
3호선,0310,구파발,320,,20250619,3호선,0342,오금,352,N,3호선,3251,0319,종로3가,329,N,16:00:00,16:00:30,,3252,상행,2025-05-01T05:00:00,,평일
3호선,0310,구파발,320,,20250619,3호선,0342,오금,352,N,3호선,3251,0318,안국,328,N,16:02:00,16:02:30,,3252,상행,2025-05-01T05:00:00,,평일
3호선,0310,구파발,320,,20250619,3호선,0342,오금,352,N,3호선,3251,0317,경복궁,327,N,16:04:00,16:04:30,,3252,상행,2025-05-01T05:00:00,,평일
3호선,0310,구파발,320,,20250619,3호선,0342,오금,352,N,3호선,3251,0316,독립문,326,N,16:06:30,16:07:00,,3252,상행,2025-05-01T05:00:00,,평일
3호선,0310,구파발,320,,20250619,3호선,0342,오금,352,N,3호선,3251,0315,무악재,325,N,16:08:30,16:09:00,,3252,상행,2025-05-01T05:00:00,,평일
3호선,0310,구파발,320,,20250619,3호선,0342,오금,352,N,3호선,3251,0314,홍제,324,N,16:10:30,16:11:00,,3252,상행,2025-05-01T05:00:00,,평일
3호선,0310,구파발,320,,20250619,3호선,0342,오금,352,N,3호선,3251,0313,녹번,323,N,16:13:00,16:13:30,,3252,상행,2025-05-01T05:00:00,,평일
3호선,0310,구파발,320,,20250619,3호선,0342,오금,352,N,3호선,3251,0312,불광,322,N,16:15:00,16:15:30,,3252,상행,2025-05-01T05:00:00,,평일
3호선,0310,구파발,320,,20250619,3호선,0342,오금,352,N,3호선,3251,0311,연신내,321,N,16:17:00,16:17:30,,3252,상행,2025-05-01T05:00:00,,평일
3호선,0310,구파발,320,,20250619,3호선,0342,오금,352,N,3호선,3251,0310,구파발,320,N,16:19:30,,,3252,상행,2025-05-01T05:00:00,,평일
3호선,1958,대화,309,,20250619,3호선,0342,오금,352,N,3호선,3283,0342,오금,352,N,,15:22:30,,3254K,상행,2025-05-01T05:00:00,,평일
3호선,1958,대화,309,,20250619,3호선,0342,오금,352,N,3호선,3283,0341,경찰병원,351,N,15:23:30,15:24:00,,3254K,상행,2025-05-01T05:00:00,,평일
3호선,1958,대화,309,,20250619,3호선,0342,오금,352,N,3호선,3283,0340,가락시장,350,N,15:25:00,15:25:30,,3254K,상행,2025-05-01T05:00:00,,평일
3호선,1958,대화,309,,20250619,3호선,0342,오금,352,N,3호선,3283,0339,수서,349,N,15:27:30,15:28:00,,3254K,상행,2025-05-01T05:00:00,,평일
3호선,1958,대화,309,,20250619,3호선,0342,오금,352,N,3호선,3283,0338,일원,348,N,15:30:00,15:30:30,,3254K,상행,2025-05-01T05:00:00,,평일
3호선,1958,대화,309,,20250619,3호선,0342,오금,352,N,3호선,3283,0337,대청,347,N,15:32:00,15:32:30,,3254K,상행,2025-05-01T05:00:00,,평일
3호선,1958,대화,309,,20250619,3호선,0342,오금,352,N,3호선,3283,0336,학여울,346,N,15:34:00,15:34:30,,3254K,상행,2025-05-01T05:00:00,,평일
3호선,1958,대화,309,,20250619,3호선,0342,오금,352,N,3호선,3283,0335,대치,345,N,15:35:30,15:36:00,,3254K,상행,2025-05-01T05:00:00,,평일
3호선,1958,대화,309,,20250619,3호선,0342,오금,352,N,3호선,3283,0334,도곡,344,N,15:37:00,15:37:30,,3254K,상행,2025-05-01T05:00:00,,평일
3호선,1958,대화,309,,20250619,3호선,0342,오금,352,N,3호선,3283,0333,매봉,343,N,15:39:00,15:39:30,,3254K,상행,2025-05-01T05:00:00,,평일
3호선,1958,대화,309,,20250619,3호선,0342,오금,352,N,3호선,3283,0332,양재,342,N,15:41:30,15:42:00,,3254K,상행,2025-05-01T05:00:00,,평일
3호선,1958,대화,309,,20250619,3호선,0342,오금,352,N,3호선,3283,0331,남부터미널,341,N,15:44:00,15:44:30,,3254K,상행,2025-05-01T05:00:00,,평일
3호선,1958,대화,309,,20250619,3호선,0342,오금,352,N,3호선,3283,0330,교대,340,N,15:46:00,15:46:30,,3254K,상행,2025-05-01T05:00:00,,평일
3호선,1958,대화,309,,20250619,3호선,0342,오금,352,N,3호선,3283,0329,고속터미널,339,N,15:48:30,15:49:00,,3254K,상행,2025-05-01T05:00:00,,평일
3호선,1958,대화,309,,20250619,3호선,0342,오금,352,N,3호선,3283,0328,잠원,338,N,15:50:30,15:51:00,,3254K,상행,2025-05-01T05:00:00,,평일
3호선,1958,대화,309,,20250619,3호선,0342,오금,352,N,3호선,3283,0327,신사,337,N,15:52:30,15:53:00,,3254K,상행,2025-05-01T05:00:00,,평일
3호선,1958,대화,309,,20250619,3호선,0342,오금,352,N,3호선,3283,0326,압구정,336,N,15:55:00,15:55:30,,3254K,상행,2025-05-01T05:00:00,,평일
3호선,1958,대화,309,,20250619,3호선,0342,오금,352,N,3호선,3283,0325,옥수,335,N,15:57:30,15:58:00,,3254K,상행,2025-05-01T05:00:00,,평일
3호선,1958,대화,309,,20250619,3호선,0342,오금,352,N,3호선,3283,0324,금호,334,N,15:59:00,15:59:30,,3254K,상행,2025-05-01T05:00:00,,평일
3호선,1958,대화,309,,20250619,3호선,0342,오금,352,N,3호선,3283,0323,약수,333,N,16:00:30,16:01:00,,3254K,상행,2025-05-01T05:00:00,,평일
3호선,1958,대화,309,,20250619,3호선,0342,오금,352,N,3호선,3283,0322,동대입구,332,N,16:02:00,16:02:30,,3254K,상행,2025-05-01T05:00:00,,평일
3호선,1958,대화,309,,20250619,3호선,0342,오금,352,N,3호선,3283,0321,충무로,331,N,16:04:00,16:04:30,,3254K,상행,2025-05-01T05:00:00,,평일
3호선,1958,대화,309,,20250619,3호선,0342,오금,352,N,3호선,3283,0320,을지로3가,330,N,16:05:30,16:06:00,,3254K,상행,2025-05-01T05:00:00,,평일
3호선,1958,대화,309,,20250619,3호선,0342,오금,352,N,3호선,3283,0319,종로3가,329,N,16:07:00,16:07:30,,3254K,상행,2025-05-01T05:00:00,,평일
3호선,1958,대화,309,,20250619,3호선,0342,오금,352,N,3호선,3283,0318,안국,328,N,16:09:00,16:09:30,,3254K,상행,2025-05-01T05:00:00,,평일
3호선,1958,대화,309,,20250619,3호선,0342,오금,352,N,3호선,3283,0317,경복궁,327,N,16:11:00,16:11:30,,3254K,상행,2025-05-01T05:00:00,,평일
3호선,1958,대화,309,,20250619,3호선,0342,오금,352,N,3호선,3283,0316,독립문,326,N,16:13:30,16:14:00,,3254K,상행,2025-05-01T05:00:00,,평일
3호선,1958,대화,309,,20250619,3호선,0342,오금,352,N,3호선,3283,0315,무악재,325,N,16:15:30,16:16:00,,3254K,상행,2025-05-01T05:00:00,,평일
3호선,1958,대화,309,,20250619,3호선,0342,오금,352,N,3호선,3283,0314,홍제,324,N,16:17:30,16:18:00,,3254K,상행,2025-05-01T05:00:00,,평일
3호선,1958,대화,309,,20250619,3호선,0342,오금,352,N,3호선,3283,0313,녹번,323,N,16:20:00,16:20:30,,3254K,상행,2025-05-01T05:00:00,,평일
3호선,1958,대화,309,,20250619,3호선,0342,오금,352,N,3호선,3283,0312,불광,322,N,16:22:00,16:22:30,,3254K,상행,2025-05-01T05:00:00,,평일
3호선,1958,대화,309,,20250619,3호선,0342,오금,352,N,3호선,3283,0311,연신내,321,N,16:24:00,16:24:30,,3254K,상행,2025-05-01T05:00:00,,평일
3호선,1958,대화,309,,20250619,3호선,0342,오금,352,N,3호선,3283,0310,구파발,320,N,16:26:30,16:27:00,,3254K,상행,2025-05-01T05:00:00,,평일
3호선,1958,대화,309,,20250619,3호선,0342,오금,352,N,3호선,3283,0309,지축,319,N,16:30:00,16:30:30,,3254K,상행,2025-05-01T05:00:00,,평일
3호선,1958,대화,309,,20250619,3호선,0342,오금,352,N,3호선,3283,1950,삼송,318,N,16:33:00,16:33:30,,3254K,상행,2025-05-01T05:00:00,,평일
3호선,1958,대화,309,,20250619,3호선,0342,오금,352,N,3호선,3283,1948,원흥,317,N,16:35:30,16:36:00,,3254K,상행,2025-05-01T05:00:00,,평일
3호선,1958,대화,309,,20250619,3호선,0342,오금,352,N,3호선,3283,1951,원당,316,N,16:38:30,16:39:00,,3254K,상행,2025-05-01T05:00:00,,평일
3호선,1958,대화,309,,20250619,3호선,0342,오금,352,N,3호선,3283,1952,화정,315,N,16:42:00,16:42:30,,3254K,상행,2025-05-01T05:00:00,,평일
3호선,1958,대화,309,,20250619,3호선,0342,오금,352,N,3호선,3283,1953,대곡,314,N,16:45:00,16:45:30,,3254K,상행,2025-05-01T05:00:00,,평일
3호선,1958,대화,309,,20250619,3호선,0342,오금,352,N,3호선,3283,1954,백석,313,N,16:48:30,16:49:00,,3254K,상행,2025-05-01T05:00:00,,평일
3호선,1958,대화,309,,20250619,3호선,0342,오금,352,N,3호선,3283,1955,마두,312,N,16:51:00,16:51:30,,3254K,상행,2025-05-01T05:00:00,,평일
3호선,1958,대화,309,,20250619,3호선,0342,오금,352,N,3호선,3283,1956,정발산,311,N,16:53:00,16:53:30,,3254K,상행,2025-05-01T05:00:00,,평일
3호선,1958,대화,309,,20250619,3호선,0342,오금,352,N,3호선,3283,1957,주엽,310,N,16:55:30,16:56:00,,3254K,상행,2025-05-01T05:00:00,,평일
3호선,1958,대화,309,,20250619,3호선,0342,오금,352,N,3호선,3283,1958,대화,309,N,16:58:00,,,3254K,상행,2025-05-01T05:00:00,,평일
3호선,1958,대화,309,,20250619,3호선,0342,오금,352,N,3호선,3285,0342,오금,352,N,,15:28:00,,3256,상행,2025-05-01T05:00:00,,평일
3호선,1958,대화,309,,20250619,3호선,0342,오금,352,N,3호선,3285,0341,경찰병원,351,N,15:29:00,15:29:30,,3256,상행,2025-05-01T05:00:00,,평일
3호선,1958,대화,309,,20250619,3호선,0342,오금,352,N,3호선,3285,0340,가락시장,350,N,15:30:30,15:31:00,,3256,상행,2025-05-01T05:00:00,,평일
3호선,1958,대화,309,,20250619,3호선,0342,오금,352,N,3호선,3285,0339,수서,349,N,15:33:00,15:33:30,,3256,상행,2025-05-01T05:00:00,,평일
3호선,1958,대화,309,,20250619,3호선,0342,오금,352,N,3호선,3285,0338,일원,348,N,15:35:30,15:36:00,,3256,상행,2025-05-01T05:00:00,,평일
3호선,1958,대화,309,,20250619,3호선,0342,오금,352,N,3호선,3285,0337,대청,347,N,15:37:30,15:38:00,,3256,상행,2025-05-01T05:00:00,,평일
3호선,1958,대화,309,,20250619,3호선,0342,오금,352,N,3호선,3285,0336,학여울,346,N,15:39:30,15:40:00,,3256,상행,2025-05-01T05:00:00,,평일
3호선,1958,대화,309,,20250619,3호선,0342,오금,352,N,3호선,3285,0335,대치,345,N,15:41:00,15:41:30,,3256,상행,2025-05-01T05:00:00,,평일
3호선,1958,대화,309,,20250619,3호선,0342,오금,352,N,3호선,3285,0334,도곡,344,N,15:42:30,15:43:00,,3256,상행,2025-05-01T05:00:00,,평일
3호선,1958,대화,309,,20250619,3호선,0342,오금,352,N,3호선,3285,0333,매봉,343,N,15:44:30,15:45:00,,3256,상행,2025-05-01T05:00:00,,평일
3호선,1958,대화,309,,20250619,3호선,0342,오금,352,N,3호선,3285,0332,양재,342,N,15:47:00,15:47:30,,3256,상행,2025-05-01T05:00:00,,평일
3호선,1958,대화,309,,20250619,3호선,0342,오금,352,N,3호선,3285,0331,남부터미널,341,N,15:49:30,15:50:00,,3256,상행,2025-05-01T05:00:00,,평일
3호선,1958,대화,309,,20250619,3호선,0342,오금,352,N,3호선,3285,0330,교대,340,N,15:51:30,15:52:00,,3256,상행,2025-05-01T05:00:00,,평일
3호선,1958,대화,309,,20250619,3호선,0342,오금,352,N,3호선,3285,0329,고속터미널,339,N,15:54:00,15:54:30,,3256,상행,2025-05-01T05:00:00,,평일
3호선,1958,대화,309,,20250619,3호선,0342,오금,352,N,3호선,3285,0328,잠원,338,N,15:56:00,15:56:30,,3256,상행,2025-05-01T05:00:00,,평일
3호선,1958,대화,309,,20250619,3호선,0342,오금,352,N,3호선,3285,0327,신사,337,N,15:58:00,15:58:30,,3256,상행,2025-05-01T05:00:00,,평일
3호선,1958,대화,309,,20250619,3호선,0342,오금,352,N,3호선,3285,0326,압구정,336,N,16:00:30,16:01:00,,3256,상행,2025-05-01T05:00:00,,평일
3호선,1958,대화,309,,20250619,3호선,0342,오금,352,N,3호선,3285,0325,옥수,335,N,16:03:00,16:03:30,,3256,상행,2025-05-01T05:00:00,,평일
3호선,1958,대화,309,,20250619,3호선,0342,오금,352,N,3호선,3285,0324,금호,334,N,16:04:30,16:05:00,,3256,상행,2025-05-01T05:00:00,,평일
3호선,1958,대화,309,,20250619,3호선,0342,오금,352,N,3호선,3285,0323,약수,333,N,16:06:00,16:06:30,,3256,상행,2025-05-01T05:00:00,,평일
3호선,1958,대화,309,,20250619,3호선,0342,오금,352,N,3호선,3285,0322,동대입구,332,N,16:07:30,16:08:00,,3256,상행,2025-05-01T05:00:00,,평일
3호선,1958,대화,309,,20250619,3호선,0342,오금,352,N,3호선,3285,0321,충무로,331,N,16:09:30,16:10:00,,3256,상행,2025-05-01T05:00:00,,평일
3호선,1958,대화,309,,20250619,3호선,0342,오금,352,N,3호선,3285,0320,을지로3가,330,N,16:11:00,16:11:30,,3256,상행,2025-05-01T05:00:00,,평일
3호선,1958,대화,309,,20250619,3호선,0342,오금,352,N,3호선,3285,0319,종로3가,329,N,16:12:30,16:13:00,,3256,상행,2025-05-01T05:00:00,,평일
3호선,1958,대화,309,,20250619,3호선,0342,오금,352,N,3호선,3285,0318,안국,328,N,16:14:30,16:15:00,,3256,상행,2025-05-01T05:00:00,,평일
3호선,1958,대화,309,,20250619,3호선,0342,오금,352,N,3호선,3285,0317,경복궁,327,N,16:16:30,16:17:00,,3256,상행,2025-05-01T05:00:00,,평일
3호선,1958,대화,309,,20250619,3호선,0342,오금,352,N,3호선,3285,0316,독립문,326,N,16:19:00,16:19:30,,3256,상행,2025-05-01T05:00:00,,평일
3호선,1958,대화,309,,20250619,3호선,0342,오금,352,N,3호선,3285,0315,무악재,325,N,16:21:00,16:21:30,,3256,상행,2025-05-01T05:00:00,,평일
3호선,1958,대화,309,,20250619,3호선,0342,오금,352,N,3호선,3285,0314,홍제,324,N,16:23:00,16:23:30,,3256,상행,2025-05-01T05:00:00,,평일
3호선,1958,대화,309,,20250619,3호선,0342,오금,352,N,3호선,3285,0313,녹번,323,N,16:25:30,16:26:00,,3256,상행,2025-05-01T05:00:00,,평일
3호선,1958,대화,309,,20250619,3호선,0342,오금,352,N,3호선,3285,0312,불광,322,N,16:27:30,16:28:00,,3256,상행,2025-05-01T05:00:00,,평일
3호선,1958,대화,309,,20250619,3호선,0342,오금,352,N,3호선,3285,0311,연신내,321,N,16:29:30,16:30:00,,3256,상행,2025-05-01T05:00:00,,평일
3호선,1958,대화,309,,20250619,3호선,0342,오금,352,N,3호선,3285,0310,구파발,320,N,16:32:00,16:32:30,,3256,상행,2025-05-01T05:00:00,,평일
3호선,1958,대화,309,,20250619,3호선,0342,오금,352,N,3호선,3285,0309,지축,319,N,16:35:30,16:36:00,,3256,상행,2025-05-01T05:00:00,,평일
3호선,1958,대화,309,,20250619,3호선,0342,오금,352,N,3호선,3285,1950,삼송,318,N,16:38:30,16:39:00,,3256,상행,2025-05-01T05:00:00,,평일
3호선,1958,대화,309,,20250619,3호선,0342,오금,352,N,3호선,3285,1948,원흥,317,N,16:41:00,16:41:30,,3256,상행,2025-05-01T05:00:00,,평일
3호선,1958,대화,309,,20250619,3호선,0342,오금,352,N,3호선,3285,1951,원당,316,N,16:44:00,16:44:30,,3256,상행,2025-05-01T05:00:00,,평일
3호선,1958,대화,309,,20250619,3호선,0342,오금,352,N,3호선,3285,1952,화정,315,N,16:47:30,16:48:00,,3256,상행,2025-05-01T05:00:00,,평일
3호선,1958,대화,309,,20250619,3호선,0342,오금,352,N,3호선,3285,1953,대곡,314,N,16:50:30,16:51:00,,3256,상행,2025-05-01T05:00:00,,평일
3호선,1958,대화,309,,20250619,3호선,0342,오금,352,N,3호선,3285,1954,백석,313,N,16:54:00,16:54:30,,3256,상행,2025-05-01T05:00:00,,평일
3호선,1958,대화,309,,20250619,3호선,0342,오금,352,N,3호선,3285,1955,마두,312,N,16:56:30,16:57:00,,3256,상행,2025-05-01T05:00:00,,평일
3호선,1958,대화,309,,20250619,3호선,0342,오금,352,N,3호선,3285,1956,정발산,311,N,16:58:30,16:59:00,,3256,상행,2025-05-01T05:00:00,,평일
3호선,1958,대화,309,,20250619,3호선,0342,오금,352,N,3호선,3285,1957,주엽,310,N,17:01:00,17:01:30,,3256,상행,2025-05-01T05:00:00,,평일
3호선,1958,대화,309,,20250619,3호선,0342,오금,352,N,3호선,3285,1958,대화,309,N,17:03:30,,,3256,상행,2025-05-01T05:00:00,,평일
3호선,1958,대화,309,,20250619,3호선,0342,오금,352,N,3호선,3289,0342,오금,352,N,,15:34:00,,3258,상행,2025-05-01T05:00:00,,평일
3호선,1958,대화,309,,20250619,3호선,0342,오금,352,N,3호선,3289,0341,경찰병원,351,N,15:35:00,15:35:30,,3258,상행,2025-05-01T05:00:00,,평일
3호선,1958,대화,309,,20250619,3호선,0342,오금,352,N,3호선,3289,0340,가락시장,350,N,15:36:30,15:37:00,,3258,상행,2025-05-01T05:00:00,,평일
3호선,1958,대화,309,,20250619,3호선,0342,오금,352,N,3호선,3289,0339,수서,349,N,15:39:00,15:39:30,,3258,상행,2025-05-01T05:00:00,,평일
3호선,1958,대화,309,,20250619,3호선,0342,오금,352,N,3호선,3289,0338,일원,348,N,15:41:30,15:42:00,,3258,상행,2025-05-01T05:00:00,,평일
3호선,1958,대화,309,,20250619,3호선,0342,오금,352,N,3호선,3289,0337,대청,347,N,15:43:30,15:44:00,,3258,상행,2025-05-01T05:00:00,,평일
3호선,1958,대화,309,,20250619,3호선,0342,오금,352,N,3호선,3289,0336,학여울,346,N,15:45:30,15:46:00,,3258,상행,2025-05-01T05:00:00,,평일
3호선,1958,대화,309,,20250619,3호선,0342,오금,352,N,3호선,3289,0335,대치,345,N,15:47:00,15:47:30,,3258,상행,2025-05-01T05:00:00,,평일
3호선,1958,대화,309,,20250619,3호선,0342,오금,352,N,3호선,3289,0334,도곡,344,N,15:48:30,15:49:00,,3258,상행,2025-05-01T05:00:00,,평일
3호선,1958,대화,309,,20250619,3호선,0342,오금,352,N,3호선,3289,0333,매봉,343,N,15:50:30,15:51:00,,3258,상행,2025-05-01T05:00:00,,평일
3호선,1958,대화,309,,20250619,3호선,0342,오금,352,N,3호선,3289,0332,양재,342,N,15:53:00,15:53:30,,3258,상행,2025-05-01T05:00:00,,평일
3호선,1958,대화,309,,20250619,3호선,0342,오금,352,N,3호선,3289,0331,남부터미널,341,N,15:55:30,15:56:00,,3258,상행,2025-05-01T05:00:00,,평일
3호선,1958,대화,309,,20250619,3호선,0342,오금,352,N,3호선,3289,0330,교대,340,N,15:57:30,15:58:00,,3258,상행,2025-05-01T05:00:00,,평일
3호선,1958,대화,309,,20250619,3호선,0342,오금,352,N,3호선,3289,0329,고속터미널,339,N,16:00:00,16:00:30,,3258,상행,2025-05-01T05:00:00,,평일
3호선,1958,대화,309,,20250619,3호선,0342,오금,352,N,3호선,3289,0328,잠원,338,N,16:02:00,16:02:30,,3258,상행,2025-05-01T05:00:00,,평일
3호선,1958,대화,309,,20250619,3호선,0342,오금,352,N,3호선,3289,0327,신사,337,N,16:04:00,16:04:30,,3258,상행,2025-05-01T05:00:00,,평일
3호선,1958,대화,309,,20250619,3호선,0342,오금,352,N,3호선,3289,0326,압구정,336,N,16:06:30,16:07:00,,3258,상행,2025-05-01T05:00:00,,평일
3호선,1958,대화,309,,20250619,3호선,0342,오금,352,N,3호선,3289,0325,옥수,335,N,16:09:00,16:09:30,,3258,상행,2025-05-01T05:00:00,,평일
3호선,1958,대화,309,,20250619,3호선,0342,오금,352,N,3호선,3289,0324,금호,334,N,16:10:30,16:11:00,,3258,상행,2025-05-01T05:00:00,,평일
3호선,1958,대화,309,,20250619,3호선,0342,오금,352,N,3호선,3289,0323,약수,333,N,16:12:00,16:12:30,,3258,상행,2025-05-01T05:00:00,,평일
3호선,1958,대화,309,,20250619,3호선,0342,오금,352,N,3호선,3289,0322,동대입구,332,N,16:13:30,16:14:00,,3258,상행,2025-05-01T05:00:00,,평일
3호선,1958,대화,309,,20250619,3호선,0342,오금,352,N,3호선,3289,0321,충무로,331,N,16:15:30,16:16:00,,3258,상행,2025-05-01T05:00:00,,평일
3호선,1958,대화,309,,20250619,3호선,0342,오금,352,N,3호선,3289,0320,을지로3가,330,N,16:17:00,16:17:30,,3258,상행,2025-05-01T05:00:00,,평일
3호선,1958,대화,309,,20250619,3호선,0342,오금,352,N,3호선,3289,0319,종로3가,329,N,16:18:30,16:19:00,,3258,상행,2025-05-01T05:00:00,,평일
3호선,1958,대화,309,,20250619,3호선,0342,오금,352,N,3호선,3289,0318,안국,328,N,16:20:30,16:21:00,,3258,상행,2025-05-01T05:00:00,,평일
3호선,1958,대화,309,,20250619,3호선,0342,오금,352,N,3호선,3289,0317,경복궁,327,N,16:22:30,16:23:00,,3258,상행,2025-05-01T05:00:00,,평일
3호선,1958,대화,309,,20250619,3호선,0342,오금,352,N,3호선,3289,0316,독립문,326,N,16:25:00,16:25:30,,3258,상행,2025-05-01T05:00:00,,평일
3호선,1958,대화,309,,20250619,3호선,0342,오금,352,N,3호선,3289,0315,무악재,325,N,16:27:00,16:27:30,,3258,상행,2025-05-01T05:00:00,,평일
3호선,1958,대화,309,,20250619,3호선,0342,오금,352,N,3호선,3289,0314,홍제,324,N,16:29:00,16:29:30,,3258,상행,2025-05-01T05:00:00,,평일
3호선,1958,대화,309,,20250619,3호선,0342,오금,352,N,3호선,3289,0313,녹번,323,N,16:31:30,16:32:00,,3258,상행,2025-05-01T05:00:00,,평일
3호선,1958,대화,309,,20250619,3호선,0342,오금,352,N,3호선,3289,0312,불광,322,N,16:33:30,16:34:00,,3258,상행,2025-05-01T05:00:00,,평일
3호선,1958,대화,309,,20250619,3호선,0342,오금,352,N,3호선,3289,0311,연신내,321,N,16:35:30,16:36:00,,3258,상행,2025-05-01T05:00:00,,평일
3호선,1958,대화,309,,20250619,3호선,0342,오금,352,N,3호선,3289,0310,구파발,320,N,16:38:00,16:38:30,,3258,상행,2025-05-01T05:00:00,,평일
3호선,1958,대화,309,,20250619,3호선,0342,오금,352,N,3호선,3289,0309,지축,319,N,16:41:30,16:42:00,,3258,상행,2025-05-01T05:00:00,,평일
3호선,1958,대화,309,,20250619,3호선,0342,오금,352,N,3호선,3289,1950,삼송,318,N,16:44:30,16:45:00,,3258,상행,2025-05-01T05:00:00,,평일
3호선,1958,대화,309,,20250619,3호선,0342,오금,352,N,3호선,3289,1948,원흥,317,N,16:47:00,16:47:30,,3258,상행,2025-05-01T05:00:00,,평일
3호선,1958,대화,309,,20250619,3호선,0342,오금,352,N,3호선,3289,1951,원당,316,N,16:50:00,16:50:30,,3258,상행,2025-05-01T05:00:00,,평일
3호선,1958,대화,309,,20250619,3호선,0342,오금,352,N,3호선,3289,1952,화정,315,N,16:53:30,16:54:00,,3258,상행,2025-05-01T05:00:00,,평일
3호선,1958,대화,309,,20250619,3호선,0342,오금,352,N,3호선,3289,1953,대곡,314,N,16:56:30,16:57:00,,3258,상행,2025-05-01T05:00:00,,평일
3호선,1958,대화,309,,20250619,3호선,0342,오금,352,N,3호선,3289,1954,백석,313,N,17:00:00,17:00:30,,3258,상행,2025-05-01T05:00:00,,평일
3호선,1958,대화,309,,20250619,3호선,0342,오금,352,N,3호선,3289,1955,마두,312,N,17:02:30,17:03:00,,3258,상행,2025-05-01T05:00:00,,평일
3호선,1958,대화,309,,20250619,3호선,0342,오금,352,N,3호선,3289,1956,정발산,311,N,17:04:30,17:05:00,,3258,상행,2025-05-01T05:00:00,,평일
3호선,1958,대화,309,,20250619,3호선,0342,오금,352,N,3호선,3289,1957,주엽,310,N,17:07:00,17:07:30,,3258,상행,2025-05-01T05:00:00,,평일
3호선,1958,대화,309,,20250619,3호선,0342,오금,352,N,3호선,3289,1958,대화,309,N,17:09:30,,,3258,상행,2025-05-01T05:00:00,,평일
3호선,0310,구파발,320,,20250619,3호선,0342,오금,352,N,3호선,3259,0342,오금,352,N,,15:40:00,,3260,상행,2025-05-01T05:00:00,,평일
3호선,0310,구파발,320,,20250619,3호선,0342,오금,352,N,3호선,3259,0341,경찰병원,351,N,15:41:00,15:41:30,,3260,상행,2025-05-01T05:00:00,,평일
3호선,0310,구파발,320,,20250619,3호선,0342,오금,352,N,3호선,3259,0340,가락시장,350,N,15:42:30,15:43:00,,3260,상행,2025-05-01T05:00:00,,평일
3호선,0310,구파발,320,,20250619,3호선,0342,오금,352,N,3호선,3259,0339,수서,349,N,15:45:00,15:45:30,,3260,상행,2025-05-01T05:00:00,,평일
3호선,0310,구파발,320,,20250619,3호선,0342,오금,352,N,3호선,3259,0338,일원,348,N,15:47:30,15:48:00,,3260,상행,2025-05-01T05:00:00,,평일
3호선,0310,구파발,320,,20250619,3호선,0342,오금,352,N,3호선,3259,0337,대청,347,N,15:49:30,15:50:00,,3260,상행,2025-05-01T05:00:00,,평일
3호선,0310,구파발,320,,20250619,3호선,0342,오금,352,N,3호선,3259,0336,학여울,346,N,15:51:30,15:52:00,,3260,상행,2025-05-01T05:00:00,,평일
3호선,0310,구파발,320,,20250619,3호선,0342,오금,352,N,3호선,3259,0335,대치,345,N,15:53:00,15:53:30,,3260,상행,2025-05-01T05:00:00,,평일
3호선,0310,구파발,320,,20250619,3호선,0342,오금,352,N,3호선,3259,0334,도곡,344,N,15:54:30,15:55:00,,3260,상행,2025-05-01T05:00:00,,평일
3호선,0310,구파발,320,,20250619,3호선,0342,오금,352,N,3호선,3259,0333,매봉,343,N,15:56:30,15:57:00,,3260,상행,2025-05-01T05:00:00,,평일
3호선,0310,구파발,320,,20250619,3호선,0342,오금,352,N,3호선,3259,0332,양재,342,N,15:59:00,15:59:30,,3260,상행,2025-05-01T05:00:00,,평일
3호선,0310,구파발,320,,20250619,3호선,0342,오금,352,N,3호선,3259,0331,남부터미널,341,N,16:01:30,16:02:00,,3260,상행,2025-05-01T05:00:00,,평일
3호선,0310,구파발,320,,20250619,3호선,0342,오금,352,N,3호선,3259,0330,교대,340,N,16:03:30,16:04:00,,3260,상행,2025-05-01T05:00:00,,평일
3호선,0310,구파발,320,,20250619,3호선,0342,오금,352,N,3호선,3259,0329,고속터미널,339,N,16:06:00,16:06:30,,3260,상행,2025-05-01T05:00:00,,평일
3호선,0310,구파발,320,,20250619,3호선,0342,오금,352,N,3호선,3259,0328,잠원,338,N,16:08:00,16:08:30,,3260,상행,2025-05-01T05:00:00,,평일
3호선,0310,구파발,320,,20250619,3호선,0342,오금,352,N,3호선,3259,0327,신사,337,N,16:10:00,16:10:30,,3260,상행,2025-05-01T05:00:00,,평일
3호선,0310,구파발,320,,20250619,3호선,0342,오금,352,N,3호선,3259,0326,압구정,336,N,16:12:30,16:13:00,,3260,상행,2025-05-01T05:00:00,,평일
3호선,0310,구파발,320,,20250619,3호선,0342,오금,352,N,3호선,3259,0325,옥수,335,N,16:15:00,16:15:30,,3260,상행,2025-05-01T05:00:00,,평일
3호선,0310,구파발,320,,20250619,3호선,0342,오금,352,N,3호선,3259,0324,금호,334,N,16:16:30,16:17:00,,3260,상행,2025-05-01T05:00:00,,평일
3호선,0310,구파발,320,,20250619,3호선,0342,오금,352,N,3호선,3259,0323,약수,333,N,16:18:00,16:18:30,,3260,상행,2025-05-01T05:00:00,,평일
3호선,0310,구파발,320,,20250619,3호선,0342,오금,352,N,3호선,3259,0322,동대입구,332,N,16:19:30,16:20:00,,3260,상행,2025-05-01T05:00:00,,평일
3호선,0310,구파발,320,,20250619,3호선,0342,오금,352,N,3호선,3259,0321,충무로,331,N,16:21:30,16:22:00,,3260,상행,2025-05-01T05:00:00,,평일
3호선,0310,구파발,320,,20250619,3호선,0342,오금,352,N,3호선,3259,0320,을지로3가,330,N,16:23:00,16:23:30,,3260,상행,2025-05-01T05:00:00,,평일
3호선,0310,구파발,320,,20250619,3호선,0342,오금,352,N,3호선,3259,0319,종로3가,329,N,16:24:30,16:25:00,,3260,상행,2025-05-01T05:00:00,,평일
3호선,0310,구파발,320,,20250619,3호선,0342,오금,352,N,3호선,3259,0318,안국,328,N,16:26:30,16:27:00,,3260,상행,2025-05-01T05:00:00,,평일
3호선,0310,구파발,320,,20250619,3호선,0342,오금,352,N,3호선,3259,0317,경복궁,327,N,16:28:30,16:29:00,,3260,상행,2025-05-01T05:00:00,,평일
3호선,0310,구파발,320,,20250619,3호선,0342,오금,352,N,3호선,3259,0316,독립문,326,N,16:31:00,16:31:30,,3260,상행,2025-05-01T05:00:00,,평일
3호선,0310,구파발,320,,20250619,3호선,0342,오금,352,N,3호선,3259,0315,무악재,325,N,16:33:00,16:33:30,,3260,상행,2025-05-01T05:00:00,,평일
3호선,0310,구파발,320,,20250619,3호선,0342,오금,352,N,3호선,3259,0314,홍제,324,N,16:35:00,16:35:30,,3260,상행,2025-05-01T05:00:00,,평일
3호선,0310,구파발,320,,20250619,3호선,0342,오금,352,N,3호선,3259,0313,녹번,323,N,16:37:30,16:38:00,,3260,상행,2025-05-01T05:00:00,,평일
3호선,0310,구파발,320,,20250619,3호선,0342,오금,352,N,3호선,3259,0312,불광,322,N,16:39:30,16:40:00,,3260,상행,2025-05-01T05:00:00,,평일
3호선,0310,구파발,320,,20250619,3호선,0342,오금,352,N,3호선,3259,0311,연신내,321,N,16:41:30,16:42:00,,3260,상행,2025-05-01T05:00:00,,평일
3호선,0310,구파발,320,,20250619,3호선,0342,오금,352,N,3호선,3259,0310,구파발,320,N,16:44:00,,,3260,상행,2025-05-01T05:00:00,,평일
3호선,1958,대화,309,,20250619,3호선,0342,오금,352,N,3호선,3293,0342,오금,352,N,,15:46:00,,3262K,상행,2025-05-01T05:00:00,,평일
3호선,1958,대화,309,,20250619,3호선,0342,오금,352,N,3호선,3293,0341,경찰병원,351,N,15:47:00,15:47:30,,3262K,상행,2025-05-01T05:00:00,,평일
3호선,1958,대화,309,,20250619,3호선,0342,오금,352,N,3호선,3293,0340,가락시장,350,N,15:48:30,15:49:00,,3262K,상행,2025-05-01T05:00:00,,평일
3호선,1958,대화,309,,20250619,3호선,0342,오금,352,N,3호선,3293,0339,수서,349,N,15:51:00,15:51:30,,3262K,상행,2025-05-01T05:00:00,,평일
3호선,1958,대화,309,,20250619,3호선,0342,오금,352,N,3호선,3293,0338,일원,348,N,15:53:30,15:54:00,,3262K,상행,2025-05-01T05:00:00,,평일
3호선,1958,대화,309,,20250619,3호선,0342,오금,352,N,3호선,3293,0337,대청,347,N,15:55:30,15:56:00,,3262K,상행,2025-05-01T05:00:00,,평일
3호선,1958,대화,309,,20250619,3호선,0342,오금,352,N,3호선,3293,0336,학여울,346,N,15:57:30,15:58:00,,3262K,상행,2025-05-01T05:00:00,,평일
3호선,1958,대화,309,,20250619,3호선,0342,오금,352,N,3호선,3293,0335,대치,345,N,15:59:00,15:59:30,,3262K,상행,2025-05-01T05:00:00,,평일
3호선,1958,대화,309,,20250619,3호선,0342,오금,352,N,3호선,3293,0334,도곡,344,N,16:00:30,16:01:00,,3262K,상행,2025-05-01T05:00:00,,평일
3호선,1958,대화,309,,20250619,3호선,0342,오금,352,N,3호선,3293,0333,매봉,343,N,16:02:30,16:03:00,,3262K,상행,2025-05-01T05:00:00,,평일
3호선,1958,대화,309,,20250619,3호선,0342,오금,352,N,3호선,3293,0332,양재,342,N,16:05:00,16:05:30,,3262K,상행,2025-05-01T05:00:00,,평일
3호선,1958,대화,309,,20250619,3호선,0342,오금,352,N,3호선,3293,0331,남부터미널,341,N,16:07:30,16:08:00,,3262K,상행,2025-05-01T05:00:00,,평일
3호선,1958,대화,309,,20250619,3호선,0342,오금,352,N,3호선,3293,0330,교대,340,N,16:09:30,16:10:00,,3262K,상행,2025-05-01T05:00:00,,평일
3호선,1958,대화,309,,20250619,3호선,0342,오금,352,N,3호선,3293,0329,고속터미널,339,N,16:12:00,16:12:30,,3262K,상행,2025-05-01T05:00:00,,평일
3호선,1958,대화,309,,20250619,3호선,0342,오금,352,N,3호선,3293,0328,잠원,338,N,16:14:00,16:14:30,,3262K,상행,2025-05-01T05:00:00,,평일
3호선,1958,대화,309,,20250619,3호선,0342,오금,352,N,3호선,3293,0327,신사,337,N,16:16:00,16:16:30,,3262K,상행,2025-05-01T05:00:00,,평일
3호선,1958,대화,309,,20250619,3호선,0342,오금,352,N,3호선,3293,0326,압구정,336,N,16:18:30,16:19:00,,3262K,상행,2025-05-01T05:00:00,,평일
3호선,1958,대화,309,,20250619,3호선,0342,오금,352,N,3호선,3293,0325,옥수,335,N,16:21:00,16:21:30,,3262K,상행,2025-05-01T05:00:00,,평일
3호선,1958,대화,309,,20250619,3호선,0342,오금,352,N,3호선,3293,0324,금호,334,N,16:22:30,16:23:00,,3262K,상행,2025-05-01T05:00:00,,평일
3호선,1958,대화,309,,20250619,3호선,0342,오금,352,N,3호선,3293,0323,약수,333,N,16:24:00,16:24:30,,3262K,상행,2025-05-01T05:00:00,,평일
3호선,1958,대화,309,,20250619,3호선,0342,오금,352,N,3호선,3293,0322,동대입구,332,N,16:25:30,16:26:00,,3262K,상행,2025-05-01T05:00:00,,평일
3호선,1958,대화,309,,20250619,3호선,0342,오금,352,N,3호선,3293,0321,충무로,331,N,16:27:30,16:28:00,,3262K,상행,2025-05-01T05:00:00,,평일
3호선,1958,대화,309,,20250619,3호선,0342,오금,352,N,3호선,3293,0320,을지로3가,330,N,16:29:00,16:29:30,,3262K,상행,2025-05-01T05:00:00,,평일
3호선,1958,대화,309,,20250619,3호선,0342,오금,352,N,3호선,3293,0319,종로3가,329,N,16:30:30,16:31:00,,3262K,상행,2025-05-01T05:00:00,,평일
3호선,1958,대화,309,,20250619,3호선,0342,오금,352,N,3호선,3293,0318,안국,328,N,16:32:30,16:33:00,,3262K,상행,2025-05-01T05:00:00,,평일
3호선,1958,대화,309,,20250619,3호선,0342,오금,352,N,3호선,3293,0317,경복궁,327,N,16:34:30,16:35:00,,3262K,상행,2025-05-01T05:00:00,,평일
3호선,1958,대화,309,,20250619,3호선,0342,오금,352,N,3호선,3293,0316,독립문,326,N,16:37:00,16:37:30,,3262K,상행,2025-05-01T05:00:00,,평일
3호선,1958,대화,309,,20250619,3호선,0342,오금,352,N,3호선,3293,0315,무악재,325,N,16:39:00,16:39:30,,3262K,상행,2025-05-01T05:00:00,,평일
3호선,1958,대화,309,,20250619,3호선,0342,오금,352,N,3호선,3293,0314,홍제,324,N,16:41:00,16:41:30,,3262K,상행,2025-05-01T05:00:00,,평일
3호선,1958,대화,309,,20250619,3호선,0342,오금,352,N,3호선,3293,0313,녹번,323,N,16:43:30,16:44:00,,3262K,상행,2025-05-01T05:00:00,,평일
3호선,1958,대화,309,,20250619,3호선,0342,오금,352,N,3호선,3293,0312,불광,322,N,16:45:30,16:46:00,,3262K,상행,2025-05-01T05:00:00,,평일
3호선,1958,대화,309,,20250619,3호선,0342,오금,352,N,3호선,3293,0311,연신내,321,N,16:47:30,16:48:00,,3262K,상행,2025-05-01T05:00:00,,평일
3호선,1958,대화,309,,20250619,3호선,0342,오금,352,N,3호선,3293,0310,구파발,320,N,16:50:00,16:50:30,,3262K,상행,2025-05-01T05:00:00,,평일
3호선,1958,대화,309,,20250619,3호선,0342,오금,352,N,3호선,3293,0309,지축,319,N,16:53:30,16:54:00,,3262K,상행,2025-05-01T05:00:00,,평일
3호선,1958,대화,309,,20250619,3호선,0342,오금,352,N,3호선,3293,1950,삼송,318,N,16:56:30,16:57:00,,3262K,상행,2025-05-01T05:00:00,,평일
3호선,1958,대화,309,,20250619,3호선,0342,오금,352,N,3호선,3293,1948,원흥,317,N,16:59:00,16:59:30,,3262K,상행,2025-05-01T05:00:00,,평일
3호선,1958,대화,309,,20250619,3호선,0342,오금,352,N,3호선,3293,1951,원당,316,N,17:02:00,17:02:30,,3262K,상행,2025-05-01T05:00:00,,평일
3호선,1958,대화,309,,20250619,3호선,0342,오금,352,N,3호선,3293,1952,화정,315,N,17:05:30,17:06:00,,3262K,상행,2025-05-01T05:00:00,,평일
3호선,1958,대화,309,,20250619,3호선,0342,오금,352,N,3호선,3293,1953,대곡,314,N,17:08:30,17:09:00,,3262K,상행,2025-05-01T05:00:00,,평일
3호선,1958,대화,309,,20250619,3호선,0342,오금,352,N,3호선,3293,1954,백석,313,N,17:12:00,17:12:30,,3262K,상행,2025-05-01T05:00:00,,평일
3호선,1958,대화,309,,20250619,3호선,0342,오금,352,N,3호선,3293,1955,마두,312,N,17:14:30,17:15:00,,3262K,상행,2025-05-01T05:00:00,,평일
3호선,1958,대화,309,,20250619,3호선,0342,오금,352,N,3호선,3293,1956,정발산,311,N,17:16:30,17:17:00,,3262K,상행,2025-05-01T05:00:00,,평일
3호선,1958,대화,309,,20250619,3호선,0342,오금,352,N,3호선,3293,1957,주엽,310,N,17:19:00,17:19:30,,3262K,상행,2025-05-01T05:00:00,,평일
3호선,1958,대화,309,,20250619,3호선,0342,오금,352,N,3호선,3293,1958,대화,309,N,17:21:30,,,3262K,상행,2025-05-01T05:00:00,,평일
3호선,0310,구파발,320,,20250619,3호선,0342,오금,352,N,3호선,3265,0342,오금,352,N,,15:52:00,,3264,상행,2025-05-01T05:00:00,,평일
3호선,0310,구파발,320,,20250619,3호선,0342,오금,352,N,3호선,3265,0341,경찰병원,351,N,15:53:00,15:53:30,,3264,상행,2025-05-01T05:00:00,,평일
3호선,0310,구파발,320,,20250619,3호선,0342,오금,352,N,3호선,3265,0340,가락시장,350,N,15:54:30,15:55:00,,3264,상행,2025-05-01T05:00:00,,평일
3호선,0310,구파발,320,,20250619,3호선,0342,오금,352,N,3호선,3265,0339,수서,349,N,15:57:00,15:57:30,,3264,상행,2025-05-01T05:00:00,,평일
3호선,0310,구파발,320,,20250619,3호선,0342,오금,352,N,3호선,3265,0338,일원,348,N,15:59:30,16:00:00,,3264,상행,2025-05-01T05:00:00,,평일
3호선,0310,구파발,320,,20250619,3호선,0342,오금,352,N,3호선,3265,0337,대청,347,N,16:01:30,16:02:00,,3264,상행,2025-05-01T05:00:00,,평일
3호선,0310,구파발,320,,20250619,3호선,0342,오금,352,N,3호선,3265,0336,학여울,346,N,16:03:30,16:04:00,,3264,상행,2025-05-01T05:00:00,,평일
3호선,0310,구파발,320,,20250619,3호선,0342,오금,352,N,3호선,3265,0335,대치,345,N,16:05:00,16:05:30,,3264,상행,2025-05-01T05:00:00,,평일
3호선,0310,구파발,320,,20250619,3호선,0342,오금,352,N,3호선,3265,0334,도곡,344,N,16:06:30,16:07:00,,3264,상행,2025-05-01T05:00:00,,평일
3호선,0310,구파발,320,,20250619,3호선,0342,오금,352,N,3호선,3265,0333,매봉,343,N,16:08:30,16:09:00,,3264,상행,2025-05-01T05:00:00,,평일
3호선,0310,구파발,320,,20250619,3호선,0342,오금,352,N,3호선,3265,0332,양재,342,N,16:11:00,16:11:30,,3264,상행,2025-05-01T05:00:00,,평일
3호선,0310,구파발,320,,20250619,3호선,0342,오금,352,N,3호선,3265,0331,남부터미널,341,N,16:13:30,16:14:00,,3264,상행,2025-05-01T05:00:00,,평일
3호선,0310,구파발,320,,20250619,3호선,0342,오금,352,N,3호선,3265,0330,교대,340,N,16:15:30,16:16:00,,3264,상행,2025-05-01T05:00:00,,평일
3호선,0310,구파발,320,,20250619,3호선,0342,오금,352,N,3호선,3265,0329,고속터미널,339,N,16:18:00,16:18:30,,3264,상행,2025-05-01T05:00:00,,평일
3호선,0310,구파발,320,,20250619,3호선,0342,오금,352,N,3호선,3265,0328,잠원,338,N,16:20:00,16:20:30,,3264,상행,2025-05-01T05:00:00,,평일
3호선,0310,구파발,320,,20250619,3호선,0342,오금,352,N,3호선,3265,0327,신사,337,N,16:22:00,16:22:30,,3264,상행,2025-05-01T05:00:00,,평일
3호선,0310,구파발,320,,20250619,3호선,0342,오금,352,N,3호선,3265,0326,압구정,336,N,16:24:30,16:25:00,,3264,상행,2025-05-01T05:00:00,,평일
3호선,0310,구파발,320,,20250619,3호선,0342,오금,352,N,3호선,3265,0325,옥수,335,N,16:27:00,16:27:30,,3264,상행,2025-05-01T05:00:00,,평일
3호선,0310,구파발,320,,20250619,3호선,0342,오금,352,N,3호선,3265,0324,금호,334,N,16:28:30,16:29:00,,3264,상행,2025-05-01T05:00:00,,평일
3호선,0310,구파발,320,,20250619,3호선,0342,오금,352,N,3호선,3265,0323,약수,333,N,16:30:00,16:30:30,,3264,상행,2025-05-01T05:00:00,,평일
3호선,0310,구파발,320,,20250619,3호선,0342,오금,352,N,3호선,3265,0322,동대입구,332,N,16:31:30,16:32:00,,3264,상행,2025-05-01T05:00:00,,평일
3호선,0310,구파발,320,,20250619,3호선,0342,오금,352,N,3호선,3265,0321,충무로,331,N,16:33:30,16:34:00,,3264,상행,2025-05-01T05:00:00,,평일
3호선,0310,구파발,320,,20250619,3호선,0342,오금,352,N,3호선,3265,0320,을지로3가,330,N,16:35:00,16:35:30,,3264,상행,2025-05-01T05:00:00,,평일
3호선,0310,구파발,320,,20250619,3호선,0342,오금,352,N,3호선,3265,0319,종로3가,329,N,16:36:30,16:37:00,,3264,상행,2025-05-01T05:00:00,,평일
3호선,0310,구파발,320,,20250619,3호선,0342,오금,352,N,3호선,3265,0318,안국,328,N,16:38:30,16:39:00,,3264,상행,2025-05-01T05:00:00,,평일
3호선,0310,구파발,320,,20250619,3호선,0342,오금,352,N,3호선,3265,0317,경복궁,327,N,16:40:30,16:41:00,,3264,상행,2025-05-01T05:00:00,,평일
3호선,0310,구파발,320,,20250619,3호선,0342,오금,352,N,3호선,3265,0316,독립문,326,N,16:43:00,16:43:30,,3264,상행,2025-05-01T05:00:00,,평일
3호선,0310,구파발,320,,20250619,3호선,0342,오금,352,N,3호선,3265,0315,무악재,325,N,16:45:00,16:45:30,,3264,상행,2025-05-01T05:00:00,,평일
3호선,0310,구파발,320,,20250619,3호선,0342,오금,352,N,3호선,3265,0314,홍제,324,N,16:47:00,16:47:30,,3264,상행,2025-05-01T05:00:00,,평일
3호선,0310,구파발,320,,20250619,3호선,0342,오금,352,N,3호선,3265,0313,녹번,323,N,16:49:30,16:50:00,,3264,상행,2025-05-01T05:00:00,,평일
3호선,0310,구파발,320,,20250619,3호선,0342,오금,352,N,3호선,3265,0312,불광,322,N,16:51:30,16:52:00,,3264,상행,2025-05-01T05:00:00,,평일
3호선,0310,구파발,320,,20250619,3호선,0342,오금,352,N,3호선,3265,0311,연신내,321,N,16:53:30,16:54:00,,3264,상행,2025-05-01T05:00:00,,평일
3호선,0310,구파발,320,,20250619,3호선,0342,오금,352,N,3호선,3265,0310,구파발,320,N,16:56:00,,,3264,상행,2025-05-01T05:00:00,,평일
3호선,1958,대화,309,,20250619,3호선,0342,오금,352,N,3호선,3297,0342,오금,352,N,,15:58:00,,3266K,상행,2025-05-01T05:00:00,,평일
3호선,1958,대화,309,,20250619,3호선,0342,오금,352,N,3호선,3297,0341,경찰병원,351,N,15:59:00,15:59:30,,3266K,상행,2025-05-01T05:00:00,,평일
3호선,1958,대화,309,,20250619,3호선,0342,오금,352,N,3호선,3297,0340,가락시장,350,N,16:00:30,16:01:00,,3266K,상행,2025-05-01T05:00:00,,평일
3호선,1958,대화,309,,20250619,3호선,0342,오금,352,N,3호선,3297,0339,수서,349,N,16:03:00,16:03:30,,3266K,상행,2025-05-01T05:00:00,,평일
3호선,1958,대화,309,,20250619,3호선,0342,오금,352,N,3호선,3297,0338,일원,348,N,16:05:30,16:06:00,,3266K,상행,2025-05-01T05:00:00,,평일
3호선,1958,대화,309,,20250619,3호선,0342,오금,352,N,3호선,3297,0337,대청,347,N,16:07:30,16:08:00,,3266K,상행,2025-05-01T05:00:00,,평일
3호선,1958,대화,309,,20250619,3호선,0342,오금,352,N,3호선,3297,0336,학여울,346,N,16:09:30,16:10:00,,3266K,상행,2025-05-01T05:00:00,,평일
3호선,1958,대화,309,,20250619,3호선,0342,오금,352,N,3호선,3297,0335,대치,345,N,16:11:00,16:11:30,,3266K,상행,2025-05-01T05:00:00,,평일
3호선,1958,대화,309,,20250619,3호선,0342,오금,352,N,3호선,3297,0334,도곡,344,N,16:12:30,16:13:00,,3266K,상행,2025-05-01T05:00:00,,평일
3호선,1958,대화,309,,20250619,3호선,0342,오금,352,N,3호선,3297,0333,매봉,343,N,16:14:30,16:15:00,,3266K,상행,2025-05-01T05:00:00,,평일
3호선,1958,대화,309,,20250619,3호선,0342,오금,352,N,3호선,3297,0332,양재,342,N,16:17:00,16:17:30,,3266K,상행,2025-05-01T05:00:00,,평일
3호선,1958,대화,309,,20250619,3호선,0342,오금,352,N,3호선,3297,0331,남부터미널,341,N,16:19:30,16:20:00,,3266K,상행,2025-05-01T05:00:00,,평일
3호선,1958,대화,309,,20250619,3호선,0342,오금,352,N,3호선,3297,0330,교대,340,N,16:21:30,16:22:00,,3266K,상행,2025-05-01T05:00:00,,평일
3호선,1958,대화,309,,20250619,3호선,0342,오금,352,N,3호선,3297,0329,고속터미널,339,N,16:24:00,16:24:30,,3266K,상행,2025-05-01T05:00:00,,평일
3호선,1958,대화,309,,20250619,3호선,0342,오금,352,N,3호선,3297,0328,잠원,338,N,16:26:00,16:26:30,,3266K,상행,2025-05-01T05:00:00,,평일
3호선,1958,대화,309,,20250619,3호선,0342,오금,352,N,3호선,3297,0327,신사,337,N,16:28:00,16:28:30,,3266K,상행,2025-05-01T05:00:00,,평일
3호선,1958,대화,309,,20250619,3호선,0342,오금,352,N,3호선,3297,0326,압구정,336,N,16:30:30,16:31:00,,3266K,상행,2025-05-01T05:00:00,,평일
3호선,1958,대화,309,,20250619,3호선,0342,오금,352,N,3호선,3297,0325,옥수,335,N,16:33:00,16:33:30,,3266K,상행,2025-05-01T05:00:00,,평일
3호선,1958,대화,309,,20250619,3호선,0342,오금,352,N,3호선,3297,0324,금호,334,N,16:34:30,16:35:00,,3266K,상행,2025-05-01T05:00:00,,평일
3호선,1958,대화,309,,20250619,3호선,0342,오금,352,N,3호선,3297,0323,약수,333,N,16:36:00,16:36:30,,3266K,상행,2025-05-01T05:00:00,,평일
3호선,1958,대화,309,,20250619,3호선,0342,오금,352,N,3호선,3297,0322,동대입구,332,N,16:37:30,16:38:00,,3266K,상행,2025-05-01T05:00:00,,평일
3호선,1958,대화,309,,20250619,3호선,0342,오금,352,N,3호선,3297,0321,충무로,331,N,16:39:30,16:40:00,,3266K,상행,2025-05-01T05:00:00,,평일
3호선,1958,대화,309,,20250619,3호선,0342,오금,352,N,3호선,3297,0320,을지로3가,330,N,16:41:00,16:41:30,,3266K,상행,2025-05-01T05:00:00,,평일
3호선,1958,대화,309,,20250619,3호선,0342,오금,352,N,3호선,3297,0319,종로3가,329,N,16:42:30,16:43:00,,3266K,상행,2025-05-01T05:00:00,,평일
3호선,1958,대화,309,,20250619,3호선,0342,오금,352,N,3호선,3297,0318,안국,328,N,16:44:30,16:45:00,,3266K,상행,2025-05-01T05:00:00,,평일
3호선,1958,대화,309,,20250619,3호선,0342,오금,352,N,3호선,3297,0317,경복궁,327,N,16:46:30,16:47:00,,3266K,상행,2025-05-01T05:00:00,,평일
3호선,1958,대화,309,,20250619,3호선,0342,오금,352,N,3호선,3297,0316,독립문,326,N,16:49:00,16:49:30,,3266K,상행,2025-05-01T05:00:00,,평일
3호선,1958,대화,309,,20250619,3호선,0342,오금,352,N,3호선,3297,0315,무악재,325,N,16:51:00,16:51:30,,3266K,상행,2025-05-01T05:00:00,,평일
3호선,1958,대화,309,,20250619,3호선,0342,오금,352,N,3호선,3297,0314,홍제,324,N,16:53:00,16:53:30,,3266K,상행,2025-05-01T05:00:00,,평일
3호선,1958,대화,309,,20250619,3호선,0342,오금,352,N,3호선,3297,0313,녹번,323,N,16:55:30,16:56:00,,3266K,상행,2025-05-01T05:00:00,,평일
3호선,1958,대화,309,,20250619,3호선,0342,오금,352,N,3호선,3297,0312,불광,322,N,16:57:30,16:58:00,,3266K,상행,2025-05-01T05:00:00,,평일
3호선,1958,대화,309,,20250619,3호선,0342,오금,352,N,3호선,3297,0311,연신내,321,N,16:59:30,17:00:00,,3266K,상행,2025-05-01T05:00:00,,평일
3호선,1958,대화,309,,20250619,3호선,0342,오금,352,N,3호선,3297,0310,구파발,320,N,17:02:00,17:02:30,,3266K,상행,2025-05-01T05:00:00,,평일
3호선,1958,대화,309,,20250619,3호선,0342,오금,352,N,3호선,3297,0309,지축,319,N,17:05:30,17:06:00,,3266K,상행,2025-05-01T05:00:00,,평일
3호선,1958,대화,309,,20250619,3호선,0342,오금,352,N,3호선,3297,1950,삼송,318,N,17:08:30,17:09:00,,3266K,상행,2025-05-01T05:00:00,,평일
3호선,1958,대화,309,,20250619,3호선,0342,오금,352,N,3호선,3297,1948,원흥,317,N,17:11:00,17:11:30,,3266K,상행,2025-05-01T05:00:00,,평일
3호선,1958,대화,309,,20250619,3호선,0342,오금,352,N,3호선,3297,1951,원당,316,N,17:14:00,17:14:30,,3266K,상행,2025-05-01T05:00:00,,평일
3호선,1958,대화,309,,20250619,3호선,0342,오금,352,N,3호선,3297,1952,화정,315,N,17:17:30,17:18:00,,3266K,상행,2025-05-01T05:00:00,,평일
3호선,1958,대화,309,,20250619,3호선,0342,오금,352,N,3호선,3297,1953,대곡,314,N,17:20:30,17:21:00,,3266K,상행,2025-05-01T05:00:00,,평일
3호선,1958,대화,309,,20250619,3호선,0342,오금,352,N,3호선,3297,1954,백석,313,N,17:24:00,17:24:30,,3266K,상행,2025-05-01T05:00:00,,평일
3호선,1958,대화,309,,20250619,3호선,0342,오금,352,N,3호선,3297,1955,마두,312,N,17:26:30,17:27:00,,3266K,상행,2025-05-01T05:00:00,,평일
3호선,1958,대화,309,,20250619,3호선,0342,오금,352,N,3호선,3297,1956,정발산,311,N,17:28:30,17:29:00,,3266K,상행,2025-05-01T05:00:00,,평일
3호선,1958,대화,309,,20250619,3호선,0342,오금,352,N,3호선,3297,1957,주엽,310,N,17:31:00,17:31:30,,3266K,상행,2025-05-01T05:00:00,,평일
3호선,1958,대화,309,,20250619,3호선,0342,오금,352,N,3호선,3297,1958,대화,309,N,17:33:30,,,3266K,상행,2025-05-01T05:00:00,,평일
3호선,1958,대화,309,,20250619,3호선,0342,오금,352,N,3호선,3301,0342,오금,352,N,,16:04:00,,3268K,상행,2025-05-01T05:00:00,,평일
3호선,1958,대화,309,,20250619,3호선,0342,오금,352,N,3호선,3301,0341,경찰병원,351,N,16:05:00,16:05:30,,3268K,상행,2025-05-01T05:00:00,,평일
3호선,1958,대화,309,,20250619,3호선,0342,오금,352,N,3호선,3301,0340,가락시장,350,N,16:06:30,16:07:00,,3268K,상행,2025-05-01T05:00:00,,평일
3호선,1958,대화,309,,20250619,3호선,0342,오금,352,N,3호선,3301,0339,수서,349,N,16:09:00,16:09:30,,3268K,상행,2025-05-01T05:00:00,,평일
3호선,1958,대화,309,,20250619,3호선,0342,오금,352,N,3호선,3301,0338,일원,348,N,16:11:30,16:12:00,,3268K,상행,2025-05-01T05:00:00,,평일
3호선,1958,대화,309,,20250619,3호선,0342,오금,352,N,3호선,3301,0337,대청,347,N,16:13:30,16:14:00,,3268K,상행,2025-05-01T05:00:00,,평일
3호선,1958,대화,309,,20250619,3호선,0342,오금,352,N,3호선,3301,0336,학여울,346,N,16:15:30,16:16:00,,3268K,상행,2025-05-01T05:00:00,,평일
3호선,1958,대화,309,,20250619,3호선,0342,오금,352,N,3호선,3301,0335,대치,345,N,16:17:00,16:17:30,,3268K,상행,2025-05-01T05:00:00,,평일
3호선,1958,대화,309,,20250619,3호선,0342,오금,352,N,3호선,3301,0334,도곡,344,N,16:18:30,16:19:00,,3268K,상행,2025-05-01T05:00:00,,평일
3호선,1958,대화,309,,20250619,3호선,0342,오금,352,N,3호선,3301,0333,매봉,343,N,16:20:30,16:21:00,,3268K,상행,2025-05-01T05:00:00,,평일
3호선,1958,대화,309,,20250619,3호선,0342,오금,352,N,3호선,3301,0332,양재,342,N,16:23:00,16:23:30,,3268K,상행,2025-05-01T05:00:00,,평일
3호선,1958,대화,309,,20250619,3호선,0342,오금,352,N,3호선,3301,0331,남부터미널,341,N,16:25:30,16:26:00,,3268K,상행,2025-05-01T05:00:00,,평일
3호선,1958,대화,309,,20250619,3호선,0342,오금,352,N,3호선,3301,0330,교대,340,N,16:27:30,16:28:00,,3268K,상행,2025-05-01T05:00:00,,평일
3호선,1958,대화,309,,20250619,3호선,0342,오금,352,N,3호선,3301,0329,고속터미널,339,N,16:30:00,16:30:30,,3268K,상행,2025-05-01T05:00:00,,평일
3호선,1958,대화,309,,20250619,3호선,0342,오금,352,N,3호선,3301,0328,잠원,338,N,16:32:00,16:32:30,,3268K,상행,2025-05-01T05:00:00,,평일
3호선,1958,대화,309,,20250619,3호선,0342,오금,352,N,3호선,3301,0327,신사,337,N,16:34:00,16:34:30,,3268K,상행,2025-05-01T05:00:00,,평일
3호선,1958,대화,309,,20250619,3호선,0342,오금,352,N,3호선,3301,0326,압구정,336,N,16:36:30,16:37:00,,3268K,상행,2025-05-01T05:00:00,,평일
3호선,1958,대화,309,,20250619,3호선,0342,오금,352,N,3호선,3301,0325,옥수,335,N,16:39:00,16:39:30,,3268K,상행,2025-05-01T05:00:00,,평일
3호선,1958,대화,309,,20250619,3호선,0342,오금,352,N,3호선,3301,0324,금호,334,N,16:40:30,16:41:00,,3268K,상행,2025-05-01T05:00:00,,평일
3호선,1958,대화,309,,20250619,3호선,0342,오금,352,N,3호선,3301,0323,약수,333,N,16:42:00,16:42:30,,3268K,상행,2025-05-01T05:00:00,,평일
3호선,1958,대화,309,,20250619,3호선,0342,오금,352,N,3호선,3301,0322,동대입구,332,N,16:43:30,16:44:00,,3268K,상행,2025-05-01T05:00:00,,평일
3호선,1958,대화,309,,20250619,3호선,0342,오금,352,N,3호선,3301,0321,충무로,331,N,16:45:30,16:46:00,,3268K,상행,2025-05-01T05:00:00,,평일
3호선,1958,대화,309,,20250619,3호선,0342,오금,352,N,3호선,3301,0320,을지로3가,330,N,16:47:00,16:47:30,,3268K,상행,2025-05-01T05:00:00,,평일
3호선,1958,대화,309,,20250619,3호선,0342,오금,352,N,3호선,3301,0319,종로3가,329,N,16:48:30,16:49:00,,3268K,상행,2025-05-01T05:00:00,,평일
3호선,1958,대화,309,,20250619,3호선,0342,오금,352,N,3호선,3301,0318,안국,328,N,16:50:30,16:51:00,,3268K,상행,2025-05-01T05:00:00,,평일
3호선,1958,대화,309,,20250619,3호선,0342,오금,352,N,3호선,3301,0317,경복궁,327,N,16:52:30,16:53:00,,3268K,상행,2025-05-01T05:00:00,,평일
3호선,1958,대화,309,,20250619,3호선,0342,오금,352,N,3호선,3301,0316,독립문,326,N,16:55:00,16:55:30,,3268K,상행,2025-05-01T05:00:00,,평일
3호선,1958,대화,309,,20250619,3호선,0342,오금,352,N,3호선,3301,0315,무악재,325,N,16:57:00,16:57:30,,3268K,상행,2025-05-01T05:00:00,,평일
3호선,1958,대화,309,,20250619,3호선,0342,오금,352,N,3호선,3301,0314,홍제,324,N,16:59:00,16:59:30,,3268K,상행,2025-05-01T05:00:00,,평일
3호선,1958,대화,309,,20250619,3호선,0342,오금,352,N,3호선,3301,0313,녹번,323,N,17:01:30,17:02:00,,3268K,상행,2025-05-01T05:00:00,,평일
3호선,1958,대화,309,,20250619,3호선,0342,오금,352,N,3호선,3301,0312,불광,322,N,17:03:30,17:04:00,,3268K,상행,2025-05-01T05:00:00,,평일
3호선,1958,대화,309,,20250619,3호선,0342,오금,352,N,3호선,3301,0311,연신내,321,N,17:05:30,17:06:00,,3268K,상행,2025-05-01T05:00:00,,평일
3호선,1958,대화,309,,20250619,3호선,0342,오금,352,N,3호선,3301,0310,구파발,320,N,17:08:00,17:08:30,,3268K,상행,2025-05-01T05:00:00,,평일
3호선,1958,대화,309,,20250619,3호선,0342,오금,352,N,3호선,3301,0309,지축,319,N,17:11:30,17:12:00,,3268K,상행,2025-05-01T05:00:00,,평일
3호선,1958,대화,309,,20250619,3호선,0342,오금,352,N,3호선,3301,1950,삼송,318,N,17:14:30,17:15:00,,3268K,상행,2025-05-01T05:00:00,,평일
3호선,1958,대화,309,,20250619,3호선,0342,오금,352,N,3호선,3301,1948,원흥,317,N,17:17:00,17:17:30,,3268K,상행,2025-05-01T05:00:00,,평일
3호선,1958,대화,309,,20250619,3호선,0342,오금,352,N,3호선,3301,1951,원당,316,N,17:20:00,17:20:30,,3268K,상행,2025-05-01T05:00:00,,평일
3호선,1958,대화,309,,20250619,3호선,0342,오금,352,N,3호선,3301,1952,화정,315,N,17:23:30,17:24:00,,3268K,상행,2025-05-01T05:00:00,,평일
3호선,1958,대화,309,,20250619,3호선,0342,오금,352,N,3호선,3301,1953,대곡,314,N,17:26:30,17:27:00,,3268K,상행,2025-05-01T05:00:00,,평일
3호선,1958,대화,309,,20250619,3호선,0342,오금,352,N,3호선,3301,1954,백석,313,N,17:30:00,17:30:30,,3268K,상행,2025-05-01T05:00:00,,평일
3호선,1958,대화,309,,20250619,3호선,0342,오금,352,N,3호선,3301,1955,마두,312,N,17:32:30,17:33:00,,3268K,상행,2025-05-01T05:00:00,,평일
3호선,1958,대화,309,,20250619,3호선,0342,오금,352,N,3호선,3301,1956,정발산,311,N,17:34:30,17:35:00,,3268K,상행,2025-05-01T05:00:00,,평일
3호선,1958,대화,309,,20250619,3호선,0342,오금,352,N,3호선,3301,1957,주엽,310,N,17:37:00,17:37:30,,3268K,상행,2025-05-01T05:00:00,,평일
3호선,1958,대화,309,,20250619,3호선,0342,오금,352,N,3호선,3301,1958,대화,309,N,17:39:30,,,3268K,상행,2025-05-01T05:00:00,,평일
3호선,1958,대화,309,,20250619,3호선,0342,오금,352,N,3호선,3305,0342,오금,352,N,,16:10:00,,3270K,상행,2025-05-01T05:00:00,,평일
3호선,1958,대화,309,,20250619,3호선,0342,오금,352,N,3호선,3305,0341,경찰병원,351,N,16:11:00,16:11:30,,3270K,상행,2025-05-01T05:00:00,,평일
3호선,1958,대화,309,,20250619,3호선,0342,오금,352,N,3호선,3305,0340,가락시장,350,N,16:12:30,16:13:00,,3270K,상행,2025-05-01T05:00:00,,평일
3호선,1958,대화,309,,20250619,3호선,0342,오금,352,N,3호선,3305,0339,수서,349,N,16:15:00,16:15:30,,3270K,상행,2025-05-01T05:00:00,,평일
3호선,1958,대화,309,,20250619,3호선,0342,오금,352,N,3호선,3305,0338,일원,348,N,16:17:30,16:18:00,,3270K,상행,2025-05-01T05:00:00,,평일
3호선,1958,대화,309,,20250619,3호선,0342,오금,352,N,3호선,3305,0337,대청,347,N,16:19:30,16:20:00,,3270K,상행,2025-05-01T05:00:00,,평일
3호선,1958,대화,309,,20250619,3호선,0342,오금,352,N,3호선,3305,0336,학여울,346,N,16:21:30,16:22:00,,3270K,상행,2025-05-01T05:00:00,,평일
3호선,1958,대화,309,,20250619,3호선,0342,오금,352,N,3호선,3305,0335,대치,345,N,16:23:00,16:23:30,,3270K,상행,2025-05-01T05:00:00,,평일
3호선,1958,대화,309,,20250619,3호선,0342,오금,352,N,3호선,3305,0334,도곡,344,N,16:24:30,16:25:00,,3270K,상행,2025-05-01T05:00:00,,평일
3호선,1958,대화,309,,20250619,3호선,0342,오금,352,N,3호선,3305,0333,매봉,343,N,16:26:30,16:27:00,,3270K,상행,2025-05-01T05:00:00,,평일
3호선,1958,대화,309,,20250619,3호선,0342,오금,352,N,3호선,3305,0332,양재,342,N,16:29:00,16:29:30,,3270K,상행,2025-05-01T05:00:00,,평일
3호선,1958,대화,309,,20250619,3호선,0342,오금,352,N,3호선,3305,0331,남부터미널,341,N,16:31:30,16:32:00,,3270K,상행,2025-05-01T05:00:00,,평일
3호선,1958,대화,309,,20250619,3호선,0342,오금,352,N,3호선,3305,0330,교대,340,N,16:33:30,16:34:00,,3270K,상행,2025-05-01T05:00:00,,평일
3호선,1958,대화,309,,20250619,3호선,0342,오금,352,N,3호선,3305,0329,고속터미널,339,N,16:36:00,16:36:30,,3270K,상행,2025-05-01T05:00:00,,평일
3호선,1958,대화,309,,20250619,3호선,0342,오금,352,N,3호선,3305,0328,잠원,338,N,16:38:00,16:38:30,,3270K,상행,2025-05-01T05:00:00,,평일
3호선,1958,대화,309,,20250619,3호선,0342,오금,352,N,3호선,3305,0327,신사,337,N,16:40:00,16:40:30,,3270K,상행,2025-05-01T05:00:00,,평일
3호선,1958,대화,309,,20250619,3호선,0342,오금,352,N,3호선,3305,0326,압구정,336,N,16:42:30,16:43:00,,3270K,상행,2025-05-01T05:00:00,,평일
3호선,1958,대화,309,,20250619,3호선,0342,오금,352,N,3호선,3305,0325,옥수,335,N,16:45:00,16:45:30,,3270K,상행,2025-05-01T05:00:00,,평일
3호선,1958,대화,309,,20250619,3호선,0342,오금,352,N,3호선,3305,0324,금호,334,N,16:46:30,16:47:00,,3270K,상행,2025-05-01T05:00:00,,평일
3호선,1958,대화,309,,20250619,3호선,0342,오금,352,N,3호선,3305,0323,약수,333,N,16:48:00,16:48:30,,3270K,상행,2025-05-01T05:00:00,,평일
3호선,1958,대화,309,,20250619,3호선,0342,오금,352,N,3호선,3305,0322,동대입구,332,N,16:49:30,16:50:00,,3270K,상행,2025-05-01T05:00:00,,평일
3호선,1958,대화,309,,20250619,3호선,0342,오금,352,N,3호선,3305,0321,충무로,331,N,16:51:30,16:52:00,,3270K,상행,2025-05-01T05:00:00,,평일
3호선,1958,대화,309,,20250619,3호선,0342,오금,352,N,3호선,3305,0320,을지로3가,330,N,16:53:00,16:53:30,,3270K,상행,2025-05-01T05:00:00,,평일
3호선,1958,대화,309,,20250619,3호선,0342,오금,352,N,3호선,3305,0319,종로3가,329,N,16:54:30,16:55:00,,3270K,상행,2025-05-01T05:00:00,,평일
3호선,1958,대화,309,,20250619,3호선,0342,오금,352,N,3호선,3305,0318,안국,328,N,16:56:30,16:57:00,,3270K,상행,2025-05-01T05:00:00,,평일
3호선,1958,대화,309,,20250619,3호선,0342,오금,352,N,3호선,3305,0317,경복궁,327,N,16:58:30,16:59:00,,3270K,상행,2025-05-01T05:00:00,,평일
3호선,1958,대화,309,,20250619,3호선,0342,오금,352,N,3호선,3305,0316,독립문,326,N,17:01:00,17:01:30,,3270K,상행,2025-05-01T05:00:00,,평일
3호선,1958,대화,309,,20250619,3호선,0342,오금,352,N,3호선,3305,0315,무악재,325,N,17:03:00,17:03:30,,3270K,상행,2025-05-01T05:00:00,,평일
3호선,1958,대화,309,,20250619,3호선,0342,오금,352,N,3호선,3305,0314,홍제,324,N,17:05:00,17:05:30,,3270K,상행,2025-05-01T05:00:00,,평일
3호선,1958,대화,309,,20250619,3호선,0342,오금,352,N,3호선,3305,0313,녹번,323,N,17:07:30,17:08:00,,3270K,상행,2025-05-01T05:00:00,,평일
3호선,1958,대화,309,,20250619,3호선,0342,오금,352,N,3호선,3305,0312,불광,322,N,17:09:30,17:10:00,,3270K,상행,2025-05-01T05:00:00,,평일
3호선,1958,대화,309,,20250619,3호선,0342,오금,352,N,3호선,3305,0311,연신내,321,N,17:11:30,17:12:00,,3270K,상행,2025-05-01T05:00:00,,평일
3호선,1958,대화,309,,20250619,3호선,0342,오금,352,N,3호선,3305,0310,구파발,320,N,17:14:00,17:14:30,,3270K,상행,2025-05-01T05:00:00,,평일
3호선,1958,대화,309,,20250619,3호선,0342,오금,352,N,3호선,3305,0309,지축,319,N,17:17:30,17:18:00,,3270K,상행,2025-05-01T05:00:00,,평일
3호선,1958,대화,309,,20250619,3호선,0342,오금,352,N,3호선,3305,1950,삼송,318,N,17:20:30,17:21:00,,3270K,상행,2025-05-01T05:00:00,,평일
3호선,1958,대화,309,,20250619,3호선,0342,오금,352,N,3호선,3305,1948,원흥,317,N,17:23:00,17:23:30,,3270K,상행,2025-05-01T05:00:00,,평일
3호선,1958,대화,309,,20250619,3호선,0342,오금,352,N,3호선,3305,1951,원당,316,N,17:26:00,17:26:30,,3270K,상행,2025-05-01T05:00:00,,평일
3호선,1958,대화,309,,20250619,3호선,0342,오금,352,N,3호선,3305,1952,화정,315,N,17:29:30,17:30:00,,3270K,상행,2025-05-01T05:00:00,,평일
3호선,1958,대화,309,,20250619,3호선,0342,오금,352,N,3호선,3305,1953,대곡,314,N,17:32:30,17:33:00,,3270K,상행,2025-05-01T05:00:00,,평일
3호선,1958,대화,309,,20250619,3호선,0342,오금,352,N,3호선,3305,1954,백석,313,N,17:36:00,17:36:30,,3270K,상행,2025-05-01T05:00:00,,평일
3호선,1958,대화,309,,20250619,3호선,0342,오금,352,N,3호선,3305,1955,마두,312,N,17:38:30,17:39:00,,3270K,상행,2025-05-01T05:00:00,,평일
3호선,1958,대화,309,,20250619,3호선,0342,오금,352,N,3호선,3305,1956,정발산,311,N,17:40:30,17:41:00,,3270K,상행,2025-05-01T05:00:00,,평일
3호선,1958,대화,309,,20250619,3호선,0342,오금,352,N,3호선,3305,1957,주엽,310,N,17:43:00,17:43:30,,3270K,상행,2025-05-01T05:00:00,,평일
3호선,1958,대화,309,,20250619,3호선,0342,오금,352,N,3호선,3305,1958,대화,309,N,17:45:30,,,3270K,상행,2025-05-01T05:00:00,,평일
3호선,1958,대화,309,,20250619,3호선,0339,수서,349,N,3호선,3309,0339,수서,349,N,,16:23:30,,3272,상행,2025-05-01T05:00:00,,평일
3호선,1958,대화,309,,20250619,3호선,0339,수서,349,N,3호선,3309,0338,일원,348,N,16:25:30,16:26:00,,3272,상행,2025-05-01T05:00:00,,평일
3호선,1958,대화,309,,20250619,3호선,0339,수서,349,N,3호선,3309,0337,대청,347,N,16:27:30,16:28:00,,3272,상행,2025-05-01T05:00:00,,평일
3호선,1958,대화,309,,20250619,3호선,0339,수서,349,N,3호선,3309,0336,학여울,346,N,16:29:30,16:30:00,,3272,상행,2025-05-01T05:00:00,,평일
3호선,1958,대화,309,,20250619,3호선,0339,수서,349,N,3호선,3309,0335,대치,345,N,16:31:00,16:31:30,,3272,상행,2025-05-01T05:00:00,,평일
3호선,1958,대화,309,,20250619,3호선,0339,수서,349,N,3호선,3309,0334,도곡,344,N,16:32:30,16:33:00,,3272,상행,2025-05-01T05:00:00,,평일
3호선,1958,대화,309,,20250619,3호선,0339,수서,349,N,3호선,3309,0333,매봉,343,N,16:34:30,16:35:00,,3272,상행,2025-05-01T05:00:00,,평일
3호선,1958,대화,309,,20250619,3호선,0339,수서,349,N,3호선,3309,0332,양재,342,N,16:37:00,16:37:30,,3272,상행,2025-05-01T05:00:00,,평일
3호선,1958,대화,309,,20250619,3호선,0339,수서,349,N,3호선,3309,0331,남부터미널,341,N,16:39:30,16:40:00,,3272,상행,2025-05-01T05:00:00,,평일
3호선,1958,대화,309,,20250619,3호선,0339,수서,349,N,3호선,3309,0330,교대,340,N,16:41:30,16:42:00,,3272,상행,2025-05-01T05:00:00,,평일
3호선,1958,대화,309,,20250619,3호선,0339,수서,349,N,3호선,3309,0329,고속터미널,339,N,16:44:00,16:44:30,,3272,상행,2025-05-01T05:00:00,,평일
3호선,1958,대화,309,,20250619,3호선,0339,수서,349,N,3호선,3309,0328,잠원,338,N,16:46:00,16:46:30,,3272,상행,2025-05-01T05:00:00,,평일
3호선,1958,대화,309,,20250619,3호선,0339,수서,349,N,3호선,3309,0327,신사,337,N,16:48:00,16:48:30,,3272,상행,2025-05-01T05:00:00,,평일
3호선,1958,대화,309,,20250619,3호선,0339,수서,349,N,3호선,3309,0326,압구정,336,N,16:50:30,16:51:00,,3272,상행,2025-05-01T05:00:00,,평일
3호선,1958,대화,309,,20250619,3호선,0339,수서,349,N,3호선,3309,0325,옥수,335,N,16:53:00,16:53:30,,3272,상행,2025-05-01T05:00:00,,평일
3호선,1958,대화,309,,20250619,3호선,0339,수서,349,N,3호선,3309,0324,금호,334,N,16:54:30,16:55:00,,3272,상행,2025-05-01T05:00:00,,평일
3호선,1958,대화,309,,20250619,3호선,0339,수서,349,N,3호선,3309,0323,약수,333,N,16:56:00,16:56:30,,3272,상행,2025-05-01T05:00:00,,평일
3호선,1958,대화,309,,20250619,3호선,0339,수서,349,N,3호선,3309,0322,동대입구,332,N,16:57:30,16:58:00,,3272,상행,2025-05-01T05:00:00,,평일
3호선,1958,대화,309,,20250619,3호선,0339,수서,349,N,3호선,3309,0321,충무로,331,N,16:59:30,17:00:00,,3272,상행,2025-05-01T05:00:00,,평일
3호선,1958,대화,309,,20250619,3호선,0339,수서,349,N,3호선,3309,0320,을지로3가,330,N,17:01:00,17:01:30,,3272,상행,2025-05-01T05:00:00,,평일
3호선,1958,대화,309,,20250619,3호선,0339,수서,349,N,3호선,3309,0319,종로3가,329,N,17:02:30,17:03:00,,3272,상행,2025-05-01T05:00:00,,평일
3호선,1958,대화,309,,20250619,3호선,0339,수서,349,N,3호선,3309,0318,안국,328,N,17:04:30,17:05:00,,3272,상행,2025-05-01T05:00:00,,평일
3호선,1958,대화,309,,20250619,3호선,0339,수서,349,N,3호선,3309,0317,경복궁,327,N,17:06:30,17:07:00,,3272,상행,2025-05-01T05:00:00,,평일
3호선,1958,대화,309,,20250619,3호선,0339,수서,349,N,3호선,3309,0316,독립문,326,N,17:09:00,17:09:30,,3272,상행,2025-05-01T05:00:00,,평일
3호선,1958,대화,309,,20250619,3호선,0339,수서,349,N,3호선,3309,0315,무악재,325,N,17:11:00,17:11:30,,3272,상행,2025-05-01T05:00:00,,평일
3호선,1958,대화,309,,20250619,3호선,0339,수서,349,N,3호선,3309,0314,홍제,324,N,17:13:00,17:13:30,,3272,상행,2025-05-01T05:00:00,,평일
3호선,1958,대화,309,,20250619,3호선,0339,수서,349,N,3호선,3309,0313,녹번,323,N,17:15:30,17:16:00,,3272,상행,2025-05-01T05:00:00,,평일
3호선,1958,대화,309,,20250619,3호선,0339,수서,349,N,3호선,3309,0312,불광,322,N,17:17:30,17:18:00,,3272,상행,2025-05-01T05:00:00,,평일
3호선,1958,대화,309,,20250619,3호선,0339,수서,349,N,3호선,3309,0311,연신내,321,N,17:19:30,17:20:00,,3272,상행,2025-05-01T05:00:00,,평일
3호선,1958,대화,309,,20250619,3호선,0339,수서,349,N,3호선,3309,0310,구파발,320,N,17:22:00,17:22:30,,3272,상행,2025-05-01T05:00:00,,평일
3호선,1958,대화,309,,20250619,3호선,0339,수서,349,N,3호선,3309,0309,지축,319,N,17:25:30,17:26:00,,3272,상행,2025-05-01T05:00:00,,평일
3호선,1958,대화,309,,20250619,3호선,0339,수서,349,N,3호선,3309,1950,삼송,318,N,17:28:30,17:29:00,,3272,상행,2025-05-01T05:00:00,,평일
3호선,1958,대화,309,,20250619,3호선,0339,수서,349,N,3호선,3309,1948,원흥,317,N,17:31:00,17:31:30,,3272,상행,2025-05-01T05:00:00,,평일
3호선,1958,대화,309,,20250619,3호선,0339,수서,349,N,3호선,3309,1951,원당,316,N,17:34:00,17:34:30,,3272,상행,2025-05-01T05:00:00,,평일
3호선,1958,대화,309,,20250619,3호선,0339,수서,349,N,3호선,3309,1952,화정,315,N,17:37:30,17:38:00,,3272,상행,2025-05-01T05:00:00,,평일
3호선,1958,대화,309,,20250619,3호선,0339,수서,349,N,3호선,3309,1953,대곡,314,N,17:40:30,17:41:00,,3272,상행,2025-05-01T05:00:00,,평일
3호선,1958,대화,309,,20250619,3호선,0339,수서,349,N,3호선,3309,1954,백석,313,N,17:44:00,17:44:30,,3272,상행,2025-05-01T05:00:00,,평일
3호선,1958,대화,309,,20250619,3호선,0339,수서,349,N,3호선,3309,1955,마두,312,N,17:46:30,17:47:00,,3272,상행,2025-05-01T05:00:00,,평일
3호선,1958,대화,309,,20250619,3호선,0339,수서,349,N,3호선,3309,1956,정발산,311,N,17:48:30,17:49:00,,3272,상행,2025-05-01T05:00:00,,평일
3호선,1958,대화,309,,20250619,3호선,0339,수서,349,N,3호선,3309,1957,주엽,310,N,17:51:00,17:51:30,,3272,상행,2025-05-01T05:00:00,,평일
3호선,1958,대화,309,,20250619,3호선,0339,수서,349,N,3호선,3309,1958,대화,309,N,17:53:30,,,3272,상행,2025-05-01T05:00:00,,평일
3호선,1958,대화,309,,20250619,3호선,0342,오금,352,N,3호선,3313,0342,오금,352,N,,16:26:00,,3276,상행,2025-05-01T05:00:00,,평일
3호선,1958,대화,309,,20250619,3호선,0342,오금,352,N,3호선,3313,0341,경찰병원,351,N,16:27:00,16:27:30,,3276,상행,2025-05-01T05:00:00,,평일
3호선,1958,대화,309,,20250619,3호선,0342,오금,352,N,3호선,3313,0340,가락시장,350,N,16:28:30,16:29:00,,3276,상행,2025-05-01T05:00:00,,평일
3호선,1958,대화,309,,20250619,3호선,0342,오금,352,N,3호선,3313,0339,수서,349,N,16:31:00,16:31:30,,3276,상행,2025-05-01T05:00:00,,평일
3호선,1958,대화,309,,20250619,3호선,0342,오금,352,N,3호선,3313,0338,일원,348,N,16:33:30,16:34:00,,3276,상행,2025-05-01T05:00:00,,평일
3호선,1958,대화,309,,20250619,3호선,0342,오금,352,N,3호선,3313,0337,대청,347,N,16:35:30,16:36:00,,3276,상행,2025-05-01T05:00:00,,평일
3호선,1958,대화,309,,20250619,3호선,0342,오금,352,N,3호선,3313,0336,학여울,346,N,16:37:30,16:38:00,,3276,상행,2025-05-01T05:00:00,,평일
3호선,1958,대화,309,,20250619,3호선,0342,오금,352,N,3호선,3313,0335,대치,345,N,16:39:00,16:39:30,,3276,상행,2025-05-01T05:00:00,,평일
3호선,1958,대화,309,,20250619,3호선,0342,오금,352,N,3호선,3313,0334,도곡,344,N,16:40:30,16:41:00,,3276,상행,2025-05-01T05:00:00,,평일
3호선,1958,대화,309,,20250619,3호선,0342,오금,352,N,3호선,3313,0333,매봉,343,N,16:42:30,16:43:00,,3276,상행,2025-05-01T05:00:00,,평일
3호선,1958,대화,309,,20250619,3호선,0342,오금,352,N,3호선,3313,0332,양재,342,N,16:45:00,16:45:30,,3276,상행,2025-05-01T05:00:00,,평일
3호선,1958,대화,309,,20250619,3호선,0342,오금,352,N,3호선,3313,0331,남부터미널,341,N,16:47:30,16:48:00,,3276,상행,2025-05-01T05:00:00,,평일
3호선,1958,대화,309,,20250619,3호선,0342,오금,352,N,3호선,3313,0330,교대,340,N,16:49:30,16:50:00,,3276,상행,2025-05-01T05:00:00,,평일
3호선,1958,대화,309,,20250619,3호선,0342,오금,352,N,3호선,3313,0329,고속터미널,339,N,16:52:00,16:52:30,,3276,상행,2025-05-01T05:00:00,,평일
3호선,1958,대화,309,,20250619,3호선,0342,오금,352,N,3호선,3313,0328,잠원,338,N,16:54:00,16:54:30,,3276,상행,2025-05-01T05:00:00,,평일
3호선,1958,대화,309,,20250619,3호선,0342,오금,352,N,3호선,3313,0327,신사,337,N,16:56:00,16:56:30,,3276,상행,2025-05-01T05:00:00,,평일
3호선,1958,대화,309,,20250619,3호선,0342,오금,352,N,3호선,3313,0326,압구정,336,N,16:58:30,16:59:00,,3276,상행,2025-05-01T05:00:00,,평일
3호선,1958,대화,309,,20250619,3호선,0342,오금,352,N,3호선,3313,0325,옥수,335,N,17:01:00,17:01:30,,3276,상행,2025-05-01T05:00:00,,평일
3호선,1958,대화,309,,20250619,3호선,0342,오금,352,N,3호선,3313,0324,금호,334,N,17:02:30,17:03:00,,3276,상행,2025-05-01T05:00:00,,평일
3호선,1958,대화,309,,20250619,3호선,0342,오금,352,N,3호선,3313,0323,약수,333,N,17:04:00,17:04:30,,3276,상행,2025-05-01T05:00:00,,평일
3호선,1958,대화,309,,20250619,3호선,0342,오금,352,N,3호선,3313,0322,동대입구,332,N,17:05:30,17:06:00,,3276,상행,2025-05-01T05:00:00,,평일
3호선,1958,대화,309,,20250619,3호선,0342,오금,352,N,3호선,3313,0321,충무로,331,N,17:07:30,17:08:00,,3276,상행,2025-05-01T05:00:00,,평일
3호선,1958,대화,309,,20250619,3호선,0342,오금,352,N,3호선,3313,0320,을지로3가,330,N,17:09:00,17:09:30,,3276,상행,2025-05-01T05:00:00,,평일
3호선,1958,대화,309,,20250619,3호선,0342,오금,352,N,3호선,3313,0319,종로3가,329,N,17:10:30,17:11:00,,3276,상행,2025-05-01T05:00:00,,평일
3호선,1958,대화,309,,20250619,3호선,0342,오금,352,N,3호선,3313,0318,안국,328,N,17:12:30,17:13:00,,3276,상행,2025-05-01T05:00:00,,평일
3호선,1958,대화,309,,20250619,3호선,0342,오금,352,N,3호선,3313,0317,경복궁,327,N,17:14:30,17:15:00,,3276,상행,2025-05-01T05:00:00,,평일
3호선,1958,대화,309,,20250619,3호선,0342,오금,352,N,3호선,3313,0316,독립문,326,N,17:17:00,17:17:30,,3276,상행,2025-05-01T05:00:00,,평일
3호선,1958,대화,309,,20250619,3호선,0342,오금,352,N,3호선,3313,0315,무악재,325,N,17:19:00,17:19:30,,3276,상행,2025-05-01T05:00:00,,평일
3호선,1958,대화,309,,20250619,3호선,0342,오금,352,N,3호선,3313,0314,홍제,324,N,17:21:00,17:21:30,,3276,상행,2025-05-01T05:00:00,,평일
3호선,1958,대화,309,,20250619,3호선,0342,오금,352,N,3호선,3313,0313,녹번,323,N,17:23:30,17:24:00,,3276,상행,2025-05-01T05:00:00,,평일
3호선,1958,대화,309,,20250619,3호선,0342,오금,352,N,3호선,3313,0312,불광,322,N,17:25:30,17:26:00,,3276,상행,2025-05-01T05:00:00,,평일
3호선,1958,대화,309,,20250619,3호선,0342,오금,352,N,3호선,3313,0311,연신내,321,N,17:27:30,17:28:00,,3276,상행,2025-05-01T05:00:00,,평일
3호선,1958,대화,309,,20250619,3호선,0342,오금,352,N,3호선,3313,0310,구파발,320,N,17:30:00,17:30:30,,3276,상행,2025-05-01T05:00:00,,평일
3호선,1958,대화,309,,20250619,3호선,0342,오금,352,N,3호선,3313,0309,지축,319,N,17:33:30,17:34:00,,3276,상행,2025-05-01T05:00:00,,평일
3호선,1958,대화,309,,20250619,3호선,0342,오금,352,N,3호선,3313,1950,삼송,318,N,17:36:30,17:37:00,,3276,상행,2025-05-01T05:00:00,,평일
3호선,1958,대화,309,,20250619,3호선,0342,오금,352,N,3호선,3313,1948,원흥,317,N,17:39:00,17:39:30,,3276,상행,2025-05-01T05:00:00,,평일
3호선,1958,대화,309,,20250619,3호선,0342,오금,352,N,3호선,3313,1951,원당,316,N,17:42:00,17:42:30,,3276,상행,2025-05-01T05:00:00,,평일
3호선,1958,대화,309,,20250619,3호선,0342,오금,352,N,3호선,3313,1952,화정,315,N,17:45:30,17:46:00,,3276,상행,2025-05-01T05:00:00,,평일
3호선,1958,대화,309,,20250619,3호선,0342,오금,352,N,3호선,3313,1953,대곡,314,N,17:48:30,17:49:00,,3276,상행,2025-05-01T05:00:00,,평일
3호선,1958,대화,309,,20250619,3호선,0342,오금,352,N,3호선,3313,1954,백석,313,N,17:52:00,17:52:30,,3276,상행,2025-05-01T05:00:00,,평일
3호선,1958,대화,309,,20250619,3호선,0342,오금,352,N,3호선,3313,1955,마두,312,N,17:54:30,17:55:00,,3276,상행,2025-05-01T05:00:00,,평일
3호선,1958,대화,309,,20250619,3호선,0342,오금,352,N,3호선,3313,1956,정발산,311,N,17:56:30,17:57:00,,3276,상행,2025-05-01T05:00:00,,평일
3호선,1958,대화,309,,20250619,3호선,0342,오금,352,N,3호선,3313,1957,주엽,310,N,17:59:00,17:59:30,,3276,상행,2025-05-01T05:00:00,,평일
3호선,1958,대화,309,,20250619,3호선,0342,오금,352,N,3호선,3313,1958,대화,309,N,18:01:30,,,3276,상행,2025-05-01T05:00:00,,평일
3호선,1958,대화,309,,20250619,3호선,0342,오금,352,N,3호선,3317,0342,오금,352,N,,16:34:00,,3278,상행,2025-05-01T05:00:00,,평일
3호선,1958,대화,309,,20250619,3호선,0342,오금,352,N,3호선,3317,0341,경찰병원,351,N,16:35:00,16:35:30,,3278,상행,2025-05-01T05:00:00,,평일
3호선,1958,대화,309,,20250619,3호선,0342,오금,352,N,3호선,3317,0340,가락시장,350,N,16:36:30,16:37:00,,3278,상행,2025-05-01T05:00:00,,평일
3호선,1958,대화,309,,20250619,3호선,0342,오금,352,N,3호선,3317,0339,수서,349,N,16:39:00,16:39:30,,3278,상행,2025-05-01T05:00:00,,평일
3호선,1958,대화,309,,20250619,3호선,0342,오금,352,N,3호선,3317,0338,일원,348,N,16:41:30,16:42:00,,3278,상행,2025-05-01T05:00:00,,평일
3호선,1958,대화,309,,20250619,3호선,0342,오금,352,N,3호선,3317,0337,대청,347,N,16:43:30,16:44:00,,3278,상행,2025-05-01T05:00:00,,평일
3호선,1958,대화,309,,20250619,3호선,0342,오금,352,N,3호선,3317,0336,학여울,346,N,16:45:30,16:46:00,,3278,상행,2025-05-01T05:00:00,,평일
3호선,1958,대화,309,,20250619,3호선,0342,오금,352,N,3호선,3317,0335,대치,345,N,16:47:00,16:47:30,,3278,상행,2025-05-01T05:00:00,,평일
3호선,1958,대화,309,,20250619,3호선,0342,오금,352,N,3호선,3317,0334,도곡,344,N,16:48:30,16:49:00,,3278,상행,2025-05-01T05:00:00,,평일
3호선,1958,대화,309,,20250619,3호선,0342,오금,352,N,3호선,3317,0333,매봉,343,N,16:50:30,16:51:00,,3278,상행,2025-05-01T05:00:00,,평일
3호선,1958,대화,309,,20250619,3호선,0342,오금,352,N,3호선,3317,0332,양재,342,N,16:53:00,16:53:30,,3278,상행,2025-05-01T05:00:00,,평일
3호선,1958,대화,309,,20250619,3호선,0342,오금,352,N,3호선,3317,0331,남부터미널,341,N,16:55:30,16:56:00,,3278,상행,2025-05-01T05:00:00,,평일
3호선,1958,대화,309,,20250619,3호선,0342,오금,352,N,3호선,3317,0330,교대,340,N,16:57:30,16:58:00,,3278,상행,2025-05-01T05:00:00,,평일
3호선,1958,대화,309,,20250619,3호선,0342,오금,352,N,3호선,3317,0329,고속터미널,339,N,17:00:00,17:00:30,,3278,상행,2025-05-01T05:00:00,,평일
3호선,1958,대화,309,,20250619,3호선,0342,오금,352,N,3호선,3317,0328,잠원,338,N,17:02:00,17:02:30,,3278,상행,2025-05-01T05:00:00,,평일
3호선,1958,대화,309,,20250619,3호선,0342,오금,352,N,3호선,3317,0327,신사,337,N,17:04:00,17:04:30,,3278,상행,2025-05-01T05:00:00,,평일
3호선,1958,대화,309,,20250619,3호선,0342,오금,352,N,3호선,3317,0326,압구정,336,N,17:06:30,17:07:00,,3278,상행,2025-05-01T05:00:00,,평일
3호선,1958,대화,309,,20250619,3호선,0342,오금,352,N,3호선,3317,0325,옥수,335,N,17:09:00,17:09:30,,3278,상행,2025-05-01T05:00:00,,평일
3호선,1958,대화,309,,20250619,3호선,0342,오금,352,N,3호선,3317,0324,금호,334,N,17:10:30,17:11:00,,3278,상행,2025-05-01T05:00:00,,평일
3호선,1958,대화,309,,20250619,3호선,0342,오금,352,N,3호선,3317,0323,약수,333,N,17:12:00,17:12:30,,3278,상행,2025-05-01T05:00:00,,평일
3호선,1958,대화,309,,20250619,3호선,0342,오금,352,N,3호선,3317,0322,동대입구,332,N,17:13:30,17:14:00,,3278,상행,2025-05-01T05:00:00,,평일
3호선,1958,대화,309,,20250619,3호선,0342,오금,352,N,3호선,3317,0321,충무로,331,N,17:15:30,17:16:00,,3278,상행,2025-05-01T05:00:00,,평일
3호선,1958,대화,309,,20250619,3호선,0342,오금,352,N,3호선,3317,0320,을지로3가,330,N,17:17:00,17:17:30,,3278,상행,2025-05-01T05:00:00,,평일
3호선,1958,대화,309,,20250619,3호선,0342,오금,352,N,3호선,3317,0319,종로3가,329,N,17:18:30,17:19:00,,3278,상행,2025-05-01T05:00:00,,평일
3호선,1958,대화,309,,20250619,3호선,0342,오금,352,N,3호선,3317,0318,안국,328,N,17:20:30,17:21:00,,3278,상행,2025-05-01T05:00:00,,평일
3호선,1958,대화,309,,20250619,3호선,0342,오금,352,N,3호선,3317,0317,경복궁,327,N,17:22:30,17:23:00,,3278,상행,2025-05-01T05:00:00,,평일
3호선,1958,대화,309,,20250619,3호선,0342,오금,352,N,3호선,3317,0316,독립문,326,N,17:25:00,17:25:30,,3278,상행,2025-05-01T05:00:00,,평일
3호선,1958,대화,309,,20250619,3호선,0342,오금,352,N,3호선,3317,0315,무악재,325,N,17:27:00,17:27:30,,3278,상행,2025-05-01T05:00:00,,평일
3호선,1958,대화,309,,20250619,3호선,0342,오금,352,N,3호선,3317,0314,홍제,324,N,17:29:00,17:29:30,,3278,상행,2025-05-01T05:00:00,,평일
3호선,1958,대화,309,,20250619,3호선,0342,오금,352,N,3호선,3317,0313,녹번,323,N,17:31:30,17:32:00,,3278,상행,2025-05-01T05:00:00,,평일
3호선,1958,대화,309,,20250619,3호선,0342,오금,352,N,3호선,3317,0312,불광,322,N,17:33:30,17:34:00,,3278,상행,2025-05-01T05:00:00,,평일
3호선,1958,대화,309,,20250619,3호선,0342,오금,352,N,3호선,3317,0311,연신내,321,N,17:35:30,17:36:00,,3278,상행,2025-05-01T05:00:00,,평일
3호선,1958,대화,309,,20250619,3호선,0342,오금,352,N,3호선,3317,0310,구파발,320,N,17:38:00,17:38:30,,3278,상행,2025-05-01T05:00:00,,평일
3호선,1958,대화,309,,20250619,3호선,0342,오금,352,N,3호선,3317,0309,지축,319,N,17:41:30,17:42:00,,3278,상행,2025-05-01T05:00:00,,평일
3호선,1958,대화,309,,20250619,3호선,0342,오금,352,N,3호선,3317,1950,삼송,318,N,17:44:30,17:45:00,,3278,상행,2025-05-01T05:00:00,,평일
3호선,1958,대화,309,,20250619,3호선,0342,오금,352,N,3호선,3317,1948,원흥,317,N,17:47:00,17:47:30,,3278,상행,2025-05-01T05:00:00,,평일
3호선,1958,대화,309,,20250619,3호선,0342,오금,352,N,3호선,3317,1951,원당,316,N,17:50:00,17:50:30,,3278,상행,2025-05-01T05:00:00,,평일
3호선,1958,대화,309,,20250619,3호선,0342,오금,352,N,3호선,3317,1952,화정,315,N,17:53:30,17:54:00,,3278,상행,2025-05-01T05:00:00,,평일
3호선,1958,대화,309,,20250619,3호선,0342,오금,352,N,3호선,3317,1953,대곡,314,N,17:56:30,17:57:00,,3278,상행,2025-05-01T05:00:00,,평일
3호선,1958,대화,309,,20250619,3호선,0342,오금,352,N,3호선,3317,1954,백석,313,N,18:00:00,18:00:30,,3278,상행,2025-05-01T05:00:00,,평일
3호선,1958,대화,309,,20250619,3호선,0342,오금,352,N,3호선,3317,1955,마두,312,N,18:02:30,18:03:00,,3278,상행,2025-05-01T05:00:00,,평일
3호선,1958,대화,309,,20250619,3호선,0342,오금,352,N,3호선,3317,1956,정발산,311,N,18:04:30,18:05:00,,3278,상행,2025-05-01T05:00:00,,평일
3호선,1958,대화,309,,20250619,3호선,0342,오금,352,N,3호선,3317,1957,주엽,310,N,18:07:00,18:07:30,,3278,상행,2025-05-01T05:00:00,,평일
3호선,1958,대화,309,,20250619,3호선,0342,오금,352,N,3호선,3317,1958,대화,309,N,18:09:30,,,3278,상행,2025-05-01T05:00:00,,평일
3호선,1958,대화,309,,20250619,3호선,0342,오금,352,N,3호선,3319,0342,오금,352,N,,16:42:00,,3280,상행,2025-05-01T05:00:00,,평일
3호선,1958,대화,309,,20250619,3호선,0342,오금,352,N,3호선,3319,0341,경찰병원,351,N,16:43:00,16:43:30,,3280,상행,2025-05-01T05:00:00,,평일
3호선,1958,대화,309,,20250619,3호선,0342,오금,352,N,3호선,3319,0340,가락시장,350,N,16:44:30,16:45:00,,3280,상행,2025-05-01T05:00:00,,평일
3호선,1958,대화,309,,20250619,3호선,0342,오금,352,N,3호선,3319,0339,수서,349,N,16:47:00,16:47:30,,3280,상행,2025-05-01T05:00:00,,평일
3호선,1958,대화,309,,20250619,3호선,0342,오금,352,N,3호선,3319,0338,일원,348,N,16:49:30,16:50:00,,3280,상행,2025-05-01T05:00:00,,평일
3호선,1958,대화,309,,20250619,3호선,0342,오금,352,N,3호선,3319,0337,대청,347,N,16:51:30,16:52:00,,3280,상행,2025-05-01T05:00:00,,평일
3호선,1958,대화,309,,20250619,3호선,0342,오금,352,N,3호선,3319,0336,학여울,346,N,16:53:30,16:54:00,,3280,상행,2025-05-01T05:00:00,,평일
3호선,1958,대화,309,,20250619,3호선,0342,오금,352,N,3호선,3319,0335,대치,345,N,16:55:00,16:55:30,,3280,상행,2025-05-01T05:00:00,,평일
3호선,1958,대화,309,,20250619,3호선,0342,오금,352,N,3호선,3319,0334,도곡,344,N,16:56:30,16:57:00,,3280,상행,2025-05-01T05:00:00,,평일
3호선,1958,대화,309,,20250619,3호선,0342,오금,352,N,3호선,3319,0333,매봉,343,N,16:58:30,16:59:00,,3280,상행,2025-05-01T05:00:00,,평일
3호선,1958,대화,309,,20250619,3호선,0342,오금,352,N,3호선,3319,0332,양재,342,N,17:01:00,17:01:30,,3280,상행,2025-05-01T05:00:00,,평일
3호선,1958,대화,309,,20250619,3호선,0342,오금,352,N,3호선,3319,0331,남부터미널,341,N,17:03:30,17:04:00,,3280,상행,2025-05-01T05:00:00,,평일
3호선,1958,대화,309,,20250619,3호선,0342,오금,352,N,3호선,3319,0330,교대,340,N,17:05:30,17:06:00,,3280,상행,2025-05-01T05:00:00,,평일
3호선,1958,대화,309,,20250619,3호선,0342,오금,352,N,3호선,3319,0329,고속터미널,339,N,17:08:00,17:08:30,,3280,상행,2025-05-01T05:00:00,,평일
3호선,1958,대화,309,,20250619,3호선,0342,오금,352,N,3호선,3319,0328,잠원,338,N,17:10:00,17:10:30,,3280,상행,2025-05-01T05:00:00,,평일
3호선,1958,대화,309,,20250619,3호선,0342,오금,352,N,3호선,3319,0327,신사,337,N,17:12:00,17:12:30,,3280,상행,2025-05-01T05:00:00,,평일
3호선,1958,대화,309,,20250619,3호선,0342,오금,352,N,3호선,3319,0326,압구정,336,N,17:14:30,17:15:00,,3280,상행,2025-05-01T05:00:00,,평일
3호선,1958,대화,309,,20250619,3호선,0342,오금,352,N,3호선,3319,0325,옥수,335,N,17:17:00,17:17:30,,3280,상행,2025-05-01T05:00:00,,평일
3호선,1958,대화,309,,20250619,3호선,0342,오금,352,N,3호선,3319,0324,금호,334,N,17:18:30,17:19:00,,3280,상행,2025-05-01T05:00:00,,평일
3호선,1958,대화,309,,20250619,3호선,0342,오금,352,N,3호선,3319,0323,약수,333,N,17:20:00,17:20:30,,3280,상행,2025-05-01T05:00:00,,평일
3호선,1958,대화,309,,20250619,3호선,0342,오금,352,N,3호선,3319,0322,동대입구,332,N,17:21:30,17:22:00,,3280,상행,2025-05-01T05:00:00,,평일
3호선,1958,대화,309,,20250619,3호선,0342,오금,352,N,3호선,3319,0321,충무로,331,N,17:23:30,17:24:00,,3280,상행,2025-05-01T05:00:00,,평일
3호선,1958,대화,309,,20250619,3호선,0342,오금,352,N,3호선,3319,0320,을지로3가,330,N,17:25:00,17:25:30,,3280,상행,2025-05-01T05:00:00,,평일
3호선,1958,대화,309,,20250619,3호선,0342,오금,352,N,3호선,3319,0319,종로3가,329,N,17:26:30,17:27:00,,3280,상행,2025-05-01T05:00:00,,평일
3호선,1958,대화,309,,20250619,3호선,0342,오금,352,N,3호선,3319,0318,안국,328,N,17:28:30,17:29:00,,3280,상행,2025-05-01T05:00:00,,평일
3호선,1958,대화,309,,20250619,3호선,0342,오금,352,N,3호선,3319,0317,경복궁,327,N,17:30:30,17:31:00,,3280,상행,2025-05-01T05:00:00,,평일
3호선,1958,대화,309,,20250619,3호선,0342,오금,352,N,3호선,3319,0316,독립문,326,N,17:33:00,17:33:30,,3280,상행,2025-05-01T05:00:00,,평일
3호선,1958,대화,309,,20250619,3호선,0342,오금,352,N,3호선,3319,0315,무악재,325,N,17:35:00,17:35:30,,3280,상행,2025-05-01T05:00:00,,평일
3호선,1958,대화,309,,20250619,3호선,0342,오금,352,N,3호선,3319,0314,홍제,324,N,17:37:00,17:37:30,,3280,상행,2025-05-01T05:00:00,,평일
3호선,1958,대화,309,,20250619,3호선,0342,오금,352,N,3호선,3319,0313,녹번,323,N,17:39:30,17:40:00,,3280,상행,2025-05-01T05:00:00,,평일
3호선,1958,대화,309,,20250619,3호선,0342,오금,352,N,3호선,3319,0312,불광,322,N,17:41:30,17:42:00,,3280,상행,2025-05-01T05:00:00,,평일
3호선,1958,대화,309,,20250619,3호선,0342,오금,352,N,3호선,3319,0311,연신내,321,N,17:43:30,17:44:00,,3280,상행,2025-05-01T05:00:00,,평일
3호선,1958,대화,309,,20250619,3호선,0342,오금,352,N,3호선,3319,0310,구파발,320,N,17:46:00,17:46:30,,3280,상행,2025-05-01T05:00:00,,평일
3호선,1958,대화,309,,20250619,3호선,0342,오금,352,N,3호선,3319,0309,지축,319,N,17:49:30,17:50:00,,3280,상행,2025-05-01T05:00:00,,평일
3호선,1958,대화,309,,20250619,3호선,0342,오금,352,N,3호선,3319,1950,삼송,318,N,17:52:30,17:53:00,,3280,상행,2025-05-01T05:00:00,,평일
3호선,1958,대화,309,,20250619,3호선,0342,오금,352,N,3호선,3319,1948,원흥,317,N,17:55:00,17:55:30,,3280,상행,2025-05-01T05:00:00,,평일
3호선,1958,대화,309,,20250619,3호선,0342,오금,352,N,3호선,3319,1951,원당,316,N,17:58:00,17:58:30,,3280,상행,2025-05-01T05:00:00,,평일
3호선,1958,대화,309,,20250619,3호선,0342,오금,352,N,3호선,3319,1952,화정,315,N,18:01:30,18:02:00,,3280,상행,2025-05-01T05:00:00,,평일
3호선,1958,대화,309,,20250619,3호선,0342,오금,352,N,3호선,3319,1953,대곡,314,N,18:04:30,18:05:00,,3280,상행,2025-05-01T05:00:00,,평일
3호선,1958,대화,309,,20250619,3호선,0342,오금,352,N,3호선,3319,1954,백석,313,N,18:08:00,18:08:30,,3280,상행,2025-05-01T05:00:00,,평일
3호선,1958,대화,309,,20250619,3호선,0342,오금,352,N,3호선,3319,1955,마두,312,N,18:10:30,18:11:00,,3280,상행,2025-05-01T05:00:00,,평일
3호선,1958,대화,309,,20250619,3호선,0342,오금,352,N,3호선,3319,1956,정발산,311,N,18:12:30,18:13:00,,3280,상행,2025-05-01T05:00:00,,평일
3호선,1958,대화,309,,20250619,3호선,0342,오금,352,N,3호선,3319,1957,주엽,310,N,18:15:00,18:15:30,,3280,상행,2025-05-01T05:00:00,,평일
3호선,1958,대화,309,,20250619,3호선,0342,오금,352,N,3호선,3319,1958,대화,309,N,18:17:30,,,3280,상행,2025-05-01T05:00:00,,평일
3호선,0310,구파발,320,,20250619,3호선,0339,수서,349,N,3호선,3291,0339,수서,349,N,,16:51:30,,3282,상행,2025-05-01T05:00:00,,평일
3호선,0310,구파발,320,,20250619,3호선,0339,수서,349,N,3호선,3291,0338,일원,348,N,16:53:30,16:54:00,,3282,상행,2025-05-01T05:00:00,,평일
3호선,0310,구파발,320,,20250619,3호선,0339,수서,349,N,3호선,3291,0337,대청,347,N,16:55:30,16:56:00,,3282,상행,2025-05-01T05:00:00,,평일
3호선,0310,구파발,320,,20250619,3호선,0339,수서,349,N,3호선,3291,0336,학여울,346,N,16:57:30,16:58:00,,3282,상행,2025-05-01T05:00:00,,평일
3호선,0310,구파발,320,,20250619,3호선,0339,수서,349,N,3호선,3291,0335,대치,345,N,16:59:00,16:59:30,,3282,상행,2025-05-01T05:00:00,,평일
3호선,0310,구파발,320,,20250619,3호선,0339,수서,349,N,3호선,3291,0334,도곡,344,N,17:00:30,17:01:00,,3282,상행,2025-05-01T05:00:00,,평일
3호선,0310,구파발,320,,20250619,3호선,0339,수서,349,N,3호선,3291,0333,매봉,343,N,17:02:30,17:03:00,,3282,상행,2025-05-01T05:00:00,,평일
3호선,0310,구파발,320,,20250619,3호선,0339,수서,349,N,3호선,3291,0332,양재,342,N,17:05:00,17:05:30,,3282,상행,2025-05-01T05:00:00,,평일
3호선,0310,구파발,320,,20250619,3호선,0339,수서,349,N,3호선,3291,0331,남부터미널,341,N,17:07:30,17:08:00,,3282,상행,2025-05-01T05:00:00,,평일
3호선,0310,구파발,320,,20250619,3호선,0339,수서,349,N,3호선,3291,0330,교대,340,N,17:09:30,17:10:00,,3282,상행,2025-05-01T05:00:00,,평일
3호선,0310,구파발,320,,20250619,3호선,0339,수서,349,N,3호선,3291,0329,고속터미널,339,N,17:12:00,17:12:30,,3282,상행,2025-05-01T05:00:00,,평일
3호선,0310,구파발,320,,20250619,3호선,0339,수서,349,N,3호선,3291,0328,잠원,338,N,17:14:00,17:14:30,,3282,상행,2025-05-01T05:00:00,,평일
3호선,0310,구파발,320,,20250619,3호선,0339,수서,349,N,3호선,3291,0327,신사,337,N,17:16:00,17:16:30,,3282,상행,2025-05-01T05:00:00,,평일
3호선,0310,구파발,320,,20250619,3호선,0339,수서,349,N,3호선,3291,0326,압구정,336,N,17:18:30,17:19:00,,3282,상행,2025-05-01T05:00:00,,평일
3호선,0310,구파발,320,,20250619,3호선,0339,수서,349,N,3호선,3291,0325,옥수,335,N,17:21:00,17:21:30,,3282,상행,2025-05-01T05:00:00,,평일
3호선,0310,구파발,320,,20250619,3호선,0339,수서,349,N,3호선,3291,0324,금호,334,N,17:22:30,17:23:00,,3282,상행,2025-05-01T05:00:00,,평일
3호선,0310,구파발,320,,20250619,3호선,0339,수서,349,N,3호선,3291,0323,약수,333,N,17:24:00,17:24:30,,3282,상행,2025-05-01T05:00:00,,평일
3호선,0310,구파발,320,,20250619,3호선,0339,수서,349,N,3호선,3291,0322,동대입구,332,N,17:25:30,17:26:00,,3282,상행,2025-05-01T05:00:00,,평일
3호선,0310,구파발,320,,20250619,3호선,0339,수서,349,N,3호선,3291,0321,충무로,331,N,17:27:30,17:28:00,,3282,상행,2025-05-01T05:00:00,,평일
3호선,0310,구파발,320,,20250619,3호선,0339,수서,349,N,3호선,3291,0320,을지로3가,330,N,17:29:00,17:29:30,,3282,상행,2025-05-01T05:00:00,,평일
3호선,0310,구파발,320,,20250619,3호선,0339,수서,349,N,3호선,3291,0319,종로3가,329,N,17:30:30,17:31:00,,3282,상행,2025-05-01T05:00:00,,평일
3호선,0310,구파발,320,,20250619,3호선,0339,수서,349,N,3호선,3291,0318,안국,328,N,17:32:30,17:33:00,,3282,상행,2025-05-01T05:00:00,,평일
3호선,0310,구파발,320,,20250619,3호선,0339,수서,349,N,3호선,3291,0317,경복궁,327,N,17:34:30,17:35:00,,3282,상행,2025-05-01T05:00:00,,평일
3호선,0310,구파발,320,,20250619,3호선,0339,수서,349,N,3호선,3291,0316,독립문,326,N,17:37:00,17:37:30,,3282,상행,2025-05-01T05:00:00,,평일
3호선,0310,구파발,320,,20250619,3호선,0339,수서,349,N,3호선,3291,0315,무악재,325,N,17:39:00,17:39:30,,3282,상행,2025-05-01T05:00:00,,평일
3호선,0310,구파발,320,,20250619,3호선,0339,수서,349,N,3호선,3291,0314,홍제,324,N,17:41:00,17:41:30,,3282,상행,2025-05-01T05:00:00,,평일
3호선,0310,구파발,320,,20250619,3호선,0339,수서,349,N,3호선,3291,0313,녹번,323,N,17:43:30,17:44:00,,3282,상행,2025-05-01T05:00:00,,평일
3호선,0310,구파발,320,,20250619,3호선,0339,수서,349,N,3호선,3291,0312,불광,322,N,17:45:30,17:46:00,,3282,상행,2025-05-01T05:00:00,,평일
3호선,0310,구파발,320,,20250619,3호선,0339,수서,349,N,3호선,3291,0311,연신내,321,N,17:47:30,17:48:00,,3282,상행,2025-05-01T05:00:00,,평일
3호선,0310,구파발,320,,20250619,3호선,0339,수서,349,N,3호선,3291,0310,구파발,320,N,17:50:00,,,3282,상행,2025-05-01T05:00:00,,평일
3호선,1958,대화,309,,20250619,3호선,0342,오금,352,N,3호선,3323,0342,오금,352,N,,16:51:00,,3284,상행,2025-05-01T05:00:00,,평일
3호선,1958,대화,309,,20250619,3호선,0342,오금,352,N,3호선,3323,0341,경찰병원,351,N,16:52:00,16:52:30,,3284,상행,2025-05-01T05:00:00,,평일
3호선,1958,대화,309,,20250619,3호선,0342,오금,352,N,3호선,3323,0340,가락시장,350,N,16:53:30,16:54:00,,3284,상행,2025-05-01T05:00:00,,평일
3호선,1958,대화,309,,20250619,3호선,0342,오금,352,N,3호선,3323,0339,수서,349,N,16:56:00,16:56:30,,3284,상행,2025-05-01T05:00:00,,평일
3호선,1958,대화,309,,20250619,3호선,0342,오금,352,N,3호선,3323,0338,일원,348,N,16:58:30,16:59:00,,3284,상행,2025-05-01T05:00:00,,평일
3호선,1958,대화,309,,20250619,3호선,0342,오금,352,N,3호선,3323,0337,대청,347,N,17:00:30,17:01:00,,3284,상행,2025-05-01T05:00:00,,평일
3호선,1958,대화,309,,20250619,3호선,0342,오금,352,N,3호선,3323,0336,학여울,346,N,17:02:30,17:03:00,,3284,상행,2025-05-01T05:00:00,,평일
3호선,1958,대화,309,,20250619,3호선,0342,오금,352,N,3호선,3323,0335,대치,345,N,17:04:00,17:04:30,,3284,상행,2025-05-01T05:00:00,,평일
3호선,1958,대화,309,,20250619,3호선,0342,오금,352,N,3호선,3323,0334,도곡,344,N,17:05:30,17:06:00,,3284,상행,2025-05-01T05:00:00,,평일
3호선,1958,대화,309,,20250619,3호선,0342,오금,352,N,3호선,3323,0333,매봉,343,N,17:07:30,17:08:00,,3284,상행,2025-05-01T05:00:00,,평일
3호선,1958,대화,309,,20250619,3호선,0342,오금,352,N,3호선,3323,0332,양재,342,N,17:10:00,17:10:30,,3284,상행,2025-05-01T05:00:00,,평일
3호선,1958,대화,309,,20250619,3호선,0342,오금,352,N,3호선,3323,0331,남부터미널,341,N,17:12:30,17:13:00,,3284,상행,2025-05-01T05:00:00,,평일
3호선,1958,대화,309,,20250619,3호선,0342,오금,352,N,3호선,3323,0330,교대,340,N,17:14:30,17:15:00,,3284,상행,2025-05-01T05:00:00,,평일
3호선,1958,대화,309,,20250619,3호선,0342,오금,352,N,3호선,3323,0329,고속터미널,339,N,17:17:00,17:17:30,,3284,상행,2025-05-01T05:00:00,,평일
3호선,1958,대화,309,,20250619,3호선,0342,오금,352,N,3호선,3323,0328,잠원,338,N,17:19:00,17:19:30,,3284,상행,2025-05-01T05:00:00,,평일
3호선,1958,대화,309,,20250619,3호선,0342,오금,352,N,3호선,3323,0327,신사,337,N,17:21:00,17:21:30,,3284,상행,2025-05-01T05:00:00,,평일
3호선,1958,대화,309,,20250619,3호선,0342,오금,352,N,3호선,3323,0326,압구정,336,N,17:23:30,17:24:00,,3284,상행,2025-05-01T05:00:00,,평일
3호선,1958,대화,309,,20250619,3호선,0342,오금,352,N,3호선,3323,0325,옥수,335,N,17:26:00,17:26:30,,3284,상행,2025-05-01T05:00:00,,평일
3호선,1958,대화,309,,20250619,3호선,0342,오금,352,N,3호선,3323,0324,금호,334,N,17:27:30,17:28:00,,3284,상행,2025-05-01T05:00:00,,평일
3호선,1958,대화,309,,20250619,3호선,0342,오금,352,N,3호선,3323,0323,약수,333,N,17:29:00,17:29:30,,3284,상행,2025-05-01T05:00:00,,평일
3호선,1958,대화,309,,20250619,3호선,0342,오금,352,N,3호선,3323,0322,동대입구,332,N,17:30:30,17:31:00,,3284,상행,2025-05-01T05:00:00,,평일
3호선,1958,대화,309,,20250619,3호선,0342,오금,352,N,3호선,3323,0321,충무로,331,N,17:32:30,17:33:00,,3284,상행,2025-05-01T05:00:00,,평일
3호선,1958,대화,309,,20250619,3호선,0342,오금,352,N,3호선,3323,0320,을지로3가,330,N,17:34:00,17:34:30,,3284,상행,2025-05-01T05:00:00,,평일
3호선,1958,대화,309,,20250619,3호선,0342,오금,352,N,3호선,3323,0319,종로3가,329,N,17:35:30,17:36:00,,3284,상행,2025-05-01T05:00:00,,평일
3호선,1958,대화,309,,20250619,3호선,0342,오금,352,N,3호선,3323,0318,안국,328,N,17:37:30,17:38:00,,3284,상행,2025-05-01T05:00:00,,평일
3호선,1958,대화,309,,20250619,3호선,0342,오금,352,N,3호선,3323,0317,경복궁,327,N,17:39:30,17:40:00,,3284,상행,2025-05-01T05:00:00,,평일
3호선,1958,대화,309,,20250619,3호선,0342,오금,352,N,3호선,3323,0316,독립문,326,N,17:42:00,17:42:30,,3284,상행,2025-05-01T05:00:00,,평일
3호선,1958,대화,309,,20250619,3호선,0342,오금,352,N,3호선,3323,0315,무악재,325,N,17:44:00,17:44:30,,3284,상행,2025-05-01T05:00:00,,평일
3호선,1958,대화,309,,20250619,3호선,0342,오금,352,N,3호선,3323,0314,홍제,324,N,17:46:00,17:46:30,,3284,상행,2025-05-01T05:00:00,,평일
3호선,1958,대화,309,,20250619,3호선,0342,오금,352,N,3호선,3323,0313,녹번,323,N,17:48:30,17:49:00,,3284,상행,2025-05-01T05:00:00,,평일
3호선,1958,대화,309,,20250619,3호선,0342,오금,352,N,3호선,3323,0312,불광,322,N,17:50:30,17:51:00,,3284,상행,2025-05-01T05:00:00,,평일
3호선,1958,대화,309,,20250619,3호선,0342,오금,352,N,3호선,3323,0311,연신내,321,N,17:52:30,17:53:00,,3284,상행,2025-05-01T05:00:00,,평일
3호선,1958,대화,309,,20250619,3호선,0342,오금,352,N,3호선,3323,0310,구파발,320,N,17:55:00,17:55:30,,3284,상행,2025-05-01T05:00:00,,평일
3호선,1958,대화,309,,20250619,3호선,0342,오금,352,N,3호선,3323,0309,지축,319,N,17:58:30,17:59:00,,3284,상행,2025-05-01T05:00:00,,평일
3호선,1958,대화,309,,20250619,3호선,0342,오금,352,N,3호선,3323,1950,삼송,318,N,18:01:30,18:02:00,,3284,상행,2025-05-01T05:00:00,,평일
3호선,1958,대화,309,,20250619,3호선,0342,오금,352,N,3호선,3323,1948,원흥,317,N,18:04:00,18:04:30,,3284,상행,2025-05-01T05:00:00,,평일
3호선,1958,대화,309,,20250619,3호선,0342,오금,352,N,3호선,3323,1951,원당,316,N,18:07:00,18:07:30,,3284,상행,2025-05-01T05:00:00,,평일
3호선,1958,대화,309,,20250619,3호선,0342,오금,352,N,3호선,3323,1952,화정,315,N,18:10:30,18:11:00,,3284,상행,2025-05-01T05:00:00,,평일
3호선,1958,대화,309,,20250619,3호선,0342,오금,352,N,3호선,3323,1953,대곡,314,N,18:13:30,18:14:00,,3284,상행,2025-05-01T05:00:00,,평일
3호선,1958,대화,309,,20250619,3호선,0342,오금,352,N,3호선,3323,1954,백석,313,N,18:17:00,18:17:30,,3284,상행,2025-05-01T05:00:00,,평일
3호선,1958,대화,309,,20250619,3호선,0342,오금,352,N,3호선,3323,1955,마두,312,N,18:19:30,18:20:00,,3284,상행,2025-05-01T05:00:00,,평일
3호선,1958,대화,309,,20250619,3호선,0342,오금,352,N,3호선,3323,1956,정발산,311,N,18:21:30,18:22:00,,3284,상행,2025-05-01T05:00:00,,평일
3호선,1958,대화,309,,20250619,3호선,0342,오금,352,N,3호선,3323,1957,주엽,310,N,18:24:00,18:24:30,,3284,상행,2025-05-01T05:00:00,,평일
3호선,1958,대화,309,,20250619,3호선,0342,오금,352,N,3호선,3323,1958,대화,309,N,18:26:30,,,3284,상행,2025-05-01T05:00:00,,평일
3호선,0310,구파발,320,,20250619,3호선,0342,오금,352,N,3호선,3299,0342,오금,352,N,,16:58:00,,3286,상행,2025-05-01T05:00:00,,평일
3호선,0310,구파발,320,,20250619,3호선,0342,오금,352,N,3호선,3299,0341,경찰병원,351,N,16:59:00,16:59:30,,3286,상행,2025-05-01T05:00:00,,평일
3호선,0310,구파발,320,,20250619,3호선,0342,오금,352,N,3호선,3299,0340,가락시장,350,N,17:00:30,17:01:00,,3286,상행,2025-05-01T05:00:00,,평일
3호선,0310,구파발,320,,20250619,3호선,0342,오금,352,N,3호선,3299,0339,수서,349,N,17:03:00,17:03:30,,3286,상행,2025-05-01T05:00:00,,평일
3호선,0310,구파발,320,,20250619,3호선,0342,오금,352,N,3호선,3299,0338,일원,348,N,17:05:30,17:06:00,,3286,상행,2025-05-01T05:00:00,,평일
3호선,0310,구파발,320,,20250619,3호선,0342,오금,352,N,3호선,3299,0337,대청,347,N,17:07:30,17:08:00,,3286,상행,2025-05-01T05:00:00,,평일
3호선,0310,구파발,320,,20250619,3호선,0342,오금,352,N,3호선,3299,0336,학여울,346,N,17:09:30,17:10:00,,3286,상행,2025-05-01T05:00:00,,평일
3호선,0310,구파발,320,,20250619,3호선,0342,오금,352,N,3호선,3299,0335,대치,345,N,17:11:00,17:11:30,,3286,상행,2025-05-01T05:00:00,,평일
3호선,0310,구파발,320,,20250619,3호선,0342,오금,352,N,3호선,3299,0334,도곡,344,N,17:12:30,17:13:00,,3286,상행,2025-05-01T05:00:00,,평일
3호선,0310,구파발,320,,20250619,3호선,0342,오금,352,N,3호선,3299,0333,매봉,343,N,17:14:30,17:15:00,,3286,상행,2025-05-01T05:00:00,,평일
3호선,0310,구파발,320,,20250619,3호선,0342,오금,352,N,3호선,3299,0332,양재,342,N,17:17:00,17:17:30,,3286,상행,2025-05-01T05:00:00,,평일
3호선,0310,구파발,320,,20250619,3호선,0342,오금,352,N,3호선,3299,0331,남부터미널,341,N,17:19:30,17:20:00,,3286,상행,2025-05-01T05:00:00,,평일
3호선,0310,구파발,320,,20250619,3호선,0342,오금,352,N,3호선,3299,0330,교대,340,N,17:21:30,17:22:00,,3286,상행,2025-05-01T05:00:00,,평일
3호선,0310,구파발,320,,20250619,3호선,0342,오금,352,N,3호선,3299,0329,고속터미널,339,N,17:24:00,17:24:30,,3286,상행,2025-05-01T05:00:00,,평일
3호선,0310,구파발,320,,20250619,3호선,0342,오금,352,N,3호선,3299,0328,잠원,338,N,17:26:00,17:26:30,,3286,상행,2025-05-01T05:00:00,,평일
3호선,0310,구파발,320,,20250619,3호선,0342,오금,352,N,3호선,3299,0327,신사,337,N,17:28:00,17:28:30,,3286,상행,2025-05-01T05:00:00,,평일
3호선,0310,구파발,320,,20250619,3호선,0342,오금,352,N,3호선,3299,0326,압구정,336,N,17:30:30,17:31:00,,3286,상행,2025-05-01T05:00:00,,평일
3호선,0310,구파발,320,,20250619,3호선,0342,오금,352,N,3호선,3299,0325,옥수,335,N,17:33:00,17:33:30,,3286,상행,2025-05-01T05:00:00,,평일
3호선,0310,구파발,320,,20250619,3호선,0342,오금,352,N,3호선,3299,0324,금호,334,N,17:34:30,17:35:00,,3286,상행,2025-05-01T05:00:00,,평일
3호선,0310,구파발,320,,20250619,3호선,0342,오금,352,N,3호선,3299,0323,약수,333,N,17:36:00,17:36:30,,3286,상행,2025-05-01T05:00:00,,평일
3호선,0310,구파발,320,,20250619,3호선,0342,오금,352,N,3호선,3299,0322,동대입구,332,N,17:37:30,17:38:00,,3286,상행,2025-05-01T05:00:00,,평일
3호선,0310,구파발,320,,20250619,3호선,0342,오금,352,N,3호선,3299,0321,충무로,331,N,17:39:30,17:40:00,,3286,상행,2025-05-01T05:00:00,,평일
3호선,0310,구파발,320,,20250619,3호선,0342,오금,352,N,3호선,3299,0320,을지로3가,330,N,17:41:00,17:41:30,,3286,상행,2025-05-01T05:00:00,,평일
3호선,0310,구파발,320,,20250619,3호선,0342,오금,352,N,3호선,3299,0319,종로3가,329,N,17:42:30,17:43:00,,3286,상행,2025-05-01T05:00:00,,평일
3호선,0310,구파발,320,,20250619,3호선,0342,오금,352,N,3호선,3299,0318,안국,328,N,17:44:30,17:45:00,,3286,상행,2025-05-01T05:00:00,,평일
3호선,0310,구파발,320,,20250619,3호선,0342,오금,352,N,3호선,3299,0317,경복궁,327,N,17:46:30,17:47:00,,3286,상행,2025-05-01T05:00:00,,평일
3호선,0310,구파발,320,,20250619,3호선,0342,오금,352,N,3호선,3299,0316,독립문,326,N,17:49:00,17:49:30,,3286,상행,2025-05-01T05:00:00,,평일
3호선,0310,구파발,320,,20250619,3호선,0342,오금,352,N,3호선,3299,0315,무악재,325,N,17:51:00,17:51:30,,3286,상행,2025-05-01T05:00:00,,평일
3호선,0310,구파발,320,,20250619,3호선,0342,오금,352,N,3호선,3299,0314,홍제,324,N,17:53:00,17:53:30,,3286,상행,2025-05-01T05:00:00,,평일
3호선,0310,구파발,320,,20250619,3호선,0342,오금,352,N,3호선,3299,0313,녹번,323,N,17:55:30,17:56:00,,3286,상행,2025-05-01T05:00:00,,평일
3호선,0310,구파발,320,,20250619,3호선,0342,오금,352,N,3호선,3299,0312,불광,322,N,17:57:30,17:58:00,,3286,상행,2025-05-01T05:00:00,,평일
3호선,0310,구파발,320,,20250619,3호선,0342,오금,352,N,3호선,3299,0311,연신내,321,N,17:59:30,18:00:00,,3286,상행,2025-05-01T05:00:00,,평일
3호선,0310,구파발,320,,20250619,3호선,0342,오금,352,N,3호선,3299,0310,구파발,320,N,18:02:00,,,3286,상행,2025-05-01T05:00:00,,평일
3호선,1958,대화,309,,20250619,3호선,0342,오금,352,N,3호선,3327,0342,오금,352,N,,17:04:00,,3288,상행,2025-05-01T05:00:00,,평일
3호선,1958,대화,309,,20250619,3호선,0342,오금,352,N,3호선,3327,0341,경찰병원,351,N,17:05:00,17:05:30,,3288,상행,2025-05-01T05:00:00,,평일
3호선,1958,대화,309,,20250619,3호선,0342,오금,352,N,3호선,3327,0340,가락시장,350,N,17:06:30,17:07:00,,3288,상행,2025-05-01T05:00:00,,평일
3호선,1958,대화,309,,20250619,3호선,0342,오금,352,N,3호선,3327,0339,수서,349,N,17:09:00,17:09:30,,3288,상행,2025-05-01T05:00:00,,평일
3호선,1958,대화,309,,20250619,3호선,0342,오금,352,N,3호선,3327,0338,일원,348,N,17:11:30,17:12:00,,3288,상행,2025-05-01T05:00:00,,평일
3호선,1958,대화,309,,20250619,3호선,0342,오금,352,N,3호선,3327,0337,대청,347,N,17:13:30,17:14:00,,3288,상행,2025-05-01T05:00:00,,평일
3호선,1958,대화,309,,20250619,3호선,0342,오금,352,N,3호선,3327,0336,학여울,346,N,17:15:30,17:16:00,,3288,상행,2025-05-01T05:00:00,,평일
3호선,1958,대화,309,,20250619,3호선,0342,오금,352,N,3호선,3327,0335,대치,345,N,17:17:00,17:17:30,,3288,상행,2025-05-01T05:00:00,,평일
3호선,1958,대화,309,,20250619,3호선,0342,오금,352,N,3호선,3327,0334,도곡,344,N,17:18:30,17:19:00,,3288,상행,2025-05-01T05:00:00,,평일
3호선,1958,대화,309,,20250619,3호선,0342,오금,352,N,3호선,3327,0333,매봉,343,N,17:20:30,17:21:00,,3288,상행,2025-05-01T05:00:00,,평일
3호선,1958,대화,309,,20250619,3호선,0342,오금,352,N,3호선,3327,0332,양재,342,N,17:23:00,17:23:30,,3288,상행,2025-05-01T05:00:00,,평일
3호선,1958,대화,309,,20250619,3호선,0342,오금,352,N,3호선,3327,0331,남부터미널,341,N,17:25:30,17:26:00,,3288,상행,2025-05-01T05:00:00,,평일
3호선,1958,대화,309,,20250619,3호선,0342,오금,352,N,3호선,3327,0330,교대,340,N,17:27:30,17:28:00,,3288,상행,2025-05-01T05:00:00,,평일
3호선,1958,대화,309,,20250619,3호선,0342,오금,352,N,3호선,3327,0329,고속터미널,339,N,17:30:00,17:30:30,,3288,상행,2025-05-01T05:00:00,,평일
3호선,1958,대화,309,,20250619,3호선,0342,오금,352,N,3호선,3327,0328,잠원,338,N,17:32:00,17:32:30,,3288,상행,2025-05-01T05:00:00,,평일
3호선,1958,대화,309,,20250619,3호선,0342,오금,352,N,3호선,3327,0327,신사,337,N,17:34:00,17:34:30,,3288,상행,2025-05-01T05:00:00,,평일
3호선,1958,대화,309,,20250619,3호선,0342,오금,352,N,3호선,3327,0326,압구정,336,N,17:36:30,17:37:00,,3288,상행,2025-05-01T05:00:00,,평일
3호선,1958,대화,309,,20250619,3호선,0342,오금,352,N,3호선,3327,0325,옥수,335,N,17:39:00,17:39:30,,3288,상행,2025-05-01T05:00:00,,평일
3호선,1958,대화,309,,20250619,3호선,0342,오금,352,N,3호선,3327,0324,금호,334,N,17:40:30,17:41:00,,3288,상행,2025-05-01T05:00:00,,평일
3호선,1958,대화,309,,20250619,3호선,0342,오금,352,N,3호선,3327,0323,약수,333,N,17:42:00,17:42:30,,3288,상행,2025-05-01T05:00:00,,평일
3호선,1958,대화,309,,20250619,3호선,0342,오금,352,N,3호선,3327,0322,동대입구,332,N,17:43:30,17:44:00,,3288,상행,2025-05-01T05:00:00,,평일
3호선,1958,대화,309,,20250619,3호선,0342,오금,352,N,3호선,3327,0321,충무로,331,N,17:45:30,17:46:00,,3288,상행,2025-05-01T05:00:00,,평일
3호선,1958,대화,309,,20250619,3호선,0342,오금,352,N,3호선,3327,0320,을지로3가,330,N,17:47:00,17:47:30,,3288,상행,2025-05-01T05:00:00,,평일
3호선,1958,대화,309,,20250619,3호선,0342,오금,352,N,3호선,3327,0319,종로3가,329,N,17:48:30,17:49:00,,3288,상행,2025-05-01T05:00:00,,평일
3호선,1958,대화,309,,20250619,3호선,0342,오금,352,N,3호선,3327,0318,안국,328,N,17:50:30,17:51:00,,3288,상행,2025-05-01T05:00:00,,평일
3호선,1958,대화,309,,20250619,3호선,0342,오금,352,N,3호선,3327,0317,경복궁,327,N,17:52:30,17:53:00,,3288,상행,2025-05-01T05:00:00,,평일
3호선,1958,대화,309,,20250619,3호선,0342,오금,352,N,3호선,3327,0316,독립문,326,N,17:55:00,17:55:30,,3288,상행,2025-05-01T05:00:00,,평일
3호선,1958,대화,309,,20250619,3호선,0342,오금,352,N,3호선,3327,0315,무악재,325,N,17:57:00,17:57:30,,3288,상행,2025-05-01T05:00:00,,평일
3호선,1958,대화,309,,20250619,3호선,0342,오금,352,N,3호선,3327,0314,홍제,324,N,17:59:00,17:59:30,,3288,상행,2025-05-01T05:00:00,,평일
3호선,1958,대화,309,,20250619,3호선,0342,오금,352,N,3호선,3327,0313,녹번,323,N,18:01:30,18:02:00,,3288,상행,2025-05-01T05:00:00,,평일
3호선,1958,대화,309,,20250619,3호선,0342,오금,352,N,3호선,3327,0312,불광,322,N,18:03:30,18:04:00,,3288,상행,2025-05-01T05:00:00,,평일
3호선,1958,대화,309,,20250619,3호선,0342,오금,352,N,3호선,3327,0311,연신내,321,N,18:05:30,18:06:00,,3288,상행,2025-05-01T05:00:00,,평일
3호선,1958,대화,309,,20250619,3호선,0342,오금,352,N,3호선,3327,0310,구파발,320,N,18:08:00,18:08:30,,3288,상행,2025-05-01T05:00:00,,평일
3호선,1958,대화,309,,20250619,3호선,0342,오금,352,N,3호선,3327,0309,지축,319,N,18:11:30,18:12:00,,3288,상행,2025-05-01T05:00:00,,평일
3호선,1958,대화,309,,20250619,3호선,0342,오금,352,N,3호선,3327,1950,삼송,318,N,18:14:30,18:15:00,,3288,상행,2025-05-01T05:00:00,,평일
3호선,1958,대화,309,,20250619,3호선,0342,오금,352,N,3호선,3327,1948,원흥,317,N,18:17:00,18:17:30,,3288,상행,2025-05-01T05:00:00,,평일
3호선,1958,대화,309,,20250619,3호선,0342,오금,352,N,3호선,3327,1951,원당,316,N,18:20:00,18:20:30,,3288,상행,2025-05-01T05:00:00,,평일
3호선,1958,대화,309,,20250619,3호선,0342,오금,352,N,3호선,3327,1952,화정,315,N,18:23:30,18:24:00,,3288,상행,2025-05-01T05:00:00,,평일
3호선,1958,대화,309,,20250619,3호선,0342,오금,352,N,3호선,3327,1953,대곡,314,N,18:26:30,18:27:00,,3288,상행,2025-05-01T05:00:00,,평일
3호선,1958,대화,309,,20250619,3호선,0342,오금,352,N,3호선,3327,1954,백석,313,N,18:30:00,18:30:30,,3288,상행,2025-05-01T05:00:00,,평일
3호선,1958,대화,309,,20250619,3호선,0342,오금,352,N,3호선,3327,1955,마두,312,N,18:32:30,18:33:00,,3288,상행,2025-05-01T05:00:00,,평일
3호선,1958,대화,309,,20250619,3호선,0342,오금,352,N,3호선,3327,1956,정발산,311,N,18:34:30,18:35:00,,3288,상행,2025-05-01T05:00:00,,평일
3호선,1958,대화,309,,20250619,3호선,0342,오금,352,N,3호선,3327,1957,주엽,310,N,18:37:00,18:37:30,,3288,상행,2025-05-01T05:00:00,,평일
3호선,1958,대화,309,,20250619,3호선,0342,오금,352,N,3호선,3327,1958,대화,309,N,18:39:30,,,3288,상행,2025-05-01T05:00:00,,평일
3호선,1958,대화,309,,20250619,3호선,1950,삼송,318,N,3호선,3329,1950,삼송,318,N,,18:20:00,,3290K,상행,2025-05-01T05:00:00,,평일
3호선,1958,대화,309,,20250619,3호선,1950,삼송,318,N,3호선,3329,1948,원흥,317,N,18:22:00,18:22:30,,3290K,상행,2025-05-01T05:00:00,,평일
3호선,1958,대화,309,,20250619,3호선,1950,삼송,318,N,3호선,3329,1951,원당,316,N,18:25:00,18:25:30,,3290K,상행,2025-05-01T05:00:00,,평일
3호선,1958,대화,309,,20250619,3호선,1950,삼송,318,N,3호선,3329,1952,화정,315,N,18:28:30,18:29:00,,3290K,상행,2025-05-01T05:00:00,,평일
3호선,1958,대화,309,,20250619,3호선,1950,삼송,318,N,3호선,3329,1953,대곡,314,N,18:31:30,18:32:00,,3290K,상행,2025-05-01T05:00:00,,평일
3호선,1958,대화,309,,20250619,3호선,1950,삼송,318,N,3호선,3329,1954,백석,313,N,18:35:00,18:35:30,,3290K,상행,2025-05-01T05:00:00,,평일
3호선,1958,대화,309,,20250619,3호선,1950,삼송,318,N,3호선,3329,1955,마두,312,N,18:37:30,18:38:00,,3290K,상행,2025-05-01T05:00:00,,평일
3호선,1958,대화,309,,20250619,3호선,1950,삼송,318,N,3호선,3329,1956,정발산,311,N,18:39:30,18:40:00,,3290K,상행,2025-05-01T05:00:00,,평일
3호선,1958,대화,309,,20250619,3호선,1950,삼송,318,N,3호선,3329,1957,주엽,310,N,18:42:00,18:42:30,,3290K,상행,2025-05-01T05:00:00,,평일
3호선,1958,대화,309,,20250619,3호선,1950,삼송,318,N,3호선,3329,1958,대화,309,N,18:44:30,,,3290K,상행,2025-05-01T05:00:00,,평일
3호선,0310,구파발,320,,20250619,3호선,0342,오금,352,N,3호선,3303,0342,오금,352,N,,17:10:00,,3292,상행,2025-05-01T05:00:00,,평일
3호선,0310,구파발,320,,20250619,3호선,0342,오금,352,N,3호선,3303,0341,경찰병원,351,N,17:11:00,17:11:30,,3292,상행,2025-05-01T05:00:00,,평일
3호선,0310,구파발,320,,20250619,3호선,0342,오금,352,N,3호선,3303,0340,가락시장,350,N,17:12:30,17:13:00,,3292,상행,2025-05-01T05:00:00,,평일
3호선,0310,구파발,320,,20250619,3호선,0342,오금,352,N,3호선,3303,0339,수서,349,N,17:15:00,17:15:30,,3292,상행,2025-05-01T05:00:00,,평일
3호선,0310,구파발,320,,20250619,3호선,0342,오금,352,N,3호선,3303,0338,일원,348,N,17:17:30,17:18:00,,3292,상행,2025-05-01T05:00:00,,평일
3호선,0310,구파발,320,,20250619,3호선,0342,오금,352,N,3호선,3303,0337,대청,347,N,17:19:30,17:20:00,,3292,상행,2025-05-01T05:00:00,,평일
3호선,0310,구파발,320,,20250619,3호선,0342,오금,352,N,3호선,3303,0336,학여울,346,N,17:21:30,17:22:00,,3292,상행,2025-05-01T05:00:00,,평일
3호선,0310,구파발,320,,20250619,3호선,0342,오금,352,N,3호선,3303,0335,대치,345,N,17:23:00,17:23:30,,3292,상행,2025-05-01T05:00:00,,평일
3호선,0310,구파발,320,,20250619,3호선,0342,오금,352,N,3호선,3303,0334,도곡,344,N,17:24:30,17:25:00,,3292,상행,2025-05-01T05:00:00,,평일
3호선,0310,구파발,320,,20250619,3호선,0342,오금,352,N,3호선,3303,0333,매봉,343,N,17:26:30,17:27:00,,3292,상행,2025-05-01T05:00:00,,평일
3호선,0310,구파발,320,,20250619,3호선,0342,오금,352,N,3호선,3303,0332,양재,342,N,17:29:00,17:29:30,,3292,상행,2025-05-01T05:00:00,,평일
3호선,0310,구파발,320,,20250619,3호선,0342,오금,352,N,3호선,3303,0331,남부터미널,341,N,17:31:30,17:32:00,,3292,상행,2025-05-01T05:00:00,,평일
3호선,0310,구파발,320,,20250619,3호선,0342,오금,352,N,3호선,3303,0330,교대,340,N,17:33:30,17:34:00,,3292,상행,2025-05-01T05:00:00,,평일
3호선,0310,구파발,320,,20250619,3호선,0342,오금,352,N,3호선,3303,0329,고속터미널,339,N,17:36:00,17:36:30,,3292,상행,2025-05-01T05:00:00,,평일
3호선,0310,구파발,320,,20250619,3호선,0342,오금,352,N,3호선,3303,0328,잠원,338,N,17:38:00,17:38:30,,3292,상행,2025-05-01T05:00:00,,평일
3호선,0310,구파발,320,,20250619,3호선,0342,오금,352,N,3호선,3303,0327,신사,337,N,17:40:00,17:40:30,,3292,상행,2025-05-01T05:00:00,,평일
3호선,0310,구파발,320,,20250619,3호선,0342,오금,352,N,3호선,3303,0326,압구정,336,N,17:42:30,17:43:00,,3292,상행,2025-05-01T05:00:00,,평일
3호선,0310,구파발,320,,20250619,3호선,0342,오금,352,N,3호선,3303,0325,옥수,335,N,17:45:00,17:45:30,,3292,상행,2025-05-01T05:00:00,,평일
3호선,0310,구파발,320,,20250619,3호선,0342,오금,352,N,3호선,3303,0324,금호,334,N,17:46:30,17:47:00,,3292,상행,2025-05-01T05:00:00,,평일
3호선,0310,구파발,320,,20250619,3호선,0342,오금,352,N,3호선,3303,0323,약수,333,N,17:48:00,17:48:30,,3292,상행,2025-05-01T05:00:00,,평일
3호선,0310,구파발,320,,20250619,3호선,0342,오금,352,N,3호선,3303,0322,동대입구,332,N,17:49:30,17:50:00,,3292,상행,2025-05-01T05:00:00,,평일
3호선,0310,구파발,320,,20250619,3호선,0342,오금,352,N,3호선,3303,0321,충무로,331,N,17:51:30,17:52:00,,3292,상행,2025-05-01T05:00:00,,평일
3호선,0310,구파발,320,,20250619,3호선,0342,오금,352,N,3호선,3303,0320,을지로3가,330,N,17:53:00,17:53:30,,3292,상행,2025-05-01T05:00:00,,평일
3호선,0310,구파발,320,,20250619,3호선,0342,오금,352,N,3호선,3303,0319,종로3가,329,N,17:54:30,17:55:00,,3292,상행,2025-05-01T05:00:00,,평일
3호선,0310,구파발,320,,20250619,3호선,0342,오금,352,N,3호선,3303,0318,안국,328,N,17:56:30,17:57:00,,3292,상행,2025-05-01T05:00:00,,평일
3호선,0310,구파발,320,,20250619,3호선,0342,오금,352,N,3호선,3303,0317,경복궁,327,N,17:58:30,17:59:00,,3292,상행,2025-05-01T05:00:00,,평일
3호선,0310,구파발,320,,20250619,3호선,0342,오금,352,N,3호선,3303,0316,독립문,326,N,18:01:00,18:01:30,,3292,상행,2025-05-01T05:00:00,,평일
3호선,0310,구파발,320,,20250619,3호선,0342,오금,352,N,3호선,3303,0315,무악재,325,N,18:03:00,18:03:30,,3292,상행,2025-05-01T05:00:00,,평일
3호선,0310,구파발,320,,20250619,3호선,0342,오금,352,N,3호선,3303,0314,홍제,324,N,18:05:00,18:05:30,,3292,상행,2025-05-01T05:00:00,,평일
3호선,0310,구파발,320,,20250619,3호선,0342,오금,352,N,3호선,3303,0313,녹번,323,N,18:07:30,18:08:00,,3292,상행,2025-05-01T05:00:00,,평일
3호선,0310,구파발,320,,20250619,3호선,0342,오금,352,N,3호선,3303,0312,불광,322,N,18:09:30,18:10:00,,3292,상행,2025-05-01T05:00:00,,평일
3호선,0310,구파발,320,,20250619,3호선,0342,오금,352,N,3호선,3303,0311,연신내,321,N,18:11:30,18:12:00,,3292,상행,2025-05-01T05:00:00,,평일
3호선,0310,구파발,320,,20250619,3호선,0342,오금,352,N,3호선,3303,0310,구파발,320,N,18:14:00,,,3292,상행,2025-05-01T05:00:00,,평일
3호선,1958,대화,309,,20250619,3호선,0339,수서,349,N,3호선,3333,0339,수서,349,N,,17:20:30,,3294,상행,2025-05-01T05:00:00,,평일
3호선,1958,대화,309,,20250619,3호선,0339,수서,349,N,3호선,3333,0338,일원,348,N,17:22:30,17:23:00,,3294,상행,2025-05-01T05:00:00,,평일
3호선,1958,대화,309,,20250619,3호선,0339,수서,349,N,3호선,3333,0337,대청,347,N,17:24:30,17:25:00,,3294,상행,2025-05-01T05:00:00,,평일
3호선,1958,대화,309,,20250619,3호선,0339,수서,349,N,3호선,3333,0336,학여울,346,N,17:26:30,17:27:00,,3294,상행,2025-05-01T05:00:00,,평일
3호선,1958,대화,309,,20250619,3호선,0339,수서,349,N,3호선,3333,0335,대치,345,N,17:28:00,17:28:30,,3294,상행,2025-05-01T05:00:00,,평일
3호선,1958,대화,309,,20250619,3호선,0339,수서,349,N,3호선,3333,0334,도곡,344,N,17:29:30,17:30:00,,3294,상행,2025-05-01T05:00:00,,평일
3호선,1958,대화,309,,20250619,3호선,0339,수서,349,N,3호선,3333,0333,매봉,343,N,17:31:30,17:32:00,,3294,상행,2025-05-01T05:00:00,,평일
3호선,1958,대화,309,,20250619,3호선,0339,수서,349,N,3호선,3333,0332,양재,342,N,17:34:00,17:34:30,,3294,상행,2025-05-01T05:00:00,,평일
3호선,1958,대화,309,,20250619,3호선,0339,수서,349,N,3호선,3333,0331,남부터미널,341,N,17:36:30,17:37:00,,3294,상행,2025-05-01T05:00:00,,평일
3호선,1958,대화,309,,20250619,3호선,0339,수서,349,N,3호선,3333,0330,교대,340,N,17:38:30,17:39:00,,3294,상행,2025-05-01T05:00:00,,평일
3호선,1958,대화,309,,20250619,3호선,0339,수서,349,N,3호선,3333,0329,고속터미널,339,N,17:41:00,17:41:30,,3294,상행,2025-05-01T05:00:00,,평일
3호선,1958,대화,309,,20250619,3호선,0339,수서,349,N,3호선,3333,0328,잠원,338,N,17:43:00,17:43:30,,3294,상행,2025-05-01T05:00:00,,평일
3호선,1958,대화,309,,20250619,3호선,0339,수서,349,N,3호선,3333,0327,신사,337,N,17:45:00,17:45:30,,3294,상행,2025-05-01T05:00:00,,평일
3호선,1958,대화,309,,20250619,3호선,0339,수서,349,N,3호선,3333,0326,압구정,336,N,17:47:30,17:48:00,,3294,상행,2025-05-01T05:00:00,,평일
3호선,1958,대화,309,,20250619,3호선,0339,수서,349,N,3호선,3333,0325,옥수,335,N,17:50:00,17:50:30,,3294,상행,2025-05-01T05:00:00,,평일
3호선,1958,대화,309,,20250619,3호선,0339,수서,349,N,3호선,3333,0324,금호,334,N,17:51:30,17:52:00,,3294,상행,2025-05-01T05:00:00,,평일
3호선,1958,대화,309,,20250619,3호선,0339,수서,349,N,3호선,3333,0323,약수,333,N,17:53:00,17:53:30,,3294,상행,2025-05-01T05:00:00,,평일
3호선,1958,대화,309,,20250619,3호선,0339,수서,349,N,3호선,3333,0322,동대입구,332,N,17:54:30,17:55:00,,3294,상행,2025-05-01T05:00:00,,평일
3호선,1958,대화,309,,20250619,3호선,0339,수서,349,N,3호선,3333,0321,충무로,331,N,17:56:30,17:57:00,,3294,상행,2025-05-01T05:00:00,,평일
3호선,1958,대화,309,,20250619,3호선,0339,수서,349,N,3호선,3333,0320,을지로3가,330,N,17:58:00,17:58:30,,3294,상행,2025-05-01T05:00:00,,평일
3호선,1958,대화,309,,20250619,3호선,0339,수서,349,N,3호선,3333,0319,종로3가,329,N,17:59:30,18:00:00,,3294,상행,2025-05-01T05:00:00,,평일
3호선,1958,대화,309,,20250619,3호선,0339,수서,349,N,3호선,3333,0318,안국,328,N,18:01:30,18:02:00,,3294,상행,2025-05-01T05:00:00,,평일
3호선,1958,대화,309,,20250619,3호선,0339,수서,349,N,3호선,3333,0317,경복궁,327,N,18:03:30,18:04:00,,3294,상행,2025-05-01T05:00:00,,평일
3호선,1958,대화,309,,20250619,3호선,0339,수서,349,N,3호선,3333,0316,독립문,326,N,18:06:00,18:06:30,,3294,상행,2025-05-01T05:00:00,,평일
3호선,1958,대화,309,,20250619,3호선,0339,수서,349,N,3호선,3333,0315,무악재,325,N,18:08:00,18:08:30,,3294,상행,2025-05-01T05:00:00,,평일
3호선,1958,대화,309,,20250619,3호선,0339,수서,349,N,3호선,3333,0314,홍제,324,N,18:10:00,18:10:30,,3294,상행,2025-05-01T05:00:00,,평일
3호선,1958,대화,309,,20250619,3호선,0339,수서,349,N,3호선,3333,0313,녹번,323,N,18:12:30,18:13:00,,3294,상행,2025-05-01T05:00:00,,평일
3호선,1958,대화,309,,20250619,3호선,0339,수서,349,N,3호선,3333,0312,불광,322,N,18:14:30,18:15:00,,3294,상행,2025-05-01T05:00:00,,평일
3호선,1958,대화,309,,20250619,3호선,0339,수서,349,N,3호선,3333,0311,연신내,321,N,18:16:30,18:17:00,,3294,상행,2025-05-01T05:00:00,,평일
3호선,1958,대화,309,,20250619,3호선,0339,수서,349,N,3호선,3333,0310,구파발,320,N,18:19:00,18:19:30,,3294,상행,2025-05-01T05:00:00,,평일
3호선,1958,대화,309,,20250619,3호선,0339,수서,349,N,3호선,3333,0309,지축,319,N,18:22:30,18:23:00,,3294,상행,2025-05-01T05:00:00,,평일
3호선,1958,대화,309,,20250619,3호선,0339,수서,349,N,3호선,3333,1950,삼송,318,N,18:25:30,18:26:00,,3294,상행,2025-05-01T05:00:00,,평일
3호선,1958,대화,309,,20250619,3호선,0339,수서,349,N,3호선,3333,1948,원흥,317,N,18:28:00,18:28:30,,3294,상행,2025-05-01T05:00:00,,평일
3호선,1958,대화,309,,20250619,3호선,0339,수서,349,N,3호선,3333,1951,원당,316,N,18:31:00,18:31:30,,3294,상행,2025-05-01T05:00:00,,평일
3호선,1958,대화,309,,20250619,3호선,0339,수서,349,N,3호선,3333,1952,화정,315,N,18:34:30,18:35:00,,3294,상행,2025-05-01T05:00:00,,평일
3호선,1958,대화,309,,20250619,3호선,0339,수서,349,N,3호선,3333,1953,대곡,314,N,18:37:30,18:38:00,,3294,상행,2025-05-01T05:00:00,,평일
3호선,1958,대화,309,,20250619,3호선,0339,수서,349,N,3호선,3333,1954,백석,313,N,18:41:00,18:41:30,,3294,상행,2025-05-01T05:00:00,,평일
3호선,1958,대화,309,,20250619,3호선,0339,수서,349,N,3호선,3333,1955,마두,312,N,18:43:30,18:44:00,,3294,상행,2025-05-01T05:00:00,,평일
3호선,1958,대화,309,,20250619,3호선,0339,수서,349,N,3호선,3333,1956,정발산,311,N,18:45:30,18:46:00,,3294,상행,2025-05-01T05:00:00,,평일
3호선,1958,대화,309,,20250619,3호선,0339,수서,349,N,3호선,3333,1957,주엽,310,N,18:48:00,18:48:30,,3294,상행,2025-05-01T05:00:00,,평일
3호선,1958,대화,309,,20250619,3호선,0339,수서,349,N,3호선,3333,1958,대화,309,N,18:50:30,,,3294,상행,2025-05-01T05:00:00,,평일
3호선,0310,구파발,320,,20250619,3호선,0342,오금,352,N,3호선,3307,0342,오금,352,N,,17:20:00,,3296,상행,2025-05-01T05:00:00,,평일
3호선,0310,구파발,320,,20250619,3호선,0342,오금,352,N,3호선,3307,0341,경찰병원,351,N,17:21:00,17:21:30,,3296,상행,2025-05-01T05:00:00,,평일
3호선,0310,구파발,320,,20250619,3호선,0342,오금,352,N,3호선,3307,0340,가락시장,350,N,17:22:30,17:23:00,,3296,상행,2025-05-01T05:00:00,,평일
3호선,0310,구파발,320,,20250619,3호선,0342,오금,352,N,3호선,3307,0339,수서,349,N,17:25:00,17:25:30,,3296,상행,2025-05-01T05:00:00,,평일
3호선,0310,구파발,320,,20250619,3호선,0342,오금,352,N,3호선,3307,0338,일원,348,N,17:27:30,17:28:00,,3296,상행,2025-05-01T05:00:00,,평일
3호선,0310,구파발,320,,20250619,3호선,0342,오금,352,N,3호선,3307,0337,대청,347,N,17:29:30,17:30:00,,3296,상행,2025-05-01T05:00:00,,평일
3호선,0310,구파발,320,,20250619,3호선,0342,오금,352,N,3호선,3307,0336,학여울,346,N,17:31:30,17:32:00,,3296,상행,2025-05-01T05:00:00,,평일
3호선,0310,구파발,320,,20250619,3호선,0342,오금,352,N,3호선,3307,0335,대치,345,N,17:33:00,17:33:30,,3296,상행,2025-05-01T05:00:00,,평일
3호선,0310,구파발,320,,20250619,3호선,0342,오금,352,N,3호선,3307,0334,도곡,344,N,17:34:30,17:35:00,,3296,상행,2025-05-01T05:00:00,,평일
3호선,0310,구파발,320,,20250619,3호선,0342,오금,352,N,3호선,3307,0333,매봉,343,N,17:36:30,17:37:00,,3296,상행,2025-05-01T05:00:00,,평일
3호선,0310,구파발,320,,20250619,3호선,0342,오금,352,N,3호선,3307,0332,양재,342,N,17:39:00,17:39:30,,3296,상행,2025-05-01T05:00:00,,평일
3호선,0310,구파발,320,,20250619,3호선,0342,오금,352,N,3호선,3307,0331,남부터미널,341,N,17:41:30,17:42:00,,3296,상행,2025-05-01T05:00:00,,평일
3호선,0310,구파발,320,,20250619,3호선,0342,오금,352,N,3호선,3307,0330,교대,340,N,17:43:30,17:44:00,,3296,상행,2025-05-01T05:00:00,,평일
3호선,0310,구파발,320,,20250619,3호선,0342,오금,352,N,3호선,3307,0329,고속터미널,339,N,17:46:00,17:46:30,,3296,상행,2025-05-01T05:00:00,,평일
3호선,0310,구파발,320,,20250619,3호선,0342,오금,352,N,3호선,3307,0328,잠원,338,N,17:48:00,17:48:30,,3296,상행,2025-05-01T05:00:00,,평일
3호선,0310,구파발,320,,20250619,3호선,0342,오금,352,N,3호선,3307,0327,신사,337,N,17:50:00,17:50:30,,3296,상행,2025-05-01T05:00:00,,평일
3호선,0310,구파발,320,,20250619,3호선,0342,오금,352,N,3호선,3307,0326,압구정,336,N,17:52:30,17:53:00,,3296,상행,2025-05-01T05:00:00,,평일
3호선,0310,구파발,320,,20250619,3호선,0342,오금,352,N,3호선,3307,0325,옥수,335,N,17:55:00,17:55:30,,3296,상행,2025-05-01T05:00:00,,평일
3호선,0310,구파발,320,,20250619,3호선,0342,오금,352,N,3호선,3307,0324,금호,334,N,17:56:30,17:57:00,,3296,상행,2025-05-01T05:00:00,,평일
3호선,0310,구파발,320,,20250619,3호선,0342,오금,352,N,3호선,3307,0323,약수,333,N,17:58:00,17:58:30,,3296,상행,2025-05-01T05:00:00,,평일
3호선,0310,구파발,320,,20250619,3호선,0342,오금,352,N,3호선,3307,0322,동대입구,332,N,17:59:30,18:00:00,,3296,상행,2025-05-01T05:00:00,,평일
3호선,0310,구파발,320,,20250619,3호선,0342,오금,352,N,3호선,3307,0321,충무로,331,N,18:01:30,18:02:00,,3296,상행,2025-05-01T05:00:00,,평일
3호선,0310,구파발,320,,20250619,3호선,0342,오금,352,N,3호선,3307,0320,을지로3가,330,N,18:03:00,18:03:30,,3296,상행,2025-05-01T05:00:00,,평일
3호선,0310,구파발,320,,20250619,3호선,0342,오금,352,N,3호선,3307,0319,종로3가,329,N,18:04:30,18:05:00,,3296,상행,2025-05-01T05:00:00,,평일
3호선,0310,구파발,320,,20250619,3호선,0342,오금,352,N,3호선,3307,0318,안국,328,N,18:06:30,18:07:00,,3296,상행,2025-05-01T05:00:00,,평일
3호선,0310,구파발,320,,20250619,3호선,0342,오금,352,N,3호선,3307,0317,경복궁,327,N,18:08:30,18:09:00,,3296,상행,2025-05-01T05:00:00,,평일
3호선,0310,구파발,320,,20250619,3호선,0342,오금,352,N,3호선,3307,0316,독립문,326,N,18:11:00,18:11:30,,3296,상행,2025-05-01T05:00:00,,평일
3호선,0310,구파발,320,,20250619,3호선,0342,오금,352,N,3호선,3307,0315,무악재,325,N,18:13:00,18:13:30,,3296,상행,2025-05-01T05:00:00,,평일
3호선,0310,구파발,320,,20250619,3호선,0342,오금,352,N,3호선,3307,0314,홍제,324,N,18:15:00,18:15:30,,3296,상행,2025-05-01T05:00:00,,평일
3호선,0310,구파발,320,,20250619,3호선,0342,오금,352,N,3호선,3307,0313,녹번,323,N,18:17:30,18:18:00,,3296,상행,2025-05-01T05:00:00,,평일
3호선,0310,구파발,320,,20250619,3호선,0342,오금,352,N,3호선,3307,0312,불광,322,N,18:19:30,18:20:00,,3296,상행,2025-05-01T05:00:00,,평일
3호선,0310,구파발,320,,20250619,3호선,0342,오금,352,N,3호선,3307,0311,연신내,321,N,18:21:30,18:22:00,,3296,상행,2025-05-01T05:00:00,,평일
3호선,0310,구파발,320,,20250619,3호선,0342,오금,352,N,3호선,3307,0310,구파발,320,N,18:24:00,,,3296,상행,2025-05-01T05:00:00,,평일
3호선,1958,대화,309,,20250619,3호선,0342,오금,352,N,3호선,3337,0342,오금,352,N,,17:24:00,,3298,상행,2025-05-01T05:00:00,,평일
3호선,1958,대화,309,,20250619,3호선,0342,오금,352,N,3호선,3337,0341,경찰병원,351,N,17:25:00,17:25:30,,3298,상행,2025-05-01T05:00:00,,평일
3호선,1958,대화,309,,20250619,3호선,0342,오금,352,N,3호선,3337,0340,가락시장,350,N,17:26:30,17:27:00,,3298,상행,2025-05-01T05:00:00,,평일
3호선,1958,대화,309,,20250619,3호선,0342,오금,352,N,3호선,3337,0339,수서,349,N,17:29:00,17:29:30,,3298,상행,2025-05-01T05:00:00,,평일
3호선,1958,대화,309,,20250619,3호선,0342,오금,352,N,3호선,3337,0338,일원,348,N,17:31:30,17:32:00,,3298,상행,2025-05-01T05:00:00,,평일
3호선,1958,대화,309,,20250619,3호선,0342,오금,352,N,3호선,3337,0337,대청,347,N,17:33:30,17:34:00,,3298,상행,2025-05-01T05:00:00,,평일
3호선,1958,대화,309,,20250619,3호선,0342,오금,352,N,3호선,3337,0336,학여울,346,N,17:35:30,17:36:00,,3298,상행,2025-05-01T05:00:00,,평일
3호선,1958,대화,309,,20250619,3호선,0342,오금,352,N,3호선,3337,0335,대치,345,N,17:37:00,17:37:30,,3298,상행,2025-05-01T05:00:00,,평일
3호선,1958,대화,309,,20250619,3호선,0342,오금,352,N,3호선,3337,0334,도곡,344,N,17:38:30,17:39:00,,3298,상행,2025-05-01T05:00:00,,평일
3호선,1958,대화,309,,20250619,3호선,0342,오금,352,N,3호선,3337,0333,매봉,343,N,17:40:30,17:41:00,,3298,상행,2025-05-01T05:00:00,,평일
3호선,1958,대화,309,,20250619,3호선,0342,오금,352,N,3호선,3337,0332,양재,342,N,17:43:00,17:43:30,,3298,상행,2025-05-01T05:00:00,,평일
3호선,1958,대화,309,,20250619,3호선,0342,오금,352,N,3호선,3337,0331,남부터미널,341,N,17:45:30,17:46:00,,3298,상행,2025-05-01T05:00:00,,평일
3호선,1958,대화,309,,20250619,3호선,0342,오금,352,N,3호선,3337,0330,교대,340,N,17:47:30,17:48:00,,3298,상행,2025-05-01T05:00:00,,평일
3호선,1958,대화,309,,20250619,3호선,0342,오금,352,N,3호선,3337,0329,고속터미널,339,N,17:50:00,17:50:30,,3298,상행,2025-05-01T05:00:00,,평일
3호선,1958,대화,309,,20250619,3호선,0342,오금,352,N,3호선,3337,0328,잠원,338,N,17:52:00,17:52:30,,3298,상행,2025-05-01T05:00:00,,평일
3호선,1958,대화,309,,20250619,3호선,0342,오금,352,N,3호선,3337,0327,신사,337,N,17:54:00,17:54:30,,3298,상행,2025-05-01T05:00:00,,평일
3호선,1958,대화,309,,20250619,3호선,0342,오금,352,N,3호선,3337,0326,압구정,336,N,17:56:30,17:57:00,,3298,상행,2025-05-01T05:00:00,,평일
3호선,1958,대화,309,,20250619,3호선,0342,오금,352,N,3호선,3337,0325,옥수,335,N,17:59:00,17:59:30,,3298,상행,2025-05-01T05:00:00,,평일
3호선,1958,대화,309,,20250619,3호선,0342,오금,352,N,3호선,3337,0324,금호,334,N,18:00:30,18:01:00,,3298,상행,2025-05-01T05:00:00,,평일
3호선,1958,대화,309,,20250619,3호선,0342,오금,352,N,3호선,3337,0323,약수,333,N,18:02:00,18:02:30,,3298,상행,2025-05-01T05:00:00,,평일
3호선,1958,대화,309,,20250619,3호선,0342,오금,352,N,3호선,3337,0322,동대입구,332,N,18:03:30,18:04:00,,3298,상행,2025-05-01T05:00:00,,평일
3호선,1958,대화,309,,20250619,3호선,0342,오금,352,N,3호선,3337,0321,충무로,331,N,18:05:30,18:06:00,,3298,상행,2025-05-01T05:00:00,,평일
3호선,1958,대화,309,,20250619,3호선,0342,오금,352,N,3호선,3337,0320,을지로3가,330,N,18:07:00,18:07:30,,3298,상행,2025-05-01T05:00:00,,평일
3호선,1958,대화,309,,20250619,3호선,0342,오금,352,N,3호선,3337,0319,종로3가,329,N,18:08:30,18:09:00,,3298,상행,2025-05-01T05:00:00,,평일
3호선,1958,대화,309,,20250619,3호선,0342,오금,352,N,3호선,3337,0318,안국,328,N,18:10:30,18:11:00,,3298,상행,2025-05-01T05:00:00,,평일
3호선,1958,대화,309,,20250619,3호선,0342,오금,352,N,3호선,3337,0317,경복궁,327,N,18:12:30,18:13:00,,3298,상행,2025-05-01T05:00:00,,평일
3호선,1958,대화,309,,20250619,3호선,0342,오금,352,N,3호선,3337,0316,독립문,326,N,18:15:00,18:15:30,,3298,상행,2025-05-01T05:00:00,,평일
3호선,1958,대화,309,,20250619,3호선,0342,오금,352,N,3호선,3337,0315,무악재,325,N,18:17:00,18:17:30,,3298,상행,2025-05-01T05:00:00,,평일
3호선,1958,대화,309,,20250619,3호선,0342,오금,352,N,3호선,3337,0314,홍제,324,N,18:19:00,18:19:30,,3298,상행,2025-05-01T05:00:00,,평일
3호선,1958,대화,309,,20250619,3호선,0342,오금,352,N,3호선,3337,0313,녹번,323,N,18:21:30,18:22:00,,3298,상행,2025-05-01T05:00:00,,평일
3호선,1958,대화,309,,20250619,3호선,0342,오금,352,N,3호선,3337,0312,불광,322,N,18:23:30,18:24:00,,3298,상행,2025-05-01T05:00:00,,평일
3호선,1958,대화,309,,20250619,3호선,0342,오금,352,N,3호선,3337,0311,연신내,321,N,18:25:30,18:26:00,,3298,상행,2025-05-01T05:00:00,,평일
3호선,1958,대화,309,,20250619,3호선,0342,오금,352,N,3호선,3337,0310,구파발,320,N,18:28:00,18:28:30,,3298,상행,2025-05-01T05:00:00,,평일
3호선,1958,대화,309,,20250619,3호선,0342,오금,352,N,3호선,3337,0309,지축,319,N,18:31:30,18:32:00,,3298,상행,2025-05-01T05:00:00,,평일
3호선,1958,대화,309,,20250619,3호선,0342,오금,352,N,3호선,3337,1950,삼송,318,N,18:34:30,18:35:00,,3298,상행,2025-05-01T05:00:00,,평일
3호선,1958,대화,309,,20250619,3호선,0342,오금,352,N,3호선,3337,1948,원흥,317,N,18:37:00,18:37:30,,3298,상행,2025-05-01T05:00:00,,평일
3호선,1958,대화,309,,20250619,3호선,0342,오금,352,N,3호선,3337,1951,원당,316,N,18:40:00,18:40:30,,3298,상행,2025-05-01T05:00:00,,평일
3호선,1958,대화,309,,20250619,3호선,0342,오금,352,N,3호선,3337,1952,화정,315,N,18:43:30,18:44:00,,3298,상행,2025-05-01T05:00:00,,평일
3호선,1958,대화,309,,20250619,3호선,0342,오금,352,N,3호선,3337,1953,대곡,314,N,18:46:30,18:47:00,,3298,상행,2025-05-01T05:00:00,,평일
3호선,1958,대화,309,,20250619,3호선,0342,오금,352,N,3호선,3337,1954,백석,313,N,18:50:00,18:50:30,,3298,상행,2025-05-01T05:00:00,,평일
3호선,1958,대화,309,,20250619,3호선,0342,오금,352,N,3호선,3337,1955,마두,312,N,18:52:30,18:53:00,,3298,상행,2025-05-01T05:00:00,,평일
3호선,1958,대화,309,,20250619,3호선,0342,오금,352,N,3호선,3337,1956,정발산,311,N,18:54:30,18:55:00,,3298,상행,2025-05-01T05:00:00,,평일
3호선,1958,대화,309,,20250619,3호선,0342,오금,352,N,3호선,3337,1957,주엽,310,N,18:57:00,18:57:30,,3298,상행,2025-05-01T05:00:00,,평일
3호선,1958,대화,309,,20250619,3호선,0342,오금,352,N,3호선,3337,1958,대화,309,N,18:59:30,,,3298,상행,2025-05-01T05:00:00,,평일
3호선,0310,구파발,320,,20250619,3호선,0339,수서,349,N,3호선,3311,0339,수서,349,N,,17:34:30,,3300,상행,2025-05-01T05:00:00,,평일
3호선,0310,구파발,320,,20250619,3호선,0339,수서,349,N,3호선,3311,0338,일원,348,N,17:36:30,17:37:00,,3300,상행,2025-05-01T05:00:00,,평일
3호선,0310,구파발,320,,20250619,3호선,0339,수서,349,N,3호선,3311,0337,대청,347,N,17:38:30,17:39:00,,3300,상행,2025-05-01T05:00:00,,평일
3호선,0310,구파발,320,,20250619,3호선,0339,수서,349,N,3호선,3311,0336,학여울,346,N,17:40:30,17:41:00,,3300,상행,2025-05-01T05:00:00,,평일
3호선,0310,구파발,320,,20250619,3호선,0339,수서,349,N,3호선,3311,0335,대치,345,N,17:42:00,17:42:30,,3300,상행,2025-05-01T05:00:00,,평일
3호선,0310,구파발,320,,20250619,3호선,0339,수서,349,N,3호선,3311,0334,도곡,344,N,17:43:30,17:44:00,,3300,상행,2025-05-01T05:00:00,,평일
3호선,0310,구파발,320,,20250619,3호선,0339,수서,349,N,3호선,3311,0333,매봉,343,N,17:45:30,17:46:00,,3300,상행,2025-05-01T05:00:00,,평일
3호선,0310,구파발,320,,20250619,3호선,0339,수서,349,N,3호선,3311,0332,양재,342,N,17:48:00,17:48:30,,3300,상행,2025-05-01T05:00:00,,평일
3호선,0310,구파발,320,,20250619,3호선,0339,수서,349,N,3호선,3311,0331,남부터미널,341,N,17:50:30,17:51:00,,3300,상행,2025-05-01T05:00:00,,평일
3호선,0310,구파발,320,,20250619,3호선,0339,수서,349,N,3호선,3311,0330,교대,340,N,17:52:30,17:53:00,,3300,상행,2025-05-01T05:00:00,,평일
3호선,0310,구파발,320,,20250619,3호선,0339,수서,349,N,3호선,3311,0329,고속터미널,339,N,17:55:00,17:55:30,,3300,상행,2025-05-01T05:00:00,,평일
3호선,0310,구파발,320,,20250619,3호선,0339,수서,349,N,3호선,3311,0328,잠원,338,N,17:57:00,17:57:30,,3300,상행,2025-05-01T05:00:00,,평일
3호선,0310,구파발,320,,20250619,3호선,0339,수서,349,N,3호선,3311,0327,신사,337,N,17:59:00,17:59:30,,3300,상행,2025-05-01T05:00:00,,평일
3호선,0310,구파발,320,,20250619,3호선,0339,수서,349,N,3호선,3311,0326,압구정,336,N,18:01:30,18:02:00,,3300,상행,2025-05-01T05:00:00,,평일
3호선,0310,구파발,320,,20250619,3호선,0339,수서,349,N,3호선,3311,0325,옥수,335,N,18:04:00,18:04:30,,3300,상행,2025-05-01T05:00:00,,평일
3호선,0310,구파발,320,,20250619,3호선,0339,수서,349,N,3호선,3311,0324,금호,334,N,18:05:30,18:06:00,,3300,상행,2025-05-01T05:00:00,,평일
3호선,0310,구파발,320,,20250619,3호선,0339,수서,349,N,3호선,3311,0323,약수,333,N,18:07:00,18:07:30,,3300,상행,2025-05-01T05:00:00,,평일
3호선,0310,구파발,320,,20250619,3호선,0339,수서,349,N,3호선,3311,0322,동대입구,332,N,18:08:30,18:09:00,,3300,상행,2025-05-01T05:00:00,,평일
3호선,0310,구파발,320,,20250619,3호선,0339,수서,349,N,3호선,3311,0321,충무로,331,N,18:10:30,18:11:00,,3300,상행,2025-05-01T05:00:00,,평일
3호선,0310,구파발,320,,20250619,3호선,0339,수서,349,N,3호선,3311,0320,을지로3가,330,N,18:12:00,18:12:30,,3300,상행,2025-05-01T05:00:00,,평일
3호선,0310,구파발,320,,20250619,3호선,0339,수서,349,N,3호선,3311,0319,종로3가,329,N,18:13:30,18:14:00,,3300,상행,2025-05-01T05:00:00,,평일
3호선,0310,구파발,320,,20250619,3호선,0339,수서,349,N,3호선,3311,0318,안국,328,N,18:15:30,18:16:00,,3300,상행,2025-05-01T05:00:00,,평일
3호선,0310,구파발,320,,20250619,3호선,0339,수서,349,N,3호선,3311,0317,경복궁,327,N,18:17:30,18:18:00,,3300,상행,2025-05-01T05:00:00,,평일
3호선,0310,구파발,320,,20250619,3호선,0339,수서,349,N,3호선,3311,0316,독립문,326,N,18:20:00,18:20:30,,3300,상행,2025-05-01T05:00:00,,평일
3호선,0310,구파발,320,,20250619,3호선,0339,수서,349,N,3호선,3311,0315,무악재,325,N,18:22:00,18:22:30,,3300,상행,2025-05-01T05:00:00,,평일
3호선,0310,구파발,320,,20250619,3호선,0339,수서,349,N,3호선,3311,0314,홍제,324,N,18:24:00,18:24:30,,3300,상행,2025-05-01T05:00:00,,평일
3호선,0310,구파발,320,,20250619,3호선,0339,수서,349,N,3호선,3311,0313,녹번,323,N,18:26:30,18:27:00,,3300,상행,2025-05-01T05:00:00,,평일
3호선,0310,구파발,320,,20250619,3호선,0339,수서,349,N,3호선,3311,0312,불광,322,N,18:28:30,18:29:00,,3300,상행,2025-05-01T05:00:00,,평일
3호선,0310,구파발,320,,20250619,3호선,0339,수서,349,N,3호선,3311,0311,연신내,321,N,18:30:30,18:31:00,,3300,상행,2025-05-01T05:00:00,,평일
3호선,0310,구파발,320,,20250619,3호선,0339,수서,349,N,3호선,3311,0310,구파발,320,N,18:33:00,,,3300,상행,2025-05-01T05:00:00,,평일
3호선,1958,대화,309,,20250619,3호선,0342,오금,352,N,3호선,3341,0342,오금,352,N,,17:33:30,,3302,상행,2025-05-01T05:00:00,,평일
3호선,1958,대화,309,,20250619,3호선,0342,오금,352,N,3호선,3341,0341,경찰병원,351,N,17:34:30,17:35:00,,3302,상행,2025-05-01T05:00:00,,평일
3호선,1958,대화,309,,20250619,3호선,0342,오금,352,N,3호선,3341,0340,가락시장,350,N,17:36:00,17:36:30,,3302,상행,2025-05-01T05:00:00,,평일
3호선,1958,대화,309,,20250619,3호선,0342,오금,352,N,3호선,3341,0339,수서,349,N,17:38:30,17:39:00,,3302,상행,2025-05-01T05:00:00,,평일
3호선,1958,대화,309,,20250619,3호선,0342,오금,352,N,3호선,3341,0338,일원,348,N,17:41:00,17:41:30,,3302,상행,2025-05-01T05:00:00,,평일
3호선,1958,대화,309,,20250619,3호선,0342,오금,352,N,3호선,3341,0337,대청,347,N,17:43:00,17:43:30,,3302,상행,2025-05-01T05:00:00,,평일
3호선,1958,대화,309,,20250619,3호선,0342,오금,352,N,3호선,3341,0336,학여울,346,N,17:45:00,17:45:30,,3302,상행,2025-05-01T05:00:00,,평일
3호선,1958,대화,309,,20250619,3호선,0342,오금,352,N,3호선,3341,0335,대치,345,N,17:46:30,17:47:00,,3302,상행,2025-05-01T05:00:00,,평일
3호선,1958,대화,309,,20250619,3호선,0342,오금,352,N,3호선,3341,0334,도곡,344,N,17:48:00,17:48:30,,3302,상행,2025-05-01T05:00:00,,평일
3호선,1958,대화,309,,20250619,3호선,0342,오금,352,N,3호선,3341,0333,매봉,343,N,17:50:00,17:50:30,,3302,상행,2025-05-01T05:00:00,,평일
3호선,1958,대화,309,,20250619,3호선,0342,오금,352,N,3호선,3341,0332,양재,342,N,17:52:30,17:53:00,,3302,상행,2025-05-01T05:00:00,,평일
3호선,1958,대화,309,,20250619,3호선,0342,오금,352,N,3호선,3341,0331,남부터미널,341,N,17:55:00,17:55:30,,3302,상행,2025-05-01T05:00:00,,평일
3호선,1958,대화,309,,20250619,3호선,0342,오금,352,N,3호선,3341,0330,교대,340,N,17:57:00,17:57:30,,3302,상행,2025-05-01T05:00:00,,평일
3호선,1958,대화,309,,20250619,3호선,0342,오금,352,N,3호선,3341,0329,고속터미널,339,N,17:59:30,18:00:00,,3302,상행,2025-05-01T05:00:00,,평일
3호선,1958,대화,309,,20250619,3호선,0342,오금,352,N,3호선,3341,0328,잠원,338,N,18:01:30,18:02:00,,3302,상행,2025-05-01T05:00:00,,평일
3호선,1958,대화,309,,20250619,3호선,0342,오금,352,N,3호선,3341,0327,신사,337,N,18:03:30,18:04:00,,3302,상행,2025-05-01T05:00:00,,평일
3호선,1958,대화,309,,20250619,3호선,0342,오금,352,N,3호선,3341,0326,압구정,336,N,18:06:00,18:06:30,,3302,상행,2025-05-01T05:00:00,,평일
3호선,1958,대화,309,,20250619,3호선,0342,오금,352,N,3호선,3341,0325,옥수,335,N,18:08:30,18:09:00,,3302,상행,2025-05-01T05:00:00,,평일
3호선,1958,대화,309,,20250619,3호선,0342,오금,352,N,3호선,3341,0324,금호,334,N,18:10:00,18:10:30,,3302,상행,2025-05-01T05:00:00,,평일
3호선,1958,대화,309,,20250619,3호선,0342,오금,352,N,3호선,3341,0323,약수,333,N,18:11:30,18:12:00,,3302,상행,2025-05-01T05:00:00,,평일
3호선,1958,대화,309,,20250619,3호선,0342,오금,352,N,3호선,3341,0322,동대입구,332,N,18:13:00,18:13:30,,3302,상행,2025-05-01T05:00:00,,평일
3호선,1958,대화,309,,20250619,3호선,0342,오금,352,N,3호선,3341,0321,충무로,331,N,18:15:00,18:15:30,,3302,상행,2025-05-01T05:00:00,,평일
3호선,1958,대화,309,,20250619,3호선,0342,오금,352,N,3호선,3341,0320,을지로3가,330,N,18:16:30,18:17:00,,3302,상행,2025-05-01T05:00:00,,평일
3호선,1958,대화,309,,20250619,3호선,0342,오금,352,N,3호선,3341,0319,종로3가,329,N,18:18:00,18:18:30,,3302,상행,2025-05-01T05:00:00,,평일
3호선,1958,대화,309,,20250619,3호선,0342,오금,352,N,3호선,3341,0318,안국,328,N,18:20:00,18:20:30,,3302,상행,2025-05-01T05:00:00,,평일
3호선,1958,대화,309,,20250619,3호선,0342,오금,352,N,3호선,3341,0317,경복궁,327,N,18:22:00,18:22:30,,3302,상행,2025-05-01T05:00:00,,평일
3호선,1958,대화,309,,20250619,3호선,0342,오금,352,N,3호선,3341,0316,독립문,326,N,18:24:30,18:25:00,,3302,상행,2025-05-01T05:00:00,,평일
3호선,1958,대화,309,,20250619,3호선,0342,오금,352,N,3호선,3341,0315,무악재,325,N,18:26:30,18:27:00,,3302,상행,2025-05-01T05:00:00,,평일
3호선,1958,대화,309,,20250619,3호선,0342,오금,352,N,3호선,3341,0314,홍제,324,N,18:28:30,18:29:00,,3302,상행,2025-05-01T05:00:00,,평일
3호선,1958,대화,309,,20250619,3호선,0342,오금,352,N,3호선,3341,0313,녹번,323,N,18:31:00,18:31:30,,3302,상행,2025-05-01T05:00:00,,평일
3호선,1958,대화,309,,20250619,3호선,0342,오금,352,N,3호선,3341,0312,불광,322,N,18:33:00,18:33:30,,3302,상행,2025-05-01T05:00:00,,평일
3호선,1958,대화,309,,20250619,3호선,0342,오금,352,N,3호선,3341,0311,연신내,321,N,18:35:00,18:35:30,,3302,상행,2025-05-01T05:00:00,,평일
3호선,1958,대화,309,,20250619,3호선,0342,오금,352,N,3호선,3341,0310,구파발,320,N,18:37:30,18:38:00,,3302,상행,2025-05-01T05:00:00,,평일
3호선,1958,대화,309,,20250619,3호선,0342,오금,352,N,3호선,3341,0309,지축,319,N,18:41:00,18:41:30,,3302,상행,2025-05-01T05:00:00,,평일
3호선,1958,대화,309,,20250619,3호선,0342,오금,352,N,3호선,3341,1950,삼송,318,N,18:44:00,18:44:30,,3302,상행,2025-05-01T05:00:00,,평일
3호선,1958,대화,309,,20250619,3호선,0342,오금,352,N,3호선,3341,1948,원흥,317,N,18:46:30,18:47:00,,3302,상행,2025-05-01T05:00:00,,평일
3호선,1958,대화,309,,20250619,3호선,0342,오금,352,N,3호선,3341,1951,원당,316,N,18:49:30,18:50:00,,3302,상행,2025-05-01T05:00:00,,평일
3호선,1958,대화,309,,20250619,3호선,0342,오금,352,N,3호선,3341,1952,화정,315,N,18:53:00,18:53:30,,3302,상행,2025-05-01T05:00:00,,평일
3호선,1958,대화,309,,20250619,3호선,0342,오금,352,N,3호선,3341,1953,대곡,314,N,18:56:00,18:56:30,,3302,상행,2025-05-01T05:00:00,,평일
3호선,1958,대화,309,,20250619,3호선,0342,오금,352,N,3호선,3341,1954,백석,313,N,18:59:30,19:00:00,,3302,상행,2025-05-01T05:00:00,,평일
3호선,1958,대화,309,,20250619,3호선,0342,오금,352,N,3호선,3341,1955,마두,312,N,19:02:00,19:02:30,,3302,상행,2025-05-01T05:00:00,,평일
3호선,1958,대화,309,,20250619,3호선,0342,오금,352,N,3호선,3341,1956,정발산,311,N,19:04:00,19:04:30,,3302,상행,2025-05-01T05:00:00,,평일
3호선,1958,대화,309,,20250619,3호선,0342,오금,352,N,3호선,3341,1957,주엽,310,N,19:06:30,19:07:00,,3302,상행,2025-05-01T05:00:00,,평일
3호선,1958,대화,309,,20250619,3호선,0342,오금,352,N,3호선,3341,1958,대화,309,N,19:09:00,,,3302,상행,2025-05-01T05:00:00,,평일
3호선,0310,구파발,320,,20250619,3호선,0339,수서,349,N,3호선,3315,0339,수서,349,N,,17:44:30,,3304,상행,2025-05-01T05:00:00,,평일
3호선,0310,구파발,320,,20250619,3호선,0339,수서,349,N,3호선,3315,0338,일원,348,N,17:46:30,17:47:00,,3304,상행,2025-05-01T05:00:00,,평일
3호선,0310,구파발,320,,20250619,3호선,0339,수서,349,N,3호선,3315,0337,대청,347,N,17:48:30,17:49:00,,3304,상행,2025-05-01T05:00:00,,평일
3호선,0310,구파발,320,,20250619,3호선,0339,수서,349,N,3호선,3315,0336,학여울,346,N,17:50:30,17:51:00,,3304,상행,2025-05-01T05:00:00,,평일
3호선,0310,구파발,320,,20250619,3호선,0339,수서,349,N,3호선,3315,0335,대치,345,N,17:52:00,17:52:30,,3304,상행,2025-05-01T05:00:00,,평일
3호선,0310,구파발,320,,20250619,3호선,0339,수서,349,N,3호선,3315,0334,도곡,344,N,17:53:30,17:54:00,,3304,상행,2025-05-01T05:00:00,,평일
3호선,0310,구파발,320,,20250619,3호선,0339,수서,349,N,3호선,3315,0333,매봉,343,N,17:55:30,17:56:00,,3304,상행,2025-05-01T05:00:00,,평일
3호선,0310,구파발,320,,20250619,3호선,0339,수서,349,N,3호선,3315,0332,양재,342,N,17:58:00,17:58:30,,3304,상행,2025-05-01T05:00:00,,평일
3호선,0310,구파발,320,,20250619,3호선,0339,수서,349,N,3호선,3315,0331,남부터미널,341,N,18:00:30,18:01:00,,3304,상행,2025-05-01T05:00:00,,평일
3호선,0310,구파발,320,,20250619,3호선,0339,수서,349,N,3호선,3315,0330,교대,340,N,18:02:30,18:03:00,,3304,상행,2025-05-01T05:00:00,,평일
3호선,0310,구파발,320,,20250619,3호선,0339,수서,349,N,3호선,3315,0329,고속터미널,339,N,18:05:00,18:05:30,,3304,상행,2025-05-01T05:00:00,,평일
3호선,0310,구파발,320,,20250619,3호선,0339,수서,349,N,3호선,3315,0328,잠원,338,N,18:07:00,18:07:30,,3304,상행,2025-05-01T05:00:00,,평일
3호선,0310,구파발,320,,20250619,3호선,0339,수서,349,N,3호선,3315,0327,신사,337,N,18:09:00,18:09:30,,3304,상행,2025-05-01T05:00:00,,평일
3호선,0310,구파발,320,,20250619,3호선,0339,수서,349,N,3호선,3315,0326,압구정,336,N,18:11:30,18:12:00,,3304,상행,2025-05-01T05:00:00,,평일
3호선,0310,구파발,320,,20250619,3호선,0339,수서,349,N,3호선,3315,0325,옥수,335,N,18:14:00,18:14:30,,3304,상행,2025-05-01T05:00:00,,평일
3호선,0310,구파발,320,,20250619,3호선,0339,수서,349,N,3호선,3315,0324,금호,334,N,18:15:30,18:16:00,,3304,상행,2025-05-01T05:00:00,,평일
3호선,0310,구파발,320,,20250619,3호선,0339,수서,349,N,3호선,3315,0323,약수,333,N,18:17:00,18:17:30,,3304,상행,2025-05-01T05:00:00,,평일
3호선,0310,구파발,320,,20250619,3호선,0339,수서,349,N,3호선,3315,0322,동대입구,332,N,18:18:30,18:19:00,,3304,상행,2025-05-01T05:00:00,,평일
3호선,0310,구파발,320,,20250619,3호선,0339,수서,349,N,3호선,3315,0321,충무로,331,N,18:20:30,18:21:00,,3304,상행,2025-05-01T05:00:00,,평일
3호선,0310,구파발,320,,20250619,3호선,0339,수서,349,N,3호선,3315,0320,을지로3가,330,N,18:22:00,18:22:30,,3304,상행,2025-05-01T05:00:00,,평일
3호선,0310,구파발,320,,20250619,3호선,0339,수서,349,N,3호선,3315,0319,종로3가,329,N,18:23:30,18:24:00,,3304,상행,2025-05-01T05:00:00,,평일
3호선,0310,구파발,320,,20250619,3호선,0339,수서,349,N,3호선,3315,0318,안국,328,N,18:25:30,18:26:00,,3304,상행,2025-05-01T05:00:00,,평일
3호선,0310,구파발,320,,20250619,3호선,0339,수서,349,N,3호선,3315,0317,경복궁,327,N,18:27:30,18:28:00,,3304,상행,2025-05-01T05:00:00,,평일
3호선,0310,구파발,320,,20250619,3호선,0339,수서,349,N,3호선,3315,0316,독립문,326,N,18:30:00,18:30:30,,3304,상행,2025-05-01T05:00:00,,평일
3호선,0310,구파발,320,,20250619,3호선,0339,수서,349,N,3호선,3315,0315,무악재,325,N,18:32:00,18:32:30,,3304,상행,2025-05-01T05:00:00,,평일
3호선,0310,구파발,320,,20250619,3호선,0339,수서,349,N,3호선,3315,0314,홍제,324,N,18:34:00,18:34:30,,3304,상행,2025-05-01T05:00:00,,평일
3호선,0310,구파발,320,,20250619,3호선,0339,수서,349,N,3호선,3315,0313,녹번,323,N,18:36:30,18:37:00,,3304,상행,2025-05-01T05:00:00,,평일
3호선,0310,구파발,320,,20250619,3호선,0339,수서,349,N,3호선,3315,0312,불광,322,N,18:38:30,18:39:00,,3304,상행,2025-05-01T05:00:00,,평일
3호선,0310,구파발,320,,20250619,3호선,0339,수서,349,N,3호선,3315,0311,연신내,321,N,18:40:30,18:41:00,,3304,상행,2025-05-01T05:00:00,,평일
3호선,0310,구파발,320,,20250619,3호선,0339,수서,349,N,3호선,3315,0310,구파발,320,N,18:43:00,,,3304,상행,2025-05-01T05:00:00,,평일
3호선,1958,대화,309,,20250619,3호선,0342,오금,352,N,3호선,3345,0342,오금,352,N,,17:43:30,,3306,상행,2025-05-01T05:00:00,,평일
3호선,1958,대화,309,,20250619,3호선,0342,오금,352,N,3호선,3345,0341,경찰병원,351,N,17:44:30,17:45:00,,3306,상행,2025-05-01T05:00:00,,평일
3호선,1958,대화,309,,20250619,3호선,0342,오금,352,N,3호선,3345,0340,가락시장,350,N,17:46:00,17:46:30,,3306,상행,2025-05-01T05:00:00,,평일
3호선,1958,대화,309,,20250619,3호선,0342,오금,352,N,3호선,3345,0339,수서,349,N,17:48:30,17:49:00,,3306,상행,2025-05-01T05:00:00,,평일
3호선,1958,대화,309,,20250619,3호선,0342,오금,352,N,3호선,3345,0338,일원,348,N,17:51:00,17:51:30,,3306,상행,2025-05-01T05:00:00,,평일
3호선,1958,대화,309,,20250619,3호선,0342,오금,352,N,3호선,3345,0337,대청,347,N,17:53:00,17:53:30,,3306,상행,2025-05-01T05:00:00,,평일
3호선,1958,대화,309,,20250619,3호선,0342,오금,352,N,3호선,3345,0336,학여울,346,N,17:55:00,17:55:30,,3306,상행,2025-05-01T05:00:00,,평일
3호선,1958,대화,309,,20250619,3호선,0342,오금,352,N,3호선,3345,0335,대치,345,N,17:56:30,17:57:00,,3306,상행,2025-05-01T05:00:00,,평일
3호선,1958,대화,309,,20250619,3호선,0342,오금,352,N,3호선,3345,0334,도곡,344,N,17:58:00,17:58:30,,3306,상행,2025-05-01T05:00:00,,평일
3호선,1958,대화,309,,20250619,3호선,0342,오금,352,N,3호선,3345,0333,매봉,343,N,18:00:00,18:00:30,,3306,상행,2025-05-01T05:00:00,,평일
3호선,1958,대화,309,,20250619,3호선,0342,오금,352,N,3호선,3345,0332,양재,342,N,18:02:30,18:03:00,,3306,상행,2025-05-01T05:00:00,,평일
3호선,1958,대화,309,,20250619,3호선,0342,오금,352,N,3호선,3345,0331,남부터미널,341,N,18:05:00,18:05:30,,3306,상행,2025-05-01T05:00:00,,평일
3호선,1958,대화,309,,20250619,3호선,0342,오금,352,N,3호선,3345,0330,교대,340,N,18:07:00,18:07:30,,3306,상행,2025-05-01T05:00:00,,평일
3호선,1958,대화,309,,20250619,3호선,0342,오금,352,N,3호선,3345,0329,고속터미널,339,N,18:09:30,18:10:00,,3306,상행,2025-05-01T05:00:00,,평일
3호선,1958,대화,309,,20250619,3호선,0342,오금,352,N,3호선,3345,0328,잠원,338,N,18:11:30,18:12:00,,3306,상행,2025-05-01T05:00:00,,평일
3호선,1958,대화,309,,20250619,3호선,0342,오금,352,N,3호선,3345,0327,신사,337,N,18:13:30,18:14:00,,3306,상행,2025-05-01T05:00:00,,평일
3호선,1958,대화,309,,20250619,3호선,0342,오금,352,N,3호선,3345,0326,압구정,336,N,18:16:00,18:16:30,,3306,상행,2025-05-01T05:00:00,,평일
3호선,1958,대화,309,,20250619,3호선,0342,오금,352,N,3호선,3345,0325,옥수,335,N,18:18:30,18:19:00,,3306,상행,2025-05-01T05:00:00,,평일
3호선,1958,대화,309,,20250619,3호선,0342,오금,352,N,3호선,3345,0324,금호,334,N,18:20:00,18:20:30,,3306,상행,2025-05-01T05:00:00,,평일
3호선,1958,대화,309,,20250619,3호선,0342,오금,352,N,3호선,3345,0323,약수,333,N,18:21:30,18:22:00,,3306,상행,2025-05-01T05:00:00,,평일
3호선,1958,대화,309,,20250619,3호선,0342,오금,352,N,3호선,3345,0322,동대입구,332,N,18:23:00,18:23:30,,3306,상행,2025-05-01T05:00:00,,평일
3호선,1958,대화,309,,20250619,3호선,0342,오금,352,N,3호선,3345,0321,충무로,331,N,18:25:00,18:25:30,,3306,상행,2025-05-01T05:00:00,,평일
3호선,1958,대화,309,,20250619,3호선,0342,오금,352,N,3호선,3345,0320,을지로3가,330,N,18:26:30,18:27:00,,3306,상행,2025-05-01T05:00:00,,평일
3호선,1958,대화,309,,20250619,3호선,0342,오금,352,N,3호선,3345,0319,종로3가,329,N,18:28:00,18:28:30,,3306,상행,2025-05-01T05:00:00,,평일
3호선,1958,대화,309,,20250619,3호선,0342,오금,352,N,3호선,3345,0318,안국,328,N,18:30:00,18:30:30,,3306,상행,2025-05-01T05:00:00,,평일
3호선,1958,대화,309,,20250619,3호선,0342,오금,352,N,3호선,3345,0317,경복궁,327,N,18:32:00,18:32:30,,3306,상행,2025-05-01T05:00:00,,평일
3호선,1958,대화,309,,20250619,3호선,0342,오금,352,N,3호선,3345,0316,독립문,326,N,18:34:30,18:35:00,,3306,상행,2025-05-01T05:00:00,,평일
3호선,1958,대화,309,,20250619,3호선,0342,오금,352,N,3호선,3345,0315,무악재,325,N,18:36:30,18:37:00,,3306,상행,2025-05-01T05:00:00,,평일
3호선,1958,대화,309,,20250619,3호선,0342,오금,352,N,3호선,3345,0314,홍제,324,N,18:38:30,18:39:00,,3306,상행,2025-05-01T05:00:00,,평일
3호선,1958,대화,309,,20250619,3호선,0342,오금,352,N,3호선,3345,0313,녹번,323,N,18:41:00,18:41:30,,3306,상행,2025-05-01T05:00:00,,평일
3호선,1958,대화,309,,20250619,3호선,0342,오금,352,N,3호선,3345,0312,불광,322,N,18:43:00,18:43:30,,3306,상행,2025-05-01T05:00:00,,평일
3호선,1958,대화,309,,20250619,3호선,0342,오금,352,N,3호선,3345,0311,연신내,321,N,18:45:00,18:45:30,,3306,상행,2025-05-01T05:00:00,,평일
3호선,1958,대화,309,,20250619,3호선,0342,오금,352,N,3호선,3345,0310,구파발,320,N,18:47:30,18:48:00,,3306,상행,2025-05-01T05:00:00,,평일
3호선,1958,대화,309,,20250619,3호선,0342,오금,352,N,3호선,3345,0309,지축,319,N,18:51:00,18:51:30,,3306,상행,2025-05-01T05:00:00,,평일
3호선,1958,대화,309,,20250619,3호선,0342,오금,352,N,3호선,3345,1950,삼송,318,N,18:54:00,18:54:30,,3306,상행,2025-05-01T05:00:00,,평일
3호선,1958,대화,309,,20250619,3호선,0342,오금,352,N,3호선,3345,1948,원흥,317,N,18:56:30,18:57:00,,3306,상행,2025-05-01T05:00:00,,평일
3호선,1958,대화,309,,20250619,3호선,0342,오금,352,N,3호선,3345,1951,원당,316,N,18:59:30,19:00:00,,3306,상행,2025-05-01T05:00:00,,평일
3호선,1958,대화,309,,20250619,3호선,0342,오금,352,N,3호선,3345,1952,화정,315,N,19:03:00,19:03:30,,3306,상행,2025-05-01T05:00:00,,평일
3호선,1958,대화,309,,20250619,3호선,0342,오금,352,N,3호선,3345,1953,대곡,314,N,19:06:00,19:06:30,,3306,상행,2025-05-01T05:00:00,,평일
3호선,1958,대화,309,,20250619,3호선,0342,오금,352,N,3호선,3345,1954,백석,313,N,19:09:30,19:10:00,,3306,상행,2025-05-01T05:00:00,,평일
3호선,1958,대화,309,,20250619,3호선,0342,오금,352,N,3호선,3345,1955,마두,312,N,19:12:00,19:12:30,,3306,상행,2025-05-01T05:00:00,,평일
3호선,1958,대화,309,,20250619,3호선,0342,오금,352,N,3호선,3345,1956,정발산,311,N,19:14:00,19:14:30,,3306,상행,2025-05-01T05:00:00,,평일
3호선,1958,대화,309,,20250619,3호선,0342,오금,352,N,3호선,3345,1957,주엽,310,N,19:16:30,19:17:00,,3306,상행,2025-05-01T05:00:00,,평일
3호선,1958,대화,309,,20250619,3호선,0342,오금,352,N,3호선,3345,1958,대화,309,N,19:19:00,,,3306,상행,2025-05-01T05:00:00,,평일
3호선,1958,대화,309,,20250619,3호선,0342,오금,352,N,3호선,3347,0342,오금,352,N,,17:48:00,,3308,상행,2025-05-01T05:00:00,,평일
3호선,1958,대화,309,,20250619,3호선,0342,오금,352,N,3호선,3347,0341,경찰병원,351,N,17:49:00,17:49:30,,3308,상행,2025-05-01T05:00:00,,평일
3호선,1958,대화,309,,20250619,3호선,0342,오금,352,N,3호선,3347,0340,가락시장,350,N,17:50:30,17:51:00,,3308,상행,2025-05-01T05:00:00,,평일
3호선,1958,대화,309,,20250619,3호선,0342,오금,352,N,3호선,3347,0339,수서,349,N,17:53:00,17:53:30,,3308,상행,2025-05-01T05:00:00,,평일
3호선,1958,대화,309,,20250619,3호선,0342,오금,352,N,3호선,3347,0338,일원,348,N,17:55:30,17:56:00,,3308,상행,2025-05-01T05:00:00,,평일
3호선,1958,대화,309,,20250619,3호선,0342,오금,352,N,3호선,3347,0337,대청,347,N,17:57:30,17:58:00,,3308,상행,2025-05-01T05:00:00,,평일
3호선,1958,대화,309,,20250619,3호선,0342,오금,352,N,3호선,3347,0336,학여울,346,N,17:59:30,18:00:00,,3308,상행,2025-05-01T05:00:00,,평일
3호선,1958,대화,309,,20250619,3호선,0342,오금,352,N,3호선,3347,0335,대치,345,N,18:01:00,18:01:30,,3308,상행,2025-05-01T05:00:00,,평일
3호선,1958,대화,309,,20250619,3호선,0342,오금,352,N,3호선,3347,0334,도곡,344,N,18:02:30,18:03:00,,3308,상행,2025-05-01T05:00:00,,평일
3호선,1958,대화,309,,20250619,3호선,0342,오금,352,N,3호선,3347,0333,매봉,343,N,18:04:30,18:05:00,,3308,상행,2025-05-01T05:00:00,,평일
3호선,1958,대화,309,,20250619,3호선,0342,오금,352,N,3호선,3347,0332,양재,342,N,18:07:00,18:07:30,,3308,상행,2025-05-01T05:00:00,,평일
3호선,1958,대화,309,,20250619,3호선,0342,오금,352,N,3호선,3347,0331,남부터미널,341,N,18:09:30,18:10:00,,3308,상행,2025-05-01T05:00:00,,평일
3호선,1958,대화,309,,20250619,3호선,0342,오금,352,N,3호선,3347,0330,교대,340,N,18:11:30,18:12:00,,3308,상행,2025-05-01T05:00:00,,평일
3호선,1958,대화,309,,20250619,3호선,0342,오금,352,N,3호선,3347,0329,고속터미널,339,N,18:14:00,18:14:30,,3308,상행,2025-05-01T05:00:00,,평일
3호선,1958,대화,309,,20250619,3호선,0342,오금,352,N,3호선,3347,0328,잠원,338,N,18:16:00,18:16:30,,3308,상행,2025-05-01T05:00:00,,평일
3호선,1958,대화,309,,20250619,3호선,0342,오금,352,N,3호선,3347,0327,신사,337,N,18:18:00,18:18:30,,3308,상행,2025-05-01T05:00:00,,평일
3호선,1958,대화,309,,20250619,3호선,0342,오금,352,N,3호선,3347,0326,압구정,336,N,18:20:30,18:21:00,,3308,상행,2025-05-01T05:00:00,,평일
3호선,1958,대화,309,,20250619,3호선,0342,오금,352,N,3호선,3347,0325,옥수,335,N,18:23:00,18:23:30,,3308,상행,2025-05-01T05:00:00,,평일
3호선,1958,대화,309,,20250619,3호선,0342,오금,352,N,3호선,3347,0324,금호,334,N,18:24:30,18:25:00,,3308,상행,2025-05-01T05:00:00,,평일
3호선,1958,대화,309,,20250619,3호선,0342,오금,352,N,3호선,3347,0323,약수,333,N,18:26:00,18:26:30,,3308,상행,2025-05-01T05:00:00,,평일
3호선,1958,대화,309,,20250619,3호선,0342,오금,352,N,3호선,3347,0322,동대입구,332,N,18:27:30,18:28:00,,3308,상행,2025-05-01T05:00:00,,평일
3호선,1958,대화,309,,20250619,3호선,0342,오금,352,N,3호선,3347,0321,충무로,331,N,18:29:30,18:30:00,,3308,상행,2025-05-01T05:00:00,,평일
3호선,1958,대화,309,,20250619,3호선,0342,오금,352,N,3호선,3347,0320,을지로3가,330,N,18:31:00,18:31:30,,3308,상행,2025-05-01T05:00:00,,평일
3호선,1958,대화,309,,20250619,3호선,0342,오금,352,N,3호선,3347,0319,종로3가,329,N,18:32:30,18:33:00,,3308,상행,2025-05-01T05:00:00,,평일
3호선,1958,대화,309,,20250619,3호선,0342,오금,352,N,3호선,3347,0318,안국,328,N,18:34:30,18:35:00,,3308,상행,2025-05-01T05:00:00,,평일
3호선,1958,대화,309,,20250619,3호선,0342,오금,352,N,3호선,3347,0317,경복궁,327,N,18:36:30,18:37:00,,3308,상행,2025-05-01T05:00:00,,평일
3호선,1958,대화,309,,20250619,3호선,0342,오금,352,N,3호선,3347,0316,독립문,326,N,18:39:00,18:39:30,,3308,상행,2025-05-01T05:00:00,,평일
3호선,1958,대화,309,,20250619,3호선,0342,오금,352,N,3호선,3347,0315,무악재,325,N,18:41:00,18:41:30,,3308,상행,2025-05-01T05:00:00,,평일
3호선,1958,대화,309,,20250619,3호선,0342,오금,352,N,3호선,3347,0314,홍제,324,N,18:43:00,18:43:30,,3308,상행,2025-05-01T05:00:00,,평일
3호선,1958,대화,309,,20250619,3호선,0342,오금,352,N,3호선,3347,0313,녹번,323,N,18:45:30,18:46:00,,3308,상행,2025-05-01T05:00:00,,평일
3호선,1958,대화,309,,20250619,3호선,0342,오금,352,N,3호선,3347,0312,불광,322,N,18:47:30,18:48:00,,3308,상행,2025-05-01T05:00:00,,평일
3호선,1958,대화,309,,20250619,3호선,0342,오금,352,N,3호선,3347,0311,연신내,321,N,18:49:30,18:50:00,,3308,상행,2025-05-01T05:00:00,,평일
3호선,1958,대화,309,,20250619,3호선,0342,오금,352,N,3호선,3347,0310,구파발,320,N,18:52:00,18:52:30,,3308,상행,2025-05-01T05:00:00,,평일
3호선,1958,대화,309,,20250619,3호선,0342,오금,352,N,3호선,3347,0309,지축,319,N,18:55:30,18:56:00,,3308,상행,2025-05-01T05:00:00,,평일
3호선,1958,대화,309,,20250619,3호선,0342,오금,352,N,3호선,3347,1950,삼송,318,N,18:58:30,18:59:00,,3308,상행,2025-05-01T05:00:00,,평일
3호선,1958,대화,309,,20250619,3호선,0342,오금,352,N,3호선,3347,1948,원흥,317,N,19:01:00,19:01:30,,3308,상행,2025-05-01T05:00:00,,평일
3호선,1958,대화,309,,20250619,3호선,0342,오금,352,N,3호선,3347,1951,원당,316,N,19:04:00,19:04:30,,3308,상행,2025-05-01T05:00:00,,평일
3호선,1958,대화,309,,20250619,3호선,0342,오금,352,N,3호선,3347,1952,화정,315,N,19:07:30,19:08:00,,3308,상행,2025-05-01T05:00:00,,평일
3호선,1958,대화,309,,20250619,3호선,0342,오금,352,N,3호선,3347,1953,대곡,314,N,19:10:30,19:11:00,,3308,상행,2025-05-01T05:00:00,,평일
3호선,1958,대화,309,,20250619,3호선,0342,오금,352,N,3호선,3347,1954,백석,313,N,19:14:00,19:14:30,,3308,상행,2025-05-01T05:00:00,,평일
3호선,1958,대화,309,,20250619,3호선,0342,오금,352,N,3호선,3347,1955,마두,312,N,19:16:30,19:17:00,,3308,상행,2025-05-01T05:00:00,,평일
3호선,1958,대화,309,,20250619,3호선,0342,오금,352,N,3호선,3347,1956,정발산,311,N,19:18:30,19:19:00,,3308,상행,2025-05-01T05:00:00,,평일
3호선,1958,대화,309,,20250619,3호선,0342,오금,352,N,3호선,3347,1957,주엽,310,N,19:21:00,19:21:30,,3308,상행,2025-05-01T05:00:00,,평일
3호선,1958,대화,309,,20250619,3호선,0342,오금,352,N,3호선,3347,1958,대화,309,N,19:23:30,,,3308,상행,2025-05-01T05:00:00,,평일
3호선,0310,구파발,320,,20250619,3호선,0342,오금,352,N,3호선,3321,0342,오금,352,N,,17:52:30,,3310,상행,2025-05-01T05:00:00,,평일
3호선,0310,구파발,320,,20250619,3호선,0342,오금,352,N,3호선,3321,0341,경찰병원,351,N,17:53:30,17:54:00,,3310,상행,2025-05-01T05:00:00,,평일
3호선,0310,구파발,320,,20250619,3호선,0342,오금,352,N,3호선,3321,0340,가락시장,350,N,17:55:00,17:55:30,,3310,상행,2025-05-01T05:00:00,,평일
3호선,0310,구파발,320,,20250619,3호선,0342,오금,352,N,3호선,3321,0339,수서,349,N,17:57:30,17:58:00,,3310,상행,2025-05-01T05:00:00,,평일
3호선,0310,구파발,320,,20250619,3호선,0342,오금,352,N,3호선,3321,0338,일원,348,N,18:00:00,18:00:30,,3310,상행,2025-05-01T05:00:00,,평일
3호선,0310,구파발,320,,20250619,3호선,0342,오금,352,N,3호선,3321,0337,대청,347,N,18:02:00,18:02:30,,3310,상행,2025-05-01T05:00:00,,평일
3호선,0310,구파발,320,,20250619,3호선,0342,오금,352,N,3호선,3321,0336,학여울,346,N,18:04:00,18:04:30,,3310,상행,2025-05-01T05:00:00,,평일
3호선,0310,구파발,320,,20250619,3호선,0342,오금,352,N,3호선,3321,0335,대치,345,N,18:05:30,18:06:00,,3310,상행,2025-05-01T05:00:00,,평일
3호선,0310,구파발,320,,20250619,3호선,0342,오금,352,N,3호선,3321,0334,도곡,344,N,18:07:00,18:07:30,,3310,상행,2025-05-01T05:00:00,,평일
3호선,0310,구파발,320,,20250619,3호선,0342,오금,352,N,3호선,3321,0333,매봉,343,N,18:09:00,18:09:30,,3310,상행,2025-05-01T05:00:00,,평일
3호선,0310,구파발,320,,20250619,3호선,0342,오금,352,N,3호선,3321,0332,양재,342,N,18:11:30,18:12:00,,3310,상행,2025-05-01T05:00:00,,평일
3호선,0310,구파발,320,,20250619,3호선,0342,오금,352,N,3호선,3321,0331,남부터미널,341,N,18:14:00,18:14:30,,3310,상행,2025-05-01T05:00:00,,평일
3호선,0310,구파발,320,,20250619,3호선,0342,오금,352,N,3호선,3321,0330,교대,340,N,18:16:00,18:16:30,,3310,상행,2025-05-01T05:00:00,,평일
3호선,0310,구파발,320,,20250619,3호선,0342,오금,352,N,3호선,3321,0329,고속터미널,339,N,18:18:30,18:19:00,,3310,상행,2025-05-01T05:00:00,,평일
3호선,0310,구파발,320,,20250619,3호선,0342,오금,352,N,3호선,3321,0328,잠원,338,N,18:20:30,18:21:00,,3310,상행,2025-05-01T05:00:00,,평일
3호선,0310,구파발,320,,20250619,3호선,0342,오금,352,N,3호선,3321,0327,신사,337,N,18:22:30,18:23:00,,3310,상행,2025-05-01T05:00:00,,평일
3호선,0310,구파발,320,,20250619,3호선,0342,오금,352,N,3호선,3321,0326,압구정,336,N,18:25:00,18:25:30,,3310,상행,2025-05-01T05:00:00,,평일
3호선,0310,구파발,320,,20250619,3호선,0342,오금,352,N,3호선,3321,0325,옥수,335,N,18:27:30,18:28:00,,3310,상행,2025-05-01T05:00:00,,평일
3호선,0310,구파발,320,,20250619,3호선,0342,오금,352,N,3호선,3321,0324,금호,334,N,18:29:00,18:29:30,,3310,상행,2025-05-01T05:00:00,,평일
3호선,0310,구파발,320,,20250619,3호선,0342,오금,352,N,3호선,3321,0323,약수,333,N,18:30:30,18:31:00,,3310,상행,2025-05-01T05:00:00,,평일
3호선,0310,구파발,320,,20250619,3호선,0342,오금,352,N,3호선,3321,0322,동대입구,332,N,18:32:00,18:32:30,,3310,상행,2025-05-01T05:00:00,,평일
3호선,0310,구파발,320,,20250619,3호선,0342,오금,352,N,3호선,3321,0321,충무로,331,N,18:34:00,18:34:30,,3310,상행,2025-05-01T05:00:00,,평일
3호선,0310,구파발,320,,20250619,3호선,0342,오금,352,N,3호선,3321,0320,을지로3가,330,N,18:35:30,18:36:00,,3310,상행,2025-05-01T05:00:00,,평일
3호선,0310,구파발,320,,20250619,3호선,0342,오금,352,N,3호선,3321,0319,종로3가,329,N,18:37:00,18:37:30,,3310,상행,2025-05-01T05:00:00,,평일
3호선,0310,구파발,320,,20250619,3호선,0342,오금,352,N,3호선,3321,0318,안국,328,N,18:39:00,18:39:30,,3310,상행,2025-05-01T05:00:00,,평일
3호선,0310,구파발,320,,20250619,3호선,0342,오금,352,N,3호선,3321,0317,경복궁,327,N,18:41:00,18:41:30,,3310,상행,2025-05-01T05:00:00,,평일
3호선,0310,구파발,320,,20250619,3호선,0342,오금,352,N,3호선,3321,0316,독립문,326,N,18:43:30,18:44:00,,3310,상행,2025-05-01T05:00:00,,평일
3호선,0310,구파발,320,,20250619,3호선,0342,오금,352,N,3호선,3321,0315,무악재,325,N,18:45:30,18:46:00,,3310,상행,2025-05-01T05:00:00,,평일
3호선,0310,구파발,320,,20250619,3호선,0342,오금,352,N,3호선,3321,0314,홍제,324,N,18:47:30,18:48:00,,3310,상행,2025-05-01T05:00:00,,평일
3호선,0310,구파발,320,,20250619,3호선,0342,오금,352,N,3호선,3321,0313,녹번,323,N,18:50:00,18:50:30,,3310,상행,2025-05-01T05:00:00,,평일
3호선,0310,구파발,320,,20250619,3호선,0342,오금,352,N,3호선,3321,0312,불광,322,N,18:52:00,18:52:30,,3310,상행,2025-05-01T05:00:00,,평일
3호선,0310,구파발,320,,20250619,3호선,0342,오금,352,N,3호선,3321,0311,연신내,321,N,18:54:00,18:54:30,,3310,상행,2025-05-01T05:00:00,,평일
3호선,0310,구파발,320,,20250619,3호선,0342,오금,352,N,3호선,3321,0310,구파발,320,N,18:56:30,,,3310,상행,2025-05-01T05:00:00,,평일
3호선,1958,대화,309,,20250619,3호선,0342,오금,352,N,3호선,3351,0342,오금,352,N,,17:57:00,,3312K,상행,2025-05-01T05:00:00,,평일
3호선,1958,대화,309,,20250619,3호선,0342,오금,352,N,3호선,3351,0341,경찰병원,351,N,17:58:00,17:58:30,,3312K,상행,2025-05-01T05:00:00,,평일
3호선,1958,대화,309,,20250619,3호선,0342,오금,352,N,3호선,3351,0340,가락시장,350,N,17:59:30,18:00:00,,3312K,상행,2025-05-01T05:00:00,,평일
3호선,1958,대화,309,,20250619,3호선,0342,오금,352,N,3호선,3351,0339,수서,349,N,18:02:00,18:02:30,,3312K,상행,2025-05-01T05:00:00,,평일
3호선,1958,대화,309,,20250619,3호선,0342,오금,352,N,3호선,3351,0338,일원,348,N,18:04:30,18:05:00,,3312K,상행,2025-05-01T05:00:00,,평일
3호선,1958,대화,309,,20250619,3호선,0342,오금,352,N,3호선,3351,0337,대청,347,N,18:06:30,18:07:00,,3312K,상행,2025-05-01T05:00:00,,평일
3호선,1958,대화,309,,20250619,3호선,0342,오금,352,N,3호선,3351,0336,학여울,346,N,18:08:30,18:09:00,,3312K,상행,2025-05-01T05:00:00,,평일
3호선,1958,대화,309,,20250619,3호선,0342,오금,352,N,3호선,3351,0335,대치,345,N,18:10:00,18:10:30,,3312K,상행,2025-05-01T05:00:00,,평일
3호선,1958,대화,309,,20250619,3호선,0342,오금,352,N,3호선,3351,0334,도곡,344,N,18:11:30,18:12:00,,3312K,상행,2025-05-01T05:00:00,,평일
3호선,1958,대화,309,,20250619,3호선,0342,오금,352,N,3호선,3351,0333,매봉,343,N,18:13:30,18:14:00,,3312K,상행,2025-05-01T05:00:00,,평일
3호선,1958,대화,309,,20250619,3호선,0342,오금,352,N,3호선,3351,0332,양재,342,N,18:16:00,18:16:30,,3312K,상행,2025-05-01T05:00:00,,평일
3호선,1958,대화,309,,20250619,3호선,0342,오금,352,N,3호선,3351,0331,남부터미널,341,N,18:18:30,18:19:00,,3312K,상행,2025-05-01T05:00:00,,평일
3호선,1958,대화,309,,20250619,3호선,0342,오금,352,N,3호선,3351,0330,교대,340,N,18:20:30,18:21:00,,3312K,상행,2025-05-01T05:00:00,,평일
3호선,1958,대화,309,,20250619,3호선,0342,오금,352,N,3호선,3351,0329,고속터미널,339,N,18:23:00,18:23:30,,3312K,상행,2025-05-01T05:00:00,,평일
3호선,1958,대화,309,,20250619,3호선,0342,오금,352,N,3호선,3351,0328,잠원,338,N,18:25:00,18:25:30,,3312K,상행,2025-05-01T05:00:00,,평일
3호선,1958,대화,309,,20250619,3호선,0342,오금,352,N,3호선,3351,0327,신사,337,N,18:27:00,18:27:30,,3312K,상행,2025-05-01T05:00:00,,평일
3호선,1958,대화,309,,20250619,3호선,0342,오금,352,N,3호선,3351,0326,압구정,336,N,18:29:30,18:30:00,,3312K,상행,2025-05-01T05:00:00,,평일
3호선,1958,대화,309,,20250619,3호선,0342,오금,352,N,3호선,3351,0325,옥수,335,N,18:32:00,18:32:30,,3312K,상행,2025-05-01T05:00:00,,평일
3호선,1958,대화,309,,20250619,3호선,0342,오금,352,N,3호선,3351,0324,금호,334,N,18:33:30,18:34:00,,3312K,상행,2025-05-01T05:00:00,,평일
3호선,1958,대화,309,,20250619,3호선,0342,오금,352,N,3호선,3351,0323,약수,333,N,18:35:00,18:35:30,,3312K,상행,2025-05-01T05:00:00,,평일
3호선,1958,대화,309,,20250619,3호선,0342,오금,352,N,3호선,3351,0322,동대입구,332,N,18:36:30,18:37:00,,3312K,상행,2025-05-01T05:00:00,,평일
3호선,1958,대화,309,,20250619,3호선,0342,오금,352,N,3호선,3351,0321,충무로,331,N,18:38:30,18:39:00,,3312K,상행,2025-05-01T05:00:00,,평일
3호선,1958,대화,309,,20250619,3호선,0342,오금,352,N,3호선,3351,0320,을지로3가,330,N,18:40:00,18:40:30,,3312K,상행,2025-05-01T05:00:00,,평일
3호선,1958,대화,309,,20250619,3호선,0342,오금,352,N,3호선,3351,0319,종로3가,329,N,18:41:30,18:42:00,,3312K,상행,2025-05-01T05:00:00,,평일
3호선,1958,대화,309,,20250619,3호선,0342,오금,352,N,3호선,3351,0318,안국,328,N,18:43:30,18:44:00,,3312K,상행,2025-05-01T05:00:00,,평일
3호선,1958,대화,309,,20250619,3호선,0342,오금,352,N,3호선,3351,0317,경복궁,327,N,18:45:30,18:46:00,,3312K,상행,2025-05-01T05:00:00,,평일
3호선,1958,대화,309,,20250619,3호선,0342,오금,352,N,3호선,3351,0316,독립문,326,N,18:48:00,18:48:30,,3312K,상행,2025-05-01T05:00:00,,평일
3호선,1958,대화,309,,20250619,3호선,0342,오금,352,N,3호선,3351,0315,무악재,325,N,18:50:00,18:50:30,,3312K,상행,2025-05-01T05:00:00,,평일
3호선,1958,대화,309,,20250619,3호선,0342,오금,352,N,3호선,3351,0314,홍제,324,N,18:52:00,18:52:30,,3312K,상행,2025-05-01T05:00:00,,평일
3호선,1958,대화,309,,20250619,3호선,0342,오금,352,N,3호선,3351,0313,녹번,323,N,18:54:30,18:55:00,,3312K,상행,2025-05-01T05:00:00,,평일
3호선,1958,대화,309,,20250619,3호선,0342,오금,352,N,3호선,3351,0312,불광,322,N,18:56:30,18:57:00,,3312K,상행,2025-05-01T05:00:00,,평일
3호선,1958,대화,309,,20250619,3호선,0342,오금,352,N,3호선,3351,0311,연신내,321,N,18:58:30,18:59:00,,3312K,상행,2025-05-01T05:00:00,,평일
3호선,1958,대화,309,,20250619,3호선,0342,오금,352,N,3호선,3351,0310,구파발,320,N,19:01:00,19:01:30,,3312K,상행,2025-05-01T05:00:00,,평일
3호선,1958,대화,309,,20250619,3호선,0342,오금,352,N,3호선,3351,0309,지축,319,N,19:04:30,19:05:00,,3312K,상행,2025-05-01T05:00:00,,평일
3호선,1958,대화,309,,20250619,3호선,0342,오금,352,N,3호선,3351,1950,삼송,318,N,19:07:30,19:08:00,,3312K,상행,2025-05-01T05:00:00,,평일
3호선,1958,대화,309,,20250619,3호선,0342,오금,352,N,3호선,3351,1948,원흥,317,N,19:10:00,19:10:30,,3312K,상행,2025-05-01T05:00:00,,평일
3호선,1958,대화,309,,20250619,3호선,0342,오금,352,N,3호선,3351,1951,원당,316,N,19:13:00,19:13:30,,3312K,상행,2025-05-01T05:00:00,,평일
3호선,1958,대화,309,,20250619,3호선,0342,오금,352,N,3호선,3351,1952,화정,315,N,19:16:30,19:17:00,,3312K,상행,2025-05-01T05:00:00,,평일
3호선,1958,대화,309,,20250619,3호선,0342,오금,352,N,3호선,3351,1953,대곡,314,N,19:19:30,19:20:00,,3312K,상행,2025-05-01T05:00:00,,평일
3호선,1958,대화,309,,20250619,3호선,0342,오금,352,N,3호선,3351,1954,백석,313,N,19:23:00,19:23:30,,3312K,상행,2025-05-01T05:00:00,,평일
3호선,1958,대화,309,,20250619,3호선,0342,오금,352,N,3호선,3351,1955,마두,312,N,19:25:30,19:26:00,,3312K,상행,2025-05-01T05:00:00,,평일
3호선,1958,대화,309,,20250619,3호선,0342,오금,352,N,3호선,3351,1956,정발산,311,N,19:27:30,19:28:00,,3312K,상행,2025-05-01T05:00:00,,평일
3호선,1958,대화,309,,20250619,3호선,0342,오금,352,N,3호선,3351,1957,주엽,310,N,19:30:00,19:30:30,,3312K,상행,2025-05-01T05:00:00,,평일
3호선,1958,대화,309,,20250619,3호선,0342,오금,352,N,3호선,3351,1958,대화,309,N,19:32:30,,,3312K,상행,2025-05-01T05:00:00,,평일
3호선,0310,구파발,320,,20250619,3호선,0342,오금,352,N,3호선,3325,0342,오금,352,N,,18:01:30,,3314K,상행,2025-05-01T05:00:00,,평일
3호선,0310,구파발,320,,20250619,3호선,0342,오금,352,N,3호선,3325,0341,경찰병원,351,N,18:02:30,18:03:00,,3314K,상행,2025-05-01T05:00:00,,평일
3호선,0310,구파발,320,,20250619,3호선,0342,오금,352,N,3호선,3325,0340,가락시장,350,N,18:04:00,18:04:30,,3314K,상행,2025-05-01T05:00:00,,평일
3호선,0310,구파발,320,,20250619,3호선,0342,오금,352,N,3호선,3325,0339,수서,349,N,18:06:30,18:07:00,,3314K,상행,2025-05-01T05:00:00,,평일
3호선,0310,구파발,320,,20250619,3호선,0342,오금,352,N,3호선,3325,0338,일원,348,N,18:09:00,18:09:30,,3314K,상행,2025-05-01T05:00:00,,평일
3호선,0310,구파발,320,,20250619,3호선,0342,오금,352,N,3호선,3325,0337,대청,347,N,18:11:00,18:11:30,,3314K,상행,2025-05-01T05:00:00,,평일
3호선,0310,구파발,320,,20250619,3호선,0342,오금,352,N,3호선,3325,0336,학여울,346,N,18:13:00,18:13:30,,3314K,상행,2025-05-01T05:00:00,,평일
3호선,0310,구파발,320,,20250619,3호선,0342,오금,352,N,3호선,3325,0335,대치,345,N,18:14:30,18:15:00,,3314K,상행,2025-05-01T05:00:00,,평일
3호선,0310,구파발,320,,20250619,3호선,0342,오금,352,N,3호선,3325,0334,도곡,344,N,18:16:00,18:16:30,,3314K,상행,2025-05-01T05:00:00,,평일
3호선,0310,구파발,320,,20250619,3호선,0342,오금,352,N,3호선,3325,0333,매봉,343,N,18:18:00,18:18:30,,3314K,상행,2025-05-01T05:00:00,,평일
3호선,0310,구파발,320,,20250619,3호선,0342,오금,352,N,3호선,3325,0332,양재,342,N,18:20:30,18:21:00,,3314K,상행,2025-05-01T05:00:00,,평일
3호선,0310,구파발,320,,20250619,3호선,0342,오금,352,N,3호선,3325,0331,남부터미널,341,N,18:23:00,18:23:30,,3314K,상행,2025-05-01T05:00:00,,평일
3호선,0310,구파발,320,,20250619,3호선,0342,오금,352,N,3호선,3325,0330,교대,340,N,18:25:00,18:25:30,,3314K,상행,2025-05-01T05:00:00,,평일
3호선,0310,구파발,320,,20250619,3호선,0342,오금,352,N,3호선,3325,0329,고속터미널,339,N,18:27:30,18:28:00,,3314K,상행,2025-05-01T05:00:00,,평일
3호선,0310,구파발,320,,20250619,3호선,0342,오금,352,N,3호선,3325,0328,잠원,338,N,18:29:30,18:30:00,,3314K,상행,2025-05-01T05:00:00,,평일
3호선,0310,구파발,320,,20250619,3호선,0342,오금,352,N,3호선,3325,0327,신사,337,N,18:31:30,18:32:00,,3314K,상행,2025-05-01T05:00:00,,평일
3호선,0310,구파발,320,,20250619,3호선,0342,오금,352,N,3호선,3325,0326,압구정,336,N,18:34:00,18:34:30,,3314K,상행,2025-05-01T05:00:00,,평일
3호선,0310,구파발,320,,20250619,3호선,0342,오금,352,N,3호선,3325,0325,옥수,335,N,18:36:30,18:37:00,,3314K,상행,2025-05-01T05:00:00,,평일
3호선,0310,구파발,320,,20250619,3호선,0342,오금,352,N,3호선,3325,0324,금호,334,N,18:38:00,18:38:30,,3314K,상행,2025-05-01T05:00:00,,평일
3호선,0310,구파발,320,,20250619,3호선,0342,오금,352,N,3호선,3325,0323,약수,333,N,18:39:30,18:40:00,,3314K,상행,2025-05-01T05:00:00,,평일
3호선,0310,구파발,320,,20250619,3호선,0342,오금,352,N,3호선,3325,0322,동대입구,332,N,18:41:00,18:41:30,,3314K,상행,2025-05-01T05:00:00,,평일
3호선,0310,구파발,320,,20250619,3호선,0342,오금,352,N,3호선,3325,0321,충무로,331,N,18:43:00,18:43:30,,3314K,상행,2025-05-01T05:00:00,,평일
3호선,0310,구파발,320,,20250619,3호선,0342,오금,352,N,3호선,3325,0320,을지로3가,330,N,18:44:30,18:45:00,,3314K,상행,2025-05-01T05:00:00,,평일
3호선,0310,구파발,320,,20250619,3호선,0342,오금,352,N,3호선,3325,0319,종로3가,329,N,18:46:00,18:46:30,,3314K,상행,2025-05-01T05:00:00,,평일
3호선,0310,구파발,320,,20250619,3호선,0342,오금,352,N,3호선,3325,0318,안국,328,N,18:48:00,18:48:30,,3314K,상행,2025-05-01T05:00:00,,평일
3호선,0310,구파발,320,,20250619,3호선,0342,오금,352,N,3호선,3325,0317,경복궁,327,N,18:50:00,18:50:30,,3314K,상행,2025-05-01T05:00:00,,평일
3호선,0310,구파발,320,,20250619,3호선,0342,오금,352,N,3호선,3325,0316,독립문,326,N,18:52:30,18:53:00,,3314K,상행,2025-05-01T05:00:00,,평일
3호선,0310,구파발,320,,20250619,3호선,0342,오금,352,N,3호선,3325,0315,무악재,325,N,18:54:30,18:55:00,,3314K,상행,2025-05-01T05:00:00,,평일
3호선,0310,구파발,320,,20250619,3호선,0342,오금,352,N,3호선,3325,0314,홍제,324,N,18:56:30,18:57:00,,3314K,상행,2025-05-01T05:00:00,,평일
3호선,0310,구파발,320,,20250619,3호선,0342,오금,352,N,3호선,3325,0313,녹번,323,N,18:59:00,18:59:30,,3314K,상행,2025-05-01T05:00:00,,평일
3호선,0310,구파발,320,,20250619,3호선,0342,오금,352,N,3호선,3325,0312,불광,322,N,19:01:00,19:01:30,,3314K,상행,2025-05-01T05:00:00,,평일
3호선,0310,구파발,320,,20250619,3호선,0342,오금,352,N,3호선,3325,0311,연신내,321,N,19:03:00,19:03:30,,3314K,상행,2025-05-01T05:00:00,,평일
3호선,0310,구파발,320,,20250619,3호선,0342,오금,352,N,3호선,3325,0310,구파발,320,N,19:05:30,,,3314K,상행,2025-05-01T05:00:00,,평일
3호선,1958,대화,309,,20250619,3호선,0342,오금,352,N,3호선,3353,0342,오금,352,N,,18:06:00,,3316,상행,2025-05-01T05:00:00,,평일
3호선,1958,대화,309,,20250619,3호선,0342,오금,352,N,3호선,3353,0341,경찰병원,351,N,18:07:00,18:07:30,,3316,상행,2025-05-01T05:00:00,,평일
3호선,1958,대화,309,,20250619,3호선,0342,오금,352,N,3호선,3353,0340,가락시장,350,N,18:08:30,18:09:00,,3316,상행,2025-05-01T05:00:00,,평일
3호선,1958,대화,309,,20250619,3호선,0342,오금,352,N,3호선,3353,0339,수서,349,N,18:11:00,18:11:30,,3316,상행,2025-05-01T05:00:00,,평일
3호선,1958,대화,309,,20250619,3호선,0342,오금,352,N,3호선,3353,0338,일원,348,N,18:13:30,18:14:00,,3316,상행,2025-05-01T05:00:00,,평일
3호선,1958,대화,309,,20250619,3호선,0342,오금,352,N,3호선,3353,0337,대청,347,N,18:15:30,18:16:00,,3316,상행,2025-05-01T05:00:00,,평일
3호선,1958,대화,309,,20250619,3호선,0342,오금,352,N,3호선,3353,0336,학여울,346,N,18:17:30,18:18:00,,3316,상행,2025-05-01T05:00:00,,평일
3호선,1958,대화,309,,20250619,3호선,0342,오금,352,N,3호선,3353,0335,대치,345,N,18:19:00,18:19:30,,3316,상행,2025-05-01T05:00:00,,평일
3호선,1958,대화,309,,20250619,3호선,0342,오금,352,N,3호선,3353,0334,도곡,344,N,18:20:30,18:21:00,,3316,상행,2025-05-01T05:00:00,,평일
3호선,1958,대화,309,,20250619,3호선,0342,오금,352,N,3호선,3353,0333,매봉,343,N,18:22:30,18:23:00,,3316,상행,2025-05-01T05:00:00,,평일
3호선,1958,대화,309,,20250619,3호선,0342,오금,352,N,3호선,3353,0332,양재,342,N,18:25:00,18:25:30,,3316,상행,2025-05-01T05:00:00,,평일
3호선,1958,대화,309,,20250619,3호선,0342,오금,352,N,3호선,3353,0331,남부터미널,341,N,18:27:30,18:28:00,,3316,상행,2025-05-01T05:00:00,,평일
3호선,1958,대화,309,,20250619,3호선,0342,오금,352,N,3호선,3353,0330,교대,340,N,18:29:30,18:30:00,,3316,상행,2025-05-01T05:00:00,,평일
3호선,1958,대화,309,,20250619,3호선,0342,오금,352,N,3호선,3353,0329,고속터미널,339,N,18:32:00,18:32:30,,3316,상행,2025-05-01T05:00:00,,평일
3호선,1958,대화,309,,20250619,3호선,0342,오금,352,N,3호선,3353,0328,잠원,338,N,18:34:00,18:34:30,,3316,상행,2025-05-01T05:00:00,,평일
3호선,1958,대화,309,,20250619,3호선,0342,오금,352,N,3호선,3353,0327,신사,337,N,18:36:00,18:36:30,,3316,상행,2025-05-01T05:00:00,,평일
3호선,1958,대화,309,,20250619,3호선,0342,오금,352,N,3호선,3353,0326,압구정,336,N,18:38:30,18:39:00,,3316,상행,2025-05-01T05:00:00,,평일
3호선,1958,대화,309,,20250619,3호선,0342,오금,352,N,3호선,3353,0325,옥수,335,N,18:41:00,18:41:30,,3316,상행,2025-05-01T05:00:00,,평일
3호선,1958,대화,309,,20250619,3호선,0342,오금,352,N,3호선,3353,0324,금호,334,N,18:42:30,18:43:00,,3316,상행,2025-05-01T05:00:00,,평일
3호선,1958,대화,309,,20250619,3호선,0342,오금,352,N,3호선,3353,0323,약수,333,N,18:44:00,18:44:30,,3316,상행,2025-05-01T05:00:00,,평일
3호선,1958,대화,309,,20250619,3호선,0342,오금,352,N,3호선,3353,0322,동대입구,332,N,18:45:30,18:46:00,,3316,상행,2025-05-01T05:00:00,,평일
3호선,1958,대화,309,,20250619,3호선,0342,오금,352,N,3호선,3353,0321,충무로,331,N,18:47:30,18:48:00,,3316,상행,2025-05-01T05:00:00,,평일
3호선,1958,대화,309,,20250619,3호선,0342,오금,352,N,3호선,3353,0320,을지로3가,330,N,18:49:00,18:49:30,,3316,상행,2025-05-01T05:00:00,,평일
3호선,1958,대화,309,,20250619,3호선,0342,오금,352,N,3호선,3353,0319,종로3가,329,N,18:50:30,18:51:00,,3316,상행,2025-05-01T05:00:00,,평일
3호선,1958,대화,309,,20250619,3호선,0342,오금,352,N,3호선,3353,0318,안국,328,N,18:52:30,18:53:00,,3316,상행,2025-05-01T05:00:00,,평일
3호선,1958,대화,309,,20250619,3호선,0342,오금,352,N,3호선,3353,0317,경복궁,327,N,18:54:30,18:55:00,,3316,상행,2025-05-01T05:00:00,,평일
3호선,1958,대화,309,,20250619,3호선,0342,오금,352,N,3호선,3353,0316,독립문,326,N,18:57:00,18:57:30,,3316,상행,2025-05-01T05:00:00,,평일
3호선,1958,대화,309,,20250619,3호선,0342,오금,352,N,3호선,3353,0315,무악재,325,N,18:59:00,18:59:30,,3316,상행,2025-05-01T05:00:00,,평일
3호선,1958,대화,309,,20250619,3호선,0342,오금,352,N,3호선,3353,0314,홍제,324,N,19:01:00,19:01:30,,3316,상행,2025-05-01T05:00:00,,평일
3호선,1958,대화,309,,20250619,3호선,0342,오금,352,N,3호선,3353,0313,녹번,323,N,19:03:30,19:04:00,,3316,상행,2025-05-01T05:00:00,,평일
3호선,1958,대화,309,,20250619,3호선,0342,오금,352,N,3호선,3353,0312,불광,322,N,19:05:30,19:06:00,,3316,상행,2025-05-01T05:00:00,,평일
3호선,1958,대화,309,,20250619,3호선,0342,오금,352,N,3호선,3353,0311,연신내,321,N,19:07:30,19:08:00,,3316,상행,2025-05-01T05:00:00,,평일
3호선,1958,대화,309,,20250619,3호선,0342,오금,352,N,3호선,3353,0310,구파발,320,N,19:10:00,19:10:30,,3316,상행,2025-05-01T05:00:00,,평일
3호선,1958,대화,309,,20250619,3호선,0342,오금,352,N,3호선,3353,0309,지축,319,N,19:13:30,19:14:00,,3316,상행,2025-05-01T05:00:00,,평일
3호선,1958,대화,309,,20250619,3호선,0342,오금,352,N,3호선,3353,1950,삼송,318,N,19:16:30,19:17:00,,3316,상행,2025-05-01T05:00:00,,평일
3호선,1958,대화,309,,20250619,3호선,0342,오금,352,N,3호선,3353,1948,원흥,317,N,19:19:00,19:19:30,,3316,상행,2025-05-01T05:00:00,,평일
3호선,1958,대화,309,,20250619,3호선,0342,오금,352,N,3호선,3353,1951,원당,316,N,19:22:00,19:22:30,,3316,상행,2025-05-01T05:00:00,,평일
3호선,1958,대화,309,,20250619,3호선,0342,오금,352,N,3호선,3353,1952,화정,315,N,19:25:30,19:26:00,,3316,상행,2025-05-01T05:00:00,,평일
3호선,1958,대화,309,,20250619,3호선,0342,오금,352,N,3호선,3353,1953,대곡,314,N,19:28:30,19:29:00,,3316,상행,2025-05-01T05:00:00,,평일
3호선,1958,대화,309,,20250619,3호선,0342,오금,352,N,3호선,3353,1954,백석,313,N,19:32:00,19:32:30,,3316,상행,2025-05-01T05:00:00,,평일
3호선,1958,대화,309,,20250619,3호선,0342,오금,352,N,3호선,3353,1955,마두,312,N,19:34:30,19:35:00,,3316,상행,2025-05-01T05:00:00,,평일
3호선,1958,대화,309,,20250619,3호선,0342,오금,352,N,3호선,3353,1956,정발산,311,N,19:36:30,19:37:00,,3316,상행,2025-05-01T05:00:00,,평일
3호선,1958,대화,309,,20250619,3호선,0342,오금,352,N,3호선,3353,1957,주엽,310,N,19:39:00,19:39:30,,3316,상행,2025-05-01T05:00:00,,평일
3호선,1958,대화,309,,20250619,3호선,0342,오금,352,N,3호선,3353,1958,대화,309,N,19:41:30,,,3316,상행,2025-05-01T05:00:00,,평일
3호선,0310,구파발,320,,20250619,3호선,0342,오금,352,N,3호선,입고,0342,오금,352,N,,18:10:00,,3318K,상행,2025-05-01T05:00:00,,평일
3호선,0310,구파발,320,,20250619,3호선,0342,오금,352,N,3호선,입고,0341,경찰병원,351,N,18:11:00,18:11:30,,3318K,상행,2025-05-01T05:00:00,,평일
3호선,0310,구파발,320,,20250619,3호선,0342,오금,352,N,3호선,입고,0340,가락시장,350,N,18:12:30,18:13:00,,3318K,상행,2025-05-01T05:00:00,,평일
3호선,0310,구파발,320,,20250619,3호선,0342,오금,352,N,3호선,입고,0339,수서,349,N,18:15:00,18:15:30,,3318K,상행,2025-05-01T05:00:00,,평일
3호선,0310,구파발,320,,20250619,3호선,0342,오금,352,N,3호선,입고,0338,일원,348,N,18:17:30,18:18:00,,3318K,상행,2025-05-01T05:00:00,,평일
3호선,0310,구파발,320,,20250619,3호선,0342,오금,352,N,3호선,입고,0337,대청,347,N,18:19:30,18:20:00,,3318K,상행,2025-05-01T05:00:00,,평일
3호선,0310,구파발,320,,20250619,3호선,0342,오금,352,N,3호선,입고,0336,학여울,346,N,18:21:30,18:22:00,,3318K,상행,2025-05-01T05:00:00,,평일
3호선,0310,구파발,320,,20250619,3호선,0342,오금,352,N,3호선,입고,0335,대치,345,N,18:23:00,18:23:30,,3318K,상행,2025-05-01T05:00:00,,평일
3호선,0310,구파발,320,,20250619,3호선,0342,오금,352,N,3호선,입고,0334,도곡,344,N,18:24:30,18:25:00,,3318K,상행,2025-05-01T05:00:00,,평일
3호선,0310,구파발,320,,20250619,3호선,0342,오금,352,N,3호선,입고,0333,매봉,343,N,18:26:30,18:27:00,,3318K,상행,2025-05-01T05:00:00,,평일
3호선,0310,구파발,320,,20250619,3호선,0342,오금,352,N,3호선,입고,0332,양재,342,N,18:29:00,18:29:30,,3318K,상행,2025-05-01T05:00:00,,평일
3호선,0310,구파발,320,,20250619,3호선,0342,오금,352,N,3호선,입고,0331,남부터미널,341,N,18:31:30,18:32:00,,3318K,상행,2025-05-01T05:00:00,,평일
3호선,0310,구파발,320,,20250619,3호선,0342,오금,352,N,3호선,입고,0330,교대,340,N,18:33:30,18:34:00,,3318K,상행,2025-05-01T05:00:00,,평일
3호선,0310,구파발,320,,20250619,3호선,0342,오금,352,N,3호선,입고,0329,고속터미널,339,N,18:36:00,18:36:30,,3318K,상행,2025-05-01T05:00:00,,평일
3호선,0310,구파발,320,,20250619,3호선,0342,오금,352,N,3호선,입고,0328,잠원,338,N,18:38:00,18:38:30,,3318K,상행,2025-05-01T05:00:00,,평일
3호선,0310,구파발,320,,20250619,3호선,0342,오금,352,N,3호선,입고,0327,신사,337,N,18:40:00,18:40:30,,3318K,상행,2025-05-01T05:00:00,,평일
3호선,0310,구파발,320,,20250619,3호선,0342,오금,352,N,3호선,입고,0326,압구정,336,N,18:42:30,18:43:00,,3318K,상행,2025-05-01T05:00:00,,평일
3호선,0310,구파발,320,,20250619,3호선,0342,오금,352,N,3호선,입고,0325,옥수,335,N,18:45:00,18:45:30,,3318K,상행,2025-05-01T05:00:00,,평일
3호선,0310,구파발,320,,20250619,3호선,0342,오금,352,N,3호선,입고,0324,금호,334,N,18:46:30,18:47:00,,3318K,상행,2025-05-01T05:00:00,,평일
3호선,0310,구파발,320,,20250619,3호선,0342,오금,352,N,3호선,입고,0323,약수,333,N,18:48:00,18:48:30,,3318K,상행,2025-05-01T05:00:00,,평일
3호선,0310,구파발,320,,20250619,3호선,0342,오금,352,N,3호선,입고,0322,동대입구,332,N,18:49:30,18:50:00,,3318K,상행,2025-05-01T05:00:00,,평일
3호선,0310,구파발,320,,20250619,3호선,0342,오금,352,N,3호선,입고,0321,충무로,331,N,18:51:30,18:52:00,,3318K,상행,2025-05-01T05:00:00,,평일
3호선,0310,구파발,320,,20250619,3호선,0342,오금,352,N,3호선,입고,0320,을지로3가,330,N,18:53:00,18:53:30,,3318K,상행,2025-05-01T05:00:00,,평일
3호선,0310,구파발,320,,20250619,3호선,0342,오금,352,N,3호선,입고,0319,종로3가,329,N,18:54:30,18:55:00,,3318K,상행,2025-05-01T05:00:00,,평일
3호선,0310,구파발,320,,20250619,3호선,0342,오금,352,N,3호선,입고,0318,안국,328,N,18:56:30,18:57:00,,3318K,상행,2025-05-01T05:00:00,,평일
3호선,0310,구파발,320,,20250619,3호선,0342,오금,352,N,3호선,입고,0317,경복궁,327,N,18:58:30,18:59:00,,3318K,상행,2025-05-01T05:00:00,,평일
3호선,0310,구파발,320,,20250619,3호선,0342,오금,352,N,3호선,입고,0316,독립문,326,N,19:01:00,19:01:30,,3318K,상행,2025-05-01T05:00:00,,평일
3호선,0310,구파발,320,,20250619,3호선,0342,오금,352,N,3호선,입고,0315,무악재,325,N,19:03:00,19:03:30,,3318K,상행,2025-05-01T05:00:00,,평일
3호선,0310,구파발,320,,20250619,3호선,0342,오금,352,N,3호선,입고,0314,홍제,324,N,19:05:00,19:05:30,,3318K,상행,2025-05-01T05:00:00,,평일
3호선,0310,구파발,320,,20250619,3호선,0342,오금,352,N,3호선,입고,0313,녹번,323,N,19:07:30,19:08:00,,3318K,상행,2025-05-01T05:00:00,,평일
3호선,0310,구파발,320,,20250619,3호선,0342,오금,352,N,3호선,입고,0312,불광,322,N,19:09:30,19:10:00,,3318K,상행,2025-05-01T05:00:00,,평일
3호선,0310,구파발,320,,20250619,3호선,0342,오금,352,N,3호선,입고,0311,연신내,321,N,19:11:30,19:12:00,,3318K,상행,2025-05-01T05:00:00,,평일
3호선,0310,구파발,320,,20250619,3호선,0342,오금,352,N,3호선,입고,0310,구파발,320,N,19:14:00,,,3318K,상행,2025-05-01T05:00:00,,평일
3호선,1958,대화,309,,20250619,3호선,0339,수서,349,N,3호선,3357,0339,수서,349,N,,18:19:30,,3320,상행,2025-05-01T05:00:00,,평일
3호선,1958,대화,309,,20250619,3호선,0339,수서,349,N,3호선,3357,0338,일원,348,N,18:21:30,18:22:00,,3320,상행,2025-05-01T05:00:00,,평일
3호선,1958,대화,309,,20250619,3호선,0339,수서,349,N,3호선,3357,0337,대청,347,N,18:23:30,18:24:00,,3320,상행,2025-05-01T05:00:00,,평일
3호선,1958,대화,309,,20250619,3호선,0339,수서,349,N,3호선,3357,0336,학여울,346,N,18:25:30,18:26:00,,3320,상행,2025-05-01T05:00:00,,평일
3호선,1958,대화,309,,20250619,3호선,0339,수서,349,N,3호선,3357,0335,대치,345,N,18:27:00,18:27:30,,3320,상행,2025-05-01T05:00:00,,평일
3호선,1958,대화,309,,20250619,3호선,0339,수서,349,N,3호선,3357,0334,도곡,344,N,18:28:30,18:29:00,,3320,상행,2025-05-01T05:00:00,,평일
3호선,1958,대화,309,,20250619,3호선,0339,수서,349,N,3호선,3357,0333,매봉,343,N,18:30:30,18:31:00,,3320,상행,2025-05-01T05:00:00,,평일
3호선,1958,대화,309,,20250619,3호선,0339,수서,349,N,3호선,3357,0332,양재,342,N,18:33:00,18:33:30,,3320,상행,2025-05-01T05:00:00,,평일
3호선,1958,대화,309,,20250619,3호선,0339,수서,349,N,3호선,3357,0331,남부터미널,341,N,18:35:30,18:36:00,,3320,상행,2025-05-01T05:00:00,,평일
3호선,1958,대화,309,,20250619,3호선,0339,수서,349,N,3호선,3357,0330,교대,340,N,18:37:30,18:38:00,,3320,상행,2025-05-01T05:00:00,,평일
3호선,1958,대화,309,,20250619,3호선,0339,수서,349,N,3호선,3357,0329,고속터미널,339,N,18:40:00,18:40:30,,3320,상행,2025-05-01T05:00:00,,평일
3호선,1958,대화,309,,20250619,3호선,0339,수서,349,N,3호선,3357,0328,잠원,338,N,18:42:00,18:42:30,,3320,상행,2025-05-01T05:00:00,,평일
3호선,1958,대화,309,,20250619,3호선,0339,수서,349,N,3호선,3357,0327,신사,337,N,18:44:00,18:44:30,,3320,상행,2025-05-01T05:00:00,,평일
3호선,1958,대화,309,,20250619,3호선,0339,수서,349,N,3호선,3357,0326,압구정,336,N,18:46:30,18:47:00,,3320,상행,2025-05-01T05:00:00,,평일
3호선,1958,대화,309,,20250619,3호선,0339,수서,349,N,3호선,3357,0325,옥수,335,N,18:49:00,18:49:30,,3320,상행,2025-05-01T05:00:00,,평일
3호선,1958,대화,309,,20250619,3호선,0339,수서,349,N,3호선,3357,0324,금호,334,N,18:50:30,18:51:00,,3320,상행,2025-05-01T05:00:00,,평일
3호선,1958,대화,309,,20250619,3호선,0339,수서,349,N,3호선,3357,0323,약수,333,N,18:52:00,18:52:30,,3320,상행,2025-05-01T05:00:00,,평일
3호선,1958,대화,309,,20250619,3호선,0339,수서,349,N,3호선,3357,0322,동대입구,332,N,18:53:30,18:54:00,,3320,상행,2025-05-01T05:00:00,,평일
3호선,1958,대화,309,,20250619,3호선,0339,수서,349,N,3호선,3357,0321,충무로,331,N,18:55:30,18:56:00,,3320,상행,2025-05-01T05:00:00,,평일
3호선,1958,대화,309,,20250619,3호선,0339,수서,349,N,3호선,3357,0320,을지로3가,330,N,18:57:00,18:57:30,,3320,상행,2025-05-01T05:00:00,,평일
3호선,1958,대화,309,,20250619,3호선,0339,수서,349,N,3호선,3357,0319,종로3가,329,N,18:58:30,18:59:00,,3320,상행,2025-05-01T05:00:00,,평일
3호선,1958,대화,309,,20250619,3호선,0339,수서,349,N,3호선,3357,0318,안국,328,N,19:00:30,19:01:00,,3320,상행,2025-05-01T05:00:00,,평일
3호선,1958,대화,309,,20250619,3호선,0339,수서,349,N,3호선,3357,0317,경복궁,327,N,19:02:30,19:03:00,,3320,상행,2025-05-01T05:00:00,,평일
3호선,1958,대화,309,,20250619,3호선,0339,수서,349,N,3호선,3357,0316,독립문,326,N,19:05:00,19:05:30,,3320,상행,2025-05-01T05:00:00,,평일
3호선,1958,대화,309,,20250619,3호선,0339,수서,349,N,3호선,3357,0315,무악재,325,N,19:07:00,19:07:30,,3320,상행,2025-05-01T05:00:00,,평일
3호선,1958,대화,309,,20250619,3호선,0339,수서,349,N,3호선,3357,0314,홍제,324,N,19:09:00,19:09:30,,3320,상행,2025-05-01T05:00:00,,평일
3호선,1958,대화,309,,20250619,3호선,0339,수서,349,N,3호선,3357,0313,녹번,323,N,19:11:30,19:12:00,,3320,상행,2025-05-01T05:00:00,,평일
3호선,1958,대화,309,,20250619,3호선,0339,수서,349,N,3호선,3357,0312,불광,322,N,19:13:30,19:14:00,,3320,상행,2025-05-01T05:00:00,,평일
3호선,1958,대화,309,,20250619,3호선,0339,수서,349,N,3호선,3357,0311,연신내,321,N,19:15:30,19:16:00,,3320,상행,2025-05-01T05:00:00,,평일
3호선,1958,대화,309,,20250619,3호선,0339,수서,349,N,3호선,3357,0310,구파발,320,N,19:18:00,19:18:30,,3320,상행,2025-05-01T05:00:00,,평일
3호선,1958,대화,309,,20250619,3호선,0339,수서,349,N,3호선,3357,0309,지축,319,N,19:21:30,19:22:00,,3320,상행,2025-05-01T05:00:00,,평일
3호선,1958,대화,309,,20250619,3호선,0339,수서,349,N,3호선,3357,1950,삼송,318,N,19:24:30,19:25:00,,3320,상행,2025-05-01T05:00:00,,평일
3호선,1958,대화,309,,20250619,3호선,0339,수서,349,N,3호선,3357,1948,원흥,317,N,19:27:00,19:27:30,,3320,상행,2025-05-01T05:00:00,,평일
3호선,1958,대화,309,,20250619,3호선,0339,수서,349,N,3호선,3357,1951,원당,316,N,19:30:00,19:30:30,,3320,상행,2025-05-01T05:00:00,,평일
3호선,1958,대화,309,,20250619,3호선,0339,수서,349,N,3호선,3357,1952,화정,315,N,19:33:30,19:34:00,,3320,상행,2025-05-01T05:00:00,,평일
3호선,1958,대화,309,,20250619,3호선,0339,수서,349,N,3호선,3357,1953,대곡,314,N,19:36:30,19:37:00,,3320,상행,2025-05-01T05:00:00,,평일
3호선,1958,대화,309,,20250619,3호선,0339,수서,349,N,3호선,3357,1954,백석,313,N,19:40:00,19:40:30,,3320,상행,2025-05-01T05:00:00,,평일
3호선,1958,대화,309,,20250619,3호선,0339,수서,349,N,3호선,3357,1955,마두,312,N,19:42:30,19:43:00,,3320,상행,2025-05-01T05:00:00,,평일
3호선,1958,대화,309,,20250619,3호선,0339,수서,349,N,3호선,3357,1956,정발산,311,N,19:44:30,19:45:00,,3320,상행,2025-05-01T05:00:00,,평일
3호선,1958,대화,309,,20250619,3호선,0339,수서,349,N,3호선,3357,1957,주엽,310,N,19:47:00,19:47:30,,3320,상행,2025-05-01T05:00:00,,평일
3호선,1958,대화,309,,20250619,3호선,0339,수서,349,N,3호선,3357,1958,대화,309,N,19:49:30,,,3320,상행,2025-05-01T05:00:00,,평일
3호선,0310,구파발,320,,20250619,3호선,0342,오금,352,N,3호선,입고,0342,오금,352,N,,18:18:30,,3322,상행,2025-05-01T05:00:00,,평일
3호선,0310,구파발,320,,20250619,3호선,0342,오금,352,N,3호선,입고,0341,경찰병원,351,N,18:19:30,18:20:00,,3322,상행,2025-05-01T05:00:00,,평일
3호선,0310,구파발,320,,20250619,3호선,0342,오금,352,N,3호선,입고,0340,가락시장,350,N,18:21:00,18:21:30,,3322,상행,2025-05-01T05:00:00,,평일
3호선,0310,구파발,320,,20250619,3호선,0342,오금,352,N,3호선,입고,0339,수서,349,N,18:23:30,18:24:00,,3322,상행,2025-05-01T05:00:00,,평일
3호선,0310,구파발,320,,20250619,3호선,0342,오금,352,N,3호선,입고,0338,일원,348,N,18:26:00,18:26:30,,3322,상행,2025-05-01T05:00:00,,평일
3호선,0310,구파발,320,,20250619,3호선,0342,오금,352,N,3호선,입고,0337,대청,347,N,18:28:00,18:28:30,,3322,상행,2025-05-01T05:00:00,,평일
3호선,0310,구파발,320,,20250619,3호선,0342,오금,352,N,3호선,입고,0336,학여울,346,N,18:30:00,18:30:30,,3322,상행,2025-05-01T05:00:00,,평일
3호선,0310,구파발,320,,20250619,3호선,0342,오금,352,N,3호선,입고,0335,대치,345,N,18:31:30,18:32:00,,3322,상행,2025-05-01T05:00:00,,평일
3호선,0310,구파발,320,,20250619,3호선,0342,오금,352,N,3호선,입고,0334,도곡,344,N,18:33:00,18:33:30,,3322,상행,2025-05-01T05:00:00,,평일
3호선,0310,구파발,320,,20250619,3호선,0342,오금,352,N,3호선,입고,0333,매봉,343,N,18:35:00,18:35:30,,3322,상행,2025-05-01T05:00:00,,평일
3호선,0310,구파발,320,,20250619,3호선,0342,오금,352,N,3호선,입고,0332,양재,342,N,18:37:30,18:38:00,,3322,상행,2025-05-01T05:00:00,,평일
3호선,0310,구파발,320,,20250619,3호선,0342,오금,352,N,3호선,입고,0331,남부터미널,341,N,18:40:00,18:40:30,,3322,상행,2025-05-01T05:00:00,,평일
3호선,0310,구파발,320,,20250619,3호선,0342,오금,352,N,3호선,입고,0330,교대,340,N,18:42:00,18:42:30,,3322,상행,2025-05-01T05:00:00,,평일
3호선,0310,구파발,320,,20250619,3호선,0342,오금,352,N,3호선,입고,0329,고속터미널,339,N,18:44:30,18:45:00,,3322,상행,2025-05-01T05:00:00,,평일
3호선,0310,구파발,320,,20250619,3호선,0342,오금,352,N,3호선,입고,0328,잠원,338,N,18:46:30,18:47:00,,3322,상행,2025-05-01T05:00:00,,평일
3호선,0310,구파발,320,,20250619,3호선,0342,오금,352,N,3호선,입고,0327,신사,337,N,18:48:30,18:49:00,,3322,상행,2025-05-01T05:00:00,,평일
3호선,0310,구파발,320,,20250619,3호선,0342,오금,352,N,3호선,입고,0326,압구정,336,N,18:51:00,18:51:30,,3322,상행,2025-05-01T05:00:00,,평일
3호선,0310,구파발,320,,20250619,3호선,0342,오금,352,N,3호선,입고,0325,옥수,335,N,18:53:30,18:54:00,,3322,상행,2025-05-01T05:00:00,,평일
3호선,0310,구파발,320,,20250619,3호선,0342,오금,352,N,3호선,입고,0324,금호,334,N,18:55:00,18:55:30,,3322,상행,2025-05-01T05:00:00,,평일
3호선,0310,구파발,320,,20250619,3호선,0342,오금,352,N,3호선,입고,0323,약수,333,N,18:56:30,18:57:00,,3322,상행,2025-05-01T05:00:00,,평일
3호선,0310,구파발,320,,20250619,3호선,0342,오금,352,N,3호선,입고,0322,동대입구,332,N,18:58:00,18:58:30,,3322,상행,2025-05-01T05:00:00,,평일
3호선,0310,구파발,320,,20250619,3호선,0342,오금,352,N,3호선,입고,0321,충무로,331,N,19:00:00,19:00:30,,3322,상행,2025-05-01T05:00:00,,평일
3호선,0310,구파발,320,,20250619,3호선,0342,오금,352,N,3호선,입고,0320,을지로3가,330,N,19:01:30,19:02:00,,3322,상행,2025-05-01T05:00:00,,평일
3호선,0310,구파발,320,,20250619,3호선,0342,오금,352,N,3호선,입고,0319,종로3가,329,N,19:03:00,19:03:30,,3322,상행,2025-05-01T05:00:00,,평일
3호선,0310,구파발,320,,20250619,3호선,0342,오금,352,N,3호선,입고,0318,안국,328,N,19:05:00,19:05:30,,3322,상행,2025-05-01T05:00:00,,평일
3호선,0310,구파발,320,,20250619,3호선,0342,오금,352,N,3호선,입고,0317,경복궁,327,N,19:07:00,19:07:30,,3322,상행,2025-05-01T05:00:00,,평일
3호선,0310,구파발,320,,20250619,3호선,0342,오금,352,N,3호선,입고,0316,독립문,326,N,19:09:30,19:10:00,,3322,상행,2025-05-01T05:00:00,,평일
3호선,0310,구파발,320,,20250619,3호선,0342,오금,352,N,3호선,입고,0315,무악재,325,N,19:11:30,19:12:00,,3322,상행,2025-05-01T05:00:00,,평일
3호선,0310,구파발,320,,20250619,3호선,0342,오금,352,N,3호선,입고,0314,홍제,324,N,19:13:30,19:14:00,,3322,상행,2025-05-01T05:00:00,,평일
3호선,0310,구파발,320,,20250619,3호선,0342,오금,352,N,3호선,입고,0313,녹번,323,N,19:16:00,19:16:30,,3322,상행,2025-05-01T05:00:00,,평일
3호선,0310,구파발,320,,20250619,3호선,0342,오금,352,N,3호선,입고,0312,불광,322,N,19:18:00,19:18:30,,3322,상행,2025-05-01T05:00:00,,평일
3호선,0310,구파발,320,,20250619,3호선,0342,오금,352,N,3호선,입고,0311,연신내,321,N,19:20:00,19:20:30,,3322,상행,2025-05-01T05:00:00,,평일
3호선,0310,구파발,320,,20250619,3호선,0342,오금,352,N,3호선,입고,0310,구파발,320,N,19:22:30,,,3322,상행,2025-05-01T05:00:00,,평일
3호선,1958,대화,309,,20250619,3호선,0342,오금,352,N,3호선,3361,0342,오금,352,N,,18:22:30,,3324,상행,2025-05-01T05:00:00,,평일
3호선,1958,대화,309,,20250619,3호선,0342,오금,352,N,3호선,3361,0341,경찰병원,351,N,18:23:30,18:24:00,,3324,상행,2025-05-01T05:00:00,,평일
3호선,1958,대화,309,,20250619,3호선,0342,오금,352,N,3호선,3361,0340,가락시장,350,N,18:25:00,18:25:30,,3324,상행,2025-05-01T05:00:00,,평일
3호선,1958,대화,309,,20250619,3호선,0342,오금,352,N,3호선,3361,0339,수서,349,N,18:27:30,18:28:00,,3324,상행,2025-05-01T05:00:00,,평일
3호선,1958,대화,309,,20250619,3호선,0342,오금,352,N,3호선,3361,0338,일원,348,N,18:30:00,18:30:30,,3324,상행,2025-05-01T05:00:00,,평일
3호선,1958,대화,309,,20250619,3호선,0342,오금,352,N,3호선,3361,0337,대청,347,N,18:32:00,18:32:30,,3324,상행,2025-05-01T05:00:00,,평일
3호선,1958,대화,309,,20250619,3호선,0342,오금,352,N,3호선,3361,0336,학여울,346,N,18:34:00,18:34:30,,3324,상행,2025-05-01T05:00:00,,평일
3호선,1958,대화,309,,20250619,3호선,0342,오금,352,N,3호선,3361,0335,대치,345,N,18:35:30,18:36:00,,3324,상행,2025-05-01T05:00:00,,평일
3호선,1958,대화,309,,20250619,3호선,0342,오금,352,N,3호선,3361,0334,도곡,344,N,18:37:00,18:37:30,,3324,상행,2025-05-01T05:00:00,,평일
3호선,1958,대화,309,,20250619,3호선,0342,오금,352,N,3호선,3361,0333,매봉,343,N,18:39:00,18:39:30,,3324,상행,2025-05-01T05:00:00,,평일
3호선,1958,대화,309,,20250619,3호선,0342,오금,352,N,3호선,3361,0332,양재,342,N,18:41:30,18:42:00,,3324,상행,2025-05-01T05:00:00,,평일
3호선,1958,대화,309,,20250619,3호선,0342,오금,352,N,3호선,3361,0331,남부터미널,341,N,18:44:00,18:44:30,,3324,상행,2025-05-01T05:00:00,,평일
3호선,1958,대화,309,,20250619,3호선,0342,오금,352,N,3호선,3361,0330,교대,340,N,18:46:00,18:46:30,,3324,상행,2025-05-01T05:00:00,,평일
3호선,1958,대화,309,,20250619,3호선,0342,오금,352,N,3호선,3361,0329,고속터미널,339,N,18:48:30,18:49:00,,3324,상행,2025-05-01T05:00:00,,평일
3호선,1958,대화,309,,20250619,3호선,0342,오금,352,N,3호선,3361,0328,잠원,338,N,18:50:30,18:51:00,,3324,상행,2025-05-01T05:00:00,,평일
3호선,1958,대화,309,,20250619,3호선,0342,오금,352,N,3호선,3361,0327,신사,337,N,18:52:30,18:53:00,,3324,상행,2025-05-01T05:00:00,,평일
3호선,1958,대화,309,,20250619,3호선,0342,오금,352,N,3호선,3361,0326,압구정,336,N,18:55:00,18:55:30,,3324,상행,2025-05-01T05:00:00,,평일
3호선,1958,대화,309,,20250619,3호선,0342,오금,352,N,3호선,3361,0325,옥수,335,N,18:57:30,18:58:00,,3324,상행,2025-05-01T05:00:00,,평일
3호선,1958,대화,309,,20250619,3호선,0342,오금,352,N,3호선,3361,0324,금호,334,N,18:59:00,18:59:30,,3324,상행,2025-05-01T05:00:00,,평일
3호선,1958,대화,309,,20250619,3호선,0342,오금,352,N,3호선,3361,0323,약수,333,N,19:00:30,19:01:00,,3324,상행,2025-05-01T05:00:00,,평일
3호선,1958,대화,309,,20250619,3호선,0342,오금,352,N,3호선,3361,0322,동대입구,332,N,19:02:00,19:02:30,,3324,상행,2025-05-01T05:00:00,,평일
3호선,1958,대화,309,,20250619,3호선,0342,오금,352,N,3호선,3361,0321,충무로,331,N,19:04:00,19:04:30,,3324,상행,2025-05-01T05:00:00,,평일
3호선,1958,대화,309,,20250619,3호선,0342,오금,352,N,3호선,3361,0320,을지로3가,330,N,19:05:30,19:06:00,,3324,상행,2025-05-01T05:00:00,,평일
3호선,1958,대화,309,,20250619,3호선,0342,오금,352,N,3호선,3361,0319,종로3가,329,N,19:07:00,19:07:30,,3324,상행,2025-05-01T05:00:00,,평일
3호선,1958,대화,309,,20250619,3호선,0342,오금,352,N,3호선,3361,0318,안국,328,N,19:09:00,19:09:30,,3324,상행,2025-05-01T05:00:00,,평일
3호선,1958,대화,309,,20250619,3호선,0342,오금,352,N,3호선,3361,0317,경복궁,327,N,19:11:00,19:11:30,,3324,상행,2025-05-01T05:00:00,,평일
3호선,1958,대화,309,,20250619,3호선,0342,오금,352,N,3호선,3361,0316,독립문,326,N,19:13:30,19:14:00,,3324,상행,2025-05-01T05:00:00,,평일
3호선,1958,대화,309,,20250619,3호선,0342,오금,352,N,3호선,3361,0315,무악재,325,N,19:15:30,19:16:00,,3324,상행,2025-05-01T05:00:00,,평일
3호선,1958,대화,309,,20250619,3호선,0342,오금,352,N,3호선,3361,0314,홍제,324,N,19:17:30,19:18:00,,3324,상행,2025-05-01T05:00:00,,평일
3호선,1958,대화,309,,20250619,3호선,0342,오금,352,N,3호선,3361,0313,녹번,323,N,19:20:00,19:20:30,,3324,상행,2025-05-01T05:00:00,,평일
3호선,1958,대화,309,,20250619,3호선,0342,오금,352,N,3호선,3361,0312,불광,322,N,19:22:00,19:22:30,,3324,상행,2025-05-01T05:00:00,,평일
3호선,1958,대화,309,,20250619,3호선,0342,오금,352,N,3호선,3361,0311,연신내,321,N,19:24:00,19:24:30,,3324,상행,2025-05-01T05:00:00,,평일
3호선,1958,대화,309,,20250619,3호선,0342,오금,352,N,3호선,3361,0310,구파발,320,N,19:26:30,19:27:00,,3324,상행,2025-05-01T05:00:00,,평일
3호선,1958,대화,309,,20250619,3호선,0342,오금,352,N,3호선,3361,0309,지축,319,N,19:30:00,19:30:30,,3324,상행,2025-05-01T05:00:00,,평일
3호선,1958,대화,309,,20250619,3호선,0342,오금,352,N,3호선,3361,1950,삼송,318,N,19:33:00,19:33:30,,3324,상행,2025-05-01T05:00:00,,평일
3호선,1958,대화,309,,20250619,3호선,0342,오금,352,N,3호선,3361,1948,원흥,317,N,19:35:30,19:36:00,,3324,상행,2025-05-01T05:00:00,,평일
3호선,1958,대화,309,,20250619,3호선,0342,오금,352,N,3호선,3361,1951,원당,316,N,19:38:30,19:39:00,,3324,상행,2025-05-01T05:00:00,,평일
3호선,1958,대화,309,,20250619,3호선,0342,오금,352,N,3호선,3361,1952,화정,315,N,19:42:00,19:42:30,,3324,상행,2025-05-01T05:00:00,,평일
3호선,1958,대화,309,,20250619,3호선,0342,오금,352,N,3호선,3361,1953,대곡,314,N,19:45:00,19:45:30,,3324,상행,2025-05-01T05:00:00,,평일
3호선,1958,대화,309,,20250619,3호선,0342,오금,352,N,3호선,3361,1954,백석,313,N,19:48:30,19:49:00,,3324,상행,2025-05-01T05:00:00,,평일
3호선,1958,대화,309,,20250619,3호선,0342,오금,352,N,3호선,3361,1955,마두,312,N,19:51:00,19:51:30,,3324,상행,2025-05-01T05:00:00,,평일
3호선,1958,대화,309,,20250619,3호선,0342,오금,352,N,3호선,3361,1956,정발산,311,N,19:53:00,19:53:30,,3324,상행,2025-05-01T05:00:00,,평일
3호선,1958,대화,309,,20250619,3호선,0342,오금,352,N,3호선,3361,1957,주엽,310,N,19:55:30,19:56:00,,3324,상행,2025-05-01T05:00:00,,평일
3호선,1958,대화,309,,20250619,3호선,0342,오금,352,N,3호선,3361,1958,대화,309,N,19:58:00,,,3324,상행,2025-05-01T05:00:00,,평일
3호선,0310,구파발,320,,20250619,3호선,0342,오금,352,N,3호선,3335,0342,오금,352,N,,18:26:30,,3326,상행,2025-05-01T05:00:00,,평일
3호선,0310,구파발,320,,20250619,3호선,0342,오금,352,N,3호선,3335,0341,경찰병원,351,N,18:27:30,18:28:00,,3326,상행,2025-05-01T05:00:00,,평일
3호선,0310,구파발,320,,20250619,3호선,0342,오금,352,N,3호선,3335,0340,가락시장,350,N,18:29:00,18:29:30,,3326,상행,2025-05-01T05:00:00,,평일
3호선,0310,구파발,320,,20250619,3호선,0342,오금,352,N,3호선,3335,0339,수서,349,N,18:31:30,18:32:00,,3326,상행,2025-05-01T05:00:00,,평일
3호선,0310,구파발,320,,20250619,3호선,0342,오금,352,N,3호선,3335,0338,일원,348,N,18:34:00,18:34:30,,3326,상행,2025-05-01T05:00:00,,평일
3호선,0310,구파발,320,,20250619,3호선,0342,오금,352,N,3호선,3335,0337,대청,347,N,18:36:00,18:36:30,,3326,상행,2025-05-01T05:00:00,,평일
3호선,0310,구파발,320,,20250619,3호선,0342,오금,352,N,3호선,3335,0336,학여울,346,N,18:38:00,18:38:30,,3326,상행,2025-05-01T05:00:00,,평일
3호선,0310,구파발,320,,20250619,3호선,0342,오금,352,N,3호선,3335,0335,대치,345,N,18:39:30,18:40:00,,3326,상행,2025-05-01T05:00:00,,평일
3호선,0310,구파발,320,,20250619,3호선,0342,오금,352,N,3호선,3335,0334,도곡,344,N,18:41:00,18:41:30,,3326,상행,2025-05-01T05:00:00,,평일
3호선,0310,구파발,320,,20250619,3호선,0342,오금,352,N,3호선,3335,0333,매봉,343,N,18:43:00,18:43:30,,3326,상행,2025-05-01T05:00:00,,평일
3호선,0310,구파발,320,,20250619,3호선,0342,오금,352,N,3호선,3335,0332,양재,342,N,18:45:30,18:46:00,,3326,상행,2025-05-01T05:00:00,,평일
3호선,0310,구파발,320,,20250619,3호선,0342,오금,352,N,3호선,3335,0331,남부터미널,341,N,18:48:00,18:48:30,,3326,상행,2025-05-01T05:00:00,,평일
3호선,0310,구파발,320,,20250619,3호선,0342,오금,352,N,3호선,3335,0330,교대,340,N,18:50:00,18:50:30,,3326,상행,2025-05-01T05:00:00,,평일
3호선,0310,구파발,320,,20250619,3호선,0342,오금,352,N,3호선,3335,0329,고속터미널,339,N,18:52:30,18:53:00,,3326,상행,2025-05-01T05:00:00,,평일
3호선,0310,구파발,320,,20250619,3호선,0342,오금,352,N,3호선,3335,0328,잠원,338,N,18:54:30,18:55:00,,3326,상행,2025-05-01T05:00:00,,평일
3호선,0310,구파발,320,,20250619,3호선,0342,오금,352,N,3호선,3335,0327,신사,337,N,18:56:30,18:57:00,,3326,상행,2025-05-01T05:00:00,,평일
3호선,0310,구파발,320,,20250619,3호선,0342,오금,352,N,3호선,3335,0326,압구정,336,N,18:59:00,18:59:30,,3326,상행,2025-05-01T05:00:00,,평일
3호선,0310,구파발,320,,20250619,3호선,0342,오금,352,N,3호선,3335,0325,옥수,335,N,19:01:30,19:02:00,,3326,상행,2025-05-01T05:00:00,,평일
3호선,0310,구파발,320,,20250619,3호선,0342,오금,352,N,3호선,3335,0324,금호,334,N,19:03:00,19:03:30,,3326,상행,2025-05-01T05:00:00,,평일
3호선,0310,구파발,320,,20250619,3호선,0342,오금,352,N,3호선,3335,0323,약수,333,N,19:04:30,19:05:00,,3326,상행,2025-05-01T05:00:00,,평일
3호선,0310,구파발,320,,20250619,3호선,0342,오금,352,N,3호선,3335,0322,동대입구,332,N,19:06:00,19:06:30,,3326,상행,2025-05-01T05:00:00,,평일
3호선,0310,구파발,320,,20250619,3호선,0342,오금,352,N,3호선,3335,0321,충무로,331,N,19:08:00,19:08:30,,3326,상행,2025-05-01T05:00:00,,평일
3호선,0310,구파발,320,,20250619,3호선,0342,오금,352,N,3호선,3335,0320,을지로3가,330,N,19:09:30,19:10:00,,3326,상행,2025-05-01T05:00:00,,평일
3호선,0310,구파발,320,,20250619,3호선,0342,오금,352,N,3호선,3335,0319,종로3가,329,N,19:11:00,19:11:30,,3326,상행,2025-05-01T05:00:00,,평일
3호선,0310,구파발,320,,20250619,3호선,0342,오금,352,N,3호선,3335,0318,안국,328,N,19:13:00,19:13:30,,3326,상행,2025-05-01T05:00:00,,평일
3호선,0310,구파발,320,,20250619,3호선,0342,오금,352,N,3호선,3335,0317,경복궁,327,N,19:15:00,19:15:30,,3326,상행,2025-05-01T05:00:00,,평일
3호선,0310,구파발,320,,20250619,3호선,0342,오금,352,N,3호선,3335,0316,독립문,326,N,19:17:30,19:18:00,,3326,상행,2025-05-01T05:00:00,,평일
3호선,0310,구파발,320,,20250619,3호선,0342,오금,352,N,3호선,3335,0315,무악재,325,N,19:19:30,19:20:00,,3326,상행,2025-05-01T05:00:00,,평일
3호선,0310,구파발,320,,20250619,3호선,0342,오금,352,N,3호선,3335,0314,홍제,324,N,19:21:30,19:22:00,,3326,상행,2025-05-01T05:00:00,,평일
3호선,0310,구파발,320,,20250619,3호선,0342,오금,352,N,3호선,3335,0313,녹번,323,N,19:24:00,19:24:30,,3326,상행,2025-05-01T05:00:00,,평일
3호선,0310,구파발,320,,20250619,3호선,0342,오금,352,N,3호선,3335,0312,불광,322,N,19:26:00,19:26:30,,3326,상행,2025-05-01T05:00:00,,평일
3호선,0310,구파발,320,,20250619,3호선,0342,오금,352,N,3호선,3335,0311,연신내,321,N,19:28:00,19:28:30,,3326,상행,2025-05-01T05:00:00,,평일
3호선,0310,구파발,320,,20250619,3호선,0342,오금,352,N,3호선,3335,0310,구파발,320,N,19:30:30,,,3326,상행,2025-05-01T05:00:00,,평일
3호선,1958,대화,309,,20250619,3호선,0342,오금,352,N,3호선,3363,0342,오금,352,N,,18:31:00,,3328,상행,2025-05-01T05:00:00,,평일
3호선,1958,대화,309,,20250619,3호선,0342,오금,352,N,3호선,3363,0341,경찰병원,351,N,18:32:00,18:32:30,,3328,상행,2025-05-01T05:00:00,,평일
3호선,1958,대화,309,,20250619,3호선,0342,오금,352,N,3호선,3363,0340,가락시장,350,N,18:33:30,18:34:00,,3328,상행,2025-05-01T05:00:00,,평일
3호선,1958,대화,309,,20250619,3호선,0342,오금,352,N,3호선,3363,0339,수서,349,N,18:36:00,18:36:30,,3328,상행,2025-05-01T05:00:00,,평일
3호선,1958,대화,309,,20250619,3호선,0342,오금,352,N,3호선,3363,0338,일원,348,N,18:38:30,18:39:00,,3328,상행,2025-05-01T05:00:00,,평일
3호선,1958,대화,309,,20250619,3호선,0342,오금,352,N,3호선,3363,0337,대청,347,N,18:40:30,18:41:00,,3328,상행,2025-05-01T05:00:00,,평일
3호선,1958,대화,309,,20250619,3호선,0342,오금,352,N,3호선,3363,0336,학여울,346,N,18:42:30,18:43:00,,3328,상행,2025-05-01T05:00:00,,평일
3호선,1958,대화,309,,20250619,3호선,0342,오금,352,N,3호선,3363,0335,대치,345,N,18:44:00,18:44:30,,3328,상행,2025-05-01T05:00:00,,평일
3호선,1958,대화,309,,20250619,3호선,0342,오금,352,N,3호선,3363,0334,도곡,344,N,18:45:30,18:46:00,,3328,상행,2025-05-01T05:00:00,,평일
3호선,1958,대화,309,,20250619,3호선,0342,오금,352,N,3호선,3363,0333,매봉,343,N,18:47:30,18:48:00,,3328,상행,2025-05-01T05:00:00,,평일
3호선,1958,대화,309,,20250619,3호선,0342,오금,352,N,3호선,3363,0332,양재,342,N,18:50:00,18:50:30,,3328,상행,2025-05-01T05:00:00,,평일
3호선,1958,대화,309,,20250619,3호선,0342,오금,352,N,3호선,3363,0331,남부터미널,341,N,18:52:30,18:53:00,,3328,상행,2025-05-01T05:00:00,,평일
3호선,1958,대화,309,,20250619,3호선,0342,오금,352,N,3호선,3363,0330,교대,340,N,18:54:30,18:55:00,,3328,상행,2025-05-01T05:00:00,,평일
3호선,1958,대화,309,,20250619,3호선,0342,오금,352,N,3호선,3363,0329,고속터미널,339,N,18:57:00,18:57:30,,3328,상행,2025-05-01T05:00:00,,평일
3호선,1958,대화,309,,20250619,3호선,0342,오금,352,N,3호선,3363,0328,잠원,338,N,18:59:00,18:59:30,,3328,상행,2025-05-01T05:00:00,,평일
3호선,1958,대화,309,,20250619,3호선,0342,오금,352,N,3호선,3363,0327,신사,337,N,19:01:00,19:01:30,,3328,상행,2025-05-01T05:00:00,,평일
3호선,1958,대화,309,,20250619,3호선,0342,오금,352,N,3호선,3363,0326,압구정,336,N,19:03:30,19:04:00,,3328,상행,2025-05-01T05:00:00,,평일
3호선,1958,대화,309,,20250619,3호선,0342,오금,352,N,3호선,3363,0325,옥수,335,N,19:06:00,19:06:30,,3328,상행,2025-05-01T05:00:00,,평일
3호선,1958,대화,309,,20250619,3호선,0342,오금,352,N,3호선,3363,0324,금호,334,N,19:07:30,19:08:00,,3328,상행,2025-05-01T05:00:00,,평일
3호선,1958,대화,309,,20250619,3호선,0342,오금,352,N,3호선,3363,0323,약수,333,N,19:09:00,19:09:30,,3328,상행,2025-05-01T05:00:00,,평일
3호선,1958,대화,309,,20250619,3호선,0342,오금,352,N,3호선,3363,0322,동대입구,332,N,19:10:30,19:11:00,,3328,상행,2025-05-01T05:00:00,,평일
3호선,1958,대화,309,,20250619,3호선,0342,오금,352,N,3호선,3363,0321,충무로,331,N,19:12:30,19:13:00,,3328,상행,2025-05-01T05:00:00,,평일
3호선,1958,대화,309,,20250619,3호선,0342,오금,352,N,3호선,3363,0320,을지로3가,330,N,19:14:00,19:14:30,,3328,상행,2025-05-01T05:00:00,,평일
3호선,1958,대화,309,,20250619,3호선,0342,오금,352,N,3호선,3363,0319,종로3가,329,N,19:15:30,19:16:00,,3328,상행,2025-05-01T05:00:00,,평일
3호선,1958,대화,309,,20250619,3호선,0342,오금,352,N,3호선,3363,0318,안국,328,N,19:17:30,19:18:00,,3328,상행,2025-05-01T05:00:00,,평일
3호선,1958,대화,309,,20250619,3호선,0342,오금,352,N,3호선,3363,0317,경복궁,327,N,19:19:30,19:20:00,,3328,상행,2025-05-01T05:00:00,,평일
3호선,1958,대화,309,,20250619,3호선,0342,오금,352,N,3호선,3363,0316,독립문,326,N,19:22:00,19:22:30,,3328,상행,2025-05-01T05:00:00,,평일
3호선,1958,대화,309,,20250619,3호선,0342,오금,352,N,3호선,3363,0315,무악재,325,N,19:24:00,19:24:30,,3328,상행,2025-05-01T05:00:00,,평일
3호선,1958,대화,309,,20250619,3호선,0342,오금,352,N,3호선,3363,0314,홍제,324,N,19:26:00,19:26:30,,3328,상행,2025-05-01T05:00:00,,평일
3호선,1958,대화,309,,20250619,3호선,0342,오금,352,N,3호선,3363,0313,녹번,323,N,19:28:30,19:29:00,,3328,상행,2025-05-01T05:00:00,,평일
3호선,1958,대화,309,,20250619,3호선,0342,오금,352,N,3호선,3363,0312,불광,322,N,19:30:30,19:31:00,,3328,상행,2025-05-01T05:00:00,,평일
3호선,1958,대화,309,,20250619,3호선,0342,오금,352,N,3호선,3363,0311,연신내,321,N,19:32:30,19:33:00,,3328,상행,2025-05-01T05:00:00,,평일
3호선,1958,대화,309,,20250619,3호선,0342,오금,352,N,3호선,3363,0310,구파발,320,N,19:35:00,19:35:30,,3328,상행,2025-05-01T05:00:00,,평일
3호선,1958,대화,309,,20250619,3호선,0342,오금,352,N,3호선,3363,0309,지축,319,N,19:38:30,19:39:00,,3328,상행,2025-05-01T05:00:00,,평일
3호선,1958,대화,309,,20250619,3호선,0342,오금,352,N,3호선,3363,1950,삼송,318,N,19:41:30,19:42:00,,3328,상행,2025-05-01T05:00:00,,평일
3호선,1958,대화,309,,20250619,3호선,0342,오금,352,N,3호선,3363,1948,원흥,317,N,19:44:00,19:44:30,,3328,상행,2025-05-01T05:00:00,,평일
3호선,1958,대화,309,,20250619,3호선,0342,오금,352,N,3호선,3363,1951,원당,316,N,19:47:00,19:47:30,,3328,상행,2025-05-01T05:00:00,,평일
3호선,1958,대화,309,,20250619,3호선,0342,오금,352,N,3호선,3363,1952,화정,315,N,19:50:30,19:51:00,,3328,상행,2025-05-01T05:00:00,,평일
3호선,1958,대화,309,,20250619,3호선,0342,오금,352,N,3호선,3363,1953,대곡,314,N,19:53:30,19:54:00,,3328,상행,2025-05-01T05:00:00,,평일
3호선,1958,대화,309,,20250619,3호선,0342,오금,352,N,3호선,3363,1954,백석,313,N,19:57:00,19:57:30,,3328,상행,2025-05-01T05:00:00,,평일
3호선,1958,대화,309,,20250619,3호선,0342,오금,352,N,3호선,3363,1955,마두,312,N,19:59:30,20:00:00,,3328,상행,2025-05-01T05:00:00,,평일
3호선,1958,대화,309,,20250619,3호선,0342,오금,352,N,3호선,3363,1956,정발산,311,N,20:01:30,20:02:00,,3328,상행,2025-05-01T05:00:00,,평일
3호선,1958,대화,309,,20250619,3호선,0342,오금,352,N,3호선,3363,1957,주엽,310,N,20:04:00,20:04:30,,3328,상행,2025-05-01T05:00:00,,평일
3호선,1958,대화,309,,20250619,3호선,0342,오금,352,N,3호선,3363,1958,대화,309,N,20:06:30,,,3328,상행,2025-05-01T05:00:00,,평일
3호선,0310,구파발,320,,20250619,3호선,0342,오금,352,N,3호선,3339,0342,오금,352,N,,18:36:00,,3330K,상행,2025-05-01T05:00:00,,평일
3호선,0310,구파발,320,,20250619,3호선,0342,오금,352,N,3호선,3339,0341,경찰병원,351,N,18:37:00,18:37:30,,3330K,상행,2025-05-01T05:00:00,,평일
3호선,0310,구파발,320,,20250619,3호선,0342,오금,352,N,3호선,3339,0340,가락시장,350,N,18:38:30,18:39:00,,3330K,상행,2025-05-01T05:00:00,,평일
3호선,0310,구파발,320,,20250619,3호선,0342,오금,352,N,3호선,3339,0339,수서,349,N,18:41:00,18:41:30,,3330K,상행,2025-05-01T05:00:00,,평일
3호선,0310,구파발,320,,20250619,3호선,0342,오금,352,N,3호선,3339,0338,일원,348,N,18:43:30,18:44:00,,3330K,상행,2025-05-01T05:00:00,,평일
3호선,0310,구파발,320,,20250619,3호선,0342,오금,352,N,3호선,3339,0337,대청,347,N,18:45:30,18:46:00,,3330K,상행,2025-05-01T05:00:00,,평일
3호선,0310,구파발,320,,20250619,3호선,0342,오금,352,N,3호선,3339,0336,학여울,346,N,18:47:30,18:48:00,,3330K,상행,2025-05-01T05:00:00,,평일
3호선,0310,구파발,320,,20250619,3호선,0342,오금,352,N,3호선,3339,0335,대치,345,N,18:49:00,18:49:30,,3330K,상행,2025-05-01T05:00:00,,평일
3호선,0310,구파발,320,,20250619,3호선,0342,오금,352,N,3호선,3339,0334,도곡,344,N,18:50:30,18:51:00,,3330K,상행,2025-05-01T05:00:00,,평일
3호선,0310,구파발,320,,20250619,3호선,0342,오금,352,N,3호선,3339,0333,매봉,343,N,18:52:30,18:53:00,,3330K,상행,2025-05-01T05:00:00,,평일
3호선,0310,구파발,320,,20250619,3호선,0342,오금,352,N,3호선,3339,0332,양재,342,N,18:55:00,18:55:30,,3330K,상행,2025-05-01T05:00:00,,평일
3호선,0310,구파발,320,,20250619,3호선,0342,오금,352,N,3호선,3339,0331,남부터미널,341,N,18:57:30,18:58:00,,3330K,상행,2025-05-01T05:00:00,,평일
3호선,0310,구파발,320,,20250619,3호선,0342,오금,352,N,3호선,3339,0330,교대,340,N,18:59:30,19:00:00,,3330K,상행,2025-05-01T05:00:00,,평일
3호선,0310,구파발,320,,20250619,3호선,0342,오금,352,N,3호선,3339,0329,고속터미널,339,N,19:02:00,19:02:30,,3330K,상행,2025-05-01T05:00:00,,평일
3호선,0310,구파발,320,,20250619,3호선,0342,오금,352,N,3호선,3339,0328,잠원,338,N,19:04:00,19:04:30,,3330K,상행,2025-05-01T05:00:00,,평일
3호선,0310,구파발,320,,20250619,3호선,0342,오금,352,N,3호선,3339,0327,신사,337,N,19:06:00,19:06:30,,3330K,상행,2025-05-01T05:00:00,,평일
3호선,0310,구파발,320,,20250619,3호선,0342,오금,352,N,3호선,3339,0326,압구정,336,N,19:08:30,19:09:00,,3330K,상행,2025-05-01T05:00:00,,평일
3호선,0310,구파발,320,,20250619,3호선,0342,오금,352,N,3호선,3339,0325,옥수,335,N,19:11:00,19:11:30,,3330K,상행,2025-05-01T05:00:00,,평일
3호선,0310,구파발,320,,20250619,3호선,0342,오금,352,N,3호선,3339,0324,금호,334,N,19:12:30,19:13:00,,3330K,상행,2025-05-01T05:00:00,,평일
3호선,0310,구파발,320,,20250619,3호선,0342,오금,352,N,3호선,3339,0323,약수,333,N,19:14:00,19:14:30,,3330K,상행,2025-05-01T05:00:00,,평일
3호선,0310,구파발,320,,20250619,3호선,0342,오금,352,N,3호선,3339,0322,동대입구,332,N,19:15:30,19:16:00,,3330K,상행,2025-05-01T05:00:00,,평일
3호선,0310,구파발,320,,20250619,3호선,0342,오금,352,N,3호선,3339,0321,충무로,331,N,19:17:30,19:18:00,,3330K,상행,2025-05-01T05:00:00,,평일
3호선,0310,구파발,320,,20250619,3호선,0342,오금,352,N,3호선,3339,0320,을지로3가,330,N,19:19:00,19:19:30,,3330K,상행,2025-05-01T05:00:00,,평일
3호선,0310,구파발,320,,20250619,3호선,0342,오금,352,N,3호선,3339,0319,종로3가,329,N,19:20:30,19:21:00,,3330K,상행,2025-05-01T05:00:00,,평일
3호선,0310,구파발,320,,20250619,3호선,0342,오금,352,N,3호선,3339,0318,안국,328,N,19:22:30,19:23:00,,3330K,상행,2025-05-01T05:00:00,,평일
3호선,0310,구파발,320,,20250619,3호선,0342,오금,352,N,3호선,3339,0317,경복궁,327,N,19:24:30,19:25:00,,3330K,상행,2025-05-01T05:00:00,,평일
3호선,0310,구파발,320,,20250619,3호선,0342,오금,352,N,3호선,3339,0316,독립문,326,N,19:27:00,19:27:30,,3330K,상행,2025-05-01T05:00:00,,평일
3호선,0310,구파발,320,,20250619,3호선,0342,오금,352,N,3호선,3339,0315,무악재,325,N,19:29:00,19:29:30,,3330K,상행,2025-05-01T05:00:00,,평일
3호선,0310,구파발,320,,20250619,3호선,0342,오금,352,N,3호선,3339,0314,홍제,324,N,19:31:00,19:31:30,,3330K,상행,2025-05-01T05:00:00,,평일
3호선,0310,구파발,320,,20250619,3호선,0342,오금,352,N,3호선,3339,0313,녹번,323,N,19:33:30,19:34:00,,3330K,상행,2025-05-01T05:00:00,,평일
3호선,0310,구파발,320,,20250619,3호선,0342,오금,352,N,3호선,3339,0312,불광,322,N,19:35:30,19:36:00,,3330K,상행,2025-05-01T05:00:00,,평일
3호선,0310,구파발,320,,20250619,3호선,0342,오금,352,N,3호선,3339,0311,연신내,321,N,19:37:30,19:38:00,,3330K,상행,2025-05-01T05:00:00,,평일
3호선,0310,구파발,320,,20250619,3호선,0342,오금,352,N,3호선,3339,0310,구파발,320,N,19:40:00,,,3330K,상행,2025-05-01T05:00:00,,평일
3호선,1958,대화,309,,20250619,3호선,0342,오금,352,N,3호선,3367,0342,오금,352,N,,18:41:00,,3332,상행,2025-05-01T05:00:00,,평일
3호선,1958,대화,309,,20250619,3호선,0342,오금,352,N,3호선,3367,0341,경찰병원,351,N,18:42:00,18:42:30,,3332,상행,2025-05-01T05:00:00,,평일
3호선,1958,대화,309,,20250619,3호선,0342,오금,352,N,3호선,3367,0340,가락시장,350,N,18:43:30,18:44:00,,3332,상행,2025-05-01T05:00:00,,평일
3호선,1958,대화,309,,20250619,3호선,0342,오금,352,N,3호선,3367,0339,수서,349,N,18:46:00,18:46:30,,3332,상행,2025-05-01T05:00:00,,평일
3호선,1958,대화,309,,20250619,3호선,0342,오금,352,N,3호선,3367,0338,일원,348,N,18:48:30,18:49:00,,3332,상행,2025-05-01T05:00:00,,평일
3호선,1958,대화,309,,20250619,3호선,0342,오금,352,N,3호선,3367,0337,대청,347,N,18:50:30,18:51:00,,3332,상행,2025-05-01T05:00:00,,평일
3호선,1958,대화,309,,20250619,3호선,0342,오금,352,N,3호선,3367,0336,학여울,346,N,18:52:30,18:53:00,,3332,상행,2025-05-01T05:00:00,,평일
3호선,1958,대화,309,,20250619,3호선,0342,오금,352,N,3호선,3367,0335,대치,345,N,18:54:00,18:54:30,,3332,상행,2025-05-01T05:00:00,,평일
3호선,1958,대화,309,,20250619,3호선,0342,오금,352,N,3호선,3367,0334,도곡,344,N,18:55:30,18:56:00,,3332,상행,2025-05-01T05:00:00,,평일
3호선,1958,대화,309,,20250619,3호선,0342,오금,352,N,3호선,3367,0333,매봉,343,N,18:57:30,18:58:00,,3332,상행,2025-05-01T05:00:00,,평일
3호선,1958,대화,309,,20250619,3호선,0342,오금,352,N,3호선,3367,0332,양재,342,N,19:00:00,19:00:30,,3332,상행,2025-05-01T05:00:00,,평일
3호선,1958,대화,309,,20250619,3호선,0342,오금,352,N,3호선,3367,0331,남부터미널,341,N,19:02:30,19:03:00,,3332,상행,2025-05-01T05:00:00,,평일
3호선,1958,대화,309,,20250619,3호선,0342,오금,352,N,3호선,3367,0330,교대,340,N,19:04:30,19:05:00,,3332,상행,2025-05-01T05:00:00,,평일
3호선,1958,대화,309,,20250619,3호선,0342,오금,352,N,3호선,3367,0329,고속터미널,339,N,19:07:00,19:07:30,,3332,상행,2025-05-01T05:00:00,,평일
3호선,1958,대화,309,,20250619,3호선,0342,오금,352,N,3호선,3367,0328,잠원,338,N,19:09:00,19:09:30,,3332,상행,2025-05-01T05:00:00,,평일
3호선,1958,대화,309,,20250619,3호선,0342,오금,352,N,3호선,3367,0327,신사,337,N,19:11:00,19:11:30,,3332,상행,2025-05-01T05:00:00,,평일
3호선,1958,대화,309,,20250619,3호선,0342,오금,352,N,3호선,3367,0326,압구정,336,N,19:13:30,19:14:00,,3332,상행,2025-05-01T05:00:00,,평일
3호선,1958,대화,309,,20250619,3호선,0342,오금,352,N,3호선,3367,0325,옥수,335,N,19:16:00,19:16:30,,3332,상행,2025-05-01T05:00:00,,평일
3호선,1958,대화,309,,20250619,3호선,0342,오금,352,N,3호선,3367,0324,금호,334,N,19:17:30,19:18:00,,3332,상행,2025-05-01T05:00:00,,평일
3호선,1958,대화,309,,20250619,3호선,0342,오금,352,N,3호선,3367,0323,약수,333,N,19:19:00,19:19:30,,3332,상행,2025-05-01T05:00:00,,평일
3호선,1958,대화,309,,20250619,3호선,0342,오금,352,N,3호선,3367,0322,동대입구,332,N,19:20:30,19:21:00,,3332,상행,2025-05-01T05:00:00,,평일
3호선,1958,대화,309,,20250619,3호선,0342,오금,352,N,3호선,3367,0321,충무로,331,N,19:22:30,19:23:00,,3332,상행,2025-05-01T05:00:00,,평일
3호선,1958,대화,309,,20250619,3호선,0342,오금,352,N,3호선,3367,0320,을지로3가,330,N,19:24:00,19:24:30,,3332,상행,2025-05-01T05:00:00,,평일
3호선,1958,대화,309,,20250619,3호선,0342,오금,352,N,3호선,3367,0319,종로3가,329,N,19:25:30,19:26:00,,3332,상행,2025-05-01T05:00:00,,평일
3호선,1958,대화,309,,20250619,3호선,0342,오금,352,N,3호선,3367,0318,안국,328,N,19:27:30,19:28:00,,3332,상행,2025-05-01T05:00:00,,평일
3호선,1958,대화,309,,20250619,3호선,0342,오금,352,N,3호선,3367,0317,경복궁,327,N,19:29:30,19:30:00,,3332,상행,2025-05-01T05:00:00,,평일
3호선,1958,대화,309,,20250619,3호선,0342,오금,352,N,3호선,3367,0316,독립문,326,N,19:32:00,19:32:30,,3332,상행,2025-05-01T05:00:00,,평일
3호선,1958,대화,309,,20250619,3호선,0342,오금,352,N,3호선,3367,0315,무악재,325,N,19:34:00,19:34:30,,3332,상행,2025-05-01T05:00:00,,평일
3호선,1958,대화,309,,20250619,3호선,0342,오금,352,N,3호선,3367,0314,홍제,324,N,19:36:00,19:36:30,,3332,상행,2025-05-01T05:00:00,,평일
3호선,1958,대화,309,,20250619,3호선,0342,오금,352,N,3호선,3367,0313,녹번,323,N,19:38:30,19:39:00,,3332,상행,2025-05-01T05:00:00,,평일
3호선,1958,대화,309,,20250619,3호선,0342,오금,352,N,3호선,3367,0312,불광,322,N,19:40:30,19:41:00,,3332,상행,2025-05-01T05:00:00,,평일
3호선,1958,대화,309,,20250619,3호선,0342,오금,352,N,3호선,3367,0311,연신내,321,N,19:42:30,19:43:00,,3332,상행,2025-05-01T05:00:00,,평일
3호선,1958,대화,309,,20250619,3호선,0342,오금,352,N,3호선,3367,0310,구파발,320,N,19:45:00,19:45:30,,3332,상행,2025-05-01T05:00:00,,평일
3호선,1958,대화,309,,20250619,3호선,0342,오금,352,N,3호선,3367,0309,지축,319,N,19:48:30,19:49:00,,3332,상행,2025-05-01T05:00:00,,평일
3호선,1958,대화,309,,20250619,3호선,0342,오금,352,N,3호선,3367,1950,삼송,318,N,19:51:30,19:52:00,,3332,상행,2025-05-01T05:00:00,,평일
3호선,1958,대화,309,,20250619,3호선,0342,오금,352,N,3호선,3367,1948,원흥,317,N,19:54:00,19:54:30,,3332,상행,2025-05-01T05:00:00,,평일
3호선,1958,대화,309,,20250619,3호선,0342,오금,352,N,3호선,3367,1951,원당,316,N,19:57:00,19:57:30,,3332,상행,2025-05-01T05:00:00,,평일
3호선,1958,대화,309,,20250619,3호선,0342,오금,352,N,3호선,3367,1952,화정,315,N,20:00:30,20:01:00,,3332,상행,2025-05-01T05:00:00,,평일
3호선,1958,대화,309,,20250619,3호선,0342,오금,352,N,3호선,3367,1953,대곡,314,N,20:03:30,20:04:00,,3332,상행,2025-05-01T05:00:00,,평일
3호선,1958,대화,309,,20250619,3호선,0342,오금,352,N,3호선,3367,1954,백석,313,N,20:07:00,20:07:30,,3332,상행,2025-05-01T05:00:00,,평일
3호선,1958,대화,309,,20250619,3호선,0342,오금,352,N,3호선,3367,1955,마두,312,N,20:09:30,20:10:00,,3332,상행,2025-05-01T05:00:00,,평일
3호선,1958,대화,309,,20250619,3호선,0342,오금,352,N,3호선,3367,1956,정발산,311,N,20:11:30,20:12:00,,3332,상행,2025-05-01T05:00:00,,평일
3호선,1958,대화,309,,20250619,3호선,0342,오금,352,N,3호선,3367,1957,주엽,310,N,20:14:00,20:14:30,,3332,상행,2025-05-01T05:00:00,,평일
3호선,1958,대화,309,,20250619,3호선,0342,오금,352,N,3호선,3367,1958,대화,309,N,20:16:30,,,3332,상행,2025-05-01T05:00:00,,평일
3호선,0310,구파발,320,,20250619,3호선,0342,오금,352,N,3호선,3343,0342,오금,352,N,,18:46:00,,3334,상행,2025-05-01T05:00:00,,평일
3호선,0310,구파발,320,,20250619,3호선,0342,오금,352,N,3호선,3343,0341,경찰병원,351,N,18:47:00,18:47:30,,3334,상행,2025-05-01T05:00:00,,평일
3호선,0310,구파발,320,,20250619,3호선,0342,오금,352,N,3호선,3343,0340,가락시장,350,N,18:48:30,18:49:00,,3334,상행,2025-05-01T05:00:00,,평일
3호선,0310,구파발,320,,20250619,3호선,0342,오금,352,N,3호선,3343,0339,수서,349,N,18:51:00,18:51:30,,3334,상행,2025-05-01T05:00:00,,평일
3호선,0310,구파발,320,,20250619,3호선,0342,오금,352,N,3호선,3343,0338,일원,348,N,18:53:30,18:54:00,,3334,상행,2025-05-01T05:00:00,,평일
3호선,0310,구파발,320,,20250619,3호선,0342,오금,352,N,3호선,3343,0337,대청,347,N,18:55:30,18:56:00,,3334,상행,2025-05-01T05:00:00,,평일
3호선,0310,구파발,320,,20250619,3호선,0342,오금,352,N,3호선,3343,0336,학여울,346,N,18:57:30,18:58:00,,3334,상행,2025-05-01T05:00:00,,평일
3호선,0310,구파발,320,,20250619,3호선,0342,오금,352,N,3호선,3343,0335,대치,345,N,18:59:00,18:59:30,,3334,상행,2025-05-01T05:00:00,,평일
3호선,0310,구파발,320,,20250619,3호선,0342,오금,352,N,3호선,3343,0334,도곡,344,N,19:00:30,19:01:00,,3334,상행,2025-05-01T05:00:00,,평일
3호선,0310,구파발,320,,20250619,3호선,0342,오금,352,N,3호선,3343,0333,매봉,343,N,19:02:30,19:03:00,,3334,상행,2025-05-01T05:00:00,,평일
3호선,0310,구파발,320,,20250619,3호선,0342,오금,352,N,3호선,3343,0332,양재,342,N,19:05:00,19:05:30,,3334,상행,2025-05-01T05:00:00,,평일
3호선,0310,구파발,320,,20250619,3호선,0342,오금,352,N,3호선,3343,0331,남부터미널,341,N,19:07:30,19:08:00,,3334,상행,2025-05-01T05:00:00,,평일
3호선,0310,구파발,320,,20250619,3호선,0342,오금,352,N,3호선,3343,0330,교대,340,N,19:09:30,19:10:00,,3334,상행,2025-05-01T05:00:00,,평일
3호선,0310,구파발,320,,20250619,3호선,0342,오금,352,N,3호선,3343,0329,고속터미널,339,N,19:12:00,19:12:30,,3334,상행,2025-05-01T05:00:00,,평일
3호선,0310,구파발,320,,20250619,3호선,0342,오금,352,N,3호선,3343,0328,잠원,338,N,19:14:00,19:14:30,,3334,상행,2025-05-01T05:00:00,,평일
3호선,0310,구파발,320,,20250619,3호선,0342,오금,352,N,3호선,3343,0327,신사,337,N,19:16:00,19:16:30,,3334,상행,2025-05-01T05:00:00,,평일
3호선,0310,구파발,320,,20250619,3호선,0342,오금,352,N,3호선,3343,0326,압구정,336,N,19:18:30,19:19:00,,3334,상행,2025-05-01T05:00:00,,평일
3호선,0310,구파발,320,,20250619,3호선,0342,오금,352,N,3호선,3343,0325,옥수,335,N,19:21:00,19:21:30,,3334,상행,2025-05-01T05:00:00,,평일
3호선,0310,구파발,320,,20250619,3호선,0342,오금,352,N,3호선,3343,0324,금호,334,N,19:22:30,19:23:00,,3334,상행,2025-05-01T05:00:00,,평일
3호선,0310,구파발,320,,20250619,3호선,0342,오금,352,N,3호선,3343,0323,약수,333,N,19:24:00,19:24:30,,3334,상행,2025-05-01T05:00:00,,평일
3호선,0310,구파발,320,,20250619,3호선,0342,오금,352,N,3호선,3343,0322,동대입구,332,N,19:25:30,19:26:00,,3334,상행,2025-05-01T05:00:00,,평일
3호선,0310,구파발,320,,20250619,3호선,0342,오금,352,N,3호선,3343,0321,충무로,331,N,19:27:30,19:28:00,,3334,상행,2025-05-01T05:00:00,,평일
3호선,0310,구파발,320,,20250619,3호선,0342,오금,352,N,3호선,3343,0320,을지로3가,330,N,19:29:00,19:29:30,,3334,상행,2025-05-01T05:00:00,,평일
3호선,0310,구파발,320,,20250619,3호선,0342,오금,352,N,3호선,3343,0319,종로3가,329,N,19:30:30,19:31:00,,3334,상행,2025-05-01T05:00:00,,평일
3호선,0310,구파발,320,,20250619,3호선,0342,오금,352,N,3호선,3343,0318,안국,328,N,19:32:30,19:33:00,,3334,상행,2025-05-01T05:00:00,,평일
3호선,0310,구파발,320,,20250619,3호선,0342,오금,352,N,3호선,3343,0317,경복궁,327,N,19:34:30,19:35:00,,3334,상행,2025-05-01T05:00:00,,평일
3호선,0310,구파발,320,,20250619,3호선,0342,오금,352,N,3호선,3343,0316,독립문,326,N,19:37:00,19:37:30,,3334,상행,2025-05-01T05:00:00,,평일
3호선,0310,구파발,320,,20250619,3호선,0342,오금,352,N,3호선,3343,0315,무악재,325,N,19:39:00,19:39:30,,3334,상행,2025-05-01T05:00:00,,평일
3호선,0310,구파발,320,,20250619,3호선,0342,오금,352,N,3호선,3343,0314,홍제,324,N,19:41:00,19:41:30,,3334,상행,2025-05-01T05:00:00,,평일
3호선,0310,구파발,320,,20250619,3호선,0342,오금,352,N,3호선,3343,0313,녹번,323,N,19:43:30,19:44:00,,3334,상행,2025-05-01T05:00:00,,평일
3호선,0310,구파발,320,,20250619,3호선,0342,오금,352,N,3호선,3343,0312,불광,322,N,19:45:30,19:46:00,,3334,상행,2025-05-01T05:00:00,,평일
3호선,0310,구파발,320,,20250619,3호선,0342,오금,352,N,3호선,3343,0311,연신내,321,N,19:47:30,19:48:00,,3334,상행,2025-05-01T05:00:00,,평일
3호선,0310,구파발,320,,20250619,3호선,0342,오금,352,N,3호선,3343,0310,구파발,320,N,19:50:00,,,3334,상행,2025-05-01T05:00:00,,평일
3호선,1958,대화,309,,20250619,3호선,0342,오금,352,N,3호선,3371,0342,오금,352,N,,18:51:00,,3336,상행,2025-05-01T05:00:00,,평일
3호선,1958,대화,309,,20250619,3호선,0342,오금,352,N,3호선,3371,0341,경찰병원,351,N,18:52:00,18:52:30,,3336,상행,2025-05-01T05:00:00,,평일
3호선,1958,대화,309,,20250619,3호선,0342,오금,352,N,3호선,3371,0340,가락시장,350,N,18:53:30,18:54:00,,3336,상행,2025-05-01T05:00:00,,평일
3호선,1958,대화,309,,20250619,3호선,0342,오금,352,N,3호선,3371,0339,수서,349,N,18:56:00,18:56:30,,3336,상행,2025-05-01T05:00:00,,평일
3호선,1958,대화,309,,20250619,3호선,0342,오금,352,N,3호선,3371,0338,일원,348,N,18:58:30,18:59:00,,3336,상행,2025-05-01T05:00:00,,평일
3호선,1958,대화,309,,20250619,3호선,0342,오금,352,N,3호선,3371,0337,대청,347,N,19:00:30,19:01:00,,3336,상행,2025-05-01T05:00:00,,평일
3호선,1958,대화,309,,20250619,3호선,0342,오금,352,N,3호선,3371,0336,학여울,346,N,19:02:30,19:03:00,,3336,상행,2025-05-01T05:00:00,,평일
3호선,1958,대화,309,,20250619,3호선,0342,오금,352,N,3호선,3371,0335,대치,345,N,19:04:00,19:04:30,,3336,상행,2025-05-01T05:00:00,,평일
3호선,1958,대화,309,,20250619,3호선,0342,오금,352,N,3호선,3371,0334,도곡,344,N,19:05:30,19:06:00,,3336,상행,2025-05-01T05:00:00,,평일
3호선,1958,대화,309,,20250619,3호선,0342,오금,352,N,3호선,3371,0333,매봉,343,N,19:07:30,19:08:00,,3336,상행,2025-05-01T05:00:00,,평일
3호선,1958,대화,309,,20250619,3호선,0342,오금,352,N,3호선,3371,0332,양재,342,N,19:10:00,19:10:30,,3336,상행,2025-05-01T05:00:00,,평일
3호선,1958,대화,309,,20250619,3호선,0342,오금,352,N,3호선,3371,0331,남부터미널,341,N,19:12:30,19:13:00,,3336,상행,2025-05-01T05:00:00,,평일
3호선,1958,대화,309,,20250619,3호선,0342,오금,352,N,3호선,3371,0330,교대,340,N,19:14:30,19:15:00,,3336,상행,2025-05-01T05:00:00,,평일
3호선,1958,대화,309,,20250619,3호선,0342,오금,352,N,3호선,3371,0329,고속터미널,339,N,19:17:00,19:17:30,,3336,상행,2025-05-01T05:00:00,,평일
3호선,1958,대화,309,,20250619,3호선,0342,오금,352,N,3호선,3371,0328,잠원,338,N,19:19:00,19:19:30,,3336,상행,2025-05-01T05:00:00,,평일
3호선,1958,대화,309,,20250619,3호선,0342,오금,352,N,3호선,3371,0327,신사,337,N,19:21:00,19:21:30,,3336,상행,2025-05-01T05:00:00,,평일
3호선,1958,대화,309,,20250619,3호선,0342,오금,352,N,3호선,3371,0326,압구정,336,N,19:23:30,19:24:00,,3336,상행,2025-05-01T05:00:00,,평일
3호선,1958,대화,309,,20250619,3호선,0342,오금,352,N,3호선,3371,0325,옥수,335,N,19:26:00,19:26:30,,3336,상행,2025-05-01T05:00:00,,평일
3호선,1958,대화,309,,20250619,3호선,0342,오금,352,N,3호선,3371,0324,금호,334,N,19:27:30,19:28:00,,3336,상행,2025-05-01T05:00:00,,평일
3호선,1958,대화,309,,20250619,3호선,0342,오금,352,N,3호선,3371,0323,약수,333,N,19:29:00,19:29:30,,3336,상행,2025-05-01T05:00:00,,평일
3호선,1958,대화,309,,20250619,3호선,0342,오금,352,N,3호선,3371,0322,동대입구,332,N,19:30:30,19:31:00,,3336,상행,2025-05-01T05:00:00,,평일
3호선,1958,대화,309,,20250619,3호선,0342,오금,352,N,3호선,3371,0321,충무로,331,N,19:32:30,19:33:00,,3336,상행,2025-05-01T05:00:00,,평일
3호선,1958,대화,309,,20250619,3호선,0342,오금,352,N,3호선,3371,0320,을지로3가,330,N,19:34:00,19:34:30,,3336,상행,2025-05-01T05:00:00,,평일
3호선,1958,대화,309,,20250619,3호선,0342,오금,352,N,3호선,3371,0319,종로3가,329,N,19:35:30,19:36:00,,3336,상행,2025-05-01T05:00:00,,평일
3호선,1958,대화,309,,20250619,3호선,0342,오금,352,N,3호선,3371,0318,안국,328,N,19:37:30,19:38:00,,3336,상행,2025-05-01T05:00:00,,평일
3호선,1958,대화,309,,20250619,3호선,0342,오금,352,N,3호선,3371,0317,경복궁,327,N,19:39:30,19:40:00,,3336,상행,2025-05-01T05:00:00,,평일
3호선,1958,대화,309,,20250619,3호선,0342,오금,352,N,3호선,3371,0316,독립문,326,N,19:42:00,19:42:30,,3336,상행,2025-05-01T05:00:00,,평일
3호선,1958,대화,309,,20250619,3호선,0342,오금,352,N,3호선,3371,0315,무악재,325,N,19:44:00,19:44:30,,3336,상행,2025-05-01T05:00:00,,평일
3호선,1958,대화,309,,20250619,3호선,0342,오금,352,N,3호선,3371,0314,홍제,324,N,19:46:00,19:46:30,,3336,상행,2025-05-01T05:00:00,,평일
3호선,1958,대화,309,,20250619,3호선,0342,오금,352,N,3호선,3371,0313,녹번,323,N,19:48:30,19:49:00,,3336,상행,2025-05-01T05:00:00,,평일
3호선,1958,대화,309,,20250619,3호선,0342,오금,352,N,3호선,3371,0312,불광,322,N,19:50:30,19:51:00,,3336,상행,2025-05-01T05:00:00,,평일
3호선,1958,대화,309,,20250619,3호선,0342,오금,352,N,3호선,3371,0311,연신내,321,N,19:52:30,19:53:00,,3336,상행,2025-05-01T05:00:00,,평일
3호선,1958,대화,309,,20250619,3호선,0342,오금,352,N,3호선,3371,0310,구파발,320,N,19:55:00,19:55:30,,3336,상행,2025-05-01T05:00:00,,평일
3호선,1958,대화,309,,20250619,3호선,0342,오금,352,N,3호선,3371,0309,지축,319,N,19:58:30,19:59:00,,3336,상행,2025-05-01T05:00:00,,평일
3호선,1958,대화,309,,20250619,3호선,0342,오금,352,N,3호선,3371,1950,삼송,318,N,20:01:30,20:02:00,,3336,상행,2025-05-01T05:00:00,,평일
3호선,1958,대화,309,,20250619,3호선,0342,오금,352,N,3호선,3371,1948,원흥,317,N,20:04:00,20:04:30,,3336,상행,2025-05-01T05:00:00,,평일
3호선,1958,대화,309,,20250619,3호선,0342,오금,352,N,3호선,3371,1951,원당,316,N,20:07:00,20:07:30,,3336,상행,2025-05-01T05:00:00,,평일
3호선,1958,대화,309,,20250619,3호선,0342,오금,352,N,3호선,3371,1952,화정,315,N,20:10:30,20:11:00,,3336,상행,2025-05-01T05:00:00,,평일
3호선,1958,대화,309,,20250619,3호선,0342,오금,352,N,3호선,3371,1953,대곡,314,N,20:13:30,20:14:00,,3336,상행,2025-05-01T05:00:00,,평일
3호선,1958,대화,309,,20250619,3호선,0342,오금,352,N,3호선,3371,1954,백석,313,N,20:17:00,20:17:30,,3336,상행,2025-05-01T05:00:00,,평일
3호선,1958,대화,309,,20250619,3호선,0342,오금,352,N,3호선,3371,1955,마두,312,N,20:19:30,20:20:00,,3336,상행,2025-05-01T05:00:00,,평일
3호선,1958,대화,309,,20250619,3호선,0342,오금,352,N,3호선,3371,1956,정발산,311,N,20:21:30,20:22:00,,3336,상행,2025-05-01T05:00:00,,평일
3호선,1958,대화,309,,20250619,3호선,0342,오금,352,N,3호선,3371,1957,주엽,310,N,20:24:00,20:24:30,,3336,상행,2025-05-01T05:00:00,,평일
3호선,1958,대화,309,,20250619,3호선,0342,오금,352,N,3호선,3371,1958,대화,309,N,20:26:30,,,3336,상행,2025-05-01T05:00:00,,평일
3호선,0310,구파발,320,,20250619,3호선,0342,오금,352,N,3호선,3349,0342,오금,352,N,,18:56:00,,3338,상행,2025-05-01T05:00:00,,평일
3호선,0310,구파발,320,,20250619,3호선,0342,오금,352,N,3호선,3349,0341,경찰병원,351,N,18:57:00,18:57:30,,3338,상행,2025-05-01T05:00:00,,평일
3호선,0310,구파발,320,,20250619,3호선,0342,오금,352,N,3호선,3349,0340,가락시장,350,N,18:58:30,18:59:00,,3338,상행,2025-05-01T05:00:00,,평일
3호선,0310,구파발,320,,20250619,3호선,0342,오금,352,N,3호선,3349,0339,수서,349,N,19:01:00,19:01:30,,3338,상행,2025-05-01T05:00:00,,평일
3호선,0310,구파발,320,,20250619,3호선,0342,오금,352,N,3호선,3349,0338,일원,348,N,19:03:30,19:04:00,,3338,상행,2025-05-01T05:00:00,,평일
3호선,0310,구파발,320,,20250619,3호선,0342,오금,352,N,3호선,3349,0337,대청,347,N,19:05:30,19:06:00,,3338,상행,2025-05-01T05:00:00,,평일
3호선,0310,구파발,320,,20250619,3호선,0342,오금,352,N,3호선,3349,0336,학여울,346,N,19:07:30,19:08:00,,3338,상행,2025-05-01T05:00:00,,평일
3호선,0310,구파발,320,,20250619,3호선,0342,오금,352,N,3호선,3349,0335,대치,345,N,19:09:00,19:09:30,,3338,상행,2025-05-01T05:00:00,,평일
3호선,0310,구파발,320,,20250619,3호선,0342,오금,352,N,3호선,3349,0334,도곡,344,N,19:10:30,19:11:00,,3338,상행,2025-05-01T05:00:00,,평일
3호선,0310,구파발,320,,20250619,3호선,0342,오금,352,N,3호선,3349,0333,매봉,343,N,19:12:30,19:13:00,,3338,상행,2025-05-01T05:00:00,,평일
3호선,0310,구파발,320,,20250619,3호선,0342,오금,352,N,3호선,3349,0332,양재,342,N,19:15:00,19:15:30,,3338,상행,2025-05-01T05:00:00,,평일
3호선,0310,구파발,320,,20250619,3호선,0342,오금,352,N,3호선,3349,0331,남부터미널,341,N,19:17:30,19:18:00,,3338,상행,2025-05-01T05:00:00,,평일
3호선,0310,구파발,320,,20250619,3호선,0342,오금,352,N,3호선,3349,0330,교대,340,N,19:19:30,19:20:00,,3338,상행,2025-05-01T05:00:00,,평일
3호선,0310,구파발,320,,20250619,3호선,0342,오금,352,N,3호선,3349,0329,고속터미널,339,N,19:22:00,19:22:30,,3338,상행,2025-05-01T05:00:00,,평일
3호선,0310,구파발,320,,20250619,3호선,0342,오금,352,N,3호선,3349,0328,잠원,338,N,19:24:00,19:24:30,,3338,상행,2025-05-01T05:00:00,,평일
3호선,0310,구파발,320,,20250619,3호선,0342,오금,352,N,3호선,3349,0327,신사,337,N,19:26:00,19:26:30,,3338,상행,2025-05-01T05:00:00,,평일
3호선,0310,구파발,320,,20250619,3호선,0342,오금,352,N,3호선,3349,0326,압구정,336,N,19:28:30,19:29:00,,3338,상행,2025-05-01T05:00:00,,평일
3호선,0310,구파발,320,,20250619,3호선,0342,오금,352,N,3호선,3349,0325,옥수,335,N,19:31:00,19:31:30,,3338,상행,2025-05-01T05:00:00,,평일
3호선,0310,구파발,320,,20250619,3호선,0342,오금,352,N,3호선,3349,0324,금호,334,N,19:32:30,19:33:00,,3338,상행,2025-05-01T05:00:00,,평일
3호선,0310,구파발,320,,20250619,3호선,0342,오금,352,N,3호선,3349,0323,약수,333,N,19:34:00,19:34:30,,3338,상행,2025-05-01T05:00:00,,평일
3호선,0310,구파발,320,,20250619,3호선,0342,오금,352,N,3호선,3349,0322,동대입구,332,N,19:35:30,19:36:00,,3338,상행,2025-05-01T05:00:00,,평일
3호선,0310,구파발,320,,20250619,3호선,0342,오금,352,N,3호선,3349,0321,충무로,331,N,19:37:30,19:38:00,,3338,상행,2025-05-01T05:00:00,,평일
3호선,0310,구파발,320,,20250619,3호선,0342,오금,352,N,3호선,3349,0320,을지로3가,330,N,19:39:00,19:39:30,,3338,상행,2025-05-01T05:00:00,,평일
3호선,0310,구파발,320,,20250619,3호선,0342,오금,352,N,3호선,3349,0319,종로3가,329,N,19:40:30,19:41:00,,3338,상행,2025-05-01T05:00:00,,평일
3호선,0310,구파발,320,,20250619,3호선,0342,오금,352,N,3호선,3349,0318,안국,328,N,19:42:30,19:43:00,,3338,상행,2025-05-01T05:00:00,,평일
3호선,0310,구파발,320,,20250619,3호선,0342,오금,352,N,3호선,3349,0317,경복궁,327,N,19:44:30,19:45:00,,3338,상행,2025-05-01T05:00:00,,평일
3호선,0310,구파발,320,,20250619,3호선,0342,오금,352,N,3호선,3349,0316,독립문,326,N,19:47:00,19:47:30,,3338,상행,2025-05-01T05:00:00,,평일
3호선,0310,구파발,320,,20250619,3호선,0342,오금,352,N,3호선,3349,0315,무악재,325,N,19:49:00,19:49:30,,3338,상행,2025-05-01T05:00:00,,평일
3호선,0310,구파발,320,,20250619,3호선,0342,오금,352,N,3호선,3349,0314,홍제,324,N,19:51:00,19:51:30,,3338,상행,2025-05-01T05:00:00,,평일
3호선,0310,구파발,320,,20250619,3호선,0342,오금,352,N,3호선,3349,0313,녹번,323,N,19:53:30,19:54:00,,3338,상행,2025-05-01T05:00:00,,평일
3호선,0310,구파발,320,,20250619,3호선,0342,오금,352,N,3호선,3349,0312,불광,322,N,19:55:30,19:56:00,,3338,상행,2025-05-01T05:00:00,,평일
3호선,0310,구파발,320,,20250619,3호선,0342,오금,352,N,3호선,3349,0311,연신내,321,N,19:57:30,19:58:00,,3338,상행,2025-05-01T05:00:00,,평일
3호선,0310,구파발,320,,20250619,3호선,0342,오금,352,N,3호선,3349,0310,구파발,320,N,20:00:00,,,3338,상행,2025-05-01T05:00:00,,평일
3호선,1958,대화,309,,20250619,3호선,0342,오금,352,N,3호선,3373,0342,오금,352,N,,19:01:00,,3340K,상행,2025-05-01T05:00:00,,평일
3호선,1958,대화,309,,20250619,3호선,0342,오금,352,N,3호선,3373,0341,경찰병원,351,N,19:02:00,19:02:30,,3340K,상행,2025-05-01T05:00:00,,평일
3호선,1958,대화,309,,20250619,3호선,0342,오금,352,N,3호선,3373,0340,가락시장,350,N,19:03:30,19:04:00,,3340K,상행,2025-05-01T05:00:00,,평일
3호선,1958,대화,309,,20250619,3호선,0342,오금,352,N,3호선,3373,0339,수서,349,N,19:06:00,19:06:30,,3340K,상행,2025-05-01T05:00:00,,평일
3호선,1958,대화,309,,20250619,3호선,0342,오금,352,N,3호선,3373,0338,일원,348,N,19:08:30,19:09:00,,3340K,상행,2025-05-01T05:00:00,,평일
3호선,1958,대화,309,,20250619,3호선,0342,오금,352,N,3호선,3373,0337,대청,347,N,19:10:30,19:11:00,,3340K,상행,2025-05-01T05:00:00,,평일
3호선,1958,대화,309,,20250619,3호선,0342,오금,352,N,3호선,3373,0336,학여울,346,N,19:12:30,19:13:00,,3340K,상행,2025-05-01T05:00:00,,평일
3호선,1958,대화,309,,20250619,3호선,0342,오금,352,N,3호선,3373,0335,대치,345,N,19:14:00,19:14:30,,3340K,상행,2025-05-01T05:00:00,,평일
3호선,1958,대화,309,,20250619,3호선,0342,오금,352,N,3호선,3373,0334,도곡,344,N,19:15:30,19:16:00,,3340K,상행,2025-05-01T05:00:00,,평일
3호선,1958,대화,309,,20250619,3호선,0342,오금,352,N,3호선,3373,0333,매봉,343,N,19:17:30,19:18:00,,3340K,상행,2025-05-01T05:00:00,,평일
3호선,1958,대화,309,,20250619,3호선,0342,오금,352,N,3호선,3373,0332,양재,342,N,19:20:00,19:20:30,,3340K,상행,2025-05-01T05:00:00,,평일
3호선,1958,대화,309,,20250619,3호선,0342,오금,352,N,3호선,3373,0331,남부터미널,341,N,19:22:30,19:23:00,,3340K,상행,2025-05-01T05:00:00,,평일
3호선,1958,대화,309,,20250619,3호선,0342,오금,352,N,3호선,3373,0330,교대,340,N,19:24:30,19:25:00,,3340K,상행,2025-05-01T05:00:00,,평일
3호선,1958,대화,309,,20250619,3호선,0342,오금,352,N,3호선,3373,0329,고속터미널,339,N,19:27:00,19:27:30,,3340K,상행,2025-05-01T05:00:00,,평일
3호선,1958,대화,309,,20250619,3호선,0342,오금,352,N,3호선,3373,0328,잠원,338,N,19:29:00,19:29:30,,3340K,상행,2025-05-01T05:00:00,,평일
3호선,1958,대화,309,,20250619,3호선,0342,오금,352,N,3호선,3373,0327,신사,337,N,19:31:00,19:31:30,,3340K,상행,2025-05-01T05:00:00,,평일
3호선,1958,대화,309,,20250619,3호선,0342,오금,352,N,3호선,3373,0326,압구정,336,N,19:33:30,19:34:00,,3340K,상행,2025-05-01T05:00:00,,평일
3호선,1958,대화,309,,20250619,3호선,0342,오금,352,N,3호선,3373,0325,옥수,335,N,19:36:00,19:36:30,,3340K,상행,2025-05-01T05:00:00,,평일
3호선,1958,대화,309,,20250619,3호선,0342,오금,352,N,3호선,3373,0324,금호,334,N,19:37:30,19:38:00,,3340K,상행,2025-05-01T05:00:00,,평일
3호선,1958,대화,309,,20250619,3호선,0342,오금,352,N,3호선,3373,0323,약수,333,N,19:39:00,19:39:30,,3340K,상행,2025-05-01T05:00:00,,평일
3호선,1958,대화,309,,20250619,3호선,0342,오금,352,N,3호선,3373,0322,동대입구,332,N,19:40:30,19:41:00,,3340K,상행,2025-05-01T05:00:00,,평일
3호선,1958,대화,309,,20250619,3호선,0342,오금,352,N,3호선,3373,0321,충무로,331,N,19:42:30,19:43:00,,3340K,상행,2025-05-01T05:00:00,,평일
3호선,1958,대화,309,,20250619,3호선,0342,오금,352,N,3호선,3373,0320,을지로3가,330,N,19:44:00,19:44:30,,3340K,상행,2025-05-01T05:00:00,,평일
3호선,1958,대화,309,,20250619,3호선,0342,오금,352,N,3호선,3373,0319,종로3가,329,N,19:45:30,19:46:00,,3340K,상행,2025-05-01T05:00:00,,평일
3호선,1958,대화,309,,20250619,3호선,0342,오금,352,N,3호선,3373,0318,안국,328,N,19:47:30,19:48:00,,3340K,상행,2025-05-01T05:00:00,,평일
3호선,1958,대화,309,,20250619,3호선,0342,오금,352,N,3호선,3373,0317,경복궁,327,N,19:49:30,19:50:00,,3340K,상행,2025-05-01T05:00:00,,평일
3호선,1958,대화,309,,20250619,3호선,0342,오금,352,N,3호선,3373,0316,독립문,326,N,19:52:00,19:52:30,,3340K,상행,2025-05-01T05:00:00,,평일
3호선,1958,대화,309,,20250619,3호선,0342,오금,352,N,3호선,3373,0315,무악재,325,N,19:54:00,19:54:30,,3340K,상행,2025-05-01T05:00:00,,평일
3호선,1958,대화,309,,20250619,3호선,0342,오금,352,N,3호선,3373,0314,홍제,324,N,19:56:00,19:56:30,,3340K,상행,2025-05-01T05:00:00,,평일
3호선,1958,대화,309,,20250619,3호선,0342,오금,352,N,3호선,3373,0313,녹번,323,N,19:58:30,19:59:00,,3340K,상행,2025-05-01T05:00:00,,평일
3호선,1958,대화,309,,20250619,3호선,0342,오금,352,N,3호선,3373,0312,불광,322,N,20:00:30,20:01:00,,3340K,상행,2025-05-01T05:00:00,,평일
3호선,1958,대화,309,,20250619,3호선,0342,오금,352,N,3호선,3373,0311,연신내,321,N,20:02:30,20:03:00,,3340K,상행,2025-05-01T05:00:00,,평일
3호선,1958,대화,309,,20250619,3호선,0342,오금,352,N,3호선,3373,0310,구파발,320,N,20:05:00,20:05:30,,3340K,상행,2025-05-01T05:00:00,,평일
3호선,1958,대화,309,,20250619,3호선,0342,오금,352,N,3호선,3373,0309,지축,319,N,20:08:30,20:09:00,,3340K,상행,2025-05-01T05:00:00,,평일
3호선,1958,대화,309,,20250619,3호선,0342,오금,352,N,3호선,3373,1950,삼송,318,N,20:11:30,20:12:00,,3340K,상행,2025-05-01T05:00:00,,평일
3호선,1958,대화,309,,20250619,3호선,0342,오금,352,N,3호선,3373,1948,원흥,317,N,20:14:00,20:14:30,,3340K,상행,2025-05-01T05:00:00,,평일
3호선,1958,대화,309,,20250619,3호선,0342,오금,352,N,3호선,3373,1951,원당,316,N,20:17:00,20:17:30,,3340K,상행,2025-05-01T05:00:00,,평일
3호선,1958,대화,309,,20250619,3호선,0342,오금,352,N,3호선,3373,1952,화정,315,N,20:20:30,20:21:00,,3340K,상행,2025-05-01T05:00:00,,평일
3호선,1958,대화,309,,20250619,3호선,0342,오금,352,N,3호선,3373,1953,대곡,314,N,20:23:30,20:24:00,,3340K,상행,2025-05-01T05:00:00,,평일
3호선,1958,대화,309,,20250619,3호선,0342,오금,352,N,3호선,3373,1954,백석,313,N,20:27:00,20:27:30,,3340K,상행,2025-05-01T05:00:00,,평일
3호선,1958,대화,309,,20250619,3호선,0342,오금,352,N,3호선,3373,1955,마두,312,N,20:29:30,20:30:00,,3340K,상행,2025-05-01T05:00:00,,평일
3호선,1958,대화,309,,20250619,3호선,0342,오금,352,N,3호선,3373,1956,정발산,311,N,20:31:30,20:32:00,,3340K,상행,2025-05-01T05:00:00,,평일
3호선,1958,대화,309,,20250619,3호선,0342,오금,352,N,3호선,3373,1957,주엽,310,N,20:34:00,20:34:30,,3340K,상행,2025-05-01T05:00:00,,평일
3호선,1958,대화,309,,20250619,3호선,0342,오금,352,N,3호선,3373,1958,대화,309,N,20:36:30,,,3340K,상행,2025-05-01T05:00:00,,평일
3호선,1958,대화,309,,20250619,3호선,0342,오금,352,N,3호선,3375,0342,오금,352,N,,19:06:00,,3342,상행,2025-05-01T05:00:00,,평일
3호선,1958,대화,309,,20250619,3호선,0342,오금,352,N,3호선,3375,0341,경찰병원,351,N,19:07:00,19:07:30,,3342,상행,2025-05-01T05:00:00,,평일
3호선,1958,대화,309,,20250619,3호선,0342,오금,352,N,3호선,3375,0340,가락시장,350,N,19:08:30,19:09:00,,3342,상행,2025-05-01T05:00:00,,평일
3호선,1958,대화,309,,20250619,3호선,0342,오금,352,N,3호선,3375,0339,수서,349,N,19:11:00,19:11:30,,3342,상행,2025-05-01T05:00:00,,평일
3호선,1958,대화,309,,20250619,3호선,0342,오금,352,N,3호선,3375,0338,일원,348,N,19:13:30,19:14:00,,3342,상행,2025-05-01T05:00:00,,평일
3호선,1958,대화,309,,20250619,3호선,0342,오금,352,N,3호선,3375,0337,대청,347,N,19:15:30,19:16:00,,3342,상행,2025-05-01T05:00:00,,평일
3호선,1958,대화,309,,20250619,3호선,0342,오금,352,N,3호선,3375,0336,학여울,346,N,19:17:30,19:18:00,,3342,상행,2025-05-01T05:00:00,,평일
3호선,1958,대화,309,,20250619,3호선,0342,오금,352,N,3호선,3375,0335,대치,345,N,19:19:00,19:19:30,,3342,상행,2025-05-01T05:00:00,,평일
3호선,1958,대화,309,,20250619,3호선,0342,오금,352,N,3호선,3375,0334,도곡,344,N,19:20:30,19:21:00,,3342,상행,2025-05-01T05:00:00,,평일
3호선,1958,대화,309,,20250619,3호선,0342,오금,352,N,3호선,3375,0333,매봉,343,N,19:22:30,19:23:00,,3342,상행,2025-05-01T05:00:00,,평일
3호선,1958,대화,309,,20250619,3호선,0342,오금,352,N,3호선,3375,0332,양재,342,N,19:25:00,19:25:30,,3342,상행,2025-05-01T05:00:00,,평일
3호선,1958,대화,309,,20250619,3호선,0342,오금,352,N,3호선,3375,0331,남부터미널,341,N,19:27:30,19:28:00,,3342,상행,2025-05-01T05:00:00,,평일
3호선,1958,대화,309,,20250619,3호선,0342,오금,352,N,3호선,3375,0330,교대,340,N,19:29:30,19:30:00,,3342,상행,2025-05-01T05:00:00,,평일
3호선,1958,대화,309,,20250619,3호선,0342,오금,352,N,3호선,3375,0329,고속터미널,339,N,19:32:00,19:32:30,,3342,상행,2025-05-01T05:00:00,,평일
3호선,1958,대화,309,,20250619,3호선,0342,오금,352,N,3호선,3375,0328,잠원,338,N,19:34:00,19:34:30,,3342,상행,2025-05-01T05:00:00,,평일
3호선,1958,대화,309,,20250619,3호선,0342,오금,352,N,3호선,3375,0327,신사,337,N,19:36:00,19:36:30,,3342,상행,2025-05-01T05:00:00,,평일
3호선,1958,대화,309,,20250619,3호선,0342,오금,352,N,3호선,3375,0326,압구정,336,N,19:38:30,19:39:00,,3342,상행,2025-05-01T05:00:00,,평일
3호선,1958,대화,309,,20250619,3호선,0342,오금,352,N,3호선,3375,0325,옥수,335,N,19:41:00,19:41:30,,3342,상행,2025-05-01T05:00:00,,평일
3호선,1958,대화,309,,20250619,3호선,0342,오금,352,N,3호선,3375,0324,금호,334,N,19:42:30,19:43:00,,3342,상행,2025-05-01T05:00:00,,평일
3호선,1958,대화,309,,20250619,3호선,0342,오금,352,N,3호선,3375,0323,약수,333,N,19:44:00,19:44:30,,3342,상행,2025-05-01T05:00:00,,평일
3호선,1958,대화,309,,20250619,3호선,0342,오금,352,N,3호선,3375,0322,동대입구,332,N,19:45:30,19:46:00,,3342,상행,2025-05-01T05:00:00,,평일
3호선,1958,대화,309,,20250619,3호선,0342,오금,352,N,3호선,3375,0321,충무로,331,N,19:47:30,19:48:00,,3342,상행,2025-05-01T05:00:00,,평일
3호선,1958,대화,309,,20250619,3호선,0342,오금,352,N,3호선,3375,0320,을지로3가,330,N,19:49:00,19:49:30,,3342,상행,2025-05-01T05:00:00,,평일
3호선,1958,대화,309,,20250619,3호선,0342,오금,352,N,3호선,3375,0319,종로3가,329,N,19:50:30,19:51:00,,3342,상행,2025-05-01T05:00:00,,평일
3호선,1958,대화,309,,20250619,3호선,0342,오금,352,N,3호선,3375,0318,안국,328,N,19:52:30,19:53:00,,3342,상행,2025-05-01T05:00:00,,평일
3호선,1958,대화,309,,20250619,3호선,0342,오금,352,N,3호선,3375,0317,경복궁,327,N,19:54:30,19:55:00,,3342,상행,2025-05-01T05:00:00,,평일
3호선,1958,대화,309,,20250619,3호선,0342,오금,352,N,3호선,3375,0316,독립문,326,N,19:57:00,19:57:30,,3342,상행,2025-05-01T05:00:00,,평일
3호선,1958,대화,309,,20250619,3호선,0342,오금,352,N,3호선,3375,0315,무악재,325,N,19:59:00,19:59:30,,3342,상행,2025-05-01T05:00:00,,평일
3호선,1958,대화,309,,20250619,3호선,0342,오금,352,N,3호선,3375,0314,홍제,324,N,20:01:00,20:01:30,,3342,상행,2025-05-01T05:00:00,,평일
3호선,1958,대화,309,,20250619,3호선,0342,오금,352,N,3호선,3375,0313,녹번,323,N,20:03:30,20:04:00,,3342,상행,2025-05-01T05:00:00,,평일
3호선,1958,대화,309,,20250619,3호선,0342,오금,352,N,3호선,3375,0312,불광,322,N,20:05:30,20:06:00,,3342,상행,2025-05-01T05:00:00,,평일
3호선,1958,대화,309,,20250619,3호선,0342,오금,352,N,3호선,3375,0311,연신내,321,N,20:07:30,20:08:00,,3342,상행,2025-05-01T05:00:00,,평일
3호선,1958,대화,309,,20250619,3호선,0342,오금,352,N,3호선,3375,0310,구파발,320,N,20:10:00,20:10:30,,3342,상행,2025-05-01T05:00:00,,평일
3호선,1958,대화,309,,20250619,3호선,0342,오금,352,N,3호선,3375,0309,지축,319,N,20:13:30,20:14:00,,3342,상행,2025-05-01T05:00:00,,평일
3호선,1958,대화,309,,20250619,3호선,0342,오금,352,N,3호선,3375,1950,삼송,318,N,20:16:30,20:17:00,,3342,상행,2025-05-01T05:00:00,,평일
3호선,1958,대화,309,,20250619,3호선,0342,오금,352,N,3호선,3375,1948,원흥,317,N,20:19:00,20:19:30,,3342,상행,2025-05-01T05:00:00,,평일
3호선,1958,대화,309,,20250619,3호선,0342,오금,352,N,3호선,3375,1951,원당,316,N,20:22:00,20:22:30,,3342,상행,2025-05-01T05:00:00,,평일
3호선,1958,대화,309,,20250619,3호선,0342,오금,352,N,3호선,3375,1952,화정,315,N,20:25:30,20:26:00,,3342,상행,2025-05-01T05:00:00,,평일
3호선,1958,대화,309,,20250619,3호선,0342,오금,352,N,3호선,3375,1953,대곡,314,N,20:28:30,20:29:00,,3342,상행,2025-05-01T05:00:00,,평일
3호선,1958,대화,309,,20250619,3호선,0342,오금,352,N,3호선,3375,1954,백석,313,N,20:32:00,20:32:30,,3342,상행,2025-05-01T05:00:00,,평일
3호선,1958,대화,309,,20250619,3호선,0342,오금,352,N,3호선,3375,1955,마두,312,N,20:34:30,20:35:00,,3342,상행,2025-05-01T05:00:00,,평일
3호선,1958,대화,309,,20250619,3호선,0342,오금,352,N,3호선,3375,1956,정발산,311,N,20:36:30,20:37:00,,3342,상행,2025-05-01T05:00:00,,평일
3호선,1958,대화,309,,20250619,3호선,0342,오금,352,N,3호선,3375,1957,주엽,310,N,20:39:00,20:39:30,,3342,상행,2025-05-01T05:00:00,,평일
3호선,1958,대화,309,,20250619,3호선,0342,오금,352,N,3호선,3375,1958,대화,309,N,20:41:30,,,3342,상행,2025-05-01T05:00:00,,평일
3호선,1958,대화,309,,20250619,3호선,0342,오금,352,N,3호선,3379,0342,오금,352,N,,19:12:00,,3344K,상행,2025-05-01T05:00:00,,평일
3호선,1958,대화,309,,20250619,3호선,0342,오금,352,N,3호선,3379,0341,경찰병원,351,N,19:13:00,19:13:30,,3344K,상행,2025-05-01T05:00:00,,평일
3호선,1958,대화,309,,20250619,3호선,0342,오금,352,N,3호선,3379,0340,가락시장,350,N,19:14:30,19:15:00,,3344K,상행,2025-05-01T05:00:00,,평일
3호선,1958,대화,309,,20250619,3호선,0342,오금,352,N,3호선,3379,0339,수서,349,N,19:17:00,19:17:30,,3344K,상행,2025-05-01T05:00:00,,평일
3호선,1958,대화,309,,20250619,3호선,0342,오금,352,N,3호선,3379,0338,일원,348,N,19:19:30,19:20:00,,3344K,상행,2025-05-01T05:00:00,,평일
3호선,1958,대화,309,,20250619,3호선,0342,오금,352,N,3호선,3379,0337,대청,347,N,19:21:30,19:22:00,,3344K,상행,2025-05-01T05:00:00,,평일
3호선,1958,대화,309,,20250619,3호선,0342,오금,352,N,3호선,3379,0336,학여울,346,N,19:23:30,19:24:00,,3344K,상행,2025-05-01T05:00:00,,평일
3호선,1958,대화,309,,20250619,3호선,0342,오금,352,N,3호선,3379,0335,대치,345,N,19:25:00,19:25:30,,3344K,상행,2025-05-01T05:00:00,,평일
3호선,1958,대화,309,,20250619,3호선,0342,오금,352,N,3호선,3379,0334,도곡,344,N,19:26:30,19:27:00,,3344K,상행,2025-05-01T05:00:00,,평일
3호선,1958,대화,309,,20250619,3호선,0342,오금,352,N,3호선,3379,0333,매봉,343,N,19:28:30,19:29:00,,3344K,상행,2025-05-01T05:00:00,,평일
3호선,1958,대화,309,,20250619,3호선,0342,오금,352,N,3호선,3379,0332,양재,342,N,19:31:00,19:31:30,,3344K,상행,2025-05-01T05:00:00,,평일
3호선,1958,대화,309,,20250619,3호선,0342,오금,352,N,3호선,3379,0331,남부터미널,341,N,19:33:30,19:34:00,,3344K,상행,2025-05-01T05:00:00,,평일
3호선,1958,대화,309,,20250619,3호선,0342,오금,352,N,3호선,3379,0330,교대,340,N,19:35:30,19:36:00,,3344K,상행,2025-05-01T05:00:00,,평일
3호선,1958,대화,309,,20250619,3호선,0342,오금,352,N,3호선,3379,0329,고속터미널,339,N,19:38:00,19:38:30,,3344K,상행,2025-05-01T05:00:00,,평일
3호선,1958,대화,309,,20250619,3호선,0342,오금,352,N,3호선,3379,0328,잠원,338,N,19:40:00,19:40:30,,3344K,상행,2025-05-01T05:00:00,,평일
3호선,1958,대화,309,,20250619,3호선,0342,오금,352,N,3호선,3379,0327,신사,337,N,19:42:00,19:42:30,,3344K,상행,2025-05-01T05:00:00,,평일
3호선,1958,대화,309,,20250619,3호선,0342,오금,352,N,3호선,3379,0326,압구정,336,N,19:44:30,19:45:00,,3344K,상행,2025-05-01T05:00:00,,평일
3호선,1958,대화,309,,20250619,3호선,0342,오금,352,N,3호선,3379,0325,옥수,335,N,19:47:00,19:47:30,,3344K,상행,2025-05-01T05:00:00,,평일
3호선,1958,대화,309,,20250619,3호선,0342,오금,352,N,3호선,3379,0324,금호,334,N,19:48:30,19:49:00,,3344K,상행,2025-05-01T05:00:00,,평일
3호선,1958,대화,309,,20250619,3호선,0342,오금,352,N,3호선,3379,0323,약수,333,N,19:50:00,19:50:30,,3344K,상행,2025-05-01T05:00:00,,평일
3호선,1958,대화,309,,20250619,3호선,0342,오금,352,N,3호선,3379,0322,동대입구,332,N,19:51:30,19:52:00,,3344K,상행,2025-05-01T05:00:00,,평일
3호선,1958,대화,309,,20250619,3호선,0342,오금,352,N,3호선,3379,0321,충무로,331,N,19:53:30,19:54:00,,3344K,상행,2025-05-01T05:00:00,,평일
3호선,1958,대화,309,,20250619,3호선,0342,오금,352,N,3호선,3379,0320,을지로3가,330,N,19:55:00,19:55:30,,3344K,상행,2025-05-01T05:00:00,,평일
3호선,1958,대화,309,,20250619,3호선,0342,오금,352,N,3호선,3379,0319,종로3가,329,N,19:56:30,19:57:00,,3344K,상행,2025-05-01T05:00:00,,평일
3호선,1958,대화,309,,20250619,3호선,0342,오금,352,N,3호선,3379,0318,안국,328,N,19:58:30,19:59:00,,3344K,상행,2025-05-01T05:00:00,,평일
3호선,1958,대화,309,,20250619,3호선,0342,오금,352,N,3호선,3379,0317,경복궁,327,N,20:00:30,20:01:00,,3344K,상행,2025-05-01T05:00:00,,평일
3호선,1958,대화,309,,20250619,3호선,0342,오금,352,N,3호선,3379,0316,독립문,326,N,20:03:00,20:03:30,,3344K,상행,2025-05-01T05:00:00,,평일
3호선,1958,대화,309,,20250619,3호선,0342,오금,352,N,3호선,3379,0315,무악재,325,N,20:05:00,20:05:30,,3344K,상행,2025-05-01T05:00:00,,평일
3호선,1958,대화,309,,20250619,3호선,0342,오금,352,N,3호선,3379,0314,홍제,324,N,20:07:00,20:07:30,,3344K,상행,2025-05-01T05:00:00,,평일
3호선,1958,대화,309,,20250619,3호선,0342,오금,352,N,3호선,3379,0313,녹번,323,N,20:09:30,20:10:00,,3344K,상행,2025-05-01T05:00:00,,평일
3호선,1958,대화,309,,20250619,3호선,0342,오금,352,N,3호선,3379,0312,불광,322,N,20:11:30,20:12:00,,3344K,상행,2025-05-01T05:00:00,,평일
3호선,1958,대화,309,,20250619,3호선,0342,오금,352,N,3호선,3379,0311,연신내,321,N,20:13:30,20:14:00,,3344K,상행,2025-05-01T05:00:00,,평일
3호선,1958,대화,309,,20250619,3호선,0342,오금,352,N,3호선,3379,0310,구파발,320,N,20:16:00,20:16:30,,3344K,상행,2025-05-01T05:00:00,,평일
3호선,1958,대화,309,,20250619,3호선,0342,오금,352,N,3호선,3379,0309,지축,319,N,20:19:30,20:20:00,,3344K,상행,2025-05-01T05:00:00,,평일
3호선,1958,대화,309,,20250619,3호선,0342,오금,352,N,3호선,3379,1950,삼송,318,N,20:22:30,20:23:00,,3344K,상행,2025-05-01T05:00:00,,평일
3호선,1958,대화,309,,20250619,3호선,0342,오금,352,N,3호선,3379,1948,원흥,317,N,20:25:00,20:25:30,,3344K,상행,2025-05-01T05:00:00,,평일
3호선,1958,대화,309,,20250619,3호선,0342,오금,352,N,3호선,3379,1951,원당,316,N,20:28:00,20:28:30,,3344K,상행,2025-05-01T05:00:00,,평일
3호선,1958,대화,309,,20250619,3호선,0342,오금,352,N,3호선,3379,1952,화정,315,N,20:31:30,20:32:00,,3344K,상행,2025-05-01T05:00:00,,평일
3호선,1958,대화,309,,20250619,3호선,0342,오금,352,N,3호선,3379,1953,대곡,314,N,20:34:30,20:35:00,,3344K,상행,2025-05-01T05:00:00,,평일
3호선,1958,대화,309,,20250619,3호선,0342,오금,352,N,3호선,3379,1954,백석,313,N,20:38:00,20:38:30,,3344K,상행,2025-05-01T05:00:00,,평일
3호선,1958,대화,309,,20250619,3호선,0342,오금,352,N,3호선,3379,1955,마두,312,N,20:40:30,20:41:00,,3344K,상행,2025-05-01T05:00:00,,평일
3호선,1958,대화,309,,20250619,3호선,0342,오금,352,N,3호선,3379,1956,정발산,311,N,20:42:30,20:43:00,,3344K,상행,2025-05-01T05:00:00,,평일
3호선,1958,대화,309,,20250619,3호선,0342,오금,352,N,3호선,3379,1957,주엽,310,N,20:45:00,20:45:30,,3344K,상행,2025-05-01T05:00:00,,평일
3호선,1958,대화,309,,20250619,3호선,0342,오금,352,N,3호선,3379,1958,대화,309,N,20:47:30,,,3344K,상행,2025-05-01T05:00:00,,평일
3호선,0310,구파발,320,,20250619,3호선,0342,오금,352,N,3호선,3355,0342,오금,352,N,,19:17:00,,3346,상행,2025-05-01T05:00:00,,평일
3호선,0310,구파발,320,,20250619,3호선,0342,오금,352,N,3호선,3355,0341,경찰병원,351,N,19:18:00,19:18:30,,3346,상행,2025-05-01T05:00:00,,평일
3호선,0310,구파발,320,,20250619,3호선,0342,오금,352,N,3호선,3355,0340,가락시장,350,N,19:19:30,19:20:00,,3346,상행,2025-05-01T05:00:00,,평일
3호선,0310,구파발,320,,20250619,3호선,0342,오금,352,N,3호선,3355,0339,수서,349,N,19:22:00,19:22:30,,3346,상행,2025-05-01T05:00:00,,평일
3호선,0310,구파발,320,,20250619,3호선,0342,오금,352,N,3호선,3355,0338,일원,348,N,19:24:30,19:25:00,,3346,상행,2025-05-01T05:00:00,,평일
3호선,0310,구파발,320,,20250619,3호선,0342,오금,352,N,3호선,3355,0337,대청,347,N,19:26:30,19:27:00,,3346,상행,2025-05-01T05:00:00,,평일
3호선,0310,구파발,320,,20250619,3호선,0342,오금,352,N,3호선,3355,0336,학여울,346,N,19:28:30,19:29:00,,3346,상행,2025-05-01T05:00:00,,평일
3호선,0310,구파발,320,,20250619,3호선,0342,오금,352,N,3호선,3355,0335,대치,345,N,19:30:00,19:30:30,,3346,상행,2025-05-01T05:00:00,,평일
3호선,0310,구파발,320,,20250619,3호선,0342,오금,352,N,3호선,3355,0334,도곡,344,N,19:31:30,19:32:00,,3346,상행,2025-05-01T05:00:00,,평일
3호선,0310,구파발,320,,20250619,3호선,0342,오금,352,N,3호선,3355,0333,매봉,343,N,19:33:30,19:34:00,,3346,상행,2025-05-01T05:00:00,,평일
3호선,0310,구파발,320,,20250619,3호선,0342,오금,352,N,3호선,3355,0332,양재,342,N,19:36:00,19:36:30,,3346,상행,2025-05-01T05:00:00,,평일
3호선,0310,구파발,320,,20250619,3호선,0342,오금,352,N,3호선,3355,0331,남부터미널,341,N,19:38:30,19:39:00,,3346,상행,2025-05-01T05:00:00,,평일
3호선,0310,구파발,320,,20250619,3호선,0342,오금,352,N,3호선,3355,0330,교대,340,N,19:40:30,19:41:00,,3346,상행,2025-05-01T05:00:00,,평일
3호선,0310,구파발,320,,20250619,3호선,0342,오금,352,N,3호선,3355,0329,고속터미널,339,N,19:43:00,19:43:30,,3346,상행,2025-05-01T05:00:00,,평일
3호선,0310,구파발,320,,20250619,3호선,0342,오금,352,N,3호선,3355,0328,잠원,338,N,19:45:00,19:45:30,,3346,상행,2025-05-01T05:00:00,,평일
3호선,0310,구파발,320,,20250619,3호선,0342,오금,352,N,3호선,3355,0327,신사,337,N,19:47:00,19:47:30,,3346,상행,2025-05-01T05:00:00,,평일
3호선,0310,구파발,320,,20250619,3호선,0342,오금,352,N,3호선,3355,0326,압구정,336,N,19:49:30,19:50:00,,3346,상행,2025-05-01T05:00:00,,평일
3호선,0310,구파발,320,,20250619,3호선,0342,오금,352,N,3호선,3355,0325,옥수,335,N,19:52:00,19:52:30,,3346,상행,2025-05-01T05:00:00,,평일
3호선,0310,구파발,320,,20250619,3호선,0342,오금,352,N,3호선,3355,0324,금호,334,N,19:53:30,19:54:00,,3346,상행,2025-05-01T05:00:00,,평일
3호선,0310,구파발,320,,20250619,3호선,0342,오금,352,N,3호선,3355,0323,약수,333,N,19:55:00,19:55:30,,3346,상행,2025-05-01T05:00:00,,평일
3호선,0310,구파발,320,,20250619,3호선,0342,오금,352,N,3호선,3355,0322,동대입구,332,N,19:56:30,19:57:00,,3346,상행,2025-05-01T05:00:00,,평일
3호선,0310,구파발,320,,20250619,3호선,0342,오금,352,N,3호선,3355,0321,충무로,331,N,19:58:30,19:59:00,,3346,상행,2025-05-01T05:00:00,,평일
3호선,0310,구파발,320,,20250619,3호선,0342,오금,352,N,3호선,3355,0320,을지로3가,330,N,20:00:00,20:00:30,,3346,상행,2025-05-01T05:00:00,,평일
3호선,0310,구파발,320,,20250619,3호선,0342,오금,352,N,3호선,3355,0319,종로3가,329,N,20:01:30,20:02:00,,3346,상행,2025-05-01T05:00:00,,평일
3호선,0310,구파발,320,,20250619,3호선,0342,오금,352,N,3호선,3355,0318,안국,328,N,20:03:30,20:04:00,,3346,상행,2025-05-01T05:00:00,,평일
3호선,0310,구파발,320,,20250619,3호선,0342,오금,352,N,3호선,3355,0317,경복궁,327,N,20:05:30,20:06:00,,3346,상행,2025-05-01T05:00:00,,평일
3호선,0310,구파발,320,,20250619,3호선,0342,오금,352,N,3호선,3355,0316,독립문,326,N,20:08:00,20:08:30,,3346,상행,2025-05-01T05:00:00,,평일
3호선,0310,구파발,320,,20250619,3호선,0342,오금,352,N,3호선,3355,0315,무악재,325,N,20:10:00,20:10:30,,3346,상행,2025-05-01T05:00:00,,평일
3호선,0310,구파발,320,,20250619,3호선,0342,오금,352,N,3호선,3355,0314,홍제,324,N,20:12:00,20:12:30,,3346,상행,2025-05-01T05:00:00,,평일
3호선,0310,구파발,320,,20250619,3호선,0342,오금,352,N,3호선,3355,0313,녹번,323,N,20:14:30,20:15:00,,3346,상행,2025-05-01T05:00:00,,평일
3호선,0310,구파발,320,,20250619,3호선,0342,오금,352,N,3호선,3355,0312,불광,322,N,20:16:30,20:17:00,,3346,상행,2025-05-01T05:00:00,,평일
3호선,0310,구파발,320,,20250619,3호선,0342,오금,352,N,3호선,3355,0311,연신내,321,N,20:18:30,20:19:00,,3346,상행,2025-05-01T05:00:00,,평일
3호선,0310,구파발,320,,20250619,3호선,0342,오금,352,N,3호선,3355,0310,구파발,320,N,20:21:00,,,3346,상행,2025-05-01T05:00:00,,평일
3호선,1958,대화,309,,20250619,3호선,0342,오금,352,N,3호선,3381,0342,오금,352,N,,19:22:00,,3348K,상행,2025-05-01T05:00:00,,평일
3호선,1958,대화,309,,20250619,3호선,0342,오금,352,N,3호선,3381,0341,경찰병원,351,N,19:23:00,19:23:30,,3348K,상행,2025-05-01T05:00:00,,평일
3호선,1958,대화,309,,20250619,3호선,0342,오금,352,N,3호선,3381,0340,가락시장,350,N,19:24:30,19:25:00,,3348K,상행,2025-05-01T05:00:00,,평일
3호선,1958,대화,309,,20250619,3호선,0342,오금,352,N,3호선,3381,0339,수서,349,N,19:27:00,19:27:30,,3348K,상행,2025-05-01T05:00:00,,평일
3호선,1958,대화,309,,20250619,3호선,0342,오금,352,N,3호선,3381,0338,일원,348,N,19:29:30,19:30:00,,3348K,상행,2025-05-01T05:00:00,,평일
3호선,1958,대화,309,,20250619,3호선,0342,오금,352,N,3호선,3381,0337,대청,347,N,19:31:30,19:32:00,,3348K,상행,2025-05-01T05:00:00,,평일
3호선,1958,대화,309,,20250619,3호선,0342,오금,352,N,3호선,3381,0336,학여울,346,N,19:33:30,19:34:00,,3348K,상행,2025-05-01T05:00:00,,평일
3호선,1958,대화,309,,20250619,3호선,0342,오금,352,N,3호선,3381,0335,대치,345,N,19:35:00,19:35:30,,3348K,상행,2025-05-01T05:00:00,,평일
3호선,1958,대화,309,,20250619,3호선,0342,오금,352,N,3호선,3381,0334,도곡,344,N,19:36:30,19:37:00,,3348K,상행,2025-05-01T05:00:00,,평일
3호선,1958,대화,309,,20250619,3호선,0342,오금,352,N,3호선,3381,0333,매봉,343,N,19:38:30,19:39:00,,3348K,상행,2025-05-01T05:00:00,,평일
3호선,1958,대화,309,,20250619,3호선,0342,오금,352,N,3호선,3381,0332,양재,342,N,19:41:00,19:41:30,,3348K,상행,2025-05-01T05:00:00,,평일
3호선,1958,대화,309,,20250619,3호선,0342,오금,352,N,3호선,3381,0331,남부터미널,341,N,19:43:30,19:44:00,,3348K,상행,2025-05-01T05:00:00,,평일
3호선,1958,대화,309,,20250619,3호선,0342,오금,352,N,3호선,3381,0330,교대,340,N,19:45:30,19:46:00,,3348K,상행,2025-05-01T05:00:00,,평일
3호선,1958,대화,309,,20250619,3호선,0342,오금,352,N,3호선,3381,0329,고속터미널,339,N,19:48:00,19:48:30,,3348K,상행,2025-05-01T05:00:00,,평일
3호선,1958,대화,309,,20250619,3호선,0342,오금,352,N,3호선,3381,0328,잠원,338,N,19:50:00,19:50:30,,3348K,상행,2025-05-01T05:00:00,,평일
3호선,1958,대화,309,,20250619,3호선,0342,오금,352,N,3호선,3381,0327,신사,337,N,19:52:00,19:52:30,,3348K,상행,2025-05-01T05:00:00,,평일
3호선,1958,대화,309,,20250619,3호선,0342,오금,352,N,3호선,3381,0326,압구정,336,N,19:54:30,19:55:00,,3348K,상행,2025-05-01T05:00:00,,평일
3호선,1958,대화,309,,20250619,3호선,0342,오금,352,N,3호선,3381,0325,옥수,335,N,19:57:00,19:57:30,,3348K,상행,2025-05-01T05:00:00,,평일
3호선,1958,대화,309,,20250619,3호선,0342,오금,352,N,3호선,3381,0324,금호,334,N,19:58:30,19:59:00,,3348K,상행,2025-05-01T05:00:00,,평일
3호선,1958,대화,309,,20250619,3호선,0342,오금,352,N,3호선,3381,0323,약수,333,N,20:00:00,20:00:30,,3348K,상행,2025-05-01T05:00:00,,평일
3호선,1958,대화,309,,20250619,3호선,0342,오금,352,N,3호선,3381,0322,동대입구,332,N,20:01:30,20:02:00,,3348K,상행,2025-05-01T05:00:00,,평일
3호선,1958,대화,309,,20250619,3호선,0342,오금,352,N,3호선,3381,0321,충무로,331,N,20:03:30,20:04:00,,3348K,상행,2025-05-01T05:00:00,,평일
3호선,1958,대화,309,,20250619,3호선,0342,오금,352,N,3호선,3381,0320,을지로3가,330,N,20:05:00,20:05:30,,3348K,상행,2025-05-01T05:00:00,,평일
3호선,1958,대화,309,,20250619,3호선,0342,오금,352,N,3호선,3381,0319,종로3가,329,N,20:06:30,20:07:00,,3348K,상행,2025-05-01T05:00:00,,평일
3호선,1958,대화,309,,20250619,3호선,0342,오금,352,N,3호선,3381,0318,안국,328,N,20:08:30,20:09:00,,3348K,상행,2025-05-01T05:00:00,,평일
3호선,1958,대화,309,,20250619,3호선,0342,오금,352,N,3호선,3381,0317,경복궁,327,N,20:10:30,20:11:00,,3348K,상행,2025-05-01T05:00:00,,평일
3호선,1958,대화,309,,20250619,3호선,0342,오금,352,N,3호선,3381,0316,독립문,326,N,20:13:00,20:13:30,,3348K,상행,2025-05-01T05:00:00,,평일
3호선,1958,대화,309,,20250619,3호선,0342,오금,352,N,3호선,3381,0315,무악재,325,N,20:15:00,20:15:30,,3348K,상행,2025-05-01T05:00:00,,평일
3호선,1958,대화,309,,20250619,3호선,0342,오금,352,N,3호선,3381,0314,홍제,324,N,20:17:00,20:17:30,,3348K,상행,2025-05-01T05:00:00,,평일
3호선,1958,대화,309,,20250619,3호선,0342,오금,352,N,3호선,3381,0313,녹번,323,N,20:19:30,20:20:00,,3348K,상행,2025-05-01T05:00:00,,평일
3호선,1958,대화,309,,20250619,3호선,0342,오금,352,N,3호선,3381,0312,불광,322,N,20:21:30,20:22:00,,3348K,상행,2025-05-01T05:00:00,,평일
3호선,1958,대화,309,,20250619,3호선,0342,오금,352,N,3호선,3381,0311,연신내,321,N,20:23:30,20:24:00,,3348K,상행,2025-05-01T05:00:00,,평일
3호선,1958,대화,309,,20250619,3호선,0342,오금,352,N,3호선,3381,0310,구파발,320,N,20:26:00,20:26:30,,3348K,상행,2025-05-01T05:00:00,,평일
3호선,1958,대화,309,,20250619,3호선,0342,오금,352,N,3호선,3381,0309,지축,319,N,20:29:30,20:30:00,,3348K,상행,2025-05-01T05:00:00,,평일
3호선,1958,대화,309,,20250619,3호선,0342,오금,352,N,3호선,3381,1950,삼송,318,N,20:32:30,20:33:00,,3348K,상행,2025-05-01T05:00:00,,평일
3호선,1958,대화,309,,20250619,3호선,0342,오금,352,N,3호선,3381,1948,원흥,317,N,20:35:00,20:35:30,,3348K,상행,2025-05-01T05:00:00,,평일
3호선,1958,대화,309,,20250619,3호선,0342,오금,352,N,3호선,3381,1951,원당,316,N,20:38:00,20:38:30,,3348K,상행,2025-05-01T05:00:00,,평일
3호선,1958,대화,309,,20250619,3호선,0342,오금,352,N,3호선,3381,1952,화정,315,N,20:41:30,20:42:00,,3348K,상행,2025-05-01T05:00:00,,평일
3호선,1958,대화,309,,20250619,3호선,0342,오금,352,N,3호선,3381,1953,대곡,314,N,20:44:30,20:45:00,,3348K,상행,2025-05-01T05:00:00,,평일
3호선,1958,대화,309,,20250619,3호선,0342,오금,352,N,3호선,3381,1954,백석,313,N,20:48:00,20:48:30,,3348K,상행,2025-05-01T05:00:00,,평일
3호선,1958,대화,309,,20250619,3호선,0342,오금,352,N,3호선,3381,1955,마두,312,N,20:50:30,20:51:00,,3348K,상행,2025-05-01T05:00:00,,평일
3호선,1958,대화,309,,20250619,3호선,0342,오금,352,N,3호선,3381,1956,정발산,311,N,20:52:30,20:53:00,,3348K,상행,2025-05-01T05:00:00,,평일
3호선,1958,대화,309,,20250619,3호선,0342,오금,352,N,3호선,3381,1957,주엽,310,N,20:55:00,20:55:30,,3348K,상행,2025-05-01T05:00:00,,평일
3호선,1958,대화,309,,20250619,3호선,0342,오금,352,N,3호선,3381,1958,대화,309,N,20:57:30,,,3348K,상행,2025-05-01T05:00:00,,평일
3호선,0310,구파발,320,,20250619,3호선,0342,오금,352,N,3호선,3359,0342,오금,352,N,,19:27:00,,3350,상행,2025-05-01T05:00:00,,평일
3호선,0310,구파발,320,,20250619,3호선,0342,오금,352,N,3호선,3359,0341,경찰병원,351,N,19:28:00,19:28:30,,3350,상행,2025-05-01T05:00:00,,평일
3호선,0310,구파발,320,,20250619,3호선,0342,오금,352,N,3호선,3359,0340,가락시장,350,N,19:29:30,19:30:00,,3350,상행,2025-05-01T05:00:00,,평일
3호선,0310,구파발,320,,20250619,3호선,0342,오금,352,N,3호선,3359,0339,수서,349,N,19:32:00,19:32:30,,3350,상행,2025-05-01T05:00:00,,평일
3호선,0310,구파발,320,,20250619,3호선,0342,오금,352,N,3호선,3359,0338,일원,348,N,19:34:30,19:35:00,,3350,상행,2025-05-01T05:00:00,,평일
3호선,0310,구파발,320,,20250619,3호선,0342,오금,352,N,3호선,3359,0337,대청,347,N,19:36:30,19:37:00,,3350,상행,2025-05-01T05:00:00,,평일
3호선,0310,구파발,320,,20250619,3호선,0342,오금,352,N,3호선,3359,0336,학여울,346,N,19:38:30,19:39:00,,3350,상행,2025-05-01T05:00:00,,평일
3호선,0310,구파발,320,,20250619,3호선,0342,오금,352,N,3호선,3359,0335,대치,345,N,19:40:00,19:40:30,,3350,상행,2025-05-01T05:00:00,,평일
3호선,0310,구파발,320,,20250619,3호선,0342,오금,352,N,3호선,3359,0334,도곡,344,N,19:41:30,19:42:00,,3350,상행,2025-05-01T05:00:00,,평일
3호선,0310,구파발,320,,20250619,3호선,0342,오금,352,N,3호선,3359,0333,매봉,343,N,19:43:30,19:44:00,,3350,상행,2025-05-01T05:00:00,,평일
3호선,0310,구파발,320,,20250619,3호선,0342,오금,352,N,3호선,3359,0332,양재,342,N,19:46:00,19:46:30,,3350,상행,2025-05-01T05:00:00,,평일
3호선,0310,구파발,320,,20250619,3호선,0342,오금,352,N,3호선,3359,0331,남부터미널,341,N,19:48:30,19:49:00,,3350,상행,2025-05-01T05:00:00,,평일
3호선,0310,구파발,320,,20250619,3호선,0342,오금,352,N,3호선,3359,0330,교대,340,N,19:50:30,19:51:00,,3350,상행,2025-05-01T05:00:00,,평일
3호선,0310,구파발,320,,20250619,3호선,0342,오금,352,N,3호선,3359,0329,고속터미널,339,N,19:53:00,19:53:30,,3350,상행,2025-05-01T05:00:00,,평일
3호선,0310,구파발,320,,20250619,3호선,0342,오금,352,N,3호선,3359,0328,잠원,338,N,19:55:00,19:55:30,,3350,상행,2025-05-01T05:00:00,,평일
3호선,0310,구파발,320,,20250619,3호선,0342,오금,352,N,3호선,3359,0327,신사,337,N,19:57:00,19:57:30,,3350,상행,2025-05-01T05:00:00,,평일
3호선,0310,구파발,320,,20250619,3호선,0342,오금,352,N,3호선,3359,0326,압구정,336,N,19:59:30,20:00:00,,3350,상행,2025-05-01T05:00:00,,평일
3호선,0310,구파발,320,,20250619,3호선,0342,오금,352,N,3호선,3359,0325,옥수,335,N,20:02:00,20:02:30,,3350,상행,2025-05-01T05:00:00,,평일
3호선,0310,구파발,320,,20250619,3호선,0342,오금,352,N,3호선,3359,0324,금호,334,N,20:03:30,20:04:00,,3350,상행,2025-05-01T05:00:00,,평일
3호선,0310,구파발,320,,20250619,3호선,0342,오금,352,N,3호선,3359,0323,약수,333,N,20:05:00,20:05:30,,3350,상행,2025-05-01T05:00:00,,평일
3호선,0310,구파발,320,,20250619,3호선,0342,오금,352,N,3호선,3359,0322,동대입구,332,N,20:06:30,20:07:00,,3350,상행,2025-05-01T05:00:00,,평일
3호선,0310,구파발,320,,20250619,3호선,0342,오금,352,N,3호선,3359,0321,충무로,331,N,20:08:30,20:09:00,,3350,상행,2025-05-01T05:00:00,,평일
3호선,0310,구파발,320,,20250619,3호선,0342,오금,352,N,3호선,3359,0320,을지로3가,330,N,20:10:00,20:10:30,,3350,상행,2025-05-01T05:00:00,,평일
3호선,0310,구파발,320,,20250619,3호선,0342,오금,352,N,3호선,3359,0319,종로3가,329,N,20:11:30,20:12:00,,3350,상행,2025-05-01T05:00:00,,평일
3호선,0310,구파발,320,,20250619,3호선,0342,오금,352,N,3호선,3359,0318,안국,328,N,20:13:30,20:14:00,,3350,상행,2025-05-01T05:00:00,,평일
3호선,0310,구파발,320,,20250619,3호선,0342,오금,352,N,3호선,3359,0317,경복궁,327,N,20:15:30,20:16:00,,3350,상행,2025-05-01T05:00:00,,평일
3호선,0310,구파발,320,,20250619,3호선,0342,오금,352,N,3호선,3359,0316,독립문,326,N,20:18:00,20:18:30,,3350,상행,2025-05-01T05:00:00,,평일
3호선,0310,구파발,320,,20250619,3호선,0342,오금,352,N,3호선,3359,0315,무악재,325,N,20:20:00,20:20:30,,3350,상행,2025-05-01T05:00:00,,평일
3호선,0310,구파발,320,,20250619,3호선,0342,오금,352,N,3호선,3359,0314,홍제,324,N,20:22:00,20:22:30,,3350,상행,2025-05-01T05:00:00,,평일
3호선,0310,구파발,320,,20250619,3호선,0342,오금,352,N,3호선,3359,0313,녹번,323,N,20:24:30,20:25:00,,3350,상행,2025-05-01T05:00:00,,평일
3호선,0310,구파발,320,,20250619,3호선,0342,오금,352,N,3호선,3359,0312,불광,322,N,20:26:30,20:27:00,,3350,상행,2025-05-01T05:00:00,,평일
3호선,0310,구파발,320,,20250619,3호선,0342,오금,352,N,3호선,3359,0311,연신내,321,N,20:28:30,20:29:00,,3350,상행,2025-05-01T05:00:00,,평일
3호선,0310,구파발,320,,20250619,3호선,0342,오금,352,N,3호선,3359,0310,구파발,320,N,20:31:00,,,3350,상행,2025-05-01T05:00:00,,평일
3호선,1958,대화,309,,20250619,3호선,0342,오금,352,N,3호선,3383,0342,오금,352,N,,19:33:00,,3352K,상행,2025-05-01T05:00:00,,평일
3호선,1958,대화,309,,20250619,3호선,0342,오금,352,N,3호선,3383,0341,경찰병원,351,N,19:34:00,19:34:30,,3352K,상행,2025-05-01T05:00:00,,평일
3호선,1958,대화,309,,20250619,3호선,0342,오금,352,N,3호선,3383,0340,가락시장,350,N,19:35:30,19:36:00,,3352K,상행,2025-05-01T05:00:00,,평일
3호선,1958,대화,309,,20250619,3호선,0342,오금,352,N,3호선,3383,0339,수서,349,N,19:38:00,19:38:30,,3352K,상행,2025-05-01T05:00:00,,평일
3호선,1958,대화,309,,20250619,3호선,0342,오금,352,N,3호선,3383,0338,일원,348,N,19:40:30,19:41:00,,3352K,상행,2025-05-01T05:00:00,,평일
3호선,1958,대화,309,,20250619,3호선,0342,오금,352,N,3호선,3383,0337,대청,347,N,19:42:30,19:43:00,,3352K,상행,2025-05-01T05:00:00,,평일
3호선,1958,대화,309,,20250619,3호선,0342,오금,352,N,3호선,3383,0336,학여울,346,N,19:44:30,19:45:00,,3352K,상행,2025-05-01T05:00:00,,평일
3호선,1958,대화,309,,20250619,3호선,0342,오금,352,N,3호선,3383,0335,대치,345,N,19:46:00,19:46:30,,3352K,상행,2025-05-01T05:00:00,,평일
3호선,1958,대화,309,,20250619,3호선,0342,오금,352,N,3호선,3383,0334,도곡,344,N,19:47:30,19:48:00,,3352K,상행,2025-05-01T05:00:00,,평일
3호선,1958,대화,309,,20250619,3호선,0342,오금,352,N,3호선,3383,0333,매봉,343,N,19:49:30,19:50:00,,3352K,상행,2025-05-01T05:00:00,,평일
3호선,1958,대화,309,,20250619,3호선,0342,오금,352,N,3호선,3383,0332,양재,342,N,19:52:00,19:52:30,,3352K,상행,2025-05-01T05:00:00,,평일
3호선,1958,대화,309,,20250619,3호선,0342,오금,352,N,3호선,3383,0331,남부터미널,341,N,19:54:30,19:55:00,,3352K,상행,2025-05-01T05:00:00,,평일
3호선,1958,대화,309,,20250619,3호선,0342,오금,352,N,3호선,3383,0330,교대,340,N,19:56:30,19:57:00,,3352K,상행,2025-05-01T05:00:00,,평일
3호선,1958,대화,309,,20250619,3호선,0342,오금,352,N,3호선,3383,0329,고속터미널,339,N,19:59:00,19:59:30,,3352K,상행,2025-05-01T05:00:00,,평일
3호선,1958,대화,309,,20250619,3호선,0342,오금,352,N,3호선,3383,0328,잠원,338,N,20:01:00,20:01:30,,3352K,상행,2025-05-01T05:00:00,,평일
3호선,1958,대화,309,,20250619,3호선,0342,오금,352,N,3호선,3383,0327,신사,337,N,20:03:00,20:03:30,,3352K,상행,2025-05-01T05:00:00,,평일
3호선,1958,대화,309,,20250619,3호선,0342,오금,352,N,3호선,3383,0326,압구정,336,N,20:05:30,20:06:00,,3352K,상행,2025-05-01T05:00:00,,평일
3호선,1958,대화,309,,20250619,3호선,0342,오금,352,N,3호선,3383,0325,옥수,335,N,20:08:00,20:08:30,,3352K,상행,2025-05-01T05:00:00,,평일
3호선,1958,대화,309,,20250619,3호선,0342,오금,352,N,3호선,3383,0324,금호,334,N,20:09:30,20:10:00,,3352K,상행,2025-05-01T05:00:00,,평일
3호선,1958,대화,309,,20250619,3호선,0342,오금,352,N,3호선,3383,0323,약수,333,N,20:11:00,20:11:30,,3352K,상행,2025-05-01T05:00:00,,평일
3호선,1958,대화,309,,20250619,3호선,0342,오금,352,N,3호선,3383,0322,동대입구,332,N,20:12:30,20:13:00,,3352K,상행,2025-05-01T05:00:00,,평일
3호선,1958,대화,309,,20250619,3호선,0342,오금,352,N,3호선,3383,0321,충무로,331,N,20:14:30,20:15:00,,3352K,상행,2025-05-01T05:00:00,,평일
3호선,1958,대화,309,,20250619,3호선,0342,오금,352,N,3호선,3383,0320,을지로3가,330,N,20:16:00,20:16:30,,3352K,상행,2025-05-01T05:00:00,,평일
3호선,1958,대화,309,,20250619,3호선,0342,오금,352,N,3호선,3383,0319,종로3가,329,N,20:17:30,20:18:00,,3352K,상행,2025-05-01T05:00:00,,평일
3호선,1958,대화,309,,20250619,3호선,0342,오금,352,N,3호선,3383,0318,안국,328,N,20:19:30,20:20:00,,3352K,상행,2025-05-01T05:00:00,,평일
3호선,1958,대화,309,,20250619,3호선,0342,오금,352,N,3호선,3383,0317,경복궁,327,N,20:21:30,20:22:00,,3352K,상행,2025-05-01T05:00:00,,평일
3호선,1958,대화,309,,20250619,3호선,0342,오금,352,N,3호선,3383,0316,독립문,326,N,20:24:00,20:24:30,,3352K,상행,2025-05-01T05:00:00,,평일
3호선,1958,대화,309,,20250619,3호선,0342,오금,352,N,3호선,3383,0315,무악재,325,N,20:26:00,20:26:30,,3352K,상행,2025-05-01T05:00:00,,평일
3호선,1958,대화,309,,20250619,3호선,0342,오금,352,N,3호선,3383,0314,홍제,324,N,20:28:00,20:28:30,,3352K,상행,2025-05-01T05:00:00,,평일
3호선,1958,대화,309,,20250619,3호선,0342,오금,352,N,3호선,3383,0313,녹번,323,N,20:30:30,20:31:00,,3352K,상행,2025-05-01T05:00:00,,평일
3호선,1958,대화,309,,20250619,3호선,0342,오금,352,N,3호선,3383,0312,불광,322,N,20:32:30,20:33:00,,3352K,상행,2025-05-01T05:00:00,,평일
3호선,1958,대화,309,,20250619,3호선,0342,오금,352,N,3호선,3383,0311,연신내,321,N,20:34:30,20:35:00,,3352K,상행,2025-05-01T05:00:00,,평일
3호선,1958,대화,309,,20250619,3호선,0342,오금,352,N,3호선,3383,0310,구파발,320,N,20:37:00,20:37:30,,3352K,상행,2025-05-01T05:00:00,,평일
3호선,1958,대화,309,,20250619,3호선,0342,오금,352,N,3호선,3383,0309,지축,319,N,20:40:30,20:41:00,,3352K,상행,2025-05-01T05:00:00,,평일
3호선,1958,대화,309,,20250619,3호선,0342,오금,352,N,3호선,3383,1950,삼송,318,N,20:43:30,20:44:00,,3352K,상행,2025-05-01T05:00:00,,평일
3호선,1958,대화,309,,20250619,3호선,0342,오금,352,N,3호선,3383,1948,원흥,317,N,20:46:00,20:46:30,,3352K,상행,2025-05-01T05:00:00,,평일
3호선,1958,대화,309,,20250619,3호선,0342,오금,352,N,3호선,3383,1951,원당,316,N,20:49:00,20:49:30,,3352K,상행,2025-05-01T05:00:00,,평일
3호선,1958,대화,309,,20250619,3호선,0342,오금,352,N,3호선,3383,1952,화정,315,N,20:52:30,20:53:00,,3352K,상행,2025-05-01T05:00:00,,평일
3호선,1958,대화,309,,20250619,3호선,0342,오금,352,N,3호선,3383,1953,대곡,314,N,20:55:30,20:56:00,,3352K,상행,2025-05-01T05:00:00,,평일
3호선,1958,대화,309,,20250619,3호선,0342,오금,352,N,3호선,3383,1954,백석,313,N,20:59:00,20:59:30,,3352K,상행,2025-05-01T05:00:00,,평일
3호선,1958,대화,309,,20250619,3호선,0342,오금,352,N,3호선,3383,1955,마두,312,N,21:01:30,21:02:00,,3352K,상행,2025-05-01T05:00:00,,평일
3호선,1958,대화,309,,20250619,3호선,0342,오금,352,N,3호선,3383,1956,정발산,311,N,21:03:30,21:04:00,,3352K,상행,2025-05-01T05:00:00,,평일
3호선,1958,대화,309,,20250619,3호선,0342,오금,352,N,3호선,3383,1957,주엽,310,N,21:06:00,21:06:30,,3352K,상행,2025-05-01T05:00:00,,평일
3호선,1958,대화,309,,20250619,3호선,0342,오금,352,N,3호선,3383,1958,대화,309,N,21:08:30,,,3352K,상행,2025-05-01T05:00:00,,평일
3호선,1958,대화,309,,20250619,3호선,0342,오금,352,N,3호선,3385,0342,오금,352,N,,19:39:00,,3354K,상행,2025-05-01T05:00:00,,평일
3호선,1958,대화,309,,20250619,3호선,0342,오금,352,N,3호선,3385,0341,경찰병원,351,N,19:40:00,19:40:30,,3354K,상행,2025-05-01T05:00:00,,평일
3호선,1958,대화,309,,20250619,3호선,0342,오금,352,N,3호선,3385,0340,가락시장,350,N,19:41:30,19:42:00,,3354K,상행,2025-05-01T05:00:00,,평일
3호선,1958,대화,309,,20250619,3호선,0342,오금,352,N,3호선,3385,0339,수서,349,N,19:44:00,19:44:30,,3354K,상행,2025-05-01T05:00:00,,평일
3호선,1958,대화,309,,20250619,3호선,0342,오금,352,N,3호선,3385,0338,일원,348,N,19:46:30,19:47:00,,3354K,상행,2025-05-01T05:00:00,,평일
3호선,1958,대화,309,,20250619,3호선,0342,오금,352,N,3호선,3385,0337,대청,347,N,19:48:30,19:49:00,,3354K,상행,2025-05-01T05:00:00,,평일
3호선,1958,대화,309,,20250619,3호선,0342,오금,352,N,3호선,3385,0336,학여울,346,N,19:50:30,19:51:00,,3354K,상행,2025-05-01T05:00:00,,평일
3호선,1958,대화,309,,20250619,3호선,0342,오금,352,N,3호선,3385,0335,대치,345,N,19:52:00,19:52:30,,3354K,상행,2025-05-01T05:00:00,,평일
3호선,1958,대화,309,,20250619,3호선,0342,오금,352,N,3호선,3385,0334,도곡,344,N,19:53:30,19:54:00,,3354K,상행,2025-05-01T05:00:00,,평일
3호선,1958,대화,309,,20250619,3호선,0342,오금,352,N,3호선,3385,0333,매봉,343,N,19:55:30,19:56:00,,3354K,상행,2025-05-01T05:00:00,,평일
3호선,1958,대화,309,,20250619,3호선,0342,오금,352,N,3호선,3385,0332,양재,342,N,19:58:00,19:58:30,,3354K,상행,2025-05-01T05:00:00,,평일
3호선,1958,대화,309,,20250619,3호선,0342,오금,352,N,3호선,3385,0331,남부터미널,341,N,20:00:30,20:01:00,,3354K,상행,2025-05-01T05:00:00,,평일
3호선,1958,대화,309,,20250619,3호선,0342,오금,352,N,3호선,3385,0330,교대,340,N,20:02:30,20:03:00,,3354K,상행,2025-05-01T05:00:00,,평일
3호선,1958,대화,309,,20250619,3호선,0342,오금,352,N,3호선,3385,0329,고속터미널,339,N,20:05:00,20:05:30,,3354K,상행,2025-05-01T05:00:00,,평일
3호선,1958,대화,309,,20250619,3호선,0342,오금,352,N,3호선,3385,0328,잠원,338,N,20:07:00,20:07:30,,3354K,상행,2025-05-01T05:00:00,,평일
3호선,1958,대화,309,,20250619,3호선,0342,오금,352,N,3호선,3385,0327,신사,337,N,20:09:00,20:09:30,,3354K,상행,2025-05-01T05:00:00,,평일
3호선,1958,대화,309,,20250619,3호선,0342,오금,352,N,3호선,3385,0326,압구정,336,N,20:11:30,20:12:00,,3354K,상행,2025-05-01T05:00:00,,평일
3호선,1958,대화,309,,20250619,3호선,0342,오금,352,N,3호선,3385,0325,옥수,335,N,20:14:00,20:14:30,,3354K,상행,2025-05-01T05:00:00,,평일
3호선,1958,대화,309,,20250619,3호선,0342,오금,352,N,3호선,3385,0324,금호,334,N,20:15:30,20:16:00,,3354K,상행,2025-05-01T05:00:00,,평일
3호선,1958,대화,309,,20250619,3호선,0342,오금,352,N,3호선,3385,0323,약수,333,N,20:17:00,20:17:30,,3354K,상행,2025-05-01T05:00:00,,평일
3호선,1958,대화,309,,20250619,3호선,0342,오금,352,N,3호선,3385,0322,동대입구,332,N,20:18:30,20:19:00,,3354K,상행,2025-05-01T05:00:00,,평일
3호선,1958,대화,309,,20250619,3호선,0342,오금,352,N,3호선,3385,0321,충무로,331,N,20:20:30,20:21:00,,3354K,상행,2025-05-01T05:00:00,,평일
3호선,1958,대화,309,,20250619,3호선,0342,오금,352,N,3호선,3385,0320,을지로3가,330,N,20:22:00,20:22:30,,3354K,상행,2025-05-01T05:00:00,,평일
3호선,1958,대화,309,,20250619,3호선,0342,오금,352,N,3호선,3385,0319,종로3가,329,N,20:23:30,20:24:00,,3354K,상행,2025-05-01T05:00:00,,평일
3호선,1958,대화,309,,20250619,3호선,0342,오금,352,N,3호선,3385,0318,안국,328,N,20:25:30,20:26:00,,3354K,상행,2025-05-01T05:00:00,,평일
3호선,1958,대화,309,,20250619,3호선,0342,오금,352,N,3호선,3385,0317,경복궁,327,N,20:27:30,20:28:00,,3354K,상행,2025-05-01T05:00:00,,평일
3호선,1958,대화,309,,20250619,3호선,0342,오금,352,N,3호선,3385,0316,독립문,326,N,20:30:00,20:30:30,,3354K,상행,2025-05-01T05:00:00,,평일
3호선,1958,대화,309,,20250619,3호선,0342,오금,352,N,3호선,3385,0315,무악재,325,N,20:32:00,20:32:30,,3354K,상행,2025-05-01T05:00:00,,평일
3호선,1958,대화,309,,20250619,3호선,0342,오금,352,N,3호선,3385,0314,홍제,324,N,20:34:00,20:34:30,,3354K,상행,2025-05-01T05:00:00,,평일
3호선,1958,대화,309,,20250619,3호선,0342,오금,352,N,3호선,3385,0313,녹번,323,N,20:36:30,20:37:00,,3354K,상행,2025-05-01T05:00:00,,평일
3호선,1958,대화,309,,20250619,3호선,0342,오금,352,N,3호선,3385,0312,불광,322,N,20:38:30,20:39:00,,3354K,상행,2025-05-01T05:00:00,,평일
3호선,1958,대화,309,,20250619,3호선,0342,오금,352,N,3호선,3385,0311,연신내,321,N,20:40:30,20:41:00,,3354K,상행,2025-05-01T05:00:00,,평일
3호선,1958,대화,309,,20250619,3호선,0342,오금,352,N,3호선,3385,0310,구파발,320,N,20:43:00,20:43:30,,3354K,상행,2025-05-01T05:00:00,,평일
3호선,1958,대화,309,,20250619,3호선,0342,오금,352,N,3호선,3385,0309,지축,319,N,20:46:30,20:47:00,,3354K,상행,2025-05-01T05:00:00,,평일
3호선,1958,대화,309,,20250619,3호선,0342,오금,352,N,3호선,3385,1950,삼송,318,N,20:49:30,20:50:00,,3354K,상행,2025-05-01T05:00:00,,평일
3호선,1958,대화,309,,20250619,3호선,0342,오금,352,N,3호선,3385,1948,원흥,317,N,20:52:00,20:52:30,,3354K,상행,2025-05-01T05:00:00,,평일
3호선,1958,대화,309,,20250619,3호선,0342,오금,352,N,3호선,3385,1951,원당,316,N,20:55:00,20:55:30,,3354K,상행,2025-05-01T05:00:00,,평일
3호선,1958,대화,309,,20250619,3호선,0342,오금,352,N,3호선,3385,1952,화정,315,N,20:58:30,20:59:00,,3354K,상행,2025-05-01T05:00:00,,평일
3호선,1958,대화,309,,20250619,3호선,0342,오금,352,N,3호선,3385,1953,대곡,314,N,21:01:30,21:02:00,,3354K,상행,2025-05-01T05:00:00,,평일
3호선,1958,대화,309,,20250619,3호선,0342,오금,352,N,3호선,3385,1954,백석,313,N,21:05:00,21:05:30,,3354K,상행,2025-05-01T05:00:00,,평일
3호선,1958,대화,309,,20250619,3호선,0342,오금,352,N,3호선,3385,1955,마두,312,N,21:07:30,21:08:00,,3354K,상행,2025-05-01T05:00:00,,평일
3호선,1958,대화,309,,20250619,3호선,0342,오금,352,N,3호선,3385,1956,정발산,311,N,21:09:30,21:10:00,,3354K,상행,2025-05-01T05:00:00,,평일
3호선,1958,대화,309,,20250619,3호선,0342,오금,352,N,3호선,3385,1957,주엽,310,N,21:12:00,21:12:30,,3354K,상행,2025-05-01T05:00:00,,평일
3호선,1958,대화,309,,20250619,3호선,0342,오금,352,N,3호선,3385,1958,대화,309,N,21:14:30,,,3354K,상행,2025-05-01T05:00:00,,평일
3호선,0310,구파발,320,,20250619,3호선,0342,오금,352,N,3호선,3365,0342,오금,352,N,,19:44:00,,3356K,상행,2025-05-01T05:00:00,,평일
3호선,0310,구파발,320,,20250619,3호선,0342,오금,352,N,3호선,3365,0341,경찰병원,351,N,19:45:00,19:45:30,,3356K,상행,2025-05-01T05:00:00,,평일
3호선,0310,구파발,320,,20250619,3호선,0342,오금,352,N,3호선,3365,0340,가락시장,350,N,19:46:30,19:47:00,,3356K,상행,2025-05-01T05:00:00,,평일
3호선,0310,구파발,320,,20250619,3호선,0342,오금,352,N,3호선,3365,0339,수서,349,N,19:49:00,19:49:30,,3356K,상행,2025-05-01T05:00:00,,평일
3호선,0310,구파발,320,,20250619,3호선,0342,오금,352,N,3호선,3365,0338,일원,348,N,19:51:30,19:52:00,,3356K,상행,2025-05-01T05:00:00,,평일
3호선,0310,구파발,320,,20250619,3호선,0342,오금,352,N,3호선,3365,0337,대청,347,N,19:53:30,19:54:00,,3356K,상행,2025-05-01T05:00:00,,평일
3호선,0310,구파발,320,,20250619,3호선,0342,오금,352,N,3호선,3365,0336,학여울,346,N,19:55:30,19:56:00,,3356K,상행,2025-05-01T05:00:00,,평일
3호선,0310,구파발,320,,20250619,3호선,0342,오금,352,N,3호선,3365,0335,대치,345,N,19:57:00,19:57:30,,3356K,상행,2025-05-01T05:00:00,,평일
3호선,0310,구파발,320,,20250619,3호선,0342,오금,352,N,3호선,3365,0334,도곡,344,N,19:58:30,19:59:00,,3356K,상행,2025-05-01T05:00:00,,평일
3호선,0310,구파발,320,,20250619,3호선,0342,오금,352,N,3호선,3365,0333,매봉,343,N,20:00:30,20:01:00,,3356K,상행,2025-05-01T05:00:00,,평일
3호선,0310,구파발,320,,20250619,3호선,0342,오금,352,N,3호선,3365,0332,양재,342,N,20:03:00,20:03:30,,3356K,상행,2025-05-01T05:00:00,,평일
3호선,0310,구파발,320,,20250619,3호선,0342,오금,352,N,3호선,3365,0331,남부터미널,341,N,20:05:30,20:06:00,,3356K,상행,2025-05-01T05:00:00,,평일
3호선,0310,구파발,320,,20250619,3호선,0342,오금,352,N,3호선,3365,0330,교대,340,N,20:07:30,20:08:00,,3356K,상행,2025-05-01T05:00:00,,평일
3호선,0310,구파발,320,,20250619,3호선,0342,오금,352,N,3호선,3365,0329,고속터미널,339,N,20:10:00,20:10:30,,3356K,상행,2025-05-01T05:00:00,,평일
3호선,0310,구파발,320,,20250619,3호선,0342,오금,352,N,3호선,3365,0328,잠원,338,N,20:12:00,20:12:30,,3356K,상행,2025-05-01T05:00:00,,평일
3호선,0310,구파발,320,,20250619,3호선,0342,오금,352,N,3호선,3365,0327,신사,337,N,20:14:00,20:14:30,,3356K,상행,2025-05-01T05:00:00,,평일
3호선,0310,구파발,320,,20250619,3호선,0342,오금,352,N,3호선,3365,0326,압구정,336,N,20:16:30,20:17:00,,3356K,상행,2025-05-01T05:00:00,,평일
3호선,0310,구파발,320,,20250619,3호선,0342,오금,352,N,3호선,3365,0325,옥수,335,N,20:19:00,20:19:30,,3356K,상행,2025-05-01T05:00:00,,평일
3호선,0310,구파발,320,,20250619,3호선,0342,오금,352,N,3호선,3365,0324,금호,334,N,20:20:30,20:21:00,,3356K,상행,2025-05-01T05:00:00,,평일
3호선,0310,구파발,320,,20250619,3호선,0342,오금,352,N,3호선,3365,0323,약수,333,N,20:22:00,20:22:30,,3356K,상행,2025-05-01T05:00:00,,평일
3호선,0310,구파발,320,,20250619,3호선,0342,오금,352,N,3호선,3365,0322,동대입구,332,N,20:23:30,20:24:00,,3356K,상행,2025-05-01T05:00:00,,평일
3호선,0310,구파발,320,,20250619,3호선,0342,오금,352,N,3호선,3365,0321,충무로,331,N,20:25:30,20:26:00,,3356K,상행,2025-05-01T05:00:00,,평일
3호선,0310,구파발,320,,20250619,3호선,0342,오금,352,N,3호선,3365,0320,을지로3가,330,N,20:27:00,20:27:30,,3356K,상행,2025-05-01T05:00:00,,평일
3호선,0310,구파발,320,,20250619,3호선,0342,오금,352,N,3호선,3365,0319,종로3가,329,N,20:28:30,20:29:00,,3356K,상행,2025-05-01T05:00:00,,평일
3호선,0310,구파발,320,,20250619,3호선,0342,오금,352,N,3호선,3365,0318,안국,328,N,20:30:30,20:31:00,,3356K,상행,2025-05-01T05:00:00,,평일
3호선,0310,구파발,320,,20250619,3호선,0342,오금,352,N,3호선,3365,0317,경복궁,327,N,20:32:30,20:33:00,,3356K,상행,2025-05-01T05:00:00,,평일
3호선,0310,구파발,320,,20250619,3호선,0342,오금,352,N,3호선,3365,0316,독립문,326,N,20:35:00,20:35:30,,3356K,상행,2025-05-01T05:00:00,,평일
3호선,0310,구파발,320,,20250619,3호선,0342,오금,352,N,3호선,3365,0315,무악재,325,N,20:37:00,20:37:30,,3356K,상행,2025-05-01T05:00:00,,평일
3호선,0310,구파발,320,,20250619,3호선,0342,오금,352,N,3호선,3365,0314,홍제,324,N,20:39:00,20:39:30,,3356K,상행,2025-05-01T05:00:00,,평일
3호선,0310,구파발,320,,20250619,3호선,0342,오금,352,N,3호선,3365,0313,녹번,323,N,20:41:30,20:42:00,,3356K,상행,2025-05-01T05:00:00,,평일
3호선,0310,구파발,320,,20250619,3호선,0342,오금,352,N,3호선,3365,0312,불광,322,N,20:43:30,20:44:00,,3356K,상행,2025-05-01T05:00:00,,평일
3호선,0310,구파발,320,,20250619,3호선,0342,오금,352,N,3호선,3365,0311,연신내,321,N,20:45:30,20:46:00,,3356K,상행,2025-05-01T05:00:00,,평일
3호선,0310,구파발,320,,20250619,3호선,0342,오금,352,N,3호선,3365,0310,구파발,320,N,20:48:00,,,3356K,상행,2025-05-01T05:00:00,,평일
3호선,1958,대화,309,,20250619,3호선,0342,오금,352,N,3호선,3389,0342,오금,352,N,,19:50:00,,3358,상행,2025-05-01T05:00:00,,평일
3호선,1958,대화,309,,20250619,3호선,0342,오금,352,N,3호선,3389,0341,경찰병원,351,N,19:51:00,19:51:30,,3358,상행,2025-05-01T05:00:00,,평일
3호선,1958,대화,309,,20250619,3호선,0342,오금,352,N,3호선,3389,0340,가락시장,350,N,19:52:30,19:53:00,,3358,상행,2025-05-01T05:00:00,,평일
3호선,1958,대화,309,,20250619,3호선,0342,오금,352,N,3호선,3389,0339,수서,349,N,19:55:00,19:55:30,,3358,상행,2025-05-01T05:00:00,,평일
3호선,1958,대화,309,,20250619,3호선,0342,오금,352,N,3호선,3389,0338,일원,348,N,19:57:30,19:58:00,,3358,상행,2025-05-01T05:00:00,,평일
3호선,1958,대화,309,,20250619,3호선,0342,오금,352,N,3호선,3389,0337,대청,347,N,19:59:30,20:00:00,,3358,상행,2025-05-01T05:00:00,,평일
3호선,1958,대화,309,,20250619,3호선,0342,오금,352,N,3호선,3389,0336,학여울,346,N,20:01:30,20:02:00,,3358,상행,2025-05-01T05:00:00,,평일
3호선,1958,대화,309,,20250619,3호선,0342,오금,352,N,3호선,3389,0335,대치,345,N,20:03:00,20:03:30,,3358,상행,2025-05-01T05:00:00,,평일
3호선,1958,대화,309,,20250619,3호선,0342,오금,352,N,3호선,3389,0334,도곡,344,N,20:04:30,20:05:00,,3358,상행,2025-05-01T05:00:00,,평일
3호선,1958,대화,309,,20250619,3호선,0342,오금,352,N,3호선,3389,0333,매봉,343,N,20:06:30,20:07:00,,3358,상행,2025-05-01T05:00:00,,평일
3호선,1958,대화,309,,20250619,3호선,0342,오금,352,N,3호선,3389,0332,양재,342,N,20:09:00,20:09:30,,3358,상행,2025-05-01T05:00:00,,평일
3호선,1958,대화,309,,20250619,3호선,0342,오금,352,N,3호선,3389,0331,남부터미널,341,N,20:11:30,20:12:00,,3358,상행,2025-05-01T05:00:00,,평일
3호선,1958,대화,309,,20250619,3호선,0342,오금,352,N,3호선,3389,0330,교대,340,N,20:13:30,20:14:00,,3358,상행,2025-05-01T05:00:00,,평일
3호선,1958,대화,309,,20250619,3호선,0342,오금,352,N,3호선,3389,0329,고속터미널,339,N,20:16:00,20:16:30,,3358,상행,2025-05-01T05:00:00,,평일
3호선,1958,대화,309,,20250619,3호선,0342,오금,352,N,3호선,3389,0328,잠원,338,N,20:18:00,20:18:30,,3358,상행,2025-05-01T05:00:00,,평일
3호선,1958,대화,309,,20250619,3호선,0342,오금,352,N,3호선,3389,0327,신사,337,N,20:20:00,20:20:30,,3358,상행,2025-05-01T05:00:00,,평일
3호선,1958,대화,309,,20250619,3호선,0342,오금,352,N,3호선,3389,0326,압구정,336,N,20:22:30,20:23:00,,3358,상행,2025-05-01T05:00:00,,평일
3호선,1958,대화,309,,20250619,3호선,0342,오금,352,N,3호선,3389,0325,옥수,335,N,20:25:00,20:25:30,,3358,상행,2025-05-01T05:00:00,,평일
3호선,1958,대화,309,,20250619,3호선,0342,오금,352,N,3호선,3389,0324,금호,334,N,20:26:30,20:27:00,,3358,상행,2025-05-01T05:00:00,,평일
3호선,1958,대화,309,,20250619,3호선,0342,오금,352,N,3호선,3389,0323,약수,333,N,20:28:00,20:28:30,,3358,상행,2025-05-01T05:00:00,,평일
3호선,1958,대화,309,,20250619,3호선,0342,오금,352,N,3호선,3389,0322,동대입구,332,N,20:29:30,20:30:00,,3358,상행,2025-05-01T05:00:00,,평일
3호선,1958,대화,309,,20250619,3호선,0342,오금,352,N,3호선,3389,0321,충무로,331,N,20:31:30,20:32:00,,3358,상행,2025-05-01T05:00:00,,평일
3호선,1958,대화,309,,20250619,3호선,0342,오금,352,N,3호선,3389,0320,을지로3가,330,N,20:33:00,20:33:30,,3358,상행,2025-05-01T05:00:00,,평일
3호선,1958,대화,309,,20250619,3호선,0342,오금,352,N,3호선,3389,0319,종로3가,329,N,20:34:30,20:35:00,,3358,상행,2025-05-01T05:00:00,,평일
3호선,1958,대화,309,,20250619,3호선,0342,오금,352,N,3호선,3389,0318,안국,328,N,20:36:30,20:37:00,,3358,상행,2025-05-01T05:00:00,,평일
3호선,1958,대화,309,,20250619,3호선,0342,오금,352,N,3호선,3389,0317,경복궁,327,N,20:38:30,20:39:00,,3358,상행,2025-05-01T05:00:00,,평일
3호선,1958,대화,309,,20250619,3호선,0342,오금,352,N,3호선,3389,0316,독립문,326,N,20:41:00,20:41:30,,3358,상행,2025-05-01T05:00:00,,평일
3호선,1958,대화,309,,20250619,3호선,0342,오금,352,N,3호선,3389,0315,무악재,325,N,20:43:00,20:43:30,,3358,상행,2025-05-01T05:00:00,,평일
3호선,1958,대화,309,,20250619,3호선,0342,오금,352,N,3호선,3389,0314,홍제,324,N,20:45:00,20:45:30,,3358,상행,2025-05-01T05:00:00,,평일
3호선,1958,대화,309,,20250619,3호선,0342,오금,352,N,3호선,3389,0313,녹번,323,N,20:47:30,20:48:00,,3358,상행,2025-05-01T05:00:00,,평일
3호선,1958,대화,309,,20250619,3호선,0342,오금,352,N,3호선,3389,0312,불광,322,N,20:49:30,20:50:00,,3358,상행,2025-05-01T05:00:00,,평일
3호선,1958,대화,309,,20250619,3호선,0342,오금,352,N,3호선,3389,0311,연신내,321,N,20:51:30,20:52:00,,3358,상행,2025-05-01T05:00:00,,평일
3호선,1958,대화,309,,20250619,3호선,0342,오금,352,N,3호선,3389,0310,구파발,320,N,20:54:00,20:54:30,,3358,상행,2025-05-01T05:00:00,,평일
3호선,1958,대화,309,,20250619,3호선,0342,오금,352,N,3호선,3389,0309,지축,319,N,20:57:30,20:58:00,,3358,상행,2025-05-01T05:00:00,,평일
3호선,1958,대화,309,,20250619,3호선,0342,오금,352,N,3호선,3389,1950,삼송,318,N,21:00:30,21:01:00,,3358,상행,2025-05-01T05:00:00,,평일
3호선,1958,대화,309,,20250619,3호선,0342,오금,352,N,3호선,3389,1948,원흥,317,N,21:03:00,21:03:30,,3358,상행,2025-05-01T05:00:00,,평일
3호선,1958,대화,309,,20250619,3호선,0342,오금,352,N,3호선,3389,1951,원당,316,N,21:06:00,21:06:30,,3358,상행,2025-05-01T05:00:00,,평일
3호선,1958,대화,309,,20250619,3호선,0342,오금,352,N,3호선,3389,1952,화정,315,N,21:09:30,21:10:00,,3358,상행,2025-05-01T05:00:00,,평일
3호선,1958,대화,309,,20250619,3호선,0342,오금,352,N,3호선,3389,1953,대곡,314,N,21:12:30,21:13:00,,3358,상행,2025-05-01T05:00:00,,평일
3호선,1958,대화,309,,20250619,3호선,0342,오금,352,N,3호선,3389,1954,백석,313,N,21:16:00,21:16:30,,3358,상행,2025-05-01T05:00:00,,평일
3호선,1958,대화,309,,20250619,3호선,0342,오금,352,N,3호선,3389,1955,마두,312,N,21:18:30,21:19:00,,3358,상행,2025-05-01T05:00:00,,평일
3호선,1958,대화,309,,20250619,3호선,0342,오금,352,N,3호선,3389,1956,정발산,311,N,21:20:30,21:21:00,,3358,상행,2025-05-01T05:00:00,,평일
3호선,1958,대화,309,,20250619,3호선,0342,오금,352,N,3호선,3389,1957,주엽,310,N,21:23:00,21:23:30,,3358,상행,2025-05-01T05:00:00,,평일
3호선,1958,대화,309,,20250619,3호선,0342,오금,352,N,3호선,3389,1958,대화,309,N,21:25:30,,,3358,상행,2025-05-01T05:00:00,,평일
3호선,0310,구파발,320,,20250619,3호선,0342,오금,352,N,3호선,3369,0342,오금,352,N,,19:55:00,,3360,상행,2025-05-01T05:00:00,,평일
3호선,0310,구파발,320,,20250619,3호선,0342,오금,352,N,3호선,3369,0341,경찰병원,351,N,19:56:00,19:56:30,,3360,상행,2025-05-01T05:00:00,,평일
3호선,0310,구파발,320,,20250619,3호선,0342,오금,352,N,3호선,3369,0340,가락시장,350,N,19:57:30,19:58:00,,3360,상행,2025-05-01T05:00:00,,평일
3호선,0310,구파발,320,,20250619,3호선,0342,오금,352,N,3호선,3369,0339,수서,349,N,20:00:00,20:00:30,,3360,상행,2025-05-01T05:00:00,,평일
3호선,0310,구파발,320,,20250619,3호선,0342,오금,352,N,3호선,3369,0338,일원,348,N,20:02:30,20:03:00,,3360,상행,2025-05-01T05:00:00,,평일
3호선,0310,구파발,320,,20250619,3호선,0342,오금,352,N,3호선,3369,0337,대청,347,N,20:04:30,20:05:00,,3360,상행,2025-05-01T05:00:00,,평일
3호선,0310,구파발,320,,20250619,3호선,0342,오금,352,N,3호선,3369,0336,학여울,346,N,20:06:30,20:07:00,,3360,상행,2025-05-01T05:00:00,,평일
3호선,0310,구파발,320,,20250619,3호선,0342,오금,352,N,3호선,3369,0335,대치,345,N,20:08:00,20:08:30,,3360,상행,2025-05-01T05:00:00,,평일
3호선,0310,구파발,320,,20250619,3호선,0342,오금,352,N,3호선,3369,0334,도곡,344,N,20:09:30,20:10:00,,3360,상행,2025-05-01T05:00:00,,평일
3호선,0310,구파발,320,,20250619,3호선,0342,오금,352,N,3호선,3369,0333,매봉,343,N,20:11:30,20:12:00,,3360,상행,2025-05-01T05:00:00,,평일
3호선,0310,구파발,320,,20250619,3호선,0342,오금,352,N,3호선,3369,0332,양재,342,N,20:14:00,20:14:30,,3360,상행,2025-05-01T05:00:00,,평일
3호선,0310,구파발,320,,20250619,3호선,0342,오금,352,N,3호선,3369,0331,남부터미널,341,N,20:16:30,20:17:00,,3360,상행,2025-05-01T05:00:00,,평일
3호선,0310,구파발,320,,20250619,3호선,0342,오금,352,N,3호선,3369,0330,교대,340,N,20:18:30,20:19:00,,3360,상행,2025-05-01T05:00:00,,평일
3호선,0310,구파발,320,,20250619,3호선,0342,오금,352,N,3호선,3369,0329,고속터미널,339,N,20:21:00,20:21:30,,3360,상행,2025-05-01T05:00:00,,평일
3호선,0310,구파발,320,,20250619,3호선,0342,오금,352,N,3호선,3369,0328,잠원,338,N,20:23:00,20:23:30,,3360,상행,2025-05-01T05:00:00,,평일
3호선,0310,구파발,320,,20250619,3호선,0342,오금,352,N,3호선,3369,0327,신사,337,N,20:25:00,20:25:30,,3360,상행,2025-05-01T05:00:00,,평일
3호선,0310,구파발,320,,20250619,3호선,0342,오금,352,N,3호선,3369,0326,압구정,336,N,20:27:30,20:28:00,,3360,상행,2025-05-01T05:00:00,,평일
3호선,0310,구파발,320,,20250619,3호선,0342,오금,352,N,3호선,3369,0325,옥수,335,N,20:30:00,20:30:30,,3360,상행,2025-05-01T05:00:00,,평일
3호선,0310,구파발,320,,20250619,3호선,0342,오금,352,N,3호선,3369,0324,금호,334,N,20:31:30,20:32:00,,3360,상행,2025-05-01T05:00:00,,평일
3호선,0310,구파발,320,,20250619,3호선,0342,오금,352,N,3호선,3369,0323,약수,333,N,20:33:00,20:33:30,,3360,상행,2025-05-01T05:00:00,,평일
3호선,0310,구파발,320,,20250619,3호선,0342,오금,352,N,3호선,3369,0322,동대입구,332,N,20:34:30,20:35:00,,3360,상행,2025-05-01T05:00:00,,평일
3호선,0310,구파발,320,,20250619,3호선,0342,오금,352,N,3호선,3369,0321,충무로,331,N,20:36:30,20:37:00,,3360,상행,2025-05-01T05:00:00,,평일
3호선,0310,구파발,320,,20250619,3호선,0342,오금,352,N,3호선,3369,0320,을지로3가,330,N,20:38:00,20:38:30,,3360,상행,2025-05-01T05:00:00,,평일
3호선,0310,구파발,320,,20250619,3호선,0342,오금,352,N,3호선,3369,0319,종로3가,329,N,20:39:30,20:40:00,,3360,상행,2025-05-01T05:00:00,,평일
3호선,0310,구파발,320,,20250619,3호선,0342,오금,352,N,3호선,3369,0318,안국,328,N,20:41:30,20:42:00,,3360,상행,2025-05-01T05:00:00,,평일
3호선,0310,구파발,320,,20250619,3호선,0342,오금,352,N,3호선,3369,0317,경복궁,327,N,20:43:30,20:44:00,,3360,상행,2025-05-01T05:00:00,,평일
3호선,0310,구파발,320,,20250619,3호선,0342,오금,352,N,3호선,3369,0316,독립문,326,N,20:46:00,20:46:30,,3360,상행,2025-05-01T05:00:00,,평일
3호선,0310,구파발,320,,20250619,3호선,0342,오금,352,N,3호선,3369,0315,무악재,325,N,20:48:00,20:48:30,,3360,상행,2025-05-01T05:00:00,,평일
3호선,0310,구파발,320,,20250619,3호선,0342,오금,352,N,3호선,3369,0314,홍제,324,N,20:50:00,20:50:30,,3360,상행,2025-05-01T05:00:00,,평일
3호선,0310,구파발,320,,20250619,3호선,0342,오금,352,N,3호선,3369,0313,녹번,323,N,20:52:30,20:53:00,,3360,상행,2025-05-01T05:00:00,,평일
3호선,0310,구파발,320,,20250619,3호선,0342,오금,352,N,3호선,3369,0312,불광,322,N,20:54:30,20:55:00,,3360,상행,2025-05-01T05:00:00,,평일
3호선,0310,구파발,320,,20250619,3호선,0342,오금,352,N,3호선,3369,0311,연신내,321,N,20:56:30,20:57:00,,3360,상행,2025-05-01T05:00:00,,평일
3호선,0310,구파발,320,,20250619,3호선,0342,오금,352,N,3호선,3369,0310,구파발,320,N,20:59:00,,,3360,상행,2025-05-01T05:00:00,,평일
3호선,1958,대화,309,,20250619,3호선,0342,오금,352,N,3호선,3391,0342,오금,352,N,,20:01:00,,3362,상행,2025-05-01T05:00:00,,평일
3호선,1958,대화,309,,20250619,3호선,0342,오금,352,N,3호선,3391,0341,경찰병원,351,N,20:02:00,20:02:30,,3362,상행,2025-05-01T05:00:00,,평일
3호선,1958,대화,309,,20250619,3호선,0342,오금,352,N,3호선,3391,0340,가락시장,350,N,20:03:30,20:04:00,,3362,상행,2025-05-01T05:00:00,,평일
3호선,1958,대화,309,,20250619,3호선,0342,오금,352,N,3호선,3391,0339,수서,349,N,20:06:00,20:06:30,,3362,상행,2025-05-01T05:00:00,,평일
3호선,1958,대화,309,,20250619,3호선,0342,오금,352,N,3호선,3391,0338,일원,348,N,20:08:30,20:09:00,,3362,상행,2025-05-01T05:00:00,,평일
3호선,1958,대화,309,,20250619,3호선,0342,오금,352,N,3호선,3391,0337,대청,347,N,20:10:30,20:11:00,,3362,상행,2025-05-01T05:00:00,,평일
3호선,1958,대화,309,,20250619,3호선,0342,오금,352,N,3호선,3391,0336,학여울,346,N,20:12:30,20:13:00,,3362,상행,2025-05-01T05:00:00,,평일
3호선,1958,대화,309,,20250619,3호선,0342,오금,352,N,3호선,3391,0335,대치,345,N,20:14:00,20:14:30,,3362,상행,2025-05-01T05:00:00,,평일
3호선,1958,대화,309,,20250619,3호선,0342,오금,352,N,3호선,3391,0334,도곡,344,N,20:15:30,20:16:00,,3362,상행,2025-05-01T05:00:00,,평일
3호선,1958,대화,309,,20250619,3호선,0342,오금,352,N,3호선,3391,0333,매봉,343,N,20:17:30,20:18:00,,3362,상행,2025-05-01T05:00:00,,평일
3호선,1958,대화,309,,20250619,3호선,0342,오금,352,N,3호선,3391,0332,양재,342,N,20:20:00,20:20:30,,3362,상행,2025-05-01T05:00:00,,평일
3호선,1958,대화,309,,20250619,3호선,0342,오금,352,N,3호선,3391,0331,남부터미널,341,N,20:22:30,20:23:00,,3362,상행,2025-05-01T05:00:00,,평일
3호선,1958,대화,309,,20250619,3호선,0342,오금,352,N,3호선,3391,0330,교대,340,N,20:24:30,20:25:00,,3362,상행,2025-05-01T05:00:00,,평일
3호선,1958,대화,309,,20250619,3호선,0342,오금,352,N,3호선,3391,0329,고속터미널,339,N,20:27:00,20:27:30,,3362,상행,2025-05-01T05:00:00,,평일
3호선,1958,대화,309,,20250619,3호선,0342,오금,352,N,3호선,3391,0328,잠원,338,N,20:29:00,20:29:30,,3362,상행,2025-05-01T05:00:00,,평일
3호선,1958,대화,309,,20250619,3호선,0342,오금,352,N,3호선,3391,0327,신사,337,N,20:31:00,20:31:30,,3362,상행,2025-05-01T05:00:00,,평일
3호선,1958,대화,309,,20250619,3호선,0342,오금,352,N,3호선,3391,0326,압구정,336,N,20:33:30,20:34:00,,3362,상행,2025-05-01T05:00:00,,평일
3호선,1958,대화,309,,20250619,3호선,0342,오금,352,N,3호선,3391,0325,옥수,335,N,20:36:00,20:36:30,,3362,상행,2025-05-01T05:00:00,,평일
3호선,1958,대화,309,,20250619,3호선,0342,오금,352,N,3호선,3391,0324,금호,334,N,20:37:30,20:38:00,,3362,상행,2025-05-01T05:00:00,,평일
3호선,1958,대화,309,,20250619,3호선,0342,오금,352,N,3호선,3391,0323,약수,333,N,20:39:00,20:39:30,,3362,상행,2025-05-01T05:00:00,,평일
3호선,1958,대화,309,,20250619,3호선,0342,오금,352,N,3호선,3391,0322,동대입구,332,N,20:40:30,20:41:00,,3362,상행,2025-05-01T05:00:00,,평일
3호선,1958,대화,309,,20250619,3호선,0342,오금,352,N,3호선,3391,0321,충무로,331,N,20:42:30,20:43:00,,3362,상행,2025-05-01T05:00:00,,평일
3호선,1958,대화,309,,20250619,3호선,0342,오금,352,N,3호선,3391,0320,을지로3가,330,N,20:44:00,20:44:30,,3362,상행,2025-05-01T05:00:00,,평일
3호선,1958,대화,309,,20250619,3호선,0342,오금,352,N,3호선,3391,0319,종로3가,329,N,20:45:30,20:46:00,,3362,상행,2025-05-01T05:00:00,,평일
3호선,1958,대화,309,,20250619,3호선,0342,오금,352,N,3호선,3391,0318,안국,328,N,20:47:30,20:48:00,,3362,상행,2025-05-01T05:00:00,,평일
3호선,1958,대화,309,,20250619,3호선,0342,오금,352,N,3호선,3391,0317,경복궁,327,N,20:49:30,20:50:00,,3362,상행,2025-05-01T05:00:00,,평일
3호선,1958,대화,309,,20250619,3호선,0342,오금,352,N,3호선,3391,0316,독립문,326,N,20:52:00,20:52:30,,3362,상행,2025-05-01T05:00:00,,평일
3호선,1958,대화,309,,20250619,3호선,0342,오금,352,N,3호선,3391,0315,무악재,325,N,20:54:00,20:54:30,,3362,상행,2025-05-01T05:00:00,,평일
3호선,1958,대화,309,,20250619,3호선,0342,오금,352,N,3호선,3391,0314,홍제,324,N,20:56:00,20:56:30,,3362,상행,2025-05-01T05:00:00,,평일
3호선,1958,대화,309,,20250619,3호선,0342,오금,352,N,3호선,3391,0313,녹번,323,N,20:58:30,20:59:00,,3362,상행,2025-05-01T05:00:00,,평일
3호선,1958,대화,309,,20250619,3호선,0342,오금,352,N,3호선,3391,0312,불광,322,N,21:00:30,21:01:00,,3362,상행,2025-05-01T05:00:00,,평일
3호선,1958,대화,309,,20250619,3호선,0342,오금,352,N,3호선,3391,0311,연신내,321,N,21:02:30,21:03:00,,3362,상행,2025-05-01T05:00:00,,평일
3호선,1958,대화,309,,20250619,3호선,0342,오금,352,N,3호선,3391,0310,구파발,320,N,21:05:00,21:05:30,,3362,상행,2025-05-01T05:00:00,,평일
3호선,1958,대화,309,,20250619,3호선,0342,오금,352,N,3호선,3391,0309,지축,319,N,21:08:30,21:09:00,,3362,상행,2025-05-01T05:00:00,,평일
3호선,1958,대화,309,,20250619,3호선,0342,오금,352,N,3호선,3391,1950,삼송,318,N,21:11:30,21:12:00,,3362,상행,2025-05-01T05:00:00,,평일
3호선,1958,대화,309,,20250619,3호선,0342,오금,352,N,3호선,3391,1948,원흥,317,N,21:14:00,21:14:30,,3362,상행,2025-05-01T05:00:00,,평일
3호선,1958,대화,309,,20250619,3호선,0342,오금,352,N,3호선,3391,1951,원당,316,N,21:17:00,21:17:30,,3362,상행,2025-05-01T05:00:00,,평일
3호선,1958,대화,309,,20250619,3호선,0342,오금,352,N,3호선,3391,1952,화정,315,N,21:20:30,21:21:00,,3362,상행,2025-05-01T05:00:00,,평일
3호선,1958,대화,309,,20250619,3호선,0342,오금,352,N,3호선,3391,1953,대곡,314,N,21:23:30,21:24:00,,3362,상행,2025-05-01T05:00:00,,평일
3호선,1958,대화,309,,20250619,3호선,0342,오금,352,N,3호선,3391,1954,백석,313,N,21:27:00,21:27:30,,3362,상행,2025-05-01T05:00:00,,평일
3호선,1958,대화,309,,20250619,3호선,0342,오금,352,N,3호선,3391,1955,마두,312,N,21:29:30,21:30:00,,3362,상행,2025-05-01T05:00:00,,평일
3호선,1958,대화,309,,20250619,3호선,0342,오금,352,N,3호선,3391,1956,정발산,311,N,21:31:30,21:32:00,,3362,상행,2025-05-01T05:00:00,,평일
3호선,1958,대화,309,,20250619,3호선,0342,오금,352,N,3호선,3391,1957,주엽,310,N,21:34:00,21:34:30,,3362,상행,2025-05-01T05:00:00,,평일
3호선,1958,대화,309,,20250619,3호선,0342,오금,352,N,3호선,3391,1958,대화,309,N,21:36:30,,,3362,상행,2025-05-01T05:00:00,,평일
3호선,0310,구파발,320,,20250619,3호선,0342,오금,352,N,3호선,입고,0342,오금,352,N,,20:06:00,,3364,상행,2025-05-01T05:00:00,,평일
3호선,0310,구파발,320,,20250619,3호선,0342,오금,352,N,3호선,입고,0341,경찰병원,351,N,20:07:00,20:07:30,,3364,상행,2025-05-01T05:00:00,,평일
3호선,0310,구파발,320,,20250619,3호선,0342,오금,352,N,3호선,입고,0340,가락시장,350,N,20:08:30,20:09:00,,3364,상행,2025-05-01T05:00:00,,평일
3호선,0310,구파발,320,,20250619,3호선,0342,오금,352,N,3호선,입고,0339,수서,349,N,20:11:00,20:11:30,,3364,상행,2025-05-01T05:00:00,,평일
3호선,0310,구파발,320,,20250619,3호선,0342,오금,352,N,3호선,입고,0338,일원,348,N,20:13:30,20:14:00,,3364,상행,2025-05-01T05:00:00,,평일
3호선,0310,구파발,320,,20250619,3호선,0342,오금,352,N,3호선,입고,0337,대청,347,N,20:15:30,20:16:00,,3364,상행,2025-05-01T05:00:00,,평일
3호선,0310,구파발,320,,20250619,3호선,0342,오금,352,N,3호선,입고,0336,학여울,346,N,20:17:30,20:18:00,,3364,상행,2025-05-01T05:00:00,,평일
3호선,0310,구파발,320,,20250619,3호선,0342,오금,352,N,3호선,입고,0335,대치,345,N,20:19:00,20:19:30,,3364,상행,2025-05-01T05:00:00,,평일
3호선,0310,구파발,320,,20250619,3호선,0342,오금,352,N,3호선,입고,0334,도곡,344,N,20:20:30,20:21:00,,3364,상행,2025-05-01T05:00:00,,평일
3호선,0310,구파발,320,,20250619,3호선,0342,오금,352,N,3호선,입고,0333,매봉,343,N,20:22:30,20:23:00,,3364,상행,2025-05-01T05:00:00,,평일
3호선,0310,구파발,320,,20250619,3호선,0342,오금,352,N,3호선,입고,0332,양재,342,N,20:25:00,20:25:30,,3364,상행,2025-05-01T05:00:00,,평일
3호선,0310,구파발,320,,20250619,3호선,0342,오금,352,N,3호선,입고,0331,남부터미널,341,N,20:27:30,20:28:00,,3364,상행,2025-05-01T05:00:00,,평일
3호선,0310,구파발,320,,20250619,3호선,0342,오금,352,N,3호선,입고,0330,교대,340,N,20:29:30,20:30:00,,3364,상행,2025-05-01T05:00:00,,평일
3호선,0310,구파발,320,,20250619,3호선,0342,오금,352,N,3호선,입고,0329,고속터미널,339,N,20:32:00,20:32:30,,3364,상행,2025-05-01T05:00:00,,평일
3호선,0310,구파발,320,,20250619,3호선,0342,오금,352,N,3호선,입고,0328,잠원,338,N,20:34:00,20:34:30,,3364,상행,2025-05-01T05:00:00,,평일
3호선,0310,구파발,320,,20250619,3호선,0342,오금,352,N,3호선,입고,0327,신사,337,N,20:36:00,20:36:30,,3364,상행,2025-05-01T05:00:00,,평일
3호선,0310,구파발,320,,20250619,3호선,0342,오금,352,N,3호선,입고,0326,압구정,336,N,20:38:30,20:39:00,,3364,상행,2025-05-01T05:00:00,,평일
3호선,0310,구파발,320,,20250619,3호선,0342,오금,352,N,3호선,입고,0325,옥수,335,N,20:41:00,20:41:30,,3364,상행,2025-05-01T05:00:00,,평일
3호선,0310,구파발,320,,20250619,3호선,0342,오금,352,N,3호선,입고,0324,금호,334,N,20:42:30,20:43:00,,3364,상행,2025-05-01T05:00:00,,평일
3호선,0310,구파발,320,,20250619,3호선,0342,오금,352,N,3호선,입고,0323,약수,333,N,20:44:00,20:44:30,,3364,상행,2025-05-01T05:00:00,,평일
3호선,0310,구파발,320,,20250619,3호선,0342,오금,352,N,3호선,입고,0322,동대입구,332,N,20:45:30,20:46:00,,3364,상행,2025-05-01T05:00:00,,평일
3호선,0310,구파발,320,,20250619,3호선,0342,오금,352,N,3호선,입고,0321,충무로,331,N,20:47:30,20:48:00,,3364,상행,2025-05-01T05:00:00,,평일
3호선,0310,구파발,320,,20250619,3호선,0342,오금,352,N,3호선,입고,0320,을지로3가,330,N,20:49:00,20:49:30,,3364,상행,2025-05-01T05:00:00,,평일
3호선,0310,구파발,320,,20250619,3호선,0342,오금,352,N,3호선,입고,0319,종로3가,329,N,20:50:30,20:51:00,,3364,상행,2025-05-01T05:00:00,,평일
3호선,0310,구파발,320,,20250619,3호선,0342,오금,352,N,3호선,입고,0318,안국,328,N,20:52:30,20:53:00,,3364,상행,2025-05-01T05:00:00,,평일
3호선,0310,구파발,320,,20250619,3호선,0342,오금,352,N,3호선,입고,0317,경복궁,327,N,20:54:30,20:55:00,,3364,상행,2025-05-01T05:00:00,,평일
3호선,0310,구파발,320,,20250619,3호선,0342,오금,352,N,3호선,입고,0316,독립문,326,N,20:57:00,20:57:30,,3364,상행,2025-05-01T05:00:00,,평일
3호선,0310,구파발,320,,20250619,3호선,0342,오금,352,N,3호선,입고,0315,무악재,325,N,20:59:00,20:59:30,,3364,상행,2025-05-01T05:00:00,,평일
3호선,0310,구파발,320,,20250619,3호선,0342,오금,352,N,3호선,입고,0314,홍제,324,N,21:01:00,21:01:30,,3364,상행,2025-05-01T05:00:00,,평일
3호선,0310,구파발,320,,20250619,3호선,0342,오금,352,N,3호선,입고,0313,녹번,323,N,21:03:30,21:04:00,,3364,상행,2025-05-01T05:00:00,,평일
3호선,0310,구파발,320,,20250619,3호선,0342,오금,352,N,3호선,입고,0312,불광,322,N,21:05:30,21:06:00,,3364,상행,2025-05-01T05:00:00,,평일
3호선,0310,구파발,320,,20250619,3호선,0342,오금,352,N,3호선,입고,0311,연신내,321,N,21:07:30,21:08:00,,3364,상행,2025-05-01T05:00:00,,평일
3호선,0310,구파발,320,,20250619,3호선,0342,오금,352,N,3호선,입고,0310,구파발,320,N,21:10:00,,,3364,상행,2025-05-01T05:00:00,,평일
3호선,1958,대화,309,,20250619,3호선,0342,오금,352,N,3호선,3393,0342,오금,352,N,,20:11:00,,3366,상행,2025-05-01T05:00:00,,평일
3호선,1958,대화,309,,20250619,3호선,0342,오금,352,N,3호선,3393,0341,경찰병원,351,N,20:12:00,20:12:30,,3366,상행,2025-05-01T05:00:00,,평일
3호선,1958,대화,309,,20250619,3호선,0342,오금,352,N,3호선,3393,0340,가락시장,350,N,20:13:30,20:14:00,,3366,상행,2025-05-01T05:00:00,,평일
3호선,1958,대화,309,,20250619,3호선,0342,오금,352,N,3호선,3393,0339,수서,349,N,20:16:00,20:16:30,,3366,상행,2025-05-01T05:00:00,,평일
3호선,1958,대화,309,,20250619,3호선,0342,오금,352,N,3호선,3393,0338,일원,348,N,20:18:30,20:19:00,,3366,상행,2025-05-01T05:00:00,,평일
3호선,1958,대화,309,,20250619,3호선,0342,오금,352,N,3호선,3393,0337,대청,347,N,20:20:30,20:21:00,,3366,상행,2025-05-01T05:00:00,,평일
3호선,1958,대화,309,,20250619,3호선,0342,오금,352,N,3호선,3393,0336,학여울,346,N,20:22:30,20:23:00,,3366,상행,2025-05-01T05:00:00,,평일
3호선,1958,대화,309,,20250619,3호선,0342,오금,352,N,3호선,3393,0335,대치,345,N,20:24:00,20:24:30,,3366,상행,2025-05-01T05:00:00,,평일
3호선,1958,대화,309,,20250619,3호선,0342,오금,352,N,3호선,3393,0334,도곡,344,N,20:25:30,20:26:00,,3366,상행,2025-05-01T05:00:00,,평일
3호선,1958,대화,309,,20250619,3호선,0342,오금,352,N,3호선,3393,0333,매봉,343,N,20:27:30,20:28:00,,3366,상행,2025-05-01T05:00:00,,평일
3호선,1958,대화,309,,20250619,3호선,0342,오금,352,N,3호선,3393,0332,양재,342,N,20:30:00,20:30:30,,3366,상행,2025-05-01T05:00:00,,평일
3호선,1958,대화,309,,20250619,3호선,0342,오금,352,N,3호선,3393,0331,남부터미널,341,N,20:32:30,20:33:00,,3366,상행,2025-05-01T05:00:00,,평일
3호선,1958,대화,309,,20250619,3호선,0342,오금,352,N,3호선,3393,0330,교대,340,N,20:34:30,20:35:00,,3366,상행,2025-05-01T05:00:00,,평일
3호선,1958,대화,309,,20250619,3호선,0342,오금,352,N,3호선,3393,0329,고속터미널,339,N,20:37:00,20:37:30,,3366,상행,2025-05-01T05:00:00,,평일
3호선,1958,대화,309,,20250619,3호선,0342,오금,352,N,3호선,3393,0328,잠원,338,N,20:39:00,20:39:30,,3366,상행,2025-05-01T05:00:00,,평일
3호선,1958,대화,309,,20250619,3호선,0342,오금,352,N,3호선,3393,0327,신사,337,N,20:41:00,20:41:30,,3366,상행,2025-05-01T05:00:00,,평일
3호선,1958,대화,309,,20250619,3호선,0342,오금,352,N,3호선,3393,0326,압구정,336,N,20:43:30,20:44:00,,3366,상행,2025-05-01T05:00:00,,평일
3호선,1958,대화,309,,20250619,3호선,0342,오금,352,N,3호선,3393,0325,옥수,335,N,20:46:00,20:46:30,,3366,상행,2025-05-01T05:00:00,,평일
3호선,1958,대화,309,,20250619,3호선,0342,오금,352,N,3호선,3393,0324,금호,334,N,20:47:30,20:48:00,,3366,상행,2025-05-01T05:00:00,,평일
3호선,1958,대화,309,,20250619,3호선,0342,오금,352,N,3호선,3393,0323,약수,333,N,20:49:00,20:49:30,,3366,상행,2025-05-01T05:00:00,,평일
3호선,1958,대화,309,,20250619,3호선,0342,오금,352,N,3호선,3393,0322,동대입구,332,N,20:50:30,20:51:00,,3366,상행,2025-05-01T05:00:00,,평일
3호선,1958,대화,309,,20250619,3호선,0342,오금,352,N,3호선,3393,0321,충무로,331,N,20:52:30,20:53:00,,3366,상행,2025-05-01T05:00:00,,평일
3호선,1958,대화,309,,20250619,3호선,0342,오금,352,N,3호선,3393,0320,을지로3가,330,N,20:54:00,20:54:30,,3366,상행,2025-05-01T05:00:00,,평일
3호선,1958,대화,309,,20250619,3호선,0342,오금,352,N,3호선,3393,0319,종로3가,329,N,20:55:30,20:56:00,,3366,상행,2025-05-01T05:00:00,,평일
3호선,1958,대화,309,,20250619,3호선,0342,오금,352,N,3호선,3393,0318,안국,328,N,20:57:30,20:58:00,,3366,상행,2025-05-01T05:00:00,,평일
3호선,1958,대화,309,,20250619,3호선,0342,오금,352,N,3호선,3393,0317,경복궁,327,N,20:59:30,21:00:00,,3366,상행,2025-05-01T05:00:00,,평일
3호선,1958,대화,309,,20250619,3호선,0342,오금,352,N,3호선,3393,0316,독립문,326,N,21:02:00,21:02:30,,3366,상행,2025-05-01T05:00:00,,평일
3호선,1958,대화,309,,20250619,3호선,0342,오금,352,N,3호선,3393,0315,무악재,325,N,21:04:00,21:04:30,,3366,상행,2025-05-01T05:00:00,,평일
3호선,1958,대화,309,,20250619,3호선,0342,오금,352,N,3호선,3393,0314,홍제,324,N,21:06:00,21:06:30,,3366,상행,2025-05-01T05:00:00,,평일
3호선,1958,대화,309,,20250619,3호선,0342,오금,352,N,3호선,3393,0313,녹번,323,N,21:08:30,21:09:00,,3366,상행,2025-05-01T05:00:00,,평일
3호선,1958,대화,309,,20250619,3호선,0342,오금,352,N,3호선,3393,0312,불광,322,N,21:10:30,21:11:00,,3366,상행,2025-05-01T05:00:00,,평일
3호선,1958,대화,309,,20250619,3호선,0342,오금,352,N,3호선,3393,0311,연신내,321,N,21:12:30,21:13:00,,3366,상행,2025-05-01T05:00:00,,평일
3호선,1958,대화,309,,20250619,3호선,0342,오금,352,N,3호선,3393,0310,구파발,320,N,21:15:00,21:15:30,,3366,상행,2025-05-01T05:00:00,,평일
3호선,1958,대화,309,,20250619,3호선,0342,오금,352,N,3호선,3393,0309,지축,319,N,21:18:30,21:19:00,,3366,상행,2025-05-01T05:00:00,,평일
3호선,1958,대화,309,,20250619,3호선,0342,오금,352,N,3호선,3393,1950,삼송,318,N,21:21:30,21:22:00,,3366,상행,2025-05-01T05:00:00,,평일
3호선,1958,대화,309,,20250619,3호선,0342,오금,352,N,3호선,3393,1948,원흥,317,N,21:24:00,21:24:30,,3366,상행,2025-05-01T05:00:00,,평일
3호선,1958,대화,309,,20250619,3호선,0342,오금,352,N,3호선,3393,1951,원당,316,N,21:27:00,21:27:30,,3366,상행,2025-05-01T05:00:00,,평일
3호선,1958,대화,309,,20250619,3호선,0342,오금,352,N,3호선,3393,1952,화정,315,N,21:30:30,21:31:00,,3366,상행,2025-05-01T05:00:00,,평일
3호선,1958,대화,309,,20250619,3호선,0342,오금,352,N,3호선,3393,1953,대곡,314,N,21:33:30,21:34:00,,3366,상행,2025-05-01T05:00:00,,평일
3호선,1958,대화,309,,20250619,3호선,0342,오금,352,N,3호선,3393,1954,백석,313,N,21:37:00,21:37:30,,3366,상행,2025-05-01T05:00:00,,평일
3호선,1958,대화,309,,20250619,3호선,0342,오금,352,N,3호선,3393,1955,마두,312,N,21:39:30,21:40:00,,3366,상행,2025-05-01T05:00:00,,평일
3호선,1958,대화,309,,20250619,3호선,0342,오금,352,N,3호선,3393,1956,정발산,311,N,21:41:30,21:42:00,,3366,상행,2025-05-01T05:00:00,,평일
3호선,1958,대화,309,,20250619,3호선,0342,오금,352,N,3호선,3393,1957,주엽,310,N,21:44:00,21:44:30,,3366,상행,2025-05-01T05:00:00,,평일
3호선,1958,대화,309,,20250619,3호선,0342,오금,352,N,3호선,3393,1958,대화,309,N,21:46:30,,,3366,상행,2025-05-01T05:00:00,,평일
3호선,0310,구파발,320,,20250619,3호선,0342,오금,352,N,3호선,입고,0342,오금,352,N,,20:16:00,,3368,상행,2025-05-01T05:00:00,,평일
3호선,0310,구파발,320,,20250619,3호선,0342,오금,352,N,3호선,입고,0341,경찰병원,351,N,20:17:00,20:17:30,,3368,상행,2025-05-01T05:00:00,,평일
3호선,0310,구파발,320,,20250619,3호선,0342,오금,352,N,3호선,입고,0340,가락시장,350,N,20:18:30,20:19:00,,3368,상행,2025-05-01T05:00:00,,평일
3호선,0310,구파발,320,,20250619,3호선,0342,오금,352,N,3호선,입고,0339,수서,349,N,20:21:00,20:21:30,,3368,상행,2025-05-01T05:00:00,,평일
3호선,0310,구파발,320,,20250619,3호선,0342,오금,352,N,3호선,입고,0338,일원,348,N,20:23:30,20:24:00,,3368,상행,2025-05-01T05:00:00,,평일
3호선,0310,구파발,320,,20250619,3호선,0342,오금,352,N,3호선,입고,0337,대청,347,N,20:25:30,20:26:00,,3368,상행,2025-05-01T05:00:00,,평일
3호선,0310,구파발,320,,20250619,3호선,0342,오금,352,N,3호선,입고,0336,학여울,346,N,20:27:30,20:28:00,,3368,상행,2025-05-01T05:00:00,,평일
3호선,0310,구파발,320,,20250619,3호선,0342,오금,352,N,3호선,입고,0335,대치,345,N,20:29:00,20:29:30,,3368,상행,2025-05-01T05:00:00,,평일
3호선,0310,구파발,320,,20250619,3호선,0342,오금,352,N,3호선,입고,0334,도곡,344,N,20:30:30,20:31:00,,3368,상행,2025-05-01T05:00:00,,평일
3호선,0310,구파발,320,,20250619,3호선,0342,오금,352,N,3호선,입고,0333,매봉,343,N,20:32:30,20:33:00,,3368,상행,2025-05-01T05:00:00,,평일
3호선,0310,구파발,320,,20250619,3호선,0342,오금,352,N,3호선,입고,0332,양재,342,N,20:35:00,20:35:30,,3368,상행,2025-05-01T05:00:00,,평일
3호선,0310,구파발,320,,20250619,3호선,0342,오금,352,N,3호선,입고,0331,남부터미널,341,N,20:37:30,20:38:00,,3368,상행,2025-05-01T05:00:00,,평일
3호선,0310,구파발,320,,20250619,3호선,0342,오금,352,N,3호선,입고,0330,교대,340,N,20:39:30,20:40:00,,3368,상행,2025-05-01T05:00:00,,평일
3호선,0310,구파발,320,,20250619,3호선,0342,오금,352,N,3호선,입고,0329,고속터미널,339,N,20:42:00,20:42:30,,3368,상행,2025-05-01T05:00:00,,평일
3호선,0310,구파발,320,,20250619,3호선,0342,오금,352,N,3호선,입고,0328,잠원,338,N,20:44:00,20:44:30,,3368,상행,2025-05-01T05:00:00,,평일
3호선,0310,구파발,320,,20250619,3호선,0342,오금,352,N,3호선,입고,0327,신사,337,N,20:46:00,20:46:30,,3368,상행,2025-05-01T05:00:00,,평일
3호선,0310,구파발,320,,20250619,3호선,0342,오금,352,N,3호선,입고,0326,압구정,336,N,20:48:30,20:49:00,,3368,상행,2025-05-01T05:00:00,,평일
3호선,0310,구파발,320,,20250619,3호선,0342,오금,352,N,3호선,입고,0325,옥수,335,N,20:51:00,20:51:30,,3368,상행,2025-05-01T05:00:00,,평일
3호선,0310,구파발,320,,20250619,3호선,0342,오금,352,N,3호선,입고,0324,금호,334,N,20:52:30,20:53:00,,3368,상행,2025-05-01T05:00:00,,평일
3호선,0310,구파발,320,,20250619,3호선,0342,오금,352,N,3호선,입고,0323,약수,333,N,20:54:00,20:54:30,,3368,상행,2025-05-01T05:00:00,,평일
3호선,0310,구파발,320,,20250619,3호선,0342,오금,352,N,3호선,입고,0322,동대입구,332,N,20:55:30,20:56:00,,3368,상행,2025-05-01T05:00:00,,평일
3호선,0310,구파발,320,,20250619,3호선,0342,오금,352,N,3호선,입고,0321,충무로,331,N,20:57:30,20:58:00,,3368,상행,2025-05-01T05:00:00,,평일
3호선,0310,구파발,320,,20250619,3호선,0342,오금,352,N,3호선,입고,0320,을지로3가,330,N,20:59:00,20:59:30,,3368,상행,2025-05-01T05:00:00,,평일
3호선,0310,구파발,320,,20250619,3호선,0342,오금,352,N,3호선,입고,0319,종로3가,329,N,21:00:30,21:01:00,,3368,상행,2025-05-01T05:00:00,,평일
3호선,0310,구파발,320,,20250619,3호선,0342,오금,352,N,3호선,입고,0318,안국,328,N,21:02:30,21:03:00,,3368,상행,2025-05-01T05:00:00,,평일
3호선,0310,구파발,320,,20250619,3호선,0342,오금,352,N,3호선,입고,0317,경복궁,327,N,21:04:30,21:05:00,,3368,상행,2025-05-01T05:00:00,,평일
3호선,0310,구파발,320,,20250619,3호선,0342,오금,352,N,3호선,입고,0316,독립문,326,N,21:07:00,21:07:30,,3368,상행,2025-05-01T05:00:00,,평일
3호선,0310,구파발,320,,20250619,3호선,0342,오금,352,N,3호선,입고,0315,무악재,325,N,21:09:00,21:09:30,,3368,상행,2025-05-01T05:00:00,,평일
3호선,0310,구파발,320,,20250619,3호선,0342,오금,352,N,3호선,입고,0314,홍제,324,N,21:11:00,21:11:30,,3368,상행,2025-05-01T05:00:00,,평일
3호선,0310,구파발,320,,20250619,3호선,0342,오금,352,N,3호선,입고,0313,녹번,323,N,21:13:30,21:14:00,,3368,상행,2025-05-01T05:00:00,,평일
3호선,0310,구파발,320,,20250619,3호선,0342,오금,352,N,3호선,입고,0312,불광,322,N,21:15:30,21:16:00,,3368,상행,2025-05-01T05:00:00,,평일
3호선,0310,구파발,320,,20250619,3호선,0342,오금,352,N,3호선,입고,0311,연신내,321,N,21:17:30,21:18:00,,3368,상행,2025-05-01T05:00:00,,평일
3호선,0310,구파발,320,,20250619,3호선,0342,오금,352,N,3호선,입고,0310,구파발,320,N,21:20:00,,,3368,상행,2025-05-01T05:00:00,,평일
3호선,1958,대화,309,,20250619,3호선,0342,오금,352,N,3호선,3397,0342,오금,352,N,,20:21:00,,3370,상행,2025-05-01T05:00:00,,평일
3호선,1958,대화,309,,20250619,3호선,0342,오금,352,N,3호선,3397,0341,경찰병원,351,N,20:22:00,20:22:30,,3370,상행,2025-05-01T05:00:00,,평일
3호선,1958,대화,309,,20250619,3호선,0342,오금,352,N,3호선,3397,0340,가락시장,350,N,20:23:30,20:24:00,,3370,상행,2025-05-01T05:00:00,,평일
3호선,1958,대화,309,,20250619,3호선,0342,오금,352,N,3호선,3397,0339,수서,349,N,20:26:00,20:26:30,,3370,상행,2025-05-01T05:00:00,,평일
3호선,1958,대화,309,,20250619,3호선,0342,오금,352,N,3호선,3397,0338,일원,348,N,20:28:30,20:29:00,,3370,상행,2025-05-01T05:00:00,,평일
3호선,1958,대화,309,,20250619,3호선,0342,오금,352,N,3호선,3397,0337,대청,347,N,20:30:30,20:31:00,,3370,상행,2025-05-01T05:00:00,,평일
3호선,1958,대화,309,,20250619,3호선,0342,오금,352,N,3호선,3397,0336,학여울,346,N,20:32:30,20:33:00,,3370,상행,2025-05-01T05:00:00,,평일
3호선,1958,대화,309,,20250619,3호선,0342,오금,352,N,3호선,3397,0335,대치,345,N,20:34:00,20:34:30,,3370,상행,2025-05-01T05:00:00,,평일
3호선,1958,대화,309,,20250619,3호선,0342,오금,352,N,3호선,3397,0334,도곡,344,N,20:35:30,20:36:00,,3370,상행,2025-05-01T05:00:00,,평일
3호선,1958,대화,309,,20250619,3호선,0342,오금,352,N,3호선,3397,0333,매봉,343,N,20:37:30,20:38:00,,3370,상행,2025-05-01T05:00:00,,평일
3호선,1958,대화,309,,20250619,3호선,0342,오금,352,N,3호선,3397,0332,양재,342,N,20:40:00,20:40:30,,3370,상행,2025-05-01T05:00:00,,평일
3호선,1958,대화,309,,20250619,3호선,0342,오금,352,N,3호선,3397,0331,남부터미널,341,N,20:42:30,20:43:00,,3370,상행,2025-05-01T05:00:00,,평일
3호선,1958,대화,309,,20250619,3호선,0342,오금,352,N,3호선,3397,0330,교대,340,N,20:44:30,20:45:00,,3370,상행,2025-05-01T05:00:00,,평일
3호선,1958,대화,309,,20250619,3호선,0342,오금,352,N,3호선,3397,0329,고속터미널,339,N,20:47:00,20:47:30,,3370,상행,2025-05-01T05:00:00,,평일
3호선,1958,대화,309,,20250619,3호선,0342,오금,352,N,3호선,3397,0328,잠원,338,N,20:49:00,20:49:30,,3370,상행,2025-05-01T05:00:00,,평일
3호선,1958,대화,309,,20250619,3호선,0342,오금,352,N,3호선,3397,0327,신사,337,N,20:51:00,20:51:30,,3370,상행,2025-05-01T05:00:00,,평일
3호선,1958,대화,309,,20250619,3호선,0342,오금,352,N,3호선,3397,0326,압구정,336,N,20:53:30,20:54:00,,3370,상행,2025-05-01T05:00:00,,평일
3호선,1958,대화,309,,20250619,3호선,0342,오금,352,N,3호선,3397,0325,옥수,335,N,20:56:00,20:56:30,,3370,상행,2025-05-01T05:00:00,,평일
3호선,1958,대화,309,,20250619,3호선,0342,오금,352,N,3호선,3397,0324,금호,334,N,20:57:30,20:58:00,,3370,상행,2025-05-01T05:00:00,,평일
3호선,1958,대화,309,,20250619,3호선,0342,오금,352,N,3호선,3397,0323,약수,333,N,20:59:00,20:59:30,,3370,상행,2025-05-01T05:00:00,,평일
3호선,1958,대화,309,,20250619,3호선,0342,오금,352,N,3호선,3397,0322,동대입구,332,N,21:00:30,21:01:00,,3370,상행,2025-05-01T05:00:00,,평일
3호선,1958,대화,309,,20250619,3호선,0342,오금,352,N,3호선,3397,0321,충무로,331,N,21:02:30,21:03:00,,3370,상행,2025-05-01T05:00:00,,평일
3호선,1958,대화,309,,20250619,3호선,0342,오금,352,N,3호선,3397,0320,을지로3가,330,N,21:04:00,21:04:30,,3370,상행,2025-05-01T05:00:00,,평일
3호선,1958,대화,309,,20250619,3호선,0342,오금,352,N,3호선,3397,0319,종로3가,329,N,21:05:30,21:06:00,,3370,상행,2025-05-01T05:00:00,,평일
3호선,1958,대화,309,,20250619,3호선,0342,오금,352,N,3호선,3397,0318,안국,328,N,21:07:30,21:08:00,,3370,상행,2025-05-01T05:00:00,,평일
3호선,1958,대화,309,,20250619,3호선,0342,오금,352,N,3호선,3397,0317,경복궁,327,N,21:09:30,21:10:00,,3370,상행,2025-05-01T05:00:00,,평일
3호선,1958,대화,309,,20250619,3호선,0342,오금,352,N,3호선,3397,0316,독립문,326,N,21:12:00,21:12:30,,3370,상행,2025-05-01T05:00:00,,평일
3호선,1958,대화,309,,20250619,3호선,0342,오금,352,N,3호선,3397,0315,무악재,325,N,21:14:00,21:14:30,,3370,상행,2025-05-01T05:00:00,,평일
3호선,1958,대화,309,,20250619,3호선,0342,오금,352,N,3호선,3397,0314,홍제,324,N,21:16:00,21:16:30,,3370,상행,2025-05-01T05:00:00,,평일
3호선,1958,대화,309,,20250619,3호선,0342,오금,352,N,3호선,3397,0313,녹번,323,N,21:18:30,21:19:00,,3370,상행,2025-05-01T05:00:00,,평일
3호선,1958,대화,309,,20250619,3호선,0342,오금,352,N,3호선,3397,0312,불광,322,N,21:20:30,21:21:00,,3370,상행,2025-05-01T05:00:00,,평일
3호선,1958,대화,309,,20250619,3호선,0342,오금,352,N,3호선,3397,0311,연신내,321,N,21:22:30,21:23:00,,3370,상행,2025-05-01T05:00:00,,평일
3호선,1958,대화,309,,20250619,3호선,0342,오금,352,N,3호선,3397,0310,구파발,320,N,21:25:00,21:25:30,,3370,상행,2025-05-01T05:00:00,,평일
3호선,1958,대화,309,,20250619,3호선,0342,오금,352,N,3호선,3397,0309,지축,319,N,21:28:30,21:29:00,,3370,상행,2025-05-01T05:00:00,,평일
3호선,1958,대화,309,,20250619,3호선,0342,오금,352,N,3호선,3397,1950,삼송,318,N,21:31:30,21:32:00,,3370,상행,2025-05-01T05:00:00,,평일
3호선,1958,대화,309,,20250619,3호선,0342,오금,352,N,3호선,3397,1948,원흥,317,N,21:34:00,21:34:30,,3370,상행,2025-05-01T05:00:00,,평일
3호선,1958,대화,309,,20250619,3호선,0342,오금,352,N,3호선,3397,1951,원당,316,N,21:37:00,21:37:30,,3370,상행,2025-05-01T05:00:00,,평일
3호선,1958,대화,309,,20250619,3호선,0342,오금,352,N,3호선,3397,1952,화정,315,N,21:40:30,21:41:00,,3370,상행,2025-05-01T05:00:00,,평일
3호선,1958,대화,309,,20250619,3호선,0342,오금,352,N,3호선,3397,1953,대곡,314,N,21:43:30,21:44:00,,3370,상행,2025-05-01T05:00:00,,평일
3호선,1958,대화,309,,20250619,3호선,0342,오금,352,N,3호선,3397,1954,백석,313,N,21:47:00,21:47:30,,3370,상행,2025-05-01T05:00:00,,평일
3호선,1958,대화,309,,20250619,3호선,0342,오금,352,N,3호선,3397,1955,마두,312,N,21:49:30,21:50:00,,3370,상행,2025-05-01T05:00:00,,평일
3호선,1958,대화,309,,20250619,3호선,0342,오금,352,N,3호선,3397,1956,정발산,311,N,21:51:30,21:52:00,,3370,상행,2025-05-01T05:00:00,,평일
3호선,1958,대화,309,,20250619,3호선,0342,오금,352,N,3호선,3397,1957,주엽,310,N,21:54:00,21:54:30,,3370,상행,2025-05-01T05:00:00,,평일
3호선,1958,대화,309,,20250619,3호선,0342,오금,352,N,3호선,3397,1958,대화,309,N,21:56:30,,,3370,상행,2025-05-01T05:00:00,,평일
3호선,0310,구파발,320,,20250619,3호선,0342,오금,352,N,3호선,입고,0342,오금,352,N,,20:26:00,,3372,상행,2025-05-01T05:00:00,,평일
3호선,0310,구파발,320,,20250619,3호선,0342,오금,352,N,3호선,입고,0341,경찰병원,351,N,20:27:00,20:27:30,,3372,상행,2025-05-01T05:00:00,,평일
3호선,0310,구파발,320,,20250619,3호선,0342,오금,352,N,3호선,입고,0340,가락시장,350,N,20:28:30,20:29:00,,3372,상행,2025-05-01T05:00:00,,평일
3호선,0310,구파발,320,,20250619,3호선,0342,오금,352,N,3호선,입고,0339,수서,349,N,20:31:00,20:31:30,,3372,상행,2025-05-01T05:00:00,,평일
3호선,0310,구파발,320,,20250619,3호선,0342,오금,352,N,3호선,입고,0338,일원,348,N,20:33:30,20:34:00,,3372,상행,2025-05-01T05:00:00,,평일
3호선,0310,구파발,320,,20250619,3호선,0342,오금,352,N,3호선,입고,0337,대청,347,N,20:35:30,20:36:00,,3372,상행,2025-05-01T05:00:00,,평일
3호선,0310,구파발,320,,20250619,3호선,0342,오금,352,N,3호선,입고,0336,학여울,346,N,20:37:30,20:38:00,,3372,상행,2025-05-01T05:00:00,,평일
3호선,0310,구파발,320,,20250619,3호선,0342,오금,352,N,3호선,입고,0335,대치,345,N,20:39:00,20:39:30,,3372,상행,2025-05-01T05:00:00,,평일
3호선,0310,구파발,320,,20250619,3호선,0342,오금,352,N,3호선,입고,0334,도곡,344,N,20:40:30,20:41:00,,3372,상행,2025-05-01T05:00:00,,평일
3호선,0310,구파발,320,,20250619,3호선,0342,오금,352,N,3호선,입고,0333,매봉,343,N,20:42:30,20:43:00,,3372,상행,2025-05-01T05:00:00,,평일
3호선,0310,구파발,320,,20250619,3호선,0342,오금,352,N,3호선,입고,0332,양재,342,N,20:45:00,20:45:30,,3372,상행,2025-05-01T05:00:00,,평일
3호선,0310,구파발,320,,20250619,3호선,0342,오금,352,N,3호선,입고,0331,남부터미널,341,N,20:47:30,20:48:00,,3372,상행,2025-05-01T05:00:00,,평일
3호선,0310,구파발,320,,20250619,3호선,0342,오금,352,N,3호선,입고,0330,교대,340,N,20:49:30,20:50:00,,3372,상행,2025-05-01T05:00:00,,평일
3호선,0310,구파발,320,,20250619,3호선,0342,오금,352,N,3호선,입고,0329,고속터미널,339,N,20:52:00,20:52:30,,3372,상행,2025-05-01T05:00:00,,평일
3호선,0310,구파발,320,,20250619,3호선,0342,오금,352,N,3호선,입고,0328,잠원,338,N,20:54:00,20:54:30,,3372,상행,2025-05-01T05:00:00,,평일
3호선,0310,구파발,320,,20250619,3호선,0342,오금,352,N,3호선,입고,0327,신사,337,N,20:56:00,20:56:30,,3372,상행,2025-05-01T05:00:00,,평일
3호선,0310,구파발,320,,20250619,3호선,0342,오금,352,N,3호선,입고,0326,압구정,336,N,20:58:30,20:59:00,,3372,상행,2025-05-01T05:00:00,,평일
3호선,0310,구파발,320,,20250619,3호선,0342,오금,352,N,3호선,입고,0325,옥수,335,N,21:01:00,21:01:30,,3372,상행,2025-05-01T05:00:00,,평일
3호선,0310,구파발,320,,20250619,3호선,0342,오금,352,N,3호선,입고,0324,금호,334,N,21:02:30,21:03:00,,3372,상행,2025-05-01T05:00:00,,평일
3호선,0310,구파발,320,,20250619,3호선,0342,오금,352,N,3호선,입고,0323,약수,333,N,21:04:00,21:04:30,,3372,상행,2025-05-01T05:00:00,,평일
3호선,0310,구파발,320,,20250619,3호선,0342,오금,352,N,3호선,입고,0322,동대입구,332,N,21:05:30,21:06:00,,3372,상행,2025-05-01T05:00:00,,평일
3호선,0310,구파발,320,,20250619,3호선,0342,오금,352,N,3호선,입고,0321,충무로,331,N,21:07:30,21:08:00,,3372,상행,2025-05-01T05:00:00,,평일
3호선,0310,구파발,320,,20250619,3호선,0342,오금,352,N,3호선,입고,0320,을지로3가,330,N,21:09:00,21:09:30,,3372,상행,2025-05-01T05:00:00,,평일
3호선,0310,구파발,320,,20250619,3호선,0342,오금,352,N,3호선,입고,0319,종로3가,329,N,21:10:30,21:11:00,,3372,상행,2025-05-01T05:00:00,,평일
3호선,0310,구파발,320,,20250619,3호선,0342,오금,352,N,3호선,입고,0318,안국,328,N,21:12:30,21:13:00,,3372,상행,2025-05-01T05:00:00,,평일
3호선,0310,구파발,320,,20250619,3호선,0342,오금,352,N,3호선,입고,0317,경복궁,327,N,21:14:30,21:15:00,,3372,상행,2025-05-01T05:00:00,,평일
3호선,0310,구파발,320,,20250619,3호선,0342,오금,352,N,3호선,입고,0316,독립문,326,N,21:17:00,21:17:30,,3372,상행,2025-05-01T05:00:00,,평일
3호선,0310,구파발,320,,20250619,3호선,0342,오금,352,N,3호선,입고,0315,무악재,325,N,21:19:00,21:19:30,,3372,상행,2025-05-01T05:00:00,,평일
3호선,0310,구파발,320,,20250619,3호선,0342,오금,352,N,3호선,입고,0314,홍제,324,N,21:21:00,21:21:30,,3372,상행,2025-05-01T05:00:00,,평일
3호선,0310,구파발,320,,20250619,3호선,0342,오금,352,N,3호선,입고,0313,녹번,323,N,21:23:30,21:24:00,,3372,상행,2025-05-01T05:00:00,,평일
3호선,0310,구파발,320,,20250619,3호선,0342,오금,352,N,3호선,입고,0312,불광,322,N,21:25:30,21:26:00,,3372,상행,2025-05-01T05:00:00,,평일
3호선,0310,구파발,320,,20250619,3호선,0342,오금,352,N,3호선,입고,0311,연신내,321,N,21:27:30,21:28:00,,3372,상행,2025-05-01T05:00:00,,평일
3호선,0310,구파발,320,,20250619,3호선,0342,오금,352,N,3호선,입고,0310,구파발,320,N,21:30:00,,,3372,상행,2025-05-01T05:00:00,,평일
3호선,1958,대화,309,,20250619,3호선,0342,오금,352,N,3호선,3399,0342,오금,352,N,,20:32:00,,3374K,상행,2025-05-01T05:00:00,,평일
3호선,1958,대화,309,,20250619,3호선,0342,오금,352,N,3호선,3399,0341,경찰병원,351,N,20:33:00,20:33:30,,3374K,상행,2025-05-01T05:00:00,,평일
3호선,1958,대화,309,,20250619,3호선,0342,오금,352,N,3호선,3399,0340,가락시장,350,N,20:34:30,20:35:00,,3374K,상행,2025-05-01T05:00:00,,평일
3호선,1958,대화,309,,20250619,3호선,0342,오금,352,N,3호선,3399,0339,수서,349,N,20:37:00,20:37:30,,3374K,상행,2025-05-01T05:00:00,,평일
3호선,1958,대화,309,,20250619,3호선,0342,오금,352,N,3호선,3399,0338,일원,348,N,20:39:30,20:40:00,,3374K,상행,2025-05-01T05:00:00,,평일
3호선,1958,대화,309,,20250619,3호선,0342,오금,352,N,3호선,3399,0337,대청,347,N,20:41:30,20:42:00,,3374K,상행,2025-05-01T05:00:00,,평일
3호선,1958,대화,309,,20250619,3호선,0342,오금,352,N,3호선,3399,0336,학여울,346,N,20:43:30,20:44:00,,3374K,상행,2025-05-01T05:00:00,,평일
3호선,1958,대화,309,,20250619,3호선,0342,오금,352,N,3호선,3399,0335,대치,345,N,20:45:00,20:45:30,,3374K,상행,2025-05-01T05:00:00,,평일
3호선,1958,대화,309,,20250619,3호선,0342,오금,352,N,3호선,3399,0334,도곡,344,N,20:46:30,20:47:00,,3374K,상행,2025-05-01T05:00:00,,평일
3호선,1958,대화,309,,20250619,3호선,0342,오금,352,N,3호선,3399,0333,매봉,343,N,20:48:30,20:49:00,,3374K,상행,2025-05-01T05:00:00,,평일
3호선,1958,대화,309,,20250619,3호선,0342,오금,352,N,3호선,3399,0332,양재,342,N,20:51:00,20:51:30,,3374K,상행,2025-05-01T05:00:00,,평일
3호선,1958,대화,309,,20250619,3호선,0342,오금,352,N,3호선,3399,0331,남부터미널,341,N,20:53:30,20:54:00,,3374K,상행,2025-05-01T05:00:00,,평일
3호선,1958,대화,309,,20250619,3호선,0342,오금,352,N,3호선,3399,0330,교대,340,N,20:55:30,20:56:00,,3374K,상행,2025-05-01T05:00:00,,평일
3호선,1958,대화,309,,20250619,3호선,0342,오금,352,N,3호선,3399,0329,고속터미널,339,N,20:58:00,20:58:30,,3374K,상행,2025-05-01T05:00:00,,평일
3호선,1958,대화,309,,20250619,3호선,0342,오금,352,N,3호선,3399,0328,잠원,338,N,21:00:00,21:00:30,,3374K,상행,2025-05-01T05:00:00,,평일
3호선,1958,대화,309,,20250619,3호선,0342,오금,352,N,3호선,3399,0327,신사,337,N,21:02:00,21:02:30,,3374K,상행,2025-05-01T05:00:00,,평일
3호선,1958,대화,309,,20250619,3호선,0342,오금,352,N,3호선,3399,0326,압구정,336,N,21:04:30,21:05:00,,3374K,상행,2025-05-01T05:00:00,,평일
3호선,1958,대화,309,,20250619,3호선,0342,오금,352,N,3호선,3399,0325,옥수,335,N,21:07:00,21:07:30,,3374K,상행,2025-05-01T05:00:00,,평일
3호선,1958,대화,309,,20250619,3호선,0342,오금,352,N,3호선,3399,0324,금호,334,N,21:08:30,21:09:00,,3374K,상행,2025-05-01T05:00:00,,평일
3호선,1958,대화,309,,20250619,3호선,0342,오금,352,N,3호선,3399,0323,약수,333,N,21:10:00,21:10:30,,3374K,상행,2025-05-01T05:00:00,,평일
3호선,1958,대화,309,,20250619,3호선,0342,오금,352,N,3호선,3399,0322,동대입구,332,N,21:11:30,21:12:00,,3374K,상행,2025-05-01T05:00:00,,평일
3호선,1958,대화,309,,20250619,3호선,0342,오금,352,N,3호선,3399,0321,충무로,331,N,21:13:30,21:14:00,,3374K,상행,2025-05-01T05:00:00,,평일
3호선,1958,대화,309,,20250619,3호선,0342,오금,352,N,3호선,3399,0320,을지로3가,330,N,21:15:00,21:15:30,,3374K,상행,2025-05-01T05:00:00,,평일
3호선,1958,대화,309,,20250619,3호선,0342,오금,352,N,3호선,3399,0319,종로3가,329,N,21:16:30,21:17:00,,3374K,상행,2025-05-01T05:00:00,,평일
3호선,1958,대화,309,,20250619,3호선,0342,오금,352,N,3호선,3399,0318,안국,328,N,21:18:30,21:19:00,,3374K,상행,2025-05-01T05:00:00,,평일
3호선,1958,대화,309,,20250619,3호선,0342,오금,352,N,3호선,3399,0317,경복궁,327,N,21:20:30,21:21:00,,3374K,상행,2025-05-01T05:00:00,,평일
3호선,1958,대화,309,,20250619,3호선,0342,오금,352,N,3호선,3399,0316,독립문,326,N,21:23:00,21:23:30,,3374K,상행,2025-05-01T05:00:00,,평일
3호선,1958,대화,309,,20250619,3호선,0342,오금,352,N,3호선,3399,0315,무악재,325,N,21:25:00,21:25:30,,3374K,상행,2025-05-01T05:00:00,,평일
3호선,1958,대화,309,,20250619,3호선,0342,오금,352,N,3호선,3399,0314,홍제,324,N,21:27:00,21:27:30,,3374K,상행,2025-05-01T05:00:00,,평일
3호선,1958,대화,309,,20250619,3호선,0342,오금,352,N,3호선,3399,0313,녹번,323,N,21:29:30,21:30:00,,3374K,상행,2025-05-01T05:00:00,,평일
3호선,1958,대화,309,,20250619,3호선,0342,오금,352,N,3호선,3399,0312,불광,322,N,21:31:30,21:32:00,,3374K,상행,2025-05-01T05:00:00,,평일
3호선,1958,대화,309,,20250619,3호선,0342,오금,352,N,3호선,3399,0311,연신내,321,N,21:33:30,21:34:00,,3374K,상행,2025-05-01T05:00:00,,평일
3호선,1958,대화,309,,20250619,3호선,0342,오금,352,N,3호선,3399,0310,구파발,320,N,21:36:00,21:36:30,,3374K,상행,2025-05-01T05:00:00,,평일
3호선,1958,대화,309,,20250619,3호선,0342,오금,352,N,3호선,3399,0309,지축,319,N,21:39:30,21:40:00,,3374K,상행,2025-05-01T05:00:00,,평일
3호선,1958,대화,309,,20250619,3호선,0342,오금,352,N,3호선,3399,1950,삼송,318,N,21:42:30,21:43:00,,3374K,상행,2025-05-01T05:00:00,,평일
3호선,1958,대화,309,,20250619,3호선,0342,오금,352,N,3호선,3399,1948,원흥,317,N,21:45:00,21:45:30,,3374K,상행,2025-05-01T05:00:00,,평일
3호선,1958,대화,309,,20250619,3호선,0342,오금,352,N,3호선,3399,1951,원당,316,N,21:48:00,21:48:30,,3374K,상행,2025-05-01T05:00:00,,평일
3호선,1958,대화,309,,20250619,3호선,0342,오금,352,N,3호선,3399,1952,화정,315,N,21:51:30,21:52:00,,3374K,상행,2025-05-01T05:00:00,,평일
3호선,1958,대화,309,,20250619,3호선,0342,오금,352,N,3호선,3399,1953,대곡,314,N,21:54:30,21:55:00,,3374K,상행,2025-05-01T05:00:00,,평일
3호선,1958,대화,309,,20250619,3호선,0342,오금,352,N,3호선,3399,1954,백석,313,N,21:58:00,21:58:30,,3374K,상행,2025-05-01T05:00:00,,평일
3호선,1958,대화,309,,20250619,3호선,0342,오금,352,N,3호선,3399,1955,마두,312,N,22:00:30,22:01:00,,3374K,상행,2025-05-01T05:00:00,,평일
3호선,1958,대화,309,,20250619,3호선,0342,오금,352,N,3호선,3399,1956,정발산,311,N,22:02:30,22:03:00,,3374K,상행,2025-05-01T05:00:00,,평일
3호선,1958,대화,309,,20250619,3호선,0342,오금,352,N,3호선,3399,1957,주엽,310,N,22:05:00,22:05:30,,3374K,상행,2025-05-01T05:00:00,,평일
3호선,1958,대화,309,,20250619,3호선,0342,오금,352,N,3호선,3399,1958,대화,309,N,22:07:30,,,3374K,상행,2025-05-01T05:00:00,,평일
3호선,1958,대화,309,,20250619,3호선,0342,오금,352,N,3호선,3401,0342,오금,352,N,,20:38:00,,3376K,상행,2025-05-01T05:00:00,,평일
3호선,1958,대화,309,,20250619,3호선,0342,오금,352,N,3호선,3401,0341,경찰병원,351,N,20:39:00,20:39:30,,3376K,상행,2025-05-01T05:00:00,,평일
3호선,1958,대화,309,,20250619,3호선,0342,오금,352,N,3호선,3401,0340,가락시장,350,N,20:40:30,20:41:00,,3376K,상행,2025-05-01T05:00:00,,평일
3호선,1958,대화,309,,20250619,3호선,0342,오금,352,N,3호선,3401,0339,수서,349,N,20:43:00,20:43:30,,3376K,상행,2025-05-01T05:00:00,,평일
3호선,1958,대화,309,,20250619,3호선,0342,오금,352,N,3호선,3401,0338,일원,348,N,20:45:30,20:46:00,,3376K,상행,2025-05-01T05:00:00,,평일
3호선,1958,대화,309,,20250619,3호선,0342,오금,352,N,3호선,3401,0337,대청,347,N,20:47:30,20:48:00,,3376K,상행,2025-05-01T05:00:00,,평일
3호선,1958,대화,309,,20250619,3호선,0342,오금,352,N,3호선,3401,0336,학여울,346,N,20:49:30,20:50:00,,3376K,상행,2025-05-01T05:00:00,,평일
3호선,1958,대화,309,,20250619,3호선,0342,오금,352,N,3호선,3401,0335,대치,345,N,20:51:00,20:51:30,,3376K,상행,2025-05-01T05:00:00,,평일
3호선,1958,대화,309,,20250619,3호선,0342,오금,352,N,3호선,3401,0334,도곡,344,N,20:52:30,20:53:00,,3376K,상행,2025-05-01T05:00:00,,평일
3호선,1958,대화,309,,20250619,3호선,0342,오금,352,N,3호선,3401,0333,매봉,343,N,20:54:30,20:55:00,,3376K,상행,2025-05-01T05:00:00,,평일
3호선,1958,대화,309,,20250619,3호선,0342,오금,352,N,3호선,3401,0332,양재,342,N,20:57:00,20:57:30,,3376K,상행,2025-05-01T05:00:00,,평일
3호선,1958,대화,309,,20250619,3호선,0342,오금,352,N,3호선,3401,0331,남부터미널,341,N,20:59:30,21:00:00,,3376K,상행,2025-05-01T05:00:00,,평일
3호선,1958,대화,309,,20250619,3호선,0342,오금,352,N,3호선,3401,0330,교대,340,N,21:01:30,21:02:00,,3376K,상행,2025-05-01T05:00:00,,평일
3호선,1958,대화,309,,20250619,3호선,0342,오금,352,N,3호선,3401,0329,고속터미널,339,N,21:04:00,21:04:30,,3376K,상행,2025-05-01T05:00:00,,평일
3호선,1958,대화,309,,20250619,3호선,0342,오금,352,N,3호선,3401,0328,잠원,338,N,21:06:00,21:06:30,,3376K,상행,2025-05-01T05:00:00,,평일
3호선,1958,대화,309,,20250619,3호선,0342,오금,352,N,3호선,3401,0327,신사,337,N,21:08:00,21:08:30,,3376K,상행,2025-05-01T05:00:00,,평일
3호선,1958,대화,309,,20250619,3호선,0342,오금,352,N,3호선,3401,0326,압구정,336,N,21:10:30,21:11:00,,3376K,상행,2025-05-01T05:00:00,,평일
3호선,1958,대화,309,,20250619,3호선,0342,오금,352,N,3호선,3401,0325,옥수,335,N,21:13:00,21:13:30,,3376K,상행,2025-05-01T05:00:00,,평일
3호선,1958,대화,309,,20250619,3호선,0342,오금,352,N,3호선,3401,0324,금호,334,N,21:14:30,21:15:00,,3376K,상행,2025-05-01T05:00:00,,평일
3호선,1958,대화,309,,20250619,3호선,0342,오금,352,N,3호선,3401,0323,약수,333,N,21:16:00,21:16:30,,3376K,상행,2025-05-01T05:00:00,,평일
3호선,1958,대화,309,,20250619,3호선,0342,오금,352,N,3호선,3401,0322,동대입구,332,N,21:17:30,21:18:00,,3376K,상행,2025-05-01T05:00:00,,평일
3호선,1958,대화,309,,20250619,3호선,0342,오금,352,N,3호선,3401,0321,충무로,331,N,21:19:30,21:20:00,,3376K,상행,2025-05-01T05:00:00,,평일
3호선,1958,대화,309,,20250619,3호선,0342,오금,352,N,3호선,3401,0320,을지로3가,330,N,21:21:00,21:21:30,,3376K,상행,2025-05-01T05:00:00,,평일
3호선,1958,대화,309,,20250619,3호선,0342,오금,352,N,3호선,3401,0319,종로3가,329,N,21:22:30,21:23:00,,3376K,상행,2025-05-01T05:00:00,,평일
3호선,1958,대화,309,,20250619,3호선,0342,오금,352,N,3호선,3401,0318,안국,328,N,21:24:30,21:25:00,,3376K,상행,2025-05-01T05:00:00,,평일
3호선,1958,대화,309,,20250619,3호선,0342,오금,352,N,3호선,3401,0317,경복궁,327,N,21:26:30,21:27:00,,3376K,상행,2025-05-01T05:00:00,,평일
3호선,1958,대화,309,,20250619,3호선,0342,오금,352,N,3호선,3401,0316,독립문,326,N,21:29:00,21:29:30,,3376K,상행,2025-05-01T05:00:00,,평일
3호선,1958,대화,309,,20250619,3호선,0342,오금,352,N,3호선,3401,0315,무악재,325,N,21:31:00,21:31:30,,3376K,상행,2025-05-01T05:00:00,,평일
3호선,1958,대화,309,,20250619,3호선,0342,오금,352,N,3호선,3401,0314,홍제,324,N,21:33:00,21:33:30,,3376K,상행,2025-05-01T05:00:00,,평일
3호선,1958,대화,309,,20250619,3호선,0342,오금,352,N,3호선,3401,0313,녹번,323,N,21:35:30,21:36:00,,3376K,상행,2025-05-01T05:00:00,,평일
3호선,1958,대화,309,,20250619,3호선,0342,오금,352,N,3호선,3401,0312,불광,322,N,21:37:30,21:38:00,,3376K,상행,2025-05-01T05:00:00,,평일
3호선,1958,대화,309,,20250619,3호선,0342,오금,352,N,3호선,3401,0311,연신내,321,N,21:39:30,21:40:00,,3376K,상행,2025-05-01T05:00:00,,평일
3호선,1958,대화,309,,20250619,3호선,0342,오금,352,N,3호선,3401,0310,구파발,320,N,21:42:00,21:42:30,,3376K,상행,2025-05-01T05:00:00,,평일
3호선,1958,대화,309,,20250619,3호선,0342,오금,352,N,3호선,3401,0309,지축,319,N,21:45:30,21:46:00,,3376K,상행,2025-05-01T05:00:00,,평일
3호선,1958,대화,309,,20250619,3호선,0342,오금,352,N,3호선,3401,1950,삼송,318,N,21:48:30,21:49:00,,3376K,상행,2025-05-01T05:00:00,,평일
3호선,1958,대화,309,,20250619,3호선,0342,오금,352,N,3호선,3401,1948,원흥,317,N,21:51:00,21:51:30,,3376K,상행,2025-05-01T05:00:00,,평일
3호선,1958,대화,309,,20250619,3호선,0342,오금,352,N,3호선,3401,1951,원당,316,N,21:54:00,21:54:30,,3376K,상행,2025-05-01T05:00:00,,평일
3호선,1958,대화,309,,20250619,3호선,0342,오금,352,N,3호선,3401,1952,화정,315,N,21:57:30,21:58:00,,3376K,상행,2025-05-01T05:00:00,,평일
3호선,1958,대화,309,,20250619,3호선,0342,오금,352,N,3호선,3401,1953,대곡,314,N,22:00:30,22:01:00,,3376K,상행,2025-05-01T05:00:00,,평일
3호선,1958,대화,309,,20250619,3호선,0342,오금,352,N,3호선,3401,1954,백석,313,N,22:04:00,22:04:30,,3376K,상행,2025-05-01T05:00:00,,평일
3호선,1958,대화,309,,20250619,3호선,0342,오금,352,N,3호선,3401,1955,마두,312,N,22:06:30,22:07:00,,3376K,상행,2025-05-01T05:00:00,,평일
3호선,1958,대화,309,,20250619,3호선,0342,오금,352,N,3호선,3401,1956,정발산,311,N,22:08:30,22:09:00,,3376K,상행,2025-05-01T05:00:00,,평일
3호선,1958,대화,309,,20250619,3호선,0342,오금,352,N,3호선,3401,1957,주엽,310,N,22:11:00,22:11:30,,3376K,상행,2025-05-01T05:00:00,,평일
3호선,1958,대화,309,,20250619,3호선,0342,오금,352,N,3호선,3401,1958,대화,309,N,22:13:00,,,3376K,상행,2025-05-01T05:00:00,,평일
3호선,1958,대화,309,,20250619,3호선,0342,오금,352,N,3호선,3403,0342,오금,352,N,,20:44:00,,3378,상행,2025-05-01T05:00:00,,평일
3호선,1958,대화,309,,20250619,3호선,0342,오금,352,N,3호선,3403,0341,경찰병원,351,N,20:45:00,20:45:30,,3378,상행,2025-05-01T05:00:00,,평일
3호선,1958,대화,309,,20250619,3호선,0342,오금,352,N,3호선,3403,0340,가락시장,350,N,20:46:30,20:47:00,,3378,상행,2025-05-01T05:00:00,,평일
3호선,1958,대화,309,,20250619,3호선,0342,오금,352,N,3호선,3403,0339,수서,349,N,20:49:00,20:49:30,,3378,상행,2025-05-01T05:00:00,,평일
3호선,1958,대화,309,,20250619,3호선,0342,오금,352,N,3호선,3403,0338,일원,348,N,20:51:30,20:52:00,,3378,상행,2025-05-01T05:00:00,,평일
3호선,1958,대화,309,,20250619,3호선,0342,오금,352,N,3호선,3403,0337,대청,347,N,20:53:30,20:54:00,,3378,상행,2025-05-01T05:00:00,,평일
3호선,1958,대화,309,,20250619,3호선,0342,오금,352,N,3호선,3403,0336,학여울,346,N,20:55:30,20:56:00,,3378,상행,2025-05-01T05:00:00,,평일
3호선,1958,대화,309,,20250619,3호선,0342,오금,352,N,3호선,3403,0335,대치,345,N,20:57:00,20:57:30,,3378,상행,2025-05-01T05:00:00,,평일
3호선,1958,대화,309,,20250619,3호선,0342,오금,352,N,3호선,3403,0334,도곡,344,N,20:58:30,20:59:00,,3378,상행,2025-05-01T05:00:00,,평일
3호선,1958,대화,309,,20250619,3호선,0342,오금,352,N,3호선,3403,0333,매봉,343,N,21:00:30,21:01:00,,3378,상행,2025-05-01T05:00:00,,평일
3호선,1958,대화,309,,20250619,3호선,0342,오금,352,N,3호선,3403,0332,양재,342,N,21:03:00,21:03:30,,3378,상행,2025-05-01T05:00:00,,평일
3호선,1958,대화,309,,20250619,3호선,0342,오금,352,N,3호선,3403,0331,남부터미널,341,N,21:05:30,21:06:00,,3378,상행,2025-05-01T05:00:00,,평일
3호선,1958,대화,309,,20250619,3호선,0342,오금,352,N,3호선,3403,0330,교대,340,N,21:07:30,21:08:00,,3378,상행,2025-05-01T05:00:00,,평일
3호선,1958,대화,309,,20250619,3호선,0342,오금,352,N,3호선,3403,0329,고속터미널,339,N,21:10:00,21:10:30,,3378,상행,2025-05-01T05:00:00,,평일
3호선,1958,대화,309,,20250619,3호선,0342,오금,352,N,3호선,3403,0328,잠원,338,N,21:12:00,21:12:30,,3378,상행,2025-05-01T05:00:00,,평일
3호선,1958,대화,309,,20250619,3호선,0342,오금,352,N,3호선,3403,0327,신사,337,N,21:14:00,21:14:30,,3378,상행,2025-05-01T05:00:00,,평일
3호선,1958,대화,309,,20250619,3호선,0342,오금,352,N,3호선,3403,0326,압구정,336,N,21:16:30,21:17:00,,3378,상행,2025-05-01T05:00:00,,평일
3호선,1958,대화,309,,20250619,3호선,0342,오금,352,N,3호선,3403,0325,옥수,335,N,21:19:00,21:19:30,,3378,상행,2025-05-01T05:00:00,,평일
3호선,1958,대화,309,,20250619,3호선,0342,오금,352,N,3호선,3403,0324,금호,334,N,21:20:30,21:21:00,,3378,상행,2025-05-01T05:00:00,,평일
3호선,1958,대화,309,,20250619,3호선,0342,오금,352,N,3호선,3403,0323,약수,333,N,21:22:00,21:22:30,,3378,상행,2025-05-01T05:00:00,,평일
3호선,1958,대화,309,,20250619,3호선,0342,오금,352,N,3호선,3403,0322,동대입구,332,N,21:23:30,21:24:00,,3378,상행,2025-05-01T05:00:00,,평일
3호선,1958,대화,309,,20250619,3호선,0342,오금,352,N,3호선,3403,0321,충무로,331,N,21:25:30,21:26:00,,3378,상행,2025-05-01T05:00:00,,평일
3호선,1958,대화,309,,20250619,3호선,0342,오금,352,N,3호선,3403,0320,을지로3가,330,N,21:27:00,21:27:30,,3378,상행,2025-05-01T05:00:00,,평일
3호선,1958,대화,309,,20250619,3호선,0342,오금,352,N,3호선,3403,0319,종로3가,329,N,21:28:30,21:29:00,,3378,상행,2025-05-01T05:00:00,,평일
3호선,1958,대화,309,,20250619,3호선,0342,오금,352,N,3호선,3403,0318,안국,328,N,21:30:30,21:31:00,,3378,상행,2025-05-01T05:00:00,,평일
3호선,1958,대화,309,,20250619,3호선,0342,오금,352,N,3호선,3403,0317,경복궁,327,N,21:32:30,21:33:00,,3378,상행,2025-05-01T05:00:00,,평일
3호선,1958,대화,309,,20250619,3호선,0342,오금,352,N,3호선,3403,0316,독립문,326,N,21:35:00,21:35:30,,3378,상행,2025-05-01T05:00:00,,평일
3호선,1958,대화,309,,20250619,3호선,0342,오금,352,N,3호선,3403,0315,무악재,325,N,21:37:00,21:37:30,,3378,상행,2025-05-01T05:00:00,,평일
3호선,1958,대화,309,,20250619,3호선,0342,오금,352,N,3호선,3403,0314,홍제,324,N,21:39:00,21:39:30,,3378,상행,2025-05-01T05:00:00,,평일
3호선,1958,대화,309,,20250619,3호선,0342,오금,352,N,3호선,3403,0313,녹번,323,N,21:41:30,21:42:00,,3378,상행,2025-05-01T05:00:00,,평일
3호선,1958,대화,309,,20250619,3호선,0342,오금,352,N,3호선,3403,0312,불광,322,N,21:43:30,21:44:00,,3378,상행,2025-05-01T05:00:00,,평일
3호선,1958,대화,309,,20250619,3호선,0342,오금,352,N,3호선,3403,0311,연신내,321,N,21:45:30,21:46:00,,3378,상행,2025-05-01T05:00:00,,평일
3호선,1958,대화,309,,20250619,3호선,0342,오금,352,N,3호선,3403,0310,구파발,320,N,21:48:00,21:48:30,,3378,상행,2025-05-01T05:00:00,,평일
3호선,1958,대화,309,,20250619,3호선,0342,오금,352,N,3호선,3403,0309,지축,319,N,21:51:30,21:52:00,,3378,상행,2025-05-01T05:00:00,,평일
3호선,1958,대화,309,,20250619,3호선,0342,오금,352,N,3호선,3403,1950,삼송,318,N,21:54:30,21:55:00,,3378,상행,2025-05-01T05:00:00,,평일
3호선,1958,대화,309,,20250619,3호선,0342,오금,352,N,3호선,3403,1948,원흥,317,N,21:57:00,21:57:30,,3378,상행,2025-05-01T05:00:00,,평일
3호선,1958,대화,309,,20250619,3호선,0342,오금,352,N,3호선,3403,1951,원당,316,N,22:00:00,22:00:30,,3378,상행,2025-05-01T05:00:00,,평일
3호선,1958,대화,309,,20250619,3호선,0342,오금,352,N,3호선,3403,1952,화정,315,N,22:03:30,22:04:00,,3378,상행,2025-05-01T05:00:00,,평일
3호선,1958,대화,309,,20250619,3호선,0342,오금,352,N,3호선,3403,1953,대곡,314,N,22:06:30,22:07:00,,3378,상행,2025-05-01T05:00:00,,평일
3호선,1958,대화,309,,20250619,3호선,0342,오금,352,N,3호선,3403,1954,백석,313,N,22:10:00,22:10:30,,3378,상행,2025-05-01T05:00:00,,평일
3호선,1958,대화,309,,20250619,3호선,0342,오금,352,N,3호선,3403,1955,마두,312,N,22:12:30,22:13:00,,3378,상행,2025-05-01T05:00:00,,평일
3호선,1958,대화,309,,20250619,3호선,0342,오금,352,N,3호선,3403,1956,정발산,311,N,22:14:30,22:15:00,,3378,상행,2025-05-01T05:00:00,,평일
3호선,1958,대화,309,,20250619,3호선,0342,오금,352,N,3호선,3403,1957,주엽,310,N,22:17:00,22:17:30,,3378,상행,2025-05-01T05:00:00,,평일
3호선,1958,대화,309,,20250619,3호선,0342,오금,352,N,3호선,3403,1958,대화,309,N,22:19:30,,,3378,상행,2025-05-01T05:00:00,,평일
3호선,0310,구파발,320,,20250619,3호선,0342,오금,352,N,3호선,3387,0342,오금,352,N,,20:50:00,,3380,상행,2025-05-01T05:00:00,,평일
3호선,0310,구파발,320,,20250619,3호선,0342,오금,352,N,3호선,3387,0341,경찰병원,351,N,20:51:00,20:51:30,,3380,상행,2025-05-01T05:00:00,,평일
3호선,0310,구파발,320,,20250619,3호선,0342,오금,352,N,3호선,3387,0340,가락시장,350,N,20:52:30,20:53:00,,3380,상행,2025-05-01T05:00:00,,평일
3호선,0310,구파발,320,,20250619,3호선,0342,오금,352,N,3호선,3387,0339,수서,349,N,20:55:00,20:55:30,,3380,상행,2025-05-01T05:00:00,,평일
3호선,0310,구파발,320,,20250619,3호선,0342,오금,352,N,3호선,3387,0338,일원,348,N,20:57:30,20:58:00,,3380,상행,2025-05-01T05:00:00,,평일
3호선,0310,구파발,320,,20250619,3호선,0342,오금,352,N,3호선,3387,0337,대청,347,N,20:59:30,21:00:00,,3380,상행,2025-05-01T05:00:00,,평일
3호선,0310,구파발,320,,20250619,3호선,0342,오금,352,N,3호선,3387,0336,학여울,346,N,21:01:30,21:02:00,,3380,상행,2025-05-01T05:00:00,,평일
3호선,0310,구파발,320,,20250619,3호선,0342,오금,352,N,3호선,3387,0335,대치,345,N,21:03:00,21:03:30,,3380,상행,2025-05-01T05:00:00,,평일
3호선,0310,구파발,320,,20250619,3호선,0342,오금,352,N,3호선,3387,0334,도곡,344,N,21:04:30,21:05:00,,3380,상행,2025-05-01T05:00:00,,평일
3호선,0310,구파발,320,,20250619,3호선,0342,오금,352,N,3호선,3387,0333,매봉,343,N,21:06:30,21:07:00,,3380,상행,2025-05-01T05:00:00,,평일
3호선,0310,구파발,320,,20250619,3호선,0342,오금,352,N,3호선,3387,0332,양재,342,N,21:09:00,21:09:30,,3380,상행,2025-05-01T05:00:00,,평일
3호선,0310,구파발,320,,20250619,3호선,0342,오금,352,N,3호선,3387,0331,남부터미널,341,N,21:11:30,21:12:00,,3380,상행,2025-05-01T05:00:00,,평일
3호선,0310,구파발,320,,20250619,3호선,0342,오금,352,N,3호선,3387,0330,교대,340,N,21:13:30,21:14:00,,3380,상행,2025-05-01T05:00:00,,평일
3호선,0310,구파발,320,,20250619,3호선,0342,오금,352,N,3호선,3387,0329,고속터미널,339,N,21:16:00,21:16:30,,3380,상행,2025-05-01T05:00:00,,평일
3호선,0310,구파발,320,,20250619,3호선,0342,오금,352,N,3호선,3387,0328,잠원,338,N,21:18:00,21:18:30,,3380,상행,2025-05-01T05:00:00,,평일
3호선,0310,구파발,320,,20250619,3호선,0342,오금,352,N,3호선,3387,0327,신사,337,N,21:20:00,21:20:30,,3380,상행,2025-05-01T05:00:00,,평일
3호선,0310,구파발,320,,20250619,3호선,0342,오금,352,N,3호선,3387,0326,압구정,336,N,21:22:30,21:23:00,,3380,상행,2025-05-01T05:00:00,,평일
3호선,0310,구파발,320,,20250619,3호선,0342,오금,352,N,3호선,3387,0325,옥수,335,N,21:25:00,21:25:30,,3380,상행,2025-05-01T05:00:00,,평일
3호선,0310,구파발,320,,20250619,3호선,0342,오금,352,N,3호선,3387,0324,금호,334,N,21:26:30,21:27:00,,3380,상행,2025-05-01T05:00:00,,평일
3호선,0310,구파발,320,,20250619,3호선,0342,오금,352,N,3호선,3387,0323,약수,333,N,21:28:00,21:28:30,,3380,상행,2025-05-01T05:00:00,,평일
3호선,0310,구파발,320,,20250619,3호선,0342,오금,352,N,3호선,3387,0322,동대입구,332,N,21:29:30,21:30:00,,3380,상행,2025-05-01T05:00:00,,평일
3호선,0310,구파발,320,,20250619,3호선,0342,오금,352,N,3호선,3387,0321,충무로,331,N,21:31:30,21:32:00,,3380,상행,2025-05-01T05:00:00,,평일
3호선,0310,구파발,320,,20250619,3호선,0342,오금,352,N,3호선,3387,0320,을지로3가,330,N,21:33:00,21:33:30,,3380,상행,2025-05-01T05:00:00,,평일
3호선,0310,구파발,320,,20250619,3호선,0342,오금,352,N,3호선,3387,0319,종로3가,329,N,21:34:30,21:35:00,,3380,상행,2025-05-01T05:00:00,,평일
3호선,0310,구파발,320,,20250619,3호선,0342,오금,352,N,3호선,3387,0318,안국,328,N,21:36:30,21:37:00,,3380,상행,2025-05-01T05:00:00,,평일
3호선,0310,구파발,320,,20250619,3호선,0342,오금,352,N,3호선,3387,0317,경복궁,327,N,21:38:30,21:39:00,,3380,상행,2025-05-01T05:00:00,,평일
3호선,0310,구파발,320,,20250619,3호선,0342,오금,352,N,3호선,3387,0316,독립문,326,N,21:41:00,21:41:30,,3380,상행,2025-05-01T05:00:00,,평일
3호선,0310,구파발,320,,20250619,3호선,0342,오금,352,N,3호선,3387,0315,무악재,325,N,21:43:00,21:43:30,,3380,상행,2025-05-01T05:00:00,,평일
3호선,0310,구파발,320,,20250619,3호선,0342,오금,352,N,3호선,3387,0314,홍제,324,N,21:45:00,21:45:30,,3380,상행,2025-05-01T05:00:00,,평일
3호선,0310,구파발,320,,20250619,3호선,0342,오금,352,N,3호선,3387,0313,녹번,323,N,21:47:30,21:48:00,,3380,상행,2025-05-01T05:00:00,,평일
3호선,0310,구파발,320,,20250619,3호선,0342,오금,352,N,3호선,3387,0312,불광,322,N,21:49:30,21:50:00,,3380,상행,2025-05-01T05:00:00,,평일
3호선,0310,구파발,320,,20250619,3호선,0342,오금,352,N,3호선,3387,0311,연신내,321,N,21:51:30,21:52:00,,3380,상행,2025-05-01T05:00:00,,평일
3호선,0310,구파발,320,,20250619,3호선,0342,오금,352,N,3호선,3387,0310,구파발,320,N,21:54:00,,,3380,상행,2025-05-01T05:00:00,,평일
3호선,1958,대화,309,,20250619,3호선,0342,오금,352,N,3호선,3405,0342,오금,352,N,,20:55:00,,3382,상행,2025-05-01T05:00:00,,평일
3호선,1958,대화,309,,20250619,3호선,0342,오금,352,N,3호선,3405,0341,경찰병원,351,N,20:56:00,20:56:30,,3382,상행,2025-05-01T05:00:00,,평일
3호선,1958,대화,309,,20250619,3호선,0342,오금,352,N,3호선,3405,0340,가락시장,350,N,20:57:30,20:58:00,,3382,상행,2025-05-01T05:00:00,,평일
3호선,1958,대화,309,,20250619,3호선,0342,오금,352,N,3호선,3405,0339,수서,349,N,21:00:00,21:00:30,,3382,상행,2025-05-01T05:00:00,,평일
3호선,1958,대화,309,,20250619,3호선,0342,오금,352,N,3호선,3405,0338,일원,348,N,21:02:30,21:03:00,,3382,상행,2025-05-01T05:00:00,,평일
3호선,1958,대화,309,,20250619,3호선,0342,오금,352,N,3호선,3405,0337,대청,347,N,21:04:30,21:05:00,,3382,상행,2025-05-01T05:00:00,,평일
3호선,1958,대화,309,,20250619,3호선,0342,오금,352,N,3호선,3405,0336,학여울,346,N,21:06:30,21:07:00,,3382,상행,2025-05-01T05:00:00,,평일
3호선,1958,대화,309,,20250619,3호선,0342,오금,352,N,3호선,3405,0335,대치,345,N,21:08:00,21:08:30,,3382,상행,2025-05-01T05:00:00,,평일
3호선,1958,대화,309,,20250619,3호선,0342,오금,352,N,3호선,3405,0334,도곡,344,N,21:09:30,21:10:00,,3382,상행,2025-05-01T05:00:00,,평일
3호선,1958,대화,309,,20250619,3호선,0342,오금,352,N,3호선,3405,0333,매봉,343,N,21:11:30,21:12:00,,3382,상행,2025-05-01T05:00:00,,평일
3호선,1958,대화,309,,20250619,3호선,0342,오금,352,N,3호선,3405,0332,양재,342,N,21:14:00,21:14:30,,3382,상행,2025-05-01T05:00:00,,평일
3호선,1958,대화,309,,20250619,3호선,0342,오금,352,N,3호선,3405,0331,남부터미널,341,N,21:16:30,21:17:00,,3382,상행,2025-05-01T05:00:00,,평일
3호선,1958,대화,309,,20250619,3호선,0342,오금,352,N,3호선,3405,0330,교대,340,N,21:18:30,21:19:00,,3382,상행,2025-05-01T05:00:00,,평일
3호선,1958,대화,309,,20250619,3호선,0342,오금,352,N,3호선,3405,0329,고속터미널,339,N,21:21:00,21:21:30,,3382,상행,2025-05-01T05:00:00,,평일
3호선,1958,대화,309,,20250619,3호선,0342,오금,352,N,3호선,3405,0328,잠원,338,N,21:23:00,21:23:30,,3382,상행,2025-05-01T05:00:00,,평일
3호선,1958,대화,309,,20250619,3호선,0342,오금,352,N,3호선,3405,0327,신사,337,N,21:25:00,21:25:30,,3382,상행,2025-05-01T05:00:00,,평일
3호선,1958,대화,309,,20250619,3호선,0342,오금,352,N,3호선,3405,0326,압구정,336,N,21:27:30,21:28:00,,3382,상행,2025-05-01T05:00:00,,평일
3호선,1958,대화,309,,20250619,3호선,0342,오금,352,N,3호선,3405,0325,옥수,335,N,21:30:00,21:30:30,,3382,상행,2025-05-01T05:00:00,,평일
3호선,1958,대화,309,,20250619,3호선,0342,오금,352,N,3호선,3405,0324,금호,334,N,21:31:30,21:32:00,,3382,상행,2025-05-01T05:00:00,,평일
3호선,1958,대화,309,,20250619,3호선,0342,오금,352,N,3호선,3405,0323,약수,333,N,21:33:00,21:33:30,,3382,상행,2025-05-01T05:00:00,,평일
3호선,1958,대화,309,,20250619,3호선,0342,오금,352,N,3호선,3405,0322,동대입구,332,N,21:34:30,21:35:00,,3382,상행,2025-05-01T05:00:00,,평일
3호선,1958,대화,309,,20250619,3호선,0342,오금,352,N,3호선,3405,0321,충무로,331,N,21:36:30,21:37:00,,3382,상행,2025-05-01T05:00:00,,평일
3호선,1958,대화,309,,20250619,3호선,0342,오금,352,N,3호선,3405,0320,을지로3가,330,N,21:38:00,21:38:30,,3382,상행,2025-05-01T05:00:00,,평일
3호선,1958,대화,309,,20250619,3호선,0342,오금,352,N,3호선,3405,0319,종로3가,329,N,21:39:30,21:40:00,,3382,상행,2025-05-01T05:00:00,,평일
3호선,1958,대화,309,,20250619,3호선,0342,오금,352,N,3호선,3405,0318,안국,328,N,21:41:30,21:42:00,,3382,상행,2025-05-01T05:00:00,,평일
3호선,1958,대화,309,,20250619,3호선,0342,오금,352,N,3호선,3405,0317,경복궁,327,N,21:43:30,21:44:00,,3382,상행,2025-05-01T05:00:00,,평일
3호선,1958,대화,309,,20250619,3호선,0342,오금,352,N,3호선,3405,0316,독립문,326,N,21:46:00,21:46:30,,3382,상행,2025-05-01T05:00:00,,평일
3호선,1958,대화,309,,20250619,3호선,0342,오금,352,N,3호선,3405,0315,무악재,325,N,21:48:00,21:48:30,,3382,상행,2025-05-01T05:00:00,,평일
3호선,1958,대화,309,,20250619,3호선,0342,오금,352,N,3호선,3405,0314,홍제,324,N,21:50:00,21:50:30,,3382,상행,2025-05-01T05:00:00,,평일
3호선,1958,대화,309,,20250619,3호선,0342,오금,352,N,3호선,3405,0313,녹번,323,N,21:52:30,21:53:00,,3382,상행,2025-05-01T05:00:00,,평일
3호선,1958,대화,309,,20250619,3호선,0342,오금,352,N,3호선,3405,0312,불광,322,N,21:54:30,21:55:00,,3382,상행,2025-05-01T05:00:00,,평일
3호선,1958,대화,309,,20250619,3호선,0342,오금,352,N,3호선,3405,0311,연신내,321,N,21:56:30,21:57:00,,3382,상행,2025-05-01T05:00:00,,평일
3호선,1958,대화,309,,20250619,3호선,0342,오금,352,N,3호선,3405,0310,구파발,320,N,21:59:00,21:59:30,,3382,상행,2025-05-01T05:00:00,,평일
3호선,1958,대화,309,,20250619,3호선,0342,오금,352,N,3호선,3405,0309,지축,319,N,22:02:30,22:03:00,,3382,상행,2025-05-01T05:00:00,,평일
3호선,1958,대화,309,,20250619,3호선,0342,오금,352,N,3호선,3405,1950,삼송,318,N,22:05:30,22:06:00,,3382,상행,2025-05-01T05:00:00,,평일
3호선,1958,대화,309,,20250619,3호선,0342,오금,352,N,3호선,3405,1948,원흥,317,N,22:08:00,22:08:30,,3382,상행,2025-05-01T05:00:00,,평일
3호선,1958,대화,309,,20250619,3호선,0342,오금,352,N,3호선,3405,1951,원당,316,N,22:11:00,22:11:30,,3382,상행,2025-05-01T05:00:00,,평일
3호선,1958,대화,309,,20250619,3호선,0342,오금,352,N,3호선,3405,1952,화정,315,N,22:14:30,22:15:00,,3382,상행,2025-05-01T05:00:00,,평일
3호선,1958,대화,309,,20250619,3호선,0342,오금,352,N,3호선,3405,1953,대곡,314,N,22:17:30,22:18:00,,3382,상행,2025-05-01T05:00:00,,평일
3호선,1958,대화,309,,20250619,3호선,0342,오금,352,N,3호선,3405,1954,백석,313,N,22:21:00,22:21:30,,3382,상행,2025-05-01T05:00:00,,평일
3호선,1958,대화,309,,20250619,3호선,0342,오금,352,N,3호선,3405,1955,마두,312,N,22:23:30,22:24:00,,3382,상행,2025-05-01T05:00:00,,평일
3호선,1958,대화,309,,20250619,3호선,0342,오금,352,N,3호선,3405,1956,정발산,311,N,22:25:30,22:26:00,,3382,상행,2025-05-01T05:00:00,,평일
3호선,1958,대화,309,,20250619,3호선,0342,오금,352,N,3호선,3405,1957,주엽,310,N,22:28:00,22:28:30,,3382,상행,2025-05-01T05:00:00,,평일
3호선,1958,대화,309,,20250619,3호선,0342,오금,352,N,3호선,3405,1958,대화,309,N,22:30:30,,,3382,상행,2025-05-01T05:00:00,,평일
3호선,1958,대화,309,,20250619,3호선,0342,오금,352,N,3호선,기감,0342,오금,352,N,,21:01:00,,3384K,상행,2025-05-01T05:00:00,,평일
3호선,1958,대화,309,,20250619,3호선,0342,오금,352,N,3호선,기감,0341,경찰병원,351,N,21:02:00,21:02:30,,3384K,상행,2025-05-01T05:00:00,,평일
3호선,1958,대화,309,,20250619,3호선,0342,오금,352,N,3호선,기감,0340,가락시장,350,N,21:03:30,21:04:00,,3384K,상행,2025-05-01T05:00:00,,평일
3호선,1958,대화,309,,20250619,3호선,0342,오금,352,N,3호선,기감,0339,수서,349,N,21:06:00,21:06:30,,3384K,상행,2025-05-01T05:00:00,,평일
3호선,1958,대화,309,,20250619,3호선,0342,오금,352,N,3호선,기감,0338,일원,348,N,21:08:30,21:09:00,,3384K,상행,2025-05-01T05:00:00,,평일
3호선,1958,대화,309,,20250619,3호선,0342,오금,352,N,3호선,기감,0337,대청,347,N,21:10:30,21:11:00,,3384K,상행,2025-05-01T05:00:00,,평일
3호선,1958,대화,309,,20250619,3호선,0342,오금,352,N,3호선,기감,0336,학여울,346,N,21:12:30,21:13:00,,3384K,상행,2025-05-01T05:00:00,,평일
3호선,1958,대화,309,,20250619,3호선,0342,오금,352,N,3호선,기감,0335,대치,345,N,21:14:00,21:14:30,,3384K,상행,2025-05-01T05:00:00,,평일
3호선,1958,대화,309,,20250619,3호선,0342,오금,352,N,3호선,기감,0334,도곡,344,N,21:15:30,21:16:00,,3384K,상행,2025-05-01T05:00:00,,평일
3호선,1958,대화,309,,20250619,3호선,0342,오금,352,N,3호선,기감,0333,매봉,343,N,21:17:30,21:18:00,,3384K,상행,2025-05-01T05:00:00,,평일
3호선,1958,대화,309,,20250619,3호선,0342,오금,352,N,3호선,기감,0332,양재,342,N,21:20:00,21:20:30,,3384K,상행,2025-05-01T05:00:00,,평일
3호선,1958,대화,309,,20250619,3호선,0342,오금,352,N,3호선,기감,0331,남부터미널,341,N,21:22:30,21:23:00,,3384K,상행,2025-05-01T05:00:00,,평일
3호선,1958,대화,309,,20250619,3호선,0342,오금,352,N,3호선,기감,0330,교대,340,N,21:24:30,21:25:00,,3384K,상행,2025-05-01T05:00:00,,평일
3호선,1958,대화,309,,20250619,3호선,0342,오금,352,N,3호선,기감,0329,고속터미널,339,N,21:27:00,21:27:30,,3384K,상행,2025-05-01T05:00:00,,평일
3호선,1958,대화,309,,20250619,3호선,0342,오금,352,N,3호선,기감,0328,잠원,338,N,21:29:00,21:29:30,,3384K,상행,2025-05-01T05:00:00,,평일
3호선,1958,대화,309,,20250619,3호선,0342,오금,352,N,3호선,기감,0327,신사,337,N,21:31:00,21:31:30,,3384K,상행,2025-05-01T05:00:00,,평일
3호선,1958,대화,309,,20250619,3호선,0342,오금,352,N,3호선,기감,0326,압구정,336,N,21:33:30,21:34:00,,3384K,상행,2025-05-01T05:00:00,,평일
3호선,1958,대화,309,,20250619,3호선,0342,오금,352,N,3호선,기감,0325,옥수,335,N,21:36:00,21:36:30,,3384K,상행,2025-05-01T05:00:00,,평일
3호선,1958,대화,309,,20250619,3호선,0342,오금,352,N,3호선,기감,0324,금호,334,N,21:37:30,21:38:00,,3384K,상행,2025-05-01T05:00:00,,평일
3호선,1958,대화,309,,20250619,3호선,0342,오금,352,N,3호선,기감,0323,약수,333,N,21:39:00,21:39:30,,3384K,상행,2025-05-01T05:00:00,,평일
3호선,1958,대화,309,,20250619,3호선,0342,오금,352,N,3호선,기감,0322,동대입구,332,N,21:40:30,21:41:00,,3384K,상행,2025-05-01T05:00:00,,평일
3호선,1958,대화,309,,20250619,3호선,0342,오금,352,N,3호선,기감,0321,충무로,331,N,21:42:30,21:43:00,,3384K,상행,2025-05-01T05:00:00,,평일
3호선,1958,대화,309,,20250619,3호선,0342,오금,352,N,3호선,기감,0320,을지로3가,330,N,21:44:00,21:44:30,,3384K,상행,2025-05-01T05:00:00,,평일
3호선,1958,대화,309,,20250619,3호선,0342,오금,352,N,3호선,기감,0319,종로3가,329,N,21:45:30,21:46:00,,3384K,상행,2025-05-01T05:00:00,,평일
3호선,1958,대화,309,,20250619,3호선,0342,오금,352,N,3호선,기감,0318,안국,328,N,21:47:30,21:48:00,,3384K,상행,2025-05-01T05:00:00,,평일
3호선,1958,대화,309,,20250619,3호선,0342,오금,352,N,3호선,기감,0317,경복궁,327,N,21:49:30,21:50:00,,3384K,상행,2025-05-01T05:00:00,,평일
3호선,1958,대화,309,,20250619,3호선,0342,오금,352,N,3호선,기감,0316,독립문,326,N,21:52:00,21:52:30,,3384K,상행,2025-05-01T05:00:00,,평일
3호선,1958,대화,309,,20250619,3호선,0342,오금,352,N,3호선,기감,0315,무악재,325,N,21:54:00,21:54:30,,3384K,상행,2025-05-01T05:00:00,,평일
3호선,1958,대화,309,,20250619,3호선,0342,오금,352,N,3호선,기감,0314,홍제,324,N,21:56:00,21:56:30,,3384K,상행,2025-05-01T05:00:00,,평일
3호선,1958,대화,309,,20250619,3호선,0342,오금,352,N,3호선,기감,0313,녹번,323,N,21:58:30,21:59:00,,3384K,상행,2025-05-01T05:00:00,,평일
3호선,1958,대화,309,,20250619,3호선,0342,오금,352,N,3호선,기감,0312,불광,322,N,22:00:30,22:01:00,,3384K,상행,2025-05-01T05:00:00,,평일
3호선,1958,대화,309,,20250619,3호선,0342,오금,352,N,3호선,기감,0311,연신내,321,N,22:02:30,22:03:00,,3384K,상행,2025-05-01T05:00:00,,평일
3호선,1958,대화,309,,20250619,3호선,0342,오금,352,N,3호선,기감,0310,구파발,320,N,22:05:00,22:05:30,,3384K,상행,2025-05-01T05:00:00,,평일
3호선,1958,대화,309,,20250619,3호선,0342,오금,352,N,3호선,기감,0309,지축,319,N,22:08:30,22:09:00,,3384K,상행,2025-05-01T05:00:00,,평일
3호선,1958,대화,309,,20250619,3호선,0342,오금,352,N,3호선,기감,1950,삼송,318,N,22:11:30,22:12:00,,3384K,상행,2025-05-01T05:00:00,,평일
3호선,1958,대화,309,,20250619,3호선,0342,오금,352,N,3호선,기감,1948,원흥,317,N,22:14:00,22:14:30,,3384K,상행,2025-05-01T05:00:00,,평일
3호선,1958,대화,309,,20250619,3호선,0342,오금,352,N,3호선,기감,1951,원당,316,N,22:17:00,22:17:30,,3384K,상행,2025-05-01T05:00:00,,평일
3호선,1958,대화,309,,20250619,3호선,0342,오금,352,N,3호선,기감,1952,화정,315,N,22:20:30,22:21:00,,3384K,상행,2025-05-01T05:00:00,,평일
3호선,1958,대화,309,,20250619,3호선,0342,오금,352,N,3호선,기감,1953,대곡,314,N,22:23:30,22:24:00,,3384K,상행,2025-05-01T05:00:00,,평일
3호선,1958,대화,309,,20250619,3호선,0342,오금,352,N,3호선,기감,1954,백석,313,N,22:27:00,22:27:30,,3384K,상행,2025-05-01T05:00:00,,평일
3호선,1958,대화,309,,20250619,3호선,0342,오금,352,N,3호선,기감,1955,마두,312,N,22:29:30,22:30:00,,3384K,상행,2025-05-01T05:00:00,,평일
3호선,1958,대화,309,,20250619,3호선,0342,오금,352,N,3호선,기감,1956,정발산,311,N,22:31:30,22:32:00,,3384K,상행,2025-05-01T05:00:00,,평일
3호선,1958,대화,309,,20250619,3호선,0342,오금,352,N,3호선,기감,1957,주엽,310,N,22:34:00,22:34:30,,3384K,상행,2025-05-01T05:00:00,,평일
3호선,1958,대화,309,,20250619,3호선,0342,오금,352,N,3호선,기감,1958,대화,309,N,22:36:30,,,3384K,상행,2025-05-01T05:00:00,,평일
3호선,0310,구파발,320,,20250619,3호선,0342,오금,352,N,3호선,입고,0342,오금,352,N,,21:06:00,,3386,상행,2025-05-01T05:00:00,,평일
3호선,0310,구파발,320,,20250619,3호선,0342,오금,352,N,3호선,입고,0341,경찰병원,351,N,21:07:00,21:07:30,,3386,상행,2025-05-01T05:00:00,,평일
3호선,0310,구파발,320,,20250619,3호선,0342,오금,352,N,3호선,입고,0340,가락시장,350,N,21:08:30,21:09:00,,3386,상행,2025-05-01T05:00:00,,평일
3호선,0310,구파발,320,,20250619,3호선,0342,오금,352,N,3호선,입고,0339,수서,349,N,21:11:00,21:11:30,,3386,상행,2025-05-01T05:00:00,,평일
3호선,0310,구파발,320,,20250619,3호선,0342,오금,352,N,3호선,입고,0338,일원,348,N,21:13:30,21:14:00,,3386,상행,2025-05-01T05:00:00,,평일
3호선,0310,구파발,320,,20250619,3호선,0342,오금,352,N,3호선,입고,0337,대청,347,N,21:15:30,21:16:00,,3386,상행,2025-05-01T05:00:00,,평일
3호선,0310,구파발,320,,20250619,3호선,0342,오금,352,N,3호선,입고,0336,학여울,346,N,21:17:30,21:18:00,,3386,상행,2025-05-01T05:00:00,,평일
3호선,0310,구파발,320,,20250619,3호선,0342,오금,352,N,3호선,입고,0335,대치,345,N,21:19:00,21:19:30,,3386,상행,2025-05-01T05:00:00,,평일
3호선,0310,구파발,320,,20250619,3호선,0342,오금,352,N,3호선,입고,0334,도곡,344,N,21:20:30,21:21:00,,3386,상행,2025-05-01T05:00:00,,평일
3호선,0310,구파발,320,,20250619,3호선,0342,오금,352,N,3호선,입고,0333,매봉,343,N,21:22:30,21:23:00,,3386,상행,2025-05-01T05:00:00,,평일
3호선,0310,구파발,320,,20250619,3호선,0342,오금,352,N,3호선,입고,0332,양재,342,N,21:25:00,21:25:30,,3386,상행,2025-05-01T05:00:00,,평일
3호선,0310,구파발,320,,20250619,3호선,0342,오금,352,N,3호선,입고,0331,남부터미널,341,N,21:27:30,21:28:00,,3386,상행,2025-05-01T05:00:00,,평일
3호선,0310,구파발,320,,20250619,3호선,0342,오금,352,N,3호선,입고,0330,교대,340,N,21:29:30,21:30:00,,3386,상행,2025-05-01T05:00:00,,평일
3호선,0310,구파발,320,,20250619,3호선,0342,오금,352,N,3호선,입고,0329,고속터미널,339,N,21:32:00,21:32:30,,3386,상행,2025-05-01T05:00:00,,평일
3호선,0310,구파발,320,,20250619,3호선,0342,오금,352,N,3호선,입고,0328,잠원,338,N,21:34:00,21:34:30,,3386,상행,2025-05-01T05:00:00,,평일
3호선,0310,구파발,320,,20250619,3호선,0342,오금,352,N,3호선,입고,0327,신사,337,N,21:36:00,21:36:30,,3386,상행,2025-05-01T05:00:00,,평일
3호선,0310,구파발,320,,20250619,3호선,0342,오금,352,N,3호선,입고,0326,압구정,336,N,21:38:30,21:39:00,,3386,상행,2025-05-01T05:00:00,,평일
3호선,0310,구파발,320,,20250619,3호선,0342,오금,352,N,3호선,입고,0325,옥수,335,N,21:41:00,21:41:30,,3386,상행,2025-05-01T05:00:00,,평일
3호선,0310,구파발,320,,20250619,3호선,0342,오금,352,N,3호선,입고,0324,금호,334,N,21:42:30,21:43:00,,3386,상행,2025-05-01T05:00:00,,평일
3호선,0310,구파발,320,,20250619,3호선,0342,오금,352,N,3호선,입고,0323,약수,333,N,21:44:00,21:44:30,,3386,상행,2025-05-01T05:00:00,,평일
3호선,0310,구파발,320,,20250619,3호선,0342,오금,352,N,3호선,입고,0322,동대입구,332,N,21:45:30,21:46:00,,3386,상행,2025-05-01T05:00:00,,평일
3호선,0310,구파발,320,,20250619,3호선,0342,오금,352,N,3호선,입고,0321,충무로,331,N,21:47:30,21:48:00,,3386,상행,2025-05-01T05:00:00,,평일
3호선,0310,구파발,320,,20250619,3호선,0342,오금,352,N,3호선,입고,0320,을지로3가,330,N,21:49:00,21:49:30,,3386,상행,2025-05-01T05:00:00,,평일
3호선,0310,구파발,320,,20250619,3호선,0342,오금,352,N,3호선,입고,0319,종로3가,329,N,21:50:30,21:51:00,,3386,상행,2025-05-01T05:00:00,,평일
3호선,0310,구파발,320,,20250619,3호선,0342,오금,352,N,3호선,입고,0318,안국,328,N,21:52:30,21:53:00,,3386,상행,2025-05-01T05:00:00,,평일
3호선,0310,구파발,320,,20250619,3호선,0342,오금,352,N,3호선,입고,0317,경복궁,327,N,21:54:30,21:55:00,,3386,상행,2025-05-01T05:00:00,,평일
3호선,0310,구파발,320,,20250619,3호선,0342,오금,352,N,3호선,입고,0316,독립문,326,N,21:57:00,21:57:30,,3386,상행,2025-05-01T05:00:00,,평일
3호선,0310,구파발,320,,20250619,3호선,0342,오금,352,N,3호선,입고,0315,무악재,325,N,21:59:00,21:59:30,,3386,상행,2025-05-01T05:00:00,,평일
3호선,0310,구파발,320,,20250619,3호선,0342,오금,352,N,3호선,입고,0314,홍제,324,N,22:01:00,22:01:30,,3386,상행,2025-05-01T05:00:00,,평일
3호선,0310,구파발,320,,20250619,3호선,0342,오금,352,N,3호선,입고,0313,녹번,323,N,22:03:30,22:04:00,,3386,상행,2025-05-01T05:00:00,,평일
3호선,0310,구파발,320,,20250619,3호선,0342,오금,352,N,3호선,입고,0312,불광,322,N,22:05:30,22:06:00,,3386,상행,2025-05-01T05:00:00,,평일
3호선,0310,구파발,320,,20250619,3호선,0342,오금,352,N,3호선,입고,0311,연신내,321,N,22:07:30,22:08:00,,3386,상행,2025-05-01T05:00:00,,평일
3호선,0310,구파발,320,,20250619,3호선,0342,오금,352,N,3호선,입고,0310,구파발,320,N,22:10:00,,,3386,상행,2025-05-01T05:00:00,,평일
3호선,1958,대화,309,,20250619,3호선,0342,오금,352,N,3호선,3409,0342,오금,352,N,,21:11:00,,3388,상행,2025-05-01T05:00:00,,평일
3호선,1958,대화,309,,20250619,3호선,0342,오금,352,N,3호선,3409,0341,경찰병원,351,N,21:12:00,21:12:30,,3388,상행,2025-05-01T05:00:00,,평일
3호선,1958,대화,309,,20250619,3호선,0342,오금,352,N,3호선,3409,0340,가락시장,350,N,21:13:30,21:14:00,,3388,상행,2025-05-01T05:00:00,,평일
3호선,1958,대화,309,,20250619,3호선,0342,오금,352,N,3호선,3409,0339,수서,349,N,21:16:00,21:16:30,,3388,상행,2025-05-01T05:00:00,,평일
3호선,1958,대화,309,,20250619,3호선,0342,오금,352,N,3호선,3409,0338,일원,348,N,21:18:30,21:19:00,,3388,상행,2025-05-01T05:00:00,,평일
3호선,1958,대화,309,,20250619,3호선,0342,오금,352,N,3호선,3409,0337,대청,347,N,21:20:30,21:21:00,,3388,상행,2025-05-01T05:00:00,,평일
3호선,1958,대화,309,,20250619,3호선,0342,오금,352,N,3호선,3409,0336,학여울,346,N,21:22:30,21:23:00,,3388,상행,2025-05-01T05:00:00,,평일
3호선,1958,대화,309,,20250619,3호선,0342,오금,352,N,3호선,3409,0335,대치,345,N,21:24:00,21:24:30,,3388,상행,2025-05-01T05:00:00,,평일
3호선,1958,대화,309,,20250619,3호선,0342,오금,352,N,3호선,3409,0334,도곡,344,N,21:25:30,21:26:00,,3388,상행,2025-05-01T05:00:00,,평일
3호선,1958,대화,309,,20250619,3호선,0342,오금,352,N,3호선,3409,0333,매봉,343,N,21:27:30,21:28:00,,3388,상행,2025-05-01T05:00:00,,평일
3호선,1958,대화,309,,20250619,3호선,0342,오금,352,N,3호선,3409,0332,양재,342,N,21:30:00,21:30:30,,3388,상행,2025-05-01T05:00:00,,평일
3호선,1958,대화,309,,20250619,3호선,0342,오금,352,N,3호선,3409,0331,남부터미널,341,N,21:32:30,21:33:00,,3388,상행,2025-05-01T05:00:00,,평일
3호선,1958,대화,309,,20250619,3호선,0342,오금,352,N,3호선,3409,0330,교대,340,N,21:34:30,21:35:00,,3388,상행,2025-05-01T05:00:00,,평일
3호선,1958,대화,309,,20250619,3호선,0342,오금,352,N,3호선,3409,0329,고속터미널,339,N,21:37:00,21:37:30,,3388,상행,2025-05-01T05:00:00,,평일
3호선,1958,대화,309,,20250619,3호선,0342,오금,352,N,3호선,3409,0328,잠원,338,N,21:39:00,21:39:30,,3388,상행,2025-05-01T05:00:00,,평일
3호선,1958,대화,309,,20250619,3호선,0342,오금,352,N,3호선,3409,0327,신사,337,N,21:41:00,21:41:30,,3388,상행,2025-05-01T05:00:00,,평일
3호선,1958,대화,309,,20250619,3호선,0342,오금,352,N,3호선,3409,0326,압구정,336,N,21:43:30,21:44:00,,3388,상행,2025-05-01T05:00:00,,평일
3호선,1958,대화,309,,20250619,3호선,0342,오금,352,N,3호선,3409,0325,옥수,335,N,21:46:00,21:46:30,,3388,상행,2025-05-01T05:00:00,,평일
3호선,1958,대화,309,,20250619,3호선,0342,오금,352,N,3호선,3409,0324,금호,334,N,21:47:30,21:48:00,,3388,상행,2025-05-01T05:00:00,,평일
3호선,1958,대화,309,,20250619,3호선,0342,오금,352,N,3호선,3409,0323,약수,333,N,21:49:00,21:49:30,,3388,상행,2025-05-01T05:00:00,,평일
3호선,1958,대화,309,,20250619,3호선,0342,오금,352,N,3호선,3409,0322,동대입구,332,N,21:50:30,21:51:00,,3388,상행,2025-05-01T05:00:00,,평일
3호선,1958,대화,309,,20250619,3호선,0342,오금,352,N,3호선,3409,0321,충무로,331,N,21:52:30,21:53:00,,3388,상행,2025-05-01T05:00:00,,평일
3호선,1958,대화,309,,20250619,3호선,0342,오금,352,N,3호선,3409,0320,을지로3가,330,N,21:54:00,21:54:30,,3388,상행,2025-05-01T05:00:00,,평일
3호선,1958,대화,309,,20250619,3호선,0342,오금,352,N,3호선,3409,0319,종로3가,329,N,21:55:30,21:56:00,,3388,상행,2025-05-01T05:00:00,,평일
3호선,1958,대화,309,,20250619,3호선,0342,오금,352,N,3호선,3409,0318,안국,328,N,21:57:30,21:58:00,,3388,상행,2025-05-01T05:00:00,,평일
3호선,1958,대화,309,,20250619,3호선,0342,오금,352,N,3호선,3409,0317,경복궁,327,N,21:59:30,22:00:00,,3388,상행,2025-05-01T05:00:00,,평일
3호선,1958,대화,309,,20250619,3호선,0342,오금,352,N,3호선,3409,0316,독립문,326,N,22:02:00,22:02:30,,3388,상행,2025-05-01T05:00:00,,평일
3호선,1958,대화,309,,20250619,3호선,0342,오금,352,N,3호선,3409,0315,무악재,325,N,22:04:00,22:04:30,,3388,상행,2025-05-01T05:00:00,,평일
3호선,1958,대화,309,,20250619,3호선,0342,오금,352,N,3호선,3409,0314,홍제,324,N,22:06:00,22:06:30,,3388,상행,2025-05-01T05:00:00,,평일
3호선,1958,대화,309,,20250619,3호선,0342,오금,352,N,3호선,3409,0313,녹번,323,N,22:08:30,22:09:00,,3388,상행,2025-05-01T05:00:00,,평일
3호선,1958,대화,309,,20250619,3호선,0342,오금,352,N,3호선,3409,0312,불광,322,N,22:10:30,22:11:00,,3388,상행,2025-05-01T05:00:00,,평일
3호선,1958,대화,309,,20250619,3호선,0342,오금,352,N,3호선,3409,0311,연신내,321,N,22:12:30,22:13:00,,3388,상행,2025-05-01T05:00:00,,평일
3호선,1958,대화,309,,20250619,3호선,0342,오금,352,N,3호선,3409,0310,구파발,320,N,22:15:00,22:15:30,,3388,상행,2025-05-01T05:00:00,,평일
3호선,1958,대화,309,,20250619,3호선,0342,오금,352,N,3호선,3409,0309,지축,319,N,22:18:30,22:19:00,,3388,상행,2025-05-01T05:00:00,,평일
3호선,1958,대화,309,,20250619,3호선,0342,오금,352,N,3호선,3409,1950,삼송,318,N,22:21:30,22:22:00,,3388,상행,2025-05-01T05:00:00,,평일
3호선,1958,대화,309,,20250619,3호선,0342,오금,352,N,3호선,3409,1948,원흥,317,N,22:24:00,22:24:30,,3388,상행,2025-05-01T05:00:00,,평일
3호선,1958,대화,309,,20250619,3호선,0342,오금,352,N,3호선,3409,1951,원당,316,N,22:27:00,22:27:30,,3388,상행,2025-05-01T05:00:00,,평일
3호선,1958,대화,309,,20250619,3호선,0342,오금,352,N,3호선,3409,1952,화정,315,N,22:30:30,22:31:00,,3388,상행,2025-05-01T05:00:00,,평일
3호선,1958,대화,309,,20250619,3호선,0342,오금,352,N,3호선,3409,1953,대곡,314,N,22:33:30,22:34:00,,3388,상행,2025-05-01T05:00:00,,평일
3호선,1958,대화,309,,20250619,3호선,0342,오금,352,N,3호선,3409,1954,백석,313,N,22:37:00,22:37:30,,3388,상행,2025-05-01T05:00:00,,평일
3호선,1958,대화,309,,20250619,3호선,0342,오금,352,N,3호선,3409,1955,마두,312,N,22:39:30,22:40:00,,3388,상행,2025-05-01T05:00:00,,평일
3호선,1958,대화,309,,20250619,3호선,0342,오금,352,N,3호선,3409,1956,정발산,311,N,22:41:30,22:42:00,,3388,상행,2025-05-01T05:00:00,,평일
3호선,1958,대화,309,,20250619,3호선,0342,오금,352,N,3호선,3409,1957,주엽,310,N,22:44:00,22:44:30,,3388,상행,2025-05-01T05:00:00,,평일
3호선,1958,대화,309,,20250619,3호선,0342,오금,352,N,3호선,3409,1958,대화,309,N,22:46:30,,,3388,상행,2025-05-01T05:00:00,,평일
3호선,0310,구파발,320,,20250619,3호선,0342,오금,352,N,3호선,입고,0342,오금,352,N,,21:17:00,,3390,상행,2025-05-01T05:00:00,,평일
3호선,0310,구파발,320,,20250619,3호선,0342,오금,352,N,3호선,입고,0341,경찰병원,351,N,21:18:00,21:18:30,,3390,상행,2025-05-01T05:00:00,,평일
3호선,0310,구파발,320,,20250619,3호선,0342,오금,352,N,3호선,입고,0340,가락시장,350,N,21:19:30,21:20:00,,3390,상행,2025-05-01T05:00:00,,평일
3호선,0310,구파발,320,,20250619,3호선,0342,오금,352,N,3호선,입고,0339,수서,349,N,21:22:00,21:22:30,,3390,상행,2025-05-01T05:00:00,,평일
3호선,0310,구파발,320,,20250619,3호선,0342,오금,352,N,3호선,입고,0338,일원,348,N,21:24:30,21:25:00,,3390,상행,2025-05-01T05:00:00,,평일
3호선,0310,구파발,320,,20250619,3호선,0342,오금,352,N,3호선,입고,0337,대청,347,N,21:26:30,21:27:00,,3390,상행,2025-05-01T05:00:00,,평일
3호선,0310,구파발,320,,20250619,3호선,0342,오금,352,N,3호선,입고,0336,학여울,346,N,21:28:30,21:29:00,,3390,상행,2025-05-01T05:00:00,,평일
3호선,0310,구파발,320,,20250619,3호선,0342,오금,352,N,3호선,입고,0335,대치,345,N,21:30:00,21:30:30,,3390,상행,2025-05-01T05:00:00,,평일
3호선,0310,구파발,320,,20250619,3호선,0342,오금,352,N,3호선,입고,0334,도곡,344,N,21:31:30,21:32:00,,3390,상행,2025-05-01T05:00:00,,평일
3호선,0310,구파발,320,,20250619,3호선,0342,오금,352,N,3호선,입고,0333,매봉,343,N,21:33:30,21:34:00,,3390,상행,2025-05-01T05:00:00,,평일
3호선,0310,구파발,320,,20250619,3호선,0342,오금,352,N,3호선,입고,0332,양재,342,N,21:36:00,21:36:30,,3390,상행,2025-05-01T05:00:00,,평일
3호선,0310,구파발,320,,20250619,3호선,0342,오금,352,N,3호선,입고,0331,남부터미널,341,N,21:38:30,21:39:00,,3390,상행,2025-05-01T05:00:00,,평일
3호선,0310,구파발,320,,20250619,3호선,0342,오금,352,N,3호선,입고,0330,교대,340,N,21:40:30,21:41:00,,3390,상행,2025-05-01T05:00:00,,평일
3호선,0310,구파발,320,,20250619,3호선,0342,오금,352,N,3호선,입고,0329,고속터미널,339,N,21:43:00,21:43:30,,3390,상행,2025-05-01T05:00:00,,평일
3호선,0310,구파발,320,,20250619,3호선,0342,오금,352,N,3호선,입고,0328,잠원,338,N,21:45:00,21:45:30,,3390,상행,2025-05-01T05:00:00,,평일
3호선,0310,구파발,320,,20250619,3호선,0342,오금,352,N,3호선,입고,0327,신사,337,N,21:47:00,21:47:30,,3390,상행,2025-05-01T05:00:00,,평일
3호선,0310,구파발,320,,20250619,3호선,0342,오금,352,N,3호선,입고,0326,압구정,336,N,21:49:30,21:50:00,,3390,상행,2025-05-01T05:00:00,,평일
3호선,0310,구파발,320,,20250619,3호선,0342,오금,352,N,3호선,입고,0325,옥수,335,N,21:52:00,21:52:30,,3390,상행,2025-05-01T05:00:00,,평일
3호선,0310,구파발,320,,20250619,3호선,0342,오금,352,N,3호선,입고,0324,금호,334,N,21:53:30,21:54:00,,3390,상행,2025-05-01T05:00:00,,평일
3호선,0310,구파발,320,,20250619,3호선,0342,오금,352,N,3호선,입고,0323,약수,333,N,21:55:00,21:55:30,,3390,상행,2025-05-01T05:00:00,,평일
3호선,0310,구파발,320,,20250619,3호선,0342,오금,352,N,3호선,입고,0322,동대입구,332,N,21:56:30,21:57:00,,3390,상행,2025-05-01T05:00:00,,평일
3호선,0310,구파발,320,,20250619,3호선,0342,오금,352,N,3호선,입고,0321,충무로,331,N,21:58:30,21:59:00,,3390,상행,2025-05-01T05:00:00,,평일
3호선,0310,구파발,320,,20250619,3호선,0342,오금,352,N,3호선,입고,0320,을지로3가,330,N,22:00:00,22:00:30,,3390,상행,2025-05-01T05:00:00,,평일
3호선,0310,구파발,320,,20250619,3호선,0342,오금,352,N,3호선,입고,0319,종로3가,329,N,22:01:30,22:02:00,,3390,상행,2025-05-01T05:00:00,,평일
3호선,0310,구파발,320,,20250619,3호선,0342,오금,352,N,3호선,입고,0318,안국,328,N,22:03:30,22:04:00,,3390,상행,2025-05-01T05:00:00,,평일
3호선,0310,구파발,320,,20250619,3호선,0342,오금,352,N,3호선,입고,0317,경복궁,327,N,22:05:30,22:06:00,,3390,상행,2025-05-01T05:00:00,,평일
3호선,0310,구파발,320,,20250619,3호선,0342,오금,352,N,3호선,입고,0316,독립문,326,N,22:08:00,22:08:30,,3390,상행,2025-05-01T05:00:00,,평일
3호선,0310,구파발,320,,20250619,3호선,0342,오금,352,N,3호선,입고,0315,무악재,325,N,22:10:00,22:10:30,,3390,상행,2025-05-01T05:00:00,,평일
3호선,0310,구파발,320,,20250619,3호선,0342,오금,352,N,3호선,입고,0314,홍제,324,N,22:12:00,22:12:30,,3390,상행,2025-05-01T05:00:00,,평일
3호선,0310,구파발,320,,20250619,3호선,0342,오금,352,N,3호선,입고,0313,녹번,323,N,22:14:30,22:15:00,,3390,상행,2025-05-01T05:00:00,,평일
3호선,0310,구파발,320,,20250619,3호선,0342,오금,352,N,3호선,입고,0312,불광,322,N,22:16:30,22:17:00,,3390,상행,2025-05-01T05:00:00,,평일
3호선,0310,구파발,320,,20250619,3호선,0342,오금,352,N,3호선,입고,0311,연신내,321,N,22:18:30,22:19:00,,3390,상행,2025-05-01T05:00:00,,평일
3호선,0310,구파발,320,,20250619,3호선,0342,오금,352,N,3호선,입고,0310,구파발,320,N,22:21:00,,,3390,상행,2025-05-01T05:00:00,,평일
3호선,1958,대화,309,,20250619,3호선,0342,오금,352,N,3호선,3411,0342,오금,352,N,,21:22:00,,3392,상행,2025-05-01T05:00:00,,평일
3호선,1958,대화,309,,20250619,3호선,0342,오금,352,N,3호선,3411,0341,경찰병원,351,N,21:23:00,21:23:30,,3392,상행,2025-05-01T05:00:00,,평일
3호선,1958,대화,309,,20250619,3호선,0342,오금,352,N,3호선,3411,0340,가락시장,350,N,21:24:30,21:25:00,,3392,상행,2025-05-01T05:00:00,,평일
3호선,1958,대화,309,,20250619,3호선,0342,오금,352,N,3호선,3411,0339,수서,349,N,21:27:00,21:27:30,,3392,상행,2025-05-01T05:00:00,,평일
3호선,1958,대화,309,,20250619,3호선,0342,오금,352,N,3호선,3411,0338,일원,348,N,21:29:30,21:30:00,,3392,상행,2025-05-01T05:00:00,,평일
3호선,1958,대화,309,,20250619,3호선,0342,오금,352,N,3호선,3411,0337,대청,347,N,21:31:30,21:32:00,,3392,상행,2025-05-01T05:00:00,,평일
3호선,1958,대화,309,,20250619,3호선,0342,오금,352,N,3호선,3411,0336,학여울,346,N,21:33:30,21:34:00,,3392,상행,2025-05-01T05:00:00,,평일
3호선,1958,대화,309,,20250619,3호선,0342,오금,352,N,3호선,3411,0335,대치,345,N,21:35:00,21:35:30,,3392,상행,2025-05-01T05:00:00,,평일
3호선,1958,대화,309,,20250619,3호선,0342,오금,352,N,3호선,3411,0334,도곡,344,N,21:36:30,21:37:00,,3392,상행,2025-05-01T05:00:00,,평일
3호선,1958,대화,309,,20250619,3호선,0342,오금,352,N,3호선,3411,0333,매봉,343,N,21:38:30,21:39:00,,3392,상행,2025-05-01T05:00:00,,평일
3호선,1958,대화,309,,20250619,3호선,0342,오금,352,N,3호선,3411,0332,양재,342,N,21:41:00,21:41:30,,3392,상행,2025-05-01T05:00:00,,평일
3호선,1958,대화,309,,20250619,3호선,0342,오금,352,N,3호선,3411,0331,남부터미널,341,N,21:43:30,21:44:00,,3392,상행,2025-05-01T05:00:00,,평일
3호선,1958,대화,309,,20250619,3호선,0342,오금,352,N,3호선,3411,0330,교대,340,N,21:45:30,21:46:00,,3392,상행,2025-05-01T05:00:00,,평일
3호선,1958,대화,309,,20250619,3호선,0342,오금,352,N,3호선,3411,0329,고속터미널,339,N,21:48:00,21:48:30,,3392,상행,2025-05-01T05:00:00,,평일
3호선,1958,대화,309,,20250619,3호선,0342,오금,352,N,3호선,3411,0328,잠원,338,N,21:50:00,21:50:30,,3392,상행,2025-05-01T05:00:00,,평일
3호선,1958,대화,309,,20250619,3호선,0342,오금,352,N,3호선,3411,0327,신사,337,N,21:52:00,21:52:30,,3392,상행,2025-05-01T05:00:00,,평일
3호선,1958,대화,309,,20250619,3호선,0342,오금,352,N,3호선,3411,0326,압구정,336,N,21:54:30,21:55:00,,3392,상행,2025-05-01T05:00:00,,평일
3호선,1958,대화,309,,20250619,3호선,0342,오금,352,N,3호선,3411,0325,옥수,335,N,21:57:00,21:57:30,,3392,상행,2025-05-01T05:00:00,,평일
3호선,1958,대화,309,,20250619,3호선,0342,오금,352,N,3호선,3411,0324,금호,334,N,21:58:30,21:59:00,,3392,상행,2025-05-01T05:00:00,,평일
3호선,1958,대화,309,,20250619,3호선,0342,오금,352,N,3호선,3411,0323,약수,333,N,22:00:00,22:00:30,,3392,상행,2025-05-01T05:00:00,,평일
3호선,1958,대화,309,,20250619,3호선,0342,오금,352,N,3호선,3411,0322,동대입구,332,N,22:01:30,22:02:00,,3392,상행,2025-05-01T05:00:00,,평일
3호선,1958,대화,309,,20250619,3호선,0342,오금,352,N,3호선,3411,0321,충무로,331,N,22:03:30,22:04:00,,3392,상행,2025-05-01T05:00:00,,평일
3호선,1958,대화,309,,20250619,3호선,0342,오금,352,N,3호선,3411,0320,을지로3가,330,N,22:05:00,22:05:30,,3392,상행,2025-05-01T05:00:00,,평일
3호선,1958,대화,309,,20250619,3호선,0342,오금,352,N,3호선,3411,0319,종로3가,329,N,22:06:30,22:07:00,,3392,상행,2025-05-01T05:00:00,,평일
3호선,1958,대화,309,,20250619,3호선,0342,오금,352,N,3호선,3411,0318,안국,328,N,22:08:30,22:09:00,,3392,상행,2025-05-01T05:00:00,,평일
3호선,1958,대화,309,,20250619,3호선,0342,오금,352,N,3호선,3411,0317,경복궁,327,N,22:10:30,22:11:00,,3392,상행,2025-05-01T05:00:00,,평일
3호선,1958,대화,309,,20250619,3호선,0342,오금,352,N,3호선,3411,0316,독립문,326,N,22:13:00,22:13:30,,3392,상행,2025-05-01T05:00:00,,평일
3호선,1958,대화,309,,20250619,3호선,0342,오금,352,N,3호선,3411,0315,무악재,325,N,22:15:00,22:15:30,,3392,상행,2025-05-01T05:00:00,,평일
3호선,1958,대화,309,,20250619,3호선,0342,오금,352,N,3호선,3411,0314,홍제,324,N,22:17:00,22:17:30,,3392,상행,2025-05-01T05:00:00,,평일
3호선,1958,대화,309,,20250619,3호선,0342,오금,352,N,3호선,3411,0313,녹번,323,N,22:19:30,22:20:00,,3392,상행,2025-05-01T05:00:00,,평일
3호선,1958,대화,309,,20250619,3호선,0342,오금,352,N,3호선,3411,0312,불광,322,N,22:21:30,22:22:00,,3392,상행,2025-05-01T05:00:00,,평일
3호선,1958,대화,309,,20250619,3호선,0342,오금,352,N,3호선,3411,0311,연신내,321,N,22:23:30,22:24:00,,3392,상행,2025-05-01T05:00:00,,평일
3호선,1958,대화,309,,20250619,3호선,0342,오금,352,N,3호선,3411,0310,구파발,320,N,22:26:00,22:26:30,,3392,상행,2025-05-01T05:00:00,,평일
3호선,1958,대화,309,,20250619,3호선,0342,오금,352,N,3호선,3411,0309,지축,319,N,22:29:30,22:30:00,,3392,상행,2025-05-01T05:00:00,,평일
3호선,1958,대화,309,,20250619,3호선,0342,오금,352,N,3호선,3411,1950,삼송,318,N,22:32:30,22:33:00,,3392,상행,2025-05-01T05:00:00,,평일
3호선,1958,대화,309,,20250619,3호선,0342,오금,352,N,3호선,3411,1948,원흥,317,N,22:35:00,22:35:30,,3392,상행,2025-05-01T05:00:00,,평일
3호선,1958,대화,309,,20250619,3호선,0342,오금,352,N,3호선,3411,1951,원당,316,N,22:38:00,22:38:30,,3392,상행,2025-05-01T05:00:00,,평일
3호선,1958,대화,309,,20250619,3호선,0342,오금,352,N,3호선,3411,1952,화정,315,N,22:41:30,22:42:00,,3392,상행,2025-05-01T05:00:00,,평일
3호선,1958,대화,309,,20250619,3호선,0342,오금,352,N,3호선,3411,1953,대곡,314,N,22:44:30,22:45:00,,3392,상행,2025-05-01T05:00:00,,평일
3호선,1958,대화,309,,20250619,3호선,0342,오금,352,N,3호선,3411,1954,백석,313,N,22:48:00,22:48:30,,3392,상행,2025-05-01T05:00:00,,평일
3호선,1958,대화,309,,20250619,3호선,0342,오금,352,N,3호선,3411,1955,마두,312,N,22:50:30,22:51:00,,3392,상행,2025-05-01T05:00:00,,평일
3호선,1958,대화,309,,20250619,3호선,0342,오금,352,N,3호선,3411,1956,정발산,311,N,22:52:30,22:53:00,,3392,상행,2025-05-01T05:00:00,,평일
3호선,1958,대화,309,,20250619,3호선,0342,오금,352,N,3호선,3411,1957,주엽,310,N,22:55:00,22:55:30,,3392,상행,2025-05-01T05:00:00,,평일
3호선,1958,대화,309,,20250619,3호선,0342,오금,352,N,3호선,3411,1958,대화,309,N,22:57:30,,,3392,상행,2025-05-01T05:00:00,,평일
3호선,0310,구파발,320,,20250619,3호선,0342,오금,352,N,3호선,3395,0342,오금,352,N,,21:29:00,,3394,상행,2025-05-01T05:00:00,,평일
3호선,0310,구파발,320,,20250619,3호선,0342,오금,352,N,3호선,3395,0341,경찰병원,351,N,21:30:00,21:30:30,,3394,상행,2025-05-01T05:00:00,,평일
3호선,0310,구파발,320,,20250619,3호선,0342,오금,352,N,3호선,3395,0340,가락시장,350,N,21:31:30,21:32:00,,3394,상행,2025-05-01T05:00:00,,평일
3호선,0310,구파발,320,,20250619,3호선,0342,오금,352,N,3호선,3395,0339,수서,349,N,21:34:00,21:34:30,,3394,상행,2025-05-01T05:00:00,,평일
3호선,0310,구파발,320,,20250619,3호선,0342,오금,352,N,3호선,3395,0338,일원,348,N,21:36:30,21:37:00,,3394,상행,2025-05-01T05:00:00,,평일
3호선,0310,구파발,320,,20250619,3호선,0342,오금,352,N,3호선,3395,0337,대청,347,N,21:38:30,21:39:00,,3394,상행,2025-05-01T05:00:00,,평일
3호선,0310,구파발,320,,20250619,3호선,0342,오금,352,N,3호선,3395,0336,학여울,346,N,21:40:30,21:41:00,,3394,상행,2025-05-01T05:00:00,,평일
3호선,0310,구파발,320,,20250619,3호선,0342,오금,352,N,3호선,3395,0335,대치,345,N,21:42:00,21:42:30,,3394,상행,2025-05-01T05:00:00,,평일
3호선,0310,구파발,320,,20250619,3호선,0342,오금,352,N,3호선,3395,0334,도곡,344,N,21:43:30,21:44:00,,3394,상행,2025-05-01T05:00:00,,평일
3호선,0310,구파발,320,,20250619,3호선,0342,오금,352,N,3호선,3395,0333,매봉,343,N,21:45:30,21:46:00,,3394,상행,2025-05-01T05:00:00,,평일
3호선,0310,구파발,320,,20250619,3호선,0342,오금,352,N,3호선,3395,0332,양재,342,N,21:48:00,21:48:30,,3394,상행,2025-05-01T05:00:00,,평일
3호선,0310,구파발,320,,20250619,3호선,0342,오금,352,N,3호선,3395,0331,남부터미널,341,N,21:50:30,21:51:00,,3394,상행,2025-05-01T05:00:00,,평일
3호선,0310,구파발,320,,20250619,3호선,0342,오금,352,N,3호선,3395,0330,교대,340,N,21:52:30,21:53:00,,3394,상행,2025-05-01T05:00:00,,평일
3호선,0310,구파발,320,,20250619,3호선,0342,오금,352,N,3호선,3395,0329,고속터미널,339,N,21:55:00,21:55:30,,3394,상행,2025-05-01T05:00:00,,평일
3호선,0310,구파발,320,,20250619,3호선,0342,오금,352,N,3호선,3395,0328,잠원,338,N,21:57:00,21:57:30,,3394,상행,2025-05-01T05:00:00,,평일
3호선,0310,구파발,320,,20250619,3호선,0342,오금,352,N,3호선,3395,0327,신사,337,N,21:59:00,21:59:30,,3394,상행,2025-05-01T05:00:00,,평일
3호선,0310,구파발,320,,20250619,3호선,0342,오금,352,N,3호선,3395,0326,압구정,336,N,22:01:30,22:02:00,,3394,상행,2025-05-01T05:00:00,,평일
3호선,0310,구파발,320,,20250619,3호선,0342,오금,352,N,3호선,3395,0325,옥수,335,N,22:04:00,22:04:30,,3394,상행,2025-05-01T05:00:00,,평일
3호선,0310,구파발,320,,20250619,3호선,0342,오금,352,N,3호선,3395,0324,금호,334,N,22:05:30,22:06:00,,3394,상행,2025-05-01T05:00:00,,평일
3호선,0310,구파발,320,,20250619,3호선,0342,오금,352,N,3호선,3395,0323,약수,333,N,22:07:00,22:07:30,,3394,상행,2025-05-01T05:00:00,,평일
3호선,0310,구파발,320,,20250619,3호선,0342,오금,352,N,3호선,3395,0322,동대입구,332,N,22:08:30,22:09:00,,3394,상행,2025-05-01T05:00:00,,평일
3호선,0310,구파발,320,,20250619,3호선,0342,오금,352,N,3호선,3395,0321,충무로,331,N,22:10:30,22:11:00,,3394,상행,2025-05-01T05:00:00,,평일
3호선,0310,구파발,320,,20250619,3호선,0342,오금,352,N,3호선,3395,0320,을지로3가,330,N,22:12:00,22:12:30,,3394,상행,2025-05-01T05:00:00,,평일
3호선,0310,구파발,320,,20250619,3호선,0342,오금,352,N,3호선,3395,0319,종로3가,329,N,22:13:30,22:14:00,,3394,상행,2025-05-01T05:00:00,,평일
3호선,0310,구파발,320,,20250619,3호선,0342,오금,352,N,3호선,3395,0318,안국,328,N,22:15:30,22:16:00,,3394,상행,2025-05-01T05:00:00,,평일
3호선,0310,구파발,320,,20250619,3호선,0342,오금,352,N,3호선,3395,0317,경복궁,327,N,22:17:30,22:18:00,,3394,상행,2025-05-01T05:00:00,,평일
3호선,0310,구파발,320,,20250619,3호선,0342,오금,352,N,3호선,3395,0316,독립문,326,N,22:20:00,22:20:30,,3394,상행,2025-05-01T05:00:00,,평일
3호선,0310,구파발,320,,20250619,3호선,0342,오금,352,N,3호선,3395,0315,무악재,325,N,22:22:00,22:22:30,,3394,상행,2025-05-01T05:00:00,,평일
3호선,0310,구파발,320,,20250619,3호선,0342,오금,352,N,3호선,3395,0314,홍제,324,N,22:24:00,22:24:30,,3394,상행,2025-05-01T05:00:00,,평일
3호선,0310,구파발,320,,20250619,3호선,0342,오금,352,N,3호선,3395,0313,녹번,323,N,22:26:30,22:27:00,,3394,상행,2025-05-01T05:00:00,,평일
3호선,0310,구파발,320,,20250619,3호선,0342,오금,352,N,3호선,3395,0312,불광,322,N,22:28:30,22:29:00,,3394,상행,2025-05-01T05:00:00,,평일
3호선,0310,구파발,320,,20250619,3호선,0342,오금,352,N,3호선,3395,0311,연신내,321,N,22:30:30,22:31:00,,3394,상행,2025-05-01T05:00:00,,평일
3호선,0310,구파발,320,,20250619,3호선,0342,오금,352,N,3호선,3395,0310,구파발,320,N,22:33:00,,,3394,상행,2025-05-01T05:00:00,,평일
3호선,1958,대화,309,,20250619,3호선,0342,오금,352,N,3호선,3415,0342,오금,352,N,,21:36:00,,3396K,상행,2025-05-01T05:00:00,,평일
3호선,1958,대화,309,,20250619,3호선,0342,오금,352,N,3호선,3415,0341,경찰병원,351,N,21:37:00,21:37:30,,3396K,상행,2025-05-01T05:00:00,,평일
3호선,1958,대화,309,,20250619,3호선,0342,오금,352,N,3호선,3415,0340,가락시장,350,N,21:38:30,21:39:00,,3396K,상행,2025-05-01T05:00:00,,평일
3호선,1958,대화,309,,20250619,3호선,0342,오금,352,N,3호선,3415,0339,수서,349,N,21:41:00,21:41:30,,3396K,상행,2025-05-01T05:00:00,,평일
3호선,1958,대화,309,,20250619,3호선,0342,오금,352,N,3호선,3415,0338,일원,348,N,21:43:30,21:44:00,,3396K,상행,2025-05-01T05:00:00,,평일
3호선,1958,대화,309,,20250619,3호선,0342,오금,352,N,3호선,3415,0337,대청,347,N,21:45:30,21:46:00,,3396K,상행,2025-05-01T05:00:00,,평일
3호선,1958,대화,309,,20250619,3호선,0342,오금,352,N,3호선,3415,0336,학여울,346,N,21:47:30,21:48:00,,3396K,상행,2025-05-01T05:00:00,,평일
3호선,1958,대화,309,,20250619,3호선,0342,오금,352,N,3호선,3415,0335,대치,345,N,21:49:00,21:49:30,,3396K,상행,2025-05-01T05:00:00,,평일
3호선,1958,대화,309,,20250619,3호선,0342,오금,352,N,3호선,3415,0334,도곡,344,N,21:50:30,21:51:00,,3396K,상행,2025-05-01T05:00:00,,평일
3호선,1958,대화,309,,20250619,3호선,0342,오금,352,N,3호선,3415,0333,매봉,343,N,21:52:30,21:53:00,,3396K,상행,2025-05-01T05:00:00,,평일
3호선,1958,대화,309,,20250619,3호선,0342,오금,352,N,3호선,3415,0332,양재,342,N,21:55:00,21:55:30,,3396K,상행,2025-05-01T05:00:00,,평일
3호선,1958,대화,309,,20250619,3호선,0342,오금,352,N,3호선,3415,0331,남부터미널,341,N,21:57:30,21:58:00,,3396K,상행,2025-05-01T05:00:00,,평일
3호선,1958,대화,309,,20250619,3호선,0342,오금,352,N,3호선,3415,0330,교대,340,N,21:59:30,22:00:00,,3396K,상행,2025-05-01T05:00:00,,평일
3호선,1958,대화,309,,20250619,3호선,0342,오금,352,N,3호선,3415,0329,고속터미널,339,N,22:02:00,22:02:30,,3396K,상행,2025-05-01T05:00:00,,평일
3호선,1958,대화,309,,20250619,3호선,0342,오금,352,N,3호선,3415,0328,잠원,338,N,22:04:00,22:04:30,,3396K,상행,2025-05-01T05:00:00,,평일
3호선,1958,대화,309,,20250619,3호선,0342,오금,352,N,3호선,3415,0327,신사,337,N,22:06:00,22:06:30,,3396K,상행,2025-05-01T05:00:00,,평일
3호선,1958,대화,309,,20250619,3호선,0342,오금,352,N,3호선,3415,0326,압구정,336,N,22:08:30,22:09:00,,3396K,상행,2025-05-01T05:00:00,,평일
3호선,1958,대화,309,,20250619,3호선,0342,오금,352,N,3호선,3415,0325,옥수,335,N,22:11:00,22:11:30,,3396K,상행,2025-05-01T05:00:00,,평일
3호선,1958,대화,309,,20250619,3호선,0342,오금,352,N,3호선,3415,0324,금호,334,N,22:12:30,22:13:00,,3396K,상행,2025-05-01T05:00:00,,평일
3호선,1958,대화,309,,20250619,3호선,0342,오금,352,N,3호선,3415,0323,약수,333,N,22:14:00,22:14:30,,3396K,상행,2025-05-01T05:00:00,,평일
3호선,1958,대화,309,,20250619,3호선,0342,오금,352,N,3호선,3415,0322,동대입구,332,N,22:15:30,22:16:00,,3396K,상행,2025-05-01T05:00:00,,평일
3호선,1958,대화,309,,20250619,3호선,0342,오금,352,N,3호선,3415,0321,충무로,331,N,22:17:30,22:18:00,,3396K,상행,2025-05-01T05:00:00,,평일
3호선,1958,대화,309,,20250619,3호선,0342,오금,352,N,3호선,3415,0320,을지로3가,330,N,22:19:00,22:19:30,,3396K,상행,2025-05-01T05:00:00,,평일
3호선,1958,대화,309,,20250619,3호선,0342,오금,352,N,3호선,3415,0319,종로3가,329,N,22:20:30,22:21:00,,3396K,상행,2025-05-01T05:00:00,,평일
3호선,1958,대화,309,,20250619,3호선,0342,오금,352,N,3호선,3415,0318,안국,328,N,22:22:30,22:23:00,,3396K,상행,2025-05-01T05:00:00,,평일
3호선,1958,대화,309,,20250619,3호선,0342,오금,352,N,3호선,3415,0317,경복궁,327,N,22:24:30,22:25:00,,3396K,상행,2025-05-01T05:00:00,,평일
3호선,1958,대화,309,,20250619,3호선,0342,오금,352,N,3호선,3415,0316,독립문,326,N,22:27:00,22:27:30,,3396K,상행,2025-05-01T05:00:00,,평일
3호선,1958,대화,309,,20250619,3호선,0342,오금,352,N,3호선,3415,0315,무악재,325,N,22:29:00,22:29:30,,3396K,상행,2025-05-01T05:00:00,,평일
3호선,1958,대화,309,,20250619,3호선,0342,오금,352,N,3호선,3415,0314,홍제,324,N,22:31:00,22:31:30,,3396K,상행,2025-05-01T05:00:00,,평일
3호선,1958,대화,309,,20250619,3호선,0342,오금,352,N,3호선,3415,0313,녹번,323,N,22:33:30,22:34:00,,3396K,상행,2025-05-01T05:00:00,,평일
3호선,1958,대화,309,,20250619,3호선,0342,오금,352,N,3호선,3415,0312,불광,322,N,22:35:30,22:36:00,,3396K,상행,2025-05-01T05:00:00,,평일
3호선,1958,대화,309,,20250619,3호선,0342,오금,352,N,3호선,3415,0311,연신내,321,N,22:37:30,22:38:00,,3396K,상행,2025-05-01T05:00:00,,평일
3호선,1958,대화,309,,20250619,3호선,0342,오금,352,N,3호선,3415,0310,구파발,320,N,22:40:00,22:40:30,,3396K,상행,2025-05-01T05:00:00,,평일
3호선,1958,대화,309,,20250619,3호선,0342,오금,352,N,3호선,3415,0309,지축,319,N,22:43:30,22:44:00,,3396K,상행,2025-05-01T05:00:00,,평일
3호선,1958,대화,309,,20250619,3호선,0342,오금,352,N,3호선,3415,1950,삼송,318,N,22:46:30,22:47:00,,3396K,상행,2025-05-01T05:00:00,,평일
3호선,1958,대화,309,,20250619,3호선,0342,오금,352,N,3호선,3415,1948,원흥,317,N,22:49:00,22:49:30,,3396K,상행,2025-05-01T05:00:00,,평일
3호선,1958,대화,309,,20250619,3호선,0342,오금,352,N,3호선,3415,1951,원당,316,N,22:52:00,22:52:30,,3396K,상행,2025-05-01T05:00:00,,평일
3호선,1958,대화,309,,20250619,3호선,0342,오금,352,N,3호선,3415,1952,화정,315,N,22:55:30,22:56:00,,3396K,상행,2025-05-01T05:00:00,,평일
3호선,1958,대화,309,,20250619,3호선,0342,오금,352,N,3호선,3415,1953,대곡,314,N,22:58:30,22:59:00,,3396K,상행,2025-05-01T05:00:00,,평일
3호선,1958,대화,309,,20250619,3호선,0342,오금,352,N,3호선,3415,1954,백석,313,N,23:02:00,23:02:30,,3396K,상행,2025-05-01T05:00:00,,평일
3호선,1958,대화,309,,20250619,3호선,0342,오금,352,N,3호선,3415,1955,마두,312,N,23:04:30,23:05:00,,3396K,상행,2025-05-01T05:00:00,,평일
3호선,1958,대화,309,,20250619,3호선,0342,오금,352,N,3호선,3415,1956,정발산,311,N,23:06:30,23:07:00,,3396K,상행,2025-05-01T05:00:00,,평일
3호선,1958,대화,309,,20250619,3호선,0342,오금,352,N,3호선,3415,1957,주엽,310,N,23:09:00,23:09:30,,3396K,상행,2025-05-01T05:00:00,,평일
3호선,1958,대화,309,,20250619,3호선,0342,오금,352,N,3호선,3415,1958,대화,309,N,23:11:30,,,3396K,상행,2025-05-01T05:00:00,,평일
3호선,1958,대화,309,,20250619,3호선,0342,오금,352,N,3호선,3419,0342,오금,352,N,,21:43:00,,3398,상행,2025-05-01T05:00:00,,평일
3호선,1958,대화,309,,20250619,3호선,0342,오금,352,N,3호선,3419,0341,경찰병원,351,N,21:44:00,21:44:30,,3398,상행,2025-05-01T05:00:00,,평일
3호선,1958,대화,309,,20250619,3호선,0342,오금,352,N,3호선,3419,0340,가락시장,350,N,21:45:30,21:46:00,,3398,상행,2025-05-01T05:00:00,,평일
3호선,1958,대화,309,,20250619,3호선,0342,오금,352,N,3호선,3419,0339,수서,349,N,21:48:00,21:48:30,,3398,상행,2025-05-01T05:00:00,,평일
3호선,1958,대화,309,,20250619,3호선,0342,오금,352,N,3호선,3419,0338,일원,348,N,21:50:30,21:51:00,,3398,상행,2025-05-01T05:00:00,,평일
3호선,1958,대화,309,,20250619,3호선,0342,오금,352,N,3호선,3419,0337,대청,347,N,21:52:30,21:53:00,,3398,상행,2025-05-01T05:00:00,,평일
3호선,1958,대화,309,,20250619,3호선,0342,오금,352,N,3호선,3419,0336,학여울,346,N,21:54:30,21:55:00,,3398,상행,2025-05-01T05:00:00,,평일
3호선,1958,대화,309,,20250619,3호선,0342,오금,352,N,3호선,3419,0335,대치,345,N,21:56:00,21:56:30,,3398,상행,2025-05-01T05:00:00,,평일
3호선,1958,대화,309,,20250619,3호선,0342,오금,352,N,3호선,3419,0334,도곡,344,N,21:57:30,21:58:00,,3398,상행,2025-05-01T05:00:00,,평일
3호선,1958,대화,309,,20250619,3호선,0342,오금,352,N,3호선,3419,0333,매봉,343,N,21:59:30,22:00:00,,3398,상행,2025-05-01T05:00:00,,평일
3호선,1958,대화,309,,20250619,3호선,0342,오금,352,N,3호선,3419,0332,양재,342,N,22:02:00,22:02:30,,3398,상행,2025-05-01T05:00:00,,평일
3호선,1958,대화,309,,20250619,3호선,0342,오금,352,N,3호선,3419,0331,남부터미널,341,N,22:04:30,22:05:00,,3398,상행,2025-05-01T05:00:00,,평일
3호선,1958,대화,309,,20250619,3호선,0342,오금,352,N,3호선,3419,0330,교대,340,N,22:06:30,22:07:00,,3398,상행,2025-05-01T05:00:00,,평일
3호선,1958,대화,309,,20250619,3호선,0342,오금,352,N,3호선,3419,0329,고속터미널,339,N,22:09:00,22:09:30,,3398,상행,2025-05-01T05:00:00,,평일
3호선,1958,대화,309,,20250619,3호선,0342,오금,352,N,3호선,3419,0328,잠원,338,N,22:11:00,22:11:30,,3398,상행,2025-05-01T05:00:00,,평일
3호선,1958,대화,309,,20250619,3호선,0342,오금,352,N,3호선,3419,0327,신사,337,N,22:13:00,22:13:30,,3398,상행,2025-05-01T05:00:00,,평일
3호선,1958,대화,309,,20250619,3호선,0342,오금,352,N,3호선,3419,0326,압구정,336,N,22:15:30,22:16:00,,3398,상행,2025-05-01T05:00:00,,평일
3호선,1958,대화,309,,20250619,3호선,0342,오금,352,N,3호선,3419,0325,옥수,335,N,22:18:00,22:18:30,,3398,상행,2025-05-01T05:00:00,,평일
3호선,1958,대화,309,,20250619,3호선,0342,오금,352,N,3호선,3419,0324,금호,334,N,22:19:30,22:20:00,,3398,상행,2025-05-01T05:00:00,,평일
3호선,1958,대화,309,,20250619,3호선,0342,오금,352,N,3호선,3419,0323,약수,333,N,22:21:00,22:21:30,,3398,상행,2025-05-01T05:00:00,,평일
3호선,1958,대화,309,,20250619,3호선,0342,오금,352,N,3호선,3419,0322,동대입구,332,N,22:22:30,22:23:00,,3398,상행,2025-05-01T05:00:00,,평일
3호선,1958,대화,309,,20250619,3호선,0342,오금,352,N,3호선,3419,0321,충무로,331,N,22:24:30,22:25:00,,3398,상행,2025-05-01T05:00:00,,평일
3호선,1958,대화,309,,20250619,3호선,0342,오금,352,N,3호선,3419,0320,을지로3가,330,N,22:26:00,22:26:30,,3398,상행,2025-05-01T05:00:00,,평일
3호선,1958,대화,309,,20250619,3호선,0342,오금,352,N,3호선,3419,0319,종로3가,329,N,22:27:30,22:28:00,,3398,상행,2025-05-01T05:00:00,,평일
3호선,1958,대화,309,,20250619,3호선,0342,오금,352,N,3호선,3419,0318,안국,328,N,22:29:30,22:30:00,,3398,상행,2025-05-01T05:00:00,,평일
3호선,1958,대화,309,,20250619,3호선,0342,오금,352,N,3호선,3419,0317,경복궁,327,N,22:31:30,22:32:00,,3398,상행,2025-05-01T05:00:00,,평일
3호선,1958,대화,309,,20250619,3호선,0342,오금,352,N,3호선,3419,0316,독립문,326,N,22:34:00,22:34:30,,3398,상행,2025-05-01T05:00:00,,평일
3호선,1958,대화,309,,20250619,3호선,0342,오금,352,N,3호선,3419,0315,무악재,325,N,22:36:00,22:36:30,,3398,상행,2025-05-01T05:00:00,,평일
3호선,1958,대화,309,,20250619,3호선,0342,오금,352,N,3호선,3419,0314,홍제,324,N,22:38:00,22:38:30,,3398,상행,2025-05-01T05:00:00,,평일
3호선,1958,대화,309,,20250619,3호선,0342,오금,352,N,3호선,3419,0313,녹번,323,N,22:40:30,22:41:00,,3398,상행,2025-05-01T05:00:00,,평일
3호선,1958,대화,309,,20250619,3호선,0342,오금,352,N,3호선,3419,0312,불광,322,N,22:42:30,22:43:00,,3398,상행,2025-05-01T05:00:00,,평일
3호선,1958,대화,309,,20250619,3호선,0342,오금,352,N,3호선,3419,0311,연신내,321,N,22:44:30,22:45:00,,3398,상행,2025-05-01T05:00:00,,평일
3호선,1958,대화,309,,20250619,3호선,0342,오금,352,N,3호선,3419,0310,구파발,320,N,22:47:00,22:47:30,,3398,상행,2025-05-01T05:00:00,,평일
3호선,1958,대화,309,,20250619,3호선,0342,오금,352,N,3호선,3419,0309,지축,319,N,22:50:30,22:51:00,,3398,상행,2025-05-01T05:00:00,,평일
3호선,1958,대화,309,,20250619,3호선,0342,오금,352,N,3호선,3419,1950,삼송,318,N,22:53:30,22:54:00,,3398,상행,2025-05-01T05:00:00,,평일
3호선,1958,대화,309,,20250619,3호선,0342,오금,352,N,3호선,3419,1948,원흥,317,N,22:56:00,22:56:30,,3398,상행,2025-05-01T05:00:00,,평일
3호선,1958,대화,309,,20250619,3호선,0342,오금,352,N,3호선,3419,1951,원당,316,N,22:59:00,22:59:30,,3398,상행,2025-05-01T05:00:00,,평일
3호선,1958,대화,309,,20250619,3호선,0342,오금,352,N,3호선,3419,1952,화정,315,N,23:02:30,23:03:00,,3398,상행,2025-05-01T05:00:00,,평일
3호선,1958,대화,309,,20250619,3호선,0342,오금,352,N,3호선,3419,1953,대곡,314,N,23:05:30,23:06:00,,3398,상행,2025-05-01T05:00:00,,평일
3호선,1958,대화,309,,20250619,3호선,0342,오금,352,N,3호선,3419,1954,백석,313,N,23:09:00,23:09:30,,3398,상행,2025-05-01T05:00:00,,평일
3호선,1958,대화,309,,20250619,3호선,0342,오금,352,N,3호선,3419,1955,마두,312,N,23:11:30,23:12:00,,3398,상행,2025-05-01T05:00:00,,평일
3호선,1958,대화,309,,20250619,3호선,0342,오금,352,N,3호선,3419,1956,정발산,311,N,23:13:30,23:14:00,,3398,상행,2025-05-01T05:00:00,,평일
3호선,1958,대화,309,,20250619,3호선,0342,오금,352,N,3호선,3419,1957,주엽,310,N,23:16:00,23:16:30,,3398,상행,2025-05-01T05:00:00,,평일
3호선,1958,대화,309,,20250619,3호선,0342,오금,352,N,3호선,3419,1958,대화,309,N,23:18:30,,,3398,상행,2025-05-01T05:00:00,,평일
3호선,0310,구파발,320,,20250619,3호선,0342,오금,352,N,3호선,입고,0342,오금,352,N,,21:49:00,,3400,상행,2025-05-01T05:00:00,,평일
3호선,0310,구파발,320,,20250619,3호선,0342,오금,352,N,3호선,입고,0341,경찰병원,351,N,21:50:00,21:50:30,,3400,상행,2025-05-01T05:00:00,,평일
3호선,0310,구파발,320,,20250619,3호선,0342,오금,352,N,3호선,입고,0340,가락시장,350,N,21:51:30,21:52:00,,3400,상행,2025-05-01T05:00:00,,평일
3호선,0310,구파발,320,,20250619,3호선,0342,오금,352,N,3호선,입고,0339,수서,349,N,21:54:00,21:54:30,,3400,상행,2025-05-01T05:00:00,,평일
3호선,0310,구파발,320,,20250619,3호선,0342,오금,352,N,3호선,입고,0338,일원,348,N,21:56:30,21:57:00,,3400,상행,2025-05-01T05:00:00,,평일
3호선,0310,구파발,320,,20250619,3호선,0342,오금,352,N,3호선,입고,0337,대청,347,N,21:58:30,21:59:00,,3400,상행,2025-05-01T05:00:00,,평일
3호선,0310,구파발,320,,20250619,3호선,0342,오금,352,N,3호선,입고,0336,학여울,346,N,22:00:30,22:01:00,,3400,상행,2025-05-01T05:00:00,,평일
3호선,0310,구파발,320,,20250619,3호선,0342,오금,352,N,3호선,입고,0335,대치,345,N,22:02:00,22:02:30,,3400,상행,2025-05-01T05:00:00,,평일
3호선,0310,구파발,320,,20250619,3호선,0342,오금,352,N,3호선,입고,0334,도곡,344,N,22:03:30,22:04:00,,3400,상행,2025-05-01T05:00:00,,평일
3호선,0310,구파발,320,,20250619,3호선,0342,오금,352,N,3호선,입고,0333,매봉,343,N,22:05:30,22:06:00,,3400,상행,2025-05-01T05:00:00,,평일
3호선,0310,구파발,320,,20250619,3호선,0342,오금,352,N,3호선,입고,0332,양재,342,N,22:08:00,22:08:30,,3400,상행,2025-05-01T05:00:00,,평일
3호선,0310,구파발,320,,20250619,3호선,0342,오금,352,N,3호선,입고,0331,남부터미널,341,N,22:10:30,22:11:00,,3400,상행,2025-05-01T05:00:00,,평일
3호선,0310,구파발,320,,20250619,3호선,0342,오금,352,N,3호선,입고,0330,교대,340,N,22:12:30,22:13:00,,3400,상행,2025-05-01T05:00:00,,평일
3호선,0310,구파발,320,,20250619,3호선,0342,오금,352,N,3호선,입고,0329,고속터미널,339,N,22:15:00,22:15:30,,3400,상행,2025-05-01T05:00:00,,평일
3호선,0310,구파발,320,,20250619,3호선,0342,오금,352,N,3호선,입고,0328,잠원,338,N,22:17:00,22:17:30,,3400,상행,2025-05-01T05:00:00,,평일
3호선,0310,구파발,320,,20250619,3호선,0342,오금,352,N,3호선,입고,0327,신사,337,N,22:19:00,22:19:30,,3400,상행,2025-05-01T05:00:00,,평일
3호선,0310,구파발,320,,20250619,3호선,0342,오금,352,N,3호선,입고,0326,압구정,336,N,22:21:30,22:22:00,,3400,상행,2025-05-01T05:00:00,,평일
3호선,0310,구파발,320,,20250619,3호선,0342,오금,352,N,3호선,입고,0325,옥수,335,N,22:24:00,22:24:30,,3400,상행,2025-05-01T05:00:00,,평일
3호선,0310,구파발,320,,20250619,3호선,0342,오금,352,N,3호선,입고,0324,금호,334,N,22:25:30,22:26:00,,3400,상행,2025-05-01T05:00:00,,평일
3호선,0310,구파발,320,,20250619,3호선,0342,오금,352,N,3호선,입고,0323,약수,333,N,22:27:00,22:27:30,,3400,상행,2025-05-01T05:00:00,,평일
3호선,0310,구파발,320,,20250619,3호선,0342,오금,352,N,3호선,입고,0322,동대입구,332,N,22:28:30,22:29:00,,3400,상행,2025-05-01T05:00:00,,평일
3호선,0310,구파발,320,,20250619,3호선,0342,오금,352,N,3호선,입고,0321,충무로,331,N,22:30:30,22:31:00,,3400,상행,2025-05-01T05:00:00,,평일
3호선,0310,구파발,320,,20250619,3호선,0342,오금,352,N,3호선,입고,0320,을지로3가,330,N,22:32:00,22:32:30,,3400,상행,2025-05-01T05:00:00,,평일
3호선,0310,구파발,320,,20250619,3호선,0342,오금,352,N,3호선,입고,0319,종로3가,329,N,22:33:30,22:34:00,,3400,상행,2025-05-01T05:00:00,,평일
3호선,0310,구파발,320,,20250619,3호선,0342,오금,352,N,3호선,입고,0318,안국,328,N,22:35:30,22:36:00,,3400,상행,2025-05-01T05:00:00,,평일
3호선,0310,구파발,320,,20250619,3호선,0342,오금,352,N,3호선,입고,0317,경복궁,327,N,22:37:30,22:38:00,,3400,상행,2025-05-01T05:00:00,,평일
3호선,0310,구파발,320,,20250619,3호선,0342,오금,352,N,3호선,입고,0316,독립문,326,N,22:40:00,22:40:30,,3400,상행,2025-05-01T05:00:00,,평일
3호선,0310,구파발,320,,20250619,3호선,0342,오금,352,N,3호선,입고,0315,무악재,325,N,22:42:00,22:42:30,,3400,상행,2025-05-01T05:00:00,,평일
3호선,0310,구파발,320,,20250619,3호선,0342,오금,352,N,3호선,입고,0314,홍제,324,N,22:44:00,22:44:30,,3400,상행,2025-05-01T05:00:00,,평일
3호선,0310,구파발,320,,20250619,3호선,0342,오금,352,N,3호선,입고,0313,녹번,323,N,22:46:30,22:47:00,,3400,상행,2025-05-01T05:00:00,,평일
3호선,0310,구파발,320,,20250619,3호선,0342,오금,352,N,3호선,입고,0312,불광,322,N,22:48:30,22:49:00,,3400,상행,2025-05-01T05:00:00,,평일
3호선,0310,구파발,320,,20250619,3호선,0342,오금,352,N,3호선,입고,0311,연신내,321,N,22:50:30,22:51:00,,3400,상행,2025-05-01T05:00:00,,평일
3호선,0310,구파발,320,,20250619,3호선,0342,오금,352,N,3호선,입고,0310,구파발,320,N,22:53:00,,,3400,상행,2025-05-01T05:00:00,,평일
3호선,1958,대화,309,,20250619,3호선,0342,오금,352,N,3호선,3421,0342,오금,352,N,,21:57:00,,3402,상행,2025-05-01T05:00:00,,평일
3호선,1958,대화,309,,20250619,3호선,0342,오금,352,N,3호선,3421,0341,경찰병원,351,N,21:58:00,21:58:30,,3402,상행,2025-05-01T05:00:00,,평일
3호선,1958,대화,309,,20250619,3호선,0342,오금,352,N,3호선,3421,0340,가락시장,350,N,21:59:30,22:00:00,,3402,상행,2025-05-01T05:00:00,,평일
3호선,1958,대화,309,,20250619,3호선,0342,오금,352,N,3호선,3421,0339,수서,349,N,22:02:00,22:02:30,,3402,상행,2025-05-01T05:00:00,,평일
3호선,1958,대화,309,,20250619,3호선,0342,오금,352,N,3호선,3421,0338,일원,348,N,22:04:30,22:05:00,,3402,상행,2025-05-01T05:00:00,,평일
3호선,1958,대화,309,,20250619,3호선,0342,오금,352,N,3호선,3421,0337,대청,347,N,22:06:30,22:07:00,,3402,상행,2025-05-01T05:00:00,,평일
3호선,1958,대화,309,,20250619,3호선,0342,오금,352,N,3호선,3421,0336,학여울,346,N,22:08:30,22:09:00,,3402,상행,2025-05-01T05:00:00,,평일
3호선,1958,대화,309,,20250619,3호선,0342,오금,352,N,3호선,3421,0335,대치,345,N,22:10:00,22:10:30,,3402,상행,2025-05-01T05:00:00,,평일
3호선,1958,대화,309,,20250619,3호선,0342,오금,352,N,3호선,3421,0334,도곡,344,N,22:11:30,22:12:00,,3402,상행,2025-05-01T05:00:00,,평일
3호선,1958,대화,309,,20250619,3호선,0342,오금,352,N,3호선,3421,0333,매봉,343,N,22:13:30,22:14:00,,3402,상행,2025-05-01T05:00:00,,평일
3호선,1958,대화,309,,20250619,3호선,0342,오금,352,N,3호선,3421,0332,양재,342,N,22:16:00,22:16:30,,3402,상행,2025-05-01T05:00:00,,평일
3호선,1958,대화,309,,20250619,3호선,0342,오금,352,N,3호선,3421,0331,남부터미널,341,N,22:18:30,22:19:00,,3402,상행,2025-05-01T05:00:00,,평일
3호선,1958,대화,309,,20250619,3호선,0342,오금,352,N,3호선,3421,0330,교대,340,N,22:20:30,22:21:00,,3402,상행,2025-05-01T05:00:00,,평일
3호선,1958,대화,309,,20250619,3호선,0342,오금,352,N,3호선,3421,0329,고속터미널,339,N,22:23:00,22:23:30,,3402,상행,2025-05-01T05:00:00,,평일
3호선,1958,대화,309,,20250619,3호선,0342,오금,352,N,3호선,3421,0328,잠원,338,N,22:25:00,22:25:30,,3402,상행,2025-05-01T05:00:00,,평일
3호선,1958,대화,309,,20250619,3호선,0342,오금,352,N,3호선,3421,0327,신사,337,N,22:27:00,22:27:30,,3402,상행,2025-05-01T05:00:00,,평일
3호선,1958,대화,309,,20250619,3호선,0342,오금,352,N,3호선,3421,0326,압구정,336,N,22:29:30,22:30:00,,3402,상행,2025-05-01T05:00:00,,평일
3호선,1958,대화,309,,20250619,3호선,0342,오금,352,N,3호선,3421,0325,옥수,335,N,22:32:00,22:32:30,,3402,상행,2025-05-01T05:00:00,,평일
3호선,1958,대화,309,,20250619,3호선,0342,오금,352,N,3호선,3421,0324,금호,334,N,22:33:30,22:34:00,,3402,상행,2025-05-01T05:00:00,,평일
3호선,1958,대화,309,,20250619,3호선,0342,오금,352,N,3호선,3421,0323,약수,333,N,22:35:00,22:35:30,,3402,상행,2025-05-01T05:00:00,,평일
3호선,1958,대화,309,,20250619,3호선,0342,오금,352,N,3호선,3421,0322,동대입구,332,N,22:36:30,22:37:00,,3402,상행,2025-05-01T05:00:00,,평일
3호선,1958,대화,309,,20250619,3호선,0342,오금,352,N,3호선,3421,0321,충무로,331,N,22:38:30,22:39:00,,3402,상행,2025-05-01T05:00:00,,평일
3호선,1958,대화,309,,20250619,3호선,0342,오금,352,N,3호선,3421,0320,을지로3가,330,N,22:40:00,22:40:30,,3402,상행,2025-05-01T05:00:00,,평일
3호선,1958,대화,309,,20250619,3호선,0342,오금,352,N,3호선,3421,0319,종로3가,329,N,22:41:30,22:42:00,,3402,상행,2025-05-01T05:00:00,,평일
3호선,1958,대화,309,,20250619,3호선,0342,오금,352,N,3호선,3421,0318,안국,328,N,22:43:30,22:44:00,,3402,상행,2025-05-01T05:00:00,,평일
3호선,1958,대화,309,,20250619,3호선,0342,오금,352,N,3호선,3421,0317,경복궁,327,N,22:45:30,22:46:00,,3402,상행,2025-05-01T05:00:00,,평일
3호선,1958,대화,309,,20250619,3호선,0342,오금,352,N,3호선,3421,0316,독립문,326,N,22:48:00,22:48:30,,3402,상행,2025-05-01T05:00:00,,평일
3호선,1958,대화,309,,20250619,3호선,0342,오금,352,N,3호선,3421,0315,무악재,325,N,22:50:00,22:50:30,,3402,상행,2025-05-01T05:00:00,,평일
3호선,1958,대화,309,,20250619,3호선,0342,오금,352,N,3호선,3421,0314,홍제,324,N,22:52:00,22:52:30,,3402,상행,2025-05-01T05:00:00,,평일
3호선,1958,대화,309,,20250619,3호선,0342,오금,352,N,3호선,3421,0313,녹번,323,N,22:54:30,22:55:00,,3402,상행,2025-05-01T05:00:00,,평일
3호선,1958,대화,309,,20250619,3호선,0342,오금,352,N,3호선,3421,0312,불광,322,N,22:56:30,22:57:00,,3402,상행,2025-05-01T05:00:00,,평일
3호선,1958,대화,309,,20250619,3호선,0342,오금,352,N,3호선,3421,0311,연신내,321,N,22:58:30,22:59:00,,3402,상행,2025-05-01T05:00:00,,평일
3호선,1958,대화,309,,20250619,3호선,0342,오금,352,N,3호선,3421,0310,구파발,320,N,23:01:00,23:01:30,,3402,상행,2025-05-01T05:00:00,,평일
3호선,1958,대화,309,,20250619,3호선,0342,오금,352,N,3호선,3421,0309,지축,319,N,23:04:30,23:05:00,,3402,상행,2025-05-01T05:00:00,,평일
3호선,1958,대화,309,,20250619,3호선,0342,오금,352,N,3호선,3421,1950,삼송,318,N,23:07:30,23:08:00,,3402,상행,2025-05-01T05:00:00,,평일
3호선,1958,대화,309,,20250619,3호선,0342,오금,352,N,3호선,3421,1948,원흥,317,N,23:10:00,23:10:30,,3402,상행,2025-05-01T05:00:00,,평일
3호선,1958,대화,309,,20250619,3호선,0342,오금,352,N,3호선,3421,1951,원당,316,N,23:13:00,23:13:30,,3402,상행,2025-05-01T05:00:00,,평일
3호선,1958,대화,309,,20250619,3호선,0342,오금,352,N,3호선,3421,1952,화정,315,N,23:16:30,23:17:00,,3402,상행,2025-05-01T05:00:00,,평일
3호선,1958,대화,309,,20250619,3호선,0342,오금,352,N,3호선,3421,1953,대곡,314,N,23:19:30,23:20:00,,3402,상행,2025-05-01T05:00:00,,평일
3호선,1958,대화,309,,20250619,3호선,0342,오금,352,N,3호선,3421,1954,백석,313,N,23:23:00,23:23:30,,3402,상행,2025-05-01T05:00:00,,평일
3호선,1958,대화,309,,20250619,3호선,0342,오금,352,N,3호선,3421,1955,마두,312,N,23:25:30,23:26:00,,3402,상행,2025-05-01T05:00:00,,평일
3호선,1958,대화,309,,20250619,3호선,0342,오금,352,N,3호선,3421,1956,정발산,311,N,23:27:30,23:28:00,,3402,상행,2025-05-01T05:00:00,,평일
3호선,1958,대화,309,,20250619,3호선,0342,오금,352,N,3호선,3421,1957,주엽,310,N,23:30:00,23:30:30,,3402,상행,2025-05-01T05:00:00,,평일
3호선,1958,대화,309,,20250619,3호선,0342,오금,352,N,3호선,3421,1958,대화,309,N,23:32:30,,,3402,상행,2025-05-01T05:00:00,,평일
3호선,1958,대화,309,,20250619,3호선,0342,오금,352,N,3호선,3423,0342,오금,352,N,,22:06:00,,3406,상행,2025-05-01T05:00:00,,평일
3호선,1958,대화,309,,20250619,3호선,0342,오금,352,N,3호선,3423,0341,경찰병원,351,N,22:07:00,22:07:30,,3406,상행,2025-05-01T05:00:00,,평일
3호선,1958,대화,309,,20250619,3호선,0342,오금,352,N,3호선,3423,0340,가락시장,350,N,22:08:30,22:09:00,,3406,상행,2025-05-01T05:00:00,,평일
3호선,1958,대화,309,,20250619,3호선,0342,오금,352,N,3호선,3423,0339,수서,349,N,22:11:00,22:11:30,,3406,상행,2025-05-01T05:00:00,,평일
3호선,1958,대화,309,,20250619,3호선,0342,오금,352,N,3호선,3423,0338,일원,348,N,22:13:30,22:14:00,,3406,상행,2025-05-01T05:00:00,,평일
3호선,1958,대화,309,,20250619,3호선,0342,오금,352,N,3호선,3423,0337,대청,347,N,22:15:30,22:16:00,,3406,상행,2025-05-01T05:00:00,,평일
3호선,1958,대화,309,,20250619,3호선,0342,오금,352,N,3호선,3423,0336,학여울,346,N,22:17:30,22:18:00,,3406,상행,2025-05-01T05:00:00,,평일
3호선,1958,대화,309,,20250619,3호선,0342,오금,352,N,3호선,3423,0335,대치,345,N,22:19:00,22:19:30,,3406,상행,2025-05-01T05:00:00,,평일
3호선,1958,대화,309,,20250619,3호선,0342,오금,352,N,3호선,3423,0334,도곡,344,N,22:20:30,22:21:00,,3406,상행,2025-05-01T05:00:00,,평일
3호선,1958,대화,309,,20250619,3호선,0342,오금,352,N,3호선,3423,0333,매봉,343,N,22:22:30,22:23:00,,3406,상행,2025-05-01T05:00:00,,평일
3호선,1958,대화,309,,20250619,3호선,0342,오금,352,N,3호선,3423,0332,양재,342,N,22:25:00,22:25:30,,3406,상행,2025-05-01T05:00:00,,평일
3호선,1958,대화,309,,20250619,3호선,0342,오금,352,N,3호선,3423,0331,남부터미널,341,N,22:27:30,22:28:00,,3406,상행,2025-05-01T05:00:00,,평일
3호선,1958,대화,309,,20250619,3호선,0342,오금,352,N,3호선,3423,0330,교대,340,N,22:29:30,22:30:00,,3406,상행,2025-05-01T05:00:00,,평일
3호선,1958,대화,309,,20250619,3호선,0342,오금,352,N,3호선,3423,0329,고속터미널,339,N,22:32:00,22:32:30,,3406,상행,2025-05-01T05:00:00,,평일
3호선,1958,대화,309,,20250619,3호선,0342,오금,352,N,3호선,3423,0328,잠원,338,N,22:34:00,22:34:30,,3406,상행,2025-05-01T05:00:00,,평일
3호선,1958,대화,309,,20250619,3호선,0342,오금,352,N,3호선,3423,0327,신사,337,N,22:36:00,22:36:30,,3406,상행,2025-05-01T05:00:00,,평일
3호선,1958,대화,309,,20250619,3호선,0342,오금,352,N,3호선,3423,0326,압구정,336,N,22:38:30,22:39:00,,3406,상행,2025-05-01T05:00:00,,평일
3호선,1958,대화,309,,20250619,3호선,0342,오금,352,N,3호선,3423,0325,옥수,335,N,22:41:00,22:41:30,,3406,상행,2025-05-01T05:00:00,,평일
3호선,1958,대화,309,,20250619,3호선,0342,오금,352,N,3호선,3423,0324,금호,334,N,22:42:30,22:43:00,,3406,상행,2025-05-01T05:00:00,,평일
3호선,1958,대화,309,,20250619,3호선,0342,오금,352,N,3호선,3423,0323,약수,333,N,22:44:00,22:44:30,,3406,상행,2025-05-01T05:00:00,,평일
3호선,1958,대화,309,,20250619,3호선,0342,오금,352,N,3호선,3423,0322,동대입구,332,N,22:45:30,22:46:00,,3406,상행,2025-05-01T05:00:00,,평일
3호선,1958,대화,309,,20250619,3호선,0342,오금,352,N,3호선,3423,0321,충무로,331,N,22:47:30,22:48:00,,3406,상행,2025-05-01T05:00:00,,평일
3호선,1958,대화,309,,20250619,3호선,0342,오금,352,N,3호선,3423,0320,을지로3가,330,N,22:49:00,22:49:30,,3406,상행,2025-05-01T05:00:00,,평일
3호선,1958,대화,309,,20250619,3호선,0342,오금,352,N,3호선,3423,0319,종로3가,329,N,22:50:30,22:51:00,,3406,상행,2025-05-01T05:00:00,,평일
3호선,1958,대화,309,,20250619,3호선,0342,오금,352,N,3호선,3423,0318,안국,328,N,22:52:30,22:53:00,,3406,상행,2025-05-01T05:00:00,,평일
3호선,1958,대화,309,,20250619,3호선,0342,오금,352,N,3호선,3423,0317,경복궁,327,N,22:54:30,22:55:00,,3406,상행,2025-05-01T05:00:00,,평일
3호선,1958,대화,309,,20250619,3호선,0342,오금,352,N,3호선,3423,0316,독립문,326,N,22:57:00,22:57:30,,3406,상행,2025-05-01T05:00:00,,평일
3호선,1958,대화,309,,20250619,3호선,0342,오금,352,N,3호선,3423,0315,무악재,325,N,22:59:00,22:59:30,,3406,상행,2025-05-01T05:00:00,,평일
3호선,1958,대화,309,,20250619,3호선,0342,오금,352,N,3호선,3423,0314,홍제,324,N,23:01:00,23:01:30,,3406,상행,2025-05-01T05:00:00,,평일
3호선,1958,대화,309,,20250619,3호선,0342,오금,352,N,3호선,3423,0313,녹번,323,N,23:03:30,23:04:00,,3406,상행,2025-05-01T05:00:00,,평일
3호선,1958,대화,309,,20250619,3호선,0342,오금,352,N,3호선,3423,0312,불광,322,N,23:05:30,23:06:00,,3406,상행,2025-05-01T05:00:00,,평일
3호선,1958,대화,309,,20250619,3호선,0342,오금,352,N,3호선,3423,0311,연신내,321,N,23:07:30,23:08:00,,3406,상행,2025-05-01T05:00:00,,평일
3호선,1958,대화,309,,20250619,3호선,0342,오금,352,N,3호선,3423,0310,구파발,320,N,23:10:00,23:10:30,,3406,상행,2025-05-01T05:00:00,,평일
3호선,1958,대화,309,,20250619,3호선,0342,오금,352,N,3호선,3423,0309,지축,319,N,23:13:30,23:14:00,,3406,상행,2025-05-01T05:00:00,,평일
3호선,1958,대화,309,,20250619,3호선,0342,오금,352,N,3호선,3423,1950,삼송,318,N,23:16:30,23:17:00,,3406,상행,2025-05-01T05:00:00,,평일
3호선,1958,대화,309,,20250619,3호선,0342,오금,352,N,3호선,3423,1948,원흥,317,N,23:19:00,23:19:30,,3406,상행,2025-05-01T05:00:00,,평일
3호선,1958,대화,309,,20250619,3호선,0342,오금,352,N,3호선,3423,1951,원당,316,N,23:22:00,23:22:30,,3406,상행,2025-05-01T05:00:00,,평일
3호선,1958,대화,309,,20250619,3호선,0342,오금,352,N,3호선,3423,1952,화정,315,N,23:25:30,23:26:00,,3406,상행,2025-05-01T05:00:00,,평일
3호선,1958,대화,309,,20250619,3호선,0342,오금,352,N,3호선,3423,1953,대곡,314,N,23:28:30,23:29:00,,3406,상행,2025-05-01T05:00:00,,평일
3호선,1958,대화,309,,20250619,3호선,0342,오금,352,N,3호선,3423,1954,백석,313,N,23:32:00,23:32:30,,3406,상행,2025-05-01T05:00:00,,평일
3호선,1958,대화,309,,20250619,3호선,0342,오금,352,N,3호선,3423,1955,마두,312,N,23:34:30,23:35:00,,3406,상행,2025-05-01T05:00:00,,평일
3호선,1958,대화,309,,20250619,3호선,0342,오금,352,N,3호선,3423,1956,정발산,311,N,23:36:30,23:37:00,,3406,상행,2025-05-01T05:00:00,,평일
3호선,1958,대화,309,,20250619,3호선,0342,오금,352,N,3호선,3423,1957,주엽,310,N,23:39:00,23:39:30,,3406,상행,2025-05-01T05:00:00,,평일
3호선,1958,대화,309,,20250619,3호선,0342,오금,352,N,3호선,3423,1958,대화,309,N,23:41:30,,,3406,상행,2025-05-01T05:00:00,,평일
3호선,0310,구파발,320,,20250619,3호선,0342,오금,352,N,3호선,입고,0342,오금,352,N,,22:15:00,,3408K,상행,2025-05-01T05:00:00,,평일
3호선,0310,구파발,320,,20250619,3호선,0342,오금,352,N,3호선,입고,0341,경찰병원,351,N,22:16:00,22:16:30,,3408K,상행,2025-05-01T05:00:00,,평일
3호선,0310,구파발,320,,20250619,3호선,0342,오금,352,N,3호선,입고,0340,가락시장,350,N,22:17:30,22:18:00,,3408K,상행,2025-05-01T05:00:00,,평일
3호선,0310,구파발,320,,20250619,3호선,0342,오금,352,N,3호선,입고,0339,수서,349,N,22:20:00,22:20:30,,3408K,상행,2025-05-01T05:00:00,,평일
3호선,0310,구파발,320,,20250619,3호선,0342,오금,352,N,3호선,입고,0338,일원,348,N,22:22:30,22:23:00,,3408K,상행,2025-05-01T05:00:00,,평일
3호선,0310,구파발,320,,20250619,3호선,0342,오금,352,N,3호선,입고,0337,대청,347,N,22:24:30,22:25:00,,3408K,상행,2025-05-01T05:00:00,,평일
3호선,0310,구파발,320,,20250619,3호선,0342,오금,352,N,3호선,입고,0336,학여울,346,N,22:26:30,22:27:00,,3408K,상행,2025-05-01T05:00:00,,평일
3호선,0310,구파발,320,,20250619,3호선,0342,오금,352,N,3호선,입고,0335,대치,345,N,22:28:00,22:28:30,,3408K,상행,2025-05-01T05:00:00,,평일
3호선,0310,구파발,320,,20250619,3호선,0342,오금,352,N,3호선,입고,0334,도곡,344,N,22:29:30,22:30:00,,3408K,상행,2025-05-01T05:00:00,,평일
3호선,0310,구파발,320,,20250619,3호선,0342,오금,352,N,3호선,입고,0333,매봉,343,N,22:31:30,22:32:00,,3408K,상행,2025-05-01T05:00:00,,평일
3호선,0310,구파발,320,,20250619,3호선,0342,오금,352,N,3호선,입고,0332,양재,342,N,22:34:00,22:34:30,,3408K,상행,2025-05-01T05:00:00,,평일
3호선,0310,구파발,320,,20250619,3호선,0342,오금,352,N,3호선,입고,0331,남부터미널,341,N,22:36:30,22:37:00,,3408K,상행,2025-05-01T05:00:00,,평일
3호선,0310,구파발,320,,20250619,3호선,0342,오금,352,N,3호선,입고,0330,교대,340,N,22:38:30,22:39:00,,3408K,상행,2025-05-01T05:00:00,,평일
3호선,0310,구파발,320,,20250619,3호선,0342,오금,352,N,3호선,입고,0329,고속터미널,339,N,22:41:00,22:41:30,,3408K,상행,2025-05-01T05:00:00,,평일
3호선,0310,구파발,320,,20250619,3호선,0342,오금,352,N,3호선,입고,0328,잠원,338,N,22:43:00,22:43:30,,3408K,상행,2025-05-01T05:00:00,,평일
3호선,0310,구파발,320,,20250619,3호선,0342,오금,352,N,3호선,입고,0327,신사,337,N,22:45:00,22:45:30,,3408K,상행,2025-05-01T05:00:00,,평일
3호선,0310,구파발,320,,20250619,3호선,0342,오금,352,N,3호선,입고,0326,압구정,336,N,22:47:30,22:48:00,,3408K,상행,2025-05-01T05:00:00,,평일
3호선,0310,구파발,320,,20250619,3호선,0342,오금,352,N,3호선,입고,0325,옥수,335,N,22:50:00,22:50:30,,3408K,상행,2025-05-01T05:00:00,,평일
3호선,0310,구파발,320,,20250619,3호선,0342,오금,352,N,3호선,입고,0324,금호,334,N,22:51:30,22:52:00,,3408K,상행,2025-05-01T05:00:00,,평일
3호선,0310,구파발,320,,20250619,3호선,0342,오금,352,N,3호선,입고,0323,약수,333,N,22:53:00,22:53:30,,3408K,상행,2025-05-01T05:00:00,,평일
3호선,0310,구파발,320,,20250619,3호선,0342,오금,352,N,3호선,입고,0322,동대입구,332,N,22:54:30,22:55:00,,3408K,상행,2025-05-01T05:00:00,,평일
3호선,0310,구파발,320,,20250619,3호선,0342,오금,352,N,3호선,입고,0321,충무로,331,N,22:56:30,22:57:00,,3408K,상행,2025-05-01T05:00:00,,평일
3호선,0310,구파발,320,,20250619,3호선,0342,오금,352,N,3호선,입고,0320,을지로3가,330,N,22:58:00,22:58:30,,3408K,상행,2025-05-01T05:00:00,,평일
3호선,0310,구파발,320,,20250619,3호선,0342,오금,352,N,3호선,입고,0319,종로3가,329,N,22:59:30,23:00:00,,3408K,상행,2025-05-01T05:00:00,,평일
3호선,0310,구파발,320,,20250619,3호선,0342,오금,352,N,3호선,입고,0318,안국,328,N,23:01:30,23:02:00,,3408K,상행,2025-05-01T05:00:00,,평일
3호선,0310,구파발,320,,20250619,3호선,0342,오금,352,N,3호선,입고,0317,경복궁,327,N,23:03:30,23:04:00,,3408K,상행,2025-05-01T05:00:00,,평일
3호선,0310,구파발,320,,20250619,3호선,0342,오금,352,N,3호선,입고,0316,독립문,326,N,23:06:00,23:06:30,,3408K,상행,2025-05-01T05:00:00,,평일
3호선,0310,구파발,320,,20250619,3호선,0342,오금,352,N,3호선,입고,0315,무악재,325,N,23:08:00,23:08:30,,3408K,상행,2025-05-01T05:00:00,,평일
3호선,0310,구파발,320,,20250619,3호선,0342,오금,352,N,3호선,입고,0314,홍제,324,N,23:10:00,23:10:30,,3408K,상행,2025-05-01T05:00:00,,평일
3호선,0310,구파발,320,,20250619,3호선,0342,오금,352,N,3호선,입고,0313,녹번,323,N,23:12:30,23:13:00,,3408K,상행,2025-05-01T05:00:00,,평일
3호선,0310,구파발,320,,20250619,3호선,0342,오금,352,N,3호선,입고,0312,불광,322,N,23:14:30,23:15:00,,3408K,상행,2025-05-01T05:00:00,,평일
3호선,0310,구파발,320,,20250619,3호선,0342,오금,352,N,3호선,입고,0311,연신내,321,N,23:16:30,23:17:00,,3408K,상행,2025-05-01T05:00:00,,평일
3호선,0310,구파발,320,,20250619,3호선,0342,오금,352,N,3호선,입고,0310,구파발,320,N,23:19:00,,,3408K,상행,2025-05-01T05:00:00,,평일
3호선,1958,대화,309,,20250619,3호선,0342,오금,352,N,3호선,3425,0342,오금,352,N,,22:22:00,,3410,상행,2025-05-01T05:00:00,,평일
3호선,1958,대화,309,,20250619,3호선,0342,오금,352,N,3호선,3425,0341,경찰병원,351,N,22:23:00,22:23:30,,3410,상행,2025-05-01T05:00:00,,평일
3호선,1958,대화,309,,20250619,3호선,0342,오금,352,N,3호선,3425,0340,가락시장,350,N,22:24:30,22:25:00,,3410,상행,2025-05-01T05:00:00,,평일
3호선,1958,대화,309,,20250619,3호선,0342,오금,352,N,3호선,3425,0339,수서,349,N,22:27:00,22:27:30,,3410,상행,2025-05-01T05:00:00,,평일
3호선,1958,대화,309,,20250619,3호선,0342,오금,352,N,3호선,3425,0338,일원,348,N,22:29:30,22:30:00,,3410,상행,2025-05-01T05:00:00,,평일
3호선,1958,대화,309,,20250619,3호선,0342,오금,352,N,3호선,3425,0337,대청,347,N,22:31:30,22:32:00,,3410,상행,2025-05-01T05:00:00,,평일
3호선,1958,대화,309,,20250619,3호선,0342,오금,352,N,3호선,3425,0336,학여울,346,N,22:33:30,22:34:00,,3410,상행,2025-05-01T05:00:00,,평일
3호선,1958,대화,309,,20250619,3호선,0342,오금,352,N,3호선,3425,0335,대치,345,N,22:35:00,22:35:30,,3410,상행,2025-05-01T05:00:00,,평일
3호선,1958,대화,309,,20250619,3호선,0342,오금,352,N,3호선,3425,0334,도곡,344,N,22:36:30,22:37:00,,3410,상행,2025-05-01T05:00:00,,평일
3호선,1958,대화,309,,20250619,3호선,0342,오금,352,N,3호선,3425,0333,매봉,343,N,22:38:30,22:39:00,,3410,상행,2025-05-01T05:00:00,,평일
3호선,1958,대화,309,,20250619,3호선,0342,오금,352,N,3호선,3425,0332,양재,342,N,22:41:00,22:41:30,,3410,상행,2025-05-01T05:00:00,,평일
3호선,1958,대화,309,,20250619,3호선,0342,오금,352,N,3호선,3425,0331,남부터미널,341,N,22:43:30,22:44:00,,3410,상행,2025-05-01T05:00:00,,평일
3호선,1958,대화,309,,20250619,3호선,0342,오금,352,N,3호선,3425,0330,교대,340,N,22:45:30,22:46:00,,3410,상행,2025-05-01T05:00:00,,평일
3호선,1958,대화,309,,20250619,3호선,0342,오금,352,N,3호선,3425,0329,고속터미널,339,N,22:48:00,22:48:30,,3410,상행,2025-05-01T05:00:00,,평일
3호선,1958,대화,309,,20250619,3호선,0342,오금,352,N,3호선,3425,0328,잠원,338,N,22:50:00,22:50:30,,3410,상행,2025-05-01T05:00:00,,평일
3호선,1958,대화,309,,20250619,3호선,0342,오금,352,N,3호선,3425,0327,신사,337,N,22:52:00,22:52:30,,3410,상행,2025-05-01T05:00:00,,평일
3호선,1958,대화,309,,20250619,3호선,0342,오금,352,N,3호선,3425,0326,압구정,336,N,22:54:30,22:55:00,,3410,상행,2025-05-01T05:00:00,,평일
3호선,1958,대화,309,,20250619,3호선,0342,오금,352,N,3호선,3425,0325,옥수,335,N,22:57:00,22:57:30,,3410,상행,2025-05-01T05:00:00,,평일
3호선,1958,대화,309,,20250619,3호선,0342,오금,352,N,3호선,3425,0324,금호,334,N,22:58:30,22:59:00,,3410,상행,2025-05-01T05:00:00,,평일
3호선,1958,대화,309,,20250619,3호선,0342,오금,352,N,3호선,3425,0323,약수,333,N,23:00:00,23:00:30,,3410,상행,2025-05-01T05:00:00,,평일
3호선,1958,대화,309,,20250619,3호선,0342,오금,352,N,3호선,3425,0322,동대입구,332,N,23:01:30,23:02:00,,3410,상행,2025-05-01T05:00:00,,평일
3호선,1958,대화,309,,20250619,3호선,0342,오금,352,N,3호선,3425,0321,충무로,331,N,23:03:30,23:04:00,,3410,상행,2025-05-01T05:00:00,,평일
3호선,1958,대화,309,,20250619,3호선,0342,오금,352,N,3호선,3425,0320,을지로3가,330,N,23:05:00,23:05:30,,3410,상행,2025-05-01T05:00:00,,평일
3호선,1958,대화,309,,20250619,3호선,0342,오금,352,N,3호선,3425,0319,종로3가,329,N,23:06:30,23:07:00,,3410,상행,2025-05-01T05:00:00,,평일
3호선,1958,대화,309,,20250619,3호선,0342,오금,352,N,3호선,3425,0318,안국,328,N,23:08:30,23:09:00,,3410,상행,2025-05-01T05:00:00,,평일
3호선,1958,대화,309,,20250619,3호선,0342,오금,352,N,3호선,3425,0317,경복궁,327,N,23:10:30,23:11:00,,3410,상행,2025-05-01T05:00:00,,평일
3호선,1958,대화,309,,20250619,3호선,0342,오금,352,N,3호선,3425,0316,독립문,326,N,23:13:00,23:13:30,,3410,상행,2025-05-01T05:00:00,,평일
3호선,1958,대화,309,,20250619,3호선,0342,오금,352,N,3호선,3425,0315,무악재,325,N,23:15:00,23:15:30,,3410,상행,2025-05-01T05:00:00,,평일
3호선,1958,대화,309,,20250619,3호선,0342,오금,352,N,3호선,3425,0314,홍제,324,N,23:17:00,23:17:30,,3410,상행,2025-05-01T05:00:00,,평일
3호선,1958,대화,309,,20250619,3호선,0342,오금,352,N,3호선,3425,0313,녹번,323,N,23:19:30,23:20:00,,3410,상행,2025-05-01T05:00:00,,평일
3호선,1958,대화,309,,20250619,3호선,0342,오금,352,N,3호선,3425,0312,불광,322,N,23:21:30,23:22:00,,3410,상행,2025-05-01T05:00:00,,평일
3호선,1958,대화,309,,20250619,3호선,0342,오금,352,N,3호선,3425,0311,연신내,321,N,23:23:30,23:24:00,,3410,상행,2025-05-01T05:00:00,,평일
3호선,1958,대화,309,,20250619,3호선,0342,오금,352,N,3호선,3425,0310,구파발,320,N,23:26:00,23:26:30,,3410,상행,2025-05-01T05:00:00,,평일
3호선,1958,대화,309,,20250619,3호선,0342,오금,352,N,3호선,3425,0309,지축,319,N,23:29:30,23:30:00,,3410,상행,2025-05-01T05:00:00,,평일
3호선,1958,대화,309,,20250619,3호선,0342,오금,352,N,3호선,3425,1950,삼송,318,N,23:32:30,23:33:00,,3410,상행,2025-05-01T05:00:00,,평일
3호선,1958,대화,309,,20250619,3호선,0342,오금,352,N,3호선,3425,1948,원흥,317,N,23:35:00,23:35:30,,3410,상행,2025-05-01T05:00:00,,평일
3호선,1958,대화,309,,20250619,3호선,0342,오금,352,N,3호선,3425,1951,원당,316,N,23:38:00,23:38:30,,3410,상행,2025-05-01T05:00:00,,평일
3호선,1958,대화,309,,20250619,3호선,0342,오금,352,N,3호선,3425,1952,화정,315,N,23:41:30,23:42:00,,3410,상행,2025-05-01T05:00:00,,평일
3호선,1958,대화,309,,20250619,3호선,0342,오금,352,N,3호선,3425,1953,대곡,314,N,23:44:30,23:45:00,,3410,상행,2025-05-01T05:00:00,,평일
3호선,1958,대화,309,,20250619,3호선,0342,오금,352,N,3호선,3425,1954,백석,313,N,23:48:00,23:48:30,,3410,상행,2025-05-01T05:00:00,,평일
3호선,1958,대화,309,,20250619,3호선,0342,오금,352,N,3호선,3425,1955,마두,312,N,23:50:30,23:51:00,,3410,상행,2025-05-01T05:00:00,,평일
3호선,1958,대화,309,,20250619,3호선,0342,오금,352,N,3호선,3425,1956,정발산,311,N,23:52:30,23:53:00,,3410,상행,2025-05-01T05:00:00,,평일
3호선,1958,대화,309,,20250619,3호선,0342,오금,352,N,3호선,3425,1957,주엽,310,N,23:55:00,23:55:30,,3410,상행,2025-05-01T05:00:00,,평일
3호선,1958,대화,309,,20250619,3호선,0342,오금,352,N,3호선,3425,1958,대화,309,N,23:57:30,,,3410,상행,2025-05-01T05:00:00,,평일
3호선,0310,구파발,320,,20250619,3호선,0342,오금,352,N,3호선,3413,0342,오금,352,N,,22:29:00,,3412,상행,2025-05-01T05:00:00,,평일
3호선,0310,구파발,320,,20250619,3호선,0342,오금,352,N,3호선,3413,0341,경찰병원,351,N,22:30:00,22:30:30,,3412,상행,2025-05-01T05:00:00,,평일
3호선,0310,구파발,320,,20250619,3호선,0342,오금,352,N,3호선,3413,0340,가락시장,350,N,22:31:30,22:32:00,,3412,상행,2025-05-01T05:00:00,,평일
3호선,0310,구파발,320,,20250619,3호선,0342,오금,352,N,3호선,3413,0339,수서,349,N,22:34:00,22:34:30,,3412,상행,2025-05-01T05:00:00,,평일
3호선,0310,구파발,320,,20250619,3호선,0342,오금,352,N,3호선,3413,0338,일원,348,N,22:36:30,22:37:00,,3412,상행,2025-05-01T05:00:00,,평일
3호선,0310,구파발,320,,20250619,3호선,0342,오금,352,N,3호선,3413,0337,대청,347,N,22:38:30,22:39:00,,3412,상행,2025-05-01T05:00:00,,평일
3호선,0310,구파발,320,,20250619,3호선,0342,오금,352,N,3호선,3413,0336,학여울,346,N,22:40:30,22:41:00,,3412,상행,2025-05-01T05:00:00,,평일
3호선,0310,구파발,320,,20250619,3호선,0342,오금,352,N,3호선,3413,0335,대치,345,N,22:42:00,22:42:30,,3412,상행,2025-05-01T05:00:00,,평일
3호선,0310,구파발,320,,20250619,3호선,0342,오금,352,N,3호선,3413,0334,도곡,344,N,22:43:30,22:44:00,,3412,상행,2025-05-01T05:00:00,,평일
3호선,0310,구파발,320,,20250619,3호선,0342,오금,352,N,3호선,3413,0333,매봉,343,N,22:45:30,22:46:00,,3412,상행,2025-05-01T05:00:00,,평일
3호선,0310,구파발,320,,20250619,3호선,0342,오금,352,N,3호선,3413,0332,양재,342,N,22:48:00,22:48:30,,3412,상행,2025-05-01T05:00:00,,평일
3호선,0310,구파발,320,,20250619,3호선,0342,오금,352,N,3호선,3413,0331,남부터미널,341,N,22:50:30,22:51:00,,3412,상행,2025-05-01T05:00:00,,평일
3호선,0310,구파발,320,,20250619,3호선,0342,오금,352,N,3호선,3413,0330,교대,340,N,22:52:30,22:53:00,,3412,상행,2025-05-01T05:00:00,,평일
3호선,0310,구파발,320,,20250619,3호선,0342,오금,352,N,3호선,3413,0329,고속터미널,339,N,22:55:00,22:55:30,,3412,상행,2025-05-01T05:00:00,,평일
3호선,0310,구파발,320,,20250619,3호선,0342,오금,352,N,3호선,3413,0328,잠원,338,N,22:57:00,22:57:30,,3412,상행,2025-05-01T05:00:00,,평일
3호선,0310,구파발,320,,20250619,3호선,0342,오금,352,N,3호선,3413,0327,신사,337,N,22:59:00,22:59:30,,3412,상행,2025-05-01T05:00:00,,평일
3호선,0310,구파발,320,,20250619,3호선,0342,오금,352,N,3호선,3413,0326,압구정,336,N,23:01:30,23:02:00,,3412,상행,2025-05-01T05:00:00,,평일
3호선,0310,구파발,320,,20250619,3호선,0342,오금,352,N,3호선,3413,0325,옥수,335,N,23:04:00,23:04:30,,3412,상행,2025-05-01T05:00:00,,평일
3호선,0310,구파발,320,,20250619,3호선,0342,오금,352,N,3호선,3413,0324,금호,334,N,23:05:30,23:06:00,,3412,상행,2025-05-01T05:00:00,,평일
3호선,0310,구파발,320,,20250619,3호선,0342,오금,352,N,3호선,3413,0323,약수,333,N,23:07:00,23:07:30,,3412,상행,2025-05-01T05:00:00,,평일
3호선,0310,구파발,320,,20250619,3호선,0342,오금,352,N,3호선,3413,0322,동대입구,332,N,23:08:30,23:09:00,,3412,상행,2025-05-01T05:00:00,,평일
3호선,0310,구파발,320,,20250619,3호선,0342,오금,352,N,3호선,3413,0321,충무로,331,N,23:10:30,23:11:00,,3412,상행,2025-05-01T05:00:00,,평일
3호선,0310,구파발,320,,20250619,3호선,0342,오금,352,N,3호선,3413,0320,을지로3가,330,N,23:12:00,23:12:30,,3412,상행,2025-05-01T05:00:00,,평일
3호선,0310,구파발,320,,20250619,3호선,0342,오금,352,N,3호선,3413,0319,종로3가,329,N,23:13:30,23:14:00,,3412,상행,2025-05-01T05:00:00,,평일
3호선,0310,구파발,320,,20250619,3호선,0342,오금,352,N,3호선,3413,0318,안국,328,N,23:15:30,23:16:00,,3412,상행,2025-05-01T05:00:00,,평일
3호선,0310,구파발,320,,20250619,3호선,0342,오금,352,N,3호선,3413,0317,경복궁,327,N,23:17:30,23:18:00,,3412,상행,2025-05-01T05:00:00,,평일
3호선,0310,구파발,320,,20250619,3호선,0342,오금,352,N,3호선,3413,0316,독립문,326,N,23:20:00,23:20:30,,3412,상행,2025-05-01T05:00:00,,평일
3호선,0310,구파발,320,,20250619,3호선,0342,오금,352,N,3호선,3413,0315,무악재,325,N,23:22:00,23:22:30,,3412,상행,2025-05-01T05:00:00,,평일
3호선,0310,구파발,320,,20250619,3호선,0342,오금,352,N,3호선,3413,0314,홍제,324,N,23:24:00,23:24:30,,3412,상행,2025-05-01T05:00:00,,평일
3호선,0310,구파발,320,,20250619,3호선,0342,오금,352,N,3호선,3413,0313,녹번,323,N,23:26:30,23:27:00,,3412,상행,2025-05-01T05:00:00,,평일
3호선,0310,구파발,320,,20250619,3호선,0342,오금,352,N,3호선,3413,0312,불광,322,N,23:28:30,23:29:00,,3412,상행,2025-05-01T05:00:00,,평일
3호선,0310,구파발,320,,20250619,3호선,0342,오금,352,N,3호선,3413,0311,연신내,321,N,23:30:30,23:31:00,,3412,상행,2025-05-01T05:00:00,,평일
3호선,0310,구파발,320,,20250619,3호선,0342,오금,352,N,3호선,3413,0310,구파발,320,N,23:33:00,,,3412,상행,2025-05-01T05:00:00,,평일
3호선,1958,대화,309,,20250619,3호선,0342,오금,352,N,3호선,기감,0342,오금,352,N,,22:38:00,,3414K,상행,2025-05-01T05:00:00,,평일
3호선,1958,대화,309,,20250619,3호선,0342,오금,352,N,3호선,기감,0341,경찰병원,351,N,22:39:00,22:39:30,,3414K,상행,2025-05-01T05:00:00,,평일
3호선,1958,대화,309,,20250619,3호선,0342,오금,352,N,3호선,기감,0340,가락시장,350,N,22:40:30,22:41:00,,3414K,상행,2025-05-01T05:00:00,,평일
3호선,1958,대화,309,,20250619,3호선,0342,오금,352,N,3호선,기감,0339,수서,349,N,22:43:00,22:43:30,,3414K,상행,2025-05-01T05:00:00,,평일
3호선,1958,대화,309,,20250619,3호선,0342,오금,352,N,3호선,기감,0338,일원,348,N,22:45:30,22:46:00,,3414K,상행,2025-05-01T05:00:00,,평일
3호선,1958,대화,309,,20250619,3호선,0342,오금,352,N,3호선,기감,0337,대청,347,N,22:47:30,22:48:00,,3414K,상행,2025-05-01T05:00:00,,평일
3호선,1958,대화,309,,20250619,3호선,0342,오금,352,N,3호선,기감,0336,학여울,346,N,22:49:30,22:50:00,,3414K,상행,2025-05-01T05:00:00,,평일
3호선,1958,대화,309,,20250619,3호선,0342,오금,352,N,3호선,기감,0335,대치,345,N,22:51:00,22:51:30,,3414K,상행,2025-05-01T05:00:00,,평일
3호선,1958,대화,309,,20250619,3호선,0342,오금,352,N,3호선,기감,0334,도곡,344,N,22:52:30,22:53:00,,3414K,상행,2025-05-01T05:00:00,,평일
3호선,1958,대화,309,,20250619,3호선,0342,오금,352,N,3호선,기감,0333,매봉,343,N,22:54:30,22:55:00,,3414K,상행,2025-05-01T05:00:00,,평일
3호선,1958,대화,309,,20250619,3호선,0342,오금,352,N,3호선,기감,0332,양재,342,N,22:57:00,22:57:30,,3414K,상행,2025-05-01T05:00:00,,평일
3호선,1958,대화,309,,20250619,3호선,0342,오금,352,N,3호선,기감,0331,남부터미널,341,N,22:59:30,23:00:00,,3414K,상행,2025-05-01T05:00:00,,평일
3호선,1958,대화,309,,20250619,3호선,0342,오금,352,N,3호선,기감,0330,교대,340,N,23:01:30,23:02:00,,3414K,상행,2025-05-01T05:00:00,,평일
3호선,1958,대화,309,,20250619,3호선,0342,오금,352,N,3호선,기감,0329,고속터미널,339,N,23:04:00,23:04:30,,3414K,상행,2025-05-01T05:00:00,,평일
3호선,1958,대화,309,,20250619,3호선,0342,오금,352,N,3호선,기감,0328,잠원,338,N,23:06:00,23:06:30,,3414K,상행,2025-05-01T05:00:00,,평일
3호선,1958,대화,309,,20250619,3호선,0342,오금,352,N,3호선,기감,0327,신사,337,N,23:08:00,23:08:30,,3414K,상행,2025-05-01T05:00:00,,평일
3호선,1958,대화,309,,20250619,3호선,0342,오금,352,N,3호선,기감,0326,압구정,336,N,23:10:30,23:11:00,,3414K,상행,2025-05-01T05:00:00,,평일
3호선,1958,대화,309,,20250619,3호선,0342,오금,352,N,3호선,기감,0325,옥수,335,N,23:13:00,23:13:30,,3414K,상행,2025-05-01T05:00:00,,평일
3호선,1958,대화,309,,20250619,3호선,0342,오금,352,N,3호선,기감,0324,금호,334,N,23:14:30,23:15:00,,3414K,상행,2025-05-01T05:00:00,,평일
3호선,1958,대화,309,,20250619,3호선,0342,오금,352,N,3호선,기감,0323,약수,333,N,23:16:00,23:16:30,,3414K,상행,2025-05-01T05:00:00,,평일
3호선,1958,대화,309,,20250619,3호선,0342,오금,352,N,3호선,기감,0322,동대입구,332,N,23:17:30,23:18:00,,3414K,상행,2025-05-01T05:00:00,,평일
3호선,1958,대화,309,,20250619,3호선,0342,오금,352,N,3호선,기감,0321,충무로,331,N,23:19:30,23:20:00,,3414K,상행,2025-05-01T05:00:00,,평일
3호선,1958,대화,309,,20250619,3호선,0342,오금,352,N,3호선,기감,0320,을지로3가,330,N,23:21:00,23:21:30,,3414K,상행,2025-05-01T05:00:00,,평일
3호선,1958,대화,309,,20250619,3호선,0342,오금,352,N,3호선,기감,0319,종로3가,329,N,23:22:30,23:23:00,,3414K,상행,2025-05-01T05:00:00,,평일
3호선,1958,대화,309,,20250619,3호선,0342,오금,352,N,3호선,기감,0318,안국,328,N,23:24:30,23:25:00,,3414K,상행,2025-05-01T05:00:00,,평일
3호선,1958,대화,309,,20250619,3호선,0342,오금,352,N,3호선,기감,0317,경복궁,327,N,23:26:30,23:27:00,,3414K,상행,2025-05-01T05:00:00,,평일
3호선,1958,대화,309,,20250619,3호선,0342,오금,352,N,3호선,기감,0316,독립문,326,N,23:29:00,23:29:30,,3414K,상행,2025-05-01T05:00:00,,평일
3호선,1958,대화,309,,20250619,3호선,0342,오금,352,N,3호선,기감,0315,무악재,325,N,23:31:00,23:31:30,,3414K,상행,2025-05-01T05:00:00,,평일
3호선,1958,대화,309,,20250619,3호선,0342,오금,352,N,3호선,기감,0314,홍제,324,N,23:33:00,23:33:30,,3414K,상행,2025-05-01T05:00:00,,평일
3호선,1958,대화,309,,20250619,3호선,0342,오금,352,N,3호선,기감,0313,녹번,323,N,23:35:30,23:36:00,,3414K,상행,2025-05-01T05:00:00,,평일
3호선,1958,대화,309,,20250619,3호선,0342,오금,352,N,3호선,기감,0312,불광,322,N,23:37:30,23:38:00,,3414K,상행,2025-05-01T05:00:00,,평일
3호선,1958,대화,309,,20250619,3호선,0342,오금,352,N,3호선,기감,0311,연신내,321,N,23:39:30,23:40:00,,3414K,상행,2025-05-01T05:00:00,,평일
3호선,1958,대화,309,,20250619,3호선,0342,오금,352,N,3호선,기감,0310,구파발,320,N,23:42:00,23:42:30,,3414K,상행,2025-05-01T05:00:00,,평일
3호선,1958,대화,309,,20250619,3호선,0342,오금,352,N,3호선,기감,0309,지축,319,N,23:45:30,23:46:00,,3414K,상행,2025-05-01T05:00:00,,평일
3호선,1958,대화,309,,20250619,3호선,0342,오금,352,N,3호선,기감,1950,삼송,318,N,23:48:30,23:49:00,,3414K,상행,2025-05-01T05:00:00,,평일
3호선,1958,대화,309,,20250619,3호선,0342,오금,352,N,3호선,기감,1948,원흥,317,N,23:51:00,23:51:30,,3414K,상행,2025-05-01T05:00:00,,평일
3호선,1958,대화,309,,20250619,3호선,0342,오금,352,N,3호선,기감,1951,원당,316,N,23:54:00,23:54:30,,3414K,상행,2025-05-01T05:00:00,,평일
3호선,1958,대화,309,,20250619,3호선,0342,오금,352,N,3호선,기감,1952,화정,315,N,23:57:30,23:58:00,,3414K,상행,2025-05-01T05:00:00,,평일
3호선,1958,대화,309,,20250619,3호선,0342,오금,352,N,3호선,기감,1953,대곡,314,N,24:00:30,24:01:00,,3414K,상행,2025-05-01T05:00:00,,평일
3호선,1958,대화,309,,20250619,3호선,0342,오금,352,N,3호선,기감,1954,백석,313,N,24:04:00,24:04:30,,3414K,상행,2025-05-01T05:00:00,,평일
3호선,1958,대화,309,,20250619,3호선,0342,오금,352,N,3호선,기감,1955,마두,312,N,24:06:30,24:07:00,,3414K,상행,2025-05-01T05:00:00,,평일
3호선,1958,대화,309,,20250619,3호선,0342,오금,352,N,3호선,기감,1956,정발산,311,N,24:08:30,24:09:00,,3414K,상행,2025-05-01T05:00:00,,평일
3호선,1958,대화,309,,20250619,3호선,0342,오금,352,N,3호선,기감,1957,주엽,310,N,24:11:00,24:11:30,,3414K,상행,2025-05-01T05:00:00,,평일
3호선,1958,대화,309,,20250619,3호선,0342,오금,352,N,3호선,기감,1958,대화,309,N,24:13:30,,,3414K,상행,2025-05-01T05:00:00,,평일
3호선,0310,구파발,320,,20250619,3호선,0342,오금,352,N,3호선,3417,0342,오금,352,N,,22:46:00,,3416,상행,2025-05-01T05:00:00,,평일
3호선,0310,구파발,320,,20250619,3호선,0342,오금,352,N,3호선,3417,0341,경찰병원,351,N,22:47:00,22:47:30,,3416,상행,2025-05-01T05:00:00,,평일
3호선,0310,구파발,320,,20250619,3호선,0342,오금,352,N,3호선,3417,0340,가락시장,350,N,22:48:30,22:49:00,,3416,상행,2025-05-01T05:00:00,,평일
3호선,0310,구파발,320,,20250619,3호선,0342,오금,352,N,3호선,3417,0339,수서,349,N,22:51:00,22:51:30,,3416,상행,2025-05-01T05:00:00,,평일
3호선,0310,구파발,320,,20250619,3호선,0342,오금,352,N,3호선,3417,0338,일원,348,N,22:53:30,22:54:00,,3416,상행,2025-05-01T05:00:00,,평일
3호선,0310,구파발,320,,20250619,3호선,0342,오금,352,N,3호선,3417,0337,대청,347,N,22:55:30,22:56:00,,3416,상행,2025-05-01T05:00:00,,평일
3호선,0310,구파발,320,,20250619,3호선,0342,오금,352,N,3호선,3417,0336,학여울,346,N,22:57:30,22:58:00,,3416,상행,2025-05-01T05:00:00,,평일
3호선,0310,구파발,320,,20250619,3호선,0342,오금,352,N,3호선,3417,0335,대치,345,N,22:59:00,22:59:30,,3416,상행,2025-05-01T05:00:00,,평일
3호선,0310,구파발,320,,20250619,3호선,0342,오금,352,N,3호선,3417,0334,도곡,344,N,23:00:30,23:01:00,,3416,상행,2025-05-01T05:00:00,,평일
3호선,0310,구파발,320,,20250619,3호선,0342,오금,352,N,3호선,3417,0333,매봉,343,N,23:02:30,23:03:00,,3416,상행,2025-05-01T05:00:00,,평일
3호선,0310,구파발,320,,20250619,3호선,0342,오금,352,N,3호선,3417,0332,양재,342,N,23:05:00,23:05:30,,3416,상행,2025-05-01T05:00:00,,평일
3호선,0310,구파발,320,,20250619,3호선,0342,오금,352,N,3호선,3417,0331,남부터미널,341,N,23:07:30,23:08:00,,3416,상행,2025-05-01T05:00:00,,평일
3호선,0310,구파발,320,,20250619,3호선,0342,오금,352,N,3호선,3417,0330,교대,340,N,23:09:30,23:10:00,,3416,상행,2025-05-01T05:00:00,,평일
3호선,0310,구파발,320,,20250619,3호선,0342,오금,352,N,3호선,3417,0329,고속터미널,339,N,23:12:00,23:12:30,,3416,상행,2025-05-01T05:00:00,,평일
3호선,0310,구파발,320,,20250619,3호선,0342,오금,352,N,3호선,3417,0328,잠원,338,N,23:14:00,23:14:30,,3416,상행,2025-05-01T05:00:00,,평일
3호선,0310,구파발,320,,20250619,3호선,0342,오금,352,N,3호선,3417,0327,신사,337,N,23:16:00,23:16:30,,3416,상행,2025-05-01T05:00:00,,평일
3호선,0310,구파발,320,,20250619,3호선,0342,오금,352,N,3호선,3417,0326,압구정,336,N,23:18:30,23:19:00,,3416,상행,2025-05-01T05:00:00,,평일
3호선,0310,구파발,320,,20250619,3호선,0342,오금,352,N,3호선,3417,0325,옥수,335,N,23:21:00,23:21:30,,3416,상행,2025-05-01T05:00:00,,평일
3호선,0310,구파발,320,,20250619,3호선,0342,오금,352,N,3호선,3417,0324,금호,334,N,23:22:30,23:23:00,,3416,상행,2025-05-01T05:00:00,,평일
3호선,0310,구파발,320,,20250619,3호선,0342,오금,352,N,3호선,3417,0323,약수,333,N,23:24:00,23:24:30,,3416,상행,2025-05-01T05:00:00,,평일
3호선,0310,구파발,320,,20250619,3호선,0342,오금,352,N,3호선,3417,0322,동대입구,332,N,23:25:30,23:26:00,,3416,상행,2025-05-01T05:00:00,,평일
3호선,0310,구파발,320,,20250619,3호선,0342,오금,352,N,3호선,3417,0321,충무로,331,N,23:27:30,23:28:00,,3416,상행,2025-05-01T05:00:00,,평일
3호선,0310,구파발,320,,20250619,3호선,0342,오금,352,N,3호선,3417,0320,을지로3가,330,N,23:29:00,23:29:30,,3416,상행,2025-05-01T05:00:00,,평일
3호선,0310,구파발,320,,20250619,3호선,0342,오금,352,N,3호선,3417,0319,종로3가,329,N,23:30:30,23:31:00,,3416,상행,2025-05-01T05:00:00,,평일
3호선,0310,구파발,320,,20250619,3호선,0342,오금,352,N,3호선,3417,0318,안국,328,N,23:32:30,23:33:00,,3416,상행,2025-05-01T05:00:00,,평일
3호선,0310,구파발,320,,20250619,3호선,0342,오금,352,N,3호선,3417,0317,경복궁,327,N,23:34:30,23:35:00,,3416,상행,2025-05-01T05:00:00,,평일
3호선,0310,구파발,320,,20250619,3호선,0342,오금,352,N,3호선,3417,0316,독립문,326,N,23:37:00,23:37:30,,3416,상행,2025-05-01T05:00:00,,평일
3호선,0310,구파발,320,,20250619,3호선,0342,오금,352,N,3호선,3417,0315,무악재,325,N,23:39:00,23:39:30,,3416,상행,2025-05-01T05:00:00,,평일
3호선,0310,구파발,320,,20250619,3호선,0342,오금,352,N,3호선,3417,0314,홍제,324,N,23:41:00,23:41:30,,3416,상행,2025-05-01T05:00:00,,평일
3호선,0310,구파발,320,,20250619,3호선,0342,오금,352,N,3호선,3417,0313,녹번,323,N,23:43:30,23:44:00,,3416,상행,2025-05-01T05:00:00,,평일
3호선,0310,구파발,320,,20250619,3호선,0342,오금,352,N,3호선,3417,0312,불광,322,N,23:45:30,23:46:00,,3416,상행,2025-05-01T05:00:00,,평일
3호선,0310,구파발,320,,20250619,3호선,0342,오금,352,N,3호선,3417,0311,연신내,321,N,23:47:30,23:48:00,,3416,상행,2025-05-01T05:00:00,,평일
3호선,0310,구파발,320,,20250619,3호선,0342,오금,352,N,3호선,3417,0310,구파발,320,N,23:50:00,,,3416,상행,2025-05-01T05:00:00,,평일
3호선,0310,구파발,320,,20250619,3호선,0342,오금,352,N,3호선,입고,0342,오금,352,N,,22:57:00,,3420K,상행,2025-05-01T05:00:00,,평일
3호선,0310,구파발,320,,20250619,3호선,0342,오금,352,N,3호선,입고,0341,경찰병원,351,N,22:58:00,22:58:30,,3420K,상행,2025-05-01T05:00:00,,평일
3호선,0310,구파발,320,,20250619,3호선,0342,오금,352,N,3호선,입고,0340,가락시장,350,N,22:59:30,23:00:00,,3420K,상행,2025-05-01T05:00:00,,평일
3호선,0310,구파발,320,,20250619,3호선,0342,오금,352,N,3호선,입고,0339,수서,349,N,23:02:00,23:02:30,,3420K,상행,2025-05-01T05:00:00,,평일
3호선,0310,구파발,320,,20250619,3호선,0342,오금,352,N,3호선,입고,0338,일원,348,N,23:04:30,23:05:00,,3420K,상행,2025-05-01T05:00:00,,평일
3호선,0310,구파발,320,,20250619,3호선,0342,오금,352,N,3호선,입고,0337,대청,347,N,23:06:30,23:07:00,,3420K,상행,2025-05-01T05:00:00,,평일
3호선,0310,구파발,320,,20250619,3호선,0342,오금,352,N,3호선,입고,0336,학여울,346,N,23:08:30,23:09:00,,3420K,상행,2025-05-01T05:00:00,,평일
3호선,0310,구파발,320,,20250619,3호선,0342,오금,352,N,3호선,입고,0335,대치,345,N,23:10:00,23:10:30,,3420K,상행,2025-05-01T05:00:00,,평일
3호선,0310,구파발,320,,20250619,3호선,0342,오금,352,N,3호선,입고,0334,도곡,344,N,23:11:30,23:12:00,,3420K,상행,2025-05-01T05:00:00,,평일
3호선,0310,구파발,320,,20250619,3호선,0342,오금,352,N,3호선,입고,0333,매봉,343,N,23:13:30,23:14:00,,3420K,상행,2025-05-01T05:00:00,,평일
3호선,0310,구파발,320,,20250619,3호선,0342,오금,352,N,3호선,입고,0332,양재,342,N,23:16:00,23:16:30,,3420K,상행,2025-05-01T05:00:00,,평일
3호선,0310,구파발,320,,20250619,3호선,0342,오금,352,N,3호선,입고,0331,남부터미널,341,N,23:18:30,23:19:00,,3420K,상행,2025-05-01T05:00:00,,평일
3호선,0310,구파발,320,,20250619,3호선,0342,오금,352,N,3호선,입고,0330,교대,340,N,23:20:30,23:21:00,,3420K,상행,2025-05-01T05:00:00,,평일
3호선,0310,구파발,320,,20250619,3호선,0342,오금,352,N,3호선,입고,0329,고속터미널,339,N,23:23:00,23:23:30,,3420K,상행,2025-05-01T05:00:00,,평일
3호선,0310,구파발,320,,20250619,3호선,0342,오금,352,N,3호선,입고,0328,잠원,338,N,23:25:00,23:25:30,,3420K,상행,2025-05-01T05:00:00,,평일
3호선,0310,구파발,320,,20250619,3호선,0342,오금,352,N,3호선,입고,0327,신사,337,N,23:27:00,23:27:30,,3420K,상행,2025-05-01T05:00:00,,평일
3호선,0310,구파발,320,,20250619,3호선,0342,오금,352,N,3호선,입고,0326,압구정,336,N,23:29:30,23:30:00,,3420K,상행,2025-05-01T05:00:00,,평일
3호선,0310,구파발,320,,20250619,3호선,0342,오금,352,N,3호선,입고,0325,옥수,335,N,23:32:00,23:32:30,,3420K,상행,2025-05-01T05:00:00,,평일
3호선,0310,구파발,320,,20250619,3호선,0342,오금,352,N,3호선,입고,0324,금호,334,N,23:33:30,23:34:00,,3420K,상행,2025-05-01T05:00:00,,평일
3호선,0310,구파발,320,,20250619,3호선,0342,오금,352,N,3호선,입고,0323,약수,333,N,23:35:00,23:35:30,,3420K,상행,2025-05-01T05:00:00,,평일
3호선,0310,구파발,320,,20250619,3호선,0342,오금,352,N,3호선,입고,0322,동대입구,332,N,23:36:30,23:37:00,,3420K,상행,2025-05-01T05:00:00,,평일
3호선,0310,구파발,320,,20250619,3호선,0342,오금,352,N,3호선,입고,0321,충무로,331,N,23:38:30,23:39:00,,3420K,상행,2025-05-01T05:00:00,,평일
3호선,0310,구파발,320,,20250619,3호선,0342,오금,352,N,3호선,입고,0320,을지로3가,330,N,23:40:00,23:40:30,,3420K,상행,2025-05-01T05:00:00,,평일
3호선,0310,구파발,320,,20250619,3호선,0342,오금,352,N,3호선,입고,0319,종로3가,329,N,23:41:30,23:42:00,,3420K,상행,2025-05-01T05:00:00,,평일
3호선,0310,구파발,320,,20250619,3호선,0342,오금,352,N,3호선,입고,0318,안국,328,N,23:43:30,23:44:00,,3420K,상행,2025-05-01T05:00:00,,평일
3호선,0310,구파발,320,,20250619,3호선,0342,오금,352,N,3호선,입고,0317,경복궁,327,N,23:45:30,23:46:00,,3420K,상행,2025-05-01T05:00:00,,평일
3호선,0310,구파발,320,,20250619,3호선,0342,오금,352,N,3호선,입고,0316,독립문,326,N,23:48:00,23:48:30,,3420K,상행,2025-05-01T05:00:00,,평일
3호선,0310,구파발,320,,20250619,3호선,0342,오금,352,N,3호선,입고,0315,무악재,325,N,23:50:00,23:50:30,,3420K,상행,2025-05-01T05:00:00,,평일
3호선,0310,구파발,320,,20250619,3호선,0342,오금,352,N,3호선,입고,0314,홍제,324,N,23:52:00,23:52:30,,3420K,상행,2025-05-01T05:00:00,,평일
3호선,0310,구파발,320,,20250619,3호선,0342,오금,352,N,3호선,입고,0313,녹번,323,N,23:54:30,23:55:00,,3420K,상행,2025-05-01T05:00:00,,평일
3호선,0310,구파발,320,,20250619,3호선,0342,오금,352,N,3호선,입고,0312,불광,322,N,23:56:30,23:57:00,,3420K,상행,2025-05-01T05:00:00,,평일
3호선,0310,구파발,320,,20250619,3호선,0342,오금,352,N,3호선,입고,0311,연신내,321,N,23:58:30,23:59:00,,3420K,상행,2025-05-01T05:00:00,,평일
3호선,0310,구파발,320,,20250619,3호선,0342,오금,352,N,3호선,입고,0310,구파발,320,N,24:01:00,,,3420K,상행,2025-05-01T05:00:00,,평일
3호선,1958,대화,309,,20250619,3호선,0342,오금,352,N,3호선,기감,0342,오금,352,N,,23:05:00,,3422K,상행,2025-05-01T05:00:00,,평일
3호선,1958,대화,309,,20250619,3호선,0342,오금,352,N,3호선,기감,0341,경찰병원,351,N,23:06:00,23:06:30,,3422K,상행,2025-05-01T05:00:00,,평일
3호선,1958,대화,309,,20250619,3호선,0342,오금,352,N,3호선,기감,0340,가락시장,350,N,23:07:30,23:08:00,,3422K,상행,2025-05-01T05:00:00,,평일
3호선,1958,대화,309,,20250619,3호선,0342,오금,352,N,3호선,기감,0339,수서,349,N,23:10:00,23:10:30,,3422K,상행,2025-05-01T05:00:00,,평일
3호선,1958,대화,309,,20250619,3호선,0342,오금,352,N,3호선,기감,0338,일원,348,N,23:12:30,23:13:00,,3422K,상행,2025-05-01T05:00:00,,평일
3호선,1958,대화,309,,20250619,3호선,0342,오금,352,N,3호선,기감,0337,대청,347,N,23:14:30,23:15:00,,3422K,상행,2025-05-01T05:00:00,,평일
3호선,1958,대화,309,,20250619,3호선,0342,오금,352,N,3호선,기감,0336,학여울,346,N,23:16:30,23:17:00,,3422K,상행,2025-05-01T05:00:00,,평일
3호선,1958,대화,309,,20250619,3호선,0342,오금,352,N,3호선,기감,0335,대치,345,N,23:18:00,23:18:30,,3422K,상행,2025-05-01T05:00:00,,평일
3호선,1958,대화,309,,20250619,3호선,0342,오금,352,N,3호선,기감,0334,도곡,344,N,23:19:30,23:20:00,,3422K,상행,2025-05-01T05:00:00,,평일
3호선,1958,대화,309,,20250619,3호선,0342,오금,352,N,3호선,기감,0333,매봉,343,N,23:21:30,23:22:00,,3422K,상행,2025-05-01T05:00:00,,평일
3호선,1958,대화,309,,20250619,3호선,0342,오금,352,N,3호선,기감,0332,양재,342,N,23:24:00,23:24:30,,3422K,상행,2025-05-01T05:00:00,,평일
3호선,1958,대화,309,,20250619,3호선,0342,오금,352,N,3호선,기감,0331,남부터미널,341,N,23:26:30,23:27:00,,3422K,상행,2025-05-01T05:00:00,,평일
3호선,1958,대화,309,,20250619,3호선,0342,오금,352,N,3호선,기감,0330,교대,340,N,23:28:30,23:29:00,,3422K,상행,2025-05-01T05:00:00,,평일
3호선,1958,대화,309,,20250619,3호선,0342,오금,352,N,3호선,기감,0329,고속터미널,339,N,23:31:00,23:31:30,,3422K,상행,2025-05-01T05:00:00,,평일
3호선,1958,대화,309,,20250619,3호선,0342,오금,352,N,3호선,기감,0328,잠원,338,N,23:33:00,23:33:30,,3422K,상행,2025-05-01T05:00:00,,평일
3호선,1958,대화,309,,20250619,3호선,0342,오금,352,N,3호선,기감,0327,신사,337,N,23:35:00,23:35:30,,3422K,상행,2025-05-01T05:00:00,,평일
3호선,1958,대화,309,,20250619,3호선,0342,오금,352,N,3호선,기감,0326,압구정,336,N,23:37:30,23:38:00,,3422K,상행,2025-05-01T05:00:00,,평일
3호선,1958,대화,309,,20250619,3호선,0342,오금,352,N,3호선,기감,0325,옥수,335,N,23:40:00,23:40:30,,3422K,상행,2025-05-01T05:00:00,,평일
3호선,1958,대화,309,,20250619,3호선,0342,오금,352,N,3호선,기감,0324,금호,334,N,23:41:30,23:42:00,,3422K,상행,2025-05-01T05:00:00,,평일
3호선,1958,대화,309,,20250619,3호선,0342,오금,352,N,3호선,기감,0323,약수,333,N,23:43:00,23:43:30,,3422K,상행,2025-05-01T05:00:00,,평일
3호선,1958,대화,309,,20250619,3호선,0342,오금,352,N,3호선,기감,0322,동대입구,332,N,23:44:30,23:45:00,,3422K,상행,2025-05-01T05:00:00,,평일
3호선,1958,대화,309,,20250619,3호선,0342,오금,352,N,3호선,기감,0321,충무로,331,N,23:46:30,23:47:00,,3422K,상행,2025-05-01T05:00:00,,평일
3호선,1958,대화,309,,20250619,3호선,0342,오금,352,N,3호선,기감,0320,을지로3가,330,N,23:48:00,23:48:30,,3422K,상행,2025-05-01T05:00:00,,평일
3호선,1958,대화,309,,20250619,3호선,0342,오금,352,N,3호선,기감,0319,종로3가,329,N,23:49:30,23:50:00,,3422K,상행,2025-05-01T05:00:00,,평일
3호선,1958,대화,309,,20250619,3호선,0342,오금,352,N,3호선,기감,0318,안국,328,N,23:51:30,23:52:00,,3422K,상행,2025-05-01T05:00:00,,평일
3호선,1958,대화,309,,20250619,3호선,0342,오금,352,N,3호선,기감,0317,경복궁,327,N,23:53:30,23:54:00,,3422K,상행,2025-05-01T05:00:00,,평일
3호선,1958,대화,309,,20250619,3호선,0342,오금,352,N,3호선,기감,0316,독립문,326,N,23:56:00,23:56:30,,3422K,상행,2025-05-01T05:00:00,,평일
3호선,1958,대화,309,,20250619,3호선,0342,오금,352,N,3호선,기감,0315,무악재,325,N,23:58:00,23:58:30,,3422K,상행,2025-05-01T05:00:00,,평일
3호선,1958,대화,309,,20250619,3호선,0342,오금,352,N,3호선,기감,0314,홍제,324,N,24:00:00,24:00:30,,3422K,상행,2025-05-01T05:00:00,,평일
3호선,1958,대화,309,,20250619,3호선,0342,오금,352,N,3호선,기감,0313,녹번,323,N,24:02:30,24:03:00,,3422K,상행,2025-05-01T05:00:00,,평일
3호선,1958,대화,309,,20250619,3호선,0342,오금,352,N,3호선,기감,0312,불광,322,N,24:04:30,24:05:00,,3422K,상행,2025-05-01T05:00:00,,평일
3호선,1958,대화,309,,20250619,3호선,0342,오금,352,N,3호선,기감,0311,연신내,321,N,24:06:30,24:07:00,,3422K,상행,2025-05-01T05:00:00,,평일
3호선,1958,대화,309,,20250619,3호선,0342,오금,352,N,3호선,기감,0310,구파발,320,N,24:09:00,24:09:30,,3422K,상행,2025-05-01T05:00:00,,평일
3호선,1958,대화,309,,20250619,3호선,0342,오금,352,N,3호선,기감,0309,지축,319,N,24:12:30,24:13:00,,3422K,상행,2025-05-01T05:00:00,,평일
3호선,1958,대화,309,,20250619,3호선,0342,오금,352,N,3호선,기감,1950,삼송,318,N,24:15:30,24:16:00,,3422K,상행,2025-05-01T05:00:00,,평일
3호선,1958,대화,309,,20250619,3호선,0342,오금,352,N,3호선,기감,1948,원흥,317,N,24:18:00,24:18:30,,3422K,상행,2025-05-01T05:00:00,,평일
3호선,1958,대화,309,,20250619,3호선,0342,오금,352,N,3호선,기감,1951,원당,316,N,24:21:00,24:21:30,,3422K,상행,2025-05-01T05:00:00,,평일
3호선,1958,대화,309,,20250619,3호선,0342,오금,352,N,3호선,기감,1952,화정,315,N,24:24:30,24:25:00,,3422K,상행,2025-05-01T05:00:00,,평일
3호선,1958,대화,309,,20250619,3호선,0342,오금,352,N,3호선,기감,1953,대곡,314,N,24:27:30,24:28:00,,3422K,상행,2025-05-01T05:00:00,,평일
3호선,1958,대화,309,,20250619,3호선,0342,오금,352,N,3호선,기감,1954,백석,313,N,24:31:00,24:31:30,,3422K,상행,2025-05-01T05:00:00,,평일
3호선,1958,대화,309,,20250619,3호선,0342,오금,352,N,3호선,기감,1955,마두,312,N,24:33:30,24:34:00,,3422K,상행,2025-05-01T05:00:00,,평일
3호선,1958,대화,309,,20250619,3호선,0342,오금,352,N,3호선,기감,1956,정발산,311,N,24:35:30,24:36:00,,3422K,상행,2025-05-01T05:00:00,,평일
3호선,1958,대화,309,,20250619,3호선,0342,오금,352,N,3호선,기감,1957,주엽,310,N,24:38:00,24:38:30,,3422K,상행,2025-05-01T05:00:00,,평일
3호선,1958,대화,309,,20250619,3호선,0342,오금,352,N,3호선,기감,1958,대화,309,N,24:40:30,,,3422K,상행,2025-05-01T05:00:00,,평일
3호선,0310,구파발,320,,20250619,3호선,0342,오금,352,N,3호선,입고,0342,오금,352,N,,23:14:00,,3424K,상행,2025-05-01T05:00:00,,평일
3호선,0310,구파발,320,,20250619,3호선,0342,오금,352,N,3호선,입고,0341,경찰병원,351,N,23:15:00,23:15:30,,3424K,상행,2025-05-01T05:00:00,,평일
3호선,0310,구파발,320,,20250619,3호선,0342,오금,352,N,3호선,입고,0340,가락시장,350,N,23:16:30,23:17:00,,3424K,상행,2025-05-01T05:00:00,,평일
3호선,0310,구파발,320,,20250619,3호선,0342,오금,352,N,3호선,입고,0339,수서,349,N,23:19:00,23:19:30,,3424K,상행,2025-05-01T05:00:00,,평일
3호선,0310,구파발,320,,20250619,3호선,0342,오금,352,N,3호선,입고,0338,일원,348,N,23:21:30,23:22:00,,3424K,상행,2025-05-01T05:00:00,,평일
3호선,0310,구파발,320,,20250619,3호선,0342,오금,352,N,3호선,입고,0337,대청,347,N,23:23:30,23:24:00,,3424K,상행,2025-05-01T05:00:00,,평일
3호선,0310,구파발,320,,20250619,3호선,0342,오금,352,N,3호선,입고,0336,학여울,346,N,23:25:30,23:26:00,,3424K,상행,2025-05-01T05:00:00,,평일
3호선,0310,구파발,320,,20250619,3호선,0342,오금,352,N,3호선,입고,0335,대치,345,N,23:27:00,23:27:30,,3424K,상행,2025-05-01T05:00:00,,평일
3호선,0310,구파발,320,,20250619,3호선,0342,오금,352,N,3호선,입고,0334,도곡,344,N,23:28:30,23:29:00,,3424K,상행,2025-05-01T05:00:00,,평일
3호선,0310,구파발,320,,20250619,3호선,0342,오금,352,N,3호선,입고,0333,매봉,343,N,23:30:30,23:31:00,,3424K,상행,2025-05-01T05:00:00,,평일
3호선,0310,구파발,320,,20250619,3호선,0342,오금,352,N,3호선,입고,0332,양재,342,N,23:33:00,23:33:30,,3424K,상행,2025-05-01T05:00:00,,평일
3호선,0310,구파발,320,,20250619,3호선,0342,오금,352,N,3호선,입고,0331,남부터미널,341,N,23:35:30,23:36:00,,3424K,상행,2025-05-01T05:00:00,,평일
3호선,0310,구파발,320,,20250619,3호선,0342,오금,352,N,3호선,입고,0330,교대,340,N,23:37:30,23:38:00,,3424K,상행,2025-05-01T05:00:00,,평일
3호선,0310,구파발,320,,20250619,3호선,0342,오금,352,N,3호선,입고,0329,고속터미널,339,N,23:40:00,23:40:30,,3424K,상행,2025-05-01T05:00:00,,평일
3호선,0310,구파발,320,,20250619,3호선,0342,오금,352,N,3호선,입고,0328,잠원,338,N,23:42:00,23:42:30,,3424K,상행,2025-05-01T05:00:00,,평일
3호선,0310,구파발,320,,20250619,3호선,0342,오금,352,N,3호선,입고,0327,신사,337,N,23:44:00,23:44:30,,3424K,상행,2025-05-01T05:00:00,,평일
3호선,0310,구파발,320,,20250619,3호선,0342,오금,352,N,3호선,입고,0326,압구정,336,N,23:46:30,23:47:00,,3424K,상행,2025-05-01T05:00:00,,평일
3호선,0310,구파발,320,,20250619,3호선,0342,오금,352,N,3호선,입고,0325,옥수,335,N,23:49:00,23:49:30,,3424K,상행,2025-05-01T05:00:00,,평일
3호선,0310,구파발,320,,20250619,3호선,0342,오금,352,N,3호선,입고,0324,금호,334,N,23:50:30,23:51:00,,3424K,상행,2025-05-01T05:00:00,,평일
3호선,0310,구파발,320,,20250619,3호선,0342,오금,352,N,3호선,입고,0323,약수,333,N,23:52:00,23:52:30,,3424K,상행,2025-05-01T05:00:00,,평일
3호선,0310,구파발,320,,20250619,3호선,0342,오금,352,N,3호선,입고,0322,동대입구,332,N,23:53:30,23:54:00,,3424K,상행,2025-05-01T05:00:00,,평일
3호선,0310,구파발,320,,20250619,3호선,0342,오금,352,N,3호선,입고,0321,충무로,331,N,23:55:30,23:56:00,,3424K,상행,2025-05-01T05:00:00,,평일
3호선,0310,구파발,320,,20250619,3호선,0342,오금,352,N,3호선,입고,0320,을지로3가,330,N,23:57:00,23:57:30,,3424K,상행,2025-05-01T05:00:00,,평일
3호선,0310,구파발,320,,20250619,3호선,0342,오금,352,N,3호선,입고,0319,종로3가,329,N,23:58:30,23:59:00,,3424K,상행,2025-05-01T05:00:00,,평일
3호선,0310,구파발,320,,20250619,3호선,0342,오금,352,N,3호선,입고,0318,안국,328,N,24:00:30,24:01:00,,3424K,상행,2025-05-01T05:00:00,,평일
3호선,0310,구파발,320,,20250619,3호선,0342,오금,352,N,3호선,입고,0317,경복궁,327,N,24:02:30,24:03:00,,3424K,상행,2025-05-01T05:00:00,,평일
3호선,0310,구파발,320,,20250619,3호선,0342,오금,352,N,3호선,입고,0316,독립문,326,N,24:05:00,24:05:30,,3424K,상행,2025-05-01T05:00:00,,평일
3호선,0310,구파발,320,,20250619,3호선,0342,오금,352,N,3호선,입고,0315,무악재,325,N,24:07:00,24:07:30,,3424K,상행,2025-05-01T05:00:00,,평일
3호선,0310,구파발,320,,20250619,3호선,0342,오금,352,N,3호선,입고,0314,홍제,324,N,24:09:00,24:09:30,,3424K,상행,2025-05-01T05:00:00,,평일
3호선,0310,구파발,320,,20250619,3호선,0342,오금,352,N,3호선,입고,0313,녹번,323,N,24:11:30,24:12:00,,3424K,상행,2025-05-01T05:00:00,,평일
3호선,0310,구파발,320,,20250619,3호선,0342,오금,352,N,3호선,입고,0312,불광,322,N,24:13:30,24:14:00,,3424K,상행,2025-05-01T05:00:00,,평일
3호선,0310,구파발,320,,20250619,3호선,0342,오금,352,N,3호선,입고,0311,연신내,321,N,24:15:30,24:16:00,,3424K,상행,2025-05-01T05:00:00,,평일
3호선,0310,구파발,320,,20250619,3호선,0342,오금,352,N,3호선,입고,0310,구파발,320,N,24:18:00,,,3424K,상행,2025-05-01T05:00:00,,평일
3호선,0310,구파발,320,,20250619,3호선,0342,오금,352,N,3호선,입고,0342,오금,352,N,,23:24:00,,3426K,상행,2025-05-01T05:00:00,,평일
3호선,0310,구파발,320,,20250619,3호선,0342,오금,352,N,3호선,입고,0341,경찰병원,351,N,23:25:00,23:25:30,,3426K,상행,2025-05-01T05:00:00,,평일
3호선,0310,구파발,320,,20250619,3호선,0342,오금,352,N,3호선,입고,0340,가락시장,350,N,23:26:30,23:27:00,,3426K,상행,2025-05-01T05:00:00,,평일
3호선,0310,구파발,320,,20250619,3호선,0342,오금,352,N,3호선,입고,0339,수서,349,N,23:29:00,23:29:30,,3426K,상행,2025-05-01T05:00:00,,평일
3호선,0310,구파발,320,,20250619,3호선,0342,오금,352,N,3호선,입고,0338,일원,348,N,23:31:30,23:32:00,,3426K,상행,2025-05-01T05:00:00,,평일
3호선,0310,구파발,320,,20250619,3호선,0342,오금,352,N,3호선,입고,0337,대청,347,N,23:33:30,23:34:00,,3426K,상행,2025-05-01T05:00:00,,평일
3호선,0310,구파발,320,,20250619,3호선,0342,오금,352,N,3호선,입고,0336,학여울,346,N,23:35:30,23:36:00,,3426K,상행,2025-05-01T05:00:00,,평일
3호선,0310,구파발,320,,20250619,3호선,0342,오금,352,N,3호선,입고,0335,대치,345,N,23:37:00,23:37:30,,3426K,상행,2025-05-01T05:00:00,,평일
3호선,0310,구파발,320,,20250619,3호선,0342,오금,352,N,3호선,입고,0334,도곡,344,N,23:38:30,23:39:00,,3426K,상행,2025-05-01T05:00:00,,평일
3호선,0310,구파발,320,,20250619,3호선,0342,오금,352,N,3호선,입고,0333,매봉,343,N,23:40:30,23:41:00,,3426K,상행,2025-05-01T05:00:00,,평일
3호선,0310,구파발,320,,20250619,3호선,0342,오금,352,N,3호선,입고,0332,양재,342,N,23:43:00,23:43:30,,3426K,상행,2025-05-01T05:00:00,,평일
3호선,0310,구파발,320,,20250619,3호선,0342,오금,352,N,3호선,입고,0331,남부터미널,341,N,23:45:30,23:46:00,,3426K,상행,2025-05-01T05:00:00,,평일
3호선,0310,구파발,320,,20250619,3호선,0342,오금,352,N,3호선,입고,0330,교대,340,N,23:47:30,23:48:00,,3426K,상행,2025-05-01T05:00:00,,평일
3호선,0310,구파발,320,,20250619,3호선,0342,오금,352,N,3호선,입고,0329,고속터미널,339,N,23:50:00,23:50:30,,3426K,상행,2025-05-01T05:00:00,,평일
3호선,0310,구파발,320,,20250619,3호선,0342,오금,352,N,3호선,입고,0328,잠원,338,N,23:52:00,23:52:30,,3426K,상행,2025-05-01T05:00:00,,평일
3호선,0310,구파발,320,,20250619,3호선,0342,오금,352,N,3호선,입고,0327,신사,337,N,23:54:00,23:54:30,,3426K,상행,2025-05-01T05:00:00,,평일
3호선,0310,구파발,320,,20250619,3호선,0342,오금,352,N,3호선,입고,0326,압구정,336,N,23:56:30,23:57:00,,3426K,상행,2025-05-01T05:00:00,,평일
3호선,0310,구파발,320,,20250619,3호선,0342,오금,352,N,3호선,입고,0325,옥수,335,N,23:59:00,23:59:30,,3426K,상행,2025-05-01T05:00:00,,평일
3호선,0310,구파발,320,,20250619,3호선,0342,오금,352,N,3호선,입고,0324,금호,334,N,24:00:30,24:01:00,,3426K,상행,2025-05-01T05:00:00,,평일
3호선,0310,구파발,320,,20250619,3호선,0342,오금,352,N,3호선,입고,0323,약수,333,N,24:02:00,24:02:30,,3426K,상행,2025-05-01T05:00:00,,평일
3호선,0310,구파발,320,,20250619,3호선,0342,오금,352,N,3호선,입고,0322,동대입구,332,N,24:03:30,24:04:00,,3426K,상행,2025-05-01T05:00:00,,평일
3호선,0310,구파발,320,,20250619,3호선,0342,오금,352,N,3호선,입고,0321,충무로,331,N,24:05:30,24:06:00,,3426K,상행,2025-05-01T05:00:00,,평일
3호선,0310,구파발,320,,20250619,3호선,0342,오금,352,N,3호선,입고,0320,을지로3가,330,N,24:07:00,24:07:30,,3426K,상행,2025-05-01T05:00:00,,평일
3호선,0310,구파발,320,,20250619,3호선,0342,오금,352,N,3호선,입고,0319,종로3가,329,N,24:08:30,24:09:00,,3426K,상행,2025-05-01T05:00:00,,평일
3호선,0310,구파발,320,,20250619,3호선,0342,오금,352,N,3호선,입고,0318,안국,328,N,24:10:30,24:11:00,,3426K,상행,2025-05-01T05:00:00,,평일
3호선,0310,구파발,320,,20250619,3호선,0342,오금,352,N,3호선,입고,0317,경복궁,327,N,24:12:30,24:13:00,,3426K,상행,2025-05-01T05:00:00,,평일
3호선,0310,구파발,320,,20250619,3호선,0342,오금,352,N,3호선,입고,0316,독립문,326,N,24:15:00,24:15:30,,3426K,상행,2025-05-01T05:00:00,,평일
3호선,0310,구파발,320,,20250619,3호선,0342,오금,352,N,3호선,입고,0315,무악재,325,N,24:17:00,24:17:30,,3426K,상행,2025-05-01T05:00:00,,평일
3호선,0310,구파발,320,,20250619,3호선,0342,오금,352,N,3호선,입고,0314,홍제,324,N,24:19:00,24:19:30,,3426K,상행,2025-05-01T05:00:00,,평일
3호선,0310,구파발,320,,20250619,3호선,0342,오금,352,N,3호선,입고,0313,녹번,323,N,24:21:30,24:22:00,,3426K,상행,2025-05-01T05:00:00,,평일
3호선,0310,구파발,320,,20250619,3호선,0342,오금,352,N,3호선,입고,0312,불광,322,N,24:23:30,24:24:00,,3426K,상행,2025-05-01T05:00:00,,평일
3호선,0310,구파발,320,,20250619,3호선,0342,오금,352,N,3호선,입고,0311,연신내,321,N,24:25:30,24:26:00,,3426K,상행,2025-05-01T05:00:00,,평일
3호선,0310,구파발,320,,20250619,3호선,0342,오금,352,N,3호선,입고,0310,구파발,320,N,24:28:00,,,3426K,상행,2025-05-01T05:00:00,,평일
3호선,0310,구파발,320,,20250619,3호선,0342,오금,352,N,3호선,입고,0342,오금,352,N,,23:36:00,,3428,상행,2025-05-01T05:00:00,,평일
3호선,0310,구파발,320,,20250619,3호선,0342,오금,352,N,3호선,입고,0341,경찰병원,351,N,23:37:00,23:37:30,,3428,상행,2025-05-01T05:00:00,,평일
3호선,0310,구파발,320,,20250619,3호선,0342,오금,352,N,3호선,입고,0340,가락시장,350,N,23:38:30,23:39:00,,3428,상행,2025-05-01T05:00:00,,평일
3호선,0310,구파발,320,,20250619,3호선,0342,오금,352,N,3호선,입고,0339,수서,349,N,23:41:00,23:41:30,,3428,상행,2025-05-01T05:00:00,,평일
3호선,0310,구파발,320,,20250619,3호선,0342,오금,352,N,3호선,입고,0338,일원,348,N,23:43:30,23:44:00,,3428,상행,2025-05-01T05:00:00,,평일
3호선,0310,구파발,320,,20250619,3호선,0342,오금,352,N,3호선,입고,0337,대청,347,N,23:45:30,23:46:00,,3428,상행,2025-05-01T05:00:00,,평일
3호선,0310,구파발,320,,20250619,3호선,0342,오금,352,N,3호선,입고,0336,학여울,346,N,23:47:30,23:48:00,,3428,상행,2025-05-01T05:00:00,,평일
3호선,0310,구파발,320,,20250619,3호선,0342,오금,352,N,3호선,입고,0335,대치,345,N,23:49:00,23:49:30,,3428,상행,2025-05-01T05:00:00,,평일
3호선,0310,구파발,320,,20250619,3호선,0342,오금,352,N,3호선,입고,0334,도곡,344,N,23:50:30,23:51:00,,3428,상행,2025-05-01T05:00:00,,평일
3호선,0310,구파발,320,,20250619,3호선,0342,오금,352,N,3호선,입고,0333,매봉,343,N,23:52:30,23:53:00,,3428,상행,2025-05-01T05:00:00,,평일
3호선,0310,구파발,320,,20250619,3호선,0342,오금,352,N,3호선,입고,0332,양재,342,N,23:55:00,23:55:30,,3428,상행,2025-05-01T05:00:00,,평일
3호선,0310,구파발,320,,20250619,3호선,0342,오금,352,N,3호선,입고,0331,남부터미널,341,N,23:57:30,23:58:00,,3428,상행,2025-05-01T05:00:00,,평일
3호선,0310,구파발,320,,20250619,3호선,0342,오금,352,N,3호선,입고,0330,교대,340,N,23:59:30,24:00:00,,3428,상행,2025-05-01T05:00:00,,평일
3호선,0310,구파발,320,,20250619,3호선,0342,오금,352,N,3호선,입고,0329,고속터미널,339,N,24:02:00,24:02:30,,3428,상행,2025-05-01T05:00:00,,평일
3호선,0310,구파발,320,,20250619,3호선,0342,오금,352,N,3호선,입고,0328,잠원,338,N,24:04:00,24:04:30,,3428,상행,2025-05-01T05:00:00,,평일
3호선,0310,구파발,320,,20250619,3호선,0342,오금,352,N,3호선,입고,0327,신사,337,N,24:06:00,24:06:30,,3428,상행,2025-05-01T05:00:00,,평일
3호선,0310,구파발,320,,20250619,3호선,0342,오금,352,N,3호선,입고,0326,압구정,336,N,24:08:30,24:09:00,,3428,상행,2025-05-01T05:00:00,,평일
3호선,0310,구파발,320,,20250619,3호선,0342,오금,352,N,3호선,입고,0325,옥수,335,N,24:11:00,24:11:30,,3428,상행,2025-05-01T05:00:00,,평일
3호선,0310,구파발,320,,20250619,3호선,0342,오금,352,N,3호선,입고,0324,금호,334,N,24:12:30,24:13:00,,3428,상행,2025-05-01T05:00:00,,평일
3호선,0310,구파발,320,,20250619,3호선,0342,오금,352,N,3호선,입고,0323,약수,333,N,24:14:00,24:14:30,,3428,상행,2025-05-01T05:00:00,,평일
3호선,0310,구파발,320,,20250619,3호선,0342,오금,352,N,3호선,입고,0322,동대입구,332,N,24:15:30,24:16:00,,3428,상행,2025-05-01T05:00:00,,평일
3호선,0310,구파발,320,,20250619,3호선,0342,오금,352,N,3호선,입고,0321,충무로,331,N,24:17:30,24:18:00,,3428,상행,2025-05-01T05:00:00,,평일
3호선,0310,구파발,320,,20250619,3호선,0342,오금,352,N,3호선,입고,0320,을지로3가,330,N,24:19:00,24:19:30,,3428,상행,2025-05-01T05:00:00,,평일
3호선,0310,구파발,320,,20250619,3호선,0342,오금,352,N,3호선,입고,0319,종로3가,329,N,24:20:30,24:21:00,,3428,상행,2025-05-01T05:00:00,,평일
3호선,0310,구파발,320,,20250619,3호선,0342,오금,352,N,3호선,입고,0318,안국,328,N,24:22:30,24:23:00,,3428,상행,2025-05-01T05:00:00,,평일
3호선,0310,구파발,320,,20250619,3호선,0342,오금,352,N,3호선,입고,0317,경복궁,327,N,24:24:30,24:25:00,,3428,상행,2025-05-01T05:00:00,,평일
3호선,0310,구파발,320,,20250619,3호선,0342,오금,352,N,3호선,입고,0316,독립문,326,N,24:27:00,24:27:30,,3428,상행,2025-05-01T05:00:00,,평일
3호선,0310,구파발,320,,20250619,3호선,0342,오금,352,N,3호선,입고,0315,무악재,325,N,24:29:00,24:29:30,,3428,상행,2025-05-01T05:00:00,,평일
3호선,0310,구파발,320,,20250619,3호선,0342,오금,352,N,3호선,입고,0314,홍제,324,N,24:31:00,24:31:30,,3428,상행,2025-05-01T05:00:00,,평일
3호선,0310,구파발,320,,20250619,3호선,0342,오금,352,N,3호선,입고,0313,녹번,323,N,24:33:30,24:34:00,,3428,상행,2025-05-01T05:00:00,,평일
3호선,0310,구파발,320,,20250619,3호선,0342,오금,352,N,3호선,입고,0312,불광,322,N,24:35:30,24:36:00,,3428,상행,2025-05-01T05:00:00,,평일
3호선,0310,구파발,320,,20250619,3호선,0342,오금,352,N,3호선,입고,0311,연신내,321,N,24:37:30,24:38:00,,3428,상행,2025-05-01T05:00:00,,평일
3호선,0310,구파발,320,,20250619,3호선,0342,오금,352,N,3호선,입고,0310,구파발,320,N,24:40:00,,,3428,상행,2025-05-01T05:00:00,,평일
3호선,0310,구파발,320,,20250619,3호선,0342,오금,352,N,3호선,입고,0342,오금,352,N,,23:53:00,,3430,상행,2025-05-01T05:00:00,,평일
3호선,0310,구파발,320,,20250619,3호선,0342,오금,352,N,3호선,입고,0341,경찰병원,351,N,23:54:00,23:54:30,,3430,상행,2025-05-01T05:00:00,,평일
3호선,0310,구파발,320,,20250619,3호선,0342,오금,352,N,3호선,입고,0340,가락시장,350,N,23:55:30,23:56:00,,3430,상행,2025-05-01T05:00:00,,평일
3호선,0310,구파발,320,,20250619,3호선,0342,오금,352,N,3호선,입고,0339,수서,349,N,23:58:00,23:58:30,,3430,상행,2025-05-01T05:00:00,,평일
3호선,0310,구파발,320,,20250619,3호선,0342,오금,352,N,3호선,입고,0338,일원,348,N,24:00:30,24:01:00,,3430,상행,2025-05-01T05:00:00,,평일
3호선,0310,구파발,320,,20250619,3호선,0342,오금,352,N,3호선,입고,0337,대청,347,N,24:02:30,24:03:00,,3430,상행,2025-05-01T05:00:00,,평일
3호선,0310,구파발,320,,20250619,3호선,0342,오금,352,N,3호선,입고,0336,학여울,346,N,24:04:30,24:05:00,,3430,상행,2025-05-01T05:00:00,,평일
3호선,0310,구파발,320,,20250619,3호선,0342,오금,352,N,3호선,입고,0335,대치,345,N,24:06:00,24:06:30,,3430,상행,2025-05-01T05:00:00,,평일
3호선,0310,구파발,320,,20250619,3호선,0342,오금,352,N,3호선,입고,0334,도곡,344,N,24:07:30,24:08:00,,3430,상행,2025-05-01T05:00:00,,평일
3호선,0310,구파발,320,,20250619,3호선,0342,오금,352,N,3호선,입고,0333,매봉,343,N,24:09:30,24:10:00,,3430,상행,2025-05-01T05:00:00,,평일
3호선,0310,구파발,320,,20250619,3호선,0342,오금,352,N,3호선,입고,0332,양재,342,N,24:12:00,24:12:30,,3430,상행,2025-05-01T05:00:00,,평일
3호선,0310,구파발,320,,20250619,3호선,0342,오금,352,N,3호선,입고,0331,남부터미널,341,N,24:14:30,24:15:00,,3430,상행,2025-05-01T05:00:00,,평일
3호선,0310,구파발,320,,20250619,3호선,0342,오금,352,N,3호선,입고,0330,교대,340,N,24:16:30,24:17:00,,3430,상행,2025-05-01T05:00:00,,평일
3호선,0310,구파발,320,,20250619,3호선,0342,오금,352,N,3호선,입고,0329,고속터미널,339,N,24:19:00,24:19:30,,3430,상행,2025-05-01T05:00:00,,평일
3호선,0310,구파발,320,,20250619,3호선,0342,오금,352,N,3호선,입고,0328,잠원,338,N,24:21:00,24:21:30,,3430,상행,2025-05-01T05:00:00,,평일
3호선,0310,구파발,320,,20250619,3호선,0342,오금,352,N,3호선,입고,0327,신사,337,N,24:23:00,24:23:30,,3430,상행,2025-05-01T05:00:00,,평일
3호선,0310,구파발,320,,20250619,3호선,0342,오금,352,N,3호선,입고,0326,압구정,336,N,24:25:30,24:26:00,,3430,상행,2025-05-01T05:00:00,,평일
3호선,0310,구파발,320,,20250619,3호선,0342,오금,352,N,3호선,입고,0325,옥수,335,N,24:28:00,24:28:30,,3430,상행,2025-05-01T05:00:00,,평일
3호선,0310,구파발,320,,20250619,3호선,0342,오금,352,N,3호선,입고,0324,금호,334,N,24:29:30,24:30:00,,3430,상행,2025-05-01T05:00:00,,평일
3호선,0310,구파발,320,,20250619,3호선,0342,오금,352,N,3호선,입고,0323,약수,333,N,24:31:00,24:31:30,,3430,상행,2025-05-01T05:00:00,,평일
3호선,0310,구파발,320,,20250619,3호선,0342,오금,352,N,3호선,입고,0322,동대입구,332,N,24:32:30,24:33:00,,3430,상행,2025-05-01T05:00:00,,평일
3호선,0310,구파발,320,,20250619,3호선,0342,오금,352,N,3호선,입고,0321,충무로,331,N,24:34:30,24:35:00,,3430,상행,2025-05-01T05:00:00,,평일
3호선,0310,구파발,320,,20250619,3호선,0342,오금,352,N,3호선,입고,0320,을지로3가,330,N,24:36:00,24:36:30,,3430,상행,2025-05-01T05:00:00,,평일
3호선,0310,구파발,320,,20250619,3호선,0342,오금,352,N,3호선,입고,0319,종로3가,329,N,24:37:30,24:38:00,,3430,상행,2025-05-01T05:00:00,,평일
3호선,0310,구파발,320,,20250619,3호선,0342,오금,352,N,3호선,입고,0318,안국,328,N,24:39:30,24:40:00,,3430,상행,2025-05-01T05:00:00,,평일
3호선,0310,구파발,320,,20250619,3호선,0342,오금,352,N,3호선,입고,0317,경복궁,327,N,24:41:30,24:42:00,,3430,상행,2025-05-01T05:00:00,,평일
3호선,0310,구파발,320,,20250619,3호선,0342,오금,352,N,3호선,입고,0316,독립문,326,N,24:44:00,24:44:30,,3430,상행,2025-05-01T05:00:00,,평일
3호선,0310,구파발,320,,20250619,3호선,0342,오금,352,N,3호선,입고,0315,무악재,325,N,24:46:00,24:46:30,,3430,상행,2025-05-01T05:00:00,,평일
3호선,0310,구파발,320,,20250619,3호선,0342,오금,352,N,3호선,입고,0314,홍제,324,N,24:48:00,24:48:30,,3430,상행,2025-05-01T05:00:00,,평일
3호선,0310,구파발,320,,20250619,3호선,0342,오금,352,N,3호선,입고,0313,녹번,323,N,24:50:30,24:51:00,,3430,상행,2025-05-01T05:00:00,,평일
3호선,0310,구파발,320,,20250619,3호선,0342,오금,352,N,3호선,입고,0312,불광,322,N,24:52:30,24:53:00,,3430,상행,2025-05-01T05:00:00,,평일
3호선,0310,구파발,320,,20250619,3호선,0342,오금,352,N,3호선,입고,0311,연신내,321,N,24:54:30,24:55:00,,3430,상행,2025-05-01T05:00:00,,평일
3호선,0310,구파발,320,,20250619,3호선,0342,오금,352,N,3호선,입고,0310,구파발,320,N,24:57:00,,,3430,상행,2025-05-01T05:00:00,,평일
3호선,0316,독립문,326,,20250619,3호선,0342,오금,352,N,3호선,입고,0342,오금,352,N,,24:08:30,,3432,상행,2025-05-01T05:00:00,,평일
3호선,0316,독립문,326,,20250619,3호선,0342,오금,352,N,3호선,입고,0341,경찰병원,351,N,24:09:30,24:10:00,,3432,상행,2025-05-01T05:00:00,,평일
3호선,0316,독립문,326,,20250619,3호선,0342,오금,352,N,3호선,입고,0340,가락시장,350,N,24:11:00,24:11:30,,3432,상행,2025-05-01T05:00:00,,평일
3호선,0316,독립문,326,,20250619,3호선,0342,오금,352,N,3호선,입고,0339,수서,349,N,24:13:30,24:14:00,,3432,상행,2025-05-01T05:00:00,,평일
3호선,0316,독립문,326,,20250619,3호선,0342,오금,352,N,3호선,입고,0338,일원,348,N,24:16:00,24:16:30,,3432,상행,2025-05-01T05:00:00,,평일
3호선,0316,독립문,326,,20250619,3호선,0342,오금,352,N,3호선,입고,0337,대청,347,N,24:18:00,24:18:30,,3432,상행,2025-05-01T05:00:00,,평일
3호선,0316,독립문,326,,20250619,3호선,0342,오금,352,N,3호선,입고,0336,학여울,346,N,24:20:00,24:20:30,,3432,상행,2025-05-01T05:00:00,,평일
3호선,0316,독립문,326,,20250619,3호선,0342,오금,352,N,3호선,입고,0335,대치,345,N,24:21:30,24:22:00,,3432,상행,2025-05-01T05:00:00,,평일
3호선,0316,독립문,326,,20250619,3호선,0342,오금,352,N,3호선,입고,0334,도곡,344,N,24:23:00,24:23:30,,3432,상행,2025-05-01T05:00:00,,평일
3호선,0316,독립문,326,,20250619,3호선,0342,오금,352,N,3호선,입고,0333,매봉,343,N,24:25:00,24:25:30,,3432,상행,2025-05-01T05:00:00,,평일
3호선,0316,독립문,326,,20250619,3호선,0342,오금,352,N,3호선,입고,0332,양재,342,N,24:27:30,24:28:00,,3432,상행,2025-05-01T05:00:00,,평일
3호선,0316,독립문,326,,20250619,3호선,0342,오금,352,N,3호선,입고,0331,남부터미널,341,N,24:30:00,24:30:30,,3432,상행,2025-05-01T05:00:00,,평일
3호선,0316,독립문,326,,20250619,3호선,0342,오금,352,N,3호선,입고,0330,교대,340,N,24:32:00,24:32:30,,3432,상행,2025-05-01T05:00:00,,평일
3호선,0316,독립문,326,,20250619,3호선,0342,오금,352,N,3호선,입고,0329,고속터미널,339,N,24:34:30,24:35:00,,3432,상행,2025-05-01T05:00:00,,평일
3호선,0316,독립문,326,,20250619,3호선,0342,오금,352,N,3호선,입고,0328,잠원,338,N,24:36:30,24:37:00,,3432,상행,2025-05-01T05:00:00,,평일
3호선,0316,독립문,326,,20250619,3호선,0342,오금,352,N,3호선,입고,0327,신사,337,N,24:38:30,24:39:00,,3432,상행,2025-05-01T05:00:00,,평일
3호선,0316,독립문,326,,20250619,3호선,0342,오금,352,N,3호선,입고,0326,압구정,336,N,24:41:00,24:41:30,,3432,상행,2025-05-01T05:00:00,,평일
3호선,0316,독립문,326,,20250619,3호선,0342,오금,352,N,3호선,입고,0325,옥수,335,N,24:43:30,24:44:00,,3432,상행,2025-05-01T05:00:00,,평일
3호선,0316,독립문,326,,20250619,3호선,0342,오금,352,N,3호선,입고,0324,금호,334,N,24:45:00,24:45:30,,3432,상행,2025-05-01T05:00:00,,평일
3호선,0316,독립문,326,,20250619,3호선,0342,오금,352,N,3호선,입고,0323,약수,333,N,24:46:30,24:47:00,,3432,상행,2025-05-01T05:00:00,,평일
3호선,0316,독립문,326,,20250619,3호선,0342,오금,352,N,3호선,입고,0322,동대입구,332,N,24:48:00,24:48:30,,3432,상행,2025-05-01T05:00:00,,평일
3호선,0316,독립문,326,,20250619,3호선,0342,오금,352,N,3호선,입고,0321,충무로,331,N,24:50:00,24:50:30,,3432,상행,2025-05-01T05:00:00,,평일
3호선,0316,독립문,326,,20250619,3호선,0342,오금,352,N,3호선,입고,0320,을지로3가,330,N,24:51:30,24:52:00,,3432,상행,2025-05-01T05:00:00,,평일
3호선,0316,독립문,326,,20250619,3호선,0342,오금,352,N,3호선,입고,0319,종로3가,329,N,24:53:00,24:54:00,,3432,상행,2025-05-01T05:00:00,,평일
3호선,0316,독립문,326,,20250619,3호선,0342,오금,352,N,3호선,입고,0318,안국,328,N,24:55:30,24:56:00,,3432,상행,2025-05-01T05:00:00,,평일
3호선,0316,독립문,326,,20250619,3호선,0342,오금,352,N,3호선,입고,0317,경복궁,327,N,24:57:30,24:58:00,,3432,상행,2025-05-01T05:00:00,,평일
3호선,0316,독립문,326,,20250619,3호선,0342,오금,352,N,3호선,입고,0316,독립문,326,N,25:00:00,,,3432,상행,2025-05-01T05:00:00,,평일
3호선,0326,압구정,336,,20250619,3호선,0342,오금,352,N,3호선,기감,0342,오금,352,N,,24:27:00,,3434,상행,2025-05-01T05:00:00,,평일
3호선,0326,압구정,336,,20250619,3호선,0342,오금,352,N,3호선,기감,0341,경찰병원,351,N,24:28:00,24:28:30,,3434,상행,2025-05-01T05:00:00,,평일
3호선,0326,압구정,336,,20250619,3호선,0342,오금,352,N,3호선,기감,0340,가락시장,350,N,24:29:30,24:30:00,,3434,상행,2025-05-01T05:00:00,,평일
3호선,0326,압구정,336,,20250619,3호선,0342,오금,352,N,3호선,기감,0339,수서,349,N,24:32:00,24:32:30,,3434,상행,2025-05-01T05:00:00,,평일
3호선,0326,압구정,336,,20250619,3호선,0342,오금,352,N,3호선,기감,0338,일원,348,N,24:34:30,24:35:00,,3434,상행,2025-05-01T05:00:00,,평일
3호선,0326,압구정,336,,20250619,3호선,0342,오금,352,N,3호선,기감,0337,대청,347,N,24:36:30,24:37:00,,3434,상행,2025-05-01T05:00:00,,평일
3호선,0326,압구정,336,,20250619,3호선,0342,오금,352,N,3호선,기감,0336,학여울,346,N,24:38:30,24:39:00,,3434,상행,2025-05-01T05:00:00,,평일
3호선,0326,압구정,336,,20250619,3호선,0342,오금,352,N,3호선,기감,0335,대치,345,N,24:40:00,24:40:30,,3434,상행,2025-05-01T05:00:00,,평일
3호선,0326,압구정,336,,20250619,3호선,0342,오금,352,N,3호선,기감,0334,도곡,344,N,24:41:30,24:42:00,,3434,상행,2025-05-01T05:00:00,,평일
3호선,0326,압구정,336,,20250619,3호선,0342,오금,352,N,3호선,기감,0333,매봉,343,N,24:43:30,24:44:00,,3434,상행,2025-05-01T05:00:00,,평일
3호선,0326,압구정,336,,20250619,3호선,0342,오금,352,N,3호선,기감,0332,양재,342,N,24:46:00,24:46:30,,3434,상행,2025-05-01T05:00:00,,평일
3호선,0326,압구정,336,,20250619,3호선,0342,오금,352,N,3호선,기감,0331,남부터미널,341,N,24:48:30,24:49:00,,3434,상행,2025-05-01T05:00:00,,평일
3호선,0326,압구정,336,,20250619,3호선,0342,오금,352,N,3호선,기감,0330,교대,340,N,24:50:30,24:51:00,,3434,상행,2025-05-01T05:00:00,,평일
3호선,0326,압구정,336,,20250619,3호선,0342,오금,352,N,3호선,기감,0329,고속터미널,339,N,24:53:00,24:53:30,,3434,상행,2025-05-01T05:00:00,,평일
3호선,0326,압구정,336,,20250619,3호선,0342,오금,352,N,3호선,기감,0328,잠원,338,N,24:55:00,24:55:30,,3434,상행,2025-05-01T05:00:00,,평일
3호선,0326,압구정,336,,20250619,3호선,0342,오금,352,N,3호선,기감,0327,신사,337,N,24:57:00,24:57:30,,3434,상행,2025-05-01T05:00:00,,평일
3호선,0326,압구정,336,,20250619,3호선,0342,오금,352,N,3호선,기감,0326,압구정,336,N,24:59:30,,,3434,상행,2025-05-01T05:00:00,,평일
