arvlLineNm,arvlStnCd,arvlStnNm,arvlStnNo,brlnNm,crtrYmd,dptreLineNm,dptreStnCd,dptreStnNm,dptreStnNo,etrnYn,lineNm,lnkgTrainno,stnCd,stnNm,stnNo,tmprTmtblYn,trainArvlTm,trainDptreTm,trainKnd,trainno,upbdnbSe,vldBgngDt,vldEndDt,wkndSe
6호선,2649,신내,648,,20250619,6호선,2640,안암,639,N,6호선,6020,2640,안암,639,N,,05:30:00,,6001,하행,2025-05-01T05:00:00,,주말
6호선,2649,신내,648,,20250619,6호선,2640,안암,639,N,6호선,6020,2641,고려대,640,N,05:31:10,05:31:40,,6001,하행,2025-05-01T05:00:00,,주말
6호선,2649,신내,648,,20250619,6호선,2640,안암,639,N,6호선,6020,2642,월곡,641,N,05:33:20,05:33:50,,6001,하행,2025-05-01T05:00:00,,주말
6호선,2649,신내,648,,20250619,6호선,2640,안암,639,N,6호선,6020,2643,상월곡,642,N,05:35:00,05:35:20,,6001,하행,2025-05-01T05:00:00,,주말
6호선,2649,신내,648,,20250619,6호선,2640,안암,639,N,6호선,6020,2644,돌곶이,643,N,05:36:30,05:37:00,,6001,하행,2025-05-01T05:00:00,,주말
6호선,2649,신내,648,,20250619,6호선,2640,안암,639,N,6호선,6020,2645,석계,644,N,05:38:30,05:39:10,,6001,하행,2025-05-01T05:00:00,,주말
6호선,2649,신내,648,,20250619,6호선,2640,안암,639,N,6호선,6020,2646,태릉입구,645,N,05:40:20,05:40:50,,6001,하행,2025-05-01T05:00:00,,주말
6호선,2649,신내,648,,20250619,6호선,2640,안암,639,N,6호선,6020,2647,화랑대,646,N,05:42:10,05:42:40,,6001,하행,2025-05-01T05:00:00,,주말
6호선,2649,신내,648,,20250619,6호선,2640,안암,639,N,6호선,6020,2648,봉화산,647,N,05:44:00,05:44:30,,6001,하행,2025-05-01T05:00:00,,주말
6호선,2649,신내,648,,20250619,6호선,2640,안암,639,N,6호선,6020,2649,신내,648,N,05:49:00,,,6001,하행,2025-05-01T05:00:00,,주말
6호선,2649,신내,648,,20250619,6호선,2632,한강진,631,N,6호선,6022,2632,한강진,631,N,,05:30:00,,6003,하행,2025-05-01T05:00:00,,주말
6호선,2649,신내,648,,20250619,6호선,2632,한강진,631,N,6호선,6022,2633,버티고개,632,N,05:31:30,05:31:50,,6003,하행,2025-05-01T05:00:00,,주말
6호선,2649,신내,648,,20250619,6호선,2632,한강진,631,N,6호선,6022,2634,약수,633,N,05:33:00,05:33:40,,6003,하행,2025-05-01T05:00:00,,주말
6호선,2649,신내,648,,20250619,6호선,2632,한강진,631,N,6호선,6022,2635,청구,634,N,05:34:50,05:35:20,,6003,하행,2025-05-01T05:00:00,,주말
6호선,2649,신내,648,,20250619,6호선,2632,한강진,631,N,6호선,6022,2636,신당,635,N,05:36:30,05:37:00,,6003,하행,2025-05-01T05:00:00,,주말
6호선,2649,신내,648,,20250619,6호선,2632,한강진,631,N,6호선,6022,2637,동묘앞,636,N,05:38:00,05:38:30,,6003,하행,2025-05-01T05:00:00,,주말
6호선,2649,신내,648,,20250619,6호선,2632,한강진,631,N,6호선,6022,2638,창신,637,N,05:39:50,05:40:20,,6003,하행,2025-05-01T05:00:00,,주말
6호선,2649,신내,648,,20250619,6호선,2632,한강진,631,N,6호선,6022,2639,보문,638,N,05:41:30,05:42:00,,6003,하행,2025-05-01T05:00:00,,주말
6호선,2649,신내,648,,20250619,6호선,2632,한강진,631,N,6호선,6022,2640,안암,639,N,05:43:10,05:43:40,,6003,하행,2025-05-01T05:00:00,,주말
6호선,2649,신내,648,,20250619,6호선,2632,한강진,631,N,6호선,6022,2641,고려대,640,N,05:44:50,05:45:20,,6003,하행,2025-05-01T05:00:00,,주말
6호선,2649,신내,648,,20250619,6호선,2632,한강진,631,N,6호선,6022,2642,월곡,641,N,05:47:00,05:47:30,,6003,하행,2025-05-01T05:00:00,,주말
6호선,2649,신내,648,,20250619,6호선,2632,한강진,631,N,6호선,6022,2643,상월곡,642,N,05:48:40,05:49:10,,6003,하행,2025-05-01T05:00:00,,주말
6호선,2649,신내,648,,20250619,6호선,2632,한강진,631,N,6호선,6022,2644,돌곶이,643,N,05:50:20,05:50:40,,6003,하행,2025-05-01T05:00:00,,주말
6호선,2649,신내,648,,20250619,6호선,2632,한강진,631,N,6호선,6022,2645,석계,644,N,05:52:10,05:52:50,,6003,하행,2025-05-01T05:00:00,,주말
6호선,2649,신내,648,,20250619,6호선,2632,한강진,631,N,6호선,6022,2646,태릉입구,645,N,05:54:00,05:54:30,,6003,하행,2025-05-01T05:00:00,,주말
6호선,2649,신내,648,,20250619,6호선,2632,한강진,631,N,6호선,6022,2647,화랑대,646,N,05:55:50,05:56:20,,6003,하행,2025-05-01T05:00:00,,주말
6호선,2649,신내,648,,20250619,6호선,2632,한강진,631,N,6호선,6022,2648,봉화산,647,N,05:57:40,05:58:10,,6003,하행,2025-05-01T05:00:00,,주말
6호선,2649,신내,648,,20250619,6호선,2632,한강진,631,N,6호선,6022,2649,신내,648,N,06:03:10,,,6003,하행,2025-05-01T05:00:00,,주말
6호선,2649,신내,648,,20250619,6호선,2627,공덕,626,N,6호선,6026,2627,공덕,626,N,,05:34:00,,6005,하행,2025-05-01T05:00:00,,주말
6호선,2649,신내,648,,20250619,6호선,2627,공덕,626,N,6호선,6026,2628,효창공원앞,627,N,05:35:20,05:35:50,,6005,하행,2025-05-01T05:00:00,,주말
6호선,2649,신내,648,,20250619,6호선,2627,공덕,626,N,6호선,6026,2629,삼각지,628,N,05:37:20,05:37:50,,6005,하행,2025-05-01T05:00:00,,주말
6호선,2649,신내,648,,20250619,6호선,2627,공덕,626,N,6호선,6026,2630,녹사평,629,N,05:39:30,05:39:50,,6005,하행,2025-05-01T05:00:00,,주말
6호선,2649,신내,648,,20250619,6호선,2627,공덕,626,N,6호선,6026,2631,이태원,630,N,05:41:00,05:41:30,,6005,하행,2025-05-01T05:00:00,,주말
6호선,2649,신내,648,,20250619,6호선,2627,공덕,626,N,6호선,6026,2632,한강진,631,N,05:43:00,05:43:20,,6005,하행,2025-05-01T05:00:00,,주말
6호선,2649,신내,648,,20250619,6호선,2627,공덕,626,N,6호선,6026,2633,버티고개,632,N,05:44:50,05:45:10,,6005,하행,2025-05-01T05:00:00,,주말
6호선,2649,신내,648,,20250619,6호선,2627,공덕,626,N,6호선,6026,2634,약수,633,N,05:46:20,05:47:00,,6005,하행,2025-05-01T05:00:00,,주말
6호선,2649,신내,648,,20250619,6호선,2627,공덕,626,N,6호선,6026,2635,청구,634,N,05:48:10,05:48:50,,6005,하행,2025-05-01T05:00:00,,주말
6호선,2649,신내,648,,20250619,6호선,2627,공덕,626,N,6호선,6026,2636,신당,635,N,05:50:00,05:50:30,,6005,하행,2025-05-01T05:00:00,,주말
6호선,2649,신내,648,,20250619,6호선,2627,공덕,626,N,6호선,6026,2637,동묘앞,636,N,05:51:30,05:52:00,,6005,하행,2025-05-01T05:00:00,,주말
6호선,2649,신내,648,,20250619,6호선,2627,공덕,626,N,6호선,6026,2638,창신,637,N,05:53:20,05:53:40,,6005,하행,2025-05-01T05:00:00,,주말
6호선,2649,신내,648,,20250619,6호선,2627,공덕,626,N,6호선,6026,2639,보문,638,N,05:54:50,05:55:20,,6005,하행,2025-05-01T05:00:00,,주말
6호선,2649,신내,648,,20250619,6호선,2627,공덕,626,N,6호선,6026,2640,안암,639,N,05:56:30,05:57:00,,6005,하행,2025-05-01T05:00:00,,주말
6호선,2649,신내,648,,20250619,6호선,2627,공덕,626,N,6호선,6026,2641,고려대,640,N,05:58:10,05:58:40,,6005,하행,2025-05-01T05:00:00,,주말
6호선,2649,신내,648,,20250619,6호선,2627,공덕,626,N,6호선,6026,2642,월곡,641,N,06:00:20,06:00:50,,6005,하행,2025-05-01T05:00:00,,주말
6호선,2649,신내,648,,20250619,6호선,2627,공덕,626,N,6호선,6026,2643,상월곡,642,N,06:02:00,06:02:20,,6005,하행,2025-05-01T05:00:00,,주말
6호선,2649,신내,648,,20250619,6호선,2627,공덕,626,N,6호선,6026,2644,돌곶이,643,N,06:03:30,06:04:00,,6005,하행,2025-05-01T05:00:00,,주말
6호선,2649,신내,648,,20250619,6호선,2627,공덕,626,N,6호선,6026,2645,석계,644,N,06:05:30,06:06:10,,6005,하행,2025-05-01T05:00:00,,주말
6호선,2649,신내,648,,20250619,6호선,2627,공덕,626,N,6호선,6026,2646,태릉입구,645,N,06:07:20,06:07:50,,6005,하행,2025-05-01T05:00:00,,주말
6호선,2649,신내,648,,20250619,6호선,2627,공덕,626,N,6호선,6026,2647,화랑대,646,N,06:09:10,06:09:40,,6005,하행,2025-05-01T05:00:00,,주말
6호선,2649,신내,648,,20250619,6호선,2627,공덕,626,N,6호선,6026,2648,봉화산,647,N,06:11:00,06:11:30,,6005,하행,2025-05-01T05:00:00,,주말
6호선,2649,신내,648,,20250619,6호선,2627,공덕,626,N,6호선,6026,2649,신내,648,N,06:16:00,,,6005,하행,2025-05-01T05:00:00,,주말
6호선,2649,신내,648,,20250619,6호선,2617,새절,616,N,6호선,6030,2617,새절,616,N,,05:30:00,,6007,하행,2025-05-01T05:00:00,,주말
6호선,2649,신내,648,,20250619,6호선,2617,새절,616,N,6호선,6030,2618,증산,617,N,05:31:20,05:31:50,,6007,하행,2025-05-01T05:00:00,,주말
6호선,2649,신내,648,,20250619,6호선,2617,새절,616,N,6호선,6030,2619,디지털미디어시티,618,N,05:33:20,05:34:00,,6007,하행,2025-05-01T05:00:00,,주말
6호선,2649,신내,648,,20250619,6호선,2617,새절,616,N,6호선,6030,2620,월드컵경기장,619,N,05:35:10,05:35:40,,6007,하행,2025-05-01T05:00:00,,주말
6호선,2649,신내,648,,20250619,6호선,2617,새절,616,N,6호선,6030,2621,마포구청,620,N,05:36:50,05:37:20,,6007,하행,2025-05-01T05:00:00,,주말
6호선,2649,신내,648,,20250619,6호선,2617,새절,616,N,6호선,6030,2622,망원,621,N,05:38:40,05:39:10,,6007,하행,2025-05-01T05:00:00,,주말
6호선,2649,신내,648,,20250619,6호선,2617,새절,616,N,6호선,6030,2623,합정,622,N,05:40:30,05:41:10,,6007,하행,2025-05-01T05:00:00,,주말
6호선,2649,신내,648,,20250619,6호선,2617,새절,616,N,6호선,6030,2624,상수,623,N,05:42:20,05:42:40,,6007,하행,2025-05-01T05:00:00,,주말
6호선,2649,신내,648,,20250619,6호선,2617,새절,616,N,6호선,6030,2625,광흥창,624,N,05:43:50,05:44:20,,6007,하행,2025-05-01T05:00:00,,주말
6호선,2649,신내,648,,20250619,6호선,2617,새절,616,N,6호선,6030,2626,대흥,625,N,05:45:50,05:46:20,,6007,하행,2025-05-01T05:00:00,,주말
6호선,2649,신내,648,,20250619,6호선,2617,새절,616,N,6호선,6030,2627,공덕,626,N,05:47:40,05:48:20,,6007,하행,2025-05-01T05:00:00,,주말
6호선,2649,신내,648,,20250619,6호선,2617,새절,616,N,6호선,6030,2628,효창공원앞,627,N,05:49:40,05:50:10,,6007,하행,2025-05-01T05:00:00,,주말
6호선,2649,신내,648,,20250619,6호선,2617,새절,616,N,6호선,6030,2629,삼각지,628,N,05:51:40,05:52:10,,6007,하행,2025-05-01T05:00:00,,주말
6호선,2649,신내,648,,20250619,6호선,2617,새절,616,N,6호선,6030,2630,녹사평,629,N,05:53:50,05:54:10,,6007,하행,2025-05-01T05:00:00,,주말
6호선,2649,신내,648,,20250619,6호선,2617,새절,616,N,6호선,6030,2631,이태원,630,N,05:55:20,05:55:50,,6007,하행,2025-05-01T05:00:00,,주말
6호선,2649,신내,648,,20250619,6호선,2617,새절,616,N,6호선,6030,2632,한강진,631,N,05:57:20,05:57:40,,6007,하행,2025-05-01T05:00:00,,주말
6호선,2649,신내,648,,20250619,6호선,2617,새절,616,N,6호선,6030,2633,버티고개,632,N,05:59:10,05:59:30,,6007,하행,2025-05-01T05:00:00,,주말
6호선,2649,신내,648,,20250619,6호선,2617,새절,616,N,6호선,6030,2634,약수,633,N,06:00:40,06:01:20,,6007,하행,2025-05-01T05:00:00,,주말
6호선,2649,신내,648,,20250619,6호선,2617,새절,616,N,6호선,6030,2635,청구,634,N,06:02:30,06:03:10,,6007,하행,2025-05-01T05:00:00,,주말
6호선,2649,신내,648,,20250619,6호선,2617,새절,616,N,6호선,6030,2636,신당,635,N,06:04:20,06:04:50,,6007,하행,2025-05-01T05:00:00,,주말
6호선,2649,신내,648,,20250619,6호선,2617,새절,616,N,6호선,6030,2637,동묘앞,636,N,06:05:50,06:06:20,,6007,하행,2025-05-01T05:00:00,,주말
6호선,2649,신내,648,,20250619,6호선,2617,새절,616,N,6호선,6030,2638,창신,637,N,06:07:40,06:08:00,,6007,하행,2025-05-01T05:00:00,,주말
6호선,2649,신내,648,,20250619,6호선,2617,새절,616,N,6호선,6030,2639,보문,638,N,06:09:10,06:09:40,,6007,하행,2025-05-01T05:00:00,,주말
6호선,2649,신내,648,,20250619,6호선,2617,새절,616,N,6호선,6030,2640,안암,639,N,06:10:50,06:11:20,,6007,하행,2025-05-01T05:00:00,,주말
6호선,2649,신내,648,,20250619,6호선,2617,새절,616,N,6호선,6030,2641,고려대,640,N,06:12:30,06:13:00,,6007,하행,2025-05-01T05:00:00,,주말
6호선,2649,신내,648,,20250619,6호선,2617,새절,616,N,6호선,6030,2642,월곡,641,N,06:14:40,06:15:10,,6007,하행,2025-05-01T05:00:00,,주말
6호선,2649,신내,648,,20250619,6호선,2617,새절,616,N,6호선,6030,2643,상월곡,642,N,06:16:20,06:16:40,,6007,하행,2025-05-01T05:00:00,,주말
6호선,2649,신내,648,,20250619,6호선,2617,새절,616,N,6호선,6030,2644,돌곶이,643,N,06:17:50,06:18:20,,6007,하행,2025-05-01T05:00:00,,주말
6호선,2649,신내,648,,20250619,6호선,2617,새절,616,N,6호선,6030,2645,석계,644,N,06:19:50,06:20:30,,6007,하행,2025-05-01T05:00:00,,주말
6호선,2649,신내,648,,20250619,6호선,2617,새절,616,N,6호선,6030,2646,태릉입구,645,N,06:21:40,06:22:10,,6007,하행,2025-05-01T05:00:00,,주말
6호선,2649,신내,648,,20250619,6호선,2617,새절,616,N,6호선,6030,2647,화랑대,646,N,06:23:30,06:24:00,,6007,하행,2025-05-01T05:00:00,,주말
6호선,2649,신내,648,,20250619,6호선,2617,새절,616,N,6호선,6030,2648,봉화산,647,N,06:25:20,06:25:50,,6007,하행,2025-05-01T05:00:00,,주말
6호선,2649,신내,648,,20250619,6호선,2617,새절,616,N,6호선,6030,2649,신내,648,N,06:30:20,,,6007,하행,2025-05-01T05:00:00,,주말
6호선,2648,봉화산,647,,20250619,6호선,2614,독바위,613,N,6호선,6028,2614,독바위,613,N,,05:32:00,,6009,하행,2025-05-01T05:00:00,,주말
6호선,2648,봉화산,647,,20250619,6호선,2614,독바위,613,N,6호선,6028,2615,연신내,614,N,05:34:10,05:34:50,,6009,하행,2025-05-01T05:00:00,,주말
6호선,2648,봉화산,647,,20250619,6호선,2614,독바위,613,N,6호선,6028,2616,구산,615,N,05:36:10,05:36:40,,6009,하행,2025-05-01T05:00:00,,주말
6호선,2648,봉화산,647,,20250619,6호선,2614,독바위,613,N,6호선,6028,2611,응암,610,N,05:38:40,05:39:10,,6009,하행,2025-05-01T05:00:00,,주말
6호선,2648,봉화산,647,,20250619,6호선,2614,독바위,613,N,6호선,6028,2617,새절,616,N,05:40:20,05:40:50,,6009,하행,2025-05-01T05:00:00,,주말
6호선,2648,봉화산,647,,20250619,6호선,2614,독바위,613,N,6호선,6028,2618,증산,617,N,05:42:10,05:42:40,,6009,하행,2025-05-01T05:00:00,,주말
6호선,2648,봉화산,647,,20250619,6호선,2614,독바위,613,N,6호선,6028,2619,디지털미디어시티,618,N,05:44:00,05:44:40,,6009,하행,2025-05-01T05:00:00,,주말
6호선,2648,봉화산,647,,20250619,6호선,2614,독바위,613,N,6호선,6028,2620,월드컵경기장,619,N,05:46:00,05:46:30,,6009,하행,2025-05-01T05:00:00,,주말
6호선,2648,봉화산,647,,20250619,6호선,2614,독바위,613,N,6호선,6028,2621,마포구청,620,N,05:47:40,05:48:10,,6009,하행,2025-05-01T05:00:00,,주말
6호선,2648,봉화산,647,,20250619,6호선,2614,독바위,613,N,6호선,6028,2622,망원,621,N,05:49:30,05:50:00,,6009,하행,2025-05-01T05:00:00,,주말
6호선,2648,봉화산,647,,20250619,6호선,2614,독바위,613,N,6호선,6028,2623,합정,622,N,05:51:20,05:52:00,,6009,하행,2025-05-01T05:00:00,,주말
6호선,2648,봉화산,647,,20250619,6호선,2614,독바위,613,N,6호선,6028,2624,상수,623,N,05:53:10,05:53:30,,6009,하행,2025-05-01T05:00:00,,주말
6호선,2648,봉화산,647,,20250619,6호선,2614,독바위,613,N,6호선,6028,2625,광흥창,624,N,05:54:40,05:55:10,,6009,하행,2025-05-01T05:00:00,,주말
6호선,2648,봉화산,647,,20250619,6호선,2614,독바위,613,N,6호선,6028,2626,대흥,625,N,05:56:40,05:57:10,,6009,하행,2025-05-01T05:00:00,,주말
6호선,2648,봉화산,647,,20250619,6호선,2614,독바위,613,N,6호선,6028,2627,공덕,626,N,05:58:30,05:59:10,,6009,하행,2025-05-01T05:00:00,,주말
6호선,2648,봉화산,647,,20250619,6호선,2614,독바위,613,N,6호선,6028,2628,효창공원앞,627,N,06:00:30,06:01:00,,6009,하행,2025-05-01T05:00:00,,주말
6호선,2648,봉화산,647,,20250619,6호선,2614,독바위,613,N,6호선,6028,2629,삼각지,628,N,06:02:30,06:03:00,,6009,하행,2025-05-01T05:00:00,,주말
6호선,2648,봉화산,647,,20250619,6호선,2614,독바위,613,N,6호선,6028,2630,녹사평,629,N,06:04:40,06:05:00,,6009,하행,2025-05-01T05:00:00,,주말
6호선,2648,봉화산,647,,20250619,6호선,2614,독바위,613,N,6호선,6028,2631,이태원,630,N,06:06:10,06:06:40,,6009,하행,2025-05-01T05:00:00,,주말
6호선,2648,봉화산,647,,20250619,6호선,2614,독바위,613,N,6호선,6028,2632,한강진,631,N,06:08:10,06:08:30,,6009,하행,2025-05-01T05:00:00,,주말
6호선,2648,봉화산,647,,20250619,6호선,2614,독바위,613,N,6호선,6028,2633,버티고개,632,N,06:10:00,06:10:20,,6009,하행,2025-05-01T05:00:00,,주말
6호선,2648,봉화산,647,,20250619,6호선,2614,독바위,613,N,6호선,6028,2634,약수,633,N,06:11:30,06:12:10,,6009,하행,2025-05-01T05:00:00,,주말
6호선,2648,봉화산,647,,20250619,6호선,2614,독바위,613,N,6호선,6028,2635,청구,634,N,06:13:20,06:14:00,,6009,하행,2025-05-01T05:00:00,,주말
6호선,2648,봉화산,647,,20250619,6호선,2614,독바위,613,N,6호선,6028,2636,신당,635,N,06:15:10,06:15:40,,6009,하행,2025-05-01T05:00:00,,주말
6호선,2648,봉화산,647,,20250619,6호선,2614,독바위,613,N,6호선,6028,2637,동묘앞,636,N,06:16:40,06:17:10,,6009,하행,2025-05-01T05:00:00,,주말
6호선,2648,봉화산,647,,20250619,6호선,2614,독바위,613,N,6호선,6028,2638,창신,637,N,06:18:30,06:18:50,,6009,하행,2025-05-01T05:00:00,,주말
6호선,2648,봉화산,647,,20250619,6호선,2614,독바위,613,N,6호선,6028,2639,보문,638,N,06:20:00,06:20:30,,6009,하행,2025-05-01T05:00:00,,주말
6호선,2648,봉화산,647,,20250619,6호선,2614,독바위,613,N,6호선,6028,2640,안암,639,N,06:21:40,06:22:10,,6009,하행,2025-05-01T05:00:00,,주말
6호선,2648,봉화산,647,,20250619,6호선,2614,독바위,613,N,6호선,6028,2641,고려대,640,N,06:23:20,06:23:50,,6009,하행,2025-05-01T05:00:00,,주말
6호선,2648,봉화산,647,,20250619,6호선,2614,독바위,613,N,6호선,6028,2642,월곡,641,N,06:25:30,06:26:00,,6009,하행,2025-05-01T05:00:00,,주말
6호선,2648,봉화산,647,,20250619,6호선,2614,독바위,613,N,6호선,6028,2643,상월곡,642,N,06:27:10,06:27:30,,6009,하행,2025-05-01T05:00:00,,주말
6호선,2648,봉화산,647,,20250619,6호선,2614,독바위,613,N,6호선,6028,2644,돌곶이,643,N,06:28:40,06:29:10,,6009,하행,2025-05-01T05:00:00,,주말
6호선,2648,봉화산,647,,20250619,6호선,2614,독바위,613,N,6호선,6028,2645,석계,644,N,06:30:40,06:31:20,,6009,하행,2025-05-01T05:00:00,,주말
6호선,2648,봉화산,647,,20250619,6호선,2614,독바위,613,N,6호선,6028,2646,태릉입구,645,N,06:32:30,06:33:00,,6009,하행,2025-05-01T05:00:00,,주말
6호선,2648,봉화산,647,,20250619,6호선,2614,독바위,613,N,6호선,6028,2647,화랑대,646,N,06:34:20,06:34:50,,6009,하행,2025-05-01T05:00:00,,주말
6호선,2648,봉화산,647,,20250619,6호선,2614,독바위,613,N,6호선,6028,2648,봉화산,647,N,06:36:10,,,6009,하행,2025-05-01T05:00:00,,주말
6호선,2649,신내,648,,20250619,6호선,2611,응암,610,N,6호선,6034,2611,응암,610,N,,05:37:00,,6011,하행,2025-05-01T05:00:00,,주말
6호선,2649,신내,648,,20250619,6호선,2611,응암,610,N,6호선,6034,2612,역촌,611,N,05:38:40,05:39:00,,6011,하행,2025-05-01T05:00:00,,주말
6호선,2649,신내,648,,20250619,6호선,2611,응암,610,N,6호선,6034,2613,불광,612,N,05:40:20,05:41:00,,6011,하행,2025-05-01T05:00:00,,주말
6호선,2649,신내,648,,20250619,6호선,2611,응암,610,N,6호선,6034,2614,독바위,613,N,05:42:30,05:42:50,,6011,하행,2025-05-01T05:00:00,,주말
6호선,2649,신내,648,,20250619,6호선,2611,응암,610,N,6호선,6034,2615,연신내,614,N,05:45:00,05:45:40,,6011,하행,2025-05-01T05:00:00,,주말
6호선,2649,신내,648,,20250619,6호선,2611,응암,610,N,6호선,6034,2616,구산,615,N,05:47:00,05:47:30,,6011,하행,2025-05-01T05:00:00,,주말
6호선,2649,신내,648,,20250619,6호선,2611,응암,610,N,6호선,6034,2611,응암,610,N,05:49:30,05:50:00,,6011,하행,2025-05-01T05:00:00,,주말
6호선,2649,신내,648,,20250619,6호선,2611,응암,610,N,6호선,6034,2617,새절,616,N,05:51:10,05:51:40,,6011,하행,2025-05-01T05:00:00,,주말
6호선,2649,신내,648,,20250619,6호선,2611,응암,610,N,6호선,6034,2618,증산,617,N,05:53:00,05:53:30,,6011,하행,2025-05-01T05:00:00,,주말
6호선,2649,신내,648,,20250619,6호선,2611,응암,610,N,6호선,6034,2619,디지털미디어시티,618,N,05:54:50,05:55:30,,6011,하행,2025-05-01T05:00:00,,주말
6호선,2649,신내,648,,20250619,6호선,2611,응암,610,N,6호선,6034,2620,월드컵경기장,619,N,05:56:50,05:57:20,,6011,하행,2025-05-01T05:00:00,,주말
6호선,2649,신내,648,,20250619,6호선,2611,응암,610,N,6호선,6034,2621,마포구청,620,N,05:58:30,05:59:00,,6011,하행,2025-05-01T05:00:00,,주말
6호선,2649,신내,648,,20250619,6호선,2611,응암,610,N,6호선,6034,2622,망원,621,N,06:00:20,06:00:50,,6011,하행,2025-05-01T05:00:00,,주말
6호선,2649,신내,648,,20250619,6호선,2611,응암,610,N,6호선,6034,2623,합정,622,N,06:02:10,06:02:50,,6011,하행,2025-05-01T05:00:00,,주말
6호선,2649,신내,648,,20250619,6호선,2611,응암,610,N,6호선,6034,2624,상수,623,N,06:04:00,06:04:20,,6011,하행,2025-05-01T05:00:00,,주말
6호선,2649,신내,648,,20250619,6호선,2611,응암,610,N,6호선,6034,2625,광흥창,624,N,06:05:30,06:06:00,,6011,하행,2025-05-01T05:00:00,,주말
6호선,2649,신내,648,,20250619,6호선,2611,응암,610,N,6호선,6034,2626,대흥,625,N,06:07:30,06:08:00,,6011,하행,2025-05-01T05:00:00,,주말
6호선,2649,신내,648,,20250619,6호선,2611,응암,610,N,6호선,6034,2627,공덕,626,N,06:09:20,06:10:00,,6011,하행,2025-05-01T05:00:00,,주말
6호선,2649,신내,648,,20250619,6호선,2611,응암,610,N,6호선,6034,2628,효창공원앞,627,N,06:11:20,06:11:50,,6011,하행,2025-05-01T05:00:00,,주말
6호선,2649,신내,648,,20250619,6호선,2611,응암,610,N,6호선,6034,2629,삼각지,628,N,06:13:20,06:13:50,,6011,하행,2025-05-01T05:00:00,,주말
6호선,2649,신내,648,,20250619,6호선,2611,응암,610,N,6호선,6034,2630,녹사평,629,N,06:15:30,06:15:50,,6011,하행,2025-05-01T05:00:00,,주말
6호선,2649,신내,648,,20250619,6호선,2611,응암,610,N,6호선,6034,2631,이태원,630,N,06:17:00,06:17:30,,6011,하행,2025-05-01T05:00:00,,주말
6호선,2649,신내,648,,20250619,6호선,2611,응암,610,N,6호선,6034,2632,한강진,631,N,06:19:00,06:19:20,,6011,하행,2025-05-01T05:00:00,,주말
6호선,2649,신내,648,,20250619,6호선,2611,응암,610,N,6호선,6034,2633,버티고개,632,N,06:20:50,06:21:10,,6011,하행,2025-05-01T05:00:00,,주말
6호선,2649,신내,648,,20250619,6호선,2611,응암,610,N,6호선,6034,2634,약수,633,N,06:22:20,06:23:00,,6011,하행,2025-05-01T05:00:00,,주말
6호선,2649,신내,648,,20250619,6호선,2611,응암,610,N,6호선,6034,2635,청구,634,N,06:24:10,06:24:50,,6011,하행,2025-05-01T05:00:00,,주말
6호선,2649,신내,648,,20250619,6호선,2611,응암,610,N,6호선,6034,2636,신당,635,N,06:26:00,06:26:30,,6011,하행,2025-05-01T05:00:00,,주말
6호선,2649,신내,648,,20250619,6호선,2611,응암,610,N,6호선,6034,2637,동묘앞,636,N,06:27:30,06:28:00,,6011,하행,2025-05-01T05:00:00,,주말
6호선,2649,신내,648,,20250619,6호선,2611,응암,610,N,6호선,6034,2638,창신,637,N,06:29:20,06:29:40,,6011,하행,2025-05-01T05:00:00,,주말
6호선,2649,신내,648,,20250619,6호선,2611,응암,610,N,6호선,6034,2639,보문,638,N,06:30:50,06:31:20,,6011,하행,2025-05-01T05:00:00,,주말
6호선,2649,신내,648,,20250619,6호선,2611,응암,610,N,6호선,6034,2640,안암,639,N,06:32:30,06:33:00,,6011,하행,2025-05-01T05:00:00,,주말
6호선,2649,신내,648,,20250619,6호선,2611,응암,610,N,6호선,6034,2641,고려대,640,N,06:34:10,06:34:40,,6011,하행,2025-05-01T05:00:00,,주말
6호선,2649,신내,648,,20250619,6호선,2611,응암,610,N,6호선,6034,2642,월곡,641,N,06:36:20,06:36:50,,6011,하행,2025-05-01T05:00:00,,주말
6호선,2649,신내,648,,20250619,6호선,2611,응암,610,N,6호선,6034,2643,상월곡,642,N,06:38:00,06:38:20,,6011,하행,2025-05-01T05:00:00,,주말
6호선,2649,신내,648,,20250619,6호선,2611,응암,610,N,6호선,6034,2644,돌곶이,643,N,06:39:30,06:40:00,,6011,하행,2025-05-01T05:00:00,,주말
6호선,2649,신내,648,,20250619,6호선,2611,응암,610,N,6호선,6034,2645,석계,644,N,06:41:30,06:42:10,,6011,하행,2025-05-01T05:00:00,,주말
6호선,2649,신내,648,,20250619,6호선,2611,응암,610,N,6호선,6034,2646,태릉입구,645,N,06:43:20,06:43:50,,6011,하행,2025-05-01T05:00:00,,주말
6호선,2649,신내,648,,20250619,6호선,2611,응암,610,N,6호선,6034,2647,화랑대,646,N,06:45:10,06:45:40,,6011,하행,2025-05-01T05:00:00,,주말
6호선,2649,신내,648,,20250619,6호선,2611,응암,610,N,6호선,6034,2648,봉화산,647,N,06:47:00,06:47:30,,6011,하행,2025-05-01T05:00:00,,주말
6호선,2649,신내,648,,20250619,6호선,2611,응암,610,N,6호선,6034,2649,신내,648,N,06:52:00,,,6011,하행,2025-05-01T05:00:00,,주말
6호선,2648,봉화산,647,,20250619,6호선,2611,응암,610,N,6호선,입고,2611,응암,610,N,,05:48:00,,6013,하행,2025-05-01T05:00:00,,주말
6호선,2648,봉화산,647,,20250619,6호선,2611,응암,610,N,6호선,입고,2612,역촌,611,N,05:49:40,05:50:00,,6013,하행,2025-05-01T05:00:00,,주말
6호선,2648,봉화산,647,,20250619,6호선,2611,응암,610,N,6호선,입고,2613,불광,612,N,05:51:20,05:52:00,,6013,하행,2025-05-01T05:00:00,,주말
6호선,2648,봉화산,647,,20250619,6호선,2611,응암,610,N,6호선,입고,2614,독바위,613,N,05:53:30,05:53:50,,6013,하행,2025-05-01T05:00:00,,주말
6호선,2648,봉화산,647,,20250619,6호선,2611,응암,610,N,6호선,입고,2615,연신내,614,N,05:56:00,05:56:40,,6013,하행,2025-05-01T05:00:00,,주말
6호선,2648,봉화산,647,,20250619,6호선,2611,응암,610,N,6호선,입고,2616,구산,615,N,05:58:00,05:58:30,,6013,하행,2025-05-01T05:00:00,,주말
6호선,2648,봉화산,647,,20250619,6호선,2611,응암,610,N,6호선,입고,2611,응암,610,N,06:00:30,06:01:00,,6013,하행,2025-05-01T05:00:00,,주말
6호선,2648,봉화산,647,,20250619,6호선,2611,응암,610,N,6호선,입고,2617,새절,616,N,06:02:10,06:02:40,,6013,하행,2025-05-01T05:00:00,,주말
6호선,2648,봉화산,647,,20250619,6호선,2611,응암,610,N,6호선,입고,2618,증산,617,N,06:04:00,06:04:20,,6013,하행,2025-05-01T05:00:00,,주말
6호선,2648,봉화산,647,,20250619,6호선,2611,응암,610,N,6호선,입고,2619,디지털미디어시티,618,N,06:05:40,06:06:20,,6013,하행,2025-05-01T05:00:00,,주말
6호선,2648,봉화산,647,,20250619,6호선,2611,응암,610,N,6호선,입고,2620,월드컵경기장,619,N,06:07:40,06:08:10,,6013,하행,2025-05-01T05:00:00,,주말
6호선,2648,봉화산,647,,20250619,6호선,2611,응암,610,N,6호선,입고,2621,마포구청,620,N,06:09:20,06:09:50,,6013,하행,2025-05-01T05:00:00,,주말
6호선,2648,봉화산,647,,20250619,6호선,2611,응암,610,N,6호선,입고,2622,망원,621,N,06:11:10,06:11:40,,6013,하행,2025-05-01T05:00:00,,주말
6호선,2648,봉화산,647,,20250619,6호선,2611,응암,610,N,6호선,입고,2623,합정,622,N,06:13:00,06:13:40,,6013,하행,2025-05-01T05:00:00,,주말
6호선,2648,봉화산,647,,20250619,6호선,2611,응암,610,N,6호선,입고,2624,상수,623,N,06:14:50,06:15:10,,6013,하행,2025-05-01T05:00:00,,주말
6호선,2648,봉화산,647,,20250619,6호선,2611,응암,610,N,6호선,입고,2625,광흥창,624,N,06:16:20,06:16:50,,6013,하행,2025-05-01T05:00:00,,주말
6호선,2648,봉화산,647,,20250619,6호선,2611,응암,610,N,6호선,입고,2626,대흥,625,N,06:18:20,06:18:50,,6013,하행,2025-05-01T05:00:00,,주말
6호선,2648,봉화산,647,,20250619,6호선,2611,응암,610,N,6호선,입고,2627,공덕,626,N,06:20:10,06:20:50,,6013,하행,2025-05-01T05:00:00,,주말
6호선,2648,봉화산,647,,20250619,6호선,2611,응암,610,N,6호선,입고,2628,효창공원앞,627,N,06:22:10,06:22:40,,6013,하행,2025-05-01T05:00:00,,주말
6호선,2648,봉화산,647,,20250619,6호선,2611,응암,610,N,6호선,입고,2629,삼각지,628,N,06:24:10,06:24:50,,6013,하행,2025-05-01T05:00:00,,주말
6호선,2648,봉화산,647,,20250619,6호선,2611,응암,610,N,6호선,입고,2630,녹사평,629,N,06:26:30,06:26:50,,6013,하행,2025-05-01T05:00:00,,주말
6호선,2648,봉화산,647,,20250619,6호선,2611,응암,610,N,6호선,입고,2631,이태원,630,N,06:28:00,06:28:30,,6013,하행,2025-05-01T05:00:00,,주말
6호선,2648,봉화산,647,,20250619,6호선,2611,응암,610,N,6호선,입고,2632,한강진,631,N,06:30:00,06:30:20,,6013,하행,2025-05-01T05:00:00,,주말
6호선,2648,봉화산,647,,20250619,6호선,2611,응암,610,N,6호선,입고,2633,버티고개,632,N,06:31:50,06:32:10,,6013,하행,2025-05-01T05:00:00,,주말
6호선,2648,봉화산,647,,20250619,6호선,2611,응암,610,N,6호선,입고,2634,약수,633,N,06:33:20,06:34:00,,6013,하행,2025-05-01T05:00:00,,주말
6호선,2648,봉화산,647,,20250619,6호선,2611,응암,610,N,6호선,입고,2635,청구,634,N,06:35:10,06:35:40,,6013,하행,2025-05-01T05:00:00,,주말
6호선,2648,봉화산,647,,20250619,6호선,2611,응암,610,N,6호선,입고,2636,신당,635,N,06:36:50,06:37:20,,6013,하행,2025-05-01T05:00:00,,주말
6호선,2648,봉화산,647,,20250619,6호선,2611,응암,610,N,6호선,입고,2637,동묘앞,636,N,06:38:20,06:38:50,,6013,하행,2025-05-01T05:00:00,,주말
6호선,2648,봉화산,647,,20250619,6호선,2611,응암,610,N,6호선,입고,2638,창신,637,N,06:40:10,06:40:40,,6013,하행,2025-05-01T05:00:00,,주말
6호선,2648,봉화산,647,,20250619,6호선,2611,응암,610,N,6호선,입고,2639,보문,638,N,06:41:50,06:42:20,,6013,하행,2025-05-01T05:00:00,,주말
6호선,2648,봉화산,647,,20250619,6호선,2611,응암,610,N,6호선,입고,2640,안암,639,N,06:43:30,06:44:00,,6013,하행,2025-05-01T05:00:00,,주말
6호선,2648,봉화산,647,,20250619,6호선,2611,응암,610,N,6호선,입고,2641,고려대,640,N,06:45:10,06:45:40,,6013,하행,2025-05-01T05:00:00,,주말
6호선,2648,봉화산,647,,20250619,6호선,2611,응암,610,N,6호선,입고,2642,월곡,641,N,06:47:20,06:47:50,,6013,하행,2025-05-01T05:00:00,,주말
6호선,2648,봉화산,647,,20250619,6호선,2611,응암,610,N,6호선,입고,2643,상월곡,642,N,06:49:00,06:49:30,,6013,하행,2025-05-01T05:00:00,,주말
6호선,2648,봉화산,647,,20250619,6호선,2611,응암,610,N,6호선,입고,2644,돌곶이,643,N,06:50:40,06:51:00,,6013,하행,2025-05-01T05:00:00,,주말
6호선,2648,봉화산,647,,20250619,6호선,2611,응암,610,N,6호선,입고,2645,석계,644,N,06:52:30,06:53:10,,6013,하행,2025-05-01T05:00:00,,주말
6호선,2648,봉화산,647,,20250619,6호선,2611,응암,610,N,6호선,입고,2646,태릉입구,645,N,06:54:20,06:54:50,,6013,하행,2025-05-01T05:00:00,,주말
6호선,2648,봉화산,647,,20250619,6호선,2611,응암,610,N,6호선,입고,2647,화랑대,646,N,06:56:10,06:56:40,,6013,하행,2025-05-01T05:00:00,,주말
6호선,2648,봉화산,647,,20250619,6호선,2611,응암,610,N,6호선,입고,2648,봉화산,647,N,06:58:00,,,6013,하행,2025-05-01T05:00:00,,주말
6호선,2649,신내,648,,20250619,6호선,2611,응암,610,N,6호선,6038,2611,응암,610,N,,05:56:50,,6015,하행,2025-05-01T05:00:00,,주말
6호선,2649,신내,648,,20250619,6호선,2611,응암,610,N,6호선,6038,2612,역촌,611,N,05:58:30,05:58:50,,6015,하행,2025-05-01T05:00:00,,주말
6호선,2649,신내,648,,20250619,6호선,2611,응암,610,N,6호선,6038,2613,불광,612,N,06:00:10,06:00:50,,6015,하행,2025-05-01T05:00:00,,주말
6호선,2649,신내,648,,20250619,6호선,2611,응암,610,N,6호선,6038,2614,독바위,613,N,06:02:20,06:02:40,,6015,하행,2025-05-01T05:00:00,,주말
6호선,2649,신내,648,,20250619,6호선,2611,응암,610,N,6호선,6038,2615,연신내,614,N,06:04:50,06:05:30,,6015,하행,2025-05-01T05:00:00,,주말
6호선,2649,신내,648,,20250619,6호선,2611,응암,610,N,6호선,6038,2616,구산,615,N,06:06:50,06:07:20,,6015,하행,2025-05-01T05:00:00,,주말
6호선,2649,신내,648,,20250619,6호선,2611,응암,610,N,6호선,6038,2611,응암,610,N,06:09:20,06:09:50,,6015,하행,2025-05-01T05:00:00,,주말
6호선,2649,신내,648,,20250619,6호선,2611,응암,610,N,6호선,6038,2617,새절,616,N,06:11:00,06:11:30,,6015,하행,2025-05-01T05:00:00,,주말
6호선,2649,신내,648,,20250619,6호선,2611,응암,610,N,6호선,6038,2618,증산,617,N,06:12:50,06:13:10,,6015,하행,2025-05-01T05:00:00,,주말
6호선,2649,신내,648,,20250619,6호선,2611,응암,610,N,6호선,6038,2619,디지털미디어시티,618,N,06:14:30,06:15:10,,6015,하행,2025-05-01T05:00:00,,주말
6호선,2649,신내,648,,20250619,6호선,2611,응암,610,N,6호선,6038,2620,월드컵경기장,619,N,06:16:30,06:17:00,,6015,하행,2025-05-01T05:00:00,,주말
6호선,2649,신내,648,,20250619,6호선,2611,응암,610,N,6호선,6038,2621,마포구청,620,N,06:18:10,06:18:40,,6015,하행,2025-05-01T05:00:00,,주말
6호선,2649,신내,648,,20250619,6호선,2611,응암,610,N,6호선,6038,2622,망원,621,N,06:20:00,06:20:30,,6015,하행,2025-05-01T05:00:00,,주말
6호선,2649,신내,648,,20250619,6호선,2611,응암,610,N,6호선,6038,2623,합정,622,N,06:21:50,06:22:30,,6015,하행,2025-05-01T05:00:00,,주말
6호선,2649,신내,648,,20250619,6호선,2611,응암,610,N,6호선,6038,2624,상수,623,N,06:23:40,06:24:00,,6015,하행,2025-05-01T05:00:00,,주말
6호선,2649,신내,648,,20250619,6호선,2611,응암,610,N,6호선,6038,2625,광흥창,624,N,06:25:10,06:25:40,,6015,하행,2025-05-01T05:00:00,,주말
6호선,2649,신내,648,,20250619,6호선,2611,응암,610,N,6호선,6038,2626,대흥,625,N,06:27:10,06:27:40,,6015,하행,2025-05-01T05:00:00,,주말
6호선,2649,신내,648,,20250619,6호선,2611,응암,610,N,6호선,6038,2627,공덕,626,N,06:29:00,06:29:40,,6015,하행,2025-05-01T05:00:00,,주말
6호선,2649,신내,648,,20250619,6호선,2611,응암,610,N,6호선,6038,2628,효창공원앞,627,N,06:31:00,06:31:30,,6015,하행,2025-05-01T05:00:00,,주말
6호선,2649,신내,648,,20250619,6호선,2611,응암,610,N,6호선,6038,2629,삼각지,628,N,06:33:00,06:33:40,,6015,하행,2025-05-01T05:00:00,,주말
6호선,2649,신내,648,,20250619,6호선,2611,응암,610,N,6호선,6038,2630,녹사평,629,N,06:35:20,06:35:40,,6015,하행,2025-05-01T05:00:00,,주말
6호선,2649,신내,648,,20250619,6호선,2611,응암,610,N,6호선,6038,2631,이태원,630,N,06:36:50,06:37:20,,6015,하행,2025-05-01T05:00:00,,주말
6호선,2649,신내,648,,20250619,6호선,2611,응암,610,N,6호선,6038,2632,한강진,631,N,06:38:50,06:39:10,,6015,하행,2025-05-01T05:00:00,,주말
6호선,2649,신내,648,,20250619,6호선,2611,응암,610,N,6호선,6038,2633,버티고개,632,N,06:40:40,06:41:00,,6015,하행,2025-05-01T05:00:00,,주말
6호선,2649,신내,648,,20250619,6호선,2611,응암,610,N,6호선,6038,2634,약수,633,N,06:42:10,06:42:50,,6015,하행,2025-05-01T05:00:00,,주말
6호선,2649,신내,648,,20250619,6호선,2611,응암,610,N,6호선,6038,2635,청구,634,N,06:44:00,06:44:30,,6015,하행,2025-05-01T05:00:00,,주말
6호선,2649,신내,648,,20250619,6호선,2611,응암,610,N,6호선,6038,2636,신당,635,N,06:45:40,06:46:10,,6015,하행,2025-05-01T05:00:00,,주말
6호선,2649,신내,648,,20250619,6호선,2611,응암,610,N,6호선,6038,2637,동묘앞,636,N,06:47:10,06:47:40,,6015,하행,2025-05-01T05:00:00,,주말
6호선,2649,신내,648,,20250619,6호선,2611,응암,610,N,6호선,6038,2638,창신,637,N,06:49:00,06:49:30,,6015,하행,2025-05-01T05:00:00,,주말
6호선,2649,신내,648,,20250619,6호선,2611,응암,610,N,6호선,6038,2639,보문,638,N,06:50:40,06:51:10,,6015,하행,2025-05-01T05:00:00,,주말
6호선,2649,신내,648,,20250619,6호선,2611,응암,610,N,6호선,6038,2640,안암,639,N,06:52:20,06:52:50,,6015,하행,2025-05-01T05:00:00,,주말
6호선,2649,신내,648,,20250619,6호선,2611,응암,610,N,6호선,6038,2641,고려대,640,N,06:54:00,06:54:30,,6015,하행,2025-05-01T05:00:00,,주말
6호선,2649,신내,648,,20250619,6호선,2611,응암,610,N,6호선,6038,2642,월곡,641,N,06:56:10,06:56:40,,6015,하행,2025-05-01T05:00:00,,주말
6호선,2649,신내,648,,20250619,6호선,2611,응암,610,N,6호선,6038,2643,상월곡,642,N,06:57:50,06:58:20,,6015,하행,2025-05-01T05:00:00,,주말
6호선,2649,신내,648,,20250619,6호선,2611,응암,610,N,6호선,6038,2644,돌곶이,643,N,06:59:30,06:59:50,,6015,하행,2025-05-01T05:00:00,,주말
6호선,2649,신내,648,,20250619,6호선,2611,응암,610,N,6호선,6038,2645,석계,644,N,07:01:20,07:02:00,,6015,하행,2025-05-01T05:00:00,,주말
6호선,2649,신내,648,,20250619,6호선,2611,응암,610,N,6호선,6038,2646,태릉입구,645,N,07:03:10,07:03:40,,6015,하행,2025-05-01T05:00:00,,주말
6호선,2649,신내,648,,20250619,6호선,2611,응암,610,N,6호선,6038,2647,화랑대,646,N,07:05:00,07:05:30,,6015,하행,2025-05-01T05:00:00,,주말
6호선,2649,신내,648,,20250619,6호선,2611,응암,610,N,6호선,6038,2648,봉화산,647,N,07:06:50,07:07:20,,6015,하행,2025-05-01T05:00:00,,주말
6호선,2649,신내,648,,20250619,6호선,2611,응암,610,N,6호선,6038,2649,신내,648,N,07:11:50,,,6015,하행,2025-05-01T05:00:00,,주말
6호선,2648,봉화산,647,,20250619,6호선,2611,응암,610,N,6호선,입고,2611,응암,610,N,,06:05:30,,6017,하행,2025-05-01T05:00:00,,주말
6호선,2648,봉화산,647,,20250619,6호선,2611,응암,610,N,6호선,입고,2612,역촌,611,N,06:07:10,06:07:30,,6017,하행,2025-05-01T05:00:00,,주말
6호선,2648,봉화산,647,,20250619,6호선,2611,응암,610,N,6호선,입고,2613,불광,612,N,06:08:50,06:09:30,,6017,하행,2025-05-01T05:00:00,,주말
6호선,2648,봉화산,647,,20250619,6호선,2611,응암,610,N,6호선,입고,2614,독바위,613,N,06:11:00,06:11:20,,6017,하행,2025-05-01T05:00:00,,주말
6호선,2648,봉화산,647,,20250619,6호선,2611,응암,610,N,6호선,입고,2615,연신내,614,N,06:13:30,06:14:10,,6017,하행,2025-05-01T05:00:00,,주말
6호선,2648,봉화산,647,,20250619,6호선,2611,응암,610,N,6호선,입고,2616,구산,615,N,06:15:30,06:16:00,,6017,하행,2025-05-01T05:00:00,,주말
6호선,2648,봉화산,647,,20250619,6호선,2611,응암,610,N,6호선,입고,2611,응암,610,N,06:18:00,06:18:30,,6017,하행,2025-05-01T05:00:00,,주말
6호선,2648,봉화산,647,,20250619,6호선,2611,응암,610,N,6호선,입고,2617,새절,616,N,06:19:40,06:20:10,,6017,하행,2025-05-01T05:00:00,,주말
6호선,2648,봉화산,647,,20250619,6호선,2611,응암,610,N,6호선,입고,2618,증산,617,N,06:21:30,06:21:50,,6017,하행,2025-05-01T05:00:00,,주말
6호선,2648,봉화산,647,,20250619,6호선,2611,응암,610,N,6호선,입고,2619,디지털미디어시티,618,N,06:23:10,06:23:50,,6017,하행,2025-05-01T05:00:00,,주말
6호선,2648,봉화산,647,,20250619,6호선,2611,응암,610,N,6호선,입고,2620,월드컵경기장,619,N,06:25:10,06:25:40,,6017,하행,2025-05-01T05:00:00,,주말
6호선,2648,봉화산,647,,20250619,6호선,2611,응암,610,N,6호선,입고,2621,마포구청,620,N,06:26:50,06:27:20,,6017,하행,2025-05-01T05:00:00,,주말
6호선,2648,봉화산,647,,20250619,6호선,2611,응암,610,N,6호선,입고,2622,망원,621,N,06:28:40,06:29:10,,6017,하행,2025-05-01T05:00:00,,주말
6호선,2648,봉화산,647,,20250619,6호선,2611,응암,610,N,6호선,입고,2623,합정,622,N,06:30:30,06:31:10,,6017,하행,2025-05-01T05:00:00,,주말
6호선,2648,봉화산,647,,20250619,6호선,2611,응암,610,N,6호선,입고,2624,상수,623,N,06:32:20,06:32:40,,6017,하행,2025-05-01T05:00:00,,주말
6호선,2648,봉화산,647,,20250619,6호선,2611,응암,610,N,6호선,입고,2625,광흥창,624,N,06:33:50,06:34:20,,6017,하행,2025-05-01T05:00:00,,주말
6호선,2648,봉화산,647,,20250619,6호선,2611,응암,610,N,6호선,입고,2626,대흥,625,N,06:35:50,06:36:20,,6017,하행,2025-05-01T05:00:00,,주말
6호선,2648,봉화산,647,,20250619,6호선,2611,응암,610,N,6호선,입고,2627,공덕,626,N,06:37:40,06:38:20,,6017,하행,2025-05-01T05:00:00,,주말
6호선,2648,봉화산,647,,20250619,6호선,2611,응암,610,N,6호선,입고,2628,효창공원앞,627,N,06:39:40,06:40:10,,6017,하행,2025-05-01T05:00:00,,주말
6호선,2648,봉화산,647,,20250619,6호선,2611,응암,610,N,6호선,입고,2629,삼각지,628,N,06:41:40,06:42:20,,6017,하행,2025-05-01T05:00:00,,주말
6호선,2648,봉화산,647,,20250619,6호선,2611,응암,610,N,6호선,입고,2630,녹사평,629,N,06:44:00,06:44:20,,6017,하행,2025-05-01T05:00:00,,주말
6호선,2648,봉화산,647,,20250619,6호선,2611,응암,610,N,6호선,입고,2631,이태원,630,N,06:45:30,06:46:00,,6017,하행,2025-05-01T05:00:00,,주말
6호선,2648,봉화산,647,,20250619,6호선,2611,응암,610,N,6호선,입고,2632,한강진,631,N,06:47:30,06:47:50,,6017,하행,2025-05-01T05:00:00,,주말
6호선,2648,봉화산,647,,20250619,6호선,2611,응암,610,N,6호선,입고,2633,버티고개,632,N,06:49:20,06:49:40,,6017,하행,2025-05-01T05:00:00,,주말
6호선,2648,봉화산,647,,20250619,6호선,2611,응암,610,N,6호선,입고,2634,약수,633,N,06:50:50,06:51:30,,6017,하행,2025-05-01T05:00:00,,주말
6호선,2648,봉화산,647,,20250619,6호선,2611,응암,610,N,6호선,입고,2635,청구,634,N,06:52:40,06:53:10,,6017,하행,2025-05-01T05:00:00,,주말
6호선,2648,봉화산,647,,20250619,6호선,2611,응암,610,N,6호선,입고,2636,신당,635,N,06:54:20,06:54:50,,6017,하행,2025-05-01T05:00:00,,주말
6호선,2648,봉화산,647,,20250619,6호선,2611,응암,610,N,6호선,입고,2637,동묘앞,636,N,06:55:50,06:56:20,,6017,하행,2025-05-01T05:00:00,,주말
6호선,2648,봉화산,647,,20250619,6호선,2611,응암,610,N,6호선,입고,2638,창신,637,N,06:57:40,06:58:10,,6017,하행,2025-05-01T05:00:00,,주말
6호선,2648,봉화산,647,,20250619,6호선,2611,응암,610,N,6호선,입고,2639,보문,638,N,06:59:20,06:59:50,,6017,하행,2025-05-01T05:00:00,,주말
6호선,2648,봉화산,647,,20250619,6호선,2611,응암,610,N,6호선,입고,2640,안암,639,N,07:01:00,07:01:30,,6017,하행,2025-05-01T05:00:00,,주말
6호선,2648,봉화산,647,,20250619,6호선,2611,응암,610,N,6호선,입고,2641,고려대,640,N,07:02:40,07:03:10,,6017,하행,2025-05-01T05:00:00,,주말
6호선,2648,봉화산,647,,20250619,6호선,2611,응암,610,N,6호선,입고,2642,월곡,641,N,07:04:50,07:05:20,,6017,하행,2025-05-01T05:00:00,,주말
6호선,2648,봉화산,647,,20250619,6호선,2611,응암,610,N,6호선,입고,2643,상월곡,642,N,07:06:30,07:07:00,,6017,하행,2025-05-01T05:00:00,,주말
6호선,2648,봉화산,647,,20250619,6호선,2611,응암,610,N,6호선,입고,2644,돌곶이,643,N,07:08:10,07:08:30,,6017,하행,2025-05-01T05:00:00,,주말
6호선,2648,봉화산,647,,20250619,6호선,2611,응암,610,N,6호선,입고,2645,석계,644,N,07:10:00,07:10:40,,6017,하행,2025-05-01T05:00:00,,주말
6호선,2648,봉화산,647,,20250619,6호선,2611,응암,610,N,6호선,입고,2646,태릉입구,645,N,07:11:50,07:12:20,,6017,하행,2025-05-01T05:00:00,,주말
6호선,2648,봉화산,647,,20250619,6호선,2611,응암,610,N,6호선,입고,2647,화랑대,646,N,07:13:40,07:14:10,,6017,하행,2025-05-01T05:00:00,,주말
6호선,2648,봉화산,647,,20250619,6호선,2611,응암,610,N,6호선,입고,2648,봉화산,647,N,07:15:30,,,6017,하행,2025-05-01T05:00:00,,주말
6호선,2649,신내,648,,20250619,6호선,2611,응암,610,N,6호선,6042,2611,응암,610,N,,06:13:00,,6019,하행,2025-05-01T05:00:00,,주말
6호선,2649,신내,648,,20250619,6호선,2611,응암,610,N,6호선,6042,2612,역촌,611,N,06:14:40,06:15:00,,6019,하행,2025-05-01T05:00:00,,주말
6호선,2649,신내,648,,20250619,6호선,2611,응암,610,N,6호선,6042,2613,불광,612,N,06:16:20,06:17:00,,6019,하행,2025-05-01T05:00:00,,주말
6호선,2649,신내,648,,20250619,6호선,2611,응암,610,N,6호선,6042,2614,독바위,613,N,06:18:30,06:18:50,,6019,하행,2025-05-01T05:00:00,,주말
6호선,2649,신내,648,,20250619,6호선,2611,응암,610,N,6호선,6042,2615,연신내,614,N,06:21:00,06:21:40,,6019,하행,2025-05-01T05:00:00,,주말
6호선,2649,신내,648,,20250619,6호선,2611,응암,610,N,6호선,6042,2616,구산,615,N,06:23:00,06:23:30,,6019,하행,2025-05-01T05:00:00,,주말
6호선,2649,신내,648,,20250619,6호선,2611,응암,610,N,6호선,6042,2611,응암,610,N,06:25:30,06:26:00,,6019,하행,2025-05-01T05:00:00,,주말
6호선,2649,신내,648,,20250619,6호선,2611,응암,610,N,6호선,6042,2617,새절,616,N,06:27:10,06:27:40,,6019,하행,2025-05-01T05:00:00,,주말
6호선,2649,신내,648,,20250619,6호선,2611,응암,610,N,6호선,6042,2618,증산,617,N,06:29:00,06:29:20,,6019,하행,2025-05-01T05:00:00,,주말
6호선,2649,신내,648,,20250619,6호선,2611,응암,610,N,6호선,6042,2619,디지털미디어시티,618,N,06:30:40,06:31:20,,6019,하행,2025-05-01T05:00:00,,주말
6호선,2649,신내,648,,20250619,6호선,2611,응암,610,N,6호선,6042,2620,월드컵경기장,619,N,06:32:40,06:33:10,,6019,하행,2025-05-01T05:00:00,,주말
6호선,2649,신내,648,,20250619,6호선,2611,응암,610,N,6호선,6042,2621,마포구청,620,N,06:34:20,06:34:50,,6019,하행,2025-05-01T05:00:00,,주말
6호선,2649,신내,648,,20250619,6호선,2611,응암,610,N,6호선,6042,2622,망원,621,N,06:36:10,06:36:40,,6019,하행,2025-05-01T05:00:00,,주말
6호선,2649,신내,648,,20250619,6호선,2611,응암,610,N,6호선,6042,2623,합정,622,N,06:38:00,06:38:40,,6019,하행,2025-05-01T05:00:00,,주말
6호선,2649,신내,648,,20250619,6호선,2611,응암,610,N,6호선,6042,2624,상수,623,N,06:39:50,06:40:10,,6019,하행,2025-05-01T05:00:00,,주말
6호선,2649,신내,648,,20250619,6호선,2611,응암,610,N,6호선,6042,2625,광흥창,624,N,06:41:20,06:41:50,,6019,하행,2025-05-01T05:00:00,,주말
6호선,2649,신내,648,,20250619,6호선,2611,응암,610,N,6호선,6042,2626,대흥,625,N,06:43:20,06:43:50,,6019,하행,2025-05-01T05:00:00,,주말
6호선,2649,신내,648,,20250619,6호선,2611,응암,610,N,6호선,6042,2627,공덕,626,N,06:45:10,06:45:50,,6019,하행,2025-05-01T05:00:00,,주말
6호선,2649,신내,648,,20250619,6호선,2611,응암,610,N,6호선,6042,2628,효창공원앞,627,N,06:47:10,06:47:40,,6019,하행,2025-05-01T05:00:00,,주말
6호선,2649,신내,648,,20250619,6호선,2611,응암,610,N,6호선,6042,2629,삼각지,628,N,06:49:10,06:49:50,,6019,하행,2025-05-01T05:00:00,,주말
6호선,2649,신내,648,,20250619,6호선,2611,응암,610,N,6호선,6042,2630,녹사평,629,N,06:51:30,06:51:50,,6019,하행,2025-05-01T05:00:00,,주말
6호선,2649,신내,648,,20250619,6호선,2611,응암,610,N,6호선,6042,2631,이태원,630,N,06:53:00,06:53:30,,6019,하행,2025-05-01T05:00:00,,주말
6호선,2649,신내,648,,20250619,6호선,2611,응암,610,N,6호선,6042,2632,한강진,631,N,06:55:00,06:55:20,,6019,하행,2025-05-01T05:00:00,,주말
6호선,2649,신내,648,,20250619,6호선,2611,응암,610,N,6호선,6042,2633,버티고개,632,N,06:56:50,06:57:10,,6019,하행,2025-05-01T05:00:00,,주말
6호선,2649,신내,648,,20250619,6호선,2611,응암,610,N,6호선,6042,2634,약수,633,N,06:58:20,06:59:00,,6019,하행,2025-05-01T05:00:00,,주말
6호선,2649,신내,648,,20250619,6호선,2611,응암,610,N,6호선,6042,2635,청구,634,N,07:00:10,07:00:40,,6019,하행,2025-05-01T05:00:00,,주말
6호선,2649,신내,648,,20250619,6호선,2611,응암,610,N,6호선,6042,2636,신당,635,N,07:01:50,07:02:20,,6019,하행,2025-05-01T05:00:00,,주말
6호선,2649,신내,648,,20250619,6호선,2611,응암,610,N,6호선,6042,2637,동묘앞,636,N,07:03:20,07:03:50,,6019,하행,2025-05-01T05:00:00,,주말
6호선,2649,신내,648,,20250619,6호선,2611,응암,610,N,6호선,6042,2638,창신,637,N,07:05:10,07:05:40,,6019,하행,2025-05-01T05:00:00,,주말
6호선,2649,신내,648,,20250619,6호선,2611,응암,610,N,6호선,6042,2639,보문,638,N,07:06:50,07:07:20,,6019,하행,2025-05-01T05:00:00,,주말
6호선,2649,신내,648,,20250619,6호선,2611,응암,610,N,6호선,6042,2640,안암,639,N,07:08:30,07:09:00,,6019,하행,2025-05-01T05:00:00,,주말
6호선,2649,신내,648,,20250619,6호선,2611,응암,610,N,6호선,6042,2641,고려대,640,N,07:10:10,07:10:40,,6019,하행,2025-05-01T05:00:00,,주말
6호선,2649,신내,648,,20250619,6호선,2611,응암,610,N,6호선,6042,2642,월곡,641,N,07:12:20,07:12:50,,6019,하행,2025-05-01T05:00:00,,주말
6호선,2649,신내,648,,20250619,6호선,2611,응암,610,N,6호선,6042,2643,상월곡,642,N,07:14:00,07:14:30,,6019,하행,2025-05-01T05:00:00,,주말
6호선,2649,신내,648,,20250619,6호선,2611,응암,610,N,6호선,6042,2644,돌곶이,643,N,07:15:40,07:16:00,,6019,하행,2025-05-01T05:00:00,,주말
6호선,2649,신내,648,,20250619,6호선,2611,응암,610,N,6호선,6042,2645,석계,644,N,07:17:30,07:18:10,,6019,하행,2025-05-01T05:00:00,,주말
6호선,2649,신내,648,,20250619,6호선,2611,응암,610,N,6호선,6042,2646,태릉입구,645,N,07:19:20,07:19:50,,6019,하행,2025-05-01T05:00:00,,주말
6호선,2649,신내,648,,20250619,6호선,2611,응암,610,N,6호선,6042,2647,화랑대,646,N,07:21:10,07:21:40,,6019,하행,2025-05-01T05:00:00,,주말
6호선,2649,신내,648,,20250619,6호선,2611,응암,610,N,6호선,6042,2648,봉화산,647,N,07:23:00,07:23:30,,6019,하행,2025-05-01T05:00:00,,주말
6호선,2649,신내,648,,20250619,6호선,2611,응암,610,N,6호선,6042,2649,신내,648,N,07:28:00,,,6019,하행,2025-05-01T05:00:00,,주말
6호선,2648,봉화산,647,,20250619,6호선,2611,응암,610,N,6호선,6040,2611,응암,610,N,,06:20:30,,6021,하행,2025-05-01T05:00:00,,주말
6호선,2648,봉화산,647,,20250619,6호선,2611,응암,610,N,6호선,6040,2612,역촌,611,N,06:22:10,06:22:30,,6021,하행,2025-05-01T05:00:00,,주말
6호선,2648,봉화산,647,,20250619,6호선,2611,응암,610,N,6호선,6040,2613,불광,612,N,06:23:50,06:24:30,,6021,하행,2025-05-01T05:00:00,,주말
6호선,2648,봉화산,647,,20250619,6호선,2611,응암,610,N,6호선,6040,2614,독바위,613,N,06:26:00,06:26:20,,6021,하행,2025-05-01T05:00:00,,주말
6호선,2648,봉화산,647,,20250619,6호선,2611,응암,610,N,6호선,6040,2615,연신내,614,N,06:28:30,06:29:10,,6021,하행,2025-05-01T05:00:00,,주말
6호선,2648,봉화산,647,,20250619,6호선,2611,응암,610,N,6호선,6040,2616,구산,615,N,06:30:30,06:31:00,,6021,하행,2025-05-01T05:00:00,,주말
6호선,2648,봉화산,647,,20250619,6호선,2611,응암,610,N,6호선,6040,2611,응암,610,N,06:33:00,06:33:30,,6021,하행,2025-05-01T05:00:00,,주말
6호선,2648,봉화산,647,,20250619,6호선,2611,응암,610,N,6호선,6040,2617,새절,616,N,06:34:40,06:35:10,,6021,하행,2025-05-01T05:00:00,,주말
6호선,2648,봉화산,647,,20250619,6호선,2611,응암,610,N,6호선,6040,2618,증산,617,N,06:36:30,06:36:50,,6021,하행,2025-05-01T05:00:00,,주말
6호선,2648,봉화산,647,,20250619,6호선,2611,응암,610,N,6호선,6040,2619,디지털미디어시티,618,N,06:38:10,06:38:50,,6021,하행,2025-05-01T05:00:00,,주말
6호선,2648,봉화산,647,,20250619,6호선,2611,응암,610,N,6호선,6040,2620,월드컵경기장,619,N,06:40:10,06:40:40,,6021,하행,2025-05-01T05:00:00,,주말
6호선,2648,봉화산,647,,20250619,6호선,2611,응암,610,N,6호선,6040,2621,마포구청,620,N,06:41:50,06:42:20,,6021,하행,2025-05-01T05:00:00,,주말
6호선,2648,봉화산,647,,20250619,6호선,2611,응암,610,N,6호선,6040,2622,망원,621,N,06:43:40,06:44:10,,6021,하행,2025-05-01T05:00:00,,주말
6호선,2648,봉화산,647,,20250619,6호선,2611,응암,610,N,6호선,6040,2623,합정,622,N,06:45:30,06:46:10,,6021,하행,2025-05-01T05:00:00,,주말
6호선,2648,봉화산,647,,20250619,6호선,2611,응암,610,N,6호선,6040,2624,상수,623,N,06:47:20,06:47:40,,6021,하행,2025-05-01T05:00:00,,주말
6호선,2648,봉화산,647,,20250619,6호선,2611,응암,610,N,6호선,6040,2625,광흥창,624,N,06:48:50,06:49:20,,6021,하행,2025-05-01T05:00:00,,주말
6호선,2648,봉화산,647,,20250619,6호선,2611,응암,610,N,6호선,6040,2626,대흥,625,N,06:50:50,06:51:20,,6021,하행,2025-05-01T05:00:00,,주말
6호선,2648,봉화산,647,,20250619,6호선,2611,응암,610,N,6호선,6040,2627,공덕,626,N,06:52:40,06:53:20,,6021,하행,2025-05-01T05:00:00,,주말
6호선,2648,봉화산,647,,20250619,6호선,2611,응암,610,N,6호선,6040,2628,효창공원앞,627,N,06:54:40,06:55:10,,6021,하행,2025-05-01T05:00:00,,주말
6호선,2648,봉화산,647,,20250619,6호선,2611,응암,610,N,6호선,6040,2629,삼각지,628,N,06:56:40,06:57:20,,6021,하행,2025-05-01T05:00:00,,주말
6호선,2648,봉화산,647,,20250619,6호선,2611,응암,610,N,6호선,6040,2630,녹사평,629,N,06:59:00,06:59:20,,6021,하행,2025-05-01T05:00:00,,주말
6호선,2648,봉화산,647,,20250619,6호선,2611,응암,610,N,6호선,6040,2631,이태원,630,N,07:00:30,07:01:00,,6021,하행,2025-05-01T05:00:00,,주말
6호선,2648,봉화산,647,,20250619,6호선,2611,응암,610,N,6호선,6040,2632,한강진,631,N,07:02:30,07:02:50,,6021,하행,2025-05-01T05:00:00,,주말
6호선,2648,봉화산,647,,20250619,6호선,2611,응암,610,N,6호선,6040,2633,버티고개,632,N,07:04:20,07:04:40,,6021,하행,2025-05-01T05:00:00,,주말
6호선,2648,봉화산,647,,20250619,6호선,2611,응암,610,N,6호선,6040,2634,약수,633,N,07:05:50,07:06:30,,6021,하행,2025-05-01T05:00:00,,주말
6호선,2648,봉화산,647,,20250619,6호선,2611,응암,610,N,6호선,6040,2635,청구,634,N,07:07:40,07:08:10,,6021,하행,2025-05-01T05:00:00,,주말
6호선,2648,봉화산,647,,20250619,6호선,2611,응암,610,N,6호선,6040,2636,신당,635,N,07:09:20,07:09:50,,6021,하행,2025-05-01T05:00:00,,주말
6호선,2648,봉화산,647,,20250619,6호선,2611,응암,610,N,6호선,6040,2637,동묘앞,636,N,07:10:50,07:11:20,,6021,하행,2025-05-01T05:00:00,,주말
6호선,2648,봉화산,647,,20250619,6호선,2611,응암,610,N,6호선,6040,2638,창신,637,N,07:12:40,07:13:10,,6021,하행,2025-05-01T05:00:00,,주말
6호선,2648,봉화산,647,,20250619,6호선,2611,응암,610,N,6호선,6040,2639,보문,638,N,07:14:20,07:14:50,,6021,하행,2025-05-01T05:00:00,,주말
6호선,2648,봉화산,647,,20250619,6호선,2611,응암,610,N,6호선,6040,2640,안암,639,N,07:16:00,07:16:30,,6021,하행,2025-05-01T05:00:00,,주말
6호선,2648,봉화산,647,,20250619,6호선,2611,응암,610,N,6호선,6040,2641,고려대,640,N,07:17:40,07:18:10,,6021,하행,2025-05-01T05:00:00,,주말
6호선,2648,봉화산,647,,20250619,6호선,2611,응암,610,N,6호선,6040,2642,월곡,641,N,07:19:50,07:20:20,,6021,하행,2025-05-01T05:00:00,,주말
6호선,2648,봉화산,647,,20250619,6호선,2611,응암,610,N,6호선,6040,2643,상월곡,642,N,07:21:30,07:22:00,,6021,하행,2025-05-01T05:00:00,,주말
6호선,2648,봉화산,647,,20250619,6호선,2611,응암,610,N,6호선,6040,2644,돌곶이,643,N,07:23:10,07:23:30,,6021,하행,2025-05-01T05:00:00,,주말
6호선,2648,봉화산,647,,20250619,6호선,2611,응암,610,N,6호선,6040,2645,석계,644,N,07:25:00,07:25:40,,6021,하행,2025-05-01T05:00:00,,주말
6호선,2648,봉화산,647,,20250619,6호선,2611,응암,610,N,6호선,6040,2646,태릉입구,645,N,07:26:50,07:27:20,,6021,하행,2025-05-01T05:00:00,,주말
6호선,2648,봉화산,647,,20250619,6호선,2611,응암,610,N,6호선,6040,2647,화랑대,646,N,07:28:40,07:29:10,,6021,하행,2025-05-01T05:00:00,,주말
6호선,2648,봉화산,647,,20250619,6호선,2611,응암,610,N,6호선,6040,2648,봉화산,647,N,07:30:30,,,6021,하행,2025-05-01T05:00:00,,주말
6호선,2648,봉화산,647,,20250619,6호선,2611,응암,610,N,6호선,6044,2611,응암,610,N,,06:27:30,,6023,하행,2025-05-01T05:00:00,,주말
6호선,2648,봉화산,647,,20250619,6호선,2611,응암,610,N,6호선,6044,2612,역촌,611,N,06:29:10,06:29:30,,6023,하행,2025-05-01T05:00:00,,주말
6호선,2648,봉화산,647,,20250619,6호선,2611,응암,610,N,6호선,6044,2613,불광,612,N,06:30:50,06:31:30,,6023,하행,2025-05-01T05:00:00,,주말
6호선,2648,봉화산,647,,20250619,6호선,2611,응암,610,N,6호선,6044,2614,독바위,613,N,06:33:00,06:33:20,,6023,하행,2025-05-01T05:00:00,,주말
6호선,2648,봉화산,647,,20250619,6호선,2611,응암,610,N,6호선,6044,2615,연신내,614,N,06:35:30,06:36:10,,6023,하행,2025-05-01T05:00:00,,주말
6호선,2648,봉화산,647,,20250619,6호선,2611,응암,610,N,6호선,6044,2616,구산,615,N,06:37:30,06:38:00,,6023,하행,2025-05-01T05:00:00,,주말
6호선,2648,봉화산,647,,20250619,6호선,2611,응암,610,N,6호선,6044,2611,응암,610,N,06:40:00,06:40:30,,6023,하행,2025-05-01T05:00:00,,주말
6호선,2648,봉화산,647,,20250619,6호선,2611,응암,610,N,6호선,6044,2617,새절,616,N,06:41:40,06:42:10,,6023,하행,2025-05-01T05:00:00,,주말
6호선,2648,봉화산,647,,20250619,6호선,2611,응암,610,N,6호선,6044,2618,증산,617,N,06:43:30,06:43:50,,6023,하행,2025-05-01T05:00:00,,주말
6호선,2648,봉화산,647,,20250619,6호선,2611,응암,610,N,6호선,6044,2619,디지털미디어시티,618,N,06:45:10,06:45:50,,6023,하행,2025-05-01T05:00:00,,주말
6호선,2648,봉화산,647,,20250619,6호선,2611,응암,610,N,6호선,6044,2620,월드컵경기장,619,N,06:47:10,06:47:40,,6023,하행,2025-05-01T05:00:00,,주말
6호선,2648,봉화산,647,,20250619,6호선,2611,응암,610,N,6호선,6044,2621,마포구청,620,N,06:48:50,06:49:20,,6023,하행,2025-05-01T05:00:00,,주말
6호선,2648,봉화산,647,,20250619,6호선,2611,응암,610,N,6호선,6044,2622,망원,621,N,06:50:40,06:51:10,,6023,하행,2025-05-01T05:00:00,,주말
6호선,2648,봉화산,647,,20250619,6호선,2611,응암,610,N,6호선,6044,2623,합정,622,N,06:52:30,06:53:10,,6023,하행,2025-05-01T05:00:00,,주말
6호선,2648,봉화산,647,,20250619,6호선,2611,응암,610,N,6호선,6044,2624,상수,623,N,06:54:20,06:54:40,,6023,하행,2025-05-01T05:00:00,,주말
6호선,2648,봉화산,647,,20250619,6호선,2611,응암,610,N,6호선,6044,2625,광흥창,624,N,06:55:50,06:56:20,,6023,하행,2025-05-01T05:00:00,,주말
6호선,2648,봉화산,647,,20250619,6호선,2611,응암,610,N,6호선,6044,2626,대흥,625,N,06:57:50,06:58:20,,6023,하행,2025-05-01T05:00:00,,주말
6호선,2648,봉화산,647,,20250619,6호선,2611,응암,610,N,6호선,6044,2627,공덕,626,N,06:59:40,07:00:20,,6023,하행,2025-05-01T05:00:00,,주말
6호선,2648,봉화산,647,,20250619,6호선,2611,응암,610,N,6호선,6044,2628,효창공원앞,627,N,07:01:40,07:02:10,,6023,하행,2025-05-01T05:00:00,,주말
6호선,2648,봉화산,647,,20250619,6호선,2611,응암,610,N,6호선,6044,2629,삼각지,628,N,07:03:40,07:04:20,,6023,하행,2025-05-01T05:00:00,,주말
6호선,2648,봉화산,647,,20250619,6호선,2611,응암,610,N,6호선,6044,2630,녹사평,629,N,07:06:00,07:06:20,,6023,하행,2025-05-01T05:00:00,,주말
6호선,2648,봉화산,647,,20250619,6호선,2611,응암,610,N,6호선,6044,2631,이태원,630,N,07:07:30,07:08:00,,6023,하행,2025-05-01T05:00:00,,주말
6호선,2648,봉화산,647,,20250619,6호선,2611,응암,610,N,6호선,6044,2632,한강진,631,N,07:09:30,07:09:50,,6023,하행,2025-05-01T05:00:00,,주말
6호선,2648,봉화산,647,,20250619,6호선,2611,응암,610,N,6호선,6044,2633,버티고개,632,N,07:11:20,07:11:40,,6023,하행,2025-05-01T05:00:00,,주말
6호선,2648,봉화산,647,,20250619,6호선,2611,응암,610,N,6호선,6044,2634,약수,633,N,07:12:50,07:13:30,,6023,하행,2025-05-01T05:00:00,,주말
6호선,2648,봉화산,647,,20250619,6호선,2611,응암,610,N,6호선,6044,2635,청구,634,N,07:14:40,07:15:10,,6023,하행,2025-05-01T05:00:00,,주말
6호선,2648,봉화산,647,,20250619,6호선,2611,응암,610,N,6호선,6044,2636,신당,635,N,07:16:20,07:16:50,,6023,하행,2025-05-01T05:00:00,,주말
6호선,2648,봉화산,647,,20250619,6호선,2611,응암,610,N,6호선,6044,2637,동묘앞,636,N,07:17:50,07:18:20,,6023,하행,2025-05-01T05:00:00,,주말
6호선,2648,봉화산,647,,20250619,6호선,2611,응암,610,N,6호선,6044,2638,창신,637,N,07:19:40,07:20:10,,6023,하행,2025-05-01T05:00:00,,주말
6호선,2648,봉화산,647,,20250619,6호선,2611,응암,610,N,6호선,6044,2639,보문,638,N,07:21:20,07:21:50,,6023,하행,2025-05-01T05:00:00,,주말
6호선,2648,봉화산,647,,20250619,6호선,2611,응암,610,N,6호선,6044,2640,안암,639,N,07:23:00,07:23:30,,6023,하행,2025-05-01T05:00:00,,주말
6호선,2648,봉화산,647,,20250619,6호선,2611,응암,610,N,6호선,6044,2641,고려대,640,N,07:24:40,07:25:10,,6023,하행,2025-05-01T05:00:00,,주말
6호선,2648,봉화산,647,,20250619,6호선,2611,응암,610,N,6호선,6044,2642,월곡,641,N,07:26:50,07:27:20,,6023,하행,2025-05-01T05:00:00,,주말
6호선,2648,봉화산,647,,20250619,6호선,2611,응암,610,N,6호선,6044,2643,상월곡,642,N,07:28:30,07:29:00,,6023,하행,2025-05-01T05:00:00,,주말
6호선,2648,봉화산,647,,20250619,6호선,2611,응암,610,N,6호선,6044,2644,돌곶이,643,N,07:30:10,07:30:30,,6023,하행,2025-05-01T05:00:00,,주말
6호선,2648,봉화산,647,,20250619,6호선,2611,응암,610,N,6호선,6044,2645,석계,644,N,07:32:00,07:32:40,,6023,하행,2025-05-01T05:00:00,,주말
6호선,2648,봉화산,647,,20250619,6호선,2611,응암,610,N,6호선,6044,2646,태릉입구,645,N,07:33:50,07:34:20,,6023,하행,2025-05-01T05:00:00,,주말
6호선,2648,봉화산,647,,20250619,6호선,2611,응암,610,N,6호선,6044,2647,화랑대,646,N,07:35:40,07:36:10,,6023,하행,2025-05-01T05:00:00,,주말
6호선,2648,봉화산,647,,20250619,6호선,2611,응암,610,N,6호선,6044,2648,봉화산,647,N,07:37:30,,,6023,하행,2025-05-01T05:00:00,,주말
6호선,2649,신내,648,,20250619,6호선,2611,응암,610,N,6호선,6048,2611,응암,610,N,,06:36:30,,6025,하행,2025-05-01T05:00:00,,주말
6호선,2649,신내,648,,20250619,6호선,2611,응암,610,N,6호선,6048,2612,역촌,611,N,06:38:10,06:38:30,,6025,하행,2025-05-01T05:00:00,,주말
6호선,2649,신내,648,,20250619,6호선,2611,응암,610,N,6호선,6048,2613,불광,612,N,06:39:50,06:40:30,,6025,하행,2025-05-01T05:00:00,,주말
6호선,2649,신내,648,,20250619,6호선,2611,응암,610,N,6호선,6048,2614,독바위,613,N,06:42:00,06:42:20,,6025,하행,2025-05-01T05:00:00,,주말
6호선,2649,신내,648,,20250619,6호선,2611,응암,610,N,6호선,6048,2615,연신내,614,N,06:44:30,06:45:10,,6025,하행,2025-05-01T05:00:00,,주말
6호선,2649,신내,648,,20250619,6호선,2611,응암,610,N,6호선,6048,2616,구산,615,N,06:46:30,06:47:00,,6025,하행,2025-05-01T05:00:00,,주말
6호선,2649,신내,648,,20250619,6호선,2611,응암,610,N,6호선,6048,2611,응암,610,N,06:49:00,06:49:30,,6025,하행,2025-05-01T05:00:00,,주말
6호선,2649,신내,648,,20250619,6호선,2611,응암,610,N,6호선,6048,2617,새절,616,N,06:50:40,06:51:10,,6025,하행,2025-05-01T05:00:00,,주말
6호선,2649,신내,648,,20250619,6호선,2611,응암,610,N,6호선,6048,2618,증산,617,N,06:52:30,06:52:50,,6025,하행,2025-05-01T05:00:00,,주말
6호선,2649,신내,648,,20250619,6호선,2611,응암,610,N,6호선,6048,2619,디지털미디어시티,618,N,06:54:10,06:54:50,,6025,하행,2025-05-01T05:00:00,,주말
6호선,2649,신내,648,,20250619,6호선,2611,응암,610,N,6호선,6048,2620,월드컵경기장,619,N,06:56:10,06:56:40,,6025,하행,2025-05-01T05:00:00,,주말
6호선,2649,신내,648,,20250619,6호선,2611,응암,610,N,6호선,6048,2621,마포구청,620,N,06:57:50,06:58:20,,6025,하행,2025-05-01T05:00:00,,주말
6호선,2649,신내,648,,20250619,6호선,2611,응암,610,N,6호선,6048,2622,망원,621,N,06:59:40,07:00:10,,6025,하행,2025-05-01T05:00:00,,주말
6호선,2649,신내,648,,20250619,6호선,2611,응암,610,N,6호선,6048,2623,합정,622,N,07:01:30,07:02:10,,6025,하행,2025-05-01T05:00:00,,주말
6호선,2649,신내,648,,20250619,6호선,2611,응암,610,N,6호선,6048,2624,상수,623,N,07:03:20,07:03:40,,6025,하행,2025-05-01T05:00:00,,주말
6호선,2649,신내,648,,20250619,6호선,2611,응암,610,N,6호선,6048,2625,광흥창,624,N,07:04:50,07:05:20,,6025,하행,2025-05-01T05:00:00,,주말
6호선,2649,신내,648,,20250619,6호선,2611,응암,610,N,6호선,6048,2626,대흥,625,N,07:06:50,07:07:20,,6025,하행,2025-05-01T05:00:00,,주말
6호선,2649,신내,648,,20250619,6호선,2611,응암,610,N,6호선,6048,2627,공덕,626,N,07:08:40,07:09:20,,6025,하행,2025-05-01T05:00:00,,주말
6호선,2649,신내,648,,20250619,6호선,2611,응암,610,N,6호선,6048,2628,효창공원앞,627,N,07:10:40,07:11:10,,6025,하행,2025-05-01T05:00:00,,주말
6호선,2649,신내,648,,20250619,6호선,2611,응암,610,N,6호선,6048,2629,삼각지,628,N,07:12:40,07:13:20,,6025,하행,2025-05-01T05:00:00,,주말
6호선,2649,신내,648,,20250619,6호선,2611,응암,610,N,6호선,6048,2630,녹사평,629,N,07:15:00,07:15:20,,6025,하행,2025-05-01T05:00:00,,주말
6호선,2649,신내,648,,20250619,6호선,2611,응암,610,N,6호선,6048,2631,이태원,630,N,07:16:30,07:17:00,,6025,하행,2025-05-01T05:00:00,,주말
6호선,2649,신내,648,,20250619,6호선,2611,응암,610,N,6호선,6048,2632,한강진,631,N,07:18:30,07:18:50,,6025,하행,2025-05-01T05:00:00,,주말
6호선,2649,신내,648,,20250619,6호선,2611,응암,610,N,6호선,6048,2633,버티고개,632,N,07:20:20,07:20:40,,6025,하행,2025-05-01T05:00:00,,주말
6호선,2649,신내,648,,20250619,6호선,2611,응암,610,N,6호선,6048,2634,약수,633,N,07:21:50,07:22:30,,6025,하행,2025-05-01T05:00:00,,주말
6호선,2649,신내,648,,20250619,6호선,2611,응암,610,N,6호선,6048,2635,청구,634,N,07:23:40,07:24:10,,6025,하행,2025-05-01T05:00:00,,주말
6호선,2649,신내,648,,20250619,6호선,2611,응암,610,N,6호선,6048,2636,신당,635,N,07:25:20,07:25:50,,6025,하행,2025-05-01T05:00:00,,주말
6호선,2649,신내,648,,20250619,6호선,2611,응암,610,N,6호선,6048,2637,동묘앞,636,N,07:26:50,07:27:20,,6025,하행,2025-05-01T05:00:00,,주말
6호선,2649,신내,648,,20250619,6호선,2611,응암,610,N,6호선,6048,2638,창신,637,N,07:28:40,07:29:10,,6025,하행,2025-05-01T05:00:00,,주말
6호선,2649,신내,648,,20250619,6호선,2611,응암,610,N,6호선,6048,2639,보문,638,N,07:30:20,07:30:50,,6025,하행,2025-05-01T05:00:00,,주말
6호선,2649,신내,648,,20250619,6호선,2611,응암,610,N,6호선,6048,2640,안암,639,N,07:32:00,07:32:30,,6025,하행,2025-05-01T05:00:00,,주말
6호선,2649,신내,648,,20250619,6호선,2611,응암,610,N,6호선,6048,2641,고려대,640,N,07:33:40,07:34:10,,6025,하행,2025-05-01T05:00:00,,주말
6호선,2649,신내,648,,20250619,6호선,2611,응암,610,N,6호선,6048,2642,월곡,641,N,07:35:50,07:36:20,,6025,하행,2025-05-01T05:00:00,,주말
6호선,2649,신내,648,,20250619,6호선,2611,응암,610,N,6호선,6048,2643,상월곡,642,N,07:37:30,07:38:00,,6025,하행,2025-05-01T05:00:00,,주말
6호선,2649,신내,648,,20250619,6호선,2611,응암,610,N,6호선,6048,2644,돌곶이,643,N,07:39:10,07:39:30,,6025,하행,2025-05-01T05:00:00,,주말
6호선,2649,신내,648,,20250619,6호선,2611,응암,610,N,6호선,6048,2645,석계,644,N,07:41:00,07:41:40,,6025,하행,2025-05-01T05:00:00,,주말
6호선,2649,신내,648,,20250619,6호선,2611,응암,610,N,6호선,6048,2646,태릉입구,645,N,07:42:50,07:43:20,,6025,하행,2025-05-01T05:00:00,,주말
6호선,2649,신내,648,,20250619,6호선,2611,응암,610,N,6호선,6048,2647,화랑대,646,N,07:44:40,07:45:10,,6025,하행,2025-05-01T05:00:00,,주말
6호선,2649,신내,648,,20250619,6호선,2611,응암,610,N,6호선,6048,2648,봉화산,647,N,07:46:30,07:47:00,,6025,하행,2025-05-01T05:00:00,,주말
6호선,2649,신내,648,,20250619,6호선,2611,응암,610,N,6호선,6048,2649,신내,648,N,07:51:30,,,6025,하행,2025-05-01T05:00:00,,주말
6호선,2648,봉화산,647,,20250619,6호선,2611,응암,610,N,6호선,6046,2611,응암,610,N,,06:45:30,,6027,하행,2025-05-01T05:00:00,,주말
6호선,2648,봉화산,647,,20250619,6호선,2611,응암,610,N,6호선,6046,2612,역촌,611,N,06:47:10,06:47:30,,6027,하행,2025-05-01T05:00:00,,주말
6호선,2648,봉화산,647,,20250619,6호선,2611,응암,610,N,6호선,6046,2613,불광,612,N,06:48:50,06:49:30,,6027,하행,2025-05-01T05:00:00,,주말
6호선,2648,봉화산,647,,20250619,6호선,2611,응암,610,N,6호선,6046,2614,독바위,613,N,06:51:00,06:51:20,,6027,하행,2025-05-01T05:00:00,,주말
6호선,2648,봉화산,647,,20250619,6호선,2611,응암,610,N,6호선,6046,2615,연신내,614,N,06:53:30,06:54:10,,6027,하행,2025-05-01T05:00:00,,주말
6호선,2648,봉화산,647,,20250619,6호선,2611,응암,610,N,6호선,6046,2616,구산,615,N,06:55:30,06:56:00,,6027,하행,2025-05-01T05:00:00,,주말
6호선,2648,봉화산,647,,20250619,6호선,2611,응암,610,N,6호선,6046,2611,응암,610,N,06:58:00,06:58:30,,6027,하행,2025-05-01T05:00:00,,주말
6호선,2648,봉화산,647,,20250619,6호선,2611,응암,610,N,6호선,6046,2617,새절,616,N,06:59:40,07:00:10,,6027,하행,2025-05-01T05:00:00,,주말
6호선,2648,봉화산,647,,20250619,6호선,2611,응암,610,N,6호선,6046,2618,증산,617,N,07:01:30,07:01:50,,6027,하행,2025-05-01T05:00:00,,주말
6호선,2648,봉화산,647,,20250619,6호선,2611,응암,610,N,6호선,6046,2619,디지털미디어시티,618,N,07:03:10,07:03:50,,6027,하행,2025-05-01T05:00:00,,주말
6호선,2648,봉화산,647,,20250619,6호선,2611,응암,610,N,6호선,6046,2620,월드컵경기장,619,N,07:05:10,07:05:40,,6027,하행,2025-05-01T05:00:00,,주말
6호선,2648,봉화산,647,,20250619,6호선,2611,응암,610,N,6호선,6046,2621,마포구청,620,N,07:06:50,07:07:20,,6027,하행,2025-05-01T05:00:00,,주말
6호선,2648,봉화산,647,,20250619,6호선,2611,응암,610,N,6호선,6046,2622,망원,621,N,07:08:40,07:09:10,,6027,하행,2025-05-01T05:00:00,,주말
6호선,2648,봉화산,647,,20250619,6호선,2611,응암,610,N,6호선,6046,2623,합정,622,N,07:10:30,07:11:10,,6027,하행,2025-05-01T05:00:00,,주말
6호선,2648,봉화산,647,,20250619,6호선,2611,응암,610,N,6호선,6046,2624,상수,623,N,07:12:20,07:12:40,,6027,하행,2025-05-01T05:00:00,,주말
6호선,2648,봉화산,647,,20250619,6호선,2611,응암,610,N,6호선,6046,2625,광흥창,624,N,07:13:50,07:14:20,,6027,하행,2025-05-01T05:00:00,,주말
6호선,2648,봉화산,647,,20250619,6호선,2611,응암,610,N,6호선,6046,2626,대흥,625,N,07:15:50,07:16:20,,6027,하행,2025-05-01T05:00:00,,주말
6호선,2648,봉화산,647,,20250619,6호선,2611,응암,610,N,6호선,6046,2627,공덕,626,N,07:17:40,07:18:20,,6027,하행,2025-05-01T05:00:00,,주말
6호선,2648,봉화산,647,,20250619,6호선,2611,응암,610,N,6호선,6046,2628,효창공원앞,627,N,07:19:40,07:20:10,,6027,하행,2025-05-01T05:00:00,,주말
6호선,2648,봉화산,647,,20250619,6호선,2611,응암,610,N,6호선,6046,2629,삼각지,628,N,07:21:40,07:22:20,,6027,하행,2025-05-01T05:00:00,,주말
6호선,2648,봉화산,647,,20250619,6호선,2611,응암,610,N,6호선,6046,2630,녹사평,629,N,07:24:00,07:24:20,,6027,하행,2025-05-01T05:00:00,,주말
6호선,2648,봉화산,647,,20250619,6호선,2611,응암,610,N,6호선,6046,2631,이태원,630,N,07:25:30,07:26:00,,6027,하행,2025-05-01T05:00:00,,주말
6호선,2648,봉화산,647,,20250619,6호선,2611,응암,610,N,6호선,6046,2632,한강진,631,N,07:27:30,07:27:50,,6027,하행,2025-05-01T05:00:00,,주말
6호선,2648,봉화산,647,,20250619,6호선,2611,응암,610,N,6호선,6046,2633,버티고개,632,N,07:29:20,07:29:40,,6027,하행,2025-05-01T05:00:00,,주말
6호선,2648,봉화산,647,,20250619,6호선,2611,응암,610,N,6호선,6046,2634,약수,633,N,07:30:50,07:31:30,,6027,하행,2025-05-01T05:00:00,,주말
6호선,2648,봉화산,647,,20250619,6호선,2611,응암,610,N,6호선,6046,2635,청구,634,N,07:32:40,07:33:10,,6027,하행,2025-05-01T05:00:00,,주말
6호선,2648,봉화산,647,,20250619,6호선,2611,응암,610,N,6호선,6046,2636,신당,635,N,07:34:20,07:34:50,,6027,하행,2025-05-01T05:00:00,,주말
6호선,2648,봉화산,647,,20250619,6호선,2611,응암,610,N,6호선,6046,2637,동묘앞,636,N,07:35:50,07:36:20,,6027,하행,2025-05-01T05:00:00,,주말
6호선,2648,봉화산,647,,20250619,6호선,2611,응암,610,N,6호선,6046,2638,창신,637,N,07:37:40,07:38:10,,6027,하행,2025-05-01T05:00:00,,주말
6호선,2648,봉화산,647,,20250619,6호선,2611,응암,610,N,6호선,6046,2639,보문,638,N,07:39:20,07:39:50,,6027,하행,2025-05-01T05:00:00,,주말
6호선,2648,봉화산,647,,20250619,6호선,2611,응암,610,N,6호선,6046,2640,안암,639,N,07:41:00,07:41:30,,6027,하행,2025-05-01T05:00:00,,주말
6호선,2648,봉화산,647,,20250619,6호선,2611,응암,610,N,6호선,6046,2641,고려대,640,N,07:42:40,07:43:10,,6027,하행,2025-05-01T05:00:00,,주말
6호선,2648,봉화산,647,,20250619,6호선,2611,응암,610,N,6호선,6046,2642,월곡,641,N,07:44:50,07:45:20,,6027,하행,2025-05-01T05:00:00,,주말
6호선,2648,봉화산,647,,20250619,6호선,2611,응암,610,N,6호선,6046,2643,상월곡,642,N,07:46:30,07:47:00,,6027,하행,2025-05-01T05:00:00,,주말
6호선,2648,봉화산,647,,20250619,6호선,2611,응암,610,N,6호선,6046,2644,돌곶이,643,N,07:48:10,07:48:30,,6027,하행,2025-05-01T05:00:00,,주말
6호선,2648,봉화산,647,,20250619,6호선,2611,응암,610,N,6호선,6046,2645,석계,644,N,07:50:00,07:50:40,,6027,하행,2025-05-01T05:00:00,,주말
6호선,2648,봉화산,647,,20250619,6호선,2611,응암,610,N,6호선,6046,2646,태릉입구,645,N,07:51:50,07:52:20,,6027,하행,2025-05-01T05:00:00,,주말
6호선,2648,봉화산,647,,20250619,6호선,2611,응암,610,N,6호선,6046,2647,화랑대,646,N,07:53:40,07:54:10,,6027,하행,2025-05-01T05:00:00,,주말
6호선,2648,봉화산,647,,20250619,6호선,2611,응암,610,N,6호선,6046,2648,봉화산,647,N,07:55:30,,,6027,하행,2025-05-01T05:00:00,,주말
6호선,2648,봉화산,647,,20250619,6호선,2611,응암,610,N,6호선,6050,2611,응암,610,N,,06:54:00,,6029,하행,2025-05-01T05:00:00,,주말
6호선,2648,봉화산,647,,20250619,6호선,2611,응암,610,N,6호선,6050,2612,역촌,611,N,06:55:40,06:56:00,,6029,하행,2025-05-01T05:00:00,,주말
6호선,2648,봉화산,647,,20250619,6호선,2611,응암,610,N,6호선,6050,2613,불광,612,N,06:57:20,06:57:50,,6029,하행,2025-05-01T05:00:00,,주말
6호선,2648,봉화산,647,,20250619,6호선,2611,응암,610,N,6호선,6050,2614,독바위,613,N,06:59:10,06:59:30,,6029,하행,2025-05-01T05:00:00,,주말
6호선,2648,봉화산,647,,20250619,6호선,2611,응암,610,N,6호선,6050,2615,연신내,614,N,07:01:40,07:02:20,,6029,하행,2025-05-01T05:00:00,,주말
6호선,2648,봉화산,647,,20250619,6호선,2611,응암,610,N,6호선,6050,2616,구산,615,N,07:03:40,07:04:10,,6029,하행,2025-05-01T05:00:00,,주말
6호선,2648,봉화산,647,,20250619,6호선,2611,응암,610,N,6호선,6050,2611,응암,610,N,07:06:10,07:06:40,,6029,하행,2025-05-01T05:00:00,,주말
6호선,2648,봉화산,647,,20250619,6호선,2611,응암,610,N,6호선,6050,2617,새절,616,N,07:08:00,07:08:30,,6029,하행,2025-05-01T05:00:00,,주말
6호선,2648,봉화산,647,,20250619,6호선,2611,응암,610,N,6호선,6050,2618,증산,617,N,07:09:50,07:10:10,,6029,하행,2025-05-01T05:00:00,,주말
6호선,2648,봉화산,647,,20250619,6호선,2611,응암,610,N,6호선,6050,2619,디지털미디어시티,618,N,07:11:30,07:12:10,,6029,하행,2025-05-01T05:00:00,,주말
6호선,2648,봉화산,647,,20250619,6호선,2611,응암,610,N,6호선,6050,2620,월드컵경기장,619,N,07:13:20,07:13:50,,6029,하행,2025-05-01T05:00:00,,주말
6호선,2648,봉화산,647,,20250619,6호선,2611,응암,610,N,6호선,6050,2621,마포구청,620,N,07:15:00,07:15:30,,6029,하행,2025-05-01T05:00:00,,주말
6호선,2648,봉화산,647,,20250619,6호선,2611,응암,610,N,6호선,6050,2622,망원,621,N,07:16:50,07:17:20,,6029,하행,2025-05-01T05:00:00,,주말
6호선,2648,봉화산,647,,20250619,6호선,2611,응암,610,N,6호선,6050,2623,합정,622,N,07:18:40,07:19:20,,6029,하행,2025-05-01T05:00:00,,주말
6호선,2648,봉화산,647,,20250619,6호선,2611,응암,610,N,6호선,6050,2624,상수,623,N,07:20:30,07:20:50,,6029,하행,2025-05-01T05:00:00,,주말
6호선,2648,봉화산,647,,20250619,6호선,2611,응암,610,N,6호선,6050,2625,광흥창,624,N,07:22:00,07:22:30,,6029,하행,2025-05-01T05:00:00,,주말
6호선,2648,봉화산,647,,20250619,6호선,2611,응암,610,N,6호선,6050,2626,대흥,625,N,07:24:00,07:24:30,,6029,하행,2025-05-01T05:00:00,,주말
6호선,2648,봉화산,647,,20250619,6호선,2611,응암,610,N,6호선,6050,2627,공덕,626,N,07:25:50,07:26:30,,6029,하행,2025-05-01T05:00:00,,주말
6호선,2648,봉화산,647,,20250619,6호선,2611,응암,610,N,6호선,6050,2628,효창공원앞,627,N,07:27:50,07:28:20,,6029,하행,2025-05-01T05:00:00,,주말
6호선,2648,봉화산,647,,20250619,6호선,2611,응암,610,N,6호선,6050,2629,삼각지,628,N,07:29:50,07:30:20,,6029,하행,2025-05-01T05:00:00,,주말
6호선,2648,봉화산,647,,20250619,6호선,2611,응암,610,N,6호선,6050,2630,녹사평,629,N,07:32:00,07:32:20,,6029,하행,2025-05-01T05:00:00,,주말
6호선,2648,봉화산,647,,20250619,6호선,2611,응암,610,N,6호선,6050,2631,이태원,630,N,07:33:30,07:34:00,,6029,하행,2025-05-01T05:00:00,,주말
6호선,2648,봉화산,647,,20250619,6호선,2611,응암,610,N,6호선,6050,2632,한강진,631,N,07:35:30,07:35:50,,6029,하행,2025-05-01T05:00:00,,주말
6호선,2648,봉화산,647,,20250619,6호선,2611,응암,610,N,6호선,6050,2633,버티고개,632,N,07:37:20,07:37:40,,6029,하행,2025-05-01T05:00:00,,주말
6호선,2648,봉화산,647,,20250619,6호선,2611,응암,610,N,6호선,6050,2634,약수,633,N,07:38:50,07:39:30,,6029,하행,2025-05-01T05:00:00,,주말
6호선,2648,봉화산,647,,20250619,6호선,2611,응암,610,N,6호선,6050,2635,청구,634,N,07:40:40,07:41:10,,6029,하행,2025-05-01T05:00:00,,주말
6호선,2648,봉화산,647,,20250619,6호선,2611,응암,610,N,6호선,6050,2636,신당,635,N,07:42:20,07:42:50,,6029,하행,2025-05-01T05:00:00,,주말
6호선,2648,봉화산,647,,20250619,6호선,2611,응암,610,N,6호선,6050,2637,동묘앞,636,N,07:43:50,07:44:20,,6029,하행,2025-05-01T05:00:00,,주말
6호선,2648,봉화산,647,,20250619,6호선,2611,응암,610,N,6호선,6050,2638,창신,637,N,07:45:40,07:46:10,,6029,하행,2025-05-01T05:00:00,,주말
6호선,2648,봉화산,647,,20250619,6호선,2611,응암,610,N,6호선,6050,2639,보문,638,N,07:47:20,07:47:50,,6029,하행,2025-05-01T05:00:00,,주말
6호선,2648,봉화산,647,,20250619,6호선,2611,응암,610,N,6호선,6050,2640,안암,639,N,07:49:00,07:49:30,,6029,하행,2025-05-01T05:00:00,,주말
6호선,2648,봉화산,647,,20250619,6호선,2611,응암,610,N,6호선,6050,2641,고려대,640,N,07:50:40,07:51:10,,6029,하행,2025-05-01T05:00:00,,주말
6호선,2648,봉화산,647,,20250619,6호선,2611,응암,610,N,6호선,6050,2642,월곡,641,N,07:52:50,07:53:20,,6029,하행,2025-05-01T05:00:00,,주말
6호선,2648,봉화산,647,,20250619,6호선,2611,응암,610,N,6호선,6050,2643,상월곡,642,N,07:54:30,07:55:00,,6029,하행,2025-05-01T05:00:00,,주말
6호선,2648,봉화산,647,,20250619,6호선,2611,응암,610,N,6호선,6050,2644,돌곶이,643,N,07:56:10,07:56:30,,6029,하행,2025-05-01T05:00:00,,주말
6호선,2648,봉화산,647,,20250619,6호선,2611,응암,610,N,6호선,6050,2645,석계,644,N,07:57:50,07:58:30,,6029,하행,2025-05-01T05:00:00,,주말
6호선,2648,봉화산,647,,20250619,6호선,2611,응암,610,N,6호선,6050,2646,태릉입구,645,N,07:59:40,08:00:10,,6029,하행,2025-05-01T05:00:00,,주말
6호선,2648,봉화산,647,,20250619,6호선,2611,응암,610,N,6호선,6050,2647,화랑대,646,N,08:01:20,08:01:50,,6029,하행,2025-05-01T05:00:00,,주말
6호선,2648,봉화산,647,,20250619,6호선,2611,응암,610,N,6호선,6050,2648,봉화산,647,N,08:03:10,,,6029,하행,2025-05-01T05:00:00,,주말
6호선,2649,신내,648,,20250619,6호선,2611,응암,610,N,6호선,6054,2611,응암,610,N,,07:03:00,,6031,하행,2025-05-01T05:00:00,,주말
6호선,2649,신내,648,,20250619,6호선,2611,응암,610,N,6호선,6054,2612,역촌,611,N,07:04:40,07:05:00,,6031,하행,2025-05-01T05:00:00,,주말
6호선,2649,신내,648,,20250619,6호선,2611,응암,610,N,6호선,6054,2613,불광,612,N,07:06:20,07:06:50,,6031,하행,2025-05-01T05:00:00,,주말
6호선,2649,신내,648,,20250619,6호선,2611,응암,610,N,6호선,6054,2614,독바위,613,N,07:08:10,07:08:30,,6031,하행,2025-05-01T05:00:00,,주말
6호선,2649,신내,648,,20250619,6호선,2611,응암,610,N,6호선,6054,2615,연신내,614,N,07:10:40,07:11:20,,6031,하행,2025-05-01T05:00:00,,주말
6호선,2649,신내,648,,20250619,6호선,2611,응암,610,N,6호선,6054,2616,구산,615,N,07:12:40,07:13:10,,6031,하행,2025-05-01T05:00:00,,주말
6호선,2649,신내,648,,20250619,6호선,2611,응암,610,N,6호선,6054,2611,응암,610,N,07:15:10,07:15:40,,6031,하행,2025-05-01T05:00:00,,주말
6호선,2649,신내,648,,20250619,6호선,2611,응암,610,N,6호선,6054,2617,새절,616,N,07:17:00,07:17:30,,6031,하행,2025-05-01T05:00:00,,주말
6호선,2649,신내,648,,20250619,6호선,2611,응암,610,N,6호선,6054,2618,증산,617,N,07:18:50,07:19:10,,6031,하행,2025-05-01T05:00:00,,주말
6호선,2649,신내,648,,20250619,6호선,2611,응암,610,N,6호선,6054,2619,디지털미디어시티,618,N,07:20:30,07:21:10,,6031,하행,2025-05-01T05:00:00,,주말
6호선,2649,신내,648,,20250619,6호선,2611,응암,610,N,6호선,6054,2620,월드컵경기장,619,N,07:22:20,07:22:50,,6031,하행,2025-05-01T05:00:00,,주말
6호선,2649,신내,648,,20250619,6호선,2611,응암,610,N,6호선,6054,2621,마포구청,620,N,07:24:00,07:24:30,,6031,하행,2025-05-01T05:00:00,,주말
6호선,2649,신내,648,,20250619,6호선,2611,응암,610,N,6호선,6054,2622,망원,621,N,07:25:50,07:26:20,,6031,하행,2025-05-01T05:00:00,,주말
6호선,2649,신내,648,,20250619,6호선,2611,응암,610,N,6호선,6054,2623,합정,622,N,07:27:40,07:28:20,,6031,하행,2025-05-01T05:00:00,,주말
6호선,2649,신내,648,,20250619,6호선,2611,응암,610,N,6호선,6054,2624,상수,623,N,07:29:30,07:29:50,,6031,하행,2025-05-01T05:00:00,,주말
6호선,2649,신내,648,,20250619,6호선,2611,응암,610,N,6호선,6054,2625,광흥창,624,N,07:31:00,07:31:30,,6031,하행,2025-05-01T05:00:00,,주말
6호선,2649,신내,648,,20250619,6호선,2611,응암,610,N,6호선,6054,2626,대흥,625,N,07:33:00,07:33:30,,6031,하행,2025-05-01T05:00:00,,주말
6호선,2649,신내,648,,20250619,6호선,2611,응암,610,N,6호선,6054,2627,공덕,626,N,07:34:50,07:35:30,,6031,하행,2025-05-01T05:00:00,,주말
6호선,2649,신내,648,,20250619,6호선,2611,응암,610,N,6호선,6054,2628,효창공원앞,627,N,07:36:50,07:37:20,,6031,하행,2025-05-01T05:00:00,,주말
6호선,2649,신내,648,,20250619,6호선,2611,응암,610,N,6호선,6054,2629,삼각지,628,N,07:38:50,07:39:20,,6031,하행,2025-05-01T05:00:00,,주말
6호선,2649,신내,648,,20250619,6호선,2611,응암,610,N,6호선,6054,2630,녹사평,629,N,07:41:00,07:41:20,,6031,하행,2025-05-01T05:00:00,,주말
6호선,2649,신내,648,,20250619,6호선,2611,응암,610,N,6호선,6054,2631,이태원,630,N,07:42:30,07:43:00,,6031,하행,2025-05-01T05:00:00,,주말
6호선,2649,신내,648,,20250619,6호선,2611,응암,610,N,6호선,6054,2632,한강진,631,N,07:44:30,07:44:50,,6031,하행,2025-05-01T05:00:00,,주말
6호선,2649,신내,648,,20250619,6호선,2611,응암,610,N,6호선,6054,2633,버티고개,632,N,07:46:20,07:46:40,,6031,하행,2025-05-01T05:00:00,,주말
6호선,2649,신내,648,,20250619,6호선,2611,응암,610,N,6호선,6054,2634,약수,633,N,07:47:50,07:48:30,,6031,하행,2025-05-01T05:00:00,,주말
6호선,2649,신내,648,,20250619,6호선,2611,응암,610,N,6호선,6054,2635,청구,634,N,07:49:40,07:50:10,,6031,하행,2025-05-01T05:00:00,,주말
6호선,2649,신내,648,,20250619,6호선,2611,응암,610,N,6호선,6054,2636,신당,635,N,07:51:20,07:51:50,,6031,하행,2025-05-01T05:00:00,,주말
6호선,2649,신내,648,,20250619,6호선,2611,응암,610,N,6호선,6054,2637,동묘앞,636,N,07:52:50,07:53:20,,6031,하행,2025-05-01T05:00:00,,주말
6호선,2649,신내,648,,20250619,6호선,2611,응암,610,N,6호선,6054,2638,창신,637,N,07:54:40,07:55:10,,6031,하행,2025-05-01T05:00:00,,주말
6호선,2649,신내,648,,20250619,6호선,2611,응암,610,N,6호선,6054,2639,보문,638,N,07:56:20,07:56:50,,6031,하행,2025-05-01T05:00:00,,주말
6호선,2649,신내,648,,20250619,6호선,2611,응암,610,N,6호선,6054,2640,안암,639,N,07:58:00,07:58:30,,6031,하행,2025-05-01T05:00:00,,주말
6호선,2649,신내,648,,20250619,6호선,2611,응암,610,N,6호선,6054,2641,고려대,640,N,07:59:40,08:00:10,,6031,하행,2025-05-01T05:00:00,,주말
6호선,2649,신내,648,,20250619,6호선,2611,응암,610,N,6호선,6054,2642,월곡,641,N,08:01:50,08:02:20,,6031,하행,2025-05-01T05:00:00,,주말
6호선,2649,신내,648,,20250619,6호선,2611,응암,610,N,6호선,6054,2643,상월곡,642,N,08:03:30,08:04:00,,6031,하행,2025-05-01T05:00:00,,주말
6호선,2649,신내,648,,20250619,6호선,2611,응암,610,N,6호선,6054,2644,돌곶이,643,N,08:05:10,08:05:30,,6031,하행,2025-05-01T05:00:00,,주말
6호선,2649,신내,648,,20250619,6호선,2611,응암,610,N,6호선,6054,2645,석계,644,N,08:06:50,08:07:30,,6031,하행,2025-05-01T05:00:00,,주말
6호선,2649,신내,648,,20250619,6호선,2611,응암,610,N,6호선,6054,2646,태릉입구,645,N,08:08:40,08:09:10,,6031,하행,2025-05-01T05:00:00,,주말
6호선,2649,신내,648,,20250619,6호선,2611,응암,610,N,6호선,6054,2647,화랑대,646,N,08:10:20,08:10:50,,6031,하행,2025-05-01T05:00:00,,주말
6호선,2649,신내,648,,20250619,6호선,2611,응암,610,N,6호선,6054,2648,봉화산,647,N,08:12:10,08:12:40,,6031,하행,2025-05-01T05:00:00,,주말
6호선,2649,신내,648,,20250619,6호선,2611,응암,610,N,6호선,6054,2649,신내,648,N,08:17:10,,,6031,하행,2025-05-01T05:00:00,,주말
6호선,2648,봉화산,647,,20250619,6호선,2611,응암,610,N,6호선,6052,2611,응암,610,N,,07:12:00,,6033,하행,2025-05-01T05:00:00,,주말
6호선,2648,봉화산,647,,20250619,6호선,2611,응암,610,N,6호선,6052,2612,역촌,611,N,07:13:40,07:14:00,,6033,하행,2025-05-01T05:00:00,,주말
6호선,2648,봉화산,647,,20250619,6호선,2611,응암,610,N,6호선,6052,2613,불광,612,N,07:15:20,07:15:50,,6033,하행,2025-05-01T05:00:00,,주말
6호선,2648,봉화산,647,,20250619,6호선,2611,응암,610,N,6호선,6052,2614,독바위,613,N,07:17:10,07:17:30,,6033,하행,2025-05-01T05:00:00,,주말
6호선,2648,봉화산,647,,20250619,6호선,2611,응암,610,N,6호선,6052,2615,연신내,614,N,07:19:40,07:20:20,,6033,하행,2025-05-01T05:00:00,,주말
6호선,2648,봉화산,647,,20250619,6호선,2611,응암,610,N,6호선,6052,2616,구산,615,N,07:21:40,07:22:10,,6033,하행,2025-05-01T05:00:00,,주말
6호선,2648,봉화산,647,,20250619,6호선,2611,응암,610,N,6호선,6052,2611,응암,610,N,07:24:10,07:24:40,,6033,하행,2025-05-01T05:00:00,,주말
6호선,2648,봉화산,647,,20250619,6호선,2611,응암,610,N,6호선,6052,2617,새절,616,N,07:26:00,07:26:30,,6033,하행,2025-05-01T05:00:00,,주말
6호선,2648,봉화산,647,,20250619,6호선,2611,응암,610,N,6호선,6052,2618,증산,617,N,07:27:50,07:28:10,,6033,하행,2025-05-01T05:00:00,,주말
6호선,2648,봉화산,647,,20250619,6호선,2611,응암,610,N,6호선,6052,2619,디지털미디어시티,618,N,07:29:30,07:30:10,,6033,하행,2025-05-01T05:00:00,,주말
6호선,2648,봉화산,647,,20250619,6호선,2611,응암,610,N,6호선,6052,2620,월드컵경기장,619,N,07:31:20,07:31:50,,6033,하행,2025-05-01T05:00:00,,주말
6호선,2648,봉화산,647,,20250619,6호선,2611,응암,610,N,6호선,6052,2621,마포구청,620,N,07:33:00,07:33:30,,6033,하행,2025-05-01T05:00:00,,주말
6호선,2648,봉화산,647,,20250619,6호선,2611,응암,610,N,6호선,6052,2622,망원,621,N,07:34:50,07:35:20,,6033,하행,2025-05-01T05:00:00,,주말
6호선,2648,봉화산,647,,20250619,6호선,2611,응암,610,N,6호선,6052,2623,합정,622,N,07:36:40,07:37:20,,6033,하행,2025-05-01T05:00:00,,주말
6호선,2648,봉화산,647,,20250619,6호선,2611,응암,610,N,6호선,6052,2624,상수,623,N,07:38:30,07:38:50,,6033,하행,2025-05-01T05:00:00,,주말
6호선,2648,봉화산,647,,20250619,6호선,2611,응암,610,N,6호선,6052,2625,광흥창,624,N,07:40:00,07:40:30,,6033,하행,2025-05-01T05:00:00,,주말
6호선,2648,봉화산,647,,20250619,6호선,2611,응암,610,N,6호선,6052,2626,대흥,625,N,07:42:00,07:42:30,,6033,하행,2025-05-01T05:00:00,,주말
6호선,2648,봉화산,647,,20250619,6호선,2611,응암,610,N,6호선,6052,2627,공덕,626,N,07:43:50,07:44:30,,6033,하행,2025-05-01T05:00:00,,주말
6호선,2648,봉화산,647,,20250619,6호선,2611,응암,610,N,6호선,6052,2628,효창공원앞,627,N,07:45:50,07:46:20,,6033,하행,2025-05-01T05:00:00,,주말
6호선,2648,봉화산,647,,20250619,6호선,2611,응암,610,N,6호선,6052,2629,삼각지,628,N,07:47:50,07:48:20,,6033,하행,2025-05-01T05:00:00,,주말
6호선,2648,봉화산,647,,20250619,6호선,2611,응암,610,N,6호선,6052,2630,녹사평,629,N,07:50:00,07:50:20,,6033,하행,2025-05-01T05:00:00,,주말
6호선,2648,봉화산,647,,20250619,6호선,2611,응암,610,N,6호선,6052,2631,이태원,630,N,07:51:30,07:52:00,,6033,하행,2025-05-01T05:00:00,,주말
6호선,2648,봉화산,647,,20250619,6호선,2611,응암,610,N,6호선,6052,2632,한강진,631,N,07:53:30,07:53:50,,6033,하행,2025-05-01T05:00:00,,주말
6호선,2648,봉화산,647,,20250619,6호선,2611,응암,610,N,6호선,6052,2633,버티고개,632,N,07:55:20,07:55:40,,6033,하행,2025-05-01T05:00:00,,주말
6호선,2648,봉화산,647,,20250619,6호선,2611,응암,610,N,6호선,6052,2634,약수,633,N,07:56:50,07:57:30,,6033,하행,2025-05-01T05:00:00,,주말
6호선,2648,봉화산,647,,20250619,6호선,2611,응암,610,N,6호선,6052,2635,청구,634,N,07:58:40,07:59:10,,6033,하행,2025-05-01T05:00:00,,주말
6호선,2648,봉화산,647,,20250619,6호선,2611,응암,610,N,6호선,6052,2636,신당,635,N,08:00:20,08:00:50,,6033,하행,2025-05-01T05:00:00,,주말
6호선,2648,봉화산,647,,20250619,6호선,2611,응암,610,N,6호선,6052,2637,동묘앞,636,N,08:01:50,08:02:20,,6033,하행,2025-05-01T05:00:00,,주말
6호선,2648,봉화산,647,,20250619,6호선,2611,응암,610,N,6호선,6052,2638,창신,637,N,08:03:40,08:04:10,,6033,하행,2025-05-01T05:00:00,,주말
6호선,2648,봉화산,647,,20250619,6호선,2611,응암,610,N,6호선,6052,2639,보문,638,N,08:05:20,08:05:50,,6033,하행,2025-05-01T05:00:00,,주말
6호선,2648,봉화산,647,,20250619,6호선,2611,응암,610,N,6호선,6052,2640,안암,639,N,08:07:00,08:07:30,,6033,하행,2025-05-01T05:00:00,,주말
6호선,2648,봉화산,647,,20250619,6호선,2611,응암,610,N,6호선,6052,2641,고려대,640,N,08:08:40,08:09:10,,6033,하행,2025-05-01T05:00:00,,주말
6호선,2648,봉화산,647,,20250619,6호선,2611,응암,610,N,6호선,6052,2642,월곡,641,N,08:10:50,08:11:20,,6033,하행,2025-05-01T05:00:00,,주말
6호선,2648,봉화산,647,,20250619,6호선,2611,응암,610,N,6호선,6052,2643,상월곡,642,N,08:12:30,08:13:00,,6033,하행,2025-05-01T05:00:00,,주말
6호선,2648,봉화산,647,,20250619,6호선,2611,응암,610,N,6호선,6052,2644,돌곶이,643,N,08:14:10,08:14:30,,6033,하행,2025-05-01T05:00:00,,주말
6호선,2648,봉화산,647,,20250619,6호선,2611,응암,610,N,6호선,6052,2645,석계,644,N,08:15:50,08:16:30,,6033,하행,2025-05-01T05:00:00,,주말
6호선,2648,봉화산,647,,20250619,6호선,2611,응암,610,N,6호선,6052,2646,태릉입구,645,N,08:17:40,08:18:10,,6033,하행,2025-05-01T05:00:00,,주말
6호선,2648,봉화산,647,,20250619,6호선,2611,응암,610,N,6호선,6052,2647,화랑대,646,N,08:19:20,08:19:50,,6033,하행,2025-05-01T05:00:00,,주말
6호선,2648,봉화산,647,,20250619,6호선,2611,응암,610,N,6호선,6052,2648,봉화산,647,N,08:21:10,,,6033,하행,2025-05-01T05:00:00,,주말
6호선,2648,봉화산,647,,20250619,6호선,2611,응암,610,N,6호선,6056,2611,응암,610,N,,07:21:00,,6035,하행,2025-05-01T05:00:00,,주말
6호선,2648,봉화산,647,,20250619,6호선,2611,응암,610,N,6호선,6056,2612,역촌,611,N,07:22:40,07:23:00,,6035,하행,2025-05-01T05:00:00,,주말
6호선,2648,봉화산,647,,20250619,6호선,2611,응암,610,N,6호선,6056,2613,불광,612,N,07:24:20,07:24:50,,6035,하행,2025-05-01T05:00:00,,주말
6호선,2648,봉화산,647,,20250619,6호선,2611,응암,610,N,6호선,6056,2614,독바위,613,N,07:26:10,07:26:30,,6035,하행,2025-05-01T05:00:00,,주말
6호선,2648,봉화산,647,,20250619,6호선,2611,응암,610,N,6호선,6056,2615,연신내,614,N,07:28:40,07:29:20,,6035,하행,2025-05-01T05:00:00,,주말
6호선,2648,봉화산,647,,20250619,6호선,2611,응암,610,N,6호선,6056,2616,구산,615,N,07:30:40,07:31:10,,6035,하행,2025-05-01T05:00:00,,주말
6호선,2648,봉화산,647,,20250619,6호선,2611,응암,610,N,6호선,6056,2611,응암,610,N,07:33:10,07:33:40,,6035,하행,2025-05-01T05:00:00,,주말
6호선,2648,봉화산,647,,20250619,6호선,2611,응암,610,N,6호선,6056,2617,새절,616,N,07:35:00,07:35:30,,6035,하행,2025-05-01T05:00:00,,주말
6호선,2648,봉화산,647,,20250619,6호선,2611,응암,610,N,6호선,6056,2618,증산,617,N,07:36:50,07:37:10,,6035,하행,2025-05-01T05:00:00,,주말
6호선,2648,봉화산,647,,20250619,6호선,2611,응암,610,N,6호선,6056,2619,디지털미디어시티,618,N,07:38:30,07:39:10,,6035,하행,2025-05-01T05:00:00,,주말
6호선,2648,봉화산,647,,20250619,6호선,2611,응암,610,N,6호선,6056,2620,월드컵경기장,619,N,07:40:20,07:40:50,,6035,하행,2025-05-01T05:00:00,,주말
6호선,2648,봉화산,647,,20250619,6호선,2611,응암,610,N,6호선,6056,2621,마포구청,620,N,07:42:00,07:42:30,,6035,하행,2025-05-01T05:00:00,,주말
6호선,2648,봉화산,647,,20250619,6호선,2611,응암,610,N,6호선,6056,2622,망원,621,N,07:43:50,07:44:20,,6035,하행,2025-05-01T05:00:00,,주말
6호선,2648,봉화산,647,,20250619,6호선,2611,응암,610,N,6호선,6056,2623,합정,622,N,07:45:40,07:46:20,,6035,하행,2025-05-01T05:00:00,,주말
6호선,2648,봉화산,647,,20250619,6호선,2611,응암,610,N,6호선,6056,2624,상수,623,N,07:47:30,07:47:50,,6035,하행,2025-05-01T05:00:00,,주말
6호선,2648,봉화산,647,,20250619,6호선,2611,응암,610,N,6호선,6056,2625,광흥창,624,N,07:49:00,07:49:30,,6035,하행,2025-05-01T05:00:00,,주말
6호선,2648,봉화산,647,,20250619,6호선,2611,응암,610,N,6호선,6056,2626,대흥,625,N,07:51:00,07:51:30,,6035,하행,2025-05-01T05:00:00,,주말
6호선,2648,봉화산,647,,20250619,6호선,2611,응암,610,N,6호선,6056,2627,공덕,626,N,07:52:50,07:53:30,,6035,하행,2025-05-01T05:00:00,,주말
6호선,2648,봉화산,647,,20250619,6호선,2611,응암,610,N,6호선,6056,2628,효창공원앞,627,N,07:54:50,07:55:20,,6035,하행,2025-05-01T05:00:00,,주말
6호선,2648,봉화산,647,,20250619,6호선,2611,응암,610,N,6호선,6056,2629,삼각지,628,N,07:56:50,07:57:20,,6035,하행,2025-05-01T05:00:00,,주말
6호선,2648,봉화산,647,,20250619,6호선,2611,응암,610,N,6호선,6056,2630,녹사평,629,N,07:59:00,07:59:20,,6035,하행,2025-05-01T05:00:00,,주말
6호선,2648,봉화산,647,,20250619,6호선,2611,응암,610,N,6호선,6056,2631,이태원,630,N,08:00:30,08:01:00,,6035,하행,2025-05-01T05:00:00,,주말
6호선,2648,봉화산,647,,20250619,6호선,2611,응암,610,N,6호선,6056,2632,한강진,631,N,08:02:30,08:02:50,,6035,하행,2025-05-01T05:00:00,,주말
6호선,2648,봉화산,647,,20250619,6호선,2611,응암,610,N,6호선,6056,2633,버티고개,632,N,08:04:20,08:04:40,,6035,하행,2025-05-01T05:00:00,,주말
6호선,2648,봉화산,647,,20250619,6호선,2611,응암,610,N,6호선,6056,2634,약수,633,N,08:05:50,08:06:30,,6035,하행,2025-05-01T05:00:00,,주말
6호선,2648,봉화산,647,,20250619,6호선,2611,응암,610,N,6호선,6056,2635,청구,634,N,08:07:40,08:08:10,,6035,하행,2025-05-01T05:00:00,,주말
6호선,2648,봉화산,647,,20250619,6호선,2611,응암,610,N,6호선,6056,2636,신당,635,N,08:09:20,08:09:50,,6035,하행,2025-05-01T05:00:00,,주말
6호선,2648,봉화산,647,,20250619,6호선,2611,응암,610,N,6호선,6056,2637,동묘앞,636,N,08:10:50,08:11:20,,6035,하행,2025-05-01T05:00:00,,주말
6호선,2648,봉화산,647,,20250619,6호선,2611,응암,610,N,6호선,6056,2638,창신,637,N,08:12:40,08:13:10,,6035,하행,2025-05-01T05:00:00,,주말
6호선,2648,봉화산,647,,20250619,6호선,2611,응암,610,N,6호선,6056,2639,보문,638,N,08:14:20,08:14:50,,6035,하행,2025-05-01T05:00:00,,주말
6호선,2648,봉화산,647,,20250619,6호선,2611,응암,610,N,6호선,6056,2640,안암,639,N,08:16:00,08:16:30,,6035,하행,2025-05-01T05:00:00,,주말
6호선,2648,봉화산,647,,20250619,6호선,2611,응암,610,N,6호선,6056,2641,고려대,640,N,08:17:40,08:18:10,,6035,하행,2025-05-01T05:00:00,,주말
6호선,2648,봉화산,647,,20250619,6호선,2611,응암,610,N,6호선,6056,2642,월곡,641,N,08:19:50,08:20:20,,6035,하행,2025-05-01T05:00:00,,주말
6호선,2648,봉화산,647,,20250619,6호선,2611,응암,610,N,6호선,6056,2643,상월곡,642,N,08:21:30,08:22:00,,6035,하행,2025-05-01T05:00:00,,주말
6호선,2648,봉화산,647,,20250619,6호선,2611,응암,610,N,6호선,6056,2644,돌곶이,643,N,08:23:10,08:23:30,,6035,하행,2025-05-01T05:00:00,,주말
6호선,2648,봉화산,647,,20250619,6호선,2611,응암,610,N,6호선,6056,2645,석계,644,N,08:24:50,08:25:30,,6035,하행,2025-05-01T05:00:00,,주말
6호선,2648,봉화산,647,,20250619,6호선,2611,응암,610,N,6호선,6056,2646,태릉입구,645,N,08:26:40,08:27:10,,6035,하행,2025-05-01T05:00:00,,주말
6호선,2648,봉화산,647,,20250619,6호선,2611,응암,610,N,6호선,6056,2647,화랑대,646,N,08:28:20,08:28:50,,6035,하행,2025-05-01T05:00:00,,주말
6호선,2648,봉화산,647,,20250619,6호선,2611,응암,610,N,6호선,6056,2648,봉화산,647,N,08:30:10,,,6035,하행,2025-05-01T05:00:00,,주말
6호선,2649,신내,648,,20250619,6호선,2611,응암,610,N,6호선,6060,2611,응암,610,N,,07:30:00,,6037,하행,2025-05-01T05:00:00,,주말
6호선,2649,신내,648,,20250619,6호선,2611,응암,610,N,6호선,6060,2612,역촌,611,N,07:31:40,07:32:00,,6037,하행,2025-05-01T05:00:00,,주말
6호선,2649,신내,648,,20250619,6호선,2611,응암,610,N,6호선,6060,2613,불광,612,N,07:33:20,07:33:50,,6037,하행,2025-05-01T05:00:00,,주말
6호선,2649,신내,648,,20250619,6호선,2611,응암,610,N,6호선,6060,2614,독바위,613,N,07:35:10,07:35:30,,6037,하행,2025-05-01T05:00:00,,주말
6호선,2649,신내,648,,20250619,6호선,2611,응암,610,N,6호선,6060,2615,연신내,614,N,07:37:40,07:38:20,,6037,하행,2025-05-01T05:00:00,,주말
6호선,2649,신내,648,,20250619,6호선,2611,응암,610,N,6호선,6060,2616,구산,615,N,07:39:40,07:40:10,,6037,하행,2025-05-01T05:00:00,,주말
6호선,2649,신내,648,,20250619,6호선,2611,응암,610,N,6호선,6060,2611,응암,610,N,07:42:10,07:42:40,,6037,하행,2025-05-01T05:00:00,,주말
6호선,2649,신내,648,,20250619,6호선,2611,응암,610,N,6호선,6060,2617,새절,616,N,07:44:00,07:44:30,,6037,하행,2025-05-01T05:00:00,,주말
6호선,2649,신내,648,,20250619,6호선,2611,응암,610,N,6호선,6060,2618,증산,617,N,07:45:50,07:46:10,,6037,하행,2025-05-01T05:00:00,,주말
6호선,2649,신내,648,,20250619,6호선,2611,응암,610,N,6호선,6060,2619,디지털미디어시티,618,N,07:47:30,07:48:10,,6037,하행,2025-05-01T05:00:00,,주말
6호선,2649,신내,648,,20250619,6호선,2611,응암,610,N,6호선,6060,2620,월드컵경기장,619,N,07:49:20,07:49:50,,6037,하행,2025-05-01T05:00:00,,주말
6호선,2649,신내,648,,20250619,6호선,2611,응암,610,N,6호선,6060,2621,마포구청,620,N,07:51:00,07:51:30,,6037,하행,2025-05-01T05:00:00,,주말
6호선,2649,신내,648,,20250619,6호선,2611,응암,610,N,6호선,6060,2622,망원,621,N,07:52:50,07:53:20,,6037,하행,2025-05-01T05:00:00,,주말
6호선,2649,신내,648,,20250619,6호선,2611,응암,610,N,6호선,6060,2623,합정,622,N,07:54:40,07:55:20,,6037,하행,2025-05-01T05:00:00,,주말
6호선,2649,신내,648,,20250619,6호선,2611,응암,610,N,6호선,6060,2624,상수,623,N,07:56:30,07:56:50,,6037,하행,2025-05-01T05:00:00,,주말
6호선,2649,신내,648,,20250619,6호선,2611,응암,610,N,6호선,6060,2625,광흥창,624,N,07:58:00,07:58:30,,6037,하행,2025-05-01T05:00:00,,주말
6호선,2649,신내,648,,20250619,6호선,2611,응암,610,N,6호선,6060,2626,대흥,625,N,08:00:00,08:00:30,,6037,하행,2025-05-01T05:00:00,,주말
6호선,2649,신내,648,,20250619,6호선,2611,응암,610,N,6호선,6060,2627,공덕,626,N,08:01:50,08:02:30,,6037,하행,2025-05-01T05:00:00,,주말
6호선,2649,신내,648,,20250619,6호선,2611,응암,610,N,6호선,6060,2628,효창공원앞,627,N,08:03:50,08:04:20,,6037,하행,2025-05-01T05:00:00,,주말
6호선,2649,신내,648,,20250619,6호선,2611,응암,610,N,6호선,6060,2629,삼각지,628,N,08:05:50,08:06:20,,6037,하행,2025-05-01T05:00:00,,주말
6호선,2649,신내,648,,20250619,6호선,2611,응암,610,N,6호선,6060,2630,녹사평,629,N,08:08:00,08:08:20,,6037,하행,2025-05-01T05:00:00,,주말
6호선,2649,신내,648,,20250619,6호선,2611,응암,610,N,6호선,6060,2631,이태원,630,N,08:09:30,08:10:00,,6037,하행,2025-05-01T05:00:00,,주말
6호선,2649,신내,648,,20250619,6호선,2611,응암,610,N,6호선,6060,2632,한강진,631,N,08:11:30,08:11:50,,6037,하행,2025-05-01T05:00:00,,주말
6호선,2649,신내,648,,20250619,6호선,2611,응암,610,N,6호선,6060,2633,버티고개,632,N,08:13:20,08:13:40,,6037,하행,2025-05-01T05:00:00,,주말
6호선,2649,신내,648,,20250619,6호선,2611,응암,610,N,6호선,6060,2634,약수,633,N,08:14:50,08:15:30,,6037,하행,2025-05-01T05:00:00,,주말
6호선,2649,신내,648,,20250619,6호선,2611,응암,610,N,6호선,6060,2635,청구,634,N,08:16:40,08:17:10,,6037,하행,2025-05-01T05:00:00,,주말
6호선,2649,신내,648,,20250619,6호선,2611,응암,610,N,6호선,6060,2636,신당,635,N,08:18:20,08:18:50,,6037,하행,2025-05-01T05:00:00,,주말
6호선,2649,신내,648,,20250619,6호선,2611,응암,610,N,6호선,6060,2637,동묘앞,636,N,08:19:50,08:20:20,,6037,하행,2025-05-01T05:00:00,,주말
6호선,2649,신내,648,,20250619,6호선,2611,응암,610,N,6호선,6060,2638,창신,637,N,08:21:40,08:22:10,,6037,하행,2025-05-01T05:00:00,,주말
6호선,2649,신내,648,,20250619,6호선,2611,응암,610,N,6호선,6060,2639,보문,638,N,08:23:20,08:23:50,,6037,하행,2025-05-01T05:00:00,,주말
6호선,2649,신내,648,,20250619,6호선,2611,응암,610,N,6호선,6060,2640,안암,639,N,08:25:00,08:25:30,,6037,하행,2025-05-01T05:00:00,,주말
6호선,2649,신내,648,,20250619,6호선,2611,응암,610,N,6호선,6060,2641,고려대,640,N,08:26:40,08:27:10,,6037,하행,2025-05-01T05:00:00,,주말
6호선,2649,신내,648,,20250619,6호선,2611,응암,610,N,6호선,6060,2642,월곡,641,N,08:28:50,08:29:20,,6037,하행,2025-05-01T05:00:00,,주말
6호선,2649,신내,648,,20250619,6호선,2611,응암,610,N,6호선,6060,2643,상월곡,642,N,08:30:30,08:31:00,,6037,하행,2025-05-01T05:00:00,,주말
6호선,2649,신내,648,,20250619,6호선,2611,응암,610,N,6호선,6060,2644,돌곶이,643,N,08:32:10,08:32:30,,6037,하행,2025-05-01T05:00:00,,주말
6호선,2649,신내,648,,20250619,6호선,2611,응암,610,N,6호선,6060,2645,석계,644,N,08:33:50,08:34:30,,6037,하행,2025-05-01T05:00:00,,주말
6호선,2649,신내,648,,20250619,6호선,2611,응암,610,N,6호선,6060,2646,태릉입구,645,N,08:35:40,08:36:10,,6037,하행,2025-05-01T05:00:00,,주말
6호선,2649,신내,648,,20250619,6호선,2611,응암,610,N,6호선,6060,2647,화랑대,646,N,08:37:20,08:37:50,,6037,하행,2025-05-01T05:00:00,,주말
6호선,2649,신내,648,,20250619,6호선,2611,응암,610,N,6호선,6060,2648,봉화산,647,N,08:39:10,08:39:40,,6037,하행,2025-05-01T05:00:00,,주말
6호선,2649,신내,648,,20250619,6호선,2611,응암,610,N,6호선,6060,2649,신내,648,N,08:44:10,,,6037,하행,2025-05-01T05:00:00,,주말
6호선,2648,봉화산,647,,20250619,6호선,2611,응암,610,N,6호선,6058,2611,응암,610,N,,07:39:00,,6039,하행,2025-05-01T05:00:00,,주말
6호선,2648,봉화산,647,,20250619,6호선,2611,응암,610,N,6호선,6058,2612,역촌,611,N,07:40:40,07:41:00,,6039,하행,2025-05-01T05:00:00,,주말
6호선,2648,봉화산,647,,20250619,6호선,2611,응암,610,N,6호선,6058,2613,불광,612,N,07:42:20,07:42:50,,6039,하행,2025-05-01T05:00:00,,주말
6호선,2648,봉화산,647,,20250619,6호선,2611,응암,610,N,6호선,6058,2614,독바위,613,N,07:44:10,07:44:30,,6039,하행,2025-05-01T05:00:00,,주말
6호선,2648,봉화산,647,,20250619,6호선,2611,응암,610,N,6호선,6058,2615,연신내,614,N,07:46:40,07:47:20,,6039,하행,2025-05-01T05:00:00,,주말
6호선,2648,봉화산,647,,20250619,6호선,2611,응암,610,N,6호선,6058,2616,구산,615,N,07:48:40,07:49:10,,6039,하행,2025-05-01T05:00:00,,주말
6호선,2648,봉화산,647,,20250619,6호선,2611,응암,610,N,6호선,6058,2611,응암,610,N,07:51:10,07:51:40,,6039,하행,2025-05-01T05:00:00,,주말
6호선,2648,봉화산,647,,20250619,6호선,2611,응암,610,N,6호선,6058,2617,새절,616,N,07:53:00,07:53:30,,6039,하행,2025-05-01T05:00:00,,주말
6호선,2648,봉화산,647,,20250619,6호선,2611,응암,610,N,6호선,6058,2618,증산,617,N,07:54:50,07:55:10,,6039,하행,2025-05-01T05:00:00,,주말
6호선,2648,봉화산,647,,20250619,6호선,2611,응암,610,N,6호선,6058,2619,디지털미디어시티,618,N,07:56:30,07:57:10,,6039,하행,2025-05-01T05:00:00,,주말
6호선,2648,봉화산,647,,20250619,6호선,2611,응암,610,N,6호선,6058,2620,월드컵경기장,619,N,07:58:20,07:58:50,,6039,하행,2025-05-01T05:00:00,,주말
6호선,2648,봉화산,647,,20250619,6호선,2611,응암,610,N,6호선,6058,2621,마포구청,620,N,08:00:00,08:00:30,,6039,하행,2025-05-01T05:00:00,,주말
6호선,2648,봉화산,647,,20250619,6호선,2611,응암,610,N,6호선,6058,2622,망원,621,N,08:01:50,08:02:20,,6039,하행,2025-05-01T05:00:00,,주말
6호선,2648,봉화산,647,,20250619,6호선,2611,응암,610,N,6호선,6058,2623,합정,622,N,08:03:40,08:04:20,,6039,하행,2025-05-01T05:00:00,,주말
6호선,2648,봉화산,647,,20250619,6호선,2611,응암,610,N,6호선,6058,2624,상수,623,N,08:05:30,08:05:50,,6039,하행,2025-05-01T05:00:00,,주말
6호선,2648,봉화산,647,,20250619,6호선,2611,응암,610,N,6호선,6058,2625,광흥창,624,N,08:07:00,08:07:30,,6039,하행,2025-05-01T05:00:00,,주말
6호선,2648,봉화산,647,,20250619,6호선,2611,응암,610,N,6호선,6058,2626,대흥,625,N,08:09:00,08:09:30,,6039,하행,2025-05-01T05:00:00,,주말
6호선,2648,봉화산,647,,20250619,6호선,2611,응암,610,N,6호선,6058,2627,공덕,626,N,08:10:50,08:11:30,,6039,하행,2025-05-01T05:00:00,,주말
6호선,2648,봉화산,647,,20250619,6호선,2611,응암,610,N,6호선,6058,2628,효창공원앞,627,N,08:12:50,08:13:20,,6039,하행,2025-05-01T05:00:00,,주말
6호선,2648,봉화산,647,,20250619,6호선,2611,응암,610,N,6호선,6058,2629,삼각지,628,N,08:14:50,08:15:20,,6039,하행,2025-05-01T05:00:00,,주말
6호선,2648,봉화산,647,,20250619,6호선,2611,응암,610,N,6호선,6058,2630,녹사평,629,N,08:17:00,08:17:20,,6039,하행,2025-05-01T05:00:00,,주말
6호선,2648,봉화산,647,,20250619,6호선,2611,응암,610,N,6호선,6058,2631,이태원,630,N,08:18:30,08:19:00,,6039,하행,2025-05-01T05:00:00,,주말
6호선,2648,봉화산,647,,20250619,6호선,2611,응암,610,N,6호선,6058,2632,한강진,631,N,08:20:30,08:20:50,,6039,하행,2025-05-01T05:00:00,,주말
6호선,2648,봉화산,647,,20250619,6호선,2611,응암,610,N,6호선,6058,2633,버티고개,632,N,08:22:20,08:22:40,,6039,하행,2025-05-01T05:00:00,,주말
6호선,2648,봉화산,647,,20250619,6호선,2611,응암,610,N,6호선,6058,2634,약수,633,N,08:23:50,08:24:30,,6039,하행,2025-05-01T05:00:00,,주말
6호선,2648,봉화산,647,,20250619,6호선,2611,응암,610,N,6호선,6058,2635,청구,634,N,08:25:40,08:26:10,,6039,하행,2025-05-01T05:00:00,,주말
6호선,2648,봉화산,647,,20250619,6호선,2611,응암,610,N,6호선,6058,2636,신당,635,N,08:27:20,08:27:50,,6039,하행,2025-05-01T05:00:00,,주말
6호선,2648,봉화산,647,,20250619,6호선,2611,응암,610,N,6호선,6058,2637,동묘앞,636,N,08:28:50,08:29:20,,6039,하행,2025-05-01T05:00:00,,주말
6호선,2648,봉화산,647,,20250619,6호선,2611,응암,610,N,6호선,6058,2638,창신,637,N,08:30:40,08:31:10,,6039,하행,2025-05-01T05:00:00,,주말
6호선,2648,봉화산,647,,20250619,6호선,2611,응암,610,N,6호선,6058,2639,보문,638,N,08:32:20,08:32:50,,6039,하행,2025-05-01T05:00:00,,주말
6호선,2648,봉화산,647,,20250619,6호선,2611,응암,610,N,6호선,6058,2640,안암,639,N,08:34:00,08:34:30,,6039,하행,2025-05-01T05:00:00,,주말
6호선,2648,봉화산,647,,20250619,6호선,2611,응암,610,N,6호선,6058,2641,고려대,640,N,08:35:40,08:36:10,,6039,하행,2025-05-01T05:00:00,,주말
6호선,2648,봉화산,647,,20250619,6호선,2611,응암,610,N,6호선,6058,2642,월곡,641,N,08:37:50,08:38:20,,6039,하행,2025-05-01T05:00:00,,주말
6호선,2648,봉화산,647,,20250619,6호선,2611,응암,610,N,6호선,6058,2643,상월곡,642,N,08:39:30,08:40:00,,6039,하행,2025-05-01T05:00:00,,주말
6호선,2648,봉화산,647,,20250619,6호선,2611,응암,610,N,6호선,6058,2644,돌곶이,643,N,08:41:10,08:41:30,,6039,하행,2025-05-01T05:00:00,,주말
6호선,2648,봉화산,647,,20250619,6호선,2611,응암,610,N,6호선,6058,2645,석계,644,N,08:42:50,08:43:30,,6039,하행,2025-05-01T05:00:00,,주말
6호선,2648,봉화산,647,,20250619,6호선,2611,응암,610,N,6호선,6058,2646,태릉입구,645,N,08:44:40,08:45:10,,6039,하행,2025-05-01T05:00:00,,주말
6호선,2648,봉화산,647,,20250619,6호선,2611,응암,610,N,6호선,6058,2647,화랑대,646,N,08:46:20,08:46:50,,6039,하행,2025-05-01T05:00:00,,주말
6호선,2648,봉화산,647,,20250619,6호선,2611,응암,610,N,6호선,6058,2648,봉화산,647,N,08:48:10,,,6039,하행,2025-05-01T05:00:00,,주말
6호선,2648,봉화산,647,,20250619,6호선,2611,응암,610,N,6호선,6062,2611,응암,610,N,,07:48:00,,6041,하행,2025-05-01T05:00:00,,주말
6호선,2648,봉화산,647,,20250619,6호선,2611,응암,610,N,6호선,6062,2612,역촌,611,N,07:49:40,07:50:00,,6041,하행,2025-05-01T05:00:00,,주말
6호선,2648,봉화산,647,,20250619,6호선,2611,응암,610,N,6호선,6062,2613,불광,612,N,07:51:20,07:51:50,,6041,하행,2025-05-01T05:00:00,,주말
6호선,2648,봉화산,647,,20250619,6호선,2611,응암,610,N,6호선,6062,2614,독바위,613,N,07:53:10,07:53:30,,6041,하행,2025-05-01T05:00:00,,주말
6호선,2648,봉화산,647,,20250619,6호선,2611,응암,610,N,6호선,6062,2615,연신내,614,N,07:55:40,07:56:20,,6041,하행,2025-05-01T05:00:00,,주말
6호선,2648,봉화산,647,,20250619,6호선,2611,응암,610,N,6호선,6062,2616,구산,615,N,07:57:40,07:58:10,,6041,하행,2025-05-01T05:00:00,,주말
6호선,2648,봉화산,647,,20250619,6호선,2611,응암,610,N,6호선,6062,2611,응암,610,N,08:00:10,08:00:40,,6041,하행,2025-05-01T05:00:00,,주말
6호선,2648,봉화산,647,,20250619,6호선,2611,응암,610,N,6호선,6062,2617,새절,616,N,08:02:00,08:02:30,,6041,하행,2025-05-01T05:00:00,,주말
6호선,2648,봉화산,647,,20250619,6호선,2611,응암,610,N,6호선,6062,2618,증산,617,N,08:03:50,08:04:10,,6041,하행,2025-05-01T05:00:00,,주말
6호선,2648,봉화산,647,,20250619,6호선,2611,응암,610,N,6호선,6062,2619,디지털미디어시티,618,N,08:05:30,08:06:10,,6041,하행,2025-05-01T05:00:00,,주말
6호선,2648,봉화산,647,,20250619,6호선,2611,응암,610,N,6호선,6062,2620,월드컵경기장,619,N,08:07:20,08:07:50,,6041,하행,2025-05-01T05:00:00,,주말
6호선,2648,봉화산,647,,20250619,6호선,2611,응암,610,N,6호선,6062,2621,마포구청,620,N,08:09:00,08:09:30,,6041,하행,2025-05-01T05:00:00,,주말
6호선,2648,봉화산,647,,20250619,6호선,2611,응암,610,N,6호선,6062,2622,망원,621,N,08:10:50,08:11:20,,6041,하행,2025-05-01T05:00:00,,주말
6호선,2648,봉화산,647,,20250619,6호선,2611,응암,610,N,6호선,6062,2623,합정,622,N,08:12:40,08:13:20,,6041,하행,2025-05-01T05:00:00,,주말
6호선,2648,봉화산,647,,20250619,6호선,2611,응암,610,N,6호선,6062,2624,상수,623,N,08:14:30,08:14:50,,6041,하행,2025-05-01T05:00:00,,주말
6호선,2648,봉화산,647,,20250619,6호선,2611,응암,610,N,6호선,6062,2625,광흥창,624,N,08:16:00,08:16:30,,6041,하행,2025-05-01T05:00:00,,주말
6호선,2648,봉화산,647,,20250619,6호선,2611,응암,610,N,6호선,6062,2626,대흥,625,N,08:18:00,08:18:30,,6041,하행,2025-05-01T05:00:00,,주말
6호선,2648,봉화산,647,,20250619,6호선,2611,응암,610,N,6호선,6062,2627,공덕,626,N,08:19:50,08:20:30,,6041,하행,2025-05-01T05:00:00,,주말
6호선,2648,봉화산,647,,20250619,6호선,2611,응암,610,N,6호선,6062,2628,효창공원앞,627,N,08:21:50,08:22:20,,6041,하행,2025-05-01T05:00:00,,주말
6호선,2648,봉화산,647,,20250619,6호선,2611,응암,610,N,6호선,6062,2629,삼각지,628,N,08:23:50,08:24:20,,6041,하행,2025-05-01T05:00:00,,주말
6호선,2648,봉화산,647,,20250619,6호선,2611,응암,610,N,6호선,6062,2630,녹사평,629,N,08:26:00,08:26:20,,6041,하행,2025-05-01T05:00:00,,주말
6호선,2648,봉화산,647,,20250619,6호선,2611,응암,610,N,6호선,6062,2631,이태원,630,N,08:27:30,08:28:00,,6041,하행,2025-05-01T05:00:00,,주말
6호선,2648,봉화산,647,,20250619,6호선,2611,응암,610,N,6호선,6062,2632,한강진,631,N,08:29:30,08:29:50,,6041,하행,2025-05-01T05:00:00,,주말
6호선,2648,봉화산,647,,20250619,6호선,2611,응암,610,N,6호선,6062,2633,버티고개,632,N,08:31:20,08:31:40,,6041,하행,2025-05-01T05:00:00,,주말
6호선,2648,봉화산,647,,20250619,6호선,2611,응암,610,N,6호선,6062,2634,약수,633,N,08:32:50,08:33:30,,6041,하행,2025-05-01T05:00:00,,주말
6호선,2648,봉화산,647,,20250619,6호선,2611,응암,610,N,6호선,6062,2635,청구,634,N,08:34:40,08:35:10,,6041,하행,2025-05-01T05:00:00,,주말
6호선,2648,봉화산,647,,20250619,6호선,2611,응암,610,N,6호선,6062,2636,신당,635,N,08:36:20,08:36:50,,6041,하행,2025-05-01T05:00:00,,주말
6호선,2648,봉화산,647,,20250619,6호선,2611,응암,610,N,6호선,6062,2637,동묘앞,636,N,08:37:50,08:38:20,,6041,하행,2025-05-01T05:00:00,,주말
6호선,2648,봉화산,647,,20250619,6호선,2611,응암,610,N,6호선,6062,2638,창신,637,N,08:39:40,08:40:10,,6041,하행,2025-05-01T05:00:00,,주말
6호선,2648,봉화산,647,,20250619,6호선,2611,응암,610,N,6호선,6062,2639,보문,638,N,08:41:20,08:41:50,,6041,하행,2025-05-01T05:00:00,,주말
6호선,2648,봉화산,647,,20250619,6호선,2611,응암,610,N,6호선,6062,2640,안암,639,N,08:43:00,08:43:30,,6041,하행,2025-05-01T05:00:00,,주말
6호선,2648,봉화산,647,,20250619,6호선,2611,응암,610,N,6호선,6062,2641,고려대,640,N,08:44:40,08:45:10,,6041,하행,2025-05-01T05:00:00,,주말
6호선,2648,봉화산,647,,20250619,6호선,2611,응암,610,N,6호선,6062,2642,월곡,641,N,08:46:50,08:47:20,,6041,하행,2025-05-01T05:00:00,,주말
6호선,2648,봉화산,647,,20250619,6호선,2611,응암,610,N,6호선,6062,2643,상월곡,642,N,08:48:30,08:49:00,,6041,하행,2025-05-01T05:00:00,,주말
6호선,2648,봉화산,647,,20250619,6호선,2611,응암,610,N,6호선,6062,2644,돌곶이,643,N,08:50:10,08:50:30,,6041,하행,2025-05-01T05:00:00,,주말
6호선,2648,봉화산,647,,20250619,6호선,2611,응암,610,N,6호선,6062,2645,석계,644,N,08:51:50,08:52:30,,6041,하행,2025-05-01T05:00:00,,주말
6호선,2648,봉화산,647,,20250619,6호선,2611,응암,610,N,6호선,6062,2646,태릉입구,645,N,08:53:40,08:54:10,,6041,하행,2025-05-01T05:00:00,,주말
6호선,2648,봉화산,647,,20250619,6호선,2611,응암,610,N,6호선,6062,2647,화랑대,646,N,08:55:20,08:55:50,,6041,하행,2025-05-01T05:00:00,,주말
6호선,2648,봉화산,647,,20250619,6호선,2611,응암,610,N,6호선,6062,2648,봉화산,647,N,08:57:10,,,6041,하행,2025-05-01T05:00:00,,주말
6호선,2649,신내,648,,20250619,6호선,2611,응암,610,N,6호선,6066,2611,응암,610,N,,07:57:00,,6043,하행,2025-05-01T05:00:00,,주말
6호선,2649,신내,648,,20250619,6호선,2611,응암,610,N,6호선,6066,2612,역촌,611,N,07:58:40,07:59:00,,6043,하행,2025-05-01T05:00:00,,주말
6호선,2649,신내,648,,20250619,6호선,2611,응암,610,N,6호선,6066,2613,불광,612,N,08:00:20,08:00:50,,6043,하행,2025-05-01T05:00:00,,주말
6호선,2649,신내,648,,20250619,6호선,2611,응암,610,N,6호선,6066,2614,독바위,613,N,08:02:10,08:02:30,,6043,하행,2025-05-01T05:00:00,,주말
6호선,2649,신내,648,,20250619,6호선,2611,응암,610,N,6호선,6066,2615,연신내,614,N,08:04:40,08:05:20,,6043,하행,2025-05-01T05:00:00,,주말
6호선,2649,신내,648,,20250619,6호선,2611,응암,610,N,6호선,6066,2616,구산,615,N,08:06:40,08:07:10,,6043,하행,2025-05-01T05:00:00,,주말
6호선,2649,신내,648,,20250619,6호선,2611,응암,610,N,6호선,6066,2611,응암,610,N,08:09:10,08:09:40,,6043,하행,2025-05-01T05:00:00,,주말
6호선,2649,신내,648,,20250619,6호선,2611,응암,610,N,6호선,6066,2617,새절,616,N,08:11:00,08:11:30,,6043,하행,2025-05-01T05:00:00,,주말
6호선,2649,신내,648,,20250619,6호선,2611,응암,610,N,6호선,6066,2618,증산,617,N,08:12:50,08:13:10,,6043,하행,2025-05-01T05:00:00,,주말
6호선,2649,신내,648,,20250619,6호선,2611,응암,610,N,6호선,6066,2619,디지털미디어시티,618,N,08:14:30,08:15:10,,6043,하행,2025-05-01T05:00:00,,주말
6호선,2649,신내,648,,20250619,6호선,2611,응암,610,N,6호선,6066,2620,월드컵경기장,619,N,08:16:20,08:16:50,,6043,하행,2025-05-01T05:00:00,,주말
6호선,2649,신내,648,,20250619,6호선,2611,응암,610,N,6호선,6066,2621,마포구청,620,N,08:18:00,08:18:30,,6043,하행,2025-05-01T05:00:00,,주말
6호선,2649,신내,648,,20250619,6호선,2611,응암,610,N,6호선,6066,2622,망원,621,N,08:19:50,08:20:20,,6043,하행,2025-05-01T05:00:00,,주말
6호선,2649,신내,648,,20250619,6호선,2611,응암,610,N,6호선,6066,2623,합정,622,N,08:21:40,08:22:20,,6043,하행,2025-05-01T05:00:00,,주말
6호선,2649,신내,648,,20250619,6호선,2611,응암,610,N,6호선,6066,2624,상수,623,N,08:23:30,08:23:50,,6043,하행,2025-05-01T05:00:00,,주말
6호선,2649,신내,648,,20250619,6호선,2611,응암,610,N,6호선,6066,2625,광흥창,624,N,08:25:00,08:25:30,,6043,하행,2025-05-01T05:00:00,,주말
6호선,2649,신내,648,,20250619,6호선,2611,응암,610,N,6호선,6066,2626,대흥,625,N,08:27:00,08:27:30,,6043,하행,2025-05-01T05:00:00,,주말
6호선,2649,신내,648,,20250619,6호선,2611,응암,610,N,6호선,6066,2627,공덕,626,N,08:28:50,08:29:30,,6043,하행,2025-05-01T05:00:00,,주말
6호선,2649,신내,648,,20250619,6호선,2611,응암,610,N,6호선,6066,2628,효창공원앞,627,N,08:30:50,08:31:20,,6043,하행,2025-05-01T05:00:00,,주말
6호선,2649,신내,648,,20250619,6호선,2611,응암,610,N,6호선,6066,2629,삼각지,628,N,08:32:50,08:33:20,,6043,하행,2025-05-01T05:00:00,,주말
6호선,2649,신내,648,,20250619,6호선,2611,응암,610,N,6호선,6066,2630,녹사평,629,N,08:35:00,08:35:20,,6043,하행,2025-05-01T05:00:00,,주말
6호선,2649,신내,648,,20250619,6호선,2611,응암,610,N,6호선,6066,2631,이태원,630,N,08:36:30,08:37:00,,6043,하행,2025-05-01T05:00:00,,주말
6호선,2649,신내,648,,20250619,6호선,2611,응암,610,N,6호선,6066,2632,한강진,631,N,08:38:30,08:38:50,,6043,하행,2025-05-01T05:00:00,,주말
6호선,2649,신내,648,,20250619,6호선,2611,응암,610,N,6호선,6066,2633,버티고개,632,N,08:40:20,08:40:40,,6043,하행,2025-05-01T05:00:00,,주말
6호선,2649,신내,648,,20250619,6호선,2611,응암,610,N,6호선,6066,2634,약수,633,N,08:41:50,08:42:30,,6043,하행,2025-05-01T05:00:00,,주말
6호선,2649,신내,648,,20250619,6호선,2611,응암,610,N,6호선,6066,2635,청구,634,N,08:43:40,08:44:10,,6043,하행,2025-05-01T05:00:00,,주말
6호선,2649,신내,648,,20250619,6호선,2611,응암,610,N,6호선,6066,2636,신당,635,N,08:45:20,08:45:50,,6043,하행,2025-05-01T05:00:00,,주말
6호선,2649,신내,648,,20250619,6호선,2611,응암,610,N,6호선,6066,2637,동묘앞,636,N,08:46:50,08:47:20,,6043,하행,2025-05-01T05:00:00,,주말
6호선,2649,신내,648,,20250619,6호선,2611,응암,610,N,6호선,6066,2638,창신,637,N,08:48:40,08:49:10,,6043,하행,2025-05-01T05:00:00,,주말
6호선,2649,신내,648,,20250619,6호선,2611,응암,610,N,6호선,6066,2639,보문,638,N,08:50:20,08:50:50,,6043,하행,2025-05-01T05:00:00,,주말
6호선,2649,신내,648,,20250619,6호선,2611,응암,610,N,6호선,6066,2640,안암,639,N,08:52:00,08:52:30,,6043,하행,2025-05-01T05:00:00,,주말
6호선,2649,신내,648,,20250619,6호선,2611,응암,610,N,6호선,6066,2641,고려대,640,N,08:53:40,08:54:10,,6043,하행,2025-05-01T05:00:00,,주말
6호선,2649,신내,648,,20250619,6호선,2611,응암,610,N,6호선,6066,2642,월곡,641,N,08:55:50,08:56:20,,6043,하행,2025-05-01T05:00:00,,주말
6호선,2649,신내,648,,20250619,6호선,2611,응암,610,N,6호선,6066,2643,상월곡,642,N,08:57:30,08:58:00,,6043,하행,2025-05-01T05:00:00,,주말
6호선,2649,신내,648,,20250619,6호선,2611,응암,610,N,6호선,6066,2644,돌곶이,643,N,08:59:10,08:59:30,,6043,하행,2025-05-01T05:00:00,,주말
6호선,2649,신내,648,,20250619,6호선,2611,응암,610,N,6호선,6066,2645,석계,644,N,09:00:50,09:01:30,,6043,하행,2025-05-01T05:00:00,,주말
6호선,2649,신내,648,,20250619,6호선,2611,응암,610,N,6호선,6066,2646,태릉입구,645,N,09:02:40,09:03:10,,6043,하행,2025-05-01T05:00:00,,주말
6호선,2649,신내,648,,20250619,6호선,2611,응암,610,N,6호선,6066,2647,화랑대,646,N,09:04:20,09:04:50,,6043,하행,2025-05-01T05:00:00,,주말
6호선,2649,신내,648,,20250619,6호선,2611,응암,610,N,6호선,6066,2648,봉화산,647,N,09:06:10,09:06:40,,6043,하행,2025-05-01T05:00:00,,주말
6호선,2649,신내,648,,20250619,6호선,2611,응암,610,N,6호선,6066,2649,신내,648,N,09:11:10,,,6043,하행,2025-05-01T05:00:00,,주말
6호선,2648,봉화산,647,,20250619,6호선,2611,응암,610,N,6호선,입고,2611,응암,610,N,,08:06:00,,6045,하행,2025-05-01T05:00:00,,주말
6호선,2648,봉화산,647,,20250619,6호선,2611,응암,610,N,6호선,입고,2612,역촌,611,N,08:07:40,08:08:00,,6045,하행,2025-05-01T05:00:00,,주말
6호선,2648,봉화산,647,,20250619,6호선,2611,응암,610,N,6호선,입고,2613,불광,612,N,08:09:20,08:09:50,,6045,하행,2025-05-01T05:00:00,,주말
6호선,2648,봉화산,647,,20250619,6호선,2611,응암,610,N,6호선,입고,2614,독바위,613,N,08:11:10,08:11:30,,6045,하행,2025-05-01T05:00:00,,주말
6호선,2648,봉화산,647,,20250619,6호선,2611,응암,610,N,6호선,입고,2615,연신내,614,N,08:13:40,08:14:20,,6045,하행,2025-05-01T05:00:00,,주말
6호선,2648,봉화산,647,,20250619,6호선,2611,응암,610,N,6호선,입고,2616,구산,615,N,08:15:40,08:16:10,,6045,하행,2025-05-01T05:00:00,,주말
6호선,2648,봉화산,647,,20250619,6호선,2611,응암,610,N,6호선,입고,2611,응암,610,N,08:18:10,08:18:40,,6045,하행,2025-05-01T05:00:00,,주말
6호선,2648,봉화산,647,,20250619,6호선,2611,응암,610,N,6호선,입고,2617,새절,616,N,08:20:00,08:20:30,,6045,하행,2025-05-01T05:00:00,,주말
6호선,2648,봉화산,647,,20250619,6호선,2611,응암,610,N,6호선,입고,2618,증산,617,N,08:21:50,08:22:10,,6045,하행,2025-05-01T05:00:00,,주말
6호선,2648,봉화산,647,,20250619,6호선,2611,응암,610,N,6호선,입고,2619,디지털미디어시티,618,N,08:23:30,08:24:10,,6045,하행,2025-05-01T05:00:00,,주말
6호선,2648,봉화산,647,,20250619,6호선,2611,응암,610,N,6호선,입고,2620,월드컵경기장,619,N,08:25:20,08:25:50,,6045,하행,2025-05-01T05:00:00,,주말
6호선,2648,봉화산,647,,20250619,6호선,2611,응암,610,N,6호선,입고,2621,마포구청,620,N,08:27:00,08:27:30,,6045,하행,2025-05-01T05:00:00,,주말
6호선,2648,봉화산,647,,20250619,6호선,2611,응암,610,N,6호선,입고,2622,망원,621,N,08:28:50,08:29:20,,6045,하행,2025-05-01T05:00:00,,주말
6호선,2648,봉화산,647,,20250619,6호선,2611,응암,610,N,6호선,입고,2623,합정,622,N,08:30:40,08:31:20,,6045,하행,2025-05-01T05:00:00,,주말
6호선,2648,봉화산,647,,20250619,6호선,2611,응암,610,N,6호선,입고,2624,상수,623,N,08:32:30,08:32:50,,6045,하행,2025-05-01T05:00:00,,주말
6호선,2648,봉화산,647,,20250619,6호선,2611,응암,610,N,6호선,입고,2625,광흥창,624,N,08:34:00,08:34:30,,6045,하행,2025-05-01T05:00:00,,주말
6호선,2648,봉화산,647,,20250619,6호선,2611,응암,610,N,6호선,입고,2626,대흥,625,N,08:36:00,08:36:30,,6045,하행,2025-05-01T05:00:00,,주말
6호선,2648,봉화산,647,,20250619,6호선,2611,응암,610,N,6호선,입고,2627,공덕,626,N,08:37:50,08:38:30,,6045,하행,2025-05-01T05:00:00,,주말
6호선,2648,봉화산,647,,20250619,6호선,2611,응암,610,N,6호선,입고,2628,효창공원앞,627,N,08:39:50,08:40:20,,6045,하행,2025-05-01T05:00:00,,주말
6호선,2648,봉화산,647,,20250619,6호선,2611,응암,610,N,6호선,입고,2629,삼각지,628,N,08:41:50,08:42:20,,6045,하행,2025-05-01T05:00:00,,주말
6호선,2648,봉화산,647,,20250619,6호선,2611,응암,610,N,6호선,입고,2630,녹사평,629,N,08:44:00,08:44:20,,6045,하행,2025-05-01T05:00:00,,주말
6호선,2648,봉화산,647,,20250619,6호선,2611,응암,610,N,6호선,입고,2631,이태원,630,N,08:45:30,08:46:00,,6045,하행,2025-05-01T05:00:00,,주말
6호선,2648,봉화산,647,,20250619,6호선,2611,응암,610,N,6호선,입고,2632,한강진,631,N,08:47:30,08:47:50,,6045,하행,2025-05-01T05:00:00,,주말
6호선,2648,봉화산,647,,20250619,6호선,2611,응암,610,N,6호선,입고,2633,버티고개,632,N,08:49:20,08:49:40,,6045,하행,2025-05-01T05:00:00,,주말
6호선,2648,봉화산,647,,20250619,6호선,2611,응암,610,N,6호선,입고,2634,약수,633,N,08:50:50,08:51:30,,6045,하행,2025-05-01T05:00:00,,주말
6호선,2648,봉화산,647,,20250619,6호선,2611,응암,610,N,6호선,입고,2635,청구,634,N,08:52:40,08:53:10,,6045,하행,2025-05-01T05:00:00,,주말
6호선,2648,봉화산,647,,20250619,6호선,2611,응암,610,N,6호선,입고,2636,신당,635,N,08:54:20,08:54:50,,6045,하행,2025-05-01T05:00:00,,주말
6호선,2648,봉화산,647,,20250619,6호선,2611,응암,610,N,6호선,입고,2637,동묘앞,636,N,08:55:50,08:56:20,,6045,하행,2025-05-01T05:00:00,,주말
6호선,2648,봉화산,647,,20250619,6호선,2611,응암,610,N,6호선,입고,2638,창신,637,N,08:57:40,08:58:10,,6045,하행,2025-05-01T05:00:00,,주말
6호선,2648,봉화산,647,,20250619,6호선,2611,응암,610,N,6호선,입고,2639,보문,638,N,08:59:20,08:59:50,,6045,하행,2025-05-01T05:00:00,,주말
6호선,2648,봉화산,647,,20250619,6호선,2611,응암,610,N,6호선,입고,2640,안암,639,N,09:01:00,09:01:30,,6045,하행,2025-05-01T05:00:00,,주말
6호선,2648,봉화산,647,,20250619,6호선,2611,응암,610,N,6호선,입고,2641,고려대,640,N,09:02:40,09:03:10,,6045,하행,2025-05-01T05:00:00,,주말
6호선,2648,봉화산,647,,20250619,6호선,2611,응암,610,N,6호선,입고,2642,월곡,641,N,09:04:50,09:05:20,,6045,하행,2025-05-01T05:00:00,,주말
6호선,2648,봉화산,647,,20250619,6호선,2611,응암,610,N,6호선,입고,2643,상월곡,642,N,09:06:30,09:07:00,,6045,하행,2025-05-01T05:00:00,,주말
6호선,2648,봉화산,647,,20250619,6호선,2611,응암,610,N,6호선,입고,2644,돌곶이,643,N,09:08:10,09:08:30,,6045,하행,2025-05-01T05:00:00,,주말
6호선,2648,봉화산,647,,20250619,6호선,2611,응암,610,N,6호선,입고,2645,석계,644,N,09:09:50,09:10:30,,6045,하행,2025-05-01T05:00:00,,주말
6호선,2648,봉화산,647,,20250619,6호선,2611,응암,610,N,6호선,입고,2646,태릉입구,645,N,09:11:40,09:12:10,,6045,하행,2025-05-01T05:00:00,,주말
6호선,2648,봉화산,647,,20250619,6호선,2611,응암,610,N,6호선,입고,2647,화랑대,646,N,09:13:20,09:13:50,,6045,하행,2025-05-01T05:00:00,,주말
6호선,2648,봉화산,647,,20250619,6호선,2611,응암,610,N,6호선,입고,2648,봉화산,647,N,09:15:10,,,6045,하행,2025-05-01T05:00:00,,주말
6호선,2648,봉화산,647,,20250619,6호선,2611,응암,610,N,6호선,6068,2611,응암,610,N,,08:15:00,,6047,하행,2025-05-01T05:00:00,,주말
6호선,2648,봉화산,647,,20250619,6호선,2611,응암,610,N,6호선,6068,2612,역촌,611,N,08:16:40,08:17:00,,6047,하행,2025-05-01T05:00:00,,주말
6호선,2648,봉화산,647,,20250619,6호선,2611,응암,610,N,6호선,6068,2613,불광,612,N,08:18:20,08:18:50,,6047,하행,2025-05-01T05:00:00,,주말
6호선,2648,봉화산,647,,20250619,6호선,2611,응암,610,N,6호선,6068,2614,독바위,613,N,08:20:10,08:20:30,,6047,하행,2025-05-01T05:00:00,,주말
6호선,2648,봉화산,647,,20250619,6호선,2611,응암,610,N,6호선,6068,2615,연신내,614,N,08:22:40,08:23:20,,6047,하행,2025-05-01T05:00:00,,주말
6호선,2648,봉화산,647,,20250619,6호선,2611,응암,610,N,6호선,6068,2616,구산,615,N,08:24:40,08:25:10,,6047,하행,2025-05-01T05:00:00,,주말
6호선,2648,봉화산,647,,20250619,6호선,2611,응암,610,N,6호선,6068,2611,응암,610,N,08:27:10,08:27:40,,6047,하행,2025-05-01T05:00:00,,주말
6호선,2648,봉화산,647,,20250619,6호선,2611,응암,610,N,6호선,6068,2617,새절,616,N,08:29:00,08:29:30,,6047,하행,2025-05-01T05:00:00,,주말
6호선,2648,봉화산,647,,20250619,6호선,2611,응암,610,N,6호선,6068,2618,증산,617,N,08:30:50,08:31:10,,6047,하행,2025-05-01T05:00:00,,주말
6호선,2648,봉화산,647,,20250619,6호선,2611,응암,610,N,6호선,6068,2619,디지털미디어시티,618,N,08:32:30,08:33:10,,6047,하행,2025-05-01T05:00:00,,주말
6호선,2648,봉화산,647,,20250619,6호선,2611,응암,610,N,6호선,6068,2620,월드컵경기장,619,N,08:34:20,08:34:50,,6047,하행,2025-05-01T05:00:00,,주말
6호선,2648,봉화산,647,,20250619,6호선,2611,응암,610,N,6호선,6068,2621,마포구청,620,N,08:36:00,08:36:30,,6047,하행,2025-05-01T05:00:00,,주말
6호선,2648,봉화산,647,,20250619,6호선,2611,응암,610,N,6호선,6068,2622,망원,621,N,08:37:50,08:38:20,,6047,하행,2025-05-01T05:00:00,,주말
6호선,2648,봉화산,647,,20250619,6호선,2611,응암,610,N,6호선,6068,2623,합정,622,N,08:39:40,08:40:20,,6047,하행,2025-05-01T05:00:00,,주말
6호선,2648,봉화산,647,,20250619,6호선,2611,응암,610,N,6호선,6068,2624,상수,623,N,08:41:30,08:41:50,,6047,하행,2025-05-01T05:00:00,,주말
6호선,2648,봉화산,647,,20250619,6호선,2611,응암,610,N,6호선,6068,2625,광흥창,624,N,08:43:00,08:43:30,,6047,하행,2025-05-01T05:00:00,,주말
6호선,2648,봉화산,647,,20250619,6호선,2611,응암,610,N,6호선,6068,2626,대흥,625,N,08:45:00,08:45:30,,6047,하행,2025-05-01T05:00:00,,주말
6호선,2648,봉화산,647,,20250619,6호선,2611,응암,610,N,6호선,6068,2627,공덕,626,N,08:46:50,08:47:30,,6047,하행,2025-05-01T05:00:00,,주말
6호선,2648,봉화산,647,,20250619,6호선,2611,응암,610,N,6호선,6068,2628,효창공원앞,627,N,08:48:50,08:49:20,,6047,하행,2025-05-01T05:00:00,,주말
6호선,2648,봉화산,647,,20250619,6호선,2611,응암,610,N,6호선,6068,2629,삼각지,628,N,08:50:50,08:51:20,,6047,하행,2025-05-01T05:00:00,,주말
6호선,2648,봉화산,647,,20250619,6호선,2611,응암,610,N,6호선,6068,2630,녹사평,629,N,08:53:00,08:53:20,,6047,하행,2025-05-01T05:00:00,,주말
6호선,2648,봉화산,647,,20250619,6호선,2611,응암,610,N,6호선,6068,2631,이태원,630,N,08:54:30,08:55:00,,6047,하행,2025-05-01T05:00:00,,주말
6호선,2648,봉화산,647,,20250619,6호선,2611,응암,610,N,6호선,6068,2632,한강진,631,N,08:56:30,08:56:50,,6047,하행,2025-05-01T05:00:00,,주말
6호선,2648,봉화산,647,,20250619,6호선,2611,응암,610,N,6호선,6068,2633,버티고개,632,N,08:58:20,08:58:40,,6047,하행,2025-05-01T05:00:00,,주말
6호선,2648,봉화산,647,,20250619,6호선,2611,응암,610,N,6호선,6068,2634,약수,633,N,08:59:50,09:00:30,,6047,하행,2025-05-01T05:00:00,,주말
6호선,2648,봉화산,647,,20250619,6호선,2611,응암,610,N,6호선,6068,2635,청구,634,N,09:01:40,09:02:10,,6047,하행,2025-05-01T05:00:00,,주말
6호선,2648,봉화산,647,,20250619,6호선,2611,응암,610,N,6호선,6068,2636,신당,635,N,09:03:20,09:03:50,,6047,하행,2025-05-01T05:00:00,,주말
6호선,2648,봉화산,647,,20250619,6호선,2611,응암,610,N,6호선,6068,2637,동묘앞,636,N,09:04:50,09:05:20,,6047,하행,2025-05-01T05:00:00,,주말
6호선,2648,봉화산,647,,20250619,6호선,2611,응암,610,N,6호선,6068,2638,창신,637,N,09:06:40,09:07:10,,6047,하행,2025-05-01T05:00:00,,주말
6호선,2648,봉화산,647,,20250619,6호선,2611,응암,610,N,6호선,6068,2639,보문,638,N,09:08:20,09:08:50,,6047,하행,2025-05-01T05:00:00,,주말
6호선,2648,봉화산,647,,20250619,6호선,2611,응암,610,N,6호선,6068,2640,안암,639,N,09:10:00,09:10:30,,6047,하행,2025-05-01T05:00:00,,주말
6호선,2648,봉화산,647,,20250619,6호선,2611,응암,610,N,6호선,6068,2641,고려대,640,N,09:11:40,09:12:10,,6047,하행,2025-05-01T05:00:00,,주말
6호선,2648,봉화산,647,,20250619,6호선,2611,응암,610,N,6호선,6068,2642,월곡,641,N,09:13:50,09:14:20,,6047,하행,2025-05-01T05:00:00,,주말
6호선,2648,봉화산,647,,20250619,6호선,2611,응암,610,N,6호선,6068,2643,상월곡,642,N,09:15:30,09:16:00,,6047,하행,2025-05-01T05:00:00,,주말
6호선,2648,봉화산,647,,20250619,6호선,2611,응암,610,N,6호선,6068,2644,돌곶이,643,N,09:17:10,09:17:30,,6047,하행,2025-05-01T05:00:00,,주말
6호선,2648,봉화산,647,,20250619,6호선,2611,응암,610,N,6호선,6068,2645,석계,644,N,09:18:50,09:19:30,,6047,하행,2025-05-01T05:00:00,,주말
6호선,2648,봉화산,647,,20250619,6호선,2611,응암,610,N,6호선,6068,2646,태릉입구,645,N,09:20:40,09:21:10,,6047,하행,2025-05-01T05:00:00,,주말
6호선,2648,봉화산,647,,20250619,6호선,2611,응암,610,N,6호선,6068,2647,화랑대,646,N,09:22:20,09:22:50,,6047,하행,2025-05-01T05:00:00,,주말
6호선,2648,봉화산,647,,20250619,6호선,2611,응암,610,N,6호선,6068,2648,봉화산,647,N,09:24:10,,,6047,하행,2025-05-01T05:00:00,,주말
6호선,2649,신내,648,,20250619,6호선,2611,응암,610,N,6호선,6072,2611,응암,610,N,,08:24:00,,6049,하행,2025-05-01T05:00:00,,주말
6호선,2649,신내,648,,20250619,6호선,2611,응암,610,N,6호선,6072,2612,역촌,611,N,08:25:40,08:26:00,,6049,하행,2025-05-01T05:00:00,,주말
6호선,2649,신내,648,,20250619,6호선,2611,응암,610,N,6호선,6072,2613,불광,612,N,08:27:20,08:27:50,,6049,하행,2025-05-01T05:00:00,,주말
6호선,2649,신내,648,,20250619,6호선,2611,응암,610,N,6호선,6072,2614,독바위,613,N,08:29:10,08:29:30,,6049,하행,2025-05-01T05:00:00,,주말
6호선,2649,신내,648,,20250619,6호선,2611,응암,610,N,6호선,6072,2615,연신내,614,N,08:31:40,08:32:20,,6049,하행,2025-05-01T05:00:00,,주말
6호선,2649,신내,648,,20250619,6호선,2611,응암,610,N,6호선,6072,2616,구산,615,N,08:33:40,08:34:10,,6049,하행,2025-05-01T05:00:00,,주말
6호선,2649,신내,648,,20250619,6호선,2611,응암,610,N,6호선,6072,2611,응암,610,N,08:36:10,08:36:40,,6049,하행,2025-05-01T05:00:00,,주말
6호선,2649,신내,648,,20250619,6호선,2611,응암,610,N,6호선,6072,2617,새절,616,N,08:38:00,08:38:30,,6049,하행,2025-05-01T05:00:00,,주말
6호선,2649,신내,648,,20250619,6호선,2611,응암,610,N,6호선,6072,2618,증산,617,N,08:39:50,08:40:10,,6049,하행,2025-05-01T05:00:00,,주말
6호선,2649,신내,648,,20250619,6호선,2611,응암,610,N,6호선,6072,2619,디지털미디어시티,618,N,08:41:30,08:42:10,,6049,하행,2025-05-01T05:00:00,,주말
6호선,2649,신내,648,,20250619,6호선,2611,응암,610,N,6호선,6072,2620,월드컵경기장,619,N,08:43:20,08:43:50,,6049,하행,2025-05-01T05:00:00,,주말
6호선,2649,신내,648,,20250619,6호선,2611,응암,610,N,6호선,6072,2621,마포구청,620,N,08:45:00,08:45:30,,6049,하행,2025-05-01T05:00:00,,주말
6호선,2649,신내,648,,20250619,6호선,2611,응암,610,N,6호선,6072,2622,망원,621,N,08:46:50,08:47:20,,6049,하행,2025-05-01T05:00:00,,주말
6호선,2649,신내,648,,20250619,6호선,2611,응암,610,N,6호선,6072,2623,합정,622,N,08:48:40,08:49:20,,6049,하행,2025-05-01T05:00:00,,주말
6호선,2649,신내,648,,20250619,6호선,2611,응암,610,N,6호선,6072,2624,상수,623,N,08:50:30,08:50:50,,6049,하행,2025-05-01T05:00:00,,주말
6호선,2649,신내,648,,20250619,6호선,2611,응암,610,N,6호선,6072,2625,광흥창,624,N,08:52:00,08:52:30,,6049,하행,2025-05-01T05:00:00,,주말
6호선,2649,신내,648,,20250619,6호선,2611,응암,610,N,6호선,6072,2626,대흥,625,N,08:54:00,08:54:30,,6049,하행,2025-05-01T05:00:00,,주말
6호선,2649,신내,648,,20250619,6호선,2611,응암,610,N,6호선,6072,2627,공덕,626,N,08:55:50,08:56:30,,6049,하행,2025-05-01T05:00:00,,주말
6호선,2649,신내,648,,20250619,6호선,2611,응암,610,N,6호선,6072,2628,효창공원앞,627,N,08:57:50,08:58:20,,6049,하행,2025-05-01T05:00:00,,주말
6호선,2649,신내,648,,20250619,6호선,2611,응암,610,N,6호선,6072,2629,삼각지,628,N,08:59:50,09:00:20,,6049,하행,2025-05-01T05:00:00,,주말
6호선,2649,신내,648,,20250619,6호선,2611,응암,610,N,6호선,6072,2630,녹사평,629,N,09:02:00,09:02:20,,6049,하행,2025-05-01T05:00:00,,주말
6호선,2649,신내,648,,20250619,6호선,2611,응암,610,N,6호선,6072,2631,이태원,630,N,09:03:30,09:04:00,,6049,하행,2025-05-01T05:00:00,,주말
6호선,2649,신내,648,,20250619,6호선,2611,응암,610,N,6호선,6072,2632,한강진,631,N,09:05:30,09:05:50,,6049,하행,2025-05-01T05:00:00,,주말
6호선,2649,신내,648,,20250619,6호선,2611,응암,610,N,6호선,6072,2633,버티고개,632,N,09:07:20,09:07:40,,6049,하행,2025-05-01T05:00:00,,주말
6호선,2649,신내,648,,20250619,6호선,2611,응암,610,N,6호선,6072,2634,약수,633,N,09:08:50,09:09:30,,6049,하행,2025-05-01T05:00:00,,주말
6호선,2649,신내,648,,20250619,6호선,2611,응암,610,N,6호선,6072,2635,청구,634,N,09:10:40,09:11:10,,6049,하행,2025-05-01T05:00:00,,주말
6호선,2649,신내,648,,20250619,6호선,2611,응암,610,N,6호선,6072,2636,신당,635,N,09:12:20,09:12:50,,6049,하행,2025-05-01T05:00:00,,주말
6호선,2649,신내,648,,20250619,6호선,2611,응암,610,N,6호선,6072,2637,동묘앞,636,N,09:13:50,09:14:20,,6049,하행,2025-05-01T05:00:00,,주말
6호선,2649,신내,648,,20250619,6호선,2611,응암,610,N,6호선,6072,2638,창신,637,N,09:15:40,09:16:10,,6049,하행,2025-05-01T05:00:00,,주말
6호선,2649,신내,648,,20250619,6호선,2611,응암,610,N,6호선,6072,2639,보문,638,N,09:17:20,09:17:50,,6049,하행,2025-05-01T05:00:00,,주말
6호선,2649,신내,648,,20250619,6호선,2611,응암,610,N,6호선,6072,2640,안암,639,N,09:19:00,09:19:30,,6049,하행,2025-05-01T05:00:00,,주말
6호선,2649,신내,648,,20250619,6호선,2611,응암,610,N,6호선,6072,2641,고려대,640,N,09:20:40,09:21:10,,6049,하행,2025-05-01T05:00:00,,주말
6호선,2649,신내,648,,20250619,6호선,2611,응암,610,N,6호선,6072,2642,월곡,641,N,09:22:50,09:23:20,,6049,하행,2025-05-01T05:00:00,,주말
6호선,2649,신내,648,,20250619,6호선,2611,응암,610,N,6호선,6072,2643,상월곡,642,N,09:24:30,09:25:00,,6049,하행,2025-05-01T05:00:00,,주말
6호선,2649,신내,648,,20250619,6호선,2611,응암,610,N,6호선,6072,2644,돌곶이,643,N,09:26:10,09:26:30,,6049,하행,2025-05-01T05:00:00,,주말
6호선,2649,신내,648,,20250619,6호선,2611,응암,610,N,6호선,6072,2645,석계,644,N,09:27:50,09:28:30,,6049,하행,2025-05-01T05:00:00,,주말
6호선,2649,신내,648,,20250619,6호선,2611,응암,610,N,6호선,6072,2646,태릉입구,645,N,09:29:40,09:30:10,,6049,하행,2025-05-01T05:00:00,,주말
6호선,2649,신내,648,,20250619,6호선,2611,응암,610,N,6호선,6072,2647,화랑대,646,N,09:31:20,09:31:50,,6049,하행,2025-05-01T05:00:00,,주말
6호선,2649,신내,648,,20250619,6호선,2611,응암,610,N,6호선,6072,2648,봉화산,647,N,09:33:10,09:33:40,,6049,하행,2025-05-01T05:00:00,,주말
6호선,2649,신내,648,,20250619,6호선,2611,응암,610,N,6호선,6072,2649,신내,648,N,09:38:10,,,6049,하행,2025-05-01T05:00:00,,주말
6호선,2648,봉화산,647,,20250619,6호선,2611,응암,610,N,6호선,6070,2611,응암,610,N,,08:33:00,,6051,하행,2025-05-01T05:00:00,,주말
6호선,2648,봉화산,647,,20250619,6호선,2611,응암,610,N,6호선,6070,2612,역촌,611,N,08:34:40,08:35:00,,6051,하행,2025-05-01T05:00:00,,주말
6호선,2648,봉화산,647,,20250619,6호선,2611,응암,610,N,6호선,6070,2613,불광,612,N,08:36:20,08:36:50,,6051,하행,2025-05-01T05:00:00,,주말
6호선,2648,봉화산,647,,20250619,6호선,2611,응암,610,N,6호선,6070,2614,독바위,613,N,08:38:10,08:38:30,,6051,하행,2025-05-01T05:00:00,,주말
6호선,2648,봉화산,647,,20250619,6호선,2611,응암,610,N,6호선,6070,2615,연신내,614,N,08:40:40,08:41:20,,6051,하행,2025-05-01T05:00:00,,주말
6호선,2648,봉화산,647,,20250619,6호선,2611,응암,610,N,6호선,6070,2616,구산,615,N,08:42:40,08:43:10,,6051,하행,2025-05-01T05:00:00,,주말
6호선,2648,봉화산,647,,20250619,6호선,2611,응암,610,N,6호선,6070,2611,응암,610,N,08:45:10,08:45:40,,6051,하행,2025-05-01T05:00:00,,주말
6호선,2648,봉화산,647,,20250619,6호선,2611,응암,610,N,6호선,6070,2617,새절,616,N,08:47:00,08:47:30,,6051,하행,2025-05-01T05:00:00,,주말
6호선,2648,봉화산,647,,20250619,6호선,2611,응암,610,N,6호선,6070,2618,증산,617,N,08:48:50,08:49:10,,6051,하행,2025-05-01T05:00:00,,주말
6호선,2648,봉화산,647,,20250619,6호선,2611,응암,610,N,6호선,6070,2619,디지털미디어시티,618,N,08:50:30,08:51:10,,6051,하행,2025-05-01T05:00:00,,주말
6호선,2648,봉화산,647,,20250619,6호선,2611,응암,610,N,6호선,6070,2620,월드컵경기장,619,N,08:52:20,08:52:50,,6051,하행,2025-05-01T05:00:00,,주말
6호선,2648,봉화산,647,,20250619,6호선,2611,응암,610,N,6호선,6070,2621,마포구청,620,N,08:54:00,08:54:30,,6051,하행,2025-05-01T05:00:00,,주말
6호선,2648,봉화산,647,,20250619,6호선,2611,응암,610,N,6호선,6070,2622,망원,621,N,08:55:50,08:56:20,,6051,하행,2025-05-01T05:00:00,,주말
6호선,2648,봉화산,647,,20250619,6호선,2611,응암,610,N,6호선,6070,2623,합정,622,N,08:57:40,08:58:20,,6051,하행,2025-05-01T05:00:00,,주말
6호선,2648,봉화산,647,,20250619,6호선,2611,응암,610,N,6호선,6070,2624,상수,623,N,08:59:30,08:59:50,,6051,하행,2025-05-01T05:00:00,,주말
6호선,2648,봉화산,647,,20250619,6호선,2611,응암,610,N,6호선,6070,2625,광흥창,624,N,09:01:00,09:01:30,,6051,하행,2025-05-01T05:00:00,,주말
6호선,2648,봉화산,647,,20250619,6호선,2611,응암,610,N,6호선,6070,2626,대흥,625,N,09:03:00,09:03:30,,6051,하행,2025-05-01T05:00:00,,주말
6호선,2648,봉화산,647,,20250619,6호선,2611,응암,610,N,6호선,6070,2627,공덕,626,N,09:04:50,09:05:30,,6051,하행,2025-05-01T05:00:00,,주말
6호선,2648,봉화산,647,,20250619,6호선,2611,응암,610,N,6호선,6070,2628,효창공원앞,627,N,09:06:50,09:07:20,,6051,하행,2025-05-01T05:00:00,,주말
6호선,2648,봉화산,647,,20250619,6호선,2611,응암,610,N,6호선,6070,2629,삼각지,628,N,09:08:50,09:09:20,,6051,하행,2025-05-01T05:00:00,,주말
6호선,2648,봉화산,647,,20250619,6호선,2611,응암,610,N,6호선,6070,2630,녹사평,629,N,09:11:00,09:11:20,,6051,하행,2025-05-01T05:00:00,,주말
6호선,2648,봉화산,647,,20250619,6호선,2611,응암,610,N,6호선,6070,2631,이태원,630,N,09:12:30,09:13:00,,6051,하행,2025-05-01T05:00:00,,주말
6호선,2648,봉화산,647,,20250619,6호선,2611,응암,610,N,6호선,6070,2632,한강진,631,N,09:14:30,09:14:50,,6051,하행,2025-05-01T05:00:00,,주말
6호선,2648,봉화산,647,,20250619,6호선,2611,응암,610,N,6호선,6070,2633,버티고개,632,N,09:16:20,09:16:40,,6051,하행,2025-05-01T05:00:00,,주말
6호선,2648,봉화산,647,,20250619,6호선,2611,응암,610,N,6호선,6070,2634,약수,633,N,09:17:50,09:18:30,,6051,하행,2025-05-01T05:00:00,,주말
6호선,2648,봉화산,647,,20250619,6호선,2611,응암,610,N,6호선,6070,2635,청구,634,N,09:19:40,09:20:10,,6051,하행,2025-05-01T05:00:00,,주말
6호선,2648,봉화산,647,,20250619,6호선,2611,응암,610,N,6호선,6070,2636,신당,635,N,09:21:20,09:21:50,,6051,하행,2025-05-01T05:00:00,,주말
6호선,2648,봉화산,647,,20250619,6호선,2611,응암,610,N,6호선,6070,2637,동묘앞,636,N,09:22:50,09:23:20,,6051,하행,2025-05-01T05:00:00,,주말
6호선,2648,봉화산,647,,20250619,6호선,2611,응암,610,N,6호선,6070,2638,창신,637,N,09:24:40,09:25:10,,6051,하행,2025-05-01T05:00:00,,주말
6호선,2648,봉화산,647,,20250619,6호선,2611,응암,610,N,6호선,6070,2639,보문,638,N,09:26:20,09:26:50,,6051,하행,2025-05-01T05:00:00,,주말
6호선,2648,봉화산,647,,20250619,6호선,2611,응암,610,N,6호선,6070,2640,안암,639,N,09:28:00,09:28:30,,6051,하행,2025-05-01T05:00:00,,주말
6호선,2648,봉화산,647,,20250619,6호선,2611,응암,610,N,6호선,6070,2641,고려대,640,N,09:29:40,09:30:10,,6051,하행,2025-05-01T05:00:00,,주말
6호선,2648,봉화산,647,,20250619,6호선,2611,응암,610,N,6호선,6070,2642,월곡,641,N,09:31:50,09:32:20,,6051,하행,2025-05-01T05:00:00,,주말
6호선,2648,봉화산,647,,20250619,6호선,2611,응암,610,N,6호선,6070,2643,상월곡,642,N,09:33:30,09:34:00,,6051,하행,2025-05-01T05:00:00,,주말
6호선,2648,봉화산,647,,20250619,6호선,2611,응암,610,N,6호선,6070,2644,돌곶이,643,N,09:35:10,09:35:30,,6051,하행,2025-05-01T05:00:00,,주말
6호선,2648,봉화산,647,,20250619,6호선,2611,응암,610,N,6호선,6070,2645,석계,644,N,09:36:50,09:37:30,,6051,하행,2025-05-01T05:00:00,,주말
6호선,2648,봉화산,647,,20250619,6호선,2611,응암,610,N,6호선,6070,2646,태릉입구,645,N,09:38:40,09:39:10,,6051,하행,2025-05-01T05:00:00,,주말
6호선,2648,봉화산,647,,20250619,6호선,2611,응암,610,N,6호선,6070,2647,화랑대,646,N,09:40:20,09:40:50,,6051,하행,2025-05-01T05:00:00,,주말
6호선,2648,봉화산,647,,20250619,6호선,2611,응암,610,N,6호선,6070,2648,봉화산,647,N,09:42:10,,,6051,하행,2025-05-01T05:00:00,,주말
6호선,2648,봉화산,647,,20250619,6호선,2611,응암,610,N,6호선,6074,2611,응암,610,N,,08:42:00,,6053,하행,2025-05-01T05:00:00,,주말
6호선,2648,봉화산,647,,20250619,6호선,2611,응암,610,N,6호선,6074,2612,역촌,611,N,08:43:40,08:44:00,,6053,하행,2025-05-01T05:00:00,,주말
6호선,2648,봉화산,647,,20250619,6호선,2611,응암,610,N,6호선,6074,2613,불광,612,N,08:45:20,08:45:50,,6053,하행,2025-05-01T05:00:00,,주말
6호선,2648,봉화산,647,,20250619,6호선,2611,응암,610,N,6호선,6074,2614,독바위,613,N,08:47:10,08:47:30,,6053,하행,2025-05-01T05:00:00,,주말
6호선,2648,봉화산,647,,20250619,6호선,2611,응암,610,N,6호선,6074,2615,연신내,614,N,08:49:40,08:50:20,,6053,하행,2025-05-01T05:00:00,,주말
6호선,2648,봉화산,647,,20250619,6호선,2611,응암,610,N,6호선,6074,2616,구산,615,N,08:51:40,08:52:10,,6053,하행,2025-05-01T05:00:00,,주말
6호선,2648,봉화산,647,,20250619,6호선,2611,응암,610,N,6호선,6074,2611,응암,610,N,08:54:10,08:54:40,,6053,하행,2025-05-01T05:00:00,,주말
6호선,2648,봉화산,647,,20250619,6호선,2611,응암,610,N,6호선,6074,2617,새절,616,N,08:56:00,08:56:30,,6053,하행,2025-05-01T05:00:00,,주말
6호선,2648,봉화산,647,,20250619,6호선,2611,응암,610,N,6호선,6074,2618,증산,617,N,08:57:50,08:58:10,,6053,하행,2025-05-01T05:00:00,,주말
6호선,2648,봉화산,647,,20250619,6호선,2611,응암,610,N,6호선,6074,2619,디지털미디어시티,618,N,08:59:30,09:00:10,,6053,하행,2025-05-01T05:00:00,,주말
6호선,2648,봉화산,647,,20250619,6호선,2611,응암,610,N,6호선,6074,2620,월드컵경기장,619,N,09:01:20,09:01:50,,6053,하행,2025-05-01T05:00:00,,주말
6호선,2648,봉화산,647,,20250619,6호선,2611,응암,610,N,6호선,6074,2621,마포구청,620,N,09:03:00,09:03:30,,6053,하행,2025-05-01T05:00:00,,주말
6호선,2648,봉화산,647,,20250619,6호선,2611,응암,610,N,6호선,6074,2622,망원,621,N,09:04:50,09:05:20,,6053,하행,2025-05-01T05:00:00,,주말
6호선,2648,봉화산,647,,20250619,6호선,2611,응암,610,N,6호선,6074,2623,합정,622,N,09:06:40,09:07:20,,6053,하행,2025-05-01T05:00:00,,주말
6호선,2648,봉화산,647,,20250619,6호선,2611,응암,610,N,6호선,6074,2624,상수,623,N,09:08:30,09:08:50,,6053,하행,2025-05-01T05:00:00,,주말
6호선,2648,봉화산,647,,20250619,6호선,2611,응암,610,N,6호선,6074,2625,광흥창,624,N,09:10:00,09:10:30,,6053,하행,2025-05-01T05:00:00,,주말
6호선,2648,봉화산,647,,20250619,6호선,2611,응암,610,N,6호선,6074,2626,대흥,625,N,09:12:00,09:12:30,,6053,하행,2025-05-01T05:00:00,,주말
6호선,2648,봉화산,647,,20250619,6호선,2611,응암,610,N,6호선,6074,2627,공덕,626,N,09:13:50,09:14:30,,6053,하행,2025-05-01T05:00:00,,주말
6호선,2648,봉화산,647,,20250619,6호선,2611,응암,610,N,6호선,6074,2628,효창공원앞,627,N,09:15:50,09:16:20,,6053,하행,2025-05-01T05:00:00,,주말
6호선,2648,봉화산,647,,20250619,6호선,2611,응암,610,N,6호선,6074,2629,삼각지,628,N,09:17:50,09:18:20,,6053,하행,2025-05-01T05:00:00,,주말
6호선,2648,봉화산,647,,20250619,6호선,2611,응암,610,N,6호선,6074,2630,녹사평,629,N,09:20:00,09:20:20,,6053,하행,2025-05-01T05:00:00,,주말
6호선,2648,봉화산,647,,20250619,6호선,2611,응암,610,N,6호선,6074,2631,이태원,630,N,09:21:30,09:22:00,,6053,하행,2025-05-01T05:00:00,,주말
6호선,2648,봉화산,647,,20250619,6호선,2611,응암,610,N,6호선,6074,2632,한강진,631,N,09:23:30,09:23:50,,6053,하행,2025-05-01T05:00:00,,주말
6호선,2648,봉화산,647,,20250619,6호선,2611,응암,610,N,6호선,6074,2633,버티고개,632,N,09:25:20,09:25:40,,6053,하행,2025-05-01T05:00:00,,주말
6호선,2648,봉화산,647,,20250619,6호선,2611,응암,610,N,6호선,6074,2634,약수,633,N,09:26:50,09:27:30,,6053,하행,2025-05-01T05:00:00,,주말
6호선,2648,봉화산,647,,20250619,6호선,2611,응암,610,N,6호선,6074,2635,청구,634,N,09:28:40,09:29:10,,6053,하행,2025-05-01T05:00:00,,주말
6호선,2648,봉화산,647,,20250619,6호선,2611,응암,610,N,6호선,6074,2636,신당,635,N,09:30:20,09:30:50,,6053,하행,2025-05-01T05:00:00,,주말
6호선,2648,봉화산,647,,20250619,6호선,2611,응암,610,N,6호선,6074,2637,동묘앞,636,N,09:31:50,09:32:20,,6053,하행,2025-05-01T05:00:00,,주말
6호선,2648,봉화산,647,,20250619,6호선,2611,응암,610,N,6호선,6074,2638,창신,637,N,09:33:40,09:34:10,,6053,하행,2025-05-01T05:00:00,,주말
6호선,2648,봉화산,647,,20250619,6호선,2611,응암,610,N,6호선,6074,2639,보문,638,N,09:35:20,09:35:50,,6053,하행,2025-05-01T05:00:00,,주말
6호선,2648,봉화산,647,,20250619,6호선,2611,응암,610,N,6호선,6074,2640,안암,639,N,09:37:00,09:37:30,,6053,하행,2025-05-01T05:00:00,,주말
6호선,2648,봉화산,647,,20250619,6호선,2611,응암,610,N,6호선,6074,2641,고려대,640,N,09:38:40,09:39:10,,6053,하행,2025-05-01T05:00:00,,주말
6호선,2648,봉화산,647,,20250619,6호선,2611,응암,610,N,6호선,6074,2642,월곡,641,N,09:40:50,09:41:20,,6053,하행,2025-05-01T05:00:00,,주말
6호선,2648,봉화산,647,,20250619,6호선,2611,응암,610,N,6호선,6074,2643,상월곡,642,N,09:42:30,09:43:00,,6053,하행,2025-05-01T05:00:00,,주말
6호선,2648,봉화산,647,,20250619,6호선,2611,응암,610,N,6호선,6074,2644,돌곶이,643,N,09:44:10,09:44:30,,6053,하행,2025-05-01T05:00:00,,주말
6호선,2648,봉화산,647,,20250619,6호선,2611,응암,610,N,6호선,6074,2645,석계,644,N,09:45:50,09:46:30,,6053,하행,2025-05-01T05:00:00,,주말
6호선,2648,봉화산,647,,20250619,6호선,2611,응암,610,N,6호선,6074,2646,태릉입구,645,N,09:47:40,09:48:10,,6053,하행,2025-05-01T05:00:00,,주말
6호선,2648,봉화산,647,,20250619,6호선,2611,응암,610,N,6호선,6074,2647,화랑대,646,N,09:49:20,09:49:50,,6053,하행,2025-05-01T05:00:00,,주말
6호선,2648,봉화산,647,,20250619,6호선,2611,응암,610,N,6호선,6074,2648,봉화산,647,N,09:51:10,,,6053,하행,2025-05-01T05:00:00,,주말
6호선,2649,신내,648,,20250619,6호선,2611,응암,610,N,6호선,6078,2611,응암,610,N,,08:51:00,,6055,하행,2025-05-01T05:00:00,,주말
6호선,2649,신내,648,,20250619,6호선,2611,응암,610,N,6호선,6078,2612,역촌,611,N,08:52:40,08:53:00,,6055,하행,2025-05-01T05:00:00,,주말
6호선,2649,신내,648,,20250619,6호선,2611,응암,610,N,6호선,6078,2613,불광,612,N,08:54:20,08:54:50,,6055,하행,2025-05-01T05:00:00,,주말
6호선,2649,신내,648,,20250619,6호선,2611,응암,610,N,6호선,6078,2614,독바위,613,N,08:56:10,08:56:30,,6055,하행,2025-05-01T05:00:00,,주말
6호선,2649,신내,648,,20250619,6호선,2611,응암,610,N,6호선,6078,2615,연신내,614,N,08:58:40,08:59:20,,6055,하행,2025-05-01T05:00:00,,주말
6호선,2649,신내,648,,20250619,6호선,2611,응암,610,N,6호선,6078,2616,구산,615,N,09:00:40,09:01:10,,6055,하행,2025-05-01T05:00:00,,주말
6호선,2649,신내,648,,20250619,6호선,2611,응암,610,N,6호선,6078,2611,응암,610,N,09:03:10,09:03:40,,6055,하행,2025-05-01T05:00:00,,주말
6호선,2649,신내,648,,20250619,6호선,2611,응암,610,N,6호선,6078,2617,새절,616,N,09:05:00,09:05:30,,6055,하행,2025-05-01T05:00:00,,주말
6호선,2649,신내,648,,20250619,6호선,2611,응암,610,N,6호선,6078,2618,증산,617,N,09:06:50,09:07:10,,6055,하행,2025-05-01T05:00:00,,주말
6호선,2649,신내,648,,20250619,6호선,2611,응암,610,N,6호선,6078,2619,디지털미디어시티,618,N,09:08:30,09:09:10,,6055,하행,2025-05-01T05:00:00,,주말
6호선,2649,신내,648,,20250619,6호선,2611,응암,610,N,6호선,6078,2620,월드컵경기장,619,N,09:10:20,09:10:50,,6055,하행,2025-05-01T05:00:00,,주말
6호선,2649,신내,648,,20250619,6호선,2611,응암,610,N,6호선,6078,2621,마포구청,620,N,09:12:00,09:12:30,,6055,하행,2025-05-01T05:00:00,,주말
6호선,2649,신내,648,,20250619,6호선,2611,응암,610,N,6호선,6078,2622,망원,621,N,09:13:50,09:14:20,,6055,하행,2025-05-01T05:00:00,,주말
6호선,2649,신내,648,,20250619,6호선,2611,응암,610,N,6호선,6078,2623,합정,622,N,09:15:40,09:16:20,,6055,하행,2025-05-01T05:00:00,,주말
6호선,2649,신내,648,,20250619,6호선,2611,응암,610,N,6호선,6078,2624,상수,623,N,09:17:30,09:17:50,,6055,하행,2025-05-01T05:00:00,,주말
6호선,2649,신내,648,,20250619,6호선,2611,응암,610,N,6호선,6078,2625,광흥창,624,N,09:19:00,09:19:30,,6055,하행,2025-05-01T05:00:00,,주말
6호선,2649,신내,648,,20250619,6호선,2611,응암,610,N,6호선,6078,2626,대흥,625,N,09:21:00,09:21:30,,6055,하행,2025-05-01T05:00:00,,주말
6호선,2649,신내,648,,20250619,6호선,2611,응암,610,N,6호선,6078,2627,공덕,626,N,09:22:50,09:23:30,,6055,하행,2025-05-01T05:00:00,,주말
6호선,2649,신내,648,,20250619,6호선,2611,응암,610,N,6호선,6078,2628,효창공원앞,627,N,09:24:50,09:25:20,,6055,하행,2025-05-01T05:00:00,,주말
6호선,2649,신내,648,,20250619,6호선,2611,응암,610,N,6호선,6078,2629,삼각지,628,N,09:26:50,09:27:20,,6055,하행,2025-05-01T05:00:00,,주말
6호선,2649,신내,648,,20250619,6호선,2611,응암,610,N,6호선,6078,2630,녹사평,629,N,09:29:00,09:29:20,,6055,하행,2025-05-01T05:00:00,,주말
6호선,2649,신내,648,,20250619,6호선,2611,응암,610,N,6호선,6078,2631,이태원,630,N,09:30:30,09:31:00,,6055,하행,2025-05-01T05:00:00,,주말
6호선,2649,신내,648,,20250619,6호선,2611,응암,610,N,6호선,6078,2632,한강진,631,N,09:32:30,09:32:50,,6055,하행,2025-05-01T05:00:00,,주말
6호선,2649,신내,648,,20250619,6호선,2611,응암,610,N,6호선,6078,2633,버티고개,632,N,09:34:20,09:34:40,,6055,하행,2025-05-01T05:00:00,,주말
6호선,2649,신내,648,,20250619,6호선,2611,응암,610,N,6호선,6078,2634,약수,633,N,09:35:50,09:36:30,,6055,하행,2025-05-01T05:00:00,,주말
6호선,2649,신내,648,,20250619,6호선,2611,응암,610,N,6호선,6078,2635,청구,634,N,09:37:40,09:38:10,,6055,하행,2025-05-01T05:00:00,,주말
6호선,2649,신내,648,,20250619,6호선,2611,응암,610,N,6호선,6078,2636,신당,635,N,09:39:20,09:39:50,,6055,하행,2025-05-01T05:00:00,,주말
6호선,2649,신내,648,,20250619,6호선,2611,응암,610,N,6호선,6078,2637,동묘앞,636,N,09:40:50,09:41:20,,6055,하행,2025-05-01T05:00:00,,주말
6호선,2649,신내,648,,20250619,6호선,2611,응암,610,N,6호선,6078,2638,창신,637,N,09:42:40,09:43:10,,6055,하행,2025-05-01T05:00:00,,주말
6호선,2649,신내,648,,20250619,6호선,2611,응암,610,N,6호선,6078,2639,보문,638,N,09:44:20,09:44:50,,6055,하행,2025-05-01T05:00:00,,주말
6호선,2649,신내,648,,20250619,6호선,2611,응암,610,N,6호선,6078,2640,안암,639,N,09:46:00,09:46:30,,6055,하행,2025-05-01T05:00:00,,주말
6호선,2649,신내,648,,20250619,6호선,2611,응암,610,N,6호선,6078,2641,고려대,640,N,09:47:40,09:48:10,,6055,하행,2025-05-01T05:00:00,,주말
6호선,2649,신내,648,,20250619,6호선,2611,응암,610,N,6호선,6078,2642,월곡,641,N,09:49:50,09:50:20,,6055,하행,2025-05-01T05:00:00,,주말
6호선,2649,신내,648,,20250619,6호선,2611,응암,610,N,6호선,6078,2643,상월곡,642,N,09:51:30,09:52:00,,6055,하행,2025-05-01T05:00:00,,주말
6호선,2649,신내,648,,20250619,6호선,2611,응암,610,N,6호선,6078,2644,돌곶이,643,N,09:53:10,09:53:30,,6055,하행,2025-05-01T05:00:00,,주말
6호선,2649,신내,648,,20250619,6호선,2611,응암,610,N,6호선,6078,2645,석계,644,N,09:54:50,09:55:30,,6055,하행,2025-05-01T05:00:00,,주말
6호선,2649,신내,648,,20250619,6호선,2611,응암,610,N,6호선,6078,2646,태릉입구,645,N,09:56:40,09:57:10,,6055,하행,2025-05-01T05:00:00,,주말
6호선,2649,신내,648,,20250619,6호선,2611,응암,610,N,6호선,6078,2647,화랑대,646,N,09:58:20,09:58:50,,6055,하행,2025-05-01T05:00:00,,주말
6호선,2649,신내,648,,20250619,6호선,2611,응암,610,N,6호선,6078,2648,봉화산,647,N,10:00:10,10:00:40,,6055,하행,2025-05-01T05:00:00,,주말
6호선,2649,신내,648,,20250619,6호선,2611,응암,610,N,6호선,6078,2649,신내,648,N,10:05:10,,,6055,하행,2025-05-01T05:00:00,,주말
6호선,2648,봉화산,647,,20250619,6호선,2611,응암,610,N,6호선,6076,2611,응암,610,N,,09:00:00,,6057,하행,2025-05-01T05:00:00,,주말
6호선,2648,봉화산,647,,20250619,6호선,2611,응암,610,N,6호선,6076,2612,역촌,611,N,09:01:40,09:02:00,,6057,하행,2025-05-01T05:00:00,,주말
6호선,2648,봉화산,647,,20250619,6호선,2611,응암,610,N,6호선,6076,2613,불광,612,N,09:03:20,09:03:50,,6057,하행,2025-05-01T05:00:00,,주말
6호선,2648,봉화산,647,,20250619,6호선,2611,응암,610,N,6호선,6076,2614,독바위,613,N,09:05:10,09:05:30,,6057,하행,2025-05-01T05:00:00,,주말
6호선,2648,봉화산,647,,20250619,6호선,2611,응암,610,N,6호선,6076,2615,연신내,614,N,09:07:40,09:08:20,,6057,하행,2025-05-01T05:00:00,,주말
6호선,2648,봉화산,647,,20250619,6호선,2611,응암,610,N,6호선,6076,2616,구산,615,N,09:09:40,09:10:10,,6057,하행,2025-05-01T05:00:00,,주말
6호선,2648,봉화산,647,,20250619,6호선,2611,응암,610,N,6호선,6076,2611,응암,610,N,09:12:10,09:12:40,,6057,하행,2025-05-01T05:00:00,,주말
6호선,2648,봉화산,647,,20250619,6호선,2611,응암,610,N,6호선,6076,2617,새절,616,N,09:14:00,09:14:30,,6057,하행,2025-05-01T05:00:00,,주말
6호선,2648,봉화산,647,,20250619,6호선,2611,응암,610,N,6호선,6076,2618,증산,617,N,09:15:50,09:16:10,,6057,하행,2025-05-01T05:00:00,,주말
6호선,2648,봉화산,647,,20250619,6호선,2611,응암,610,N,6호선,6076,2619,디지털미디어시티,618,N,09:17:30,09:18:10,,6057,하행,2025-05-01T05:00:00,,주말
6호선,2648,봉화산,647,,20250619,6호선,2611,응암,610,N,6호선,6076,2620,월드컵경기장,619,N,09:19:20,09:19:50,,6057,하행,2025-05-01T05:00:00,,주말
6호선,2648,봉화산,647,,20250619,6호선,2611,응암,610,N,6호선,6076,2621,마포구청,620,N,09:21:00,09:21:30,,6057,하행,2025-05-01T05:00:00,,주말
6호선,2648,봉화산,647,,20250619,6호선,2611,응암,610,N,6호선,6076,2622,망원,621,N,09:22:50,09:23:20,,6057,하행,2025-05-01T05:00:00,,주말
6호선,2648,봉화산,647,,20250619,6호선,2611,응암,610,N,6호선,6076,2623,합정,622,N,09:24:40,09:25:20,,6057,하행,2025-05-01T05:00:00,,주말
6호선,2648,봉화산,647,,20250619,6호선,2611,응암,610,N,6호선,6076,2624,상수,623,N,09:26:30,09:26:50,,6057,하행,2025-05-01T05:00:00,,주말
6호선,2648,봉화산,647,,20250619,6호선,2611,응암,610,N,6호선,6076,2625,광흥창,624,N,09:28:00,09:28:30,,6057,하행,2025-05-01T05:00:00,,주말
6호선,2648,봉화산,647,,20250619,6호선,2611,응암,610,N,6호선,6076,2626,대흥,625,N,09:30:00,09:30:30,,6057,하행,2025-05-01T05:00:00,,주말
6호선,2648,봉화산,647,,20250619,6호선,2611,응암,610,N,6호선,6076,2627,공덕,626,N,09:31:50,09:32:30,,6057,하행,2025-05-01T05:00:00,,주말
6호선,2648,봉화산,647,,20250619,6호선,2611,응암,610,N,6호선,6076,2628,효창공원앞,627,N,09:33:50,09:34:20,,6057,하행,2025-05-01T05:00:00,,주말
6호선,2648,봉화산,647,,20250619,6호선,2611,응암,610,N,6호선,6076,2629,삼각지,628,N,09:35:50,09:36:20,,6057,하행,2025-05-01T05:00:00,,주말
6호선,2648,봉화산,647,,20250619,6호선,2611,응암,610,N,6호선,6076,2630,녹사평,629,N,09:38:00,09:38:20,,6057,하행,2025-05-01T05:00:00,,주말
6호선,2648,봉화산,647,,20250619,6호선,2611,응암,610,N,6호선,6076,2631,이태원,630,N,09:39:30,09:40:00,,6057,하행,2025-05-01T05:00:00,,주말
6호선,2648,봉화산,647,,20250619,6호선,2611,응암,610,N,6호선,6076,2632,한강진,631,N,09:41:30,09:41:50,,6057,하행,2025-05-01T05:00:00,,주말
6호선,2648,봉화산,647,,20250619,6호선,2611,응암,610,N,6호선,6076,2633,버티고개,632,N,09:43:20,09:43:40,,6057,하행,2025-05-01T05:00:00,,주말
6호선,2648,봉화산,647,,20250619,6호선,2611,응암,610,N,6호선,6076,2634,약수,633,N,09:44:50,09:45:30,,6057,하행,2025-05-01T05:00:00,,주말
6호선,2648,봉화산,647,,20250619,6호선,2611,응암,610,N,6호선,6076,2635,청구,634,N,09:46:40,09:47:10,,6057,하행,2025-05-01T05:00:00,,주말
6호선,2648,봉화산,647,,20250619,6호선,2611,응암,610,N,6호선,6076,2636,신당,635,N,09:48:20,09:48:50,,6057,하행,2025-05-01T05:00:00,,주말
6호선,2648,봉화산,647,,20250619,6호선,2611,응암,610,N,6호선,6076,2637,동묘앞,636,N,09:49:50,09:50:20,,6057,하행,2025-05-01T05:00:00,,주말
6호선,2648,봉화산,647,,20250619,6호선,2611,응암,610,N,6호선,6076,2638,창신,637,N,09:51:40,09:52:10,,6057,하행,2025-05-01T05:00:00,,주말
6호선,2648,봉화산,647,,20250619,6호선,2611,응암,610,N,6호선,6076,2639,보문,638,N,09:53:20,09:53:50,,6057,하행,2025-05-01T05:00:00,,주말
6호선,2648,봉화산,647,,20250619,6호선,2611,응암,610,N,6호선,6076,2640,안암,639,N,09:55:00,09:55:30,,6057,하행,2025-05-01T05:00:00,,주말
6호선,2648,봉화산,647,,20250619,6호선,2611,응암,610,N,6호선,6076,2641,고려대,640,N,09:56:40,09:57:10,,6057,하행,2025-05-01T05:00:00,,주말
6호선,2648,봉화산,647,,20250619,6호선,2611,응암,610,N,6호선,6076,2642,월곡,641,N,09:58:50,09:59:20,,6057,하행,2025-05-01T05:00:00,,주말
6호선,2648,봉화산,647,,20250619,6호선,2611,응암,610,N,6호선,6076,2643,상월곡,642,N,10:00:30,10:01:00,,6057,하행,2025-05-01T05:00:00,,주말
6호선,2648,봉화산,647,,20250619,6호선,2611,응암,610,N,6호선,6076,2644,돌곶이,643,N,10:02:10,10:02:30,,6057,하행,2025-05-01T05:00:00,,주말
6호선,2648,봉화산,647,,20250619,6호선,2611,응암,610,N,6호선,6076,2645,석계,644,N,10:03:50,10:04:30,,6057,하행,2025-05-01T05:00:00,,주말
6호선,2648,봉화산,647,,20250619,6호선,2611,응암,610,N,6호선,6076,2646,태릉입구,645,N,10:05:40,10:06:10,,6057,하행,2025-05-01T05:00:00,,주말
6호선,2648,봉화산,647,,20250619,6호선,2611,응암,610,N,6호선,6076,2647,화랑대,646,N,10:07:20,10:07:50,,6057,하행,2025-05-01T05:00:00,,주말
6호선,2648,봉화산,647,,20250619,6호선,2611,응암,610,N,6호선,6076,2648,봉화산,647,N,10:09:10,,,6057,하행,2025-05-01T05:00:00,,주말
6호선,2648,봉화산,647,,20250619,6호선,2611,응암,610,N,6호선,6080,2611,응암,610,N,,09:09:00,,6059,하행,2025-05-01T05:00:00,,주말
6호선,2648,봉화산,647,,20250619,6호선,2611,응암,610,N,6호선,6080,2612,역촌,611,N,09:10:40,09:11:00,,6059,하행,2025-05-01T05:00:00,,주말
6호선,2648,봉화산,647,,20250619,6호선,2611,응암,610,N,6호선,6080,2613,불광,612,N,09:12:20,09:12:50,,6059,하행,2025-05-01T05:00:00,,주말
6호선,2648,봉화산,647,,20250619,6호선,2611,응암,610,N,6호선,6080,2614,독바위,613,N,09:14:10,09:14:30,,6059,하행,2025-05-01T05:00:00,,주말
6호선,2648,봉화산,647,,20250619,6호선,2611,응암,610,N,6호선,6080,2615,연신내,614,N,09:16:40,09:17:20,,6059,하행,2025-05-01T05:00:00,,주말
6호선,2648,봉화산,647,,20250619,6호선,2611,응암,610,N,6호선,6080,2616,구산,615,N,09:18:40,09:19:10,,6059,하행,2025-05-01T05:00:00,,주말
6호선,2648,봉화산,647,,20250619,6호선,2611,응암,610,N,6호선,6080,2611,응암,610,N,09:21:10,09:21:40,,6059,하행,2025-05-01T05:00:00,,주말
6호선,2648,봉화산,647,,20250619,6호선,2611,응암,610,N,6호선,6080,2617,새절,616,N,09:23:00,09:23:30,,6059,하행,2025-05-01T05:00:00,,주말
6호선,2648,봉화산,647,,20250619,6호선,2611,응암,610,N,6호선,6080,2618,증산,617,N,09:24:50,09:25:10,,6059,하행,2025-05-01T05:00:00,,주말
6호선,2648,봉화산,647,,20250619,6호선,2611,응암,610,N,6호선,6080,2619,디지털미디어시티,618,N,09:26:30,09:27:10,,6059,하행,2025-05-01T05:00:00,,주말
6호선,2648,봉화산,647,,20250619,6호선,2611,응암,610,N,6호선,6080,2620,월드컵경기장,619,N,09:28:20,09:28:50,,6059,하행,2025-05-01T05:00:00,,주말
6호선,2648,봉화산,647,,20250619,6호선,2611,응암,610,N,6호선,6080,2621,마포구청,620,N,09:30:00,09:30:30,,6059,하행,2025-05-01T05:00:00,,주말
6호선,2648,봉화산,647,,20250619,6호선,2611,응암,610,N,6호선,6080,2622,망원,621,N,09:31:50,09:32:20,,6059,하행,2025-05-01T05:00:00,,주말
6호선,2648,봉화산,647,,20250619,6호선,2611,응암,610,N,6호선,6080,2623,합정,622,N,09:33:40,09:34:20,,6059,하행,2025-05-01T05:00:00,,주말
6호선,2648,봉화산,647,,20250619,6호선,2611,응암,610,N,6호선,6080,2624,상수,623,N,09:35:30,09:35:50,,6059,하행,2025-05-01T05:00:00,,주말
6호선,2648,봉화산,647,,20250619,6호선,2611,응암,610,N,6호선,6080,2625,광흥창,624,N,09:37:00,09:37:30,,6059,하행,2025-05-01T05:00:00,,주말
6호선,2648,봉화산,647,,20250619,6호선,2611,응암,610,N,6호선,6080,2626,대흥,625,N,09:39:00,09:39:30,,6059,하행,2025-05-01T05:00:00,,주말
6호선,2648,봉화산,647,,20250619,6호선,2611,응암,610,N,6호선,6080,2627,공덕,626,N,09:40:50,09:41:30,,6059,하행,2025-05-01T05:00:00,,주말
6호선,2648,봉화산,647,,20250619,6호선,2611,응암,610,N,6호선,6080,2628,효창공원앞,627,N,09:42:50,09:43:20,,6059,하행,2025-05-01T05:00:00,,주말
6호선,2648,봉화산,647,,20250619,6호선,2611,응암,610,N,6호선,6080,2629,삼각지,628,N,09:44:50,09:45:20,,6059,하행,2025-05-01T05:00:00,,주말
6호선,2648,봉화산,647,,20250619,6호선,2611,응암,610,N,6호선,6080,2630,녹사평,629,N,09:47:00,09:47:20,,6059,하행,2025-05-01T05:00:00,,주말
6호선,2648,봉화산,647,,20250619,6호선,2611,응암,610,N,6호선,6080,2631,이태원,630,N,09:48:30,09:49:00,,6059,하행,2025-05-01T05:00:00,,주말
6호선,2648,봉화산,647,,20250619,6호선,2611,응암,610,N,6호선,6080,2632,한강진,631,N,09:50:30,09:50:50,,6059,하행,2025-05-01T05:00:00,,주말
6호선,2648,봉화산,647,,20250619,6호선,2611,응암,610,N,6호선,6080,2633,버티고개,632,N,09:52:20,09:52:40,,6059,하행,2025-05-01T05:00:00,,주말
6호선,2648,봉화산,647,,20250619,6호선,2611,응암,610,N,6호선,6080,2634,약수,633,N,09:53:50,09:54:30,,6059,하행,2025-05-01T05:00:00,,주말
6호선,2648,봉화산,647,,20250619,6호선,2611,응암,610,N,6호선,6080,2635,청구,634,N,09:55:40,09:56:10,,6059,하행,2025-05-01T05:00:00,,주말
6호선,2648,봉화산,647,,20250619,6호선,2611,응암,610,N,6호선,6080,2636,신당,635,N,09:57:20,09:57:50,,6059,하행,2025-05-01T05:00:00,,주말
6호선,2648,봉화산,647,,20250619,6호선,2611,응암,610,N,6호선,6080,2637,동묘앞,636,N,09:58:50,09:59:20,,6059,하행,2025-05-01T05:00:00,,주말
6호선,2648,봉화산,647,,20250619,6호선,2611,응암,610,N,6호선,6080,2638,창신,637,N,10:00:40,10:01:10,,6059,하행,2025-05-01T05:00:00,,주말
6호선,2648,봉화산,647,,20250619,6호선,2611,응암,610,N,6호선,6080,2639,보문,638,N,10:02:20,10:02:50,,6059,하행,2025-05-01T05:00:00,,주말
6호선,2648,봉화산,647,,20250619,6호선,2611,응암,610,N,6호선,6080,2640,안암,639,N,10:04:00,10:04:30,,6059,하행,2025-05-01T05:00:00,,주말
6호선,2648,봉화산,647,,20250619,6호선,2611,응암,610,N,6호선,6080,2641,고려대,640,N,10:05:40,10:06:10,,6059,하행,2025-05-01T05:00:00,,주말
6호선,2648,봉화산,647,,20250619,6호선,2611,응암,610,N,6호선,6080,2642,월곡,641,N,10:07:50,10:08:20,,6059,하행,2025-05-01T05:00:00,,주말
6호선,2648,봉화산,647,,20250619,6호선,2611,응암,610,N,6호선,6080,2643,상월곡,642,N,10:09:30,10:10:00,,6059,하행,2025-05-01T05:00:00,,주말
6호선,2648,봉화산,647,,20250619,6호선,2611,응암,610,N,6호선,6080,2644,돌곶이,643,N,10:11:10,10:11:30,,6059,하행,2025-05-01T05:00:00,,주말
6호선,2648,봉화산,647,,20250619,6호선,2611,응암,610,N,6호선,6080,2645,석계,644,N,10:12:50,10:13:30,,6059,하행,2025-05-01T05:00:00,,주말
6호선,2648,봉화산,647,,20250619,6호선,2611,응암,610,N,6호선,6080,2646,태릉입구,645,N,10:14:40,10:15:10,,6059,하행,2025-05-01T05:00:00,,주말
6호선,2648,봉화산,647,,20250619,6호선,2611,응암,610,N,6호선,6080,2647,화랑대,646,N,10:16:20,10:16:50,,6059,하행,2025-05-01T05:00:00,,주말
6호선,2648,봉화산,647,,20250619,6호선,2611,응암,610,N,6호선,6080,2648,봉화산,647,N,10:18:10,,,6059,하행,2025-05-01T05:00:00,,주말
6호선,2649,신내,648,,20250619,6호선,2611,응암,610,N,6호선,6084,2611,응암,610,N,,09:18:00,,6061,하행,2025-05-01T05:00:00,,주말
6호선,2649,신내,648,,20250619,6호선,2611,응암,610,N,6호선,6084,2612,역촌,611,N,09:19:40,09:20:00,,6061,하행,2025-05-01T05:00:00,,주말
6호선,2649,신내,648,,20250619,6호선,2611,응암,610,N,6호선,6084,2613,불광,612,N,09:21:20,09:21:50,,6061,하행,2025-05-01T05:00:00,,주말
6호선,2649,신내,648,,20250619,6호선,2611,응암,610,N,6호선,6084,2614,독바위,613,N,09:23:10,09:23:30,,6061,하행,2025-05-01T05:00:00,,주말
6호선,2649,신내,648,,20250619,6호선,2611,응암,610,N,6호선,6084,2615,연신내,614,N,09:25:40,09:26:20,,6061,하행,2025-05-01T05:00:00,,주말
6호선,2649,신내,648,,20250619,6호선,2611,응암,610,N,6호선,6084,2616,구산,615,N,09:27:40,09:28:10,,6061,하행,2025-05-01T05:00:00,,주말
6호선,2649,신내,648,,20250619,6호선,2611,응암,610,N,6호선,6084,2611,응암,610,N,09:30:10,09:30:40,,6061,하행,2025-05-01T05:00:00,,주말
6호선,2649,신내,648,,20250619,6호선,2611,응암,610,N,6호선,6084,2617,새절,616,N,09:32:00,09:32:30,,6061,하행,2025-05-01T05:00:00,,주말
6호선,2649,신내,648,,20250619,6호선,2611,응암,610,N,6호선,6084,2618,증산,617,N,09:33:50,09:34:10,,6061,하행,2025-05-01T05:00:00,,주말
6호선,2649,신내,648,,20250619,6호선,2611,응암,610,N,6호선,6084,2619,디지털미디어시티,618,N,09:35:30,09:36:10,,6061,하행,2025-05-01T05:00:00,,주말
6호선,2649,신내,648,,20250619,6호선,2611,응암,610,N,6호선,6084,2620,월드컵경기장,619,N,09:37:20,09:37:50,,6061,하행,2025-05-01T05:00:00,,주말
6호선,2649,신내,648,,20250619,6호선,2611,응암,610,N,6호선,6084,2621,마포구청,620,N,09:39:00,09:39:30,,6061,하행,2025-05-01T05:00:00,,주말
6호선,2649,신내,648,,20250619,6호선,2611,응암,610,N,6호선,6084,2622,망원,621,N,09:40:50,09:41:20,,6061,하행,2025-05-01T05:00:00,,주말
6호선,2649,신내,648,,20250619,6호선,2611,응암,610,N,6호선,6084,2623,합정,622,N,09:42:40,09:43:20,,6061,하행,2025-05-01T05:00:00,,주말
6호선,2649,신내,648,,20250619,6호선,2611,응암,610,N,6호선,6084,2624,상수,623,N,09:44:30,09:44:50,,6061,하행,2025-05-01T05:00:00,,주말
6호선,2649,신내,648,,20250619,6호선,2611,응암,610,N,6호선,6084,2625,광흥창,624,N,09:46:00,09:46:30,,6061,하행,2025-05-01T05:00:00,,주말
6호선,2649,신내,648,,20250619,6호선,2611,응암,610,N,6호선,6084,2626,대흥,625,N,09:48:00,09:48:30,,6061,하행,2025-05-01T05:00:00,,주말
6호선,2649,신내,648,,20250619,6호선,2611,응암,610,N,6호선,6084,2627,공덕,626,N,09:49:50,09:50:30,,6061,하행,2025-05-01T05:00:00,,주말
6호선,2649,신내,648,,20250619,6호선,2611,응암,610,N,6호선,6084,2628,효창공원앞,627,N,09:51:50,09:52:20,,6061,하행,2025-05-01T05:00:00,,주말
6호선,2649,신내,648,,20250619,6호선,2611,응암,610,N,6호선,6084,2629,삼각지,628,N,09:53:50,09:54:20,,6061,하행,2025-05-01T05:00:00,,주말
6호선,2649,신내,648,,20250619,6호선,2611,응암,610,N,6호선,6084,2630,녹사평,629,N,09:56:00,09:56:20,,6061,하행,2025-05-01T05:00:00,,주말
6호선,2649,신내,648,,20250619,6호선,2611,응암,610,N,6호선,6084,2631,이태원,630,N,09:57:30,09:58:00,,6061,하행,2025-05-01T05:00:00,,주말
6호선,2649,신내,648,,20250619,6호선,2611,응암,610,N,6호선,6084,2632,한강진,631,N,09:59:30,09:59:50,,6061,하행,2025-05-01T05:00:00,,주말
6호선,2649,신내,648,,20250619,6호선,2611,응암,610,N,6호선,6084,2633,버티고개,632,N,10:01:20,10:01:40,,6061,하행,2025-05-01T05:00:00,,주말
6호선,2649,신내,648,,20250619,6호선,2611,응암,610,N,6호선,6084,2634,약수,633,N,10:02:50,10:03:30,,6061,하행,2025-05-01T05:00:00,,주말
6호선,2649,신내,648,,20250619,6호선,2611,응암,610,N,6호선,6084,2635,청구,634,N,10:04:40,10:05:10,,6061,하행,2025-05-01T05:00:00,,주말
6호선,2649,신내,648,,20250619,6호선,2611,응암,610,N,6호선,6084,2636,신당,635,N,10:06:20,10:06:50,,6061,하행,2025-05-01T05:00:00,,주말
6호선,2649,신내,648,,20250619,6호선,2611,응암,610,N,6호선,6084,2637,동묘앞,636,N,10:07:50,10:08:20,,6061,하행,2025-05-01T05:00:00,,주말
6호선,2649,신내,648,,20250619,6호선,2611,응암,610,N,6호선,6084,2638,창신,637,N,10:09:40,10:10:10,,6061,하행,2025-05-01T05:00:00,,주말
6호선,2649,신내,648,,20250619,6호선,2611,응암,610,N,6호선,6084,2639,보문,638,N,10:11:20,10:11:50,,6061,하행,2025-05-01T05:00:00,,주말
6호선,2649,신내,648,,20250619,6호선,2611,응암,610,N,6호선,6084,2640,안암,639,N,10:13:00,10:13:30,,6061,하행,2025-05-01T05:00:00,,주말
6호선,2649,신내,648,,20250619,6호선,2611,응암,610,N,6호선,6084,2641,고려대,640,N,10:14:40,10:15:10,,6061,하행,2025-05-01T05:00:00,,주말
6호선,2649,신내,648,,20250619,6호선,2611,응암,610,N,6호선,6084,2642,월곡,641,N,10:16:50,10:17:20,,6061,하행,2025-05-01T05:00:00,,주말
6호선,2649,신내,648,,20250619,6호선,2611,응암,610,N,6호선,6084,2643,상월곡,642,N,10:18:30,10:19:00,,6061,하행,2025-05-01T05:00:00,,주말
6호선,2649,신내,648,,20250619,6호선,2611,응암,610,N,6호선,6084,2644,돌곶이,643,N,10:20:10,10:20:30,,6061,하행,2025-05-01T05:00:00,,주말
6호선,2649,신내,648,,20250619,6호선,2611,응암,610,N,6호선,6084,2645,석계,644,N,10:21:50,10:22:30,,6061,하행,2025-05-01T05:00:00,,주말
6호선,2649,신내,648,,20250619,6호선,2611,응암,610,N,6호선,6084,2646,태릉입구,645,N,10:23:40,10:24:10,,6061,하행,2025-05-01T05:00:00,,주말
6호선,2649,신내,648,,20250619,6호선,2611,응암,610,N,6호선,6084,2647,화랑대,646,N,10:25:20,10:25:50,,6061,하행,2025-05-01T05:00:00,,주말
6호선,2649,신내,648,,20250619,6호선,2611,응암,610,N,6호선,6084,2648,봉화산,647,N,10:27:10,10:27:40,,6061,하행,2025-05-01T05:00:00,,주말
6호선,2649,신내,648,,20250619,6호선,2611,응암,610,N,6호선,6084,2649,신내,648,N,10:32:10,,,6061,하행,2025-05-01T05:00:00,,주말
6호선,2648,봉화산,647,,20250619,6호선,2611,응암,610,N,6호선,6082,2611,응암,610,N,,09:27:00,,6063,하행,2025-05-01T05:00:00,,주말
6호선,2648,봉화산,647,,20250619,6호선,2611,응암,610,N,6호선,6082,2612,역촌,611,N,09:28:40,09:29:00,,6063,하행,2025-05-01T05:00:00,,주말
6호선,2648,봉화산,647,,20250619,6호선,2611,응암,610,N,6호선,6082,2613,불광,612,N,09:30:20,09:30:50,,6063,하행,2025-05-01T05:00:00,,주말
6호선,2648,봉화산,647,,20250619,6호선,2611,응암,610,N,6호선,6082,2614,독바위,613,N,09:32:10,09:32:30,,6063,하행,2025-05-01T05:00:00,,주말
6호선,2648,봉화산,647,,20250619,6호선,2611,응암,610,N,6호선,6082,2615,연신내,614,N,09:34:40,09:35:20,,6063,하행,2025-05-01T05:00:00,,주말
6호선,2648,봉화산,647,,20250619,6호선,2611,응암,610,N,6호선,6082,2616,구산,615,N,09:36:40,09:37:10,,6063,하행,2025-05-01T05:00:00,,주말
6호선,2648,봉화산,647,,20250619,6호선,2611,응암,610,N,6호선,6082,2611,응암,610,N,09:39:10,09:39:40,,6063,하행,2025-05-01T05:00:00,,주말
6호선,2648,봉화산,647,,20250619,6호선,2611,응암,610,N,6호선,6082,2617,새절,616,N,09:41:00,09:41:30,,6063,하행,2025-05-01T05:00:00,,주말
6호선,2648,봉화산,647,,20250619,6호선,2611,응암,610,N,6호선,6082,2618,증산,617,N,09:42:50,09:43:10,,6063,하행,2025-05-01T05:00:00,,주말
6호선,2648,봉화산,647,,20250619,6호선,2611,응암,610,N,6호선,6082,2619,디지털미디어시티,618,N,09:44:30,09:45:10,,6063,하행,2025-05-01T05:00:00,,주말
6호선,2648,봉화산,647,,20250619,6호선,2611,응암,610,N,6호선,6082,2620,월드컵경기장,619,N,09:46:20,09:46:50,,6063,하행,2025-05-01T05:00:00,,주말
6호선,2648,봉화산,647,,20250619,6호선,2611,응암,610,N,6호선,6082,2621,마포구청,620,N,09:48:00,09:48:30,,6063,하행,2025-05-01T05:00:00,,주말
6호선,2648,봉화산,647,,20250619,6호선,2611,응암,610,N,6호선,6082,2622,망원,621,N,09:49:50,09:50:20,,6063,하행,2025-05-01T05:00:00,,주말
6호선,2648,봉화산,647,,20250619,6호선,2611,응암,610,N,6호선,6082,2623,합정,622,N,09:51:40,09:52:20,,6063,하행,2025-05-01T05:00:00,,주말
6호선,2648,봉화산,647,,20250619,6호선,2611,응암,610,N,6호선,6082,2624,상수,623,N,09:53:30,09:53:50,,6063,하행,2025-05-01T05:00:00,,주말
6호선,2648,봉화산,647,,20250619,6호선,2611,응암,610,N,6호선,6082,2625,광흥창,624,N,09:55:00,09:55:30,,6063,하행,2025-05-01T05:00:00,,주말
6호선,2648,봉화산,647,,20250619,6호선,2611,응암,610,N,6호선,6082,2626,대흥,625,N,09:57:00,09:57:30,,6063,하행,2025-05-01T05:00:00,,주말
6호선,2648,봉화산,647,,20250619,6호선,2611,응암,610,N,6호선,6082,2627,공덕,626,N,09:58:50,09:59:30,,6063,하행,2025-05-01T05:00:00,,주말
6호선,2648,봉화산,647,,20250619,6호선,2611,응암,610,N,6호선,6082,2628,효창공원앞,627,N,10:00:50,10:01:20,,6063,하행,2025-05-01T05:00:00,,주말
6호선,2648,봉화산,647,,20250619,6호선,2611,응암,610,N,6호선,6082,2629,삼각지,628,N,10:02:50,10:03:20,,6063,하행,2025-05-01T05:00:00,,주말
6호선,2648,봉화산,647,,20250619,6호선,2611,응암,610,N,6호선,6082,2630,녹사평,629,N,10:05:00,10:05:20,,6063,하행,2025-05-01T05:00:00,,주말
6호선,2648,봉화산,647,,20250619,6호선,2611,응암,610,N,6호선,6082,2631,이태원,630,N,10:06:30,10:07:00,,6063,하행,2025-05-01T05:00:00,,주말
6호선,2648,봉화산,647,,20250619,6호선,2611,응암,610,N,6호선,6082,2632,한강진,631,N,10:08:30,10:08:50,,6063,하행,2025-05-01T05:00:00,,주말
6호선,2648,봉화산,647,,20250619,6호선,2611,응암,610,N,6호선,6082,2633,버티고개,632,N,10:10:20,10:10:40,,6063,하행,2025-05-01T05:00:00,,주말
6호선,2648,봉화산,647,,20250619,6호선,2611,응암,610,N,6호선,6082,2634,약수,633,N,10:11:50,10:12:30,,6063,하행,2025-05-01T05:00:00,,주말
6호선,2648,봉화산,647,,20250619,6호선,2611,응암,610,N,6호선,6082,2635,청구,634,N,10:13:40,10:14:10,,6063,하행,2025-05-01T05:00:00,,주말
6호선,2648,봉화산,647,,20250619,6호선,2611,응암,610,N,6호선,6082,2636,신당,635,N,10:15:20,10:15:50,,6063,하행,2025-05-01T05:00:00,,주말
6호선,2648,봉화산,647,,20250619,6호선,2611,응암,610,N,6호선,6082,2637,동묘앞,636,N,10:16:50,10:17:20,,6063,하행,2025-05-01T05:00:00,,주말
6호선,2648,봉화산,647,,20250619,6호선,2611,응암,610,N,6호선,6082,2638,창신,637,N,10:18:40,10:19:10,,6063,하행,2025-05-01T05:00:00,,주말
6호선,2648,봉화산,647,,20250619,6호선,2611,응암,610,N,6호선,6082,2639,보문,638,N,10:20:20,10:20:50,,6063,하행,2025-05-01T05:00:00,,주말
6호선,2648,봉화산,647,,20250619,6호선,2611,응암,610,N,6호선,6082,2640,안암,639,N,10:22:00,10:22:30,,6063,하행,2025-05-01T05:00:00,,주말
6호선,2648,봉화산,647,,20250619,6호선,2611,응암,610,N,6호선,6082,2641,고려대,640,N,10:23:40,10:24:10,,6063,하행,2025-05-01T05:00:00,,주말
6호선,2648,봉화산,647,,20250619,6호선,2611,응암,610,N,6호선,6082,2642,월곡,641,N,10:25:50,10:26:20,,6063,하행,2025-05-01T05:00:00,,주말
6호선,2648,봉화산,647,,20250619,6호선,2611,응암,610,N,6호선,6082,2643,상월곡,642,N,10:27:30,10:28:00,,6063,하행,2025-05-01T05:00:00,,주말
6호선,2648,봉화산,647,,20250619,6호선,2611,응암,610,N,6호선,6082,2644,돌곶이,643,N,10:29:10,10:29:30,,6063,하행,2025-05-01T05:00:00,,주말
6호선,2648,봉화산,647,,20250619,6호선,2611,응암,610,N,6호선,6082,2645,석계,644,N,10:30:50,10:31:30,,6063,하행,2025-05-01T05:00:00,,주말
6호선,2648,봉화산,647,,20250619,6호선,2611,응암,610,N,6호선,6082,2646,태릉입구,645,N,10:32:40,10:33:10,,6063,하행,2025-05-01T05:00:00,,주말
6호선,2648,봉화산,647,,20250619,6호선,2611,응암,610,N,6호선,6082,2647,화랑대,646,N,10:34:20,10:34:50,,6063,하행,2025-05-01T05:00:00,,주말
6호선,2648,봉화산,647,,20250619,6호선,2611,응암,610,N,6호선,6082,2648,봉화산,647,N,10:36:10,,,6063,하행,2025-05-01T05:00:00,,주말
6호선,2648,봉화산,647,,20250619,6호선,2611,응암,610,N,6호선,6086,2611,응암,610,N,,09:36:00,,6065,하행,2025-05-01T05:00:00,,주말
6호선,2648,봉화산,647,,20250619,6호선,2611,응암,610,N,6호선,6086,2612,역촌,611,N,09:37:40,09:38:00,,6065,하행,2025-05-01T05:00:00,,주말
6호선,2648,봉화산,647,,20250619,6호선,2611,응암,610,N,6호선,6086,2613,불광,612,N,09:39:20,09:39:50,,6065,하행,2025-05-01T05:00:00,,주말
6호선,2648,봉화산,647,,20250619,6호선,2611,응암,610,N,6호선,6086,2614,독바위,613,N,09:41:10,09:41:30,,6065,하행,2025-05-01T05:00:00,,주말
6호선,2648,봉화산,647,,20250619,6호선,2611,응암,610,N,6호선,6086,2615,연신내,614,N,09:43:40,09:44:20,,6065,하행,2025-05-01T05:00:00,,주말
6호선,2648,봉화산,647,,20250619,6호선,2611,응암,610,N,6호선,6086,2616,구산,615,N,09:45:40,09:46:10,,6065,하행,2025-05-01T05:00:00,,주말
6호선,2648,봉화산,647,,20250619,6호선,2611,응암,610,N,6호선,6086,2611,응암,610,N,09:48:10,09:48:40,,6065,하행,2025-05-01T05:00:00,,주말
6호선,2648,봉화산,647,,20250619,6호선,2611,응암,610,N,6호선,6086,2617,새절,616,N,09:50:00,09:50:30,,6065,하행,2025-05-01T05:00:00,,주말
6호선,2648,봉화산,647,,20250619,6호선,2611,응암,610,N,6호선,6086,2618,증산,617,N,09:51:50,09:52:10,,6065,하행,2025-05-01T05:00:00,,주말
6호선,2648,봉화산,647,,20250619,6호선,2611,응암,610,N,6호선,6086,2619,디지털미디어시티,618,N,09:53:30,09:54:10,,6065,하행,2025-05-01T05:00:00,,주말
6호선,2648,봉화산,647,,20250619,6호선,2611,응암,610,N,6호선,6086,2620,월드컵경기장,619,N,09:55:20,09:55:50,,6065,하행,2025-05-01T05:00:00,,주말
6호선,2648,봉화산,647,,20250619,6호선,2611,응암,610,N,6호선,6086,2621,마포구청,620,N,09:57:00,09:57:30,,6065,하행,2025-05-01T05:00:00,,주말
6호선,2648,봉화산,647,,20250619,6호선,2611,응암,610,N,6호선,6086,2622,망원,621,N,09:58:50,09:59:20,,6065,하행,2025-05-01T05:00:00,,주말
6호선,2648,봉화산,647,,20250619,6호선,2611,응암,610,N,6호선,6086,2623,합정,622,N,10:00:40,10:01:20,,6065,하행,2025-05-01T05:00:00,,주말
6호선,2648,봉화산,647,,20250619,6호선,2611,응암,610,N,6호선,6086,2624,상수,623,N,10:02:30,10:02:50,,6065,하행,2025-05-01T05:00:00,,주말
6호선,2648,봉화산,647,,20250619,6호선,2611,응암,610,N,6호선,6086,2625,광흥창,624,N,10:04:00,10:04:30,,6065,하행,2025-05-01T05:00:00,,주말
6호선,2648,봉화산,647,,20250619,6호선,2611,응암,610,N,6호선,6086,2626,대흥,625,N,10:06:00,10:06:30,,6065,하행,2025-05-01T05:00:00,,주말
6호선,2648,봉화산,647,,20250619,6호선,2611,응암,610,N,6호선,6086,2627,공덕,626,N,10:07:50,10:08:30,,6065,하행,2025-05-01T05:00:00,,주말
6호선,2648,봉화산,647,,20250619,6호선,2611,응암,610,N,6호선,6086,2628,효창공원앞,627,N,10:09:50,10:10:20,,6065,하행,2025-05-01T05:00:00,,주말
6호선,2648,봉화산,647,,20250619,6호선,2611,응암,610,N,6호선,6086,2629,삼각지,628,N,10:11:50,10:12:20,,6065,하행,2025-05-01T05:00:00,,주말
6호선,2648,봉화산,647,,20250619,6호선,2611,응암,610,N,6호선,6086,2630,녹사평,629,N,10:14:00,10:14:20,,6065,하행,2025-05-01T05:00:00,,주말
6호선,2648,봉화산,647,,20250619,6호선,2611,응암,610,N,6호선,6086,2631,이태원,630,N,10:15:30,10:16:00,,6065,하행,2025-05-01T05:00:00,,주말
6호선,2648,봉화산,647,,20250619,6호선,2611,응암,610,N,6호선,6086,2632,한강진,631,N,10:17:30,10:17:50,,6065,하행,2025-05-01T05:00:00,,주말
6호선,2648,봉화산,647,,20250619,6호선,2611,응암,610,N,6호선,6086,2633,버티고개,632,N,10:19:20,10:19:40,,6065,하행,2025-05-01T05:00:00,,주말
6호선,2648,봉화산,647,,20250619,6호선,2611,응암,610,N,6호선,6086,2634,약수,633,N,10:20:50,10:21:30,,6065,하행,2025-05-01T05:00:00,,주말
6호선,2648,봉화산,647,,20250619,6호선,2611,응암,610,N,6호선,6086,2635,청구,634,N,10:22:40,10:23:10,,6065,하행,2025-05-01T05:00:00,,주말
6호선,2648,봉화산,647,,20250619,6호선,2611,응암,610,N,6호선,6086,2636,신당,635,N,10:24:20,10:24:50,,6065,하행,2025-05-01T05:00:00,,주말
6호선,2648,봉화산,647,,20250619,6호선,2611,응암,610,N,6호선,6086,2637,동묘앞,636,N,10:25:50,10:26:20,,6065,하행,2025-05-01T05:00:00,,주말
6호선,2648,봉화산,647,,20250619,6호선,2611,응암,610,N,6호선,6086,2638,창신,637,N,10:27:40,10:28:10,,6065,하행,2025-05-01T05:00:00,,주말
6호선,2648,봉화산,647,,20250619,6호선,2611,응암,610,N,6호선,6086,2639,보문,638,N,10:29:20,10:29:50,,6065,하행,2025-05-01T05:00:00,,주말
6호선,2648,봉화산,647,,20250619,6호선,2611,응암,610,N,6호선,6086,2640,안암,639,N,10:31:00,10:31:30,,6065,하행,2025-05-01T05:00:00,,주말
6호선,2648,봉화산,647,,20250619,6호선,2611,응암,610,N,6호선,6086,2641,고려대,640,N,10:32:40,10:33:10,,6065,하행,2025-05-01T05:00:00,,주말
6호선,2648,봉화산,647,,20250619,6호선,2611,응암,610,N,6호선,6086,2642,월곡,641,N,10:34:50,10:35:20,,6065,하행,2025-05-01T05:00:00,,주말
6호선,2648,봉화산,647,,20250619,6호선,2611,응암,610,N,6호선,6086,2643,상월곡,642,N,10:36:30,10:37:00,,6065,하행,2025-05-01T05:00:00,,주말
6호선,2648,봉화산,647,,20250619,6호선,2611,응암,610,N,6호선,6086,2644,돌곶이,643,N,10:38:10,10:38:30,,6065,하행,2025-05-01T05:00:00,,주말
6호선,2648,봉화산,647,,20250619,6호선,2611,응암,610,N,6호선,6086,2645,석계,644,N,10:39:50,10:40:30,,6065,하행,2025-05-01T05:00:00,,주말
6호선,2648,봉화산,647,,20250619,6호선,2611,응암,610,N,6호선,6086,2646,태릉입구,645,N,10:41:40,10:42:10,,6065,하행,2025-05-01T05:00:00,,주말
6호선,2648,봉화산,647,,20250619,6호선,2611,응암,610,N,6호선,6086,2647,화랑대,646,N,10:43:20,10:43:50,,6065,하행,2025-05-01T05:00:00,,주말
6호선,2648,봉화산,647,,20250619,6호선,2611,응암,610,N,6호선,6086,2648,봉화산,647,N,10:45:10,,,6065,하행,2025-05-01T05:00:00,,주말
6호선,2649,신내,648,,20250619,6호선,2611,응암,610,N,6호선,6090,2611,응암,610,N,,09:45:00,,6067,하행,2025-05-01T05:00:00,,주말
6호선,2649,신내,648,,20250619,6호선,2611,응암,610,N,6호선,6090,2612,역촌,611,N,09:46:40,09:47:00,,6067,하행,2025-05-01T05:00:00,,주말
6호선,2649,신내,648,,20250619,6호선,2611,응암,610,N,6호선,6090,2613,불광,612,N,09:48:20,09:48:50,,6067,하행,2025-05-01T05:00:00,,주말
6호선,2649,신내,648,,20250619,6호선,2611,응암,610,N,6호선,6090,2614,독바위,613,N,09:50:10,09:50:30,,6067,하행,2025-05-01T05:00:00,,주말
6호선,2649,신내,648,,20250619,6호선,2611,응암,610,N,6호선,6090,2615,연신내,614,N,09:52:40,09:53:20,,6067,하행,2025-05-01T05:00:00,,주말
6호선,2649,신내,648,,20250619,6호선,2611,응암,610,N,6호선,6090,2616,구산,615,N,09:54:40,09:55:10,,6067,하행,2025-05-01T05:00:00,,주말
6호선,2649,신내,648,,20250619,6호선,2611,응암,610,N,6호선,6090,2611,응암,610,N,09:57:10,09:57:40,,6067,하행,2025-05-01T05:00:00,,주말
6호선,2649,신내,648,,20250619,6호선,2611,응암,610,N,6호선,6090,2617,새절,616,N,09:59:00,09:59:30,,6067,하행,2025-05-01T05:00:00,,주말
6호선,2649,신내,648,,20250619,6호선,2611,응암,610,N,6호선,6090,2618,증산,617,N,10:00:50,10:01:10,,6067,하행,2025-05-01T05:00:00,,주말
6호선,2649,신내,648,,20250619,6호선,2611,응암,610,N,6호선,6090,2619,디지털미디어시티,618,N,10:02:30,10:03:10,,6067,하행,2025-05-01T05:00:00,,주말
6호선,2649,신내,648,,20250619,6호선,2611,응암,610,N,6호선,6090,2620,월드컵경기장,619,N,10:04:20,10:04:50,,6067,하행,2025-05-01T05:00:00,,주말
6호선,2649,신내,648,,20250619,6호선,2611,응암,610,N,6호선,6090,2621,마포구청,620,N,10:06:00,10:06:30,,6067,하행,2025-05-01T05:00:00,,주말
6호선,2649,신내,648,,20250619,6호선,2611,응암,610,N,6호선,6090,2622,망원,621,N,10:07:50,10:08:20,,6067,하행,2025-05-01T05:00:00,,주말
6호선,2649,신내,648,,20250619,6호선,2611,응암,610,N,6호선,6090,2623,합정,622,N,10:09:40,10:10:20,,6067,하행,2025-05-01T05:00:00,,주말
6호선,2649,신내,648,,20250619,6호선,2611,응암,610,N,6호선,6090,2624,상수,623,N,10:11:30,10:11:50,,6067,하행,2025-05-01T05:00:00,,주말
6호선,2649,신내,648,,20250619,6호선,2611,응암,610,N,6호선,6090,2625,광흥창,624,N,10:13:00,10:13:30,,6067,하행,2025-05-01T05:00:00,,주말
6호선,2649,신내,648,,20250619,6호선,2611,응암,610,N,6호선,6090,2626,대흥,625,N,10:15:00,10:15:30,,6067,하행,2025-05-01T05:00:00,,주말
6호선,2649,신내,648,,20250619,6호선,2611,응암,610,N,6호선,6090,2627,공덕,626,N,10:16:50,10:17:30,,6067,하행,2025-05-01T05:00:00,,주말
6호선,2649,신내,648,,20250619,6호선,2611,응암,610,N,6호선,6090,2628,효창공원앞,627,N,10:18:50,10:19:20,,6067,하행,2025-05-01T05:00:00,,주말
6호선,2649,신내,648,,20250619,6호선,2611,응암,610,N,6호선,6090,2629,삼각지,628,N,10:20:50,10:21:20,,6067,하행,2025-05-01T05:00:00,,주말
6호선,2649,신내,648,,20250619,6호선,2611,응암,610,N,6호선,6090,2630,녹사평,629,N,10:23:00,10:23:20,,6067,하행,2025-05-01T05:00:00,,주말
6호선,2649,신내,648,,20250619,6호선,2611,응암,610,N,6호선,6090,2631,이태원,630,N,10:24:30,10:25:00,,6067,하행,2025-05-01T05:00:00,,주말
6호선,2649,신내,648,,20250619,6호선,2611,응암,610,N,6호선,6090,2632,한강진,631,N,10:26:30,10:26:50,,6067,하행,2025-05-01T05:00:00,,주말
6호선,2649,신내,648,,20250619,6호선,2611,응암,610,N,6호선,6090,2633,버티고개,632,N,10:28:20,10:28:40,,6067,하행,2025-05-01T05:00:00,,주말
6호선,2649,신내,648,,20250619,6호선,2611,응암,610,N,6호선,6090,2634,약수,633,N,10:29:50,10:30:30,,6067,하행,2025-05-01T05:00:00,,주말
6호선,2649,신내,648,,20250619,6호선,2611,응암,610,N,6호선,6090,2635,청구,634,N,10:31:40,10:32:10,,6067,하행,2025-05-01T05:00:00,,주말
6호선,2649,신내,648,,20250619,6호선,2611,응암,610,N,6호선,6090,2636,신당,635,N,10:33:20,10:33:50,,6067,하행,2025-05-01T05:00:00,,주말
6호선,2649,신내,648,,20250619,6호선,2611,응암,610,N,6호선,6090,2637,동묘앞,636,N,10:34:50,10:35:20,,6067,하행,2025-05-01T05:00:00,,주말
6호선,2649,신내,648,,20250619,6호선,2611,응암,610,N,6호선,6090,2638,창신,637,N,10:36:40,10:37:10,,6067,하행,2025-05-01T05:00:00,,주말
6호선,2649,신내,648,,20250619,6호선,2611,응암,610,N,6호선,6090,2639,보문,638,N,10:38:20,10:38:50,,6067,하행,2025-05-01T05:00:00,,주말
6호선,2649,신내,648,,20250619,6호선,2611,응암,610,N,6호선,6090,2640,안암,639,N,10:40:00,10:40:30,,6067,하행,2025-05-01T05:00:00,,주말
6호선,2649,신내,648,,20250619,6호선,2611,응암,610,N,6호선,6090,2641,고려대,640,N,10:41:40,10:42:10,,6067,하행,2025-05-01T05:00:00,,주말
6호선,2649,신내,648,,20250619,6호선,2611,응암,610,N,6호선,6090,2642,월곡,641,N,10:43:50,10:44:20,,6067,하행,2025-05-01T05:00:00,,주말
6호선,2649,신내,648,,20250619,6호선,2611,응암,610,N,6호선,6090,2643,상월곡,642,N,10:45:30,10:46:00,,6067,하행,2025-05-01T05:00:00,,주말
6호선,2649,신내,648,,20250619,6호선,2611,응암,610,N,6호선,6090,2644,돌곶이,643,N,10:47:10,10:47:30,,6067,하행,2025-05-01T05:00:00,,주말
6호선,2649,신내,648,,20250619,6호선,2611,응암,610,N,6호선,6090,2645,석계,644,N,10:48:50,10:49:30,,6067,하행,2025-05-01T05:00:00,,주말
6호선,2649,신내,648,,20250619,6호선,2611,응암,610,N,6호선,6090,2646,태릉입구,645,N,10:50:40,10:51:10,,6067,하행,2025-05-01T05:00:00,,주말
6호선,2649,신내,648,,20250619,6호선,2611,응암,610,N,6호선,6090,2647,화랑대,646,N,10:52:20,10:52:50,,6067,하행,2025-05-01T05:00:00,,주말
6호선,2649,신내,648,,20250619,6호선,2611,응암,610,N,6호선,6090,2648,봉화산,647,N,10:54:10,10:54:40,,6067,하행,2025-05-01T05:00:00,,주말
6호선,2649,신내,648,,20250619,6호선,2611,응암,610,N,6호선,6090,2649,신내,648,N,10:59:10,,,6067,하행,2025-05-01T05:00:00,,주말
6호선,2648,봉화산,647,,20250619,6호선,2611,응암,610,N,6호선,6088,2611,응암,610,N,,09:54:00,,6069,하행,2025-05-01T05:00:00,,주말
6호선,2648,봉화산,647,,20250619,6호선,2611,응암,610,N,6호선,6088,2612,역촌,611,N,09:55:40,09:56:00,,6069,하행,2025-05-01T05:00:00,,주말
6호선,2648,봉화산,647,,20250619,6호선,2611,응암,610,N,6호선,6088,2613,불광,612,N,09:57:20,09:57:50,,6069,하행,2025-05-01T05:00:00,,주말
6호선,2648,봉화산,647,,20250619,6호선,2611,응암,610,N,6호선,6088,2614,독바위,613,N,09:59:10,09:59:30,,6069,하행,2025-05-01T05:00:00,,주말
6호선,2648,봉화산,647,,20250619,6호선,2611,응암,610,N,6호선,6088,2615,연신내,614,N,10:01:40,10:02:20,,6069,하행,2025-05-01T05:00:00,,주말
6호선,2648,봉화산,647,,20250619,6호선,2611,응암,610,N,6호선,6088,2616,구산,615,N,10:03:40,10:04:10,,6069,하행,2025-05-01T05:00:00,,주말
6호선,2648,봉화산,647,,20250619,6호선,2611,응암,610,N,6호선,6088,2611,응암,610,N,10:06:10,10:06:40,,6069,하행,2025-05-01T05:00:00,,주말
6호선,2648,봉화산,647,,20250619,6호선,2611,응암,610,N,6호선,6088,2617,새절,616,N,10:08:00,10:08:30,,6069,하행,2025-05-01T05:00:00,,주말
6호선,2648,봉화산,647,,20250619,6호선,2611,응암,610,N,6호선,6088,2618,증산,617,N,10:09:50,10:10:10,,6069,하행,2025-05-01T05:00:00,,주말
6호선,2648,봉화산,647,,20250619,6호선,2611,응암,610,N,6호선,6088,2619,디지털미디어시티,618,N,10:11:30,10:12:10,,6069,하행,2025-05-01T05:00:00,,주말
6호선,2648,봉화산,647,,20250619,6호선,2611,응암,610,N,6호선,6088,2620,월드컵경기장,619,N,10:13:20,10:13:50,,6069,하행,2025-05-01T05:00:00,,주말
6호선,2648,봉화산,647,,20250619,6호선,2611,응암,610,N,6호선,6088,2621,마포구청,620,N,10:15:00,10:15:30,,6069,하행,2025-05-01T05:00:00,,주말
6호선,2648,봉화산,647,,20250619,6호선,2611,응암,610,N,6호선,6088,2622,망원,621,N,10:16:50,10:17:20,,6069,하행,2025-05-01T05:00:00,,주말
6호선,2648,봉화산,647,,20250619,6호선,2611,응암,610,N,6호선,6088,2623,합정,622,N,10:18:40,10:19:20,,6069,하행,2025-05-01T05:00:00,,주말
6호선,2648,봉화산,647,,20250619,6호선,2611,응암,610,N,6호선,6088,2624,상수,623,N,10:20:30,10:20:50,,6069,하행,2025-05-01T05:00:00,,주말
6호선,2648,봉화산,647,,20250619,6호선,2611,응암,610,N,6호선,6088,2625,광흥창,624,N,10:22:00,10:22:30,,6069,하행,2025-05-01T05:00:00,,주말
6호선,2648,봉화산,647,,20250619,6호선,2611,응암,610,N,6호선,6088,2626,대흥,625,N,10:24:00,10:24:30,,6069,하행,2025-05-01T05:00:00,,주말
6호선,2648,봉화산,647,,20250619,6호선,2611,응암,610,N,6호선,6088,2627,공덕,626,N,10:25:50,10:26:30,,6069,하행,2025-05-01T05:00:00,,주말
6호선,2648,봉화산,647,,20250619,6호선,2611,응암,610,N,6호선,6088,2628,효창공원앞,627,N,10:27:50,10:28:20,,6069,하행,2025-05-01T05:00:00,,주말
6호선,2648,봉화산,647,,20250619,6호선,2611,응암,610,N,6호선,6088,2629,삼각지,628,N,10:29:50,10:30:20,,6069,하행,2025-05-01T05:00:00,,주말
6호선,2648,봉화산,647,,20250619,6호선,2611,응암,610,N,6호선,6088,2630,녹사평,629,N,10:32:00,10:32:20,,6069,하행,2025-05-01T05:00:00,,주말
6호선,2648,봉화산,647,,20250619,6호선,2611,응암,610,N,6호선,6088,2631,이태원,630,N,10:33:30,10:34:00,,6069,하행,2025-05-01T05:00:00,,주말
6호선,2648,봉화산,647,,20250619,6호선,2611,응암,610,N,6호선,6088,2632,한강진,631,N,10:35:30,10:35:50,,6069,하행,2025-05-01T05:00:00,,주말
6호선,2648,봉화산,647,,20250619,6호선,2611,응암,610,N,6호선,6088,2633,버티고개,632,N,10:37:20,10:37:40,,6069,하행,2025-05-01T05:00:00,,주말
6호선,2648,봉화산,647,,20250619,6호선,2611,응암,610,N,6호선,6088,2634,약수,633,N,10:38:50,10:39:30,,6069,하행,2025-05-01T05:00:00,,주말
6호선,2648,봉화산,647,,20250619,6호선,2611,응암,610,N,6호선,6088,2635,청구,634,N,10:40:40,10:41:10,,6069,하행,2025-05-01T05:00:00,,주말
6호선,2648,봉화산,647,,20250619,6호선,2611,응암,610,N,6호선,6088,2636,신당,635,N,10:42:20,10:42:50,,6069,하행,2025-05-01T05:00:00,,주말
6호선,2648,봉화산,647,,20250619,6호선,2611,응암,610,N,6호선,6088,2637,동묘앞,636,N,10:43:50,10:44:20,,6069,하행,2025-05-01T05:00:00,,주말
6호선,2648,봉화산,647,,20250619,6호선,2611,응암,610,N,6호선,6088,2638,창신,637,N,10:45:40,10:46:10,,6069,하행,2025-05-01T05:00:00,,주말
6호선,2648,봉화산,647,,20250619,6호선,2611,응암,610,N,6호선,6088,2639,보문,638,N,10:47:20,10:47:50,,6069,하행,2025-05-01T05:00:00,,주말
6호선,2648,봉화산,647,,20250619,6호선,2611,응암,610,N,6호선,6088,2640,안암,639,N,10:49:00,10:49:30,,6069,하행,2025-05-01T05:00:00,,주말
6호선,2648,봉화산,647,,20250619,6호선,2611,응암,610,N,6호선,6088,2641,고려대,640,N,10:50:40,10:51:10,,6069,하행,2025-05-01T05:00:00,,주말
6호선,2648,봉화산,647,,20250619,6호선,2611,응암,610,N,6호선,6088,2642,월곡,641,N,10:52:50,10:53:20,,6069,하행,2025-05-01T05:00:00,,주말
6호선,2648,봉화산,647,,20250619,6호선,2611,응암,610,N,6호선,6088,2643,상월곡,642,N,10:54:30,10:55:00,,6069,하행,2025-05-01T05:00:00,,주말
6호선,2648,봉화산,647,,20250619,6호선,2611,응암,610,N,6호선,6088,2644,돌곶이,643,N,10:56:10,10:56:30,,6069,하행,2025-05-01T05:00:00,,주말
6호선,2648,봉화산,647,,20250619,6호선,2611,응암,610,N,6호선,6088,2645,석계,644,N,10:57:50,10:58:30,,6069,하행,2025-05-01T05:00:00,,주말
6호선,2648,봉화산,647,,20250619,6호선,2611,응암,610,N,6호선,6088,2646,태릉입구,645,N,10:59:40,11:00:10,,6069,하행,2025-05-01T05:00:00,,주말
6호선,2648,봉화산,647,,20250619,6호선,2611,응암,610,N,6호선,6088,2647,화랑대,646,N,11:01:20,11:01:50,,6069,하행,2025-05-01T05:00:00,,주말
6호선,2648,봉화산,647,,20250619,6호선,2611,응암,610,N,6호선,6088,2648,봉화산,647,N,11:03:10,,,6069,하행,2025-05-01T05:00:00,,주말
6호선,2648,봉화산,647,,20250619,6호선,2611,응암,610,N,6호선,6092,2611,응암,610,N,,10:03:00,,6071,하행,2025-05-01T05:00:00,,주말
6호선,2648,봉화산,647,,20250619,6호선,2611,응암,610,N,6호선,6092,2612,역촌,611,N,10:04:40,10:05:00,,6071,하행,2025-05-01T05:00:00,,주말
6호선,2648,봉화산,647,,20250619,6호선,2611,응암,610,N,6호선,6092,2613,불광,612,N,10:06:20,10:06:50,,6071,하행,2025-05-01T05:00:00,,주말
6호선,2648,봉화산,647,,20250619,6호선,2611,응암,610,N,6호선,6092,2614,독바위,613,N,10:08:10,10:08:30,,6071,하행,2025-05-01T05:00:00,,주말
6호선,2648,봉화산,647,,20250619,6호선,2611,응암,610,N,6호선,6092,2615,연신내,614,N,10:10:40,10:11:20,,6071,하행,2025-05-01T05:00:00,,주말
6호선,2648,봉화산,647,,20250619,6호선,2611,응암,610,N,6호선,6092,2616,구산,615,N,10:12:40,10:13:10,,6071,하행,2025-05-01T05:00:00,,주말
6호선,2648,봉화산,647,,20250619,6호선,2611,응암,610,N,6호선,6092,2611,응암,610,N,10:15:10,10:15:40,,6071,하행,2025-05-01T05:00:00,,주말
6호선,2648,봉화산,647,,20250619,6호선,2611,응암,610,N,6호선,6092,2617,새절,616,N,10:17:00,10:17:30,,6071,하행,2025-05-01T05:00:00,,주말
6호선,2648,봉화산,647,,20250619,6호선,2611,응암,610,N,6호선,6092,2618,증산,617,N,10:18:50,10:19:10,,6071,하행,2025-05-01T05:00:00,,주말
6호선,2648,봉화산,647,,20250619,6호선,2611,응암,610,N,6호선,6092,2619,디지털미디어시티,618,N,10:20:30,10:21:10,,6071,하행,2025-05-01T05:00:00,,주말
6호선,2648,봉화산,647,,20250619,6호선,2611,응암,610,N,6호선,6092,2620,월드컵경기장,619,N,10:22:20,10:22:50,,6071,하행,2025-05-01T05:00:00,,주말
6호선,2648,봉화산,647,,20250619,6호선,2611,응암,610,N,6호선,6092,2621,마포구청,620,N,10:24:00,10:24:30,,6071,하행,2025-05-01T05:00:00,,주말
6호선,2648,봉화산,647,,20250619,6호선,2611,응암,610,N,6호선,6092,2622,망원,621,N,10:25:50,10:26:20,,6071,하행,2025-05-01T05:00:00,,주말
6호선,2648,봉화산,647,,20250619,6호선,2611,응암,610,N,6호선,6092,2623,합정,622,N,10:27:40,10:28:20,,6071,하행,2025-05-01T05:00:00,,주말
6호선,2648,봉화산,647,,20250619,6호선,2611,응암,610,N,6호선,6092,2624,상수,623,N,10:29:30,10:29:50,,6071,하행,2025-05-01T05:00:00,,주말
6호선,2648,봉화산,647,,20250619,6호선,2611,응암,610,N,6호선,6092,2625,광흥창,624,N,10:31:00,10:31:30,,6071,하행,2025-05-01T05:00:00,,주말
6호선,2648,봉화산,647,,20250619,6호선,2611,응암,610,N,6호선,6092,2626,대흥,625,N,10:33:00,10:33:30,,6071,하행,2025-05-01T05:00:00,,주말
6호선,2648,봉화산,647,,20250619,6호선,2611,응암,610,N,6호선,6092,2627,공덕,626,N,10:34:50,10:35:30,,6071,하행,2025-05-01T05:00:00,,주말
6호선,2648,봉화산,647,,20250619,6호선,2611,응암,610,N,6호선,6092,2628,효창공원앞,627,N,10:36:50,10:37:20,,6071,하행,2025-05-01T05:00:00,,주말
6호선,2648,봉화산,647,,20250619,6호선,2611,응암,610,N,6호선,6092,2629,삼각지,628,N,10:38:50,10:39:20,,6071,하행,2025-05-01T05:00:00,,주말
6호선,2648,봉화산,647,,20250619,6호선,2611,응암,610,N,6호선,6092,2630,녹사평,629,N,10:41:00,10:41:20,,6071,하행,2025-05-01T05:00:00,,주말
6호선,2648,봉화산,647,,20250619,6호선,2611,응암,610,N,6호선,6092,2631,이태원,630,N,10:42:30,10:43:00,,6071,하행,2025-05-01T05:00:00,,주말
6호선,2648,봉화산,647,,20250619,6호선,2611,응암,610,N,6호선,6092,2632,한강진,631,N,10:44:30,10:44:50,,6071,하행,2025-05-01T05:00:00,,주말
6호선,2648,봉화산,647,,20250619,6호선,2611,응암,610,N,6호선,6092,2633,버티고개,632,N,10:46:20,10:46:40,,6071,하행,2025-05-01T05:00:00,,주말
6호선,2648,봉화산,647,,20250619,6호선,2611,응암,610,N,6호선,6092,2634,약수,633,N,10:47:50,10:48:30,,6071,하행,2025-05-01T05:00:00,,주말
6호선,2648,봉화산,647,,20250619,6호선,2611,응암,610,N,6호선,6092,2635,청구,634,N,10:49:40,10:50:10,,6071,하행,2025-05-01T05:00:00,,주말
6호선,2648,봉화산,647,,20250619,6호선,2611,응암,610,N,6호선,6092,2636,신당,635,N,10:51:20,10:51:50,,6071,하행,2025-05-01T05:00:00,,주말
6호선,2648,봉화산,647,,20250619,6호선,2611,응암,610,N,6호선,6092,2637,동묘앞,636,N,10:52:50,10:53:20,,6071,하행,2025-05-01T05:00:00,,주말
6호선,2648,봉화산,647,,20250619,6호선,2611,응암,610,N,6호선,6092,2638,창신,637,N,10:54:40,10:55:10,,6071,하행,2025-05-01T05:00:00,,주말
6호선,2648,봉화산,647,,20250619,6호선,2611,응암,610,N,6호선,6092,2639,보문,638,N,10:56:20,10:56:50,,6071,하행,2025-05-01T05:00:00,,주말
6호선,2648,봉화산,647,,20250619,6호선,2611,응암,610,N,6호선,6092,2640,안암,639,N,10:58:00,10:58:30,,6071,하행,2025-05-01T05:00:00,,주말
6호선,2648,봉화산,647,,20250619,6호선,2611,응암,610,N,6호선,6092,2641,고려대,640,N,10:59:40,11:00:10,,6071,하행,2025-05-01T05:00:00,,주말
6호선,2648,봉화산,647,,20250619,6호선,2611,응암,610,N,6호선,6092,2642,월곡,641,N,11:01:50,11:02:20,,6071,하행,2025-05-01T05:00:00,,주말
6호선,2648,봉화산,647,,20250619,6호선,2611,응암,610,N,6호선,6092,2643,상월곡,642,N,11:03:30,11:04:00,,6071,하행,2025-05-01T05:00:00,,주말
6호선,2648,봉화산,647,,20250619,6호선,2611,응암,610,N,6호선,6092,2644,돌곶이,643,N,11:05:10,11:05:30,,6071,하행,2025-05-01T05:00:00,,주말
6호선,2648,봉화산,647,,20250619,6호선,2611,응암,610,N,6호선,6092,2645,석계,644,N,11:06:50,11:07:30,,6071,하행,2025-05-01T05:00:00,,주말
6호선,2648,봉화산,647,,20250619,6호선,2611,응암,610,N,6호선,6092,2646,태릉입구,645,N,11:08:40,11:09:10,,6071,하행,2025-05-01T05:00:00,,주말
6호선,2648,봉화산,647,,20250619,6호선,2611,응암,610,N,6호선,6092,2647,화랑대,646,N,11:10:20,11:10:50,,6071,하행,2025-05-01T05:00:00,,주말
6호선,2648,봉화산,647,,20250619,6호선,2611,응암,610,N,6호선,6092,2648,봉화산,647,N,11:12:10,,,6071,하행,2025-05-01T05:00:00,,주말
6호선,2649,신내,648,,20250619,6호선,2611,응암,610,N,6호선,6096,2611,응암,610,N,,10:12:00,,6073,하행,2025-05-01T05:00:00,,주말
6호선,2649,신내,648,,20250619,6호선,2611,응암,610,N,6호선,6096,2612,역촌,611,N,10:13:40,10:14:00,,6073,하행,2025-05-01T05:00:00,,주말
6호선,2649,신내,648,,20250619,6호선,2611,응암,610,N,6호선,6096,2613,불광,612,N,10:15:20,10:15:50,,6073,하행,2025-05-01T05:00:00,,주말
6호선,2649,신내,648,,20250619,6호선,2611,응암,610,N,6호선,6096,2614,독바위,613,N,10:17:10,10:17:30,,6073,하행,2025-05-01T05:00:00,,주말
6호선,2649,신내,648,,20250619,6호선,2611,응암,610,N,6호선,6096,2615,연신내,614,N,10:19:40,10:20:20,,6073,하행,2025-05-01T05:00:00,,주말
6호선,2649,신내,648,,20250619,6호선,2611,응암,610,N,6호선,6096,2616,구산,615,N,10:21:40,10:22:10,,6073,하행,2025-05-01T05:00:00,,주말
6호선,2649,신내,648,,20250619,6호선,2611,응암,610,N,6호선,6096,2611,응암,610,N,10:24:10,10:24:40,,6073,하행,2025-05-01T05:00:00,,주말
6호선,2649,신내,648,,20250619,6호선,2611,응암,610,N,6호선,6096,2617,새절,616,N,10:26:00,10:26:30,,6073,하행,2025-05-01T05:00:00,,주말
6호선,2649,신내,648,,20250619,6호선,2611,응암,610,N,6호선,6096,2618,증산,617,N,10:27:50,10:28:10,,6073,하행,2025-05-01T05:00:00,,주말
6호선,2649,신내,648,,20250619,6호선,2611,응암,610,N,6호선,6096,2619,디지털미디어시티,618,N,10:29:30,10:30:10,,6073,하행,2025-05-01T05:00:00,,주말
6호선,2649,신내,648,,20250619,6호선,2611,응암,610,N,6호선,6096,2620,월드컵경기장,619,N,10:31:20,10:31:50,,6073,하행,2025-05-01T05:00:00,,주말
6호선,2649,신내,648,,20250619,6호선,2611,응암,610,N,6호선,6096,2621,마포구청,620,N,10:33:00,10:33:30,,6073,하행,2025-05-01T05:00:00,,주말
6호선,2649,신내,648,,20250619,6호선,2611,응암,610,N,6호선,6096,2622,망원,621,N,10:34:50,10:35:20,,6073,하행,2025-05-01T05:00:00,,주말
6호선,2649,신내,648,,20250619,6호선,2611,응암,610,N,6호선,6096,2623,합정,622,N,10:36:40,10:37:20,,6073,하행,2025-05-01T05:00:00,,주말
6호선,2649,신내,648,,20250619,6호선,2611,응암,610,N,6호선,6096,2624,상수,623,N,10:38:30,10:38:50,,6073,하행,2025-05-01T05:00:00,,주말
6호선,2649,신내,648,,20250619,6호선,2611,응암,610,N,6호선,6096,2625,광흥창,624,N,10:40:00,10:40:30,,6073,하행,2025-05-01T05:00:00,,주말
6호선,2649,신내,648,,20250619,6호선,2611,응암,610,N,6호선,6096,2626,대흥,625,N,10:42:00,10:42:30,,6073,하행,2025-05-01T05:00:00,,주말
6호선,2649,신내,648,,20250619,6호선,2611,응암,610,N,6호선,6096,2627,공덕,626,N,10:43:50,10:44:30,,6073,하행,2025-05-01T05:00:00,,주말
6호선,2649,신내,648,,20250619,6호선,2611,응암,610,N,6호선,6096,2628,효창공원앞,627,N,10:45:50,10:46:20,,6073,하행,2025-05-01T05:00:00,,주말
6호선,2649,신내,648,,20250619,6호선,2611,응암,610,N,6호선,6096,2629,삼각지,628,N,10:47:50,10:48:20,,6073,하행,2025-05-01T05:00:00,,주말
6호선,2649,신내,648,,20250619,6호선,2611,응암,610,N,6호선,6096,2630,녹사평,629,N,10:50:00,10:50:20,,6073,하행,2025-05-01T05:00:00,,주말
6호선,2649,신내,648,,20250619,6호선,2611,응암,610,N,6호선,6096,2631,이태원,630,N,10:51:30,10:52:00,,6073,하행,2025-05-01T05:00:00,,주말
6호선,2649,신내,648,,20250619,6호선,2611,응암,610,N,6호선,6096,2632,한강진,631,N,10:53:30,10:53:50,,6073,하행,2025-05-01T05:00:00,,주말
6호선,2649,신내,648,,20250619,6호선,2611,응암,610,N,6호선,6096,2633,버티고개,632,N,10:55:20,10:55:40,,6073,하행,2025-05-01T05:00:00,,주말
6호선,2649,신내,648,,20250619,6호선,2611,응암,610,N,6호선,6096,2634,약수,633,N,10:56:50,10:57:30,,6073,하행,2025-05-01T05:00:00,,주말
6호선,2649,신내,648,,20250619,6호선,2611,응암,610,N,6호선,6096,2635,청구,634,N,10:58:40,10:59:10,,6073,하행,2025-05-01T05:00:00,,주말
6호선,2649,신내,648,,20250619,6호선,2611,응암,610,N,6호선,6096,2636,신당,635,N,11:00:20,11:00:50,,6073,하행,2025-05-01T05:00:00,,주말
6호선,2649,신내,648,,20250619,6호선,2611,응암,610,N,6호선,6096,2637,동묘앞,636,N,11:01:50,11:02:20,,6073,하행,2025-05-01T05:00:00,,주말
6호선,2649,신내,648,,20250619,6호선,2611,응암,610,N,6호선,6096,2638,창신,637,N,11:03:40,11:04:10,,6073,하행,2025-05-01T05:00:00,,주말
6호선,2649,신내,648,,20250619,6호선,2611,응암,610,N,6호선,6096,2639,보문,638,N,11:05:20,11:05:50,,6073,하행,2025-05-01T05:00:00,,주말
6호선,2649,신내,648,,20250619,6호선,2611,응암,610,N,6호선,6096,2640,안암,639,N,11:07:00,11:07:30,,6073,하행,2025-05-01T05:00:00,,주말
6호선,2649,신내,648,,20250619,6호선,2611,응암,610,N,6호선,6096,2641,고려대,640,N,11:08:40,11:09:10,,6073,하행,2025-05-01T05:00:00,,주말
6호선,2649,신내,648,,20250619,6호선,2611,응암,610,N,6호선,6096,2642,월곡,641,N,11:10:50,11:11:20,,6073,하행,2025-05-01T05:00:00,,주말
6호선,2649,신내,648,,20250619,6호선,2611,응암,610,N,6호선,6096,2643,상월곡,642,N,11:12:30,11:13:00,,6073,하행,2025-05-01T05:00:00,,주말
6호선,2649,신내,648,,20250619,6호선,2611,응암,610,N,6호선,6096,2644,돌곶이,643,N,11:14:10,11:14:30,,6073,하행,2025-05-01T05:00:00,,주말
6호선,2649,신내,648,,20250619,6호선,2611,응암,610,N,6호선,6096,2645,석계,644,N,11:15:50,11:16:30,,6073,하행,2025-05-01T05:00:00,,주말
6호선,2649,신내,648,,20250619,6호선,2611,응암,610,N,6호선,6096,2646,태릉입구,645,N,11:17:40,11:18:10,,6073,하행,2025-05-01T05:00:00,,주말
6호선,2649,신내,648,,20250619,6호선,2611,응암,610,N,6호선,6096,2647,화랑대,646,N,11:19:20,11:19:50,,6073,하행,2025-05-01T05:00:00,,주말
6호선,2649,신내,648,,20250619,6호선,2611,응암,610,N,6호선,6096,2648,봉화산,647,N,11:21:10,11:21:40,,6073,하행,2025-05-01T05:00:00,,주말
6호선,2649,신내,648,,20250619,6호선,2611,응암,610,N,6호선,6096,2649,신내,648,N,11:26:10,,,6073,하행,2025-05-01T05:00:00,,주말
6호선,2648,봉화산,647,,20250619,6호선,2611,응암,610,N,6호선,6094,2611,응암,610,N,,10:21:00,,6075,하행,2025-05-01T05:00:00,,주말
6호선,2648,봉화산,647,,20250619,6호선,2611,응암,610,N,6호선,6094,2612,역촌,611,N,10:22:40,10:23:00,,6075,하행,2025-05-01T05:00:00,,주말
6호선,2648,봉화산,647,,20250619,6호선,2611,응암,610,N,6호선,6094,2613,불광,612,N,10:24:20,10:24:50,,6075,하행,2025-05-01T05:00:00,,주말
6호선,2648,봉화산,647,,20250619,6호선,2611,응암,610,N,6호선,6094,2614,독바위,613,N,10:26:10,10:26:30,,6075,하행,2025-05-01T05:00:00,,주말
6호선,2648,봉화산,647,,20250619,6호선,2611,응암,610,N,6호선,6094,2615,연신내,614,N,10:28:40,10:29:20,,6075,하행,2025-05-01T05:00:00,,주말
6호선,2648,봉화산,647,,20250619,6호선,2611,응암,610,N,6호선,6094,2616,구산,615,N,10:30:40,10:31:10,,6075,하행,2025-05-01T05:00:00,,주말
6호선,2648,봉화산,647,,20250619,6호선,2611,응암,610,N,6호선,6094,2611,응암,610,N,10:33:10,10:33:40,,6075,하행,2025-05-01T05:00:00,,주말
6호선,2648,봉화산,647,,20250619,6호선,2611,응암,610,N,6호선,6094,2617,새절,616,N,10:35:00,10:35:30,,6075,하행,2025-05-01T05:00:00,,주말
6호선,2648,봉화산,647,,20250619,6호선,2611,응암,610,N,6호선,6094,2618,증산,617,N,10:36:50,10:37:10,,6075,하행,2025-05-01T05:00:00,,주말
6호선,2648,봉화산,647,,20250619,6호선,2611,응암,610,N,6호선,6094,2619,디지털미디어시티,618,N,10:38:30,10:39:10,,6075,하행,2025-05-01T05:00:00,,주말
6호선,2648,봉화산,647,,20250619,6호선,2611,응암,610,N,6호선,6094,2620,월드컵경기장,619,N,10:40:20,10:40:50,,6075,하행,2025-05-01T05:00:00,,주말
6호선,2648,봉화산,647,,20250619,6호선,2611,응암,610,N,6호선,6094,2621,마포구청,620,N,10:42:00,10:42:30,,6075,하행,2025-05-01T05:00:00,,주말
6호선,2648,봉화산,647,,20250619,6호선,2611,응암,610,N,6호선,6094,2622,망원,621,N,10:43:50,10:44:20,,6075,하행,2025-05-01T05:00:00,,주말
6호선,2648,봉화산,647,,20250619,6호선,2611,응암,610,N,6호선,6094,2623,합정,622,N,10:45:40,10:46:20,,6075,하행,2025-05-01T05:00:00,,주말
6호선,2648,봉화산,647,,20250619,6호선,2611,응암,610,N,6호선,6094,2624,상수,623,N,10:47:30,10:47:50,,6075,하행,2025-05-01T05:00:00,,주말
6호선,2648,봉화산,647,,20250619,6호선,2611,응암,610,N,6호선,6094,2625,광흥창,624,N,10:49:00,10:49:30,,6075,하행,2025-05-01T05:00:00,,주말
6호선,2648,봉화산,647,,20250619,6호선,2611,응암,610,N,6호선,6094,2626,대흥,625,N,10:51:00,10:51:30,,6075,하행,2025-05-01T05:00:00,,주말
6호선,2648,봉화산,647,,20250619,6호선,2611,응암,610,N,6호선,6094,2627,공덕,626,N,10:52:50,10:53:30,,6075,하행,2025-05-01T05:00:00,,주말
6호선,2648,봉화산,647,,20250619,6호선,2611,응암,610,N,6호선,6094,2628,효창공원앞,627,N,10:54:50,10:55:20,,6075,하행,2025-05-01T05:00:00,,주말
6호선,2648,봉화산,647,,20250619,6호선,2611,응암,610,N,6호선,6094,2629,삼각지,628,N,10:56:50,10:57:20,,6075,하행,2025-05-01T05:00:00,,주말
6호선,2648,봉화산,647,,20250619,6호선,2611,응암,610,N,6호선,6094,2630,녹사평,629,N,10:59:00,10:59:20,,6075,하행,2025-05-01T05:00:00,,주말
6호선,2648,봉화산,647,,20250619,6호선,2611,응암,610,N,6호선,6094,2631,이태원,630,N,11:00:30,11:01:00,,6075,하행,2025-05-01T05:00:00,,주말
6호선,2648,봉화산,647,,20250619,6호선,2611,응암,610,N,6호선,6094,2632,한강진,631,N,11:02:30,11:02:50,,6075,하행,2025-05-01T05:00:00,,주말
6호선,2648,봉화산,647,,20250619,6호선,2611,응암,610,N,6호선,6094,2633,버티고개,632,N,11:04:20,11:04:40,,6075,하행,2025-05-01T05:00:00,,주말
6호선,2648,봉화산,647,,20250619,6호선,2611,응암,610,N,6호선,6094,2634,약수,633,N,11:05:50,11:06:30,,6075,하행,2025-05-01T05:00:00,,주말
6호선,2648,봉화산,647,,20250619,6호선,2611,응암,610,N,6호선,6094,2635,청구,634,N,11:07:40,11:08:10,,6075,하행,2025-05-01T05:00:00,,주말
6호선,2648,봉화산,647,,20250619,6호선,2611,응암,610,N,6호선,6094,2636,신당,635,N,11:09:20,11:09:50,,6075,하행,2025-05-01T05:00:00,,주말
6호선,2648,봉화산,647,,20250619,6호선,2611,응암,610,N,6호선,6094,2637,동묘앞,636,N,11:10:50,11:11:20,,6075,하행,2025-05-01T05:00:00,,주말
6호선,2648,봉화산,647,,20250619,6호선,2611,응암,610,N,6호선,6094,2638,창신,637,N,11:12:40,11:13:10,,6075,하행,2025-05-01T05:00:00,,주말
6호선,2648,봉화산,647,,20250619,6호선,2611,응암,610,N,6호선,6094,2639,보문,638,N,11:14:20,11:14:50,,6075,하행,2025-05-01T05:00:00,,주말
6호선,2648,봉화산,647,,20250619,6호선,2611,응암,610,N,6호선,6094,2640,안암,639,N,11:16:00,11:16:30,,6075,하행,2025-05-01T05:00:00,,주말
6호선,2648,봉화산,647,,20250619,6호선,2611,응암,610,N,6호선,6094,2641,고려대,640,N,11:17:40,11:18:10,,6075,하행,2025-05-01T05:00:00,,주말
6호선,2648,봉화산,647,,20250619,6호선,2611,응암,610,N,6호선,6094,2642,월곡,641,N,11:19:50,11:20:20,,6075,하행,2025-05-01T05:00:00,,주말
6호선,2648,봉화산,647,,20250619,6호선,2611,응암,610,N,6호선,6094,2643,상월곡,642,N,11:21:30,11:22:00,,6075,하행,2025-05-01T05:00:00,,주말
6호선,2648,봉화산,647,,20250619,6호선,2611,응암,610,N,6호선,6094,2644,돌곶이,643,N,11:23:10,11:23:30,,6075,하행,2025-05-01T05:00:00,,주말
6호선,2648,봉화산,647,,20250619,6호선,2611,응암,610,N,6호선,6094,2645,석계,644,N,11:24:50,11:25:30,,6075,하행,2025-05-01T05:00:00,,주말
6호선,2648,봉화산,647,,20250619,6호선,2611,응암,610,N,6호선,6094,2646,태릉입구,645,N,11:26:40,11:27:10,,6075,하행,2025-05-01T05:00:00,,주말
6호선,2648,봉화산,647,,20250619,6호선,2611,응암,610,N,6호선,6094,2647,화랑대,646,N,11:28:20,11:28:50,,6075,하행,2025-05-01T05:00:00,,주말
6호선,2648,봉화산,647,,20250619,6호선,2611,응암,610,N,6호선,6094,2648,봉화산,647,N,11:30:10,,,6075,하행,2025-05-01T05:00:00,,주말
6호선,2648,봉화산,647,,20250619,6호선,2611,응암,610,N,6호선,6098,2611,응암,610,N,,10:30:00,,6077,하행,2025-05-01T05:00:00,,주말
6호선,2648,봉화산,647,,20250619,6호선,2611,응암,610,N,6호선,6098,2612,역촌,611,N,10:31:40,10:32:00,,6077,하행,2025-05-01T05:00:00,,주말
6호선,2648,봉화산,647,,20250619,6호선,2611,응암,610,N,6호선,6098,2613,불광,612,N,10:33:20,10:33:50,,6077,하행,2025-05-01T05:00:00,,주말
6호선,2648,봉화산,647,,20250619,6호선,2611,응암,610,N,6호선,6098,2614,독바위,613,N,10:35:10,10:35:30,,6077,하행,2025-05-01T05:00:00,,주말
6호선,2648,봉화산,647,,20250619,6호선,2611,응암,610,N,6호선,6098,2615,연신내,614,N,10:37:40,10:38:20,,6077,하행,2025-05-01T05:00:00,,주말
6호선,2648,봉화산,647,,20250619,6호선,2611,응암,610,N,6호선,6098,2616,구산,615,N,10:39:40,10:40:10,,6077,하행,2025-05-01T05:00:00,,주말
6호선,2648,봉화산,647,,20250619,6호선,2611,응암,610,N,6호선,6098,2611,응암,610,N,10:42:10,10:42:40,,6077,하행,2025-05-01T05:00:00,,주말
6호선,2648,봉화산,647,,20250619,6호선,2611,응암,610,N,6호선,6098,2617,새절,616,N,10:44:00,10:44:30,,6077,하행,2025-05-01T05:00:00,,주말
6호선,2648,봉화산,647,,20250619,6호선,2611,응암,610,N,6호선,6098,2618,증산,617,N,10:45:50,10:46:10,,6077,하행,2025-05-01T05:00:00,,주말
6호선,2648,봉화산,647,,20250619,6호선,2611,응암,610,N,6호선,6098,2619,디지털미디어시티,618,N,10:47:30,10:48:10,,6077,하행,2025-05-01T05:00:00,,주말
6호선,2648,봉화산,647,,20250619,6호선,2611,응암,610,N,6호선,6098,2620,월드컵경기장,619,N,10:49:20,10:49:50,,6077,하행,2025-05-01T05:00:00,,주말
6호선,2648,봉화산,647,,20250619,6호선,2611,응암,610,N,6호선,6098,2621,마포구청,620,N,10:51:00,10:51:30,,6077,하행,2025-05-01T05:00:00,,주말
6호선,2648,봉화산,647,,20250619,6호선,2611,응암,610,N,6호선,6098,2622,망원,621,N,10:52:50,10:53:20,,6077,하행,2025-05-01T05:00:00,,주말
6호선,2648,봉화산,647,,20250619,6호선,2611,응암,610,N,6호선,6098,2623,합정,622,N,10:54:40,10:55:20,,6077,하행,2025-05-01T05:00:00,,주말
6호선,2648,봉화산,647,,20250619,6호선,2611,응암,610,N,6호선,6098,2624,상수,623,N,10:56:30,10:56:50,,6077,하행,2025-05-01T05:00:00,,주말
6호선,2648,봉화산,647,,20250619,6호선,2611,응암,610,N,6호선,6098,2625,광흥창,624,N,10:58:00,10:58:30,,6077,하행,2025-05-01T05:00:00,,주말
6호선,2648,봉화산,647,,20250619,6호선,2611,응암,610,N,6호선,6098,2626,대흥,625,N,11:00:00,11:00:30,,6077,하행,2025-05-01T05:00:00,,주말
6호선,2648,봉화산,647,,20250619,6호선,2611,응암,610,N,6호선,6098,2627,공덕,626,N,11:01:50,11:02:30,,6077,하행,2025-05-01T05:00:00,,주말
6호선,2648,봉화산,647,,20250619,6호선,2611,응암,610,N,6호선,6098,2628,효창공원앞,627,N,11:03:50,11:04:20,,6077,하행,2025-05-01T05:00:00,,주말
6호선,2648,봉화산,647,,20250619,6호선,2611,응암,610,N,6호선,6098,2629,삼각지,628,N,11:05:50,11:06:20,,6077,하행,2025-05-01T05:00:00,,주말
6호선,2648,봉화산,647,,20250619,6호선,2611,응암,610,N,6호선,6098,2630,녹사평,629,N,11:08:00,11:08:20,,6077,하행,2025-05-01T05:00:00,,주말
6호선,2648,봉화산,647,,20250619,6호선,2611,응암,610,N,6호선,6098,2631,이태원,630,N,11:09:30,11:10:00,,6077,하행,2025-05-01T05:00:00,,주말
6호선,2648,봉화산,647,,20250619,6호선,2611,응암,610,N,6호선,6098,2632,한강진,631,N,11:11:30,11:11:50,,6077,하행,2025-05-01T05:00:00,,주말
6호선,2648,봉화산,647,,20250619,6호선,2611,응암,610,N,6호선,6098,2633,버티고개,632,N,11:13:20,11:13:40,,6077,하행,2025-05-01T05:00:00,,주말
6호선,2648,봉화산,647,,20250619,6호선,2611,응암,610,N,6호선,6098,2634,약수,633,N,11:14:50,11:15:30,,6077,하행,2025-05-01T05:00:00,,주말
6호선,2648,봉화산,647,,20250619,6호선,2611,응암,610,N,6호선,6098,2635,청구,634,N,11:16:40,11:17:10,,6077,하행,2025-05-01T05:00:00,,주말
6호선,2648,봉화산,647,,20250619,6호선,2611,응암,610,N,6호선,6098,2636,신당,635,N,11:18:20,11:18:50,,6077,하행,2025-05-01T05:00:00,,주말
6호선,2648,봉화산,647,,20250619,6호선,2611,응암,610,N,6호선,6098,2637,동묘앞,636,N,11:19:50,11:20:20,,6077,하행,2025-05-01T05:00:00,,주말
6호선,2648,봉화산,647,,20250619,6호선,2611,응암,610,N,6호선,6098,2638,창신,637,N,11:21:40,11:22:10,,6077,하행,2025-05-01T05:00:00,,주말
6호선,2648,봉화산,647,,20250619,6호선,2611,응암,610,N,6호선,6098,2639,보문,638,N,11:23:20,11:23:50,,6077,하행,2025-05-01T05:00:00,,주말
6호선,2648,봉화산,647,,20250619,6호선,2611,응암,610,N,6호선,6098,2640,안암,639,N,11:25:00,11:25:30,,6077,하행,2025-05-01T05:00:00,,주말
6호선,2648,봉화산,647,,20250619,6호선,2611,응암,610,N,6호선,6098,2641,고려대,640,N,11:26:40,11:27:10,,6077,하행,2025-05-01T05:00:00,,주말
6호선,2648,봉화산,647,,20250619,6호선,2611,응암,610,N,6호선,6098,2642,월곡,641,N,11:28:50,11:29:20,,6077,하행,2025-05-01T05:00:00,,주말
6호선,2648,봉화산,647,,20250619,6호선,2611,응암,610,N,6호선,6098,2643,상월곡,642,N,11:30:30,11:31:00,,6077,하행,2025-05-01T05:00:00,,주말
6호선,2648,봉화산,647,,20250619,6호선,2611,응암,610,N,6호선,6098,2644,돌곶이,643,N,11:32:10,11:32:30,,6077,하행,2025-05-01T05:00:00,,주말
6호선,2648,봉화산,647,,20250619,6호선,2611,응암,610,N,6호선,6098,2645,석계,644,N,11:33:50,11:34:30,,6077,하행,2025-05-01T05:00:00,,주말
6호선,2648,봉화산,647,,20250619,6호선,2611,응암,610,N,6호선,6098,2646,태릉입구,645,N,11:35:40,11:36:10,,6077,하행,2025-05-01T05:00:00,,주말
6호선,2648,봉화산,647,,20250619,6호선,2611,응암,610,N,6호선,6098,2647,화랑대,646,N,11:37:20,11:37:50,,6077,하행,2025-05-01T05:00:00,,주말
6호선,2648,봉화산,647,,20250619,6호선,2611,응암,610,N,6호선,6098,2648,봉화산,647,N,11:39:10,,,6077,하행,2025-05-01T05:00:00,,주말
6호선,2649,신내,648,,20250619,6호선,2611,응암,610,N,6호선,6102,2611,응암,610,N,,10:39:00,,6079,하행,2025-05-01T05:00:00,,주말
6호선,2649,신내,648,,20250619,6호선,2611,응암,610,N,6호선,6102,2612,역촌,611,N,10:40:40,10:41:00,,6079,하행,2025-05-01T05:00:00,,주말
6호선,2649,신내,648,,20250619,6호선,2611,응암,610,N,6호선,6102,2613,불광,612,N,10:42:20,10:42:50,,6079,하행,2025-05-01T05:00:00,,주말
6호선,2649,신내,648,,20250619,6호선,2611,응암,610,N,6호선,6102,2614,독바위,613,N,10:44:10,10:44:30,,6079,하행,2025-05-01T05:00:00,,주말
6호선,2649,신내,648,,20250619,6호선,2611,응암,610,N,6호선,6102,2615,연신내,614,N,10:46:40,10:47:20,,6079,하행,2025-05-01T05:00:00,,주말
6호선,2649,신내,648,,20250619,6호선,2611,응암,610,N,6호선,6102,2616,구산,615,N,10:48:40,10:49:10,,6079,하행,2025-05-01T05:00:00,,주말
6호선,2649,신내,648,,20250619,6호선,2611,응암,610,N,6호선,6102,2611,응암,610,N,10:51:10,10:51:40,,6079,하행,2025-05-01T05:00:00,,주말
6호선,2649,신내,648,,20250619,6호선,2611,응암,610,N,6호선,6102,2617,새절,616,N,10:53:00,10:53:30,,6079,하행,2025-05-01T05:00:00,,주말
6호선,2649,신내,648,,20250619,6호선,2611,응암,610,N,6호선,6102,2618,증산,617,N,10:54:50,10:55:10,,6079,하행,2025-05-01T05:00:00,,주말
6호선,2649,신내,648,,20250619,6호선,2611,응암,610,N,6호선,6102,2619,디지털미디어시티,618,N,10:56:30,10:57:10,,6079,하행,2025-05-01T05:00:00,,주말
6호선,2649,신내,648,,20250619,6호선,2611,응암,610,N,6호선,6102,2620,월드컵경기장,619,N,10:58:20,10:58:50,,6079,하행,2025-05-01T05:00:00,,주말
6호선,2649,신내,648,,20250619,6호선,2611,응암,610,N,6호선,6102,2621,마포구청,620,N,11:00:00,11:00:30,,6079,하행,2025-05-01T05:00:00,,주말
6호선,2649,신내,648,,20250619,6호선,2611,응암,610,N,6호선,6102,2622,망원,621,N,11:01:50,11:02:20,,6079,하행,2025-05-01T05:00:00,,주말
6호선,2649,신내,648,,20250619,6호선,2611,응암,610,N,6호선,6102,2623,합정,622,N,11:03:40,11:04:20,,6079,하행,2025-05-01T05:00:00,,주말
6호선,2649,신내,648,,20250619,6호선,2611,응암,610,N,6호선,6102,2624,상수,623,N,11:05:30,11:05:50,,6079,하행,2025-05-01T05:00:00,,주말
6호선,2649,신내,648,,20250619,6호선,2611,응암,610,N,6호선,6102,2625,광흥창,624,N,11:07:00,11:07:30,,6079,하행,2025-05-01T05:00:00,,주말
6호선,2649,신내,648,,20250619,6호선,2611,응암,610,N,6호선,6102,2626,대흥,625,N,11:09:00,11:09:30,,6079,하행,2025-05-01T05:00:00,,주말
6호선,2649,신내,648,,20250619,6호선,2611,응암,610,N,6호선,6102,2627,공덕,626,N,11:10:50,11:11:30,,6079,하행,2025-05-01T05:00:00,,주말
6호선,2649,신내,648,,20250619,6호선,2611,응암,610,N,6호선,6102,2628,효창공원앞,627,N,11:12:50,11:13:20,,6079,하행,2025-05-01T05:00:00,,주말
6호선,2649,신내,648,,20250619,6호선,2611,응암,610,N,6호선,6102,2629,삼각지,628,N,11:14:50,11:15:20,,6079,하행,2025-05-01T05:00:00,,주말
6호선,2649,신내,648,,20250619,6호선,2611,응암,610,N,6호선,6102,2630,녹사평,629,N,11:17:00,11:17:20,,6079,하행,2025-05-01T05:00:00,,주말
6호선,2649,신내,648,,20250619,6호선,2611,응암,610,N,6호선,6102,2631,이태원,630,N,11:18:30,11:19:00,,6079,하행,2025-05-01T05:00:00,,주말
6호선,2649,신내,648,,20250619,6호선,2611,응암,610,N,6호선,6102,2632,한강진,631,N,11:20:30,11:20:50,,6079,하행,2025-05-01T05:00:00,,주말
6호선,2649,신내,648,,20250619,6호선,2611,응암,610,N,6호선,6102,2633,버티고개,632,N,11:22:20,11:22:40,,6079,하행,2025-05-01T05:00:00,,주말
6호선,2649,신내,648,,20250619,6호선,2611,응암,610,N,6호선,6102,2634,약수,633,N,11:23:50,11:24:30,,6079,하행,2025-05-01T05:00:00,,주말
6호선,2649,신내,648,,20250619,6호선,2611,응암,610,N,6호선,6102,2635,청구,634,N,11:25:40,11:26:10,,6079,하행,2025-05-01T05:00:00,,주말
6호선,2649,신내,648,,20250619,6호선,2611,응암,610,N,6호선,6102,2636,신당,635,N,11:27:20,11:27:50,,6079,하행,2025-05-01T05:00:00,,주말
6호선,2649,신내,648,,20250619,6호선,2611,응암,610,N,6호선,6102,2637,동묘앞,636,N,11:28:50,11:29:20,,6079,하행,2025-05-01T05:00:00,,주말
6호선,2649,신내,648,,20250619,6호선,2611,응암,610,N,6호선,6102,2638,창신,637,N,11:30:40,11:31:10,,6079,하행,2025-05-01T05:00:00,,주말
6호선,2649,신내,648,,20250619,6호선,2611,응암,610,N,6호선,6102,2639,보문,638,N,11:32:20,11:32:50,,6079,하행,2025-05-01T05:00:00,,주말
6호선,2649,신내,648,,20250619,6호선,2611,응암,610,N,6호선,6102,2640,안암,639,N,11:34:00,11:34:30,,6079,하행,2025-05-01T05:00:00,,주말
6호선,2649,신내,648,,20250619,6호선,2611,응암,610,N,6호선,6102,2641,고려대,640,N,11:35:40,11:36:10,,6079,하행,2025-05-01T05:00:00,,주말
6호선,2649,신내,648,,20250619,6호선,2611,응암,610,N,6호선,6102,2642,월곡,641,N,11:37:50,11:38:20,,6079,하행,2025-05-01T05:00:00,,주말
6호선,2649,신내,648,,20250619,6호선,2611,응암,610,N,6호선,6102,2643,상월곡,642,N,11:39:30,11:40:00,,6079,하행,2025-05-01T05:00:00,,주말
6호선,2649,신내,648,,20250619,6호선,2611,응암,610,N,6호선,6102,2644,돌곶이,643,N,11:41:10,11:41:30,,6079,하행,2025-05-01T05:00:00,,주말
6호선,2649,신내,648,,20250619,6호선,2611,응암,610,N,6호선,6102,2645,석계,644,N,11:42:50,11:43:30,,6079,하행,2025-05-01T05:00:00,,주말
6호선,2649,신내,648,,20250619,6호선,2611,응암,610,N,6호선,6102,2646,태릉입구,645,N,11:44:40,11:45:10,,6079,하행,2025-05-01T05:00:00,,주말
6호선,2649,신내,648,,20250619,6호선,2611,응암,610,N,6호선,6102,2647,화랑대,646,N,11:46:20,11:46:50,,6079,하행,2025-05-01T05:00:00,,주말
6호선,2649,신내,648,,20250619,6호선,2611,응암,610,N,6호선,6102,2648,봉화산,647,N,11:48:10,11:48:40,,6079,하행,2025-05-01T05:00:00,,주말
6호선,2649,신내,648,,20250619,6호선,2611,응암,610,N,6호선,6102,2649,신내,648,N,11:53:10,,,6079,하행,2025-05-01T05:00:00,,주말
6호선,2648,봉화산,647,,20250619,6호선,2611,응암,610,N,6호선,6100,2611,응암,610,N,,10:48:00,,6081,하행,2025-05-01T05:00:00,,주말
6호선,2648,봉화산,647,,20250619,6호선,2611,응암,610,N,6호선,6100,2612,역촌,611,N,10:49:40,10:50:00,,6081,하행,2025-05-01T05:00:00,,주말
6호선,2648,봉화산,647,,20250619,6호선,2611,응암,610,N,6호선,6100,2613,불광,612,N,10:51:20,10:51:50,,6081,하행,2025-05-01T05:00:00,,주말
6호선,2648,봉화산,647,,20250619,6호선,2611,응암,610,N,6호선,6100,2614,독바위,613,N,10:53:10,10:53:30,,6081,하행,2025-05-01T05:00:00,,주말
6호선,2648,봉화산,647,,20250619,6호선,2611,응암,610,N,6호선,6100,2615,연신내,614,N,10:55:40,10:56:20,,6081,하행,2025-05-01T05:00:00,,주말
6호선,2648,봉화산,647,,20250619,6호선,2611,응암,610,N,6호선,6100,2616,구산,615,N,10:57:40,10:58:10,,6081,하행,2025-05-01T05:00:00,,주말
6호선,2648,봉화산,647,,20250619,6호선,2611,응암,610,N,6호선,6100,2611,응암,610,N,11:00:10,11:00:40,,6081,하행,2025-05-01T05:00:00,,주말
6호선,2648,봉화산,647,,20250619,6호선,2611,응암,610,N,6호선,6100,2617,새절,616,N,11:02:00,11:02:30,,6081,하행,2025-05-01T05:00:00,,주말
6호선,2648,봉화산,647,,20250619,6호선,2611,응암,610,N,6호선,6100,2618,증산,617,N,11:03:50,11:04:10,,6081,하행,2025-05-01T05:00:00,,주말
6호선,2648,봉화산,647,,20250619,6호선,2611,응암,610,N,6호선,6100,2619,디지털미디어시티,618,N,11:05:30,11:06:10,,6081,하행,2025-05-01T05:00:00,,주말
6호선,2648,봉화산,647,,20250619,6호선,2611,응암,610,N,6호선,6100,2620,월드컵경기장,619,N,11:07:20,11:07:50,,6081,하행,2025-05-01T05:00:00,,주말
6호선,2648,봉화산,647,,20250619,6호선,2611,응암,610,N,6호선,6100,2621,마포구청,620,N,11:09:00,11:09:30,,6081,하행,2025-05-01T05:00:00,,주말
6호선,2648,봉화산,647,,20250619,6호선,2611,응암,610,N,6호선,6100,2622,망원,621,N,11:10:50,11:11:20,,6081,하행,2025-05-01T05:00:00,,주말
6호선,2648,봉화산,647,,20250619,6호선,2611,응암,610,N,6호선,6100,2623,합정,622,N,11:12:40,11:13:20,,6081,하행,2025-05-01T05:00:00,,주말
6호선,2648,봉화산,647,,20250619,6호선,2611,응암,610,N,6호선,6100,2624,상수,623,N,11:14:30,11:14:50,,6081,하행,2025-05-01T05:00:00,,주말
6호선,2648,봉화산,647,,20250619,6호선,2611,응암,610,N,6호선,6100,2625,광흥창,624,N,11:16:00,11:16:30,,6081,하행,2025-05-01T05:00:00,,주말
6호선,2648,봉화산,647,,20250619,6호선,2611,응암,610,N,6호선,6100,2626,대흥,625,N,11:18:00,11:18:30,,6081,하행,2025-05-01T05:00:00,,주말
6호선,2648,봉화산,647,,20250619,6호선,2611,응암,610,N,6호선,6100,2627,공덕,626,N,11:19:50,11:20:30,,6081,하행,2025-05-01T05:00:00,,주말
6호선,2648,봉화산,647,,20250619,6호선,2611,응암,610,N,6호선,6100,2628,효창공원앞,627,N,11:21:50,11:22:20,,6081,하행,2025-05-01T05:00:00,,주말
6호선,2648,봉화산,647,,20250619,6호선,2611,응암,610,N,6호선,6100,2629,삼각지,628,N,11:23:50,11:24:20,,6081,하행,2025-05-01T05:00:00,,주말
6호선,2648,봉화산,647,,20250619,6호선,2611,응암,610,N,6호선,6100,2630,녹사평,629,N,11:26:00,11:26:20,,6081,하행,2025-05-01T05:00:00,,주말
6호선,2648,봉화산,647,,20250619,6호선,2611,응암,610,N,6호선,6100,2631,이태원,630,N,11:27:30,11:28:00,,6081,하행,2025-05-01T05:00:00,,주말
6호선,2648,봉화산,647,,20250619,6호선,2611,응암,610,N,6호선,6100,2632,한강진,631,N,11:29:30,11:29:50,,6081,하행,2025-05-01T05:00:00,,주말
6호선,2648,봉화산,647,,20250619,6호선,2611,응암,610,N,6호선,6100,2633,버티고개,632,N,11:31:20,11:31:40,,6081,하행,2025-05-01T05:00:00,,주말
6호선,2648,봉화산,647,,20250619,6호선,2611,응암,610,N,6호선,6100,2634,약수,633,N,11:32:50,11:33:30,,6081,하행,2025-05-01T05:00:00,,주말
6호선,2648,봉화산,647,,20250619,6호선,2611,응암,610,N,6호선,6100,2635,청구,634,N,11:34:40,11:35:10,,6081,하행,2025-05-01T05:00:00,,주말
6호선,2648,봉화산,647,,20250619,6호선,2611,응암,610,N,6호선,6100,2636,신당,635,N,11:36:20,11:36:50,,6081,하행,2025-05-01T05:00:00,,주말
6호선,2648,봉화산,647,,20250619,6호선,2611,응암,610,N,6호선,6100,2637,동묘앞,636,N,11:37:50,11:38:20,,6081,하행,2025-05-01T05:00:00,,주말
6호선,2648,봉화산,647,,20250619,6호선,2611,응암,610,N,6호선,6100,2638,창신,637,N,11:39:40,11:40:10,,6081,하행,2025-05-01T05:00:00,,주말
6호선,2648,봉화산,647,,20250619,6호선,2611,응암,610,N,6호선,6100,2639,보문,638,N,11:41:20,11:41:50,,6081,하행,2025-05-01T05:00:00,,주말
6호선,2648,봉화산,647,,20250619,6호선,2611,응암,610,N,6호선,6100,2640,안암,639,N,11:43:00,11:43:30,,6081,하행,2025-05-01T05:00:00,,주말
6호선,2648,봉화산,647,,20250619,6호선,2611,응암,610,N,6호선,6100,2641,고려대,640,N,11:44:40,11:45:10,,6081,하행,2025-05-01T05:00:00,,주말
6호선,2648,봉화산,647,,20250619,6호선,2611,응암,610,N,6호선,6100,2642,월곡,641,N,11:46:50,11:47:20,,6081,하행,2025-05-01T05:00:00,,주말
6호선,2648,봉화산,647,,20250619,6호선,2611,응암,610,N,6호선,6100,2643,상월곡,642,N,11:48:30,11:49:00,,6081,하행,2025-05-01T05:00:00,,주말
6호선,2648,봉화산,647,,20250619,6호선,2611,응암,610,N,6호선,6100,2644,돌곶이,643,N,11:50:10,11:50:30,,6081,하행,2025-05-01T05:00:00,,주말
6호선,2648,봉화산,647,,20250619,6호선,2611,응암,610,N,6호선,6100,2645,석계,644,N,11:51:50,11:52:30,,6081,하행,2025-05-01T05:00:00,,주말
6호선,2648,봉화산,647,,20250619,6호선,2611,응암,610,N,6호선,6100,2646,태릉입구,645,N,11:53:40,11:54:10,,6081,하행,2025-05-01T05:00:00,,주말
6호선,2648,봉화산,647,,20250619,6호선,2611,응암,610,N,6호선,6100,2647,화랑대,646,N,11:55:20,11:55:50,,6081,하행,2025-05-01T05:00:00,,주말
6호선,2648,봉화산,647,,20250619,6호선,2611,응암,610,N,6호선,6100,2648,봉화산,647,N,11:57:10,,,6081,하행,2025-05-01T05:00:00,,주말
6호선,2648,봉화산,647,,20250619,6호선,2611,응암,610,N,6호선,6104,2611,응암,610,N,,10:57:00,,6083,하행,2025-05-01T05:00:00,,주말
6호선,2648,봉화산,647,,20250619,6호선,2611,응암,610,N,6호선,6104,2612,역촌,611,N,10:58:40,10:59:00,,6083,하행,2025-05-01T05:00:00,,주말
6호선,2648,봉화산,647,,20250619,6호선,2611,응암,610,N,6호선,6104,2613,불광,612,N,11:00:20,11:00:50,,6083,하행,2025-05-01T05:00:00,,주말
6호선,2648,봉화산,647,,20250619,6호선,2611,응암,610,N,6호선,6104,2614,독바위,613,N,11:02:10,11:02:30,,6083,하행,2025-05-01T05:00:00,,주말
6호선,2648,봉화산,647,,20250619,6호선,2611,응암,610,N,6호선,6104,2615,연신내,614,N,11:04:40,11:05:20,,6083,하행,2025-05-01T05:00:00,,주말
6호선,2648,봉화산,647,,20250619,6호선,2611,응암,610,N,6호선,6104,2616,구산,615,N,11:06:40,11:07:10,,6083,하행,2025-05-01T05:00:00,,주말
6호선,2648,봉화산,647,,20250619,6호선,2611,응암,610,N,6호선,6104,2611,응암,610,N,11:09:10,11:09:40,,6083,하행,2025-05-01T05:00:00,,주말
6호선,2648,봉화산,647,,20250619,6호선,2611,응암,610,N,6호선,6104,2617,새절,616,N,11:11:00,11:11:30,,6083,하행,2025-05-01T05:00:00,,주말
6호선,2648,봉화산,647,,20250619,6호선,2611,응암,610,N,6호선,6104,2618,증산,617,N,11:12:50,11:13:10,,6083,하행,2025-05-01T05:00:00,,주말
6호선,2648,봉화산,647,,20250619,6호선,2611,응암,610,N,6호선,6104,2619,디지털미디어시티,618,N,11:14:30,11:15:10,,6083,하행,2025-05-01T05:00:00,,주말
6호선,2648,봉화산,647,,20250619,6호선,2611,응암,610,N,6호선,6104,2620,월드컵경기장,619,N,11:16:20,11:16:50,,6083,하행,2025-05-01T05:00:00,,주말
6호선,2648,봉화산,647,,20250619,6호선,2611,응암,610,N,6호선,6104,2621,마포구청,620,N,11:18:00,11:18:30,,6083,하행,2025-05-01T05:00:00,,주말
6호선,2648,봉화산,647,,20250619,6호선,2611,응암,610,N,6호선,6104,2622,망원,621,N,11:19:50,11:20:20,,6083,하행,2025-05-01T05:00:00,,주말
6호선,2648,봉화산,647,,20250619,6호선,2611,응암,610,N,6호선,6104,2623,합정,622,N,11:21:40,11:22:20,,6083,하행,2025-05-01T05:00:00,,주말
6호선,2648,봉화산,647,,20250619,6호선,2611,응암,610,N,6호선,6104,2624,상수,623,N,11:23:30,11:23:50,,6083,하행,2025-05-01T05:00:00,,주말
6호선,2648,봉화산,647,,20250619,6호선,2611,응암,610,N,6호선,6104,2625,광흥창,624,N,11:25:00,11:25:30,,6083,하행,2025-05-01T05:00:00,,주말
6호선,2648,봉화산,647,,20250619,6호선,2611,응암,610,N,6호선,6104,2626,대흥,625,N,11:27:00,11:27:30,,6083,하행,2025-05-01T05:00:00,,주말
6호선,2648,봉화산,647,,20250619,6호선,2611,응암,610,N,6호선,6104,2627,공덕,626,N,11:28:50,11:29:30,,6083,하행,2025-05-01T05:00:00,,주말
6호선,2648,봉화산,647,,20250619,6호선,2611,응암,610,N,6호선,6104,2628,효창공원앞,627,N,11:30:50,11:31:20,,6083,하행,2025-05-01T05:00:00,,주말
6호선,2648,봉화산,647,,20250619,6호선,2611,응암,610,N,6호선,6104,2629,삼각지,628,N,11:32:50,11:33:20,,6083,하행,2025-05-01T05:00:00,,주말
6호선,2648,봉화산,647,,20250619,6호선,2611,응암,610,N,6호선,6104,2630,녹사평,629,N,11:35:00,11:35:20,,6083,하행,2025-05-01T05:00:00,,주말
6호선,2648,봉화산,647,,20250619,6호선,2611,응암,610,N,6호선,6104,2631,이태원,630,N,11:36:30,11:37:00,,6083,하행,2025-05-01T05:00:00,,주말
6호선,2648,봉화산,647,,20250619,6호선,2611,응암,610,N,6호선,6104,2632,한강진,631,N,11:38:30,11:38:50,,6083,하행,2025-05-01T05:00:00,,주말
6호선,2648,봉화산,647,,20250619,6호선,2611,응암,610,N,6호선,6104,2633,버티고개,632,N,11:40:20,11:40:40,,6083,하행,2025-05-01T05:00:00,,주말
6호선,2648,봉화산,647,,20250619,6호선,2611,응암,610,N,6호선,6104,2634,약수,633,N,11:41:50,11:42:30,,6083,하행,2025-05-01T05:00:00,,주말
6호선,2648,봉화산,647,,20250619,6호선,2611,응암,610,N,6호선,6104,2635,청구,634,N,11:43:40,11:44:10,,6083,하행,2025-05-01T05:00:00,,주말
6호선,2648,봉화산,647,,20250619,6호선,2611,응암,610,N,6호선,6104,2636,신당,635,N,11:45:20,11:45:50,,6083,하행,2025-05-01T05:00:00,,주말
6호선,2648,봉화산,647,,20250619,6호선,2611,응암,610,N,6호선,6104,2637,동묘앞,636,N,11:46:50,11:47:20,,6083,하행,2025-05-01T05:00:00,,주말
6호선,2648,봉화산,647,,20250619,6호선,2611,응암,610,N,6호선,6104,2638,창신,637,N,11:48:40,11:49:10,,6083,하행,2025-05-01T05:00:00,,주말
6호선,2648,봉화산,647,,20250619,6호선,2611,응암,610,N,6호선,6104,2639,보문,638,N,11:50:20,11:50:50,,6083,하행,2025-05-01T05:00:00,,주말
6호선,2648,봉화산,647,,20250619,6호선,2611,응암,610,N,6호선,6104,2640,안암,639,N,11:52:00,11:52:30,,6083,하행,2025-05-01T05:00:00,,주말
6호선,2648,봉화산,647,,20250619,6호선,2611,응암,610,N,6호선,6104,2641,고려대,640,N,11:53:40,11:54:10,,6083,하행,2025-05-01T05:00:00,,주말
6호선,2648,봉화산,647,,20250619,6호선,2611,응암,610,N,6호선,6104,2642,월곡,641,N,11:55:50,11:56:20,,6083,하행,2025-05-01T05:00:00,,주말
6호선,2648,봉화산,647,,20250619,6호선,2611,응암,610,N,6호선,6104,2643,상월곡,642,N,11:57:30,11:58:00,,6083,하행,2025-05-01T05:00:00,,주말
6호선,2648,봉화산,647,,20250619,6호선,2611,응암,610,N,6호선,6104,2644,돌곶이,643,N,11:59:10,11:59:30,,6083,하행,2025-05-01T05:00:00,,주말
6호선,2648,봉화산,647,,20250619,6호선,2611,응암,610,N,6호선,6104,2645,석계,644,N,12:00:50,12:01:30,,6083,하행,2025-05-01T05:00:00,,주말
6호선,2648,봉화산,647,,20250619,6호선,2611,응암,610,N,6호선,6104,2646,태릉입구,645,N,12:02:40,12:03:10,,6083,하행,2025-05-01T05:00:00,,주말
6호선,2648,봉화산,647,,20250619,6호선,2611,응암,610,N,6호선,6104,2647,화랑대,646,N,12:04:20,12:04:50,,6083,하행,2025-05-01T05:00:00,,주말
6호선,2648,봉화산,647,,20250619,6호선,2611,응암,610,N,6호선,6104,2648,봉화산,647,N,12:06:10,,,6083,하행,2025-05-01T05:00:00,,주말
6호선,2649,신내,648,,20250619,6호선,2611,응암,610,N,6호선,6108,2611,응암,610,N,,11:06:00,,6085,하행,2025-05-01T05:00:00,,주말
6호선,2649,신내,648,,20250619,6호선,2611,응암,610,N,6호선,6108,2612,역촌,611,N,11:07:40,11:08:00,,6085,하행,2025-05-01T05:00:00,,주말
6호선,2649,신내,648,,20250619,6호선,2611,응암,610,N,6호선,6108,2613,불광,612,N,11:09:20,11:09:50,,6085,하행,2025-05-01T05:00:00,,주말
6호선,2649,신내,648,,20250619,6호선,2611,응암,610,N,6호선,6108,2614,독바위,613,N,11:11:10,11:11:30,,6085,하행,2025-05-01T05:00:00,,주말
6호선,2649,신내,648,,20250619,6호선,2611,응암,610,N,6호선,6108,2615,연신내,614,N,11:13:40,11:14:20,,6085,하행,2025-05-01T05:00:00,,주말
6호선,2649,신내,648,,20250619,6호선,2611,응암,610,N,6호선,6108,2616,구산,615,N,11:15:40,11:16:10,,6085,하행,2025-05-01T05:00:00,,주말
6호선,2649,신내,648,,20250619,6호선,2611,응암,610,N,6호선,6108,2611,응암,610,N,11:18:10,11:18:40,,6085,하행,2025-05-01T05:00:00,,주말
6호선,2649,신내,648,,20250619,6호선,2611,응암,610,N,6호선,6108,2617,새절,616,N,11:20:00,11:20:30,,6085,하행,2025-05-01T05:00:00,,주말
6호선,2649,신내,648,,20250619,6호선,2611,응암,610,N,6호선,6108,2618,증산,617,N,11:21:50,11:22:10,,6085,하행,2025-05-01T05:00:00,,주말
6호선,2649,신내,648,,20250619,6호선,2611,응암,610,N,6호선,6108,2619,디지털미디어시티,618,N,11:23:30,11:24:10,,6085,하행,2025-05-01T05:00:00,,주말
6호선,2649,신내,648,,20250619,6호선,2611,응암,610,N,6호선,6108,2620,월드컵경기장,619,N,11:25:20,11:25:50,,6085,하행,2025-05-01T05:00:00,,주말
6호선,2649,신내,648,,20250619,6호선,2611,응암,610,N,6호선,6108,2621,마포구청,620,N,11:27:00,11:27:30,,6085,하행,2025-05-01T05:00:00,,주말
6호선,2649,신내,648,,20250619,6호선,2611,응암,610,N,6호선,6108,2622,망원,621,N,11:28:50,11:29:20,,6085,하행,2025-05-01T05:00:00,,주말
6호선,2649,신내,648,,20250619,6호선,2611,응암,610,N,6호선,6108,2623,합정,622,N,11:30:40,11:31:20,,6085,하행,2025-05-01T05:00:00,,주말
6호선,2649,신내,648,,20250619,6호선,2611,응암,610,N,6호선,6108,2624,상수,623,N,11:32:30,11:32:50,,6085,하행,2025-05-01T05:00:00,,주말
6호선,2649,신내,648,,20250619,6호선,2611,응암,610,N,6호선,6108,2625,광흥창,624,N,11:34:00,11:34:30,,6085,하행,2025-05-01T05:00:00,,주말
6호선,2649,신내,648,,20250619,6호선,2611,응암,610,N,6호선,6108,2626,대흥,625,N,11:36:00,11:36:30,,6085,하행,2025-05-01T05:00:00,,주말
6호선,2649,신내,648,,20250619,6호선,2611,응암,610,N,6호선,6108,2627,공덕,626,N,11:37:50,11:38:30,,6085,하행,2025-05-01T05:00:00,,주말
6호선,2649,신내,648,,20250619,6호선,2611,응암,610,N,6호선,6108,2628,효창공원앞,627,N,11:39:50,11:40:20,,6085,하행,2025-05-01T05:00:00,,주말
6호선,2649,신내,648,,20250619,6호선,2611,응암,610,N,6호선,6108,2629,삼각지,628,N,11:41:50,11:42:20,,6085,하행,2025-05-01T05:00:00,,주말
6호선,2649,신내,648,,20250619,6호선,2611,응암,610,N,6호선,6108,2630,녹사평,629,N,11:44:00,11:44:20,,6085,하행,2025-05-01T05:00:00,,주말
6호선,2649,신내,648,,20250619,6호선,2611,응암,610,N,6호선,6108,2631,이태원,630,N,11:45:30,11:46:00,,6085,하행,2025-05-01T05:00:00,,주말
6호선,2649,신내,648,,20250619,6호선,2611,응암,610,N,6호선,6108,2632,한강진,631,N,11:47:30,11:47:50,,6085,하행,2025-05-01T05:00:00,,주말
6호선,2649,신내,648,,20250619,6호선,2611,응암,610,N,6호선,6108,2633,버티고개,632,N,11:49:20,11:49:40,,6085,하행,2025-05-01T05:00:00,,주말
6호선,2649,신내,648,,20250619,6호선,2611,응암,610,N,6호선,6108,2634,약수,633,N,11:50:50,11:51:30,,6085,하행,2025-05-01T05:00:00,,주말
6호선,2649,신내,648,,20250619,6호선,2611,응암,610,N,6호선,6108,2635,청구,634,N,11:52:40,11:53:10,,6085,하행,2025-05-01T05:00:00,,주말
6호선,2649,신내,648,,20250619,6호선,2611,응암,610,N,6호선,6108,2636,신당,635,N,11:54:20,11:54:50,,6085,하행,2025-05-01T05:00:00,,주말
6호선,2649,신내,648,,20250619,6호선,2611,응암,610,N,6호선,6108,2637,동묘앞,636,N,11:55:50,11:56:20,,6085,하행,2025-05-01T05:00:00,,주말
6호선,2649,신내,648,,20250619,6호선,2611,응암,610,N,6호선,6108,2638,창신,637,N,11:57:40,11:58:10,,6085,하행,2025-05-01T05:00:00,,주말
6호선,2649,신내,648,,20250619,6호선,2611,응암,610,N,6호선,6108,2639,보문,638,N,11:59:20,11:59:50,,6085,하행,2025-05-01T05:00:00,,주말
6호선,2649,신내,648,,20250619,6호선,2611,응암,610,N,6호선,6108,2640,안암,639,N,12:01:00,12:01:30,,6085,하행,2025-05-01T05:00:00,,주말
6호선,2649,신내,648,,20250619,6호선,2611,응암,610,N,6호선,6108,2641,고려대,640,N,12:02:40,12:03:10,,6085,하행,2025-05-01T05:00:00,,주말
6호선,2649,신내,648,,20250619,6호선,2611,응암,610,N,6호선,6108,2642,월곡,641,N,12:04:50,12:05:20,,6085,하행,2025-05-01T05:00:00,,주말
6호선,2649,신내,648,,20250619,6호선,2611,응암,610,N,6호선,6108,2643,상월곡,642,N,12:06:30,12:07:00,,6085,하행,2025-05-01T05:00:00,,주말
6호선,2649,신내,648,,20250619,6호선,2611,응암,610,N,6호선,6108,2644,돌곶이,643,N,12:08:10,12:08:30,,6085,하행,2025-05-01T05:00:00,,주말
6호선,2649,신내,648,,20250619,6호선,2611,응암,610,N,6호선,6108,2645,석계,644,N,12:09:50,12:10:30,,6085,하행,2025-05-01T05:00:00,,주말
6호선,2649,신내,648,,20250619,6호선,2611,응암,610,N,6호선,6108,2646,태릉입구,645,N,12:11:40,12:12:10,,6085,하행,2025-05-01T05:00:00,,주말
6호선,2649,신내,648,,20250619,6호선,2611,응암,610,N,6호선,6108,2647,화랑대,646,N,12:13:20,12:13:50,,6085,하행,2025-05-01T05:00:00,,주말
6호선,2649,신내,648,,20250619,6호선,2611,응암,610,N,6호선,6108,2648,봉화산,647,N,12:15:10,12:15:40,,6085,하행,2025-05-01T05:00:00,,주말
6호선,2649,신내,648,,20250619,6호선,2611,응암,610,N,6호선,6108,2649,신내,648,N,12:20:10,,,6085,하행,2025-05-01T05:00:00,,주말
6호선,2648,봉화산,647,,20250619,6호선,2611,응암,610,N,6호선,6106,2611,응암,610,N,,11:15:00,,6087,하행,2025-05-01T05:00:00,,주말
6호선,2648,봉화산,647,,20250619,6호선,2611,응암,610,N,6호선,6106,2612,역촌,611,N,11:16:40,11:17:00,,6087,하행,2025-05-01T05:00:00,,주말
6호선,2648,봉화산,647,,20250619,6호선,2611,응암,610,N,6호선,6106,2613,불광,612,N,11:18:20,11:18:50,,6087,하행,2025-05-01T05:00:00,,주말
6호선,2648,봉화산,647,,20250619,6호선,2611,응암,610,N,6호선,6106,2614,독바위,613,N,11:20:10,11:20:30,,6087,하행,2025-05-01T05:00:00,,주말
6호선,2648,봉화산,647,,20250619,6호선,2611,응암,610,N,6호선,6106,2615,연신내,614,N,11:22:40,11:23:20,,6087,하행,2025-05-01T05:00:00,,주말
6호선,2648,봉화산,647,,20250619,6호선,2611,응암,610,N,6호선,6106,2616,구산,615,N,11:24:40,11:25:10,,6087,하행,2025-05-01T05:00:00,,주말
6호선,2648,봉화산,647,,20250619,6호선,2611,응암,610,N,6호선,6106,2611,응암,610,N,11:27:10,11:27:40,,6087,하행,2025-05-01T05:00:00,,주말
6호선,2648,봉화산,647,,20250619,6호선,2611,응암,610,N,6호선,6106,2617,새절,616,N,11:29:00,11:29:30,,6087,하행,2025-05-01T05:00:00,,주말
6호선,2648,봉화산,647,,20250619,6호선,2611,응암,610,N,6호선,6106,2618,증산,617,N,11:30:50,11:31:10,,6087,하행,2025-05-01T05:00:00,,주말
6호선,2648,봉화산,647,,20250619,6호선,2611,응암,610,N,6호선,6106,2619,디지털미디어시티,618,N,11:32:30,11:33:10,,6087,하행,2025-05-01T05:00:00,,주말
6호선,2648,봉화산,647,,20250619,6호선,2611,응암,610,N,6호선,6106,2620,월드컵경기장,619,N,11:34:20,11:34:50,,6087,하행,2025-05-01T05:00:00,,주말
6호선,2648,봉화산,647,,20250619,6호선,2611,응암,610,N,6호선,6106,2621,마포구청,620,N,11:36:00,11:36:30,,6087,하행,2025-05-01T05:00:00,,주말
6호선,2648,봉화산,647,,20250619,6호선,2611,응암,610,N,6호선,6106,2622,망원,621,N,11:37:50,11:38:20,,6087,하행,2025-05-01T05:00:00,,주말
6호선,2648,봉화산,647,,20250619,6호선,2611,응암,610,N,6호선,6106,2623,합정,622,N,11:39:40,11:40:20,,6087,하행,2025-05-01T05:00:00,,주말
6호선,2648,봉화산,647,,20250619,6호선,2611,응암,610,N,6호선,6106,2624,상수,623,N,11:41:30,11:41:50,,6087,하행,2025-05-01T05:00:00,,주말
6호선,2648,봉화산,647,,20250619,6호선,2611,응암,610,N,6호선,6106,2625,광흥창,624,N,11:43:00,11:43:30,,6087,하행,2025-05-01T05:00:00,,주말
6호선,2648,봉화산,647,,20250619,6호선,2611,응암,610,N,6호선,6106,2626,대흥,625,N,11:45:00,11:45:30,,6087,하행,2025-05-01T05:00:00,,주말
6호선,2648,봉화산,647,,20250619,6호선,2611,응암,610,N,6호선,6106,2627,공덕,626,N,11:46:50,11:47:30,,6087,하행,2025-05-01T05:00:00,,주말
6호선,2648,봉화산,647,,20250619,6호선,2611,응암,610,N,6호선,6106,2628,효창공원앞,627,N,11:48:50,11:49:20,,6087,하행,2025-05-01T05:00:00,,주말
6호선,2648,봉화산,647,,20250619,6호선,2611,응암,610,N,6호선,6106,2629,삼각지,628,N,11:50:50,11:51:20,,6087,하행,2025-05-01T05:00:00,,주말
6호선,2648,봉화산,647,,20250619,6호선,2611,응암,610,N,6호선,6106,2630,녹사평,629,N,11:53:00,11:53:20,,6087,하행,2025-05-01T05:00:00,,주말
6호선,2648,봉화산,647,,20250619,6호선,2611,응암,610,N,6호선,6106,2631,이태원,630,N,11:54:30,11:55:00,,6087,하행,2025-05-01T05:00:00,,주말
6호선,2648,봉화산,647,,20250619,6호선,2611,응암,610,N,6호선,6106,2632,한강진,631,N,11:56:30,11:56:50,,6087,하행,2025-05-01T05:00:00,,주말
6호선,2648,봉화산,647,,20250619,6호선,2611,응암,610,N,6호선,6106,2633,버티고개,632,N,11:58:20,11:58:40,,6087,하행,2025-05-01T05:00:00,,주말
6호선,2648,봉화산,647,,20250619,6호선,2611,응암,610,N,6호선,6106,2634,약수,633,N,11:59:50,12:00:30,,6087,하행,2025-05-01T05:00:00,,주말
6호선,2648,봉화산,647,,20250619,6호선,2611,응암,610,N,6호선,6106,2635,청구,634,N,12:01:40,12:02:10,,6087,하행,2025-05-01T05:00:00,,주말
6호선,2648,봉화산,647,,20250619,6호선,2611,응암,610,N,6호선,6106,2636,신당,635,N,12:03:20,12:03:50,,6087,하행,2025-05-01T05:00:00,,주말
6호선,2648,봉화산,647,,20250619,6호선,2611,응암,610,N,6호선,6106,2637,동묘앞,636,N,12:04:50,12:05:20,,6087,하행,2025-05-01T05:00:00,,주말
6호선,2648,봉화산,647,,20250619,6호선,2611,응암,610,N,6호선,6106,2638,창신,637,N,12:06:40,12:07:10,,6087,하행,2025-05-01T05:00:00,,주말
6호선,2648,봉화산,647,,20250619,6호선,2611,응암,610,N,6호선,6106,2639,보문,638,N,12:08:20,12:08:50,,6087,하행,2025-05-01T05:00:00,,주말
6호선,2648,봉화산,647,,20250619,6호선,2611,응암,610,N,6호선,6106,2640,안암,639,N,12:10:00,12:10:30,,6087,하행,2025-05-01T05:00:00,,주말
6호선,2648,봉화산,647,,20250619,6호선,2611,응암,610,N,6호선,6106,2641,고려대,640,N,12:11:40,12:12:10,,6087,하행,2025-05-01T05:00:00,,주말
6호선,2648,봉화산,647,,20250619,6호선,2611,응암,610,N,6호선,6106,2642,월곡,641,N,12:13:50,12:14:20,,6087,하행,2025-05-01T05:00:00,,주말
6호선,2648,봉화산,647,,20250619,6호선,2611,응암,610,N,6호선,6106,2643,상월곡,642,N,12:15:30,12:16:00,,6087,하행,2025-05-01T05:00:00,,주말
6호선,2648,봉화산,647,,20250619,6호선,2611,응암,610,N,6호선,6106,2644,돌곶이,643,N,12:17:10,12:17:30,,6087,하행,2025-05-01T05:00:00,,주말
6호선,2648,봉화산,647,,20250619,6호선,2611,응암,610,N,6호선,6106,2645,석계,644,N,12:18:50,12:19:30,,6087,하행,2025-05-01T05:00:00,,주말
6호선,2648,봉화산,647,,20250619,6호선,2611,응암,610,N,6호선,6106,2646,태릉입구,645,N,12:20:40,12:21:10,,6087,하행,2025-05-01T05:00:00,,주말
6호선,2648,봉화산,647,,20250619,6호선,2611,응암,610,N,6호선,6106,2647,화랑대,646,N,12:22:20,12:22:50,,6087,하행,2025-05-01T05:00:00,,주말
6호선,2648,봉화산,647,,20250619,6호선,2611,응암,610,N,6호선,6106,2648,봉화산,647,N,12:24:10,,,6087,하행,2025-05-01T05:00:00,,주말
6호선,2648,봉화산,647,,20250619,6호선,2611,응암,610,N,6호선,6110,2611,응암,610,N,,11:24:00,,6089,하행,2025-05-01T05:00:00,,주말
6호선,2648,봉화산,647,,20250619,6호선,2611,응암,610,N,6호선,6110,2612,역촌,611,N,11:25:40,11:26:00,,6089,하행,2025-05-01T05:00:00,,주말
6호선,2648,봉화산,647,,20250619,6호선,2611,응암,610,N,6호선,6110,2613,불광,612,N,11:27:20,11:27:50,,6089,하행,2025-05-01T05:00:00,,주말
6호선,2648,봉화산,647,,20250619,6호선,2611,응암,610,N,6호선,6110,2614,독바위,613,N,11:29:10,11:29:30,,6089,하행,2025-05-01T05:00:00,,주말
6호선,2648,봉화산,647,,20250619,6호선,2611,응암,610,N,6호선,6110,2615,연신내,614,N,11:31:40,11:32:20,,6089,하행,2025-05-01T05:00:00,,주말
6호선,2648,봉화산,647,,20250619,6호선,2611,응암,610,N,6호선,6110,2616,구산,615,N,11:33:40,11:34:10,,6089,하행,2025-05-01T05:00:00,,주말
6호선,2648,봉화산,647,,20250619,6호선,2611,응암,610,N,6호선,6110,2611,응암,610,N,11:36:10,11:36:40,,6089,하행,2025-05-01T05:00:00,,주말
6호선,2648,봉화산,647,,20250619,6호선,2611,응암,610,N,6호선,6110,2617,새절,616,N,11:38:00,11:38:30,,6089,하행,2025-05-01T05:00:00,,주말
6호선,2648,봉화산,647,,20250619,6호선,2611,응암,610,N,6호선,6110,2618,증산,617,N,11:39:50,11:40:10,,6089,하행,2025-05-01T05:00:00,,주말
6호선,2648,봉화산,647,,20250619,6호선,2611,응암,610,N,6호선,6110,2619,디지털미디어시티,618,N,11:41:30,11:42:10,,6089,하행,2025-05-01T05:00:00,,주말
6호선,2648,봉화산,647,,20250619,6호선,2611,응암,610,N,6호선,6110,2620,월드컵경기장,619,N,11:43:20,11:43:50,,6089,하행,2025-05-01T05:00:00,,주말
6호선,2648,봉화산,647,,20250619,6호선,2611,응암,610,N,6호선,6110,2621,마포구청,620,N,11:45:00,11:45:30,,6089,하행,2025-05-01T05:00:00,,주말
6호선,2648,봉화산,647,,20250619,6호선,2611,응암,610,N,6호선,6110,2622,망원,621,N,11:46:50,11:47:20,,6089,하행,2025-05-01T05:00:00,,주말
6호선,2648,봉화산,647,,20250619,6호선,2611,응암,610,N,6호선,6110,2623,합정,622,N,11:48:40,11:49:20,,6089,하행,2025-05-01T05:00:00,,주말
6호선,2648,봉화산,647,,20250619,6호선,2611,응암,610,N,6호선,6110,2624,상수,623,N,11:50:30,11:50:50,,6089,하행,2025-05-01T05:00:00,,주말
6호선,2648,봉화산,647,,20250619,6호선,2611,응암,610,N,6호선,6110,2625,광흥창,624,N,11:52:00,11:52:30,,6089,하행,2025-05-01T05:00:00,,주말
6호선,2648,봉화산,647,,20250619,6호선,2611,응암,610,N,6호선,6110,2626,대흥,625,N,11:54:00,11:54:30,,6089,하행,2025-05-01T05:00:00,,주말
6호선,2648,봉화산,647,,20250619,6호선,2611,응암,610,N,6호선,6110,2627,공덕,626,N,11:55:50,11:56:30,,6089,하행,2025-05-01T05:00:00,,주말
6호선,2648,봉화산,647,,20250619,6호선,2611,응암,610,N,6호선,6110,2628,효창공원앞,627,N,11:57:50,11:58:20,,6089,하행,2025-05-01T05:00:00,,주말
6호선,2648,봉화산,647,,20250619,6호선,2611,응암,610,N,6호선,6110,2629,삼각지,628,N,11:59:50,12:00:20,,6089,하행,2025-05-01T05:00:00,,주말
6호선,2648,봉화산,647,,20250619,6호선,2611,응암,610,N,6호선,6110,2630,녹사평,629,N,12:02:00,12:02:20,,6089,하행,2025-05-01T05:00:00,,주말
6호선,2648,봉화산,647,,20250619,6호선,2611,응암,610,N,6호선,6110,2631,이태원,630,N,12:03:30,12:04:00,,6089,하행,2025-05-01T05:00:00,,주말
6호선,2648,봉화산,647,,20250619,6호선,2611,응암,610,N,6호선,6110,2632,한강진,631,N,12:05:30,12:05:50,,6089,하행,2025-05-01T05:00:00,,주말
6호선,2648,봉화산,647,,20250619,6호선,2611,응암,610,N,6호선,6110,2633,버티고개,632,N,12:07:20,12:07:40,,6089,하행,2025-05-01T05:00:00,,주말
6호선,2648,봉화산,647,,20250619,6호선,2611,응암,610,N,6호선,6110,2634,약수,633,N,12:08:50,12:09:30,,6089,하행,2025-05-01T05:00:00,,주말
6호선,2648,봉화산,647,,20250619,6호선,2611,응암,610,N,6호선,6110,2635,청구,634,N,12:10:40,12:11:10,,6089,하행,2025-05-01T05:00:00,,주말
6호선,2648,봉화산,647,,20250619,6호선,2611,응암,610,N,6호선,6110,2636,신당,635,N,12:12:20,12:12:50,,6089,하행,2025-05-01T05:00:00,,주말
6호선,2648,봉화산,647,,20250619,6호선,2611,응암,610,N,6호선,6110,2637,동묘앞,636,N,12:13:50,12:14:20,,6089,하행,2025-05-01T05:00:00,,주말
6호선,2648,봉화산,647,,20250619,6호선,2611,응암,610,N,6호선,6110,2638,창신,637,N,12:15:40,12:16:10,,6089,하행,2025-05-01T05:00:00,,주말
6호선,2648,봉화산,647,,20250619,6호선,2611,응암,610,N,6호선,6110,2639,보문,638,N,12:17:20,12:17:50,,6089,하행,2025-05-01T05:00:00,,주말
6호선,2648,봉화산,647,,20250619,6호선,2611,응암,610,N,6호선,6110,2640,안암,639,N,12:19:00,12:19:30,,6089,하행,2025-05-01T05:00:00,,주말
6호선,2648,봉화산,647,,20250619,6호선,2611,응암,610,N,6호선,6110,2641,고려대,640,N,12:20:40,12:21:10,,6089,하행,2025-05-01T05:00:00,,주말
6호선,2648,봉화산,647,,20250619,6호선,2611,응암,610,N,6호선,6110,2642,월곡,641,N,12:22:50,12:23:20,,6089,하행,2025-05-01T05:00:00,,주말
6호선,2648,봉화산,647,,20250619,6호선,2611,응암,610,N,6호선,6110,2643,상월곡,642,N,12:24:30,12:25:00,,6089,하행,2025-05-01T05:00:00,,주말
6호선,2648,봉화산,647,,20250619,6호선,2611,응암,610,N,6호선,6110,2644,돌곶이,643,N,12:26:10,12:26:30,,6089,하행,2025-05-01T05:00:00,,주말
6호선,2648,봉화산,647,,20250619,6호선,2611,응암,610,N,6호선,6110,2645,석계,644,N,12:27:50,12:28:30,,6089,하행,2025-05-01T05:00:00,,주말
6호선,2648,봉화산,647,,20250619,6호선,2611,응암,610,N,6호선,6110,2646,태릉입구,645,N,12:29:40,12:30:10,,6089,하행,2025-05-01T05:00:00,,주말
6호선,2648,봉화산,647,,20250619,6호선,2611,응암,610,N,6호선,6110,2647,화랑대,646,N,12:31:20,12:31:50,,6089,하행,2025-05-01T05:00:00,,주말
6호선,2648,봉화산,647,,20250619,6호선,2611,응암,610,N,6호선,6110,2648,봉화산,647,N,12:33:10,,,6089,하행,2025-05-01T05:00:00,,주말
6호선,2649,신내,648,,20250619,6호선,2611,응암,610,N,6호선,6114,2611,응암,610,N,,11:33:00,,6091,하행,2025-05-01T05:00:00,,주말
6호선,2649,신내,648,,20250619,6호선,2611,응암,610,N,6호선,6114,2612,역촌,611,N,11:34:40,11:35:00,,6091,하행,2025-05-01T05:00:00,,주말
6호선,2649,신내,648,,20250619,6호선,2611,응암,610,N,6호선,6114,2613,불광,612,N,11:36:20,11:36:50,,6091,하행,2025-05-01T05:00:00,,주말
6호선,2649,신내,648,,20250619,6호선,2611,응암,610,N,6호선,6114,2614,독바위,613,N,11:38:10,11:38:30,,6091,하행,2025-05-01T05:00:00,,주말
6호선,2649,신내,648,,20250619,6호선,2611,응암,610,N,6호선,6114,2615,연신내,614,N,11:40:40,11:41:20,,6091,하행,2025-05-01T05:00:00,,주말
6호선,2649,신내,648,,20250619,6호선,2611,응암,610,N,6호선,6114,2616,구산,615,N,11:42:40,11:43:10,,6091,하행,2025-05-01T05:00:00,,주말
6호선,2649,신내,648,,20250619,6호선,2611,응암,610,N,6호선,6114,2611,응암,610,N,11:45:10,11:45:40,,6091,하행,2025-05-01T05:00:00,,주말
6호선,2649,신내,648,,20250619,6호선,2611,응암,610,N,6호선,6114,2617,새절,616,N,11:47:00,11:47:30,,6091,하행,2025-05-01T05:00:00,,주말
6호선,2649,신내,648,,20250619,6호선,2611,응암,610,N,6호선,6114,2618,증산,617,N,11:48:50,11:49:10,,6091,하행,2025-05-01T05:00:00,,주말
6호선,2649,신내,648,,20250619,6호선,2611,응암,610,N,6호선,6114,2619,디지털미디어시티,618,N,11:50:30,11:51:10,,6091,하행,2025-05-01T05:00:00,,주말
6호선,2649,신내,648,,20250619,6호선,2611,응암,610,N,6호선,6114,2620,월드컵경기장,619,N,11:52:20,11:52:50,,6091,하행,2025-05-01T05:00:00,,주말
6호선,2649,신내,648,,20250619,6호선,2611,응암,610,N,6호선,6114,2621,마포구청,620,N,11:54:00,11:54:30,,6091,하행,2025-05-01T05:00:00,,주말
6호선,2649,신내,648,,20250619,6호선,2611,응암,610,N,6호선,6114,2622,망원,621,N,11:55:50,11:56:20,,6091,하행,2025-05-01T05:00:00,,주말
6호선,2649,신내,648,,20250619,6호선,2611,응암,610,N,6호선,6114,2623,합정,622,N,11:57:40,11:58:20,,6091,하행,2025-05-01T05:00:00,,주말
6호선,2649,신내,648,,20250619,6호선,2611,응암,610,N,6호선,6114,2624,상수,623,N,11:59:30,11:59:50,,6091,하행,2025-05-01T05:00:00,,주말
6호선,2649,신내,648,,20250619,6호선,2611,응암,610,N,6호선,6114,2625,광흥창,624,N,12:01:00,12:01:30,,6091,하행,2025-05-01T05:00:00,,주말
6호선,2649,신내,648,,20250619,6호선,2611,응암,610,N,6호선,6114,2626,대흥,625,N,12:03:00,12:03:30,,6091,하행,2025-05-01T05:00:00,,주말
6호선,2649,신내,648,,20250619,6호선,2611,응암,610,N,6호선,6114,2627,공덕,626,N,12:04:50,12:05:30,,6091,하행,2025-05-01T05:00:00,,주말
6호선,2649,신내,648,,20250619,6호선,2611,응암,610,N,6호선,6114,2628,효창공원앞,627,N,12:06:50,12:07:20,,6091,하행,2025-05-01T05:00:00,,주말
6호선,2649,신내,648,,20250619,6호선,2611,응암,610,N,6호선,6114,2629,삼각지,628,N,12:08:50,12:09:20,,6091,하행,2025-05-01T05:00:00,,주말
6호선,2649,신내,648,,20250619,6호선,2611,응암,610,N,6호선,6114,2630,녹사평,629,N,12:11:00,12:11:20,,6091,하행,2025-05-01T05:00:00,,주말
6호선,2649,신내,648,,20250619,6호선,2611,응암,610,N,6호선,6114,2631,이태원,630,N,12:12:30,12:13:00,,6091,하행,2025-05-01T05:00:00,,주말
6호선,2649,신내,648,,20250619,6호선,2611,응암,610,N,6호선,6114,2632,한강진,631,N,12:14:30,12:14:50,,6091,하행,2025-05-01T05:00:00,,주말
6호선,2649,신내,648,,20250619,6호선,2611,응암,610,N,6호선,6114,2633,버티고개,632,N,12:16:20,12:16:40,,6091,하행,2025-05-01T05:00:00,,주말
6호선,2649,신내,648,,20250619,6호선,2611,응암,610,N,6호선,6114,2634,약수,633,N,12:17:50,12:18:30,,6091,하행,2025-05-01T05:00:00,,주말
6호선,2649,신내,648,,20250619,6호선,2611,응암,610,N,6호선,6114,2635,청구,634,N,12:19:40,12:20:10,,6091,하행,2025-05-01T05:00:00,,주말
6호선,2649,신내,648,,20250619,6호선,2611,응암,610,N,6호선,6114,2636,신당,635,N,12:21:20,12:21:50,,6091,하행,2025-05-01T05:00:00,,주말
6호선,2649,신내,648,,20250619,6호선,2611,응암,610,N,6호선,6114,2637,동묘앞,636,N,12:22:50,12:23:20,,6091,하행,2025-05-01T05:00:00,,주말
6호선,2649,신내,648,,20250619,6호선,2611,응암,610,N,6호선,6114,2638,창신,637,N,12:24:40,12:25:10,,6091,하행,2025-05-01T05:00:00,,주말
6호선,2649,신내,648,,20250619,6호선,2611,응암,610,N,6호선,6114,2639,보문,638,N,12:26:20,12:26:50,,6091,하행,2025-05-01T05:00:00,,주말
6호선,2649,신내,648,,20250619,6호선,2611,응암,610,N,6호선,6114,2640,안암,639,N,12:28:00,12:28:30,,6091,하행,2025-05-01T05:00:00,,주말
6호선,2649,신내,648,,20250619,6호선,2611,응암,610,N,6호선,6114,2641,고려대,640,N,12:29:40,12:30:10,,6091,하행,2025-05-01T05:00:00,,주말
6호선,2649,신내,648,,20250619,6호선,2611,응암,610,N,6호선,6114,2642,월곡,641,N,12:31:50,12:32:20,,6091,하행,2025-05-01T05:00:00,,주말
6호선,2649,신내,648,,20250619,6호선,2611,응암,610,N,6호선,6114,2643,상월곡,642,N,12:33:30,12:34:00,,6091,하행,2025-05-01T05:00:00,,주말
6호선,2649,신내,648,,20250619,6호선,2611,응암,610,N,6호선,6114,2644,돌곶이,643,N,12:35:10,12:35:30,,6091,하행,2025-05-01T05:00:00,,주말
6호선,2649,신내,648,,20250619,6호선,2611,응암,610,N,6호선,6114,2645,석계,644,N,12:36:50,12:37:30,,6091,하행,2025-05-01T05:00:00,,주말
6호선,2649,신내,648,,20250619,6호선,2611,응암,610,N,6호선,6114,2646,태릉입구,645,N,12:38:40,12:39:10,,6091,하행,2025-05-01T05:00:00,,주말
6호선,2649,신내,648,,20250619,6호선,2611,응암,610,N,6호선,6114,2647,화랑대,646,N,12:40:20,12:40:50,,6091,하행,2025-05-01T05:00:00,,주말
6호선,2649,신내,648,,20250619,6호선,2611,응암,610,N,6호선,6114,2648,봉화산,647,N,12:42:10,12:42:40,,6091,하행,2025-05-01T05:00:00,,주말
6호선,2649,신내,648,,20250619,6호선,2611,응암,610,N,6호선,6114,2649,신내,648,N,12:47:10,,,6091,하행,2025-05-01T05:00:00,,주말
6호선,2648,봉화산,647,,20250619,6호선,2611,응암,610,N,6호선,6112,2611,응암,610,N,,11:42:00,,6093,하행,2025-05-01T05:00:00,,주말
6호선,2648,봉화산,647,,20250619,6호선,2611,응암,610,N,6호선,6112,2612,역촌,611,N,11:43:40,11:44:00,,6093,하행,2025-05-01T05:00:00,,주말
6호선,2648,봉화산,647,,20250619,6호선,2611,응암,610,N,6호선,6112,2613,불광,612,N,11:45:20,11:45:50,,6093,하행,2025-05-01T05:00:00,,주말
6호선,2648,봉화산,647,,20250619,6호선,2611,응암,610,N,6호선,6112,2614,독바위,613,N,11:47:10,11:47:30,,6093,하행,2025-05-01T05:00:00,,주말
6호선,2648,봉화산,647,,20250619,6호선,2611,응암,610,N,6호선,6112,2615,연신내,614,N,11:49:40,11:50:20,,6093,하행,2025-05-01T05:00:00,,주말
6호선,2648,봉화산,647,,20250619,6호선,2611,응암,610,N,6호선,6112,2616,구산,615,N,11:51:40,11:52:10,,6093,하행,2025-05-01T05:00:00,,주말
6호선,2648,봉화산,647,,20250619,6호선,2611,응암,610,N,6호선,6112,2611,응암,610,N,11:54:10,11:54:40,,6093,하행,2025-05-01T05:00:00,,주말
6호선,2648,봉화산,647,,20250619,6호선,2611,응암,610,N,6호선,6112,2617,새절,616,N,11:56:00,11:56:30,,6093,하행,2025-05-01T05:00:00,,주말
6호선,2648,봉화산,647,,20250619,6호선,2611,응암,610,N,6호선,6112,2618,증산,617,N,11:57:50,11:58:10,,6093,하행,2025-05-01T05:00:00,,주말
6호선,2648,봉화산,647,,20250619,6호선,2611,응암,610,N,6호선,6112,2619,디지털미디어시티,618,N,11:59:30,12:00:10,,6093,하행,2025-05-01T05:00:00,,주말
6호선,2648,봉화산,647,,20250619,6호선,2611,응암,610,N,6호선,6112,2620,월드컵경기장,619,N,12:01:20,12:01:50,,6093,하행,2025-05-01T05:00:00,,주말
6호선,2648,봉화산,647,,20250619,6호선,2611,응암,610,N,6호선,6112,2621,마포구청,620,N,12:03:00,12:03:30,,6093,하행,2025-05-01T05:00:00,,주말
6호선,2648,봉화산,647,,20250619,6호선,2611,응암,610,N,6호선,6112,2622,망원,621,N,12:04:50,12:05:20,,6093,하행,2025-05-01T05:00:00,,주말
6호선,2648,봉화산,647,,20250619,6호선,2611,응암,610,N,6호선,6112,2623,합정,622,N,12:06:40,12:07:20,,6093,하행,2025-05-01T05:00:00,,주말
6호선,2648,봉화산,647,,20250619,6호선,2611,응암,610,N,6호선,6112,2624,상수,623,N,12:08:30,12:08:50,,6093,하행,2025-05-01T05:00:00,,주말
6호선,2648,봉화산,647,,20250619,6호선,2611,응암,610,N,6호선,6112,2625,광흥창,624,N,12:10:00,12:10:30,,6093,하행,2025-05-01T05:00:00,,주말
6호선,2648,봉화산,647,,20250619,6호선,2611,응암,610,N,6호선,6112,2626,대흥,625,N,12:12:00,12:12:30,,6093,하행,2025-05-01T05:00:00,,주말
6호선,2648,봉화산,647,,20250619,6호선,2611,응암,610,N,6호선,6112,2627,공덕,626,N,12:13:50,12:14:30,,6093,하행,2025-05-01T05:00:00,,주말
6호선,2648,봉화산,647,,20250619,6호선,2611,응암,610,N,6호선,6112,2628,효창공원앞,627,N,12:15:50,12:16:20,,6093,하행,2025-05-01T05:00:00,,주말
6호선,2648,봉화산,647,,20250619,6호선,2611,응암,610,N,6호선,6112,2629,삼각지,628,N,12:17:50,12:18:20,,6093,하행,2025-05-01T05:00:00,,주말
6호선,2648,봉화산,647,,20250619,6호선,2611,응암,610,N,6호선,6112,2630,녹사평,629,N,12:20:00,12:20:20,,6093,하행,2025-05-01T05:00:00,,주말
6호선,2648,봉화산,647,,20250619,6호선,2611,응암,610,N,6호선,6112,2631,이태원,630,N,12:21:30,12:22:00,,6093,하행,2025-05-01T05:00:00,,주말
6호선,2648,봉화산,647,,20250619,6호선,2611,응암,610,N,6호선,6112,2632,한강진,631,N,12:23:30,12:23:50,,6093,하행,2025-05-01T05:00:00,,주말
6호선,2648,봉화산,647,,20250619,6호선,2611,응암,610,N,6호선,6112,2633,버티고개,632,N,12:25:20,12:25:40,,6093,하행,2025-05-01T05:00:00,,주말
6호선,2648,봉화산,647,,20250619,6호선,2611,응암,610,N,6호선,6112,2634,약수,633,N,12:26:50,12:27:30,,6093,하행,2025-05-01T05:00:00,,주말
6호선,2648,봉화산,647,,20250619,6호선,2611,응암,610,N,6호선,6112,2635,청구,634,N,12:28:40,12:29:10,,6093,하행,2025-05-01T05:00:00,,주말
6호선,2648,봉화산,647,,20250619,6호선,2611,응암,610,N,6호선,6112,2636,신당,635,N,12:30:20,12:30:50,,6093,하행,2025-05-01T05:00:00,,주말
6호선,2648,봉화산,647,,20250619,6호선,2611,응암,610,N,6호선,6112,2637,동묘앞,636,N,12:31:50,12:32:20,,6093,하행,2025-05-01T05:00:00,,주말
6호선,2648,봉화산,647,,20250619,6호선,2611,응암,610,N,6호선,6112,2638,창신,637,N,12:33:40,12:34:10,,6093,하행,2025-05-01T05:00:00,,주말
6호선,2648,봉화산,647,,20250619,6호선,2611,응암,610,N,6호선,6112,2639,보문,638,N,12:35:20,12:35:50,,6093,하행,2025-05-01T05:00:00,,주말
6호선,2648,봉화산,647,,20250619,6호선,2611,응암,610,N,6호선,6112,2640,안암,639,N,12:37:00,12:37:30,,6093,하행,2025-05-01T05:00:00,,주말
6호선,2648,봉화산,647,,20250619,6호선,2611,응암,610,N,6호선,6112,2641,고려대,640,N,12:38:40,12:39:10,,6093,하행,2025-05-01T05:00:00,,주말
6호선,2648,봉화산,647,,20250619,6호선,2611,응암,610,N,6호선,6112,2642,월곡,641,N,12:40:50,12:41:20,,6093,하행,2025-05-01T05:00:00,,주말
6호선,2648,봉화산,647,,20250619,6호선,2611,응암,610,N,6호선,6112,2643,상월곡,642,N,12:42:30,12:43:00,,6093,하행,2025-05-01T05:00:00,,주말
6호선,2648,봉화산,647,,20250619,6호선,2611,응암,610,N,6호선,6112,2644,돌곶이,643,N,12:44:10,12:44:30,,6093,하행,2025-05-01T05:00:00,,주말
6호선,2648,봉화산,647,,20250619,6호선,2611,응암,610,N,6호선,6112,2645,석계,644,N,12:45:50,12:46:30,,6093,하행,2025-05-01T05:00:00,,주말
6호선,2648,봉화산,647,,20250619,6호선,2611,응암,610,N,6호선,6112,2646,태릉입구,645,N,12:47:40,12:48:10,,6093,하행,2025-05-01T05:00:00,,주말
6호선,2648,봉화산,647,,20250619,6호선,2611,응암,610,N,6호선,6112,2647,화랑대,646,N,12:49:20,12:49:50,,6093,하행,2025-05-01T05:00:00,,주말
6호선,2648,봉화산,647,,20250619,6호선,2611,응암,610,N,6호선,6112,2648,봉화산,647,N,12:51:10,,,6093,하행,2025-05-01T05:00:00,,주말
6호선,2648,봉화산,647,,20250619,6호선,2611,응암,610,N,6호선,6116,2611,응암,610,N,,11:51:00,,6095,하행,2025-05-01T05:00:00,,주말
6호선,2648,봉화산,647,,20250619,6호선,2611,응암,610,N,6호선,6116,2612,역촌,611,N,11:52:40,11:53:00,,6095,하행,2025-05-01T05:00:00,,주말
6호선,2648,봉화산,647,,20250619,6호선,2611,응암,610,N,6호선,6116,2613,불광,612,N,11:54:20,11:54:50,,6095,하행,2025-05-01T05:00:00,,주말
6호선,2648,봉화산,647,,20250619,6호선,2611,응암,610,N,6호선,6116,2614,독바위,613,N,11:56:10,11:56:30,,6095,하행,2025-05-01T05:00:00,,주말
6호선,2648,봉화산,647,,20250619,6호선,2611,응암,610,N,6호선,6116,2615,연신내,614,N,11:58:40,11:59:20,,6095,하행,2025-05-01T05:00:00,,주말
6호선,2648,봉화산,647,,20250619,6호선,2611,응암,610,N,6호선,6116,2616,구산,615,N,12:00:40,12:01:10,,6095,하행,2025-05-01T05:00:00,,주말
6호선,2648,봉화산,647,,20250619,6호선,2611,응암,610,N,6호선,6116,2611,응암,610,N,12:03:10,12:03:40,,6095,하행,2025-05-01T05:00:00,,주말
6호선,2648,봉화산,647,,20250619,6호선,2611,응암,610,N,6호선,6116,2617,새절,616,N,12:05:00,12:05:30,,6095,하행,2025-05-01T05:00:00,,주말
6호선,2648,봉화산,647,,20250619,6호선,2611,응암,610,N,6호선,6116,2618,증산,617,N,12:06:50,12:07:10,,6095,하행,2025-05-01T05:00:00,,주말
6호선,2648,봉화산,647,,20250619,6호선,2611,응암,610,N,6호선,6116,2619,디지털미디어시티,618,N,12:08:30,12:09:10,,6095,하행,2025-05-01T05:00:00,,주말
6호선,2648,봉화산,647,,20250619,6호선,2611,응암,610,N,6호선,6116,2620,월드컵경기장,619,N,12:10:20,12:10:50,,6095,하행,2025-05-01T05:00:00,,주말
6호선,2648,봉화산,647,,20250619,6호선,2611,응암,610,N,6호선,6116,2621,마포구청,620,N,12:12:00,12:12:30,,6095,하행,2025-05-01T05:00:00,,주말
6호선,2648,봉화산,647,,20250619,6호선,2611,응암,610,N,6호선,6116,2622,망원,621,N,12:13:50,12:14:20,,6095,하행,2025-05-01T05:00:00,,주말
6호선,2648,봉화산,647,,20250619,6호선,2611,응암,610,N,6호선,6116,2623,합정,622,N,12:15:40,12:16:20,,6095,하행,2025-05-01T05:00:00,,주말
6호선,2648,봉화산,647,,20250619,6호선,2611,응암,610,N,6호선,6116,2624,상수,623,N,12:17:30,12:17:50,,6095,하행,2025-05-01T05:00:00,,주말
6호선,2648,봉화산,647,,20250619,6호선,2611,응암,610,N,6호선,6116,2625,광흥창,624,N,12:19:00,12:19:30,,6095,하행,2025-05-01T05:00:00,,주말
6호선,2648,봉화산,647,,20250619,6호선,2611,응암,610,N,6호선,6116,2626,대흥,625,N,12:21:00,12:21:30,,6095,하행,2025-05-01T05:00:00,,주말
6호선,2648,봉화산,647,,20250619,6호선,2611,응암,610,N,6호선,6116,2627,공덕,626,N,12:22:50,12:23:30,,6095,하행,2025-05-01T05:00:00,,주말
6호선,2648,봉화산,647,,20250619,6호선,2611,응암,610,N,6호선,6116,2628,효창공원앞,627,N,12:24:50,12:25:20,,6095,하행,2025-05-01T05:00:00,,주말
6호선,2648,봉화산,647,,20250619,6호선,2611,응암,610,N,6호선,6116,2629,삼각지,628,N,12:26:50,12:27:20,,6095,하행,2025-05-01T05:00:00,,주말
6호선,2648,봉화산,647,,20250619,6호선,2611,응암,610,N,6호선,6116,2630,녹사평,629,N,12:29:00,12:29:20,,6095,하행,2025-05-01T05:00:00,,주말
6호선,2648,봉화산,647,,20250619,6호선,2611,응암,610,N,6호선,6116,2631,이태원,630,N,12:30:30,12:31:00,,6095,하행,2025-05-01T05:00:00,,주말
6호선,2648,봉화산,647,,20250619,6호선,2611,응암,610,N,6호선,6116,2632,한강진,631,N,12:32:30,12:32:50,,6095,하행,2025-05-01T05:00:00,,주말
6호선,2648,봉화산,647,,20250619,6호선,2611,응암,610,N,6호선,6116,2633,버티고개,632,N,12:34:20,12:34:40,,6095,하행,2025-05-01T05:00:00,,주말
6호선,2648,봉화산,647,,20250619,6호선,2611,응암,610,N,6호선,6116,2634,약수,633,N,12:35:50,12:36:30,,6095,하행,2025-05-01T05:00:00,,주말
6호선,2648,봉화산,647,,20250619,6호선,2611,응암,610,N,6호선,6116,2635,청구,634,N,12:37:40,12:38:10,,6095,하행,2025-05-01T05:00:00,,주말
6호선,2648,봉화산,647,,20250619,6호선,2611,응암,610,N,6호선,6116,2636,신당,635,N,12:39:20,12:39:50,,6095,하행,2025-05-01T05:00:00,,주말
6호선,2648,봉화산,647,,20250619,6호선,2611,응암,610,N,6호선,6116,2637,동묘앞,636,N,12:40:50,12:41:20,,6095,하행,2025-05-01T05:00:00,,주말
6호선,2648,봉화산,647,,20250619,6호선,2611,응암,610,N,6호선,6116,2638,창신,637,N,12:42:40,12:43:10,,6095,하행,2025-05-01T05:00:00,,주말
6호선,2648,봉화산,647,,20250619,6호선,2611,응암,610,N,6호선,6116,2639,보문,638,N,12:44:20,12:44:50,,6095,하행,2025-05-01T05:00:00,,주말
6호선,2648,봉화산,647,,20250619,6호선,2611,응암,610,N,6호선,6116,2640,안암,639,N,12:46:00,12:46:30,,6095,하행,2025-05-01T05:00:00,,주말
6호선,2648,봉화산,647,,20250619,6호선,2611,응암,610,N,6호선,6116,2641,고려대,640,N,12:47:40,12:48:10,,6095,하행,2025-05-01T05:00:00,,주말
6호선,2648,봉화산,647,,20250619,6호선,2611,응암,610,N,6호선,6116,2642,월곡,641,N,12:49:50,12:50:20,,6095,하행,2025-05-01T05:00:00,,주말
6호선,2648,봉화산,647,,20250619,6호선,2611,응암,610,N,6호선,6116,2643,상월곡,642,N,12:51:30,12:52:00,,6095,하행,2025-05-01T05:00:00,,주말
6호선,2648,봉화산,647,,20250619,6호선,2611,응암,610,N,6호선,6116,2644,돌곶이,643,N,12:53:10,12:53:30,,6095,하행,2025-05-01T05:00:00,,주말
6호선,2648,봉화산,647,,20250619,6호선,2611,응암,610,N,6호선,6116,2645,석계,644,N,12:54:50,12:55:30,,6095,하행,2025-05-01T05:00:00,,주말
6호선,2648,봉화산,647,,20250619,6호선,2611,응암,610,N,6호선,6116,2646,태릉입구,645,N,12:56:40,12:57:10,,6095,하행,2025-05-01T05:00:00,,주말
6호선,2648,봉화산,647,,20250619,6호선,2611,응암,610,N,6호선,6116,2647,화랑대,646,N,12:58:20,12:58:50,,6095,하행,2025-05-01T05:00:00,,주말
6호선,2648,봉화산,647,,20250619,6호선,2611,응암,610,N,6호선,6116,2648,봉화산,647,N,13:00:10,,,6095,하행,2025-05-01T05:00:00,,주말
6호선,2649,신내,648,,20250619,6호선,2611,응암,610,N,6호선,6120,2611,응암,610,N,,12:00:00,,6097,하행,2025-05-01T05:00:00,,주말
6호선,2649,신내,648,,20250619,6호선,2611,응암,610,N,6호선,6120,2612,역촌,611,N,12:01:40,12:02:00,,6097,하행,2025-05-01T05:00:00,,주말
6호선,2649,신내,648,,20250619,6호선,2611,응암,610,N,6호선,6120,2613,불광,612,N,12:03:20,12:03:50,,6097,하행,2025-05-01T05:00:00,,주말
6호선,2649,신내,648,,20250619,6호선,2611,응암,610,N,6호선,6120,2614,독바위,613,N,12:05:10,12:05:30,,6097,하행,2025-05-01T05:00:00,,주말
6호선,2649,신내,648,,20250619,6호선,2611,응암,610,N,6호선,6120,2615,연신내,614,N,12:07:40,12:08:20,,6097,하행,2025-05-01T05:00:00,,주말
6호선,2649,신내,648,,20250619,6호선,2611,응암,610,N,6호선,6120,2616,구산,615,N,12:09:40,12:10:10,,6097,하행,2025-05-01T05:00:00,,주말
6호선,2649,신내,648,,20250619,6호선,2611,응암,610,N,6호선,6120,2611,응암,610,N,12:12:10,12:12:40,,6097,하행,2025-05-01T05:00:00,,주말
6호선,2649,신내,648,,20250619,6호선,2611,응암,610,N,6호선,6120,2617,새절,616,N,12:14:00,12:14:30,,6097,하행,2025-05-01T05:00:00,,주말
6호선,2649,신내,648,,20250619,6호선,2611,응암,610,N,6호선,6120,2618,증산,617,N,12:15:50,12:16:10,,6097,하행,2025-05-01T05:00:00,,주말
6호선,2649,신내,648,,20250619,6호선,2611,응암,610,N,6호선,6120,2619,디지털미디어시티,618,N,12:17:30,12:18:10,,6097,하행,2025-05-01T05:00:00,,주말
6호선,2649,신내,648,,20250619,6호선,2611,응암,610,N,6호선,6120,2620,월드컵경기장,619,N,12:19:20,12:19:50,,6097,하행,2025-05-01T05:00:00,,주말
6호선,2649,신내,648,,20250619,6호선,2611,응암,610,N,6호선,6120,2621,마포구청,620,N,12:21:00,12:21:30,,6097,하행,2025-05-01T05:00:00,,주말
6호선,2649,신내,648,,20250619,6호선,2611,응암,610,N,6호선,6120,2622,망원,621,N,12:22:50,12:23:20,,6097,하행,2025-05-01T05:00:00,,주말
6호선,2649,신내,648,,20250619,6호선,2611,응암,610,N,6호선,6120,2623,합정,622,N,12:24:40,12:25:20,,6097,하행,2025-05-01T05:00:00,,주말
6호선,2649,신내,648,,20250619,6호선,2611,응암,610,N,6호선,6120,2624,상수,623,N,12:26:30,12:26:50,,6097,하행,2025-05-01T05:00:00,,주말
6호선,2649,신내,648,,20250619,6호선,2611,응암,610,N,6호선,6120,2625,광흥창,624,N,12:28:00,12:28:30,,6097,하행,2025-05-01T05:00:00,,주말
6호선,2649,신내,648,,20250619,6호선,2611,응암,610,N,6호선,6120,2626,대흥,625,N,12:30:00,12:30:30,,6097,하행,2025-05-01T05:00:00,,주말
6호선,2649,신내,648,,20250619,6호선,2611,응암,610,N,6호선,6120,2627,공덕,626,N,12:31:50,12:32:30,,6097,하행,2025-05-01T05:00:00,,주말
6호선,2649,신내,648,,20250619,6호선,2611,응암,610,N,6호선,6120,2628,효창공원앞,627,N,12:33:50,12:34:20,,6097,하행,2025-05-01T05:00:00,,주말
6호선,2649,신내,648,,20250619,6호선,2611,응암,610,N,6호선,6120,2629,삼각지,628,N,12:35:50,12:36:20,,6097,하행,2025-05-01T05:00:00,,주말
6호선,2649,신내,648,,20250619,6호선,2611,응암,610,N,6호선,6120,2630,녹사평,629,N,12:38:00,12:38:20,,6097,하행,2025-05-01T05:00:00,,주말
6호선,2649,신내,648,,20250619,6호선,2611,응암,610,N,6호선,6120,2631,이태원,630,N,12:39:30,12:40:00,,6097,하행,2025-05-01T05:00:00,,주말
6호선,2649,신내,648,,20250619,6호선,2611,응암,610,N,6호선,6120,2632,한강진,631,N,12:41:30,12:41:50,,6097,하행,2025-05-01T05:00:00,,주말
6호선,2649,신내,648,,20250619,6호선,2611,응암,610,N,6호선,6120,2633,버티고개,632,N,12:43:20,12:43:40,,6097,하행,2025-05-01T05:00:00,,주말
6호선,2649,신내,648,,20250619,6호선,2611,응암,610,N,6호선,6120,2634,약수,633,N,12:44:50,12:45:30,,6097,하행,2025-05-01T05:00:00,,주말
6호선,2649,신내,648,,20250619,6호선,2611,응암,610,N,6호선,6120,2635,청구,634,N,12:46:40,12:47:10,,6097,하행,2025-05-01T05:00:00,,주말
6호선,2649,신내,648,,20250619,6호선,2611,응암,610,N,6호선,6120,2636,신당,635,N,12:48:20,12:48:50,,6097,하행,2025-05-01T05:00:00,,주말
6호선,2649,신내,648,,20250619,6호선,2611,응암,610,N,6호선,6120,2637,동묘앞,636,N,12:49:50,12:50:20,,6097,하행,2025-05-01T05:00:00,,주말
6호선,2649,신내,648,,20250619,6호선,2611,응암,610,N,6호선,6120,2638,창신,637,N,12:51:40,12:52:10,,6097,하행,2025-05-01T05:00:00,,주말
6호선,2649,신내,648,,20250619,6호선,2611,응암,610,N,6호선,6120,2639,보문,638,N,12:53:20,12:53:50,,6097,하행,2025-05-01T05:00:00,,주말
6호선,2649,신내,648,,20250619,6호선,2611,응암,610,N,6호선,6120,2640,안암,639,N,12:55:00,12:55:30,,6097,하행,2025-05-01T05:00:00,,주말
6호선,2649,신내,648,,20250619,6호선,2611,응암,610,N,6호선,6120,2641,고려대,640,N,12:56:40,12:57:10,,6097,하행,2025-05-01T05:00:00,,주말
6호선,2649,신내,648,,20250619,6호선,2611,응암,610,N,6호선,6120,2642,월곡,641,N,12:58:50,12:59:20,,6097,하행,2025-05-01T05:00:00,,주말
6호선,2649,신내,648,,20250619,6호선,2611,응암,610,N,6호선,6120,2643,상월곡,642,N,13:00:30,13:01:00,,6097,하행,2025-05-01T05:00:00,,주말
6호선,2649,신내,648,,20250619,6호선,2611,응암,610,N,6호선,6120,2644,돌곶이,643,N,13:02:10,13:02:30,,6097,하행,2025-05-01T05:00:00,,주말
6호선,2649,신내,648,,20250619,6호선,2611,응암,610,N,6호선,6120,2645,석계,644,N,13:03:50,13:04:30,,6097,하행,2025-05-01T05:00:00,,주말
6호선,2649,신내,648,,20250619,6호선,2611,응암,610,N,6호선,6120,2646,태릉입구,645,N,13:05:40,13:06:10,,6097,하행,2025-05-01T05:00:00,,주말
6호선,2649,신내,648,,20250619,6호선,2611,응암,610,N,6호선,6120,2647,화랑대,646,N,13:07:20,13:07:50,,6097,하행,2025-05-01T05:00:00,,주말
6호선,2649,신내,648,,20250619,6호선,2611,응암,610,N,6호선,6120,2648,봉화산,647,N,13:09:10,13:09:40,,6097,하행,2025-05-01T05:00:00,,주말
6호선,2649,신내,648,,20250619,6호선,2611,응암,610,N,6호선,6120,2649,신내,648,N,13:14:10,,,6097,하행,2025-05-01T05:00:00,,주말
6호선,2648,봉화산,647,,20250619,6호선,2611,응암,610,N,6호선,6118,2611,응암,610,N,,12:09:00,,6099,하행,2025-05-01T05:00:00,,주말
6호선,2648,봉화산,647,,20250619,6호선,2611,응암,610,N,6호선,6118,2612,역촌,611,N,12:10:40,12:11:00,,6099,하행,2025-05-01T05:00:00,,주말
6호선,2648,봉화산,647,,20250619,6호선,2611,응암,610,N,6호선,6118,2613,불광,612,N,12:12:20,12:12:50,,6099,하행,2025-05-01T05:00:00,,주말
6호선,2648,봉화산,647,,20250619,6호선,2611,응암,610,N,6호선,6118,2614,독바위,613,N,12:14:10,12:14:30,,6099,하행,2025-05-01T05:00:00,,주말
6호선,2648,봉화산,647,,20250619,6호선,2611,응암,610,N,6호선,6118,2615,연신내,614,N,12:16:40,12:17:20,,6099,하행,2025-05-01T05:00:00,,주말
6호선,2648,봉화산,647,,20250619,6호선,2611,응암,610,N,6호선,6118,2616,구산,615,N,12:18:40,12:19:10,,6099,하행,2025-05-01T05:00:00,,주말
6호선,2648,봉화산,647,,20250619,6호선,2611,응암,610,N,6호선,6118,2611,응암,610,N,12:21:10,12:21:40,,6099,하행,2025-05-01T05:00:00,,주말
6호선,2648,봉화산,647,,20250619,6호선,2611,응암,610,N,6호선,6118,2617,새절,616,N,12:23:00,12:23:30,,6099,하행,2025-05-01T05:00:00,,주말
6호선,2648,봉화산,647,,20250619,6호선,2611,응암,610,N,6호선,6118,2618,증산,617,N,12:24:50,12:25:10,,6099,하행,2025-05-01T05:00:00,,주말
6호선,2648,봉화산,647,,20250619,6호선,2611,응암,610,N,6호선,6118,2619,디지털미디어시티,618,N,12:26:30,12:27:10,,6099,하행,2025-05-01T05:00:00,,주말
6호선,2648,봉화산,647,,20250619,6호선,2611,응암,610,N,6호선,6118,2620,월드컵경기장,619,N,12:28:20,12:28:50,,6099,하행,2025-05-01T05:00:00,,주말
6호선,2648,봉화산,647,,20250619,6호선,2611,응암,610,N,6호선,6118,2621,마포구청,620,N,12:30:00,12:30:30,,6099,하행,2025-05-01T05:00:00,,주말
6호선,2648,봉화산,647,,20250619,6호선,2611,응암,610,N,6호선,6118,2622,망원,621,N,12:31:50,12:32:20,,6099,하행,2025-05-01T05:00:00,,주말
6호선,2648,봉화산,647,,20250619,6호선,2611,응암,610,N,6호선,6118,2623,합정,622,N,12:33:40,12:34:20,,6099,하행,2025-05-01T05:00:00,,주말
6호선,2648,봉화산,647,,20250619,6호선,2611,응암,610,N,6호선,6118,2624,상수,623,N,12:35:30,12:35:50,,6099,하행,2025-05-01T05:00:00,,주말
6호선,2648,봉화산,647,,20250619,6호선,2611,응암,610,N,6호선,6118,2625,광흥창,624,N,12:37:00,12:37:30,,6099,하행,2025-05-01T05:00:00,,주말
6호선,2648,봉화산,647,,20250619,6호선,2611,응암,610,N,6호선,6118,2626,대흥,625,N,12:39:00,12:39:30,,6099,하행,2025-05-01T05:00:00,,주말
6호선,2648,봉화산,647,,20250619,6호선,2611,응암,610,N,6호선,6118,2627,공덕,626,N,12:40:50,12:41:30,,6099,하행,2025-05-01T05:00:00,,주말
6호선,2648,봉화산,647,,20250619,6호선,2611,응암,610,N,6호선,6118,2628,효창공원앞,627,N,12:42:50,12:43:20,,6099,하행,2025-05-01T05:00:00,,주말
6호선,2648,봉화산,647,,20250619,6호선,2611,응암,610,N,6호선,6118,2629,삼각지,628,N,12:44:50,12:45:20,,6099,하행,2025-05-01T05:00:00,,주말
6호선,2648,봉화산,647,,20250619,6호선,2611,응암,610,N,6호선,6118,2630,녹사평,629,N,12:47:00,12:47:20,,6099,하행,2025-05-01T05:00:00,,주말
6호선,2648,봉화산,647,,20250619,6호선,2611,응암,610,N,6호선,6118,2631,이태원,630,N,12:48:30,12:49:00,,6099,하행,2025-05-01T05:00:00,,주말
6호선,2648,봉화산,647,,20250619,6호선,2611,응암,610,N,6호선,6118,2632,한강진,631,N,12:50:30,12:50:50,,6099,하행,2025-05-01T05:00:00,,주말
6호선,2648,봉화산,647,,20250619,6호선,2611,응암,610,N,6호선,6118,2633,버티고개,632,N,12:52:20,12:52:40,,6099,하행,2025-05-01T05:00:00,,주말
6호선,2648,봉화산,647,,20250619,6호선,2611,응암,610,N,6호선,6118,2634,약수,633,N,12:53:50,12:54:30,,6099,하행,2025-05-01T05:00:00,,주말
6호선,2648,봉화산,647,,20250619,6호선,2611,응암,610,N,6호선,6118,2635,청구,634,N,12:55:40,12:56:10,,6099,하행,2025-05-01T05:00:00,,주말
6호선,2648,봉화산,647,,20250619,6호선,2611,응암,610,N,6호선,6118,2636,신당,635,N,12:57:20,12:57:50,,6099,하행,2025-05-01T05:00:00,,주말
6호선,2648,봉화산,647,,20250619,6호선,2611,응암,610,N,6호선,6118,2637,동묘앞,636,N,12:58:50,12:59:20,,6099,하행,2025-05-01T05:00:00,,주말
6호선,2648,봉화산,647,,20250619,6호선,2611,응암,610,N,6호선,6118,2638,창신,637,N,13:00:40,13:01:10,,6099,하행,2025-05-01T05:00:00,,주말
6호선,2648,봉화산,647,,20250619,6호선,2611,응암,610,N,6호선,6118,2639,보문,638,N,13:02:20,13:02:50,,6099,하행,2025-05-01T05:00:00,,주말
6호선,2648,봉화산,647,,20250619,6호선,2611,응암,610,N,6호선,6118,2640,안암,639,N,13:04:00,13:04:30,,6099,하행,2025-05-01T05:00:00,,주말
6호선,2648,봉화산,647,,20250619,6호선,2611,응암,610,N,6호선,6118,2641,고려대,640,N,13:05:40,13:06:10,,6099,하행,2025-05-01T05:00:00,,주말
6호선,2648,봉화산,647,,20250619,6호선,2611,응암,610,N,6호선,6118,2642,월곡,641,N,13:07:50,13:08:20,,6099,하행,2025-05-01T05:00:00,,주말
6호선,2648,봉화산,647,,20250619,6호선,2611,응암,610,N,6호선,6118,2643,상월곡,642,N,13:09:30,13:10:00,,6099,하행,2025-05-01T05:00:00,,주말
6호선,2648,봉화산,647,,20250619,6호선,2611,응암,610,N,6호선,6118,2644,돌곶이,643,N,13:11:10,13:11:30,,6099,하행,2025-05-01T05:00:00,,주말
6호선,2648,봉화산,647,,20250619,6호선,2611,응암,610,N,6호선,6118,2645,석계,644,N,13:12:50,13:13:30,,6099,하행,2025-05-01T05:00:00,,주말
6호선,2648,봉화산,647,,20250619,6호선,2611,응암,610,N,6호선,6118,2646,태릉입구,645,N,13:14:40,13:15:10,,6099,하행,2025-05-01T05:00:00,,주말
6호선,2648,봉화산,647,,20250619,6호선,2611,응암,610,N,6호선,6118,2647,화랑대,646,N,13:16:20,13:16:50,,6099,하행,2025-05-01T05:00:00,,주말
6호선,2648,봉화산,647,,20250619,6호선,2611,응암,610,N,6호선,6118,2648,봉화산,647,N,13:18:10,,,6099,하행,2025-05-01T05:00:00,,주말
6호선,2648,봉화산,647,,20250619,6호선,2611,응암,610,N,6호선,6122,2611,응암,610,N,,12:18:00,,6101,하행,2025-05-01T05:00:00,,주말
6호선,2648,봉화산,647,,20250619,6호선,2611,응암,610,N,6호선,6122,2612,역촌,611,N,12:19:40,12:20:00,,6101,하행,2025-05-01T05:00:00,,주말
6호선,2648,봉화산,647,,20250619,6호선,2611,응암,610,N,6호선,6122,2613,불광,612,N,12:21:20,12:21:50,,6101,하행,2025-05-01T05:00:00,,주말
6호선,2648,봉화산,647,,20250619,6호선,2611,응암,610,N,6호선,6122,2614,독바위,613,N,12:23:10,12:23:30,,6101,하행,2025-05-01T05:00:00,,주말
6호선,2648,봉화산,647,,20250619,6호선,2611,응암,610,N,6호선,6122,2615,연신내,614,N,12:25:40,12:26:20,,6101,하행,2025-05-01T05:00:00,,주말
6호선,2648,봉화산,647,,20250619,6호선,2611,응암,610,N,6호선,6122,2616,구산,615,N,12:27:40,12:28:10,,6101,하행,2025-05-01T05:00:00,,주말
6호선,2648,봉화산,647,,20250619,6호선,2611,응암,610,N,6호선,6122,2611,응암,610,N,12:30:10,12:30:40,,6101,하행,2025-05-01T05:00:00,,주말
6호선,2648,봉화산,647,,20250619,6호선,2611,응암,610,N,6호선,6122,2617,새절,616,N,12:32:00,12:32:30,,6101,하행,2025-05-01T05:00:00,,주말
6호선,2648,봉화산,647,,20250619,6호선,2611,응암,610,N,6호선,6122,2618,증산,617,N,12:33:50,12:34:10,,6101,하행,2025-05-01T05:00:00,,주말
6호선,2648,봉화산,647,,20250619,6호선,2611,응암,610,N,6호선,6122,2619,디지털미디어시티,618,N,12:35:30,12:36:10,,6101,하행,2025-05-01T05:00:00,,주말
6호선,2648,봉화산,647,,20250619,6호선,2611,응암,610,N,6호선,6122,2620,월드컵경기장,619,N,12:37:20,12:37:50,,6101,하행,2025-05-01T05:00:00,,주말
6호선,2648,봉화산,647,,20250619,6호선,2611,응암,610,N,6호선,6122,2621,마포구청,620,N,12:39:00,12:39:30,,6101,하행,2025-05-01T05:00:00,,주말
6호선,2648,봉화산,647,,20250619,6호선,2611,응암,610,N,6호선,6122,2622,망원,621,N,12:40:50,12:41:20,,6101,하행,2025-05-01T05:00:00,,주말
6호선,2648,봉화산,647,,20250619,6호선,2611,응암,610,N,6호선,6122,2623,합정,622,N,12:42:40,12:43:20,,6101,하행,2025-05-01T05:00:00,,주말
6호선,2648,봉화산,647,,20250619,6호선,2611,응암,610,N,6호선,6122,2624,상수,623,N,12:44:30,12:44:50,,6101,하행,2025-05-01T05:00:00,,주말
6호선,2648,봉화산,647,,20250619,6호선,2611,응암,610,N,6호선,6122,2625,광흥창,624,N,12:46:00,12:46:30,,6101,하행,2025-05-01T05:00:00,,주말
6호선,2648,봉화산,647,,20250619,6호선,2611,응암,610,N,6호선,6122,2626,대흥,625,N,12:48:00,12:48:30,,6101,하행,2025-05-01T05:00:00,,주말
6호선,2648,봉화산,647,,20250619,6호선,2611,응암,610,N,6호선,6122,2627,공덕,626,N,12:49:50,12:50:30,,6101,하행,2025-05-01T05:00:00,,주말
6호선,2648,봉화산,647,,20250619,6호선,2611,응암,610,N,6호선,6122,2628,효창공원앞,627,N,12:51:50,12:52:20,,6101,하행,2025-05-01T05:00:00,,주말
6호선,2648,봉화산,647,,20250619,6호선,2611,응암,610,N,6호선,6122,2629,삼각지,628,N,12:53:50,12:54:20,,6101,하행,2025-05-01T05:00:00,,주말
6호선,2648,봉화산,647,,20250619,6호선,2611,응암,610,N,6호선,6122,2630,녹사평,629,N,12:56:00,12:56:20,,6101,하행,2025-05-01T05:00:00,,주말
6호선,2648,봉화산,647,,20250619,6호선,2611,응암,610,N,6호선,6122,2631,이태원,630,N,12:57:30,12:58:00,,6101,하행,2025-05-01T05:00:00,,주말
6호선,2648,봉화산,647,,20250619,6호선,2611,응암,610,N,6호선,6122,2632,한강진,631,N,12:59:30,12:59:50,,6101,하행,2025-05-01T05:00:00,,주말
6호선,2648,봉화산,647,,20250619,6호선,2611,응암,610,N,6호선,6122,2633,버티고개,632,N,13:01:20,13:01:40,,6101,하행,2025-05-01T05:00:00,,주말
6호선,2648,봉화산,647,,20250619,6호선,2611,응암,610,N,6호선,6122,2634,약수,633,N,13:02:50,13:03:30,,6101,하행,2025-05-01T05:00:00,,주말
6호선,2648,봉화산,647,,20250619,6호선,2611,응암,610,N,6호선,6122,2635,청구,634,N,13:04:40,13:05:10,,6101,하행,2025-05-01T05:00:00,,주말
6호선,2648,봉화산,647,,20250619,6호선,2611,응암,610,N,6호선,6122,2636,신당,635,N,13:06:20,13:06:50,,6101,하행,2025-05-01T05:00:00,,주말
6호선,2648,봉화산,647,,20250619,6호선,2611,응암,610,N,6호선,6122,2637,동묘앞,636,N,13:07:50,13:08:20,,6101,하행,2025-05-01T05:00:00,,주말
6호선,2648,봉화산,647,,20250619,6호선,2611,응암,610,N,6호선,6122,2638,창신,637,N,13:09:40,13:10:10,,6101,하행,2025-05-01T05:00:00,,주말
6호선,2648,봉화산,647,,20250619,6호선,2611,응암,610,N,6호선,6122,2639,보문,638,N,13:11:20,13:11:50,,6101,하행,2025-05-01T05:00:00,,주말
6호선,2648,봉화산,647,,20250619,6호선,2611,응암,610,N,6호선,6122,2640,안암,639,N,13:13:00,13:13:30,,6101,하행,2025-05-01T05:00:00,,주말
6호선,2648,봉화산,647,,20250619,6호선,2611,응암,610,N,6호선,6122,2641,고려대,640,N,13:14:40,13:15:10,,6101,하행,2025-05-01T05:00:00,,주말
6호선,2648,봉화산,647,,20250619,6호선,2611,응암,610,N,6호선,6122,2642,월곡,641,N,13:16:50,13:17:20,,6101,하행,2025-05-01T05:00:00,,주말
6호선,2648,봉화산,647,,20250619,6호선,2611,응암,610,N,6호선,6122,2643,상월곡,642,N,13:18:30,13:19:00,,6101,하행,2025-05-01T05:00:00,,주말
6호선,2648,봉화산,647,,20250619,6호선,2611,응암,610,N,6호선,6122,2644,돌곶이,643,N,13:20:10,13:20:30,,6101,하행,2025-05-01T05:00:00,,주말
6호선,2648,봉화산,647,,20250619,6호선,2611,응암,610,N,6호선,6122,2645,석계,644,N,13:21:50,13:22:30,,6101,하행,2025-05-01T05:00:00,,주말
6호선,2648,봉화산,647,,20250619,6호선,2611,응암,610,N,6호선,6122,2646,태릉입구,645,N,13:23:40,13:24:10,,6101,하행,2025-05-01T05:00:00,,주말
6호선,2648,봉화산,647,,20250619,6호선,2611,응암,610,N,6호선,6122,2647,화랑대,646,N,13:25:20,13:25:50,,6101,하행,2025-05-01T05:00:00,,주말
6호선,2648,봉화산,647,,20250619,6호선,2611,응암,610,N,6호선,6122,2648,봉화산,647,N,13:27:10,,,6101,하행,2025-05-01T05:00:00,,주말
6호선,2649,신내,648,,20250619,6호선,2611,응암,610,N,6호선,6126,2611,응암,610,N,,12:27:00,,6103,하행,2025-05-01T05:00:00,,주말
6호선,2649,신내,648,,20250619,6호선,2611,응암,610,N,6호선,6126,2612,역촌,611,N,12:28:40,12:29:00,,6103,하행,2025-05-01T05:00:00,,주말
6호선,2649,신내,648,,20250619,6호선,2611,응암,610,N,6호선,6126,2613,불광,612,N,12:30:20,12:30:50,,6103,하행,2025-05-01T05:00:00,,주말
6호선,2649,신내,648,,20250619,6호선,2611,응암,610,N,6호선,6126,2614,독바위,613,N,12:32:10,12:32:30,,6103,하행,2025-05-01T05:00:00,,주말
6호선,2649,신내,648,,20250619,6호선,2611,응암,610,N,6호선,6126,2615,연신내,614,N,12:34:40,12:35:20,,6103,하행,2025-05-01T05:00:00,,주말
6호선,2649,신내,648,,20250619,6호선,2611,응암,610,N,6호선,6126,2616,구산,615,N,12:36:40,12:37:10,,6103,하행,2025-05-01T05:00:00,,주말
6호선,2649,신내,648,,20250619,6호선,2611,응암,610,N,6호선,6126,2611,응암,610,N,12:39:10,12:39:40,,6103,하행,2025-05-01T05:00:00,,주말
6호선,2649,신내,648,,20250619,6호선,2611,응암,610,N,6호선,6126,2617,새절,616,N,12:41:00,12:41:30,,6103,하행,2025-05-01T05:00:00,,주말
6호선,2649,신내,648,,20250619,6호선,2611,응암,610,N,6호선,6126,2618,증산,617,N,12:42:50,12:43:10,,6103,하행,2025-05-01T05:00:00,,주말
6호선,2649,신내,648,,20250619,6호선,2611,응암,610,N,6호선,6126,2619,디지털미디어시티,618,N,12:44:30,12:45:10,,6103,하행,2025-05-01T05:00:00,,주말
6호선,2649,신내,648,,20250619,6호선,2611,응암,610,N,6호선,6126,2620,월드컵경기장,619,N,12:46:20,12:46:50,,6103,하행,2025-05-01T05:00:00,,주말
6호선,2649,신내,648,,20250619,6호선,2611,응암,610,N,6호선,6126,2621,마포구청,620,N,12:48:00,12:48:30,,6103,하행,2025-05-01T05:00:00,,주말
6호선,2649,신내,648,,20250619,6호선,2611,응암,610,N,6호선,6126,2622,망원,621,N,12:49:50,12:50:20,,6103,하행,2025-05-01T05:00:00,,주말
6호선,2649,신내,648,,20250619,6호선,2611,응암,610,N,6호선,6126,2623,합정,622,N,12:51:40,12:52:20,,6103,하행,2025-05-01T05:00:00,,주말
6호선,2649,신내,648,,20250619,6호선,2611,응암,610,N,6호선,6126,2624,상수,623,N,12:53:30,12:53:50,,6103,하행,2025-05-01T05:00:00,,주말
6호선,2649,신내,648,,20250619,6호선,2611,응암,610,N,6호선,6126,2625,광흥창,624,N,12:55:00,12:55:30,,6103,하행,2025-05-01T05:00:00,,주말
6호선,2649,신내,648,,20250619,6호선,2611,응암,610,N,6호선,6126,2626,대흥,625,N,12:57:00,12:57:30,,6103,하행,2025-05-01T05:00:00,,주말
6호선,2649,신내,648,,20250619,6호선,2611,응암,610,N,6호선,6126,2627,공덕,626,N,12:58:50,12:59:30,,6103,하행,2025-05-01T05:00:00,,주말
6호선,2649,신내,648,,20250619,6호선,2611,응암,610,N,6호선,6126,2628,효창공원앞,627,N,13:00:50,13:01:20,,6103,하행,2025-05-01T05:00:00,,주말
6호선,2649,신내,648,,20250619,6호선,2611,응암,610,N,6호선,6126,2629,삼각지,628,N,13:02:50,13:03:20,,6103,하행,2025-05-01T05:00:00,,주말
6호선,2649,신내,648,,20250619,6호선,2611,응암,610,N,6호선,6126,2630,녹사평,629,N,13:05:00,13:05:20,,6103,하행,2025-05-01T05:00:00,,주말
6호선,2649,신내,648,,20250619,6호선,2611,응암,610,N,6호선,6126,2631,이태원,630,N,13:06:30,13:07:00,,6103,하행,2025-05-01T05:00:00,,주말
6호선,2649,신내,648,,20250619,6호선,2611,응암,610,N,6호선,6126,2632,한강진,631,N,13:08:30,13:08:50,,6103,하행,2025-05-01T05:00:00,,주말
6호선,2649,신내,648,,20250619,6호선,2611,응암,610,N,6호선,6126,2633,버티고개,632,N,13:10:20,13:10:40,,6103,하행,2025-05-01T05:00:00,,주말
6호선,2649,신내,648,,20250619,6호선,2611,응암,610,N,6호선,6126,2634,약수,633,N,13:11:50,13:12:30,,6103,하행,2025-05-01T05:00:00,,주말
6호선,2649,신내,648,,20250619,6호선,2611,응암,610,N,6호선,6126,2635,청구,634,N,13:13:40,13:14:10,,6103,하행,2025-05-01T05:00:00,,주말
6호선,2649,신내,648,,20250619,6호선,2611,응암,610,N,6호선,6126,2636,신당,635,N,13:15:20,13:15:50,,6103,하행,2025-05-01T05:00:00,,주말
6호선,2649,신내,648,,20250619,6호선,2611,응암,610,N,6호선,6126,2637,동묘앞,636,N,13:16:50,13:17:20,,6103,하행,2025-05-01T05:00:00,,주말
6호선,2649,신내,648,,20250619,6호선,2611,응암,610,N,6호선,6126,2638,창신,637,N,13:18:40,13:19:10,,6103,하행,2025-05-01T05:00:00,,주말
6호선,2649,신내,648,,20250619,6호선,2611,응암,610,N,6호선,6126,2639,보문,638,N,13:20:20,13:20:50,,6103,하행,2025-05-01T05:00:00,,주말
6호선,2649,신내,648,,20250619,6호선,2611,응암,610,N,6호선,6126,2640,안암,639,N,13:22:00,13:22:30,,6103,하행,2025-05-01T05:00:00,,주말
6호선,2649,신내,648,,20250619,6호선,2611,응암,610,N,6호선,6126,2641,고려대,640,N,13:23:40,13:24:10,,6103,하행,2025-05-01T05:00:00,,주말
6호선,2649,신내,648,,20250619,6호선,2611,응암,610,N,6호선,6126,2642,월곡,641,N,13:25:50,13:26:20,,6103,하행,2025-05-01T05:00:00,,주말
6호선,2649,신내,648,,20250619,6호선,2611,응암,610,N,6호선,6126,2643,상월곡,642,N,13:27:30,13:28:00,,6103,하행,2025-05-01T05:00:00,,주말
6호선,2649,신내,648,,20250619,6호선,2611,응암,610,N,6호선,6126,2644,돌곶이,643,N,13:29:10,13:29:30,,6103,하행,2025-05-01T05:00:00,,주말
6호선,2649,신내,648,,20250619,6호선,2611,응암,610,N,6호선,6126,2645,석계,644,N,13:30:50,13:31:30,,6103,하행,2025-05-01T05:00:00,,주말
6호선,2649,신내,648,,20250619,6호선,2611,응암,610,N,6호선,6126,2646,태릉입구,645,N,13:32:40,13:33:10,,6103,하행,2025-05-01T05:00:00,,주말
6호선,2649,신내,648,,20250619,6호선,2611,응암,610,N,6호선,6126,2647,화랑대,646,N,13:34:20,13:34:50,,6103,하행,2025-05-01T05:00:00,,주말
6호선,2649,신내,648,,20250619,6호선,2611,응암,610,N,6호선,6126,2648,봉화산,647,N,13:36:10,13:36:40,,6103,하행,2025-05-01T05:00:00,,주말
6호선,2649,신내,648,,20250619,6호선,2611,응암,610,N,6호선,6126,2649,신내,648,N,13:41:10,,,6103,하행,2025-05-01T05:00:00,,주말
6호선,2648,봉화산,647,,20250619,6호선,2611,응암,610,N,6호선,6124,2611,응암,610,N,,12:36:00,,6105,하행,2025-05-01T05:00:00,,주말
6호선,2648,봉화산,647,,20250619,6호선,2611,응암,610,N,6호선,6124,2612,역촌,611,N,12:37:40,12:38:00,,6105,하행,2025-05-01T05:00:00,,주말
6호선,2648,봉화산,647,,20250619,6호선,2611,응암,610,N,6호선,6124,2613,불광,612,N,12:39:20,12:39:50,,6105,하행,2025-05-01T05:00:00,,주말
6호선,2648,봉화산,647,,20250619,6호선,2611,응암,610,N,6호선,6124,2614,독바위,613,N,12:41:10,12:41:30,,6105,하행,2025-05-01T05:00:00,,주말
6호선,2648,봉화산,647,,20250619,6호선,2611,응암,610,N,6호선,6124,2615,연신내,614,N,12:43:40,12:44:20,,6105,하행,2025-05-01T05:00:00,,주말
6호선,2648,봉화산,647,,20250619,6호선,2611,응암,610,N,6호선,6124,2616,구산,615,N,12:45:40,12:46:10,,6105,하행,2025-05-01T05:00:00,,주말
6호선,2648,봉화산,647,,20250619,6호선,2611,응암,610,N,6호선,6124,2611,응암,610,N,12:48:10,12:48:40,,6105,하행,2025-05-01T05:00:00,,주말
6호선,2648,봉화산,647,,20250619,6호선,2611,응암,610,N,6호선,6124,2617,새절,616,N,12:50:00,12:50:30,,6105,하행,2025-05-01T05:00:00,,주말
6호선,2648,봉화산,647,,20250619,6호선,2611,응암,610,N,6호선,6124,2618,증산,617,N,12:51:50,12:52:10,,6105,하행,2025-05-01T05:00:00,,주말
6호선,2648,봉화산,647,,20250619,6호선,2611,응암,610,N,6호선,6124,2619,디지털미디어시티,618,N,12:53:30,12:54:10,,6105,하행,2025-05-01T05:00:00,,주말
6호선,2648,봉화산,647,,20250619,6호선,2611,응암,610,N,6호선,6124,2620,월드컵경기장,619,N,12:55:20,12:55:50,,6105,하행,2025-05-01T05:00:00,,주말
6호선,2648,봉화산,647,,20250619,6호선,2611,응암,610,N,6호선,6124,2621,마포구청,620,N,12:57:00,12:57:30,,6105,하행,2025-05-01T05:00:00,,주말
6호선,2648,봉화산,647,,20250619,6호선,2611,응암,610,N,6호선,6124,2622,망원,621,N,12:58:50,12:59:20,,6105,하행,2025-05-01T05:00:00,,주말
6호선,2648,봉화산,647,,20250619,6호선,2611,응암,610,N,6호선,6124,2623,합정,622,N,13:00:40,13:01:20,,6105,하행,2025-05-01T05:00:00,,주말
6호선,2648,봉화산,647,,20250619,6호선,2611,응암,610,N,6호선,6124,2624,상수,623,N,13:02:30,13:02:50,,6105,하행,2025-05-01T05:00:00,,주말
6호선,2648,봉화산,647,,20250619,6호선,2611,응암,610,N,6호선,6124,2625,광흥창,624,N,13:04:00,13:04:30,,6105,하행,2025-05-01T05:00:00,,주말
6호선,2648,봉화산,647,,20250619,6호선,2611,응암,610,N,6호선,6124,2626,대흥,625,N,13:06:00,13:06:30,,6105,하행,2025-05-01T05:00:00,,주말
6호선,2648,봉화산,647,,20250619,6호선,2611,응암,610,N,6호선,6124,2627,공덕,626,N,13:07:50,13:08:30,,6105,하행,2025-05-01T05:00:00,,주말
6호선,2648,봉화산,647,,20250619,6호선,2611,응암,610,N,6호선,6124,2628,효창공원앞,627,N,13:09:50,13:10:20,,6105,하행,2025-05-01T05:00:00,,주말
6호선,2648,봉화산,647,,20250619,6호선,2611,응암,610,N,6호선,6124,2629,삼각지,628,N,13:11:50,13:12:20,,6105,하행,2025-05-01T05:00:00,,주말
6호선,2648,봉화산,647,,20250619,6호선,2611,응암,610,N,6호선,6124,2630,녹사평,629,N,13:14:00,13:14:20,,6105,하행,2025-05-01T05:00:00,,주말
6호선,2648,봉화산,647,,20250619,6호선,2611,응암,610,N,6호선,6124,2631,이태원,630,N,13:15:30,13:16:00,,6105,하행,2025-05-01T05:00:00,,주말
6호선,2648,봉화산,647,,20250619,6호선,2611,응암,610,N,6호선,6124,2632,한강진,631,N,13:17:30,13:17:50,,6105,하행,2025-05-01T05:00:00,,주말
6호선,2648,봉화산,647,,20250619,6호선,2611,응암,610,N,6호선,6124,2633,버티고개,632,N,13:19:20,13:19:40,,6105,하행,2025-05-01T05:00:00,,주말
6호선,2648,봉화산,647,,20250619,6호선,2611,응암,610,N,6호선,6124,2634,약수,633,N,13:20:50,13:21:30,,6105,하행,2025-05-01T05:00:00,,주말
6호선,2648,봉화산,647,,20250619,6호선,2611,응암,610,N,6호선,6124,2635,청구,634,N,13:22:40,13:23:10,,6105,하행,2025-05-01T05:00:00,,주말
6호선,2648,봉화산,647,,20250619,6호선,2611,응암,610,N,6호선,6124,2636,신당,635,N,13:24:20,13:24:50,,6105,하행,2025-05-01T05:00:00,,주말
6호선,2648,봉화산,647,,20250619,6호선,2611,응암,610,N,6호선,6124,2637,동묘앞,636,N,13:25:50,13:26:20,,6105,하행,2025-05-01T05:00:00,,주말
6호선,2648,봉화산,647,,20250619,6호선,2611,응암,610,N,6호선,6124,2638,창신,637,N,13:27:40,13:28:10,,6105,하행,2025-05-01T05:00:00,,주말
6호선,2648,봉화산,647,,20250619,6호선,2611,응암,610,N,6호선,6124,2639,보문,638,N,13:29:20,13:29:50,,6105,하행,2025-05-01T05:00:00,,주말
6호선,2648,봉화산,647,,20250619,6호선,2611,응암,610,N,6호선,6124,2640,안암,639,N,13:31:00,13:31:30,,6105,하행,2025-05-01T05:00:00,,주말
6호선,2648,봉화산,647,,20250619,6호선,2611,응암,610,N,6호선,6124,2641,고려대,640,N,13:32:40,13:33:10,,6105,하행,2025-05-01T05:00:00,,주말
6호선,2648,봉화산,647,,20250619,6호선,2611,응암,610,N,6호선,6124,2642,월곡,641,N,13:34:50,13:35:20,,6105,하행,2025-05-01T05:00:00,,주말
6호선,2648,봉화산,647,,20250619,6호선,2611,응암,610,N,6호선,6124,2643,상월곡,642,N,13:36:30,13:37:00,,6105,하행,2025-05-01T05:00:00,,주말
6호선,2648,봉화산,647,,20250619,6호선,2611,응암,610,N,6호선,6124,2644,돌곶이,643,N,13:38:10,13:38:30,,6105,하행,2025-05-01T05:00:00,,주말
6호선,2648,봉화산,647,,20250619,6호선,2611,응암,610,N,6호선,6124,2645,석계,644,N,13:39:50,13:40:30,,6105,하행,2025-05-01T05:00:00,,주말
6호선,2648,봉화산,647,,20250619,6호선,2611,응암,610,N,6호선,6124,2646,태릉입구,645,N,13:41:40,13:42:10,,6105,하행,2025-05-01T05:00:00,,주말
6호선,2648,봉화산,647,,20250619,6호선,2611,응암,610,N,6호선,6124,2647,화랑대,646,N,13:43:20,13:43:50,,6105,하행,2025-05-01T05:00:00,,주말
6호선,2648,봉화산,647,,20250619,6호선,2611,응암,610,N,6호선,6124,2648,봉화산,647,N,13:45:10,,,6105,하행,2025-05-01T05:00:00,,주말
6호선,2648,봉화산,647,,20250619,6호선,2611,응암,610,N,6호선,6128,2611,응암,610,N,,12:45:00,,6107,하행,2025-05-01T05:00:00,,주말
6호선,2648,봉화산,647,,20250619,6호선,2611,응암,610,N,6호선,6128,2612,역촌,611,N,12:46:40,12:47:00,,6107,하행,2025-05-01T05:00:00,,주말
6호선,2648,봉화산,647,,20250619,6호선,2611,응암,610,N,6호선,6128,2613,불광,612,N,12:48:20,12:48:50,,6107,하행,2025-05-01T05:00:00,,주말
6호선,2648,봉화산,647,,20250619,6호선,2611,응암,610,N,6호선,6128,2614,독바위,613,N,12:50:10,12:50:30,,6107,하행,2025-05-01T05:00:00,,주말
6호선,2648,봉화산,647,,20250619,6호선,2611,응암,610,N,6호선,6128,2615,연신내,614,N,12:52:40,12:53:20,,6107,하행,2025-05-01T05:00:00,,주말
6호선,2648,봉화산,647,,20250619,6호선,2611,응암,610,N,6호선,6128,2616,구산,615,N,12:54:40,12:55:10,,6107,하행,2025-05-01T05:00:00,,주말
6호선,2648,봉화산,647,,20250619,6호선,2611,응암,610,N,6호선,6128,2611,응암,610,N,12:57:10,12:57:40,,6107,하행,2025-05-01T05:00:00,,주말
6호선,2648,봉화산,647,,20250619,6호선,2611,응암,610,N,6호선,6128,2617,새절,616,N,12:59:00,12:59:30,,6107,하행,2025-05-01T05:00:00,,주말
6호선,2648,봉화산,647,,20250619,6호선,2611,응암,610,N,6호선,6128,2618,증산,617,N,13:00:50,13:01:10,,6107,하행,2025-05-01T05:00:00,,주말
6호선,2648,봉화산,647,,20250619,6호선,2611,응암,610,N,6호선,6128,2619,디지털미디어시티,618,N,13:02:30,13:03:10,,6107,하행,2025-05-01T05:00:00,,주말
6호선,2648,봉화산,647,,20250619,6호선,2611,응암,610,N,6호선,6128,2620,월드컵경기장,619,N,13:04:20,13:04:50,,6107,하행,2025-05-01T05:00:00,,주말
6호선,2648,봉화산,647,,20250619,6호선,2611,응암,610,N,6호선,6128,2621,마포구청,620,N,13:06:00,13:06:30,,6107,하행,2025-05-01T05:00:00,,주말
6호선,2648,봉화산,647,,20250619,6호선,2611,응암,610,N,6호선,6128,2622,망원,621,N,13:07:50,13:08:20,,6107,하행,2025-05-01T05:00:00,,주말
6호선,2648,봉화산,647,,20250619,6호선,2611,응암,610,N,6호선,6128,2623,합정,622,N,13:09:40,13:10:20,,6107,하행,2025-05-01T05:00:00,,주말
6호선,2648,봉화산,647,,20250619,6호선,2611,응암,610,N,6호선,6128,2624,상수,623,N,13:11:30,13:11:50,,6107,하행,2025-05-01T05:00:00,,주말
6호선,2648,봉화산,647,,20250619,6호선,2611,응암,610,N,6호선,6128,2625,광흥창,624,N,13:13:00,13:13:30,,6107,하행,2025-05-01T05:00:00,,주말
6호선,2648,봉화산,647,,20250619,6호선,2611,응암,610,N,6호선,6128,2626,대흥,625,N,13:15:00,13:15:30,,6107,하행,2025-05-01T05:00:00,,주말
6호선,2648,봉화산,647,,20250619,6호선,2611,응암,610,N,6호선,6128,2627,공덕,626,N,13:16:50,13:17:30,,6107,하행,2025-05-01T05:00:00,,주말
6호선,2648,봉화산,647,,20250619,6호선,2611,응암,610,N,6호선,6128,2628,효창공원앞,627,N,13:18:50,13:19:20,,6107,하행,2025-05-01T05:00:00,,주말
6호선,2648,봉화산,647,,20250619,6호선,2611,응암,610,N,6호선,6128,2629,삼각지,628,N,13:20:50,13:21:20,,6107,하행,2025-05-01T05:00:00,,주말
6호선,2648,봉화산,647,,20250619,6호선,2611,응암,610,N,6호선,6128,2630,녹사평,629,N,13:23:00,13:23:20,,6107,하행,2025-05-01T05:00:00,,주말
6호선,2648,봉화산,647,,20250619,6호선,2611,응암,610,N,6호선,6128,2631,이태원,630,N,13:24:30,13:25:00,,6107,하행,2025-05-01T05:00:00,,주말
6호선,2648,봉화산,647,,20250619,6호선,2611,응암,610,N,6호선,6128,2632,한강진,631,N,13:26:30,13:26:50,,6107,하행,2025-05-01T05:00:00,,주말
6호선,2648,봉화산,647,,20250619,6호선,2611,응암,610,N,6호선,6128,2633,버티고개,632,N,13:28:20,13:28:40,,6107,하행,2025-05-01T05:00:00,,주말
6호선,2648,봉화산,647,,20250619,6호선,2611,응암,610,N,6호선,6128,2634,약수,633,N,13:29:50,13:30:30,,6107,하행,2025-05-01T05:00:00,,주말
6호선,2648,봉화산,647,,20250619,6호선,2611,응암,610,N,6호선,6128,2635,청구,634,N,13:31:40,13:32:10,,6107,하행,2025-05-01T05:00:00,,주말
6호선,2648,봉화산,647,,20250619,6호선,2611,응암,610,N,6호선,6128,2636,신당,635,N,13:33:20,13:33:50,,6107,하행,2025-05-01T05:00:00,,주말
6호선,2648,봉화산,647,,20250619,6호선,2611,응암,610,N,6호선,6128,2637,동묘앞,636,N,13:34:50,13:35:20,,6107,하행,2025-05-01T05:00:00,,주말
6호선,2648,봉화산,647,,20250619,6호선,2611,응암,610,N,6호선,6128,2638,창신,637,N,13:36:40,13:37:10,,6107,하행,2025-05-01T05:00:00,,주말
6호선,2648,봉화산,647,,20250619,6호선,2611,응암,610,N,6호선,6128,2639,보문,638,N,13:38:20,13:38:50,,6107,하행,2025-05-01T05:00:00,,주말
6호선,2648,봉화산,647,,20250619,6호선,2611,응암,610,N,6호선,6128,2640,안암,639,N,13:40:00,13:40:30,,6107,하행,2025-05-01T05:00:00,,주말
6호선,2648,봉화산,647,,20250619,6호선,2611,응암,610,N,6호선,6128,2641,고려대,640,N,13:41:40,13:42:10,,6107,하행,2025-05-01T05:00:00,,주말
6호선,2648,봉화산,647,,20250619,6호선,2611,응암,610,N,6호선,6128,2642,월곡,641,N,13:43:50,13:44:20,,6107,하행,2025-05-01T05:00:00,,주말
6호선,2648,봉화산,647,,20250619,6호선,2611,응암,610,N,6호선,6128,2643,상월곡,642,N,13:45:30,13:46:00,,6107,하행,2025-05-01T05:00:00,,주말
6호선,2648,봉화산,647,,20250619,6호선,2611,응암,610,N,6호선,6128,2644,돌곶이,643,N,13:47:10,13:47:30,,6107,하행,2025-05-01T05:00:00,,주말
6호선,2648,봉화산,647,,20250619,6호선,2611,응암,610,N,6호선,6128,2645,석계,644,N,13:48:50,13:49:30,,6107,하행,2025-05-01T05:00:00,,주말
6호선,2648,봉화산,647,,20250619,6호선,2611,응암,610,N,6호선,6128,2646,태릉입구,645,N,13:50:40,13:51:10,,6107,하행,2025-05-01T05:00:00,,주말
6호선,2648,봉화산,647,,20250619,6호선,2611,응암,610,N,6호선,6128,2647,화랑대,646,N,13:52:20,13:52:50,,6107,하행,2025-05-01T05:00:00,,주말
6호선,2648,봉화산,647,,20250619,6호선,2611,응암,610,N,6호선,6128,2648,봉화산,647,N,13:54:10,,,6107,하행,2025-05-01T05:00:00,,주말
6호선,2649,신내,648,,20250619,6호선,2611,응암,610,N,6호선,6132,2611,응암,610,N,,12:54:00,,6109,하행,2025-05-01T05:00:00,,주말
6호선,2649,신내,648,,20250619,6호선,2611,응암,610,N,6호선,6132,2612,역촌,611,N,12:55:40,12:56:00,,6109,하행,2025-05-01T05:00:00,,주말
6호선,2649,신내,648,,20250619,6호선,2611,응암,610,N,6호선,6132,2613,불광,612,N,12:57:20,12:57:50,,6109,하행,2025-05-01T05:00:00,,주말
6호선,2649,신내,648,,20250619,6호선,2611,응암,610,N,6호선,6132,2614,독바위,613,N,12:59:10,12:59:30,,6109,하행,2025-05-01T05:00:00,,주말
6호선,2649,신내,648,,20250619,6호선,2611,응암,610,N,6호선,6132,2615,연신내,614,N,13:01:40,13:02:20,,6109,하행,2025-05-01T05:00:00,,주말
6호선,2649,신내,648,,20250619,6호선,2611,응암,610,N,6호선,6132,2616,구산,615,N,13:03:40,13:04:10,,6109,하행,2025-05-01T05:00:00,,주말
6호선,2649,신내,648,,20250619,6호선,2611,응암,610,N,6호선,6132,2611,응암,610,N,13:06:10,13:06:40,,6109,하행,2025-05-01T05:00:00,,주말
6호선,2649,신내,648,,20250619,6호선,2611,응암,610,N,6호선,6132,2617,새절,616,N,13:08:00,13:08:30,,6109,하행,2025-05-01T05:00:00,,주말
6호선,2649,신내,648,,20250619,6호선,2611,응암,610,N,6호선,6132,2618,증산,617,N,13:09:50,13:10:10,,6109,하행,2025-05-01T05:00:00,,주말
6호선,2649,신내,648,,20250619,6호선,2611,응암,610,N,6호선,6132,2619,디지털미디어시티,618,N,13:11:30,13:12:10,,6109,하행,2025-05-01T05:00:00,,주말
6호선,2649,신내,648,,20250619,6호선,2611,응암,610,N,6호선,6132,2620,월드컵경기장,619,N,13:13:20,13:13:50,,6109,하행,2025-05-01T05:00:00,,주말
6호선,2649,신내,648,,20250619,6호선,2611,응암,610,N,6호선,6132,2621,마포구청,620,N,13:15:00,13:15:30,,6109,하행,2025-05-01T05:00:00,,주말
6호선,2649,신내,648,,20250619,6호선,2611,응암,610,N,6호선,6132,2622,망원,621,N,13:16:50,13:17:20,,6109,하행,2025-05-01T05:00:00,,주말
6호선,2649,신내,648,,20250619,6호선,2611,응암,610,N,6호선,6132,2623,합정,622,N,13:18:40,13:19:20,,6109,하행,2025-05-01T05:00:00,,주말
6호선,2649,신내,648,,20250619,6호선,2611,응암,610,N,6호선,6132,2624,상수,623,N,13:20:30,13:20:50,,6109,하행,2025-05-01T05:00:00,,주말
6호선,2649,신내,648,,20250619,6호선,2611,응암,610,N,6호선,6132,2625,광흥창,624,N,13:22:00,13:22:30,,6109,하행,2025-05-01T05:00:00,,주말
6호선,2649,신내,648,,20250619,6호선,2611,응암,610,N,6호선,6132,2626,대흥,625,N,13:24:00,13:24:30,,6109,하행,2025-05-01T05:00:00,,주말
6호선,2649,신내,648,,20250619,6호선,2611,응암,610,N,6호선,6132,2627,공덕,626,N,13:25:50,13:26:30,,6109,하행,2025-05-01T05:00:00,,주말
6호선,2649,신내,648,,20250619,6호선,2611,응암,610,N,6호선,6132,2628,효창공원앞,627,N,13:27:50,13:28:20,,6109,하행,2025-05-01T05:00:00,,주말
6호선,2649,신내,648,,20250619,6호선,2611,응암,610,N,6호선,6132,2629,삼각지,628,N,13:29:50,13:30:20,,6109,하행,2025-05-01T05:00:00,,주말
6호선,2649,신내,648,,20250619,6호선,2611,응암,610,N,6호선,6132,2630,녹사평,629,N,13:32:00,13:32:20,,6109,하행,2025-05-01T05:00:00,,주말
6호선,2649,신내,648,,20250619,6호선,2611,응암,610,N,6호선,6132,2631,이태원,630,N,13:33:30,13:34:00,,6109,하행,2025-05-01T05:00:00,,주말
6호선,2649,신내,648,,20250619,6호선,2611,응암,610,N,6호선,6132,2632,한강진,631,N,13:35:30,13:35:50,,6109,하행,2025-05-01T05:00:00,,주말
6호선,2649,신내,648,,20250619,6호선,2611,응암,610,N,6호선,6132,2633,버티고개,632,N,13:37:20,13:37:40,,6109,하행,2025-05-01T05:00:00,,주말
6호선,2649,신내,648,,20250619,6호선,2611,응암,610,N,6호선,6132,2634,약수,633,N,13:38:50,13:39:30,,6109,하행,2025-05-01T05:00:00,,주말
6호선,2649,신내,648,,20250619,6호선,2611,응암,610,N,6호선,6132,2635,청구,634,N,13:40:40,13:41:10,,6109,하행,2025-05-01T05:00:00,,주말
6호선,2649,신내,648,,20250619,6호선,2611,응암,610,N,6호선,6132,2636,신당,635,N,13:42:20,13:42:50,,6109,하행,2025-05-01T05:00:00,,주말
6호선,2649,신내,648,,20250619,6호선,2611,응암,610,N,6호선,6132,2637,동묘앞,636,N,13:43:50,13:44:20,,6109,하행,2025-05-01T05:00:00,,주말
6호선,2649,신내,648,,20250619,6호선,2611,응암,610,N,6호선,6132,2638,창신,637,N,13:45:40,13:46:10,,6109,하행,2025-05-01T05:00:00,,주말
6호선,2649,신내,648,,20250619,6호선,2611,응암,610,N,6호선,6132,2639,보문,638,N,13:47:20,13:47:50,,6109,하행,2025-05-01T05:00:00,,주말
6호선,2649,신내,648,,20250619,6호선,2611,응암,610,N,6호선,6132,2640,안암,639,N,13:49:00,13:49:30,,6109,하행,2025-05-01T05:00:00,,주말
6호선,2649,신내,648,,20250619,6호선,2611,응암,610,N,6호선,6132,2641,고려대,640,N,13:50:40,13:51:10,,6109,하행,2025-05-01T05:00:00,,주말
6호선,2649,신내,648,,20250619,6호선,2611,응암,610,N,6호선,6132,2642,월곡,641,N,13:52:50,13:53:20,,6109,하행,2025-05-01T05:00:00,,주말
6호선,2649,신내,648,,20250619,6호선,2611,응암,610,N,6호선,6132,2643,상월곡,642,N,13:54:30,13:55:00,,6109,하행,2025-05-01T05:00:00,,주말
6호선,2649,신내,648,,20250619,6호선,2611,응암,610,N,6호선,6132,2644,돌곶이,643,N,13:56:10,13:56:30,,6109,하행,2025-05-01T05:00:00,,주말
6호선,2649,신내,648,,20250619,6호선,2611,응암,610,N,6호선,6132,2645,석계,644,N,13:57:50,13:58:30,,6109,하행,2025-05-01T05:00:00,,주말
6호선,2649,신내,648,,20250619,6호선,2611,응암,610,N,6호선,6132,2646,태릉입구,645,N,13:59:40,14:00:10,,6109,하행,2025-05-01T05:00:00,,주말
6호선,2649,신내,648,,20250619,6호선,2611,응암,610,N,6호선,6132,2647,화랑대,646,N,14:01:20,14:01:50,,6109,하행,2025-05-01T05:00:00,,주말
6호선,2649,신내,648,,20250619,6호선,2611,응암,610,N,6호선,6132,2648,봉화산,647,N,14:03:10,14:03:40,,6109,하행,2025-05-01T05:00:00,,주말
6호선,2649,신내,648,,20250619,6호선,2611,응암,610,N,6호선,6132,2649,신내,648,N,14:08:10,,,6109,하행,2025-05-01T05:00:00,,주말
6호선,2648,봉화산,647,,20250619,6호선,2611,응암,610,N,6호선,6130,2611,응암,610,N,,13:03:00,,6111,하행,2025-05-01T05:00:00,,주말
6호선,2648,봉화산,647,,20250619,6호선,2611,응암,610,N,6호선,6130,2612,역촌,611,N,13:04:40,13:05:00,,6111,하행,2025-05-01T05:00:00,,주말
6호선,2648,봉화산,647,,20250619,6호선,2611,응암,610,N,6호선,6130,2613,불광,612,N,13:06:20,13:06:50,,6111,하행,2025-05-01T05:00:00,,주말
6호선,2648,봉화산,647,,20250619,6호선,2611,응암,610,N,6호선,6130,2614,독바위,613,N,13:08:10,13:08:30,,6111,하행,2025-05-01T05:00:00,,주말
6호선,2648,봉화산,647,,20250619,6호선,2611,응암,610,N,6호선,6130,2615,연신내,614,N,13:10:40,13:11:20,,6111,하행,2025-05-01T05:00:00,,주말
6호선,2648,봉화산,647,,20250619,6호선,2611,응암,610,N,6호선,6130,2616,구산,615,N,13:12:40,13:13:10,,6111,하행,2025-05-01T05:00:00,,주말
6호선,2648,봉화산,647,,20250619,6호선,2611,응암,610,N,6호선,6130,2611,응암,610,N,13:15:10,13:15:40,,6111,하행,2025-05-01T05:00:00,,주말
6호선,2648,봉화산,647,,20250619,6호선,2611,응암,610,N,6호선,6130,2617,새절,616,N,13:17:00,13:17:30,,6111,하행,2025-05-01T05:00:00,,주말
6호선,2648,봉화산,647,,20250619,6호선,2611,응암,610,N,6호선,6130,2618,증산,617,N,13:18:50,13:19:10,,6111,하행,2025-05-01T05:00:00,,주말
6호선,2648,봉화산,647,,20250619,6호선,2611,응암,610,N,6호선,6130,2619,디지털미디어시티,618,N,13:20:30,13:21:10,,6111,하행,2025-05-01T05:00:00,,주말
6호선,2648,봉화산,647,,20250619,6호선,2611,응암,610,N,6호선,6130,2620,월드컵경기장,619,N,13:22:20,13:22:50,,6111,하행,2025-05-01T05:00:00,,주말
6호선,2648,봉화산,647,,20250619,6호선,2611,응암,610,N,6호선,6130,2621,마포구청,620,N,13:24:00,13:24:30,,6111,하행,2025-05-01T05:00:00,,주말
6호선,2648,봉화산,647,,20250619,6호선,2611,응암,610,N,6호선,6130,2622,망원,621,N,13:25:50,13:26:20,,6111,하행,2025-05-01T05:00:00,,주말
6호선,2648,봉화산,647,,20250619,6호선,2611,응암,610,N,6호선,6130,2623,합정,622,N,13:27:40,13:28:20,,6111,하행,2025-05-01T05:00:00,,주말
6호선,2648,봉화산,647,,20250619,6호선,2611,응암,610,N,6호선,6130,2624,상수,623,N,13:29:30,13:29:50,,6111,하행,2025-05-01T05:00:00,,주말
6호선,2648,봉화산,647,,20250619,6호선,2611,응암,610,N,6호선,6130,2625,광흥창,624,N,13:31:00,13:31:30,,6111,하행,2025-05-01T05:00:00,,주말
6호선,2648,봉화산,647,,20250619,6호선,2611,응암,610,N,6호선,6130,2626,대흥,625,N,13:33:00,13:33:30,,6111,하행,2025-05-01T05:00:00,,주말
6호선,2648,봉화산,647,,20250619,6호선,2611,응암,610,N,6호선,6130,2627,공덕,626,N,13:34:50,13:35:30,,6111,하행,2025-05-01T05:00:00,,주말
6호선,2648,봉화산,647,,20250619,6호선,2611,응암,610,N,6호선,6130,2628,효창공원앞,627,N,13:36:50,13:37:20,,6111,하행,2025-05-01T05:00:00,,주말
6호선,2648,봉화산,647,,20250619,6호선,2611,응암,610,N,6호선,6130,2629,삼각지,628,N,13:38:50,13:39:20,,6111,하행,2025-05-01T05:00:00,,주말
6호선,2648,봉화산,647,,20250619,6호선,2611,응암,610,N,6호선,6130,2630,녹사평,629,N,13:41:00,13:41:20,,6111,하행,2025-05-01T05:00:00,,주말
6호선,2648,봉화산,647,,20250619,6호선,2611,응암,610,N,6호선,6130,2631,이태원,630,N,13:42:30,13:43:00,,6111,하행,2025-05-01T05:00:00,,주말
6호선,2648,봉화산,647,,20250619,6호선,2611,응암,610,N,6호선,6130,2632,한강진,631,N,13:44:30,13:44:50,,6111,하행,2025-05-01T05:00:00,,주말
6호선,2648,봉화산,647,,20250619,6호선,2611,응암,610,N,6호선,6130,2633,버티고개,632,N,13:46:20,13:46:40,,6111,하행,2025-05-01T05:00:00,,주말
6호선,2648,봉화산,647,,20250619,6호선,2611,응암,610,N,6호선,6130,2634,약수,633,N,13:47:50,13:48:30,,6111,하행,2025-05-01T05:00:00,,주말
6호선,2648,봉화산,647,,20250619,6호선,2611,응암,610,N,6호선,6130,2635,청구,634,N,13:49:40,13:50:10,,6111,하행,2025-05-01T05:00:00,,주말
6호선,2648,봉화산,647,,20250619,6호선,2611,응암,610,N,6호선,6130,2636,신당,635,N,13:51:20,13:51:50,,6111,하행,2025-05-01T05:00:00,,주말
6호선,2648,봉화산,647,,20250619,6호선,2611,응암,610,N,6호선,6130,2637,동묘앞,636,N,13:52:50,13:53:20,,6111,하행,2025-05-01T05:00:00,,주말
6호선,2648,봉화산,647,,20250619,6호선,2611,응암,610,N,6호선,6130,2638,창신,637,N,13:54:40,13:55:10,,6111,하행,2025-05-01T05:00:00,,주말
6호선,2648,봉화산,647,,20250619,6호선,2611,응암,610,N,6호선,6130,2639,보문,638,N,13:56:20,13:56:50,,6111,하행,2025-05-01T05:00:00,,주말
6호선,2648,봉화산,647,,20250619,6호선,2611,응암,610,N,6호선,6130,2640,안암,639,N,13:58:00,13:58:30,,6111,하행,2025-05-01T05:00:00,,주말
6호선,2648,봉화산,647,,20250619,6호선,2611,응암,610,N,6호선,6130,2641,고려대,640,N,13:59:40,14:00:10,,6111,하행,2025-05-01T05:00:00,,주말
6호선,2648,봉화산,647,,20250619,6호선,2611,응암,610,N,6호선,6130,2642,월곡,641,N,14:01:50,14:02:20,,6111,하행,2025-05-01T05:00:00,,주말
6호선,2648,봉화산,647,,20250619,6호선,2611,응암,610,N,6호선,6130,2643,상월곡,642,N,14:03:30,14:04:00,,6111,하행,2025-05-01T05:00:00,,주말
6호선,2648,봉화산,647,,20250619,6호선,2611,응암,610,N,6호선,6130,2644,돌곶이,643,N,14:05:10,14:05:30,,6111,하행,2025-05-01T05:00:00,,주말
6호선,2648,봉화산,647,,20250619,6호선,2611,응암,610,N,6호선,6130,2645,석계,644,N,14:06:50,14:07:30,,6111,하행,2025-05-01T05:00:00,,주말
6호선,2648,봉화산,647,,20250619,6호선,2611,응암,610,N,6호선,6130,2646,태릉입구,645,N,14:08:40,14:09:10,,6111,하행,2025-05-01T05:00:00,,주말
6호선,2648,봉화산,647,,20250619,6호선,2611,응암,610,N,6호선,6130,2647,화랑대,646,N,14:10:20,14:10:50,,6111,하행,2025-05-01T05:00:00,,주말
6호선,2648,봉화산,647,,20250619,6호선,2611,응암,610,N,6호선,6130,2648,봉화산,647,N,14:12:10,,,6111,하행,2025-05-01T05:00:00,,주말
6호선,2648,봉화산,647,,20250619,6호선,2611,응암,610,N,6호선,6134,2611,응암,610,N,,13:12:00,,6113,하행,2025-05-01T05:00:00,,주말
6호선,2648,봉화산,647,,20250619,6호선,2611,응암,610,N,6호선,6134,2612,역촌,611,N,13:13:40,13:14:00,,6113,하행,2025-05-01T05:00:00,,주말
6호선,2648,봉화산,647,,20250619,6호선,2611,응암,610,N,6호선,6134,2613,불광,612,N,13:15:20,13:15:50,,6113,하행,2025-05-01T05:00:00,,주말
6호선,2648,봉화산,647,,20250619,6호선,2611,응암,610,N,6호선,6134,2614,독바위,613,N,13:17:10,13:17:30,,6113,하행,2025-05-01T05:00:00,,주말
6호선,2648,봉화산,647,,20250619,6호선,2611,응암,610,N,6호선,6134,2615,연신내,614,N,13:19:40,13:20:20,,6113,하행,2025-05-01T05:00:00,,주말
6호선,2648,봉화산,647,,20250619,6호선,2611,응암,610,N,6호선,6134,2616,구산,615,N,13:21:40,13:22:10,,6113,하행,2025-05-01T05:00:00,,주말
6호선,2648,봉화산,647,,20250619,6호선,2611,응암,610,N,6호선,6134,2611,응암,610,N,13:24:10,13:24:40,,6113,하행,2025-05-01T05:00:00,,주말
6호선,2648,봉화산,647,,20250619,6호선,2611,응암,610,N,6호선,6134,2617,새절,616,N,13:26:00,13:26:30,,6113,하행,2025-05-01T05:00:00,,주말
6호선,2648,봉화산,647,,20250619,6호선,2611,응암,610,N,6호선,6134,2618,증산,617,N,13:27:50,13:28:10,,6113,하행,2025-05-01T05:00:00,,주말
6호선,2648,봉화산,647,,20250619,6호선,2611,응암,610,N,6호선,6134,2619,디지털미디어시티,618,N,13:29:30,13:30:10,,6113,하행,2025-05-01T05:00:00,,주말
6호선,2648,봉화산,647,,20250619,6호선,2611,응암,610,N,6호선,6134,2620,월드컵경기장,619,N,13:31:20,13:31:50,,6113,하행,2025-05-01T05:00:00,,주말
6호선,2648,봉화산,647,,20250619,6호선,2611,응암,610,N,6호선,6134,2621,마포구청,620,N,13:33:00,13:33:30,,6113,하행,2025-05-01T05:00:00,,주말
6호선,2648,봉화산,647,,20250619,6호선,2611,응암,610,N,6호선,6134,2622,망원,621,N,13:34:50,13:35:20,,6113,하행,2025-05-01T05:00:00,,주말
6호선,2648,봉화산,647,,20250619,6호선,2611,응암,610,N,6호선,6134,2623,합정,622,N,13:36:40,13:37:20,,6113,하행,2025-05-01T05:00:00,,주말
6호선,2648,봉화산,647,,20250619,6호선,2611,응암,610,N,6호선,6134,2624,상수,623,N,13:38:30,13:38:50,,6113,하행,2025-05-01T05:00:00,,주말
6호선,2648,봉화산,647,,20250619,6호선,2611,응암,610,N,6호선,6134,2625,광흥창,624,N,13:40:00,13:40:30,,6113,하행,2025-05-01T05:00:00,,주말
6호선,2648,봉화산,647,,20250619,6호선,2611,응암,610,N,6호선,6134,2626,대흥,625,N,13:42:00,13:42:30,,6113,하행,2025-05-01T05:00:00,,주말
6호선,2648,봉화산,647,,20250619,6호선,2611,응암,610,N,6호선,6134,2627,공덕,626,N,13:43:50,13:44:30,,6113,하행,2025-05-01T05:00:00,,주말
6호선,2648,봉화산,647,,20250619,6호선,2611,응암,610,N,6호선,6134,2628,효창공원앞,627,N,13:45:50,13:46:20,,6113,하행,2025-05-01T05:00:00,,주말
6호선,2648,봉화산,647,,20250619,6호선,2611,응암,610,N,6호선,6134,2629,삼각지,628,N,13:47:50,13:48:20,,6113,하행,2025-05-01T05:00:00,,주말
6호선,2648,봉화산,647,,20250619,6호선,2611,응암,610,N,6호선,6134,2630,녹사평,629,N,13:50:00,13:50:20,,6113,하행,2025-05-01T05:00:00,,주말
6호선,2648,봉화산,647,,20250619,6호선,2611,응암,610,N,6호선,6134,2631,이태원,630,N,13:51:30,13:52:00,,6113,하행,2025-05-01T05:00:00,,주말
6호선,2648,봉화산,647,,20250619,6호선,2611,응암,610,N,6호선,6134,2632,한강진,631,N,13:53:30,13:53:50,,6113,하행,2025-05-01T05:00:00,,주말
6호선,2648,봉화산,647,,20250619,6호선,2611,응암,610,N,6호선,6134,2633,버티고개,632,N,13:55:20,13:55:40,,6113,하행,2025-05-01T05:00:00,,주말
6호선,2648,봉화산,647,,20250619,6호선,2611,응암,610,N,6호선,6134,2634,약수,633,N,13:56:50,13:57:30,,6113,하행,2025-05-01T05:00:00,,주말
6호선,2648,봉화산,647,,20250619,6호선,2611,응암,610,N,6호선,6134,2635,청구,634,N,13:58:40,13:59:10,,6113,하행,2025-05-01T05:00:00,,주말
6호선,2648,봉화산,647,,20250619,6호선,2611,응암,610,N,6호선,6134,2636,신당,635,N,14:00:20,14:00:50,,6113,하행,2025-05-01T05:00:00,,주말
6호선,2648,봉화산,647,,20250619,6호선,2611,응암,610,N,6호선,6134,2637,동묘앞,636,N,14:01:50,14:02:20,,6113,하행,2025-05-01T05:00:00,,주말
6호선,2648,봉화산,647,,20250619,6호선,2611,응암,610,N,6호선,6134,2638,창신,637,N,14:03:40,14:04:10,,6113,하행,2025-05-01T05:00:00,,주말
6호선,2648,봉화산,647,,20250619,6호선,2611,응암,610,N,6호선,6134,2639,보문,638,N,14:05:20,14:05:50,,6113,하행,2025-05-01T05:00:00,,주말
6호선,2648,봉화산,647,,20250619,6호선,2611,응암,610,N,6호선,6134,2640,안암,639,N,14:07:00,14:07:30,,6113,하행,2025-05-01T05:00:00,,주말
6호선,2648,봉화산,647,,20250619,6호선,2611,응암,610,N,6호선,6134,2641,고려대,640,N,14:08:40,14:09:10,,6113,하행,2025-05-01T05:00:00,,주말
6호선,2648,봉화산,647,,20250619,6호선,2611,응암,610,N,6호선,6134,2642,월곡,641,N,14:10:50,14:11:20,,6113,하행,2025-05-01T05:00:00,,주말
6호선,2648,봉화산,647,,20250619,6호선,2611,응암,610,N,6호선,6134,2643,상월곡,642,N,14:12:30,14:13:00,,6113,하행,2025-05-01T05:00:00,,주말
6호선,2648,봉화산,647,,20250619,6호선,2611,응암,610,N,6호선,6134,2644,돌곶이,643,N,14:14:10,14:14:30,,6113,하행,2025-05-01T05:00:00,,주말
6호선,2648,봉화산,647,,20250619,6호선,2611,응암,610,N,6호선,6134,2645,석계,644,N,14:15:50,14:16:30,,6113,하행,2025-05-01T05:00:00,,주말
6호선,2648,봉화산,647,,20250619,6호선,2611,응암,610,N,6호선,6134,2646,태릉입구,645,N,14:17:40,14:18:10,,6113,하행,2025-05-01T05:00:00,,주말
6호선,2648,봉화산,647,,20250619,6호선,2611,응암,610,N,6호선,6134,2647,화랑대,646,N,14:19:20,14:19:50,,6113,하행,2025-05-01T05:00:00,,주말
6호선,2648,봉화산,647,,20250619,6호선,2611,응암,610,N,6호선,6134,2648,봉화산,647,N,14:21:10,,,6113,하행,2025-05-01T05:00:00,,주말
6호선,2649,신내,648,,20250619,6호선,2611,응암,610,N,6호선,6138,2611,응암,610,N,,13:21:00,,6115,하행,2025-05-01T05:00:00,,주말
6호선,2649,신내,648,,20250619,6호선,2611,응암,610,N,6호선,6138,2612,역촌,611,N,13:22:40,13:23:00,,6115,하행,2025-05-01T05:00:00,,주말
6호선,2649,신내,648,,20250619,6호선,2611,응암,610,N,6호선,6138,2613,불광,612,N,13:24:20,13:24:50,,6115,하행,2025-05-01T05:00:00,,주말
6호선,2649,신내,648,,20250619,6호선,2611,응암,610,N,6호선,6138,2614,독바위,613,N,13:26:10,13:26:30,,6115,하행,2025-05-01T05:00:00,,주말
6호선,2649,신내,648,,20250619,6호선,2611,응암,610,N,6호선,6138,2615,연신내,614,N,13:28:40,13:29:20,,6115,하행,2025-05-01T05:00:00,,주말
6호선,2649,신내,648,,20250619,6호선,2611,응암,610,N,6호선,6138,2616,구산,615,N,13:30:40,13:31:10,,6115,하행,2025-05-01T05:00:00,,주말
6호선,2649,신내,648,,20250619,6호선,2611,응암,610,N,6호선,6138,2611,응암,610,N,13:33:10,13:33:40,,6115,하행,2025-05-01T05:00:00,,주말
6호선,2649,신내,648,,20250619,6호선,2611,응암,610,N,6호선,6138,2617,새절,616,N,13:35:00,13:35:30,,6115,하행,2025-05-01T05:00:00,,주말
6호선,2649,신내,648,,20250619,6호선,2611,응암,610,N,6호선,6138,2618,증산,617,N,13:36:50,13:37:10,,6115,하행,2025-05-01T05:00:00,,주말
6호선,2649,신내,648,,20250619,6호선,2611,응암,610,N,6호선,6138,2619,디지털미디어시티,618,N,13:38:30,13:39:10,,6115,하행,2025-05-01T05:00:00,,주말
6호선,2649,신내,648,,20250619,6호선,2611,응암,610,N,6호선,6138,2620,월드컵경기장,619,N,13:40:20,13:40:50,,6115,하행,2025-05-01T05:00:00,,주말
6호선,2649,신내,648,,20250619,6호선,2611,응암,610,N,6호선,6138,2621,마포구청,620,N,13:42:00,13:42:30,,6115,하행,2025-05-01T05:00:00,,주말
6호선,2649,신내,648,,20250619,6호선,2611,응암,610,N,6호선,6138,2622,망원,621,N,13:43:50,13:44:20,,6115,하행,2025-05-01T05:00:00,,주말
6호선,2649,신내,648,,20250619,6호선,2611,응암,610,N,6호선,6138,2623,합정,622,N,13:45:40,13:46:20,,6115,하행,2025-05-01T05:00:00,,주말
6호선,2649,신내,648,,20250619,6호선,2611,응암,610,N,6호선,6138,2624,상수,623,N,13:47:30,13:47:50,,6115,하행,2025-05-01T05:00:00,,주말
6호선,2649,신내,648,,20250619,6호선,2611,응암,610,N,6호선,6138,2625,광흥창,624,N,13:49:00,13:49:30,,6115,하행,2025-05-01T05:00:00,,주말
6호선,2649,신내,648,,20250619,6호선,2611,응암,610,N,6호선,6138,2626,대흥,625,N,13:51:00,13:51:30,,6115,하행,2025-05-01T05:00:00,,주말
6호선,2649,신내,648,,20250619,6호선,2611,응암,610,N,6호선,6138,2627,공덕,626,N,13:52:50,13:53:30,,6115,하행,2025-05-01T05:00:00,,주말
6호선,2649,신내,648,,20250619,6호선,2611,응암,610,N,6호선,6138,2628,효창공원앞,627,N,13:54:50,13:55:20,,6115,하행,2025-05-01T05:00:00,,주말
6호선,2649,신내,648,,20250619,6호선,2611,응암,610,N,6호선,6138,2629,삼각지,628,N,13:56:50,13:57:20,,6115,하행,2025-05-01T05:00:00,,주말
6호선,2649,신내,648,,20250619,6호선,2611,응암,610,N,6호선,6138,2630,녹사평,629,N,13:59:00,13:59:20,,6115,하행,2025-05-01T05:00:00,,주말
6호선,2649,신내,648,,20250619,6호선,2611,응암,610,N,6호선,6138,2631,이태원,630,N,14:00:30,14:01:00,,6115,하행,2025-05-01T05:00:00,,주말
6호선,2649,신내,648,,20250619,6호선,2611,응암,610,N,6호선,6138,2632,한강진,631,N,14:02:30,14:02:50,,6115,하행,2025-05-01T05:00:00,,주말
6호선,2649,신내,648,,20250619,6호선,2611,응암,610,N,6호선,6138,2633,버티고개,632,N,14:04:20,14:04:40,,6115,하행,2025-05-01T05:00:00,,주말
6호선,2649,신내,648,,20250619,6호선,2611,응암,610,N,6호선,6138,2634,약수,633,N,14:05:50,14:06:30,,6115,하행,2025-05-01T05:00:00,,주말
6호선,2649,신내,648,,20250619,6호선,2611,응암,610,N,6호선,6138,2635,청구,634,N,14:07:40,14:08:10,,6115,하행,2025-05-01T05:00:00,,주말
6호선,2649,신내,648,,20250619,6호선,2611,응암,610,N,6호선,6138,2636,신당,635,N,14:09:20,14:09:50,,6115,하행,2025-05-01T05:00:00,,주말
6호선,2649,신내,648,,20250619,6호선,2611,응암,610,N,6호선,6138,2637,동묘앞,636,N,14:10:50,14:11:20,,6115,하행,2025-05-01T05:00:00,,주말
6호선,2649,신내,648,,20250619,6호선,2611,응암,610,N,6호선,6138,2638,창신,637,N,14:12:40,14:13:10,,6115,하행,2025-05-01T05:00:00,,주말
6호선,2649,신내,648,,20250619,6호선,2611,응암,610,N,6호선,6138,2639,보문,638,N,14:14:20,14:14:50,,6115,하행,2025-05-01T05:00:00,,주말
6호선,2649,신내,648,,20250619,6호선,2611,응암,610,N,6호선,6138,2640,안암,639,N,14:16:00,14:16:30,,6115,하행,2025-05-01T05:00:00,,주말
6호선,2649,신내,648,,20250619,6호선,2611,응암,610,N,6호선,6138,2641,고려대,640,N,14:17:40,14:18:10,,6115,하행,2025-05-01T05:00:00,,주말
6호선,2649,신내,648,,20250619,6호선,2611,응암,610,N,6호선,6138,2642,월곡,641,N,14:19:50,14:20:20,,6115,하행,2025-05-01T05:00:00,,주말
6호선,2649,신내,648,,20250619,6호선,2611,응암,610,N,6호선,6138,2643,상월곡,642,N,14:21:30,14:22:00,,6115,하행,2025-05-01T05:00:00,,주말
6호선,2649,신내,648,,20250619,6호선,2611,응암,610,N,6호선,6138,2644,돌곶이,643,N,14:23:10,14:23:30,,6115,하행,2025-05-01T05:00:00,,주말
6호선,2649,신내,648,,20250619,6호선,2611,응암,610,N,6호선,6138,2645,석계,644,N,14:24:50,14:25:30,,6115,하행,2025-05-01T05:00:00,,주말
6호선,2649,신내,648,,20250619,6호선,2611,응암,610,N,6호선,6138,2646,태릉입구,645,N,14:26:40,14:27:10,,6115,하행,2025-05-01T05:00:00,,주말
6호선,2649,신내,648,,20250619,6호선,2611,응암,610,N,6호선,6138,2647,화랑대,646,N,14:28:20,14:28:50,,6115,하행,2025-05-01T05:00:00,,주말
6호선,2649,신내,648,,20250619,6호선,2611,응암,610,N,6호선,6138,2648,봉화산,647,N,14:30:10,14:30:40,,6115,하행,2025-05-01T05:00:00,,주말
6호선,2649,신내,648,,20250619,6호선,2611,응암,610,N,6호선,6138,2649,신내,648,N,14:35:10,,,6115,하행,2025-05-01T05:00:00,,주말
6호선,2648,봉화산,647,,20250619,6호선,2611,응암,610,N,6호선,6136,2611,응암,610,N,,13:30:00,,6117,하행,2025-05-01T05:00:00,,주말
6호선,2648,봉화산,647,,20250619,6호선,2611,응암,610,N,6호선,6136,2612,역촌,611,N,13:31:40,13:32:00,,6117,하행,2025-05-01T05:00:00,,주말
6호선,2648,봉화산,647,,20250619,6호선,2611,응암,610,N,6호선,6136,2613,불광,612,N,13:33:20,13:33:50,,6117,하행,2025-05-01T05:00:00,,주말
6호선,2648,봉화산,647,,20250619,6호선,2611,응암,610,N,6호선,6136,2614,독바위,613,N,13:35:10,13:35:30,,6117,하행,2025-05-01T05:00:00,,주말
6호선,2648,봉화산,647,,20250619,6호선,2611,응암,610,N,6호선,6136,2615,연신내,614,N,13:37:40,13:38:20,,6117,하행,2025-05-01T05:00:00,,주말
6호선,2648,봉화산,647,,20250619,6호선,2611,응암,610,N,6호선,6136,2616,구산,615,N,13:39:40,13:40:10,,6117,하행,2025-05-01T05:00:00,,주말
6호선,2648,봉화산,647,,20250619,6호선,2611,응암,610,N,6호선,6136,2611,응암,610,N,13:42:10,13:42:40,,6117,하행,2025-05-01T05:00:00,,주말
6호선,2648,봉화산,647,,20250619,6호선,2611,응암,610,N,6호선,6136,2617,새절,616,N,13:44:00,13:44:30,,6117,하행,2025-05-01T05:00:00,,주말
6호선,2648,봉화산,647,,20250619,6호선,2611,응암,610,N,6호선,6136,2618,증산,617,N,13:45:50,13:46:10,,6117,하행,2025-05-01T05:00:00,,주말
6호선,2648,봉화산,647,,20250619,6호선,2611,응암,610,N,6호선,6136,2619,디지털미디어시티,618,N,13:47:30,13:48:10,,6117,하행,2025-05-01T05:00:00,,주말
6호선,2648,봉화산,647,,20250619,6호선,2611,응암,610,N,6호선,6136,2620,월드컵경기장,619,N,13:49:20,13:49:50,,6117,하행,2025-05-01T05:00:00,,주말
6호선,2648,봉화산,647,,20250619,6호선,2611,응암,610,N,6호선,6136,2621,마포구청,620,N,13:51:00,13:51:30,,6117,하행,2025-05-01T05:00:00,,주말
6호선,2648,봉화산,647,,20250619,6호선,2611,응암,610,N,6호선,6136,2622,망원,621,N,13:52:50,13:53:20,,6117,하행,2025-05-01T05:00:00,,주말
6호선,2648,봉화산,647,,20250619,6호선,2611,응암,610,N,6호선,6136,2623,합정,622,N,13:54:40,13:55:20,,6117,하행,2025-05-01T05:00:00,,주말
6호선,2648,봉화산,647,,20250619,6호선,2611,응암,610,N,6호선,6136,2624,상수,623,N,13:56:30,13:56:50,,6117,하행,2025-05-01T05:00:00,,주말
6호선,2648,봉화산,647,,20250619,6호선,2611,응암,610,N,6호선,6136,2625,광흥창,624,N,13:58:00,13:58:30,,6117,하행,2025-05-01T05:00:00,,주말
6호선,2648,봉화산,647,,20250619,6호선,2611,응암,610,N,6호선,6136,2626,대흥,625,N,14:00:00,14:00:30,,6117,하행,2025-05-01T05:00:00,,주말
6호선,2648,봉화산,647,,20250619,6호선,2611,응암,610,N,6호선,6136,2627,공덕,626,N,14:01:50,14:02:30,,6117,하행,2025-05-01T05:00:00,,주말
6호선,2648,봉화산,647,,20250619,6호선,2611,응암,610,N,6호선,6136,2628,효창공원앞,627,N,14:03:50,14:04:20,,6117,하행,2025-05-01T05:00:00,,주말
6호선,2648,봉화산,647,,20250619,6호선,2611,응암,610,N,6호선,6136,2629,삼각지,628,N,14:05:50,14:06:20,,6117,하행,2025-05-01T05:00:00,,주말
6호선,2648,봉화산,647,,20250619,6호선,2611,응암,610,N,6호선,6136,2630,녹사평,629,N,14:08:00,14:08:20,,6117,하행,2025-05-01T05:00:00,,주말
6호선,2648,봉화산,647,,20250619,6호선,2611,응암,610,N,6호선,6136,2631,이태원,630,N,14:09:30,14:10:00,,6117,하행,2025-05-01T05:00:00,,주말
6호선,2648,봉화산,647,,20250619,6호선,2611,응암,610,N,6호선,6136,2632,한강진,631,N,14:11:30,14:11:50,,6117,하행,2025-05-01T05:00:00,,주말
6호선,2648,봉화산,647,,20250619,6호선,2611,응암,610,N,6호선,6136,2633,버티고개,632,N,14:13:20,14:13:40,,6117,하행,2025-05-01T05:00:00,,주말
6호선,2648,봉화산,647,,20250619,6호선,2611,응암,610,N,6호선,6136,2634,약수,633,N,14:14:50,14:15:30,,6117,하행,2025-05-01T05:00:00,,주말
6호선,2648,봉화산,647,,20250619,6호선,2611,응암,610,N,6호선,6136,2635,청구,634,N,14:16:40,14:17:10,,6117,하행,2025-05-01T05:00:00,,주말
6호선,2648,봉화산,647,,20250619,6호선,2611,응암,610,N,6호선,6136,2636,신당,635,N,14:18:20,14:18:50,,6117,하행,2025-05-01T05:00:00,,주말
6호선,2648,봉화산,647,,20250619,6호선,2611,응암,610,N,6호선,6136,2637,동묘앞,636,N,14:19:50,14:20:20,,6117,하행,2025-05-01T05:00:00,,주말
6호선,2648,봉화산,647,,20250619,6호선,2611,응암,610,N,6호선,6136,2638,창신,637,N,14:21:40,14:22:10,,6117,하행,2025-05-01T05:00:00,,주말
6호선,2648,봉화산,647,,20250619,6호선,2611,응암,610,N,6호선,6136,2639,보문,638,N,14:23:20,14:23:50,,6117,하행,2025-05-01T05:00:00,,주말
6호선,2648,봉화산,647,,20250619,6호선,2611,응암,610,N,6호선,6136,2640,안암,639,N,14:25:00,14:25:30,,6117,하행,2025-05-01T05:00:00,,주말
6호선,2648,봉화산,647,,20250619,6호선,2611,응암,610,N,6호선,6136,2641,고려대,640,N,14:26:40,14:27:10,,6117,하행,2025-05-01T05:00:00,,주말
6호선,2648,봉화산,647,,20250619,6호선,2611,응암,610,N,6호선,6136,2642,월곡,641,N,14:28:50,14:29:20,,6117,하행,2025-05-01T05:00:00,,주말
6호선,2648,봉화산,647,,20250619,6호선,2611,응암,610,N,6호선,6136,2643,상월곡,642,N,14:30:30,14:31:00,,6117,하행,2025-05-01T05:00:00,,주말
6호선,2648,봉화산,647,,20250619,6호선,2611,응암,610,N,6호선,6136,2644,돌곶이,643,N,14:32:10,14:32:30,,6117,하행,2025-05-01T05:00:00,,주말
6호선,2648,봉화산,647,,20250619,6호선,2611,응암,610,N,6호선,6136,2645,석계,644,N,14:33:50,14:34:30,,6117,하행,2025-05-01T05:00:00,,주말
6호선,2648,봉화산,647,,20250619,6호선,2611,응암,610,N,6호선,6136,2646,태릉입구,645,N,14:35:40,14:36:10,,6117,하행,2025-05-01T05:00:00,,주말
6호선,2648,봉화산,647,,20250619,6호선,2611,응암,610,N,6호선,6136,2647,화랑대,646,N,14:37:20,14:37:50,,6117,하행,2025-05-01T05:00:00,,주말
6호선,2648,봉화산,647,,20250619,6호선,2611,응암,610,N,6호선,6136,2648,봉화산,647,N,14:39:10,,,6117,하행,2025-05-01T05:00:00,,주말
6호선,2648,봉화산,647,,20250619,6호선,2611,응암,610,N,6호선,6140,2611,응암,610,N,,13:39:00,,6119,하행,2025-05-01T05:00:00,,주말
6호선,2648,봉화산,647,,20250619,6호선,2611,응암,610,N,6호선,6140,2612,역촌,611,N,13:40:40,13:41:00,,6119,하행,2025-05-01T05:00:00,,주말
6호선,2648,봉화산,647,,20250619,6호선,2611,응암,610,N,6호선,6140,2613,불광,612,N,13:42:20,13:42:50,,6119,하행,2025-05-01T05:00:00,,주말
6호선,2648,봉화산,647,,20250619,6호선,2611,응암,610,N,6호선,6140,2614,독바위,613,N,13:44:10,13:44:30,,6119,하행,2025-05-01T05:00:00,,주말
6호선,2648,봉화산,647,,20250619,6호선,2611,응암,610,N,6호선,6140,2615,연신내,614,N,13:46:40,13:47:20,,6119,하행,2025-05-01T05:00:00,,주말
6호선,2648,봉화산,647,,20250619,6호선,2611,응암,610,N,6호선,6140,2616,구산,615,N,13:48:40,13:49:10,,6119,하행,2025-05-01T05:00:00,,주말
6호선,2648,봉화산,647,,20250619,6호선,2611,응암,610,N,6호선,6140,2611,응암,610,N,13:51:10,13:51:40,,6119,하행,2025-05-01T05:00:00,,주말
6호선,2648,봉화산,647,,20250619,6호선,2611,응암,610,N,6호선,6140,2617,새절,616,N,13:53:00,13:53:30,,6119,하행,2025-05-01T05:00:00,,주말
6호선,2648,봉화산,647,,20250619,6호선,2611,응암,610,N,6호선,6140,2618,증산,617,N,13:54:50,13:55:10,,6119,하행,2025-05-01T05:00:00,,주말
6호선,2648,봉화산,647,,20250619,6호선,2611,응암,610,N,6호선,6140,2619,디지털미디어시티,618,N,13:56:30,13:57:10,,6119,하행,2025-05-01T05:00:00,,주말
6호선,2648,봉화산,647,,20250619,6호선,2611,응암,610,N,6호선,6140,2620,월드컵경기장,619,N,13:58:20,13:58:50,,6119,하행,2025-05-01T05:00:00,,주말
6호선,2648,봉화산,647,,20250619,6호선,2611,응암,610,N,6호선,6140,2621,마포구청,620,N,14:00:00,14:00:30,,6119,하행,2025-05-01T05:00:00,,주말
6호선,2648,봉화산,647,,20250619,6호선,2611,응암,610,N,6호선,6140,2622,망원,621,N,14:01:50,14:02:20,,6119,하행,2025-05-01T05:00:00,,주말
6호선,2648,봉화산,647,,20250619,6호선,2611,응암,610,N,6호선,6140,2623,합정,622,N,14:03:40,14:04:20,,6119,하행,2025-05-01T05:00:00,,주말
6호선,2648,봉화산,647,,20250619,6호선,2611,응암,610,N,6호선,6140,2624,상수,623,N,14:05:30,14:05:50,,6119,하행,2025-05-01T05:00:00,,주말
6호선,2648,봉화산,647,,20250619,6호선,2611,응암,610,N,6호선,6140,2625,광흥창,624,N,14:07:00,14:07:30,,6119,하행,2025-05-01T05:00:00,,주말
6호선,2648,봉화산,647,,20250619,6호선,2611,응암,610,N,6호선,6140,2626,대흥,625,N,14:09:00,14:09:30,,6119,하행,2025-05-01T05:00:00,,주말
6호선,2648,봉화산,647,,20250619,6호선,2611,응암,610,N,6호선,6140,2627,공덕,626,N,14:10:50,14:11:30,,6119,하행,2025-05-01T05:00:00,,주말
6호선,2648,봉화산,647,,20250619,6호선,2611,응암,610,N,6호선,6140,2628,효창공원앞,627,N,14:12:50,14:13:20,,6119,하행,2025-05-01T05:00:00,,주말
6호선,2648,봉화산,647,,20250619,6호선,2611,응암,610,N,6호선,6140,2629,삼각지,628,N,14:14:50,14:15:20,,6119,하행,2025-05-01T05:00:00,,주말
6호선,2648,봉화산,647,,20250619,6호선,2611,응암,610,N,6호선,6140,2630,녹사평,629,N,14:17:00,14:17:20,,6119,하행,2025-05-01T05:00:00,,주말
6호선,2648,봉화산,647,,20250619,6호선,2611,응암,610,N,6호선,6140,2631,이태원,630,N,14:18:30,14:19:00,,6119,하행,2025-05-01T05:00:00,,주말
6호선,2648,봉화산,647,,20250619,6호선,2611,응암,610,N,6호선,6140,2632,한강진,631,N,14:20:30,14:20:50,,6119,하행,2025-05-01T05:00:00,,주말
6호선,2648,봉화산,647,,20250619,6호선,2611,응암,610,N,6호선,6140,2633,버티고개,632,N,14:22:20,14:22:40,,6119,하행,2025-05-01T05:00:00,,주말
6호선,2648,봉화산,647,,20250619,6호선,2611,응암,610,N,6호선,6140,2634,약수,633,N,14:23:50,14:24:30,,6119,하행,2025-05-01T05:00:00,,주말
6호선,2648,봉화산,647,,20250619,6호선,2611,응암,610,N,6호선,6140,2635,청구,634,N,14:25:40,14:26:10,,6119,하행,2025-05-01T05:00:00,,주말
6호선,2648,봉화산,647,,20250619,6호선,2611,응암,610,N,6호선,6140,2636,신당,635,N,14:27:20,14:27:50,,6119,하행,2025-05-01T05:00:00,,주말
6호선,2648,봉화산,647,,20250619,6호선,2611,응암,610,N,6호선,6140,2637,동묘앞,636,N,14:28:50,14:29:20,,6119,하행,2025-05-01T05:00:00,,주말
6호선,2648,봉화산,647,,20250619,6호선,2611,응암,610,N,6호선,6140,2638,창신,637,N,14:30:40,14:31:10,,6119,하행,2025-05-01T05:00:00,,주말
6호선,2648,봉화산,647,,20250619,6호선,2611,응암,610,N,6호선,6140,2639,보문,638,N,14:32:20,14:32:50,,6119,하행,2025-05-01T05:00:00,,주말
6호선,2648,봉화산,647,,20250619,6호선,2611,응암,610,N,6호선,6140,2640,안암,639,N,14:34:00,14:34:30,,6119,하행,2025-05-01T05:00:00,,주말
6호선,2648,봉화산,647,,20250619,6호선,2611,응암,610,N,6호선,6140,2641,고려대,640,N,14:35:40,14:36:10,,6119,하행,2025-05-01T05:00:00,,주말
6호선,2648,봉화산,647,,20250619,6호선,2611,응암,610,N,6호선,6140,2642,월곡,641,N,14:37:50,14:38:20,,6119,하행,2025-05-01T05:00:00,,주말
6호선,2648,봉화산,647,,20250619,6호선,2611,응암,610,N,6호선,6140,2643,상월곡,642,N,14:39:30,14:40:00,,6119,하행,2025-05-01T05:00:00,,주말
6호선,2648,봉화산,647,,20250619,6호선,2611,응암,610,N,6호선,6140,2644,돌곶이,643,N,14:41:10,14:41:30,,6119,하행,2025-05-01T05:00:00,,주말
6호선,2648,봉화산,647,,20250619,6호선,2611,응암,610,N,6호선,6140,2645,석계,644,N,14:42:50,14:43:30,,6119,하행,2025-05-01T05:00:00,,주말
6호선,2648,봉화산,647,,20250619,6호선,2611,응암,610,N,6호선,6140,2646,태릉입구,645,N,14:44:40,14:45:10,,6119,하행,2025-05-01T05:00:00,,주말
6호선,2648,봉화산,647,,20250619,6호선,2611,응암,610,N,6호선,6140,2647,화랑대,646,N,14:46:20,14:46:50,,6119,하행,2025-05-01T05:00:00,,주말
6호선,2648,봉화산,647,,20250619,6호선,2611,응암,610,N,6호선,6140,2648,봉화산,647,N,14:48:10,,,6119,하행,2025-05-01T05:00:00,,주말
6호선,2649,신내,648,,20250619,6호선,2611,응암,610,N,6호선,6144,2611,응암,610,N,,13:48:00,,6121,하행,2025-05-01T05:00:00,,주말
6호선,2649,신내,648,,20250619,6호선,2611,응암,610,N,6호선,6144,2612,역촌,611,N,13:49:40,13:50:00,,6121,하행,2025-05-01T05:00:00,,주말
6호선,2649,신내,648,,20250619,6호선,2611,응암,610,N,6호선,6144,2613,불광,612,N,13:51:20,13:51:50,,6121,하행,2025-05-01T05:00:00,,주말
6호선,2649,신내,648,,20250619,6호선,2611,응암,610,N,6호선,6144,2614,독바위,613,N,13:53:10,13:53:30,,6121,하행,2025-05-01T05:00:00,,주말
6호선,2649,신내,648,,20250619,6호선,2611,응암,610,N,6호선,6144,2615,연신내,614,N,13:55:40,13:56:20,,6121,하행,2025-05-01T05:00:00,,주말
6호선,2649,신내,648,,20250619,6호선,2611,응암,610,N,6호선,6144,2616,구산,615,N,13:57:40,13:58:10,,6121,하행,2025-05-01T05:00:00,,주말
6호선,2649,신내,648,,20250619,6호선,2611,응암,610,N,6호선,6144,2611,응암,610,N,14:00:10,14:00:40,,6121,하행,2025-05-01T05:00:00,,주말
6호선,2649,신내,648,,20250619,6호선,2611,응암,610,N,6호선,6144,2617,새절,616,N,14:02:00,14:02:30,,6121,하행,2025-05-01T05:00:00,,주말
6호선,2649,신내,648,,20250619,6호선,2611,응암,610,N,6호선,6144,2618,증산,617,N,14:03:50,14:04:10,,6121,하행,2025-05-01T05:00:00,,주말
6호선,2649,신내,648,,20250619,6호선,2611,응암,610,N,6호선,6144,2619,디지털미디어시티,618,N,14:05:30,14:06:10,,6121,하행,2025-05-01T05:00:00,,주말
6호선,2649,신내,648,,20250619,6호선,2611,응암,610,N,6호선,6144,2620,월드컵경기장,619,N,14:07:20,14:07:50,,6121,하행,2025-05-01T05:00:00,,주말
6호선,2649,신내,648,,20250619,6호선,2611,응암,610,N,6호선,6144,2621,마포구청,620,N,14:09:00,14:09:30,,6121,하행,2025-05-01T05:00:00,,주말
6호선,2649,신내,648,,20250619,6호선,2611,응암,610,N,6호선,6144,2622,망원,621,N,14:10:50,14:11:20,,6121,하행,2025-05-01T05:00:00,,주말
6호선,2649,신내,648,,20250619,6호선,2611,응암,610,N,6호선,6144,2623,합정,622,N,14:12:40,14:13:20,,6121,하행,2025-05-01T05:00:00,,주말
6호선,2649,신내,648,,20250619,6호선,2611,응암,610,N,6호선,6144,2624,상수,623,N,14:14:30,14:14:50,,6121,하행,2025-05-01T05:00:00,,주말
6호선,2649,신내,648,,20250619,6호선,2611,응암,610,N,6호선,6144,2625,광흥창,624,N,14:16:00,14:16:30,,6121,하행,2025-05-01T05:00:00,,주말
6호선,2649,신내,648,,20250619,6호선,2611,응암,610,N,6호선,6144,2626,대흥,625,N,14:18:00,14:18:30,,6121,하행,2025-05-01T05:00:00,,주말
6호선,2649,신내,648,,20250619,6호선,2611,응암,610,N,6호선,6144,2627,공덕,626,N,14:19:50,14:20:30,,6121,하행,2025-05-01T05:00:00,,주말
6호선,2649,신내,648,,20250619,6호선,2611,응암,610,N,6호선,6144,2628,효창공원앞,627,N,14:21:50,14:22:20,,6121,하행,2025-05-01T05:00:00,,주말
6호선,2649,신내,648,,20250619,6호선,2611,응암,610,N,6호선,6144,2629,삼각지,628,N,14:23:50,14:24:20,,6121,하행,2025-05-01T05:00:00,,주말
6호선,2649,신내,648,,20250619,6호선,2611,응암,610,N,6호선,6144,2630,녹사평,629,N,14:26:00,14:26:20,,6121,하행,2025-05-01T05:00:00,,주말
6호선,2649,신내,648,,20250619,6호선,2611,응암,610,N,6호선,6144,2631,이태원,630,N,14:27:30,14:28:00,,6121,하행,2025-05-01T05:00:00,,주말
6호선,2649,신내,648,,20250619,6호선,2611,응암,610,N,6호선,6144,2632,한강진,631,N,14:29:30,14:29:50,,6121,하행,2025-05-01T05:00:00,,주말
6호선,2649,신내,648,,20250619,6호선,2611,응암,610,N,6호선,6144,2633,버티고개,632,N,14:31:20,14:31:40,,6121,하행,2025-05-01T05:00:00,,주말
6호선,2649,신내,648,,20250619,6호선,2611,응암,610,N,6호선,6144,2634,약수,633,N,14:32:50,14:33:30,,6121,하행,2025-05-01T05:00:00,,주말
6호선,2649,신내,648,,20250619,6호선,2611,응암,610,N,6호선,6144,2635,청구,634,N,14:34:40,14:35:10,,6121,하행,2025-05-01T05:00:00,,주말
6호선,2649,신내,648,,20250619,6호선,2611,응암,610,N,6호선,6144,2636,신당,635,N,14:36:20,14:36:50,,6121,하행,2025-05-01T05:00:00,,주말
6호선,2649,신내,648,,20250619,6호선,2611,응암,610,N,6호선,6144,2637,동묘앞,636,N,14:37:50,14:38:20,,6121,하행,2025-05-01T05:00:00,,주말
6호선,2649,신내,648,,20250619,6호선,2611,응암,610,N,6호선,6144,2638,창신,637,N,14:39:40,14:40:10,,6121,하행,2025-05-01T05:00:00,,주말
6호선,2649,신내,648,,20250619,6호선,2611,응암,610,N,6호선,6144,2639,보문,638,N,14:41:20,14:41:50,,6121,하행,2025-05-01T05:00:00,,주말
6호선,2649,신내,648,,20250619,6호선,2611,응암,610,N,6호선,6144,2640,안암,639,N,14:43:00,14:43:30,,6121,하행,2025-05-01T05:00:00,,주말
6호선,2649,신내,648,,20250619,6호선,2611,응암,610,N,6호선,6144,2641,고려대,640,N,14:44:40,14:45:10,,6121,하행,2025-05-01T05:00:00,,주말
6호선,2649,신내,648,,20250619,6호선,2611,응암,610,N,6호선,6144,2642,월곡,641,N,14:46:50,14:47:20,,6121,하행,2025-05-01T05:00:00,,주말
6호선,2649,신내,648,,20250619,6호선,2611,응암,610,N,6호선,6144,2643,상월곡,642,N,14:48:30,14:49:00,,6121,하행,2025-05-01T05:00:00,,주말
6호선,2649,신내,648,,20250619,6호선,2611,응암,610,N,6호선,6144,2644,돌곶이,643,N,14:50:10,14:50:30,,6121,하행,2025-05-01T05:00:00,,주말
6호선,2649,신내,648,,20250619,6호선,2611,응암,610,N,6호선,6144,2645,석계,644,N,14:51:50,14:52:30,,6121,하행,2025-05-01T05:00:00,,주말
6호선,2649,신내,648,,20250619,6호선,2611,응암,610,N,6호선,6144,2646,태릉입구,645,N,14:53:40,14:54:10,,6121,하행,2025-05-01T05:00:00,,주말
6호선,2649,신내,648,,20250619,6호선,2611,응암,610,N,6호선,6144,2647,화랑대,646,N,14:55:20,14:55:50,,6121,하행,2025-05-01T05:00:00,,주말
6호선,2649,신내,648,,20250619,6호선,2611,응암,610,N,6호선,6144,2648,봉화산,647,N,14:57:10,14:57:40,,6121,하행,2025-05-01T05:00:00,,주말
6호선,2649,신내,648,,20250619,6호선,2611,응암,610,N,6호선,6144,2649,신내,648,N,15:02:10,,,6121,하행,2025-05-01T05:00:00,,주말
6호선,2648,봉화산,647,,20250619,6호선,2611,응암,610,N,6호선,6142,2611,응암,610,N,,13:57:00,,6123,하행,2025-05-01T05:00:00,,주말
6호선,2648,봉화산,647,,20250619,6호선,2611,응암,610,N,6호선,6142,2612,역촌,611,N,13:58:40,13:59:00,,6123,하행,2025-05-01T05:00:00,,주말
6호선,2648,봉화산,647,,20250619,6호선,2611,응암,610,N,6호선,6142,2613,불광,612,N,14:00:20,14:00:50,,6123,하행,2025-05-01T05:00:00,,주말
6호선,2648,봉화산,647,,20250619,6호선,2611,응암,610,N,6호선,6142,2614,독바위,613,N,14:02:10,14:02:30,,6123,하행,2025-05-01T05:00:00,,주말
6호선,2648,봉화산,647,,20250619,6호선,2611,응암,610,N,6호선,6142,2615,연신내,614,N,14:04:40,14:05:20,,6123,하행,2025-05-01T05:00:00,,주말
6호선,2648,봉화산,647,,20250619,6호선,2611,응암,610,N,6호선,6142,2616,구산,615,N,14:06:40,14:07:10,,6123,하행,2025-05-01T05:00:00,,주말
6호선,2648,봉화산,647,,20250619,6호선,2611,응암,610,N,6호선,6142,2611,응암,610,N,14:09:10,14:09:40,,6123,하행,2025-05-01T05:00:00,,주말
6호선,2648,봉화산,647,,20250619,6호선,2611,응암,610,N,6호선,6142,2617,새절,616,N,14:11:00,14:11:30,,6123,하행,2025-05-01T05:00:00,,주말
6호선,2648,봉화산,647,,20250619,6호선,2611,응암,610,N,6호선,6142,2618,증산,617,N,14:12:50,14:13:10,,6123,하행,2025-05-01T05:00:00,,주말
6호선,2648,봉화산,647,,20250619,6호선,2611,응암,610,N,6호선,6142,2619,디지털미디어시티,618,N,14:14:30,14:15:10,,6123,하행,2025-05-01T05:00:00,,주말
6호선,2648,봉화산,647,,20250619,6호선,2611,응암,610,N,6호선,6142,2620,월드컵경기장,619,N,14:16:20,14:16:50,,6123,하행,2025-05-01T05:00:00,,주말
6호선,2648,봉화산,647,,20250619,6호선,2611,응암,610,N,6호선,6142,2621,마포구청,620,N,14:18:00,14:18:30,,6123,하행,2025-05-01T05:00:00,,주말
6호선,2648,봉화산,647,,20250619,6호선,2611,응암,610,N,6호선,6142,2622,망원,621,N,14:19:50,14:20:20,,6123,하행,2025-05-01T05:00:00,,주말
6호선,2648,봉화산,647,,20250619,6호선,2611,응암,610,N,6호선,6142,2623,합정,622,N,14:21:40,14:22:20,,6123,하행,2025-05-01T05:00:00,,주말
6호선,2648,봉화산,647,,20250619,6호선,2611,응암,610,N,6호선,6142,2624,상수,623,N,14:23:30,14:23:50,,6123,하행,2025-05-01T05:00:00,,주말
6호선,2648,봉화산,647,,20250619,6호선,2611,응암,610,N,6호선,6142,2625,광흥창,624,N,14:25:00,14:25:30,,6123,하행,2025-05-01T05:00:00,,주말
6호선,2648,봉화산,647,,20250619,6호선,2611,응암,610,N,6호선,6142,2626,대흥,625,N,14:27:00,14:27:30,,6123,하행,2025-05-01T05:00:00,,주말
6호선,2648,봉화산,647,,20250619,6호선,2611,응암,610,N,6호선,6142,2627,공덕,626,N,14:28:50,14:29:30,,6123,하행,2025-05-01T05:00:00,,주말
6호선,2648,봉화산,647,,20250619,6호선,2611,응암,610,N,6호선,6142,2628,효창공원앞,627,N,14:30:50,14:31:20,,6123,하행,2025-05-01T05:00:00,,주말
6호선,2648,봉화산,647,,20250619,6호선,2611,응암,610,N,6호선,6142,2629,삼각지,628,N,14:32:50,14:33:20,,6123,하행,2025-05-01T05:00:00,,주말
6호선,2648,봉화산,647,,20250619,6호선,2611,응암,610,N,6호선,6142,2630,녹사평,629,N,14:35:00,14:35:20,,6123,하행,2025-05-01T05:00:00,,주말
6호선,2648,봉화산,647,,20250619,6호선,2611,응암,610,N,6호선,6142,2631,이태원,630,N,14:36:30,14:37:00,,6123,하행,2025-05-01T05:00:00,,주말
6호선,2648,봉화산,647,,20250619,6호선,2611,응암,610,N,6호선,6142,2632,한강진,631,N,14:38:30,14:38:50,,6123,하행,2025-05-01T05:00:00,,주말
6호선,2648,봉화산,647,,20250619,6호선,2611,응암,610,N,6호선,6142,2633,버티고개,632,N,14:40:20,14:40:40,,6123,하행,2025-05-01T05:00:00,,주말
6호선,2648,봉화산,647,,20250619,6호선,2611,응암,610,N,6호선,6142,2634,약수,633,N,14:41:50,14:42:30,,6123,하행,2025-05-01T05:00:00,,주말
6호선,2648,봉화산,647,,20250619,6호선,2611,응암,610,N,6호선,6142,2635,청구,634,N,14:43:40,14:44:10,,6123,하행,2025-05-01T05:00:00,,주말
6호선,2648,봉화산,647,,20250619,6호선,2611,응암,610,N,6호선,6142,2636,신당,635,N,14:45:20,14:45:50,,6123,하행,2025-05-01T05:00:00,,주말
6호선,2648,봉화산,647,,20250619,6호선,2611,응암,610,N,6호선,6142,2637,동묘앞,636,N,14:46:50,14:47:20,,6123,하행,2025-05-01T05:00:00,,주말
6호선,2648,봉화산,647,,20250619,6호선,2611,응암,610,N,6호선,6142,2638,창신,637,N,14:48:40,14:49:10,,6123,하행,2025-05-01T05:00:00,,주말
6호선,2648,봉화산,647,,20250619,6호선,2611,응암,610,N,6호선,6142,2639,보문,638,N,14:50:20,14:50:50,,6123,하행,2025-05-01T05:00:00,,주말
6호선,2648,봉화산,647,,20250619,6호선,2611,응암,610,N,6호선,6142,2640,안암,639,N,14:52:00,14:52:30,,6123,하행,2025-05-01T05:00:00,,주말
6호선,2648,봉화산,647,,20250619,6호선,2611,응암,610,N,6호선,6142,2641,고려대,640,N,14:53:40,14:54:10,,6123,하행,2025-05-01T05:00:00,,주말
6호선,2648,봉화산,647,,20250619,6호선,2611,응암,610,N,6호선,6142,2642,월곡,641,N,14:55:50,14:56:20,,6123,하행,2025-05-01T05:00:00,,주말
6호선,2648,봉화산,647,,20250619,6호선,2611,응암,610,N,6호선,6142,2643,상월곡,642,N,14:57:30,14:58:00,,6123,하행,2025-05-01T05:00:00,,주말
6호선,2648,봉화산,647,,20250619,6호선,2611,응암,610,N,6호선,6142,2644,돌곶이,643,N,14:59:10,14:59:30,,6123,하행,2025-05-01T05:00:00,,주말
6호선,2648,봉화산,647,,20250619,6호선,2611,응암,610,N,6호선,6142,2645,석계,644,N,15:00:50,15:01:30,,6123,하행,2025-05-01T05:00:00,,주말
6호선,2648,봉화산,647,,20250619,6호선,2611,응암,610,N,6호선,6142,2646,태릉입구,645,N,15:02:40,15:03:10,,6123,하행,2025-05-01T05:00:00,,주말
6호선,2648,봉화산,647,,20250619,6호선,2611,응암,610,N,6호선,6142,2647,화랑대,646,N,15:04:20,15:04:50,,6123,하행,2025-05-01T05:00:00,,주말
6호선,2648,봉화산,647,,20250619,6호선,2611,응암,610,N,6호선,6142,2648,봉화산,647,N,15:06:10,,,6123,하행,2025-05-01T05:00:00,,주말
6호선,2648,봉화산,647,,20250619,6호선,2611,응암,610,N,6호선,6146,2611,응암,610,N,,14:06:00,,6125,하행,2025-05-01T05:00:00,,주말
6호선,2648,봉화산,647,,20250619,6호선,2611,응암,610,N,6호선,6146,2612,역촌,611,N,14:07:40,14:08:00,,6125,하행,2025-05-01T05:00:00,,주말
6호선,2648,봉화산,647,,20250619,6호선,2611,응암,610,N,6호선,6146,2613,불광,612,N,14:09:20,14:09:50,,6125,하행,2025-05-01T05:00:00,,주말
6호선,2648,봉화산,647,,20250619,6호선,2611,응암,610,N,6호선,6146,2614,독바위,613,N,14:11:10,14:11:30,,6125,하행,2025-05-01T05:00:00,,주말
6호선,2648,봉화산,647,,20250619,6호선,2611,응암,610,N,6호선,6146,2615,연신내,614,N,14:13:40,14:14:20,,6125,하행,2025-05-01T05:00:00,,주말
6호선,2648,봉화산,647,,20250619,6호선,2611,응암,610,N,6호선,6146,2616,구산,615,N,14:15:40,14:16:10,,6125,하행,2025-05-01T05:00:00,,주말
6호선,2648,봉화산,647,,20250619,6호선,2611,응암,610,N,6호선,6146,2611,응암,610,N,14:18:10,14:18:40,,6125,하행,2025-05-01T05:00:00,,주말
6호선,2648,봉화산,647,,20250619,6호선,2611,응암,610,N,6호선,6146,2617,새절,616,N,14:20:00,14:20:30,,6125,하행,2025-05-01T05:00:00,,주말
6호선,2648,봉화산,647,,20250619,6호선,2611,응암,610,N,6호선,6146,2618,증산,617,N,14:21:50,14:22:10,,6125,하행,2025-05-01T05:00:00,,주말
6호선,2648,봉화산,647,,20250619,6호선,2611,응암,610,N,6호선,6146,2619,디지털미디어시티,618,N,14:23:30,14:24:10,,6125,하행,2025-05-01T05:00:00,,주말
6호선,2648,봉화산,647,,20250619,6호선,2611,응암,610,N,6호선,6146,2620,월드컵경기장,619,N,14:25:20,14:25:50,,6125,하행,2025-05-01T05:00:00,,주말
6호선,2648,봉화산,647,,20250619,6호선,2611,응암,610,N,6호선,6146,2621,마포구청,620,N,14:27:00,14:27:30,,6125,하행,2025-05-01T05:00:00,,주말
6호선,2648,봉화산,647,,20250619,6호선,2611,응암,610,N,6호선,6146,2622,망원,621,N,14:28:50,14:29:20,,6125,하행,2025-05-01T05:00:00,,주말
6호선,2648,봉화산,647,,20250619,6호선,2611,응암,610,N,6호선,6146,2623,합정,622,N,14:30:40,14:31:20,,6125,하행,2025-05-01T05:00:00,,주말
6호선,2648,봉화산,647,,20250619,6호선,2611,응암,610,N,6호선,6146,2624,상수,623,N,14:32:30,14:32:50,,6125,하행,2025-05-01T05:00:00,,주말
6호선,2648,봉화산,647,,20250619,6호선,2611,응암,610,N,6호선,6146,2625,광흥창,624,N,14:34:00,14:34:30,,6125,하행,2025-05-01T05:00:00,,주말
6호선,2648,봉화산,647,,20250619,6호선,2611,응암,610,N,6호선,6146,2626,대흥,625,N,14:36:00,14:36:30,,6125,하행,2025-05-01T05:00:00,,주말
6호선,2648,봉화산,647,,20250619,6호선,2611,응암,610,N,6호선,6146,2627,공덕,626,N,14:37:50,14:38:30,,6125,하행,2025-05-01T05:00:00,,주말
6호선,2648,봉화산,647,,20250619,6호선,2611,응암,610,N,6호선,6146,2628,효창공원앞,627,N,14:39:50,14:40:20,,6125,하행,2025-05-01T05:00:00,,주말
6호선,2648,봉화산,647,,20250619,6호선,2611,응암,610,N,6호선,6146,2629,삼각지,628,N,14:41:50,14:42:20,,6125,하행,2025-05-01T05:00:00,,주말
6호선,2648,봉화산,647,,20250619,6호선,2611,응암,610,N,6호선,6146,2630,녹사평,629,N,14:44:00,14:44:20,,6125,하행,2025-05-01T05:00:00,,주말
6호선,2648,봉화산,647,,20250619,6호선,2611,응암,610,N,6호선,6146,2631,이태원,630,N,14:45:30,14:46:00,,6125,하행,2025-05-01T05:00:00,,주말
6호선,2648,봉화산,647,,20250619,6호선,2611,응암,610,N,6호선,6146,2632,한강진,631,N,14:47:30,14:47:50,,6125,하행,2025-05-01T05:00:00,,주말
6호선,2648,봉화산,647,,20250619,6호선,2611,응암,610,N,6호선,6146,2633,버티고개,632,N,14:49:20,14:49:40,,6125,하행,2025-05-01T05:00:00,,주말
6호선,2648,봉화산,647,,20250619,6호선,2611,응암,610,N,6호선,6146,2634,약수,633,N,14:50:50,14:51:30,,6125,하행,2025-05-01T05:00:00,,주말
6호선,2648,봉화산,647,,20250619,6호선,2611,응암,610,N,6호선,6146,2635,청구,634,N,14:52:40,14:53:10,,6125,하행,2025-05-01T05:00:00,,주말
6호선,2648,봉화산,647,,20250619,6호선,2611,응암,610,N,6호선,6146,2636,신당,635,N,14:54:20,14:54:50,,6125,하행,2025-05-01T05:00:00,,주말
6호선,2648,봉화산,647,,20250619,6호선,2611,응암,610,N,6호선,6146,2637,동묘앞,636,N,14:55:50,14:56:20,,6125,하행,2025-05-01T05:00:00,,주말
6호선,2648,봉화산,647,,20250619,6호선,2611,응암,610,N,6호선,6146,2638,창신,637,N,14:57:40,14:58:10,,6125,하행,2025-05-01T05:00:00,,주말
6호선,2648,봉화산,647,,20250619,6호선,2611,응암,610,N,6호선,6146,2639,보문,638,N,14:59:20,14:59:50,,6125,하행,2025-05-01T05:00:00,,주말
6호선,2648,봉화산,647,,20250619,6호선,2611,응암,610,N,6호선,6146,2640,안암,639,N,15:01:00,15:01:30,,6125,하행,2025-05-01T05:00:00,,주말
6호선,2648,봉화산,647,,20250619,6호선,2611,응암,610,N,6호선,6146,2641,고려대,640,N,15:02:40,15:03:10,,6125,하행,2025-05-01T05:00:00,,주말
6호선,2648,봉화산,647,,20250619,6호선,2611,응암,610,N,6호선,6146,2642,월곡,641,N,15:04:50,15:05:20,,6125,하행,2025-05-01T05:00:00,,주말
6호선,2648,봉화산,647,,20250619,6호선,2611,응암,610,N,6호선,6146,2643,상월곡,642,N,15:06:30,15:07:00,,6125,하행,2025-05-01T05:00:00,,주말
6호선,2648,봉화산,647,,20250619,6호선,2611,응암,610,N,6호선,6146,2644,돌곶이,643,N,15:08:10,15:08:30,,6125,하행,2025-05-01T05:00:00,,주말
6호선,2648,봉화산,647,,20250619,6호선,2611,응암,610,N,6호선,6146,2645,석계,644,N,15:09:50,15:10:30,,6125,하행,2025-05-01T05:00:00,,주말
6호선,2648,봉화산,647,,20250619,6호선,2611,응암,610,N,6호선,6146,2646,태릉입구,645,N,15:11:40,15:12:10,,6125,하행,2025-05-01T05:00:00,,주말
6호선,2648,봉화산,647,,20250619,6호선,2611,응암,610,N,6호선,6146,2647,화랑대,646,N,15:13:20,15:13:50,,6125,하행,2025-05-01T05:00:00,,주말
6호선,2648,봉화산,647,,20250619,6호선,2611,응암,610,N,6호선,6146,2648,봉화산,647,N,15:15:10,,,6125,하행,2025-05-01T05:00:00,,주말
6호선,2649,신내,648,,20250619,6호선,2611,응암,610,N,6호선,6150,2611,응암,610,N,,14:15:00,,6127,하행,2025-05-01T05:00:00,,주말
6호선,2649,신내,648,,20250619,6호선,2611,응암,610,N,6호선,6150,2612,역촌,611,N,14:16:40,14:17:00,,6127,하행,2025-05-01T05:00:00,,주말
6호선,2649,신내,648,,20250619,6호선,2611,응암,610,N,6호선,6150,2613,불광,612,N,14:18:20,14:18:50,,6127,하행,2025-05-01T05:00:00,,주말
6호선,2649,신내,648,,20250619,6호선,2611,응암,610,N,6호선,6150,2614,독바위,613,N,14:20:10,14:20:30,,6127,하행,2025-05-01T05:00:00,,주말
6호선,2649,신내,648,,20250619,6호선,2611,응암,610,N,6호선,6150,2615,연신내,614,N,14:22:40,14:23:20,,6127,하행,2025-05-01T05:00:00,,주말
6호선,2649,신내,648,,20250619,6호선,2611,응암,610,N,6호선,6150,2616,구산,615,N,14:24:40,14:25:10,,6127,하행,2025-05-01T05:00:00,,주말
6호선,2649,신내,648,,20250619,6호선,2611,응암,610,N,6호선,6150,2611,응암,610,N,14:27:10,14:27:40,,6127,하행,2025-05-01T05:00:00,,주말
6호선,2649,신내,648,,20250619,6호선,2611,응암,610,N,6호선,6150,2617,새절,616,N,14:29:00,14:29:30,,6127,하행,2025-05-01T05:00:00,,주말
6호선,2649,신내,648,,20250619,6호선,2611,응암,610,N,6호선,6150,2618,증산,617,N,14:30:50,14:31:10,,6127,하행,2025-05-01T05:00:00,,주말
6호선,2649,신내,648,,20250619,6호선,2611,응암,610,N,6호선,6150,2619,디지털미디어시티,618,N,14:32:30,14:33:10,,6127,하행,2025-05-01T05:00:00,,주말
6호선,2649,신내,648,,20250619,6호선,2611,응암,610,N,6호선,6150,2620,월드컵경기장,619,N,14:34:20,14:34:50,,6127,하행,2025-05-01T05:00:00,,주말
6호선,2649,신내,648,,20250619,6호선,2611,응암,610,N,6호선,6150,2621,마포구청,620,N,14:36:00,14:36:30,,6127,하행,2025-05-01T05:00:00,,주말
6호선,2649,신내,648,,20250619,6호선,2611,응암,610,N,6호선,6150,2622,망원,621,N,14:37:50,14:38:20,,6127,하행,2025-05-01T05:00:00,,주말
6호선,2649,신내,648,,20250619,6호선,2611,응암,610,N,6호선,6150,2623,합정,622,N,14:39:40,14:40:20,,6127,하행,2025-05-01T05:00:00,,주말
6호선,2649,신내,648,,20250619,6호선,2611,응암,610,N,6호선,6150,2624,상수,623,N,14:41:30,14:41:50,,6127,하행,2025-05-01T05:00:00,,주말
6호선,2649,신내,648,,20250619,6호선,2611,응암,610,N,6호선,6150,2625,광흥창,624,N,14:43:00,14:43:30,,6127,하행,2025-05-01T05:00:00,,주말
6호선,2649,신내,648,,20250619,6호선,2611,응암,610,N,6호선,6150,2626,대흥,625,N,14:45:00,14:45:30,,6127,하행,2025-05-01T05:00:00,,주말
6호선,2649,신내,648,,20250619,6호선,2611,응암,610,N,6호선,6150,2627,공덕,626,N,14:46:50,14:47:30,,6127,하행,2025-05-01T05:00:00,,주말
6호선,2649,신내,648,,20250619,6호선,2611,응암,610,N,6호선,6150,2628,효창공원앞,627,N,14:48:50,14:49:20,,6127,하행,2025-05-01T05:00:00,,주말
6호선,2649,신내,648,,20250619,6호선,2611,응암,610,N,6호선,6150,2629,삼각지,628,N,14:50:50,14:51:20,,6127,하행,2025-05-01T05:00:00,,주말
6호선,2649,신내,648,,20250619,6호선,2611,응암,610,N,6호선,6150,2630,녹사평,629,N,14:53:00,14:53:20,,6127,하행,2025-05-01T05:00:00,,주말
6호선,2649,신내,648,,20250619,6호선,2611,응암,610,N,6호선,6150,2631,이태원,630,N,14:54:30,14:55:00,,6127,하행,2025-05-01T05:00:00,,주말
6호선,2649,신내,648,,20250619,6호선,2611,응암,610,N,6호선,6150,2632,한강진,631,N,14:56:30,14:56:50,,6127,하행,2025-05-01T05:00:00,,주말
6호선,2649,신내,648,,20250619,6호선,2611,응암,610,N,6호선,6150,2633,버티고개,632,N,14:58:20,14:58:40,,6127,하행,2025-05-01T05:00:00,,주말
6호선,2649,신내,648,,20250619,6호선,2611,응암,610,N,6호선,6150,2634,약수,633,N,14:59:50,15:00:30,,6127,하행,2025-05-01T05:00:00,,주말
6호선,2649,신내,648,,20250619,6호선,2611,응암,610,N,6호선,6150,2635,청구,634,N,15:01:40,15:02:10,,6127,하행,2025-05-01T05:00:00,,주말
6호선,2649,신내,648,,20250619,6호선,2611,응암,610,N,6호선,6150,2636,신당,635,N,15:03:20,15:03:50,,6127,하행,2025-05-01T05:00:00,,주말
6호선,2649,신내,648,,20250619,6호선,2611,응암,610,N,6호선,6150,2637,동묘앞,636,N,15:04:50,15:05:20,,6127,하행,2025-05-01T05:00:00,,주말
6호선,2649,신내,648,,20250619,6호선,2611,응암,610,N,6호선,6150,2638,창신,637,N,15:06:40,15:07:10,,6127,하행,2025-05-01T05:00:00,,주말
6호선,2649,신내,648,,20250619,6호선,2611,응암,610,N,6호선,6150,2639,보문,638,N,15:08:20,15:08:50,,6127,하행,2025-05-01T05:00:00,,주말
6호선,2649,신내,648,,20250619,6호선,2611,응암,610,N,6호선,6150,2640,안암,639,N,15:10:00,15:10:30,,6127,하행,2025-05-01T05:00:00,,주말
6호선,2649,신내,648,,20250619,6호선,2611,응암,610,N,6호선,6150,2641,고려대,640,N,15:11:40,15:12:10,,6127,하행,2025-05-01T05:00:00,,주말
6호선,2649,신내,648,,20250619,6호선,2611,응암,610,N,6호선,6150,2642,월곡,641,N,15:13:50,15:14:20,,6127,하행,2025-05-01T05:00:00,,주말
6호선,2649,신내,648,,20250619,6호선,2611,응암,610,N,6호선,6150,2643,상월곡,642,N,15:15:30,15:16:00,,6127,하행,2025-05-01T05:00:00,,주말
6호선,2649,신내,648,,20250619,6호선,2611,응암,610,N,6호선,6150,2644,돌곶이,643,N,15:17:10,15:17:30,,6127,하행,2025-05-01T05:00:00,,주말
6호선,2649,신내,648,,20250619,6호선,2611,응암,610,N,6호선,6150,2645,석계,644,N,15:18:50,15:19:30,,6127,하행,2025-05-01T05:00:00,,주말
6호선,2649,신내,648,,20250619,6호선,2611,응암,610,N,6호선,6150,2646,태릉입구,645,N,15:20:40,15:21:10,,6127,하행,2025-05-01T05:00:00,,주말
6호선,2649,신내,648,,20250619,6호선,2611,응암,610,N,6호선,6150,2647,화랑대,646,N,15:22:20,15:22:50,,6127,하행,2025-05-01T05:00:00,,주말
6호선,2649,신내,648,,20250619,6호선,2611,응암,610,N,6호선,6150,2648,봉화산,647,N,15:24:10,15:24:40,,6127,하행,2025-05-01T05:00:00,,주말
6호선,2649,신내,648,,20250619,6호선,2611,응암,610,N,6호선,6150,2649,신내,648,N,15:29:10,,,6127,하행,2025-05-01T05:00:00,,주말
6호선,2648,봉화산,647,,20250619,6호선,2611,응암,610,N,6호선,6148,2611,응암,610,N,,14:24:00,,6129,하행,2025-05-01T05:00:00,,주말
6호선,2648,봉화산,647,,20250619,6호선,2611,응암,610,N,6호선,6148,2612,역촌,611,N,14:25:40,14:26:00,,6129,하행,2025-05-01T05:00:00,,주말
6호선,2648,봉화산,647,,20250619,6호선,2611,응암,610,N,6호선,6148,2613,불광,612,N,14:27:20,14:27:50,,6129,하행,2025-05-01T05:00:00,,주말
6호선,2648,봉화산,647,,20250619,6호선,2611,응암,610,N,6호선,6148,2614,독바위,613,N,14:29:10,14:29:30,,6129,하행,2025-05-01T05:00:00,,주말
6호선,2648,봉화산,647,,20250619,6호선,2611,응암,610,N,6호선,6148,2615,연신내,614,N,14:31:40,14:32:20,,6129,하행,2025-05-01T05:00:00,,주말
6호선,2648,봉화산,647,,20250619,6호선,2611,응암,610,N,6호선,6148,2616,구산,615,N,14:33:40,14:34:10,,6129,하행,2025-05-01T05:00:00,,주말
6호선,2648,봉화산,647,,20250619,6호선,2611,응암,610,N,6호선,6148,2611,응암,610,N,14:36:10,14:36:40,,6129,하행,2025-05-01T05:00:00,,주말
6호선,2648,봉화산,647,,20250619,6호선,2611,응암,610,N,6호선,6148,2617,새절,616,N,14:38:00,14:38:30,,6129,하행,2025-05-01T05:00:00,,주말
6호선,2648,봉화산,647,,20250619,6호선,2611,응암,610,N,6호선,6148,2618,증산,617,N,14:39:50,14:40:10,,6129,하행,2025-05-01T05:00:00,,주말
6호선,2648,봉화산,647,,20250619,6호선,2611,응암,610,N,6호선,6148,2619,디지털미디어시티,618,N,14:41:30,14:42:10,,6129,하행,2025-05-01T05:00:00,,주말
6호선,2648,봉화산,647,,20250619,6호선,2611,응암,610,N,6호선,6148,2620,월드컵경기장,619,N,14:43:20,14:43:50,,6129,하행,2025-05-01T05:00:00,,주말
6호선,2648,봉화산,647,,20250619,6호선,2611,응암,610,N,6호선,6148,2621,마포구청,620,N,14:45:00,14:45:30,,6129,하행,2025-05-01T05:00:00,,주말
6호선,2648,봉화산,647,,20250619,6호선,2611,응암,610,N,6호선,6148,2622,망원,621,N,14:46:50,14:47:20,,6129,하행,2025-05-01T05:00:00,,주말
6호선,2648,봉화산,647,,20250619,6호선,2611,응암,610,N,6호선,6148,2623,합정,622,N,14:48:40,14:49:20,,6129,하행,2025-05-01T05:00:00,,주말
6호선,2648,봉화산,647,,20250619,6호선,2611,응암,610,N,6호선,6148,2624,상수,623,N,14:50:30,14:50:50,,6129,하행,2025-05-01T05:00:00,,주말
6호선,2648,봉화산,647,,20250619,6호선,2611,응암,610,N,6호선,6148,2625,광흥창,624,N,14:52:00,14:52:30,,6129,하행,2025-05-01T05:00:00,,주말
6호선,2648,봉화산,647,,20250619,6호선,2611,응암,610,N,6호선,6148,2626,대흥,625,N,14:54:00,14:54:30,,6129,하행,2025-05-01T05:00:00,,주말
6호선,2648,봉화산,647,,20250619,6호선,2611,응암,610,N,6호선,6148,2627,공덕,626,N,14:55:50,14:56:30,,6129,하행,2025-05-01T05:00:00,,주말
6호선,2648,봉화산,647,,20250619,6호선,2611,응암,610,N,6호선,6148,2628,효창공원앞,627,N,14:57:50,14:58:20,,6129,하행,2025-05-01T05:00:00,,주말
6호선,2648,봉화산,647,,20250619,6호선,2611,응암,610,N,6호선,6148,2629,삼각지,628,N,14:59:50,15:00:20,,6129,하행,2025-05-01T05:00:00,,주말
6호선,2648,봉화산,647,,20250619,6호선,2611,응암,610,N,6호선,6148,2630,녹사평,629,N,15:02:00,15:02:20,,6129,하행,2025-05-01T05:00:00,,주말
6호선,2648,봉화산,647,,20250619,6호선,2611,응암,610,N,6호선,6148,2631,이태원,630,N,15:03:30,15:04:00,,6129,하행,2025-05-01T05:00:00,,주말
6호선,2648,봉화산,647,,20250619,6호선,2611,응암,610,N,6호선,6148,2632,한강진,631,N,15:05:30,15:05:50,,6129,하행,2025-05-01T05:00:00,,주말
6호선,2648,봉화산,647,,20250619,6호선,2611,응암,610,N,6호선,6148,2633,버티고개,632,N,15:07:20,15:07:40,,6129,하행,2025-05-01T05:00:00,,주말
6호선,2648,봉화산,647,,20250619,6호선,2611,응암,610,N,6호선,6148,2634,약수,633,N,15:08:50,15:09:30,,6129,하행,2025-05-01T05:00:00,,주말
6호선,2648,봉화산,647,,20250619,6호선,2611,응암,610,N,6호선,6148,2635,청구,634,N,15:10:40,15:11:10,,6129,하행,2025-05-01T05:00:00,,주말
6호선,2648,봉화산,647,,20250619,6호선,2611,응암,610,N,6호선,6148,2636,신당,635,N,15:12:20,15:12:50,,6129,하행,2025-05-01T05:00:00,,주말
6호선,2648,봉화산,647,,20250619,6호선,2611,응암,610,N,6호선,6148,2637,동묘앞,636,N,15:13:50,15:14:20,,6129,하행,2025-05-01T05:00:00,,주말
6호선,2648,봉화산,647,,20250619,6호선,2611,응암,610,N,6호선,6148,2638,창신,637,N,15:15:40,15:16:10,,6129,하행,2025-05-01T05:00:00,,주말
6호선,2648,봉화산,647,,20250619,6호선,2611,응암,610,N,6호선,6148,2639,보문,638,N,15:17:20,15:17:50,,6129,하행,2025-05-01T05:00:00,,주말
6호선,2648,봉화산,647,,20250619,6호선,2611,응암,610,N,6호선,6148,2640,안암,639,N,15:19:00,15:19:30,,6129,하행,2025-05-01T05:00:00,,주말
6호선,2648,봉화산,647,,20250619,6호선,2611,응암,610,N,6호선,6148,2641,고려대,640,N,15:20:40,15:21:10,,6129,하행,2025-05-01T05:00:00,,주말
6호선,2648,봉화산,647,,20250619,6호선,2611,응암,610,N,6호선,6148,2642,월곡,641,N,15:22:50,15:23:20,,6129,하행,2025-05-01T05:00:00,,주말
6호선,2648,봉화산,647,,20250619,6호선,2611,응암,610,N,6호선,6148,2643,상월곡,642,N,15:24:30,15:25:00,,6129,하행,2025-05-01T05:00:00,,주말
6호선,2648,봉화산,647,,20250619,6호선,2611,응암,610,N,6호선,6148,2644,돌곶이,643,N,15:26:10,15:26:30,,6129,하행,2025-05-01T05:00:00,,주말
6호선,2648,봉화산,647,,20250619,6호선,2611,응암,610,N,6호선,6148,2645,석계,644,N,15:27:50,15:28:30,,6129,하행,2025-05-01T05:00:00,,주말
6호선,2648,봉화산,647,,20250619,6호선,2611,응암,610,N,6호선,6148,2646,태릉입구,645,N,15:29:40,15:30:10,,6129,하행,2025-05-01T05:00:00,,주말
6호선,2648,봉화산,647,,20250619,6호선,2611,응암,610,N,6호선,6148,2647,화랑대,646,N,15:31:20,15:31:50,,6129,하행,2025-05-01T05:00:00,,주말
6호선,2648,봉화산,647,,20250619,6호선,2611,응암,610,N,6호선,6148,2648,봉화산,647,N,15:33:10,,,6129,하행,2025-05-01T05:00:00,,주말
6호선,2648,봉화산,647,,20250619,6호선,2611,응암,610,N,6호선,6152,2611,응암,610,N,,14:33:00,,6131,하행,2025-05-01T05:00:00,,주말
6호선,2648,봉화산,647,,20250619,6호선,2611,응암,610,N,6호선,6152,2612,역촌,611,N,14:34:40,14:35:00,,6131,하행,2025-05-01T05:00:00,,주말
6호선,2648,봉화산,647,,20250619,6호선,2611,응암,610,N,6호선,6152,2613,불광,612,N,14:36:20,14:36:50,,6131,하행,2025-05-01T05:00:00,,주말
6호선,2648,봉화산,647,,20250619,6호선,2611,응암,610,N,6호선,6152,2614,독바위,613,N,14:38:10,14:38:30,,6131,하행,2025-05-01T05:00:00,,주말
6호선,2648,봉화산,647,,20250619,6호선,2611,응암,610,N,6호선,6152,2615,연신내,614,N,14:40:40,14:41:20,,6131,하행,2025-05-01T05:00:00,,주말
6호선,2648,봉화산,647,,20250619,6호선,2611,응암,610,N,6호선,6152,2616,구산,615,N,14:42:40,14:43:10,,6131,하행,2025-05-01T05:00:00,,주말
6호선,2648,봉화산,647,,20250619,6호선,2611,응암,610,N,6호선,6152,2611,응암,610,N,14:45:10,14:45:40,,6131,하행,2025-05-01T05:00:00,,주말
6호선,2648,봉화산,647,,20250619,6호선,2611,응암,610,N,6호선,6152,2617,새절,616,N,14:47:00,14:47:30,,6131,하행,2025-05-01T05:00:00,,주말
6호선,2648,봉화산,647,,20250619,6호선,2611,응암,610,N,6호선,6152,2618,증산,617,N,14:48:50,14:49:10,,6131,하행,2025-05-01T05:00:00,,주말
6호선,2648,봉화산,647,,20250619,6호선,2611,응암,610,N,6호선,6152,2619,디지털미디어시티,618,N,14:50:30,14:51:10,,6131,하행,2025-05-01T05:00:00,,주말
6호선,2648,봉화산,647,,20250619,6호선,2611,응암,610,N,6호선,6152,2620,월드컵경기장,619,N,14:52:20,14:52:50,,6131,하행,2025-05-01T05:00:00,,주말
6호선,2648,봉화산,647,,20250619,6호선,2611,응암,610,N,6호선,6152,2621,마포구청,620,N,14:54:00,14:54:30,,6131,하행,2025-05-01T05:00:00,,주말
6호선,2648,봉화산,647,,20250619,6호선,2611,응암,610,N,6호선,6152,2622,망원,621,N,14:55:50,14:56:20,,6131,하행,2025-05-01T05:00:00,,주말
6호선,2648,봉화산,647,,20250619,6호선,2611,응암,610,N,6호선,6152,2623,합정,622,N,14:57:40,14:58:20,,6131,하행,2025-05-01T05:00:00,,주말
6호선,2648,봉화산,647,,20250619,6호선,2611,응암,610,N,6호선,6152,2624,상수,623,N,14:59:30,14:59:50,,6131,하행,2025-05-01T05:00:00,,주말
6호선,2648,봉화산,647,,20250619,6호선,2611,응암,610,N,6호선,6152,2625,광흥창,624,N,15:01:00,15:01:30,,6131,하행,2025-05-01T05:00:00,,주말
6호선,2648,봉화산,647,,20250619,6호선,2611,응암,610,N,6호선,6152,2626,대흥,625,N,15:03:00,15:03:30,,6131,하행,2025-05-01T05:00:00,,주말
6호선,2648,봉화산,647,,20250619,6호선,2611,응암,610,N,6호선,6152,2627,공덕,626,N,15:04:50,15:05:30,,6131,하행,2025-05-01T05:00:00,,주말
6호선,2648,봉화산,647,,20250619,6호선,2611,응암,610,N,6호선,6152,2628,효창공원앞,627,N,15:06:50,15:07:20,,6131,하행,2025-05-01T05:00:00,,주말
6호선,2648,봉화산,647,,20250619,6호선,2611,응암,610,N,6호선,6152,2629,삼각지,628,N,15:08:50,15:09:20,,6131,하행,2025-05-01T05:00:00,,주말
6호선,2648,봉화산,647,,20250619,6호선,2611,응암,610,N,6호선,6152,2630,녹사평,629,N,15:11:00,15:11:20,,6131,하행,2025-05-01T05:00:00,,주말
6호선,2648,봉화산,647,,20250619,6호선,2611,응암,610,N,6호선,6152,2631,이태원,630,N,15:12:30,15:13:00,,6131,하행,2025-05-01T05:00:00,,주말
6호선,2648,봉화산,647,,20250619,6호선,2611,응암,610,N,6호선,6152,2632,한강진,631,N,15:14:30,15:14:50,,6131,하행,2025-05-01T05:00:00,,주말
6호선,2648,봉화산,647,,20250619,6호선,2611,응암,610,N,6호선,6152,2633,버티고개,632,N,15:16:20,15:16:40,,6131,하행,2025-05-01T05:00:00,,주말
6호선,2648,봉화산,647,,20250619,6호선,2611,응암,610,N,6호선,6152,2634,약수,633,N,15:17:50,15:18:30,,6131,하행,2025-05-01T05:00:00,,주말
6호선,2648,봉화산,647,,20250619,6호선,2611,응암,610,N,6호선,6152,2635,청구,634,N,15:19:40,15:20:10,,6131,하행,2025-05-01T05:00:00,,주말
6호선,2648,봉화산,647,,20250619,6호선,2611,응암,610,N,6호선,6152,2636,신당,635,N,15:21:20,15:21:50,,6131,하행,2025-05-01T05:00:00,,주말
6호선,2648,봉화산,647,,20250619,6호선,2611,응암,610,N,6호선,6152,2637,동묘앞,636,N,15:22:50,15:23:20,,6131,하행,2025-05-01T05:00:00,,주말
6호선,2648,봉화산,647,,20250619,6호선,2611,응암,610,N,6호선,6152,2638,창신,637,N,15:24:40,15:25:10,,6131,하행,2025-05-01T05:00:00,,주말
6호선,2648,봉화산,647,,20250619,6호선,2611,응암,610,N,6호선,6152,2639,보문,638,N,15:26:20,15:26:50,,6131,하행,2025-05-01T05:00:00,,주말
6호선,2648,봉화산,647,,20250619,6호선,2611,응암,610,N,6호선,6152,2640,안암,639,N,15:28:00,15:28:30,,6131,하행,2025-05-01T05:00:00,,주말
6호선,2648,봉화산,647,,20250619,6호선,2611,응암,610,N,6호선,6152,2641,고려대,640,N,15:29:40,15:30:10,,6131,하행,2025-05-01T05:00:00,,주말
6호선,2648,봉화산,647,,20250619,6호선,2611,응암,610,N,6호선,6152,2642,월곡,641,N,15:31:50,15:32:20,,6131,하행,2025-05-01T05:00:00,,주말
6호선,2648,봉화산,647,,20250619,6호선,2611,응암,610,N,6호선,6152,2643,상월곡,642,N,15:33:30,15:34:00,,6131,하행,2025-05-01T05:00:00,,주말
6호선,2648,봉화산,647,,20250619,6호선,2611,응암,610,N,6호선,6152,2644,돌곶이,643,N,15:35:10,15:35:30,,6131,하행,2025-05-01T05:00:00,,주말
6호선,2648,봉화산,647,,20250619,6호선,2611,응암,610,N,6호선,6152,2645,석계,644,N,15:36:50,15:37:30,,6131,하행,2025-05-01T05:00:00,,주말
6호선,2648,봉화산,647,,20250619,6호선,2611,응암,610,N,6호선,6152,2646,태릉입구,645,N,15:38:40,15:39:10,,6131,하행,2025-05-01T05:00:00,,주말
6호선,2648,봉화산,647,,20250619,6호선,2611,응암,610,N,6호선,6152,2647,화랑대,646,N,15:40:20,15:40:50,,6131,하행,2025-05-01T05:00:00,,주말
6호선,2648,봉화산,647,,20250619,6호선,2611,응암,610,N,6호선,6152,2648,봉화산,647,N,15:42:10,,,6131,하행,2025-05-01T05:00:00,,주말
6호선,2649,신내,648,,20250619,6호선,2611,응암,610,N,6호선,6156,2611,응암,610,N,,14:42:00,,6133,하행,2025-05-01T05:00:00,,주말
6호선,2649,신내,648,,20250619,6호선,2611,응암,610,N,6호선,6156,2612,역촌,611,N,14:43:40,14:44:00,,6133,하행,2025-05-01T05:00:00,,주말
6호선,2649,신내,648,,20250619,6호선,2611,응암,610,N,6호선,6156,2613,불광,612,N,14:45:20,14:45:50,,6133,하행,2025-05-01T05:00:00,,주말
6호선,2649,신내,648,,20250619,6호선,2611,응암,610,N,6호선,6156,2614,독바위,613,N,14:47:10,14:47:30,,6133,하행,2025-05-01T05:00:00,,주말
6호선,2649,신내,648,,20250619,6호선,2611,응암,610,N,6호선,6156,2615,연신내,614,N,14:49:40,14:50:20,,6133,하행,2025-05-01T05:00:00,,주말
6호선,2649,신내,648,,20250619,6호선,2611,응암,610,N,6호선,6156,2616,구산,615,N,14:51:40,14:52:10,,6133,하행,2025-05-01T05:00:00,,주말
6호선,2649,신내,648,,20250619,6호선,2611,응암,610,N,6호선,6156,2611,응암,610,N,14:54:10,14:54:40,,6133,하행,2025-05-01T05:00:00,,주말
6호선,2649,신내,648,,20250619,6호선,2611,응암,610,N,6호선,6156,2617,새절,616,N,14:56:00,14:56:30,,6133,하행,2025-05-01T05:00:00,,주말
6호선,2649,신내,648,,20250619,6호선,2611,응암,610,N,6호선,6156,2618,증산,617,N,14:57:50,14:58:10,,6133,하행,2025-05-01T05:00:00,,주말
6호선,2649,신내,648,,20250619,6호선,2611,응암,610,N,6호선,6156,2619,디지털미디어시티,618,N,14:59:30,15:00:10,,6133,하행,2025-05-01T05:00:00,,주말
6호선,2649,신내,648,,20250619,6호선,2611,응암,610,N,6호선,6156,2620,월드컵경기장,619,N,15:01:20,15:01:50,,6133,하행,2025-05-01T05:00:00,,주말
6호선,2649,신내,648,,20250619,6호선,2611,응암,610,N,6호선,6156,2621,마포구청,620,N,15:03:00,15:03:30,,6133,하행,2025-05-01T05:00:00,,주말
6호선,2649,신내,648,,20250619,6호선,2611,응암,610,N,6호선,6156,2622,망원,621,N,15:04:50,15:05:20,,6133,하행,2025-05-01T05:00:00,,주말
6호선,2649,신내,648,,20250619,6호선,2611,응암,610,N,6호선,6156,2623,합정,622,N,15:06:40,15:07:20,,6133,하행,2025-05-01T05:00:00,,주말
6호선,2649,신내,648,,20250619,6호선,2611,응암,610,N,6호선,6156,2624,상수,623,N,15:08:30,15:08:50,,6133,하행,2025-05-01T05:00:00,,주말
6호선,2649,신내,648,,20250619,6호선,2611,응암,610,N,6호선,6156,2625,광흥창,624,N,15:10:00,15:10:30,,6133,하행,2025-05-01T05:00:00,,주말
6호선,2649,신내,648,,20250619,6호선,2611,응암,610,N,6호선,6156,2626,대흥,625,N,15:12:00,15:12:30,,6133,하행,2025-05-01T05:00:00,,주말
6호선,2649,신내,648,,20250619,6호선,2611,응암,610,N,6호선,6156,2627,공덕,626,N,15:13:50,15:14:30,,6133,하행,2025-05-01T05:00:00,,주말
6호선,2649,신내,648,,20250619,6호선,2611,응암,610,N,6호선,6156,2628,효창공원앞,627,N,15:15:50,15:16:20,,6133,하행,2025-05-01T05:00:00,,주말
6호선,2649,신내,648,,20250619,6호선,2611,응암,610,N,6호선,6156,2629,삼각지,628,N,15:17:50,15:18:20,,6133,하행,2025-05-01T05:00:00,,주말
6호선,2649,신내,648,,20250619,6호선,2611,응암,610,N,6호선,6156,2630,녹사평,629,N,15:20:00,15:20:20,,6133,하행,2025-05-01T05:00:00,,주말
6호선,2649,신내,648,,20250619,6호선,2611,응암,610,N,6호선,6156,2631,이태원,630,N,15:21:30,15:22:00,,6133,하행,2025-05-01T05:00:00,,주말
6호선,2649,신내,648,,20250619,6호선,2611,응암,610,N,6호선,6156,2632,한강진,631,N,15:23:30,15:23:50,,6133,하행,2025-05-01T05:00:00,,주말
6호선,2649,신내,648,,20250619,6호선,2611,응암,610,N,6호선,6156,2633,버티고개,632,N,15:25:20,15:25:40,,6133,하행,2025-05-01T05:00:00,,주말
6호선,2649,신내,648,,20250619,6호선,2611,응암,610,N,6호선,6156,2634,약수,633,N,15:26:50,15:27:30,,6133,하행,2025-05-01T05:00:00,,주말
6호선,2649,신내,648,,20250619,6호선,2611,응암,610,N,6호선,6156,2635,청구,634,N,15:28:40,15:29:10,,6133,하행,2025-05-01T05:00:00,,주말
6호선,2649,신내,648,,20250619,6호선,2611,응암,610,N,6호선,6156,2636,신당,635,N,15:30:20,15:30:50,,6133,하행,2025-05-01T05:00:00,,주말
6호선,2649,신내,648,,20250619,6호선,2611,응암,610,N,6호선,6156,2637,동묘앞,636,N,15:31:50,15:32:20,,6133,하행,2025-05-01T05:00:00,,주말
6호선,2649,신내,648,,20250619,6호선,2611,응암,610,N,6호선,6156,2638,창신,637,N,15:33:40,15:34:10,,6133,하행,2025-05-01T05:00:00,,주말
6호선,2649,신내,648,,20250619,6호선,2611,응암,610,N,6호선,6156,2639,보문,638,N,15:35:20,15:35:50,,6133,하행,2025-05-01T05:00:00,,주말
6호선,2649,신내,648,,20250619,6호선,2611,응암,610,N,6호선,6156,2640,안암,639,N,15:37:00,15:37:30,,6133,하행,2025-05-01T05:00:00,,주말
6호선,2649,신내,648,,20250619,6호선,2611,응암,610,N,6호선,6156,2641,고려대,640,N,15:38:40,15:39:10,,6133,하행,2025-05-01T05:00:00,,주말
6호선,2649,신내,648,,20250619,6호선,2611,응암,610,N,6호선,6156,2642,월곡,641,N,15:40:50,15:41:20,,6133,하행,2025-05-01T05:00:00,,주말
6호선,2649,신내,648,,20250619,6호선,2611,응암,610,N,6호선,6156,2643,상월곡,642,N,15:42:30,15:43:00,,6133,하행,2025-05-01T05:00:00,,주말
6호선,2649,신내,648,,20250619,6호선,2611,응암,610,N,6호선,6156,2644,돌곶이,643,N,15:44:10,15:44:30,,6133,하행,2025-05-01T05:00:00,,주말
6호선,2649,신내,648,,20250619,6호선,2611,응암,610,N,6호선,6156,2645,석계,644,N,15:45:50,15:46:30,,6133,하행,2025-05-01T05:00:00,,주말
6호선,2649,신내,648,,20250619,6호선,2611,응암,610,N,6호선,6156,2646,태릉입구,645,N,15:47:40,15:48:10,,6133,하행,2025-05-01T05:00:00,,주말
6호선,2649,신내,648,,20250619,6호선,2611,응암,610,N,6호선,6156,2647,화랑대,646,N,15:49:20,15:49:50,,6133,하행,2025-05-01T05:00:00,,주말
6호선,2649,신내,648,,20250619,6호선,2611,응암,610,N,6호선,6156,2648,봉화산,647,N,15:51:10,15:51:40,,6133,하행,2025-05-01T05:00:00,,주말
6호선,2649,신내,648,,20250619,6호선,2611,응암,610,N,6호선,6156,2649,신내,648,N,15:56:10,,,6133,하행,2025-05-01T05:00:00,,주말
6호선,2648,봉화산,647,,20250619,6호선,2611,응암,610,N,6호선,6154,2611,응암,610,N,,14:51:00,,6135,하행,2025-05-01T05:00:00,,주말
6호선,2648,봉화산,647,,20250619,6호선,2611,응암,610,N,6호선,6154,2612,역촌,611,N,14:52:40,14:53:00,,6135,하행,2025-05-01T05:00:00,,주말
6호선,2648,봉화산,647,,20250619,6호선,2611,응암,610,N,6호선,6154,2613,불광,612,N,14:54:20,14:54:50,,6135,하행,2025-05-01T05:00:00,,주말
6호선,2648,봉화산,647,,20250619,6호선,2611,응암,610,N,6호선,6154,2614,독바위,613,N,14:56:10,14:56:30,,6135,하행,2025-05-01T05:00:00,,주말
6호선,2648,봉화산,647,,20250619,6호선,2611,응암,610,N,6호선,6154,2615,연신내,614,N,14:58:40,14:59:20,,6135,하행,2025-05-01T05:00:00,,주말
6호선,2648,봉화산,647,,20250619,6호선,2611,응암,610,N,6호선,6154,2616,구산,615,N,15:00:40,15:01:10,,6135,하행,2025-05-01T05:00:00,,주말
6호선,2648,봉화산,647,,20250619,6호선,2611,응암,610,N,6호선,6154,2611,응암,610,N,15:03:10,15:03:40,,6135,하행,2025-05-01T05:00:00,,주말
6호선,2648,봉화산,647,,20250619,6호선,2611,응암,610,N,6호선,6154,2617,새절,616,N,15:05:00,15:05:30,,6135,하행,2025-05-01T05:00:00,,주말
6호선,2648,봉화산,647,,20250619,6호선,2611,응암,610,N,6호선,6154,2618,증산,617,N,15:06:50,15:07:10,,6135,하행,2025-05-01T05:00:00,,주말
6호선,2648,봉화산,647,,20250619,6호선,2611,응암,610,N,6호선,6154,2619,디지털미디어시티,618,N,15:08:30,15:09:10,,6135,하행,2025-05-01T05:00:00,,주말
6호선,2648,봉화산,647,,20250619,6호선,2611,응암,610,N,6호선,6154,2620,월드컵경기장,619,N,15:10:20,15:10:50,,6135,하행,2025-05-01T05:00:00,,주말
6호선,2648,봉화산,647,,20250619,6호선,2611,응암,610,N,6호선,6154,2621,마포구청,620,N,15:12:00,15:12:30,,6135,하행,2025-05-01T05:00:00,,주말
6호선,2648,봉화산,647,,20250619,6호선,2611,응암,610,N,6호선,6154,2622,망원,621,N,15:13:50,15:14:20,,6135,하행,2025-05-01T05:00:00,,주말
6호선,2648,봉화산,647,,20250619,6호선,2611,응암,610,N,6호선,6154,2623,합정,622,N,15:15:40,15:16:20,,6135,하행,2025-05-01T05:00:00,,주말
6호선,2648,봉화산,647,,20250619,6호선,2611,응암,610,N,6호선,6154,2624,상수,623,N,15:17:30,15:17:50,,6135,하행,2025-05-01T05:00:00,,주말
6호선,2648,봉화산,647,,20250619,6호선,2611,응암,610,N,6호선,6154,2625,광흥창,624,N,15:19:00,15:19:30,,6135,하행,2025-05-01T05:00:00,,주말
6호선,2648,봉화산,647,,20250619,6호선,2611,응암,610,N,6호선,6154,2626,대흥,625,N,15:21:00,15:21:30,,6135,하행,2025-05-01T05:00:00,,주말
6호선,2648,봉화산,647,,20250619,6호선,2611,응암,610,N,6호선,6154,2627,공덕,626,N,15:22:50,15:23:30,,6135,하행,2025-05-01T05:00:00,,주말
6호선,2648,봉화산,647,,20250619,6호선,2611,응암,610,N,6호선,6154,2628,효창공원앞,627,N,15:24:50,15:25:20,,6135,하행,2025-05-01T05:00:00,,주말
6호선,2648,봉화산,647,,20250619,6호선,2611,응암,610,N,6호선,6154,2629,삼각지,628,N,15:26:50,15:27:20,,6135,하행,2025-05-01T05:00:00,,주말
6호선,2648,봉화산,647,,20250619,6호선,2611,응암,610,N,6호선,6154,2630,녹사평,629,N,15:29:00,15:29:20,,6135,하행,2025-05-01T05:00:00,,주말
6호선,2648,봉화산,647,,20250619,6호선,2611,응암,610,N,6호선,6154,2631,이태원,630,N,15:30:30,15:31:00,,6135,하행,2025-05-01T05:00:00,,주말
6호선,2648,봉화산,647,,20250619,6호선,2611,응암,610,N,6호선,6154,2632,한강진,631,N,15:32:30,15:32:50,,6135,하행,2025-05-01T05:00:00,,주말
6호선,2648,봉화산,647,,20250619,6호선,2611,응암,610,N,6호선,6154,2633,버티고개,632,N,15:34:20,15:34:40,,6135,하행,2025-05-01T05:00:00,,주말
6호선,2648,봉화산,647,,20250619,6호선,2611,응암,610,N,6호선,6154,2634,약수,633,N,15:35:50,15:36:30,,6135,하행,2025-05-01T05:00:00,,주말
6호선,2648,봉화산,647,,20250619,6호선,2611,응암,610,N,6호선,6154,2635,청구,634,N,15:37:40,15:38:10,,6135,하행,2025-05-01T05:00:00,,주말
6호선,2648,봉화산,647,,20250619,6호선,2611,응암,610,N,6호선,6154,2636,신당,635,N,15:39:20,15:39:50,,6135,하행,2025-05-01T05:00:00,,주말
6호선,2648,봉화산,647,,20250619,6호선,2611,응암,610,N,6호선,6154,2637,동묘앞,636,N,15:40:50,15:41:20,,6135,하행,2025-05-01T05:00:00,,주말
6호선,2648,봉화산,647,,20250619,6호선,2611,응암,610,N,6호선,6154,2638,창신,637,N,15:42:40,15:43:10,,6135,하행,2025-05-01T05:00:00,,주말
6호선,2648,봉화산,647,,20250619,6호선,2611,응암,610,N,6호선,6154,2639,보문,638,N,15:44:20,15:44:50,,6135,하행,2025-05-01T05:00:00,,주말
6호선,2648,봉화산,647,,20250619,6호선,2611,응암,610,N,6호선,6154,2640,안암,639,N,15:46:00,15:46:30,,6135,하행,2025-05-01T05:00:00,,주말
6호선,2648,봉화산,647,,20250619,6호선,2611,응암,610,N,6호선,6154,2641,고려대,640,N,15:47:40,15:48:10,,6135,하행,2025-05-01T05:00:00,,주말
6호선,2648,봉화산,647,,20250619,6호선,2611,응암,610,N,6호선,6154,2642,월곡,641,N,15:49:50,15:50:20,,6135,하행,2025-05-01T05:00:00,,주말
6호선,2648,봉화산,647,,20250619,6호선,2611,응암,610,N,6호선,6154,2643,상월곡,642,N,15:51:30,15:52:00,,6135,하행,2025-05-01T05:00:00,,주말
6호선,2648,봉화산,647,,20250619,6호선,2611,응암,610,N,6호선,6154,2644,돌곶이,643,N,15:53:10,15:53:30,,6135,하행,2025-05-01T05:00:00,,주말
6호선,2648,봉화산,647,,20250619,6호선,2611,응암,610,N,6호선,6154,2645,석계,644,N,15:54:50,15:55:30,,6135,하행,2025-05-01T05:00:00,,주말
6호선,2648,봉화산,647,,20250619,6호선,2611,응암,610,N,6호선,6154,2646,태릉입구,645,N,15:56:40,15:57:10,,6135,하행,2025-05-01T05:00:00,,주말
6호선,2648,봉화산,647,,20250619,6호선,2611,응암,610,N,6호선,6154,2647,화랑대,646,N,15:58:20,15:58:50,,6135,하행,2025-05-01T05:00:00,,주말
6호선,2648,봉화산,647,,20250619,6호선,2611,응암,610,N,6호선,6154,2648,봉화산,647,N,16:00:10,,,6135,하행,2025-05-01T05:00:00,,주말
6호선,2648,봉화산,647,,20250619,6호선,2611,응암,610,N,6호선,6158,2611,응암,610,N,,15:00:00,,6137,하행,2025-05-01T05:00:00,,주말
6호선,2648,봉화산,647,,20250619,6호선,2611,응암,610,N,6호선,6158,2612,역촌,611,N,15:01:40,15:02:00,,6137,하행,2025-05-01T05:00:00,,주말
6호선,2648,봉화산,647,,20250619,6호선,2611,응암,610,N,6호선,6158,2613,불광,612,N,15:03:20,15:03:50,,6137,하행,2025-05-01T05:00:00,,주말
6호선,2648,봉화산,647,,20250619,6호선,2611,응암,610,N,6호선,6158,2614,독바위,613,N,15:05:10,15:05:30,,6137,하행,2025-05-01T05:00:00,,주말
6호선,2648,봉화산,647,,20250619,6호선,2611,응암,610,N,6호선,6158,2615,연신내,614,N,15:07:40,15:08:20,,6137,하행,2025-05-01T05:00:00,,주말
6호선,2648,봉화산,647,,20250619,6호선,2611,응암,610,N,6호선,6158,2616,구산,615,N,15:09:40,15:10:10,,6137,하행,2025-05-01T05:00:00,,주말
6호선,2648,봉화산,647,,20250619,6호선,2611,응암,610,N,6호선,6158,2611,응암,610,N,15:12:10,15:12:40,,6137,하행,2025-05-01T05:00:00,,주말
6호선,2648,봉화산,647,,20250619,6호선,2611,응암,610,N,6호선,6158,2617,새절,616,N,15:14:00,15:14:30,,6137,하행,2025-05-01T05:00:00,,주말
6호선,2648,봉화산,647,,20250619,6호선,2611,응암,610,N,6호선,6158,2618,증산,617,N,15:15:50,15:16:10,,6137,하행,2025-05-01T05:00:00,,주말
6호선,2648,봉화산,647,,20250619,6호선,2611,응암,610,N,6호선,6158,2619,디지털미디어시티,618,N,15:17:30,15:18:10,,6137,하행,2025-05-01T05:00:00,,주말
6호선,2648,봉화산,647,,20250619,6호선,2611,응암,610,N,6호선,6158,2620,월드컵경기장,619,N,15:19:20,15:19:50,,6137,하행,2025-05-01T05:00:00,,주말
6호선,2648,봉화산,647,,20250619,6호선,2611,응암,610,N,6호선,6158,2621,마포구청,620,N,15:21:00,15:21:30,,6137,하행,2025-05-01T05:00:00,,주말
6호선,2648,봉화산,647,,20250619,6호선,2611,응암,610,N,6호선,6158,2622,망원,621,N,15:22:50,15:23:20,,6137,하행,2025-05-01T05:00:00,,주말
6호선,2648,봉화산,647,,20250619,6호선,2611,응암,610,N,6호선,6158,2623,합정,622,N,15:24:40,15:25:20,,6137,하행,2025-05-01T05:00:00,,주말
6호선,2648,봉화산,647,,20250619,6호선,2611,응암,610,N,6호선,6158,2624,상수,623,N,15:26:30,15:26:50,,6137,하행,2025-05-01T05:00:00,,주말
6호선,2648,봉화산,647,,20250619,6호선,2611,응암,610,N,6호선,6158,2625,광흥창,624,N,15:28:00,15:28:30,,6137,하행,2025-05-01T05:00:00,,주말
6호선,2648,봉화산,647,,20250619,6호선,2611,응암,610,N,6호선,6158,2626,대흥,625,N,15:30:00,15:30:30,,6137,하행,2025-05-01T05:00:00,,주말
6호선,2648,봉화산,647,,20250619,6호선,2611,응암,610,N,6호선,6158,2627,공덕,626,N,15:31:50,15:32:30,,6137,하행,2025-05-01T05:00:00,,주말
6호선,2648,봉화산,647,,20250619,6호선,2611,응암,610,N,6호선,6158,2628,효창공원앞,627,N,15:33:50,15:34:20,,6137,하행,2025-05-01T05:00:00,,주말
6호선,2648,봉화산,647,,20250619,6호선,2611,응암,610,N,6호선,6158,2629,삼각지,628,N,15:35:50,15:36:20,,6137,하행,2025-05-01T05:00:00,,주말
6호선,2648,봉화산,647,,20250619,6호선,2611,응암,610,N,6호선,6158,2630,녹사평,629,N,15:38:00,15:38:20,,6137,하행,2025-05-01T05:00:00,,주말
6호선,2648,봉화산,647,,20250619,6호선,2611,응암,610,N,6호선,6158,2631,이태원,630,N,15:39:30,15:40:00,,6137,하행,2025-05-01T05:00:00,,주말
6호선,2648,봉화산,647,,20250619,6호선,2611,응암,610,N,6호선,6158,2632,한강진,631,N,15:41:30,15:41:50,,6137,하행,2025-05-01T05:00:00,,주말
6호선,2648,봉화산,647,,20250619,6호선,2611,응암,610,N,6호선,6158,2633,버티고개,632,N,15:43:20,15:43:40,,6137,하행,2025-05-01T05:00:00,,주말
6호선,2648,봉화산,647,,20250619,6호선,2611,응암,610,N,6호선,6158,2634,약수,633,N,15:44:50,15:45:30,,6137,하행,2025-05-01T05:00:00,,주말
6호선,2648,봉화산,647,,20250619,6호선,2611,응암,610,N,6호선,6158,2635,청구,634,N,15:46:40,15:47:10,,6137,하행,2025-05-01T05:00:00,,주말
6호선,2648,봉화산,647,,20250619,6호선,2611,응암,610,N,6호선,6158,2636,신당,635,N,15:48:20,15:48:50,,6137,하행,2025-05-01T05:00:00,,주말
6호선,2648,봉화산,647,,20250619,6호선,2611,응암,610,N,6호선,6158,2637,동묘앞,636,N,15:49:50,15:50:20,,6137,하행,2025-05-01T05:00:00,,주말
6호선,2648,봉화산,647,,20250619,6호선,2611,응암,610,N,6호선,6158,2638,창신,637,N,15:51:40,15:52:10,,6137,하행,2025-05-01T05:00:00,,주말
6호선,2648,봉화산,647,,20250619,6호선,2611,응암,610,N,6호선,6158,2639,보문,638,N,15:53:20,15:53:50,,6137,하행,2025-05-01T05:00:00,,주말
6호선,2648,봉화산,647,,20250619,6호선,2611,응암,610,N,6호선,6158,2640,안암,639,N,15:55:00,15:55:30,,6137,하행,2025-05-01T05:00:00,,주말
6호선,2648,봉화산,647,,20250619,6호선,2611,응암,610,N,6호선,6158,2641,고려대,640,N,15:56:40,15:57:10,,6137,하행,2025-05-01T05:00:00,,주말
6호선,2648,봉화산,647,,20250619,6호선,2611,응암,610,N,6호선,6158,2642,월곡,641,N,15:58:50,15:59:20,,6137,하행,2025-05-01T05:00:00,,주말
6호선,2648,봉화산,647,,20250619,6호선,2611,응암,610,N,6호선,6158,2643,상월곡,642,N,16:00:30,16:01:00,,6137,하행,2025-05-01T05:00:00,,주말
6호선,2648,봉화산,647,,20250619,6호선,2611,응암,610,N,6호선,6158,2644,돌곶이,643,N,16:02:10,16:02:30,,6137,하행,2025-05-01T05:00:00,,주말
6호선,2648,봉화산,647,,20250619,6호선,2611,응암,610,N,6호선,6158,2645,석계,644,N,16:03:50,16:04:30,,6137,하행,2025-05-01T05:00:00,,주말
6호선,2648,봉화산,647,,20250619,6호선,2611,응암,610,N,6호선,6158,2646,태릉입구,645,N,16:05:40,16:06:10,,6137,하행,2025-05-01T05:00:00,,주말
6호선,2648,봉화산,647,,20250619,6호선,2611,응암,610,N,6호선,6158,2647,화랑대,646,N,16:07:20,16:07:50,,6137,하행,2025-05-01T05:00:00,,주말
6호선,2648,봉화산,647,,20250619,6호선,2611,응암,610,N,6호선,6158,2648,봉화산,647,N,16:09:10,,,6137,하행,2025-05-01T05:00:00,,주말
6호선,2649,신내,648,,20250619,6호선,2611,응암,610,N,6호선,6162,2611,응암,610,N,,15:09:00,,6139,하행,2025-05-01T05:00:00,,주말
6호선,2649,신내,648,,20250619,6호선,2611,응암,610,N,6호선,6162,2612,역촌,611,N,15:10:40,15:11:00,,6139,하행,2025-05-01T05:00:00,,주말
6호선,2649,신내,648,,20250619,6호선,2611,응암,610,N,6호선,6162,2613,불광,612,N,15:12:20,15:12:50,,6139,하행,2025-05-01T05:00:00,,주말
6호선,2649,신내,648,,20250619,6호선,2611,응암,610,N,6호선,6162,2614,독바위,613,N,15:14:10,15:14:30,,6139,하행,2025-05-01T05:00:00,,주말
6호선,2649,신내,648,,20250619,6호선,2611,응암,610,N,6호선,6162,2615,연신내,614,N,15:16:40,15:17:20,,6139,하행,2025-05-01T05:00:00,,주말
6호선,2649,신내,648,,20250619,6호선,2611,응암,610,N,6호선,6162,2616,구산,615,N,15:18:40,15:19:10,,6139,하행,2025-05-01T05:00:00,,주말
6호선,2649,신내,648,,20250619,6호선,2611,응암,610,N,6호선,6162,2611,응암,610,N,15:21:10,15:21:40,,6139,하행,2025-05-01T05:00:00,,주말
6호선,2649,신내,648,,20250619,6호선,2611,응암,610,N,6호선,6162,2617,새절,616,N,15:23:00,15:23:30,,6139,하행,2025-05-01T05:00:00,,주말
6호선,2649,신내,648,,20250619,6호선,2611,응암,610,N,6호선,6162,2618,증산,617,N,15:24:50,15:25:10,,6139,하행,2025-05-01T05:00:00,,주말
6호선,2649,신내,648,,20250619,6호선,2611,응암,610,N,6호선,6162,2619,디지털미디어시티,618,N,15:26:30,15:27:10,,6139,하행,2025-05-01T05:00:00,,주말
6호선,2649,신내,648,,20250619,6호선,2611,응암,610,N,6호선,6162,2620,월드컵경기장,619,N,15:28:20,15:28:50,,6139,하행,2025-05-01T05:00:00,,주말
6호선,2649,신내,648,,20250619,6호선,2611,응암,610,N,6호선,6162,2621,마포구청,620,N,15:30:00,15:30:30,,6139,하행,2025-05-01T05:00:00,,주말
6호선,2649,신내,648,,20250619,6호선,2611,응암,610,N,6호선,6162,2622,망원,621,N,15:31:50,15:32:20,,6139,하행,2025-05-01T05:00:00,,주말
6호선,2649,신내,648,,20250619,6호선,2611,응암,610,N,6호선,6162,2623,합정,622,N,15:33:40,15:34:20,,6139,하행,2025-05-01T05:00:00,,주말
6호선,2649,신내,648,,20250619,6호선,2611,응암,610,N,6호선,6162,2624,상수,623,N,15:35:30,15:35:50,,6139,하행,2025-05-01T05:00:00,,주말
6호선,2649,신내,648,,20250619,6호선,2611,응암,610,N,6호선,6162,2625,광흥창,624,N,15:37:00,15:37:30,,6139,하행,2025-05-01T05:00:00,,주말
6호선,2649,신내,648,,20250619,6호선,2611,응암,610,N,6호선,6162,2626,대흥,625,N,15:39:00,15:39:30,,6139,하행,2025-05-01T05:00:00,,주말
6호선,2649,신내,648,,20250619,6호선,2611,응암,610,N,6호선,6162,2627,공덕,626,N,15:40:50,15:41:30,,6139,하행,2025-05-01T05:00:00,,주말
6호선,2649,신내,648,,20250619,6호선,2611,응암,610,N,6호선,6162,2628,효창공원앞,627,N,15:42:50,15:43:20,,6139,하행,2025-05-01T05:00:00,,주말
6호선,2649,신내,648,,20250619,6호선,2611,응암,610,N,6호선,6162,2629,삼각지,628,N,15:44:50,15:45:20,,6139,하행,2025-05-01T05:00:00,,주말
6호선,2649,신내,648,,20250619,6호선,2611,응암,610,N,6호선,6162,2630,녹사평,629,N,15:47:00,15:47:20,,6139,하행,2025-05-01T05:00:00,,주말
6호선,2649,신내,648,,20250619,6호선,2611,응암,610,N,6호선,6162,2631,이태원,630,N,15:48:30,15:49:00,,6139,하행,2025-05-01T05:00:00,,주말
6호선,2649,신내,648,,20250619,6호선,2611,응암,610,N,6호선,6162,2632,한강진,631,N,15:50:30,15:50:50,,6139,하행,2025-05-01T05:00:00,,주말
6호선,2649,신내,648,,20250619,6호선,2611,응암,610,N,6호선,6162,2633,버티고개,632,N,15:52:20,15:52:40,,6139,하행,2025-05-01T05:00:00,,주말
6호선,2649,신내,648,,20250619,6호선,2611,응암,610,N,6호선,6162,2634,약수,633,N,15:53:50,15:54:30,,6139,하행,2025-05-01T05:00:00,,주말
6호선,2649,신내,648,,20250619,6호선,2611,응암,610,N,6호선,6162,2635,청구,634,N,15:55:40,15:56:10,,6139,하행,2025-05-01T05:00:00,,주말
6호선,2649,신내,648,,20250619,6호선,2611,응암,610,N,6호선,6162,2636,신당,635,N,15:57:20,15:57:50,,6139,하행,2025-05-01T05:00:00,,주말
6호선,2649,신내,648,,20250619,6호선,2611,응암,610,N,6호선,6162,2637,동묘앞,636,N,15:58:50,15:59:20,,6139,하행,2025-05-01T05:00:00,,주말
6호선,2649,신내,648,,20250619,6호선,2611,응암,610,N,6호선,6162,2638,창신,637,N,16:00:40,16:01:10,,6139,하행,2025-05-01T05:00:00,,주말
6호선,2649,신내,648,,20250619,6호선,2611,응암,610,N,6호선,6162,2639,보문,638,N,16:02:20,16:02:50,,6139,하행,2025-05-01T05:00:00,,주말
6호선,2649,신내,648,,20250619,6호선,2611,응암,610,N,6호선,6162,2640,안암,639,N,16:04:00,16:04:30,,6139,하행,2025-05-01T05:00:00,,주말
6호선,2649,신내,648,,20250619,6호선,2611,응암,610,N,6호선,6162,2641,고려대,640,N,16:05:40,16:06:10,,6139,하행,2025-05-01T05:00:00,,주말
6호선,2649,신내,648,,20250619,6호선,2611,응암,610,N,6호선,6162,2642,월곡,641,N,16:07:50,16:08:20,,6139,하행,2025-05-01T05:00:00,,주말
6호선,2649,신내,648,,20250619,6호선,2611,응암,610,N,6호선,6162,2643,상월곡,642,N,16:09:30,16:10:00,,6139,하행,2025-05-01T05:00:00,,주말
6호선,2649,신내,648,,20250619,6호선,2611,응암,610,N,6호선,6162,2644,돌곶이,643,N,16:11:10,16:11:30,,6139,하행,2025-05-01T05:00:00,,주말
6호선,2649,신내,648,,20250619,6호선,2611,응암,610,N,6호선,6162,2645,석계,644,N,16:12:50,16:13:30,,6139,하행,2025-05-01T05:00:00,,주말
6호선,2649,신내,648,,20250619,6호선,2611,응암,610,N,6호선,6162,2646,태릉입구,645,N,16:14:40,16:15:10,,6139,하행,2025-05-01T05:00:00,,주말
6호선,2649,신내,648,,20250619,6호선,2611,응암,610,N,6호선,6162,2647,화랑대,646,N,16:16:20,16:16:50,,6139,하행,2025-05-01T05:00:00,,주말
6호선,2649,신내,648,,20250619,6호선,2611,응암,610,N,6호선,6162,2648,봉화산,647,N,16:18:10,16:18:40,,6139,하행,2025-05-01T05:00:00,,주말
6호선,2649,신내,648,,20250619,6호선,2611,응암,610,N,6호선,6162,2649,신내,648,N,16:23:10,,,6139,하행,2025-05-01T05:00:00,,주말
6호선,2648,봉화산,647,,20250619,6호선,2611,응암,610,N,6호선,6160,2611,응암,610,N,,15:18:00,,6141,하행,2025-05-01T05:00:00,,주말
6호선,2648,봉화산,647,,20250619,6호선,2611,응암,610,N,6호선,6160,2612,역촌,611,N,15:19:40,15:20:00,,6141,하행,2025-05-01T05:00:00,,주말
6호선,2648,봉화산,647,,20250619,6호선,2611,응암,610,N,6호선,6160,2613,불광,612,N,15:21:20,15:21:50,,6141,하행,2025-05-01T05:00:00,,주말
6호선,2648,봉화산,647,,20250619,6호선,2611,응암,610,N,6호선,6160,2614,독바위,613,N,15:23:10,15:23:30,,6141,하행,2025-05-01T05:00:00,,주말
6호선,2648,봉화산,647,,20250619,6호선,2611,응암,610,N,6호선,6160,2615,연신내,614,N,15:25:40,15:26:20,,6141,하행,2025-05-01T05:00:00,,주말
6호선,2648,봉화산,647,,20250619,6호선,2611,응암,610,N,6호선,6160,2616,구산,615,N,15:27:40,15:28:10,,6141,하행,2025-05-01T05:00:00,,주말
6호선,2648,봉화산,647,,20250619,6호선,2611,응암,610,N,6호선,6160,2611,응암,610,N,15:30:10,15:30:40,,6141,하행,2025-05-01T05:00:00,,주말
6호선,2648,봉화산,647,,20250619,6호선,2611,응암,610,N,6호선,6160,2617,새절,616,N,15:32:00,15:32:30,,6141,하행,2025-05-01T05:00:00,,주말
6호선,2648,봉화산,647,,20250619,6호선,2611,응암,610,N,6호선,6160,2618,증산,617,N,15:33:50,15:34:10,,6141,하행,2025-05-01T05:00:00,,주말
6호선,2648,봉화산,647,,20250619,6호선,2611,응암,610,N,6호선,6160,2619,디지털미디어시티,618,N,15:35:30,15:36:10,,6141,하행,2025-05-01T05:00:00,,주말
6호선,2648,봉화산,647,,20250619,6호선,2611,응암,610,N,6호선,6160,2620,월드컵경기장,619,N,15:37:20,15:37:50,,6141,하행,2025-05-01T05:00:00,,주말
6호선,2648,봉화산,647,,20250619,6호선,2611,응암,610,N,6호선,6160,2621,마포구청,620,N,15:39:00,15:39:30,,6141,하행,2025-05-01T05:00:00,,주말
6호선,2648,봉화산,647,,20250619,6호선,2611,응암,610,N,6호선,6160,2622,망원,621,N,15:40:50,15:41:20,,6141,하행,2025-05-01T05:00:00,,주말
6호선,2648,봉화산,647,,20250619,6호선,2611,응암,610,N,6호선,6160,2623,합정,622,N,15:42:40,15:43:20,,6141,하행,2025-05-01T05:00:00,,주말
6호선,2648,봉화산,647,,20250619,6호선,2611,응암,610,N,6호선,6160,2624,상수,623,N,15:44:30,15:44:50,,6141,하행,2025-05-01T05:00:00,,주말
6호선,2648,봉화산,647,,20250619,6호선,2611,응암,610,N,6호선,6160,2625,광흥창,624,N,15:46:00,15:46:30,,6141,하행,2025-05-01T05:00:00,,주말
6호선,2648,봉화산,647,,20250619,6호선,2611,응암,610,N,6호선,6160,2626,대흥,625,N,15:48:00,15:48:30,,6141,하행,2025-05-01T05:00:00,,주말
6호선,2648,봉화산,647,,20250619,6호선,2611,응암,610,N,6호선,6160,2627,공덕,626,N,15:49:50,15:50:30,,6141,하행,2025-05-01T05:00:00,,주말
6호선,2648,봉화산,647,,20250619,6호선,2611,응암,610,N,6호선,6160,2628,효창공원앞,627,N,15:51:50,15:52:20,,6141,하행,2025-05-01T05:00:00,,주말
6호선,2648,봉화산,647,,20250619,6호선,2611,응암,610,N,6호선,6160,2629,삼각지,628,N,15:53:50,15:54:20,,6141,하행,2025-05-01T05:00:00,,주말
6호선,2648,봉화산,647,,20250619,6호선,2611,응암,610,N,6호선,6160,2630,녹사평,629,N,15:56:00,15:56:20,,6141,하행,2025-05-01T05:00:00,,주말
6호선,2648,봉화산,647,,20250619,6호선,2611,응암,610,N,6호선,6160,2631,이태원,630,N,15:57:30,15:58:00,,6141,하행,2025-05-01T05:00:00,,주말
6호선,2648,봉화산,647,,20250619,6호선,2611,응암,610,N,6호선,6160,2632,한강진,631,N,15:59:30,15:59:50,,6141,하행,2025-05-01T05:00:00,,주말
6호선,2648,봉화산,647,,20250619,6호선,2611,응암,610,N,6호선,6160,2633,버티고개,632,N,16:01:20,16:01:40,,6141,하행,2025-05-01T05:00:00,,주말
6호선,2648,봉화산,647,,20250619,6호선,2611,응암,610,N,6호선,6160,2634,약수,633,N,16:02:50,16:03:30,,6141,하행,2025-05-01T05:00:00,,주말
6호선,2648,봉화산,647,,20250619,6호선,2611,응암,610,N,6호선,6160,2635,청구,634,N,16:04:40,16:05:10,,6141,하행,2025-05-01T05:00:00,,주말
6호선,2648,봉화산,647,,20250619,6호선,2611,응암,610,N,6호선,6160,2636,신당,635,N,16:06:20,16:06:50,,6141,하행,2025-05-01T05:00:00,,주말
6호선,2648,봉화산,647,,20250619,6호선,2611,응암,610,N,6호선,6160,2637,동묘앞,636,N,16:07:50,16:08:20,,6141,하행,2025-05-01T05:00:00,,주말
6호선,2648,봉화산,647,,20250619,6호선,2611,응암,610,N,6호선,6160,2638,창신,637,N,16:09:40,16:10:10,,6141,하행,2025-05-01T05:00:00,,주말
6호선,2648,봉화산,647,,20250619,6호선,2611,응암,610,N,6호선,6160,2639,보문,638,N,16:11:20,16:11:50,,6141,하행,2025-05-01T05:00:00,,주말
6호선,2648,봉화산,647,,20250619,6호선,2611,응암,610,N,6호선,6160,2640,안암,639,N,16:13:00,16:13:30,,6141,하행,2025-05-01T05:00:00,,주말
6호선,2648,봉화산,647,,20250619,6호선,2611,응암,610,N,6호선,6160,2641,고려대,640,N,16:14:40,16:15:10,,6141,하행,2025-05-01T05:00:00,,주말
6호선,2648,봉화산,647,,20250619,6호선,2611,응암,610,N,6호선,6160,2642,월곡,641,N,16:16:50,16:17:20,,6141,하행,2025-05-01T05:00:00,,주말
6호선,2648,봉화산,647,,20250619,6호선,2611,응암,610,N,6호선,6160,2643,상월곡,642,N,16:18:30,16:19:00,,6141,하행,2025-05-01T05:00:00,,주말
6호선,2648,봉화산,647,,20250619,6호선,2611,응암,610,N,6호선,6160,2644,돌곶이,643,N,16:20:10,16:20:30,,6141,하행,2025-05-01T05:00:00,,주말
6호선,2648,봉화산,647,,20250619,6호선,2611,응암,610,N,6호선,6160,2645,석계,644,N,16:21:50,16:22:30,,6141,하행,2025-05-01T05:00:00,,주말
6호선,2648,봉화산,647,,20250619,6호선,2611,응암,610,N,6호선,6160,2646,태릉입구,645,N,16:23:40,16:24:10,,6141,하행,2025-05-01T05:00:00,,주말
6호선,2648,봉화산,647,,20250619,6호선,2611,응암,610,N,6호선,6160,2647,화랑대,646,N,16:25:20,16:25:50,,6141,하행,2025-05-01T05:00:00,,주말
6호선,2648,봉화산,647,,20250619,6호선,2611,응암,610,N,6호선,6160,2648,봉화산,647,N,16:27:10,,,6141,하행,2025-05-01T05:00:00,,주말
6호선,2648,봉화산,647,,20250619,6호선,2611,응암,610,N,6호선,6164,2611,응암,610,N,,15:27:00,,6143,하행,2025-05-01T05:00:00,,주말
6호선,2648,봉화산,647,,20250619,6호선,2611,응암,610,N,6호선,6164,2612,역촌,611,N,15:28:40,15:29:00,,6143,하행,2025-05-01T05:00:00,,주말
6호선,2648,봉화산,647,,20250619,6호선,2611,응암,610,N,6호선,6164,2613,불광,612,N,15:30:20,15:30:50,,6143,하행,2025-05-01T05:00:00,,주말
6호선,2648,봉화산,647,,20250619,6호선,2611,응암,610,N,6호선,6164,2614,독바위,613,N,15:32:10,15:32:30,,6143,하행,2025-05-01T05:00:00,,주말
6호선,2648,봉화산,647,,20250619,6호선,2611,응암,610,N,6호선,6164,2615,연신내,614,N,15:34:40,15:35:20,,6143,하행,2025-05-01T05:00:00,,주말
6호선,2648,봉화산,647,,20250619,6호선,2611,응암,610,N,6호선,6164,2616,구산,615,N,15:36:40,15:37:10,,6143,하행,2025-05-01T05:00:00,,주말
6호선,2648,봉화산,647,,20250619,6호선,2611,응암,610,N,6호선,6164,2611,응암,610,N,15:39:10,15:39:40,,6143,하행,2025-05-01T05:00:00,,주말
6호선,2648,봉화산,647,,20250619,6호선,2611,응암,610,N,6호선,6164,2617,새절,616,N,15:41:00,15:41:30,,6143,하행,2025-05-01T05:00:00,,주말
6호선,2648,봉화산,647,,20250619,6호선,2611,응암,610,N,6호선,6164,2618,증산,617,N,15:42:50,15:43:10,,6143,하행,2025-05-01T05:00:00,,주말
6호선,2648,봉화산,647,,20250619,6호선,2611,응암,610,N,6호선,6164,2619,디지털미디어시티,618,N,15:44:30,15:45:10,,6143,하행,2025-05-01T05:00:00,,주말
6호선,2648,봉화산,647,,20250619,6호선,2611,응암,610,N,6호선,6164,2620,월드컵경기장,619,N,15:46:20,15:46:50,,6143,하행,2025-05-01T05:00:00,,주말
6호선,2648,봉화산,647,,20250619,6호선,2611,응암,610,N,6호선,6164,2621,마포구청,620,N,15:48:00,15:48:30,,6143,하행,2025-05-01T05:00:00,,주말
6호선,2648,봉화산,647,,20250619,6호선,2611,응암,610,N,6호선,6164,2622,망원,621,N,15:49:50,15:50:20,,6143,하행,2025-05-01T05:00:00,,주말
6호선,2648,봉화산,647,,20250619,6호선,2611,응암,610,N,6호선,6164,2623,합정,622,N,15:51:40,15:52:20,,6143,하행,2025-05-01T05:00:00,,주말
6호선,2648,봉화산,647,,20250619,6호선,2611,응암,610,N,6호선,6164,2624,상수,623,N,15:53:30,15:53:50,,6143,하행,2025-05-01T05:00:00,,주말
6호선,2648,봉화산,647,,20250619,6호선,2611,응암,610,N,6호선,6164,2625,광흥창,624,N,15:55:00,15:55:30,,6143,하행,2025-05-01T05:00:00,,주말
6호선,2648,봉화산,647,,20250619,6호선,2611,응암,610,N,6호선,6164,2626,대흥,625,N,15:57:00,15:57:30,,6143,하행,2025-05-01T05:00:00,,주말
6호선,2648,봉화산,647,,20250619,6호선,2611,응암,610,N,6호선,6164,2627,공덕,626,N,15:58:50,15:59:30,,6143,하행,2025-05-01T05:00:00,,주말
6호선,2648,봉화산,647,,20250619,6호선,2611,응암,610,N,6호선,6164,2628,효창공원앞,627,N,16:00:50,16:01:20,,6143,하행,2025-05-01T05:00:00,,주말
6호선,2648,봉화산,647,,20250619,6호선,2611,응암,610,N,6호선,6164,2629,삼각지,628,N,16:02:50,16:03:20,,6143,하행,2025-05-01T05:00:00,,주말
6호선,2648,봉화산,647,,20250619,6호선,2611,응암,610,N,6호선,6164,2630,녹사평,629,N,16:05:00,16:05:20,,6143,하행,2025-05-01T05:00:00,,주말
6호선,2648,봉화산,647,,20250619,6호선,2611,응암,610,N,6호선,6164,2631,이태원,630,N,16:06:30,16:07:00,,6143,하행,2025-05-01T05:00:00,,주말
6호선,2648,봉화산,647,,20250619,6호선,2611,응암,610,N,6호선,6164,2632,한강진,631,N,16:08:30,16:08:50,,6143,하행,2025-05-01T05:00:00,,주말
6호선,2648,봉화산,647,,20250619,6호선,2611,응암,610,N,6호선,6164,2633,버티고개,632,N,16:10:20,16:10:40,,6143,하행,2025-05-01T05:00:00,,주말
6호선,2648,봉화산,647,,20250619,6호선,2611,응암,610,N,6호선,6164,2634,약수,633,N,16:11:50,16:12:30,,6143,하행,2025-05-01T05:00:00,,주말
6호선,2648,봉화산,647,,20250619,6호선,2611,응암,610,N,6호선,6164,2635,청구,634,N,16:13:40,16:14:10,,6143,하행,2025-05-01T05:00:00,,주말
6호선,2648,봉화산,647,,20250619,6호선,2611,응암,610,N,6호선,6164,2636,신당,635,N,16:15:20,16:15:50,,6143,하행,2025-05-01T05:00:00,,주말
6호선,2648,봉화산,647,,20250619,6호선,2611,응암,610,N,6호선,6164,2637,동묘앞,636,N,16:16:50,16:17:20,,6143,하행,2025-05-01T05:00:00,,주말
6호선,2648,봉화산,647,,20250619,6호선,2611,응암,610,N,6호선,6164,2638,창신,637,N,16:18:40,16:19:10,,6143,하행,2025-05-01T05:00:00,,주말
6호선,2648,봉화산,647,,20250619,6호선,2611,응암,610,N,6호선,6164,2639,보문,638,N,16:20:20,16:20:50,,6143,하행,2025-05-01T05:00:00,,주말
6호선,2648,봉화산,647,,20250619,6호선,2611,응암,610,N,6호선,6164,2640,안암,639,N,16:22:00,16:22:30,,6143,하행,2025-05-01T05:00:00,,주말
6호선,2648,봉화산,647,,20250619,6호선,2611,응암,610,N,6호선,6164,2641,고려대,640,N,16:23:40,16:24:10,,6143,하행,2025-05-01T05:00:00,,주말
6호선,2648,봉화산,647,,20250619,6호선,2611,응암,610,N,6호선,6164,2642,월곡,641,N,16:25:50,16:26:20,,6143,하행,2025-05-01T05:00:00,,주말
6호선,2648,봉화산,647,,20250619,6호선,2611,응암,610,N,6호선,6164,2643,상월곡,642,N,16:27:30,16:28:00,,6143,하행,2025-05-01T05:00:00,,주말
6호선,2648,봉화산,647,,20250619,6호선,2611,응암,610,N,6호선,6164,2644,돌곶이,643,N,16:29:10,16:29:30,,6143,하행,2025-05-01T05:00:00,,주말
6호선,2648,봉화산,647,,20250619,6호선,2611,응암,610,N,6호선,6164,2645,석계,644,N,16:30:50,16:31:30,,6143,하행,2025-05-01T05:00:00,,주말
6호선,2648,봉화산,647,,20250619,6호선,2611,응암,610,N,6호선,6164,2646,태릉입구,645,N,16:32:40,16:33:10,,6143,하행,2025-05-01T05:00:00,,주말
6호선,2648,봉화산,647,,20250619,6호선,2611,응암,610,N,6호선,6164,2647,화랑대,646,N,16:34:20,16:34:50,,6143,하행,2025-05-01T05:00:00,,주말
6호선,2648,봉화산,647,,20250619,6호선,2611,응암,610,N,6호선,6164,2648,봉화산,647,N,16:36:10,,,6143,하행,2025-05-01T05:00:00,,주말
6호선,2649,신내,648,,20250619,6호선,2611,응암,610,N,6호선,6168,2611,응암,610,N,,15:36:00,,6145,하행,2025-05-01T05:00:00,,주말
6호선,2649,신내,648,,20250619,6호선,2611,응암,610,N,6호선,6168,2612,역촌,611,N,15:37:40,15:38:00,,6145,하행,2025-05-01T05:00:00,,주말
6호선,2649,신내,648,,20250619,6호선,2611,응암,610,N,6호선,6168,2613,불광,612,N,15:39:20,15:39:50,,6145,하행,2025-05-01T05:00:00,,주말
6호선,2649,신내,648,,20250619,6호선,2611,응암,610,N,6호선,6168,2614,독바위,613,N,15:41:10,15:41:30,,6145,하행,2025-05-01T05:00:00,,주말
6호선,2649,신내,648,,20250619,6호선,2611,응암,610,N,6호선,6168,2615,연신내,614,N,15:43:40,15:44:20,,6145,하행,2025-05-01T05:00:00,,주말
6호선,2649,신내,648,,20250619,6호선,2611,응암,610,N,6호선,6168,2616,구산,615,N,15:45:40,15:46:10,,6145,하행,2025-05-01T05:00:00,,주말
6호선,2649,신내,648,,20250619,6호선,2611,응암,610,N,6호선,6168,2611,응암,610,N,15:48:10,15:48:40,,6145,하행,2025-05-01T05:00:00,,주말
6호선,2649,신내,648,,20250619,6호선,2611,응암,610,N,6호선,6168,2617,새절,616,N,15:50:00,15:50:30,,6145,하행,2025-05-01T05:00:00,,주말
6호선,2649,신내,648,,20250619,6호선,2611,응암,610,N,6호선,6168,2618,증산,617,N,15:51:50,15:52:10,,6145,하행,2025-05-01T05:00:00,,주말
6호선,2649,신내,648,,20250619,6호선,2611,응암,610,N,6호선,6168,2619,디지털미디어시티,618,N,15:53:30,15:54:10,,6145,하행,2025-05-01T05:00:00,,주말
6호선,2649,신내,648,,20250619,6호선,2611,응암,610,N,6호선,6168,2620,월드컵경기장,619,N,15:55:20,15:55:50,,6145,하행,2025-05-01T05:00:00,,주말
6호선,2649,신내,648,,20250619,6호선,2611,응암,610,N,6호선,6168,2621,마포구청,620,N,15:57:00,15:57:30,,6145,하행,2025-05-01T05:00:00,,주말
6호선,2649,신내,648,,20250619,6호선,2611,응암,610,N,6호선,6168,2622,망원,621,N,15:58:50,15:59:20,,6145,하행,2025-05-01T05:00:00,,주말
6호선,2649,신내,648,,20250619,6호선,2611,응암,610,N,6호선,6168,2623,합정,622,N,16:00:40,16:01:20,,6145,하행,2025-05-01T05:00:00,,주말
6호선,2649,신내,648,,20250619,6호선,2611,응암,610,N,6호선,6168,2624,상수,623,N,16:02:30,16:02:50,,6145,하행,2025-05-01T05:00:00,,주말
6호선,2649,신내,648,,20250619,6호선,2611,응암,610,N,6호선,6168,2625,광흥창,624,N,16:04:00,16:04:30,,6145,하행,2025-05-01T05:00:00,,주말
6호선,2649,신내,648,,20250619,6호선,2611,응암,610,N,6호선,6168,2626,대흥,625,N,16:06:00,16:06:30,,6145,하행,2025-05-01T05:00:00,,주말
6호선,2649,신내,648,,20250619,6호선,2611,응암,610,N,6호선,6168,2627,공덕,626,N,16:07:50,16:08:30,,6145,하행,2025-05-01T05:00:00,,주말
6호선,2649,신내,648,,20250619,6호선,2611,응암,610,N,6호선,6168,2628,효창공원앞,627,N,16:09:50,16:10:20,,6145,하행,2025-05-01T05:00:00,,주말
6호선,2649,신내,648,,20250619,6호선,2611,응암,610,N,6호선,6168,2629,삼각지,628,N,16:11:50,16:12:20,,6145,하행,2025-05-01T05:00:00,,주말
6호선,2649,신내,648,,20250619,6호선,2611,응암,610,N,6호선,6168,2630,녹사평,629,N,16:14:00,16:14:20,,6145,하행,2025-05-01T05:00:00,,주말
6호선,2649,신내,648,,20250619,6호선,2611,응암,610,N,6호선,6168,2631,이태원,630,N,16:15:30,16:16:00,,6145,하행,2025-05-01T05:00:00,,주말
6호선,2649,신내,648,,20250619,6호선,2611,응암,610,N,6호선,6168,2632,한강진,631,N,16:17:30,16:17:50,,6145,하행,2025-05-01T05:00:00,,주말
6호선,2649,신내,648,,20250619,6호선,2611,응암,610,N,6호선,6168,2633,버티고개,632,N,16:19:20,16:19:40,,6145,하행,2025-05-01T05:00:00,,주말
6호선,2649,신내,648,,20250619,6호선,2611,응암,610,N,6호선,6168,2634,약수,633,N,16:20:50,16:21:30,,6145,하행,2025-05-01T05:00:00,,주말
6호선,2649,신내,648,,20250619,6호선,2611,응암,610,N,6호선,6168,2635,청구,634,N,16:22:40,16:23:10,,6145,하행,2025-05-01T05:00:00,,주말
6호선,2649,신내,648,,20250619,6호선,2611,응암,610,N,6호선,6168,2636,신당,635,N,16:24:20,16:24:50,,6145,하행,2025-05-01T05:00:00,,주말
6호선,2649,신내,648,,20250619,6호선,2611,응암,610,N,6호선,6168,2637,동묘앞,636,N,16:25:50,16:26:20,,6145,하행,2025-05-01T05:00:00,,주말
6호선,2649,신내,648,,20250619,6호선,2611,응암,610,N,6호선,6168,2638,창신,637,N,16:27:40,16:28:10,,6145,하행,2025-05-01T05:00:00,,주말
6호선,2649,신내,648,,20250619,6호선,2611,응암,610,N,6호선,6168,2639,보문,638,N,16:29:20,16:29:50,,6145,하행,2025-05-01T05:00:00,,주말
6호선,2649,신내,648,,20250619,6호선,2611,응암,610,N,6호선,6168,2640,안암,639,N,16:31:00,16:31:30,,6145,하행,2025-05-01T05:00:00,,주말
6호선,2649,신내,648,,20250619,6호선,2611,응암,610,N,6호선,6168,2641,고려대,640,N,16:32:40,16:33:10,,6145,하행,2025-05-01T05:00:00,,주말
6호선,2649,신내,648,,20250619,6호선,2611,응암,610,N,6호선,6168,2642,월곡,641,N,16:34:50,16:35:20,,6145,하행,2025-05-01T05:00:00,,주말
6호선,2649,신내,648,,20250619,6호선,2611,응암,610,N,6호선,6168,2643,상월곡,642,N,16:36:30,16:37:00,,6145,하행,2025-05-01T05:00:00,,주말
6호선,2649,신내,648,,20250619,6호선,2611,응암,610,N,6호선,6168,2644,돌곶이,643,N,16:38:10,16:38:30,,6145,하행,2025-05-01T05:00:00,,주말
6호선,2649,신내,648,,20250619,6호선,2611,응암,610,N,6호선,6168,2645,석계,644,N,16:39:50,16:40:30,,6145,하행,2025-05-01T05:00:00,,주말
6호선,2649,신내,648,,20250619,6호선,2611,응암,610,N,6호선,6168,2646,태릉입구,645,N,16:41:40,16:42:10,,6145,하행,2025-05-01T05:00:00,,주말
6호선,2649,신내,648,,20250619,6호선,2611,응암,610,N,6호선,6168,2647,화랑대,646,N,16:43:20,16:43:50,,6145,하행,2025-05-01T05:00:00,,주말
6호선,2649,신내,648,,20250619,6호선,2611,응암,610,N,6호선,6168,2648,봉화산,647,N,16:45:10,16:45:40,,6145,하행,2025-05-01T05:00:00,,주말
6호선,2649,신내,648,,20250619,6호선,2611,응암,610,N,6호선,6168,2649,신내,648,N,16:50:10,,,6145,하행,2025-05-01T05:00:00,,주말
6호선,2648,봉화산,647,,20250619,6호선,2611,응암,610,N,6호선,6166,2611,응암,610,N,,15:45:00,,6147,하행,2025-05-01T05:00:00,,주말
6호선,2648,봉화산,647,,20250619,6호선,2611,응암,610,N,6호선,6166,2612,역촌,611,N,15:46:40,15:47:00,,6147,하행,2025-05-01T05:00:00,,주말
6호선,2648,봉화산,647,,20250619,6호선,2611,응암,610,N,6호선,6166,2613,불광,612,N,15:48:20,15:48:50,,6147,하행,2025-05-01T05:00:00,,주말
6호선,2648,봉화산,647,,20250619,6호선,2611,응암,610,N,6호선,6166,2614,독바위,613,N,15:50:10,15:50:30,,6147,하행,2025-05-01T05:00:00,,주말
6호선,2648,봉화산,647,,20250619,6호선,2611,응암,610,N,6호선,6166,2615,연신내,614,N,15:52:40,15:53:20,,6147,하행,2025-05-01T05:00:00,,주말
6호선,2648,봉화산,647,,20250619,6호선,2611,응암,610,N,6호선,6166,2616,구산,615,N,15:54:40,15:55:10,,6147,하행,2025-05-01T05:00:00,,주말
6호선,2648,봉화산,647,,20250619,6호선,2611,응암,610,N,6호선,6166,2611,응암,610,N,15:57:10,15:57:40,,6147,하행,2025-05-01T05:00:00,,주말
6호선,2648,봉화산,647,,20250619,6호선,2611,응암,610,N,6호선,6166,2617,새절,616,N,15:59:00,15:59:30,,6147,하행,2025-05-01T05:00:00,,주말
6호선,2648,봉화산,647,,20250619,6호선,2611,응암,610,N,6호선,6166,2618,증산,617,N,16:00:50,16:01:10,,6147,하행,2025-05-01T05:00:00,,주말
6호선,2648,봉화산,647,,20250619,6호선,2611,응암,610,N,6호선,6166,2619,디지털미디어시티,618,N,16:02:30,16:03:10,,6147,하행,2025-05-01T05:00:00,,주말
6호선,2648,봉화산,647,,20250619,6호선,2611,응암,610,N,6호선,6166,2620,월드컵경기장,619,N,16:04:20,16:04:50,,6147,하행,2025-05-01T05:00:00,,주말
6호선,2648,봉화산,647,,20250619,6호선,2611,응암,610,N,6호선,6166,2621,마포구청,620,N,16:06:00,16:06:30,,6147,하행,2025-05-01T05:00:00,,주말
6호선,2648,봉화산,647,,20250619,6호선,2611,응암,610,N,6호선,6166,2622,망원,621,N,16:07:50,16:08:20,,6147,하행,2025-05-01T05:00:00,,주말
6호선,2648,봉화산,647,,20250619,6호선,2611,응암,610,N,6호선,6166,2623,합정,622,N,16:09:40,16:10:20,,6147,하행,2025-05-01T05:00:00,,주말
6호선,2648,봉화산,647,,20250619,6호선,2611,응암,610,N,6호선,6166,2624,상수,623,N,16:11:30,16:11:50,,6147,하행,2025-05-01T05:00:00,,주말
6호선,2648,봉화산,647,,20250619,6호선,2611,응암,610,N,6호선,6166,2625,광흥창,624,N,16:13:00,16:13:30,,6147,하행,2025-05-01T05:00:00,,주말
6호선,2648,봉화산,647,,20250619,6호선,2611,응암,610,N,6호선,6166,2626,대흥,625,N,16:15:00,16:15:30,,6147,하행,2025-05-01T05:00:00,,주말
6호선,2648,봉화산,647,,20250619,6호선,2611,응암,610,N,6호선,6166,2627,공덕,626,N,16:16:50,16:17:30,,6147,하행,2025-05-01T05:00:00,,주말
6호선,2648,봉화산,647,,20250619,6호선,2611,응암,610,N,6호선,6166,2628,효창공원앞,627,N,16:18:50,16:19:20,,6147,하행,2025-05-01T05:00:00,,주말
6호선,2648,봉화산,647,,20250619,6호선,2611,응암,610,N,6호선,6166,2629,삼각지,628,N,16:20:50,16:21:20,,6147,하행,2025-05-01T05:00:00,,주말
6호선,2648,봉화산,647,,20250619,6호선,2611,응암,610,N,6호선,6166,2630,녹사평,629,N,16:23:00,16:23:20,,6147,하행,2025-05-01T05:00:00,,주말
6호선,2648,봉화산,647,,20250619,6호선,2611,응암,610,N,6호선,6166,2631,이태원,630,N,16:24:30,16:25:00,,6147,하행,2025-05-01T05:00:00,,주말
6호선,2648,봉화산,647,,20250619,6호선,2611,응암,610,N,6호선,6166,2632,한강진,631,N,16:26:30,16:26:50,,6147,하행,2025-05-01T05:00:00,,주말
6호선,2648,봉화산,647,,20250619,6호선,2611,응암,610,N,6호선,6166,2633,버티고개,632,N,16:28:20,16:28:40,,6147,하행,2025-05-01T05:00:00,,주말
6호선,2648,봉화산,647,,20250619,6호선,2611,응암,610,N,6호선,6166,2634,약수,633,N,16:29:50,16:30:30,,6147,하행,2025-05-01T05:00:00,,주말
6호선,2648,봉화산,647,,20250619,6호선,2611,응암,610,N,6호선,6166,2635,청구,634,N,16:31:40,16:32:10,,6147,하행,2025-05-01T05:00:00,,주말
6호선,2648,봉화산,647,,20250619,6호선,2611,응암,610,N,6호선,6166,2636,신당,635,N,16:33:20,16:33:50,,6147,하행,2025-05-01T05:00:00,,주말
6호선,2648,봉화산,647,,20250619,6호선,2611,응암,610,N,6호선,6166,2637,동묘앞,636,N,16:34:50,16:35:20,,6147,하행,2025-05-01T05:00:00,,주말
6호선,2648,봉화산,647,,20250619,6호선,2611,응암,610,N,6호선,6166,2638,창신,637,N,16:36:40,16:37:10,,6147,하행,2025-05-01T05:00:00,,주말
6호선,2648,봉화산,647,,20250619,6호선,2611,응암,610,N,6호선,6166,2639,보문,638,N,16:38:20,16:38:50,,6147,하행,2025-05-01T05:00:00,,주말
6호선,2648,봉화산,647,,20250619,6호선,2611,응암,610,N,6호선,6166,2640,안암,639,N,16:40:00,16:40:30,,6147,하행,2025-05-01T05:00:00,,주말
6호선,2648,봉화산,647,,20250619,6호선,2611,응암,610,N,6호선,6166,2641,고려대,640,N,16:41:40,16:42:10,,6147,하행,2025-05-01T05:00:00,,주말
6호선,2648,봉화산,647,,20250619,6호선,2611,응암,610,N,6호선,6166,2642,월곡,641,N,16:43:50,16:44:20,,6147,하행,2025-05-01T05:00:00,,주말
6호선,2648,봉화산,647,,20250619,6호선,2611,응암,610,N,6호선,6166,2643,상월곡,642,N,16:45:30,16:46:00,,6147,하행,2025-05-01T05:00:00,,주말
6호선,2648,봉화산,647,,20250619,6호선,2611,응암,610,N,6호선,6166,2644,돌곶이,643,N,16:47:10,16:47:30,,6147,하행,2025-05-01T05:00:00,,주말
6호선,2648,봉화산,647,,20250619,6호선,2611,응암,610,N,6호선,6166,2645,석계,644,N,16:48:50,16:49:30,,6147,하행,2025-05-01T05:00:00,,주말
6호선,2648,봉화산,647,,20250619,6호선,2611,응암,610,N,6호선,6166,2646,태릉입구,645,N,16:50:40,16:51:10,,6147,하행,2025-05-01T05:00:00,,주말
6호선,2648,봉화산,647,,20250619,6호선,2611,응암,610,N,6호선,6166,2647,화랑대,646,N,16:52:20,16:52:50,,6147,하행,2025-05-01T05:00:00,,주말
6호선,2648,봉화산,647,,20250619,6호선,2611,응암,610,N,6호선,6166,2648,봉화산,647,N,16:54:10,,,6147,하행,2025-05-01T05:00:00,,주말
6호선,2648,봉화산,647,,20250619,6호선,2611,응암,610,N,6호선,입고,2611,응암,610,N,,15:54:00,,6149,하행,2025-05-01T05:00:00,,주말
6호선,2648,봉화산,647,,20250619,6호선,2611,응암,610,N,6호선,입고,2612,역촌,611,N,15:55:40,15:56:00,,6149,하행,2025-05-01T05:00:00,,주말
6호선,2648,봉화산,647,,20250619,6호선,2611,응암,610,N,6호선,입고,2613,불광,612,N,15:57:20,15:57:50,,6149,하행,2025-05-01T05:00:00,,주말
6호선,2648,봉화산,647,,20250619,6호선,2611,응암,610,N,6호선,입고,2614,독바위,613,N,15:59:10,15:59:30,,6149,하행,2025-05-01T05:00:00,,주말
6호선,2648,봉화산,647,,20250619,6호선,2611,응암,610,N,6호선,입고,2615,연신내,614,N,16:01:40,16:02:20,,6149,하행,2025-05-01T05:00:00,,주말
6호선,2648,봉화산,647,,20250619,6호선,2611,응암,610,N,6호선,입고,2616,구산,615,N,16:03:40,16:04:10,,6149,하행,2025-05-01T05:00:00,,주말
6호선,2648,봉화산,647,,20250619,6호선,2611,응암,610,N,6호선,입고,2611,응암,610,N,16:06:10,16:06:40,,6149,하행,2025-05-01T05:00:00,,주말
6호선,2648,봉화산,647,,20250619,6호선,2611,응암,610,N,6호선,입고,2617,새절,616,N,16:08:00,16:08:30,,6149,하행,2025-05-01T05:00:00,,주말
6호선,2648,봉화산,647,,20250619,6호선,2611,응암,610,N,6호선,입고,2618,증산,617,N,16:09:50,16:10:10,,6149,하행,2025-05-01T05:00:00,,주말
6호선,2648,봉화산,647,,20250619,6호선,2611,응암,610,N,6호선,입고,2619,디지털미디어시티,618,N,16:11:30,16:12:10,,6149,하행,2025-05-01T05:00:00,,주말
6호선,2648,봉화산,647,,20250619,6호선,2611,응암,610,N,6호선,입고,2620,월드컵경기장,619,N,16:13:20,16:13:50,,6149,하행,2025-05-01T05:00:00,,주말
6호선,2648,봉화산,647,,20250619,6호선,2611,응암,610,N,6호선,입고,2621,마포구청,620,N,16:15:00,16:15:30,,6149,하행,2025-05-01T05:00:00,,주말
6호선,2648,봉화산,647,,20250619,6호선,2611,응암,610,N,6호선,입고,2622,망원,621,N,16:16:50,16:17:20,,6149,하행,2025-05-01T05:00:00,,주말
6호선,2648,봉화산,647,,20250619,6호선,2611,응암,610,N,6호선,입고,2623,합정,622,N,16:18:40,16:19:20,,6149,하행,2025-05-01T05:00:00,,주말
6호선,2648,봉화산,647,,20250619,6호선,2611,응암,610,N,6호선,입고,2624,상수,623,N,16:20:30,16:20:50,,6149,하행,2025-05-01T05:00:00,,주말
6호선,2648,봉화산,647,,20250619,6호선,2611,응암,610,N,6호선,입고,2625,광흥창,624,N,16:22:00,16:22:30,,6149,하행,2025-05-01T05:00:00,,주말
6호선,2648,봉화산,647,,20250619,6호선,2611,응암,610,N,6호선,입고,2626,대흥,625,N,16:24:00,16:24:30,,6149,하행,2025-05-01T05:00:00,,주말
6호선,2648,봉화산,647,,20250619,6호선,2611,응암,610,N,6호선,입고,2627,공덕,626,N,16:25:50,16:26:30,,6149,하행,2025-05-01T05:00:00,,주말
6호선,2648,봉화산,647,,20250619,6호선,2611,응암,610,N,6호선,입고,2628,효창공원앞,627,N,16:27:50,16:28:20,,6149,하행,2025-05-01T05:00:00,,주말
6호선,2648,봉화산,647,,20250619,6호선,2611,응암,610,N,6호선,입고,2629,삼각지,628,N,16:29:50,16:30:20,,6149,하행,2025-05-01T05:00:00,,주말
6호선,2648,봉화산,647,,20250619,6호선,2611,응암,610,N,6호선,입고,2630,녹사평,629,N,16:32:00,16:32:20,,6149,하행,2025-05-01T05:00:00,,주말
6호선,2648,봉화산,647,,20250619,6호선,2611,응암,610,N,6호선,입고,2631,이태원,630,N,16:33:30,16:34:00,,6149,하행,2025-05-01T05:00:00,,주말
6호선,2648,봉화산,647,,20250619,6호선,2611,응암,610,N,6호선,입고,2632,한강진,631,N,16:35:30,16:35:50,,6149,하행,2025-05-01T05:00:00,,주말
6호선,2648,봉화산,647,,20250619,6호선,2611,응암,610,N,6호선,입고,2633,버티고개,632,N,16:37:20,16:37:40,,6149,하행,2025-05-01T05:00:00,,주말
6호선,2648,봉화산,647,,20250619,6호선,2611,응암,610,N,6호선,입고,2634,약수,633,N,16:38:50,16:39:30,,6149,하행,2025-05-01T05:00:00,,주말
6호선,2648,봉화산,647,,20250619,6호선,2611,응암,610,N,6호선,입고,2635,청구,634,N,16:40:40,16:41:10,,6149,하행,2025-05-01T05:00:00,,주말
6호선,2648,봉화산,647,,20250619,6호선,2611,응암,610,N,6호선,입고,2636,신당,635,N,16:42:20,16:42:50,,6149,하행,2025-05-01T05:00:00,,주말
6호선,2648,봉화산,647,,20250619,6호선,2611,응암,610,N,6호선,입고,2637,동묘앞,636,N,16:43:50,16:44:20,,6149,하행,2025-05-01T05:00:00,,주말
6호선,2648,봉화산,647,,20250619,6호선,2611,응암,610,N,6호선,입고,2638,창신,637,N,16:45:40,16:46:10,,6149,하행,2025-05-01T05:00:00,,주말
6호선,2648,봉화산,647,,20250619,6호선,2611,응암,610,N,6호선,입고,2639,보문,638,N,16:47:20,16:47:50,,6149,하행,2025-05-01T05:00:00,,주말
6호선,2648,봉화산,647,,20250619,6호선,2611,응암,610,N,6호선,입고,2640,안암,639,N,16:49:00,16:49:30,,6149,하행,2025-05-01T05:00:00,,주말
6호선,2648,봉화산,647,,20250619,6호선,2611,응암,610,N,6호선,입고,2641,고려대,640,N,16:50:40,16:51:10,,6149,하행,2025-05-01T05:00:00,,주말
6호선,2648,봉화산,647,,20250619,6호선,2611,응암,610,N,6호선,입고,2642,월곡,641,N,16:52:50,16:53:20,,6149,하행,2025-05-01T05:00:00,,주말
6호선,2648,봉화산,647,,20250619,6호선,2611,응암,610,N,6호선,입고,2643,상월곡,642,N,16:54:30,16:55:00,,6149,하행,2025-05-01T05:00:00,,주말
6호선,2648,봉화산,647,,20250619,6호선,2611,응암,610,N,6호선,입고,2644,돌곶이,643,N,16:56:10,16:56:30,,6149,하행,2025-05-01T05:00:00,,주말
6호선,2648,봉화산,647,,20250619,6호선,2611,응암,610,N,6호선,입고,2645,석계,644,N,16:57:50,16:58:30,,6149,하행,2025-05-01T05:00:00,,주말
6호선,2648,봉화산,647,,20250619,6호선,2611,응암,610,N,6호선,입고,2646,태릉입구,645,N,16:59:40,17:00:10,,6149,하행,2025-05-01T05:00:00,,주말
6호선,2648,봉화산,647,,20250619,6호선,2611,응암,610,N,6호선,입고,2647,화랑대,646,N,17:01:20,17:01:50,,6149,하행,2025-05-01T05:00:00,,주말
6호선,2648,봉화산,647,,20250619,6호선,2611,응암,610,N,6호선,입고,2648,봉화산,647,N,17:03:10,,,6149,하행,2025-05-01T05:00:00,,주말
6호선,2649,신내,648,,20250619,6호선,2611,응암,610,N,6호선,6174,2611,응암,610,N,,16:03:00,,6151,하행,2025-05-01T05:00:00,,주말
6호선,2649,신내,648,,20250619,6호선,2611,응암,610,N,6호선,6174,2612,역촌,611,N,16:04:40,16:05:00,,6151,하행,2025-05-01T05:00:00,,주말
6호선,2649,신내,648,,20250619,6호선,2611,응암,610,N,6호선,6174,2613,불광,612,N,16:06:20,16:06:50,,6151,하행,2025-05-01T05:00:00,,주말
6호선,2649,신내,648,,20250619,6호선,2611,응암,610,N,6호선,6174,2614,독바위,613,N,16:08:10,16:08:30,,6151,하행,2025-05-01T05:00:00,,주말
6호선,2649,신내,648,,20250619,6호선,2611,응암,610,N,6호선,6174,2615,연신내,614,N,16:10:40,16:11:20,,6151,하행,2025-05-01T05:00:00,,주말
6호선,2649,신내,648,,20250619,6호선,2611,응암,610,N,6호선,6174,2616,구산,615,N,16:12:40,16:13:10,,6151,하행,2025-05-01T05:00:00,,주말
6호선,2649,신내,648,,20250619,6호선,2611,응암,610,N,6호선,6174,2611,응암,610,N,16:15:10,16:15:40,,6151,하행,2025-05-01T05:00:00,,주말
6호선,2649,신내,648,,20250619,6호선,2611,응암,610,N,6호선,6174,2617,새절,616,N,16:17:00,16:17:30,,6151,하행,2025-05-01T05:00:00,,주말
6호선,2649,신내,648,,20250619,6호선,2611,응암,610,N,6호선,6174,2618,증산,617,N,16:18:50,16:19:10,,6151,하행,2025-05-01T05:00:00,,주말
6호선,2649,신내,648,,20250619,6호선,2611,응암,610,N,6호선,6174,2619,디지털미디어시티,618,N,16:20:30,16:21:10,,6151,하행,2025-05-01T05:00:00,,주말
6호선,2649,신내,648,,20250619,6호선,2611,응암,610,N,6호선,6174,2620,월드컵경기장,619,N,16:22:20,16:22:50,,6151,하행,2025-05-01T05:00:00,,주말
6호선,2649,신내,648,,20250619,6호선,2611,응암,610,N,6호선,6174,2621,마포구청,620,N,16:24:00,16:24:30,,6151,하행,2025-05-01T05:00:00,,주말
6호선,2649,신내,648,,20250619,6호선,2611,응암,610,N,6호선,6174,2622,망원,621,N,16:25:50,16:26:20,,6151,하행,2025-05-01T05:00:00,,주말
6호선,2649,신내,648,,20250619,6호선,2611,응암,610,N,6호선,6174,2623,합정,622,N,16:27:40,16:28:20,,6151,하행,2025-05-01T05:00:00,,주말
6호선,2649,신내,648,,20250619,6호선,2611,응암,610,N,6호선,6174,2624,상수,623,N,16:29:30,16:29:50,,6151,하행,2025-05-01T05:00:00,,주말
6호선,2649,신내,648,,20250619,6호선,2611,응암,610,N,6호선,6174,2625,광흥창,624,N,16:31:00,16:31:30,,6151,하행,2025-05-01T05:00:00,,주말
6호선,2649,신내,648,,20250619,6호선,2611,응암,610,N,6호선,6174,2626,대흥,625,N,16:33:00,16:33:30,,6151,하행,2025-05-01T05:00:00,,주말
6호선,2649,신내,648,,20250619,6호선,2611,응암,610,N,6호선,6174,2627,공덕,626,N,16:34:50,16:35:30,,6151,하행,2025-05-01T05:00:00,,주말
6호선,2649,신내,648,,20250619,6호선,2611,응암,610,N,6호선,6174,2628,효창공원앞,627,N,16:36:50,16:37:20,,6151,하행,2025-05-01T05:00:00,,주말
6호선,2649,신내,648,,20250619,6호선,2611,응암,610,N,6호선,6174,2629,삼각지,628,N,16:38:50,16:39:20,,6151,하행,2025-05-01T05:00:00,,주말
6호선,2649,신내,648,,20250619,6호선,2611,응암,610,N,6호선,6174,2630,녹사평,629,N,16:41:00,16:41:20,,6151,하행,2025-05-01T05:00:00,,주말
6호선,2649,신내,648,,20250619,6호선,2611,응암,610,N,6호선,6174,2631,이태원,630,N,16:42:30,16:43:00,,6151,하행,2025-05-01T05:00:00,,주말
6호선,2649,신내,648,,20250619,6호선,2611,응암,610,N,6호선,6174,2632,한강진,631,N,16:44:30,16:44:50,,6151,하행,2025-05-01T05:00:00,,주말
6호선,2649,신내,648,,20250619,6호선,2611,응암,610,N,6호선,6174,2633,버티고개,632,N,16:46:20,16:46:40,,6151,하행,2025-05-01T05:00:00,,주말
6호선,2649,신내,648,,20250619,6호선,2611,응암,610,N,6호선,6174,2634,약수,633,N,16:47:50,16:48:30,,6151,하행,2025-05-01T05:00:00,,주말
6호선,2649,신내,648,,20250619,6호선,2611,응암,610,N,6호선,6174,2635,청구,634,N,16:49:40,16:50:10,,6151,하행,2025-05-01T05:00:00,,주말
6호선,2649,신내,648,,20250619,6호선,2611,응암,610,N,6호선,6174,2636,신당,635,N,16:51:20,16:51:50,,6151,하행,2025-05-01T05:00:00,,주말
6호선,2649,신내,648,,20250619,6호선,2611,응암,610,N,6호선,6174,2637,동묘앞,636,N,16:52:50,16:53:20,,6151,하행,2025-05-01T05:00:00,,주말
6호선,2649,신내,648,,20250619,6호선,2611,응암,610,N,6호선,6174,2638,창신,637,N,16:54:40,16:55:10,,6151,하행,2025-05-01T05:00:00,,주말
6호선,2649,신내,648,,20250619,6호선,2611,응암,610,N,6호선,6174,2639,보문,638,N,16:56:20,16:56:50,,6151,하행,2025-05-01T05:00:00,,주말
6호선,2649,신내,648,,20250619,6호선,2611,응암,610,N,6호선,6174,2640,안암,639,N,16:58:00,16:58:30,,6151,하행,2025-05-01T05:00:00,,주말
6호선,2649,신내,648,,20250619,6호선,2611,응암,610,N,6호선,6174,2641,고려대,640,N,16:59:40,17:00:10,,6151,하행,2025-05-01T05:00:00,,주말
6호선,2649,신내,648,,20250619,6호선,2611,응암,610,N,6호선,6174,2642,월곡,641,N,17:01:50,17:02:20,,6151,하행,2025-05-01T05:00:00,,주말
6호선,2649,신내,648,,20250619,6호선,2611,응암,610,N,6호선,6174,2643,상월곡,642,N,17:03:30,17:04:00,,6151,하행,2025-05-01T05:00:00,,주말
6호선,2649,신내,648,,20250619,6호선,2611,응암,610,N,6호선,6174,2644,돌곶이,643,N,17:05:10,17:05:30,,6151,하행,2025-05-01T05:00:00,,주말
6호선,2649,신내,648,,20250619,6호선,2611,응암,610,N,6호선,6174,2645,석계,644,N,17:06:50,17:07:30,,6151,하행,2025-05-01T05:00:00,,주말
6호선,2649,신내,648,,20250619,6호선,2611,응암,610,N,6호선,6174,2646,태릉입구,645,N,17:08:40,17:09:10,,6151,하행,2025-05-01T05:00:00,,주말
6호선,2649,신내,648,,20250619,6호선,2611,응암,610,N,6호선,6174,2647,화랑대,646,N,17:10:20,17:10:50,,6151,하행,2025-05-01T05:00:00,,주말
6호선,2649,신내,648,,20250619,6호선,2611,응암,610,N,6호선,6174,2648,봉화산,647,N,17:12:10,17:12:40,,6151,하행,2025-05-01T05:00:00,,주말
6호선,2649,신내,648,,20250619,6호선,2611,응암,610,N,6호선,6174,2649,신내,648,N,17:17:10,,,6151,하행,2025-05-01T05:00:00,,주말
6호선,2648,봉화산,647,,20250619,6호선,2611,응암,610,N,6호선,6172,2611,응암,610,N,,16:12:00,,6153,하행,2025-05-01T05:00:00,,주말
6호선,2648,봉화산,647,,20250619,6호선,2611,응암,610,N,6호선,6172,2612,역촌,611,N,16:13:40,16:14:00,,6153,하행,2025-05-01T05:00:00,,주말
6호선,2648,봉화산,647,,20250619,6호선,2611,응암,610,N,6호선,6172,2613,불광,612,N,16:15:20,16:15:50,,6153,하행,2025-05-01T05:00:00,,주말
6호선,2648,봉화산,647,,20250619,6호선,2611,응암,610,N,6호선,6172,2614,독바위,613,N,16:17:10,16:17:30,,6153,하행,2025-05-01T05:00:00,,주말
6호선,2648,봉화산,647,,20250619,6호선,2611,응암,610,N,6호선,6172,2615,연신내,614,N,16:19:40,16:20:20,,6153,하행,2025-05-01T05:00:00,,주말
6호선,2648,봉화산,647,,20250619,6호선,2611,응암,610,N,6호선,6172,2616,구산,615,N,16:21:40,16:22:10,,6153,하행,2025-05-01T05:00:00,,주말
6호선,2648,봉화산,647,,20250619,6호선,2611,응암,610,N,6호선,6172,2611,응암,610,N,16:24:10,16:24:40,,6153,하행,2025-05-01T05:00:00,,주말
6호선,2648,봉화산,647,,20250619,6호선,2611,응암,610,N,6호선,6172,2617,새절,616,N,16:26:00,16:26:30,,6153,하행,2025-05-01T05:00:00,,주말
6호선,2648,봉화산,647,,20250619,6호선,2611,응암,610,N,6호선,6172,2618,증산,617,N,16:27:50,16:28:10,,6153,하행,2025-05-01T05:00:00,,주말
6호선,2648,봉화산,647,,20250619,6호선,2611,응암,610,N,6호선,6172,2619,디지털미디어시티,618,N,16:29:30,16:30:10,,6153,하행,2025-05-01T05:00:00,,주말
6호선,2648,봉화산,647,,20250619,6호선,2611,응암,610,N,6호선,6172,2620,월드컵경기장,619,N,16:31:20,16:31:50,,6153,하행,2025-05-01T05:00:00,,주말
6호선,2648,봉화산,647,,20250619,6호선,2611,응암,610,N,6호선,6172,2621,마포구청,620,N,16:33:00,16:33:30,,6153,하행,2025-05-01T05:00:00,,주말
6호선,2648,봉화산,647,,20250619,6호선,2611,응암,610,N,6호선,6172,2622,망원,621,N,16:34:50,16:35:20,,6153,하행,2025-05-01T05:00:00,,주말
6호선,2648,봉화산,647,,20250619,6호선,2611,응암,610,N,6호선,6172,2623,합정,622,N,16:36:40,16:37:20,,6153,하행,2025-05-01T05:00:00,,주말
6호선,2648,봉화산,647,,20250619,6호선,2611,응암,610,N,6호선,6172,2624,상수,623,N,16:38:30,16:38:50,,6153,하행,2025-05-01T05:00:00,,주말
6호선,2648,봉화산,647,,20250619,6호선,2611,응암,610,N,6호선,6172,2625,광흥창,624,N,16:40:00,16:40:30,,6153,하행,2025-05-01T05:00:00,,주말
6호선,2648,봉화산,647,,20250619,6호선,2611,응암,610,N,6호선,6172,2626,대흥,625,N,16:42:00,16:42:30,,6153,하행,2025-05-01T05:00:00,,주말
6호선,2648,봉화산,647,,20250619,6호선,2611,응암,610,N,6호선,6172,2627,공덕,626,N,16:43:50,16:44:30,,6153,하행,2025-05-01T05:00:00,,주말
6호선,2648,봉화산,647,,20250619,6호선,2611,응암,610,N,6호선,6172,2628,효창공원앞,627,N,16:45:50,16:46:20,,6153,하행,2025-05-01T05:00:00,,주말
6호선,2648,봉화산,647,,20250619,6호선,2611,응암,610,N,6호선,6172,2629,삼각지,628,N,16:47:50,16:48:20,,6153,하행,2025-05-01T05:00:00,,주말
6호선,2648,봉화산,647,,20250619,6호선,2611,응암,610,N,6호선,6172,2630,녹사평,629,N,16:50:00,16:50:20,,6153,하행,2025-05-01T05:00:00,,주말
6호선,2648,봉화산,647,,20250619,6호선,2611,응암,610,N,6호선,6172,2631,이태원,630,N,16:51:30,16:52:00,,6153,하행,2025-05-01T05:00:00,,주말
6호선,2648,봉화산,647,,20250619,6호선,2611,응암,610,N,6호선,6172,2632,한강진,631,N,16:53:30,16:53:50,,6153,하행,2025-05-01T05:00:00,,주말
6호선,2648,봉화산,647,,20250619,6호선,2611,응암,610,N,6호선,6172,2633,버티고개,632,N,16:55:20,16:55:40,,6153,하행,2025-05-01T05:00:00,,주말
6호선,2648,봉화산,647,,20250619,6호선,2611,응암,610,N,6호선,6172,2634,약수,633,N,16:56:50,16:57:30,,6153,하행,2025-05-01T05:00:00,,주말
6호선,2648,봉화산,647,,20250619,6호선,2611,응암,610,N,6호선,6172,2635,청구,634,N,16:58:40,16:59:10,,6153,하행,2025-05-01T05:00:00,,주말
6호선,2648,봉화산,647,,20250619,6호선,2611,응암,610,N,6호선,6172,2636,신당,635,N,17:00:20,17:00:50,,6153,하행,2025-05-01T05:00:00,,주말
6호선,2648,봉화산,647,,20250619,6호선,2611,응암,610,N,6호선,6172,2637,동묘앞,636,N,17:01:50,17:02:20,,6153,하행,2025-05-01T05:00:00,,주말
6호선,2648,봉화산,647,,20250619,6호선,2611,응암,610,N,6호선,6172,2638,창신,637,N,17:03:40,17:04:10,,6153,하행,2025-05-01T05:00:00,,주말
6호선,2648,봉화산,647,,20250619,6호선,2611,응암,610,N,6호선,6172,2639,보문,638,N,17:05:20,17:05:50,,6153,하행,2025-05-01T05:00:00,,주말
6호선,2648,봉화산,647,,20250619,6호선,2611,응암,610,N,6호선,6172,2640,안암,639,N,17:07:00,17:07:30,,6153,하행,2025-05-01T05:00:00,,주말
6호선,2648,봉화산,647,,20250619,6호선,2611,응암,610,N,6호선,6172,2641,고려대,640,N,17:08:40,17:09:10,,6153,하행,2025-05-01T05:00:00,,주말
6호선,2648,봉화산,647,,20250619,6호선,2611,응암,610,N,6호선,6172,2642,월곡,641,N,17:10:50,17:11:20,,6153,하행,2025-05-01T05:00:00,,주말
6호선,2648,봉화산,647,,20250619,6호선,2611,응암,610,N,6호선,6172,2643,상월곡,642,N,17:12:30,17:13:00,,6153,하행,2025-05-01T05:00:00,,주말
6호선,2648,봉화산,647,,20250619,6호선,2611,응암,610,N,6호선,6172,2644,돌곶이,643,N,17:14:10,17:14:30,,6153,하행,2025-05-01T05:00:00,,주말
6호선,2648,봉화산,647,,20250619,6호선,2611,응암,610,N,6호선,6172,2645,석계,644,N,17:15:50,17:16:30,,6153,하행,2025-05-01T05:00:00,,주말
6호선,2648,봉화산,647,,20250619,6호선,2611,응암,610,N,6호선,6172,2646,태릉입구,645,N,17:17:40,17:18:10,,6153,하행,2025-05-01T05:00:00,,주말
6호선,2648,봉화산,647,,20250619,6호선,2611,응암,610,N,6호선,6172,2647,화랑대,646,N,17:19:20,17:19:50,,6153,하행,2025-05-01T05:00:00,,주말
6호선,2648,봉화산,647,,20250619,6호선,2611,응암,610,N,6호선,6172,2648,봉화산,647,N,17:21:10,,,6153,하행,2025-05-01T05:00:00,,주말
6호선,2648,봉화산,647,,20250619,6호선,2611,응암,610,N,6호선,6176,2611,응암,610,N,,16:21:00,,6155,하행,2025-05-01T05:00:00,,주말
6호선,2648,봉화산,647,,20250619,6호선,2611,응암,610,N,6호선,6176,2612,역촌,611,N,16:22:40,16:23:00,,6155,하행,2025-05-01T05:00:00,,주말
6호선,2648,봉화산,647,,20250619,6호선,2611,응암,610,N,6호선,6176,2613,불광,612,N,16:24:20,16:24:50,,6155,하행,2025-05-01T05:00:00,,주말
6호선,2648,봉화산,647,,20250619,6호선,2611,응암,610,N,6호선,6176,2614,독바위,613,N,16:26:10,16:26:30,,6155,하행,2025-05-01T05:00:00,,주말
6호선,2648,봉화산,647,,20250619,6호선,2611,응암,610,N,6호선,6176,2615,연신내,614,N,16:28:40,16:29:20,,6155,하행,2025-05-01T05:00:00,,주말
6호선,2648,봉화산,647,,20250619,6호선,2611,응암,610,N,6호선,6176,2616,구산,615,N,16:30:40,16:31:10,,6155,하행,2025-05-01T05:00:00,,주말
6호선,2648,봉화산,647,,20250619,6호선,2611,응암,610,N,6호선,6176,2611,응암,610,N,16:33:10,16:33:40,,6155,하행,2025-05-01T05:00:00,,주말
6호선,2648,봉화산,647,,20250619,6호선,2611,응암,610,N,6호선,6176,2617,새절,616,N,16:35:00,16:35:30,,6155,하행,2025-05-01T05:00:00,,주말
6호선,2648,봉화산,647,,20250619,6호선,2611,응암,610,N,6호선,6176,2618,증산,617,N,16:36:50,16:37:10,,6155,하행,2025-05-01T05:00:00,,주말
6호선,2648,봉화산,647,,20250619,6호선,2611,응암,610,N,6호선,6176,2619,디지털미디어시티,618,N,16:38:30,16:39:10,,6155,하행,2025-05-01T05:00:00,,주말
6호선,2648,봉화산,647,,20250619,6호선,2611,응암,610,N,6호선,6176,2620,월드컵경기장,619,N,16:40:20,16:40:50,,6155,하행,2025-05-01T05:00:00,,주말
6호선,2648,봉화산,647,,20250619,6호선,2611,응암,610,N,6호선,6176,2621,마포구청,620,N,16:42:00,16:42:30,,6155,하행,2025-05-01T05:00:00,,주말
6호선,2648,봉화산,647,,20250619,6호선,2611,응암,610,N,6호선,6176,2622,망원,621,N,16:43:50,16:44:20,,6155,하행,2025-05-01T05:00:00,,주말
6호선,2648,봉화산,647,,20250619,6호선,2611,응암,610,N,6호선,6176,2623,합정,622,N,16:45:40,16:46:20,,6155,하행,2025-05-01T05:00:00,,주말
6호선,2648,봉화산,647,,20250619,6호선,2611,응암,610,N,6호선,6176,2624,상수,623,N,16:47:30,16:47:50,,6155,하행,2025-05-01T05:00:00,,주말
6호선,2648,봉화산,647,,20250619,6호선,2611,응암,610,N,6호선,6176,2625,광흥창,624,N,16:49:00,16:49:30,,6155,하행,2025-05-01T05:00:00,,주말
6호선,2648,봉화산,647,,20250619,6호선,2611,응암,610,N,6호선,6176,2626,대흥,625,N,16:51:00,16:51:30,,6155,하행,2025-05-01T05:00:00,,주말
6호선,2648,봉화산,647,,20250619,6호선,2611,응암,610,N,6호선,6176,2627,공덕,626,N,16:52:50,16:53:30,,6155,하행,2025-05-01T05:00:00,,주말
6호선,2648,봉화산,647,,20250619,6호선,2611,응암,610,N,6호선,6176,2628,효창공원앞,627,N,16:54:50,16:55:20,,6155,하행,2025-05-01T05:00:00,,주말
6호선,2648,봉화산,647,,20250619,6호선,2611,응암,610,N,6호선,6176,2629,삼각지,628,N,16:56:50,16:57:20,,6155,하행,2025-05-01T05:00:00,,주말
6호선,2648,봉화산,647,,20250619,6호선,2611,응암,610,N,6호선,6176,2630,녹사평,629,N,16:59:00,16:59:20,,6155,하행,2025-05-01T05:00:00,,주말
6호선,2648,봉화산,647,,20250619,6호선,2611,응암,610,N,6호선,6176,2631,이태원,630,N,17:00:30,17:01:00,,6155,하행,2025-05-01T05:00:00,,주말
6호선,2648,봉화산,647,,20250619,6호선,2611,응암,610,N,6호선,6176,2632,한강진,631,N,17:02:30,17:02:50,,6155,하행,2025-05-01T05:00:00,,주말
6호선,2648,봉화산,647,,20250619,6호선,2611,응암,610,N,6호선,6176,2633,버티고개,632,N,17:04:20,17:04:40,,6155,하행,2025-05-01T05:00:00,,주말
6호선,2648,봉화산,647,,20250619,6호선,2611,응암,610,N,6호선,6176,2634,약수,633,N,17:05:50,17:06:30,,6155,하행,2025-05-01T05:00:00,,주말
6호선,2648,봉화산,647,,20250619,6호선,2611,응암,610,N,6호선,6176,2635,청구,634,N,17:07:40,17:08:10,,6155,하행,2025-05-01T05:00:00,,주말
6호선,2648,봉화산,647,,20250619,6호선,2611,응암,610,N,6호선,6176,2636,신당,635,N,17:09:20,17:09:50,,6155,하행,2025-05-01T05:00:00,,주말
6호선,2648,봉화산,647,,20250619,6호선,2611,응암,610,N,6호선,6176,2637,동묘앞,636,N,17:10:50,17:11:20,,6155,하행,2025-05-01T05:00:00,,주말
6호선,2648,봉화산,647,,20250619,6호선,2611,응암,610,N,6호선,6176,2638,창신,637,N,17:12:40,17:13:10,,6155,하행,2025-05-01T05:00:00,,주말
6호선,2648,봉화산,647,,20250619,6호선,2611,응암,610,N,6호선,6176,2639,보문,638,N,17:14:20,17:14:50,,6155,하행,2025-05-01T05:00:00,,주말
6호선,2648,봉화산,647,,20250619,6호선,2611,응암,610,N,6호선,6176,2640,안암,639,N,17:16:00,17:16:30,,6155,하행,2025-05-01T05:00:00,,주말
6호선,2648,봉화산,647,,20250619,6호선,2611,응암,610,N,6호선,6176,2641,고려대,640,N,17:17:40,17:18:10,,6155,하행,2025-05-01T05:00:00,,주말
6호선,2648,봉화산,647,,20250619,6호선,2611,응암,610,N,6호선,6176,2642,월곡,641,N,17:19:50,17:20:20,,6155,하행,2025-05-01T05:00:00,,주말
6호선,2648,봉화산,647,,20250619,6호선,2611,응암,610,N,6호선,6176,2643,상월곡,642,N,17:21:30,17:22:00,,6155,하행,2025-05-01T05:00:00,,주말
6호선,2648,봉화산,647,,20250619,6호선,2611,응암,610,N,6호선,6176,2644,돌곶이,643,N,17:23:10,17:23:30,,6155,하행,2025-05-01T05:00:00,,주말
6호선,2648,봉화산,647,,20250619,6호선,2611,응암,610,N,6호선,6176,2645,석계,644,N,17:24:50,17:25:30,,6155,하행,2025-05-01T05:00:00,,주말
6호선,2648,봉화산,647,,20250619,6호선,2611,응암,610,N,6호선,6176,2646,태릉입구,645,N,17:26:40,17:27:10,,6155,하행,2025-05-01T05:00:00,,주말
6호선,2648,봉화산,647,,20250619,6호선,2611,응암,610,N,6호선,6176,2647,화랑대,646,N,17:28:20,17:28:50,,6155,하행,2025-05-01T05:00:00,,주말
6호선,2648,봉화산,647,,20250619,6호선,2611,응암,610,N,6호선,6176,2648,봉화산,647,N,17:30:10,,,6155,하행,2025-05-01T05:00:00,,주말
6호선,2649,신내,648,,20250619,6호선,2611,응암,610,N,6호선,6180,2611,응암,610,N,,16:30:00,,6157,하행,2025-05-01T05:00:00,,주말
6호선,2649,신내,648,,20250619,6호선,2611,응암,610,N,6호선,6180,2612,역촌,611,N,16:31:40,16:32:00,,6157,하행,2025-05-01T05:00:00,,주말
6호선,2649,신내,648,,20250619,6호선,2611,응암,610,N,6호선,6180,2613,불광,612,N,16:33:20,16:33:50,,6157,하행,2025-05-01T05:00:00,,주말
6호선,2649,신내,648,,20250619,6호선,2611,응암,610,N,6호선,6180,2614,독바위,613,N,16:35:10,16:35:30,,6157,하행,2025-05-01T05:00:00,,주말
6호선,2649,신내,648,,20250619,6호선,2611,응암,610,N,6호선,6180,2615,연신내,614,N,16:37:40,16:38:20,,6157,하행,2025-05-01T05:00:00,,주말
6호선,2649,신내,648,,20250619,6호선,2611,응암,610,N,6호선,6180,2616,구산,615,N,16:39:40,16:40:10,,6157,하행,2025-05-01T05:00:00,,주말
6호선,2649,신내,648,,20250619,6호선,2611,응암,610,N,6호선,6180,2611,응암,610,N,16:42:10,16:42:40,,6157,하행,2025-05-01T05:00:00,,주말
6호선,2649,신내,648,,20250619,6호선,2611,응암,610,N,6호선,6180,2617,새절,616,N,16:44:00,16:44:30,,6157,하행,2025-05-01T05:00:00,,주말
6호선,2649,신내,648,,20250619,6호선,2611,응암,610,N,6호선,6180,2618,증산,617,N,16:45:50,16:46:10,,6157,하행,2025-05-01T05:00:00,,주말
6호선,2649,신내,648,,20250619,6호선,2611,응암,610,N,6호선,6180,2619,디지털미디어시티,618,N,16:47:30,16:48:10,,6157,하행,2025-05-01T05:00:00,,주말
6호선,2649,신내,648,,20250619,6호선,2611,응암,610,N,6호선,6180,2620,월드컵경기장,619,N,16:49:20,16:49:50,,6157,하행,2025-05-01T05:00:00,,주말
6호선,2649,신내,648,,20250619,6호선,2611,응암,610,N,6호선,6180,2621,마포구청,620,N,16:51:00,16:51:30,,6157,하행,2025-05-01T05:00:00,,주말
6호선,2649,신내,648,,20250619,6호선,2611,응암,610,N,6호선,6180,2622,망원,621,N,16:52:50,16:53:20,,6157,하행,2025-05-01T05:00:00,,주말
6호선,2649,신내,648,,20250619,6호선,2611,응암,610,N,6호선,6180,2623,합정,622,N,16:54:40,16:55:20,,6157,하행,2025-05-01T05:00:00,,주말
6호선,2649,신내,648,,20250619,6호선,2611,응암,610,N,6호선,6180,2624,상수,623,N,16:56:30,16:56:50,,6157,하행,2025-05-01T05:00:00,,주말
6호선,2649,신내,648,,20250619,6호선,2611,응암,610,N,6호선,6180,2625,광흥창,624,N,16:58:00,16:58:30,,6157,하행,2025-05-01T05:00:00,,주말
6호선,2649,신내,648,,20250619,6호선,2611,응암,610,N,6호선,6180,2626,대흥,625,N,17:00:00,17:00:30,,6157,하행,2025-05-01T05:00:00,,주말
6호선,2649,신내,648,,20250619,6호선,2611,응암,610,N,6호선,6180,2627,공덕,626,N,17:01:50,17:02:30,,6157,하행,2025-05-01T05:00:00,,주말
6호선,2649,신내,648,,20250619,6호선,2611,응암,610,N,6호선,6180,2628,효창공원앞,627,N,17:03:50,17:04:20,,6157,하행,2025-05-01T05:00:00,,주말
6호선,2649,신내,648,,20250619,6호선,2611,응암,610,N,6호선,6180,2629,삼각지,628,N,17:05:50,17:06:20,,6157,하행,2025-05-01T05:00:00,,주말
6호선,2649,신내,648,,20250619,6호선,2611,응암,610,N,6호선,6180,2630,녹사평,629,N,17:08:00,17:08:20,,6157,하행,2025-05-01T05:00:00,,주말
6호선,2649,신내,648,,20250619,6호선,2611,응암,610,N,6호선,6180,2631,이태원,630,N,17:09:30,17:10:00,,6157,하행,2025-05-01T05:00:00,,주말
6호선,2649,신내,648,,20250619,6호선,2611,응암,610,N,6호선,6180,2632,한강진,631,N,17:11:30,17:11:50,,6157,하행,2025-05-01T05:00:00,,주말
6호선,2649,신내,648,,20250619,6호선,2611,응암,610,N,6호선,6180,2633,버티고개,632,N,17:13:20,17:13:40,,6157,하행,2025-05-01T05:00:00,,주말
6호선,2649,신내,648,,20250619,6호선,2611,응암,610,N,6호선,6180,2634,약수,633,N,17:14:50,17:15:30,,6157,하행,2025-05-01T05:00:00,,주말
6호선,2649,신내,648,,20250619,6호선,2611,응암,610,N,6호선,6180,2635,청구,634,N,17:16:40,17:17:10,,6157,하행,2025-05-01T05:00:00,,주말
6호선,2649,신내,648,,20250619,6호선,2611,응암,610,N,6호선,6180,2636,신당,635,N,17:18:20,17:18:50,,6157,하행,2025-05-01T05:00:00,,주말
6호선,2649,신내,648,,20250619,6호선,2611,응암,610,N,6호선,6180,2637,동묘앞,636,N,17:19:50,17:20:20,,6157,하행,2025-05-01T05:00:00,,주말
6호선,2649,신내,648,,20250619,6호선,2611,응암,610,N,6호선,6180,2638,창신,637,N,17:21:40,17:22:10,,6157,하행,2025-05-01T05:00:00,,주말
6호선,2649,신내,648,,20250619,6호선,2611,응암,610,N,6호선,6180,2639,보문,638,N,17:23:20,17:23:50,,6157,하행,2025-05-01T05:00:00,,주말
6호선,2649,신내,648,,20250619,6호선,2611,응암,610,N,6호선,6180,2640,안암,639,N,17:25:00,17:25:30,,6157,하행,2025-05-01T05:00:00,,주말
6호선,2649,신내,648,,20250619,6호선,2611,응암,610,N,6호선,6180,2641,고려대,640,N,17:26:40,17:27:10,,6157,하행,2025-05-01T05:00:00,,주말
6호선,2649,신내,648,,20250619,6호선,2611,응암,610,N,6호선,6180,2642,월곡,641,N,17:28:50,17:29:20,,6157,하행,2025-05-01T05:00:00,,주말
6호선,2649,신내,648,,20250619,6호선,2611,응암,610,N,6호선,6180,2643,상월곡,642,N,17:30:30,17:31:00,,6157,하행,2025-05-01T05:00:00,,주말
6호선,2649,신내,648,,20250619,6호선,2611,응암,610,N,6호선,6180,2644,돌곶이,643,N,17:32:10,17:32:30,,6157,하행,2025-05-01T05:00:00,,주말
6호선,2649,신내,648,,20250619,6호선,2611,응암,610,N,6호선,6180,2645,석계,644,N,17:33:50,17:34:30,,6157,하행,2025-05-01T05:00:00,,주말
6호선,2649,신내,648,,20250619,6호선,2611,응암,610,N,6호선,6180,2646,태릉입구,645,N,17:35:40,17:36:10,,6157,하행,2025-05-01T05:00:00,,주말
6호선,2649,신내,648,,20250619,6호선,2611,응암,610,N,6호선,6180,2647,화랑대,646,N,17:37:20,17:37:50,,6157,하행,2025-05-01T05:00:00,,주말
6호선,2649,신내,648,,20250619,6호선,2611,응암,610,N,6호선,6180,2648,봉화산,647,N,17:39:10,17:39:40,,6157,하행,2025-05-01T05:00:00,,주말
6호선,2649,신내,648,,20250619,6호선,2611,응암,610,N,6호선,6180,2649,신내,648,N,17:44:10,,,6157,하행,2025-05-01T05:00:00,,주말
6호선,2648,봉화산,647,,20250619,6호선,2611,응암,610,N,6호선,6178,2611,응암,610,N,,16:39:00,,6159,하행,2025-05-01T05:00:00,,주말
6호선,2648,봉화산,647,,20250619,6호선,2611,응암,610,N,6호선,6178,2612,역촌,611,N,16:40:40,16:41:00,,6159,하행,2025-05-01T05:00:00,,주말
6호선,2648,봉화산,647,,20250619,6호선,2611,응암,610,N,6호선,6178,2613,불광,612,N,16:42:20,16:42:50,,6159,하행,2025-05-01T05:00:00,,주말
6호선,2648,봉화산,647,,20250619,6호선,2611,응암,610,N,6호선,6178,2614,독바위,613,N,16:44:10,16:44:30,,6159,하행,2025-05-01T05:00:00,,주말
6호선,2648,봉화산,647,,20250619,6호선,2611,응암,610,N,6호선,6178,2615,연신내,614,N,16:46:40,16:47:20,,6159,하행,2025-05-01T05:00:00,,주말
6호선,2648,봉화산,647,,20250619,6호선,2611,응암,610,N,6호선,6178,2616,구산,615,N,16:48:40,16:49:10,,6159,하행,2025-05-01T05:00:00,,주말
6호선,2648,봉화산,647,,20250619,6호선,2611,응암,610,N,6호선,6178,2611,응암,610,N,16:51:10,16:51:40,,6159,하행,2025-05-01T05:00:00,,주말
6호선,2648,봉화산,647,,20250619,6호선,2611,응암,610,N,6호선,6178,2617,새절,616,N,16:53:00,16:53:30,,6159,하행,2025-05-01T05:00:00,,주말
6호선,2648,봉화산,647,,20250619,6호선,2611,응암,610,N,6호선,6178,2618,증산,617,N,16:54:50,16:55:10,,6159,하행,2025-05-01T05:00:00,,주말
6호선,2648,봉화산,647,,20250619,6호선,2611,응암,610,N,6호선,6178,2619,디지털미디어시티,618,N,16:56:30,16:57:10,,6159,하행,2025-05-01T05:00:00,,주말
6호선,2648,봉화산,647,,20250619,6호선,2611,응암,610,N,6호선,6178,2620,월드컵경기장,619,N,16:58:20,16:58:50,,6159,하행,2025-05-01T05:00:00,,주말
6호선,2648,봉화산,647,,20250619,6호선,2611,응암,610,N,6호선,6178,2621,마포구청,620,N,17:00:00,17:00:30,,6159,하행,2025-05-01T05:00:00,,주말
6호선,2648,봉화산,647,,20250619,6호선,2611,응암,610,N,6호선,6178,2622,망원,621,N,17:01:50,17:02:20,,6159,하행,2025-05-01T05:00:00,,주말
6호선,2648,봉화산,647,,20250619,6호선,2611,응암,610,N,6호선,6178,2623,합정,622,N,17:03:40,17:04:20,,6159,하행,2025-05-01T05:00:00,,주말
6호선,2648,봉화산,647,,20250619,6호선,2611,응암,610,N,6호선,6178,2624,상수,623,N,17:05:30,17:05:50,,6159,하행,2025-05-01T05:00:00,,주말
6호선,2648,봉화산,647,,20250619,6호선,2611,응암,610,N,6호선,6178,2625,광흥창,624,N,17:07:00,17:07:30,,6159,하행,2025-05-01T05:00:00,,주말
6호선,2648,봉화산,647,,20250619,6호선,2611,응암,610,N,6호선,6178,2626,대흥,625,N,17:09:00,17:09:30,,6159,하행,2025-05-01T05:00:00,,주말
6호선,2648,봉화산,647,,20250619,6호선,2611,응암,610,N,6호선,6178,2627,공덕,626,N,17:10:50,17:11:30,,6159,하행,2025-05-01T05:00:00,,주말
6호선,2648,봉화산,647,,20250619,6호선,2611,응암,610,N,6호선,6178,2628,효창공원앞,627,N,17:12:50,17:13:20,,6159,하행,2025-05-01T05:00:00,,주말
6호선,2648,봉화산,647,,20250619,6호선,2611,응암,610,N,6호선,6178,2629,삼각지,628,N,17:14:50,17:15:20,,6159,하행,2025-05-01T05:00:00,,주말
6호선,2648,봉화산,647,,20250619,6호선,2611,응암,610,N,6호선,6178,2630,녹사평,629,N,17:17:00,17:17:20,,6159,하행,2025-05-01T05:00:00,,주말
6호선,2648,봉화산,647,,20250619,6호선,2611,응암,610,N,6호선,6178,2631,이태원,630,N,17:18:30,17:19:00,,6159,하행,2025-05-01T05:00:00,,주말
6호선,2648,봉화산,647,,20250619,6호선,2611,응암,610,N,6호선,6178,2632,한강진,631,N,17:20:30,17:20:50,,6159,하행,2025-05-01T05:00:00,,주말
6호선,2648,봉화산,647,,20250619,6호선,2611,응암,610,N,6호선,6178,2633,버티고개,632,N,17:22:20,17:22:40,,6159,하행,2025-05-01T05:00:00,,주말
6호선,2648,봉화산,647,,20250619,6호선,2611,응암,610,N,6호선,6178,2634,약수,633,N,17:23:50,17:24:30,,6159,하행,2025-05-01T05:00:00,,주말
6호선,2648,봉화산,647,,20250619,6호선,2611,응암,610,N,6호선,6178,2635,청구,634,N,17:25:40,17:26:10,,6159,하행,2025-05-01T05:00:00,,주말
6호선,2648,봉화산,647,,20250619,6호선,2611,응암,610,N,6호선,6178,2636,신당,635,N,17:27:20,17:27:50,,6159,하행,2025-05-01T05:00:00,,주말
6호선,2648,봉화산,647,,20250619,6호선,2611,응암,610,N,6호선,6178,2637,동묘앞,636,N,17:28:50,17:29:20,,6159,하행,2025-05-01T05:00:00,,주말
6호선,2648,봉화산,647,,20250619,6호선,2611,응암,610,N,6호선,6178,2638,창신,637,N,17:30:40,17:31:10,,6159,하행,2025-05-01T05:00:00,,주말
6호선,2648,봉화산,647,,20250619,6호선,2611,응암,610,N,6호선,6178,2639,보문,638,N,17:32:20,17:32:50,,6159,하행,2025-05-01T05:00:00,,주말
6호선,2648,봉화산,647,,20250619,6호선,2611,응암,610,N,6호선,6178,2640,안암,639,N,17:34:00,17:34:30,,6159,하행,2025-05-01T05:00:00,,주말
6호선,2648,봉화산,647,,20250619,6호선,2611,응암,610,N,6호선,6178,2641,고려대,640,N,17:35:40,17:36:10,,6159,하행,2025-05-01T05:00:00,,주말
6호선,2648,봉화산,647,,20250619,6호선,2611,응암,610,N,6호선,6178,2642,월곡,641,N,17:37:50,17:38:20,,6159,하행,2025-05-01T05:00:00,,주말
6호선,2648,봉화산,647,,20250619,6호선,2611,응암,610,N,6호선,6178,2643,상월곡,642,N,17:39:30,17:40:00,,6159,하행,2025-05-01T05:00:00,,주말
6호선,2648,봉화산,647,,20250619,6호선,2611,응암,610,N,6호선,6178,2644,돌곶이,643,N,17:41:10,17:41:30,,6159,하행,2025-05-01T05:00:00,,주말
6호선,2648,봉화산,647,,20250619,6호선,2611,응암,610,N,6호선,6178,2645,석계,644,N,17:42:50,17:43:30,,6159,하행,2025-05-01T05:00:00,,주말
6호선,2648,봉화산,647,,20250619,6호선,2611,응암,610,N,6호선,6178,2646,태릉입구,645,N,17:44:40,17:45:10,,6159,하행,2025-05-01T05:00:00,,주말
6호선,2648,봉화산,647,,20250619,6호선,2611,응암,610,N,6호선,6178,2647,화랑대,646,N,17:46:20,17:46:50,,6159,하행,2025-05-01T05:00:00,,주말
6호선,2648,봉화산,647,,20250619,6호선,2611,응암,610,N,6호선,6178,2648,봉화산,647,N,17:48:10,,,6159,하행,2025-05-01T05:00:00,,주말
6호선,2648,봉화산,647,,20250619,6호선,2611,응암,610,N,6호선,6182,2611,응암,610,N,,16:48:00,,6161,하행,2025-05-01T05:00:00,,주말
6호선,2648,봉화산,647,,20250619,6호선,2611,응암,610,N,6호선,6182,2612,역촌,611,N,16:49:40,16:50:00,,6161,하행,2025-05-01T05:00:00,,주말
6호선,2648,봉화산,647,,20250619,6호선,2611,응암,610,N,6호선,6182,2613,불광,612,N,16:51:20,16:51:50,,6161,하행,2025-05-01T05:00:00,,주말
6호선,2648,봉화산,647,,20250619,6호선,2611,응암,610,N,6호선,6182,2614,독바위,613,N,16:53:10,16:53:30,,6161,하행,2025-05-01T05:00:00,,주말
6호선,2648,봉화산,647,,20250619,6호선,2611,응암,610,N,6호선,6182,2615,연신내,614,N,16:55:40,16:56:20,,6161,하행,2025-05-01T05:00:00,,주말
6호선,2648,봉화산,647,,20250619,6호선,2611,응암,610,N,6호선,6182,2616,구산,615,N,16:57:40,16:58:10,,6161,하행,2025-05-01T05:00:00,,주말
6호선,2648,봉화산,647,,20250619,6호선,2611,응암,610,N,6호선,6182,2611,응암,610,N,17:00:10,17:00:40,,6161,하행,2025-05-01T05:00:00,,주말
6호선,2648,봉화산,647,,20250619,6호선,2611,응암,610,N,6호선,6182,2617,새절,616,N,17:02:00,17:02:30,,6161,하행,2025-05-01T05:00:00,,주말
6호선,2648,봉화산,647,,20250619,6호선,2611,응암,610,N,6호선,6182,2618,증산,617,N,17:03:50,17:04:10,,6161,하행,2025-05-01T05:00:00,,주말
6호선,2648,봉화산,647,,20250619,6호선,2611,응암,610,N,6호선,6182,2619,디지털미디어시티,618,N,17:05:30,17:06:10,,6161,하행,2025-05-01T05:00:00,,주말
6호선,2648,봉화산,647,,20250619,6호선,2611,응암,610,N,6호선,6182,2620,월드컵경기장,619,N,17:07:20,17:07:50,,6161,하행,2025-05-01T05:00:00,,주말
6호선,2648,봉화산,647,,20250619,6호선,2611,응암,610,N,6호선,6182,2621,마포구청,620,N,17:09:00,17:09:30,,6161,하행,2025-05-01T05:00:00,,주말
6호선,2648,봉화산,647,,20250619,6호선,2611,응암,610,N,6호선,6182,2622,망원,621,N,17:10:50,17:11:20,,6161,하행,2025-05-01T05:00:00,,주말
6호선,2648,봉화산,647,,20250619,6호선,2611,응암,610,N,6호선,6182,2623,합정,622,N,17:12:40,17:13:20,,6161,하행,2025-05-01T05:00:00,,주말
6호선,2648,봉화산,647,,20250619,6호선,2611,응암,610,N,6호선,6182,2624,상수,623,N,17:14:30,17:14:50,,6161,하행,2025-05-01T05:00:00,,주말
6호선,2648,봉화산,647,,20250619,6호선,2611,응암,610,N,6호선,6182,2625,광흥창,624,N,17:16:00,17:16:30,,6161,하행,2025-05-01T05:00:00,,주말
6호선,2648,봉화산,647,,20250619,6호선,2611,응암,610,N,6호선,6182,2626,대흥,625,N,17:18:00,17:18:30,,6161,하행,2025-05-01T05:00:00,,주말
6호선,2648,봉화산,647,,20250619,6호선,2611,응암,610,N,6호선,6182,2627,공덕,626,N,17:19:50,17:20:30,,6161,하행,2025-05-01T05:00:00,,주말
6호선,2648,봉화산,647,,20250619,6호선,2611,응암,610,N,6호선,6182,2628,효창공원앞,627,N,17:21:50,17:22:20,,6161,하행,2025-05-01T05:00:00,,주말
6호선,2648,봉화산,647,,20250619,6호선,2611,응암,610,N,6호선,6182,2629,삼각지,628,N,17:23:50,17:24:20,,6161,하행,2025-05-01T05:00:00,,주말
6호선,2648,봉화산,647,,20250619,6호선,2611,응암,610,N,6호선,6182,2630,녹사평,629,N,17:26:00,17:26:20,,6161,하행,2025-05-01T05:00:00,,주말
6호선,2648,봉화산,647,,20250619,6호선,2611,응암,610,N,6호선,6182,2631,이태원,630,N,17:27:30,17:28:00,,6161,하행,2025-05-01T05:00:00,,주말
6호선,2648,봉화산,647,,20250619,6호선,2611,응암,610,N,6호선,6182,2632,한강진,631,N,17:29:30,17:29:50,,6161,하행,2025-05-01T05:00:00,,주말
6호선,2648,봉화산,647,,20250619,6호선,2611,응암,610,N,6호선,6182,2633,버티고개,632,N,17:31:20,17:31:40,,6161,하행,2025-05-01T05:00:00,,주말
6호선,2648,봉화산,647,,20250619,6호선,2611,응암,610,N,6호선,6182,2634,약수,633,N,17:32:50,17:33:30,,6161,하행,2025-05-01T05:00:00,,주말
6호선,2648,봉화산,647,,20250619,6호선,2611,응암,610,N,6호선,6182,2635,청구,634,N,17:34:40,17:35:10,,6161,하행,2025-05-01T05:00:00,,주말
6호선,2648,봉화산,647,,20250619,6호선,2611,응암,610,N,6호선,6182,2636,신당,635,N,17:36:20,17:36:50,,6161,하행,2025-05-01T05:00:00,,주말
6호선,2648,봉화산,647,,20250619,6호선,2611,응암,610,N,6호선,6182,2637,동묘앞,636,N,17:37:50,17:38:20,,6161,하행,2025-05-01T05:00:00,,주말
6호선,2648,봉화산,647,,20250619,6호선,2611,응암,610,N,6호선,6182,2638,창신,637,N,17:39:40,17:40:10,,6161,하행,2025-05-01T05:00:00,,주말
6호선,2648,봉화산,647,,20250619,6호선,2611,응암,610,N,6호선,6182,2639,보문,638,N,17:41:20,17:41:50,,6161,하행,2025-05-01T05:00:00,,주말
6호선,2648,봉화산,647,,20250619,6호선,2611,응암,610,N,6호선,6182,2640,안암,639,N,17:43:00,17:43:30,,6161,하행,2025-05-01T05:00:00,,주말
6호선,2648,봉화산,647,,20250619,6호선,2611,응암,610,N,6호선,6182,2641,고려대,640,N,17:44:40,17:45:10,,6161,하행,2025-05-01T05:00:00,,주말
6호선,2648,봉화산,647,,20250619,6호선,2611,응암,610,N,6호선,6182,2642,월곡,641,N,17:46:50,17:47:20,,6161,하행,2025-05-01T05:00:00,,주말
6호선,2648,봉화산,647,,20250619,6호선,2611,응암,610,N,6호선,6182,2643,상월곡,642,N,17:48:30,17:49:00,,6161,하행,2025-05-01T05:00:00,,주말
6호선,2648,봉화산,647,,20250619,6호선,2611,응암,610,N,6호선,6182,2644,돌곶이,643,N,17:50:10,17:50:30,,6161,하행,2025-05-01T05:00:00,,주말
6호선,2648,봉화산,647,,20250619,6호선,2611,응암,610,N,6호선,6182,2645,석계,644,N,17:51:50,17:52:30,,6161,하행,2025-05-01T05:00:00,,주말
6호선,2648,봉화산,647,,20250619,6호선,2611,응암,610,N,6호선,6182,2646,태릉입구,645,N,17:53:40,17:54:10,,6161,하행,2025-05-01T05:00:00,,주말
6호선,2648,봉화산,647,,20250619,6호선,2611,응암,610,N,6호선,6182,2647,화랑대,646,N,17:55:20,17:55:50,,6161,하행,2025-05-01T05:00:00,,주말
6호선,2648,봉화산,647,,20250619,6호선,2611,응암,610,N,6호선,6182,2648,봉화산,647,N,17:57:10,,,6161,하행,2025-05-01T05:00:00,,주말
6호선,2649,신내,648,,20250619,6호선,2611,응암,610,N,6호선,6186,2611,응암,610,N,,16:57:00,,6163,하행,2025-05-01T05:00:00,,주말
6호선,2649,신내,648,,20250619,6호선,2611,응암,610,N,6호선,6186,2612,역촌,611,N,16:58:40,16:59:00,,6163,하행,2025-05-01T05:00:00,,주말
6호선,2649,신내,648,,20250619,6호선,2611,응암,610,N,6호선,6186,2613,불광,612,N,17:00:20,17:00:50,,6163,하행,2025-05-01T05:00:00,,주말
6호선,2649,신내,648,,20250619,6호선,2611,응암,610,N,6호선,6186,2614,독바위,613,N,17:02:10,17:02:30,,6163,하행,2025-05-01T05:00:00,,주말
6호선,2649,신내,648,,20250619,6호선,2611,응암,610,N,6호선,6186,2615,연신내,614,N,17:04:40,17:05:20,,6163,하행,2025-05-01T05:00:00,,주말
6호선,2649,신내,648,,20250619,6호선,2611,응암,610,N,6호선,6186,2616,구산,615,N,17:06:40,17:07:10,,6163,하행,2025-05-01T05:00:00,,주말
6호선,2649,신내,648,,20250619,6호선,2611,응암,610,N,6호선,6186,2611,응암,610,N,17:09:10,17:09:40,,6163,하행,2025-05-01T05:00:00,,주말
6호선,2649,신내,648,,20250619,6호선,2611,응암,610,N,6호선,6186,2617,새절,616,N,17:11:00,17:11:30,,6163,하행,2025-05-01T05:00:00,,주말
6호선,2649,신내,648,,20250619,6호선,2611,응암,610,N,6호선,6186,2618,증산,617,N,17:12:50,17:13:10,,6163,하행,2025-05-01T05:00:00,,주말
6호선,2649,신내,648,,20250619,6호선,2611,응암,610,N,6호선,6186,2619,디지털미디어시티,618,N,17:14:30,17:15:10,,6163,하행,2025-05-01T05:00:00,,주말
6호선,2649,신내,648,,20250619,6호선,2611,응암,610,N,6호선,6186,2620,월드컵경기장,619,N,17:16:20,17:16:50,,6163,하행,2025-05-01T05:00:00,,주말
6호선,2649,신내,648,,20250619,6호선,2611,응암,610,N,6호선,6186,2621,마포구청,620,N,17:18:00,17:18:30,,6163,하행,2025-05-01T05:00:00,,주말
6호선,2649,신내,648,,20250619,6호선,2611,응암,610,N,6호선,6186,2622,망원,621,N,17:19:50,17:20:20,,6163,하행,2025-05-01T05:00:00,,주말
6호선,2649,신내,648,,20250619,6호선,2611,응암,610,N,6호선,6186,2623,합정,622,N,17:21:40,17:22:20,,6163,하행,2025-05-01T05:00:00,,주말
6호선,2649,신내,648,,20250619,6호선,2611,응암,610,N,6호선,6186,2624,상수,623,N,17:23:30,17:23:50,,6163,하행,2025-05-01T05:00:00,,주말
6호선,2649,신내,648,,20250619,6호선,2611,응암,610,N,6호선,6186,2625,광흥창,624,N,17:25:00,17:25:30,,6163,하행,2025-05-01T05:00:00,,주말
6호선,2649,신내,648,,20250619,6호선,2611,응암,610,N,6호선,6186,2626,대흥,625,N,17:27:00,17:27:30,,6163,하행,2025-05-01T05:00:00,,주말
6호선,2649,신내,648,,20250619,6호선,2611,응암,610,N,6호선,6186,2627,공덕,626,N,17:28:50,17:29:30,,6163,하행,2025-05-01T05:00:00,,주말
6호선,2649,신내,648,,20250619,6호선,2611,응암,610,N,6호선,6186,2628,효창공원앞,627,N,17:30:50,17:31:20,,6163,하행,2025-05-01T05:00:00,,주말
6호선,2649,신내,648,,20250619,6호선,2611,응암,610,N,6호선,6186,2629,삼각지,628,N,17:32:50,17:33:20,,6163,하행,2025-05-01T05:00:00,,주말
6호선,2649,신내,648,,20250619,6호선,2611,응암,610,N,6호선,6186,2630,녹사평,629,N,17:35:00,17:35:20,,6163,하행,2025-05-01T05:00:00,,주말
6호선,2649,신내,648,,20250619,6호선,2611,응암,610,N,6호선,6186,2631,이태원,630,N,17:36:30,17:37:00,,6163,하행,2025-05-01T05:00:00,,주말
6호선,2649,신내,648,,20250619,6호선,2611,응암,610,N,6호선,6186,2632,한강진,631,N,17:38:30,17:38:50,,6163,하행,2025-05-01T05:00:00,,주말
6호선,2649,신내,648,,20250619,6호선,2611,응암,610,N,6호선,6186,2633,버티고개,632,N,17:40:20,17:40:40,,6163,하행,2025-05-01T05:00:00,,주말
6호선,2649,신내,648,,20250619,6호선,2611,응암,610,N,6호선,6186,2634,약수,633,N,17:41:50,17:42:30,,6163,하행,2025-05-01T05:00:00,,주말
6호선,2649,신내,648,,20250619,6호선,2611,응암,610,N,6호선,6186,2635,청구,634,N,17:43:40,17:44:10,,6163,하행,2025-05-01T05:00:00,,주말
6호선,2649,신내,648,,20250619,6호선,2611,응암,610,N,6호선,6186,2636,신당,635,N,17:45:20,17:45:50,,6163,하행,2025-05-01T05:00:00,,주말
6호선,2649,신내,648,,20250619,6호선,2611,응암,610,N,6호선,6186,2637,동묘앞,636,N,17:46:50,17:47:20,,6163,하행,2025-05-01T05:00:00,,주말
6호선,2649,신내,648,,20250619,6호선,2611,응암,610,N,6호선,6186,2638,창신,637,N,17:48:40,17:49:10,,6163,하행,2025-05-01T05:00:00,,주말
6호선,2649,신내,648,,20250619,6호선,2611,응암,610,N,6호선,6186,2639,보문,638,N,17:50:20,17:50:50,,6163,하행,2025-05-01T05:00:00,,주말
6호선,2649,신내,648,,20250619,6호선,2611,응암,610,N,6호선,6186,2640,안암,639,N,17:52:00,17:52:30,,6163,하행,2025-05-01T05:00:00,,주말
6호선,2649,신내,648,,20250619,6호선,2611,응암,610,N,6호선,6186,2641,고려대,640,N,17:53:40,17:54:10,,6163,하행,2025-05-01T05:00:00,,주말
6호선,2649,신내,648,,20250619,6호선,2611,응암,610,N,6호선,6186,2642,월곡,641,N,17:55:50,17:56:20,,6163,하행,2025-05-01T05:00:00,,주말
6호선,2649,신내,648,,20250619,6호선,2611,응암,610,N,6호선,6186,2643,상월곡,642,N,17:57:30,17:58:00,,6163,하행,2025-05-01T05:00:00,,주말
6호선,2649,신내,648,,20250619,6호선,2611,응암,610,N,6호선,6186,2644,돌곶이,643,N,17:59:10,17:59:30,,6163,하행,2025-05-01T05:00:00,,주말
6호선,2649,신내,648,,20250619,6호선,2611,응암,610,N,6호선,6186,2645,석계,644,N,18:00:50,18:01:30,,6163,하행,2025-05-01T05:00:00,,주말
6호선,2649,신내,648,,20250619,6호선,2611,응암,610,N,6호선,6186,2646,태릉입구,645,N,18:02:40,18:03:10,,6163,하행,2025-05-01T05:00:00,,주말
6호선,2649,신내,648,,20250619,6호선,2611,응암,610,N,6호선,6186,2647,화랑대,646,N,18:04:20,18:04:50,,6163,하행,2025-05-01T05:00:00,,주말
6호선,2649,신내,648,,20250619,6호선,2611,응암,610,N,6호선,6186,2648,봉화산,647,N,18:06:10,18:06:40,,6163,하행,2025-05-01T05:00:00,,주말
6호선,2649,신내,648,,20250619,6호선,2611,응암,610,N,6호선,6186,2649,신내,648,N,18:11:10,,,6163,하행,2025-05-01T05:00:00,,주말
6호선,2648,봉화산,647,,20250619,6호선,2611,응암,610,N,6호선,6184,2611,응암,610,N,,17:06:00,,6165,하행,2025-05-01T05:00:00,,주말
6호선,2648,봉화산,647,,20250619,6호선,2611,응암,610,N,6호선,6184,2612,역촌,611,N,17:07:40,17:08:00,,6165,하행,2025-05-01T05:00:00,,주말
6호선,2648,봉화산,647,,20250619,6호선,2611,응암,610,N,6호선,6184,2613,불광,612,N,17:09:20,17:09:50,,6165,하행,2025-05-01T05:00:00,,주말
6호선,2648,봉화산,647,,20250619,6호선,2611,응암,610,N,6호선,6184,2614,독바위,613,N,17:11:10,17:11:30,,6165,하행,2025-05-01T05:00:00,,주말
6호선,2648,봉화산,647,,20250619,6호선,2611,응암,610,N,6호선,6184,2615,연신내,614,N,17:13:40,17:14:20,,6165,하행,2025-05-01T05:00:00,,주말
6호선,2648,봉화산,647,,20250619,6호선,2611,응암,610,N,6호선,6184,2616,구산,615,N,17:15:40,17:16:10,,6165,하행,2025-05-01T05:00:00,,주말
6호선,2648,봉화산,647,,20250619,6호선,2611,응암,610,N,6호선,6184,2611,응암,610,N,17:18:10,17:18:40,,6165,하행,2025-05-01T05:00:00,,주말
6호선,2648,봉화산,647,,20250619,6호선,2611,응암,610,N,6호선,6184,2617,새절,616,N,17:20:00,17:20:30,,6165,하행,2025-05-01T05:00:00,,주말
6호선,2648,봉화산,647,,20250619,6호선,2611,응암,610,N,6호선,6184,2618,증산,617,N,17:21:50,17:22:10,,6165,하행,2025-05-01T05:00:00,,주말
6호선,2648,봉화산,647,,20250619,6호선,2611,응암,610,N,6호선,6184,2619,디지털미디어시티,618,N,17:23:30,17:24:10,,6165,하행,2025-05-01T05:00:00,,주말
6호선,2648,봉화산,647,,20250619,6호선,2611,응암,610,N,6호선,6184,2620,월드컵경기장,619,N,17:25:20,17:25:50,,6165,하행,2025-05-01T05:00:00,,주말
6호선,2648,봉화산,647,,20250619,6호선,2611,응암,610,N,6호선,6184,2621,마포구청,620,N,17:27:00,17:27:30,,6165,하행,2025-05-01T05:00:00,,주말
6호선,2648,봉화산,647,,20250619,6호선,2611,응암,610,N,6호선,6184,2622,망원,621,N,17:28:50,17:29:20,,6165,하행,2025-05-01T05:00:00,,주말
6호선,2648,봉화산,647,,20250619,6호선,2611,응암,610,N,6호선,6184,2623,합정,622,N,17:30:40,17:31:20,,6165,하행,2025-05-01T05:00:00,,주말
6호선,2648,봉화산,647,,20250619,6호선,2611,응암,610,N,6호선,6184,2624,상수,623,N,17:32:30,17:32:50,,6165,하행,2025-05-01T05:00:00,,주말
6호선,2648,봉화산,647,,20250619,6호선,2611,응암,610,N,6호선,6184,2625,광흥창,624,N,17:34:00,17:34:30,,6165,하행,2025-05-01T05:00:00,,주말
6호선,2648,봉화산,647,,20250619,6호선,2611,응암,610,N,6호선,6184,2626,대흥,625,N,17:36:00,17:36:30,,6165,하행,2025-05-01T05:00:00,,주말
6호선,2648,봉화산,647,,20250619,6호선,2611,응암,610,N,6호선,6184,2627,공덕,626,N,17:37:50,17:38:30,,6165,하행,2025-05-01T05:00:00,,주말
6호선,2648,봉화산,647,,20250619,6호선,2611,응암,610,N,6호선,6184,2628,효창공원앞,627,N,17:39:50,17:40:20,,6165,하행,2025-05-01T05:00:00,,주말
6호선,2648,봉화산,647,,20250619,6호선,2611,응암,610,N,6호선,6184,2629,삼각지,628,N,17:41:50,17:42:20,,6165,하행,2025-05-01T05:00:00,,주말
6호선,2648,봉화산,647,,20250619,6호선,2611,응암,610,N,6호선,6184,2630,녹사평,629,N,17:44:00,17:44:20,,6165,하행,2025-05-01T05:00:00,,주말
6호선,2648,봉화산,647,,20250619,6호선,2611,응암,610,N,6호선,6184,2631,이태원,630,N,17:45:30,17:46:00,,6165,하행,2025-05-01T05:00:00,,주말
6호선,2648,봉화산,647,,20250619,6호선,2611,응암,610,N,6호선,6184,2632,한강진,631,N,17:47:30,17:47:50,,6165,하행,2025-05-01T05:00:00,,주말
6호선,2648,봉화산,647,,20250619,6호선,2611,응암,610,N,6호선,6184,2633,버티고개,632,N,17:49:20,17:49:40,,6165,하행,2025-05-01T05:00:00,,주말
6호선,2648,봉화산,647,,20250619,6호선,2611,응암,610,N,6호선,6184,2634,약수,633,N,17:50:50,17:51:30,,6165,하행,2025-05-01T05:00:00,,주말
6호선,2648,봉화산,647,,20250619,6호선,2611,응암,610,N,6호선,6184,2635,청구,634,N,17:52:40,17:53:10,,6165,하행,2025-05-01T05:00:00,,주말
6호선,2648,봉화산,647,,20250619,6호선,2611,응암,610,N,6호선,6184,2636,신당,635,N,17:54:20,17:54:50,,6165,하행,2025-05-01T05:00:00,,주말
6호선,2648,봉화산,647,,20250619,6호선,2611,응암,610,N,6호선,6184,2637,동묘앞,636,N,17:55:50,17:56:20,,6165,하행,2025-05-01T05:00:00,,주말
6호선,2648,봉화산,647,,20250619,6호선,2611,응암,610,N,6호선,6184,2638,창신,637,N,17:57:40,17:58:10,,6165,하행,2025-05-01T05:00:00,,주말
6호선,2648,봉화산,647,,20250619,6호선,2611,응암,610,N,6호선,6184,2639,보문,638,N,17:59:20,17:59:50,,6165,하행,2025-05-01T05:00:00,,주말
6호선,2648,봉화산,647,,20250619,6호선,2611,응암,610,N,6호선,6184,2640,안암,639,N,18:01:00,18:01:30,,6165,하행,2025-05-01T05:00:00,,주말
6호선,2648,봉화산,647,,20250619,6호선,2611,응암,610,N,6호선,6184,2641,고려대,640,N,18:02:40,18:03:10,,6165,하행,2025-05-01T05:00:00,,주말
6호선,2648,봉화산,647,,20250619,6호선,2611,응암,610,N,6호선,6184,2642,월곡,641,N,18:04:50,18:05:20,,6165,하행,2025-05-01T05:00:00,,주말
6호선,2648,봉화산,647,,20250619,6호선,2611,응암,610,N,6호선,6184,2643,상월곡,642,N,18:06:30,18:07:00,,6165,하행,2025-05-01T05:00:00,,주말
6호선,2648,봉화산,647,,20250619,6호선,2611,응암,610,N,6호선,6184,2644,돌곶이,643,N,18:08:10,18:08:30,,6165,하행,2025-05-01T05:00:00,,주말
6호선,2648,봉화산,647,,20250619,6호선,2611,응암,610,N,6호선,6184,2645,석계,644,N,18:09:50,18:10:30,,6165,하행,2025-05-01T05:00:00,,주말
6호선,2648,봉화산,647,,20250619,6호선,2611,응암,610,N,6호선,6184,2646,태릉입구,645,N,18:11:40,18:12:10,,6165,하행,2025-05-01T05:00:00,,주말
6호선,2648,봉화산,647,,20250619,6호선,2611,응암,610,N,6호선,6184,2647,화랑대,646,N,18:13:20,18:13:50,,6165,하행,2025-05-01T05:00:00,,주말
6호선,2648,봉화산,647,,20250619,6호선,2611,응암,610,N,6호선,6184,2648,봉화산,647,N,18:15:10,,,6165,하행,2025-05-01T05:00:00,,주말
6호선,2648,봉화산,647,,20250619,6호선,2611,응암,610,N,6호선,6188,2611,응암,610,N,,17:15:00,,6167,하행,2025-05-01T05:00:00,,주말
6호선,2648,봉화산,647,,20250619,6호선,2611,응암,610,N,6호선,6188,2612,역촌,611,N,17:16:40,17:17:00,,6167,하행,2025-05-01T05:00:00,,주말
6호선,2648,봉화산,647,,20250619,6호선,2611,응암,610,N,6호선,6188,2613,불광,612,N,17:18:20,17:18:50,,6167,하행,2025-05-01T05:00:00,,주말
6호선,2648,봉화산,647,,20250619,6호선,2611,응암,610,N,6호선,6188,2614,독바위,613,N,17:20:10,17:20:30,,6167,하행,2025-05-01T05:00:00,,주말
6호선,2648,봉화산,647,,20250619,6호선,2611,응암,610,N,6호선,6188,2615,연신내,614,N,17:22:40,17:23:20,,6167,하행,2025-05-01T05:00:00,,주말
6호선,2648,봉화산,647,,20250619,6호선,2611,응암,610,N,6호선,6188,2616,구산,615,N,17:24:40,17:25:10,,6167,하행,2025-05-01T05:00:00,,주말
6호선,2648,봉화산,647,,20250619,6호선,2611,응암,610,N,6호선,6188,2611,응암,610,N,17:27:10,17:27:40,,6167,하행,2025-05-01T05:00:00,,주말
6호선,2648,봉화산,647,,20250619,6호선,2611,응암,610,N,6호선,6188,2617,새절,616,N,17:29:00,17:29:30,,6167,하행,2025-05-01T05:00:00,,주말
6호선,2648,봉화산,647,,20250619,6호선,2611,응암,610,N,6호선,6188,2618,증산,617,N,17:30:50,17:31:10,,6167,하행,2025-05-01T05:00:00,,주말
6호선,2648,봉화산,647,,20250619,6호선,2611,응암,610,N,6호선,6188,2619,디지털미디어시티,618,N,17:32:30,17:33:10,,6167,하행,2025-05-01T05:00:00,,주말
6호선,2648,봉화산,647,,20250619,6호선,2611,응암,610,N,6호선,6188,2620,월드컵경기장,619,N,17:34:20,17:34:50,,6167,하행,2025-05-01T05:00:00,,주말
6호선,2648,봉화산,647,,20250619,6호선,2611,응암,610,N,6호선,6188,2621,마포구청,620,N,17:36:00,17:36:30,,6167,하행,2025-05-01T05:00:00,,주말
6호선,2648,봉화산,647,,20250619,6호선,2611,응암,610,N,6호선,6188,2622,망원,621,N,17:37:50,17:38:20,,6167,하행,2025-05-01T05:00:00,,주말
6호선,2648,봉화산,647,,20250619,6호선,2611,응암,610,N,6호선,6188,2623,합정,622,N,17:39:40,17:40:20,,6167,하행,2025-05-01T05:00:00,,주말
6호선,2648,봉화산,647,,20250619,6호선,2611,응암,610,N,6호선,6188,2624,상수,623,N,17:41:30,17:41:50,,6167,하행,2025-05-01T05:00:00,,주말
6호선,2648,봉화산,647,,20250619,6호선,2611,응암,610,N,6호선,6188,2625,광흥창,624,N,17:43:00,17:43:30,,6167,하행,2025-05-01T05:00:00,,주말
6호선,2648,봉화산,647,,20250619,6호선,2611,응암,610,N,6호선,6188,2626,대흥,625,N,17:45:00,17:45:30,,6167,하행,2025-05-01T05:00:00,,주말
6호선,2648,봉화산,647,,20250619,6호선,2611,응암,610,N,6호선,6188,2627,공덕,626,N,17:46:50,17:47:30,,6167,하행,2025-05-01T05:00:00,,주말
6호선,2648,봉화산,647,,20250619,6호선,2611,응암,610,N,6호선,6188,2628,효창공원앞,627,N,17:48:50,17:49:20,,6167,하행,2025-05-01T05:00:00,,주말
6호선,2648,봉화산,647,,20250619,6호선,2611,응암,610,N,6호선,6188,2629,삼각지,628,N,17:50:50,17:51:20,,6167,하행,2025-05-01T05:00:00,,주말
6호선,2648,봉화산,647,,20250619,6호선,2611,응암,610,N,6호선,6188,2630,녹사평,629,N,17:53:00,17:53:20,,6167,하행,2025-05-01T05:00:00,,주말
6호선,2648,봉화산,647,,20250619,6호선,2611,응암,610,N,6호선,6188,2631,이태원,630,N,17:54:30,17:55:00,,6167,하행,2025-05-01T05:00:00,,주말
6호선,2648,봉화산,647,,20250619,6호선,2611,응암,610,N,6호선,6188,2632,한강진,631,N,17:56:30,17:56:50,,6167,하행,2025-05-01T05:00:00,,주말
6호선,2648,봉화산,647,,20250619,6호선,2611,응암,610,N,6호선,6188,2633,버티고개,632,N,17:58:20,17:58:40,,6167,하행,2025-05-01T05:00:00,,주말
6호선,2648,봉화산,647,,20250619,6호선,2611,응암,610,N,6호선,6188,2634,약수,633,N,17:59:50,18:00:30,,6167,하행,2025-05-01T05:00:00,,주말
6호선,2648,봉화산,647,,20250619,6호선,2611,응암,610,N,6호선,6188,2635,청구,634,N,18:01:40,18:02:10,,6167,하행,2025-05-01T05:00:00,,주말
6호선,2648,봉화산,647,,20250619,6호선,2611,응암,610,N,6호선,6188,2636,신당,635,N,18:03:20,18:03:50,,6167,하행,2025-05-01T05:00:00,,주말
6호선,2648,봉화산,647,,20250619,6호선,2611,응암,610,N,6호선,6188,2637,동묘앞,636,N,18:04:50,18:05:20,,6167,하행,2025-05-01T05:00:00,,주말
6호선,2648,봉화산,647,,20250619,6호선,2611,응암,610,N,6호선,6188,2638,창신,637,N,18:06:40,18:07:10,,6167,하행,2025-05-01T05:00:00,,주말
6호선,2648,봉화산,647,,20250619,6호선,2611,응암,610,N,6호선,6188,2639,보문,638,N,18:08:20,18:08:50,,6167,하행,2025-05-01T05:00:00,,주말
6호선,2648,봉화산,647,,20250619,6호선,2611,응암,610,N,6호선,6188,2640,안암,639,N,18:10:00,18:10:30,,6167,하행,2025-05-01T05:00:00,,주말
6호선,2648,봉화산,647,,20250619,6호선,2611,응암,610,N,6호선,6188,2641,고려대,640,N,18:11:40,18:12:10,,6167,하행,2025-05-01T05:00:00,,주말
6호선,2648,봉화산,647,,20250619,6호선,2611,응암,610,N,6호선,6188,2642,월곡,641,N,18:13:50,18:14:20,,6167,하행,2025-05-01T05:00:00,,주말
6호선,2648,봉화산,647,,20250619,6호선,2611,응암,610,N,6호선,6188,2643,상월곡,642,N,18:15:30,18:16:00,,6167,하행,2025-05-01T05:00:00,,주말
6호선,2648,봉화산,647,,20250619,6호선,2611,응암,610,N,6호선,6188,2644,돌곶이,643,N,18:17:10,18:17:30,,6167,하행,2025-05-01T05:00:00,,주말
6호선,2648,봉화산,647,,20250619,6호선,2611,응암,610,N,6호선,6188,2645,석계,644,N,18:18:50,18:19:30,,6167,하행,2025-05-01T05:00:00,,주말
6호선,2648,봉화산,647,,20250619,6호선,2611,응암,610,N,6호선,6188,2646,태릉입구,645,N,18:20:40,18:21:10,,6167,하행,2025-05-01T05:00:00,,주말
6호선,2648,봉화산,647,,20250619,6호선,2611,응암,610,N,6호선,6188,2647,화랑대,646,N,18:22:20,18:22:50,,6167,하행,2025-05-01T05:00:00,,주말
6호선,2648,봉화산,647,,20250619,6호선,2611,응암,610,N,6호선,6188,2648,봉화산,647,N,18:24:10,,,6167,하행,2025-05-01T05:00:00,,주말
6호선,2649,신내,648,,20250619,6호선,2611,응암,610,N,6호선,6192,2611,응암,610,N,,17:24:00,,6169,하행,2025-05-01T05:00:00,,주말
6호선,2649,신내,648,,20250619,6호선,2611,응암,610,N,6호선,6192,2612,역촌,611,N,17:25:40,17:26:00,,6169,하행,2025-05-01T05:00:00,,주말
6호선,2649,신내,648,,20250619,6호선,2611,응암,610,N,6호선,6192,2613,불광,612,N,17:27:20,17:27:50,,6169,하행,2025-05-01T05:00:00,,주말
6호선,2649,신내,648,,20250619,6호선,2611,응암,610,N,6호선,6192,2614,독바위,613,N,17:29:10,17:29:30,,6169,하행,2025-05-01T05:00:00,,주말
6호선,2649,신내,648,,20250619,6호선,2611,응암,610,N,6호선,6192,2615,연신내,614,N,17:31:40,17:32:20,,6169,하행,2025-05-01T05:00:00,,주말
6호선,2649,신내,648,,20250619,6호선,2611,응암,610,N,6호선,6192,2616,구산,615,N,17:33:40,17:34:10,,6169,하행,2025-05-01T05:00:00,,주말
6호선,2649,신내,648,,20250619,6호선,2611,응암,610,N,6호선,6192,2611,응암,610,N,17:36:10,17:36:40,,6169,하행,2025-05-01T05:00:00,,주말
6호선,2649,신내,648,,20250619,6호선,2611,응암,610,N,6호선,6192,2617,새절,616,N,17:38:00,17:38:30,,6169,하행,2025-05-01T05:00:00,,주말
6호선,2649,신내,648,,20250619,6호선,2611,응암,610,N,6호선,6192,2618,증산,617,N,17:39:50,17:40:10,,6169,하행,2025-05-01T05:00:00,,주말
6호선,2649,신내,648,,20250619,6호선,2611,응암,610,N,6호선,6192,2619,디지털미디어시티,618,N,17:41:30,17:42:10,,6169,하행,2025-05-01T05:00:00,,주말
6호선,2649,신내,648,,20250619,6호선,2611,응암,610,N,6호선,6192,2620,월드컵경기장,619,N,17:43:20,17:43:50,,6169,하행,2025-05-01T05:00:00,,주말
6호선,2649,신내,648,,20250619,6호선,2611,응암,610,N,6호선,6192,2621,마포구청,620,N,17:45:00,17:45:30,,6169,하행,2025-05-01T05:00:00,,주말
6호선,2649,신내,648,,20250619,6호선,2611,응암,610,N,6호선,6192,2622,망원,621,N,17:46:50,17:47:20,,6169,하행,2025-05-01T05:00:00,,주말
6호선,2649,신내,648,,20250619,6호선,2611,응암,610,N,6호선,6192,2623,합정,622,N,17:48:40,17:49:20,,6169,하행,2025-05-01T05:00:00,,주말
6호선,2649,신내,648,,20250619,6호선,2611,응암,610,N,6호선,6192,2624,상수,623,N,17:50:30,17:50:50,,6169,하행,2025-05-01T05:00:00,,주말
6호선,2649,신내,648,,20250619,6호선,2611,응암,610,N,6호선,6192,2625,광흥창,624,N,17:52:00,17:52:30,,6169,하행,2025-05-01T05:00:00,,주말
6호선,2649,신내,648,,20250619,6호선,2611,응암,610,N,6호선,6192,2626,대흥,625,N,17:54:00,17:54:30,,6169,하행,2025-05-01T05:00:00,,주말
6호선,2649,신내,648,,20250619,6호선,2611,응암,610,N,6호선,6192,2627,공덕,626,N,17:55:50,17:56:30,,6169,하행,2025-05-01T05:00:00,,주말
6호선,2649,신내,648,,20250619,6호선,2611,응암,610,N,6호선,6192,2628,효창공원앞,627,N,17:57:50,17:58:20,,6169,하행,2025-05-01T05:00:00,,주말
6호선,2649,신내,648,,20250619,6호선,2611,응암,610,N,6호선,6192,2629,삼각지,628,N,17:59:50,18:00:20,,6169,하행,2025-05-01T05:00:00,,주말
6호선,2649,신내,648,,20250619,6호선,2611,응암,610,N,6호선,6192,2630,녹사평,629,N,18:02:00,18:02:20,,6169,하행,2025-05-01T05:00:00,,주말
6호선,2649,신내,648,,20250619,6호선,2611,응암,610,N,6호선,6192,2631,이태원,630,N,18:03:30,18:04:00,,6169,하행,2025-05-01T05:00:00,,주말
6호선,2649,신내,648,,20250619,6호선,2611,응암,610,N,6호선,6192,2632,한강진,631,N,18:05:30,18:05:50,,6169,하행,2025-05-01T05:00:00,,주말
6호선,2649,신내,648,,20250619,6호선,2611,응암,610,N,6호선,6192,2633,버티고개,632,N,18:07:20,18:07:40,,6169,하행,2025-05-01T05:00:00,,주말
6호선,2649,신내,648,,20250619,6호선,2611,응암,610,N,6호선,6192,2634,약수,633,N,18:08:50,18:09:30,,6169,하행,2025-05-01T05:00:00,,주말
6호선,2649,신내,648,,20250619,6호선,2611,응암,610,N,6호선,6192,2635,청구,634,N,18:10:40,18:11:10,,6169,하행,2025-05-01T05:00:00,,주말
6호선,2649,신내,648,,20250619,6호선,2611,응암,610,N,6호선,6192,2636,신당,635,N,18:12:20,18:12:50,,6169,하행,2025-05-01T05:00:00,,주말
6호선,2649,신내,648,,20250619,6호선,2611,응암,610,N,6호선,6192,2637,동묘앞,636,N,18:13:50,18:14:20,,6169,하행,2025-05-01T05:00:00,,주말
6호선,2649,신내,648,,20250619,6호선,2611,응암,610,N,6호선,6192,2638,창신,637,N,18:15:40,18:16:10,,6169,하행,2025-05-01T05:00:00,,주말
6호선,2649,신내,648,,20250619,6호선,2611,응암,610,N,6호선,6192,2639,보문,638,N,18:17:20,18:17:50,,6169,하행,2025-05-01T05:00:00,,주말
6호선,2649,신내,648,,20250619,6호선,2611,응암,610,N,6호선,6192,2640,안암,639,N,18:19:00,18:19:30,,6169,하행,2025-05-01T05:00:00,,주말
6호선,2649,신내,648,,20250619,6호선,2611,응암,610,N,6호선,6192,2641,고려대,640,N,18:20:40,18:21:10,,6169,하행,2025-05-01T05:00:00,,주말
6호선,2649,신내,648,,20250619,6호선,2611,응암,610,N,6호선,6192,2642,월곡,641,N,18:22:50,18:23:20,,6169,하행,2025-05-01T05:00:00,,주말
6호선,2649,신내,648,,20250619,6호선,2611,응암,610,N,6호선,6192,2643,상월곡,642,N,18:24:30,18:25:00,,6169,하행,2025-05-01T05:00:00,,주말
6호선,2649,신내,648,,20250619,6호선,2611,응암,610,N,6호선,6192,2644,돌곶이,643,N,18:26:10,18:26:30,,6169,하행,2025-05-01T05:00:00,,주말
6호선,2649,신내,648,,20250619,6호선,2611,응암,610,N,6호선,6192,2645,석계,644,N,18:27:50,18:28:30,,6169,하행,2025-05-01T05:00:00,,주말
6호선,2649,신내,648,,20250619,6호선,2611,응암,610,N,6호선,6192,2646,태릉입구,645,N,18:29:40,18:30:10,,6169,하행,2025-05-01T05:00:00,,주말
6호선,2649,신내,648,,20250619,6호선,2611,응암,610,N,6호선,6192,2647,화랑대,646,N,18:31:20,18:31:50,,6169,하행,2025-05-01T05:00:00,,주말
6호선,2649,신내,648,,20250619,6호선,2611,응암,610,N,6호선,6192,2648,봉화산,647,N,18:33:10,18:33:40,,6169,하행,2025-05-01T05:00:00,,주말
6호선,2649,신내,648,,20250619,6호선,2611,응암,610,N,6호선,6192,2649,신내,648,N,18:38:10,,,6169,하행,2025-05-01T05:00:00,,주말
6호선,2648,봉화산,647,,20250619,6호선,2611,응암,610,N,6호선,6190,2611,응암,610,N,,17:33:00,,6171,하행,2025-05-01T05:00:00,,주말
6호선,2648,봉화산,647,,20250619,6호선,2611,응암,610,N,6호선,6190,2612,역촌,611,N,17:34:40,17:35:00,,6171,하행,2025-05-01T05:00:00,,주말
6호선,2648,봉화산,647,,20250619,6호선,2611,응암,610,N,6호선,6190,2613,불광,612,N,17:36:20,17:36:50,,6171,하행,2025-05-01T05:00:00,,주말
6호선,2648,봉화산,647,,20250619,6호선,2611,응암,610,N,6호선,6190,2614,독바위,613,N,17:38:10,17:38:30,,6171,하행,2025-05-01T05:00:00,,주말
6호선,2648,봉화산,647,,20250619,6호선,2611,응암,610,N,6호선,6190,2615,연신내,614,N,17:40:40,17:41:20,,6171,하행,2025-05-01T05:00:00,,주말
6호선,2648,봉화산,647,,20250619,6호선,2611,응암,610,N,6호선,6190,2616,구산,615,N,17:42:40,17:43:10,,6171,하행,2025-05-01T05:00:00,,주말
6호선,2648,봉화산,647,,20250619,6호선,2611,응암,610,N,6호선,6190,2611,응암,610,N,17:45:10,17:45:40,,6171,하행,2025-05-01T05:00:00,,주말
6호선,2648,봉화산,647,,20250619,6호선,2611,응암,610,N,6호선,6190,2617,새절,616,N,17:47:00,17:47:30,,6171,하행,2025-05-01T05:00:00,,주말
6호선,2648,봉화산,647,,20250619,6호선,2611,응암,610,N,6호선,6190,2618,증산,617,N,17:48:50,17:49:10,,6171,하행,2025-05-01T05:00:00,,주말
6호선,2648,봉화산,647,,20250619,6호선,2611,응암,610,N,6호선,6190,2619,디지털미디어시티,618,N,17:50:30,17:51:10,,6171,하행,2025-05-01T05:00:00,,주말
6호선,2648,봉화산,647,,20250619,6호선,2611,응암,610,N,6호선,6190,2620,월드컵경기장,619,N,17:52:20,17:52:50,,6171,하행,2025-05-01T05:00:00,,주말
6호선,2648,봉화산,647,,20250619,6호선,2611,응암,610,N,6호선,6190,2621,마포구청,620,N,17:54:00,17:54:30,,6171,하행,2025-05-01T05:00:00,,주말
6호선,2648,봉화산,647,,20250619,6호선,2611,응암,610,N,6호선,6190,2622,망원,621,N,17:55:50,17:56:20,,6171,하행,2025-05-01T05:00:00,,주말
6호선,2648,봉화산,647,,20250619,6호선,2611,응암,610,N,6호선,6190,2623,합정,622,N,17:57:40,17:58:20,,6171,하행,2025-05-01T05:00:00,,주말
6호선,2648,봉화산,647,,20250619,6호선,2611,응암,610,N,6호선,6190,2624,상수,623,N,17:59:30,17:59:50,,6171,하행,2025-05-01T05:00:00,,주말
6호선,2648,봉화산,647,,20250619,6호선,2611,응암,610,N,6호선,6190,2625,광흥창,624,N,18:01:00,18:01:30,,6171,하행,2025-05-01T05:00:00,,주말
6호선,2648,봉화산,647,,20250619,6호선,2611,응암,610,N,6호선,6190,2626,대흥,625,N,18:03:00,18:03:30,,6171,하행,2025-05-01T05:00:00,,주말
6호선,2648,봉화산,647,,20250619,6호선,2611,응암,610,N,6호선,6190,2627,공덕,626,N,18:04:50,18:05:30,,6171,하행,2025-05-01T05:00:00,,주말
6호선,2648,봉화산,647,,20250619,6호선,2611,응암,610,N,6호선,6190,2628,효창공원앞,627,N,18:06:50,18:07:20,,6171,하행,2025-05-01T05:00:00,,주말
6호선,2648,봉화산,647,,20250619,6호선,2611,응암,610,N,6호선,6190,2629,삼각지,628,N,18:08:50,18:09:20,,6171,하행,2025-05-01T05:00:00,,주말
6호선,2648,봉화산,647,,20250619,6호선,2611,응암,610,N,6호선,6190,2630,녹사평,629,N,18:11:00,18:11:20,,6171,하행,2025-05-01T05:00:00,,주말
6호선,2648,봉화산,647,,20250619,6호선,2611,응암,610,N,6호선,6190,2631,이태원,630,N,18:12:30,18:13:00,,6171,하행,2025-05-01T05:00:00,,주말
6호선,2648,봉화산,647,,20250619,6호선,2611,응암,610,N,6호선,6190,2632,한강진,631,N,18:14:30,18:14:50,,6171,하행,2025-05-01T05:00:00,,주말
6호선,2648,봉화산,647,,20250619,6호선,2611,응암,610,N,6호선,6190,2633,버티고개,632,N,18:16:20,18:16:40,,6171,하행,2025-05-01T05:00:00,,주말
6호선,2648,봉화산,647,,20250619,6호선,2611,응암,610,N,6호선,6190,2634,약수,633,N,18:17:50,18:18:30,,6171,하행,2025-05-01T05:00:00,,주말
6호선,2648,봉화산,647,,20250619,6호선,2611,응암,610,N,6호선,6190,2635,청구,634,N,18:19:40,18:20:10,,6171,하행,2025-05-01T05:00:00,,주말
6호선,2648,봉화산,647,,20250619,6호선,2611,응암,610,N,6호선,6190,2636,신당,635,N,18:21:20,18:21:50,,6171,하행,2025-05-01T05:00:00,,주말
6호선,2648,봉화산,647,,20250619,6호선,2611,응암,610,N,6호선,6190,2637,동묘앞,636,N,18:22:50,18:23:20,,6171,하행,2025-05-01T05:00:00,,주말
6호선,2648,봉화산,647,,20250619,6호선,2611,응암,610,N,6호선,6190,2638,창신,637,N,18:24:40,18:25:10,,6171,하행,2025-05-01T05:00:00,,주말
6호선,2648,봉화산,647,,20250619,6호선,2611,응암,610,N,6호선,6190,2639,보문,638,N,18:26:20,18:26:50,,6171,하행,2025-05-01T05:00:00,,주말
6호선,2648,봉화산,647,,20250619,6호선,2611,응암,610,N,6호선,6190,2640,안암,639,N,18:28:00,18:28:30,,6171,하행,2025-05-01T05:00:00,,주말
6호선,2648,봉화산,647,,20250619,6호선,2611,응암,610,N,6호선,6190,2641,고려대,640,N,18:29:40,18:30:10,,6171,하행,2025-05-01T05:00:00,,주말
6호선,2648,봉화산,647,,20250619,6호선,2611,응암,610,N,6호선,6190,2642,월곡,641,N,18:31:50,18:32:20,,6171,하행,2025-05-01T05:00:00,,주말
6호선,2648,봉화산,647,,20250619,6호선,2611,응암,610,N,6호선,6190,2643,상월곡,642,N,18:33:30,18:34:00,,6171,하행,2025-05-01T05:00:00,,주말
6호선,2648,봉화산,647,,20250619,6호선,2611,응암,610,N,6호선,6190,2644,돌곶이,643,N,18:35:10,18:35:30,,6171,하행,2025-05-01T05:00:00,,주말
6호선,2648,봉화산,647,,20250619,6호선,2611,응암,610,N,6호선,6190,2645,석계,644,N,18:36:50,18:37:30,,6171,하행,2025-05-01T05:00:00,,주말
6호선,2648,봉화산,647,,20250619,6호선,2611,응암,610,N,6호선,6190,2646,태릉입구,645,N,18:38:40,18:39:10,,6171,하행,2025-05-01T05:00:00,,주말
6호선,2648,봉화산,647,,20250619,6호선,2611,응암,610,N,6호선,6190,2647,화랑대,646,N,18:40:20,18:40:50,,6171,하행,2025-05-01T05:00:00,,주말
6호선,2648,봉화산,647,,20250619,6호선,2611,응암,610,N,6호선,6190,2648,봉화산,647,N,18:42:10,,,6171,하행,2025-05-01T05:00:00,,주말
6호선,2648,봉화산,647,,20250619,6호선,2611,응암,610,N,6호선,6194,2611,응암,610,N,,17:42:00,,6173,하행,2025-05-01T05:00:00,,주말
6호선,2648,봉화산,647,,20250619,6호선,2611,응암,610,N,6호선,6194,2612,역촌,611,N,17:43:40,17:44:00,,6173,하행,2025-05-01T05:00:00,,주말
6호선,2648,봉화산,647,,20250619,6호선,2611,응암,610,N,6호선,6194,2613,불광,612,N,17:45:20,17:45:50,,6173,하행,2025-05-01T05:00:00,,주말
6호선,2648,봉화산,647,,20250619,6호선,2611,응암,610,N,6호선,6194,2614,독바위,613,N,17:47:10,17:47:30,,6173,하행,2025-05-01T05:00:00,,주말
6호선,2648,봉화산,647,,20250619,6호선,2611,응암,610,N,6호선,6194,2615,연신내,614,N,17:49:40,17:50:20,,6173,하행,2025-05-01T05:00:00,,주말
6호선,2648,봉화산,647,,20250619,6호선,2611,응암,610,N,6호선,6194,2616,구산,615,N,17:51:40,17:52:10,,6173,하행,2025-05-01T05:00:00,,주말
6호선,2648,봉화산,647,,20250619,6호선,2611,응암,610,N,6호선,6194,2611,응암,610,N,17:54:10,17:54:40,,6173,하행,2025-05-01T05:00:00,,주말
6호선,2648,봉화산,647,,20250619,6호선,2611,응암,610,N,6호선,6194,2617,새절,616,N,17:56:00,17:56:30,,6173,하행,2025-05-01T05:00:00,,주말
6호선,2648,봉화산,647,,20250619,6호선,2611,응암,610,N,6호선,6194,2618,증산,617,N,17:57:50,17:58:10,,6173,하행,2025-05-01T05:00:00,,주말
6호선,2648,봉화산,647,,20250619,6호선,2611,응암,610,N,6호선,6194,2619,디지털미디어시티,618,N,17:59:30,18:00:10,,6173,하행,2025-05-01T05:00:00,,주말
6호선,2648,봉화산,647,,20250619,6호선,2611,응암,610,N,6호선,6194,2620,월드컵경기장,619,N,18:01:20,18:01:50,,6173,하행,2025-05-01T05:00:00,,주말
6호선,2648,봉화산,647,,20250619,6호선,2611,응암,610,N,6호선,6194,2621,마포구청,620,N,18:03:00,18:03:30,,6173,하행,2025-05-01T05:00:00,,주말
6호선,2648,봉화산,647,,20250619,6호선,2611,응암,610,N,6호선,6194,2622,망원,621,N,18:04:50,18:05:20,,6173,하행,2025-05-01T05:00:00,,주말
6호선,2648,봉화산,647,,20250619,6호선,2611,응암,610,N,6호선,6194,2623,합정,622,N,18:06:40,18:07:20,,6173,하행,2025-05-01T05:00:00,,주말
6호선,2648,봉화산,647,,20250619,6호선,2611,응암,610,N,6호선,6194,2624,상수,623,N,18:08:30,18:08:50,,6173,하행,2025-05-01T05:00:00,,주말
6호선,2648,봉화산,647,,20250619,6호선,2611,응암,610,N,6호선,6194,2625,광흥창,624,N,18:10:00,18:10:30,,6173,하행,2025-05-01T05:00:00,,주말
6호선,2648,봉화산,647,,20250619,6호선,2611,응암,610,N,6호선,6194,2626,대흥,625,N,18:12:00,18:12:30,,6173,하행,2025-05-01T05:00:00,,주말
6호선,2648,봉화산,647,,20250619,6호선,2611,응암,610,N,6호선,6194,2627,공덕,626,N,18:13:50,18:14:30,,6173,하행,2025-05-01T05:00:00,,주말
6호선,2648,봉화산,647,,20250619,6호선,2611,응암,610,N,6호선,6194,2628,효창공원앞,627,N,18:15:50,18:16:20,,6173,하행,2025-05-01T05:00:00,,주말
6호선,2648,봉화산,647,,20250619,6호선,2611,응암,610,N,6호선,6194,2629,삼각지,628,N,18:17:50,18:18:20,,6173,하행,2025-05-01T05:00:00,,주말
6호선,2648,봉화산,647,,20250619,6호선,2611,응암,610,N,6호선,6194,2630,녹사평,629,N,18:20:00,18:20:20,,6173,하행,2025-05-01T05:00:00,,주말
6호선,2648,봉화산,647,,20250619,6호선,2611,응암,610,N,6호선,6194,2631,이태원,630,N,18:21:30,18:22:00,,6173,하행,2025-05-01T05:00:00,,주말
6호선,2648,봉화산,647,,20250619,6호선,2611,응암,610,N,6호선,6194,2632,한강진,631,N,18:23:30,18:23:50,,6173,하행,2025-05-01T05:00:00,,주말
6호선,2648,봉화산,647,,20250619,6호선,2611,응암,610,N,6호선,6194,2633,버티고개,632,N,18:25:20,18:25:40,,6173,하행,2025-05-01T05:00:00,,주말
6호선,2648,봉화산,647,,20250619,6호선,2611,응암,610,N,6호선,6194,2634,약수,633,N,18:26:50,18:27:30,,6173,하행,2025-05-01T05:00:00,,주말
6호선,2648,봉화산,647,,20250619,6호선,2611,응암,610,N,6호선,6194,2635,청구,634,N,18:28:40,18:29:10,,6173,하행,2025-05-01T05:00:00,,주말
6호선,2648,봉화산,647,,20250619,6호선,2611,응암,610,N,6호선,6194,2636,신당,635,N,18:30:20,18:30:50,,6173,하행,2025-05-01T05:00:00,,주말
6호선,2648,봉화산,647,,20250619,6호선,2611,응암,610,N,6호선,6194,2637,동묘앞,636,N,18:31:50,18:32:20,,6173,하행,2025-05-01T05:00:00,,주말
6호선,2648,봉화산,647,,20250619,6호선,2611,응암,610,N,6호선,6194,2638,창신,637,N,18:33:40,18:34:10,,6173,하행,2025-05-01T05:00:00,,주말
6호선,2648,봉화산,647,,20250619,6호선,2611,응암,610,N,6호선,6194,2639,보문,638,N,18:35:20,18:35:50,,6173,하행,2025-05-01T05:00:00,,주말
6호선,2648,봉화산,647,,20250619,6호선,2611,응암,610,N,6호선,6194,2640,안암,639,N,18:37:00,18:37:30,,6173,하행,2025-05-01T05:00:00,,주말
6호선,2648,봉화산,647,,20250619,6호선,2611,응암,610,N,6호선,6194,2641,고려대,640,N,18:38:40,18:39:10,,6173,하행,2025-05-01T05:00:00,,주말
6호선,2648,봉화산,647,,20250619,6호선,2611,응암,610,N,6호선,6194,2642,월곡,641,N,18:40:50,18:41:20,,6173,하행,2025-05-01T05:00:00,,주말
6호선,2648,봉화산,647,,20250619,6호선,2611,응암,610,N,6호선,6194,2643,상월곡,642,N,18:42:30,18:43:00,,6173,하행,2025-05-01T05:00:00,,주말
6호선,2648,봉화산,647,,20250619,6호선,2611,응암,610,N,6호선,6194,2644,돌곶이,643,N,18:44:10,18:44:30,,6173,하행,2025-05-01T05:00:00,,주말
6호선,2648,봉화산,647,,20250619,6호선,2611,응암,610,N,6호선,6194,2645,석계,644,N,18:45:50,18:46:30,,6173,하행,2025-05-01T05:00:00,,주말
6호선,2648,봉화산,647,,20250619,6호선,2611,응암,610,N,6호선,6194,2646,태릉입구,645,N,18:47:40,18:48:10,,6173,하행,2025-05-01T05:00:00,,주말
6호선,2648,봉화산,647,,20250619,6호선,2611,응암,610,N,6호선,6194,2647,화랑대,646,N,18:49:20,18:49:50,,6173,하행,2025-05-01T05:00:00,,주말
6호선,2648,봉화산,647,,20250619,6호선,2611,응암,610,N,6호선,6194,2648,봉화산,647,N,18:51:10,,,6173,하행,2025-05-01T05:00:00,,주말
6호선,2649,신내,648,,20250619,6호선,2611,응암,610,N,6호선,6198,2611,응암,610,N,,17:51:00,,6175,하행,2025-05-01T05:00:00,,주말
6호선,2649,신내,648,,20250619,6호선,2611,응암,610,N,6호선,6198,2612,역촌,611,N,17:52:40,17:53:00,,6175,하행,2025-05-01T05:00:00,,주말
6호선,2649,신내,648,,20250619,6호선,2611,응암,610,N,6호선,6198,2613,불광,612,N,17:54:20,17:54:50,,6175,하행,2025-05-01T05:00:00,,주말
6호선,2649,신내,648,,20250619,6호선,2611,응암,610,N,6호선,6198,2614,독바위,613,N,17:56:10,17:56:30,,6175,하행,2025-05-01T05:00:00,,주말
6호선,2649,신내,648,,20250619,6호선,2611,응암,610,N,6호선,6198,2615,연신내,614,N,17:58:40,17:59:20,,6175,하행,2025-05-01T05:00:00,,주말
6호선,2649,신내,648,,20250619,6호선,2611,응암,610,N,6호선,6198,2616,구산,615,N,18:00:40,18:01:10,,6175,하행,2025-05-01T05:00:00,,주말
6호선,2649,신내,648,,20250619,6호선,2611,응암,610,N,6호선,6198,2611,응암,610,N,18:03:10,18:03:40,,6175,하행,2025-05-01T05:00:00,,주말
6호선,2649,신내,648,,20250619,6호선,2611,응암,610,N,6호선,6198,2617,새절,616,N,18:05:00,18:05:30,,6175,하행,2025-05-01T05:00:00,,주말
6호선,2649,신내,648,,20250619,6호선,2611,응암,610,N,6호선,6198,2618,증산,617,N,18:06:50,18:07:10,,6175,하행,2025-05-01T05:00:00,,주말
6호선,2649,신내,648,,20250619,6호선,2611,응암,610,N,6호선,6198,2619,디지털미디어시티,618,N,18:08:30,18:09:10,,6175,하행,2025-05-01T05:00:00,,주말
6호선,2649,신내,648,,20250619,6호선,2611,응암,610,N,6호선,6198,2620,월드컵경기장,619,N,18:10:20,18:10:50,,6175,하행,2025-05-01T05:00:00,,주말
6호선,2649,신내,648,,20250619,6호선,2611,응암,610,N,6호선,6198,2621,마포구청,620,N,18:12:00,18:12:30,,6175,하행,2025-05-01T05:00:00,,주말
6호선,2649,신내,648,,20250619,6호선,2611,응암,610,N,6호선,6198,2622,망원,621,N,18:13:50,18:14:20,,6175,하행,2025-05-01T05:00:00,,주말
6호선,2649,신내,648,,20250619,6호선,2611,응암,610,N,6호선,6198,2623,합정,622,N,18:15:40,18:16:20,,6175,하행,2025-05-01T05:00:00,,주말
6호선,2649,신내,648,,20250619,6호선,2611,응암,610,N,6호선,6198,2624,상수,623,N,18:17:30,18:17:50,,6175,하행,2025-05-01T05:00:00,,주말
6호선,2649,신내,648,,20250619,6호선,2611,응암,610,N,6호선,6198,2625,광흥창,624,N,18:19:00,18:19:30,,6175,하행,2025-05-01T05:00:00,,주말
6호선,2649,신내,648,,20250619,6호선,2611,응암,610,N,6호선,6198,2626,대흥,625,N,18:21:00,18:21:30,,6175,하행,2025-05-01T05:00:00,,주말
6호선,2649,신내,648,,20250619,6호선,2611,응암,610,N,6호선,6198,2627,공덕,626,N,18:22:50,18:23:30,,6175,하행,2025-05-01T05:00:00,,주말
6호선,2649,신내,648,,20250619,6호선,2611,응암,610,N,6호선,6198,2628,효창공원앞,627,N,18:24:50,18:25:20,,6175,하행,2025-05-01T05:00:00,,주말
6호선,2649,신내,648,,20250619,6호선,2611,응암,610,N,6호선,6198,2629,삼각지,628,N,18:26:50,18:27:20,,6175,하행,2025-05-01T05:00:00,,주말
6호선,2649,신내,648,,20250619,6호선,2611,응암,610,N,6호선,6198,2630,녹사평,629,N,18:29:00,18:29:20,,6175,하행,2025-05-01T05:00:00,,주말
6호선,2649,신내,648,,20250619,6호선,2611,응암,610,N,6호선,6198,2631,이태원,630,N,18:30:30,18:31:00,,6175,하행,2025-05-01T05:00:00,,주말
6호선,2649,신내,648,,20250619,6호선,2611,응암,610,N,6호선,6198,2632,한강진,631,N,18:32:30,18:32:50,,6175,하행,2025-05-01T05:00:00,,주말
6호선,2649,신내,648,,20250619,6호선,2611,응암,610,N,6호선,6198,2633,버티고개,632,N,18:34:20,18:34:40,,6175,하행,2025-05-01T05:00:00,,주말
6호선,2649,신내,648,,20250619,6호선,2611,응암,610,N,6호선,6198,2634,약수,633,N,18:35:50,18:36:30,,6175,하행,2025-05-01T05:00:00,,주말
6호선,2649,신내,648,,20250619,6호선,2611,응암,610,N,6호선,6198,2635,청구,634,N,18:37:40,18:38:10,,6175,하행,2025-05-01T05:00:00,,주말
6호선,2649,신내,648,,20250619,6호선,2611,응암,610,N,6호선,6198,2636,신당,635,N,18:39:20,18:39:50,,6175,하행,2025-05-01T05:00:00,,주말
6호선,2649,신내,648,,20250619,6호선,2611,응암,610,N,6호선,6198,2637,동묘앞,636,N,18:40:50,18:41:20,,6175,하행,2025-05-01T05:00:00,,주말
6호선,2649,신내,648,,20250619,6호선,2611,응암,610,N,6호선,6198,2638,창신,637,N,18:42:40,18:43:10,,6175,하행,2025-05-01T05:00:00,,주말
6호선,2649,신내,648,,20250619,6호선,2611,응암,610,N,6호선,6198,2639,보문,638,N,18:44:20,18:44:50,,6175,하행,2025-05-01T05:00:00,,주말
6호선,2649,신내,648,,20250619,6호선,2611,응암,610,N,6호선,6198,2640,안암,639,N,18:46:00,18:46:30,,6175,하행,2025-05-01T05:00:00,,주말
6호선,2649,신내,648,,20250619,6호선,2611,응암,610,N,6호선,6198,2641,고려대,640,N,18:47:40,18:48:10,,6175,하행,2025-05-01T05:00:00,,주말
6호선,2649,신내,648,,20250619,6호선,2611,응암,610,N,6호선,6198,2642,월곡,641,N,18:49:50,18:50:20,,6175,하행,2025-05-01T05:00:00,,주말
6호선,2649,신내,648,,20250619,6호선,2611,응암,610,N,6호선,6198,2643,상월곡,642,N,18:51:30,18:52:00,,6175,하행,2025-05-01T05:00:00,,주말
6호선,2649,신내,648,,20250619,6호선,2611,응암,610,N,6호선,6198,2644,돌곶이,643,N,18:53:10,18:53:30,,6175,하행,2025-05-01T05:00:00,,주말
6호선,2649,신내,648,,20250619,6호선,2611,응암,610,N,6호선,6198,2645,석계,644,N,18:54:50,18:55:30,,6175,하행,2025-05-01T05:00:00,,주말
6호선,2649,신내,648,,20250619,6호선,2611,응암,610,N,6호선,6198,2646,태릉입구,645,N,18:56:40,18:57:10,,6175,하행,2025-05-01T05:00:00,,주말
6호선,2649,신내,648,,20250619,6호선,2611,응암,610,N,6호선,6198,2647,화랑대,646,N,18:58:20,18:58:50,,6175,하행,2025-05-01T05:00:00,,주말
6호선,2649,신내,648,,20250619,6호선,2611,응암,610,N,6호선,6198,2648,봉화산,647,N,19:00:10,19:00:40,,6175,하행,2025-05-01T05:00:00,,주말
6호선,2649,신내,648,,20250619,6호선,2611,응암,610,N,6호선,6198,2649,신내,648,N,19:05:10,,,6175,하행,2025-05-01T05:00:00,,주말
6호선,2648,봉화산,647,,20250619,6호선,2611,응암,610,N,6호선,6196,2611,응암,610,N,,18:00:00,,6177,하행,2025-05-01T05:00:00,,주말
6호선,2648,봉화산,647,,20250619,6호선,2611,응암,610,N,6호선,6196,2612,역촌,611,N,18:01:40,18:02:00,,6177,하행,2025-05-01T05:00:00,,주말
6호선,2648,봉화산,647,,20250619,6호선,2611,응암,610,N,6호선,6196,2613,불광,612,N,18:03:20,18:03:50,,6177,하행,2025-05-01T05:00:00,,주말
6호선,2648,봉화산,647,,20250619,6호선,2611,응암,610,N,6호선,6196,2614,독바위,613,N,18:05:10,18:05:30,,6177,하행,2025-05-01T05:00:00,,주말
6호선,2648,봉화산,647,,20250619,6호선,2611,응암,610,N,6호선,6196,2615,연신내,614,N,18:07:40,18:08:20,,6177,하행,2025-05-01T05:00:00,,주말
6호선,2648,봉화산,647,,20250619,6호선,2611,응암,610,N,6호선,6196,2616,구산,615,N,18:09:40,18:10:10,,6177,하행,2025-05-01T05:00:00,,주말
6호선,2648,봉화산,647,,20250619,6호선,2611,응암,610,N,6호선,6196,2611,응암,610,N,18:12:10,18:12:40,,6177,하행,2025-05-01T05:00:00,,주말
6호선,2648,봉화산,647,,20250619,6호선,2611,응암,610,N,6호선,6196,2617,새절,616,N,18:14:00,18:14:30,,6177,하행,2025-05-01T05:00:00,,주말
6호선,2648,봉화산,647,,20250619,6호선,2611,응암,610,N,6호선,6196,2618,증산,617,N,18:15:50,18:16:10,,6177,하행,2025-05-01T05:00:00,,주말
6호선,2648,봉화산,647,,20250619,6호선,2611,응암,610,N,6호선,6196,2619,디지털미디어시티,618,N,18:17:30,18:18:10,,6177,하행,2025-05-01T05:00:00,,주말
6호선,2648,봉화산,647,,20250619,6호선,2611,응암,610,N,6호선,6196,2620,월드컵경기장,619,N,18:19:20,18:19:50,,6177,하행,2025-05-01T05:00:00,,주말
6호선,2648,봉화산,647,,20250619,6호선,2611,응암,610,N,6호선,6196,2621,마포구청,620,N,18:21:00,18:21:30,,6177,하행,2025-05-01T05:00:00,,주말
6호선,2648,봉화산,647,,20250619,6호선,2611,응암,610,N,6호선,6196,2622,망원,621,N,18:22:50,18:23:20,,6177,하행,2025-05-01T05:00:00,,주말
6호선,2648,봉화산,647,,20250619,6호선,2611,응암,610,N,6호선,6196,2623,합정,622,N,18:24:40,18:25:20,,6177,하행,2025-05-01T05:00:00,,주말
6호선,2648,봉화산,647,,20250619,6호선,2611,응암,610,N,6호선,6196,2624,상수,623,N,18:26:30,18:26:50,,6177,하행,2025-05-01T05:00:00,,주말
6호선,2648,봉화산,647,,20250619,6호선,2611,응암,610,N,6호선,6196,2625,광흥창,624,N,18:28:00,18:28:30,,6177,하행,2025-05-01T05:00:00,,주말
6호선,2648,봉화산,647,,20250619,6호선,2611,응암,610,N,6호선,6196,2626,대흥,625,N,18:30:00,18:30:30,,6177,하행,2025-05-01T05:00:00,,주말
6호선,2648,봉화산,647,,20250619,6호선,2611,응암,610,N,6호선,6196,2627,공덕,626,N,18:31:50,18:32:30,,6177,하행,2025-05-01T05:00:00,,주말
6호선,2648,봉화산,647,,20250619,6호선,2611,응암,610,N,6호선,6196,2628,효창공원앞,627,N,18:33:50,18:34:20,,6177,하행,2025-05-01T05:00:00,,주말
6호선,2648,봉화산,647,,20250619,6호선,2611,응암,610,N,6호선,6196,2629,삼각지,628,N,18:35:50,18:36:20,,6177,하행,2025-05-01T05:00:00,,주말
6호선,2648,봉화산,647,,20250619,6호선,2611,응암,610,N,6호선,6196,2630,녹사평,629,N,18:38:00,18:38:20,,6177,하행,2025-05-01T05:00:00,,주말
6호선,2648,봉화산,647,,20250619,6호선,2611,응암,610,N,6호선,6196,2631,이태원,630,N,18:39:30,18:40:00,,6177,하행,2025-05-01T05:00:00,,주말
6호선,2648,봉화산,647,,20250619,6호선,2611,응암,610,N,6호선,6196,2632,한강진,631,N,18:41:30,18:41:50,,6177,하행,2025-05-01T05:00:00,,주말
6호선,2648,봉화산,647,,20250619,6호선,2611,응암,610,N,6호선,6196,2633,버티고개,632,N,18:43:20,18:43:40,,6177,하행,2025-05-01T05:00:00,,주말
6호선,2648,봉화산,647,,20250619,6호선,2611,응암,610,N,6호선,6196,2634,약수,633,N,18:44:50,18:45:30,,6177,하행,2025-05-01T05:00:00,,주말
6호선,2648,봉화산,647,,20250619,6호선,2611,응암,610,N,6호선,6196,2635,청구,634,N,18:46:40,18:47:10,,6177,하행,2025-05-01T05:00:00,,주말
6호선,2648,봉화산,647,,20250619,6호선,2611,응암,610,N,6호선,6196,2636,신당,635,N,18:48:20,18:48:50,,6177,하행,2025-05-01T05:00:00,,주말
6호선,2648,봉화산,647,,20250619,6호선,2611,응암,610,N,6호선,6196,2637,동묘앞,636,N,18:49:50,18:50:20,,6177,하행,2025-05-01T05:00:00,,주말
6호선,2648,봉화산,647,,20250619,6호선,2611,응암,610,N,6호선,6196,2638,창신,637,N,18:51:40,18:52:10,,6177,하행,2025-05-01T05:00:00,,주말
6호선,2648,봉화산,647,,20250619,6호선,2611,응암,610,N,6호선,6196,2639,보문,638,N,18:53:20,18:53:50,,6177,하행,2025-05-01T05:00:00,,주말
6호선,2648,봉화산,647,,20250619,6호선,2611,응암,610,N,6호선,6196,2640,안암,639,N,18:55:00,18:55:30,,6177,하행,2025-05-01T05:00:00,,주말
6호선,2648,봉화산,647,,20250619,6호선,2611,응암,610,N,6호선,6196,2641,고려대,640,N,18:56:40,18:57:10,,6177,하행,2025-05-01T05:00:00,,주말
6호선,2648,봉화산,647,,20250619,6호선,2611,응암,610,N,6호선,6196,2642,월곡,641,N,18:58:50,18:59:20,,6177,하행,2025-05-01T05:00:00,,주말
6호선,2648,봉화산,647,,20250619,6호선,2611,응암,610,N,6호선,6196,2643,상월곡,642,N,19:00:30,19:01:00,,6177,하행,2025-05-01T05:00:00,,주말
6호선,2648,봉화산,647,,20250619,6호선,2611,응암,610,N,6호선,6196,2644,돌곶이,643,N,19:02:10,19:02:30,,6177,하행,2025-05-01T05:00:00,,주말
6호선,2648,봉화산,647,,20250619,6호선,2611,응암,610,N,6호선,6196,2645,석계,644,N,19:03:50,19:04:30,,6177,하행,2025-05-01T05:00:00,,주말
6호선,2648,봉화산,647,,20250619,6호선,2611,응암,610,N,6호선,6196,2646,태릉입구,645,N,19:05:40,19:06:10,,6177,하행,2025-05-01T05:00:00,,주말
6호선,2648,봉화산,647,,20250619,6호선,2611,응암,610,N,6호선,6196,2647,화랑대,646,N,19:07:20,19:07:50,,6177,하행,2025-05-01T05:00:00,,주말
6호선,2648,봉화산,647,,20250619,6호선,2611,응암,610,N,6호선,6196,2648,봉화산,647,N,19:09:10,,,6177,하행,2025-05-01T05:00:00,,주말
6호선,2648,봉화산,647,,20250619,6호선,2611,응암,610,N,6호선,6200,2611,응암,610,N,,18:09:00,,6179,하행,2025-05-01T05:00:00,,주말
6호선,2648,봉화산,647,,20250619,6호선,2611,응암,610,N,6호선,6200,2612,역촌,611,N,18:10:40,18:11:00,,6179,하행,2025-05-01T05:00:00,,주말
6호선,2648,봉화산,647,,20250619,6호선,2611,응암,610,N,6호선,6200,2613,불광,612,N,18:12:20,18:12:50,,6179,하행,2025-05-01T05:00:00,,주말
6호선,2648,봉화산,647,,20250619,6호선,2611,응암,610,N,6호선,6200,2614,독바위,613,N,18:14:10,18:14:30,,6179,하행,2025-05-01T05:00:00,,주말
6호선,2648,봉화산,647,,20250619,6호선,2611,응암,610,N,6호선,6200,2615,연신내,614,N,18:16:40,18:17:20,,6179,하행,2025-05-01T05:00:00,,주말
6호선,2648,봉화산,647,,20250619,6호선,2611,응암,610,N,6호선,6200,2616,구산,615,N,18:18:40,18:19:10,,6179,하행,2025-05-01T05:00:00,,주말
6호선,2648,봉화산,647,,20250619,6호선,2611,응암,610,N,6호선,6200,2611,응암,610,N,18:21:10,18:21:40,,6179,하행,2025-05-01T05:00:00,,주말
6호선,2648,봉화산,647,,20250619,6호선,2611,응암,610,N,6호선,6200,2617,새절,616,N,18:23:00,18:23:30,,6179,하행,2025-05-01T05:00:00,,주말
6호선,2648,봉화산,647,,20250619,6호선,2611,응암,610,N,6호선,6200,2618,증산,617,N,18:24:50,18:25:10,,6179,하행,2025-05-01T05:00:00,,주말
6호선,2648,봉화산,647,,20250619,6호선,2611,응암,610,N,6호선,6200,2619,디지털미디어시티,618,N,18:26:30,18:27:10,,6179,하행,2025-05-01T05:00:00,,주말
6호선,2648,봉화산,647,,20250619,6호선,2611,응암,610,N,6호선,6200,2620,월드컵경기장,619,N,18:28:20,18:28:50,,6179,하행,2025-05-01T05:00:00,,주말
6호선,2648,봉화산,647,,20250619,6호선,2611,응암,610,N,6호선,6200,2621,마포구청,620,N,18:30:00,18:30:30,,6179,하행,2025-05-01T05:00:00,,주말
6호선,2648,봉화산,647,,20250619,6호선,2611,응암,610,N,6호선,6200,2622,망원,621,N,18:31:50,18:32:20,,6179,하행,2025-05-01T05:00:00,,주말
6호선,2648,봉화산,647,,20250619,6호선,2611,응암,610,N,6호선,6200,2623,합정,622,N,18:33:40,18:34:20,,6179,하행,2025-05-01T05:00:00,,주말
6호선,2648,봉화산,647,,20250619,6호선,2611,응암,610,N,6호선,6200,2624,상수,623,N,18:35:30,18:35:50,,6179,하행,2025-05-01T05:00:00,,주말
6호선,2648,봉화산,647,,20250619,6호선,2611,응암,610,N,6호선,6200,2625,광흥창,624,N,18:37:00,18:37:30,,6179,하행,2025-05-01T05:00:00,,주말
6호선,2648,봉화산,647,,20250619,6호선,2611,응암,610,N,6호선,6200,2626,대흥,625,N,18:39:00,18:39:30,,6179,하행,2025-05-01T05:00:00,,주말
6호선,2648,봉화산,647,,20250619,6호선,2611,응암,610,N,6호선,6200,2627,공덕,626,N,18:40:50,18:41:30,,6179,하행,2025-05-01T05:00:00,,주말
6호선,2648,봉화산,647,,20250619,6호선,2611,응암,610,N,6호선,6200,2628,효창공원앞,627,N,18:42:50,18:43:20,,6179,하행,2025-05-01T05:00:00,,주말
6호선,2648,봉화산,647,,20250619,6호선,2611,응암,610,N,6호선,6200,2629,삼각지,628,N,18:44:50,18:45:20,,6179,하행,2025-05-01T05:00:00,,주말
6호선,2648,봉화산,647,,20250619,6호선,2611,응암,610,N,6호선,6200,2630,녹사평,629,N,18:47:00,18:47:20,,6179,하행,2025-05-01T05:00:00,,주말
6호선,2648,봉화산,647,,20250619,6호선,2611,응암,610,N,6호선,6200,2631,이태원,630,N,18:48:30,18:49:00,,6179,하행,2025-05-01T05:00:00,,주말
6호선,2648,봉화산,647,,20250619,6호선,2611,응암,610,N,6호선,6200,2632,한강진,631,N,18:50:30,18:50:50,,6179,하행,2025-05-01T05:00:00,,주말
6호선,2648,봉화산,647,,20250619,6호선,2611,응암,610,N,6호선,6200,2633,버티고개,632,N,18:52:20,18:52:40,,6179,하행,2025-05-01T05:00:00,,주말
6호선,2648,봉화산,647,,20250619,6호선,2611,응암,610,N,6호선,6200,2634,약수,633,N,18:53:50,18:54:30,,6179,하행,2025-05-01T05:00:00,,주말
6호선,2648,봉화산,647,,20250619,6호선,2611,응암,610,N,6호선,6200,2635,청구,634,N,18:55:40,18:56:10,,6179,하행,2025-05-01T05:00:00,,주말
6호선,2648,봉화산,647,,20250619,6호선,2611,응암,610,N,6호선,6200,2636,신당,635,N,18:57:20,18:57:50,,6179,하행,2025-05-01T05:00:00,,주말
6호선,2648,봉화산,647,,20250619,6호선,2611,응암,610,N,6호선,6200,2637,동묘앞,636,N,18:58:50,18:59:20,,6179,하행,2025-05-01T05:00:00,,주말
6호선,2648,봉화산,647,,20250619,6호선,2611,응암,610,N,6호선,6200,2638,창신,637,N,19:00:40,19:01:10,,6179,하행,2025-05-01T05:00:00,,주말
6호선,2648,봉화산,647,,20250619,6호선,2611,응암,610,N,6호선,6200,2639,보문,638,N,19:02:20,19:02:50,,6179,하행,2025-05-01T05:00:00,,주말
6호선,2648,봉화산,647,,20250619,6호선,2611,응암,610,N,6호선,6200,2640,안암,639,N,19:04:00,19:04:30,,6179,하행,2025-05-01T05:00:00,,주말
6호선,2648,봉화산,647,,20250619,6호선,2611,응암,610,N,6호선,6200,2641,고려대,640,N,19:05:40,19:06:10,,6179,하행,2025-05-01T05:00:00,,주말
6호선,2648,봉화산,647,,20250619,6호선,2611,응암,610,N,6호선,6200,2642,월곡,641,N,19:07:50,19:08:20,,6179,하행,2025-05-01T05:00:00,,주말
6호선,2648,봉화산,647,,20250619,6호선,2611,응암,610,N,6호선,6200,2643,상월곡,642,N,19:09:30,19:10:00,,6179,하행,2025-05-01T05:00:00,,주말
6호선,2648,봉화산,647,,20250619,6호선,2611,응암,610,N,6호선,6200,2644,돌곶이,643,N,19:11:10,19:11:30,,6179,하행,2025-05-01T05:00:00,,주말
6호선,2648,봉화산,647,,20250619,6호선,2611,응암,610,N,6호선,6200,2645,석계,644,N,19:12:50,19:13:30,,6179,하행,2025-05-01T05:00:00,,주말
6호선,2648,봉화산,647,,20250619,6호선,2611,응암,610,N,6호선,6200,2646,태릉입구,645,N,19:14:40,19:15:10,,6179,하행,2025-05-01T05:00:00,,주말
6호선,2648,봉화산,647,,20250619,6호선,2611,응암,610,N,6호선,6200,2647,화랑대,646,N,19:16:20,19:16:50,,6179,하행,2025-05-01T05:00:00,,주말
6호선,2648,봉화산,647,,20250619,6호선,2611,응암,610,N,6호선,6200,2648,봉화산,647,N,19:18:10,,,6179,하행,2025-05-01T05:00:00,,주말
6호선,2649,신내,648,,20250619,6호선,2611,응암,610,N,6호선,6204,2611,응암,610,N,,18:18:00,,6181,하행,2025-05-01T05:00:00,,주말
6호선,2649,신내,648,,20250619,6호선,2611,응암,610,N,6호선,6204,2612,역촌,611,N,18:19:40,18:20:00,,6181,하행,2025-05-01T05:00:00,,주말
6호선,2649,신내,648,,20250619,6호선,2611,응암,610,N,6호선,6204,2613,불광,612,N,18:21:20,18:21:50,,6181,하행,2025-05-01T05:00:00,,주말
6호선,2649,신내,648,,20250619,6호선,2611,응암,610,N,6호선,6204,2614,독바위,613,N,18:23:10,18:23:30,,6181,하행,2025-05-01T05:00:00,,주말
6호선,2649,신내,648,,20250619,6호선,2611,응암,610,N,6호선,6204,2615,연신내,614,N,18:25:40,18:26:20,,6181,하행,2025-05-01T05:00:00,,주말
6호선,2649,신내,648,,20250619,6호선,2611,응암,610,N,6호선,6204,2616,구산,615,N,18:27:40,18:28:10,,6181,하행,2025-05-01T05:00:00,,주말
6호선,2649,신내,648,,20250619,6호선,2611,응암,610,N,6호선,6204,2611,응암,610,N,18:30:10,18:30:40,,6181,하행,2025-05-01T05:00:00,,주말
6호선,2649,신내,648,,20250619,6호선,2611,응암,610,N,6호선,6204,2617,새절,616,N,18:32:00,18:32:30,,6181,하행,2025-05-01T05:00:00,,주말
6호선,2649,신내,648,,20250619,6호선,2611,응암,610,N,6호선,6204,2618,증산,617,N,18:33:50,18:34:10,,6181,하행,2025-05-01T05:00:00,,주말
6호선,2649,신내,648,,20250619,6호선,2611,응암,610,N,6호선,6204,2619,디지털미디어시티,618,N,18:35:30,18:36:10,,6181,하행,2025-05-01T05:00:00,,주말
6호선,2649,신내,648,,20250619,6호선,2611,응암,610,N,6호선,6204,2620,월드컵경기장,619,N,18:37:20,18:37:50,,6181,하행,2025-05-01T05:00:00,,주말
6호선,2649,신내,648,,20250619,6호선,2611,응암,610,N,6호선,6204,2621,마포구청,620,N,18:39:00,18:39:30,,6181,하행,2025-05-01T05:00:00,,주말
6호선,2649,신내,648,,20250619,6호선,2611,응암,610,N,6호선,6204,2622,망원,621,N,18:40:50,18:41:20,,6181,하행,2025-05-01T05:00:00,,주말
6호선,2649,신내,648,,20250619,6호선,2611,응암,610,N,6호선,6204,2623,합정,622,N,18:42:40,18:43:20,,6181,하행,2025-05-01T05:00:00,,주말
6호선,2649,신내,648,,20250619,6호선,2611,응암,610,N,6호선,6204,2624,상수,623,N,18:44:30,18:44:50,,6181,하행,2025-05-01T05:00:00,,주말
6호선,2649,신내,648,,20250619,6호선,2611,응암,610,N,6호선,6204,2625,광흥창,624,N,18:46:00,18:46:30,,6181,하행,2025-05-01T05:00:00,,주말
6호선,2649,신내,648,,20250619,6호선,2611,응암,610,N,6호선,6204,2626,대흥,625,N,18:48:00,18:48:30,,6181,하행,2025-05-01T05:00:00,,주말
6호선,2649,신내,648,,20250619,6호선,2611,응암,610,N,6호선,6204,2627,공덕,626,N,18:49:50,18:50:30,,6181,하행,2025-05-01T05:00:00,,주말
6호선,2649,신내,648,,20250619,6호선,2611,응암,610,N,6호선,6204,2628,효창공원앞,627,N,18:51:50,18:52:20,,6181,하행,2025-05-01T05:00:00,,주말
6호선,2649,신내,648,,20250619,6호선,2611,응암,610,N,6호선,6204,2629,삼각지,628,N,18:53:50,18:54:20,,6181,하행,2025-05-01T05:00:00,,주말
6호선,2649,신내,648,,20250619,6호선,2611,응암,610,N,6호선,6204,2630,녹사평,629,N,18:56:00,18:56:20,,6181,하행,2025-05-01T05:00:00,,주말
6호선,2649,신내,648,,20250619,6호선,2611,응암,610,N,6호선,6204,2631,이태원,630,N,18:57:30,18:58:00,,6181,하행,2025-05-01T05:00:00,,주말
6호선,2649,신내,648,,20250619,6호선,2611,응암,610,N,6호선,6204,2632,한강진,631,N,18:59:30,18:59:50,,6181,하행,2025-05-01T05:00:00,,주말
6호선,2649,신내,648,,20250619,6호선,2611,응암,610,N,6호선,6204,2633,버티고개,632,N,19:01:20,19:01:40,,6181,하행,2025-05-01T05:00:00,,주말
6호선,2649,신내,648,,20250619,6호선,2611,응암,610,N,6호선,6204,2634,약수,633,N,19:02:50,19:03:30,,6181,하행,2025-05-01T05:00:00,,주말
6호선,2649,신내,648,,20250619,6호선,2611,응암,610,N,6호선,6204,2635,청구,634,N,19:04:40,19:05:10,,6181,하행,2025-05-01T05:00:00,,주말
6호선,2649,신내,648,,20250619,6호선,2611,응암,610,N,6호선,6204,2636,신당,635,N,19:06:20,19:06:50,,6181,하행,2025-05-01T05:00:00,,주말
6호선,2649,신내,648,,20250619,6호선,2611,응암,610,N,6호선,6204,2637,동묘앞,636,N,19:07:50,19:08:20,,6181,하행,2025-05-01T05:00:00,,주말
6호선,2649,신내,648,,20250619,6호선,2611,응암,610,N,6호선,6204,2638,창신,637,N,19:09:40,19:10:10,,6181,하행,2025-05-01T05:00:00,,주말
6호선,2649,신내,648,,20250619,6호선,2611,응암,610,N,6호선,6204,2639,보문,638,N,19:11:20,19:11:50,,6181,하행,2025-05-01T05:00:00,,주말
6호선,2649,신내,648,,20250619,6호선,2611,응암,610,N,6호선,6204,2640,안암,639,N,19:13:00,19:13:30,,6181,하행,2025-05-01T05:00:00,,주말
6호선,2649,신내,648,,20250619,6호선,2611,응암,610,N,6호선,6204,2641,고려대,640,N,19:14:40,19:15:10,,6181,하행,2025-05-01T05:00:00,,주말
6호선,2649,신내,648,,20250619,6호선,2611,응암,610,N,6호선,6204,2642,월곡,641,N,19:16:50,19:17:20,,6181,하행,2025-05-01T05:00:00,,주말
6호선,2649,신내,648,,20250619,6호선,2611,응암,610,N,6호선,6204,2643,상월곡,642,N,19:18:30,19:19:00,,6181,하행,2025-05-01T05:00:00,,주말
6호선,2649,신내,648,,20250619,6호선,2611,응암,610,N,6호선,6204,2644,돌곶이,643,N,19:20:10,19:20:30,,6181,하행,2025-05-01T05:00:00,,주말
6호선,2649,신내,648,,20250619,6호선,2611,응암,610,N,6호선,6204,2645,석계,644,N,19:21:50,19:22:30,,6181,하행,2025-05-01T05:00:00,,주말
6호선,2649,신내,648,,20250619,6호선,2611,응암,610,N,6호선,6204,2646,태릉입구,645,N,19:23:40,19:24:10,,6181,하행,2025-05-01T05:00:00,,주말
6호선,2649,신내,648,,20250619,6호선,2611,응암,610,N,6호선,6204,2647,화랑대,646,N,19:25:20,19:25:50,,6181,하행,2025-05-01T05:00:00,,주말
6호선,2649,신내,648,,20250619,6호선,2611,응암,610,N,6호선,6204,2648,봉화산,647,N,19:27:10,19:27:40,,6181,하행,2025-05-01T05:00:00,,주말
6호선,2649,신내,648,,20250619,6호선,2611,응암,610,N,6호선,6204,2649,신내,648,N,19:32:10,,,6181,하행,2025-05-01T05:00:00,,주말
6호선,2648,봉화산,647,,20250619,6호선,2611,응암,610,N,6호선,6202,2611,응암,610,N,,18:27:00,,6183,하행,2025-05-01T05:00:00,,주말
6호선,2648,봉화산,647,,20250619,6호선,2611,응암,610,N,6호선,6202,2612,역촌,611,N,18:28:40,18:29:00,,6183,하행,2025-05-01T05:00:00,,주말
6호선,2648,봉화산,647,,20250619,6호선,2611,응암,610,N,6호선,6202,2613,불광,612,N,18:30:20,18:30:50,,6183,하행,2025-05-01T05:00:00,,주말
6호선,2648,봉화산,647,,20250619,6호선,2611,응암,610,N,6호선,6202,2614,독바위,613,N,18:32:10,18:32:30,,6183,하행,2025-05-01T05:00:00,,주말
6호선,2648,봉화산,647,,20250619,6호선,2611,응암,610,N,6호선,6202,2615,연신내,614,N,18:34:40,18:35:20,,6183,하행,2025-05-01T05:00:00,,주말
6호선,2648,봉화산,647,,20250619,6호선,2611,응암,610,N,6호선,6202,2616,구산,615,N,18:36:40,18:37:10,,6183,하행,2025-05-01T05:00:00,,주말
6호선,2648,봉화산,647,,20250619,6호선,2611,응암,610,N,6호선,6202,2611,응암,610,N,18:39:10,18:39:40,,6183,하행,2025-05-01T05:00:00,,주말
6호선,2648,봉화산,647,,20250619,6호선,2611,응암,610,N,6호선,6202,2617,새절,616,N,18:41:00,18:41:30,,6183,하행,2025-05-01T05:00:00,,주말
6호선,2648,봉화산,647,,20250619,6호선,2611,응암,610,N,6호선,6202,2618,증산,617,N,18:42:50,18:43:10,,6183,하행,2025-05-01T05:00:00,,주말
6호선,2648,봉화산,647,,20250619,6호선,2611,응암,610,N,6호선,6202,2619,디지털미디어시티,618,N,18:44:30,18:45:10,,6183,하행,2025-05-01T05:00:00,,주말
6호선,2648,봉화산,647,,20250619,6호선,2611,응암,610,N,6호선,6202,2620,월드컵경기장,619,N,18:46:20,18:46:50,,6183,하행,2025-05-01T05:00:00,,주말
6호선,2648,봉화산,647,,20250619,6호선,2611,응암,610,N,6호선,6202,2621,마포구청,620,N,18:48:00,18:48:30,,6183,하행,2025-05-01T05:00:00,,주말
6호선,2648,봉화산,647,,20250619,6호선,2611,응암,610,N,6호선,6202,2622,망원,621,N,18:49:50,18:50:20,,6183,하행,2025-05-01T05:00:00,,주말
6호선,2648,봉화산,647,,20250619,6호선,2611,응암,610,N,6호선,6202,2623,합정,622,N,18:51:40,18:52:20,,6183,하행,2025-05-01T05:00:00,,주말
6호선,2648,봉화산,647,,20250619,6호선,2611,응암,610,N,6호선,6202,2624,상수,623,N,18:53:30,18:53:50,,6183,하행,2025-05-01T05:00:00,,주말
6호선,2648,봉화산,647,,20250619,6호선,2611,응암,610,N,6호선,6202,2625,광흥창,624,N,18:55:00,18:55:30,,6183,하행,2025-05-01T05:00:00,,주말
6호선,2648,봉화산,647,,20250619,6호선,2611,응암,610,N,6호선,6202,2626,대흥,625,N,18:57:00,18:57:30,,6183,하행,2025-05-01T05:00:00,,주말
6호선,2648,봉화산,647,,20250619,6호선,2611,응암,610,N,6호선,6202,2627,공덕,626,N,18:58:50,18:59:30,,6183,하행,2025-05-01T05:00:00,,주말
6호선,2648,봉화산,647,,20250619,6호선,2611,응암,610,N,6호선,6202,2628,효창공원앞,627,N,19:00:50,19:01:20,,6183,하행,2025-05-01T05:00:00,,주말
6호선,2648,봉화산,647,,20250619,6호선,2611,응암,610,N,6호선,6202,2629,삼각지,628,N,19:02:50,19:03:20,,6183,하행,2025-05-01T05:00:00,,주말
6호선,2648,봉화산,647,,20250619,6호선,2611,응암,610,N,6호선,6202,2630,녹사평,629,N,19:05:00,19:05:20,,6183,하행,2025-05-01T05:00:00,,주말
6호선,2648,봉화산,647,,20250619,6호선,2611,응암,610,N,6호선,6202,2631,이태원,630,N,19:06:30,19:07:00,,6183,하행,2025-05-01T05:00:00,,주말
6호선,2648,봉화산,647,,20250619,6호선,2611,응암,610,N,6호선,6202,2632,한강진,631,N,19:08:30,19:08:50,,6183,하행,2025-05-01T05:00:00,,주말
6호선,2648,봉화산,647,,20250619,6호선,2611,응암,610,N,6호선,6202,2633,버티고개,632,N,19:10:20,19:10:40,,6183,하행,2025-05-01T05:00:00,,주말
6호선,2648,봉화산,647,,20250619,6호선,2611,응암,610,N,6호선,6202,2634,약수,633,N,19:11:50,19:12:30,,6183,하행,2025-05-01T05:00:00,,주말
6호선,2648,봉화산,647,,20250619,6호선,2611,응암,610,N,6호선,6202,2635,청구,634,N,19:13:40,19:14:10,,6183,하행,2025-05-01T05:00:00,,주말
6호선,2648,봉화산,647,,20250619,6호선,2611,응암,610,N,6호선,6202,2636,신당,635,N,19:15:20,19:15:50,,6183,하행,2025-05-01T05:00:00,,주말
6호선,2648,봉화산,647,,20250619,6호선,2611,응암,610,N,6호선,6202,2637,동묘앞,636,N,19:16:50,19:17:20,,6183,하행,2025-05-01T05:00:00,,주말
6호선,2648,봉화산,647,,20250619,6호선,2611,응암,610,N,6호선,6202,2638,창신,637,N,19:18:40,19:19:10,,6183,하행,2025-05-01T05:00:00,,주말
6호선,2648,봉화산,647,,20250619,6호선,2611,응암,610,N,6호선,6202,2639,보문,638,N,19:20:20,19:20:50,,6183,하행,2025-05-01T05:00:00,,주말
6호선,2648,봉화산,647,,20250619,6호선,2611,응암,610,N,6호선,6202,2640,안암,639,N,19:22:00,19:22:30,,6183,하행,2025-05-01T05:00:00,,주말
6호선,2648,봉화산,647,,20250619,6호선,2611,응암,610,N,6호선,6202,2641,고려대,640,N,19:23:40,19:24:10,,6183,하행,2025-05-01T05:00:00,,주말
6호선,2648,봉화산,647,,20250619,6호선,2611,응암,610,N,6호선,6202,2642,월곡,641,N,19:25:50,19:26:20,,6183,하행,2025-05-01T05:00:00,,주말
6호선,2648,봉화산,647,,20250619,6호선,2611,응암,610,N,6호선,6202,2643,상월곡,642,N,19:27:30,19:28:00,,6183,하행,2025-05-01T05:00:00,,주말
6호선,2648,봉화산,647,,20250619,6호선,2611,응암,610,N,6호선,6202,2644,돌곶이,643,N,19:29:10,19:29:30,,6183,하행,2025-05-01T05:00:00,,주말
6호선,2648,봉화산,647,,20250619,6호선,2611,응암,610,N,6호선,6202,2645,석계,644,N,19:30:50,19:31:30,,6183,하행,2025-05-01T05:00:00,,주말
6호선,2648,봉화산,647,,20250619,6호선,2611,응암,610,N,6호선,6202,2646,태릉입구,645,N,19:32:40,19:33:10,,6183,하행,2025-05-01T05:00:00,,주말
6호선,2648,봉화산,647,,20250619,6호선,2611,응암,610,N,6호선,6202,2647,화랑대,646,N,19:34:20,19:34:50,,6183,하행,2025-05-01T05:00:00,,주말
6호선,2648,봉화산,647,,20250619,6호선,2611,응암,610,N,6호선,6202,2648,봉화산,647,N,19:36:10,,,6183,하행,2025-05-01T05:00:00,,주말
6호선,2648,봉화산,647,,20250619,6호선,2611,응암,610,N,6호선,6206,2611,응암,610,N,,18:36:00,,6185,하행,2025-05-01T05:00:00,,주말
6호선,2648,봉화산,647,,20250619,6호선,2611,응암,610,N,6호선,6206,2612,역촌,611,N,18:37:40,18:38:00,,6185,하행,2025-05-01T05:00:00,,주말
6호선,2648,봉화산,647,,20250619,6호선,2611,응암,610,N,6호선,6206,2613,불광,612,N,18:39:20,18:39:50,,6185,하행,2025-05-01T05:00:00,,주말
6호선,2648,봉화산,647,,20250619,6호선,2611,응암,610,N,6호선,6206,2614,독바위,613,N,18:41:10,18:41:30,,6185,하행,2025-05-01T05:00:00,,주말
6호선,2648,봉화산,647,,20250619,6호선,2611,응암,610,N,6호선,6206,2615,연신내,614,N,18:43:40,18:44:20,,6185,하행,2025-05-01T05:00:00,,주말
6호선,2648,봉화산,647,,20250619,6호선,2611,응암,610,N,6호선,6206,2616,구산,615,N,18:45:40,18:46:10,,6185,하행,2025-05-01T05:00:00,,주말
6호선,2648,봉화산,647,,20250619,6호선,2611,응암,610,N,6호선,6206,2611,응암,610,N,18:48:10,18:48:40,,6185,하행,2025-05-01T05:00:00,,주말
6호선,2648,봉화산,647,,20250619,6호선,2611,응암,610,N,6호선,6206,2617,새절,616,N,18:50:00,18:50:30,,6185,하행,2025-05-01T05:00:00,,주말
6호선,2648,봉화산,647,,20250619,6호선,2611,응암,610,N,6호선,6206,2618,증산,617,N,18:51:50,18:52:10,,6185,하행,2025-05-01T05:00:00,,주말
6호선,2648,봉화산,647,,20250619,6호선,2611,응암,610,N,6호선,6206,2619,디지털미디어시티,618,N,18:53:30,18:54:10,,6185,하행,2025-05-01T05:00:00,,주말
6호선,2648,봉화산,647,,20250619,6호선,2611,응암,610,N,6호선,6206,2620,월드컵경기장,619,N,18:55:20,18:55:50,,6185,하행,2025-05-01T05:00:00,,주말
6호선,2648,봉화산,647,,20250619,6호선,2611,응암,610,N,6호선,6206,2621,마포구청,620,N,18:57:00,18:57:30,,6185,하행,2025-05-01T05:00:00,,주말
6호선,2648,봉화산,647,,20250619,6호선,2611,응암,610,N,6호선,6206,2622,망원,621,N,18:58:50,18:59:20,,6185,하행,2025-05-01T05:00:00,,주말
6호선,2648,봉화산,647,,20250619,6호선,2611,응암,610,N,6호선,6206,2623,합정,622,N,19:00:40,19:01:20,,6185,하행,2025-05-01T05:00:00,,주말
6호선,2648,봉화산,647,,20250619,6호선,2611,응암,610,N,6호선,6206,2624,상수,623,N,19:02:30,19:02:50,,6185,하행,2025-05-01T05:00:00,,주말
6호선,2648,봉화산,647,,20250619,6호선,2611,응암,610,N,6호선,6206,2625,광흥창,624,N,19:04:00,19:04:30,,6185,하행,2025-05-01T05:00:00,,주말
6호선,2648,봉화산,647,,20250619,6호선,2611,응암,610,N,6호선,6206,2626,대흥,625,N,19:06:00,19:06:30,,6185,하행,2025-05-01T05:00:00,,주말
6호선,2648,봉화산,647,,20250619,6호선,2611,응암,610,N,6호선,6206,2627,공덕,626,N,19:07:50,19:08:30,,6185,하행,2025-05-01T05:00:00,,주말
6호선,2648,봉화산,647,,20250619,6호선,2611,응암,610,N,6호선,6206,2628,효창공원앞,627,N,19:09:50,19:10:20,,6185,하행,2025-05-01T05:00:00,,주말
6호선,2648,봉화산,647,,20250619,6호선,2611,응암,610,N,6호선,6206,2629,삼각지,628,N,19:11:50,19:12:20,,6185,하행,2025-05-01T05:00:00,,주말
6호선,2648,봉화산,647,,20250619,6호선,2611,응암,610,N,6호선,6206,2630,녹사평,629,N,19:14:00,19:14:20,,6185,하행,2025-05-01T05:00:00,,주말
6호선,2648,봉화산,647,,20250619,6호선,2611,응암,610,N,6호선,6206,2631,이태원,630,N,19:15:30,19:16:00,,6185,하행,2025-05-01T05:00:00,,주말
6호선,2648,봉화산,647,,20250619,6호선,2611,응암,610,N,6호선,6206,2632,한강진,631,N,19:17:30,19:17:50,,6185,하행,2025-05-01T05:00:00,,주말
6호선,2648,봉화산,647,,20250619,6호선,2611,응암,610,N,6호선,6206,2633,버티고개,632,N,19:19:20,19:19:40,,6185,하행,2025-05-01T05:00:00,,주말
6호선,2648,봉화산,647,,20250619,6호선,2611,응암,610,N,6호선,6206,2634,약수,633,N,19:20:50,19:21:30,,6185,하행,2025-05-01T05:00:00,,주말
6호선,2648,봉화산,647,,20250619,6호선,2611,응암,610,N,6호선,6206,2635,청구,634,N,19:22:40,19:23:10,,6185,하행,2025-05-01T05:00:00,,주말
6호선,2648,봉화산,647,,20250619,6호선,2611,응암,610,N,6호선,6206,2636,신당,635,N,19:24:20,19:24:50,,6185,하행,2025-05-01T05:00:00,,주말
6호선,2648,봉화산,647,,20250619,6호선,2611,응암,610,N,6호선,6206,2637,동묘앞,636,N,19:25:50,19:26:20,,6185,하행,2025-05-01T05:00:00,,주말
6호선,2648,봉화산,647,,20250619,6호선,2611,응암,610,N,6호선,6206,2638,창신,637,N,19:27:40,19:28:10,,6185,하행,2025-05-01T05:00:00,,주말
6호선,2648,봉화산,647,,20250619,6호선,2611,응암,610,N,6호선,6206,2639,보문,638,N,19:29:20,19:29:50,,6185,하행,2025-05-01T05:00:00,,주말
6호선,2648,봉화산,647,,20250619,6호선,2611,응암,610,N,6호선,6206,2640,안암,639,N,19:31:00,19:31:30,,6185,하행,2025-05-01T05:00:00,,주말
6호선,2648,봉화산,647,,20250619,6호선,2611,응암,610,N,6호선,6206,2641,고려대,640,N,19:32:40,19:33:10,,6185,하행,2025-05-01T05:00:00,,주말
6호선,2648,봉화산,647,,20250619,6호선,2611,응암,610,N,6호선,6206,2642,월곡,641,N,19:34:50,19:35:20,,6185,하행,2025-05-01T05:00:00,,주말
6호선,2648,봉화산,647,,20250619,6호선,2611,응암,610,N,6호선,6206,2643,상월곡,642,N,19:36:30,19:37:00,,6185,하행,2025-05-01T05:00:00,,주말
6호선,2648,봉화산,647,,20250619,6호선,2611,응암,610,N,6호선,6206,2644,돌곶이,643,N,19:38:10,19:38:30,,6185,하행,2025-05-01T05:00:00,,주말
6호선,2648,봉화산,647,,20250619,6호선,2611,응암,610,N,6호선,6206,2645,석계,644,N,19:39:50,19:40:30,,6185,하행,2025-05-01T05:00:00,,주말
6호선,2648,봉화산,647,,20250619,6호선,2611,응암,610,N,6호선,6206,2646,태릉입구,645,N,19:41:40,19:42:10,,6185,하행,2025-05-01T05:00:00,,주말
6호선,2648,봉화산,647,,20250619,6호선,2611,응암,610,N,6호선,6206,2647,화랑대,646,N,19:43:20,19:43:50,,6185,하행,2025-05-01T05:00:00,,주말
6호선,2648,봉화산,647,,20250619,6호선,2611,응암,610,N,6호선,6206,2648,봉화산,647,N,19:45:10,,,6185,하행,2025-05-01T05:00:00,,주말
6호선,2649,신내,648,,20250619,6호선,2611,응암,610,N,6호선,6210,2611,응암,610,N,,18:45:00,,6187,하행,2025-05-01T05:00:00,,주말
6호선,2649,신내,648,,20250619,6호선,2611,응암,610,N,6호선,6210,2612,역촌,611,N,18:46:40,18:47:00,,6187,하행,2025-05-01T05:00:00,,주말
6호선,2649,신내,648,,20250619,6호선,2611,응암,610,N,6호선,6210,2613,불광,612,N,18:48:20,18:48:50,,6187,하행,2025-05-01T05:00:00,,주말
6호선,2649,신내,648,,20250619,6호선,2611,응암,610,N,6호선,6210,2614,독바위,613,N,18:50:10,18:50:30,,6187,하행,2025-05-01T05:00:00,,주말
6호선,2649,신내,648,,20250619,6호선,2611,응암,610,N,6호선,6210,2615,연신내,614,N,18:52:40,18:53:20,,6187,하행,2025-05-01T05:00:00,,주말
6호선,2649,신내,648,,20250619,6호선,2611,응암,610,N,6호선,6210,2616,구산,615,N,18:54:40,18:55:10,,6187,하행,2025-05-01T05:00:00,,주말
6호선,2649,신내,648,,20250619,6호선,2611,응암,610,N,6호선,6210,2611,응암,610,N,18:57:10,18:57:40,,6187,하행,2025-05-01T05:00:00,,주말
6호선,2649,신내,648,,20250619,6호선,2611,응암,610,N,6호선,6210,2617,새절,616,N,18:59:00,18:59:30,,6187,하행,2025-05-01T05:00:00,,주말
6호선,2649,신내,648,,20250619,6호선,2611,응암,610,N,6호선,6210,2618,증산,617,N,19:00:50,19:01:10,,6187,하행,2025-05-01T05:00:00,,주말
6호선,2649,신내,648,,20250619,6호선,2611,응암,610,N,6호선,6210,2619,디지털미디어시티,618,N,19:02:30,19:03:10,,6187,하행,2025-05-01T05:00:00,,주말
6호선,2649,신내,648,,20250619,6호선,2611,응암,610,N,6호선,6210,2620,월드컵경기장,619,N,19:04:20,19:04:50,,6187,하행,2025-05-01T05:00:00,,주말
6호선,2649,신내,648,,20250619,6호선,2611,응암,610,N,6호선,6210,2621,마포구청,620,N,19:06:00,19:06:30,,6187,하행,2025-05-01T05:00:00,,주말
6호선,2649,신내,648,,20250619,6호선,2611,응암,610,N,6호선,6210,2622,망원,621,N,19:07:50,19:08:20,,6187,하행,2025-05-01T05:00:00,,주말
6호선,2649,신내,648,,20250619,6호선,2611,응암,610,N,6호선,6210,2623,합정,622,N,19:09:40,19:10:20,,6187,하행,2025-05-01T05:00:00,,주말
6호선,2649,신내,648,,20250619,6호선,2611,응암,610,N,6호선,6210,2624,상수,623,N,19:11:30,19:11:50,,6187,하행,2025-05-01T05:00:00,,주말
6호선,2649,신내,648,,20250619,6호선,2611,응암,610,N,6호선,6210,2625,광흥창,624,N,19:13:00,19:13:30,,6187,하행,2025-05-01T05:00:00,,주말
6호선,2649,신내,648,,20250619,6호선,2611,응암,610,N,6호선,6210,2626,대흥,625,N,19:15:00,19:15:30,,6187,하행,2025-05-01T05:00:00,,주말
6호선,2649,신내,648,,20250619,6호선,2611,응암,610,N,6호선,6210,2627,공덕,626,N,19:16:50,19:17:30,,6187,하행,2025-05-01T05:00:00,,주말
6호선,2649,신내,648,,20250619,6호선,2611,응암,610,N,6호선,6210,2628,효창공원앞,627,N,19:18:50,19:19:20,,6187,하행,2025-05-01T05:00:00,,주말
6호선,2649,신내,648,,20250619,6호선,2611,응암,610,N,6호선,6210,2629,삼각지,628,N,19:20:50,19:21:20,,6187,하행,2025-05-01T05:00:00,,주말
6호선,2649,신내,648,,20250619,6호선,2611,응암,610,N,6호선,6210,2630,녹사평,629,N,19:23:00,19:23:20,,6187,하행,2025-05-01T05:00:00,,주말
6호선,2649,신내,648,,20250619,6호선,2611,응암,610,N,6호선,6210,2631,이태원,630,N,19:24:30,19:25:00,,6187,하행,2025-05-01T05:00:00,,주말
6호선,2649,신내,648,,20250619,6호선,2611,응암,610,N,6호선,6210,2632,한강진,631,N,19:26:30,19:26:50,,6187,하행,2025-05-01T05:00:00,,주말
6호선,2649,신내,648,,20250619,6호선,2611,응암,610,N,6호선,6210,2633,버티고개,632,N,19:28:20,19:28:40,,6187,하행,2025-05-01T05:00:00,,주말
6호선,2649,신내,648,,20250619,6호선,2611,응암,610,N,6호선,6210,2634,약수,633,N,19:29:50,19:30:30,,6187,하행,2025-05-01T05:00:00,,주말
6호선,2649,신내,648,,20250619,6호선,2611,응암,610,N,6호선,6210,2635,청구,634,N,19:31:40,19:32:10,,6187,하행,2025-05-01T05:00:00,,주말
6호선,2649,신내,648,,20250619,6호선,2611,응암,610,N,6호선,6210,2636,신당,635,N,19:33:20,19:33:50,,6187,하행,2025-05-01T05:00:00,,주말
6호선,2649,신내,648,,20250619,6호선,2611,응암,610,N,6호선,6210,2637,동묘앞,636,N,19:34:50,19:35:20,,6187,하행,2025-05-01T05:00:00,,주말
6호선,2649,신내,648,,20250619,6호선,2611,응암,610,N,6호선,6210,2638,창신,637,N,19:36:40,19:37:10,,6187,하행,2025-05-01T05:00:00,,주말
6호선,2649,신내,648,,20250619,6호선,2611,응암,610,N,6호선,6210,2639,보문,638,N,19:38:20,19:38:50,,6187,하행,2025-05-01T05:00:00,,주말
6호선,2649,신내,648,,20250619,6호선,2611,응암,610,N,6호선,6210,2640,안암,639,N,19:40:00,19:40:30,,6187,하행,2025-05-01T05:00:00,,주말
6호선,2649,신내,648,,20250619,6호선,2611,응암,610,N,6호선,6210,2641,고려대,640,N,19:41:40,19:42:10,,6187,하행,2025-05-01T05:00:00,,주말
6호선,2649,신내,648,,20250619,6호선,2611,응암,610,N,6호선,6210,2642,월곡,641,N,19:43:50,19:44:20,,6187,하행,2025-05-01T05:00:00,,주말
6호선,2649,신내,648,,20250619,6호선,2611,응암,610,N,6호선,6210,2643,상월곡,642,N,19:45:30,19:46:00,,6187,하행,2025-05-01T05:00:00,,주말
6호선,2649,신내,648,,20250619,6호선,2611,응암,610,N,6호선,6210,2644,돌곶이,643,N,19:47:10,19:47:30,,6187,하행,2025-05-01T05:00:00,,주말
6호선,2649,신내,648,,20250619,6호선,2611,응암,610,N,6호선,6210,2645,석계,644,N,19:48:50,19:49:30,,6187,하행,2025-05-01T05:00:00,,주말
6호선,2649,신내,648,,20250619,6호선,2611,응암,610,N,6호선,6210,2646,태릉입구,645,N,19:50:40,19:51:10,,6187,하행,2025-05-01T05:00:00,,주말
6호선,2649,신내,648,,20250619,6호선,2611,응암,610,N,6호선,6210,2647,화랑대,646,N,19:52:20,19:52:50,,6187,하행,2025-05-01T05:00:00,,주말
6호선,2649,신내,648,,20250619,6호선,2611,응암,610,N,6호선,6210,2648,봉화산,647,N,19:54:10,19:54:40,,6187,하행,2025-05-01T05:00:00,,주말
6호선,2649,신내,648,,20250619,6호선,2611,응암,610,N,6호선,6210,2649,신내,648,N,19:59:10,,,6187,하행,2025-05-01T05:00:00,,주말
6호선,2648,봉화산,647,,20250619,6호선,2611,응암,610,N,6호선,6208,2611,응암,610,N,,18:54:00,,6189,하행,2025-05-01T05:00:00,,주말
6호선,2648,봉화산,647,,20250619,6호선,2611,응암,610,N,6호선,6208,2612,역촌,611,N,18:55:40,18:56:00,,6189,하행,2025-05-01T05:00:00,,주말
6호선,2648,봉화산,647,,20250619,6호선,2611,응암,610,N,6호선,6208,2613,불광,612,N,18:57:20,18:57:50,,6189,하행,2025-05-01T05:00:00,,주말
6호선,2648,봉화산,647,,20250619,6호선,2611,응암,610,N,6호선,6208,2614,독바위,613,N,18:59:10,18:59:30,,6189,하행,2025-05-01T05:00:00,,주말
6호선,2648,봉화산,647,,20250619,6호선,2611,응암,610,N,6호선,6208,2615,연신내,614,N,19:01:40,19:02:20,,6189,하행,2025-05-01T05:00:00,,주말
6호선,2648,봉화산,647,,20250619,6호선,2611,응암,610,N,6호선,6208,2616,구산,615,N,19:03:40,19:04:10,,6189,하행,2025-05-01T05:00:00,,주말
6호선,2648,봉화산,647,,20250619,6호선,2611,응암,610,N,6호선,6208,2611,응암,610,N,19:06:10,19:06:40,,6189,하행,2025-05-01T05:00:00,,주말
6호선,2648,봉화산,647,,20250619,6호선,2611,응암,610,N,6호선,6208,2617,새절,616,N,19:08:00,19:08:30,,6189,하행,2025-05-01T05:00:00,,주말
6호선,2648,봉화산,647,,20250619,6호선,2611,응암,610,N,6호선,6208,2618,증산,617,N,19:09:50,19:10:10,,6189,하행,2025-05-01T05:00:00,,주말
6호선,2648,봉화산,647,,20250619,6호선,2611,응암,610,N,6호선,6208,2619,디지털미디어시티,618,N,19:11:30,19:12:10,,6189,하행,2025-05-01T05:00:00,,주말
6호선,2648,봉화산,647,,20250619,6호선,2611,응암,610,N,6호선,6208,2620,월드컵경기장,619,N,19:13:20,19:13:50,,6189,하행,2025-05-01T05:00:00,,주말
6호선,2648,봉화산,647,,20250619,6호선,2611,응암,610,N,6호선,6208,2621,마포구청,620,N,19:15:00,19:15:30,,6189,하행,2025-05-01T05:00:00,,주말
6호선,2648,봉화산,647,,20250619,6호선,2611,응암,610,N,6호선,6208,2622,망원,621,N,19:16:50,19:17:20,,6189,하행,2025-05-01T05:00:00,,주말
6호선,2648,봉화산,647,,20250619,6호선,2611,응암,610,N,6호선,6208,2623,합정,622,N,19:18:40,19:19:20,,6189,하행,2025-05-01T05:00:00,,주말
6호선,2648,봉화산,647,,20250619,6호선,2611,응암,610,N,6호선,6208,2624,상수,623,N,19:20:30,19:20:50,,6189,하행,2025-05-01T05:00:00,,주말
6호선,2648,봉화산,647,,20250619,6호선,2611,응암,610,N,6호선,6208,2625,광흥창,624,N,19:22:00,19:22:30,,6189,하행,2025-05-01T05:00:00,,주말
6호선,2648,봉화산,647,,20250619,6호선,2611,응암,610,N,6호선,6208,2626,대흥,625,N,19:24:00,19:24:30,,6189,하행,2025-05-01T05:00:00,,주말
6호선,2648,봉화산,647,,20250619,6호선,2611,응암,610,N,6호선,6208,2627,공덕,626,N,19:25:50,19:26:30,,6189,하행,2025-05-01T05:00:00,,주말
6호선,2648,봉화산,647,,20250619,6호선,2611,응암,610,N,6호선,6208,2628,효창공원앞,627,N,19:27:50,19:28:20,,6189,하행,2025-05-01T05:00:00,,주말
6호선,2648,봉화산,647,,20250619,6호선,2611,응암,610,N,6호선,6208,2629,삼각지,628,N,19:29:50,19:30:20,,6189,하행,2025-05-01T05:00:00,,주말
6호선,2648,봉화산,647,,20250619,6호선,2611,응암,610,N,6호선,6208,2630,녹사평,629,N,19:32:00,19:32:20,,6189,하행,2025-05-01T05:00:00,,주말
6호선,2648,봉화산,647,,20250619,6호선,2611,응암,610,N,6호선,6208,2631,이태원,630,N,19:33:30,19:34:00,,6189,하행,2025-05-01T05:00:00,,주말
6호선,2648,봉화산,647,,20250619,6호선,2611,응암,610,N,6호선,6208,2632,한강진,631,N,19:35:30,19:35:50,,6189,하행,2025-05-01T05:00:00,,주말
6호선,2648,봉화산,647,,20250619,6호선,2611,응암,610,N,6호선,6208,2633,버티고개,632,N,19:37:20,19:37:40,,6189,하행,2025-05-01T05:00:00,,주말
6호선,2648,봉화산,647,,20250619,6호선,2611,응암,610,N,6호선,6208,2634,약수,633,N,19:38:50,19:39:30,,6189,하행,2025-05-01T05:00:00,,주말
6호선,2648,봉화산,647,,20250619,6호선,2611,응암,610,N,6호선,6208,2635,청구,634,N,19:40:40,19:41:10,,6189,하행,2025-05-01T05:00:00,,주말
6호선,2648,봉화산,647,,20250619,6호선,2611,응암,610,N,6호선,6208,2636,신당,635,N,19:42:20,19:42:50,,6189,하행,2025-05-01T05:00:00,,주말
6호선,2648,봉화산,647,,20250619,6호선,2611,응암,610,N,6호선,6208,2637,동묘앞,636,N,19:43:50,19:44:20,,6189,하행,2025-05-01T05:00:00,,주말
6호선,2648,봉화산,647,,20250619,6호선,2611,응암,610,N,6호선,6208,2638,창신,637,N,19:45:40,19:46:10,,6189,하행,2025-05-01T05:00:00,,주말
6호선,2648,봉화산,647,,20250619,6호선,2611,응암,610,N,6호선,6208,2639,보문,638,N,19:47:20,19:47:50,,6189,하행,2025-05-01T05:00:00,,주말
6호선,2648,봉화산,647,,20250619,6호선,2611,응암,610,N,6호선,6208,2640,안암,639,N,19:49:00,19:49:30,,6189,하행,2025-05-01T05:00:00,,주말
6호선,2648,봉화산,647,,20250619,6호선,2611,응암,610,N,6호선,6208,2641,고려대,640,N,19:50:40,19:51:10,,6189,하행,2025-05-01T05:00:00,,주말
6호선,2648,봉화산,647,,20250619,6호선,2611,응암,610,N,6호선,6208,2642,월곡,641,N,19:52:50,19:53:20,,6189,하행,2025-05-01T05:00:00,,주말
6호선,2648,봉화산,647,,20250619,6호선,2611,응암,610,N,6호선,6208,2643,상월곡,642,N,19:54:30,19:55:00,,6189,하행,2025-05-01T05:00:00,,주말
6호선,2648,봉화산,647,,20250619,6호선,2611,응암,610,N,6호선,6208,2644,돌곶이,643,N,19:56:10,19:56:30,,6189,하행,2025-05-01T05:00:00,,주말
6호선,2648,봉화산,647,,20250619,6호선,2611,응암,610,N,6호선,6208,2645,석계,644,N,19:57:50,19:58:30,,6189,하행,2025-05-01T05:00:00,,주말
6호선,2648,봉화산,647,,20250619,6호선,2611,응암,610,N,6호선,6208,2646,태릉입구,645,N,19:59:40,20:00:10,,6189,하행,2025-05-01T05:00:00,,주말
6호선,2648,봉화산,647,,20250619,6호선,2611,응암,610,N,6호선,6208,2647,화랑대,646,N,20:01:20,20:01:50,,6189,하행,2025-05-01T05:00:00,,주말
6호선,2648,봉화산,647,,20250619,6호선,2611,응암,610,N,6호선,6208,2648,봉화산,647,N,20:03:10,,,6189,하행,2025-05-01T05:00:00,,주말
6호선,2648,봉화산,647,,20250619,6호선,2611,응암,610,N,6호선,6212,2611,응암,610,N,,19:03:00,,6191,하행,2025-05-01T05:00:00,,주말
6호선,2648,봉화산,647,,20250619,6호선,2611,응암,610,N,6호선,6212,2612,역촌,611,N,19:04:40,19:05:00,,6191,하행,2025-05-01T05:00:00,,주말
6호선,2648,봉화산,647,,20250619,6호선,2611,응암,610,N,6호선,6212,2613,불광,612,N,19:06:20,19:06:50,,6191,하행,2025-05-01T05:00:00,,주말
6호선,2648,봉화산,647,,20250619,6호선,2611,응암,610,N,6호선,6212,2614,독바위,613,N,19:08:10,19:08:30,,6191,하행,2025-05-01T05:00:00,,주말
6호선,2648,봉화산,647,,20250619,6호선,2611,응암,610,N,6호선,6212,2615,연신내,614,N,19:10:40,19:11:20,,6191,하행,2025-05-01T05:00:00,,주말
6호선,2648,봉화산,647,,20250619,6호선,2611,응암,610,N,6호선,6212,2616,구산,615,N,19:12:40,19:13:10,,6191,하행,2025-05-01T05:00:00,,주말
6호선,2648,봉화산,647,,20250619,6호선,2611,응암,610,N,6호선,6212,2611,응암,610,N,19:15:10,19:15:40,,6191,하행,2025-05-01T05:00:00,,주말
6호선,2648,봉화산,647,,20250619,6호선,2611,응암,610,N,6호선,6212,2617,새절,616,N,19:17:00,19:17:30,,6191,하행,2025-05-01T05:00:00,,주말
6호선,2648,봉화산,647,,20250619,6호선,2611,응암,610,N,6호선,6212,2618,증산,617,N,19:18:50,19:19:10,,6191,하행,2025-05-01T05:00:00,,주말
6호선,2648,봉화산,647,,20250619,6호선,2611,응암,610,N,6호선,6212,2619,디지털미디어시티,618,N,19:20:30,19:21:10,,6191,하행,2025-05-01T05:00:00,,주말
6호선,2648,봉화산,647,,20250619,6호선,2611,응암,610,N,6호선,6212,2620,월드컵경기장,619,N,19:22:20,19:22:50,,6191,하행,2025-05-01T05:00:00,,주말
6호선,2648,봉화산,647,,20250619,6호선,2611,응암,610,N,6호선,6212,2621,마포구청,620,N,19:24:00,19:24:30,,6191,하행,2025-05-01T05:00:00,,주말
6호선,2648,봉화산,647,,20250619,6호선,2611,응암,610,N,6호선,6212,2622,망원,621,N,19:25:50,19:26:20,,6191,하행,2025-05-01T05:00:00,,주말
6호선,2648,봉화산,647,,20250619,6호선,2611,응암,610,N,6호선,6212,2623,합정,622,N,19:27:40,19:28:20,,6191,하행,2025-05-01T05:00:00,,주말
6호선,2648,봉화산,647,,20250619,6호선,2611,응암,610,N,6호선,6212,2624,상수,623,N,19:29:30,19:29:50,,6191,하행,2025-05-01T05:00:00,,주말
6호선,2648,봉화산,647,,20250619,6호선,2611,응암,610,N,6호선,6212,2625,광흥창,624,N,19:31:00,19:31:30,,6191,하행,2025-05-01T05:00:00,,주말
6호선,2648,봉화산,647,,20250619,6호선,2611,응암,610,N,6호선,6212,2626,대흥,625,N,19:33:00,19:33:30,,6191,하행,2025-05-01T05:00:00,,주말
6호선,2648,봉화산,647,,20250619,6호선,2611,응암,610,N,6호선,6212,2627,공덕,626,N,19:34:50,19:35:30,,6191,하행,2025-05-01T05:00:00,,주말
6호선,2648,봉화산,647,,20250619,6호선,2611,응암,610,N,6호선,6212,2628,효창공원앞,627,N,19:36:50,19:37:20,,6191,하행,2025-05-01T05:00:00,,주말
6호선,2648,봉화산,647,,20250619,6호선,2611,응암,610,N,6호선,6212,2629,삼각지,628,N,19:38:50,19:39:20,,6191,하행,2025-05-01T05:00:00,,주말
6호선,2648,봉화산,647,,20250619,6호선,2611,응암,610,N,6호선,6212,2630,녹사평,629,N,19:41:00,19:41:20,,6191,하행,2025-05-01T05:00:00,,주말
6호선,2648,봉화산,647,,20250619,6호선,2611,응암,610,N,6호선,6212,2631,이태원,630,N,19:42:30,19:43:00,,6191,하행,2025-05-01T05:00:00,,주말
6호선,2648,봉화산,647,,20250619,6호선,2611,응암,610,N,6호선,6212,2632,한강진,631,N,19:44:30,19:44:50,,6191,하행,2025-05-01T05:00:00,,주말
6호선,2648,봉화산,647,,20250619,6호선,2611,응암,610,N,6호선,6212,2633,버티고개,632,N,19:46:20,19:46:40,,6191,하행,2025-05-01T05:00:00,,주말
6호선,2648,봉화산,647,,20250619,6호선,2611,응암,610,N,6호선,6212,2634,약수,633,N,19:47:50,19:48:30,,6191,하행,2025-05-01T05:00:00,,주말
6호선,2648,봉화산,647,,20250619,6호선,2611,응암,610,N,6호선,6212,2635,청구,634,N,19:49:40,19:50:10,,6191,하행,2025-05-01T05:00:00,,주말
6호선,2648,봉화산,647,,20250619,6호선,2611,응암,610,N,6호선,6212,2636,신당,635,N,19:51:20,19:51:50,,6191,하행,2025-05-01T05:00:00,,주말
6호선,2648,봉화산,647,,20250619,6호선,2611,응암,610,N,6호선,6212,2637,동묘앞,636,N,19:52:50,19:53:20,,6191,하행,2025-05-01T05:00:00,,주말
6호선,2648,봉화산,647,,20250619,6호선,2611,응암,610,N,6호선,6212,2638,창신,637,N,19:54:40,19:55:10,,6191,하행,2025-05-01T05:00:00,,주말
6호선,2648,봉화산,647,,20250619,6호선,2611,응암,610,N,6호선,6212,2639,보문,638,N,19:56:20,19:56:50,,6191,하행,2025-05-01T05:00:00,,주말
6호선,2648,봉화산,647,,20250619,6호선,2611,응암,610,N,6호선,6212,2640,안암,639,N,19:58:00,19:58:30,,6191,하행,2025-05-01T05:00:00,,주말
6호선,2648,봉화산,647,,20250619,6호선,2611,응암,610,N,6호선,6212,2641,고려대,640,N,19:59:40,20:00:10,,6191,하행,2025-05-01T05:00:00,,주말
6호선,2648,봉화산,647,,20250619,6호선,2611,응암,610,N,6호선,6212,2642,월곡,641,N,20:01:50,20:02:20,,6191,하행,2025-05-01T05:00:00,,주말
6호선,2648,봉화산,647,,20250619,6호선,2611,응암,610,N,6호선,6212,2643,상월곡,642,N,20:03:30,20:04:00,,6191,하행,2025-05-01T05:00:00,,주말
6호선,2648,봉화산,647,,20250619,6호선,2611,응암,610,N,6호선,6212,2644,돌곶이,643,N,20:05:10,20:05:30,,6191,하행,2025-05-01T05:00:00,,주말
6호선,2648,봉화산,647,,20250619,6호선,2611,응암,610,N,6호선,6212,2645,석계,644,N,20:06:50,20:07:30,,6191,하행,2025-05-01T05:00:00,,주말
6호선,2648,봉화산,647,,20250619,6호선,2611,응암,610,N,6호선,6212,2646,태릉입구,645,N,20:08:40,20:09:10,,6191,하행,2025-05-01T05:00:00,,주말
6호선,2648,봉화산,647,,20250619,6호선,2611,응암,610,N,6호선,6212,2647,화랑대,646,N,20:10:20,20:10:50,,6191,하행,2025-05-01T05:00:00,,주말
6호선,2648,봉화산,647,,20250619,6호선,2611,응암,610,N,6호선,6212,2648,봉화산,647,N,20:12:10,,,6191,하행,2025-05-01T05:00:00,,주말
6호선,2649,신내,648,,20250619,6호선,2611,응암,610,N,6호선,6216,2611,응암,610,N,,19:12:00,,6193,하행,2025-05-01T05:00:00,,주말
6호선,2649,신내,648,,20250619,6호선,2611,응암,610,N,6호선,6216,2612,역촌,611,N,19:13:40,19:14:00,,6193,하행,2025-05-01T05:00:00,,주말
6호선,2649,신내,648,,20250619,6호선,2611,응암,610,N,6호선,6216,2613,불광,612,N,19:15:20,19:15:50,,6193,하행,2025-05-01T05:00:00,,주말
6호선,2649,신내,648,,20250619,6호선,2611,응암,610,N,6호선,6216,2614,독바위,613,N,19:17:10,19:17:30,,6193,하행,2025-05-01T05:00:00,,주말
6호선,2649,신내,648,,20250619,6호선,2611,응암,610,N,6호선,6216,2615,연신내,614,N,19:19:40,19:20:20,,6193,하행,2025-05-01T05:00:00,,주말
6호선,2649,신내,648,,20250619,6호선,2611,응암,610,N,6호선,6216,2616,구산,615,N,19:21:40,19:22:10,,6193,하행,2025-05-01T05:00:00,,주말
6호선,2649,신내,648,,20250619,6호선,2611,응암,610,N,6호선,6216,2611,응암,610,N,19:24:10,19:24:40,,6193,하행,2025-05-01T05:00:00,,주말
6호선,2649,신내,648,,20250619,6호선,2611,응암,610,N,6호선,6216,2617,새절,616,N,19:26:00,19:26:30,,6193,하행,2025-05-01T05:00:00,,주말
6호선,2649,신내,648,,20250619,6호선,2611,응암,610,N,6호선,6216,2618,증산,617,N,19:27:50,19:28:10,,6193,하행,2025-05-01T05:00:00,,주말
6호선,2649,신내,648,,20250619,6호선,2611,응암,610,N,6호선,6216,2619,디지털미디어시티,618,N,19:29:30,19:30:10,,6193,하행,2025-05-01T05:00:00,,주말
6호선,2649,신내,648,,20250619,6호선,2611,응암,610,N,6호선,6216,2620,월드컵경기장,619,N,19:31:20,19:31:50,,6193,하행,2025-05-01T05:00:00,,주말
6호선,2649,신내,648,,20250619,6호선,2611,응암,610,N,6호선,6216,2621,마포구청,620,N,19:33:00,19:33:30,,6193,하행,2025-05-01T05:00:00,,주말
6호선,2649,신내,648,,20250619,6호선,2611,응암,610,N,6호선,6216,2622,망원,621,N,19:34:50,19:35:20,,6193,하행,2025-05-01T05:00:00,,주말
6호선,2649,신내,648,,20250619,6호선,2611,응암,610,N,6호선,6216,2623,합정,622,N,19:36:40,19:37:20,,6193,하행,2025-05-01T05:00:00,,주말
6호선,2649,신내,648,,20250619,6호선,2611,응암,610,N,6호선,6216,2624,상수,623,N,19:38:30,19:38:50,,6193,하행,2025-05-01T05:00:00,,주말
6호선,2649,신내,648,,20250619,6호선,2611,응암,610,N,6호선,6216,2625,광흥창,624,N,19:40:00,19:40:30,,6193,하행,2025-05-01T05:00:00,,주말
6호선,2649,신내,648,,20250619,6호선,2611,응암,610,N,6호선,6216,2626,대흥,625,N,19:42:00,19:42:30,,6193,하행,2025-05-01T05:00:00,,주말
6호선,2649,신내,648,,20250619,6호선,2611,응암,610,N,6호선,6216,2627,공덕,626,N,19:43:50,19:44:30,,6193,하행,2025-05-01T05:00:00,,주말
6호선,2649,신내,648,,20250619,6호선,2611,응암,610,N,6호선,6216,2628,효창공원앞,627,N,19:45:50,19:46:20,,6193,하행,2025-05-01T05:00:00,,주말
6호선,2649,신내,648,,20250619,6호선,2611,응암,610,N,6호선,6216,2629,삼각지,628,N,19:47:50,19:48:20,,6193,하행,2025-05-01T05:00:00,,주말
6호선,2649,신내,648,,20250619,6호선,2611,응암,610,N,6호선,6216,2630,녹사평,629,N,19:50:00,19:50:20,,6193,하행,2025-05-01T05:00:00,,주말
6호선,2649,신내,648,,20250619,6호선,2611,응암,610,N,6호선,6216,2631,이태원,630,N,19:51:30,19:52:00,,6193,하행,2025-05-01T05:00:00,,주말
6호선,2649,신내,648,,20250619,6호선,2611,응암,610,N,6호선,6216,2632,한강진,631,N,19:53:30,19:53:50,,6193,하행,2025-05-01T05:00:00,,주말
6호선,2649,신내,648,,20250619,6호선,2611,응암,610,N,6호선,6216,2633,버티고개,632,N,19:55:20,19:55:40,,6193,하행,2025-05-01T05:00:00,,주말
6호선,2649,신내,648,,20250619,6호선,2611,응암,610,N,6호선,6216,2634,약수,633,N,19:56:50,19:57:30,,6193,하행,2025-05-01T05:00:00,,주말
6호선,2649,신내,648,,20250619,6호선,2611,응암,610,N,6호선,6216,2635,청구,634,N,19:58:40,19:59:10,,6193,하행,2025-05-01T05:00:00,,주말
6호선,2649,신내,648,,20250619,6호선,2611,응암,610,N,6호선,6216,2636,신당,635,N,20:00:20,20:00:50,,6193,하행,2025-05-01T05:00:00,,주말
6호선,2649,신내,648,,20250619,6호선,2611,응암,610,N,6호선,6216,2637,동묘앞,636,N,20:01:50,20:02:20,,6193,하행,2025-05-01T05:00:00,,주말
6호선,2649,신내,648,,20250619,6호선,2611,응암,610,N,6호선,6216,2638,창신,637,N,20:03:40,20:04:10,,6193,하행,2025-05-01T05:00:00,,주말
6호선,2649,신내,648,,20250619,6호선,2611,응암,610,N,6호선,6216,2639,보문,638,N,20:05:20,20:05:50,,6193,하행,2025-05-01T05:00:00,,주말
6호선,2649,신내,648,,20250619,6호선,2611,응암,610,N,6호선,6216,2640,안암,639,N,20:07:00,20:07:30,,6193,하행,2025-05-01T05:00:00,,주말
6호선,2649,신내,648,,20250619,6호선,2611,응암,610,N,6호선,6216,2641,고려대,640,N,20:08:40,20:09:10,,6193,하행,2025-05-01T05:00:00,,주말
6호선,2649,신내,648,,20250619,6호선,2611,응암,610,N,6호선,6216,2642,월곡,641,N,20:10:50,20:11:20,,6193,하행,2025-05-01T05:00:00,,주말
6호선,2649,신내,648,,20250619,6호선,2611,응암,610,N,6호선,6216,2643,상월곡,642,N,20:12:30,20:13:00,,6193,하행,2025-05-01T05:00:00,,주말
6호선,2649,신내,648,,20250619,6호선,2611,응암,610,N,6호선,6216,2644,돌곶이,643,N,20:14:10,20:14:30,,6193,하행,2025-05-01T05:00:00,,주말
6호선,2649,신내,648,,20250619,6호선,2611,응암,610,N,6호선,6216,2645,석계,644,N,20:15:50,20:16:30,,6193,하행,2025-05-01T05:00:00,,주말
6호선,2649,신내,648,,20250619,6호선,2611,응암,610,N,6호선,6216,2646,태릉입구,645,N,20:17:40,20:18:10,,6193,하행,2025-05-01T05:00:00,,주말
6호선,2649,신내,648,,20250619,6호선,2611,응암,610,N,6호선,6216,2647,화랑대,646,N,20:19:20,20:19:50,,6193,하행,2025-05-01T05:00:00,,주말
6호선,2649,신내,648,,20250619,6호선,2611,응암,610,N,6호선,6216,2648,봉화산,647,N,20:21:10,20:21:40,,6193,하행,2025-05-01T05:00:00,,주말
6호선,2649,신내,648,,20250619,6호선,2611,응암,610,N,6호선,6216,2649,신내,648,N,20:26:10,,,6193,하행,2025-05-01T05:00:00,,주말
6호선,2648,봉화산,647,,20250619,6호선,2611,응암,610,N,6호선,6214,2611,응암,610,N,,19:21:00,,6195,하행,2025-05-01T05:00:00,,주말
6호선,2648,봉화산,647,,20250619,6호선,2611,응암,610,N,6호선,6214,2612,역촌,611,N,19:22:40,19:23:00,,6195,하행,2025-05-01T05:00:00,,주말
6호선,2648,봉화산,647,,20250619,6호선,2611,응암,610,N,6호선,6214,2613,불광,612,N,19:24:20,19:24:50,,6195,하행,2025-05-01T05:00:00,,주말
6호선,2648,봉화산,647,,20250619,6호선,2611,응암,610,N,6호선,6214,2614,독바위,613,N,19:26:10,19:26:30,,6195,하행,2025-05-01T05:00:00,,주말
6호선,2648,봉화산,647,,20250619,6호선,2611,응암,610,N,6호선,6214,2615,연신내,614,N,19:28:40,19:29:20,,6195,하행,2025-05-01T05:00:00,,주말
6호선,2648,봉화산,647,,20250619,6호선,2611,응암,610,N,6호선,6214,2616,구산,615,N,19:30:40,19:31:10,,6195,하행,2025-05-01T05:00:00,,주말
6호선,2648,봉화산,647,,20250619,6호선,2611,응암,610,N,6호선,6214,2611,응암,610,N,19:33:10,19:33:40,,6195,하행,2025-05-01T05:00:00,,주말
6호선,2648,봉화산,647,,20250619,6호선,2611,응암,610,N,6호선,6214,2617,새절,616,N,19:35:00,19:35:30,,6195,하행,2025-05-01T05:00:00,,주말
6호선,2648,봉화산,647,,20250619,6호선,2611,응암,610,N,6호선,6214,2618,증산,617,N,19:36:50,19:37:10,,6195,하행,2025-05-01T05:00:00,,주말
6호선,2648,봉화산,647,,20250619,6호선,2611,응암,610,N,6호선,6214,2619,디지털미디어시티,618,N,19:38:30,19:39:10,,6195,하행,2025-05-01T05:00:00,,주말
6호선,2648,봉화산,647,,20250619,6호선,2611,응암,610,N,6호선,6214,2620,월드컵경기장,619,N,19:40:20,19:40:50,,6195,하행,2025-05-01T05:00:00,,주말
6호선,2648,봉화산,647,,20250619,6호선,2611,응암,610,N,6호선,6214,2621,마포구청,620,N,19:42:00,19:42:30,,6195,하행,2025-05-01T05:00:00,,주말
6호선,2648,봉화산,647,,20250619,6호선,2611,응암,610,N,6호선,6214,2622,망원,621,N,19:43:50,19:44:20,,6195,하행,2025-05-01T05:00:00,,주말
6호선,2648,봉화산,647,,20250619,6호선,2611,응암,610,N,6호선,6214,2623,합정,622,N,19:45:40,19:46:20,,6195,하행,2025-05-01T05:00:00,,주말
6호선,2648,봉화산,647,,20250619,6호선,2611,응암,610,N,6호선,6214,2624,상수,623,N,19:47:30,19:47:50,,6195,하행,2025-05-01T05:00:00,,주말
6호선,2648,봉화산,647,,20250619,6호선,2611,응암,610,N,6호선,6214,2625,광흥창,624,N,19:49:00,19:49:30,,6195,하행,2025-05-01T05:00:00,,주말
6호선,2648,봉화산,647,,20250619,6호선,2611,응암,610,N,6호선,6214,2626,대흥,625,N,19:51:00,19:51:30,,6195,하행,2025-05-01T05:00:00,,주말
6호선,2648,봉화산,647,,20250619,6호선,2611,응암,610,N,6호선,6214,2627,공덕,626,N,19:52:50,19:53:30,,6195,하행,2025-05-01T05:00:00,,주말
6호선,2648,봉화산,647,,20250619,6호선,2611,응암,610,N,6호선,6214,2628,효창공원앞,627,N,19:54:50,19:55:20,,6195,하행,2025-05-01T05:00:00,,주말
6호선,2648,봉화산,647,,20250619,6호선,2611,응암,610,N,6호선,6214,2629,삼각지,628,N,19:56:50,19:57:20,,6195,하행,2025-05-01T05:00:00,,주말
6호선,2648,봉화산,647,,20250619,6호선,2611,응암,610,N,6호선,6214,2630,녹사평,629,N,19:59:00,19:59:20,,6195,하행,2025-05-01T05:00:00,,주말
6호선,2648,봉화산,647,,20250619,6호선,2611,응암,610,N,6호선,6214,2631,이태원,630,N,20:00:30,20:01:00,,6195,하행,2025-05-01T05:00:00,,주말
6호선,2648,봉화산,647,,20250619,6호선,2611,응암,610,N,6호선,6214,2632,한강진,631,N,20:02:30,20:02:50,,6195,하행,2025-05-01T05:00:00,,주말
6호선,2648,봉화산,647,,20250619,6호선,2611,응암,610,N,6호선,6214,2633,버티고개,632,N,20:04:20,20:04:40,,6195,하행,2025-05-01T05:00:00,,주말
6호선,2648,봉화산,647,,20250619,6호선,2611,응암,610,N,6호선,6214,2634,약수,633,N,20:05:50,20:06:30,,6195,하행,2025-05-01T05:00:00,,주말
6호선,2648,봉화산,647,,20250619,6호선,2611,응암,610,N,6호선,6214,2635,청구,634,N,20:07:40,20:08:10,,6195,하행,2025-05-01T05:00:00,,주말
6호선,2648,봉화산,647,,20250619,6호선,2611,응암,610,N,6호선,6214,2636,신당,635,N,20:09:20,20:09:50,,6195,하행,2025-05-01T05:00:00,,주말
6호선,2648,봉화산,647,,20250619,6호선,2611,응암,610,N,6호선,6214,2637,동묘앞,636,N,20:10:50,20:11:20,,6195,하행,2025-05-01T05:00:00,,주말
6호선,2648,봉화산,647,,20250619,6호선,2611,응암,610,N,6호선,6214,2638,창신,637,N,20:12:40,20:13:10,,6195,하행,2025-05-01T05:00:00,,주말
6호선,2648,봉화산,647,,20250619,6호선,2611,응암,610,N,6호선,6214,2639,보문,638,N,20:14:20,20:14:50,,6195,하행,2025-05-01T05:00:00,,주말
6호선,2648,봉화산,647,,20250619,6호선,2611,응암,610,N,6호선,6214,2640,안암,639,N,20:16:00,20:16:30,,6195,하행,2025-05-01T05:00:00,,주말
6호선,2648,봉화산,647,,20250619,6호선,2611,응암,610,N,6호선,6214,2641,고려대,640,N,20:17:40,20:18:10,,6195,하행,2025-05-01T05:00:00,,주말
6호선,2648,봉화산,647,,20250619,6호선,2611,응암,610,N,6호선,6214,2642,월곡,641,N,20:19:50,20:20:20,,6195,하행,2025-05-01T05:00:00,,주말
6호선,2648,봉화산,647,,20250619,6호선,2611,응암,610,N,6호선,6214,2643,상월곡,642,N,20:21:30,20:22:00,,6195,하행,2025-05-01T05:00:00,,주말
6호선,2648,봉화산,647,,20250619,6호선,2611,응암,610,N,6호선,6214,2644,돌곶이,643,N,20:23:10,20:23:30,,6195,하행,2025-05-01T05:00:00,,주말
6호선,2648,봉화산,647,,20250619,6호선,2611,응암,610,N,6호선,6214,2645,석계,644,N,20:24:50,20:25:30,,6195,하행,2025-05-01T05:00:00,,주말
6호선,2648,봉화산,647,,20250619,6호선,2611,응암,610,N,6호선,6214,2646,태릉입구,645,N,20:26:40,20:27:10,,6195,하행,2025-05-01T05:00:00,,주말
6호선,2648,봉화산,647,,20250619,6호선,2611,응암,610,N,6호선,6214,2647,화랑대,646,N,20:28:20,20:28:50,,6195,하행,2025-05-01T05:00:00,,주말
6호선,2648,봉화산,647,,20250619,6호선,2611,응암,610,N,6호선,6214,2648,봉화산,647,N,20:30:10,,,6195,하행,2025-05-01T05:00:00,,주말
6호선,2648,봉화산,647,,20250619,6호선,2611,응암,610,N,6호선,입고,2611,응암,610,N,,19:30:00,,6197,하행,2025-05-01T05:00:00,,주말
6호선,2648,봉화산,647,,20250619,6호선,2611,응암,610,N,6호선,입고,2612,역촌,611,N,19:31:40,19:32:00,,6197,하행,2025-05-01T05:00:00,,주말
6호선,2648,봉화산,647,,20250619,6호선,2611,응암,610,N,6호선,입고,2613,불광,612,N,19:33:20,19:33:50,,6197,하행,2025-05-01T05:00:00,,주말
6호선,2648,봉화산,647,,20250619,6호선,2611,응암,610,N,6호선,입고,2614,독바위,613,N,19:35:10,19:35:30,,6197,하행,2025-05-01T05:00:00,,주말
6호선,2648,봉화산,647,,20250619,6호선,2611,응암,610,N,6호선,입고,2615,연신내,614,N,19:37:40,19:38:20,,6197,하행,2025-05-01T05:00:00,,주말
6호선,2648,봉화산,647,,20250619,6호선,2611,응암,610,N,6호선,입고,2616,구산,615,N,19:39:40,19:40:10,,6197,하행,2025-05-01T05:00:00,,주말
6호선,2648,봉화산,647,,20250619,6호선,2611,응암,610,N,6호선,입고,2611,응암,610,N,19:42:10,19:42:40,,6197,하행,2025-05-01T05:00:00,,주말
6호선,2648,봉화산,647,,20250619,6호선,2611,응암,610,N,6호선,입고,2617,새절,616,N,19:44:00,19:44:30,,6197,하행,2025-05-01T05:00:00,,주말
6호선,2648,봉화산,647,,20250619,6호선,2611,응암,610,N,6호선,입고,2618,증산,617,N,19:45:50,19:46:10,,6197,하행,2025-05-01T05:00:00,,주말
6호선,2648,봉화산,647,,20250619,6호선,2611,응암,610,N,6호선,입고,2619,디지털미디어시티,618,N,19:47:30,19:48:10,,6197,하행,2025-05-01T05:00:00,,주말
6호선,2648,봉화산,647,,20250619,6호선,2611,응암,610,N,6호선,입고,2620,월드컵경기장,619,N,19:49:20,19:49:50,,6197,하행,2025-05-01T05:00:00,,주말
6호선,2648,봉화산,647,,20250619,6호선,2611,응암,610,N,6호선,입고,2621,마포구청,620,N,19:51:00,19:51:30,,6197,하행,2025-05-01T05:00:00,,주말
6호선,2648,봉화산,647,,20250619,6호선,2611,응암,610,N,6호선,입고,2622,망원,621,N,19:52:50,19:53:20,,6197,하행,2025-05-01T05:00:00,,주말
6호선,2648,봉화산,647,,20250619,6호선,2611,응암,610,N,6호선,입고,2623,합정,622,N,19:54:40,19:55:20,,6197,하행,2025-05-01T05:00:00,,주말
6호선,2648,봉화산,647,,20250619,6호선,2611,응암,610,N,6호선,입고,2624,상수,623,N,19:56:30,19:56:50,,6197,하행,2025-05-01T05:00:00,,주말
6호선,2648,봉화산,647,,20250619,6호선,2611,응암,610,N,6호선,입고,2625,광흥창,624,N,19:58:00,19:58:30,,6197,하행,2025-05-01T05:00:00,,주말
6호선,2648,봉화산,647,,20250619,6호선,2611,응암,610,N,6호선,입고,2626,대흥,625,N,20:00:00,20:00:30,,6197,하행,2025-05-01T05:00:00,,주말
6호선,2648,봉화산,647,,20250619,6호선,2611,응암,610,N,6호선,입고,2627,공덕,626,N,20:01:50,20:02:30,,6197,하행,2025-05-01T05:00:00,,주말
6호선,2648,봉화산,647,,20250619,6호선,2611,응암,610,N,6호선,입고,2628,효창공원앞,627,N,20:03:50,20:04:20,,6197,하행,2025-05-01T05:00:00,,주말
6호선,2648,봉화산,647,,20250619,6호선,2611,응암,610,N,6호선,입고,2629,삼각지,628,N,20:05:50,20:06:20,,6197,하행,2025-05-01T05:00:00,,주말
6호선,2648,봉화산,647,,20250619,6호선,2611,응암,610,N,6호선,입고,2630,녹사평,629,N,20:08:00,20:08:20,,6197,하행,2025-05-01T05:00:00,,주말
6호선,2648,봉화산,647,,20250619,6호선,2611,응암,610,N,6호선,입고,2631,이태원,630,N,20:09:30,20:10:00,,6197,하행,2025-05-01T05:00:00,,주말
6호선,2648,봉화산,647,,20250619,6호선,2611,응암,610,N,6호선,입고,2632,한강진,631,N,20:11:30,20:11:50,,6197,하행,2025-05-01T05:00:00,,주말
6호선,2648,봉화산,647,,20250619,6호선,2611,응암,610,N,6호선,입고,2633,버티고개,632,N,20:13:20,20:13:40,,6197,하행,2025-05-01T05:00:00,,주말
6호선,2648,봉화산,647,,20250619,6호선,2611,응암,610,N,6호선,입고,2634,약수,633,N,20:14:50,20:15:30,,6197,하행,2025-05-01T05:00:00,,주말
6호선,2648,봉화산,647,,20250619,6호선,2611,응암,610,N,6호선,입고,2635,청구,634,N,20:16:40,20:17:10,,6197,하행,2025-05-01T05:00:00,,주말
6호선,2648,봉화산,647,,20250619,6호선,2611,응암,610,N,6호선,입고,2636,신당,635,N,20:18:20,20:18:50,,6197,하행,2025-05-01T05:00:00,,주말
6호선,2648,봉화산,647,,20250619,6호선,2611,응암,610,N,6호선,입고,2637,동묘앞,636,N,20:19:50,20:20:20,,6197,하행,2025-05-01T05:00:00,,주말
6호선,2648,봉화산,647,,20250619,6호선,2611,응암,610,N,6호선,입고,2638,창신,637,N,20:21:40,20:22:10,,6197,하행,2025-05-01T05:00:00,,주말
6호선,2648,봉화산,647,,20250619,6호선,2611,응암,610,N,6호선,입고,2639,보문,638,N,20:23:20,20:23:50,,6197,하행,2025-05-01T05:00:00,,주말
6호선,2648,봉화산,647,,20250619,6호선,2611,응암,610,N,6호선,입고,2640,안암,639,N,20:25:00,20:25:30,,6197,하행,2025-05-01T05:00:00,,주말
6호선,2648,봉화산,647,,20250619,6호선,2611,응암,610,N,6호선,입고,2641,고려대,640,N,20:26:40,20:27:10,,6197,하행,2025-05-01T05:00:00,,주말
6호선,2648,봉화산,647,,20250619,6호선,2611,응암,610,N,6호선,입고,2642,월곡,641,N,20:28:50,20:29:20,,6197,하행,2025-05-01T05:00:00,,주말
6호선,2648,봉화산,647,,20250619,6호선,2611,응암,610,N,6호선,입고,2643,상월곡,642,N,20:30:30,20:31:00,,6197,하행,2025-05-01T05:00:00,,주말
6호선,2648,봉화산,647,,20250619,6호선,2611,응암,610,N,6호선,입고,2644,돌곶이,643,N,20:32:10,20:32:30,,6197,하행,2025-05-01T05:00:00,,주말
6호선,2648,봉화산,647,,20250619,6호선,2611,응암,610,N,6호선,입고,2645,석계,644,N,20:33:50,20:34:30,,6197,하행,2025-05-01T05:00:00,,주말
6호선,2648,봉화산,647,,20250619,6호선,2611,응암,610,N,6호선,입고,2646,태릉입구,645,N,20:35:40,20:36:10,,6197,하행,2025-05-01T05:00:00,,주말
6호선,2648,봉화산,647,,20250619,6호선,2611,응암,610,N,6호선,입고,2647,화랑대,646,N,20:37:20,20:37:50,,6197,하행,2025-05-01T05:00:00,,주말
6호선,2648,봉화산,647,,20250619,6호선,2611,응암,610,N,6호선,입고,2648,봉화산,647,N,20:39:10,,,6197,하행,2025-05-01T05:00:00,,주말
6호선,2649,신내,648,,20250619,6호선,2611,응암,610,N,6호선,6222,2611,응암,610,N,,19:39:00,,6199,하행,2025-05-01T05:00:00,,주말
6호선,2649,신내,648,,20250619,6호선,2611,응암,610,N,6호선,6222,2612,역촌,611,N,19:40:40,19:41:00,,6199,하행,2025-05-01T05:00:00,,주말
6호선,2649,신내,648,,20250619,6호선,2611,응암,610,N,6호선,6222,2613,불광,612,N,19:42:20,19:42:50,,6199,하행,2025-05-01T05:00:00,,주말
6호선,2649,신내,648,,20250619,6호선,2611,응암,610,N,6호선,6222,2614,독바위,613,N,19:44:10,19:44:30,,6199,하행,2025-05-01T05:00:00,,주말
6호선,2649,신내,648,,20250619,6호선,2611,응암,610,N,6호선,6222,2615,연신내,614,N,19:46:40,19:47:20,,6199,하행,2025-05-01T05:00:00,,주말
6호선,2649,신내,648,,20250619,6호선,2611,응암,610,N,6호선,6222,2616,구산,615,N,19:48:40,19:49:10,,6199,하행,2025-05-01T05:00:00,,주말
6호선,2649,신내,648,,20250619,6호선,2611,응암,610,N,6호선,6222,2611,응암,610,N,19:51:10,19:51:40,,6199,하행,2025-05-01T05:00:00,,주말
6호선,2649,신내,648,,20250619,6호선,2611,응암,610,N,6호선,6222,2617,새절,616,N,19:53:00,19:53:30,,6199,하행,2025-05-01T05:00:00,,주말
6호선,2649,신내,648,,20250619,6호선,2611,응암,610,N,6호선,6222,2618,증산,617,N,19:54:50,19:55:10,,6199,하행,2025-05-01T05:00:00,,주말
6호선,2649,신내,648,,20250619,6호선,2611,응암,610,N,6호선,6222,2619,디지털미디어시티,618,N,19:56:30,19:57:10,,6199,하행,2025-05-01T05:00:00,,주말
6호선,2649,신내,648,,20250619,6호선,2611,응암,610,N,6호선,6222,2620,월드컵경기장,619,N,19:58:20,19:58:50,,6199,하행,2025-05-01T05:00:00,,주말
6호선,2649,신내,648,,20250619,6호선,2611,응암,610,N,6호선,6222,2621,마포구청,620,N,20:00:00,20:00:30,,6199,하행,2025-05-01T05:00:00,,주말
6호선,2649,신내,648,,20250619,6호선,2611,응암,610,N,6호선,6222,2622,망원,621,N,20:01:50,20:02:20,,6199,하행,2025-05-01T05:00:00,,주말
6호선,2649,신내,648,,20250619,6호선,2611,응암,610,N,6호선,6222,2623,합정,622,N,20:03:40,20:04:20,,6199,하행,2025-05-01T05:00:00,,주말
6호선,2649,신내,648,,20250619,6호선,2611,응암,610,N,6호선,6222,2624,상수,623,N,20:05:30,20:05:50,,6199,하행,2025-05-01T05:00:00,,주말
6호선,2649,신내,648,,20250619,6호선,2611,응암,610,N,6호선,6222,2625,광흥창,624,N,20:07:00,20:07:30,,6199,하행,2025-05-01T05:00:00,,주말
6호선,2649,신내,648,,20250619,6호선,2611,응암,610,N,6호선,6222,2626,대흥,625,N,20:09:00,20:09:30,,6199,하행,2025-05-01T05:00:00,,주말
6호선,2649,신내,648,,20250619,6호선,2611,응암,610,N,6호선,6222,2627,공덕,626,N,20:10:50,20:11:30,,6199,하행,2025-05-01T05:00:00,,주말
6호선,2649,신내,648,,20250619,6호선,2611,응암,610,N,6호선,6222,2628,효창공원앞,627,N,20:12:50,20:13:20,,6199,하행,2025-05-01T05:00:00,,주말
6호선,2649,신내,648,,20250619,6호선,2611,응암,610,N,6호선,6222,2629,삼각지,628,N,20:14:50,20:15:20,,6199,하행,2025-05-01T05:00:00,,주말
6호선,2649,신내,648,,20250619,6호선,2611,응암,610,N,6호선,6222,2630,녹사평,629,N,20:17:00,20:17:20,,6199,하행,2025-05-01T05:00:00,,주말
6호선,2649,신내,648,,20250619,6호선,2611,응암,610,N,6호선,6222,2631,이태원,630,N,20:18:30,20:19:00,,6199,하행,2025-05-01T05:00:00,,주말
6호선,2649,신내,648,,20250619,6호선,2611,응암,610,N,6호선,6222,2632,한강진,631,N,20:20:30,20:20:50,,6199,하행,2025-05-01T05:00:00,,주말
6호선,2649,신내,648,,20250619,6호선,2611,응암,610,N,6호선,6222,2633,버티고개,632,N,20:22:20,20:22:40,,6199,하행,2025-05-01T05:00:00,,주말
6호선,2649,신내,648,,20250619,6호선,2611,응암,610,N,6호선,6222,2634,약수,633,N,20:23:50,20:24:30,,6199,하행,2025-05-01T05:00:00,,주말
6호선,2649,신내,648,,20250619,6호선,2611,응암,610,N,6호선,6222,2635,청구,634,N,20:25:40,20:26:10,,6199,하행,2025-05-01T05:00:00,,주말
6호선,2649,신내,648,,20250619,6호선,2611,응암,610,N,6호선,6222,2636,신당,635,N,20:27:20,20:27:50,,6199,하행,2025-05-01T05:00:00,,주말
6호선,2649,신내,648,,20250619,6호선,2611,응암,610,N,6호선,6222,2637,동묘앞,636,N,20:28:50,20:29:20,,6199,하행,2025-05-01T05:00:00,,주말
6호선,2649,신내,648,,20250619,6호선,2611,응암,610,N,6호선,6222,2638,창신,637,N,20:30:40,20:31:10,,6199,하행,2025-05-01T05:00:00,,주말
6호선,2649,신내,648,,20250619,6호선,2611,응암,610,N,6호선,6222,2639,보문,638,N,20:32:20,20:32:50,,6199,하행,2025-05-01T05:00:00,,주말
6호선,2649,신내,648,,20250619,6호선,2611,응암,610,N,6호선,6222,2640,안암,639,N,20:34:00,20:34:30,,6199,하행,2025-05-01T05:00:00,,주말
6호선,2649,신내,648,,20250619,6호선,2611,응암,610,N,6호선,6222,2641,고려대,640,N,20:35:40,20:36:10,,6199,하행,2025-05-01T05:00:00,,주말
6호선,2649,신내,648,,20250619,6호선,2611,응암,610,N,6호선,6222,2642,월곡,641,N,20:37:50,20:38:20,,6199,하행,2025-05-01T05:00:00,,주말
6호선,2649,신내,648,,20250619,6호선,2611,응암,610,N,6호선,6222,2643,상월곡,642,N,20:39:30,20:40:00,,6199,하행,2025-05-01T05:00:00,,주말
6호선,2649,신내,648,,20250619,6호선,2611,응암,610,N,6호선,6222,2644,돌곶이,643,N,20:41:10,20:41:30,,6199,하행,2025-05-01T05:00:00,,주말
6호선,2649,신내,648,,20250619,6호선,2611,응암,610,N,6호선,6222,2645,석계,644,N,20:42:50,20:43:30,,6199,하행,2025-05-01T05:00:00,,주말
6호선,2649,신내,648,,20250619,6호선,2611,응암,610,N,6호선,6222,2646,태릉입구,645,N,20:44:40,20:45:10,,6199,하행,2025-05-01T05:00:00,,주말
6호선,2649,신내,648,,20250619,6호선,2611,응암,610,N,6호선,6222,2647,화랑대,646,N,20:46:20,20:46:50,,6199,하행,2025-05-01T05:00:00,,주말
6호선,2649,신내,648,,20250619,6호선,2611,응암,610,N,6호선,6222,2648,봉화산,647,N,20:48:10,20:48:40,,6199,하행,2025-05-01T05:00:00,,주말
6호선,2649,신내,648,,20250619,6호선,2611,응암,610,N,6호선,6222,2649,신내,648,N,20:53:10,,,6199,하행,2025-05-01T05:00:00,,주말
6호선,2648,봉화산,647,,20250619,6호선,2611,응암,610,N,6호선,6220,2611,응암,610,N,,19:48:00,,6201,하행,2025-05-01T05:00:00,,주말
6호선,2648,봉화산,647,,20250619,6호선,2611,응암,610,N,6호선,6220,2612,역촌,611,N,19:49:40,19:50:00,,6201,하행,2025-05-01T05:00:00,,주말
6호선,2648,봉화산,647,,20250619,6호선,2611,응암,610,N,6호선,6220,2613,불광,612,N,19:51:20,19:51:50,,6201,하행,2025-05-01T05:00:00,,주말
6호선,2648,봉화산,647,,20250619,6호선,2611,응암,610,N,6호선,6220,2614,독바위,613,N,19:53:10,19:53:30,,6201,하행,2025-05-01T05:00:00,,주말
6호선,2648,봉화산,647,,20250619,6호선,2611,응암,610,N,6호선,6220,2615,연신내,614,N,19:55:40,19:56:20,,6201,하행,2025-05-01T05:00:00,,주말
6호선,2648,봉화산,647,,20250619,6호선,2611,응암,610,N,6호선,6220,2616,구산,615,N,19:57:40,19:58:10,,6201,하행,2025-05-01T05:00:00,,주말
6호선,2648,봉화산,647,,20250619,6호선,2611,응암,610,N,6호선,6220,2611,응암,610,N,20:00:10,20:00:40,,6201,하행,2025-05-01T05:00:00,,주말
6호선,2648,봉화산,647,,20250619,6호선,2611,응암,610,N,6호선,6220,2617,새절,616,N,20:02:00,20:02:30,,6201,하행,2025-05-01T05:00:00,,주말
6호선,2648,봉화산,647,,20250619,6호선,2611,응암,610,N,6호선,6220,2618,증산,617,N,20:03:50,20:04:10,,6201,하행,2025-05-01T05:00:00,,주말
6호선,2648,봉화산,647,,20250619,6호선,2611,응암,610,N,6호선,6220,2619,디지털미디어시티,618,N,20:05:30,20:06:10,,6201,하행,2025-05-01T05:00:00,,주말
6호선,2648,봉화산,647,,20250619,6호선,2611,응암,610,N,6호선,6220,2620,월드컵경기장,619,N,20:07:20,20:07:50,,6201,하행,2025-05-01T05:00:00,,주말
6호선,2648,봉화산,647,,20250619,6호선,2611,응암,610,N,6호선,6220,2621,마포구청,620,N,20:09:00,20:09:30,,6201,하행,2025-05-01T05:00:00,,주말
6호선,2648,봉화산,647,,20250619,6호선,2611,응암,610,N,6호선,6220,2622,망원,621,N,20:10:50,20:11:20,,6201,하행,2025-05-01T05:00:00,,주말
6호선,2648,봉화산,647,,20250619,6호선,2611,응암,610,N,6호선,6220,2623,합정,622,N,20:12:40,20:13:20,,6201,하행,2025-05-01T05:00:00,,주말
6호선,2648,봉화산,647,,20250619,6호선,2611,응암,610,N,6호선,6220,2624,상수,623,N,20:14:30,20:14:50,,6201,하행,2025-05-01T05:00:00,,주말
6호선,2648,봉화산,647,,20250619,6호선,2611,응암,610,N,6호선,6220,2625,광흥창,624,N,20:16:00,20:16:30,,6201,하행,2025-05-01T05:00:00,,주말
6호선,2648,봉화산,647,,20250619,6호선,2611,응암,610,N,6호선,6220,2626,대흥,625,N,20:18:00,20:18:30,,6201,하행,2025-05-01T05:00:00,,주말
6호선,2648,봉화산,647,,20250619,6호선,2611,응암,610,N,6호선,6220,2627,공덕,626,N,20:19:50,20:20:30,,6201,하행,2025-05-01T05:00:00,,주말
6호선,2648,봉화산,647,,20250619,6호선,2611,응암,610,N,6호선,6220,2628,효창공원앞,627,N,20:21:50,20:22:20,,6201,하행,2025-05-01T05:00:00,,주말
6호선,2648,봉화산,647,,20250619,6호선,2611,응암,610,N,6호선,6220,2629,삼각지,628,N,20:23:50,20:24:20,,6201,하행,2025-05-01T05:00:00,,주말
6호선,2648,봉화산,647,,20250619,6호선,2611,응암,610,N,6호선,6220,2630,녹사평,629,N,20:26:00,20:26:20,,6201,하행,2025-05-01T05:00:00,,주말
6호선,2648,봉화산,647,,20250619,6호선,2611,응암,610,N,6호선,6220,2631,이태원,630,N,20:27:30,20:28:00,,6201,하행,2025-05-01T05:00:00,,주말
6호선,2648,봉화산,647,,20250619,6호선,2611,응암,610,N,6호선,6220,2632,한강진,631,N,20:29:30,20:29:50,,6201,하행,2025-05-01T05:00:00,,주말
6호선,2648,봉화산,647,,20250619,6호선,2611,응암,610,N,6호선,6220,2633,버티고개,632,N,20:31:20,20:31:40,,6201,하행,2025-05-01T05:00:00,,주말
6호선,2648,봉화산,647,,20250619,6호선,2611,응암,610,N,6호선,6220,2634,약수,633,N,20:32:50,20:33:30,,6201,하행,2025-05-01T05:00:00,,주말
6호선,2648,봉화산,647,,20250619,6호선,2611,응암,610,N,6호선,6220,2635,청구,634,N,20:34:40,20:35:10,,6201,하행,2025-05-01T05:00:00,,주말
6호선,2648,봉화산,647,,20250619,6호선,2611,응암,610,N,6호선,6220,2636,신당,635,N,20:36:20,20:36:50,,6201,하행,2025-05-01T05:00:00,,주말
6호선,2648,봉화산,647,,20250619,6호선,2611,응암,610,N,6호선,6220,2637,동묘앞,636,N,20:37:50,20:38:20,,6201,하행,2025-05-01T05:00:00,,주말
6호선,2648,봉화산,647,,20250619,6호선,2611,응암,610,N,6호선,6220,2638,창신,637,N,20:39:40,20:40:10,,6201,하행,2025-05-01T05:00:00,,주말
6호선,2648,봉화산,647,,20250619,6호선,2611,응암,610,N,6호선,6220,2639,보문,638,N,20:41:20,20:41:50,,6201,하행,2025-05-01T05:00:00,,주말
6호선,2648,봉화산,647,,20250619,6호선,2611,응암,610,N,6호선,6220,2640,안암,639,N,20:43:00,20:43:30,,6201,하행,2025-05-01T05:00:00,,주말
6호선,2648,봉화산,647,,20250619,6호선,2611,응암,610,N,6호선,6220,2641,고려대,640,N,20:44:40,20:45:10,,6201,하행,2025-05-01T05:00:00,,주말
6호선,2648,봉화산,647,,20250619,6호선,2611,응암,610,N,6호선,6220,2642,월곡,641,N,20:46:50,20:47:20,,6201,하행,2025-05-01T05:00:00,,주말
6호선,2648,봉화산,647,,20250619,6호선,2611,응암,610,N,6호선,6220,2643,상월곡,642,N,20:48:30,20:49:00,,6201,하행,2025-05-01T05:00:00,,주말
6호선,2648,봉화산,647,,20250619,6호선,2611,응암,610,N,6호선,6220,2644,돌곶이,643,N,20:50:10,20:50:30,,6201,하행,2025-05-01T05:00:00,,주말
6호선,2648,봉화산,647,,20250619,6호선,2611,응암,610,N,6호선,6220,2645,석계,644,N,20:51:50,20:52:30,,6201,하행,2025-05-01T05:00:00,,주말
6호선,2648,봉화산,647,,20250619,6호선,2611,응암,610,N,6호선,6220,2646,태릉입구,645,N,20:53:40,20:54:10,,6201,하행,2025-05-01T05:00:00,,주말
6호선,2648,봉화산,647,,20250619,6호선,2611,응암,610,N,6호선,6220,2647,화랑대,646,N,20:55:20,20:55:50,,6201,하행,2025-05-01T05:00:00,,주말
6호선,2648,봉화산,647,,20250619,6호선,2611,응암,610,N,6호선,6220,2648,봉화산,647,N,20:57:10,,,6201,하행,2025-05-01T05:00:00,,주말
6호선,2648,봉화산,647,,20250619,6호선,2611,응암,610,N,6호선,입고,2611,응암,610,N,,19:57:00,,6203,하행,2025-05-01T05:00:00,,주말
6호선,2648,봉화산,647,,20250619,6호선,2611,응암,610,N,6호선,입고,2612,역촌,611,N,19:58:40,19:59:00,,6203,하행,2025-05-01T05:00:00,,주말
6호선,2648,봉화산,647,,20250619,6호선,2611,응암,610,N,6호선,입고,2613,불광,612,N,20:00:20,20:00:50,,6203,하행,2025-05-01T05:00:00,,주말
6호선,2648,봉화산,647,,20250619,6호선,2611,응암,610,N,6호선,입고,2614,독바위,613,N,20:02:10,20:02:30,,6203,하행,2025-05-01T05:00:00,,주말
6호선,2648,봉화산,647,,20250619,6호선,2611,응암,610,N,6호선,입고,2615,연신내,614,N,20:04:40,20:05:20,,6203,하행,2025-05-01T05:00:00,,주말
6호선,2648,봉화산,647,,20250619,6호선,2611,응암,610,N,6호선,입고,2616,구산,615,N,20:06:40,20:07:10,,6203,하행,2025-05-01T05:00:00,,주말
6호선,2648,봉화산,647,,20250619,6호선,2611,응암,610,N,6호선,입고,2611,응암,610,N,20:09:10,20:09:40,,6203,하행,2025-05-01T05:00:00,,주말
6호선,2648,봉화산,647,,20250619,6호선,2611,응암,610,N,6호선,입고,2617,새절,616,N,20:11:00,20:11:30,,6203,하행,2025-05-01T05:00:00,,주말
6호선,2648,봉화산,647,,20250619,6호선,2611,응암,610,N,6호선,입고,2618,증산,617,N,20:12:50,20:13:10,,6203,하행,2025-05-01T05:00:00,,주말
6호선,2648,봉화산,647,,20250619,6호선,2611,응암,610,N,6호선,입고,2619,디지털미디어시티,618,N,20:14:30,20:15:10,,6203,하행,2025-05-01T05:00:00,,주말
6호선,2648,봉화산,647,,20250619,6호선,2611,응암,610,N,6호선,입고,2620,월드컵경기장,619,N,20:16:20,20:16:50,,6203,하행,2025-05-01T05:00:00,,주말
6호선,2648,봉화산,647,,20250619,6호선,2611,응암,610,N,6호선,입고,2621,마포구청,620,N,20:18:00,20:18:30,,6203,하행,2025-05-01T05:00:00,,주말
6호선,2648,봉화산,647,,20250619,6호선,2611,응암,610,N,6호선,입고,2622,망원,621,N,20:19:50,20:20:20,,6203,하행,2025-05-01T05:00:00,,주말
6호선,2648,봉화산,647,,20250619,6호선,2611,응암,610,N,6호선,입고,2623,합정,622,N,20:21:40,20:22:20,,6203,하행,2025-05-01T05:00:00,,주말
6호선,2648,봉화산,647,,20250619,6호선,2611,응암,610,N,6호선,입고,2624,상수,623,N,20:23:30,20:23:50,,6203,하행,2025-05-01T05:00:00,,주말
6호선,2648,봉화산,647,,20250619,6호선,2611,응암,610,N,6호선,입고,2625,광흥창,624,N,20:25:00,20:25:30,,6203,하행,2025-05-01T05:00:00,,주말
6호선,2648,봉화산,647,,20250619,6호선,2611,응암,610,N,6호선,입고,2626,대흥,625,N,20:27:00,20:27:30,,6203,하행,2025-05-01T05:00:00,,주말
6호선,2648,봉화산,647,,20250619,6호선,2611,응암,610,N,6호선,입고,2627,공덕,626,N,20:28:50,20:29:30,,6203,하행,2025-05-01T05:00:00,,주말
6호선,2648,봉화산,647,,20250619,6호선,2611,응암,610,N,6호선,입고,2628,효창공원앞,627,N,20:30:50,20:31:20,,6203,하행,2025-05-01T05:00:00,,주말
6호선,2648,봉화산,647,,20250619,6호선,2611,응암,610,N,6호선,입고,2629,삼각지,628,N,20:32:50,20:33:20,,6203,하행,2025-05-01T05:00:00,,주말
6호선,2648,봉화산,647,,20250619,6호선,2611,응암,610,N,6호선,입고,2630,녹사평,629,N,20:35:00,20:35:20,,6203,하행,2025-05-01T05:00:00,,주말
6호선,2648,봉화산,647,,20250619,6호선,2611,응암,610,N,6호선,입고,2631,이태원,630,N,20:36:30,20:37:00,,6203,하행,2025-05-01T05:00:00,,주말
6호선,2648,봉화산,647,,20250619,6호선,2611,응암,610,N,6호선,입고,2632,한강진,631,N,20:38:30,20:38:50,,6203,하행,2025-05-01T05:00:00,,주말
6호선,2648,봉화산,647,,20250619,6호선,2611,응암,610,N,6호선,입고,2633,버티고개,632,N,20:40:20,20:40:40,,6203,하행,2025-05-01T05:00:00,,주말
6호선,2648,봉화산,647,,20250619,6호선,2611,응암,610,N,6호선,입고,2634,약수,633,N,20:41:50,20:42:30,,6203,하행,2025-05-01T05:00:00,,주말
6호선,2648,봉화산,647,,20250619,6호선,2611,응암,610,N,6호선,입고,2635,청구,634,N,20:43:40,20:44:10,,6203,하행,2025-05-01T05:00:00,,주말
6호선,2648,봉화산,647,,20250619,6호선,2611,응암,610,N,6호선,입고,2636,신당,635,N,20:45:20,20:45:50,,6203,하행,2025-05-01T05:00:00,,주말
6호선,2648,봉화산,647,,20250619,6호선,2611,응암,610,N,6호선,입고,2637,동묘앞,636,N,20:46:50,20:47:20,,6203,하행,2025-05-01T05:00:00,,주말
6호선,2648,봉화산,647,,20250619,6호선,2611,응암,610,N,6호선,입고,2638,창신,637,N,20:48:40,20:49:10,,6203,하행,2025-05-01T05:00:00,,주말
6호선,2648,봉화산,647,,20250619,6호선,2611,응암,610,N,6호선,입고,2639,보문,638,N,20:50:20,20:50:50,,6203,하행,2025-05-01T05:00:00,,주말
6호선,2648,봉화산,647,,20250619,6호선,2611,응암,610,N,6호선,입고,2640,안암,639,N,20:52:00,20:52:30,,6203,하행,2025-05-01T05:00:00,,주말
6호선,2648,봉화산,647,,20250619,6호선,2611,응암,610,N,6호선,입고,2641,고려대,640,N,20:53:40,20:54:10,,6203,하행,2025-05-01T05:00:00,,주말
6호선,2648,봉화산,647,,20250619,6호선,2611,응암,610,N,6호선,입고,2642,월곡,641,N,20:55:50,20:56:20,,6203,하행,2025-05-01T05:00:00,,주말
6호선,2648,봉화산,647,,20250619,6호선,2611,응암,610,N,6호선,입고,2643,상월곡,642,N,20:57:30,20:58:00,,6203,하행,2025-05-01T05:00:00,,주말
6호선,2648,봉화산,647,,20250619,6호선,2611,응암,610,N,6호선,입고,2644,돌곶이,643,N,20:59:10,20:59:30,,6203,하행,2025-05-01T05:00:00,,주말
6호선,2648,봉화산,647,,20250619,6호선,2611,응암,610,N,6호선,입고,2645,석계,644,N,21:00:50,21:01:30,,6203,하행,2025-05-01T05:00:00,,주말
6호선,2648,봉화산,647,,20250619,6호선,2611,응암,610,N,6호선,입고,2646,태릉입구,645,N,21:02:40,21:03:10,,6203,하행,2025-05-01T05:00:00,,주말
6호선,2648,봉화산,647,,20250619,6호선,2611,응암,610,N,6호선,입고,2647,화랑대,646,N,21:04:20,21:04:50,,6203,하행,2025-05-01T05:00:00,,주말
6호선,2648,봉화산,647,,20250619,6호선,2611,응암,610,N,6호선,입고,2648,봉화산,647,N,21:06:10,,,6203,하행,2025-05-01T05:00:00,,주말
6호선,2649,신내,648,,20250619,6호선,2611,응암,610,N,6호선,6228,2611,응암,610,N,,20:06:00,,6205,하행,2025-05-01T05:00:00,,주말
6호선,2649,신내,648,,20250619,6호선,2611,응암,610,N,6호선,6228,2612,역촌,611,N,20:07:40,20:08:00,,6205,하행,2025-05-01T05:00:00,,주말
6호선,2649,신내,648,,20250619,6호선,2611,응암,610,N,6호선,6228,2613,불광,612,N,20:09:20,20:09:50,,6205,하행,2025-05-01T05:00:00,,주말
6호선,2649,신내,648,,20250619,6호선,2611,응암,610,N,6호선,6228,2614,독바위,613,N,20:11:10,20:11:30,,6205,하행,2025-05-01T05:00:00,,주말
6호선,2649,신내,648,,20250619,6호선,2611,응암,610,N,6호선,6228,2615,연신내,614,N,20:13:40,20:14:20,,6205,하행,2025-05-01T05:00:00,,주말
6호선,2649,신내,648,,20250619,6호선,2611,응암,610,N,6호선,6228,2616,구산,615,N,20:15:40,20:16:10,,6205,하행,2025-05-01T05:00:00,,주말
6호선,2649,신내,648,,20250619,6호선,2611,응암,610,N,6호선,6228,2611,응암,610,N,20:18:10,20:18:40,,6205,하행,2025-05-01T05:00:00,,주말
6호선,2649,신내,648,,20250619,6호선,2611,응암,610,N,6호선,6228,2617,새절,616,N,20:20:00,20:20:30,,6205,하행,2025-05-01T05:00:00,,주말
6호선,2649,신내,648,,20250619,6호선,2611,응암,610,N,6호선,6228,2618,증산,617,N,20:21:50,20:22:10,,6205,하행,2025-05-01T05:00:00,,주말
6호선,2649,신내,648,,20250619,6호선,2611,응암,610,N,6호선,6228,2619,디지털미디어시티,618,N,20:23:30,20:24:10,,6205,하행,2025-05-01T05:00:00,,주말
6호선,2649,신내,648,,20250619,6호선,2611,응암,610,N,6호선,6228,2620,월드컵경기장,619,N,20:25:20,20:25:50,,6205,하행,2025-05-01T05:00:00,,주말
6호선,2649,신내,648,,20250619,6호선,2611,응암,610,N,6호선,6228,2621,마포구청,620,N,20:27:00,20:27:30,,6205,하행,2025-05-01T05:00:00,,주말
6호선,2649,신내,648,,20250619,6호선,2611,응암,610,N,6호선,6228,2622,망원,621,N,20:28:50,20:29:20,,6205,하행,2025-05-01T05:00:00,,주말
6호선,2649,신내,648,,20250619,6호선,2611,응암,610,N,6호선,6228,2623,합정,622,N,20:30:40,20:31:20,,6205,하행,2025-05-01T05:00:00,,주말
6호선,2649,신내,648,,20250619,6호선,2611,응암,610,N,6호선,6228,2624,상수,623,N,20:32:30,20:32:50,,6205,하행,2025-05-01T05:00:00,,주말
6호선,2649,신내,648,,20250619,6호선,2611,응암,610,N,6호선,6228,2625,광흥창,624,N,20:34:00,20:34:30,,6205,하행,2025-05-01T05:00:00,,주말
6호선,2649,신내,648,,20250619,6호선,2611,응암,610,N,6호선,6228,2626,대흥,625,N,20:36:00,20:36:30,,6205,하행,2025-05-01T05:00:00,,주말
6호선,2649,신내,648,,20250619,6호선,2611,응암,610,N,6호선,6228,2627,공덕,626,N,20:37:50,20:38:30,,6205,하행,2025-05-01T05:00:00,,주말
6호선,2649,신내,648,,20250619,6호선,2611,응암,610,N,6호선,6228,2628,효창공원앞,627,N,20:39:50,20:40:20,,6205,하행,2025-05-01T05:00:00,,주말
6호선,2649,신내,648,,20250619,6호선,2611,응암,610,N,6호선,6228,2629,삼각지,628,N,20:41:50,20:42:20,,6205,하행,2025-05-01T05:00:00,,주말
6호선,2649,신내,648,,20250619,6호선,2611,응암,610,N,6호선,6228,2630,녹사평,629,N,20:44:00,20:44:20,,6205,하행,2025-05-01T05:00:00,,주말
6호선,2649,신내,648,,20250619,6호선,2611,응암,610,N,6호선,6228,2631,이태원,630,N,20:45:30,20:46:00,,6205,하행,2025-05-01T05:00:00,,주말
6호선,2649,신내,648,,20250619,6호선,2611,응암,610,N,6호선,6228,2632,한강진,631,N,20:47:30,20:47:50,,6205,하행,2025-05-01T05:00:00,,주말
6호선,2649,신내,648,,20250619,6호선,2611,응암,610,N,6호선,6228,2633,버티고개,632,N,20:49:20,20:49:40,,6205,하행,2025-05-01T05:00:00,,주말
6호선,2649,신내,648,,20250619,6호선,2611,응암,610,N,6호선,6228,2634,약수,633,N,20:50:50,20:51:30,,6205,하행,2025-05-01T05:00:00,,주말
6호선,2649,신내,648,,20250619,6호선,2611,응암,610,N,6호선,6228,2635,청구,634,N,20:52:40,20:53:10,,6205,하행,2025-05-01T05:00:00,,주말
6호선,2649,신내,648,,20250619,6호선,2611,응암,610,N,6호선,6228,2636,신당,635,N,20:54:20,20:54:50,,6205,하행,2025-05-01T05:00:00,,주말
6호선,2649,신내,648,,20250619,6호선,2611,응암,610,N,6호선,6228,2637,동묘앞,636,N,20:55:50,20:56:20,,6205,하행,2025-05-01T05:00:00,,주말
6호선,2649,신내,648,,20250619,6호선,2611,응암,610,N,6호선,6228,2638,창신,637,N,20:57:40,20:58:10,,6205,하행,2025-05-01T05:00:00,,주말
6호선,2649,신내,648,,20250619,6호선,2611,응암,610,N,6호선,6228,2639,보문,638,N,20:59:20,20:59:50,,6205,하행,2025-05-01T05:00:00,,주말
6호선,2649,신내,648,,20250619,6호선,2611,응암,610,N,6호선,6228,2640,안암,639,N,21:01:00,21:01:30,,6205,하행,2025-05-01T05:00:00,,주말
6호선,2649,신내,648,,20250619,6호선,2611,응암,610,N,6호선,6228,2641,고려대,640,N,21:02:40,21:03:10,,6205,하행,2025-05-01T05:00:00,,주말
6호선,2649,신내,648,,20250619,6호선,2611,응암,610,N,6호선,6228,2642,월곡,641,N,21:04:50,21:05:20,,6205,하행,2025-05-01T05:00:00,,주말
6호선,2649,신내,648,,20250619,6호선,2611,응암,610,N,6호선,6228,2643,상월곡,642,N,21:06:30,21:07:00,,6205,하행,2025-05-01T05:00:00,,주말
6호선,2649,신내,648,,20250619,6호선,2611,응암,610,N,6호선,6228,2644,돌곶이,643,N,21:08:10,21:08:30,,6205,하행,2025-05-01T05:00:00,,주말
6호선,2649,신내,648,,20250619,6호선,2611,응암,610,N,6호선,6228,2645,석계,644,N,21:09:50,21:10:30,,6205,하행,2025-05-01T05:00:00,,주말
6호선,2649,신내,648,,20250619,6호선,2611,응암,610,N,6호선,6228,2646,태릉입구,645,N,21:11:40,21:12:10,,6205,하행,2025-05-01T05:00:00,,주말
6호선,2649,신내,648,,20250619,6호선,2611,응암,610,N,6호선,6228,2647,화랑대,646,N,21:13:20,21:13:50,,6205,하행,2025-05-01T05:00:00,,주말
6호선,2649,신내,648,,20250619,6호선,2611,응암,610,N,6호선,6228,2648,봉화산,647,N,21:15:10,21:15:40,,6205,하행,2025-05-01T05:00:00,,주말
6호선,2649,신내,648,,20250619,6호선,2611,응암,610,N,6호선,6228,2649,신내,648,N,21:20:10,,,6205,하행,2025-05-01T05:00:00,,주말
6호선,2648,봉화산,647,,20250619,6호선,2611,응암,610,N,6호선,6224,2611,응암,610,N,,20:15:00,,6207,하행,2025-05-01T05:00:00,,주말
6호선,2648,봉화산,647,,20250619,6호선,2611,응암,610,N,6호선,6224,2612,역촌,611,N,20:16:40,20:17:00,,6207,하행,2025-05-01T05:00:00,,주말
6호선,2648,봉화산,647,,20250619,6호선,2611,응암,610,N,6호선,6224,2613,불광,612,N,20:18:20,20:18:50,,6207,하행,2025-05-01T05:00:00,,주말
6호선,2648,봉화산,647,,20250619,6호선,2611,응암,610,N,6호선,6224,2614,독바위,613,N,20:20:10,20:20:30,,6207,하행,2025-05-01T05:00:00,,주말
6호선,2648,봉화산,647,,20250619,6호선,2611,응암,610,N,6호선,6224,2615,연신내,614,N,20:22:40,20:23:20,,6207,하행,2025-05-01T05:00:00,,주말
6호선,2648,봉화산,647,,20250619,6호선,2611,응암,610,N,6호선,6224,2616,구산,615,N,20:24:40,20:25:10,,6207,하행,2025-05-01T05:00:00,,주말
6호선,2648,봉화산,647,,20250619,6호선,2611,응암,610,N,6호선,6224,2611,응암,610,N,20:27:10,20:27:40,,6207,하행,2025-05-01T05:00:00,,주말
6호선,2648,봉화산,647,,20250619,6호선,2611,응암,610,N,6호선,6224,2617,새절,616,N,20:29:00,20:29:30,,6207,하행,2025-05-01T05:00:00,,주말
6호선,2648,봉화산,647,,20250619,6호선,2611,응암,610,N,6호선,6224,2618,증산,617,N,20:30:50,20:31:10,,6207,하행,2025-05-01T05:00:00,,주말
6호선,2648,봉화산,647,,20250619,6호선,2611,응암,610,N,6호선,6224,2619,디지털미디어시티,618,N,20:32:30,20:33:10,,6207,하행,2025-05-01T05:00:00,,주말
6호선,2648,봉화산,647,,20250619,6호선,2611,응암,610,N,6호선,6224,2620,월드컵경기장,619,N,20:34:20,20:34:50,,6207,하행,2025-05-01T05:00:00,,주말
6호선,2648,봉화산,647,,20250619,6호선,2611,응암,610,N,6호선,6224,2621,마포구청,620,N,20:36:00,20:36:30,,6207,하행,2025-05-01T05:00:00,,주말
6호선,2648,봉화산,647,,20250619,6호선,2611,응암,610,N,6호선,6224,2622,망원,621,N,20:37:50,20:38:20,,6207,하행,2025-05-01T05:00:00,,주말
6호선,2648,봉화산,647,,20250619,6호선,2611,응암,610,N,6호선,6224,2623,합정,622,N,20:39:40,20:40:20,,6207,하행,2025-05-01T05:00:00,,주말
6호선,2648,봉화산,647,,20250619,6호선,2611,응암,610,N,6호선,6224,2624,상수,623,N,20:41:30,20:41:50,,6207,하행,2025-05-01T05:00:00,,주말
6호선,2648,봉화산,647,,20250619,6호선,2611,응암,610,N,6호선,6224,2625,광흥창,624,N,20:43:00,20:43:30,,6207,하행,2025-05-01T05:00:00,,주말
6호선,2648,봉화산,647,,20250619,6호선,2611,응암,610,N,6호선,6224,2626,대흥,625,N,20:45:00,20:45:30,,6207,하행,2025-05-01T05:00:00,,주말
6호선,2648,봉화산,647,,20250619,6호선,2611,응암,610,N,6호선,6224,2627,공덕,626,N,20:46:50,20:47:30,,6207,하행,2025-05-01T05:00:00,,주말
6호선,2648,봉화산,647,,20250619,6호선,2611,응암,610,N,6호선,6224,2628,효창공원앞,627,N,20:48:50,20:49:20,,6207,하행,2025-05-01T05:00:00,,주말
6호선,2648,봉화산,647,,20250619,6호선,2611,응암,610,N,6호선,6224,2629,삼각지,628,N,20:50:50,20:51:20,,6207,하행,2025-05-01T05:00:00,,주말
6호선,2648,봉화산,647,,20250619,6호선,2611,응암,610,N,6호선,6224,2630,녹사평,629,N,20:53:00,20:53:20,,6207,하행,2025-05-01T05:00:00,,주말
6호선,2648,봉화산,647,,20250619,6호선,2611,응암,610,N,6호선,6224,2631,이태원,630,N,20:54:30,20:55:00,,6207,하행,2025-05-01T05:00:00,,주말
6호선,2648,봉화산,647,,20250619,6호선,2611,응암,610,N,6호선,6224,2632,한강진,631,N,20:56:30,20:56:50,,6207,하행,2025-05-01T05:00:00,,주말
6호선,2648,봉화산,647,,20250619,6호선,2611,응암,610,N,6호선,6224,2633,버티고개,632,N,20:58:20,20:58:40,,6207,하행,2025-05-01T05:00:00,,주말
6호선,2648,봉화산,647,,20250619,6호선,2611,응암,610,N,6호선,6224,2634,약수,633,N,20:59:50,21:00:30,,6207,하행,2025-05-01T05:00:00,,주말
6호선,2648,봉화산,647,,20250619,6호선,2611,응암,610,N,6호선,6224,2635,청구,634,N,21:01:40,21:02:10,,6207,하행,2025-05-01T05:00:00,,주말
6호선,2648,봉화산,647,,20250619,6호선,2611,응암,610,N,6호선,6224,2636,신당,635,N,21:03:20,21:03:50,,6207,하행,2025-05-01T05:00:00,,주말
6호선,2648,봉화산,647,,20250619,6호선,2611,응암,610,N,6호선,6224,2637,동묘앞,636,N,21:04:50,21:05:20,,6207,하행,2025-05-01T05:00:00,,주말
6호선,2648,봉화산,647,,20250619,6호선,2611,응암,610,N,6호선,6224,2638,창신,637,N,21:06:40,21:07:10,,6207,하행,2025-05-01T05:00:00,,주말
6호선,2648,봉화산,647,,20250619,6호선,2611,응암,610,N,6호선,6224,2639,보문,638,N,21:08:20,21:08:50,,6207,하행,2025-05-01T05:00:00,,주말
6호선,2648,봉화산,647,,20250619,6호선,2611,응암,610,N,6호선,6224,2640,안암,639,N,21:10:00,21:10:30,,6207,하행,2025-05-01T05:00:00,,주말
6호선,2648,봉화산,647,,20250619,6호선,2611,응암,610,N,6호선,6224,2641,고려대,640,N,21:11:40,21:12:10,,6207,하행,2025-05-01T05:00:00,,주말
6호선,2648,봉화산,647,,20250619,6호선,2611,응암,610,N,6호선,6224,2642,월곡,641,N,21:13:50,21:14:20,,6207,하행,2025-05-01T05:00:00,,주말
6호선,2648,봉화산,647,,20250619,6호선,2611,응암,610,N,6호선,6224,2643,상월곡,642,N,21:15:30,21:16:00,,6207,하행,2025-05-01T05:00:00,,주말
6호선,2648,봉화산,647,,20250619,6호선,2611,응암,610,N,6호선,6224,2644,돌곶이,643,N,21:17:10,21:17:30,,6207,하행,2025-05-01T05:00:00,,주말
6호선,2648,봉화산,647,,20250619,6호선,2611,응암,610,N,6호선,6224,2645,석계,644,N,21:18:50,21:19:20,,6207,하행,2025-05-01T05:00:00,,주말
6호선,2648,봉화산,647,,20250619,6호선,2611,응암,610,N,6호선,6224,2646,태릉입구,645,N,21:20:30,21:21:00,,6207,하행,2025-05-01T05:00:00,,주말
6호선,2648,봉화산,647,,20250619,6호선,2611,응암,610,N,6호선,6224,2647,화랑대,646,N,21:22:10,21:22:40,,6207,하행,2025-05-01T05:00:00,,주말
6호선,2648,봉화산,647,,20250619,6호선,2611,응암,610,N,6호선,6224,2648,봉화산,647,N,21:24:00,,,6207,하행,2025-05-01T05:00:00,,주말
6호선,2648,봉화산,647,,20250619,6호선,2611,응암,610,N,6호선,6226,2611,응암,610,N,,20:24:00,,6209,하행,2025-05-01T05:00:00,,주말
6호선,2648,봉화산,647,,20250619,6호선,2611,응암,610,N,6호선,6226,2612,역촌,611,N,20:25:40,20:26:00,,6209,하행,2025-05-01T05:00:00,,주말
6호선,2648,봉화산,647,,20250619,6호선,2611,응암,610,N,6호선,6226,2613,불광,612,N,20:27:20,20:27:50,,6209,하행,2025-05-01T05:00:00,,주말
6호선,2648,봉화산,647,,20250619,6호선,2611,응암,610,N,6호선,6226,2614,독바위,613,N,20:29:10,20:29:30,,6209,하행,2025-05-01T05:00:00,,주말
6호선,2648,봉화산,647,,20250619,6호선,2611,응암,610,N,6호선,6226,2615,연신내,614,N,20:31:40,20:32:20,,6209,하행,2025-05-01T05:00:00,,주말
6호선,2648,봉화산,647,,20250619,6호선,2611,응암,610,N,6호선,6226,2616,구산,615,N,20:33:40,20:34:10,,6209,하행,2025-05-01T05:00:00,,주말
6호선,2648,봉화산,647,,20250619,6호선,2611,응암,610,N,6호선,6226,2611,응암,610,N,20:36:10,20:36:40,,6209,하행,2025-05-01T05:00:00,,주말
6호선,2648,봉화산,647,,20250619,6호선,2611,응암,610,N,6호선,6226,2617,새절,616,N,20:38:00,20:38:30,,6209,하행,2025-05-01T05:00:00,,주말
6호선,2648,봉화산,647,,20250619,6호선,2611,응암,610,N,6호선,6226,2618,증산,617,N,20:39:50,20:40:10,,6209,하행,2025-05-01T05:00:00,,주말
6호선,2648,봉화산,647,,20250619,6호선,2611,응암,610,N,6호선,6226,2619,디지털미디어시티,618,N,20:41:30,20:42:10,,6209,하행,2025-05-01T05:00:00,,주말
6호선,2648,봉화산,647,,20250619,6호선,2611,응암,610,N,6호선,6226,2620,월드컵경기장,619,N,20:43:20,20:43:50,,6209,하행,2025-05-01T05:00:00,,주말
6호선,2648,봉화산,647,,20250619,6호선,2611,응암,610,N,6호선,6226,2621,마포구청,620,N,20:45:00,20:45:30,,6209,하행,2025-05-01T05:00:00,,주말
6호선,2648,봉화산,647,,20250619,6호선,2611,응암,610,N,6호선,6226,2622,망원,621,N,20:46:50,20:47:20,,6209,하행,2025-05-01T05:00:00,,주말
6호선,2648,봉화산,647,,20250619,6호선,2611,응암,610,N,6호선,6226,2623,합정,622,N,20:48:40,20:49:20,,6209,하행,2025-05-01T05:00:00,,주말
6호선,2648,봉화산,647,,20250619,6호선,2611,응암,610,N,6호선,6226,2624,상수,623,N,20:50:30,20:50:50,,6209,하행,2025-05-01T05:00:00,,주말
6호선,2648,봉화산,647,,20250619,6호선,2611,응암,610,N,6호선,6226,2625,광흥창,624,N,20:52:00,20:52:30,,6209,하행,2025-05-01T05:00:00,,주말
6호선,2648,봉화산,647,,20250619,6호선,2611,응암,610,N,6호선,6226,2626,대흥,625,N,20:54:00,20:54:30,,6209,하행,2025-05-01T05:00:00,,주말
6호선,2648,봉화산,647,,20250619,6호선,2611,응암,610,N,6호선,6226,2627,공덕,626,N,20:55:50,20:56:30,,6209,하행,2025-05-01T05:00:00,,주말
6호선,2648,봉화산,647,,20250619,6호선,2611,응암,610,N,6호선,6226,2628,효창공원앞,627,N,20:57:50,20:58:20,,6209,하행,2025-05-01T05:00:00,,주말
6호선,2648,봉화산,647,,20250619,6호선,2611,응암,610,N,6호선,6226,2629,삼각지,628,N,20:59:50,21:00:20,,6209,하행,2025-05-01T05:00:00,,주말
6호선,2648,봉화산,647,,20250619,6호선,2611,응암,610,N,6호선,6226,2630,녹사평,629,N,21:02:00,21:02:20,,6209,하행,2025-05-01T05:00:00,,주말
6호선,2648,봉화산,647,,20250619,6호선,2611,응암,610,N,6호선,6226,2631,이태원,630,N,21:03:30,21:04:00,,6209,하행,2025-05-01T05:00:00,,주말
6호선,2648,봉화산,647,,20250619,6호선,2611,응암,610,N,6호선,6226,2632,한강진,631,N,21:05:30,21:05:50,,6209,하행,2025-05-01T05:00:00,,주말
6호선,2648,봉화산,647,,20250619,6호선,2611,응암,610,N,6호선,6226,2633,버티고개,632,N,21:07:20,21:07:40,,6209,하행,2025-05-01T05:00:00,,주말
6호선,2648,봉화산,647,,20250619,6호선,2611,응암,610,N,6호선,6226,2634,약수,633,N,21:08:50,21:09:30,,6209,하행,2025-05-01T05:00:00,,주말
6호선,2648,봉화산,647,,20250619,6호선,2611,응암,610,N,6호선,6226,2635,청구,634,N,21:10:40,21:11:10,,6209,하행,2025-05-01T05:00:00,,주말
6호선,2648,봉화산,647,,20250619,6호선,2611,응암,610,N,6호선,6226,2636,신당,635,N,21:12:20,21:12:50,,6209,하행,2025-05-01T05:00:00,,주말
6호선,2648,봉화산,647,,20250619,6호선,2611,응암,610,N,6호선,6226,2637,동묘앞,636,N,21:13:50,21:14:20,,6209,하행,2025-05-01T05:00:00,,주말
6호선,2648,봉화산,647,,20250619,6호선,2611,응암,610,N,6호선,6226,2638,창신,637,N,21:15:40,21:16:10,,6209,하행,2025-05-01T05:00:00,,주말
6호선,2648,봉화산,647,,20250619,6호선,2611,응암,610,N,6호선,6226,2639,보문,638,N,21:17:20,21:17:50,,6209,하행,2025-05-01T05:00:00,,주말
6호선,2648,봉화산,647,,20250619,6호선,2611,응암,610,N,6호선,6226,2640,안암,639,N,21:19:00,21:19:30,,6209,하행,2025-05-01T05:00:00,,주말
6호선,2648,봉화산,647,,20250619,6호선,2611,응암,610,N,6호선,6226,2641,고려대,640,N,21:20:40,21:21:10,,6209,하행,2025-05-01T05:00:00,,주말
6호선,2648,봉화산,647,,20250619,6호선,2611,응암,610,N,6호선,6226,2642,월곡,641,N,21:22:50,21:23:20,,6209,하행,2025-05-01T05:00:00,,주말
6호선,2648,봉화산,647,,20250619,6호선,2611,응암,610,N,6호선,6226,2643,상월곡,642,N,21:24:30,21:25:00,,6209,하행,2025-05-01T05:00:00,,주말
6호선,2648,봉화산,647,,20250619,6호선,2611,응암,610,N,6호선,6226,2644,돌곶이,643,N,21:26:10,21:26:30,,6209,하행,2025-05-01T05:00:00,,주말
6호선,2648,봉화산,647,,20250619,6호선,2611,응암,610,N,6호선,6226,2645,석계,644,N,21:27:50,21:28:20,,6209,하행,2025-05-01T05:00:00,,주말
6호선,2648,봉화산,647,,20250619,6호선,2611,응암,610,N,6호선,6226,2646,태릉입구,645,N,21:29:30,21:30:00,,6209,하행,2025-05-01T05:00:00,,주말
6호선,2648,봉화산,647,,20250619,6호선,2611,응암,610,N,6호선,6226,2647,화랑대,646,N,21:31:10,21:31:40,,6209,하행,2025-05-01T05:00:00,,주말
6호선,2648,봉화산,647,,20250619,6호선,2611,응암,610,N,6호선,6226,2648,봉화산,647,N,21:33:00,,,6209,하행,2025-05-01T05:00:00,,주말
6호선,2649,신내,648,,20250619,6호선,2611,응암,610,N,6호선,6232,2611,응암,610,N,,20:33:00,,6211,하행,2025-05-01T05:00:00,,주말
6호선,2649,신내,648,,20250619,6호선,2611,응암,610,N,6호선,6232,2612,역촌,611,N,20:34:40,20:35:00,,6211,하행,2025-05-01T05:00:00,,주말
6호선,2649,신내,648,,20250619,6호선,2611,응암,610,N,6호선,6232,2613,불광,612,N,20:36:20,20:36:50,,6211,하행,2025-05-01T05:00:00,,주말
6호선,2649,신내,648,,20250619,6호선,2611,응암,610,N,6호선,6232,2614,독바위,613,N,20:38:10,20:38:30,,6211,하행,2025-05-01T05:00:00,,주말
6호선,2649,신내,648,,20250619,6호선,2611,응암,610,N,6호선,6232,2615,연신내,614,N,20:40:40,20:41:20,,6211,하행,2025-05-01T05:00:00,,주말
6호선,2649,신내,648,,20250619,6호선,2611,응암,610,N,6호선,6232,2616,구산,615,N,20:42:40,20:43:10,,6211,하행,2025-05-01T05:00:00,,주말
6호선,2649,신내,648,,20250619,6호선,2611,응암,610,N,6호선,6232,2611,응암,610,N,20:45:10,20:45:40,,6211,하행,2025-05-01T05:00:00,,주말
6호선,2649,신내,648,,20250619,6호선,2611,응암,610,N,6호선,6232,2617,새절,616,N,20:47:00,20:47:30,,6211,하행,2025-05-01T05:00:00,,주말
6호선,2649,신내,648,,20250619,6호선,2611,응암,610,N,6호선,6232,2618,증산,617,N,20:48:50,20:49:10,,6211,하행,2025-05-01T05:00:00,,주말
6호선,2649,신내,648,,20250619,6호선,2611,응암,610,N,6호선,6232,2619,디지털미디어시티,618,N,20:50:30,20:51:10,,6211,하행,2025-05-01T05:00:00,,주말
6호선,2649,신내,648,,20250619,6호선,2611,응암,610,N,6호선,6232,2620,월드컵경기장,619,N,20:52:20,20:52:50,,6211,하행,2025-05-01T05:00:00,,주말
6호선,2649,신내,648,,20250619,6호선,2611,응암,610,N,6호선,6232,2621,마포구청,620,N,20:54:00,20:54:30,,6211,하행,2025-05-01T05:00:00,,주말
6호선,2649,신내,648,,20250619,6호선,2611,응암,610,N,6호선,6232,2622,망원,621,N,20:55:50,20:56:20,,6211,하행,2025-05-01T05:00:00,,주말
6호선,2649,신내,648,,20250619,6호선,2611,응암,610,N,6호선,6232,2623,합정,622,N,20:57:40,20:58:20,,6211,하행,2025-05-01T05:00:00,,주말
6호선,2649,신내,648,,20250619,6호선,2611,응암,610,N,6호선,6232,2624,상수,623,N,20:59:30,20:59:50,,6211,하행,2025-05-01T05:00:00,,주말
6호선,2649,신내,648,,20250619,6호선,2611,응암,610,N,6호선,6232,2625,광흥창,624,N,21:01:00,21:01:30,,6211,하행,2025-05-01T05:00:00,,주말
6호선,2649,신내,648,,20250619,6호선,2611,응암,610,N,6호선,6232,2626,대흥,625,N,21:03:00,21:03:30,,6211,하행,2025-05-01T05:00:00,,주말
6호선,2649,신내,648,,20250619,6호선,2611,응암,610,N,6호선,6232,2627,공덕,626,N,21:04:50,21:05:30,,6211,하행,2025-05-01T05:00:00,,주말
6호선,2649,신내,648,,20250619,6호선,2611,응암,610,N,6호선,6232,2628,효창공원앞,627,N,21:06:50,21:07:20,,6211,하행,2025-05-01T05:00:00,,주말
6호선,2649,신내,648,,20250619,6호선,2611,응암,610,N,6호선,6232,2629,삼각지,628,N,21:08:50,21:09:20,,6211,하행,2025-05-01T05:00:00,,주말
6호선,2649,신내,648,,20250619,6호선,2611,응암,610,N,6호선,6232,2630,녹사평,629,N,21:11:00,21:11:20,,6211,하행,2025-05-01T05:00:00,,주말
6호선,2649,신내,648,,20250619,6호선,2611,응암,610,N,6호선,6232,2631,이태원,630,N,21:12:30,21:13:00,,6211,하행,2025-05-01T05:00:00,,주말
6호선,2649,신내,648,,20250619,6호선,2611,응암,610,N,6호선,6232,2632,한강진,631,N,21:14:30,21:14:50,,6211,하행,2025-05-01T05:00:00,,주말
6호선,2649,신내,648,,20250619,6호선,2611,응암,610,N,6호선,6232,2633,버티고개,632,N,21:16:20,21:16:40,,6211,하행,2025-05-01T05:00:00,,주말
6호선,2649,신내,648,,20250619,6호선,2611,응암,610,N,6호선,6232,2634,약수,633,N,21:17:50,21:18:30,,6211,하행,2025-05-01T05:00:00,,주말
6호선,2649,신내,648,,20250619,6호선,2611,응암,610,N,6호선,6232,2635,청구,634,N,21:19:40,21:20:10,,6211,하행,2025-05-01T05:00:00,,주말
6호선,2649,신내,648,,20250619,6호선,2611,응암,610,N,6호선,6232,2636,신당,635,N,21:21:20,21:21:50,,6211,하행,2025-05-01T05:00:00,,주말
6호선,2649,신내,648,,20250619,6호선,2611,응암,610,N,6호선,6232,2637,동묘앞,636,N,21:22:50,21:23:20,,6211,하행,2025-05-01T05:00:00,,주말
6호선,2649,신내,648,,20250619,6호선,2611,응암,610,N,6호선,6232,2638,창신,637,N,21:24:40,21:25:10,,6211,하행,2025-05-01T05:00:00,,주말
6호선,2649,신내,648,,20250619,6호선,2611,응암,610,N,6호선,6232,2639,보문,638,N,21:26:20,21:26:50,,6211,하행,2025-05-01T05:00:00,,주말
6호선,2649,신내,648,,20250619,6호선,2611,응암,610,N,6호선,6232,2640,안암,639,N,21:28:00,21:28:30,,6211,하행,2025-05-01T05:00:00,,주말
6호선,2649,신내,648,,20250619,6호선,2611,응암,610,N,6호선,6232,2641,고려대,640,N,21:29:40,21:30:10,,6211,하행,2025-05-01T05:00:00,,주말
6호선,2649,신내,648,,20250619,6호선,2611,응암,610,N,6호선,6232,2642,월곡,641,N,21:31:50,21:32:20,,6211,하행,2025-05-01T05:00:00,,주말
6호선,2649,신내,648,,20250619,6호선,2611,응암,610,N,6호선,6232,2643,상월곡,642,N,21:33:30,21:34:00,,6211,하행,2025-05-01T05:00:00,,주말
6호선,2649,신내,648,,20250619,6호선,2611,응암,610,N,6호선,6232,2644,돌곶이,643,N,21:35:10,21:35:30,,6211,하행,2025-05-01T05:00:00,,주말
6호선,2649,신내,648,,20250619,6호선,2611,응암,610,N,6호선,6232,2645,석계,644,N,21:36:50,21:37:30,,6211,하행,2025-05-01T05:00:00,,주말
6호선,2649,신내,648,,20250619,6호선,2611,응암,610,N,6호선,6232,2646,태릉입구,645,N,21:38:40,21:39:10,,6211,하행,2025-05-01T05:00:00,,주말
6호선,2649,신내,648,,20250619,6호선,2611,응암,610,N,6호선,6232,2647,화랑대,646,N,21:40:20,21:40:50,,6211,하행,2025-05-01T05:00:00,,주말
6호선,2649,신내,648,,20250619,6호선,2611,응암,610,N,6호선,6232,2648,봉화산,647,N,21:42:10,21:42:40,,6211,하행,2025-05-01T05:00:00,,주말
6호선,2649,신내,648,,20250619,6호선,2611,응암,610,N,6호선,6232,2649,신내,648,N,21:47:10,,,6211,하행,2025-05-01T05:00:00,,주말
6호선,2648,봉화산,647,,20250619,6호선,2611,응암,610,N,6호선,6230,2611,응암,610,N,,20:42:00,,6213,하행,2025-05-01T05:00:00,,주말
6호선,2648,봉화산,647,,20250619,6호선,2611,응암,610,N,6호선,6230,2612,역촌,611,N,20:43:40,20:44:00,,6213,하행,2025-05-01T05:00:00,,주말
6호선,2648,봉화산,647,,20250619,6호선,2611,응암,610,N,6호선,6230,2613,불광,612,N,20:45:20,20:45:50,,6213,하행,2025-05-01T05:00:00,,주말
6호선,2648,봉화산,647,,20250619,6호선,2611,응암,610,N,6호선,6230,2614,독바위,613,N,20:47:10,20:47:30,,6213,하행,2025-05-01T05:00:00,,주말
6호선,2648,봉화산,647,,20250619,6호선,2611,응암,610,N,6호선,6230,2615,연신내,614,N,20:49:40,20:50:20,,6213,하행,2025-05-01T05:00:00,,주말
6호선,2648,봉화산,647,,20250619,6호선,2611,응암,610,N,6호선,6230,2616,구산,615,N,20:51:40,20:52:10,,6213,하행,2025-05-01T05:00:00,,주말
6호선,2648,봉화산,647,,20250619,6호선,2611,응암,610,N,6호선,6230,2611,응암,610,N,20:54:10,20:54:40,,6213,하행,2025-05-01T05:00:00,,주말
6호선,2648,봉화산,647,,20250619,6호선,2611,응암,610,N,6호선,6230,2617,새절,616,N,20:56:00,20:56:30,,6213,하행,2025-05-01T05:00:00,,주말
6호선,2648,봉화산,647,,20250619,6호선,2611,응암,610,N,6호선,6230,2618,증산,617,N,20:57:50,20:58:10,,6213,하행,2025-05-01T05:00:00,,주말
6호선,2648,봉화산,647,,20250619,6호선,2611,응암,610,N,6호선,6230,2619,디지털미디어시티,618,N,20:59:30,21:00:10,,6213,하행,2025-05-01T05:00:00,,주말
6호선,2648,봉화산,647,,20250619,6호선,2611,응암,610,N,6호선,6230,2620,월드컵경기장,619,N,21:01:20,21:01:50,,6213,하행,2025-05-01T05:00:00,,주말
6호선,2648,봉화산,647,,20250619,6호선,2611,응암,610,N,6호선,6230,2621,마포구청,620,N,21:03:00,21:03:30,,6213,하행,2025-05-01T05:00:00,,주말
6호선,2648,봉화산,647,,20250619,6호선,2611,응암,610,N,6호선,6230,2622,망원,621,N,21:04:50,21:05:20,,6213,하행,2025-05-01T05:00:00,,주말
6호선,2648,봉화산,647,,20250619,6호선,2611,응암,610,N,6호선,6230,2623,합정,622,N,21:06:40,21:07:20,,6213,하행,2025-05-01T05:00:00,,주말
6호선,2648,봉화산,647,,20250619,6호선,2611,응암,610,N,6호선,6230,2624,상수,623,N,21:08:30,21:08:50,,6213,하행,2025-05-01T05:00:00,,주말
6호선,2648,봉화산,647,,20250619,6호선,2611,응암,610,N,6호선,6230,2625,광흥창,624,N,21:10:00,21:10:30,,6213,하행,2025-05-01T05:00:00,,주말
6호선,2648,봉화산,647,,20250619,6호선,2611,응암,610,N,6호선,6230,2626,대흥,625,N,21:12:00,21:12:30,,6213,하행,2025-05-01T05:00:00,,주말
6호선,2648,봉화산,647,,20250619,6호선,2611,응암,610,N,6호선,6230,2627,공덕,626,N,21:13:50,21:14:30,,6213,하행,2025-05-01T05:00:00,,주말
6호선,2648,봉화산,647,,20250619,6호선,2611,응암,610,N,6호선,6230,2628,효창공원앞,627,N,21:15:50,21:16:20,,6213,하행,2025-05-01T05:00:00,,주말
6호선,2648,봉화산,647,,20250619,6호선,2611,응암,610,N,6호선,6230,2629,삼각지,628,N,21:17:50,21:18:20,,6213,하행,2025-05-01T05:00:00,,주말
6호선,2648,봉화산,647,,20250619,6호선,2611,응암,610,N,6호선,6230,2630,녹사평,629,N,21:20:00,21:20:20,,6213,하행,2025-05-01T05:00:00,,주말
6호선,2648,봉화산,647,,20250619,6호선,2611,응암,610,N,6호선,6230,2631,이태원,630,N,21:21:30,21:22:00,,6213,하행,2025-05-01T05:00:00,,주말
6호선,2648,봉화산,647,,20250619,6호선,2611,응암,610,N,6호선,6230,2632,한강진,631,N,21:23:30,21:23:50,,6213,하행,2025-05-01T05:00:00,,주말
6호선,2648,봉화산,647,,20250619,6호선,2611,응암,610,N,6호선,6230,2633,버티고개,632,N,21:25:20,21:25:40,,6213,하행,2025-05-01T05:00:00,,주말
6호선,2648,봉화산,647,,20250619,6호선,2611,응암,610,N,6호선,6230,2634,약수,633,N,21:26:50,21:27:30,,6213,하행,2025-05-01T05:00:00,,주말
6호선,2648,봉화산,647,,20250619,6호선,2611,응암,610,N,6호선,6230,2635,청구,634,N,21:28:40,21:29:10,,6213,하행,2025-05-01T05:00:00,,주말
6호선,2648,봉화산,647,,20250619,6호선,2611,응암,610,N,6호선,6230,2636,신당,635,N,21:30:20,21:30:50,,6213,하행,2025-05-01T05:00:00,,주말
6호선,2648,봉화산,647,,20250619,6호선,2611,응암,610,N,6호선,6230,2637,동묘앞,636,N,21:31:50,21:32:20,,6213,하행,2025-05-01T05:00:00,,주말
6호선,2648,봉화산,647,,20250619,6호선,2611,응암,610,N,6호선,6230,2638,창신,637,N,21:33:40,21:34:10,,6213,하행,2025-05-01T05:00:00,,주말
6호선,2648,봉화산,647,,20250619,6호선,2611,응암,610,N,6호선,6230,2639,보문,638,N,21:35:20,21:35:50,,6213,하행,2025-05-01T05:00:00,,주말
6호선,2648,봉화산,647,,20250619,6호선,2611,응암,610,N,6호선,6230,2640,안암,639,N,21:37:00,21:37:30,,6213,하행,2025-05-01T05:00:00,,주말
6호선,2648,봉화산,647,,20250619,6호선,2611,응암,610,N,6호선,6230,2641,고려대,640,N,21:38:40,21:39:10,,6213,하행,2025-05-01T05:00:00,,주말
6호선,2648,봉화산,647,,20250619,6호선,2611,응암,610,N,6호선,6230,2642,월곡,641,N,21:40:50,21:41:20,,6213,하행,2025-05-01T05:00:00,,주말
6호선,2648,봉화산,647,,20250619,6호선,2611,응암,610,N,6호선,6230,2643,상월곡,642,N,21:42:30,21:43:00,,6213,하행,2025-05-01T05:00:00,,주말
6호선,2648,봉화산,647,,20250619,6호선,2611,응암,610,N,6호선,6230,2644,돌곶이,643,N,21:44:10,21:44:30,,6213,하행,2025-05-01T05:00:00,,주말
6호선,2648,봉화산,647,,20250619,6호선,2611,응암,610,N,6호선,6230,2645,석계,644,N,21:45:50,21:46:30,,6213,하행,2025-05-01T05:00:00,,주말
6호선,2648,봉화산,647,,20250619,6호선,2611,응암,610,N,6호선,6230,2646,태릉입구,645,N,21:47:40,21:48:10,,6213,하행,2025-05-01T05:00:00,,주말
6호선,2648,봉화산,647,,20250619,6호선,2611,응암,610,N,6호선,6230,2647,화랑대,646,N,21:49:20,21:49:50,,6213,하행,2025-05-01T05:00:00,,주말
6호선,2648,봉화산,647,,20250619,6호선,2611,응암,610,N,6호선,6230,2648,봉화산,647,N,21:51:10,,,6213,하행,2025-05-01T05:00:00,,주말
6호선,2648,봉화산,647,,20250619,6호선,2611,응암,610,N,6호선,6234,2611,응암,610,N,,20:51:00,,6215,하행,2025-05-01T05:00:00,,주말
6호선,2648,봉화산,647,,20250619,6호선,2611,응암,610,N,6호선,6234,2612,역촌,611,N,20:52:40,20:53:00,,6215,하행,2025-05-01T05:00:00,,주말
6호선,2648,봉화산,647,,20250619,6호선,2611,응암,610,N,6호선,6234,2613,불광,612,N,20:54:20,20:54:50,,6215,하행,2025-05-01T05:00:00,,주말
6호선,2648,봉화산,647,,20250619,6호선,2611,응암,610,N,6호선,6234,2614,독바위,613,N,20:56:10,20:56:30,,6215,하행,2025-05-01T05:00:00,,주말
6호선,2648,봉화산,647,,20250619,6호선,2611,응암,610,N,6호선,6234,2615,연신내,614,N,20:58:40,20:59:20,,6215,하행,2025-05-01T05:00:00,,주말
6호선,2648,봉화산,647,,20250619,6호선,2611,응암,610,N,6호선,6234,2616,구산,615,N,21:00:40,21:01:10,,6215,하행,2025-05-01T05:00:00,,주말
6호선,2648,봉화산,647,,20250619,6호선,2611,응암,610,N,6호선,6234,2611,응암,610,N,21:03:10,21:03:40,,6215,하행,2025-05-01T05:00:00,,주말
6호선,2648,봉화산,647,,20250619,6호선,2611,응암,610,N,6호선,6234,2617,새절,616,N,21:05:00,21:05:30,,6215,하행,2025-05-01T05:00:00,,주말
6호선,2648,봉화산,647,,20250619,6호선,2611,응암,610,N,6호선,6234,2618,증산,617,N,21:06:50,21:07:10,,6215,하행,2025-05-01T05:00:00,,주말
6호선,2648,봉화산,647,,20250619,6호선,2611,응암,610,N,6호선,6234,2619,디지털미디어시티,618,N,21:08:30,21:09:10,,6215,하행,2025-05-01T05:00:00,,주말
6호선,2648,봉화산,647,,20250619,6호선,2611,응암,610,N,6호선,6234,2620,월드컵경기장,619,N,21:10:20,21:10:50,,6215,하행,2025-05-01T05:00:00,,주말
6호선,2648,봉화산,647,,20250619,6호선,2611,응암,610,N,6호선,6234,2621,마포구청,620,N,21:12:00,21:12:30,,6215,하행,2025-05-01T05:00:00,,주말
6호선,2648,봉화산,647,,20250619,6호선,2611,응암,610,N,6호선,6234,2622,망원,621,N,21:13:50,21:14:20,,6215,하행,2025-05-01T05:00:00,,주말
6호선,2648,봉화산,647,,20250619,6호선,2611,응암,610,N,6호선,6234,2623,합정,622,N,21:15:40,21:16:20,,6215,하행,2025-05-01T05:00:00,,주말
6호선,2648,봉화산,647,,20250619,6호선,2611,응암,610,N,6호선,6234,2624,상수,623,N,21:17:30,21:17:50,,6215,하행,2025-05-01T05:00:00,,주말
6호선,2648,봉화산,647,,20250619,6호선,2611,응암,610,N,6호선,6234,2625,광흥창,624,N,21:19:00,21:19:30,,6215,하행,2025-05-01T05:00:00,,주말
6호선,2648,봉화산,647,,20250619,6호선,2611,응암,610,N,6호선,6234,2626,대흥,625,N,21:21:00,21:21:30,,6215,하행,2025-05-01T05:00:00,,주말
6호선,2648,봉화산,647,,20250619,6호선,2611,응암,610,N,6호선,6234,2627,공덕,626,N,21:22:50,21:23:30,,6215,하행,2025-05-01T05:00:00,,주말
6호선,2648,봉화산,647,,20250619,6호선,2611,응암,610,N,6호선,6234,2628,효창공원앞,627,N,21:24:50,21:25:20,,6215,하행,2025-05-01T05:00:00,,주말
6호선,2648,봉화산,647,,20250619,6호선,2611,응암,610,N,6호선,6234,2629,삼각지,628,N,21:26:50,21:27:20,,6215,하행,2025-05-01T05:00:00,,주말
6호선,2648,봉화산,647,,20250619,6호선,2611,응암,610,N,6호선,6234,2630,녹사평,629,N,21:29:00,21:29:20,,6215,하행,2025-05-01T05:00:00,,주말
6호선,2648,봉화산,647,,20250619,6호선,2611,응암,610,N,6호선,6234,2631,이태원,630,N,21:30:30,21:31:00,,6215,하행,2025-05-01T05:00:00,,주말
6호선,2648,봉화산,647,,20250619,6호선,2611,응암,610,N,6호선,6234,2632,한강진,631,N,21:32:30,21:32:50,,6215,하행,2025-05-01T05:00:00,,주말
6호선,2648,봉화산,647,,20250619,6호선,2611,응암,610,N,6호선,6234,2633,버티고개,632,N,21:34:20,21:34:40,,6215,하행,2025-05-01T05:00:00,,주말
6호선,2648,봉화산,647,,20250619,6호선,2611,응암,610,N,6호선,6234,2634,약수,633,N,21:35:50,21:36:30,,6215,하행,2025-05-01T05:00:00,,주말
6호선,2648,봉화산,647,,20250619,6호선,2611,응암,610,N,6호선,6234,2635,청구,634,N,21:37:40,21:38:10,,6215,하행,2025-05-01T05:00:00,,주말
6호선,2648,봉화산,647,,20250619,6호선,2611,응암,610,N,6호선,6234,2636,신당,635,N,21:39:20,21:39:50,,6215,하행,2025-05-01T05:00:00,,주말
6호선,2648,봉화산,647,,20250619,6호선,2611,응암,610,N,6호선,6234,2637,동묘앞,636,N,21:40:50,21:41:20,,6215,하행,2025-05-01T05:00:00,,주말
6호선,2648,봉화산,647,,20250619,6호선,2611,응암,610,N,6호선,6234,2638,창신,637,N,21:42:40,21:43:10,,6215,하행,2025-05-01T05:00:00,,주말
6호선,2648,봉화산,647,,20250619,6호선,2611,응암,610,N,6호선,6234,2639,보문,638,N,21:44:20,21:44:50,,6215,하행,2025-05-01T05:00:00,,주말
6호선,2648,봉화산,647,,20250619,6호선,2611,응암,610,N,6호선,6234,2640,안암,639,N,21:46:00,21:46:30,,6215,하행,2025-05-01T05:00:00,,주말
6호선,2648,봉화산,647,,20250619,6호선,2611,응암,610,N,6호선,6234,2641,고려대,640,N,21:47:40,21:48:10,,6215,하행,2025-05-01T05:00:00,,주말
6호선,2648,봉화산,647,,20250619,6호선,2611,응암,610,N,6호선,6234,2642,월곡,641,N,21:49:50,21:50:20,,6215,하행,2025-05-01T05:00:00,,주말
6호선,2648,봉화산,647,,20250619,6호선,2611,응암,610,N,6호선,6234,2643,상월곡,642,N,21:51:30,21:52:00,,6215,하행,2025-05-01T05:00:00,,주말
6호선,2648,봉화산,647,,20250619,6호선,2611,응암,610,N,6호선,6234,2644,돌곶이,643,N,21:53:10,21:53:30,,6215,하행,2025-05-01T05:00:00,,주말
6호선,2648,봉화산,647,,20250619,6호선,2611,응암,610,N,6호선,6234,2645,석계,644,N,21:54:50,21:55:30,,6215,하행,2025-05-01T05:00:00,,주말
6호선,2648,봉화산,647,,20250619,6호선,2611,응암,610,N,6호선,6234,2646,태릉입구,645,N,21:56:40,21:57:10,,6215,하행,2025-05-01T05:00:00,,주말
6호선,2648,봉화산,647,,20250619,6호선,2611,응암,610,N,6호선,6234,2647,화랑대,646,N,21:58:20,21:58:50,,6215,하행,2025-05-01T05:00:00,,주말
6호선,2648,봉화산,647,,20250619,6호선,2611,응암,610,N,6호선,6234,2648,봉화산,647,N,22:00:10,,,6215,하행,2025-05-01T05:00:00,,주말
6호선,2649,신내,648,,20250619,6호선,2611,응암,610,N,6호선,6236,2611,응암,610,N,,21:00:00,,6217,하행,2025-05-01T05:00:00,,주말
6호선,2649,신내,648,,20250619,6호선,2611,응암,610,N,6호선,6236,2612,역촌,611,N,21:01:40,21:02:00,,6217,하행,2025-05-01T05:00:00,,주말
6호선,2649,신내,648,,20250619,6호선,2611,응암,610,N,6호선,6236,2613,불광,612,N,21:03:20,21:03:50,,6217,하행,2025-05-01T05:00:00,,주말
6호선,2649,신내,648,,20250619,6호선,2611,응암,610,N,6호선,6236,2614,독바위,613,N,21:05:10,21:05:30,,6217,하행,2025-05-01T05:00:00,,주말
6호선,2649,신내,648,,20250619,6호선,2611,응암,610,N,6호선,6236,2615,연신내,614,N,21:07:40,21:08:20,,6217,하행,2025-05-01T05:00:00,,주말
6호선,2649,신내,648,,20250619,6호선,2611,응암,610,N,6호선,6236,2616,구산,615,N,21:09:40,21:10:10,,6217,하행,2025-05-01T05:00:00,,주말
6호선,2649,신내,648,,20250619,6호선,2611,응암,610,N,6호선,6236,2611,응암,610,N,21:12:10,21:12:40,,6217,하행,2025-05-01T05:00:00,,주말
6호선,2649,신내,648,,20250619,6호선,2611,응암,610,N,6호선,6236,2617,새절,616,N,21:14:00,21:14:30,,6217,하행,2025-05-01T05:00:00,,주말
6호선,2649,신내,648,,20250619,6호선,2611,응암,610,N,6호선,6236,2618,증산,617,N,21:15:50,21:16:10,,6217,하행,2025-05-01T05:00:00,,주말
6호선,2649,신내,648,,20250619,6호선,2611,응암,610,N,6호선,6236,2619,디지털미디어시티,618,N,21:17:30,21:18:10,,6217,하행,2025-05-01T05:00:00,,주말
6호선,2649,신내,648,,20250619,6호선,2611,응암,610,N,6호선,6236,2620,월드컵경기장,619,N,21:19:20,21:19:50,,6217,하행,2025-05-01T05:00:00,,주말
6호선,2649,신내,648,,20250619,6호선,2611,응암,610,N,6호선,6236,2621,마포구청,620,N,21:21:00,21:21:30,,6217,하행,2025-05-01T05:00:00,,주말
6호선,2649,신내,648,,20250619,6호선,2611,응암,610,N,6호선,6236,2622,망원,621,N,21:22:50,21:23:20,,6217,하행,2025-05-01T05:00:00,,주말
6호선,2649,신내,648,,20250619,6호선,2611,응암,610,N,6호선,6236,2623,합정,622,N,21:24:40,21:25:20,,6217,하행,2025-05-01T05:00:00,,주말
6호선,2649,신내,648,,20250619,6호선,2611,응암,610,N,6호선,6236,2624,상수,623,N,21:26:30,21:26:50,,6217,하행,2025-05-01T05:00:00,,주말
6호선,2649,신내,648,,20250619,6호선,2611,응암,610,N,6호선,6236,2625,광흥창,624,N,21:28:00,21:28:30,,6217,하행,2025-05-01T05:00:00,,주말
6호선,2649,신내,648,,20250619,6호선,2611,응암,610,N,6호선,6236,2626,대흥,625,N,21:30:00,21:30:30,,6217,하행,2025-05-01T05:00:00,,주말
6호선,2649,신내,648,,20250619,6호선,2611,응암,610,N,6호선,6236,2627,공덕,626,N,21:31:50,21:32:30,,6217,하행,2025-05-01T05:00:00,,주말
6호선,2649,신내,648,,20250619,6호선,2611,응암,610,N,6호선,6236,2628,효창공원앞,627,N,21:33:50,21:34:20,,6217,하행,2025-05-01T05:00:00,,주말
6호선,2649,신내,648,,20250619,6호선,2611,응암,610,N,6호선,6236,2629,삼각지,628,N,21:35:50,21:36:20,,6217,하행,2025-05-01T05:00:00,,주말
6호선,2649,신내,648,,20250619,6호선,2611,응암,610,N,6호선,6236,2630,녹사평,629,N,21:38:00,21:38:20,,6217,하행,2025-05-01T05:00:00,,주말
6호선,2649,신내,648,,20250619,6호선,2611,응암,610,N,6호선,6236,2631,이태원,630,N,21:39:30,21:40:00,,6217,하행,2025-05-01T05:00:00,,주말
6호선,2649,신내,648,,20250619,6호선,2611,응암,610,N,6호선,6236,2632,한강진,631,N,21:41:30,21:41:50,,6217,하행,2025-05-01T05:00:00,,주말
6호선,2649,신내,648,,20250619,6호선,2611,응암,610,N,6호선,6236,2633,버티고개,632,N,21:43:20,21:43:40,,6217,하행,2025-05-01T05:00:00,,주말
6호선,2649,신내,648,,20250619,6호선,2611,응암,610,N,6호선,6236,2634,약수,633,N,21:44:50,21:45:30,,6217,하행,2025-05-01T05:00:00,,주말
6호선,2649,신내,648,,20250619,6호선,2611,응암,610,N,6호선,6236,2635,청구,634,N,21:46:40,21:47:10,,6217,하행,2025-05-01T05:00:00,,주말
6호선,2649,신내,648,,20250619,6호선,2611,응암,610,N,6호선,6236,2636,신당,635,N,21:48:20,21:48:50,,6217,하행,2025-05-01T05:00:00,,주말
6호선,2649,신내,648,,20250619,6호선,2611,응암,610,N,6호선,6236,2637,동묘앞,636,N,21:49:50,21:50:20,,6217,하행,2025-05-01T05:00:00,,주말
6호선,2649,신내,648,,20250619,6호선,2611,응암,610,N,6호선,6236,2638,창신,637,N,21:51:40,21:52:10,,6217,하행,2025-05-01T05:00:00,,주말
6호선,2649,신내,648,,20250619,6호선,2611,응암,610,N,6호선,6236,2639,보문,638,N,21:53:20,21:53:50,,6217,하행,2025-05-01T05:00:00,,주말
6호선,2649,신내,648,,20250619,6호선,2611,응암,610,N,6호선,6236,2640,안암,639,N,21:55:00,21:55:30,,6217,하행,2025-05-01T05:00:00,,주말
6호선,2649,신내,648,,20250619,6호선,2611,응암,610,N,6호선,6236,2641,고려대,640,N,21:56:40,21:57:10,,6217,하행,2025-05-01T05:00:00,,주말
6호선,2649,신내,648,,20250619,6호선,2611,응암,610,N,6호선,6236,2642,월곡,641,N,21:58:50,21:59:20,,6217,하행,2025-05-01T05:00:00,,주말
6호선,2649,신내,648,,20250619,6호선,2611,응암,610,N,6호선,6236,2643,상월곡,642,N,22:00:30,22:01:00,,6217,하행,2025-05-01T05:00:00,,주말
6호선,2649,신내,648,,20250619,6호선,2611,응암,610,N,6호선,6236,2644,돌곶이,643,N,22:02:10,22:02:30,,6217,하행,2025-05-01T05:00:00,,주말
6호선,2649,신내,648,,20250619,6호선,2611,응암,610,N,6호선,6236,2645,석계,644,N,22:03:50,22:04:30,,6217,하행,2025-05-01T05:00:00,,주말
6호선,2649,신내,648,,20250619,6호선,2611,응암,610,N,6호선,6236,2646,태릉입구,645,N,22:05:40,22:06:10,,6217,하행,2025-05-01T05:00:00,,주말
6호선,2649,신내,648,,20250619,6호선,2611,응암,610,N,6호선,6236,2647,화랑대,646,N,22:07:20,22:07:50,,6217,하행,2025-05-01T05:00:00,,주말
6호선,2649,신내,648,,20250619,6호선,2611,응암,610,N,6호선,6236,2648,봉화산,647,N,22:09:10,22:09:40,,6217,하행,2025-05-01T05:00:00,,주말
6호선,2649,신내,648,,20250619,6호선,2611,응암,610,N,6호선,6236,2649,신내,648,N,22:14:10,,,6217,하행,2025-05-01T05:00:00,,주말
6호선,2648,봉화산,647,,20250619,6호선,2611,응암,610,N,6호선,입고,2611,응암,610,N,,21:09:00,,6219,하행,2025-05-01T05:00:00,,주말
6호선,2648,봉화산,647,,20250619,6호선,2611,응암,610,N,6호선,입고,2612,역촌,611,N,21:10:40,21:11:00,,6219,하행,2025-05-01T05:00:00,,주말
6호선,2648,봉화산,647,,20250619,6호선,2611,응암,610,N,6호선,입고,2613,불광,612,N,21:12:20,21:12:50,,6219,하행,2025-05-01T05:00:00,,주말
6호선,2648,봉화산,647,,20250619,6호선,2611,응암,610,N,6호선,입고,2614,독바위,613,N,21:14:10,21:14:30,,6219,하행,2025-05-01T05:00:00,,주말
6호선,2648,봉화산,647,,20250619,6호선,2611,응암,610,N,6호선,입고,2615,연신내,614,N,21:16:40,21:17:20,,6219,하행,2025-05-01T05:00:00,,주말
6호선,2648,봉화산,647,,20250619,6호선,2611,응암,610,N,6호선,입고,2616,구산,615,N,21:18:40,21:19:10,,6219,하행,2025-05-01T05:00:00,,주말
6호선,2648,봉화산,647,,20250619,6호선,2611,응암,610,N,6호선,입고,2611,응암,610,N,21:21:10,21:21:40,,6219,하행,2025-05-01T05:00:00,,주말
6호선,2648,봉화산,647,,20250619,6호선,2611,응암,610,N,6호선,입고,2617,새절,616,N,21:23:00,21:23:30,,6219,하행,2025-05-01T05:00:00,,주말
6호선,2648,봉화산,647,,20250619,6호선,2611,응암,610,N,6호선,입고,2618,증산,617,N,21:24:50,21:25:10,,6219,하행,2025-05-01T05:00:00,,주말
6호선,2648,봉화산,647,,20250619,6호선,2611,응암,610,N,6호선,입고,2619,디지털미디어시티,618,N,21:26:30,21:27:10,,6219,하행,2025-05-01T05:00:00,,주말
6호선,2648,봉화산,647,,20250619,6호선,2611,응암,610,N,6호선,입고,2620,월드컵경기장,619,N,21:28:20,21:28:50,,6219,하행,2025-05-01T05:00:00,,주말
6호선,2648,봉화산,647,,20250619,6호선,2611,응암,610,N,6호선,입고,2621,마포구청,620,N,21:30:00,21:30:30,,6219,하행,2025-05-01T05:00:00,,주말
6호선,2648,봉화산,647,,20250619,6호선,2611,응암,610,N,6호선,입고,2622,망원,621,N,21:31:50,21:32:20,,6219,하행,2025-05-01T05:00:00,,주말
6호선,2648,봉화산,647,,20250619,6호선,2611,응암,610,N,6호선,입고,2623,합정,622,N,21:33:40,21:34:20,,6219,하행,2025-05-01T05:00:00,,주말
6호선,2648,봉화산,647,,20250619,6호선,2611,응암,610,N,6호선,입고,2624,상수,623,N,21:35:30,21:35:50,,6219,하행,2025-05-01T05:00:00,,주말
6호선,2648,봉화산,647,,20250619,6호선,2611,응암,610,N,6호선,입고,2625,광흥창,624,N,21:37:00,21:37:30,,6219,하행,2025-05-01T05:00:00,,주말
6호선,2648,봉화산,647,,20250619,6호선,2611,응암,610,N,6호선,입고,2626,대흥,625,N,21:39:00,21:39:30,,6219,하행,2025-05-01T05:00:00,,주말
6호선,2648,봉화산,647,,20250619,6호선,2611,응암,610,N,6호선,입고,2627,공덕,626,N,21:40:50,21:41:30,,6219,하행,2025-05-01T05:00:00,,주말
6호선,2648,봉화산,647,,20250619,6호선,2611,응암,610,N,6호선,입고,2628,효창공원앞,627,N,21:42:50,21:43:20,,6219,하행,2025-05-01T05:00:00,,주말
6호선,2648,봉화산,647,,20250619,6호선,2611,응암,610,N,6호선,입고,2629,삼각지,628,N,21:44:50,21:45:20,,6219,하행,2025-05-01T05:00:00,,주말
6호선,2648,봉화산,647,,20250619,6호선,2611,응암,610,N,6호선,입고,2630,녹사평,629,N,21:47:00,21:47:20,,6219,하행,2025-05-01T05:00:00,,주말
6호선,2648,봉화산,647,,20250619,6호선,2611,응암,610,N,6호선,입고,2631,이태원,630,N,21:48:30,21:49:00,,6219,하행,2025-05-01T05:00:00,,주말
6호선,2648,봉화산,647,,20250619,6호선,2611,응암,610,N,6호선,입고,2632,한강진,631,N,21:50:30,21:50:50,,6219,하행,2025-05-01T05:00:00,,주말
6호선,2648,봉화산,647,,20250619,6호선,2611,응암,610,N,6호선,입고,2633,버티고개,632,N,21:52:20,21:52:40,,6219,하행,2025-05-01T05:00:00,,주말
6호선,2648,봉화산,647,,20250619,6호선,2611,응암,610,N,6호선,입고,2634,약수,633,N,21:53:50,21:54:30,,6219,하행,2025-05-01T05:00:00,,주말
6호선,2648,봉화산,647,,20250619,6호선,2611,응암,610,N,6호선,입고,2635,청구,634,N,21:55:40,21:56:10,,6219,하행,2025-05-01T05:00:00,,주말
6호선,2648,봉화산,647,,20250619,6호선,2611,응암,610,N,6호선,입고,2636,신당,635,N,21:57:20,21:57:50,,6219,하행,2025-05-01T05:00:00,,주말
6호선,2648,봉화산,647,,20250619,6호선,2611,응암,610,N,6호선,입고,2637,동묘앞,636,N,21:58:50,21:59:20,,6219,하행,2025-05-01T05:00:00,,주말
6호선,2648,봉화산,647,,20250619,6호선,2611,응암,610,N,6호선,입고,2638,창신,637,N,22:00:40,22:01:10,,6219,하행,2025-05-01T05:00:00,,주말
6호선,2648,봉화산,647,,20250619,6호선,2611,응암,610,N,6호선,입고,2639,보문,638,N,22:02:20,22:02:50,,6219,하행,2025-05-01T05:00:00,,주말
6호선,2648,봉화산,647,,20250619,6호선,2611,응암,610,N,6호선,입고,2640,안암,639,N,22:04:00,22:04:30,,6219,하행,2025-05-01T05:00:00,,주말
6호선,2648,봉화산,647,,20250619,6호선,2611,응암,610,N,6호선,입고,2641,고려대,640,N,22:05:40,22:06:10,,6219,하행,2025-05-01T05:00:00,,주말
6호선,2648,봉화산,647,,20250619,6호선,2611,응암,610,N,6호선,입고,2642,월곡,641,N,22:07:50,22:08:20,,6219,하행,2025-05-01T05:00:00,,주말
6호선,2648,봉화산,647,,20250619,6호선,2611,응암,610,N,6호선,입고,2643,상월곡,642,N,22:09:30,22:10:00,,6219,하행,2025-05-01T05:00:00,,주말
6호선,2648,봉화산,647,,20250619,6호선,2611,응암,610,N,6호선,입고,2644,돌곶이,643,N,22:11:10,22:11:30,,6219,하행,2025-05-01T05:00:00,,주말
6호선,2648,봉화산,647,,20250619,6호선,2611,응암,610,N,6호선,입고,2645,석계,644,N,22:12:50,22:13:30,,6219,하행,2025-05-01T05:00:00,,주말
6호선,2648,봉화산,647,,20250619,6호선,2611,응암,610,N,6호선,입고,2646,태릉입구,645,N,22:14:40,22:15:10,,6219,하행,2025-05-01T05:00:00,,주말
6호선,2648,봉화산,647,,20250619,6호선,2611,응암,610,N,6호선,입고,2647,화랑대,646,N,22:16:20,22:16:50,,6219,하행,2025-05-01T05:00:00,,주말
6호선,2648,봉화산,647,,20250619,6호선,2611,응암,610,N,6호선,입고,2648,봉화산,647,N,22:18:10,,,6219,하행,2025-05-01T05:00:00,,주말
6호선,2649,신내,648,,20250619,6호선,2611,응암,610,N,6호선,6240,2611,응암,610,N,,21:18:00,,6221,하행,2025-05-01T05:00:00,,주말
6호선,2649,신내,648,,20250619,6호선,2611,응암,610,N,6호선,6240,2612,역촌,611,N,21:19:40,21:20:00,,6221,하행,2025-05-01T05:00:00,,주말
6호선,2649,신내,648,,20250619,6호선,2611,응암,610,N,6호선,6240,2613,불광,612,N,21:21:20,21:21:50,,6221,하행,2025-05-01T05:00:00,,주말
6호선,2649,신내,648,,20250619,6호선,2611,응암,610,N,6호선,6240,2614,독바위,613,N,21:23:10,21:23:30,,6221,하행,2025-05-01T05:00:00,,주말
6호선,2649,신내,648,,20250619,6호선,2611,응암,610,N,6호선,6240,2615,연신내,614,N,21:25:40,21:26:20,,6221,하행,2025-05-01T05:00:00,,주말
6호선,2649,신내,648,,20250619,6호선,2611,응암,610,N,6호선,6240,2616,구산,615,N,21:27:40,21:28:10,,6221,하행,2025-05-01T05:00:00,,주말
6호선,2649,신내,648,,20250619,6호선,2611,응암,610,N,6호선,6240,2611,응암,610,N,21:30:10,21:30:40,,6221,하행,2025-05-01T05:00:00,,주말
6호선,2649,신내,648,,20250619,6호선,2611,응암,610,N,6호선,6240,2617,새절,616,N,21:32:00,21:32:30,,6221,하행,2025-05-01T05:00:00,,주말
6호선,2649,신내,648,,20250619,6호선,2611,응암,610,N,6호선,6240,2618,증산,617,N,21:33:50,21:34:10,,6221,하행,2025-05-01T05:00:00,,주말
6호선,2649,신내,648,,20250619,6호선,2611,응암,610,N,6호선,6240,2619,디지털미디어시티,618,N,21:35:30,21:36:10,,6221,하행,2025-05-01T05:00:00,,주말
6호선,2649,신내,648,,20250619,6호선,2611,응암,610,N,6호선,6240,2620,월드컵경기장,619,N,21:37:20,21:37:50,,6221,하행,2025-05-01T05:00:00,,주말
6호선,2649,신내,648,,20250619,6호선,2611,응암,610,N,6호선,6240,2621,마포구청,620,N,21:39:00,21:39:30,,6221,하행,2025-05-01T05:00:00,,주말
6호선,2649,신내,648,,20250619,6호선,2611,응암,610,N,6호선,6240,2622,망원,621,N,21:40:50,21:41:20,,6221,하행,2025-05-01T05:00:00,,주말
6호선,2649,신내,648,,20250619,6호선,2611,응암,610,N,6호선,6240,2623,합정,622,N,21:42:40,21:43:20,,6221,하행,2025-05-01T05:00:00,,주말
6호선,2649,신내,648,,20250619,6호선,2611,응암,610,N,6호선,6240,2624,상수,623,N,21:44:30,21:44:50,,6221,하행,2025-05-01T05:00:00,,주말
6호선,2649,신내,648,,20250619,6호선,2611,응암,610,N,6호선,6240,2625,광흥창,624,N,21:46:00,21:46:30,,6221,하행,2025-05-01T05:00:00,,주말
6호선,2649,신내,648,,20250619,6호선,2611,응암,610,N,6호선,6240,2626,대흥,625,N,21:48:00,21:48:30,,6221,하행,2025-05-01T05:00:00,,주말
6호선,2649,신내,648,,20250619,6호선,2611,응암,610,N,6호선,6240,2627,공덕,626,N,21:49:50,21:50:30,,6221,하행,2025-05-01T05:00:00,,주말
6호선,2649,신내,648,,20250619,6호선,2611,응암,610,N,6호선,6240,2628,효창공원앞,627,N,21:51:50,21:52:20,,6221,하행,2025-05-01T05:00:00,,주말
6호선,2649,신내,648,,20250619,6호선,2611,응암,610,N,6호선,6240,2629,삼각지,628,N,21:53:50,21:54:20,,6221,하행,2025-05-01T05:00:00,,주말
6호선,2649,신내,648,,20250619,6호선,2611,응암,610,N,6호선,6240,2630,녹사평,629,N,21:56:00,21:56:20,,6221,하행,2025-05-01T05:00:00,,주말
6호선,2649,신내,648,,20250619,6호선,2611,응암,610,N,6호선,6240,2631,이태원,630,N,21:57:30,21:58:00,,6221,하행,2025-05-01T05:00:00,,주말
6호선,2649,신내,648,,20250619,6호선,2611,응암,610,N,6호선,6240,2632,한강진,631,N,21:59:30,21:59:50,,6221,하행,2025-05-01T05:00:00,,주말
6호선,2649,신내,648,,20250619,6호선,2611,응암,610,N,6호선,6240,2633,버티고개,632,N,22:01:20,22:01:40,,6221,하행,2025-05-01T05:00:00,,주말
6호선,2649,신내,648,,20250619,6호선,2611,응암,610,N,6호선,6240,2634,약수,633,N,22:02:50,22:03:30,,6221,하행,2025-05-01T05:00:00,,주말
6호선,2649,신내,648,,20250619,6호선,2611,응암,610,N,6호선,6240,2635,청구,634,N,22:04:40,22:05:10,,6221,하행,2025-05-01T05:00:00,,주말
6호선,2649,신내,648,,20250619,6호선,2611,응암,610,N,6호선,6240,2636,신당,635,N,22:06:20,22:06:50,,6221,하행,2025-05-01T05:00:00,,주말
6호선,2649,신내,648,,20250619,6호선,2611,응암,610,N,6호선,6240,2637,동묘앞,636,N,22:07:50,22:08:20,,6221,하행,2025-05-01T05:00:00,,주말
6호선,2649,신내,648,,20250619,6호선,2611,응암,610,N,6호선,6240,2638,창신,637,N,22:09:40,22:10:10,,6221,하행,2025-05-01T05:00:00,,주말
6호선,2649,신내,648,,20250619,6호선,2611,응암,610,N,6호선,6240,2639,보문,638,N,22:11:20,22:11:50,,6221,하행,2025-05-01T05:00:00,,주말
6호선,2649,신내,648,,20250619,6호선,2611,응암,610,N,6호선,6240,2640,안암,639,N,22:13:00,22:13:30,,6221,하행,2025-05-01T05:00:00,,주말
6호선,2649,신내,648,,20250619,6호선,2611,응암,610,N,6호선,6240,2641,고려대,640,N,22:14:40,22:15:10,,6221,하행,2025-05-01T05:00:00,,주말
6호선,2649,신내,648,,20250619,6호선,2611,응암,610,N,6호선,6240,2642,월곡,641,N,22:16:50,22:17:20,,6221,하행,2025-05-01T05:00:00,,주말
6호선,2649,신내,648,,20250619,6호선,2611,응암,610,N,6호선,6240,2643,상월곡,642,N,22:18:30,22:19:00,,6221,하행,2025-05-01T05:00:00,,주말
6호선,2649,신내,648,,20250619,6호선,2611,응암,610,N,6호선,6240,2644,돌곶이,643,N,22:20:10,22:20:30,,6221,하행,2025-05-01T05:00:00,,주말
6호선,2649,신내,648,,20250619,6호선,2611,응암,610,N,6호선,6240,2645,석계,644,N,22:21:50,22:22:30,,6221,하행,2025-05-01T05:00:00,,주말
6호선,2649,신내,648,,20250619,6호선,2611,응암,610,N,6호선,6240,2646,태릉입구,645,N,22:23:40,22:24:10,,6221,하행,2025-05-01T05:00:00,,주말
6호선,2649,신내,648,,20250619,6호선,2611,응암,610,N,6호선,6240,2647,화랑대,646,N,22:25:20,22:25:50,,6221,하행,2025-05-01T05:00:00,,주말
6호선,2649,신내,648,,20250619,6호선,2611,응암,610,N,6호선,6240,2648,봉화산,647,N,22:27:10,22:27:40,,6221,하행,2025-05-01T05:00:00,,주말
6호선,2649,신내,648,,20250619,6호선,2611,응암,610,N,6호선,6240,2649,신내,648,N,22:32:10,,,6221,하행,2025-05-01T05:00:00,,주말
6호선,2648,봉화산,647,,20250619,6호선,2611,응암,610,N,6호선,6238,2611,응암,610,N,,21:27:00,,6223,하행,2025-05-01T05:00:00,,주말
6호선,2648,봉화산,647,,20250619,6호선,2611,응암,610,N,6호선,6238,2612,역촌,611,N,21:28:40,21:29:00,,6223,하행,2025-05-01T05:00:00,,주말
6호선,2648,봉화산,647,,20250619,6호선,2611,응암,610,N,6호선,6238,2613,불광,612,N,21:30:20,21:30:50,,6223,하행,2025-05-01T05:00:00,,주말
6호선,2648,봉화산,647,,20250619,6호선,2611,응암,610,N,6호선,6238,2614,독바위,613,N,21:32:10,21:32:30,,6223,하행,2025-05-01T05:00:00,,주말
6호선,2648,봉화산,647,,20250619,6호선,2611,응암,610,N,6호선,6238,2615,연신내,614,N,21:34:40,21:35:20,,6223,하행,2025-05-01T05:00:00,,주말
6호선,2648,봉화산,647,,20250619,6호선,2611,응암,610,N,6호선,6238,2616,구산,615,N,21:36:40,21:37:10,,6223,하행,2025-05-01T05:00:00,,주말
6호선,2648,봉화산,647,,20250619,6호선,2611,응암,610,N,6호선,6238,2611,응암,610,N,21:39:10,21:39:40,,6223,하행,2025-05-01T05:00:00,,주말
6호선,2648,봉화산,647,,20250619,6호선,2611,응암,610,N,6호선,6238,2617,새절,616,N,21:41:00,21:41:30,,6223,하행,2025-05-01T05:00:00,,주말
6호선,2648,봉화산,647,,20250619,6호선,2611,응암,610,N,6호선,6238,2618,증산,617,N,21:42:50,21:43:10,,6223,하행,2025-05-01T05:00:00,,주말
6호선,2648,봉화산,647,,20250619,6호선,2611,응암,610,N,6호선,6238,2619,디지털미디어시티,618,N,21:44:30,21:45:10,,6223,하행,2025-05-01T05:00:00,,주말
6호선,2648,봉화산,647,,20250619,6호선,2611,응암,610,N,6호선,6238,2620,월드컵경기장,619,N,21:46:20,21:46:50,,6223,하행,2025-05-01T05:00:00,,주말
6호선,2648,봉화산,647,,20250619,6호선,2611,응암,610,N,6호선,6238,2621,마포구청,620,N,21:48:00,21:48:30,,6223,하행,2025-05-01T05:00:00,,주말
6호선,2648,봉화산,647,,20250619,6호선,2611,응암,610,N,6호선,6238,2622,망원,621,N,21:49:50,21:50:20,,6223,하행,2025-05-01T05:00:00,,주말
6호선,2648,봉화산,647,,20250619,6호선,2611,응암,610,N,6호선,6238,2623,합정,622,N,21:51:40,21:52:20,,6223,하행,2025-05-01T05:00:00,,주말
6호선,2648,봉화산,647,,20250619,6호선,2611,응암,610,N,6호선,6238,2624,상수,623,N,21:53:30,21:53:50,,6223,하행,2025-05-01T05:00:00,,주말
6호선,2648,봉화산,647,,20250619,6호선,2611,응암,610,N,6호선,6238,2625,광흥창,624,N,21:55:00,21:55:30,,6223,하행,2025-05-01T05:00:00,,주말
6호선,2648,봉화산,647,,20250619,6호선,2611,응암,610,N,6호선,6238,2626,대흥,625,N,21:57:00,21:57:30,,6223,하행,2025-05-01T05:00:00,,주말
6호선,2648,봉화산,647,,20250619,6호선,2611,응암,610,N,6호선,6238,2627,공덕,626,N,21:58:50,21:59:30,,6223,하행,2025-05-01T05:00:00,,주말
6호선,2648,봉화산,647,,20250619,6호선,2611,응암,610,N,6호선,6238,2628,효창공원앞,627,N,22:00:50,22:01:20,,6223,하행,2025-05-01T05:00:00,,주말
6호선,2648,봉화산,647,,20250619,6호선,2611,응암,610,N,6호선,6238,2629,삼각지,628,N,22:02:50,22:03:20,,6223,하행,2025-05-01T05:00:00,,주말
6호선,2648,봉화산,647,,20250619,6호선,2611,응암,610,N,6호선,6238,2630,녹사평,629,N,22:05:00,22:05:20,,6223,하행,2025-05-01T05:00:00,,주말
6호선,2648,봉화산,647,,20250619,6호선,2611,응암,610,N,6호선,6238,2631,이태원,630,N,22:06:30,22:07:00,,6223,하행,2025-05-01T05:00:00,,주말
6호선,2648,봉화산,647,,20250619,6호선,2611,응암,610,N,6호선,6238,2632,한강진,631,N,22:08:30,22:08:50,,6223,하행,2025-05-01T05:00:00,,주말
6호선,2648,봉화산,647,,20250619,6호선,2611,응암,610,N,6호선,6238,2633,버티고개,632,N,22:10:20,22:10:40,,6223,하행,2025-05-01T05:00:00,,주말
6호선,2648,봉화산,647,,20250619,6호선,2611,응암,610,N,6호선,6238,2634,약수,633,N,22:11:50,22:12:30,,6223,하행,2025-05-01T05:00:00,,주말
6호선,2648,봉화산,647,,20250619,6호선,2611,응암,610,N,6호선,6238,2635,청구,634,N,22:13:40,22:14:10,,6223,하행,2025-05-01T05:00:00,,주말
6호선,2648,봉화산,647,,20250619,6호선,2611,응암,610,N,6호선,6238,2636,신당,635,N,22:15:20,22:15:50,,6223,하행,2025-05-01T05:00:00,,주말
6호선,2648,봉화산,647,,20250619,6호선,2611,응암,610,N,6호선,6238,2637,동묘앞,636,N,22:16:50,22:17:20,,6223,하행,2025-05-01T05:00:00,,주말
6호선,2648,봉화산,647,,20250619,6호선,2611,응암,610,N,6호선,6238,2638,창신,637,N,22:18:40,22:19:10,,6223,하행,2025-05-01T05:00:00,,주말
6호선,2648,봉화산,647,,20250619,6호선,2611,응암,610,N,6호선,6238,2639,보문,638,N,22:20:20,22:20:50,,6223,하행,2025-05-01T05:00:00,,주말
6호선,2648,봉화산,647,,20250619,6호선,2611,응암,610,N,6호선,6238,2640,안암,639,N,22:22:00,22:22:30,,6223,하행,2025-05-01T05:00:00,,주말
6호선,2648,봉화산,647,,20250619,6호선,2611,응암,610,N,6호선,6238,2641,고려대,640,N,22:23:40,22:24:10,,6223,하행,2025-05-01T05:00:00,,주말
6호선,2648,봉화산,647,,20250619,6호선,2611,응암,610,N,6호선,6238,2642,월곡,641,N,22:25:50,22:26:20,,6223,하행,2025-05-01T05:00:00,,주말
6호선,2648,봉화산,647,,20250619,6호선,2611,응암,610,N,6호선,6238,2643,상월곡,642,N,22:27:30,22:28:00,,6223,하행,2025-05-01T05:00:00,,주말
6호선,2648,봉화산,647,,20250619,6호선,2611,응암,610,N,6호선,6238,2644,돌곶이,643,N,22:29:10,22:29:30,,6223,하행,2025-05-01T05:00:00,,주말
6호선,2648,봉화산,647,,20250619,6호선,2611,응암,610,N,6호선,6238,2645,석계,644,N,22:30:50,22:31:30,,6223,하행,2025-05-01T05:00:00,,주말
6호선,2648,봉화산,647,,20250619,6호선,2611,응암,610,N,6호선,6238,2646,태릉입구,645,N,22:32:40,22:33:10,,6223,하행,2025-05-01T05:00:00,,주말
6호선,2648,봉화산,647,,20250619,6호선,2611,응암,610,N,6호선,6238,2647,화랑대,646,N,22:34:20,22:34:50,,6223,하행,2025-05-01T05:00:00,,주말
6호선,2648,봉화산,647,,20250619,6호선,2611,응암,610,N,6호선,6238,2648,봉화산,647,N,22:36:10,,,6223,하행,2025-05-01T05:00:00,,주말
6호선,2648,봉화산,647,,20250619,6호선,2611,응암,610,N,6호선,6242,2611,응암,610,N,,21:37:00,,6225,하행,2025-05-01T05:00:00,,주말
6호선,2648,봉화산,647,,20250619,6호선,2611,응암,610,N,6호선,6242,2612,역촌,611,N,21:38:40,21:39:00,,6225,하행,2025-05-01T05:00:00,,주말
6호선,2648,봉화산,647,,20250619,6호선,2611,응암,610,N,6호선,6242,2613,불광,612,N,21:40:20,21:40:50,,6225,하행,2025-05-01T05:00:00,,주말
6호선,2648,봉화산,647,,20250619,6호선,2611,응암,610,N,6호선,6242,2614,독바위,613,N,21:42:10,21:42:30,,6225,하행,2025-05-01T05:00:00,,주말
6호선,2648,봉화산,647,,20250619,6호선,2611,응암,610,N,6호선,6242,2615,연신내,614,N,21:44:40,21:45:20,,6225,하행,2025-05-01T05:00:00,,주말
6호선,2648,봉화산,647,,20250619,6호선,2611,응암,610,N,6호선,6242,2616,구산,615,N,21:46:40,21:47:10,,6225,하행,2025-05-01T05:00:00,,주말
6호선,2648,봉화산,647,,20250619,6호선,2611,응암,610,N,6호선,6242,2611,응암,610,N,21:49:10,21:49:40,,6225,하행,2025-05-01T05:00:00,,주말
6호선,2648,봉화산,647,,20250619,6호선,2611,응암,610,N,6호선,6242,2617,새절,616,N,21:51:00,21:51:30,,6225,하행,2025-05-01T05:00:00,,주말
6호선,2648,봉화산,647,,20250619,6호선,2611,응암,610,N,6호선,6242,2618,증산,617,N,21:52:50,21:53:10,,6225,하행,2025-05-01T05:00:00,,주말
6호선,2648,봉화산,647,,20250619,6호선,2611,응암,610,N,6호선,6242,2619,디지털미디어시티,618,N,21:54:30,21:55:10,,6225,하행,2025-05-01T05:00:00,,주말
6호선,2648,봉화산,647,,20250619,6호선,2611,응암,610,N,6호선,6242,2620,월드컵경기장,619,N,21:56:20,21:56:50,,6225,하행,2025-05-01T05:00:00,,주말
6호선,2648,봉화산,647,,20250619,6호선,2611,응암,610,N,6호선,6242,2621,마포구청,620,N,21:58:00,21:58:30,,6225,하행,2025-05-01T05:00:00,,주말
6호선,2648,봉화산,647,,20250619,6호선,2611,응암,610,N,6호선,6242,2622,망원,621,N,21:59:50,22:00:20,,6225,하행,2025-05-01T05:00:00,,주말
6호선,2648,봉화산,647,,20250619,6호선,2611,응암,610,N,6호선,6242,2623,합정,622,N,22:01:40,22:02:20,,6225,하행,2025-05-01T05:00:00,,주말
6호선,2648,봉화산,647,,20250619,6호선,2611,응암,610,N,6호선,6242,2624,상수,623,N,22:03:30,22:03:50,,6225,하행,2025-05-01T05:00:00,,주말
6호선,2648,봉화산,647,,20250619,6호선,2611,응암,610,N,6호선,6242,2625,광흥창,624,N,22:05:00,22:05:30,,6225,하행,2025-05-01T05:00:00,,주말
6호선,2648,봉화산,647,,20250619,6호선,2611,응암,610,N,6호선,6242,2626,대흥,625,N,22:07:00,22:07:30,,6225,하행,2025-05-01T05:00:00,,주말
6호선,2648,봉화산,647,,20250619,6호선,2611,응암,610,N,6호선,6242,2627,공덕,626,N,22:08:50,22:09:30,,6225,하행,2025-05-01T05:00:00,,주말
6호선,2648,봉화산,647,,20250619,6호선,2611,응암,610,N,6호선,6242,2628,효창공원앞,627,N,22:10:50,22:11:20,,6225,하행,2025-05-01T05:00:00,,주말
6호선,2648,봉화산,647,,20250619,6호선,2611,응암,610,N,6호선,6242,2629,삼각지,628,N,22:12:50,22:13:20,,6225,하행,2025-05-01T05:00:00,,주말
6호선,2648,봉화산,647,,20250619,6호선,2611,응암,610,N,6호선,6242,2630,녹사평,629,N,22:15:00,22:15:20,,6225,하행,2025-05-01T05:00:00,,주말
6호선,2648,봉화산,647,,20250619,6호선,2611,응암,610,N,6호선,6242,2631,이태원,630,N,22:16:30,22:17:00,,6225,하행,2025-05-01T05:00:00,,주말
6호선,2648,봉화산,647,,20250619,6호선,2611,응암,610,N,6호선,6242,2632,한강진,631,N,22:18:30,22:18:50,,6225,하행,2025-05-01T05:00:00,,주말
6호선,2648,봉화산,647,,20250619,6호선,2611,응암,610,N,6호선,6242,2633,버티고개,632,N,22:20:20,22:20:40,,6225,하행,2025-05-01T05:00:00,,주말
6호선,2648,봉화산,647,,20250619,6호선,2611,응암,610,N,6호선,6242,2634,약수,633,N,22:21:50,22:22:30,,6225,하행,2025-05-01T05:00:00,,주말
6호선,2648,봉화산,647,,20250619,6호선,2611,응암,610,N,6호선,6242,2635,청구,634,N,22:23:40,22:24:10,,6225,하행,2025-05-01T05:00:00,,주말
6호선,2648,봉화산,647,,20250619,6호선,2611,응암,610,N,6호선,6242,2636,신당,635,N,22:25:20,22:25:50,,6225,하행,2025-05-01T05:00:00,,주말
6호선,2648,봉화산,647,,20250619,6호선,2611,응암,610,N,6호선,6242,2637,동묘앞,636,N,22:26:50,22:27:20,,6225,하행,2025-05-01T05:00:00,,주말
6호선,2648,봉화산,647,,20250619,6호선,2611,응암,610,N,6호선,6242,2638,창신,637,N,22:28:40,22:29:10,,6225,하행,2025-05-01T05:00:00,,주말
6호선,2648,봉화산,647,,20250619,6호선,2611,응암,610,N,6호선,6242,2639,보문,638,N,22:30:20,22:30:50,,6225,하행,2025-05-01T05:00:00,,주말
6호선,2648,봉화산,647,,20250619,6호선,2611,응암,610,N,6호선,6242,2640,안암,639,N,22:32:00,22:32:30,,6225,하행,2025-05-01T05:00:00,,주말
6호선,2648,봉화산,647,,20250619,6호선,2611,응암,610,N,6호선,6242,2641,고려대,640,N,22:33:40,22:34:10,,6225,하행,2025-05-01T05:00:00,,주말
6호선,2648,봉화산,647,,20250619,6호선,2611,응암,610,N,6호선,6242,2642,월곡,641,N,22:35:50,22:36:20,,6225,하행,2025-05-01T05:00:00,,주말
6호선,2648,봉화산,647,,20250619,6호선,2611,응암,610,N,6호선,6242,2643,상월곡,642,N,22:37:30,22:38:00,,6225,하행,2025-05-01T05:00:00,,주말
6호선,2648,봉화산,647,,20250619,6호선,2611,응암,610,N,6호선,6242,2644,돌곶이,643,N,22:39:10,22:39:30,,6225,하행,2025-05-01T05:00:00,,주말
6호선,2648,봉화산,647,,20250619,6호선,2611,응암,610,N,6호선,6242,2645,석계,644,N,22:40:50,22:41:30,,6225,하행,2025-05-01T05:00:00,,주말
6호선,2648,봉화산,647,,20250619,6호선,2611,응암,610,N,6호선,6242,2646,태릉입구,645,N,22:42:40,22:43:10,,6225,하행,2025-05-01T05:00:00,,주말
6호선,2648,봉화산,647,,20250619,6호선,2611,응암,610,N,6호선,6242,2647,화랑대,646,N,22:44:20,22:44:50,,6225,하행,2025-05-01T05:00:00,,주말
6호선,2648,봉화산,647,,20250619,6호선,2611,응암,610,N,6호선,6242,2648,봉화산,647,N,22:46:10,,,6225,하행,2025-05-01T05:00:00,,주말
6호선,2649,신내,648,,20250619,6호선,2611,응암,610,N,6호선,6244,2611,응암,610,N,,21:47:00,,6227,하행,2025-05-01T05:00:00,,주말
6호선,2649,신내,648,,20250619,6호선,2611,응암,610,N,6호선,6244,2612,역촌,611,N,21:48:40,21:49:00,,6227,하행,2025-05-01T05:00:00,,주말
6호선,2649,신내,648,,20250619,6호선,2611,응암,610,N,6호선,6244,2613,불광,612,N,21:50:20,21:50:50,,6227,하행,2025-05-01T05:00:00,,주말
6호선,2649,신내,648,,20250619,6호선,2611,응암,610,N,6호선,6244,2614,독바위,613,N,21:52:10,21:52:30,,6227,하행,2025-05-01T05:00:00,,주말
6호선,2649,신내,648,,20250619,6호선,2611,응암,610,N,6호선,6244,2615,연신내,614,N,21:54:40,21:55:20,,6227,하행,2025-05-01T05:00:00,,주말
6호선,2649,신내,648,,20250619,6호선,2611,응암,610,N,6호선,6244,2616,구산,615,N,21:56:40,21:57:10,,6227,하행,2025-05-01T05:00:00,,주말
6호선,2649,신내,648,,20250619,6호선,2611,응암,610,N,6호선,6244,2611,응암,610,N,21:59:10,21:59:40,,6227,하행,2025-05-01T05:00:00,,주말
6호선,2649,신내,648,,20250619,6호선,2611,응암,610,N,6호선,6244,2617,새절,616,N,22:01:00,22:01:30,,6227,하행,2025-05-01T05:00:00,,주말
6호선,2649,신내,648,,20250619,6호선,2611,응암,610,N,6호선,6244,2618,증산,617,N,22:02:50,22:03:10,,6227,하행,2025-05-01T05:00:00,,주말
6호선,2649,신내,648,,20250619,6호선,2611,응암,610,N,6호선,6244,2619,디지털미디어시티,618,N,22:04:30,22:05:10,,6227,하행,2025-05-01T05:00:00,,주말
6호선,2649,신내,648,,20250619,6호선,2611,응암,610,N,6호선,6244,2620,월드컵경기장,619,N,22:06:20,22:06:50,,6227,하행,2025-05-01T05:00:00,,주말
6호선,2649,신내,648,,20250619,6호선,2611,응암,610,N,6호선,6244,2621,마포구청,620,N,22:08:00,22:08:30,,6227,하행,2025-05-01T05:00:00,,주말
6호선,2649,신내,648,,20250619,6호선,2611,응암,610,N,6호선,6244,2622,망원,621,N,22:09:50,22:10:20,,6227,하행,2025-05-01T05:00:00,,주말
6호선,2649,신내,648,,20250619,6호선,2611,응암,610,N,6호선,6244,2623,합정,622,N,22:11:40,22:12:20,,6227,하행,2025-05-01T05:00:00,,주말
6호선,2649,신내,648,,20250619,6호선,2611,응암,610,N,6호선,6244,2624,상수,623,N,22:13:30,22:13:50,,6227,하행,2025-05-01T05:00:00,,주말
6호선,2649,신내,648,,20250619,6호선,2611,응암,610,N,6호선,6244,2625,광흥창,624,N,22:15:00,22:15:30,,6227,하행,2025-05-01T05:00:00,,주말
6호선,2649,신내,648,,20250619,6호선,2611,응암,610,N,6호선,6244,2626,대흥,625,N,22:17:00,22:17:30,,6227,하행,2025-05-01T05:00:00,,주말
6호선,2649,신내,648,,20250619,6호선,2611,응암,610,N,6호선,6244,2627,공덕,626,N,22:18:50,22:19:30,,6227,하행,2025-05-01T05:00:00,,주말
6호선,2649,신내,648,,20250619,6호선,2611,응암,610,N,6호선,6244,2628,효창공원앞,627,N,22:20:50,22:21:20,,6227,하행,2025-05-01T05:00:00,,주말
6호선,2649,신내,648,,20250619,6호선,2611,응암,610,N,6호선,6244,2629,삼각지,628,N,22:22:50,22:23:20,,6227,하행,2025-05-01T05:00:00,,주말
6호선,2649,신내,648,,20250619,6호선,2611,응암,610,N,6호선,6244,2630,녹사평,629,N,22:25:00,22:25:20,,6227,하행,2025-05-01T05:00:00,,주말
6호선,2649,신내,648,,20250619,6호선,2611,응암,610,N,6호선,6244,2631,이태원,630,N,22:26:30,22:27:00,,6227,하행,2025-05-01T05:00:00,,주말
6호선,2649,신내,648,,20250619,6호선,2611,응암,610,N,6호선,6244,2632,한강진,631,N,22:28:30,22:28:50,,6227,하행,2025-05-01T05:00:00,,주말
6호선,2649,신내,648,,20250619,6호선,2611,응암,610,N,6호선,6244,2633,버티고개,632,N,22:30:20,22:30:40,,6227,하행,2025-05-01T05:00:00,,주말
6호선,2649,신내,648,,20250619,6호선,2611,응암,610,N,6호선,6244,2634,약수,633,N,22:31:50,22:32:30,,6227,하행,2025-05-01T05:00:00,,주말
6호선,2649,신내,648,,20250619,6호선,2611,응암,610,N,6호선,6244,2635,청구,634,N,22:33:40,22:34:10,,6227,하행,2025-05-01T05:00:00,,주말
6호선,2649,신내,648,,20250619,6호선,2611,응암,610,N,6호선,6244,2636,신당,635,N,22:35:20,22:35:50,,6227,하행,2025-05-01T05:00:00,,주말
6호선,2649,신내,648,,20250619,6호선,2611,응암,610,N,6호선,6244,2637,동묘앞,636,N,22:36:50,22:37:20,,6227,하행,2025-05-01T05:00:00,,주말
6호선,2649,신내,648,,20250619,6호선,2611,응암,610,N,6호선,6244,2638,창신,637,N,22:38:40,22:39:10,,6227,하행,2025-05-01T05:00:00,,주말
6호선,2649,신내,648,,20250619,6호선,2611,응암,610,N,6호선,6244,2639,보문,638,N,22:40:20,22:40:50,,6227,하행,2025-05-01T05:00:00,,주말
6호선,2649,신내,648,,20250619,6호선,2611,응암,610,N,6호선,6244,2640,안암,639,N,22:42:00,22:42:30,,6227,하행,2025-05-01T05:00:00,,주말
6호선,2649,신내,648,,20250619,6호선,2611,응암,610,N,6호선,6244,2641,고려대,640,N,22:43:40,22:44:10,,6227,하행,2025-05-01T05:00:00,,주말
6호선,2649,신내,648,,20250619,6호선,2611,응암,610,N,6호선,6244,2642,월곡,641,N,22:45:50,22:46:20,,6227,하행,2025-05-01T05:00:00,,주말
6호선,2649,신내,648,,20250619,6호선,2611,응암,610,N,6호선,6244,2643,상월곡,642,N,22:47:30,22:48:00,,6227,하행,2025-05-01T05:00:00,,주말
6호선,2649,신내,648,,20250619,6호선,2611,응암,610,N,6호선,6244,2644,돌곶이,643,N,22:49:10,22:49:30,,6227,하행,2025-05-01T05:00:00,,주말
6호선,2649,신내,648,,20250619,6호선,2611,응암,610,N,6호선,6244,2645,석계,644,N,22:50:50,22:51:30,,6227,하행,2025-05-01T05:00:00,,주말
6호선,2649,신내,648,,20250619,6호선,2611,응암,610,N,6호선,6244,2646,태릉입구,645,N,22:52:40,22:53:10,,6227,하행,2025-05-01T05:00:00,,주말
6호선,2649,신내,648,,20250619,6호선,2611,응암,610,N,6호선,6244,2647,화랑대,646,N,22:54:20,22:54:50,,6227,하행,2025-05-01T05:00:00,,주말
6호선,2649,신내,648,,20250619,6호선,2611,응암,610,N,6호선,6244,2648,봉화산,647,N,22:56:10,22:56:40,,6227,하행,2025-05-01T05:00:00,,주말
6호선,2649,신내,648,,20250619,6호선,2611,응암,610,N,6호선,6244,2649,신내,648,N,23:01:10,,,6227,하행,2025-05-01T05:00:00,,주말
6호선,2648,봉화산,647,,20250619,6호선,2611,응암,610,N,6호선,6246,2611,응암,610,N,,21:57:00,,6229,하행,2025-05-01T05:00:00,,주말
6호선,2648,봉화산,647,,20250619,6호선,2611,응암,610,N,6호선,6246,2612,역촌,611,N,21:58:40,21:59:00,,6229,하행,2025-05-01T05:00:00,,주말
6호선,2648,봉화산,647,,20250619,6호선,2611,응암,610,N,6호선,6246,2613,불광,612,N,22:00:20,22:00:50,,6229,하행,2025-05-01T05:00:00,,주말
6호선,2648,봉화산,647,,20250619,6호선,2611,응암,610,N,6호선,6246,2614,독바위,613,N,22:02:10,22:02:30,,6229,하행,2025-05-01T05:00:00,,주말
6호선,2648,봉화산,647,,20250619,6호선,2611,응암,610,N,6호선,6246,2615,연신내,614,N,22:04:40,22:05:20,,6229,하행,2025-05-01T05:00:00,,주말
6호선,2648,봉화산,647,,20250619,6호선,2611,응암,610,N,6호선,6246,2616,구산,615,N,22:06:40,22:07:10,,6229,하행,2025-05-01T05:00:00,,주말
6호선,2648,봉화산,647,,20250619,6호선,2611,응암,610,N,6호선,6246,2611,응암,610,N,22:09:10,22:09:40,,6229,하행,2025-05-01T05:00:00,,주말
6호선,2648,봉화산,647,,20250619,6호선,2611,응암,610,N,6호선,6246,2617,새절,616,N,22:11:00,22:11:30,,6229,하행,2025-05-01T05:00:00,,주말
6호선,2648,봉화산,647,,20250619,6호선,2611,응암,610,N,6호선,6246,2618,증산,617,N,22:12:50,22:13:10,,6229,하행,2025-05-01T05:00:00,,주말
6호선,2648,봉화산,647,,20250619,6호선,2611,응암,610,N,6호선,6246,2619,디지털미디어시티,618,N,22:14:30,22:15:10,,6229,하행,2025-05-01T05:00:00,,주말
6호선,2648,봉화산,647,,20250619,6호선,2611,응암,610,N,6호선,6246,2620,월드컵경기장,619,N,22:16:20,22:16:50,,6229,하행,2025-05-01T05:00:00,,주말
6호선,2648,봉화산,647,,20250619,6호선,2611,응암,610,N,6호선,6246,2621,마포구청,620,N,22:18:00,22:18:30,,6229,하행,2025-05-01T05:00:00,,주말
6호선,2648,봉화산,647,,20250619,6호선,2611,응암,610,N,6호선,6246,2622,망원,621,N,22:19:50,22:20:20,,6229,하행,2025-05-01T05:00:00,,주말
6호선,2648,봉화산,647,,20250619,6호선,2611,응암,610,N,6호선,6246,2623,합정,622,N,22:21:40,22:22:20,,6229,하행,2025-05-01T05:00:00,,주말
6호선,2648,봉화산,647,,20250619,6호선,2611,응암,610,N,6호선,6246,2624,상수,623,N,22:23:30,22:23:50,,6229,하행,2025-05-01T05:00:00,,주말
6호선,2648,봉화산,647,,20250619,6호선,2611,응암,610,N,6호선,6246,2625,광흥창,624,N,22:25:00,22:25:30,,6229,하행,2025-05-01T05:00:00,,주말
6호선,2648,봉화산,647,,20250619,6호선,2611,응암,610,N,6호선,6246,2626,대흥,625,N,22:27:00,22:27:30,,6229,하행,2025-05-01T05:00:00,,주말
6호선,2648,봉화산,647,,20250619,6호선,2611,응암,610,N,6호선,6246,2627,공덕,626,N,22:28:50,22:29:30,,6229,하행,2025-05-01T05:00:00,,주말
6호선,2648,봉화산,647,,20250619,6호선,2611,응암,610,N,6호선,6246,2628,효창공원앞,627,N,22:30:50,22:31:20,,6229,하행,2025-05-01T05:00:00,,주말
6호선,2648,봉화산,647,,20250619,6호선,2611,응암,610,N,6호선,6246,2629,삼각지,628,N,22:32:50,22:33:20,,6229,하행,2025-05-01T05:00:00,,주말
6호선,2648,봉화산,647,,20250619,6호선,2611,응암,610,N,6호선,6246,2630,녹사평,629,N,22:35:00,22:35:20,,6229,하행,2025-05-01T05:00:00,,주말
6호선,2648,봉화산,647,,20250619,6호선,2611,응암,610,N,6호선,6246,2631,이태원,630,N,22:36:30,22:37:00,,6229,하행,2025-05-01T05:00:00,,주말
6호선,2648,봉화산,647,,20250619,6호선,2611,응암,610,N,6호선,6246,2632,한강진,631,N,22:38:30,22:38:50,,6229,하행,2025-05-01T05:00:00,,주말
6호선,2648,봉화산,647,,20250619,6호선,2611,응암,610,N,6호선,6246,2633,버티고개,632,N,22:40:20,22:40:40,,6229,하행,2025-05-01T05:00:00,,주말
6호선,2648,봉화산,647,,20250619,6호선,2611,응암,610,N,6호선,6246,2634,약수,633,N,22:41:50,22:42:30,,6229,하행,2025-05-01T05:00:00,,주말
6호선,2648,봉화산,647,,20250619,6호선,2611,응암,610,N,6호선,6246,2635,청구,634,N,22:43:40,22:44:10,,6229,하행,2025-05-01T05:00:00,,주말
6호선,2648,봉화산,647,,20250619,6호선,2611,응암,610,N,6호선,6246,2636,신당,635,N,22:45:20,22:45:50,,6229,하행,2025-05-01T05:00:00,,주말
6호선,2648,봉화산,647,,20250619,6호선,2611,응암,610,N,6호선,6246,2637,동묘앞,636,N,22:46:50,22:47:20,,6229,하행,2025-05-01T05:00:00,,주말
6호선,2648,봉화산,647,,20250619,6호선,2611,응암,610,N,6호선,6246,2638,창신,637,N,22:48:40,22:49:10,,6229,하행,2025-05-01T05:00:00,,주말
6호선,2648,봉화산,647,,20250619,6호선,2611,응암,610,N,6호선,6246,2639,보문,638,N,22:50:20,22:50:50,,6229,하행,2025-05-01T05:00:00,,주말
6호선,2648,봉화산,647,,20250619,6호선,2611,응암,610,N,6호선,6246,2640,안암,639,N,22:52:00,22:52:30,,6229,하행,2025-05-01T05:00:00,,주말
6호선,2648,봉화산,647,,20250619,6호선,2611,응암,610,N,6호선,6246,2641,고려대,640,N,22:53:40,22:54:10,,6229,하행,2025-05-01T05:00:00,,주말
6호선,2648,봉화산,647,,20250619,6호선,2611,응암,610,N,6호선,6246,2642,월곡,641,N,22:55:50,22:56:20,,6229,하행,2025-05-01T05:00:00,,주말
6호선,2648,봉화산,647,,20250619,6호선,2611,응암,610,N,6호선,6246,2643,상월곡,642,N,22:57:30,22:58:00,,6229,하행,2025-05-01T05:00:00,,주말
6호선,2648,봉화산,647,,20250619,6호선,2611,응암,610,N,6호선,6246,2644,돌곶이,643,N,22:59:10,22:59:30,,6229,하행,2025-05-01T05:00:00,,주말
6호선,2648,봉화산,647,,20250619,6호선,2611,응암,610,N,6호선,6246,2645,석계,644,N,23:00:50,23:01:30,,6229,하행,2025-05-01T05:00:00,,주말
6호선,2648,봉화산,647,,20250619,6호선,2611,응암,610,N,6호선,6246,2646,태릉입구,645,N,23:02:40,23:03:10,,6229,하행,2025-05-01T05:00:00,,주말
6호선,2648,봉화산,647,,20250619,6호선,2611,응암,610,N,6호선,6246,2647,화랑대,646,N,23:04:20,23:04:50,,6229,하행,2025-05-01T05:00:00,,주말
6호선,2648,봉화산,647,,20250619,6호선,2611,응암,610,N,6호선,6246,2648,봉화산,647,N,23:06:10,,,6229,하행,2025-05-01T05:00:00,,주말
6호선,2648,봉화산,647,,20250619,6호선,2611,응암,610,N,6호선,6248,2611,응암,610,N,,22:07:00,,6231,하행,2025-05-01T05:00:00,,주말
6호선,2648,봉화산,647,,20250619,6호선,2611,응암,610,N,6호선,6248,2612,역촌,611,N,22:08:40,22:09:00,,6231,하행,2025-05-01T05:00:00,,주말
6호선,2648,봉화산,647,,20250619,6호선,2611,응암,610,N,6호선,6248,2613,불광,612,N,22:10:20,22:10:50,,6231,하행,2025-05-01T05:00:00,,주말
6호선,2648,봉화산,647,,20250619,6호선,2611,응암,610,N,6호선,6248,2614,독바위,613,N,22:12:10,22:12:30,,6231,하행,2025-05-01T05:00:00,,주말
6호선,2648,봉화산,647,,20250619,6호선,2611,응암,610,N,6호선,6248,2615,연신내,614,N,22:14:40,22:15:20,,6231,하행,2025-05-01T05:00:00,,주말
6호선,2648,봉화산,647,,20250619,6호선,2611,응암,610,N,6호선,6248,2616,구산,615,N,22:16:40,22:17:10,,6231,하행,2025-05-01T05:00:00,,주말
6호선,2648,봉화산,647,,20250619,6호선,2611,응암,610,N,6호선,6248,2611,응암,610,N,22:19:10,22:19:40,,6231,하행,2025-05-01T05:00:00,,주말
6호선,2648,봉화산,647,,20250619,6호선,2611,응암,610,N,6호선,6248,2617,새절,616,N,22:21:00,22:21:30,,6231,하행,2025-05-01T05:00:00,,주말
6호선,2648,봉화산,647,,20250619,6호선,2611,응암,610,N,6호선,6248,2618,증산,617,N,22:22:50,22:23:10,,6231,하행,2025-05-01T05:00:00,,주말
6호선,2648,봉화산,647,,20250619,6호선,2611,응암,610,N,6호선,6248,2619,디지털미디어시티,618,N,22:24:30,22:25:10,,6231,하행,2025-05-01T05:00:00,,주말
6호선,2648,봉화산,647,,20250619,6호선,2611,응암,610,N,6호선,6248,2620,월드컵경기장,619,N,22:26:20,22:26:50,,6231,하행,2025-05-01T05:00:00,,주말
6호선,2648,봉화산,647,,20250619,6호선,2611,응암,610,N,6호선,6248,2621,마포구청,620,N,22:28:00,22:28:30,,6231,하행,2025-05-01T05:00:00,,주말
6호선,2648,봉화산,647,,20250619,6호선,2611,응암,610,N,6호선,6248,2622,망원,621,N,22:29:50,22:30:20,,6231,하행,2025-05-01T05:00:00,,주말
6호선,2648,봉화산,647,,20250619,6호선,2611,응암,610,N,6호선,6248,2623,합정,622,N,22:31:40,22:32:20,,6231,하행,2025-05-01T05:00:00,,주말
6호선,2648,봉화산,647,,20250619,6호선,2611,응암,610,N,6호선,6248,2624,상수,623,N,22:33:30,22:33:50,,6231,하행,2025-05-01T05:00:00,,주말
6호선,2648,봉화산,647,,20250619,6호선,2611,응암,610,N,6호선,6248,2625,광흥창,624,N,22:35:00,22:35:30,,6231,하행,2025-05-01T05:00:00,,주말
6호선,2648,봉화산,647,,20250619,6호선,2611,응암,610,N,6호선,6248,2626,대흥,625,N,22:37:00,22:37:30,,6231,하행,2025-05-01T05:00:00,,주말
6호선,2648,봉화산,647,,20250619,6호선,2611,응암,610,N,6호선,6248,2627,공덕,626,N,22:38:50,22:39:30,,6231,하행,2025-05-01T05:00:00,,주말
6호선,2648,봉화산,647,,20250619,6호선,2611,응암,610,N,6호선,6248,2628,효창공원앞,627,N,22:40:50,22:41:20,,6231,하행,2025-05-01T05:00:00,,주말
6호선,2648,봉화산,647,,20250619,6호선,2611,응암,610,N,6호선,6248,2629,삼각지,628,N,22:42:50,22:43:20,,6231,하행,2025-05-01T05:00:00,,주말
6호선,2648,봉화산,647,,20250619,6호선,2611,응암,610,N,6호선,6248,2630,녹사평,629,N,22:45:00,22:45:20,,6231,하행,2025-05-01T05:00:00,,주말
6호선,2648,봉화산,647,,20250619,6호선,2611,응암,610,N,6호선,6248,2631,이태원,630,N,22:46:30,22:47:00,,6231,하행,2025-05-01T05:00:00,,주말
6호선,2648,봉화산,647,,20250619,6호선,2611,응암,610,N,6호선,6248,2632,한강진,631,N,22:48:30,22:48:50,,6231,하행,2025-05-01T05:00:00,,주말
6호선,2648,봉화산,647,,20250619,6호선,2611,응암,610,N,6호선,6248,2633,버티고개,632,N,22:50:20,22:50:40,,6231,하행,2025-05-01T05:00:00,,주말
6호선,2648,봉화산,647,,20250619,6호선,2611,응암,610,N,6호선,6248,2634,약수,633,N,22:51:50,22:52:30,,6231,하행,2025-05-01T05:00:00,,주말
6호선,2648,봉화산,647,,20250619,6호선,2611,응암,610,N,6호선,6248,2635,청구,634,N,22:53:40,22:54:10,,6231,하행,2025-05-01T05:00:00,,주말
6호선,2648,봉화산,647,,20250619,6호선,2611,응암,610,N,6호선,6248,2636,신당,635,N,22:55:20,22:55:50,,6231,하행,2025-05-01T05:00:00,,주말
6호선,2648,봉화산,647,,20250619,6호선,2611,응암,610,N,6호선,6248,2637,동묘앞,636,N,22:56:50,22:57:20,,6231,하행,2025-05-01T05:00:00,,주말
6호선,2648,봉화산,647,,20250619,6호선,2611,응암,610,N,6호선,6248,2638,창신,637,N,22:58:40,22:59:10,,6231,하행,2025-05-01T05:00:00,,주말
6호선,2648,봉화산,647,,20250619,6호선,2611,응암,610,N,6호선,6248,2639,보문,638,N,23:00:20,23:00:50,,6231,하행,2025-05-01T05:00:00,,주말
6호선,2648,봉화산,647,,20250619,6호선,2611,응암,610,N,6호선,6248,2640,안암,639,N,23:02:00,23:02:30,,6231,하행,2025-05-01T05:00:00,,주말
6호선,2648,봉화산,647,,20250619,6호선,2611,응암,610,N,6호선,6248,2641,고려대,640,N,23:03:40,23:04:10,,6231,하행,2025-05-01T05:00:00,,주말
6호선,2648,봉화산,647,,20250619,6호선,2611,응암,610,N,6호선,6248,2642,월곡,641,N,23:05:50,23:06:20,,6231,하행,2025-05-01T05:00:00,,주말
6호선,2648,봉화산,647,,20250619,6호선,2611,응암,610,N,6호선,6248,2643,상월곡,642,N,23:07:30,23:08:00,,6231,하행,2025-05-01T05:00:00,,주말
6호선,2648,봉화산,647,,20250619,6호선,2611,응암,610,N,6호선,6248,2644,돌곶이,643,N,23:09:10,23:09:30,,6231,하행,2025-05-01T05:00:00,,주말
6호선,2648,봉화산,647,,20250619,6호선,2611,응암,610,N,6호선,6248,2645,석계,644,N,23:10:50,23:11:30,,6231,하행,2025-05-01T05:00:00,,주말
6호선,2648,봉화산,647,,20250619,6호선,2611,응암,610,N,6호선,6248,2646,태릉입구,645,N,23:12:40,23:13:10,,6231,하행,2025-05-01T05:00:00,,주말
6호선,2648,봉화산,647,,20250619,6호선,2611,응암,610,N,6호선,6248,2647,화랑대,646,N,23:14:20,23:14:50,,6231,하행,2025-05-01T05:00:00,,주말
6호선,2648,봉화산,647,,20250619,6호선,2611,응암,610,N,6호선,6248,2648,봉화산,647,N,23:16:10,,,6231,하행,2025-05-01T05:00:00,,주말
6호선,2649,신내,648,,20250619,6호선,2611,응암,610,N,6호선,6250,2611,응암,610,N,,22:17:00,,6233,하행,2025-05-01T05:00:00,,주말
6호선,2649,신내,648,,20250619,6호선,2611,응암,610,N,6호선,6250,2612,역촌,611,N,22:18:40,22:19:00,,6233,하행,2025-05-01T05:00:00,,주말
6호선,2649,신내,648,,20250619,6호선,2611,응암,610,N,6호선,6250,2613,불광,612,N,22:20:20,22:20:50,,6233,하행,2025-05-01T05:00:00,,주말
6호선,2649,신내,648,,20250619,6호선,2611,응암,610,N,6호선,6250,2614,독바위,613,N,22:22:10,22:22:30,,6233,하행,2025-05-01T05:00:00,,주말
6호선,2649,신내,648,,20250619,6호선,2611,응암,610,N,6호선,6250,2615,연신내,614,N,22:24:40,22:25:20,,6233,하행,2025-05-01T05:00:00,,주말
6호선,2649,신내,648,,20250619,6호선,2611,응암,610,N,6호선,6250,2616,구산,615,N,22:26:40,22:27:10,,6233,하행,2025-05-01T05:00:00,,주말
6호선,2649,신내,648,,20250619,6호선,2611,응암,610,N,6호선,6250,2611,응암,610,N,22:29:10,22:29:40,,6233,하행,2025-05-01T05:00:00,,주말
6호선,2649,신내,648,,20250619,6호선,2611,응암,610,N,6호선,6250,2617,새절,616,N,22:31:00,22:31:30,,6233,하행,2025-05-01T05:00:00,,주말
6호선,2649,신내,648,,20250619,6호선,2611,응암,610,N,6호선,6250,2618,증산,617,N,22:32:50,22:33:10,,6233,하행,2025-05-01T05:00:00,,주말
6호선,2649,신내,648,,20250619,6호선,2611,응암,610,N,6호선,6250,2619,디지털미디어시티,618,N,22:34:30,22:35:10,,6233,하행,2025-05-01T05:00:00,,주말
6호선,2649,신내,648,,20250619,6호선,2611,응암,610,N,6호선,6250,2620,월드컵경기장,619,N,22:36:20,22:36:50,,6233,하행,2025-05-01T05:00:00,,주말
6호선,2649,신내,648,,20250619,6호선,2611,응암,610,N,6호선,6250,2621,마포구청,620,N,22:38:00,22:38:30,,6233,하행,2025-05-01T05:00:00,,주말
6호선,2649,신내,648,,20250619,6호선,2611,응암,610,N,6호선,6250,2622,망원,621,N,22:39:50,22:40:20,,6233,하행,2025-05-01T05:00:00,,주말
6호선,2649,신내,648,,20250619,6호선,2611,응암,610,N,6호선,6250,2623,합정,622,N,22:41:40,22:42:20,,6233,하행,2025-05-01T05:00:00,,주말
6호선,2649,신내,648,,20250619,6호선,2611,응암,610,N,6호선,6250,2624,상수,623,N,22:43:30,22:43:50,,6233,하행,2025-05-01T05:00:00,,주말
6호선,2649,신내,648,,20250619,6호선,2611,응암,610,N,6호선,6250,2625,광흥창,624,N,22:45:00,22:45:30,,6233,하행,2025-05-01T05:00:00,,주말
6호선,2649,신내,648,,20250619,6호선,2611,응암,610,N,6호선,6250,2626,대흥,625,N,22:47:00,22:47:30,,6233,하행,2025-05-01T05:00:00,,주말
6호선,2649,신내,648,,20250619,6호선,2611,응암,610,N,6호선,6250,2627,공덕,626,N,22:48:50,22:49:30,,6233,하행,2025-05-01T05:00:00,,주말
6호선,2649,신내,648,,20250619,6호선,2611,응암,610,N,6호선,6250,2628,효창공원앞,627,N,22:50:50,22:51:20,,6233,하행,2025-05-01T05:00:00,,주말
6호선,2649,신내,648,,20250619,6호선,2611,응암,610,N,6호선,6250,2629,삼각지,628,N,22:52:50,22:53:20,,6233,하행,2025-05-01T05:00:00,,주말
6호선,2649,신내,648,,20250619,6호선,2611,응암,610,N,6호선,6250,2630,녹사평,629,N,22:55:00,22:55:20,,6233,하행,2025-05-01T05:00:00,,주말
6호선,2649,신내,648,,20250619,6호선,2611,응암,610,N,6호선,6250,2631,이태원,630,N,22:56:30,22:57:00,,6233,하행,2025-05-01T05:00:00,,주말
6호선,2649,신내,648,,20250619,6호선,2611,응암,610,N,6호선,6250,2632,한강진,631,N,22:58:30,22:58:50,,6233,하행,2025-05-01T05:00:00,,주말
6호선,2649,신내,648,,20250619,6호선,2611,응암,610,N,6호선,6250,2633,버티고개,632,N,23:00:20,23:00:40,,6233,하행,2025-05-01T05:00:00,,주말
6호선,2649,신내,648,,20250619,6호선,2611,응암,610,N,6호선,6250,2634,약수,633,N,23:01:50,23:02:30,,6233,하행,2025-05-01T05:00:00,,주말
6호선,2649,신내,648,,20250619,6호선,2611,응암,610,N,6호선,6250,2635,청구,634,N,23:03:40,23:04:10,,6233,하행,2025-05-01T05:00:00,,주말
6호선,2649,신내,648,,20250619,6호선,2611,응암,610,N,6호선,6250,2636,신당,635,N,23:05:20,23:05:50,,6233,하행,2025-05-01T05:00:00,,주말
6호선,2649,신내,648,,20250619,6호선,2611,응암,610,N,6호선,6250,2637,동묘앞,636,N,23:06:50,23:07:20,,6233,하행,2025-05-01T05:00:00,,주말
6호선,2649,신내,648,,20250619,6호선,2611,응암,610,N,6호선,6250,2638,창신,637,N,23:08:40,23:09:10,,6233,하행,2025-05-01T05:00:00,,주말
6호선,2649,신내,648,,20250619,6호선,2611,응암,610,N,6호선,6250,2639,보문,638,N,23:10:20,23:10:50,,6233,하행,2025-05-01T05:00:00,,주말
6호선,2649,신내,648,,20250619,6호선,2611,응암,610,N,6호선,6250,2640,안암,639,N,23:12:00,23:12:30,,6233,하행,2025-05-01T05:00:00,,주말
6호선,2649,신내,648,,20250619,6호선,2611,응암,610,N,6호선,6250,2641,고려대,640,N,23:13:40,23:14:10,,6233,하행,2025-05-01T05:00:00,,주말
6호선,2649,신내,648,,20250619,6호선,2611,응암,610,N,6호선,6250,2642,월곡,641,N,23:15:50,23:16:20,,6233,하행,2025-05-01T05:00:00,,주말
6호선,2649,신내,648,,20250619,6호선,2611,응암,610,N,6호선,6250,2643,상월곡,642,N,23:17:30,23:18:00,,6233,하행,2025-05-01T05:00:00,,주말
6호선,2649,신내,648,,20250619,6호선,2611,응암,610,N,6호선,6250,2644,돌곶이,643,N,23:19:10,23:19:30,,6233,하행,2025-05-01T05:00:00,,주말
6호선,2649,신내,648,,20250619,6호선,2611,응암,610,N,6호선,6250,2645,석계,644,N,23:20:50,23:21:30,,6233,하행,2025-05-01T05:00:00,,주말
6호선,2649,신내,648,,20250619,6호선,2611,응암,610,N,6호선,6250,2646,태릉입구,645,N,23:22:40,23:23:10,,6233,하행,2025-05-01T05:00:00,,주말
6호선,2649,신내,648,,20250619,6호선,2611,응암,610,N,6호선,6250,2647,화랑대,646,N,23:24:20,23:24:50,,6233,하행,2025-05-01T05:00:00,,주말
6호선,2649,신내,648,,20250619,6호선,2611,응암,610,N,6호선,6250,2648,봉화산,647,N,23:26:10,23:26:40,,6233,하행,2025-05-01T05:00:00,,주말
6호선,2649,신내,648,,20250619,6호선,2611,응암,610,N,6호선,6250,2649,신내,648,N,23:31:10,,,6233,하행,2025-05-01T05:00:00,,주말
6호선,2648,봉화산,647,,20250619,6호선,2611,응암,610,N,6호선,입고,2611,응암,610,N,,22:27:00,,6235,하행,2025-05-01T05:00:00,,주말
6호선,2648,봉화산,647,,20250619,6호선,2611,응암,610,N,6호선,입고,2612,역촌,611,N,22:28:40,22:29:00,,6235,하행,2025-05-01T05:00:00,,주말
6호선,2648,봉화산,647,,20250619,6호선,2611,응암,610,N,6호선,입고,2613,불광,612,N,22:30:20,22:30:50,,6235,하행,2025-05-01T05:00:00,,주말
6호선,2648,봉화산,647,,20250619,6호선,2611,응암,610,N,6호선,입고,2614,독바위,613,N,22:32:10,22:32:30,,6235,하행,2025-05-01T05:00:00,,주말
6호선,2648,봉화산,647,,20250619,6호선,2611,응암,610,N,6호선,입고,2615,연신내,614,N,22:34:40,22:35:20,,6235,하행,2025-05-01T05:00:00,,주말
6호선,2648,봉화산,647,,20250619,6호선,2611,응암,610,N,6호선,입고,2616,구산,615,N,22:36:40,22:37:10,,6235,하행,2025-05-01T05:00:00,,주말
6호선,2648,봉화산,647,,20250619,6호선,2611,응암,610,N,6호선,입고,2611,응암,610,N,22:39:10,22:39:40,,6235,하행,2025-05-01T05:00:00,,주말
6호선,2648,봉화산,647,,20250619,6호선,2611,응암,610,N,6호선,입고,2617,새절,616,N,22:41:00,22:41:30,,6235,하행,2025-05-01T05:00:00,,주말
6호선,2648,봉화산,647,,20250619,6호선,2611,응암,610,N,6호선,입고,2618,증산,617,N,22:42:50,22:43:10,,6235,하행,2025-05-01T05:00:00,,주말
6호선,2648,봉화산,647,,20250619,6호선,2611,응암,610,N,6호선,입고,2619,디지털미디어시티,618,N,22:44:30,22:45:10,,6235,하행,2025-05-01T05:00:00,,주말
6호선,2648,봉화산,647,,20250619,6호선,2611,응암,610,N,6호선,입고,2620,월드컵경기장,619,N,22:46:20,22:46:50,,6235,하행,2025-05-01T05:00:00,,주말
6호선,2648,봉화산,647,,20250619,6호선,2611,응암,610,N,6호선,입고,2621,마포구청,620,N,22:48:00,22:48:30,,6235,하행,2025-05-01T05:00:00,,주말
6호선,2648,봉화산,647,,20250619,6호선,2611,응암,610,N,6호선,입고,2622,망원,621,N,22:49:50,22:50:20,,6235,하행,2025-05-01T05:00:00,,주말
6호선,2648,봉화산,647,,20250619,6호선,2611,응암,610,N,6호선,입고,2623,합정,622,N,22:51:40,22:52:20,,6235,하행,2025-05-01T05:00:00,,주말
6호선,2648,봉화산,647,,20250619,6호선,2611,응암,610,N,6호선,입고,2624,상수,623,N,22:53:30,22:53:50,,6235,하행,2025-05-01T05:00:00,,주말
6호선,2648,봉화산,647,,20250619,6호선,2611,응암,610,N,6호선,입고,2625,광흥창,624,N,22:55:00,22:55:30,,6235,하행,2025-05-01T05:00:00,,주말
6호선,2648,봉화산,647,,20250619,6호선,2611,응암,610,N,6호선,입고,2626,대흥,625,N,22:57:00,22:57:30,,6235,하행,2025-05-01T05:00:00,,주말
6호선,2648,봉화산,647,,20250619,6호선,2611,응암,610,N,6호선,입고,2627,공덕,626,N,22:58:50,22:59:30,,6235,하행,2025-05-01T05:00:00,,주말
6호선,2648,봉화산,647,,20250619,6호선,2611,응암,610,N,6호선,입고,2628,효창공원앞,627,N,23:00:50,23:01:20,,6235,하행,2025-05-01T05:00:00,,주말
6호선,2648,봉화산,647,,20250619,6호선,2611,응암,610,N,6호선,입고,2629,삼각지,628,N,23:02:50,23:03:20,,6235,하행,2025-05-01T05:00:00,,주말
6호선,2648,봉화산,647,,20250619,6호선,2611,응암,610,N,6호선,입고,2630,녹사평,629,N,23:05:00,23:05:20,,6235,하행,2025-05-01T05:00:00,,주말
6호선,2648,봉화산,647,,20250619,6호선,2611,응암,610,N,6호선,입고,2631,이태원,630,N,23:06:30,23:07:00,,6235,하행,2025-05-01T05:00:00,,주말
6호선,2648,봉화산,647,,20250619,6호선,2611,응암,610,N,6호선,입고,2632,한강진,631,N,23:08:30,23:08:50,,6235,하행,2025-05-01T05:00:00,,주말
6호선,2648,봉화산,647,,20250619,6호선,2611,응암,610,N,6호선,입고,2633,버티고개,632,N,23:10:20,23:10:40,,6235,하행,2025-05-01T05:00:00,,주말
6호선,2648,봉화산,647,,20250619,6호선,2611,응암,610,N,6호선,입고,2634,약수,633,N,23:11:50,23:12:30,,6235,하행,2025-05-01T05:00:00,,주말
6호선,2648,봉화산,647,,20250619,6호선,2611,응암,610,N,6호선,입고,2635,청구,634,N,23:13:40,23:14:10,,6235,하행,2025-05-01T05:00:00,,주말
6호선,2648,봉화산,647,,20250619,6호선,2611,응암,610,N,6호선,입고,2636,신당,635,N,23:15:20,23:15:50,,6235,하행,2025-05-01T05:00:00,,주말
6호선,2648,봉화산,647,,20250619,6호선,2611,응암,610,N,6호선,입고,2637,동묘앞,636,N,23:16:50,23:17:20,,6235,하행,2025-05-01T05:00:00,,주말
6호선,2648,봉화산,647,,20250619,6호선,2611,응암,610,N,6호선,입고,2638,창신,637,N,23:18:40,23:19:10,,6235,하행,2025-05-01T05:00:00,,주말
6호선,2648,봉화산,647,,20250619,6호선,2611,응암,610,N,6호선,입고,2639,보문,638,N,23:20:20,23:20:50,,6235,하행,2025-05-01T05:00:00,,주말
6호선,2648,봉화산,647,,20250619,6호선,2611,응암,610,N,6호선,입고,2640,안암,639,N,23:22:00,23:22:30,,6235,하행,2025-05-01T05:00:00,,주말
6호선,2648,봉화산,647,,20250619,6호선,2611,응암,610,N,6호선,입고,2641,고려대,640,N,23:23:40,23:24:10,,6235,하행,2025-05-01T05:00:00,,주말
6호선,2648,봉화산,647,,20250619,6호선,2611,응암,610,N,6호선,입고,2642,월곡,641,N,23:25:50,23:26:20,,6235,하행,2025-05-01T05:00:00,,주말
6호선,2648,봉화산,647,,20250619,6호선,2611,응암,610,N,6호선,입고,2643,상월곡,642,N,23:27:30,23:28:00,,6235,하행,2025-05-01T05:00:00,,주말
6호선,2648,봉화산,647,,20250619,6호선,2611,응암,610,N,6호선,입고,2644,돌곶이,643,N,23:29:10,23:29:30,,6235,하행,2025-05-01T05:00:00,,주말
6호선,2648,봉화산,647,,20250619,6호선,2611,응암,610,N,6호선,입고,2645,석계,644,N,23:30:50,23:31:30,,6235,하행,2025-05-01T05:00:00,,주말
6호선,2648,봉화산,647,,20250619,6호선,2611,응암,610,N,6호선,입고,2646,태릉입구,645,N,23:32:40,23:33:10,,6235,하행,2025-05-01T05:00:00,,주말
6호선,2648,봉화산,647,,20250619,6호선,2611,응암,610,N,6호선,입고,2647,화랑대,646,N,23:34:20,23:34:50,,6235,하행,2025-05-01T05:00:00,,주말
6호선,2648,봉화산,647,,20250619,6호선,2611,응암,610,N,6호선,입고,2648,봉화산,647,N,23:36:10,,,6235,하행,2025-05-01T05:00:00,,주말
6호선,2649,신내,648,,20250619,6호선,2611,응암,610,N,6호선,주박,2611,응암,610,N,,22:37:00,,6237,하행,2025-05-01T05:00:00,,주말
6호선,2649,신내,648,,20250619,6호선,2611,응암,610,N,6호선,주박,2612,역촌,611,N,22:38:40,22:39:00,,6237,하행,2025-05-01T05:00:00,,주말
6호선,2649,신내,648,,20250619,6호선,2611,응암,610,N,6호선,주박,2613,불광,612,N,22:40:20,22:40:50,,6237,하행,2025-05-01T05:00:00,,주말
6호선,2649,신내,648,,20250619,6호선,2611,응암,610,N,6호선,주박,2614,독바위,613,N,22:42:10,22:42:30,,6237,하행,2025-05-01T05:00:00,,주말
6호선,2649,신내,648,,20250619,6호선,2611,응암,610,N,6호선,주박,2615,연신내,614,N,22:44:40,22:45:20,,6237,하행,2025-05-01T05:00:00,,주말
6호선,2649,신내,648,,20250619,6호선,2611,응암,610,N,6호선,주박,2616,구산,615,N,22:46:40,22:47:10,,6237,하행,2025-05-01T05:00:00,,주말
6호선,2649,신내,648,,20250619,6호선,2611,응암,610,N,6호선,주박,2611,응암,610,N,22:49:10,22:49:40,,6237,하행,2025-05-01T05:00:00,,주말
6호선,2649,신내,648,,20250619,6호선,2611,응암,610,N,6호선,주박,2617,새절,616,N,22:51:00,22:51:30,,6237,하행,2025-05-01T05:00:00,,주말
6호선,2649,신내,648,,20250619,6호선,2611,응암,610,N,6호선,주박,2618,증산,617,N,22:52:50,22:53:10,,6237,하행,2025-05-01T05:00:00,,주말
6호선,2649,신내,648,,20250619,6호선,2611,응암,610,N,6호선,주박,2619,디지털미디어시티,618,N,22:54:30,22:55:10,,6237,하행,2025-05-01T05:00:00,,주말
6호선,2649,신내,648,,20250619,6호선,2611,응암,610,N,6호선,주박,2620,월드컵경기장,619,N,22:56:20,22:56:50,,6237,하행,2025-05-01T05:00:00,,주말
6호선,2649,신내,648,,20250619,6호선,2611,응암,610,N,6호선,주박,2621,마포구청,620,N,22:58:00,22:58:30,,6237,하행,2025-05-01T05:00:00,,주말
6호선,2649,신내,648,,20250619,6호선,2611,응암,610,N,6호선,주박,2622,망원,621,N,22:59:50,23:00:20,,6237,하행,2025-05-01T05:00:00,,주말
6호선,2649,신내,648,,20250619,6호선,2611,응암,610,N,6호선,주박,2623,합정,622,N,23:01:40,23:02:20,,6237,하행,2025-05-01T05:00:00,,주말
6호선,2649,신내,648,,20250619,6호선,2611,응암,610,N,6호선,주박,2624,상수,623,N,23:03:30,23:03:50,,6237,하행,2025-05-01T05:00:00,,주말
6호선,2649,신내,648,,20250619,6호선,2611,응암,610,N,6호선,주박,2625,광흥창,624,N,23:05:00,23:05:30,,6237,하행,2025-05-01T05:00:00,,주말
6호선,2649,신내,648,,20250619,6호선,2611,응암,610,N,6호선,주박,2626,대흥,625,N,23:07:00,23:07:30,,6237,하행,2025-05-01T05:00:00,,주말
6호선,2649,신내,648,,20250619,6호선,2611,응암,610,N,6호선,주박,2627,공덕,626,N,23:08:50,23:09:30,,6237,하행,2025-05-01T05:00:00,,주말
6호선,2649,신내,648,,20250619,6호선,2611,응암,610,N,6호선,주박,2628,효창공원앞,627,N,23:10:50,23:11:20,,6237,하행,2025-05-01T05:00:00,,주말
6호선,2649,신내,648,,20250619,6호선,2611,응암,610,N,6호선,주박,2629,삼각지,628,N,23:12:50,23:13:20,,6237,하행,2025-05-01T05:00:00,,주말
6호선,2649,신내,648,,20250619,6호선,2611,응암,610,N,6호선,주박,2630,녹사평,629,N,23:15:00,23:15:20,,6237,하행,2025-05-01T05:00:00,,주말
6호선,2649,신내,648,,20250619,6호선,2611,응암,610,N,6호선,주박,2631,이태원,630,N,23:16:30,23:17:00,,6237,하행,2025-05-01T05:00:00,,주말
6호선,2649,신내,648,,20250619,6호선,2611,응암,610,N,6호선,주박,2632,한강진,631,N,23:18:30,23:18:50,,6237,하행,2025-05-01T05:00:00,,주말
6호선,2649,신내,648,,20250619,6호선,2611,응암,610,N,6호선,주박,2633,버티고개,632,N,23:20:20,23:20:40,,6237,하행,2025-05-01T05:00:00,,주말
6호선,2649,신내,648,,20250619,6호선,2611,응암,610,N,6호선,주박,2634,약수,633,N,23:21:50,23:22:30,,6237,하행,2025-05-01T05:00:00,,주말
6호선,2649,신내,648,,20250619,6호선,2611,응암,610,N,6호선,주박,2635,청구,634,N,23:23:40,23:24:10,,6237,하행,2025-05-01T05:00:00,,주말
6호선,2649,신내,648,,20250619,6호선,2611,응암,610,N,6호선,주박,2636,신당,635,N,23:25:20,23:25:50,,6237,하행,2025-05-01T05:00:00,,주말
6호선,2649,신내,648,,20250619,6호선,2611,응암,610,N,6호선,주박,2637,동묘앞,636,N,23:26:50,23:27:20,,6237,하행,2025-05-01T05:00:00,,주말
6호선,2649,신내,648,,20250619,6호선,2611,응암,610,N,6호선,주박,2638,창신,637,N,23:28:40,23:29:10,,6237,하행,2025-05-01T05:00:00,,주말
6호선,2649,신내,648,,20250619,6호선,2611,응암,610,N,6호선,주박,2639,보문,638,N,23:30:20,23:30:50,,6237,하행,2025-05-01T05:00:00,,주말
6호선,2649,신내,648,,20250619,6호선,2611,응암,610,N,6호선,주박,2640,안암,639,N,23:32:00,23:32:30,,6237,하행,2025-05-01T05:00:00,,주말
6호선,2649,신내,648,,20250619,6호선,2611,응암,610,N,6호선,주박,2641,고려대,640,N,23:33:40,23:34:10,,6237,하행,2025-05-01T05:00:00,,주말
6호선,2649,신내,648,,20250619,6호선,2611,응암,610,N,6호선,주박,2642,월곡,641,N,23:35:50,23:36:20,,6237,하행,2025-05-01T05:00:00,,주말
6호선,2649,신내,648,,20250619,6호선,2611,응암,610,N,6호선,주박,2643,상월곡,642,N,23:37:30,23:38:00,,6237,하행,2025-05-01T05:00:00,,주말
6호선,2649,신내,648,,20250619,6호선,2611,응암,610,N,6호선,주박,2644,돌곶이,643,N,23:39:10,23:39:30,,6237,하행,2025-05-01T05:00:00,,주말
6호선,2649,신내,648,,20250619,6호선,2611,응암,610,N,6호선,주박,2645,석계,644,N,23:40:50,23:41:30,,6237,하행,2025-05-01T05:00:00,,주말
6호선,2649,신내,648,,20250619,6호선,2611,응암,610,N,6호선,주박,2646,태릉입구,645,N,23:42:40,23:43:10,,6237,하행,2025-05-01T05:00:00,,주말
6호선,2649,신내,648,,20250619,6호선,2611,응암,610,N,6호선,주박,2647,화랑대,646,N,23:44:20,23:44:50,,6237,하행,2025-05-01T05:00:00,,주말
6호선,2649,신내,648,,20250619,6호선,2611,응암,610,N,6호선,주박,2648,봉화산,647,N,23:46:10,23:46:40,,6237,하행,2025-05-01T05:00:00,,주말
6호선,2649,신내,648,,20250619,6호선,2611,응암,610,N,6호선,주박,2649,신내,648,N,23:51:10,,,6237,하행,2025-05-01T05:00:00,,주말
6호선,2648,봉화산,647,,20250619,6호선,2611,응암,610,N,6호선,입고,2611,응암,610,N,,22:47:00,,6239,하행,2025-05-01T05:00:00,,주말
6호선,2648,봉화산,647,,20250619,6호선,2611,응암,610,N,6호선,입고,2612,역촌,611,N,22:48:40,22:49:00,,6239,하행,2025-05-01T05:00:00,,주말
6호선,2648,봉화산,647,,20250619,6호선,2611,응암,610,N,6호선,입고,2613,불광,612,N,22:50:20,22:50:50,,6239,하행,2025-05-01T05:00:00,,주말
6호선,2648,봉화산,647,,20250619,6호선,2611,응암,610,N,6호선,입고,2614,독바위,613,N,22:52:10,22:52:30,,6239,하행,2025-05-01T05:00:00,,주말
6호선,2648,봉화산,647,,20250619,6호선,2611,응암,610,N,6호선,입고,2615,연신내,614,N,22:54:40,22:55:20,,6239,하행,2025-05-01T05:00:00,,주말
6호선,2648,봉화산,647,,20250619,6호선,2611,응암,610,N,6호선,입고,2616,구산,615,N,22:56:40,22:57:10,,6239,하행,2025-05-01T05:00:00,,주말
6호선,2648,봉화산,647,,20250619,6호선,2611,응암,610,N,6호선,입고,2611,응암,610,N,22:59:10,22:59:40,,6239,하행,2025-05-01T05:00:00,,주말
6호선,2648,봉화산,647,,20250619,6호선,2611,응암,610,N,6호선,입고,2617,새절,616,N,23:01:00,23:01:30,,6239,하행,2025-05-01T05:00:00,,주말
6호선,2648,봉화산,647,,20250619,6호선,2611,응암,610,N,6호선,입고,2618,증산,617,N,23:02:50,23:03:10,,6239,하행,2025-05-01T05:00:00,,주말
6호선,2648,봉화산,647,,20250619,6호선,2611,응암,610,N,6호선,입고,2619,디지털미디어시티,618,N,23:04:30,23:05:10,,6239,하행,2025-05-01T05:00:00,,주말
6호선,2648,봉화산,647,,20250619,6호선,2611,응암,610,N,6호선,입고,2620,월드컵경기장,619,N,23:06:20,23:06:50,,6239,하행,2025-05-01T05:00:00,,주말
6호선,2648,봉화산,647,,20250619,6호선,2611,응암,610,N,6호선,입고,2621,마포구청,620,N,23:08:00,23:08:30,,6239,하행,2025-05-01T05:00:00,,주말
6호선,2648,봉화산,647,,20250619,6호선,2611,응암,610,N,6호선,입고,2622,망원,621,N,23:09:50,23:10:20,,6239,하행,2025-05-01T05:00:00,,주말
6호선,2648,봉화산,647,,20250619,6호선,2611,응암,610,N,6호선,입고,2623,합정,622,N,23:11:40,23:12:20,,6239,하행,2025-05-01T05:00:00,,주말
6호선,2648,봉화산,647,,20250619,6호선,2611,응암,610,N,6호선,입고,2624,상수,623,N,23:13:30,23:13:50,,6239,하행,2025-05-01T05:00:00,,주말
6호선,2648,봉화산,647,,20250619,6호선,2611,응암,610,N,6호선,입고,2625,광흥창,624,N,23:15:00,23:15:30,,6239,하행,2025-05-01T05:00:00,,주말
6호선,2648,봉화산,647,,20250619,6호선,2611,응암,610,N,6호선,입고,2626,대흥,625,N,23:17:00,23:17:30,,6239,하행,2025-05-01T05:00:00,,주말
6호선,2648,봉화산,647,,20250619,6호선,2611,응암,610,N,6호선,입고,2627,공덕,626,N,23:18:50,23:19:30,,6239,하행,2025-05-01T05:00:00,,주말
6호선,2648,봉화산,647,,20250619,6호선,2611,응암,610,N,6호선,입고,2628,효창공원앞,627,N,23:20:50,23:21:20,,6239,하행,2025-05-01T05:00:00,,주말
6호선,2648,봉화산,647,,20250619,6호선,2611,응암,610,N,6호선,입고,2629,삼각지,628,N,23:22:50,23:23:20,,6239,하행,2025-05-01T05:00:00,,주말
6호선,2648,봉화산,647,,20250619,6호선,2611,응암,610,N,6호선,입고,2630,녹사평,629,N,23:25:00,23:25:20,,6239,하행,2025-05-01T05:00:00,,주말
6호선,2648,봉화산,647,,20250619,6호선,2611,응암,610,N,6호선,입고,2631,이태원,630,N,23:26:30,23:27:00,,6239,하행,2025-05-01T05:00:00,,주말
6호선,2648,봉화산,647,,20250619,6호선,2611,응암,610,N,6호선,입고,2632,한강진,631,N,23:28:30,23:28:50,,6239,하행,2025-05-01T05:00:00,,주말
6호선,2648,봉화산,647,,20250619,6호선,2611,응암,610,N,6호선,입고,2633,버티고개,632,N,23:30:20,23:30:40,,6239,하행,2025-05-01T05:00:00,,주말
6호선,2648,봉화산,647,,20250619,6호선,2611,응암,610,N,6호선,입고,2634,약수,633,N,23:31:50,23:32:30,,6239,하행,2025-05-01T05:00:00,,주말
6호선,2648,봉화산,647,,20250619,6호선,2611,응암,610,N,6호선,입고,2635,청구,634,N,23:33:40,23:34:10,,6239,하행,2025-05-01T05:00:00,,주말
6호선,2648,봉화산,647,,20250619,6호선,2611,응암,610,N,6호선,입고,2636,신당,635,N,23:35:20,23:35:50,,6239,하행,2025-05-01T05:00:00,,주말
6호선,2648,봉화산,647,,20250619,6호선,2611,응암,610,N,6호선,입고,2637,동묘앞,636,N,23:36:50,23:37:20,,6239,하행,2025-05-01T05:00:00,,주말
6호선,2648,봉화산,647,,20250619,6호선,2611,응암,610,N,6호선,입고,2638,창신,637,N,23:38:40,23:39:10,,6239,하행,2025-05-01T05:00:00,,주말
6호선,2648,봉화산,647,,20250619,6호선,2611,응암,610,N,6호선,입고,2639,보문,638,N,23:40:20,23:40:50,,6239,하행,2025-05-01T05:00:00,,주말
6호선,2648,봉화산,647,,20250619,6호선,2611,응암,610,N,6호선,입고,2640,안암,639,N,23:42:00,23:42:30,,6239,하행,2025-05-01T05:00:00,,주말
6호선,2648,봉화산,647,,20250619,6호선,2611,응암,610,N,6호선,입고,2641,고려대,640,N,23:43:40,23:44:10,,6239,하행,2025-05-01T05:00:00,,주말
6호선,2648,봉화산,647,,20250619,6호선,2611,응암,610,N,6호선,입고,2642,월곡,641,N,23:45:50,23:46:20,,6239,하행,2025-05-01T05:00:00,,주말
6호선,2648,봉화산,647,,20250619,6호선,2611,응암,610,N,6호선,입고,2643,상월곡,642,N,23:47:30,23:48:00,,6239,하행,2025-05-01T05:00:00,,주말
6호선,2648,봉화산,647,,20250619,6호선,2611,응암,610,N,6호선,입고,2644,돌곶이,643,N,23:49:10,23:49:30,,6239,하행,2025-05-01T05:00:00,,주말
6호선,2648,봉화산,647,,20250619,6호선,2611,응암,610,N,6호선,입고,2645,석계,644,N,23:50:50,23:51:30,,6239,하행,2025-05-01T05:00:00,,주말
6호선,2648,봉화산,647,,20250619,6호선,2611,응암,610,N,6호선,입고,2646,태릉입구,645,N,23:52:40,23:53:10,,6239,하행,2025-05-01T05:00:00,,주말
6호선,2648,봉화산,647,,20250619,6호선,2611,응암,610,N,6호선,입고,2647,화랑대,646,N,23:54:20,23:54:50,,6239,하행,2025-05-01T05:00:00,,주말
6호선,2648,봉화산,647,,20250619,6호선,2611,응암,610,N,6호선,입고,2648,봉화산,647,N,23:56:10,,,6239,하행,2025-05-01T05:00:00,,주말
6호선,2648,봉화산,647,,20250619,6호선,2611,응암,610,N,6호선,입고,2611,응암,610,N,,22:57:00,,6241,하행,2025-05-01T05:00:00,,주말
6호선,2648,봉화산,647,,20250619,6호선,2611,응암,610,N,6호선,입고,2612,역촌,611,N,22:58:40,22:59:00,,6241,하행,2025-05-01T05:00:00,,주말
6호선,2648,봉화산,647,,20250619,6호선,2611,응암,610,N,6호선,입고,2613,불광,612,N,23:00:20,23:00:50,,6241,하행,2025-05-01T05:00:00,,주말
6호선,2648,봉화산,647,,20250619,6호선,2611,응암,610,N,6호선,입고,2614,독바위,613,N,23:02:10,23:02:30,,6241,하행,2025-05-01T05:00:00,,주말
6호선,2648,봉화산,647,,20250619,6호선,2611,응암,610,N,6호선,입고,2615,연신내,614,N,23:04:40,23:05:20,,6241,하행,2025-05-01T05:00:00,,주말
6호선,2648,봉화산,647,,20250619,6호선,2611,응암,610,N,6호선,입고,2616,구산,615,N,23:06:40,23:07:10,,6241,하행,2025-05-01T05:00:00,,주말
6호선,2648,봉화산,647,,20250619,6호선,2611,응암,610,N,6호선,입고,2611,응암,610,N,23:09:10,23:09:40,,6241,하행,2025-05-01T05:00:00,,주말
6호선,2648,봉화산,647,,20250619,6호선,2611,응암,610,N,6호선,입고,2617,새절,616,N,23:11:00,23:11:30,,6241,하행,2025-05-01T05:00:00,,주말
6호선,2648,봉화산,647,,20250619,6호선,2611,응암,610,N,6호선,입고,2618,증산,617,N,23:12:50,23:13:10,,6241,하행,2025-05-01T05:00:00,,주말
6호선,2648,봉화산,647,,20250619,6호선,2611,응암,610,N,6호선,입고,2619,디지털미디어시티,618,N,23:14:30,23:15:10,,6241,하행,2025-05-01T05:00:00,,주말
6호선,2648,봉화산,647,,20250619,6호선,2611,응암,610,N,6호선,입고,2620,월드컵경기장,619,N,23:16:20,23:16:50,,6241,하행,2025-05-01T05:00:00,,주말
6호선,2648,봉화산,647,,20250619,6호선,2611,응암,610,N,6호선,입고,2621,마포구청,620,N,23:18:00,23:18:30,,6241,하행,2025-05-01T05:00:00,,주말
6호선,2648,봉화산,647,,20250619,6호선,2611,응암,610,N,6호선,입고,2622,망원,621,N,23:19:50,23:20:20,,6241,하행,2025-05-01T05:00:00,,주말
6호선,2648,봉화산,647,,20250619,6호선,2611,응암,610,N,6호선,입고,2623,합정,622,N,23:21:40,23:22:20,,6241,하행,2025-05-01T05:00:00,,주말
6호선,2648,봉화산,647,,20250619,6호선,2611,응암,610,N,6호선,입고,2624,상수,623,N,23:23:30,23:23:50,,6241,하행,2025-05-01T05:00:00,,주말
6호선,2648,봉화산,647,,20250619,6호선,2611,응암,610,N,6호선,입고,2625,광흥창,624,N,23:25:00,23:25:30,,6241,하행,2025-05-01T05:00:00,,주말
6호선,2648,봉화산,647,,20250619,6호선,2611,응암,610,N,6호선,입고,2626,대흥,625,N,23:27:00,23:27:30,,6241,하행,2025-05-01T05:00:00,,주말
6호선,2648,봉화산,647,,20250619,6호선,2611,응암,610,N,6호선,입고,2627,공덕,626,N,23:28:50,23:29:30,,6241,하행,2025-05-01T05:00:00,,주말
6호선,2648,봉화산,647,,20250619,6호선,2611,응암,610,N,6호선,입고,2628,효창공원앞,627,N,23:30:50,23:31:20,,6241,하행,2025-05-01T05:00:00,,주말
6호선,2648,봉화산,647,,20250619,6호선,2611,응암,610,N,6호선,입고,2629,삼각지,628,N,23:32:50,23:33:20,,6241,하행,2025-05-01T05:00:00,,주말
6호선,2648,봉화산,647,,20250619,6호선,2611,응암,610,N,6호선,입고,2630,녹사평,629,N,23:35:00,23:35:20,,6241,하행,2025-05-01T05:00:00,,주말
6호선,2648,봉화산,647,,20250619,6호선,2611,응암,610,N,6호선,입고,2631,이태원,630,N,23:36:30,23:37:00,,6241,하행,2025-05-01T05:00:00,,주말
6호선,2648,봉화산,647,,20250619,6호선,2611,응암,610,N,6호선,입고,2632,한강진,631,N,23:38:30,23:38:50,,6241,하행,2025-05-01T05:00:00,,주말
6호선,2648,봉화산,647,,20250619,6호선,2611,응암,610,N,6호선,입고,2633,버티고개,632,N,23:40:20,23:40:40,,6241,하행,2025-05-01T05:00:00,,주말
6호선,2648,봉화산,647,,20250619,6호선,2611,응암,610,N,6호선,입고,2634,약수,633,N,23:41:50,23:42:30,,6241,하행,2025-05-01T05:00:00,,주말
6호선,2648,봉화산,647,,20250619,6호선,2611,응암,610,N,6호선,입고,2635,청구,634,N,23:43:40,23:44:10,,6241,하행,2025-05-01T05:00:00,,주말
6호선,2648,봉화산,647,,20250619,6호선,2611,응암,610,N,6호선,입고,2636,신당,635,N,23:45:20,23:45:50,,6241,하행,2025-05-01T05:00:00,,주말
6호선,2648,봉화산,647,,20250619,6호선,2611,응암,610,N,6호선,입고,2637,동묘앞,636,N,23:46:50,23:47:20,,6241,하행,2025-05-01T05:00:00,,주말
6호선,2648,봉화산,647,,20250619,6호선,2611,응암,610,N,6호선,입고,2638,창신,637,N,23:48:40,23:49:10,,6241,하행,2025-05-01T05:00:00,,주말
6호선,2648,봉화산,647,,20250619,6호선,2611,응암,610,N,6호선,입고,2639,보문,638,N,23:50:20,23:50:50,,6241,하행,2025-05-01T05:00:00,,주말
6호선,2648,봉화산,647,,20250619,6호선,2611,응암,610,N,6호선,입고,2640,안암,639,N,23:52:00,23:52:30,,6241,하행,2025-05-01T05:00:00,,주말
6호선,2648,봉화산,647,,20250619,6호선,2611,응암,610,N,6호선,입고,2641,고려대,640,N,23:53:40,23:54:10,,6241,하행,2025-05-01T05:00:00,,주말
6호선,2648,봉화산,647,,20250619,6호선,2611,응암,610,N,6호선,입고,2642,월곡,641,N,23:55:50,23:56:20,,6241,하행,2025-05-01T05:00:00,,주말
6호선,2648,봉화산,647,,20250619,6호선,2611,응암,610,N,6호선,입고,2643,상월곡,642,N,23:57:30,23:58:00,,6241,하행,2025-05-01T05:00:00,,주말
6호선,2648,봉화산,647,,20250619,6호선,2611,응암,610,N,6호선,입고,2644,돌곶이,643,N,23:59:10,23:59:30,,6241,하행,2025-05-01T05:00:00,,주말
6호선,2648,봉화산,647,,20250619,6호선,2611,응암,610,N,6호선,입고,2645,석계,644,N,24:00:50,24:01:30,,6241,하행,2025-05-01T05:00:00,,주말
6호선,2648,봉화산,647,,20250619,6호선,2611,응암,610,N,6호선,입고,2646,태릉입구,645,N,24:02:40,24:03:10,,6241,하행,2025-05-01T05:00:00,,주말
6호선,2648,봉화산,647,,20250619,6호선,2611,응암,610,N,6호선,입고,2647,화랑대,646,N,24:04:20,24:04:50,,6241,하행,2025-05-01T05:00:00,,주말
6호선,2648,봉화산,647,,20250619,6호선,2611,응암,610,N,6호선,입고,2648,봉화산,647,N,24:06:10,,,6241,하행,2025-05-01T05:00:00,,주말
6호선,2640,안암,639,,20250619,6호선,2611,응암,610,N,6호선,6901,2611,응암,610,N,,23:07:30,,6243,하행,2025-05-01T05:00:00,,주말
6호선,2640,안암,639,,20250619,6호선,2611,응암,610,N,6호선,6901,2612,역촌,611,N,23:09:10,23:09:30,,6243,하행,2025-05-01T05:00:00,,주말
6호선,2640,안암,639,,20250619,6호선,2611,응암,610,N,6호선,6901,2613,불광,612,N,23:10:50,23:11:30,,6243,하행,2025-05-01T05:00:00,,주말
6호선,2640,안암,639,,20250619,6호선,2611,응암,610,N,6호선,6901,2614,독바위,613,N,23:13:00,23:13:20,,6243,하행,2025-05-01T05:00:00,,주말
6호선,2640,안암,639,,20250619,6호선,2611,응암,610,N,6호선,6901,2615,연신내,614,N,23:15:30,23:16:10,,6243,하행,2025-05-01T05:00:00,,주말
6호선,2640,안암,639,,20250619,6호선,2611,응암,610,N,6호선,6901,2616,구산,615,N,23:17:30,23:18:00,,6243,하행,2025-05-01T05:00:00,,주말
6호선,2640,안암,639,,20250619,6호선,2611,응암,610,N,6호선,6901,2611,응암,610,N,23:20:00,23:20:30,,6243,하행,2025-05-01T05:00:00,,주말
6호선,2640,안암,639,,20250619,6호선,2611,응암,610,N,6호선,6901,2617,새절,616,N,23:21:40,23:22:10,,6243,하행,2025-05-01T05:00:00,,주말
6호선,2640,안암,639,,20250619,6호선,2611,응암,610,N,6호선,6901,2618,증산,617,N,23:23:30,23:24:00,,6243,하행,2025-05-01T05:00:00,,주말
6호선,2640,안암,639,,20250619,6호선,2611,응암,610,N,6호선,6901,2619,디지털미디어시티,618,N,23:25:20,23:26:00,,6243,하행,2025-05-01T05:00:00,,주말
6호선,2640,안암,639,,20250619,6호선,2611,응암,610,N,6호선,6901,2620,월드컵경기장,619,N,23:27:20,23:27:50,,6243,하행,2025-05-01T05:00:00,,주말
6호선,2640,안암,639,,20250619,6호선,2611,응암,610,N,6호선,6901,2621,마포구청,620,N,23:29:00,23:29:30,,6243,하행,2025-05-01T05:00:00,,주말
6호선,2640,안암,639,,20250619,6호선,2611,응암,610,N,6호선,6901,2622,망원,621,N,23:30:50,23:31:20,,6243,하행,2025-05-01T05:00:00,,주말
6호선,2640,안암,639,,20250619,6호선,2611,응암,610,N,6호선,6901,2623,합정,622,N,23:32:40,23:33:20,,6243,하행,2025-05-01T05:00:00,,주말
6호선,2640,안암,639,,20250619,6호선,2611,응암,610,N,6호선,6901,2624,상수,623,N,23:34:30,23:34:50,,6243,하행,2025-05-01T05:00:00,,주말
6호선,2640,안암,639,,20250619,6호선,2611,응암,610,N,6호선,6901,2625,광흥창,624,N,23:36:00,23:36:30,,6243,하행,2025-05-01T05:00:00,,주말
6호선,2640,안암,639,,20250619,6호선,2611,응암,610,N,6호선,6901,2626,대흥,625,N,23:38:00,23:38:30,,6243,하행,2025-05-01T05:00:00,,주말
6호선,2640,안암,639,,20250619,6호선,2611,응암,610,N,6호선,6901,2627,공덕,626,N,23:39:50,23:40:30,,6243,하행,2025-05-01T05:00:00,,주말
6호선,2640,안암,639,,20250619,6호선,2611,응암,610,N,6호선,6901,2628,효창공원앞,627,N,23:41:50,23:42:20,,6243,하행,2025-05-01T05:00:00,,주말
6호선,2640,안암,639,,20250619,6호선,2611,응암,610,N,6호선,6901,2629,삼각지,628,N,23:43:50,23:44:20,,6243,하행,2025-05-01T05:00:00,,주말
6호선,2640,안암,639,,20250619,6호선,2611,응암,610,N,6호선,6901,2630,녹사평,629,N,23:46:00,23:46:20,,6243,하행,2025-05-01T05:00:00,,주말
6호선,2640,안암,639,,20250619,6호선,2611,응암,610,N,6호선,6901,2631,이태원,630,N,23:47:30,23:48:00,,6243,하행,2025-05-01T05:00:00,,주말
6호선,2640,안암,639,,20250619,6호선,2611,응암,610,N,6호선,6901,2632,한강진,631,N,23:49:30,23:49:50,,6243,하행,2025-05-01T05:00:00,,주말
6호선,2640,안암,639,,20250619,6호선,2611,응암,610,N,6호선,6901,2633,버티고개,632,N,23:51:20,23:51:40,,6243,하행,2025-05-01T05:00:00,,주말
6호선,2640,안암,639,,20250619,6호선,2611,응암,610,N,6호선,6901,2634,약수,633,N,23:52:50,23:53:30,,6243,하행,2025-05-01T05:00:00,,주말
6호선,2640,안암,639,,20250619,6호선,2611,응암,610,N,6호선,6901,2635,청구,634,N,23:54:40,23:55:20,,6243,하행,2025-05-01T05:00:00,,주말
6호선,2640,안암,639,,20250619,6호선,2611,응암,610,N,6호선,6901,2636,신당,635,N,23:56:30,23:57:00,,6243,하행,2025-05-01T05:00:00,,주말
6호선,2640,안암,639,,20250619,6호선,2611,응암,610,N,6호선,6901,2637,동묘앞,636,N,23:58:00,23:58:30,,6243,하행,2025-05-01T05:00:00,,주말
6호선,2640,안암,639,,20250619,6호선,2611,응암,610,N,6호선,6901,2638,창신,637,N,23:59:50,00:00:20,,6243,하행,2025-05-01T05:00:00,,주말
6호선,2640,안암,639,,20250619,6호선,2611,응암,610,N,6호선,6901,2639,보문,638,N,24:01:20,24:01:50,,6243,하행,2025-05-01T05:00:00,,주말
6호선,2640,안암,639,,20250619,6호선,2611,응암,610,N,6호선,6901,2640,안암,639,N,24:03:00,,,6243,하행,2025-05-01T05:00:00,,주말
6호선,2632,한강진,631,,20250619,6호선,2611,응암,610,N,6호선,주박,2611,응암,610,N,,23:19:00,,6245,하행,2025-05-01T05:00:00,,주말
6호선,2632,한강진,631,,20250619,6호선,2611,응암,610,N,6호선,주박,2612,역촌,611,N,23:20:40,23:21:00,,6245,하행,2025-05-01T05:00:00,,주말
6호선,2632,한강진,631,,20250619,6호선,2611,응암,610,N,6호선,주박,2613,불광,612,N,23:22:20,23:23:00,,6245,하행,2025-05-01T05:00:00,,주말
6호선,2632,한강진,631,,20250619,6호선,2611,응암,610,N,6호선,주박,2614,독바위,613,N,23:24:30,23:24:50,,6245,하행,2025-05-01T05:00:00,,주말
6호선,2632,한강진,631,,20250619,6호선,2611,응암,610,N,6호선,주박,2615,연신내,614,N,23:27:00,23:27:40,,6245,하행,2025-05-01T05:00:00,,주말
6호선,2632,한강진,631,,20250619,6호선,2611,응암,610,N,6호선,주박,2616,구산,615,N,23:29:00,23:29:30,,6245,하행,2025-05-01T05:00:00,,주말
6호선,2632,한강진,631,,20250619,6호선,2611,응암,610,N,6호선,주박,2611,응암,610,N,23:31:30,23:32:00,,6245,하행,2025-05-01T05:00:00,,주말
6호선,2632,한강진,631,,20250619,6호선,2611,응암,610,N,6호선,주박,2617,새절,616,N,23:33:10,23:33:40,,6245,하행,2025-05-01T05:00:00,,주말
6호선,2632,한강진,631,,20250619,6호선,2611,응암,610,N,6호선,주박,2618,증산,617,N,23:35:00,23:35:20,,6245,하행,2025-05-01T05:00:00,,주말
6호선,2632,한강진,631,,20250619,6호선,2611,응암,610,N,6호선,주박,2619,디지털미디어시티,618,N,23:36:40,23:37:20,,6245,하행,2025-05-01T05:00:00,,주말
6호선,2632,한강진,631,,20250619,6호선,2611,응암,610,N,6호선,주박,2620,월드컵경기장,619,N,23:38:40,23:39:10,,6245,하행,2025-05-01T05:00:00,,주말
6호선,2632,한강진,631,,20250619,6호선,2611,응암,610,N,6호선,주박,2621,마포구청,620,N,23:40:20,23:40:50,,6245,하행,2025-05-01T05:00:00,,주말
6호선,2632,한강진,631,,20250619,6호선,2611,응암,610,N,6호선,주박,2622,망원,621,N,23:42:10,23:42:40,,6245,하행,2025-05-01T05:00:00,,주말
6호선,2632,한강진,631,,20250619,6호선,2611,응암,610,N,6호선,주박,2623,합정,622,N,23:44:00,23:44:40,,6245,하행,2025-05-01T05:00:00,,주말
6호선,2632,한강진,631,,20250619,6호선,2611,응암,610,N,6호선,주박,2624,상수,623,N,23:45:50,23:46:10,,6245,하행,2025-05-01T05:00:00,,주말
6호선,2632,한강진,631,,20250619,6호선,2611,응암,610,N,6호선,주박,2625,광흥창,624,N,23:47:20,23:47:50,,6245,하행,2025-05-01T05:00:00,,주말
6호선,2632,한강진,631,,20250619,6호선,2611,응암,610,N,6호선,주박,2626,대흥,625,N,23:49:20,23:49:50,,6245,하행,2025-05-01T05:00:00,,주말
6호선,2632,한강진,631,,20250619,6호선,2611,응암,610,N,6호선,주박,2627,공덕,626,N,23:51:10,23:51:50,,6245,하행,2025-05-01T05:00:00,,주말
6호선,2632,한강진,631,,20250619,6호선,2611,응암,610,N,6호선,주박,2628,효창공원앞,627,N,23:53:10,23:53:40,,6245,하행,2025-05-01T05:00:00,,주말
6호선,2632,한강진,631,,20250619,6호선,2611,응암,610,N,6호선,주박,2629,삼각지,628,N,23:55:10,23:55:50,,6245,하행,2025-05-01T05:00:00,,주말
6호선,2632,한강진,631,,20250619,6호선,2611,응암,610,N,6호선,주박,2630,녹사평,629,N,23:57:30,23:57:50,,6245,하행,2025-05-01T05:00:00,,주말
6호선,2632,한강진,631,,20250619,6호선,2611,응암,610,N,6호선,주박,2631,이태원,630,N,23:59:00,23:59:30,,6245,하행,2025-05-01T05:00:00,,주말
6호선,2632,한강진,631,,20250619,6호선,2611,응암,610,N,6호선,주박,2632,한강진,631,N,24:01:00,,,6245,하행,2025-05-01T05:00:00,,주말
6호선,2627,공덕,626,,20250619,6호선,2611,응암,610,N,6호선,주박,2611,응암,610,N,,23:29:30,,6247,하행,2025-05-01T05:00:00,,주말
6호선,2627,공덕,626,,20250619,6호선,2611,응암,610,N,6호선,주박,2612,역촌,611,N,23:31:10,23:31:30,,6247,하행,2025-05-01T05:00:00,,주말
6호선,2627,공덕,626,,20250619,6호선,2611,응암,610,N,6호선,주박,2613,불광,612,N,23:32:50,23:33:30,,6247,하행,2025-05-01T05:00:00,,주말
6호선,2627,공덕,626,,20250619,6호선,2611,응암,610,N,6호선,주박,2614,독바위,613,N,23:35:00,23:35:20,,6247,하행,2025-05-01T05:00:00,,주말
6호선,2627,공덕,626,,20250619,6호선,2611,응암,610,N,6호선,주박,2615,연신내,614,N,23:37:30,23:38:10,,6247,하행,2025-05-01T05:00:00,,주말
6호선,2627,공덕,626,,20250619,6호선,2611,응암,610,N,6호선,주박,2616,구산,615,N,23:39:30,23:40:00,,6247,하행,2025-05-01T05:00:00,,주말
6호선,2627,공덕,626,,20250619,6호선,2611,응암,610,N,6호선,주박,2611,응암,610,N,23:42:00,23:42:30,,6247,하행,2025-05-01T05:00:00,,주말
6호선,2627,공덕,626,,20250619,6호선,2611,응암,610,N,6호선,주박,2617,새절,616,N,23:43:40,23:44:10,,6247,하행,2025-05-01T05:00:00,,주말
6호선,2627,공덕,626,,20250619,6호선,2611,응암,610,N,6호선,주박,2618,증산,617,N,23:45:30,23:46:00,,6247,하행,2025-05-01T05:00:00,,주말
6호선,2627,공덕,626,,20250619,6호선,2611,응암,610,N,6호선,주박,2619,디지털미디어시티,618,N,23:47:20,23:48:00,,6247,하행,2025-05-01T05:00:00,,주말
6호선,2627,공덕,626,,20250619,6호선,2611,응암,610,N,6호선,주박,2620,월드컵경기장,619,N,23:49:20,23:49:50,,6247,하행,2025-05-01T05:00:00,,주말
6호선,2627,공덕,626,,20250619,6호선,2611,응암,610,N,6호선,주박,2621,마포구청,620,N,23:51:00,23:51:30,,6247,하행,2025-05-01T05:00:00,,주말
6호선,2627,공덕,626,,20250619,6호선,2611,응암,610,N,6호선,주박,2622,망원,621,N,23:52:50,23:53:20,,6247,하행,2025-05-01T05:00:00,,주말
6호선,2627,공덕,626,,20250619,6호선,2611,응암,610,N,6호선,주박,2623,합정,622,N,23:54:40,23:55:20,,6247,하행,2025-05-01T05:00:00,,주말
6호선,2627,공덕,626,,20250619,6호선,2611,응암,610,N,6호선,주박,2624,상수,623,N,23:56:30,23:56:50,,6247,하행,2025-05-01T05:00:00,,주말
6호선,2627,공덕,626,,20250619,6호선,2611,응암,610,N,6호선,주박,2625,광흥창,624,N,23:58:00,23:58:30,,6247,하행,2025-05-01T05:00:00,,주말
6호선,2627,공덕,626,,20250619,6호선,2611,응암,610,N,6호선,주박,2626,대흥,625,N,24:00:00,24:00:30,,6247,하행,2025-05-01T05:00:00,,주말
6호선,2627,공덕,626,,20250619,6호선,2611,응암,610,N,6호선,주박,2627,공덕,626,N,24:01:50,,,6247,하행,2025-05-01T05:00:00,,주말
6호선,2617,새절,616,,20250619,6호선,2611,응암,610,N,6호선,주박,2611,응암,610,N,,23:41:30,,6249,하행,2025-05-01T05:00:00,,주말
6호선,2617,새절,616,,20250619,6호선,2611,응암,610,N,6호선,주박,2612,역촌,611,N,23:43:10,23:43:30,,6249,하행,2025-05-01T05:00:00,,주말
6호선,2617,새절,616,,20250619,6호선,2611,응암,610,N,6호선,주박,2613,불광,612,N,23:44:50,23:45:30,,6249,하행,2025-05-01T05:00:00,,주말
6호선,2617,새절,616,,20250619,6호선,2611,응암,610,N,6호선,주박,2614,독바위,613,N,23:47:00,23:47:20,,6249,하행,2025-05-01T05:00:00,,주말
6호선,2617,새절,616,,20250619,6호선,2611,응암,610,N,6호선,주박,2615,연신내,614,N,23:49:30,23:50:10,,6249,하행,2025-05-01T05:00:00,,주말
6호선,2617,새절,616,,20250619,6호선,2611,응암,610,N,6호선,주박,2616,구산,615,N,23:51:30,23:52:00,,6249,하행,2025-05-01T05:00:00,,주말
6호선,2617,새절,616,,20250619,6호선,2611,응암,610,N,6호선,주박,2611,응암,610,N,23:54:00,23:54:30,,6249,하행,2025-05-01T05:00:00,,주말
6호선,2617,새절,616,,20250619,6호선,2611,응암,610,N,6호선,주박,2617,새절,616,N,23:55:40,,,6249,하행,2025-05-01T05:00:00,,주말
6호선,2614,독바위,613,,20250619,6호선,2611,응암,610,N,6호선,주박,2611,응암,610,N,,23:53:30,,6251,하행,2025-05-01T05:00:00,,주말
6호선,2614,독바위,613,,20250619,6호선,2611,응암,610,N,6호선,주박,2612,역촌,611,N,23:55:10,23:55:30,,6251,하행,2025-05-01T05:00:00,,주말
6호선,2614,독바위,613,,20250619,6호선,2611,응암,610,N,6호선,주박,2613,불광,612,N,23:56:50,23:57:30,,6251,하행,2025-05-01T05:00:00,,주말
6호선,2614,독바위,613,,20250619,6호선,2611,응암,610,N,6호선,주박,2614,독바위,613,N,23:59:00,,,6251,하행,2025-05-01T05:00:00,,주말
