arvlLineNm,arvlStnCd,arvlStnNm,arvlStnNo,brlnNm,crtrYmd,dptreLineNm,dptreStnCd,dptreStnNm,dptreStnNo,etrnYn,lineNm,lnkgTrainno,stnCd,stnNm,stnNo,tmprTmtblYn,trainArvlTm,trainDptreTm,trainKnd,trainno,upbdnbSe,vldBgngDt,vldEndDt,wkndSe
7호선,2711,장암,709,,20250619,7호선,2719,태릉입구,717,N,7호선,7021,2719,태릉입구,717,N,,05:30:00,,7002,상행,2025-05-01T05:00:00,,주말
7호선,2711,장암,709,,20250619,7호선,2719,태릉입구,717,N,7호선,7021,2718,공릉,716,N,05:31:00,05:31:30,,7002,상행,2025-05-01T05:00:00,,주말
7호선,2711,장암,709,,20250619,7호선,2719,태릉입구,717,N,7호선,7021,2717,하계,715,N,05:33:00,05:33:30,,7002,상행,2025-05-01T05:00:00,,주말
7호선,2711,장암,709,,20250619,7호선,2719,태릉입구,717,N,7호선,7021,2716,중계,714,N,05:34:40,05:35:10,,7002,상행,2025-05-01T05:00:00,,주말
7호선,2711,장암,709,,20250619,7호선,2719,태릉입구,717,N,7호선,7021,2715,노원,713,N,05:36:30,05:37:00,,7002,상행,2025-05-01T05:00:00,,주말
7호선,2711,장암,709,,20250619,7호선,2719,태릉입구,717,N,7호선,7021,2714,마들,712,N,05:38:30,05:39:00,,7002,상행,2025-05-01T05:00:00,,주말
7호선,2711,장암,709,,20250619,7호선,2719,태릉입구,717,N,7호선,7021,2713,수락산,711,N,05:41:00,05:41:30,,7002,상행,2025-05-01T05:00:00,,주말
7호선,2711,장암,709,,20250619,7호선,2719,태릉입구,717,N,7호선,7021,2712,도봉산,710,N,05:43:50,05:44:20,,7002,상행,2025-05-01T05:00:00,,주말
7호선,2711,장암,709,,20250619,7호선,2719,태릉입구,717,N,7호선,7021,2711,장암,709,N,05:48:50,,,7002,상행,2025-05-01T05:00:00,,주말
7호선,2711,장암,709,,20250619,7호선,2729,건대입구,727,N,7호선,7025,2729,건대입구,727,N,,05:30:00,,7004,상행,2025-05-01T05:00:00,,주말
7호선,2711,장암,709,,20250619,7호선,2729,건대입구,727,N,7호선,7025,2728,어린이대공원,726,N,05:31:20,05:31:50,,7004,상행,2025-05-01T05:00:00,,주말
7호선,2711,장암,709,,20250619,7호선,2729,건대입구,727,N,7호선,7025,2727,군자,725,N,05:33:10,05:33:50,,7004,상행,2025-05-01T05:00:00,,주말
7호선,2711,장암,709,,20250619,7호선,2729,건대입구,727,N,7호선,7025,2726,중곡,724,N,05:35:10,05:35:40,,7004,상행,2025-05-01T05:00:00,,주말
7호선,2711,장암,709,,20250619,7호선,2729,건대입구,727,N,7호선,7025,2725,용마산,723,N,05:37:00,05:37:20,,7004,상행,2025-05-01T05:00:00,,주말
7호선,2711,장암,709,,20250619,7호선,2729,건대입구,727,N,7호선,7025,2724,사가정,722,N,05:38:30,05:39:00,,7004,상행,2025-05-01T05:00:00,,주말
7호선,2711,장암,709,,20250619,7호선,2729,건대입구,727,N,7호선,7025,2723,면목,721,N,05:40:10,05:40:40,,7004,상행,2025-05-01T05:00:00,,주말
7호선,2711,장암,709,,20250619,7호선,2729,건대입구,727,N,7호선,7025,2722,상봉,720,N,05:41:50,05:42:20,,7004,상행,2025-05-01T05:00:00,,주말
7호선,2711,장암,709,,20250619,7호선,2729,건대입구,727,N,7호선,7025,2721,중화,719,N,05:44:10,05:44:40,,7004,상행,2025-05-01T05:00:00,,주말
7호선,2711,장암,709,,20250619,7호선,2729,건대입구,727,N,7호선,7025,2720,먹골,718,N,05:46:00,05:46:30,,7004,상행,2025-05-01T05:00:00,,주말
7호선,2711,장암,709,,20250619,7호선,2729,건대입구,727,N,7호선,7025,2719,태릉입구,717,N,05:47:40,05:48:10,,7004,상행,2025-05-01T05:00:00,,주말
7호선,2711,장암,709,,20250619,7호선,2729,건대입구,727,N,7호선,7025,2718,공릉,716,N,05:49:10,05:49:40,,7004,상행,2025-05-01T05:00:00,,주말
7호선,2711,장암,709,,20250619,7호선,2729,건대입구,727,N,7호선,7025,2717,하계,715,N,05:51:10,05:51:40,,7004,상행,2025-05-01T05:00:00,,주말
7호선,2711,장암,709,,20250619,7호선,2729,건대입구,727,N,7호선,7025,2716,중계,714,N,05:52:50,05:53:20,,7004,상행,2025-05-01T05:00:00,,주말
7호선,2711,장암,709,,20250619,7호선,2729,건대입구,727,N,7호선,7025,2715,노원,713,N,05:54:40,05:55:10,,7004,상행,2025-05-01T05:00:00,,주말
7호선,2711,장암,709,,20250619,7호선,2729,건대입구,727,N,7호선,7025,2714,마들,712,N,05:56:40,05:57:10,,7004,상행,2025-05-01T05:00:00,,주말
7호선,2711,장암,709,,20250619,7호선,2729,건대입구,727,N,7호선,7025,2713,수락산,711,N,05:59:10,05:59:40,,7004,상행,2025-05-01T05:00:00,,주말
7호선,2711,장암,709,,20250619,7호선,2729,건대입구,727,N,7호선,7025,2712,도봉산,710,N,06:02:00,06:02:30,,7004,상행,2025-05-01T05:00:00,,주말
7호선,2711,장암,709,,20250619,7호선,2729,건대입구,727,N,7호선,7025,2711,장암,709,N,06:07:00,,,7004,상행,2025-05-01T05:00:00,,주말
7호선,2711,장암,709,,20250619,7호선,2731,청담,729,N,7호선,7029,2731,청담,729,N,,05:39:00,,7006,상행,2025-05-01T05:00:00,,주말
7호선,2711,장암,709,,20250619,7호선,2731,청담,729,N,7호선,7029,2730,자양,728,N,05:41:30,05:41:50,,7006,상행,2025-05-01T05:00:00,,주말
7호선,2711,장암,709,,20250619,7호선,2731,청담,729,N,7호선,7029,2729,건대입구,727,N,05:43:20,05:44:00,,7006,상행,2025-05-01T05:00:00,,주말
7호선,2711,장암,709,,20250619,7호선,2731,청담,729,N,7호선,7029,2728,어린이대공원,726,N,05:45:20,05:45:50,,7006,상행,2025-05-01T05:00:00,,주말
7호선,2711,장암,709,,20250619,7호선,2731,청담,729,N,7호선,7029,2727,군자,725,N,05:47:10,05:47:50,,7006,상행,2025-05-01T05:00:00,,주말
7호선,2711,장암,709,,20250619,7호선,2731,청담,729,N,7호선,7029,2726,중곡,724,N,05:49:10,05:49:40,,7006,상행,2025-05-01T05:00:00,,주말
7호선,2711,장암,709,,20250619,7호선,2731,청담,729,N,7호선,7029,2725,용마산,723,N,05:51:00,05:51:20,,7006,상행,2025-05-01T05:00:00,,주말
7호선,2711,장암,709,,20250619,7호선,2731,청담,729,N,7호선,7029,2724,사가정,722,N,05:52:30,05:53:00,,7006,상행,2025-05-01T05:00:00,,주말
7호선,2711,장암,709,,20250619,7호선,2731,청담,729,N,7호선,7029,2723,면목,721,N,05:54:10,05:54:40,,7006,상행,2025-05-01T05:00:00,,주말
7호선,2711,장암,709,,20250619,7호선,2731,청담,729,N,7호선,7029,2722,상봉,720,N,05:55:50,05:56:20,,7006,상행,2025-05-01T05:00:00,,주말
7호선,2711,장암,709,,20250619,7호선,2731,청담,729,N,7호선,7029,2721,중화,719,N,05:58:10,05:58:40,,7006,상행,2025-05-01T05:00:00,,주말
7호선,2711,장암,709,,20250619,7호선,2731,청담,729,N,7호선,7029,2720,먹골,718,N,06:00:00,06:00:30,,7006,상행,2025-05-01T05:00:00,,주말
7호선,2711,장암,709,,20250619,7호선,2731,청담,729,N,7호선,7029,2719,태릉입구,717,N,06:01:40,06:02:10,,7006,상행,2025-05-01T05:00:00,,주말
7호선,2711,장암,709,,20250619,7호선,2731,청담,729,N,7호선,7029,2718,공릉,716,N,06:03:10,06:03:40,,7006,상행,2025-05-01T05:00:00,,주말
7호선,2711,장암,709,,20250619,7호선,2731,청담,729,N,7호선,7029,2717,하계,715,N,06:05:10,06:05:40,,7006,상행,2025-05-01T05:00:00,,주말
7호선,2711,장암,709,,20250619,7호선,2731,청담,729,N,7호선,7029,2716,중계,714,N,06:06:50,06:07:20,,7006,상행,2025-05-01T05:00:00,,주말
7호선,2711,장암,709,,20250619,7호선,2731,청담,729,N,7호선,7029,2715,노원,713,N,06:08:40,06:09:10,,7006,상행,2025-05-01T05:00:00,,주말
7호선,2711,장암,709,,20250619,7호선,2731,청담,729,N,7호선,7029,2714,마들,712,N,06:10:40,06:11:10,,7006,상행,2025-05-01T05:00:00,,주말
7호선,2711,장암,709,,20250619,7호선,2731,청담,729,N,7호선,7029,2713,수락산,711,N,06:13:10,06:13:40,,7006,상행,2025-05-01T05:00:00,,주말
7호선,2711,장암,709,,20250619,7호선,2731,청담,729,N,7호선,7029,2712,도봉산,710,N,06:16:00,06:16:30,,7006,상행,2025-05-01T05:00:00,,주말
7호선,2711,장암,709,,20250619,7호선,2731,청담,729,N,7호선,7029,2711,장암,709,N,06:21:00,,,7006,상행,2025-05-01T05:00:00,,주말
7호선,2711,장암,709,,20250619,7호선,2737,내방,735,N,7호선,7033,2737,내방,735,N,,05:38:00,,7008,상행,2025-05-01T05:00:00,,주말
7호선,2711,장암,709,,20250619,7호선,2737,내방,735,N,7호선,7033,2736,고속터미널,734,N,05:40:30,05:41:20,,7008,상행,2025-05-01T05:00:00,,주말
7호선,2711,장암,709,,20250619,7호선,2737,내방,735,N,7호선,7033,2735,반포,733,N,05:42:50,05:43:30,,7008,상행,2025-05-01T05:00:00,,주말
7호선,2711,장암,709,,20250619,7호선,2737,내방,735,N,7호선,7033,2734,논현,732,N,05:44:40,05:45:20,,7008,상행,2025-05-01T05:00:00,,주말
7호선,2711,장암,709,,20250619,7호선,2737,내방,735,N,7호선,7033,2733,학동,731,N,05:46:40,05:47:20,,7008,상행,2025-05-01T05:00:00,,주말
7호선,2711,장암,709,,20250619,7호선,2737,내방,735,N,7호선,7033,2732,강남구청,730,N,05:48:30,05:49:10,,7008,상행,2025-05-01T05:00:00,,주말
7호선,2711,장암,709,,20250619,7호선,2737,내방,735,N,7호선,7033,2731,청담,729,N,05:50:40,05:51:10,,7008,상행,2025-05-01T05:00:00,,주말
7호선,2711,장암,709,,20250619,7호선,2737,내방,735,N,7호선,7033,2730,자양,728,N,05:53:40,05:54:10,,7008,상행,2025-05-01T05:00:00,,주말
7호선,2711,장암,709,,20250619,7호선,2737,내방,735,N,7호선,7033,2729,건대입구,727,N,05:55:40,05:56:20,,7008,상행,2025-05-01T05:00:00,,주말
7호선,2711,장암,709,,20250619,7호선,2737,내방,735,N,7호선,7033,2728,어린이대공원,726,N,05:57:40,05:58:10,,7008,상행,2025-05-01T05:00:00,,주말
7호선,2711,장암,709,,20250619,7호선,2737,내방,735,N,7호선,7033,2727,군자,725,N,05:59:30,06:00:10,,7008,상행,2025-05-01T05:00:00,,주말
7호선,2711,장암,709,,20250619,7호선,2737,내방,735,N,7호선,7033,2726,중곡,724,N,06:01:30,06:02:00,,7008,상행,2025-05-01T05:00:00,,주말
7호선,2711,장암,709,,20250619,7호선,2737,내방,735,N,7호선,7033,2725,용마산,723,N,06:03:20,06:03:50,,7008,상행,2025-05-01T05:00:00,,주말
7호선,2711,장암,709,,20250619,7호선,2737,내방,735,N,7호선,7033,2724,사가정,722,N,06:05:00,06:05:30,,7008,상행,2025-05-01T05:00:00,,주말
7호선,2711,장암,709,,20250619,7호선,2737,내방,735,N,7호선,7033,2723,면목,721,N,06:06:40,06:07:10,,7008,상행,2025-05-01T05:00:00,,주말
7호선,2711,장암,709,,20250619,7호선,2737,내방,735,N,7호선,7033,2722,상봉,720,N,06:08:20,06:09:00,,7008,상행,2025-05-01T05:00:00,,주말
7호선,2711,장암,709,,20250619,7호선,2737,내방,735,N,7호선,7033,2721,중화,719,N,06:10:50,06:11:20,,7008,상행,2025-05-01T05:00:00,,주말
7호선,2711,장암,709,,20250619,7호선,2737,내방,735,N,7호선,7033,2720,먹골,718,N,06:12:40,06:13:10,,7008,상행,2025-05-01T05:00:00,,주말
7호선,2711,장암,709,,20250619,7호선,2737,내방,735,N,7호선,7033,2719,태릉입구,717,N,06:14:20,06:15:00,,7008,상행,2025-05-01T05:00:00,,주말
7호선,2711,장암,709,,20250619,7호선,2737,내방,735,N,7호선,7033,2718,공릉,716,N,06:16:00,06:16:30,,7008,상행,2025-05-01T05:00:00,,주말
7호선,2711,장암,709,,20250619,7호선,2737,내방,735,N,7호선,7033,2717,하계,715,N,06:18:00,06:18:30,,7008,상행,2025-05-01T05:00:00,,주말
7호선,2711,장암,709,,20250619,7호선,2737,내방,735,N,7호선,7033,2716,중계,714,N,06:19:40,06:20:10,,7008,상행,2025-05-01T05:00:00,,주말
7호선,2711,장암,709,,20250619,7호선,2737,내방,735,N,7호선,7033,2715,노원,713,N,06:21:30,06:22:00,,7008,상행,2025-05-01T05:00:00,,주말
7호선,2711,장암,709,,20250619,7호선,2737,내방,735,N,7호선,7033,2714,마들,712,N,06:23:30,06:24:00,,7008,상행,2025-05-01T05:00:00,,주말
7호선,2711,장암,709,,20250619,7호선,2737,내방,735,N,7호선,7033,2713,수락산,711,N,06:26:00,06:26:40,,7008,상행,2025-05-01T05:00:00,,주말
7호선,2711,장암,709,,20250619,7호선,2737,내방,735,N,7호선,7033,2712,도봉산,710,N,06:29:00,06:29:40,,7008,상행,2025-05-01T05:00:00,,주말
7호선,2711,장암,709,,20250619,7호선,2737,내방,735,N,7호선,7033,2711,장암,709,N,06:34:10,,,7008,상행,2025-05-01T05:00:00,,주말
7호선,2711,장암,709,,20250619,7호선,2745,신풍,743,N,7호선,7039,2745,신풍,743,N,,05:34:30,,7010,상행,2025-05-01T05:00:00,,주말
7호선,2711,장암,709,,20250619,7호선,2745,신풍,743,N,7호선,7039,2744,보라매,742,N,05:35:50,05:36:20,,7010,상행,2025-05-01T05:00:00,,주말
7호선,2711,장암,709,,20250619,7호선,2745,신풍,743,N,7호선,7039,2743,신대방삼거리,741,N,05:37:30,05:38:00,,7010,상행,2025-05-01T05:00:00,,주말
7호선,2711,장암,709,,20250619,7호선,2745,신풍,743,N,7호선,7039,2742,장승배기,740,N,05:39:50,05:40:20,,7010,상행,2025-05-01T05:00:00,,주말
7호선,2711,장암,709,,20250619,7호선,2745,신풍,743,N,7호선,7039,2741,상도,739,N,05:41:50,05:42:20,,7010,상행,2025-05-01T05:00:00,,주말
7호선,2711,장암,709,,20250619,7호선,2745,신풍,743,N,7호선,7039,2740,숭실대입구,738,N,05:43:30,05:44:00,,7010,상행,2025-05-01T05:00:00,,주말
7호선,2711,장암,709,,20250619,7호선,2745,신풍,743,N,7호선,7039,2739,남성,737,N,05:46:30,05:47:00,,7010,상행,2025-05-01T05:00:00,,주말
7호선,2711,장암,709,,20250619,7호선,2745,신풍,743,N,7호선,7039,2738,이수,736,N,05:48:20,05:49:00,,7010,상행,2025-05-01T05:00:00,,주말
7호선,2711,장암,709,,20250619,7호선,2745,신풍,743,N,7호선,7039,2737,내방,735,N,05:50:30,05:51:00,,7010,상행,2025-05-01T05:00:00,,주말
7호선,2711,장암,709,,20250619,7호선,2745,신풍,743,N,7호선,7039,2736,고속터미널,734,N,05:53:30,05:54:10,,7010,상행,2025-05-01T05:00:00,,주말
7호선,2711,장암,709,,20250619,7호선,2745,신풍,743,N,7호선,7039,2735,반포,733,N,05:55:40,05:56:00,,7010,상행,2025-05-01T05:00:00,,주말
7호선,2711,장암,709,,20250619,7호선,2745,신풍,743,N,7호선,7039,2734,논현,732,N,05:57:10,05:57:40,,7010,상행,2025-05-01T05:00:00,,주말
7호선,2711,장암,709,,20250619,7호선,2745,신풍,743,N,7호선,7039,2733,학동,731,N,05:59:00,05:59:30,,7010,상행,2025-05-01T05:00:00,,주말
7호선,2711,장암,709,,20250619,7호선,2745,신풍,743,N,7호선,7039,2732,강남구청,730,N,06:00:40,06:01:10,,7010,상행,2025-05-01T05:00:00,,주말
7호선,2711,장암,709,,20250619,7호선,2745,신풍,743,N,7호선,7039,2731,청담,729,N,06:02:40,06:03:10,,7010,상행,2025-05-01T05:00:00,,주말
7호선,2711,장암,709,,20250619,7호선,2745,신풍,743,N,7호선,7039,2730,자양,728,N,06:05:40,06:06:00,,7010,상행,2025-05-01T05:00:00,,주말
7호선,2711,장암,709,,20250619,7호선,2745,신풍,743,N,7호선,7039,2729,건대입구,727,N,06:07:30,06:08:10,,7010,상행,2025-05-01T05:00:00,,주말
7호선,2711,장암,709,,20250619,7호선,2745,신풍,743,N,7호선,7039,2728,어린이대공원,726,N,06:09:30,06:10:00,,7010,상행,2025-05-01T05:00:00,,주말
7호선,2711,장암,709,,20250619,7호선,2745,신풍,743,N,7호선,7039,2727,군자,725,N,06:11:20,06:12:00,,7010,상행,2025-05-01T05:00:00,,주말
7호선,2711,장암,709,,20250619,7호선,2745,신풍,743,N,7호선,7039,2726,중곡,724,N,06:13:20,06:13:50,,7010,상행,2025-05-01T05:00:00,,주말
7호선,2711,장암,709,,20250619,7호선,2745,신풍,743,N,7호선,7039,2725,용마산,723,N,06:15:10,06:15:30,,7010,상행,2025-05-01T05:00:00,,주말
7호선,2711,장암,709,,20250619,7호선,2745,신풍,743,N,7호선,7039,2724,사가정,722,N,06:16:40,06:17:10,,7010,상행,2025-05-01T05:00:00,,주말
7호선,2711,장암,709,,20250619,7호선,2745,신풍,743,N,7호선,7039,2723,면목,721,N,06:18:20,06:18:50,,7010,상행,2025-05-01T05:00:00,,주말
7호선,2711,장암,709,,20250619,7호선,2745,신풍,743,N,7호선,7039,2722,상봉,720,N,06:20:00,06:20:30,,7010,상행,2025-05-01T05:00:00,,주말
7호선,2711,장암,709,,20250619,7호선,2745,신풍,743,N,7호선,7039,2721,중화,719,N,06:22:20,06:22:50,,7010,상행,2025-05-01T05:00:00,,주말
7호선,2711,장암,709,,20250619,7호선,2745,신풍,743,N,7호선,7039,2720,먹골,718,N,06:24:10,06:24:40,,7010,상행,2025-05-01T05:00:00,,주말
7호선,2711,장암,709,,20250619,7호선,2745,신풍,743,N,7호선,7039,2719,태릉입구,717,N,06:25:50,06:26:20,,7010,상행,2025-05-01T05:00:00,,주말
7호선,2711,장암,709,,20250619,7호선,2745,신풍,743,N,7호선,7039,2718,공릉,716,N,06:27:20,06:27:50,,7010,상행,2025-05-01T05:00:00,,주말
7호선,2711,장암,709,,20250619,7호선,2745,신풍,743,N,7호선,7039,2717,하계,715,N,06:29:20,06:29:50,,7010,상행,2025-05-01T05:00:00,,주말
7호선,2711,장암,709,,20250619,7호선,2745,신풍,743,N,7호선,7039,2716,중계,714,N,06:31:00,06:31:30,,7010,상행,2025-05-01T05:00:00,,주말
7호선,2711,장암,709,,20250619,7호선,2745,신풍,743,N,7호선,7039,2715,노원,713,N,06:32:50,06:33:20,,7010,상행,2025-05-01T05:00:00,,주말
7호선,2711,장암,709,,20250619,7호선,2745,신풍,743,N,7호선,7039,2714,마들,712,N,06:34:50,06:35:20,,7010,상행,2025-05-01T05:00:00,,주말
7호선,2711,장암,709,,20250619,7호선,2745,신풍,743,N,7호선,7039,2713,수락산,711,N,06:37:20,06:37:50,,7010,상행,2025-05-01T05:00:00,,주말
7호선,2711,장암,709,,20250619,7호선,2745,신풍,743,N,7호선,7039,2712,도봉산,710,N,06:40:10,06:40:40,,7010,상행,2025-05-01T05:00:00,,주말
7호선,2711,장암,709,,20250619,7호선,2745,신풍,743,N,7호선,7039,2711,장암,709,N,06:45:10,,,7010,상행,2025-05-01T05:00:00,,주말
7호선,2712,도봉산,710,,20250619,7호선,2752,온수,750,N,7호선,7037,2752,온수,750,N,,05:30:00,,7012,상행,2025-05-01T05:00:00,,주말
7호선,2712,도봉산,710,,20250619,7호선,2752,온수,750,N,7호선,7037,2751,천왕,749,N,05:32:20,05:32:40,,7012,상행,2025-05-01T05:00:00,,주말
7호선,2712,도봉산,710,,20250619,7호선,2752,온수,750,N,7호선,7037,2750,광명사거리,748,N,05:34:40,05:35:10,,7012,상행,2025-05-01T05:00:00,,주말
7호선,2712,도봉산,710,,20250619,7호선,2752,온수,750,N,7호선,7037,2749,철산,747,N,05:37:00,05:37:30,,7012,상행,2025-05-01T05:00:00,,주말
7호선,2712,도봉산,710,,20250619,7호선,2752,온수,750,N,7호선,7037,2748,가산디지털단지,746,N,05:39:30,05:40:00,,7012,상행,2025-05-01T05:00:00,,주말
7호선,2712,도봉산,710,,20250619,7호선,2752,온수,750,N,7호선,7037,2747,남구로,745,N,05:41:20,05:41:50,,7012,상행,2025-05-01T05:00:00,,주말
7호선,2712,도봉산,710,,20250619,7호선,2752,온수,750,N,7호선,7037,2746,대림,744,N,05:43:20,05:43:50,,7012,상행,2025-05-01T05:00:00,,주말
7호선,2712,도봉산,710,,20250619,7호선,2752,온수,750,N,7호선,7037,2745,신풍,743,N,05:45:50,05:46:20,,7012,상행,2025-05-01T05:00:00,,주말
7호선,2712,도봉산,710,,20250619,7호선,2752,온수,750,N,7호선,7037,2744,보라매,742,N,05:47:40,05:48:10,,7012,상행,2025-05-01T05:00:00,,주말
7호선,2712,도봉산,710,,20250619,7호선,2752,온수,750,N,7호선,7037,2743,신대방삼거리,741,N,05:49:20,05:49:50,,7012,상행,2025-05-01T05:00:00,,주말
7호선,2712,도봉산,710,,20250619,7호선,2752,온수,750,N,7호선,7037,2742,장승배기,740,N,05:51:40,05:52:10,,7012,상행,2025-05-01T05:00:00,,주말
7호선,2712,도봉산,710,,20250619,7호선,2752,온수,750,N,7호선,7037,2741,상도,739,N,05:53:40,05:54:10,,7012,상행,2025-05-01T05:00:00,,주말
7호선,2712,도봉산,710,,20250619,7호선,2752,온수,750,N,7호선,7037,2740,숭실대입구,738,N,05:55:20,05:55:50,,7012,상행,2025-05-01T05:00:00,,주말
7호선,2712,도봉산,710,,20250619,7호선,2752,온수,750,N,7호선,7037,2739,남성,737,N,05:58:20,05:58:50,,7012,상행,2025-05-01T05:00:00,,주말
7호선,2712,도봉산,710,,20250619,7호선,2752,온수,750,N,7호선,7037,2738,이수,736,N,06:00:10,06:00:50,,7012,상행,2025-05-01T05:00:00,,주말
7호선,2712,도봉산,710,,20250619,7호선,2752,온수,750,N,7호선,7037,2737,내방,735,N,06:02:20,06:02:50,,7012,상행,2025-05-01T05:00:00,,주말
7호선,2712,도봉산,710,,20250619,7호선,2752,온수,750,N,7호선,7037,2736,고속터미널,734,N,06:05:20,06:06:00,,7012,상행,2025-05-01T05:00:00,,주말
7호선,2712,도봉산,710,,20250619,7호선,2752,온수,750,N,7호선,7037,2735,반포,733,N,06:07:30,06:07:50,,7012,상행,2025-05-01T05:00:00,,주말
7호선,2712,도봉산,710,,20250619,7호선,2752,온수,750,N,7호선,7037,2734,논현,732,N,06:09:00,06:09:30,,7012,상행,2025-05-01T05:00:00,,주말
7호선,2712,도봉산,710,,20250619,7호선,2752,온수,750,N,7호선,7037,2733,학동,731,N,06:10:50,06:11:20,,7012,상행,2025-05-01T05:00:00,,주말
7호선,2712,도봉산,710,,20250619,7호선,2752,온수,750,N,7호선,7037,2732,강남구청,730,N,06:12:30,06:13:00,,7012,상행,2025-05-01T05:00:00,,주말
7호선,2712,도봉산,710,,20250619,7호선,2752,온수,750,N,7호선,7037,2731,청담,729,N,06:14:30,06:15:00,,7012,상행,2025-05-01T05:00:00,,주말
7호선,2712,도봉산,710,,20250619,7호선,2752,온수,750,N,7호선,7037,2730,자양,728,N,06:17:30,06:17:50,,7012,상행,2025-05-01T05:00:00,,주말
7호선,2712,도봉산,710,,20250619,7호선,2752,온수,750,N,7호선,7037,2729,건대입구,727,N,06:19:20,06:20:00,,7012,상행,2025-05-01T05:00:00,,주말
7호선,2712,도봉산,710,,20250619,7호선,2752,온수,750,N,7호선,7037,2728,어린이대공원,726,N,06:21:20,06:21:50,,7012,상행,2025-05-01T05:00:00,,주말
7호선,2712,도봉산,710,,20250619,7호선,2752,온수,750,N,7호선,7037,2727,군자,725,N,06:23:10,06:23:50,,7012,상행,2025-05-01T05:00:00,,주말
7호선,2712,도봉산,710,,20250619,7호선,2752,온수,750,N,7호선,7037,2726,중곡,724,N,06:25:10,06:25:40,,7012,상행,2025-05-01T05:00:00,,주말
7호선,2712,도봉산,710,,20250619,7호선,2752,온수,750,N,7호선,7037,2725,용마산,723,N,06:27:00,06:27:20,,7012,상행,2025-05-01T05:00:00,,주말
7호선,2712,도봉산,710,,20250619,7호선,2752,온수,750,N,7호선,7037,2724,사가정,722,N,06:28:30,06:29:00,,7012,상행,2025-05-01T05:00:00,,주말
7호선,2712,도봉산,710,,20250619,7호선,2752,온수,750,N,7호선,7037,2723,면목,721,N,06:30:10,06:30:40,,7012,상행,2025-05-01T05:00:00,,주말
7호선,2712,도봉산,710,,20250619,7호선,2752,온수,750,N,7호선,7037,2722,상봉,720,N,06:31:50,06:32:20,,7012,상행,2025-05-01T05:00:00,,주말
7호선,2712,도봉산,710,,20250619,7호선,2752,온수,750,N,7호선,7037,2721,중화,719,N,06:34:10,06:34:40,,7012,상행,2025-05-01T05:00:00,,주말
7호선,2712,도봉산,710,,20250619,7호선,2752,온수,750,N,7호선,7037,2720,먹골,718,N,06:36:00,06:36:30,,7012,상행,2025-05-01T05:00:00,,주말
7호선,2712,도봉산,710,,20250619,7호선,2752,온수,750,N,7호선,7037,2719,태릉입구,717,N,06:37:40,06:38:10,,7012,상행,2025-05-01T05:00:00,,주말
7호선,2712,도봉산,710,,20250619,7호선,2752,온수,750,N,7호선,7037,2718,공릉,716,N,06:39:10,06:39:40,,7012,상행,2025-05-01T05:00:00,,주말
7호선,2712,도봉산,710,,20250619,7호선,2752,온수,750,N,7호선,7037,2717,하계,715,N,06:41:10,06:41:40,,7012,상행,2025-05-01T05:00:00,,주말
7호선,2712,도봉산,710,,20250619,7호선,2752,온수,750,N,7호선,7037,2716,중계,714,N,06:42:50,06:43:20,,7012,상행,2025-05-01T05:00:00,,주말
7호선,2712,도봉산,710,,20250619,7호선,2752,온수,750,N,7호선,7037,2715,노원,713,N,06:44:40,06:45:10,,7012,상행,2025-05-01T05:00:00,,주말
7호선,2712,도봉산,710,,20250619,7호선,2752,온수,750,N,7호선,7037,2714,마들,712,N,06:46:40,06:47:10,,7012,상행,2025-05-01T05:00:00,,주말
7호선,2712,도봉산,710,,20250619,7호선,2752,온수,750,N,7호선,7037,2713,수락산,711,N,06:49:10,06:49:40,,7012,상행,2025-05-01T05:00:00,,주말
7호선,2712,도봉산,710,,20250619,7호선,2752,온수,750,N,7호선,7037,2712,도봉산,710,N,06:52:00,,,7012,상행,2025-05-01T05:00:00,,주말
7호선,2711,장암,709,,20250619,7호선,2752,온수,750,N,7호선,7047,2752,온수,750,N,,05:40:00,,7014,상행,2025-05-01T05:00:00,,주말
7호선,2711,장암,709,,20250619,7호선,2752,온수,750,N,7호선,7047,2751,천왕,749,N,05:42:20,05:42:40,,7014,상행,2025-05-01T05:00:00,,주말
7호선,2711,장암,709,,20250619,7호선,2752,온수,750,N,7호선,7047,2750,광명사거리,748,N,05:44:40,05:45:10,,7014,상행,2025-05-01T05:00:00,,주말
7호선,2711,장암,709,,20250619,7호선,2752,온수,750,N,7호선,7047,2749,철산,747,N,05:47:00,05:47:30,,7014,상행,2025-05-01T05:00:00,,주말
7호선,2711,장암,709,,20250619,7호선,2752,온수,750,N,7호선,7047,2748,가산디지털단지,746,N,05:49:30,05:50:00,,7014,상행,2025-05-01T05:00:00,,주말
7호선,2711,장암,709,,20250619,7호선,2752,온수,750,N,7호선,7047,2747,남구로,745,N,05:51:20,05:51:50,,7014,상행,2025-05-01T05:00:00,,주말
7호선,2711,장암,709,,20250619,7호선,2752,온수,750,N,7호선,7047,2746,대림,744,N,05:53:20,05:53:50,,7014,상행,2025-05-01T05:00:00,,주말
7호선,2711,장암,709,,20250619,7호선,2752,온수,750,N,7호선,7047,2745,신풍,743,N,05:55:50,05:56:20,,7014,상행,2025-05-01T05:00:00,,주말
7호선,2711,장암,709,,20250619,7호선,2752,온수,750,N,7호선,7047,2744,보라매,742,N,05:57:40,05:58:10,,7014,상행,2025-05-01T05:00:00,,주말
7호선,2711,장암,709,,20250619,7호선,2752,온수,750,N,7호선,7047,2743,신대방삼거리,741,N,05:59:20,05:59:50,,7014,상행,2025-05-01T05:00:00,,주말
7호선,2711,장암,709,,20250619,7호선,2752,온수,750,N,7호선,7047,2742,장승배기,740,N,06:01:40,06:02:10,,7014,상행,2025-05-01T05:00:00,,주말
7호선,2711,장암,709,,20250619,7호선,2752,온수,750,N,7호선,7047,2741,상도,739,N,06:03:40,06:04:10,,7014,상행,2025-05-01T05:00:00,,주말
7호선,2711,장암,709,,20250619,7호선,2752,온수,750,N,7호선,7047,2740,숭실대입구,738,N,06:05:20,06:05:50,,7014,상행,2025-05-01T05:00:00,,주말
7호선,2711,장암,709,,20250619,7호선,2752,온수,750,N,7호선,7047,2739,남성,737,N,06:08:20,06:08:50,,7014,상행,2025-05-01T05:00:00,,주말
7호선,2711,장암,709,,20250619,7호선,2752,온수,750,N,7호선,7047,2738,이수,736,N,06:10:10,06:10:50,,7014,상행,2025-05-01T05:00:00,,주말
7호선,2711,장암,709,,20250619,7호선,2752,온수,750,N,7호선,7047,2737,내방,735,N,06:12:20,06:12:50,,7014,상행,2025-05-01T05:00:00,,주말
7호선,2711,장암,709,,20250619,7호선,2752,온수,750,N,7호선,7047,2736,고속터미널,734,N,06:15:20,06:16:00,,7014,상행,2025-05-01T05:00:00,,주말
7호선,2711,장암,709,,20250619,7호선,2752,온수,750,N,7호선,7047,2735,반포,733,N,06:17:30,06:17:50,,7014,상행,2025-05-01T05:00:00,,주말
7호선,2711,장암,709,,20250619,7호선,2752,온수,750,N,7호선,7047,2734,논현,732,N,06:19:00,06:19:30,,7014,상행,2025-05-01T05:00:00,,주말
7호선,2711,장암,709,,20250619,7호선,2752,온수,750,N,7호선,7047,2733,학동,731,N,06:20:50,06:21:20,,7014,상행,2025-05-01T05:00:00,,주말
7호선,2711,장암,709,,20250619,7호선,2752,온수,750,N,7호선,7047,2732,강남구청,730,N,06:22:30,06:23:00,,7014,상행,2025-05-01T05:00:00,,주말
7호선,2711,장암,709,,20250619,7호선,2752,온수,750,N,7호선,7047,2731,청담,729,N,06:24:30,06:25:00,,7014,상행,2025-05-01T05:00:00,,주말
7호선,2711,장암,709,,20250619,7호선,2752,온수,750,N,7호선,7047,2730,자양,728,N,06:27:30,06:27:50,,7014,상행,2025-05-01T05:00:00,,주말
7호선,2711,장암,709,,20250619,7호선,2752,온수,750,N,7호선,7047,2729,건대입구,727,N,06:29:20,06:30:00,,7014,상행,2025-05-01T05:00:00,,주말
7호선,2711,장암,709,,20250619,7호선,2752,온수,750,N,7호선,7047,2728,어린이대공원,726,N,06:31:20,06:31:50,,7014,상행,2025-05-01T05:00:00,,주말
7호선,2711,장암,709,,20250619,7호선,2752,온수,750,N,7호선,7047,2727,군자,725,N,06:33:10,06:33:50,,7014,상행,2025-05-01T05:00:00,,주말
7호선,2711,장암,709,,20250619,7호선,2752,온수,750,N,7호선,7047,2726,중곡,724,N,06:35:10,06:35:40,,7014,상행,2025-05-01T05:00:00,,주말
7호선,2711,장암,709,,20250619,7호선,2752,온수,750,N,7호선,7047,2725,용마산,723,N,06:37:00,06:37:20,,7014,상행,2025-05-01T05:00:00,,주말
7호선,2711,장암,709,,20250619,7호선,2752,온수,750,N,7호선,7047,2724,사가정,722,N,06:38:30,06:39:00,,7014,상행,2025-05-01T05:00:00,,주말
7호선,2711,장암,709,,20250619,7호선,2752,온수,750,N,7호선,7047,2723,면목,721,N,06:40:10,06:40:40,,7014,상행,2025-05-01T05:00:00,,주말
7호선,2711,장암,709,,20250619,7호선,2752,온수,750,N,7호선,7047,2722,상봉,720,N,06:41:50,06:42:20,,7014,상행,2025-05-01T05:00:00,,주말
7호선,2711,장암,709,,20250619,7호선,2752,온수,750,N,7호선,7047,2721,중화,719,N,06:44:10,06:44:40,,7014,상행,2025-05-01T05:00:00,,주말
7호선,2711,장암,709,,20250619,7호선,2752,온수,750,N,7호선,7047,2720,먹골,718,N,06:46:00,06:46:30,,7014,상행,2025-05-01T05:00:00,,주말
7호선,2711,장암,709,,20250619,7호선,2752,온수,750,N,7호선,7047,2719,태릉입구,717,N,06:47:40,06:48:10,,7014,상행,2025-05-01T05:00:00,,주말
7호선,2711,장암,709,,20250619,7호선,2752,온수,750,N,7호선,7047,2718,공릉,716,N,06:49:10,06:49:40,,7014,상행,2025-05-01T05:00:00,,주말
7호선,2711,장암,709,,20250619,7호선,2752,온수,750,N,7호선,7047,2717,하계,715,N,06:51:10,06:51:40,,7014,상행,2025-05-01T05:00:00,,주말
7호선,2711,장암,709,,20250619,7호선,2752,온수,750,N,7호선,7047,2716,중계,714,N,06:52:50,06:53:20,,7014,상행,2025-05-01T05:00:00,,주말
7호선,2711,장암,709,,20250619,7호선,2752,온수,750,N,7호선,7047,2715,노원,713,N,06:54:40,06:55:10,,7014,상행,2025-05-01T05:00:00,,주말
7호선,2711,장암,709,,20250619,7호선,2752,온수,750,N,7호선,7047,2714,마들,712,N,06:56:40,06:57:10,,7014,상행,2025-05-01T05:00:00,,주말
7호선,2711,장암,709,,20250619,7호선,2752,온수,750,N,7호선,7047,2713,수락산,711,N,06:59:10,06:59:40,,7014,상행,2025-05-01T05:00:00,,주말
7호선,2711,장암,709,,20250619,7호선,2752,온수,750,N,7호선,7047,2712,도봉산,710,N,07:02:00,07:02:30,,7014,상행,2025-05-01T05:00:00,,주말
7호선,2711,장암,709,,20250619,7호선,2752,온수,750,N,7호선,7047,2711,장암,709,N,07:07:00,,,7014,상행,2025-05-01T05:00:00,,주말
7호선,2712,도봉산,710,,20250619,7호선,3763,석남,761,N,7호선,7043,3763,석남,761,N,,05:28:00,,7016,상행,2025-05-01T05:00:00,,주말
7호선,2712,도봉산,710,,20250619,7호선,3763,석남,761,N,7호선,7043,3762,산곡,760,N,05:31:00,05:31:20,,7016,상행,2025-05-01T05:00:00,,주말
7호선,2712,도봉산,710,,20250619,7호선,3763,석남,761,N,7호선,7043,3761,부평구청,759,N,05:33:20,05:33:50,,7016,상행,2025-05-01T05:00:00,,주말
7호선,2712,도봉산,710,,20250619,7호선,3763,석남,761,N,7호선,7043,3760,굴포천,758,N,05:35:10,05:35:30,,7016,상행,2025-05-01T05:00:00,,주말
7호선,2712,도봉산,710,,20250619,7호선,3763,석남,761,N,7호선,7043,3759,삼산체육관,757,N,05:36:40,05:37:10,,7016,상행,2025-05-01T05:00:00,,주말
7호선,2712,도봉산,710,,20250619,7호선,3763,석남,761,N,7호선,7043,3758,상동,756,N,05:38:30,05:39:00,,7016,상행,2025-05-01T05:00:00,,주말
7호선,2712,도봉산,710,,20250619,7호선,3763,석남,761,N,7호선,7043,3757,부천시청,755,N,05:40:10,05:40:40,,7016,상행,2025-05-01T05:00:00,,주말
7호선,2712,도봉산,710,,20250619,7호선,3763,석남,761,N,7호선,7043,3756,신중동,754,N,05:42:00,05:42:30,,7016,상행,2025-05-01T05:00:00,,주말
7호선,2712,도봉산,710,,20250619,7호선,3763,석남,761,N,7호선,7043,3755,춘의,753,N,05:43:50,05:44:20,,7016,상행,2025-05-01T05:00:00,,주말
7호선,2712,도봉산,710,,20250619,7호선,3763,석남,761,N,7호선,7043,3754,부천종합운동장,752,N,05:45:40,05:46:10,,7016,상행,2025-05-01T05:00:00,,주말
7호선,2712,도봉산,710,,20250619,7호선,3763,석남,761,N,7호선,7043,3753,까치울,751,N,05:47:40,05:48:00,,7016,상행,2025-05-01T05:00:00,,주말
7호선,2712,도봉산,710,,20250619,7호선,3763,석남,761,N,7호선,7043,2752,온수,750,N,05:50:30,05:51:00,,7016,상행,2025-05-01T05:00:00,,주말
7호선,2712,도봉산,710,,20250619,7호선,3763,석남,761,N,7호선,7043,2751,천왕,749,N,05:53:20,05:53:40,,7016,상행,2025-05-01T05:00:00,,주말
7호선,2712,도봉산,710,,20250619,7호선,3763,석남,761,N,7호선,7043,2750,광명사거리,748,N,05:55:40,05:56:10,,7016,상행,2025-05-01T05:00:00,,주말
7호선,2712,도봉산,710,,20250619,7호선,3763,석남,761,N,7호선,7043,2749,철산,747,N,05:58:00,05:58:30,,7016,상행,2025-05-01T05:00:00,,주말
7호선,2712,도봉산,710,,20250619,7호선,3763,석남,761,N,7호선,7043,2748,가산디지털단지,746,N,06:00:30,06:01:00,,7016,상행,2025-05-01T05:00:00,,주말
7호선,2712,도봉산,710,,20250619,7호선,3763,석남,761,N,7호선,7043,2747,남구로,745,N,06:02:20,06:02:50,,7016,상행,2025-05-01T05:00:00,,주말
7호선,2712,도봉산,710,,20250619,7호선,3763,석남,761,N,7호선,7043,2746,대림,744,N,06:04:20,06:04:50,,7016,상행,2025-05-01T05:00:00,,주말
7호선,2712,도봉산,710,,20250619,7호선,3763,석남,761,N,7호선,7043,2745,신풍,743,N,06:06:50,06:07:20,,7016,상행,2025-05-01T05:00:00,,주말
7호선,2712,도봉산,710,,20250619,7호선,3763,석남,761,N,7호선,7043,2744,보라매,742,N,06:08:40,06:09:10,,7016,상행,2025-05-01T05:00:00,,주말
7호선,2712,도봉산,710,,20250619,7호선,3763,석남,761,N,7호선,7043,2743,신대방삼거리,741,N,06:10:20,06:10:50,,7016,상행,2025-05-01T05:00:00,,주말
7호선,2712,도봉산,710,,20250619,7호선,3763,석남,761,N,7호선,7043,2742,장승배기,740,N,06:12:40,06:13:10,,7016,상행,2025-05-01T05:00:00,,주말
7호선,2712,도봉산,710,,20250619,7호선,3763,석남,761,N,7호선,7043,2741,상도,739,N,06:14:40,06:15:10,,7016,상행,2025-05-01T05:00:00,,주말
7호선,2712,도봉산,710,,20250619,7호선,3763,석남,761,N,7호선,7043,2740,숭실대입구,738,N,06:16:20,06:16:50,,7016,상행,2025-05-01T05:00:00,,주말
7호선,2712,도봉산,710,,20250619,7호선,3763,석남,761,N,7호선,7043,2739,남성,737,N,06:19:20,06:19:50,,7016,상행,2025-05-01T05:00:00,,주말
7호선,2712,도봉산,710,,20250619,7호선,3763,석남,761,N,7호선,7043,2738,이수,736,N,06:21:10,06:21:50,,7016,상행,2025-05-01T05:00:00,,주말
7호선,2712,도봉산,710,,20250619,7호선,3763,석남,761,N,7호선,7043,2737,내방,735,N,06:23:20,06:23:50,,7016,상행,2025-05-01T05:00:00,,주말
7호선,2712,도봉산,710,,20250619,7호선,3763,석남,761,N,7호선,7043,2736,고속터미널,734,N,06:26:20,06:27:00,,7016,상행,2025-05-01T05:00:00,,주말
7호선,2712,도봉산,710,,20250619,7호선,3763,석남,761,N,7호선,7043,2735,반포,733,N,06:28:30,06:28:50,,7016,상행,2025-05-01T05:00:00,,주말
7호선,2712,도봉산,710,,20250619,7호선,3763,석남,761,N,7호선,7043,2734,논현,732,N,06:30:00,06:30:30,,7016,상행,2025-05-01T05:00:00,,주말
7호선,2712,도봉산,710,,20250619,7호선,3763,석남,761,N,7호선,7043,2733,학동,731,N,06:31:50,06:32:20,,7016,상행,2025-05-01T05:00:00,,주말
7호선,2712,도봉산,710,,20250619,7호선,3763,석남,761,N,7호선,7043,2732,강남구청,730,N,06:33:30,06:34:00,,7016,상행,2025-05-01T05:00:00,,주말
7호선,2712,도봉산,710,,20250619,7호선,3763,석남,761,N,7호선,7043,2731,청담,729,N,06:35:30,06:36:00,,7016,상행,2025-05-01T05:00:00,,주말
7호선,2712,도봉산,710,,20250619,7호선,3763,석남,761,N,7호선,7043,2730,자양,728,N,06:38:30,06:38:50,,7016,상행,2025-05-01T05:00:00,,주말
7호선,2712,도봉산,710,,20250619,7호선,3763,석남,761,N,7호선,7043,2729,건대입구,727,N,06:40:20,06:41:00,,7016,상행,2025-05-01T05:00:00,,주말
7호선,2712,도봉산,710,,20250619,7호선,3763,석남,761,N,7호선,7043,2728,어린이대공원,726,N,06:42:20,06:42:50,,7016,상행,2025-05-01T05:00:00,,주말
7호선,2712,도봉산,710,,20250619,7호선,3763,석남,761,N,7호선,7043,2727,군자,725,N,06:44:10,06:44:50,,7016,상행,2025-05-01T05:00:00,,주말
7호선,2712,도봉산,710,,20250619,7호선,3763,석남,761,N,7호선,7043,2726,중곡,724,N,06:46:10,06:46:40,,7016,상행,2025-05-01T05:00:00,,주말
7호선,2712,도봉산,710,,20250619,7호선,3763,석남,761,N,7호선,7043,2725,용마산,723,N,06:48:00,06:48:20,,7016,상행,2025-05-01T05:00:00,,주말
7호선,2712,도봉산,710,,20250619,7호선,3763,석남,761,N,7호선,7043,2724,사가정,722,N,06:49:30,06:50:00,,7016,상행,2025-05-01T05:00:00,,주말
7호선,2712,도봉산,710,,20250619,7호선,3763,석남,761,N,7호선,7043,2723,면목,721,N,06:51:10,06:51:40,,7016,상행,2025-05-01T05:00:00,,주말
7호선,2712,도봉산,710,,20250619,7호선,3763,석남,761,N,7호선,7043,2722,상봉,720,N,06:52:50,06:53:20,,7016,상행,2025-05-01T05:00:00,,주말
7호선,2712,도봉산,710,,20250619,7호선,3763,석남,761,N,7호선,7043,2721,중화,719,N,06:55:10,06:55:40,,7016,상행,2025-05-01T05:00:00,,주말
7호선,2712,도봉산,710,,20250619,7호선,3763,석남,761,N,7호선,7043,2720,먹골,718,N,06:57:00,06:57:30,,7016,상행,2025-05-01T05:00:00,,주말
7호선,2712,도봉산,710,,20250619,7호선,3763,석남,761,N,7호선,7043,2719,태릉입구,717,N,06:58:40,06:59:10,,7016,상행,2025-05-01T05:00:00,,주말
7호선,2712,도봉산,710,,20250619,7호선,3763,석남,761,N,7호선,7043,2718,공릉,716,N,07:00:10,07:00:40,,7016,상행,2025-05-01T05:00:00,,주말
7호선,2712,도봉산,710,,20250619,7호선,3763,석남,761,N,7호선,7043,2717,하계,715,N,07:02:10,07:02:40,,7016,상행,2025-05-01T05:00:00,,주말
7호선,2712,도봉산,710,,20250619,7호선,3763,석남,761,N,7호선,7043,2716,중계,714,N,07:03:50,07:04:20,,7016,상행,2025-05-01T05:00:00,,주말
7호선,2712,도봉산,710,,20250619,7호선,3763,석남,761,N,7호선,7043,2715,노원,713,N,07:05:40,07:06:10,,7016,상행,2025-05-01T05:00:00,,주말
7호선,2712,도봉산,710,,20250619,7호선,3763,석남,761,N,7호선,7043,2714,마들,712,N,07:07:40,07:08:10,,7016,상행,2025-05-01T05:00:00,,주말
7호선,2712,도봉산,710,,20250619,7호선,3763,석남,761,N,7호선,7043,2713,수락산,711,N,07:10:10,07:10:40,,7016,상행,2025-05-01T05:00:00,,주말
7호선,2712,도봉산,710,,20250619,7호선,3763,석남,761,N,7호선,7043,2712,도봉산,710,N,07:13:00,,,7016,상행,2025-05-01T05:00:00,,주말
7호선,2712,도봉산,710,,20250619,7호선,2752,온수,750,N,7호선,7045,2752,온수,750,N,,05:58:00,,7018,상행,2025-05-01T05:00:00,,주말
7호선,2712,도봉산,710,,20250619,7호선,2752,온수,750,N,7호선,7045,2751,천왕,749,N,06:00:20,06:00:40,,7018,상행,2025-05-01T05:00:00,,주말
7호선,2712,도봉산,710,,20250619,7호선,2752,온수,750,N,7호선,7045,2750,광명사거리,748,N,06:02:40,06:03:10,,7018,상행,2025-05-01T05:00:00,,주말
7호선,2712,도봉산,710,,20250619,7호선,2752,온수,750,N,7호선,7045,2749,철산,747,N,06:05:00,06:05:30,,7018,상행,2025-05-01T05:00:00,,주말
7호선,2712,도봉산,710,,20250619,7호선,2752,온수,750,N,7호선,7045,2748,가산디지털단지,746,N,06:07:30,06:08:00,,7018,상행,2025-05-01T05:00:00,,주말
7호선,2712,도봉산,710,,20250619,7호선,2752,온수,750,N,7호선,7045,2747,남구로,745,N,06:09:20,06:09:50,,7018,상행,2025-05-01T05:00:00,,주말
7호선,2712,도봉산,710,,20250619,7호선,2752,온수,750,N,7호선,7045,2746,대림,744,N,06:11:20,06:11:50,,7018,상행,2025-05-01T05:00:00,,주말
7호선,2712,도봉산,710,,20250619,7호선,2752,온수,750,N,7호선,7045,2745,신풍,743,N,06:13:50,06:14:20,,7018,상행,2025-05-01T05:00:00,,주말
7호선,2712,도봉산,710,,20250619,7호선,2752,온수,750,N,7호선,7045,2744,보라매,742,N,06:15:40,06:16:10,,7018,상행,2025-05-01T05:00:00,,주말
7호선,2712,도봉산,710,,20250619,7호선,2752,온수,750,N,7호선,7045,2743,신대방삼거리,741,N,06:17:20,06:17:50,,7018,상행,2025-05-01T05:00:00,,주말
7호선,2712,도봉산,710,,20250619,7호선,2752,온수,750,N,7호선,7045,2742,장승배기,740,N,06:19:40,06:20:10,,7018,상행,2025-05-01T05:00:00,,주말
7호선,2712,도봉산,710,,20250619,7호선,2752,온수,750,N,7호선,7045,2741,상도,739,N,06:21:40,06:22:10,,7018,상행,2025-05-01T05:00:00,,주말
7호선,2712,도봉산,710,,20250619,7호선,2752,온수,750,N,7호선,7045,2740,숭실대입구,738,N,06:23:20,06:23:50,,7018,상행,2025-05-01T05:00:00,,주말
7호선,2712,도봉산,710,,20250619,7호선,2752,온수,750,N,7호선,7045,2739,남성,737,N,06:26:20,06:26:50,,7018,상행,2025-05-01T05:00:00,,주말
7호선,2712,도봉산,710,,20250619,7호선,2752,온수,750,N,7호선,7045,2738,이수,736,N,06:28:10,06:28:50,,7018,상행,2025-05-01T05:00:00,,주말
7호선,2712,도봉산,710,,20250619,7호선,2752,온수,750,N,7호선,7045,2737,내방,735,N,06:30:20,06:30:50,,7018,상행,2025-05-01T05:00:00,,주말
7호선,2712,도봉산,710,,20250619,7호선,2752,온수,750,N,7호선,7045,2736,고속터미널,734,N,06:33:20,06:34:00,,7018,상행,2025-05-01T05:00:00,,주말
7호선,2712,도봉산,710,,20250619,7호선,2752,온수,750,N,7호선,7045,2735,반포,733,N,06:35:30,06:35:50,,7018,상행,2025-05-01T05:00:00,,주말
7호선,2712,도봉산,710,,20250619,7호선,2752,온수,750,N,7호선,7045,2734,논현,732,N,06:37:00,06:37:30,,7018,상행,2025-05-01T05:00:00,,주말
7호선,2712,도봉산,710,,20250619,7호선,2752,온수,750,N,7호선,7045,2733,학동,731,N,06:38:50,06:39:20,,7018,상행,2025-05-01T05:00:00,,주말
7호선,2712,도봉산,710,,20250619,7호선,2752,온수,750,N,7호선,7045,2732,강남구청,730,N,06:40:30,06:41:00,,7018,상행,2025-05-01T05:00:00,,주말
7호선,2712,도봉산,710,,20250619,7호선,2752,온수,750,N,7호선,7045,2731,청담,729,N,06:42:30,06:43:00,,7018,상행,2025-05-01T05:00:00,,주말
7호선,2712,도봉산,710,,20250619,7호선,2752,온수,750,N,7호선,7045,2730,자양,728,N,06:45:30,06:45:50,,7018,상행,2025-05-01T05:00:00,,주말
7호선,2712,도봉산,710,,20250619,7호선,2752,온수,750,N,7호선,7045,2729,건대입구,727,N,06:47:20,06:48:00,,7018,상행,2025-05-01T05:00:00,,주말
7호선,2712,도봉산,710,,20250619,7호선,2752,온수,750,N,7호선,7045,2728,어린이대공원,726,N,06:49:20,06:49:50,,7018,상행,2025-05-01T05:00:00,,주말
7호선,2712,도봉산,710,,20250619,7호선,2752,온수,750,N,7호선,7045,2727,군자,725,N,06:51:10,06:51:50,,7018,상행,2025-05-01T05:00:00,,주말
7호선,2712,도봉산,710,,20250619,7호선,2752,온수,750,N,7호선,7045,2726,중곡,724,N,06:53:10,06:53:40,,7018,상행,2025-05-01T05:00:00,,주말
7호선,2712,도봉산,710,,20250619,7호선,2752,온수,750,N,7호선,7045,2725,용마산,723,N,06:55:00,06:55:20,,7018,상행,2025-05-01T05:00:00,,주말
7호선,2712,도봉산,710,,20250619,7호선,2752,온수,750,N,7호선,7045,2724,사가정,722,N,06:56:30,06:57:00,,7018,상행,2025-05-01T05:00:00,,주말
7호선,2712,도봉산,710,,20250619,7호선,2752,온수,750,N,7호선,7045,2723,면목,721,N,06:58:10,06:58:40,,7018,상행,2025-05-01T05:00:00,,주말
7호선,2712,도봉산,710,,20250619,7호선,2752,온수,750,N,7호선,7045,2722,상봉,720,N,06:59:50,07:00:20,,7018,상행,2025-05-01T05:00:00,,주말
7호선,2712,도봉산,710,,20250619,7호선,2752,온수,750,N,7호선,7045,2721,중화,719,N,07:02:10,07:02:40,,7018,상행,2025-05-01T05:00:00,,주말
7호선,2712,도봉산,710,,20250619,7호선,2752,온수,750,N,7호선,7045,2720,먹골,718,N,07:04:00,07:04:30,,7018,상행,2025-05-01T05:00:00,,주말
7호선,2712,도봉산,710,,20250619,7호선,2752,온수,750,N,7호선,7045,2719,태릉입구,717,N,07:05:40,07:06:10,,7018,상행,2025-05-01T05:00:00,,주말
7호선,2712,도봉산,710,,20250619,7호선,2752,온수,750,N,7호선,7045,2718,공릉,716,N,07:07:10,07:07:40,,7018,상행,2025-05-01T05:00:00,,주말
7호선,2712,도봉산,710,,20250619,7호선,2752,온수,750,N,7호선,7045,2717,하계,715,N,07:09:10,07:09:40,,7018,상행,2025-05-01T05:00:00,,주말
7호선,2712,도봉산,710,,20250619,7호선,2752,온수,750,N,7호선,7045,2716,중계,714,N,07:10:50,07:11:20,,7018,상행,2025-05-01T05:00:00,,주말
7호선,2712,도봉산,710,,20250619,7호선,2752,온수,750,N,7호선,7045,2715,노원,713,N,07:12:40,07:13:10,,7018,상행,2025-05-01T05:00:00,,주말
7호선,2712,도봉산,710,,20250619,7호선,2752,온수,750,N,7호선,7045,2714,마들,712,N,07:14:40,07:15:10,,7018,상행,2025-05-01T05:00:00,,주말
7호선,2712,도봉산,710,,20250619,7호선,2752,온수,750,N,7호선,7045,2713,수락산,711,N,07:17:10,07:17:40,,7018,상행,2025-05-01T05:00:00,,주말
7호선,2712,도봉산,710,,20250619,7호선,2752,온수,750,N,7호선,7045,2712,도봉산,710,N,07:20:00,,,7018,상행,2025-05-01T05:00:00,,주말
7호선,2711,장암,709,,20250619,7호선,3763,석남,761,N,7호선,7055,3763,석남,761,N,,05:43:30,,7020,상행,2025-05-01T05:00:00,,주말
7호선,2711,장암,709,,20250619,7호선,3763,석남,761,N,7호선,7055,3762,산곡,760,N,05:46:30,05:47:00,,7020,상행,2025-05-01T05:00:00,,주말
7호선,2711,장암,709,,20250619,7호선,3763,석남,761,N,7호선,7055,3761,부평구청,759,N,05:49:00,05:49:30,,7020,상행,2025-05-01T05:00:00,,주말
7호선,2711,장암,709,,20250619,7호선,3763,석남,761,N,7호선,7055,3760,굴포천,758,N,05:50:50,05:51:20,,7020,상행,2025-05-01T05:00:00,,주말
7호선,2711,장암,709,,20250619,7호선,3763,석남,761,N,7호선,7055,3759,삼산체육관,757,N,05:52:30,05:53:00,,7020,상행,2025-05-01T05:00:00,,주말
7호선,2711,장암,709,,20250619,7호선,3763,석남,761,N,7호선,7055,3758,상동,756,N,05:54:20,05:54:50,,7020,상행,2025-05-01T05:00:00,,주말
7호선,2711,장암,709,,20250619,7호선,3763,석남,761,N,7호선,7055,3757,부천시청,755,N,05:56:00,05:56:30,,7020,상행,2025-05-01T05:00:00,,주말
7호선,2711,장암,709,,20250619,7호선,3763,석남,761,N,7호선,7055,3756,신중동,754,N,05:57:50,05:58:20,,7020,상행,2025-05-01T05:00:00,,주말
7호선,2711,장암,709,,20250619,7호선,3763,석남,761,N,7호선,7055,3755,춘의,753,N,05:59:40,06:00:10,,7020,상행,2025-05-01T05:00:00,,주말
7호선,2711,장암,709,,20250619,7호선,3763,석남,761,N,7호선,7055,3754,부천종합운동장,752,N,06:01:30,06:02:00,,7020,상행,2025-05-01T05:00:00,,주말
7호선,2711,장암,709,,20250619,7호선,3763,석남,761,N,7호선,7055,3753,까치울,751,N,06:03:30,06:04:00,,7020,상행,2025-05-01T05:00:00,,주말
7호선,2711,장암,709,,20250619,7호선,3763,석남,761,N,7호선,7055,2752,온수,750,N,06:06:30,06:07:00,,7020,상행,2025-05-01T05:00:00,,주말
7호선,2711,장암,709,,20250619,7호선,3763,석남,761,N,7호선,7055,2751,천왕,749,N,06:09:20,06:09:40,,7020,상행,2025-05-01T05:00:00,,주말
7호선,2711,장암,709,,20250619,7호선,3763,석남,761,N,7호선,7055,2750,광명사거리,748,N,06:11:40,06:12:10,,7020,상행,2025-05-01T05:00:00,,주말
7호선,2711,장암,709,,20250619,7호선,3763,석남,761,N,7호선,7055,2749,철산,747,N,06:14:00,06:14:30,,7020,상행,2025-05-01T05:00:00,,주말
7호선,2711,장암,709,,20250619,7호선,3763,석남,761,N,7호선,7055,2748,가산디지털단지,746,N,06:16:30,06:17:00,,7020,상행,2025-05-01T05:00:00,,주말
7호선,2711,장암,709,,20250619,7호선,3763,석남,761,N,7호선,7055,2747,남구로,745,N,06:18:20,06:18:50,,7020,상행,2025-05-01T05:00:00,,주말
7호선,2711,장암,709,,20250619,7호선,3763,석남,761,N,7호선,7055,2746,대림,744,N,06:20:20,06:20:50,,7020,상행,2025-05-01T05:00:00,,주말
7호선,2711,장암,709,,20250619,7호선,3763,석남,761,N,7호선,7055,2745,신풍,743,N,06:22:50,06:23:20,,7020,상행,2025-05-01T05:00:00,,주말
7호선,2711,장암,709,,20250619,7호선,3763,석남,761,N,7호선,7055,2744,보라매,742,N,06:24:40,06:25:10,,7020,상행,2025-05-01T05:00:00,,주말
7호선,2711,장암,709,,20250619,7호선,3763,석남,761,N,7호선,7055,2743,신대방삼거리,741,N,06:26:20,06:26:50,,7020,상행,2025-05-01T05:00:00,,주말
7호선,2711,장암,709,,20250619,7호선,3763,석남,761,N,7호선,7055,2742,장승배기,740,N,06:28:40,06:29:10,,7020,상행,2025-05-01T05:00:00,,주말
7호선,2711,장암,709,,20250619,7호선,3763,석남,761,N,7호선,7055,2741,상도,739,N,06:30:40,06:31:10,,7020,상행,2025-05-01T05:00:00,,주말
7호선,2711,장암,709,,20250619,7호선,3763,석남,761,N,7호선,7055,2740,숭실대입구,738,N,06:32:20,06:32:50,,7020,상행,2025-05-01T05:00:00,,주말
7호선,2711,장암,709,,20250619,7호선,3763,석남,761,N,7호선,7055,2739,남성,737,N,06:35:20,06:35:50,,7020,상행,2025-05-01T05:00:00,,주말
7호선,2711,장암,709,,20250619,7호선,3763,석남,761,N,7호선,7055,2738,이수,736,N,06:37:10,06:37:50,,7020,상행,2025-05-01T05:00:00,,주말
7호선,2711,장암,709,,20250619,7호선,3763,석남,761,N,7호선,7055,2737,내방,735,N,06:39:20,06:39:50,,7020,상행,2025-05-01T05:00:00,,주말
7호선,2711,장암,709,,20250619,7호선,3763,석남,761,N,7호선,7055,2736,고속터미널,734,N,06:42:20,06:43:00,,7020,상행,2025-05-01T05:00:00,,주말
7호선,2711,장암,709,,20250619,7호선,3763,석남,761,N,7호선,7055,2735,반포,733,N,06:44:30,06:44:50,,7020,상행,2025-05-01T05:00:00,,주말
7호선,2711,장암,709,,20250619,7호선,3763,석남,761,N,7호선,7055,2734,논현,732,N,06:46:00,06:46:30,,7020,상행,2025-05-01T05:00:00,,주말
7호선,2711,장암,709,,20250619,7호선,3763,석남,761,N,7호선,7055,2733,학동,731,N,06:47:50,06:48:20,,7020,상행,2025-05-01T05:00:00,,주말
7호선,2711,장암,709,,20250619,7호선,3763,석남,761,N,7호선,7055,2732,강남구청,730,N,06:49:30,06:50:00,,7020,상행,2025-05-01T05:00:00,,주말
7호선,2711,장암,709,,20250619,7호선,3763,석남,761,N,7호선,7055,2731,청담,729,N,06:51:30,06:52:00,,7020,상행,2025-05-01T05:00:00,,주말
7호선,2711,장암,709,,20250619,7호선,3763,석남,761,N,7호선,7055,2730,자양,728,N,06:54:30,06:54:50,,7020,상행,2025-05-01T05:00:00,,주말
7호선,2711,장암,709,,20250619,7호선,3763,석남,761,N,7호선,7055,2729,건대입구,727,N,06:56:20,06:57:00,,7020,상행,2025-05-01T05:00:00,,주말
7호선,2711,장암,709,,20250619,7호선,3763,석남,761,N,7호선,7055,2728,어린이대공원,726,N,06:58:20,06:58:50,,7020,상행,2025-05-01T05:00:00,,주말
7호선,2711,장암,709,,20250619,7호선,3763,석남,761,N,7호선,7055,2727,군자,725,N,07:00:10,07:00:50,,7020,상행,2025-05-01T05:00:00,,주말
7호선,2711,장암,709,,20250619,7호선,3763,석남,761,N,7호선,7055,2726,중곡,724,N,07:02:10,07:02:40,,7020,상행,2025-05-01T05:00:00,,주말
7호선,2711,장암,709,,20250619,7호선,3763,석남,761,N,7호선,7055,2725,용마산,723,N,07:04:00,07:04:20,,7020,상행,2025-05-01T05:00:00,,주말
7호선,2711,장암,709,,20250619,7호선,3763,석남,761,N,7호선,7055,2724,사가정,722,N,07:05:30,07:06:00,,7020,상행,2025-05-01T05:00:00,,주말
7호선,2711,장암,709,,20250619,7호선,3763,석남,761,N,7호선,7055,2723,면목,721,N,07:07:10,07:07:40,,7020,상행,2025-05-01T05:00:00,,주말
7호선,2711,장암,709,,20250619,7호선,3763,석남,761,N,7호선,7055,2722,상봉,720,N,07:08:50,07:09:20,,7020,상행,2025-05-01T05:00:00,,주말
7호선,2711,장암,709,,20250619,7호선,3763,석남,761,N,7호선,7055,2721,중화,719,N,07:11:10,07:11:40,,7020,상행,2025-05-01T05:00:00,,주말
7호선,2711,장암,709,,20250619,7호선,3763,석남,761,N,7호선,7055,2720,먹골,718,N,07:13:00,07:13:30,,7020,상행,2025-05-01T05:00:00,,주말
7호선,2711,장암,709,,20250619,7호선,3763,석남,761,N,7호선,7055,2719,태릉입구,717,N,07:14:40,07:15:10,,7020,상행,2025-05-01T05:00:00,,주말
7호선,2711,장암,709,,20250619,7호선,3763,석남,761,N,7호선,7055,2718,공릉,716,N,07:16:10,07:16:40,,7020,상행,2025-05-01T05:00:00,,주말
7호선,2711,장암,709,,20250619,7호선,3763,석남,761,N,7호선,7055,2717,하계,715,N,07:18:10,07:18:40,,7020,상행,2025-05-01T05:00:00,,주말
7호선,2711,장암,709,,20250619,7호선,3763,석남,761,N,7호선,7055,2716,중계,714,N,07:19:50,07:20:20,,7020,상행,2025-05-01T05:00:00,,주말
7호선,2711,장암,709,,20250619,7호선,3763,석남,761,N,7호선,7055,2715,노원,713,N,07:21:40,07:22:10,,7020,상행,2025-05-01T05:00:00,,주말
7호선,2711,장암,709,,20250619,7호선,3763,석남,761,N,7호선,7055,2714,마들,712,N,07:23:40,07:24:10,,7020,상행,2025-05-01T05:00:00,,주말
7호선,2711,장암,709,,20250619,7호선,3763,석남,761,N,7호선,7055,2713,수락산,711,N,07:26:10,07:26:40,,7020,상행,2025-05-01T05:00:00,,주말
7호선,2711,장암,709,,20250619,7호선,3763,석남,761,N,7호선,7055,2712,도봉산,710,N,07:29:00,07:29:30,,7020,상행,2025-05-01T05:00:00,,주말
7호선,2711,장암,709,,20250619,7호선,3763,석남,761,N,7호선,7055,2711,장암,709,N,07:34:00,,,7020,상행,2025-05-01T05:00:00,,주말
7호선,2712,도봉산,710,,20250619,7호선,3763,석남,761,N,7호선,7051,3763,석남,761,N,,05:51:30,,7022,상행,2025-05-01T05:00:00,,주말
7호선,2712,도봉산,710,,20250619,7호선,3763,석남,761,N,7호선,7051,3762,산곡,760,N,05:54:30,05:55:00,,7022,상행,2025-05-01T05:00:00,,주말
7호선,2712,도봉산,710,,20250619,7호선,3763,석남,761,N,7호선,7051,3761,부평구청,759,N,05:57:00,05:57:30,,7022,상행,2025-05-01T05:00:00,,주말
7호선,2712,도봉산,710,,20250619,7호선,3763,석남,761,N,7호선,7051,3760,굴포천,758,N,05:58:50,05:59:20,,7022,상행,2025-05-01T05:00:00,,주말
7호선,2712,도봉산,710,,20250619,7호선,3763,석남,761,N,7호선,7051,3759,삼산체육관,757,N,06:00:30,06:01:00,,7022,상행,2025-05-01T05:00:00,,주말
7호선,2712,도봉산,710,,20250619,7호선,3763,석남,761,N,7호선,7051,3758,상동,756,N,06:02:20,06:02:50,,7022,상행,2025-05-01T05:00:00,,주말
7호선,2712,도봉산,710,,20250619,7호선,3763,석남,761,N,7호선,7051,3757,부천시청,755,N,06:04:00,06:04:30,,7022,상행,2025-05-01T05:00:00,,주말
7호선,2712,도봉산,710,,20250619,7호선,3763,석남,761,N,7호선,7051,3756,신중동,754,N,06:05:50,06:06:20,,7022,상행,2025-05-01T05:00:00,,주말
7호선,2712,도봉산,710,,20250619,7호선,3763,석남,761,N,7호선,7051,3755,춘의,753,N,06:07:40,06:08:10,,7022,상행,2025-05-01T05:00:00,,주말
7호선,2712,도봉산,710,,20250619,7호선,3763,석남,761,N,7호선,7051,3754,부천종합운동장,752,N,06:09:30,06:10:00,,7022,상행,2025-05-01T05:00:00,,주말
7호선,2712,도봉산,710,,20250619,7호선,3763,석남,761,N,7호선,7051,3753,까치울,751,N,06:11:30,06:12:00,,7022,상행,2025-05-01T05:00:00,,주말
7호선,2712,도봉산,710,,20250619,7호선,3763,석남,761,N,7호선,7051,2752,온수,750,N,06:14:30,06:15:00,,7022,상행,2025-05-01T05:00:00,,주말
7호선,2712,도봉산,710,,20250619,7호선,3763,석남,761,N,7호선,7051,2751,천왕,749,N,06:17:20,06:17:40,,7022,상행,2025-05-01T05:00:00,,주말
7호선,2712,도봉산,710,,20250619,7호선,3763,석남,761,N,7호선,7051,2750,광명사거리,748,N,06:19:40,06:20:10,,7022,상행,2025-05-01T05:00:00,,주말
7호선,2712,도봉산,710,,20250619,7호선,3763,석남,761,N,7호선,7051,2749,철산,747,N,06:22:00,06:22:30,,7022,상행,2025-05-01T05:00:00,,주말
7호선,2712,도봉산,710,,20250619,7호선,3763,석남,761,N,7호선,7051,2748,가산디지털단지,746,N,06:24:30,06:25:00,,7022,상행,2025-05-01T05:00:00,,주말
7호선,2712,도봉산,710,,20250619,7호선,3763,석남,761,N,7호선,7051,2747,남구로,745,N,06:26:20,06:26:50,,7022,상행,2025-05-01T05:00:00,,주말
7호선,2712,도봉산,710,,20250619,7호선,3763,석남,761,N,7호선,7051,2746,대림,744,N,06:28:20,06:28:50,,7022,상행,2025-05-01T05:00:00,,주말
7호선,2712,도봉산,710,,20250619,7호선,3763,석남,761,N,7호선,7051,2745,신풍,743,N,06:30:50,06:31:20,,7022,상행,2025-05-01T05:00:00,,주말
7호선,2712,도봉산,710,,20250619,7호선,3763,석남,761,N,7호선,7051,2744,보라매,742,N,06:32:40,06:33:10,,7022,상행,2025-05-01T05:00:00,,주말
7호선,2712,도봉산,710,,20250619,7호선,3763,석남,761,N,7호선,7051,2743,신대방삼거리,741,N,06:34:20,06:34:50,,7022,상행,2025-05-01T05:00:00,,주말
7호선,2712,도봉산,710,,20250619,7호선,3763,석남,761,N,7호선,7051,2742,장승배기,740,N,06:36:40,06:37:10,,7022,상행,2025-05-01T05:00:00,,주말
7호선,2712,도봉산,710,,20250619,7호선,3763,석남,761,N,7호선,7051,2741,상도,739,N,06:38:40,06:39:10,,7022,상행,2025-05-01T05:00:00,,주말
7호선,2712,도봉산,710,,20250619,7호선,3763,석남,761,N,7호선,7051,2740,숭실대입구,738,N,06:40:20,06:40:50,,7022,상행,2025-05-01T05:00:00,,주말
7호선,2712,도봉산,710,,20250619,7호선,3763,석남,761,N,7호선,7051,2739,남성,737,N,06:43:20,06:43:50,,7022,상행,2025-05-01T05:00:00,,주말
7호선,2712,도봉산,710,,20250619,7호선,3763,석남,761,N,7호선,7051,2738,이수,736,N,06:45:10,06:45:50,,7022,상행,2025-05-01T05:00:00,,주말
7호선,2712,도봉산,710,,20250619,7호선,3763,석남,761,N,7호선,7051,2737,내방,735,N,06:47:20,06:47:50,,7022,상행,2025-05-01T05:00:00,,주말
7호선,2712,도봉산,710,,20250619,7호선,3763,석남,761,N,7호선,7051,2736,고속터미널,734,N,06:50:20,06:51:00,,7022,상행,2025-05-01T05:00:00,,주말
7호선,2712,도봉산,710,,20250619,7호선,3763,석남,761,N,7호선,7051,2735,반포,733,N,06:52:30,06:52:50,,7022,상행,2025-05-01T05:00:00,,주말
7호선,2712,도봉산,710,,20250619,7호선,3763,석남,761,N,7호선,7051,2734,논현,732,N,06:54:00,06:54:30,,7022,상행,2025-05-01T05:00:00,,주말
7호선,2712,도봉산,710,,20250619,7호선,3763,석남,761,N,7호선,7051,2733,학동,731,N,06:55:50,06:56:20,,7022,상행,2025-05-01T05:00:00,,주말
7호선,2712,도봉산,710,,20250619,7호선,3763,석남,761,N,7호선,7051,2732,강남구청,730,N,06:57:30,06:58:00,,7022,상행,2025-05-01T05:00:00,,주말
7호선,2712,도봉산,710,,20250619,7호선,3763,석남,761,N,7호선,7051,2731,청담,729,N,06:59:30,07:00:00,,7022,상행,2025-05-01T05:00:00,,주말
7호선,2712,도봉산,710,,20250619,7호선,3763,석남,761,N,7호선,7051,2730,자양,728,N,07:02:30,07:02:50,,7022,상행,2025-05-01T05:00:00,,주말
7호선,2712,도봉산,710,,20250619,7호선,3763,석남,761,N,7호선,7051,2729,건대입구,727,N,07:04:20,07:05:00,,7022,상행,2025-05-01T05:00:00,,주말
7호선,2712,도봉산,710,,20250619,7호선,3763,석남,761,N,7호선,7051,2728,어린이대공원,726,N,07:06:20,07:06:50,,7022,상행,2025-05-01T05:00:00,,주말
7호선,2712,도봉산,710,,20250619,7호선,3763,석남,761,N,7호선,7051,2727,군자,725,N,07:08:10,07:08:50,,7022,상행,2025-05-01T05:00:00,,주말
7호선,2712,도봉산,710,,20250619,7호선,3763,석남,761,N,7호선,7051,2726,중곡,724,N,07:10:10,07:10:40,,7022,상행,2025-05-01T05:00:00,,주말
7호선,2712,도봉산,710,,20250619,7호선,3763,석남,761,N,7호선,7051,2725,용마산,723,N,07:12:00,07:12:20,,7022,상행,2025-05-01T05:00:00,,주말
7호선,2712,도봉산,710,,20250619,7호선,3763,석남,761,N,7호선,7051,2724,사가정,722,N,07:13:30,07:14:00,,7022,상행,2025-05-01T05:00:00,,주말
7호선,2712,도봉산,710,,20250619,7호선,3763,석남,761,N,7호선,7051,2723,면목,721,N,07:15:10,07:15:40,,7022,상행,2025-05-01T05:00:00,,주말
7호선,2712,도봉산,710,,20250619,7호선,3763,석남,761,N,7호선,7051,2722,상봉,720,N,07:16:50,07:17:20,,7022,상행,2025-05-01T05:00:00,,주말
7호선,2712,도봉산,710,,20250619,7호선,3763,석남,761,N,7호선,7051,2721,중화,719,N,07:19:10,07:19:40,,7022,상행,2025-05-01T05:00:00,,주말
7호선,2712,도봉산,710,,20250619,7호선,3763,석남,761,N,7호선,7051,2720,먹골,718,N,07:21:00,07:21:30,,7022,상행,2025-05-01T05:00:00,,주말
7호선,2712,도봉산,710,,20250619,7호선,3763,석남,761,N,7호선,7051,2719,태릉입구,717,N,07:22:40,07:23:10,,7022,상행,2025-05-01T05:00:00,,주말
7호선,2712,도봉산,710,,20250619,7호선,3763,석남,761,N,7호선,7051,2718,공릉,716,N,07:24:10,07:24:40,,7022,상행,2025-05-01T05:00:00,,주말
7호선,2712,도봉산,710,,20250619,7호선,3763,석남,761,N,7호선,7051,2717,하계,715,N,07:26:10,07:26:40,,7022,상행,2025-05-01T05:00:00,,주말
7호선,2712,도봉산,710,,20250619,7호선,3763,석남,761,N,7호선,7051,2716,중계,714,N,07:27:50,07:28:20,,7022,상행,2025-05-01T05:00:00,,주말
7호선,2712,도봉산,710,,20250619,7호선,3763,석남,761,N,7호선,7051,2715,노원,713,N,07:29:40,07:30:10,,7022,상행,2025-05-01T05:00:00,,주말
7호선,2712,도봉산,710,,20250619,7호선,3763,석남,761,N,7호선,7051,2714,마들,712,N,07:31:40,07:32:10,,7022,상행,2025-05-01T05:00:00,,주말
7호선,2712,도봉산,710,,20250619,7호선,3763,석남,761,N,7호선,7051,2713,수락산,711,N,07:34:10,07:34:40,,7022,상행,2025-05-01T05:00:00,,주말
7호선,2712,도봉산,710,,20250619,7호선,3763,석남,761,N,7호선,7051,2712,도봉산,710,N,07:37:00,,,7022,상행,2025-05-01T05:00:00,,주말
7호선,2712,도봉산,710,,20250619,7호선,2752,온수,750,N,7호선,7053,2752,온수,750,N,,06:23:00,,7024,상행,2025-05-01T05:00:00,,주말
7호선,2712,도봉산,710,,20250619,7호선,2752,온수,750,N,7호선,7053,2751,천왕,749,N,06:25:20,06:25:40,,7024,상행,2025-05-01T05:00:00,,주말
7호선,2712,도봉산,710,,20250619,7호선,2752,온수,750,N,7호선,7053,2750,광명사거리,748,N,06:27:40,06:28:10,,7024,상행,2025-05-01T05:00:00,,주말
7호선,2712,도봉산,710,,20250619,7호선,2752,온수,750,N,7호선,7053,2749,철산,747,N,06:30:00,06:30:30,,7024,상행,2025-05-01T05:00:00,,주말
7호선,2712,도봉산,710,,20250619,7호선,2752,온수,750,N,7호선,7053,2748,가산디지털단지,746,N,06:32:30,06:33:00,,7024,상행,2025-05-01T05:00:00,,주말
7호선,2712,도봉산,710,,20250619,7호선,2752,온수,750,N,7호선,7053,2747,남구로,745,N,06:34:20,06:34:50,,7024,상행,2025-05-01T05:00:00,,주말
7호선,2712,도봉산,710,,20250619,7호선,2752,온수,750,N,7호선,7053,2746,대림,744,N,06:36:20,06:36:50,,7024,상행,2025-05-01T05:00:00,,주말
7호선,2712,도봉산,710,,20250619,7호선,2752,온수,750,N,7호선,7053,2745,신풍,743,N,06:38:50,06:39:20,,7024,상행,2025-05-01T05:00:00,,주말
7호선,2712,도봉산,710,,20250619,7호선,2752,온수,750,N,7호선,7053,2744,보라매,742,N,06:40:40,06:41:10,,7024,상행,2025-05-01T05:00:00,,주말
7호선,2712,도봉산,710,,20250619,7호선,2752,온수,750,N,7호선,7053,2743,신대방삼거리,741,N,06:42:20,06:42:50,,7024,상행,2025-05-01T05:00:00,,주말
7호선,2712,도봉산,710,,20250619,7호선,2752,온수,750,N,7호선,7053,2742,장승배기,740,N,06:44:40,06:45:10,,7024,상행,2025-05-01T05:00:00,,주말
7호선,2712,도봉산,710,,20250619,7호선,2752,온수,750,N,7호선,7053,2741,상도,739,N,06:46:40,06:47:10,,7024,상행,2025-05-01T05:00:00,,주말
7호선,2712,도봉산,710,,20250619,7호선,2752,온수,750,N,7호선,7053,2740,숭실대입구,738,N,06:48:20,06:48:50,,7024,상행,2025-05-01T05:00:00,,주말
7호선,2712,도봉산,710,,20250619,7호선,2752,온수,750,N,7호선,7053,2739,남성,737,N,06:51:20,06:51:50,,7024,상행,2025-05-01T05:00:00,,주말
7호선,2712,도봉산,710,,20250619,7호선,2752,온수,750,N,7호선,7053,2738,이수,736,N,06:53:10,06:53:50,,7024,상행,2025-05-01T05:00:00,,주말
7호선,2712,도봉산,710,,20250619,7호선,2752,온수,750,N,7호선,7053,2737,내방,735,N,06:55:20,06:55:50,,7024,상행,2025-05-01T05:00:00,,주말
7호선,2712,도봉산,710,,20250619,7호선,2752,온수,750,N,7호선,7053,2736,고속터미널,734,N,06:58:20,06:59:00,,7024,상행,2025-05-01T05:00:00,,주말
7호선,2712,도봉산,710,,20250619,7호선,2752,온수,750,N,7호선,7053,2735,반포,733,N,07:00:30,07:00:50,,7024,상행,2025-05-01T05:00:00,,주말
7호선,2712,도봉산,710,,20250619,7호선,2752,온수,750,N,7호선,7053,2734,논현,732,N,07:02:00,07:02:30,,7024,상행,2025-05-01T05:00:00,,주말
7호선,2712,도봉산,710,,20250619,7호선,2752,온수,750,N,7호선,7053,2733,학동,731,N,07:03:50,07:04:20,,7024,상행,2025-05-01T05:00:00,,주말
7호선,2712,도봉산,710,,20250619,7호선,2752,온수,750,N,7호선,7053,2732,강남구청,730,N,07:05:30,07:06:00,,7024,상행,2025-05-01T05:00:00,,주말
7호선,2712,도봉산,710,,20250619,7호선,2752,온수,750,N,7호선,7053,2731,청담,729,N,07:07:30,07:08:00,,7024,상행,2025-05-01T05:00:00,,주말
7호선,2712,도봉산,710,,20250619,7호선,2752,온수,750,N,7호선,7053,2730,자양,728,N,07:10:30,07:10:50,,7024,상행,2025-05-01T05:00:00,,주말
7호선,2712,도봉산,710,,20250619,7호선,2752,온수,750,N,7호선,7053,2729,건대입구,727,N,07:12:20,07:13:00,,7024,상행,2025-05-01T05:00:00,,주말
7호선,2712,도봉산,710,,20250619,7호선,2752,온수,750,N,7호선,7053,2728,어린이대공원,726,N,07:14:20,07:14:50,,7024,상행,2025-05-01T05:00:00,,주말
7호선,2712,도봉산,710,,20250619,7호선,2752,온수,750,N,7호선,7053,2727,군자,725,N,07:16:10,07:16:50,,7024,상행,2025-05-01T05:00:00,,주말
7호선,2712,도봉산,710,,20250619,7호선,2752,온수,750,N,7호선,7053,2726,중곡,724,N,07:18:10,07:18:40,,7024,상행,2025-05-01T05:00:00,,주말
7호선,2712,도봉산,710,,20250619,7호선,2752,온수,750,N,7호선,7053,2725,용마산,723,N,07:20:00,07:20:20,,7024,상행,2025-05-01T05:00:00,,주말
7호선,2712,도봉산,710,,20250619,7호선,2752,온수,750,N,7호선,7053,2724,사가정,722,N,07:21:30,07:22:00,,7024,상행,2025-05-01T05:00:00,,주말
7호선,2712,도봉산,710,,20250619,7호선,2752,온수,750,N,7호선,7053,2723,면목,721,N,07:23:10,07:23:40,,7024,상행,2025-05-01T05:00:00,,주말
7호선,2712,도봉산,710,,20250619,7호선,2752,온수,750,N,7호선,7053,2722,상봉,720,N,07:24:50,07:25:20,,7024,상행,2025-05-01T05:00:00,,주말
7호선,2712,도봉산,710,,20250619,7호선,2752,온수,750,N,7호선,7053,2721,중화,719,N,07:27:10,07:27:40,,7024,상행,2025-05-01T05:00:00,,주말
7호선,2712,도봉산,710,,20250619,7호선,2752,온수,750,N,7호선,7053,2720,먹골,718,N,07:29:00,07:29:30,,7024,상행,2025-05-01T05:00:00,,주말
7호선,2712,도봉산,710,,20250619,7호선,2752,온수,750,N,7호선,7053,2719,태릉입구,717,N,07:30:40,07:31:10,,7024,상행,2025-05-01T05:00:00,,주말
7호선,2712,도봉산,710,,20250619,7호선,2752,온수,750,N,7호선,7053,2718,공릉,716,N,07:32:10,07:32:40,,7024,상행,2025-05-01T05:00:00,,주말
7호선,2712,도봉산,710,,20250619,7호선,2752,온수,750,N,7호선,7053,2717,하계,715,N,07:34:10,07:34:40,,7024,상행,2025-05-01T05:00:00,,주말
7호선,2712,도봉산,710,,20250619,7호선,2752,온수,750,N,7호선,7053,2716,중계,714,N,07:35:50,07:36:20,,7024,상행,2025-05-01T05:00:00,,주말
7호선,2712,도봉산,710,,20250619,7호선,2752,온수,750,N,7호선,7053,2715,노원,713,N,07:37:40,07:38:10,,7024,상행,2025-05-01T05:00:00,,주말
7호선,2712,도봉산,710,,20250619,7호선,2752,온수,750,N,7호선,7053,2714,마들,712,N,07:39:40,07:40:10,,7024,상행,2025-05-01T05:00:00,,주말
7호선,2712,도봉산,710,,20250619,7호선,2752,온수,750,N,7호선,7053,2713,수락산,711,N,07:42:10,07:42:40,,7024,상행,2025-05-01T05:00:00,,주말
7호선,2712,도봉산,710,,20250619,7호선,2752,온수,750,N,7호선,7053,2712,도봉산,710,N,07:45:00,,,7024,상행,2025-05-01T05:00:00,,주말
7호선,2711,장암,709,,20250619,7호선,3763,석남,761,N,7호선,7059,3763,석남,761,N,,06:06:30,,7026,상행,2025-05-01T05:00:00,,주말
7호선,2711,장암,709,,20250619,7호선,3763,석남,761,N,7호선,7059,3762,산곡,760,N,06:09:30,06:10:00,,7026,상행,2025-05-01T05:00:00,,주말
7호선,2711,장암,709,,20250619,7호선,3763,석남,761,N,7호선,7059,3761,부평구청,759,N,06:12:00,06:12:30,,7026,상행,2025-05-01T05:00:00,,주말
7호선,2711,장암,709,,20250619,7호선,3763,석남,761,N,7호선,7059,3760,굴포천,758,N,06:13:50,06:14:20,,7026,상행,2025-05-01T05:00:00,,주말
7호선,2711,장암,709,,20250619,7호선,3763,석남,761,N,7호선,7059,3759,삼산체육관,757,N,06:15:30,06:16:00,,7026,상행,2025-05-01T05:00:00,,주말
7호선,2711,장암,709,,20250619,7호선,3763,석남,761,N,7호선,7059,3758,상동,756,N,06:17:20,06:17:50,,7026,상행,2025-05-01T05:00:00,,주말
7호선,2711,장암,709,,20250619,7호선,3763,석남,761,N,7호선,7059,3757,부천시청,755,N,06:19:00,06:19:30,,7026,상행,2025-05-01T05:00:00,,주말
7호선,2711,장암,709,,20250619,7호선,3763,석남,761,N,7호선,7059,3756,신중동,754,N,06:20:50,06:21:20,,7026,상행,2025-05-01T05:00:00,,주말
7호선,2711,장암,709,,20250619,7호선,3763,석남,761,N,7호선,7059,3755,춘의,753,N,06:22:40,06:23:10,,7026,상행,2025-05-01T05:00:00,,주말
7호선,2711,장암,709,,20250619,7호선,3763,석남,761,N,7호선,7059,3754,부천종합운동장,752,N,06:24:30,06:25:00,,7026,상행,2025-05-01T05:00:00,,주말
7호선,2711,장암,709,,20250619,7호선,3763,석남,761,N,7호선,7059,3753,까치울,751,N,06:26:30,06:27:00,,7026,상행,2025-05-01T05:00:00,,주말
7호선,2711,장암,709,,20250619,7호선,3763,석남,761,N,7호선,7059,2752,온수,750,N,06:29:30,06:30:00,,7026,상행,2025-05-01T05:00:00,,주말
7호선,2711,장암,709,,20250619,7호선,3763,석남,761,N,7호선,7059,2751,천왕,749,N,06:32:20,06:32:40,,7026,상행,2025-05-01T05:00:00,,주말
7호선,2711,장암,709,,20250619,7호선,3763,석남,761,N,7호선,7059,2750,광명사거리,748,N,06:34:40,06:35:10,,7026,상행,2025-05-01T05:00:00,,주말
7호선,2711,장암,709,,20250619,7호선,3763,석남,761,N,7호선,7059,2749,철산,747,N,06:37:00,06:37:30,,7026,상행,2025-05-01T05:00:00,,주말
7호선,2711,장암,709,,20250619,7호선,3763,석남,761,N,7호선,7059,2748,가산디지털단지,746,N,06:39:30,06:40:00,,7026,상행,2025-05-01T05:00:00,,주말
7호선,2711,장암,709,,20250619,7호선,3763,석남,761,N,7호선,7059,2747,남구로,745,N,06:41:20,06:41:50,,7026,상행,2025-05-01T05:00:00,,주말
7호선,2711,장암,709,,20250619,7호선,3763,석남,761,N,7호선,7059,2746,대림,744,N,06:43:20,06:43:50,,7026,상행,2025-05-01T05:00:00,,주말
7호선,2711,장암,709,,20250619,7호선,3763,석남,761,N,7호선,7059,2745,신풍,743,N,06:45:50,06:46:20,,7026,상행,2025-05-01T05:00:00,,주말
7호선,2711,장암,709,,20250619,7호선,3763,석남,761,N,7호선,7059,2744,보라매,742,N,06:47:40,06:48:10,,7026,상행,2025-05-01T05:00:00,,주말
7호선,2711,장암,709,,20250619,7호선,3763,석남,761,N,7호선,7059,2743,신대방삼거리,741,N,06:49:20,06:49:50,,7026,상행,2025-05-01T05:00:00,,주말
7호선,2711,장암,709,,20250619,7호선,3763,석남,761,N,7호선,7059,2742,장승배기,740,N,06:51:40,06:52:10,,7026,상행,2025-05-01T05:00:00,,주말
7호선,2711,장암,709,,20250619,7호선,3763,석남,761,N,7호선,7059,2741,상도,739,N,06:53:40,06:54:10,,7026,상행,2025-05-01T05:00:00,,주말
7호선,2711,장암,709,,20250619,7호선,3763,석남,761,N,7호선,7059,2740,숭실대입구,738,N,06:55:20,06:55:50,,7026,상행,2025-05-01T05:00:00,,주말
7호선,2711,장암,709,,20250619,7호선,3763,석남,761,N,7호선,7059,2739,남성,737,N,06:58:20,06:58:50,,7026,상행,2025-05-01T05:00:00,,주말
7호선,2711,장암,709,,20250619,7호선,3763,석남,761,N,7호선,7059,2738,이수,736,N,07:00:10,07:00:50,,7026,상행,2025-05-01T05:00:00,,주말
7호선,2711,장암,709,,20250619,7호선,3763,석남,761,N,7호선,7059,2737,내방,735,N,07:02:20,07:02:50,,7026,상행,2025-05-01T05:00:00,,주말
7호선,2711,장암,709,,20250619,7호선,3763,석남,761,N,7호선,7059,2736,고속터미널,734,N,07:05:20,07:06:00,,7026,상행,2025-05-01T05:00:00,,주말
7호선,2711,장암,709,,20250619,7호선,3763,석남,761,N,7호선,7059,2735,반포,733,N,07:07:30,07:07:50,,7026,상행,2025-05-01T05:00:00,,주말
7호선,2711,장암,709,,20250619,7호선,3763,석남,761,N,7호선,7059,2734,논현,732,N,07:09:00,07:09:30,,7026,상행,2025-05-01T05:00:00,,주말
7호선,2711,장암,709,,20250619,7호선,3763,석남,761,N,7호선,7059,2733,학동,731,N,07:10:50,07:11:20,,7026,상행,2025-05-01T05:00:00,,주말
7호선,2711,장암,709,,20250619,7호선,3763,석남,761,N,7호선,7059,2732,강남구청,730,N,07:12:30,07:13:00,,7026,상행,2025-05-01T05:00:00,,주말
7호선,2711,장암,709,,20250619,7호선,3763,석남,761,N,7호선,7059,2731,청담,729,N,07:14:30,07:15:00,,7026,상행,2025-05-01T05:00:00,,주말
7호선,2711,장암,709,,20250619,7호선,3763,석남,761,N,7호선,7059,2730,자양,728,N,07:17:30,07:17:50,,7026,상행,2025-05-01T05:00:00,,주말
7호선,2711,장암,709,,20250619,7호선,3763,석남,761,N,7호선,7059,2729,건대입구,727,N,07:19:20,07:20:00,,7026,상행,2025-05-01T05:00:00,,주말
7호선,2711,장암,709,,20250619,7호선,3763,석남,761,N,7호선,7059,2728,어린이대공원,726,N,07:21:20,07:21:50,,7026,상행,2025-05-01T05:00:00,,주말
7호선,2711,장암,709,,20250619,7호선,3763,석남,761,N,7호선,7059,2727,군자,725,N,07:23:10,07:23:50,,7026,상행,2025-05-01T05:00:00,,주말
7호선,2711,장암,709,,20250619,7호선,3763,석남,761,N,7호선,7059,2726,중곡,724,N,07:25:10,07:25:40,,7026,상행,2025-05-01T05:00:00,,주말
7호선,2711,장암,709,,20250619,7호선,3763,석남,761,N,7호선,7059,2725,용마산,723,N,07:27:00,07:27:20,,7026,상행,2025-05-01T05:00:00,,주말
7호선,2711,장암,709,,20250619,7호선,3763,석남,761,N,7호선,7059,2724,사가정,722,N,07:28:30,07:29:00,,7026,상행,2025-05-01T05:00:00,,주말
7호선,2711,장암,709,,20250619,7호선,3763,석남,761,N,7호선,7059,2723,면목,721,N,07:30:10,07:30:40,,7026,상행,2025-05-01T05:00:00,,주말
7호선,2711,장암,709,,20250619,7호선,3763,석남,761,N,7호선,7059,2722,상봉,720,N,07:31:50,07:32:20,,7026,상행,2025-05-01T05:00:00,,주말
7호선,2711,장암,709,,20250619,7호선,3763,석남,761,N,7호선,7059,2721,중화,719,N,07:34:10,07:34:40,,7026,상행,2025-05-01T05:00:00,,주말
7호선,2711,장암,709,,20250619,7호선,3763,석남,761,N,7호선,7059,2720,먹골,718,N,07:36:00,07:36:30,,7026,상행,2025-05-01T05:00:00,,주말
7호선,2711,장암,709,,20250619,7호선,3763,석남,761,N,7호선,7059,2719,태릉입구,717,N,07:37:40,07:38:10,,7026,상행,2025-05-01T05:00:00,,주말
7호선,2711,장암,709,,20250619,7호선,3763,석남,761,N,7호선,7059,2718,공릉,716,N,07:39:10,07:39:40,,7026,상행,2025-05-01T05:00:00,,주말
7호선,2711,장암,709,,20250619,7호선,3763,석남,761,N,7호선,7059,2717,하계,715,N,07:41:10,07:41:40,,7026,상행,2025-05-01T05:00:00,,주말
7호선,2711,장암,709,,20250619,7호선,3763,석남,761,N,7호선,7059,2716,중계,714,N,07:42:50,07:43:20,,7026,상행,2025-05-01T05:00:00,,주말
7호선,2711,장암,709,,20250619,7호선,3763,석남,761,N,7호선,7059,2715,노원,713,N,07:44:40,07:45:10,,7026,상행,2025-05-01T05:00:00,,주말
7호선,2711,장암,709,,20250619,7호선,3763,석남,761,N,7호선,7059,2714,마들,712,N,07:46:40,07:47:10,,7026,상행,2025-05-01T05:00:00,,주말
7호선,2711,장암,709,,20250619,7호선,3763,석남,761,N,7호선,7059,2713,수락산,711,N,07:49:10,07:49:40,,7026,상행,2025-05-01T05:00:00,,주말
7호선,2711,장암,709,,20250619,7호선,3763,석남,761,N,7호선,7059,2712,도봉산,710,N,07:52:00,07:52:30,,7026,상행,2025-05-01T05:00:00,,주말
7호선,2711,장암,709,,20250619,7호선,3763,석남,761,N,7호선,7059,2711,장암,709,N,07:57:00,,,7026,상행,2025-05-01T05:00:00,,주말
7호선,2712,도봉산,710,,20250619,7호선,2752,온수,750,N,7호선,7057,2752,온수,750,N,,06:37:00,,7028,상행,2025-05-01T05:00:00,,주말
7호선,2712,도봉산,710,,20250619,7호선,2752,온수,750,N,7호선,7057,2751,천왕,749,N,06:39:20,06:39:40,,7028,상행,2025-05-01T05:00:00,,주말
7호선,2712,도봉산,710,,20250619,7호선,2752,온수,750,N,7호선,7057,2750,광명사거리,748,N,06:41:40,06:42:10,,7028,상행,2025-05-01T05:00:00,,주말
7호선,2712,도봉산,710,,20250619,7호선,2752,온수,750,N,7호선,7057,2749,철산,747,N,06:44:00,06:44:30,,7028,상행,2025-05-01T05:00:00,,주말
7호선,2712,도봉산,710,,20250619,7호선,2752,온수,750,N,7호선,7057,2748,가산디지털단지,746,N,06:46:30,06:47:00,,7028,상행,2025-05-01T05:00:00,,주말
7호선,2712,도봉산,710,,20250619,7호선,2752,온수,750,N,7호선,7057,2747,남구로,745,N,06:48:20,06:48:50,,7028,상행,2025-05-01T05:00:00,,주말
7호선,2712,도봉산,710,,20250619,7호선,2752,온수,750,N,7호선,7057,2746,대림,744,N,06:50:20,06:50:50,,7028,상행,2025-05-01T05:00:00,,주말
7호선,2712,도봉산,710,,20250619,7호선,2752,온수,750,N,7호선,7057,2745,신풍,743,N,06:52:50,06:53:20,,7028,상행,2025-05-01T05:00:00,,주말
7호선,2712,도봉산,710,,20250619,7호선,2752,온수,750,N,7호선,7057,2744,보라매,742,N,06:54:40,06:55:10,,7028,상행,2025-05-01T05:00:00,,주말
7호선,2712,도봉산,710,,20250619,7호선,2752,온수,750,N,7호선,7057,2743,신대방삼거리,741,N,06:56:20,06:56:50,,7028,상행,2025-05-01T05:00:00,,주말
7호선,2712,도봉산,710,,20250619,7호선,2752,온수,750,N,7호선,7057,2742,장승배기,740,N,06:58:40,06:59:10,,7028,상행,2025-05-01T05:00:00,,주말
7호선,2712,도봉산,710,,20250619,7호선,2752,온수,750,N,7호선,7057,2741,상도,739,N,07:00:40,07:01:10,,7028,상행,2025-05-01T05:00:00,,주말
7호선,2712,도봉산,710,,20250619,7호선,2752,온수,750,N,7호선,7057,2740,숭실대입구,738,N,07:02:20,07:02:50,,7028,상행,2025-05-01T05:00:00,,주말
7호선,2712,도봉산,710,,20250619,7호선,2752,온수,750,N,7호선,7057,2739,남성,737,N,07:05:20,07:05:50,,7028,상행,2025-05-01T05:00:00,,주말
7호선,2712,도봉산,710,,20250619,7호선,2752,온수,750,N,7호선,7057,2738,이수,736,N,07:07:10,07:07:50,,7028,상행,2025-05-01T05:00:00,,주말
7호선,2712,도봉산,710,,20250619,7호선,2752,온수,750,N,7호선,7057,2737,내방,735,N,07:09:20,07:09:50,,7028,상행,2025-05-01T05:00:00,,주말
7호선,2712,도봉산,710,,20250619,7호선,2752,온수,750,N,7호선,7057,2736,고속터미널,734,N,07:12:20,07:13:00,,7028,상행,2025-05-01T05:00:00,,주말
7호선,2712,도봉산,710,,20250619,7호선,2752,온수,750,N,7호선,7057,2735,반포,733,N,07:14:30,07:14:50,,7028,상행,2025-05-01T05:00:00,,주말
7호선,2712,도봉산,710,,20250619,7호선,2752,온수,750,N,7호선,7057,2734,논현,732,N,07:16:00,07:16:30,,7028,상행,2025-05-01T05:00:00,,주말
7호선,2712,도봉산,710,,20250619,7호선,2752,온수,750,N,7호선,7057,2733,학동,731,N,07:17:50,07:18:20,,7028,상행,2025-05-01T05:00:00,,주말
7호선,2712,도봉산,710,,20250619,7호선,2752,온수,750,N,7호선,7057,2732,강남구청,730,N,07:19:30,07:20:00,,7028,상행,2025-05-01T05:00:00,,주말
7호선,2712,도봉산,710,,20250619,7호선,2752,온수,750,N,7호선,7057,2731,청담,729,N,07:21:30,07:22:00,,7028,상행,2025-05-01T05:00:00,,주말
7호선,2712,도봉산,710,,20250619,7호선,2752,온수,750,N,7호선,7057,2730,자양,728,N,07:24:30,07:24:50,,7028,상행,2025-05-01T05:00:00,,주말
7호선,2712,도봉산,710,,20250619,7호선,2752,온수,750,N,7호선,7057,2729,건대입구,727,N,07:26:20,07:27:00,,7028,상행,2025-05-01T05:00:00,,주말
7호선,2712,도봉산,710,,20250619,7호선,2752,온수,750,N,7호선,7057,2728,어린이대공원,726,N,07:28:20,07:28:50,,7028,상행,2025-05-01T05:00:00,,주말
7호선,2712,도봉산,710,,20250619,7호선,2752,온수,750,N,7호선,7057,2727,군자,725,N,07:30:10,07:30:50,,7028,상행,2025-05-01T05:00:00,,주말
7호선,2712,도봉산,710,,20250619,7호선,2752,온수,750,N,7호선,7057,2726,중곡,724,N,07:32:10,07:32:40,,7028,상행,2025-05-01T05:00:00,,주말
7호선,2712,도봉산,710,,20250619,7호선,2752,온수,750,N,7호선,7057,2725,용마산,723,N,07:34:00,07:34:20,,7028,상행,2025-05-01T05:00:00,,주말
7호선,2712,도봉산,710,,20250619,7호선,2752,온수,750,N,7호선,7057,2724,사가정,722,N,07:35:30,07:36:00,,7028,상행,2025-05-01T05:00:00,,주말
7호선,2712,도봉산,710,,20250619,7호선,2752,온수,750,N,7호선,7057,2723,면목,721,N,07:37:10,07:37:40,,7028,상행,2025-05-01T05:00:00,,주말
7호선,2712,도봉산,710,,20250619,7호선,2752,온수,750,N,7호선,7057,2722,상봉,720,N,07:38:50,07:39:20,,7028,상행,2025-05-01T05:00:00,,주말
7호선,2712,도봉산,710,,20250619,7호선,2752,온수,750,N,7호선,7057,2721,중화,719,N,07:41:10,07:41:40,,7028,상행,2025-05-01T05:00:00,,주말
7호선,2712,도봉산,710,,20250619,7호선,2752,온수,750,N,7호선,7057,2720,먹골,718,N,07:43:00,07:43:30,,7028,상행,2025-05-01T05:00:00,,주말
7호선,2712,도봉산,710,,20250619,7호선,2752,온수,750,N,7호선,7057,2719,태릉입구,717,N,07:44:40,07:45:10,,7028,상행,2025-05-01T05:00:00,,주말
7호선,2712,도봉산,710,,20250619,7호선,2752,온수,750,N,7호선,7057,2718,공릉,716,N,07:46:10,07:46:40,,7028,상행,2025-05-01T05:00:00,,주말
7호선,2712,도봉산,710,,20250619,7호선,2752,온수,750,N,7호선,7057,2717,하계,715,N,07:48:10,07:48:40,,7028,상행,2025-05-01T05:00:00,,주말
7호선,2712,도봉산,710,,20250619,7호선,2752,온수,750,N,7호선,7057,2716,중계,714,N,07:49:50,07:50:20,,7028,상행,2025-05-01T05:00:00,,주말
7호선,2712,도봉산,710,,20250619,7호선,2752,온수,750,N,7호선,7057,2715,노원,713,N,07:51:40,07:52:10,,7028,상행,2025-05-01T05:00:00,,주말
7호선,2712,도봉산,710,,20250619,7호선,2752,온수,750,N,7호선,7057,2714,마들,712,N,07:53:40,07:54:10,,7028,상행,2025-05-01T05:00:00,,주말
7호선,2712,도봉산,710,,20250619,7호선,2752,온수,750,N,7호선,7057,2713,수락산,711,N,07:56:10,07:56:40,,7028,상행,2025-05-01T05:00:00,,주말
7호선,2712,도봉산,710,,20250619,7호선,2752,온수,750,N,7호선,7057,2712,도봉산,710,N,07:59:00,,,7028,상행,2025-05-01T05:00:00,,주말
7호선,2711,장암,709,,20250619,7호선,3763,석남,761,N,7호선,7063,3763,석남,761,N,,06:20:30,,7030,상행,2025-05-01T05:00:00,,주말
7호선,2711,장암,709,,20250619,7호선,3763,석남,761,N,7호선,7063,3762,산곡,760,N,06:23:30,06:24:00,,7030,상행,2025-05-01T05:00:00,,주말
7호선,2711,장암,709,,20250619,7호선,3763,석남,761,N,7호선,7063,3761,부평구청,759,N,06:26:00,06:26:30,,7030,상행,2025-05-01T05:00:00,,주말
7호선,2711,장암,709,,20250619,7호선,3763,석남,761,N,7호선,7063,3760,굴포천,758,N,06:27:50,06:28:20,,7030,상행,2025-05-01T05:00:00,,주말
7호선,2711,장암,709,,20250619,7호선,3763,석남,761,N,7호선,7063,3759,삼산체육관,757,N,06:29:30,06:30:00,,7030,상행,2025-05-01T05:00:00,,주말
7호선,2711,장암,709,,20250619,7호선,3763,석남,761,N,7호선,7063,3758,상동,756,N,06:31:20,06:31:50,,7030,상행,2025-05-01T05:00:00,,주말
7호선,2711,장암,709,,20250619,7호선,3763,석남,761,N,7호선,7063,3757,부천시청,755,N,06:33:00,06:33:30,,7030,상행,2025-05-01T05:00:00,,주말
7호선,2711,장암,709,,20250619,7호선,3763,석남,761,N,7호선,7063,3756,신중동,754,N,06:34:50,06:35:20,,7030,상행,2025-05-01T05:00:00,,주말
7호선,2711,장암,709,,20250619,7호선,3763,석남,761,N,7호선,7063,3755,춘의,753,N,06:36:40,06:37:10,,7030,상행,2025-05-01T05:00:00,,주말
7호선,2711,장암,709,,20250619,7호선,3763,석남,761,N,7호선,7063,3754,부천종합운동장,752,N,06:38:30,06:39:00,,7030,상행,2025-05-01T05:00:00,,주말
7호선,2711,장암,709,,20250619,7호선,3763,석남,761,N,7호선,7063,3753,까치울,751,N,06:40:30,06:41:00,,7030,상행,2025-05-01T05:00:00,,주말
7호선,2711,장암,709,,20250619,7호선,3763,석남,761,N,7호선,7063,2752,온수,750,N,06:43:30,06:44:00,,7030,상행,2025-05-01T05:00:00,,주말
7호선,2711,장암,709,,20250619,7호선,3763,석남,761,N,7호선,7063,2751,천왕,749,N,06:46:20,06:46:40,,7030,상행,2025-05-01T05:00:00,,주말
7호선,2711,장암,709,,20250619,7호선,3763,석남,761,N,7호선,7063,2750,광명사거리,748,N,06:48:40,06:49:10,,7030,상행,2025-05-01T05:00:00,,주말
7호선,2711,장암,709,,20250619,7호선,3763,석남,761,N,7호선,7063,2749,철산,747,N,06:51:00,06:51:30,,7030,상행,2025-05-01T05:00:00,,주말
7호선,2711,장암,709,,20250619,7호선,3763,석남,761,N,7호선,7063,2748,가산디지털단지,746,N,06:53:30,06:54:00,,7030,상행,2025-05-01T05:00:00,,주말
7호선,2711,장암,709,,20250619,7호선,3763,석남,761,N,7호선,7063,2747,남구로,745,N,06:55:20,06:55:50,,7030,상행,2025-05-01T05:00:00,,주말
7호선,2711,장암,709,,20250619,7호선,3763,석남,761,N,7호선,7063,2746,대림,744,N,06:57:20,06:57:50,,7030,상행,2025-05-01T05:00:00,,주말
7호선,2711,장암,709,,20250619,7호선,3763,석남,761,N,7호선,7063,2745,신풍,743,N,06:59:50,07:00:20,,7030,상행,2025-05-01T05:00:00,,주말
7호선,2711,장암,709,,20250619,7호선,3763,석남,761,N,7호선,7063,2744,보라매,742,N,07:01:40,07:02:10,,7030,상행,2025-05-01T05:00:00,,주말
7호선,2711,장암,709,,20250619,7호선,3763,석남,761,N,7호선,7063,2743,신대방삼거리,741,N,07:03:20,07:03:50,,7030,상행,2025-05-01T05:00:00,,주말
7호선,2711,장암,709,,20250619,7호선,3763,석남,761,N,7호선,7063,2742,장승배기,740,N,07:05:40,07:06:10,,7030,상행,2025-05-01T05:00:00,,주말
7호선,2711,장암,709,,20250619,7호선,3763,석남,761,N,7호선,7063,2741,상도,739,N,07:07:40,07:08:10,,7030,상행,2025-05-01T05:00:00,,주말
7호선,2711,장암,709,,20250619,7호선,3763,석남,761,N,7호선,7063,2740,숭실대입구,738,N,07:09:20,07:09:50,,7030,상행,2025-05-01T05:00:00,,주말
7호선,2711,장암,709,,20250619,7호선,3763,석남,761,N,7호선,7063,2739,남성,737,N,07:12:20,07:12:50,,7030,상행,2025-05-01T05:00:00,,주말
7호선,2711,장암,709,,20250619,7호선,3763,석남,761,N,7호선,7063,2738,이수,736,N,07:14:10,07:14:50,,7030,상행,2025-05-01T05:00:00,,주말
7호선,2711,장암,709,,20250619,7호선,3763,석남,761,N,7호선,7063,2737,내방,735,N,07:16:20,07:16:50,,7030,상행,2025-05-01T05:00:00,,주말
7호선,2711,장암,709,,20250619,7호선,3763,석남,761,N,7호선,7063,2736,고속터미널,734,N,07:19:20,07:20:00,,7030,상행,2025-05-01T05:00:00,,주말
7호선,2711,장암,709,,20250619,7호선,3763,석남,761,N,7호선,7063,2735,반포,733,N,07:21:30,07:21:50,,7030,상행,2025-05-01T05:00:00,,주말
7호선,2711,장암,709,,20250619,7호선,3763,석남,761,N,7호선,7063,2734,논현,732,N,07:23:00,07:23:30,,7030,상행,2025-05-01T05:00:00,,주말
7호선,2711,장암,709,,20250619,7호선,3763,석남,761,N,7호선,7063,2733,학동,731,N,07:24:50,07:25:20,,7030,상행,2025-05-01T05:00:00,,주말
7호선,2711,장암,709,,20250619,7호선,3763,석남,761,N,7호선,7063,2732,강남구청,730,N,07:26:30,07:27:00,,7030,상행,2025-05-01T05:00:00,,주말
7호선,2711,장암,709,,20250619,7호선,3763,석남,761,N,7호선,7063,2731,청담,729,N,07:28:30,07:29:00,,7030,상행,2025-05-01T05:00:00,,주말
7호선,2711,장암,709,,20250619,7호선,3763,석남,761,N,7호선,7063,2730,자양,728,N,07:31:30,07:31:50,,7030,상행,2025-05-01T05:00:00,,주말
7호선,2711,장암,709,,20250619,7호선,3763,석남,761,N,7호선,7063,2729,건대입구,727,N,07:33:20,07:34:00,,7030,상행,2025-05-01T05:00:00,,주말
7호선,2711,장암,709,,20250619,7호선,3763,석남,761,N,7호선,7063,2728,어린이대공원,726,N,07:35:20,07:35:50,,7030,상행,2025-05-01T05:00:00,,주말
7호선,2711,장암,709,,20250619,7호선,3763,석남,761,N,7호선,7063,2727,군자,725,N,07:37:10,07:37:50,,7030,상행,2025-05-01T05:00:00,,주말
7호선,2711,장암,709,,20250619,7호선,3763,석남,761,N,7호선,7063,2726,중곡,724,N,07:39:10,07:39:40,,7030,상행,2025-05-01T05:00:00,,주말
7호선,2711,장암,709,,20250619,7호선,3763,석남,761,N,7호선,7063,2725,용마산,723,N,07:41:00,07:41:20,,7030,상행,2025-05-01T05:00:00,,주말
7호선,2711,장암,709,,20250619,7호선,3763,석남,761,N,7호선,7063,2724,사가정,722,N,07:42:30,07:43:00,,7030,상행,2025-05-01T05:00:00,,주말
7호선,2711,장암,709,,20250619,7호선,3763,석남,761,N,7호선,7063,2723,면목,721,N,07:44:10,07:44:40,,7030,상행,2025-05-01T05:00:00,,주말
7호선,2711,장암,709,,20250619,7호선,3763,석남,761,N,7호선,7063,2722,상봉,720,N,07:45:50,07:46:20,,7030,상행,2025-05-01T05:00:00,,주말
7호선,2711,장암,709,,20250619,7호선,3763,석남,761,N,7호선,7063,2721,중화,719,N,07:48:10,07:48:40,,7030,상행,2025-05-01T05:00:00,,주말
7호선,2711,장암,709,,20250619,7호선,3763,석남,761,N,7호선,7063,2720,먹골,718,N,07:50:00,07:50:30,,7030,상행,2025-05-01T05:00:00,,주말
7호선,2711,장암,709,,20250619,7호선,3763,석남,761,N,7호선,7063,2719,태릉입구,717,N,07:51:40,07:52:10,,7030,상행,2025-05-01T05:00:00,,주말
7호선,2711,장암,709,,20250619,7호선,3763,석남,761,N,7호선,7063,2718,공릉,716,N,07:53:10,07:53:40,,7030,상행,2025-05-01T05:00:00,,주말
7호선,2711,장암,709,,20250619,7호선,3763,석남,761,N,7호선,7063,2717,하계,715,N,07:55:10,07:55:40,,7030,상행,2025-05-01T05:00:00,,주말
7호선,2711,장암,709,,20250619,7호선,3763,석남,761,N,7호선,7063,2716,중계,714,N,07:56:50,07:57:20,,7030,상행,2025-05-01T05:00:00,,주말
7호선,2711,장암,709,,20250619,7호선,3763,석남,761,N,7호선,7063,2715,노원,713,N,07:58:40,07:59:10,,7030,상행,2025-05-01T05:00:00,,주말
7호선,2711,장암,709,,20250619,7호선,3763,석남,761,N,7호선,7063,2714,마들,712,N,08:00:40,08:01:10,,7030,상행,2025-05-01T05:00:00,,주말
7호선,2711,장암,709,,20250619,7호선,3763,석남,761,N,7호선,7063,2713,수락산,711,N,08:03:10,08:03:40,,7030,상행,2025-05-01T05:00:00,,주말
7호선,2711,장암,709,,20250619,7호선,3763,석남,761,N,7호선,7063,2712,도봉산,710,N,08:06:00,08:06:30,,7030,상행,2025-05-01T05:00:00,,주말
7호선,2711,장암,709,,20250619,7호선,3763,석남,761,N,7호선,7063,2711,장암,709,N,08:11:00,,,7030,상행,2025-05-01T05:00:00,,주말
7호선,2712,도봉산,710,,20250619,7호선,3763,석남,761,N,7호선,7061,3763,석남,761,N,,06:27:30,,7032,상행,2025-05-01T05:00:00,,주말
7호선,2712,도봉산,710,,20250619,7호선,3763,석남,761,N,7호선,7061,3762,산곡,760,N,06:30:30,06:31:00,,7032,상행,2025-05-01T05:00:00,,주말
7호선,2712,도봉산,710,,20250619,7호선,3763,석남,761,N,7호선,7061,3761,부평구청,759,N,06:33:00,06:33:30,,7032,상행,2025-05-01T05:00:00,,주말
7호선,2712,도봉산,710,,20250619,7호선,3763,석남,761,N,7호선,7061,3760,굴포천,758,N,06:34:50,06:35:20,,7032,상행,2025-05-01T05:00:00,,주말
7호선,2712,도봉산,710,,20250619,7호선,3763,석남,761,N,7호선,7061,3759,삼산체육관,757,N,06:36:30,06:37:00,,7032,상행,2025-05-01T05:00:00,,주말
7호선,2712,도봉산,710,,20250619,7호선,3763,석남,761,N,7호선,7061,3758,상동,756,N,06:38:20,06:38:50,,7032,상행,2025-05-01T05:00:00,,주말
7호선,2712,도봉산,710,,20250619,7호선,3763,석남,761,N,7호선,7061,3757,부천시청,755,N,06:40:00,06:40:30,,7032,상행,2025-05-01T05:00:00,,주말
7호선,2712,도봉산,710,,20250619,7호선,3763,석남,761,N,7호선,7061,3756,신중동,754,N,06:41:50,06:42:20,,7032,상행,2025-05-01T05:00:00,,주말
7호선,2712,도봉산,710,,20250619,7호선,3763,석남,761,N,7호선,7061,3755,춘의,753,N,06:43:40,06:44:10,,7032,상행,2025-05-01T05:00:00,,주말
7호선,2712,도봉산,710,,20250619,7호선,3763,석남,761,N,7호선,7061,3754,부천종합운동장,752,N,06:45:30,06:46:00,,7032,상행,2025-05-01T05:00:00,,주말
7호선,2712,도봉산,710,,20250619,7호선,3763,석남,761,N,7호선,7061,3753,까치울,751,N,06:47:30,06:48:00,,7032,상행,2025-05-01T05:00:00,,주말
7호선,2712,도봉산,710,,20250619,7호선,3763,석남,761,N,7호선,7061,2752,온수,750,N,06:50:30,06:51:00,,7032,상행,2025-05-01T05:00:00,,주말
7호선,2712,도봉산,710,,20250619,7호선,3763,석남,761,N,7호선,7061,2751,천왕,749,N,06:53:20,06:53:40,,7032,상행,2025-05-01T05:00:00,,주말
7호선,2712,도봉산,710,,20250619,7호선,3763,석남,761,N,7호선,7061,2750,광명사거리,748,N,06:55:40,06:56:10,,7032,상행,2025-05-01T05:00:00,,주말
7호선,2712,도봉산,710,,20250619,7호선,3763,석남,761,N,7호선,7061,2749,철산,747,N,06:58:00,06:58:30,,7032,상행,2025-05-01T05:00:00,,주말
7호선,2712,도봉산,710,,20250619,7호선,3763,석남,761,N,7호선,7061,2748,가산디지털단지,746,N,07:00:30,07:01:00,,7032,상행,2025-05-01T05:00:00,,주말
7호선,2712,도봉산,710,,20250619,7호선,3763,석남,761,N,7호선,7061,2747,남구로,745,N,07:02:20,07:02:50,,7032,상행,2025-05-01T05:00:00,,주말
7호선,2712,도봉산,710,,20250619,7호선,3763,석남,761,N,7호선,7061,2746,대림,744,N,07:04:20,07:04:50,,7032,상행,2025-05-01T05:00:00,,주말
7호선,2712,도봉산,710,,20250619,7호선,3763,석남,761,N,7호선,7061,2745,신풍,743,N,07:06:50,07:07:20,,7032,상행,2025-05-01T05:00:00,,주말
7호선,2712,도봉산,710,,20250619,7호선,3763,석남,761,N,7호선,7061,2744,보라매,742,N,07:08:40,07:09:10,,7032,상행,2025-05-01T05:00:00,,주말
7호선,2712,도봉산,710,,20250619,7호선,3763,석남,761,N,7호선,7061,2743,신대방삼거리,741,N,07:10:20,07:10:50,,7032,상행,2025-05-01T05:00:00,,주말
7호선,2712,도봉산,710,,20250619,7호선,3763,석남,761,N,7호선,7061,2742,장승배기,740,N,07:12:40,07:13:10,,7032,상행,2025-05-01T05:00:00,,주말
7호선,2712,도봉산,710,,20250619,7호선,3763,석남,761,N,7호선,7061,2741,상도,739,N,07:14:40,07:15:10,,7032,상행,2025-05-01T05:00:00,,주말
7호선,2712,도봉산,710,,20250619,7호선,3763,석남,761,N,7호선,7061,2740,숭실대입구,738,N,07:16:20,07:16:50,,7032,상행,2025-05-01T05:00:00,,주말
7호선,2712,도봉산,710,,20250619,7호선,3763,석남,761,N,7호선,7061,2739,남성,737,N,07:19:20,07:19:50,,7032,상행,2025-05-01T05:00:00,,주말
7호선,2712,도봉산,710,,20250619,7호선,3763,석남,761,N,7호선,7061,2738,이수,736,N,07:21:10,07:21:50,,7032,상행,2025-05-01T05:00:00,,주말
7호선,2712,도봉산,710,,20250619,7호선,3763,석남,761,N,7호선,7061,2737,내방,735,N,07:23:20,07:23:50,,7032,상행,2025-05-01T05:00:00,,주말
7호선,2712,도봉산,710,,20250619,7호선,3763,석남,761,N,7호선,7061,2736,고속터미널,734,N,07:26:20,07:27:00,,7032,상행,2025-05-01T05:00:00,,주말
7호선,2712,도봉산,710,,20250619,7호선,3763,석남,761,N,7호선,7061,2735,반포,733,N,07:28:30,07:28:50,,7032,상행,2025-05-01T05:00:00,,주말
7호선,2712,도봉산,710,,20250619,7호선,3763,석남,761,N,7호선,7061,2734,논현,732,N,07:30:00,07:30:30,,7032,상행,2025-05-01T05:00:00,,주말
7호선,2712,도봉산,710,,20250619,7호선,3763,석남,761,N,7호선,7061,2733,학동,731,N,07:31:50,07:32:20,,7032,상행,2025-05-01T05:00:00,,주말
7호선,2712,도봉산,710,,20250619,7호선,3763,석남,761,N,7호선,7061,2732,강남구청,730,N,07:33:30,07:34:00,,7032,상행,2025-05-01T05:00:00,,주말
7호선,2712,도봉산,710,,20250619,7호선,3763,석남,761,N,7호선,7061,2731,청담,729,N,07:35:30,07:36:00,,7032,상행,2025-05-01T05:00:00,,주말
7호선,2712,도봉산,710,,20250619,7호선,3763,석남,761,N,7호선,7061,2730,자양,728,N,07:38:30,07:38:50,,7032,상행,2025-05-01T05:00:00,,주말
7호선,2712,도봉산,710,,20250619,7호선,3763,석남,761,N,7호선,7061,2729,건대입구,727,N,07:40:20,07:41:00,,7032,상행,2025-05-01T05:00:00,,주말
7호선,2712,도봉산,710,,20250619,7호선,3763,석남,761,N,7호선,7061,2728,어린이대공원,726,N,07:42:20,07:42:50,,7032,상행,2025-05-01T05:00:00,,주말
7호선,2712,도봉산,710,,20250619,7호선,3763,석남,761,N,7호선,7061,2727,군자,725,N,07:44:10,07:44:50,,7032,상행,2025-05-01T05:00:00,,주말
7호선,2712,도봉산,710,,20250619,7호선,3763,석남,761,N,7호선,7061,2726,중곡,724,N,07:46:10,07:46:40,,7032,상행,2025-05-01T05:00:00,,주말
7호선,2712,도봉산,710,,20250619,7호선,3763,석남,761,N,7호선,7061,2725,용마산,723,N,07:48:00,07:48:20,,7032,상행,2025-05-01T05:00:00,,주말
7호선,2712,도봉산,710,,20250619,7호선,3763,석남,761,N,7호선,7061,2724,사가정,722,N,07:49:30,07:50:00,,7032,상행,2025-05-01T05:00:00,,주말
7호선,2712,도봉산,710,,20250619,7호선,3763,석남,761,N,7호선,7061,2723,면목,721,N,07:51:10,07:51:40,,7032,상행,2025-05-01T05:00:00,,주말
7호선,2712,도봉산,710,,20250619,7호선,3763,석남,761,N,7호선,7061,2722,상봉,720,N,07:52:50,07:53:20,,7032,상행,2025-05-01T05:00:00,,주말
7호선,2712,도봉산,710,,20250619,7호선,3763,석남,761,N,7호선,7061,2721,중화,719,N,07:55:10,07:55:40,,7032,상행,2025-05-01T05:00:00,,주말
7호선,2712,도봉산,710,,20250619,7호선,3763,석남,761,N,7호선,7061,2720,먹골,718,N,07:57:00,07:57:30,,7032,상행,2025-05-01T05:00:00,,주말
7호선,2712,도봉산,710,,20250619,7호선,3763,석남,761,N,7호선,7061,2719,태릉입구,717,N,07:58:40,07:59:10,,7032,상행,2025-05-01T05:00:00,,주말
7호선,2712,도봉산,710,,20250619,7호선,3763,석남,761,N,7호선,7061,2718,공릉,716,N,08:00:10,08:00:40,,7032,상행,2025-05-01T05:00:00,,주말
7호선,2712,도봉산,710,,20250619,7호선,3763,석남,761,N,7호선,7061,2717,하계,715,N,08:02:10,08:02:40,,7032,상행,2025-05-01T05:00:00,,주말
7호선,2712,도봉산,710,,20250619,7호선,3763,석남,761,N,7호선,7061,2716,중계,714,N,08:03:50,08:04:20,,7032,상행,2025-05-01T05:00:00,,주말
7호선,2712,도봉산,710,,20250619,7호선,3763,석남,761,N,7호선,7061,2715,노원,713,N,08:05:40,08:06:10,,7032,상행,2025-05-01T05:00:00,,주말
7호선,2712,도봉산,710,,20250619,7호선,3763,석남,761,N,7호선,7061,2714,마들,712,N,08:07:40,08:08:10,,7032,상행,2025-05-01T05:00:00,,주말
7호선,2712,도봉산,710,,20250619,7호선,3763,석남,761,N,7호선,7061,2713,수락산,711,N,08:10:10,08:10:40,,7032,상행,2025-05-01T05:00:00,,주말
7호선,2712,도봉산,710,,20250619,7호선,3763,석남,761,N,7호선,7061,2712,도봉산,710,N,08:13:00,,,7032,상행,2025-05-01T05:00:00,,주말
7호선,2711,장암,709,,20250619,7호선,3763,석남,761,N,7호선,7067,3763,석남,761,N,,06:34:30,,7034,상행,2025-05-01T05:00:00,,주말
7호선,2711,장암,709,,20250619,7호선,3763,석남,761,N,7호선,7067,3762,산곡,760,N,06:37:30,06:38:00,,7034,상행,2025-05-01T05:00:00,,주말
7호선,2711,장암,709,,20250619,7호선,3763,석남,761,N,7호선,7067,3761,부평구청,759,N,06:40:00,06:40:30,,7034,상행,2025-05-01T05:00:00,,주말
7호선,2711,장암,709,,20250619,7호선,3763,석남,761,N,7호선,7067,3760,굴포천,758,N,06:41:50,06:42:20,,7034,상행,2025-05-01T05:00:00,,주말
7호선,2711,장암,709,,20250619,7호선,3763,석남,761,N,7호선,7067,3759,삼산체육관,757,N,06:43:30,06:44:00,,7034,상행,2025-05-01T05:00:00,,주말
7호선,2711,장암,709,,20250619,7호선,3763,석남,761,N,7호선,7067,3758,상동,756,N,06:45:20,06:45:50,,7034,상행,2025-05-01T05:00:00,,주말
7호선,2711,장암,709,,20250619,7호선,3763,석남,761,N,7호선,7067,3757,부천시청,755,N,06:47:00,06:47:30,,7034,상행,2025-05-01T05:00:00,,주말
7호선,2711,장암,709,,20250619,7호선,3763,석남,761,N,7호선,7067,3756,신중동,754,N,06:48:50,06:49:20,,7034,상행,2025-05-01T05:00:00,,주말
7호선,2711,장암,709,,20250619,7호선,3763,석남,761,N,7호선,7067,3755,춘의,753,N,06:50:40,06:51:10,,7034,상행,2025-05-01T05:00:00,,주말
7호선,2711,장암,709,,20250619,7호선,3763,석남,761,N,7호선,7067,3754,부천종합운동장,752,N,06:52:30,06:53:00,,7034,상행,2025-05-01T05:00:00,,주말
7호선,2711,장암,709,,20250619,7호선,3763,석남,761,N,7호선,7067,3753,까치울,751,N,06:54:30,06:55:00,,7034,상행,2025-05-01T05:00:00,,주말
7호선,2711,장암,709,,20250619,7호선,3763,석남,761,N,7호선,7067,2752,온수,750,N,06:57:30,06:58:00,,7034,상행,2025-05-01T05:00:00,,주말
7호선,2711,장암,709,,20250619,7호선,3763,석남,761,N,7호선,7067,2751,천왕,749,N,07:00:20,07:00:40,,7034,상행,2025-05-01T05:00:00,,주말
7호선,2711,장암,709,,20250619,7호선,3763,석남,761,N,7호선,7067,2750,광명사거리,748,N,07:02:40,07:03:10,,7034,상행,2025-05-01T05:00:00,,주말
7호선,2711,장암,709,,20250619,7호선,3763,석남,761,N,7호선,7067,2749,철산,747,N,07:05:00,07:05:30,,7034,상행,2025-05-01T05:00:00,,주말
7호선,2711,장암,709,,20250619,7호선,3763,석남,761,N,7호선,7067,2748,가산디지털단지,746,N,07:07:30,07:08:00,,7034,상행,2025-05-01T05:00:00,,주말
7호선,2711,장암,709,,20250619,7호선,3763,석남,761,N,7호선,7067,2747,남구로,745,N,07:09:20,07:09:50,,7034,상행,2025-05-01T05:00:00,,주말
7호선,2711,장암,709,,20250619,7호선,3763,석남,761,N,7호선,7067,2746,대림,744,N,07:11:20,07:11:50,,7034,상행,2025-05-01T05:00:00,,주말
7호선,2711,장암,709,,20250619,7호선,3763,석남,761,N,7호선,7067,2745,신풍,743,N,07:13:50,07:14:20,,7034,상행,2025-05-01T05:00:00,,주말
7호선,2711,장암,709,,20250619,7호선,3763,석남,761,N,7호선,7067,2744,보라매,742,N,07:15:40,07:16:10,,7034,상행,2025-05-01T05:00:00,,주말
7호선,2711,장암,709,,20250619,7호선,3763,석남,761,N,7호선,7067,2743,신대방삼거리,741,N,07:17:20,07:17:50,,7034,상행,2025-05-01T05:00:00,,주말
7호선,2711,장암,709,,20250619,7호선,3763,석남,761,N,7호선,7067,2742,장승배기,740,N,07:19:40,07:20:10,,7034,상행,2025-05-01T05:00:00,,주말
7호선,2711,장암,709,,20250619,7호선,3763,석남,761,N,7호선,7067,2741,상도,739,N,07:21:40,07:22:10,,7034,상행,2025-05-01T05:00:00,,주말
7호선,2711,장암,709,,20250619,7호선,3763,석남,761,N,7호선,7067,2740,숭실대입구,738,N,07:23:20,07:23:50,,7034,상행,2025-05-01T05:00:00,,주말
7호선,2711,장암,709,,20250619,7호선,3763,석남,761,N,7호선,7067,2739,남성,737,N,07:26:20,07:26:50,,7034,상행,2025-05-01T05:00:00,,주말
7호선,2711,장암,709,,20250619,7호선,3763,석남,761,N,7호선,7067,2738,이수,736,N,07:28:10,07:28:50,,7034,상행,2025-05-01T05:00:00,,주말
7호선,2711,장암,709,,20250619,7호선,3763,석남,761,N,7호선,7067,2737,내방,735,N,07:30:20,07:30:50,,7034,상행,2025-05-01T05:00:00,,주말
7호선,2711,장암,709,,20250619,7호선,3763,석남,761,N,7호선,7067,2736,고속터미널,734,N,07:33:20,07:34:00,,7034,상행,2025-05-01T05:00:00,,주말
7호선,2711,장암,709,,20250619,7호선,3763,석남,761,N,7호선,7067,2735,반포,733,N,07:35:30,07:35:50,,7034,상행,2025-05-01T05:00:00,,주말
7호선,2711,장암,709,,20250619,7호선,3763,석남,761,N,7호선,7067,2734,논현,732,N,07:37:00,07:37:30,,7034,상행,2025-05-01T05:00:00,,주말
7호선,2711,장암,709,,20250619,7호선,3763,석남,761,N,7호선,7067,2733,학동,731,N,07:38:50,07:39:20,,7034,상행,2025-05-01T05:00:00,,주말
7호선,2711,장암,709,,20250619,7호선,3763,석남,761,N,7호선,7067,2732,강남구청,730,N,07:40:30,07:41:00,,7034,상행,2025-05-01T05:00:00,,주말
7호선,2711,장암,709,,20250619,7호선,3763,석남,761,N,7호선,7067,2731,청담,729,N,07:42:30,07:43:00,,7034,상행,2025-05-01T05:00:00,,주말
7호선,2711,장암,709,,20250619,7호선,3763,석남,761,N,7호선,7067,2730,자양,728,N,07:45:30,07:45:50,,7034,상행,2025-05-01T05:00:00,,주말
7호선,2711,장암,709,,20250619,7호선,3763,석남,761,N,7호선,7067,2729,건대입구,727,N,07:47:20,07:48:00,,7034,상행,2025-05-01T05:00:00,,주말
7호선,2711,장암,709,,20250619,7호선,3763,석남,761,N,7호선,7067,2728,어린이대공원,726,N,07:49:20,07:49:50,,7034,상행,2025-05-01T05:00:00,,주말
7호선,2711,장암,709,,20250619,7호선,3763,석남,761,N,7호선,7067,2727,군자,725,N,07:51:10,07:51:50,,7034,상행,2025-05-01T05:00:00,,주말
7호선,2711,장암,709,,20250619,7호선,3763,석남,761,N,7호선,7067,2726,중곡,724,N,07:53:10,07:53:40,,7034,상행,2025-05-01T05:00:00,,주말
7호선,2711,장암,709,,20250619,7호선,3763,석남,761,N,7호선,7067,2725,용마산,723,N,07:55:00,07:55:20,,7034,상행,2025-05-01T05:00:00,,주말
7호선,2711,장암,709,,20250619,7호선,3763,석남,761,N,7호선,7067,2724,사가정,722,N,07:56:30,07:57:00,,7034,상행,2025-05-01T05:00:00,,주말
7호선,2711,장암,709,,20250619,7호선,3763,석남,761,N,7호선,7067,2723,면목,721,N,07:58:10,07:58:40,,7034,상행,2025-05-01T05:00:00,,주말
7호선,2711,장암,709,,20250619,7호선,3763,석남,761,N,7호선,7067,2722,상봉,720,N,07:59:50,08:00:20,,7034,상행,2025-05-01T05:00:00,,주말
7호선,2711,장암,709,,20250619,7호선,3763,석남,761,N,7호선,7067,2721,중화,719,N,08:02:10,08:02:40,,7034,상행,2025-05-01T05:00:00,,주말
7호선,2711,장암,709,,20250619,7호선,3763,석남,761,N,7호선,7067,2720,먹골,718,N,08:04:00,08:04:30,,7034,상행,2025-05-01T05:00:00,,주말
7호선,2711,장암,709,,20250619,7호선,3763,석남,761,N,7호선,7067,2719,태릉입구,717,N,08:05:40,08:06:10,,7034,상행,2025-05-01T05:00:00,,주말
7호선,2711,장암,709,,20250619,7호선,3763,석남,761,N,7호선,7067,2718,공릉,716,N,08:07:10,08:07:40,,7034,상행,2025-05-01T05:00:00,,주말
7호선,2711,장암,709,,20250619,7호선,3763,석남,761,N,7호선,7067,2717,하계,715,N,08:09:10,08:09:40,,7034,상행,2025-05-01T05:00:00,,주말
7호선,2711,장암,709,,20250619,7호선,3763,석남,761,N,7호선,7067,2716,중계,714,N,08:10:50,08:11:20,,7034,상행,2025-05-01T05:00:00,,주말
7호선,2711,장암,709,,20250619,7호선,3763,석남,761,N,7호선,7067,2715,노원,713,N,08:12:40,08:13:10,,7034,상행,2025-05-01T05:00:00,,주말
7호선,2711,장암,709,,20250619,7호선,3763,석남,761,N,7호선,7067,2714,마들,712,N,08:14:40,08:15:10,,7034,상행,2025-05-01T05:00:00,,주말
7호선,2711,장암,709,,20250619,7호선,3763,석남,761,N,7호선,7067,2713,수락산,711,N,08:17:10,08:17:40,,7034,상행,2025-05-01T05:00:00,,주말
7호선,2711,장암,709,,20250619,7호선,3763,석남,761,N,7호선,7067,2712,도봉산,710,N,08:20:00,08:20:30,,7034,상행,2025-05-01T05:00:00,,주말
7호선,2711,장암,709,,20250619,7호선,3763,석남,761,N,7호선,7067,2711,장암,709,N,08:25:00,,,7034,상행,2025-05-01T05:00:00,,주말
7호선,2712,도봉산,710,,20250619,7호선,2752,온수,750,N,7호선,7065,2752,온수,750,N,,07:04:30,,7036,상행,2025-05-01T05:00:00,,주말
7호선,2712,도봉산,710,,20250619,7호선,2752,온수,750,N,7호선,7065,2751,천왕,749,N,07:06:50,07:07:10,,7036,상행,2025-05-01T05:00:00,,주말
7호선,2712,도봉산,710,,20250619,7호선,2752,온수,750,N,7호선,7065,2750,광명사거리,748,N,07:09:10,07:09:40,,7036,상행,2025-05-01T05:00:00,,주말
7호선,2712,도봉산,710,,20250619,7호선,2752,온수,750,N,7호선,7065,2749,철산,747,N,07:11:30,07:12:00,,7036,상행,2025-05-01T05:00:00,,주말
7호선,2712,도봉산,710,,20250619,7호선,2752,온수,750,N,7호선,7065,2748,가산디지털단지,746,N,07:14:00,07:14:30,,7036,상행,2025-05-01T05:00:00,,주말
7호선,2712,도봉산,710,,20250619,7호선,2752,온수,750,N,7호선,7065,2747,남구로,745,N,07:15:50,07:16:20,,7036,상행,2025-05-01T05:00:00,,주말
7호선,2712,도봉산,710,,20250619,7호선,2752,온수,750,N,7호선,7065,2746,대림,744,N,07:17:50,07:18:20,,7036,상행,2025-05-01T05:00:00,,주말
7호선,2712,도봉산,710,,20250619,7호선,2752,온수,750,N,7호선,7065,2745,신풍,743,N,07:20:20,07:20:50,,7036,상행,2025-05-01T05:00:00,,주말
7호선,2712,도봉산,710,,20250619,7호선,2752,온수,750,N,7호선,7065,2744,보라매,742,N,07:22:10,07:22:40,,7036,상행,2025-05-01T05:00:00,,주말
7호선,2712,도봉산,710,,20250619,7호선,2752,온수,750,N,7호선,7065,2743,신대방삼거리,741,N,07:23:50,07:24:20,,7036,상행,2025-05-01T05:00:00,,주말
7호선,2712,도봉산,710,,20250619,7호선,2752,온수,750,N,7호선,7065,2742,장승배기,740,N,07:26:10,07:26:40,,7036,상행,2025-05-01T05:00:00,,주말
7호선,2712,도봉산,710,,20250619,7호선,2752,온수,750,N,7호선,7065,2741,상도,739,N,07:28:10,07:28:40,,7036,상행,2025-05-01T05:00:00,,주말
7호선,2712,도봉산,710,,20250619,7호선,2752,온수,750,N,7호선,7065,2740,숭실대입구,738,N,07:29:50,07:30:20,,7036,상행,2025-05-01T05:00:00,,주말
7호선,2712,도봉산,710,,20250619,7호선,2752,온수,750,N,7호선,7065,2739,남성,737,N,07:32:50,07:33:20,,7036,상행,2025-05-01T05:00:00,,주말
7호선,2712,도봉산,710,,20250619,7호선,2752,온수,750,N,7호선,7065,2738,이수,736,N,07:34:40,07:35:20,,7036,상행,2025-05-01T05:00:00,,주말
7호선,2712,도봉산,710,,20250619,7호선,2752,온수,750,N,7호선,7065,2737,내방,735,N,07:36:50,07:37:20,,7036,상행,2025-05-01T05:00:00,,주말
7호선,2712,도봉산,710,,20250619,7호선,2752,온수,750,N,7호선,7065,2736,고속터미널,734,N,07:39:50,07:40:30,,7036,상행,2025-05-01T05:00:00,,주말
7호선,2712,도봉산,710,,20250619,7호선,2752,온수,750,N,7호선,7065,2735,반포,733,N,07:42:00,07:42:20,,7036,상행,2025-05-01T05:00:00,,주말
7호선,2712,도봉산,710,,20250619,7호선,2752,온수,750,N,7호선,7065,2734,논현,732,N,07:43:30,07:44:00,,7036,상행,2025-05-01T05:00:00,,주말
7호선,2712,도봉산,710,,20250619,7호선,2752,온수,750,N,7호선,7065,2733,학동,731,N,07:45:20,07:45:50,,7036,상행,2025-05-01T05:00:00,,주말
7호선,2712,도봉산,710,,20250619,7호선,2752,온수,750,N,7호선,7065,2732,강남구청,730,N,07:47:00,07:47:30,,7036,상행,2025-05-01T05:00:00,,주말
7호선,2712,도봉산,710,,20250619,7호선,2752,온수,750,N,7호선,7065,2731,청담,729,N,07:49:00,07:49:30,,7036,상행,2025-05-01T05:00:00,,주말
7호선,2712,도봉산,710,,20250619,7호선,2752,온수,750,N,7호선,7065,2730,자양,728,N,07:52:00,07:52:20,,7036,상행,2025-05-01T05:00:00,,주말
7호선,2712,도봉산,710,,20250619,7호선,2752,온수,750,N,7호선,7065,2729,건대입구,727,N,07:53:50,07:54:30,,7036,상행,2025-05-01T05:00:00,,주말
7호선,2712,도봉산,710,,20250619,7호선,2752,온수,750,N,7호선,7065,2728,어린이대공원,726,N,07:55:50,07:56:20,,7036,상행,2025-05-01T05:00:00,,주말
7호선,2712,도봉산,710,,20250619,7호선,2752,온수,750,N,7호선,7065,2727,군자,725,N,07:57:40,07:58:20,,7036,상행,2025-05-01T05:00:00,,주말
7호선,2712,도봉산,710,,20250619,7호선,2752,온수,750,N,7호선,7065,2726,중곡,724,N,07:59:40,08:00:10,,7036,상행,2025-05-01T05:00:00,,주말
7호선,2712,도봉산,710,,20250619,7호선,2752,온수,750,N,7호선,7065,2725,용마산,723,N,08:01:30,08:01:50,,7036,상행,2025-05-01T05:00:00,,주말
7호선,2712,도봉산,710,,20250619,7호선,2752,온수,750,N,7호선,7065,2724,사가정,722,N,08:03:00,08:03:30,,7036,상행,2025-05-01T05:00:00,,주말
7호선,2712,도봉산,710,,20250619,7호선,2752,온수,750,N,7호선,7065,2723,면목,721,N,08:04:40,08:05:10,,7036,상행,2025-05-01T05:00:00,,주말
7호선,2712,도봉산,710,,20250619,7호선,2752,온수,750,N,7호선,7065,2722,상봉,720,N,08:06:20,08:06:50,,7036,상행,2025-05-01T05:00:00,,주말
7호선,2712,도봉산,710,,20250619,7호선,2752,온수,750,N,7호선,7065,2721,중화,719,N,08:08:40,08:09:10,,7036,상행,2025-05-01T05:00:00,,주말
7호선,2712,도봉산,710,,20250619,7호선,2752,온수,750,N,7호선,7065,2720,먹골,718,N,08:10:30,08:11:00,,7036,상행,2025-05-01T05:00:00,,주말
7호선,2712,도봉산,710,,20250619,7호선,2752,온수,750,N,7호선,7065,2719,태릉입구,717,N,08:12:10,08:12:40,,7036,상행,2025-05-01T05:00:00,,주말
7호선,2712,도봉산,710,,20250619,7호선,2752,온수,750,N,7호선,7065,2718,공릉,716,N,08:13:40,08:14:10,,7036,상행,2025-05-01T05:00:00,,주말
7호선,2712,도봉산,710,,20250619,7호선,2752,온수,750,N,7호선,7065,2717,하계,715,N,08:15:40,08:16:10,,7036,상행,2025-05-01T05:00:00,,주말
7호선,2712,도봉산,710,,20250619,7호선,2752,온수,750,N,7호선,7065,2716,중계,714,N,08:17:20,08:17:50,,7036,상행,2025-05-01T05:00:00,,주말
7호선,2712,도봉산,710,,20250619,7호선,2752,온수,750,N,7호선,7065,2715,노원,713,N,08:19:10,08:19:40,,7036,상행,2025-05-01T05:00:00,,주말
7호선,2712,도봉산,710,,20250619,7호선,2752,온수,750,N,7호선,7065,2714,마들,712,N,08:21:10,08:21:40,,7036,상행,2025-05-01T05:00:00,,주말
7호선,2712,도봉산,710,,20250619,7호선,2752,온수,750,N,7호선,7065,2713,수락산,711,N,08:23:40,08:24:10,,7036,상행,2025-05-01T05:00:00,,주말
7호선,2712,도봉산,710,,20250619,7호선,2752,온수,750,N,7호선,7065,2712,도봉산,710,N,08:26:30,,,7036,상행,2025-05-01T05:00:00,,주말
7호선,2711,장암,709,,20250619,7호선,3763,석남,761,N,7호선,7071,3763,석남,761,N,,06:47:30,,7038,상행,2025-05-01T05:00:00,,주말
7호선,2711,장암,709,,20250619,7호선,3763,석남,761,N,7호선,7071,3762,산곡,760,N,06:50:30,06:51:00,,7038,상행,2025-05-01T05:00:00,,주말
7호선,2711,장암,709,,20250619,7호선,3763,석남,761,N,7호선,7071,3761,부평구청,759,N,06:53:00,06:53:30,,7038,상행,2025-05-01T05:00:00,,주말
7호선,2711,장암,709,,20250619,7호선,3763,석남,761,N,7호선,7071,3760,굴포천,758,N,06:54:50,06:55:20,,7038,상행,2025-05-01T05:00:00,,주말
7호선,2711,장암,709,,20250619,7호선,3763,석남,761,N,7호선,7071,3759,삼산체육관,757,N,06:56:30,06:57:00,,7038,상행,2025-05-01T05:00:00,,주말
7호선,2711,장암,709,,20250619,7호선,3763,석남,761,N,7호선,7071,3758,상동,756,N,06:58:20,06:58:50,,7038,상행,2025-05-01T05:00:00,,주말
7호선,2711,장암,709,,20250619,7호선,3763,석남,761,N,7호선,7071,3757,부천시청,755,N,07:00:00,07:00:30,,7038,상행,2025-05-01T05:00:00,,주말
7호선,2711,장암,709,,20250619,7호선,3763,석남,761,N,7호선,7071,3756,신중동,754,N,07:01:50,07:02:20,,7038,상행,2025-05-01T05:00:00,,주말
7호선,2711,장암,709,,20250619,7호선,3763,석남,761,N,7호선,7071,3755,춘의,753,N,07:03:40,07:04:10,,7038,상행,2025-05-01T05:00:00,,주말
7호선,2711,장암,709,,20250619,7호선,3763,석남,761,N,7호선,7071,3754,부천종합운동장,752,N,07:05:30,07:06:00,,7038,상행,2025-05-01T05:00:00,,주말
7호선,2711,장암,709,,20250619,7호선,3763,석남,761,N,7호선,7071,3753,까치울,751,N,07:07:30,07:08:00,,7038,상행,2025-05-01T05:00:00,,주말
7호선,2711,장암,709,,20250619,7호선,3763,석남,761,N,7호선,7071,2752,온수,750,N,07:10:30,07:11:00,,7038,상행,2025-05-01T05:00:00,,주말
7호선,2711,장암,709,,20250619,7호선,3763,석남,761,N,7호선,7071,2751,천왕,749,N,07:13:20,07:13:40,,7038,상행,2025-05-01T05:00:00,,주말
7호선,2711,장암,709,,20250619,7호선,3763,석남,761,N,7호선,7071,2750,광명사거리,748,N,07:15:40,07:16:10,,7038,상행,2025-05-01T05:00:00,,주말
7호선,2711,장암,709,,20250619,7호선,3763,석남,761,N,7호선,7071,2749,철산,747,N,07:18:00,07:18:30,,7038,상행,2025-05-01T05:00:00,,주말
7호선,2711,장암,709,,20250619,7호선,3763,석남,761,N,7호선,7071,2748,가산디지털단지,746,N,07:20:30,07:21:00,,7038,상행,2025-05-01T05:00:00,,주말
7호선,2711,장암,709,,20250619,7호선,3763,석남,761,N,7호선,7071,2747,남구로,745,N,07:22:20,07:22:50,,7038,상행,2025-05-01T05:00:00,,주말
7호선,2711,장암,709,,20250619,7호선,3763,석남,761,N,7호선,7071,2746,대림,744,N,07:24:20,07:24:50,,7038,상행,2025-05-01T05:00:00,,주말
7호선,2711,장암,709,,20250619,7호선,3763,석남,761,N,7호선,7071,2745,신풍,743,N,07:26:50,07:27:20,,7038,상행,2025-05-01T05:00:00,,주말
7호선,2711,장암,709,,20250619,7호선,3763,석남,761,N,7호선,7071,2744,보라매,742,N,07:28:40,07:29:10,,7038,상행,2025-05-01T05:00:00,,주말
7호선,2711,장암,709,,20250619,7호선,3763,석남,761,N,7호선,7071,2743,신대방삼거리,741,N,07:30:20,07:30:50,,7038,상행,2025-05-01T05:00:00,,주말
7호선,2711,장암,709,,20250619,7호선,3763,석남,761,N,7호선,7071,2742,장승배기,740,N,07:32:40,07:33:10,,7038,상행,2025-05-01T05:00:00,,주말
7호선,2711,장암,709,,20250619,7호선,3763,석남,761,N,7호선,7071,2741,상도,739,N,07:34:40,07:35:10,,7038,상행,2025-05-01T05:00:00,,주말
7호선,2711,장암,709,,20250619,7호선,3763,석남,761,N,7호선,7071,2740,숭실대입구,738,N,07:36:20,07:36:50,,7038,상행,2025-05-01T05:00:00,,주말
7호선,2711,장암,709,,20250619,7호선,3763,석남,761,N,7호선,7071,2739,남성,737,N,07:39:20,07:39:50,,7038,상행,2025-05-01T05:00:00,,주말
7호선,2711,장암,709,,20250619,7호선,3763,석남,761,N,7호선,7071,2738,이수,736,N,07:41:10,07:41:50,,7038,상행,2025-05-01T05:00:00,,주말
7호선,2711,장암,709,,20250619,7호선,3763,석남,761,N,7호선,7071,2737,내방,735,N,07:43:20,07:43:50,,7038,상행,2025-05-01T05:00:00,,주말
7호선,2711,장암,709,,20250619,7호선,3763,석남,761,N,7호선,7071,2736,고속터미널,734,N,07:46:20,07:47:00,,7038,상행,2025-05-01T05:00:00,,주말
7호선,2711,장암,709,,20250619,7호선,3763,석남,761,N,7호선,7071,2735,반포,733,N,07:48:30,07:48:50,,7038,상행,2025-05-01T05:00:00,,주말
7호선,2711,장암,709,,20250619,7호선,3763,석남,761,N,7호선,7071,2734,논현,732,N,07:50:00,07:50:30,,7038,상행,2025-05-01T05:00:00,,주말
7호선,2711,장암,709,,20250619,7호선,3763,석남,761,N,7호선,7071,2733,학동,731,N,07:51:50,07:52:20,,7038,상행,2025-05-01T05:00:00,,주말
7호선,2711,장암,709,,20250619,7호선,3763,석남,761,N,7호선,7071,2732,강남구청,730,N,07:53:30,07:54:00,,7038,상행,2025-05-01T05:00:00,,주말
7호선,2711,장암,709,,20250619,7호선,3763,석남,761,N,7호선,7071,2731,청담,729,N,07:55:30,07:56:00,,7038,상행,2025-05-01T05:00:00,,주말
7호선,2711,장암,709,,20250619,7호선,3763,석남,761,N,7호선,7071,2730,자양,728,N,07:58:30,07:58:50,,7038,상행,2025-05-01T05:00:00,,주말
7호선,2711,장암,709,,20250619,7호선,3763,석남,761,N,7호선,7071,2729,건대입구,727,N,08:00:20,08:01:00,,7038,상행,2025-05-01T05:00:00,,주말
7호선,2711,장암,709,,20250619,7호선,3763,석남,761,N,7호선,7071,2728,어린이대공원,726,N,08:02:20,08:02:50,,7038,상행,2025-05-01T05:00:00,,주말
7호선,2711,장암,709,,20250619,7호선,3763,석남,761,N,7호선,7071,2727,군자,725,N,08:04:10,08:04:50,,7038,상행,2025-05-01T05:00:00,,주말
7호선,2711,장암,709,,20250619,7호선,3763,석남,761,N,7호선,7071,2726,중곡,724,N,08:06:10,08:06:40,,7038,상행,2025-05-01T05:00:00,,주말
7호선,2711,장암,709,,20250619,7호선,3763,석남,761,N,7호선,7071,2725,용마산,723,N,08:08:00,08:08:20,,7038,상행,2025-05-01T05:00:00,,주말
7호선,2711,장암,709,,20250619,7호선,3763,석남,761,N,7호선,7071,2724,사가정,722,N,08:09:30,08:10:00,,7038,상행,2025-05-01T05:00:00,,주말
7호선,2711,장암,709,,20250619,7호선,3763,석남,761,N,7호선,7071,2723,면목,721,N,08:11:10,08:11:40,,7038,상행,2025-05-01T05:00:00,,주말
7호선,2711,장암,709,,20250619,7호선,3763,석남,761,N,7호선,7071,2722,상봉,720,N,08:12:50,08:13:20,,7038,상행,2025-05-01T05:00:00,,주말
7호선,2711,장암,709,,20250619,7호선,3763,석남,761,N,7호선,7071,2721,중화,719,N,08:15:10,08:15:40,,7038,상행,2025-05-01T05:00:00,,주말
7호선,2711,장암,709,,20250619,7호선,3763,석남,761,N,7호선,7071,2720,먹골,718,N,08:17:00,08:17:30,,7038,상행,2025-05-01T05:00:00,,주말
7호선,2711,장암,709,,20250619,7호선,3763,석남,761,N,7호선,7071,2719,태릉입구,717,N,08:18:40,08:19:10,,7038,상행,2025-05-01T05:00:00,,주말
7호선,2711,장암,709,,20250619,7호선,3763,석남,761,N,7호선,7071,2718,공릉,716,N,08:20:10,08:20:40,,7038,상행,2025-05-01T05:00:00,,주말
7호선,2711,장암,709,,20250619,7호선,3763,석남,761,N,7호선,7071,2717,하계,715,N,08:22:10,08:22:40,,7038,상행,2025-05-01T05:00:00,,주말
7호선,2711,장암,709,,20250619,7호선,3763,석남,761,N,7호선,7071,2716,중계,714,N,08:23:50,08:24:20,,7038,상행,2025-05-01T05:00:00,,주말
7호선,2711,장암,709,,20250619,7호선,3763,석남,761,N,7호선,7071,2715,노원,713,N,08:25:40,08:26:10,,7038,상행,2025-05-01T05:00:00,,주말
7호선,2711,장암,709,,20250619,7호선,3763,석남,761,N,7호선,7071,2714,마들,712,N,08:27:40,08:28:10,,7038,상행,2025-05-01T05:00:00,,주말
7호선,2711,장암,709,,20250619,7호선,3763,석남,761,N,7호선,7071,2713,수락산,711,N,08:30:10,08:30:40,,7038,상행,2025-05-01T05:00:00,,주말
7호선,2711,장암,709,,20250619,7호선,3763,석남,761,N,7호선,7071,2712,도봉산,710,N,08:33:00,08:33:30,,7038,상행,2025-05-01T05:00:00,,주말
7호선,2711,장암,709,,20250619,7호선,3763,석남,761,N,7호선,7071,2711,장암,709,N,08:38:00,,,7038,상행,2025-05-01T05:00:00,,주말
7호선,2712,도봉산,710,,20250619,7호선,2752,온수,750,N,7호선,7069,2752,온수,750,N,,07:17:30,,7040,상행,2025-05-01T05:00:00,,주말
7호선,2712,도봉산,710,,20250619,7호선,2752,온수,750,N,7호선,7069,2751,천왕,749,N,07:19:50,07:20:10,,7040,상행,2025-05-01T05:00:00,,주말
7호선,2712,도봉산,710,,20250619,7호선,2752,온수,750,N,7호선,7069,2750,광명사거리,748,N,07:22:10,07:22:40,,7040,상행,2025-05-01T05:00:00,,주말
7호선,2712,도봉산,710,,20250619,7호선,2752,온수,750,N,7호선,7069,2749,철산,747,N,07:24:30,07:25:00,,7040,상행,2025-05-01T05:00:00,,주말
7호선,2712,도봉산,710,,20250619,7호선,2752,온수,750,N,7호선,7069,2748,가산디지털단지,746,N,07:27:00,07:27:30,,7040,상행,2025-05-01T05:00:00,,주말
7호선,2712,도봉산,710,,20250619,7호선,2752,온수,750,N,7호선,7069,2747,남구로,745,N,07:28:50,07:29:20,,7040,상행,2025-05-01T05:00:00,,주말
7호선,2712,도봉산,710,,20250619,7호선,2752,온수,750,N,7호선,7069,2746,대림,744,N,07:30:50,07:31:20,,7040,상행,2025-05-01T05:00:00,,주말
7호선,2712,도봉산,710,,20250619,7호선,2752,온수,750,N,7호선,7069,2745,신풍,743,N,07:33:20,07:33:50,,7040,상행,2025-05-01T05:00:00,,주말
7호선,2712,도봉산,710,,20250619,7호선,2752,온수,750,N,7호선,7069,2744,보라매,742,N,07:35:10,07:35:40,,7040,상행,2025-05-01T05:00:00,,주말
7호선,2712,도봉산,710,,20250619,7호선,2752,온수,750,N,7호선,7069,2743,신대방삼거리,741,N,07:36:50,07:37:20,,7040,상행,2025-05-01T05:00:00,,주말
7호선,2712,도봉산,710,,20250619,7호선,2752,온수,750,N,7호선,7069,2742,장승배기,740,N,07:39:10,07:39:40,,7040,상행,2025-05-01T05:00:00,,주말
7호선,2712,도봉산,710,,20250619,7호선,2752,온수,750,N,7호선,7069,2741,상도,739,N,07:41:10,07:41:40,,7040,상행,2025-05-01T05:00:00,,주말
7호선,2712,도봉산,710,,20250619,7호선,2752,온수,750,N,7호선,7069,2740,숭실대입구,738,N,07:42:50,07:43:20,,7040,상행,2025-05-01T05:00:00,,주말
7호선,2712,도봉산,710,,20250619,7호선,2752,온수,750,N,7호선,7069,2739,남성,737,N,07:45:50,07:46:20,,7040,상행,2025-05-01T05:00:00,,주말
7호선,2712,도봉산,710,,20250619,7호선,2752,온수,750,N,7호선,7069,2738,이수,736,N,07:47:40,07:48:20,,7040,상행,2025-05-01T05:00:00,,주말
7호선,2712,도봉산,710,,20250619,7호선,2752,온수,750,N,7호선,7069,2737,내방,735,N,07:49:50,07:50:20,,7040,상행,2025-05-01T05:00:00,,주말
7호선,2712,도봉산,710,,20250619,7호선,2752,온수,750,N,7호선,7069,2736,고속터미널,734,N,07:52:50,07:53:30,,7040,상행,2025-05-01T05:00:00,,주말
7호선,2712,도봉산,710,,20250619,7호선,2752,온수,750,N,7호선,7069,2735,반포,733,N,07:55:00,07:55:20,,7040,상행,2025-05-01T05:00:00,,주말
7호선,2712,도봉산,710,,20250619,7호선,2752,온수,750,N,7호선,7069,2734,논현,732,N,07:56:30,07:57:00,,7040,상행,2025-05-01T05:00:00,,주말
7호선,2712,도봉산,710,,20250619,7호선,2752,온수,750,N,7호선,7069,2733,학동,731,N,07:58:20,07:58:50,,7040,상행,2025-05-01T05:00:00,,주말
7호선,2712,도봉산,710,,20250619,7호선,2752,온수,750,N,7호선,7069,2732,강남구청,730,N,08:00:00,08:00:30,,7040,상행,2025-05-01T05:00:00,,주말
7호선,2712,도봉산,710,,20250619,7호선,2752,온수,750,N,7호선,7069,2731,청담,729,N,08:02:00,08:02:30,,7040,상행,2025-05-01T05:00:00,,주말
7호선,2712,도봉산,710,,20250619,7호선,2752,온수,750,N,7호선,7069,2730,자양,728,N,08:05:00,08:05:20,,7040,상행,2025-05-01T05:00:00,,주말
7호선,2712,도봉산,710,,20250619,7호선,2752,온수,750,N,7호선,7069,2729,건대입구,727,N,08:06:50,08:07:30,,7040,상행,2025-05-01T05:00:00,,주말
7호선,2712,도봉산,710,,20250619,7호선,2752,온수,750,N,7호선,7069,2728,어린이대공원,726,N,08:08:50,08:09:20,,7040,상행,2025-05-01T05:00:00,,주말
7호선,2712,도봉산,710,,20250619,7호선,2752,온수,750,N,7호선,7069,2727,군자,725,N,08:10:40,08:11:20,,7040,상행,2025-05-01T05:00:00,,주말
7호선,2712,도봉산,710,,20250619,7호선,2752,온수,750,N,7호선,7069,2726,중곡,724,N,08:12:40,08:13:10,,7040,상행,2025-05-01T05:00:00,,주말
7호선,2712,도봉산,710,,20250619,7호선,2752,온수,750,N,7호선,7069,2725,용마산,723,N,08:14:30,08:14:50,,7040,상행,2025-05-01T05:00:00,,주말
7호선,2712,도봉산,710,,20250619,7호선,2752,온수,750,N,7호선,7069,2724,사가정,722,N,08:16:00,08:16:30,,7040,상행,2025-05-01T05:00:00,,주말
7호선,2712,도봉산,710,,20250619,7호선,2752,온수,750,N,7호선,7069,2723,면목,721,N,08:17:40,08:18:10,,7040,상행,2025-05-01T05:00:00,,주말
7호선,2712,도봉산,710,,20250619,7호선,2752,온수,750,N,7호선,7069,2722,상봉,720,N,08:19:20,08:19:50,,7040,상행,2025-05-01T05:00:00,,주말
7호선,2712,도봉산,710,,20250619,7호선,2752,온수,750,N,7호선,7069,2721,중화,719,N,08:21:40,08:22:10,,7040,상행,2025-05-01T05:00:00,,주말
7호선,2712,도봉산,710,,20250619,7호선,2752,온수,750,N,7호선,7069,2720,먹골,718,N,08:23:30,08:24:00,,7040,상행,2025-05-01T05:00:00,,주말
7호선,2712,도봉산,710,,20250619,7호선,2752,온수,750,N,7호선,7069,2719,태릉입구,717,N,08:25:10,08:25:40,,7040,상행,2025-05-01T05:00:00,,주말
7호선,2712,도봉산,710,,20250619,7호선,2752,온수,750,N,7호선,7069,2718,공릉,716,N,08:26:40,08:27:10,,7040,상행,2025-05-01T05:00:00,,주말
7호선,2712,도봉산,710,,20250619,7호선,2752,온수,750,N,7호선,7069,2717,하계,715,N,08:28:40,08:29:10,,7040,상행,2025-05-01T05:00:00,,주말
7호선,2712,도봉산,710,,20250619,7호선,2752,온수,750,N,7호선,7069,2716,중계,714,N,08:30:20,08:30:50,,7040,상행,2025-05-01T05:00:00,,주말
7호선,2712,도봉산,710,,20250619,7호선,2752,온수,750,N,7호선,7069,2715,노원,713,N,08:32:10,08:32:40,,7040,상행,2025-05-01T05:00:00,,주말
7호선,2712,도봉산,710,,20250619,7호선,2752,온수,750,N,7호선,7069,2714,마들,712,N,08:34:10,08:34:40,,7040,상행,2025-05-01T05:00:00,,주말
7호선,2712,도봉산,710,,20250619,7호선,2752,온수,750,N,7호선,7069,2713,수락산,711,N,08:36:40,08:37:10,,7040,상행,2025-05-01T05:00:00,,주말
7호선,2712,도봉산,710,,20250619,7호선,2752,온수,750,N,7호선,7069,2712,도봉산,710,N,08:39:30,,,7040,상행,2025-05-01T05:00:00,,주말
7호선,2712,도봉산,710,,20250619,7호선,3763,석남,761,N,7호선,7073,3763,석남,761,N,,07:00:30,,7042,상행,2025-05-01T05:00:00,,주말
7호선,2712,도봉산,710,,20250619,7호선,3763,석남,761,N,7호선,7073,3762,산곡,760,N,07:03:30,07:04:00,,7042,상행,2025-05-01T05:00:00,,주말
7호선,2712,도봉산,710,,20250619,7호선,3763,석남,761,N,7호선,7073,3761,부평구청,759,N,07:06:00,07:06:30,,7042,상행,2025-05-01T05:00:00,,주말
7호선,2712,도봉산,710,,20250619,7호선,3763,석남,761,N,7호선,7073,3760,굴포천,758,N,07:07:50,07:08:20,,7042,상행,2025-05-01T05:00:00,,주말
7호선,2712,도봉산,710,,20250619,7호선,3763,석남,761,N,7호선,7073,3759,삼산체육관,757,N,07:09:30,07:10:00,,7042,상행,2025-05-01T05:00:00,,주말
7호선,2712,도봉산,710,,20250619,7호선,3763,석남,761,N,7호선,7073,3758,상동,756,N,07:11:20,07:11:50,,7042,상행,2025-05-01T05:00:00,,주말
7호선,2712,도봉산,710,,20250619,7호선,3763,석남,761,N,7호선,7073,3757,부천시청,755,N,07:13:00,07:13:30,,7042,상행,2025-05-01T05:00:00,,주말
7호선,2712,도봉산,710,,20250619,7호선,3763,석남,761,N,7호선,7073,3756,신중동,754,N,07:14:50,07:15:20,,7042,상행,2025-05-01T05:00:00,,주말
7호선,2712,도봉산,710,,20250619,7호선,3763,석남,761,N,7호선,7073,3755,춘의,753,N,07:16:40,07:17:10,,7042,상행,2025-05-01T05:00:00,,주말
7호선,2712,도봉산,710,,20250619,7호선,3763,석남,761,N,7호선,7073,3754,부천종합운동장,752,N,07:18:30,07:19:00,,7042,상행,2025-05-01T05:00:00,,주말
7호선,2712,도봉산,710,,20250619,7호선,3763,석남,761,N,7호선,7073,3753,까치울,751,N,07:20:30,07:21:00,,7042,상행,2025-05-01T05:00:00,,주말
7호선,2712,도봉산,710,,20250619,7호선,3763,석남,761,N,7호선,7073,2752,온수,750,N,07:23:30,07:24:00,,7042,상행,2025-05-01T05:00:00,,주말
7호선,2712,도봉산,710,,20250619,7호선,3763,석남,761,N,7호선,7073,2751,천왕,749,N,07:26:20,07:26:40,,7042,상행,2025-05-01T05:00:00,,주말
7호선,2712,도봉산,710,,20250619,7호선,3763,석남,761,N,7호선,7073,2750,광명사거리,748,N,07:28:40,07:29:10,,7042,상행,2025-05-01T05:00:00,,주말
7호선,2712,도봉산,710,,20250619,7호선,3763,석남,761,N,7호선,7073,2749,철산,747,N,07:31:00,07:31:30,,7042,상행,2025-05-01T05:00:00,,주말
7호선,2712,도봉산,710,,20250619,7호선,3763,석남,761,N,7호선,7073,2748,가산디지털단지,746,N,07:33:30,07:34:00,,7042,상행,2025-05-01T05:00:00,,주말
7호선,2712,도봉산,710,,20250619,7호선,3763,석남,761,N,7호선,7073,2747,남구로,745,N,07:35:20,07:35:50,,7042,상행,2025-05-01T05:00:00,,주말
7호선,2712,도봉산,710,,20250619,7호선,3763,석남,761,N,7호선,7073,2746,대림,744,N,07:37:20,07:37:50,,7042,상행,2025-05-01T05:00:00,,주말
7호선,2712,도봉산,710,,20250619,7호선,3763,석남,761,N,7호선,7073,2745,신풍,743,N,07:39:50,07:40:20,,7042,상행,2025-05-01T05:00:00,,주말
7호선,2712,도봉산,710,,20250619,7호선,3763,석남,761,N,7호선,7073,2744,보라매,742,N,07:41:40,07:42:10,,7042,상행,2025-05-01T05:00:00,,주말
7호선,2712,도봉산,710,,20250619,7호선,3763,석남,761,N,7호선,7073,2743,신대방삼거리,741,N,07:43:20,07:43:50,,7042,상행,2025-05-01T05:00:00,,주말
7호선,2712,도봉산,710,,20250619,7호선,3763,석남,761,N,7호선,7073,2742,장승배기,740,N,07:45:40,07:46:10,,7042,상행,2025-05-01T05:00:00,,주말
7호선,2712,도봉산,710,,20250619,7호선,3763,석남,761,N,7호선,7073,2741,상도,739,N,07:47:40,07:48:10,,7042,상행,2025-05-01T05:00:00,,주말
7호선,2712,도봉산,710,,20250619,7호선,3763,석남,761,N,7호선,7073,2740,숭실대입구,738,N,07:49:20,07:49:50,,7042,상행,2025-05-01T05:00:00,,주말
7호선,2712,도봉산,710,,20250619,7호선,3763,석남,761,N,7호선,7073,2739,남성,737,N,07:52:20,07:52:50,,7042,상행,2025-05-01T05:00:00,,주말
7호선,2712,도봉산,710,,20250619,7호선,3763,석남,761,N,7호선,7073,2738,이수,736,N,07:54:10,07:54:50,,7042,상행,2025-05-01T05:00:00,,주말
7호선,2712,도봉산,710,,20250619,7호선,3763,석남,761,N,7호선,7073,2737,내방,735,N,07:56:20,07:56:50,,7042,상행,2025-05-01T05:00:00,,주말
7호선,2712,도봉산,710,,20250619,7호선,3763,석남,761,N,7호선,7073,2736,고속터미널,734,N,07:59:20,08:00:00,,7042,상행,2025-05-01T05:00:00,,주말
7호선,2712,도봉산,710,,20250619,7호선,3763,석남,761,N,7호선,7073,2735,반포,733,N,08:01:30,08:01:50,,7042,상행,2025-05-01T05:00:00,,주말
7호선,2712,도봉산,710,,20250619,7호선,3763,석남,761,N,7호선,7073,2734,논현,732,N,08:03:00,08:03:30,,7042,상행,2025-05-01T05:00:00,,주말
7호선,2712,도봉산,710,,20250619,7호선,3763,석남,761,N,7호선,7073,2733,학동,731,N,08:04:50,08:05:20,,7042,상행,2025-05-01T05:00:00,,주말
7호선,2712,도봉산,710,,20250619,7호선,3763,석남,761,N,7호선,7073,2732,강남구청,730,N,08:06:30,08:07:00,,7042,상행,2025-05-01T05:00:00,,주말
7호선,2712,도봉산,710,,20250619,7호선,3763,석남,761,N,7호선,7073,2731,청담,729,N,08:08:30,08:09:00,,7042,상행,2025-05-01T05:00:00,,주말
7호선,2712,도봉산,710,,20250619,7호선,3763,석남,761,N,7호선,7073,2730,자양,728,N,08:11:30,08:11:50,,7042,상행,2025-05-01T05:00:00,,주말
7호선,2712,도봉산,710,,20250619,7호선,3763,석남,761,N,7호선,7073,2729,건대입구,727,N,08:13:20,08:14:00,,7042,상행,2025-05-01T05:00:00,,주말
7호선,2712,도봉산,710,,20250619,7호선,3763,석남,761,N,7호선,7073,2728,어린이대공원,726,N,08:15:20,08:15:50,,7042,상행,2025-05-01T05:00:00,,주말
7호선,2712,도봉산,710,,20250619,7호선,3763,석남,761,N,7호선,7073,2727,군자,725,N,08:17:10,08:17:50,,7042,상행,2025-05-01T05:00:00,,주말
7호선,2712,도봉산,710,,20250619,7호선,3763,석남,761,N,7호선,7073,2726,중곡,724,N,08:19:10,08:19:40,,7042,상행,2025-05-01T05:00:00,,주말
7호선,2712,도봉산,710,,20250619,7호선,3763,석남,761,N,7호선,7073,2725,용마산,723,N,08:21:00,08:21:20,,7042,상행,2025-05-01T05:00:00,,주말
7호선,2712,도봉산,710,,20250619,7호선,3763,석남,761,N,7호선,7073,2724,사가정,722,N,08:22:30,08:23:00,,7042,상행,2025-05-01T05:00:00,,주말
7호선,2712,도봉산,710,,20250619,7호선,3763,석남,761,N,7호선,7073,2723,면목,721,N,08:24:10,08:24:40,,7042,상행,2025-05-01T05:00:00,,주말
7호선,2712,도봉산,710,,20250619,7호선,3763,석남,761,N,7호선,7073,2722,상봉,720,N,08:25:50,08:26:20,,7042,상행,2025-05-01T05:00:00,,주말
7호선,2712,도봉산,710,,20250619,7호선,3763,석남,761,N,7호선,7073,2721,중화,719,N,08:28:10,08:28:40,,7042,상행,2025-05-01T05:00:00,,주말
7호선,2712,도봉산,710,,20250619,7호선,3763,석남,761,N,7호선,7073,2720,먹골,718,N,08:30:00,08:30:30,,7042,상행,2025-05-01T05:00:00,,주말
7호선,2712,도봉산,710,,20250619,7호선,3763,석남,761,N,7호선,7073,2719,태릉입구,717,N,08:31:40,08:32:10,,7042,상행,2025-05-01T05:00:00,,주말
7호선,2712,도봉산,710,,20250619,7호선,3763,석남,761,N,7호선,7073,2718,공릉,716,N,08:33:10,08:33:40,,7042,상행,2025-05-01T05:00:00,,주말
7호선,2712,도봉산,710,,20250619,7호선,3763,석남,761,N,7호선,7073,2717,하계,715,N,08:35:10,08:35:40,,7042,상행,2025-05-01T05:00:00,,주말
7호선,2712,도봉산,710,,20250619,7호선,3763,석남,761,N,7호선,7073,2716,중계,714,N,08:36:50,08:37:20,,7042,상행,2025-05-01T05:00:00,,주말
7호선,2712,도봉산,710,,20250619,7호선,3763,석남,761,N,7호선,7073,2715,노원,713,N,08:38:40,08:39:10,,7042,상행,2025-05-01T05:00:00,,주말
7호선,2712,도봉산,710,,20250619,7호선,3763,석남,761,N,7호선,7073,2714,마들,712,N,08:40:40,08:41:10,,7042,상행,2025-05-01T05:00:00,,주말
7호선,2712,도봉산,710,,20250619,7호선,3763,석남,761,N,7호선,7073,2713,수락산,711,N,08:43:10,08:43:40,,7042,상행,2025-05-01T05:00:00,,주말
7호선,2712,도봉산,710,,20250619,7호선,3763,석남,761,N,7호선,7073,2712,도봉산,710,N,08:46:00,,,7042,상행,2025-05-01T05:00:00,,주말
7호선,2711,장암,709,,20250619,7호선,2752,온수,750,N,7호선,7077,2752,온수,750,N,,07:30:30,,7044,상행,2025-05-01T05:00:00,,주말
7호선,2711,장암,709,,20250619,7호선,2752,온수,750,N,7호선,7077,2751,천왕,749,N,07:32:50,07:33:10,,7044,상행,2025-05-01T05:00:00,,주말
7호선,2711,장암,709,,20250619,7호선,2752,온수,750,N,7호선,7077,2750,광명사거리,748,N,07:35:10,07:35:40,,7044,상행,2025-05-01T05:00:00,,주말
7호선,2711,장암,709,,20250619,7호선,2752,온수,750,N,7호선,7077,2749,철산,747,N,07:37:30,07:38:00,,7044,상행,2025-05-01T05:00:00,,주말
7호선,2711,장암,709,,20250619,7호선,2752,온수,750,N,7호선,7077,2748,가산디지털단지,746,N,07:40:00,07:40:30,,7044,상행,2025-05-01T05:00:00,,주말
7호선,2711,장암,709,,20250619,7호선,2752,온수,750,N,7호선,7077,2747,남구로,745,N,07:41:50,07:42:20,,7044,상행,2025-05-01T05:00:00,,주말
7호선,2711,장암,709,,20250619,7호선,2752,온수,750,N,7호선,7077,2746,대림,744,N,07:43:50,07:44:20,,7044,상행,2025-05-01T05:00:00,,주말
7호선,2711,장암,709,,20250619,7호선,2752,온수,750,N,7호선,7077,2745,신풍,743,N,07:46:20,07:46:50,,7044,상행,2025-05-01T05:00:00,,주말
7호선,2711,장암,709,,20250619,7호선,2752,온수,750,N,7호선,7077,2744,보라매,742,N,07:48:10,07:48:40,,7044,상행,2025-05-01T05:00:00,,주말
7호선,2711,장암,709,,20250619,7호선,2752,온수,750,N,7호선,7077,2743,신대방삼거리,741,N,07:49:50,07:50:20,,7044,상행,2025-05-01T05:00:00,,주말
7호선,2711,장암,709,,20250619,7호선,2752,온수,750,N,7호선,7077,2742,장승배기,740,N,07:52:10,07:52:40,,7044,상행,2025-05-01T05:00:00,,주말
7호선,2711,장암,709,,20250619,7호선,2752,온수,750,N,7호선,7077,2741,상도,739,N,07:54:10,07:54:40,,7044,상행,2025-05-01T05:00:00,,주말
7호선,2711,장암,709,,20250619,7호선,2752,온수,750,N,7호선,7077,2740,숭실대입구,738,N,07:55:50,07:56:20,,7044,상행,2025-05-01T05:00:00,,주말
7호선,2711,장암,709,,20250619,7호선,2752,온수,750,N,7호선,7077,2739,남성,737,N,07:58:50,07:59:20,,7044,상행,2025-05-01T05:00:00,,주말
7호선,2711,장암,709,,20250619,7호선,2752,온수,750,N,7호선,7077,2738,이수,736,N,08:00:40,08:01:20,,7044,상행,2025-05-01T05:00:00,,주말
7호선,2711,장암,709,,20250619,7호선,2752,온수,750,N,7호선,7077,2737,내방,735,N,08:02:50,08:03:20,,7044,상행,2025-05-01T05:00:00,,주말
7호선,2711,장암,709,,20250619,7호선,2752,온수,750,N,7호선,7077,2736,고속터미널,734,N,08:05:50,08:06:30,,7044,상행,2025-05-01T05:00:00,,주말
7호선,2711,장암,709,,20250619,7호선,2752,온수,750,N,7호선,7077,2735,반포,733,N,08:08:00,08:08:20,,7044,상행,2025-05-01T05:00:00,,주말
7호선,2711,장암,709,,20250619,7호선,2752,온수,750,N,7호선,7077,2734,논현,732,N,08:09:30,08:10:00,,7044,상행,2025-05-01T05:00:00,,주말
7호선,2711,장암,709,,20250619,7호선,2752,온수,750,N,7호선,7077,2733,학동,731,N,08:11:20,08:11:50,,7044,상행,2025-05-01T05:00:00,,주말
7호선,2711,장암,709,,20250619,7호선,2752,온수,750,N,7호선,7077,2732,강남구청,730,N,08:13:00,08:13:30,,7044,상행,2025-05-01T05:00:00,,주말
7호선,2711,장암,709,,20250619,7호선,2752,온수,750,N,7호선,7077,2731,청담,729,N,08:15:00,08:15:30,,7044,상행,2025-05-01T05:00:00,,주말
7호선,2711,장암,709,,20250619,7호선,2752,온수,750,N,7호선,7077,2730,자양,728,N,08:18:00,08:18:20,,7044,상행,2025-05-01T05:00:00,,주말
7호선,2711,장암,709,,20250619,7호선,2752,온수,750,N,7호선,7077,2729,건대입구,727,N,08:19:50,08:20:30,,7044,상행,2025-05-01T05:00:00,,주말
7호선,2711,장암,709,,20250619,7호선,2752,온수,750,N,7호선,7077,2728,어린이대공원,726,N,08:21:50,08:22:20,,7044,상행,2025-05-01T05:00:00,,주말
7호선,2711,장암,709,,20250619,7호선,2752,온수,750,N,7호선,7077,2727,군자,725,N,08:23:40,08:24:20,,7044,상행,2025-05-01T05:00:00,,주말
7호선,2711,장암,709,,20250619,7호선,2752,온수,750,N,7호선,7077,2726,중곡,724,N,08:25:40,08:26:10,,7044,상행,2025-05-01T05:00:00,,주말
7호선,2711,장암,709,,20250619,7호선,2752,온수,750,N,7호선,7077,2725,용마산,723,N,08:27:30,08:27:50,,7044,상행,2025-05-01T05:00:00,,주말
7호선,2711,장암,709,,20250619,7호선,2752,온수,750,N,7호선,7077,2724,사가정,722,N,08:29:00,08:29:30,,7044,상행,2025-05-01T05:00:00,,주말
7호선,2711,장암,709,,20250619,7호선,2752,온수,750,N,7호선,7077,2723,면목,721,N,08:30:40,08:31:10,,7044,상행,2025-05-01T05:00:00,,주말
7호선,2711,장암,709,,20250619,7호선,2752,온수,750,N,7호선,7077,2722,상봉,720,N,08:32:20,08:32:50,,7044,상행,2025-05-01T05:00:00,,주말
7호선,2711,장암,709,,20250619,7호선,2752,온수,750,N,7호선,7077,2721,중화,719,N,08:34:40,08:35:10,,7044,상행,2025-05-01T05:00:00,,주말
7호선,2711,장암,709,,20250619,7호선,2752,온수,750,N,7호선,7077,2720,먹골,718,N,08:36:30,08:37:00,,7044,상행,2025-05-01T05:00:00,,주말
7호선,2711,장암,709,,20250619,7호선,2752,온수,750,N,7호선,7077,2719,태릉입구,717,N,08:38:10,08:38:40,,7044,상행,2025-05-01T05:00:00,,주말
7호선,2711,장암,709,,20250619,7호선,2752,온수,750,N,7호선,7077,2718,공릉,716,N,08:39:40,08:40:10,,7044,상행,2025-05-01T05:00:00,,주말
7호선,2711,장암,709,,20250619,7호선,2752,온수,750,N,7호선,7077,2717,하계,715,N,08:41:40,08:42:10,,7044,상행,2025-05-01T05:00:00,,주말
7호선,2711,장암,709,,20250619,7호선,2752,온수,750,N,7호선,7077,2716,중계,714,N,08:43:20,08:43:50,,7044,상행,2025-05-01T05:00:00,,주말
7호선,2711,장암,709,,20250619,7호선,2752,온수,750,N,7호선,7077,2715,노원,713,N,08:45:10,08:45:40,,7044,상행,2025-05-01T05:00:00,,주말
7호선,2711,장암,709,,20250619,7호선,2752,온수,750,N,7호선,7077,2714,마들,712,N,08:47:10,08:47:40,,7044,상행,2025-05-01T05:00:00,,주말
7호선,2711,장암,709,,20250619,7호선,2752,온수,750,N,7호선,7077,2713,수락산,711,N,08:49:40,08:50:10,,7044,상행,2025-05-01T05:00:00,,주말
7호선,2711,장암,709,,20250619,7호선,2752,온수,750,N,7호선,7077,2712,도봉산,710,N,08:52:30,08:53:00,,7044,상행,2025-05-01T05:00:00,,주말
7호선,2711,장암,709,,20250619,7호선,2752,온수,750,N,7호선,7077,2711,장암,709,N,08:57:30,,,7044,상행,2025-05-01T05:00:00,,주말
7호선,2712,도봉산,710,,20250619,7호선,3763,석남,761,N,7호선,7075,3763,석남,761,N,,07:13:30,,7046,상행,2025-05-01T05:00:00,,주말
7호선,2712,도봉산,710,,20250619,7호선,3763,석남,761,N,7호선,7075,3762,산곡,760,N,07:16:30,07:17:00,,7046,상행,2025-05-01T05:00:00,,주말
7호선,2712,도봉산,710,,20250619,7호선,3763,석남,761,N,7호선,7075,3761,부평구청,759,N,07:19:00,07:19:30,,7046,상행,2025-05-01T05:00:00,,주말
7호선,2712,도봉산,710,,20250619,7호선,3763,석남,761,N,7호선,7075,3760,굴포천,758,N,07:20:50,07:21:20,,7046,상행,2025-05-01T05:00:00,,주말
7호선,2712,도봉산,710,,20250619,7호선,3763,석남,761,N,7호선,7075,3759,삼산체육관,757,N,07:22:30,07:23:00,,7046,상행,2025-05-01T05:00:00,,주말
7호선,2712,도봉산,710,,20250619,7호선,3763,석남,761,N,7호선,7075,3758,상동,756,N,07:24:20,07:24:50,,7046,상행,2025-05-01T05:00:00,,주말
7호선,2712,도봉산,710,,20250619,7호선,3763,석남,761,N,7호선,7075,3757,부천시청,755,N,07:26:00,07:26:30,,7046,상행,2025-05-01T05:00:00,,주말
7호선,2712,도봉산,710,,20250619,7호선,3763,석남,761,N,7호선,7075,3756,신중동,754,N,07:27:50,07:28:20,,7046,상행,2025-05-01T05:00:00,,주말
7호선,2712,도봉산,710,,20250619,7호선,3763,석남,761,N,7호선,7075,3755,춘의,753,N,07:29:40,07:30:10,,7046,상행,2025-05-01T05:00:00,,주말
7호선,2712,도봉산,710,,20250619,7호선,3763,석남,761,N,7호선,7075,3754,부천종합운동장,752,N,07:31:30,07:32:00,,7046,상행,2025-05-01T05:00:00,,주말
7호선,2712,도봉산,710,,20250619,7호선,3763,석남,761,N,7호선,7075,3753,까치울,751,N,07:33:30,07:34:00,,7046,상행,2025-05-01T05:00:00,,주말
7호선,2712,도봉산,710,,20250619,7호선,3763,석남,761,N,7호선,7075,2752,온수,750,N,07:36:30,07:37:00,,7046,상행,2025-05-01T05:00:00,,주말
7호선,2712,도봉산,710,,20250619,7호선,3763,석남,761,N,7호선,7075,2751,천왕,749,N,07:39:20,07:39:40,,7046,상행,2025-05-01T05:00:00,,주말
7호선,2712,도봉산,710,,20250619,7호선,3763,석남,761,N,7호선,7075,2750,광명사거리,748,N,07:41:40,07:42:10,,7046,상행,2025-05-01T05:00:00,,주말
7호선,2712,도봉산,710,,20250619,7호선,3763,석남,761,N,7호선,7075,2749,철산,747,N,07:44:00,07:44:30,,7046,상행,2025-05-01T05:00:00,,주말
7호선,2712,도봉산,710,,20250619,7호선,3763,석남,761,N,7호선,7075,2748,가산디지털단지,746,N,07:46:30,07:47:00,,7046,상행,2025-05-01T05:00:00,,주말
7호선,2712,도봉산,710,,20250619,7호선,3763,석남,761,N,7호선,7075,2747,남구로,745,N,07:48:20,07:48:50,,7046,상행,2025-05-01T05:00:00,,주말
7호선,2712,도봉산,710,,20250619,7호선,3763,석남,761,N,7호선,7075,2746,대림,744,N,07:50:20,07:50:50,,7046,상행,2025-05-01T05:00:00,,주말
7호선,2712,도봉산,710,,20250619,7호선,3763,석남,761,N,7호선,7075,2745,신풍,743,N,07:52:50,07:53:20,,7046,상행,2025-05-01T05:00:00,,주말
7호선,2712,도봉산,710,,20250619,7호선,3763,석남,761,N,7호선,7075,2744,보라매,742,N,07:54:40,07:55:10,,7046,상행,2025-05-01T05:00:00,,주말
7호선,2712,도봉산,710,,20250619,7호선,3763,석남,761,N,7호선,7075,2743,신대방삼거리,741,N,07:56:20,07:56:50,,7046,상행,2025-05-01T05:00:00,,주말
7호선,2712,도봉산,710,,20250619,7호선,3763,석남,761,N,7호선,7075,2742,장승배기,740,N,07:58:40,07:59:10,,7046,상행,2025-05-01T05:00:00,,주말
7호선,2712,도봉산,710,,20250619,7호선,3763,석남,761,N,7호선,7075,2741,상도,739,N,08:00:40,08:01:10,,7046,상행,2025-05-01T05:00:00,,주말
7호선,2712,도봉산,710,,20250619,7호선,3763,석남,761,N,7호선,7075,2740,숭실대입구,738,N,08:02:20,08:02:50,,7046,상행,2025-05-01T05:00:00,,주말
7호선,2712,도봉산,710,,20250619,7호선,3763,석남,761,N,7호선,7075,2739,남성,737,N,08:05:20,08:05:50,,7046,상행,2025-05-01T05:00:00,,주말
7호선,2712,도봉산,710,,20250619,7호선,3763,석남,761,N,7호선,7075,2738,이수,736,N,08:07:10,08:07:50,,7046,상행,2025-05-01T05:00:00,,주말
7호선,2712,도봉산,710,,20250619,7호선,3763,석남,761,N,7호선,7075,2737,내방,735,N,08:09:20,08:09:50,,7046,상행,2025-05-01T05:00:00,,주말
7호선,2712,도봉산,710,,20250619,7호선,3763,석남,761,N,7호선,7075,2736,고속터미널,734,N,08:12:20,08:13:00,,7046,상행,2025-05-01T05:00:00,,주말
7호선,2712,도봉산,710,,20250619,7호선,3763,석남,761,N,7호선,7075,2735,반포,733,N,08:14:30,08:14:50,,7046,상행,2025-05-01T05:00:00,,주말
7호선,2712,도봉산,710,,20250619,7호선,3763,석남,761,N,7호선,7075,2734,논현,732,N,08:16:00,08:16:30,,7046,상행,2025-05-01T05:00:00,,주말
7호선,2712,도봉산,710,,20250619,7호선,3763,석남,761,N,7호선,7075,2733,학동,731,N,08:17:50,08:18:20,,7046,상행,2025-05-01T05:00:00,,주말
7호선,2712,도봉산,710,,20250619,7호선,3763,석남,761,N,7호선,7075,2732,강남구청,730,N,08:19:30,08:20:00,,7046,상행,2025-05-01T05:00:00,,주말
7호선,2712,도봉산,710,,20250619,7호선,3763,석남,761,N,7호선,7075,2731,청담,729,N,08:21:30,08:22:00,,7046,상행,2025-05-01T05:00:00,,주말
7호선,2712,도봉산,710,,20250619,7호선,3763,석남,761,N,7호선,7075,2730,자양,728,N,08:24:30,08:24:50,,7046,상행,2025-05-01T05:00:00,,주말
7호선,2712,도봉산,710,,20250619,7호선,3763,석남,761,N,7호선,7075,2729,건대입구,727,N,08:26:20,08:27:00,,7046,상행,2025-05-01T05:00:00,,주말
7호선,2712,도봉산,710,,20250619,7호선,3763,석남,761,N,7호선,7075,2728,어린이대공원,726,N,08:28:20,08:28:50,,7046,상행,2025-05-01T05:00:00,,주말
7호선,2712,도봉산,710,,20250619,7호선,3763,석남,761,N,7호선,7075,2727,군자,725,N,08:30:10,08:30:50,,7046,상행,2025-05-01T05:00:00,,주말
7호선,2712,도봉산,710,,20250619,7호선,3763,석남,761,N,7호선,7075,2726,중곡,724,N,08:32:10,08:32:40,,7046,상행,2025-05-01T05:00:00,,주말
7호선,2712,도봉산,710,,20250619,7호선,3763,석남,761,N,7호선,7075,2725,용마산,723,N,08:34:00,08:34:20,,7046,상행,2025-05-01T05:00:00,,주말
7호선,2712,도봉산,710,,20250619,7호선,3763,석남,761,N,7호선,7075,2724,사가정,722,N,08:35:30,08:36:00,,7046,상행,2025-05-01T05:00:00,,주말
7호선,2712,도봉산,710,,20250619,7호선,3763,석남,761,N,7호선,7075,2723,면목,721,N,08:37:10,08:37:40,,7046,상행,2025-05-01T05:00:00,,주말
7호선,2712,도봉산,710,,20250619,7호선,3763,석남,761,N,7호선,7075,2722,상봉,720,N,08:38:50,08:39:20,,7046,상행,2025-05-01T05:00:00,,주말
7호선,2712,도봉산,710,,20250619,7호선,3763,석남,761,N,7호선,7075,2721,중화,719,N,08:41:10,08:41:40,,7046,상행,2025-05-01T05:00:00,,주말
7호선,2712,도봉산,710,,20250619,7호선,3763,석남,761,N,7호선,7075,2720,먹골,718,N,08:43:00,08:43:30,,7046,상행,2025-05-01T05:00:00,,주말
7호선,2712,도봉산,710,,20250619,7호선,3763,석남,761,N,7호선,7075,2719,태릉입구,717,N,08:44:40,08:45:10,,7046,상행,2025-05-01T05:00:00,,주말
7호선,2712,도봉산,710,,20250619,7호선,3763,석남,761,N,7호선,7075,2718,공릉,716,N,08:46:10,08:46:40,,7046,상행,2025-05-01T05:00:00,,주말
7호선,2712,도봉산,710,,20250619,7호선,3763,석남,761,N,7호선,7075,2717,하계,715,N,08:48:10,08:48:40,,7046,상행,2025-05-01T05:00:00,,주말
7호선,2712,도봉산,710,,20250619,7호선,3763,석남,761,N,7호선,7075,2716,중계,714,N,08:49:50,08:50:20,,7046,상행,2025-05-01T05:00:00,,주말
7호선,2712,도봉산,710,,20250619,7호선,3763,석남,761,N,7호선,7075,2715,노원,713,N,08:51:40,08:52:10,,7046,상행,2025-05-01T05:00:00,,주말
7호선,2712,도봉산,710,,20250619,7호선,3763,석남,761,N,7호선,7075,2714,마들,712,N,08:53:40,08:54:10,,7046,상행,2025-05-01T05:00:00,,주말
7호선,2712,도봉산,710,,20250619,7호선,3763,석남,761,N,7호선,7075,2713,수락산,711,N,08:56:10,08:56:40,,7046,상행,2025-05-01T05:00:00,,주말
7호선,2712,도봉산,710,,20250619,7호선,3763,석남,761,N,7호선,7075,2712,도봉산,710,N,08:59:00,,,7046,상행,2025-05-01T05:00:00,,주말
7호선,2711,장암,709,,20250619,7호선,2752,온수,750,N,7호선,7081,2752,온수,750,N,,07:43:30,,7048,상행,2025-05-01T05:00:00,,주말
7호선,2711,장암,709,,20250619,7호선,2752,온수,750,N,7호선,7081,2751,천왕,749,N,07:45:50,07:46:10,,7048,상행,2025-05-01T05:00:00,,주말
7호선,2711,장암,709,,20250619,7호선,2752,온수,750,N,7호선,7081,2750,광명사거리,748,N,07:48:10,07:48:40,,7048,상행,2025-05-01T05:00:00,,주말
7호선,2711,장암,709,,20250619,7호선,2752,온수,750,N,7호선,7081,2749,철산,747,N,07:50:30,07:51:00,,7048,상행,2025-05-01T05:00:00,,주말
7호선,2711,장암,709,,20250619,7호선,2752,온수,750,N,7호선,7081,2748,가산디지털단지,746,N,07:53:00,07:53:30,,7048,상행,2025-05-01T05:00:00,,주말
7호선,2711,장암,709,,20250619,7호선,2752,온수,750,N,7호선,7081,2747,남구로,745,N,07:54:50,07:55:20,,7048,상행,2025-05-01T05:00:00,,주말
7호선,2711,장암,709,,20250619,7호선,2752,온수,750,N,7호선,7081,2746,대림,744,N,07:56:50,07:57:20,,7048,상행,2025-05-01T05:00:00,,주말
7호선,2711,장암,709,,20250619,7호선,2752,온수,750,N,7호선,7081,2745,신풍,743,N,07:59:20,07:59:50,,7048,상행,2025-05-01T05:00:00,,주말
7호선,2711,장암,709,,20250619,7호선,2752,온수,750,N,7호선,7081,2744,보라매,742,N,08:01:10,08:01:40,,7048,상행,2025-05-01T05:00:00,,주말
7호선,2711,장암,709,,20250619,7호선,2752,온수,750,N,7호선,7081,2743,신대방삼거리,741,N,08:02:50,08:03:20,,7048,상행,2025-05-01T05:00:00,,주말
7호선,2711,장암,709,,20250619,7호선,2752,온수,750,N,7호선,7081,2742,장승배기,740,N,08:05:10,08:05:40,,7048,상행,2025-05-01T05:00:00,,주말
7호선,2711,장암,709,,20250619,7호선,2752,온수,750,N,7호선,7081,2741,상도,739,N,08:07:10,08:07:40,,7048,상행,2025-05-01T05:00:00,,주말
7호선,2711,장암,709,,20250619,7호선,2752,온수,750,N,7호선,7081,2740,숭실대입구,738,N,08:08:50,08:09:20,,7048,상행,2025-05-01T05:00:00,,주말
7호선,2711,장암,709,,20250619,7호선,2752,온수,750,N,7호선,7081,2739,남성,737,N,08:11:50,08:12:20,,7048,상행,2025-05-01T05:00:00,,주말
7호선,2711,장암,709,,20250619,7호선,2752,온수,750,N,7호선,7081,2738,이수,736,N,08:13:40,08:14:20,,7048,상행,2025-05-01T05:00:00,,주말
7호선,2711,장암,709,,20250619,7호선,2752,온수,750,N,7호선,7081,2737,내방,735,N,08:15:50,08:16:20,,7048,상행,2025-05-01T05:00:00,,주말
7호선,2711,장암,709,,20250619,7호선,2752,온수,750,N,7호선,7081,2736,고속터미널,734,N,08:18:50,08:19:30,,7048,상행,2025-05-01T05:00:00,,주말
7호선,2711,장암,709,,20250619,7호선,2752,온수,750,N,7호선,7081,2735,반포,733,N,08:21:00,08:21:20,,7048,상행,2025-05-01T05:00:00,,주말
7호선,2711,장암,709,,20250619,7호선,2752,온수,750,N,7호선,7081,2734,논현,732,N,08:22:30,08:23:00,,7048,상행,2025-05-01T05:00:00,,주말
7호선,2711,장암,709,,20250619,7호선,2752,온수,750,N,7호선,7081,2733,학동,731,N,08:24:20,08:24:50,,7048,상행,2025-05-01T05:00:00,,주말
7호선,2711,장암,709,,20250619,7호선,2752,온수,750,N,7호선,7081,2732,강남구청,730,N,08:26:00,08:26:30,,7048,상행,2025-05-01T05:00:00,,주말
7호선,2711,장암,709,,20250619,7호선,2752,온수,750,N,7호선,7081,2731,청담,729,N,08:28:00,08:28:30,,7048,상행,2025-05-01T05:00:00,,주말
7호선,2711,장암,709,,20250619,7호선,2752,온수,750,N,7호선,7081,2730,자양,728,N,08:31:00,08:31:20,,7048,상행,2025-05-01T05:00:00,,주말
7호선,2711,장암,709,,20250619,7호선,2752,온수,750,N,7호선,7081,2729,건대입구,727,N,08:32:50,08:33:30,,7048,상행,2025-05-01T05:00:00,,주말
7호선,2711,장암,709,,20250619,7호선,2752,온수,750,N,7호선,7081,2728,어린이대공원,726,N,08:34:50,08:35:20,,7048,상행,2025-05-01T05:00:00,,주말
7호선,2711,장암,709,,20250619,7호선,2752,온수,750,N,7호선,7081,2727,군자,725,N,08:36:40,08:37:20,,7048,상행,2025-05-01T05:00:00,,주말
7호선,2711,장암,709,,20250619,7호선,2752,온수,750,N,7호선,7081,2726,중곡,724,N,08:38:40,08:39:10,,7048,상행,2025-05-01T05:00:00,,주말
7호선,2711,장암,709,,20250619,7호선,2752,온수,750,N,7호선,7081,2725,용마산,723,N,08:40:30,08:40:50,,7048,상행,2025-05-01T05:00:00,,주말
7호선,2711,장암,709,,20250619,7호선,2752,온수,750,N,7호선,7081,2724,사가정,722,N,08:42:00,08:42:30,,7048,상행,2025-05-01T05:00:00,,주말
7호선,2711,장암,709,,20250619,7호선,2752,온수,750,N,7호선,7081,2723,면목,721,N,08:43:40,08:44:10,,7048,상행,2025-05-01T05:00:00,,주말
7호선,2711,장암,709,,20250619,7호선,2752,온수,750,N,7호선,7081,2722,상봉,720,N,08:45:20,08:45:50,,7048,상행,2025-05-01T05:00:00,,주말
7호선,2711,장암,709,,20250619,7호선,2752,온수,750,N,7호선,7081,2721,중화,719,N,08:47:40,08:48:10,,7048,상행,2025-05-01T05:00:00,,주말
7호선,2711,장암,709,,20250619,7호선,2752,온수,750,N,7호선,7081,2720,먹골,718,N,08:49:30,08:50:00,,7048,상행,2025-05-01T05:00:00,,주말
7호선,2711,장암,709,,20250619,7호선,2752,온수,750,N,7호선,7081,2719,태릉입구,717,N,08:51:10,08:51:40,,7048,상행,2025-05-01T05:00:00,,주말
7호선,2711,장암,709,,20250619,7호선,2752,온수,750,N,7호선,7081,2718,공릉,716,N,08:52:40,08:53:10,,7048,상행,2025-05-01T05:00:00,,주말
7호선,2711,장암,709,,20250619,7호선,2752,온수,750,N,7호선,7081,2717,하계,715,N,08:54:40,08:55:10,,7048,상행,2025-05-01T05:00:00,,주말
7호선,2711,장암,709,,20250619,7호선,2752,온수,750,N,7호선,7081,2716,중계,714,N,08:56:20,08:56:50,,7048,상행,2025-05-01T05:00:00,,주말
7호선,2711,장암,709,,20250619,7호선,2752,온수,750,N,7호선,7081,2715,노원,713,N,08:58:10,08:58:40,,7048,상행,2025-05-01T05:00:00,,주말
7호선,2711,장암,709,,20250619,7호선,2752,온수,750,N,7호선,7081,2714,마들,712,N,09:00:10,09:00:40,,7048,상행,2025-05-01T05:00:00,,주말
7호선,2711,장암,709,,20250619,7호선,2752,온수,750,N,7호선,7081,2713,수락산,711,N,09:02:40,09:03:10,,7048,상행,2025-05-01T05:00:00,,주말
7호선,2711,장암,709,,20250619,7호선,2752,온수,750,N,7호선,7081,2712,도봉산,710,N,09:05:30,09:06:00,,7048,상행,2025-05-01T05:00:00,,주말
7호선,2711,장암,709,,20250619,7호선,2752,온수,750,N,7호선,7081,2711,장암,709,N,09:10:30,,,7048,상행,2025-05-01T05:00:00,,주말
7호선,2712,도봉산,710,,20250619,7호선,3763,석남,761,N,7호선,7079,3763,석남,761,N,,07:26:30,,7050,상행,2025-05-01T05:00:00,,주말
7호선,2712,도봉산,710,,20250619,7호선,3763,석남,761,N,7호선,7079,3762,산곡,760,N,07:29:30,07:30:00,,7050,상행,2025-05-01T05:00:00,,주말
7호선,2712,도봉산,710,,20250619,7호선,3763,석남,761,N,7호선,7079,3761,부평구청,759,N,07:32:00,07:32:30,,7050,상행,2025-05-01T05:00:00,,주말
7호선,2712,도봉산,710,,20250619,7호선,3763,석남,761,N,7호선,7079,3760,굴포천,758,N,07:33:50,07:34:20,,7050,상행,2025-05-01T05:00:00,,주말
7호선,2712,도봉산,710,,20250619,7호선,3763,석남,761,N,7호선,7079,3759,삼산체육관,757,N,07:35:30,07:36:00,,7050,상행,2025-05-01T05:00:00,,주말
7호선,2712,도봉산,710,,20250619,7호선,3763,석남,761,N,7호선,7079,3758,상동,756,N,07:37:20,07:37:50,,7050,상행,2025-05-01T05:00:00,,주말
7호선,2712,도봉산,710,,20250619,7호선,3763,석남,761,N,7호선,7079,3757,부천시청,755,N,07:39:00,07:39:30,,7050,상행,2025-05-01T05:00:00,,주말
7호선,2712,도봉산,710,,20250619,7호선,3763,석남,761,N,7호선,7079,3756,신중동,754,N,07:40:50,07:41:20,,7050,상행,2025-05-01T05:00:00,,주말
7호선,2712,도봉산,710,,20250619,7호선,3763,석남,761,N,7호선,7079,3755,춘의,753,N,07:42:40,07:43:10,,7050,상행,2025-05-01T05:00:00,,주말
7호선,2712,도봉산,710,,20250619,7호선,3763,석남,761,N,7호선,7079,3754,부천종합운동장,752,N,07:44:30,07:45:00,,7050,상행,2025-05-01T05:00:00,,주말
7호선,2712,도봉산,710,,20250619,7호선,3763,석남,761,N,7호선,7079,3753,까치울,751,N,07:46:30,07:47:00,,7050,상행,2025-05-01T05:00:00,,주말
7호선,2712,도봉산,710,,20250619,7호선,3763,석남,761,N,7호선,7079,2752,온수,750,N,07:49:30,07:50:00,,7050,상행,2025-05-01T05:00:00,,주말
7호선,2712,도봉산,710,,20250619,7호선,3763,석남,761,N,7호선,7079,2751,천왕,749,N,07:52:20,07:52:40,,7050,상행,2025-05-01T05:00:00,,주말
7호선,2712,도봉산,710,,20250619,7호선,3763,석남,761,N,7호선,7079,2750,광명사거리,748,N,07:54:40,07:55:10,,7050,상행,2025-05-01T05:00:00,,주말
7호선,2712,도봉산,710,,20250619,7호선,3763,석남,761,N,7호선,7079,2749,철산,747,N,07:57:00,07:57:30,,7050,상행,2025-05-01T05:00:00,,주말
7호선,2712,도봉산,710,,20250619,7호선,3763,석남,761,N,7호선,7079,2748,가산디지털단지,746,N,07:59:30,08:00:00,,7050,상행,2025-05-01T05:00:00,,주말
7호선,2712,도봉산,710,,20250619,7호선,3763,석남,761,N,7호선,7079,2747,남구로,745,N,08:01:20,08:01:50,,7050,상행,2025-05-01T05:00:00,,주말
7호선,2712,도봉산,710,,20250619,7호선,3763,석남,761,N,7호선,7079,2746,대림,744,N,08:03:20,08:03:50,,7050,상행,2025-05-01T05:00:00,,주말
7호선,2712,도봉산,710,,20250619,7호선,3763,석남,761,N,7호선,7079,2745,신풍,743,N,08:05:50,08:06:20,,7050,상행,2025-05-01T05:00:00,,주말
7호선,2712,도봉산,710,,20250619,7호선,3763,석남,761,N,7호선,7079,2744,보라매,742,N,08:07:40,08:08:10,,7050,상행,2025-05-01T05:00:00,,주말
7호선,2712,도봉산,710,,20250619,7호선,3763,석남,761,N,7호선,7079,2743,신대방삼거리,741,N,08:09:20,08:09:50,,7050,상행,2025-05-01T05:00:00,,주말
7호선,2712,도봉산,710,,20250619,7호선,3763,석남,761,N,7호선,7079,2742,장승배기,740,N,08:11:40,08:12:10,,7050,상행,2025-05-01T05:00:00,,주말
7호선,2712,도봉산,710,,20250619,7호선,3763,석남,761,N,7호선,7079,2741,상도,739,N,08:13:40,08:14:10,,7050,상행,2025-05-01T05:00:00,,주말
7호선,2712,도봉산,710,,20250619,7호선,3763,석남,761,N,7호선,7079,2740,숭실대입구,738,N,08:15:20,08:15:50,,7050,상행,2025-05-01T05:00:00,,주말
7호선,2712,도봉산,710,,20250619,7호선,3763,석남,761,N,7호선,7079,2739,남성,737,N,08:18:20,08:18:50,,7050,상행,2025-05-01T05:00:00,,주말
7호선,2712,도봉산,710,,20250619,7호선,3763,석남,761,N,7호선,7079,2738,이수,736,N,08:20:10,08:20:50,,7050,상행,2025-05-01T05:00:00,,주말
7호선,2712,도봉산,710,,20250619,7호선,3763,석남,761,N,7호선,7079,2737,내방,735,N,08:22:20,08:22:50,,7050,상행,2025-05-01T05:00:00,,주말
7호선,2712,도봉산,710,,20250619,7호선,3763,석남,761,N,7호선,7079,2736,고속터미널,734,N,08:25:20,08:26:00,,7050,상행,2025-05-01T05:00:00,,주말
7호선,2712,도봉산,710,,20250619,7호선,3763,석남,761,N,7호선,7079,2735,반포,733,N,08:27:30,08:27:50,,7050,상행,2025-05-01T05:00:00,,주말
7호선,2712,도봉산,710,,20250619,7호선,3763,석남,761,N,7호선,7079,2734,논현,732,N,08:29:00,08:29:30,,7050,상행,2025-05-01T05:00:00,,주말
7호선,2712,도봉산,710,,20250619,7호선,3763,석남,761,N,7호선,7079,2733,학동,731,N,08:30:50,08:31:20,,7050,상행,2025-05-01T05:00:00,,주말
7호선,2712,도봉산,710,,20250619,7호선,3763,석남,761,N,7호선,7079,2732,강남구청,730,N,08:32:30,08:33:00,,7050,상행,2025-05-01T05:00:00,,주말
7호선,2712,도봉산,710,,20250619,7호선,3763,석남,761,N,7호선,7079,2731,청담,729,N,08:34:30,08:35:00,,7050,상행,2025-05-01T05:00:00,,주말
7호선,2712,도봉산,710,,20250619,7호선,3763,석남,761,N,7호선,7079,2730,자양,728,N,08:37:30,08:37:50,,7050,상행,2025-05-01T05:00:00,,주말
7호선,2712,도봉산,710,,20250619,7호선,3763,석남,761,N,7호선,7079,2729,건대입구,727,N,08:39:20,08:40:00,,7050,상행,2025-05-01T05:00:00,,주말
7호선,2712,도봉산,710,,20250619,7호선,3763,석남,761,N,7호선,7079,2728,어린이대공원,726,N,08:41:20,08:41:50,,7050,상행,2025-05-01T05:00:00,,주말
7호선,2712,도봉산,710,,20250619,7호선,3763,석남,761,N,7호선,7079,2727,군자,725,N,08:43:10,08:43:50,,7050,상행,2025-05-01T05:00:00,,주말
7호선,2712,도봉산,710,,20250619,7호선,3763,석남,761,N,7호선,7079,2726,중곡,724,N,08:45:10,08:45:40,,7050,상행,2025-05-01T05:00:00,,주말
7호선,2712,도봉산,710,,20250619,7호선,3763,석남,761,N,7호선,7079,2725,용마산,723,N,08:47:00,08:47:20,,7050,상행,2025-05-01T05:00:00,,주말
7호선,2712,도봉산,710,,20250619,7호선,3763,석남,761,N,7호선,7079,2724,사가정,722,N,08:48:30,08:49:00,,7050,상행,2025-05-01T05:00:00,,주말
7호선,2712,도봉산,710,,20250619,7호선,3763,석남,761,N,7호선,7079,2723,면목,721,N,08:50:10,08:50:40,,7050,상행,2025-05-01T05:00:00,,주말
7호선,2712,도봉산,710,,20250619,7호선,3763,석남,761,N,7호선,7079,2722,상봉,720,N,08:51:50,08:52:20,,7050,상행,2025-05-01T05:00:00,,주말
7호선,2712,도봉산,710,,20250619,7호선,3763,석남,761,N,7호선,7079,2721,중화,719,N,08:54:10,08:54:40,,7050,상행,2025-05-01T05:00:00,,주말
7호선,2712,도봉산,710,,20250619,7호선,3763,석남,761,N,7호선,7079,2720,먹골,718,N,08:56:00,08:56:30,,7050,상행,2025-05-01T05:00:00,,주말
7호선,2712,도봉산,710,,20250619,7호선,3763,석남,761,N,7호선,7079,2719,태릉입구,717,N,08:57:40,08:58:10,,7050,상행,2025-05-01T05:00:00,,주말
7호선,2712,도봉산,710,,20250619,7호선,3763,석남,761,N,7호선,7079,2718,공릉,716,N,08:59:10,08:59:40,,7050,상행,2025-05-01T05:00:00,,주말
7호선,2712,도봉산,710,,20250619,7호선,3763,석남,761,N,7호선,7079,2717,하계,715,N,09:01:10,09:01:40,,7050,상행,2025-05-01T05:00:00,,주말
7호선,2712,도봉산,710,,20250619,7호선,3763,석남,761,N,7호선,7079,2716,중계,714,N,09:02:50,09:03:20,,7050,상행,2025-05-01T05:00:00,,주말
7호선,2712,도봉산,710,,20250619,7호선,3763,석남,761,N,7호선,7079,2715,노원,713,N,09:04:40,09:05:10,,7050,상행,2025-05-01T05:00:00,,주말
7호선,2712,도봉산,710,,20250619,7호선,3763,석남,761,N,7호선,7079,2714,마들,712,N,09:06:40,09:07:10,,7050,상행,2025-05-01T05:00:00,,주말
7호선,2712,도봉산,710,,20250619,7호선,3763,석남,761,N,7호선,7079,2713,수락산,711,N,09:09:10,09:09:40,,7050,상행,2025-05-01T05:00:00,,주말
7호선,2712,도봉산,710,,20250619,7호선,3763,석남,761,N,7호선,7079,2712,도봉산,710,N,09:12:00,,,7050,상행,2025-05-01T05:00:00,,주말
7호선,2711,장암,709,,20250619,7호선,2752,온수,750,N,7호선,7085,2752,온수,750,N,,07:56:30,,7052,상행,2025-05-01T05:00:00,,주말
7호선,2711,장암,709,,20250619,7호선,2752,온수,750,N,7호선,7085,2751,천왕,749,N,07:58:50,07:59:10,,7052,상행,2025-05-01T05:00:00,,주말
7호선,2711,장암,709,,20250619,7호선,2752,온수,750,N,7호선,7085,2750,광명사거리,748,N,08:01:10,08:01:40,,7052,상행,2025-05-01T05:00:00,,주말
7호선,2711,장암,709,,20250619,7호선,2752,온수,750,N,7호선,7085,2749,철산,747,N,08:03:30,08:04:00,,7052,상행,2025-05-01T05:00:00,,주말
7호선,2711,장암,709,,20250619,7호선,2752,온수,750,N,7호선,7085,2748,가산디지털단지,746,N,08:06:00,08:06:30,,7052,상행,2025-05-01T05:00:00,,주말
7호선,2711,장암,709,,20250619,7호선,2752,온수,750,N,7호선,7085,2747,남구로,745,N,08:07:50,08:08:20,,7052,상행,2025-05-01T05:00:00,,주말
7호선,2711,장암,709,,20250619,7호선,2752,온수,750,N,7호선,7085,2746,대림,744,N,08:09:50,08:10:20,,7052,상행,2025-05-01T05:00:00,,주말
7호선,2711,장암,709,,20250619,7호선,2752,온수,750,N,7호선,7085,2745,신풍,743,N,08:12:20,08:12:50,,7052,상행,2025-05-01T05:00:00,,주말
7호선,2711,장암,709,,20250619,7호선,2752,온수,750,N,7호선,7085,2744,보라매,742,N,08:14:10,08:14:40,,7052,상행,2025-05-01T05:00:00,,주말
7호선,2711,장암,709,,20250619,7호선,2752,온수,750,N,7호선,7085,2743,신대방삼거리,741,N,08:15:50,08:16:20,,7052,상행,2025-05-01T05:00:00,,주말
7호선,2711,장암,709,,20250619,7호선,2752,온수,750,N,7호선,7085,2742,장승배기,740,N,08:18:10,08:18:40,,7052,상행,2025-05-01T05:00:00,,주말
7호선,2711,장암,709,,20250619,7호선,2752,온수,750,N,7호선,7085,2741,상도,739,N,08:20:10,08:20:40,,7052,상행,2025-05-01T05:00:00,,주말
7호선,2711,장암,709,,20250619,7호선,2752,온수,750,N,7호선,7085,2740,숭실대입구,738,N,08:21:50,08:22:20,,7052,상행,2025-05-01T05:00:00,,주말
7호선,2711,장암,709,,20250619,7호선,2752,온수,750,N,7호선,7085,2739,남성,737,N,08:24:50,08:25:20,,7052,상행,2025-05-01T05:00:00,,주말
7호선,2711,장암,709,,20250619,7호선,2752,온수,750,N,7호선,7085,2738,이수,736,N,08:26:40,08:27:20,,7052,상행,2025-05-01T05:00:00,,주말
7호선,2711,장암,709,,20250619,7호선,2752,온수,750,N,7호선,7085,2737,내방,735,N,08:28:50,08:29:20,,7052,상행,2025-05-01T05:00:00,,주말
7호선,2711,장암,709,,20250619,7호선,2752,온수,750,N,7호선,7085,2736,고속터미널,734,N,08:31:50,08:32:30,,7052,상행,2025-05-01T05:00:00,,주말
7호선,2711,장암,709,,20250619,7호선,2752,온수,750,N,7호선,7085,2735,반포,733,N,08:34:00,08:34:20,,7052,상행,2025-05-01T05:00:00,,주말
7호선,2711,장암,709,,20250619,7호선,2752,온수,750,N,7호선,7085,2734,논현,732,N,08:35:30,08:36:00,,7052,상행,2025-05-01T05:00:00,,주말
7호선,2711,장암,709,,20250619,7호선,2752,온수,750,N,7호선,7085,2733,학동,731,N,08:37:20,08:37:50,,7052,상행,2025-05-01T05:00:00,,주말
7호선,2711,장암,709,,20250619,7호선,2752,온수,750,N,7호선,7085,2732,강남구청,730,N,08:39:00,08:39:30,,7052,상행,2025-05-01T05:00:00,,주말
7호선,2711,장암,709,,20250619,7호선,2752,온수,750,N,7호선,7085,2731,청담,729,N,08:41:00,08:41:30,,7052,상행,2025-05-01T05:00:00,,주말
7호선,2711,장암,709,,20250619,7호선,2752,온수,750,N,7호선,7085,2730,자양,728,N,08:44:00,08:44:20,,7052,상행,2025-05-01T05:00:00,,주말
7호선,2711,장암,709,,20250619,7호선,2752,온수,750,N,7호선,7085,2729,건대입구,727,N,08:45:50,08:46:30,,7052,상행,2025-05-01T05:00:00,,주말
7호선,2711,장암,709,,20250619,7호선,2752,온수,750,N,7호선,7085,2728,어린이대공원,726,N,08:47:50,08:48:20,,7052,상행,2025-05-01T05:00:00,,주말
7호선,2711,장암,709,,20250619,7호선,2752,온수,750,N,7호선,7085,2727,군자,725,N,08:49:40,08:50:20,,7052,상행,2025-05-01T05:00:00,,주말
7호선,2711,장암,709,,20250619,7호선,2752,온수,750,N,7호선,7085,2726,중곡,724,N,08:51:40,08:52:10,,7052,상행,2025-05-01T05:00:00,,주말
7호선,2711,장암,709,,20250619,7호선,2752,온수,750,N,7호선,7085,2725,용마산,723,N,08:53:30,08:53:50,,7052,상행,2025-05-01T05:00:00,,주말
7호선,2711,장암,709,,20250619,7호선,2752,온수,750,N,7호선,7085,2724,사가정,722,N,08:55:00,08:55:30,,7052,상행,2025-05-01T05:00:00,,주말
7호선,2711,장암,709,,20250619,7호선,2752,온수,750,N,7호선,7085,2723,면목,721,N,08:56:40,08:57:10,,7052,상행,2025-05-01T05:00:00,,주말
7호선,2711,장암,709,,20250619,7호선,2752,온수,750,N,7호선,7085,2722,상봉,720,N,08:58:20,08:58:50,,7052,상행,2025-05-01T05:00:00,,주말
7호선,2711,장암,709,,20250619,7호선,2752,온수,750,N,7호선,7085,2721,중화,719,N,09:00:40,09:01:10,,7052,상행,2025-05-01T05:00:00,,주말
7호선,2711,장암,709,,20250619,7호선,2752,온수,750,N,7호선,7085,2720,먹골,718,N,09:02:30,09:03:00,,7052,상행,2025-05-01T05:00:00,,주말
7호선,2711,장암,709,,20250619,7호선,2752,온수,750,N,7호선,7085,2719,태릉입구,717,N,09:04:10,09:04:40,,7052,상행,2025-05-01T05:00:00,,주말
7호선,2711,장암,709,,20250619,7호선,2752,온수,750,N,7호선,7085,2718,공릉,716,N,09:05:40,09:06:10,,7052,상행,2025-05-01T05:00:00,,주말
7호선,2711,장암,709,,20250619,7호선,2752,온수,750,N,7호선,7085,2717,하계,715,N,09:07:40,09:08:10,,7052,상행,2025-05-01T05:00:00,,주말
7호선,2711,장암,709,,20250619,7호선,2752,온수,750,N,7호선,7085,2716,중계,714,N,09:09:20,09:09:50,,7052,상행,2025-05-01T05:00:00,,주말
7호선,2711,장암,709,,20250619,7호선,2752,온수,750,N,7호선,7085,2715,노원,713,N,09:11:10,09:11:40,,7052,상행,2025-05-01T05:00:00,,주말
7호선,2711,장암,709,,20250619,7호선,2752,온수,750,N,7호선,7085,2714,마들,712,N,09:13:10,09:13:40,,7052,상행,2025-05-01T05:00:00,,주말
7호선,2711,장암,709,,20250619,7호선,2752,온수,750,N,7호선,7085,2713,수락산,711,N,09:15:40,09:16:10,,7052,상행,2025-05-01T05:00:00,,주말
7호선,2711,장암,709,,20250619,7호선,2752,온수,750,N,7호선,7085,2712,도봉산,710,N,09:18:30,09:19:00,,7052,상행,2025-05-01T05:00:00,,주말
7호선,2711,장암,709,,20250619,7호선,2752,온수,750,N,7호선,7085,2711,장암,709,N,09:23:30,,,7052,상행,2025-05-01T05:00:00,,주말
7호선,2712,도봉산,710,,20250619,7호선,3763,석남,761,N,7호선,7083,3763,석남,761,N,,07:39:30,,7054,상행,2025-05-01T05:00:00,,주말
7호선,2712,도봉산,710,,20250619,7호선,3763,석남,761,N,7호선,7083,3762,산곡,760,N,07:42:30,07:43:00,,7054,상행,2025-05-01T05:00:00,,주말
7호선,2712,도봉산,710,,20250619,7호선,3763,석남,761,N,7호선,7083,3761,부평구청,759,N,07:45:00,07:45:30,,7054,상행,2025-05-01T05:00:00,,주말
7호선,2712,도봉산,710,,20250619,7호선,3763,석남,761,N,7호선,7083,3760,굴포천,758,N,07:46:50,07:47:20,,7054,상행,2025-05-01T05:00:00,,주말
7호선,2712,도봉산,710,,20250619,7호선,3763,석남,761,N,7호선,7083,3759,삼산체육관,757,N,07:48:30,07:49:00,,7054,상행,2025-05-01T05:00:00,,주말
7호선,2712,도봉산,710,,20250619,7호선,3763,석남,761,N,7호선,7083,3758,상동,756,N,07:50:20,07:50:50,,7054,상행,2025-05-01T05:00:00,,주말
7호선,2712,도봉산,710,,20250619,7호선,3763,석남,761,N,7호선,7083,3757,부천시청,755,N,07:52:00,07:52:30,,7054,상행,2025-05-01T05:00:00,,주말
7호선,2712,도봉산,710,,20250619,7호선,3763,석남,761,N,7호선,7083,3756,신중동,754,N,07:53:50,07:54:20,,7054,상행,2025-05-01T05:00:00,,주말
7호선,2712,도봉산,710,,20250619,7호선,3763,석남,761,N,7호선,7083,3755,춘의,753,N,07:55:40,07:56:10,,7054,상행,2025-05-01T05:00:00,,주말
7호선,2712,도봉산,710,,20250619,7호선,3763,석남,761,N,7호선,7083,3754,부천종합운동장,752,N,07:57:30,07:58:00,,7054,상행,2025-05-01T05:00:00,,주말
7호선,2712,도봉산,710,,20250619,7호선,3763,석남,761,N,7호선,7083,3753,까치울,751,N,07:59:30,08:00:00,,7054,상행,2025-05-01T05:00:00,,주말
7호선,2712,도봉산,710,,20250619,7호선,3763,석남,761,N,7호선,7083,2752,온수,750,N,08:02:30,08:03:00,,7054,상행,2025-05-01T05:00:00,,주말
7호선,2712,도봉산,710,,20250619,7호선,3763,석남,761,N,7호선,7083,2751,천왕,749,N,08:05:20,08:05:40,,7054,상행,2025-05-01T05:00:00,,주말
7호선,2712,도봉산,710,,20250619,7호선,3763,석남,761,N,7호선,7083,2750,광명사거리,748,N,08:07:40,08:08:10,,7054,상행,2025-05-01T05:00:00,,주말
7호선,2712,도봉산,710,,20250619,7호선,3763,석남,761,N,7호선,7083,2749,철산,747,N,08:10:00,08:10:30,,7054,상행,2025-05-01T05:00:00,,주말
7호선,2712,도봉산,710,,20250619,7호선,3763,석남,761,N,7호선,7083,2748,가산디지털단지,746,N,08:12:30,08:13:00,,7054,상행,2025-05-01T05:00:00,,주말
7호선,2712,도봉산,710,,20250619,7호선,3763,석남,761,N,7호선,7083,2747,남구로,745,N,08:14:20,08:14:50,,7054,상행,2025-05-01T05:00:00,,주말
7호선,2712,도봉산,710,,20250619,7호선,3763,석남,761,N,7호선,7083,2746,대림,744,N,08:16:20,08:16:50,,7054,상행,2025-05-01T05:00:00,,주말
7호선,2712,도봉산,710,,20250619,7호선,3763,석남,761,N,7호선,7083,2745,신풍,743,N,08:18:50,08:19:20,,7054,상행,2025-05-01T05:00:00,,주말
7호선,2712,도봉산,710,,20250619,7호선,3763,석남,761,N,7호선,7083,2744,보라매,742,N,08:20:40,08:21:10,,7054,상행,2025-05-01T05:00:00,,주말
7호선,2712,도봉산,710,,20250619,7호선,3763,석남,761,N,7호선,7083,2743,신대방삼거리,741,N,08:22:20,08:22:50,,7054,상행,2025-05-01T05:00:00,,주말
7호선,2712,도봉산,710,,20250619,7호선,3763,석남,761,N,7호선,7083,2742,장승배기,740,N,08:24:40,08:25:10,,7054,상행,2025-05-01T05:00:00,,주말
7호선,2712,도봉산,710,,20250619,7호선,3763,석남,761,N,7호선,7083,2741,상도,739,N,08:26:40,08:27:10,,7054,상행,2025-05-01T05:00:00,,주말
7호선,2712,도봉산,710,,20250619,7호선,3763,석남,761,N,7호선,7083,2740,숭실대입구,738,N,08:28:20,08:28:50,,7054,상행,2025-05-01T05:00:00,,주말
7호선,2712,도봉산,710,,20250619,7호선,3763,석남,761,N,7호선,7083,2739,남성,737,N,08:31:20,08:31:50,,7054,상행,2025-05-01T05:00:00,,주말
7호선,2712,도봉산,710,,20250619,7호선,3763,석남,761,N,7호선,7083,2738,이수,736,N,08:33:10,08:33:50,,7054,상행,2025-05-01T05:00:00,,주말
7호선,2712,도봉산,710,,20250619,7호선,3763,석남,761,N,7호선,7083,2737,내방,735,N,08:35:20,08:35:50,,7054,상행,2025-05-01T05:00:00,,주말
7호선,2712,도봉산,710,,20250619,7호선,3763,석남,761,N,7호선,7083,2736,고속터미널,734,N,08:38:20,08:39:00,,7054,상행,2025-05-01T05:00:00,,주말
7호선,2712,도봉산,710,,20250619,7호선,3763,석남,761,N,7호선,7083,2735,반포,733,N,08:40:30,08:40:50,,7054,상행,2025-05-01T05:00:00,,주말
7호선,2712,도봉산,710,,20250619,7호선,3763,석남,761,N,7호선,7083,2734,논현,732,N,08:42:00,08:42:30,,7054,상행,2025-05-01T05:00:00,,주말
7호선,2712,도봉산,710,,20250619,7호선,3763,석남,761,N,7호선,7083,2733,학동,731,N,08:43:50,08:44:20,,7054,상행,2025-05-01T05:00:00,,주말
7호선,2712,도봉산,710,,20250619,7호선,3763,석남,761,N,7호선,7083,2732,강남구청,730,N,08:45:30,08:46:00,,7054,상행,2025-05-01T05:00:00,,주말
7호선,2712,도봉산,710,,20250619,7호선,3763,석남,761,N,7호선,7083,2731,청담,729,N,08:47:30,08:48:00,,7054,상행,2025-05-01T05:00:00,,주말
7호선,2712,도봉산,710,,20250619,7호선,3763,석남,761,N,7호선,7083,2730,자양,728,N,08:50:30,08:50:50,,7054,상행,2025-05-01T05:00:00,,주말
7호선,2712,도봉산,710,,20250619,7호선,3763,석남,761,N,7호선,7083,2729,건대입구,727,N,08:52:20,08:53:00,,7054,상행,2025-05-01T05:00:00,,주말
7호선,2712,도봉산,710,,20250619,7호선,3763,석남,761,N,7호선,7083,2728,어린이대공원,726,N,08:54:20,08:54:50,,7054,상행,2025-05-01T05:00:00,,주말
7호선,2712,도봉산,710,,20250619,7호선,3763,석남,761,N,7호선,7083,2727,군자,725,N,08:56:10,08:56:50,,7054,상행,2025-05-01T05:00:00,,주말
7호선,2712,도봉산,710,,20250619,7호선,3763,석남,761,N,7호선,7083,2726,중곡,724,N,08:58:10,08:58:40,,7054,상행,2025-05-01T05:00:00,,주말
7호선,2712,도봉산,710,,20250619,7호선,3763,석남,761,N,7호선,7083,2725,용마산,723,N,09:00:00,09:00:20,,7054,상행,2025-05-01T05:00:00,,주말
7호선,2712,도봉산,710,,20250619,7호선,3763,석남,761,N,7호선,7083,2724,사가정,722,N,09:01:30,09:02:00,,7054,상행,2025-05-01T05:00:00,,주말
7호선,2712,도봉산,710,,20250619,7호선,3763,석남,761,N,7호선,7083,2723,면목,721,N,09:03:10,09:03:40,,7054,상행,2025-05-01T05:00:00,,주말
7호선,2712,도봉산,710,,20250619,7호선,3763,석남,761,N,7호선,7083,2722,상봉,720,N,09:04:50,09:05:20,,7054,상행,2025-05-01T05:00:00,,주말
7호선,2712,도봉산,710,,20250619,7호선,3763,석남,761,N,7호선,7083,2721,중화,719,N,09:07:10,09:07:40,,7054,상행,2025-05-01T05:00:00,,주말
7호선,2712,도봉산,710,,20250619,7호선,3763,석남,761,N,7호선,7083,2720,먹골,718,N,09:09:00,09:09:30,,7054,상행,2025-05-01T05:00:00,,주말
7호선,2712,도봉산,710,,20250619,7호선,3763,석남,761,N,7호선,7083,2719,태릉입구,717,N,09:10:40,09:11:10,,7054,상행,2025-05-01T05:00:00,,주말
7호선,2712,도봉산,710,,20250619,7호선,3763,석남,761,N,7호선,7083,2718,공릉,716,N,09:12:10,09:12:40,,7054,상행,2025-05-01T05:00:00,,주말
7호선,2712,도봉산,710,,20250619,7호선,3763,석남,761,N,7호선,7083,2717,하계,715,N,09:14:10,09:14:40,,7054,상행,2025-05-01T05:00:00,,주말
7호선,2712,도봉산,710,,20250619,7호선,3763,석남,761,N,7호선,7083,2716,중계,714,N,09:15:50,09:16:20,,7054,상행,2025-05-01T05:00:00,,주말
7호선,2712,도봉산,710,,20250619,7호선,3763,석남,761,N,7호선,7083,2715,노원,713,N,09:17:40,09:18:10,,7054,상행,2025-05-01T05:00:00,,주말
7호선,2712,도봉산,710,,20250619,7호선,3763,석남,761,N,7호선,7083,2714,마들,712,N,09:19:40,09:20:10,,7054,상행,2025-05-01T05:00:00,,주말
7호선,2712,도봉산,710,,20250619,7호선,3763,석남,761,N,7호선,7083,2713,수락산,711,N,09:22:10,09:22:40,,7054,상행,2025-05-01T05:00:00,,주말
7호선,2712,도봉산,710,,20250619,7호선,3763,석남,761,N,7호선,7083,2712,도봉산,710,N,09:25:00,,,7054,상행,2025-05-01T05:00:00,,주말
7호선,2711,장암,709,,20250619,7호선,2752,온수,750,N,7호선,7089,2752,온수,750,N,,08:09:30,,7056,상행,2025-05-01T05:00:00,,주말
7호선,2711,장암,709,,20250619,7호선,2752,온수,750,N,7호선,7089,2751,천왕,749,N,08:11:50,08:12:10,,7056,상행,2025-05-01T05:00:00,,주말
7호선,2711,장암,709,,20250619,7호선,2752,온수,750,N,7호선,7089,2750,광명사거리,748,N,08:14:10,08:14:40,,7056,상행,2025-05-01T05:00:00,,주말
7호선,2711,장암,709,,20250619,7호선,2752,온수,750,N,7호선,7089,2749,철산,747,N,08:16:30,08:17:00,,7056,상행,2025-05-01T05:00:00,,주말
7호선,2711,장암,709,,20250619,7호선,2752,온수,750,N,7호선,7089,2748,가산디지털단지,746,N,08:19:00,08:19:30,,7056,상행,2025-05-01T05:00:00,,주말
7호선,2711,장암,709,,20250619,7호선,2752,온수,750,N,7호선,7089,2747,남구로,745,N,08:20:50,08:21:20,,7056,상행,2025-05-01T05:00:00,,주말
7호선,2711,장암,709,,20250619,7호선,2752,온수,750,N,7호선,7089,2746,대림,744,N,08:22:50,08:23:20,,7056,상행,2025-05-01T05:00:00,,주말
7호선,2711,장암,709,,20250619,7호선,2752,온수,750,N,7호선,7089,2745,신풍,743,N,08:25:20,08:25:50,,7056,상행,2025-05-01T05:00:00,,주말
7호선,2711,장암,709,,20250619,7호선,2752,온수,750,N,7호선,7089,2744,보라매,742,N,08:27:10,08:27:40,,7056,상행,2025-05-01T05:00:00,,주말
7호선,2711,장암,709,,20250619,7호선,2752,온수,750,N,7호선,7089,2743,신대방삼거리,741,N,08:28:50,08:29:20,,7056,상행,2025-05-01T05:00:00,,주말
7호선,2711,장암,709,,20250619,7호선,2752,온수,750,N,7호선,7089,2742,장승배기,740,N,08:31:10,08:31:40,,7056,상행,2025-05-01T05:00:00,,주말
7호선,2711,장암,709,,20250619,7호선,2752,온수,750,N,7호선,7089,2741,상도,739,N,08:33:10,08:33:40,,7056,상행,2025-05-01T05:00:00,,주말
7호선,2711,장암,709,,20250619,7호선,2752,온수,750,N,7호선,7089,2740,숭실대입구,738,N,08:34:50,08:35:20,,7056,상행,2025-05-01T05:00:00,,주말
7호선,2711,장암,709,,20250619,7호선,2752,온수,750,N,7호선,7089,2739,남성,737,N,08:37:50,08:38:20,,7056,상행,2025-05-01T05:00:00,,주말
7호선,2711,장암,709,,20250619,7호선,2752,온수,750,N,7호선,7089,2738,이수,736,N,08:39:40,08:40:20,,7056,상행,2025-05-01T05:00:00,,주말
7호선,2711,장암,709,,20250619,7호선,2752,온수,750,N,7호선,7089,2737,내방,735,N,08:41:50,08:42:20,,7056,상행,2025-05-01T05:00:00,,주말
7호선,2711,장암,709,,20250619,7호선,2752,온수,750,N,7호선,7089,2736,고속터미널,734,N,08:44:50,08:45:30,,7056,상행,2025-05-01T05:00:00,,주말
7호선,2711,장암,709,,20250619,7호선,2752,온수,750,N,7호선,7089,2735,반포,733,N,08:47:00,08:47:20,,7056,상행,2025-05-01T05:00:00,,주말
7호선,2711,장암,709,,20250619,7호선,2752,온수,750,N,7호선,7089,2734,논현,732,N,08:48:30,08:49:00,,7056,상행,2025-05-01T05:00:00,,주말
7호선,2711,장암,709,,20250619,7호선,2752,온수,750,N,7호선,7089,2733,학동,731,N,08:50:20,08:50:50,,7056,상행,2025-05-01T05:00:00,,주말
7호선,2711,장암,709,,20250619,7호선,2752,온수,750,N,7호선,7089,2732,강남구청,730,N,08:52:00,08:52:30,,7056,상행,2025-05-01T05:00:00,,주말
7호선,2711,장암,709,,20250619,7호선,2752,온수,750,N,7호선,7089,2731,청담,729,N,08:54:00,08:54:30,,7056,상행,2025-05-01T05:00:00,,주말
7호선,2711,장암,709,,20250619,7호선,2752,온수,750,N,7호선,7089,2730,자양,728,N,08:57:00,08:57:20,,7056,상행,2025-05-01T05:00:00,,주말
7호선,2711,장암,709,,20250619,7호선,2752,온수,750,N,7호선,7089,2729,건대입구,727,N,08:58:50,08:59:30,,7056,상행,2025-05-01T05:00:00,,주말
7호선,2711,장암,709,,20250619,7호선,2752,온수,750,N,7호선,7089,2728,어린이대공원,726,N,09:00:50,09:01:20,,7056,상행,2025-05-01T05:00:00,,주말
7호선,2711,장암,709,,20250619,7호선,2752,온수,750,N,7호선,7089,2727,군자,725,N,09:02:40,09:03:20,,7056,상행,2025-05-01T05:00:00,,주말
7호선,2711,장암,709,,20250619,7호선,2752,온수,750,N,7호선,7089,2726,중곡,724,N,09:04:40,09:05:10,,7056,상행,2025-05-01T05:00:00,,주말
7호선,2711,장암,709,,20250619,7호선,2752,온수,750,N,7호선,7089,2725,용마산,723,N,09:06:30,09:06:50,,7056,상행,2025-05-01T05:00:00,,주말
7호선,2711,장암,709,,20250619,7호선,2752,온수,750,N,7호선,7089,2724,사가정,722,N,09:08:00,09:08:30,,7056,상행,2025-05-01T05:00:00,,주말
7호선,2711,장암,709,,20250619,7호선,2752,온수,750,N,7호선,7089,2723,면목,721,N,09:09:40,09:10:10,,7056,상행,2025-05-01T05:00:00,,주말
7호선,2711,장암,709,,20250619,7호선,2752,온수,750,N,7호선,7089,2722,상봉,720,N,09:11:20,09:11:50,,7056,상행,2025-05-01T05:00:00,,주말
7호선,2711,장암,709,,20250619,7호선,2752,온수,750,N,7호선,7089,2721,중화,719,N,09:13:40,09:14:10,,7056,상행,2025-05-01T05:00:00,,주말
7호선,2711,장암,709,,20250619,7호선,2752,온수,750,N,7호선,7089,2720,먹골,718,N,09:15:30,09:16:00,,7056,상행,2025-05-01T05:00:00,,주말
7호선,2711,장암,709,,20250619,7호선,2752,온수,750,N,7호선,7089,2719,태릉입구,717,N,09:17:10,09:17:40,,7056,상행,2025-05-01T05:00:00,,주말
7호선,2711,장암,709,,20250619,7호선,2752,온수,750,N,7호선,7089,2718,공릉,716,N,09:18:40,09:19:10,,7056,상행,2025-05-01T05:00:00,,주말
7호선,2711,장암,709,,20250619,7호선,2752,온수,750,N,7호선,7089,2717,하계,715,N,09:20:40,09:21:10,,7056,상행,2025-05-01T05:00:00,,주말
7호선,2711,장암,709,,20250619,7호선,2752,온수,750,N,7호선,7089,2716,중계,714,N,09:22:20,09:22:50,,7056,상행,2025-05-01T05:00:00,,주말
7호선,2711,장암,709,,20250619,7호선,2752,온수,750,N,7호선,7089,2715,노원,713,N,09:24:10,09:24:40,,7056,상행,2025-05-01T05:00:00,,주말
7호선,2711,장암,709,,20250619,7호선,2752,온수,750,N,7호선,7089,2714,마들,712,N,09:26:10,09:26:40,,7056,상행,2025-05-01T05:00:00,,주말
7호선,2711,장암,709,,20250619,7호선,2752,온수,750,N,7호선,7089,2713,수락산,711,N,09:28:40,09:29:10,,7056,상행,2025-05-01T05:00:00,,주말
7호선,2711,장암,709,,20250619,7호선,2752,온수,750,N,7호선,7089,2712,도봉산,710,N,09:31:30,09:32:00,,7056,상행,2025-05-01T05:00:00,,주말
7호선,2711,장암,709,,20250619,7호선,2752,온수,750,N,7호선,7089,2711,장암,709,N,09:36:30,,,7056,상행,2025-05-01T05:00:00,,주말
7호선,2712,도봉산,710,,20250619,7호선,3763,석남,761,N,7호선,7087,3763,석남,761,N,,07:52:30,,7058,상행,2025-05-01T05:00:00,,주말
7호선,2712,도봉산,710,,20250619,7호선,3763,석남,761,N,7호선,7087,3762,산곡,760,N,07:55:30,07:56:00,,7058,상행,2025-05-01T05:00:00,,주말
7호선,2712,도봉산,710,,20250619,7호선,3763,석남,761,N,7호선,7087,3761,부평구청,759,N,07:58:00,07:58:30,,7058,상행,2025-05-01T05:00:00,,주말
7호선,2712,도봉산,710,,20250619,7호선,3763,석남,761,N,7호선,7087,3760,굴포천,758,N,07:59:50,08:00:20,,7058,상행,2025-05-01T05:00:00,,주말
7호선,2712,도봉산,710,,20250619,7호선,3763,석남,761,N,7호선,7087,3759,삼산체육관,757,N,08:01:30,08:02:00,,7058,상행,2025-05-01T05:00:00,,주말
7호선,2712,도봉산,710,,20250619,7호선,3763,석남,761,N,7호선,7087,3758,상동,756,N,08:03:20,08:03:50,,7058,상행,2025-05-01T05:00:00,,주말
7호선,2712,도봉산,710,,20250619,7호선,3763,석남,761,N,7호선,7087,3757,부천시청,755,N,08:05:00,08:05:30,,7058,상행,2025-05-01T05:00:00,,주말
7호선,2712,도봉산,710,,20250619,7호선,3763,석남,761,N,7호선,7087,3756,신중동,754,N,08:06:50,08:07:20,,7058,상행,2025-05-01T05:00:00,,주말
7호선,2712,도봉산,710,,20250619,7호선,3763,석남,761,N,7호선,7087,3755,춘의,753,N,08:08:40,08:09:10,,7058,상행,2025-05-01T05:00:00,,주말
7호선,2712,도봉산,710,,20250619,7호선,3763,석남,761,N,7호선,7087,3754,부천종합운동장,752,N,08:10:30,08:11:00,,7058,상행,2025-05-01T05:00:00,,주말
7호선,2712,도봉산,710,,20250619,7호선,3763,석남,761,N,7호선,7087,3753,까치울,751,N,08:12:30,08:13:00,,7058,상행,2025-05-01T05:00:00,,주말
7호선,2712,도봉산,710,,20250619,7호선,3763,석남,761,N,7호선,7087,2752,온수,750,N,08:15:30,08:16:00,,7058,상행,2025-05-01T05:00:00,,주말
7호선,2712,도봉산,710,,20250619,7호선,3763,석남,761,N,7호선,7087,2751,천왕,749,N,08:18:20,08:18:40,,7058,상행,2025-05-01T05:00:00,,주말
7호선,2712,도봉산,710,,20250619,7호선,3763,석남,761,N,7호선,7087,2750,광명사거리,748,N,08:20:40,08:21:10,,7058,상행,2025-05-01T05:00:00,,주말
7호선,2712,도봉산,710,,20250619,7호선,3763,석남,761,N,7호선,7087,2749,철산,747,N,08:23:00,08:23:30,,7058,상행,2025-05-01T05:00:00,,주말
7호선,2712,도봉산,710,,20250619,7호선,3763,석남,761,N,7호선,7087,2748,가산디지털단지,746,N,08:25:30,08:26:00,,7058,상행,2025-05-01T05:00:00,,주말
7호선,2712,도봉산,710,,20250619,7호선,3763,석남,761,N,7호선,7087,2747,남구로,745,N,08:27:20,08:27:50,,7058,상행,2025-05-01T05:00:00,,주말
7호선,2712,도봉산,710,,20250619,7호선,3763,석남,761,N,7호선,7087,2746,대림,744,N,08:29:20,08:29:50,,7058,상행,2025-05-01T05:00:00,,주말
7호선,2712,도봉산,710,,20250619,7호선,3763,석남,761,N,7호선,7087,2745,신풍,743,N,08:31:50,08:32:20,,7058,상행,2025-05-01T05:00:00,,주말
7호선,2712,도봉산,710,,20250619,7호선,3763,석남,761,N,7호선,7087,2744,보라매,742,N,08:33:40,08:34:10,,7058,상행,2025-05-01T05:00:00,,주말
7호선,2712,도봉산,710,,20250619,7호선,3763,석남,761,N,7호선,7087,2743,신대방삼거리,741,N,08:35:20,08:35:50,,7058,상행,2025-05-01T05:00:00,,주말
7호선,2712,도봉산,710,,20250619,7호선,3763,석남,761,N,7호선,7087,2742,장승배기,740,N,08:37:40,08:38:10,,7058,상행,2025-05-01T05:00:00,,주말
7호선,2712,도봉산,710,,20250619,7호선,3763,석남,761,N,7호선,7087,2741,상도,739,N,08:39:40,08:40:10,,7058,상행,2025-05-01T05:00:00,,주말
7호선,2712,도봉산,710,,20250619,7호선,3763,석남,761,N,7호선,7087,2740,숭실대입구,738,N,08:41:20,08:41:50,,7058,상행,2025-05-01T05:00:00,,주말
7호선,2712,도봉산,710,,20250619,7호선,3763,석남,761,N,7호선,7087,2739,남성,737,N,08:44:20,08:44:50,,7058,상행,2025-05-01T05:00:00,,주말
7호선,2712,도봉산,710,,20250619,7호선,3763,석남,761,N,7호선,7087,2738,이수,736,N,08:46:10,08:46:50,,7058,상행,2025-05-01T05:00:00,,주말
7호선,2712,도봉산,710,,20250619,7호선,3763,석남,761,N,7호선,7087,2737,내방,735,N,08:48:20,08:48:50,,7058,상행,2025-05-01T05:00:00,,주말
7호선,2712,도봉산,710,,20250619,7호선,3763,석남,761,N,7호선,7087,2736,고속터미널,734,N,08:51:20,08:52:00,,7058,상행,2025-05-01T05:00:00,,주말
7호선,2712,도봉산,710,,20250619,7호선,3763,석남,761,N,7호선,7087,2735,반포,733,N,08:53:30,08:53:50,,7058,상행,2025-05-01T05:00:00,,주말
7호선,2712,도봉산,710,,20250619,7호선,3763,석남,761,N,7호선,7087,2734,논현,732,N,08:55:00,08:55:30,,7058,상행,2025-05-01T05:00:00,,주말
7호선,2712,도봉산,710,,20250619,7호선,3763,석남,761,N,7호선,7087,2733,학동,731,N,08:56:50,08:57:20,,7058,상행,2025-05-01T05:00:00,,주말
7호선,2712,도봉산,710,,20250619,7호선,3763,석남,761,N,7호선,7087,2732,강남구청,730,N,08:58:30,08:59:00,,7058,상행,2025-05-01T05:00:00,,주말
7호선,2712,도봉산,710,,20250619,7호선,3763,석남,761,N,7호선,7087,2731,청담,729,N,09:00:30,09:01:00,,7058,상행,2025-05-01T05:00:00,,주말
7호선,2712,도봉산,710,,20250619,7호선,3763,석남,761,N,7호선,7087,2730,자양,728,N,09:03:30,09:03:50,,7058,상행,2025-05-01T05:00:00,,주말
7호선,2712,도봉산,710,,20250619,7호선,3763,석남,761,N,7호선,7087,2729,건대입구,727,N,09:05:20,09:06:00,,7058,상행,2025-05-01T05:00:00,,주말
7호선,2712,도봉산,710,,20250619,7호선,3763,석남,761,N,7호선,7087,2728,어린이대공원,726,N,09:07:20,09:07:50,,7058,상행,2025-05-01T05:00:00,,주말
7호선,2712,도봉산,710,,20250619,7호선,3763,석남,761,N,7호선,7087,2727,군자,725,N,09:09:10,09:09:50,,7058,상행,2025-05-01T05:00:00,,주말
7호선,2712,도봉산,710,,20250619,7호선,3763,석남,761,N,7호선,7087,2726,중곡,724,N,09:11:10,09:11:40,,7058,상행,2025-05-01T05:00:00,,주말
7호선,2712,도봉산,710,,20250619,7호선,3763,석남,761,N,7호선,7087,2725,용마산,723,N,09:13:00,09:13:20,,7058,상행,2025-05-01T05:00:00,,주말
7호선,2712,도봉산,710,,20250619,7호선,3763,석남,761,N,7호선,7087,2724,사가정,722,N,09:14:30,09:15:00,,7058,상행,2025-05-01T05:00:00,,주말
7호선,2712,도봉산,710,,20250619,7호선,3763,석남,761,N,7호선,7087,2723,면목,721,N,09:16:10,09:16:40,,7058,상행,2025-05-01T05:00:00,,주말
7호선,2712,도봉산,710,,20250619,7호선,3763,석남,761,N,7호선,7087,2722,상봉,720,N,09:17:50,09:18:20,,7058,상행,2025-05-01T05:00:00,,주말
7호선,2712,도봉산,710,,20250619,7호선,3763,석남,761,N,7호선,7087,2721,중화,719,N,09:20:10,09:20:40,,7058,상행,2025-05-01T05:00:00,,주말
7호선,2712,도봉산,710,,20250619,7호선,3763,석남,761,N,7호선,7087,2720,먹골,718,N,09:22:00,09:22:30,,7058,상행,2025-05-01T05:00:00,,주말
7호선,2712,도봉산,710,,20250619,7호선,3763,석남,761,N,7호선,7087,2719,태릉입구,717,N,09:23:40,09:24:10,,7058,상행,2025-05-01T05:00:00,,주말
7호선,2712,도봉산,710,,20250619,7호선,3763,석남,761,N,7호선,7087,2718,공릉,716,N,09:25:10,09:25:40,,7058,상행,2025-05-01T05:00:00,,주말
7호선,2712,도봉산,710,,20250619,7호선,3763,석남,761,N,7호선,7087,2717,하계,715,N,09:27:10,09:27:40,,7058,상행,2025-05-01T05:00:00,,주말
7호선,2712,도봉산,710,,20250619,7호선,3763,석남,761,N,7호선,7087,2716,중계,714,N,09:28:50,09:29:20,,7058,상행,2025-05-01T05:00:00,,주말
7호선,2712,도봉산,710,,20250619,7호선,3763,석남,761,N,7호선,7087,2715,노원,713,N,09:30:40,09:31:10,,7058,상행,2025-05-01T05:00:00,,주말
7호선,2712,도봉산,710,,20250619,7호선,3763,석남,761,N,7호선,7087,2714,마들,712,N,09:32:40,09:33:10,,7058,상행,2025-05-01T05:00:00,,주말
7호선,2712,도봉산,710,,20250619,7호선,3763,석남,761,N,7호선,7087,2713,수락산,711,N,09:35:10,09:35:40,,7058,상행,2025-05-01T05:00:00,,주말
7호선,2712,도봉산,710,,20250619,7호선,3763,석남,761,N,7호선,7087,2712,도봉산,710,N,09:38:00,,,7058,상행,2025-05-01T05:00:00,,주말
7호선,2711,장암,709,,20250619,7호선,2752,온수,750,N,7호선,7093,2752,온수,750,N,,08:22:30,,7060,상행,2025-05-01T05:00:00,,주말
7호선,2711,장암,709,,20250619,7호선,2752,온수,750,N,7호선,7093,2751,천왕,749,N,08:24:50,08:25:10,,7060,상행,2025-05-01T05:00:00,,주말
7호선,2711,장암,709,,20250619,7호선,2752,온수,750,N,7호선,7093,2750,광명사거리,748,N,08:27:10,08:27:40,,7060,상행,2025-05-01T05:00:00,,주말
7호선,2711,장암,709,,20250619,7호선,2752,온수,750,N,7호선,7093,2749,철산,747,N,08:29:30,08:30:00,,7060,상행,2025-05-01T05:00:00,,주말
7호선,2711,장암,709,,20250619,7호선,2752,온수,750,N,7호선,7093,2748,가산디지털단지,746,N,08:32:00,08:32:30,,7060,상행,2025-05-01T05:00:00,,주말
7호선,2711,장암,709,,20250619,7호선,2752,온수,750,N,7호선,7093,2747,남구로,745,N,08:33:50,08:34:20,,7060,상행,2025-05-01T05:00:00,,주말
7호선,2711,장암,709,,20250619,7호선,2752,온수,750,N,7호선,7093,2746,대림,744,N,08:35:50,08:36:20,,7060,상행,2025-05-01T05:00:00,,주말
7호선,2711,장암,709,,20250619,7호선,2752,온수,750,N,7호선,7093,2745,신풍,743,N,08:38:20,08:38:50,,7060,상행,2025-05-01T05:00:00,,주말
7호선,2711,장암,709,,20250619,7호선,2752,온수,750,N,7호선,7093,2744,보라매,742,N,08:40:10,08:40:40,,7060,상행,2025-05-01T05:00:00,,주말
7호선,2711,장암,709,,20250619,7호선,2752,온수,750,N,7호선,7093,2743,신대방삼거리,741,N,08:41:50,08:42:20,,7060,상행,2025-05-01T05:00:00,,주말
7호선,2711,장암,709,,20250619,7호선,2752,온수,750,N,7호선,7093,2742,장승배기,740,N,08:44:10,08:44:40,,7060,상행,2025-05-01T05:00:00,,주말
7호선,2711,장암,709,,20250619,7호선,2752,온수,750,N,7호선,7093,2741,상도,739,N,08:46:10,08:46:40,,7060,상행,2025-05-01T05:00:00,,주말
7호선,2711,장암,709,,20250619,7호선,2752,온수,750,N,7호선,7093,2740,숭실대입구,738,N,08:47:50,08:48:20,,7060,상행,2025-05-01T05:00:00,,주말
7호선,2711,장암,709,,20250619,7호선,2752,온수,750,N,7호선,7093,2739,남성,737,N,08:50:50,08:51:20,,7060,상행,2025-05-01T05:00:00,,주말
7호선,2711,장암,709,,20250619,7호선,2752,온수,750,N,7호선,7093,2738,이수,736,N,08:52:40,08:53:20,,7060,상행,2025-05-01T05:00:00,,주말
7호선,2711,장암,709,,20250619,7호선,2752,온수,750,N,7호선,7093,2737,내방,735,N,08:54:50,08:55:20,,7060,상행,2025-05-01T05:00:00,,주말
7호선,2711,장암,709,,20250619,7호선,2752,온수,750,N,7호선,7093,2736,고속터미널,734,N,08:57:50,08:58:30,,7060,상행,2025-05-01T05:00:00,,주말
7호선,2711,장암,709,,20250619,7호선,2752,온수,750,N,7호선,7093,2735,반포,733,N,09:00:00,09:00:20,,7060,상행,2025-05-01T05:00:00,,주말
7호선,2711,장암,709,,20250619,7호선,2752,온수,750,N,7호선,7093,2734,논현,732,N,09:01:30,09:02:00,,7060,상행,2025-05-01T05:00:00,,주말
7호선,2711,장암,709,,20250619,7호선,2752,온수,750,N,7호선,7093,2733,학동,731,N,09:03:20,09:03:50,,7060,상행,2025-05-01T05:00:00,,주말
7호선,2711,장암,709,,20250619,7호선,2752,온수,750,N,7호선,7093,2732,강남구청,730,N,09:05:00,09:05:30,,7060,상행,2025-05-01T05:00:00,,주말
7호선,2711,장암,709,,20250619,7호선,2752,온수,750,N,7호선,7093,2731,청담,729,N,09:07:00,09:07:30,,7060,상행,2025-05-01T05:00:00,,주말
7호선,2711,장암,709,,20250619,7호선,2752,온수,750,N,7호선,7093,2730,자양,728,N,09:10:00,09:10:20,,7060,상행,2025-05-01T05:00:00,,주말
7호선,2711,장암,709,,20250619,7호선,2752,온수,750,N,7호선,7093,2729,건대입구,727,N,09:11:50,09:12:30,,7060,상행,2025-05-01T05:00:00,,주말
7호선,2711,장암,709,,20250619,7호선,2752,온수,750,N,7호선,7093,2728,어린이대공원,726,N,09:13:50,09:14:20,,7060,상행,2025-05-01T05:00:00,,주말
7호선,2711,장암,709,,20250619,7호선,2752,온수,750,N,7호선,7093,2727,군자,725,N,09:15:40,09:16:20,,7060,상행,2025-05-01T05:00:00,,주말
7호선,2711,장암,709,,20250619,7호선,2752,온수,750,N,7호선,7093,2726,중곡,724,N,09:17:40,09:18:10,,7060,상행,2025-05-01T05:00:00,,주말
7호선,2711,장암,709,,20250619,7호선,2752,온수,750,N,7호선,7093,2725,용마산,723,N,09:19:30,09:19:50,,7060,상행,2025-05-01T05:00:00,,주말
7호선,2711,장암,709,,20250619,7호선,2752,온수,750,N,7호선,7093,2724,사가정,722,N,09:21:00,09:21:30,,7060,상행,2025-05-01T05:00:00,,주말
7호선,2711,장암,709,,20250619,7호선,2752,온수,750,N,7호선,7093,2723,면목,721,N,09:22:40,09:23:10,,7060,상행,2025-05-01T05:00:00,,주말
7호선,2711,장암,709,,20250619,7호선,2752,온수,750,N,7호선,7093,2722,상봉,720,N,09:24:20,09:24:50,,7060,상행,2025-05-01T05:00:00,,주말
7호선,2711,장암,709,,20250619,7호선,2752,온수,750,N,7호선,7093,2721,중화,719,N,09:26:40,09:27:10,,7060,상행,2025-05-01T05:00:00,,주말
7호선,2711,장암,709,,20250619,7호선,2752,온수,750,N,7호선,7093,2720,먹골,718,N,09:28:30,09:29:00,,7060,상행,2025-05-01T05:00:00,,주말
7호선,2711,장암,709,,20250619,7호선,2752,온수,750,N,7호선,7093,2719,태릉입구,717,N,09:30:10,09:30:40,,7060,상행,2025-05-01T05:00:00,,주말
7호선,2711,장암,709,,20250619,7호선,2752,온수,750,N,7호선,7093,2718,공릉,716,N,09:31:40,09:32:10,,7060,상행,2025-05-01T05:00:00,,주말
7호선,2711,장암,709,,20250619,7호선,2752,온수,750,N,7호선,7093,2717,하계,715,N,09:33:40,09:34:10,,7060,상행,2025-05-01T05:00:00,,주말
7호선,2711,장암,709,,20250619,7호선,2752,온수,750,N,7호선,7093,2716,중계,714,N,09:35:20,09:35:50,,7060,상행,2025-05-01T05:00:00,,주말
7호선,2711,장암,709,,20250619,7호선,2752,온수,750,N,7호선,7093,2715,노원,713,N,09:37:10,09:37:40,,7060,상행,2025-05-01T05:00:00,,주말
7호선,2711,장암,709,,20250619,7호선,2752,온수,750,N,7호선,7093,2714,마들,712,N,09:39:10,09:39:40,,7060,상행,2025-05-01T05:00:00,,주말
7호선,2711,장암,709,,20250619,7호선,2752,온수,750,N,7호선,7093,2713,수락산,711,N,09:41:40,09:42:10,,7060,상행,2025-05-01T05:00:00,,주말
7호선,2711,장암,709,,20250619,7호선,2752,온수,750,N,7호선,7093,2712,도봉산,710,N,09:44:30,09:45:00,,7060,상행,2025-05-01T05:00:00,,주말
7호선,2711,장암,709,,20250619,7호선,2752,온수,750,N,7호선,7093,2711,장암,709,N,09:49:30,,,7060,상행,2025-05-01T05:00:00,,주말
7호선,2712,도봉산,710,,20250619,7호선,3763,석남,761,N,7호선,7091,3763,석남,761,N,,08:05:30,,7062,상행,2025-05-01T05:00:00,,주말
7호선,2712,도봉산,710,,20250619,7호선,3763,석남,761,N,7호선,7091,3762,산곡,760,N,08:08:30,08:09:00,,7062,상행,2025-05-01T05:00:00,,주말
7호선,2712,도봉산,710,,20250619,7호선,3763,석남,761,N,7호선,7091,3761,부평구청,759,N,08:11:00,08:11:30,,7062,상행,2025-05-01T05:00:00,,주말
7호선,2712,도봉산,710,,20250619,7호선,3763,석남,761,N,7호선,7091,3760,굴포천,758,N,08:12:50,08:13:20,,7062,상행,2025-05-01T05:00:00,,주말
7호선,2712,도봉산,710,,20250619,7호선,3763,석남,761,N,7호선,7091,3759,삼산체육관,757,N,08:14:30,08:15:00,,7062,상행,2025-05-01T05:00:00,,주말
7호선,2712,도봉산,710,,20250619,7호선,3763,석남,761,N,7호선,7091,3758,상동,756,N,08:16:20,08:16:50,,7062,상행,2025-05-01T05:00:00,,주말
7호선,2712,도봉산,710,,20250619,7호선,3763,석남,761,N,7호선,7091,3757,부천시청,755,N,08:18:00,08:18:30,,7062,상행,2025-05-01T05:00:00,,주말
7호선,2712,도봉산,710,,20250619,7호선,3763,석남,761,N,7호선,7091,3756,신중동,754,N,08:19:50,08:20:20,,7062,상행,2025-05-01T05:00:00,,주말
7호선,2712,도봉산,710,,20250619,7호선,3763,석남,761,N,7호선,7091,3755,춘의,753,N,08:21:40,08:22:10,,7062,상행,2025-05-01T05:00:00,,주말
7호선,2712,도봉산,710,,20250619,7호선,3763,석남,761,N,7호선,7091,3754,부천종합운동장,752,N,08:23:30,08:24:00,,7062,상행,2025-05-01T05:00:00,,주말
7호선,2712,도봉산,710,,20250619,7호선,3763,석남,761,N,7호선,7091,3753,까치울,751,N,08:25:30,08:26:00,,7062,상행,2025-05-01T05:00:00,,주말
7호선,2712,도봉산,710,,20250619,7호선,3763,석남,761,N,7호선,7091,2752,온수,750,N,08:28:30,08:29:00,,7062,상행,2025-05-01T05:00:00,,주말
7호선,2712,도봉산,710,,20250619,7호선,3763,석남,761,N,7호선,7091,2751,천왕,749,N,08:31:20,08:31:40,,7062,상행,2025-05-01T05:00:00,,주말
7호선,2712,도봉산,710,,20250619,7호선,3763,석남,761,N,7호선,7091,2750,광명사거리,748,N,08:33:40,08:34:10,,7062,상행,2025-05-01T05:00:00,,주말
7호선,2712,도봉산,710,,20250619,7호선,3763,석남,761,N,7호선,7091,2749,철산,747,N,08:36:00,08:36:30,,7062,상행,2025-05-01T05:00:00,,주말
7호선,2712,도봉산,710,,20250619,7호선,3763,석남,761,N,7호선,7091,2748,가산디지털단지,746,N,08:38:30,08:39:00,,7062,상행,2025-05-01T05:00:00,,주말
7호선,2712,도봉산,710,,20250619,7호선,3763,석남,761,N,7호선,7091,2747,남구로,745,N,08:40:20,08:40:50,,7062,상행,2025-05-01T05:00:00,,주말
7호선,2712,도봉산,710,,20250619,7호선,3763,석남,761,N,7호선,7091,2746,대림,744,N,08:42:20,08:42:50,,7062,상행,2025-05-01T05:00:00,,주말
7호선,2712,도봉산,710,,20250619,7호선,3763,석남,761,N,7호선,7091,2745,신풍,743,N,08:44:50,08:45:20,,7062,상행,2025-05-01T05:00:00,,주말
7호선,2712,도봉산,710,,20250619,7호선,3763,석남,761,N,7호선,7091,2744,보라매,742,N,08:46:40,08:47:10,,7062,상행,2025-05-01T05:00:00,,주말
7호선,2712,도봉산,710,,20250619,7호선,3763,석남,761,N,7호선,7091,2743,신대방삼거리,741,N,08:48:20,08:48:50,,7062,상행,2025-05-01T05:00:00,,주말
7호선,2712,도봉산,710,,20250619,7호선,3763,석남,761,N,7호선,7091,2742,장승배기,740,N,08:50:40,08:51:10,,7062,상행,2025-05-01T05:00:00,,주말
7호선,2712,도봉산,710,,20250619,7호선,3763,석남,761,N,7호선,7091,2741,상도,739,N,08:52:40,08:53:10,,7062,상행,2025-05-01T05:00:00,,주말
7호선,2712,도봉산,710,,20250619,7호선,3763,석남,761,N,7호선,7091,2740,숭실대입구,738,N,08:54:20,08:54:50,,7062,상행,2025-05-01T05:00:00,,주말
7호선,2712,도봉산,710,,20250619,7호선,3763,석남,761,N,7호선,7091,2739,남성,737,N,08:57:20,08:57:50,,7062,상행,2025-05-01T05:00:00,,주말
7호선,2712,도봉산,710,,20250619,7호선,3763,석남,761,N,7호선,7091,2738,이수,736,N,08:59:10,08:59:50,,7062,상행,2025-05-01T05:00:00,,주말
7호선,2712,도봉산,710,,20250619,7호선,3763,석남,761,N,7호선,7091,2737,내방,735,N,09:01:20,09:01:50,,7062,상행,2025-05-01T05:00:00,,주말
7호선,2712,도봉산,710,,20250619,7호선,3763,석남,761,N,7호선,7091,2736,고속터미널,734,N,09:04:20,09:05:00,,7062,상행,2025-05-01T05:00:00,,주말
7호선,2712,도봉산,710,,20250619,7호선,3763,석남,761,N,7호선,7091,2735,반포,733,N,09:06:30,09:06:50,,7062,상행,2025-05-01T05:00:00,,주말
7호선,2712,도봉산,710,,20250619,7호선,3763,석남,761,N,7호선,7091,2734,논현,732,N,09:08:00,09:08:30,,7062,상행,2025-05-01T05:00:00,,주말
7호선,2712,도봉산,710,,20250619,7호선,3763,석남,761,N,7호선,7091,2733,학동,731,N,09:09:50,09:10:20,,7062,상행,2025-05-01T05:00:00,,주말
7호선,2712,도봉산,710,,20250619,7호선,3763,석남,761,N,7호선,7091,2732,강남구청,730,N,09:11:30,09:12:00,,7062,상행,2025-05-01T05:00:00,,주말
7호선,2712,도봉산,710,,20250619,7호선,3763,석남,761,N,7호선,7091,2731,청담,729,N,09:13:30,09:14:00,,7062,상행,2025-05-01T05:00:00,,주말
7호선,2712,도봉산,710,,20250619,7호선,3763,석남,761,N,7호선,7091,2730,자양,728,N,09:16:30,09:16:50,,7062,상행,2025-05-01T05:00:00,,주말
7호선,2712,도봉산,710,,20250619,7호선,3763,석남,761,N,7호선,7091,2729,건대입구,727,N,09:18:20,09:19:00,,7062,상행,2025-05-01T05:00:00,,주말
7호선,2712,도봉산,710,,20250619,7호선,3763,석남,761,N,7호선,7091,2728,어린이대공원,726,N,09:20:20,09:20:50,,7062,상행,2025-05-01T05:00:00,,주말
7호선,2712,도봉산,710,,20250619,7호선,3763,석남,761,N,7호선,7091,2727,군자,725,N,09:22:10,09:22:50,,7062,상행,2025-05-01T05:00:00,,주말
7호선,2712,도봉산,710,,20250619,7호선,3763,석남,761,N,7호선,7091,2726,중곡,724,N,09:24:10,09:24:40,,7062,상행,2025-05-01T05:00:00,,주말
7호선,2712,도봉산,710,,20250619,7호선,3763,석남,761,N,7호선,7091,2725,용마산,723,N,09:26:00,09:26:20,,7062,상행,2025-05-01T05:00:00,,주말
7호선,2712,도봉산,710,,20250619,7호선,3763,석남,761,N,7호선,7091,2724,사가정,722,N,09:27:30,09:28:00,,7062,상행,2025-05-01T05:00:00,,주말
7호선,2712,도봉산,710,,20250619,7호선,3763,석남,761,N,7호선,7091,2723,면목,721,N,09:29:10,09:29:40,,7062,상행,2025-05-01T05:00:00,,주말
7호선,2712,도봉산,710,,20250619,7호선,3763,석남,761,N,7호선,7091,2722,상봉,720,N,09:30:50,09:31:20,,7062,상행,2025-05-01T05:00:00,,주말
7호선,2712,도봉산,710,,20250619,7호선,3763,석남,761,N,7호선,7091,2721,중화,719,N,09:33:10,09:33:40,,7062,상행,2025-05-01T05:00:00,,주말
7호선,2712,도봉산,710,,20250619,7호선,3763,석남,761,N,7호선,7091,2720,먹골,718,N,09:35:00,09:35:30,,7062,상행,2025-05-01T05:00:00,,주말
7호선,2712,도봉산,710,,20250619,7호선,3763,석남,761,N,7호선,7091,2719,태릉입구,717,N,09:36:40,09:37:10,,7062,상행,2025-05-01T05:00:00,,주말
7호선,2712,도봉산,710,,20250619,7호선,3763,석남,761,N,7호선,7091,2718,공릉,716,N,09:38:10,09:38:40,,7062,상행,2025-05-01T05:00:00,,주말
7호선,2712,도봉산,710,,20250619,7호선,3763,석남,761,N,7호선,7091,2717,하계,715,N,09:40:10,09:40:40,,7062,상행,2025-05-01T05:00:00,,주말
7호선,2712,도봉산,710,,20250619,7호선,3763,석남,761,N,7호선,7091,2716,중계,714,N,09:41:50,09:42:20,,7062,상행,2025-05-01T05:00:00,,주말
7호선,2712,도봉산,710,,20250619,7호선,3763,석남,761,N,7호선,7091,2715,노원,713,N,09:43:40,09:44:10,,7062,상행,2025-05-01T05:00:00,,주말
7호선,2712,도봉산,710,,20250619,7호선,3763,석남,761,N,7호선,7091,2714,마들,712,N,09:45:40,09:46:10,,7062,상행,2025-05-01T05:00:00,,주말
7호선,2712,도봉산,710,,20250619,7호선,3763,석남,761,N,7호선,7091,2713,수락산,711,N,09:48:10,09:48:40,,7062,상행,2025-05-01T05:00:00,,주말
7호선,2712,도봉산,710,,20250619,7호선,3763,석남,761,N,7호선,7091,2712,도봉산,710,N,09:51:00,,,7062,상행,2025-05-01T05:00:00,,주말
7호선,2711,장암,709,,20250619,7호선,2752,온수,750,N,7호선,7097,2752,온수,750,N,,08:35:30,,7064,상행,2025-05-01T05:00:00,,주말
7호선,2711,장암,709,,20250619,7호선,2752,온수,750,N,7호선,7097,2751,천왕,749,N,08:37:50,08:38:10,,7064,상행,2025-05-01T05:00:00,,주말
7호선,2711,장암,709,,20250619,7호선,2752,온수,750,N,7호선,7097,2750,광명사거리,748,N,08:40:10,08:40:40,,7064,상행,2025-05-01T05:00:00,,주말
7호선,2711,장암,709,,20250619,7호선,2752,온수,750,N,7호선,7097,2749,철산,747,N,08:42:30,08:43:00,,7064,상행,2025-05-01T05:00:00,,주말
7호선,2711,장암,709,,20250619,7호선,2752,온수,750,N,7호선,7097,2748,가산디지털단지,746,N,08:45:00,08:45:30,,7064,상행,2025-05-01T05:00:00,,주말
7호선,2711,장암,709,,20250619,7호선,2752,온수,750,N,7호선,7097,2747,남구로,745,N,08:46:50,08:47:20,,7064,상행,2025-05-01T05:00:00,,주말
7호선,2711,장암,709,,20250619,7호선,2752,온수,750,N,7호선,7097,2746,대림,744,N,08:48:50,08:49:20,,7064,상행,2025-05-01T05:00:00,,주말
7호선,2711,장암,709,,20250619,7호선,2752,온수,750,N,7호선,7097,2745,신풍,743,N,08:51:20,08:51:50,,7064,상행,2025-05-01T05:00:00,,주말
7호선,2711,장암,709,,20250619,7호선,2752,온수,750,N,7호선,7097,2744,보라매,742,N,08:53:10,08:53:40,,7064,상행,2025-05-01T05:00:00,,주말
7호선,2711,장암,709,,20250619,7호선,2752,온수,750,N,7호선,7097,2743,신대방삼거리,741,N,08:54:50,08:55:20,,7064,상행,2025-05-01T05:00:00,,주말
7호선,2711,장암,709,,20250619,7호선,2752,온수,750,N,7호선,7097,2742,장승배기,740,N,08:57:10,08:57:40,,7064,상행,2025-05-01T05:00:00,,주말
7호선,2711,장암,709,,20250619,7호선,2752,온수,750,N,7호선,7097,2741,상도,739,N,08:59:10,08:59:40,,7064,상행,2025-05-01T05:00:00,,주말
7호선,2711,장암,709,,20250619,7호선,2752,온수,750,N,7호선,7097,2740,숭실대입구,738,N,09:00:50,09:01:20,,7064,상행,2025-05-01T05:00:00,,주말
7호선,2711,장암,709,,20250619,7호선,2752,온수,750,N,7호선,7097,2739,남성,737,N,09:03:50,09:04:20,,7064,상행,2025-05-01T05:00:00,,주말
7호선,2711,장암,709,,20250619,7호선,2752,온수,750,N,7호선,7097,2738,이수,736,N,09:05:40,09:06:20,,7064,상행,2025-05-01T05:00:00,,주말
7호선,2711,장암,709,,20250619,7호선,2752,온수,750,N,7호선,7097,2737,내방,735,N,09:07:50,09:08:20,,7064,상행,2025-05-01T05:00:00,,주말
7호선,2711,장암,709,,20250619,7호선,2752,온수,750,N,7호선,7097,2736,고속터미널,734,N,09:10:50,09:11:30,,7064,상행,2025-05-01T05:00:00,,주말
7호선,2711,장암,709,,20250619,7호선,2752,온수,750,N,7호선,7097,2735,반포,733,N,09:13:00,09:13:20,,7064,상행,2025-05-01T05:00:00,,주말
7호선,2711,장암,709,,20250619,7호선,2752,온수,750,N,7호선,7097,2734,논현,732,N,09:14:30,09:15:00,,7064,상행,2025-05-01T05:00:00,,주말
7호선,2711,장암,709,,20250619,7호선,2752,온수,750,N,7호선,7097,2733,학동,731,N,09:16:20,09:16:50,,7064,상행,2025-05-01T05:00:00,,주말
7호선,2711,장암,709,,20250619,7호선,2752,온수,750,N,7호선,7097,2732,강남구청,730,N,09:18:00,09:18:30,,7064,상행,2025-05-01T05:00:00,,주말
7호선,2711,장암,709,,20250619,7호선,2752,온수,750,N,7호선,7097,2731,청담,729,N,09:20:00,09:20:30,,7064,상행,2025-05-01T05:00:00,,주말
7호선,2711,장암,709,,20250619,7호선,2752,온수,750,N,7호선,7097,2730,자양,728,N,09:23:00,09:23:20,,7064,상행,2025-05-01T05:00:00,,주말
7호선,2711,장암,709,,20250619,7호선,2752,온수,750,N,7호선,7097,2729,건대입구,727,N,09:24:50,09:25:30,,7064,상행,2025-05-01T05:00:00,,주말
7호선,2711,장암,709,,20250619,7호선,2752,온수,750,N,7호선,7097,2728,어린이대공원,726,N,09:26:50,09:27:20,,7064,상행,2025-05-01T05:00:00,,주말
7호선,2711,장암,709,,20250619,7호선,2752,온수,750,N,7호선,7097,2727,군자,725,N,09:28:40,09:29:20,,7064,상행,2025-05-01T05:00:00,,주말
7호선,2711,장암,709,,20250619,7호선,2752,온수,750,N,7호선,7097,2726,중곡,724,N,09:30:40,09:31:10,,7064,상행,2025-05-01T05:00:00,,주말
7호선,2711,장암,709,,20250619,7호선,2752,온수,750,N,7호선,7097,2725,용마산,723,N,09:32:30,09:32:50,,7064,상행,2025-05-01T05:00:00,,주말
7호선,2711,장암,709,,20250619,7호선,2752,온수,750,N,7호선,7097,2724,사가정,722,N,09:34:00,09:34:30,,7064,상행,2025-05-01T05:00:00,,주말
7호선,2711,장암,709,,20250619,7호선,2752,온수,750,N,7호선,7097,2723,면목,721,N,09:35:40,09:36:10,,7064,상행,2025-05-01T05:00:00,,주말
7호선,2711,장암,709,,20250619,7호선,2752,온수,750,N,7호선,7097,2722,상봉,720,N,09:37:20,09:37:50,,7064,상행,2025-05-01T05:00:00,,주말
7호선,2711,장암,709,,20250619,7호선,2752,온수,750,N,7호선,7097,2721,중화,719,N,09:39:40,09:40:10,,7064,상행,2025-05-01T05:00:00,,주말
7호선,2711,장암,709,,20250619,7호선,2752,온수,750,N,7호선,7097,2720,먹골,718,N,09:41:30,09:42:00,,7064,상행,2025-05-01T05:00:00,,주말
7호선,2711,장암,709,,20250619,7호선,2752,온수,750,N,7호선,7097,2719,태릉입구,717,N,09:43:10,09:43:40,,7064,상행,2025-05-01T05:00:00,,주말
7호선,2711,장암,709,,20250619,7호선,2752,온수,750,N,7호선,7097,2718,공릉,716,N,09:44:40,09:45:10,,7064,상행,2025-05-01T05:00:00,,주말
7호선,2711,장암,709,,20250619,7호선,2752,온수,750,N,7호선,7097,2717,하계,715,N,09:46:40,09:47:10,,7064,상행,2025-05-01T05:00:00,,주말
7호선,2711,장암,709,,20250619,7호선,2752,온수,750,N,7호선,7097,2716,중계,714,N,09:48:20,09:48:50,,7064,상행,2025-05-01T05:00:00,,주말
7호선,2711,장암,709,,20250619,7호선,2752,온수,750,N,7호선,7097,2715,노원,713,N,09:50:10,09:50:40,,7064,상행,2025-05-01T05:00:00,,주말
7호선,2711,장암,709,,20250619,7호선,2752,온수,750,N,7호선,7097,2714,마들,712,N,09:52:10,09:52:40,,7064,상행,2025-05-01T05:00:00,,주말
7호선,2711,장암,709,,20250619,7호선,2752,온수,750,N,7호선,7097,2713,수락산,711,N,09:54:40,09:55:10,,7064,상행,2025-05-01T05:00:00,,주말
7호선,2711,장암,709,,20250619,7호선,2752,온수,750,N,7호선,7097,2712,도봉산,710,N,09:57:30,09:58:00,,7064,상행,2025-05-01T05:00:00,,주말
7호선,2711,장암,709,,20250619,7호선,2752,온수,750,N,7호선,7097,2711,장암,709,N,10:02:30,,,7064,상행,2025-05-01T05:00:00,,주말
7호선,2712,도봉산,710,,20250619,7호선,3763,석남,761,N,7호선,입고,3763,석남,761,N,,08:18:30,,7066,상행,2025-05-01T05:00:00,,주말
7호선,2712,도봉산,710,,20250619,7호선,3763,석남,761,N,7호선,입고,3762,산곡,760,N,08:21:30,08:22:00,,7066,상행,2025-05-01T05:00:00,,주말
7호선,2712,도봉산,710,,20250619,7호선,3763,석남,761,N,7호선,입고,3761,부평구청,759,N,08:24:00,08:24:30,,7066,상행,2025-05-01T05:00:00,,주말
7호선,2712,도봉산,710,,20250619,7호선,3763,석남,761,N,7호선,입고,3760,굴포천,758,N,08:25:50,08:26:20,,7066,상행,2025-05-01T05:00:00,,주말
7호선,2712,도봉산,710,,20250619,7호선,3763,석남,761,N,7호선,입고,3759,삼산체육관,757,N,08:27:30,08:28:00,,7066,상행,2025-05-01T05:00:00,,주말
7호선,2712,도봉산,710,,20250619,7호선,3763,석남,761,N,7호선,입고,3758,상동,756,N,08:29:20,08:29:50,,7066,상행,2025-05-01T05:00:00,,주말
7호선,2712,도봉산,710,,20250619,7호선,3763,석남,761,N,7호선,입고,3757,부천시청,755,N,08:31:00,08:31:30,,7066,상행,2025-05-01T05:00:00,,주말
7호선,2712,도봉산,710,,20250619,7호선,3763,석남,761,N,7호선,입고,3756,신중동,754,N,08:32:50,08:33:20,,7066,상행,2025-05-01T05:00:00,,주말
7호선,2712,도봉산,710,,20250619,7호선,3763,석남,761,N,7호선,입고,3755,춘의,753,N,08:34:40,08:35:10,,7066,상행,2025-05-01T05:00:00,,주말
7호선,2712,도봉산,710,,20250619,7호선,3763,석남,761,N,7호선,입고,3754,부천종합운동장,752,N,08:36:30,08:37:00,,7066,상행,2025-05-01T05:00:00,,주말
7호선,2712,도봉산,710,,20250619,7호선,3763,석남,761,N,7호선,입고,3753,까치울,751,N,08:38:30,08:39:00,,7066,상행,2025-05-01T05:00:00,,주말
7호선,2712,도봉산,710,,20250619,7호선,3763,석남,761,N,7호선,입고,2752,온수,750,N,08:41:30,08:42:00,,7066,상행,2025-05-01T05:00:00,,주말
7호선,2712,도봉산,710,,20250619,7호선,3763,석남,761,N,7호선,입고,2751,천왕,749,N,08:44:20,08:44:40,,7066,상행,2025-05-01T05:00:00,,주말
7호선,2712,도봉산,710,,20250619,7호선,3763,석남,761,N,7호선,입고,2750,광명사거리,748,N,08:46:40,08:47:10,,7066,상행,2025-05-01T05:00:00,,주말
7호선,2712,도봉산,710,,20250619,7호선,3763,석남,761,N,7호선,입고,2749,철산,747,N,08:49:00,08:49:30,,7066,상행,2025-05-01T05:00:00,,주말
7호선,2712,도봉산,710,,20250619,7호선,3763,석남,761,N,7호선,입고,2748,가산디지털단지,746,N,08:51:30,08:52:00,,7066,상행,2025-05-01T05:00:00,,주말
7호선,2712,도봉산,710,,20250619,7호선,3763,석남,761,N,7호선,입고,2747,남구로,745,N,08:53:20,08:53:50,,7066,상행,2025-05-01T05:00:00,,주말
7호선,2712,도봉산,710,,20250619,7호선,3763,석남,761,N,7호선,입고,2746,대림,744,N,08:55:20,08:55:50,,7066,상행,2025-05-01T05:00:00,,주말
7호선,2712,도봉산,710,,20250619,7호선,3763,석남,761,N,7호선,입고,2745,신풍,743,N,08:57:50,08:58:20,,7066,상행,2025-05-01T05:00:00,,주말
7호선,2712,도봉산,710,,20250619,7호선,3763,석남,761,N,7호선,입고,2744,보라매,742,N,08:59:40,09:00:10,,7066,상행,2025-05-01T05:00:00,,주말
7호선,2712,도봉산,710,,20250619,7호선,3763,석남,761,N,7호선,입고,2743,신대방삼거리,741,N,09:01:20,09:01:50,,7066,상행,2025-05-01T05:00:00,,주말
7호선,2712,도봉산,710,,20250619,7호선,3763,석남,761,N,7호선,입고,2742,장승배기,740,N,09:03:40,09:04:10,,7066,상행,2025-05-01T05:00:00,,주말
7호선,2712,도봉산,710,,20250619,7호선,3763,석남,761,N,7호선,입고,2741,상도,739,N,09:05:40,09:06:10,,7066,상행,2025-05-01T05:00:00,,주말
7호선,2712,도봉산,710,,20250619,7호선,3763,석남,761,N,7호선,입고,2740,숭실대입구,738,N,09:07:20,09:07:50,,7066,상행,2025-05-01T05:00:00,,주말
7호선,2712,도봉산,710,,20250619,7호선,3763,석남,761,N,7호선,입고,2739,남성,737,N,09:10:20,09:10:50,,7066,상행,2025-05-01T05:00:00,,주말
7호선,2712,도봉산,710,,20250619,7호선,3763,석남,761,N,7호선,입고,2738,이수,736,N,09:12:10,09:12:50,,7066,상행,2025-05-01T05:00:00,,주말
7호선,2712,도봉산,710,,20250619,7호선,3763,석남,761,N,7호선,입고,2737,내방,735,N,09:14:20,09:14:50,,7066,상행,2025-05-01T05:00:00,,주말
7호선,2712,도봉산,710,,20250619,7호선,3763,석남,761,N,7호선,입고,2736,고속터미널,734,N,09:17:20,09:18:00,,7066,상행,2025-05-01T05:00:00,,주말
7호선,2712,도봉산,710,,20250619,7호선,3763,석남,761,N,7호선,입고,2735,반포,733,N,09:19:30,09:19:50,,7066,상행,2025-05-01T05:00:00,,주말
7호선,2712,도봉산,710,,20250619,7호선,3763,석남,761,N,7호선,입고,2734,논현,732,N,09:21:00,09:21:30,,7066,상행,2025-05-01T05:00:00,,주말
7호선,2712,도봉산,710,,20250619,7호선,3763,석남,761,N,7호선,입고,2733,학동,731,N,09:22:50,09:23:20,,7066,상행,2025-05-01T05:00:00,,주말
7호선,2712,도봉산,710,,20250619,7호선,3763,석남,761,N,7호선,입고,2732,강남구청,730,N,09:24:30,09:25:00,,7066,상행,2025-05-01T05:00:00,,주말
7호선,2712,도봉산,710,,20250619,7호선,3763,석남,761,N,7호선,입고,2731,청담,729,N,09:26:30,09:27:00,,7066,상행,2025-05-01T05:00:00,,주말
7호선,2712,도봉산,710,,20250619,7호선,3763,석남,761,N,7호선,입고,2730,자양,728,N,09:29:30,09:29:50,,7066,상행,2025-05-01T05:00:00,,주말
7호선,2712,도봉산,710,,20250619,7호선,3763,석남,761,N,7호선,입고,2729,건대입구,727,N,09:31:20,09:32:00,,7066,상행,2025-05-01T05:00:00,,주말
7호선,2712,도봉산,710,,20250619,7호선,3763,석남,761,N,7호선,입고,2728,어린이대공원,726,N,09:33:20,09:33:50,,7066,상행,2025-05-01T05:00:00,,주말
7호선,2712,도봉산,710,,20250619,7호선,3763,석남,761,N,7호선,입고,2727,군자,725,N,09:35:10,09:35:50,,7066,상행,2025-05-01T05:00:00,,주말
7호선,2712,도봉산,710,,20250619,7호선,3763,석남,761,N,7호선,입고,2726,중곡,724,N,09:37:10,09:37:40,,7066,상행,2025-05-01T05:00:00,,주말
7호선,2712,도봉산,710,,20250619,7호선,3763,석남,761,N,7호선,입고,2725,용마산,723,N,09:39:00,09:39:20,,7066,상행,2025-05-01T05:00:00,,주말
7호선,2712,도봉산,710,,20250619,7호선,3763,석남,761,N,7호선,입고,2724,사가정,722,N,09:40:30,09:41:00,,7066,상행,2025-05-01T05:00:00,,주말
7호선,2712,도봉산,710,,20250619,7호선,3763,석남,761,N,7호선,입고,2723,면목,721,N,09:42:10,09:42:40,,7066,상행,2025-05-01T05:00:00,,주말
7호선,2712,도봉산,710,,20250619,7호선,3763,석남,761,N,7호선,입고,2722,상봉,720,N,09:43:50,09:44:20,,7066,상행,2025-05-01T05:00:00,,주말
7호선,2712,도봉산,710,,20250619,7호선,3763,석남,761,N,7호선,입고,2721,중화,719,N,09:46:10,09:46:40,,7066,상행,2025-05-01T05:00:00,,주말
7호선,2712,도봉산,710,,20250619,7호선,3763,석남,761,N,7호선,입고,2720,먹골,718,N,09:48:00,09:48:30,,7066,상행,2025-05-01T05:00:00,,주말
7호선,2712,도봉산,710,,20250619,7호선,3763,석남,761,N,7호선,입고,2719,태릉입구,717,N,09:49:40,09:50:10,,7066,상행,2025-05-01T05:00:00,,주말
7호선,2712,도봉산,710,,20250619,7호선,3763,석남,761,N,7호선,입고,2718,공릉,716,N,09:51:10,09:51:40,,7066,상행,2025-05-01T05:00:00,,주말
7호선,2712,도봉산,710,,20250619,7호선,3763,석남,761,N,7호선,입고,2717,하계,715,N,09:53:10,09:53:40,,7066,상행,2025-05-01T05:00:00,,주말
7호선,2712,도봉산,710,,20250619,7호선,3763,석남,761,N,7호선,입고,2716,중계,714,N,09:54:50,09:55:20,,7066,상행,2025-05-01T05:00:00,,주말
7호선,2712,도봉산,710,,20250619,7호선,3763,석남,761,N,7호선,입고,2715,노원,713,N,09:56:40,09:57:10,,7066,상행,2025-05-01T05:00:00,,주말
7호선,2712,도봉산,710,,20250619,7호선,3763,석남,761,N,7호선,입고,2714,마들,712,N,09:58:40,09:59:10,,7066,상행,2025-05-01T05:00:00,,주말
7호선,2712,도봉산,710,,20250619,7호선,3763,석남,761,N,7호선,입고,2713,수락산,711,N,10:01:10,10:01:40,,7066,상행,2025-05-01T05:00:00,,주말
7호선,2712,도봉산,710,,20250619,7호선,3763,석남,761,N,7호선,입고,2712,도봉산,710,N,10:04:00,,,7066,상행,2025-05-01T05:00:00,,주말
7호선,2711,장암,709,,20250619,7호선,2752,온수,750,N,7호선,7101,2752,온수,750,N,,08:48:30,,7068,상행,2025-05-01T05:00:00,,주말
7호선,2711,장암,709,,20250619,7호선,2752,온수,750,N,7호선,7101,2751,천왕,749,N,08:50:50,08:51:10,,7068,상행,2025-05-01T05:00:00,,주말
7호선,2711,장암,709,,20250619,7호선,2752,온수,750,N,7호선,7101,2750,광명사거리,748,N,08:53:10,08:53:40,,7068,상행,2025-05-01T05:00:00,,주말
7호선,2711,장암,709,,20250619,7호선,2752,온수,750,N,7호선,7101,2749,철산,747,N,08:55:30,08:56:00,,7068,상행,2025-05-01T05:00:00,,주말
7호선,2711,장암,709,,20250619,7호선,2752,온수,750,N,7호선,7101,2748,가산디지털단지,746,N,08:58:00,08:58:30,,7068,상행,2025-05-01T05:00:00,,주말
7호선,2711,장암,709,,20250619,7호선,2752,온수,750,N,7호선,7101,2747,남구로,745,N,08:59:50,09:00:20,,7068,상행,2025-05-01T05:00:00,,주말
7호선,2711,장암,709,,20250619,7호선,2752,온수,750,N,7호선,7101,2746,대림,744,N,09:01:50,09:02:20,,7068,상행,2025-05-01T05:00:00,,주말
7호선,2711,장암,709,,20250619,7호선,2752,온수,750,N,7호선,7101,2745,신풍,743,N,09:04:20,09:04:50,,7068,상행,2025-05-01T05:00:00,,주말
7호선,2711,장암,709,,20250619,7호선,2752,온수,750,N,7호선,7101,2744,보라매,742,N,09:06:10,09:06:40,,7068,상행,2025-05-01T05:00:00,,주말
7호선,2711,장암,709,,20250619,7호선,2752,온수,750,N,7호선,7101,2743,신대방삼거리,741,N,09:07:50,09:08:20,,7068,상행,2025-05-01T05:00:00,,주말
7호선,2711,장암,709,,20250619,7호선,2752,온수,750,N,7호선,7101,2742,장승배기,740,N,09:10:10,09:10:40,,7068,상행,2025-05-01T05:00:00,,주말
7호선,2711,장암,709,,20250619,7호선,2752,온수,750,N,7호선,7101,2741,상도,739,N,09:12:10,09:12:40,,7068,상행,2025-05-01T05:00:00,,주말
7호선,2711,장암,709,,20250619,7호선,2752,온수,750,N,7호선,7101,2740,숭실대입구,738,N,09:13:50,09:14:20,,7068,상행,2025-05-01T05:00:00,,주말
7호선,2711,장암,709,,20250619,7호선,2752,온수,750,N,7호선,7101,2739,남성,737,N,09:16:50,09:17:20,,7068,상행,2025-05-01T05:00:00,,주말
7호선,2711,장암,709,,20250619,7호선,2752,온수,750,N,7호선,7101,2738,이수,736,N,09:18:40,09:19:20,,7068,상행,2025-05-01T05:00:00,,주말
7호선,2711,장암,709,,20250619,7호선,2752,온수,750,N,7호선,7101,2737,내방,735,N,09:20:50,09:21:20,,7068,상행,2025-05-01T05:00:00,,주말
7호선,2711,장암,709,,20250619,7호선,2752,온수,750,N,7호선,7101,2736,고속터미널,734,N,09:23:50,09:24:30,,7068,상행,2025-05-01T05:00:00,,주말
7호선,2711,장암,709,,20250619,7호선,2752,온수,750,N,7호선,7101,2735,반포,733,N,09:26:00,09:26:20,,7068,상행,2025-05-01T05:00:00,,주말
7호선,2711,장암,709,,20250619,7호선,2752,온수,750,N,7호선,7101,2734,논현,732,N,09:27:30,09:28:00,,7068,상행,2025-05-01T05:00:00,,주말
7호선,2711,장암,709,,20250619,7호선,2752,온수,750,N,7호선,7101,2733,학동,731,N,09:29:20,09:29:50,,7068,상행,2025-05-01T05:00:00,,주말
7호선,2711,장암,709,,20250619,7호선,2752,온수,750,N,7호선,7101,2732,강남구청,730,N,09:31:00,09:31:30,,7068,상행,2025-05-01T05:00:00,,주말
7호선,2711,장암,709,,20250619,7호선,2752,온수,750,N,7호선,7101,2731,청담,729,N,09:33:00,09:33:30,,7068,상행,2025-05-01T05:00:00,,주말
7호선,2711,장암,709,,20250619,7호선,2752,온수,750,N,7호선,7101,2730,자양,728,N,09:36:00,09:36:20,,7068,상행,2025-05-01T05:00:00,,주말
7호선,2711,장암,709,,20250619,7호선,2752,온수,750,N,7호선,7101,2729,건대입구,727,N,09:37:50,09:38:30,,7068,상행,2025-05-01T05:00:00,,주말
7호선,2711,장암,709,,20250619,7호선,2752,온수,750,N,7호선,7101,2728,어린이대공원,726,N,09:39:50,09:40:20,,7068,상행,2025-05-01T05:00:00,,주말
7호선,2711,장암,709,,20250619,7호선,2752,온수,750,N,7호선,7101,2727,군자,725,N,09:41:40,09:42:20,,7068,상행,2025-05-01T05:00:00,,주말
7호선,2711,장암,709,,20250619,7호선,2752,온수,750,N,7호선,7101,2726,중곡,724,N,09:43:40,09:44:10,,7068,상행,2025-05-01T05:00:00,,주말
7호선,2711,장암,709,,20250619,7호선,2752,온수,750,N,7호선,7101,2725,용마산,723,N,09:45:30,09:45:50,,7068,상행,2025-05-01T05:00:00,,주말
7호선,2711,장암,709,,20250619,7호선,2752,온수,750,N,7호선,7101,2724,사가정,722,N,09:47:00,09:47:30,,7068,상행,2025-05-01T05:00:00,,주말
7호선,2711,장암,709,,20250619,7호선,2752,온수,750,N,7호선,7101,2723,면목,721,N,09:48:40,09:49:10,,7068,상행,2025-05-01T05:00:00,,주말
7호선,2711,장암,709,,20250619,7호선,2752,온수,750,N,7호선,7101,2722,상봉,720,N,09:50:20,09:50:50,,7068,상행,2025-05-01T05:00:00,,주말
7호선,2711,장암,709,,20250619,7호선,2752,온수,750,N,7호선,7101,2721,중화,719,N,09:52:40,09:53:10,,7068,상행,2025-05-01T05:00:00,,주말
7호선,2711,장암,709,,20250619,7호선,2752,온수,750,N,7호선,7101,2720,먹골,718,N,09:54:30,09:55:00,,7068,상행,2025-05-01T05:00:00,,주말
7호선,2711,장암,709,,20250619,7호선,2752,온수,750,N,7호선,7101,2719,태릉입구,717,N,09:56:10,09:56:40,,7068,상행,2025-05-01T05:00:00,,주말
7호선,2711,장암,709,,20250619,7호선,2752,온수,750,N,7호선,7101,2718,공릉,716,N,09:57:40,09:58:10,,7068,상행,2025-05-01T05:00:00,,주말
7호선,2711,장암,709,,20250619,7호선,2752,온수,750,N,7호선,7101,2717,하계,715,N,09:59:40,10:00:10,,7068,상행,2025-05-01T05:00:00,,주말
7호선,2711,장암,709,,20250619,7호선,2752,온수,750,N,7호선,7101,2716,중계,714,N,10:01:20,10:01:50,,7068,상행,2025-05-01T05:00:00,,주말
7호선,2711,장암,709,,20250619,7호선,2752,온수,750,N,7호선,7101,2715,노원,713,N,10:03:10,10:03:40,,7068,상행,2025-05-01T05:00:00,,주말
7호선,2711,장암,709,,20250619,7호선,2752,온수,750,N,7호선,7101,2714,마들,712,N,10:05:10,10:05:40,,7068,상행,2025-05-01T05:00:00,,주말
7호선,2711,장암,709,,20250619,7호선,2752,온수,750,N,7호선,7101,2713,수락산,711,N,10:07:40,10:08:10,,7068,상행,2025-05-01T05:00:00,,주말
7호선,2711,장암,709,,20250619,7호선,2752,온수,750,N,7호선,7101,2712,도봉산,710,N,10:10:30,10:11:00,,7068,상행,2025-05-01T05:00:00,,주말
7호선,2711,장암,709,,20250619,7호선,2752,온수,750,N,7호선,7101,2711,장암,709,N,10:15:30,,,7068,상행,2025-05-01T05:00:00,,주말
7호선,2712,도봉산,710,,20250619,7호선,3763,석남,761,N,7호선,입고,3763,석남,761,N,,08:31:30,,7070,상행,2025-05-01T05:00:00,,주말
7호선,2712,도봉산,710,,20250619,7호선,3763,석남,761,N,7호선,입고,3762,산곡,760,N,08:34:30,08:35:00,,7070,상행,2025-05-01T05:00:00,,주말
7호선,2712,도봉산,710,,20250619,7호선,3763,석남,761,N,7호선,입고,3761,부평구청,759,N,08:37:00,08:37:30,,7070,상행,2025-05-01T05:00:00,,주말
7호선,2712,도봉산,710,,20250619,7호선,3763,석남,761,N,7호선,입고,3760,굴포천,758,N,08:38:50,08:39:20,,7070,상행,2025-05-01T05:00:00,,주말
7호선,2712,도봉산,710,,20250619,7호선,3763,석남,761,N,7호선,입고,3759,삼산체육관,757,N,08:40:30,08:41:00,,7070,상행,2025-05-01T05:00:00,,주말
7호선,2712,도봉산,710,,20250619,7호선,3763,석남,761,N,7호선,입고,3758,상동,756,N,08:42:20,08:42:50,,7070,상행,2025-05-01T05:00:00,,주말
7호선,2712,도봉산,710,,20250619,7호선,3763,석남,761,N,7호선,입고,3757,부천시청,755,N,08:44:00,08:44:30,,7070,상행,2025-05-01T05:00:00,,주말
7호선,2712,도봉산,710,,20250619,7호선,3763,석남,761,N,7호선,입고,3756,신중동,754,N,08:45:50,08:46:20,,7070,상행,2025-05-01T05:00:00,,주말
7호선,2712,도봉산,710,,20250619,7호선,3763,석남,761,N,7호선,입고,3755,춘의,753,N,08:47:40,08:48:10,,7070,상행,2025-05-01T05:00:00,,주말
7호선,2712,도봉산,710,,20250619,7호선,3763,석남,761,N,7호선,입고,3754,부천종합운동장,752,N,08:49:30,08:50:00,,7070,상행,2025-05-01T05:00:00,,주말
7호선,2712,도봉산,710,,20250619,7호선,3763,석남,761,N,7호선,입고,3753,까치울,751,N,08:51:30,08:52:00,,7070,상행,2025-05-01T05:00:00,,주말
7호선,2712,도봉산,710,,20250619,7호선,3763,석남,761,N,7호선,입고,2752,온수,750,N,08:54:30,08:55:00,,7070,상행,2025-05-01T05:00:00,,주말
7호선,2712,도봉산,710,,20250619,7호선,3763,석남,761,N,7호선,입고,2751,천왕,749,N,08:57:20,08:57:40,,7070,상행,2025-05-01T05:00:00,,주말
7호선,2712,도봉산,710,,20250619,7호선,3763,석남,761,N,7호선,입고,2750,광명사거리,748,N,08:59:40,09:00:10,,7070,상행,2025-05-01T05:00:00,,주말
7호선,2712,도봉산,710,,20250619,7호선,3763,석남,761,N,7호선,입고,2749,철산,747,N,09:02:00,09:02:30,,7070,상행,2025-05-01T05:00:00,,주말
7호선,2712,도봉산,710,,20250619,7호선,3763,석남,761,N,7호선,입고,2748,가산디지털단지,746,N,09:04:30,09:05:00,,7070,상행,2025-05-01T05:00:00,,주말
7호선,2712,도봉산,710,,20250619,7호선,3763,석남,761,N,7호선,입고,2747,남구로,745,N,09:06:20,09:06:50,,7070,상행,2025-05-01T05:00:00,,주말
7호선,2712,도봉산,710,,20250619,7호선,3763,석남,761,N,7호선,입고,2746,대림,744,N,09:08:20,09:08:50,,7070,상행,2025-05-01T05:00:00,,주말
7호선,2712,도봉산,710,,20250619,7호선,3763,석남,761,N,7호선,입고,2745,신풍,743,N,09:10:50,09:11:20,,7070,상행,2025-05-01T05:00:00,,주말
7호선,2712,도봉산,710,,20250619,7호선,3763,석남,761,N,7호선,입고,2744,보라매,742,N,09:12:40,09:13:10,,7070,상행,2025-05-01T05:00:00,,주말
7호선,2712,도봉산,710,,20250619,7호선,3763,석남,761,N,7호선,입고,2743,신대방삼거리,741,N,09:14:20,09:14:50,,7070,상행,2025-05-01T05:00:00,,주말
7호선,2712,도봉산,710,,20250619,7호선,3763,석남,761,N,7호선,입고,2742,장승배기,740,N,09:16:40,09:17:10,,7070,상행,2025-05-01T05:00:00,,주말
7호선,2712,도봉산,710,,20250619,7호선,3763,석남,761,N,7호선,입고,2741,상도,739,N,09:18:40,09:19:10,,7070,상행,2025-05-01T05:00:00,,주말
7호선,2712,도봉산,710,,20250619,7호선,3763,석남,761,N,7호선,입고,2740,숭실대입구,738,N,09:20:20,09:20:50,,7070,상행,2025-05-01T05:00:00,,주말
7호선,2712,도봉산,710,,20250619,7호선,3763,석남,761,N,7호선,입고,2739,남성,737,N,09:23:20,09:23:50,,7070,상행,2025-05-01T05:00:00,,주말
7호선,2712,도봉산,710,,20250619,7호선,3763,석남,761,N,7호선,입고,2738,이수,736,N,09:25:10,09:25:50,,7070,상행,2025-05-01T05:00:00,,주말
7호선,2712,도봉산,710,,20250619,7호선,3763,석남,761,N,7호선,입고,2737,내방,735,N,09:27:20,09:27:50,,7070,상행,2025-05-01T05:00:00,,주말
7호선,2712,도봉산,710,,20250619,7호선,3763,석남,761,N,7호선,입고,2736,고속터미널,734,N,09:30:20,09:31:00,,7070,상행,2025-05-01T05:00:00,,주말
7호선,2712,도봉산,710,,20250619,7호선,3763,석남,761,N,7호선,입고,2735,반포,733,N,09:32:30,09:32:50,,7070,상행,2025-05-01T05:00:00,,주말
7호선,2712,도봉산,710,,20250619,7호선,3763,석남,761,N,7호선,입고,2734,논현,732,N,09:34:00,09:34:30,,7070,상행,2025-05-01T05:00:00,,주말
7호선,2712,도봉산,710,,20250619,7호선,3763,석남,761,N,7호선,입고,2733,학동,731,N,09:35:50,09:36:20,,7070,상행,2025-05-01T05:00:00,,주말
7호선,2712,도봉산,710,,20250619,7호선,3763,석남,761,N,7호선,입고,2732,강남구청,730,N,09:37:30,09:38:00,,7070,상행,2025-05-01T05:00:00,,주말
7호선,2712,도봉산,710,,20250619,7호선,3763,석남,761,N,7호선,입고,2731,청담,729,N,09:39:30,09:40:00,,7070,상행,2025-05-01T05:00:00,,주말
7호선,2712,도봉산,710,,20250619,7호선,3763,석남,761,N,7호선,입고,2730,자양,728,N,09:42:30,09:42:50,,7070,상행,2025-05-01T05:00:00,,주말
7호선,2712,도봉산,710,,20250619,7호선,3763,석남,761,N,7호선,입고,2729,건대입구,727,N,09:44:20,09:45:00,,7070,상행,2025-05-01T05:00:00,,주말
7호선,2712,도봉산,710,,20250619,7호선,3763,석남,761,N,7호선,입고,2728,어린이대공원,726,N,09:46:20,09:46:50,,7070,상행,2025-05-01T05:00:00,,주말
7호선,2712,도봉산,710,,20250619,7호선,3763,석남,761,N,7호선,입고,2727,군자,725,N,09:48:10,09:48:50,,7070,상행,2025-05-01T05:00:00,,주말
7호선,2712,도봉산,710,,20250619,7호선,3763,석남,761,N,7호선,입고,2726,중곡,724,N,09:50:10,09:50:40,,7070,상행,2025-05-01T05:00:00,,주말
7호선,2712,도봉산,710,,20250619,7호선,3763,석남,761,N,7호선,입고,2725,용마산,723,N,09:52:00,09:52:20,,7070,상행,2025-05-01T05:00:00,,주말
7호선,2712,도봉산,710,,20250619,7호선,3763,석남,761,N,7호선,입고,2724,사가정,722,N,09:53:30,09:54:00,,7070,상행,2025-05-01T05:00:00,,주말
7호선,2712,도봉산,710,,20250619,7호선,3763,석남,761,N,7호선,입고,2723,면목,721,N,09:55:10,09:55:40,,7070,상행,2025-05-01T05:00:00,,주말
7호선,2712,도봉산,710,,20250619,7호선,3763,석남,761,N,7호선,입고,2722,상봉,720,N,09:56:50,09:57:20,,7070,상행,2025-05-01T05:00:00,,주말
7호선,2712,도봉산,710,,20250619,7호선,3763,석남,761,N,7호선,입고,2721,중화,719,N,09:59:10,09:59:40,,7070,상행,2025-05-01T05:00:00,,주말
7호선,2712,도봉산,710,,20250619,7호선,3763,석남,761,N,7호선,입고,2720,먹골,718,N,10:01:00,10:01:30,,7070,상행,2025-05-01T05:00:00,,주말
7호선,2712,도봉산,710,,20250619,7호선,3763,석남,761,N,7호선,입고,2719,태릉입구,717,N,10:02:40,10:03:10,,7070,상행,2025-05-01T05:00:00,,주말
7호선,2712,도봉산,710,,20250619,7호선,3763,석남,761,N,7호선,입고,2718,공릉,716,N,10:04:10,10:04:40,,7070,상행,2025-05-01T05:00:00,,주말
7호선,2712,도봉산,710,,20250619,7호선,3763,석남,761,N,7호선,입고,2717,하계,715,N,10:06:10,10:06:40,,7070,상행,2025-05-01T05:00:00,,주말
7호선,2712,도봉산,710,,20250619,7호선,3763,석남,761,N,7호선,입고,2716,중계,714,N,10:07:50,10:08:20,,7070,상행,2025-05-01T05:00:00,,주말
7호선,2712,도봉산,710,,20250619,7호선,3763,석남,761,N,7호선,입고,2715,노원,713,N,10:09:40,10:10:10,,7070,상행,2025-05-01T05:00:00,,주말
7호선,2712,도봉산,710,,20250619,7호선,3763,석남,761,N,7호선,입고,2714,마들,712,N,10:11:40,10:12:10,,7070,상행,2025-05-01T05:00:00,,주말
7호선,2712,도봉산,710,,20250619,7호선,3763,석남,761,N,7호선,입고,2713,수락산,711,N,10:14:10,10:14:40,,7070,상행,2025-05-01T05:00:00,,주말
7호선,2712,도봉산,710,,20250619,7호선,3763,석남,761,N,7호선,입고,2712,도봉산,710,N,10:17:00,,,7070,상행,2025-05-01T05:00:00,,주말
7호선,2711,장암,709,,20250619,7호선,2752,온수,750,N,7호선,7105,2752,온수,750,N,,09:01:30,,7072,상행,2025-05-01T05:00:00,,주말
7호선,2711,장암,709,,20250619,7호선,2752,온수,750,N,7호선,7105,2751,천왕,749,N,09:03:50,09:04:10,,7072,상행,2025-05-01T05:00:00,,주말
7호선,2711,장암,709,,20250619,7호선,2752,온수,750,N,7호선,7105,2750,광명사거리,748,N,09:06:10,09:06:40,,7072,상행,2025-05-01T05:00:00,,주말
7호선,2711,장암,709,,20250619,7호선,2752,온수,750,N,7호선,7105,2749,철산,747,N,09:08:30,09:09:00,,7072,상행,2025-05-01T05:00:00,,주말
7호선,2711,장암,709,,20250619,7호선,2752,온수,750,N,7호선,7105,2748,가산디지털단지,746,N,09:11:00,09:11:30,,7072,상행,2025-05-01T05:00:00,,주말
7호선,2711,장암,709,,20250619,7호선,2752,온수,750,N,7호선,7105,2747,남구로,745,N,09:12:50,09:13:20,,7072,상행,2025-05-01T05:00:00,,주말
7호선,2711,장암,709,,20250619,7호선,2752,온수,750,N,7호선,7105,2746,대림,744,N,09:14:50,09:15:20,,7072,상행,2025-05-01T05:00:00,,주말
7호선,2711,장암,709,,20250619,7호선,2752,온수,750,N,7호선,7105,2745,신풍,743,N,09:17:20,09:17:50,,7072,상행,2025-05-01T05:00:00,,주말
7호선,2711,장암,709,,20250619,7호선,2752,온수,750,N,7호선,7105,2744,보라매,742,N,09:19:10,09:19:40,,7072,상행,2025-05-01T05:00:00,,주말
7호선,2711,장암,709,,20250619,7호선,2752,온수,750,N,7호선,7105,2743,신대방삼거리,741,N,09:20:50,09:21:20,,7072,상행,2025-05-01T05:00:00,,주말
7호선,2711,장암,709,,20250619,7호선,2752,온수,750,N,7호선,7105,2742,장승배기,740,N,09:23:10,09:23:40,,7072,상행,2025-05-01T05:00:00,,주말
7호선,2711,장암,709,,20250619,7호선,2752,온수,750,N,7호선,7105,2741,상도,739,N,09:25:10,09:25:40,,7072,상행,2025-05-01T05:00:00,,주말
7호선,2711,장암,709,,20250619,7호선,2752,온수,750,N,7호선,7105,2740,숭실대입구,738,N,09:26:50,09:27:20,,7072,상행,2025-05-01T05:00:00,,주말
7호선,2711,장암,709,,20250619,7호선,2752,온수,750,N,7호선,7105,2739,남성,737,N,09:29:50,09:30:20,,7072,상행,2025-05-01T05:00:00,,주말
7호선,2711,장암,709,,20250619,7호선,2752,온수,750,N,7호선,7105,2738,이수,736,N,09:31:40,09:32:20,,7072,상행,2025-05-01T05:00:00,,주말
7호선,2711,장암,709,,20250619,7호선,2752,온수,750,N,7호선,7105,2737,내방,735,N,09:33:50,09:34:20,,7072,상행,2025-05-01T05:00:00,,주말
7호선,2711,장암,709,,20250619,7호선,2752,온수,750,N,7호선,7105,2736,고속터미널,734,N,09:36:50,09:37:30,,7072,상행,2025-05-01T05:00:00,,주말
7호선,2711,장암,709,,20250619,7호선,2752,온수,750,N,7호선,7105,2735,반포,733,N,09:39:00,09:39:20,,7072,상행,2025-05-01T05:00:00,,주말
7호선,2711,장암,709,,20250619,7호선,2752,온수,750,N,7호선,7105,2734,논현,732,N,09:40:30,09:41:00,,7072,상행,2025-05-01T05:00:00,,주말
7호선,2711,장암,709,,20250619,7호선,2752,온수,750,N,7호선,7105,2733,학동,731,N,09:42:20,09:42:50,,7072,상행,2025-05-01T05:00:00,,주말
7호선,2711,장암,709,,20250619,7호선,2752,온수,750,N,7호선,7105,2732,강남구청,730,N,09:44:00,09:44:30,,7072,상행,2025-05-01T05:00:00,,주말
7호선,2711,장암,709,,20250619,7호선,2752,온수,750,N,7호선,7105,2731,청담,729,N,09:46:00,09:46:30,,7072,상행,2025-05-01T05:00:00,,주말
7호선,2711,장암,709,,20250619,7호선,2752,온수,750,N,7호선,7105,2730,자양,728,N,09:49:00,09:49:20,,7072,상행,2025-05-01T05:00:00,,주말
7호선,2711,장암,709,,20250619,7호선,2752,온수,750,N,7호선,7105,2729,건대입구,727,N,09:50:50,09:51:30,,7072,상행,2025-05-01T05:00:00,,주말
7호선,2711,장암,709,,20250619,7호선,2752,온수,750,N,7호선,7105,2728,어린이대공원,726,N,09:52:50,09:53:20,,7072,상행,2025-05-01T05:00:00,,주말
7호선,2711,장암,709,,20250619,7호선,2752,온수,750,N,7호선,7105,2727,군자,725,N,09:54:40,09:55:20,,7072,상행,2025-05-01T05:00:00,,주말
7호선,2711,장암,709,,20250619,7호선,2752,온수,750,N,7호선,7105,2726,중곡,724,N,09:56:40,09:57:10,,7072,상행,2025-05-01T05:00:00,,주말
7호선,2711,장암,709,,20250619,7호선,2752,온수,750,N,7호선,7105,2725,용마산,723,N,09:58:30,09:58:50,,7072,상행,2025-05-01T05:00:00,,주말
7호선,2711,장암,709,,20250619,7호선,2752,온수,750,N,7호선,7105,2724,사가정,722,N,10:00:00,10:00:30,,7072,상행,2025-05-01T05:00:00,,주말
7호선,2711,장암,709,,20250619,7호선,2752,온수,750,N,7호선,7105,2723,면목,721,N,10:01:40,10:02:10,,7072,상행,2025-05-01T05:00:00,,주말
7호선,2711,장암,709,,20250619,7호선,2752,온수,750,N,7호선,7105,2722,상봉,720,N,10:03:20,10:03:50,,7072,상행,2025-05-01T05:00:00,,주말
7호선,2711,장암,709,,20250619,7호선,2752,온수,750,N,7호선,7105,2721,중화,719,N,10:05:40,10:06:10,,7072,상행,2025-05-01T05:00:00,,주말
7호선,2711,장암,709,,20250619,7호선,2752,온수,750,N,7호선,7105,2720,먹골,718,N,10:07:30,10:08:00,,7072,상행,2025-05-01T05:00:00,,주말
7호선,2711,장암,709,,20250619,7호선,2752,온수,750,N,7호선,7105,2719,태릉입구,717,N,10:09:10,10:09:40,,7072,상행,2025-05-01T05:00:00,,주말
7호선,2711,장암,709,,20250619,7호선,2752,온수,750,N,7호선,7105,2718,공릉,716,N,10:10:40,10:11:10,,7072,상행,2025-05-01T05:00:00,,주말
7호선,2711,장암,709,,20250619,7호선,2752,온수,750,N,7호선,7105,2717,하계,715,N,10:12:40,10:13:10,,7072,상행,2025-05-01T05:00:00,,주말
7호선,2711,장암,709,,20250619,7호선,2752,온수,750,N,7호선,7105,2716,중계,714,N,10:14:20,10:14:50,,7072,상행,2025-05-01T05:00:00,,주말
7호선,2711,장암,709,,20250619,7호선,2752,온수,750,N,7호선,7105,2715,노원,713,N,10:16:10,10:16:40,,7072,상행,2025-05-01T05:00:00,,주말
7호선,2711,장암,709,,20250619,7호선,2752,온수,750,N,7호선,7105,2714,마들,712,N,10:18:10,10:18:40,,7072,상행,2025-05-01T05:00:00,,주말
7호선,2711,장암,709,,20250619,7호선,2752,온수,750,N,7호선,7105,2713,수락산,711,N,10:20:40,10:21:10,,7072,상행,2025-05-01T05:00:00,,주말
7호선,2711,장암,709,,20250619,7호선,2752,온수,750,N,7호선,7105,2712,도봉산,710,N,10:23:30,10:24:00,,7072,상행,2025-05-01T05:00:00,,주말
7호선,2711,장암,709,,20250619,7호선,2752,온수,750,N,7호선,7105,2711,장암,709,N,10:28:30,,,7072,상행,2025-05-01T05:00:00,,주말
7호선,2712,도봉산,710,,20250619,7호선,3763,석남,761,N,7호선,7103,3763,석남,761,N,,08:44:30,,7074,상행,2025-05-01T05:00:00,,주말
7호선,2712,도봉산,710,,20250619,7호선,3763,석남,761,N,7호선,7103,3762,산곡,760,N,08:47:30,08:48:00,,7074,상행,2025-05-01T05:00:00,,주말
7호선,2712,도봉산,710,,20250619,7호선,3763,석남,761,N,7호선,7103,3761,부평구청,759,N,08:50:00,08:50:30,,7074,상행,2025-05-01T05:00:00,,주말
7호선,2712,도봉산,710,,20250619,7호선,3763,석남,761,N,7호선,7103,3760,굴포천,758,N,08:51:50,08:52:20,,7074,상행,2025-05-01T05:00:00,,주말
7호선,2712,도봉산,710,,20250619,7호선,3763,석남,761,N,7호선,7103,3759,삼산체육관,757,N,08:53:30,08:54:00,,7074,상행,2025-05-01T05:00:00,,주말
7호선,2712,도봉산,710,,20250619,7호선,3763,석남,761,N,7호선,7103,3758,상동,756,N,08:55:20,08:55:50,,7074,상행,2025-05-01T05:00:00,,주말
7호선,2712,도봉산,710,,20250619,7호선,3763,석남,761,N,7호선,7103,3757,부천시청,755,N,08:57:00,08:57:30,,7074,상행,2025-05-01T05:00:00,,주말
7호선,2712,도봉산,710,,20250619,7호선,3763,석남,761,N,7호선,7103,3756,신중동,754,N,08:58:50,08:59:20,,7074,상행,2025-05-01T05:00:00,,주말
7호선,2712,도봉산,710,,20250619,7호선,3763,석남,761,N,7호선,7103,3755,춘의,753,N,09:00:40,09:01:10,,7074,상행,2025-05-01T05:00:00,,주말
7호선,2712,도봉산,710,,20250619,7호선,3763,석남,761,N,7호선,7103,3754,부천종합운동장,752,N,09:02:30,09:03:00,,7074,상행,2025-05-01T05:00:00,,주말
7호선,2712,도봉산,710,,20250619,7호선,3763,석남,761,N,7호선,7103,3753,까치울,751,N,09:04:30,09:05:00,,7074,상행,2025-05-01T05:00:00,,주말
7호선,2712,도봉산,710,,20250619,7호선,3763,석남,761,N,7호선,7103,2752,온수,750,N,09:07:30,09:08:00,,7074,상행,2025-05-01T05:00:00,,주말
7호선,2712,도봉산,710,,20250619,7호선,3763,석남,761,N,7호선,7103,2751,천왕,749,N,09:10:20,09:10:40,,7074,상행,2025-05-01T05:00:00,,주말
7호선,2712,도봉산,710,,20250619,7호선,3763,석남,761,N,7호선,7103,2750,광명사거리,748,N,09:12:40,09:13:10,,7074,상행,2025-05-01T05:00:00,,주말
7호선,2712,도봉산,710,,20250619,7호선,3763,석남,761,N,7호선,7103,2749,철산,747,N,09:15:00,09:15:30,,7074,상행,2025-05-01T05:00:00,,주말
7호선,2712,도봉산,710,,20250619,7호선,3763,석남,761,N,7호선,7103,2748,가산디지털단지,746,N,09:17:30,09:18:00,,7074,상행,2025-05-01T05:00:00,,주말
7호선,2712,도봉산,710,,20250619,7호선,3763,석남,761,N,7호선,7103,2747,남구로,745,N,09:19:20,09:19:50,,7074,상행,2025-05-01T05:00:00,,주말
7호선,2712,도봉산,710,,20250619,7호선,3763,석남,761,N,7호선,7103,2746,대림,744,N,09:21:20,09:21:50,,7074,상행,2025-05-01T05:00:00,,주말
7호선,2712,도봉산,710,,20250619,7호선,3763,석남,761,N,7호선,7103,2745,신풍,743,N,09:23:50,09:24:20,,7074,상행,2025-05-01T05:00:00,,주말
7호선,2712,도봉산,710,,20250619,7호선,3763,석남,761,N,7호선,7103,2744,보라매,742,N,09:25:40,09:26:10,,7074,상행,2025-05-01T05:00:00,,주말
7호선,2712,도봉산,710,,20250619,7호선,3763,석남,761,N,7호선,7103,2743,신대방삼거리,741,N,09:27:20,09:27:50,,7074,상행,2025-05-01T05:00:00,,주말
7호선,2712,도봉산,710,,20250619,7호선,3763,석남,761,N,7호선,7103,2742,장승배기,740,N,09:29:40,09:30:10,,7074,상행,2025-05-01T05:00:00,,주말
7호선,2712,도봉산,710,,20250619,7호선,3763,석남,761,N,7호선,7103,2741,상도,739,N,09:31:40,09:32:10,,7074,상행,2025-05-01T05:00:00,,주말
7호선,2712,도봉산,710,,20250619,7호선,3763,석남,761,N,7호선,7103,2740,숭실대입구,738,N,09:33:20,09:33:50,,7074,상행,2025-05-01T05:00:00,,주말
7호선,2712,도봉산,710,,20250619,7호선,3763,석남,761,N,7호선,7103,2739,남성,737,N,09:36:20,09:36:50,,7074,상행,2025-05-01T05:00:00,,주말
7호선,2712,도봉산,710,,20250619,7호선,3763,석남,761,N,7호선,7103,2738,이수,736,N,09:38:10,09:38:50,,7074,상행,2025-05-01T05:00:00,,주말
7호선,2712,도봉산,710,,20250619,7호선,3763,석남,761,N,7호선,7103,2737,내방,735,N,09:40:20,09:40:50,,7074,상행,2025-05-01T05:00:00,,주말
7호선,2712,도봉산,710,,20250619,7호선,3763,석남,761,N,7호선,7103,2736,고속터미널,734,N,09:43:20,09:44:00,,7074,상행,2025-05-01T05:00:00,,주말
7호선,2712,도봉산,710,,20250619,7호선,3763,석남,761,N,7호선,7103,2735,반포,733,N,09:45:30,09:45:50,,7074,상행,2025-05-01T05:00:00,,주말
7호선,2712,도봉산,710,,20250619,7호선,3763,석남,761,N,7호선,7103,2734,논현,732,N,09:47:00,09:47:30,,7074,상행,2025-05-01T05:00:00,,주말
7호선,2712,도봉산,710,,20250619,7호선,3763,석남,761,N,7호선,7103,2733,학동,731,N,09:48:50,09:49:20,,7074,상행,2025-05-01T05:00:00,,주말
7호선,2712,도봉산,710,,20250619,7호선,3763,석남,761,N,7호선,7103,2732,강남구청,730,N,09:50:30,09:51:00,,7074,상행,2025-05-01T05:00:00,,주말
7호선,2712,도봉산,710,,20250619,7호선,3763,석남,761,N,7호선,7103,2731,청담,729,N,09:52:30,09:53:00,,7074,상행,2025-05-01T05:00:00,,주말
7호선,2712,도봉산,710,,20250619,7호선,3763,석남,761,N,7호선,7103,2730,자양,728,N,09:55:30,09:55:50,,7074,상행,2025-05-01T05:00:00,,주말
7호선,2712,도봉산,710,,20250619,7호선,3763,석남,761,N,7호선,7103,2729,건대입구,727,N,09:57:20,09:58:00,,7074,상행,2025-05-01T05:00:00,,주말
7호선,2712,도봉산,710,,20250619,7호선,3763,석남,761,N,7호선,7103,2728,어린이대공원,726,N,09:59:20,09:59:50,,7074,상행,2025-05-01T05:00:00,,주말
7호선,2712,도봉산,710,,20250619,7호선,3763,석남,761,N,7호선,7103,2727,군자,725,N,10:01:10,10:01:50,,7074,상행,2025-05-01T05:00:00,,주말
7호선,2712,도봉산,710,,20250619,7호선,3763,석남,761,N,7호선,7103,2726,중곡,724,N,10:03:10,10:03:40,,7074,상행,2025-05-01T05:00:00,,주말
7호선,2712,도봉산,710,,20250619,7호선,3763,석남,761,N,7호선,7103,2725,용마산,723,N,10:05:00,10:05:20,,7074,상행,2025-05-01T05:00:00,,주말
7호선,2712,도봉산,710,,20250619,7호선,3763,석남,761,N,7호선,7103,2724,사가정,722,N,10:06:30,10:07:00,,7074,상행,2025-05-01T05:00:00,,주말
7호선,2712,도봉산,710,,20250619,7호선,3763,석남,761,N,7호선,7103,2723,면목,721,N,10:08:10,10:08:40,,7074,상행,2025-05-01T05:00:00,,주말
7호선,2712,도봉산,710,,20250619,7호선,3763,석남,761,N,7호선,7103,2722,상봉,720,N,10:09:50,10:10:20,,7074,상행,2025-05-01T05:00:00,,주말
7호선,2712,도봉산,710,,20250619,7호선,3763,석남,761,N,7호선,7103,2721,중화,719,N,10:12:10,10:12:40,,7074,상행,2025-05-01T05:00:00,,주말
7호선,2712,도봉산,710,,20250619,7호선,3763,석남,761,N,7호선,7103,2720,먹골,718,N,10:14:00,10:14:30,,7074,상행,2025-05-01T05:00:00,,주말
7호선,2712,도봉산,710,,20250619,7호선,3763,석남,761,N,7호선,7103,2719,태릉입구,717,N,10:15:40,10:16:10,,7074,상행,2025-05-01T05:00:00,,주말
7호선,2712,도봉산,710,,20250619,7호선,3763,석남,761,N,7호선,7103,2718,공릉,716,N,10:17:10,10:17:40,,7074,상행,2025-05-01T05:00:00,,주말
7호선,2712,도봉산,710,,20250619,7호선,3763,석남,761,N,7호선,7103,2717,하계,715,N,10:19:10,10:19:40,,7074,상행,2025-05-01T05:00:00,,주말
7호선,2712,도봉산,710,,20250619,7호선,3763,석남,761,N,7호선,7103,2716,중계,714,N,10:20:50,10:21:20,,7074,상행,2025-05-01T05:00:00,,주말
7호선,2712,도봉산,710,,20250619,7호선,3763,석남,761,N,7호선,7103,2715,노원,713,N,10:22:40,10:23:10,,7074,상행,2025-05-01T05:00:00,,주말
7호선,2712,도봉산,710,,20250619,7호선,3763,석남,761,N,7호선,7103,2714,마들,712,N,10:24:40,10:25:10,,7074,상행,2025-05-01T05:00:00,,주말
7호선,2712,도봉산,710,,20250619,7호선,3763,석남,761,N,7호선,7103,2713,수락산,711,N,10:27:10,10:27:40,,7074,상행,2025-05-01T05:00:00,,주말
7호선,2712,도봉산,710,,20250619,7호선,3763,석남,761,N,7호선,7103,2712,도봉산,710,N,10:30:00,,,7074,상행,2025-05-01T05:00:00,,주말
7호선,2711,장암,709,,20250619,7호선,2752,온수,750,N,7호선,7109,2752,온수,750,N,,09:14:30,,7076,상행,2025-05-01T05:00:00,,주말
7호선,2711,장암,709,,20250619,7호선,2752,온수,750,N,7호선,7109,2751,천왕,749,N,09:16:50,09:17:10,,7076,상행,2025-05-01T05:00:00,,주말
7호선,2711,장암,709,,20250619,7호선,2752,온수,750,N,7호선,7109,2750,광명사거리,748,N,09:19:10,09:19:40,,7076,상행,2025-05-01T05:00:00,,주말
7호선,2711,장암,709,,20250619,7호선,2752,온수,750,N,7호선,7109,2749,철산,747,N,09:21:30,09:22:00,,7076,상행,2025-05-01T05:00:00,,주말
7호선,2711,장암,709,,20250619,7호선,2752,온수,750,N,7호선,7109,2748,가산디지털단지,746,N,09:24:00,09:24:30,,7076,상행,2025-05-01T05:00:00,,주말
7호선,2711,장암,709,,20250619,7호선,2752,온수,750,N,7호선,7109,2747,남구로,745,N,09:25:50,09:26:20,,7076,상행,2025-05-01T05:00:00,,주말
7호선,2711,장암,709,,20250619,7호선,2752,온수,750,N,7호선,7109,2746,대림,744,N,09:27:50,09:28:20,,7076,상행,2025-05-01T05:00:00,,주말
7호선,2711,장암,709,,20250619,7호선,2752,온수,750,N,7호선,7109,2745,신풍,743,N,09:30:20,09:30:50,,7076,상행,2025-05-01T05:00:00,,주말
7호선,2711,장암,709,,20250619,7호선,2752,온수,750,N,7호선,7109,2744,보라매,742,N,09:32:10,09:32:40,,7076,상행,2025-05-01T05:00:00,,주말
7호선,2711,장암,709,,20250619,7호선,2752,온수,750,N,7호선,7109,2743,신대방삼거리,741,N,09:33:50,09:34:20,,7076,상행,2025-05-01T05:00:00,,주말
7호선,2711,장암,709,,20250619,7호선,2752,온수,750,N,7호선,7109,2742,장승배기,740,N,09:36:10,09:36:40,,7076,상행,2025-05-01T05:00:00,,주말
7호선,2711,장암,709,,20250619,7호선,2752,온수,750,N,7호선,7109,2741,상도,739,N,09:38:10,09:38:40,,7076,상행,2025-05-01T05:00:00,,주말
7호선,2711,장암,709,,20250619,7호선,2752,온수,750,N,7호선,7109,2740,숭실대입구,738,N,09:39:50,09:40:20,,7076,상행,2025-05-01T05:00:00,,주말
7호선,2711,장암,709,,20250619,7호선,2752,온수,750,N,7호선,7109,2739,남성,737,N,09:42:50,09:43:20,,7076,상행,2025-05-01T05:00:00,,주말
7호선,2711,장암,709,,20250619,7호선,2752,온수,750,N,7호선,7109,2738,이수,736,N,09:44:40,09:45:20,,7076,상행,2025-05-01T05:00:00,,주말
7호선,2711,장암,709,,20250619,7호선,2752,온수,750,N,7호선,7109,2737,내방,735,N,09:46:50,09:47:20,,7076,상행,2025-05-01T05:00:00,,주말
7호선,2711,장암,709,,20250619,7호선,2752,온수,750,N,7호선,7109,2736,고속터미널,734,N,09:49:50,09:50:30,,7076,상행,2025-05-01T05:00:00,,주말
7호선,2711,장암,709,,20250619,7호선,2752,온수,750,N,7호선,7109,2735,반포,733,N,09:52:00,09:52:20,,7076,상행,2025-05-01T05:00:00,,주말
7호선,2711,장암,709,,20250619,7호선,2752,온수,750,N,7호선,7109,2734,논현,732,N,09:53:30,09:54:00,,7076,상행,2025-05-01T05:00:00,,주말
7호선,2711,장암,709,,20250619,7호선,2752,온수,750,N,7호선,7109,2733,학동,731,N,09:55:20,09:55:50,,7076,상행,2025-05-01T05:00:00,,주말
7호선,2711,장암,709,,20250619,7호선,2752,온수,750,N,7호선,7109,2732,강남구청,730,N,09:57:00,09:57:30,,7076,상행,2025-05-01T05:00:00,,주말
7호선,2711,장암,709,,20250619,7호선,2752,온수,750,N,7호선,7109,2731,청담,729,N,09:59:00,09:59:30,,7076,상행,2025-05-01T05:00:00,,주말
7호선,2711,장암,709,,20250619,7호선,2752,온수,750,N,7호선,7109,2730,자양,728,N,10:02:00,10:02:20,,7076,상행,2025-05-01T05:00:00,,주말
7호선,2711,장암,709,,20250619,7호선,2752,온수,750,N,7호선,7109,2729,건대입구,727,N,10:03:50,10:04:30,,7076,상행,2025-05-01T05:00:00,,주말
7호선,2711,장암,709,,20250619,7호선,2752,온수,750,N,7호선,7109,2728,어린이대공원,726,N,10:05:50,10:06:20,,7076,상행,2025-05-01T05:00:00,,주말
7호선,2711,장암,709,,20250619,7호선,2752,온수,750,N,7호선,7109,2727,군자,725,N,10:07:40,10:08:20,,7076,상행,2025-05-01T05:00:00,,주말
7호선,2711,장암,709,,20250619,7호선,2752,온수,750,N,7호선,7109,2726,중곡,724,N,10:09:40,10:10:10,,7076,상행,2025-05-01T05:00:00,,주말
7호선,2711,장암,709,,20250619,7호선,2752,온수,750,N,7호선,7109,2725,용마산,723,N,10:11:30,10:11:50,,7076,상행,2025-05-01T05:00:00,,주말
7호선,2711,장암,709,,20250619,7호선,2752,온수,750,N,7호선,7109,2724,사가정,722,N,10:13:00,10:13:30,,7076,상행,2025-05-01T05:00:00,,주말
7호선,2711,장암,709,,20250619,7호선,2752,온수,750,N,7호선,7109,2723,면목,721,N,10:14:40,10:15:10,,7076,상행,2025-05-01T05:00:00,,주말
7호선,2711,장암,709,,20250619,7호선,2752,온수,750,N,7호선,7109,2722,상봉,720,N,10:16:20,10:16:50,,7076,상행,2025-05-01T05:00:00,,주말
7호선,2711,장암,709,,20250619,7호선,2752,온수,750,N,7호선,7109,2721,중화,719,N,10:18:40,10:19:10,,7076,상행,2025-05-01T05:00:00,,주말
7호선,2711,장암,709,,20250619,7호선,2752,온수,750,N,7호선,7109,2720,먹골,718,N,10:20:30,10:21:00,,7076,상행,2025-05-01T05:00:00,,주말
7호선,2711,장암,709,,20250619,7호선,2752,온수,750,N,7호선,7109,2719,태릉입구,717,N,10:22:10,10:22:40,,7076,상행,2025-05-01T05:00:00,,주말
7호선,2711,장암,709,,20250619,7호선,2752,온수,750,N,7호선,7109,2718,공릉,716,N,10:23:40,10:24:10,,7076,상행,2025-05-01T05:00:00,,주말
7호선,2711,장암,709,,20250619,7호선,2752,온수,750,N,7호선,7109,2717,하계,715,N,10:25:40,10:26:10,,7076,상행,2025-05-01T05:00:00,,주말
7호선,2711,장암,709,,20250619,7호선,2752,온수,750,N,7호선,7109,2716,중계,714,N,10:27:20,10:27:50,,7076,상행,2025-05-01T05:00:00,,주말
7호선,2711,장암,709,,20250619,7호선,2752,온수,750,N,7호선,7109,2715,노원,713,N,10:29:10,10:29:40,,7076,상행,2025-05-01T05:00:00,,주말
7호선,2711,장암,709,,20250619,7호선,2752,온수,750,N,7호선,7109,2714,마들,712,N,10:31:10,10:31:40,,7076,상행,2025-05-01T05:00:00,,주말
7호선,2711,장암,709,,20250619,7호선,2752,온수,750,N,7호선,7109,2713,수락산,711,N,10:33:40,10:34:10,,7076,상행,2025-05-01T05:00:00,,주말
7호선,2711,장암,709,,20250619,7호선,2752,온수,750,N,7호선,7109,2712,도봉산,710,N,10:36:30,10:37:00,,7076,상행,2025-05-01T05:00:00,,주말
7호선,2711,장암,709,,20250619,7호선,2752,온수,750,N,7호선,7109,2711,장암,709,N,10:41:30,,,7076,상행,2025-05-01T05:00:00,,주말
7호선,2712,도봉산,710,,20250619,7호선,3763,석남,761,N,7호선,7107,3763,석남,761,N,,08:57:30,,7078,상행,2025-05-01T05:00:00,,주말
7호선,2712,도봉산,710,,20250619,7호선,3763,석남,761,N,7호선,7107,3762,산곡,760,N,09:00:30,09:01:00,,7078,상행,2025-05-01T05:00:00,,주말
7호선,2712,도봉산,710,,20250619,7호선,3763,석남,761,N,7호선,7107,3761,부평구청,759,N,09:03:00,09:03:30,,7078,상행,2025-05-01T05:00:00,,주말
7호선,2712,도봉산,710,,20250619,7호선,3763,석남,761,N,7호선,7107,3760,굴포천,758,N,09:04:50,09:05:20,,7078,상행,2025-05-01T05:00:00,,주말
7호선,2712,도봉산,710,,20250619,7호선,3763,석남,761,N,7호선,7107,3759,삼산체육관,757,N,09:06:30,09:07:00,,7078,상행,2025-05-01T05:00:00,,주말
7호선,2712,도봉산,710,,20250619,7호선,3763,석남,761,N,7호선,7107,3758,상동,756,N,09:08:20,09:08:50,,7078,상행,2025-05-01T05:00:00,,주말
7호선,2712,도봉산,710,,20250619,7호선,3763,석남,761,N,7호선,7107,3757,부천시청,755,N,09:10:00,09:10:30,,7078,상행,2025-05-01T05:00:00,,주말
7호선,2712,도봉산,710,,20250619,7호선,3763,석남,761,N,7호선,7107,3756,신중동,754,N,09:11:50,09:12:20,,7078,상행,2025-05-01T05:00:00,,주말
7호선,2712,도봉산,710,,20250619,7호선,3763,석남,761,N,7호선,7107,3755,춘의,753,N,09:13:40,09:14:10,,7078,상행,2025-05-01T05:00:00,,주말
7호선,2712,도봉산,710,,20250619,7호선,3763,석남,761,N,7호선,7107,3754,부천종합운동장,752,N,09:15:30,09:16:00,,7078,상행,2025-05-01T05:00:00,,주말
7호선,2712,도봉산,710,,20250619,7호선,3763,석남,761,N,7호선,7107,3753,까치울,751,N,09:17:30,09:18:00,,7078,상행,2025-05-01T05:00:00,,주말
7호선,2712,도봉산,710,,20250619,7호선,3763,석남,761,N,7호선,7107,2752,온수,750,N,09:20:30,09:21:00,,7078,상행,2025-05-01T05:00:00,,주말
7호선,2712,도봉산,710,,20250619,7호선,3763,석남,761,N,7호선,7107,2751,천왕,749,N,09:23:20,09:23:40,,7078,상행,2025-05-01T05:00:00,,주말
7호선,2712,도봉산,710,,20250619,7호선,3763,석남,761,N,7호선,7107,2750,광명사거리,748,N,09:25:40,09:26:10,,7078,상행,2025-05-01T05:00:00,,주말
7호선,2712,도봉산,710,,20250619,7호선,3763,석남,761,N,7호선,7107,2749,철산,747,N,09:28:00,09:28:30,,7078,상행,2025-05-01T05:00:00,,주말
7호선,2712,도봉산,710,,20250619,7호선,3763,석남,761,N,7호선,7107,2748,가산디지털단지,746,N,09:30:30,09:31:00,,7078,상행,2025-05-01T05:00:00,,주말
7호선,2712,도봉산,710,,20250619,7호선,3763,석남,761,N,7호선,7107,2747,남구로,745,N,09:32:20,09:32:50,,7078,상행,2025-05-01T05:00:00,,주말
7호선,2712,도봉산,710,,20250619,7호선,3763,석남,761,N,7호선,7107,2746,대림,744,N,09:34:20,09:34:50,,7078,상행,2025-05-01T05:00:00,,주말
7호선,2712,도봉산,710,,20250619,7호선,3763,석남,761,N,7호선,7107,2745,신풍,743,N,09:36:50,09:37:20,,7078,상행,2025-05-01T05:00:00,,주말
7호선,2712,도봉산,710,,20250619,7호선,3763,석남,761,N,7호선,7107,2744,보라매,742,N,09:38:40,09:39:10,,7078,상행,2025-05-01T05:00:00,,주말
7호선,2712,도봉산,710,,20250619,7호선,3763,석남,761,N,7호선,7107,2743,신대방삼거리,741,N,09:40:20,09:40:50,,7078,상행,2025-05-01T05:00:00,,주말
7호선,2712,도봉산,710,,20250619,7호선,3763,석남,761,N,7호선,7107,2742,장승배기,740,N,09:42:40,09:43:10,,7078,상행,2025-05-01T05:00:00,,주말
7호선,2712,도봉산,710,,20250619,7호선,3763,석남,761,N,7호선,7107,2741,상도,739,N,09:44:40,09:45:10,,7078,상행,2025-05-01T05:00:00,,주말
7호선,2712,도봉산,710,,20250619,7호선,3763,석남,761,N,7호선,7107,2740,숭실대입구,738,N,09:46:20,09:46:50,,7078,상행,2025-05-01T05:00:00,,주말
7호선,2712,도봉산,710,,20250619,7호선,3763,석남,761,N,7호선,7107,2739,남성,737,N,09:49:20,09:49:50,,7078,상행,2025-05-01T05:00:00,,주말
7호선,2712,도봉산,710,,20250619,7호선,3763,석남,761,N,7호선,7107,2738,이수,736,N,09:51:10,09:51:50,,7078,상행,2025-05-01T05:00:00,,주말
7호선,2712,도봉산,710,,20250619,7호선,3763,석남,761,N,7호선,7107,2737,내방,735,N,09:53:20,09:53:50,,7078,상행,2025-05-01T05:00:00,,주말
7호선,2712,도봉산,710,,20250619,7호선,3763,석남,761,N,7호선,7107,2736,고속터미널,734,N,09:56:20,09:57:00,,7078,상행,2025-05-01T05:00:00,,주말
7호선,2712,도봉산,710,,20250619,7호선,3763,석남,761,N,7호선,7107,2735,반포,733,N,09:58:30,09:58:50,,7078,상행,2025-05-01T05:00:00,,주말
7호선,2712,도봉산,710,,20250619,7호선,3763,석남,761,N,7호선,7107,2734,논현,732,N,10:00:00,10:00:30,,7078,상행,2025-05-01T05:00:00,,주말
7호선,2712,도봉산,710,,20250619,7호선,3763,석남,761,N,7호선,7107,2733,학동,731,N,10:01:50,10:02:20,,7078,상행,2025-05-01T05:00:00,,주말
7호선,2712,도봉산,710,,20250619,7호선,3763,석남,761,N,7호선,7107,2732,강남구청,730,N,10:03:30,10:04:00,,7078,상행,2025-05-01T05:00:00,,주말
7호선,2712,도봉산,710,,20250619,7호선,3763,석남,761,N,7호선,7107,2731,청담,729,N,10:05:30,10:06:00,,7078,상행,2025-05-01T05:00:00,,주말
7호선,2712,도봉산,710,,20250619,7호선,3763,석남,761,N,7호선,7107,2730,자양,728,N,10:08:30,10:08:50,,7078,상행,2025-05-01T05:00:00,,주말
7호선,2712,도봉산,710,,20250619,7호선,3763,석남,761,N,7호선,7107,2729,건대입구,727,N,10:10:20,10:11:00,,7078,상행,2025-05-01T05:00:00,,주말
7호선,2712,도봉산,710,,20250619,7호선,3763,석남,761,N,7호선,7107,2728,어린이대공원,726,N,10:12:20,10:12:50,,7078,상행,2025-05-01T05:00:00,,주말
7호선,2712,도봉산,710,,20250619,7호선,3763,석남,761,N,7호선,7107,2727,군자,725,N,10:14:10,10:14:50,,7078,상행,2025-05-01T05:00:00,,주말
7호선,2712,도봉산,710,,20250619,7호선,3763,석남,761,N,7호선,7107,2726,중곡,724,N,10:16:10,10:16:40,,7078,상행,2025-05-01T05:00:00,,주말
7호선,2712,도봉산,710,,20250619,7호선,3763,석남,761,N,7호선,7107,2725,용마산,723,N,10:18:00,10:18:20,,7078,상행,2025-05-01T05:00:00,,주말
7호선,2712,도봉산,710,,20250619,7호선,3763,석남,761,N,7호선,7107,2724,사가정,722,N,10:19:30,10:20:00,,7078,상행,2025-05-01T05:00:00,,주말
7호선,2712,도봉산,710,,20250619,7호선,3763,석남,761,N,7호선,7107,2723,면목,721,N,10:21:10,10:21:40,,7078,상행,2025-05-01T05:00:00,,주말
7호선,2712,도봉산,710,,20250619,7호선,3763,석남,761,N,7호선,7107,2722,상봉,720,N,10:22:50,10:23:20,,7078,상행,2025-05-01T05:00:00,,주말
7호선,2712,도봉산,710,,20250619,7호선,3763,석남,761,N,7호선,7107,2721,중화,719,N,10:25:10,10:25:40,,7078,상행,2025-05-01T05:00:00,,주말
7호선,2712,도봉산,710,,20250619,7호선,3763,석남,761,N,7호선,7107,2720,먹골,718,N,10:27:00,10:27:30,,7078,상행,2025-05-01T05:00:00,,주말
7호선,2712,도봉산,710,,20250619,7호선,3763,석남,761,N,7호선,7107,2719,태릉입구,717,N,10:28:40,10:29:10,,7078,상행,2025-05-01T05:00:00,,주말
7호선,2712,도봉산,710,,20250619,7호선,3763,석남,761,N,7호선,7107,2718,공릉,716,N,10:30:10,10:30:40,,7078,상행,2025-05-01T05:00:00,,주말
7호선,2712,도봉산,710,,20250619,7호선,3763,석남,761,N,7호선,7107,2717,하계,715,N,10:32:10,10:32:40,,7078,상행,2025-05-01T05:00:00,,주말
7호선,2712,도봉산,710,,20250619,7호선,3763,석남,761,N,7호선,7107,2716,중계,714,N,10:33:50,10:34:20,,7078,상행,2025-05-01T05:00:00,,주말
7호선,2712,도봉산,710,,20250619,7호선,3763,석남,761,N,7호선,7107,2715,노원,713,N,10:35:40,10:36:10,,7078,상행,2025-05-01T05:00:00,,주말
7호선,2712,도봉산,710,,20250619,7호선,3763,석남,761,N,7호선,7107,2714,마들,712,N,10:37:40,10:38:10,,7078,상행,2025-05-01T05:00:00,,주말
7호선,2712,도봉산,710,,20250619,7호선,3763,석남,761,N,7호선,7107,2713,수락산,711,N,10:40:10,10:40:40,,7078,상행,2025-05-01T05:00:00,,주말
7호선,2712,도봉산,710,,20250619,7호선,3763,석남,761,N,7호선,7107,2712,도봉산,710,N,10:43:00,,,7078,상행,2025-05-01T05:00:00,,주말
7호선,2711,장암,709,,20250619,7호선,2752,온수,750,N,7호선,7113,2752,온수,750,N,,09:27:30,,7080,상행,2025-05-01T05:00:00,,주말
7호선,2711,장암,709,,20250619,7호선,2752,온수,750,N,7호선,7113,2751,천왕,749,N,09:29:50,09:30:10,,7080,상행,2025-05-01T05:00:00,,주말
7호선,2711,장암,709,,20250619,7호선,2752,온수,750,N,7호선,7113,2750,광명사거리,748,N,09:32:10,09:32:40,,7080,상행,2025-05-01T05:00:00,,주말
7호선,2711,장암,709,,20250619,7호선,2752,온수,750,N,7호선,7113,2749,철산,747,N,09:34:30,09:35:00,,7080,상행,2025-05-01T05:00:00,,주말
7호선,2711,장암,709,,20250619,7호선,2752,온수,750,N,7호선,7113,2748,가산디지털단지,746,N,09:37:00,09:37:30,,7080,상행,2025-05-01T05:00:00,,주말
7호선,2711,장암,709,,20250619,7호선,2752,온수,750,N,7호선,7113,2747,남구로,745,N,09:38:50,09:39:20,,7080,상행,2025-05-01T05:00:00,,주말
7호선,2711,장암,709,,20250619,7호선,2752,온수,750,N,7호선,7113,2746,대림,744,N,09:40:50,09:41:20,,7080,상행,2025-05-01T05:00:00,,주말
7호선,2711,장암,709,,20250619,7호선,2752,온수,750,N,7호선,7113,2745,신풍,743,N,09:43:20,09:43:50,,7080,상행,2025-05-01T05:00:00,,주말
7호선,2711,장암,709,,20250619,7호선,2752,온수,750,N,7호선,7113,2744,보라매,742,N,09:45:10,09:45:40,,7080,상행,2025-05-01T05:00:00,,주말
7호선,2711,장암,709,,20250619,7호선,2752,온수,750,N,7호선,7113,2743,신대방삼거리,741,N,09:46:50,09:47:20,,7080,상행,2025-05-01T05:00:00,,주말
7호선,2711,장암,709,,20250619,7호선,2752,온수,750,N,7호선,7113,2742,장승배기,740,N,09:49:10,09:49:40,,7080,상행,2025-05-01T05:00:00,,주말
7호선,2711,장암,709,,20250619,7호선,2752,온수,750,N,7호선,7113,2741,상도,739,N,09:51:10,09:51:40,,7080,상행,2025-05-01T05:00:00,,주말
7호선,2711,장암,709,,20250619,7호선,2752,온수,750,N,7호선,7113,2740,숭실대입구,738,N,09:52:50,09:53:20,,7080,상행,2025-05-01T05:00:00,,주말
7호선,2711,장암,709,,20250619,7호선,2752,온수,750,N,7호선,7113,2739,남성,737,N,09:55:50,09:56:20,,7080,상행,2025-05-01T05:00:00,,주말
7호선,2711,장암,709,,20250619,7호선,2752,온수,750,N,7호선,7113,2738,이수,736,N,09:57:40,09:58:20,,7080,상행,2025-05-01T05:00:00,,주말
7호선,2711,장암,709,,20250619,7호선,2752,온수,750,N,7호선,7113,2737,내방,735,N,09:59:50,10:00:20,,7080,상행,2025-05-01T05:00:00,,주말
7호선,2711,장암,709,,20250619,7호선,2752,온수,750,N,7호선,7113,2736,고속터미널,734,N,10:02:50,10:03:30,,7080,상행,2025-05-01T05:00:00,,주말
7호선,2711,장암,709,,20250619,7호선,2752,온수,750,N,7호선,7113,2735,반포,733,N,10:05:00,10:05:20,,7080,상행,2025-05-01T05:00:00,,주말
7호선,2711,장암,709,,20250619,7호선,2752,온수,750,N,7호선,7113,2734,논현,732,N,10:06:30,10:07:00,,7080,상행,2025-05-01T05:00:00,,주말
7호선,2711,장암,709,,20250619,7호선,2752,온수,750,N,7호선,7113,2733,학동,731,N,10:08:20,10:08:50,,7080,상행,2025-05-01T05:00:00,,주말
7호선,2711,장암,709,,20250619,7호선,2752,온수,750,N,7호선,7113,2732,강남구청,730,N,10:10:00,10:10:30,,7080,상행,2025-05-01T05:00:00,,주말
7호선,2711,장암,709,,20250619,7호선,2752,온수,750,N,7호선,7113,2731,청담,729,N,10:12:00,10:12:30,,7080,상행,2025-05-01T05:00:00,,주말
7호선,2711,장암,709,,20250619,7호선,2752,온수,750,N,7호선,7113,2730,자양,728,N,10:15:00,10:15:20,,7080,상행,2025-05-01T05:00:00,,주말
7호선,2711,장암,709,,20250619,7호선,2752,온수,750,N,7호선,7113,2729,건대입구,727,N,10:16:50,10:17:30,,7080,상행,2025-05-01T05:00:00,,주말
7호선,2711,장암,709,,20250619,7호선,2752,온수,750,N,7호선,7113,2728,어린이대공원,726,N,10:18:50,10:19:20,,7080,상행,2025-05-01T05:00:00,,주말
7호선,2711,장암,709,,20250619,7호선,2752,온수,750,N,7호선,7113,2727,군자,725,N,10:20:40,10:21:20,,7080,상행,2025-05-01T05:00:00,,주말
7호선,2711,장암,709,,20250619,7호선,2752,온수,750,N,7호선,7113,2726,중곡,724,N,10:22:40,10:23:10,,7080,상행,2025-05-01T05:00:00,,주말
7호선,2711,장암,709,,20250619,7호선,2752,온수,750,N,7호선,7113,2725,용마산,723,N,10:24:30,10:24:50,,7080,상행,2025-05-01T05:00:00,,주말
7호선,2711,장암,709,,20250619,7호선,2752,온수,750,N,7호선,7113,2724,사가정,722,N,10:26:00,10:26:30,,7080,상행,2025-05-01T05:00:00,,주말
7호선,2711,장암,709,,20250619,7호선,2752,온수,750,N,7호선,7113,2723,면목,721,N,10:27:40,10:28:10,,7080,상행,2025-05-01T05:00:00,,주말
7호선,2711,장암,709,,20250619,7호선,2752,온수,750,N,7호선,7113,2722,상봉,720,N,10:29:20,10:29:50,,7080,상행,2025-05-01T05:00:00,,주말
7호선,2711,장암,709,,20250619,7호선,2752,온수,750,N,7호선,7113,2721,중화,719,N,10:31:40,10:32:10,,7080,상행,2025-05-01T05:00:00,,주말
7호선,2711,장암,709,,20250619,7호선,2752,온수,750,N,7호선,7113,2720,먹골,718,N,10:33:30,10:34:00,,7080,상행,2025-05-01T05:00:00,,주말
7호선,2711,장암,709,,20250619,7호선,2752,온수,750,N,7호선,7113,2719,태릉입구,717,N,10:35:10,10:35:40,,7080,상행,2025-05-01T05:00:00,,주말
7호선,2711,장암,709,,20250619,7호선,2752,온수,750,N,7호선,7113,2718,공릉,716,N,10:36:40,10:37:10,,7080,상행,2025-05-01T05:00:00,,주말
7호선,2711,장암,709,,20250619,7호선,2752,온수,750,N,7호선,7113,2717,하계,715,N,10:38:40,10:39:10,,7080,상행,2025-05-01T05:00:00,,주말
7호선,2711,장암,709,,20250619,7호선,2752,온수,750,N,7호선,7113,2716,중계,714,N,10:40:20,10:40:50,,7080,상행,2025-05-01T05:00:00,,주말
7호선,2711,장암,709,,20250619,7호선,2752,온수,750,N,7호선,7113,2715,노원,713,N,10:42:10,10:42:40,,7080,상행,2025-05-01T05:00:00,,주말
7호선,2711,장암,709,,20250619,7호선,2752,온수,750,N,7호선,7113,2714,마들,712,N,10:44:10,10:44:40,,7080,상행,2025-05-01T05:00:00,,주말
7호선,2711,장암,709,,20250619,7호선,2752,온수,750,N,7호선,7113,2713,수락산,711,N,10:46:40,10:47:10,,7080,상행,2025-05-01T05:00:00,,주말
7호선,2711,장암,709,,20250619,7호선,2752,온수,750,N,7호선,7113,2712,도봉산,710,N,10:49:30,10:50:00,,7080,상행,2025-05-01T05:00:00,,주말
7호선,2711,장암,709,,20250619,7호선,2752,온수,750,N,7호선,7113,2711,장암,709,N,10:54:30,,,7080,상행,2025-05-01T05:00:00,,주말
7호선,2712,도봉산,710,,20250619,7호선,3763,석남,761,N,7호선,7111,3763,석남,761,N,,09:11:00,,7082,상행,2025-05-01T05:00:00,,주말
7호선,2712,도봉산,710,,20250619,7호선,3763,석남,761,N,7호선,7111,3762,산곡,760,N,09:14:00,09:14:30,,7082,상행,2025-05-01T05:00:00,,주말
7호선,2712,도봉산,710,,20250619,7호선,3763,석남,761,N,7호선,7111,3761,부평구청,759,N,09:16:30,09:17:00,,7082,상행,2025-05-01T05:00:00,,주말
7호선,2712,도봉산,710,,20250619,7호선,3763,석남,761,N,7호선,7111,3760,굴포천,758,N,09:18:20,09:18:50,,7082,상행,2025-05-01T05:00:00,,주말
7호선,2712,도봉산,710,,20250619,7호선,3763,석남,761,N,7호선,7111,3759,삼산체육관,757,N,09:20:00,09:20:30,,7082,상행,2025-05-01T05:00:00,,주말
7호선,2712,도봉산,710,,20250619,7호선,3763,석남,761,N,7호선,7111,3758,상동,756,N,09:21:50,09:22:20,,7082,상행,2025-05-01T05:00:00,,주말
7호선,2712,도봉산,710,,20250619,7호선,3763,석남,761,N,7호선,7111,3757,부천시청,755,N,09:23:30,09:24:00,,7082,상행,2025-05-01T05:00:00,,주말
7호선,2712,도봉산,710,,20250619,7호선,3763,석남,761,N,7호선,7111,3756,신중동,754,N,09:25:20,09:25:50,,7082,상행,2025-05-01T05:00:00,,주말
7호선,2712,도봉산,710,,20250619,7호선,3763,석남,761,N,7호선,7111,3755,춘의,753,N,09:27:10,09:27:40,,7082,상행,2025-05-01T05:00:00,,주말
7호선,2712,도봉산,710,,20250619,7호선,3763,석남,761,N,7호선,7111,3754,부천종합운동장,752,N,09:29:00,09:29:30,,7082,상행,2025-05-01T05:00:00,,주말
7호선,2712,도봉산,710,,20250619,7호선,3763,석남,761,N,7호선,7111,3753,까치울,751,N,09:31:00,09:31:30,,7082,상행,2025-05-01T05:00:00,,주말
7호선,2712,도봉산,710,,20250619,7호선,3763,석남,761,N,7호선,7111,2752,온수,750,N,09:34:00,09:34:30,,7082,상행,2025-05-01T05:00:00,,주말
7호선,2712,도봉산,710,,20250619,7호선,3763,석남,761,N,7호선,7111,2751,천왕,749,N,09:36:50,09:37:10,,7082,상행,2025-05-01T05:00:00,,주말
7호선,2712,도봉산,710,,20250619,7호선,3763,석남,761,N,7호선,7111,2750,광명사거리,748,N,09:39:10,09:39:40,,7082,상행,2025-05-01T05:00:00,,주말
7호선,2712,도봉산,710,,20250619,7호선,3763,석남,761,N,7호선,7111,2749,철산,747,N,09:41:30,09:42:00,,7082,상행,2025-05-01T05:00:00,,주말
7호선,2712,도봉산,710,,20250619,7호선,3763,석남,761,N,7호선,7111,2748,가산디지털단지,746,N,09:44:00,09:44:30,,7082,상행,2025-05-01T05:00:00,,주말
7호선,2712,도봉산,710,,20250619,7호선,3763,석남,761,N,7호선,7111,2747,남구로,745,N,09:45:50,09:46:20,,7082,상행,2025-05-01T05:00:00,,주말
7호선,2712,도봉산,710,,20250619,7호선,3763,석남,761,N,7호선,7111,2746,대림,744,N,09:47:50,09:48:20,,7082,상행,2025-05-01T05:00:00,,주말
7호선,2712,도봉산,710,,20250619,7호선,3763,석남,761,N,7호선,7111,2745,신풍,743,N,09:50:20,09:50:50,,7082,상행,2025-05-01T05:00:00,,주말
7호선,2712,도봉산,710,,20250619,7호선,3763,석남,761,N,7호선,7111,2744,보라매,742,N,09:52:10,09:52:40,,7082,상행,2025-05-01T05:00:00,,주말
7호선,2712,도봉산,710,,20250619,7호선,3763,석남,761,N,7호선,7111,2743,신대방삼거리,741,N,09:53:50,09:54:20,,7082,상행,2025-05-01T05:00:00,,주말
7호선,2712,도봉산,710,,20250619,7호선,3763,석남,761,N,7호선,7111,2742,장승배기,740,N,09:56:10,09:56:40,,7082,상행,2025-05-01T05:00:00,,주말
7호선,2712,도봉산,710,,20250619,7호선,3763,석남,761,N,7호선,7111,2741,상도,739,N,09:58:10,09:58:40,,7082,상행,2025-05-01T05:00:00,,주말
7호선,2712,도봉산,710,,20250619,7호선,3763,석남,761,N,7호선,7111,2740,숭실대입구,738,N,09:59:50,10:00:20,,7082,상행,2025-05-01T05:00:00,,주말
7호선,2712,도봉산,710,,20250619,7호선,3763,석남,761,N,7호선,7111,2739,남성,737,N,10:02:50,10:03:20,,7082,상행,2025-05-01T05:00:00,,주말
7호선,2712,도봉산,710,,20250619,7호선,3763,석남,761,N,7호선,7111,2738,이수,736,N,10:04:40,10:05:20,,7082,상행,2025-05-01T05:00:00,,주말
7호선,2712,도봉산,710,,20250619,7호선,3763,석남,761,N,7호선,7111,2737,내방,735,N,10:06:50,10:07:20,,7082,상행,2025-05-01T05:00:00,,주말
7호선,2712,도봉산,710,,20250619,7호선,3763,석남,761,N,7호선,7111,2736,고속터미널,734,N,10:09:50,10:10:30,,7082,상행,2025-05-01T05:00:00,,주말
7호선,2712,도봉산,710,,20250619,7호선,3763,석남,761,N,7호선,7111,2735,반포,733,N,10:12:00,10:12:20,,7082,상행,2025-05-01T05:00:00,,주말
7호선,2712,도봉산,710,,20250619,7호선,3763,석남,761,N,7호선,7111,2734,논현,732,N,10:13:30,10:14:00,,7082,상행,2025-05-01T05:00:00,,주말
7호선,2712,도봉산,710,,20250619,7호선,3763,석남,761,N,7호선,7111,2733,학동,731,N,10:15:20,10:15:50,,7082,상행,2025-05-01T05:00:00,,주말
7호선,2712,도봉산,710,,20250619,7호선,3763,석남,761,N,7호선,7111,2732,강남구청,730,N,10:17:00,10:17:30,,7082,상행,2025-05-01T05:00:00,,주말
7호선,2712,도봉산,710,,20250619,7호선,3763,석남,761,N,7호선,7111,2731,청담,729,N,10:19:00,10:19:30,,7082,상행,2025-05-01T05:00:00,,주말
7호선,2712,도봉산,710,,20250619,7호선,3763,석남,761,N,7호선,7111,2730,자양,728,N,10:22:00,10:22:20,,7082,상행,2025-05-01T05:00:00,,주말
7호선,2712,도봉산,710,,20250619,7호선,3763,석남,761,N,7호선,7111,2729,건대입구,727,N,10:23:50,10:24:30,,7082,상행,2025-05-01T05:00:00,,주말
7호선,2712,도봉산,710,,20250619,7호선,3763,석남,761,N,7호선,7111,2728,어린이대공원,726,N,10:25:50,10:26:20,,7082,상행,2025-05-01T05:00:00,,주말
7호선,2712,도봉산,710,,20250619,7호선,3763,석남,761,N,7호선,7111,2727,군자,725,N,10:27:40,10:28:20,,7082,상행,2025-05-01T05:00:00,,주말
7호선,2712,도봉산,710,,20250619,7호선,3763,석남,761,N,7호선,7111,2726,중곡,724,N,10:29:40,10:30:10,,7082,상행,2025-05-01T05:00:00,,주말
7호선,2712,도봉산,710,,20250619,7호선,3763,석남,761,N,7호선,7111,2725,용마산,723,N,10:31:30,10:31:50,,7082,상행,2025-05-01T05:00:00,,주말
7호선,2712,도봉산,710,,20250619,7호선,3763,석남,761,N,7호선,7111,2724,사가정,722,N,10:33:00,10:33:30,,7082,상행,2025-05-01T05:00:00,,주말
7호선,2712,도봉산,710,,20250619,7호선,3763,석남,761,N,7호선,7111,2723,면목,721,N,10:34:40,10:35:10,,7082,상행,2025-05-01T05:00:00,,주말
7호선,2712,도봉산,710,,20250619,7호선,3763,석남,761,N,7호선,7111,2722,상봉,720,N,10:36:20,10:36:50,,7082,상행,2025-05-01T05:00:00,,주말
7호선,2712,도봉산,710,,20250619,7호선,3763,석남,761,N,7호선,7111,2721,중화,719,N,10:38:40,10:39:10,,7082,상행,2025-05-01T05:00:00,,주말
7호선,2712,도봉산,710,,20250619,7호선,3763,석남,761,N,7호선,7111,2720,먹골,718,N,10:40:30,10:41:00,,7082,상행,2025-05-01T05:00:00,,주말
7호선,2712,도봉산,710,,20250619,7호선,3763,석남,761,N,7호선,7111,2719,태릉입구,717,N,10:42:10,10:42:40,,7082,상행,2025-05-01T05:00:00,,주말
7호선,2712,도봉산,710,,20250619,7호선,3763,석남,761,N,7호선,7111,2718,공릉,716,N,10:43:40,10:44:10,,7082,상행,2025-05-01T05:00:00,,주말
7호선,2712,도봉산,710,,20250619,7호선,3763,석남,761,N,7호선,7111,2717,하계,715,N,10:45:40,10:46:10,,7082,상행,2025-05-01T05:00:00,,주말
7호선,2712,도봉산,710,,20250619,7호선,3763,석남,761,N,7호선,7111,2716,중계,714,N,10:47:20,10:47:50,,7082,상행,2025-05-01T05:00:00,,주말
7호선,2712,도봉산,710,,20250619,7호선,3763,석남,761,N,7호선,7111,2715,노원,713,N,10:49:10,10:49:40,,7082,상행,2025-05-01T05:00:00,,주말
7호선,2712,도봉산,710,,20250619,7호선,3763,석남,761,N,7호선,7111,2714,마들,712,N,10:51:10,10:51:40,,7082,상행,2025-05-01T05:00:00,,주말
7호선,2712,도봉산,710,,20250619,7호선,3763,석남,761,N,7호선,7111,2713,수락산,711,N,10:53:40,10:54:10,,7082,상행,2025-05-01T05:00:00,,주말
7호선,2712,도봉산,710,,20250619,7호선,3763,석남,761,N,7호선,7111,2712,도봉산,710,N,10:56:30,,,7082,상행,2025-05-01T05:00:00,,주말
7호선,2711,장암,709,,20250619,7호선,2752,온수,750,N,7호선,7117,2752,온수,750,N,,09:41:00,,7084,상행,2025-05-01T05:00:00,,주말
7호선,2711,장암,709,,20250619,7호선,2752,온수,750,N,7호선,7117,2751,천왕,749,N,09:43:20,09:43:40,,7084,상행,2025-05-01T05:00:00,,주말
7호선,2711,장암,709,,20250619,7호선,2752,온수,750,N,7호선,7117,2750,광명사거리,748,N,09:45:40,09:46:10,,7084,상행,2025-05-01T05:00:00,,주말
7호선,2711,장암,709,,20250619,7호선,2752,온수,750,N,7호선,7117,2749,철산,747,N,09:48:00,09:48:30,,7084,상행,2025-05-01T05:00:00,,주말
7호선,2711,장암,709,,20250619,7호선,2752,온수,750,N,7호선,7117,2748,가산디지털단지,746,N,09:50:30,09:51:00,,7084,상행,2025-05-01T05:00:00,,주말
7호선,2711,장암,709,,20250619,7호선,2752,온수,750,N,7호선,7117,2747,남구로,745,N,09:52:20,09:52:50,,7084,상행,2025-05-01T05:00:00,,주말
7호선,2711,장암,709,,20250619,7호선,2752,온수,750,N,7호선,7117,2746,대림,744,N,09:54:20,09:54:50,,7084,상행,2025-05-01T05:00:00,,주말
7호선,2711,장암,709,,20250619,7호선,2752,온수,750,N,7호선,7117,2745,신풍,743,N,09:56:50,09:57:20,,7084,상행,2025-05-01T05:00:00,,주말
7호선,2711,장암,709,,20250619,7호선,2752,온수,750,N,7호선,7117,2744,보라매,742,N,09:58:40,09:59:10,,7084,상행,2025-05-01T05:00:00,,주말
7호선,2711,장암,709,,20250619,7호선,2752,온수,750,N,7호선,7117,2743,신대방삼거리,741,N,10:00:20,10:00:50,,7084,상행,2025-05-01T05:00:00,,주말
7호선,2711,장암,709,,20250619,7호선,2752,온수,750,N,7호선,7117,2742,장승배기,740,N,10:02:40,10:03:10,,7084,상행,2025-05-01T05:00:00,,주말
7호선,2711,장암,709,,20250619,7호선,2752,온수,750,N,7호선,7117,2741,상도,739,N,10:04:40,10:05:10,,7084,상행,2025-05-01T05:00:00,,주말
7호선,2711,장암,709,,20250619,7호선,2752,온수,750,N,7호선,7117,2740,숭실대입구,738,N,10:06:20,10:06:50,,7084,상행,2025-05-01T05:00:00,,주말
7호선,2711,장암,709,,20250619,7호선,2752,온수,750,N,7호선,7117,2739,남성,737,N,10:09:20,10:09:50,,7084,상행,2025-05-01T05:00:00,,주말
7호선,2711,장암,709,,20250619,7호선,2752,온수,750,N,7호선,7117,2738,이수,736,N,10:11:10,10:11:50,,7084,상행,2025-05-01T05:00:00,,주말
7호선,2711,장암,709,,20250619,7호선,2752,온수,750,N,7호선,7117,2737,내방,735,N,10:13:20,10:13:50,,7084,상행,2025-05-01T05:00:00,,주말
7호선,2711,장암,709,,20250619,7호선,2752,온수,750,N,7호선,7117,2736,고속터미널,734,N,10:16:20,10:17:00,,7084,상행,2025-05-01T05:00:00,,주말
7호선,2711,장암,709,,20250619,7호선,2752,온수,750,N,7호선,7117,2735,반포,733,N,10:18:30,10:18:50,,7084,상행,2025-05-01T05:00:00,,주말
7호선,2711,장암,709,,20250619,7호선,2752,온수,750,N,7호선,7117,2734,논현,732,N,10:20:00,10:20:30,,7084,상행,2025-05-01T05:00:00,,주말
7호선,2711,장암,709,,20250619,7호선,2752,온수,750,N,7호선,7117,2733,학동,731,N,10:21:50,10:22:20,,7084,상행,2025-05-01T05:00:00,,주말
7호선,2711,장암,709,,20250619,7호선,2752,온수,750,N,7호선,7117,2732,강남구청,730,N,10:23:30,10:24:00,,7084,상행,2025-05-01T05:00:00,,주말
7호선,2711,장암,709,,20250619,7호선,2752,온수,750,N,7호선,7117,2731,청담,729,N,10:25:30,10:26:00,,7084,상행,2025-05-01T05:00:00,,주말
7호선,2711,장암,709,,20250619,7호선,2752,온수,750,N,7호선,7117,2730,자양,728,N,10:28:30,10:28:50,,7084,상행,2025-05-01T05:00:00,,주말
7호선,2711,장암,709,,20250619,7호선,2752,온수,750,N,7호선,7117,2729,건대입구,727,N,10:30:20,10:31:00,,7084,상행,2025-05-01T05:00:00,,주말
7호선,2711,장암,709,,20250619,7호선,2752,온수,750,N,7호선,7117,2728,어린이대공원,726,N,10:32:20,10:32:50,,7084,상행,2025-05-01T05:00:00,,주말
7호선,2711,장암,709,,20250619,7호선,2752,온수,750,N,7호선,7117,2727,군자,725,N,10:34:10,10:34:50,,7084,상행,2025-05-01T05:00:00,,주말
7호선,2711,장암,709,,20250619,7호선,2752,온수,750,N,7호선,7117,2726,중곡,724,N,10:36:10,10:36:40,,7084,상행,2025-05-01T05:00:00,,주말
7호선,2711,장암,709,,20250619,7호선,2752,온수,750,N,7호선,7117,2725,용마산,723,N,10:38:00,10:38:20,,7084,상행,2025-05-01T05:00:00,,주말
7호선,2711,장암,709,,20250619,7호선,2752,온수,750,N,7호선,7117,2724,사가정,722,N,10:39:30,10:40:00,,7084,상행,2025-05-01T05:00:00,,주말
7호선,2711,장암,709,,20250619,7호선,2752,온수,750,N,7호선,7117,2723,면목,721,N,10:41:10,10:41:40,,7084,상행,2025-05-01T05:00:00,,주말
7호선,2711,장암,709,,20250619,7호선,2752,온수,750,N,7호선,7117,2722,상봉,720,N,10:42:50,10:43:20,,7084,상행,2025-05-01T05:00:00,,주말
7호선,2711,장암,709,,20250619,7호선,2752,온수,750,N,7호선,7117,2721,중화,719,N,10:45:10,10:45:40,,7084,상행,2025-05-01T05:00:00,,주말
7호선,2711,장암,709,,20250619,7호선,2752,온수,750,N,7호선,7117,2720,먹골,718,N,10:47:00,10:47:30,,7084,상행,2025-05-01T05:00:00,,주말
7호선,2711,장암,709,,20250619,7호선,2752,온수,750,N,7호선,7117,2719,태릉입구,717,N,10:48:40,10:49:10,,7084,상행,2025-05-01T05:00:00,,주말
7호선,2711,장암,709,,20250619,7호선,2752,온수,750,N,7호선,7117,2718,공릉,716,N,10:50:10,10:50:40,,7084,상행,2025-05-01T05:00:00,,주말
7호선,2711,장암,709,,20250619,7호선,2752,온수,750,N,7호선,7117,2717,하계,715,N,10:52:10,10:52:40,,7084,상행,2025-05-01T05:00:00,,주말
7호선,2711,장암,709,,20250619,7호선,2752,온수,750,N,7호선,7117,2716,중계,714,N,10:53:50,10:54:20,,7084,상행,2025-05-01T05:00:00,,주말
7호선,2711,장암,709,,20250619,7호선,2752,온수,750,N,7호선,7117,2715,노원,713,N,10:55:40,10:56:10,,7084,상행,2025-05-01T05:00:00,,주말
7호선,2711,장암,709,,20250619,7호선,2752,온수,750,N,7호선,7117,2714,마들,712,N,10:57:40,10:58:10,,7084,상행,2025-05-01T05:00:00,,주말
7호선,2711,장암,709,,20250619,7호선,2752,온수,750,N,7호선,7117,2713,수락산,711,N,11:00:10,11:00:40,,7084,상행,2025-05-01T05:00:00,,주말
7호선,2711,장암,709,,20250619,7호선,2752,온수,750,N,7호선,7117,2712,도봉산,710,N,11:03:00,11:03:30,,7084,상행,2025-05-01T05:00:00,,주말
7호선,2711,장암,709,,20250619,7호선,2752,온수,750,N,7호선,7117,2711,장암,709,N,11:08:00,,,7084,상행,2025-05-01T05:00:00,,주말
7호선,2712,도봉산,710,,20250619,7호선,3763,석남,761,N,7호선,7115,3763,석남,761,N,,09:24:00,,7086,상행,2025-05-01T05:00:00,,주말
7호선,2712,도봉산,710,,20250619,7호선,3763,석남,761,N,7호선,7115,3762,산곡,760,N,09:27:00,09:27:30,,7086,상행,2025-05-01T05:00:00,,주말
7호선,2712,도봉산,710,,20250619,7호선,3763,석남,761,N,7호선,7115,3761,부평구청,759,N,09:29:30,09:30:00,,7086,상행,2025-05-01T05:00:00,,주말
7호선,2712,도봉산,710,,20250619,7호선,3763,석남,761,N,7호선,7115,3760,굴포천,758,N,09:31:20,09:31:50,,7086,상행,2025-05-01T05:00:00,,주말
7호선,2712,도봉산,710,,20250619,7호선,3763,석남,761,N,7호선,7115,3759,삼산체육관,757,N,09:33:00,09:33:30,,7086,상행,2025-05-01T05:00:00,,주말
7호선,2712,도봉산,710,,20250619,7호선,3763,석남,761,N,7호선,7115,3758,상동,756,N,09:34:50,09:35:20,,7086,상행,2025-05-01T05:00:00,,주말
7호선,2712,도봉산,710,,20250619,7호선,3763,석남,761,N,7호선,7115,3757,부천시청,755,N,09:36:30,09:37:00,,7086,상행,2025-05-01T05:00:00,,주말
7호선,2712,도봉산,710,,20250619,7호선,3763,석남,761,N,7호선,7115,3756,신중동,754,N,09:38:20,09:38:50,,7086,상행,2025-05-01T05:00:00,,주말
7호선,2712,도봉산,710,,20250619,7호선,3763,석남,761,N,7호선,7115,3755,춘의,753,N,09:40:10,09:40:40,,7086,상행,2025-05-01T05:00:00,,주말
7호선,2712,도봉산,710,,20250619,7호선,3763,석남,761,N,7호선,7115,3754,부천종합운동장,752,N,09:42:00,09:42:30,,7086,상행,2025-05-01T05:00:00,,주말
7호선,2712,도봉산,710,,20250619,7호선,3763,석남,761,N,7호선,7115,3753,까치울,751,N,09:44:00,09:44:30,,7086,상행,2025-05-01T05:00:00,,주말
7호선,2712,도봉산,710,,20250619,7호선,3763,석남,761,N,7호선,7115,2752,온수,750,N,09:47:00,09:47:30,,7086,상행,2025-05-01T05:00:00,,주말
7호선,2712,도봉산,710,,20250619,7호선,3763,석남,761,N,7호선,7115,2751,천왕,749,N,09:49:50,09:50:10,,7086,상행,2025-05-01T05:00:00,,주말
7호선,2712,도봉산,710,,20250619,7호선,3763,석남,761,N,7호선,7115,2750,광명사거리,748,N,09:52:10,09:52:40,,7086,상행,2025-05-01T05:00:00,,주말
7호선,2712,도봉산,710,,20250619,7호선,3763,석남,761,N,7호선,7115,2749,철산,747,N,09:54:30,09:55:00,,7086,상행,2025-05-01T05:00:00,,주말
7호선,2712,도봉산,710,,20250619,7호선,3763,석남,761,N,7호선,7115,2748,가산디지털단지,746,N,09:57:00,09:57:30,,7086,상행,2025-05-01T05:00:00,,주말
7호선,2712,도봉산,710,,20250619,7호선,3763,석남,761,N,7호선,7115,2747,남구로,745,N,09:58:50,09:59:20,,7086,상행,2025-05-01T05:00:00,,주말
7호선,2712,도봉산,710,,20250619,7호선,3763,석남,761,N,7호선,7115,2746,대림,744,N,10:00:50,10:01:20,,7086,상행,2025-05-01T05:00:00,,주말
7호선,2712,도봉산,710,,20250619,7호선,3763,석남,761,N,7호선,7115,2745,신풍,743,N,10:03:20,10:03:50,,7086,상행,2025-05-01T05:00:00,,주말
7호선,2712,도봉산,710,,20250619,7호선,3763,석남,761,N,7호선,7115,2744,보라매,742,N,10:05:10,10:05:40,,7086,상행,2025-05-01T05:00:00,,주말
7호선,2712,도봉산,710,,20250619,7호선,3763,석남,761,N,7호선,7115,2743,신대방삼거리,741,N,10:06:50,10:07:20,,7086,상행,2025-05-01T05:00:00,,주말
7호선,2712,도봉산,710,,20250619,7호선,3763,석남,761,N,7호선,7115,2742,장승배기,740,N,10:09:10,10:09:40,,7086,상행,2025-05-01T05:00:00,,주말
7호선,2712,도봉산,710,,20250619,7호선,3763,석남,761,N,7호선,7115,2741,상도,739,N,10:11:10,10:11:40,,7086,상행,2025-05-01T05:00:00,,주말
7호선,2712,도봉산,710,,20250619,7호선,3763,석남,761,N,7호선,7115,2740,숭실대입구,738,N,10:12:50,10:13:20,,7086,상행,2025-05-01T05:00:00,,주말
7호선,2712,도봉산,710,,20250619,7호선,3763,석남,761,N,7호선,7115,2739,남성,737,N,10:15:50,10:16:20,,7086,상행,2025-05-01T05:00:00,,주말
7호선,2712,도봉산,710,,20250619,7호선,3763,석남,761,N,7호선,7115,2738,이수,736,N,10:17:40,10:18:20,,7086,상행,2025-05-01T05:00:00,,주말
7호선,2712,도봉산,710,,20250619,7호선,3763,석남,761,N,7호선,7115,2737,내방,735,N,10:19:50,10:20:20,,7086,상행,2025-05-01T05:00:00,,주말
7호선,2712,도봉산,710,,20250619,7호선,3763,석남,761,N,7호선,7115,2736,고속터미널,734,N,10:22:50,10:23:30,,7086,상행,2025-05-01T05:00:00,,주말
7호선,2712,도봉산,710,,20250619,7호선,3763,석남,761,N,7호선,7115,2735,반포,733,N,10:25:00,10:25:20,,7086,상행,2025-05-01T05:00:00,,주말
7호선,2712,도봉산,710,,20250619,7호선,3763,석남,761,N,7호선,7115,2734,논현,732,N,10:26:30,10:27:00,,7086,상행,2025-05-01T05:00:00,,주말
7호선,2712,도봉산,710,,20250619,7호선,3763,석남,761,N,7호선,7115,2733,학동,731,N,10:28:20,10:28:50,,7086,상행,2025-05-01T05:00:00,,주말
7호선,2712,도봉산,710,,20250619,7호선,3763,석남,761,N,7호선,7115,2732,강남구청,730,N,10:30:00,10:30:30,,7086,상행,2025-05-01T05:00:00,,주말
7호선,2712,도봉산,710,,20250619,7호선,3763,석남,761,N,7호선,7115,2731,청담,729,N,10:32:00,10:32:30,,7086,상행,2025-05-01T05:00:00,,주말
7호선,2712,도봉산,710,,20250619,7호선,3763,석남,761,N,7호선,7115,2730,자양,728,N,10:35:00,10:35:20,,7086,상행,2025-05-01T05:00:00,,주말
7호선,2712,도봉산,710,,20250619,7호선,3763,석남,761,N,7호선,7115,2729,건대입구,727,N,10:36:50,10:37:30,,7086,상행,2025-05-01T05:00:00,,주말
7호선,2712,도봉산,710,,20250619,7호선,3763,석남,761,N,7호선,7115,2728,어린이대공원,726,N,10:38:50,10:39:20,,7086,상행,2025-05-01T05:00:00,,주말
7호선,2712,도봉산,710,,20250619,7호선,3763,석남,761,N,7호선,7115,2727,군자,725,N,10:40:40,10:41:20,,7086,상행,2025-05-01T05:00:00,,주말
7호선,2712,도봉산,710,,20250619,7호선,3763,석남,761,N,7호선,7115,2726,중곡,724,N,10:42:40,10:43:10,,7086,상행,2025-05-01T05:00:00,,주말
7호선,2712,도봉산,710,,20250619,7호선,3763,석남,761,N,7호선,7115,2725,용마산,723,N,10:44:30,10:44:50,,7086,상행,2025-05-01T05:00:00,,주말
7호선,2712,도봉산,710,,20250619,7호선,3763,석남,761,N,7호선,7115,2724,사가정,722,N,10:46:00,10:46:30,,7086,상행,2025-05-01T05:00:00,,주말
7호선,2712,도봉산,710,,20250619,7호선,3763,석남,761,N,7호선,7115,2723,면목,721,N,10:47:40,10:48:10,,7086,상행,2025-05-01T05:00:00,,주말
7호선,2712,도봉산,710,,20250619,7호선,3763,석남,761,N,7호선,7115,2722,상봉,720,N,10:49:20,10:49:50,,7086,상행,2025-05-01T05:00:00,,주말
7호선,2712,도봉산,710,,20250619,7호선,3763,석남,761,N,7호선,7115,2721,중화,719,N,10:51:40,10:52:10,,7086,상행,2025-05-01T05:00:00,,주말
7호선,2712,도봉산,710,,20250619,7호선,3763,석남,761,N,7호선,7115,2720,먹골,718,N,10:53:30,10:54:00,,7086,상행,2025-05-01T05:00:00,,주말
7호선,2712,도봉산,710,,20250619,7호선,3763,석남,761,N,7호선,7115,2719,태릉입구,717,N,10:55:10,10:55:40,,7086,상행,2025-05-01T05:00:00,,주말
7호선,2712,도봉산,710,,20250619,7호선,3763,석남,761,N,7호선,7115,2718,공릉,716,N,10:56:40,10:57:10,,7086,상행,2025-05-01T05:00:00,,주말
7호선,2712,도봉산,710,,20250619,7호선,3763,석남,761,N,7호선,7115,2717,하계,715,N,10:58:40,10:59:10,,7086,상행,2025-05-01T05:00:00,,주말
7호선,2712,도봉산,710,,20250619,7호선,3763,석남,761,N,7호선,7115,2716,중계,714,N,11:00:20,11:00:50,,7086,상행,2025-05-01T05:00:00,,주말
7호선,2712,도봉산,710,,20250619,7호선,3763,석남,761,N,7호선,7115,2715,노원,713,N,11:02:10,11:02:40,,7086,상행,2025-05-01T05:00:00,,주말
7호선,2712,도봉산,710,,20250619,7호선,3763,석남,761,N,7호선,7115,2714,마들,712,N,11:04:10,11:04:40,,7086,상행,2025-05-01T05:00:00,,주말
7호선,2712,도봉산,710,,20250619,7호선,3763,석남,761,N,7호선,7115,2713,수락산,711,N,11:06:40,11:07:10,,7086,상행,2025-05-01T05:00:00,,주말
7호선,2712,도봉산,710,,20250619,7호선,3763,석남,761,N,7호선,7115,2712,도봉산,710,N,11:09:30,,,7086,상행,2025-05-01T05:00:00,,주말
7호선,2711,장암,709,,20250619,7호선,2752,온수,750,N,7호선,7121,2752,온수,750,N,,09:54:00,,7088,상행,2025-05-01T05:00:00,,주말
7호선,2711,장암,709,,20250619,7호선,2752,온수,750,N,7호선,7121,2751,천왕,749,N,09:56:20,09:56:40,,7088,상행,2025-05-01T05:00:00,,주말
7호선,2711,장암,709,,20250619,7호선,2752,온수,750,N,7호선,7121,2750,광명사거리,748,N,09:58:40,09:59:10,,7088,상행,2025-05-01T05:00:00,,주말
7호선,2711,장암,709,,20250619,7호선,2752,온수,750,N,7호선,7121,2749,철산,747,N,10:01:00,10:01:30,,7088,상행,2025-05-01T05:00:00,,주말
7호선,2711,장암,709,,20250619,7호선,2752,온수,750,N,7호선,7121,2748,가산디지털단지,746,N,10:03:30,10:04:00,,7088,상행,2025-05-01T05:00:00,,주말
7호선,2711,장암,709,,20250619,7호선,2752,온수,750,N,7호선,7121,2747,남구로,745,N,10:05:20,10:05:50,,7088,상행,2025-05-01T05:00:00,,주말
7호선,2711,장암,709,,20250619,7호선,2752,온수,750,N,7호선,7121,2746,대림,744,N,10:07:20,10:07:50,,7088,상행,2025-05-01T05:00:00,,주말
7호선,2711,장암,709,,20250619,7호선,2752,온수,750,N,7호선,7121,2745,신풍,743,N,10:09:50,10:10:20,,7088,상행,2025-05-01T05:00:00,,주말
7호선,2711,장암,709,,20250619,7호선,2752,온수,750,N,7호선,7121,2744,보라매,742,N,10:11:40,10:12:10,,7088,상행,2025-05-01T05:00:00,,주말
7호선,2711,장암,709,,20250619,7호선,2752,온수,750,N,7호선,7121,2743,신대방삼거리,741,N,10:13:20,10:13:50,,7088,상행,2025-05-01T05:00:00,,주말
7호선,2711,장암,709,,20250619,7호선,2752,온수,750,N,7호선,7121,2742,장승배기,740,N,10:15:40,10:16:10,,7088,상행,2025-05-01T05:00:00,,주말
7호선,2711,장암,709,,20250619,7호선,2752,온수,750,N,7호선,7121,2741,상도,739,N,10:17:40,10:18:10,,7088,상행,2025-05-01T05:00:00,,주말
7호선,2711,장암,709,,20250619,7호선,2752,온수,750,N,7호선,7121,2740,숭실대입구,738,N,10:19:20,10:19:50,,7088,상행,2025-05-01T05:00:00,,주말
7호선,2711,장암,709,,20250619,7호선,2752,온수,750,N,7호선,7121,2739,남성,737,N,10:22:20,10:22:50,,7088,상행,2025-05-01T05:00:00,,주말
7호선,2711,장암,709,,20250619,7호선,2752,온수,750,N,7호선,7121,2738,이수,736,N,10:24:10,10:24:50,,7088,상행,2025-05-01T05:00:00,,주말
7호선,2711,장암,709,,20250619,7호선,2752,온수,750,N,7호선,7121,2737,내방,735,N,10:26:20,10:26:50,,7088,상행,2025-05-01T05:00:00,,주말
7호선,2711,장암,709,,20250619,7호선,2752,온수,750,N,7호선,7121,2736,고속터미널,734,N,10:29:20,10:30:00,,7088,상행,2025-05-01T05:00:00,,주말
7호선,2711,장암,709,,20250619,7호선,2752,온수,750,N,7호선,7121,2735,반포,733,N,10:31:30,10:31:50,,7088,상행,2025-05-01T05:00:00,,주말
7호선,2711,장암,709,,20250619,7호선,2752,온수,750,N,7호선,7121,2734,논현,732,N,10:33:00,10:33:30,,7088,상행,2025-05-01T05:00:00,,주말
7호선,2711,장암,709,,20250619,7호선,2752,온수,750,N,7호선,7121,2733,학동,731,N,10:34:50,10:35:20,,7088,상행,2025-05-01T05:00:00,,주말
7호선,2711,장암,709,,20250619,7호선,2752,온수,750,N,7호선,7121,2732,강남구청,730,N,10:36:30,10:37:00,,7088,상행,2025-05-01T05:00:00,,주말
7호선,2711,장암,709,,20250619,7호선,2752,온수,750,N,7호선,7121,2731,청담,729,N,10:38:30,10:39:00,,7088,상행,2025-05-01T05:00:00,,주말
7호선,2711,장암,709,,20250619,7호선,2752,온수,750,N,7호선,7121,2730,자양,728,N,10:41:30,10:41:50,,7088,상행,2025-05-01T05:00:00,,주말
7호선,2711,장암,709,,20250619,7호선,2752,온수,750,N,7호선,7121,2729,건대입구,727,N,10:43:20,10:44:00,,7088,상행,2025-05-01T05:00:00,,주말
7호선,2711,장암,709,,20250619,7호선,2752,온수,750,N,7호선,7121,2728,어린이대공원,726,N,10:45:20,10:45:50,,7088,상행,2025-05-01T05:00:00,,주말
7호선,2711,장암,709,,20250619,7호선,2752,온수,750,N,7호선,7121,2727,군자,725,N,10:47:10,10:47:50,,7088,상행,2025-05-01T05:00:00,,주말
7호선,2711,장암,709,,20250619,7호선,2752,온수,750,N,7호선,7121,2726,중곡,724,N,10:49:10,10:49:40,,7088,상행,2025-05-01T05:00:00,,주말
7호선,2711,장암,709,,20250619,7호선,2752,온수,750,N,7호선,7121,2725,용마산,723,N,10:51:00,10:51:20,,7088,상행,2025-05-01T05:00:00,,주말
7호선,2711,장암,709,,20250619,7호선,2752,온수,750,N,7호선,7121,2724,사가정,722,N,10:52:30,10:53:00,,7088,상행,2025-05-01T05:00:00,,주말
7호선,2711,장암,709,,20250619,7호선,2752,온수,750,N,7호선,7121,2723,면목,721,N,10:54:10,10:54:40,,7088,상행,2025-05-01T05:00:00,,주말
7호선,2711,장암,709,,20250619,7호선,2752,온수,750,N,7호선,7121,2722,상봉,720,N,10:55:50,10:56:20,,7088,상행,2025-05-01T05:00:00,,주말
7호선,2711,장암,709,,20250619,7호선,2752,온수,750,N,7호선,7121,2721,중화,719,N,10:58:10,10:58:40,,7088,상행,2025-05-01T05:00:00,,주말
7호선,2711,장암,709,,20250619,7호선,2752,온수,750,N,7호선,7121,2720,먹골,718,N,11:00:00,11:00:30,,7088,상행,2025-05-01T05:00:00,,주말
7호선,2711,장암,709,,20250619,7호선,2752,온수,750,N,7호선,7121,2719,태릉입구,717,N,11:01:40,11:02:10,,7088,상행,2025-05-01T05:00:00,,주말
7호선,2711,장암,709,,20250619,7호선,2752,온수,750,N,7호선,7121,2718,공릉,716,N,11:03:10,11:03:40,,7088,상행,2025-05-01T05:00:00,,주말
7호선,2711,장암,709,,20250619,7호선,2752,온수,750,N,7호선,7121,2717,하계,715,N,11:05:10,11:05:40,,7088,상행,2025-05-01T05:00:00,,주말
7호선,2711,장암,709,,20250619,7호선,2752,온수,750,N,7호선,7121,2716,중계,714,N,11:06:50,11:07:20,,7088,상행,2025-05-01T05:00:00,,주말
7호선,2711,장암,709,,20250619,7호선,2752,온수,750,N,7호선,7121,2715,노원,713,N,11:08:40,11:09:10,,7088,상행,2025-05-01T05:00:00,,주말
7호선,2711,장암,709,,20250619,7호선,2752,온수,750,N,7호선,7121,2714,마들,712,N,11:10:40,11:11:10,,7088,상행,2025-05-01T05:00:00,,주말
7호선,2711,장암,709,,20250619,7호선,2752,온수,750,N,7호선,7121,2713,수락산,711,N,11:13:10,11:13:40,,7088,상행,2025-05-01T05:00:00,,주말
7호선,2711,장암,709,,20250619,7호선,2752,온수,750,N,7호선,7121,2712,도봉산,710,N,11:16:00,11:16:30,,7088,상행,2025-05-01T05:00:00,,주말
7호선,2711,장암,709,,20250619,7호선,2752,온수,750,N,7호선,7121,2711,장암,709,N,11:21:00,,,7088,상행,2025-05-01T05:00:00,,주말
7호선,2712,도봉산,710,,20250619,7호선,3763,석남,761,N,7호선,7119,3763,석남,761,N,,09:37:00,,7090,상행,2025-05-01T05:00:00,,주말
7호선,2712,도봉산,710,,20250619,7호선,3763,석남,761,N,7호선,7119,3762,산곡,760,N,09:40:00,09:40:30,,7090,상행,2025-05-01T05:00:00,,주말
7호선,2712,도봉산,710,,20250619,7호선,3763,석남,761,N,7호선,7119,3761,부평구청,759,N,09:42:30,09:43:00,,7090,상행,2025-05-01T05:00:00,,주말
7호선,2712,도봉산,710,,20250619,7호선,3763,석남,761,N,7호선,7119,3760,굴포천,758,N,09:44:20,09:44:50,,7090,상행,2025-05-01T05:00:00,,주말
7호선,2712,도봉산,710,,20250619,7호선,3763,석남,761,N,7호선,7119,3759,삼산체육관,757,N,09:46:00,09:46:30,,7090,상행,2025-05-01T05:00:00,,주말
7호선,2712,도봉산,710,,20250619,7호선,3763,석남,761,N,7호선,7119,3758,상동,756,N,09:47:50,09:48:20,,7090,상행,2025-05-01T05:00:00,,주말
7호선,2712,도봉산,710,,20250619,7호선,3763,석남,761,N,7호선,7119,3757,부천시청,755,N,09:49:30,09:50:00,,7090,상행,2025-05-01T05:00:00,,주말
7호선,2712,도봉산,710,,20250619,7호선,3763,석남,761,N,7호선,7119,3756,신중동,754,N,09:51:20,09:51:50,,7090,상행,2025-05-01T05:00:00,,주말
7호선,2712,도봉산,710,,20250619,7호선,3763,석남,761,N,7호선,7119,3755,춘의,753,N,09:53:10,09:53:40,,7090,상행,2025-05-01T05:00:00,,주말
7호선,2712,도봉산,710,,20250619,7호선,3763,석남,761,N,7호선,7119,3754,부천종합운동장,752,N,09:55:00,09:55:30,,7090,상행,2025-05-01T05:00:00,,주말
7호선,2712,도봉산,710,,20250619,7호선,3763,석남,761,N,7호선,7119,3753,까치울,751,N,09:57:00,09:57:30,,7090,상행,2025-05-01T05:00:00,,주말
7호선,2712,도봉산,710,,20250619,7호선,3763,석남,761,N,7호선,7119,2752,온수,750,N,10:00:00,10:00:30,,7090,상행,2025-05-01T05:00:00,,주말
7호선,2712,도봉산,710,,20250619,7호선,3763,석남,761,N,7호선,7119,2751,천왕,749,N,10:02:50,10:03:10,,7090,상행,2025-05-01T05:00:00,,주말
7호선,2712,도봉산,710,,20250619,7호선,3763,석남,761,N,7호선,7119,2750,광명사거리,748,N,10:05:10,10:05:40,,7090,상행,2025-05-01T05:00:00,,주말
7호선,2712,도봉산,710,,20250619,7호선,3763,석남,761,N,7호선,7119,2749,철산,747,N,10:07:30,10:08:00,,7090,상행,2025-05-01T05:00:00,,주말
7호선,2712,도봉산,710,,20250619,7호선,3763,석남,761,N,7호선,7119,2748,가산디지털단지,746,N,10:10:00,10:10:30,,7090,상행,2025-05-01T05:00:00,,주말
7호선,2712,도봉산,710,,20250619,7호선,3763,석남,761,N,7호선,7119,2747,남구로,745,N,10:11:50,10:12:20,,7090,상행,2025-05-01T05:00:00,,주말
7호선,2712,도봉산,710,,20250619,7호선,3763,석남,761,N,7호선,7119,2746,대림,744,N,10:13:50,10:14:20,,7090,상행,2025-05-01T05:00:00,,주말
7호선,2712,도봉산,710,,20250619,7호선,3763,석남,761,N,7호선,7119,2745,신풍,743,N,10:16:20,10:16:50,,7090,상행,2025-05-01T05:00:00,,주말
7호선,2712,도봉산,710,,20250619,7호선,3763,석남,761,N,7호선,7119,2744,보라매,742,N,10:18:10,10:18:40,,7090,상행,2025-05-01T05:00:00,,주말
7호선,2712,도봉산,710,,20250619,7호선,3763,석남,761,N,7호선,7119,2743,신대방삼거리,741,N,10:19:50,10:20:20,,7090,상행,2025-05-01T05:00:00,,주말
7호선,2712,도봉산,710,,20250619,7호선,3763,석남,761,N,7호선,7119,2742,장승배기,740,N,10:22:10,10:22:40,,7090,상행,2025-05-01T05:00:00,,주말
7호선,2712,도봉산,710,,20250619,7호선,3763,석남,761,N,7호선,7119,2741,상도,739,N,10:24:10,10:24:40,,7090,상행,2025-05-01T05:00:00,,주말
7호선,2712,도봉산,710,,20250619,7호선,3763,석남,761,N,7호선,7119,2740,숭실대입구,738,N,10:25:50,10:26:20,,7090,상행,2025-05-01T05:00:00,,주말
7호선,2712,도봉산,710,,20250619,7호선,3763,석남,761,N,7호선,7119,2739,남성,737,N,10:28:50,10:29:20,,7090,상행,2025-05-01T05:00:00,,주말
7호선,2712,도봉산,710,,20250619,7호선,3763,석남,761,N,7호선,7119,2738,이수,736,N,10:30:40,10:31:20,,7090,상행,2025-05-01T05:00:00,,주말
7호선,2712,도봉산,710,,20250619,7호선,3763,석남,761,N,7호선,7119,2737,내방,735,N,10:32:50,10:33:20,,7090,상행,2025-05-01T05:00:00,,주말
7호선,2712,도봉산,710,,20250619,7호선,3763,석남,761,N,7호선,7119,2736,고속터미널,734,N,10:35:50,10:36:30,,7090,상행,2025-05-01T05:00:00,,주말
7호선,2712,도봉산,710,,20250619,7호선,3763,석남,761,N,7호선,7119,2735,반포,733,N,10:38:00,10:38:20,,7090,상행,2025-05-01T05:00:00,,주말
7호선,2712,도봉산,710,,20250619,7호선,3763,석남,761,N,7호선,7119,2734,논현,732,N,10:39:30,10:40:00,,7090,상행,2025-05-01T05:00:00,,주말
7호선,2712,도봉산,710,,20250619,7호선,3763,석남,761,N,7호선,7119,2733,학동,731,N,10:41:20,10:41:50,,7090,상행,2025-05-01T05:00:00,,주말
7호선,2712,도봉산,710,,20250619,7호선,3763,석남,761,N,7호선,7119,2732,강남구청,730,N,10:43:00,10:43:30,,7090,상행,2025-05-01T05:00:00,,주말
7호선,2712,도봉산,710,,20250619,7호선,3763,석남,761,N,7호선,7119,2731,청담,729,N,10:45:00,10:45:30,,7090,상행,2025-05-01T05:00:00,,주말
7호선,2712,도봉산,710,,20250619,7호선,3763,석남,761,N,7호선,7119,2730,자양,728,N,10:48:00,10:48:20,,7090,상행,2025-05-01T05:00:00,,주말
7호선,2712,도봉산,710,,20250619,7호선,3763,석남,761,N,7호선,7119,2729,건대입구,727,N,10:49:50,10:50:30,,7090,상행,2025-05-01T05:00:00,,주말
7호선,2712,도봉산,710,,20250619,7호선,3763,석남,761,N,7호선,7119,2728,어린이대공원,726,N,10:51:50,10:52:20,,7090,상행,2025-05-01T05:00:00,,주말
7호선,2712,도봉산,710,,20250619,7호선,3763,석남,761,N,7호선,7119,2727,군자,725,N,10:53:40,10:54:20,,7090,상행,2025-05-01T05:00:00,,주말
7호선,2712,도봉산,710,,20250619,7호선,3763,석남,761,N,7호선,7119,2726,중곡,724,N,10:55:40,10:56:10,,7090,상행,2025-05-01T05:00:00,,주말
7호선,2712,도봉산,710,,20250619,7호선,3763,석남,761,N,7호선,7119,2725,용마산,723,N,10:57:30,10:57:50,,7090,상행,2025-05-01T05:00:00,,주말
7호선,2712,도봉산,710,,20250619,7호선,3763,석남,761,N,7호선,7119,2724,사가정,722,N,10:59:00,10:59:30,,7090,상행,2025-05-01T05:00:00,,주말
7호선,2712,도봉산,710,,20250619,7호선,3763,석남,761,N,7호선,7119,2723,면목,721,N,11:00:40,11:01:10,,7090,상행,2025-05-01T05:00:00,,주말
7호선,2712,도봉산,710,,20250619,7호선,3763,석남,761,N,7호선,7119,2722,상봉,720,N,11:02:20,11:02:50,,7090,상행,2025-05-01T05:00:00,,주말
7호선,2712,도봉산,710,,20250619,7호선,3763,석남,761,N,7호선,7119,2721,중화,719,N,11:04:40,11:05:10,,7090,상행,2025-05-01T05:00:00,,주말
7호선,2712,도봉산,710,,20250619,7호선,3763,석남,761,N,7호선,7119,2720,먹골,718,N,11:06:30,11:07:00,,7090,상행,2025-05-01T05:00:00,,주말
7호선,2712,도봉산,710,,20250619,7호선,3763,석남,761,N,7호선,7119,2719,태릉입구,717,N,11:08:10,11:08:40,,7090,상행,2025-05-01T05:00:00,,주말
7호선,2712,도봉산,710,,20250619,7호선,3763,석남,761,N,7호선,7119,2718,공릉,716,N,11:09:40,11:10:10,,7090,상행,2025-05-01T05:00:00,,주말
7호선,2712,도봉산,710,,20250619,7호선,3763,석남,761,N,7호선,7119,2717,하계,715,N,11:11:40,11:12:10,,7090,상행,2025-05-01T05:00:00,,주말
7호선,2712,도봉산,710,,20250619,7호선,3763,석남,761,N,7호선,7119,2716,중계,714,N,11:13:20,11:13:50,,7090,상행,2025-05-01T05:00:00,,주말
7호선,2712,도봉산,710,,20250619,7호선,3763,석남,761,N,7호선,7119,2715,노원,713,N,11:15:10,11:15:40,,7090,상행,2025-05-01T05:00:00,,주말
7호선,2712,도봉산,710,,20250619,7호선,3763,석남,761,N,7호선,7119,2714,마들,712,N,11:17:10,11:17:40,,7090,상행,2025-05-01T05:00:00,,주말
7호선,2712,도봉산,710,,20250619,7호선,3763,석남,761,N,7호선,7119,2713,수락산,711,N,11:19:40,11:20:10,,7090,상행,2025-05-01T05:00:00,,주말
7호선,2712,도봉산,710,,20250619,7호선,3763,석남,761,N,7호선,7119,2712,도봉산,710,N,11:22:30,,,7090,상행,2025-05-01T05:00:00,,주말
7호선,2711,장암,709,,20250619,7호선,2752,온수,750,N,7호선,7125,2752,온수,750,N,,10:07:00,,7092,상행,2025-05-01T05:00:00,,주말
7호선,2711,장암,709,,20250619,7호선,2752,온수,750,N,7호선,7125,2751,천왕,749,N,10:09:20,10:09:40,,7092,상행,2025-05-01T05:00:00,,주말
7호선,2711,장암,709,,20250619,7호선,2752,온수,750,N,7호선,7125,2750,광명사거리,748,N,10:11:40,10:12:10,,7092,상행,2025-05-01T05:00:00,,주말
7호선,2711,장암,709,,20250619,7호선,2752,온수,750,N,7호선,7125,2749,철산,747,N,10:14:00,10:14:30,,7092,상행,2025-05-01T05:00:00,,주말
7호선,2711,장암,709,,20250619,7호선,2752,온수,750,N,7호선,7125,2748,가산디지털단지,746,N,10:16:30,10:17:00,,7092,상행,2025-05-01T05:00:00,,주말
7호선,2711,장암,709,,20250619,7호선,2752,온수,750,N,7호선,7125,2747,남구로,745,N,10:18:20,10:18:50,,7092,상행,2025-05-01T05:00:00,,주말
7호선,2711,장암,709,,20250619,7호선,2752,온수,750,N,7호선,7125,2746,대림,744,N,10:20:20,10:20:50,,7092,상행,2025-05-01T05:00:00,,주말
7호선,2711,장암,709,,20250619,7호선,2752,온수,750,N,7호선,7125,2745,신풍,743,N,10:22:50,10:23:20,,7092,상행,2025-05-01T05:00:00,,주말
7호선,2711,장암,709,,20250619,7호선,2752,온수,750,N,7호선,7125,2744,보라매,742,N,10:24:40,10:25:10,,7092,상행,2025-05-01T05:00:00,,주말
7호선,2711,장암,709,,20250619,7호선,2752,온수,750,N,7호선,7125,2743,신대방삼거리,741,N,10:26:20,10:26:50,,7092,상행,2025-05-01T05:00:00,,주말
7호선,2711,장암,709,,20250619,7호선,2752,온수,750,N,7호선,7125,2742,장승배기,740,N,10:28:40,10:29:10,,7092,상행,2025-05-01T05:00:00,,주말
7호선,2711,장암,709,,20250619,7호선,2752,온수,750,N,7호선,7125,2741,상도,739,N,10:30:40,10:31:10,,7092,상행,2025-05-01T05:00:00,,주말
7호선,2711,장암,709,,20250619,7호선,2752,온수,750,N,7호선,7125,2740,숭실대입구,738,N,10:32:20,10:32:50,,7092,상행,2025-05-01T05:00:00,,주말
7호선,2711,장암,709,,20250619,7호선,2752,온수,750,N,7호선,7125,2739,남성,737,N,10:35:20,10:35:50,,7092,상행,2025-05-01T05:00:00,,주말
7호선,2711,장암,709,,20250619,7호선,2752,온수,750,N,7호선,7125,2738,이수,736,N,10:37:10,10:37:50,,7092,상행,2025-05-01T05:00:00,,주말
7호선,2711,장암,709,,20250619,7호선,2752,온수,750,N,7호선,7125,2737,내방,735,N,10:39:20,10:39:50,,7092,상행,2025-05-01T05:00:00,,주말
7호선,2711,장암,709,,20250619,7호선,2752,온수,750,N,7호선,7125,2736,고속터미널,734,N,10:42:20,10:43:00,,7092,상행,2025-05-01T05:00:00,,주말
7호선,2711,장암,709,,20250619,7호선,2752,온수,750,N,7호선,7125,2735,반포,733,N,10:44:30,10:44:50,,7092,상행,2025-05-01T05:00:00,,주말
7호선,2711,장암,709,,20250619,7호선,2752,온수,750,N,7호선,7125,2734,논현,732,N,10:46:00,10:46:30,,7092,상행,2025-05-01T05:00:00,,주말
7호선,2711,장암,709,,20250619,7호선,2752,온수,750,N,7호선,7125,2733,학동,731,N,10:47:50,10:48:20,,7092,상행,2025-05-01T05:00:00,,주말
7호선,2711,장암,709,,20250619,7호선,2752,온수,750,N,7호선,7125,2732,강남구청,730,N,10:49:30,10:50:00,,7092,상행,2025-05-01T05:00:00,,주말
7호선,2711,장암,709,,20250619,7호선,2752,온수,750,N,7호선,7125,2731,청담,729,N,10:51:30,10:52:00,,7092,상행,2025-05-01T05:00:00,,주말
7호선,2711,장암,709,,20250619,7호선,2752,온수,750,N,7호선,7125,2730,자양,728,N,10:54:30,10:54:50,,7092,상행,2025-05-01T05:00:00,,주말
7호선,2711,장암,709,,20250619,7호선,2752,온수,750,N,7호선,7125,2729,건대입구,727,N,10:56:20,10:57:00,,7092,상행,2025-05-01T05:00:00,,주말
7호선,2711,장암,709,,20250619,7호선,2752,온수,750,N,7호선,7125,2728,어린이대공원,726,N,10:58:20,10:58:50,,7092,상행,2025-05-01T05:00:00,,주말
7호선,2711,장암,709,,20250619,7호선,2752,온수,750,N,7호선,7125,2727,군자,725,N,11:00:10,11:00:50,,7092,상행,2025-05-01T05:00:00,,주말
7호선,2711,장암,709,,20250619,7호선,2752,온수,750,N,7호선,7125,2726,중곡,724,N,11:02:10,11:02:40,,7092,상행,2025-05-01T05:00:00,,주말
7호선,2711,장암,709,,20250619,7호선,2752,온수,750,N,7호선,7125,2725,용마산,723,N,11:04:00,11:04:20,,7092,상행,2025-05-01T05:00:00,,주말
7호선,2711,장암,709,,20250619,7호선,2752,온수,750,N,7호선,7125,2724,사가정,722,N,11:05:30,11:06:00,,7092,상행,2025-05-01T05:00:00,,주말
7호선,2711,장암,709,,20250619,7호선,2752,온수,750,N,7호선,7125,2723,면목,721,N,11:07:10,11:07:40,,7092,상행,2025-05-01T05:00:00,,주말
7호선,2711,장암,709,,20250619,7호선,2752,온수,750,N,7호선,7125,2722,상봉,720,N,11:08:50,11:09:20,,7092,상행,2025-05-01T05:00:00,,주말
7호선,2711,장암,709,,20250619,7호선,2752,온수,750,N,7호선,7125,2721,중화,719,N,11:11:10,11:11:40,,7092,상행,2025-05-01T05:00:00,,주말
7호선,2711,장암,709,,20250619,7호선,2752,온수,750,N,7호선,7125,2720,먹골,718,N,11:13:00,11:13:30,,7092,상행,2025-05-01T05:00:00,,주말
7호선,2711,장암,709,,20250619,7호선,2752,온수,750,N,7호선,7125,2719,태릉입구,717,N,11:14:40,11:15:10,,7092,상행,2025-05-01T05:00:00,,주말
7호선,2711,장암,709,,20250619,7호선,2752,온수,750,N,7호선,7125,2718,공릉,716,N,11:16:10,11:16:40,,7092,상행,2025-05-01T05:00:00,,주말
7호선,2711,장암,709,,20250619,7호선,2752,온수,750,N,7호선,7125,2717,하계,715,N,11:18:10,11:18:40,,7092,상행,2025-05-01T05:00:00,,주말
7호선,2711,장암,709,,20250619,7호선,2752,온수,750,N,7호선,7125,2716,중계,714,N,11:19:50,11:20:20,,7092,상행,2025-05-01T05:00:00,,주말
7호선,2711,장암,709,,20250619,7호선,2752,온수,750,N,7호선,7125,2715,노원,713,N,11:21:40,11:22:10,,7092,상행,2025-05-01T05:00:00,,주말
7호선,2711,장암,709,,20250619,7호선,2752,온수,750,N,7호선,7125,2714,마들,712,N,11:23:40,11:24:10,,7092,상행,2025-05-01T05:00:00,,주말
7호선,2711,장암,709,,20250619,7호선,2752,온수,750,N,7호선,7125,2713,수락산,711,N,11:26:10,11:26:40,,7092,상행,2025-05-01T05:00:00,,주말
7호선,2711,장암,709,,20250619,7호선,2752,온수,750,N,7호선,7125,2712,도봉산,710,N,11:29:00,11:29:30,,7092,상행,2025-05-01T05:00:00,,주말
7호선,2711,장암,709,,20250619,7호선,2752,온수,750,N,7호선,7125,2711,장암,709,N,11:34:00,,,7092,상행,2025-05-01T05:00:00,,주말
7호선,2712,도봉산,710,,20250619,7호선,3763,석남,761,N,7호선,7123,3763,석남,761,N,,09:50:00,,7094,상행,2025-05-01T05:00:00,,주말
7호선,2712,도봉산,710,,20250619,7호선,3763,석남,761,N,7호선,7123,3762,산곡,760,N,09:53:00,09:53:30,,7094,상행,2025-05-01T05:00:00,,주말
7호선,2712,도봉산,710,,20250619,7호선,3763,석남,761,N,7호선,7123,3761,부평구청,759,N,09:55:30,09:56:00,,7094,상행,2025-05-01T05:00:00,,주말
7호선,2712,도봉산,710,,20250619,7호선,3763,석남,761,N,7호선,7123,3760,굴포천,758,N,09:57:20,09:57:50,,7094,상행,2025-05-01T05:00:00,,주말
7호선,2712,도봉산,710,,20250619,7호선,3763,석남,761,N,7호선,7123,3759,삼산체육관,757,N,09:59:00,09:59:30,,7094,상행,2025-05-01T05:00:00,,주말
7호선,2712,도봉산,710,,20250619,7호선,3763,석남,761,N,7호선,7123,3758,상동,756,N,10:00:50,10:01:20,,7094,상행,2025-05-01T05:00:00,,주말
7호선,2712,도봉산,710,,20250619,7호선,3763,석남,761,N,7호선,7123,3757,부천시청,755,N,10:02:30,10:03:00,,7094,상행,2025-05-01T05:00:00,,주말
7호선,2712,도봉산,710,,20250619,7호선,3763,석남,761,N,7호선,7123,3756,신중동,754,N,10:04:20,10:04:50,,7094,상행,2025-05-01T05:00:00,,주말
7호선,2712,도봉산,710,,20250619,7호선,3763,석남,761,N,7호선,7123,3755,춘의,753,N,10:06:10,10:06:40,,7094,상행,2025-05-01T05:00:00,,주말
7호선,2712,도봉산,710,,20250619,7호선,3763,석남,761,N,7호선,7123,3754,부천종합운동장,752,N,10:08:00,10:08:30,,7094,상행,2025-05-01T05:00:00,,주말
7호선,2712,도봉산,710,,20250619,7호선,3763,석남,761,N,7호선,7123,3753,까치울,751,N,10:10:00,10:10:30,,7094,상행,2025-05-01T05:00:00,,주말
7호선,2712,도봉산,710,,20250619,7호선,3763,석남,761,N,7호선,7123,2752,온수,750,N,10:13:00,10:13:30,,7094,상행,2025-05-01T05:00:00,,주말
7호선,2712,도봉산,710,,20250619,7호선,3763,석남,761,N,7호선,7123,2751,천왕,749,N,10:15:50,10:16:10,,7094,상행,2025-05-01T05:00:00,,주말
7호선,2712,도봉산,710,,20250619,7호선,3763,석남,761,N,7호선,7123,2750,광명사거리,748,N,10:18:10,10:18:40,,7094,상행,2025-05-01T05:00:00,,주말
7호선,2712,도봉산,710,,20250619,7호선,3763,석남,761,N,7호선,7123,2749,철산,747,N,10:20:30,10:21:00,,7094,상행,2025-05-01T05:00:00,,주말
7호선,2712,도봉산,710,,20250619,7호선,3763,석남,761,N,7호선,7123,2748,가산디지털단지,746,N,10:23:00,10:23:30,,7094,상행,2025-05-01T05:00:00,,주말
7호선,2712,도봉산,710,,20250619,7호선,3763,석남,761,N,7호선,7123,2747,남구로,745,N,10:24:50,10:25:20,,7094,상행,2025-05-01T05:00:00,,주말
7호선,2712,도봉산,710,,20250619,7호선,3763,석남,761,N,7호선,7123,2746,대림,744,N,10:26:50,10:27:20,,7094,상행,2025-05-01T05:00:00,,주말
7호선,2712,도봉산,710,,20250619,7호선,3763,석남,761,N,7호선,7123,2745,신풍,743,N,10:29:20,10:29:50,,7094,상행,2025-05-01T05:00:00,,주말
7호선,2712,도봉산,710,,20250619,7호선,3763,석남,761,N,7호선,7123,2744,보라매,742,N,10:31:10,10:31:40,,7094,상행,2025-05-01T05:00:00,,주말
7호선,2712,도봉산,710,,20250619,7호선,3763,석남,761,N,7호선,7123,2743,신대방삼거리,741,N,10:32:50,10:33:20,,7094,상행,2025-05-01T05:00:00,,주말
7호선,2712,도봉산,710,,20250619,7호선,3763,석남,761,N,7호선,7123,2742,장승배기,740,N,10:35:10,10:35:40,,7094,상행,2025-05-01T05:00:00,,주말
7호선,2712,도봉산,710,,20250619,7호선,3763,석남,761,N,7호선,7123,2741,상도,739,N,10:37:10,10:37:40,,7094,상행,2025-05-01T05:00:00,,주말
7호선,2712,도봉산,710,,20250619,7호선,3763,석남,761,N,7호선,7123,2740,숭실대입구,738,N,10:38:50,10:39:20,,7094,상행,2025-05-01T05:00:00,,주말
7호선,2712,도봉산,710,,20250619,7호선,3763,석남,761,N,7호선,7123,2739,남성,737,N,10:41:50,10:42:20,,7094,상행,2025-05-01T05:00:00,,주말
7호선,2712,도봉산,710,,20250619,7호선,3763,석남,761,N,7호선,7123,2738,이수,736,N,10:43:40,10:44:20,,7094,상행,2025-05-01T05:00:00,,주말
7호선,2712,도봉산,710,,20250619,7호선,3763,석남,761,N,7호선,7123,2737,내방,735,N,10:45:50,10:46:20,,7094,상행,2025-05-01T05:00:00,,주말
7호선,2712,도봉산,710,,20250619,7호선,3763,석남,761,N,7호선,7123,2736,고속터미널,734,N,10:48:50,10:49:30,,7094,상행,2025-05-01T05:00:00,,주말
7호선,2712,도봉산,710,,20250619,7호선,3763,석남,761,N,7호선,7123,2735,반포,733,N,10:51:00,10:51:20,,7094,상행,2025-05-01T05:00:00,,주말
7호선,2712,도봉산,710,,20250619,7호선,3763,석남,761,N,7호선,7123,2734,논현,732,N,10:52:30,10:53:00,,7094,상행,2025-05-01T05:00:00,,주말
7호선,2712,도봉산,710,,20250619,7호선,3763,석남,761,N,7호선,7123,2733,학동,731,N,10:54:20,10:54:50,,7094,상행,2025-05-01T05:00:00,,주말
7호선,2712,도봉산,710,,20250619,7호선,3763,석남,761,N,7호선,7123,2732,강남구청,730,N,10:56:00,10:56:30,,7094,상행,2025-05-01T05:00:00,,주말
7호선,2712,도봉산,710,,20250619,7호선,3763,석남,761,N,7호선,7123,2731,청담,729,N,10:58:00,10:58:30,,7094,상행,2025-05-01T05:00:00,,주말
7호선,2712,도봉산,710,,20250619,7호선,3763,석남,761,N,7호선,7123,2730,자양,728,N,11:01:00,11:01:20,,7094,상행,2025-05-01T05:00:00,,주말
7호선,2712,도봉산,710,,20250619,7호선,3763,석남,761,N,7호선,7123,2729,건대입구,727,N,11:02:50,11:03:30,,7094,상행,2025-05-01T05:00:00,,주말
7호선,2712,도봉산,710,,20250619,7호선,3763,석남,761,N,7호선,7123,2728,어린이대공원,726,N,11:04:50,11:05:20,,7094,상행,2025-05-01T05:00:00,,주말
7호선,2712,도봉산,710,,20250619,7호선,3763,석남,761,N,7호선,7123,2727,군자,725,N,11:06:40,11:07:20,,7094,상행,2025-05-01T05:00:00,,주말
7호선,2712,도봉산,710,,20250619,7호선,3763,석남,761,N,7호선,7123,2726,중곡,724,N,11:08:40,11:09:10,,7094,상행,2025-05-01T05:00:00,,주말
7호선,2712,도봉산,710,,20250619,7호선,3763,석남,761,N,7호선,7123,2725,용마산,723,N,11:10:30,11:10:50,,7094,상행,2025-05-01T05:00:00,,주말
7호선,2712,도봉산,710,,20250619,7호선,3763,석남,761,N,7호선,7123,2724,사가정,722,N,11:12:00,11:12:30,,7094,상행,2025-05-01T05:00:00,,주말
7호선,2712,도봉산,710,,20250619,7호선,3763,석남,761,N,7호선,7123,2723,면목,721,N,11:13:40,11:14:10,,7094,상행,2025-05-01T05:00:00,,주말
7호선,2712,도봉산,710,,20250619,7호선,3763,석남,761,N,7호선,7123,2722,상봉,720,N,11:15:20,11:15:50,,7094,상행,2025-05-01T05:00:00,,주말
7호선,2712,도봉산,710,,20250619,7호선,3763,석남,761,N,7호선,7123,2721,중화,719,N,11:17:40,11:18:10,,7094,상행,2025-05-01T05:00:00,,주말
7호선,2712,도봉산,710,,20250619,7호선,3763,석남,761,N,7호선,7123,2720,먹골,718,N,11:19:30,11:20:00,,7094,상행,2025-05-01T05:00:00,,주말
7호선,2712,도봉산,710,,20250619,7호선,3763,석남,761,N,7호선,7123,2719,태릉입구,717,N,11:21:10,11:21:40,,7094,상행,2025-05-01T05:00:00,,주말
7호선,2712,도봉산,710,,20250619,7호선,3763,석남,761,N,7호선,7123,2718,공릉,716,N,11:22:40,11:23:10,,7094,상행,2025-05-01T05:00:00,,주말
7호선,2712,도봉산,710,,20250619,7호선,3763,석남,761,N,7호선,7123,2717,하계,715,N,11:24:40,11:25:10,,7094,상행,2025-05-01T05:00:00,,주말
7호선,2712,도봉산,710,,20250619,7호선,3763,석남,761,N,7호선,7123,2716,중계,714,N,11:26:20,11:26:50,,7094,상행,2025-05-01T05:00:00,,주말
7호선,2712,도봉산,710,,20250619,7호선,3763,석남,761,N,7호선,7123,2715,노원,713,N,11:28:10,11:28:40,,7094,상행,2025-05-01T05:00:00,,주말
7호선,2712,도봉산,710,,20250619,7호선,3763,석남,761,N,7호선,7123,2714,마들,712,N,11:30:10,11:30:40,,7094,상행,2025-05-01T05:00:00,,주말
7호선,2712,도봉산,710,,20250619,7호선,3763,석남,761,N,7호선,7123,2713,수락산,711,N,11:32:40,11:33:10,,7094,상행,2025-05-01T05:00:00,,주말
7호선,2712,도봉산,710,,20250619,7호선,3763,석남,761,N,7호선,7123,2712,도봉산,710,N,11:35:30,,,7094,상행,2025-05-01T05:00:00,,주말
7호선,2711,장암,709,,20250619,7호선,2752,온수,750,N,7호선,7129,2752,온수,750,N,,10:20:00,,7096,상행,2025-05-01T05:00:00,,주말
7호선,2711,장암,709,,20250619,7호선,2752,온수,750,N,7호선,7129,2751,천왕,749,N,10:22:20,10:22:40,,7096,상행,2025-05-01T05:00:00,,주말
7호선,2711,장암,709,,20250619,7호선,2752,온수,750,N,7호선,7129,2750,광명사거리,748,N,10:24:40,10:25:10,,7096,상행,2025-05-01T05:00:00,,주말
7호선,2711,장암,709,,20250619,7호선,2752,온수,750,N,7호선,7129,2749,철산,747,N,10:27:00,10:27:30,,7096,상행,2025-05-01T05:00:00,,주말
7호선,2711,장암,709,,20250619,7호선,2752,온수,750,N,7호선,7129,2748,가산디지털단지,746,N,10:29:30,10:30:00,,7096,상행,2025-05-01T05:00:00,,주말
7호선,2711,장암,709,,20250619,7호선,2752,온수,750,N,7호선,7129,2747,남구로,745,N,10:31:20,10:31:50,,7096,상행,2025-05-01T05:00:00,,주말
7호선,2711,장암,709,,20250619,7호선,2752,온수,750,N,7호선,7129,2746,대림,744,N,10:33:20,10:33:50,,7096,상행,2025-05-01T05:00:00,,주말
7호선,2711,장암,709,,20250619,7호선,2752,온수,750,N,7호선,7129,2745,신풍,743,N,10:35:50,10:36:20,,7096,상행,2025-05-01T05:00:00,,주말
7호선,2711,장암,709,,20250619,7호선,2752,온수,750,N,7호선,7129,2744,보라매,742,N,10:37:40,10:38:10,,7096,상행,2025-05-01T05:00:00,,주말
7호선,2711,장암,709,,20250619,7호선,2752,온수,750,N,7호선,7129,2743,신대방삼거리,741,N,10:39:20,10:39:50,,7096,상행,2025-05-01T05:00:00,,주말
7호선,2711,장암,709,,20250619,7호선,2752,온수,750,N,7호선,7129,2742,장승배기,740,N,10:41:40,10:42:10,,7096,상행,2025-05-01T05:00:00,,주말
7호선,2711,장암,709,,20250619,7호선,2752,온수,750,N,7호선,7129,2741,상도,739,N,10:43:40,10:44:10,,7096,상행,2025-05-01T05:00:00,,주말
7호선,2711,장암,709,,20250619,7호선,2752,온수,750,N,7호선,7129,2740,숭실대입구,738,N,10:45:20,10:45:50,,7096,상행,2025-05-01T05:00:00,,주말
7호선,2711,장암,709,,20250619,7호선,2752,온수,750,N,7호선,7129,2739,남성,737,N,10:48:20,10:48:50,,7096,상행,2025-05-01T05:00:00,,주말
7호선,2711,장암,709,,20250619,7호선,2752,온수,750,N,7호선,7129,2738,이수,736,N,10:50:10,10:50:50,,7096,상행,2025-05-01T05:00:00,,주말
7호선,2711,장암,709,,20250619,7호선,2752,온수,750,N,7호선,7129,2737,내방,735,N,10:52:20,10:52:50,,7096,상행,2025-05-01T05:00:00,,주말
7호선,2711,장암,709,,20250619,7호선,2752,온수,750,N,7호선,7129,2736,고속터미널,734,N,10:55:20,10:56:00,,7096,상행,2025-05-01T05:00:00,,주말
7호선,2711,장암,709,,20250619,7호선,2752,온수,750,N,7호선,7129,2735,반포,733,N,10:57:30,10:57:50,,7096,상행,2025-05-01T05:00:00,,주말
7호선,2711,장암,709,,20250619,7호선,2752,온수,750,N,7호선,7129,2734,논현,732,N,10:59:00,10:59:30,,7096,상행,2025-05-01T05:00:00,,주말
7호선,2711,장암,709,,20250619,7호선,2752,온수,750,N,7호선,7129,2733,학동,731,N,11:00:50,11:01:20,,7096,상행,2025-05-01T05:00:00,,주말
7호선,2711,장암,709,,20250619,7호선,2752,온수,750,N,7호선,7129,2732,강남구청,730,N,11:02:30,11:03:00,,7096,상행,2025-05-01T05:00:00,,주말
7호선,2711,장암,709,,20250619,7호선,2752,온수,750,N,7호선,7129,2731,청담,729,N,11:04:30,11:05:00,,7096,상행,2025-05-01T05:00:00,,주말
7호선,2711,장암,709,,20250619,7호선,2752,온수,750,N,7호선,7129,2730,자양,728,N,11:07:30,11:07:50,,7096,상행,2025-05-01T05:00:00,,주말
7호선,2711,장암,709,,20250619,7호선,2752,온수,750,N,7호선,7129,2729,건대입구,727,N,11:09:20,11:10:00,,7096,상행,2025-05-01T05:00:00,,주말
7호선,2711,장암,709,,20250619,7호선,2752,온수,750,N,7호선,7129,2728,어린이대공원,726,N,11:11:20,11:11:50,,7096,상행,2025-05-01T05:00:00,,주말
7호선,2711,장암,709,,20250619,7호선,2752,온수,750,N,7호선,7129,2727,군자,725,N,11:13:10,11:13:50,,7096,상행,2025-05-01T05:00:00,,주말
7호선,2711,장암,709,,20250619,7호선,2752,온수,750,N,7호선,7129,2726,중곡,724,N,11:15:10,11:15:40,,7096,상행,2025-05-01T05:00:00,,주말
7호선,2711,장암,709,,20250619,7호선,2752,온수,750,N,7호선,7129,2725,용마산,723,N,11:17:00,11:17:20,,7096,상행,2025-05-01T05:00:00,,주말
7호선,2711,장암,709,,20250619,7호선,2752,온수,750,N,7호선,7129,2724,사가정,722,N,11:18:30,11:19:00,,7096,상행,2025-05-01T05:00:00,,주말
7호선,2711,장암,709,,20250619,7호선,2752,온수,750,N,7호선,7129,2723,면목,721,N,11:20:10,11:20:40,,7096,상행,2025-05-01T05:00:00,,주말
7호선,2711,장암,709,,20250619,7호선,2752,온수,750,N,7호선,7129,2722,상봉,720,N,11:21:50,11:22:20,,7096,상행,2025-05-01T05:00:00,,주말
7호선,2711,장암,709,,20250619,7호선,2752,온수,750,N,7호선,7129,2721,중화,719,N,11:24:10,11:24:40,,7096,상행,2025-05-01T05:00:00,,주말
7호선,2711,장암,709,,20250619,7호선,2752,온수,750,N,7호선,7129,2720,먹골,718,N,11:26:00,11:26:30,,7096,상행,2025-05-01T05:00:00,,주말
7호선,2711,장암,709,,20250619,7호선,2752,온수,750,N,7호선,7129,2719,태릉입구,717,N,11:27:40,11:28:10,,7096,상행,2025-05-01T05:00:00,,주말
7호선,2711,장암,709,,20250619,7호선,2752,온수,750,N,7호선,7129,2718,공릉,716,N,11:29:10,11:29:40,,7096,상행,2025-05-01T05:00:00,,주말
7호선,2711,장암,709,,20250619,7호선,2752,온수,750,N,7호선,7129,2717,하계,715,N,11:31:10,11:31:40,,7096,상행,2025-05-01T05:00:00,,주말
7호선,2711,장암,709,,20250619,7호선,2752,온수,750,N,7호선,7129,2716,중계,714,N,11:32:50,11:33:20,,7096,상행,2025-05-01T05:00:00,,주말
7호선,2711,장암,709,,20250619,7호선,2752,온수,750,N,7호선,7129,2715,노원,713,N,11:34:40,11:35:10,,7096,상행,2025-05-01T05:00:00,,주말
7호선,2711,장암,709,,20250619,7호선,2752,온수,750,N,7호선,7129,2714,마들,712,N,11:36:40,11:37:10,,7096,상행,2025-05-01T05:00:00,,주말
7호선,2711,장암,709,,20250619,7호선,2752,온수,750,N,7호선,7129,2713,수락산,711,N,11:39:10,11:39:40,,7096,상행,2025-05-01T05:00:00,,주말
7호선,2711,장암,709,,20250619,7호선,2752,온수,750,N,7호선,7129,2712,도봉산,710,N,11:42:00,11:42:30,,7096,상행,2025-05-01T05:00:00,,주말
7호선,2711,장암,709,,20250619,7호선,2752,온수,750,N,7호선,7129,2711,장암,709,N,11:47:00,,,7096,상행,2025-05-01T05:00:00,,주말
7호선,2712,도봉산,710,,20250619,7호선,3763,석남,761,N,7호선,7127,3763,석남,761,N,,10:03:00,,7098,상행,2025-05-01T05:00:00,,주말
7호선,2712,도봉산,710,,20250619,7호선,3763,석남,761,N,7호선,7127,3762,산곡,760,N,10:06:00,10:06:30,,7098,상행,2025-05-01T05:00:00,,주말
7호선,2712,도봉산,710,,20250619,7호선,3763,석남,761,N,7호선,7127,3761,부평구청,759,N,10:08:30,10:09:00,,7098,상행,2025-05-01T05:00:00,,주말
7호선,2712,도봉산,710,,20250619,7호선,3763,석남,761,N,7호선,7127,3760,굴포천,758,N,10:10:20,10:10:50,,7098,상행,2025-05-01T05:00:00,,주말
7호선,2712,도봉산,710,,20250619,7호선,3763,석남,761,N,7호선,7127,3759,삼산체육관,757,N,10:12:00,10:12:30,,7098,상행,2025-05-01T05:00:00,,주말
7호선,2712,도봉산,710,,20250619,7호선,3763,석남,761,N,7호선,7127,3758,상동,756,N,10:13:50,10:14:20,,7098,상행,2025-05-01T05:00:00,,주말
7호선,2712,도봉산,710,,20250619,7호선,3763,석남,761,N,7호선,7127,3757,부천시청,755,N,10:15:30,10:16:00,,7098,상행,2025-05-01T05:00:00,,주말
7호선,2712,도봉산,710,,20250619,7호선,3763,석남,761,N,7호선,7127,3756,신중동,754,N,10:17:20,10:17:50,,7098,상행,2025-05-01T05:00:00,,주말
7호선,2712,도봉산,710,,20250619,7호선,3763,석남,761,N,7호선,7127,3755,춘의,753,N,10:19:10,10:19:40,,7098,상행,2025-05-01T05:00:00,,주말
7호선,2712,도봉산,710,,20250619,7호선,3763,석남,761,N,7호선,7127,3754,부천종합운동장,752,N,10:21:00,10:21:30,,7098,상행,2025-05-01T05:00:00,,주말
7호선,2712,도봉산,710,,20250619,7호선,3763,석남,761,N,7호선,7127,3753,까치울,751,N,10:23:00,10:23:30,,7098,상행,2025-05-01T05:00:00,,주말
7호선,2712,도봉산,710,,20250619,7호선,3763,석남,761,N,7호선,7127,2752,온수,750,N,10:26:00,10:26:30,,7098,상행,2025-05-01T05:00:00,,주말
7호선,2712,도봉산,710,,20250619,7호선,3763,석남,761,N,7호선,7127,2751,천왕,749,N,10:28:50,10:29:10,,7098,상행,2025-05-01T05:00:00,,주말
7호선,2712,도봉산,710,,20250619,7호선,3763,석남,761,N,7호선,7127,2750,광명사거리,748,N,10:31:10,10:31:40,,7098,상행,2025-05-01T05:00:00,,주말
7호선,2712,도봉산,710,,20250619,7호선,3763,석남,761,N,7호선,7127,2749,철산,747,N,10:33:30,10:34:00,,7098,상행,2025-05-01T05:00:00,,주말
7호선,2712,도봉산,710,,20250619,7호선,3763,석남,761,N,7호선,7127,2748,가산디지털단지,746,N,10:36:00,10:36:30,,7098,상행,2025-05-01T05:00:00,,주말
7호선,2712,도봉산,710,,20250619,7호선,3763,석남,761,N,7호선,7127,2747,남구로,745,N,10:37:50,10:38:20,,7098,상행,2025-05-01T05:00:00,,주말
7호선,2712,도봉산,710,,20250619,7호선,3763,석남,761,N,7호선,7127,2746,대림,744,N,10:39:50,10:40:20,,7098,상행,2025-05-01T05:00:00,,주말
7호선,2712,도봉산,710,,20250619,7호선,3763,석남,761,N,7호선,7127,2745,신풍,743,N,10:42:20,10:42:50,,7098,상행,2025-05-01T05:00:00,,주말
7호선,2712,도봉산,710,,20250619,7호선,3763,석남,761,N,7호선,7127,2744,보라매,742,N,10:44:10,10:44:40,,7098,상행,2025-05-01T05:00:00,,주말
7호선,2712,도봉산,710,,20250619,7호선,3763,석남,761,N,7호선,7127,2743,신대방삼거리,741,N,10:45:50,10:46:20,,7098,상행,2025-05-01T05:00:00,,주말
7호선,2712,도봉산,710,,20250619,7호선,3763,석남,761,N,7호선,7127,2742,장승배기,740,N,10:48:10,10:48:40,,7098,상행,2025-05-01T05:00:00,,주말
7호선,2712,도봉산,710,,20250619,7호선,3763,석남,761,N,7호선,7127,2741,상도,739,N,10:50:10,10:50:40,,7098,상행,2025-05-01T05:00:00,,주말
7호선,2712,도봉산,710,,20250619,7호선,3763,석남,761,N,7호선,7127,2740,숭실대입구,738,N,10:51:50,10:52:20,,7098,상행,2025-05-01T05:00:00,,주말
7호선,2712,도봉산,710,,20250619,7호선,3763,석남,761,N,7호선,7127,2739,남성,737,N,10:54:50,10:55:20,,7098,상행,2025-05-01T05:00:00,,주말
7호선,2712,도봉산,710,,20250619,7호선,3763,석남,761,N,7호선,7127,2738,이수,736,N,10:56:40,10:57:20,,7098,상행,2025-05-01T05:00:00,,주말
7호선,2712,도봉산,710,,20250619,7호선,3763,석남,761,N,7호선,7127,2737,내방,735,N,10:58:50,10:59:20,,7098,상행,2025-05-01T05:00:00,,주말
7호선,2712,도봉산,710,,20250619,7호선,3763,석남,761,N,7호선,7127,2736,고속터미널,734,N,11:01:50,11:02:30,,7098,상행,2025-05-01T05:00:00,,주말
7호선,2712,도봉산,710,,20250619,7호선,3763,석남,761,N,7호선,7127,2735,반포,733,N,11:04:00,11:04:20,,7098,상행,2025-05-01T05:00:00,,주말
7호선,2712,도봉산,710,,20250619,7호선,3763,석남,761,N,7호선,7127,2734,논현,732,N,11:05:30,11:06:00,,7098,상행,2025-05-01T05:00:00,,주말
7호선,2712,도봉산,710,,20250619,7호선,3763,석남,761,N,7호선,7127,2733,학동,731,N,11:07:20,11:07:50,,7098,상행,2025-05-01T05:00:00,,주말
7호선,2712,도봉산,710,,20250619,7호선,3763,석남,761,N,7호선,7127,2732,강남구청,730,N,11:09:00,11:09:30,,7098,상행,2025-05-01T05:00:00,,주말
7호선,2712,도봉산,710,,20250619,7호선,3763,석남,761,N,7호선,7127,2731,청담,729,N,11:11:00,11:11:30,,7098,상행,2025-05-01T05:00:00,,주말
7호선,2712,도봉산,710,,20250619,7호선,3763,석남,761,N,7호선,7127,2730,자양,728,N,11:14:00,11:14:20,,7098,상행,2025-05-01T05:00:00,,주말
7호선,2712,도봉산,710,,20250619,7호선,3763,석남,761,N,7호선,7127,2729,건대입구,727,N,11:15:50,11:16:30,,7098,상행,2025-05-01T05:00:00,,주말
7호선,2712,도봉산,710,,20250619,7호선,3763,석남,761,N,7호선,7127,2728,어린이대공원,726,N,11:17:50,11:18:20,,7098,상행,2025-05-01T05:00:00,,주말
7호선,2712,도봉산,710,,20250619,7호선,3763,석남,761,N,7호선,7127,2727,군자,725,N,11:19:40,11:20:20,,7098,상행,2025-05-01T05:00:00,,주말
7호선,2712,도봉산,710,,20250619,7호선,3763,석남,761,N,7호선,7127,2726,중곡,724,N,11:21:40,11:22:10,,7098,상행,2025-05-01T05:00:00,,주말
7호선,2712,도봉산,710,,20250619,7호선,3763,석남,761,N,7호선,7127,2725,용마산,723,N,11:23:30,11:23:50,,7098,상행,2025-05-01T05:00:00,,주말
7호선,2712,도봉산,710,,20250619,7호선,3763,석남,761,N,7호선,7127,2724,사가정,722,N,11:25:00,11:25:30,,7098,상행,2025-05-01T05:00:00,,주말
7호선,2712,도봉산,710,,20250619,7호선,3763,석남,761,N,7호선,7127,2723,면목,721,N,11:26:40,11:27:10,,7098,상행,2025-05-01T05:00:00,,주말
7호선,2712,도봉산,710,,20250619,7호선,3763,석남,761,N,7호선,7127,2722,상봉,720,N,11:28:20,11:28:50,,7098,상행,2025-05-01T05:00:00,,주말
7호선,2712,도봉산,710,,20250619,7호선,3763,석남,761,N,7호선,7127,2721,중화,719,N,11:30:40,11:31:10,,7098,상행,2025-05-01T05:00:00,,주말
7호선,2712,도봉산,710,,20250619,7호선,3763,석남,761,N,7호선,7127,2720,먹골,718,N,11:32:30,11:33:00,,7098,상행,2025-05-01T05:00:00,,주말
7호선,2712,도봉산,710,,20250619,7호선,3763,석남,761,N,7호선,7127,2719,태릉입구,717,N,11:34:10,11:34:40,,7098,상행,2025-05-01T05:00:00,,주말
7호선,2712,도봉산,710,,20250619,7호선,3763,석남,761,N,7호선,7127,2718,공릉,716,N,11:35:40,11:36:10,,7098,상행,2025-05-01T05:00:00,,주말
7호선,2712,도봉산,710,,20250619,7호선,3763,석남,761,N,7호선,7127,2717,하계,715,N,11:37:40,11:38:10,,7098,상행,2025-05-01T05:00:00,,주말
7호선,2712,도봉산,710,,20250619,7호선,3763,석남,761,N,7호선,7127,2716,중계,714,N,11:39:20,11:39:50,,7098,상행,2025-05-01T05:00:00,,주말
7호선,2712,도봉산,710,,20250619,7호선,3763,석남,761,N,7호선,7127,2715,노원,713,N,11:41:10,11:41:40,,7098,상행,2025-05-01T05:00:00,,주말
7호선,2712,도봉산,710,,20250619,7호선,3763,석남,761,N,7호선,7127,2714,마들,712,N,11:43:10,11:43:40,,7098,상행,2025-05-01T05:00:00,,주말
7호선,2712,도봉산,710,,20250619,7호선,3763,석남,761,N,7호선,7127,2713,수락산,711,N,11:45:40,11:46:10,,7098,상행,2025-05-01T05:00:00,,주말
7호선,2712,도봉산,710,,20250619,7호선,3763,석남,761,N,7호선,7127,2712,도봉산,710,N,11:48:30,,,7098,상행,2025-05-01T05:00:00,,주말
7호선,2711,장암,709,,20250619,7호선,2752,온수,750,N,7호선,7133,2752,온수,750,N,,10:33:00,,7100,상행,2025-05-01T05:00:00,,주말
7호선,2711,장암,709,,20250619,7호선,2752,온수,750,N,7호선,7133,2751,천왕,749,N,10:35:20,10:35:40,,7100,상행,2025-05-01T05:00:00,,주말
7호선,2711,장암,709,,20250619,7호선,2752,온수,750,N,7호선,7133,2750,광명사거리,748,N,10:37:40,10:38:10,,7100,상행,2025-05-01T05:00:00,,주말
7호선,2711,장암,709,,20250619,7호선,2752,온수,750,N,7호선,7133,2749,철산,747,N,10:40:00,10:40:30,,7100,상행,2025-05-01T05:00:00,,주말
7호선,2711,장암,709,,20250619,7호선,2752,온수,750,N,7호선,7133,2748,가산디지털단지,746,N,10:42:30,10:43:00,,7100,상행,2025-05-01T05:00:00,,주말
7호선,2711,장암,709,,20250619,7호선,2752,온수,750,N,7호선,7133,2747,남구로,745,N,10:44:20,10:44:50,,7100,상행,2025-05-01T05:00:00,,주말
7호선,2711,장암,709,,20250619,7호선,2752,온수,750,N,7호선,7133,2746,대림,744,N,10:46:20,10:46:50,,7100,상행,2025-05-01T05:00:00,,주말
7호선,2711,장암,709,,20250619,7호선,2752,온수,750,N,7호선,7133,2745,신풍,743,N,10:48:50,10:49:20,,7100,상행,2025-05-01T05:00:00,,주말
7호선,2711,장암,709,,20250619,7호선,2752,온수,750,N,7호선,7133,2744,보라매,742,N,10:50:40,10:51:10,,7100,상행,2025-05-01T05:00:00,,주말
7호선,2711,장암,709,,20250619,7호선,2752,온수,750,N,7호선,7133,2743,신대방삼거리,741,N,10:52:20,10:52:50,,7100,상행,2025-05-01T05:00:00,,주말
7호선,2711,장암,709,,20250619,7호선,2752,온수,750,N,7호선,7133,2742,장승배기,740,N,10:54:40,10:55:10,,7100,상행,2025-05-01T05:00:00,,주말
7호선,2711,장암,709,,20250619,7호선,2752,온수,750,N,7호선,7133,2741,상도,739,N,10:56:40,10:57:10,,7100,상행,2025-05-01T05:00:00,,주말
7호선,2711,장암,709,,20250619,7호선,2752,온수,750,N,7호선,7133,2740,숭실대입구,738,N,10:58:20,10:58:50,,7100,상행,2025-05-01T05:00:00,,주말
7호선,2711,장암,709,,20250619,7호선,2752,온수,750,N,7호선,7133,2739,남성,737,N,11:01:20,11:01:50,,7100,상행,2025-05-01T05:00:00,,주말
7호선,2711,장암,709,,20250619,7호선,2752,온수,750,N,7호선,7133,2738,이수,736,N,11:03:10,11:03:50,,7100,상행,2025-05-01T05:00:00,,주말
7호선,2711,장암,709,,20250619,7호선,2752,온수,750,N,7호선,7133,2737,내방,735,N,11:05:20,11:05:50,,7100,상행,2025-05-01T05:00:00,,주말
7호선,2711,장암,709,,20250619,7호선,2752,온수,750,N,7호선,7133,2736,고속터미널,734,N,11:08:20,11:09:00,,7100,상행,2025-05-01T05:00:00,,주말
7호선,2711,장암,709,,20250619,7호선,2752,온수,750,N,7호선,7133,2735,반포,733,N,11:10:30,11:10:50,,7100,상행,2025-05-01T05:00:00,,주말
7호선,2711,장암,709,,20250619,7호선,2752,온수,750,N,7호선,7133,2734,논현,732,N,11:12:00,11:12:30,,7100,상행,2025-05-01T05:00:00,,주말
7호선,2711,장암,709,,20250619,7호선,2752,온수,750,N,7호선,7133,2733,학동,731,N,11:13:50,11:14:20,,7100,상행,2025-05-01T05:00:00,,주말
7호선,2711,장암,709,,20250619,7호선,2752,온수,750,N,7호선,7133,2732,강남구청,730,N,11:15:30,11:16:00,,7100,상행,2025-05-01T05:00:00,,주말
7호선,2711,장암,709,,20250619,7호선,2752,온수,750,N,7호선,7133,2731,청담,729,N,11:17:30,11:18:00,,7100,상행,2025-05-01T05:00:00,,주말
7호선,2711,장암,709,,20250619,7호선,2752,온수,750,N,7호선,7133,2730,자양,728,N,11:20:30,11:20:50,,7100,상행,2025-05-01T05:00:00,,주말
7호선,2711,장암,709,,20250619,7호선,2752,온수,750,N,7호선,7133,2729,건대입구,727,N,11:22:20,11:23:00,,7100,상행,2025-05-01T05:00:00,,주말
7호선,2711,장암,709,,20250619,7호선,2752,온수,750,N,7호선,7133,2728,어린이대공원,726,N,11:24:20,11:24:50,,7100,상행,2025-05-01T05:00:00,,주말
7호선,2711,장암,709,,20250619,7호선,2752,온수,750,N,7호선,7133,2727,군자,725,N,11:26:10,11:26:50,,7100,상행,2025-05-01T05:00:00,,주말
7호선,2711,장암,709,,20250619,7호선,2752,온수,750,N,7호선,7133,2726,중곡,724,N,11:28:10,11:28:40,,7100,상행,2025-05-01T05:00:00,,주말
7호선,2711,장암,709,,20250619,7호선,2752,온수,750,N,7호선,7133,2725,용마산,723,N,11:30:00,11:30:20,,7100,상행,2025-05-01T05:00:00,,주말
7호선,2711,장암,709,,20250619,7호선,2752,온수,750,N,7호선,7133,2724,사가정,722,N,11:31:30,11:32:00,,7100,상행,2025-05-01T05:00:00,,주말
7호선,2711,장암,709,,20250619,7호선,2752,온수,750,N,7호선,7133,2723,면목,721,N,11:33:10,11:33:40,,7100,상행,2025-05-01T05:00:00,,주말
7호선,2711,장암,709,,20250619,7호선,2752,온수,750,N,7호선,7133,2722,상봉,720,N,11:34:50,11:35:20,,7100,상행,2025-05-01T05:00:00,,주말
7호선,2711,장암,709,,20250619,7호선,2752,온수,750,N,7호선,7133,2721,중화,719,N,11:37:10,11:37:40,,7100,상행,2025-05-01T05:00:00,,주말
7호선,2711,장암,709,,20250619,7호선,2752,온수,750,N,7호선,7133,2720,먹골,718,N,11:39:00,11:39:30,,7100,상행,2025-05-01T05:00:00,,주말
7호선,2711,장암,709,,20250619,7호선,2752,온수,750,N,7호선,7133,2719,태릉입구,717,N,11:40:40,11:41:10,,7100,상행,2025-05-01T05:00:00,,주말
7호선,2711,장암,709,,20250619,7호선,2752,온수,750,N,7호선,7133,2718,공릉,716,N,11:42:10,11:42:40,,7100,상행,2025-05-01T05:00:00,,주말
7호선,2711,장암,709,,20250619,7호선,2752,온수,750,N,7호선,7133,2717,하계,715,N,11:44:10,11:44:40,,7100,상행,2025-05-01T05:00:00,,주말
7호선,2711,장암,709,,20250619,7호선,2752,온수,750,N,7호선,7133,2716,중계,714,N,11:45:50,11:46:20,,7100,상행,2025-05-01T05:00:00,,주말
7호선,2711,장암,709,,20250619,7호선,2752,온수,750,N,7호선,7133,2715,노원,713,N,11:47:40,11:48:10,,7100,상행,2025-05-01T05:00:00,,주말
7호선,2711,장암,709,,20250619,7호선,2752,온수,750,N,7호선,7133,2714,마들,712,N,11:49:40,11:50:10,,7100,상행,2025-05-01T05:00:00,,주말
7호선,2711,장암,709,,20250619,7호선,2752,온수,750,N,7호선,7133,2713,수락산,711,N,11:52:10,11:52:40,,7100,상행,2025-05-01T05:00:00,,주말
7호선,2711,장암,709,,20250619,7호선,2752,온수,750,N,7호선,7133,2712,도봉산,710,N,11:55:00,11:55:30,,7100,상행,2025-05-01T05:00:00,,주말
7호선,2711,장암,709,,20250619,7호선,2752,온수,750,N,7호선,7133,2711,장암,709,N,12:00:00,,,7100,상행,2025-05-01T05:00:00,,주말
7호선,2712,도봉산,710,,20250619,7호선,3763,석남,761,N,7호선,7131,3763,석남,761,N,,10:16:00,,7102,상행,2025-05-01T05:00:00,,주말
7호선,2712,도봉산,710,,20250619,7호선,3763,석남,761,N,7호선,7131,3762,산곡,760,N,10:19:00,10:19:30,,7102,상행,2025-05-01T05:00:00,,주말
7호선,2712,도봉산,710,,20250619,7호선,3763,석남,761,N,7호선,7131,3761,부평구청,759,N,10:21:30,10:22:00,,7102,상행,2025-05-01T05:00:00,,주말
7호선,2712,도봉산,710,,20250619,7호선,3763,석남,761,N,7호선,7131,3760,굴포천,758,N,10:23:20,10:23:50,,7102,상행,2025-05-01T05:00:00,,주말
7호선,2712,도봉산,710,,20250619,7호선,3763,석남,761,N,7호선,7131,3759,삼산체육관,757,N,10:25:00,10:25:30,,7102,상행,2025-05-01T05:00:00,,주말
7호선,2712,도봉산,710,,20250619,7호선,3763,석남,761,N,7호선,7131,3758,상동,756,N,10:26:50,10:27:20,,7102,상행,2025-05-01T05:00:00,,주말
7호선,2712,도봉산,710,,20250619,7호선,3763,석남,761,N,7호선,7131,3757,부천시청,755,N,10:28:30,10:29:00,,7102,상행,2025-05-01T05:00:00,,주말
7호선,2712,도봉산,710,,20250619,7호선,3763,석남,761,N,7호선,7131,3756,신중동,754,N,10:30:20,10:30:50,,7102,상행,2025-05-01T05:00:00,,주말
7호선,2712,도봉산,710,,20250619,7호선,3763,석남,761,N,7호선,7131,3755,춘의,753,N,10:32:10,10:32:40,,7102,상행,2025-05-01T05:00:00,,주말
7호선,2712,도봉산,710,,20250619,7호선,3763,석남,761,N,7호선,7131,3754,부천종합운동장,752,N,10:34:00,10:34:30,,7102,상행,2025-05-01T05:00:00,,주말
7호선,2712,도봉산,710,,20250619,7호선,3763,석남,761,N,7호선,7131,3753,까치울,751,N,10:36:00,10:36:30,,7102,상행,2025-05-01T05:00:00,,주말
7호선,2712,도봉산,710,,20250619,7호선,3763,석남,761,N,7호선,7131,2752,온수,750,N,10:39:00,10:39:30,,7102,상행,2025-05-01T05:00:00,,주말
7호선,2712,도봉산,710,,20250619,7호선,3763,석남,761,N,7호선,7131,2751,천왕,749,N,10:41:50,10:42:10,,7102,상행,2025-05-01T05:00:00,,주말
7호선,2712,도봉산,710,,20250619,7호선,3763,석남,761,N,7호선,7131,2750,광명사거리,748,N,10:44:10,10:44:40,,7102,상행,2025-05-01T05:00:00,,주말
7호선,2712,도봉산,710,,20250619,7호선,3763,석남,761,N,7호선,7131,2749,철산,747,N,10:46:30,10:47:00,,7102,상행,2025-05-01T05:00:00,,주말
7호선,2712,도봉산,710,,20250619,7호선,3763,석남,761,N,7호선,7131,2748,가산디지털단지,746,N,10:49:00,10:49:30,,7102,상행,2025-05-01T05:00:00,,주말
7호선,2712,도봉산,710,,20250619,7호선,3763,석남,761,N,7호선,7131,2747,남구로,745,N,10:50:50,10:51:20,,7102,상행,2025-05-01T05:00:00,,주말
7호선,2712,도봉산,710,,20250619,7호선,3763,석남,761,N,7호선,7131,2746,대림,744,N,10:52:50,10:53:20,,7102,상행,2025-05-01T05:00:00,,주말
7호선,2712,도봉산,710,,20250619,7호선,3763,석남,761,N,7호선,7131,2745,신풍,743,N,10:55:20,10:55:50,,7102,상행,2025-05-01T05:00:00,,주말
7호선,2712,도봉산,710,,20250619,7호선,3763,석남,761,N,7호선,7131,2744,보라매,742,N,10:57:10,10:57:40,,7102,상행,2025-05-01T05:00:00,,주말
7호선,2712,도봉산,710,,20250619,7호선,3763,석남,761,N,7호선,7131,2743,신대방삼거리,741,N,10:58:50,10:59:20,,7102,상행,2025-05-01T05:00:00,,주말
7호선,2712,도봉산,710,,20250619,7호선,3763,석남,761,N,7호선,7131,2742,장승배기,740,N,11:01:10,11:01:40,,7102,상행,2025-05-01T05:00:00,,주말
7호선,2712,도봉산,710,,20250619,7호선,3763,석남,761,N,7호선,7131,2741,상도,739,N,11:03:10,11:03:40,,7102,상행,2025-05-01T05:00:00,,주말
7호선,2712,도봉산,710,,20250619,7호선,3763,석남,761,N,7호선,7131,2740,숭실대입구,738,N,11:04:50,11:05:20,,7102,상행,2025-05-01T05:00:00,,주말
7호선,2712,도봉산,710,,20250619,7호선,3763,석남,761,N,7호선,7131,2739,남성,737,N,11:07:50,11:08:20,,7102,상행,2025-05-01T05:00:00,,주말
7호선,2712,도봉산,710,,20250619,7호선,3763,석남,761,N,7호선,7131,2738,이수,736,N,11:09:40,11:10:20,,7102,상행,2025-05-01T05:00:00,,주말
7호선,2712,도봉산,710,,20250619,7호선,3763,석남,761,N,7호선,7131,2737,내방,735,N,11:11:50,11:12:20,,7102,상행,2025-05-01T05:00:00,,주말
7호선,2712,도봉산,710,,20250619,7호선,3763,석남,761,N,7호선,7131,2736,고속터미널,734,N,11:14:50,11:15:30,,7102,상행,2025-05-01T05:00:00,,주말
7호선,2712,도봉산,710,,20250619,7호선,3763,석남,761,N,7호선,7131,2735,반포,733,N,11:17:00,11:17:20,,7102,상행,2025-05-01T05:00:00,,주말
7호선,2712,도봉산,710,,20250619,7호선,3763,석남,761,N,7호선,7131,2734,논현,732,N,11:18:30,11:19:00,,7102,상행,2025-05-01T05:00:00,,주말
7호선,2712,도봉산,710,,20250619,7호선,3763,석남,761,N,7호선,7131,2733,학동,731,N,11:20:20,11:20:50,,7102,상행,2025-05-01T05:00:00,,주말
7호선,2712,도봉산,710,,20250619,7호선,3763,석남,761,N,7호선,7131,2732,강남구청,730,N,11:22:00,11:22:30,,7102,상행,2025-05-01T05:00:00,,주말
7호선,2712,도봉산,710,,20250619,7호선,3763,석남,761,N,7호선,7131,2731,청담,729,N,11:24:00,11:24:30,,7102,상행,2025-05-01T05:00:00,,주말
7호선,2712,도봉산,710,,20250619,7호선,3763,석남,761,N,7호선,7131,2730,자양,728,N,11:27:00,11:27:20,,7102,상행,2025-05-01T05:00:00,,주말
7호선,2712,도봉산,710,,20250619,7호선,3763,석남,761,N,7호선,7131,2729,건대입구,727,N,11:28:50,11:29:30,,7102,상행,2025-05-01T05:00:00,,주말
7호선,2712,도봉산,710,,20250619,7호선,3763,석남,761,N,7호선,7131,2728,어린이대공원,726,N,11:30:50,11:31:20,,7102,상행,2025-05-01T05:00:00,,주말
7호선,2712,도봉산,710,,20250619,7호선,3763,석남,761,N,7호선,7131,2727,군자,725,N,11:32:40,11:33:20,,7102,상행,2025-05-01T05:00:00,,주말
7호선,2712,도봉산,710,,20250619,7호선,3763,석남,761,N,7호선,7131,2726,중곡,724,N,11:34:40,11:35:10,,7102,상행,2025-05-01T05:00:00,,주말
7호선,2712,도봉산,710,,20250619,7호선,3763,석남,761,N,7호선,7131,2725,용마산,723,N,11:36:30,11:36:50,,7102,상행,2025-05-01T05:00:00,,주말
7호선,2712,도봉산,710,,20250619,7호선,3763,석남,761,N,7호선,7131,2724,사가정,722,N,11:38:00,11:38:30,,7102,상행,2025-05-01T05:00:00,,주말
7호선,2712,도봉산,710,,20250619,7호선,3763,석남,761,N,7호선,7131,2723,면목,721,N,11:39:40,11:40:10,,7102,상행,2025-05-01T05:00:00,,주말
7호선,2712,도봉산,710,,20250619,7호선,3763,석남,761,N,7호선,7131,2722,상봉,720,N,11:41:20,11:41:50,,7102,상행,2025-05-01T05:00:00,,주말
7호선,2712,도봉산,710,,20250619,7호선,3763,석남,761,N,7호선,7131,2721,중화,719,N,11:43:40,11:44:10,,7102,상행,2025-05-01T05:00:00,,주말
7호선,2712,도봉산,710,,20250619,7호선,3763,석남,761,N,7호선,7131,2720,먹골,718,N,11:45:30,11:46:00,,7102,상행,2025-05-01T05:00:00,,주말
7호선,2712,도봉산,710,,20250619,7호선,3763,석남,761,N,7호선,7131,2719,태릉입구,717,N,11:47:10,11:47:40,,7102,상행,2025-05-01T05:00:00,,주말
7호선,2712,도봉산,710,,20250619,7호선,3763,석남,761,N,7호선,7131,2718,공릉,716,N,11:48:40,11:49:10,,7102,상행,2025-05-01T05:00:00,,주말
7호선,2712,도봉산,710,,20250619,7호선,3763,석남,761,N,7호선,7131,2717,하계,715,N,11:50:40,11:51:10,,7102,상행,2025-05-01T05:00:00,,주말
7호선,2712,도봉산,710,,20250619,7호선,3763,석남,761,N,7호선,7131,2716,중계,714,N,11:52:20,11:52:50,,7102,상행,2025-05-01T05:00:00,,주말
7호선,2712,도봉산,710,,20250619,7호선,3763,석남,761,N,7호선,7131,2715,노원,713,N,11:54:10,11:54:40,,7102,상행,2025-05-01T05:00:00,,주말
7호선,2712,도봉산,710,,20250619,7호선,3763,석남,761,N,7호선,7131,2714,마들,712,N,11:56:10,11:56:40,,7102,상행,2025-05-01T05:00:00,,주말
7호선,2712,도봉산,710,,20250619,7호선,3763,석남,761,N,7호선,7131,2713,수락산,711,N,11:58:40,11:59:10,,7102,상행,2025-05-01T05:00:00,,주말
7호선,2712,도봉산,710,,20250619,7호선,3763,석남,761,N,7호선,7131,2712,도봉산,710,N,12:01:30,,,7102,상행,2025-05-01T05:00:00,,주말
7호선,2711,장암,709,,20250619,7호선,2752,온수,750,N,7호선,7137,2752,온수,750,N,,10:46:00,,7104,상행,2025-05-01T05:00:00,,주말
7호선,2711,장암,709,,20250619,7호선,2752,온수,750,N,7호선,7137,2751,천왕,749,N,10:48:20,10:48:40,,7104,상행,2025-05-01T05:00:00,,주말
7호선,2711,장암,709,,20250619,7호선,2752,온수,750,N,7호선,7137,2750,광명사거리,748,N,10:50:40,10:51:10,,7104,상행,2025-05-01T05:00:00,,주말
7호선,2711,장암,709,,20250619,7호선,2752,온수,750,N,7호선,7137,2749,철산,747,N,10:53:00,10:53:30,,7104,상행,2025-05-01T05:00:00,,주말
7호선,2711,장암,709,,20250619,7호선,2752,온수,750,N,7호선,7137,2748,가산디지털단지,746,N,10:55:30,10:56:00,,7104,상행,2025-05-01T05:00:00,,주말
7호선,2711,장암,709,,20250619,7호선,2752,온수,750,N,7호선,7137,2747,남구로,745,N,10:57:20,10:57:50,,7104,상행,2025-05-01T05:00:00,,주말
7호선,2711,장암,709,,20250619,7호선,2752,온수,750,N,7호선,7137,2746,대림,744,N,10:59:20,10:59:50,,7104,상행,2025-05-01T05:00:00,,주말
7호선,2711,장암,709,,20250619,7호선,2752,온수,750,N,7호선,7137,2745,신풍,743,N,11:01:50,11:02:20,,7104,상행,2025-05-01T05:00:00,,주말
7호선,2711,장암,709,,20250619,7호선,2752,온수,750,N,7호선,7137,2744,보라매,742,N,11:03:40,11:04:10,,7104,상행,2025-05-01T05:00:00,,주말
7호선,2711,장암,709,,20250619,7호선,2752,온수,750,N,7호선,7137,2743,신대방삼거리,741,N,11:05:20,11:05:50,,7104,상행,2025-05-01T05:00:00,,주말
7호선,2711,장암,709,,20250619,7호선,2752,온수,750,N,7호선,7137,2742,장승배기,740,N,11:07:40,11:08:10,,7104,상행,2025-05-01T05:00:00,,주말
7호선,2711,장암,709,,20250619,7호선,2752,온수,750,N,7호선,7137,2741,상도,739,N,11:09:40,11:10:10,,7104,상행,2025-05-01T05:00:00,,주말
7호선,2711,장암,709,,20250619,7호선,2752,온수,750,N,7호선,7137,2740,숭실대입구,738,N,11:11:20,11:11:50,,7104,상행,2025-05-01T05:00:00,,주말
7호선,2711,장암,709,,20250619,7호선,2752,온수,750,N,7호선,7137,2739,남성,737,N,11:14:20,11:14:50,,7104,상행,2025-05-01T05:00:00,,주말
7호선,2711,장암,709,,20250619,7호선,2752,온수,750,N,7호선,7137,2738,이수,736,N,11:16:10,11:16:50,,7104,상행,2025-05-01T05:00:00,,주말
7호선,2711,장암,709,,20250619,7호선,2752,온수,750,N,7호선,7137,2737,내방,735,N,11:18:20,11:18:50,,7104,상행,2025-05-01T05:00:00,,주말
7호선,2711,장암,709,,20250619,7호선,2752,온수,750,N,7호선,7137,2736,고속터미널,734,N,11:21:20,11:22:00,,7104,상행,2025-05-01T05:00:00,,주말
7호선,2711,장암,709,,20250619,7호선,2752,온수,750,N,7호선,7137,2735,반포,733,N,11:23:30,11:23:50,,7104,상행,2025-05-01T05:00:00,,주말
7호선,2711,장암,709,,20250619,7호선,2752,온수,750,N,7호선,7137,2734,논현,732,N,11:25:00,11:25:30,,7104,상행,2025-05-01T05:00:00,,주말
7호선,2711,장암,709,,20250619,7호선,2752,온수,750,N,7호선,7137,2733,학동,731,N,11:26:50,11:27:20,,7104,상행,2025-05-01T05:00:00,,주말
7호선,2711,장암,709,,20250619,7호선,2752,온수,750,N,7호선,7137,2732,강남구청,730,N,11:28:30,11:29:00,,7104,상행,2025-05-01T05:00:00,,주말
7호선,2711,장암,709,,20250619,7호선,2752,온수,750,N,7호선,7137,2731,청담,729,N,11:30:30,11:31:00,,7104,상행,2025-05-01T05:00:00,,주말
7호선,2711,장암,709,,20250619,7호선,2752,온수,750,N,7호선,7137,2730,자양,728,N,11:33:30,11:33:50,,7104,상행,2025-05-01T05:00:00,,주말
7호선,2711,장암,709,,20250619,7호선,2752,온수,750,N,7호선,7137,2729,건대입구,727,N,11:35:20,11:36:00,,7104,상행,2025-05-01T05:00:00,,주말
7호선,2711,장암,709,,20250619,7호선,2752,온수,750,N,7호선,7137,2728,어린이대공원,726,N,11:37:20,11:37:50,,7104,상행,2025-05-01T05:00:00,,주말
7호선,2711,장암,709,,20250619,7호선,2752,온수,750,N,7호선,7137,2727,군자,725,N,11:39:10,11:39:50,,7104,상행,2025-05-01T05:00:00,,주말
7호선,2711,장암,709,,20250619,7호선,2752,온수,750,N,7호선,7137,2726,중곡,724,N,11:41:10,11:41:40,,7104,상행,2025-05-01T05:00:00,,주말
7호선,2711,장암,709,,20250619,7호선,2752,온수,750,N,7호선,7137,2725,용마산,723,N,11:43:00,11:43:20,,7104,상행,2025-05-01T05:00:00,,주말
7호선,2711,장암,709,,20250619,7호선,2752,온수,750,N,7호선,7137,2724,사가정,722,N,11:44:30,11:45:00,,7104,상행,2025-05-01T05:00:00,,주말
7호선,2711,장암,709,,20250619,7호선,2752,온수,750,N,7호선,7137,2723,면목,721,N,11:46:10,11:46:40,,7104,상행,2025-05-01T05:00:00,,주말
7호선,2711,장암,709,,20250619,7호선,2752,온수,750,N,7호선,7137,2722,상봉,720,N,11:47:50,11:48:20,,7104,상행,2025-05-01T05:00:00,,주말
7호선,2711,장암,709,,20250619,7호선,2752,온수,750,N,7호선,7137,2721,중화,719,N,11:50:10,11:50:40,,7104,상행,2025-05-01T05:00:00,,주말
7호선,2711,장암,709,,20250619,7호선,2752,온수,750,N,7호선,7137,2720,먹골,718,N,11:52:00,11:52:30,,7104,상행,2025-05-01T05:00:00,,주말
7호선,2711,장암,709,,20250619,7호선,2752,온수,750,N,7호선,7137,2719,태릉입구,717,N,11:53:40,11:54:10,,7104,상행,2025-05-01T05:00:00,,주말
7호선,2711,장암,709,,20250619,7호선,2752,온수,750,N,7호선,7137,2718,공릉,716,N,11:55:10,11:55:40,,7104,상행,2025-05-01T05:00:00,,주말
7호선,2711,장암,709,,20250619,7호선,2752,온수,750,N,7호선,7137,2717,하계,715,N,11:57:10,11:57:40,,7104,상행,2025-05-01T05:00:00,,주말
7호선,2711,장암,709,,20250619,7호선,2752,온수,750,N,7호선,7137,2716,중계,714,N,11:58:50,11:59:20,,7104,상행,2025-05-01T05:00:00,,주말
7호선,2711,장암,709,,20250619,7호선,2752,온수,750,N,7호선,7137,2715,노원,713,N,12:00:40,12:01:10,,7104,상행,2025-05-01T05:00:00,,주말
7호선,2711,장암,709,,20250619,7호선,2752,온수,750,N,7호선,7137,2714,마들,712,N,12:02:40,12:03:10,,7104,상행,2025-05-01T05:00:00,,주말
7호선,2711,장암,709,,20250619,7호선,2752,온수,750,N,7호선,7137,2713,수락산,711,N,12:05:10,12:05:40,,7104,상행,2025-05-01T05:00:00,,주말
7호선,2711,장암,709,,20250619,7호선,2752,온수,750,N,7호선,7137,2712,도봉산,710,N,12:08:00,12:08:30,,7104,상행,2025-05-01T05:00:00,,주말
7호선,2711,장암,709,,20250619,7호선,2752,온수,750,N,7호선,7137,2711,장암,709,N,12:13:00,,,7104,상행,2025-05-01T05:00:00,,주말
7호선,2712,도봉산,710,,20250619,7호선,3763,석남,761,N,7호선,7135,3763,석남,761,N,,10:29:00,,7106,상행,2025-05-01T05:00:00,,주말
7호선,2712,도봉산,710,,20250619,7호선,3763,석남,761,N,7호선,7135,3762,산곡,760,N,10:32:00,10:32:30,,7106,상행,2025-05-01T05:00:00,,주말
7호선,2712,도봉산,710,,20250619,7호선,3763,석남,761,N,7호선,7135,3761,부평구청,759,N,10:34:30,10:35:00,,7106,상행,2025-05-01T05:00:00,,주말
7호선,2712,도봉산,710,,20250619,7호선,3763,석남,761,N,7호선,7135,3760,굴포천,758,N,10:36:20,10:36:50,,7106,상행,2025-05-01T05:00:00,,주말
7호선,2712,도봉산,710,,20250619,7호선,3763,석남,761,N,7호선,7135,3759,삼산체육관,757,N,10:38:00,10:38:30,,7106,상행,2025-05-01T05:00:00,,주말
7호선,2712,도봉산,710,,20250619,7호선,3763,석남,761,N,7호선,7135,3758,상동,756,N,10:39:50,10:40:20,,7106,상행,2025-05-01T05:00:00,,주말
7호선,2712,도봉산,710,,20250619,7호선,3763,석남,761,N,7호선,7135,3757,부천시청,755,N,10:41:30,10:42:00,,7106,상행,2025-05-01T05:00:00,,주말
7호선,2712,도봉산,710,,20250619,7호선,3763,석남,761,N,7호선,7135,3756,신중동,754,N,10:43:20,10:43:50,,7106,상행,2025-05-01T05:00:00,,주말
7호선,2712,도봉산,710,,20250619,7호선,3763,석남,761,N,7호선,7135,3755,춘의,753,N,10:45:10,10:45:40,,7106,상행,2025-05-01T05:00:00,,주말
7호선,2712,도봉산,710,,20250619,7호선,3763,석남,761,N,7호선,7135,3754,부천종합운동장,752,N,10:47:00,10:47:30,,7106,상행,2025-05-01T05:00:00,,주말
7호선,2712,도봉산,710,,20250619,7호선,3763,석남,761,N,7호선,7135,3753,까치울,751,N,10:49:00,10:49:30,,7106,상행,2025-05-01T05:00:00,,주말
7호선,2712,도봉산,710,,20250619,7호선,3763,석남,761,N,7호선,7135,2752,온수,750,N,10:52:00,10:52:30,,7106,상행,2025-05-01T05:00:00,,주말
7호선,2712,도봉산,710,,20250619,7호선,3763,석남,761,N,7호선,7135,2751,천왕,749,N,10:54:50,10:55:10,,7106,상행,2025-05-01T05:00:00,,주말
7호선,2712,도봉산,710,,20250619,7호선,3763,석남,761,N,7호선,7135,2750,광명사거리,748,N,10:57:10,10:57:40,,7106,상행,2025-05-01T05:00:00,,주말
7호선,2712,도봉산,710,,20250619,7호선,3763,석남,761,N,7호선,7135,2749,철산,747,N,10:59:30,11:00:00,,7106,상행,2025-05-01T05:00:00,,주말
7호선,2712,도봉산,710,,20250619,7호선,3763,석남,761,N,7호선,7135,2748,가산디지털단지,746,N,11:02:00,11:02:30,,7106,상행,2025-05-01T05:00:00,,주말
7호선,2712,도봉산,710,,20250619,7호선,3763,석남,761,N,7호선,7135,2747,남구로,745,N,11:03:50,11:04:20,,7106,상행,2025-05-01T05:00:00,,주말
7호선,2712,도봉산,710,,20250619,7호선,3763,석남,761,N,7호선,7135,2746,대림,744,N,11:05:50,11:06:20,,7106,상행,2025-05-01T05:00:00,,주말
7호선,2712,도봉산,710,,20250619,7호선,3763,석남,761,N,7호선,7135,2745,신풍,743,N,11:08:20,11:08:50,,7106,상행,2025-05-01T05:00:00,,주말
7호선,2712,도봉산,710,,20250619,7호선,3763,석남,761,N,7호선,7135,2744,보라매,742,N,11:10:10,11:10:40,,7106,상행,2025-05-01T05:00:00,,주말
7호선,2712,도봉산,710,,20250619,7호선,3763,석남,761,N,7호선,7135,2743,신대방삼거리,741,N,11:11:50,11:12:20,,7106,상행,2025-05-01T05:00:00,,주말
7호선,2712,도봉산,710,,20250619,7호선,3763,석남,761,N,7호선,7135,2742,장승배기,740,N,11:14:10,11:14:40,,7106,상행,2025-05-01T05:00:00,,주말
7호선,2712,도봉산,710,,20250619,7호선,3763,석남,761,N,7호선,7135,2741,상도,739,N,11:16:10,11:16:40,,7106,상행,2025-05-01T05:00:00,,주말
7호선,2712,도봉산,710,,20250619,7호선,3763,석남,761,N,7호선,7135,2740,숭실대입구,738,N,11:17:50,11:18:20,,7106,상행,2025-05-01T05:00:00,,주말
7호선,2712,도봉산,710,,20250619,7호선,3763,석남,761,N,7호선,7135,2739,남성,737,N,11:20:50,11:21:20,,7106,상행,2025-05-01T05:00:00,,주말
7호선,2712,도봉산,710,,20250619,7호선,3763,석남,761,N,7호선,7135,2738,이수,736,N,11:22:40,11:23:20,,7106,상행,2025-05-01T05:00:00,,주말
7호선,2712,도봉산,710,,20250619,7호선,3763,석남,761,N,7호선,7135,2737,내방,735,N,11:24:50,11:25:20,,7106,상행,2025-05-01T05:00:00,,주말
7호선,2712,도봉산,710,,20250619,7호선,3763,석남,761,N,7호선,7135,2736,고속터미널,734,N,11:27:50,11:28:30,,7106,상행,2025-05-01T05:00:00,,주말
7호선,2712,도봉산,710,,20250619,7호선,3763,석남,761,N,7호선,7135,2735,반포,733,N,11:30:00,11:30:20,,7106,상행,2025-05-01T05:00:00,,주말
7호선,2712,도봉산,710,,20250619,7호선,3763,석남,761,N,7호선,7135,2734,논현,732,N,11:31:30,11:32:00,,7106,상행,2025-05-01T05:00:00,,주말
7호선,2712,도봉산,710,,20250619,7호선,3763,석남,761,N,7호선,7135,2733,학동,731,N,11:33:20,11:33:50,,7106,상행,2025-05-01T05:00:00,,주말
7호선,2712,도봉산,710,,20250619,7호선,3763,석남,761,N,7호선,7135,2732,강남구청,730,N,11:35:00,11:35:30,,7106,상행,2025-05-01T05:00:00,,주말
7호선,2712,도봉산,710,,20250619,7호선,3763,석남,761,N,7호선,7135,2731,청담,729,N,11:37:00,11:37:30,,7106,상행,2025-05-01T05:00:00,,주말
7호선,2712,도봉산,710,,20250619,7호선,3763,석남,761,N,7호선,7135,2730,자양,728,N,11:40:00,11:40:20,,7106,상행,2025-05-01T05:00:00,,주말
7호선,2712,도봉산,710,,20250619,7호선,3763,석남,761,N,7호선,7135,2729,건대입구,727,N,11:41:50,11:42:30,,7106,상행,2025-05-01T05:00:00,,주말
7호선,2712,도봉산,710,,20250619,7호선,3763,석남,761,N,7호선,7135,2728,어린이대공원,726,N,11:43:50,11:44:20,,7106,상행,2025-05-01T05:00:00,,주말
7호선,2712,도봉산,710,,20250619,7호선,3763,석남,761,N,7호선,7135,2727,군자,725,N,11:45:40,11:46:20,,7106,상행,2025-05-01T05:00:00,,주말
7호선,2712,도봉산,710,,20250619,7호선,3763,석남,761,N,7호선,7135,2726,중곡,724,N,11:47:40,11:48:10,,7106,상행,2025-05-01T05:00:00,,주말
7호선,2712,도봉산,710,,20250619,7호선,3763,석남,761,N,7호선,7135,2725,용마산,723,N,11:49:30,11:49:50,,7106,상행,2025-05-01T05:00:00,,주말
7호선,2712,도봉산,710,,20250619,7호선,3763,석남,761,N,7호선,7135,2724,사가정,722,N,11:51:00,11:51:30,,7106,상행,2025-05-01T05:00:00,,주말
7호선,2712,도봉산,710,,20250619,7호선,3763,석남,761,N,7호선,7135,2723,면목,721,N,11:52:40,11:53:10,,7106,상행,2025-05-01T05:00:00,,주말
7호선,2712,도봉산,710,,20250619,7호선,3763,석남,761,N,7호선,7135,2722,상봉,720,N,11:54:20,11:54:50,,7106,상행,2025-05-01T05:00:00,,주말
7호선,2712,도봉산,710,,20250619,7호선,3763,석남,761,N,7호선,7135,2721,중화,719,N,11:56:40,11:57:10,,7106,상행,2025-05-01T05:00:00,,주말
7호선,2712,도봉산,710,,20250619,7호선,3763,석남,761,N,7호선,7135,2720,먹골,718,N,11:58:30,11:59:00,,7106,상행,2025-05-01T05:00:00,,주말
7호선,2712,도봉산,710,,20250619,7호선,3763,석남,761,N,7호선,7135,2719,태릉입구,717,N,12:00:10,12:00:40,,7106,상행,2025-05-01T05:00:00,,주말
7호선,2712,도봉산,710,,20250619,7호선,3763,석남,761,N,7호선,7135,2718,공릉,716,N,12:01:40,12:02:10,,7106,상행,2025-05-01T05:00:00,,주말
7호선,2712,도봉산,710,,20250619,7호선,3763,석남,761,N,7호선,7135,2717,하계,715,N,12:03:40,12:04:10,,7106,상행,2025-05-01T05:00:00,,주말
7호선,2712,도봉산,710,,20250619,7호선,3763,석남,761,N,7호선,7135,2716,중계,714,N,12:05:20,12:05:50,,7106,상행,2025-05-01T05:00:00,,주말
7호선,2712,도봉산,710,,20250619,7호선,3763,석남,761,N,7호선,7135,2715,노원,713,N,12:07:10,12:07:40,,7106,상행,2025-05-01T05:00:00,,주말
7호선,2712,도봉산,710,,20250619,7호선,3763,석남,761,N,7호선,7135,2714,마들,712,N,12:09:10,12:09:40,,7106,상행,2025-05-01T05:00:00,,주말
7호선,2712,도봉산,710,,20250619,7호선,3763,석남,761,N,7호선,7135,2713,수락산,711,N,12:11:40,12:12:10,,7106,상행,2025-05-01T05:00:00,,주말
7호선,2712,도봉산,710,,20250619,7호선,3763,석남,761,N,7호선,7135,2712,도봉산,710,N,12:14:30,,,7106,상행,2025-05-01T05:00:00,,주말
7호선,2711,장암,709,,20250619,7호선,2752,온수,750,N,7호선,7141,2752,온수,750,N,,10:59:00,,7108,상행,2025-05-01T05:00:00,,주말
7호선,2711,장암,709,,20250619,7호선,2752,온수,750,N,7호선,7141,2751,천왕,749,N,11:01:20,11:01:40,,7108,상행,2025-05-01T05:00:00,,주말
7호선,2711,장암,709,,20250619,7호선,2752,온수,750,N,7호선,7141,2750,광명사거리,748,N,11:03:40,11:04:10,,7108,상행,2025-05-01T05:00:00,,주말
7호선,2711,장암,709,,20250619,7호선,2752,온수,750,N,7호선,7141,2749,철산,747,N,11:06:00,11:06:30,,7108,상행,2025-05-01T05:00:00,,주말
7호선,2711,장암,709,,20250619,7호선,2752,온수,750,N,7호선,7141,2748,가산디지털단지,746,N,11:08:30,11:09:00,,7108,상행,2025-05-01T05:00:00,,주말
7호선,2711,장암,709,,20250619,7호선,2752,온수,750,N,7호선,7141,2747,남구로,745,N,11:10:20,11:10:50,,7108,상행,2025-05-01T05:00:00,,주말
7호선,2711,장암,709,,20250619,7호선,2752,온수,750,N,7호선,7141,2746,대림,744,N,11:12:20,11:12:50,,7108,상행,2025-05-01T05:00:00,,주말
7호선,2711,장암,709,,20250619,7호선,2752,온수,750,N,7호선,7141,2745,신풍,743,N,11:14:50,11:15:20,,7108,상행,2025-05-01T05:00:00,,주말
7호선,2711,장암,709,,20250619,7호선,2752,온수,750,N,7호선,7141,2744,보라매,742,N,11:16:40,11:17:10,,7108,상행,2025-05-01T05:00:00,,주말
7호선,2711,장암,709,,20250619,7호선,2752,온수,750,N,7호선,7141,2743,신대방삼거리,741,N,11:18:20,11:18:50,,7108,상행,2025-05-01T05:00:00,,주말
7호선,2711,장암,709,,20250619,7호선,2752,온수,750,N,7호선,7141,2742,장승배기,740,N,11:20:40,11:21:10,,7108,상행,2025-05-01T05:00:00,,주말
7호선,2711,장암,709,,20250619,7호선,2752,온수,750,N,7호선,7141,2741,상도,739,N,11:22:40,11:23:10,,7108,상행,2025-05-01T05:00:00,,주말
7호선,2711,장암,709,,20250619,7호선,2752,온수,750,N,7호선,7141,2740,숭실대입구,738,N,11:24:20,11:24:50,,7108,상행,2025-05-01T05:00:00,,주말
7호선,2711,장암,709,,20250619,7호선,2752,온수,750,N,7호선,7141,2739,남성,737,N,11:27:20,11:27:50,,7108,상행,2025-05-01T05:00:00,,주말
7호선,2711,장암,709,,20250619,7호선,2752,온수,750,N,7호선,7141,2738,이수,736,N,11:29:10,11:29:50,,7108,상행,2025-05-01T05:00:00,,주말
7호선,2711,장암,709,,20250619,7호선,2752,온수,750,N,7호선,7141,2737,내방,735,N,11:31:20,11:31:50,,7108,상행,2025-05-01T05:00:00,,주말
7호선,2711,장암,709,,20250619,7호선,2752,온수,750,N,7호선,7141,2736,고속터미널,734,N,11:34:20,11:35:00,,7108,상행,2025-05-01T05:00:00,,주말
7호선,2711,장암,709,,20250619,7호선,2752,온수,750,N,7호선,7141,2735,반포,733,N,11:36:30,11:36:50,,7108,상행,2025-05-01T05:00:00,,주말
7호선,2711,장암,709,,20250619,7호선,2752,온수,750,N,7호선,7141,2734,논현,732,N,11:38:00,11:38:30,,7108,상행,2025-05-01T05:00:00,,주말
7호선,2711,장암,709,,20250619,7호선,2752,온수,750,N,7호선,7141,2733,학동,731,N,11:39:50,11:40:20,,7108,상행,2025-05-01T05:00:00,,주말
7호선,2711,장암,709,,20250619,7호선,2752,온수,750,N,7호선,7141,2732,강남구청,730,N,11:41:30,11:42:00,,7108,상행,2025-05-01T05:00:00,,주말
7호선,2711,장암,709,,20250619,7호선,2752,온수,750,N,7호선,7141,2731,청담,729,N,11:43:30,11:44:00,,7108,상행,2025-05-01T05:00:00,,주말
7호선,2711,장암,709,,20250619,7호선,2752,온수,750,N,7호선,7141,2730,자양,728,N,11:46:30,11:46:50,,7108,상행,2025-05-01T05:00:00,,주말
7호선,2711,장암,709,,20250619,7호선,2752,온수,750,N,7호선,7141,2729,건대입구,727,N,11:48:20,11:49:00,,7108,상행,2025-05-01T05:00:00,,주말
7호선,2711,장암,709,,20250619,7호선,2752,온수,750,N,7호선,7141,2728,어린이대공원,726,N,11:50:20,11:50:50,,7108,상행,2025-05-01T05:00:00,,주말
7호선,2711,장암,709,,20250619,7호선,2752,온수,750,N,7호선,7141,2727,군자,725,N,11:52:10,11:52:50,,7108,상행,2025-05-01T05:00:00,,주말
7호선,2711,장암,709,,20250619,7호선,2752,온수,750,N,7호선,7141,2726,중곡,724,N,11:54:10,11:54:40,,7108,상행,2025-05-01T05:00:00,,주말
7호선,2711,장암,709,,20250619,7호선,2752,온수,750,N,7호선,7141,2725,용마산,723,N,11:56:00,11:56:20,,7108,상행,2025-05-01T05:00:00,,주말
7호선,2711,장암,709,,20250619,7호선,2752,온수,750,N,7호선,7141,2724,사가정,722,N,11:57:30,11:58:00,,7108,상행,2025-05-01T05:00:00,,주말
7호선,2711,장암,709,,20250619,7호선,2752,온수,750,N,7호선,7141,2723,면목,721,N,11:59:10,11:59:40,,7108,상행,2025-05-01T05:00:00,,주말
7호선,2711,장암,709,,20250619,7호선,2752,온수,750,N,7호선,7141,2722,상봉,720,N,12:00:50,12:01:20,,7108,상행,2025-05-01T05:00:00,,주말
7호선,2711,장암,709,,20250619,7호선,2752,온수,750,N,7호선,7141,2721,중화,719,N,12:03:10,12:03:40,,7108,상행,2025-05-01T05:00:00,,주말
7호선,2711,장암,709,,20250619,7호선,2752,온수,750,N,7호선,7141,2720,먹골,718,N,12:05:00,12:05:30,,7108,상행,2025-05-01T05:00:00,,주말
7호선,2711,장암,709,,20250619,7호선,2752,온수,750,N,7호선,7141,2719,태릉입구,717,N,12:06:40,12:07:10,,7108,상행,2025-05-01T05:00:00,,주말
7호선,2711,장암,709,,20250619,7호선,2752,온수,750,N,7호선,7141,2718,공릉,716,N,12:08:10,12:08:40,,7108,상행,2025-05-01T05:00:00,,주말
7호선,2711,장암,709,,20250619,7호선,2752,온수,750,N,7호선,7141,2717,하계,715,N,12:10:10,12:10:40,,7108,상행,2025-05-01T05:00:00,,주말
7호선,2711,장암,709,,20250619,7호선,2752,온수,750,N,7호선,7141,2716,중계,714,N,12:11:50,12:12:20,,7108,상행,2025-05-01T05:00:00,,주말
7호선,2711,장암,709,,20250619,7호선,2752,온수,750,N,7호선,7141,2715,노원,713,N,12:13:40,12:14:10,,7108,상행,2025-05-01T05:00:00,,주말
7호선,2711,장암,709,,20250619,7호선,2752,온수,750,N,7호선,7141,2714,마들,712,N,12:15:40,12:16:10,,7108,상행,2025-05-01T05:00:00,,주말
7호선,2711,장암,709,,20250619,7호선,2752,온수,750,N,7호선,7141,2713,수락산,711,N,12:18:10,12:18:40,,7108,상행,2025-05-01T05:00:00,,주말
7호선,2711,장암,709,,20250619,7호선,2752,온수,750,N,7호선,7141,2712,도봉산,710,N,12:21:00,12:21:30,,7108,상행,2025-05-01T05:00:00,,주말
7호선,2711,장암,709,,20250619,7호선,2752,온수,750,N,7호선,7141,2711,장암,709,N,12:26:00,,,7108,상행,2025-05-01T05:00:00,,주말
7호선,2712,도봉산,710,,20250619,7호선,3763,석남,761,N,7호선,7139,3763,석남,761,N,,10:42:00,,7110,상행,2025-05-01T05:00:00,,주말
7호선,2712,도봉산,710,,20250619,7호선,3763,석남,761,N,7호선,7139,3762,산곡,760,N,10:45:00,10:45:30,,7110,상행,2025-05-01T05:00:00,,주말
7호선,2712,도봉산,710,,20250619,7호선,3763,석남,761,N,7호선,7139,3761,부평구청,759,N,10:47:30,10:48:00,,7110,상행,2025-05-01T05:00:00,,주말
7호선,2712,도봉산,710,,20250619,7호선,3763,석남,761,N,7호선,7139,3760,굴포천,758,N,10:49:20,10:49:50,,7110,상행,2025-05-01T05:00:00,,주말
7호선,2712,도봉산,710,,20250619,7호선,3763,석남,761,N,7호선,7139,3759,삼산체육관,757,N,10:51:00,10:51:30,,7110,상행,2025-05-01T05:00:00,,주말
7호선,2712,도봉산,710,,20250619,7호선,3763,석남,761,N,7호선,7139,3758,상동,756,N,10:52:50,10:53:20,,7110,상행,2025-05-01T05:00:00,,주말
7호선,2712,도봉산,710,,20250619,7호선,3763,석남,761,N,7호선,7139,3757,부천시청,755,N,10:54:30,10:55:00,,7110,상행,2025-05-01T05:00:00,,주말
7호선,2712,도봉산,710,,20250619,7호선,3763,석남,761,N,7호선,7139,3756,신중동,754,N,10:56:20,10:56:50,,7110,상행,2025-05-01T05:00:00,,주말
7호선,2712,도봉산,710,,20250619,7호선,3763,석남,761,N,7호선,7139,3755,춘의,753,N,10:58:10,10:58:40,,7110,상행,2025-05-01T05:00:00,,주말
7호선,2712,도봉산,710,,20250619,7호선,3763,석남,761,N,7호선,7139,3754,부천종합운동장,752,N,11:00:00,11:00:30,,7110,상행,2025-05-01T05:00:00,,주말
7호선,2712,도봉산,710,,20250619,7호선,3763,석남,761,N,7호선,7139,3753,까치울,751,N,11:02:00,11:02:30,,7110,상행,2025-05-01T05:00:00,,주말
7호선,2712,도봉산,710,,20250619,7호선,3763,석남,761,N,7호선,7139,2752,온수,750,N,11:05:00,11:05:30,,7110,상행,2025-05-01T05:00:00,,주말
7호선,2712,도봉산,710,,20250619,7호선,3763,석남,761,N,7호선,7139,2751,천왕,749,N,11:07:50,11:08:10,,7110,상행,2025-05-01T05:00:00,,주말
7호선,2712,도봉산,710,,20250619,7호선,3763,석남,761,N,7호선,7139,2750,광명사거리,748,N,11:10:10,11:10:40,,7110,상행,2025-05-01T05:00:00,,주말
7호선,2712,도봉산,710,,20250619,7호선,3763,석남,761,N,7호선,7139,2749,철산,747,N,11:12:30,11:13:00,,7110,상행,2025-05-01T05:00:00,,주말
7호선,2712,도봉산,710,,20250619,7호선,3763,석남,761,N,7호선,7139,2748,가산디지털단지,746,N,11:15:00,11:15:30,,7110,상행,2025-05-01T05:00:00,,주말
7호선,2712,도봉산,710,,20250619,7호선,3763,석남,761,N,7호선,7139,2747,남구로,745,N,11:16:50,11:17:20,,7110,상행,2025-05-01T05:00:00,,주말
7호선,2712,도봉산,710,,20250619,7호선,3763,석남,761,N,7호선,7139,2746,대림,744,N,11:18:50,11:19:20,,7110,상행,2025-05-01T05:00:00,,주말
7호선,2712,도봉산,710,,20250619,7호선,3763,석남,761,N,7호선,7139,2745,신풍,743,N,11:21:20,11:21:50,,7110,상행,2025-05-01T05:00:00,,주말
7호선,2712,도봉산,710,,20250619,7호선,3763,석남,761,N,7호선,7139,2744,보라매,742,N,11:23:10,11:23:40,,7110,상행,2025-05-01T05:00:00,,주말
7호선,2712,도봉산,710,,20250619,7호선,3763,석남,761,N,7호선,7139,2743,신대방삼거리,741,N,11:24:50,11:25:20,,7110,상행,2025-05-01T05:00:00,,주말
7호선,2712,도봉산,710,,20250619,7호선,3763,석남,761,N,7호선,7139,2742,장승배기,740,N,11:27:10,11:27:40,,7110,상행,2025-05-01T05:00:00,,주말
7호선,2712,도봉산,710,,20250619,7호선,3763,석남,761,N,7호선,7139,2741,상도,739,N,11:29:10,11:29:40,,7110,상행,2025-05-01T05:00:00,,주말
7호선,2712,도봉산,710,,20250619,7호선,3763,석남,761,N,7호선,7139,2740,숭실대입구,738,N,11:30:50,11:31:20,,7110,상행,2025-05-01T05:00:00,,주말
7호선,2712,도봉산,710,,20250619,7호선,3763,석남,761,N,7호선,7139,2739,남성,737,N,11:33:50,11:34:20,,7110,상행,2025-05-01T05:00:00,,주말
7호선,2712,도봉산,710,,20250619,7호선,3763,석남,761,N,7호선,7139,2738,이수,736,N,11:35:40,11:36:20,,7110,상행,2025-05-01T05:00:00,,주말
7호선,2712,도봉산,710,,20250619,7호선,3763,석남,761,N,7호선,7139,2737,내방,735,N,11:37:50,11:38:20,,7110,상행,2025-05-01T05:00:00,,주말
7호선,2712,도봉산,710,,20250619,7호선,3763,석남,761,N,7호선,7139,2736,고속터미널,734,N,11:40:50,11:41:30,,7110,상행,2025-05-01T05:00:00,,주말
7호선,2712,도봉산,710,,20250619,7호선,3763,석남,761,N,7호선,7139,2735,반포,733,N,11:43:00,11:43:20,,7110,상행,2025-05-01T05:00:00,,주말
7호선,2712,도봉산,710,,20250619,7호선,3763,석남,761,N,7호선,7139,2734,논현,732,N,11:44:30,11:45:00,,7110,상행,2025-05-01T05:00:00,,주말
7호선,2712,도봉산,710,,20250619,7호선,3763,석남,761,N,7호선,7139,2733,학동,731,N,11:46:20,11:46:50,,7110,상행,2025-05-01T05:00:00,,주말
7호선,2712,도봉산,710,,20250619,7호선,3763,석남,761,N,7호선,7139,2732,강남구청,730,N,11:48:00,11:48:30,,7110,상행,2025-05-01T05:00:00,,주말
7호선,2712,도봉산,710,,20250619,7호선,3763,석남,761,N,7호선,7139,2731,청담,729,N,11:50:00,11:50:30,,7110,상행,2025-05-01T05:00:00,,주말
7호선,2712,도봉산,710,,20250619,7호선,3763,석남,761,N,7호선,7139,2730,자양,728,N,11:53:00,11:53:20,,7110,상행,2025-05-01T05:00:00,,주말
7호선,2712,도봉산,710,,20250619,7호선,3763,석남,761,N,7호선,7139,2729,건대입구,727,N,11:54:50,11:55:30,,7110,상행,2025-05-01T05:00:00,,주말
7호선,2712,도봉산,710,,20250619,7호선,3763,석남,761,N,7호선,7139,2728,어린이대공원,726,N,11:56:50,11:57:20,,7110,상행,2025-05-01T05:00:00,,주말
7호선,2712,도봉산,710,,20250619,7호선,3763,석남,761,N,7호선,7139,2727,군자,725,N,11:58:40,11:59:20,,7110,상행,2025-05-01T05:00:00,,주말
7호선,2712,도봉산,710,,20250619,7호선,3763,석남,761,N,7호선,7139,2726,중곡,724,N,12:00:40,12:01:10,,7110,상행,2025-05-01T05:00:00,,주말
7호선,2712,도봉산,710,,20250619,7호선,3763,석남,761,N,7호선,7139,2725,용마산,723,N,12:02:30,12:02:50,,7110,상행,2025-05-01T05:00:00,,주말
7호선,2712,도봉산,710,,20250619,7호선,3763,석남,761,N,7호선,7139,2724,사가정,722,N,12:04:00,12:04:30,,7110,상행,2025-05-01T05:00:00,,주말
7호선,2712,도봉산,710,,20250619,7호선,3763,석남,761,N,7호선,7139,2723,면목,721,N,12:05:40,12:06:10,,7110,상행,2025-05-01T05:00:00,,주말
7호선,2712,도봉산,710,,20250619,7호선,3763,석남,761,N,7호선,7139,2722,상봉,720,N,12:07:20,12:07:50,,7110,상행,2025-05-01T05:00:00,,주말
7호선,2712,도봉산,710,,20250619,7호선,3763,석남,761,N,7호선,7139,2721,중화,719,N,12:09:40,12:10:10,,7110,상행,2025-05-01T05:00:00,,주말
7호선,2712,도봉산,710,,20250619,7호선,3763,석남,761,N,7호선,7139,2720,먹골,718,N,12:11:30,12:12:00,,7110,상행,2025-05-01T05:00:00,,주말
7호선,2712,도봉산,710,,20250619,7호선,3763,석남,761,N,7호선,7139,2719,태릉입구,717,N,12:13:10,12:13:40,,7110,상행,2025-05-01T05:00:00,,주말
7호선,2712,도봉산,710,,20250619,7호선,3763,석남,761,N,7호선,7139,2718,공릉,716,N,12:14:40,12:15:10,,7110,상행,2025-05-01T05:00:00,,주말
7호선,2712,도봉산,710,,20250619,7호선,3763,석남,761,N,7호선,7139,2717,하계,715,N,12:16:40,12:17:10,,7110,상행,2025-05-01T05:00:00,,주말
7호선,2712,도봉산,710,,20250619,7호선,3763,석남,761,N,7호선,7139,2716,중계,714,N,12:18:20,12:18:50,,7110,상행,2025-05-01T05:00:00,,주말
7호선,2712,도봉산,710,,20250619,7호선,3763,석남,761,N,7호선,7139,2715,노원,713,N,12:20:10,12:20:40,,7110,상행,2025-05-01T05:00:00,,주말
7호선,2712,도봉산,710,,20250619,7호선,3763,석남,761,N,7호선,7139,2714,마들,712,N,12:22:10,12:22:40,,7110,상행,2025-05-01T05:00:00,,주말
7호선,2712,도봉산,710,,20250619,7호선,3763,석남,761,N,7호선,7139,2713,수락산,711,N,12:24:40,12:25:10,,7110,상행,2025-05-01T05:00:00,,주말
7호선,2712,도봉산,710,,20250619,7호선,3763,석남,761,N,7호선,7139,2712,도봉산,710,N,12:27:30,,,7110,상행,2025-05-01T05:00:00,,주말
7호선,2711,장암,709,,20250619,7호선,2752,온수,750,N,7호선,7145,2752,온수,750,N,,11:12:00,,7112,상행,2025-05-01T05:00:00,,주말
7호선,2711,장암,709,,20250619,7호선,2752,온수,750,N,7호선,7145,2751,천왕,749,N,11:14:20,11:14:40,,7112,상행,2025-05-01T05:00:00,,주말
7호선,2711,장암,709,,20250619,7호선,2752,온수,750,N,7호선,7145,2750,광명사거리,748,N,11:16:40,11:17:10,,7112,상행,2025-05-01T05:00:00,,주말
7호선,2711,장암,709,,20250619,7호선,2752,온수,750,N,7호선,7145,2749,철산,747,N,11:19:00,11:19:30,,7112,상행,2025-05-01T05:00:00,,주말
7호선,2711,장암,709,,20250619,7호선,2752,온수,750,N,7호선,7145,2748,가산디지털단지,746,N,11:21:30,11:22:00,,7112,상행,2025-05-01T05:00:00,,주말
7호선,2711,장암,709,,20250619,7호선,2752,온수,750,N,7호선,7145,2747,남구로,745,N,11:23:20,11:23:50,,7112,상행,2025-05-01T05:00:00,,주말
7호선,2711,장암,709,,20250619,7호선,2752,온수,750,N,7호선,7145,2746,대림,744,N,11:25:20,11:25:50,,7112,상행,2025-05-01T05:00:00,,주말
7호선,2711,장암,709,,20250619,7호선,2752,온수,750,N,7호선,7145,2745,신풍,743,N,11:27:50,11:28:20,,7112,상행,2025-05-01T05:00:00,,주말
7호선,2711,장암,709,,20250619,7호선,2752,온수,750,N,7호선,7145,2744,보라매,742,N,11:29:40,11:30:10,,7112,상행,2025-05-01T05:00:00,,주말
7호선,2711,장암,709,,20250619,7호선,2752,온수,750,N,7호선,7145,2743,신대방삼거리,741,N,11:31:20,11:31:50,,7112,상행,2025-05-01T05:00:00,,주말
7호선,2711,장암,709,,20250619,7호선,2752,온수,750,N,7호선,7145,2742,장승배기,740,N,11:33:40,11:34:10,,7112,상행,2025-05-01T05:00:00,,주말
7호선,2711,장암,709,,20250619,7호선,2752,온수,750,N,7호선,7145,2741,상도,739,N,11:35:40,11:36:10,,7112,상행,2025-05-01T05:00:00,,주말
7호선,2711,장암,709,,20250619,7호선,2752,온수,750,N,7호선,7145,2740,숭실대입구,738,N,11:37:20,11:37:50,,7112,상행,2025-05-01T05:00:00,,주말
7호선,2711,장암,709,,20250619,7호선,2752,온수,750,N,7호선,7145,2739,남성,737,N,11:40:20,11:40:50,,7112,상행,2025-05-01T05:00:00,,주말
7호선,2711,장암,709,,20250619,7호선,2752,온수,750,N,7호선,7145,2738,이수,736,N,11:42:10,11:42:50,,7112,상행,2025-05-01T05:00:00,,주말
7호선,2711,장암,709,,20250619,7호선,2752,온수,750,N,7호선,7145,2737,내방,735,N,11:44:20,11:44:50,,7112,상행,2025-05-01T05:00:00,,주말
7호선,2711,장암,709,,20250619,7호선,2752,온수,750,N,7호선,7145,2736,고속터미널,734,N,11:47:20,11:48:00,,7112,상행,2025-05-01T05:00:00,,주말
7호선,2711,장암,709,,20250619,7호선,2752,온수,750,N,7호선,7145,2735,반포,733,N,11:49:30,11:49:50,,7112,상행,2025-05-01T05:00:00,,주말
7호선,2711,장암,709,,20250619,7호선,2752,온수,750,N,7호선,7145,2734,논현,732,N,11:51:00,11:51:30,,7112,상행,2025-05-01T05:00:00,,주말
7호선,2711,장암,709,,20250619,7호선,2752,온수,750,N,7호선,7145,2733,학동,731,N,11:52:50,11:53:20,,7112,상행,2025-05-01T05:00:00,,주말
7호선,2711,장암,709,,20250619,7호선,2752,온수,750,N,7호선,7145,2732,강남구청,730,N,11:54:30,11:55:00,,7112,상행,2025-05-01T05:00:00,,주말
7호선,2711,장암,709,,20250619,7호선,2752,온수,750,N,7호선,7145,2731,청담,729,N,11:56:30,11:57:00,,7112,상행,2025-05-01T05:00:00,,주말
7호선,2711,장암,709,,20250619,7호선,2752,온수,750,N,7호선,7145,2730,자양,728,N,11:59:30,11:59:50,,7112,상행,2025-05-01T05:00:00,,주말
7호선,2711,장암,709,,20250619,7호선,2752,온수,750,N,7호선,7145,2729,건대입구,727,N,12:01:20,12:02:00,,7112,상행,2025-05-01T05:00:00,,주말
7호선,2711,장암,709,,20250619,7호선,2752,온수,750,N,7호선,7145,2728,어린이대공원,726,N,12:03:20,12:03:50,,7112,상행,2025-05-01T05:00:00,,주말
7호선,2711,장암,709,,20250619,7호선,2752,온수,750,N,7호선,7145,2727,군자,725,N,12:05:10,12:05:50,,7112,상행,2025-05-01T05:00:00,,주말
7호선,2711,장암,709,,20250619,7호선,2752,온수,750,N,7호선,7145,2726,중곡,724,N,12:07:10,12:07:40,,7112,상행,2025-05-01T05:00:00,,주말
7호선,2711,장암,709,,20250619,7호선,2752,온수,750,N,7호선,7145,2725,용마산,723,N,12:09:00,12:09:20,,7112,상행,2025-05-01T05:00:00,,주말
7호선,2711,장암,709,,20250619,7호선,2752,온수,750,N,7호선,7145,2724,사가정,722,N,12:10:30,12:11:00,,7112,상행,2025-05-01T05:00:00,,주말
7호선,2711,장암,709,,20250619,7호선,2752,온수,750,N,7호선,7145,2723,면목,721,N,12:12:10,12:12:40,,7112,상행,2025-05-01T05:00:00,,주말
7호선,2711,장암,709,,20250619,7호선,2752,온수,750,N,7호선,7145,2722,상봉,720,N,12:13:50,12:14:20,,7112,상행,2025-05-01T05:00:00,,주말
7호선,2711,장암,709,,20250619,7호선,2752,온수,750,N,7호선,7145,2721,중화,719,N,12:16:10,12:16:40,,7112,상행,2025-05-01T05:00:00,,주말
7호선,2711,장암,709,,20250619,7호선,2752,온수,750,N,7호선,7145,2720,먹골,718,N,12:18:00,12:18:30,,7112,상행,2025-05-01T05:00:00,,주말
7호선,2711,장암,709,,20250619,7호선,2752,온수,750,N,7호선,7145,2719,태릉입구,717,N,12:19:40,12:20:10,,7112,상행,2025-05-01T05:00:00,,주말
7호선,2711,장암,709,,20250619,7호선,2752,온수,750,N,7호선,7145,2718,공릉,716,N,12:21:10,12:21:40,,7112,상행,2025-05-01T05:00:00,,주말
7호선,2711,장암,709,,20250619,7호선,2752,온수,750,N,7호선,7145,2717,하계,715,N,12:23:10,12:23:40,,7112,상행,2025-05-01T05:00:00,,주말
7호선,2711,장암,709,,20250619,7호선,2752,온수,750,N,7호선,7145,2716,중계,714,N,12:24:50,12:25:20,,7112,상행,2025-05-01T05:00:00,,주말
7호선,2711,장암,709,,20250619,7호선,2752,온수,750,N,7호선,7145,2715,노원,713,N,12:26:40,12:27:10,,7112,상행,2025-05-01T05:00:00,,주말
7호선,2711,장암,709,,20250619,7호선,2752,온수,750,N,7호선,7145,2714,마들,712,N,12:28:40,12:29:10,,7112,상행,2025-05-01T05:00:00,,주말
7호선,2711,장암,709,,20250619,7호선,2752,온수,750,N,7호선,7145,2713,수락산,711,N,12:31:10,12:31:40,,7112,상행,2025-05-01T05:00:00,,주말
7호선,2711,장암,709,,20250619,7호선,2752,온수,750,N,7호선,7145,2712,도봉산,710,N,12:34:00,12:34:30,,7112,상행,2025-05-01T05:00:00,,주말
7호선,2711,장암,709,,20250619,7호선,2752,온수,750,N,7호선,7145,2711,장암,709,N,12:39:00,,,7112,상행,2025-05-01T05:00:00,,주말
7호선,2712,도봉산,710,,20250619,7호선,3763,석남,761,N,7호선,7143,3763,석남,761,N,,10:55:00,,7114,상행,2025-05-01T05:00:00,,주말
7호선,2712,도봉산,710,,20250619,7호선,3763,석남,761,N,7호선,7143,3762,산곡,760,N,10:58:00,10:58:30,,7114,상행,2025-05-01T05:00:00,,주말
7호선,2712,도봉산,710,,20250619,7호선,3763,석남,761,N,7호선,7143,3761,부평구청,759,N,11:00:30,11:01:00,,7114,상행,2025-05-01T05:00:00,,주말
7호선,2712,도봉산,710,,20250619,7호선,3763,석남,761,N,7호선,7143,3760,굴포천,758,N,11:02:20,11:02:50,,7114,상행,2025-05-01T05:00:00,,주말
7호선,2712,도봉산,710,,20250619,7호선,3763,석남,761,N,7호선,7143,3759,삼산체육관,757,N,11:04:00,11:04:30,,7114,상행,2025-05-01T05:00:00,,주말
7호선,2712,도봉산,710,,20250619,7호선,3763,석남,761,N,7호선,7143,3758,상동,756,N,11:05:50,11:06:20,,7114,상행,2025-05-01T05:00:00,,주말
7호선,2712,도봉산,710,,20250619,7호선,3763,석남,761,N,7호선,7143,3757,부천시청,755,N,11:07:30,11:08:00,,7114,상행,2025-05-01T05:00:00,,주말
7호선,2712,도봉산,710,,20250619,7호선,3763,석남,761,N,7호선,7143,3756,신중동,754,N,11:09:20,11:09:50,,7114,상행,2025-05-01T05:00:00,,주말
7호선,2712,도봉산,710,,20250619,7호선,3763,석남,761,N,7호선,7143,3755,춘의,753,N,11:11:10,11:11:40,,7114,상행,2025-05-01T05:00:00,,주말
7호선,2712,도봉산,710,,20250619,7호선,3763,석남,761,N,7호선,7143,3754,부천종합운동장,752,N,11:13:00,11:13:30,,7114,상행,2025-05-01T05:00:00,,주말
7호선,2712,도봉산,710,,20250619,7호선,3763,석남,761,N,7호선,7143,3753,까치울,751,N,11:15:00,11:15:30,,7114,상행,2025-05-01T05:00:00,,주말
7호선,2712,도봉산,710,,20250619,7호선,3763,석남,761,N,7호선,7143,2752,온수,750,N,11:18:00,11:18:30,,7114,상행,2025-05-01T05:00:00,,주말
7호선,2712,도봉산,710,,20250619,7호선,3763,석남,761,N,7호선,7143,2751,천왕,749,N,11:20:50,11:21:10,,7114,상행,2025-05-01T05:00:00,,주말
7호선,2712,도봉산,710,,20250619,7호선,3763,석남,761,N,7호선,7143,2750,광명사거리,748,N,11:23:10,11:23:40,,7114,상행,2025-05-01T05:00:00,,주말
7호선,2712,도봉산,710,,20250619,7호선,3763,석남,761,N,7호선,7143,2749,철산,747,N,11:25:30,11:26:00,,7114,상행,2025-05-01T05:00:00,,주말
7호선,2712,도봉산,710,,20250619,7호선,3763,석남,761,N,7호선,7143,2748,가산디지털단지,746,N,11:28:00,11:28:30,,7114,상행,2025-05-01T05:00:00,,주말
7호선,2712,도봉산,710,,20250619,7호선,3763,석남,761,N,7호선,7143,2747,남구로,745,N,11:29:50,11:30:20,,7114,상행,2025-05-01T05:00:00,,주말
7호선,2712,도봉산,710,,20250619,7호선,3763,석남,761,N,7호선,7143,2746,대림,744,N,11:31:50,11:32:20,,7114,상행,2025-05-01T05:00:00,,주말
7호선,2712,도봉산,710,,20250619,7호선,3763,석남,761,N,7호선,7143,2745,신풍,743,N,11:34:20,11:34:50,,7114,상행,2025-05-01T05:00:00,,주말
7호선,2712,도봉산,710,,20250619,7호선,3763,석남,761,N,7호선,7143,2744,보라매,742,N,11:36:10,11:36:40,,7114,상행,2025-05-01T05:00:00,,주말
7호선,2712,도봉산,710,,20250619,7호선,3763,석남,761,N,7호선,7143,2743,신대방삼거리,741,N,11:37:50,11:38:20,,7114,상행,2025-05-01T05:00:00,,주말
7호선,2712,도봉산,710,,20250619,7호선,3763,석남,761,N,7호선,7143,2742,장승배기,740,N,11:40:10,11:40:40,,7114,상행,2025-05-01T05:00:00,,주말
7호선,2712,도봉산,710,,20250619,7호선,3763,석남,761,N,7호선,7143,2741,상도,739,N,11:42:10,11:42:40,,7114,상행,2025-05-01T05:00:00,,주말
7호선,2712,도봉산,710,,20250619,7호선,3763,석남,761,N,7호선,7143,2740,숭실대입구,738,N,11:43:50,11:44:20,,7114,상행,2025-05-01T05:00:00,,주말
7호선,2712,도봉산,710,,20250619,7호선,3763,석남,761,N,7호선,7143,2739,남성,737,N,11:46:50,11:47:20,,7114,상행,2025-05-01T05:00:00,,주말
7호선,2712,도봉산,710,,20250619,7호선,3763,석남,761,N,7호선,7143,2738,이수,736,N,11:48:40,11:49:20,,7114,상행,2025-05-01T05:00:00,,주말
7호선,2712,도봉산,710,,20250619,7호선,3763,석남,761,N,7호선,7143,2737,내방,735,N,11:50:50,11:51:20,,7114,상행,2025-05-01T05:00:00,,주말
7호선,2712,도봉산,710,,20250619,7호선,3763,석남,761,N,7호선,7143,2736,고속터미널,734,N,11:53:50,11:54:30,,7114,상행,2025-05-01T05:00:00,,주말
7호선,2712,도봉산,710,,20250619,7호선,3763,석남,761,N,7호선,7143,2735,반포,733,N,11:56:00,11:56:20,,7114,상행,2025-05-01T05:00:00,,주말
7호선,2712,도봉산,710,,20250619,7호선,3763,석남,761,N,7호선,7143,2734,논현,732,N,11:57:30,11:58:00,,7114,상행,2025-05-01T05:00:00,,주말
7호선,2712,도봉산,710,,20250619,7호선,3763,석남,761,N,7호선,7143,2733,학동,731,N,11:59:20,11:59:50,,7114,상행,2025-05-01T05:00:00,,주말
7호선,2712,도봉산,710,,20250619,7호선,3763,석남,761,N,7호선,7143,2732,강남구청,730,N,12:01:00,12:01:30,,7114,상행,2025-05-01T05:00:00,,주말
7호선,2712,도봉산,710,,20250619,7호선,3763,석남,761,N,7호선,7143,2731,청담,729,N,12:03:00,12:03:30,,7114,상행,2025-05-01T05:00:00,,주말
7호선,2712,도봉산,710,,20250619,7호선,3763,석남,761,N,7호선,7143,2730,자양,728,N,12:06:00,12:06:20,,7114,상행,2025-05-01T05:00:00,,주말
7호선,2712,도봉산,710,,20250619,7호선,3763,석남,761,N,7호선,7143,2729,건대입구,727,N,12:07:50,12:08:30,,7114,상행,2025-05-01T05:00:00,,주말
7호선,2712,도봉산,710,,20250619,7호선,3763,석남,761,N,7호선,7143,2728,어린이대공원,726,N,12:09:50,12:10:20,,7114,상행,2025-05-01T05:00:00,,주말
7호선,2712,도봉산,710,,20250619,7호선,3763,석남,761,N,7호선,7143,2727,군자,725,N,12:11:40,12:12:20,,7114,상행,2025-05-01T05:00:00,,주말
7호선,2712,도봉산,710,,20250619,7호선,3763,석남,761,N,7호선,7143,2726,중곡,724,N,12:13:40,12:14:10,,7114,상행,2025-05-01T05:00:00,,주말
7호선,2712,도봉산,710,,20250619,7호선,3763,석남,761,N,7호선,7143,2725,용마산,723,N,12:15:30,12:15:50,,7114,상행,2025-05-01T05:00:00,,주말
7호선,2712,도봉산,710,,20250619,7호선,3763,석남,761,N,7호선,7143,2724,사가정,722,N,12:17:00,12:17:30,,7114,상행,2025-05-01T05:00:00,,주말
7호선,2712,도봉산,710,,20250619,7호선,3763,석남,761,N,7호선,7143,2723,면목,721,N,12:18:40,12:19:10,,7114,상행,2025-05-01T05:00:00,,주말
7호선,2712,도봉산,710,,20250619,7호선,3763,석남,761,N,7호선,7143,2722,상봉,720,N,12:20:20,12:20:50,,7114,상행,2025-05-01T05:00:00,,주말
7호선,2712,도봉산,710,,20250619,7호선,3763,석남,761,N,7호선,7143,2721,중화,719,N,12:22:40,12:23:10,,7114,상행,2025-05-01T05:00:00,,주말
7호선,2712,도봉산,710,,20250619,7호선,3763,석남,761,N,7호선,7143,2720,먹골,718,N,12:24:30,12:25:00,,7114,상행,2025-05-01T05:00:00,,주말
7호선,2712,도봉산,710,,20250619,7호선,3763,석남,761,N,7호선,7143,2719,태릉입구,717,N,12:26:10,12:26:40,,7114,상행,2025-05-01T05:00:00,,주말
7호선,2712,도봉산,710,,20250619,7호선,3763,석남,761,N,7호선,7143,2718,공릉,716,N,12:27:40,12:28:10,,7114,상행,2025-05-01T05:00:00,,주말
7호선,2712,도봉산,710,,20250619,7호선,3763,석남,761,N,7호선,7143,2717,하계,715,N,12:29:40,12:30:10,,7114,상행,2025-05-01T05:00:00,,주말
7호선,2712,도봉산,710,,20250619,7호선,3763,석남,761,N,7호선,7143,2716,중계,714,N,12:31:20,12:31:50,,7114,상행,2025-05-01T05:00:00,,주말
7호선,2712,도봉산,710,,20250619,7호선,3763,석남,761,N,7호선,7143,2715,노원,713,N,12:33:10,12:33:40,,7114,상행,2025-05-01T05:00:00,,주말
7호선,2712,도봉산,710,,20250619,7호선,3763,석남,761,N,7호선,7143,2714,마들,712,N,12:35:10,12:35:40,,7114,상행,2025-05-01T05:00:00,,주말
7호선,2712,도봉산,710,,20250619,7호선,3763,석남,761,N,7호선,7143,2713,수락산,711,N,12:37:40,12:38:10,,7114,상행,2025-05-01T05:00:00,,주말
7호선,2712,도봉산,710,,20250619,7호선,3763,석남,761,N,7호선,7143,2712,도봉산,710,N,12:40:30,,,7114,상행,2025-05-01T05:00:00,,주말
7호선,2711,장암,709,,20250619,7호선,2752,온수,750,N,7호선,7149,2752,온수,750,N,,11:25:00,,7116,상행,2025-05-01T05:00:00,,주말
7호선,2711,장암,709,,20250619,7호선,2752,온수,750,N,7호선,7149,2751,천왕,749,N,11:27:20,11:27:40,,7116,상행,2025-05-01T05:00:00,,주말
7호선,2711,장암,709,,20250619,7호선,2752,온수,750,N,7호선,7149,2750,광명사거리,748,N,11:29:40,11:30:10,,7116,상행,2025-05-01T05:00:00,,주말
7호선,2711,장암,709,,20250619,7호선,2752,온수,750,N,7호선,7149,2749,철산,747,N,11:32:00,11:32:30,,7116,상행,2025-05-01T05:00:00,,주말
7호선,2711,장암,709,,20250619,7호선,2752,온수,750,N,7호선,7149,2748,가산디지털단지,746,N,11:34:30,11:35:00,,7116,상행,2025-05-01T05:00:00,,주말
7호선,2711,장암,709,,20250619,7호선,2752,온수,750,N,7호선,7149,2747,남구로,745,N,11:36:20,11:36:50,,7116,상행,2025-05-01T05:00:00,,주말
7호선,2711,장암,709,,20250619,7호선,2752,온수,750,N,7호선,7149,2746,대림,744,N,11:38:20,11:38:50,,7116,상행,2025-05-01T05:00:00,,주말
7호선,2711,장암,709,,20250619,7호선,2752,온수,750,N,7호선,7149,2745,신풍,743,N,11:40:50,11:41:20,,7116,상행,2025-05-01T05:00:00,,주말
7호선,2711,장암,709,,20250619,7호선,2752,온수,750,N,7호선,7149,2744,보라매,742,N,11:42:40,11:43:10,,7116,상행,2025-05-01T05:00:00,,주말
7호선,2711,장암,709,,20250619,7호선,2752,온수,750,N,7호선,7149,2743,신대방삼거리,741,N,11:44:20,11:44:50,,7116,상행,2025-05-01T05:00:00,,주말
7호선,2711,장암,709,,20250619,7호선,2752,온수,750,N,7호선,7149,2742,장승배기,740,N,11:46:40,11:47:10,,7116,상행,2025-05-01T05:00:00,,주말
7호선,2711,장암,709,,20250619,7호선,2752,온수,750,N,7호선,7149,2741,상도,739,N,11:48:40,11:49:10,,7116,상행,2025-05-01T05:00:00,,주말
7호선,2711,장암,709,,20250619,7호선,2752,온수,750,N,7호선,7149,2740,숭실대입구,738,N,11:50:20,11:50:50,,7116,상행,2025-05-01T05:00:00,,주말
7호선,2711,장암,709,,20250619,7호선,2752,온수,750,N,7호선,7149,2739,남성,737,N,11:53:20,11:53:50,,7116,상행,2025-05-01T05:00:00,,주말
7호선,2711,장암,709,,20250619,7호선,2752,온수,750,N,7호선,7149,2738,이수,736,N,11:55:10,11:55:50,,7116,상행,2025-05-01T05:00:00,,주말
7호선,2711,장암,709,,20250619,7호선,2752,온수,750,N,7호선,7149,2737,내방,735,N,11:57:20,11:57:50,,7116,상행,2025-05-01T05:00:00,,주말
7호선,2711,장암,709,,20250619,7호선,2752,온수,750,N,7호선,7149,2736,고속터미널,734,N,12:00:20,12:01:00,,7116,상행,2025-05-01T05:00:00,,주말
7호선,2711,장암,709,,20250619,7호선,2752,온수,750,N,7호선,7149,2735,반포,733,N,12:02:30,12:02:50,,7116,상행,2025-05-01T05:00:00,,주말
7호선,2711,장암,709,,20250619,7호선,2752,온수,750,N,7호선,7149,2734,논현,732,N,12:04:00,12:04:30,,7116,상행,2025-05-01T05:00:00,,주말
7호선,2711,장암,709,,20250619,7호선,2752,온수,750,N,7호선,7149,2733,학동,731,N,12:05:50,12:06:20,,7116,상행,2025-05-01T05:00:00,,주말
7호선,2711,장암,709,,20250619,7호선,2752,온수,750,N,7호선,7149,2732,강남구청,730,N,12:07:30,12:08:00,,7116,상행,2025-05-01T05:00:00,,주말
7호선,2711,장암,709,,20250619,7호선,2752,온수,750,N,7호선,7149,2731,청담,729,N,12:09:30,12:10:00,,7116,상행,2025-05-01T05:00:00,,주말
7호선,2711,장암,709,,20250619,7호선,2752,온수,750,N,7호선,7149,2730,자양,728,N,12:12:30,12:12:50,,7116,상행,2025-05-01T05:00:00,,주말
7호선,2711,장암,709,,20250619,7호선,2752,온수,750,N,7호선,7149,2729,건대입구,727,N,12:14:20,12:15:00,,7116,상행,2025-05-01T05:00:00,,주말
7호선,2711,장암,709,,20250619,7호선,2752,온수,750,N,7호선,7149,2728,어린이대공원,726,N,12:16:20,12:16:50,,7116,상행,2025-05-01T05:00:00,,주말
7호선,2711,장암,709,,20250619,7호선,2752,온수,750,N,7호선,7149,2727,군자,725,N,12:18:10,12:18:50,,7116,상행,2025-05-01T05:00:00,,주말
7호선,2711,장암,709,,20250619,7호선,2752,온수,750,N,7호선,7149,2726,중곡,724,N,12:20:10,12:20:40,,7116,상행,2025-05-01T05:00:00,,주말
7호선,2711,장암,709,,20250619,7호선,2752,온수,750,N,7호선,7149,2725,용마산,723,N,12:22:00,12:22:20,,7116,상행,2025-05-01T05:00:00,,주말
7호선,2711,장암,709,,20250619,7호선,2752,온수,750,N,7호선,7149,2724,사가정,722,N,12:23:30,12:24:00,,7116,상행,2025-05-01T05:00:00,,주말
7호선,2711,장암,709,,20250619,7호선,2752,온수,750,N,7호선,7149,2723,면목,721,N,12:25:10,12:25:40,,7116,상행,2025-05-01T05:00:00,,주말
7호선,2711,장암,709,,20250619,7호선,2752,온수,750,N,7호선,7149,2722,상봉,720,N,12:26:50,12:27:20,,7116,상행,2025-05-01T05:00:00,,주말
7호선,2711,장암,709,,20250619,7호선,2752,온수,750,N,7호선,7149,2721,중화,719,N,12:29:10,12:29:40,,7116,상행,2025-05-01T05:00:00,,주말
7호선,2711,장암,709,,20250619,7호선,2752,온수,750,N,7호선,7149,2720,먹골,718,N,12:31:00,12:31:30,,7116,상행,2025-05-01T05:00:00,,주말
7호선,2711,장암,709,,20250619,7호선,2752,온수,750,N,7호선,7149,2719,태릉입구,717,N,12:32:40,12:33:10,,7116,상행,2025-05-01T05:00:00,,주말
7호선,2711,장암,709,,20250619,7호선,2752,온수,750,N,7호선,7149,2718,공릉,716,N,12:34:10,12:34:40,,7116,상행,2025-05-01T05:00:00,,주말
7호선,2711,장암,709,,20250619,7호선,2752,온수,750,N,7호선,7149,2717,하계,715,N,12:36:10,12:36:40,,7116,상행,2025-05-01T05:00:00,,주말
7호선,2711,장암,709,,20250619,7호선,2752,온수,750,N,7호선,7149,2716,중계,714,N,12:37:50,12:38:20,,7116,상행,2025-05-01T05:00:00,,주말
7호선,2711,장암,709,,20250619,7호선,2752,온수,750,N,7호선,7149,2715,노원,713,N,12:39:40,12:40:10,,7116,상행,2025-05-01T05:00:00,,주말
7호선,2711,장암,709,,20250619,7호선,2752,온수,750,N,7호선,7149,2714,마들,712,N,12:41:40,12:42:10,,7116,상행,2025-05-01T05:00:00,,주말
7호선,2711,장암,709,,20250619,7호선,2752,온수,750,N,7호선,7149,2713,수락산,711,N,12:44:10,12:44:40,,7116,상행,2025-05-01T05:00:00,,주말
7호선,2711,장암,709,,20250619,7호선,2752,온수,750,N,7호선,7149,2712,도봉산,710,N,12:47:00,12:47:30,,7116,상행,2025-05-01T05:00:00,,주말
7호선,2711,장암,709,,20250619,7호선,2752,온수,750,N,7호선,7149,2711,장암,709,N,12:52:00,,,7116,상행,2025-05-01T05:00:00,,주말
7호선,2712,도봉산,710,,20250619,7호선,3763,석남,761,N,7호선,7147,3763,석남,761,N,,11:08:00,,7118,상행,2025-05-01T05:00:00,,주말
7호선,2712,도봉산,710,,20250619,7호선,3763,석남,761,N,7호선,7147,3762,산곡,760,N,11:11:00,11:11:30,,7118,상행,2025-05-01T05:00:00,,주말
7호선,2712,도봉산,710,,20250619,7호선,3763,석남,761,N,7호선,7147,3761,부평구청,759,N,11:13:30,11:14:00,,7118,상행,2025-05-01T05:00:00,,주말
7호선,2712,도봉산,710,,20250619,7호선,3763,석남,761,N,7호선,7147,3760,굴포천,758,N,11:15:20,11:15:50,,7118,상행,2025-05-01T05:00:00,,주말
7호선,2712,도봉산,710,,20250619,7호선,3763,석남,761,N,7호선,7147,3759,삼산체육관,757,N,11:17:00,11:17:30,,7118,상행,2025-05-01T05:00:00,,주말
7호선,2712,도봉산,710,,20250619,7호선,3763,석남,761,N,7호선,7147,3758,상동,756,N,11:18:50,11:19:20,,7118,상행,2025-05-01T05:00:00,,주말
7호선,2712,도봉산,710,,20250619,7호선,3763,석남,761,N,7호선,7147,3757,부천시청,755,N,11:20:30,11:21:00,,7118,상행,2025-05-01T05:00:00,,주말
7호선,2712,도봉산,710,,20250619,7호선,3763,석남,761,N,7호선,7147,3756,신중동,754,N,11:22:20,11:22:50,,7118,상행,2025-05-01T05:00:00,,주말
7호선,2712,도봉산,710,,20250619,7호선,3763,석남,761,N,7호선,7147,3755,춘의,753,N,11:24:10,11:24:40,,7118,상행,2025-05-01T05:00:00,,주말
7호선,2712,도봉산,710,,20250619,7호선,3763,석남,761,N,7호선,7147,3754,부천종합운동장,752,N,11:26:00,11:26:30,,7118,상행,2025-05-01T05:00:00,,주말
7호선,2712,도봉산,710,,20250619,7호선,3763,석남,761,N,7호선,7147,3753,까치울,751,N,11:28:00,11:28:30,,7118,상행,2025-05-01T05:00:00,,주말
7호선,2712,도봉산,710,,20250619,7호선,3763,석남,761,N,7호선,7147,2752,온수,750,N,11:31:00,11:31:30,,7118,상행,2025-05-01T05:00:00,,주말
7호선,2712,도봉산,710,,20250619,7호선,3763,석남,761,N,7호선,7147,2751,천왕,749,N,11:33:50,11:34:10,,7118,상행,2025-05-01T05:00:00,,주말
7호선,2712,도봉산,710,,20250619,7호선,3763,석남,761,N,7호선,7147,2750,광명사거리,748,N,11:36:10,11:36:40,,7118,상행,2025-05-01T05:00:00,,주말
7호선,2712,도봉산,710,,20250619,7호선,3763,석남,761,N,7호선,7147,2749,철산,747,N,11:38:30,11:39:00,,7118,상행,2025-05-01T05:00:00,,주말
7호선,2712,도봉산,710,,20250619,7호선,3763,석남,761,N,7호선,7147,2748,가산디지털단지,746,N,11:41:00,11:41:30,,7118,상행,2025-05-01T05:00:00,,주말
7호선,2712,도봉산,710,,20250619,7호선,3763,석남,761,N,7호선,7147,2747,남구로,745,N,11:42:50,11:43:20,,7118,상행,2025-05-01T05:00:00,,주말
7호선,2712,도봉산,710,,20250619,7호선,3763,석남,761,N,7호선,7147,2746,대림,744,N,11:44:50,11:45:20,,7118,상행,2025-05-01T05:00:00,,주말
7호선,2712,도봉산,710,,20250619,7호선,3763,석남,761,N,7호선,7147,2745,신풍,743,N,11:47:20,11:47:50,,7118,상행,2025-05-01T05:00:00,,주말
7호선,2712,도봉산,710,,20250619,7호선,3763,석남,761,N,7호선,7147,2744,보라매,742,N,11:49:10,11:49:40,,7118,상행,2025-05-01T05:00:00,,주말
7호선,2712,도봉산,710,,20250619,7호선,3763,석남,761,N,7호선,7147,2743,신대방삼거리,741,N,11:50:50,11:51:20,,7118,상행,2025-05-01T05:00:00,,주말
7호선,2712,도봉산,710,,20250619,7호선,3763,석남,761,N,7호선,7147,2742,장승배기,740,N,11:53:10,11:53:40,,7118,상행,2025-05-01T05:00:00,,주말
7호선,2712,도봉산,710,,20250619,7호선,3763,석남,761,N,7호선,7147,2741,상도,739,N,11:55:10,11:55:40,,7118,상행,2025-05-01T05:00:00,,주말
7호선,2712,도봉산,710,,20250619,7호선,3763,석남,761,N,7호선,7147,2740,숭실대입구,738,N,11:56:50,11:57:20,,7118,상행,2025-05-01T05:00:00,,주말
7호선,2712,도봉산,710,,20250619,7호선,3763,석남,761,N,7호선,7147,2739,남성,737,N,11:59:50,12:00:20,,7118,상행,2025-05-01T05:00:00,,주말
7호선,2712,도봉산,710,,20250619,7호선,3763,석남,761,N,7호선,7147,2738,이수,736,N,12:01:40,12:02:20,,7118,상행,2025-05-01T05:00:00,,주말
7호선,2712,도봉산,710,,20250619,7호선,3763,석남,761,N,7호선,7147,2737,내방,735,N,12:03:50,12:04:20,,7118,상행,2025-05-01T05:00:00,,주말
7호선,2712,도봉산,710,,20250619,7호선,3763,석남,761,N,7호선,7147,2736,고속터미널,734,N,12:06:50,12:07:30,,7118,상행,2025-05-01T05:00:00,,주말
7호선,2712,도봉산,710,,20250619,7호선,3763,석남,761,N,7호선,7147,2735,반포,733,N,12:09:00,12:09:20,,7118,상행,2025-05-01T05:00:00,,주말
7호선,2712,도봉산,710,,20250619,7호선,3763,석남,761,N,7호선,7147,2734,논현,732,N,12:10:30,12:11:00,,7118,상행,2025-05-01T05:00:00,,주말
7호선,2712,도봉산,710,,20250619,7호선,3763,석남,761,N,7호선,7147,2733,학동,731,N,12:12:20,12:12:50,,7118,상행,2025-05-01T05:00:00,,주말
7호선,2712,도봉산,710,,20250619,7호선,3763,석남,761,N,7호선,7147,2732,강남구청,730,N,12:14:00,12:14:30,,7118,상행,2025-05-01T05:00:00,,주말
7호선,2712,도봉산,710,,20250619,7호선,3763,석남,761,N,7호선,7147,2731,청담,729,N,12:16:00,12:16:30,,7118,상행,2025-05-01T05:00:00,,주말
7호선,2712,도봉산,710,,20250619,7호선,3763,석남,761,N,7호선,7147,2730,자양,728,N,12:19:00,12:19:20,,7118,상행,2025-05-01T05:00:00,,주말
7호선,2712,도봉산,710,,20250619,7호선,3763,석남,761,N,7호선,7147,2729,건대입구,727,N,12:20:50,12:21:30,,7118,상행,2025-05-01T05:00:00,,주말
7호선,2712,도봉산,710,,20250619,7호선,3763,석남,761,N,7호선,7147,2728,어린이대공원,726,N,12:22:50,12:23:20,,7118,상행,2025-05-01T05:00:00,,주말
7호선,2712,도봉산,710,,20250619,7호선,3763,석남,761,N,7호선,7147,2727,군자,725,N,12:24:40,12:25:20,,7118,상행,2025-05-01T05:00:00,,주말
7호선,2712,도봉산,710,,20250619,7호선,3763,석남,761,N,7호선,7147,2726,중곡,724,N,12:26:40,12:27:10,,7118,상행,2025-05-01T05:00:00,,주말
7호선,2712,도봉산,710,,20250619,7호선,3763,석남,761,N,7호선,7147,2725,용마산,723,N,12:28:30,12:28:50,,7118,상행,2025-05-01T05:00:00,,주말
7호선,2712,도봉산,710,,20250619,7호선,3763,석남,761,N,7호선,7147,2724,사가정,722,N,12:30:00,12:30:30,,7118,상행,2025-05-01T05:00:00,,주말
7호선,2712,도봉산,710,,20250619,7호선,3763,석남,761,N,7호선,7147,2723,면목,721,N,12:31:40,12:32:10,,7118,상행,2025-05-01T05:00:00,,주말
7호선,2712,도봉산,710,,20250619,7호선,3763,석남,761,N,7호선,7147,2722,상봉,720,N,12:33:20,12:33:50,,7118,상행,2025-05-01T05:00:00,,주말
7호선,2712,도봉산,710,,20250619,7호선,3763,석남,761,N,7호선,7147,2721,중화,719,N,12:35:40,12:36:10,,7118,상행,2025-05-01T05:00:00,,주말
7호선,2712,도봉산,710,,20250619,7호선,3763,석남,761,N,7호선,7147,2720,먹골,718,N,12:37:30,12:38:00,,7118,상행,2025-05-01T05:00:00,,주말
7호선,2712,도봉산,710,,20250619,7호선,3763,석남,761,N,7호선,7147,2719,태릉입구,717,N,12:39:10,12:39:40,,7118,상행,2025-05-01T05:00:00,,주말
7호선,2712,도봉산,710,,20250619,7호선,3763,석남,761,N,7호선,7147,2718,공릉,716,N,12:40:40,12:41:10,,7118,상행,2025-05-01T05:00:00,,주말
7호선,2712,도봉산,710,,20250619,7호선,3763,석남,761,N,7호선,7147,2717,하계,715,N,12:42:40,12:43:10,,7118,상행,2025-05-01T05:00:00,,주말
7호선,2712,도봉산,710,,20250619,7호선,3763,석남,761,N,7호선,7147,2716,중계,714,N,12:44:20,12:44:50,,7118,상행,2025-05-01T05:00:00,,주말
7호선,2712,도봉산,710,,20250619,7호선,3763,석남,761,N,7호선,7147,2715,노원,713,N,12:46:10,12:46:40,,7118,상행,2025-05-01T05:00:00,,주말
7호선,2712,도봉산,710,,20250619,7호선,3763,석남,761,N,7호선,7147,2714,마들,712,N,12:48:10,12:48:40,,7118,상행,2025-05-01T05:00:00,,주말
7호선,2712,도봉산,710,,20250619,7호선,3763,석남,761,N,7호선,7147,2713,수락산,711,N,12:50:40,12:51:10,,7118,상행,2025-05-01T05:00:00,,주말
7호선,2712,도봉산,710,,20250619,7호선,3763,석남,761,N,7호선,7147,2712,도봉산,710,N,12:53:30,,,7118,상행,2025-05-01T05:00:00,,주말
7호선,2711,장암,709,,20250619,7호선,2752,온수,750,N,7호선,7153,2752,온수,750,N,,11:38:00,,7120,상행,2025-05-01T05:00:00,,주말
7호선,2711,장암,709,,20250619,7호선,2752,온수,750,N,7호선,7153,2751,천왕,749,N,11:40:20,11:40:40,,7120,상행,2025-05-01T05:00:00,,주말
7호선,2711,장암,709,,20250619,7호선,2752,온수,750,N,7호선,7153,2750,광명사거리,748,N,11:42:40,11:43:10,,7120,상행,2025-05-01T05:00:00,,주말
7호선,2711,장암,709,,20250619,7호선,2752,온수,750,N,7호선,7153,2749,철산,747,N,11:45:00,11:45:30,,7120,상행,2025-05-01T05:00:00,,주말
7호선,2711,장암,709,,20250619,7호선,2752,온수,750,N,7호선,7153,2748,가산디지털단지,746,N,11:47:30,11:48:00,,7120,상행,2025-05-01T05:00:00,,주말
7호선,2711,장암,709,,20250619,7호선,2752,온수,750,N,7호선,7153,2747,남구로,745,N,11:49:20,11:49:50,,7120,상행,2025-05-01T05:00:00,,주말
7호선,2711,장암,709,,20250619,7호선,2752,온수,750,N,7호선,7153,2746,대림,744,N,11:51:20,11:51:50,,7120,상행,2025-05-01T05:00:00,,주말
7호선,2711,장암,709,,20250619,7호선,2752,온수,750,N,7호선,7153,2745,신풍,743,N,11:53:50,11:54:20,,7120,상행,2025-05-01T05:00:00,,주말
7호선,2711,장암,709,,20250619,7호선,2752,온수,750,N,7호선,7153,2744,보라매,742,N,11:55:40,11:56:10,,7120,상행,2025-05-01T05:00:00,,주말
7호선,2711,장암,709,,20250619,7호선,2752,온수,750,N,7호선,7153,2743,신대방삼거리,741,N,11:57:20,11:57:50,,7120,상행,2025-05-01T05:00:00,,주말
7호선,2711,장암,709,,20250619,7호선,2752,온수,750,N,7호선,7153,2742,장승배기,740,N,11:59:40,12:00:10,,7120,상행,2025-05-01T05:00:00,,주말
7호선,2711,장암,709,,20250619,7호선,2752,온수,750,N,7호선,7153,2741,상도,739,N,12:01:40,12:02:10,,7120,상행,2025-05-01T05:00:00,,주말
7호선,2711,장암,709,,20250619,7호선,2752,온수,750,N,7호선,7153,2740,숭실대입구,738,N,12:03:20,12:03:50,,7120,상행,2025-05-01T05:00:00,,주말
7호선,2711,장암,709,,20250619,7호선,2752,온수,750,N,7호선,7153,2739,남성,737,N,12:06:20,12:06:50,,7120,상행,2025-05-01T05:00:00,,주말
7호선,2711,장암,709,,20250619,7호선,2752,온수,750,N,7호선,7153,2738,이수,736,N,12:08:10,12:08:50,,7120,상행,2025-05-01T05:00:00,,주말
7호선,2711,장암,709,,20250619,7호선,2752,온수,750,N,7호선,7153,2737,내방,735,N,12:10:20,12:10:50,,7120,상행,2025-05-01T05:00:00,,주말
7호선,2711,장암,709,,20250619,7호선,2752,온수,750,N,7호선,7153,2736,고속터미널,734,N,12:13:20,12:14:00,,7120,상행,2025-05-01T05:00:00,,주말
7호선,2711,장암,709,,20250619,7호선,2752,온수,750,N,7호선,7153,2735,반포,733,N,12:15:30,12:15:50,,7120,상행,2025-05-01T05:00:00,,주말
7호선,2711,장암,709,,20250619,7호선,2752,온수,750,N,7호선,7153,2734,논현,732,N,12:17:00,12:17:30,,7120,상행,2025-05-01T05:00:00,,주말
7호선,2711,장암,709,,20250619,7호선,2752,온수,750,N,7호선,7153,2733,학동,731,N,12:18:50,12:19:20,,7120,상행,2025-05-01T05:00:00,,주말
7호선,2711,장암,709,,20250619,7호선,2752,온수,750,N,7호선,7153,2732,강남구청,730,N,12:20:30,12:21:00,,7120,상행,2025-05-01T05:00:00,,주말
7호선,2711,장암,709,,20250619,7호선,2752,온수,750,N,7호선,7153,2731,청담,729,N,12:22:30,12:23:00,,7120,상행,2025-05-01T05:00:00,,주말
7호선,2711,장암,709,,20250619,7호선,2752,온수,750,N,7호선,7153,2730,자양,728,N,12:25:30,12:25:50,,7120,상행,2025-05-01T05:00:00,,주말
7호선,2711,장암,709,,20250619,7호선,2752,온수,750,N,7호선,7153,2729,건대입구,727,N,12:27:20,12:28:00,,7120,상행,2025-05-01T05:00:00,,주말
7호선,2711,장암,709,,20250619,7호선,2752,온수,750,N,7호선,7153,2728,어린이대공원,726,N,12:29:20,12:29:50,,7120,상행,2025-05-01T05:00:00,,주말
7호선,2711,장암,709,,20250619,7호선,2752,온수,750,N,7호선,7153,2727,군자,725,N,12:31:10,12:31:50,,7120,상행,2025-05-01T05:00:00,,주말
7호선,2711,장암,709,,20250619,7호선,2752,온수,750,N,7호선,7153,2726,중곡,724,N,12:33:10,12:33:40,,7120,상행,2025-05-01T05:00:00,,주말
7호선,2711,장암,709,,20250619,7호선,2752,온수,750,N,7호선,7153,2725,용마산,723,N,12:35:00,12:35:20,,7120,상행,2025-05-01T05:00:00,,주말
7호선,2711,장암,709,,20250619,7호선,2752,온수,750,N,7호선,7153,2724,사가정,722,N,12:36:30,12:37:00,,7120,상행,2025-05-01T05:00:00,,주말
7호선,2711,장암,709,,20250619,7호선,2752,온수,750,N,7호선,7153,2723,면목,721,N,12:38:10,12:38:40,,7120,상행,2025-05-01T05:00:00,,주말
7호선,2711,장암,709,,20250619,7호선,2752,온수,750,N,7호선,7153,2722,상봉,720,N,12:39:50,12:40:20,,7120,상행,2025-05-01T05:00:00,,주말
7호선,2711,장암,709,,20250619,7호선,2752,온수,750,N,7호선,7153,2721,중화,719,N,12:42:10,12:42:40,,7120,상행,2025-05-01T05:00:00,,주말
7호선,2711,장암,709,,20250619,7호선,2752,온수,750,N,7호선,7153,2720,먹골,718,N,12:44:00,12:44:30,,7120,상행,2025-05-01T05:00:00,,주말
7호선,2711,장암,709,,20250619,7호선,2752,온수,750,N,7호선,7153,2719,태릉입구,717,N,12:45:40,12:46:10,,7120,상행,2025-05-01T05:00:00,,주말
7호선,2711,장암,709,,20250619,7호선,2752,온수,750,N,7호선,7153,2718,공릉,716,N,12:47:10,12:47:40,,7120,상행,2025-05-01T05:00:00,,주말
7호선,2711,장암,709,,20250619,7호선,2752,온수,750,N,7호선,7153,2717,하계,715,N,12:49:10,12:49:40,,7120,상행,2025-05-01T05:00:00,,주말
7호선,2711,장암,709,,20250619,7호선,2752,온수,750,N,7호선,7153,2716,중계,714,N,12:50:50,12:51:20,,7120,상행,2025-05-01T05:00:00,,주말
7호선,2711,장암,709,,20250619,7호선,2752,온수,750,N,7호선,7153,2715,노원,713,N,12:52:40,12:53:10,,7120,상행,2025-05-01T05:00:00,,주말
7호선,2711,장암,709,,20250619,7호선,2752,온수,750,N,7호선,7153,2714,마들,712,N,12:54:40,12:55:10,,7120,상행,2025-05-01T05:00:00,,주말
7호선,2711,장암,709,,20250619,7호선,2752,온수,750,N,7호선,7153,2713,수락산,711,N,12:57:10,12:57:40,,7120,상행,2025-05-01T05:00:00,,주말
7호선,2711,장암,709,,20250619,7호선,2752,온수,750,N,7호선,7153,2712,도봉산,710,N,13:00:00,13:00:30,,7120,상행,2025-05-01T05:00:00,,주말
7호선,2711,장암,709,,20250619,7호선,2752,온수,750,N,7호선,7153,2711,장암,709,N,13:05:00,,,7120,상행,2025-05-01T05:00:00,,주말
7호선,2712,도봉산,710,,20250619,7호선,3763,석남,761,N,7호선,7151,3763,석남,761,N,,11:21:00,,7122,상행,2025-05-01T05:00:00,,주말
7호선,2712,도봉산,710,,20250619,7호선,3763,석남,761,N,7호선,7151,3762,산곡,760,N,11:24:00,11:24:30,,7122,상행,2025-05-01T05:00:00,,주말
7호선,2712,도봉산,710,,20250619,7호선,3763,석남,761,N,7호선,7151,3761,부평구청,759,N,11:26:30,11:27:00,,7122,상행,2025-05-01T05:00:00,,주말
7호선,2712,도봉산,710,,20250619,7호선,3763,석남,761,N,7호선,7151,3760,굴포천,758,N,11:28:20,11:28:50,,7122,상행,2025-05-01T05:00:00,,주말
7호선,2712,도봉산,710,,20250619,7호선,3763,석남,761,N,7호선,7151,3759,삼산체육관,757,N,11:30:00,11:30:30,,7122,상행,2025-05-01T05:00:00,,주말
7호선,2712,도봉산,710,,20250619,7호선,3763,석남,761,N,7호선,7151,3758,상동,756,N,11:31:50,11:32:20,,7122,상행,2025-05-01T05:00:00,,주말
7호선,2712,도봉산,710,,20250619,7호선,3763,석남,761,N,7호선,7151,3757,부천시청,755,N,11:33:30,11:34:00,,7122,상행,2025-05-01T05:00:00,,주말
7호선,2712,도봉산,710,,20250619,7호선,3763,석남,761,N,7호선,7151,3756,신중동,754,N,11:35:20,11:35:50,,7122,상행,2025-05-01T05:00:00,,주말
7호선,2712,도봉산,710,,20250619,7호선,3763,석남,761,N,7호선,7151,3755,춘의,753,N,11:37:10,11:37:40,,7122,상행,2025-05-01T05:00:00,,주말
7호선,2712,도봉산,710,,20250619,7호선,3763,석남,761,N,7호선,7151,3754,부천종합운동장,752,N,11:39:00,11:39:30,,7122,상행,2025-05-01T05:00:00,,주말
7호선,2712,도봉산,710,,20250619,7호선,3763,석남,761,N,7호선,7151,3753,까치울,751,N,11:41:00,11:41:30,,7122,상행,2025-05-01T05:00:00,,주말
7호선,2712,도봉산,710,,20250619,7호선,3763,석남,761,N,7호선,7151,2752,온수,750,N,11:44:00,11:44:30,,7122,상행,2025-05-01T05:00:00,,주말
7호선,2712,도봉산,710,,20250619,7호선,3763,석남,761,N,7호선,7151,2751,천왕,749,N,11:46:50,11:47:10,,7122,상행,2025-05-01T05:00:00,,주말
7호선,2712,도봉산,710,,20250619,7호선,3763,석남,761,N,7호선,7151,2750,광명사거리,748,N,11:49:10,11:49:40,,7122,상행,2025-05-01T05:00:00,,주말
7호선,2712,도봉산,710,,20250619,7호선,3763,석남,761,N,7호선,7151,2749,철산,747,N,11:51:30,11:52:00,,7122,상행,2025-05-01T05:00:00,,주말
7호선,2712,도봉산,710,,20250619,7호선,3763,석남,761,N,7호선,7151,2748,가산디지털단지,746,N,11:54:00,11:54:30,,7122,상행,2025-05-01T05:00:00,,주말
7호선,2712,도봉산,710,,20250619,7호선,3763,석남,761,N,7호선,7151,2747,남구로,745,N,11:55:50,11:56:20,,7122,상행,2025-05-01T05:00:00,,주말
7호선,2712,도봉산,710,,20250619,7호선,3763,석남,761,N,7호선,7151,2746,대림,744,N,11:57:50,11:58:20,,7122,상행,2025-05-01T05:00:00,,주말
7호선,2712,도봉산,710,,20250619,7호선,3763,석남,761,N,7호선,7151,2745,신풍,743,N,12:00:20,12:00:50,,7122,상행,2025-05-01T05:00:00,,주말
7호선,2712,도봉산,710,,20250619,7호선,3763,석남,761,N,7호선,7151,2744,보라매,742,N,12:02:10,12:02:40,,7122,상행,2025-05-01T05:00:00,,주말
7호선,2712,도봉산,710,,20250619,7호선,3763,석남,761,N,7호선,7151,2743,신대방삼거리,741,N,12:03:50,12:04:20,,7122,상행,2025-05-01T05:00:00,,주말
7호선,2712,도봉산,710,,20250619,7호선,3763,석남,761,N,7호선,7151,2742,장승배기,740,N,12:06:10,12:06:40,,7122,상행,2025-05-01T05:00:00,,주말
7호선,2712,도봉산,710,,20250619,7호선,3763,석남,761,N,7호선,7151,2741,상도,739,N,12:08:10,12:08:40,,7122,상행,2025-05-01T05:00:00,,주말
7호선,2712,도봉산,710,,20250619,7호선,3763,석남,761,N,7호선,7151,2740,숭실대입구,738,N,12:09:50,12:10:20,,7122,상행,2025-05-01T05:00:00,,주말
7호선,2712,도봉산,710,,20250619,7호선,3763,석남,761,N,7호선,7151,2739,남성,737,N,12:12:50,12:13:20,,7122,상행,2025-05-01T05:00:00,,주말
7호선,2712,도봉산,710,,20250619,7호선,3763,석남,761,N,7호선,7151,2738,이수,736,N,12:14:40,12:15:20,,7122,상행,2025-05-01T05:00:00,,주말
7호선,2712,도봉산,710,,20250619,7호선,3763,석남,761,N,7호선,7151,2737,내방,735,N,12:16:50,12:17:20,,7122,상행,2025-05-01T05:00:00,,주말
7호선,2712,도봉산,710,,20250619,7호선,3763,석남,761,N,7호선,7151,2736,고속터미널,734,N,12:19:50,12:20:30,,7122,상행,2025-05-01T05:00:00,,주말
7호선,2712,도봉산,710,,20250619,7호선,3763,석남,761,N,7호선,7151,2735,반포,733,N,12:22:00,12:22:20,,7122,상행,2025-05-01T05:00:00,,주말
7호선,2712,도봉산,710,,20250619,7호선,3763,석남,761,N,7호선,7151,2734,논현,732,N,12:23:30,12:24:00,,7122,상행,2025-05-01T05:00:00,,주말
7호선,2712,도봉산,710,,20250619,7호선,3763,석남,761,N,7호선,7151,2733,학동,731,N,12:25:20,12:25:50,,7122,상행,2025-05-01T05:00:00,,주말
7호선,2712,도봉산,710,,20250619,7호선,3763,석남,761,N,7호선,7151,2732,강남구청,730,N,12:27:00,12:27:30,,7122,상행,2025-05-01T05:00:00,,주말
7호선,2712,도봉산,710,,20250619,7호선,3763,석남,761,N,7호선,7151,2731,청담,729,N,12:29:00,12:29:30,,7122,상행,2025-05-01T05:00:00,,주말
7호선,2712,도봉산,710,,20250619,7호선,3763,석남,761,N,7호선,7151,2730,자양,728,N,12:32:00,12:32:20,,7122,상행,2025-05-01T05:00:00,,주말
7호선,2712,도봉산,710,,20250619,7호선,3763,석남,761,N,7호선,7151,2729,건대입구,727,N,12:33:50,12:34:30,,7122,상행,2025-05-01T05:00:00,,주말
7호선,2712,도봉산,710,,20250619,7호선,3763,석남,761,N,7호선,7151,2728,어린이대공원,726,N,12:35:50,12:36:20,,7122,상행,2025-05-01T05:00:00,,주말
7호선,2712,도봉산,710,,20250619,7호선,3763,석남,761,N,7호선,7151,2727,군자,725,N,12:37:40,12:38:20,,7122,상행,2025-05-01T05:00:00,,주말
7호선,2712,도봉산,710,,20250619,7호선,3763,석남,761,N,7호선,7151,2726,중곡,724,N,12:39:40,12:40:10,,7122,상행,2025-05-01T05:00:00,,주말
7호선,2712,도봉산,710,,20250619,7호선,3763,석남,761,N,7호선,7151,2725,용마산,723,N,12:41:30,12:41:50,,7122,상행,2025-05-01T05:00:00,,주말
7호선,2712,도봉산,710,,20250619,7호선,3763,석남,761,N,7호선,7151,2724,사가정,722,N,12:43:00,12:43:30,,7122,상행,2025-05-01T05:00:00,,주말
7호선,2712,도봉산,710,,20250619,7호선,3763,석남,761,N,7호선,7151,2723,면목,721,N,12:44:40,12:45:10,,7122,상행,2025-05-01T05:00:00,,주말
7호선,2712,도봉산,710,,20250619,7호선,3763,석남,761,N,7호선,7151,2722,상봉,720,N,12:46:20,12:46:50,,7122,상행,2025-05-01T05:00:00,,주말
7호선,2712,도봉산,710,,20250619,7호선,3763,석남,761,N,7호선,7151,2721,중화,719,N,12:48:40,12:49:10,,7122,상행,2025-05-01T05:00:00,,주말
7호선,2712,도봉산,710,,20250619,7호선,3763,석남,761,N,7호선,7151,2720,먹골,718,N,12:50:30,12:51:00,,7122,상행,2025-05-01T05:00:00,,주말
7호선,2712,도봉산,710,,20250619,7호선,3763,석남,761,N,7호선,7151,2719,태릉입구,717,N,12:52:10,12:52:40,,7122,상행,2025-05-01T05:00:00,,주말
7호선,2712,도봉산,710,,20250619,7호선,3763,석남,761,N,7호선,7151,2718,공릉,716,N,12:53:40,12:54:10,,7122,상행,2025-05-01T05:00:00,,주말
7호선,2712,도봉산,710,,20250619,7호선,3763,석남,761,N,7호선,7151,2717,하계,715,N,12:55:40,12:56:10,,7122,상행,2025-05-01T05:00:00,,주말
7호선,2712,도봉산,710,,20250619,7호선,3763,석남,761,N,7호선,7151,2716,중계,714,N,12:57:20,12:57:50,,7122,상행,2025-05-01T05:00:00,,주말
7호선,2712,도봉산,710,,20250619,7호선,3763,석남,761,N,7호선,7151,2715,노원,713,N,12:59:10,12:59:40,,7122,상행,2025-05-01T05:00:00,,주말
7호선,2712,도봉산,710,,20250619,7호선,3763,석남,761,N,7호선,7151,2714,마들,712,N,13:01:10,13:01:40,,7122,상행,2025-05-01T05:00:00,,주말
7호선,2712,도봉산,710,,20250619,7호선,3763,석남,761,N,7호선,7151,2713,수락산,711,N,13:03:40,13:04:10,,7122,상행,2025-05-01T05:00:00,,주말
7호선,2712,도봉산,710,,20250619,7호선,3763,석남,761,N,7호선,7151,2712,도봉산,710,N,13:06:30,,,7122,상행,2025-05-01T05:00:00,,주말
7호선,2711,장암,709,,20250619,7호선,2752,온수,750,N,7호선,7157,2752,온수,750,N,,11:51:00,,7124,상행,2025-05-01T05:00:00,,주말
7호선,2711,장암,709,,20250619,7호선,2752,온수,750,N,7호선,7157,2751,천왕,749,N,11:53:20,11:53:40,,7124,상행,2025-05-01T05:00:00,,주말
7호선,2711,장암,709,,20250619,7호선,2752,온수,750,N,7호선,7157,2750,광명사거리,748,N,11:55:40,11:56:10,,7124,상행,2025-05-01T05:00:00,,주말
7호선,2711,장암,709,,20250619,7호선,2752,온수,750,N,7호선,7157,2749,철산,747,N,11:58:00,11:58:30,,7124,상행,2025-05-01T05:00:00,,주말
7호선,2711,장암,709,,20250619,7호선,2752,온수,750,N,7호선,7157,2748,가산디지털단지,746,N,12:00:30,12:01:00,,7124,상행,2025-05-01T05:00:00,,주말
7호선,2711,장암,709,,20250619,7호선,2752,온수,750,N,7호선,7157,2747,남구로,745,N,12:02:20,12:02:50,,7124,상행,2025-05-01T05:00:00,,주말
7호선,2711,장암,709,,20250619,7호선,2752,온수,750,N,7호선,7157,2746,대림,744,N,12:04:20,12:04:50,,7124,상행,2025-05-01T05:00:00,,주말
7호선,2711,장암,709,,20250619,7호선,2752,온수,750,N,7호선,7157,2745,신풍,743,N,12:06:50,12:07:20,,7124,상행,2025-05-01T05:00:00,,주말
7호선,2711,장암,709,,20250619,7호선,2752,온수,750,N,7호선,7157,2744,보라매,742,N,12:08:40,12:09:10,,7124,상행,2025-05-01T05:00:00,,주말
7호선,2711,장암,709,,20250619,7호선,2752,온수,750,N,7호선,7157,2743,신대방삼거리,741,N,12:10:20,12:10:50,,7124,상행,2025-05-01T05:00:00,,주말
7호선,2711,장암,709,,20250619,7호선,2752,온수,750,N,7호선,7157,2742,장승배기,740,N,12:12:40,12:13:10,,7124,상행,2025-05-01T05:00:00,,주말
7호선,2711,장암,709,,20250619,7호선,2752,온수,750,N,7호선,7157,2741,상도,739,N,12:14:40,12:15:10,,7124,상행,2025-05-01T05:00:00,,주말
7호선,2711,장암,709,,20250619,7호선,2752,온수,750,N,7호선,7157,2740,숭실대입구,738,N,12:16:20,12:16:50,,7124,상행,2025-05-01T05:00:00,,주말
7호선,2711,장암,709,,20250619,7호선,2752,온수,750,N,7호선,7157,2739,남성,737,N,12:19:20,12:19:50,,7124,상행,2025-05-01T05:00:00,,주말
7호선,2711,장암,709,,20250619,7호선,2752,온수,750,N,7호선,7157,2738,이수,736,N,12:21:10,12:21:50,,7124,상행,2025-05-01T05:00:00,,주말
7호선,2711,장암,709,,20250619,7호선,2752,온수,750,N,7호선,7157,2737,내방,735,N,12:23:20,12:23:50,,7124,상행,2025-05-01T05:00:00,,주말
7호선,2711,장암,709,,20250619,7호선,2752,온수,750,N,7호선,7157,2736,고속터미널,734,N,12:26:20,12:27:00,,7124,상행,2025-05-01T05:00:00,,주말
7호선,2711,장암,709,,20250619,7호선,2752,온수,750,N,7호선,7157,2735,반포,733,N,12:28:30,12:28:50,,7124,상행,2025-05-01T05:00:00,,주말
7호선,2711,장암,709,,20250619,7호선,2752,온수,750,N,7호선,7157,2734,논현,732,N,12:30:00,12:30:30,,7124,상행,2025-05-01T05:00:00,,주말
7호선,2711,장암,709,,20250619,7호선,2752,온수,750,N,7호선,7157,2733,학동,731,N,12:31:50,12:32:20,,7124,상행,2025-05-01T05:00:00,,주말
7호선,2711,장암,709,,20250619,7호선,2752,온수,750,N,7호선,7157,2732,강남구청,730,N,12:33:30,12:34:00,,7124,상행,2025-05-01T05:00:00,,주말
7호선,2711,장암,709,,20250619,7호선,2752,온수,750,N,7호선,7157,2731,청담,729,N,12:35:30,12:36:00,,7124,상행,2025-05-01T05:00:00,,주말
7호선,2711,장암,709,,20250619,7호선,2752,온수,750,N,7호선,7157,2730,자양,728,N,12:38:30,12:38:50,,7124,상행,2025-05-01T05:00:00,,주말
7호선,2711,장암,709,,20250619,7호선,2752,온수,750,N,7호선,7157,2729,건대입구,727,N,12:40:20,12:41:00,,7124,상행,2025-05-01T05:00:00,,주말
7호선,2711,장암,709,,20250619,7호선,2752,온수,750,N,7호선,7157,2728,어린이대공원,726,N,12:42:20,12:42:50,,7124,상행,2025-05-01T05:00:00,,주말
7호선,2711,장암,709,,20250619,7호선,2752,온수,750,N,7호선,7157,2727,군자,725,N,12:44:10,12:44:50,,7124,상행,2025-05-01T05:00:00,,주말
7호선,2711,장암,709,,20250619,7호선,2752,온수,750,N,7호선,7157,2726,중곡,724,N,12:46:10,12:46:40,,7124,상행,2025-05-01T05:00:00,,주말
7호선,2711,장암,709,,20250619,7호선,2752,온수,750,N,7호선,7157,2725,용마산,723,N,12:48:00,12:48:20,,7124,상행,2025-05-01T05:00:00,,주말
7호선,2711,장암,709,,20250619,7호선,2752,온수,750,N,7호선,7157,2724,사가정,722,N,12:49:30,12:50:00,,7124,상행,2025-05-01T05:00:00,,주말
7호선,2711,장암,709,,20250619,7호선,2752,온수,750,N,7호선,7157,2723,면목,721,N,12:51:10,12:51:40,,7124,상행,2025-05-01T05:00:00,,주말
7호선,2711,장암,709,,20250619,7호선,2752,온수,750,N,7호선,7157,2722,상봉,720,N,12:52:50,12:53:20,,7124,상행,2025-05-01T05:00:00,,주말
7호선,2711,장암,709,,20250619,7호선,2752,온수,750,N,7호선,7157,2721,중화,719,N,12:55:10,12:55:40,,7124,상행,2025-05-01T05:00:00,,주말
7호선,2711,장암,709,,20250619,7호선,2752,온수,750,N,7호선,7157,2720,먹골,718,N,12:57:00,12:57:30,,7124,상행,2025-05-01T05:00:00,,주말
7호선,2711,장암,709,,20250619,7호선,2752,온수,750,N,7호선,7157,2719,태릉입구,717,N,12:58:40,12:59:10,,7124,상행,2025-05-01T05:00:00,,주말
7호선,2711,장암,709,,20250619,7호선,2752,온수,750,N,7호선,7157,2718,공릉,716,N,13:00:10,13:00:40,,7124,상행,2025-05-01T05:00:00,,주말
7호선,2711,장암,709,,20250619,7호선,2752,온수,750,N,7호선,7157,2717,하계,715,N,13:02:10,13:02:40,,7124,상행,2025-05-01T05:00:00,,주말
7호선,2711,장암,709,,20250619,7호선,2752,온수,750,N,7호선,7157,2716,중계,714,N,13:03:50,13:04:20,,7124,상행,2025-05-01T05:00:00,,주말
7호선,2711,장암,709,,20250619,7호선,2752,온수,750,N,7호선,7157,2715,노원,713,N,13:05:40,13:06:10,,7124,상행,2025-05-01T05:00:00,,주말
7호선,2711,장암,709,,20250619,7호선,2752,온수,750,N,7호선,7157,2714,마들,712,N,13:07:40,13:08:10,,7124,상행,2025-05-01T05:00:00,,주말
7호선,2711,장암,709,,20250619,7호선,2752,온수,750,N,7호선,7157,2713,수락산,711,N,13:10:10,13:10:40,,7124,상행,2025-05-01T05:00:00,,주말
7호선,2711,장암,709,,20250619,7호선,2752,온수,750,N,7호선,7157,2712,도봉산,710,N,13:13:00,13:13:30,,7124,상행,2025-05-01T05:00:00,,주말
7호선,2711,장암,709,,20250619,7호선,2752,온수,750,N,7호선,7157,2711,장암,709,N,13:18:00,,,7124,상행,2025-05-01T05:00:00,,주말
7호선,2712,도봉산,710,,20250619,7호선,3763,석남,761,N,7호선,7155,3763,석남,761,N,,11:34:00,,7126,상행,2025-05-01T05:00:00,,주말
7호선,2712,도봉산,710,,20250619,7호선,3763,석남,761,N,7호선,7155,3762,산곡,760,N,11:37:00,11:37:30,,7126,상행,2025-05-01T05:00:00,,주말
7호선,2712,도봉산,710,,20250619,7호선,3763,석남,761,N,7호선,7155,3761,부평구청,759,N,11:39:30,11:40:00,,7126,상행,2025-05-01T05:00:00,,주말
7호선,2712,도봉산,710,,20250619,7호선,3763,석남,761,N,7호선,7155,3760,굴포천,758,N,11:41:20,11:41:50,,7126,상행,2025-05-01T05:00:00,,주말
7호선,2712,도봉산,710,,20250619,7호선,3763,석남,761,N,7호선,7155,3759,삼산체육관,757,N,11:43:00,11:43:30,,7126,상행,2025-05-01T05:00:00,,주말
7호선,2712,도봉산,710,,20250619,7호선,3763,석남,761,N,7호선,7155,3758,상동,756,N,11:44:50,11:45:20,,7126,상행,2025-05-01T05:00:00,,주말
7호선,2712,도봉산,710,,20250619,7호선,3763,석남,761,N,7호선,7155,3757,부천시청,755,N,11:46:30,11:47:00,,7126,상행,2025-05-01T05:00:00,,주말
7호선,2712,도봉산,710,,20250619,7호선,3763,석남,761,N,7호선,7155,3756,신중동,754,N,11:48:20,11:48:50,,7126,상행,2025-05-01T05:00:00,,주말
7호선,2712,도봉산,710,,20250619,7호선,3763,석남,761,N,7호선,7155,3755,춘의,753,N,11:50:10,11:50:40,,7126,상행,2025-05-01T05:00:00,,주말
7호선,2712,도봉산,710,,20250619,7호선,3763,석남,761,N,7호선,7155,3754,부천종합운동장,752,N,11:52:00,11:52:30,,7126,상행,2025-05-01T05:00:00,,주말
7호선,2712,도봉산,710,,20250619,7호선,3763,석남,761,N,7호선,7155,3753,까치울,751,N,11:54:00,11:54:30,,7126,상행,2025-05-01T05:00:00,,주말
7호선,2712,도봉산,710,,20250619,7호선,3763,석남,761,N,7호선,7155,2752,온수,750,N,11:57:00,11:57:30,,7126,상행,2025-05-01T05:00:00,,주말
7호선,2712,도봉산,710,,20250619,7호선,3763,석남,761,N,7호선,7155,2751,천왕,749,N,11:59:50,12:00:10,,7126,상행,2025-05-01T05:00:00,,주말
7호선,2712,도봉산,710,,20250619,7호선,3763,석남,761,N,7호선,7155,2750,광명사거리,748,N,12:02:10,12:02:40,,7126,상행,2025-05-01T05:00:00,,주말
7호선,2712,도봉산,710,,20250619,7호선,3763,석남,761,N,7호선,7155,2749,철산,747,N,12:04:30,12:05:00,,7126,상행,2025-05-01T05:00:00,,주말
7호선,2712,도봉산,710,,20250619,7호선,3763,석남,761,N,7호선,7155,2748,가산디지털단지,746,N,12:07:00,12:07:30,,7126,상행,2025-05-01T05:00:00,,주말
7호선,2712,도봉산,710,,20250619,7호선,3763,석남,761,N,7호선,7155,2747,남구로,745,N,12:08:50,12:09:20,,7126,상행,2025-05-01T05:00:00,,주말
7호선,2712,도봉산,710,,20250619,7호선,3763,석남,761,N,7호선,7155,2746,대림,744,N,12:10:50,12:11:20,,7126,상행,2025-05-01T05:00:00,,주말
7호선,2712,도봉산,710,,20250619,7호선,3763,석남,761,N,7호선,7155,2745,신풍,743,N,12:13:20,12:13:50,,7126,상행,2025-05-01T05:00:00,,주말
7호선,2712,도봉산,710,,20250619,7호선,3763,석남,761,N,7호선,7155,2744,보라매,742,N,12:15:10,12:15:40,,7126,상행,2025-05-01T05:00:00,,주말
7호선,2712,도봉산,710,,20250619,7호선,3763,석남,761,N,7호선,7155,2743,신대방삼거리,741,N,12:16:50,12:17:20,,7126,상행,2025-05-01T05:00:00,,주말
7호선,2712,도봉산,710,,20250619,7호선,3763,석남,761,N,7호선,7155,2742,장승배기,740,N,12:19:10,12:19:40,,7126,상행,2025-05-01T05:00:00,,주말
7호선,2712,도봉산,710,,20250619,7호선,3763,석남,761,N,7호선,7155,2741,상도,739,N,12:21:10,12:21:40,,7126,상행,2025-05-01T05:00:00,,주말
7호선,2712,도봉산,710,,20250619,7호선,3763,석남,761,N,7호선,7155,2740,숭실대입구,738,N,12:22:50,12:23:20,,7126,상행,2025-05-01T05:00:00,,주말
7호선,2712,도봉산,710,,20250619,7호선,3763,석남,761,N,7호선,7155,2739,남성,737,N,12:25:50,12:26:20,,7126,상행,2025-05-01T05:00:00,,주말
7호선,2712,도봉산,710,,20250619,7호선,3763,석남,761,N,7호선,7155,2738,이수,736,N,12:27:40,12:28:20,,7126,상행,2025-05-01T05:00:00,,주말
7호선,2712,도봉산,710,,20250619,7호선,3763,석남,761,N,7호선,7155,2737,내방,735,N,12:29:50,12:30:20,,7126,상행,2025-05-01T05:00:00,,주말
7호선,2712,도봉산,710,,20250619,7호선,3763,석남,761,N,7호선,7155,2736,고속터미널,734,N,12:32:50,12:33:30,,7126,상행,2025-05-01T05:00:00,,주말
7호선,2712,도봉산,710,,20250619,7호선,3763,석남,761,N,7호선,7155,2735,반포,733,N,12:35:00,12:35:20,,7126,상행,2025-05-01T05:00:00,,주말
7호선,2712,도봉산,710,,20250619,7호선,3763,석남,761,N,7호선,7155,2734,논현,732,N,12:36:30,12:37:00,,7126,상행,2025-05-01T05:00:00,,주말
7호선,2712,도봉산,710,,20250619,7호선,3763,석남,761,N,7호선,7155,2733,학동,731,N,12:38:20,12:38:50,,7126,상행,2025-05-01T05:00:00,,주말
7호선,2712,도봉산,710,,20250619,7호선,3763,석남,761,N,7호선,7155,2732,강남구청,730,N,12:40:00,12:40:30,,7126,상행,2025-05-01T05:00:00,,주말
7호선,2712,도봉산,710,,20250619,7호선,3763,석남,761,N,7호선,7155,2731,청담,729,N,12:42:00,12:42:30,,7126,상행,2025-05-01T05:00:00,,주말
7호선,2712,도봉산,710,,20250619,7호선,3763,석남,761,N,7호선,7155,2730,자양,728,N,12:45:00,12:45:20,,7126,상행,2025-05-01T05:00:00,,주말
7호선,2712,도봉산,710,,20250619,7호선,3763,석남,761,N,7호선,7155,2729,건대입구,727,N,12:46:50,12:47:30,,7126,상행,2025-05-01T05:00:00,,주말
7호선,2712,도봉산,710,,20250619,7호선,3763,석남,761,N,7호선,7155,2728,어린이대공원,726,N,12:48:50,12:49:20,,7126,상행,2025-05-01T05:00:00,,주말
7호선,2712,도봉산,710,,20250619,7호선,3763,석남,761,N,7호선,7155,2727,군자,725,N,12:50:40,12:51:20,,7126,상행,2025-05-01T05:00:00,,주말
7호선,2712,도봉산,710,,20250619,7호선,3763,석남,761,N,7호선,7155,2726,중곡,724,N,12:52:40,12:53:10,,7126,상행,2025-05-01T05:00:00,,주말
7호선,2712,도봉산,710,,20250619,7호선,3763,석남,761,N,7호선,7155,2725,용마산,723,N,12:54:30,12:54:50,,7126,상행,2025-05-01T05:00:00,,주말
7호선,2712,도봉산,710,,20250619,7호선,3763,석남,761,N,7호선,7155,2724,사가정,722,N,12:56:00,12:56:30,,7126,상행,2025-05-01T05:00:00,,주말
7호선,2712,도봉산,710,,20250619,7호선,3763,석남,761,N,7호선,7155,2723,면목,721,N,12:57:40,12:58:10,,7126,상행,2025-05-01T05:00:00,,주말
7호선,2712,도봉산,710,,20250619,7호선,3763,석남,761,N,7호선,7155,2722,상봉,720,N,12:59:20,12:59:50,,7126,상행,2025-05-01T05:00:00,,주말
7호선,2712,도봉산,710,,20250619,7호선,3763,석남,761,N,7호선,7155,2721,중화,719,N,13:01:40,13:02:10,,7126,상행,2025-05-01T05:00:00,,주말
7호선,2712,도봉산,710,,20250619,7호선,3763,석남,761,N,7호선,7155,2720,먹골,718,N,13:03:30,13:04:00,,7126,상행,2025-05-01T05:00:00,,주말
7호선,2712,도봉산,710,,20250619,7호선,3763,석남,761,N,7호선,7155,2719,태릉입구,717,N,13:05:10,13:05:40,,7126,상행,2025-05-01T05:00:00,,주말
7호선,2712,도봉산,710,,20250619,7호선,3763,석남,761,N,7호선,7155,2718,공릉,716,N,13:06:40,13:07:10,,7126,상행,2025-05-01T05:00:00,,주말
7호선,2712,도봉산,710,,20250619,7호선,3763,석남,761,N,7호선,7155,2717,하계,715,N,13:08:40,13:09:10,,7126,상행,2025-05-01T05:00:00,,주말
7호선,2712,도봉산,710,,20250619,7호선,3763,석남,761,N,7호선,7155,2716,중계,714,N,13:10:20,13:10:50,,7126,상행,2025-05-01T05:00:00,,주말
7호선,2712,도봉산,710,,20250619,7호선,3763,석남,761,N,7호선,7155,2715,노원,713,N,13:12:10,13:12:40,,7126,상행,2025-05-01T05:00:00,,주말
7호선,2712,도봉산,710,,20250619,7호선,3763,석남,761,N,7호선,7155,2714,마들,712,N,13:14:10,13:14:40,,7126,상행,2025-05-01T05:00:00,,주말
7호선,2712,도봉산,710,,20250619,7호선,3763,석남,761,N,7호선,7155,2713,수락산,711,N,13:16:40,13:17:10,,7126,상행,2025-05-01T05:00:00,,주말
7호선,2712,도봉산,710,,20250619,7호선,3763,석남,761,N,7호선,7155,2712,도봉산,710,N,13:19:30,,,7126,상행,2025-05-01T05:00:00,,주말
7호선,2711,장암,709,,20250619,7호선,2752,온수,750,N,7호선,7161,2752,온수,750,N,,12:04:00,,7128,상행,2025-05-01T05:00:00,,주말
7호선,2711,장암,709,,20250619,7호선,2752,온수,750,N,7호선,7161,2751,천왕,749,N,12:06:20,12:06:40,,7128,상행,2025-05-01T05:00:00,,주말
7호선,2711,장암,709,,20250619,7호선,2752,온수,750,N,7호선,7161,2750,광명사거리,748,N,12:08:40,12:09:10,,7128,상행,2025-05-01T05:00:00,,주말
7호선,2711,장암,709,,20250619,7호선,2752,온수,750,N,7호선,7161,2749,철산,747,N,12:11:00,12:11:30,,7128,상행,2025-05-01T05:00:00,,주말
7호선,2711,장암,709,,20250619,7호선,2752,온수,750,N,7호선,7161,2748,가산디지털단지,746,N,12:13:30,12:14:00,,7128,상행,2025-05-01T05:00:00,,주말
7호선,2711,장암,709,,20250619,7호선,2752,온수,750,N,7호선,7161,2747,남구로,745,N,12:15:20,12:15:50,,7128,상행,2025-05-01T05:00:00,,주말
7호선,2711,장암,709,,20250619,7호선,2752,온수,750,N,7호선,7161,2746,대림,744,N,12:17:20,12:17:50,,7128,상행,2025-05-01T05:00:00,,주말
7호선,2711,장암,709,,20250619,7호선,2752,온수,750,N,7호선,7161,2745,신풍,743,N,12:19:50,12:20:20,,7128,상행,2025-05-01T05:00:00,,주말
7호선,2711,장암,709,,20250619,7호선,2752,온수,750,N,7호선,7161,2744,보라매,742,N,12:21:40,12:22:10,,7128,상행,2025-05-01T05:00:00,,주말
7호선,2711,장암,709,,20250619,7호선,2752,온수,750,N,7호선,7161,2743,신대방삼거리,741,N,12:23:20,12:23:50,,7128,상행,2025-05-01T05:00:00,,주말
7호선,2711,장암,709,,20250619,7호선,2752,온수,750,N,7호선,7161,2742,장승배기,740,N,12:25:40,12:26:10,,7128,상행,2025-05-01T05:00:00,,주말
7호선,2711,장암,709,,20250619,7호선,2752,온수,750,N,7호선,7161,2741,상도,739,N,12:27:40,12:28:10,,7128,상행,2025-05-01T05:00:00,,주말
7호선,2711,장암,709,,20250619,7호선,2752,온수,750,N,7호선,7161,2740,숭실대입구,738,N,12:29:20,12:29:50,,7128,상행,2025-05-01T05:00:00,,주말
7호선,2711,장암,709,,20250619,7호선,2752,온수,750,N,7호선,7161,2739,남성,737,N,12:32:20,12:32:50,,7128,상행,2025-05-01T05:00:00,,주말
7호선,2711,장암,709,,20250619,7호선,2752,온수,750,N,7호선,7161,2738,이수,736,N,12:34:10,12:34:50,,7128,상행,2025-05-01T05:00:00,,주말
7호선,2711,장암,709,,20250619,7호선,2752,온수,750,N,7호선,7161,2737,내방,735,N,12:36:20,12:36:50,,7128,상행,2025-05-01T05:00:00,,주말
7호선,2711,장암,709,,20250619,7호선,2752,온수,750,N,7호선,7161,2736,고속터미널,734,N,12:39:20,12:40:00,,7128,상행,2025-05-01T05:00:00,,주말
7호선,2711,장암,709,,20250619,7호선,2752,온수,750,N,7호선,7161,2735,반포,733,N,12:41:30,12:41:50,,7128,상행,2025-05-01T05:00:00,,주말
7호선,2711,장암,709,,20250619,7호선,2752,온수,750,N,7호선,7161,2734,논현,732,N,12:43:00,12:43:30,,7128,상행,2025-05-01T05:00:00,,주말
7호선,2711,장암,709,,20250619,7호선,2752,온수,750,N,7호선,7161,2733,학동,731,N,12:44:50,12:45:20,,7128,상행,2025-05-01T05:00:00,,주말
7호선,2711,장암,709,,20250619,7호선,2752,온수,750,N,7호선,7161,2732,강남구청,730,N,12:46:30,12:47:00,,7128,상행,2025-05-01T05:00:00,,주말
7호선,2711,장암,709,,20250619,7호선,2752,온수,750,N,7호선,7161,2731,청담,729,N,12:48:30,12:49:00,,7128,상행,2025-05-01T05:00:00,,주말
7호선,2711,장암,709,,20250619,7호선,2752,온수,750,N,7호선,7161,2730,자양,728,N,12:51:30,12:51:50,,7128,상행,2025-05-01T05:00:00,,주말
7호선,2711,장암,709,,20250619,7호선,2752,온수,750,N,7호선,7161,2729,건대입구,727,N,12:53:20,12:54:00,,7128,상행,2025-05-01T05:00:00,,주말
7호선,2711,장암,709,,20250619,7호선,2752,온수,750,N,7호선,7161,2728,어린이대공원,726,N,12:55:20,12:55:50,,7128,상행,2025-05-01T05:00:00,,주말
7호선,2711,장암,709,,20250619,7호선,2752,온수,750,N,7호선,7161,2727,군자,725,N,12:57:10,12:57:50,,7128,상행,2025-05-01T05:00:00,,주말
7호선,2711,장암,709,,20250619,7호선,2752,온수,750,N,7호선,7161,2726,중곡,724,N,12:59:10,12:59:40,,7128,상행,2025-05-01T05:00:00,,주말
7호선,2711,장암,709,,20250619,7호선,2752,온수,750,N,7호선,7161,2725,용마산,723,N,13:01:00,13:01:20,,7128,상행,2025-05-01T05:00:00,,주말
7호선,2711,장암,709,,20250619,7호선,2752,온수,750,N,7호선,7161,2724,사가정,722,N,13:02:30,13:03:00,,7128,상행,2025-05-01T05:00:00,,주말
7호선,2711,장암,709,,20250619,7호선,2752,온수,750,N,7호선,7161,2723,면목,721,N,13:04:10,13:04:40,,7128,상행,2025-05-01T05:00:00,,주말
7호선,2711,장암,709,,20250619,7호선,2752,온수,750,N,7호선,7161,2722,상봉,720,N,13:05:50,13:06:20,,7128,상행,2025-05-01T05:00:00,,주말
7호선,2711,장암,709,,20250619,7호선,2752,온수,750,N,7호선,7161,2721,중화,719,N,13:08:10,13:08:40,,7128,상행,2025-05-01T05:00:00,,주말
7호선,2711,장암,709,,20250619,7호선,2752,온수,750,N,7호선,7161,2720,먹골,718,N,13:10:00,13:10:30,,7128,상행,2025-05-01T05:00:00,,주말
7호선,2711,장암,709,,20250619,7호선,2752,온수,750,N,7호선,7161,2719,태릉입구,717,N,13:11:40,13:12:10,,7128,상행,2025-05-01T05:00:00,,주말
7호선,2711,장암,709,,20250619,7호선,2752,온수,750,N,7호선,7161,2718,공릉,716,N,13:13:10,13:13:40,,7128,상행,2025-05-01T05:00:00,,주말
7호선,2711,장암,709,,20250619,7호선,2752,온수,750,N,7호선,7161,2717,하계,715,N,13:15:10,13:15:40,,7128,상행,2025-05-01T05:00:00,,주말
7호선,2711,장암,709,,20250619,7호선,2752,온수,750,N,7호선,7161,2716,중계,714,N,13:16:50,13:17:20,,7128,상행,2025-05-01T05:00:00,,주말
7호선,2711,장암,709,,20250619,7호선,2752,온수,750,N,7호선,7161,2715,노원,713,N,13:18:40,13:19:10,,7128,상행,2025-05-01T05:00:00,,주말
7호선,2711,장암,709,,20250619,7호선,2752,온수,750,N,7호선,7161,2714,마들,712,N,13:20:40,13:21:10,,7128,상행,2025-05-01T05:00:00,,주말
7호선,2711,장암,709,,20250619,7호선,2752,온수,750,N,7호선,7161,2713,수락산,711,N,13:23:10,13:23:40,,7128,상행,2025-05-01T05:00:00,,주말
7호선,2711,장암,709,,20250619,7호선,2752,온수,750,N,7호선,7161,2712,도봉산,710,N,13:26:00,13:26:30,,7128,상행,2025-05-01T05:00:00,,주말
7호선,2711,장암,709,,20250619,7호선,2752,온수,750,N,7호선,7161,2711,장암,709,N,13:31:00,,,7128,상행,2025-05-01T05:00:00,,주말
7호선,2712,도봉산,710,,20250619,7호선,3763,석남,761,N,7호선,7159,3763,석남,761,N,,11:47:00,,7130,상행,2025-05-01T05:00:00,,주말
7호선,2712,도봉산,710,,20250619,7호선,3763,석남,761,N,7호선,7159,3762,산곡,760,N,11:50:00,11:50:30,,7130,상행,2025-05-01T05:00:00,,주말
7호선,2712,도봉산,710,,20250619,7호선,3763,석남,761,N,7호선,7159,3761,부평구청,759,N,11:52:30,11:53:00,,7130,상행,2025-05-01T05:00:00,,주말
7호선,2712,도봉산,710,,20250619,7호선,3763,석남,761,N,7호선,7159,3760,굴포천,758,N,11:54:20,11:54:50,,7130,상행,2025-05-01T05:00:00,,주말
7호선,2712,도봉산,710,,20250619,7호선,3763,석남,761,N,7호선,7159,3759,삼산체육관,757,N,11:56:00,11:56:30,,7130,상행,2025-05-01T05:00:00,,주말
7호선,2712,도봉산,710,,20250619,7호선,3763,석남,761,N,7호선,7159,3758,상동,756,N,11:57:50,11:58:20,,7130,상행,2025-05-01T05:00:00,,주말
7호선,2712,도봉산,710,,20250619,7호선,3763,석남,761,N,7호선,7159,3757,부천시청,755,N,11:59:30,12:00:00,,7130,상행,2025-05-01T05:00:00,,주말
7호선,2712,도봉산,710,,20250619,7호선,3763,석남,761,N,7호선,7159,3756,신중동,754,N,12:01:20,12:01:50,,7130,상행,2025-05-01T05:00:00,,주말
7호선,2712,도봉산,710,,20250619,7호선,3763,석남,761,N,7호선,7159,3755,춘의,753,N,12:03:10,12:03:40,,7130,상행,2025-05-01T05:00:00,,주말
7호선,2712,도봉산,710,,20250619,7호선,3763,석남,761,N,7호선,7159,3754,부천종합운동장,752,N,12:05:00,12:05:30,,7130,상행,2025-05-01T05:00:00,,주말
7호선,2712,도봉산,710,,20250619,7호선,3763,석남,761,N,7호선,7159,3753,까치울,751,N,12:07:00,12:07:30,,7130,상행,2025-05-01T05:00:00,,주말
7호선,2712,도봉산,710,,20250619,7호선,3763,석남,761,N,7호선,7159,2752,온수,750,N,12:10:00,12:10:30,,7130,상행,2025-05-01T05:00:00,,주말
7호선,2712,도봉산,710,,20250619,7호선,3763,석남,761,N,7호선,7159,2751,천왕,749,N,12:12:50,12:13:10,,7130,상행,2025-05-01T05:00:00,,주말
7호선,2712,도봉산,710,,20250619,7호선,3763,석남,761,N,7호선,7159,2750,광명사거리,748,N,12:15:10,12:15:40,,7130,상행,2025-05-01T05:00:00,,주말
7호선,2712,도봉산,710,,20250619,7호선,3763,석남,761,N,7호선,7159,2749,철산,747,N,12:17:30,12:18:00,,7130,상행,2025-05-01T05:00:00,,주말
7호선,2712,도봉산,710,,20250619,7호선,3763,석남,761,N,7호선,7159,2748,가산디지털단지,746,N,12:20:00,12:20:30,,7130,상행,2025-05-01T05:00:00,,주말
7호선,2712,도봉산,710,,20250619,7호선,3763,석남,761,N,7호선,7159,2747,남구로,745,N,12:21:50,12:22:20,,7130,상행,2025-05-01T05:00:00,,주말
7호선,2712,도봉산,710,,20250619,7호선,3763,석남,761,N,7호선,7159,2746,대림,744,N,12:23:50,12:24:20,,7130,상행,2025-05-01T05:00:00,,주말
7호선,2712,도봉산,710,,20250619,7호선,3763,석남,761,N,7호선,7159,2745,신풍,743,N,12:26:20,12:26:50,,7130,상행,2025-05-01T05:00:00,,주말
7호선,2712,도봉산,710,,20250619,7호선,3763,석남,761,N,7호선,7159,2744,보라매,742,N,12:28:10,12:28:40,,7130,상행,2025-05-01T05:00:00,,주말
7호선,2712,도봉산,710,,20250619,7호선,3763,석남,761,N,7호선,7159,2743,신대방삼거리,741,N,12:29:50,12:30:20,,7130,상행,2025-05-01T05:00:00,,주말
7호선,2712,도봉산,710,,20250619,7호선,3763,석남,761,N,7호선,7159,2742,장승배기,740,N,12:32:10,12:32:40,,7130,상행,2025-05-01T05:00:00,,주말
7호선,2712,도봉산,710,,20250619,7호선,3763,석남,761,N,7호선,7159,2741,상도,739,N,12:34:10,12:34:40,,7130,상행,2025-05-01T05:00:00,,주말
7호선,2712,도봉산,710,,20250619,7호선,3763,석남,761,N,7호선,7159,2740,숭실대입구,738,N,12:35:50,12:36:20,,7130,상행,2025-05-01T05:00:00,,주말
7호선,2712,도봉산,710,,20250619,7호선,3763,석남,761,N,7호선,7159,2739,남성,737,N,12:38:50,12:39:20,,7130,상행,2025-05-01T05:00:00,,주말
7호선,2712,도봉산,710,,20250619,7호선,3763,석남,761,N,7호선,7159,2738,이수,736,N,12:40:40,12:41:20,,7130,상행,2025-05-01T05:00:00,,주말
7호선,2712,도봉산,710,,20250619,7호선,3763,석남,761,N,7호선,7159,2737,내방,735,N,12:42:50,12:43:20,,7130,상행,2025-05-01T05:00:00,,주말
7호선,2712,도봉산,710,,20250619,7호선,3763,석남,761,N,7호선,7159,2736,고속터미널,734,N,12:45:50,12:46:30,,7130,상행,2025-05-01T05:00:00,,주말
7호선,2712,도봉산,710,,20250619,7호선,3763,석남,761,N,7호선,7159,2735,반포,733,N,12:48:00,12:48:20,,7130,상행,2025-05-01T05:00:00,,주말
7호선,2712,도봉산,710,,20250619,7호선,3763,석남,761,N,7호선,7159,2734,논현,732,N,12:49:30,12:50:00,,7130,상행,2025-05-01T05:00:00,,주말
7호선,2712,도봉산,710,,20250619,7호선,3763,석남,761,N,7호선,7159,2733,학동,731,N,12:51:20,12:51:50,,7130,상행,2025-05-01T05:00:00,,주말
7호선,2712,도봉산,710,,20250619,7호선,3763,석남,761,N,7호선,7159,2732,강남구청,730,N,12:53:00,12:53:30,,7130,상행,2025-05-01T05:00:00,,주말
7호선,2712,도봉산,710,,20250619,7호선,3763,석남,761,N,7호선,7159,2731,청담,729,N,12:55:00,12:55:30,,7130,상행,2025-05-01T05:00:00,,주말
7호선,2712,도봉산,710,,20250619,7호선,3763,석남,761,N,7호선,7159,2730,자양,728,N,12:58:00,12:58:20,,7130,상행,2025-05-01T05:00:00,,주말
7호선,2712,도봉산,710,,20250619,7호선,3763,석남,761,N,7호선,7159,2729,건대입구,727,N,12:59:50,13:00:30,,7130,상행,2025-05-01T05:00:00,,주말
7호선,2712,도봉산,710,,20250619,7호선,3763,석남,761,N,7호선,7159,2728,어린이대공원,726,N,13:01:50,13:02:20,,7130,상행,2025-05-01T05:00:00,,주말
7호선,2712,도봉산,710,,20250619,7호선,3763,석남,761,N,7호선,7159,2727,군자,725,N,13:03:40,13:04:20,,7130,상행,2025-05-01T05:00:00,,주말
7호선,2712,도봉산,710,,20250619,7호선,3763,석남,761,N,7호선,7159,2726,중곡,724,N,13:05:40,13:06:10,,7130,상행,2025-05-01T05:00:00,,주말
7호선,2712,도봉산,710,,20250619,7호선,3763,석남,761,N,7호선,7159,2725,용마산,723,N,13:07:30,13:07:50,,7130,상행,2025-05-01T05:00:00,,주말
7호선,2712,도봉산,710,,20250619,7호선,3763,석남,761,N,7호선,7159,2724,사가정,722,N,13:09:00,13:09:30,,7130,상행,2025-05-01T05:00:00,,주말
7호선,2712,도봉산,710,,20250619,7호선,3763,석남,761,N,7호선,7159,2723,면목,721,N,13:10:40,13:11:10,,7130,상행,2025-05-01T05:00:00,,주말
7호선,2712,도봉산,710,,20250619,7호선,3763,석남,761,N,7호선,7159,2722,상봉,720,N,13:12:20,13:12:50,,7130,상행,2025-05-01T05:00:00,,주말
7호선,2712,도봉산,710,,20250619,7호선,3763,석남,761,N,7호선,7159,2721,중화,719,N,13:14:40,13:15:10,,7130,상행,2025-05-01T05:00:00,,주말
7호선,2712,도봉산,710,,20250619,7호선,3763,석남,761,N,7호선,7159,2720,먹골,718,N,13:16:30,13:17:00,,7130,상행,2025-05-01T05:00:00,,주말
7호선,2712,도봉산,710,,20250619,7호선,3763,석남,761,N,7호선,7159,2719,태릉입구,717,N,13:18:10,13:18:40,,7130,상행,2025-05-01T05:00:00,,주말
7호선,2712,도봉산,710,,20250619,7호선,3763,석남,761,N,7호선,7159,2718,공릉,716,N,13:19:40,13:20:10,,7130,상행,2025-05-01T05:00:00,,주말
7호선,2712,도봉산,710,,20250619,7호선,3763,석남,761,N,7호선,7159,2717,하계,715,N,13:21:40,13:22:10,,7130,상행,2025-05-01T05:00:00,,주말
7호선,2712,도봉산,710,,20250619,7호선,3763,석남,761,N,7호선,7159,2716,중계,714,N,13:23:20,13:23:50,,7130,상행,2025-05-01T05:00:00,,주말
7호선,2712,도봉산,710,,20250619,7호선,3763,석남,761,N,7호선,7159,2715,노원,713,N,13:25:10,13:25:40,,7130,상행,2025-05-01T05:00:00,,주말
7호선,2712,도봉산,710,,20250619,7호선,3763,석남,761,N,7호선,7159,2714,마들,712,N,13:27:10,13:27:40,,7130,상행,2025-05-01T05:00:00,,주말
7호선,2712,도봉산,710,,20250619,7호선,3763,석남,761,N,7호선,7159,2713,수락산,711,N,13:29:40,13:30:10,,7130,상행,2025-05-01T05:00:00,,주말
7호선,2712,도봉산,710,,20250619,7호선,3763,석남,761,N,7호선,7159,2712,도봉산,710,N,13:32:30,,,7130,상행,2025-05-01T05:00:00,,주말
7호선,2711,장암,709,,20250619,7호선,2752,온수,750,N,7호선,7165,2752,온수,750,N,,12:17:00,,7132,상행,2025-05-01T05:00:00,,주말
7호선,2711,장암,709,,20250619,7호선,2752,온수,750,N,7호선,7165,2751,천왕,749,N,12:19:20,12:19:40,,7132,상행,2025-05-01T05:00:00,,주말
7호선,2711,장암,709,,20250619,7호선,2752,온수,750,N,7호선,7165,2750,광명사거리,748,N,12:21:40,12:22:10,,7132,상행,2025-05-01T05:00:00,,주말
7호선,2711,장암,709,,20250619,7호선,2752,온수,750,N,7호선,7165,2749,철산,747,N,12:24:00,12:24:30,,7132,상행,2025-05-01T05:00:00,,주말
7호선,2711,장암,709,,20250619,7호선,2752,온수,750,N,7호선,7165,2748,가산디지털단지,746,N,12:26:30,12:27:00,,7132,상행,2025-05-01T05:00:00,,주말
7호선,2711,장암,709,,20250619,7호선,2752,온수,750,N,7호선,7165,2747,남구로,745,N,12:28:20,12:28:50,,7132,상행,2025-05-01T05:00:00,,주말
7호선,2711,장암,709,,20250619,7호선,2752,온수,750,N,7호선,7165,2746,대림,744,N,12:30:20,12:30:50,,7132,상행,2025-05-01T05:00:00,,주말
7호선,2711,장암,709,,20250619,7호선,2752,온수,750,N,7호선,7165,2745,신풍,743,N,12:32:50,12:33:20,,7132,상행,2025-05-01T05:00:00,,주말
7호선,2711,장암,709,,20250619,7호선,2752,온수,750,N,7호선,7165,2744,보라매,742,N,12:34:40,12:35:10,,7132,상행,2025-05-01T05:00:00,,주말
7호선,2711,장암,709,,20250619,7호선,2752,온수,750,N,7호선,7165,2743,신대방삼거리,741,N,12:36:20,12:36:50,,7132,상행,2025-05-01T05:00:00,,주말
7호선,2711,장암,709,,20250619,7호선,2752,온수,750,N,7호선,7165,2742,장승배기,740,N,12:38:40,12:39:10,,7132,상행,2025-05-01T05:00:00,,주말
7호선,2711,장암,709,,20250619,7호선,2752,온수,750,N,7호선,7165,2741,상도,739,N,12:40:40,12:41:10,,7132,상행,2025-05-01T05:00:00,,주말
7호선,2711,장암,709,,20250619,7호선,2752,온수,750,N,7호선,7165,2740,숭실대입구,738,N,12:42:20,12:42:50,,7132,상행,2025-05-01T05:00:00,,주말
7호선,2711,장암,709,,20250619,7호선,2752,온수,750,N,7호선,7165,2739,남성,737,N,12:45:20,12:45:50,,7132,상행,2025-05-01T05:00:00,,주말
7호선,2711,장암,709,,20250619,7호선,2752,온수,750,N,7호선,7165,2738,이수,736,N,12:47:10,12:47:50,,7132,상행,2025-05-01T05:00:00,,주말
7호선,2711,장암,709,,20250619,7호선,2752,온수,750,N,7호선,7165,2737,내방,735,N,12:49:20,12:49:50,,7132,상행,2025-05-01T05:00:00,,주말
7호선,2711,장암,709,,20250619,7호선,2752,온수,750,N,7호선,7165,2736,고속터미널,734,N,12:52:20,12:53:00,,7132,상행,2025-05-01T05:00:00,,주말
7호선,2711,장암,709,,20250619,7호선,2752,온수,750,N,7호선,7165,2735,반포,733,N,12:54:30,12:54:50,,7132,상행,2025-05-01T05:00:00,,주말
7호선,2711,장암,709,,20250619,7호선,2752,온수,750,N,7호선,7165,2734,논현,732,N,12:56:00,12:56:30,,7132,상행,2025-05-01T05:00:00,,주말
7호선,2711,장암,709,,20250619,7호선,2752,온수,750,N,7호선,7165,2733,학동,731,N,12:57:50,12:58:20,,7132,상행,2025-05-01T05:00:00,,주말
7호선,2711,장암,709,,20250619,7호선,2752,온수,750,N,7호선,7165,2732,강남구청,730,N,12:59:30,13:00:00,,7132,상행,2025-05-01T05:00:00,,주말
7호선,2711,장암,709,,20250619,7호선,2752,온수,750,N,7호선,7165,2731,청담,729,N,13:01:30,13:02:00,,7132,상행,2025-05-01T05:00:00,,주말
7호선,2711,장암,709,,20250619,7호선,2752,온수,750,N,7호선,7165,2730,자양,728,N,13:04:30,13:04:50,,7132,상행,2025-05-01T05:00:00,,주말
7호선,2711,장암,709,,20250619,7호선,2752,온수,750,N,7호선,7165,2729,건대입구,727,N,13:06:20,13:07:00,,7132,상행,2025-05-01T05:00:00,,주말
7호선,2711,장암,709,,20250619,7호선,2752,온수,750,N,7호선,7165,2728,어린이대공원,726,N,13:08:20,13:08:50,,7132,상행,2025-05-01T05:00:00,,주말
7호선,2711,장암,709,,20250619,7호선,2752,온수,750,N,7호선,7165,2727,군자,725,N,13:10:10,13:10:50,,7132,상행,2025-05-01T05:00:00,,주말
7호선,2711,장암,709,,20250619,7호선,2752,온수,750,N,7호선,7165,2726,중곡,724,N,13:12:10,13:12:40,,7132,상행,2025-05-01T05:00:00,,주말
7호선,2711,장암,709,,20250619,7호선,2752,온수,750,N,7호선,7165,2725,용마산,723,N,13:14:00,13:14:20,,7132,상행,2025-05-01T05:00:00,,주말
7호선,2711,장암,709,,20250619,7호선,2752,온수,750,N,7호선,7165,2724,사가정,722,N,13:15:30,13:16:00,,7132,상행,2025-05-01T05:00:00,,주말
7호선,2711,장암,709,,20250619,7호선,2752,온수,750,N,7호선,7165,2723,면목,721,N,13:17:10,13:17:40,,7132,상행,2025-05-01T05:00:00,,주말
7호선,2711,장암,709,,20250619,7호선,2752,온수,750,N,7호선,7165,2722,상봉,720,N,13:18:50,13:19:20,,7132,상행,2025-05-01T05:00:00,,주말
7호선,2711,장암,709,,20250619,7호선,2752,온수,750,N,7호선,7165,2721,중화,719,N,13:21:10,13:21:40,,7132,상행,2025-05-01T05:00:00,,주말
7호선,2711,장암,709,,20250619,7호선,2752,온수,750,N,7호선,7165,2720,먹골,718,N,13:23:00,13:23:30,,7132,상행,2025-05-01T05:00:00,,주말
7호선,2711,장암,709,,20250619,7호선,2752,온수,750,N,7호선,7165,2719,태릉입구,717,N,13:24:40,13:25:10,,7132,상행,2025-05-01T05:00:00,,주말
7호선,2711,장암,709,,20250619,7호선,2752,온수,750,N,7호선,7165,2718,공릉,716,N,13:26:10,13:26:40,,7132,상행,2025-05-01T05:00:00,,주말
7호선,2711,장암,709,,20250619,7호선,2752,온수,750,N,7호선,7165,2717,하계,715,N,13:28:10,13:28:40,,7132,상행,2025-05-01T05:00:00,,주말
7호선,2711,장암,709,,20250619,7호선,2752,온수,750,N,7호선,7165,2716,중계,714,N,13:29:50,13:30:20,,7132,상행,2025-05-01T05:00:00,,주말
7호선,2711,장암,709,,20250619,7호선,2752,온수,750,N,7호선,7165,2715,노원,713,N,13:31:40,13:32:10,,7132,상행,2025-05-01T05:00:00,,주말
7호선,2711,장암,709,,20250619,7호선,2752,온수,750,N,7호선,7165,2714,마들,712,N,13:33:40,13:34:10,,7132,상행,2025-05-01T05:00:00,,주말
7호선,2711,장암,709,,20250619,7호선,2752,온수,750,N,7호선,7165,2713,수락산,711,N,13:36:10,13:36:40,,7132,상행,2025-05-01T05:00:00,,주말
7호선,2711,장암,709,,20250619,7호선,2752,온수,750,N,7호선,7165,2712,도봉산,710,N,13:39:00,13:39:30,,7132,상행,2025-05-01T05:00:00,,주말
7호선,2711,장암,709,,20250619,7호선,2752,온수,750,N,7호선,7165,2711,장암,709,N,13:44:00,,,7132,상행,2025-05-01T05:00:00,,주말
7호선,2712,도봉산,710,,20250619,7호선,3763,석남,761,N,7호선,7163,3763,석남,761,N,,12:00:00,,7134,상행,2025-05-01T05:00:00,,주말
7호선,2712,도봉산,710,,20250619,7호선,3763,석남,761,N,7호선,7163,3762,산곡,760,N,12:03:00,12:03:30,,7134,상행,2025-05-01T05:00:00,,주말
7호선,2712,도봉산,710,,20250619,7호선,3763,석남,761,N,7호선,7163,3761,부평구청,759,N,12:05:30,12:06:00,,7134,상행,2025-05-01T05:00:00,,주말
7호선,2712,도봉산,710,,20250619,7호선,3763,석남,761,N,7호선,7163,3760,굴포천,758,N,12:07:20,12:07:50,,7134,상행,2025-05-01T05:00:00,,주말
7호선,2712,도봉산,710,,20250619,7호선,3763,석남,761,N,7호선,7163,3759,삼산체육관,757,N,12:09:00,12:09:30,,7134,상행,2025-05-01T05:00:00,,주말
7호선,2712,도봉산,710,,20250619,7호선,3763,석남,761,N,7호선,7163,3758,상동,756,N,12:10:50,12:11:20,,7134,상행,2025-05-01T05:00:00,,주말
7호선,2712,도봉산,710,,20250619,7호선,3763,석남,761,N,7호선,7163,3757,부천시청,755,N,12:12:30,12:13:00,,7134,상행,2025-05-01T05:00:00,,주말
7호선,2712,도봉산,710,,20250619,7호선,3763,석남,761,N,7호선,7163,3756,신중동,754,N,12:14:20,12:14:50,,7134,상행,2025-05-01T05:00:00,,주말
7호선,2712,도봉산,710,,20250619,7호선,3763,석남,761,N,7호선,7163,3755,춘의,753,N,12:16:10,12:16:40,,7134,상행,2025-05-01T05:00:00,,주말
7호선,2712,도봉산,710,,20250619,7호선,3763,석남,761,N,7호선,7163,3754,부천종합운동장,752,N,12:18:00,12:18:30,,7134,상행,2025-05-01T05:00:00,,주말
7호선,2712,도봉산,710,,20250619,7호선,3763,석남,761,N,7호선,7163,3753,까치울,751,N,12:20:00,12:20:30,,7134,상행,2025-05-01T05:00:00,,주말
7호선,2712,도봉산,710,,20250619,7호선,3763,석남,761,N,7호선,7163,2752,온수,750,N,12:23:00,12:23:30,,7134,상행,2025-05-01T05:00:00,,주말
7호선,2712,도봉산,710,,20250619,7호선,3763,석남,761,N,7호선,7163,2751,천왕,749,N,12:25:50,12:26:10,,7134,상행,2025-05-01T05:00:00,,주말
7호선,2712,도봉산,710,,20250619,7호선,3763,석남,761,N,7호선,7163,2750,광명사거리,748,N,12:28:10,12:28:40,,7134,상행,2025-05-01T05:00:00,,주말
7호선,2712,도봉산,710,,20250619,7호선,3763,석남,761,N,7호선,7163,2749,철산,747,N,12:30:30,12:31:00,,7134,상행,2025-05-01T05:00:00,,주말
7호선,2712,도봉산,710,,20250619,7호선,3763,석남,761,N,7호선,7163,2748,가산디지털단지,746,N,12:33:00,12:33:30,,7134,상행,2025-05-01T05:00:00,,주말
7호선,2712,도봉산,710,,20250619,7호선,3763,석남,761,N,7호선,7163,2747,남구로,745,N,12:34:50,12:35:20,,7134,상행,2025-05-01T05:00:00,,주말
7호선,2712,도봉산,710,,20250619,7호선,3763,석남,761,N,7호선,7163,2746,대림,744,N,12:36:50,12:37:20,,7134,상행,2025-05-01T05:00:00,,주말
7호선,2712,도봉산,710,,20250619,7호선,3763,석남,761,N,7호선,7163,2745,신풍,743,N,12:39:20,12:39:50,,7134,상행,2025-05-01T05:00:00,,주말
7호선,2712,도봉산,710,,20250619,7호선,3763,석남,761,N,7호선,7163,2744,보라매,742,N,12:41:10,12:41:40,,7134,상행,2025-05-01T05:00:00,,주말
7호선,2712,도봉산,710,,20250619,7호선,3763,석남,761,N,7호선,7163,2743,신대방삼거리,741,N,12:42:50,12:43:20,,7134,상행,2025-05-01T05:00:00,,주말
7호선,2712,도봉산,710,,20250619,7호선,3763,석남,761,N,7호선,7163,2742,장승배기,740,N,12:45:10,12:45:40,,7134,상행,2025-05-01T05:00:00,,주말
7호선,2712,도봉산,710,,20250619,7호선,3763,석남,761,N,7호선,7163,2741,상도,739,N,12:47:10,12:47:40,,7134,상행,2025-05-01T05:00:00,,주말
7호선,2712,도봉산,710,,20250619,7호선,3763,석남,761,N,7호선,7163,2740,숭실대입구,738,N,12:48:50,12:49:20,,7134,상행,2025-05-01T05:00:00,,주말
7호선,2712,도봉산,710,,20250619,7호선,3763,석남,761,N,7호선,7163,2739,남성,737,N,12:51:50,12:52:20,,7134,상행,2025-05-01T05:00:00,,주말
7호선,2712,도봉산,710,,20250619,7호선,3763,석남,761,N,7호선,7163,2738,이수,736,N,12:53:40,12:54:20,,7134,상행,2025-05-01T05:00:00,,주말
7호선,2712,도봉산,710,,20250619,7호선,3763,석남,761,N,7호선,7163,2737,내방,735,N,12:55:50,12:56:20,,7134,상행,2025-05-01T05:00:00,,주말
7호선,2712,도봉산,710,,20250619,7호선,3763,석남,761,N,7호선,7163,2736,고속터미널,734,N,12:58:50,12:59:30,,7134,상행,2025-05-01T05:00:00,,주말
7호선,2712,도봉산,710,,20250619,7호선,3763,석남,761,N,7호선,7163,2735,반포,733,N,13:01:00,13:01:20,,7134,상행,2025-05-01T05:00:00,,주말
7호선,2712,도봉산,710,,20250619,7호선,3763,석남,761,N,7호선,7163,2734,논현,732,N,13:02:30,13:03:00,,7134,상행,2025-05-01T05:00:00,,주말
7호선,2712,도봉산,710,,20250619,7호선,3763,석남,761,N,7호선,7163,2733,학동,731,N,13:04:20,13:04:50,,7134,상행,2025-05-01T05:00:00,,주말
7호선,2712,도봉산,710,,20250619,7호선,3763,석남,761,N,7호선,7163,2732,강남구청,730,N,13:06:00,13:06:30,,7134,상행,2025-05-01T05:00:00,,주말
7호선,2712,도봉산,710,,20250619,7호선,3763,석남,761,N,7호선,7163,2731,청담,729,N,13:08:00,13:08:30,,7134,상행,2025-05-01T05:00:00,,주말
7호선,2712,도봉산,710,,20250619,7호선,3763,석남,761,N,7호선,7163,2730,자양,728,N,13:11:00,13:11:20,,7134,상행,2025-05-01T05:00:00,,주말
7호선,2712,도봉산,710,,20250619,7호선,3763,석남,761,N,7호선,7163,2729,건대입구,727,N,13:12:50,13:13:30,,7134,상행,2025-05-01T05:00:00,,주말
7호선,2712,도봉산,710,,20250619,7호선,3763,석남,761,N,7호선,7163,2728,어린이대공원,726,N,13:14:50,13:15:20,,7134,상행,2025-05-01T05:00:00,,주말
7호선,2712,도봉산,710,,20250619,7호선,3763,석남,761,N,7호선,7163,2727,군자,725,N,13:16:40,13:17:20,,7134,상행,2025-05-01T05:00:00,,주말
7호선,2712,도봉산,710,,20250619,7호선,3763,석남,761,N,7호선,7163,2726,중곡,724,N,13:18:40,13:19:10,,7134,상행,2025-05-01T05:00:00,,주말
7호선,2712,도봉산,710,,20250619,7호선,3763,석남,761,N,7호선,7163,2725,용마산,723,N,13:20:30,13:20:50,,7134,상행,2025-05-01T05:00:00,,주말
7호선,2712,도봉산,710,,20250619,7호선,3763,석남,761,N,7호선,7163,2724,사가정,722,N,13:22:00,13:22:30,,7134,상행,2025-05-01T05:00:00,,주말
7호선,2712,도봉산,710,,20250619,7호선,3763,석남,761,N,7호선,7163,2723,면목,721,N,13:23:40,13:24:10,,7134,상행,2025-05-01T05:00:00,,주말
7호선,2712,도봉산,710,,20250619,7호선,3763,석남,761,N,7호선,7163,2722,상봉,720,N,13:25:20,13:25:50,,7134,상행,2025-05-01T05:00:00,,주말
7호선,2712,도봉산,710,,20250619,7호선,3763,석남,761,N,7호선,7163,2721,중화,719,N,13:27:40,13:28:10,,7134,상행,2025-05-01T05:00:00,,주말
7호선,2712,도봉산,710,,20250619,7호선,3763,석남,761,N,7호선,7163,2720,먹골,718,N,13:29:30,13:30:00,,7134,상행,2025-05-01T05:00:00,,주말
7호선,2712,도봉산,710,,20250619,7호선,3763,석남,761,N,7호선,7163,2719,태릉입구,717,N,13:31:10,13:31:40,,7134,상행,2025-05-01T05:00:00,,주말
7호선,2712,도봉산,710,,20250619,7호선,3763,석남,761,N,7호선,7163,2718,공릉,716,N,13:32:40,13:33:10,,7134,상행,2025-05-01T05:00:00,,주말
7호선,2712,도봉산,710,,20250619,7호선,3763,석남,761,N,7호선,7163,2717,하계,715,N,13:34:40,13:35:10,,7134,상행,2025-05-01T05:00:00,,주말
7호선,2712,도봉산,710,,20250619,7호선,3763,석남,761,N,7호선,7163,2716,중계,714,N,13:36:20,13:36:50,,7134,상행,2025-05-01T05:00:00,,주말
7호선,2712,도봉산,710,,20250619,7호선,3763,석남,761,N,7호선,7163,2715,노원,713,N,13:38:10,13:38:40,,7134,상행,2025-05-01T05:00:00,,주말
7호선,2712,도봉산,710,,20250619,7호선,3763,석남,761,N,7호선,7163,2714,마들,712,N,13:40:10,13:40:40,,7134,상행,2025-05-01T05:00:00,,주말
7호선,2712,도봉산,710,,20250619,7호선,3763,석남,761,N,7호선,7163,2713,수락산,711,N,13:42:40,13:43:10,,7134,상행,2025-05-01T05:00:00,,주말
7호선,2712,도봉산,710,,20250619,7호선,3763,석남,761,N,7호선,7163,2712,도봉산,710,N,13:45:30,,,7134,상행,2025-05-01T05:00:00,,주말
7호선,2711,장암,709,,20250619,7호선,2752,온수,750,N,7호선,7169,2752,온수,750,N,,12:30:00,,7136,상행,2025-05-01T05:00:00,,주말
7호선,2711,장암,709,,20250619,7호선,2752,온수,750,N,7호선,7169,2751,천왕,749,N,12:32:20,12:32:40,,7136,상행,2025-05-01T05:00:00,,주말
7호선,2711,장암,709,,20250619,7호선,2752,온수,750,N,7호선,7169,2750,광명사거리,748,N,12:34:40,12:35:10,,7136,상행,2025-05-01T05:00:00,,주말
7호선,2711,장암,709,,20250619,7호선,2752,온수,750,N,7호선,7169,2749,철산,747,N,12:37:00,12:37:30,,7136,상행,2025-05-01T05:00:00,,주말
7호선,2711,장암,709,,20250619,7호선,2752,온수,750,N,7호선,7169,2748,가산디지털단지,746,N,12:39:30,12:40:00,,7136,상행,2025-05-01T05:00:00,,주말
7호선,2711,장암,709,,20250619,7호선,2752,온수,750,N,7호선,7169,2747,남구로,745,N,12:41:20,12:41:50,,7136,상행,2025-05-01T05:00:00,,주말
7호선,2711,장암,709,,20250619,7호선,2752,온수,750,N,7호선,7169,2746,대림,744,N,12:43:20,12:43:50,,7136,상행,2025-05-01T05:00:00,,주말
7호선,2711,장암,709,,20250619,7호선,2752,온수,750,N,7호선,7169,2745,신풍,743,N,12:45:50,12:46:20,,7136,상행,2025-05-01T05:00:00,,주말
7호선,2711,장암,709,,20250619,7호선,2752,온수,750,N,7호선,7169,2744,보라매,742,N,12:47:40,12:48:10,,7136,상행,2025-05-01T05:00:00,,주말
7호선,2711,장암,709,,20250619,7호선,2752,온수,750,N,7호선,7169,2743,신대방삼거리,741,N,12:49:20,12:49:50,,7136,상행,2025-05-01T05:00:00,,주말
7호선,2711,장암,709,,20250619,7호선,2752,온수,750,N,7호선,7169,2742,장승배기,740,N,12:51:40,12:52:10,,7136,상행,2025-05-01T05:00:00,,주말
7호선,2711,장암,709,,20250619,7호선,2752,온수,750,N,7호선,7169,2741,상도,739,N,12:53:40,12:54:10,,7136,상행,2025-05-01T05:00:00,,주말
7호선,2711,장암,709,,20250619,7호선,2752,온수,750,N,7호선,7169,2740,숭실대입구,738,N,12:55:20,12:55:50,,7136,상행,2025-05-01T05:00:00,,주말
7호선,2711,장암,709,,20250619,7호선,2752,온수,750,N,7호선,7169,2739,남성,737,N,12:58:20,12:58:50,,7136,상행,2025-05-01T05:00:00,,주말
7호선,2711,장암,709,,20250619,7호선,2752,온수,750,N,7호선,7169,2738,이수,736,N,13:00:10,13:00:50,,7136,상행,2025-05-01T05:00:00,,주말
7호선,2711,장암,709,,20250619,7호선,2752,온수,750,N,7호선,7169,2737,내방,735,N,13:02:20,13:02:50,,7136,상행,2025-05-01T05:00:00,,주말
7호선,2711,장암,709,,20250619,7호선,2752,온수,750,N,7호선,7169,2736,고속터미널,734,N,13:05:20,13:06:00,,7136,상행,2025-05-01T05:00:00,,주말
7호선,2711,장암,709,,20250619,7호선,2752,온수,750,N,7호선,7169,2735,반포,733,N,13:07:30,13:07:50,,7136,상행,2025-05-01T05:00:00,,주말
7호선,2711,장암,709,,20250619,7호선,2752,온수,750,N,7호선,7169,2734,논현,732,N,13:09:00,13:09:30,,7136,상행,2025-05-01T05:00:00,,주말
7호선,2711,장암,709,,20250619,7호선,2752,온수,750,N,7호선,7169,2733,학동,731,N,13:10:50,13:11:20,,7136,상행,2025-05-01T05:00:00,,주말
7호선,2711,장암,709,,20250619,7호선,2752,온수,750,N,7호선,7169,2732,강남구청,730,N,13:12:30,13:13:00,,7136,상행,2025-05-01T05:00:00,,주말
7호선,2711,장암,709,,20250619,7호선,2752,온수,750,N,7호선,7169,2731,청담,729,N,13:14:30,13:15:00,,7136,상행,2025-05-01T05:00:00,,주말
7호선,2711,장암,709,,20250619,7호선,2752,온수,750,N,7호선,7169,2730,자양,728,N,13:17:30,13:17:50,,7136,상행,2025-05-01T05:00:00,,주말
7호선,2711,장암,709,,20250619,7호선,2752,온수,750,N,7호선,7169,2729,건대입구,727,N,13:19:20,13:20:00,,7136,상행,2025-05-01T05:00:00,,주말
7호선,2711,장암,709,,20250619,7호선,2752,온수,750,N,7호선,7169,2728,어린이대공원,726,N,13:21:20,13:21:50,,7136,상행,2025-05-01T05:00:00,,주말
7호선,2711,장암,709,,20250619,7호선,2752,온수,750,N,7호선,7169,2727,군자,725,N,13:23:10,13:23:50,,7136,상행,2025-05-01T05:00:00,,주말
7호선,2711,장암,709,,20250619,7호선,2752,온수,750,N,7호선,7169,2726,중곡,724,N,13:25:10,13:25:40,,7136,상행,2025-05-01T05:00:00,,주말
7호선,2711,장암,709,,20250619,7호선,2752,온수,750,N,7호선,7169,2725,용마산,723,N,13:27:00,13:27:20,,7136,상행,2025-05-01T05:00:00,,주말
7호선,2711,장암,709,,20250619,7호선,2752,온수,750,N,7호선,7169,2724,사가정,722,N,13:28:30,13:29:00,,7136,상행,2025-05-01T05:00:00,,주말
7호선,2711,장암,709,,20250619,7호선,2752,온수,750,N,7호선,7169,2723,면목,721,N,13:30:10,13:30:40,,7136,상행,2025-05-01T05:00:00,,주말
7호선,2711,장암,709,,20250619,7호선,2752,온수,750,N,7호선,7169,2722,상봉,720,N,13:31:50,13:32:20,,7136,상행,2025-05-01T05:00:00,,주말
7호선,2711,장암,709,,20250619,7호선,2752,온수,750,N,7호선,7169,2721,중화,719,N,13:34:10,13:34:40,,7136,상행,2025-05-01T05:00:00,,주말
7호선,2711,장암,709,,20250619,7호선,2752,온수,750,N,7호선,7169,2720,먹골,718,N,13:36:00,13:36:30,,7136,상행,2025-05-01T05:00:00,,주말
7호선,2711,장암,709,,20250619,7호선,2752,온수,750,N,7호선,7169,2719,태릉입구,717,N,13:37:40,13:38:10,,7136,상행,2025-05-01T05:00:00,,주말
7호선,2711,장암,709,,20250619,7호선,2752,온수,750,N,7호선,7169,2718,공릉,716,N,13:39:10,13:39:40,,7136,상행,2025-05-01T05:00:00,,주말
7호선,2711,장암,709,,20250619,7호선,2752,온수,750,N,7호선,7169,2717,하계,715,N,13:41:10,13:41:40,,7136,상행,2025-05-01T05:00:00,,주말
7호선,2711,장암,709,,20250619,7호선,2752,온수,750,N,7호선,7169,2716,중계,714,N,13:42:50,13:43:20,,7136,상행,2025-05-01T05:00:00,,주말
7호선,2711,장암,709,,20250619,7호선,2752,온수,750,N,7호선,7169,2715,노원,713,N,13:44:40,13:45:10,,7136,상행,2025-05-01T05:00:00,,주말
7호선,2711,장암,709,,20250619,7호선,2752,온수,750,N,7호선,7169,2714,마들,712,N,13:46:40,13:47:10,,7136,상행,2025-05-01T05:00:00,,주말
7호선,2711,장암,709,,20250619,7호선,2752,온수,750,N,7호선,7169,2713,수락산,711,N,13:49:10,13:49:40,,7136,상행,2025-05-01T05:00:00,,주말
7호선,2711,장암,709,,20250619,7호선,2752,온수,750,N,7호선,7169,2712,도봉산,710,N,13:52:00,13:52:30,,7136,상행,2025-05-01T05:00:00,,주말
7호선,2711,장암,709,,20250619,7호선,2752,온수,750,N,7호선,7169,2711,장암,709,N,13:57:00,,,7136,상행,2025-05-01T05:00:00,,주말
7호선,2712,도봉산,710,,20250619,7호선,3763,석남,761,N,7호선,7167,3763,석남,761,N,,12:13:30,,7138,상행,2025-05-01T05:00:00,,주말
7호선,2712,도봉산,710,,20250619,7호선,3763,석남,761,N,7호선,7167,3762,산곡,760,N,12:16:30,12:17:00,,7138,상행,2025-05-01T05:00:00,,주말
7호선,2712,도봉산,710,,20250619,7호선,3763,석남,761,N,7호선,7167,3761,부평구청,759,N,12:19:00,12:19:30,,7138,상행,2025-05-01T05:00:00,,주말
7호선,2712,도봉산,710,,20250619,7호선,3763,석남,761,N,7호선,7167,3760,굴포천,758,N,12:20:50,12:21:20,,7138,상행,2025-05-01T05:00:00,,주말
7호선,2712,도봉산,710,,20250619,7호선,3763,석남,761,N,7호선,7167,3759,삼산체육관,757,N,12:22:30,12:23:00,,7138,상행,2025-05-01T05:00:00,,주말
7호선,2712,도봉산,710,,20250619,7호선,3763,석남,761,N,7호선,7167,3758,상동,756,N,12:24:20,12:24:50,,7138,상행,2025-05-01T05:00:00,,주말
7호선,2712,도봉산,710,,20250619,7호선,3763,석남,761,N,7호선,7167,3757,부천시청,755,N,12:26:00,12:26:30,,7138,상행,2025-05-01T05:00:00,,주말
7호선,2712,도봉산,710,,20250619,7호선,3763,석남,761,N,7호선,7167,3756,신중동,754,N,12:27:50,12:28:20,,7138,상행,2025-05-01T05:00:00,,주말
7호선,2712,도봉산,710,,20250619,7호선,3763,석남,761,N,7호선,7167,3755,춘의,753,N,12:29:40,12:30:10,,7138,상행,2025-05-01T05:00:00,,주말
7호선,2712,도봉산,710,,20250619,7호선,3763,석남,761,N,7호선,7167,3754,부천종합운동장,752,N,12:31:30,12:32:00,,7138,상행,2025-05-01T05:00:00,,주말
7호선,2712,도봉산,710,,20250619,7호선,3763,석남,761,N,7호선,7167,3753,까치울,751,N,12:33:30,12:34:00,,7138,상행,2025-05-01T05:00:00,,주말
7호선,2712,도봉산,710,,20250619,7호선,3763,석남,761,N,7호선,7167,2752,온수,750,N,12:36:30,12:37:00,,7138,상행,2025-05-01T05:00:00,,주말
7호선,2712,도봉산,710,,20250619,7호선,3763,석남,761,N,7호선,7167,2751,천왕,749,N,12:39:20,12:39:40,,7138,상행,2025-05-01T05:00:00,,주말
7호선,2712,도봉산,710,,20250619,7호선,3763,석남,761,N,7호선,7167,2750,광명사거리,748,N,12:41:40,12:42:10,,7138,상행,2025-05-01T05:00:00,,주말
7호선,2712,도봉산,710,,20250619,7호선,3763,석남,761,N,7호선,7167,2749,철산,747,N,12:44:00,12:44:30,,7138,상행,2025-05-01T05:00:00,,주말
7호선,2712,도봉산,710,,20250619,7호선,3763,석남,761,N,7호선,7167,2748,가산디지털단지,746,N,12:46:30,12:47:00,,7138,상행,2025-05-01T05:00:00,,주말
7호선,2712,도봉산,710,,20250619,7호선,3763,석남,761,N,7호선,7167,2747,남구로,745,N,12:48:20,12:48:50,,7138,상행,2025-05-01T05:00:00,,주말
7호선,2712,도봉산,710,,20250619,7호선,3763,석남,761,N,7호선,7167,2746,대림,744,N,12:50:20,12:50:50,,7138,상행,2025-05-01T05:00:00,,주말
7호선,2712,도봉산,710,,20250619,7호선,3763,석남,761,N,7호선,7167,2745,신풍,743,N,12:52:50,12:53:20,,7138,상행,2025-05-01T05:00:00,,주말
7호선,2712,도봉산,710,,20250619,7호선,3763,석남,761,N,7호선,7167,2744,보라매,742,N,12:54:40,12:55:10,,7138,상행,2025-05-01T05:00:00,,주말
7호선,2712,도봉산,710,,20250619,7호선,3763,석남,761,N,7호선,7167,2743,신대방삼거리,741,N,12:56:20,12:56:50,,7138,상행,2025-05-01T05:00:00,,주말
7호선,2712,도봉산,710,,20250619,7호선,3763,석남,761,N,7호선,7167,2742,장승배기,740,N,12:58:40,12:59:10,,7138,상행,2025-05-01T05:00:00,,주말
7호선,2712,도봉산,710,,20250619,7호선,3763,석남,761,N,7호선,7167,2741,상도,739,N,13:00:40,13:01:10,,7138,상행,2025-05-01T05:00:00,,주말
7호선,2712,도봉산,710,,20250619,7호선,3763,석남,761,N,7호선,7167,2740,숭실대입구,738,N,13:02:20,13:02:50,,7138,상행,2025-05-01T05:00:00,,주말
7호선,2712,도봉산,710,,20250619,7호선,3763,석남,761,N,7호선,7167,2739,남성,737,N,13:05:20,13:05:50,,7138,상행,2025-05-01T05:00:00,,주말
7호선,2712,도봉산,710,,20250619,7호선,3763,석남,761,N,7호선,7167,2738,이수,736,N,13:07:10,13:07:50,,7138,상행,2025-05-01T05:00:00,,주말
7호선,2712,도봉산,710,,20250619,7호선,3763,석남,761,N,7호선,7167,2737,내방,735,N,13:09:20,13:09:50,,7138,상행,2025-05-01T05:00:00,,주말
7호선,2712,도봉산,710,,20250619,7호선,3763,석남,761,N,7호선,7167,2736,고속터미널,734,N,13:12:20,13:13:00,,7138,상행,2025-05-01T05:00:00,,주말
7호선,2712,도봉산,710,,20250619,7호선,3763,석남,761,N,7호선,7167,2735,반포,733,N,13:14:30,13:14:50,,7138,상행,2025-05-01T05:00:00,,주말
7호선,2712,도봉산,710,,20250619,7호선,3763,석남,761,N,7호선,7167,2734,논현,732,N,13:16:00,13:16:30,,7138,상행,2025-05-01T05:00:00,,주말
7호선,2712,도봉산,710,,20250619,7호선,3763,석남,761,N,7호선,7167,2733,학동,731,N,13:17:50,13:18:20,,7138,상행,2025-05-01T05:00:00,,주말
7호선,2712,도봉산,710,,20250619,7호선,3763,석남,761,N,7호선,7167,2732,강남구청,730,N,13:19:30,13:20:00,,7138,상행,2025-05-01T05:00:00,,주말
7호선,2712,도봉산,710,,20250619,7호선,3763,석남,761,N,7호선,7167,2731,청담,729,N,13:21:30,13:22:00,,7138,상행,2025-05-01T05:00:00,,주말
7호선,2712,도봉산,710,,20250619,7호선,3763,석남,761,N,7호선,7167,2730,자양,728,N,13:24:30,13:24:50,,7138,상행,2025-05-01T05:00:00,,주말
7호선,2712,도봉산,710,,20250619,7호선,3763,석남,761,N,7호선,7167,2729,건대입구,727,N,13:26:20,13:27:00,,7138,상행,2025-05-01T05:00:00,,주말
7호선,2712,도봉산,710,,20250619,7호선,3763,석남,761,N,7호선,7167,2728,어린이대공원,726,N,13:28:20,13:28:50,,7138,상행,2025-05-01T05:00:00,,주말
7호선,2712,도봉산,710,,20250619,7호선,3763,석남,761,N,7호선,7167,2727,군자,725,N,13:30:10,13:30:50,,7138,상행,2025-05-01T05:00:00,,주말
7호선,2712,도봉산,710,,20250619,7호선,3763,석남,761,N,7호선,7167,2726,중곡,724,N,13:32:10,13:32:40,,7138,상행,2025-05-01T05:00:00,,주말
7호선,2712,도봉산,710,,20250619,7호선,3763,석남,761,N,7호선,7167,2725,용마산,723,N,13:34:00,13:34:20,,7138,상행,2025-05-01T05:00:00,,주말
7호선,2712,도봉산,710,,20250619,7호선,3763,석남,761,N,7호선,7167,2724,사가정,722,N,13:35:30,13:36:00,,7138,상행,2025-05-01T05:00:00,,주말
7호선,2712,도봉산,710,,20250619,7호선,3763,석남,761,N,7호선,7167,2723,면목,721,N,13:37:10,13:37:40,,7138,상행,2025-05-01T05:00:00,,주말
7호선,2712,도봉산,710,,20250619,7호선,3763,석남,761,N,7호선,7167,2722,상봉,720,N,13:38:50,13:39:20,,7138,상행,2025-05-01T05:00:00,,주말
7호선,2712,도봉산,710,,20250619,7호선,3763,석남,761,N,7호선,7167,2721,중화,719,N,13:41:10,13:41:40,,7138,상행,2025-05-01T05:00:00,,주말
7호선,2712,도봉산,710,,20250619,7호선,3763,석남,761,N,7호선,7167,2720,먹골,718,N,13:43:00,13:43:30,,7138,상행,2025-05-01T05:00:00,,주말
7호선,2712,도봉산,710,,20250619,7호선,3763,석남,761,N,7호선,7167,2719,태릉입구,717,N,13:44:40,13:45:10,,7138,상행,2025-05-01T05:00:00,,주말
7호선,2712,도봉산,710,,20250619,7호선,3763,석남,761,N,7호선,7167,2718,공릉,716,N,13:46:10,13:46:40,,7138,상행,2025-05-01T05:00:00,,주말
7호선,2712,도봉산,710,,20250619,7호선,3763,석남,761,N,7호선,7167,2717,하계,715,N,13:48:10,13:48:40,,7138,상행,2025-05-01T05:00:00,,주말
7호선,2712,도봉산,710,,20250619,7호선,3763,석남,761,N,7호선,7167,2716,중계,714,N,13:49:50,13:50:20,,7138,상행,2025-05-01T05:00:00,,주말
7호선,2712,도봉산,710,,20250619,7호선,3763,석남,761,N,7호선,7167,2715,노원,713,N,13:51:40,13:52:10,,7138,상행,2025-05-01T05:00:00,,주말
7호선,2712,도봉산,710,,20250619,7호선,3763,석남,761,N,7호선,7167,2714,마들,712,N,13:53:40,13:54:10,,7138,상행,2025-05-01T05:00:00,,주말
7호선,2712,도봉산,710,,20250619,7호선,3763,석남,761,N,7호선,7167,2713,수락산,711,N,13:56:10,13:56:40,,7138,상행,2025-05-01T05:00:00,,주말
7호선,2712,도봉산,710,,20250619,7호선,3763,석남,761,N,7호선,7167,2712,도봉산,710,N,13:59:00,,,7138,상행,2025-05-01T05:00:00,,주말
7호선,2711,장암,709,,20250619,7호선,2752,온수,750,N,7호선,7173,2752,온수,750,N,,12:43:30,,7140,상행,2025-05-01T05:00:00,,주말
7호선,2711,장암,709,,20250619,7호선,2752,온수,750,N,7호선,7173,2751,천왕,749,N,12:45:50,12:46:10,,7140,상행,2025-05-01T05:00:00,,주말
7호선,2711,장암,709,,20250619,7호선,2752,온수,750,N,7호선,7173,2750,광명사거리,748,N,12:48:10,12:48:40,,7140,상행,2025-05-01T05:00:00,,주말
7호선,2711,장암,709,,20250619,7호선,2752,온수,750,N,7호선,7173,2749,철산,747,N,12:50:30,12:51:00,,7140,상행,2025-05-01T05:00:00,,주말
7호선,2711,장암,709,,20250619,7호선,2752,온수,750,N,7호선,7173,2748,가산디지털단지,746,N,12:53:00,12:53:30,,7140,상행,2025-05-01T05:00:00,,주말
7호선,2711,장암,709,,20250619,7호선,2752,온수,750,N,7호선,7173,2747,남구로,745,N,12:54:50,12:55:20,,7140,상행,2025-05-01T05:00:00,,주말
7호선,2711,장암,709,,20250619,7호선,2752,온수,750,N,7호선,7173,2746,대림,744,N,12:56:50,12:57:20,,7140,상행,2025-05-01T05:00:00,,주말
7호선,2711,장암,709,,20250619,7호선,2752,온수,750,N,7호선,7173,2745,신풍,743,N,12:59:20,12:59:50,,7140,상행,2025-05-01T05:00:00,,주말
7호선,2711,장암,709,,20250619,7호선,2752,온수,750,N,7호선,7173,2744,보라매,742,N,13:01:10,13:01:40,,7140,상행,2025-05-01T05:00:00,,주말
7호선,2711,장암,709,,20250619,7호선,2752,온수,750,N,7호선,7173,2743,신대방삼거리,741,N,13:02:50,13:03:20,,7140,상행,2025-05-01T05:00:00,,주말
7호선,2711,장암,709,,20250619,7호선,2752,온수,750,N,7호선,7173,2742,장승배기,740,N,13:05:10,13:05:40,,7140,상행,2025-05-01T05:00:00,,주말
7호선,2711,장암,709,,20250619,7호선,2752,온수,750,N,7호선,7173,2741,상도,739,N,13:07:10,13:07:40,,7140,상행,2025-05-01T05:00:00,,주말
7호선,2711,장암,709,,20250619,7호선,2752,온수,750,N,7호선,7173,2740,숭실대입구,738,N,13:08:50,13:09:20,,7140,상행,2025-05-01T05:00:00,,주말
7호선,2711,장암,709,,20250619,7호선,2752,온수,750,N,7호선,7173,2739,남성,737,N,13:11:50,13:12:20,,7140,상행,2025-05-01T05:00:00,,주말
7호선,2711,장암,709,,20250619,7호선,2752,온수,750,N,7호선,7173,2738,이수,736,N,13:13:40,13:14:20,,7140,상행,2025-05-01T05:00:00,,주말
7호선,2711,장암,709,,20250619,7호선,2752,온수,750,N,7호선,7173,2737,내방,735,N,13:15:50,13:16:20,,7140,상행,2025-05-01T05:00:00,,주말
7호선,2711,장암,709,,20250619,7호선,2752,온수,750,N,7호선,7173,2736,고속터미널,734,N,13:18:50,13:19:30,,7140,상행,2025-05-01T05:00:00,,주말
7호선,2711,장암,709,,20250619,7호선,2752,온수,750,N,7호선,7173,2735,반포,733,N,13:21:00,13:21:20,,7140,상행,2025-05-01T05:00:00,,주말
7호선,2711,장암,709,,20250619,7호선,2752,온수,750,N,7호선,7173,2734,논현,732,N,13:22:30,13:23:00,,7140,상행,2025-05-01T05:00:00,,주말
7호선,2711,장암,709,,20250619,7호선,2752,온수,750,N,7호선,7173,2733,학동,731,N,13:24:20,13:24:50,,7140,상행,2025-05-01T05:00:00,,주말
7호선,2711,장암,709,,20250619,7호선,2752,온수,750,N,7호선,7173,2732,강남구청,730,N,13:26:00,13:26:30,,7140,상행,2025-05-01T05:00:00,,주말
7호선,2711,장암,709,,20250619,7호선,2752,온수,750,N,7호선,7173,2731,청담,729,N,13:28:00,13:28:30,,7140,상행,2025-05-01T05:00:00,,주말
7호선,2711,장암,709,,20250619,7호선,2752,온수,750,N,7호선,7173,2730,자양,728,N,13:31:00,13:31:20,,7140,상행,2025-05-01T05:00:00,,주말
7호선,2711,장암,709,,20250619,7호선,2752,온수,750,N,7호선,7173,2729,건대입구,727,N,13:32:50,13:33:30,,7140,상행,2025-05-01T05:00:00,,주말
7호선,2711,장암,709,,20250619,7호선,2752,온수,750,N,7호선,7173,2728,어린이대공원,726,N,13:34:50,13:35:20,,7140,상행,2025-05-01T05:00:00,,주말
7호선,2711,장암,709,,20250619,7호선,2752,온수,750,N,7호선,7173,2727,군자,725,N,13:36:40,13:37:20,,7140,상행,2025-05-01T05:00:00,,주말
7호선,2711,장암,709,,20250619,7호선,2752,온수,750,N,7호선,7173,2726,중곡,724,N,13:38:40,13:39:10,,7140,상행,2025-05-01T05:00:00,,주말
7호선,2711,장암,709,,20250619,7호선,2752,온수,750,N,7호선,7173,2725,용마산,723,N,13:40:30,13:40:50,,7140,상행,2025-05-01T05:00:00,,주말
7호선,2711,장암,709,,20250619,7호선,2752,온수,750,N,7호선,7173,2724,사가정,722,N,13:42:00,13:42:30,,7140,상행,2025-05-01T05:00:00,,주말
7호선,2711,장암,709,,20250619,7호선,2752,온수,750,N,7호선,7173,2723,면목,721,N,13:43:40,13:44:10,,7140,상행,2025-05-01T05:00:00,,주말
7호선,2711,장암,709,,20250619,7호선,2752,온수,750,N,7호선,7173,2722,상봉,720,N,13:45:20,13:45:50,,7140,상행,2025-05-01T05:00:00,,주말
7호선,2711,장암,709,,20250619,7호선,2752,온수,750,N,7호선,7173,2721,중화,719,N,13:47:40,13:48:10,,7140,상행,2025-05-01T05:00:00,,주말
7호선,2711,장암,709,,20250619,7호선,2752,온수,750,N,7호선,7173,2720,먹골,718,N,13:49:30,13:50:00,,7140,상행,2025-05-01T05:00:00,,주말
7호선,2711,장암,709,,20250619,7호선,2752,온수,750,N,7호선,7173,2719,태릉입구,717,N,13:51:10,13:51:40,,7140,상행,2025-05-01T05:00:00,,주말
7호선,2711,장암,709,,20250619,7호선,2752,온수,750,N,7호선,7173,2718,공릉,716,N,13:52:40,13:53:10,,7140,상행,2025-05-01T05:00:00,,주말
7호선,2711,장암,709,,20250619,7호선,2752,온수,750,N,7호선,7173,2717,하계,715,N,13:54:40,13:55:10,,7140,상행,2025-05-01T05:00:00,,주말
7호선,2711,장암,709,,20250619,7호선,2752,온수,750,N,7호선,7173,2716,중계,714,N,13:56:20,13:56:50,,7140,상행,2025-05-01T05:00:00,,주말
7호선,2711,장암,709,,20250619,7호선,2752,온수,750,N,7호선,7173,2715,노원,713,N,13:58:10,13:58:40,,7140,상행,2025-05-01T05:00:00,,주말
7호선,2711,장암,709,,20250619,7호선,2752,온수,750,N,7호선,7173,2714,마들,712,N,14:00:10,14:00:40,,7140,상행,2025-05-01T05:00:00,,주말
7호선,2711,장암,709,,20250619,7호선,2752,온수,750,N,7호선,7173,2713,수락산,711,N,14:02:40,14:03:10,,7140,상행,2025-05-01T05:00:00,,주말
7호선,2711,장암,709,,20250619,7호선,2752,온수,750,N,7호선,7173,2712,도봉산,710,N,14:05:30,14:06:00,,7140,상행,2025-05-01T05:00:00,,주말
7호선,2711,장암,709,,20250619,7호선,2752,온수,750,N,7호선,7173,2711,장암,709,N,14:10:30,,,7140,상행,2025-05-01T05:00:00,,주말
7호선,2712,도봉산,710,,20250619,7호선,3763,석남,761,N,7호선,7171,3763,석남,761,N,,12:26:30,,7142,상행,2025-05-01T05:00:00,,주말
7호선,2712,도봉산,710,,20250619,7호선,3763,석남,761,N,7호선,7171,3762,산곡,760,N,12:29:30,12:30:00,,7142,상행,2025-05-01T05:00:00,,주말
7호선,2712,도봉산,710,,20250619,7호선,3763,석남,761,N,7호선,7171,3761,부평구청,759,N,12:32:00,12:32:30,,7142,상행,2025-05-01T05:00:00,,주말
7호선,2712,도봉산,710,,20250619,7호선,3763,석남,761,N,7호선,7171,3760,굴포천,758,N,12:33:50,12:34:20,,7142,상행,2025-05-01T05:00:00,,주말
7호선,2712,도봉산,710,,20250619,7호선,3763,석남,761,N,7호선,7171,3759,삼산체육관,757,N,12:35:30,12:36:00,,7142,상행,2025-05-01T05:00:00,,주말
7호선,2712,도봉산,710,,20250619,7호선,3763,석남,761,N,7호선,7171,3758,상동,756,N,12:37:20,12:37:50,,7142,상행,2025-05-01T05:00:00,,주말
7호선,2712,도봉산,710,,20250619,7호선,3763,석남,761,N,7호선,7171,3757,부천시청,755,N,12:39:00,12:39:30,,7142,상행,2025-05-01T05:00:00,,주말
7호선,2712,도봉산,710,,20250619,7호선,3763,석남,761,N,7호선,7171,3756,신중동,754,N,12:40:50,12:41:20,,7142,상행,2025-05-01T05:00:00,,주말
7호선,2712,도봉산,710,,20250619,7호선,3763,석남,761,N,7호선,7171,3755,춘의,753,N,12:42:40,12:43:10,,7142,상행,2025-05-01T05:00:00,,주말
7호선,2712,도봉산,710,,20250619,7호선,3763,석남,761,N,7호선,7171,3754,부천종합운동장,752,N,12:44:30,12:45:00,,7142,상행,2025-05-01T05:00:00,,주말
7호선,2712,도봉산,710,,20250619,7호선,3763,석남,761,N,7호선,7171,3753,까치울,751,N,12:46:30,12:47:00,,7142,상행,2025-05-01T05:00:00,,주말
7호선,2712,도봉산,710,,20250619,7호선,3763,석남,761,N,7호선,7171,2752,온수,750,N,12:49:30,12:50:00,,7142,상행,2025-05-01T05:00:00,,주말
7호선,2712,도봉산,710,,20250619,7호선,3763,석남,761,N,7호선,7171,2751,천왕,749,N,12:52:20,12:52:40,,7142,상행,2025-05-01T05:00:00,,주말
7호선,2712,도봉산,710,,20250619,7호선,3763,석남,761,N,7호선,7171,2750,광명사거리,748,N,12:54:40,12:55:10,,7142,상행,2025-05-01T05:00:00,,주말
7호선,2712,도봉산,710,,20250619,7호선,3763,석남,761,N,7호선,7171,2749,철산,747,N,12:57:00,12:57:30,,7142,상행,2025-05-01T05:00:00,,주말
7호선,2712,도봉산,710,,20250619,7호선,3763,석남,761,N,7호선,7171,2748,가산디지털단지,746,N,12:59:30,13:00:00,,7142,상행,2025-05-01T05:00:00,,주말
7호선,2712,도봉산,710,,20250619,7호선,3763,석남,761,N,7호선,7171,2747,남구로,745,N,13:01:20,13:01:50,,7142,상행,2025-05-01T05:00:00,,주말
7호선,2712,도봉산,710,,20250619,7호선,3763,석남,761,N,7호선,7171,2746,대림,744,N,13:03:20,13:03:50,,7142,상행,2025-05-01T05:00:00,,주말
7호선,2712,도봉산,710,,20250619,7호선,3763,석남,761,N,7호선,7171,2745,신풍,743,N,13:05:50,13:06:20,,7142,상행,2025-05-01T05:00:00,,주말
7호선,2712,도봉산,710,,20250619,7호선,3763,석남,761,N,7호선,7171,2744,보라매,742,N,13:07:40,13:08:10,,7142,상행,2025-05-01T05:00:00,,주말
7호선,2712,도봉산,710,,20250619,7호선,3763,석남,761,N,7호선,7171,2743,신대방삼거리,741,N,13:09:20,13:09:50,,7142,상행,2025-05-01T05:00:00,,주말
7호선,2712,도봉산,710,,20250619,7호선,3763,석남,761,N,7호선,7171,2742,장승배기,740,N,13:11:40,13:12:10,,7142,상행,2025-05-01T05:00:00,,주말
7호선,2712,도봉산,710,,20250619,7호선,3763,석남,761,N,7호선,7171,2741,상도,739,N,13:13:40,13:14:10,,7142,상행,2025-05-01T05:00:00,,주말
7호선,2712,도봉산,710,,20250619,7호선,3763,석남,761,N,7호선,7171,2740,숭실대입구,738,N,13:15:20,13:15:50,,7142,상행,2025-05-01T05:00:00,,주말
7호선,2712,도봉산,710,,20250619,7호선,3763,석남,761,N,7호선,7171,2739,남성,737,N,13:18:20,13:18:50,,7142,상행,2025-05-01T05:00:00,,주말
7호선,2712,도봉산,710,,20250619,7호선,3763,석남,761,N,7호선,7171,2738,이수,736,N,13:20:10,13:20:50,,7142,상행,2025-05-01T05:00:00,,주말
7호선,2712,도봉산,710,,20250619,7호선,3763,석남,761,N,7호선,7171,2737,내방,735,N,13:22:20,13:22:50,,7142,상행,2025-05-01T05:00:00,,주말
7호선,2712,도봉산,710,,20250619,7호선,3763,석남,761,N,7호선,7171,2736,고속터미널,734,N,13:25:20,13:26:00,,7142,상행,2025-05-01T05:00:00,,주말
7호선,2712,도봉산,710,,20250619,7호선,3763,석남,761,N,7호선,7171,2735,반포,733,N,13:27:30,13:27:50,,7142,상행,2025-05-01T05:00:00,,주말
7호선,2712,도봉산,710,,20250619,7호선,3763,석남,761,N,7호선,7171,2734,논현,732,N,13:29:00,13:29:30,,7142,상행,2025-05-01T05:00:00,,주말
7호선,2712,도봉산,710,,20250619,7호선,3763,석남,761,N,7호선,7171,2733,학동,731,N,13:30:50,13:31:20,,7142,상행,2025-05-01T05:00:00,,주말
7호선,2712,도봉산,710,,20250619,7호선,3763,석남,761,N,7호선,7171,2732,강남구청,730,N,13:32:30,13:33:00,,7142,상행,2025-05-01T05:00:00,,주말
7호선,2712,도봉산,710,,20250619,7호선,3763,석남,761,N,7호선,7171,2731,청담,729,N,13:34:30,13:35:00,,7142,상행,2025-05-01T05:00:00,,주말
7호선,2712,도봉산,710,,20250619,7호선,3763,석남,761,N,7호선,7171,2730,자양,728,N,13:37:30,13:37:50,,7142,상행,2025-05-01T05:00:00,,주말
7호선,2712,도봉산,710,,20250619,7호선,3763,석남,761,N,7호선,7171,2729,건대입구,727,N,13:39:20,13:40:00,,7142,상행,2025-05-01T05:00:00,,주말
7호선,2712,도봉산,710,,20250619,7호선,3763,석남,761,N,7호선,7171,2728,어린이대공원,726,N,13:41:20,13:41:50,,7142,상행,2025-05-01T05:00:00,,주말
7호선,2712,도봉산,710,,20250619,7호선,3763,석남,761,N,7호선,7171,2727,군자,725,N,13:43:10,13:43:50,,7142,상행,2025-05-01T05:00:00,,주말
7호선,2712,도봉산,710,,20250619,7호선,3763,석남,761,N,7호선,7171,2726,중곡,724,N,13:45:10,13:45:40,,7142,상행,2025-05-01T05:00:00,,주말
7호선,2712,도봉산,710,,20250619,7호선,3763,석남,761,N,7호선,7171,2725,용마산,723,N,13:47:00,13:47:20,,7142,상행,2025-05-01T05:00:00,,주말
7호선,2712,도봉산,710,,20250619,7호선,3763,석남,761,N,7호선,7171,2724,사가정,722,N,13:48:30,13:49:00,,7142,상행,2025-05-01T05:00:00,,주말
7호선,2712,도봉산,710,,20250619,7호선,3763,석남,761,N,7호선,7171,2723,면목,721,N,13:50:10,13:50:40,,7142,상행,2025-05-01T05:00:00,,주말
7호선,2712,도봉산,710,,20250619,7호선,3763,석남,761,N,7호선,7171,2722,상봉,720,N,13:51:50,13:52:20,,7142,상행,2025-05-01T05:00:00,,주말
7호선,2712,도봉산,710,,20250619,7호선,3763,석남,761,N,7호선,7171,2721,중화,719,N,13:54:10,13:54:40,,7142,상행,2025-05-01T05:00:00,,주말
7호선,2712,도봉산,710,,20250619,7호선,3763,석남,761,N,7호선,7171,2720,먹골,718,N,13:56:00,13:56:30,,7142,상행,2025-05-01T05:00:00,,주말
7호선,2712,도봉산,710,,20250619,7호선,3763,석남,761,N,7호선,7171,2719,태릉입구,717,N,13:57:40,13:58:10,,7142,상행,2025-05-01T05:00:00,,주말
7호선,2712,도봉산,710,,20250619,7호선,3763,석남,761,N,7호선,7171,2718,공릉,716,N,13:59:10,13:59:40,,7142,상행,2025-05-01T05:00:00,,주말
7호선,2712,도봉산,710,,20250619,7호선,3763,석남,761,N,7호선,7171,2717,하계,715,N,14:01:10,14:01:40,,7142,상행,2025-05-01T05:00:00,,주말
7호선,2712,도봉산,710,,20250619,7호선,3763,석남,761,N,7호선,7171,2716,중계,714,N,14:02:50,14:03:20,,7142,상행,2025-05-01T05:00:00,,주말
7호선,2712,도봉산,710,,20250619,7호선,3763,석남,761,N,7호선,7171,2715,노원,713,N,14:04:40,14:05:10,,7142,상행,2025-05-01T05:00:00,,주말
7호선,2712,도봉산,710,,20250619,7호선,3763,석남,761,N,7호선,7171,2714,마들,712,N,14:06:40,14:07:10,,7142,상행,2025-05-01T05:00:00,,주말
7호선,2712,도봉산,710,,20250619,7호선,3763,석남,761,N,7호선,7171,2713,수락산,711,N,14:09:10,14:09:40,,7142,상행,2025-05-01T05:00:00,,주말
7호선,2712,도봉산,710,,20250619,7호선,3763,석남,761,N,7호선,7171,2712,도봉산,710,N,14:12:00,,,7142,상행,2025-05-01T05:00:00,,주말
7호선,2711,장암,709,,20250619,7호선,2752,온수,750,N,7호선,7177,2752,온수,750,N,,12:56:30,,7144,상행,2025-05-01T05:00:00,,주말
7호선,2711,장암,709,,20250619,7호선,2752,온수,750,N,7호선,7177,2751,천왕,749,N,12:58:50,12:59:10,,7144,상행,2025-05-01T05:00:00,,주말
7호선,2711,장암,709,,20250619,7호선,2752,온수,750,N,7호선,7177,2750,광명사거리,748,N,13:01:10,13:01:40,,7144,상행,2025-05-01T05:00:00,,주말
7호선,2711,장암,709,,20250619,7호선,2752,온수,750,N,7호선,7177,2749,철산,747,N,13:03:30,13:04:00,,7144,상행,2025-05-01T05:00:00,,주말
7호선,2711,장암,709,,20250619,7호선,2752,온수,750,N,7호선,7177,2748,가산디지털단지,746,N,13:06:00,13:06:30,,7144,상행,2025-05-01T05:00:00,,주말
7호선,2711,장암,709,,20250619,7호선,2752,온수,750,N,7호선,7177,2747,남구로,745,N,13:07:50,13:08:20,,7144,상행,2025-05-01T05:00:00,,주말
7호선,2711,장암,709,,20250619,7호선,2752,온수,750,N,7호선,7177,2746,대림,744,N,13:09:50,13:10:20,,7144,상행,2025-05-01T05:00:00,,주말
7호선,2711,장암,709,,20250619,7호선,2752,온수,750,N,7호선,7177,2745,신풍,743,N,13:12:20,13:12:50,,7144,상행,2025-05-01T05:00:00,,주말
7호선,2711,장암,709,,20250619,7호선,2752,온수,750,N,7호선,7177,2744,보라매,742,N,13:14:10,13:14:40,,7144,상행,2025-05-01T05:00:00,,주말
7호선,2711,장암,709,,20250619,7호선,2752,온수,750,N,7호선,7177,2743,신대방삼거리,741,N,13:15:50,13:16:20,,7144,상행,2025-05-01T05:00:00,,주말
7호선,2711,장암,709,,20250619,7호선,2752,온수,750,N,7호선,7177,2742,장승배기,740,N,13:18:10,13:18:40,,7144,상행,2025-05-01T05:00:00,,주말
7호선,2711,장암,709,,20250619,7호선,2752,온수,750,N,7호선,7177,2741,상도,739,N,13:20:10,13:20:40,,7144,상행,2025-05-01T05:00:00,,주말
7호선,2711,장암,709,,20250619,7호선,2752,온수,750,N,7호선,7177,2740,숭실대입구,738,N,13:21:50,13:22:20,,7144,상행,2025-05-01T05:00:00,,주말
7호선,2711,장암,709,,20250619,7호선,2752,온수,750,N,7호선,7177,2739,남성,737,N,13:24:50,13:25:20,,7144,상행,2025-05-01T05:00:00,,주말
7호선,2711,장암,709,,20250619,7호선,2752,온수,750,N,7호선,7177,2738,이수,736,N,13:26:40,13:27:20,,7144,상행,2025-05-01T05:00:00,,주말
7호선,2711,장암,709,,20250619,7호선,2752,온수,750,N,7호선,7177,2737,내방,735,N,13:28:50,13:29:20,,7144,상행,2025-05-01T05:00:00,,주말
7호선,2711,장암,709,,20250619,7호선,2752,온수,750,N,7호선,7177,2736,고속터미널,734,N,13:31:50,13:32:30,,7144,상행,2025-05-01T05:00:00,,주말
7호선,2711,장암,709,,20250619,7호선,2752,온수,750,N,7호선,7177,2735,반포,733,N,13:34:00,13:34:20,,7144,상행,2025-05-01T05:00:00,,주말
7호선,2711,장암,709,,20250619,7호선,2752,온수,750,N,7호선,7177,2734,논현,732,N,13:35:30,13:36:00,,7144,상행,2025-05-01T05:00:00,,주말
7호선,2711,장암,709,,20250619,7호선,2752,온수,750,N,7호선,7177,2733,학동,731,N,13:37:20,13:37:50,,7144,상행,2025-05-01T05:00:00,,주말
7호선,2711,장암,709,,20250619,7호선,2752,온수,750,N,7호선,7177,2732,강남구청,730,N,13:39:00,13:39:30,,7144,상행,2025-05-01T05:00:00,,주말
7호선,2711,장암,709,,20250619,7호선,2752,온수,750,N,7호선,7177,2731,청담,729,N,13:41:00,13:41:30,,7144,상행,2025-05-01T05:00:00,,주말
7호선,2711,장암,709,,20250619,7호선,2752,온수,750,N,7호선,7177,2730,자양,728,N,13:44:00,13:44:20,,7144,상행,2025-05-01T05:00:00,,주말
7호선,2711,장암,709,,20250619,7호선,2752,온수,750,N,7호선,7177,2729,건대입구,727,N,13:45:50,13:46:30,,7144,상행,2025-05-01T05:00:00,,주말
7호선,2711,장암,709,,20250619,7호선,2752,온수,750,N,7호선,7177,2728,어린이대공원,726,N,13:47:50,13:48:20,,7144,상행,2025-05-01T05:00:00,,주말
7호선,2711,장암,709,,20250619,7호선,2752,온수,750,N,7호선,7177,2727,군자,725,N,13:49:40,13:50:20,,7144,상행,2025-05-01T05:00:00,,주말
7호선,2711,장암,709,,20250619,7호선,2752,온수,750,N,7호선,7177,2726,중곡,724,N,13:51:40,13:52:10,,7144,상행,2025-05-01T05:00:00,,주말
7호선,2711,장암,709,,20250619,7호선,2752,온수,750,N,7호선,7177,2725,용마산,723,N,13:53:30,13:53:50,,7144,상행,2025-05-01T05:00:00,,주말
7호선,2711,장암,709,,20250619,7호선,2752,온수,750,N,7호선,7177,2724,사가정,722,N,13:55:00,13:55:30,,7144,상행,2025-05-01T05:00:00,,주말
7호선,2711,장암,709,,20250619,7호선,2752,온수,750,N,7호선,7177,2723,면목,721,N,13:56:40,13:57:10,,7144,상행,2025-05-01T05:00:00,,주말
7호선,2711,장암,709,,20250619,7호선,2752,온수,750,N,7호선,7177,2722,상봉,720,N,13:58:20,13:58:50,,7144,상행,2025-05-01T05:00:00,,주말
7호선,2711,장암,709,,20250619,7호선,2752,온수,750,N,7호선,7177,2721,중화,719,N,14:00:40,14:01:10,,7144,상행,2025-05-01T05:00:00,,주말
7호선,2711,장암,709,,20250619,7호선,2752,온수,750,N,7호선,7177,2720,먹골,718,N,14:02:30,14:03:00,,7144,상행,2025-05-01T05:00:00,,주말
7호선,2711,장암,709,,20250619,7호선,2752,온수,750,N,7호선,7177,2719,태릉입구,717,N,14:04:10,14:04:40,,7144,상행,2025-05-01T05:00:00,,주말
7호선,2711,장암,709,,20250619,7호선,2752,온수,750,N,7호선,7177,2718,공릉,716,N,14:05:40,14:06:10,,7144,상행,2025-05-01T05:00:00,,주말
7호선,2711,장암,709,,20250619,7호선,2752,온수,750,N,7호선,7177,2717,하계,715,N,14:07:40,14:08:10,,7144,상행,2025-05-01T05:00:00,,주말
7호선,2711,장암,709,,20250619,7호선,2752,온수,750,N,7호선,7177,2716,중계,714,N,14:09:20,14:09:50,,7144,상행,2025-05-01T05:00:00,,주말
7호선,2711,장암,709,,20250619,7호선,2752,온수,750,N,7호선,7177,2715,노원,713,N,14:11:10,14:11:40,,7144,상행,2025-05-01T05:00:00,,주말
7호선,2711,장암,709,,20250619,7호선,2752,온수,750,N,7호선,7177,2714,마들,712,N,14:13:10,14:13:40,,7144,상행,2025-05-01T05:00:00,,주말
7호선,2711,장암,709,,20250619,7호선,2752,온수,750,N,7호선,7177,2713,수락산,711,N,14:15:40,14:16:10,,7144,상행,2025-05-01T05:00:00,,주말
7호선,2711,장암,709,,20250619,7호선,2752,온수,750,N,7호선,7177,2712,도봉산,710,N,14:18:30,14:19:00,,7144,상행,2025-05-01T05:00:00,,주말
7호선,2711,장암,709,,20250619,7호선,2752,온수,750,N,7호선,7177,2711,장암,709,N,14:23:30,,,7144,상행,2025-05-01T05:00:00,,주말
7호선,2712,도봉산,710,,20250619,7호선,3763,석남,761,N,7호선,7175,3763,석남,761,N,,12:39:30,,7146,상행,2025-05-01T05:00:00,,주말
7호선,2712,도봉산,710,,20250619,7호선,3763,석남,761,N,7호선,7175,3762,산곡,760,N,12:42:30,12:43:00,,7146,상행,2025-05-01T05:00:00,,주말
7호선,2712,도봉산,710,,20250619,7호선,3763,석남,761,N,7호선,7175,3761,부평구청,759,N,12:45:00,12:45:30,,7146,상행,2025-05-01T05:00:00,,주말
7호선,2712,도봉산,710,,20250619,7호선,3763,석남,761,N,7호선,7175,3760,굴포천,758,N,12:46:50,12:47:20,,7146,상행,2025-05-01T05:00:00,,주말
7호선,2712,도봉산,710,,20250619,7호선,3763,석남,761,N,7호선,7175,3759,삼산체육관,757,N,12:48:30,12:49:00,,7146,상행,2025-05-01T05:00:00,,주말
7호선,2712,도봉산,710,,20250619,7호선,3763,석남,761,N,7호선,7175,3758,상동,756,N,12:50:20,12:50:50,,7146,상행,2025-05-01T05:00:00,,주말
7호선,2712,도봉산,710,,20250619,7호선,3763,석남,761,N,7호선,7175,3757,부천시청,755,N,12:52:00,12:52:30,,7146,상행,2025-05-01T05:00:00,,주말
7호선,2712,도봉산,710,,20250619,7호선,3763,석남,761,N,7호선,7175,3756,신중동,754,N,12:53:50,12:54:20,,7146,상행,2025-05-01T05:00:00,,주말
7호선,2712,도봉산,710,,20250619,7호선,3763,석남,761,N,7호선,7175,3755,춘의,753,N,12:55:40,12:56:10,,7146,상행,2025-05-01T05:00:00,,주말
7호선,2712,도봉산,710,,20250619,7호선,3763,석남,761,N,7호선,7175,3754,부천종합운동장,752,N,12:57:30,12:58:00,,7146,상행,2025-05-01T05:00:00,,주말
7호선,2712,도봉산,710,,20250619,7호선,3763,석남,761,N,7호선,7175,3753,까치울,751,N,12:59:30,13:00:00,,7146,상행,2025-05-01T05:00:00,,주말
7호선,2712,도봉산,710,,20250619,7호선,3763,석남,761,N,7호선,7175,2752,온수,750,N,13:02:30,13:03:00,,7146,상행,2025-05-01T05:00:00,,주말
7호선,2712,도봉산,710,,20250619,7호선,3763,석남,761,N,7호선,7175,2751,천왕,749,N,13:05:20,13:05:40,,7146,상행,2025-05-01T05:00:00,,주말
7호선,2712,도봉산,710,,20250619,7호선,3763,석남,761,N,7호선,7175,2750,광명사거리,748,N,13:07:40,13:08:10,,7146,상행,2025-05-01T05:00:00,,주말
7호선,2712,도봉산,710,,20250619,7호선,3763,석남,761,N,7호선,7175,2749,철산,747,N,13:10:00,13:10:30,,7146,상행,2025-05-01T05:00:00,,주말
7호선,2712,도봉산,710,,20250619,7호선,3763,석남,761,N,7호선,7175,2748,가산디지털단지,746,N,13:12:30,13:13:00,,7146,상행,2025-05-01T05:00:00,,주말
7호선,2712,도봉산,710,,20250619,7호선,3763,석남,761,N,7호선,7175,2747,남구로,745,N,13:14:20,13:14:50,,7146,상행,2025-05-01T05:00:00,,주말
7호선,2712,도봉산,710,,20250619,7호선,3763,석남,761,N,7호선,7175,2746,대림,744,N,13:16:20,13:16:50,,7146,상행,2025-05-01T05:00:00,,주말
7호선,2712,도봉산,710,,20250619,7호선,3763,석남,761,N,7호선,7175,2745,신풍,743,N,13:18:50,13:19:20,,7146,상행,2025-05-01T05:00:00,,주말
7호선,2712,도봉산,710,,20250619,7호선,3763,석남,761,N,7호선,7175,2744,보라매,742,N,13:20:40,13:21:10,,7146,상행,2025-05-01T05:00:00,,주말
7호선,2712,도봉산,710,,20250619,7호선,3763,석남,761,N,7호선,7175,2743,신대방삼거리,741,N,13:22:20,13:22:50,,7146,상행,2025-05-01T05:00:00,,주말
7호선,2712,도봉산,710,,20250619,7호선,3763,석남,761,N,7호선,7175,2742,장승배기,740,N,13:24:40,13:25:10,,7146,상행,2025-05-01T05:00:00,,주말
7호선,2712,도봉산,710,,20250619,7호선,3763,석남,761,N,7호선,7175,2741,상도,739,N,13:26:40,13:27:10,,7146,상행,2025-05-01T05:00:00,,주말
7호선,2712,도봉산,710,,20250619,7호선,3763,석남,761,N,7호선,7175,2740,숭실대입구,738,N,13:28:20,13:28:50,,7146,상행,2025-05-01T05:00:00,,주말
7호선,2712,도봉산,710,,20250619,7호선,3763,석남,761,N,7호선,7175,2739,남성,737,N,13:31:20,13:31:50,,7146,상행,2025-05-01T05:00:00,,주말
7호선,2712,도봉산,710,,20250619,7호선,3763,석남,761,N,7호선,7175,2738,이수,736,N,13:33:10,13:33:50,,7146,상행,2025-05-01T05:00:00,,주말
7호선,2712,도봉산,710,,20250619,7호선,3763,석남,761,N,7호선,7175,2737,내방,735,N,13:35:20,13:35:50,,7146,상행,2025-05-01T05:00:00,,주말
7호선,2712,도봉산,710,,20250619,7호선,3763,석남,761,N,7호선,7175,2736,고속터미널,734,N,13:38:20,13:39:00,,7146,상행,2025-05-01T05:00:00,,주말
7호선,2712,도봉산,710,,20250619,7호선,3763,석남,761,N,7호선,7175,2735,반포,733,N,13:40:30,13:40:50,,7146,상행,2025-05-01T05:00:00,,주말
7호선,2712,도봉산,710,,20250619,7호선,3763,석남,761,N,7호선,7175,2734,논현,732,N,13:42:00,13:42:30,,7146,상행,2025-05-01T05:00:00,,주말
7호선,2712,도봉산,710,,20250619,7호선,3763,석남,761,N,7호선,7175,2733,학동,731,N,13:43:50,13:44:20,,7146,상행,2025-05-01T05:00:00,,주말
7호선,2712,도봉산,710,,20250619,7호선,3763,석남,761,N,7호선,7175,2732,강남구청,730,N,13:45:30,13:46:00,,7146,상행,2025-05-01T05:00:00,,주말
7호선,2712,도봉산,710,,20250619,7호선,3763,석남,761,N,7호선,7175,2731,청담,729,N,13:47:30,13:48:00,,7146,상행,2025-05-01T05:00:00,,주말
7호선,2712,도봉산,710,,20250619,7호선,3763,석남,761,N,7호선,7175,2730,자양,728,N,13:50:30,13:50:50,,7146,상행,2025-05-01T05:00:00,,주말
7호선,2712,도봉산,710,,20250619,7호선,3763,석남,761,N,7호선,7175,2729,건대입구,727,N,13:52:20,13:53:00,,7146,상행,2025-05-01T05:00:00,,주말
7호선,2712,도봉산,710,,20250619,7호선,3763,석남,761,N,7호선,7175,2728,어린이대공원,726,N,13:54:20,13:54:50,,7146,상행,2025-05-01T05:00:00,,주말
7호선,2712,도봉산,710,,20250619,7호선,3763,석남,761,N,7호선,7175,2727,군자,725,N,13:56:10,13:56:50,,7146,상행,2025-05-01T05:00:00,,주말
7호선,2712,도봉산,710,,20250619,7호선,3763,석남,761,N,7호선,7175,2726,중곡,724,N,13:58:10,13:58:40,,7146,상행,2025-05-01T05:00:00,,주말
7호선,2712,도봉산,710,,20250619,7호선,3763,석남,761,N,7호선,7175,2725,용마산,723,N,14:00:00,14:00:20,,7146,상행,2025-05-01T05:00:00,,주말
7호선,2712,도봉산,710,,20250619,7호선,3763,석남,761,N,7호선,7175,2724,사가정,722,N,14:01:30,14:02:00,,7146,상행,2025-05-01T05:00:00,,주말
7호선,2712,도봉산,710,,20250619,7호선,3763,석남,761,N,7호선,7175,2723,면목,721,N,14:03:10,14:03:40,,7146,상행,2025-05-01T05:00:00,,주말
7호선,2712,도봉산,710,,20250619,7호선,3763,석남,761,N,7호선,7175,2722,상봉,720,N,14:04:50,14:05:20,,7146,상행,2025-05-01T05:00:00,,주말
7호선,2712,도봉산,710,,20250619,7호선,3763,석남,761,N,7호선,7175,2721,중화,719,N,14:07:10,14:07:40,,7146,상행,2025-05-01T05:00:00,,주말
7호선,2712,도봉산,710,,20250619,7호선,3763,석남,761,N,7호선,7175,2720,먹골,718,N,14:09:00,14:09:30,,7146,상행,2025-05-01T05:00:00,,주말
7호선,2712,도봉산,710,,20250619,7호선,3763,석남,761,N,7호선,7175,2719,태릉입구,717,N,14:10:40,14:11:10,,7146,상행,2025-05-01T05:00:00,,주말
7호선,2712,도봉산,710,,20250619,7호선,3763,석남,761,N,7호선,7175,2718,공릉,716,N,14:12:10,14:12:40,,7146,상행,2025-05-01T05:00:00,,주말
7호선,2712,도봉산,710,,20250619,7호선,3763,석남,761,N,7호선,7175,2717,하계,715,N,14:14:10,14:14:40,,7146,상행,2025-05-01T05:00:00,,주말
7호선,2712,도봉산,710,,20250619,7호선,3763,석남,761,N,7호선,7175,2716,중계,714,N,14:15:50,14:16:20,,7146,상행,2025-05-01T05:00:00,,주말
7호선,2712,도봉산,710,,20250619,7호선,3763,석남,761,N,7호선,7175,2715,노원,713,N,14:17:40,14:18:10,,7146,상행,2025-05-01T05:00:00,,주말
7호선,2712,도봉산,710,,20250619,7호선,3763,석남,761,N,7호선,7175,2714,마들,712,N,14:19:40,14:20:10,,7146,상행,2025-05-01T05:00:00,,주말
7호선,2712,도봉산,710,,20250619,7호선,3763,석남,761,N,7호선,7175,2713,수락산,711,N,14:22:10,14:22:40,,7146,상행,2025-05-01T05:00:00,,주말
7호선,2712,도봉산,710,,20250619,7호선,3763,석남,761,N,7호선,7175,2712,도봉산,710,N,14:25:00,,,7146,상행,2025-05-01T05:00:00,,주말
7호선,2711,장암,709,,20250619,7호선,2752,온수,750,N,7호선,7181,2752,온수,750,N,,13:09:30,,7148,상행,2025-05-01T05:00:00,,주말
7호선,2711,장암,709,,20250619,7호선,2752,온수,750,N,7호선,7181,2751,천왕,749,N,13:11:50,13:12:10,,7148,상행,2025-05-01T05:00:00,,주말
7호선,2711,장암,709,,20250619,7호선,2752,온수,750,N,7호선,7181,2750,광명사거리,748,N,13:14:10,13:14:40,,7148,상행,2025-05-01T05:00:00,,주말
7호선,2711,장암,709,,20250619,7호선,2752,온수,750,N,7호선,7181,2749,철산,747,N,13:16:30,13:17:00,,7148,상행,2025-05-01T05:00:00,,주말
7호선,2711,장암,709,,20250619,7호선,2752,온수,750,N,7호선,7181,2748,가산디지털단지,746,N,13:19:00,13:19:30,,7148,상행,2025-05-01T05:00:00,,주말
7호선,2711,장암,709,,20250619,7호선,2752,온수,750,N,7호선,7181,2747,남구로,745,N,13:20:50,13:21:20,,7148,상행,2025-05-01T05:00:00,,주말
7호선,2711,장암,709,,20250619,7호선,2752,온수,750,N,7호선,7181,2746,대림,744,N,13:22:50,13:23:20,,7148,상행,2025-05-01T05:00:00,,주말
7호선,2711,장암,709,,20250619,7호선,2752,온수,750,N,7호선,7181,2745,신풍,743,N,13:25:20,13:25:50,,7148,상행,2025-05-01T05:00:00,,주말
7호선,2711,장암,709,,20250619,7호선,2752,온수,750,N,7호선,7181,2744,보라매,742,N,13:27:10,13:27:40,,7148,상행,2025-05-01T05:00:00,,주말
7호선,2711,장암,709,,20250619,7호선,2752,온수,750,N,7호선,7181,2743,신대방삼거리,741,N,13:28:50,13:29:20,,7148,상행,2025-05-01T05:00:00,,주말
7호선,2711,장암,709,,20250619,7호선,2752,온수,750,N,7호선,7181,2742,장승배기,740,N,13:31:10,13:31:40,,7148,상행,2025-05-01T05:00:00,,주말
7호선,2711,장암,709,,20250619,7호선,2752,온수,750,N,7호선,7181,2741,상도,739,N,13:33:10,13:33:40,,7148,상행,2025-05-01T05:00:00,,주말
7호선,2711,장암,709,,20250619,7호선,2752,온수,750,N,7호선,7181,2740,숭실대입구,738,N,13:34:50,13:35:20,,7148,상행,2025-05-01T05:00:00,,주말
7호선,2711,장암,709,,20250619,7호선,2752,온수,750,N,7호선,7181,2739,남성,737,N,13:37:50,13:38:20,,7148,상행,2025-05-01T05:00:00,,주말
7호선,2711,장암,709,,20250619,7호선,2752,온수,750,N,7호선,7181,2738,이수,736,N,13:39:40,13:40:20,,7148,상행,2025-05-01T05:00:00,,주말
7호선,2711,장암,709,,20250619,7호선,2752,온수,750,N,7호선,7181,2737,내방,735,N,13:41:50,13:42:20,,7148,상행,2025-05-01T05:00:00,,주말
7호선,2711,장암,709,,20250619,7호선,2752,온수,750,N,7호선,7181,2736,고속터미널,734,N,13:44:50,13:45:30,,7148,상행,2025-05-01T05:00:00,,주말
7호선,2711,장암,709,,20250619,7호선,2752,온수,750,N,7호선,7181,2735,반포,733,N,13:47:00,13:47:20,,7148,상행,2025-05-01T05:00:00,,주말
7호선,2711,장암,709,,20250619,7호선,2752,온수,750,N,7호선,7181,2734,논현,732,N,13:48:30,13:49:00,,7148,상행,2025-05-01T05:00:00,,주말
7호선,2711,장암,709,,20250619,7호선,2752,온수,750,N,7호선,7181,2733,학동,731,N,13:50:20,13:50:50,,7148,상행,2025-05-01T05:00:00,,주말
7호선,2711,장암,709,,20250619,7호선,2752,온수,750,N,7호선,7181,2732,강남구청,730,N,13:52:00,13:52:30,,7148,상행,2025-05-01T05:00:00,,주말
7호선,2711,장암,709,,20250619,7호선,2752,온수,750,N,7호선,7181,2731,청담,729,N,13:54:00,13:54:30,,7148,상행,2025-05-01T05:00:00,,주말
7호선,2711,장암,709,,20250619,7호선,2752,온수,750,N,7호선,7181,2730,자양,728,N,13:57:00,13:57:20,,7148,상행,2025-05-01T05:00:00,,주말
7호선,2711,장암,709,,20250619,7호선,2752,온수,750,N,7호선,7181,2729,건대입구,727,N,13:58:50,13:59:30,,7148,상행,2025-05-01T05:00:00,,주말
7호선,2711,장암,709,,20250619,7호선,2752,온수,750,N,7호선,7181,2728,어린이대공원,726,N,14:00:50,14:01:20,,7148,상행,2025-05-01T05:00:00,,주말
7호선,2711,장암,709,,20250619,7호선,2752,온수,750,N,7호선,7181,2727,군자,725,N,14:02:40,14:03:20,,7148,상행,2025-05-01T05:00:00,,주말
7호선,2711,장암,709,,20250619,7호선,2752,온수,750,N,7호선,7181,2726,중곡,724,N,14:04:40,14:05:10,,7148,상행,2025-05-01T05:00:00,,주말
7호선,2711,장암,709,,20250619,7호선,2752,온수,750,N,7호선,7181,2725,용마산,723,N,14:06:30,14:06:50,,7148,상행,2025-05-01T05:00:00,,주말
7호선,2711,장암,709,,20250619,7호선,2752,온수,750,N,7호선,7181,2724,사가정,722,N,14:08:00,14:08:30,,7148,상행,2025-05-01T05:00:00,,주말
7호선,2711,장암,709,,20250619,7호선,2752,온수,750,N,7호선,7181,2723,면목,721,N,14:09:40,14:10:10,,7148,상행,2025-05-01T05:00:00,,주말
7호선,2711,장암,709,,20250619,7호선,2752,온수,750,N,7호선,7181,2722,상봉,720,N,14:11:20,14:11:50,,7148,상행,2025-05-01T05:00:00,,주말
7호선,2711,장암,709,,20250619,7호선,2752,온수,750,N,7호선,7181,2721,중화,719,N,14:13:40,14:14:10,,7148,상행,2025-05-01T05:00:00,,주말
7호선,2711,장암,709,,20250619,7호선,2752,온수,750,N,7호선,7181,2720,먹골,718,N,14:15:30,14:16:00,,7148,상행,2025-05-01T05:00:00,,주말
7호선,2711,장암,709,,20250619,7호선,2752,온수,750,N,7호선,7181,2719,태릉입구,717,N,14:17:10,14:17:40,,7148,상행,2025-05-01T05:00:00,,주말
7호선,2711,장암,709,,20250619,7호선,2752,온수,750,N,7호선,7181,2718,공릉,716,N,14:18:40,14:19:10,,7148,상행,2025-05-01T05:00:00,,주말
7호선,2711,장암,709,,20250619,7호선,2752,온수,750,N,7호선,7181,2717,하계,715,N,14:20:40,14:21:10,,7148,상행,2025-05-01T05:00:00,,주말
7호선,2711,장암,709,,20250619,7호선,2752,온수,750,N,7호선,7181,2716,중계,714,N,14:22:20,14:22:50,,7148,상행,2025-05-01T05:00:00,,주말
7호선,2711,장암,709,,20250619,7호선,2752,온수,750,N,7호선,7181,2715,노원,713,N,14:24:10,14:24:40,,7148,상행,2025-05-01T05:00:00,,주말
7호선,2711,장암,709,,20250619,7호선,2752,온수,750,N,7호선,7181,2714,마들,712,N,14:26:10,14:26:40,,7148,상행,2025-05-01T05:00:00,,주말
7호선,2711,장암,709,,20250619,7호선,2752,온수,750,N,7호선,7181,2713,수락산,711,N,14:28:40,14:29:10,,7148,상행,2025-05-01T05:00:00,,주말
7호선,2711,장암,709,,20250619,7호선,2752,온수,750,N,7호선,7181,2712,도봉산,710,N,14:31:30,14:32:00,,7148,상행,2025-05-01T05:00:00,,주말
7호선,2711,장암,709,,20250619,7호선,2752,온수,750,N,7호선,7181,2711,장암,709,N,14:36:30,,,7148,상행,2025-05-01T05:00:00,,주말
7호선,2712,도봉산,710,,20250619,7호선,3763,석남,761,N,7호선,7179,3763,석남,761,N,,12:52:30,,7150,상행,2025-05-01T05:00:00,,주말
7호선,2712,도봉산,710,,20250619,7호선,3763,석남,761,N,7호선,7179,3762,산곡,760,N,12:55:30,12:56:00,,7150,상행,2025-05-01T05:00:00,,주말
7호선,2712,도봉산,710,,20250619,7호선,3763,석남,761,N,7호선,7179,3761,부평구청,759,N,12:58:00,12:58:30,,7150,상행,2025-05-01T05:00:00,,주말
7호선,2712,도봉산,710,,20250619,7호선,3763,석남,761,N,7호선,7179,3760,굴포천,758,N,12:59:50,13:00:20,,7150,상행,2025-05-01T05:00:00,,주말
7호선,2712,도봉산,710,,20250619,7호선,3763,석남,761,N,7호선,7179,3759,삼산체육관,757,N,13:01:30,13:02:00,,7150,상행,2025-05-01T05:00:00,,주말
7호선,2712,도봉산,710,,20250619,7호선,3763,석남,761,N,7호선,7179,3758,상동,756,N,13:03:20,13:03:50,,7150,상행,2025-05-01T05:00:00,,주말
7호선,2712,도봉산,710,,20250619,7호선,3763,석남,761,N,7호선,7179,3757,부천시청,755,N,13:05:00,13:05:30,,7150,상행,2025-05-01T05:00:00,,주말
7호선,2712,도봉산,710,,20250619,7호선,3763,석남,761,N,7호선,7179,3756,신중동,754,N,13:06:50,13:07:20,,7150,상행,2025-05-01T05:00:00,,주말
7호선,2712,도봉산,710,,20250619,7호선,3763,석남,761,N,7호선,7179,3755,춘의,753,N,13:08:40,13:09:10,,7150,상행,2025-05-01T05:00:00,,주말
7호선,2712,도봉산,710,,20250619,7호선,3763,석남,761,N,7호선,7179,3754,부천종합운동장,752,N,13:10:30,13:11:00,,7150,상행,2025-05-01T05:00:00,,주말
7호선,2712,도봉산,710,,20250619,7호선,3763,석남,761,N,7호선,7179,3753,까치울,751,N,13:12:30,13:13:00,,7150,상행,2025-05-01T05:00:00,,주말
7호선,2712,도봉산,710,,20250619,7호선,3763,석남,761,N,7호선,7179,2752,온수,750,N,13:15:30,13:16:00,,7150,상행,2025-05-01T05:00:00,,주말
7호선,2712,도봉산,710,,20250619,7호선,3763,석남,761,N,7호선,7179,2751,천왕,749,N,13:18:20,13:18:40,,7150,상행,2025-05-01T05:00:00,,주말
7호선,2712,도봉산,710,,20250619,7호선,3763,석남,761,N,7호선,7179,2750,광명사거리,748,N,13:20:40,13:21:10,,7150,상행,2025-05-01T05:00:00,,주말
7호선,2712,도봉산,710,,20250619,7호선,3763,석남,761,N,7호선,7179,2749,철산,747,N,13:23:00,13:23:30,,7150,상행,2025-05-01T05:00:00,,주말
7호선,2712,도봉산,710,,20250619,7호선,3763,석남,761,N,7호선,7179,2748,가산디지털단지,746,N,13:25:30,13:26:00,,7150,상행,2025-05-01T05:00:00,,주말
7호선,2712,도봉산,710,,20250619,7호선,3763,석남,761,N,7호선,7179,2747,남구로,745,N,13:27:20,13:27:50,,7150,상행,2025-05-01T05:00:00,,주말
7호선,2712,도봉산,710,,20250619,7호선,3763,석남,761,N,7호선,7179,2746,대림,744,N,13:29:20,13:29:50,,7150,상행,2025-05-01T05:00:00,,주말
7호선,2712,도봉산,710,,20250619,7호선,3763,석남,761,N,7호선,7179,2745,신풍,743,N,13:31:50,13:32:20,,7150,상행,2025-05-01T05:00:00,,주말
7호선,2712,도봉산,710,,20250619,7호선,3763,석남,761,N,7호선,7179,2744,보라매,742,N,13:33:40,13:34:10,,7150,상행,2025-05-01T05:00:00,,주말
7호선,2712,도봉산,710,,20250619,7호선,3763,석남,761,N,7호선,7179,2743,신대방삼거리,741,N,13:35:20,13:35:50,,7150,상행,2025-05-01T05:00:00,,주말
7호선,2712,도봉산,710,,20250619,7호선,3763,석남,761,N,7호선,7179,2742,장승배기,740,N,13:37:40,13:38:10,,7150,상행,2025-05-01T05:00:00,,주말
7호선,2712,도봉산,710,,20250619,7호선,3763,석남,761,N,7호선,7179,2741,상도,739,N,13:39:40,13:40:10,,7150,상행,2025-05-01T05:00:00,,주말
7호선,2712,도봉산,710,,20250619,7호선,3763,석남,761,N,7호선,7179,2740,숭실대입구,738,N,13:41:20,13:41:50,,7150,상행,2025-05-01T05:00:00,,주말
7호선,2712,도봉산,710,,20250619,7호선,3763,석남,761,N,7호선,7179,2739,남성,737,N,13:44:20,13:44:50,,7150,상행,2025-05-01T05:00:00,,주말
7호선,2712,도봉산,710,,20250619,7호선,3763,석남,761,N,7호선,7179,2738,이수,736,N,13:46:10,13:46:50,,7150,상행,2025-05-01T05:00:00,,주말
7호선,2712,도봉산,710,,20250619,7호선,3763,석남,761,N,7호선,7179,2737,내방,735,N,13:48:20,13:48:50,,7150,상행,2025-05-01T05:00:00,,주말
7호선,2712,도봉산,710,,20250619,7호선,3763,석남,761,N,7호선,7179,2736,고속터미널,734,N,13:51:20,13:52:00,,7150,상행,2025-05-01T05:00:00,,주말
7호선,2712,도봉산,710,,20250619,7호선,3763,석남,761,N,7호선,7179,2735,반포,733,N,13:53:30,13:53:50,,7150,상행,2025-05-01T05:00:00,,주말
7호선,2712,도봉산,710,,20250619,7호선,3763,석남,761,N,7호선,7179,2734,논현,732,N,13:55:00,13:55:30,,7150,상행,2025-05-01T05:00:00,,주말
7호선,2712,도봉산,710,,20250619,7호선,3763,석남,761,N,7호선,7179,2733,학동,731,N,13:56:50,13:57:20,,7150,상행,2025-05-01T05:00:00,,주말
7호선,2712,도봉산,710,,20250619,7호선,3763,석남,761,N,7호선,7179,2732,강남구청,730,N,13:58:30,13:59:00,,7150,상행,2025-05-01T05:00:00,,주말
7호선,2712,도봉산,710,,20250619,7호선,3763,석남,761,N,7호선,7179,2731,청담,729,N,14:00:30,14:01:00,,7150,상행,2025-05-01T05:00:00,,주말
7호선,2712,도봉산,710,,20250619,7호선,3763,석남,761,N,7호선,7179,2730,자양,728,N,14:03:30,14:03:50,,7150,상행,2025-05-01T05:00:00,,주말
7호선,2712,도봉산,710,,20250619,7호선,3763,석남,761,N,7호선,7179,2729,건대입구,727,N,14:05:20,14:06:00,,7150,상행,2025-05-01T05:00:00,,주말
7호선,2712,도봉산,710,,20250619,7호선,3763,석남,761,N,7호선,7179,2728,어린이대공원,726,N,14:07:20,14:07:50,,7150,상행,2025-05-01T05:00:00,,주말
7호선,2712,도봉산,710,,20250619,7호선,3763,석남,761,N,7호선,7179,2727,군자,725,N,14:09:10,14:09:50,,7150,상행,2025-05-01T05:00:00,,주말
7호선,2712,도봉산,710,,20250619,7호선,3763,석남,761,N,7호선,7179,2726,중곡,724,N,14:11:10,14:11:40,,7150,상행,2025-05-01T05:00:00,,주말
7호선,2712,도봉산,710,,20250619,7호선,3763,석남,761,N,7호선,7179,2725,용마산,723,N,14:13:00,14:13:20,,7150,상행,2025-05-01T05:00:00,,주말
7호선,2712,도봉산,710,,20250619,7호선,3763,석남,761,N,7호선,7179,2724,사가정,722,N,14:14:30,14:15:00,,7150,상행,2025-05-01T05:00:00,,주말
7호선,2712,도봉산,710,,20250619,7호선,3763,석남,761,N,7호선,7179,2723,면목,721,N,14:16:10,14:16:40,,7150,상행,2025-05-01T05:00:00,,주말
7호선,2712,도봉산,710,,20250619,7호선,3763,석남,761,N,7호선,7179,2722,상봉,720,N,14:17:50,14:18:20,,7150,상행,2025-05-01T05:00:00,,주말
7호선,2712,도봉산,710,,20250619,7호선,3763,석남,761,N,7호선,7179,2721,중화,719,N,14:20:10,14:20:40,,7150,상행,2025-05-01T05:00:00,,주말
7호선,2712,도봉산,710,,20250619,7호선,3763,석남,761,N,7호선,7179,2720,먹골,718,N,14:22:00,14:22:30,,7150,상행,2025-05-01T05:00:00,,주말
7호선,2712,도봉산,710,,20250619,7호선,3763,석남,761,N,7호선,7179,2719,태릉입구,717,N,14:23:40,14:24:10,,7150,상행,2025-05-01T05:00:00,,주말
7호선,2712,도봉산,710,,20250619,7호선,3763,석남,761,N,7호선,7179,2718,공릉,716,N,14:25:10,14:25:40,,7150,상행,2025-05-01T05:00:00,,주말
7호선,2712,도봉산,710,,20250619,7호선,3763,석남,761,N,7호선,7179,2717,하계,715,N,14:27:10,14:27:40,,7150,상행,2025-05-01T05:00:00,,주말
7호선,2712,도봉산,710,,20250619,7호선,3763,석남,761,N,7호선,7179,2716,중계,714,N,14:28:50,14:29:20,,7150,상행,2025-05-01T05:00:00,,주말
7호선,2712,도봉산,710,,20250619,7호선,3763,석남,761,N,7호선,7179,2715,노원,713,N,14:30:40,14:31:10,,7150,상행,2025-05-01T05:00:00,,주말
7호선,2712,도봉산,710,,20250619,7호선,3763,석남,761,N,7호선,7179,2714,마들,712,N,14:32:40,14:33:10,,7150,상행,2025-05-01T05:00:00,,주말
7호선,2712,도봉산,710,,20250619,7호선,3763,석남,761,N,7호선,7179,2713,수락산,711,N,14:35:10,14:35:40,,7150,상행,2025-05-01T05:00:00,,주말
7호선,2712,도봉산,710,,20250619,7호선,3763,석남,761,N,7호선,7179,2712,도봉산,710,N,14:38:00,,,7150,상행,2025-05-01T05:00:00,,주말
7호선,2711,장암,709,,20250619,7호선,2752,온수,750,N,7호선,7185,2752,온수,750,N,,13:22:30,,7152,상행,2025-05-01T05:00:00,,주말
7호선,2711,장암,709,,20250619,7호선,2752,온수,750,N,7호선,7185,2751,천왕,749,N,13:24:50,13:25:10,,7152,상행,2025-05-01T05:00:00,,주말
7호선,2711,장암,709,,20250619,7호선,2752,온수,750,N,7호선,7185,2750,광명사거리,748,N,13:27:10,13:27:40,,7152,상행,2025-05-01T05:00:00,,주말
7호선,2711,장암,709,,20250619,7호선,2752,온수,750,N,7호선,7185,2749,철산,747,N,13:29:30,13:30:00,,7152,상행,2025-05-01T05:00:00,,주말
7호선,2711,장암,709,,20250619,7호선,2752,온수,750,N,7호선,7185,2748,가산디지털단지,746,N,13:32:00,13:32:30,,7152,상행,2025-05-01T05:00:00,,주말
7호선,2711,장암,709,,20250619,7호선,2752,온수,750,N,7호선,7185,2747,남구로,745,N,13:33:50,13:34:20,,7152,상행,2025-05-01T05:00:00,,주말
7호선,2711,장암,709,,20250619,7호선,2752,온수,750,N,7호선,7185,2746,대림,744,N,13:35:50,13:36:20,,7152,상행,2025-05-01T05:00:00,,주말
7호선,2711,장암,709,,20250619,7호선,2752,온수,750,N,7호선,7185,2745,신풍,743,N,13:38:20,13:38:50,,7152,상행,2025-05-01T05:00:00,,주말
7호선,2711,장암,709,,20250619,7호선,2752,온수,750,N,7호선,7185,2744,보라매,742,N,13:40:10,13:40:40,,7152,상행,2025-05-01T05:00:00,,주말
7호선,2711,장암,709,,20250619,7호선,2752,온수,750,N,7호선,7185,2743,신대방삼거리,741,N,13:41:50,13:42:20,,7152,상행,2025-05-01T05:00:00,,주말
7호선,2711,장암,709,,20250619,7호선,2752,온수,750,N,7호선,7185,2742,장승배기,740,N,13:44:10,13:44:40,,7152,상행,2025-05-01T05:00:00,,주말
7호선,2711,장암,709,,20250619,7호선,2752,온수,750,N,7호선,7185,2741,상도,739,N,13:46:10,13:46:40,,7152,상행,2025-05-01T05:00:00,,주말
7호선,2711,장암,709,,20250619,7호선,2752,온수,750,N,7호선,7185,2740,숭실대입구,738,N,13:47:50,13:48:20,,7152,상행,2025-05-01T05:00:00,,주말
7호선,2711,장암,709,,20250619,7호선,2752,온수,750,N,7호선,7185,2739,남성,737,N,13:50:50,13:51:20,,7152,상행,2025-05-01T05:00:00,,주말
7호선,2711,장암,709,,20250619,7호선,2752,온수,750,N,7호선,7185,2738,이수,736,N,13:52:40,13:53:20,,7152,상행,2025-05-01T05:00:00,,주말
7호선,2711,장암,709,,20250619,7호선,2752,온수,750,N,7호선,7185,2737,내방,735,N,13:54:50,13:55:20,,7152,상행,2025-05-01T05:00:00,,주말
7호선,2711,장암,709,,20250619,7호선,2752,온수,750,N,7호선,7185,2736,고속터미널,734,N,13:57:50,13:58:30,,7152,상행,2025-05-01T05:00:00,,주말
7호선,2711,장암,709,,20250619,7호선,2752,온수,750,N,7호선,7185,2735,반포,733,N,14:00:00,14:00:20,,7152,상행,2025-05-01T05:00:00,,주말
7호선,2711,장암,709,,20250619,7호선,2752,온수,750,N,7호선,7185,2734,논현,732,N,14:01:30,14:02:00,,7152,상행,2025-05-01T05:00:00,,주말
7호선,2711,장암,709,,20250619,7호선,2752,온수,750,N,7호선,7185,2733,학동,731,N,14:03:20,14:03:50,,7152,상행,2025-05-01T05:00:00,,주말
7호선,2711,장암,709,,20250619,7호선,2752,온수,750,N,7호선,7185,2732,강남구청,730,N,14:05:00,14:05:30,,7152,상행,2025-05-01T05:00:00,,주말
7호선,2711,장암,709,,20250619,7호선,2752,온수,750,N,7호선,7185,2731,청담,729,N,14:07:00,14:07:30,,7152,상행,2025-05-01T05:00:00,,주말
7호선,2711,장암,709,,20250619,7호선,2752,온수,750,N,7호선,7185,2730,자양,728,N,14:10:00,14:10:20,,7152,상행,2025-05-01T05:00:00,,주말
7호선,2711,장암,709,,20250619,7호선,2752,온수,750,N,7호선,7185,2729,건대입구,727,N,14:11:50,14:12:30,,7152,상행,2025-05-01T05:00:00,,주말
7호선,2711,장암,709,,20250619,7호선,2752,온수,750,N,7호선,7185,2728,어린이대공원,726,N,14:13:50,14:14:20,,7152,상행,2025-05-01T05:00:00,,주말
7호선,2711,장암,709,,20250619,7호선,2752,온수,750,N,7호선,7185,2727,군자,725,N,14:15:40,14:16:20,,7152,상행,2025-05-01T05:00:00,,주말
7호선,2711,장암,709,,20250619,7호선,2752,온수,750,N,7호선,7185,2726,중곡,724,N,14:17:40,14:18:10,,7152,상행,2025-05-01T05:00:00,,주말
7호선,2711,장암,709,,20250619,7호선,2752,온수,750,N,7호선,7185,2725,용마산,723,N,14:19:30,14:19:50,,7152,상행,2025-05-01T05:00:00,,주말
7호선,2711,장암,709,,20250619,7호선,2752,온수,750,N,7호선,7185,2724,사가정,722,N,14:21:00,14:21:30,,7152,상행,2025-05-01T05:00:00,,주말
7호선,2711,장암,709,,20250619,7호선,2752,온수,750,N,7호선,7185,2723,면목,721,N,14:22:40,14:23:10,,7152,상행,2025-05-01T05:00:00,,주말
7호선,2711,장암,709,,20250619,7호선,2752,온수,750,N,7호선,7185,2722,상봉,720,N,14:24:20,14:24:50,,7152,상행,2025-05-01T05:00:00,,주말
7호선,2711,장암,709,,20250619,7호선,2752,온수,750,N,7호선,7185,2721,중화,719,N,14:26:40,14:27:10,,7152,상행,2025-05-01T05:00:00,,주말
7호선,2711,장암,709,,20250619,7호선,2752,온수,750,N,7호선,7185,2720,먹골,718,N,14:28:30,14:29:00,,7152,상행,2025-05-01T05:00:00,,주말
7호선,2711,장암,709,,20250619,7호선,2752,온수,750,N,7호선,7185,2719,태릉입구,717,N,14:30:10,14:30:40,,7152,상행,2025-05-01T05:00:00,,주말
7호선,2711,장암,709,,20250619,7호선,2752,온수,750,N,7호선,7185,2718,공릉,716,N,14:31:40,14:32:10,,7152,상행,2025-05-01T05:00:00,,주말
7호선,2711,장암,709,,20250619,7호선,2752,온수,750,N,7호선,7185,2717,하계,715,N,14:33:40,14:34:10,,7152,상행,2025-05-01T05:00:00,,주말
7호선,2711,장암,709,,20250619,7호선,2752,온수,750,N,7호선,7185,2716,중계,714,N,14:35:20,14:35:50,,7152,상행,2025-05-01T05:00:00,,주말
7호선,2711,장암,709,,20250619,7호선,2752,온수,750,N,7호선,7185,2715,노원,713,N,14:37:10,14:37:40,,7152,상행,2025-05-01T05:00:00,,주말
7호선,2711,장암,709,,20250619,7호선,2752,온수,750,N,7호선,7185,2714,마들,712,N,14:39:10,14:39:40,,7152,상행,2025-05-01T05:00:00,,주말
7호선,2711,장암,709,,20250619,7호선,2752,온수,750,N,7호선,7185,2713,수락산,711,N,14:41:40,14:42:10,,7152,상행,2025-05-01T05:00:00,,주말
7호선,2711,장암,709,,20250619,7호선,2752,온수,750,N,7호선,7185,2712,도봉산,710,N,14:44:30,14:45:00,,7152,상행,2025-05-01T05:00:00,,주말
7호선,2711,장암,709,,20250619,7호선,2752,온수,750,N,7호선,7185,2711,장암,709,N,14:49:30,,,7152,상행,2025-05-01T05:00:00,,주말
7호선,2712,도봉산,710,,20250619,7호선,3763,석남,761,N,7호선,7183,3763,석남,761,N,,13:05:30,,7154,상행,2025-05-01T05:00:00,,주말
7호선,2712,도봉산,710,,20250619,7호선,3763,석남,761,N,7호선,7183,3762,산곡,760,N,13:08:30,13:09:00,,7154,상행,2025-05-01T05:00:00,,주말
7호선,2712,도봉산,710,,20250619,7호선,3763,석남,761,N,7호선,7183,3761,부평구청,759,N,13:11:00,13:11:30,,7154,상행,2025-05-01T05:00:00,,주말
7호선,2712,도봉산,710,,20250619,7호선,3763,석남,761,N,7호선,7183,3760,굴포천,758,N,13:12:50,13:13:20,,7154,상행,2025-05-01T05:00:00,,주말
7호선,2712,도봉산,710,,20250619,7호선,3763,석남,761,N,7호선,7183,3759,삼산체육관,757,N,13:14:30,13:15:00,,7154,상행,2025-05-01T05:00:00,,주말
7호선,2712,도봉산,710,,20250619,7호선,3763,석남,761,N,7호선,7183,3758,상동,756,N,13:16:20,13:16:50,,7154,상행,2025-05-01T05:00:00,,주말
7호선,2712,도봉산,710,,20250619,7호선,3763,석남,761,N,7호선,7183,3757,부천시청,755,N,13:18:00,13:18:30,,7154,상행,2025-05-01T05:00:00,,주말
7호선,2712,도봉산,710,,20250619,7호선,3763,석남,761,N,7호선,7183,3756,신중동,754,N,13:19:50,13:20:20,,7154,상행,2025-05-01T05:00:00,,주말
7호선,2712,도봉산,710,,20250619,7호선,3763,석남,761,N,7호선,7183,3755,춘의,753,N,13:21:40,13:22:10,,7154,상행,2025-05-01T05:00:00,,주말
7호선,2712,도봉산,710,,20250619,7호선,3763,석남,761,N,7호선,7183,3754,부천종합운동장,752,N,13:23:30,13:24:00,,7154,상행,2025-05-01T05:00:00,,주말
7호선,2712,도봉산,710,,20250619,7호선,3763,석남,761,N,7호선,7183,3753,까치울,751,N,13:25:30,13:26:00,,7154,상행,2025-05-01T05:00:00,,주말
7호선,2712,도봉산,710,,20250619,7호선,3763,석남,761,N,7호선,7183,2752,온수,750,N,13:28:30,13:29:00,,7154,상행,2025-05-01T05:00:00,,주말
7호선,2712,도봉산,710,,20250619,7호선,3763,석남,761,N,7호선,7183,2751,천왕,749,N,13:31:20,13:31:40,,7154,상행,2025-05-01T05:00:00,,주말
7호선,2712,도봉산,710,,20250619,7호선,3763,석남,761,N,7호선,7183,2750,광명사거리,748,N,13:33:40,13:34:10,,7154,상행,2025-05-01T05:00:00,,주말
7호선,2712,도봉산,710,,20250619,7호선,3763,석남,761,N,7호선,7183,2749,철산,747,N,13:36:00,13:36:30,,7154,상행,2025-05-01T05:00:00,,주말
7호선,2712,도봉산,710,,20250619,7호선,3763,석남,761,N,7호선,7183,2748,가산디지털단지,746,N,13:38:30,13:39:00,,7154,상행,2025-05-01T05:00:00,,주말
7호선,2712,도봉산,710,,20250619,7호선,3763,석남,761,N,7호선,7183,2747,남구로,745,N,13:40:20,13:40:50,,7154,상행,2025-05-01T05:00:00,,주말
7호선,2712,도봉산,710,,20250619,7호선,3763,석남,761,N,7호선,7183,2746,대림,744,N,13:42:20,13:42:50,,7154,상행,2025-05-01T05:00:00,,주말
7호선,2712,도봉산,710,,20250619,7호선,3763,석남,761,N,7호선,7183,2745,신풍,743,N,13:44:50,13:45:20,,7154,상행,2025-05-01T05:00:00,,주말
7호선,2712,도봉산,710,,20250619,7호선,3763,석남,761,N,7호선,7183,2744,보라매,742,N,13:46:40,13:47:10,,7154,상행,2025-05-01T05:00:00,,주말
7호선,2712,도봉산,710,,20250619,7호선,3763,석남,761,N,7호선,7183,2743,신대방삼거리,741,N,13:48:20,13:48:50,,7154,상행,2025-05-01T05:00:00,,주말
7호선,2712,도봉산,710,,20250619,7호선,3763,석남,761,N,7호선,7183,2742,장승배기,740,N,13:50:40,13:51:10,,7154,상행,2025-05-01T05:00:00,,주말
7호선,2712,도봉산,710,,20250619,7호선,3763,석남,761,N,7호선,7183,2741,상도,739,N,13:52:40,13:53:10,,7154,상행,2025-05-01T05:00:00,,주말
7호선,2712,도봉산,710,,20250619,7호선,3763,석남,761,N,7호선,7183,2740,숭실대입구,738,N,13:54:20,13:54:50,,7154,상행,2025-05-01T05:00:00,,주말
7호선,2712,도봉산,710,,20250619,7호선,3763,석남,761,N,7호선,7183,2739,남성,737,N,13:57:20,13:57:50,,7154,상행,2025-05-01T05:00:00,,주말
7호선,2712,도봉산,710,,20250619,7호선,3763,석남,761,N,7호선,7183,2738,이수,736,N,13:59:10,13:59:50,,7154,상행,2025-05-01T05:00:00,,주말
7호선,2712,도봉산,710,,20250619,7호선,3763,석남,761,N,7호선,7183,2737,내방,735,N,14:01:20,14:01:50,,7154,상행,2025-05-01T05:00:00,,주말
7호선,2712,도봉산,710,,20250619,7호선,3763,석남,761,N,7호선,7183,2736,고속터미널,734,N,14:04:20,14:05:00,,7154,상행,2025-05-01T05:00:00,,주말
7호선,2712,도봉산,710,,20250619,7호선,3763,석남,761,N,7호선,7183,2735,반포,733,N,14:06:30,14:06:50,,7154,상행,2025-05-01T05:00:00,,주말
7호선,2712,도봉산,710,,20250619,7호선,3763,석남,761,N,7호선,7183,2734,논현,732,N,14:08:00,14:08:30,,7154,상행,2025-05-01T05:00:00,,주말
7호선,2712,도봉산,710,,20250619,7호선,3763,석남,761,N,7호선,7183,2733,학동,731,N,14:09:50,14:10:20,,7154,상행,2025-05-01T05:00:00,,주말
7호선,2712,도봉산,710,,20250619,7호선,3763,석남,761,N,7호선,7183,2732,강남구청,730,N,14:11:30,14:12:00,,7154,상행,2025-05-01T05:00:00,,주말
7호선,2712,도봉산,710,,20250619,7호선,3763,석남,761,N,7호선,7183,2731,청담,729,N,14:13:30,14:14:00,,7154,상행,2025-05-01T05:00:00,,주말
7호선,2712,도봉산,710,,20250619,7호선,3763,석남,761,N,7호선,7183,2730,자양,728,N,14:16:30,14:16:50,,7154,상행,2025-05-01T05:00:00,,주말
7호선,2712,도봉산,710,,20250619,7호선,3763,석남,761,N,7호선,7183,2729,건대입구,727,N,14:18:20,14:19:00,,7154,상행,2025-05-01T05:00:00,,주말
7호선,2712,도봉산,710,,20250619,7호선,3763,석남,761,N,7호선,7183,2728,어린이대공원,726,N,14:20:20,14:20:50,,7154,상행,2025-05-01T05:00:00,,주말
7호선,2712,도봉산,710,,20250619,7호선,3763,석남,761,N,7호선,7183,2727,군자,725,N,14:22:10,14:22:50,,7154,상행,2025-05-01T05:00:00,,주말
7호선,2712,도봉산,710,,20250619,7호선,3763,석남,761,N,7호선,7183,2726,중곡,724,N,14:24:10,14:24:40,,7154,상행,2025-05-01T05:00:00,,주말
7호선,2712,도봉산,710,,20250619,7호선,3763,석남,761,N,7호선,7183,2725,용마산,723,N,14:26:00,14:26:20,,7154,상행,2025-05-01T05:00:00,,주말
7호선,2712,도봉산,710,,20250619,7호선,3763,석남,761,N,7호선,7183,2724,사가정,722,N,14:27:30,14:28:00,,7154,상행,2025-05-01T05:00:00,,주말
7호선,2712,도봉산,710,,20250619,7호선,3763,석남,761,N,7호선,7183,2723,면목,721,N,14:29:10,14:29:40,,7154,상행,2025-05-01T05:00:00,,주말
7호선,2712,도봉산,710,,20250619,7호선,3763,석남,761,N,7호선,7183,2722,상봉,720,N,14:30:50,14:31:20,,7154,상행,2025-05-01T05:00:00,,주말
7호선,2712,도봉산,710,,20250619,7호선,3763,석남,761,N,7호선,7183,2721,중화,719,N,14:33:10,14:33:40,,7154,상행,2025-05-01T05:00:00,,주말
7호선,2712,도봉산,710,,20250619,7호선,3763,석남,761,N,7호선,7183,2720,먹골,718,N,14:35:00,14:35:30,,7154,상행,2025-05-01T05:00:00,,주말
7호선,2712,도봉산,710,,20250619,7호선,3763,석남,761,N,7호선,7183,2719,태릉입구,717,N,14:36:40,14:37:10,,7154,상행,2025-05-01T05:00:00,,주말
7호선,2712,도봉산,710,,20250619,7호선,3763,석남,761,N,7호선,7183,2718,공릉,716,N,14:38:10,14:38:40,,7154,상행,2025-05-01T05:00:00,,주말
7호선,2712,도봉산,710,,20250619,7호선,3763,석남,761,N,7호선,7183,2717,하계,715,N,14:40:10,14:40:40,,7154,상행,2025-05-01T05:00:00,,주말
7호선,2712,도봉산,710,,20250619,7호선,3763,석남,761,N,7호선,7183,2716,중계,714,N,14:41:50,14:42:20,,7154,상행,2025-05-01T05:00:00,,주말
7호선,2712,도봉산,710,,20250619,7호선,3763,석남,761,N,7호선,7183,2715,노원,713,N,14:43:40,14:44:10,,7154,상행,2025-05-01T05:00:00,,주말
7호선,2712,도봉산,710,,20250619,7호선,3763,석남,761,N,7호선,7183,2714,마들,712,N,14:45:40,14:46:10,,7154,상행,2025-05-01T05:00:00,,주말
7호선,2712,도봉산,710,,20250619,7호선,3763,석남,761,N,7호선,7183,2713,수락산,711,N,14:48:10,14:48:40,,7154,상행,2025-05-01T05:00:00,,주말
7호선,2712,도봉산,710,,20250619,7호선,3763,석남,761,N,7호선,7183,2712,도봉산,710,N,14:51:00,,,7154,상행,2025-05-01T05:00:00,,주말
7호선,2711,장암,709,,20250619,7호선,2752,온수,750,N,7호선,7189,2752,온수,750,N,,13:35:30,,7156,상행,2025-05-01T05:00:00,,주말
7호선,2711,장암,709,,20250619,7호선,2752,온수,750,N,7호선,7189,2751,천왕,749,N,13:37:50,13:38:10,,7156,상행,2025-05-01T05:00:00,,주말
7호선,2711,장암,709,,20250619,7호선,2752,온수,750,N,7호선,7189,2750,광명사거리,748,N,13:40:10,13:40:40,,7156,상행,2025-05-01T05:00:00,,주말
7호선,2711,장암,709,,20250619,7호선,2752,온수,750,N,7호선,7189,2749,철산,747,N,13:42:30,13:43:00,,7156,상행,2025-05-01T05:00:00,,주말
7호선,2711,장암,709,,20250619,7호선,2752,온수,750,N,7호선,7189,2748,가산디지털단지,746,N,13:45:00,13:45:30,,7156,상행,2025-05-01T05:00:00,,주말
7호선,2711,장암,709,,20250619,7호선,2752,온수,750,N,7호선,7189,2747,남구로,745,N,13:46:50,13:47:20,,7156,상행,2025-05-01T05:00:00,,주말
7호선,2711,장암,709,,20250619,7호선,2752,온수,750,N,7호선,7189,2746,대림,744,N,13:48:50,13:49:20,,7156,상행,2025-05-01T05:00:00,,주말
7호선,2711,장암,709,,20250619,7호선,2752,온수,750,N,7호선,7189,2745,신풍,743,N,13:51:20,13:51:50,,7156,상행,2025-05-01T05:00:00,,주말
7호선,2711,장암,709,,20250619,7호선,2752,온수,750,N,7호선,7189,2744,보라매,742,N,13:53:10,13:53:40,,7156,상행,2025-05-01T05:00:00,,주말
7호선,2711,장암,709,,20250619,7호선,2752,온수,750,N,7호선,7189,2743,신대방삼거리,741,N,13:54:50,13:55:20,,7156,상행,2025-05-01T05:00:00,,주말
7호선,2711,장암,709,,20250619,7호선,2752,온수,750,N,7호선,7189,2742,장승배기,740,N,13:57:10,13:57:40,,7156,상행,2025-05-01T05:00:00,,주말
7호선,2711,장암,709,,20250619,7호선,2752,온수,750,N,7호선,7189,2741,상도,739,N,13:59:10,13:59:40,,7156,상행,2025-05-01T05:00:00,,주말
7호선,2711,장암,709,,20250619,7호선,2752,온수,750,N,7호선,7189,2740,숭실대입구,738,N,14:00:50,14:01:20,,7156,상행,2025-05-01T05:00:00,,주말
7호선,2711,장암,709,,20250619,7호선,2752,온수,750,N,7호선,7189,2739,남성,737,N,14:03:50,14:04:20,,7156,상행,2025-05-01T05:00:00,,주말
7호선,2711,장암,709,,20250619,7호선,2752,온수,750,N,7호선,7189,2738,이수,736,N,14:05:40,14:06:20,,7156,상행,2025-05-01T05:00:00,,주말
7호선,2711,장암,709,,20250619,7호선,2752,온수,750,N,7호선,7189,2737,내방,735,N,14:07:50,14:08:20,,7156,상행,2025-05-01T05:00:00,,주말
7호선,2711,장암,709,,20250619,7호선,2752,온수,750,N,7호선,7189,2736,고속터미널,734,N,14:10:50,14:11:30,,7156,상행,2025-05-01T05:00:00,,주말
7호선,2711,장암,709,,20250619,7호선,2752,온수,750,N,7호선,7189,2735,반포,733,N,14:13:00,14:13:20,,7156,상행,2025-05-01T05:00:00,,주말
7호선,2711,장암,709,,20250619,7호선,2752,온수,750,N,7호선,7189,2734,논현,732,N,14:14:30,14:15:00,,7156,상행,2025-05-01T05:00:00,,주말
7호선,2711,장암,709,,20250619,7호선,2752,온수,750,N,7호선,7189,2733,학동,731,N,14:16:20,14:16:50,,7156,상행,2025-05-01T05:00:00,,주말
7호선,2711,장암,709,,20250619,7호선,2752,온수,750,N,7호선,7189,2732,강남구청,730,N,14:18:00,14:18:30,,7156,상행,2025-05-01T05:00:00,,주말
7호선,2711,장암,709,,20250619,7호선,2752,온수,750,N,7호선,7189,2731,청담,729,N,14:20:00,14:20:30,,7156,상행,2025-05-01T05:00:00,,주말
7호선,2711,장암,709,,20250619,7호선,2752,온수,750,N,7호선,7189,2730,자양,728,N,14:23:00,14:23:20,,7156,상행,2025-05-01T05:00:00,,주말
7호선,2711,장암,709,,20250619,7호선,2752,온수,750,N,7호선,7189,2729,건대입구,727,N,14:24:50,14:25:30,,7156,상행,2025-05-01T05:00:00,,주말
7호선,2711,장암,709,,20250619,7호선,2752,온수,750,N,7호선,7189,2728,어린이대공원,726,N,14:26:50,14:27:20,,7156,상행,2025-05-01T05:00:00,,주말
7호선,2711,장암,709,,20250619,7호선,2752,온수,750,N,7호선,7189,2727,군자,725,N,14:28:40,14:29:20,,7156,상행,2025-05-01T05:00:00,,주말
7호선,2711,장암,709,,20250619,7호선,2752,온수,750,N,7호선,7189,2726,중곡,724,N,14:30:40,14:31:10,,7156,상행,2025-05-01T05:00:00,,주말
7호선,2711,장암,709,,20250619,7호선,2752,온수,750,N,7호선,7189,2725,용마산,723,N,14:32:30,14:32:50,,7156,상행,2025-05-01T05:00:00,,주말
7호선,2711,장암,709,,20250619,7호선,2752,온수,750,N,7호선,7189,2724,사가정,722,N,14:34:00,14:34:30,,7156,상행,2025-05-01T05:00:00,,주말
7호선,2711,장암,709,,20250619,7호선,2752,온수,750,N,7호선,7189,2723,면목,721,N,14:35:40,14:36:10,,7156,상행,2025-05-01T05:00:00,,주말
7호선,2711,장암,709,,20250619,7호선,2752,온수,750,N,7호선,7189,2722,상봉,720,N,14:37:20,14:37:50,,7156,상행,2025-05-01T05:00:00,,주말
7호선,2711,장암,709,,20250619,7호선,2752,온수,750,N,7호선,7189,2721,중화,719,N,14:39:40,14:40:10,,7156,상행,2025-05-01T05:00:00,,주말
7호선,2711,장암,709,,20250619,7호선,2752,온수,750,N,7호선,7189,2720,먹골,718,N,14:41:30,14:42:00,,7156,상행,2025-05-01T05:00:00,,주말
7호선,2711,장암,709,,20250619,7호선,2752,온수,750,N,7호선,7189,2719,태릉입구,717,N,14:43:10,14:43:40,,7156,상행,2025-05-01T05:00:00,,주말
7호선,2711,장암,709,,20250619,7호선,2752,온수,750,N,7호선,7189,2718,공릉,716,N,14:44:40,14:45:10,,7156,상행,2025-05-01T05:00:00,,주말
7호선,2711,장암,709,,20250619,7호선,2752,온수,750,N,7호선,7189,2717,하계,715,N,14:46:40,14:47:10,,7156,상행,2025-05-01T05:00:00,,주말
7호선,2711,장암,709,,20250619,7호선,2752,온수,750,N,7호선,7189,2716,중계,714,N,14:48:20,14:48:50,,7156,상행,2025-05-01T05:00:00,,주말
7호선,2711,장암,709,,20250619,7호선,2752,온수,750,N,7호선,7189,2715,노원,713,N,14:50:10,14:50:40,,7156,상행,2025-05-01T05:00:00,,주말
7호선,2711,장암,709,,20250619,7호선,2752,온수,750,N,7호선,7189,2714,마들,712,N,14:52:10,14:52:40,,7156,상행,2025-05-01T05:00:00,,주말
7호선,2711,장암,709,,20250619,7호선,2752,온수,750,N,7호선,7189,2713,수락산,711,N,14:54:40,14:55:10,,7156,상행,2025-05-01T05:00:00,,주말
7호선,2711,장암,709,,20250619,7호선,2752,온수,750,N,7호선,7189,2712,도봉산,710,N,14:57:30,14:58:00,,7156,상행,2025-05-01T05:00:00,,주말
7호선,2711,장암,709,,20250619,7호선,2752,온수,750,N,7호선,7189,2711,장암,709,N,15:02:30,,,7156,상행,2025-05-01T05:00:00,,주말
7호선,2712,도봉산,710,,20250619,7호선,3763,석남,761,N,7호선,7187,3763,석남,761,N,,13:18:30,,7158,상행,2025-05-01T05:00:00,,주말
7호선,2712,도봉산,710,,20250619,7호선,3763,석남,761,N,7호선,7187,3762,산곡,760,N,13:21:30,13:22:00,,7158,상행,2025-05-01T05:00:00,,주말
7호선,2712,도봉산,710,,20250619,7호선,3763,석남,761,N,7호선,7187,3761,부평구청,759,N,13:24:00,13:24:30,,7158,상행,2025-05-01T05:00:00,,주말
7호선,2712,도봉산,710,,20250619,7호선,3763,석남,761,N,7호선,7187,3760,굴포천,758,N,13:25:50,13:26:20,,7158,상행,2025-05-01T05:00:00,,주말
7호선,2712,도봉산,710,,20250619,7호선,3763,석남,761,N,7호선,7187,3759,삼산체육관,757,N,13:27:30,13:28:00,,7158,상행,2025-05-01T05:00:00,,주말
7호선,2712,도봉산,710,,20250619,7호선,3763,석남,761,N,7호선,7187,3758,상동,756,N,13:29:20,13:29:50,,7158,상행,2025-05-01T05:00:00,,주말
7호선,2712,도봉산,710,,20250619,7호선,3763,석남,761,N,7호선,7187,3757,부천시청,755,N,13:31:00,13:31:30,,7158,상행,2025-05-01T05:00:00,,주말
7호선,2712,도봉산,710,,20250619,7호선,3763,석남,761,N,7호선,7187,3756,신중동,754,N,13:32:50,13:33:20,,7158,상행,2025-05-01T05:00:00,,주말
7호선,2712,도봉산,710,,20250619,7호선,3763,석남,761,N,7호선,7187,3755,춘의,753,N,13:34:40,13:35:10,,7158,상행,2025-05-01T05:00:00,,주말
7호선,2712,도봉산,710,,20250619,7호선,3763,석남,761,N,7호선,7187,3754,부천종합운동장,752,N,13:36:30,13:37:00,,7158,상행,2025-05-01T05:00:00,,주말
7호선,2712,도봉산,710,,20250619,7호선,3763,석남,761,N,7호선,7187,3753,까치울,751,N,13:38:30,13:39:00,,7158,상행,2025-05-01T05:00:00,,주말
7호선,2712,도봉산,710,,20250619,7호선,3763,석남,761,N,7호선,7187,2752,온수,750,N,13:41:30,13:42:00,,7158,상행,2025-05-01T05:00:00,,주말
7호선,2712,도봉산,710,,20250619,7호선,3763,석남,761,N,7호선,7187,2751,천왕,749,N,13:44:20,13:44:40,,7158,상행,2025-05-01T05:00:00,,주말
7호선,2712,도봉산,710,,20250619,7호선,3763,석남,761,N,7호선,7187,2750,광명사거리,748,N,13:46:40,13:47:10,,7158,상행,2025-05-01T05:00:00,,주말
7호선,2712,도봉산,710,,20250619,7호선,3763,석남,761,N,7호선,7187,2749,철산,747,N,13:49:00,13:49:30,,7158,상행,2025-05-01T05:00:00,,주말
7호선,2712,도봉산,710,,20250619,7호선,3763,석남,761,N,7호선,7187,2748,가산디지털단지,746,N,13:51:30,13:52:00,,7158,상행,2025-05-01T05:00:00,,주말
7호선,2712,도봉산,710,,20250619,7호선,3763,석남,761,N,7호선,7187,2747,남구로,745,N,13:53:20,13:53:50,,7158,상행,2025-05-01T05:00:00,,주말
7호선,2712,도봉산,710,,20250619,7호선,3763,석남,761,N,7호선,7187,2746,대림,744,N,13:55:20,13:55:50,,7158,상행,2025-05-01T05:00:00,,주말
7호선,2712,도봉산,710,,20250619,7호선,3763,석남,761,N,7호선,7187,2745,신풍,743,N,13:57:50,13:58:20,,7158,상행,2025-05-01T05:00:00,,주말
7호선,2712,도봉산,710,,20250619,7호선,3763,석남,761,N,7호선,7187,2744,보라매,742,N,13:59:40,14:00:10,,7158,상행,2025-05-01T05:00:00,,주말
7호선,2712,도봉산,710,,20250619,7호선,3763,석남,761,N,7호선,7187,2743,신대방삼거리,741,N,14:01:20,14:01:50,,7158,상행,2025-05-01T05:00:00,,주말
7호선,2712,도봉산,710,,20250619,7호선,3763,석남,761,N,7호선,7187,2742,장승배기,740,N,14:03:40,14:04:10,,7158,상행,2025-05-01T05:00:00,,주말
7호선,2712,도봉산,710,,20250619,7호선,3763,석남,761,N,7호선,7187,2741,상도,739,N,14:05:40,14:06:10,,7158,상행,2025-05-01T05:00:00,,주말
7호선,2712,도봉산,710,,20250619,7호선,3763,석남,761,N,7호선,7187,2740,숭실대입구,738,N,14:07:20,14:07:50,,7158,상행,2025-05-01T05:00:00,,주말
7호선,2712,도봉산,710,,20250619,7호선,3763,석남,761,N,7호선,7187,2739,남성,737,N,14:10:20,14:10:50,,7158,상행,2025-05-01T05:00:00,,주말
7호선,2712,도봉산,710,,20250619,7호선,3763,석남,761,N,7호선,7187,2738,이수,736,N,14:12:10,14:12:50,,7158,상행,2025-05-01T05:00:00,,주말
7호선,2712,도봉산,710,,20250619,7호선,3763,석남,761,N,7호선,7187,2737,내방,735,N,14:14:20,14:14:50,,7158,상행,2025-05-01T05:00:00,,주말
7호선,2712,도봉산,710,,20250619,7호선,3763,석남,761,N,7호선,7187,2736,고속터미널,734,N,14:17:20,14:18:00,,7158,상행,2025-05-01T05:00:00,,주말
7호선,2712,도봉산,710,,20250619,7호선,3763,석남,761,N,7호선,7187,2735,반포,733,N,14:19:30,14:19:50,,7158,상행,2025-05-01T05:00:00,,주말
7호선,2712,도봉산,710,,20250619,7호선,3763,석남,761,N,7호선,7187,2734,논현,732,N,14:21:00,14:21:30,,7158,상행,2025-05-01T05:00:00,,주말
7호선,2712,도봉산,710,,20250619,7호선,3763,석남,761,N,7호선,7187,2733,학동,731,N,14:22:50,14:23:20,,7158,상행,2025-05-01T05:00:00,,주말
7호선,2712,도봉산,710,,20250619,7호선,3763,석남,761,N,7호선,7187,2732,강남구청,730,N,14:24:30,14:25:00,,7158,상행,2025-05-01T05:00:00,,주말
7호선,2712,도봉산,710,,20250619,7호선,3763,석남,761,N,7호선,7187,2731,청담,729,N,14:26:30,14:27:00,,7158,상행,2025-05-01T05:00:00,,주말
7호선,2712,도봉산,710,,20250619,7호선,3763,석남,761,N,7호선,7187,2730,자양,728,N,14:29:30,14:29:50,,7158,상행,2025-05-01T05:00:00,,주말
7호선,2712,도봉산,710,,20250619,7호선,3763,석남,761,N,7호선,7187,2729,건대입구,727,N,14:31:20,14:32:00,,7158,상행,2025-05-01T05:00:00,,주말
7호선,2712,도봉산,710,,20250619,7호선,3763,석남,761,N,7호선,7187,2728,어린이대공원,726,N,14:33:20,14:33:50,,7158,상행,2025-05-01T05:00:00,,주말
7호선,2712,도봉산,710,,20250619,7호선,3763,석남,761,N,7호선,7187,2727,군자,725,N,14:35:10,14:35:50,,7158,상행,2025-05-01T05:00:00,,주말
7호선,2712,도봉산,710,,20250619,7호선,3763,석남,761,N,7호선,7187,2726,중곡,724,N,14:37:10,14:37:40,,7158,상행,2025-05-01T05:00:00,,주말
7호선,2712,도봉산,710,,20250619,7호선,3763,석남,761,N,7호선,7187,2725,용마산,723,N,14:39:00,14:39:20,,7158,상행,2025-05-01T05:00:00,,주말
7호선,2712,도봉산,710,,20250619,7호선,3763,석남,761,N,7호선,7187,2724,사가정,722,N,14:40:30,14:41:00,,7158,상행,2025-05-01T05:00:00,,주말
7호선,2712,도봉산,710,,20250619,7호선,3763,석남,761,N,7호선,7187,2723,면목,721,N,14:42:10,14:42:40,,7158,상행,2025-05-01T05:00:00,,주말
7호선,2712,도봉산,710,,20250619,7호선,3763,석남,761,N,7호선,7187,2722,상봉,720,N,14:43:50,14:44:20,,7158,상행,2025-05-01T05:00:00,,주말
7호선,2712,도봉산,710,,20250619,7호선,3763,석남,761,N,7호선,7187,2721,중화,719,N,14:46:10,14:46:40,,7158,상행,2025-05-01T05:00:00,,주말
7호선,2712,도봉산,710,,20250619,7호선,3763,석남,761,N,7호선,7187,2720,먹골,718,N,14:48:00,14:48:30,,7158,상행,2025-05-01T05:00:00,,주말
7호선,2712,도봉산,710,,20250619,7호선,3763,석남,761,N,7호선,7187,2719,태릉입구,717,N,14:49:40,14:50:10,,7158,상행,2025-05-01T05:00:00,,주말
7호선,2712,도봉산,710,,20250619,7호선,3763,석남,761,N,7호선,7187,2718,공릉,716,N,14:51:10,14:51:40,,7158,상행,2025-05-01T05:00:00,,주말
7호선,2712,도봉산,710,,20250619,7호선,3763,석남,761,N,7호선,7187,2717,하계,715,N,14:53:10,14:53:40,,7158,상행,2025-05-01T05:00:00,,주말
7호선,2712,도봉산,710,,20250619,7호선,3763,석남,761,N,7호선,7187,2716,중계,714,N,14:54:50,14:55:20,,7158,상행,2025-05-01T05:00:00,,주말
7호선,2712,도봉산,710,,20250619,7호선,3763,석남,761,N,7호선,7187,2715,노원,713,N,14:56:40,14:57:10,,7158,상행,2025-05-01T05:00:00,,주말
7호선,2712,도봉산,710,,20250619,7호선,3763,석남,761,N,7호선,7187,2714,마들,712,N,14:58:40,14:59:10,,7158,상행,2025-05-01T05:00:00,,주말
7호선,2712,도봉산,710,,20250619,7호선,3763,석남,761,N,7호선,7187,2713,수락산,711,N,15:01:10,15:01:40,,7158,상행,2025-05-01T05:00:00,,주말
7호선,2712,도봉산,710,,20250619,7호선,3763,석남,761,N,7호선,7187,2712,도봉산,710,N,15:04:00,,,7158,상행,2025-05-01T05:00:00,,주말
7호선,2711,장암,709,,20250619,7호선,2752,온수,750,N,7호선,7193,2752,온수,750,N,,13:48:30,,7160,상행,2025-05-01T05:00:00,,주말
7호선,2711,장암,709,,20250619,7호선,2752,온수,750,N,7호선,7193,2751,천왕,749,N,13:50:50,13:51:10,,7160,상행,2025-05-01T05:00:00,,주말
7호선,2711,장암,709,,20250619,7호선,2752,온수,750,N,7호선,7193,2750,광명사거리,748,N,13:53:10,13:53:40,,7160,상행,2025-05-01T05:00:00,,주말
7호선,2711,장암,709,,20250619,7호선,2752,온수,750,N,7호선,7193,2749,철산,747,N,13:55:30,13:56:00,,7160,상행,2025-05-01T05:00:00,,주말
7호선,2711,장암,709,,20250619,7호선,2752,온수,750,N,7호선,7193,2748,가산디지털단지,746,N,13:58:00,13:58:30,,7160,상행,2025-05-01T05:00:00,,주말
7호선,2711,장암,709,,20250619,7호선,2752,온수,750,N,7호선,7193,2747,남구로,745,N,13:59:50,14:00:20,,7160,상행,2025-05-01T05:00:00,,주말
7호선,2711,장암,709,,20250619,7호선,2752,온수,750,N,7호선,7193,2746,대림,744,N,14:01:50,14:02:20,,7160,상행,2025-05-01T05:00:00,,주말
7호선,2711,장암,709,,20250619,7호선,2752,온수,750,N,7호선,7193,2745,신풍,743,N,14:04:20,14:04:50,,7160,상행,2025-05-01T05:00:00,,주말
7호선,2711,장암,709,,20250619,7호선,2752,온수,750,N,7호선,7193,2744,보라매,742,N,14:06:10,14:06:40,,7160,상행,2025-05-01T05:00:00,,주말
7호선,2711,장암,709,,20250619,7호선,2752,온수,750,N,7호선,7193,2743,신대방삼거리,741,N,14:07:50,14:08:20,,7160,상행,2025-05-01T05:00:00,,주말
7호선,2711,장암,709,,20250619,7호선,2752,온수,750,N,7호선,7193,2742,장승배기,740,N,14:10:10,14:10:40,,7160,상행,2025-05-01T05:00:00,,주말
7호선,2711,장암,709,,20250619,7호선,2752,온수,750,N,7호선,7193,2741,상도,739,N,14:12:10,14:12:40,,7160,상행,2025-05-01T05:00:00,,주말
7호선,2711,장암,709,,20250619,7호선,2752,온수,750,N,7호선,7193,2740,숭실대입구,738,N,14:13:50,14:14:20,,7160,상행,2025-05-01T05:00:00,,주말
7호선,2711,장암,709,,20250619,7호선,2752,온수,750,N,7호선,7193,2739,남성,737,N,14:16:50,14:17:20,,7160,상행,2025-05-01T05:00:00,,주말
7호선,2711,장암,709,,20250619,7호선,2752,온수,750,N,7호선,7193,2738,이수,736,N,14:18:40,14:19:20,,7160,상행,2025-05-01T05:00:00,,주말
7호선,2711,장암,709,,20250619,7호선,2752,온수,750,N,7호선,7193,2737,내방,735,N,14:20:50,14:21:20,,7160,상행,2025-05-01T05:00:00,,주말
7호선,2711,장암,709,,20250619,7호선,2752,온수,750,N,7호선,7193,2736,고속터미널,734,N,14:23:50,14:24:30,,7160,상행,2025-05-01T05:00:00,,주말
7호선,2711,장암,709,,20250619,7호선,2752,온수,750,N,7호선,7193,2735,반포,733,N,14:26:00,14:26:20,,7160,상행,2025-05-01T05:00:00,,주말
7호선,2711,장암,709,,20250619,7호선,2752,온수,750,N,7호선,7193,2734,논현,732,N,14:27:30,14:28:00,,7160,상행,2025-05-01T05:00:00,,주말
7호선,2711,장암,709,,20250619,7호선,2752,온수,750,N,7호선,7193,2733,학동,731,N,14:29:20,14:29:50,,7160,상행,2025-05-01T05:00:00,,주말
7호선,2711,장암,709,,20250619,7호선,2752,온수,750,N,7호선,7193,2732,강남구청,730,N,14:31:00,14:31:30,,7160,상행,2025-05-01T05:00:00,,주말
7호선,2711,장암,709,,20250619,7호선,2752,온수,750,N,7호선,7193,2731,청담,729,N,14:33:00,14:33:30,,7160,상행,2025-05-01T05:00:00,,주말
7호선,2711,장암,709,,20250619,7호선,2752,온수,750,N,7호선,7193,2730,자양,728,N,14:36:00,14:36:20,,7160,상행,2025-05-01T05:00:00,,주말
7호선,2711,장암,709,,20250619,7호선,2752,온수,750,N,7호선,7193,2729,건대입구,727,N,14:37:50,14:38:30,,7160,상행,2025-05-01T05:00:00,,주말
7호선,2711,장암,709,,20250619,7호선,2752,온수,750,N,7호선,7193,2728,어린이대공원,726,N,14:39:50,14:40:20,,7160,상행,2025-05-01T05:00:00,,주말
7호선,2711,장암,709,,20250619,7호선,2752,온수,750,N,7호선,7193,2727,군자,725,N,14:41:40,14:42:20,,7160,상행,2025-05-01T05:00:00,,주말
7호선,2711,장암,709,,20250619,7호선,2752,온수,750,N,7호선,7193,2726,중곡,724,N,14:43:40,14:44:10,,7160,상행,2025-05-01T05:00:00,,주말
7호선,2711,장암,709,,20250619,7호선,2752,온수,750,N,7호선,7193,2725,용마산,723,N,14:45:30,14:45:50,,7160,상행,2025-05-01T05:00:00,,주말
7호선,2711,장암,709,,20250619,7호선,2752,온수,750,N,7호선,7193,2724,사가정,722,N,14:47:00,14:47:30,,7160,상행,2025-05-01T05:00:00,,주말
7호선,2711,장암,709,,20250619,7호선,2752,온수,750,N,7호선,7193,2723,면목,721,N,14:48:40,14:49:10,,7160,상행,2025-05-01T05:00:00,,주말
7호선,2711,장암,709,,20250619,7호선,2752,온수,750,N,7호선,7193,2722,상봉,720,N,14:50:20,14:50:50,,7160,상행,2025-05-01T05:00:00,,주말
7호선,2711,장암,709,,20250619,7호선,2752,온수,750,N,7호선,7193,2721,중화,719,N,14:52:40,14:53:10,,7160,상행,2025-05-01T05:00:00,,주말
7호선,2711,장암,709,,20250619,7호선,2752,온수,750,N,7호선,7193,2720,먹골,718,N,14:54:30,14:55:00,,7160,상행,2025-05-01T05:00:00,,주말
7호선,2711,장암,709,,20250619,7호선,2752,온수,750,N,7호선,7193,2719,태릉입구,717,N,14:56:10,14:56:40,,7160,상행,2025-05-01T05:00:00,,주말
7호선,2711,장암,709,,20250619,7호선,2752,온수,750,N,7호선,7193,2718,공릉,716,N,14:57:40,14:58:10,,7160,상행,2025-05-01T05:00:00,,주말
7호선,2711,장암,709,,20250619,7호선,2752,온수,750,N,7호선,7193,2717,하계,715,N,14:59:40,15:00:10,,7160,상행,2025-05-01T05:00:00,,주말
7호선,2711,장암,709,,20250619,7호선,2752,온수,750,N,7호선,7193,2716,중계,714,N,15:01:20,15:01:50,,7160,상행,2025-05-01T05:00:00,,주말
7호선,2711,장암,709,,20250619,7호선,2752,온수,750,N,7호선,7193,2715,노원,713,N,15:03:10,15:03:40,,7160,상행,2025-05-01T05:00:00,,주말
7호선,2711,장암,709,,20250619,7호선,2752,온수,750,N,7호선,7193,2714,마들,712,N,15:05:10,15:05:40,,7160,상행,2025-05-01T05:00:00,,주말
7호선,2711,장암,709,,20250619,7호선,2752,온수,750,N,7호선,7193,2713,수락산,711,N,15:07:40,15:08:10,,7160,상행,2025-05-01T05:00:00,,주말
7호선,2711,장암,709,,20250619,7호선,2752,온수,750,N,7호선,7193,2712,도봉산,710,N,15:10:30,15:11:00,,7160,상행,2025-05-01T05:00:00,,주말
7호선,2711,장암,709,,20250619,7호선,2752,온수,750,N,7호선,7193,2711,장암,709,N,15:15:30,,,7160,상행,2025-05-01T05:00:00,,주말
7호선,2712,도봉산,710,,20250619,7호선,3763,석남,761,N,7호선,7191,3763,석남,761,N,,13:31:30,,7162,상행,2025-05-01T05:00:00,,주말
7호선,2712,도봉산,710,,20250619,7호선,3763,석남,761,N,7호선,7191,3762,산곡,760,N,13:34:30,13:35:00,,7162,상행,2025-05-01T05:00:00,,주말
7호선,2712,도봉산,710,,20250619,7호선,3763,석남,761,N,7호선,7191,3761,부평구청,759,N,13:37:00,13:37:30,,7162,상행,2025-05-01T05:00:00,,주말
7호선,2712,도봉산,710,,20250619,7호선,3763,석남,761,N,7호선,7191,3760,굴포천,758,N,13:38:50,13:39:20,,7162,상행,2025-05-01T05:00:00,,주말
7호선,2712,도봉산,710,,20250619,7호선,3763,석남,761,N,7호선,7191,3759,삼산체육관,757,N,13:40:30,13:41:00,,7162,상행,2025-05-01T05:00:00,,주말
7호선,2712,도봉산,710,,20250619,7호선,3763,석남,761,N,7호선,7191,3758,상동,756,N,13:42:20,13:42:50,,7162,상행,2025-05-01T05:00:00,,주말
7호선,2712,도봉산,710,,20250619,7호선,3763,석남,761,N,7호선,7191,3757,부천시청,755,N,13:44:00,13:44:30,,7162,상행,2025-05-01T05:00:00,,주말
7호선,2712,도봉산,710,,20250619,7호선,3763,석남,761,N,7호선,7191,3756,신중동,754,N,13:45:50,13:46:20,,7162,상행,2025-05-01T05:00:00,,주말
7호선,2712,도봉산,710,,20250619,7호선,3763,석남,761,N,7호선,7191,3755,춘의,753,N,13:47:40,13:48:10,,7162,상행,2025-05-01T05:00:00,,주말
7호선,2712,도봉산,710,,20250619,7호선,3763,석남,761,N,7호선,7191,3754,부천종합운동장,752,N,13:49:30,13:50:00,,7162,상행,2025-05-01T05:00:00,,주말
7호선,2712,도봉산,710,,20250619,7호선,3763,석남,761,N,7호선,7191,3753,까치울,751,N,13:51:30,13:52:00,,7162,상행,2025-05-01T05:00:00,,주말
7호선,2712,도봉산,710,,20250619,7호선,3763,석남,761,N,7호선,7191,2752,온수,750,N,13:54:30,13:55:00,,7162,상행,2025-05-01T05:00:00,,주말
7호선,2712,도봉산,710,,20250619,7호선,3763,석남,761,N,7호선,7191,2751,천왕,749,N,13:57:20,13:57:40,,7162,상행,2025-05-01T05:00:00,,주말
7호선,2712,도봉산,710,,20250619,7호선,3763,석남,761,N,7호선,7191,2750,광명사거리,748,N,13:59:40,14:00:10,,7162,상행,2025-05-01T05:00:00,,주말
7호선,2712,도봉산,710,,20250619,7호선,3763,석남,761,N,7호선,7191,2749,철산,747,N,14:02:00,14:02:30,,7162,상행,2025-05-01T05:00:00,,주말
7호선,2712,도봉산,710,,20250619,7호선,3763,석남,761,N,7호선,7191,2748,가산디지털단지,746,N,14:04:30,14:05:00,,7162,상행,2025-05-01T05:00:00,,주말
7호선,2712,도봉산,710,,20250619,7호선,3763,석남,761,N,7호선,7191,2747,남구로,745,N,14:06:20,14:06:50,,7162,상행,2025-05-01T05:00:00,,주말
7호선,2712,도봉산,710,,20250619,7호선,3763,석남,761,N,7호선,7191,2746,대림,744,N,14:08:20,14:08:50,,7162,상행,2025-05-01T05:00:00,,주말
7호선,2712,도봉산,710,,20250619,7호선,3763,석남,761,N,7호선,7191,2745,신풍,743,N,14:10:50,14:11:20,,7162,상행,2025-05-01T05:00:00,,주말
7호선,2712,도봉산,710,,20250619,7호선,3763,석남,761,N,7호선,7191,2744,보라매,742,N,14:12:40,14:13:10,,7162,상행,2025-05-01T05:00:00,,주말
7호선,2712,도봉산,710,,20250619,7호선,3763,석남,761,N,7호선,7191,2743,신대방삼거리,741,N,14:14:20,14:14:50,,7162,상행,2025-05-01T05:00:00,,주말
7호선,2712,도봉산,710,,20250619,7호선,3763,석남,761,N,7호선,7191,2742,장승배기,740,N,14:16:40,14:17:10,,7162,상행,2025-05-01T05:00:00,,주말
7호선,2712,도봉산,710,,20250619,7호선,3763,석남,761,N,7호선,7191,2741,상도,739,N,14:18:40,14:19:10,,7162,상행,2025-05-01T05:00:00,,주말
7호선,2712,도봉산,710,,20250619,7호선,3763,석남,761,N,7호선,7191,2740,숭실대입구,738,N,14:20:20,14:20:50,,7162,상행,2025-05-01T05:00:00,,주말
7호선,2712,도봉산,710,,20250619,7호선,3763,석남,761,N,7호선,7191,2739,남성,737,N,14:23:20,14:23:50,,7162,상행,2025-05-01T05:00:00,,주말
7호선,2712,도봉산,710,,20250619,7호선,3763,석남,761,N,7호선,7191,2738,이수,736,N,14:25:10,14:25:50,,7162,상행,2025-05-01T05:00:00,,주말
7호선,2712,도봉산,710,,20250619,7호선,3763,석남,761,N,7호선,7191,2737,내방,735,N,14:27:20,14:27:50,,7162,상행,2025-05-01T05:00:00,,주말
7호선,2712,도봉산,710,,20250619,7호선,3763,석남,761,N,7호선,7191,2736,고속터미널,734,N,14:30:20,14:31:00,,7162,상행,2025-05-01T05:00:00,,주말
7호선,2712,도봉산,710,,20250619,7호선,3763,석남,761,N,7호선,7191,2735,반포,733,N,14:32:30,14:32:50,,7162,상행,2025-05-01T05:00:00,,주말
7호선,2712,도봉산,710,,20250619,7호선,3763,석남,761,N,7호선,7191,2734,논현,732,N,14:34:00,14:34:30,,7162,상행,2025-05-01T05:00:00,,주말
7호선,2712,도봉산,710,,20250619,7호선,3763,석남,761,N,7호선,7191,2733,학동,731,N,14:35:50,14:36:20,,7162,상행,2025-05-01T05:00:00,,주말
7호선,2712,도봉산,710,,20250619,7호선,3763,석남,761,N,7호선,7191,2732,강남구청,730,N,14:37:30,14:38:00,,7162,상행,2025-05-01T05:00:00,,주말
7호선,2712,도봉산,710,,20250619,7호선,3763,석남,761,N,7호선,7191,2731,청담,729,N,14:39:30,14:40:00,,7162,상행,2025-05-01T05:00:00,,주말
7호선,2712,도봉산,710,,20250619,7호선,3763,석남,761,N,7호선,7191,2730,자양,728,N,14:42:30,14:42:50,,7162,상행,2025-05-01T05:00:00,,주말
7호선,2712,도봉산,710,,20250619,7호선,3763,석남,761,N,7호선,7191,2729,건대입구,727,N,14:44:20,14:45:00,,7162,상행,2025-05-01T05:00:00,,주말
7호선,2712,도봉산,710,,20250619,7호선,3763,석남,761,N,7호선,7191,2728,어린이대공원,726,N,14:46:20,14:46:50,,7162,상행,2025-05-01T05:00:00,,주말
7호선,2712,도봉산,710,,20250619,7호선,3763,석남,761,N,7호선,7191,2727,군자,725,N,14:48:10,14:48:50,,7162,상행,2025-05-01T05:00:00,,주말
7호선,2712,도봉산,710,,20250619,7호선,3763,석남,761,N,7호선,7191,2726,중곡,724,N,14:50:10,14:50:40,,7162,상행,2025-05-01T05:00:00,,주말
7호선,2712,도봉산,710,,20250619,7호선,3763,석남,761,N,7호선,7191,2725,용마산,723,N,14:52:00,14:52:20,,7162,상행,2025-05-01T05:00:00,,주말
7호선,2712,도봉산,710,,20250619,7호선,3763,석남,761,N,7호선,7191,2724,사가정,722,N,14:53:30,14:54:00,,7162,상행,2025-05-01T05:00:00,,주말
7호선,2712,도봉산,710,,20250619,7호선,3763,석남,761,N,7호선,7191,2723,면목,721,N,14:55:10,14:55:40,,7162,상행,2025-05-01T05:00:00,,주말
7호선,2712,도봉산,710,,20250619,7호선,3763,석남,761,N,7호선,7191,2722,상봉,720,N,14:56:50,14:57:20,,7162,상행,2025-05-01T05:00:00,,주말
7호선,2712,도봉산,710,,20250619,7호선,3763,석남,761,N,7호선,7191,2721,중화,719,N,14:59:10,14:59:40,,7162,상행,2025-05-01T05:00:00,,주말
7호선,2712,도봉산,710,,20250619,7호선,3763,석남,761,N,7호선,7191,2720,먹골,718,N,15:01:00,15:01:30,,7162,상행,2025-05-01T05:00:00,,주말
7호선,2712,도봉산,710,,20250619,7호선,3763,석남,761,N,7호선,7191,2719,태릉입구,717,N,15:02:40,15:03:10,,7162,상행,2025-05-01T05:00:00,,주말
7호선,2712,도봉산,710,,20250619,7호선,3763,석남,761,N,7호선,7191,2718,공릉,716,N,15:04:10,15:04:40,,7162,상행,2025-05-01T05:00:00,,주말
7호선,2712,도봉산,710,,20250619,7호선,3763,석남,761,N,7호선,7191,2717,하계,715,N,15:06:10,15:06:40,,7162,상행,2025-05-01T05:00:00,,주말
7호선,2712,도봉산,710,,20250619,7호선,3763,석남,761,N,7호선,7191,2716,중계,714,N,15:07:50,15:08:20,,7162,상행,2025-05-01T05:00:00,,주말
7호선,2712,도봉산,710,,20250619,7호선,3763,석남,761,N,7호선,7191,2715,노원,713,N,15:09:40,15:10:10,,7162,상행,2025-05-01T05:00:00,,주말
7호선,2712,도봉산,710,,20250619,7호선,3763,석남,761,N,7호선,7191,2714,마들,712,N,15:11:40,15:12:10,,7162,상행,2025-05-01T05:00:00,,주말
7호선,2712,도봉산,710,,20250619,7호선,3763,석남,761,N,7호선,7191,2713,수락산,711,N,15:14:10,15:14:40,,7162,상행,2025-05-01T05:00:00,,주말
7호선,2712,도봉산,710,,20250619,7호선,3763,석남,761,N,7호선,7191,2712,도봉산,710,N,15:17:00,,,7162,상행,2025-05-01T05:00:00,,주말
7호선,2711,장암,709,,20250619,7호선,2752,온수,750,N,7호선,7197,2752,온수,750,N,,14:01:30,,7164,상행,2025-05-01T05:00:00,,주말
7호선,2711,장암,709,,20250619,7호선,2752,온수,750,N,7호선,7197,2751,천왕,749,N,14:03:50,14:04:10,,7164,상행,2025-05-01T05:00:00,,주말
7호선,2711,장암,709,,20250619,7호선,2752,온수,750,N,7호선,7197,2750,광명사거리,748,N,14:06:10,14:06:40,,7164,상행,2025-05-01T05:00:00,,주말
7호선,2711,장암,709,,20250619,7호선,2752,온수,750,N,7호선,7197,2749,철산,747,N,14:08:30,14:09:00,,7164,상행,2025-05-01T05:00:00,,주말
7호선,2711,장암,709,,20250619,7호선,2752,온수,750,N,7호선,7197,2748,가산디지털단지,746,N,14:11:00,14:11:30,,7164,상행,2025-05-01T05:00:00,,주말
7호선,2711,장암,709,,20250619,7호선,2752,온수,750,N,7호선,7197,2747,남구로,745,N,14:12:50,14:13:20,,7164,상행,2025-05-01T05:00:00,,주말
7호선,2711,장암,709,,20250619,7호선,2752,온수,750,N,7호선,7197,2746,대림,744,N,14:14:50,14:15:20,,7164,상행,2025-05-01T05:00:00,,주말
7호선,2711,장암,709,,20250619,7호선,2752,온수,750,N,7호선,7197,2745,신풍,743,N,14:17:20,14:17:50,,7164,상행,2025-05-01T05:00:00,,주말
7호선,2711,장암,709,,20250619,7호선,2752,온수,750,N,7호선,7197,2744,보라매,742,N,14:19:10,14:19:40,,7164,상행,2025-05-01T05:00:00,,주말
7호선,2711,장암,709,,20250619,7호선,2752,온수,750,N,7호선,7197,2743,신대방삼거리,741,N,14:20:50,14:21:20,,7164,상행,2025-05-01T05:00:00,,주말
7호선,2711,장암,709,,20250619,7호선,2752,온수,750,N,7호선,7197,2742,장승배기,740,N,14:23:10,14:23:40,,7164,상행,2025-05-01T05:00:00,,주말
7호선,2711,장암,709,,20250619,7호선,2752,온수,750,N,7호선,7197,2741,상도,739,N,14:25:10,14:25:40,,7164,상행,2025-05-01T05:00:00,,주말
7호선,2711,장암,709,,20250619,7호선,2752,온수,750,N,7호선,7197,2740,숭실대입구,738,N,14:26:50,14:27:20,,7164,상행,2025-05-01T05:00:00,,주말
7호선,2711,장암,709,,20250619,7호선,2752,온수,750,N,7호선,7197,2739,남성,737,N,14:29:50,14:30:20,,7164,상행,2025-05-01T05:00:00,,주말
7호선,2711,장암,709,,20250619,7호선,2752,온수,750,N,7호선,7197,2738,이수,736,N,14:31:40,14:32:20,,7164,상행,2025-05-01T05:00:00,,주말
7호선,2711,장암,709,,20250619,7호선,2752,온수,750,N,7호선,7197,2737,내방,735,N,14:33:50,14:34:20,,7164,상행,2025-05-01T05:00:00,,주말
7호선,2711,장암,709,,20250619,7호선,2752,온수,750,N,7호선,7197,2736,고속터미널,734,N,14:36:50,14:37:30,,7164,상행,2025-05-01T05:00:00,,주말
7호선,2711,장암,709,,20250619,7호선,2752,온수,750,N,7호선,7197,2735,반포,733,N,14:39:00,14:39:20,,7164,상행,2025-05-01T05:00:00,,주말
7호선,2711,장암,709,,20250619,7호선,2752,온수,750,N,7호선,7197,2734,논현,732,N,14:40:30,14:41:00,,7164,상행,2025-05-01T05:00:00,,주말
7호선,2711,장암,709,,20250619,7호선,2752,온수,750,N,7호선,7197,2733,학동,731,N,14:42:20,14:42:50,,7164,상행,2025-05-01T05:00:00,,주말
7호선,2711,장암,709,,20250619,7호선,2752,온수,750,N,7호선,7197,2732,강남구청,730,N,14:44:00,14:44:30,,7164,상행,2025-05-01T05:00:00,,주말
7호선,2711,장암,709,,20250619,7호선,2752,온수,750,N,7호선,7197,2731,청담,729,N,14:46:00,14:46:30,,7164,상행,2025-05-01T05:00:00,,주말
7호선,2711,장암,709,,20250619,7호선,2752,온수,750,N,7호선,7197,2730,자양,728,N,14:49:00,14:49:20,,7164,상행,2025-05-01T05:00:00,,주말
7호선,2711,장암,709,,20250619,7호선,2752,온수,750,N,7호선,7197,2729,건대입구,727,N,14:50:50,14:51:30,,7164,상행,2025-05-01T05:00:00,,주말
7호선,2711,장암,709,,20250619,7호선,2752,온수,750,N,7호선,7197,2728,어린이대공원,726,N,14:52:50,14:53:20,,7164,상행,2025-05-01T05:00:00,,주말
7호선,2711,장암,709,,20250619,7호선,2752,온수,750,N,7호선,7197,2727,군자,725,N,14:54:40,14:55:20,,7164,상행,2025-05-01T05:00:00,,주말
7호선,2711,장암,709,,20250619,7호선,2752,온수,750,N,7호선,7197,2726,중곡,724,N,14:56:40,14:57:10,,7164,상행,2025-05-01T05:00:00,,주말
7호선,2711,장암,709,,20250619,7호선,2752,온수,750,N,7호선,7197,2725,용마산,723,N,14:58:30,14:58:50,,7164,상행,2025-05-01T05:00:00,,주말
7호선,2711,장암,709,,20250619,7호선,2752,온수,750,N,7호선,7197,2724,사가정,722,N,15:00:00,15:00:30,,7164,상행,2025-05-01T05:00:00,,주말
7호선,2711,장암,709,,20250619,7호선,2752,온수,750,N,7호선,7197,2723,면목,721,N,15:01:40,15:02:10,,7164,상행,2025-05-01T05:00:00,,주말
7호선,2711,장암,709,,20250619,7호선,2752,온수,750,N,7호선,7197,2722,상봉,720,N,15:03:20,15:03:50,,7164,상행,2025-05-01T05:00:00,,주말
7호선,2711,장암,709,,20250619,7호선,2752,온수,750,N,7호선,7197,2721,중화,719,N,15:05:40,15:06:10,,7164,상행,2025-05-01T05:00:00,,주말
7호선,2711,장암,709,,20250619,7호선,2752,온수,750,N,7호선,7197,2720,먹골,718,N,15:07:30,15:08:00,,7164,상행,2025-05-01T05:00:00,,주말
7호선,2711,장암,709,,20250619,7호선,2752,온수,750,N,7호선,7197,2719,태릉입구,717,N,15:09:10,15:09:40,,7164,상행,2025-05-01T05:00:00,,주말
7호선,2711,장암,709,,20250619,7호선,2752,온수,750,N,7호선,7197,2718,공릉,716,N,15:10:40,15:11:10,,7164,상행,2025-05-01T05:00:00,,주말
7호선,2711,장암,709,,20250619,7호선,2752,온수,750,N,7호선,7197,2717,하계,715,N,15:12:40,15:13:10,,7164,상행,2025-05-01T05:00:00,,주말
7호선,2711,장암,709,,20250619,7호선,2752,온수,750,N,7호선,7197,2716,중계,714,N,15:14:20,15:14:50,,7164,상행,2025-05-01T05:00:00,,주말
7호선,2711,장암,709,,20250619,7호선,2752,온수,750,N,7호선,7197,2715,노원,713,N,15:16:10,15:16:40,,7164,상행,2025-05-01T05:00:00,,주말
7호선,2711,장암,709,,20250619,7호선,2752,온수,750,N,7호선,7197,2714,마들,712,N,15:18:10,15:18:40,,7164,상행,2025-05-01T05:00:00,,주말
7호선,2711,장암,709,,20250619,7호선,2752,온수,750,N,7호선,7197,2713,수락산,711,N,15:20:40,15:21:10,,7164,상행,2025-05-01T05:00:00,,주말
7호선,2711,장암,709,,20250619,7호선,2752,온수,750,N,7호선,7197,2712,도봉산,710,N,15:23:30,15:24:00,,7164,상행,2025-05-01T05:00:00,,주말
7호선,2711,장암,709,,20250619,7호선,2752,온수,750,N,7호선,7197,2711,장암,709,N,15:28:30,,,7164,상행,2025-05-01T05:00:00,,주말
7호선,2712,도봉산,710,,20250619,7호선,3763,석남,761,N,7호선,7195,3763,석남,761,N,,13:44:30,,7166,상행,2025-05-01T05:00:00,,주말
7호선,2712,도봉산,710,,20250619,7호선,3763,석남,761,N,7호선,7195,3762,산곡,760,N,13:47:30,13:48:00,,7166,상행,2025-05-01T05:00:00,,주말
7호선,2712,도봉산,710,,20250619,7호선,3763,석남,761,N,7호선,7195,3761,부평구청,759,N,13:50:00,13:50:30,,7166,상행,2025-05-01T05:00:00,,주말
7호선,2712,도봉산,710,,20250619,7호선,3763,석남,761,N,7호선,7195,3760,굴포천,758,N,13:51:50,13:52:20,,7166,상행,2025-05-01T05:00:00,,주말
7호선,2712,도봉산,710,,20250619,7호선,3763,석남,761,N,7호선,7195,3759,삼산체육관,757,N,13:53:30,13:54:00,,7166,상행,2025-05-01T05:00:00,,주말
7호선,2712,도봉산,710,,20250619,7호선,3763,석남,761,N,7호선,7195,3758,상동,756,N,13:55:20,13:55:50,,7166,상행,2025-05-01T05:00:00,,주말
7호선,2712,도봉산,710,,20250619,7호선,3763,석남,761,N,7호선,7195,3757,부천시청,755,N,13:57:00,13:57:30,,7166,상행,2025-05-01T05:00:00,,주말
7호선,2712,도봉산,710,,20250619,7호선,3763,석남,761,N,7호선,7195,3756,신중동,754,N,13:58:50,13:59:20,,7166,상행,2025-05-01T05:00:00,,주말
7호선,2712,도봉산,710,,20250619,7호선,3763,석남,761,N,7호선,7195,3755,춘의,753,N,14:00:40,14:01:10,,7166,상행,2025-05-01T05:00:00,,주말
7호선,2712,도봉산,710,,20250619,7호선,3763,석남,761,N,7호선,7195,3754,부천종합운동장,752,N,14:02:30,14:03:00,,7166,상행,2025-05-01T05:00:00,,주말
7호선,2712,도봉산,710,,20250619,7호선,3763,석남,761,N,7호선,7195,3753,까치울,751,N,14:04:30,14:05:00,,7166,상행,2025-05-01T05:00:00,,주말
7호선,2712,도봉산,710,,20250619,7호선,3763,석남,761,N,7호선,7195,2752,온수,750,N,14:07:30,14:08:00,,7166,상행,2025-05-01T05:00:00,,주말
7호선,2712,도봉산,710,,20250619,7호선,3763,석남,761,N,7호선,7195,2751,천왕,749,N,14:10:20,14:10:40,,7166,상행,2025-05-01T05:00:00,,주말
7호선,2712,도봉산,710,,20250619,7호선,3763,석남,761,N,7호선,7195,2750,광명사거리,748,N,14:12:40,14:13:10,,7166,상행,2025-05-01T05:00:00,,주말
7호선,2712,도봉산,710,,20250619,7호선,3763,석남,761,N,7호선,7195,2749,철산,747,N,14:15:00,14:15:30,,7166,상행,2025-05-01T05:00:00,,주말
7호선,2712,도봉산,710,,20250619,7호선,3763,석남,761,N,7호선,7195,2748,가산디지털단지,746,N,14:17:30,14:18:00,,7166,상행,2025-05-01T05:00:00,,주말
7호선,2712,도봉산,710,,20250619,7호선,3763,석남,761,N,7호선,7195,2747,남구로,745,N,14:19:20,14:19:50,,7166,상행,2025-05-01T05:00:00,,주말
7호선,2712,도봉산,710,,20250619,7호선,3763,석남,761,N,7호선,7195,2746,대림,744,N,14:21:20,14:21:50,,7166,상행,2025-05-01T05:00:00,,주말
7호선,2712,도봉산,710,,20250619,7호선,3763,석남,761,N,7호선,7195,2745,신풍,743,N,14:23:50,14:24:20,,7166,상행,2025-05-01T05:00:00,,주말
7호선,2712,도봉산,710,,20250619,7호선,3763,석남,761,N,7호선,7195,2744,보라매,742,N,14:25:40,14:26:10,,7166,상행,2025-05-01T05:00:00,,주말
7호선,2712,도봉산,710,,20250619,7호선,3763,석남,761,N,7호선,7195,2743,신대방삼거리,741,N,14:27:20,14:27:50,,7166,상행,2025-05-01T05:00:00,,주말
7호선,2712,도봉산,710,,20250619,7호선,3763,석남,761,N,7호선,7195,2742,장승배기,740,N,14:29:40,14:30:10,,7166,상행,2025-05-01T05:00:00,,주말
7호선,2712,도봉산,710,,20250619,7호선,3763,석남,761,N,7호선,7195,2741,상도,739,N,14:31:40,14:32:10,,7166,상행,2025-05-01T05:00:00,,주말
7호선,2712,도봉산,710,,20250619,7호선,3763,석남,761,N,7호선,7195,2740,숭실대입구,738,N,14:33:20,14:33:50,,7166,상행,2025-05-01T05:00:00,,주말
7호선,2712,도봉산,710,,20250619,7호선,3763,석남,761,N,7호선,7195,2739,남성,737,N,14:36:20,14:36:50,,7166,상행,2025-05-01T05:00:00,,주말
7호선,2712,도봉산,710,,20250619,7호선,3763,석남,761,N,7호선,7195,2738,이수,736,N,14:38:10,14:38:50,,7166,상행,2025-05-01T05:00:00,,주말
7호선,2712,도봉산,710,,20250619,7호선,3763,석남,761,N,7호선,7195,2737,내방,735,N,14:40:20,14:40:50,,7166,상행,2025-05-01T05:00:00,,주말
7호선,2712,도봉산,710,,20250619,7호선,3763,석남,761,N,7호선,7195,2736,고속터미널,734,N,14:43:20,14:44:00,,7166,상행,2025-05-01T05:00:00,,주말
7호선,2712,도봉산,710,,20250619,7호선,3763,석남,761,N,7호선,7195,2735,반포,733,N,14:45:30,14:45:50,,7166,상행,2025-05-01T05:00:00,,주말
7호선,2712,도봉산,710,,20250619,7호선,3763,석남,761,N,7호선,7195,2734,논현,732,N,14:47:00,14:47:30,,7166,상행,2025-05-01T05:00:00,,주말
7호선,2712,도봉산,710,,20250619,7호선,3763,석남,761,N,7호선,7195,2733,학동,731,N,14:48:50,14:49:20,,7166,상행,2025-05-01T05:00:00,,주말
7호선,2712,도봉산,710,,20250619,7호선,3763,석남,761,N,7호선,7195,2732,강남구청,730,N,14:50:30,14:51:00,,7166,상행,2025-05-01T05:00:00,,주말
7호선,2712,도봉산,710,,20250619,7호선,3763,석남,761,N,7호선,7195,2731,청담,729,N,14:52:30,14:53:00,,7166,상행,2025-05-01T05:00:00,,주말
7호선,2712,도봉산,710,,20250619,7호선,3763,석남,761,N,7호선,7195,2730,자양,728,N,14:55:30,14:55:50,,7166,상행,2025-05-01T05:00:00,,주말
7호선,2712,도봉산,710,,20250619,7호선,3763,석남,761,N,7호선,7195,2729,건대입구,727,N,14:57:20,14:58:00,,7166,상행,2025-05-01T05:00:00,,주말
7호선,2712,도봉산,710,,20250619,7호선,3763,석남,761,N,7호선,7195,2728,어린이대공원,726,N,14:59:20,14:59:50,,7166,상행,2025-05-01T05:00:00,,주말
7호선,2712,도봉산,710,,20250619,7호선,3763,석남,761,N,7호선,7195,2727,군자,725,N,15:01:10,15:01:50,,7166,상행,2025-05-01T05:00:00,,주말
7호선,2712,도봉산,710,,20250619,7호선,3763,석남,761,N,7호선,7195,2726,중곡,724,N,15:03:10,15:03:40,,7166,상행,2025-05-01T05:00:00,,주말
7호선,2712,도봉산,710,,20250619,7호선,3763,석남,761,N,7호선,7195,2725,용마산,723,N,15:05:00,15:05:20,,7166,상행,2025-05-01T05:00:00,,주말
7호선,2712,도봉산,710,,20250619,7호선,3763,석남,761,N,7호선,7195,2724,사가정,722,N,15:06:30,15:07:00,,7166,상행,2025-05-01T05:00:00,,주말
7호선,2712,도봉산,710,,20250619,7호선,3763,석남,761,N,7호선,7195,2723,면목,721,N,15:08:10,15:08:40,,7166,상행,2025-05-01T05:00:00,,주말
7호선,2712,도봉산,710,,20250619,7호선,3763,석남,761,N,7호선,7195,2722,상봉,720,N,15:09:50,15:10:20,,7166,상행,2025-05-01T05:00:00,,주말
7호선,2712,도봉산,710,,20250619,7호선,3763,석남,761,N,7호선,7195,2721,중화,719,N,15:12:10,15:12:40,,7166,상행,2025-05-01T05:00:00,,주말
7호선,2712,도봉산,710,,20250619,7호선,3763,석남,761,N,7호선,7195,2720,먹골,718,N,15:14:00,15:14:30,,7166,상행,2025-05-01T05:00:00,,주말
7호선,2712,도봉산,710,,20250619,7호선,3763,석남,761,N,7호선,7195,2719,태릉입구,717,N,15:15:40,15:16:10,,7166,상행,2025-05-01T05:00:00,,주말
7호선,2712,도봉산,710,,20250619,7호선,3763,석남,761,N,7호선,7195,2718,공릉,716,N,15:17:10,15:17:40,,7166,상행,2025-05-01T05:00:00,,주말
7호선,2712,도봉산,710,,20250619,7호선,3763,석남,761,N,7호선,7195,2717,하계,715,N,15:19:10,15:19:40,,7166,상행,2025-05-01T05:00:00,,주말
7호선,2712,도봉산,710,,20250619,7호선,3763,석남,761,N,7호선,7195,2716,중계,714,N,15:20:50,15:21:20,,7166,상행,2025-05-01T05:00:00,,주말
7호선,2712,도봉산,710,,20250619,7호선,3763,석남,761,N,7호선,7195,2715,노원,713,N,15:22:40,15:23:10,,7166,상행,2025-05-01T05:00:00,,주말
7호선,2712,도봉산,710,,20250619,7호선,3763,석남,761,N,7호선,7195,2714,마들,712,N,15:24:40,15:25:10,,7166,상행,2025-05-01T05:00:00,,주말
7호선,2712,도봉산,710,,20250619,7호선,3763,석남,761,N,7호선,7195,2713,수락산,711,N,15:27:10,15:27:40,,7166,상행,2025-05-01T05:00:00,,주말
7호선,2712,도봉산,710,,20250619,7호선,3763,석남,761,N,7호선,7195,2712,도봉산,710,N,15:30:00,,,7166,상행,2025-05-01T05:00:00,,주말
7호선,2711,장암,709,,20250619,7호선,2752,온수,750,N,7호선,7201,2752,온수,750,N,,14:14:30,,7168,상행,2025-05-01T05:00:00,,주말
7호선,2711,장암,709,,20250619,7호선,2752,온수,750,N,7호선,7201,2751,천왕,749,N,14:16:50,14:17:10,,7168,상행,2025-05-01T05:00:00,,주말
7호선,2711,장암,709,,20250619,7호선,2752,온수,750,N,7호선,7201,2750,광명사거리,748,N,14:19:10,14:19:40,,7168,상행,2025-05-01T05:00:00,,주말
7호선,2711,장암,709,,20250619,7호선,2752,온수,750,N,7호선,7201,2749,철산,747,N,14:21:30,14:22:00,,7168,상행,2025-05-01T05:00:00,,주말
7호선,2711,장암,709,,20250619,7호선,2752,온수,750,N,7호선,7201,2748,가산디지털단지,746,N,14:24:00,14:24:30,,7168,상행,2025-05-01T05:00:00,,주말
7호선,2711,장암,709,,20250619,7호선,2752,온수,750,N,7호선,7201,2747,남구로,745,N,14:25:50,14:26:20,,7168,상행,2025-05-01T05:00:00,,주말
7호선,2711,장암,709,,20250619,7호선,2752,온수,750,N,7호선,7201,2746,대림,744,N,14:27:50,14:28:20,,7168,상행,2025-05-01T05:00:00,,주말
7호선,2711,장암,709,,20250619,7호선,2752,온수,750,N,7호선,7201,2745,신풍,743,N,14:30:20,14:30:50,,7168,상행,2025-05-01T05:00:00,,주말
7호선,2711,장암,709,,20250619,7호선,2752,온수,750,N,7호선,7201,2744,보라매,742,N,14:32:10,14:32:40,,7168,상행,2025-05-01T05:00:00,,주말
7호선,2711,장암,709,,20250619,7호선,2752,온수,750,N,7호선,7201,2743,신대방삼거리,741,N,14:33:50,14:34:20,,7168,상행,2025-05-01T05:00:00,,주말
7호선,2711,장암,709,,20250619,7호선,2752,온수,750,N,7호선,7201,2742,장승배기,740,N,14:36:10,14:36:40,,7168,상행,2025-05-01T05:00:00,,주말
7호선,2711,장암,709,,20250619,7호선,2752,온수,750,N,7호선,7201,2741,상도,739,N,14:38:10,14:38:40,,7168,상행,2025-05-01T05:00:00,,주말
7호선,2711,장암,709,,20250619,7호선,2752,온수,750,N,7호선,7201,2740,숭실대입구,738,N,14:39:50,14:40:20,,7168,상행,2025-05-01T05:00:00,,주말
7호선,2711,장암,709,,20250619,7호선,2752,온수,750,N,7호선,7201,2739,남성,737,N,14:42:50,14:43:20,,7168,상행,2025-05-01T05:00:00,,주말
7호선,2711,장암,709,,20250619,7호선,2752,온수,750,N,7호선,7201,2738,이수,736,N,14:44:40,14:45:20,,7168,상행,2025-05-01T05:00:00,,주말
7호선,2711,장암,709,,20250619,7호선,2752,온수,750,N,7호선,7201,2737,내방,735,N,14:46:50,14:47:20,,7168,상행,2025-05-01T05:00:00,,주말
7호선,2711,장암,709,,20250619,7호선,2752,온수,750,N,7호선,7201,2736,고속터미널,734,N,14:49:50,14:50:30,,7168,상행,2025-05-01T05:00:00,,주말
7호선,2711,장암,709,,20250619,7호선,2752,온수,750,N,7호선,7201,2735,반포,733,N,14:52:00,14:52:20,,7168,상행,2025-05-01T05:00:00,,주말
7호선,2711,장암,709,,20250619,7호선,2752,온수,750,N,7호선,7201,2734,논현,732,N,14:53:30,14:54:00,,7168,상행,2025-05-01T05:00:00,,주말
7호선,2711,장암,709,,20250619,7호선,2752,온수,750,N,7호선,7201,2733,학동,731,N,14:55:20,14:55:50,,7168,상행,2025-05-01T05:00:00,,주말
7호선,2711,장암,709,,20250619,7호선,2752,온수,750,N,7호선,7201,2732,강남구청,730,N,14:57:00,14:57:30,,7168,상행,2025-05-01T05:00:00,,주말
7호선,2711,장암,709,,20250619,7호선,2752,온수,750,N,7호선,7201,2731,청담,729,N,14:59:00,14:59:30,,7168,상행,2025-05-01T05:00:00,,주말
7호선,2711,장암,709,,20250619,7호선,2752,온수,750,N,7호선,7201,2730,자양,728,N,15:02:00,15:02:20,,7168,상행,2025-05-01T05:00:00,,주말
7호선,2711,장암,709,,20250619,7호선,2752,온수,750,N,7호선,7201,2729,건대입구,727,N,15:03:50,15:04:30,,7168,상행,2025-05-01T05:00:00,,주말
7호선,2711,장암,709,,20250619,7호선,2752,온수,750,N,7호선,7201,2728,어린이대공원,726,N,15:05:50,15:06:20,,7168,상행,2025-05-01T05:00:00,,주말
7호선,2711,장암,709,,20250619,7호선,2752,온수,750,N,7호선,7201,2727,군자,725,N,15:07:40,15:08:20,,7168,상행,2025-05-01T05:00:00,,주말
7호선,2711,장암,709,,20250619,7호선,2752,온수,750,N,7호선,7201,2726,중곡,724,N,15:09:40,15:10:10,,7168,상행,2025-05-01T05:00:00,,주말
7호선,2711,장암,709,,20250619,7호선,2752,온수,750,N,7호선,7201,2725,용마산,723,N,15:11:30,15:11:50,,7168,상행,2025-05-01T05:00:00,,주말
7호선,2711,장암,709,,20250619,7호선,2752,온수,750,N,7호선,7201,2724,사가정,722,N,15:13:00,15:13:30,,7168,상행,2025-05-01T05:00:00,,주말
7호선,2711,장암,709,,20250619,7호선,2752,온수,750,N,7호선,7201,2723,면목,721,N,15:14:40,15:15:10,,7168,상행,2025-05-01T05:00:00,,주말
7호선,2711,장암,709,,20250619,7호선,2752,온수,750,N,7호선,7201,2722,상봉,720,N,15:16:20,15:16:50,,7168,상행,2025-05-01T05:00:00,,주말
7호선,2711,장암,709,,20250619,7호선,2752,온수,750,N,7호선,7201,2721,중화,719,N,15:18:40,15:19:10,,7168,상행,2025-05-01T05:00:00,,주말
7호선,2711,장암,709,,20250619,7호선,2752,온수,750,N,7호선,7201,2720,먹골,718,N,15:20:30,15:21:00,,7168,상행,2025-05-01T05:00:00,,주말
7호선,2711,장암,709,,20250619,7호선,2752,온수,750,N,7호선,7201,2719,태릉입구,717,N,15:22:10,15:22:40,,7168,상행,2025-05-01T05:00:00,,주말
7호선,2711,장암,709,,20250619,7호선,2752,온수,750,N,7호선,7201,2718,공릉,716,N,15:23:40,15:24:10,,7168,상행,2025-05-01T05:00:00,,주말
7호선,2711,장암,709,,20250619,7호선,2752,온수,750,N,7호선,7201,2717,하계,715,N,15:25:40,15:26:10,,7168,상행,2025-05-01T05:00:00,,주말
7호선,2711,장암,709,,20250619,7호선,2752,온수,750,N,7호선,7201,2716,중계,714,N,15:27:20,15:27:50,,7168,상행,2025-05-01T05:00:00,,주말
7호선,2711,장암,709,,20250619,7호선,2752,온수,750,N,7호선,7201,2715,노원,713,N,15:29:10,15:29:40,,7168,상행,2025-05-01T05:00:00,,주말
7호선,2711,장암,709,,20250619,7호선,2752,온수,750,N,7호선,7201,2714,마들,712,N,15:31:10,15:31:40,,7168,상행,2025-05-01T05:00:00,,주말
7호선,2711,장암,709,,20250619,7호선,2752,온수,750,N,7호선,7201,2713,수락산,711,N,15:33:40,15:34:10,,7168,상행,2025-05-01T05:00:00,,주말
7호선,2711,장암,709,,20250619,7호선,2752,온수,750,N,7호선,7201,2712,도봉산,710,N,15:36:30,15:37:00,,7168,상행,2025-05-01T05:00:00,,주말
7호선,2711,장암,709,,20250619,7호선,2752,온수,750,N,7호선,7201,2711,장암,709,N,15:41:30,,,7168,상행,2025-05-01T05:00:00,,주말
7호선,2712,도봉산,710,,20250619,7호선,3763,석남,761,N,7호선,7199,3763,석남,761,N,,13:57:30,,7170,상행,2025-05-01T05:00:00,,주말
7호선,2712,도봉산,710,,20250619,7호선,3763,석남,761,N,7호선,7199,3762,산곡,760,N,14:00:30,14:01:00,,7170,상행,2025-05-01T05:00:00,,주말
7호선,2712,도봉산,710,,20250619,7호선,3763,석남,761,N,7호선,7199,3761,부평구청,759,N,14:03:00,14:03:30,,7170,상행,2025-05-01T05:00:00,,주말
7호선,2712,도봉산,710,,20250619,7호선,3763,석남,761,N,7호선,7199,3760,굴포천,758,N,14:04:50,14:05:20,,7170,상행,2025-05-01T05:00:00,,주말
7호선,2712,도봉산,710,,20250619,7호선,3763,석남,761,N,7호선,7199,3759,삼산체육관,757,N,14:06:30,14:07:00,,7170,상행,2025-05-01T05:00:00,,주말
7호선,2712,도봉산,710,,20250619,7호선,3763,석남,761,N,7호선,7199,3758,상동,756,N,14:08:20,14:08:50,,7170,상행,2025-05-01T05:00:00,,주말
7호선,2712,도봉산,710,,20250619,7호선,3763,석남,761,N,7호선,7199,3757,부천시청,755,N,14:10:00,14:10:30,,7170,상행,2025-05-01T05:00:00,,주말
7호선,2712,도봉산,710,,20250619,7호선,3763,석남,761,N,7호선,7199,3756,신중동,754,N,14:11:50,14:12:20,,7170,상행,2025-05-01T05:00:00,,주말
7호선,2712,도봉산,710,,20250619,7호선,3763,석남,761,N,7호선,7199,3755,춘의,753,N,14:13:40,14:14:10,,7170,상행,2025-05-01T05:00:00,,주말
7호선,2712,도봉산,710,,20250619,7호선,3763,석남,761,N,7호선,7199,3754,부천종합운동장,752,N,14:15:30,14:16:00,,7170,상행,2025-05-01T05:00:00,,주말
7호선,2712,도봉산,710,,20250619,7호선,3763,석남,761,N,7호선,7199,3753,까치울,751,N,14:17:30,14:18:00,,7170,상행,2025-05-01T05:00:00,,주말
7호선,2712,도봉산,710,,20250619,7호선,3763,석남,761,N,7호선,7199,2752,온수,750,N,14:20:30,14:21:00,,7170,상행,2025-05-01T05:00:00,,주말
7호선,2712,도봉산,710,,20250619,7호선,3763,석남,761,N,7호선,7199,2751,천왕,749,N,14:23:20,14:23:40,,7170,상행,2025-05-01T05:00:00,,주말
7호선,2712,도봉산,710,,20250619,7호선,3763,석남,761,N,7호선,7199,2750,광명사거리,748,N,14:25:40,14:26:10,,7170,상행,2025-05-01T05:00:00,,주말
7호선,2712,도봉산,710,,20250619,7호선,3763,석남,761,N,7호선,7199,2749,철산,747,N,14:28:00,14:28:30,,7170,상행,2025-05-01T05:00:00,,주말
7호선,2712,도봉산,710,,20250619,7호선,3763,석남,761,N,7호선,7199,2748,가산디지털단지,746,N,14:30:30,14:31:00,,7170,상행,2025-05-01T05:00:00,,주말
7호선,2712,도봉산,710,,20250619,7호선,3763,석남,761,N,7호선,7199,2747,남구로,745,N,14:32:20,14:32:50,,7170,상행,2025-05-01T05:00:00,,주말
7호선,2712,도봉산,710,,20250619,7호선,3763,석남,761,N,7호선,7199,2746,대림,744,N,14:34:20,14:34:50,,7170,상행,2025-05-01T05:00:00,,주말
7호선,2712,도봉산,710,,20250619,7호선,3763,석남,761,N,7호선,7199,2745,신풍,743,N,14:36:50,14:37:20,,7170,상행,2025-05-01T05:00:00,,주말
7호선,2712,도봉산,710,,20250619,7호선,3763,석남,761,N,7호선,7199,2744,보라매,742,N,14:38:40,14:39:10,,7170,상행,2025-05-01T05:00:00,,주말
7호선,2712,도봉산,710,,20250619,7호선,3763,석남,761,N,7호선,7199,2743,신대방삼거리,741,N,14:40:20,14:40:50,,7170,상행,2025-05-01T05:00:00,,주말
7호선,2712,도봉산,710,,20250619,7호선,3763,석남,761,N,7호선,7199,2742,장승배기,740,N,14:42:40,14:43:10,,7170,상행,2025-05-01T05:00:00,,주말
7호선,2712,도봉산,710,,20250619,7호선,3763,석남,761,N,7호선,7199,2741,상도,739,N,14:44:40,14:45:10,,7170,상행,2025-05-01T05:00:00,,주말
7호선,2712,도봉산,710,,20250619,7호선,3763,석남,761,N,7호선,7199,2740,숭실대입구,738,N,14:46:20,14:46:50,,7170,상행,2025-05-01T05:00:00,,주말
7호선,2712,도봉산,710,,20250619,7호선,3763,석남,761,N,7호선,7199,2739,남성,737,N,14:49:20,14:49:50,,7170,상행,2025-05-01T05:00:00,,주말
7호선,2712,도봉산,710,,20250619,7호선,3763,석남,761,N,7호선,7199,2738,이수,736,N,14:51:10,14:51:50,,7170,상행,2025-05-01T05:00:00,,주말
7호선,2712,도봉산,710,,20250619,7호선,3763,석남,761,N,7호선,7199,2737,내방,735,N,14:53:20,14:53:50,,7170,상행,2025-05-01T05:00:00,,주말
7호선,2712,도봉산,710,,20250619,7호선,3763,석남,761,N,7호선,7199,2736,고속터미널,734,N,14:56:20,14:57:00,,7170,상행,2025-05-01T05:00:00,,주말
7호선,2712,도봉산,710,,20250619,7호선,3763,석남,761,N,7호선,7199,2735,반포,733,N,14:58:30,14:58:50,,7170,상행,2025-05-01T05:00:00,,주말
7호선,2712,도봉산,710,,20250619,7호선,3763,석남,761,N,7호선,7199,2734,논현,732,N,15:00:00,15:00:30,,7170,상행,2025-05-01T05:00:00,,주말
7호선,2712,도봉산,710,,20250619,7호선,3763,석남,761,N,7호선,7199,2733,학동,731,N,15:01:50,15:02:20,,7170,상행,2025-05-01T05:00:00,,주말
7호선,2712,도봉산,710,,20250619,7호선,3763,석남,761,N,7호선,7199,2732,강남구청,730,N,15:03:30,15:04:00,,7170,상행,2025-05-01T05:00:00,,주말
7호선,2712,도봉산,710,,20250619,7호선,3763,석남,761,N,7호선,7199,2731,청담,729,N,15:05:30,15:06:00,,7170,상행,2025-05-01T05:00:00,,주말
7호선,2712,도봉산,710,,20250619,7호선,3763,석남,761,N,7호선,7199,2730,자양,728,N,15:08:30,15:08:50,,7170,상행,2025-05-01T05:00:00,,주말
7호선,2712,도봉산,710,,20250619,7호선,3763,석남,761,N,7호선,7199,2729,건대입구,727,N,15:10:20,15:11:00,,7170,상행,2025-05-01T05:00:00,,주말
7호선,2712,도봉산,710,,20250619,7호선,3763,석남,761,N,7호선,7199,2728,어린이대공원,726,N,15:12:20,15:12:50,,7170,상행,2025-05-01T05:00:00,,주말
7호선,2712,도봉산,710,,20250619,7호선,3763,석남,761,N,7호선,7199,2727,군자,725,N,15:14:10,15:14:50,,7170,상행,2025-05-01T05:00:00,,주말
7호선,2712,도봉산,710,,20250619,7호선,3763,석남,761,N,7호선,7199,2726,중곡,724,N,15:16:10,15:16:40,,7170,상행,2025-05-01T05:00:00,,주말
7호선,2712,도봉산,710,,20250619,7호선,3763,석남,761,N,7호선,7199,2725,용마산,723,N,15:18:00,15:18:20,,7170,상행,2025-05-01T05:00:00,,주말
7호선,2712,도봉산,710,,20250619,7호선,3763,석남,761,N,7호선,7199,2724,사가정,722,N,15:19:30,15:20:00,,7170,상행,2025-05-01T05:00:00,,주말
7호선,2712,도봉산,710,,20250619,7호선,3763,석남,761,N,7호선,7199,2723,면목,721,N,15:21:10,15:21:40,,7170,상행,2025-05-01T05:00:00,,주말
7호선,2712,도봉산,710,,20250619,7호선,3763,석남,761,N,7호선,7199,2722,상봉,720,N,15:22:50,15:23:20,,7170,상행,2025-05-01T05:00:00,,주말
7호선,2712,도봉산,710,,20250619,7호선,3763,석남,761,N,7호선,7199,2721,중화,719,N,15:25:10,15:25:40,,7170,상행,2025-05-01T05:00:00,,주말
7호선,2712,도봉산,710,,20250619,7호선,3763,석남,761,N,7호선,7199,2720,먹골,718,N,15:27:00,15:27:30,,7170,상행,2025-05-01T05:00:00,,주말
7호선,2712,도봉산,710,,20250619,7호선,3763,석남,761,N,7호선,7199,2719,태릉입구,717,N,15:28:40,15:29:10,,7170,상행,2025-05-01T05:00:00,,주말
7호선,2712,도봉산,710,,20250619,7호선,3763,석남,761,N,7호선,7199,2718,공릉,716,N,15:30:10,15:30:40,,7170,상행,2025-05-01T05:00:00,,주말
7호선,2712,도봉산,710,,20250619,7호선,3763,석남,761,N,7호선,7199,2717,하계,715,N,15:32:10,15:32:40,,7170,상행,2025-05-01T05:00:00,,주말
7호선,2712,도봉산,710,,20250619,7호선,3763,석남,761,N,7호선,7199,2716,중계,714,N,15:33:50,15:34:20,,7170,상행,2025-05-01T05:00:00,,주말
7호선,2712,도봉산,710,,20250619,7호선,3763,석남,761,N,7호선,7199,2715,노원,713,N,15:35:40,15:36:10,,7170,상행,2025-05-01T05:00:00,,주말
7호선,2712,도봉산,710,,20250619,7호선,3763,석남,761,N,7호선,7199,2714,마들,712,N,15:37:40,15:38:10,,7170,상행,2025-05-01T05:00:00,,주말
7호선,2712,도봉산,710,,20250619,7호선,3763,석남,761,N,7호선,7199,2713,수락산,711,N,15:40:10,15:40:40,,7170,상행,2025-05-01T05:00:00,,주말
7호선,2712,도봉산,710,,20250619,7호선,3763,석남,761,N,7호선,7199,2712,도봉산,710,N,15:43:00,,,7170,상행,2025-05-01T05:00:00,,주말
7호선,2711,장암,709,,20250619,7호선,2752,온수,750,N,7호선,7205,2752,온수,750,N,,14:27:30,,7172,상행,2025-05-01T05:00:00,,주말
7호선,2711,장암,709,,20250619,7호선,2752,온수,750,N,7호선,7205,2751,천왕,749,N,14:29:50,14:30:10,,7172,상행,2025-05-01T05:00:00,,주말
7호선,2711,장암,709,,20250619,7호선,2752,온수,750,N,7호선,7205,2750,광명사거리,748,N,14:32:10,14:32:40,,7172,상행,2025-05-01T05:00:00,,주말
7호선,2711,장암,709,,20250619,7호선,2752,온수,750,N,7호선,7205,2749,철산,747,N,14:34:30,14:35:00,,7172,상행,2025-05-01T05:00:00,,주말
7호선,2711,장암,709,,20250619,7호선,2752,온수,750,N,7호선,7205,2748,가산디지털단지,746,N,14:37:00,14:37:30,,7172,상행,2025-05-01T05:00:00,,주말
7호선,2711,장암,709,,20250619,7호선,2752,온수,750,N,7호선,7205,2747,남구로,745,N,14:38:50,14:39:20,,7172,상행,2025-05-01T05:00:00,,주말
7호선,2711,장암,709,,20250619,7호선,2752,온수,750,N,7호선,7205,2746,대림,744,N,14:40:50,14:41:20,,7172,상행,2025-05-01T05:00:00,,주말
7호선,2711,장암,709,,20250619,7호선,2752,온수,750,N,7호선,7205,2745,신풍,743,N,14:43:20,14:43:50,,7172,상행,2025-05-01T05:00:00,,주말
7호선,2711,장암,709,,20250619,7호선,2752,온수,750,N,7호선,7205,2744,보라매,742,N,14:45:10,14:45:40,,7172,상행,2025-05-01T05:00:00,,주말
7호선,2711,장암,709,,20250619,7호선,2752,온수,750,N,7호선,7205,2743,신대방삼거리,741,N,14:46:50,14:47:20,,7172,상행,2025-05-01T05:00:00,,주말
7호선,2711,장암,709,,20250619,7호선,2752,온수,750,N,7호선,7205,2742,장승배기,740,N,14:49:10,14:49:40,,7172,상행,2025-05-01T05:00:00,,주말
7호선,2711,장암,709,,20250619,7호선,2752,온수,750,N,7호선,7205,2741,상도,739,N,14:51:10,14:51:40,,7172,상행,2025-05-01T05:00:00,,주말
7호선,2711,장암,709,,20250619,7호선,2752,온수,750,N,7호선,7205,2740,숭실대입구,738,N,14:52:50,14:53:20,,7172,상행,2025-05-01T05:00:00,,주말
7호선,2711,장암,709,,20250619,7호선,2752,온수,750,N,7호선,7205,2739,남성,737,N,14:55:50,14:56:20,,7172,상행,2025-05-01T05:00:00,,주말
7호선,2711,장암,709,,20250619,7호선,2752,온수,750,N,7호선,7205,2738,이수,736,N,14:57:40,14:58:20,,7172,상행,2025-05-01T05:00:00,,주말
7호선,2711,장암,709,,20250619,7호선,2752,온수,750,N,7호선,7205,2737,내방,735,N,14:59:50,15:00:20,,7172,상행,2025-05-01T05:00:00,,주말
7호선,2711,장암,709,,20250619,7호선,2752,온수,750,N,7호선,7205,2736,고속터미널,734,N,15:02:50,15:03:30,,7172,상행,2025-05-01T05:00:00,,주말
7호선,2711,장암,709,,20250619,7호선,2752,온수,750,N,7호선,7205,2735,반포,733,N,15:05:00,15:05:20,,7172,상행,2025-05-01T05:00:00,,주말
7호선,2711,장암,709,,20250619,7호선,2752,온수,750,N,7호선,7205,2734,논현,732,N,15:06:30,15:07:00,,7172,상행,2025-05-01T05:00:00,,주말
7호선,2711,장암,709,,20250619,7호선,2752,온수,750,N,7호선,7205,2733,학동,731,N,15:08:20,15:08:50,,7172,상행,2025-05-01T05:00:00,,주말
7호선,2711,장암,709,,20250619,7호선,2752,온수,750,N,7호선,7205,2732,강남구청,730,N,15:10:00,15:10:30,,7172,상행,2025-05-01T05:00:00,,주말
7호선,2711,장암,709,,20250619,7호선,2752,온수,750,N,7호선,7205,2731,청담,729,N,15:12:00,15:12:30,,7172,상행,2025-05-01T05:00:00,,주말
7호선,2711,장암,709,,20250619,7호선,2752,온수,750,N,7호선,7205,2730,자양,728,N,15:15:00,15:15:20,,7172,상행,2025-05-01T05:00:00,,주말
7호선,2711,장암,709,,20250619,7호선,2752,온수,750,N,7호선,7205,2729,건대입구,727,N,15:16:50,15:17:30,,7172,상행,2025-05-01T05:00:00,,주말
7호선,2711,장암,709,,20250619,7호선,2752,온수,750,N,7호선,7205,2728,어린이대공원,726,N,15:18:50,15:19:20,,7172,상행,2025-05-01T05:00:00,,주말
7호선,2711,장암,709,,20250619,7호선,2752,온수,750,N,7호선,7205,2727,군자,725,N,15:20:40,15:21:20,,7172,상행,2025-05-01T05:00:00,,주말
7호선,2711,장암,709,,20250619,7호선,2752,온수,750,N,7호선,7205,2726,중곡,724,N,15:22:40,15:23:10,,7172,상행,2025-05-01T05:00:00,,주말
7호선,2711,장암,709,,20250619,7호선,2752,온수,750,N,7호선,7205,2725,용마산,723,N,15:24:30,15:24:50,,7172,상행,2025-05-01T05:00:00,,주말
7호선,2711,장암,709,,20250619,7호선,2752,온수,750,N,7호선,7205,2724,사가정,722,N,15:26:00,15:26:30,,7172,상행,2025-05-01T05:00:00,,주말
7호선,2711,장암,709,,20250619,7호선,2752,온수,750,N,7호선,7205,2723,면목,721,N,15:27:40,15:28:10,,7172,상행,2025-05-01T05:00:00,,주말
7호선,2711,장암,709,,20250619,7호선,2752,온수,750,N,7호선,7205,2722,상봉,720,N,15:29:20,15:29:50,,7172,상행,2025-05-01T05:00:00,,주말
7호선,2711,장암,709,,20250619,7호선,2752,온수,750,N,7호선,7205,2721,중화,719,N,15:31:40,15:32:10,,7172,상행,2025-05-01T05:00:00,,주말
7호선,2711,장암,709,,20250619,7호선,2752,온수,750,N,7호선,7205,2720,먹골,718,N,15:33:30,15:34:00,,7172,상행,2025-05-01T05:00:00,,주말
7호선,2711,장암,709,,20250619,7호선,2752,온수,750,N,7호선,7205,2719,태릉입구,717,N,15:35:10,15:35:40,,7172,상행,2025-05-01T05:00:00,,주말
7호선,2711,장암,709,,20250619,7호선,2752,온수,750,N,7호선,7205,2718,공릉,716,N,15:36:40,15:37:10,,7172,상행,2025-05-01T05:00:00,,주말
7호선,2711,장암,709,,20250619,7호선,2752,온수,750,N,7호선,7205,2717,하계,715,N,15:38:40,15:39:10,,7172,상행,2025-05-01T05:00:00,,주말
7호선,2711,장암,709,,20250619,7호선,2752,온수,750,N,7호선,7205,2716,중계,714,N,15:40:20,15:40:50,,7172,상행,2025-05-01T05:00:00,,주말
7호선,2711,장암,709,,20250619,7호선,2752,온수,750,N,7호선,7205,2715,노원,713,N,15:42:10,15:42:40,,7172,상행,2025-05-01T05:00:00,,주말
7호선,2711,장암,709,,20250619,7호선,2752,온수,750,N,7호선,7205,2714,마들,712,N,15:44:10,15:44:40,,7172,상행,2025-05-01T05:00:00,,주말
7호선,2711,장암,709,,20250619,7호선,2752,온수,750,N,7호선,7205,2713,수락산,711,N,15:46:40,15:47:10,,7172,상행,2025-05-01T05:00:00,,주말
7호선,2711,장암,709,,20250619,7호선,2752,온수,750,N,7호선,7205,2712,도봉산,710,N,15:49:30,15:50:00,,7172,상행,2025-05-01T05:00:00,,주말
7호선,2711,장암,709,,20250619,7호선,2752,온수,750,N,7호선,7205,2711,장암,709,N,15:54:30,,,7172,상행,2025-05-01T05:00:00,,주말
7호선,2712,도봉산,710,,20250619,7호선,3763,석남,761,N,7호선,7203,3763,석남,761,N,,14:10:30,,7174,상행,2025-05-01T05:00:00,,주말
7호선,2712,도봉산,710,,20250619,7호선,3763,석남,761,N,7호선,7203,3762,산곡,760,N,14:13:30,14:14:00,,7174,상행,2025-05-01T05:00:00,,주말
7호선,2712,도봉산,710,,20250619,7호선,3763,석남,761,N,7호선,7203,3761,부평구청,759,N,14:16:00,14:16:30,,7174,상행,2025-05-01T05:00:00,,주말
7호선,2712,도봉산,710,,20250619,7호선,3763,석남,761,N,7호선,7203,3760,굴포천,758,N,14:17:50,14:18:20,,7174,상행,2025-05-01T05:00:00,,주말
7호선,2712,도봉산,710,,20250619,7호선,3763,석남,761,N,7호선,7203,3759,삼산체육관,757,N,14:19:30,14:20:00,,7174,상행,2025-05-01T05:00:00,,주말
7호선,2712,도봉산,710,,20250619,7호선,3763,석남,761,N,7호선,7203,3758,상동,756,N,14:21:20,14:21:50,,7174,상행,2025-05-01T05:00:00,,주말
7호선,2712,도봉산,710,,20250619,7호선,3763,석남,761,N,7호선,7203,3757,부천시청,755,N,14:23:00,14:23:30,,7174,상행,2025-05-01T05:00:00,,주말
7호선,2712,도봉산,710,,20250619,7호선,3763,석남,761,N,7호선,7203,3756,신중동,754,N,14:24:50,14:25:20,,7174,상행,2025-05-01T05:00:00,,주말
7호선,2712,도봉산,710,,20250619,7호선,3763,석남,761,N,7호선,7203,3755,춘의,753,N,14:26:40,14:27:10,,7174,상행,2025-05-01T05:00:00,,주말
7호선,2712,도봉산,710,,20250619,7호선,3763,석남,761,N,7호선,7203,3754,부천종합운동장,752,N,14:28:30,14:29:00,,7174,상행,2025-05-01T05:00:00,,주말
7호선,2712,도봉산,710,,20250619,7호선,3763,석남,761,N,7호선,7203,3753,까치울,751,N,14:30:30,14:31:00,,7174,상행,2025-05-01T05:00:00,,주말
7호선,2712,도봉산,710,,20250619,7호선,3763,석남,761,N,7호선,7203,2752,온수,750,N,14:33:30,14:34:00,,7174,상행,2025-05-01T05:00:00,,주말
7호선,2712,도봉산,710,,20250619,7호선,3763,석남,761,N,7호선,7203,2751,천왕,749,N,14:36:20,14:36:40,,7174,상행,2025-05-01T05:00:00,,주말
7호선,2712,도봉산,710,,20250619,7호선,3763,석남,761,N,7호선,7203,2750,광명사거리,748,N,14:38:40,14:39:10,,7174,상행,2025-05-01T05:00:00,,주말
7호선,2712,도봉산,710,,20250619,7호선,3763,석남,761,N,7호선,7203,2749,철산,747,N,14:41:00,14:41:30,,7174,상행,2025-05-01T05:00:00,,주말
7호선,2712,도봉산,710,,20250619,7호선,3763,석남,761,N,7호선,7203,2748,가산디지털단지,746,N,14:43:30,14:44:00,,7174,상행,2025-05-01T05:00:00,,주말
7호선,2712,도봉산,710,,20250619,7호선,3763,석남,761,N,7호선,7203,2747,남구로,745,N,14:45:20,14:45:50,,7174,상행,2025-05-01T05:00:00,,주말
7호선,2712,도봉산,710,,20250619,7호선,3763,석남,761,N,7호선,7203,2746,대림,744,N,14:47:20,14:47:50,,7174,상행,2025-05-01T05:00:00,,주말
7호선,2712,도봉산,710,,20250619,7호선,3763,석남,761,N,7호선,7203,2745,신풍,743,N,14:49:50,14:50:20,,7174,상행,2025-05-01T05:00:00,,주말
7호선,2712,도봉산,710,,20250619,7호선,3763,석남,761,N,7호선,7203,2744,보라매,742,N,14:51:40,14:52:10,,7174,상행,2025-05-01T05:00:00,,주말
7호선,2712,도봉산,710,,20250619,7호선,3763,석남,761,N,7호선,7203,2743,신대방삼거리,741,N,14:53:20,14:53:50,,7174,상행,2025-05-01T05:00:00,,주말
7호선,2712,도봉산,710,,20250619,7호선,3763,석남,761,N,7호선,7203,2742,장승배기,740,N,14:55:40,14:56:10,,7174,상행,2025-05-01T05:00:00,,주말
7호선,2712,도봉산,710,,20250619,7호선,3763,석남,761,N,7호선,7203,2741,상도,739,N,14:57:40,14:58:10,,7174,상행,2025-05-01T05:00:00,,주말
7호선,2712,도봉산,710,,20250619,7호선,3763,석남,761,N,7호선,7203,2740,숭실대입구,738,N,14:59:20,14:59:50,,7174,상행,2025-05-01T05:00:00,,주말
7호선,2712,도봉산,710,,20250619,7호선,3763,석남,761,N,7호선,7203,2739,남성,737,N,15:02:20,15:02:50,,7174,상행,2025-05-01T05:00:00,,주말
7호선,2712,도봉산,710,,20250619,7호선,3763,석남,761,N,7호선,7203,2738,이수,736,N,15:04:10,15:04:50,,7174,상행,2025-05-01T05:00:00,,주말
7호선,2712,도봉산,710,,20250619,7호선,3763,석남,761,N,7호선,7203,2737,내방,735,N,15:06:20,15:06:50,,7174,상행,2025-05-01T05:00:00,,주말
7호선,2712,도봉산,710,,20250619,7호선,3763,석남,761,N,7호선,7203,2736,고속터미널,734,N,15:09:20,15:10:00,,7174,상행,2025-05-01T05:00:00,,주말
7호선,2712,도봉산,710,,20250619,7호선,3763,석남,761,N,7호선,7203,2735,반포,733,N,15:11:30,15:11:50,,7174,상행,2025-05-01T05:00:00,,주말
7호선,2712,도봉산,710,,20250619,7호선,3763,석남,761,N,7호선,7203,2734,논현,732,N,15:13:00,15:13:30,,7174,상행,2025-05-01T05:00:00,,주말
7호선,2712,도봉산,710,,20250619,7호선,3763,석남,761,N,7호선,7203,2733,학동,731,N,15:14:50,15:15:20,,7174,상행,2025-05-01T05:00:00,,주말
7호선,2712,도봉산,710,,20250619,7호선,3763,석남,761,N,7호선,7203,2732,강남구청,730,N,15:16:30,15:17:00,,7174,상행,2025-05-01T05:00:00,,주말
7호선,2712,도봉산,710,,20250619,7호선,3763,석남,761,N,7호선,7203,2731,청담,729,N,15:18:30,15:19:00,,7174,상행,2025-05-01T05:00:00,,주말
7호선,2712,도봉산,710,,20250619,7호선,3763,석남,761,N,7호선,7203,2730,자양,728,N,15:21:30,15:21:50,,7174,상행,2025-05-01T05:00:00,,주말
7호선,2712,도봉산,710,,20250619,7호선,3763,석남,761,N,7호선,7203,2729,건대입구,727,N,15:23:20,15:24:00,,7174,상행,2025-05-01T05:00:00,,주말
7호선,2712,도봉산,710,,20250619,7호선,3763,석남,761,N,7호선,7203,2728,어린이대공원,726,N,15:25:20,15:25:50,,7174,상행,2025-05-01T05:00:00,,주말
7호선,2712,도봉산,710,,20250619,7호선,3763,석남,761,N,7호선,7203,2727,군자,725,N,15:27:10,15:27:50,,7174,상행,2025-05-01T05:00:00,,주말
7호선,2712,도봉산,710,,20250619,7호선,3763,석남,761,N,7호선,7203,2726,중곡,724,N,15:29:10,15:29:40,,7174,상행,2025-05-01T05:00:00,,주말
7호선,2712,도봉산,710,,20250619,7호선,3763,석남,761,N,7호선,7203,2725,용마산,723,N,15:31:00,15:31:20,,7174,상행,2025-05-01T05:00:00,,주말
7호선,2712,도봉산,710,,20250619,7호선,3763,석남,761,N,7호선,7203,2724,사가정,722,N,15:32:30,15:33:00,,7174,상행,2025-05-01T05:00:00,,주말
7호선,2712,도봉산,710,,20250619,7호선,3763,석남,761,N,7호선,7203,2723,면목,721,N,15:34:10,15:34:40,,7174,상행,2025-05-01T05:00:00,,주말
7호선,2712,도봉산,710,,20250619,7호선,3763,석남,761,N,7호선,7203,2722,상봉,720,N,15:35:50,15:36:20,,7174,상행,2025-05-01T05:00:00,,주말
7호선,2712,도봉산,710,,20250619,7호선,3763,석남,761,N,7호선,7203,2721,중화,719,N,15:38:10,15:38:40,,7174,상행,2025-05-01T05:00:00,,주말
7호선,2712,도봉산,710,,20250619,7호선,3763,석남,761,N,7호선,7203,2720,먹골,718,N,15:40:00,15:40:30,,7174,상행,2025-05-01T05:00:00,,주말
7호선,2712,도봉산,710,,20250619,7호선,3763,석남,761,N,7호선,7203,2719,태릉입구,717,N,15:41:40,15:42:10,,7174,상행,2025-05-01T05:00:00,,주말
7호선,2712,도봉산,710,,20250619,7호선,3763,석남,761,N,7호선,7203,2718,공릉,716,N,15:43:10,15:43:40,,7174,상행,2025-05-01T05:00:00,,주말
7호선,2712,도봉산,710,,20250619,7호선,3763,석남,761,N,7호선,7203,2717,하계,715,N,15:45:10,15:45:40,,7174,상행,2025-05-01T05:00:00,,주말
7호선,2712,도봉산,710,,20250619,7호선,3763,석남,761,N,7호선,7203,2716,중계,714,N,15:46:50,15:47:20,,7174,상행,2025-05-01T05:00:00,,주말
7호선,2712,도봉산,710,,20250619,7호선,3763,석남,761,N,7호선,7203,2715,노원,713,N,15:48:40,15:49:10,,7174,상행,2025-05-01T05:00:00,,주말
7호선,2712,도봉산,710,,20250619,7호선,3763,석남,761,N,7호선,7203,2714,마들,712,N,15:50:40,15:51:10,,7174,상행,2025-05-01T05:00:00,,주말
7호선,2712,도봉산,710,,20250619,7호선,3763,석남,761,N,7호선,7203,2713,수락산,711,N,15:53:10,15:53:40,,7174,상행,2025-05-01T05:00:00,,주말
7호선,2712,도봉산,710,,20250619,7호선,3763,석남,761,N,7호선,7203,2712,도봉산,710,N,15:56:00,,,7174,상행,2025-05-01T05:00:00,,주말
7호선,2711,장암,709,,20250619,7호선,2752,온수,750,N,7호선,7209,2752,온수,750,N,,14:40:30,,7176,상행,2025-05-01T05:00:00,,주말
7호선,2711,장암,709,,20250619,7호선,2752,온수,750,N,7호선,7209,2751,천왕,749,N,14:42:50,14:43:10,,7176,상행,2025-05-01T05:00:00,,주말
7호선,2711,장암,709,,20250619,7호선,2752,온수,750,N,7호선,7209,2750,광명사거리,748,N,14:45:10,14:45:40,,7176,상행,2025-05-01T05:00:00,,주말
7호선,2711,장암,709,,20250619,7호선,2752,온수,750,N,7호선,7209,2749,철산,747,N,14:47:30,14:48:00,,7176,상행,2025-05-01T05:00:00,,주말
7호선,2711,장암,709,,20250619,7호선,2752,온수,750,N,7호선,7209,2748,가산디지털단지,746,N,14:50:00,14:50:30,,7176,상행,2025-05-01T05:00:00,,주말
7호선,2711,장암,709,,20250619,7호선,2752,온수,750,N,7호선,7209,2747,남구로,745,N,14:51:50,14:52:20,,7176,상행,2025-05-01T05:00:00,,주말
7호선,2711,장암,709,,20250619,7호선,2752,온수,750,N,7호선,7209,2746,대림,744,N,14:53:50,14:54:20,,7176,상행,2025-05-01T05:00:00,,주말
7호선,2711,장암,709,,20250619,7호선,2752,온수,750,N,7호선,7209,2745,신풍,743,N,14:56:20,14:56:50,,7176,상행,2025-05-01T05:00:00,,주말
7호선,2711,장암,709,,20250619,7호선,2752,온수,750,N,7호선,7209,2744,보라매,742,N,14:58:10,14:58:40,,7176,상행,2025-05-01T05:00:00,,주말
7호선,2711,장암,709,,20250619,7호선,2752,온수,750,N,7호선,7209,2743,신대방삼거리,741,N,14:59:50,15:00:20,,7176,상행,2025-05-01T05:00:00,,주말
7호선,2711,장암,709,,20250619,7호선,2752,온수,750,N,7호선,7209,2742,장승배기,740,N,15:02:10,15:02:40,,7176,상행,2025-05-01T05:00:00,,주말
7호선,2711,장암,709,,20250619,7호선,2752,온수,750,N,7호선,7209,2741,상도,739,N,15:04:10,15:04:40,,7176,상행,2025-05-01T05:00:00,,주말
7호선,2711,장암,709,,20250619,7호선,2752,온수,750,N,7호선,7209,2740,숭실대입구,738,N,15:05:50,15:06:20,,7176,상행,2025-05-01T05:00:00,,주말
7호선,2711,장암,709,,20250619,7호선,2752,온수,750,N,7호선,7209,2739,남성,737,N,15:08:50,15:09:20,,7176,상행,2025-05-01T05:00:00,,주말
7호선,2711,장암,709,,20250619,7호선,2752,온수,750,N,7호선,7209,2738,이수,736,N,15:10:40,15:11:20,,7176,상행,2025-05-01T05:00:00,,주말
7호선,2711,장암,709,,20250619,7호선,2752,온수,750,N,7호선,7209,2737,내방,735,N,15:12:50,15:13:20,,7176,상행,2025-05-01T05:00:00,,주말
7호선,2711,장암,709,,20250619,7호선,2752,온수,750,N,7호선,7209,2736,고속터미널,734,N,15:15:50,15:16:30,,7176,상행,2025-05-01T05:00:00,,주말
7호선,2711,장암,709,,20250619,7호선,2752,온수,750,N,7호선,7209,2735,반포,733,N,15:18:00,15:18:20,,7176,상행,2025-05-01T05:00:00,,주말
7호선,2711,장암,709,,20250619,7호선,2752,온수,750,N,7호선,7209,2734,논현,732,N,15:19:30,15:20:00,,7176,상행,2025-05-01T05:00:00,,주말
7호선,2711,장암,709,,20250619,7호선,2752,온수,750,N,7호선,7209,2733,학동,731,N,15:21:20,15:21:50,,7176,상행,2025-05-01T05:00:00,,주말
7호선,2711,장암,709,,20250619,7호선,2752,온수,750,N,7호선,7209,2732,강남구청,730,N,15:23:00,15:23:30,,7176,상행,2025-05-01T05:00:00,,주말
7호선,2711,장암,709,,20250619,7호선,2752,온수,750,N,7호선,7209,2731,청담,729,N,15:25:00,15:25:30,,7176,상행,2025-05-01T05:00:00,,주말
7호선,2711,장암,709,,20250619,7호선,2752,온수,750,N,7호선,7209,2730,자양,728,N,15:28:00,15:28:20,,7176,상행,2025-05-01T05:00:00,,주말
7호선,2711,장암,709,,20250619,7호선,2752,온수,750,N,7호선,7209,2729,건대입구,727,N,15:29:50,15:30:30,,7176,상행,2025-05-01T05:00:00,,주말
7호선,2711,장암,709,,20250619,7호선,2752,온수,750,N,7호선,7209,2728,어린이대공원,726,N,15:31:50,15:32:20,,7176,상행,2025-05-01T05:00:00,,주말
7호선,2711,장암,709,,20250619,7호선,2752,온수,750,N,7호선,7209,2727,군자,725,N,15:33:40,15:34:20,,7176,상행,2025-05-01T05:00:00,,주말
7호선,2711,장암,709,,20250619,7호선,2752,온수,750,N,7호선,7209,2726,중곡,724,N,15:35:40,15:36:10,,7176,상행,2025-05-01T05:00:00,,주말
7호선,2711,장암,709,,20250619,7호선,2752,온수,750,N,7호선,7209,2725,용마산,723,N,15:37:30,15:37:50,,7176,상행,2025-05-01T05:00:00,,주말
7호선,2711,장암,709,,20250619,7호선,2752,온수,750,N,7호선,7209,2724,사가정,722,N,15:39:00,15:39:30,,7176,상행,2025-05-01T05:00:00,,주말
7호선,2711,장암,709,,20250619,7호선,2752,온수,750,N,7호선,7209,2723,면목,721,N,15:40:40,15:41:10,,7176,상행,2025-05-01T05:00:00,,주말
7호선,2711,장암,709,,20250619,7호선,2752,온수,750,N,7호선,7209,2722,상봉,720,N,15:42:20,15:42:50,,7176,상행,2025-05-01T05:00:00,,주말
7호선,2711,장암,709,,20250619,7호선,2752,온수,750,N,7호선,7209,2721,중화,719,N,15:44:40,15:45:10,,7176,상행,2025-05-01T05:00:00,,주말
7호선,2711,장암,709,,20250619,7호선,2752,온수,750,N,7호선,7209,2720,먹골,718,N,15:46:30,15:47:00,,7176,상행,2025-05-01T05:00:00,,주말
7호선,2711,장암,709,,20250619,7호선,2752,온수,750,N,7호선,7209,2719,태릉입구,717,N,15:48:10,15:48:40,,7176,상행,2025-05-01T05:00:00,,주말
7호선,2711,장암,709,,20250619,7호선,2752,온수,750,N,7호선,7209,2718,공릉,716,N,15:49:40,15:50:10,,7176,상행,2025-05-01T05:00:00,,주말
7호선,2711,장암,709,,20250619,7호선,2752,온수,750,N,7호선,7209,2717,하계,715,N,15:51:40,15:52:10,,7176,상행,2025-05-01T05:00:00,,주말
7호선,2711,장암,709,,20250619,7호선,2752,온수,750,N,7호선,7209,2716,중계,714,N,15:53:20,15:53:50,,7176,상행,2025-05-01T05:00:00,,주말
7호선,2711,장암,709,,20250619,7호선,2752,온수,750,N,7호선,7209,2715,노원,713,N,15:55:10,15:55:40,,7176,상행,2025-05-01T05:00:00,,주말
7호선,2711,장암,709,,20250619,7호선,2752,온수,750,N,7호선,7209,2714,마들,712,N,15:57:10,15:57:40,,7176,상행,2025-05-01T05:00:00,,주말
7호선,2711,장암,709,,20250619,7호선,2752,온수,750,N,7호선,7209,2713,수락산,711,N,15:59:40,16:00:10,,7176,상행,2025-05-01T05:00:00,,주말
7호선,2711,장암,709,,20250619,7호선,2752,온수,750,N,7호선,7209,2712,도봉산,710,N,16:02:30,16:03:00,,7176,상행,2025-05-01T05:00:00,,주말
7호선,2711,장암,709,,20250619,7호선,2752,온수,750,N,7호선,7209,2711,장암,709,N,16:07:30,,,7176,상행,2025-05-01T05:00:00,,주말
7호선,2712,도봉산,710,,20250619,7호선,3763,석남,761,N,7호선,7207,3763,석남,761,N,,14:23:30,,7178,상행,2025-05-01T05:00:00,,주말
7호선,2712,도봉산,710,,20250619,7호선,3763,석남,761,N,7호선,7207,3762,산곡,760,N,14:26:30,14:27:00,,7178,상행,2025-05-01T05:00:00,,주말
7호선,2712,도봉산,710,,20250619,7호선,3763,석남,761,N,7호선,7207,3761,부평구청,759,N,14:29:00,14:29:30,,7178,상행,2025-05-01T05:00:00,,주말
7호선,2712,도봉산,710,,20250619,7호선,3763,석남,761,N,7호선,7207,3760,굴포천,758,N,14:30:50,14:31:20,,7178,상행,2025-05-01T05:00:00,,주말
7호선,2712,도봉산,710,,20250619,7호선,3763,석남,761,N,7호선,7207,3759,삼산체육관,757,N,14:32:30,14:33:00,,7178,상행,2025-05-01T05:00:00,,주말
7호선,2712,도봉산,710,,20250619,7호선,3763,석남,761,N,7호선,7207,3758,상동,756,N,14:34:20,14:34:50,,7178,상행,2025-05-01T05:00:00,,주말
7호선,2712,도봉산,710,,20250619,7호선,3763,석남,761,N,7호선,7207,3757,부천시청,755,N,14:36:00,14:36:30,,7178,상행,2025-05-01T05:00:00,,주말
7호선,2712,도봉산,710,,20250619,7호선,3763,석남,761,N,7호선,7207,3756,신중동,754,N,14:37:50,14:38:20,,7178,상행,2025-05-01T05:00:00,,주말
7호선,2712,도봉산,710,,20250619,7호선,3763,석남,761,N,7호선,7207,3755,춘의,753,N,14:39:40,14:40:10,,7178,상행,2025-05-01T05:00:00,,주말
7호선,2712,도봉산,710,,20250619,7호선,3763,석남,761,N,7호선,7207,3754,부천종합운동장,752,N,14:41:30,14:42:00,,7178,상행,2025-05-01T05:00:00,,주말
7호선,2712,도봉산,710,,20250619,7호선,3763,석남,761,N,7호선,7207,3753,까치울,751,N,14:43:30,14:44:00,,7178,상행,2025-05-01T05:00:00,,주말
7호선,2712,도봉산,710,,20250619,7호선,3763,석남,761,N,7호선,7207,2752,온수,750,N,14:46:30,14:47:00,,7178,상행,2025-05-01T05:00:00,,주말
7호선,2712,도봉산,710,,20250619,7호선,3763,석남,761,N,7호선,7207,2751,천왕,749,N,14:49:20,14:49:40,,7178,상행,2025-05-01T05:00:00,,주말
7호선,2712,도봉산,710,,20250619,7호선,3763,석남,761,N,7호선,7207,2750,광명사거리,748,N,14:51:40,14:52:10,,7178,상행,2025-05-01T05:00:00,,주말
7호선,2712,도봉산,710,,20250619,7호선,3763,석남,761,N,7호선,7207,2749,철산,747,N,14:54:00,14:54:30,,7178,상행,2025-05-01T05:00:00,,주말
7호선,2712,도봉산,710,,20250619,7호선,3763,석남,761,N,7호선,7207,2748,가산디지털단지,746,N,14:56:30,14:57:00,,7178,상행,2025-05-01T05:00:00,,주말
7호선,2712,도봉산,710,,20250619,7호선,3763,석남,761,N,7호선,7207,2747,남구로,745,N,14:58:20,14:58:50,,7178,상행,2025-05-01T05:00:00,,주말
7호선,2712,도봉산,710,,20250619,7호선,3763,석남,761,N,7호선,7207,2746,대림,744,N,15:00:20,15:00:50,,7178,상행,2025-05-01T05:00:00,,주말
7호선,2712,도봉산,710,,20250619,7호선,3763,석남,761,N,7호선,7207,2745,신풍,743,N,15:02:50,15:03:20,,7178,상행,2025-05-01T05:00:00,,주말
7호선,2712,도봉산,710,,20250619,7호선,3763,석남,761,N,7호선,7207,2744,보라매,742,N,15:04:40,15:05:10,,7178,상행,2025-05-01T05:00:00,,주말
7호선,2712,도봉산,710,,20250619,7호선,3763,석남,761,N,7호선,7207,2743,신대방삼거리,741,N,15:06:20,15:06:50,,7178,상행,2025-05-01T05:00:00,,주말
7호선,2712,도봉산,710,,20250619,7호선,3763,석남,761,N,7호선,7207,2742,장승배기,740,N,15:08:40,15:09:10,,7178,상행,2025-05-01T05:00:00,,주말
7호선,2712,도봉산,710,,20250619,7호선,3763,석남,761,N,7호선,7207,2741,상도,739,N,15:10:40,15:11:10,,7178,상행,2025-05-01T05:00:00,,주말
7호선,2712,도봉산,710,,20250619,7호선,3763,석남,761,N,7호선,7207,2740,숭실대입구,738,N,15:12:20,15:12:50,,7178,상행,2025-05-01T05:00:00,,주말
7호선,2712,도봉산,710,,20250619,7호선,3763,석남,761,N,7호선,7207,2739,남성,737,N,15:15:20,15:15:50,,7178,상행,2025-05-01T05:00:00,,주말
7호선,2712,도봉산,710,,20250619,7호선,3763,석남,761,N,7호선,7207,2738,이수,736,N,15:17:10,15:17:50,,7178,상행,2025-05-01T05:00:00,,주말
7호선,2712,도봉산,710,,20250619,7호선,3763,석남,761,N,7호선,7207,2737,내방,735,N,15:19:20,15:19:50,,7178,상행,2025-05-01T05:00:00,,주말
7호선,2712,도봉산,710,,20250619,7호선,3763,석남,761,N,7호선,7207,2736,고속터미널,734,N,15:22:20,15:23:00,,7178,상행,2025-05-01T05:00:00,,주말
7호선,2712,도봉산,710,,20250619,7호선,3763,석남,761,N,7호선,7207,2735,반포,733,N,15:24:30,15:24:50,,7178,상행,2025-05-01T05:00:00,,주말
7호선,2712,도봉산,710,,20250619,7호선,3763,석남,761,N,7호선,7207,2734,논현,732,N,15:26:00,15:26:30,,7178,상행,2025-05-01T05:00:00,,주말
7호선,2712,도봉산,710,,20250619,7호선,3763,석남,761,N,7호선,7207,2733,학동,731,N,15:27:50,15:28:20,,7178,상행,2025-05-01T05:00:00,,주말
7호선,2712,도봉산,710,,20250619,7호선,3763,석남,761,N,7호선,7207,2732,강남구청,730,N,15:29:30,15:30:00,,7178,상행,2025-05-01T05:00:00,,주말
7호선,2712,도봉산,710,,20250619,7호선,3763,석남,761,N,7호선,7207,2731,청담,729,N,15:31:30,15:32:00,,7178,상행,2025-05-01T05:00:00,,주말
7호선,2712,도봉산,710,,20250619,7호선,3763,석남,761,N,7호선,7207,2730,자양,728,N,15:34:30,15:34:50,,7178,상행,2025-05-01T05:00:00,,주말
7호선,2712,도봉산,710,,20250619,7호선,3763,석남,761,N,7호선,7207,2729,건대입구,727,N,15:36:20,15:37:00,,7178,상행,2025-05-01T05:00:00,,주말
7호선,2712,도봉산,710,,20250619,7호선,3763,석남,761,N,7호선,7207,2728,어린이대공원,726,N,15:38:20,15:38:50,,7178,상행,2025-05-01T05:00:00,,주말
7호선,2712,도봉산,710,,20250619,7호선,3763,석남,761,N,7호선,7207,2727,군자,725,N,15:40:10,15:40:50,,7178,상행,2025-05-01T05:00:00,,주말
7호선,2712,도봉산,710,,20250619,7호선,3763,석남,761,N,7호선,7207,2726,중곡,724,N,15:42:10,15:42:40,,7178,상행,2025-05-01T05:00:00,,주말
7호선,2712,도봉산,710,,20250619,7호선,3763,석남,761,N,7호선,7207,2725,용마산,723,N,15:44:00,15:44:20,,7178,상행,2025-05-01T05:00:00,,주말
7호선,2712,도봉산,710,,20250619,7호선,3763,석남,761,N,7호선,7207,2724,사가정,722,N,15:45:30,15:46:00,,7178,상행,2025-05-01T05:00:00,,주말
7호선,2712,도봉산,710,,20250619,7호선,3763,석남,761,N,7호선,7207,2723,면목,721,N,15:47:10,15:47:40,,7178,상행,2025-05-01T05:00:00,,주말
7호선,2712,도봉산,710,,20250619,7호선,3763,석남,761,N,7호선,7207,2722,상봉,720,N,15:48:50,15:49:20,,7178,상행,2025-05-01T05:00:00,,주말
7호선,2712,도봉산,710,,20250619,7호선,3763,석남,761,N,7호선,7207,2721,중화,719,N,15:51:10,15:51:40,,7178,상행,2025-05-01T05:00:00,,주말
7호선,2712,도봉산,710,,20250619,7호선,3763,석남,761,N,7호선,7207,2720,먹골,718,N,15:53:00,15:53:30,,7178,상행,2025-05-01T05:00:00,,주말
7호선,2712,도봉산,710,,20250619,7호선,3763,석남,761,N,7호선,7207,2719,태릉입구,717,N,15:54:40,15:55:10,,7178,상행,2025-05-01T05:00:00,,주말
7호선,2712,도봉산,710,,20250619,7호선,3763,석남,761,N,7호선,7207,2718,공릉,716,N,15:56:10,15:56:40,,7178,상행,2025-05-01T05:00:00,,주말
7호선,2712,도봉산,710,,20250619,7호선,3763,석남,761,N,7호선,7207,2717,하계,715,N,15:58:10,15:58:40,,7178,상행,2025-05-01T05:00:00,,주말
7호선,2712,도봉산,710,,20250619,7호선,3763,석남,761,N,7호선,7207,2716,중계,714,N,15:59:50,16:00:20,,7178,상행,2025-05-01T05:00:00,,주말
7호선,2712,도봉산,710,,20250619,7호선,3763,석남,761,N,7호선,7207,2715,노원,713,N,16:01:40,16:02:10,,7178,상행,2025-05-01T05:00:00,,주말
7호선,2712,도봉산,710,,20250619,7호선,3763,석남,761,N,7호선,7207,2714,마들,712,N,16:03:40,16:04:10,,7178,상행,2025-05-01T05:00:00,,주말
7호선,2712,도봉산,710,,20250619,7호선,3763,석남,761,N,7호선,7207,2713,수락산,711,N,16:06:10,16:06:40,,7178,상행,2025-05-01T05:00:00,,주말
7호선,2712,도봉산,710,,20250619,7호선,3763,석남,761,N,7호선,7207,2712,도봉산,710,N,16:09:00,,,7178,상행,2025-05-01T05:00:00,,주말
7호선,2711,장암,709,,20250619,7호선,2752,온수,750,N,7호선,7213,2752,온수,750,N,,14:53:30,,7180,상행,2025-05-01T05:00:00,,주말
7호선,2711,장암,709,,20250619,7호선,2752,온수,750,N,7호선,7213,2751,천왕,749,N,14:55:50,14:56:10,,7180,상행,2025-05-01T05:00:00,,주말
7호선,2711,장암,709,,20250619,7호선,2752,온수,750,N,7호선,7213,2750,광명사거리,748,N,14:58:10,14:58:40,,7180,상행,2025-05-01T05:00:00,,주말
7호선,2711,장암,709,,20250619,7호선,2752,온수,750,N,7호선,7213,2749,철산,747,N,15:00:30,15:01:00,,7180,상행,2025-05-01T05:00:00,,주말
7호선,2711,장암,709,,20250619,7호선,2752,온수,750,N,7호선,7213,2748,가산디지털단지,746,N,15:03:00,15:03:30,,7180,상행,2025-05-01T05:00:00,,주말
7호선,2711,장암,709,,20250619,7호선,2752,온수,750,N,7호선,7213,2747,남구로,745,N,15:04:50,15:05:20,,7180,상행,2025-05-01T05:00:00,,주말
7호선,2711,장암,709,,20250619,7호선,2752,온수,750,N,7호선,7213,2746,대림,744,N,15:06:50,15:07:20,,7180,상행,2025-05-01T05:00:00,,주말
7호선,2711,장암,709,,20250619,7호선,2752,온수,750,N,7호선,7213,2745,신풍,743,N,15:09:20,15:09:50,,7180,상행,2025-05-01T05:00:00,,주말
7호선,2711,장암,709,,20250619,7호선,2752,온수,750,N,7호선,7213,2744,보라매,742,N,15:11:10,15:11:40,,7180,상행,2025-05-01T05:00:00,,주말
7호선,2711,장암,709,,20250619,7호선,2752,온수,750,N,7호선,7213,2743,신대방삼거리,741,N,15:12:50,15:13:20,,7180,상행,2025-05-01T05:00:00,,주말
7호선,2711,장암,709,,20250619,7호선,2752,온수,750,N,7호선,7213,2742,장승배기,740,N,15:15:10,15:15:40,,7180,상행,2025-05-01T05:00:00,,주말
7호선,2711,장암,709,,20250619,7호선,2752,온수,750,N,7호선,7213,2741,상도,739,N,15:17:10,15:17:40,,7180,상행,2025-05-01T05:00:00,,주말
7호선,2711,장암,709,,20250619,7호선,2752,온수,750,N,7호선,7213,2740,숭실대입구,738,N,15:18:50,15:19:20,,7180,상행,2025-05-01T05:00:00,,주말
7호선,2711,장암,709,,20250619,7호선,2752,온수,750,N,7호선,7213,2739,남성,737,N,15:21:50,15:22:20,,7180,상행,2025-05-01T05:00:00,,주말
7호선,2711,장암,709,,20250619,7호선,2752,온수,750,N,7호선,7213,2738,이수,736,N,15:23:40,15:24:20,,7180,상행,2025-05-01T05:00:00,,주말
7호선,2711,장암,709,,20250619,7호선,2752,온수,750,N,7호선,7213,2737,내방,735,N,15:25:50,15:26:20,,7180,상행,2025-05-01T05:00:00,,주말
7호선,2711,장암,709,,20250619,7호선,2752,온수,750,N,7호선,7213,2736,고속터미널,734,N,15:28:50,15:29:30,,7180,상행,2025-05-01T05:00:00,,주말
7호선,2711,장암,709,,20250619,7호선,2752,온수,750,N,7호선,7213,2735,반포,733,N,15:31:00,15:31:20,,7180,상행,2025-05-01T05:00:00,,주말
7호선,2711,장암,709,,20250619,7호선,2752,온수,750,N,7호선,7213,2734,논현,732,N,15:32:30,15:33:00,,7180,상행,2025-05-01T05:00:00,,주말
7호선,2711,장암,709,,20250619,7호선,2752,온수,750,N,7호선,7213,2733,학동,731,N,15:34:20,15:34:50,,7180,상행,2025-05-01T05:00:00,,주말
7호선,2711,장암,709,,20250619,7호선,2752,온수,750,N,7호선,7213,2732,강남구청,730,N,15:36:00,15:36:30,,7180,상행,2025-05-01T05:00:00,,주말
7호선,2711,장암,709,,20250619,7호선,2752,온수,750,N,7호선,7213,2731,청담,729,N,15:38:00,15:38:30,,7180,상행,2025-05-01T05:00:00,,주말
7호선,2711,장암,709,,20250619,7호선,2752,온수,750,N,7호선,7213,2730,자양,728,N,15:41:00,15:41:20,,7180,상행,2025-05-01T05:00:00,,주말
7호선,2711,장암,709,,20250619,7호선,2752,온수,750,N,7호선,7213,2729,건대입구,727,N,15:42:50,15:43:30,,7180,상행,2025-05-01T05:00:00,,주말
7호선,2711,장암,709,,20250619,7호선,2752,온수,750,N,7호선,7213,2728,어린이대공원,726,N,15:44:50,15:45:20,,7180,상행,2025-05-01T05:00:00,,주말
7호선,2711,장암,709,,20250619,7호선,2752,온수,750,N,7호선,7213,2727,군자,725,N,15:46:40,15:47:20,,7180,상행,2025-05-01T05:00:00,,주말
7호선,2711,장암,709,,20250619,7호선,2752,온수,750,N,7호선,7213,2726,중곡,724,N,15:48:40,15:49:10,,7180,상행,2025-05-01T05:00:00,,주말
7호선,2711,장암,709,,20250619,7호선,2752,온수,750,N,7호선,7213,2725,용마산,723,N,15:50:30,15:50:50,,7180,상행,2025-05-01T05:00:00,,주말
7호선,2711,장암,709,,20250619,7호선,2752,온수,750,N,7호선,7213,2724,사가정,722,N,15:52:00,15:52:30,,7180,상행,2025-05-01T05:00:00,,주말
7호선,2711,장암,709,,20250619,7호선,2752,온수,750,N,7호선,7213,2723,면목,721,N,15:53:40,15:54:10,,7180,상행,2025-05-01T05:00:00,,주말
7호선,2711,장암,709,,20250619,7호선,2752,온수,750,N,7호선,7213,2722,상봉,720,N,15:55:20,15:55:50,,7180,상행,2025-05-01T05:00:00,,주말
7호선,2711,장암,709,,20250619,7호선,2752,온수,750,N,7호선,7213,2721,중화,719,N,15:57:40,15:58:10,,7180,상행,2025-05-01T05:00:00,,주말
7호선,2711,장암,709,,20250619,7호선,2752,온수,750,N,7호선,7213,2720,먹골,718,N,15:59:30,16:00:00,,7180,상행,2025-05-01T05:00:00,,주말
7호선,2711,장암,709,,20250619,7호선,2752,온수,750,N,7호선,7213,2719,태릉입구,717,N,16:01:10,16:01:40,,7180,상행,2025-05-01T05:00:00,,주말
7호선,2711,장암,709,,20250619,7호선,2752,온수,750,N,7호선,7213,2718,공릉,716,N,16:02:40,16:03:10,,7180,상행,2025-05-01T05:00:00,,주말
7호선,2711,장암,709,,20250619,7호선,2752,온수,750,N,7호선,7213,2717,하계,715,N,16:04:40,16:05:10,,7180,상행,2025-05-01T05:00:00,,주말
7호선,2711,장암,709,,20250619,7호선,2752,온수,750,N,7호선,7213,2716,중계,714,N,16:06:20,16:06:50,,7180,상행,2025-05-01T05:00:00,,주말
7호선,2711,장암,709,,20250619,7호선,2752,온수,750,N,7호선,7213,2715,노원,713,N,16:08:10,16:08:40,,7180,상행,2025-05-01T05:00:00,,주말
7호선,2711,장암,709,,20250619,7호선,2752,온수,750,N,7호선,7213,2714,마들,712,N,16:10:10,16:10:40,,7180,상행,2025-05-01T05:00:00,,주말
7호선,2711,장암,709,,20250619,7호선,2752,온수,750,N,7호선,7213,2713,수락산,711,N,16:12:40,16:13:10,,7180,상행,2025-05-01T05:00:00,,주말
7호선,2711,장암,709,,20250619,7호선,2752,온수,750,N,7호선,7213,2712,도봉산,710,N,16:15:30,16:16:00,,7180,상행,2025-05-01T05:00:00,,주말
7호선,2711,장암,709,,20250619,7호선,2752,온수,750,N,7호선,7213,2711,장암,709,N,16:20:30,,,7180,상행,2025-05-01T05:00:00,,주말
7호선,2712,도봉산,710,,20250619,7호선,3763,석남,761,N,7호선,7211,3763,석남,761,N,,14:36:30,,7182,상행,2025-05-01T05:00:00,,주말
7호선,2712,도봉산,710,,20250619,7호선,3763,석남,761,N,7호선,7211,3762,산곡,760,N,14:39:30,14:40:00,,7182,상행,2025-05-01T05:00:00,,주말
7호선,2712,도봉산,710,,20250619,7호선,3763,석남,761,N,7호선,7211,3761,부평구청,759,N,14:42:00,14:42:30,,7182,상행,2025-05-01T05:00:00,,주말
7호선,2712,도봉산,710,,20250619,7호선,3763,석남,761,N,7호선,7211,3760,굴포천,758,N,14:43:50,14:44:20,,7182,상행,2025-05-01T05:00:00,,주말
7호선,2712,도봉산,710,,20250619,7호선,3763,석남,761,N,7호선,7211,3759,삼산체육관,757,N,14:45:30,14:46:00,,7182,상행,2025-05-01T05:00:00,,주말
7호선,2712,도봉산,710,,20250619,7호선,3763,석남,761,N,7호선,7211,3758,상동,756,N,14:47:20,14:47:50,,7182,상행,2025-05-01T05:00:00,,주말
7호선,2712,도봉산,710,,20250619,7호선,3763,석남,761,N,7호선,7211,3757,부천시청,755,N,14:49:00,14:49:30,,7182,상행,2025-05-01T05:00:00,,주말
7호선,2712,도봉산,710,,20250619,7호선,3763,석남,761,N,7호선,7211,3756,신중동,754,N,14:50:50,14:51:20,,7182,상행,2025-05-01T05:00:00,,주말
7호선,2712,도봉산,710,,20250619,7호선,3763,석남,761,N,7호선,7211,3755,춘의,753,N,14:52:40,14:53:10,,7182,상행,2025-05-01T05:00:00,,주말
7호선,2712,도봉산,710,,20250619,7호선,3763,석남,761,N,7호선,7211,3754,부천종합운동장,752,N,14:54:30,14:55:00,,7182,상행,2025-05-01T05:00:00,,주말
7호선,2712,도봉산,710,,20250619,7호선,3763,석남,761,N,7호선,7211,3753,까치울,751,N,14:56:30,14:57:00,,7182,상행,2025-05-01T05:00:00,,주말
7호선,2712,도봉산,710,,20250619,7호선,3763,석남,761,N,7호선,7211,2752,온수,750,N,14:59:30,15:00:00,,7182,상행,2025-05-01T05:00:00,,주말
7호선,2712,도봉산,710,,20250619,7호선,3763,석남,761,N,7호선,7211,2751,천왕,749,N,15:02:20,15:02:40,,7182,상행,2025-05-01T05:00:00,,주말
7호선,2712,도봉산,710,,20250619,7호선,3763,석남,761,N,7호선,7211,2750,광명사거리,748,N,15:04:40,15:05:10,,7182,상행,2025-05-01T05:00:00,,주말
7호선,2712,도봉산,710,,20250619,7호선,3763,석남,761,N,7호선,7211,2749,철산,747,N,15:07:00,15:07:30,,7182,상행,2025-05-01T05:00:00,,주말
7호선,2712,도봉산,710,,20250619,7호선,3763,석남,761,N,7호선,7211,2748,가산디지털단지,746,N,15:09:30,15:10:00,,7182,상행,2025-05-01T05:00:00,,주말
7호선,2712,도봉산,710,,20250619,7호선,3763,석남,761,N,7호선,7211,2747,남구로,745,N,15:11:20,15:11:50,,7182,상행,2025-05-01T05:00:00,,주말
7호선,2712,도봉산,710,,20250619,7호선,3763,석남,761,N,7호선,7211,2746,대림,744,N,15:13:20,15:13:50,,7182,상행,2025-05-01T05:00:00,,주말
7호선,2712,도봉산,710,,20250619,7호선,3763,석남,761,N,7호선,7211,2745,신풍,743,N,15:15:50,15:16:20,,7182,상행,2025-05-01T05:00:00,,주말
7호선,2712,도봉산,710,,20250619,7호선,3763,석남,761,N,7호선,7211,2744,보라매,742,N,15:17:40,15:18:10,,7182,상행,2025-05-01T05:00:00,,주말
7호선,2712,도봉산,710,,20250619,7호선,3763,석남,761,N,7호선,7211,2743,신대방삼거리,741,N,15:19:20,15:19:50,,7182,상행,2025-05-01T05:00:00,,주말
7호선,2712,도봉산,710,,20250619,7호선,3763,석남,761,N,7호선,7211,2742,장승배기,740,N,15:21:40,15:22:10,,7182,상행,2025-05-01T05:00:00,,주말
7호선,2712,도봉산,710,,20250619,7호선,3763,석남,761,N,7호선,7211,2741,상도,739,N,15:23:40,15:24:10,,7182,상행,2025-05-01T05:00:00,,주말
7호선,2712,도봉산,710,,20250619,7호선,3763,석남,761,N,7호선,7211,2740,숭실대입구,738,N,15:25:20,15:25:50,,7182,상행,2025-05-01T05:00:00,,주말
7호선,2712,도봉산,710,,20250619,7호선,3763,석남,761,N,7호선,7211,2739,남성,737,N,15:28:20,15:28:50,,7182,상행,2025-05-01T05:00:00,,주말
7호선,2712,도봉산,710,,20250619,7호선,3763,석남,761,N,7호선,7211,2738,이수,736,N,15:30:10,15:30:50,,7182,상행,2025-05-01T05:00:00,,주말
7호선,2712,도봉산,710,,20250619,7호선,3763,석남,761,N,7호선,7211,2737,내방,735,N,15:32:20,15:32:50,,7182,상행,2025-05-01T05:00:00,,주말
7호선,2712,도봉산,710,,20250619,7호선,3763,석남,761,N,7호선,7211,2736,고속터미널,734,N,15:35:20,15:36:00,,7182,상행,2025-05-01T05:00:00,,주말
7호선,2712,도봉산,710,,20250619,7호선,3763,석남,761,N,7호선,7211,2735,반포,733,N,15:37:30,15:37:50,,7182,상행,2025-05-01T05:00:00,,주말
7호선,2712,도봉산,710,,20250619,7호선,3763,석남,761,N,7호선,7211,2734,논현,732,N,15:39:00,15:39:30,,7182,상행,2025-05-01T05:00:00,,주말
7호선,2712,도봉산,710,,20250619,7호선,3763,석남,761,N,7호선,7211,2733,학동,731,N,15:40:50,15:41:20,,7182,상행,2025-05-01T05:00:00,,주말
7호선,2712,도봉산,710,,20250619,7호선,3763,석남,761,N,7호선,7211,2732,강남구청,730,N,15:42:30,15:43:00,,7182,상행,2025-05-01T05:00:00,,주말
7호선,2712,도봉산,710,,20250619,7호선,3763,석남,761,N,7호선,7211,2731,청담,729,N,15:44:30,15:45:00,,7182,상행,2025-05-01T05:00:00,,주말
7호선,2712,도봉산,710,,20250619,7호선,3763,석남,761,N,7호선,7211,2730,자양,728,N,15:47:30,15:47:50,,7182,상행,2025-05-01T05:00:00,,주말
7호선,2712,도봉산,710,,20250619,7호선,3763,석남,761,N,7호선,7211,2729,건대입구,727,N,15:49:20,15:50:00,,7182,상행,2025-05-01T05:00:00,,주말
7호선,2712,도봉산,710,,20250619,7호선,3763,석남,761,N,7호선,7211,2728,어린이대공원,726,N,15:51:20,15:51:50,,7182,상행,2025-05-01T05:00:00,,주말
7호선,2712,도봉산,710,,20250619,7호선,3763,석남,761,N,7호선,7211,2727,군자,725,N,15:53:10,15:53:50,,7182,상행,2025-05-01T05:00:00,,주말
7호선,2712,도봉산,710,,20250619,7호선,3763,석남,761,N,7호선,7211,2726,중곡,724,N,15:55:10,15:55:40,,7182,상행,2025-05-01T05:00:00,,주말
7호선,2712,도봉산,710,,20250619,7호선,3763,석남,761,N,7호선,7211,2725,용마산,723,N,15:57:00,15:57:20,,7182,상행,2025-05-01T05:00:00,,주말
7호선,2712,도봉산,710,,20250619,7호선,3763,석남,761,N,7호선,7211,2724,사가정,722,N,15:58:30,15:59:00,,7182,상행,2025-05-01T05:00:00,,주말
7호선,2712,도봉산,710,,20250619,7호선,3763,석남,761,N,7호선,7211,2723,면목,721,N,16:00:10,16:00:40,,7182,상행,2025-05-01T05:00:00,,주말
7호선,2712,도봉산,710,,20250619,7호선,3763,석남,761,N,7호선,7211,2722,상봉,720,N,16:01:50,16:02:20,,7182,상행,2025-05-01T05:00:00,,주말
7호선,2712,도봉산,710,,20250619,7호선,3763,석남,761,N,7호선,7211,2721,중화,719,N,16:04:10,16:04:40,,7182,상행,2025-05-01T05:00:00,,주말
7호선,2712,도봉산,710,,20250619,7호선,3763,석남,761,N,7호선,7211,2720,먹골,718,N,16:06:00,16:06:30,,7182,상행,2025-05-01T05:00:00,,주말
7호선,2712,도봉산,710,,20250619,7호선,3763,석남,761,N,7호선,7211,2719,태릉입구,717,N,16:07:40,16:08:10,,7182,상행,2025-05-01T05:00:00,,주말
7호선,2712,도봉산,710,,20250619,7호선,3763,석남,761,N,7호선,7211,2718,공릉,716,N,16:09:10,16:09:40,,7182,상행,2025-05-01T05:00:00,,주말
7호선,2712,도봉산,710,,20250619,7호선,3763,석남,761,N,7호선,7211,2717,하계,715,N,16:11:10,16:11:40,,7182,상행,2025-05-01T05:00:00,,주말
7호선,2712,도봉산,710,,20250619,7호선,3763,석남,761,N,7호선,7211,2716,중계,714,N,16:12:50,16:13:20,,7182,상행,2025-05-01T05:00:00,,주말
7호선,2712,도봉산,710,,20250619,7호선,3763,석남,761,N,7호선,7211,2715,노원,713,N,16:14:40,16:15:10,,7182,상행,2025-05-01T05:00:00,,주말
7호선,2712,도봉산,710,,20250619,7호선,3763,석남,761,N,7호선,7211,2714,마들,712,N,16:16:40,16:17:10,,7182,상행,2025-05-01T05:00:00,,주말
7호선,2712,도봉산,710,,20250619,7호선,3763,석남,761,N,7호선,7211,2713,수락산,711,N,16:19:10,16:19:40,,7182,상행,2025-05-01T05:00:00,,주말
7호선,2712,도봉산,710,,20250619,7호선,3763,석남,761,N,7호선,7211,2712,도봉산,710,N,16:22:00,,,7182,상행,2025-05-01T05:00:00,,주말
7호선,2711,장암,709,,20250619,7호선,2752,온수,750,N,7호선,7217,2752,온수,750,N,,15:06:30,,7184,상행,2025-05-01T05:00:00,,주말
7호선,2711,장암,709,,20250619,7호선,2752,온수,750,N,7호선,7217,2751,천왕,749,N,15:08:50,15:09:10,,7184,상행,2025-05-01T05:00:00,,주말
7호선,2711,장암,709,,20250619,7호선,2752,온수,750,N,7호선,7217,2750,광명사거리,748,N,15:11:10,15:11:40,,7184,상행,2025-05-01T05:00:00,,주말
7호선,2711,장암,709,,20250619,7호선,2752,온수,750,N,7호선,7217,2749,철산,747,N,15:13:30,15:14:00,,7184,상행,2025-05-01T05:00:00,,주말
7호선,2711,장암,709,,20250619,7호선,2752,온수,750,N,7호선,7217,2748,가산디지털단지,746,N,15:16:00,15:16:30,,7184,상행,2025-05-01T05:00:00,,주말
7호선,2711,장암,709,,20250619,7호선,2752,온수,750,N,7호선,7217,2747,남구로,745,N,15:17:50,15:18:20,,7184,상행,2025-05-01T05:00:00,,주말
7호선,2711,장암,709,,20250619,7호선,2752,온수,750,N,7호선,7217,2746,대림,744,N,15:19:50,15:20:20,,7184,상행,2025-05-01T05:00:00,,주말
7호선,2711,장암,709,,20250619,7호선,2752,온수,750,N,7호선,7217,2745,신풍,743,N,15:22:20,15:22:50,,7184,상행,2025-05-01T05:00:00,,주말
7호선,2711,장암,709,,20250619,7호선,2752,온수,750,N,7호선,7217,2744,보라매,742,N,15:24:10,15:24:40,,7184,상행,2025-05-01T05:00:00,,주말
7호선,2711,장암,709,,20250619,7호선,2752,온수,750,N,7호선,7217,2743,신대방삼거리,741,N,15:25:50,15:26:20,,7184,상행,2025-05-01T05:00:00,,주말
7호선,2711,장암,709,,20250619,7호선,2752,온수,750,N,7호선,7217,2742,장승배기,740,N,15:28:10,15:28:40,,7184,상행,2025-05-01T05:00:00,,주말
7호선,2711,장암,709,,20250619,7호선,2752,온수,750,N,7호선,7217,2741,상도,739,N,15:30:10,15:30:40,,7184,상행,2025-05-01T05:00:00,,주말
7호선,2711,장암,709,,20250619,7호선,2752,온수,750,N,7호선,7217,2740,숭실대입구,738,N,15:31:50,15:32:20,,7184,상행,2025-05-01T05:00:00,,주말
7호선,2711,장암,709,,20250619,7호선,2752,온수,750,N,7호선,7217,2739,남성,737,N,15:34:50,15:35:20,,7184,상행,2025-05-01T05:00:00,,주말
7호선,2711,장암,709,,20250619,7호선,2752,온수,750,N,7호선,7217,2738,이수,736,N,15:36:40,15:37:20,,7184,상행,2025-05-01T05:00:00,,주말
7호선,2711,장암,709,,20250619,7호선,2752,온수,750,N,7호선,7217,2737,내방,735,N,15:38:50,15:39:20,,7184,상행,2025-05-01T05:00:00,,주말
7호선,2711,장암,709,,20250619,7호선,2752,온수,750,N,7호선,7217,2736,고속터미널,734,N,15:41:50,15:42:30,,7184,상행,2025-05-01T05:00:00,,주말
7호선,2711,장암,709,,20250619,7호선,2752,온수,750,N,7호선,7217,2735,반포,733,N,15:44:00,15:44:20,,7184,상행,2025-05-01T05:00:00,,주말
7호선,2711,장암,709,,20250619,7호선,2752,온수,750,N,7호선,7217,2734,논현,732,N,15:45:30,15:46:00,,7184,상행,2025-05-01T05:00:00,,주말
7호선,2711,장암,709,,20250619,7호선,2752,온수,750,N,7호선,7217,2733,학동,731,N,15:47:20,15:47:50,,7184,상행,2025-05-01T05:00:00,,주말
7호선,2711,장암,709,,20250619,7호선,2752,온수,750,N,7호선,7217,2732,강남구청,730,N,15:49:00,15:49:30,,7184,상행,2025-05-01T05:00:00,,주말
7호선,2711,장암,709,,20250619,7호선,2752,온수,750,N,7호선,7217,2731,청담,729,N,15:51:00,15:51:30,,7184,상행,2025-05-01T05:00:00,,주말
7호선,2711,장암,709,,20250619,7호선,2752,온수,750,N,7호선,7217,2730,자양,728,N,15:54:00,15:54:20,,7184,상행,2025-05-01T05:00:00,,주말
7호선,2711,장암,709,,20250619,7호선,2752,온수,750,N,7호선,7217,2729,건대입구,727,N,15:55:50,15:56:30,,7184,상행,2025-05-01T05:00:00,,주말
7호선,2711,장암,709,,20250619,7호선,2752,온수,750,N,7호선,7217,2728,어린이대공원,726,N,15:57:50,15:58:20,,7184,상행,2025-05-01T05:00:00,,주말
7호선,2711,장암,709,,20250619,7호선,2752,온수,750,N,7호선,7217,2727,군자,725,N,15:59:40,16:00:20,,7184,상행,2025-05-01T05:00:00,,주말
7호선,2711,장암,709,,20250619,7호선,2752,온수,750,N,7호선,7217,2726,중곡,724,N,16:01:40,16:02:10,,7184,상행,2025-05-01T05:00:00,,주말
7호선,2711,장암,709,,20250619,7호선,2752,온수,750,N,7호선,7217,2725,용마산,723,N,16:03:30,16:03:50,,7184,상행,2025-05-01T05:00:00,,주말
7호선,2711,장암,709,,20250619,7호선,2752,온수,750,N,7호선,7217,2724,사가정,722,N,16:05:00,16:05:30,,7184,상행,2025-05-01T05:00:00,,주말
7호선,2711,장암,709,,20250619,7호선,2752,온수,750,N,7호선,7217,2723,면목,721,N,16:06:40,16:07:10,,7184,상행,2025-05-01T05:00:00,,주말
7호선,2711,장암,709,,20250619,7호선,2752,온수,750,N,7호선,7217,2722,상봉,720,N,16:08:20,16:08:50,,7184,상행,2025-05-01T05:00:00,,주말
7호선,2711,장암,709,,20250619,7호선,2752,온수,750,N,7호선,7217,2721,중화,719,N,16:10:40,16:11:10,,7184,상행,2025-05-01T05:00:00,,주말
7호선,2711,장암,709,,20250619,7호선,2752,온수,750,N,7호선,7217,2720,먹골,718,N,16:12:30,16:13:00,,7184,상행,2025-05-01T05:00:00,,주말
7호선,2711,장암,709,,20250619,7호선,2752,온수,750,N,7호선,7217,2719,태릉입구,717,N,16:14:10,16:14:40,,7184,상행,2025-05-01T05:00:00,,주말
7호선,2711,장암,709,,20250619,7호선,2752,온수,750,N,7호선,7217,2718,공릉,716,N,16:15:40,16:16:10,,7184,상행,2025-05-01T05:00:00,,주말
7호선,2711,장암,709,,20250619,7호선,2752,온수,750,N,7호선,7217,2717,하계,715,N,16:17:40,16:18:10,,7184,상행,2025-05-01T05:00:00,,주말
7호선,2711,장암,709,,20250619,7호선,2752,온수,750,N,7호선,7217,2716,중계,714,N,16:19:20,16:19:50,,7184,상행,2025-05-01T05:00:00,,주말
7호선,2711,장암,709,,20250619,7호선,2752,온수,750,N,7호선,7217,2715,노원,713,N,16:21:10,16:21:40,,7184,상행,2025-05-01T05:00:00,,주말
7호선,2711,장암,709,,20250619,7호선,2752,온수,750,N,7호선,7217,2714,마들,712,N,16:23:10,16:23:40,,7184,상행,2025-05-01T05:00:00,,주말
7호선,2711,장암,709,,20250619,7호선,2752,온수,750,N,7호선,7217,2713,수락산,711,N,16:25:40,16:26:10,,7184,상행,2025-05-01T05:00:00,,주말
7호선,2711,장암,709,,20250619,7호선,2752,온수,750,N,7호선,7217,2712,도봉산,710,N,16:28:30,16:29:00,,7184,상행,2025-05-01T05:00:00,,주말
7호선,2711,장암,709,,20250619,7호선,2752,온수,750,N,7호선,7217,2711,장암,709,N,16:33:30,,,7184,상행,2025-05-01T05:00:00,,주말
7호선,2712,도봉산,710,,20250619,7호선,3763,석남,761,N,7호선,7215,3763,석남,761,N,,14:49:30,,7186,상행,2025-05-01T05:00:00,,주말
7호선,2712,도봉산,710,,20250619,7호선,3763,석남,761,N,7호선,7215,3762,산곡,760,N,14:52:30,14:53:00,,7186,상행,2025-05-01T05:00:00,,주말
7호선,2712,도봉산,710,,20250619,7호선,3763,석남,761,N,7호선,7215,3761,부평구청,759,N,14:55:00,14:55:30,,7186,상행,2025-05-01T05:00:00,,주말
7호선,2712,도봉산,710,,20250619,7호선,3763,석남,761,N,7호선,7215,3760,굴포천,758,N,14:56:50,14:57:20,,7186,상행,2025-05-01T05:00:00,,주말
7호선,2712,도봉산,710,,20250619,7호선,3763,석남,761,N,7호선,7215,3759,삼산체육관,757,N,14:58:30,14:59:00,,7186,상행,2025-05-01T05:00:00,,주말
7호선,2712,도봉산,710,,20250619,7호선,3763,석남,761,N,7호선,7215,3758,상동,756,N,15:00:20,15:00:50,,7186,상행,2025-05-01T05:00:00,,주말
7호선,2712,도봉산,710,,20250619,7호선,3763,석남,761,N,7호선,7215,3757,부천시청,755,N,15:02:00,15:02:30,,7186,상행,2025-05-01T05:00:00,,주말
7호선,2712,도봉산,710,,20250619,7호선,3763,석남,761,N,7호선,7215,3756,신중동,754,N,15:03:50,15:04:20,,7186,상행,2025-05-01T05:00:00,,주말
7호선,2712,도봉산,710,,20250619,7호선,3763,석남,761,N,7호선,7215,3755,춘의,753,N,15:05:40,15:06:10,,7186,상행,2025-05-01T05:00:00,,주말
7호선,2712,도봉산,710,,20250619,7호선,3763,석남,761,N,7호선,7215,3754,부천종합운동장,752,N,15:07:30,15:08:00,,7186,상행,2025-05-01T05:00:00,,주말
7호선,2712,도봉산,710,,20250619,7호선,3763,석남,761,N,7호선,7215,3753,까치울,751,N,15:09:30,15:10:00,,7186,상행,2025-05-01T05:00:00,,주말
7호선,2712,도봉산,710,,20250619,7호선,3763,석남,761,N,7호선,7215,2752,온수,750,N,15:12:30,15:13:00,,7186,상행,2025-05-01T05:00:00,,주말
7호선,2712,도봉산,710,,20250619,7호선,3763,석남,761,N,7호선,7215,2751,천왕,749,N,15:15:20,15:15:40,,7186,상행,2025-05-01T05:00:00,,주말
7호선,2712,도봉산,710,,20250619,7호선,3763,석남,761,N,7호선,7215,2750,광명사거리,748,N,15:17:40,15:18:10,,7186,상행,2025-05-01T05:00:00,,주말
7호선,2712,도봉산,710,,20250619,7호선,3763,석남,761,N,7호선,7215,2749,철산,747,N,15:20:00,15:20:30,,7186,상행,2025-05-01T05:00:00,,주말
7호선,2712,도봉산,710,,20250619,7호선,3763,석남,761,N,7호선,7215,2748,가산디지털단지,746,N,15:22:30,15:23:00,,7186,상행,2025-05-01T05:00:00,,주말
7호선,2712,도봉산,710,,20250619,7호선,3763,석남,761,N,7호선,7215,2747,남구로,745,N,15:24:20,15:24:50,,7186,상행,2025-05-01T05:00:00,,주말
7호선,2712,도봉산,710,,20250619,7호선,3763,석남,761,N,7호선,7215,2746,대림,744,N,15:26:20,15:26:50,,7186,상행,2025-05-01T05:00:00,,주말
7호선,2712,도봉산,710,,20250619,7호선,3763,석남,761,N,7호선,7215,2745,신풍,743,N,15:28:50,15:29:20,,7186,상행,2025-05-01T05:00:00,,주말
7호선,2712,도봉산,710,,20250619,7호선,3763,석남,761,N,7호선,7215,2744,보라매,742,N,15:30:40,15:31:10,,7186,상행,2025-05-01T05:00:00,,주말
7호선,2712,도봉산,710,,20250619,7호선,3763,석남,761,N,7호선,7215,2743,신대방삼거리,741,N,15:32:20,15:32:50,,7186,상행,2025-05-01T05:00:00,,주말
7호선,2712,도봉산,710,,20250619,7호선,3763,석남,761,N,7호선,7215,2742,장승배기,740,N,15:34:40,15:35:10,,7186,상행,2025-05-01T05:00:00,,주말
7호선,2712,도봉산,710,,20250619,7호선,3763,석남,761,N,7호선,7215,2741,상도,739,N,15:36:40,15:37:10,,7186,상행,2025-05-01T05:00:00,,주말
7호선,2712,도봉산,710,,20250619,7호선,3763,석남,761,N,7호선,7215,2740,숭실대입구,738,N,15:38:20,15:38:50,,7186,상행,2025-05-01T05:00:00,,주말
7호선,2712,도봉산,710,,20250619,7호선,3763,석남,761,N,7호선,7215,2739,남성,737,N,15:41:20,15:41:50,,7186,상행,2025-05-01T05:00:00,,주말
7호선,2712,도봉산,710,,20250619,7호선,3763,석남,761,N,7호선,7215,2738,이수,736,N,15:43:10,15:43:50,,7186,상행,2025-05-01T05:00:00,,주말
7호선,2712,도봉산,710,,20250619,7호선,3763,석남,761,N,7호선,7215,2737,내방,735,N,15:45:20,15:45:50,,7186,상행,2025-05-01T05:00:00,,주말
7호선,2712,도봉산,710,,20250619,7호선,3763,석남,761,N,7호선,7215,2736,고속터미널,734,N,15:48:20,15:49:00,,7186,상행,2025-05-01T05:00:00,,주말
7호선,2712,도봉산,710,,20250619,7호선,3763,석남,761,N,7호선,7215,2735,반포,733,N,15:50:30,15:50:50,,7186,상행,2025-05-01T05:00:00,,주말
7호선,2712,도봉산,710,,20250619,7호선,3763,석남,761,N,7호선,7215,2734,논현,732,N,15:52:00,15:52:30,,7186,상행,2025-05-01T05:00:00,,주말
7호선,2712,도봉산,710,,20250619,7호선,3763,석남,761,N,7호선,7215,2733,학동,731,N,15:53:50,15:54:20,,7186,상행,2025-05-01T05:00:00,,주말
7호선,2712,도봉산,710,,20250619,7호선,3763,석남,761,N,7호선,7215,2732,강남구청,730,N,15:55:30,15:56:00,,7186,상행,2025-05-01T05:00:00,,주말
7호선,2712,도봉산,710,,20250619,7호선,3763,석남,761,N,7호선,7215,2731,청담,729,N,15:57:30,15:58:00,,7186,상행,2025-05-01T05:00:00,,주말
7호선,2712,도봉산,710,,20250619,7호선,3763,석남,761,N,7호선,7215,2730,자양,728,N,16:00:30,16:00:50,,7186,상행,2025-05-01T05:00:00,,주말
7호선,2712,도봉산,710,,20250619,7호선,3763,석남,761,N,7호선,7215,2729,건대입구,727,N,16:02:20,16:03:00,,7186,상행,2025-05-01T05:00:00,,주말
7호선,2712,도봉산,710,,20250619,7호선,3763,석남,761,N,7호선,7215,2728,어린이대공원,726,N,16:04:20,16:04:50,,7186,상행,2025-05-01T05:00:00,,주말
7호선,2712,도봉산,710,,20250619,7호선,3763,석남,761,N,7호선,7215,2727,군자,725,N,16:06:10,16:06:50,,7186,상행,2025-05-01T05:00:00,,주말
7호선,2712,도봉산,710,,20250619,7호선,3763,석남,761,N,7호선,7215,2726,중곡,724,N,16:08:10,16:08:40,,7186,상행,2025-05-01T05:00:00,,주말
7호선,2712,도봉산,710,,20250619,7호선,3763,석남,761,N,7호선,7215,2725,용마산,723,N,16:10:00,16:10:20,,7186,상행,2025-05-01T05:00:00,,주말
7호선,2712,도봉산,710,,20250619,7호선,3763,석남,761,N,7호선,7215,2724,사가정,722,N,16:11:30,16:12:00,,7186,상행,2025-05-01T05:00:00,,주말
7호선,2712,도봉산,710,,20250619,7호선,3763,석남,761,N,7호선,7215,2723,면목,721,N,16:13:10,16:13:40,,7186,상행,2025-05-01T05:00:00,,주말
7호선,2712,도봉산,710,,20250619,7호선,3763,석남,761,N,7호선,7215,2722,상봉,720,N,16:14:50,16:15:20,,7186,상행,2025-05-01T05:00:00,,주말
7호선,2712,도봉산,710,,20250619,7호선,3763,석남,761,N,7호선,7215,2721,중화,719,N,16:17:10,16:17:40,,7186,상행,2025-05-01T05:00:00,,주말
7호선,2712,도봉산,710,,20250619,7호선,3763,석남,761,N,7호선,7215,2720,먹골,718,N,16:19:00,16:19:30,,7186,상행,2025-05-01T05:00:00,,주말
7호선,2712,도봉산,710,,20250619,7호선,3763,석남,761,N,7호선,7215,2719,태릉입구,717,N,16:20:40,16:21:10,,7186,상행,2025-05-01T05:00:00,,주말
7호선,2712,도봉산,710,,20250619,7호선,3763,석남,761,N,7호선,7215,2718,공릉,716,N,16:22:10,16:22:40,,7186,상행,2025-05-01T05:00:00,,주말
7호선,2712,도봉산,710,,20250619,7호선,3763,석남,761,N,7호선,7215,2717,하계,715,N,16:24:10,16:24:40,,7186,상행,2025-05-01T05:00:00,,주말
7호선,2712,도봉산,710,,20250619,7호선,3763,석남,761,N,7호선,7215,2716,중계,714,N,16:25:50,16:26:20,,7186,상행,2025-05-01T05:00:00,,주말
7호선,2712,도봉산,710,,20250619,7호선,3763,석남,761,N,7호선,7215,2715,노원,713,N,16:27:40,16:28:10,,7186,상행,2025-05-01T05:00:00,,주말
7호선,2712,도봉산,710,,20250619,7호선,3763,석남,761,N,7호선,7215,2714,마들,712,N,16:29:40,16:30:10,,7186,상행,2025-05-01T05:00:00,,주말
7호선,2712,도봉산,710,,20250619,7호선,3763,석남,761,N,7호선,7215,2713,수락산,711,N,16:32:10,16:32:40,,7186,상행,2025-05-01T05:00:00,,주말
7호선,2712,도봉산,710,,20250619,7호선,3763,석남,761,N,7호선,7215,2712,도봉산,710,N,16:35:00,,,7186,상행,2025-05-01T05:00:00,,주말
7호선,2711,장암,709,,20250619,7호선,2752,온수,750,N,7호선,7221,2752,온수,750,N,,15:19:30,,7188,상행,2025-05-01T05:00:00,,주말
7호선,2711,장암,709,,20250619,7호선,2752,온수,750,N,7호선,7221,2751,천왕,749,N,15:21:50,15:22:10,,7188,상행,2025-05-01T05:00:00,,주말
7호선,2711,장암,709,,20250619,7호선,2752,온수,750,N,7호선,7221,2750,광명사거리,748,N,15:24:10,15:24:40,,7188,상행,2025-05-01T05:00:00,,주말
7호선,2711,장암,709,,20250619,7호선,2752,온수,750,N,7호선,7221,2749,철산,747,N,15:26:30,15:27:00,,7188,상행,2025-05-01T05:00:00,,주말
7호선,2711,장암,709,,20250619,7호선,2752,온수,750,N,7호선,7221,2748,가산디지털단지,746,N,15:29:00,15:29:30,,7188,상행,2025-05-01T05:00:00,,주말
7호선,2711,장암,709,,20250619,7호선,2752,온수,750,N,7호선,7221,2747,남구로,745,N,15:30:50,15:31:20,,7188,상행,2025-05-01T05:00:00,,주말
7호선,2711,장암,709,,20250619,7호선,2752,온수,750,N,7호선,7221,2746,대림,744,N,15:32:50,15:33:20,,7188,상행,2025-05-01T05:00:00,,주말
7호선,2711,장암,709,,20250619,7호선,2752,온수,750,N,7호선,7221,2745,신풍,743,N,15:35:20,15:35:50,,7188,상행,2025-05-01T05:00:00,,주말
7호선,2711,장암,709,,20250619,7호선,2752,온수,750,N,7호선,7221,2744,보라매,742,N,15:37:10,15:37:40,,7188,상행,2025-05-01T05:00:00,,주말
7호선,2711,장암,709,,20250619,7호선,2752,온수,750,N,7호선,7221,2743,신대방삼거리,741,N,15:38:50,15:39:20,,7188,상행,2025-05-01T05:00:00,,주말
7호선,2711,장암,709,,20250619,7호선,2752,온수,750,N,7호선,7221,2742,장승배기,740,N,15:41:10,15:41:40,,7188,상행,2025-05-01T05:00:00,,주말
7호선,2711,장암,709,,20250619,7호선,2752,온수,750,N,7호선,7221,2741,상도,739,N,15:43:10,15:43:40,,7188,상행,2025-05-01T05:00:00,,주말
7호선,2711,장암,709,,20250619,7호선,2752,온수,750,N,7호선,7221,2740,숭실대입구,738,N,15:44:50,15:45:20,,7188,상행,2025-05-01T05:00:00,,주말
7호선,2711,장암,709,,20250619,7호선,2752,온수,750,N,7호선,7221,2739,남성,737,N,15:47:50,15:48:20,,7188,상행,2025-05-01T05:00:00,,주말
7호선,2711,장암,709,,20250619,7호선,2752,온수,750,N,7호선,7221,2738,이수,736,N,15:49:40,15:50:20,,7188,상행,2025-05-01T05:00:00,,주말
7호선,2711,장암,709,,20250619,7호선,2752,온수,750,N,7호선,7221,2737,내방,735,N,15:51:50,15:52:20,,7188,상행,2025-05-01T05:00:00,,주말
7호선,2711,장암,709,,20250619,7호선,2752,온수,750,N,7호선,7221,2736,고속터미널,734,N,15:54:50,15:55:30,,7188,상행,2025-05-01T05:00:00,,주말
7호선,2711,장암,709,,20250619,7호선,2752,온수,750,N,7호선,7221,2735,반포,733,N,15:57:00,15:57:20,,7188,상행,2025-05-01T05:00:00,,주말
7호선,2711,장암,709,,20250619,7호선,2752,온수,750,N,7호선,7221,2734,논현,732,N,15:58:30,15:59:00,,7188,상행,2025-05-01T05:00:00,,주말
7호선,2711,장암,709,,20250619,7호선,2752,온수,750,N,7호선,7221,2733,학동,731,N,16:00:20,16:00:50,,7188,상행,2025-05-01T05:00:00,,주말
7호선,2711,장암,709,,20250619,7호선,2752,온수,750,N,7호선,7221,2732,강남구청,730,N,16:02:00,16:02:30,,7188,상행,2025-05-01T05:00:00,,주말
7호선,2711,장암,709,,20250619,7호선,2752,온수,750,N,7호선,7221,2731,청담,729,N,16:04:00,16:04:30,,7188,상행,2025-05-01T05:00:00,,주말
7호선,2711,장암,709,,20250619,7호선,2752,온수,750,N,7호선,7221,2730,자양,728,N,16:07:00,16:07:20,,7188,상행,2025-05-01T05:00:00,,주말
7호선,2711,장암,709,,20250619,7호선,2752,온수,750,N,7호선,7221,2729,건대입구,727,N,16:08:50,16:09:30,,7188,상행,2025-05-01T05:00:00,,주말
7호선,2711,장암,709,,20250619,7호선,2752,온수,750,N,7호선,7221,2728,어린이대공원,726,N,16:10:50,16:11:20,,7188,상행,2025-05-01T05:00:00,,주말
7호선,2711,장암,709,,20250619,7호선,2752,온수,750,N,7호선,7221,2727,군자,725,N,16:12:40,16:13:20,,7188,상행,2025-05-01T05:00:00,,주말
7호선,2711,장암,709,,20250619,7호선,2752,온수,750,N,7호선,7221,2726,중곡,724,N,16:14:40,16:15:10,,7188,상행,2025-05-01T05:00:00,,주말
7호선,2711,장암,709,,20250619,7호선,2752,온수,750,N,7호선,7221,2725,용마산,723,N,16:16:30,16:16:50,,7188,상행,2025-05-01T05:00:00,,주말
7호선,2711,장암,709,,20250619,7호선,2752,온수,750,N,7호선,7221,2724,사가정,722,N,16:18:00,16:18:30,,7188,상행,2025-05-01T05:00:00,,주말
7호선,2711,장암,709,,20250619,7호선,2752,온수,750,N,7호선,7221,2723,면목,721,N,16:19:40,16:20:10,,7188,상행,2025-05-01T05:00:00,,주말
7호선,2711,장암,709,,20250619,7호선,2752,온수,750,N,7호선,7221,2722,상봉,720,N,16:21:20,16:21:50,,7188,상행,2025-05-01T05:00:00,,주말
7호선,2711,장암,709,,20250619,7호선,2752,온수,750,N,7호선,7221,2721,중화,719,N,16:23:40,16:24:10,,7188,상행,2025-05-01T05:00:00,,주말
7호선,2711,장암,709,,20250619,7호선,2752,온수,750,N,7호선,7221,2720,먹골,718,N,16:25:30,16:26:00,,7188,상행,2025-05-01T05:00:00,,주말
7호선,2711,장암,709,,20250619,7호선,2752,온수,750,N,7호선,7221,2719,태릉입구,717,N,16:27:10,16:27:40,,7188,상행,2025-05-01T05:00:00,,주말
7호선,2711,장암,709,,20250619,7호선,2752,온수,750,N,7호선,7221,2718,공릉,716,N,16:28:40,16:29:10,,7188,상행,2025-05-01T05:00:00,,주말
7호선,2711,장암,709,,20250619,7호선,2752,온수,750,N,7호선,7221,2717,하계,715,N,16:30:40,16:31:10,,7188,상행,2025-05-01T05:00:00,,주말
7호선,2711,장암,709,,20250619,7호선,2752,온수,750,N,7호선,7221,2716,중계,714,N,16:32:20,16:32:50,,7188,상행,2025-05-01T05:00:00,,주말
7호선,2711,장암,709,,20250619,7호선,2752,온수,750,N,7호선,7221,2715,노원,713,N,16:34:10,16:34:40,,7188,상행,2025-05-01T05:00:00,,주말
7호선,2711,장암,709,,20250619,7호선,2752,온수,750,N,7호선,7221,2714,마들,712,N,16:36:10,16:36:40,,7188,상행,2025-05-01T05:00:00,,주말
7호선,2711,장암,709,,20250619,7호선,2752,온수,750,N,7호선,7221,2713,수락산,711,N,16:38:40,16:39:10,,7188,상행,2025-05-01T05:00:00,,주말
7호선,2711,장암,709,,20250619,7호선,2752,온수,750,N,7호선,7221,2712,도봉산,710,N,16:41:30,16:42:00,,7188,상행,2025-05-01T05:00:00,,주말
7호선,2711,장암,709,,20250619,7호선,2752,온수,750,N,7호선,7221,2711,장암,709,N,16:46:30,,,7188,상행,2025-05-01T05:00:00,,주말
7호선,2712,도봉산,710,,20250619,7호선,3763,석남,761,N,7호선,7219,3763,석남,761,N,,15:03:00,,7190,상행,2025-05-01T05:00:00,,주말
7호선,2712,도봉산,710,,20250619,7호선,3763,석남,761,N,7호선,7219,3762,산곡,760,N,15:06:00,15:06:30,,7190,상행,2025-05-01T05:00:00,,주말
7호선,2712,도봉산,710,,20250619,7호선,3763,석남,761,N,7호선,7219,3761,부평구청,759,N,15:08:30,15:09:00,,7190,상행,2025-05-01T05:00:00,,주말
7호선,2712,도봉산,710,,20250619,7호선,3763,석남,761,N,7호선,7219,3760,굴포천,758,N,15:10:20,15:10:50,,7190,상행,2025-05-01T05:00:00,,주말
7호선,2712,도봉산,710,,20250619,7호선,3763,석남,761,N,7호선,7219,3759,삼산체육관,757,N,15:12:00,15:12:30,,7190,상행,2025-05-01T05:00:00,,주말
7호선,2712,도봉산,710,,20250619,7호선,3763,석남,761,N,7호선,7219,3758,상동,756,N,15:13:50,15:14:20,,7190,상행,2025-05-01T05:00:00,,주말
7호선,2712,도봉산,710,,20250619,7호선,3763,석남,761,N,7호선,7219,3757,부천시청,755,N,15:15:30,15:16:00,,7190,상행,2025-05-01T05:00:00,,주말
7호선,2712,도봉산,710,,20250619,7호선,3763,석남,761,N,7호선,7219,3756,신중동,754,N,15:17:20,15:17:50,,7190,상행,2025-05-01T05:00:00,,주말
7호선,2712,도봉산,710,,20250619,7호선,3763,석남,761,N,7호선,7219,3755,춘의,753,N,15:19:10,15:19:40,,7190,상행,2025-05-01T05:00:00,,주말
7호선,2712,도봉산,710,,20250619,7호선,3763,석남,761,N,7호선,7219,3754,부천종합운동장,752,N,15:21:00,15:21:30,,7190,상행,2025-05-01T05:00:00,,주말
7호선,2712,도봉산,710,,20250619,7호선,3763,석남,761,N,7호선,7219,3753,까치울,751,N,15:23:00,15:23:30,,7190,상행,2025-05-01T05:00:00,,주말
7호선,2712,도봉산,710,,20250619,7호선,3763,석남,761,N,7호선,7219,2752,온수,750,N,15:26:00,15:26:30,,7190,상행,2025-05-01T05:00:00,,주말
7호선,2712,도봉산,710,,20250619,7호선,3763,석남,761,N,7호선,7219,2751,천왕,749,N,15:28:50,15:29:10,,7190,상행,2025-05-01T05:00:00,,주말
7호선,2712,도봉산,710,,20250619,7호선,3763,석남,761,N,7호선,7219,2750,광명사거리,748,N,15:31:10,15:31:40,,7190,상행,2025-05-01T05:00:00,,주말
7호선,2712,도봉산,710,,20250619,7호선,3763,석남,761,N,7호선,7219,2749,철산,747,N,15:33:30,15:34:00,,7190,상행,2025-05-01T05:00:00,,주말
7호선,2712,도봉산,710,,20250619,7호선,3763,석남,761,N,7호선,7219,2748,가산디지털단지,746,N,15:36:00,15:36:30,,7190,상행,2025-05-01T05:00:00,,주말
7호선,2712,도봉산,710,,20250619,7호선,3763,석남,761,N,7호선,7219,2747,남구로,745,N,15:37:50,15:38:20,,7190,상행,2025-05-01T05:00:00,,주말
7호선,2712,도봉산,710,,20250619,7호선,3763,석남,761,N,7호선,7219,2746,대림,744,N,15:39:50,15:40:20,,7190,상행,2025-05-01T05:00:00,,주말
7호선,2712,도봉산,710,,20250619,7호선,3763,석남,761,N,7호선,7219,2745,신풍,743,N,15:42:20,15:42:50,,7190,상행,2025-05-01T05:00:00,,주말
7호선,2712,도봉산,710,,20250619,7호선,3763,석남,761,N,7호선,7219,2744,보라매,742,N,15:44:10,15:44:40,,7190,상행,2025-05-01T05:00:00,,주말
7호선,2712,도봉산,710,,20250619,7호선,3763,석남,761,N,7호선,7219,2743,신대방삼거리,741,N,15:45:50,15:46:20,,7190,상행,2025-05-01T05:00:00,,주말
7호선,2712,도봉산,710,,20250619,7호선,3763,석남,761,N,7호선,7219,2742,장승배기,740,N,15:48:10,15:48:40,,7190,상행,2025-05-01T05:00:00,,주말
7호선,2712,도봉산,710,,20250619,7호선,3763,석남,761,N,7호선,7219,2741,상도,739,N,15:50:10,15:50:40,,7190,상행,2025-05-01T05:00:00,,주말
7호선,2712,도봉산,710,,20250619,7호선,3763,석남,761,N,7호선,7219,2740,숭실대입구,738,N,15:51:50,15:52:20,,7190,상행,2025-05-01T05:00:00,,주말
7호선,2712,도봉산,710,,20250619,7호선,3763,석남,761,N,7호선,7219,2739,남성,737,N,15:54:50,15:55:20,,7190,상행,2025-05-01T05:00:00,,주말
7호선,2712,도봉산,710,,20250619,7호선,3763,석남,761,N,7호선,7219,2738,이수,736,N,15:56:40,15:57:20,,7190,상행,2025-05-01T05:00:00,,주말
7호선,2712,도봉산,710,,20250619,7호선,3763,석남,761,N,7호선,7219,2737,내방,735,N,15:58:50,15:59:20,,7190,상행,2025-05-01T05:00:00,,주말
7호선,2712,도봉산,710,,20250619,7호선,3763,석남,761,N,7호선,7219,2736,고속터미널,734,N,16:01:50,16:02:30,,7190,상행,2025-05-01T05:00:00,,주말
7호선,2712,도봉산,710,,20250619,7호선,3763,석남,761,N,7호선,7219,2735,반포,733,N,16:04:00,16:04:20,,7190,상행,2025-05-01T05:00:00,,주말
7호선,2712,도봉산,710,,20250619,7호선,3763,석남,761,N,7호선,7219,2734,논현,732,N,16:05:30,16:06:00,,7190,상행,2025-05-01T05:00:00,,주말
7호선,2712,도봉산,710,,20250619,7호선,3763,석남,761,N,7호선,7219,2733,학동,731,N,16:07:20,16:07:50,,7190,상행,2025-05-01T05:00:00,,주말
7호선,2712,도봉산,710,,20250619,7호선,3763,석남,761,N,7호선,7219,2732,강남구청,730,N,16:09:00,16:09:30,,7190,상행,2025-05-01T05:00:00,,주말
7호선,2712,도봉산,710,,20250619,7호선,3763,석남,761,N,7호선,7219,2731,청담,729,N,16:11:00,16:11:30,,7190,상행,2025-05-01T05:00:00,,주말
7호선,2712,도봉산,710,,20250619,7호선,3763,석남,761,N,7호선,7219,2730,자양,728,N,16:14:00,16:14:20,,7190,상행,2025-05-01T05:00:00,,주말
7호선,2712,도봉산,710,,20250619,7호선,3763,석남,761,N,7호선,7219,2729,건대입구,727,N,16:15:50,16:16:30,,7190,상행,2025-05-01T05:00:00,,주말
7호선,2712,도봉산,710,,20250619,7호선,3763,석남,761,N,7호선,7219,2728,어린이대공원,726,N,16:17:50,16:18:20,,7190,상행,2025-05-01T05:00:00,,주말
7호선,2712,도봉산,710,,20250619,7호선,3763,석남,761,N,7호선,7219,2727,군자,725,N,16:19:40,16:20:20,,7190,상행,2025-05-01T05:00:00,,주말
7호선,2712,도봉산,710,,20250619,7호선,3763,석남,761,N,7호선,7219,2726,중곡,724,N,16:21:40,16:22:10,,7190,상행,2025-05-01T05:00:00,,주말
7호선,2712,도봉산,710,,20250619,7호선,3763,석남,761,N,7호선,7219,2725,용마산,723,N,16:23:30,16:23:50,,7190,상행,2025-05-01T05:00:00,,주말
7호선,2712,도봉산,710,,20250619,7호선,3763,석남,761,N,7호선,7219,2724,사가정,722,N,16:25:00,16:25:30,,7190,상행,2025-05-01T05:00:00,,주말
7호선,2712,도봉산,710,,20250619,7호선,3763,석남,761,N,7호선,7219,2723,면목,721,N,16:26:40,16:27:10,,7190,상행,2025-05-01T05:00:00,,주말
7호선,2712,도봉산,710,,20250619,7호선,3763,석남,761,N,7호선,7219,2722,상봉,720,N,16:28:20,16:28:50,,7190,상행,2025-05-01T05:00:00,,주말
7호선,2712,도봉산,710,,20250619,7호선,3763,석남,761,N,7호선,7219,2721,중화,719,N,16:30:40,16:31:10,,7190,상행,2025-05-01T05:00:00,,주말
7호선,2712,도봉산,710,,20250619,7호선,3763,석남,761,N,7호선,7219,2720,먹골,718,N,16:32:30,16:33:00,,7190,상행,2025-05-01T05:00:00,,주말
7호선,2712,도봉산,710,,20250619,7호선,3763,석남,761,N,7호선,7219,2719,태릉입구,717,N,16:34:10,16:34:40,,7190,상행,2025-05-01T05:00:00,,주말
7호선,2712,도봉산,710,,20250619,7호선,3763,석남,761,N,7호선,7219,2718,공릉,716,N,16:35:40,16:36:10,,7190,상행,2025-05-01T05:00:00,,주말
7호선,2712,도봉산,710,,20250619,7호선,3763,석남,761,N,7호선,7219,2717,하계,715,N,16:37:40,16:38:10,,7190,상행,2025-05-01T05:00:00,,주말
7호선,2712,도봉산,710,,20250619,7호선,3763,석남,761,N,7호선,7219,2716,중계,714,N,16:39:20,16:39:50,,7190,상행,2025-05-01T05:00:00,,주말
7호선,2712,도봉산,710,,20250619,7호선,3763,석남,761,N,7호선,7219,2715,노원,713,N,16:41:10,16:41:40,,7190,상행,2025-05-01T05:00:00,,주말
7호선,2712,도봉산,710,,20250619,7호선,3763,석남,761,N,7호선,7219,2714,마들,712,N,16:43:10,16:43:40,,7190,상행,2025-05-01T05:00:00,,주말
7호선,2712,도봉산,710,,20250619,7호선,3763,석남,761,N,7호선,7219,2713,수락산,711,N,16:45:40,16:46:10,,7190,상행,2025-05-01T05:00:00,,주말
7호선,2712,도봉산,710,,20250619,7호선,3763,석남,761,N,7호선,7219,2712,도봉산,710,N,16:48:30,,,7190,상행,2025-05-01T05:00:00,,주말
7호선,2711,장암,709,,20250619,7호선,2752,온수,750,N,7호선,7225,2752,온수,750,N,,15:33:00,,7192,상행,2025-05-01T05:00:00,,주말
7호선,2711,장암,709,,20250619,7호선,2752,온수,750,N,7호선,7225,2751,천왕,749,N,15:35:20,15:35:40,,7192,상행,2025-05-01T05:00:00,,주말
7호선,2711,장암,709,,20250619,7호선,2752,온수,750,N,7호선,7225,2750,광명사거리,748,N,15:37:40,15:38:10,,7192,상행,2025-05-01T05:00:00,,주말
7호선,2711,장암,709,,20250619,7호선,2752,온수,750,N,7호선,7225,2749,철산,747,N,15:40:00,15:40:30,,7192,상행,2025-05-01T05:00:00,,주말
7호선,2711,장암,709,,20250619,7호선,2752,온수,750,N,7호선,7225,2748,가산디지털단지,746,N,15:42:30,15:43:00,,7192,상행,2025-05-01T05:00:00,,주말
7호선,2711,장암,709,,20250619,7호선,2752,온수,750,N,7호선,7225,2747,남구로,745,N,15:44:20,15:44:50,,7192,상행,2025-05-01T05:00:00,,주말
7호선,2711,장암,709,,20250619,7호선,2752,온수,750,N,7호선,7225,2746,대림,744,N,15:46:20,15:46:50,,7192,상행,2025-05-01T05:00:00,,주말
7호선,2711,장암,709,,20250619,7호선,2752,온수,750,N,7호선,7225,2745,신풍,743,N,15:48:50,15:49:20,,7192,상행,2025-05-01T05:00:00,,주말
7호선,2711,장암,709,,20250619,7호선,2752,온수,750,N,7호선,7225,2744,보라매,742,N,15:50:40,15:51:10,,7192,상행,2025-05-01T05:00:00,,주말
7호선,2711,장암,709,,20250619,7호선,2752,온수,750,N,7호선,7225,2743,신대방삼거리,741,N,15:52:20,15:52:50,,7192,상행,2025-05-01T05:00:00,,주말
7호선,2711,장암,709,,20250619,7호선,2752,온수,750,N,7호선,7225,2742,장승배기,740,N,15:54:40,15:55:10,,7192,상행,2025-05-01T05:00:00,,주말
7호선,2711,장암,709,,20250619,7호선,2752,온수,750,N,7호선,7225,2741,상도,739,N,15:56:40,15:57:10,,7192,상행,2025-05-01T05:00:00,,주말
7호선,2711,장암,709,,20250619,7호선,2752,온수,750,N,7호선,7225,2740,숭실대입구,738,N,15:58:20,15:58:50,,7192,상행,2025-05-01T05:00:00,,주말
7호선,2711,장암,709,,20250619,7호선,2752,온수,750,N,7호선,7225,2739,남성,737,N,16:01:20,16:01:50,,7192,상행,2025-05-01T05:00:00,,주말
7호선,2711,장암,709,,20250619,7호선,2752,온수,750,N,7호선,7225,2738,이수,736,N,16:03:10,16:03:50,,7192,상행,2025-05-01T05:00:00,,주말
7호선,2711,장암,709,,20250619,7호선,2752,온수,750,N,7호선,7225,2737,내방,735,N,16:05:20,16:05:50,,7192,상행,2025-05-01T05:00:00,,주말
7호선,2711,장암,709,,20250619,7호선,2752,온수,750,N,7호선,7225,2736,고속터미널,734,N,16:08:20,16:09:00,,7192,상행,2025-05-01T05:00:00,,주말
7호선,2711,장암,709,,20250619,7호선,2752,온수,750,N,7호선,7225,2735,반포,733,N,16:10:30,16:10:50,,7192,상행,2025-05-01T05:00:00,,주말
7호선,2711,장암,709,,20250619,7호선,2752,온수,750,N,7호선,7225,2734,논현,732,N,16:12:00,16:12:30,,7192,상행,2025-05-01T05:00:00,,주말
7호선,2711,장암,709,,20250619,7호선,2752,온수,750,N,7호선,7225,2733,학동,731,N,16:13:50,16:14:20,,7192,상행,2025-05-01T05:00:00,,주말
7호선,2711,장암,709,,20250619,7호선,2752,온수,750,N,7호선,7225,2732,강남구청,730,N,16:15:30,16:16:00,,7192,상행,2025-05-01T05:00:00,,주말
7호선,2711,장암,709,,20250619,7호선,2752,온수,750,N,7호선,7225,2731,청담,729,N,16:17:30,16:18:00,,7192,상행,2025-05-01T05:00:00,,주말
7호선,2711,장암,709,,20250619,7호선,2752,온수,750,N,7호선,7225,2730,자양,728,N,16:20:30,16:20:50,,7192,상행,2025-05-01T05:00:00,,주말
7호선,2711,장암,709,,20250619,7호선,2752,온수,750,N,7호선,7225,2729,건대입구,727,N,16:22:20,16:23:00,,7192,상행,2025-05-01T05:00:00,,주말
7호선,2711,장암,709,,20250619,7호선,2752,온수,750,N,7호선,7225,2728,어린이대공원,726,N,16:24:20,16:24:50,,7192,상행,2025-05-01T05:00:00,,주말
7호선,2711,장암,709,,20250619,7호선,2752,온수,750,N,7호선,7225,2727,군자,725,N,16:26:10,16:26:50,,7192,상행,2025-05-01T05:00:00,,주말
7호선,2711,장암,709,,20250619,7호선,2752,온수,750,N,7호선,7225,2726,중곡,724,N,16:28:10,16:28:40,,7192,상행,2025-05-01T05:00:00,,주말
7호선,2711,장암,709,,20250619,7호선,2752,온수,750,N,7호선,7225,2725,용마산,723,N,16:30:00,16:30:20,,7192,상행,2025-05-01T05:00:00,,주말
7호선,2711,장암,709,,20250619,7호선,2752,온수,750,N,7호선,7225,2724,사가정,722,N,16:31:30,16:32:00,,7192,상행,2025-05-01T05:00:00,,주말
7호선,2711,장암,709,,20250619,7호선,2752,온수,750,N,7호선,7225,2723,면목,721,N,16:33:10,16:33:40,,7192,상행,2025-05-01T05:00:00,,주말
7호선,2711,장암,709,,20250619,7호선,2752,온수,750,N,7호선,7225,2722,상봉,720,N,16:34:50,16:35:20,,7192,상행,2025-05-01T05:00:00,,주말
7호선,2711,장암,709,,20250619,7호선,2752,온수,750,N,7호선,7225,2721,중화,719,N,16:37:10,16:37:40,,7192,상행,2025-05-01T05:00:00,,주말
7호선,2711,장암,709,,20250619,7호선,2752,온수,750,N,7호선,7225,2720,먹골,718,N,16:39:00,16:39:30,,7192,상행,2025-05-01T05:00:00,,주말
7호선,2711,장암,709,,20250619,7호선,2752,온수,750,N,7호선,7225,2719,태릉입구,717,N,16:40:40,16:41:10,,7192,상행,2025-05-01T05:00:00,,주말
7호선,2711,장암,709,,20250619,7호선,2752,온수,750,N,7호선,7225,2718,공릉,716,N,16:42:10,16:42:40,,7192,상행,2025-05-01T05:00:00,,주말
7호선,2711,장암,709,,20250619,7호선,2752,온수,750,N,7호선,7225,2717,하계,715,N,16:44:10,16:44:40,,7192,상행,2025-05-01T05:00:00,,주말
7호선,2711,장암,709,,20250619,7호선,2752,온수,750,N,7호선,7225,2716,중계,714,N,16:45:50,16:46:20,,7192,상행,2025-05-01T05:00:00,,주말
7호선,2711,장암,709,,20250619,7호선,2752,온수,750,N,7호선,7225,2715,노원,713,N,16:47:40,16:48:10,,7192,상행,2025-05-01T05:00:00,,주말
7호선,2711,장암,709,,20250619,7호선,2752,온수,750,N,7호선,7225,2714,마들,712,N,16:49:40,16:50:10,,7192,상행,2025-05-01T05:00:00,,주말
7호선,2711,장암,709,,20250619,7호선,2752,온수,750,N,7호선,7225,2713,수락산,711,N,16:52:10,16:52:40,,7192,상행,2025-05-01T05:00:00,,주말
7호선,2711,장암,709,,20250619,7호선,2752,온수,750,N,7호선,7225,2712,도봉산,710,N,16:55:00,16:55:30,,7192,상행,2025-05-01T05:00:00,,주말
7호선,2711,장암,709,,20250619,7호선,2752,온수,750,N,7호선,7225,2711,장암,709,N,17:00:00,,,7192,상행,2025-05-01T05:00:00,,주말
7호선,2712,도봉산,710,,20250619,7호선,3763,석남,761,N,7호선,7223,3763,석남,761,N,,15:16:00,,7194,상행,2025-05-01T05:00:00,,주말
7호선,2712,도봉산,710,,20250619,7호선,3763,석남,761,N,7호선,7223,3762,산곡,760,N,15:19:00,15:19:30,,7194,상행,2025-05-01T05:00:00,,주말
7호선,2712,도봉산,710,,20250619,7호선,3763,석남,761,N,7호선,7223,3761,부평구청,759,N,15:21:30,15:22:00,,7194,상행,2025-05-01T05:00:00,,주말
7호선,2712,도봉산,710,,20250619,7호선,3763,석남,761,N,7호선,7223,3760,굴포천,758,N,15:23:20,15:23:50,,7194,상행,2025-05-01T05:00:00,,주말
7호선,2712,도봉산,710,,20250619,7호선,3763,석남,761,N,7호선,7223,3759,삼산체육관,757,N,15:25:00,15:25:30,,7194,상행,2025-05-01T05:00:00,,주말
7호선,2712,도봉산,710,,20250619,7호선,3763,석남,761,N,7호선,7223,3758,상동,756,N,15:26:50,15:27:20,,7194,상행,2025-05-01T05:00:00,,주말
7호선,2712,도봉산,710,,20250619,7호선,3763,석남,761,N,7호선,7223,3757,부천시청,755,N,15:28:30,15:29:00,,7194,상행,2025-05-01T05:00:00,,주말
7호선,2712,도봉산,710,,20250619,7호선,3763,석남,761,N,7호선,7223,3756,신중동,754,N,15:30:20,15:30:50,,7194,상행,2025-05-01T05:00:00,,주말
7호선,2712,도봉산,710,,20250619,7호선,3763,석남,761,N,7호선,7223,3755,춘의,753,N,15:32:10,15:32:40,,7194,상행,2025-05-01T05:00:00,,주말
7호선,2712,도봉산,710,,20250619,7호선,3763,석남,761,N,7호선,7223,3754,부천종합운동장,752,N,15:34:00,15:34:30,,7194,상행,2025-05-01T05:00:00,,주말
7호선,2712,도봉산,710,,20250619,7호선,3763,석남,761,N,7호선,7223,3753,까치울,751,N,15:36:00,15:36:30,,7194,상행,2025-05-01T05:00:00,,주말
7호선,2712,도봉산,710,,20250619,7호선,3763,석남,761,N,7호선,7223,2752,온수,750,N,15:39:00,15:39:30,,7194,상행,2025-05-01T05:00:00,,주말
7호선,2712,도봉산,710,,20250619,7호선,3763,석남,761,N,7호선,7223,2751,천왕,749,N,15:41:50,15:42:10,,7194,상행,2025-05-01T05:00:00,,주말
7호선,2712,도봉산,710,,20250619,7호선,3763,석남,761,N,7호선,7223,2750,광명사거리,748,N,15:44:10,15:44:40,,7194,상행,2025-05-01T05:00:00,,주말
7호선,2712,도봉산,710,,20250619,7호선,3763,석남,761,N,7호선,7223,2749,철산,747,N,15:46:30,15:47:00,,7194,상행,2025-05-01T05:00:00,,주말
7호선,2712,도봉산,710,,20250619,7호선,3763,석남,761,N,7호선,7223,2748,가산디지털단지,746,N,15:49:00,15:49:30,,7194,상행,2025-05-01T05:00:00,,주말
7호선,2712,도봉산,710,,20250619,7호선,3763,석남,761,N,7호선,7223,2747,남구로,745,N,15:50:50,15:51:20,,7194,상행,2025-05-01T05:00:00,,주말
7호선,2712,도봉산,710,,20250619,7호선,3763,석남,761,N,7호선,7223,2746,대림,744,N,15:52:50,15:53:20,,7194,상행,2025-05-01T05:00:00,,주말
7호선,2712,도봉산,710,,20250619,7호선,3763,석남,761,N,7호선,7223,2745,신풍,743,N,15:55:20,15:55:50,,7194,상행,2025-05-01T05:00:00,,주말
7호선,2712,도봉산,710,,20250619,7호선,3763,석남,761,N,7호선,7223,2744,보라매,742,N,15:57:10,15:57:40,,7194,상행,2025-05-01T05:00:00,,주말
7호선,2712,도봉산,710,,20250619,7호선,3763,석남,761,N,7호선,7223,2743,신대방삼거리,741,N,15:58:50,15:59:20,,7194,상행,2025-05-01T05:00:00,,주말
7호선,2712,도봉산,710,,20250619,7호선,3763,석남,761,N,7호선,7223,2742,장승배기,740,N,16:01:10,16:01:40,,7194,상행,2025-05-01T05:00:00,,주말
7호선,2712,도봉산,710,,20250619,7호선,3763,석남,761,N,7호선,7223,2741,상도,739,N,16:03:10,16:03:40,,7194,상행,2025-05-01T05:00:00,,주말
7호선,2712,도봉산,710,,20250619,7호선,3763,석남,761,N,7호선,7223,2740,숭실대입구,738,N,16:04:50,16:05:20,,7194,상행,2025-05-01T05:00:00,,주말
7호선,2712,도봉산,710,,20250619,7호선,3763,석남,761,N,7호선,7223,2739,남성,737,N,16:07:50,16:08:20,,7194,상행,2025-05-01T05:00:00,,주말
7호선,2712,도봉산,710,,20250619,7호선,3763,석남,761,N,7호선,7223,2738,이수,736,N,16:09:40,16:10:20,,7194,상행,2025-05-01T05:00:00,,주말
7호선,2712,도봉산,710,,20250619,7호선,3763,석남,761,N,7호선,7223,2737,내방,735,N,16:11:50,16:12:20,,7194,상행,2025-05-01T05:00:00,,주말
7호선,2712,도봉산,710,,20250619,7호선,3763,석남,761,N,7호선,7223,2736,고속터미널,734,N,16:14:50,16:15:30,,7194,상행,2025-05-01T05:00:00,,주말
7호선,2712,도봉산,710,,20250619,7호선,3763,석남,761,N,7호선,7223,2735,반포,733,N,16:17:00,16:17:20,,7194,상행,2025-05-01T05:00:00,,주말
7호선,2712,도봉산,710,,20250619,7호선,3763,석남,761,N,7호선,7223,2734,논현,732,N,16:18:30,16:19:00,,7194,상행,2025-05-01T05:00:00,,주말
7호선,2712,도봉산,710,,20250619,7호선,3763,석남,761,N,7호선,7223,2733,학동,731,N,16:20:20,16:20:50,,7194,상행,2025-05-01T05:00:00,,주말
7호선,2712,도봉산,710,,20250619,7호선,3763,석남,761,N,7호선,7223,2732,강남구청,730,N,16:22:00,16:22:30,,7194,상행,2025-05-01T05:00:00,,주말
7호선,2712,도봉산,710,,20250619,7호선,3763,석남,761,N,7호선,7223,2731,청담,729,N,16:24:00,16:24:30,,7194,상행,2025-05-01T05:00:00,,주말
7호선,2712,도봉산,710,,20250619,7호선,3763,석남,761,N,7호선,7223,2730,자양,728,N,16:27:00,16:27:20,,7194,상행,2025-05-01T05:00:00,,주말
7호선,2712,도봉산,710,,20250619,7호선,3763,석남,761,N,7호선,7223,2729,건대입구,727,N,16:28:50,16:29:30,,7194,상행,2025-05-01T05:00:00,,주말
7호선,2712,도봉산,710,,20250619,7호선,3763,석남,761,N,7호선,7223,2728,어린이대공원,726,N,16:30:50,16:31:20,,7194,상행,2025-05-01T05:00:00,,주말
7호선,2712,도봉산,710,,20250619,7호선,3763,석남,761,N,7호선,7223,2727,군자,725,N,16:32:40,16:33:20,,7194,상행,2025-05-01T05:00:00,,주말
7호선,2712,도봉산,710,,20250619,7호선,3763,석남,761,N,7호선,7223,2726,중곡,724,N,16:34:40,16:35:10,,7194,상행,2025-05-01T05:00:00,,주말
7호선,2712,도봉산,710,,20250619,7호선,3763,석남,761,N,7호선,7223,2725,용마산,723,N,16:36:30,16:36:50,,7194,상행,2025-05-01T05:00:00,,주말
7호선,2712,도봉산,710,,20250619,7호선,3763,석남,761,N,7호선,7223,2724,사가정,722,N,16:38:00,16:38:30,,7194,상행,2025-05-01T05:00:00,,주말
7호선,2712,도봉산,710,,20250619,7호선,3763,석남,761,N,7호선,7223,2723,면목,721,N,16:39:40,16:40:10,,7194,상행,2025-05-01T05:00:00,,주말
7호선,2712,도봉산,710,,20250619,7호선,3763,석남,761,N,7호선,7223,2722,상봉,720,N,16:41:20,16:41:50,,7194,상행,2025-05-01T05:00:00,,주말
7호선,2712,도봉산,710,,20250619,7호선,3763,석남,761,N,7호선,7223,2721,중화,719,N,16:43:40,16:44:10,,7194,상행,2025-05-01T05:00:00,,주말
7호선,2712,도봉산,710,,20250619,7호선,3763,석남,761,N,7호선,7223,2720,먹골,718,N,16:45:30,16:46:00,,7194,상행,2025-05-01T05:00:00,,주말
7호선,2712,도봉산,710,,20250619,7호선,3763,석남,761,N,7호선,7223,2719,태릉입구,717,N,16:47:10,16:47:40,,7194,상행,2025-05-01T05:00:00,,주말
7호선,2712,도봉산,710,,20250619,7호선,3763,석남,761,N,7호선,7223,2718,공릉,716,N,16:48:40,16:49:10,,7194,상행,2025-05-01T05:00:00,,주말
7호선,2712,도봉산,710,,20250619,7호선,3763,석남,761,N,7호선,7223,2717,하계,715,N,16:50:40,16:51:10,,7194,상행,2025-05-01T05:00:00,,주말
7호선,2712,도봉산,710,,20250619,7호선,3763,석남,761,N,7호선,7223,2716,중계,714,N,16:52:20,16:52:50,,7194,상행,2025-05-01T05:00:00,,주말
7호선,2712,도봉산,710,,20250619,7호선,3763,석남,761,N,7호선,7223,2715,노원,713,N,16:54:10,16:54:40,,7194,상행,2025-05-01T05:00:00,,주말
7호선,2712,도봉산,710,,20250619,7호선,3763,석남,761,N,7호선,7223,2714,마들,712,N,16:56:10,16:56:40,,7194,상행,2025-05-01T05:00:00,,주말
7호선,2712,도봉산,710,,20250619,7호선,3763,석남,761,N,7호선,7223,2713,수락산,711,N,16:58:40,16:59:10,,7194,상행,2025-05-01T05:00:00,,주말
7호선,2712,도봉산,710,,20250619,7호선,3763,석남,761,N,7호선,7223,2712,도봉산,710,N,17:01:30,,,7194,상행,2025-05-01T05:00:00,,주말
7호선,2711,장암,709,,20250619,7호선,2752,온수,750,N,7호선,7229,2752,온수,750,N,,15:46:00,,7196,상행,2025-05-01T05:00:00,,주말
7호선,2711,장암,709,,20250619,7호선,2752,온수,750,N,7호선,7229,2751,천왕,749,N,15:48:20,15:48:40,,7196,상행,2025-05-01T05:00:00,,주말
7호선,2711,장암,709,,20250619,7호선,2752,온수,750,N,7호선,7229,2750,광명사거리,748,N,15:50:40,15:51:10,,7196,상행,2025-05-01T05:00:00,,주말
7호선,2711,장암,709,,20250619,7호선,2752,온수,750,N,7호선,7229,2749,철산,747,N,15:53:00,15:53:30,,7196,상행,2025-05-01T05:00:00,,주말
7호선,2711,장암,709,,20250619,7호선,2752,온수,750,N,7호선,7229,2748,가산디지털단지,746,N,15:55:30,15:56:00,,7196,상행,2025-05-01T05:00:00,,주말
7호선,2711,장암,709,,20250619,7호선,2752,온수,750,N,7호선,7229,2747,남구로,745,N,15:57:20,15:57:50,,7196,상행,2025-05-01T05:00:00,,주말
7호선,2711,장암,709,,20250619,7호선,2752,온수,750,N,7호선,7229,2746,대림,744,N,15:59:20,15:59:50,,7196,상행,2025-05-01T05:00:00,,주말
7호선,2711,장암,709,,20250619,7호선,2752,온수,750,N,7호선,7229,2745,신풍,743,N,16:01:50,16:02:20,,7196,상행,2025-05-01T05:00:00,,주말
7호선,2711,장암,709,,20250619,7호선,2752,온수,750,N,7호선,7229,2744,보라매,742,N,16:03:40,16:04:10,,7196,상행,2025-05-01T05:00:00,,주말
7호선,2711,장암,709,,20250619,7호선,2752,온수,750,N,7호선,7229,2743,신대방삼거리,741,N,16:05:20,16:05:50,,7196,상행,2025-05-01T05:00:00,,주말
7호선,2711,장암,709,,20250619,7호선,2752,온수,750,N,7호선,7229,2742,장승배기,740,N,16:07:40,16:08:10,,7196,상행,2025-05-01T05:00:00,,주말
7호선,2711,장암,709,,20250619,7호선,2752,온수,750,N,7호선,7229,2741,상도,739,N,16:09:40,16:10:10,,7196,상행,2025-05-01T05:00:00,,주말
7호선,2711,장암,709,,20250619,7호선,2752,온수,750,N,7호선,7229,2740,숭실대입구,738,N,16:11:20,16:11:50,,7196,상행,2025-05-01T05:00:00,,주말
7호선,2711,장암,709,,20250619,7호선,2752,온수,750,N,7호선,7229,2739,남성,737,N,16:14:20,16:14:50,,7196,상행,2025-05-01T05:00:00,,주말
7호선,2711,장암,709,,20250619,7호선,2752,온수,750,N,7호선,7229,2738,이수,736,N,16:16:10,16:16:50,,7196,상행,2025-05-01T05:00:00,,주말
7호선,2711,장암,709,,20250619,7호선,2752,온수,750,N,7호선,7229,2737,내방,735,N,16:18:20,16:18:50,,7196,상행,2025-05-01T05:00:00,,주말
7호선,2711,장암,709,,20250619,7호선,2752,온수,750,N,7호선,7229,2736,고속터미널,734,N,16:21:20,16:22:00,,7196,상행,2025-05-01T05:00:00,,주말
7호선,2711,장암,709,,20250619,7호선,2752,온수,750,N,7호선,7229,2735,반포,733,N,16:23:30,16:23:50,,7196,상행,2025-05-01T05:00:00,,주말
7호선,2711,장암,709,,20250619,7호선,2752,온수,750,N,7호선,7229,2734,논현,732,N,16:25:00,16:25:30,,7196,상행,2025-05-01T05:00:00,,주말
7호선,2711,장암,709,,20250619,7호선,2752,온수,750,N,7호선,7229,2733,학동,731,N,16:26:50,16:27:20,,7196,상행,2025-05-01T05:00:00,,주말
7호선,2711,장암,709,,20250619,7호선,2752,온수,750,N,7호선,7229,2732,강남구청,730,N,16:28:30,16:29:00,,7196,상행,2025-05-01T05:00:00,,주말
7호선,2711,장암,709,,20250619,7호선,2752,온수,750,N,7호선,7229,2731,청담,729,N,16:30:30,16:31:00,,7196,상행,2025-05-01T05:00:00,,주말
7호선,2711,장암,709,,20250619,7호선,2752,온수,750,N,7호선,7229,2730,자양,728,N,16:33:30,16:33:50,,7196,상행,2025-05-01T05:00:00,,주말
7호선,2711,장암,709,,20250619,7호선,2752,온수,750,N,7호선,7229,2729,건대입구,727,N,16:35:20,16:36:00,,7196,상행,2025-05-01T05:00:00,,주말
7호선,2711,장암,709,,20250619,7호선,2752,온수,750,N,7호선,7229,2728,어린이대공원,726,N,16:37:20,16:37:50,,7196,상행,2025-05-01T05:00:00,,주말
7호선,2711,장암,709,,20250619,7호선,2752,온수,750,N,7호선,7229,2727,군자,725,N,16:39:10,16:39:50,,7196,상행,2025-05-01T05:00:00,,주말
7호선,2711,장암,709,,20250619,7호선,2752,온수,750,N,7호선,7229,2726,중곡,724,N,16:41:10,16:41:40,,7196,상행,2025-05-01T05:00:00,,주말
7호선,2711,장암,709,,20250619,7호선,2752,온수,750,N,7호선,7229,2725,용마산,723,N,16:43:00,16:43:20,,7196,상행,2025-05-01T05:00:00,,주말
7호선,2711,장암,709,,20250619,7호선,2752,온수,750,N,7호선,7229,2724,사가정,722,N,16:44:30,16:45:00,,7196,상행,2025-05-01T05:00:00,,주말
7호선,2711,장암,709,,20250619,7호선,2752,온수,750,N,7호선,7229,2723,면목,721,N,16:46:10,16:46:40,,7196,상행,2025-05-01T05:00:00,,주말
7호선,2711,장암,709,,20250619,7호선,2752,온수,750,N,7호선,7229,2722,상봉,720,N,16:47:50,16:48:20,,7196,상행,2025-05-01T05:00:00,,주말
7호선,2711,장암,709,,20250619,7호선,2752,온수,750,N,7호선,7229,2721,중화,719,N,16:50:10,16:50:40,,7196,상행,2025-05-01T05:00:00,,주말
7호선,2711,장암,709,,20250619,7호선,2752,온수,750,N,7호선,7229,2720,먹골,718,N,16:52:00,16:52:30,,7196,상행,2025-05-01T05:00:00,,주말
7호선,2711,장암,709,,20250619,7호선,2752,온수,750,N,7호선,7229,2719,태릉입구,717,N,16:53:40,16:54:10,,7196,상행,2025-05-01T05:00:00,,주말
7호선,2711,장암,709,,20250619,7호선,2752,온수,750,N,7호선,7229,2718,공릉,716,N,16:55:10,16:55:40,,7196,상행,2025-05-01T05:00:00,,주말
7호선,2711,장암,709,,20250619,7호선,2752,온수,750,N,7호선,7229,2717,하계,715,N,16:57:10,16:57:40,,7196,상행,2025-05-01T05:00:00,,주말
7호선,2711,장암,709,,20250619,7호선,2752,온수,750,N,7호선,7229,2716,중계,714,N,16:58:50,16:59:20,,7196,상행,2025-05-01T05:00:00,,주말
7호선,2711,장암,709,,20250619,7호선,2752,온수,750,N,7호선,7229,2715,노원,713,N,17:00:40,17:01:10,,7196,상행,2025-05-01T05:00:00,,주말
7호선,2711,장암,709,,20250619,7호선,2752,온수,750,N,7호선,7229,2714,마들,712,N,17:02:40,17:03:10,,7196,상행,2025-05-01T05:00:00,,주말
7호선,2711,장암,709,,20250619,7호선,2752,온수,750,N,7호선,7229,2713,수락산,711,N,17:05:10,17:05:40,,7196,상행,2025-05-01T05:00:00,,주말
7호선,2711,장암,709,,20250619,7호선,2752,온수,750,N,7호선,7229,2712,도봉산,710,N,17:08:00,17:08:30,,7196,상행,2025-05-01T05:00:00,,주말
7호선,2711,장암,709,,20250619,7호선,2752,온수,750,N,7호선,7229,2711,장암,709,N,17:13:00,,,7196,상행,2025-05-01T05:00:00,,주말
7호선,2712,도봉산,710,,20250619,7호선,3763,석남,761,N,7호선,7227,3763,석남,761,N,,15:29:00,,7198,상행,2025-05-01T05:00:00,,주말
7호선,2712,도봉산,710,,20250619,7호선,3763,석남,761,N,7호선,7227,3762,산곡,760,N,15:32:00,15:32:30,,7198,상행,2025-05-01T05:00:00,,주말
7호선,2712,도봉산,710,,20250619,7호선,3763,석남,761,N,7호선,7227,3761,부평구청,759,N,15:34:30,15:35:00,,7198,상행,2025-05-01T05:00:00,,주말
7호선,2712,도봉산,710,,20250619,7호선,3763,석남,761,N,7호선,7227,3760,굴포천,758,N,15:36:20,15:36:50,,7198,상행,2025-05-01T05:00:00,,주말
7호선,2712,도봉산,710,,20250619,7호선,3763,석남,761,N,7호선,7227,3759,삼산체육관,757,N,15:38:00,15:38:30,,7198,상행,2025-05-01T05:00:00,,주말
7호선,2712,도봉산,710,,20250619,7호선,3763,석남,761,N,7호선,7227,3758,상동,756,N,15:39:50,15:40:20,,7198,상행,2025-05-01T05:00:00,,주말
7호선,2712,도봉산,710,,20250619,7호선,3763,석남,761,N,7호선,7227,3757,부천시청,755,N,15:41:30,15:42:00,,7198,상행,2025-05-01T05:00:00,,주말
7호선,2712,도봉산,710,,20250619,7호선,3763,석남,761,N,7호선,7227,3756,신중동,754,N,15:43:20,15:43:50,,7198,상행,2025-05-01T05:00:00,,주말
7호선,2712,도봉산,710,,20250619,7호선,3763,석남,761,N,7호선,7227,3755,춘의,753,N,15:45:10,15:45:40,,7198,상행,2025-05-01T05:00:00,,주말
7호선,2712,도봉산,710,,20250619,7호선,3763,석남,761,N,7호선,7227,3754,부천종합운동장,752,N,15:47:00,15:47:30,,7198,상행,2025-05-01T05:00:00,,주말
7호선,2712,도봉산,710,,20250619,7호선,3763,석남,761,N,7호선,7227,3753,까치울,751,N,15:49:00,15:49:30,,7198,상행,2025-05-01T05:00:00,,주말
7호선,2712,도봉산,710,,20250619,7호선,3763,석남,761,N,7호선,7227,2752,온수,750,N,15:52:00,15:52:30,,7198,상행,2025-05-01T05:00:00,,주말
7호선,2712,도봉산,710,,20250619,7호선,3763,석남,761,N,7호선,7227,2751,천왕,749,N,15:54:50,15:55:10,,7198,상행,2025-05-01T05:00:00,,주말
7호선,2712,도봉산,710,,20250619,7호선,3763,석남,761,N,7호선,7227,2750,광명사거리,748,N,15:57:10,15:57:40,,7198,상행,2025-05-01T05:00:00,,주말
7호선,2712,도봉산,710,,20250619,7호선,3763,석남,761,N,7호선,7227,2749,철산,747,N,15:59:30,16:00:00,,7198,상행,2025-05-01T05:00:00,,주말
7호선,2712,도봉산,710,,20250619,7호선,3763,석남,761,N,7호선,7227,2748,가산디지털단지,746,N,16:02:00,16:02:30,,7198,상행,2025-05-01T05:00:00,,주말
7호선,2712,도봉산,710,,20250619,7호선,3763,석남,761,N,7호선,7227,2747,남구로,745,N,16:03:50,16:04:20,,7198,상행,2025-05-01T05:00:00,,주말
7호선,2712,도봉산,710,,20250619,7호선,3763,석남,761,N,7호선,7227,2746,대림,744,N,16:05:50,16:06:20,,7198,상행,2025-05-01T05:00:00,,주말
7호선,2712,도봉산,710,,20250619,7호선,3763,석남,761,N,7호선,7227,2745,신풍,743,N,16:08:20,16:08:50,,7198,상행,2025-05-01T05:00:00,,주말
7호선,2712,도봉산,710,,20250619,7호선,3763,석남,761,N,7호선,7227,2744,보라매,742,N,16:10:10,16:10:40,,7198,상행,2025-05-01T05:00:00,,주말
7호선,2712,도봉산,710,,20250619,7호선,3763,석남,761,N,7호선,7227,2743,신대방삼거리,741,N,16:11:50,16:12:20,,7198,상행,2025-05-01T05:00:00,,주말
7호선,2712,도봉산,710,,20250619,7호선,3763,석남,761,N,7호선,7227,2742,장승배기,740,N,16:14:10,16:14:40,,7198,상행,2025-05-01T05:00:00,,주말
7호선,2712,도봉산,710,,20250619,7호선,3763,석남,761,N,7호선,7227,2741,상도,739,N,16:16:10,16:16:40,,7198,상행,2025-05-01T05:00:00,,주말
7호선,2712,도봉산,710,,20250619,7호선,3763,석남,761,N,7호선,7227,2740,숭실대입구,738,N,16:17:50,16:18:20,,7198,상행,2025-05-01T05:00:00,,주말
7호선,2712,도봉산,710,,20250619,7호선,3763,석남,761,N,7호선,7227,2739,남성,737,N,16:20:50,16:21:20,,7198,상행,2025-05-01T05:00:00,,주말
7호선,2712,도봉산,710,,20250619,7호선,3763,석남,761,N,7호선,7227,2738,이수,736,N,16:22:40,16:23:20,,7198,상행,2025-05-01T05:00:00,,주말
7호선,2712,도봉산,710,,20250619,7호선,3763,석남,761,N,7호선,7227,2737,내방,735,N,16:24:50,16:25:20,,7198,상행,2025-05-01T05:00:00,,주말
7호선,2712,도봉산,710,,20250619,7호선,3763,석남,761,N,7호선,7227,2736,고속터미널,734,N,16:27:50,16:28:30,,7198,상행,2025-05-01T05:00:00,,주말
7호선,2712,도봉산,710,,20250619,7호선,3763,석남,761,N,7호선,7227,2735,반포,733,N,16:30:00,16:30:20,,7198,상행,2025-05-01T05:00:00,,주말
7호선,2712,도봉산,710,,20250619,7호선,3763,석남,761,N,7호선,7227,2734,논현,732,N,16:31:30,16:32:00,,7198,상행,2025-05-01T05:00:00,,주말
7호선,2712,도봉산,710,,20250619,7호선,3763,석남,761,N,7호선,7227,2733,학동,731,N,16:33:20,16:33:50,,7198,상행,2025-05-01T05:00:00,,주말
7호선,2712,도봉산,710,,20250619,7호선,3763,석남,761,N,7호선,7227,2732,강남구청,730,N,16:35:00,16:35:30,,7198,상행,2025-05-01T05:00:00,,주말
7호선,2712,도봉산,710,,20250619,7호선,3763,석남,761,N,7호선,7227,2731,청담,729,N,16:37:00,16:37:30,,7198,상행,2025-05-01T05:00:00,,주말
7호선,2712,도봉산,710,,20250619,7호선,3763,석남,761,N,7호선,7227,2730,자양,728,N,16:40:00,16:40:20,,7198,상행,2025-05-01T05:00:00,,주말
7호선,2712,도봉산,710,,20250619,7호선,3763,석남,761,N,7호선,7227,2729,건대입구,727,N,16:41:50,16:42:30,,7198,상행,2025-05-01T05:00:00,,주말
7호선,2712,도봉산,710,,20250619,7호선,3763,석남,761,N,7호선,7227,2728,어린이대공원,726,N,16:43:50,16:44:20,,7198,상행,2025-05-01T05:00:00,,주말
7호선,2712,도봉산,710,,20250619,7호선,3763,석남,761,N,7호선,7227,2727,군자,725,N,16:45:40,16:46:20,,7198,상행,2025-05-01T05:00:00,,주말
7호선,2712,도봉산,710,,20250619,7호선,3763,석남,761,N,7호선,7227,2726,중곡,724,N,16:47:40,16:48:10,,7198,상행,2025-05-01T05:00:00,,주말
7호선,2712,도봉산,710,,20250619,7호선,3763,석남,761,N,7호선,7227,2725,용마산,723,N,16:49:30,16:49:50,,7198,상행,2025-05-01T05:00:00,,주말
7호선,2712,도봉산,710,,20250619,7호선,3763,석남,761,N,7호선,7227,2724,사가정,722,N,16:51:00,16:51:30,,7198,상행,2025-05-01T05:00:00,,주말
7호선,2712,도봉산,710,,20250619,7호선,3763,석남,761,N,7호선,7227,2723,면목,721,N,16:52:40,16:53:10,,7198,상행,2025-05-01T05:00:00,,주말
7호선,2712,도봉산,710,,20250619,7호선,3763,석남,761,N,7호선,7227,2722,상봉,720,N,16:54:20,16:54:50,,7198,상행,2025-05-01T05:00:00,,주말
7호선,2712,도봉산,710,,20250619,7호선,3763,석남,761,N,7호선,7227,2721,중화,719,N,16:56:40,16:57:10,,7198,상행,2025-05-01T05:00:00,,주말
7호선,2712,도봉산,710,,20250619,7호선,3763,석남,761,N,7호선,7227,2720,먹골,718,N,16:58:30,16:59:00,,7198,상행,2025-05-01T05:00:00,,주말
7호선,2712,도봉산,710,,20250619,7호선,3763,석남,761,N,7호선,7227,2719,태릉입구,717,N,17:00:10,17:00:40,,7198,상행,2025-05-01T05:00:00,,주말
7호선,2712,도봉산,710,,20250619,7호선,3763,석남,761,N,7호선,7227,2718,공릉,716,N,17:01:40,17:02:10,,7198,상행,2025-05-01T05:00:00,,주말
7호선,2712,도봉산,710,,20250619,7호선,3763,석남,761,N,7호선,7227,2717,하계,715,N,17:03:40,17:04:10,,7198,상행,2025-05-01T05:00:00,,주말
7호선,2712,도봉산,710,,20250619,7호선,3763,석남,761,N,7호선,7227,2716,중계,714,N,17:05:20,17:05:50,,7198,상행,2025-05-01T05:00:00,,주말
7호선,2712,도봉산,710,,20250619,7호선,3763,석남,761,N,7호선,7227,2715,노원,713,N,17:07:10,17:07:40,,7198,상행,2025-05-01T05:00:00,,주말
7호선,2712,도봉산,710,,20250619,7호선,3763,석남,761,N,7호선,7227,2714,마들,712,N,17:09:10,17:09:40,,7198,상행,2025-05-01T05:00:00,,주말
7호선,2712,도봉산,710,,20250619,7호선,3763,석남,761,N,7호선,7227,2713,수락산,711,N,17:11:40,17:12:10,,7198,상행,2025-05-01T05:00:00,,주말
7호선,2712,도봉산,710,,20250619,7호선,3763,석남,761,N,7호선,7227,2712,도봉산,710,N,17:14:30,,,7198,상행,2025-05-01T05:00:00,,주말
7호선,2711,장암,709,,20250619,7호선,2752,온수,750,N,7호선,7233,2752,온수,750,N,,15:59:00,,7200,상행,2025-05-01T05:00:00,,주말
7호선,2711,장암,709,,20250619,7호선,2752,온수,750,N,7호선,7233,2751,천왕,749,N,16:01:20,16:01:40,,7200,상행,2025-05-01T05:00:00,,주말
7호선,2711,장암,709,,20250619,7호선,2752,온수,750,N,7호선,7233,2750,광명사거리,748,N,16:03:40,16:04:10,,7200,상행,2025-05-01T05:00:00,,주말
7호선,2711,장암,709,,20250619,7호선,2752,온수,750,N,7호선,7233,2749,철산,747,N,16:06:00,16:06:30,,7200,상행,2025-05-01T05:00:00,,주말
7호선,2711,장암,709,,20250619,7호선,2752,온수,750,N,7호선,7233,2748,가산디지털단지,746,N,16:08:30,16:09:00,,7200,상행,2025-05-01T05:00:00,,주말
7호선,2711,장암,709,,20250619,7호선,2752,온수,750,N,7호선,7233,2747,남구로,745,N,16:10:20,16:10:50,,7200,상행,2025-05-01T05:00:00,,주말
7호선,2711,장암,709,,20250619,7호선,2752,온수,750,N,7호선,7233,2746,대림,744,N,16:12:20,16:12:50,,7200,상행,2025-05-01T05:00:00,,주말
7호선,2711,장암,709,,20250619,7호선,2752,온수,750,N,7호선,7233,2745,신풍,743,N,16:14:50,16:15:20,,7200,상행,2025-05-01T05:00:00,,주말
7호선,2711,장암,709,,20250619,7호선,2752,온수,750,N,7호선,7233,2744,보라매,742,N,16:16:40,16:17:10,,7200,상행,2025-05-01T05:00:00,,주말
7호선,2711,장암,709,,20250619,7호선,2752,온수,750,N,7호선,7233,2743,신대방삼거리,741,N,16:18:20,16:18:50,,7200,상행,2025-05-01T05:00:00,,주말
7호선,2711,장암,709,,20250619,7호선,2752,온수,750,N,7호선,7233,2742,장승배기,740,N,16:20:40,16:21:10,,7200,상행,2025-05-01T05:00:00,,주말
7호선,2711,장암,709,,20250619,7호선,2752,온수,750,N,7호선,7233,2741,상도,739,N,16:22:40,16:23:10,,7200,상행,2025-05-01T05:00:00,,주말
7호선,2711,장암,709,,20250619,7호선,2752,온수,750,N,7호선,7233,2740,숭실대입구,738,N,16:24:20,16:24:50,,7200,상행,2025-05-01T05:00:00,,주말
7호선,2711,장암,709,,20250619,7호선,2752,온수,750,N,7호선,7233,2739,남성,737,N,16:27:20,16:27:50,,7200,상행,2025-05-01T05:00:00,,주말
7호선,2711,장암,709,,20250619,7호선,2752,온수,750,N,7호선,7233,2738,이수,736,N,16:29:10,16:29:50,,7200,상행,2025-05-01T05:00:00,,주말
7호선,2711,장암,709,,20250619,7호선,2752,온수,750,N,7호선,7233,2737,내방,735,N,16:31:20,16:31:50,,7200,상행,2025-05-01T05:00:00,,주말
7호선,2711,장암,709,,20250619,7호선,2752,온수,750,N,7호선,7233,2736,고속터미널,734,N,16:34:20,16:35:00,,7200,상행,2025-05-01T05:00:00,,주말
7호선,2711,장암,709,,20250619,7호선,2752,온수,750,N,7호선,7233,2735,반포,733,N,16:36:30,16:36:50,,7200,상행,2025-05-01T05:00:00,,주말
7호선,2711,장암,709,,20250619,7호선,2752,온수,750,N,7호선,7233,2734,논현,732,N,16:38:00,16:38:30,,7200,상행,2025-05-01T05:00:00,,주말
7호선,2711,장암,709,,20250619,7호선,2752,온수,750,N,7호선,7233,2733,학동,731,N,16:39:50,16:40:20,,7200,상행,2025-05-01T05:00:00,,주말
7호선,2711,장암,709,,20250619,7호선,2752,온수,750,N,7호선,7233,2732,강남구청,730,N,16:41:30,16:42:00,,7200,상행,2025-05-01T05:00:00,,주말
7호선,2711,장암,709,,20250619,7호선,2752,온수,750,N,7호선,7233,2731,청담,729,N,16:43:30,16:44:00,,7200,상행,2025-05-01T05:00:00,,주말
7호선,2711,장암,709,,20250619,7호선,2752,온수,750,N,7호선,7233,2730,자양,728,N,16:46:30,16:46:50,,7200,상행,2025-05-01T05:00:00,,주말
7호선,2711,장암,709,,20250619,7호선,2752,온수,750,N,7호선,7233,2729,건대입구,727,N,16:48:20,16:49:00,,7200,상행,2025-05-01T05:00:00,,주말
7호선,2711,장암,709,,20250619,7호선,2752,온수,750,N,7호선,7233,2728,어린이대공원,726,N,16:50:20,16:50:50,,7200,상행,2025-05-01T05:00:00,,주말
7호선,2711,장암,709,,20250619,7호선,2752,온수,750,N,7호선,7233,2727,군자,725,N,16:52:10,16:52:50,,7200,상행,2025-05-01T05:00:00,,주말
7호선,2711,장암,709,,20250619,7호선,2752,온수,750,N,7호선,7233,2726,중곡,724,N,16:54:10,16:54:40,,7200,상행,2025-05-01T05:00:00,,주말
7호선,2711,장암,709,,20250619,7호선,2752,온수,750,N,7호선,7233,2725,용마산,723,N,16:56:00,16:56:20,,7200,상행,2025-05-01T05:00:00,,주말
7호선,2711,장암,709,,20250619,7호선,2752,온수,750,N,7호선,7233,2724,사가정,722,N,16:57:30,16:58:00,,7200,상행,2025-05-01T05:00:00,,주말
7호선,2711,장암,709,,20250619,7호선,2752,온수,750,N,7호선,7233,2723,면목,721,N,16:59:10,16:59:40,,7200,상행,2025-05-01T05:00:00,,주말
7호선,2711,장암,709,,20250619,7호선,2752,온수,750,N,7호선,7233,2722,상봉,720,N,17:00:50,17:01:20,,7200,상행,2025-05-01T05:00:00,,주말
7호선,2711,장암,709,,20250619,7호선,2752,온수,750,N,7호선,7233,2721,중화,719,N,17:03:10,17:03:40,,7200,상행,2025-05-01T05:00:00,,주말
7호선,2711,장암,709,,20250619,7호선,2752,온수,750,N,7호선,7233,2720,먹골,718,N,17:05:00,17:05:30,,7200,상행,2025-05-01T05:00:00,,주말
7호선,2711,장암,709,,20250619,7호선,2752,온수,750,N,7호선,7233,2719,태릉입구,717,N,17:06:40,17:07:10,,7200,상행,2025-05-01T05:00:00,,주말
7호선,2711,장암,709,,20250619,7호선,2752,온수,750,N,7호선,7233,2718,공릉,716,N,17:08:10,17:08:40,,7200,상행,2025-05-01T05:00:00,,주말
7호선,2711,장암,709,,20250619,7호선,2752,온수,750,N,7호선,7233,2717,하계,715,N,17:10:10,17:10:40,,7200,상행,2025-05-01T05:00:00,,주말
7호선,2711,장암,709,,20250619,7호선,2752,온수,750,N,7호선,7233,2716,중계,714,N,17:11:50,17:12:20,,7200,상행,2025-05-01T05:00:00,,주말
7호선,2711,장암,709,,20250619,7호선,2752,온수,750,N,7호선,7233,2715,노원,713,N,17:13:40,17:14:10,,7200,상행,2025-05-01T05:00:00,,주말
7호선,2711,장암,709,,20250619,7호선,2752,온수,750,N,7호선,7233,2714,마들,712,N,17:15:40,17:16:10,,7200,상행,2025-05-01T05:00:00,,주말
7호선,2711,장암,709,,20250619,7호선,2752,온수,750,N,7호선,7233,2713,수락산,711,N,17:18:10,17:18:40,,7200,상행,2025-05-01T05:00:00,,주말
7호선,2711,장암,709,,20250619,7호선,2752,온수,750,N,7호선,7233,2712,도봉산,710,N,17:21:00,17:21:30,,7200,상행,2025-05-01T05:00:00,,주말
7호선,2711,장암,709,,20250619,7호선,2752,온수,750,N,7호선,7233,2711,장암,709,N,17:26:00,,,7200,상행,2025-05-01T05:00:00,,주말
7호선,2712,도봉산,710,,20250619,7호선,3763,석남,761,N,7호선,입고,3763,석남,761,N,,15:42:00,,7202,상행,2025-05-01T05:00:00,,주말
7호선,2712,도봉산,710,,20250619,7호선,3763,석남,761,N,7호선,입고,3762,산곡,760,N,15:45:00,15:45:30,,7202,상행,2025-05-01T05:00:00,,주말
7호선,2712,도봉산,710,,20250619,7호선,3763,석남,761,N,7호선,입고,3761,부평구청,759,N,15:47:30,15:48:00,,7202,상행,2025-05-01T05:00:00,,주말
7호선,2712,도봉산,710,,20250619,7호선,3763,석남,761,N,7호선,입고,3760,굴포천,758,N,15:49:20,15:49:50,,7202,상행,2025-05-01T05:00:00,,주말
7호선,2712,도봉산,710,,20250619,7호선,3763,석남,761,N,7호선,입고,3759,삼산체육관,757,N,15:51:00,15:51:30,,7202,상행,2025-05-01T05:00:00,,주말
7호선,2712,도봉산,710,,20250619,7호선,3763,석남,761,N,7호선,입고,3758,상동,756,N,15:52:50,15:53:20,,7202,상행,2025-05-01T05:00:00,,주말
7호선,2712,도봉산,710,,20250619,7호선,3763,석남,761,N,7호선,입고,3757,부천시청,755,N,15:54:30,15:55:00,,7202,상행,2025-05-01T05:00:00,,주말
7호선,2712,도봉산,710,,20250619,7호선,3763,석남,761,N,7호선,입고,3756,신중동,754,N,15:56:20,15:56:50,,7202,상행,2025-05-01T05:00:00,,주말
7호선,2712,도봉산,710,,20250619,7호선,3763,석남,761,N,7호선,입고,3755,춘의,753,N,15:58:10,15:58:40,,7202,상행,2025-05-01T05:00:00,,주말
7호선,2712,도봉산,710,,20250619,7호선,3763,석남,761,N,7호선,입고,3754,부천종합운동장,752,N,16:00:00,16:00:30,,7202,상행,2025-05-01T05:00:00,,주말
7호선,2712,도봉산,710,,20250619,7호선,3763,석남,761,N,7호선,입고,3753,까치울,751,N,16:02:00,16:02:30,,7202,상행,2025-05-01T05:00:00,,주말
7호선,2712,도봉산,710,,20250619,7호선,3763,석남,761,N,7호선,입고,2752,온수,750,N,16:05:00,16:05:30,,7202,상행,2025-05-01T05:00:00,,주말
7호선,2712,도봉산,710,,20250619,7호선,3763,석남,761,N,7호선,입고,2751,천왕,749,N,16:07:50,16:08:10,,7202,상행,2025-05-01T05:00:00,,주말
7호선,2712,도봉산,710,,20250619,7호선,3763,석남,761,N,7호선,입고,2750,광명사거리,748,N,16:10:10,16:10:40,,7202,상행,2025-05-01T05:00:00,,주말
7호선,2712,도봉산,710,,20250619,7호선,3763,석남,761,N,7호선,입고,2749,철산,747,N,16:12:30,16:13:00,,7202,상행,2025-05-01T05:00:00,,주말
7호선,2712,도봉산,710,,20250619,7호선,3763,석남,761,N,7호선,입고,2748,가산디지털단지,746,N,16:15:00,16:15:30,,7202,상행,2025-05-01T05:00:00,,주말
7호선,2712,도봉산,710,,20250619,7호선,3763,석남,761,N,7호선,입고,2747,남구로,745,N,16:16:50,16:17:20,,7202,상행,2025-05-01T05:00:00,,주말
7호선,2712,도봉산,710,,20250619,7호선,3763,석남,761,N,7호선,입고,2746,대림,744,N,16:18:50,16:19:20,,7202,상행,2025-05-01T05:00:00,,주말
7호선,2712,도봉산,710,,20250619,7호선,3763,석남,761,N,7호선,입고,2745,신풍,743,N,16:21:20,16:21:50,,7202,상행,2025-05-01T05:00:00,,주말
7호선,2712,도봉산,710,,20250619,7호선,3763,석남,761,N,7호선,입고,2744,보라매,742,N,16:23:10,16:23:40,,7202,상행,2025-05-01T05:00:00,,주말
7호선,2712,도봉산,710,,20250619,7호선,3763,석남,761,N,7호선,입고,2743,신대방삼거리,741,N,16:24:50,16:25:20,,7202,상행,2025-05-01T05:00:00,,주말
7호선,2712,도봉산,710,,20250619,7호선,3763,석남,761,N,7호선,입고,2742,장승배기,740,N,16:27:10,16:27:40,,7202,상행,2025-05-01T05:00:00,,주말
7호선,2712,도봉산,710,,20250619,7호선,3763,석남,761,N,7호선,입고,2741,상도,739,N,16:29:10,16:29:40,,7202,상행,2025-05-01T05:00:00,,주말
7호선,2712,도봉산,710,,20250619,7호선,3763,석남,761,N,7호선,입고,2740,숭실대입구,738,N,16:30:50,16:31:20,,7202,상행,2025-05-01T05:00:00,,주말
7호선,2712,도봉산,710,,20250619,7호선,3763,석남,761,N,7호선,입고,2739,남성,737,N,16:33:50,16:34:20,,7202,상행,2025-05-01T05:00:00,,주말
7호선,2712,도봉산,710,,20250619,7호선,3763,석남,761,N,7호선,입고,2738,이수,736,N,16:35:40,16:36:20,,7202,상행,2025-05-01T05:00:00,,주말
7호선,2712,도봉산,710,,20250619,7호선,3763,석남,761,N,7호선,입고,2737,내방,735,N,16:37:50,16:38:20,,7202,상행,2025-05-01T05:00:00,,주말
7호선,2712,도봉산,710,,20250619,7호선,3763,석남,761,N,7호선,입고,2736,고속터미널,734,N,16:40:50,16:41:30,,7202,상행,2025-05-01T05:00:00,,주말
7호선,2712,도봉산,710,,20250619,7호선,3763,석남,761,N,7호선,입고,2735,반포,733,N,16:43:00,16:43:20,,7202,상행,2025-05-01T05:00:00,,주말
7호선,2712,도봉산,710,,20250619,7호선,3763,석남,761,N,7호선,입고,2734,논현,732,N,16:44:30,16:45:00,,7202,상행,2025-05-01T05:00:00,,주말
7호선,2712,도봉산,710,,20250619,7호선,3763,석남,761,N,7호선,입고,2733,학동,731,N,16:46:20,16:46:50,,7202,상행,2025-05-01T05:00:00,,주말
7호선,2712,도봉산,710,,20250619,7호선,3763,석남,761,N,7호선,입고,2732,강남구청,730,N,16:48:00,16:48:30,,7202,상행,2025-05-01T05:00:00,,주말
7호선,2712,도봉산,710,,20250619,7호선,3763,석남,761,N,7호선,입고,2731,청담,729,N,16:50:00,16:50:30,,7202,상행,2025-05-01T05:00:00,,주말
7호선,2712,도봉산,710,,20250619,7호선,3763,석남,761,N,7호선,입고,2730,자양,728,N,16:53:00,16:53:20,,7202,상행,2025-05-01T05:00:00,,주말
7호선,2712,도봉산,710,,20250619,7호선,3763,석남,761,N,7호선,입고,2729,건대입구,727,N,16:54:50,16:55:30,,7202,상행,2025-05-01T05:00:00,,주말
7호선,2712,도봉산,710,,20250619,7호선,3763,석남,761,N,7호선,입고,2728,어린이대공원,726,N,16:56:50,16:57:20,,7202,상행,2025-05-01T05:00:00,,주말
7호선,2712,도봉산,710,,20250619,7호선,3763,석남,761,N,7호선,입고,2727,군자,725,N,16:58:40,16:59:20,,7202,상행,2025-05-01T05:00:00,,주말
7호선,2712,도봉산,710,,20250619,7호선,3763,석남,761,N,7호선,입고,2726,중곡,724,N,17:00:40,17:01:10,,7202,상행,2025-05-01T05:00:00,,주말
7호선,2712,도봉산,710,,20250619,7호선,3763,석남,761,N,7호선,입고,2725,용마산,723,N,17:02:30,17:02:50,,7202,상행,2025-05-01T05:00:00,,주말
7호선,2712,도봉산,710,,20250619,7호선,3763,석남,761,N,7호선,입고,2724,사가정,722,N,17:04:00,17:04:30,,7202,상행,2025-05-01T05:00:00,,주말
7호선,2712,도봉산,710,,20250619,7호선,3763,석남,761,N,7호선,입고,2723,면목,721,N,17:05:40,17:06:10,,7202,상행,2025-05-01T05:00:00,,주말
7호선,2712,도봉산,710,,20250619,7호선,3763,석남,761,N,7호선,입고,2722,상봉,720,N,17:07:20,17:07:50,,7202,상행,2025-05-01T05:00:00,,주말
7호선,2712,도봉산,710,,20250619,7호선,3763,석남,761,N,7호선,입고,2721,중화,719,N,17:09:40,17:10:10,,7202,상행,2025-05-01T05:00:00,,주말
7호선,2712,도봉산,710,,20250619,7호선,3763,석남,761,N,7호선,입고,2720,먹골,718,N,17:11:30,17:12:00,,7202,상행,2025-05-01T05:00:00,,주말
7호선,2712,도봉산,710,,20250619,7호선,3763,석남,761,N,7호선,입고,2719,태릉입구,717,N,17:13:10,17:13:40,,7202,상행,2025-05-01T05:00:00,,주말
7호선,2712,도봉산,710,,20250619,7호선,3763,석남,761,N,7호선,입고,2718,공릉,716,N,17:14:40,17:15:10,,7202,상행,2025-05-01T05:00:00,,주말
7호선,2712,도봉산,710,,20250619,7호선,3763,석남,761,N,7호선,입고,2717,하계,715,N,17:16:40,17:17:10,,7202,상행,2025-05-01T05:00:00,,주말
7호선,2712,도봉산,710,,20250619,7호선,3763,석남,761,N,7호선,입고,2716,중계,714,N,17:18:20,17:18:50,,7202,상행,2025-05-01T05:00:00,,주말
7호선,2712,도봉산,710,,20250619,7호선,3763,석남,761,N,7호선,입고,2715,노원,713,N,17:20:10,17:20:40,,7202,상행,2025-05-01T05:00:00,,주말
7호선,2712,도봉산,710,,20250619,7호선,3763,석남,761,N,7호선,입고,2714,마들,712,N,17:22:10,17:22:40,,7202,상행,2025-05-01T05:00:00,,주말
7호선,2712,도봉산,710,,20250619,7호선,3763,석남,761,N,7호선,입고,2713,수락산,711,N,17:24:40,17:25:10,,7202,상행,2025-05-01T05:00:00,,주말
7호선,2712,도봉산,710,,20250619,7호선,3763,석남,761,N,7호선,입고,2712,도봉산,710,N,17:27:30,,,7202,상행,2025-05-01T05:00:00,,주말
7호선,2711,장암,709,,20250619,7호선,2752,온수,750,N,7호선,7237,2752,온수,750,N,,16:12:00,,7204,상행,2025-05-01T05:00:00,,주말
7호선,2711,장암,709,,20250619,7호선,2752,온수,750,N,7호선,7237,2751,천왕,749,N,16:14:20,16:14:40,,7204,상행,2025-05-01T05:00:00,,주말
7호선,2711,장암,709,,20250619,7호선,2752,온수,750,N,7호선,7237,2750,광명사거리,748,N,16:16:40,16:17:10,,7204,상행,2025-05-01T05:00:00,,주말
7호선,2711,장암,709,,20250619,7호선,2752,온수,750,N,7호선,7237,2749,철산,747,N,16:19:00,16:19:30,,7204,상행,2025-05-01T05:00:00,,주말
7호선,2711,장암,709,,20250619,7호선,2752,온수,750,N,7호선,7237,2748,가산디지털단지,746,N,16:21:30,16:22:00,,7204,상행,2025-05-01T05:00:00,,주말
7호선,2711,장암,709,,20250619,7호선,2752,온수,750,N,7호선,7237,2747,남구로,745,N,16:23:20,16:23:50,,7204,상행,2025-05-01T05:00:00,,주말
7호선,2711,장암,709,,20250619,7호선,2752,온수,750,N,7호선,7237,2746,대림,744,N,16:25:20,16:25:50,,7204,상행,2025-05-01T05:00:00,,주말
7호선,2711,장암,709,,20250619,7호선,2752,온수,750,N,7호선,7237,2745,신풍,743,N,16:27:50,16:28:20,,7204,상행,2025-05-01T05:00:00,,주말
7호선,2711,장암,709,,20250619,7호선,2752,온수,750,N,7호선,7237,2744,보라매,742,N,16:29:40,16:30:10,,7204,상행,2025-05-01T05:00:00,,주말
7호선,2711,장암,709,,20250619,7호선,2752,온수,750,N,7호선,7237,2743,신대방삼거리,741,N,16:31:20,16:31:50,,7204,상행,2025-05-01T05:00:00,,주말
7호선,2711,장암,709,,20250619,7호선,2752,온수,750,N,7호선,7237,2742,장승배기,740,N,16:33:40,16:34:10,,7204,상행,2025-05-01T05:00:00,,주말
7호선,2711,장암,709,,20250619,7호선,2752,온수,750,N,7호선,7237,2741,상도,739,N,16:35:40,16:36:10,,7204,상행,2025-05-01T05:00:00,,주말
7호선,2711,장암,709,,20250619,7호선,2752,온수,750,N,7호선,7237,2740,숭실대입구,738,N,16:37:20,16:37:50,,7204,상행,2025-05-01T05:00:00,,주말
7호선,2711,장암,709,,20250619,7호선,2752,온수,750,N,7호선,7237,2739,남성,737,N,16:40:20,16:40:50,,7204,상행,2025-05-01T05:00:00,,주말
7호선,2711,장암,709,,20250619,7호선,2752,온수,750,N,7호선,7237,2738,이수,736,N,16:42:10,16:42:50,,7204,상행,2025-05-01T05:00:00,,주말
7호선,2711,장암,709,,20250619,7호선,2752,온수,750,N,7호선,7237,2737,내방,735,N,16:44:20,16:44:50,,7204,상행,2025-05-01T05:00:00,,주말
7호선,2711,장암,709,,20250619,7호선,2752,온수,750,N,7호선,7237,2736,고속터미널,734,N,16:47:20,16:48:00,,7204,상행,2025-05-01T05:00:00,,주말
7호선,2711,장암,709,,20250619,7호선,2752,온수,750,N,7호선,7237,2735,반포,733,N,16:49:30,16:49:50,,7204,상행,2025-05-01T05:00:00,,주말
7호선,2711,장암,709,,20250619,7호선,2752,온수,750,N,7호선,7237,2734,논현,732,N,16:51:00,16:51:30,,7204,상행,2025-05-01T05:00:00,,주말
7호선,2711,장암,709,,20250619,7호선,2752,온수,750,N,7호선,7237,2733,학동,731,N,16:52:50,16:53:20,,7204,상행,2025-05-01T05:00:00,,주말
7호선,2711,장암,709,,20250619,7호선,2752,온수,750,N,7호선,7237,2732,강남구청,730,N,16:54:30,16:55:00,,7204,상행,2025-05-01T05:00:00,,주말
7호선,2711,장암,709,,20250619,7호선,2752,온수,750,N,7호선,7237,2731,청담,729,N,16:56:30,16:57:00,,7204,상행,2025-05-01T05:00:00,,주말
7호선,2711,장암,709,,20250619,7호선,2752,온수,750,N,7호선,7237,2730,자양,728,N,16:59:30,16:59:50,,7204,상행,2025-05-01T05:00:00,,주말
7호선,2711,장암,709,,20250619,7호선,2752,온수,750,N,7호선,7237,2729,건대입구,727,N,17:01:20,17:02:00,,7204,상행,2025-05-01T05:00:00,,주말
7호선,2711,장암,709,,20250619,7호선,2752,온수,750,N,7호선,7237,2728,어린이대공원,726,N,17:03:20,17:03:50,,7204,상행,2025-05-01T05:00:00,,주말
7호선,2711,장암,709,,20250619,7호선,2752,온수,750,N,7호선,7237,2727,군자,725,N,17:05:10,17:05:50,,7204,상행,2025-05-01T05:00:00,,주말
7호선,2711,장암,709,,20250619,7호선,2752,온수,750,N,7호선,7237,2726,중곡,724,N,17:07:10,17:07:40,,7204,상행,2025-05-01T05:00:00,,주말
7호선,2711,장암,709,,20250619,7호선,2752,온수,750,N,7호선,7237,2725,용마산,723,N,17:09:00,17:09:20,,7204,상행,2025-05-01T05:00:00,,주말
7호선,2711,장암,709,,20250619,7호선,2752,온수,750,N,7호선,7237,2724,사가정,722,N,17:10:30,17:11:00,,7204,상행,2025-05-01T05:00:00,,주말
7호선,2711,장암,709,,20250619,7호선,2752,온수,750,N,7호선,7237,2723,면목,721,N,17:12:10,17:12:40,,7204,상행,2025-05-01T05:00:00,,주말
7호선,2711,장암,709,,20250619,7호선,2752,온수,750,N,7호선,7237,2722,상봉,720,N,17:13:50,17:14:20,,7204,상행,2025-05-01T05:00:00,,주말
7호선,2711,장암,709,,20250619,7호선,2752,온수,750,N,7호선,7237,2721,중화,719,N,17:16:10,17:16:40,,7204,상행,2025-05-01T05:00:00,,주말
7호선,2711,장암,709,,20250619,7호선,2752,온수,750,N,7호선,7237,2720,먹골,718,N,17:18:00,17:18:30,,7204,상행,2025-05-01T05:00:00,,주말
7호선,2711,장암,709,,20250619,7호선,2752,온수,750,N,7호선,7237,2719,태릉입구,717,N,17:19:40,17:20:10,,7204,상행,2025-05-01T05:00:00,,주말
7호선,2711,장암,709,,20250619,7호선,2752,온수,750,N,7호선,7237,2718,공릉,716,N,17:21:10,17:21:40,,7204,상행,2025-05-01T05:00:00,,주말
7호선,2711,장암,709,,20250619,7호선,2752,온수,750,N,7호선,7237,2717,하계,715,N,17:23:10,17:23:40,,7204,상행,2025-05-01T05:00:00,,주말
7호선,2711,장암,709,,20250619,7호선,2752,온수,750,N,7호선,7237,2716,중계,714,N,17:24:50,17:25:20,,7204,상행,2025-05-01T05:00:00,,주말
7호선,2711,장암,709,,20250619,7호선,2752,온수,750,N,7호선,7237,2715,노원,713,N,17:26:40,17:27:10,,7204,상행,2025-05-01T05:00:00,,주말
7호선,2711,장암,709,,20250619,7호선,2752,온수,750,N,7호선,7237,2714,마들,712,N,17:28:40,17:29:10,,7204,상행,2025-05-01T05:00:00,,주말
7호선,2711,장암,709,,20250619,7호선,2752,온수,750,N,7호선,7237,2713,수락산,711,N,17:31:10,17:31:40,,7204,상행,2025-05-01T05:00:00,,주말
7호선,2711,장암,709,,20250619,7호선,2752,온수,750,N,7호선,7237,2712,도봉산,710,N,17:34:00,17:34:30,,7204,상행,2025-05-01T05:00:00,,주말
7호선,2711,장암,709,,20250619,7호선,2752,온수,750,N,7호선,7237,2711,장암,709,N,17:39:00,,,7204,상행,2025-05-01T05:00:00,,주말
7호선,2712,도봉산,710,,20250619,7호선,3763,석남,761,N,7호선,입고,3763,석남,761,N,,15:55:00,,7206,상행,2025-05-01T05:00:00,,주말
7호선,2712,도봉산,710,,20250619,7호선,3763,석남,761,N,7호선,입고,3762,산곡,760,N,15:58:00,15:58:30,,7206,상행,2025-05-01T05:00:00,,주말
7호선,2712,도봉산,710,,20250619,7호선,3763,석남,761,N,7호선,입고,3761,부평구청,759,N,16:00:30,16:01:00,,7206,상행,2025-05-01T05:00:00,,주말
7호선,2712,도봉산,710,,20250619,7호선,3763,석남,761,N,7호선,입고,3760,굴포천,758,N,16:02:20,16:02:50,,7206,상행,2025-05-01T05:00:00,,주말
7호선,2712,도봉산,710,,20250619,7호선,3763,석남,761,N,7호선,입고,3759,삼산체육관,757,N,16:04:00,16:04:30,,7206,상행,2025-05-01T05:00:00,,주말
7호선,2712,도봉산,710,,20250619,7호선,3763,석남,761,N,7호선,입고,3758,상동,756,N,16:05:50,16:06:20,,7206,상행,2025-05-01T05:00:00,,주말
7호선,2712,도봉산,710,,20250619,7호선,3763,석남,761,N,7호선,입고,3757,부천시청,755,N,16:07:30,16:08:00,,7206,상행,2025-05-01T05:00:00,,주말
7호선,2712,도봉산,710,,20250619,7호선,3763,석남,761,N,7호선,입고,3756,신중동,754,N,16:09:20,16:09:50,,7206,상행,2025-05-01T05:00:00,,주말
7호선,2712,도봉산,710,,20250619,7호선,3763,석남,761,N,7호선,입고,3755,춘의,753,N,16:11:10,16:11:40,,7206,상행,2025-05-01T05:00:00,,주말
7호선,2712,도봉산,710,,20250619,7호선,3763,석남,761,N,7호선,입고,3754,부천종합운동장,752,N,16:13:00,16:13:30,,7206,상행,2025-05-01T05:00:00,,주말
7호선,2712,도봉산,710,,20250619,7호선,3763,석남,761,N,7호선,입고,3753,까치울,751,N,16:15:00,16:15:30,,7206,상행,2025-05-01T05:00:00,,주말
7호선,2712,도봉산,710,,20250619,7호선,3763,석남,761,N,7호선,입고,2752,온수,750,N,16:18:00,16:18:30,,7206,상행,2025-05-01T05:00:00,,주말
7호선,2712,도봉산,710,,20250619,7호선,3763,석남,761,N,7호선,입고,2751,천왕,749,N,16:20:50,16:21:10,,7206,상행,2025-05-01T05:00:00,,주말
7호선,2712,도봉산,710,,20250619,7호선,3763,석남,761,N,7호선,입고,2750,광명사거리,748,N,16:23:10,16:23:40,,7206,상행,2025-05-01T05:00:00,,주말
7호선,2712,도봉산,710,,20250619,7호선,3763,석남,761,N,7호선,입고,2749,철산,747,N,16:25:30,16:26:00,,7206,상행,2025-05-01T05:00:00,,주말
7호선,2712,도봉산,710,,20250619,7호선,3763,석남,761,N,7호선,입고,2748,가산디지털단지,746,N,16:28:00,16:28:30,,7206,상행,2025-05-01T05:00:00,,주말
7호선,2712,도봉산,710,,20250619,7호선,3763,석남,761,N,7호선,입고,2747,남구로,745,N,16:29:50,16:30:20,,7206,상행,2025-05-01T05:00:00,,주말
7호선,2712,도봉산,710,,20250619,7호선,3763,석남,761,N,7호선,입고,2746,대림,744,N,16:31:50,16:32:20,,7206,상행,2025-05-01T05:00:00,,주말
7호선,2712,도봉산,710,,20250619,7호선,3763,석남,761,N,7호선,입고,2745,신풍,743,N,16:34:20,16:34:50,,7206,상행,2025-05-01T05:00:00,,주말
7호선,2712,도봉산,710,,20250619,7호선,3763,석남,761,N,7호선,입고,2744,보라매,742,N,16:36:10,16:36:40,,7206,상행,2025-05-01T05:00:00,,주말
7호선,2712,도봉산,710,,20250619,7호선,3763,석남,761,N,7호선,입고,2743,신대방삼거리,741,N,16:37:50,16:38:20,,7206,상행,2025-05-01T05:00:00,,주말
7호선,2712,도봉산,710,,20250619,7호선,3763,석남,761,N,7호선,입고,2742,장승배기,740,N,16:40:10,16:40:40,,7206,상행,2025-05-01T05:00:00,,주말
7호선,2712,도봉산,710,,20250619,7호선,3763,석남,761,N,7호선,입고,2741,상도,739,N,16:42:10,16:42:40,,7206,상행,2025-05-01T05:00:00,,주말
7호선,2712,도봉산,710,,20250619,7호선,3763,석남,761,N,7호선,입고,2740,숭실대입구,738,N,16:43:50,16:44:20,,7206,상행,2025-05-01T05:00:00,,주말
7호선,2712,도봉산,710,,20250619,7호선,3763,석남,761,N,7호선,입고,2739,남성,737,N,16:46:50,16:47:20,,7206,상행,2025-05-01T05:00:00,,주말
7호선,2712,도봉산,710,,20250619,7호선,3763,석남,761,N,7호선,입고,2738,이수,736,N,16:48:40,16:49:20,,7206,상행,2025-05-01T05:00:00,,주말
7호선,2712,도봉산,710,,20250619,7호선,3763,석남,761,N,7호선,입고,2737,내방,735,N,16:50:50,16:51:20,,7206,상행,2025-05-01T05:00:00,,주말
7호선,2712,도봉산,710,,20250619,7호선,3763,석남,761,N,7호선,입고,2736,고속터미널,734,N,16:53:50,16:54:30,,7206,상행,2025-05-01T05:00:00,,주말
7호선,2712,도봉산,710,,20250619,7호선,3763,석남,761,N,7호선,입고,2735,반포,733,N,16:56:00,16:56:20,,7206,상행,2025-05-01T05:00:00,,주말
7호선,2712,도봉산,710,,20250619,7호선,3763,석남,761,N,7호선,입고,2734,논현,732,N,16:57:30,16:58:00,,7206,상행,2025-05-01T05:00:00,,주말
7호선,2712,도봉산,710,,20250619,7호선,3763,석남,761,N,7호선,입고,2733,학동,731,N,16:59:20,16:59:50,,7206,상행,2025-05-01T05:00:00,,주말
7호선,2712,도봉산,710,,20250619,7호선,3763,석남,761,N,7호선,입고,2732,강남구청,730,N,17:01:00,17:01:30,,7206,상행,2025-05-01T05:00:00,,주말
7호선,2712,도봉산,710,,20250619,7호선,3763,석남,761,N,7호선,입고,2731,청담,729,N,17:03:00,17:03:30,,7206,상행,2025-05-01T05:00:00,,주말
7호선,2712,도봉산,710,,20250619,7호선,3763,석남,761,N,7호선,입고,2730,자양,728,N,17:06:00,17:06:20,,7206,상행,2025-05-01T05:00:00,,주말
7호선,2712,도봉산,710,,20250619,7호선,3763,석남,761,N,7호선,입고,2729,건대입구,727,N,17:07:50,17:08:30,,7206,상행,2025-05-01T05:00:00,,주말
7호선,2712,도봉산,710,,20250619,7호선,3763,석남,761,N,7호선,입고,2728,어린이대공원,726,N,17:09:50,17:10:20,,7206,상행,2025-05-01T05:00:00,,주말
7호선,2712,도봉산,710,,20250619,7호선,3763,석남,761,N,7호선,입고,2727,군자,725,N,17:11:40,17:12:20,,7206,상행,2025-05-01T05:00:00,,주말
7호선,2712,도봉산,710,,20250619,7호선,3763,석남,761,N,7호선,입고,2726,중곡,724,N,17:13:40,17:14:10,,7206,상행,2025-05-01T05:00:00,,주말
7호선,2712,도봉산,710,,20250619,7호선,3763,석남,761,N,7호선,입고,2725,용마산,723,N,17:15:30,17:15:50,,7206,상행,2025-05-01T05:00:00,,주말
7호선,2712,도봉산,710,,20250619,7호선,3763,석남,761,N,7호선,입고,2724,사가정,722,N,17:17:00,17:17:30,,7206,상행,2025-05-01T05:00:00,,주말
7호선,2712,도봉산,710,,20250619,7호선,3763,석남,761,N,7호선,입고,2723,면목,721,N,17:18:40,17:19:10,,7206,상행,2025-05-01T05:00:00,,주말
7호선,2712,도봉산,710,,20250619,7호선,3763,석남,761,N,7호선,입고,2722,상봉,720,N,17:20:20,17:20:50,,7206,상행,2025-05-01T05:00:00,,주말
7호선,2712,도봉산,710,,20250619,7호선,3763,석남,761,N,7호선,입고,2721,중화,719,N,17:22:40,17:23:10,,7206,상행,2025-05-01T05:00:00,,주말
7호선,2712,도봉산,710,,20250619,7호선,3763,석남,761,N,7호선,입고,2720,먹골,718,N,17:24:30,17:25:00,,7206,상행,2025-05-01T05:00:00,,주말
7호선,2712,도봉산,710,,20250619,7호선,3763,석남,761,N,7호선,입고,2719,태릉입구,717,N,17:26:10,17:26:40,,7206,상행,2025-05-01T05:00:00,,주말
7호선,2712,도봉산,710,,20250619,7호선,3763,석남,761,N,7호선,입고,2718,공릉,716,N,17:27:40,17:28:10,,7206,상행,2025-05-01T05:00:00,,주말
7호선,2712,도봉산,710,,20250619,7호선,3763,석남,761,N,7호선,입고,2717,하계,715,N,17:29:40,17:30:10,,7206,상행,2025-05-01T05:00:00,,주말
7호선,2712,도봉산,710,,20250619,7호선,3763,석남,761,N,7호선,입고,2716,중계,714,N,17:31:20,17:31:50,,7206,상행,2025-05-01T05:00:00,,주말
7호선,2712,도봉산,710,,20250619,7호선,3763,석남,761,N,7호선,입고,2715,노원,713,N,17:33:10,17:33:40,,7206,상행,2025-05-01T05:00:00,,주말
7호선,2712,도봉산,710,,20250619,7호선,3763,석남,761,N,7호선,입고,2714,마들,712,N,17:35:10,17:35:40,,7206,상행,2025-05-01T05:00:00,,주말
7호선,2712,도봉산,710,,20250619,7호선,3763,석남,761,N,7호선,입고,2713,수락산,711,N,17:37:40,17:38:10,,7206,상행,2025-05-01T05:00:00,,주말
7호선,2712,도봉산,710,,20250619,7호선,3763,석남,761,N,7호선,입고,2712,도봉산,710,N,17:40:30,,,7206,상행,2025-05-01T05:00:00,,주말
7호선,2711,장암,709,,20250619,7호선,2752,온수,750,N,7호선,7241,2752,온수,750,N,,16:25:00,,7208,상행,2025-05-01T05:00:00,,주말
7호선,2711,장암,709,,20250619,7호선,2752,온수,750,N,7호선,7241,2751,천왕,749,N,16:27:20,16:27:40,,7208,상행,2025-05-01T05:00:00,,주말
7호선,2711,장암,709,,20250619,7호선,2752,온수,750,N,7호선,7241,2750,광명사거리,748,N,16:29:40,16:30:10,,7208,상행,2025-05-01T05:00:00,,주말
7호선,2711,장암,709,,20250619,7호선,2752,온수,750,N,7호선,7241,2749,철산,747,N,16:32:00,16:32:30,,7208,상행,2025-05-01T05:00:00,,주말
7호선,2711,장암,709,,20250619,7호선,2752,온수,750,N,7호선,7241,2748,가산디지털단지,746,N,16:34:30,16:35:00,,7208,상행,2025-05-01T05:00:00,,주말
7호선,2711,장암,709,,20250619,7호선,2752,온수,750,N,7호선,7241,2747,남구로,745,N,16:36:20,16:36:50,,7208,상행,2025-05-01T05:00:00,,주말
7호선,2711,장암,709,,20250619,7호선,2752,온수,750,N,7호선,7241,2746,대림,744,N,16:38:20,16:38:50,,7208,상행,2025-05-01T05:00:00,,주말
7호선,2711,장암,709,,20250619,7호선,2752,온수,750,N,7호선,7241,2745,신풍,743,N,16:40:50,16:41:20,,7208,상행,2025-05-01T05:00:00,,주말
7호선,2711,장암,709,,20250619,7호선,2752,온수,750,N,7호선,7241,2744,보라매,742,N,16:42:40,16:43:10,,7208,상행,2025-05-01T05:00:00,,주말
7호선,2711,장암,709,,20250619,7호선,2752,온수,750,N,7호선,7241,2743,신대방삼거리,741,N,16:44:20,16:44:50,,7208,상행,2025-05-01T05:00:00,,주말
7호선,2711,장암,709,,20250619,7호선,2752,온수,750,N,7호선,7241,2742,장승배기,740,N,16:46:40,16:47:10,,7208,상행,2025-05-01T05:00:00,,주말
7호선,2711,장암,709,,20250619,7호선,2752,온수,750,N,7호선,7241,2741,상도,739,N,16:48:40,16:49:10,,7208,상행,2025-05-01T05:00:00,,주말
7호선,2711,장암,709,,20250619,7호선,2752,온수,750,N,7호선,7241,2740,숭실대입구,738,N,16:50:20,16:50:50,,7208,상행,2025-05-01T05:00:00,,주말
7호선,2711,장암,709,,20250619,7호선,2752,온수,750,N,7호선,7241,2739,남성,737,N,16:53:20,16:53:50,,7208,상행,2025-05-01T05:00:00,,주말
7호선,2711,장암,709,,20250619,7호선,2752,온수,750,N,7호선,7241,2738,이수,736,N,16:55:10,16:55:50,,7208,상행,2025-05-01T05:00:00,,주말
7호선,2711,장암,709,,20250619,7호선,2752,온수,750,N,7호선,7241,2737,내방,735,N,16:57:20,16:57:50,,7208,상행,2025-05-01T05:00:00,,주말
7호선,2711,장암,709,,20250619,7호선,2752,온수,750,N,7호선,7241,2736,고속터미널,734,N,17:00:20,17:01:00,,7208,상행,2025-05-01T05:00:00,,주말
7호선,2711,장암,709,,20250619,7호선,2752,온수,750,N,7호선,7241,2735,반포,733,N,17:02:30,17:02:50,,7208,상행,2025-05-01T05:00:00,,주말
7호선,2711,장암,709,,20250619,7호선,2752,온수,750,N,7호선,7241,2734,논현,732,N,17:04:00,17:04:30,,7208,상행,2025-05-01T05:00:00,,주말
7호선,2711,장암,709,,20250619,7호선,2752,온수,750,N,7호선,7241,2733,학동,731,N,17:05:50,17:06:20,,7208,상행,2025-05-01T05:00:00,,주말
7호선,2711,장암,709,,20250619,7호선,2752,온수,750,N,7호선,7241,2732,강남구청,730,N,17:07:30,17:08:00,,7208,상행,2025-05-01T05:00:00,,주말
7호선,2711,장암,709,,20250619,7호선,2752,온수,750,N,7호선,7241,2731,청담,729,N,17:09:30,17:10:00,,7208,상행,2025-05-01T05:00:00,,주말
7호선,2711,장암,709,,20250619,7호선,2752,온수,750,N,7호선,7241,2730,자양,728,N,17:12:30,17:12:50,,7208,상행,2025-05-01T05:00:00,,주말
7호선,2711,장암,709,,20250619,7호선,2752,온수,750,N,7호선,7241,2729,건대입구,727,N,17:14:20,17:15:00,,7208,상행,2025-05-01T05:00:00,,주말
7호선,2711,장암,709,,20250619,7호선,2752,온수,750,N,7호선,7241,2728,어린이대공원,726,N,17:16:20,17:16:50,,7208,상행,2025-05-01T05:00:00,,주말
7호선,2711,장암,709,,20250619,7호선,2752,온수,750,N,7호선,7241,2727,군자,725,N,17:18:10,17:18:50,,7208,상행,2025-05-01T05:00:00,,주말
7호선,2711,장암,709,,20250619,7호선,2752,온수,750,N,7호선,7241,2726,중곡,724,N,17:20:10,17:20:40,,7208,상행,2025-05-01T05:00:00,,주말
7호선,2711,장암,709,,20250619,7호선,2752,온수,750,N,7호선,7241,2725,용마산,723,N,17:22:00,17:22:20,,7208,상행,2025-05-01T05:00:00,,주말
7호선,2711,장암,709,,20250619,7호선,2752,온수,750,N,7호선,7241,2724,사가정,722,N,17:23:30,17:24:00,,7208,상행,2025-05-01T05:00:00,,주말
7호선,2711,장암,709,,20250619,7호선,2752,온수,750,N,7호선,7241,2723,면목,721,N,17:25:10,17:25:40,,7208,상행,2025-05-01T05:00:00,,주말
7호선,2711,장암,709,,20250619,7호선,2752,온수,750,N,7호선,7241,2722,상봉,720,N,17:26:50,17:27:20,,7208,상행,2025-05-01T05:00:00,,주말
7호선,2711,장암,709,,20250619,7호선,2752,온수,750,N,7호선,7241,2721,중화,719,N,17:29:10,17:29:40,,7208,상행,2025-05-01T05:00:00,,주말
7호선,2711,장암,709,,20250619,7호선,2752,온수,750,N,7호선,7241,2720,먹골,718,N,17:31:00,17:31:30,,7208,상행,2025-05-01T05:00:00,,주말
7호선,2711,장암,709,,20250619,7호선,2752,온수,750,N,7호선,7241,2719,태릉입구,717,N,17:32:40,17:33:10,,7208,상행,2025-05-01T05:00:00,,주말
7호선,2711,장암,709,,20250619,7호선,2752,온수,750,N,7호선,7241,2718,공릉,716,N,17:34:10,17:34:40,,7208,상행,2025-05-01T05:00:00,,주말
7호선,2711,장암,709,,20250619,7호선,2752,온수,750,N,7호선,7241,2717,하계,715,N,17:36:10,17:36:40,,7208,상행,2025-05-01T05:00:00,,주말
7호선,2711,장암,709,,20250619,7호선,2752,온수,750,N,7호선,7241,2716,중계,714,N,17:37:50,17:38:20,,7208,상행,2025-05-01T05:00:00,,주말
7호선,2711,장암,709,,20250619,7호선,2752,온수,750,N,7호선,7241,2715,노원,713,N,17:39:40,17:40:10,,7208,상행,2025-05-01T05:00:00,,주말
7호선,2711,장암,709,,20250619,7호선,2752,온수,750,N,7호선,7241,2714,마들,712,N,17:41:40,17:42:10,,7208,상행,2025-05-01T05:00:00,,주말
7호선,2711,장암,709,,20250619,7호선,2752,온수,750,N,7호선,7241,2713,수락산,711,N,17:44:10,17:44:40,,7208,상행,2025-05-01T05:00:00,,주말
7호선,2711,장암,709,,20250619,7호선,2752,온수,750,N,7호선,7241,2712,도봉산,710,N,17:47:00,17:47:30,,7208,상행,2025-05-01T05:00:00,,주말
7호선,2711,장암,709,,20250619,7호선,2752,온수,750,N,7호선,7241,2711,장암,709,N,17:52:00,,,7208,상행,2025-05-01T05:00:00,,주말
7호선,2712,도봉산,710,,20250619,7호선,3763,석남,761,N,7호선,7239,3763,석남,761,N,,16:08:00,,7210,상행,2025-05-01T05:00:00,,주말
7호선,2712,도봉산,710,,20250619,7호선,3763,석남,761,N,7호선,7239,3762,산곡,760,N,16:11:00,16:11:30,,7210,상행,2025-05-01T05:00:00,,주말
7호선,2712,도봉산,710,,20250619,7호선,3763,석남,761,N,7호선,7239,3761,부평구청,759,N,16:13:30,16:14:00,,7210,상행,2025-05-01T05:00:00,,주말
7호선,2712,도봉산,710,,20250619,7호선,3763,석남,761,N,7호선,7239,3760,굴포천,758,N,16:15:20,16:15:50,,7210,상행,2025-05-01T05:00:00,,주말
7호선,2712,도봉산,710,,20250619,7호선,3763,석남,761,N,7호선,7239,3759,삼산체육관,757,N,16:17:00,16:17:30,,7210,상행,2025-05-01T05:00:00,,주말
7호선,2712,도봉산,710,,20250619,7호선,3763,석남,761,N,7호선,7239,3758,상동,756,N,16:18:50,16:19:20,,7210,상행,2025-05-01T05:00:00,,주말
7호선,2712,도봉산,710,,20250619,7호선,3763,석남,761,N,7호선,7239,3757,부천시청,755,N,16:20:30,16:21:00,,7210,상행,2025-05-01T05:00:00,,주말
7호선,2712,도봉산,710,,20250619,7호선,3763,석남,761,N,7호선,7239,3756,신중동,754,N,16:22:20,16:22:50,,7210,상행,2025-05-01T05:00:00,,주말
7호선,2712,도봉산,710,,20250619,7호선,3763,석남,761,N,7호선,7239,3755,춘의,753,N,16:24:10,16:24:40,,7210,상행,2025-05-01T05:00:00,,주말
7호선,2712,도봉산,710,,20250619,7호선,3763,석남,761,N,7호선,7239,3754,부천종합운동장,752,N,16:26:00,16:26:30,,7210,상행,2025-05-01T05:00:00,,주말
7호선,2712,도봉산,710,,20250619,7호선,3763,석남,761,N,7호선,7239,3753,까치울,751,N,16:28:00,16:28:30,,7210,상행,2025-05-01T05:00:00,,주말
7호선,2712,도봉산,710,,20250619,7호선,3763,석남,761,N,7호선,7239,2752,온수,750,N,16:31:00,16:31:30,,7210,상행,2025-05-01T05:00:00,,주말
7호선,2712,도봉산,710,,20250619,7호선,3763,석남,761,N,7호선,7239,2751,천왕,749,N,16:33:50,16:34:10,,7210,상행,2025-05-01T05:00:00,,주말
7호선,2712,도봉산,710,,20250619,7호선,3763,석남,761,N,7호선,7239,2750,광명사거리,748,N,16:36:10,16:36:40,,7210,상행,2025-05-01T05:00:00,,주말
7호선,2712,도봉산,710,,20250619,7호선,3763,석남,761,N,7호선,7239,2749,철산,747,N,16:38:30,16:39:00,,7210,상행,2025-05-01T05:00:00,,주말
7호선,2712,도봉산,710,,20250619,7호선,3763,석남,761,N,7호선,7239,2748,가산디지털단지,746,N,16:41:00,16:41:30,,7210,상행,2025-05-01T05:00:00,,주말
7호선,2712,도봉산,710,,20250619,7호선,3763,석남,761,N,7호선,7239,2747,남구로,745,N,16:42:50,16:43:20,,7210,상행,2025-05-01T05:00:00,,주말
7호선,2712,도봉산,710,,20250619,7호선,3763,석남,761,N,7호선,7239,2746,대림,744,N,16:44:50,16:45:20,,7210,상행,2025-05-01T05:00:00,,주말
7호선,2712,도봉산,710,,20250619,7호선,3763,석남,761,N,7호선,7239,2745,신풍,743,N,16:47:20,16:47:50,,7210,상행,2025-05-01T05:00:00,,주말
7호선,2712,도봉산,710,,20250619,7호선,3763,석남,761,N,7호선,7239,2744,보라매,742,N,16:49:10,16:49:40,,7210,상행,2025-05-01T05:00:00,,주말
7호선,2712,도봉산,710,,20250619,7호선,3763,석남,761,N,7호선,7239,2743,신대방삼거리,741,N,16:50:50,16:51:20,,7210,상행,2025-05-01T05:00:00,,주말
7호선,2712,도봉산,710,,20250619,7호선,3763,석남,761,N,7호선,7239,2742,장승배기,740,N,16:53:10,16:53:40,,7210,상행,2025-05-01T05:00:00,,주말
7호선,2712,도봉산,710,,20250619,7호선,3763,석남,761,N,7호선,7239,2741,상도,739,N,16:55:10,16:55:40,,7210,상행,2025-05-01T05:00:00,,주말
7호선,2712,도봉산,710,,20250619,7호선,3763,석남,761,N,7호선,7239,2740,숭실대입구,738,N,16:56:50,16:57:20,,7210,상행,2025-05-01T05:00:00,,주말
7호선,2712,도봉산,710,,20250619,7호선,3763,석남,761,N,7호선,7239,2739,남성,737,N,16:59:50,17:00:20,,7210,상행,2025-05-01T05:00:00,,주말
7호선,2712,도봉산,710,,20250619,7호선,3763,석남,761,N,7호선,7239,2738,이수,736,N,17:01:40,17:02:20,,7210,상행,2025-05-01T05:00:00,,주말
7호선,2712,도봉산,710,,20250619,7호선,3763,석남,761,N,7호선,7239,2737,내방,735,N,17:03:50,17:04:20,,7210,상행,2025-05-01T05:00:00,,주말
7호선,2712,도봉산,710,,20250619,7호선,3763,석남,761,N,7호선,7239,2736,고속터미널,734,N,17:06:50,17:07:30,,7210,상행,2025-05-01T05:00:00,,주말
7호선,2712,도봉산,710,,20250619,7호선,3763,석남,761,N,7호선,7239,2735,반포,733,N,17:09:00,17:09:20,,7210,상행,2025-05-01T05:00:00,,주말
7호선,2712,도봉산,710,,20250619,7호선,3763,석남,761,N,7호선,7239,2734,논현,732,N,17:10:30,17:11:00,,7210,상행,2025-05-01T05:00:00,,주말
7호선,2712,도봉산,710,,20250619,7호선,3763,석남,761,N,7호선,7239,2733,학동,731,N,17:12:20,17:12:50,,7210,상행,2025-05-01T05:00:00,,주말
7호선,2712,도봉산,710,,20250619,7호선,3763,석남,761,N,7호선,7239,2732,강남구청,730,N,17:14:00,17:14:30,,7210,상행,2025-05-01T05:00:00,,주말
7호선,2712,도봉산,710,,20250619,7호선,3763,석남,761,N,7호선,7239,2731,청담,729,N,17:16:00,17:16:30,,7210,상행,2025-05-01T05:00:00,,주말
7호선,2712,도봉산,710,,20250619,7호선,3763,석남,761,N,7호선,7239,2730,자양,728,N,17:19:00,17:19:20,,7210,상행,2025-05-01T05:00:00,,주말
7호선,2712,도봉산,710,,20250619,7호선,3763,석남,761,N,7호선,7239,2729,건대입구,727,N,17:20:50,17:21:30,,7210,상행,2025-05-01T05:00:00,,주말
7호선,2712,도봉산,710,,20250619,7호선,3763,석남,761,N,7호선,7239,2728,어린이대공원,726,N,17:22:50,17:23:20,,7210,상행,2025-05-01T05:00:00,,주말
7호선,2712,도봉산,710,,20250619,7호선,3763,석남,761,N,7호선,7239,2727,군자,725,N,17:24:40,17:25:20,,7210,상행,2025-05-01T05:00:00,,주말
7호선,2712,도봉산,710,,20250619,7호선,3763,석남,761,N,7호선,7239,2726,중곡,724,N,17:26:40,17:27:10,,7210,상행,2025-05-01T05:00:00,,주말
7호선,2712,도봉산,710,,20250619,7호선,3763,석남,761,N,7호선,7239,2725,용마산,723,N,17:28:30,17:28:50,,7210,상행,2025-05-01T05:00:00,,주말
7호선,2712,도봉산,710,,20250619,7호선,3763,석남,761,N,7호선,7239,2724,사가정,722,N,17:30:00,17:30:30,,7210,상행,2025-05-01T05:00:00,,주말
7호선,2712,도봉산,710,,20250619,7호선,3763,석남,761,N,7호선,7239,2723,면목,721,N,17:31:40,17:32:10,,7210,상행,2025-05-01T05:00:00,,주말
7호선,2712,도봉산,710,,20250619,7호선,3763,석남,761,N,7호선,7239,2722,상봉,720,N,17:33:20,17:33:50,,7210,상행,2025-05-01T05:00:00,,주말
7호선,2712,도봉산,710,,20250619,7호선,3763,석남,761,N,7호선,7239,2721,중화,719,N,17:35:40,17:36:10,,7210,상행,2025-05-01T05:00:00,,주말
7호선,2712,도봉산,710,,20250619,7호선,3763,석남,761,N,7호선,7239,2720,먹골,718,N,17:37:30,17:38:00,,7210,상행,2025-05-01T05:00:00,,주말
7호선,2712,도봉산,710,,20250619,7호선,3763,석남,761,N,7호선,7239,2719,태릉입구,717,N,17:39:10,17:39:40,,7210,상행,2025-05-01T05:00:00,,주말
7호선,2712,도봉산,710,,20250619,7호선,3763,석남,761,N,7호선,7239,2718,공릉,716,N,17:40:40,17:41:10,,7210,상행,2025-05-01T05:00:00,,주말
7호선,2712,도봉산,710,,20250619,7호선,3763,석남,761,N,7호선,7239,2717,하계,715,N,17:42:40,17:43:10,,7210,상행,2025-05-01T05:00:00,,주말
7호선,2712,도봉산,710,,20250619,7호선,3763,석남,761,N,7호선,7239,2716,중계,714,N,17:44:20,17:44:50,,7210,상행,2025-05-01T05:00:00,,주말
7호선,2712,도봉산,710,,20250619,7호선,3763,석남,761,N,7호선,7239,2715,노원,713,N,17:46:10,17:46:40,,7210,상행,2025-05-01T05:00:00,,주말
7호선,2712,도봉산,710,,20250619,7호선,3763,석남,761,N,7호선,7239,2714,마들,712,N,17:48:10,17:48:40,,7210,상행,2025-05-01T05:00:00,,주말
7호선,2712,도봉산,710,,20250619,7호선,3763,석남,761,N,7호선,7239,2713,수락산,711,N,17:50:40,17:51:10,,7210,상행,2025-05-01T05:00:00,,주말
7호선,2712,도봉산,710,,20250619,7호선,3763,석남,761,N,7호선,7239,2712,도봉산,710,N,17:53:30,,,7210,상행,2025-05-01T05:00:00,,주말
7호선,2711,장암,709,,20250619,7호선,2752,온수,750,N,7호선,7245,2752,온수,750,N,,16:38:00,,7212,상행,2025-05-01T05:00:00,,주말
7호선,2711,장암,709,,20250619,7호선,2752,온수,750,N,7호선,7245,2751,천왕,749,N,16:40:20,16:40:40,,7212,상행,2025-05-01T05:00:00,,주말
7호선,2711,장암,709,,20250619,7호선,2752,온수,750,N,7호선,7245,2750,광명사거리,748,N,16:42:40,16:43:10,,7212,상행,2025-05-01T05:00:00,,주말
7호선,2711,장암,709,,20250619,7호선,2752,온수,750,N,7호선,7245,2749,철산,747,N,16:45:00,16:45:30,,7212,상행,2025-05-01T05:00:00,,주말
7호선,2711,장암,709,,20250619,7호선,2752,온수,750,N,7호선,7245,2748,가산디지털단지,746,N,16:47:30,16:48:00,,7212,상행,2025-05-01T05:00:00,,주말
7호선,2711,장암,709,,20250619,7호선,2752,온수,750,N,7호선,7245,2747,남구로,745,N,16:49:20,16:49:50,,7212,상행,2025-05-01T05:00:00,,주말
7호선,2711,장암,709,,20250619,7호선,2752,온수,750,N,7호선,7245,2746,대림,744,N,16:51:20,16:51:50,,7212,상행,2025-05-01T05:00:00,,주말
7호선,2711,장암,709,,20250619,7호선,2752,온수,750,N,7호선,7245,2745,신풍,743,N,16:53:50,16:54:20,,7212,상행,2025-05-01T05:00:00,,주말
7호선,2711,장암,709,,20250619,7호선,2752,온수,750,N,7호선,7245,2744,보라매,742,N,16:55:40,16:56:10,,7212,상행,2025-05-01T05:00:00,,주말
7호선,2711,장암,709,,20250619,7호선,2752,온수,750,N,7호선,7245,2743,신대방삼거리,741,N,16:57:20,16:57:50,,7212,상행,2025-05-01T05:00:00,,주말
7호선,2711,장암,709,,20250619,7호선,2752,온수,750,N,7호선,7245,2742,장승배기,740,N,16:59:40,17:00:10,,7212,상행,2025-05-01T05:00:00,,주말
7호선,2711,장암,709,,20250619,7호선,2752,온수,750,N,7호선,7245,2741,상도,739,N,17:01:40,17:02:10,,7212,상행,2025-05-01T05:00:00,,주말
7호선,2711,장암,709,,20250619,7호선,2752,온수,750,N,7호선,7245,2740,숭실대입구,738,N,17:03:20,17:03:50,,7212,상행,2025-05-01T05:00:00,,주말
7호선,2711,장암,709,,20250619,7호선,2752,온수,750,N,7호선,7245,2739,남성,737,N,17:06:20,17:06:50,,7212,상행,2025-05-01T05:00:00,,주말
7호선,2711,장암,709,,20250619,7호선,2752,온수,750,N,7호선,7245,2738,이수,736,N,17:08:10,17:08:50,,7212,상행,2025-05-01T05:00:00,,주말
7호선,2711,장암,709,,20250619,7호선,2752,온수,750,N,7호선,7245,2737,내방,735,N,17:10:20,17:10:50,,7212,상행,2025-05-01T05:00:00,,주말
7호선,2711,장암,709,,20250619,7호선,2752,온수,750,N,7호선,7245,2736,고속터미널,734,N,17:13:20,17:14:00,,7212,상행,2025-05-01T05:00:00,,주말
7호선,2711,장암,709,,20250619,7호선,2752,온수,750,N,7호선,7245,2735,반포,733,N,17:15:30,17:15:50,,7212,상행,2025-05-01T05:00:00,,주말
7호선,2711,장암,709,,20250619,7호선,2752,온수,750,N,7호선,7245,2734,논현,732,N,17:17:00,17:17:30,,7212,상행,2025-05-01T05:00:00,,주말
7호선,2711,장암,709,,20250619,7호선,2752,온수,750,N,7호선,7245,2733,학동,731,N,17:18:50,17:19:20,,7212,상행,2025-05-01T05:00:00,,주말
7호선,2711,장암,709,,20250619,7호선,2752,온수,750,N,7호선,7245,2732,강남구청,730,N,17:20:30,17:21:00,,7212,상행,2025-05-01T05:00:00,,주말
7호선,2711,장암,709,,20250619,7호선,2752,온수,750,N,7호선,7245,2731,청담,729,N,17:22:30,17:23:00,,7212,상행,2025-05-01T05:00:00,,주말
7호선,2711,장암,709,,20250619,7호선,2752,온수,750,N,7호선,7245,2730,자양,728,N,17:25:30,17:25:50,,7212,상행,2025-05-01T05:00:00,,주말
7호선,2711,장암,709,,20250619,7호선,2752,온수,750,N,7호선,7245,2729,건대입구,727,N,17:27:20,17:28:00,,7212,상행,2025-05-01T05:00:00,,주말
7호선,2711,장암,709,,20250619,7호선,2752,온수,750,N,7호선,7245,2728,어린이대공원,726,N,17:29:20,17:29:50,,7212,상행,2025-05-01T05:00:00,,주말
7호선,2711,장암,709,,20250619,7호선,2752,온수,750,N,7호선,7245,2727,군자,725,N,17:31:10,17:31:50,,7212,상행,2025-05-01T05:00:00,,주말
7호선,2711,장암,709,,20250619,7호선,2752,온수,750,N,7호선,7245,2726,중곡,724,N,17:33:10,17:33:40,,7212,상행,2025-05-01T05:00:00,,주말
7호선,2711,장암,709,,20250619,7호선,2752,온수,750,N,7호선,7245,2725,용마산,723,N,17:35:00,17:35:20,,7212,상행,2025-05-01T05:00:00,,주말
7호선,2711,장암,709,,20250619,7호선,2752,온수,750,N,7호선,7245,2724,사가정,722,N,17:36:30,17:37:00,,7212,상행,2025-05-01T05:00:00,,주말
7호선,2711,장암,709,,20250619,7호선,2752,온수,750,N,7호선,7245,2723,면목,721,N,17:38:10,17:38:40,,7212,상행,2025-05-01T05:00:00,,주말
7호선,2711,장암,709,,20250619,7호선,2752,온수,750,N,7호선,7245,2722,상봉,720,N,17:39:50,17:40:20,,7212,상행,2025-05-01T05:00:00,,주말
7호선,2711,장암,709,,20250619,7호선,2752,온수,750,N,7호선,7245,2721,중화,719,N,17:42:10,17:42:40,,7212,상행,2025-05-01T05:00:00,,주말
7호선,2711,장암,709,,20250619,7호선,2752,온수,750,N,7호선,7245,2720,먹골,718,N,17:44:00,17:44:30,,7212,상행,2025-05-01T05:00:00,,주말
7호선,2711,장암,709,,20250619,7호선,2752,온수,750,N,7호선,7245,2719,태릉입구,717,N,17:45:40,17:46:10,,7212,상행,2025-05-01T05:00:00,,주말
7호선,2711,장암,709,,20250619,7호선,2752,온수,750,N,7호선,7245,2718,공릉,716,N,17:47:10,17:47:40,,7212,상행,2025-05-01T05:00:00,,주말
7호선,2711,장암,709,,20250619,7호선,2752,온수,750,N,7호선,7245,2717,하계,715,N,17:49:10,17:49:40,,7212,상행,2025-05-01T05:00:00,,주말
7호선,2711,장암,709,,20250619,7호선,2752,온수,750,N,7호선,7245,2716,중계,714,N,17:50:50,17:51:20,,7212,상행,2025-05-01T05:00:00,,주말
7호선,2711,장암,709,,20250619,7호선,2752,온수,750,N,7호선,7245,2715,노원,713,N,17:52:40,17:53:10,,7212,상행,2025-05-01T05:00:00,,주말
7호선,2711,장암,709,,20250619,7호선,2752,온수,750,N,7호선,7245,2714,마들,712,N,17:54:40,17:55:10,,7212,상행,2025-05-01T05:00:00,,주말
7호선,2711,장암,709,,20250619,7호선,2752,온수,750,N,7호선,7245,2713,수락산,711,N,17:57:10,17:57:40,,7212,상행,2025-05-01T05:00:00,,주말
7호선,2711,장암,709,,20250619,7호선,2752,온수,750,N,7호선,7245,2712,도봉산,710,N,18:00:00,18:00:30,,7212,상행,2025-05-01T05:00:00,,주말
7호선,2711,장암,709,,20250619,7호선,2752,온수,750,N,7호선,7245,2711,장암,709,N,18:05:00,,,7212,상행,2025-05-01T05:00:00,,주말
7호선,2712,도봉산,710,,20250619,7호선,3763,석남,761,N,7호선,7243,3763,석남,761,N,,16:21:00,,7214,상행,2025-05-01T05:00:00,,주말
7호선,2712,도봉산,710,,20250619,7호선,3763,석남,761,N,7호선,7243,3762,산곡,760,N,16:24:00,16:24:30,,7214,상행,2025-05-01T05:00:00,,주말
7호선,2712,도봉산,710,,20250619,7호선,3763,석남,761,N,7호선,7243,3761,부평구청,759,N,16:26:30,16:27:00,,7214,상행,2025-05-01T05:00:00,,주말
7호선,2712,도봉산,710,,20250619,7호선,3763,석남,761,N,7호선,7243,3760,굴포천,758,N,16:28:20,16:28:50,,7214,상행,2025-05-01T05:00:00,,주말
7호선,2712,도봉산,710,,20250619,7호선,3763,석남,761,N,7호선,7243,3759,삼산체육관,757,N,16:30:00,16:30:30,,7214,상행,2025-05-01T05:00:00,,주말
7호선,2712,도봉산,710,,20250619,7호선,3763,석남,761,N,7호선,7243,3758,상동,756,N,16:31:50,16:32:20,,7214,상행,2025-05-01T05:00:00,,주말
7호선,2712,도봉산,710,,20250619,7호선,3763,석남,761,N,7호선,7243,3757,부천시청,755,N,16:33:30,16:34:00,,7214,상행,2025-05-01T05:00:00,,주말
7호선,2712,도봉산,710,,20250619,7호선,3763,석남,761,N,7호선,7243,3756,신중동,754,N,16:35:20,16:35:50,,7214,상행,2025-05-01T05:00:00,,주말
7호선,2712,도봉산,710,,20250619,7호선,3763,석남,761,N,7호선,7243,3755,춘의,753,N,16:37:10,16:37:40,,7214,상행,2025-05-01T05:00:00,,주말
7호선,2712,도봉산,710,,20250619,7호선,3763,석남,761,N,7호선,7243,3754,부천종합운동장,752,N,16:39:00,16:39:30,,7214,상행,2025-05-01T05:00:00,,주말
7호선,2712,도봉산,710,,20250619,7호선,3763,석남,761,N,7호선,7243,3753,까치울,751,N,16:41:00,16:41:30,,7214,상행,2025-05-01T05:00:00,,주말
7호선,2712,도봉산,710,,20250619,7호선,3763,석남,761,N,7호선,7243,2752,온수,750,N,16:44:00,16:44:30,,7214,상행,2025-05-01T05:00:00,,주말
7호선,2712,도봉산,710,,20250619,7호선,3763,석남,761,N,7호선,7243,2751,천왕,749,N,16:46:50,16:47:10,,7214,상행,2025-05-01T05:00:00,,주말
7호선,2712,도봉산,710,,20250619,7호선,3763,석남,761,N,7호선,7243,2750,광명사거리,748,N,16:49:10,16:49:40,,7214,상행,2025-05-01T05:00:00,,주말
7호선,2712,도봉산,710,,20250619,7호선,3763,석남,761,N,7호선,7243,2749,철산,747,N,16:51:30,16:52:00,,7214,상행,2025-05-01T05:00:00,,주말
7호선,2712,도봉산,710,,20250619,7호선,3763,석남,761,N,7호선,7243,2748,가산디지털단지,746,N,16:54:00,16:54:30,,7214,상행,2025-05-01T05:00:00,,주말
7호선,2712,도봉산,710,,20250619,7호선,3763,석남,761,N,7호선,7243,2747,남구로,745,N,16:55:50,16:56:20,,7214,상행,2025-05-01T05:00:00,,주말
7호선,2712,도봉산,710,,20250619,7호선,3763,석남,761,N,7호선,7243,2746,대림,744,N,16:57:50,16:58:20,,7214,상행,2025-05-01T05:00:00,,주말
7호선,2712,도봉산,710,,20250619,7호선,3763,석남,761,N,7호선,7243,2745,신풍,743,N,17:00:20,17:00:50,,7214,상행,2025-05-01T05:00:00,,주말
7호선,2712,도봉산,710,,20250619,7호선,3763,석남,761,N,7호선,7243,2744,보라매,742,N,17:02:10,17:02:40,,7214,상행,2025-05-01T05:00:00,,주말
7호선,2712,도봉산,710,,20250619,7호선,3763,석남,761,N,7호선,7243,2743,신대방삼거리,741,N,17:03:50,17:04:20,,7214,상행,2025-05-01T05:00:00,,주말
7호선,2712,도봉산,710,,20250619,7호선,3763,석남,761,N,7호선,7243,2742,장승배기,740,N,17:06:10,17:06:40,,7214,상행,2025-05-01T05:00:00,,주말
7호선,2712,도봉산,710,,20250619,7호선,3763,석남,761,N,7호선,7243,2741,상도,739,N,17:08:10,17:08:40,,7214,상행,2025-05-01T05:00:00,,주말
7호선,2712,도봉산,710,,20250619,7호선,3763,석남,761,N,7호선,7243,2740,숭실대입구,738,N,17:09:50,17:10:20,,7214,상행,2025-05-01T05:00:00,,주말
7호선,2712,도봉산,710,,20250619,7호선,3763,석남,761,N,7호선,7243,2739,남성,737,N,17:12:50,17:13:20,,7214,상행,2025-05-01T05:00:00,,주말
7호선,2712,도봉산,710,,20250619,7호선,3763,석남,761,N,7호선,7243,2738,이수,736,N,17:14:40,17:15:20,,7214,상행,2025-05-01T05:00:00,,주말
7호선,2712,도봉산,710,,20250619,7호선,3763,석남,761,N,7호선,7243,2737,내방,735,N,17:16:50,17:17:20,,7214,상행,2025-05-01T05:00:00,,주말
7호선,2712,도봉산,710,,20250619,7호선,3763,석남,761,N,7호선,7243,2736,고속터미널,734,N,17:19:50,17:20:30,,7214,상행,2025-05-01T05:00:00,,주말
7호선,2712,도봉산,710,,20250619,7호선,3763,석남,761,N,7호선,7243,2735,반포,733,N,17:22:00,17:22:20,,7214,상행,2025-05-01T05:00:00,,주말
7호선,2712,도봉산,710,,20250619,7호선,3763,석남,761,N,7호선,7243,2734,논현,732,N,17:23:30,17:24:00,,7214,상행,2025-05-01T05:00:00,,주말
7호선,2712,도봉산,710,,20250619,7호선,3763,석남,761,N,7호선,7243,2733,학동,731,N,17:25:20,17:25:50,,7214,상행,2025-05-01T05:00:00,,주말
7호선,2712,도봉산,710,,20250619,7호선,3763,석남,761,N,7호선,7243,2732,강남구청,730,N,17:27:00,17:27:30,,7214,상행,2025-05-01T05:00:00,,주말
7호선,2712,도봉산,710,,20250619,7호선,3763,석남,761,N,7호선,7243,2731,청담,729,N,17:29:00,17:29:30,,7214,상행,2025-05-01T05:00:00,,주말
7호선,2712,도봉산,710,,20250619,7호선,3763,석남,761,N,7호선,7243,2730,자양,728,N,17:32:00,17:32:20,,7214,상행,2025-05-01T05:00:00,,주말
7호선,2712,도봉산,710,,20250619,7호선,3763,석남,761,N,7호선,7243,2729,건대입구,727,N,17:33:50,17:34:30,,7214,상행,2025-05-01T05:00:00,,주말
7호선,2712,도봉산,710,,20250619,7호선,3763,석남,761,N,7호선,7243,2728,어린이대공원,726,N,17:35:50,17:36:20,,7214,상행,2025-05-01T05:00:00,,주말
7호선,2712,도봉산,710,,20250619,7호선,3763,석남,761,N,7호선,7243,2727,군자,725,N,17:37:40,17:38:20,,7214,상행,2025-05-01T05:00:00,,주말
7호선,2712,도봉산,710,,20250619,7호선,3763,석남,761,N,7호선,7243,2726,중곡,724,N,17:39:40,17:40:10,,7214,상행,2025-05-01T05:00:00,,주말
7호선,2712,도봉산,710,,20250619,7호선,3763,석남,761,N,7호선,7243,2725,용마산,723,N,17:41:30,17:41:50,,7214,상행,2025-05-01T05:00:00,,주말
7호선,2712,도봉산,710,,20250619,7호선,3763,석남,761,N,7호선,7243,2724,사가정,722,N,17:43:00,17:43:30,,7214,상행,2025-05-01T05:00:00,,주말
7호선,2712,도봉산,710,,20250619,7호선,3763,석남,761,N,7호선,7243,2723,면목,721,N,17:44:40,17:45:10,,7214,상행,2025-05-01T05:00:00,,주말
7호선,2712,도봉산,710,,20250619,7호선,3763,석남,761,N,7호선,7243,2722,상봉,720,N,17:46:20,17:46:50,,7214,상행,2025-05-01T05:00:00,,주말
7호선,2712,도봉산,710,,20250619,7호선,3763,석남,761,N,7호선,7243,2721,중화,719,N,17:48:40,17:49:10,,7214,상행,2025-05-01T05:00:00,,주말
7호선,2712,도봉산,710,,20250619,7호선,3763,석남,761,N,7호선,7243,2720,먹골,718,N,17:50:30,17:51:00,,7214,상행,2025-05-01T05:00:00,,주말
7호선,2712,도봉산,710,,20250619,7호선,3763,석남,761,N,7호선,7243,2719,태릉입구,717,N,17:52:10,17:52:40,,7214,상행,2025-05-01T05:00:00,,주말
7호선,2712,도봉산,710,,20250619,7호선,3763,석남,761,N,7호선,7243,2718,공릉,716,N,17:53:40,17:54:10,,7214,상행,2025-05-01T05:00:00,,주말
7호선,2712,도봉산,710,,20250619,7호선,3763,석남,761,N,7호선,7243,2717,하계,715,N,17:55:40,17:56:10,,7214,상행,2025-05-01T05:00:00,,주말
7호선,2712,도봉산,710,,20250619,7호선,3763,석남,761,N,7호선,7243,2716,중계,714,N,17:57:20,17:57:50,,7214,상행,2025-05-01T05:00:00,,주말
7호선,2712,도봉산,710,,20250619,7호선,3763,석남,761,N,7호선,7243,2715,노원,713,N,17:59:10,17:59:40,,7214,상행,2025-05-01T05:00:00,,주말
7호선,2712,도봉산,710,,20250619,7호선,3763,석남,761,N,7호선,7243,2714,마들,712,N,18:01:10,18:01:40,,7214,상행,2025-05-01T05:00:00,,주말
7호선,2712,도봉산,710,,20250619,7호선,3763,석남,761,N,7호선,7243,2713,수락산,711,N,18:03:40,18:04:10,,7214,상행,2025-05-01T05:00:00,,주말
7호선,2712,도봉산,710,,20250619,7호선,3763,석남,761,N,7호선,7243,2712,도봉산,710,N,18:06:30,,,7214,상행,2025-05-01T05:00:00,,주말
7호선,2711,장암,709,,20250619,7호선,2752,온수,750,N,7호선,7249,2752,온수,750,N,,16:51:00,,7216,상행,2025-05-01T05:00:00,,주말
7호선,2711,장암,709,,20250619,7호선,2752,온수,750,N,7호선,7249,2751,천왕,749,N,16:53:20,16:53:40,,7216,상행,2025-05-01T05:00:00,,주말
7호선,2711,장암,709,,20250619,7호선,2752,온수,750,N,7호선,7249,2750,광명사거리,748,N,16:55:40,16:56:10,,7216,상행,2025-05-01T05:00:00,,주말
7호선,2711,장암,709,,20250619,7호선,2752,온수,750,N,7호선,7249,2749,철산,747,N,16:58:00,16:58:30,,7216,상행,2025-05-01T05:00:00,,주말
7호선,2711,장암,709,,20250619,7호선,2752,온수,750,N,7호선,7249,2748,가산디지털단지,746,N,17:00:30,17:01:00,,7216,상행,2025-05-01T05:00:00,,주말
7호선,2711,장암,709,,20250619,7호선,2752,온수,750,N,7호선,7249,2747,남구로,745,N,17:02:20,17:02:50,,7216,상행,2025-05-01T05:00:00,,주말
7호선,2711,장암,709,,20250619,7호선,2752,온수,750,N,7호선,7249,2746,대림,744,N,17:04:20,17:04:50,,7216,상행,2025-05-01T05:00:00,,주말
7호선,2711,장암,709,,20250619,7호선,2752,온수,750,N,7호선,7249,2745,신풍,743,N,17:06:50,17:07:20,,7216,상행,2025-05-01T05:00:00,,주말
7호선,2711,장암,709,,20250619,7호선,2752,온수,750,N,7호선,7249,2744,보라매,742,N,17:08:40,17:09:10,,7216,상행,2025-05-01T05:00:00,,주말
7호선,2711,장암,709,,20250619,7호선,2752,온수,750,N,7호선,7249,2743,신대방삼거리,741,N,17:10:20,17:10:50,,7216,상행,2025-05-01T05:00:00,,주말
7호선,2711,장암,709,,20250619,7호선,2752,온수,750,N,7호선,7249,2742,장승배기,740,N,17:12:40,17:13:10,,7216,상행,2025-05-01T05:00:00,,주말
7호선,2711,장암,709,,20250619,7호선,2752,온수,750,N,7호선,7249,2741,상도,739,N,17:14:40,17:15:10,,7216,상행,2025-05-01T05:00:00,,주말
7호선,2711,장암,709,,20250619,7호선,2752,온수,750,N,7호선,7249,2740,숭실대입구,738,N,17:16:20,17:16:50,,7216,상행,2025-05-01T05:00:00,,주말
7호선,2711,장암,709,,20250619,7호선,2752,온수,750,N,7호선,7249,2739,남성,737,N,17:19:20,17:19:50,,7216,상행,2025-05-01T05:00:00,,주말
7호선,2711,장암,709,,20250619,7호선,2752,온수,750,N,7호선,7249,2738,이수,736,N,17:21:10,17:21:50,,7216,상행,2025-05-01T05:00:00,,주말
7호선,2711,장암,709,,20250619,7호선,2752,온수,750,N,7호선,7249,2737,내방,735,N,17:23:20,17:23:50,,7216,상행,2025-05-01T05:00:00,,주말
7호선,2711,장암,709,,20250619,7호선,2752,온수,750,N,7호선,7249,2736,고속터미널,734,N,17:26:20,17:27:00,,7216,상행,2025-05-01T05:00:00,,주말
7호선,2711,장암,709,,20250619,7호선,2752,온수,750,N,7호선,7249,2735,반포,733,N,17:28:30,17:28:50,,7216,상행,2025-05-01T05:00:00,,주말
7호선,2711,장암,709,,20250619,7호선,2752,온수,750,N,7호선,7249,2734,논현,732,N,17:30:00,17:30:30,,7216,상행,2025-05-01T05:00:00,,주말
7호선,2711,장암,709,,20250619,7호선,2752,온수,750,N,7호선,7249,2733,학동,731,N,17:31:50,17:32:20,,7216,상행,2025-05-01T05:00:00,,주말
7호선,2711,장암,709,,20250619,7호선,2752,온수,750,N,7호선,7249,2732,강남구청,730,N,17:33:30,17:34:00,,7216,상행,2025-05-01T05:00:00,,주말
7호선,2711,장암,709,,20250619,7호선,2752,온수,750,N,7호선,7249,2731,청담,729,N,17:35:30,17:36:00,,7216,상행,2025-05-01T05:00:00,,주말
7호선,2711,장암,709,,20250619,7호선,2752,온수,750,N,7호선,7249,2730,자양,728,N,17:38:30,17:38:50,,7216,상행,2025-05-01T05:00:00,,주말
7호선,2711,장암,709,,20250619,7호선,2752,온수,750,N,7호선,7249,2729,건대입구,727,N,17:40:20,17:41:00,,7216,상행,2025-05-01T05:00:00,,주말
7호선,2711,장암,709,,20250619,7호선,2752,온수,750,N,7호선,7249,2728,어린이대공원,726,N,17:42:20,17:42:50,,7216,상행,2025-05-01T05:00:00,,주말
7호선,2711,장암,709,,20250619,7호선,2752,온수,750,N,7호선,7249,2727,군자,725,N,17:44:10,17:44:50,,7216,상행,2025-05-01T05:00:00,,주말
7호선,2711,장암,709,,20250619,7호선,2752,온수,750,N,7호선,7249,2726,중곡,724,N,17:46:10,17:46:40,,7216,상행,2025-05-01T05:00:00,,주말
7호선,2711,장암,709,,20250619,7호선,2752,온수,750,N,7호선,7249,2725,용마산,723,N,17:48:00,17:48:20,,7216,상행,2025-05-01T05:00:00,,주말
7호선,2711,장암,709,,20250619,7호선,2752,온수,750,N,7호선,7249,2724,사가정,722,N,17:49:30,17:50:00,,7216,상행,2025-05-01T05:00:00,,주말
7호선,2711,장암,709,,20250619,7호선,2752,온수,750,N,7호선,7249,2723,면목,721,N,17:51:10,17:51:40,,7216,상행,2025-05-01T05:00:00,,주말
7호선,2711,장암,709,,20250619,7호선,2752,온수,750,N,7호선,7249,2722,상봉,720,N,17:52:50,17:53:20,,7216,상행,2025-05-01T05:00:00,,주말
7호선,2711,장암,709,,20250619,7호선,2752,온수,750,N,7호선,7249,2721,중화,719,N,17:55:10,17:55:40,,7216,상행,2025-05-01T05:00:00,,주말
7호선,2711,장암,709,,20250619,7호선,2752,온수,750,N,7호선,7249,2720,먹골,718,N,17:57:00,17:57:30,,7216,상행,2025-05-01T05:00:00,,주말
7호선,2711,장암,709,,20250619,7호선,2752,온수,750,N,7호선,7249,2719,태릉입구,717,N,17:58:40,17:59:10,,7216,상행,2025-05-01T05:00:00,,주말
7호선,2711,장암,709,,20250619,7호선,2752,온수,750,N,7호선,7249,2718,공릉,716,N,18:00:10,18:00:40,,7216,상행,2025-05-01T05:00:00,,주말
7호선,2711,장암,709,,20250619,7호선,2752,온수,750,N,7호선,7249,2717,하계,715,N,18:02:10,18:02:40,,7216,상행,2025-05-01T05:00:00,,주말
7호선,2711,장암,709,,20250619,7호선,2752,온수,750,N,7호선,7249,2716,중계,714,N,18:03:50,18:04:20,,7216,상행,2025-05-01T05:00:00,,주말
7호선,2711,장암,709,,20250619,7호선,2752,온수,750,N,7호선,7249,2715,노원,713,N,18:05:40,18:06:10,,7216,상행,2025-05-01T05:00:00,,주말
7호선,2711,장암,709,,20250619,7호선,2752,온수,750,N,7호선,7249,2714,마들,712,N,18:07:40,18:08:10,,7216,상행,2025-05-01T05:00:00,,주말
7호선,2711,장암,709,,20250619,7호선,2752,온수,750,N,7호선,7249,2713,수락산,711,N,18:10:10,18:10:40,,7216,상행,2025-05-01T05:00:00,,주말
7호선,2711,장암,709,,20250619,7호선,2752,온수,750,N,7호선,7249,2712,도봉산,710,N,18:13:00,18:13:30,,7216,상행,2025-05-01T05:00:00,,주말
7호선,2711,장암,709,,20250619,7호선,2752,온수,750,N,7호선,7249,2711,장암,709,N,18:18:00,,,7216,상행,2025-05-01T05:00:00,,주말
7호선,2712,도봉산,710,,20250619,7호선,3763,석남,761,N,7호선,7247,3763,석남,761,N,,16:34:00,,7218,상행,2025-05-01T05:00:00,,주말
7호선,2712,도봉산,710,,20250619,7호선,3763,석남,761,N,7호선,7247,3762,산곡,760,N,16:37:00,16:37:30,,7218,상행,2025-05-01T05:00:00,,주말
7호선,2712,도봉산,710,,20250619,7호선,3763,석남,761,N,7호선,7247,3761,부평구청,759,N,16:39:30,16:40:00,,7218,상행,2025-05-01T05:00:00,,주말
7호선,2712,도봉산,710,,20250619,7호선,3763,석남,761,N,7호선,7247,3760,굴포천,758,N,16:41:20,16:41:50,,7218,상행,2025-05-01T05:00:00,,주말
7호선,2712,도봉산,710,,20250619,7호선,3763,석남,761,N,7호선,7247,3759,삼산체육관,757,N,16:43:00,16:43:30,,7218,상행,2025-05-01T05:00:00,,주말
7호선,2712,도봉산,710,,20250619,7호선,3763,석남,761,N,7호선,7247,3758,상동,756,N,16:44:50,16:45:20,,7218,상행,2025-05-01T05:00:00,,주말
7호선,2712,도봉산,710,,20250619,7호선,3763,석남,761,N,7호선,7247,3757,부천시청,755,N,16:46:30,16:47:00,,7218,상행,2025-05-01T05:00:00,,주말
7호선,2712,도봉산,710,,20250619,7호선,3763,석남,761,N,7호선,7247,3756,신중동,754,N,16:48:20,16:48:50,,7218,상행,2025-05-01T05:00:00,,주말
7호선,2712,도봉산,710,,20250619,7호선,3763,석남,761,N,7호선,7247,3755,춘의,753,N,16:50:10,16:50:40,,7218,상행,2025-05-01T05:00:00,,주말
7호선,2712,도봉산,710,,20250619,7호선,3763,석남,761,N,7호선,7247,3754,부천종합운동장,752,N,16:52:00,16:52:30,,7218,상행,2025-05-01T05:00:00,,주말
7호선,2712,도봉산,710,,20250619,7호선,3763,석남,761,N,7호선,7247,3753,까치울,751,N,16:54:00,16:54:30,,7218,상행,2025-05-01T05:00:00,,주말
7호선,2712,도봉산,710,,20250619,7호선,3763,석남,761,N,7호선,7247,2752,온수,750,N,16:57:00,16:57:30,,7218,상행,2025-05-01T05:00:00,,주말
7호선,2712,도봉산,710,,20250619,7호선,3763,석남,761,N,7호선,7247,2751,천왕,749,N,16:59:50,17:00:10,,7218,상행,2025-05-01T05:00:00,,주말
7호선,2712,도봉산,710,,20250619,7호선,3763,석남,761,N,7호선,7247,2750,광명사거리,748,N,17:02:10,17:02:40,,7218,상행,2025-05-01T05:00:00,,주말
7호선,2712,도봉산,710,,20250619,7호선,3763,석남,761,N,7호선,7247,2749,철산,747,N,17:04:30,17:05:00,,7218,상행,2025-05-01T05:00:00,,주말
7호선,2712,도봉산,710,,20250619,7호선,3763,석남,761,N,7호선,7247,2748,가산디지털단지,746,N,17:07:00,17:07:30,,7218,상행,2025-05-01T05:00:00,,주말
7호선,2712,도봉산,710,,20250619,7호선,3763,석남,761,N,7호선,7247,2747,남구로,745,N,17:08:50,17:09:20,,7218,상행,2025-05-01T05:00:00,,주말
7호선,2712,도봉산,710,,20250619,7호선,3763,석남,761,N,7호선,7247,2746,대림,744,N,17:10:50,17:11:20,,7218,상행,2025-05-01T05:00:00,,주말
7호선,2712,도봉산,710,,20250619,7호선,3763,석남,761,N,7호선,7247,2745,신풍,743,N,17:13:20,17:13:50,,7218,상행,2025-05-01T05:00:00,,주말
7호선,2712,도봉산,710,,20250619,7호선,3763,석남,761,N,7호선,7247,2744,보라매,742,N,17:15:10,17:15:40,,7218,상행,2025-05-01T05:00:00,,주말
7호선,2712,도봉산,710,,20250619,7호선,3763,석남,761,N,7호선,7247,2743,신대방삼거리,741,N,17:16:50,17:17:20,,7218,상행,2025-05-01T05:00:00,,주말
7호선,2712,도봉산,710,,20250619,7호선,3763,석남,761,N,7호선,7247,2742,장승배기,740,N,17:19:10,17:19:40,,7218,상행,2025-05-01T05:00:00,,주말
7호선,2712,도봉산,710,,20250619,7호선,3763,석남,761,N,7호선,7247,2741,상도,739,N,17:21:10,17:21:40,,7218,상행,2025-05-01T05:00:00,,주말
7호선,2712,도봉산,710,,20250619,7호선,3763,석남,761,N,7호선,7247,2740,숭실대입구,738,N,17:22:50,17:23:20,,7218,상행,2025-05-01T05:00:00,,주말
7호선,2712,도봉산,710,,20250619,7호선,3763,석남,761,N,7호선,7247,2739,남성,737,N,17:25:50,17:26:20,,7218,상행,2025-05-01T05:00:00,,주말
7호선,2712,도봉산,710,,20250619,7호선,3763,석남,761,N,7호선,7247,2738,이수,736,N,17:27:40,17:28:20,,7218,상행,2025-05-01T05:00:00,,주말
7호선,2712,도봉산,710,,20250619,7호선,3763,석남,761,N,7호선,7247,2737,내방,735,N,17:29:50,17:30:20,,7218,상행,2025-05-01T05:00:00,,주말
7호선,2712,도봉산,710,,20250619,7호선,3763,석남,761,N,7호선,7247,2736,고속터미널,734,N,17:32:50,17:33:30,,7218,상행,2025-05-01T05:00:00,,주말
7호선,2712,도봉산,710,,20250619,7호선,3763,석남,761,N,7호선,7247,2735,반포,733,N,17:35:00,17:35:20,,7218,상행,2025-05-01T05:00:00,,주말
7호선,2712,도봉산,710,,20250619,7호선,3763,석남,761,N,7호선,7247,2734,논현,732,N,17:36:30,17:37:00,,7218,상행,2025-05-01T05:00:00,,주말
7호선,2712,도봉산,710,,20250619,7호선,3763,석남,761,N,7호선,7247,2733,학동,731,N,17:38:20,17:38:50,,7218,상행,2025-05-01T05:00:00,,주말
7호선,2712,도봉산,710,,20250619,7호선,3763,석남,761,N,7호선,7247,2732,강남구청,730,N,17:40:00,17:40:30,,7218,상행,2025-05-01T05:00:00,,주말
7호선,2712,도봉산,710,,20250619,7호선,3763,석남,761,N,7호선,7247,2731,청담,729,N,17:42:00,17:42:30,,7218,상행,2025-05-01T05:00:00,,주말
7호선,2712,도봉산,710,,20250619,7호선,3763,석남,761,N,7호선,7247,2730,자양,728,N,17:45:00,17:45:20,,7218,상행,2025-05-01T05:00:00,,주말
7호선,2712,도봉산,710,,20250619,7호선,3763,석남,761,N,7호선,7247,2729,건대입구,727,N,17:46:50,17:47:30,,7218,상행,2025-05-01T05:00:00,,주말
7호선,2712,도봉산,710,,20250619,7호선,3763,석남,761,N,7호선,7247,2728,어린이대공원,726,N,17:48:50,17:49:20,,7218,상행,2025-05-01T05:00:00,,주말
7호선,2712,도봉산,710,,20250619,7호선,3763,석남,761,N,7호선,7247,2727,군자,725,N,17:50:40,17:51:20,,7218,상행,2025-05-01T05:00:00,,주말
7호선,2712,도봉산,710,,20250619,7호선,3763,석남,761,N,7호선,7247,2726,중곡,724,N,17:52:40,17:53:10,,7218,상행,2025-05-01T05:00:00,,주말
7호선,2712,도봉산,710,,20250619,7호선,3763,석남,761,N,7호선,7247,2725,용마산,723,N,17:54:30,17:54:50,,7218,상행,2025-05-01T05:00:00,,주말
7호선,2712,도봉산,710,,20250619,7호선,3763,석남,761,N,7호선,7247,2724,사가정,722,N,17:56:00,17:56:30,,7218,상행,2025-05-01T05:00:00,,주말
7호선,2712,도봉산,710,,20250619,7호선,3763,석남,761,N,7호선,7247,2723,면목,721,N,17:57:40,17:58:10,,7218,상행,2025-05-01T05:00:00,,주말
7호선,2712,도봉산,710,,20250619,7호선,3763,석남,761,N,7호선,7247,2722,상봉,720,N,17:59:20,17:59:50,,7218,상행,2025-05-01T05:00:00,,주말
7호선,2712,도봉산,710,,20250619,7호선,3763,석남,761,N,7호선,7247,2721,중화,719,N,18:01:40,18:02:10,,7218,상행,2025-05-01T05:00:00,,주말
7호선,2712,도봉산,710,,20250619,7호선,3763,석남,761,N,7호선,7247,2720,먹골,718,N,18:03:30,18:04:00,,7218,상행,2025-05-01T05:00:00,,주말
7호선,2712,도봉산,710,,20250619,7호선,3763,석남,761,N,7호선,7247,2719,태릉입구,717,N,18:05:10,18:05:40,,7218,상행,2025-05-01T05:00:00,,주말
7호선,2712,도봉산,710,,20250619,7호선,3763,석남,761,N,7호선,7247,2718,공릉,716,N,18:06:40,18:07:10,,7218,상행,2025-05-01T05:00:00,,주말
7호선,2712,도봉산,710,,20250619,7호선,3763,석남,761,N,7호선,7247,2717,하계,715,N,18:08:40,18:09:10,,7218,상행,2025-05-01T05:00:00,,주말
7호선,2712,도봉산,710,,20250619,7호선,3763,석남,761,N,7호선,7247,2716,중계,714,N,18:10:20,18:10:50,,7218,상행,2025-05-01T05:00:00,,주말
7호선,2712,도봉산,710,,20250619,7호선,3763,석남,761,N,7호선,7247,2715,노원,713,N,18:12:10,18:12:40,,7218,상행,2025-05-01T05:00:00,,주말
7호선,2712,도봉산,710,,20250619,7호선,3763,석남,761,N,7호선,7247,2714,마들,712,N,18:14:10,18:14:40,,7218,상행,2025-05-01T05:00:00,,주말
7호선,2712,도봉산,710,,20250619,7호선,3763,석남,761,N,7호선,7247,2713,수락산,711,N,18:16:40,18:17:10,,7218,상행,2025-05-01T05:00:00,,주말
7호선,2712,도봉산,710,,20250619,7호선,3763,석남,761,N,7호선,7247,2712,도봉산,710,N,18:19:30,,,7218,상행,2025-05-01T05:00:00,,주말
7호선,2711,장암,709,,20250619,7호선,2752,온수,750,N,7호선,7253,2752,온수,750,N,,17:04:00,,7220,상행,2025-05-01T05:00:00,,주말
7호선,2711,장암,709,,20250619,7호선,2752,온수,750,N,7호선,7253,2751,천왕,749,N,17:06:20,17:06:40,,7220,상행,2025-05-01T05:00:00,,주말
7호선,2711,장암,709,,20250619,7호선,2752,온수,750,N,7호선,7253,2750,광명사거리,748,N,17:08:40,17:09:10,,7220,상행,2025-05-01T05:00:00,,주말
7호선,2711,장암,709,,20250619,7호선,2752,온수,750,N,7호선,7253,2749,철산,747,N,17:11:00,17:11:30,,7220,상행,2025-05-01T05:00:00,,주말
7호선,2711,장암,709,,20250619,7호선,2752,온수,750,N,7호선,7253,2748,가산디지털단지,746,N,17:13:30,17:14:00,,7220,상행,2025-05-01T05:00:00,,주말
7호선,2711,장암,709,,20250619,7호선,2752,온수,750,N,7호선,7253,2747,남구로,745,N,17:15:20,17:15:50,,7220,상행,2025-05-01T05:00:00,,주말
7호선,2711,장암,709,,20250619,7호선,2752,온수,750,N,7호선,7253,2746,대림,744,N,17:17:20,17:17:50,,7220,상행,2025-05-01T05:00:00,,주말
7호선,2711,장암,709,,20250619,7호선,2752,온수,750,N,7호선,7253,2745,신풍,743,N,17:19:50,17:20:20,,7220,상행,2025-05-01T05:00:00,,주말
7호선,2711,장암,709,,20250619,7호선,2752,온수,750,N,7호선,7253,2744,보라매,742,N,17:21:40,17:22:10,,7220,상행,2025-05-01T05:00:00,,주말
7호선,2711,장암,709,,20250619,7호선,2752,온수,750,N,7호선,7253,2743,신대방삼거리,741,N,17:23:20,17:23:50,,7220,상행,2025-05-01T05:00:00,,주말
7호선,2711,장암,709,,20250619,7호선,2752,온수,750,N,7호선,7253,2742,장승배기,740,N,17:25:40,17:26:10,,7220,상행,2025-05-01T05:00:00,,주말
7호선,2711,장암,709,,20250619,7호선,2752,온수,750,N,7호선,7253,2741,상도,739,N,17:27:40,17:28:10,,7220,상행,2025-05-01T05:00:00,,주말
7호선,2711,장암,709,,20250619,7호선,2752,온수,750,N,7호선,7253,2740,숭실대입구,738,N,17:29:20,17:29:50,,7220,상행,2025-05-01T05:00:00,,주말
7호선,2711,장암,709,,20250619,7호선,2752,온수,750,N,7호선,7253,2739,남성,737,N,17:32:20,17:32:50,,7220,상행,2025-05-01T05:00:00,,주말
7호선,2711,장암,709,,20250619,7호선,2752,온수,750,N,7호선,7253,2738,이수,736,N,17:34:10,17:34:50,,7220,상행,2025-05-01T05:00:00,,주말
7호선,2711,장암,709,,20250619,7호선,2752,온수,750,N,7호선,7253,2737,내방,735,N,17:36:20,17:36:50,,7220,상행,2025-05-01T05:00:00,,주말
7호선,2711,장암,709,,20250619,7호선,2752,온수,750,N,7호선,7253,2736,고속터미널,734,N,17:39:20,17:40:00,,7220,상행,2025-05-01T05:00:00,,주말
7호선,2711,장암,709,,20250619,7호선,2752,온수,750,N,7호선,7253,2735,반포,733,N,17:41:30,17:41:50,,7220,상행,2025-05-01T05:00:00,,주말
7호선,2711,장암,709,,20250619,7호선,2752,온수,750,N,7호선,7253,2734,논현,732,N,17:43:00,17:43:30,,7220,상행,2025-05-01T05:00:00,,주말
7호선,2711,장암,709,,20250619,7호선,2752,온수,750,N,7호선,7253,2733,학동,731,N,17:44:50,17:45:20,,7220,상행,2025-05-01T05:00:00,,주말
7호선,2711,장암,709,,20250619,7호선,2752,온수,750,N,7호선,7253,2732,강남구청,730,N,17:46:30,17:47:00,,7220,상행,2025-05-01T05:00:00,,주말
7호선,2711,장암,709,,20250619,7호선,2752,온수,750,N,7호선,7253,2731,청담,729,N,17:48:30,17:49:00,,7220,상행,2025-05-01T05:00:00,,주말
7호선,2711,장암,709,,20250619,7호선,2752,온수,750,N,7호선,7253,2730,자양,728,N,17:51:30,17:51:50,,7220,상행,2025-05-01T05:00:00,,주말
7호선,2711,장암,709,,20250619,7호선,2752,온수,750,N,7호선,7253,2729,건대입구,727,N,17:53:20,17:54:00,,7220,상행,2025-05-01T05:00:00,,주말
7호선,2711,장암,709,,20250619,7호선,2752,온수,750,N,7호선,7253,2728,어린이대공원,726,N,17:55:20,17:55:50,,7220,상행,2025-05-01T05:00:00,,주말
7호선,2711,장암,709,,20250619,7호선,2752,온수,750,N,7호선,7253,2727,군자,725,N,17:57:10,17:57:50,,7220,상행,2025-05-01T05:00:00,,주말
7호선,2711,장암,709,,20250619,7호선,2752,온수,750,N,7호선,7253,2726,중곡,724,N,17:59:10,17:59:40,,7220,상행,2025-05-01T05:00:00,,주말
7호선,2711,장암,709,,20250619,7호선,2752,온수,750,N,7호선,7253,2725,용마산,723,N,18:01:00,18:01:20,,7220,상행,2025-05-01T05:00:00,,주말
7호선,2711,장암,709,,20250619,7호선,2752,온수,750,N,7호선,7253,2724,사가정,722,N,18:02:30,18:03:00,,7220,상행,2025-05-01T05:00:00,,주말
7호선,2711,장암,709,,20250619,7호선,2752,온수,750,N,7호선,7253,2723,면목,721,N,18:04:10,18:04:40,,7220,상행,2025-05-01T05:00:00,,주말
7호선,2711,장암,709,,20250619,7호선,2752,온수,750,N,7호선,7253,2722,상봉,720,N,18:05:50,18:06:20,,7220,상행,2025-05-01T05:00:00,,주말
7호선,2711,장암,709,,20250619,7호선,2752,온수,750,N,7호선,7253,2721,중화,719,N,18:08:10,18:08:40,,7220,상행,2025-05-01T05:00:00,,주말
7호선,2711,장암,709,,20250619,7호선,2752,온수,750,N,7호선,7253,2720,먹골,718,N,18:10:00,18:10:30,,7220,상행,2025-05-01T05:00:00,,주말
7호선,2711,장암,709,,20250619,7호선,2752,온수,750,N,7호선,7253,2719,태릉입구,717,N,18:11:40,18:12:10,,7220,상행,2025-05-01T05:00:00,,주말
7호선,2711,장암,709,,20250619,7호선,2752,온수,750,N,7호선,7253,2718,공릉,716,N,18:13:10,18:13:40,,7220,상행,2025-05-01T05:00:00,,주말
7호선,2711,장암,709,,20250619,7호선,2752,온수,750,N,7호선,7253,2717,하계,715,N,18:15:10,18:15:40,,7220,상행,2025-05-01T05:00:00,,주말
7호선,2711,장암,709,,20250619,7호선,2752,온수,750,N,7호선,7253,2716,중계,714,N,18:16:50,18:17:20,,7220,상행,2025-05-01T05:00:00,,주말
7호선,2711,장암,709,,20250619,7호선,2752,온수,750,N,7호선,7253,2715,노원,713,N,18:18:40,18:19:10,,7220,상행,2025-05-01T05:00:00,,주말
7호선,2711,장암,709,,20250619,7호선,2752,온수,750,N,7호선,7253,2714,마들,712,N,18:20:40,18:21:10,,7220,상행,2025-05-01T05:00:00,,주말
7호선,2711,장암,709,,20250619,7호선,2752,온수,750,N,7호선,7253,2713,수락산,711,N,18:23:10,18:23:40,,7220,상행,2025-05-01T05:00:00,,주말
7호선,2711,장암,709,,20250619,7호선,2752,온수,750,N,7호선,7253,2712,도봉산,710,N,18:26:00,18:26:30,,7220,상행,2025-05-01T05:00:00,,주말
7호선,2711,장암,709,,20250619,7호선,2752,온수,750,N,7호선,7253,2711,장암,709,N,18:31:00,,,7220,상행,2025-05-01T05:00:00,,주말
7호선,2712,도봉산,710,,20250619,7호선,3763,석남,761,N,7호선,7251,3763,석남,761,N,,16:47:00,,7222,상행,2025-05-01T05:00:00,,주말
7호선,2712,도봉산,710,,20250619,7호선,3763,석남,761,N,7호선,7251,3762,산곡,760,N,16:50:00,16:50:30,,7222,상행,2025-05-01T05:00:00,,주말
7호선,2712,도봉산,710,,20250619,7호선,3763,석남,761,N,7호선,7251,3761,부평구청,759,N,16:52:30,16:53:00,,7222,상행,2025-05-01T05:00:00,,주말
7호선,2712,도봉산,710,,20250619,7호선,3763,석남,761,N,7호선,7251,3760,굴포천,758,N,16:54:20,16:54:50,,7222,상행,2025-05-01T05:00:00,,주말
7호선,2712,도봉산,710,,20250619,7호선,3763,석남,761,N,7호선,7251,3759,삼산체육관,757,N,16:56:00,16:56:30,,7222,상행,2025-05-01T05:00:00,,주말
7호선,2712,도봉산,710,,20250619,7호선,3763,석남,761,N,7호선,7251,3758,상동,756,N,16:57:50,16:58:20,,7222,상행,2025-05-01T05:00:00,,주말
7호선,2712,도봉산,710,,20250619,7호선,3763,석남,761,N,7호선,7251,3757,부천시청,755,N,16:59:30,17:00:00,,7222,상행,2025-05-01T05:00:00,,주말
7호선,2712,도봉산,710,,20250619,7호선,3763,석남,761,N,7호선,7251,3756,신중동,754,N,17:01:20,17:01:50,,7222,상행,2025-05-01T05:00:00,,주말
7호선,2712,도봉산,710,,20250619,7호선,3763,석남,761,N,7호선,7251,3755,춘의,753,N,17:03:10,17:03:40,,7222,상행,2025-05-01T05:00:00,,주말
7호선,2712,도봉산,710,,20250619,7호선,3763,석남,761,N,7호선,7251,3754,부천종합운동장,752,N,17:05:00,17:05:30,,7222,상행,2025-05-01T05:00:00,,주말
7호선,2712,도봉산,710,,20250619,7호선,3763,석남,761,N,7호선,7251,3753,까치울,751,N,17:07:00,17:07:30,,7222,상행,2025-05-01T05:00:00,,주말
7호선,2712,도봉산,710,,20250619,7호선,3763,석남,761,N,7호선,7251,2752,온수,750,N,17:10:00,17:10:30,,7222,상행,2025-05-01T05:00:00,,주말
7호선,2712,도봉산,710,,20250619,7호선,3763,석남,761,N,7호선,7251,2751,천왕,749,N,17:12:50,17:13:10,,7222,상행,2025-05-01T05:00:00,,주말
7호선,2712,도봉산,710,,20250619,7호선,3763,석남,761,N,7호선,7251,2750,광명사거리,748,N,17:15:10,17:15:40,,7222,상행,2025-05-01T05:00:00,,주말
7호선,2712,도봉산,710,,20250619,7호선,3763,석남,761,N,7호선,7251,2749,철산,747,N,17:17:30,17:18:00,,7222,상행,2025-05-01T05:00:00,,주말
7호선,2712,도봉산,710,,20250619,7호선,3763,석남,761,N,7호선,7251,2748,가산디지털단지,746,N,17:20:00,17:20:30,,7222,상행,2025-05-01T05:00:00,,주말
7호선,2712,도봉산,710,,20250619,7호선,3763,석남,761,N,7호선,7251,2747,남구로,745,N,17:21:50,17:22:20,,7222,상행,2025-05-01T05:00:00,,주말
7호선,2712,도봉산,710,,20250619,7호선,3763,석남,761,N,7호선,7251,2746,대림,744,N,17:23:50,17:24:20,,7222,상행,2025-05-01T05:00:00,,주말
7호선,2712,도봉산,710,,20250619,7호선,3763,석남,761,N,7호선,7251,2745,신풍,743,N,17:26:20,17:26:50,,7222,상행,2025-05-01T05:00:00,,주말
7호선,2712,도봉산,710,,20250619,7호선,3763,석남,761,N,7호선,7251,2744,보라매,742,N,17:28:10,17:28:40,,7222,상행,2025-05-01T05:00:00,,주말
7호선,2712,도봉산,710,,20250619,7호선,3763,석남,761,N,7호선,7251,2743,신대방삼거리,741,N,17:29:50,17:30:20,,7222,상행,2025-05-01T05:00:00,,주말
7호선,2712,도봉산,710,,20250619,7호선,3763,석남,761,N,7호선,7251,2742,장승배기,740,N,17:32:10,17:32:40,,7222,상행,2025-05-01T05:00:00,,주말
7호선,2712,도봉산,710,,20250619,7호선,3763,석남,761,N,7호선,7251,2741,상도,739,N,17:34:10,17:34:40,,7222,상행,2025-05-01T05:00:00,,주말
7호선,2712,도봉산,710,,20250619,7호선,3763,석남,761,N,7호선,7251,2740,숭실대입구,738,N,17:35:50,17:36:20,,7222,상행,2025-05-01T05:00:00,,주말
7호선,2712,도봉산,710,,20250619,7호선,3763,석남,761,N,7호선,7251,2739,남성,737,N,17:38:50,17:39:20,,7222,상행,2025-05-01T05:00:00,,주말
7호선,2712,도봉산,710,,20250619,7호선,3763,석남,761,N,7호선,7251,2738,이수,736,N,17:40:40,17:41:20,,7222,상행,2025-05-01T05:00:00,,주말
7호선,2712,도봉산,710,,20250619,7호선,3763,석남,761,N,7호선,7251,2737,내방,735,N,17:42:50,17:43:20,,7222,상행,2025-05-01T05:00:00,,주말
7호선,2712,도봉산,710,,20250619,7호선,3763,석남,761,N,7호선,7251,2736,고속터미널,734,N,17:45:50,17:46:30,,7222,상행,2025-05-01T05:00:00,,주말
7호선,2712,도봉산,710,,20250619,7호선,3763,석남,761,N,7호선,7251,2735,반포,733,N,17:48:00,17:48:20,,7222,상행,2025-05-01T05:00:00,,주말
7호선,2712,도봉산,710,,20250619,7호선,3763,석남,761,N,7호선,7251,2734,논현,732,N,17:49:30,17:50:00,,7222,상행,2025-05-01T05:00:00,,주말
7호선,2712,도봉산,710,,20250619,7호선,3763,석남,761,N,7호선,7251,2733,학동,731,N,17:51:20,17:51:50,,7222,상행,2025-05-01T05:00:00,,주말
7호선,2712,도봉산,710,,20250619,7호선,3763,석남,761,N,7호선,7251,2732,강남구청,730,N,17:53:00,17:53:30,,7222,상행,2025-05-01T05:00:00,,주말
7호선,2712,도봉산,710,,20250619,7호선,3763,석남,761,N,7호선,7251,2731,청담,729,N,17:55:00,17:55:30,,7222,상행,2025-05-01T05:00:00,,주말
7호선,2712,도봉산,710,,20250619,7호선,3763,석남,761,N,7호선,7251,2730,자양,728,N,17:58:00,17:58:20,,7222,상행,2025-05-01T05:00:00,,주말
7호선,2712,도봉산,710,,20250619,7호선,3763,석남,761,N,7호선,7251,2729,건대입구,727,N,17:59:50,18:00:30,,7222,상행,2025-05-01T05:00:00,,주말
7호선,2712,도봉산,710,,20250619,7호선,3763,석남,761,N,7호선,7251,2728,어린이대공원,726,N,18:01:50,18:02:20,,7222,상행,2025-05-01T05:00:00,,주말
7호선,2712,도봉산,710,,20250619,7호선,3763,석남,761,N,7호선,7251,2727,군자,725,N,18:03:40,18:04:20,,7222,상행,2025-05-01T05:00:00,,주말
7호선,2712,도봉산,710,,20250619,7호선,3763,석남,761,N,7호선,7251,2726,중곡,724,N,18:05:40,18:06:10,,7222,상행,2025-05-01T05:00:00,,주말
7호선,2712,도봉산,710,,20250619,7호선,3763,석남,761,N,7호선,7251,2725,용마산,723,N,18:07:30,18:07:50,,7222,상행,2025-05-01T05:00:00,,주말
7호선,2712,도봉산,710,,20250619,7호선,3763,석남,761,N,7호선,7251,2724,사가정,722,N,18:09:00,18:09:30,,7222,상행,2025-05-01T05:00:00,,주말
7호선,2712,도봉산,710,,20250619,7호선,3763,석남,761,N,7호선,7251,2723,면목,721,N,18:10:40,18:11:10,,7222,상행,2025-05-01T05:00:00,,주말
7호선,2712,도봉산,710,,20250619,7호선,3763,석남,761,N,7호선,7251,2722,상봉,720,N,18:12:20,18:12:50,,7222,상행,2025-05-01T05:00:00,,주말
7호선,2712,도봉산,710,,20250619,7호선,3763,석남,761,N,7호선,7251,2721,중화,719,N,18:14:40,18:15:10,,7222,상행,2025-05-01T05:00:00,,주말
7호선,2712,도봉산,710,,20250619,7호선,3763,석남,761,N,7호선,7251,2720,먹골,718,N,18:16:30,18:17:00,,7222,상행,2025-05-01T05:00:00,,주말
7호선,2712,도봉산,710,,20250619,7호선,3763,석남,761,N,7호선,7251,2719,태릉입구,717,N,18:18:10,18:18:40,,7222,상행,2025-05-01T05:00:00,,주말
7호선,2712,도봉산,710,,20250619,7호선,3763,석남,761,N,7호선,7251,2718,공릉,716,N,18:19:40,18:20:10,,7222,상행,2025-05-01T05:00:00,,주말
7호선,2712,도봉산,710,,20250619,7호선,3763,석남,761,N,7호선,7251,2717,하계,715,N,18:21:40,18:22:10,,7222,상행,2025-05-01T05:00:00,,주말
7호선,2712,도봉산,710,,20250619,7호선,3763,석남,761,N,7호선,7251,2716,중계,714,N,18:23:20,18:23:50,,7222,상행,2025-05-01T05:00:00,,주말
7호선,2712,도봉산,710,,20250619,7호선,3763,석남,761,N,7호선,7251,2715,노원,713,N,18:25:10,18:25:40,,7222,상행,2025-05-01T05:00:00,,주말
7호선,2712,도봉산,710,,20250619,7호선,3763,석남,761,N,7호선,7251,2714,마들,712,N,18:27:10,18:27:40,,7222,상행,2025-05-01T05:00:00,,주말
7호선,2712,도봉산,710,,20250619,7호선,3763,석남,761,N,7호선,7251,2713,수락산,711,N,18:29:40,18:30:10,,7222,상행,2025-05-01T05:00:00,,주말
7호선,2712,도봉산,710,,20250619,7호선,3763,석남,761,N,7호선,7251,2712,도봉산,710,N,18:32:30,,,7222,상행,2025-05-01T05:00:00,,주말
7호선,2711,장암,709,,20250619,7호선,2752,온수,750,N,7호선,7257,2752,온수,750,N,,17:17:00,,7224,상행,2025-05-01T05:00:00,,주말
7호선,2711,장암,709,,20250619,7호선,2752,온수,750,N,7호선,7257,2751,천왕,749,N,17:19:20,17:19:40,,7224,상행,2025-05-01T05:00:00,,주말
7호선,2711,장암,709,,20250619,7호선,2752,온수,750,N,7호선,7257,2750,광명사거리,748,N,17:21:40,17:22:10,,7224,상행,2025-05-01T05:00:00,,주말
7호선,2711,장암,709,,20250619,7호선,2752,온수,750,N,7호선,7257,2749,철산,747,N,17:24:00,17:24:30,,7224,상행,2025-05-01T05:00:00,,주말
7호선,2711,장암,709,,20250619,7호선,2752,온수,750,N,7호선,7257,2748,가산디지털단지,746,N,17:26:30,17:27:00,,7224,상행,2025-05-01T05:00:00,,주말
7호선,2711,장암,709,,20250619,7호선,2752,온수,750,N,7호선,7257,2747,남구로,745,N,17:28:20,17:28:50,,7224,상행,2025-05-01T05:00:00,,주말
7호선,2711,장암,709,,20250619,7호선,2752,온수,750,N,7호선,7257,2746,대림,744,N,17:30:20,17:30:50,,7224,상행,2025-05-01T05:00:00,,주말
7호선,2711,장암,709,,20250619,7호선,2752,온수,750,N,7호선,7257,2745,신풍,743,N,17:32:50,17:33:20,,7224,상행,2025-05-01T05:00:00,,주말
7호선,2711,장암,709,,20250619,7호선,2752,온수,750,N,7호선,7257,2744,보라매,742,N,17:34:40,17:35:10,,7224,상행,2025-05-01T05:00:00,,주말
7호선,2711,장암,709,,20250619,7호선,2752,온수,750,N,7호선,7257,2743,신대방삼거리,741,N,17:36:20,17:36:50,,7224,상행,2025-05-01T05:00:00,,주말
7호선,2711,장암,709,,20250619,7호선,2752,온수,750,N,7호선,7257,2742,장승배기,740,N,17:38:40,17:39:10,,7224,상행,2025-05-01T05:00:00,,주말
7호선,2711,장암,709,,20250619,7호선,2752,온수,750,N,7호선,7257,2741,상도,739,N,17:40:40,17:41:10,,7224,상행,2025-05-01T05:00:00,,주말
7호선,2711,장암,709,,20250619,7호선,2752,온수,750,N,7호선,7257,2740,숭실대입구,738,N,17:42:20,17:42:50,,7224,상행,2025-05-01T05:00:00,,주말
7호선,2711,장암,709,,20250619,7호선,2752,온수,750,N,7호선,7257,2739,남성,737,N,17:45:20,17:45:50,,7224,상행,2025-05-01T05:00:00,,주말
7호선,2711,장암,709,,20250619,7호선,2752,온수,750,N,7호선,7257,2738,이수,736,N,17:47:10,17:47:50,,7224,상행,2025-05-01T05:00:00,,주말
7호선,2711,장암,709,,20250619,7호선,2752,온수,750,N,7호선,7257,2737,내방,735,N,17:49:20,17:49:50,,7224,상행,2025-05-01T05:00:00,,주말
7호선,2711,장암,709,,20250619,7호선,2752,온수,750,N,7호선,7257,2736,고속터미널,734,N,17:52:20,17:53:00,,7224,상행,2025-05-01T05:00:00,,주말
7호선,2711,장암,709,,20250619,7호선,2752,온수,750,N,7호선,7257,2735,반포,733,N,17:54:30,17:54:50,,7224,상행,2025-05-01T05:00:00,,주말
7호선,2711,장암,709,,20250619,7호선,2752,온수,750,N,7호선,7257,2734,논현,732,N,17:56:00,17:56:30,,7224,상행,2025-05-01T05:00:00,,주말
7호선,2711,장암,709,,20250619,7호선,2752,온수,750,N,7호선,7257,2733,학동,731,N,17:57:50,17:58:20,,7224,상행,2025-05-01T05:00:00,,주말
7호선,2711,장암,709,,20250619,7호선,2752,온수,750,N,7호선,7257,2732,강남구청,730,N,17:59:30,18:00:00,,7224,상행,2025-05-01T05:00:00,,주말
7호선,2711,장암,709,,20250619,7호선,2752,온수,750,N,7호선,7257,2731,청담,729,N,18:01:30,18:02:00,,7224,상행,2025-05-01T05:00:00,,주말
7호선,2711,장암,709,,20250619,7호선,2752,온수,750,N,7호선,7257,2730,자양,728,N,18:04:30,18:04:50,,7224,상행,2025-05-01T05:00:00,,주말
7호선,2711,장암,709,,20250619,7호선,2752,온수,750,N,7호선,7257,2729,건대입구,727,N,18:06:20,18:07:00,,7224,상행,2025-05-01T05:00:00,,주말
7호선,2711,장암,709,,20250619,7호선,2752,온수,750,N,7호선,7257,2728,어린이대공원,726,N,18:08:20,18:08:50,,7224,상행,2025-05-01T05:00:00,,주말
7호선,2711,장암,709,,20250619,7호선,2752,온수,750,N,7호선,7257,2727,군자,725,N,18:10:10,18:10:50,,7224,상행,2025-05-01T05:00:00,,주말
7호선,2711,장암,709,,20250619,7호선,2752,온수,750,N,7호선,7257,2726,중곡,724,N,18:12:10,18:12:40,,7224,상행,2025-05-01T05:00:00,,주말
7호선,2711,장암,709,,20250619,7호선,2752,온수,750,N,7호선,7257,2725,용마산,723,N,18:14:00,18:14:20,,7224,상행,2025-05-01T05:00:00,,주말
7호선,2711,장암,709,,20250619,7호선,2752,온수,750,N,7호선,7257,2724,사가정,722,N,18:15:30,18:16:00,,7224,상행,2025-05-01T05:00:00,,주말
7호선,2711,장암,709,,20250619,7호선,2752,온수,750,N,7호선,7257,2723,면목,721,N,18:17:10,18:17:40,,7224,상행,2025-05-01T05:00:00,,주말
7호선,2711,장암,709,,20250619,7호선,2752,온수,750,N,7호선,7257,2722,상봉,720,N,18:18:50,18:19:20,,7224,상행,2025-05-01T05:00:00,,주말
7호선,2711,장암,709,,20250619,7호선,2752,온수,750,N,7호선,7257,2721,중화,719,N,18:21:10,18:21:40,,7224,상행,2025-05-01T05:00:00,,주말
7호선,2711,장암,709,,20250619,7호선,2752,온수,750,N,7호선,7257,2720,먹골,718,N,18:23:00,18:23:30,,7224,상행,2025-05-01T05:00:00,,주말
7호선,2711,장암,709,,20250619,7호선,2752,온수,750,N,7호선,7257,2719,태릉입구,717,N,18:24:40,18:25:10,,7224,상행,2025-05-01T05:00:00,,주말
7호선,2711,장암,709,,20250619,7호선,2752,온수,750,N,7호선,7257,2718,공릉,716,N,18:26:10,18:26:40,,7224,상행,2025-05-01T05:00:00,,주말
7호선,2711,장암,709,,20250619,7호선,2752,온수,750,N,7호선,7257,2717,하계,715,N,18:28:10,18:28:40,,7224,상행,2025-05-01T05:00:00,,주말
7호선,2711,장암,709,,20250619,7호선,2752,온수,750,N,7호선,7257,2716,중계,714,N,18:29:50,18:30:20,,7224,상행,2025-05-01T05:00:00,,주말
7호선,2711,장암,709,,20250619,7호선,2752,온수,750,N,7호선,7257,2715,노원,713,N,18:31:40,18:32:10,,7224,상행,2025-05-01T05:00:00,,주말
7호선,2711,장암,709,,20250619,7호선,2752,온수,750,N,7호선,7257,2714,마들,712,N,18:33:40,18:34:10,,7224,상행,2025-05-01T05:00:00,,주말
7호선,2711,장암,709,,20250619,7호선,2752,온수,750,N,7호선,7257,2713,수락산,711,N,18:36:10,18:36:40,,7224,상행,2025-05-01T05:00:00,,주말
7호선,2711,장암,709,,20250619,7호선,2752,온수,750,N,7호선,7257,2712,도봉산,710,N,18:39:00,18:39:30,,7224,상행,2025-05-01T05:00:00,,주말
7호선,2711,장암,709,,20250619,7호선,2752,온수,750,N,7호선,7257,2711,장암,709,N,18:44:00,,,7224,상행,2025-05-01T05:00:00,,주말
7호선,2712,도봉산,710,,20250619,7호선,3763,석남,761,N,7호선,7255,3763,석남,761,N,,17:00:00,,7226,상행,2025-05-01T05:00:00,,주말
7호선,2712,도봉산,710,,20250619,7호선,3763,석남,761,N,7호선,7255,3762,산곡,760,N,17:03:00,17:03:30,,7226,상행,2025-05-01T05:00:00,,주말
7호선,2712,도봉산,710,,20250619,7호선,3763,석남,761,N,7호선,7255,3761,부평구청,759,N,17:05:30,17:06:00,,7226,상행,2025-05-01T05:00:00,,주말
7호선,2712,도봉산,710,,20250619,7호선,3763,석남,761,N,7호선,7255,3760,굴포천,758,N,17:07:20,17:07:50,,7226,상행,2025-05-01T05:00:00,,주말
7호선,2712,도봉산,710,,20250619,7호선,3763,석남,761,N,7호선,7255,3759,삼산체육관,757,N,17:09:00,17:09:30,,7226,상행,2025-05-01T05:00:00,,주말
7호선,2712,도봉산,710,,20250619,7호선,3763,석남,761,N,7호선,7255,3758,상동,756,N,17:10:50,17:11:20,,7226,상행,2025-05-01T05:00:00,,주말
7호선,2712,도봉산,710,,20250619,7호선,3763,석남,761,N,7호선,7255,3757,부천시청,755,N,17:12:30,17:13:00,,7226,상행,2025-05-01T05:00:00,,주말
7호선,2712,도봉산,710,,20250619,7호선,3763,석남,761,N,7호선,7255,3756,신중동,754,N,17:14:20,17:14:50,,7226,상행,2025-05-01T05:00:00,,주말
7호선,2712,도봉산,710,,20250619,7호선,3763,석남,761,N,7호선,7255,3755,춘의,753,N,17:16:10,17:16:40,,7226,상행,2025-05-01T05:00:00,,주말
7호선,2712,도봉산,710,,20250619,7호선,3763,석남,761,N,7호선,7255,3754,부천종합운동장,752,N,17:18:00,17:18:30,,7226,상행,2025-05-01T05:00:00,,주말
7호선,2712,도봉산,710,,20250619,7호선,3763,석남,761,N,7호선,7255,3753,까치울,751,N,17:20:00,17:20:30,,7226,상행,2025-05-01T05:00:00,,주말
7호선,2712,도봉산,710,,20250619,7호선,3763,석남,761,N,7호선,7255,2752,온수,750,N,17:23:00,17:23:30,,7226,상행,2025-05-01T05:00:00,,주말
7호선,2712,도봉산,710,,20250619,7호선,3763,석남,761,N,7호선,7255,2751,천왕,749,N,17:25:50,17:26:10,,7226,상행,2025-05-01T05:00:00,,주말
7호선,2712,도봉산,710,,20250619,7호선,3763,석남,761,N,7호선,7255,2750,광명사거리,748,N,17:28:10,17:28:40,,7226,상행,2025-05-01T05:00:00,,주말
7호선,2712,도봉산,710,,20250619,7호선,3763,석남,761,N,7호선,7255,2749,철산,747,N,17:30:30,17:31:00,,7226,상행,2025-05-01T05:00:00,,주말
7호선,2712,도봉산,710,,20250619,7호선,3763,석남,761,N,7호선,7255,2748,가산디지털단지,746,N,17:33:00,17:33:30,,7226,상행,2025-05-01T05:00:00,,주말
7호선,2712,도봉산,710,,20250619,7호선,3763,석남,761,N,7호선,7255,2747,남구로,745,N,17:34:50,17:35:20,,7226,상행,2025-05-01T05:00:00,,주말
7호선,2712,도봉산,710,,20250619,7호선,3763,석남,761,N,7호선,7255,2746,대림,744,N,17:36:50,17:37:20,,7226,상행,2025-05-01T05:00:00,,주말
7호선,2712,도봉산,710,,20250619,7호선,3763,석남,761,N,7호선,7255,2745,신풍,743,N,17:39:20,17:39:50,,7226,상행,2025-05-01T05:00:00,,주말
7호선,2712,도봉산,710,,20250619,7호선,3763,석남,761,N,7호선,7255,2744,보라매,742,N,17:41:10,17:41:40,,7226,상행,2025-05-01T05:00:00,,주말
7호선,2712,도봉산,710,,20250619,7호선,3763,석남,761,N,7호선,7255,2743,신대방삼거리,741,N,17:42:50,17:43:20,,7226,상행,2025-05-01T05:00:00,,주말
7호선,2712,도봉산,710,,20250619,7호선,3763,석남,761,N,7호선,7255,2742,장승배기,740,N,17:45:10,17:45:40,,7226,상행,2025-05-01T05:00:00,,주말
7호선,2712,도봉산,710,,20250619,7호선,3763,석남,761,N,7호선,7255,2741,상도,739,N,17:47:10,17:47:40,,7226,상행,2025-05-01T05:00:00,,주말
7호선,2712,도봉산,710,,20250619,7호선,3763,석남,761,N,7호선,7255,2740,숭실대입구,738,N,17:48:50,17:49:20,,7226,상행,2025-05-01T05:00:00,,주말
7호선,2712,도봉산,710,,20250619,7호선,3763,석남,761,N,7호선,7255,2739,남성,737,N,17:51:50,17:52:20,,7226,상행,2025-05-01T05:00:00,,주말
7호선,2712,도봉산,710,,20250619,7호선,3763,석남,761,N,7호선,7255,2738,이수,736,N,17:53:40,17:54:20,,7226,상행,2025-05-01T05:00:00,,주말
7호선,2712,도봉산,710,,20250619,7호선,3763,석남,761,N,7호선,7255,2737,내방,735,N,17:55:50,17:56:20,,7226,상행,2025-05-01T05:00:00,,주말
7호선,2712,도봉산,710,,20250619,7호선,3763,석남,761,N,7호선,7255,2736,고속터미널,734,N,17:58:50,17:59:30,,7226,상행,2025-05-01T05:00:00,,주말
7호선,2712,도봉산,710,,20250619,7호선,3763,석남,761,N,7호선,7255,2735,반포,733,N,18:01:00,18:01:20,,7226,상행,2025-05-01T05:00:00,,주말
7호선,2712,도봉산,710,,20250619,7호선,3763,석남,761,N,7호선,7255,2734,논현,732,N,18:02:30,18:03:00,,7226,상행,2025-05-01T05:00:00,,주말
7호선,2712,도봉산,710,,20250619,7호선,3763,석남,761,N,7호선,7255,2733,학동,731,N,18:04:20,18:04:50,,7226,상행,2025-05-01T05:00:00,,주말
7호선,2712,도봉산,710,,20250619,7호선,3763,석남,761,N,7호선,7255,2732,강남구청,730,N,18:06:00,18:06:30,,7226,상행,2025-05-01T05:00:00,,주말
7호선,2712,도봉산,710,,20250619,7호선,3763,석남,761,N,7호선,7255,2731,청담,729,N,18:08:00,18:08:30,,7226,상행,2025-05-01T05:00:00,,주말
7호선,2712,도봉산,710,,20250619,7호선,3763,석남,761,N,7호선,7255,2730,자양,728,N,18:11:00,18:11:20,,7226,상행,2025-05-01T05:00:00,,주말
7호선,2712,도봉산,710,,20250619,7호선,3763,석남,761,N,7호선,7255,2729,건대입구,727,N,18:12:50,18:13:30,,7226,상행,2025-05-01T05:00:00,,주말
7호선,2712,도봉산,710,,20250619,7호선,3763,석남,761,N,7호선,7255,2728,어린이대공원,726,N,18:14:50,18:15:20,,7226,상행,2025-05-01T05:00:00,,주말
7호선,2712,도봉산,710,,20250619,7호선,3763,석남,761,N,7호선,7255,2727,군자,725,N,18:16:40,18:17:20,,7226,상행,2025-05-01T05:00:00,,주말
7호선,2712,도봉산,710,,20250619,7호선,3763,석남,761,N,7호선,7255,2726,중곡,724,N,18:18:40,18:19:10,,7226,상행,2025-05-01T05:00:00,,주말
7호선,2712,도봉산,710,,20250619,7호선,3763,석남,761,N,7호선,7255,2725,용마산,723,N,18:20:30,18:20:50,,7226,상행,2025-05-01T05:00:00,,주말
7호선,2712,도봉산,710,,20250619,7호선,3763,석남,761,N,7호선,7255,2724,사가정,722,N,18:22:00,18:22:30,,7226,상행,2025-05-01T05:00:00,,주말
7호선,2712,도봉산,710,,20250619,7호선,3763,석남,761,N,7호선,7255,2723,면목,721,N,18:23:40,18:24:10,,7226,상행,2025-05-01T05:00:00,,주말
7호선,2712,도봉산,710,,20250619,7호선,3763,석남,761,N,7호선,7255,2722,상봉,720,N,18:25:20,18:25:50,,7226,상행,2025-05-01T05:00:00,,주말
7호선,2712,도봉산,710,,20250619,7호선,3763,석남,761,N,7호선,7255,2721,중화,719,N,18:27:40,18:28:10,,7226,상행,2025-05-01T05:00:00,,주말
7호선,2712,도봉산,710,,20250619,7호선,3763,석남,761,N,7호선,7255,2720,먹골,718,N,18:29:30,18:30:00,,7226,상행,2025-05-01T05:00:00,,주말
7호선,2712,도봉산,710,,20250619,7호선,3763,석남,761,N,7호선,7255,2719,태릉입구,717,N,18:31:10,18:31:40,,7226,상행,2025-05-01T05:00:00,,주말
7호선,2712,도봉산,710,,20250619,7호선,3763,석남,761,N,7호선,7255,2718,공릉,716,N,18:32:40,18:33:10,,7226,상행,2025-05-01T05:00:00,,주말
7호선,2712,도봉산,710,,20250619,7호선,3763,석남,761,N,7호선,7255,2717,하계,715,N,18:34:40,18:35:10,,7226,상행,2025-05-01T05:00:00,,주말
7호선,2712,도봉산,710,,20250619,7호선,3763,석남,761,N,7호선,7255,2716,중계,714,N,18:36:20,18:36:50,,7226,상행,2025-05-01T05:00:00,,주말
7호선,2712,도봉산,710,,20250619,7호선,3763,석남,761,N,7호선,7255,2715,노원,713,N,18:38:10,18:38:40,,7226,상행,2025-05-01T05:00:00,,주말
7호선,2712,도봉산,710,,20250619,7호선,3763,석남,761,N,7호선,7255,2714,마들,712,N,18:40:10,18:40:40,,7226,상행,2025-05-01T05:00:00,,주말
7호선,2712,도봉산,710,,20250619,7호선,3763,석남,761,N,7호선,7255,2713,수락산,711,N,18:42:40,18:43:10,,7226,상행,2025-05-01T05:00:00,,주말
7호선,2712,도봉산,710,,20250619,7호선,3763,석남,761,N,7호선,7255,2712,도봉산,710,N,18:45:30,,,7226,상행,2025-05-01T05:00:00,,주말
7호선,2711,장암,709,,20250619,7호선,2752,온수,750,N,7호선,7261,2752,온수,750,N,,17:30:00,,7228,상행,2025-05-01T05:00:00,,주말
7호선,2711,장암,709,,20250619,7호선,2752,온수,750,N,7호선,7261,2751,천왕,749,N,17:32:20,17:32:40,,7228,상행,2025-05-01T05:00:00,,주말
7호선,2711,장암,709,,20250619,7호선,2752,온수,750,N,7호선,7261,2750,광명사거리,748,N,17:34:40,17:35:10,,7228,상행,2025-05-01T05:00:00,,주말
7호선,2711,장암,709,,20250619,7호선,2752,온수,750,N,7호선,7261,2749,철산,747,N,17:37:00,17:37:30,,7228,상행,2025-05-01T05:00:00,,주말
7호선,2711,장암,709,,20250619,7호선,2752,온수,750,N,7호선,7261,2748,가산디지털단지,746,N,17:39:30,17:40:00,,7228,상행,2025-05-01T05:00:00,,주말
7호선,2711,장암,709,,20250619,7호선,2752,온수,750,N,7호선,7261,2747,남구로,745,N,17:41:20,17:41:50,,7228,상행,2025-05-01T05:00:00,,주말
7호선,2711,장암,709,,20250619,7호선,2752,온수,750,N,7호선,7261,2746,대림,744,N,17:43:20,17:43:50,,7228,상행,2025-05-01T05:00:00,,주말
7호선,2711,장암,709,,20250619,7호선,2752,온수,750,N,7호선,7261,2745,신풍,743,N,17:45:50,17:46:20,,7228,상행,2025-05-01T05:00:00,,주말
7호선,2711,장암,709,,20250619,7호선,2752,온수,750,N,7호선,7261,2744,보라매,742,N,17:47:40,17:48:10,,7228,상행,2025-05-01T05:00:00,,주말
7호선,2711,장암,709,,20250619,7호선,2752,온수,750,N,7호선,7261,2743,신대방삼거리,741,N,17:49:20,17:49:50,,7228,상행,2025-05-01T05:00:00,,주말
7호선,2711,장암,709,,20250619,7호선,2752,온수,750,N,7호선,7261,2742,장승배기,740,N,17:51:40,17:52:10,,7228,상행,2025-05-01T05:00:00,,주말
7호선,2711,장암,709,,20250619,7호선,2752,온수,750,N,7호선,7261,2741,상도,739,N,17:53:40,17:54:10,,7228,상행,2025-05-01T05:00:00,,주말
7호선,2711,장암,709,,20250619,7호선,2752,온수,750,N,7호선,7261,2740,숭실대입구,738,N,17:55:20,17:55:50,,7228,상행,2025-05-01T05:00:00,,주말
7호선,2711,장암,709,,20250619,7호선,2752,온수,750,N,7호선,7261,2739,남성,737,N,17:58:20,17:58:50,,7228,상행,2025-05-01T05:00:00,,주말
7호선,2711,장암,709,,20250619,7호선,2752,온수,750,N,7호선,7261,2738,이수,736,N,18:00:10,18:00:50,,7228,상행,2025-05-01T05:00:00,,주말
7호선,2711,장암,709,,20250619,7호선,2752,온수,750,N,7호선,7261,2737,내방,735,N,18:02:20,18:02:50,,7228,상행,2025-05-01T05:00:00,,주말
7호선,2711,장암,709,,20250619,7호선,2752,온수,750,N,7호선,7261,2736,고속터미널,734,N,18:05:20,18:06:00,,7228,상행,2025-05-01T05:00:00,,주말
7호선,2711,장암,709,,20250619,7호선,2752,온수,750,N,7호선,7261,2735,반포,733,N,18:07:30,18:07:50,,7228,상행,2025-05-01T05:00:00,,주말
7호선,2711,장암,709,,20250619,7호선,2752,온수,750,N,7호선,7261,2734,논현,732,N,18:09:00,18:09:30,,7228,상행,2025-05-01T05:00:00,,주말
7호선,2711,장암,709,,20250619,7호선,2752,온수,750,N,7호선,7261,2733,학동,731,N,18:10:50,18:11:20,,7228,상행,2025-05-01T05:00:00,,주말
7호선,2711,장암,709,,20250619,7호선,2752,온수,750,N,7호선,7261,2732,강남구청,730,N,18:12:30,18:13:00,,7228,상행,2025-05-01T05:00:00,,주말
7호선,2711,장암,709,,20250619,7호선,2752,온수,750,N,7호선,7261,2731,청담,729,N,18:14:30,18:15:00,,7228,상행,2025-05-01T05:00:00,,주말
7호선,2711,장암,709,,20250619,7호선,2752,온수,750,N,7호선,7261,2730,자양,728,N,18:17:30,18:17:50,,7228,상행,2025-05-01T05:00:00,,주말
7호선,2711,장암,709,,20250619,7호선,2752,온수,750,N,7호선,7261,2729,건대입구,727,N,18:19:20,18:20:00,,7228,상행,2025-05-01T05:00:00,,주말
7호선,2711,장암,709,,20250619,7호선,2752,온수,750,N,7호선,7261,2728,어린이대공원,726,N,18:21:20,18:21:50,,7228,상행,2025-05-01T05:00:00,,주말
7호선,2711,장암,709,,20250619,7호선,2752,온수,750,N,7호선,7261,2727,군자,725,N,18:23:10,18:23:50,,7228,상행,2025-05-01T05:00:00,,주말
7호선,2711,장암,709,,20250619,7호선,2752,온수,750,N,7호선,7261,2726,중곡,724,N,18:25:10,18:25:40,,7228,상행,2025-05-01T05:00:00,,주말
7호선,2711,장암,709,,20250619,7호선,2752,온수,750,N,7호선,7261,2725,용마산,723,N,18:27:00,18:27:20,,7228,상행,2025-05-01T05:00:00,,주말
7호선,2711,장암,709,,20250619,7호선,2752,온수,750,N,7호선,7261,2724,사가정,722,N,18:28:30,18:29:00,,7228,상행,2025-05-01T05:00:00,,주말
7호선,2711,장암,709,,20250619,7호선,2752,온수,750,N,7호선,7261,2723,면목,721,N,18:30:10,18:30:40,,7228,상행,2025-05-01T05:00:00,,주말
7호선,2711,장암,709,,20250619,7호선,2752,온수,750,N,7호선,7261,2722,상봉,720,N,18:31:50,18:32:20,,7228,상행,2025-05-01T05:00:00,,주말
7호선,2711,장암,709,,20250619,7호선,2752,온수,750,N,7호선,7261,2721,중화,719,N,18:34:10,18:34:40,,7228,상행,2025-05-01T05:00:00,,주말
7호선,2711,장암,709,,20250619,7호선,2752,온수,750,N,7호선,7261,2720,먹골,718,N,18:36:00,18:36:30,,7228,상행,2025-05-01T05:00:00,,주말
7호선,2711,장암,709,,20250619,7호선,2752,온수,750,N,7호선,7261,2719,태릉입구,717,N,18:37:40,18:38:10,,7228,상행,2025-05-01T05:00:00,,주말
7호선,2711,장암,709,,20250619,7호선,2752,온수,750,N,7호선,7261,2718,공릉,716,N,18:39:10,18:39:40,,7228,상행,2025-05-01T05:00:00,,주말
7호선,2711,장암,709,,20250619,7호선,2752,온수,750,N,7호선,7261,2717,하계,715,N,18:41:10,18:41:40,,7228,상행,2025-05-01T05:00:00,,주말
7호선,2711,장암,709,,20250619,7호선,2752,온수,750,N,7호선,7261,2716,중계,714,N,18:42:50,18:43:20,,7228,상행,2025-05-01T05:00:00,,주말
7호선,2711,장암,709,,20250619,7호선,2752,온수,750,N,7호선,7261,2715,노원,713,N,18:44:40,18:45:10,,7228,상행,2025-05-01T05:00:00,,주말
7호선,2711,장암,709,,20250619,7호선,2752,온수,750,N,7호선,7261,2714,마들,712,N,18:46:40,18:47:10,,7228,상행,2025-05-01T05:00:00,,주말
7호선,2711,장암,709,,20250619,7호선,2752,온수,750,N,7호선,7261,2713,수락산,711,N,18:49:10,18:49:40,,7228,상행,2025-05-01T05:00:00,,주말
7호선,2711,장암,709,,20250619,7호선,2752,온수,750,N,7호선,7261,2712,도봉산,710,N,18:52:00,18:52:30,,7228,상행,2025-05-01T05:00:00,,주말
7호선,2711,장암,709,,20250619,7호선,2752,온수,750,N,7호선,7261,2711,장암,709,N,18:57:00,,,7228,상행,2025-05-01T05:00:00,,주말
7호선,2712,도봉산,710,,20250619,7호선,3763,석남,761,N,7호선,7259,3763,석남,761,N,,17:13:00,,7230,상행,2025-05-01T05:00:00,,주말
7호선,2712,도봉산,710,,20250619,7호선,3763,석남,761,N,7호선,7259,3762,산곡,760,N,17:16:00,17:16:30,,7230,상행,2025-05-01T05:00:00,,주말
7호선,2712,도봉산,710,,20250619,7호선,3763,석남,761,N,7호선,7259,3761,부평구청,759,N,17:18:30,17:19:00,,7230,상행,2025-05-01T05:00:00,,주말
7호선,2712,도봉산,710,,20250619,7호선,3763,석남,761,N,7호선,7259,3760,굴포천,758,N,17:20:20,17:20:50,,7230,상행,2025-05-01T05:00:00,,주말
7호선,2712,도봉산,710,,20250619,7호선,3763,석남,761,N,7호선,7259,3759,삼산체육관,757,N,17:22:00,17:22:30,,7230,상행,2025-05-01T05:00:00,,주말
7호선,2712,도봉산,710,,20250619,7호선,3763,석남,761,N,7호선,7259,3758,상동,756,N,17:23:50,17:24:20,,7230,상행,2025-05-01T05:00:00,,주말
7호선,2712,도봉산,710,,20250619,7호선,3763,석남,761,N,7호선,7259,3757,부천시청,755,N,17:25:30,17:26:00,,7230,상행,2025-05-01T05:00:00,,주말
7호선,2712,도봉산,710,,20250619,7호선,3763,석남,761,N,7호선,7259,3756,신중동,754,N,17:27:20,17:27:50,,7230,상행,2025-05-01T05:00:00,,주말
7호선,2712,도봉산,710,,20250619,7호선,3763,석남,761,N,7호선,7259,3755,춘의,753,N,17:29:10,17:29:40,,7230,상행,2025-05-01T05:00:00,,주말
7호선,2712,도봉산,710,,20250619,7호선,3763,석남,761,N,7호선,7259,3754,부천종합운동장,752,N,17:31:00,17:31:30,,7230,상행,2025-05-01T05:00:00,,주말
7호선,2712,도봉산,710,,20250619,7호선,3763,석남,761,N,7호선,7259,3753,까치울,751,N,17:33:00,17:33:30,,7230,상행,2025-05-01T05:00:00,,주말
7호선,2712,도봉산,710,,20250619,7호선,3763,석남,761,N,7호선,7259,2752,온수,750,N,17:36:00,17:36:30,,7230,상행,2025-05-01T05:00:00,,주말
7호선,2712,도봉산,710,,20250619,7호선,3763,석남,761,N,7호선,7259,2751,천왕,749,N,17:38:50,17:39:10,,7230,상행,2025-05-01T05:00:00,,주말
7호선,2712,도봉산,710,,20250619,7호선,3763,석남,761,N,7호선,7259,2750,광명사거리,748,N,17:41:10,17:41:40,,7230,상행,2025-05-01T05:00:00,,주말
7호선,2712,도봉산,710,,20250619,7호선,3763,석남,761,N,7호선,7259,2749,철산,747,N,17:43:30,17:44:00,,7230,상행,2025-05-01T05:00:00,,주말
7호선,2712,도봉산,710,,20250619,7호선,3763,석남,761,N,7호선,7259,2748,가산디지털단지,746,N,17:46:00,17:46:30,,7230,상행,2025-05-01T05:00:00,,주말
7호선,2712,도봉산,710,,20250619,7호선,3763,석남,761,N,7호선,7259,2747,남구로,745,N,17:47:50,17:48:20,,7230,상행,2025-05-01T05:00:00,,주말
7호선,2712,도봉산,710,,20250619,7호선,3763,석남,761,N,7호선,7259,2746,대림,744,N,17:49:50,17:50:20,,7230,상행,2025-05-01T05:00:00,,주말
7호선,2712,도봉산,710,,20250619,7호선,3763,석남,761,N,7호선,7259,2745,신풍,743,N,17:52:20,17:52:50,,7230,상행,2025-05-01T05:00:00,,주말
7호선,2712,도봉산,710,,20250619,7호선,3763,석남,761,N,7호선,7259,2744,보라매,742,N,17:54:10,17:54:40,,7230,상행,2025-05-01T05:00:00,,주말
7호선,2712,도봉산,710,,20250619,7호선,3763,석남,761,N,7호선,7259,2743,신대방삼거리,741,N,17:55:50,17:56:20,,7230,상행,2025-05-01T05:00:00,,주말
7호선,2712,도봉산,710,,20250619,7호선,3763,석남,761,N,7호선,7259,2742,장승배기,740,N,17:58:10,17:58:40,,7230,상행,2025-05-01T05:00:00,,주말
7호선,2712,도봉산,710,,20250619,7호선,3763,석남,761,N,7호선,7259,2741,상도,739,N,18:00:10,18:00:40,,7230,상행,2025-05-01T05:00:00,,주말
7호선,2712,도봉산,710,,20250619,7호선,3763,석남,761,N,7호선,7259,2740,숭실대입구,738,N,18:01:50,18:02:20,,7230,상행,2025-05-01T05:00:00,,주말
7호선,2712,도봉산,710,,20250619,7호선,3763,석남,761,N,7호선,7259,2739,남성,737,N,18:04:50,18:05:20,,7230,상행,2025-05-01T05:00:00,,주말
7호선,2712,도봉산,710,,20250619,7호선,3763,석남,761,N,7호선,7259,2738,이수,736,N,18:06:40,18:07:20,,7230,상행,2025-05-01T05:00:00,,주말
7호선,2712,도봉산,710,,20250619,7호선,3763,석남,761,N,7호선,7259,2737,내방,735,N,18:08:50,18:09:20,,7230,상행,2025-05-01T05:00:00,,주말
7호선,2712,도봉산,710,,20250619,7호선,3763,석남,761,N,7호선,7259,2736,고속터미널,734,N,18:11:50,18:12:30,,7230,상행,2025-05-01T05:00:00,,주말
7호선,2712,도봉산,710,,20250619,7호선,3763,석남,761,N,7호선,7259,2735,반포,733,N,18:14:00,18:14:20,,7230,상행,2025-05-01T05:00:00,,주말
7호선,2712,도봉산,710,,20250619,7호선,3763,석남,761,N,7호선,7259,2734,논현,732,N,18:15:30,18:16:00,,7230,상행,2025-05-01T05:00:00,,주말
7호선,2712,도봉산,710,,20250619,7호선,3763,석남,761,N,7호선,7259,2733,학동,731,N,18:17:20,18:17:50,,7230,상행,2025-05-01T05:00:00,,주말
7호선,2712,도봉산,710,,20250619,7호선,3763,석남,761,N,7호선,7259,2732,강남구청,730,N,18:19:00,18:19:30,,7230,상행,2025-05-01T05:00:00,,주말
7호선,2712,도봉산,710,,20250619,7호선,3763,석남,761,N,7호선,7259,2731,청담,729,N,18:21:00,18:21:30,,7230,상행,2025-05-01T05:00:00,,주말
7호선,2712,도봉산,710,,20250619,7호선,3763,석남,761,N,7호선,7259,2730,자양,728,N,18:24:00,18:24:20,,7230,상행,2025-05-01T05:00:00,,주말
7호선,2712,도봉산,710,,20250619,7호선,3763,석남,761,N,7호선,7259,2729,건대입구,727,N,18:25:50,18:26:30,,7230,상행,2025-05-01T05:00:00,,주말
7호선,2712,도봉산,710,,20250619,7호선,3763,석남,761,N,7호선,7259,2728,어린이대공원,726,N,18:27:50,18:28:20,,7230,상행,2025-05-01T05:00:00,,주말
7호선,2712,도봉산,710,,20250619,7호선,3763,석남,761,N,7호선,7259,2727,군자,725,N,18:29:40,18:30:20,,7230,상행,2025-05-01T05:00:00,,주말
7호선,2712,도봉산,710,,20250619,7호선,3763,석남,761,N,7호선,7259,2726,중곡,724,N,18:31:40,18:32:10,,7230,상행,2025-05-01T05:00:00,,주말
7호선,2712,도봉산,710,,20250619,7호선,3763,석남,761,N,7호선,7259,2725,용마산,723,N,18:33:30,18:33:50,,7230,상행,2025-05-01T05:00:00,,주말
7호선,2712,도봉산,710,,20250619,7호선,3763,석남,761,N,7호선,7259,2724,사가정,722,N,18:35:00,18:35:30,,7230,상행,2025-05-01T05:00:00,,주말
7호선,2712,도봉산,710,,20250619,7호선,3763,석남,761,N,7호선,7259,2723,면목,721,N,18:36:40,18:37:10,,7230,상행,2025-05-01T05:00:00,,주말
7호선,2712,도봉산,710,,20250619,7호선,3763,석남,761,N,7호선,7259,2722,상봉,720,N,18:38:20,18:38:50,,7230,상행,2025-05-01T05:00:00,,주말
7호선,2712,도봉산,710,,20250619,7호선,3763,석남,761,N,7호선,7259,2721,중화,719,N,18:40:40,18:41:10,,7230,상행,2025-05-01T05:00:00,,주말
7호선,2712,도봉산,710,,20250619,7호선,3763,석남,761,N,7호선,7259,2720,먹골,718,N,18:42:30,18:43:00,,7230,상행,2025-05-01T05:00:00,,주말
7호선,2712,도봉산,710,,20250619,7호선,3763,석남,761,N,7호선,7259,2719,태릉입구,717,N,18:44:10,18:44:40,,7230,상행,2025-05-01T05:00:00,,주말
7호선,2712,도봉산,710,,20250619,7호선,3763,석남,761,N,7호선,7259,2718,공릉,716,N,18:45:40,18:46:10,,7230,상행,2025-05-01T05:00:00,,주말
7호선,2712,도봉산,710,,20250619,7호선,3763,석남,761,N,7호선,7259,2717,하계,715,N,18:47:40,18:48:10,,7230,상행,2025-05-01T05:00:00,,주말
7호선,2712,도봉산,710,,20250619,7호선,3763,석남,761,N,7호선,7259,2716,중계,714,N,18:49:20,18:49:50,,7230,상행,2025-05-01T05:00:00,,주말
7호선,2712,도봉산,710,,20250619,7호선,3763,석남,761,N,7호선,7259,2715,노원,713,N,18:51:10,18:51:40,,7230,상행,2025-05-01T05:00:00,,주말
7호선,2712,도봉산,710,,20250619,7호선,3763,석남,761,N,7호선,7259,2714,마들,712,N,18:53:10,18:53:40,,7230,상행,2025-05-01T05:00:00,,주말
7호선,2712,도봉산,710,,20250619,7호선,3763,석남,761,N,7호선,7259,2713,수락산,711,N,18:55:40,18:56:10,,7230,상행,2025-05-01T05:00:00,,주말
7호선,2712,도봉산,710,,20250619,7호선,3763,석남,761,N,7호선,7259,2712,도봉산,710,N,18:58:30,,,7230,상행,2025-05-01T05:00:00,,주말
7호선,2711,장암,709,,20250619,7호선,2752,온수,750,N,7호선,7265,2752,온수,750,N,,17:43:00,,7232,상행,2025-05-01T05:00:00,,주말
7호선,2711,장암,709,,20250619,7호선,2752,온수,750,N,7호선,7265,2751,천왕,749,N,17:45:20,17:45:40,,7232,상행,2025-05-01T05:00:00,,주말
7호선,2711,장암,709,,20250619,7호선,2752,온수,750,N,7호선,7265,2750,광명사거리,748,N,17:47:40,17:48:10,,7232,상행,2025-05-01T05:00:00,,주말
7호선,2711,장암,709,,20250619,7호선,2752,온수,750,N,7호선,7265,2749,철산,747,N,17:50:00,17:50:30,,7232,상행,2025-05-01T05:00:00,,주말
7호선,2711,장암,709,,20250619,7호선,2752,온수,750,N,7호선,7265,2748,가산디지털단지,746,N,17:52:30,17:53:00,,7232,상행,2025-05-01T05:00:00,,주말
7호선,2711,장암,709,,20250619,7호선,2752,온수,750,N,7호선,7265,2747,남구로,745,N,17:54:20,17:54:50,,7232,상행,2025-05-01T05:00:00,,주말
7호선,2711,장암,709,,20250619,7호선,2752,온수,750,N,7호선,7265,2746,대림,744,N,17:56:20,17:56:50,,7232,상행,2025-05-01T05:00:00,,주말
7호선,2711,장암,709,,20250619,7호선,2752,온수,750,N,7호선,7265,2745,신풍,743,N,17:58:50,17:59:20,,7232,상행,2025-05-01T05:00:00,,주말
7호선,2711,장암,709,,20250619,7호선,2752,온수,750,N,7호선,7265,2744,보라매,742,N,18:00:40,18:01:10,,7232,상행,2025-05-01T05:00:00,,주말
7호선,2711,장암,709,,20250619,7호선,2752,온수,750,N,7호선,7265,2743,신대방삼거리,741,N,18:02:20,18:02:50,,7232,상행,2025-05-01T05:00:00,,주말
7호선,2711,장암,709,,20250619,7호선,2752,온수,750,N,7호선,7265,2742,장승배기,740,N,18:04:40,18:05:10,,7232,상행,2025-05-01T05:00:00,,주말
7호선,2711,장암,709,,20250619,7호선,2752,온수,750,N,7호선,7265,2741,상도,739,N,18:06:40,18:07:10,,7232,상행,2025-05-01T05:00:00,,주말
7호선,2711,장암,709,,20250619,7호선,2752,온수,750,N,7호선,7265,2740,숭실대입구,738,N,18:08:20,18:08:50,,7232,상행,2025-05-01T05:00:00,,주말
7호선,2711,장암,709,,20250619,7호선,2752,온수,750,N,7호선,7265,2739,남성,737,N,18:11:20,18:11:50,,7232,상행,2025-05-01T05:00:00,,주말
7호선,2711,장암,709,,20250619,7호선,2752,온수,750,N,7호선,7265,2738,이수,736,N,18:13:10,18:13:50,,7232,상행,2025-05-01T05:00:00,,주말
7호선,2711,장암,709,,20250619,7호선,2752,온수,750,N,7호선,7265,2737,내방,735,N,18:15:20,18:15:50,,7232,상행,2025-05-01T05:00:00,,주말
7호선,2711,장암,709,,20250619,7호선,2752,온수,750,N,7호선,7265,2736,고속터미널,734,N,18:18:20,18:19:00,,7232,상행,2025-05-01T05:00:00,,주말
7호선,2711,장암,709,,20250619,7호선,2752,온수,750,N,7호선,7265,2735,반포,733,N,18:20:30,18:20:50,,7232,상행,2025-05-01T05:00:00,,주말
7호선,2711,장암,709,,20250619,7호선,2752,온수,750,N,7호선,7265,2734,논현,732,N,18:22:00,18:22:30,,7232,상행,2025-05-01T05:00:00,,주말
7호선,2711,장암,709,,20250619,7호선,2752,온수,750,N,7호선,7265,2733,학동,731,N,18:23:50,18:24:20,,7232,상행,2025-05-01T05:00:00,,주말
7호선,2711,장암,709,,20250619,7호선,2752,온수,750,N,7호선,7265,2732,강남구청,730,N,18:25:30,18:26:00,,7232,상행,2025-05-01T05:00:00,,주말
7호선,2711,장암,709,,20250619,7호선,2752,온수,750,N,7호선,7265,2731,청담,729,N,18:27:30,18:28:00,,7232,상행,2025-05-01T05:00:00,,주말
7호선,2711,장암,709,,20250619,7호선,2752,온수,750,N,7호선,7265,2730,자양,728,N,18:30:30,18:30:50,,7232,상행,2025-05-01T05:00:00,,주말
7호선,2711,장암,709,,20250619,7호선,2752,온수,750,N,7호선,7265,2729,건대입구,727,N,18:32:20,18:33:00,,7232,상행,2025-05-01T05:00:00,,주말
7호선,2711,장암,709,,20250619,7호선,2752,온수,750,N,7호선,7265,2728,어린이대공원,726,N,18:34:20,18:34:50,,7232,상행,2025-05-01T05:00:00,,주말
7호선,2711,장암,709,,20250619,7호선,2752,온수,750,N,7호선,7265,2727,군자,725,N,18:36:10,18:36:50,,7232,상행,2025-05-01T05:00:00,,주말
7호선,2711,장암,709,,20250619,7호선,2752,온수,750,N,7호선,7265,2726,중곡,724,N,18:38:10,18:38:40,,7232,상행,2025-05-01T05:00:00,,주말
7호선,2711,장암,709,,20250619,7호선,2752,온수,750,N,7호선,7265,2725,용마산,723,N,18:40:00,18:40:20,,7232,상행,2025-05-01T05:00:00,,주말
7호선,2711,장암,709,,20250619,7호선,2752,온수,750,N,7호선,7265,2724,사가정,722,N,18:41:30,18:42:00,,7232,상행,2025-05-01T05:00:00,,주말
7호선,2711,장암,709,,20250619,7호선,2752,온수,750,N,7호선,7265,2723,면목,721,N,18:43:10,18:43:40,,7232,상행,2025-05-01T05:00:00,,주말
7호선,2711,장암,709,,20250619,7호선,2752,온수,750,N,7호선,7265,2722,상봉,720,N,18:44:50,18:45:20,,7232,상행,2025-05-01T05:00:00,,주말
7호선,2711,장암,709,,20250619,7호선,2752,온수,750,N,7호선,7265,2721,중화,719,N,18:47:10,18:47:40,,7232,상행,2025-05-01T05:00:00,,주말
7호선,2711,장암,709,,20250619,7호선,2752,온수,750,N,7호선,7265,2720,먹골,718,N,18:49:00,18:49:30,,7232,상행,2025-05-01T05:00:00,,주말
7호선,2711,장암,709,,20250619,7호선,2752,온수,750,N,7호선,7265,2719,태릉입구,717,N,18:50:40,18:51:10,,7232,상행,2025-05-01T05:00:00,,주말
7호선,2711,장암,709,,20250619,7호선,2752,온수,750,N,7호선,7265,2718,공릉,716,N,18:52:10,18:52:40,,7232,상행,2025-05-01T05:00:00,,주말
7호선,2711,장암,709,,20250619,7호선,2752,온수,750,N,7호선,7265,2717,하계,715,N,18:54:10,18:54:40,,7232,상행,2025-05-01T05:00:00,,주말
7호선,2711,장암,709,,20250619,7호선,2752,온수,750,N,7호선,7265,2716,중계,714,N,18:55:50,18:56:20,,7232,상행,2025-05-01T05:00:00,,주말
7호선,2711,장암,709,,20250619,7호선,2752,온수,750,N,7호선,7265,2715,노원,713,N,18:57:40,18:58:10,,7232,상행,2025-05-01T05:00:00,,주말
7호선,2711,장암,709,,20250619,7호선,2752,온수,750,N,7호선,7265,2714,마들,712,N,18:59:40,19:00:10,,7232,상행,2025-05-01T05:00:00,,주말
7호선,2711,장암,709,,20250619,7호선,2752,온수,750,N,7호선,7265,2713,수락산,711,N,19:02:10,19:02:40,,7232,상행,2025-05-01T05:00:00,,주말
7호선,2711,장암,709,,20250619,7호선,2752,온수,750,N,7호선,7265,2712,도봉산,710,N,19:05:00,19:05:30,,7232,상행,2025-05-01T05:00:00,,주말
7호선,2711,장암,709,,20250619,7호선,2752,온수,750,N,7호선,7265,2711,장암,709,N,19:10:00,,,7232,상행,2025-05-01T05:00:00,,주말
7호선,2712,도봉산,710,,20250619,7호선,3763,석남,761,N,7호선,입고,3763,석남,761,N,,17:26:00,,7234,상행,2025-05-01T05:00:00,,주말
7호선,2712,도봉산,710,,20250619,7호선,3763,석남,761,N,7호선,입고,3762,산곡,760,N,17:29:00,17:29:30,,7234,상행,2025-05-01T05:00:00,,주말
7호선,2712,도봉산,710,,20250619,7호선,3763,석남,761,N,7호선,입고,3761,부평구청,759,N,17:31:30,17:32:00,,7234,상행,2025-05-01T05:00:00,,주말
7호선,2712,도봉산,710,,20250619,7호선,3763,석남,761,N,7호선,입고,3760,굴포천,758,N,17:33:20,17:33:50,,7234,상행,2025-05-01T05:00:00,,주말
7호선,2712,도봉산,710,,20250619,7호선,3763,석남,761,N,7호선,입고,3759,삼산체육관,757,N,17:35:00,17:35:30,,7234,상행,2025-05-01T05:00:00,,주말
7호선,2712,도봉산,710,,20250619,7호선,3763,석남,761,N,7호선,입고,3758,상동,756,N,17:36:50,17:37:20,,7234,상행,2025-05-01T05:00:00,,주말
7호선,2712,도봉산,710,,20250619,7호선,3763,석남,761,N,7호선,입고,3757,부천시청,755,N,17:38:30,17:39:00,,7234,상행,2025-05-01T05:00:00,,주말
7호선,2712,도봉산,710,,20250619,7호선,3763,석남,761,N,7호선,입고,3756,신중동,754,N,17:40:20,17:40:50,,7234,상행,2025-05-01T05:00:00,,주말
7호선,2712,도봉산,710,,20250619,7호선,3763,석남,761,N,7호선,입고,3755,춘의,753,N,17:42:10,17:42:40,,7234,상행,2025-05-01T05:00:00,,주말
7호선,2712,도봉산,710,,20250619,7호선,3763,석남,761,N,7호선,입고,3754,부천종합운동장,752,N,17:44:00,17:44:30,,7234,상행,2025-05-01T05:00:00,,주말
7호선,2712,도봉산,710,,20250619,7호선,3763,석남,761,N,7호선,입고,3753,까치울,751,N,17:46:00,17:46:30,,7234,상행,2025-05-01T05:00:00,,주말
7호선,2712,도봉산,710,,20250619,7호선,3763,석남,761,N,7호선,입고,2752,온수,750,N,17:49:00,17:49:30,,7234,상행,2025-05-01T05:00:00,,주말
7호선,2712,도봉산,710,,20250619,7호선,3763,석남,761,N,7호선,입고,2751,천왕,749,N,17:51:50,17:52:10,,7234,상행,2025-05-01T05:00:00,,주말
7호선,2712,도봉산,710,,20250619,7호선,3763,석남,761,N,7호선,입고,2750,광명사거리,748,N,17:54:10,17:54:40,,7234,상행,2025-05-01T05:00:00,,주말
7호선,2712,도봉산,710,,20250619,7호선,3763,석남,761,N,7호선,입고,2749,철산,747,N,17:56:30,17:57:00,,7234,상행,2025-05-01T05:00:00,,주말
7호선,2712,도봉산,710,,20250619,7호선,3763,석남,761,N,7호선,입고,2748,가산디지털단지,746,N,17:59:00,17:59:30,,7234,상행,2025-05-01T05:00:00,,주말
7호선,2712,도봉산,710,,20250619,7호선,3763,석남,761,N,7호선,입고,2747,남구로,745,N,18:00:50,18:01:20,,7234,상행,2025-05-01T05:00:00,,주말
7호선,2712,도봉산,710,,20250619,7호선,3763,석남,761,N,7호선,입고,2746,대림,744,N,18:02:50,18:03:20,,7234,상행,2025-05-01T05:00:00,,주말
7호선,2712,도봉산,710,,20250619,7호선,3763,석남,761,N,7호선,입고,2745,신풍,743,N,18:05:20,18:05:50,,7234,상행,2025-05-01T05:00:00,,주말
7호선,2712,도봉산,710,,20250619,7호선,3763,석남,761,N,7호선,입고,2744,보라매,742,N,18:07:10,18:07:40,,7234,상행,2025-05-01T05:00:00,,주말
7호선,2712,도봉산,710,,20250619,7호선,3763,석남,761,N,7호선,입고,2743,신대방삼거리,741,N,18:08:50,18:09:20,,7234,상행,2025-05-01T05:00:00,,주말
7호선,2712,도봉산,710,,20250619,7호선,3763,석남,761,N,7호선,입고,2742,장승배기,740,N,18:11:10,18:11:40,,7234,상행,2025-05-01T05:00:00,,주말
7호선,2712,도봉산,710,,20250619,7호선,3763,석남,761,N,7호선,입고,2741,상도,739,N,18:13:10,18:13:40,,7234,상행,2025-05-01T05:00:00,,주말
7호선,2712,도봉산,710,,20250619,7호선,3763,석남,761,N,7호선,입고,2740,숭실대입구,738,N,18:14:50,18:15:20,,7234,상행,2025-05-01T05:00:00,,주말
7호선,2712,도봉산,710,,20250619,7호선,3763,석남,761,N,7호선,입고,2739,남성,737,N,18:17:50,18:18:20,,7234,상행,2025-05-01T05:00:00,,주말
7호선,2712,도봉산,710,,20250619,7호선,3763,석남,761,N,7호선,입고,2738,이수,736,N,18:19:40,18:20:20,,7234,상행,2025-05-01T05:00:00,,주말
7호선,2712,도봉산,710,,20250619,7호선,3763,석남,761,N,7호선,입고,2737,내방,735,N,18:21:50,18:22:20,,7234,상행,2025-05-01T05:00:00,,주말
7호선,2712,도봉산,710,,20250619,7호선,3763,석남,761,N,7호선,입고,2736,고속터미널,734,N,18:24:50,18:25:30,,7234,상행,2025-05-01T05:00:00,,주말
7호선,2712,도봉산,710,,20250619,7호선,3763,석남,761,N,7호선,입고,2735,반포,733,N,18:27:00,18:27:20,,7234,상행,2025-05-01T05:00:00,,주말
7호선,2712,도봉산,710,,20250619,7호선,3763,석남,761,N,7호선,입고,2734,논현,732,N,18:28:30,18:29:00,,7234,상행,2025-05-01T05:00:00,,주말
7호선,2712,도봉산,710,,20250619,7호선,3763,석남,761,N,7호선,입고,2733,학동,731,N,18:30:20,18:30:50,,7234,상행,2025-05-01T05:00:00,,주말
7호선,2712,도봉산,710,,20250619,7호선,3763,석남,761,N,7호선,입고,2732,강남구청,730,N,18:32:00,18:32:30,,7234,상행,2025-05-01T05:00:00,,주말
7호선,2712,도봉산,710,,20250619,7호선,3763,석남,761,N,7호선,입고,2731,청담,729,N,18:34:00,18:34:30,,7234,상행,2025-05-01T05:00:00,,주말
7호선,2712,도봉산,710,,20250619,7호선,3763,석남,761,N,7호선,입고,2730,자양,728,N,18:37:00,18:37:20,,7234,상행,2025-05-01T05:00:00,,주말
7호선,2712,도봉산,710,,20250619,7호선,3763,석남,761,N,7호선,입고,2729,건대입구,727,N,18:38:50,18:39:30,,7234,상행,2025-05-01T05:00:00,,주말
7호선,2712,도봉산,710,,20250619,7호선,3763,석남,761,N,7호선,입고,2728,어린이대공원,726,N,18:40:50,18:41:20,,7234,상행,2025-05-01T05:00:00,,주말
7호선,2712,도봉산,710,,20250619,7호선,3763,석남,761,N,7호선,입고,2727,군자,725,N,18:42:40,18:43:20,,7234,상행,2025-05-01T05:00:00,,주말
7호선,2712,도봉산,710,,20250619,7호선,3763,석남,761,N,7호선,입고,2726,중곡,724,N,18:44:40,18:45:10,,7234,상행,2025-05-01T05:00:00,,주말
7호선,2712,도봉산,710,,20250619,7호선,3763,석남,761,N,7호선,입고,2725,용마산,723,N,18:46:30,18:46:50,,7234,상행,2025-05-01T05:00:00,,주말
7호선,2712,도봉산,710,,20250619,7호선,3763,석남,761,N,7호선,입고,2724,사가정,722,N,18:48:00,18:48:30,,7234,상행,2025-05-01T05:00:00,,주말
7호선,2712,도봉산,710,,20250619,7호선,3763,석남,761,N,7호선,입고,2723,면목,721,N,18:49:40,18:50:10,,7234,상행,2025-05-01T05:00:00,,주말
7호선,2712,도봉산,710,,20250619,7호선,3763,석남,761,N,7호선,입고,2722,상봉,720,N,18:51:20,18:51:50,,7234,상행,2025-05-01T05:00:00,,주말
7호선,2712,도봉산,710,,20250619,7호선,3763,석남,761,N,7호선,입고,2721,중화,719,N,18:53:40,18:54:10,,7234,상행,2025-05-01T05:00:00,,주말
7호선,2712,도봉산,710,,20250619,7호선,3763,석남,761,N,7호선,입고,2720,먹골,718,N,18:55:30,18:56:00,,7234,상행,2025-05-01T05:00:00,,주말
7호선,2712,도봉산,710,,20250619,7호선,3763,석남,761,N,7호선,입고,2719,태릉입구,717,N,18:57:10,18:57:40,,7234,상행,2025-05-01T05:00:00,,주말
7호선,2712,도봉산,710,,20250619,7호선,3763,석남,761,N,7호선,입고,2718,공릉,716,N,18:58:40,18:59:10,,7234,상행,2025-05-01T05:00:00,,주말
7호선,2712,도봉산,710,,20250619,7호선,3763,석남,761,N,7호선,입고,2717,하계,715,N,19:00:40,19:01:10,,7234,상행,2025-05-01T05:00:00,,주말
7호선,2712,도봉산,710,,20250619,7호선,3763,석남,761,N,7호선,입고,2716,중계,714,N,19:02:20,19:02:50,,7234,상행,2025-05-01T05:00:00,,주말
7호선,2712,도봉산,710,,20250619,7호선,3763,석남,761,N,7호선,입고,2715,노원,713,N,19:04:10,19:04:40,,7234,상행,2025-05-01T05:00:00,,주말
7호선,2712,도봉산,710,,20250619,7호선,3763,석남,761,N,7호선,입고,2714,마들,712,N,19:06:10,19:06:40,,7234,상행,2025-05-01T05:00:00,,주말
7호선,2712,도봉산,710,,20250619,7호선,3763,석남,761,N,7호선,입고,2713,수락산,711,N,19:08:40,19:09:10,,7234,상행,2025-05-01T05:00:00,,주말
7호선,2712,도봉산,710,,20250619,7호선,3763,석남,761,N,7호선,입고,2712,도봉산,710,N,19:11:30,,,7234,상행,2025-05-01T05:00:00,,주말
7호선,2711,장암,709,,20250619,7호선,2752,온수,750,N,7호선,7269,2752,온수,750,N,,17:56:00,,7236,상행,2025-05-01T05:00:00,,주말
7호선,2711,장암,709,,20250619,7호선,2752,온수,750,N,7호선,7269,2751,천왕,749,N,17:58:20,17:58:40,,7236,상행,2025-05-01T05:00:00,,주말
7호선,2711,장암,709,,20250619,7호선,2752,온수,750,N,7호선,7269,2750,광명사거리,748,N,18:00:40,18:01:10,,7236,상행,2025-05-01T05:00:00,,주말
7호선,2711,장암,709,,20250619,7호선,2752,온수,750,N,7호선,7269,2749,철산,747,N,18:03:00,18:03:30,,7236,상행,2025-05-01T05:00:00,,주말
7호선,2711,장암,709,,20250619,7호선,2752,온수,750,N,7호선,7269,2748,가산디지털단지,746,N,18:05:30,18:06:00,,7236,상행,2025-05-01T05:00:00,,주말
7호선,2711,장암,709,,20250619,7호선,2752,온수,750,N,7호선,7269,2747,남구로,745,N,18:07:20,18:07:50,,7236,상행,2025-05-01T05:00:00,,주말
7호선,2711,장암,709,,20250619,7호선,2752,온수,750,N,7호선,7269,2746,대림,744,N,18:09:20,18:09:50,,7236,상행,2025-05-01T05:00:00,,주말
7호선,2711,장암,709,,20250619,7호선,2752,온수,750,N,7호선,7269,2745,신풍,743,N,18:11:50,18:12:20,,7236,상행,2025-05-01T05:00:00,,주말
7호선,2711,장암,709,,20250619,7호선,2752,온수,750,N,7호선,7269,2744,보라매,742,N,18:13:40,18:14:10,,7236,상행,2025-05-01T05:00:00,,주말
7호선,2711,장암,709,,20250619,7호선,2752,온수,750,N,7호선,7269,2743,신대방삼거리,741,N,18:15:20,18:15:50,,7236,상행,2025-05-01T05:00:00,,주말
7호선,2711,장암,709,,20250619,7호선,2752,온수,750,N,7호선,7269,2742,장승배기,740,N,18:17:40,18:18:10,,7236,상행,2025-05-01T05:00:00,,주말
7호선,2711,장암,709,,20250619,7호선,2752,온수,750,N,7호선,7269,2741,상도,739,N,18:19:40,18:20:10,,7236,상행,2025-05-01T05:00:00,,주말
7호선,2711,장암,709,,20250619,7호선,2752,온수,750,N,7호선,7269,2740,숭실대입구,738,N,18:21:20,18:21:50,,7236,상행,2025-05-01T05:00:00,,주말
7호선,2711,장암,709,,20250619,7호선,2752,온수,750,N,7호선,7269,2739,남성,737,N,18:24:20,18:24:50,,7236,상행,2025-05-01T05:00:00,,주말
7호선,2711,장암,709,,20250619,7호선,2752,온수,750,N,7호선,7269,2738,이수,736,N,18:26:10,18:26:50,,7236,상행,2025-05-01T05:00:00,,주말
7호선,2711,장암,709,,20250619,7호선,2752,온수,750,N,7호선,7269,2737,내방,735,N,18:28:20,18:28:50,,7236,상행,2025-05-01T05:00:00,,주말
7호선,2711,장암,709,,20250619,7호선,2752,온수,750,N,7호선,7269,2736,고속터미널,734,N,18:31:20,18:32:00,,7236,상행,2025-05-01T05:00:00,,주말
7호선,2711,장암,709,,20250619,7호선,2752,온수,750,N,7호선,7269,2735,반포,733,N,18:33:30,18:33:50,,7236,상행,2025-05-01T05:00:00,,주말
7호선,2711,장암,709,,20250619,7호선,2752,온수,750,N,7호선,7269,2734,논현,732,N,18:35:00,18:35:30,,7236,상행,2025-05-01T05:00:00,,주말
7호선,2711,장암,709,,20250619,7호선,2752,온수,750,N,7호선,7269,2733,학동,731,N,18:36:50,18:37:20,,7236,상행,2025-05-01T05:00:00,,주말
7호선,2711,장암,709,,20250619,7호선,2752,온수,750,N,7호선,7269,2732,강남구청,730,N,18:38:30,18:39:00,,7236,상행,2025-05-01T05:00:00,,주말
7호선,2711,장암,709,,20250619,7호선,2752,온수,750,N,7호선,7269,2731,청담,729,N,18:40:30,18:41:00,,7236,상행,2025-05-01T05:00:00,,주말
7호선,2711,장암,709,,20250619,7호선,2752,온수,750,N,7호선,7269,2730,자양,728,N,18:43:30,18:43:50,,7236,상행,2025-05-01T05:00:00,,주말
7호선,2711,장암,709,,20250619,7호선,2752,온수,750,N,7호선,7269,2729,건대입구,727,N,18:45:20,18:46:00,,7236,상행,2025-05-01T05:00:00,,주말
7호선,2711,장암,709,,20250619,7호선,2752,온수,750,N,7호선,7269,2728,어린이대공원,726,N,18:47:20,18:47:50,,7236,상행,2025-05-01T05:00:00,,주말
7호선,2711,장암,709,,20250619,7호선,2752,온수,750,N,7호선,7269,2727,군자,725,N,18:49:10,18:49:50,,7236,상행,2025-05-01T05:00:00,,주말
7호선,2711,장암,709,,20250619,7호선,2752,온수,750,N,7호선,7269,2726,중곡,724,N,18:51:10,18:51:40,,7236,상행,2025-05-01T05:00:00,,주말
7호선,2711,장암,709,,20250619,7호선,2752,온수,750,N,7호선,7269,2725,용마산,723,N,18:53:00,18:53:20,,7236,상행,2025-05-01T05:00:00,,주말
7호선,2711,장암,709,,20250619,7호선,2752,온수,750,N,7호선,7269,2724,사가정,722,N,18:54:30,18:55:00,,7236,상행,2025-05-01T05:00:00,,주말
7호선,2711,장암,709,,20250619,7호선,2752,온수,750,N,7호선,7269,2723,면목,721,N,18:56:10,18:56:40,,7236,상행,2025-05-01T05:00:00,,주말
7호선,2711,장암,709,,20250619,7호선,2752,온수,750,N,7호선,7269,2722,상봉,720,N,18:57:50,18:58:20,,7236,상행,2025-05-01T05:00:00,,주말
7호선,2711,장암,709,,20250619,7호선,2752,온수,750,N,7호선,7269,2721,중화,719,N,19:00:10,19:00:40,,7236,상행,2025-05-01T05:00:00,,주말
7호선,2711,장암,709,,20250619,7호선,2752,온수,750,N,7호선,7269,2720,먹골,718,N,19:02:00,19:02:30,,7236,상행,2025-05-01T05:00:00,,주말
7호선,2711,장암,709,,20250619,7호선,2752,온수,750,N,7호선,7269,2719,태릉입구,717,N,19:03:40,19:04:10,,7236,상행,2025-05-01T05:00:00,,주말
7호선,2711,장암,709,,20250619,7호선,2752,온수,750,N,7호선,7269,2718,공릉,716,N,19:05:10,19:05:40,,7236,상행,2025-05-01T05:00:00,,주말
7호선,2711,장암,709,,20250619,7호선,2752,온수,750,N,7호선,7269,2717,하계,715,N,19:07:10,19:07:40,,7236,상행,2025-05-01T05:00:00,,주말
7호선,2711,장암,709,,20250619,7호선,2752,온수,750,N,7호선,7269,2716,중계,714,N,19:08:50,19:09:20,,7236,상행,2025-05-01T05:00:00,,주말
7호선,2711,장암,709,,20250619,7호선,2752,온수,750,N,7호선,7269,2715,노원,713,N,19:10:40,19:11:10,,7236,상행,2025-05-01T05:00:00,,주말
7호선,2711,장암,709,,20250619,7호선,2752,온수,750,N,7호선,7269,2714,마들,712,N,19:12:40,19:13:10,,7236,상행,2025-05-01T05:00:00,,주말
7호선,2711,장암,709,,20250619,7호선,2752,온수,750,N,7호선,7269,2713,수락산,711,N,19:15:10,19:15:40,,7236,상행,2025-05-01T05:00:00,,주말
7호선,2711,장암,709,,20250619,7호선,2752,온수,750,N,7호선,7269,2712,도봉산,710,N,19:18:00,19:18:30,,7236,상행,2025-05-01T05:00:00,,주말
7호선,2711,장암,709,,20250619,7호선,2752,온수,750,N,7호선,7269,2711,장암,709,N,19:23:00,,,7236,상행,2025-05-01T05:00:00,,주말
7호선,2712,도봉산,710,,20250619,7호선,3763,석남,761,N,7호선,7267,3763,석남,761,N,,17:39:00,,7238,상행,2025-05-01T05:00:00,,주말
7호선,2712,도봉산,710,,20250619,7호선,3763,석남,761,N,7호선,7267,3762,산곡,760,N,17:42:00,17:42:30,,7238,상행,2025-05-01T05:00:00,,주말
7호선,2712,도봉산,710,,20250619,7호선,3763,석남,761,N,7호선,7267,3761,부평구청,759,N,17:44:30,17:45:00,,7238,상행,2025-05-01T05:00:00,,주말
7호선,2712,도봉산,710,,20250619,7호선,3763,석남,761,N,7호선,7267,3760,굴포천,758,N,17:46:20,17:46:50,,7238,상행,2025-05-01T05:00:00,,주말
7호선,2712,도봉산,710,,20250619,7호선,3763,석남,761,N,7호선,7267,3759,삼산체육관,757,N,17:48:00,17:48:30,,7238,상행,2025-05-01T05:00:00,,주말
7호선,2712,도봉산,710,,20250619,7호선,3763,석남,761,N,7호선,7267,3758,상동,756,N,17:49:50,17:50:20,,7238,상행,2025-05-01T05:00:00,,주말
7호선,2712,도봉산,710,,20250619,7호선,3763,석남,761,N,7호선,7267,3757,부천시청,755,N,17:51:30,17:52:00,,7238,상행,2025-05-01T05:00:00,,주말
7호선,2712,도봉산,710,,20250619,7호선,3763,석남,761,N,7호선,7267,3756,신중동,754,N,17:53:20,17:53:50,,7238,상행,2025-05-01T05:00:00,,주말
7호선,2712,도봉산,710,,20250619,7호선,3763,석남,761,N,7호선,7267,3755,춘의,753,N,17:55:10,17:55:40,,7238,상행,2025-05-01T05:00:00,,주말
7호선,2712,도봉산,710,,20250619,7호선,3763,석남,761,N,7호선,7267,3754,부천종합운동장,752,N,17:57:00,17:57:30,,7238,상행,2025-05-01T05:00:00,,주말
7호선,2712,도봉산,710,,20250619,7호선,3763,석남,761,N,7호선,7267,3753,까치울,751,N,17:59:00,17:59:30,,7238,상행,2025-05-01T05:00:00,,주말
7호선,2712,도봉산,710,,20250619,7호선,3763,석남,761,N,7호선,7267,2752,온수,750,N,18:02:00,18:02:30,,7238,상행,2025-05-01T05:00:00,,주말
7호선,2712,도봉산,710,,20250619,7호선,3763,석남,761,N,7호선,7267,2751,천왕,749,N,18:04:50,18:05:10,,7238,상행,2025-05-01T05:00:00,,주말
7호선,2712,도봉산,710,,20250619,7호선,3763,석남,761,N,7호선,7267,2750,광명사거리,748,N,18:07:10,18:07:40,,7238,상행,2025-05-01T05:00:00,,주말
7호선,2712,도봉산,710,,20250619,7호선,3763,석남,761,N,7호선,7267,2749,철산,747,N,18:09:30,18:10:00,,7238,상행,2025-05-01T05:00:00,,주말
7호선,2712,도봉산,710,,20250619,7호선,3763,석남,761,N,7호선,7267,2748,가산디지털단지,746,N,18:12:00,18:12:30,,7238,상행,2025-05-01T05:00:00,,주말
7호선,2712,도봉산,710,,20250619,7호선,3763,석남,761,N,7호선,7267,2747,남구로,745,N,18:13:50,18:14:20,,7238,상행,2025-05-01T05:00:00,,주말
7호선,2712,도봉산,710,,20250619,7호선,3763,석남,761,N,7호선,7267,2746,대림,744,N,18:15:50,18:16:20,,7238,상행,2025-05-01T05:00:00,,주말
7호선,2712,도봉산,710,,20250619,7호선,3763,석남,761,N,7호선,7267,2745,신풍,743,N,18:18:20,18:18:50,,7238,상행,2025-05-01T05:00:00,,주말
7호선,2712,도봉산,710,,20250619,7호선,3763,석남,761,N,7호선,7267,2744,보라매,742,N,18:20:10,18:20:40,,7238,상행,2025-05-01T05:00:00,,주말
7호선,2712,도봉산,710,,20250619,7호선,3763,석남,761,N,7호선,7267,2743,신대방삼거리,741,N,18:21:50,18:22:20,,7238,상행,2025-05-01T05:00:00,,주말
7호선,2712,도봉산,710,,20250619,7호선,3763,석남,761,N,7호선,7267,2742,장승배기,740,N,18:24:10,18:24:40,,7238,상행,2025-05-01T05:00:00,,주말
7호선,2712,도봉산,710,,20250619,7호선,3763,석남,761,N,7호선,7267,2741,상도,739,N,18:26:10,18:26:40,,7238,상행,2025-05-01T05:00:00,,주말
7호선,2712,도봉산,710,,20250619,7호선,3763,석남,761,N,7호선,7267,2740,숭실대입구,738,N,18:27:50,18:28:20,,7238,상행,2025-05-01T05:00:00,,주말
7호선,2712,도봉산,710,,20250619,7호선,3763,석남,761,N,7호선,7267,2739,남성,737,N,18:30:50,18:31:20,,7238,상행,2025-05-01T05:00:00,,주말
7호선,2712,도봉산,710,,20250619,7호선,3763,석남,761,N,7호선,7267,2738,이수,736,N,18:32:40,18:33:20,,7238,상행,2025-05-01T05:00:00,,주말
7호선,2712,도봉산,710,,20250619,7호선,3763,석남,761,N,7호선,7267,2737,내방,735,N,18:34:50,18:35:20,,7238,상행,2025-05-01T05:00:00,,주말
7호선,2712,도봉산,710,,20250619,7호선,3763,석남,761,N,7호선,7267,2736,고속터미널,734,N,18:37:50,18:38:30,,7238,상행,2025-05-01T05:00:00,,주말
7호선,2712,도봉산,710,,20250619,7호선,3763,석남,761,N,7호선,7267,2735,반포,733,N,18:40:00,18:40:20,,7238,상행,2025-05-01T05:00:00,,주말
7호선,2712,도봉산,710,,20250619,7호선,3763,석남,761,N,7호선,7267,2734,논현,732,N,18:41:30,18:42:00,,7238,상행,2025-05-01T05:00:00,,주말
7호선,2712,도봉산,710,,20250619,7호선,3763,석남,761,N,7호선,7267,2733,학동,731,N,18:43:20,18:43:50,,7238,상행,2025-05-01T05:00:00,,주말
7호선,2712,도봉산,710,,20250619,7호선,3763,석남,761,N,7호선,7267,2732,강남구청,730,N,18:45:00,18:45:30,,7238,상행,2025-05-01T05:00:00,,주말
7호선,2712,도봉산,710,,20250619,7호선,3763,석남,761,N,7호선,7267,2731,청담,729,N,18:47:00,18:47:30,,7238,상행,2025-05-01T05:00:00,,주말
7호선,2712,도봉산,710,,20250619,7호선,3763,석남,761,N,7호선,7267,2730,자양,728,N,18:50:00,18:50:20,,7238,상행,2025-05-01T05:00:00,,주말
7호선,2712,도봉산,710,,20250619,7호선,3763,석남,761,N,7호선,7267,2729,건대입구,727,N,18:51:50,18:52:30,,7238,상행,2025-05-01T05:00:00,,주말
7호선,2712,도봉산,710,,20250619,7호선,3763,석남,761,N,7호선,7267,2728,어린이대공원,726,N,18:53:50,18:54:20,,7238,상행,2025-05-01T05:00:00,,주말
7호선,2712,도봉산,710,,20250619,7호선,3763,석남,761,N,7호선,7267,2727,군자,725,N,18:55:40,18:56:20,,7238,상행,2025-05-01T05:00:00,,주말
7호선,2712,도봉산,710,,20250619,7호선,3763,석남,761,N,7호선,7267,2726,중곡,724,N,18:57:40,18:58:10,,7238,상행,2025-05-01T05:00:00,,주말
7호선,2712,도봉산,710,,20250619,7호선,3763,석남,761,N,7호선,7267,2725,용마산,723,N,18:59:30,18:59:50,,7238,상행,2025-05-01T05:00:00,,주말
7호선,2712,도봉산,710,,20250619,7호선,3763,석남,761,N,7호선,7267,2724,사가정,722,N,19:01:00,19:01:30,,7238,상행,2025-05-01T05:00:00,,주말
7호선,2712,도봉산,710,,20250619,7호선,3763,석남,761,N,7호선,7267,2723,면목,721,N,19:02:40,19:03:10,,7238,상행,2025-05-01T05:00:00,,주말
7호선,2712,도봉산,710,,20250619,7호선,3763,석남,761,N,7호선,7267,2722,상봉,720,N,19:04:20,19:04:50,,7238,상행,2025-05-01T05:00:00,,주말
7호선,2712,도봉산,710,,20250619,7호선,3763,석남,761,N,7호선,7267,2721,중화,719,N,19:06:40,19:07:10,,7238,상행,2025-05-01T05:00:00,,주말
7호선,2712,도봉산,710,,20250619,7호선,3763,석남,761,N,7호선,7267,2720,먹골,718,N,19:08:30,19:09:00,,7238,상행,2025-05-01T05:00:00,,주말
7호선,2712,도봉산,710,,20250619,7호선,3763,석남,761,N,7호선,7267,2719,태릉입구,717,N,19:10:10,19:10:40,,7238,상행,2025-05-01T05:00:00,,주말
7호선,2712,도봉산,710,,20250619,7호선,3763,석남,761,N,7호선,7267,2718,공릉,716,N,19:11:40,19:12:10,,7238,상행,2025-05-01T05:00:00,,주말
7호선,2712,도봉산,710,,20250619,7호선,3763,석남,761,N,7호선,7267,2717,하계,715,N,19:13:40,19:14:10,,7238,상행,2025-05-01T05:00:00,,주말
7호선,2712,도봉산,710,,20250619,7호선,3763,석남,761,N,7호선,7267,2716,중계,714,N,19:15:20,19:15:50,,7238,상행,2025-05-01T05:00:00,,주말
7호선,2712,도봉산,710,,20250619,7호선,3763,석남,761,N,7호선,7267,2715,노원,713,N,19:17:10,19:17:40,,7238,상행,2025-05-01T05:00:00,,주말
7호선,2712,도봉산,710,,20250619,7호선,3763,석남,761,N,7호선,7267,2714,마들,712,N,19:19:10,19:19:40,,7238,상행,2025-05-01T05:00:00,,주말
7호선,2712,도봉산,710,,20250619,7호선,3763,석남,761,N,7호선,7267,2713,수락산,711,N,19:21:40,19:22:10,,7238,상행,2025-05-01T05:00:00,,주말
7호선,2712,도봉산,710,,20250619,7호선,3763,석남,761,N,7호선,7267,2712,도봉산,710,N,19:24:30,,,7238,상행,2025-05-01T05:00:00,,주말
7호선,2711,장암,709,,20250619,7호선,2752,온수,750,N,7호선,7273,2752,온수,750,N,,18:09:00,,7240,상행,2025-05-01T05:00:00,,주말
7호선,2711,장암,709,,20250619,7호선,2752,온수,750,N,7호선,7273,2751,천왕,749,N,18:11:20,18:11:40,,7240,상행,2025-05-01T05:00:00,,주말
7호선,2711,장암,709,,20250619,7호선,2752,온수,750,N,7호선,7273,2750,광명사거리,748,N,18:13:40,18:14:10,,7240,상행,2025-05-01T05:00:00,,주말
7호선,2711,장암,709,,20250619,7호선,2752,온수,750,N,7호선,7273,2749,철산,747,N,18:16:00,18:16:30,,7240,상행,2025-05-01T05:00:00,,주말
7호선,2711,장암,709,,20250619,7호선,2752,온수,750,N,7호선,7273,2748,가산디지털단지,746,N,18:18:30,18:19:00,,7240,상행,2025-05-01T05:00:00,,주말
7호선,2711,장암,709,,20250619,7호선,2752,온수,750,N,7호선,7273,2747,남구로,745,N,18:20:20,18:20:50,,7240,상행,2025-05-01T05:00:00,,주말
7호선,2711,장암,709,,20250619,7호선,2752,온수,750,N,7호선,7273,2746,대림,744,N,18:22:20,18:22:50,,7240,상행,2025-05-01T05:00:00,,주말
7호선,2711,장암,709,,20250619,7호선,2752,온수,750,N,7호선,7273,2745,신풍,743,N,18:24:50,18:25:20,,7240,상행,2025-05-01T05:00:00,,주말
7호선,2711,장암,709,,20250619,7호선,2752,온수,750,N,7호선,7273,2744,보라매,742,N,18:26:40,18:27:10,,7240,상행,2025-05-01T05:00:00,,주말
7호선,2711,장암,709,,20250619,7호선,2752,온수,750,N,7호선,7273,2743,신대방삼거리,741,N,18:28:20,18:28:50,,7240,상행,2025-05-01T05:00:00,,주말
7호선,2711,장암,709,,20250619,7호선,2752,온수,750,N,7호선,7273,2742,장승배기,740,N,18:30:40,18:31:10,,7240,상행,2025-05-01T05:00:00,,주말
7호선,2711,장암,709,,20250619,7호선,2752,온수,750,N,7호선,7273,2741,상도,739,N,18:32:40,18:33:10,,7240,상행,2025-05-01T05:00:00,,주말
7호선,2711,장암,709,,20250619,7호선,2752,온수,750,N,7호선,7273,2740,숭실대입구,738,N,18:34:20,18:34:50,,7240,상행,2025-05-01T05:00:00,,주말
7호선,2711,장암,709,,20250619,7호선,2752,온수,750,N,7호선,7273,2739,남성,737,N,18:37:20,18:37:50,,7240,상행,2025-05-01T05:00:00,,주말
7호선,2711,장암,709,,20250619,7호선,2752,온수,750,N,7호선,7273,2738,이수,736,N,18:39:10,18:39:50,,7240,상행,2025-05-01T05:00:00,,주말
7호선,2711,장암,709,,20250619,7호선,2752,온수,750,N,7호선,7273,2737,내방,735,N,18:41:20,18:41:50,,7240,상행,2025-05-01T05:00:00,,주말
7호선,2711,장암,709,,20250619,7호선,2752,온수,750,N,7호선,7273,2736,고속터미널,734,N,18:44:20,18:45:00,,7240,상행,2025-05-01T05:00:00,,주말
7호선,2711,장암,709,,20250619,7호선,2752,온수,750,N,7호선,7273,2735,반포,733,N,18:46:30,18:46:50,,7240,상행,2025-05-01T05:00:00,,주말
7호선,2711,장암,709,,20250619,7호선,2752,온수,750,N,7호선,7273,2734,논현,732,N,18:48:00,18:48:30,,7240,상행,2025-05-01T05:00:00,,주말
7호선,2711,장암,709,,20250619,7호선,2752,온수,750,N,7호선,7273,2733,학동,731,N,18:49:50,18:50:20,,7240,상행,2025-05-01T05:00:00,,주말
7호선,2711,장암,709,,20250619,7호선,2752,온수,750,N,7호선,7273,2732,강남구청,730,N,18:51:30,18:52:00,,7240,상행,2025-05-01T05:00:00,,주말
7호선,2711,장암,709,,20250619,7호선,2752,온수,750,N,7호선,7273,2731,청담,729,N,18:53:30,18:54:00,,7240,상행,2025-05-01T05:00:00,,주말
7호선,2711,장암,709,,20250619,7호선,2752,온수,750,N,7호선,7273,2730,자양,728,N,18:56:30,18:56:50,,7240,상행,2025-05-01T05:00:00,,주말
7호선,2711,장암,709,,20250619,7호선,2752,온수,750,N,7호선,7273,2729,건대입구,727,N,18:58:20,18:59:00,,7240,상행,2025-05-01T05:00:00,,주말
7호선,2711,장암,709,,20250619,7호선,2752,온수,750,N,7호선,7273,2728,어린이대공원,726,N,19:00:20,19:00:50,,7240,상행,2025-05-01T05:00:00,,주말
7호선,2711,장암,709,,20250619,7호선,2752,온수,750,N,7호선,7273,2727,군자,725,N,19:02:10,19:02:50,,7240,상행,2025-05-01T05:00:00,,주말
7호선,2711,장암,709,,20250619,7호선,2752,온수,750,N,7호선,7273,2726,중곡,724,N,19:04:10,19:04:40,,7240,상행,2025-05-01T05:00:00,,주말
7호선,2711,장암,709,,20250619,7호선,2752,온수,750,N,7호선,7273,2725,용마산,723,N,19:06:00,19:06:20,,7240,상행,2025-05-01T05:00:00,,주말
7호선,2711,장암,709,,20250619,7호선,2752,온수,750,N,7호선,7273,2724,사가정,722,N,19:07:30,19:08:00,,7240,상행,2025-05-01T05:00:00,,주말
7호선,2711,장암,709,,20250619,7호선,2752,온수,750,N,7호선,7273,2723,면목,721,N,19:09:10,19:09:40,,7240,상행,2025-05-01T05:00:00,,주말
7호선,2711,장암,709,,20250619,7호선,2752,온수,750,N,7호선,7273,2722,상봉,720,N,19:10:50,19:11:20,,7240,상행,2025-05-01T05:00:00,,주말
7호선,2711,장암,709,,20250619,7호선,2752,온수,750,N,7호선,7273,2721,중화,719,N,19:13:10,19:13:40,,7240,상행,2025-05-01T05:00:00,,주말
7호선,2711,장암,709,,20250619,7호선,2752,온수,750,N,7호선,7273,2720,먹골,718,N,19:15:00,19:15:30,,7240,상행,2025-05-01T05:00:00,,주말
7호선,2711,장암,709,,20250619,7호선,2752,온수,750,N,7호선,7273,2719,태릉입구,717,N,19:16:40,19:17:10,,7240,상행,2025-05-01T05:00:00,,주말
7호선,2711,장암,709,,20250619,7호선,2752,온수,750,N,7호선,7273,2718,공릉,716,N,19:18:10,19:18:40,,7240,상행,2025-05-01T05:00:00,,주말
7호선,2711,장암,709,,20250619,7호선,2752,온수,750,N,7호선,7273,2717,하계,715,N,19:20:10,19:20:40,,7240,상행,2025-05-01T05:00:00,,주말
7호선,2711,장암,709,,20250619,7호선,2752,온수,750,N,7호선,7273,2716,중계,714,N,19:21:50,19:22:20,,7240,상행,2025-05-01T05:00:00,,주말
7호선,2711,장암,709,,20250619,7호선,2752,온수,750,N,7호선,7273,2715,노원,713,N,19:23:40,19:24:10,,7240,상행,2025-05-01T05:00:00,,주말
7호선,2711,장암,709,,20250619,7호선,2752,온수,750,N,7호선,7273,2714,마들,712,N,19:25:40,19:26:10,,7240,상행,2025-05-01T05:00:00,,주말
7호선,2711,장암,709,,20250619,7호선,2752,온수,750,N,7호선,7273,2713,수락산,711,N,19:28:10,19:28:40,,7240,상행,2025-05-01T05:00:00,,주말
7호선,2711,장암,709,,20250619,7호선,2752,온수,750,N,7호선,7273,2712,도봉산,710,N,19:31:00,19:31:30,,7240,상행,2025-05-01T05:00:00,,주말
7호선,2711,장암,709,,20250619,7호선,2752,온수,750,N,7호선,7273,2711,장암,709,N,19:36:00,,,7240,상행,2025-05-01T05:00:00,,주말
7호선,2712,도봉산,710,,20250619,7호선,3763,석남,761,N,7호선,7271,3763,석남,761,N,,17:52:30,,7242,상행,2025-05-01T05:00:00,,주말
7호선,2712,도봉산,710,,20250619,7호선,3763,석남,761,N,7호선,7271,3762,산곡,760,N,17:55:30,17:56:00,,7242,상행,2025-05-01T05:00:00,,주말
7호선,2712,도봉산,710,,20250619,7호선,3763,석남,761,N,7호선,7271,3761,부평구청,759,N,17:58:00,17:58:30,,7242,상행,2025-05-01T05:00:00,,주말
7호선,2712,도봉산,710,,20250619,7호선,3763,석남,761,N,7호선,7271,3760,굴포천,758,N,17:59:50,18:00:20,,7242,상행,2025-05-01T05:00:00,,주말
7호선,2712,도봉산,710,,20250619,7호선,3763,석남,761,N,7호선,7271,3759,삼산체육관,757,N,18:01:30,18:02:00,,7242,상행,2025-05-01T05:00:00,,주말
7호선,2712,도봉산,710,,20250619,7호선,3763,석남,761,N,7호선,7271,3758,상동,756,N,18:03:20,18:03:50,,7242,상행,2025-05-01T05:00:00,,주말
7호선,2712,도봉산,710,,20250619,7호선,3763,석남,761,N,7호선,7271,3757,부천시청,755,N,18:05:00,18:05:30,,7242,상행,2025-05-01T05:00:00,,주말
7호선,2712,도봉산,710,,20250619,7호선,3763,석남,761,N,7호선,7271,3756,신중동,754,N,18:06:50,18:07:20,,7242,상행,2025-05-01T05:00:00,,주말
7호선,2712,도봉산,710,,20250619,7호선,3763,석남,761,N,7호선,7271,3755,춘의,753,N,18:08:40,18:09:10,,7242,상행,2025-05-01T05:00:00,,주말
7호선,2712,도봉산,710,,20250619,7호선,3763,석남,761,N,7호선,7271,3754,부천종합운동장,752,N,18:10:30,18:11:00,,7242,상행,2025-05-01T05:00:00,,주말
7호선,2712,도봉산,710,,20250619,7호선,3763,석남,761,N,7호선,7271,3753,까치울,751,N,18:12:30,18:13:00,,7242,상행,2025-05-01T05:00:00,,주말
7호선,2712,도봉산,710,,20250619,7호선,3763,석남,761,N,7호선,7271,2752,온수,750,N,18:15:30,18:16:00,,7242,상행,2025-05-01T05:00:00,,주말
7호선,2712,도봉산,710,,20250619,7호선,3763,석남,761,N,7호선,7271,2751,천왕,749,N,18:18:20,18:18:40,,7242,상행,2025-05-01T05:00:00,,주말
7호선,2712,도봉산,710,,20250619,7호선,3763,석남,761,N,7호선,7271,2750,광명사거리,748,N,18:20:40,18:21:10,,7242,상행,2025-05-01T05:00:00,,주말
7호선,2712,도봉산,710,,20250619,7호선,3763,석남,761,N,7호선,7271,2749,철산,747,N,18:23:00,18:23:30,,7242,상행,2025-05-01T05:00:00,,주말
7호선,2712,도봉산,710,,20250619,7호선,3763,석남,761,N,7호선,7271,2748,가산디지털단지,746,N,18:25:30,18:26:00,,7242,상행,2025-05-01T05:00:00,,주말
7호선,2712,도봉산,710,,20250619,7호선,3763,석남,761,N,7호선,7271,2747,남구로,745,N,18:27:20,18:27:50,,7242,상행,2025-05-01T05:00:00,,주말
7호선,2712,도봉산,710,,20250619,7호선,3763,석남,761,N,7호선,7271,2746,대림,744,N,18:29:20,18:29:50,,7242,상행,2025-05-01T05:00:00,,주말
7호선,2712,도봉산,710,,20250619,7호선,3763,석남,761,N,7호선,7271,2745,신풍,743,N,18:31:50,18:32:20,,7242,상행,2025-05-01T05:00:00,,주말
7호선,2712,도봉산,710,,20250619,7호선,3763,석남,761,N,7호선,7271,2744,보라매,742,N,18:33:40,18:34:10,,7242,상행,2025-05-01T05:00:00,,주말
7호선,2712,도봉산,710,,20250619,7호선,3763,석남,761,N,7호선,7271,2743,신대방삼거리,741,N,18:35:20,18:35:50,,7242,상행,2025-05-01T05:00:00,,주말
7호선,2712,도봉산,710,,20250619,7호선,3763,석남,761,N,7호선,7271,2742,장승배기,740,N,18:37:40,18:38:10,,7242,상행,2025-05-01T05:00:00,,주말
7호선,2712,도봉산,710,,20250619,7호선,3763,석남,761,N,7호선,7271,2741,상도,739,N,18:39:40,18:40:10,,7242,상행,2025-05-01T05:00:00,,주말
7호선,2712,도봉산,710,,20250619,7호선,3763,석남,761,N,7호선,7271,2740,숭실대입구,738,N,18:41:20,18:41:50,,7242,상행,2025-05-01T05:00:00,,주말
7호선,2712,도봉산,710,,20250619,7호선,3763,석남,761,N,7호선,7271,2739,남성,737,N,18:44:20,18:44:50,,7242,상행,2025-05-01T05:00:00,,주말
7호선,2712,도봉산,710,,20250619,7호선,3763,석남,761,N,7호선,7271,2738,이수,736,N,18:46:10,18:46:50,,7242,상행,2025-05-01T05:00:00,,주말
7호선,2712,도봉산,710,,20250619,7호선,3763,석남,761,N,7호선,7271,2737,내방,735,N,18:48:20,18:48:50,,7242,상행,2025-05-01T05:00:00,,주말
7호선,2712,도봉산,710,,20250619,7호선,3763,석남,761,N,7호선,7271,2736,고속터미널,734,N,18:51:20,18:52:00,,7242,상행,2025-05-01T05:00:00,,주말
7호선,2712,도봉산,710,,20250619,7호선,3763,석남,761,N,7호선,7271,2735,반포,733,N,18:53:30,18:53:50,,7242,상행,2025-05-01T05:00:00,,주말
7호선,2712,도봉산,710,,20250619,7호선,3763,석남,761,N,7호선,7271,2734,논현,732,N,18:55:00,18:55:30,,7242,상행,2025-05-01T05:00:00,,주말
7호선,2712,도봉산,710,,20250619,7호선,3763,석남,761,N,7호선,7271,2733,학동,731,N,18:56:50,18:57:20,,7242,상행,2025-05-01T05:00:00,,주말
7호선,2712,도봉산,710,,20250619,7호선,3763,석남,761,N,7호선,7271,2732,강남구청,730,N,18:58:30,18:59:00,,7242,상행,2025-05-01T05:00:00,,주말
7호선,2712,도봉산,710,,20250619,7호선,3763,석남,761,N,7호선,7271,2731,청담,729,N,19:00:30,19:01:00,,7242,상행,2025-05-01T05:00:00,,주말
7호선,2712,도봉산,710,,20250619,7호선,3763,석남,761,N,7호선,7271,2730,자양,728,N,19:03:30,19:03:50,,7242,상행,2025-05-01T05:00:00,,주말
7호선,2712,도봉산,710,,20250619,7호선,3763,석남,761,N,7호선,7271,2729,건대입구,727,N,19:05:20,19:06:00,,7242,상행,2025-05-01T05:00:00,,주말
7호선,2712,도봉산,710,,20250619,7호선,3763,석남,761,N,7호선,7271,2728,어린이대공원,726,N,19:07:20,19:07:50,,7242,상행,2025-05-01T05:00:00,,주말
7호선,2712,도봉산,710,,20250619,7호선,3763,석남,761,N,7호선,7271,2727,군자,725,N,19:09:10,19:09:50,,7242,상행,2025-05-01T05:00:00,,주말
7호선,2712,도봉산,710,,20250619,7호선,3763,석남,761,N,7호선,7271,2726,중곡,724,N,19:11:10,19:11:40,,7242,상행,2025-05-01T05:00:00,,주말
7호선,2712,도봉산,710,,20250619,7호선,3763,석남,761,N,7호선,7271,2725,용마산,723,N,19:13:00,19:13:20,,7242,상행,2025-05-01T05:00:00,,주말
7호선,2712,도봉산,710,,20250619,7호선,3763,석남,761,N,7호선,7271,2724,사가정,722,N,19:14:30,19:15:00,,7242,상행,2025-05-01T05:00:00,,주말
7호선,2712,도봉산,710,,20250619,7호선,3763,석남,761,N,7호선,7271,2723,면목,721,N,19:16:10,19:16:40,,7242,상행,2025-05-01T05:00:00,,주말
7호선,2712,도봉산,710,,20250619,7호선,3763,석남,761,N,7호선,7271,2722,상봉,720,N,19:17:50,19:18:20,,7242,상행,2025-05-01T05:00:00,,주말
7호선,2712,도봉산,710,,20250619,7호선,3763,석남,761,N,7호선,7271,2721,중화,719,N,19:20:10,19:20:40,,7242,상행,2025-05-01T05:00:00,,주말
7호선,2712,도봉산,710,,20250619,7호선,3763,석남,761,N,7호선,7271,2720,먹골,718,N,19:22:00,19:22:30,,7242,상행,2025-05-01T05:00:00,,주말
7호선,2712,도봉산,710,,20250619,7호선,3763,석남,761,N,7호선,7271,2719,태릉입구,717,N,19:23:40,19:24:10,,7242,상행,2025-05-01T05:00:00,,주말
7호선,2712,도봉산,710,,20250619,7호선,3763,석남,761,N,7호선,7271,2718,공릉,716,N,19:25:10,19:25:40,,7242,상행,2025-05-01T05:00:00,,주말
7호선,2712,도봉산,710,,20250619,7호선,3763,석남,761,N,7호선,7271,2717,하계,715,N,19:27:10,19:27:40,,7242,상행,2025-05-01T05:00:00,,주말
7호선,2712,도봉산,710,,20250619,7호선,3763,석남,761,N,7호선,7271,2716,중계,714,N,19:28:50,19:29:20,,7242,상행,2025-05-01T05:00:00,,주말
7호선,2712,도봉산,710,,20250619,7호선,3763,석남,761,N,7호선,7271,2715,노원,713,N,19:30:40,19:31:10,,7242,상행,2025-05-01T05:00:00,,주말
7호선,2712,도봉산,710,,20250619,7호선,3763,석남,761,N,7호선,7271,2714,마들,712,N,19:32:40,19:33:10,,7242,상행,2025-05-01T05:00:00,,주말
7호선,2712,도봉산,710,,20250619,7호선,3763,석남,761,N,7호선,7271,2713,수락산,711,N,19:35:10,19:35:40,,7242,상행,2025-05-01T05:00:00,,주말
7호선,2712,도봉산,710,,20250619,7호선,3763,석남,761,N,7호선,7271,2712,도봉산,710,N,19:38:00,,,7242,상행,2025-05-01T05:00:00,,주말
7호선,2711,장암,709,,20250619,7호선,2752,온수,750,N,7호선,7277,2752,온수,750,N,,18:22:30,,7244,상행,2025-05-01T05:00:00,,주말
7호선,2711,장암,709,,20250619,7호선,2752,온수,750,N,7호선,7277,2751,천왕,749,N,18:24:50,18:25:10,,7244,상행,2025-05-01T05:00:00,,주말
7호선,2711,장암,709,,20250619,7호선,2752,온수,750,N,7호선,7277,2750,광명사거리,748,N,18:27:10,18:27:40,,7244,상행,2025-05-01T05:00:00,,주말
7호선,2711,장암,709,,20250619,7호선,2752,온수,750,N,7호선,7277,2749,철산,747,N,18:29:30,18:30:00,,7244,상행,2025-05-01T05:00:00,,주말
7호선,2711,장암,709,,20250619,7호선,2752,온수,750,N,7호선,7277,2748,가산디지털단지,746,N,18:32:00,18:32:30,,7244,상행,2025-05-01T05:00:00,,주말
7호선,2711,장암,709,,20250619,7호선,2752,온수,750,N,7호선,7277,2747,남구로,745,N,18:33:50,18:34:20,,7244,상행,2025-05-01T05:00:00,,주말
7호선,2711,장암,709,,20250619,7호선,2752,온수,750,N,7호선,7277,2746,대림,744,N,18:35:50,18:36:20,,7244,상행,2025-05-01T05:00:00,,주말
7호선,2711,장암,709,,20250619,7호선,2752,온수,750,N,7호선,7277,2745,신풍,743,N,18:38:20,18:38:50,,7244,상행,2025-05-01T05:00:00,,주말
7호선,2711,장암,709,,20250619,7호선,2752,온수,750,N,7호선,7277,2744,보라매,742,N,18:40:10,18:40:40,,7244,상행,2025-05-01T05:00:00,,주말
7호선,2711,장암,709,,20250619,7호선,2752,온수,750,N,7호선,7277,2743,신대방삼거리,741,N,18:41:50,18:42:20,,7244,상행,2025-05-01T05:00:00,,주말
7호선,2711,장암,709,,20250619,7호선,2752,온수,750,N,7호선,7277,2742,장승배기,740,N,18:44:10,18:44:40,,7244,상행,2025-05-01T05:00:00,,주말
7호선,2711,장암,709,,20250619,7호선,2752,온수,750,N,7호선,7277,2741,상도,739,N,18:46:10,18:46:40,,7244,상행,2025-05-01T05:00:00,,주말
7호선,2711,장암,709,,20250619,7호선,2752,온수,750,N,7호선,7277,2740,숭실대입구,738,N,18:47:50,18:48:20,,7244,상행,2025-05-01T05:00:00,,주말
7호선,2711,장암,709,,20250619,7호선,2752,온수,750,N,7호선,7277,2739,남성,737,N,18:50:50,18:51:20,,7244,상행,2025-05-01T05:00:00,,주말
7호선,2711,장암,709,,20250619,7호선,2752,온수,750,N,7호선,7277,2738,이수,736,N,18:52:40,18:53:20,,7244,상행,2025-05-01T05:00:00,,주말
7호선,2711,장암,709,,20250619,7호선,2752,온수,750,N,7호선,7277,2737,내방,735,N,18:54:50,18:55:20,,7244,상행,2025-05-01T05:00:00,,주말
7호선,2711,장암,709,,20250619,7호선,2752,온수,750,N,7호선,7277,2736,고속터미널,734,N,18:57:50,18:58:30,,7244,상행,2025-05-01T05:00:00,,주말
7호선,2711,장암,709,,20250619,7호선,2752,온수,750,N,7호선,7277,2735,반포,733,N,19:00:00,19:00:20,,7244,상행,2025-05-01T05:00:00,,주말
7호선,2711,장암,709,,20250619,7호선,2752,온수,750,N,7호선,7277,2734,논현,732,N,19:01:30,19:02:00,,7244,상행,2025-05-01T05:00:00,,주말
7호선,2711,장암,709,,20250619,7호선,2752,온수,750,N,7호선,7277,2733,학동,731,N,19:03:20,19:03:50,,7244,상행,2025-05-01T05:00:00,,주말
7호선,2711,장암,709,,20250619,7호선,2752,온수,750,N,7호선,7277,2732,강남구청,730,N,19:05:00,19:05:30,,7244,상행,2025-05-01T05:00:00,,주말
7호선,2711,장암,709,,20250619,7호선,2752,온수,750,N,7호선,7277,2731,청담,729,N,19:07:00,19:07:30,,7244,상행,2025-05-01T05:00:00,,주말
7호선,2711,장암,709,,20250619,7호선,2752,온수,750,N,7호선,7277,2730,자양,728,N,19:10:00,19:10:20,,7244,상행,2025-05-01T05:00:00,,주말
7호선,2711,장암,709,,20250619,7호선,2752,온수,750,N,7호선,7277,2729,건대입구,727,N,19:11:50,19:12:30,,7244,상행,2025-05-01T05:00:00,,주말
7호선,2711,장암,709,,20250619,7호선,2752,온수,750,N,7호선,7277,2728,어린이대공원,726,N,19:13:50,19:14:20,,7244,상행,2025-05-01T05:00:00,,주말
7호선,2711,장암,709,,20250619,7호선,2752,온수,750,N,7호선,7277,2727,군자,725,N,19:15:40,19:16:20,,7244,상행,2025-05-01T05:00:00,,주말
7호선,2711,장암,709,,20250619,7호선,2752,온수,750,N,7호선,7277,2726,중곡,724,N,19:17:40,19:18:10,,7244,상행,2025-05-01T05:00:00,,주말
7호선,2711,장암,709,,20250619,7호선,2752,온수,750,N,7호선,7277,2725,용마산,723,N,19:19:30,19:19:50,,7244,상행,2025-05-01T05:00:00,,주말
7호선,2711,장암,709,,20250619,7호선,2752,온수,750,N,7호선,7277,2724,사가정,722,N,19:21:00,19:21:30,,7244,상행,2025-05-01T05:00:00,,주말
7호선,2711,장암,709,,20250619,7호선,2752,온수,750,N,7호선,7277,2723,면목,721,N,19:22:40,19:23:10,,7244,상행,2025-05-01T05:00:00,,주말
7호선,2711,장암,709,,20250619,7호선,2752,온수,750,N,7호선,7277,2722,상봉,720,N,19:24:20,19:24:50,,7244,상행,2025-05-01T05:00:00,,주말
7호선,2711,장암,709,,20250619,7호선,2752,온수,750,N,7호선,7277,2721,중화,719,N,19:26:40,19:27:10,,7244,상행,2025-05-01T05:00:00,,주말
7호선,2711,장암,709,,20250619,7호선,2752,온수,750,N,7호선,7277,2720,먹골,718,N,19:28:30,19:29:00,,7244,상행,2025-05-01T05:00:00,,주말
7호선,2711,장암,709,,20250619,7호선,2752,온수,750,N,7호선,7277,2719,태릉입구,717,N,19:30:10,19:30:40,,7244,상행,2025-05-01T05:00:00,,주말
7호선,2711,장암,709,,20250619,7호선,2752,온수,750,N,7호선,7277,2718,공릉,716,N,19:31:40,19:32:10,,7244,상행,2025-05-01T05:00:00,,주말
7호선,2711,장암,709,,20250619,7호선,2752,온수,750,N,7호선,7277,2717,하계,715,N,19:33:40,19:34:10,,7244,상행,2025-05-01T05:00:00,,주말
7호선,2711,장암,709,,20250619,7호선,2752,온수,750,N,7호선,7277,2716,중계,714,N,19:35:20,19:35:50,,7244,상행,2025-05-01T05:00:00,,주말
7호선,2711,장암,709,,20250619,7호선,2752,온수,750,N,7호선,7277,2715,노원,713,N,19:37:10,19:37:40,,7244,상행,2025-05-01T05:00:00,,주말
7호선,2711,장암,709,,20250619,7호선,2752,온수,750,N,7호선,7277,2714,마들,712,N,19:39:10,19:39:40,,7244,상행,2025-05-01T05:00:00,,주말
7호선,2711,장암,709,,20250619,7호선,2752,온수,750,N,7호선,7277,2713,수락산,711,N,19:41:40,19:42:10,,7244,상행,2025-05-01T05:00:00,,주말
7호선,2711,장암,709,,20250619,7호선,2752,온수,750,N,7호선,7277,2712,도봉산,710,N,19:44:30,19:45:00,,7244,상행,2025-05-01T05:00:00,,주말
7호선,2711,장암,709,,20250619,7호선,2752,온수,750,N,7호선,7277,2711,장암,709,N,19:49:30,,,7244,상행,2025-05-01T05:00:00,,주말
7호선,2712,도봉산,710,,20250619,7호선,3763,석남,761,N,7호선,7275,3763,석남,761,N,,18:05:30,,7246,상행,2025-05-01T05:00:00,,주말
7호선,2712,도봉산,710,,20250619,7호선,3763,석남,761,N,7호선,7275,3762,산곡,760,N,18:08:30,18:09:00,,7246,상행,2025-05-01T05:00:00,,주말
7호선,2712,도봉산,710,,20250619,7호선,3763,석남,761,N,7호선,7275,3761,부평구청,759,N,18:11:00,18:11:30,,7246,상행,2025-05-01T05:00:00,,주말
7호선,2712,도봉산,710,,20250619,7호선,3763,석남,761,N,7호선,7275,3760,굴포천,758,N,18:12:50,18:13:20,,7246,상행,2025-05-01T05:00:00,,주말
7호선,2712,도봉산,710,,20250619,7호선,3763,석남,761,N,7호선,7275,3759,삼산체육관,757,N,18:14:30,18:15:00,,7246,상행,2025-05-01T05:00:00,,주말
7호선,2712,도봉산,710,,20250619,7호선,3763,석남,761,N,7호선,7275,3758,상동,756,N,18:16:20,18:16:50,,7246,상행,2025-05-01T05:00:00,,주말
7호선,2712,도봉산,710,,20250619,7호선,3763,석남,761,N,7호선,7275,3757,부천시청,755,N,18:18:00,18:18:30,,7246,상행,2025-05-01T05:00:00,,주말
7호선,2712,도봉산,710,,20250619,7호선,3763,석남,761,N,7호선,7275,3756,신중동,754,N,18:19:50,18:20:20,,7246,상행,2025-05-01T05:00:00,,주말
7호선,2712,도봉산,710,,20250619,7호선,3763,석남,761,N,7호선,7275,3755,춘의,753,N,18:21:40,18:22:10,,7246,상행,2025-05-01T05:00:00,,주말
7호선,2712,도봉산,710,,20250619,7호선,3763,석남,761,N,7호선,7275,3754,부천종합운동장,752,N,18:23:30,18:24:00,,7246,상행,2025-05-01T05:00:00,,주말
7호선,2712,도봉산,710,,20250619,7호선,3763,석남,761,N,7호선,7275,3753,까치울,751,N,18:25:30,18:26:00,,7246,상행,2025-05-01T05:00:00,,주말
7호선,2712,도봉산,710,,20250619,7호선,3763,석남,761,N,7호선,7275,2752,온수,750,N,18:28:30,18:29:00,,7246,상행,2025-05-01T05:00:00,,주말
7호선,2712,도봉산,710,,20250619,7호선,3763,석남,761,N,7호선,7275,2751,천왕,749,N,18:31:20,18:31:40,,7246,상행,2025-05-01T05:00:00,,주말
7호선,2712,도봉산,710,,20250619,7호선,3763,석남,761,N,7호선,7275,2750,광명사거리,748,N,18:33:40,18:34:10,,7246,상행,2025-05-01T05:00:00,,주말
7호선,2712,도봉산,710,,20250619,7호선,3763,석남,761,N,7호선,7275,2749,철산,747,N,18:36:00,18:36:30,,7246,상행,2025-05-01T05:00:00,,주말
7호선,2712,도봉산,710,,20250619,7호선,3763,석남,761,N,7호선,7275,2748,가산디지털단지,746,N,18:38:30,18:39:00,,7246,상행,2025-05-01T05:00:00,,주말
7호선,2712,도봉산,710,,20250619,7호선,3763,석남,761,N,7호선,7275,2747,남구로,745,N,18:40:20,18:40:50,,7246,상행,2025-05-01T05:00:00,,주말
7호선,2712,도봉산,710,,20250619,7호선,3763,석남,761,N,7호선,7275,2746,대림,744,N,18:42:20,18:42:50,,7246,상행,2025-05-01T05:00:00,,주말
7호선,2712,도봉산,710,,20250619,7호선,3763,석남,761,N,7호선,7275,2745,신풍,743,N,18:44:50,18:45:20,,7246,상행,2025-05-01T05:00:00,,주말
7호선,2712,도봉산,710,,20250619,7호선,3763,석남,761,N,7호선,7275,2744,보라매,742,N,18:46:40,18:47:10,,7246,상행,2025-05-01T05:00:00,,주말
7호선,2712,도봉산,710,,20250619,7호선,3763,석남,761,N,7호선,7275,2743,신대방삼거리,741,N,18:48:20,18:48:50,,7246,상행,2025-05-01T05:00:00,,주말
7호선,2712,도봉산,710,,20250619,7호선,3763,석남,761,N,7호선,7275,2742,장승배기,740,N,18:50:40,18:51:10,,7246,상행,2025-05-01T05:00:00,,주말
7호선,2712,도봉산,710,,20250619,7호선,3763,석남,761,N,7호선,7275,2741,상도,739,N,18:52:40,18:53:10,,7246,상행,2025-05-01T05:00:00,,주말
7호선,2712,도봉산,710,,20250619,7호선,3763,석남,761,N,7호선,7275,2740,숭실대입구,738,N,18:54:20,18:54:50,,7246,상행,2025-05-01T05:00:00,,주말
7호선,2712,도봉산,710,,20250619,7호선,3763,석남,761,N,7호선,7275,2739,남성,737,N,18:57:20,18:57:50,,7246,상행,2025-05-01T05:00:00,,주말
7호선,2712,도봉산,710,,20250619,7호선,3763,석남,761,N,7호선,7275,2738,이수,736,N,18:59:10,18:59:50,,7246,상행,2025-05-01T05:00:00,,주말
7호선,2712,도봉산,710,,20250619,7호선,3763,석남,761,N,7호선,7275,2737,내방,735,N,19:01:20,19:01:50,,7246,상행,2025-05-01T05:00:00,,주말
7호선,2712,도봉산,710,,20250619,7호선,3763,석남,761,N,7호선,7275,2736,고속터미널,734,N,19:04:20,19:05:00,,7246,상행,2025-05-01T05:00:00,,주말
7호선,2712,도봉산,710,,20250619,7호선,3763,석남,761,N,7호선,7275,2735,반포,733,N,19:06:30,19:06:50,,7246,상행,2025-05-01T05:00:00,,주말
7호선,2712,도봉산,710,,20250619,7호선,3763,석남,761,N,7호선,7275,2734,논현,732,N,19:08:00,19:08:30,,7246,상행,2025-05-01T05:00:00,,주말
7호선,2712,도봉산,710,,20250619,7호선,3763,석남,761,N,7호선,7275,2733,학동,731,N,19:09:50,19:10:20,,7246,상행,2025-05-01T05:00:00,,주말
7호선,2712,도봉산,710,,20250619,7호선,3763,석남,761,N,7호선,7275,2732,강남구청,730,N,19:11:30,19:12:00,,7246,상행,2025-05-01T05:00:00,,주말
7호선,2712,도봉산,710,,20250619,7호선,3763,석남,761,N,7호선,7275,2731,청담,729,N,19:13:30,19:14:00,,7246,상행,2025-05-01T05:00:00,,주말
7호선,2712,도봉산,710,,20250619,7호선,3763,석남,761,N,7호선,7275,2730,자양,728,N,19:16:30,19:16:50,,7246,상행,2025-05-01T05:00:00,,주말
7호선,2712,도봉산,710,,20250619,7호선,3763,석남,761,N,7호선,7275,2729,건대입구,727,N,19:18:20,19:19:00,,7246,상행,2025-05-01T05:00:00,,주말
7호선,2712,도봉산,710,,20250619,7호선,3763,석남,761,N,7호선,7275,2728,어린이대공원,726,N,19:20:20,19:20:50,,7246,상행,2025-05-01T05:00:00,,주말
7호선,2712,도봉산,710,,20250619,7호선,3763,석남,761,N,7호선,7275,2727,군자,725,N,19:22:10,19:22:50,,7246,상행,2025-05-01T05:00:00,,주말
7호선,2712,도봉산,710,,20250619,7호선,3763,석남,761,N,7호선,7275,2726,중곡,724,N,19:24:10,19:24:40,,7246,상행,2025-05-01T05:00:00,,주말
7호선,2712,도봉산,710,,20250619,7호선,3763,석남,761,N,7호선,7275,2725,용마산,723,N,19:26:00,19:26:20,,7246,상행,2025-05-01T05:00:00,,주말
7호선,2712,도봉산,710,,20250619,7호선,3763,석남,761,N,7호선,7275,2724,사가정,722,N,19:27:30,19:28:00,,7246,상행,2025-05-01T05:00:00,,주말
7호선,2712,도봉산,710,,20250619,7호선,3763,석남,761,N,7호선,7275,2723,면목,721,N,19:29:10,19:29:40,,7246,상행,2025-05-01T05:00:00,,주말
7호선,2712,도봉산,710,,20250619,7호선,3763,석남,761,N,7호선,7275,2722,상봉,720,N,19:30:50,19:31:20,,7246,상행,2025-05-01T05:00:00,,주말
7호선,2712,도봉산,710,,20250619,7호선,3763,석남,761,N,7호선,7275,2721,중화,719,N,19:33:10,19:33:40,,7246,상행,2025-05-01T05:00:00,,주말
7호선,2712,도봉산,710,,20250619,7호선,3763,석남,761,N,7호선,7275,2720,먹골,718,N,19:35:00,19:35:30,,7246,상행,2025-05-01T05:00:00,,주말
7호선,2712,도봉산,710,,20250619,7호선,3763,석남,761,N,7호선,7275,2719,태릉입구,717,N,19:36:40,19:37:10,,7246,상행,2025-05-01T05:00:00,,주말
7호선,2712,도봉산,710,,20250619,7호선,3763,석남,761,N,7호선,7275,2718,공릉,716,N,19:38:10,19:38:40,,7246,상행,2025-05-01T05:00:00,,주말
7호선,2712,도봉산,710,,20250619,7호선,3763,석남,761,N,7호선,7275,2717,하계,715,N,19:40:10,19:40:40,,7246,상행,2025-05-01T05:00:00,,주말
7호선,2712,도봉산,710,,20250619,7호선,3763,석남,761,N,7호선,7275,2716,중계,714,N,19:41:50,19:42:20,,7246,상행,2025-05-01T05:00:00,,주말
7호선,2712,도봉산,710,,20250619,7호선,3763,석남,761,N,7호선,7275,2715,노원,713,N,19:43:40,19:44:10,,7246,상행,2025-05-01T05:00:00,,주말
7호선,2712,도봉산,710,,20250619,7호선,3763,석남,761,N,7호선,7275,2714,마들,712,N,19:45:40,19:46:10,,7246,상행,2025-05-01T05:00:00,,주말
7호선,2712,도봉산,710,,20250619,7호선,3763,석남,761,N,7호선,7275,2713,수락산,711,N,19:48:10,19:48:40,,7246,상행,2025-05-01T05:00:00,,주말
7호선,2712,도봉산,710,,20250619,7호선,3763,석남,761,N,7호선,7275,2712,도봉산,710,N,19:51:00,,,7246,상행,2025-05-01T05:00:00,,주말
7호선,2711,장암,709,,20250619,7호선,2752,온수,750,N,7호선,7281,2752,온수,750,N,,18:35:30,,7248,상행,2025-05-01T05:00:00,,주말
7호선,2711,장암,709,,20250619,7호선,2752,온수,750,N,7호선,7281,2751,천왕,749,N,18:37:50,18:38:10,,7248,상행,2025-05-01T05:00:00,,주말
7호선,2711,장암,709,,20250619,7호선,2752,온수,750,N,7호선,7281,2750,광명사거리,748,N,18:40:10,18:40:40,,7248,상행,2025-05-01T05:00:00,,주말
7호선,2711,장암,709,,20250619,7호선,2752,온수,750,N,7호선,7281,2749,철산,747,N,18:42:30,18:43:00,,7248,상행,2025-05-01T05:00:00,,주말
7호선,2711,장암,709,,20250619,7호선,2752,온수,750,N,7호선,7281,2748,가산디지털단지,746,N,18:45:00,18:45:30,,7248,상행,2025-05-01T05:00:00,,주말
7호선,2711,장암,709,,20250619,7호선,2752,온수,750,N,7호선,7281,2747,남구로,745,N,18:46:50,18:47:20,,7248,상행,2025-05-01T05:00:00,,주말
7호선,2711,장암,709,,20250619,7호선,2752,온수,750,N,7호선,7281,2746,대림,744,N,18:48:50,18:49:20,,7248,상행,2025-05-01T05:00:00,,주말
7호선,2711,장암,709,,20250619,7호선,2752,온수,750,N,7호선,7281,2745,신풍,743,N,18:51:20,18:51:50,,7248,상행,2025-05-01T05:00:00,,주말
7호선,2711,장암,709,,20250619,7호선,2752,온수,750,N,7호선,7281,2744,보라매,742,N,18:53:10,18:53:40,,7248,상행,2025-05-01T05:00:00,,주말
7호선,2711,장암,709,,20250619,7호선,2752,온수,750,N,7호선,7281,2743,신대방삼거리,741,N,18:54:50,18:55:20,,7248,상행,2025-05-01T05:00:00,,주말
7호선,2711,장암,709,,20250619,7호선,2752,온수,750,N,7호선,7281,2742,장승배기,740,N,18:57:10,18:57:40,,7248,상행,2025-05-01T05:00:00,,주말
7호선,2711,장암,709,,20250619,7호선,2752,온수,750,N,7호선,7281,2741,상도,739,N,18:59:10,18:59:40,,7248,상행,2025-05-01T05:00:00,,주말
7호선,2711,장암,709,,20250619,7호선,2752,온수,750,N,7호선,7281,2740,숭실대입구,738,N,19:00:50,19:01:20,,7248,상행,2025-05-01T05:00:00,,주말
7호선,2711,장암,709,,20250619,7호선,2752,온수,750,N,7호선,7281,2739,남성,737,N,19:03:50,19:04:20,,7248,상행,2025-05-01T05:00:00,,주말
7호선,2711,장암,709,,20250619,7호선,2752,온수,750,N,7호선,7281,2738,이수,736,N,19:05:40,19:06:20,,7248,상행,2025-05-01T05:00:00,,주말
7호선,2711,장암,709,,20250619,7호선,2752,온수,750,N,7호선,7281,2737,내방,735,N,19:07:50,19:08:20,,7248,상행,2025-05-01T05:00:00,,주말
7호선,2711,장암,709,,20250619,7호선,2752,온수,750,N,7호선,7281,2736,고속터미널,734,N,19:10:50,19:11:30,,7248,상행,2025-05-01T05:00:00,,주말
7호선,2711,장암,709,,20250619,7호선,2752,온수,750,N,7호선,7281,2735,반포,733,N,19:13:00,19:13:20,,7248,상행,2025-05-01T05:00:00,,주말
7호선,2711,장암,709,,20250619,7호선,2752,온수,750,N,7호선,7281,2734,논현,732,N,19:14:30,19:15:00,,7248,상행,2025-05-01T05:00:00,,주말
7호선,2711,장암,709,,20250619,7호선,2752,온수,750,N,7호선,7281,2733,학동,731,N,19:16:20,19:16:50,,7248,상행,2025-05-01T05:00:00,,주말
7호선,2711,장암,709,,20250619,7호선,2752,온수,750,N,7호선,7281,2732,강남구청,730,N,19:18:00,19:18:30,,7248,상행,2025-05-01T05:00:00,,주말
7호선,2711,장암,709,,20250619,7호선,2752,온수,750,N,7호선,7281,2731,청담,729,N,19:20:00,19:20:30,,7248,상행,2025-05-01T05:00:00,,주말
7호선,2711,장암,709,,20250619,7호선,2752,온수,750,N,7호선,7281,2730,자양,728,N,19:23:00,19:23:20,,7248,상행,2025-05-01T05:00:00,,주말
7호선,2711,장암,709,,20250619,7호선,2752,온수,750,N,7호선,7281,2729,건대입구,727,N,19:24:50,19:25:30,,7248,상행,2025-05-01T05:00:00,,주말
7호선,2711,장암,709,,20250619,7호선,2752,온수,750,N,7호선,7281,2728,어린이대공원,726,N,19:26:50,19:27:20,,7248,상행,2025-05-01T05:00:00,,주말
7호선,2711,장암,709,,20250619,7호선,2752,온수,750,N,7호선,7281,2727,군자,725,N,19:28:40,19:29:20,,7248,상행,2025-05-01T05:00:00,,주말
7호선,2711,장암,709,,20250619,7호선,2752,온수,750,N,7호선,7281,2726,중곡,724,N,19:30:40,19:31:10,,7248,상행,2025-05-01T05:00:00,,주말
7호선,2711,장암,709,,20250619,7호선,2752,온수,750,N,7호선,7281,2725,용마산,723,N,19:32:30,19:32:50,,7248,상행,2025-05-01T05:00:00,,주말
7호선,2711,장암,709,,20250619,7호선,2752,온수,750,N,7호선,7281,2724,사가정,722,N,19:34:00,19:34:30,,7248,상행,2025-05-01T05:00:00,,주말
7호선,2711,장암,709,,20250619,7호선,2752,온수,750,N,7호선,7281,2723,면목,721,N,19:35:40,19:36:10,,7248,상행,2025-05-01T05:00:00,,주말
7호선,2711,장암,709,,20250619,7호선,2752,온수,750,N,7호선,7281,2722,상봉,720,N,19:37:20,19:37:50,,7248,상행,2025-05-01T05:00:00,,주말
7호선,2711,장암,709,,20250619,7호선,2752,온수,750,N,7호선,7281,2721,중화,719,N,19:39:40,19:40:10,,7248,상행,2025-05-01T05:00:00,,주말
7호선,2711,장암,709,,20250619,7호선,2752,온수,750,N,7호선,7281,2720,먹골,718,N,19:41:30,19:42:00,,7248,상행,2025-05-01T05:00:00,,주말
7호선,2711,장암,709,,20250619,7호선,2752,온수,750,N,7호선,7281,2719,태릉입구,717,N,19:43:10,19:43:40,,7248,상행,2025-05-01T05:00:00,,주말
7호선,2711,장암,709,,20250619,7호선,2752,온수,750,N,7호선,7281,2718,공릉,716,N,19:44:40,19:45:10,,7248,상행,2025-05-01T05:00:00,,주말
7호선,2711,장암,709,,20250619,7호선,2752,온수,750,N,7호선,7281,2717,하계,715,N,19:46:40,19:47:10,,7248,상행,2025-05-01T05:00:00,,주말
7호선,2711,장암,709,,20250619,7호선,2752,온수,750,N,7호선,7281,2716,중계,714,N,19:48:20,19:48:50,,7248,상행,2025-05-01T05:00:00,,주말
7호선,2711,장암,709,,20250619,7호선,2752,온수,750,N,7호선,7281,2715,노원,713,N,19:50:10,19:50:40,,7248,상행,2025-05-01T05:00:00,,주말
7호선,2711,장암,709,,20250619,7호선,2752,온수,750,N,7호선,7281,2714,마들,712,N,19:52:10,19:52:40,,7248,상행,2025-05-01T05:00:00,,주말
7호선,2711,장암,709,,20250619,7호선,2752,온수,750,N,7호선,7281,2713,수락산,711,N,19:54:40,19:55:10,,7248,상행,2025-05-01T05:00:00,,주말
7호선,2711,장암,709,,20250619,7호선,2752,온수,750,N,7호선,7281,2712,도봉산,710,N,19:57:30,19:58:00,,7248,상행,2025-05-01T05:00:00,,주말
7호선,2711,장암,709,,20250619,7호선,2752,온수,750,N,7호선,7281,2711,장암,709,N,20:02:30,,,7248,상행,2025-05-01T05:00:00,,주말
7호선,2712,도봉산,710,,20250619,7호선,3763,석남,761,N,7호선,7279,3763,석남,761,N,,18:18:40,,7250,상행,2025-05-01T05:00:00,,주말
7호선,2712,도봉산,710,,20250619,7호선,3763,석남,761,N,7호선,7279,3762,산곡,760,N,18:21:40,18:22:10,,7250,상행,2025-05-01T05:00:00,,주말
7호선,2712,도봉산,710,,20250619,7호선,3763,석남,761,N,7호선,7279,3761,부평구청,759,N,18:24:10,18:24:40,,7250,상행,2025-05-01T05:00:00,,주말
7호선,2712,도봉산,710,,20250619,7호선,3763,석남,761,N,7호선,7279,3760,굴포천,758,N,18:26:00,18:26:30,,7250,상행,2025-05-01T05:00:00,,주말
7호선,2712,도봉산,710,,20250619,7호선,3763,석남,761,N,7호선,7279,3759,삼산체육관,757,N,18:27:40,18:28:10,,7250,상행,2025-05-01T05:00:00,,주말
7호선,2712,도봉산,710,,20250619,7호선,3763,석남,761,N,7호선,7279,3758,상동,756,N,18:29:30,18:30:00,,7250,상행,2025-05-01T05:00:00,,주말
7호선,2712,도봉산,710,,20250619,7호선,3763,석남,761,N,7호선,7279,3757,부천시청,755,N,18:31:10,18:31:40,,7250,상행,2025-05-01T05:00:00,,주말
7호선,2712,도봉산,710,,20250619,7호선,3763,석남,761,N,7호선,7279,3756,신중동,754,N,18:33:00,18:33:30,,7250,상행,2025-05-01T05:00:00,,주말
7호선,2712,도봉산,710,,20250619,7호선,3763,석남,761,N,7호선,7279,3755,춘의,753,N,18:34:50,18:35:20,,7250,상행,2025-05-01T05:00:00,,주말
7호선,2712,도봉산,710,,20250619,7호선,3763,석남,761,N,7호선,7279,3754,부천종합운동장,752,N,18:36:40,18:37:10,,7250,상행,2025-05-01T05:00:00,,주말
7호선,2712,도봉산,710,,20250619,7호선,3763,석남,761,N,7호선,7279,3753,까치울,751,N,18:38:40,18:39:10,,7250,상행,2025-05-01T05:00:00,,주말
7호선,2712,도봉산,710,,20250619,7호선,3763,석남,761,N,7호선,7279,2752,온수,750,N,18:41:40,18:42:10,,7250,상행,2025-05-01T05:00:00,,주말
7호선,2712,도봉산,710,,20250619,7호선,3763,석남,761,N,7호선,7279,2751,천왕,749,N,18:44:30,18:44:50,,7250,상행,2025-05-01T05:00:00,,주말
7호선,2712,도봉산,710,,20250619,7호선,3763,석남,761,N,7호선,7279,2750,광명사거리,748,N,18:46:50,18:47:20,,7250,상행,2025-05-01T05:00:00,,주말
7호선,2712,도봉산,710,,20250619,7호선,3763,석남,761,N,7호선,7279,2749,철산,747,N,18:49:10,18:49:40,,7250,상행,2025-05-01T05:00:00,,주말
7호선,2712,도봉산,710,,20250619,7호선,3763,석남,761,N,7호선,7279,2748,가산디지털단지,746,N,18:51:40,18:52:10,,7250,상행,2025-05-01T05:00:00,,주말
7호선,2712,도봉산,710,,20250619,7호선,3763,석남,761,N,7호선,7279,2747,남구로,745,N,18:53:30,18:54:00,,7250,상행,2025-05-01T05:00:00,,주말
7호선,2712,도봉산,710,,20250619,7호선,3763,석남,761,N,7호선,7279,2746,대림,744,N,18:55:30,18:56:00,,7250,상행,2025-05-01T05:00:00,,주말
7호선,2712,도봉산,710,,20250619,7호선,3763,석남,761,N,7호선,7279,2745,신풍,743,N,18:58:00,18:58:30,,7250,상행,2025-05-01T05:00:00,,주말
7호선,2712,도봉산,710,,20250619,7호선,3763,석남,761,N,7호선,7279,2744,보라매,742,N,18:59:50,19:00:20,,7250,상행,2025-05-01T05:00:00,,주말
7호선,2712,도봉산,710,,20250619,7호선,3763,석남,761,N,7호선,7279,2743,신대방삼거리,741,N,19:01:30,19:02:00,,7250,상행,2025-05-01T05:00:00,,주말
7호선,2712,도봉산,710,,20250619,7호선,3763,석남,761,N,7호선,7279,2742,장승배기,740,N,19:03:50,19:04:20,,7250,상행,2025-05-01T05:00:00,,주말
7호선,2712,도봉산,710,,20250619,7호선,3763,석남,761,N,7호선,7279,2741,상도,739,N,19:05:50,19:06:20,,7250,상행,2025-05-01T05:00:00,,주말
7호선,2712,도봉산,710,,20250619,7호선,3763,석남,761,N,7호선,7279,2740,숭실대입구,738,N,19:07:30,19:08:00,,7250,상행,2025-05-01T05:00:00,,주말
7호선,2712,도봉산,710,,20250619,7호선,3763,석남,761,N,7호선,7279,2739,남성,737,N,19:10:30,19:11:00,,7250,상행,2025-05-01T05:00:00,,주말
7호선,2712,도봉산,710,,20250619,7호선,3763,석남,761,N,7호선,7279,2738,이수,736,N,19:12:20,19:13:00,,7250,상행,2025-05-01T05:00:00,,주말
7호선,2712,도봉산,710,,20250619,7호선,3763,석남,761,N,7호선,7279,2737,내방,735,N,19:14:30,19:15:00,,7250,상행,2025-05-01T05:00:00,,주말
7호선,2712,도봉산,710,,20250619,7호선,3763,석남,761,N,7호선,7279,2736,고속터미널,734,N,19:17:30,19:18:10,,7250,상행,2025-05-01T05:00:00,,주말
7호선,2712,도봉산,710,,20250619,7호선,3763,석남,761,N,7호선,7279,2735,반포,733,N,19:19:40,19:20:00,,7250,상행,2025-05-01T05:00:00,,주말
7호선,2712,도봉산,710,,20250619,7호선,3763,석남,761,N,7호선,7279,2734,논현,732,N,19:21:10,19:21:40,,7250,상행,2025-05-01T05:00:00,,주말
7호선,2712,도봉산,710,,20250619,7호선,3763,석남,761,N,7호선,7279,2733,학동,731,N,19:23:00,19:23:30,,7250,상행,2025-05-01T05:00:00,,주말
7호선,2712,도봉산,710,,20250619,7호선,3763,석남,761,N,7호선,7279,2732,강남구청,730,N,19:24:40,19:25:10,,7250,상행,2025-05-01T05:00:00,,주말
7호선,2712,도봉산,710,,20250619,7호선,3763,석남,761,N,7호선,7279,2731,청담,729,N,19:26:40,19:27:10,,7250,상행,2025-05-01T05:00:00,,주말
7호선,2712,도봉산,710,,20250619,7호선,3763,석남,761,N,7호선,7279,2730,자양,728,N,19:29:40,19:30:00,,7250,상행,2025-05-01T05:00:00,,주말
7호선,2712,도봉산,710,,20250619,7호선,3763,석남,761,N,7호선,7279,2729,건대입구,727,N,19:31:30,19:32:10,,7250,상행,2025-05-01T05:00:00,,주말
7호선,2712,도봉산,710,,20250619,7호선,3763,석남,761,N,7호선,7279,2728,어린이대공원,726,N,19:33:30,19:34:00,,7250,상행,2025-05-01T05:00:00,,주말
7호선,2712,도봉산,710,,20250619,7호선,3763,석남,761,N,7호선,7279,2727,군자,725,N,19:35:20,19:36:00,,7250,상행,2025-05-01T05:00:00,,주말
7호선,2712,도봉산,710,,20250619,7호선,3763,석남,761,N,7호선,7279,2726,중곡,724,N,19:37:20,19:37:50,,7250,상행,2025-05-01T05:00:00,,주말
7호선,2712,도봉산,710,,20250619,7호선,3763,석남,761,N,7호선,7279,2725,용마산,723,N,19:39:10,19:39:30,,7250,상행,2025-05-01T05:00:00,,주말
7호선,2712,도봉산,710,,20250619,7호선,3763,석남,761,N,7호선,7279,2724,사가정,722,N,19:40:40,19:41:10,,7250,상행,2025-05-01T05:00:00,,주말
7호선,2712,도봉산,710,,20250619,7호선,3763,석남,761,N,7호선,7279,2723,면목,721,N,19:42:20,19:42:50,,7250,상행,2025-05-01T05:00:00,,주말
7호선,2712,도봉산,710,,20250619,7호선,3763,석남,761,N,7호선,7279,2722,상봉,720,N,19:44:00,19:44:30,,7250,상행,2025-05-01T05:00:00,,주말
7호선,2712,도봉산,710,,20250619,7호선,3763,석남,761,N,7호선,7279,2721,중화,719,N,19:46:20,19:46:50,,7250,상행,2025-05-01T05:00:00,,주말
7호선,2712,도봉산,710,,20250619,7호선,3763,석남,761,N,7호선,7279,2720,먹골,718,N,19:48:10,19:48:40,,7250,상행,2025-05-01T05:00:00,,주말
7호선,2712,도봉산,710,,20250619,7호선,3763,석남,761,N,7호선,7279,2719,태릉입구,717,N,19:49:50,19:50:20,,7250,상행,2025-05-01T05:00:00,,주말
7호선,2712,도봉산,710,,20250619,7호선,3763,석남,761,N,7호선,7279,2718,공릉,716,N,19:51:20,19:51:50,,7250,상행,2025-05-01T05:00:00,,주말
7호선,2712,도봉산,710,,20250619,7호선,3763,석남,761,N,7호선,7279,2717,하계,715,N,19:53:20,19:53:50,,7250,상행,2025-05-01T05:00:00,,주말
7호선,2712,도봉산,710,,20250619,7호선,3763,석남,761,N,7호선,7279,2716,중계,714,N,19:55:00,19:55:30,,7250,상행,2025-05-01T05:00:00,,주말
7호선,2712,도봉산,710,,20250619,7호선,3763,석남,761,N,7호선,7279,2715,노원,713,N,19:56:50,19:57:20,,7250,상행,2025-05-01T05:00:00,,주말
7호선,2712,도봉산,710,,20250619,7호선,3763,석남,761,N,7호선,7279,2714,마들,712,N,19:58:50,19:59:20,,7250,상행,2025-05-01T05:00:00,,주말
7호선,2712,도봉산,710,,20250619,7호선,3763,석남,761,N,7호선,7279,2713,수락산,711,N,20:01:20,20:01:50,,7250,상행,2025-05-01T05:00:00,,주말
7호선,2712,도봉산,710,,20250619,7호선,3763,석남,761,N,7호선,7279,2712,도봉산,710,N,20:04:10,,,7250,상행,2025-05-01T05:00:00,,주말
7호선,2711,장암,709,,20250619,7호선,2752,온수,750,N,7호선,7285,2752,온수,750,N,,18:48:30,,7252,상행,2025-05-01T05:00:00,,주말
7호선,2711,장암,709,,20250619,7호선,2752,온수,750,N,7호선,7285,2751,천왕,749,N,18:50:50,18:51:10,,7252,상행,2025-05-01T05:00:00,,주말
7호선,2711,장암,709,,20250619,7호선,2752,온수,750,N,7호선,7285,2750,광명사거리,748,N,18:53:10,18:53:40,,7252,상행,2025-05-01T05:00:00,,주말
7호선,2711,장암,709,,20250619,7호선,2752,온수,750,N,7호선,7285,2749,철산,747,N,18:55:30,18:56:00,,7252,상행,2025-05-01T05:00:00,,주말
7호선,2711,장암,709,,20250619,7호선,2752,온수,750,N,7호선,7285,2748,가산디지털단지,746,N,18:58:00,18:58:30,,7252,상행,2025-05-01T05:00:00,,주말
7호선,2711,장암,709,,20250619,7호선,2752,온수,750,N,7호선,7285,2747,남구로,745,N,18:59:50,19:00:20,,7252,상행,2025-05-01T05:00:00,,주말
7호선,2711,장암,709,,20250619,7호선,2752,온수,750,N,7호선,7285,2746,대림,744,N,19:01:50,19:02:20,,7252,상행,2025-05-01T05:00:00,,주말
7호선,2711,장암,709,,20250619,7호선,2752,온수,750,N,7호선,7285,2745,신풍,743,N,19:04:20,19:04:50,,7252,상행,2025-05-01T05:00:00,,주말
7호선,2711,장암,709,,20250619,7호선,2752,온수,750,N,7호선,7285,2744,보라매,742,N,19:06:10,19:06:40,,7252,상행,2025-05-01T05:00:00,,주말
7호선,2711,장암,709,,20250619,7호선,2752,온수,750,N,7호선,7285,2743,신대방삼거리,741,N,19:07:50,19:08:20,,7252,상행,2025-05-01T05:00:00,,주말
7호선,2711,장암,709,,20250619,7호선,2752,온수,750,N,7호선,7285,2742,장승배기,740,N,19:10:10,19:10:40,,7252,상행,2025-05-01T05:00:00,,주말
7호선,2711,장암,709,,20250619,7호선,2752,온수,750,N,7호선,7285,2741,상도,739,N,19:12:10,19:12:40,,7252,상행,2025-05-01T05:00:00,,주말
7호선,2711,장암,709,,20250619,7호선,2752,온수,750,N,7호선,7285,2740,숭실대입구,738,N,19:13:50,19:14:20,,7252,상행,2025-05-01T05:00:00,,주말
7호선,2711,장암,709,,20250619,7호선,2752,온수,750,N,7호선,7285,2739,남성,737,N,19:16:50,19:17:20,,7252,상행,2025-05-01T05:00:00,,주말
7호선,2711,장암,709,,20250619,7호선,2752,온수,750,N,7호선,7285,2738,이수,736,N,19:18:40,19:19:20,,7252,상행,2025-05-01T05:00:00,,주말
7호선,2711,장암,709,,20250619,7호선,2752,온수,750,N,7호선,7285,2737,내방,735,N,19:20:50,19:21:20,,7252,상행,2025-05-01T05:00:00,,주말
7호선,2711,장암,709,,20250619,7호선,2752,온수,750,N,7호선,7285,2736,고속터미널,734,N,19:23:50,19:24:30,,7252,상행,2025-05-01T05:00:00,,주말
7호선,2711,장암,709,,20250619,7호선,2752,온수,750,N,7호선,7285,2735,반포,733,N,19:26:00,19:26:20,,7252,상행,2025-05-01T05:00:00,,주말
7호선,2711,장암,709,,20250619,7호선,2752,온수,750,N,7호선,7285,2734,논현,732,N,19:27:30,19:28:00,,7252,상행,2025-05-01T05:00:00,,주말
7호선,2711,장암,709,,20250619,7호선,2752,온수,750,N,7호선,7285,2733,학동,731,N,19:29:20,19:29:50,,7252,상행,2025-05-01T05:00:00,,주말
7호선,2711,장암,709,,20250619,7호선,2752,온수,750,N,7호선,7285,2732,강남구청,730,N,19:31:00,19:31:30,,7252,상행,2025-05-01T05:00:00,,주말
7호선,2711,장암,709,,20250619,7호선,2752,온수,750,N,7호선,7285,2731,청담,729,N,19:33:00,19:33:30,,7252,상행,2025-05-01T05:00:00,,주말
7호선,2711,장암,709,,20250619,7호선,2752,온수,750,N,7호선,7285,2730,자양,728,N,19:36:00,19:36:20,,7252,상행,2025-05-01T05:00:00,,주말
7호선,2711,장암,709,,20250619,7호선,2752,온수,750,N,7호선,7285,2729,건대입구,727,N,19:37:50,19:38:30,,7252,상행,2025-05-01T05:00:00,,주말
7호선,2711,장암,709,,20250619,7호선,2752,온수,750,N,7호선,7285,2728,어린이대공원,726,N,19:39:50,19:40:20,,7252,상행,2025-05-01T05:00:00,,주말
7호선,2711,장암,709,,20250619,7호선,2752,온수,750,N,7호선,7285,2727,군자,725,N,19:41:40,19:42:20,,7252,상행,2025-05-01T05:00:00,,주말
7호선,2711,장암,709,,20250619,7호선,2752,온수,750,N,7호선,7285,2726,중곡,724,N,19:43:40,19:44:10,,7252,상행,2025-05-01T05:00:00,,주말
7호선,2711,장암,709,,20250619,7호선,2752,온수,750,N,7호선,7285,2725,용마산,723,N,19:45:30,19:45:50,,7252,상행,2025-05-01T05:00:00,,주말
7호선,2711,장암,709,,20250619,7호선,2752,온수,750,N,7호선,7285,2724,사가정,722,N,19:47:00,19:47:30,,7252,상행,2025-05-01T05:00:00,,주말
7호선,2711,장암,709,,20250619,7호선,2752,온수,750,N,7호선,7285,2723,면목,721,N,19:48:40,19:49:10,,7252,상행,2025-05-01T05:00:00,,주말
7호선,2711,장암,709,,20250619,7호선,2752,온수,750,N,7호선,7285,2722,상봉,720,N,19:50:20,19:50:50,,7252,상행,2025-05-01T05:00:00,,주말
7호선,2711,장암,709,,20250619,7호선,2752,온수,750,N,7호선,7285,2721,중화,719,N,19:52:40,19:53:10,,7252,상행,2025-05-01T05:00:00,,주말
7호선,2711,장암,709,,20250619,7호선,2752,온수,750,N,7호선,7285,2720,먹골,718,N,19:54:30,19:55:00,,7252,상행,2025-05-01T05:00:00,,주말
7호선,2711,장암,709,,20250619,7호선,2752,온수,750,N,7호선,7285,2719,태릉입구,717,N,19:56:10,19:56:40,,7252,상행,2025-05-01T05:00:00,,주말
7호선,2711,장암,709,,20250619,7호선,2752,온수,750,N,7호선,7285,2718,공릉,716,N,19:57:40,19:58:10,,7252,상행,2025-05-01T05:00:00,,주말
7호선,2711,장암,709,,20250619,7호선,2752,온수,750,N,7호선,7285,2717,하계,715,N,19:59:40,20:00:10,,7252,상행,2025-05-01T05:00:00,,주말
7호선,2711,장암,709,,20250619,7호선,2752,온수,750,N,7호선,7285,2716,중계,714,N,20:01:20,20:01:50,,7252,상행,2025-05-01T05:00:00,,주말
7호선,2711,장암,709,,20250619,7호선,2752,온수,750,N,7호선,7285,2715,노원,713,N,20:03:10,20:03:40,,7252,상행,2025-05-01T05:00:00,,주말
7호선,2711,장암,709,,20250619,7호선,2752,온수,750,N,7호선,7285,2714,마들,712,N,20:05:10,20:05:40,,7252,상행,2025-05-01T05:00:00,,주말
7호선,2711,장암,709,,20250619,7호선,2752,온수,750,N,7호선,7285,2713,수락산,711,N,20:07:40,20:08:10,,7252,상행,2025-05-01T05:00:00,,주말
7호선,2711,장암,709,,20250619,7호선,2752,온수,750,N,7호선,7285,2712,도봉산,710,N,20:10:30,20:11:00,,7252,상행,2025-05-01T05:00:00,,주말
7호선,2711,장암,709,,20250619,7호선,2752,온수,750,N,7호선,7285,2711,장암,709,N,20:15:30,,,7252,상행,2025-05-01T05:00:00,,주말
7호선,2712,도봉산,710,,20250619,7호선,3763,석남,761,N,7호선,7283,3763,석남,761,N,,18:31:30,,7254,상행,2025-05-01T05:00:00,,주말
7호선,2712,도봉산,710,,20250619,7호선,3763,석남,761,N,7호선,7283,3762,산곡,760,N,18:34:30,18:35:00,,7254,상행,2025-05-01T05:00:00,,주말
7호선,2712,도봉산,710,,20250619,7호선,3763,석남,761,N,7호선,7283,3761,부평구청,759,N,18:37:00,18:37:30,,7254,상행,2025-05-01T05:00:00,,주말
7호선,2712,도봉산,710,,20250619,7호선,3763,석남,761,N,7호선,7283,3760,굴포천,758,N,18:38:50,18:39:20,,7254,상행,2025-05-01T05:00:00,,주말
7호선,2712,도봉산,710,,20250619,7호선,3763,석남,761,N,7호선,7283,3759,삼산체육관,757,N,18:40:30,18:41:00,,7254,상행,2025-05-01T05:00:00,,주말
7호선,2712,도봉산,710,,20250619,7호선,3763,석남,761,N,7호선,7283,3758,상동,756,N,18:42:20,18:42:50,,7254,상행,2025-05-01T05:00:00,,주말
7호선,2712,도봉산,710,,20250619,7호선,3763,석남,761,N,7호선,7283,3757,부천시청,755,N,18:44:00,18:44:30,,7254,상행,2025-05-01T05:00:00,,주말
7호선,2712,도봉산,710,,20250619,7호선,3763,석남,761,N,7호선,7283,3756,신중동,754,N,18:45:50,18:46:20,,7254,상행,2025-05-01T05:00:00,,주말
7호선,2712,도봉산,710,,20250619,7호선,3763,석남,761,N,7호선,7283,3755,춘의,753,N,18:47:40,18:48:10,,7254,상행,2025-05-01T05:00:00,,주말
7호선,2712,도봉산,710,,20250619,7호선,3763,석남,761,N,7호선,7283,3754,부천종합운동장,752,N,18:49:30,18:50:00,,7254,상행,2025-05-01T05:00:00,,주말
7호선,2712,도봉산,710,,20250619,7호선,3763,석남,761,N,7호선,7283,3753,까치울,751,N,18:51:30,18:52:00,,7254,상행,2025-05-01T05:00:00,,주말
7호선,2712,도봉산,710,,20250619,7호선,3763,석남,761,N,7호선,7283,2752,온수,750,N,18:54:30,18:55:00,,7254,상행,2025-05-01T05:00:00,,주말
7호선,2712,도봉산,710,,20250619,7호선,3763,석남,761,N,7호선,7283,2751,천왕,749,N,18:57:20,18:57:40,,7254,상행,2025-05-01T05:00:00,,주말
7호선,2712,도봉산,710,,20250619,7호선,3763,석남,761,N,7호선,7283,2750,광명사거리,748,N,18:59:40,19:00:10,,7254,상행,2025-05-01T05:00:00,,주말
7호선,2712,도봉산,710,,20250619,7호선,3763,석남,761,N,7호선,7283,2749,철산,747,N,19:02:00,19:02:30,,7254,상행,2025-05-01T05:00:00,,주말
7호선,2712,도봉산,710,,20250619,7호선,3763,석남,761,N,7호선,7283,2748,가산디지털단지,746,N,19:04:30,19:05:00,,7254,상행,2025-05-01T05:00:00,,주말
7호선,2712,도봉산,710,,20250619,7호선,3763,석남,761,N,7호선,7283,2747,남구로,745,N,19:06:20,19:06:50,,7254,상행,2025-05-01T05:00:00,,주말
7호선,2712,도봉산,710,,20250619,7호선,3763,석남,761,N,7호선,7283,2746,대림,744,N,19:08:20,19:08:50,,7254,상행,2025-05-01T05:00:00,,주말
7호선,2712,도봉산,710,,20250619,7호선,3763,석남,761,N,7호선,7283,2745,신풍,743,N,19:10:50,19:11:20,,7254,상행,2025-05-01T05:00:00,,주말
7호선,2712,도봉산,710,,20250619,7호선,3763,석남,761,N,7호선,7283,2744,보라매,742,N,19:12:40,19:13:10,,7254,상행,2025-05-01T05:00:00,,주말
7호선,2712,도봉산,710,,20250619,7호선,3763,석남,761,N,7호선,7283,2743,신대방삼거리,741,N,19:14:20,19:14:50,,7254,상행,2025-05-01T05:00:00,,주말
7호선,2712,도봉산,710,,20250619,7호선,3763,석남,761,N,7호선,7283,2742,장승배기,740,N,19:16:40,19:17:10,,7254,상행,2025-05-01T05:00:00,,주말
7호선,2712,도봉산,710,,20250619,7호선,3763,석남,761,N,7호선,7283,2741,상도,739,N,19:18:40,19:19:10,,7254,상행,2025-05-01T05:00:00,,주말
7호선,2712,도봉산,710,,20250619,7호선,3763,석남,761,N,7호선,7283,2740,숭실대입구,738,N,19:20:20,19:20:50,,7254,상행,2025-05-01T05:00:00,,주말
7호선,2712,도봉산,710,,20250619,7호선,3763,석남,761,N,7호선,7283,2739,남성,737,N,19:23:20,19:23:50,,7254,상행,2025-05-01T05:00:00,,주말
7호선,2712,도봉산,710,,20250619,7호선,3763,석남,761,N,7호선,7283,2738,이수,736,N,19:25:10,19:25:50,,7254,상행,2025-05-01T05:00:00,,주말
7호선,2712,도봉산,710,,20250619,7호선,3763,석남,761,N,7호선,7283,2737,내방,735,N,19:27:20,19:27:50,,7254,상행,2025-05-01T05:00:00,,주말
7호선,2712,도봉산,710,,20250619,7호선,3763,석남,761,N,7호선,7283,2736,고속터미널,734,N,19:30:20,19:31:00,,7254,상행,2025-05-01T05:00:00,,주말
7호선,2712,도봉산,710,,20250619,7호선,3763,석남,761,N,7호선,7283,2735,반포,733,N,19:32:30,19:32:50,,7254,상행,2025-05-01T05:00:00,,주말
7호선,2712,도봉산,710,,20250619,7호선,3763,석남,761,N,7호선,7283,2734,논현,732,N,19:34:00,19:34:30,,7254,상행,2025-05-01T05:00:00,,주말
7호선,2712,도봉산,710,,20250619,7호선,3763,석남,761,N,7호선,7283,2733,학동,731,N,19:35:50,19:36:20,,7254,상행,2025-05-01T05:00:00,,주말
7호선,2712,도봉산,710,,20250619,7호선,3763,석남,761,N,7호선,7283,2732,강남구청,730,N,19:37:30,19:38:00,,7254,상행,2025-05-01T05:00:00,,주말
7호선,2712,도봉산,710,,20250619,7호선,3763,석남,761,N,7호선,7283,2731,청담,729,N,19:39:30,19:40:00,,7254,상행,2025-05-01T05:00:00,,주말
7호선,2712,도봉산,710,,20250619,7호선,3763,석남,761,N,7호선,7283,2730,자양,728,N,19:42:30,19:42:50,,7254,상행,2025-05-01T05:00:00,,주말
7호선,2712,도봉산,710,,20250619,7호선,3763,석남,761,N,7호선,7283,2729,건대입구,727,N,19:44:20,19:45:00,,7254,상행,2025-05-01T05:00:00,,주말
7호선,2712,도봉산,710,,20250619,7호선,3763,석남,761,N,7호선,7283,2728,어린이대공원,726,N,19:46:20,19:46:50,,7254,상행,2025-05-01T05:00:00,,주말
7호선,2712,도봉산,710,,20250619,7호선,3763,석남,761,N,7호선,7283,2727,군자,725,N,19:48:10,19:48:50,,7254,상행,2025-05-01T05:00:00,,주말
7호선,2712,도봉산,710,,20250619,7호선,3763,석남,761,N,7호선,7283,2726,중곡,724,N,19:50:10,19:50:40,,7254,상행,2025-05-01T05:00:00,,주말
7호선,2712,도봉산,710,,20250619,7호선,3763,석남,761,N,7호선,7283,2725,용마산,723,N,19:52:00,19:52:20,,7254,상행,2025-05-01T05:00:00,,주말
7호선,2712,도봉산,710,,20250619,7호선,3763,석남,761,N,7호선,7283,2724,사가정,722,N,19:53:30,19:54:00,,7254,상행,2025-05-01T05:00:00,,주말
7호선,2712,도봉산,710,,20250619,7호선,3763,석남,761,N,7호선,7283,2723,면목,721,N,19:55:10,19:55:40,,7254,상행,2025-05-01T05:00:00,,주말
7호선,2712,도봉산,710,,20250619,7호선,3763,석남,761,N,7호선,7283,2722,상봉,720,N,19:56:50,19:57:20,,7254,상행,2025-05-01T05:00:00,,주말
7호선,2712,도봉산,710,,20250619,7호선,3763,석남,761,N,7호선,7283,2721,중화,719,N,19:59:10,19:59:40,,7254,상행,2025-05-01T05:00:00,,주말
7호선,2712,도봉산,710,,20250619,7호선,3763,석남,761,N,7호선,7283,2720,먹골,718,N,20:01:00,20:01:30,,7254,상행,2025-05-01T05:00:00,,주말
7호선,2712,도봉산,710,,20250619,7호선,3763,석남,761,N,7호선,7283,2719,태릉입구,717,N,20:02:40,20:03:10,,7254,상행,2025-05-01T05:00:00,,주말
7호선,2712,도봉산,710,,20250619,7호선,3763,석남,761,N,7호선,7283,2718,공릉,716,N,20:04:10,20:04:40,,7254,상행,2025-05-01T05:00:00,,주말
7호선,2712,도봉산,710,,20250619,7호선,3763,석남,761,N,7호선,7283,2717,하계,715,N,20:06:10,20:06:40,,7254,상행,2025-05-01T05:00:00,,주말
7호선,2712,도봉산,710,,20250619,7호선,3763,석남,761,N,7호선,7283,2716,중계,714,N,20:07:50,20:08:20,,7254,상행,2025-05-01T05:00:00,,주말
7호선,2712,도봉산,710,,20250619,7호선,3763,석남,761,N,7호선,7283,2715,노원,713,N,20:09:40,20:10:10,,7254,상행,2025-05-01T05:00:00,,주말
7호선,2712,도봉산,710,,20250619,7호선,3763,석남,761,N,7호선,7283,2714,마들,712,N,20:11:40,20:12:10,,7254,상행,2025-05-01T05:00:00,,주말
7호선,2712,도봉산,710,,20250619,7호선,3763,석남,761,N,7호선,7283,2713,수락산,711,N,20:14:10,20:14:40,,7254,상행,2025-05-01T05:00:00,,주말
7호선,2712,도봉산,710,,20250619,7호선,3763,석남,761,N,7호선,7283,2712,도봉산,710,N,20:17:00,,,7254,상행,2025-05-01T05:00:00,,주말
7호선,2711,장암,709,,20250619,7호선,2752,온수,750,N,7호선,7289,2752,온수,750,N,,19:01:30,,7256,상행,2025-05-01T05:00:00,,주말
7호선,2711,장암,709,,20250619,7호선,2752,온수,750,N,7호선,7289,2751,천왕,749,N,19:03:50,19:04:10,,7256,상행,2025-05-01T05:00:00,,주말
7호선,2711,장암,709,,20250619,7호선,2752,온수,750,N,7호선,7289,2750,광명사거리,748,N,19:06:10,19:06:40,,7256,상행,2025-05-01T05:00:00,,주말
7호선,2711,장암,709,,20250619,7호선,2752,온수,750,N,7호선,7289,2749,철산,747,N,19:08:30,19:09:00,,7256,상행,2025-05-01T05:00:00,,주말
7호선,2711,장암,709,,20250619,7호선,2752,온수,750,N,7호선,7289,2748,가산디지털단지,746,N,19:11:00,19:11:30,,7256,상행,2025-05-01T05:00:00,,주말
7호선,2711,장암,709,,20250619,7호선,2752,온수,750,N,7호선,7289,2747,남구로,745,N,19:12:50,19:13:20,,7256,상행,2025-05-01T05:00:00,,주말
7호선,2711,장암,709,,20250619,7호선,2752,온수,750,N,7호선,7289,2746,대림,744,N,19:14:50,19:15:20,,7256,상행,2025-05-01T05:00:00,,주말
7호선,2711,장암,709,,20250619,7호선,2752,온수,750,N,7호선,7289,2745,신풍,743,N,19:17:20,19:17:50,,7256,상행,2025-05-01T05:00:00,,주말
7호선,2711,장암,709,,20250619,7호선,2752,온수,750,N,7호선,7289,2744,보라매,742,N,19:19:10,19:19:40,,7256,상행,2025-05-01T05:00:00,,주말
7호선,2711,장암,709,,20250619,7호선,2752,온수,750,N,7호선,7289,2743,신대방삼거리,741,N,19:20:50,19:21:20,,7256,상행,2025-05-01T05:00:00,,주말
7호선,2711,장암,709,,20250619,7호선,2752,온수,750,N,7호선,7289,2742,장승배기,740,N,19:23:10,19:23:40,,7256,상행,2025-05-01T05:00:00,,주말
7호선,2711,장암,709,,20250619,7호선,2752,온수,750,N,7호선,7289,2741,상도,739,N,19:25:10,19:25:40,,7256,상행,2025-05-01T05:00:00,,주말
7호선,2711,장암,709,,20250619,7호선,2752,온수,750,N,7호선,7289,2740,숭실대입구,738,N,19:26:50,19:27:20,,7256,상행,2025-05-01T05:00:00,,주말
7호선,2711,장암,709,,20250619,7호선,2752,온수,750,N,7호선,7289,2739,남성,737,N,19:29:50,19:30:20,,7256,상행,2025-05-01T05:00:00,,주말
7호선,2711,장암,709,,20250619,7호선,2752,온수,750,N,7호선,7289,2738,이수,736,N,19:31:40,19:32:20,,7256,상행,2025-05-01T05:00:00,,주말
7호선,2711,장암,709,,20250619,7호선,2752,온수,750,N,7호선,7289,2737,내방,735,N,19:33:50,19:34:20,,7256,상행,2025-05-01T05:00:00,,주말
7호선,2711,장암,709,,20250619,7호선,2752,온수,750,N,7호선,7289,2736,고속터미널,734,N,19:36:50,19:37:30,,7256,상행,2025-05-01T05:00:00,,주말
7호선,2711,장암,709,,20250619,7호선,2752,온수,750,N,7호선,7289,2735,반포,733,N,19:39:00,19:39:20,,7256,상행,2025-05-01T05:00:00,,주말
7호선,2711,장암,709,,20250619,7호선,2752,온수,750,N,7호선,7289,2734,논현,732,N,19:40:30,19:41:00,,7256,상행,2025-05-01T05:00:00,,주말
7호선,2711,장암,709,,20250619,7호선,2752,온수,750,N,7호선,7289,2733,학동,731,N,19:42:20,19:42:50,,7256,상행,2025-05-01T05:00:00,,주말
7호선,2711,장암,709,,20250619,7호선,2752,온수,750,N,7호선,7289,2732,강남구청,730,N,19:44:00,19:44:30,,7256,상행,2025-05-01T05:00:00,,주말
7호선,2711,장암,709,,20250619,7호선,2752,온수,750,N,7호선,7289,2731,청담,729,N,19:46:00,19:46:30,,7256,상행,2025-05-01T05:00:00,,주말
7호선,2711,장암,709,,20250619,7호선,2752,온수,750,N,7호선,7289,2730,자양,728,N,19:49:00,19:49:20,,7256,상행,2025-05-01T05:00:00,,주말
7호선,2711,장암,709,,20250619,7호선,2752,온수,750,N,7호선,7289,2729,건대입구,727,N,19:50:50,19:51:30,,7256,상행,2025-05-01T05:00:00,,주말
7호선,2711,장암,709,,20250619,7호선,2752,온수,750,N,7호선,7289,2728,어린이대공원,726,N,19:52:50,19:53:20,,7256,상행,2025-05-01T05:00:00,,주말
7호선,2711,장암,709,,20250619,7호선,2752,온수,750,N,7호선,7289,2727,군자,725,N,19:54:40,19:55:20,,7256,상행,2025-05-01T05:00:00,,주말
7호선,2711,장암,709,,20250619,7호선,2752,온수,750,N,7호선,7289,2726,중곡,724,N,19:56:40,19:57:10,,7256,상행,2025-05-01T05:00:00,,주말
7호선,2711,장암,709,,20250619,7호선,2752,온수,750,N,7호선,7289,2725,용마산,723,N,19:58:30,19:58:50,,7256,상행,2025-05-01T05:00:00,,주말
7호선,2711,장암,709,,20250619,7호선,2752,온수,750,N,7호선,7289,2724,사가정,722,N,20:00:00,20:00:30,,7256,상행,2025-05-01T05:00:00,,주말
7호선,2711,장암,709,,20250619,7호선,2752,온수,750,N,7호선,7289,2723,면목,721,N,20:01:40,20:02:10,,7256,상행,2025-05-01T05:00:00,,주말
7호선,2711,장암,709,,20250619,7호선,2752,온수,750,N,7호선,7289,2722,상봉,720,N,20:03:20,20:03:50,,7256,상행,2025-05-01T05:00:00,,주말
7호선,2711,장암,709,,20250619,7호선,2752,온수,750,N,7호선,7289,2721,중화,719,N,20:05:40,20:06:10,,7256,상행,2025-05-01T05:00:00,,주말
7호선,2711,장암,709,,20250619,7호선,2752,온수,750,N,7호선,7289,2720,먹골,718,N,20:07:30,20:08:00,,7256,상행,2025-05-01T05:00:00,,주말
7호선,2711,장암,709,,20250619,7호선,2752,온수,750,N,7호선,7289,2719,태릉입구,717,N,20:09:10,20:09:40,,7256,상행,2025-05-01T05:00:00,,주말
7호선,2711,장암,709,,20250619,7호선,2752,온수,750,N,7호선,7289,2718,공릉,716,N,20:10:40,20:11:10,,7256,상행,2025-05-01T05:00:00,,주말
7호선,2711,장암,709,,20250619,7호선,2752,온수,750,N,7호선,7289,2717,하계,715,N,20:12:40,20:13:10,,7256,상행,2025-05-01T05:00:00,,주말
7호선,2711,장암,709,,20250619,7호선,2752,온수,750,N,7호선,7289,2716,중계,714,N,20:14:20,20:14:50,,7256,상행,2025-05-01T05:00:00,,주말
7호선,2711,장암,709,,20250619,7호선,2752,온수,750,N,7호선,7289,2715,노원,713,N,20:16:10,20:16:40,,7256,상행,2025-05-01T05:00:00,,주말
7호선,2711,장암,709,,20250619,7호선,2752,온수,750,N,7호선,7289,2714,마들,712,N,20:18:10,20:18:40,,7256,상행,2025-05-01T05:00:00,,주말
7호선,2711,장암,709,,20250619,7호선,2752,온수,750,N,7호선,7289,2713,수락산,711,N,20:20:40,20:21:10,,7256,상행,2025-05-01T05:00:00,,주말
7호선,2711,장암,709,,20250619,7호선,2752,온수,750,N,7호선,7289,2712,도봉산,710,N,20:23:30,20:24:00,,7256,상행,2025-05-01T05:00:00,,주말
7호선,2711,장암,709,,20250619,7호선,2752,온수,750,N,7호선,7289,2711,장암,709,N,20:28:30,,,7256,상행,2025-05-01T05:00:00,,주말
7호선,2712,도봉산,710,,20250619,7호선,3763,석남,761,N,7호선,7287,3763,석남,761,N,,18:44:30,,7258,상행,2025-05-01T05:00:00,,주말
7호선,2712,도봉산,710,,20250619,7호선,3763,석남,761,N,7호선,7287,3762,산곡,760,N,18:47:30,18:48:00,,7258,상행,2025-05-01T05:00:00,,주말
7호선,2712,도봉산,710,,20250619,7호선,3763,석남,761,N,7호선,7287,3761,부평구청,759,N,18:50:00,18:50:30,,7258,상행,2025-05-01T05:00:00,,주말
7호선,2712,도봉산,710,,20250619,7호선,3763,석남,761,N,7호선,7287,3760,굴포천,758,N,18:51:50,18:52:20,,7258,상행,2025-05-01T05:00:00,,주말
7호선,2712,도봉산,710,,20250619,7호선,3763,석남,761,N,7호선,7287,3759,삼산체육관,757,N,18:53:30,18:54:00,,7258,상행,2025-05-01T05:00:00,,주말
7호선,2712,도봉산,710,,20250619,7호선,3763,석남,761,N,7호선,7287,3758,상동,756,N,18:55:20,18:55:50,,7258,상행,2025-05-01T05:00:00,,주말
7호선,2712,도봉산,710,,20250619,7호선,3763,석남,761,N,7호선,7287,3757,부천시청,755,N,18:57:00,18:57:30,,7258,상행,2025-05-01T05:00:00,,주말
7호선,2712,도봉산,710,,20250619,7호선,3763,석남,761,N,7호선,7287,3756,신중동,754,N,18:58:50,18:59:20,,7258,상행,2025-05-01T05:00:00,,주말
7호선,2712,도봉산,710,,20250619,7호선,3763,석남,761,N,7호선,7287,3755,춘의,753,N,19:00:40,19:01:10,,7258,상행,2025-05-01T05:00:00,,주말
7호선,2712,도봉산,710,,20250619,7호선,3763,석남,761,N,7호선,7287,3754,부천종합운동장,752,N,19:02:30,19:03:00,,7258,상행,2025-05-01T05:00:00,,주말
7호선,2712,도봉산,710,,20250619,7호선,3763,석남,761,N,7호선,7287,3753,까치울,751,N,19:04:30,19:05:00,,7258,상행,2025-05-01T05:00:00,,주말
7호선,2712,도봉산,710,,20250619,7호선,3763,석남,761,N,7호선,7287,2752,온수,750,N,19:07:30,19:08:00,,7258,상행,2025-05-01T05:00:00,,주말
7호선,2712,도봉산,710,,20250619,7호선,3763,석남,761,N,7호선,7287,2751,천왕,749,N,19:10:20,19:10:40,,7258,상행,2025-05-01T05:00:00,,주말
7호선,2712,도봉산,710,,20250619,7호선,3763,석남,761,N,7호선,7287,2750,광명사거리,748,N,19:12:40,19:13:10,,7258,상행,2025-05-01T05:00:00,,주말
7호선,2712,도봉산,710,,20250619,7호선,3763,석남,761,N,7호선,7287,2749,철산,747,N,19:15:00,19:15:30,,7258,상행,2025-05-01T05:00:00,,주말
7호선,2712,도봉산,710,,20250619,7호선,3763,석남,761,N,7호선,7287,2748,가산디지털단지,746,N,19:17:30,19:18:00,,7258,상행,2025-05-01T05:00:00,,주말
7호선,2712,도봉산,710,,20250619,7호선,3763,석남,761,N,7호선,7287,2747,남구로,745,N,19:19:20,19:19:50,,7258,상행,2025-05-01T05:00:00,,주말
7호선,2712,도봉산,710,,20250619,7호선,3763,석남,761,N,7호선,7287,2746,대림,744,N,19:21:20,19:21:50,,7258,상행,2025-05-01T05:00:00,,주말
7호선,2712,도봉산,710,,20250619,7호선,3763,석남,761,N,7호선,7287,2745,신풍,743,N,19:23:50,19:24:20,,7258,상행,2025-05-01T05:00:00,,주말
7호선,2712,도봉산,710,,20250619,7호선,3763,석남,761,N,7호선,7287,2744,보라매,742,N,19:25:40,19:26:10,,7258,상행,2025-05-01T05:00:00,,주말
7호선,2712,도봉산,710,,20250619,7호선,3763,석남,761,N,7호선,7287,2743,신대방삼거리,741,N,19:27:20,19:27:50,,7258,상행,2025-05-01T05:00:00,,주말
7호선,2712,도봉산,710,,20250619,7호선,3763,석남,761,N,7호선,7287,2742,장승배기,740,N,19:29:40,19:30:10,,7258,상행,2025-05-01T05:00:00,,주말
7호선,2712,도봉산,710,,20250619,7호선,3763,석남,761,N,7호선,7287,2741,상도,739,N,19:31:40,19:32:10,,7258,상행,2025-05-01T05:00:00,,주말
7호선,2712,도봉산,710,,20250619,7호선,3763,석남,761,N,7호선,7287,2740,숭실대입구,738,N,19:33:20,19:33:50,,7258,상행,2025-05-01T05:00:00,,주말
7호선,2712,도봉산,710,,20250619,7호선,3763,석남,761,N,7호선,7287,2739,남성,737,N,19:36:20,19:36:50,,7258,상행,2025-05-01T05:00:00,,주말
7호선,2712,도봉산,710,,20250619,7호선,3763,석남,761,N,7호선,7287,2738,이수,736,N,19:38:10,19:38:50,,7258,상행,2025-05-01T05:00:00,,주말
7호선,2712,도봉산,710,,20250619,7호선,3763,석남,761,N,7호선,7287,2737,내방,735,N,19:40:20,19:40:50,,7258,상행,2025-05-01T05:00:00,,주말
7호선,2712,도봉산,710,,20250619,7호선,3763,석남,761,N,7호선,7287,2736,고속터미널,734,N,19:43:20,19:44:00,,7258,상행,2025-05-01T05:00:00,,주말
7호선,2712,도봉산,710,,20250619,7호선,3763,석남,761,N,7호선,7287,2735,반포,733,N,19:45:30,19:45:50,,7258,상행,2025-05-01T05:00:00,,주말
7호선,2712,도봉산,710,,20250619,7호선,3763,석남,761,N,7호선,7287,2734,논현,732,N,19:47:00,19:47:30,,7258,상행,2025-05-01T05:00:00,,주말
7호선,2712,도봉산,710,,20250619,7호선,3763,석남,761,N,7호선,7287,2733,학동,731,N,19:48:50,19:49:20,,7258,상행,2025-05-01T05:00:00,,주말
7호선,2712,도봉산,710,,20250619,7호선,3763,석남,761,N,7호선,7287,2732,강남구청,730,N,19:50:30,19:51:00,,7258,상행,2025-05-01T05:00:00,,주말
7호선,2712,도봉산,710,,20250619,7호선,3763,석남,761,N,7호선,7287,2731,청담,729,N,19:52:30,19:53:00,,7258,상행,2025-05-01T05:00:00,,주말
7호선,2712,도봉산,710,,20250619,7호선,3763,석남,761,N,7호선,7287,2730,자양,728,N,19:55:30,19:55:50,,7258,상행,2025-05-01T05:00:00,,주말
7호선,2712,도봉산,710,,20250619,7호선,3763,석남,761,N,7호선,7287,2729,건대입구,727,N,19:57:20,19:58:00,,7258,상행,2025-05-01T05:00:00,,주말
7호선,2712,도봉산,710,,20250619,7호선,3763,석남,761,N,7호선,7287,2728,어린이대공원,726,N,19:59:20,19:59:50,,7258,상행,2025-05-01T05:00:00,,주말
7호선,2712,도봉산,710,,20250619,7호선,3763,석남,761,N,7호선,7287,2727,군자,725,N,20:01:10,20:01:50,,7258,상행,2025-05-01T05:00:00,,주말
7호선,2712,도봉산,710,,20250619,7호선,3763,석남,761,N,7호선,7287,2726,중곡,724,N,20:03:10,20:03:40,,7258,상행,2025-05-01T05:00:00,,주말
7호선,2712,도봉산,710,,20250619,7호선,3763,석남,761,N,7호선,7287,2725,용마산,723,N,20:05:00,20:05:20,,7258,상행,2025-05-01T05:00:00,,주말
7호선,2712,도봉산,710,,20250619,7호선,3763,석남,761,N,7호선,7287,2724,사가정,722,N,20:06:30,20:07:00,,7258,상행,2025-05-01T05:00:00,,주말
7호선,2712,도봉산,710,,20250619,7호선,3763,석남,761,N,7호선,7287,2723,면목,721,N,20:08:10,20:08:40,,7258,상행,2025-05-01T05:00:00,,주말
7호선,2712,도봉산,710,,20250619,7호선,3763,석남,761,N,7호선,7287,2722,상봉,720,N,20:09:50,20:10:20,,7258,상행,2025-05-01T05:00:00,,주말
7호선,2712,도봉산,710,,20250619,7호선,3763,석남,761,N,7호선,7287,2721,중화,719,N,20:12:10,20:12:40,,7258,상행,2025-05-01T05:00:00,,주말
7호선,2712,도봉산,710,,20250619,7호선,3763,석남,761,N,7호선,7287,2720,먹골,718,N,20:14:00,20:14:30,,7258,상행,2025-05-01T05:00:00,,주말
7호선,2712,도봉산,710,,20250619,7호선,3763,석남,761,N,7호선,7287,2719,태릉입구,717,N,20:15:40,20:16:10,,7258,상행,2025-05-01T05:00:00,,주말
7호선,2712,도봉산,710,,20250619,7호선,3763,석남,761,N,7호선,7287,2718,공릉,716,N,20:17:10,20:17:40,,7258,상행,2025-05-01T05:00:00,,주말
7호선,2712,도봉산,710,,20250619,7호선,3763,석남,761,N,7호선,7287,2717,하계,715,N,20:19:10,20:19:40,,7258,상행,2025-05-01T05:00:00,,주말
7호선,2712,도봉산,710,,20250619,7호선,3763,석남,761,N,7호선,7287,2716,중계,714,N,20:20:50,20:21:20,,7258,상행,2025-05-01T05:00:00,,주말
7호선,2712,도봉산,710,,20250619,7호선,3763,석남,761,N,7호선,7287,2715,노원,713,N,20:22:40,20:23:10,,7258,상행,2025-05-01T05:00:00,,주말
7호선,2712,도봉산,710,,20250619,7호선,3763,석남,761,N,7호선,7287,2714,마들,712,N,20:24:40,20:25:10,,7258,상행,2025-05-01T05:00:00,,주말
7호선,2712,도봉산,710,,20250619,7호선,3763,석남,761,N,7호선,7287,2713,수락산,711,N,20:27:10,20:27:40,,7258,상행,2025-05-01T05:00:00,,주말
7호선,2712,도봉산,710,,20250619,7호선,3763,석남,761,N,7호선,7287,2712,도봉산,710,N,20:30:00,,,7258,상행,2025-05-01T05:00:00,,주말
7호선,2711,장암,709,,20250619,7호선,2752,온수,750,N,7호선,7293,2752,온수,750,N,,19:14:30,,7260,상행,2025-05-01T05:00:00,,주말
7호선,2711,장암,709,,20250619,7호선,2752,온수,750,N,7호선,7293,2751,천왕,749,N,19:16:50,19:17:10,,7260,상행,2025-05-01T05:00:00,,주말
7호선,2711,장암,709,,20250619,7호선,2752,온수,750,N,7호선,7293,2750,광명사거리,748,N,19:19:10,19:19:40,,7260,상행,2025-05-01T05:00:00,,주말
7호선,2711,장암,709,,20250619,7호선,2752,온수,750,N,7호선,7293,2749,철산,747,N,19:21:30,19:22:00,,7260,상행,2025-05-01T05:00:00,,주말
7호선,2711,장암,709,,20250619,7호선,2752,온수,750,N,7호선,7293,2748,가산디지털단지,746,N,19:24:00,19:24:30,,7260,상행,2025-05-01T05:00:00,,주말
7호선,2711,장암,709,,20250619,7호선,2752,온수,750,N,7호선,7293,2747,남구로,745,N,19:25:50,19:26:20,,7260,상행,2025-05-01T05:00:00,,주말
7호선,2711,장암,709,,20250619,7호선,2752,온수,750,N,7호선,7293,2746,대림,744,N,19:27:50,19:28:20,,7260,상행,2025-05-01T05:00:00,,주말
7호선,2711,장암,709,,20250619,7호선,2752,온수,750,N,7호선,7293,2745,신풍,743,N,19:30:20,19:30:50,,7260,상행,2025-05-01T05:00:00,,주말
7호선,2711,장암,709,,20250619,7호선,2752,온수,750,N,7호선,7293,2744,보라매,742,N,19:32:10,19:32:40,,7260,상행,2025-05-01T05:00:00,,주말
7호선,2711,장암,709,,20250619,7호선,2752,온수,750,N,7호선,7293,2743,신대방삼거리,741,N,19:33:50,19:34:20,,7260,상행,2025-05-01T05:00:00,,주말
7호선,2711,장암,709,,20250619,7호선,2752,온수,750,N,7호선,7293,2742,장승배기,740,N,19:36:10,19:36:40,,7260,상행,2025-05-01T05:00:00,,주말
7호선,2711,장암,709,,20250619,7호선,2752,온수,750,N,7호선,7293,2741,상도,739,N,19:38:10,19:38:40,,7260,상행,2025-05-01T05:00:00,,주말
7호선,2711,장암,709,,20250619,7호선,2752,온수,750,N,7호선,7293,2740,숭실대입구,738,N,19:39:50,19:40:20,,7260,상행,2025-05-01T05:00:00,,주말
7호선,2711,장암,709,,20250619,7호선,2752,온수,750,N,7호선,7293,2739,남성,737,N,19:42:50,19:43:20,,7260,상행,2025-05-01T05:00:00,,주말
7호선,2711,장암,709,,20250619,7호선,2752,온수,750,N,7호선,7293,2738,이수,736,N,19:44:40,19:45:20,,7260,상행,2025-05-01T05:00:00,,주말
7호선,2711,장암,709,,20250619,7호선,2752,온수,750,N,7호선,7293,2737,내방,735,N,19:46:50,19:47:20,,7260,상행,2025-05-01T05:00:00,,주말
7호선,2711,장암,709,,20250619,7호선,2752,온수,750,N,7호선,7293,2736,고속터미널,734,N,19:49:50,19:50:30,,7260,상행,2025-05-01T05:00:00,,주말
7호선,2711,장암,709,,20250619,7호선,2752,온수,750,N,7호선,7293,2735,반포,733,N,19:52:00,19:52:20,,7260,상행,2025-05-01T05:00:00,,주말
7호선,2711,장암,709,,20250619,7호선,2752,온수,750,N,7호선,7293,2734,논현,732,N,19:53:30,19:54:00,,7260,상행,2025-05-01T05:00:00,,주말
7호선,2711,장암,709,,20250619,7호선,2752,온수,750,N,7호선,7293,2733,학동,731,N,19:55:20,19:55:50,,7260,상행,2025-05-01T05:00:00,,주말
7호선,2711,장암,709,,20250619,7호선,2752,온수,750,N,7호선,7293,2732,강남구청,730,N,19:57:00,19:57:30,,7260,상행,2025-05-01T05:00:00,,주말
7호선,2711,장암,709,,20250619,7호선,2752,온수,750,N,7호선,7293,2731,청담,729,N,19:59:00,19:59:30,,7260,상행,2025-05-01T05:00:00,,주말
7호선,2711,장암,709,,20250619,7호선,2752,온수,750,N,7호선,7293,2730,자양,728,N,20:02:00,20:02:20,,7260,상행,2025-05-01T05:00:00,,주말
7호선,2711,장암,709,,20250619,7호선,2752,온수,750,N,7호선,7293,2729,건대입구,727,N,20:03:50,20:04:30,,7260,상행,2025-05-01T05:00:00,,주말
7호선,2711,장암,709,,20250619,7호선,2752,온수,750,N,7호선,7293,2728,어린이대공원,726,N,20:05:50,20:06:20,,7260,상행,2025-05-01T05:00:00,,주말
7호선,2711,장암,709,,20250619,7호선,2752,온수,750,N,7호선,7293,2727,군자,725,N,20:07:40,20:08:20,,7260,상행,2025-05-01T05:00:00,,주말
7호선,2711,장암,709,,20250619,7호선,2752,온수,750,N,7호선,7293,2726,중곡,724,N,20:09:40,20:10:10,,7260,상행,2025-05-01T05:00:00,,주말
7호선,2711,장암,709,,20250619,7호선,2752,온수,750,N,7호선,7293,2725,용마산,723,N,20:11:30,20:11:50,,7260,상행,2025-05-01T05:00:00,,주말
7호선,2711,장암,709,,20250619,7호선,2752,온수,750,N,7호선,7293,2724,사가정,722,N,20:13:00,20:13:30,,7260,상행,2025-05-01T05:00:00,,주말
7호선,2711,장암,709,,20250619,7호선,2752,온수,750,N,7호선,7293,2723,면목,721,N,20:14:40,20:15:10,,7260,상행,2025-05-01T05:00:00,,주말
7호선,2711,장암,709,,20250619,7호선,2752,온수,750,N,7호선,7293,2722,상봉,720,N,20:16:20,20:16:50,,7260,상행,2025-05-01T05:00:00,,주말
7호선,2711,장암,709,,20250619,7호선,2752,온수,750,N,7호선,7293,2721,중화,719,N,20:18:40,20:19:10,,7260,상행,2025-05-01T05:00:00,,주말
7호선,2711,장암,709,,20250619,7호선,2752,온수,750,N,7호선,7293,2720,먹골,718,N,20:20:30,20:21:00,,7260,상행,2025-05-01T05:00:00,,주말
7호선,2711,장암,709,,20250619,7호선,2752,온수,750,N,7호선,7293,2719,태릉입구,717,N,20:22:10,20:22:40,,7260,상행,2025-05-01T05:00:00,,주말
7호선,2711,장암,709,,20250619,7호선,2752,온수,750,N,7호선,7293,2718,공릉,716,N,20:23:40,20:24:10,,7260,상행,2025-05-01T05:00:00,,주말
7호선,2711,장암,709,,20250619,7호선,2752,온수,750,N,7호선,7293,2717,하계,715,N,20:25:40,20:26:10,,7260,상행,2025-05-01T05:00:00,,주말
7호선,2711,장암,709,,20250619,7호선,2752,온수,750,N,7호선,7293,2716,중계,714,N,20:27:20,20:27:50,,7260,상행,2025-05-01T05:00:00,,주말
7호선,2711,장암,709,,20250619,7호선,2752,온수,750,N,7호선,7293,2715,노원,713,N,20:29:10,20:29:40,,7260,상행,2025-05-01T05:00:00,,주말
7호선,2711,장암,709,,20250619,7호선,2752,온수,750,N,7호선,7293,2714,마들,712,N,20:31:10,20:31:40,,7260,상행,2025-05-01T05:00:00,,주말
7호선,2711,장암,709,,20250619,7호선,2752,온수,750,N,7호선,7293,2713,수락산,711,N,20:33:40,20:34:10,,7260,상행,2025-05-01T05:00:00,,주말
7호선,2711,장암,709,,20250619,7호선,2752,온수,750,N,7호선,7293,2712,도봉산,710,N,20:36:30,20:37:00,,7260,상행,2025-05-01T05:00:00,,주말
7호선,2711,장암,709,,20250619,7호선,2752,온수,750,N,7호선,7293,2711,장암,709,N,20:41:30,,,7260,상행,2025-05-01T05:00:00,,주말
7호선,2712,도봉산,710,,20250619,7호선,3763,석남,761,N,7호선,7291,3763,석남,761,N,,18:58:00,,7262,상행,2025-05-01T05:00:00,,주말
7호선,2712,도봉산,710,,20250619,7호선,3763,석남,761,N,7호선,7291,3762,산곡,760,N,19:01:00,19:01:30,,7262,상행,2025-05-01T05:00:00,,주말
7호선,2712,도봉산,710,,20250619,7호선,3763,석남,761,N,7호선,7291,3761,부평구청,759,N,19:03:30,19:04:00,,7262,상행,2025-05-01T05:00:00,,주말
7호선,2712,도봉산,710,,20250619,7호선,3763,석남,761,N,7호선,7291,3760,굴포천,758,N,19:05:20,19:05:50,,7262,상행,2025-05-01T05:00:00,,주말
7호선,2712,도봉산,710,,20250619,7호선,3763,석남,761,N,7호선,7291,3759,삼산체육관,757,N,19:07:00,19:07:30,,7262,상행,2025-05-01T05:00:00,,주말
7호선,2712,도봉산,710,,20250619,7호선,3763,석남,761,N,7호선,7291,3758,상동,756,N,19:08:50,19:09:20,,7262,상행,2025-05-01T05:00:00,,주말
7호선,2712,도봉산,710,,20250619,7호선,3763,석남,761,N,7호선,7291,3757,부천시청,755,N,19:10:30,19:11:00,,7262,상행,2025-05-01T05:00:00,,주말
7호선,2712,도봉산,710,,20250619,7호선,3763,석남,761,N,7호선,7291,3756,신중동,754,N,19:12:20,19:12:50,,7262,상행,2025-05-01T05:00:00,,주말
7호선,2712,도봉산,710,,20250619,7호선,3763,석남,761,N,7호선,7291,3755,춘의,753,N,19:14:10,19:14:40,,7262,상행,2025-05-01T05:00:00,,주말
7호선,2712,도봉산,710,,20250619,7호선,3763,석남,761,N,7호선,7291,3754,부천종합운동장,752,N,19:16:00,19:16:30,,7262,상행,2025-05-01T05:00:00,,주말
7호선,2712,도봉산,710,,20250619,7호선,3763,석남,761,N,7호선,7291,3753,까치울,751,N,19:18:00,19:18:30,,7262,상행,2025-05-01T05:00:00,,주말
7호선,2712,도봉산,710,,20250619,7호선,3763,석남,761,N,7호선,7291,2752,온수,750,N,19:21:00,19:21:30,,7262,상행,2025-05-01T05:00:00,,주말
7호선,2712,도봉산,710,,20250619,7호선,3763,석남,761,N,7호선,7291,2751,천왕,749,N,19:23:50,19:24:10,,7262,상행,2025-05-01T05:00:00,,주말
7호선,2712,도봉산,710,,20250619,7호선,3763,석남,761,N,7호선,7291,2750,광명사거리,748,N,19:26:10,19:26:40,,7262,상행,2025-05-01T05:00:00,,주말
7호선,2712,도봉산,710,,20250619,7호선,3763,석남,761,N,7호선,7291,2749,철산,747,N,19:28:30,19:29:00,,7262,상행,2025-05-01T05:00:00,,주말
7호선,2712,도봉산,710,,20250619,7호선,3763,석남,761,N,7호선,7291,2748,가산디지털단지,746,N,19:31:00,19:31:30,,7262,상행,2025-05-01T05:00:00,,주말
7호선,2712,도봉산,710,,20250619,7호선,3763,석남,761,N,7호선,7291,2747,남구로,745,N,19:32:50,19:33:20,,7262,상행,2025-05-01T05:00:00,,주말
7호선,2712,도봉산,710,,20250619,7호선,3763,석남,761,N,7호선,7291,2746,대림,744,N,19:34:50,19:35:20,,7262,상행,2025-05-01T05:00:00,,주말
7호선,2712,도봉산,710,,20250619,7호선,3763,석남,761,N,7호선,7291,2745,신풍,743,N,19:37:20,19:37:50,,7262,상행,2025-05-01T05:00:00,,주말
7호선,2712,도봉산,710,,20250619,7호선,3763,석남,761,N,7호선,7291,2744,보라매,742,N,19:39:10,19:39:40,,7262,상행,2025-05-01T05:00:00,,주말
7호선,2712,도봉산,710,,20250619,7호선,3763,석남,761,N,7호선,7291,2743,신대방삼거리,741,N,19:40:50,19:41:20,,7262,상행,2025-05-01T05:00:00,,주말
7호선,2712,도봉산,710,,20250619,7호선,3763,석남,761,N,7호선,7291,2742,장승배기,740,N,19:43:10,19:43:40,,7262,상행,2025-05-01T05:00:00,,주말
7호선,2712,도봉산,710,,20250619,7호선,3763,석남,761,N,7호선,7291,2741,상도,739,N,19:45:10,19:45:40,,7262,상행,2025-05-01T05:00:00,,주말
7호선,2712,도봉산,710,,20250619,7호선,3763,석남,761,N,7호선,7291,2740,숭실대입구,738,N,19:46:50,19:47:20,,7262,상행,2025-05-01T05:00:00,,주말
7호선,2712,도봉산,710,,20250619,7호선,3763,석남,761,N,7호선,7291,2739,남성,737,N,19:49:50,19:50:20,,7262,상행,2025-05-01T05:00:00,,주말
7호선,2712,도봉산,710,,20250619,7호선,3763,석남,761,N,7호선,7291,2738,이수,736,N,19:51:40,19:52:20,,7262,상행,2025-05-01T05:00:00,,주말
7호선,2712,도봉산,710,,20250619,7호선,3763,석남,761,N,7호선,7291,2737,내방,735,N,19:53:50,19:54:20,,7262,상행,2025-05-01T05:00:00,,주말
7호선,2712,도봉산,710,,20250619,7호선,3763,석남,761,N,7호선,7291,2736,고속터미널,734,N,19:56:50,19:57:30,,7262,상행,2025-05-01T05:00:00,,주말
7호선,2712,도봉산,710,,20250619,7호선,3763,석남,761,N,7호선,7291,2735,반포,733,N,19:59:00,19:59:20,,7262,상행,2025-05-01T05:00:00,,주말
7호선,2712,도봉산,710,,20250619,7호선,3763,석남,761,N,7호선,7291,2734,논현,732,N,20:00:30,20:01:00,,7262,상행,2025-05-01T05:00:00,,주말
7호선,2712,도봉산,710,,20250619,7호선,3763,석남,761,N,7호선,7291,2733,학동,731,N,20:02:20,20:02:50,,7262,상행,2025-05-01T05:00:00,,주말
7호선,2712,도봉산,710,,20250619,7호선,3763,석남,761,N,7호선,7291,2732,강남구청,730,N,20:04:00,20:04:30,,7262,상행,2025-05-01T05:00:00,,주말
7호선,2712,도봉산,710,,20250619,7호선,3763,석남,761,N,7호선,7291,2731,청담,729,N,20:06:00,20:06:30,,7262,상행,2025-05-01T05:00:00,,주말
7호선,2712,도봉산,710,,20250619,7호선,3763,석남,761,N,7호선,7291,2730,자양,728,N,20:09:00,20:09:20,,7262,상행,2025-05-01T05:00:00,,주말
7호선,2712,도봉산,710,,20250619,7호선,3763,석남,761,N,7호선,7291,2729,건대입구,727,N,20:10:50,20:11:30,,7262,상행,2025-05-01T05:00:00,,주말
7호선,2712,도봉산,710,,20250619,7호선,3763,석남,761,N,7호선,7291,2728,어린이대공원,726,N,20:12:50,20:13:20,,7262,상행,2025-05-01T05:00:00,,주말
7호선,2712,도봉산,710,,20250619,7호선,3763,석남,761,N,7호선,7291,2727,군자,725,N,20:14:40,20:15:20,,7262,상행,2025-05-01T05:00:00,,주말
7호선,2712,도봉산,710,,20250619,7호선,3763,석남,761,N,7호선,7291,2726,중곡,724,N,20:16:40,20:17:10,,7262,상행,2025-05-01T05:00:00,,주말
7호선,2712,도봉산,710,,20250619,7호선,3763,석남,761,N,7호선,7291,2725,용마산,723,N,20:18:30,20:18:50,,7262,상행,2025-05-01T05:00:00,,주말
7호선,2712,도봉산,710,,20250619,7호선,3763,석남,761,N,7호선,7291,2724,사가정,722,N,20:20:00,20:20:30,,7262,상행,2025-05-01T05:00:00,,주말
7호선,2712,도봉산,710,,20250619,7호선,3763,석남,761,N,7호선,7291,2723,면목,721,N,20:21:40,20:22:10,,7262,상행,2025-05-01T05:00:00,,주말
7호선,2712,도봉산,710,,20250619,7호선,3763,석남,761,N,7호선,7291,2722,상봉,720,N,20:23:20,20:23:50,,7262,상행,2025-05-01T05:00:00,,주말
7호선,2712,도봉산,710,,20250619,7호선,3763,석남,761,N,7호선,7291,2721,중화,719,N,20:25:40,20:26:10,,7262,상행,2025-05-01T05:00:00,,주말
7호선,2712,도봉산,710,,20250619,7호선,3763,석남,761,N,7호선,7291,2720,먹골,718,N,20:27:30,20:28:00,,7262,상행,2025-05-01T05:00:00,,주말
7호선,2712,도봉산,710,,20250619,7호선,3763,석남,761,N,7호선,7291,2719,태릉입구,717,N,20:29:10,20:29:40,,7262,상행,2025-05-01T05:00:00,,주말
7호선,2712,도봉산,710,,20250619,7호선,3763,석남,761,N,7호선,7291,2718,공릉,716,N,20:30:40,20:31:10,,7262,상행,2025-05-01T05:00:00,,주말
7호선,2712,도봉산,710,,20250619,7호선,3763,석남,761,N,7호선,7291,2717,하계,715,N,20:32:40,20:33:10,,7262,상행,2025-05-01T05:00:00,,주말
7호선,2712,도봉산,710,,20250619,7호선,3763,석남,761,N,7호선,7291,2716,중계,714,N,20:34:20,20:34:50,,7262,상행,2025-05-01T05:00:00,,주말
7호선,2712,도봉산,710,,20250619,7호선,3763,석남,761,N,7호선,7291,2715,노원,713,N,20:36:10,20:36:40,,7262,상행,2025-05-01T05:00:00,,주말
7호선,2712,도봉산,710,,20250619,7호선,3763,석남,761,N,7호선,7291,2714,마들,712,N,20:38:10,20:38:40,,7262,상행,2025-05-01T05:00:00,,주말
7호선,2712,도봉산,710,,20250619,7호선,3763,석남,761,N,7호선,7291,2713,수락산,711,N,20:40:40,20:41:10,,7262,상행,2025-05-01T05:00:00,,주말
7호선,2712,도봉산,710,,20250619,7호선,3763,석남,761,N,7호선,7291,2712,도봉산,710,N,20:43:30,,,7262,상행,2025-05-01T05:00:00,,주말
7호선,2711,장암,709,,20250619,7호선,2752,온수,750,N,7호선,7297,2752,온수,750,N,,19:28:00,,7264,상행,2025-05-01T05:00:00,,주말
7호선,2711,장암,709,,20250619,7호선,2752,온수,750,N,7호선,7297,2751,천왕,749,N,19:30:20,19:30:40,,7264,상행,2025-05-01T05:00:00,,주말
7호선,2711,장암,709,,20250619,7호선,2752,온수,750,N,7호선,7297,2750,광명사거리,748,N,19:32:40,19:33:10,,7264,상행,2025-05-01T05:00:00,,주말
7호선,2711,장암,709,,20250619,7호선,2752,온수,750,N,7호선,7297,2749,철산,747,N,19:35:00,19:35:30,,7264,상행,2025-05-01T05:00:00,,주말
7호선,2711,장암,709,,20250619,7호선,2752,온수,750,N,7호선,7297,2748,가산디지털단지,746,N,19:37:30,19:38:00,,7264,상행,2025-05-01T05:00:00,,주말
7호선,2711,장암,709,,20250619,7호선,2752,온수,750,N,7호선,7297,2747,남구로,745,N,19:39:20,19:39:50,,7264,상행,2025-05-01T05:00:00,,주말
7호선,2711,장암,709,,20250619,7호선,2752,온수,750,N,7호선,7297,2746,대림,744,N,19:41:20,19:41:50,,7264,상행,2025-05-01T05:00:00,,주말
7호선,2711,장암,709,,20250619,7호선,2752,온수,750,N,7호선,7297,2745,신풍,743,N,19:43:50,19:44:20,,7264,상행,2025-05-01T05:00:00,,주말
7호선,2711,장암,709,,20250619,7호선,2752,온수,750,N,7호선,7297,2744,보라매,742,N,19:45:40,19:46:10,,7264,상행,2025-05-01T05:00:00,,주말
7호선,2711,장암,709,,20250619,7호선,2752,온수,750,N,7호선,7297,2743,신대방삼거리,741,N,19:47:20,19:47:50,,7264,상행,2025-05-01T05:00:00,,주말
7호선,2711,장암,709,,20250619,7호선,2752,온수,750,N,7호선,7297,2742,장승배기,740,N,19:49:40,19:50:10,,7264,상행,2025-05-01T05:00:00,,주말
7호선,2711,장암,709,,20250619,7호선,2752,온수,750,N,7호선,7297,2741,상도,739,N,19:51:40,19:52:10,,7264,상행,2025-05-01T05:00:00,,주말
7호선,2711,장암,709,,20250619,7호선,2752,온수,750,N,7호선,7297,2740,숭실대입구,738,N,19:53:20,19:53:50,,7264,상행,2025-05-01T05:00:00,,주말
7호선,2711,장암,709,,20250619,7호선,2752,온수,750,N,7호선,7297,2739,남성,737,N,19:56:20,19:56:50,,7264,상행,2025-05-01T05:00:00,,주말
7호선,2711,장암,709,,20250619,7호선,2752,온수,750,N,7호선,7297,2738,이수,736,N,19:58:10,19:58:50,,7264,상행,2025-05-01T05:00:00,,주말
7호선,2711,장암,709,,20250619,7호선,2752,온수,750,N,7호선,7297,2737,내방,735,N,20:00:20,20:00:50,,7264,상행,2025-05-01T05:00:00,,주말
7호선,2711,장암,709,,20250619,7호선,2752,온수,750,N,7호선,7297,2736,고속터미널,734,N,20:03:20,20:04:00,,7264,상행,2025-05-01T05:00:00,,주말
7호선,2711,장암,709,,20250619,7호선,2752,온수,750,N,7호선,7297,2735,반포,733,N,20:05:30,20:05:50,,7264,상행,2025-05-01T05:00:00,,주말
7호선,2711,장암,709,,20250619,7호선,2752,온수,750,N,7호선,7297,2734,논현,732,N,20:07:00,20:07:30,,7264,상행,2025-05-01T05:00:00,,주말
7호선,2711,장암,709,,20250619,7호선,2752,온수,750,N,7호선,7297,2733,학동,731,N,20:08:50,20:09:20,,7264,상행,2025-05-01T05:00:00,,주말
7호선,2711,장암,709,,20250619,7호선,2752,온수,750,N,7호선,7297,2732,강남구청,730,N,20:10:30,20:11:00,,7264,상행,2025-05-01T05:00:00,,주말
7호선,2711,장암,709,,20250619,7호선,2752,온수,750,N,7호선,7297,2731,청담,729,N,20:12:30,20:13:00,,7264,상행,2025-05-01T05:00:00,,주말
7호선,2711,장암,709,,20250619,7호선,2752,온수,750,N,7호선,7297,2730,자양,728,N,20:15:30,20:15:50,,7264,상행,2025-05-01T05:00:00,,주말
7호선,2711,장암,709,,20250619,7호선,2752,온수,750,N,7호선,7297,2729,건대입구,727,N,20:17:20,20:18:00,,7264,상행,2025-05-01T05:00:00,,주말
7호선,2711,장암,709,,20250619,7호선,2752,온수,750,N,7호선,7297,2728,어린이대공원,726,N,20:19:20,20:19:50,,7264,상행,2025-05-01T05:00:00,,주말
7호선,2711,장암,709,,20250619,7호선,2752,온수,750,N,7호선,7297,2727,군자,725,N,20:21:10,20:21:50,,7264,상행,2025-05-01T05:00:00,,주말
7호선,2711,장암,709,,20250619,7호선,2752,온수,750,N,7호선,7297,2726,중곡,724,N,20:23:10,20:23:40,,7264,상행,2025-05-01T05:00:00,,주말
7호선,2711,장암,709,,20250619,7호선,2752,온수,750,N,7호선,7297,2725,용마산,723,N,20:25:00,20:25:20,,7264,상행,2025-05-01T05:00:00,,주말
7호선,2711,장암,709,,20250619,7호선,2752,온수,750,N,7호선,7297,2724,사가정,722,N,20:26:30,20:27:00,,7264,상행,2025-05-01T05:00:00,,주말
7호선,2711,장암,709,,20250619,7호선,2752,온수,750,N,7호선,7297,2723,면목,721,N,20:28:10,20:28:40,,7264,상행,2025-05-01T05:00:00,,주말
7호선,2711,장암,709,,20250619,7호선,2752,온수,750,N,7호선,7297,2722,상봉,720,N,20:29:50,20:30:20,,7264,상행,2025-05-01T05:00:00,,주말
7호선,2711,장암,709,,20250619,7호선,2752,온수,750,N,7호선,7297,2721,중화,719,N,20:32:10,20:32:40,,7264,상행,2025-05-01T05:00:00,,주말
7호선,2711,장암,709,,20250619,7호선,2752,온수,750,N,7호선,7297,2720,먹골,718,N,20:34:00,20:34:30,,7264,상행,2025-05-01T05:00:00,,주말
7호선,2711,장암,709,,20250619,7호선,2752,온수,750,N,7호선,7297,2719,태릉입구,717,N,20:35:40,20:36:10,,7264,상행,2025-05-01T05:00:00,,주말
7호선,2711,장암,709,,20250619,7호선,2752,온수,750,N,7호선,7297,2718,공릉,716,N,20:37:10,20:37:40,,7264,상행,2025-05-01T05:00:00,,주말
7호선,2711,장암,709,,20250619,7호선,2752,온수,750,N,7호선,7297,2717,하계,715,N,20:39:10,20:39:40,,7264,상행,2025-05-01T05:00:00,,주말
7호선,2711,장암,709,,20250619,7호선,2752,온수,750,N,7호선,7297,2716,중계,714,N,20:40:50,20:41:20,,7264,상행,2025-05-01T05:00:00,,주말
7호선,2711,장암,709,,20250619,7호선,2752,온수,750,N,7호선,7297,2715,노원,713,N,20:42:40,20:43:10,,7264,상행,2025-05-01T05:00:00,,주말
7호선,2711,장암,709,,20250619,7호선,2752,온수,750,N,7호선,7297,2714,마들,712,N,20:44:40,20:45:10,,7264,상행,2025-05-01T05:00:00,,주말
7호선,2711,장암,709,,20250619,7호선,2752,온수,750,N,7호선,7297,2713,수락산,711,N,20:47:10,20:47:40,,7264,상행,2025-05-01T05:00:00,,주말
7호선,2711,장암,709,,20250619,7호선,2752,온수,750,N,7호선,7297,2712,도봉산,710,N,20:50:00,20:50:30,,7264,상행,2025-05-01T05:00:00,,주말
7호선,2711,장암,709,,20250619,7호선,2752,온수,750,N,7호선,7297,2711,장암,709,N,20:55:00,,,7264,상행,2025-05-01T05:00:00,,주말
7호선,2712,도봉산,710,,20250619,7호선,3763,석남,761,N,7호선,7295,3763,석남,761,N,,19:11:00,,7266,상행,2025-05-01T05:00:00,,주말
7호선,2712,도봉산,710,,20250619,7호선,3763,석남,761,N,7호선,7295,3762,산곡,760,N,19:14:00,19:14:30,,7266,상행,2025-05-01T05:00:00,,주말
7호선,2712,도봉산,710,,20250619,7호선,3763,석남,761,N,7호선,7295,3761,부평구청,759,N,19:16:30,19:17:00,,7266,상행,2025-05-01T05:00:00,,주말
7호선,2712,도봉산,710,,20250619,7호선,3763,석남,761,N,7호선,7295,3760,굴포천,758,N,19:18:20,19:18:50,,7266,상행,2025-05-01T05:00:00,,주말
7호선,2712,도봉산,710,,20250619,7호선,3763,석남,761,N,7호선,7295,3759,삼산체육관,757,N,19:20:00,19:20:30,,7266,상행,2025-05-01T05:00:00,,주말
7호선,2712,도봉산,710,,20250619,7호선,3763,석남,761,N,7호선,7295,3758,상동,756,N,19:21:50,19:22:20,,7266,상행,2025-05-01T05:00:00,,주말
7호선,2712,도봉산,710,,20250619,7호선,3763,석남,761,N,7호선,7295,3757,부천시청,755,N,19:23:30,19:24:00,,7266,상행,2025-05-01T05:00:00,,주말
7호선,2712,도봉산,710,,20250619,7호선,3763,석남,761,N,7호선,7295,3756,신중동,754,N,19:25:20,19:25:50,,7266,상행,2025-05-01T05:00:00,,주말
7호선,2712,도봉산,710,,20250619,7호선,3763,석남,761,N,7호선,7295,3755,춘의,753,N,19:27:10,19:27:40,,7266,상행,2025-05-01T05:00:00,,주말
7호선,2712,도봉산,710,,20250619,7호선,3763,석남,761,N,7호선,7295,3754,부천종합운동장,752,N,19:29:00,19:29:30,,7266,상행,2025-05-01T05:00:00,,주말
7호선,2712,도봉산,710,,20250619,7호선,3763,석남,761,N,7호선,7295,3753,까치울,751,N,19:31:00,19:31:30,,7266,상행,2025-05-01T05:00:00,,주말
7호선,2712,도봉산,710,,20250619,7호선,3763,석남,761,N,7호선,7295,2752,온수,750,N,19:34:00,19:34:30,,7266,상행,2025-05-01T05:00:00,,주말
7호선,2712,도봉산,710,,20250619,7호선,3763,석남,761,N,7호선,7295,2751,천왕,749,N,19:36:50,19:37:10,,7266,상행,2025-05-01T05:00:00,,주말
7호선,2712,도봉산,710,,20250619,7호선,3763,석남,761,N,7호선,7295,2750,광명사거리,748,N,19:39:10,19:39:40,,7266,상행,2025-05-01T05:00:00,,주말
7호선,2712,도봉산,710,,20250619,7호선,3763,석남,761,N,7호선,7295,2749,철산,747,N,19:41:30,19:42:00,,7266,상행,2025-05-01T05:00:00,,주말
7호선,2712,도봉산,710,,20250619,7호선,3763,석남,761,N,7호선,7295,2748,가산디지털단지,746,N,19:44:00,19:44:30,,7266,상행,2025-05-01T05:00:00,,주말
7호선,2712,도봉산,710,,20250619,7호선,3763,석남,761,N,7호선,7295,2747,남구로,745,N,19:45:50,19:46:20,,7266,상행,2025-05-01T05:00:00,,주말
7호선,2712,도봉산,710,,20250619,7호선,3763,석남,761,N,7호선,7295,2746,대림,744,N,19:47:50,19:48:20,,7266,상행,2025-05-01T05:00:00,,주말
7호선,2712,도봉산,710,,20250619,7호선,3763,석남,761,N,7호선,7295,2745,신풍,743,N,19:50:20,19:50:50,,7266,상행,2025-05-01T05:00:00,,주말
7호선,2712,도봉산,710,,20250619,7호선,3763,석남,761,N,7호선,7295,2744,보라매,742,N,19:52:10,19:52:40,,7266,상행,2025-05-01T05:00:00,,주말
7호선,2712,도봉산,710,,20250619,7호선,3763,석남,761,N,7호선,7295,2743,신대방삼거리,741,N,19:53:50,19:54:20,,7266,상행,2025-05-01T05:00:00,,주말
7호선,2712,도봉산,710,,20250619,7호선,3763,석남,761,N,7호선,7295,2742,장승배기,740,N,19:56:10,19:56:40,,7266,상행,2025-05-01T05:00:00,,주말
7호선,2712,도봉산,710,,20250619,7호선,3763,석남,761,N,7호선,7295,2741,상도,739,N,19:58:10,19:58:40,,7266,상행,2025-05-01T05:00:00,,주말
7호선,2712,도봉산,710,,20250619,7호선,3763,석남,761,N,7호선,7295,2740,숭실대입구,738,N,19:59:50,20:00:20,,7266,상행,2025-05-01T05:00:00,,주말
7호선,2712,도봉산,710,,20250619,7호선,3763,석남,761,N,7호선,7295,2739,남성,737,N,20:02:50,20:03:20,,7266,상행,2025-05-01T05:00:00,,주말
7호선,2712,도봉산,710,,20250619,7호선,3763,석남,761,N,7호선,7295,2738,이수,736,N,20:04:40,20:05:20,,7266,상행,2025-05-01T05:00:00,,주말
7호선,2712,도봉산,710,,20250619,7호선,3763,석남,761,N,7호선,7295,2737,내방,735,N,20:06:50,20:07:20,,7266,상행,2025-05-01T05:00:00,,주말
7호선,2712,도봉산,710,,20250619,7호선,3763,석남,761,N,7호선,7295,2736,고속터미널,734,N,20:09:50,20:10:30,,7266,상행,2025-05-01T05:00:00,,주말
7호선,2712,도봉산,710,,20250619,7호선,3763,석남,761,N,7호선,7295,2735,반포,733,N,20:12:00,20:12:20,,7266,상행,2025-05-01T05:00:00,,주말
7호선,2712,도봉산,710,,20250619,7호선,3763,석남,761,N,7호선,7295,2734,논현,732,N,20:13:30,20:14:00,,7266,상행,2025-05-01T05:00:00,,주말
7호선,2712,도봉산,710,,20250619,7호선,3763,석남,761,N,7호선,7295,2733,학동,731,N,20:15:20,20:15:50,,7266,상행,2025-05-01T05:00:00,,주말
7호선,2712,도봉산,710,,20250619,7호선,3763,석남,761,N,7호선,7295,2732,강남구청,730,N,20:17:00,20:17:30,,7266,상행,2025-05-01T05:00:00,,주말
7호선,2712,도봉산,710,,20250619,7호선,3763,석남,761,N,7호선,7295,2731,청담,729,N,20:19:00,20:19:30,,7266,상행,2025-05-01T05:00:00,,주말
7호선,2712,도봉산,710,,20250619,7호선,3763,석남,761,N,7호선,7295,2730,자양,728,N,20:22:00,20:22:20,,7266,상행,2025-05-01T05:00:00,,주말
7호선,2712,도봉산,710,,20250619,7호선,3763,석남,761,N,7호선,7295,2729,건대입구,727,N,20:23:50,20:24:30,,7266,상행,2025-05-01T05:00:00,,주말
7호선,2712,도봉산,710,,20250619,7호선,3763,석남,761,N,7호선,7295,2728,어린이대공원,726,N,20:25:50,20:26:20,,7266,상행,2025-05-01T05:00:00,,주말
7호선,2712,도봉산,710,,20250619,7호선,3763,석남,761,N,7호선,7295,2727,군자,725,N,20:27:40,20:28:20,,7266,상행,2025-05-01T05:00:00,,주말
7호선,2712,도봉산,710,,20250619,7호선,3763,석남,761,N,7호선,7295,2726,중곡,724,N,20:29:40,20:30:10,,7266,상행,2025-05-01T05:00:00,,주말
7호선,2712,도봉산,710,,20250619,7호선,3763,석남,761,N,7호선,7295,2725,용마산,723,N,20:31:30,20:31:50,,7266,상행,2025-05-01T05:00:00,,주말
7호선,2712,도봉산,710,,20250619,7호선,3763,석남,761,N,7호선,7295,2724,사가정,722,N,20:33:00,20:33:30,,7266,상행,2025-05-01T05:00:00,,주말
7호선,2712,도봉산,710,,20250619,7호선,3763,석남,761,N,7호선,7295,2723,면목,721,N,20:34:40,20:35:10,,7266,상행,2025-05-01T05:00:00,,주말
7호선,2712,도봉산,710,,20250619,7호선,3763,석남,761,N,7호선,7295,2722,상봉,720,N,20:36:20,20:36:50,,7266,상행,2025-05-01T05:00:00,,주말
7호선,2712,도봉산,710,,20250619,7호선,3763,석남,761,N,7호선,7295,2721,중화,719,N,20:38:40,20:39:10,,7266,상행,2025-05-01T05:00:00,,주말
7호선,2712,도봉산,710,,20250619,7호선,3763,석남,761,N,7호선,7295,2720,먹골,718,N,20:40:30,20:41:00,,7266,상행,2025-05-01T05:00:00,,주말
7호선,2712,도봉산,710,,20250619,7호선,3763,석남,761,N,7호선,7295,2719,태릉입구,717,N,20:42:10,20:42:40,,7266,상행,2025-05-01T05:00:00,,주말
7호선,2712,도봉산,710,,20250619,7호선,3763,석남,761,N,7호선,7295,2718,공릉,716,N,20:43:40,20:44:10,,7266,상행,2025-05-01T05:00:00,,주말
7호선,2712,도봉산,710,,20250619,7호선,3763,석남,761,N,7호선,7295,2717,하계,715,N,20:45:40,20:46:10,,7266,상행,2025-05-01T05:00:00,,주말
7호선,2712,도봉산,710,,20250619,7호선,3763,석남,761,N,7호선,7295,2716,중계,714,N,20:47:20,20:47:50,,7266,상행,2025-05-01T05:00:00,,주말
7호선,2712,도봉산,710,,20250619,7호선,3763,석남,761,N,7호선,7295,2715,노원,713,N,20:49:10,20:49:40,,7266,상행,2025-05-01T05:00:00,,주말
7호선,2712,도봉산,710,,20250619,7호선,3763,석남,761,N,7호선,7295,2714,마들,712,N,20:51:10,20:51:40,,7266,상행,2025-05-01T05:00:00,,주말
7호선,2712,도봉산,710,,20250619,7호선,3763,석남,761,N,7호선,7295,2713,수락산,711,N,20:53:40,20:54:10,,7266,상행,2025-05-01T05:00:00,,주말
7호선,2712,도봉산,710,,20250619,7호선,3763,석남,761,N,7호선,7295,2712,도봉산,710,N,20:56:30,,,7266,상행,2025-05-01T05:00:00,,주말
7호선,2711,장암,709,,20250619,7호선,2752,온수,750,N,7호선,7301,2752,온수,750,N,,19:41:30,,7268,상행,2025-05-01T05:00:00,,주말
7호선,2711,장암,709,,20250619,7호선,2752,온수,750,N,7호선,7301,2751,천왕,749,N,19:43:50,19:44:10,,7268,상행,2025-05-01T05:00:00,,주말
7호선,2711,장암,709,,20250619,7호선,2752,온수,750,N,7호선,7301,2750,광명사거리,748,N,19:46:10,19:46:40,,7268,상행,2025-05-01T05:00:00,,주말
7호선,2711,장암,709,,20250619,7호선,2752,온수,750,N,7호선,7301,2749,철산,747,N,19:48:30,19:49:00,,7268,상행,2025-05-01T05:00:00,,주말
7호선,2711,장암,709,,20250619,7호선,2752,온수,750,N,7호선,7301,2748,가산디지털단지,746,N,19:51:00,19:51:30,,7268,상행,2025-05-01T05:00:00,,주말
7호선,2711,장암,709,,20250619,7호선,2752,온수,750,N,7호선,7301,2747,남구로,745,N,19:52:50,19:53:20,,7268,상행,2025-05-01T05:00:00,,주말
7호선,2711,장암,709,,20250619,7호선,2752,온수,750,N,7호선,7301,2746,대림,744,N,19:54:50,19:55:20,,7268,상행,2025-05-01T05:00:00,,주말
7호선,2711,장암,709,,20250619,7호선,2752,온수,750,N,7호선,7301,2745,신풍,743,N,19:57:20,19:57:50,,7268,상행,2025-05-01T05:00:00,,주말
7호선,2711,장암,709,,20250619,7호선,2752,온수,750,N,7호선,7301,2744,보라매,742,N,19:59:10,19:59:40,,7268,상행,2025-05-01T05:00:00,,주말
7호선,2711,장암,709,,20250619,7호선,2752,온수,750,N,7호선,7301,2743,신대방삼거리,741,N,20:00:50,20:01:20,,7268,상행,2025-05-01T05:00:00,,주말
7호선,2711,장암,709,,20250619,7호선,2752,온수,750,N,7호선,7301,2742,장승배기,740,N,20:03:10,20:03:40,,7268,상행,2025-05-01T05:00:00,,주말
7호선,2711,장암,709,,20250619,7호선,2752,온수,750,N,7호선,7301,2741,상도,739,N,20:05:10,20:05:40,,7268,상행,2025-05-01T05:00:00,,주말
7호선,2711,장암,709,,20250619,7호선,2752,온수,750,N,7호선,7301,2740,숭실대입구,738,N,20:06:50,20:07:20,,7268,상행,2025-05-01T05:00:00,,주말
7호선,2711,장암,709,,20250619,7호선,2752,온수,750,N,7호선,7301,2739,남성,737,N,20:09:50,20:10:20,,7268,상행,2025-05-01T05:00:00,,주말
7호선,2711,장암,709,,20250619,7호선,2752,온수,750,N,7호선,7301,2738,이수,736,N,20:11:40,20:12:20,,7268,상행,2025-05-01T05:00:00,,주말
7호선,2711,장암,709,,20250619,7호선,2752,온수,750,N,7호선,7301,2737,내방,735,N,20:13:50,20:14:20,,7268,상행,2025-05-01T05:00:00,,주말
7호선,2711,장암,709,,20250619,7호선,2752,온수,750,N,7호선,7301,2736,고속터미널,734,N,20:16:50,20:17:30,,7268,상행,2025-05-01T05:00:00,,주말
7호선,2711,장암,709,,20250619,7호선,2752,온수,750,N,7호선,7301,2735,반포,733,N,20:19:00,20:19:20,,7268,상행,2025-05-01T05:00:00,,주말
7호선,2711,장암,709,,20250619,7호선,2752,온수,750,N,7호선,7301,2734,논현,732,N,20:20:30,20:21:00,,7268,상행,2025-05-01T05:00:00,,주말
7호선,2711,장암,709,,20250619,7호선,2752,온수,750,N,7호선,7301,2733,학동,731,N,20:22:20,20:22:50,,7268,상행,2025-05-01T05:00:00,,주말
7호선,2711,장암,709,,20250619,7호선,2752,온수,750,N,7호선,7301,2732,강남구청,730,N,20:24:00,20:24:30,,7268,상행,2025-05-01T05:00:00,,주말
7호선,2711,장암,709,,20250619,7호선,2752,온수,750,N,7호선,7301,2731,청담,729,N,20:26:00,20:26:30,,7268,상행,2025-05-01T05:00:00,,주말
7호선,2711,장암,709,,20250619,7호선,2752,온수,750,N,7호선,7301,2730,자양,728,N,20:29:00,20:29:20,,7268,상행,2025-05-01T05:00:00,,주말
7호선,2711,장암,709,,20250619,7호선,2752,온수,750,N,7호선,7301,2729,건대입구,727,N,20:30:50,20:31:30,,7268,상행,2025-05-01T05:00:00,,주말
7호선,2711,장암,709,,20250619,7호선,2752,온수,750,N,7호선,7301,2728,어린이대공원,726,N,20:32:50,20:33:20,,7268,상행,2025-05-01T05:00:00,,주말
7호선,2711,장암,709,,20250619,7호선,2752,온수,750,N,7호선,7301,2727,군자,725,N,20:34:40,20:35:20,,7268,상행,2025-05-01T05:00:00,,주말
7호선,2711,장암,709,,20250619,7호선,2752,온수,750,N,7호선,7301,2726,중곡,724,N,20:36:40,20:37:10,,7268,상행,2025-05-01T05:00:00,,주말
7호선,2711,장암,709,,20250619,7호선,2752,온수,750,N,7호선,7301,2725,용마산,723,N,20:38:30,20:38:50,,7268,상행,2025-05-01T05:00:00,,주말
7호선,2711,장암,709,,20250619,7호선,2752,온수,750,N,7호선,7301,2724,사가정,722,N,20:40:00,20:40:30,,7268,상행,2025-05-01T05:00:00,,주말
7호선,2711,장암,709,,20250619,7호선,2752,온수,750,N,7호선,7301,2723,면목,721,N,20:41:40,20:42:10,,7268,상행,2025-05-01T05:00:00,,주말
7호선,2711,장암,709,,20250619,7호선,2752,온수,750,N,7호선,7301,2722,상봉,720,N,20:43:20,20:43:50,,7268,상행,2025-05-01T05:00:00,,주말
7호선,2711,장암,709,,20250619,7호선,2752,온수,750,N,7호선,7301,2721,중화,719,N,20:45:40,20:46:10,,7268,상행,2025-05-01T05:00:00,,주말
7호선,2711,장암,709,,20250619,7호선,2752,온수,750,N,7호선,7301,2720,먹골,718,N,20:47:30,20:48:00,,7268,상행,2025-05-01T05:00:00,,주말
7호선,2711,장암,709,,20250619,7호선,2752,온수,750,N,7호선,7301,2719,태릉입구,717,N,20:49:10,20:49:40,,7268,상행,2025-05-01T05:00:00,,주말
7호선,2711,장암,709,,20250619,7호선,2752,온수,750,N,7호선,7301,2718,공릉,716,N,20:50:40,20:51:10,,7268,상행,2025-05-01T05:00:00,,주말
7호선,2711,장암,709,,20250619,7호선,2752,온수,750,N,7호선,7301,2717,하계,715,N,20:52:40,20:53:10,,7268,상행,2025-05-01T05:00:00,,주말
7호선,2711,장암,709,,20250619,7호선,2752,온수,750,N,7호선,7301,2716,중계,714,N,20:54:20,20:54:50,,7268,상행,2025-05-01T05:00:00,,주말
7호선,2711,장암,709,,20250619,7호선,2752,온수,750,N,7호선,7301,2715,노원,713,N,20:56:10,20:56:40,,7268,상행,2025-05-01T05:00:00,,주말
7호선,2711,장암,709,,20250619,7호선,2752,온수,750,N,7호선,7301,2714,마들,712,N,20:58:10,20:58:40,,7268,상행,2025-05-01T05:00:00,,주말
7호선,2711,장암,709,,20250619,7호선,2752,온수,750,N,7호선,7301,2713,수락산,711,N,21:00:40,21:01:10,,7268,상행,2025-05-01T05:00:00,,주말
7호선,2711,장암,709,,20250619,7호선,2752,온수,750,N,7호선,7301,2712,도봉산,710,N,21:03:30,21:04:00,,7268,상행,2025-05-01T05:00:00,,주말
7호선,2711,장암,709,,20250619,7호선,2752,온수,750,N,7호선,7301,2711,장암,709,N,21:08:30,,,7268,상행,2025-05-01T05:00:00,,주말
7호선,2712,도봉산,710,,20250619,7호선,3763,석남,761,N,7호선,7299,3763,석남,761,N,,19:25:00,,7270,상행,2025-05-01T05:00:00,,주말
7호선,2712,도봉산,710,,20250619,7호선,3763,석남,761,N,7호선,7299,3762,산곡,760,N,19:28:00,19:28:30,,7270,상행,2025-05-01T05:00:00,,주말
7호선,2712,도봉산,710,,20250619,7호선,3763,석남,761,N,7호선,7299,3761,부평구청,759,N,19:30:30,19:31:00,,7270,상행,2025-05-01T05:00:00,,주말
7호선,2712,도봉산,710,,20250619,7호선,3763,석남,761,N,7호선,7299,3760,굴포천,758,N,19:32:20,19:32:50,,7270,상행,2025-05-01T05:00:00,,주말
7호선,2712,도봉산,710,,20250619,7호선,3763,석남,761,N,7호선,7299,3759,삼산체육관,757,N,19:34:00,19:34:30,,7270,상행,2025-05-01T05:00:00,,주말
7호선,2712,도봉산,710,,20250619,7호선,3763,석남,761,N,7호선,7299,3758,상동,756,N,19:35:50,19:36:20,,7270,상행,2025-05-01T05:00:00,,주말
7호선,2712,도봉산,710,,20250619,7호선,3763,석남,761,N,7호선,7299,3757,부천시청,755,N,19:37:30,19:38:00,,7270,상행,2025-05-01T05:00:00,,주말
7호선,2712,도봉산,710,,20250619,7호선,3763,석남,761,N,7호선,7299,3756,신중동,754,N,19:39:20,19:39:50,,7270,상행,2025-05-01T05:00:00,,주말
7호선,2712,도봉산,710,,20250619,7호선,3763,석남,761,N,7호선,7299,3755,춘의,753,N,19:41:10,19:41:40,,7270,상행,2025-05-01T05:00:00,,주말
7호선,2712,도봉산,710,,20250619,7호선,3763,석남,761,N,7호선,7299,3754,부천종합운동장,752,N,19:43:00,19:43:30,,7270,상행,2025-05-01T05:00:00,,주말
7호선,2712,도봉산,710,,20250619,7호선,3763,석남,761,N,7호선,7299,3753,까치울,751,N,19:45:00,19:45:30,,7270,상행,2025-05-01T05:00:00,,주말
7호선,2712,도봉산,710,,20250619,7호선,3763,석남,761,N,7호선,7299,2752,온수,750,N,19:48:00,19:48:30,,7270,상행,2025-05-01T05:00:00,,주말
7호선,2712,도봉산,710,,20250619,7호선,3763,석남,761,N,7호선,7299,2751,천왕,749,N,19:50:50,19:51:10,,7270,상행,2025-05-01T05:00:00,,주말
7호선,2712,도봉산,710,,20250619,7호선,3763,석남,761,N,7호선,7299,2750,광명사거리,748,N,19:53:10,19:53:40,,7270,상행,2025-05-01T05:00:00,,주말
7호선,2712,도봉산,710,,20250619,7호선,3763,석남,761,N,7호선,7299,2749,철산,747,N,19:55:30,19:56:00,,7270,상행,2025-05-01T05:00:00,,주말
7호선,2712,도봉산,710,,20250619,7호선,3763,석남,761,N,7호선,7299,2748,가산디지털단지,746,N,19:58:00,19:58:30,,7270,상행,2025-05-01T05:00:00,,주말
7호선,2712,도봉산,710,,20250619,7호선,3763,석남,761,N,7호선,7299,2747,남구로,745,N,19:59:50,20:00:20,,7270,상행,2025-05-01T05:00:00,,주말
7호선,2712,도봉산,710,,20250619,7호선,3763,석남,761,N,7호선,7299,2746,대림,744,N,20:01:50,20:02:20,,7270,상행,2025-05-01T05:00:00,,주말
7호선,2712,도봉산,710,,20250619,7호선,3763,석남,761,N,7호선,7299,2745,신풍,743,N,20:04:20,20:04:50,,7270,상행,2025-05-01T05:00:00,,주말
7호선,2712,도봉산,710,,20250619,7호선,3763,석남,761,N,7호선,7299,2744,보라매,742,N,20:06:10,20:06:40,,7270,상행,2025-05-01T05:00:00,,주말
7호선,2712,도봉산,710,,20250619,7호선,3763,석남,761,N,7호선,7299,2743,신대방삼거리,741,N,20:07:50,20:08:20,,7270,상행,2025-05-01T05:00:00,,주말
7호선,2712,도봉산,710,,20250619,7호선,3763,석남,761,N,7호선,7299,2742,장승배기,740,N,20:10:10,20:10:40,,7270,상행,2025-05-01T05:00:00,,주말
7호선,2712,도봉산,710,,20250619,7호선,3763,석남,761,N,7호선,7299,2741,상도,739,N,20:12:10,20:12:40,,7270,상행,2025-05-01T05:00:00,,주말
7호선,2712,도봉산,710,,20250619,7호선,3763,석남,761,N,7호선,7299,2740,숭실대입구,738,N,20:13:50,20:14:20,,7270,상행,2025-05-01T05:00:00,,주말
7호선,2712,도봉산,710,,20250619,7호선,3763,석남,761,N,7호선,7299,2739,남성,737,N,20:16:50,20:17:20,,7270,상행,2025-05-01T05:00:00,,주말
7호선,2712,도봉산,710,,20250619,7호선,3763,석남,761,N,7호선,7299,2738,이수,736,N,20:18:40,20:19:20,,7270,상행,2025-05-01T05:00:00,,주말
7호선,2712,도봉산,710,,20250619,7호선,3763,석남,761,N,7호선,7299,2737,내방,735,N,20:20:50,20:21:20,,7270,상행,2025-05-01T05:00:00,,주말
7호선,2712,도봉산,710,,20250619,7호선,3763,석남,761,N,7호선,7299,2736,고속터미널,734,N,20:23:50,20:24:30,,7270,상행,2025-05-01T05:00:00,,주말
7호선,2712,도봉산,710,,20250619,7호선,3763,석남,761,N,7호선,7299,2735,반포,733,N,20:26:00,20:26:20,,7270,상행,2025-05-01T05:00:00,,주말
7호선,2712,도봉산,710,,20250619,7호선,3763,석남,761,N,7호선,7299,2734,논현,732,N,20:27:30,20:28:00,,7270,상행,2025-05-01T05:00:00,,주말
7호선,2712,도봉산,710,,20250619,7호선,3763,석남,761,N,7호선,7299,2733,학동,731,N,20:29:20,20:29:50,,7270,상행,2025-05-01T05:00:00,,주말
7호선,2712,도봉산,710,,20250619,7호선,3763,석남,761,N,7호선,7299,2732,강남구청,730,N,20:31:00,20:31:30,,7270,상행,2025-05-01T05:00:00,,주말
7호선,2712,도봉산,710,,20250619,7호선,3763,석남,761,N,7호선,7299,2731,청담,729,N,20:33:00,20:33:30,,7270,상행,2025-05-01T05:00:00,,주말
7호선,2712,도봉산,710,,20250619,7호선,3763,석남,761,N,7호선,7299,2730,자양,728,N,20:36:00,20:36:20,,7270,상행,2025-05-01T05:00:00,,주말
7호선,2712,도봉산,710,,20250619,7호선,3763,석남,761,N,7호선,7299,2729,건대입구,727,N,20:37:50,20:38:30,,7270,상행,2025-05-01T05:00:00,,주말
7호선,2712,도봉산,710,,20250619,7호선,3763,석남,761,N,7호선,7299,2728,어린이대공원,726,N,20:39:50,20:40:20,,7270,상행,2025-05-01T05:00:00,,주말
7호선,2712,도봉산,710,,20250619,7호선,3763,석남,761,N,7호선,7299,2727,군자,725,N,20:41:40,20:42:20,,7270,상행,2025-05-01T05:00:00,,주말
7호선,2712,도봉산,710,,20250619,7호선,3763,석남,761,N,7호선,7299,2726,중곡,724,N,20:43:40,20:44:10,,7270,상행,2025-05-01T05:00:00,,주말
7호선,2712,도봉산,710,,20250619,7호선,3763,석남,761,N,7호선,7299,2725,용마산,723,N,20:45:30,20:45:50,,7270,상행,2025-05-01T05:00:00,,주말
7호선,2712,도봉산,710,,20250619,7호선,3763,석남,761,N,7호선,7299,2724,사가정,722,N,20:47:00,20:47:30,,7270,상행,2025-05-01T05:00:00,,주말
7호선,2712,도봉산,710,,20250619,7호선,3763,석남,761,N,7호선,7299,2723,면목,721,N,20:48:40,20:49:10,,7270,상행,2025-05-01T05:00:00,,주말
7호선,2712,도봉산,710,,20250619,7호선,3763,석남,761,N,7호선,7299,2722,상봉,720,N,20:50:20,20:50:50,,7270,상행,2025-05-01T05:00:00,,주말
7호선,2712,도봉산,710,,20250619,7호선,3763,석남,761,N,7호선,7299,2721,중화,719,N,20:52:40,20:53:10,,7270,상행,2025-05-01T05:00:00,,주말
7호선,2712,도봉산,710,,20250619,7호선,3763,석남,761,N,7호선,7299,2720,먹골,718,N,20:54:30,20:55:00,,7270,상행,2025-05-01T05:00:00,,주말
7호선,2712,도봉산,710,,20250619,7호선,3763,석남,761,N,7호선,7299,2719,태릉입구,717,N,20:56:10,20:56:40,,7270,상행,2025-05-01T05:00:00,,주말
7호선,2712,도봉산,710,,20250619,7호선,3763,석남,761,N,7호선,7299,2718,공릉,716,N,20:57:40,20:58:10,,7270,상행,2025-05-01T05:00:00,,주말
7호선,2712,도봉산,710,,20250619,7호선,3763,석남,761,N,7호선,7299,2717,하계,715,N,20:59:40,21:00:10,,7270,상행,2025-05-01T05:00:00,,주말
7호선,2712,도봉산,710,,20250619,7호선,3763,석남,761,N,7호선,7299,2716,중계,714,N,21:01:20,21:01:50,,7270,상행,2025-05-01T05:00:00,,주말
7호선,2712,도봉산,710,,20250619,7호선,3763,석남,761,N,7호선,7299,2715,노원,713,N,21:03:10,21:03:40,,7270,상행,2025-05-01T05:00:00,,주말
7호선,2712,도봉산,710,,20250619,7호선,3763,석남,761,N,7호선,7299,2714,마들,712,N,21:05:10,21:05:40,,7270,상행,2025-05-01T05:00:00,,주말
7호선,2712,도봉산,710,,20250619,7호선,3763,석남,761,N,7호선,7299,2713,수락산,711,N,21:07:40,21:08:10,,7270,상행,2025-05-01T05:00:00,,주말
7호선,2712,도봉산,710,,20250619,7호선,3763,석남,761,N,7호선,7299,2712,도봉산,710,N,21:10:30,,,7270,상행,2025-05-01T05:00:00,,주말
7호선,2711,장암,709,,20250619,7호선,2752,온수,750,N,7호선,7307,2752,온수,750,N,,19:55:00,,7272,상행,2025-05-01T05:00:00,,주말
7호선,2711,장암,709,,20250619,7호선,2752,온수,750,N,7호선,7307,2751,천왕,749,N,19:57:20,19:57:40,,7272,상행,2025-05-01T05:00:00,,주말
7호선,2711,장암,709,,20250619,7호선,2752,온수,750,N,7호선,7307,2750,광명사거리,748,N,19:59:40,20:00:10,,7272,상행,2025-05-01T05:00:00,,주말
7호선,2711,장암,709,,20250619,7호선,2752,온수,750,N,7호선,7307,2749,철산,747,N,20:02:00,20:02:30,,7272,상행,2025-05-01T05:00:00,,주말
7호선,2711,장암,709,,20250619,7호선,2752,온수,750,N,7호선,7307,2748,가산디지털단지,746,N,20:04:30,20:05:00,,7272,상행,2025-05-01T05:00:00,,주말
7호선,2711,장암,709,,20250619,7호선,2752,온수,750,N,7호선,7307,2747,남구로,745,N,20:06:20,20:06:50,,7272,상행,2025-05-01T05:00:00,,주말
7호선,2711,장암,709,,20250619,7호선,2752,온수,750,N,7호선,7307,2746,대림,744,N,20:08:20,20:08:50,,7272,상행,2025-05-01T05:00:00,,주말
7호선,2711,장암,709,,20250619,7호선,2752,온수,750,N,7호선,7307,2745,신풍,743,N,20:10:50,20:11:20,,7272,상행,2025-05-01T05:00:00,,주말
7호선,2711,장암,709,,20250619,7호선,2752,온수,750,N,7호선,7307,2744,보라매,742,N,20:12:40,20:13:10,,7272,상행,2025-05-01T05:00:00,,주말
7호선,2711,장암,709,,20250619,7호선,2752,온수,750,N,7호선,7307,2743,신대방삼거리,741,N,20:14:20,20:14:50,,7272,상행,2025-05-01T05:00:00,,주말
7호선,2711,장암,709,,20250619,7호선,2752,온수,750,N,7호선,7307,2742,장승배기,740,N,20:16:40,20:17:10,,7272,상행,2025-05-01T05:00:00,,주말
7호선,2711,장암,709,,20250619,7호선,2752,온수,750,N,7호선,7307,2741,상도,739,N,20:18:40,20:19:10,,7272,상행,2025-05-01T05:00:00,,주말
7호선,2711,장암,709,,20250619,7호선,2752,온수,750,N,7호선,7307,2740,숭실대입구,738,N,20:20:20,20:20:50,,7272,상행,2025-05-01T05:00:00,,주말
7호선,2711,장암,709,,20250619,7호선,2752,온수,750,N,7호선,7307,2739,남성,737,N,20:23:20,20:23:50,,7272,상행,2025-05-01T05:00:00,,주말
7호선,2711,장암,709,,20250619,7호선,2752,온수,750,N,7호선,7307,2738,이수,736,N,20:25:10,20:25:50,,7272,상행,2025-05-01T05:00:00,,주말
7호선,2711,장암,709,,20250619,7호선,2752,온수,750,N,7호선,7307,2737,내방,735,N,20:27:20,20:27:50,,7272,상행,2025-05-01T05:00:00,,주말
7호선,2711,장암,709,,20250619,7호선,2752,온수,750,N,7호선,7307,2736,고속터미널,734,N,20:30:20,20:31:00,,7272,상행,2025-05-01T05:00:00,,주말
7호선,2711,장암,709,,20250619,7호선,2752,온수,750,N,7호선,7307,2735,반포,733,N,20:32:30,20:32:50,,7272,상행,2025-05-01T05:00:00,,주말
7호선,2711,장암,709,,20250619,7호선,2752,온수,750,N,7호선,7307,2734,논현,732,N,20:34:00,20:34:30,,7272,상행,2025-05-01T05:00:00,,주말
7호선,2711,장암,709,,20250619,7호선,2752,온수,750,N,7호선,7307,2733,학동,731,N,20:35:50,20:36:20,,7272,상행,2025-05-01T05:00:00,,주말
7호선,2711,장암,709,,20250619,7호선,2752,온수,750,N,7호선,7307,2732,강남구청,730,N,20:37:30,20:38:00,,7272,상행,2025-05-01T05:00:00,,주말
7호선,2711,장암,709,,20250619,7호선,2752,온수,750,N,7호선,7307,2731,청담,729,N,20:39:30,20:40:00,,7272,상행,2025-05-01T05:00:00,,주말
7호선,2711,장암,709,,20250619,7호선,2752,온수,750,N,7호선,7307,2730,자양,728,N,20:42:30,20:42:50,,7272,상행,2025-05-01T05:00:00,,주말
7호선,2711,장암,709,,20250619,7호선,2752,온수,750,N,7호선,7307,2729,건대입구,727,N,20:44:20,20:45:00,,7272,상행,2025-05-01T05:00:00,,주말
7호선,2711,장암,709,,20250619,7호선,2752,온수,750,N,7호선,7307,2728,어린이대공원,726,N,20:46:20,20:46:50,,7272,상행,2025-05-01T05:00:00,,주말
7호선,2711,장암,709,,20250619,7호선,2752,온수,750,N,7호선,7307,2727,군자,725,N,20:48:10,20:48:50,,7272,상행,2025-05-01T05:00:00,,주말
7호선,2711,장암,709,,20250619,7호선,2752,온수,750,N,7호선,7307,2726,중곡,724,N,20:50:10,20:50:40,,7272,상행,2025-05-01T05:00:00,,주말
7호선,2711,장암,709,,20250619,7호선,2752,온수,750,N,7호선,7307,2725,용마산,723,N,20:52:00,20:52:20,,7272,상행,2025-05-01T05:00:00,,주말
7호선,2711,장암,709,,20250619,7호선,2752,온수,750,N,7호선,7307,2724,사가정,722,N,20:53:30,20:54:00,,7272,상행,2025-05-01T05:00:00,,주말
7호선,2711,장암,709,,20250619,7호선,2752,온수,750,N,7호선,7307,2723,면목,721,N,20:55:10,20:55:40,,7272,상행,2025-05-01T05:00:00,,주말
7호선,2711,장암,709,,20250619,7호선,2752,온수,750,N,7호선,7307,2722,상봉,720,N,20:56:50,20:57:20,,7272,상행,2025-05-01T05:00:00,,주말
7호선,2711,장암,709,,20250619,7호선,2752,온수,750,N,7호선,7307,2721,중화,719,N,20:59:10,20:59:40,,7272,상행,2025-05-01T05:00:00,,주말
7호선,2711,장암,709,,20250619,7호선,2752,온수,750,N,7호선,7307,2720,먹골,718,N,21:01:00,21:01:30,,7272,상행,2025-05-01T05:00:00,,주말
7호선,2711,장암,709,,20250619,7호선,2752,온수,750,N,7호선,7307,2719,태릉입구,717,N,21:02:40,21:03:10,,7272,상행,2025-05-01T05:00:00,,주말
7호선,2711,장암,709,,20250619,7호선,2752,온수,750,N,7호선,7307,2718,공릉,716,N,21:04:10,21:04:40,,7272,상행,2025-05-01T05:00:00,,주말
7호선,2711,장암,709,,20250619,7호선,2752,온수,750,N,7호선,7307,2717,하계,715,N,21:06:10,21:06:40,,7272,상행,2025-05-01T05:00:00,,주말
7호선,2711,장암,709,,20250619,7호선,2752,온수,750,N,7호선,7307,2716,중계,714,N,21:07:50,21:08:20,,7272,상행,2025-05-01T05:00:00,,주말
7호선,2711,장암,709,,20250619,7호선,2752,온수,750,N,7호선,7307,2715,노원,713,N,21:09:40,21:10:10,,7272,상행,2025-05-01T05:00:00,,주말
7호선,2711,장암,709,,20250619,7호선,2752,온수,750,N,7호선,7307,2714,마들,712,N,21:11:40,21:12:10,,7272,상행,2025-05-01T05:00:00,,주말
7호선,2711,장암,709,,20250619,7호선,2752,온수,750,N,7호선,7307,2713,수락산,711,N,21:14:10,21:14:40,,7272,상행,2025-05-01T05:00:00,,주말
7호선,2711,장암,709,,20250619,7호선,2752,온수,750,N,7호선,7307,2712,도봉산,710,N,21:17:00,21:17:30,,7272,상행,2025-05-01T05:00:00,,주말
7호선,2711,장암,709,,20250619,7호선,2752,온수,750,N,7호선,7307,2711,장암,709,N,21:22:00,,,7272,상행,2025-05-01T05:00:00,,주말
7호선,2712,도봉산,710,,20250619,7호선,3763,석남,761,N,7호선,7303,3763,석남,761,N,,19:38:00,,7274,상행,2025-05-01T05:00:00,,주말
7호선,2712,도봉산,710,,20250619,7호선,3763,석남,761,N,7호선,7303,3762,산곡,760,N,19:41:00,19:41:30,,7274,상행,2025-05-01T05:00:00,,주말
7호선,2712,도봉산,710,,20250619,7호선,3763,석남,761,N,7호선,7303,3761,부평구청,759,N,19:43:30,19:44:00,,7274,상행,2025-05-01T05:00:00,,주말
7호선,2712,도봉산,710,,20250619,7호선,3763,석남,761,N,7호선,7303,3760,굴포천,758,N,19:45:20,19:45:50,,7274,상행,2025-05-01T05:00:00,,주말
7호선,2712,도봉산,710,,20250619,7호선,3763,석남,761,N,7호선,7303,3759,삼산체육관,757,N,19:47:00,19:47:30,,7274,상행,2025-05-01T05:00:00,,주말
7호선,2712,도봉산,710,,20250619,7호선,3763,석남,761,N,7호선,7303,3758,상동,756,N,19:48:50,19:49:20,,7274,상행,2025-05-01T05:00:00,,주말
7호선,2712,도봉산,710,,20250619,7호선,3763,석남,761,N,7호선,7303,3757,부천시청,755,N,19:50:30,19:51:00,,7274,상행,2025-05-01T05:00:00,,주말
7호선,2712,도봉산,710,,20250619,7호선,3763,석남,761,N,7호선,7303,3756,신중동,754,N,19:52:20,19:52:50,,7274,상행,2025-05-01T05:00:00,,주말
7호선,2712,도봉산,710,,20250619,7호선,3763,석남,761,N,7호선,7303,3755,춘의,753,N,19:54:10,19:54:40,,7274,상행,2025-05-01T05:00:00,,주말
7호선,2712,도봉산,710,,20250619,7호선,3763,석남,761,N,7호선,7303,3754,부천종합운동장,752,N,19:56:00,19:56:30,,7274,상행,2025-05-01T05:00:00,,주말
7호선,2712,도봉산,710,,20250619,7호선,3763,석남,761,N,7호선,7303,3753,까치울,751,N,19:58:00,19:58:30,,7274,상행,2025-05-01T05:00:00,,주말
7호선,2712,도봉산,710,,20250619,7호선,3763,석남,761,N,7호선,7303,2752,온수,750,N,20:01:00,20:01:30,,7274,상행,2025-05-01T05:00:00,,주말
7호선,2712,도봉산,710,,20250619,7호선,3763,석남,761,N,7호선,7303,2751,천왕,749,N,20:03:50,20:04:10,,7274,상행,2025-05-01T05:00:00,,주말
7호선,2712,도봉산,710,,20250619,7호선,3763,석남,761,N,7호선,7303,2750,광명사거리,748,N,20:06:10,20:06:40,,7274,상행,2025-05-01T05:00:00,,주말
7호선,2712,도봉산,710,,20250619,7호선,3763,석남,761,N,7호선,7303,2749,철산,747,N,20:08:30,20:09:00,,7274,상행,2025-05-01T05:00:00,,주말
7호선,2712,도봉산,710,,20250619,7호선,3763,석남,761,N,7호선,7303,2748,가산디지털단지,746,N,20:11:00,20:11:30,,7274,상행,2025-05-01T05:00:00,,주말
7호선,2712,도봉산,710,,20250619,7호선,3763,석남,761,N,7호선,7303,2747,남구로,745,N,20:12:50,20:13:20,,7274,상행,2025-05-01T05:00:00,,주말
7호선,2712,도봉산,710,,20250619,7호선,3763,석남,761,N,7호선,7303,2746,대림,744,N,20:14:50,20:15:20,,7274,상행,2025-05-01T05:00:00,,주말
7호선,2712,도봉산,710,,20250619,7호선,3763,석남,761,N,7호선,7303,2745,신풍,743,N,20:17:20,20:17:50,,7274,상행,2025-05-01T05:00:00,,주말
7호선,2712,도봉산,710,,20250619,7호선,3763,석남,761,N,7호선,7303,2744,보라매,742,N,20:19:10,20:19:40,,7274,상행,2025-05-01T05:00:00,,주말
7호선,2712,도봉산,710,,20250619,7호선,3763,석남,761,N,7호선,7303,2743,신대방삼거리,741,N,20:20:50,20:21:20,,7274,상행,2025-05-01T05:00:00,,주말
7호선,2712,도봉산,710,,20250619,7호선,3763,석남,761,N,7호선,7303,2742,장승배기,740,N,20:23:10,20:23:40,,7274,상행,2025-05-01T05:00:00,,주말
7호선,2712,도봉산,710,,20250619,7호선,3763,석남,761,N,7호선,7303,2741,상도,739,N,20:25:10,20:25:40,,7274,상행,2025-05-01T05:00:00,,주말
7호선,2712,도봉산,710,,20250619,7호선,3763,석남,761,N,7호선,7303,2740,숭실대입구,738,N,20:26:50,20:27:20,,7274,상행,2025-05-01T05:00:00,,주말
7호선,2712,도봉산,710,,20250619,7호선,3763,석남,761,N,7호선,7303,2739,남성,737,N,20:29:50,20:30:20,,7274,상행,2025-05-01T05:00:00,,주말
7호선,2712,도봉산,710,,20250619,7호선,3763,석남,761,N,7호선,7303,2738,이수,736,N,20:31:40,20:32:20,,7274,상행,2025-05-01T05:00:00,,주말
7호선,2712,도봉산,710,,20250619,7호선,3763,석남,761,N,7호선,7303,2737,내방,735,N,20:33:50,20:34:20,,7274,상행,2025-05-01T05:00:00,,주말
7호선,2712,도봉산,710,,20250619,7호선,3763,석남,761,N,7호선,7303,2736,고속터미널,734,N,20:36:50,20:37:30,,7274,상행,2025-05-01T05:00:00,,주말
7호선,2712,도봉산,710,,20250619,7호선,3763,석남,761,N,7호선,7303,2735,반포,733,N,20:39:00,20:39:20,,7274,상행,2025-05-01T05:00:00,,주말
7호선,2712,도봉산,710,,20250619,7호선,3763,석남,761,N,7호선,7303,2734,논현,732,N,20:40:30,20:41:00,,7274,상행,2025-05-01T05:00:00,,주말
7호선,2712,도봉산,710,,20250619,7호선,3763,석남,761,N,7호선,7303,2733,학동,731,N,20:42:20,20:42:50,,7274,상행,2025-05-01T05:00:00,,주말
7호선,2712,도봉산,710,,20250619,7호선,3763,석남,761,N,7호선,7303,2732,강남구청,730,N,20:44:00,20:44:30,,7274,상행,2025-05-01T05:00:00,,주말
7호선,2712,도봉산,710,,20250619,7호선,3763,석남,761,N,7호선,7303,2731,청담,729,N,20:46:00,20:46:30,,7274,상행,2025-05-01T05:00:00,,주말
7호선,2712,도봉산,710,,20250619,7호선,3763,석남,761,N,7호선,7303,2730,자양,728,N,20:49:00,20:49:20,,7274,상행,2025-05-01T05:00:00,,주말
7호선,2712,도봉산,710,,20250619,7호선,3763,석남,761,N,7호선,7303,2729,건대입구,727,N,20:50:50,20:51:30,,7274,상행,2025-05-01T05:00:00,,주말
7호선,2712,도봉산,710,,20250619,7호선,3763,석남,761,N,7호선,7303,2728,어린이대공원,726,N,20:52:50,20:53:20,,7274,상행,2025-05-01T05:00:00,,주말
7호선,2712,도봉산,710,,20250619,7호선,3763,석남,761,N,7호선,7303,2727,군자,725,N,20:54:40,20:55:20,,7274,상행,2025-05-01T05:00:00,,주말
7호선,2712,도봉산,710,,20250619,7호선,3763,석남,761,N,7호선,7303,2726,중곡,724,N,20:56:40,20:57:10,,7274,상행,2025-05-01T05:00:00,,주말
7호선,2712,도봉산,710,,20250619,7호선,3763,석남,761,N,7호선,7303,2725,용마산,723,N,20:58:30,20:58:50,,7274,상행,2025-05-01T05:00:00,,주말
7호선,2712,도봉산,710,,20250619,7호선,3763,석남,761,N,7호선,7303,2724,사가정,722,N,21:00:00,21:00:30,,7274,상행,2025-05-01T05:00:00,,주말
7호선,2712,도봉산,710,,20250619,7호선,3763,석남,761,N,7호선,7303,2723,면목,721,N,21:01:40,21:02:10,,7274,상행,2025-05-01T05:00:00,,주말
7호선,2712,도봉산,710,,20250619,7호선,3763,석남,761,N,7호선,7303,2722,상봉,720,N,21:03:20,21:03:50,,7274,상행,2025-05-01T05:00:00,,주말
7호선,2712,도봉산,710,,20250619,7호선,3763,석남,761,N,7호선,7303,2721,중화,719,N,21:05:40,21:06:10,,7274,상행,2025-05-01T05:00:00,,주말
7호선,2712,도봉산,710,,20250619,7호선,3763,석남,761,N,7호선,7303,2720,먹골,718,N,21:07:30,21:08:00,,7274,상행,2025-05-01T05:00:00,,주말
7호선,2712,도봉산,710,,20250619,7호선,3763,석남,761,N,7호선,7303,2719,태릉입구,717,N,21:09:10,21:09:40,,7274,상행,2025-05-01T05:00:00,,주말
7호선,2712,도봉산,710,,20250619,7호선,3763,석남,761,N,7호선,7303,2718,공릉,716,N,21:10:40,21:11:10,,7274,상행,2025-05-01T05:00:00,,주말
7호선,2712,도봉산,710,,20250619,7호선,3763,석남,761,N,7호선,7303,2717,하계,715,N,21:12:40,21:13:10,,7274,상행,2025-05-01T05:00:00,,주말
7호선,2712,도봉산,710,,20250619,7호선,3763,석남,761,N,7호선,7303,2716,중계,714,N,21:14:20,21:14:50,,7274,상행,2025-05-01T05:00:00,,주말
7호선,2712,도봉산,710,,20250619,7호선,3763,석남,761,N,7호선,7303,2715,노원,713,N,21:16:10,21:16:40,,7274,상행,2025-05-01T05:00:00,,주말
7호선,2712,도봉산,710,,20250619,7호선,3763,석남,761,N,7호선,7303,2714,마들,712,N,21:18:10,21:18:40,,7274,상행,2025-05-01T05:00:00,,주말
7호선,2712,도봉산,710,,20250619,7호선,3763,석남,761,N,7호선,7303,2713,수락산,711,N,21:20:40,21:21:10,,7274,상행,2025-05-01T05:00:00,,주말
7호선,2712,도봉산,710,,20250619,7호선,3763,석남,761,N,7호선,7303,2712,도봉산,710,N,21:23:30,,,7274,상행,2025-05-01T05:00:00,,주말
7호선,2712,도봉산,710,,20250619,7호선,2752,온수,750,N,7호선,7305,2752,온수,750,N,,20:08:00,,7276,상행,2025-05-01T05:00:00,,주말
7호선,2712,도봉산,710,,20250619,7호선,2752,온수,750,N,7호선,7305,2751,천왕,749,N,20:10:20,20:10:40,,7276,상행,2025-05-01T05:00:00,,주말
7호선,2712,도봉산,710,,20250619,7호선,2752,온수,750,N,7호선,7305,2750,광명사거리,748,N,20:12:40,20:13:10,,7276,상행,2025-05-01T05:00:00,,주말
7호선,2712,도봉산,710,,20250619,7호선,2752,온수,750,N,7호선,7305,2749,철산,747,N,20:15:00,20:15:30,,7276,상행,2025-05-01T05:00:00,,주말
7호선,2712,도봉산,710,,20250619,7호선,2752,온수,750,N,7호선,7305,2748,가산디지털단지,746,N,20:17:30,20:18:00,,7276,상행,2025-05-01T05:00:00,,주말
7호선,2712,도봉산,710,,20250619,7호선,2752,온수,750,N,7호선,7305,2747,남구로,745,N,20:19:20,20:19:50,,7276,상행,2025-05-01T05:00:00,,주말
7호선,2712,도봉산,710,,20250619,7호선,2752,온수,750,N,7호선,7305,2746,대림,744,N,20:21:20,20:21:50,,7276,상행,2025-05-01T05:00:00,,주말
7호선,2712,도봉산,710,,20250619,7호선,2752,온수,750,N,7호선,7305,2745,신풍,743,N,20:23:50,20:24:20,,7276,상행,2025-05-01T05:00:00,,주말
7호선,2712,도봉산,710,,20250619,7호선,2752,온수,750,N,7호선,7305,2744,보라매,742,N,20:25:40,20:26:10,,7276,상행,2025-05-01T05:00:00,,주말
7호선,2712,도봉산,710,,20250619,7호선,2752,온수,750,N,7호선,7305,2743,신대방삼거리,741,N,20:27:20,20:27:50,,7276,상행,2025-05-01T05:00:00,,주말
7호선,2712,도봉산,710,,20250619,7호선,2752,온수,750,N,7호선,7305,2742,장승배기,740,N,20:29:40,20:30:10,,7276,상행,2025-05-01T05:00:00,,주말
7호선,2712,도봉산,710,,20250619,7호선,2752,온수,750,N,7호선,7305,2741,상도,739,N,20:31:40,20:32:10,,7276,상행,2025-05-01T05:00:00,,주말
7호선,2712,도봉산,710,,20250619,7호선,2752,온수,750,N,7호선,7305,2740,숭실대입구,738,N,20:33:20,20:33:50,,7276,상행,2025-05-01T05:00:00,,주말
7호선,2712,도봉산,710,,20250619,7호선,2752,온수,750,N,7호선,7305,2739,남성,737,N,20:36:20,20:36:50,,7276,상행,2025-05-01T05:00:00,,주말
7호선,2712,도봉산,710,,20250619,7호선,2752,온수,750,N,7호선,7305,2738,이수,736,N,20:38:10,20:38:50,,7276,상행,2025-05-01T05:00:00,,주말
7호선,2712,도봉산,710,,20250619,7호선,2752,온수,750,N,7호선,7305,2737,내방,735,N,20:40:20,20:40:50,,7276,상행,2025-05-01T05:00:00,,주말
7호선,2712,도봉산,710,,20250619,7호선,2752,온수,750,N,7호선,7305,2736,고속터미널,734,N,20:43:20,20:44:00,,7276,상행,2025-05-01T05:00:00,,주말
7호선,2712,도봉산,710,,20250619,7호선,2752,온수,750,N,7호선,7305,2735,반포,733,N,20:45:30,20:45:50,,7276,상행,2025-05-01T05:00:00,,주말
7호선,2712,도봉산,710,,20250619,7호선,2752,온수,750,N,7호선,7305,2734,논현,732,N,20:47:00,20:47:30,,7276,상행,2025-05-01T05:00:00,,주말
7호선,2712,도봉산,710,,20250619,7호선,2752,온수,750,N,7호선,7305,2733,학동,731,N,20:48:50,20:49:20,,7276,상행,2025-05-01T05:00:00,,주말
7호선,2712,도봉산,710,,20250619,7호선,2752,온수,750,N,7호선,7305,2732,강남구청,730,N,20:50:30,20:51:00,,7276,상행,2025-05-01T05:00:00,,주말
7호선,2712,도봉산,710,,20250619,7호선,2752,온수,750,N,7호선,7305,2731,청담,729,N,20:52:30,20:53:00,,7276,상행,2025-05-01T05:00:00,,주말
7호선,2712,도봉산,710,,20250619,7호선,2752,온수,750,N,7호선,7305,2730,자양,728,N,20:55:30,20:55:50,,7276,상행,2025-05-01T05:00:00,,주말
7호선,2712,도봉산,710,,20250619,7호선,2752,온수,750,N,7호선,7305,2729,건대입구,727,N,20:57:20,20:58:00,,7276,상행,2025-05-01T05:00:00,,주말
7호선,2712,도봉산,710,,20250619,7호선,2752,온수,750,N,7호선,7305,2728,어린이대공원,726,N,20:59:20,20:59:50,,7276,상행,2025-05-01T05:00:00,,주말
7호선,2712,도봉산,710,,20250619,7호선,2752,온수,750,N,7호선,7305,2727,군자,725,N,21:01:10,21:01:50,,7276,상행,2025-05-01T05:00:00,,주말
7호선,2712,도봉산,710,,20250619,7호선,2752,온수,750,N,7호선,7305,2726,중곡,724,N,21:03:10,21:03:40,,7276,상행,2025-05-01T05:00:00,,주말
7호선,2712,도봉산,710,,20250619,7호선,2752,온수,750,N,7호선,7305,2725,용마산,723,N,21:05:00,21:05:20,,7276,상행,2025-05-01T05:00:00,,주말
7호선,2712,도봉산,710,,20250619,7호선,2752,온수,750,N,7호선,7305,2724,사가정,722,N,21:06:30,21:07:00,,7276,상행,2025-05-01T05:00:00,,주말
7호선,2712,도봉산,710,,20250619,7호선,2752,온수,750,N,7호선,7305,2723,면목,721,N,21:08:10,21:08:40,,7276,상행,2025-05-01T05:00:00,,주말
7호선,2712,도봉산,710,,20250619,7호선,2752,온수,750,N,7호선,7305,2722,상봉,720,N,21:09:50,21:10:20,,7276,상행,2025-05-01T05:00:00,,주말
7호선,2712,도봉산,710,,20250619,7호선,2752,온수,750,N,7호선,7305,2721,중화,719,N,21:12:10,21:12:40,,7276,상행,2025-05-01T05:00:00,,주말
7호선,2712,도봉산,710,,20250619,7호선,2752,온수,750,N,7호선,7305,2720,먹골,718,N,21:14:00,21:14:30,,7276,상행,2025-05-01T05:00:00,,주말
7호선,2712,도봉산,710,,20250619,7호선,2752,온수,750,N,7호선,7305,2719,태릉입구,717,N,21:15:40,21:16:10,,7276,상행,2025-05-01T05:00:00,,주말
7호선,2712,도봉산,710,,20250619,7호선,2752,온수,750,N,7호선,7305,2718,공릉,716,N,21:17:10,21:17:40,,7276,상행,2025-05-01T05:00:00,,주말
7호선,2712,도봉산,710,,20250619,7호선,2752,온수,750,N,7호선,7305,2717,하계,715,N,21:19:10,21:19:40,,7276,상행,2025-05-01T05:00:00,,주말
7호선,2712,도봉산,710,,20250619,7호선,2752,온수,750,N,7호선,7305,2716,중계,714,N,21:20:50,21:21:20,,7276,상행,2025-05-01T05:00:00,,주말
7호선,2712,도봉산,710,,20250619,7호선,2752,온수,750,N,7호선,7305,2715,노원,713,N,21:22:40,21:23:10,,7276,상행,2025-05-01T05:00:00,,주말
7호선,2712,도봉산,710,,20250619,7호선,2752,온수,750,N,7호선,7305,2714,마들,712,N,21:24:40,21:25:10,,7276,상행,2025-05-01T05:00:00,,주말
7호선,2712,도봉산,710,,20250619,7호선,2752,온수,750,N,7호선,7305,2713,수락산,711,N,21:27:10,21:27:40,,7276,상행,2025-05-01T05:00:00,,주말
7호선,2712,도봉산,710,,20250619,7호선,2752,온수,750,N,7호선,7305,2712,도봉산,710,N,21:30:00,,,7276,상행,2025-05-01T05:00:00,,주말
7호선,2711,장암,709,,20250619,7호선,3763,석남,761,N,7호선,7311,3763,석남,761,N,,19:51:00,,7278,상행,2025-05-01T05:00:00,,주말
7호선,2711,장암,709,,20250619,7호선,3763,석남,761,N,7호선,7311,3762,산곡,760,N,19:54:00,19:54:30,,7278,상행,2025-05-01T05:00:00,,주말
7호선,2711,장암,709,,20250619,7호선,3763,석남,761,N,7호선,7311,3761,부평구청,759,N,19:56:30,19:57:00,,7278,상행,2025-05-01T05:00:00,,주말
7호선,2711,장암,709,,20250619,7호선,3763,석남,761,N,7호선,7311,3760,굴포천,758,N,19:58:20,19:58:50,,7278,상행,2025-05-01T05:00:00,,주말
7호선,2711,장암,709,,20250619,7호선,3763,석남,761,N,7호선,7311,3759,삼산체육관,757,N,20:00:00,20:00:30,,7278,상행,2025-05-01T05:00:00,,주말
7호선,2711,장암,709,,20250619,7호선,3763,석남,761,N,7호선,7311,3758,상동,756,N,20:01:50,20:02:20,,7278,상행,2025-05-01T05:00:00,,주말
7호선,2711,장암,709,,20250619,7호선,3763,석남,761,N,7호선,7311,3757,부천시청,755,N,20:03:30,20:04:00,,7278,상행,2025-05-01T05:00:00,,주말
7호선,2711,장암,709,,20250619,7호선,3763,석남,761,N,7호선,7311,3756,신중동,754,N,20:05:20,20:05:50,,7278,상행,2025-05-01T05:00:00,,주말
7호선,2711,장암,709,,20250619,7호선,3763,석남,761,N,7호선,7311,3755,춘의,753,N,20:07:10,20:07:40,,7278,상행,2025-05-01T05:00:00,,주말
7호선,2711,장암,709,,20250619,7호선,3763,석남,761,N,7호선,7311,3754,부천종합운동장,752,N,20:09:00,20:09:30,,7278,상행,2025-05-01T05:00:00,,주말
7호선,2711,장암,709,,20250619,7호선,3763,석남,761,N,7호선,7311,3753,까치울,751,N,20:11:00,20:11:30,,7278,상행,2025-05-01T05:00:00,,주말
7호선,2711,장암,709,,20250619,7호선,3763,석남,761,N,7호선,7311,2752,온수,750,N,20:14:00,20:14:30,,7278,상행,2025-05-01T05:00:00,,주말
7호선,2711,장암,709,,20250619,7호선,3763,석남,761,N,7호선,7311,2751,천왕,749,N,20:16:50,20:17:10,,7278,상행,2025-05-01T05:00:00,,주말
7호선,2711,장암,709,,20250619,7호선,3763,석남,761,N,7호선,7311,2750,광명사거리,748,N,20:19:10,20:19:40,,7278,상행,2025-05-01T05:00:00,,주말
7호선,2711,장암,709,,20250619,7호선,3763,석남,761,N,7호선,7311,2749,철산,747,N,20:21:30,20:22:00,,7278,상행,2025-05-01T05:00:00,,주말
7호선,2711,장암,709,,20250619,7호선,3763,석남,761,N,7호선,7311,2748,가산디지털단지,746,N,20:24:00,20:24:30,,7278,상행,2025-05-01T05:00:00,,주말
7호선,2711,장암,709,,20250619,7호선,3763,석남,761,N,7호선,7311,2747,남구로,745,N,20:25:50,20:26:20,,7278,상행,2025-05-01T05:00:00,,주말
7호선,2711,장암,709,,20250619,7호선,3763,석남,761,N,7호선,7311,2746,대림,744,N,20:27:50,20:28:20,,7278,상행,2025-05-01T05:00:00,,주말
7호선,2711,장암,709,,20250619,7호선,3763,석남,761,N,7호선,7311,2745,신풍,743,N,20:30:20,20:30:50,,7278,상행,2025-05-01T05:00:00,,주말
7호선,2711,장암,709,,20250619,7호선,3763,석남,761,N,7호선,7311,2744,보라매,742,N,20:32:10,20:32:40,,7278,상행,2025-05-01T05:00:00,,주말
7호선,2711,장암,709,,20250619,7호선,3763,석남,761,N,7호선,7311,2743,신대방삼거리,741,N,20:33:50,20:34:20,,7278,상행,2025-05-01T05:00:00,,주말
7호선,2711,장암,709,,20250619,7호선,3763,석남,761,N,7호선,7311,2742,장승배기,740,N,20:36:10,20:36:40,,7278,상행,2025-05-01T05:00:00,,주말
7호선,2711,장암,709,,20250619,7호선,3763,석남,761,N,7호선,7311,2741,상도,739,N,20:38:10,20:38:40,,7278,상행,2025-05-01T05:00:00,,주말
7호선,2711,장암,709,,20250619,7호선,3763,석남,761,N,7호선,7311,2740,숭실대입구,738,N,20:39:50,20:40:20,,7278,상행,2025-05-01T05:00:00,,주말
7호선,2711,장암,709,,20250619,7호선,3763,석남,761,N,7호선,7311,2739,남성,737,N,20:42:50,20:43:20,,7278,상행,2025-05-01T05:00:00,,주말
7호선,2711,장암,709,,20250619,7호선,3763,석남,761,N,7호선,7311,2738,이수,736,N,20:44:40,20:45:20,,7278,상행,2025-05-01T05:00:00,,주말
7호선,2711,장암,709,,20250619,7호선,3763,석남,761,N,7호선,7311,2737,내방,735,N,20:46:50,20:47:20,,7278,상행,2025-05-01T05:00:00,,주말
7호선,2711,장암,709,,20250619,7호선,3763,석남,761,N,7호선,7311,2736,고속터미널,734,N,20:49:50,20:50:30,,7278,상행,2025-05-01T05:00:00,,주말
7호선,2711,장암,709,,20250619,7호선,3763,석남,761,N,7호선,7311,2735,반포,733,N,20:52:00,20:52:20,,7278,상행,2025-05-01T05:00:00,,주말
7호선,2711,장암,709,,20250619,7호선,3763,석남,761,N,7호선,7311,2734,논현,732,N,20:53:30,20:54:00,,7278,상행,2025-05-01T05:00:00,,주말
7호선,2711,장암,709,,20250619,7호선,3763,석남,761,N,7호선,7311,2733,학동,731,N,20:55:20,20:55:50,,7278,상행,2025-05-01T05:00:00,,주말
7호선,2711,장암,709,,20250619,7호선,3763,석남,761,N,7호선,7311,2732,강남구청,730,N,20:57:00,20:57:30,,7278,상행,2025-05-01T05:00:00,,주말
7호선,2711,장암,709,,20250619,7호선,3763,석남,761,N,7호선,7311,2731,청담,729,N,20:59:00,20:59:30,,7278,상행,2025-05-01T05:00:00,,주말
7호선,2711,장암,709,,20250619,7호선,3763,석남,761,N,7호선,7311,2730,자양,728,N,21:02:00,21:02:20,,7278,상행,2025-05-01T05:00:00,,주말
7호선,2711,장암,709,,20250619,7호선,3763,석남,761,N,7호선,7311,2729,건대입구,727,N,21:03:50,21:04:30,,7278,상행,2025-05-01T05:00:00,,주말
7호선,2711,장암,709,,20250619,7호선,3763,석남,761,N,7호선,7311,2728,어린이대공원,726,N,21:05:50,21:06:20,,7278,상행,2025-05-01T05:00:00,,주말
7호선,2711,장암,709,,20250619,7호선,3763,석남,761,N,7호선,7311,2727,군자,725,N,21:07:40,21:08:20,,7278,상행,2025-05-01T05:00:00,,주말
7호선,2711,장암,709,,20250619,7호선,3763,석남,761,N,7호선,7311,2726,중곡,724,N,21:09:40,21:10:10,,7278,상행,2025-05-01T05:00:00,,주말
7호선,2711,장암,709,,20250619,7호선,3763,석남,761,N,7호선,7311,2725,용마산,723,N,21:11:30,21:11:50,,7278,상행,2025-05-01T05:00:00,,주말
7호선,2711,장암,709,,20250619,7호선,3763,석남,761,N,7호선,7311,2724,사가정,722,N,21:13:00,21:13:30,,7278,상행,2025-05-01T05:00:00,,주말
7호선,2711,장암,709,,20250619,7호선,3763,석남,761,N,7호선,7311,2723,면목,721,N,21:14:40,21:15:10,,7278,상행,2025-05-01T05:00:00,,주말
7호선,2711,장암,709,,20250619,7호선,3763,석남,761,N,7호선,7311,2722,상봉,720,N,21:16:20,21:16:50,,7278,상행,2025-05-01T05:00:00,,주말
7호선,2711,장암,709,,20250619,7호선,3763,석남,761,N,7호선,7311,2721,중화,719,N,21:18:40,21:19:10,,7278,상행,2025-05-01T05:00:00,,주말
7호선,2711,장암,709,,20250619,7호선,3763,석남,761,N,7호선,7311,2720,먹골,718,N,21:20:30,21:21:00,,7278,상행,2025-05-01T05:00:00,,주말
7호선,2711,장암,709,,20250619,7호선,3763,석남,761,N,7호선,7311,2719,태릉입구,717,N,21:22:10,21:22:40,,7278,상행,2025-05-01T05:00:00,,주말
7호선,2711,장암,709,,20250619,7호선,3763,석남,761,N,7호선,7311,2718,공릉,716,N,21:23:40,21:24:10,,7278,상행,2025-05-01T05:00:00,,주말
7호선,2711,장암,709,,20250619,7호선,3763,석남,761,N,7호선,7311,2717,하계,715,N,21:25:40,21:26:10,,7278,상행,2025-05-01T05:00:00,,주말
7호선,2711,장암,709,,20250619,7호선,3763,석남,761,N,7호선,7311,2716,중계,714,N,21:27:20,21:27:50,,7278,상행,2025-05-01T05:00:00,,주말
7호선,2711,장암,709,,20250619,7호선,3763,석남,761,N,7호선,7311,2715,노원,713,N,21:29:10,21:29:40,,7278,상행,2025-05-01T05:00:00,,주말
7호선,2711,장암,709,,20250619,7호선,3763,석남,761,N,7호선,7311,2714,마들,712,N,21:31:10,21:31:40,,7278,상행,2025-05-01T05:00:00,,주말
7호선,2711,장암,709,,20250619,7호선,3763,석남,761,N,7호선,7311,2713,수락산,711,N,21:33:40,21:34:10,,7278,상행,2025-05-01T05:00:00,,주말
7호선,2711,장암,709,,20250619,7호선,3763,석남,761,N,7호선,7311,2712,도봉산,710,N,21:36:30,21:37:00,,7278,상행,2025-05-01T05:00:00,,주말
7호선,2711,장암,709,,20250619,7호선,3763,석남,761,N,7호선,7311,2711,장암,709,N,21:41:30,,,7278,상행,2025-05-01T05:00:00,,주말
7호선,2712,도봉산,710,,20250619,7호선,2752,온수,750,N,7호선,7309,2752,온수,750,N,,20:21:00,,7280,상행,2025-05-01T05:00:00,,주말
7호선,2712,도봉산,710,,20250619,7호선,2752,온수,750,N,7호선,7309,2751,천왕,749,N,20:23:20,20:23:40,,7280,상행,2025-05-01T05:00:00,,주말
7호선,2712,도봉산,710,,20250619,7호선,2752,온수,750,N,7호선,7309,2750,광명사거리,748,N,20:25:40,20:26:10,,7280,상행,2025-05-01T05:00:00,,주말
7호선,2712,도봉산,710,,20250619,7호선,2752,온수,750,N,7호선,7309,2749,철산,747,N,20:28:00,20:28:30,,7280,상행,2025-05-01T05:00:00,,주말
7호선,2712,도봉산,710,,20250619,7호선,2752,온수,750,N,7호선,7309,2748,가산디지털단지,746,N,20:30:30,20:31:00,,7280,상행,2025-05-01T05:00:00,,주말
7호선,2712,도봉산,710,,20250619,7호선,2752,온수,750,N,7호선,7309,2747,남구로,745,N,20:32:20,20:32:50,,7280,상행,2025-05-01T05:00:00,,주말
7호선,2712,도봉산,710,,20250619,7호선,2752,온수,750,N,7호선,7309,2746,대림,744,N,20:34:20,20:34:50,,7280,상행,2025-05-01T05:00:00,,주말
7호선,2712,도봉산,710,,20250619,7호선,2752,온수,750,N,7호선,7309,2745,신풍,743,N,20:36:50,20:37:20,,7280,상행,2025-05-01T05:00:00,,주말
7호선,2712,도봉산,710,,20250619,7호선,2752,온수,750,N,7호선,7309,2744,보라매,742,N,20:38:40,20:39:10,,7280,상행,2025-05-01T05:00:00,,주말
7호선,2712,도봉산,710,,20250619,7호선,2752,온수,750,N,7호선,7309,2743,신대방삼거리,741,N,20:40:20,20:40:50,,7280,상행,2025-05-01T05:00:00,,주말
7호선,2712,도봉산,710,,20250619,7호선,2752,온수,750,N,7호선,7309,2742,장승배기,740,N,20:42:40,20:43:10,,7280,상행,2025-05-01T05:00:00,,주말
7호선,2712,도봉산,710,,20250619,7호선,2752,온수,750,N,7호선,7309,2741,상도,739,N,20:44:40,20:45:10,,7280,상행,2025-05-01T05:00:00,,주말
7호선,2712,도봉산,710,,20250619,7호선,2752,온수,750,N,7호선,7309,2740,숭실대입구,738,N,20:46:20,20:46:50,,7280,상행,2025-05-01T05:00:00,,주말
7호선,2712,도봉산,710,,20250619,7호선,2752,온수,750,N,7호선,7309,2739,남성,737,N,20:49:20,20:49:50,,7280,상행,2025-05-01T05:00:00,,주말
7호선,2712,도봉산,710,,20250619,7호선,2752,온수,750,N,7호선,7309,2738,이수,736,N,20:51:10,20:51:50,,7280,상행,2025-05-01T05:00:00,,주말
7호선,2712,도봉산,710,,20250619,7호선,2752,온수,750,N,7호선,7309,2737,내방,735,N,20:53:20,20:53:50,,7280,상행,2025-05-01T05:00:00,,주말
7호선,2712,도봉산,710,,20250619,7호선,2752,온수,750,N,7호선,7309,2736,고속터미널,734,N,20:56:20,20:57:00,,7280,상행,2025-05-01T05:00:00,,주말
7호선,2712,도봉산,710,,20250619,7호선,2752,온수,750,N,7호선,7309,2735,반포,733,N,20:58:30,20:58:50,,7280,상행,2025-05-01T05:00:00,,주말
7호선,2712,도봉산,710,,20250619,7호선,2752,온수,750,N,7호선,7309,2734,논현,732,N,21:00:00,21:00:30,,7280,상행,2025-05-01T05:00:00,,주말
7호선,2712,도봉산,710,,20250619,7호선,2752,온수,750,N,7호선,7309,2733,학동,731,N,21:01:50,21:02:20,,7280,상행,2025-05-01T05:00:00,,주말
7호선,2712,도봉산,710,,20250619,7호선,2752,온수,750,N,7호선,7309,2732,강남구청,730,N,21:03:30,21:04:00,,7280,상행,2025-05-01T05:00:00,,주말
7호선,2712,도봉산,710,,20250619,7호선,2752,온수,750,N,7호선,7309,2731,청담,729,N,21:05:30,21:06:00,,7280,상행,2025-05-01T05:00:00,,주말
7호선,2712,도봉산,710,,20250619,7호선,2752,온수,750,N,7호선,7309,2730,자양,728,N,21:08:30,21:08:50,,7280,상행,2025-05-01T05:00:00,,주말
7호선,2712,도봉산,710,,20250619,7호선,2752,온수,750,N,7호선,7309,2729,건대입구,727,N,21:10:20,21:11:00,,7280,상행,2025-05-01T05:00:00,,주말
7호선,2712,도봉산,710,,20250619,7호선,2752,온수,750,N,7호선,7309,2728,어린이대공원,726,N,21:12:20,21:12:50,,7280,상행,2025-05-01T05:00:00,,주말
7호선,2712,도봉산,710,,20250619,7호선,2752,온수,750,N,7호선,7309,2727,군자,725,N,21:14:10,21:14:50,,7280,상행,2025-05-01T05:00:00,,주말
7호선,2712,도봉산,710,,20250619,7호선,2752,온수,750,N,7호선,7309,2726,중곡,724,N,21:16:10,21:16:40,,7280,상행,2025-05-01T05:00:00,,주말
7호선,2712,도봉산,710,,20250619,7호선,2752,온수,750,N,7호선,7309,2725,용마산,723,N,21:18:00,21:18:20,,7280,상행,2025-05-01T05:00:00,,주말
7호선,2712,도봉산,710,,20250619,7호선,2752,온수,750,N,7호선,7309,2724,사가정,722,N,21:19:30,21:20:00,,7280,상행,2025-05-01T05:00:00,,주말
7호선,2712,도봉산,710,,20250619,7호선,2752,온수,750,N,7호선,7309,2723,면목,721,N,21:21:10,21:21:40,,7280,상행,2025-05-01T05:00:00,,주말
7호선,2712,도봉산,710,,20250619,7호선,2752,온수,750,N,7호선,7309,2722,상봉,720,N,21:22:50,21:23:20,,7280,상행,2025-05-01T05:00:00,,주말
7호선,2712,도봉산,710,,20250619,7호선,2752,온수,750,N,7호선,7309,2721,중화,719,N,21:25:10,21:25:40,,7280,상행,2025-05-01T05:00:00,,주말
7호선,2712,도봉산,710,,20250619,7호선,2752,온수,750,N,7호선,7309,2720,먹골,718,N,21:27:00,21:27:30,,7280,상행,2025-05-01T05:00:00,,주말
7호선,2712,도봉산,710,,20250619,7호선,2752,온수,750,N,7호선,7309,2719,태릉입구,717,N,21:28:40,21:29:10,,7280,상행,2025-05-01T05:00:00,,주말
7호선,2712,도봉산,710,,20250619,7호선,2752,온수,750,N,7호선,7309,2718,공릉,716,N,21:30:10,21:30:40,,7280,상행,2025-05-01T05:00:00,,주말
7호선,2712,도봉산,710,,20250619,7호선,2752,온수,750,N,7호선,7309,2717,하계,715,N,21:32:10,21:32:40,,7280,상행,2025-05-01T05:00:00,,주말
7호선,2712,도봉산,710,,20250619,7호선,2752,온수,750,N,7호선,7309,2716,중계,714,N,21:33:50,21:34:20,,7280,상행,2025-05-01T05:00:00,,주말
7호선,2712,도봉산,710,,20250619,7호선,2752,온수,750,N,7호선,7309,2715,노원,713,N,21:35:40,21:36:10,,7280,상행,2025-05-01T05:00:00,,주말
7호선,2712,도봉산,710,,20250619,7호선,2752,온수,750,N,7호선,7309,2714,마들,712,N,21:37:40,21:38:10,,7280,상행,2025-05-01T05:00:00,,주말
7호선,2712,도봉산,710,,20250619,7호선,2752,온수,750,N,7호선,7309,2713,수락산,711,N,21:40:10,21:40:40,,7280,상행,2025-05-01T05:00:00,,주말
7호선,2712,도봉산,710,,20250619,7호선,2752,온수,750,N,7호선,7309,2712,도봉산,710,N,21:43:00,,,7280,상행,2025-05-01T05:00:00,,주말
7호선,2712,도봉산,710,,20250619,7호선,3763,석남,761,N,7호선,입고,3763,석남,761,N,,20:04:00,,7282,상행,2025-05-01T05:00:00,,주말
7호선,2712,도봉산,710,,20250619,7호선,3763,석남,761,N,7호선,입고,3762,산곡,760,N,20:07:00,20:07:30,,7282,상행,2025-05-01T05:00:00,,주말
7호선,2712,도봉산,710,,20250619,7호선,3763,석남,761,N,7호선,입고,3761,부평구청,759,N,20:09:30,20:10:00,,7282,상행,2025-05-01T05:00:00,,주말
7호선,2712,도봉산,710,,20250619,7호선,3763,석남,761,N,7호선,입고,3760,굴포천,758,N,20:11:20,20:11:50,,7282,상행,2025-05-01T05:00:00,,주말
7호선,2712,도봉산,710,,20250619,7호선,3763,석남,761,N,7호선,입고,3759,삼산체육관,757,N,20:13:00,20:13:30,,7282,상행,2025-05-01T05:00:00,,주말
7호선,2712,도봉산,710,,20250619,7호선,3763,석남,761,N,7호선,입고,3758,상동,756,N,20:14:50,20:15:20,,7282,상행,2025-05-01T05:00:00,,주말
7호선,2712,도봉산,710,,20250619,7호선,3763,석남,761,N,7호선,입고,3757,부천시청,755,N,20:16:30,20:17:00,,7282,상행,2025-05-01T05:00:00,,주말
7호선,2712,도봉산,710,,20250619,7호선,3763,석남,761,N,7호선,입고,3756,신중동,754,N,20:18:20,20:18:50,,7282,상행,2025-05-01T05:00:00,,주말
7호선,2712,도봉산,710,,20250619,7호선,3763,석남,761,N,7호선,입고,3755,춘의,753,N,20:20:10,20:20:40,,7282,상행,2025-05-01T05:00:00,,주말
7호선,2712,도봉산,710,,20250619,7호선,3763,석남,761,N,7호선,입고,3754,부천종합운동장,752,N,20:22:00,20:22:30,,7282,상행,2025-05-01T05:00:00,,주말
7호선,2712,도봉산,710,,20250619,7호선,3763,석남,761,N,7호선,입고,3753,까치울,751,N,20:24:00,20:24:30,,7282,상행,2025-05-01T05:00:00,,주말
7호선,2712,도봉산,710,,20250619,7호선,3763,석남,761,N,7호선,입고,2752,온수,750,N,20:27:00,20:27:30,,7282,상행,2025-05-01T05:00:00,,주말
7호선,2712,도봉산,710,,20250619,7호선,3763,석남,761,N,7호선,입고,2751,천왕,749,N,20:29:50,20:30:10,,7282,상행,2025-05-01T05:00:00,,주말
7호선,2712,도봉산,710,,20250619,7호선,3763,석남,761,N,7호선,입고,2750,광명사거리,748,N,20:32:10,20:32:40,,7282,상행,2025-05-01T05:00:00,,주말
7호선,2712,도봉산,710,,20250619,7호선,3763,석남,761,N,7호선,입고,2749,철산,747,N,20:34:30,20:35:00,,7282,상행,2025-05-01T05:00:00,,주말
7호선,2712,도봉산,710,,20250619,7호선,3763,석남,761,N,7호선,입고,2748,가산디지털단지,746,N,20:37:00,20:37:30,,7282,상행,2025-05-01T05:00:00,,주말
7호선,2712,도봉산,710,,20250619,7호선,3763,석남,761,N,7호선,입고,2747,남구로,745,N,20:38:50,20:39:20,,7282,상행,2025-05-01T05:00:00,,주말
7호선,2712,도봉산,710,,20250619,7호선,3763,석남,761,N,7호선,입고,2746,대림,744,N,20:40:50,20:41:20,,7282,상행,2025-05-01T05:00:00,,주말
7호선,2712,도봉산,710,,20250619,7호선,3763,석남,761,N,7호선,입고,2745,신풍,743,N,20:43:20,20:43:50,,7282,상행,2025-05-01T05:00:00,,주말
7호선,2712,도봉산,710,,20250619,7호선,3763,석남,761,N,7호선,입고,2744,보라매,742,N,20:45:10,20:45:40,,7282,상행,2025-05-01T05:00:00,,주말
7호선,2712,도봉산,710,,20250619,7호선,3763,석남,761,N,7호선,입고,2743,신대방삼거리,741,N,20:46:50,20:47:20,,7282,상행,2025-05-01T05:00:00,,주말
7호선,2712,도봉산,710,,20250619,7호선,3763,석남,761,N,7호선,입고,2742,장승배기,740,N,20:49:10,20:49:40,,7282,상행,2025-05-01T05:00:00,,주말
7호선,2712,도봉산,710,,20250619,7호선,3763,석남,761,N,7호선,입고,2741,상도,739,N,20:51:10,20:51:40,,7282,상행,2025-05-01T05:00:00,,주말
7호선,2712,도봉산,710,,20250619,7호선,3763,석남,761,N,7호선,입고,2740,숭실대입구,738,N,20:52:50,20:53:20,,7282,상행,2025-05-01T05:00:00,,주말
7호선,2712,도봉산,710,,20250619,7호선,3763,석남,761,N,7호선,입고,2739,남성,737,N,20:55:50,20:56:20,,7282,상행,2025-05-01T05:00:00,,주말
7호선,2712,도봉산,710,,20250619,7호선,3763,석남,761,N,7호선,입고,2738,이수,736,N,20:57:40,20:58:20,,7282,상행,2025-05-01T05:00:00,,주말
7호선,2712,도봉산,710,,20250619,7호선,3763,석남,761,N,7호선,입고,2737,내방,735,N,20:59:50,21:00:20,,7282,상행,2025-05-01T05:00:00,,주말
7호선,2712,도봉산,710,,20250619,7호선,3763,석남,761,N,7호선,입고,2736,고속터미널,734,N,21:02:50,21:03:30,,7282,상행,2025-05-01T05:00:00,,주말
7호선,2712,도봉산,710,,20250619,7호선,3763,석남,761,N,7호선,입고,2735,반포,733,N,21:05:00,21:05:20,,7282,상행,2025-05-01T05:00:00,,주말
7호선,2712,도봉산,710,,20250619,7호선,3763,석남,761,N,7호선,입고,2734,논현,732,N,21:06:30,21:07:00,,7282,상행,2025-05-01T05:00:00,,주말
7호선,2712,도봉산,710,,20250619,7호선,3763,석남,761,N,7호선,입고,2733,학동,731,N,21:08:20,21:08:50,,7282,상행,2025-05-01T05:00:00,,주말
7호선,2712,도봉산,710,,20250619,7호선,3763,석남,761,N,7호선,입고,2732,강남구청,730,N,21:10:00,21:10:30,,7282,상행,2025-05-01T05:00:00,,주말
7호선,2712,도봉산,710,,20250619,7호선,3763,석남,761,N,7호선,입고,2731,청담,729,N,21:12:00,21:12:30,,7282,상행,2025-05-01T05:00:00,,주말
7호선,2712,도봉산,710,,20250619,7호선,3763,석남,761,N,7호선,입고,2730,자양,728,N,21:15:00,21:15:20,,7282,상행,2025-05-01T05:00:00,,주말
7호선,2712,도봉산,710,,20250619,7호선,3763,석남,761,N,7호선,입고,2729,건대입구,727,N,21:16:50,21:17:30,,7282,상행,2025-05-01T05:00:00,,주말
7호선,2712,도봉산,710,,20250619,7호선,3763,석남,761,N,7호선,입고,2728,어린이대공원,726,N,21:18:50,21:19:20,,7282,상행,2025-05-01T05:00:00,,주말
7호선,2712,도봉산,710,,20250619,7호선,3763,석남,761,N,7호선,입고,2727,군자,725,N,21:20:40,21:21:20,,7282,상행,2025-05-01T05:00:00,,주말
7호선,2712,도봉산,710,,20250619,7호선,3763,석남,761,N,7호선,입고,2726,중곡,724,N,21:22:40,21:23:10,,7282,상행,2025-05-01T05:00:00,,주말
7호선,2712,도봉산,710,,20250619,7호선,3763,석남,761,N,7호선,입고,2725,용마산,723,N,21:24:30,21:24:50,,7282,상행,2025-05-01T05:00:00,,주말
7호선,2712,도봉산,710,,20250619,7호선,3763,석남,761,N,7호선,입고,2724,사가정,722,N,21:26:00,21:26:30,,7282,상행,2025-05-01T05:00:00,,주말
7호선,2712,도봉산,710,,20250619,7호선,3763,석남,761,N,7호선,입고,2723,면목,721,N,21:27:40,21:28:10,,7282,상행,2025-05-01T05:00:00,,주말
7호선,2712,도봉산,710,,20250619,7호선,3763,석남,761,N,7호선,입고,2722,상봉,720,N,21:29:20,21:29:50,,7282,상행,2025-05-01T05:00:00,,주말
7호선,2712,도봉산,710,,20250619,7호선,3763,석남,761,N,7호선,입고,2721,중화,719,N,21:31:40,21:32:10,,7282,상행,2025-05-01T05:00:00,,주말
7호선,2712,도봉산,710,,20250619,7호선,3763,석남,761,N,7호선,입고,2720,먹골,718,N,21:33:30,21:34:00,,7282,상행,2025-05-01T05:00:00,,주말
7호선,2712,도봉산,710,,20250619,7호선,3763,석남,761,N,7호선,입고,2719,태릉입구,717,N,21:35:10,21:35:40,,7282,상행,2025-05-01T05:00:00,,주말
7호선,2712,도봉산,710,,20250619,7호선,3763,석남,761,N,7호선,입고,2718,공릉,716,N,21:36:40,21:37:10,,7282,상행,2025-05-01T05:00:00,,주말
7호선,2712,도봉산,710,,20250619,7호선,3763,석남,761,N,7호선,입고,2717,하계,715,N,21:38:40,21:39:10,,7282,상행,2025-05-01T05:00:00,,주말
7호선,2712,도봉산,710,,20250619,7호선,3763,석남,761,N,7호선,입고,2716,중계,714,N,21:40:20,21:40:50,,7282,상행,2025-05-01T05:00:00,,주말
7호선,2712,도봉산,710,,20250619,7호선,3763,석남,761,N,7호선,입고,2715,노원,713,N,21:42:10,21:42:40,,7282,상행,2025-05-01T05:00:00,,주말
7호선,2712,도봉산,710,,20250619,7호선,3763,석남,761,N,7호선,입고,2714,마들,712,N,21:44:10,21:44:40,,7282,상행,2025-05-01T05:00:00,,주말
7호선,2712,도봉산,710,,20250619,7호선,3763,석남,761,N,7호선,입고,2713,수락산,711,N,21:46:40,21:47:10,,7282,상행,2025-05-01T05:00:00,,주말
7호선,2712,도봉산,710,,20250619,7호선,3763,석남,761,N,7호선,입고,2712,도봉산,710,N,21:49:30,,,7282,상행,2025-05-01T05:00:00,,주말
7호선,2711,장암,709,,20250619,7호선,2752,온수,750,N,7호선,7315,2752,온수,750,N,,20:34:00,,7284,상행,2025-05-01T05:00:00,,주말
7호선,2711,장암,709,,20250619,7호선,2752,온수,750,N,7호선,7315,2751,천왕,749,N,20:36:20,20:36:40,,7284,상행,2025-05-01T05:00:00,,주말
7호선,2711,장암,709,,20250619,7호선,2752,온수,750,N,7호선,7315,2750,광명사거리,748,N,20:38:40,20:39:10,,7284,상행,2025-05-01T05:00:00,,주말
7호선,2711,장암,709,,20250619,7호선,2752,온수,750,N,7호선,7315,2749,철산,747,N,20:41:00,20:41:30,,7284,상행,2025-05-01T05:00:00,,주말
7호선,2711,장암,709,,20250619,7호선,2752,온수,750,N,7호선,7315,2748,가산디지털단지,746,N,20:43:30,20:44:00,,7284,상행,2025-05-01T05:00:00,,주말
7호선,2711,장암,709,,20250619,7호선,2752,온수,750,N,7호선,7315,2747,남구로,745,N,20:45:20,20:45:50,,7284,상행,2025-05-01T05:00:00,,주말
7호선,2711,장암,709,,20250619,7호선,2752,온수,750,N,7호선,7315,2746,대림,744,N,20:47:20,20:47:50,,7284,상행,2025-05-01T05:00:00,,주말
7호선,2711,장암,709,,20250619,7호선,2752,온수,750,N,7호선,7315,2745,신풍,743,N,20:49:50,20:50:20,,7284,상행,2025-05-01T05:00:00,,주말
7호선,2711,장암,709,,20250619,7호선,2752,온수,750,N,7호선,7315,2744,보라매,742,N,20:51:40,20:52:10,,7284,상행,2025-05-01T05:00:00,,주말
7호선,2711,장암,709,,20250619,7호선,2752,온수,750,N,7호선,7315,2743,신대방삼거리,741,N,20:53:20,20:53:50,,7284,상행,2025-05-01T05:00:00,,주말
7호선,2711,장암,709,,20250619,7호선,2752,온수,750,N,7호선,7315,2742,장승배기,740,N,20:55:40,20:56:10,,7284,상행,2025-05-01T05:00:00,,주말
7호선,2711,장암,709,,20250619,7호선,2752,온수,750,N,7호선,7315,2741,상도,739,N,20:57:40,20:58:10,,7284,상행,2025-05-01T05:00:00,,주말
7호선,2711,장암,709,,20250619,7호선,2752,온수,750,N,7호선,7315,2740,숭실대입구,738,N,20:59:20,20:59:50,,7284,상행,2025-05-01T05:00:00,,주말
7호선,2711,장암,709,,20250619,7호선,2752,온수,750,N,7호선,7315,2739,남성,737,N,21:02:20,21:02:50,,7284,상행,2025-05-01T05:00:00,,주말
7호선,2711,장암,709,,20250619,7호선,2752,온수,750,N,7호선,7315,2738,이수,736,N,21:04:10,21:04:50,,7284,상행,2025-05-01T05:00:00,,주말
7호선,2711,장암,709,,20250619,7호선,2752,온수,750,N,7호선,7315,2737,내방,735,N,21:06:20,21:06:50,,7284,상행,2025-05-01T05:00:00,,주말
7호선,2711,장암,709,,20250619,7호선,2752,온수,750,N,7호선,7315,2736,고속터미널,734,N,21:09:20,21:10:00,,7284,상행,2025-05-01T05:00:00,,주말
7호선,2711,장암,709,,20250619,7호선,2752,온수,750,N,7호선,7315,2735,반포,733,N,21:11:30,21:11:50,,7284,상행,2025-05-01T05:00:00,,주말
7호선,2711,장암,709,,20250619,7호선,2752,온수,750,N,7호선,7315,2734,논현,732,N,21:13:00,21:13:30,,7284,상행,2025-05-01T05:00:00,,주말
7호선,2711,장암,709,,20250619,7호선,2752,온수,750,N,7호선,7315,2733,학동,731,N,21:14:50,21:15:20,,7284,상행,2025-05-01T05:00:00,,주말
7호선,2711,장암,709,,20250619,7호선,2752,온수,750,N,7호선,7315,2732,강남구청,730,N,21:16:30,21:17:00,,7284,상행,2025-05-01T05:00:00,,주말
7호선,2711,장암,709,,20250619,7호선,2752,온수,750,N,7호선,7315,2731,청담,729,N,21:18:30,21:19:00,,7284,상행,2025-05-01T05:00:00,,주말
7호선,2711,장암,709,,20250619,7호선,2752,온수,750,N,7호선,7315,2730,자양,728,N,21:21:30,21:21:50,,7284,상행,2025-05-01T05:00:00,,주말
7호선,2711,장암,709,,20250619,7호선,2752,온수,750,N,7호선,7315,2729,건대입구,727,N,21:23:20,21:24:00,,7284,상행,2025-05-01T05:00:00,,주말
7호선,2711,장암,709,,20250619,7호선,2752,온수,750,N,7호선,7315,2728,어린이대공원,726,N,21:25:20,21:25:50,,7284,상행,2025-05-01T05:00:00,,주말
7호선,2711,장암,709,,20250619,7호선,2752,온수,750,N,7호선,7315,2727,군자,725,N,21:27:10,21:27:50,,7284,상행,2025-05-01T05:00:00,,주말
7호선,2711,장암,709,,20250619,7호선,2752,온수,750,N,7호선,7315,2726,중곡,724,N,21:29:10,21:29:40,,7284,상행,2025-05-01T05:00:00,,주말
7호선,2711,장암,709,,20250619,7호선,2752,온수,750,N,7호선,7315,2725,용마산,723,N,21:31:00,21:31:20,,7284,상행,2025-05-01T05:00:00,,주말
7호선,2711,장암,709,,20250619,7호선,2752,온수,750,N,7호선,7315,2724,사가정,722,N,21:32:30,21:33:00,,7284,상행,2025-05-01T05:00:00,,주말
7호선,2711,장암,709,,20250619,7호선,2752,온수,750,N,7호선,7315,2723,면목,721,N,21:34:10,21:34:40,,7284,상행,2025-05-01T05:00:00,,주말
7호선,2711,장암,709,,20250619,7호선,2752,온수,750,N,7호선,7315,2722,상봉,720,N,21:35:50,21:36:20,,7284,상행,2025-05-01T05:00:00,,주말
7호선,2711,장암,709,,20250619,7호선,2752,온수,750,N,7호선,7315,2721,중화,719,N,21:38:10,21:38:40,,7284,상행,2025-05-01T05:00:00,,주말
7호선,2711,장암,709,,20250619,7호선,2752,온수,750,N,7호선,7315,2720,먹골,718,N,21:40:00,21:40:30,,7284,상행,2025-05-01T05:00:00,,주말
7호선,2711,장암,709,,20250619,7호선,2752,온수,750,N,7호선,7315,2719,태릉입구,717,N,21:41:40,21:42:10,,7284,상행,2025-05-01T05:00:00,,주말
7호선,2711,장암,709,,20250619,7호선,2752,온수,750,N,7호선,7315,2718,공릉,716,N,21:43:10,21:43:40,,7284,상행,2025-05-01T05:00:00,,주말
7호선,2711,장암,709,,20250619,7호선,2752,온수,750,N,7호선,7315,2717,하계,715,N,21:45:10,21:45:40,,7284,상행,2025-05-01T05:00:00,,주말
7호선,2711,장암,709,,20250619,7호선,2752,온수,750,N,7호선,7315,2716,중계,714,N,21:46:50,21:47:20,,7284,상행,2025-05-01T05:00:00,,주말
7호선,2711,장암,709,,20250619,7호선,2752,온수,750,N,7호선,7315,2715,노원,713,N,21:48:40,21:49:10,,7284,상행,2025-05-01T05:00:00,,주말
7호선,2711,장암,709,,20250619,7호선,2752,온수,750,N,7호선,7315,2714,마들,712,N,21:50:40,21:51:10,,7284,상행,2025-05-01T05:00:00,,주말
7호선,2711,장암,709,,20250619,7호선,2752,온수,750,N,7호선,7315,2713,수락산,711,N,21:53:10,21:53:40,,7284,상행,2025-05-01T05:00:00,,주말
7호선,2711,장암,709,,20250619,7호선,2752,온수,750,N,7호선,7315,2712,도봉산,710,N,21:56:00,21:56:30,,7284,상행,2025-05-01T05:00:00,,주말
7호선,2711,장암,709,,20250619,7호선,2752,온수,750,N,7호선,7315,2711,장암,709,N,22:01:00,,,7284,상행,2025-05-01T05:00:00,,주말
7호선,2712,도봉산,710,,20250619,7호선,3763,석남,761,N,7호선,7313,3763,석남,761,N,,20:17:00,,7286,상행,2025-05-01T05:00:00,,주말
7호선,2712,도봉산,710,,20250619,7호선,3763,석남,761,N,7호선,7313,3762,산곡,760,N,20:20:00,20:20:30,,7286,상행,2025-05-01T05:00:00,,주말
7호선,2712,도봉산,710,,20250619,7호선,3763,석남,761,N,7호선,7313,3761,부평구청,759,N,20:22:30,20:23:00,,7286,상행,2025-05-01T05:00:00,,주말
7호선,2712,도봉산,710,,20250619,7호선,3763,석남,761,N,7호선,7313,3760,굴포천,758,N,20:24:20,20:24:50,,7286,상행,2025-05-01T05:00:00,,주말
7호선,2712,도봉산,710,,20250619,7호선,3763,석남,761,N,7호선,7313,3759,삼산체육관,757,N,20:26:00,20:26:30,,7286,상행,2025-05-01T05:00:00,,주말
7호선,2712,도봉산,710,,20250619,7호선,3763,석남,761,N,7호선,7313,3758,상동,756,N,20:27:50,20:28:20,,7286,상행,2025-05-01T05:00:00,,주말
7호선,2712,도봉산,710,,20250619,7호선,3763,석남,761,N,7호선,7313,3757,부천시청,755,N,20:29:30,20:30:00,,7286,상행,2025-05-01T05:00:00,,주말
7호선,2712,도봉산,710,,20250619,7호선,3763,석남,761,N,7호선,7313,3756,신중동,754,N,20:31:20,20:31:50,,7286,상행,2025-05-01T05:00:00,,주말
7호선,2712,도봉산,710,,20250619,7호선,3763,석남,761,N,7호선,7313,3755,춘의,753,N,20:33:10,20:33:40,,7286,상행,2025-05-01T05:00:00,,주말
7호선,2712,도봉산,710,,20250619,7호선,3763,석남,761,N,7호선,7313,3754,부천종합운동장,752,N,20:35:00,20:35:30,,7286,상행,2025-05-01T05:00:00,,주말
7호선,2712,도봉산,710,,20250619,7호선,3763,석남,761,N,7호선,7313,3753,까치울,751,N,20:37:00,20:37:30,,7286,상행,2025-05-01T05:00:00,,주말
7호선,2712,도봉산,710,,20250619,7호선,3763,석남,761,N,7호선,7313,2752,온수,750,N,20:40:00,20:40:30,,7286,상행,2025-05-01T05:00:00,,주말
7호선,2712,도봉산,710,,20250619,7호선,3763,석남,761,N,7호선,7313,2751,천왕,749,N,20:42:50,20:43:10,,7286,상행,2025-05-01T05:00:00,,주말
7호선,2712,도봉산,710,,20250619,7호선,3763,석남,761,N,7호선,7313,2750,광명사거리,748,N,20:45:10,20:45:40,,7286,상행,2025-05-01T05:00:00,,주말
7호선,2712,도봉산,710,,20250619,7호선,3763,석남,761,N,7호선,7313,2749,철산,747,N,20:47:30,20:48:00,,7286,상행,2025-05-01T05:00:00,,주말
7호선,2712,도봉산,710,,20250619,7호선,3763,석남,761,N,7호선,7313,2748,가산디지털단지,746,N,20:50:00,20:50:30,,7286,상행,2025-05-01T05:00:00,,주말
7호선,2712,도봉산,710,,20250619,7호선,3763,석남,761,N,7호선,7313,2747,남구로,745,N,20:51:50,20:52:20,,7286,상행,2025-05-01T05:00:00,,주말
7호선,2712,도봉산,710,,20250619,7호선,3763,석남,761,N,7호선,7313,2746,대림,744,N,20:53:50,20:54:20,,7286,상행,2025-05-01T05:00:00,,주말
7호선,2712,도봉산,710,,20250619,7호선,3763,석남,761,N,7호선,7313,2745,신풍,743,N,20:56:20,20:56:50,,7286,상행,2025-05-01T05:00:00,,주말
7호선,2712,도봉산,710,,20250619,7호선,3763,석남,761,N,7호선,7313,2744,보라매,742,N,20:58:10,20:58:40,,7286,상행,2025-05-01T05:00:00,,주말
7호선,2712,도봉산,710,,20250619,7호선,3763,석남,761,N,7호선,7313,2743,신대방삼거리,741,N,20:59:50,21:00:20,,7286,상행,2025-05-01T05:00:00,,주말
7호선,2712,도봉산,710,,20250619,7호선,3763,석남,761,N,7호선,7313,2742,장승배기,740,N,21:02:10,21:02:40,,7286,상행,2025-05-01T05:00:00,,주말
7호선,2712,도봉산,710,,20250619,7호선,3763,석남,761,N,7호선,7313,2741,상도,739,N,21:04:10,21:04:40,,7286,상행,2025-05-01T05:00:00,,주말
7호선,2712,도봉산,710,,20250619,7호선,3763,석남,761,N,7호선,7313,2740,숭실대입구,738,N,21:05:50,21:06:20,,7286,상행,2025-05-01T05:00:00,,주말
7호선,2712,도봉산,710,,20250619,7호선,3763,석남,761,N,7호선,7313,2739,남성,737,N,21:08:50,21:09:20,,7286,상행,2025-05-01T05:00:00,,주말
7호선,2712,도봉산,710,,20250619,7호선,3763,석남,761,N,7호선,7313,2738,이수,736,N,21:10:40,21:11:20,,7286,상행,2025-05-01T05:00:00,,주말
7호선,2712,도봉산,710,,20250619,7호선,3763,석남,761,N,7호선,7313,2737,내방,735,N,21:12:50,21:13:20,,7286,상행,2025-05-01T05:00:00,,주말
7호선,2712,도봉산,710,,20250619,7호선,3763,석남,761,N,7호선,7313,2736,고속터미널,734,N,21:15:50,21:16:30,,7286,상행,2025-05-01T05:00:00,,주말
7호선,2712,도봉산,710,,20250619,7호선,3763,석남,761,N,7호선,7313,2735,반포,733,N,21:18:00,21:18:20,,7286,상행,2025-05-01T05:00:00,,주말
7호선,2712,도봉산,710,,20250619,7호선,3763,석남,761,N,7호선,7313,2734,논현,732,N,21:19:30,21:20:00,,7286,상행,2025-05-01T05:00:00,,주말
7호선,2712,도봉산,710,,20250619,7호선,3763,석남,761,N,7호선,7313,2733,학동,731,N,21:21:20,21:21:50,,7286,상행,2025-05-01T05:00:00,,주말
7호선,2712,도봉산,710,,20250619,7호선,3763,석남,761,N,7호선,7313,2732,강남구청,730,N,21:23:00,21:23:30,,7286,상행,2025-05-01T05:00:00,,주말
7호선,2712,도봉산,710,,20250619,7호선,3763,석남,761,N,7호선,7313,2731,청담,729,N,21:25:00,21:25:30,,7286,상행,2025-05-01T05:00:00,,주말
7호선,2712,도봉산,710,,20250619,7호선,3763,석남,761,N,7호선,7313,2730,자양,728,N,21:28:00,21:28:20,,7286,상행,2025-05-01T05:00:00,,주말
7호선,2712,도봉산,710,,20250619,7호선,3763,석남,761,N,7호선,7313,2729,건대입구,727,N,21:29:50,21:30:30,,7286,상행,2025-05-01T05:00:00,,주말
7호선,2712,도봉산,710,,20250619,7호선,3763,석남,761,N,7호선,7313,2728,어린이대공원,726,N,21:31:50,21:32:20,,7286,상행,2025-05-01T05:00:00,,주말
7호선,2712,도봉산,710,,20250619,7호선,3763,석남,761,N,7호선,7313,2727,군자,725,N,21:33:40,21:34:20,,7286,상행,2025-05-01T05:00:00,,주말
7호선,2712,도봉산,710,,20250619,7호선,3763,석남,761,N,7호선,7313,2726,중곡,724,N,21:35:40,21:36:10,,7286,상행,2025-05-01T05:00:00,,주말
7호선,2712,도봉산,710,,20250619,7호선,3763,석남,761,N,7호선,7313,2725,용마산,723,N,21:37:30,21:37:50,,7286,상행,2025-05-01T05:00:00,,주말
7호선,2712,도봉산,710,,20250619,7호선,3763,석남,761,N,7호선,7313,2724,사가정,722,N,21:39:00,21:39:30,,7286,상행,2025-05-01T05:00:00,,주말
7호선,2712,도봉산,710,,20250619,7호선,3763,석남,761,N,7호선,7313,2723,면목,721,N,21:40:40,21:41:10,,7286,상행,2025-05-01T05:00:00,,주말
7호선,2712,도봉산,710,,20250619,7호선,3763,석남,761,N,7호선,7313,2722,상봉,720,N,21:42:20,21:42:50,,7286,상행,2025-05-01T05:00:00,,주말
7호선,2712,도봉산,710,,20250619,7호선,3763,석남,761,N,7호선,7313,2721,중화,719,N,21:44:40,21:45:10,,7286,상행,2025-05-01T05:00:00,,주말
7호선,2712,도봉산,710,,20250619,7호선,3763,석남,761,N,7호선,7313,2720,먹골,718,N,21:46:30,21:47:00,,7286,상행,2025-05-01T05:00:00,,주말
7호선,2712,도봉산,710,,20250619,7호선,3763,석남,761,N,7호선,7313,2719,태릉입구,717,N,21:48:10,21:48:40,,7286,상행,2025-05-01T05:00:00,,주말
7호선,2712,도봉산,710,,20250619,7호선,3763,석남,761,N,7호선,7313,2718,공릉,716,N,21:49:40,21:50:10,,7286,상행,2025-05-01T05:00:00,,주말
7호선,2712,도봉산,710,,20250619,7호선,3763,석남,761,N,7호선,7313,2717,하계,715,N,21:51:40,21:52:10,,7286,상행,2025-05-01T05:00:00,,주말
7호선,2712,도봉산,710,,20250619,7호선,3763,석남,761,N,7호선,7313,2716,중계,714,N,21:53:20,21:53:50,,7286,상행,2025-05-01T05:00:00,,주말
7호선,2712,도봉산,710,,20250619,7호선,3763,석남,761,N,7호선,7313,2715,노원,713,N,21:55:10,21:55:40,,7286,상행,2025-05-01T05:00:00,,주말
7호선,2712,도봉산,710,,20250619,7호선,3763,석남,761,N,7호선,7313,2714,마들,712,N,21:57:10,21:57:40,,7286,상행,2025-05-01T05:00:00,,주말
7호선,2712,도봉산,710,,20250619,7호선,3763,석남,761,N,7호선,7313,2713,수락산,711,N,21:59:40,22:00:10,,7286,상행,2025-05-01T05:00:00,,주말
7호선,2712,도봉산,710,,20250619,7호선,3763,석남,761,N,7호선,7313,2712,도봉산,710,N,22:02:30,,,7286,상행,2025-05-01T05:00:00,,주말
7호선,2711,장암,709,,20250619,7호선,2752,온수,750,N,7호선,7317,2752,온수,750,N,,20:47:00,,7288,상행,2025-05-01T05:00:00,,주말
7호선,2711,장암,709,,20250619,7호선,2752,온수,750,N,7호선,7317,2751,천왕,749,N,20:49:20,20:49:40,,7288,상행,2025-05-01T05:00:00,,주말
7호선,2711,장암,709,,20250619,7호선,2752,온수,750,N,7호선,7317,2750,광명사거리,748,N,20:51:40,20:52:10,,7288,상행,2025-05-01T05:00:00,,주말
7호선,2711,장암,709,,20250619,7호선,2752,온수,750,N,7호선,7317,2749,철산,747,N,20:54:00,20:54:30,,7288,상행,2025-05-01T05:00:00,,주말
7호선,2711,장암,709,,20250619,7호선,2752,온수,750,N,7호선,7317,2748,가산디지털단지,746,N,20:56:30,20:57:00,,7288,상행,2025-05-01T05:00:00,,주말
7호선,2711,장암,709,,20250619,7호선,2752,온수,750,N,7호선,7317,2747,남구로,745,N,20:58:20,20:58:50,,7288,상행,2025-05-01T05:00:00,,주말
7호선,2711,장암,709,,20250619,7호선,2752,온수,750,N,7호선,7317,2746,대림,744,N,21:00:20,21:00:50,,7288,상행,2025-05-01T05:00:00,,주말
7호선,2711,장암,709,,20250619,7호선,2752,온수,750,N,7호선,7317,2745,신풍,743,N,21:02:50,21:03:20,,7288,상행,2025-05-01T05:00:00,,주말
7호선,2711,장암,709,,20250619,7호선,2752,온수,750,N,7호선,7317,2744,보라매,742,N,21:04:40,21:05:10,,7288,상행,2025-05-01T05:00:00,,주말
7호선,2711,장암,709,,20250619,7호선,2752,온수,750,N,7호선,7317,2743,신대방삼거리,741,N,21:06:20,21:06:50,,7288,상행,2025-05-01T05:00:00,,주말
7호선,2711,장암,709,,20250619,7호선,2752,온수,750,N,7호선,7317,2742,장승배기,740,N,21:08:40,21:09:10,,7288,상행,2025-05-01T05:00:00,,주말
7호선,2711,장암,709,,20250619,7호선,2752,온수,750,N,7호선,7317,2741,상도,739,N,21:10:40,21:11:10,,7288,상행,2025-05-01T05:00:00,,주말
7호선,2711,장암,709,,20250619,7호선,2752,온수,750,N,7호선,7317,2740,숭실대입구,738,N,21:12:20,21:12:50,,7288,상행,2025-05-01T05:00:00,,주말
7호선,2711,장암,709,,20250619,7호선,2752,온수,750,N,7호선,7317,2739,남성,737,N,21:15:20,21:15:50,,7288,상행,2025-05-01T05:00:00,,주말
7호선,2711,장암,709,,20250619,7호선,2752,온수,750,N,7호선,7317,2738,이수,736,N,21:17:10,21:17:50,,7288,상행,2025-05-01T05:00:00,,주말
7호선,2711,장암,709,,20250619,7호선,2752,온수,750,N,7호선,7317,2737,내방,735,N,21:19:20,21:19:50,,7288,상행,2025-05-01T05:00:00,,주말
7호선,2711,장암,709,,20250619,7호선,2752,온수,750,N,7호선,7317,2736,고속터미널,734,N,21:22:20,21:23:00,,7288,상행,2025-05-01T05:00:00,,주말
7호선,2711,장암,709,,20250619,7호선,2752,온수,750,N,7호선,7317,2735,반포,733,N,21:24:30,21:24:50,,7288,상행,2025-05-01T05:00:00,,주말
7호선,2711,장암,709,,20250619,7호선,2752,온수,750,N,7호선,7317,2734,논현,732,N,21:26:00,21:26:30,,7288,상행,2025-05-01T05:00:00,,주말
7호선,2711,장암,709,,20250619,7호선,2752,온수,750,N,7호선,7317,2733,학동,731,N,21:27:50,21:28:20,,7288,상행,2025-05-01T05:00:00,,주말
7호선,2711,장암,709,,20250619,7호선,2752,온수,750,N,7호선,7317,2732,강남구청,730,N,21:29:30,21:30:00,,7288,상행,2025-05-01T05:00:00,,주말
7호선,2711,장암,709,,20250619,7호선,2752,온수,750,N,7호선,7317,2731,청담,729,N,21:31:30,21:32:00,,7288,상행,2025-05-01T05:00:00,,주말
7호선,2711,장암,709,,20250619,7호선,2752,온수,750,N,7호선,7317,2730,자양,728,N,21:34:30,21:34:50,,7288,상행,2025-05-01T05:00:00,,주말
7호선,2711,장암,709,,20250619,7호선,2752,온수,750,N,7호선,7317,2729,건대입구,727,N,21:36:20,21:37:00,,7288,상행,2025-05-01T05:00:00,,주말
7호선,2711,장암,709,,20250619,7호선,2752,온수,750,N,7호선,7317,2728,어린이대공원,726,N,21:38:20,21:38:50,,7288,상행,2025-05-01T05:00:00,,주말
7호선,2711,장암,709,,20250619,7호선,2752,온수,750,N,7호선,7317,2727,군자,725,N,21:40:10,21:40:50,,7288,상행,2025-05-01T05:00:00,,주말
7호선,2711,장암,709,,20250619,7호선,2752,온수,750,N,7호선,7317,2726,중곡,724,N,21:42:10,21:42:40,,7288,상행,2025-05-01T05:00:00,,주말
7호선,2711,장암,709,,20250619,7호선,2752,온수,750,N,7호선,7317,2725,용마산,723,N,21:44:00,21:44:20,,7288,상행,2025-05-01T05:00:00,,주말
7호선,2711,장암,709,,20250619,7호선,2752,온수,750,N,7호선,7317,2724,사가정,722,N,21:45:30,21:46:00,,7288,상행,2025-05-01T05:00:00,,주말
7호선,2711,장암,709,,20250619,7호선,2752,온수,750,N,7호선,7317,2723,면목,721,N,21:47:10,21:47:40,,7288,상행,2025-05-01T05:00:00,,주말
7호선,2711,장암,709,,20250619,7호선,2752,온수,750,N,7호선,7317,2722,상봉,720,N,21:48:50,21:49:20,,7288,상행,2025-05-01T05:00:00,,주말
7호선,2711,장암,709,,20250619,7호선,2752,온수,750,N,7호선,7317,2721,중화,719,N,21:51:10,21:51:40,,7288,상행,2025-05-01T05:00:00,,주말
7호선,2711,장암,709,,20250619,7호선,2752,온수,750,N,7호선,7317,2720,먹골,718,N,21:53:00,21:53:30,,7288,상행,2025-05-01T05:00:00,,주말
7호선,2711,장암,709,,20250619,7호선,2752,온수,750,N,7호선,7317,2719,태릉입구,717,N,21:54:40,21:55:10,,7288,상행,2025-05-01T05:00:00,,주말
7호선,2711,장암,709,,20250619,7호선,2752,온수,750,N,7호선,7317,2718,공릉,716,N,21:56:10,21:56:40,,7288,상행,2025-05-01T05:00:00,,주말
7호선,2711,장암,709,,20250619,7호선,2752,온수,750,N,7호선,7317,2717,하계,715,N,21:58:10,21:58:40,,7288,상행,2025-05-01T05:00:00,,주말
7호선,2711,장암,709,,20250619,7호선,2752,온수,750,N,7호선,7317,2716,중계,714,N,21:59:50,22:00:20,,7288,상행,2025-05-01T05:00:00,,주말
7호선,2711,장암,709,,20250619,7호선,2752,온수,750,N,7호선,7317,2715,노원,713,N,22:01:40,22:02:10,,7288,상행,2025-05-01T05:00:00,,주말
7호선,2711,장암,709,,20250619,7호선,2752,온수,750,N,7호선,7317,2714,마들,712,N,22:03:40,22:04:10,,7288,상행,2025-05-01T05:00:00,,주말
7호선,2711,장암,709,,20250619,7호선,2752,온수,750,N,7호선,7317,2713,수락산,711,N,22:06:10,22:06:40,,7288,상행,2025-05-01T05:00:00,,주말
7호선,2711,장암,709,,20250619,7호선,2752,온수,750,N,7호선,7317,2712,도봉산,710,N,22:09:00,22:09:30,,7288,상행,2025-05-01T05:00:00,,주말
7호선,2711,장암,709,,20250619,7호선,2752,온수,750,N,7호선,7317,2711,장암,709,N,22:14:00,,,7288,상행,2025-05-01T05:00:00,,주말
7호선,2711,장암,709,,20250619,7호선,3763,석남,761,N,7호선,7321,3763,석남,761,N,,20:30:30,,7290,상행,2025-05-01T05:00:00,,주말
7호선,2711,장암,709,,20250619,7호선,3763,석남,761,N,7호선,7321,3762,산곡,760,N,20:33:30,20:34:00,,7290,상행,2025-05-01T05:00:00,,주말
7호선,2711,장암,709,,20250619,7호선,3763,석남,761,N,7호선,7321,3761,부평구청,759,N,20:36:00,20:36:30,,7290,상행,2025-05-01T05:00:00,,주말
7호선,2711,장암,709,,20250619,7호선,3763,석남,761,N,7호선,7321,3760,굴포천,758,N,20:37:50,20:38:20,,7290,상행,2025-05-01T05:00:00,,주말
7호선,2711,장암,709,,20250619,7호선,3763,석남,761,N,7호선,7321,3759,삼산체육관,757,N,20:39:30,20:40:00,,7290,상행,2025-05-01T05:00:00,,주말
7호선,2711,장암,709,,20250619,7호선,3763,석남,761,N,7호선,7321,3758,상동,756,N,20:41:20,20:41:50,,7290,상행,2025-05-01T05:00:00,,주말
7호선,2711,장암,709,,20250619,7호선,3763,석남,761,N,7호선,7321,3757,부천시청,755,N,20:43:00,20:43:30,,7290,상행,2025-05-01T05:00:00,,주말
7호선,2711,장암,709,,20250619,7호선,3763,석남,761,N,7호선,7321,3756,신중동,754,N,20:44:50,20:45:20,,7290,상행,2025-05-01T05:00:00,,주말
7호선,2711,장암,709,,20250619,7호선,3763,석남,761,N,7호선,7321,3755,춘의,753,N,20:46:40,20:47:10,,7290,상행,2025-05-01T05:00:00,,주말
7호선,2711,장암,709,,20250619,7호선,3763,석남,761,N,7호선,7321,3754,부천종합운동장,752,N,20:48:30,20:49:00,,7290,상행,2025-05-01T05:00:00,,주말
7호선,2711,장암,709,,20250619,7호선,3763,석남,761,N,7호선,7321,3753,까치울,751,N,20:50:30,20:51:00,,7290,상행,2025-05-01T05:00:00,,주말
7호선,2711,장암,709,,20250619,7호선,3763,석남,761,N,7호선,7321,2752,온수,750,N,20:53:30,20:54:00,,7290,상행,2025-05-01T05:00:00,,주말
7호선,2711,장암,709,,20250619,7호선,3763,석남,761,N,7호선,7321,2751,천왕,749,N,20:56:20,20:56:40,,7290,상행,2025-05-01T05:00:00,,주말
7호선,2711,장암,709,,20250619,7호선,3763,석남,761,N,7호선,7321,2750,광명사거리,748,N,20:58:40,20:59:10,,7290,상행,2025-05-01T05:00:00,,주말
7호선,2711,장암,709,,20250619,7호선,3763,석남,761,N,7호선,7321,2749,철산,747,N,21:01:00,21:01:30,,7290,상행,2025-05-01T05:00:00,,주말
7호선,2711,장암,709,,20250619,7호선,3763,석남,761,N,7호선,7321,2748,가산디지털단지,746,N,21:03:30,21:04:00,,7290,상행,2025-05-01T05:00:00,,주말
7호선,2711,장암,709,,20250619,7호선,3763,석남,761,N,7호선,7321,2747,남구로,745,N,21:05:20,21:05:50,,7290,상행,2025-05-01T05:00:00,,주말
7호선,2711,장암,709,,20250619,7호선,3763,석남,761,N,7호선,7321,2746,대림,744,N,21:07:20,21:07:50,,7290,상행,2025-05-01T05:00:00,,주말
7호선,2711,장암,709,,20250619,7호선,3763,석남,761,N,7호선,7321,2745,신풍,743,N,21:09:50,21:10:20,,7290,상행,2025-05-01T05:00:00,,주말
7호선,2711,장암,709,,20250619,7호선,3763,석남,761,N,7호선,7321,2744,보라매,742,N,21:11:40,21:12:10,,7290,상행,2025-05-01T05:00:00,,주말
7호선,2711,장암,709,,20250619,7호선,3763,석남,761,N,7호선,7321,2743,신대방삼거리,741,N,21:13:20,21:13:50,,7290,상행,2025-05-01T05:00:00,,주말
7호선,2711,장암,709,,20250619,7호선,3763,석남,761,N,7호선,7321,2742,장승배기,740,N,21:15:40,21:16:10,,7290,상행,2025-05-01T05:00:00,,주말
7호선,2711,장암,709,,20250619,7호선,3763,석남,761,N,7호선,7321,2741,상도,739,N,21:17:40,21:18:10,,7290,상행,2025-05-01T05:00:00,,주말
7호선,2711,장암,709,,20250619,7호선,3763,석남,761,N,7호선,7321,2740,숭실대입구,738,N,21:19:20,21:19:50,,7290,상행,2025-05-01T05:00:00,,주말
7호선,2711,장암,709,,20250619,7호선,3763,석남,761,N,7호선,7321,2739,남성,737,N,21:22:20,21:22:50,,7290,상행,2025-05-01T05:00:00,,주말
7호선,2711,장암,709,,20250619,7호선,3763,석남,761,N,7호선,7321,2738,이수,736,N,21:24:10,21:24:50,,7290,상행,2025-05-01T05:00:00,,주말
7호선,2711,장암,709,,20250619,7호선,3763,석남,761,N,7호선,7321,2737,내방,735,N,21:26:20,21:26:50,,7290,상행,2025-05-01T05:00:00,,주말
7호선,2711,장암,709,,20250619,7호선,3763,석남,761,N,7호선,7321,2736,고속터미널,734,N,21:29:20,21:30:00,,7290,상행,2025-05-01T05:00:00,,주말
7호선,2711,장암,709,,20250619,7호선,3763,석남,761,N,7호선,7321,2735,반포,733,N,21:31:30,21:31:50,,7290,상행,2025-05-01T05:00:00,,주말
7호선,2711,장암,709,,20250619,7호선,3763,석남,761,N,7호선,7321,2734,논현,732,N,21:33:00,21:33:30,,7290,상행,2025-05-01T05:00:00,,주말
7호선,2711,장암,709,,20250619,7호선,3763,석남,761,N,7호선,7321,2733,학동,731,N,21:34:50,21:35:20,,7290,상행,2025-05-01T05:00:00,,주말
7호선,2711,장암,709,,20250619,7호선,3763,석남,761,N,7호선,7321,2732,강남구청,730,N,21:36:30,21:37:00,,7290,상행,2025-05-01T05:00:00,,주말
7호선,2711,장암,709,,20250619,7호선,3763,석남,761,N,7호선,7321,2731,청담,729,N,21:38:30,21:39:00,,7290,상행,2025-05-01T05:00:00,,주말
7호선,2711,장암,709,,20250619,7호선,3763,석남,761,N,7호선,7321,2730,자양,728,N,21:41:30,21:41:50,,7290,상행,2025-05-01T05:00:00,,주말
7호선,2711,장암,709,,20250619,7호선,3763,석남,761,N,7호선,7321,2729,건대입구,727,N,21:43:20,21:44:00,,7290,상행,2025-05-01T05:00:00,,주말
7호선,2711,장암,709,,20250619,7호선,3763,석남,761,N,7호선,7321,2728,어린이대공원,726,N,21:45:20,21:45:50,,7290,상행,2025-05-01T05:00:00,,주말
7호선,2711,장암,709,,20250619,7호선,3763,석남,761,N,7호선,7321,2727,군자,725,N,21:47:10,21:47:50,,7290,상행,2025-05-01T05:00:00,,주말
7호선,2711,장암,709,,20250619,7호선,3763,석남,761,N,7호선,7321,2726,중곡,724,N,21:49:10,21:49:40,,7290,상행,2025-05-01T05:00:00,,주말
7호선,2711,장암,709,,20250619,7호선,3763,석남,761,N,7호선,7321,2725,용마산,723,N,21:51:00,21:51:20,,7290,상행,2025-05-01T05:00:00,,주말
7호선,2711,장암,709,,20250619,7호선,3763,석남,761,N,7호선,7321,2724,사가정,722,N,21:52:30,21:53:00,,7290,상행,2025-05-01T05:00:00,,주말
7호선,2711,장암,709,,20250619,7호선,3763,석남,761,N,7호선,7321,2723,면목,721,N,21:54:10,21:54:40,,7290,상행,2025-05-01T05:00:00,,주말
7호선,2711,장암,709,,20250619,7호선,3763,석남,761,N,7호선,7321,2722,상봉,720,N,21:55:50,21:56:20,,7290,상행,2025-05-01T05:00:00,,주말
7호선,2711,장암,709,,20250619,7호선,3763,석남,761,N,7호선,7321,2721,중화,719,N,21:58:10,21:58:40,,7290,상행,2025-05-01T05:00:00,,주말
7호선,2711,장암,709,,20250619,7호선,3763,석남,761,N,7호선,7321,2720,먹골,718,N,22:00:00,22:00:30,,7290,상행,2025-05-01T05:00:00,,주말
7호선,2711,장암,709,,20250619,7호선,3763,석남,761,N,7호선,7321,2719,태릉입구,717,N,22:01:40,22:02:10,,7290,상행,2025-05-01T05:00:00,,주말
7호선,2711,장암,709,,20250619,7호선,3763,석남,761,N,7호선,7321,2718,공릉,716,N,22:03:10,22:03:40,,7290,상행,2025-05-01T05:00:00,,주말
7호선,2711,장암,709,,20250619,7호선,3763,석남,761,N,7호선,7321,2717,하계,715,N,22:05:10,22:05:40,,7290,상행,2025-05-01T05:00:00,,주말
7호선,2711,장암,709,,20250619,7호선,3763,석남,761,N,7호선,7321,2716,중계,714,N,22:06:50,22:07:20,,7290,상행,2025-05-01T05:00:00,,주말
7호선,2711,장암,709,,20250619,7호선,3763,석남,761,N,7호선,7321,2715,노원,713,N,22:08:40,22:09:10,,7290,상행,2025-05-01T05:00:00,,주말
7호선,2711,장암,709,,20250619,7호선,3763,석남,761,N,7호선,7321,2714,마들,712,N,22:10:40,22:11:10,,7290,상행,2025-05-01T05:00:00,,주말
7호선,2711,장암,709,,20250619,7호선,3763,석남,761,N,7호선,7321,2713,수락산,711,N,22:13:10,22:13:40,,7290,상행,2025-05-01T05:00:00,,주말
7호선,2711,장암,709,,20250619,7호선,3763,석남,761,N,7호선,7321,2712,도봉산,710,N,22:16:00,22:16:30,,7290,상행,2025-05-01T05:00:00,,주말
7호선,2711,장암,709,,20250619,7호선,3763,석남,761,N,7호선,7321,2711,장암,709,N,22:21:00,,,7290,상행,2025-05-01T05:00:00,,주말
7호선,2712,도봉산,710,,20250619,7호선,2752,온수,750,N,7호선,7319,2752,온수,750,N,,21:01:00,,7292,상행,2025-05-01T05:00:00,,주말
7호선,2712,도봉산,710,,20250619,7호선,2752,온수,750,N,7호선,7319,2751,천왕,749,N,21:03:20,21:03:40,,7292,상행,2025-05-01T05:00:00,,주말
7호선,2712,도봉산,710,,20250619,7호선,2752,온수,750,N,7호선,7319,2750,광명사거리,748,N,21:05:40,21:06:10,,7292,상행,2025-05-01T05:00:00,,주말
7호선,2712,도봉산,710,,20250619,7호선,2752,온수,750,N,7호선,7319,2749,철산,747,N,21:08:00,21:08:30,,7292,상행,2025-05-01T05:00:00,,주말
7호선,2712,도봉산,710,,20250619,7호선,2752,온수,750,N,7호선,7319,2748,가산디지털단지,746,N,21:10:30,21:11:00,,7292,상행,2025-05-01T05:00:00,,주말
7호선,2712,도봉산,710,,20250619,7호선,2752,온수,750,N,7호선,7319,2747,남구로,745,N,21:12:20,21:12:50,,7292,상행,2025-05-01T05:00:00,,주말
7호선,2712,도봉산,710,,20250619,7호선,2752,온수,750,N,7호선,7319,2746,대림,744,N,21:14:20,21:14:50,,7292,상행,2025-05-01T05:00:00,,주말
7호선,2712,도봉산,710,,20250619,7호선,2752,온수,750,N,7호선,7319,2745,신풍,743,N,21:16:50,21:17:20,,7292,상행,2025-05-01T05:00:00,,주말
7호선,2712,도봉산,710,,20250619,7호선,2752,온수,750,N,7호선,7319,2744,보라매,742,N,21:18:40,21:19:10,,7292,상행,2025-05-01T05:00:00,,주말
7호선,2712,도봉산,710,,20250619,7호선,2752,온수,750,N,7호선,7319,2743,신대방삼거리,741,N,21:20:20,21:20:50,,7292,상행,2025-05-01T05:00:00,,주말
7호선,2712,도봉산,710,,20250619,7호선,2752,온수,750,N,7호선,7319,2742,장승배기,740,N,21:22:40,21:23:10,,7292,상행,2025-05-01T05:00:00,,주말
7호선,2712,도봉산,710,,20250619,7호선,2752,온수,750,N,7호선,7319,2741,상도,739,N,21:24:40,21:25:10,,7292,상행,2025-05-01T05:00:00,,주말
7호선,2712,도봉산,710,,20250619,7호선,2752,온수,750,N,7호선,7319,2740,숭실대입구,738,N,21:26:20,21:26:50,,7292,상행,2025-05-01T05:00:00,,주말
7호선,2712,도봉산,710,,20250619,7호선,2752,온수,750,N,7호선,7319,2739,남성,737,N,21:29:20,21:29:50,,7292,상행,2025-05-01T05:00:00,,주말
7호선,2712,도봉산,710,,20250619,7호선,2752,온수,750,N,7호선,7319,2738,이수,736,N,21:31:10,21:31:50,,7292,상행,2025-05-01T05:00:00,,주말
7호선,2712,도봉산,710,,20250619,7호선,2752,온수,750,N,7호선,7319,2737,내방,735,N,21:33:20,21:33:50,,7292,상행,2025-05-01T05:00:00,,주말
7호선,2712,도봉산,710,,20250619,7호선,2752,온수,750,N,7호선,7319,2736,고속터미널,734,N,21:36:20,21:37:00,,7292,상행,2025-05-01T05:00:00,,주말
7호선,2712,도봉산,710,,20250619,7호선,2752,온수,750,N,7호선,7319,2735,반포,733,N,21:38:30,21:38:50,,7292,상행,2025-05-01T05:00:00,,주말
7호선,2712,도봉산,710,,20250619,7호선,2752,온수,750,N,7호선,7319,2734,논현,732,N,21:40:00,21:40:30,,7292,상행,2025-05-01T05:00:00,,주말
7호선,2712,도봉산,710,,20250619,7호선,2752,온수,750,N,7호선,7319,2733,학동,731,N,21:41:50,21:42:20,,7292,상행,2025-05-01T05:00:00,,주말
7호선,2712,도봉산,710,,20250619,7호선,2752,온수,750,N,7호선,7319,2732,강남구청,730,N,21:43:30,21:44:00,,7292,상행,2025-05-01T05:00:00,,주말
7호선,2712,도봉산,710,,20250619,7호선,2752,온수,750,N,7호선,7319,2731,청담,729,N,21:45:30,21:46:00,,7292,상행,2025-05-01T05:00:00,,주말
7호선,2712,도봉산,710,,20250619,7호선,2752,온수,750,N,7호선,7319,2730,자양,728,N,21:48:30,21:48:50,,7292,상행,2025-05-01T05:00:00,,주말
7호선,2712,도봉산,710,,20250619,7호선,2752,온수,750,N,7호선,7319,2729,건대입구,727,N,21:50:20,21:51:00,,7292,상행,2025-05-01T05:00:00,,주말
7호선,2712,도봉산,710,,20250619,7호선,2752,온수,750,N,7호선,7319,2728,어린이대공원,726,N,21:52:20,21:52:50,,7292,상행,2025-05-01T05:00:00,,주말
7호선,2712,도봉산,710,,20250619,7호선,2752,온수,750,N,7호선,7319,2727,군자,725,N,21:54:10,21:54:50,,7292,상행,2025-05-01T05:00:00,,주말
7호선,2712,도봉산,710,,20250619,7호선,2752,온수,750,N,7호선,7319,2726,중곡,724,N,21:56:10,21:56:40,,7292,상행,2025-05-01T05:00:00,,주말
7호선,2712,도봉산,710,,20250619,7호선,2752,온수,750,N,7호선,7319,2725,용마산,723,N,21:58:00,21:58:20,,7292,상행,2025-05-01T05:00:00,,주말
7호선,2712,도봉산,710,,20250619,7호선,2752,온수,750,N,7호선,7319,2724,사가정,722,N,21:59:30,22:00:00,,7292,상행,2025-05-01T05:00:00,,주말
7호선,2712,도봉산,710,,20250619,7호선,2752,온수,750,N,7호선,7319,2723,면목,721,N,22:01:10,22:01:40,,7292,상행,2025-05-01T05:00:00,,주말
7호선,2712,도봉산,710,,20250619,7호선,2752,온수,750,N,7호선,7319,2722,상봉,720,N,22:02:50,22:03:20,,7292,상행,2025-05-01T05:00:00,,주말
7호선,2712,도봉산,710,,20250619,7호선,2752,온수,750,N,7호선,7319,2721,중화,719,N,22:05:10,22:05:40,,7292,상행,2025-05-01T05:00:00,,주말
7호선,2712,도봉산,710,,20250619,7호선,2752,온수,750,N,7호선,7319,2720,먹골,718,N,22:07:00,22:07:30,,7292,상행,2025-05-01T05:00:00,,주말
7호선,2712,도봉산,710,,20250619,7호선,2752,온수,750,N,7호선,7319,2719,태릉입구,717,N,22:08:40,22:09:10,,7292,상행,2025-05-01T05:00:00,,주말
7호선,2712,도봉산,710,,20250619,7호선,2752,온수,750,N,7호선,7319,2718,공릉,716,N,22:10:10,22:10:40,,7292,상행,2025-05-01T05:00:00,,주말
7호선,2712,도봉산,710,,20250619,7호선,2752,온수,750,N,7호선,7319,2717,하계,715,N,22:12:10,22:12:40,,7292,상행,2025-05-01T05:00:00,,주말
7호선,2712,도봉산,710,,20250619,7호선,2752,온수,750,N,7호선,7319,2716,중계,714,N,22:13:50,22:14:20,,7292,상행,2025-05-01T05:00:00,,주말
7호선,2712,도봉산,710,,20250619,7호선,2752,온수,750,N,7호선,7319,2715,노원,713,N,22:15:40,22:16:10,,7292,상행,2025-05-01T05:00:00,,주말
7호선,2712,도봉산,710,,20250619,7호선,2752,온수,750,N,7호선,7319,2714,마들,712,N,22:17:40,22:18:10,,7292,상행,2025-05-01T05:00:00,,주말
7호선,2712,도봉산,710,,20250619,7호선,2752,온수,750,N,7호선,7319,2713,수락산,711,N,22:20:10,22:20:40,,7292,상행,2025-05-01T05:00:00,,주말
7호선,2712,도봉산,710,,20250619,7호선,2752,온수,750,N,7호선,7319,2712,도봉산,710,N,22:23:00,,,7292,상행,2025-05-01T05:00:00,,주말
7호선,2711,장암,709,,20250619,7호선,3763,석남,761,N,7호선,7325,3763,석남,761,N,,20:44:30,,7294,상행,2025-05-01T05:00:00,,주말
7호선,2711,장암,709,,20250619,7호선,3763,석남,761,N,7호선,7325,3762,산곡,760,N,20:47:30,20:48:00,,7294,상행,2025-05-01T05:00:00,,주말
7호선,2711,장암,709,,20250619,7호선,3763,석남,761,N,7호선,7325,3761,부평구청,759,N,20:50:00,20:50:30,,7294,상행,2025-05-01T05:00:00,,주말
7호선,2711,장암,709,,20250619,7호선,3763,석남,761,N,7호선,7325,3760,굴포천,758,N,20:51:50,20:52:20,,7294,상행,2025-05-01T05:00:00,,주말
7호선,2711,장암,709,,20250619,7호선,3763,석남,761,N,7호선,7325,3759,삼산체육관,757,N,20:53:30,20:54:00,,7294,상행,2025-05-01T05:00:00,,주말
7호선,2711,장암,709,,20250619,7호선,3763,석남,761,N,7호선,7325,3758,상동,756,N,20:55:20,20:55:50,,7294,상행,2025-05-01T05:00:00,,주말
7호선,2711,장암,709,,20250619,7호선,3763,석남,761,N,7호선,7325,3757,부천시청,755,N,20:57:00,20:57:30,,7294,상행,2025-05-01T05:00:00,,주말
7호선,2711,장암,709,,20250619,7호선,3763,석남,761,N,7호선,7325,3756,신중동,754,N,20:58:50,20:59:20,,7294,상행,2025-05-01T05:00:00,,주말
7호선,2711,장암,709,,20250619,7호선,3763,석남,761,N,7호선,7325,3755,춘의,753,N,21:00:40,21:01:10,,7294,상행,2025-05-01T05:00:00,,주말
7호선,2711,장암,709,,20250619,7호선,3763,석남,761,N,7호선,7325,3754,부천종합운동장,752,N,21:02:30,21:03:00,,7294,상행,2025-05-01T05:00:00,,주말
7호선,2711,장암,709,,20250619,7호선,3763,석남,761,N,7호선,7325,3753,까치울,751,N,21:04:30,21:05:00,,7294,상행,2025-05-01T05:00:00,,주말
7호선,2711,장암,709,,20250619,7호선,3763,석남,761,N,7호선,7325,2752,온수,750,N,21:07:30,21:08:00,,7294,상행,2025-05-01T05:00:00,,주말
7호선,2711,장암,709,,20250619,7호선,3763,석남,761,N,7호선,7325,2751,천왕,749,N,21:10:20,21:10:40,,7294,상행,2025-05-01T05:00:00,,주말
7호선,2711,장암,709,,20250619,7호선,3763,석남,761,N,7호선,7325,2750,광명사거리,748,N,21:12:40,21:13:10,,7294,상행,2025-05-01T05:00:00,,주말
7호선,2711,장암,709,,20250619,7호선,3763,석남,761,N,7호선,7325,2749,철산,747,N,21:15:00,21:15:30,,7294,상행,2025-05-01T05:00:00,,주말
7호선,2711,장암,709,,20250619,7호선,3763,석남,761,N,7호선,7325,2748,가산디지털단지,746,N,21:17:30,21:18:00,,7294,상행,2025-05-01T05:00:00,,주말
7호선,2711,장암,709,,20250619,7호선,3763,석남,761,N,7호선,7325,2747,남구로,745,N,21:19:20,21:19:50,,7294,상행,2025-05-01T05:00:00,,주말
7호선,2711,장암,709,,20250619,7호선,3763,석남,761,N,7호선,7325,2746,대림,744,N,21:21:20,21:21:50,,7294,상행,2025-05-01T05:00:00,,주말
7호선,2711,장암,709,,20250619,7호선,3763,석남,761,N,7호선,7325,2745,신풍,743,N,21:23:50,21:24:20,,7294,상행,2025-05-01T05:00:00,,주말
7호선,2711,장암,709,,20250619,7호선,3763,석남,761,N,7호선,7325,2744,보라매,742,N,21:25:40,21:26:10,,7294,상행,2025-05-01T05:00:00,,주말
7호선,2711,장암,709,,20250619,7호선,3763,석남,761,N,7호선,7325,2743,신대방삼거리,741,N,21:27:20,21:27:50,,7294,상행,2025-05-01T05:00:00,,주말
7호선,2711,장암,709,,20250619,7호선,3763,석남,761,N,7호선,7325,2742,장승배기,740,N,21:29:40,21:30:10,,7294,상행,2025-05-01T05:00:00,,주말
7호선,2711,장암,709,,20250619,7호선,3763,석남,761,N,7호선,7325,2741,상도,739,N,21:31:40,21:32:10,,7294,상행,2025-05-01T05:00:00,,주말
7호선,2711,장암,709,,20250619,7호선,3763,석남,761,N,7호선,7325,2740,숭실대입구,738,N,21:33:20,21:33:50,,7294,상행,2025-05-01T05:00:00,,주말
7호선,2711,장암,709,,20250619,7호선,3763,석남,761,N,7호선,7325,2739,남성,737,N,21:36:20,21:36:50,,7294,상행,2025-05-01T05:00:00,,주말
7호선,2711,장암,709,,20250619,7호선,3763,석남,761,N,7호선,7325,2738,이수,736,N,21:38:10,21:38:50,,7294,상행,2025-05-01T05:00:00,,주말
7호선,2711,장암,709,,20250619,7호선,3763,석남,761,N,7호선,7325,2737,내방,735,N,21:40:20,21:40:50,,7294,상행,2025-05-01T05:00:00,,주말
7호선,2711,장암,709,,20250619,7호선,3763,석남,761,N,7호선,7325,2736,고속터미널,734,N,21:43:20,21:44:00,,7294,상행,2025-05-01T05:00:00,,주말
7호선,2711,장암,709,,20250619,7호선,3763,석남,761,N,7호선,7325,2735,반포,733,N,21:45:30,21:45:50,,7294,상행,2025-05-01T05:00:00,,주말
7호선,2711,장암,709,,20250619,7호선,3763,석남,761,N,7호선,7325,2734,논현,732,N,21:47:00,21:47:30,,7294,상행,2025-05-01T05:00:00,,주말
7호선,2711,장암,709,,20250619,7호선,3763,석남,761,N,7호선,7325,2733,학동,731,N,21:48:50,21:49:20,,7294,상행,2025-05-01T05:00:00,,주말
7호선,2711,장암,709,,20250619,7호선,3763,석남,761,N,7호선,7325,2732,강남구청,730,N,21:50:30,21:51:00,,7294,상행,2025-05-01T05:00:00,,주말
7호선,2711,장암,709,,20250619,7호선,3763,석남,761,N,7호선,7325,2731,청담,729,N,21:52:30,21:53:00,,7294,상행,2025-05-01T05:00:00,,주말
7호선,2711,장암,709,,20250619,7호선,3763,석남,761,N,7호선,7325,2730,자양,728,N,21:55:30,21:55:50,,7294,상행,2025-05-01T05:00:00,,주말
7호선,2711,장암,709,,20250619,7호선,3763,석남,761,N,7호선,7325,2729,건대입구,727,N,21:57:20,21:58:00,,7294,상행,2025-05-01T05:00:00,,주말
7호선,2711,장암,709,,20250619,7호선,3763,석남,761,N,7호선,7325,2728,어린이대공원,726,N,21:59:20,21:59:50,,7294,상행,2025-05-01T05:00:00,,주말
7호선,2711,장암,709,,20250619,7호선,3763,석남,761,N,7호선,7325,2727,군자,725,N,22:01:10,22:01:50,,7294,상행,2025-05-01T05:00:00,,주말
7호선,2711,장암,709,,20250619,7호선,3763,석남,761,N,7호선,7325,2726,중곡,724,N,22:03:10,22:03:40,,7294,상행,2025-05-01T05:00:00,,주말
7호선,2711,장암,709,,20250619,7호선,3763,석남,761,N,7호선,7325,2725,용마산,723,N,22:05:00,22:05:20,,7294,상행,2025-05-01T05:00:00,,주말
7호선,2711,장암,709,,20250619,7호선,3763,석남,761,N,7호선,7325,2724,사가정,722,N,22:06:30,22:07:00,,7294,상행,2025-05-01T05:00:00,,주말
7호선,2711,장암,709,,20250619,7호선,3763,석남,761,N,7호선,7325,2723,면목,721,N,22:08:10,22:08:40,,7294,상행,2025-05-01T05:00:00,,주말
7호선,2711,장암,709,,20250619,7호선,3763,석남,761,N,7호선,7325,2722,상봉,720,N,22:09:50,22:10:20,,7294,상행,2025-05-01T05:00:00,,주말
7호선,2711,장암,709,,20250619,7호선,3763,석남,761,N,7호선,7325,2721,중화,719,N,22:12:10,22:12:40,,7294,상행,2025-05-01T05:00:00,,주말
7호선,2711,장암,709,,20250619,7호선,3763,석남,761,N,7호선,7325,2720,먹골,718,N,22:14:00,22:14:30,,7294,상행,2025-05-01T05:00:00,,주말
7호선,2711,장암,709,,20250619,7호선,3763,석남,761,N,7호선,7325,2719,태릉입구,717,N,22:15:40,22:16:10,,7294,상행,2025-05-01T05:00:00,,주말
7호선,2711,장암,709,,20250619,7호선,3763,석남,761,N,7호선,7325,2718,공릉,716,N,22:17:10,22:17:40,,7294,상행,2025-05-01T05:00:00,,주말
7호선,2711,장암,709,,20250619,7호선,3763,석남,761,N,7호선,7325,2717,하계,715,N,22:19:10,22:19:40,,7294,상행,2025-05-01T05:00:00,,주말
7호선,2711,장암,709,,20250619,7호선,3763,석남,761,N,7호선,7325,2716,중계,714,N,22:20:50,22:21:20,,7294,상행,2025-05-01T05:00:00,,주말
7호선,2711,장암,709,,20250619,7호선,3763,석남,761,N,7호선,7325,2715,노원,713,N,22:22:40,22:23:10,,7294,상행,2025-05-01T05:00:00,,주말
7호선,2711,장암,709,,20250619,7호선,3763,석남,761,N,7호선,7325,2714,마들,712,N,22:24:40,22:25:10,,7294,상행,2025-05-01T05:00:00,,주말
7호선,2711,장암,709,,20250619,7호선,3763,석남,761,N,7호선,7325,2713,수락산,711,N,22:27:10,22:27:40,,7294,상행,2025-05-01T05:00:00,,주말
7호선,2711,장암,709,,20250619,7호선,3763,석남,761,N,7호선,7325,2712,도봉산,710,N,22:30:00,22:30:30,,7294,상행,2025-05-01T05:00:00,,주말
7호선,2711,장암,709,,20250619,7호선,3763,석남,761,N,7호선,7325,2711,장암,709,N,22:35:00,,,7294,상행,2025-05-01T05:00:00,,주말
7호선,2712,도봉산,710,,20250619,7호선,2752,온수,750,N,7호선,7323,2752,온수,750,N,,21:15:00,,7296,상행,2025-05-01T05:00:00,,주말
7호선,2712,도봉산,710,,20250619,7호선,2752,온수,750,N,7호선,7323,2751,천왕,749,N,21:17:20,21:17:40,,7296,상행,2025-05-01T05:00:00,,주말
7호선,2712,도봉산,710,,20250619,7호선,2752,온수,750,N,7호선,7323,2750,광명사거리,748,N,21:19:40,21:20:10,,7296,상행,2025-05-01T05:00:00,,주말
7호선,2712,도봉산,710,,20250619,7호선,2752,온수,750,N,7호선,7323,2749,철산,747,N,21:22:00,21:22:30,,7296,상행,2025-05-01T05:00:00,,주말
7호선,2712,도봉산,710,,20250619,7호선,2752,온수,750,N,7호선,7323,2748,가산디지털단지,746,N,21:24:30,21:25:00,,7296,상행,2025-05-01T05:00:00,,주말
7호선,2712,도봉산,710,,20250619,7호선,2752,온수,750,N,7호선,7323,2747,남구로,745,N,21:26:20,21:26:50,,7296,상행,2025-05-01T05:00:00,,주말
7호선,2712,도봉산,710,,20250619,7호선,2752,온수,750,N,7호선,7323,2746,대림,744,N,21:28:20,21:28:50,,7296,상행,2025-05-01T05:00:00,,주말
7호선,2712,도봉산,710,,20250619,7호선,2752,온수,750,N,7호선,7323,2745,신풍,743,N,21:30:50,21:31:20,,7296,상행,2025-05-01T05:00:00,,주말
7호선,2712,도봉산,710,,20250619,7호선,2752,온수,750,N,7호선,7323,2744,보라매,742,N,21:32:40,21:33:10,,7296,상행,2025-05-01T05:00:00,,주말
7호선,2712,도봉산,710,,20250619,7호선,2752,온수,750,N,7호선,7323,2743,신대방삼거리,741,N,21:34:20,21:34:50,,7296,상행,2025-05-01T05:00:00,,주말
7호선,2712,도봉산,710,,20250619,7호선,2752,온수,750,N,7호선,7323,2742,장승배기,740,N,21:36:40,21:37:10,,7296,상행,2025-05-01T05:00:00,,주말
7호선,2712,도봉산,710,,20250619,7호선,2752,온수,750,N,7호선,7323,2741,상도,739,N,21:38:40,21:39:10,,7296,상행,2025-05-01T05:00:00,,주말
7호선,2712,도봉산,710,,20250619,7호선,2752,온수,750,N,7호선,7323,2740,숭실대입구,738,N,21:40:20,21:40:50,,7296,상행,2025-05-01T05:00:00,,주말
7호선,2712,도봉산,710,,20250619,7호선,2752,온수,750,N,7호선,7323,2739,남성,737,N,21:43:20,21:43:50,,7296,상행,2025-05-01T05:00:00,,주말
7호선,2712,도봉산,710,,20250619,7호선,2752,온수,750,N,7호선,7323,2738,이수,736,N,21:45:10,21:45:50,,7296,상행,2025-05-01T05:00:00,,주말
7호선,2712,도봉산,710,,20250619,7호선,2752,온수,750,N,7호선,7323,2737,내방,735,N,21:47:20,21:47:50,,7296,상행,2025-05-01T05:00:00,,주말
7호선,2712,도봉산,710,,20250619,7호선,2752,온수,750,N,7호선,7323,2736,고속터미널,734,N,21:50:20,21:51:00,,7296,상행,2025-05-01T05:00:00,,주말
7호선,2712,도봉산,710,,20250619,7호선,2752,온수,750,N,7호선,7323,2735,반포,733,N,21:52:30,21:52:50,,7296,상행,2025-05-01T05:00:00,,주말
7호선,2712,도봉산,710,,20250619,7호선,2752,온수,750,N,7호선,7323,2734,논현,732,N,21:54:00,21:54:30,,7296,상행,2025-05-01T05:00:00,,주말
7호선,2712,도봉산,710,,20250619,7호선,2752,온수,750,N,7호선,7323,2733,학동,731,N,21:55:50,21:56:20,,7296,상행,2025-05-01T05:00:00,,주말
7호선,2712,도봉산,710,,20250619,7호선,2752,온수,750,N,7호선,7323,2732,강남구청,730,N,21:57:30,21:58:00,,7296,상행,2025-05-01T05:00:00,,주말
7호선,2712,도봉산,710,,20250619,7호선,2752,온수,750,N,7호선,7323,2731,청담,729,N,21:59:30,22:00:00,,7296,상행,2025-05-01T05:00:00,,주말
7호선,2712,도봉산,710,,20250619,7호선,2752,온수,750,N,7호선,7323,2730,자양,728,N,22:02:30,22:02:50,,7296,상행,2025-05-01T05:00:00,,주말
7호선,2712,도봉산,710,,20250619,7호선,2752,온수,750,N,7호선,7323,2729,건대입구,727,N,22:04:20,22:05:00,,7296,상행,2025-05-01T05:00:00,,주말
7호선,2712,도봉산,710,,20250619,7호선,2752,온수,750,N,7호선,7323,2728,어린이대공원,726,N,22:06:20,22:06:50,,7296,상행,2025-05-01T05:00:00,,주말
7호선,2712,도봉산,710,,20250619,7호선,2752,온수,750,N,7호선,7323,2727,군자,725,N,22:08:10,22:08:50,,7296,상행,2025-05-01T05:00:00,,주말
7호선,2712,도봉산,710,,20250619,7호선,2752,온수,750,N,7호선,7323,2726,중곡,724,N,22:10:10,22:10:40,,7296,상행,2025-05-01T05:00:00,,주말
7호선,2712,도봉산,710,,20250619,7호선,2752,온수,750,N,7호선,7323,2725,용마산,723,N,22:12:00,22:12:20,,7296,상행,2025-05-01T05:00:00,,주말
7호선,2712,도봉산,710,,20250619,7호선,2752,온수,750,N,7호선,7323,2724,사가정,722,N,22:13:30,22:14:00,,7296,상행,2025-05-01T05:00:00,,주말
7호선,2712,도봉산,710,,20250619,7호선,2752,온수,750,N,7호선,7323,2723,면목,721,N,22:15:10,22:15:40,,7296,상행,2025-05-01T05:00:00,,주말
7호선,2712,도봉산,710,,20250619,7호선,2752,온수,750,N,7호선,7323,2722,상봉,720,N,22:16:50,22:17:20,,7296,상행,2025-05-01T05:00:00,,주말
7호선,2712,도봉산,710,,20250619,7호선,2752,온수,750,N,7호선,7323,2721,중화,719,N,22:19:10,22:19:40,,7296,상행,2025-05-01T05:00:00,,주말
7호선,2712,도봉산,710,,20250619,7호선,2752,온수,750,N,7호선,7323,2720,먹골,718,N,22:21:00,22:21:30,,7296,상행,2025-05-01T05:00:00,,주말
7호선,2712,도봉산,710,,20250619,7호선,2752,온수,750,N,7호선,7323,2719,태릉입구,717,N,22:22:40,22:23:10,,7296,상행,2025-05-01T05:00:00,,주말
7호선,2712,도봉산,710,,20250619,7호선,2752,온수,750,N,7호선,7323,2718,공릉,716,N,22:24:10,22:24:40,,7296,상행,2025-05-01T05:00:00,,주말
7호선,2712,도봉산,710,,20250619,7호선,2752,온수,750,N,7호선,7323,2717,하계,715,N,22:26:10,22:26:40,,7296,상행,2025-05-01T05:00:00,,주말
7호선,2712,도봉산,710,,20250619,7호선,2752,온수,750,N,7호선,7323,2716,중계,714,N,22:27:50,22:28:20,,7296,상행,2025-05-01T05:00:00,,주말
7호선,2712,도봉산,710,,20250619,7호선,2752,온수,750,N,7호선,7323,2715,노원,713,N,22:29:40,22:30:10,,7296,상행,2025-05-01T05:00:00,,주말
7호선,2712,도봉산,710,,20250619,7호선,2752,온수,750,N,7호선,7323,2714,마들,712,N,22:31:40,22:32:10,,7296,상행,2025-05-01T05:00:00,,주말
7호선,2712,도봉산,710,,20250619,7호선,2752,온수,750,N,7호선,7323,2713,수락산,711,N,22:34:10,22:34:40,,7296,상행,2025-05-01T05:00:00,,주말
7호선,2712,도봉산,710,,20250619,7호선,2752,온수,750,N,7호선,7323,2712,도봉산,710,N,22:37:00,,,7296,상행,2025-05-01T05:00:00,,주말
7호선,2712,도봉산,710,,20250619,7호선,3763,석남,761,N,7호선,입고,3763,석남,761,N,,20:58:30,,7298,상행,2025-05-01T05:00:00,,주말
7호선,2712,도봉산,710,,20250619,7호선,3763,석남,761,N,7호선,입고,3762,산곡,760,N,21:01:30,21:02:00,,7298,상행,2025-05-01T05:00:00,,주말
7호선,2712,도봉산,710,,20250619,7호선,3763,석남,761,N,7호선,입고,3761,부평구청,759,N,21:04:00,21:04:30,,7298,상행,2025-05-01T05:00:00,,주말
7호선,2712,도봉산,710,,20250619,7호선,3763,석남,761,N,7호선,입고,3760,굴포천,758,N,21:05:50,21:06:20,,7298,상행,2025-05-01T05:00:00,,주말
7호선,2712,도봉산,710,,20250619,7호선,3763,석남,761,N,7호선,입고,3759,삼산체육관,757,N,21:07:30,21:08:00,,7298,상행,2025-05-01T05:00:00,,주말
7호선,2712,도봉산,710,,20250619,7호선,3763,석남,761,N,7호선,입고,3758,상동,756,N,21:09:20,21:09:50,,7298,상행,2025-05-01T05:00:00,,주말
7호선,2712,도봉산,710,,20250619,7호선,3763,석남,761,N,7호선,입고,3757,부천시청,755,N,21:11:00,21:11:30,,7298,상행,2025-05-01T05:00:00,,주말
7호선,2712,도봉산,710,,20250619,7호선,3763,석남,761,N,7호선,입고,3756,신중동,754,N,21:12:50,21:13:20,,7298,상행,2025-05-01T05:00:00,,주말
7호선,2712,도봉산,710,,20250619,7호선,3763,석남,761,N,7호선,입고,3755,춘의,753,N,21:14:40,21:15:10,,7298,상행,2025-05-01T05:00:00,,주말
7호선,2712,도봉산,710,,20250619,7호선,3763,석남,761,N,7호선,입고,3754,부천종합운동장,752,N,21:16:30,21:17:00,,7298,상행,2025-05-01T05:00:00,,주말
7호선,2712,도봉산,710,,20250619,7호선,3763,석남,761,N,7호선,입고,3753,까치울,751,N,21:18:30,21:19:00,,7298,상행,2025-05-01T05:00:00,,주말
7호선,2712,도봉산,710,,20250619,7호선,3763,석남,761,N,7호선,입고,2752,온수,750,N,21:21:30,21:22:00,,7298,상행,2025-05-01T05:00:00,,주말
7호선,2712,도봉산,710,,20250619,7호선,3763,석남,761,N,7호선,입고,2751,천왕,749,N,21:24:20,21:24:40,,7298,상행,2025-05-01T05:00:00,,주말
7호선,2712,도봉산,710,,20250619,7호선,3763,석남,761,N,7호선,입고,2750,광명사거리,748,N,21:26:40,21:27:10,,7298,상행,2025-05-01T05:00:00,,주말
7호선,2712,도봉산,710,,20250619,7호선,3763,석남,761,N,7호선,입고,2749,철산,747,N,21:29:00,21:29:30,,7298,상행,2025-05-01T05:00:00,,주말
7호선,2712,도봉산,710,,20250619,7호선,3763,석남,761,N,7호선,입고,2748,가산디지털단지,746,N,21:31:30,21:32:00,,7298,상행,2025-05-01T05:00:00,,주말
7호선,2712,도봉산,710,,20250619,7호선,3763,석남,761,N,7호선,입고,2747,남구로,745,N,21:33:20,21:33:50,,7298,상행,2025-05-01T05:00:00,,주말
7호선,2712,도봉산,710,,20250619,7호선,3763,석남,761,N,7호선,입고,2746,대림,744,N,21:35:20,21:35:50,,7298,상행,2025-05-01T05:00:00,,주말
7호선,2712,도봉산,710,,20250619,7호선,3763,석남,761,N,7호선,입고,2745,신풍,743,N,21:37:50,21:38:20,,7298,상행,2025-05-01T05:00:00,,주말
7호선,2712,도봉산,710,,20250619,7호선,3763,석남,761,N,7호선,입고,2744,보라매,742,N,21:39:40,21:40:10,,7298,상행,2025-05-01T05:00:00,,주말
7호선,2712,도봉산,710,,20250619,7호선,3763,석남,761,N,7호선,입고,2743,신대방삼거리,741,N,21:41:20,21:41:50,,7298,상행,2025-05-01T05:00:00,,주말
7호선,2712,도봉산,710,,20250619,7호선,3763,석남,761,N,7호선,입고,2742,장승배기,740,N,21:43:40,21:44:10,,7298,상행,2025-05-01T05:00:00,,주말
7호선,2712,도봉산,710,,20250619,7호선,3763,석남,761,N,7호선,입고,2741,상도,739,N,21:45:40,21:46:10,,7298,상행,2025-05-01T05:00:00,,주말
7호선,2712,도봉산,710,,20250619,7호선,3763,석남,761,N,7호선,입고,2740,숭실대입구,738,N,21:47:20,21:47:50,,7298,상행,2025-05-01T05:00:00,,주말
7호선,2712,도봉산,710,,20250619,7호선,3763,석남,761,N,7호선,입고,2739,남성,737,N,21:50:20,21:50:50,,7298,상행,2025-05-01T05:00:00,,주말
7호선,2712,도봉산,710,,20250619,7호선,3763,석남,761,N,7호선,입고,2738,이수,736,N,21:52:10,21:52:50,,7298,상행,2025-05-01T05:00:00,,주말
7호선,2712,도봉산,710,,20250619,7호선,3763,석남,761,N,7호선,입고,2737,내방,735,N,21:54:20,21:54:50,,7298,상행,2025-05-01T05:00:00,,주말
7호선,2712,도봉산,710,,20250619,7호선,3763,석남,761,N,7호선,입고,2736,고속터미널,734,N,21:57:20,21:58:00,,7298,상행,2025-05-01T05:00:00,,주말
7호선,2712,도봉산,710,,20250619,7호선,3763,석남,761,N,7호선,입고,2735,반포,733,N,21:59:30,21:59:50,,7298,상행,2025-05-01T05:00:00,,주말
7호선,2712,도봉산,710,,20250619,7호선,3763,석남,761,N,7호선,입고,2734,논현,732,N,22:01:00,22:01:30,,7298,상행,2025-05-01T05:00:00,,주말
7호선,2712,도봉산,710,,20250619,7호선,3763,석남,761,N,7호선,입고,2733,학동,731,N,22:02:50,22:03:20,,7298,상행,2025-05-01T05:00:00,,주말
7호선,2712,도봉산,710,,20250619,7호선,3763,석남,761,N,7호선,입고,2732,강남구청,730,N,22:04:30,22:05:00,,7298,상행,2025-05-01T05:00:00,,주말
7호선,2712,도봉산,710,,20250619,7호선,3763,석남,761,N,7호선,입고,2731,청담,729,N,22:06:30,22:07:00,,7298,상행,2025-05-01T05:00:00,,주말
7호선,2712,도봉산,710,,20250619,7호선,3763,석남,761,N,7호선,입고,2730,자양,728,N,22:09:30,22:09:50,,7298,상행,2025-05-01T05:00:00,,주말
7호선,2712,도봉산,710,,20250619,7호선,3763,석남,761,N,7호선,입고,2729,건대입구,727,N,22:11:20,22:12:00,,7298,상행,2025-05-01T05:00:00,,주말
7호선,2712,도봉산,710,,20250619,7호선,3763,석남,761,N,7호선,입고,2728,어린이대공원,726,N,22:13:20,22:13:50,,7298,상행,2025-05-01T05:00:00,,주말
7호선,2712,도봉산,710,,20250619,7호선,3763,석남,761,N,7호선,입고,2727,군자,725,N,22:15:10,22:15:50,,7298,상행,2025-05-01T05:00:00,,주말
7호선,2712,도봉산,710,,20250619,7호선,3763,석남,761,N,7호선,입고,2726,중곡,724,N,22:17:10,22:17:40,,7298,상행,2025-05-01T05:00:00,,주말
7호선,2712,도봉산,710,,20250619,7호선,3763,석남,761,N,7호선,입고,2725,용마산,723,N,22:19:00,22:19:20,,7298,상행,2025-05-01T05:00:00,,주말
7호선,2712,도봉산,710,,20250619,7호선,3763,석남,761,N,7호선,입고,2724,사가정,722,N,22:20:30,22:21:00,,7298,상행,2025-05-01T05:00:00,,주말
7호선,2712,도봉산,710,,20250619,7호선,3763,석남,761,N,7호선,입고,2723,면목,721,N,22:22:10,22:22:40,,7298,상행,2025-05-01T05:00:00,,주말
7호선,2712,도봉산,710,,20250619,7호선,3763,석남,761,N,7호선,입고,2722,상봉,720,N,22:23:50,22:24:20,,7298,상행,2025-05-01T05:00:00,,주말
7호선,2712,도봉산,710,,20250619,7호선,3763,석남,761,N,7호선,입고,2721,중화,719,N,22:26:10,22:26:40,,7298,상행,2025-05-01T05:00:00,,주말
7호선,2712,도봉산,710,,20250619,7호선,3763,석남,761,N,7호선,입고,2720,먹골,718,N,22:28:00,22:28:30,,7298,상행,2025-05-01T05:00:00,,주말
7호선,2712,도봉산,710,,20250619,7호선,3763,석남,761,N,7호선,입고,2719,태릉입구,717,N,22:29:40,22:30:10,,7298,상행,2025-05-01T05:00:00,,주말
7호선,2712,도봉산,710,,20250619,7호선,3763,석남,761,N,7호선,입고,2718,공릉,716,N,22:31:10,22:31:40,,7298,상행,2025-05-01T05:00:00,,주말
7호선,2712,도봉산,710,,20250619,7호선,3763,석남,761,N,7호선,입고,2717,하계,715,N,22:33:10,22:33:40,,7298,상행,2025-05-01T05:00:00,,주말
7호선,2712,도봉산,710,,20250619,7호선,3763,석남,761,N,7호선,입고,2716,중계,714,N,22:34:50,22:35:20,,7298,상행,2025-05-01T05:00:00,,주말
7호선,2712,도봉산,710,,20250619,7호선,3763,석남,761,N,7호선,입고,2715,노원,713,N,22:36:40,22:37:10,,7298,상행,2025-05-01T05:00:00,,주말
7호선,2712,도봉산,710,,20250619,7호선,3763,석남,761,N,7호선,입고,2714,마들,712,N,22:38:40,22:39:10,,7298,상행,2025-05-01T05:00:00,,주말
7호선,2712,도봉산,710,,20250619,7호선,3763,석남,761,N,7호선,입고,2713,수락산,711,N,22:41:10,22:41:40,,7298,상행,2025-05-01T05:00:00,,주말
7호선,2712,도봉산,710,,20250619,7호선,3763,석남,761,N,7호선,입고,2712,도봉산,710,N,22:44:00,,,7298,상행,2025-05-01T05:00:00,,주말
7호선,2712,도봉산,710,,20250619,7호선,2752,온수,750,N,7호선,입고,2752,온수,750,N,,21:29:00,,7300,상행,2025-05-01T05:00:00,,주말
7호선,2712,도봉산,710,,20250619,7호선,2752,온수,750,N,7호선,입고,2751,천왕,749,N,21:31:20,21:31:40,,7300,상행,2025-05-01T05:00:00,,주말
7호선,2712,도봉산,710,,20250619,7호선,2752,온수,750,N,7호선,입고,2750,광명사거리,748,N,21:33:40,21:34:10,,7300,상행,2025-05-01T05:00:00,,주말
7호선,2712,도봉산,710,,20250619,7호선,2752,온수,750,N,7호선,입고,2749,철산,747,N,21:36:00,21:36:30,,7300,상행,2025-05-01T05:00:00,,주말
7호선,2712,도봉산,710,,20250619,7호선,2752,온수,750,N,7호선,입고,2748,가산디지털단지,746,N,21:38:30,21:39:00,,7300,상행,2025-05-01T05:00:00,,주말
7호선,2712,도봉산,710,,20250619,7호선,2752,온수,750,N,7호선,입고,2747,남구로,745,N,21:40:20,21:40:50,,7300,상행,2025-05-01T05:00:00,,주말
7호선,2712,도봉산,710,,20250619,7호선,2752,온수,750,N,7호선,입고,2746,대림,744,N,21:42:20,21:42:50,,7300,상행,2025-05-01T05:00:00,,주말
7호선,2712,도봉산,710,,20250619,7호선,2752,온수,750,N,7호선,입고,2745,신풍,743,N,21:44:50,21:45:20,,7300,상행,2025-05-01T05:00:00,,주말
7호선,2712,도봉산,710,,20250619,7호선,2752,온수,750,N,7호선,입고,2744,보라매,742,N,21:46:40,21:47:10,,7300,상행,2025-05-01T05:00:00,,주말
7호선,2712,도봉산,710,,20250619,7호선,2752,온수,750,N,7호선,입고,2743,신대방삼거리,741,N,21:48:20,21:48:50,,7300,상행,2025-05-01T05:00:00,,주말
7호선,2712,도봉산,710,,20250619,7호선,2752,온수,750,N,7호선,입고,2742,장승배기,740,N,21:50:40,21:51:10,,7300,상행,2025-05-01T05:00:00,,주말
7호선,2712,도봉산,710,,20250619,7호선,2752,온수,750,N,7호선,입고,2741,상도,739,N,21:52:40,21:53:10,,7300,상행,2025-05-01T05:00:00,,주말
7호선,2712,도봉산,710,,20250619,7호선,2752,온수,750,N,7호선,입고,2740,숭실대입구,738,N,21:54:20,21:54:50,,7300,상행,2025-05-01T05:00:00,,주말
7호선,2712,도봉산,710,,20250619,7호선,2752,온수,750,N,7호선,입고,2739,남성,737,N,21:57:20,21:57:50,,7300,상행,2025-05-01T05:00:00,,주말
7호선,2712,도봉산,710,,20250619,7호선,2752,온수,750,N,7호선,입고,2738,이수,736,N,21:59:10,21:59:50,,7300,상행,2025-05-01T05:00:00,,주말
7호선,2712,도봉산,710,,20250619,7호선,2752,온수,750,N,7호선,입고,2737,내방,735,N,22:01:20,22:01:50,,7300,상행,2025-05-01T05:00:00,,주말
7호선,2712,도봉산,710,,20250619,7호선,2752,온수,750,N,7호선,입고,2736,고속터미널,734,N,22:04:20,22:05:00,,7300,상행,2025-05-01T05:00:00,,주말
7호선,2712,도봉산,710,,20250619,7호선,2752,온수,750,N,7호선,입고,2735,반포,733,N,22:06:30,22:06:50,,7300,상행,2025-05-01T05:00:00,,주말
7호선,2712,도봉산,710,,20250619,7호선,2752,온수,750,N,7호선,입고,2734,논현,732,N,22:08:00,22:08:30,,7300,상행,2025-05-01T05:00:00,,주말
7호선,2712,도봉산,710,,20250619,7호선,2752,온수,750,N,7호선,입고,2733,학동,731,N,22:09:50,22:10:20,,7300,상행,2025-05-01T05:00:00,,주말
7호선,2712,도봉산,710,,20250619,7호선,2752,온수,750,N,7호선,입고,2732,강남구청,730,N,22:11:30,22:12:00,,7300,상행,2025-05-01T05:00:00,,주말
7호선,2712,도봉산,710,,20250619,7호선,2752,온수,750,N,7호선,입고,2731,청담,729,N,22:13:30,22:14:00,,7300,상행,2025-05-01T05:00:00,,주말
7호선,2712,도봉산,710,,20250619,7호선,2752,온수,750,N,7호선,입고,2730,자양,728,N,22:16:30,22:16:50,,7300,상행,2025-05-01T05:00:00,,주말
7호선,2712,도봉산,710,,20250619,7호선,2752,온수,750,N,7호선,입고,2729,건대입구,727,N,22:18:20,22:19:00,,7300,상행,2025-05-01T05:00:00,,주말
7호선,2712,도봉산,710,,20250619,7호선,2752,온수,750,N,7호선,입고,2728,어린이대공원,726,N,22:20:20,22:20:50,,7300,상행,2025-05-01T05:00:00,,주말
7호선,2712,도봉산,710,,20250619,7호선,2752,온수,750,N,7호선,입고,2727,군자,725,N,22:22:10,22:22:50,,7300,상행,2025-05-01T05:00:00,,주말
7호선,2712,도봉산,710,,20250619,7호선,2752,온수,750,N,7호선,입고,2726,중곡,724,N,22:24:10,22:24:40,,7300,상행,2025-05-01T05:00:00,,주말
7호선,2712,도봉산,710,,20250619,7호선,2752,온수,750,N,7호선,입고,2725,용마산,723,N,22:26:00,22:26:20,,7300,상행,2025-05-01T05:00:00,,주말
7호선,2712,도봉산,710,,20250619,7호선,2752,온수,750,N,7호선,입고,2724,사가정,722,N,22:27:30,22:28:00,,7300,상행,2025-05-01T05:00:00,,주말
7호선,2712,도봉산,710,,20250619,7호선,2752,온수,750,N,7호선,입고,2723,면목,721,N,22:29:10,22:29:40,,7300,상행,2025-05-01T05:00:00,,주말
7호선,2712,도봉산,710,,20250619,7호선,2752,온수,750,N,7호선,입고,2722,상봉,720,N,22:30:50,22:31:20,,7300,상행,2025-05-01T05:00:00,,주말
7호선,2712,도봉산,710,,20250619,7호선,2752,온수,750,N,7호선,입고,2721,중화,719,N,22:33:10,22:33:40,,7300,상행,2025-05-01T05:00:00,,주말
7호선,2712,도봉산,710,,20250619,7호선,2752,온수,750,N,7호선,입고,2720,먹골,718,N,22:35:00,22:35:30,,7300,상행,2025-05-01T05:00:00,,주말
7호선,2712,도봉산,710,,20250619,7호선,2752,온수,750,N,7호선,입고,2719,태릉입구,717,N,22:36:40,22:37:10,,7300,상행,2025-05-01T05:00:00,,주말
7호선,2712,도봉산,710,,20250619,7호선,2752,온수,750,N,7호선,입고,2718,공릉,716,N,22:38:10,22:38:40,,7300,상행,2025-05-01T05:00:00,,주말
7호선,2712,도봉산,710,,20250619,7호선,2752,온수,750,N,7호선,입고,2717,하계,715,N,22:40:10,22:40:40,,7300,상행,2025-05-01T05:00:00,,주말
7호선,2712,도봉산,710,,20250619,7호선,2752,온수,750,N,7호선,입고,2716,중계,714,N,22:41:50,22:42:20,,7300,상행,2025-05-01T05:00:00,,주말
7호선,2712,도봉산,710,,20250619,7호선,2752,온수,750,N,7호선,입고,2715,노원,713,N,22:43:40,22:44:10,,7300,상행,2025-05-01T05:00:00,,주말
7호선,2712,도봉산,710,,20250619,7호선,2752,온수,750,N,7호선,입고,2714,마들,712,N,22:45:40,22:46:10,,7300,상행,2025-05-01T05:00:00,,주말
7호선,2712,도봉산,710,,20250619,7호선,2752,온수,750,N,7호선,입고,2713,수락산,711,N,22:48:10,22:48:40,,7300,상행,2025-05-01T05:00:00,,주말
7호선,2712,도봉산,710,,20250619,7호선,2752,온수,750,N,7호선,입고,2712,도봉산,710,N,22:51:00,,,7300,상행,2025-05-01T05:00:00,,주말
7호선,2712,도봉산,710,,20250619,7호선,3763,석남,761,N,7호선,7327,3763,석남,761,N,,21:12:30,,7302,상행,2025-05-01T05:00:00,,주말
7호선,2712,도봉산,710,,20250619,7호선,3763,석남,761,N,7호선,7327,3762,산곡,760,N,21:15:30,21:16:00,,7302,상행,2025-05-01T05:00:00,,주말
7호선,2712,도봉산,710,,20250619,7호선,3763,석남,761,N,7호선,7327,3761,부평구청,759,N,21:18:00,21:18:30,,7302,상행,2025-05-01T05:00:00,,주말
7호선,2712,도봉산,710,,20250619,7호선,3763,석남,761,N,7호선,7327,3760,굴포천,758,N,21:19:50,21:20:20,,7302,상행,2025-05-01T05:00:00,,주말
7호선,2712,도봉산,710,,20250619,7호선,3763,석남,761,N,7호선,7327,3759,삼산체육관,757,N,21:21:30,21:22:00,,7302,상행,2025-05-01T05:00:00,,주말
7호선,2712,도봉산,710,,20250619,7호선,3763,석남,761,N,7호선,7327,3758,상동,756,N,21:23:20,21:23:50,,7302,상행,2025-05-01T05:00:00,,주말
7호선,2712,도봉산,710,,20250619,7호선,3763,석남,761,N,7호선,7327,3757,부천시청,755,N,21:25:00,21:25:30,,7302,상행,2025-05-01T05:00:00,,주말
7호선,2712,도봉산,710,,20250619,7호선,3763,석남,761,N,7호선,7327,3756,신중동,754,N,21:26:50,21:27:20,,7302,상행,2025-05-01T05:00:00,,주말
7호선,2712,도봉산,710,,20250619,7호선,3763,석남,761,N,7호선,7327,3755,춘의,753,N,21:28:40,21:29:10,,7302,상행,2025-05-01T05:00:00,,주말
7호선,2712,도봉산,710,,20250619,7호선,3763,석남,761,N,7호선,7327,3754,부천종합운동장,752,N,21:30:30,21:31:00,,7302,상행,2025-05-01T05:00:00,,주말
7호선,2712,도봉산,710,,20250619,7호선,3763,석남,761,N,7호선,7327,3753,까치울,751,N,21:32:30,21:33:00,,7302,상행,2025-05-01T05:00:00,,주말
7호선,2712,도봉산,710,,20250619,7호선,3763,석남,761,N,7호선,7327,2752,온수,750,N,21:35:30,21:36:00,,7302,상행,2025-05-01T05:00:00,,주말
7호선,2712,도봉산,710,,20250619,7호선,3763,석남,761,N,7호선,7327,2751,천왕,749,N,21:38:20,21:38:40,,7302,상행,2025-05-01T05:00:00,,주말
7호선,2712,도봉산,710,,20250619,7호선,3763,석남,761,N,7호선,7327,2750,광명사거리,748,N,21:40:40,21:41:10,,7302,상행,2025-05-01T05:00:00,,주말
7호선,2712,도봉산,710,,20250619,7호선,3763,석남,761,N,7호선,7327,2749,철산,747,N,21:43:00,21:43:30,,7302,상행,2025-05-01T05:00:00,,주말
7호선,2712,도봉산,710,,20250619,7호선,3763,석남,761,N,7호선,7327,2748,가산디지털단지,746,N,21:45:30,21:46:00,,7302,상행,2025-05-01T05:00:00,,주말
7호선,2712,도봉산,710,,20250619,7호선,3763,석남,761,N,7호선,7327,2747,남구로,745,N,21:47:20,21:47:50,,7302,상행,2025-05-01T05:00:00,,주말
7호선,2712,도봉산,710,,20250619,7호선,3763,석남,761,N,7호선,7327,2746,대림,744,N,21:49:20,21:49:50,,7302,상행,2025-05-01T05:00:00,,주말
7호선,2712,도봉산,710,,20250619,7호선,3763,석남,761,N,7호선,7327,2745,신풍,743,N,21:51:50,21:52:20,,7302,상행,2025-05-01T05:00:00,,주말
7호선,2712,도봉산,710,,20250619,7호선,3763,석남,761,N,7호선,7327,2744,보라매,742,N,21:53:40,21:54:10,,7302,상행,2025-05-01T05:00:00,,주말
7호선,2712,도봉산,710,,20250619,7호선,3763,석남,761,N,7호선,7327,2743,신대방삼거리,741,N,21:55:20,21:55:50,,7302,상행,2025-05-01T05:00:00,,주말
7호선,2712,도봉산,710,,20250619,7호선,3763,석남,761,N,7호선,7327,2742,장승배기,740,N,21:57:40,21:58:10,,7302,상행,2025-05-01T05:00:00,,주말
7호선,2712,도봉산,710,,20250619,7호선,3763,석남,761,N,7호선,7327,2741,상도,739,N,21:59:40,22:00:10,,7302,상행,2025-05-01T05:00:00,,주말
7호선,2712,도봉산,710,,20250619,7호선,3763,석남,761,N,7호선,7327,2740,숭실대입구,738,N,22:01:20,22:01:50,,7302,상행,2025-05-01T05:00:00,,주말
7호선,2712,도봉산,710,,20250619,7호선,3763,석남,761,N,7호선,7327,2739,남성,737,N,22:04:20,22:04:50,,7302,상행,2025-05-01T05:00:00,,주말
7호선,2712,도봉산,710,,20250619,7호선,3763,석남,761,N,7호선,7327,2738,이수,736,N,22:06:10,22:06:50,,7302,상행,2025-05-01T05:00:00,,주말
7호선,2712,도봉산,710,,20250619,7호선,3763,석남,761,N,7호선,7327,2737,내방,735,N,22:08:20,22:08:50,,7302,상행,2025-05-01T05:00:00,,주말
7호선,2712,도봉산,710,,20250619,7호선,3763,석남,761,N,7호선,7327,2736,고속터미널,734,N,22:11:20,22:12:00,,7302,상행,2025-05-01T05:00:00,,주말
7호선,2712,도봉산,710,,20250619,7호선,3763,석남,761,N,7호선,7327,2735,반포,733,N,22:13:30,22:13:50,,7302,상행,2025-05-01T05:00:00,,주말
7호선,2712,도봉산,710,,20250619,7호선,3763,석남,761,N,7호선,7327,2734,논현,732,N,22:15:00,22:15:30,,7302,상행,2025-05-01T05:00:00,,주말
7호선,2712,도봉산,710,,20250619,7호선,3763,석남,761,N,7호선,7327,2733,학동,731,N,22:16:50,22:17:20,,7302,상행,2025-05-01T05:00:00,,주말
7호선,2712,도봉산,710,,20250619,7호선,3763,석남,761,N,7호선,7327,2732,강남구청,730,N,22:18:30,22:19:00,,7302,상행,2025-05-01T05:00:00,,주말
7호선,2712,도봉산,710,,20250619,7호선,3763,석남,761,N,7호선,7327,2731,청담,729,N,22:20:30,22:21:00,,7302,상행,2025-05-01T05:00:00,,주말
7호선,2712,도봉산,710,,20250619,7호선,3763,석남,761,N,7호선,7327,2730,자양,728,N,22:23:30,22:23:50,,7302,상행,2025-05-01T05:00:00,,주말
7호선,2712,도봉산,710,,20250619,7호선,3763,석남,761,N,7호선,7327,2729,건대입구,727,N,22:25:20,22:26:00,,7302,상행,2025-05-01T05:00:00,,주말
7호선,2712,도봉산,710,,20250619,7호선,3763,석남,761,N,7호선,7327,2728,어린이대공원,726,N,22:27:20,22:27:50,,7302,상행,2025-05-01T05:00:00,,주말
7호선,2712,도봉산,710,,20250619,7호선,3763,석남,761,N,7호선,7327,2727,군자,725,N,22:29:10,22:29:50,,7302,상행,2025-05-01T05:00:00,,주말
7호선,2712,도봉산,710,,20250619,7호선,3763,석남,761,N,7호선,7327,2726,중곡,724,N,22:31:10,22:31:40,,7302,상행,2025-05-01T05:00:00,,주말
7호선,2712,도봉산,710,,20250619,7호선,3763,석남,761,N,7호선,7327,2725,용마산,723,N,22:33:00,22:33:20,,7302,상행,2025-05-01T05:00:00,,주말
7호선,2712,도봉산,710,,20250619,7호선,3763,석남,761,N,7호선,7327,2724,사가정,722,N,22:34:30,22:35:00,,7302,상행,2025-05-01T05:00:00,,주말
7호선,2712,도봉산,710,,20250619,7호선,3763,석남,761,N,7호선,7327,2723,면목,721,N,22:36:10,22:36:40,,7302,상행,2025-05-01T05:00:00,,주말
7호선,2712,도봉산,710,,20250619,7호선,3763,석남,761,N,7호선,7327,2722,상봉,720,N,22:37:50,22:38:20,,7302,상행,2025-05-01T05:00:00,,주말
7호선,2712,도봉산,710,,20250619,7호선,3763,석남,761,N,7호선,7327,2721,중화,719,N,22:40:10,22:40:40,,7302,상행,2025-05-01T05:00:00,,주말
7호선,2712,도봉산,710,,20250619,7호선,3763,석남,761,N,7호선,7327,2720,먹골,718,N,22:42:00,22:42:30,,7302,상행,2025-05-01T05:00:00,,주말
7호선,2712,도봉산,710,,20250619,7호선,3763,석남,761,N,7호선,7327,2719,태릉입구,717,N,22:43:40,22:44:10,,7302,상행,2025-05-01T05:00:00,,주말
7호선,2712,도봉산,710,,20250619,7호선,3763,석남,761,N,7호선,7327,2718,공릉,716,N,22:45:10,22:45:40,,7302,상행,2025-05-01T05:00:00,,주말
7호선,2712,도봉산,710,,20250619,7호선,3763,석남,761,N,7호선,7327,2717,하계,715,N,22:47:10,22:47:40,,7302,상행,2025-05-01T05:00:00,,주말
7호선,2712,도봉산,710,,20250619,7호선,3763,석남,761,N,7호선,7327,2716,중계,714,N,22:48:50,22:49:20,,7302,상행,2025-05-01T05:00:00,,주말
7호선,2712,도봉산,710,,20250619,7호선,3763,석남,761,N,7호선,7327,2715,노원,713,N,22:50:40,22:51:10,,7302,상행,2025-05-01T05:00:00,,주말
7호선,2712,도봉산,710,,20250619,7호선,3763,석남,761,N,7호선,7327,2714,마들,712,N,22:52:40,22:53:10,,7302,상행,2025-05-01T05:00:00,,주말
7호선,2712,도봉산,710,,20250619,7호선,3763,석남,761,N,7호선,7327,2713,수락산,711,N,22:55:10,22:55:40,,7302,상행,2025-05-01T05:00:00,,주말
7호선,2712,도봉산,710,,20250619,7호선,3763,석남,761,N,7호선,7327,2712,도봉산,710,N,22:58:00,,,7302,상행,2025-05-01T05:00:00,,주말
7호선,2711,장암,709,,20250619,7호선,2752,온수,750,N,7호선,7329,2752,온수,750,N,,21:43:00,,7304,상행,2025-05-01T05:00:00,,주말
7호선,2711,장암,709,,20250619,7호선,2752,온수,750,N,7호선,7329,2751,천왕,749,N,21:45:20,21:45:40,,7304,상행,2025-05-01T05:00:00,,주말
7호선,2711,장암,709,,20250619,7호선,2752,온수,750,N,7호선,7329,2750,광명사거리,748,N,21:47:40,21:48:10,,7304,상행,2025-05-01T05:00:00,,주말
7호선,2711,장암,709,,20250619,7호선,2752,온수,750,N,7호선,7329,2749,철산,747,N,21:50:00,21:50:30,,7304,상행,2025-05-01T05:00:00,,주말
7호선,2711,장암,709,,20250619,7호선,2752,온수,750,N,7호선,7329,2748,가산디지털단지,746,N,21:52:30,21:53:00,,7304,상행,2025-05-01T05:00:00,,주말
7호선,2711,장암,709,,20250619,7호선,2752,온수,750,N,7호선,7329,2747,남구로,745,N,21:54:20,21:54:50,,7304,상행,2025-05-01T05:00:00,,주말
7호선,2711,장암,709,,20250619,7호선,2752,온수,750,N,7호선,7329,2746,대림,744,N,21:56:20,21:56:50,,7304,상행,2025-05-01T05:00:00,,주말
7호선,2711,장암,709,,20250619,7호선,2752,온수,750,N,7호선,7329,2745,신풍,743,N,21:58:50,21:59:20,,7304,상행,2025-05-01T05:00:00,,주말
7호선,2711,장암,709,,20250619,7호선,2752,온수,750,N,7호선,7329,2744,보라매,742,N,22:00:40,22:01:10,,7304,상행,2025-05-01T05:00:00,,주말
7호선,2711,장암,709,,20250619,7호선,2752,온수,750,N,7호선,7329,2743,신대방삼거리,741,N,22:02:20,22:02:50,,7304,상행,2025-05-01T05:00:00,,주말
7호선,2711,장암,709,,20250619,7호선,2752,온수,750,N,7호선,7329,2742,장승배기,740,N,22:04:40,22:05:10,,7304,상행,2025-05-01T05:00:00,,주말
7호선,2711,장암,709,,20250619,7호선,2752,온수,750,N,7호선,7329,2741,상도,739,N,22:06:40,22:07:10,,7304,상행,2025-05-01T05:00:00,,주말
7호선,2711,장암,709,,20250619,7호선,2752,온수,750,N,7호선,7329,2740,숭실대입구,738,N,22:08:20,22:08:50,,7304,상행,2025-05-01T05:00:00,,주말
7호선,2711,장암,709,,20250619,7호선,2752,온수,750,N,7호선,7329,2739,남성,737,N,22:11:20,22:11:50,,7304,상행,2025-05-01T05:00:00,,주말
7호선,2711,장암,709,,20250619,7호선,2752,온수,750,N,7호선,7329,2738,이수,736,N,22:13:10,22:13:50,,7304,상행,2025-05-01T05:00:00,,주말
7호선,2711,장암,709,,20250619,7호선,2752,온수,750,N,7호선,7329,2737,내방,735,N,22:15:20,22:15:50,,7304,상행,2025-05-01T05:00:00,,주말
7호선,2711,장암,709,,20250619,7호선,2752,온수,750,N,7호선,7329,2736,고속터미널,734,N,22:18:20,22:19:00,,7304,상행,2025-05-01T05:00:00,,주말
7호선,2711,장암,709,,20250619,7호선,2752,온수,750,N,7호선,7329,2735,반포,733,N,22:20:30,22:20:50,,7304,상행,2025-05-01T05:00:00,,주말
7호선,2711,장암,709,,20250619,7호선,2752,온수,750,N,7호선,7329,2734,논현,732,N,22:22:00,22:22:30,,7304,상행,2025-05-01T05:00:00,,주말
7호선,2711,장암,709,,20250619,7호선,2752,온수,750,N,7호선,7329,2733,학동,731,N,22:23:50,22:24:20,,7304,상행,2025-05-01T05:00:00,,주말
7호선,2711,장암,709,,20250619,7호선,2752,온수,750,N,7호선,7329,2732,강남구청,730,N,22:25:30,22:26:00,,7304,상행,2025-05-01T05:00:00,,주말
7호선,2711,장암,709,,20250619,7호선,2752,온수,750,N,7호선,7329,2731,청담,729,N,22:27:30,22:28:00,,7304,상행,2025-05-01T05:00:00,,주말
7호선,2711,장암,709,,20250619,7호선,2752,온수,750,N,7호선,7329,2730,자양,728,N,22:30:30,22:30:50,,7304,상행,2025-05-01T05:00:00,,주말
7호선,2711,장암,709,,20250619,7호선,2752,온수,750,N,7호선,7329,2729,건대입구,727,N,22:32:20,22:33:00,,7304,상행,2025-05-01T05:00:00,,주말
7호선,2711,장암,709,,20250619,7호선,2752,온수,750,N,7호선,7329,2728,어린이대공원,726,N,22:34:20,22:34:50,,7304,상행,2025-05-01T05:00:00,,주말
7호선,2711,장암,709,,20250619,7호선,2752,온수,750,N,7호선,7329,2727,군자,725,N,22:36:10,22:36:50,,7304,상행,2025-05-01T05:00:00,,주말
7호선,2711,장암,709,,20250619,7호선,2752,온수,750,N,7호선,7329,2726,중곡,724,N,22:38:10,22:38:40,,7304,상행,2025-05-01T05:00:00,,주말
7호선,2711,장암,709,,20250619,7호선,2752,온수,750,N,7호선,7329,2725,용마산,723,N,22:40:00,22:40:20,,7304,상행,2025-05-01T05:00:00,,주말
7호선,2711,장암,709,,20250619,7호선,2752,온수,750,N,7호선,7329,2724,사가정,722,N,22:41:30,22:42:00,,7304,상행,2025-05-01T05:00:00,,주말
7호선,2711,장암,709,,20250619,7호선,2752,온수,750,N,7호선,7329,2723,면목,721,N,22:43:10,22:43:40,,7304,상행,2025-05-01T05:00:00,,주말
7호선,2711,장암,709,,20250619,7호선,2752,온수,750,N,7호선,7329,2722,상봉,720,N,22:44:50,22:45:20,,7304,상행,2025-05-01T05:00:00,,주말
7호선,2711,장암,709,,20250619,7호선,2752,온수,750,N,7호선,7329,2721,중화,719,N,22:47:10,22:47:40,,7304,상행,2025-05-01T05:00:00,,주말
7호선,2711,장암,709,,20250619,7호선,2752,온수,750,N,7호선,7329,2720,먹골,718,N,22:49:00,22:49:30,,7304,상행,2025-05-01T05:00:00,,주말
7호선,2711,장암,709,,20250619,7호선,2752,온수,750,N,7호선,7329,2719,태릉입구,717,N,22:50:40,22:51:10,,7304,상행,2025-05-01T05:00:00,,주말
7호선,2711,장암,709,,20250619,7호선,2752,온수,750,N,7호선,7329,2718,공릉,716,N,22:52:10,22:52:40,,7304,상행,2025-05-01T05:00:00,,주말
7호선,2711,장암,709,,20250619,7호선,2752,온수,750,N,7호선,7329,2717,하계,715,N,22:54:10,22:54:40,,7304,상행,2025-05-01T05:00:00,,주말
7호선,2711,장암,709,,20250619,7호선,2752,온수,750,N,7호선,7329,2716,중계,714,N,22:55:50,22:56:20,,7304,상행,2025-05-01T05:00:00,,주말
7호선,2711,장암,709,,20250619,7호선,2752,온수,750,N,7호선,7329,2715,노원,713,N,22:57:40,22:58:10,,7304,상행,2025-05-01T05:00:00,,주말
7호선,2711,장암,709,,20250619,7호선,2752,온수,750,N,7호선,7329,2714,마들,712,N,22:59:40,23:00:10,,7304,상행,2025-05-01T05:00:00,,주말
7호선,2711,장암,709,,20250619,7호선,2752,온수,750,N,7호선,7329,2713,수락산,711,N,23:02:10,23:02:40,,7304,상행,2025-05-01T05:00:00,,주말
7호선,2711,장암,709,,20250619,7호선,2752,온수,750,N,7호선,7329,2712,도봉산,710,N,23:05:00,23:05:30,,7304,상행,2025-05-01T05:00:00,,주말
7호선,2711,장암,709,,20250619,7호선,2752,온수,750,N,7호선,7329,2711,장암,709,N,23:10:00,,,7304,상행,2025-05-01T05:00:00,,주말
7호선,2712,도봉산,710,,20250619,7호선,3763,석남,761,N,7호선,입고,3763,석남,761,N,,21:26:30,,7306,상행,2025-05-01T05:00:00,,주말
7호선,2712,도봉산,710,,20250619,7호선,3763,석남,761,N,7호선,입고,3762,산곡,760,N,21:29:30,21:30:00,,7306,상행,2025-05-01T05:00:00,,주말
7호선,2712,도봉산,710,,20250619,7호선,3763,석남,761,N,7호선,입고,3761,부평구청,759,N,21:32:00,21:32:30,,7306,상행,2025-05-01T05:00:00,,주말
7호선,2712,도봉산,710,,20250619,7호선,3763,석남,761,N,7호선,입고,3760,굴포천,758,N,21:33:50,21:34:20,,7306,상행,2025-05-01T05:00:00,,주말
7호선,2712,도봉산,710,,20250619,7호선,3763,석남,761,N,7호선,입고,3759,삼산체육관,757,N,21:35:30,21:36:00,,7306,상행,2025-05-01T05:00:00,,주말
7호선,2712,도봉산,710,,20250619,7호선,3763,석남,761,N,7호선,입고,3758,상동,756,N,21:37:20,21:37:50,,7306,상행,2025-05-01T05:00:00,,주말
7호선,2712,도봉산,710,,20250619,7호선,3763,석남,761,N,7호선,입고,3757,부천시청,755,N,21:39:00,21:39:30,,7306,상행,2025-05-01T05:00:00,,주말
7호선,2712,도봉산,710,,20250619,7호선,3763,석남,761,N,7호선,입고,3756,신중동,754,N,21:40:50,21:41:20,,7306,상행,2025-05-01T05:00:00,,주말
7호선,2712,도봉산,710,,20250619,7호선,3763,석남,761,N,7호선,입고,3755,춘의,753,N,21:42:40,21:43:10,,7306,상행,2025-05-01T05:00:00,,주말
7호선,2712,도봉산,710,,20250619,7호선,3763,석남,761,N,7호선,입고,3754,부천종합운동장,752,N,21:44:30,21:45:00,,7306,상행,2025-05-01T05:00:00,,주말
7호선,2712,도봉산,710,,20250619,7호선,3763,석남,761,N,7호선,입고,3753,까치울,751,N,21:46:30,21:47:00,,7306,상행,2025-05-01T05:00:00,,주말
7호선,2712,도봉산,710,,20250619,7호선,3763,석남,761,N,7호선,입고,2752,온수,750,N,21:49:30,21:50:00,,7306,상행,2025-05-01T05:00:00,,주말
7호선,2712,도봉산,710,,20250619,7호선,3763,석남,761,N,7호선,입고,2751,천왕,749,N,21:52:20,21:52:40,,7306,상행,2025-05-01T05:00:00,,주말
7호선,2712,도봉산,710,,20250619,7호선,3763,석남,761,N,7호선,입고,2750,광명사거리,748,N,21:54:40,21:55:10,,7306,상행,2025-05-01T05:00:00,,주말
7호선,2712,도봉산,710,,20250619,7호선,3763,석남,761,N,7호선,입고,2749,철산,747,N,21:57:00,21:57:30,,7306,상행,2025-05-01T05:00:00,,주말
7호선,2712,도봉산,710,,20250619,7호선,3763,석남,761,N,7호선,입고,2748,가산디지털단지,746,N,21:59:30,22:00:00,,7306,상행,2025-05-01T05:00:00,,주말
7호선,2712,도봉산,710,,20250619,7호선,3763,석남,761,N,7호선,입고,2747,남구로,745,N,22:01:20,22:01:50,,7306,상행,2025-05-01T05:00:00,,주말
7호선,2712,도봉산,710,,20250619,7호선,3763,석남,761,N,7호선,입고,2746,대림,744,N,22:03:20,22:03:50,,7306,상행,2025-05-01T05:00:00,,주말
7호선,2712,도봉산,710,,20250619,7호선,3763,석남,761,N,7호선,입고,2745,신풍,743,N,22:05:50,22:06:20,,7306,상행,2025-05-01T05:00:00,,주말
7호선,2712,도봉산,710,,20250619,7호선,3763,석남,761,N,7호선,입고,2744,보라매,742,N,22:07:40,22:08:10,,7306,상행,2025-05-01T05:00:00,,주말
7호선,2712,도봉산,710,,20250619,7호선,3763,석남,761,N,7호선,입고,2743,신대방삼거리,741,N,22:09:20,22:09:50,,7306,상행,2025-05-01T05:00:00,,주말
7호선,2712,도봉산,710,,20250619,7호선,3763,석남,761,N,7호선,입고,2742,장승배기,740,N,22:11:40,22:12:10,,7306,상행,2025-05-01T05:00:00,,주말
7호선,2712,도봉산,710,,20250619,7호선,3763,석남,761,N,7호선,입고,2741,상도,739,N,22:13:40,22:14:10,,7306,상행,2025-05-01T05:00:00,,주말
7호선,2712,도봉산,710,,20250619,7호선,3763,석남,761,N,7호선,입고,2740,숭실대입구,738,N,22:15:20,22:15:50,,7306,상행,2025-05-01T05:00:00,,주말
7호선,2712,도봉산,710,,20250619,7호선,3763,석남,761,N,7호선,입고,2739,남성,737,N,22:18:20,22:18:50,,7306,상행,2025-05-01T05:00:00,,주말
7호선,2712,도봉산,710,,20250619,7호선,3763,석남,761,N,7호선,입고,2738,이수,736,N,22:20:10,22:20:50,,7306,상행,2025-05-01T05:00:00,,주말
7호선,2712,도봉산,710,,20250619,7호선,3763,석남,761,N,7호선,입고,2737,내방,735,N,22:22:20,22:22:50,,7306,상행,2025-05-01T05:00:00,,주말
7호선,2712,도봉산,710,,20250619,7호선,3763,석남,761,N,7호선,입고,2736,고속터미널,734,N,22:25:20,22:26:00,,7306,상행,2025-05-01T05:00:00,,주말
7호선,2712,도봉산,710,,20250619,7호선,3763,석남,761,N,7호선,입고,2735,반포,733,N,22:27:30,22:27:50,,7306,상행,2025-05-01T05:00:00,,주말
7호선,2712,도봉산,710,,20250619,7호선,3763,석남,761,N,7호선,입고,2734,논현,732,N,22:29:00,22:29:30,,7306,상행,2025-05-01T05:00:00,,주말
7호선,2712,도봉산,710,,20250619,7호선,3763,석남,761,N,7호선,입고,2733,학동,731,N,22:30:50,22:31:20,,7306,상행,2025-05-01T05:00:00,,주말
7호선,2712,도봉산,710,,20250619,7호선,3763,석남,761,N,7호선,입고,2732,강남구청,730,N,22:32:30,22:33:00,,7306,상행,2025-05-01T05:00:00,,주말
7호선,2712,도봉산,710,,20250619,7호선,3763,석남,761,N,7호선,입고,2731,청담,729,N,22:34:30,22:35:00,,7306,상행,2025-05-01T05:00:00,,주말
7호선,2712,도봉산,710,,20250619,7호선,3763,석남,761,N,7호선,입고,2730,자양,728,N,22:37:30,22:37:50,,7306,상행,2025-05-01T05:00:00,,주말
7호선,2712,도봉산,710,,20250619,7호선,3763,석남,761,N,7호선,입고,2729,건대입구,727,N,22:39:20,22:40:00,,7306,상행,2025-05-01T05:00:00,,주말
7호선,2712,도봉산,710,,20250619,7호선,3763,석남,761,N,7호선,입고,2728,어린이대공원,726,N,22:41:20,22:41:50,,7306,상행,2025-05-01T05:00:00,,주말
7호선,2712,도봉산,710,,20250619,7호선,3763,석남,761,N,7호선,입고,2727,군자,725,N,22:43:10,22:43:50,,7306,상행,2025-05-01T05:00:00,,주말
7호선,2712,도봉산,710,,20250619,7호선,3763,석남,761,N,7호선,입고,2726,중곡,724,N,22:45:10,22:45:40,,7306,상행,2025-05-01T05:00:00,,주말
7호선,2712,도봉산,710,,20250619,7호선,3763,석남,761,N,7호선,입고,2725,용마산,723,N,22:47:00,22:47:20,,7306,상행,2025-05-01T05:00:00,,주말
7호선,2712,도봉산,710,,20250619,7호선,3763,석남,761,N,7호선,입고,2724,사가정,722,N,22:48:30,22:49:00,,7306,상행,2025-05-01T05:00:00,,주말
7호선,2712,도봉산,710,,20250619,7호선,3763,석남,761,N,7호선,입고,2723,면목,721,N,22:50:10,22:50:40,,7306,상행,2025-05-01T05:00:00,,주말
7호선,2712,도봉산,710,,20250619,7호선,3763,석남,761,N,7호선,입고,2722,상봉,720,N,22:51:50,22:52:20,,7306,상행,2025-05-01T05:00:00,,주말
7호선,2712,도봉산,710,,20250619,7호선,3763,석남,761,N,7호선,입고,2721,중화,719,N,22:54:10,22:54:40,,7306,상행,2025-05-01T05:00:00,,주말
7호선,2712,도봉산,710,,20250619,7호선,3763,석남,761,N,7호선,입고,2720,먹골,718,N,22:56:00,22:56:30,,7306,상행,2025-05-01T05:00:00,,주말
7호선,2712,도봉산,710,,20250619,7호선,3763,석남,761,N,7호선,입고,2719,태릉입구,717,N,22:57:40,22:58:10,,7306,상행,2025-05-01T05:00:00,,주말
7호선,2712,도봉산,710,,20250619,7호선,3763,석남,761,N,7호선,입고,2718,공릉,716,N,22:59:10,22:59:40,,7306,상행,2025-05-01T05:00:00,,주말
7호선,2712,도봉산,710,,20250619,7호선,3763,석남,761,N,7호선,입고,2717,하계,715,N,23:01:10,23:01:40,,7306,상행,2025-05-01T05:00:00,,주말
7호선,2712,도봉산,710,,20250619,7호선,3763,석남,761,N,7호선,입고,2716,중계,714,N,23:02:50,23:03:20,,7306,상행,2025-05-01T05:00:00,,주말
7호선,2712,도봉산,710,,20250619,7호선,3763,석남,761,N,7호선,입고,2715,노원,713,N,23:04:40,23:05:10,,7306,상행,2025-05-01T05:00:00,,주말
7호선,2712,도봉산,710,,20250619,7호선,3763,석남,761,N,7호선,입고,2714,마들,712,N,23:06:40,23:07:10,,7306,상행,2025-05-01T05:00:00,,주말
7호선,2712,도봉산,710,,20250619,7호선,3763,석남,761,N,7호선,입고,2713,수락산,711,N,23:09:10,23:09:40,,7306,상행,2025-05-01T05:00:00,,주말
7호선,2712,도봉산,710,,20250619,7호선,3763,석남,761,N,7호선,입고,2712,도봉산,710,N,23:12:00,,,7306,상행,2025-05-01T05:00:00,,주말
7호선,2712,도봉산,710,,20250619,7호선,2752,온수,750,N,7호선,입고,2752,온수,750,N,,21:56:30,,7308,상행,2025-05-01T05:00:00,,주말
7호선,2712,도봉산,710,,20250619,7호선,2752,온수,750,N,7호선,입고,2751,천왕,749,N,21:58:50,21:59:10,,7308,상행,2025-05-01T05:00:00,,주말
7호선,2712,도봉산,710,,20250619,7호선,2752,온수,750,N,7호선,입고,2750,광명사거리,748,N,22:01:10,22:01:40,,7308,상행,2025-05-01T05:00:00,,주말
7호선,2712,도봉산,710,,20250619,7호선,2752,온수,750,N,7호선,입고,2749,철산,747,N,22:03:30,22:04:00,,7308,상행,2025-05-01T05:00:00,,주말
7호선,2712,도봉산,710,,20250619,7호선,2752,온수,750,N,7호선,입고,2748,가산디지털단지,746,N,22:06:00,22:06:30,,7308,상행,2025-05-01T05:00:00,,주말
7호선,2712,도봉산,710,,20250619,7호선,2752,온수,750,N,7호선,입고,2747,남구로,745,N,22:07:50,22:08:20,,7308,상행,2025-05-01T05:00:00,,주말
7호선,2712,도봉산,710,,20250619,7호선,2752,온수,750,N,7호선,입고,2746,대림,744,N,22:09:50,22:10:20,,7308,상행,2025-05-01T05:00:00,,주말
7호선,2712,도봉산,710,,20250619,7호선,2752,온수,750,N,7호선,입고,2745,신풍,743,N,22:12:20,22:12:50,,7308,상행,2025-05-01T05:00:00,,주말
7호선,2712,도봉산,710,,20250619,7호선,2752,온수,750,N,7호선,입고,2744,보라매,742,N,22:14:10,22:14:40,,7308,상행,2025-05-01T05:00:00,,주말
7호선,2712,도봉산,710,,20250619,7호선,2752,온수,750,N,7호선,입고,2743,신대방삼거리,741,N,22:15:50,22:16:20,,7308,상행,2025-05-01T05:00:00,,주말
7호선,2712,도봉산,710,,20250619,7호선,2752,온수,750,N,7호선,입고,2742,장승배기,740,N,22:18:10,22:18:40,,7308,상행,2025-05-01T05:00:00,,주말
7호선,2712,도봉산,710,,20250619,7호선,2752,온수,750,N,7호선,입고,2741,상도,739,N,22:20:10,22:20:40,,7308,상행,2025-05-01T05:00:00,,주말
7호선,2712,도봉산,710,,20250619,7호선,2752,온수,750,N,7호선,입고,2740,숭실대입구,738,N,22:21:50,22:22:20,,7308,상행,2025-05-01T05:00:00,,주말
7호선,2712,도봉산,710,,20250619,7호선,2752,온수,750,N,7호선,입고,2739,남성,737,N,22:24:50,22:25:20,,7308,상행,2025-05-01T05:00:00,,주말
7호선,2712,도봉산,710,,20250619,7호선,2752,온수,750,N,7호선,입고,2738,이수,736,N,22:26:40,22:27:20,,7308,상행,2025-05-01T05:00:00,,주말
7호선,2712,도봉산,710,,20250619,7호선,2752,온수,750,N,7호선,입고,2737,내방,735,N,22:28:50,22:29:20,,7308,상행,2025-05-01T05:00:00,,주말
7호선,2712,도봉산,710,,20250619,7호선,2752,온수,750,N,7호선,입고,2736,고속터미널,734,N,22:31:50,22:32:30,,7308,상행,2025-05-01T05:00:00,,주말
7호선,2712,도봉산,710,,20250619,7호선,2752,온수,750,N,7호선,입고,2735,반포,733,N,22:34:00,22:34:20,,7308,상행,2025-05-01T05:00:00,,주말
7호선,2712,도봉산,710,,20250619,7호선,2752,온수,750,N,7호선,입고,2734,논현,732,N,22:35:30,22:36:00,,7308,상행,2025-05-01T05:00:00,,주말
7호선,2712,도봉산,710,,20250619,7호선,2752,온수,750,N,7호선,입고,2733,학동,731,N,22:37:20,22:37:50,,7308,상행,2025-05-01T05:00:00,,주말
7호선,2712,도봉산,710,,20250619,7호선,2752,온수,750,N,7호선,입고,2732,강남구청,730,N,22:39:00,22:39:30,,7308,상행,2025-05-01T05:00:00,,주말
7호선,2712,도봉산,710,,20250619,7호선,2752,온수,750,N,7호선,입고,2731,청담,729,N,22:41:00,22:41:30,,7308,상행,2025-05-01T05:00:00,,주말
7호선,2712,도봉산,710,,20250619,7호선,2752,온수,750,N,7호선,입고,2730,자양,728,N,22:44:00,22:44:20,,7308,상행,2025-05-01T05:00:00,,주말
7호선,2712,도봉산,710,,20250619,7호선,2752,온수,750,N,7호선,입고,2729,건대입구,727,N,22:45:50,22:46:30,,7308,상행,2025-05-01T05:00:00,,주말
7호선,2712,도봉산,710,,20250619,7호선,2752,온수,750,N,7호선,입고,2728,어린이대공원,726,N,22:47:50,22:48:20,,7308,상행,2025-05-01T05:00:00,,주말
7호선,2712,도봉산,710,,20250619,7호선,2752,온수,750,N,7호선,입고,2727,군자,725,N,22:49:40,22:50:20,,7308,상행,2025-05-01T05:00:00,,주말
7호선,2712,도봉산,710,,20250619,7호선,2752,온수,750,N,7호선,입고,2726,중곡,724,N,22:51:40,22:52:10,,7308,상행,2025-05-01T05:00:00,,주말
7호선,2712,도봉산,710,,20250619,7호선,2752,온수,750,N,7호선,입고,2725,용마산,723,N,22:53:30,22:53:50,,7308,상행,2025-05-01T05:00:00,,주말
7호선,2712,도봉산,710,,20250619,7호선,2752,온수,750,N,7호선,입고,2724,사가정,722,N,22:55:00,22:55:30,,7308,상행,2025-05-01T05:00:00,,주말
7호선,2712,도봉산,710,,20250619,7호선,2752,온수,750,N,7호선,입고,2723,면목,721,N,22:56:40,22:57:10,,7308,상행,2025-05-01T05:00:00,,주말
7호선,2712,도봉산,710,,20250619,7호선,2752,온수,750,N,7호선,입고,2722,상봉,720,N,22:58:20,22:58:50,,7308,상행,2025-05-01T05:00:00,,주말
7호선,2712,도봉산,710,,20250619,7호선,2752,온수,750,N,7호선,입고,2721,중화,719,N,23:00:40,23:01:10,,7308,상행,2025-05-01T05:00:00,,주말
7호선,2712,도봉산,710,,20250619,7호선,2752,온수,750,N,7호선,입고,2720,먹골,718,N,23:02:30,23:03:00,,7308,상행,2025-05-01T05:00:00,,주말
7호선,2712,도봉산,710,,20250619,7호선,2752,온수,750,N,7호선,입고,2719,태릉입구,717,N,23:04:10,23:04:40,,7308,상행,2025-05-01T05:00:00,,주말
7호선,2712,도봉산,710,,20250619,7호선,2752,온수,750,N,7호선,입고,2718,공릉,716,N,23:05:40,23:06:10,,7308,상행,2025-05-01T05:00:00,,주말
7호선,2712,도봉산,710,,20250619,7호선,2752,온수,750,N,7호선,입고,2717,하계,715,N,23:07:40,23:08:10,,7308,상행,2025-05-01T05:00:00,,주말
7호선,2712,도봉산,710,,20250619,7호선,2752,온수,750,N,7호선,입고,2716,중계,714,N,23:09:20,23:09:50,,7308,상행,2025-05-01T05:00:00,,주말
7호선,2712,도봉산,710,,20250619,7호선,2752,온수,750,N,7호선,입고,2715,노원,713,N,23:11:10,23:11:40,,7308,상행,2025-05-01T05:00:00,,주말
7호선,2712,도봉산,710,,20250619,7호선,2752,온수,750,N,7호선,입고,2714,마들,712,N,23:13:10,23:13:40,,7308,상행,2025-05-01T05:00:00,,주말
7호선,2712,도봉산,710,,20250619,7호선,2752,온수,750,N,7호선,입고,2713,수락산,711,N,23:15:40,23:16:10,,7308,상행,2025-05-01T05:00:00,,주말
7호선,2712,도봉산,710,,20250619,7호선,2752,온수,750,N,7호선,입고,2712,도봉산,710,N,23:18:30,,,7308,상행,2025-05-01T05:00:00,,주말
7호선,2711,장암,709,,20250619,7호선,3763,석남,761,N,7호선,7331,3763,석남,761,N,,21:39:30,,7310,상행,2025-05-01T05:00:00,,주말
7호선,2711,장암,709,,20250619,7호선,3763,석남,761,N,7호선,7331,3762,산곡,760,N,21:42:30,21:43:00,,7310,상행,2025-05-01T05:00:00,,주말
7호선,2711,장암,709,,20250619,7호선,3763,석남,761,N,7호선,7331,3761,부평구청,759,N,21:45:00,21:45:30,,7310,상행,2025-05-01T05:00:00,,주말
7호선,2711,장암,709,,20250619,7호선,3763,석남,761,N,7호선,7331,3760,굴포천,758,N,21:46:50,21:47:20,,7310,상행,2025-05-01T05:00:00,,주말
7호선,2711,장암,709,,20250619,7호선,3763,석남,761,N,7호선,7331,3759,삼산체육관,757,N,21:48:30,21:49:00,,7310,상행,2025-05-01T05:00:00,,주말
7호선,2711,장암,709,,20250619,7호선,3763,석남,761,N,7호선,7331,3758,상동,756,N,21:50:20,21:50:50,,7310,상행,2025-05-01T05:00:00,,주말
7호선,2711,장암,709,,20250619,7호선,3763,석남,761,N,7호선,7331,3757,부천시청,755,N,21:52:00,21:52:30,,7310,상행,2025-05-01T05:00:00,,주말
7호선,2711,장암,709,,20250619,7호선,3763,석남,761,N,7호선,7331,3756,신중동,754,N,21:53:50,21:54:20,,7310,상행,2025-05-01T05:00:00,,주말
7호선,2711,장암,709,,20250619,7호선,3763,석남,761,N,7호선,7331,3755,춘의,753,N,21:55:40,21:56:10,,7310,상행,2025-05-01T05:00:00,,주말
7호선,2711,장암,709,,20250619,7호선,3763,석남,761,N,7호선,7331,3754,부천종합운동장,752,N,21:57:30,21:58:00,,7310,상행,2025-05-01T05:00:00,,주말
7호선,2711,장암,709,,20250619,7호선,3763,석남,761,N,7호선,7331,3753,까치울,751,N,21:59:30,22:00:00,,7310,상행,2025-05-01T05:00:00,,주말
7호선,2711,장암,709,,20250619,7호선,3763,석남,761,N,7호선,7331,2752,온수,750,N,22:02:30,22:03:00,,7310,상행,2025-05-01T05:00:00,,주말
7호선,2711,장암,709,,20250619,7호선,3763,석남,761,N,7호선,7331,2751,천왕,749,N,22:05:20,22:05:40,,7310,상행,2025-05-01T05:00:00,,주말
7호선,2711,장암,709,,20250619,7호선,3763,석남,761,N,7호선,7331,2750,광명사거리,748,N,22:07:40,22:08:10,,7310,상행,2025-05-01T05:00:00,,주말
7호선,2711,장암,709,,20250619,7호선,3763,석남,761,N,7호선,7331,2749,철산,747,N,22:10:00,22:10:30,,7310,상행,2025-05-01T05:00:00,,주말
7호선,2711,장암,709,,20250619,7호선,3763,석남,761,N,7호선,7331,2748,가산디지털단지,746,N,22:12:30,22:13:00,,7310,상행,2025-05-01T05:00:00,,주말
7호선,2711,장암,709,,20250619,7호선,3763,석남,761,N,7호선,7331,2747,남구로,745,N,22:14:20,22:14:50,,7310,상행,2025-05-01T05:00:00,,주말
7호선,2711,장암,709,,20250619,7호선,3763,석남,761,N,7호선,7331,2746,대림,744,N,22:16:20,22:16:50,,7310,상행,2025-05-01T05:00:00,,주말
7호선,2711,장암,709,,20250619,7호선,3763,석남,761,N,7호선,7331,2745,신풍,743,N,22:18:50,22:19:20,,7310,상행,2025-05-01T05:00:00,,주말
7호선,2711,장암,709,,20250619,7호선,3763,석남,761,N,7호선,7331,2744,보라매,742,N,22:20:40,22:21:10,,7310,상행,2025-05-01T05:00:00,,주말
7호선,2711,장암,709,,20250619,7호선,3763,석남,761,N,7호선,7331,2743,신대방삼거리,741,N,22:22:20,22:22:50,,7310,상행,2025-05-01T05:00:00,,주말
7호선,2711,장암,709,,20250619,7호선,3763,석남,761,N,7호선,7331,2742,장승배기,740,N,22:24:40,22:25:10,,7310,상행,2025-05-01T05:00:00,,주말
7호선,2711,장암,709,,20250619,7호선,3763,석남,761,N,7호선,7331,2741,상도,739,N,22:26:40,22:27:10,,7310,상행,2025-05-01T05:00:00,,주말
7호선,2711,장암,709,,20250619,7호선,3763,석남,761,N,7호선,7331,2740,숭실대입구,738,N,22:28:20,22:28:50,,7310,상행,2025-05-01T05:00:00,,주말
7호선,2711,장암,709,,20250619,7호선,3763,석남,761,N,7호선,7331,2739,남성,737,N,22:31:20,22:31:50,,7310,상행,2025-05-01T05:00:00,,주말
7호선,2711,장암,709,,20250619,7호선,3763,석남,761,N,7호선,7331,2738,이수,736,N,22:33:10,22:33:50,,7310,상행,2025-05-01T05:00:00,,주말
7호선,2711,장암,709,,20250619,7호선,3763,석남,761,N,7호선,7331,2737,내방,735,N,22:35:20,22:35:50,,7310,상행,2025-05-01T05:00:00,,주말
7호선,2711,장암,709,,20250619,7호선,3763,석남,761,N,7호선,7331,2736,고속터미널,734,N,22:38:20,22:39:00,,7310,상행,2025-05-01T05:00:00,,주말
7호선,2711,장암,709,,20250619,7호선,3763,석남,761,N,7호선,7331,2735,반포,733,N,22:40:30,22:40:50,,7310,상행,2025-05-01T05:00:00,,주말
7호선,2711,장암,709,,20250619,7호선,3763,석남,761,N,7호선,7331,2734,논현,732,N,22:42:00,22:42:30,,7310,상행,2025-05-01T05:00:00,,주말
7호선,2711,장암,709,,20250619,7호선,3763,석남,761,N,7호선,7331,2733,학동,731,N,22:43:50,22:44:20,,7310,상행,2025-05-01T05:00:00,,주말
7호선,2711,장암,709,,20250619,7호선,3763,석남,761,N,7호선,7331,2732,강남구청,730,N,22:45:30,22:46:00,,7310,상행,2025-05-01T05:00:00,,주말
7호선,2711,장암,709,,20250619,7호선,3763,석남,761,N,7호선,7331,2731,청담,729,N,22:47:30,22:48:00,,7310,상행,2025-05-01T05:00:00,,주말
7호선,2711,장암,709,,20250619,7호선,3763,석남,761,N,7호선,7331,2730,자양,728,N,22:50:30,22:50:50,,7310,상행,2025-05-01T05:00:00,,주말
7호선,2711,장암,709,,20250619,7호선,3763,석남,761,N,7호선,7331,2729,건대입구,727,N,22:52:20,22:53:00,,7310,상행,2025-05-01T05:00:00,,주말
7호선,2711,장암,709,,20250619,7호선,3763,석남,761,N,7호선,7331,2728,어린이대공원,726,N,22:54:20,22:54:50,,7310,상행,2025-05-01T05:00:00,,주말
7호선,2711,장암,709,,20250619,7호선,3763,석남,761,N,7호선,7331,2727,군자,725,N,22:56:10,22:56:50,,7310,상행,2025-05-01T05:00:00,,주말
7호선,2711,장암,709,,20250619,7호선,3763,석남,761,N,7호선,7331,2726,중곡,724,N,22:58:10,22:58:40,,7310,상행,2025-05-01T05:00:00,,주말
7호선,2711,장암,709,,20250619,7호선,3763,석남,761,N,7호선,7331,2725,용마산,723,N,23:00:00,23:00:20,,7310,상행,2025-05-01T05:00:00,,주말
7호선,2711,장암,709,,20250619,7호선,3763,석남,761,N,7호선,7331,2724,사가정,722,N,23:01:30,23:02:00,,7310,상행,2025-05-01T05:00:00,,주말
7호선,2711,장암,709,,20250619,7호선,3763,석남,761,N,7호선,7331,2723,면목,721,N,23:03:10,23:03:40,,7310,상행,2025-05-01T05:00:00,,주말
7호선,2711,장암,709,,20250619,7호선,3763,석남,761,N,7호선,7331,2722,상봉,720,N,23:04:50,23:05:20,,7310,상행,2025-05-01T05:00:00,,주말
7호선,2711,장암,709,,20250619,7호선,3763,석남,761,N,7호선,7331,2721,중화,719,N,23:07:10,23:07:40,,7310,상행,2025-05-01T05:00:00,,주말
7호선,2711,장암,709,,20250619,7호선,3763,석남,761,N,7호선,7331,2720,먹골,718,N,23:09:00,23:09:30,,7310,상행,2025-05-01T05:00:00,,주말
7호선,2711,장암,709,,20250619,7호선,3763,석남,761,N,7호선,7331,2719,태릉입구,717,N,23:10:40,23:11:10,,7310,상행,2025-05-01T05:00:00,,주말
7호선,2711,장암,709,,20250619,7호선,3763,석남,761,N,7호선,7331,2718,공릉,716,N,23:12:10,23:12:40,,7310,상행,2025-05-01T05:00:00,,주말
7호선,2711,장암,709,,20250619,7호선,3763,석남,761,N,7호선,7331,2717,하계,715,N,23:14:10,23:14:40,,7310,상행,2025-05-01T05:00:00,,주말
7호선,2711,장암,709,,20250619,7호선,3763,석남,761,N,7호선,7331,2716,중계,714,N,23:15:50,23:16:20,,7310,상행,2025-05-01T05:00:00,,주말
7호선,2711,장암,709,,20250619,7호선,3763,석남,761,N,7호선,7331,2715,노원,713,N,23:17:40,23:18:10,,7310,상행,2025-05-01T05:00:00,,주말
7호선,2711,장암,709,,20250619,7호선,3763,석남,761,N,7호선,7331,2714,마들,712,N,23:19:40,23:20:10,,7310,상행,2025-05-01T05:00:00,,주말
7호선,2711,장암,709,,20250619,7호선,3763,석남,761,N,7호선,7331,2713,수락산,711,N,23:22:10,23:22:40,,7310,상행,2025-05-01T05:00:00,,주말
7호선,2711,장암,709,,20250619,7호선,3763,석남,761,N,7호선,7331,2712,도봉산,710,N,23:25:00,23:25:30,,7310,상행,2025-05-01T05:00:00,,주말
7호선,2711,장암,709,,20250619,7호선,3763,석남,761,N,7호선,7331,2711,장암,709,N,23:30:00,,,7310,상행,2025-05-01T05:00:00,,주말
7호선,2712,도봉산,710,,20250619,7호선,3763,석남,761,N,7호선,입고,3763,석남,761,N,,21:47:30,,7312,상행,2025-05-01T05:00:00,,주말
7호선,2712,도봉산,710,,20250619,7호선,3763,석남,761,N,7호선,입고,3762,산곡,760,N,21:50:30,21:51:00,,7312,상행,2025-05-01T05:00:00,,주말
7호선,2712,도봉산,710,,20250619,7호선,3763,석남,761,N,7호선,입고,3761,부평구청,759,N,21:53:00,21:53:30,,7312,상행,2025-05-01T05:00:00,,주말
7호선,2712,도봉산,710,,20250619,7호선,3763,석남,761,N,7호선,입고,3760,굴포천,758,N,21:54:50,21:55:20,,7312,상행,2025-05-01T05:00:00,,주말
7호선,2712,도봉산,710,,20250619,7호선,3763,석남,761,N,7호선,입고,3759,삼산체육관,757,N,21:56:30,21:57:00,,7312,상행,2025-05-01T05:00:00,,주말
7호선,2712,도봉산,710,,20250619,7호선,3763,석남,761,N,7호선,입고,3758,상동,756,N,21:58:20,21:58:50,,7312,상행,2025-05-01T05:00:00,,주말
7호선,2712,도봉산,710,,20250619,7호선,3763,석남,761,N,7호선,입고,3757,부천시청,755,N,22:00:00,22:00:30,,7312,상행,2025-05-01T05:00:00,,주말
7호선,2712,도봉산,710,,20250619,7호선,3763,석남,761,N,7호선,입고,3756,신중동,754,N,22:01:50,22:02:20,,7312,상행,2025-05-01T05:00:00,,주말
7호선,2712,도봉산,710,,20250619,7호선,3763,석남,761,N,7호선,입고,3755,춘의,753,N,22:03:40,22:04:10,,7312,상행,2025-05-01T05:00:00,,주말
7호선,2712,도봉산,710,,20250619,7호선,3763,석남,761,N,7호선,입고,3754,부천종합운동장,752,N,22:05:30,22:06:00,,7312,상행,2025-05-01T05:00:00,,주말
7호선,2712,도봉산,710,,20250619,7호선,3763,석남,761,N,7호선,입고,3753,까치울,751,N,22:07:30,22:08:00,,7312,상행,2025-05-01T05:00:00,,주말
7호선,2712,도봉산,710,,20250619,7호선,3763,석남,761,N,7호선,입고,2752,온수,750,N,22:10:30,22:11:00,,7312,상행,2025-05-01T05:00:00,,주말
7호선,2712,도봉산,710,,20250619,7호선,3763,석남,761,N,7호선,입고,2751,천왕,749,N,22:13:20,22:13:40,,7312,상행,2025-05-01T05:00:00,,주말
7호선,2712,도봉산,710,,20250619,7호선,3763,석남,761,N,7호선,입고,2750,광명사거리,748,N,22:15:40,22:16:10,,7312,상행,2025-05-01T05:00:00,,주말
7호선,2712,도봉산,710,,20250619,7호선,3763,석남,761,N,7호선,입고,2749,철산,747,N,22:18:00,22:18:30,,7312,상행,2025-05-01T05:00:00,,주말
7호선,2712,도봉산,710,,20250619,7호선,3763,석남,761,N,7호선,입고,2748,가산디지털단지,746,N,22:20:30,22:21:00,,7312,상행,2025-05-01T05:00:00,,주말
7호선,2712,도봉산,710,,20250619,7호선,3763,석남,761,N,7호선,입고,2747,남구로,745,N,22:22:20,22:22:50,,7312,상행,2025-05-01T05:00:00,,주말
7호선,2712,도봉산,710,,20250619,7호선,3763,석남,761,N,7호선,입고,2746,대림,744,N,22:24:20,22:24:50,,7312,상행,2025-05-01T05:00:00,,주말
7호선,2712,도봉산,710,,20250619,7호선,3763,석남,761,N,7호선,입고,2745,신풍,743,N,22:26:50,22:27:20,,7312,상행,2025-05-01T05:00:00,,주말
7호선,2712,도봉산,710,,20250619,7호선,3763,석남,761,N,7호선,입고,2744,보라매,742,N,22:28:40,22:29:10,,7312,상행,2025-05-01T05:00:00,,주말
7호선,2712,도봉산,710,,20250619,7호선,3763,석남,761,N,7호선,입고,2743,신대방삼거리,741,N,22:30:20,22:30:50,,7312,상행,2025-05-01T05:00:00,,주말
7호선,2712,도봉산,710,,20250619,7호선,3763,석남,761,N,7호선,입고,2742,장승배기,740,N,22:32:40,22:33:10,,7312,상행,2025-05-01T05:00:00,,주말
7호선,2712,도봉산,710,,20250619,7호선,3763,석남,761,N,7호선,입고,2741,상도,739,N,22:34:40,22:35:10,,7312,상행,2025-05-01T05:00:00,,주말
7호선,2712,도봉산,710,,20250619,7호선,3763,석남,761,N,7호선,입고,2740,숭실대입구,738,N,22:36:20,22:36:50,,7312,상행,2025-05-01T05:00:00,,주말
7호선,2712,도봉산,710,,20250619,7호선,3763,석남,761,N,7호선,입고,2739,남성,737,N,22:39:20,22:39:50,,7312,상행,2025-05-01T05:00:00,,주말
7호선,2712,도봉산,710,,20250619,7호선,3763,석남,761,N,7호선,입고,2738,이수,736,N,22:41:10,22:41:50,,7312,상행,2025-05-01T05:00:00,,주말
7호선,2712,도봉산,710,,20250619,7호선,3763,석남,761,N,7호선,입고,2737,내방,735,N,22:43:20,22:43:50,,7312,상행,2025-05-01T05:00:00,,주말
7호선,2712,도봉산,710,,20250619,7호선,3763,석남,761,N,7호선,입고,2736,고속터미널,734,N,22:46:20,22:47:00,,7312,상행,2025-05-01T05:00:00,,주말
7호선,2712,도봉산,710,,20250619,7호선,3763,석남,761,N,7호선,입고,2735,반포,733,N,22:48:30,22:48:50,,7312,상행,2025-05-01T05:00:00,,주말
7호선,2712,도봉산,710,,20250619,7호선,3763,석남,761,N,7호선,입고,2734,논현,732,N,22:50:00,22:50:30,,7312,상행,2025-05-01T05:00:00,,주말
7호선,2712,도봉산,710,,20250619,7호선,3763,석남,761,N,7호선,입고,2733,학동,731,N,22:51:50,22:52:20,,7312,상행,2025-05-01T05:00:00,,주말
7호선,2712,도봉산,710,,20250619,7호선,3763,석남,761,N,7호선,입고,2732,강남구청,730,N,22:53:30,22:54:00,,7312,상행,2025-05-01T05:00:00,,주말
7호선,2712,도봉산,710,,20250619,7호선,3763,석남,761,N,7호선,입고,2731,청담,729,N,22:55:30,22:56:00,,7312,상행,2025-05-01T05:00:00,,주말
7호선,2712,도봉산,710,,20250619,7호선,3763,석남,761,N,7호선,입고,2730,자양,728,N,22:58:30,22:58:50,,7312,상행,2025-05-01T05:00:00,,주말
7호선,2712,도봉산,710,,20250619,7호선,3763,석남,761,N,7호선,입고,2729,건대입구,727,N,23:00:20,23:01:00,,7312,상행,2025-05-01T05:00:00,,주말
7호선,2712,도봉산,710,,20250619,7호선,3763,석남,761,N,7호선,입고,2728,어린이대공원,726,N,23:02:20,23:02:50,,7312,상행,2025-05-01T05:00:00,,주말
7호선,2712,도봉산,710,,20250619,7호선,3763,석남,761,N,7호선,입고,2727,군자,725,N,23:04:10,23:04:50,,7312,상행,2025-05-01T05:00:00,,주말
7호선,2712,도봉산,710,,20250619,7호선,3763,석남,761,N,7호선,입고,2726,중곡,724,N,23:06:10,23:06:40,,7312,상행,2025-05-01T05:00:00,,주말
7호선,2712,도봉산,710,,20250619,7호선,3763,석남,761,N,7호선,입고,2725,용마산,723,N,23:08:00,23:08:20,,7312,상행,2025-05-01T05:00:00,,주말
7호선,2712,도봉산,710,,20250619,7호선,3763,석남,761,N,7호선,입고,2724,사가정,722,N,23:09:30,23:10:00,,7312,상행,2025-05-01T05:00:00,,주말
7호선,2712,도봉산,710,,20250619,7호선,3763,석남,761,N,7호선,입고,2723,면목,721,N,23:11:10,23:11:40,,7312,상행,2025-05-01T05:00:00,,주말
7호선,2712,도봉산,710,,20250619,7호선,3763,석남,761,N,7호선,입고,2722,상봉,720,N,23:12:50,23:13:20,,7312,상행,2025-05-01T05:00:00,,주말
7호선,2712,도봉산,710,,20250619,7호선,3763,석남,761,N,7호선,입고,2721,중화,719,N,23:15:10,23:15:40,,7312,상행,2025-05-01T05:00:00,,주말
7호선,2712,도봉산,710,,20250619,7호선,3763,석남,761,N,7호선,입고,2720,먹골,718,N,23:17:00,23:17:30,,7312,상행,2025-05-01T05:00:00,,주말
7호선,2712,도봉산,710,,20250619,7호선,3763,석남,761,N,7호선,입고,2719,태릉입구,717,N,23:18:40,23:19:10,,7312,상행,2025-05-01T05:00:00,,주말
7호선,2712,도봉산,710,,20250619,7호선,3763,석남,761,N,7호선,입고,2718,공릉,716,N,23:20:10,23:20:40,,7312,상행,2025-05-01T05:00:00,,주말
7호선,2712,도봉산,710,,20250619,7호선,3763,석남,761,N,7호선,입고,2717,하계,715,N,23:22:10,23:22:40,,7312,상행,2025-05-01T05:00:00,,주말
7호선,2712,도봉산,710,,20250619,7호선,3763,석남,761,N,7호선,입고,2716,중계,714,N,23:23:50,23:24:20,,7312,상행,2025-05-01T05:00:00,,주말
7호선,2712,도봉산,710,,20250619,7호선,3763,석남,761,N,7호선,입고,2715,노원,713,N,23:25:40,23:26:10,,7312,상행,2025-05-01T05:00:00,,주말
7호선,2712,도봉산,710,,20250619,7호선,3763,석남,761,N,7호선,입고,2714,마들,712,N,23:27:40,23:28:10,,7312,상행,2025-05-01T05:00:00,,주말
7호선,2712,도봉산,710,,20250619,7호선,3763,석남,761,N,7호선,입고,2713,수락산,711,N,23:30:10,23:30:40,,7312,상행,2025-05-01T05:00:00,,주말
7호선,2712,도봉산,710,,20250619,7호선,3763,석남,761,N,7호선,입고,2712,도봉산,710,N,23:33:00,,,7312,상행,2025-05-01T05:00:00,,주말
7호선,2712,도봉산,710,,20250619,7호선,3763,석남,761,N,7호선,입고,3763,석남,761,N,,21:56:30,,7314,상행,2025-05-01T05:00:00,,주말
7호선,2712,도봉산,710,,20250619,7호선,3763,석남,761,N,7호선,입고,3762,산곡,760,N,21:59:30,22:00:00,,7314,상행,2025-05-01T05:00:00,,주말
7호선,2712,도봉산,710,,20250619,7호선,3763,석남,761,N,7호선,입고,3761,부평구청,759,N,22:02:00,22:02:30,,7314,상행,2025-05-01T05:00:00,,주말
7호선,2712,도봉산,710,,20250619,7호선,3763,석남,761,N,7호선,입고,3760,굴포천,758,N,22:03:50,22:04:20,,7314,상행,2025-05-01T05:00:00,,주말
7호선,2712,도봉산,710,,20250619,7호선,3763,석남,761,N,7호선,입고,3759,삼산체육관,757,N,22:05:30,22:06:00,,7314,상행,2025-05-01T05:00:00,,주말
7호선,2712,도봉산,710,,20250619,7호선,3763,석남,761,N,7호선,입고,3758,상동,756,N,22:07:20,22:07:50,,7314,상행,2025-05-01T05:00:00,,주말
7호선,2712,도봉산,710,,20250619,7호선,3763,석남,761,N,7호선,입고,3757,부천시청,755,N,22:09:00,22:09:30,,7314,상행,2025-05-01T05:00:00,,주말
7호선,2712,도봉산,710,,20250619,7호선,3763,석남,761,N,7호선,입고,3756,신중동,754,N,22:10:50,22:11:20,,7314,상행,2025-05-01T05:00:00,,주말
7호선,2712,도봉산,710,,20250619,7호선,3763,석남,761,N,7호선,입고,3755,춘의,753,N,22:12:40,22:13:10,,7314,상행,2025-05-01T05:00:00,,주말
7호선,2712,도봉산,710,,20250619,7호선,3763,석남,761,N,7호선,입고,3754,부천종합운동장,752,N,22:14:30,22:15:00,,7314,상행,2025-05-01T05:00:00,,주말
7호선,2712,도봉산,710,,20250619,7호선,3763,석남,761,N,7호선,입고,3753,까치울,751,N,22:16:30,22:17:00,,7314,상행,2025-05-01T05:00:00,,주말
7호선,2712,도봉산,710,,20250619,7호선,3763,석남,761,N,7호선,입고,2752,온수,750,N,22:19:30,22:20:00,,7314,상행,2025-05-01T05:00:00,,주말
7호선,2712,도봉산,710,,20250619,7호선,3763,석남,761,N,7호선,입고,2751,천왕,749,N,22:22:20,22:22:40,,7314,상행,2025-05-01T05:00:00,,주말
7호선,2712,도봉산,710,,20250619,7호선,3763,석남,761,N,7호선,입고,2750,광명사거리,748,N,22:24:40,22:25:10,,7314,상행,2025-05-01T05:00:00,,주말
7호선,2712,도봉산,710,,20250619,7호선,3763,석남,761,N,7호선,입고,2749,철산,747,N,22:27:00,22:27:30,,7314,상행,2025-05-01T05:00:00,,주말
7호선,2712,도봉산,710,,20250619,7호선,3763,석남,761,N,7호선,입고,2748,가산디지털단지,746,N,22:29:30,22:30:00,,7314,상행,2025-05-01T05:00:00,,주말
7호선,2712,도봉산,710,,20250619,7호선,3763,석남,761,N,7호선,입고,2747,남구로,745,N,22:31:20,22:31:50,,7314,상행,2025-05-01T05:00:00,,주말
7호선,2712,도봉산,710,,20250619,7호선,3763,석남,761,N,7호선,입고,2746,대림,744,N,22:33:20,22:33:50,,7314,상행,2025-05-01T05:00:00,,주말
7호선,2712,도봉산,710,,20250619,7호선,3763,석남,761,N,7호선,입고,2745,신풍,743,N,22:35:50,22:36:20,,7314,상행,2025-05-01T05:00:00,,주말
7호선,2712,도봉산,710,,20250619,7호선,3763,석남,761,N,7호선,입고,2744,보라매,742,N,22:37:40,22:38:10,,7314,상행,2025-05-01T05:00:00,,주말
7호선,2712,도봉산,710,,20250619,7호선,3763,석남,761,N,7호선,입고,2743,신대방삼거리,741,N,22:39:20,22:39:50,,7314,상행,2025-05-01T05:00:00,,주말
7호선,2712,도봉산,710,,20250619,7호선,3763,석남,761,N,7호선,입고,2742,장승배기,740,N,22:41:40,22:42:10,,7314,상행,2025-05-01T05:00:00,,주말
7호선,2712,도봉산,710,,20250619,7호선,3763,석남,761,N,7호선,입고,2741,상도,739,N,22:43:40,22:44:10,,7314,상행,2025-05-01T05:00:00,,주말
7호선,2712,도봉산,710,,20250619,7호선,3763,석남,761,N,7호선,입고,2740,숭실대입구,738,N,22:45:20,22:45:50,,7314,상행,2025-05-01T05:00:00,,주말
7호선,2712,도봉산,710,,20250619,7호선,3763,석남,761,N,7호선,입고,2739,남성,737,N,22:48:20,22:48:50,,7314,상행,2025-05-01T05:00:00,,주말
7호선,2712,도봉산,710,,20250619,7호선,3763,석남,761,N,7호선,입고,2738,이수,736,N,22:50:10,22:50:50,,7314,상행,2025-05-01T05:00:00,,주말
7호선,2712,도봉산,710,,20250619,7호선,3763,석남,761,N,7호선,입고,2737,내방,735,N,22:52:20,22:52:50,,7314,상행,2025-05-01T05:00:00,,주말
7호선,2712,도봉산,710,,20250619,7호선,3763,석남,761,N,7호선,입고,2736,고속터미널,734,N,22:55:20,22:56:00,,7314,상행,2025-05-01T05:00:00,,주말
7호선,2712,도봉산,710,,20250619,7호선,3763,석남,761,N,7호선,입고,2735,반포,733,N,22:57:30,22:57:50,,7314,상행,2025-05-01T05:00:00,,주말
7호선,2712,도봉산,710,,20250619,7호선,3763,석남,761,N,7호선,입고,2734,논현,732,N,22:59:00,22:59:30,,7314,상행,2025-05-01T05:00:00,,주말
7호선,2712,도봉산,710,,20250619,7호선,3763,석남,761,N,7호선,입고,2733,학동,731,N,23:00:50,23:01:20,,7314,상행,2025-05-01T05:00:00,,주말
7호선,2712,도봉산,710,,20250619,7호선,3763,석남,761,N,7호선,입고,2732,강남구청,730,N,23:02:30,23:03:00,,7314,상행,2025-05-01T05:00:00,,주말
7호선,2712,도봉산,710,,20250619,7호선,3763,석남,761,N,7호선,입고,2731,청담,729,N,23:04:30,23:05:00,,7314,상행,2025-05-01T05:00:00,,주말
7호선,2712,도봉산,710,,20250619,7호선,3763,석남,761,N,7호선,입고,2730,자양,728,N,23:07:30,23:07:50,,7314,상행,2025-05-01T05:00:00,,주말
7호선,2712,도봉산,710,,20250619,7호선,3763,석남,761,N,7호선,입고,2729,건대입구,727,N,23:09:20,23:10:00,,7314,상행,2025-05-01T05:00:00,,주말
7호선,2712,도봉산,710,,20250619,7호선,3763,석남,761,N,7호선,입고,2728,어린이대공원,726,N,23:11:20,23:11:50,,7314,상행,2025-05-01T05:00:00,,주말
7호선,2712,도봉산,710,,20250619,7호선,3763,석남,761,N,7호선,입고,2727,군자,725,N,23:13:10,23:13:50,,7314,상행,2025-05-01T05:00:00,,주말
7호선,2712,도봉산,710,,20250619,7호선,3763,석남,761,N,7호선,입고,2726,중곡,724,N,23:15:10,23:15:40,,7314,상행,2025-05-01T05:00:00,,주말
7호선,2712,도봉산,710,,20250619,7호선,3763,석남,761,N,7호선,입고,2725,용마산,723,N,23:17:00,23:17:20,,7314,상행,2025-05-01T05:00:00,,주말
7호선,2712,도봉산,710,,20250619,7호선,3763,석남,761,N,7호선,입고,2724,사가정,722,N,23:18:30,23:19:00,,7314,상행,2025-05-01T05:00:00,,주말
7호선,2712,도봉산,710,,20250619,7호선,3763,석남,761,N,7호선,입고,2723,면목,721,N,23:20:10,23:20:40,,7314,상행,2025-05-01T05:00:00,,주말
7호선,2712,도봉산,710,,20250619,7호선,3763,석남,761,N,7호선,입고,2722,상봉,720,N,23:21:50,23:22:20,,7314,상행,2025-05-01T05:00:00,,주말
7호선,2712,도봉산,710,,20250619,7호선,3763,석남,761,N,7호선,입고,2721,중화,719,N,23:24:10,23:24:40,,7314,상행,2025-05-01T05:00:00,,주말
7호선,2712,도봉산,710,,20250619,7호선,3763,석남,761,N,7호선,입고,2720,먹골,718,N,23:26:00,23:26:30,,7314,상행,2025-05-01T05:00:00,,주말
7호선,2712,도봉산,710,,20250619,7호선,3763,석남,761,N,7호선,입고,2719,태릉입구,717,N,23:27:40,23:28:10,,7314,상행,2025-05-01T05:00:00,,주말
7호선,2712,도봉산,710,,20250619,7호선,3763,석남,761,N,7호선,입고,2718,공릉,716,N,23:29:10,23:29:40,,7314,상행,2025-05-01T05:00:00,,주말
7호선,2712,도봉산,710,,20250619,7호선,3763,석남,761,N,7호선,입고,2717,하계,715,N,23:31:10,23:31:40,,7314,상행,2025-05-01T05:00:00,,주말
7호선,2712,도봉산,710,,20250619,7호선,3763,석남,761,N,7호선,입고,2716,중계,714,N,23:32:50,23:33:20,,7314,상행,2025-05-01T05:00:00,,주말
7호선,2712,도봉산,710,,20250619,7호선,3763,석남,761,N,7호선,입고,2715,노원,713,N,23:34:40,23:35:10,,7314,상행,2025-05-01T05:00:00,,주말
7호선,2712,도봉산,710,,20250619,7호선,3763,석남,761,N,7호선,입고,2714,마들,712,N,23:36:40,23:37:10,,7314,상행,2025-05-01T05:00:00,,주말
7호선,2712,도봉산,710,,20250619,7호선,3763,석남,761,N,7호선,입고,2713,수락산,711,N,23:39:10,23:39:40,,7314,상행,2025-05-01T05:00:00,,주말
7호선,2712,도봉산,710,,20250619,7호선,3763,석남,761,N,7호선,입고,2712,도봉산,710,N,23:42:00,,,7314,상행,2025-05-01T05:00:00,,주말
7호선,2711,장암,709,,20250619,7호선,2752,온수,750,N,7호선,주박,2752,온수,750,N,,22:30:30,,7316,상행,2025-05-01T05:00:00,,주말
7호선,2711,장암,709,,20250619,7호선,2752,온수,750,N,7호선,주박,2751,천왕,749,N,22:32:50,22:33:10,,7316,상행,2025-05-01T05:00:00,,주말
7호선,2711,장암,709,,20250619,7호선,2752,온수,750,N,7호선,주박,2750,광명사거리,748,N,22:35:10,22:35:40,,7316,상행,2025-05-01T05:00:00,,주말
7호선,2711,장암,709,,20250619,7호선,2752,온수,750,N,7호선,주박,2749,철산,747,N,22:37:30,22:38:00,,7316,상행,2025-05-01T05:00:00,,주말
7호선,2711,장암,709,,20250619,7호선,2752,온수,750,N,7호선,주박,2748,가산디지털단지,746,N,22:40:00,22:40:30,,7316,상행,2025-05-01T05:00:00,,주말
7호선,2711,장암,709,,20250619,7호선,2752,온수,750,N,7호선,주박,2747,남구로,745,N,22:41:50,22:42:20,,7316,상행,2025-05-01T05:00:00,,주말
7호선,2711,장암,709,,20250619,7호선,2752,온수,750,N,7호선,주박,2746,대림,744,N,22:43:50,22:44:20,,7316,상행,2025-05-01T05:00:00,,주말
7호선,2711,장암,709,,20250619,7호선,2752,온수,750,N,7호선,주박,2745,신풍,743,N,22:46:20,22:46:50,,7316,상행,2025-05-01T05:00:00,,주말
7호선,2711,장암,709,,20250619,7호선,2752,온수,750,N,7호선,주박,2744,보라매,742,N,22:48:10,22:48:40,,7316,상행,2025-05-01T05:00:00,,주말
7호선,2711,장암,709,,20250619,7호선,2752,온수,750,N,7호선,주박,2743,신대방삼거리,741,N,22:49:50,22:50:20,,7316,상행,2025-05-01T05:00:00,,주말
7호선,2711,장암,709,,20250619,7호선,2752,온수,750,N,7호선,주박,2742,장승배기,740,N,22:52:10,22:52:40,,7316,상행,2025-05-01T05:00:00,,주말
7호선,2711,장암,709,,20250619,7호선,2752,온수,750,N,7호선,주박,2741,상도,739,N,22:54:10,22:54:40,,7316,상행,2025-05-01T05:00:00,,주말
7호선,2711,장암,709,,20250619,7호선,2752,온수,750,N,7호선,주박,2740,숭실대입구,738,N,22:55:50,22:56:20,,7316,상행,2025-05-01T05:00:00,,주말
7호선,2711,장암,709,,20250619,7호선,2752,온수,750,N,7호선,주박,2739,남성,737,N,22:58:50,22:59:20,,7316,상행,2025-05-01T05:00:00,,주말
7호선,2711,장암,709,,20250619,7호선,2752,온수,750,N,7호선,주박,2738,이수,736,N,23:00:40,23:01:20,,7316,상행,2025-05-01T05:00:00,,주말
7호선,2711,장암,709,,20250619,7호선,2752,온수,750,N,7호선,주박,2737,내방,735,N,23:02:50,23:03:20,,7316,상행,2025-05-01T05:00:00,,주말
7호선,2711,장암,709,,20250619,7호선,2752,온수,750,N,7호선,주박,2736,고속터미널,734,N,23:05:50,23:06:30,,7316,상행,2025-05-01T05:00:00,,주말
7호선,2711,장암,709,,20250619,7호선,2752,온수,750,N,7호선,주박,2735,반포,733,N,23:08:00,23:08:20,,7316,상행,2025-05-01T05:00:00,,주말
7호선,2711,장암,709,,20250619,7호선,2752,온수,750,N,7호선,주박,2734,논현,732,N,23:09:30,23:10:00,,7316,상행,2025-05-01T05:00:00,,주말
7호선,2711,장암,709,,20250619,7호선,2752,온수,750,N,7호선,주박,2733,학동,731,N,23:11:20,23:11:50,,7316,상행,2025-05-01T05:00:00,,주말
7호선,2711,장암,709,,20250619,7호선,2752,온수,750,N,7호선,주박,2732,강남구청,730,N,23:13:00,23:13:30,,7316,상행,2025-05-01T05:00:00,,주말
7호선,2711,장암,709,,20250619,7호선,2752,온수,750,N,7호선,주박,2731,청담,729,N,23:15:00,23:15:30,,7316,상행,2025-05-01T05:00:00,,주말
7호선,2711,장암,709,,20250619,7호선,2752,온수,750,N,7호선,주박,2730,자양,728,N,23:18:00,23:18:20,,7316,상행,2025-05-01T05:00:00,,주말
7호선,2711,장암,709,,20250619,7호선,2752,온수,750,N,7호선,주박,2729,건대입구,727,N,23:19:50,23:20:30,,7316,상행,2025-05-01T05:00:00,,주말
7호선,2711,장암,709,,20250619,7호선,2752,온수,750,N,7호선,주박,2728,어린이대공원,726,N,23:21:50,23:22:20,,7316,상행,2025-05-01T05:00:00,,주말
7호선,2711,장암,709,,20250619,7호선,2752,온수,750,N,7호선,주박,2727,군자,725,N,23:23:40,23:24:20,,7316,상행,2025-05-01T05:00:00,,주말
7호선,2711,장암,709,,20250619,7호선,2752,온수,750,N,7호선,주박,2726,중곡,724,N,23:25:40,23:26:10,,7316,상행,2025-05-01T05:00:00,,주말
7호선,2711,장암,709,,20250619,7호선,2752,온수,750,N,7호선,주박,2725,용마산,723,N,23:27:30,23:27:50,,7316,상행,2025-05-01T05:00:00,,주말
7호선,2711,장암,709,,20250619,7호선,2752,온수,750,N,7호선,주박,2724,사가정,722,N,23:29:00,23:29:30,,7316,상행,2025-05-01T05:00:00,,주말
7호선,2711,장암,709,,20250619,7호선,2752,온수,750,N,7호선,주박,2723,면목,721,N,23:30:40,23:31:10,,7316,상행,2025-05-01T05:00:00,,주말
7호선,2711,장암,709,,20250619,7호선,2752,온수,750,N,7호선,주박,2722,상봉,720,N,23:32:20,23:32:50,,7316,상행,2025-05-01T05:00:00,,주말
7호선,2711,장암,709,,20250619,7호선,2752,온수,750,N,7호선,주박,2721,중화,719,N,23:34:40,23:35:10,,7316,상행,2025-05-01T05:00:00,,주말
7호선,2711,장암,709,,20250619,7호선,2752,온수,750,N,7호선,주박,2720,먹골,718,N,23:36:30,23:37:00,,7316,상행,2025-05-01T05:00:00,,주말
7호선,2711,장암,709,,20250619,7호선,2752,온수,750,N,7호선,주박,2719,태릉입구,717,N,23:38:10,23:38:40,,7316,상행,2025-05-01T05:00:00,,주말
7호선,2711,장암,709,,20250619,7호선,2752,온수,750,N,7호선,주박,2718,공릉,716,N,23:39:40,23:40:10,,7316,상행,2025-05-01T05:00:00,,주말
7호선,2711,장암,709,,20250619,7호선,2752,온수,750,N,7호선,주박,2717,하계,715,N,23:41:40,23:42:10,,7316,상행,2025-05-01T05:00:00,,주말
7호선,2711,장암,709,,20250619,7호선,2752,온수,750,N,7호선,주박,2716,중계,714,N,23:43:20,23:43:50,,7316,상행,2025-05-01T05:00:00,,주말
7호선,2711,장암,709,,20250619,7호선,2752,온수,750,N,7호선,주박,2715,노원,713,N,23:45:10,23:45:40,,7316,상행,2025-05-01T05:00:00,,주말
7호선,2711,장암,709,,20250619,7호선,2752,온수,750,N,7호선,주박,2714,마들,712,N,23:47:10,23:47:40,,7316,상행,2025-05-01T05:00:00,,주말
7호선,2711,장암,709,,20250619,7호선,2752,온수,750,N,7호선,주박,2713,수락산,711,N,23:49:40,23:50:10,,7316,상행,2025-05-01T05:00:00,,주말
7호선,2711,장암,709,,20250619,7호선,2752,온수,750,N,7호선,주박,2712,도봉산,710,N,23:52:30,23:53:00,,7316,상행,2025-05-01T05:00:00,,주말
7호선,2711,장암,709,,20250619,7호선,2752,온수,750,N,7호선,주박,2711,장암,709,N,23:57:30,,,7316,상행,2025-05-01T05:00:00,,주말
7호선,2712,도봉산,710,,20250619,7호선,3763,석남,761,N,7호선,입고,3763,석남,761,N,,22:16:30,,7318,상행,2025-05-01T05:00:00,,주말
7호선,2712,도봉산,710,,20250619,7호선,3763,석남,761,N,7호선,입고,3762,산곡,760,N,22:19:30,22:20:00,,7318,상행,2025-05-01T05:00:00,,주말
7호선,2712,도봉산,710,,20250619,7호선,3763,석남,761,N,7호선,입고,3761,부평구청,759,N,22:22:00,22:22:30,,7318,상행,2025-05-01T05:00:00,,주말
7호선,2712,도봉산,710,,20250619,7호선,3763,석남,761,N,7호선,입고,3760,굴포천,758,N,22:23:50,22:24:20,,7318,상행,2025-05-01T05:00:00,,주말
7호선,2712,도봉산,710,,20250619,7호선,3763,석남,761,N,7호선,입고,3759,삼산체육관,757,N,22:25:30,22:26:00,,7318,상행,2025-05-01T05:00:00,,주말
7호선,2712,도봉산,710,,20250619,7호선,3763,석남,761,N,7호선,입고,3758,상동,756,N,22:27:20,22:27:50,,7318,상행,2025-05-01T05:00:00,,주말
7호선,2712,도봉산,710,,20250619,7호선,3763,석남,761,N,7호선,입고,3757,부천시청,755,N,22:29:00,22:29:30,,7318,상행,2025-05-01T05:00:00,,주말
7호선,2712,도봉산,710,,20250619,7호선,3763,석남,761,N,7호선,입고,3756,신중동,754,N,22:30:50,22:31:20,,7318,상행,2025-05-01T05:00:00,,주말
7호선,2712,도봉산,710,,20250619,7호선,3763,석남,761,N,7호선,입고,3755,춘의,753,N,22:32:40,22:33:10,,7318,상행,2025-05-01T05:00:00,,주말
7호선,2712,도봉산,710,,20250619,7호선,3763,석남,761,N,7호선,입고,3754,부천종합운동장,752,N,22:34:30,22:35:00,,7318,상행,2025-05-01T05:00:00,,주말
7호선,2712,도봉산,710,,20250619,7호선,3763,석남,761,N,7호선,입고,3753,까치울,751,N,22:36:30,22:37:00,,7318,상행,2025-05-01T05:00:00,,주말
7호선,2712,도봉산,710,,20250619,7호선,3763,석남,761,N,7호선,입고,2752,온수,750,N,22:39:30,22:40:00,,7318,상행,2025-05-01T05:00:00,,주말
7호선,2712,도봉산,710,,20250619,7호선,3763,석남,761,N,7호선,입고,2751,천왕,749,N,22:42:20,22:42:40,,7318,상행,2025-05-01T05:00:00,,주말
7호선,2712,도봉산,710,,20250619,7호선,3763,석남,761,N,7호선,입고,2750,광명사거리,748,N,22:44:40,22:45:10,,7318,상행,2025-05-01T05:00:00,,주말
7호선,2712,도봉산,710,,20250619,7호선,3763,석남,761,N,7호선,입고,2749,철산,747,N,22:47:00,22:47:30,,7318,상행,2025-05-01T05:00:00,,주말
7호선,2712,도봉산,710,,20250619,7호선,3763,석남,761,N,7호선,입고,2748,가산디지털단지,746,N,22:49:30,22:50:00,,7318,상행,2025-05-01T05:00:00,,주말
7호선,2712,도봉산,710,,20250619,7호선,3763,석남,761,N,7호선,입고,2747,남구로,745,N,22:51:20,22:51:50,,7318,상행,2025-05-01T05:00:00,,주말
7호선,2712,도봉산,710,,20250619,7호선,3763,석남,761,N,7호선,입고,2746,대림,744,N,22:53:20,22:53:50,,7318,상행,2025-05-01T05:00:00,,주말
7호선,2712,도봉산,710,,20250619,7호선,3763,석남,761,N,7호선,입고,2745,신풍,743,N,22:55:50,22:56:20,,7318,상행,2025-05-01T05:00:00,,주말
7호선,2712,도봉산,710,,20250619,7호선,3763,석남,761,N,7호선,입고,2744,보라매,742,N,22:57:40,22:58:10,,7318,상행,2025-05-01T05:00:00,,주말
7호선,2712,도봉산,710,,20250619,7호선,3763,석남,761,N,7호선,입고,2743,신대방삼거리,741,N,22:59:20,22:59:50,,7318,상행,2025-05-01T05:00:00,,주말
7호선,2712,도봉산,710,,20250619,7호선,3763,석남,761,N,7호선,입고,2742,장승배기,740,N,23:01:40,23:02:10,,7318,상행,2025-05-01T05:00:00,,주말
7호선,2712,도봉산,710,,20250619,7호선,3763,석남,761,N,7호선,입고,2741,상도,739,N,23:03:40,23:04:10,,7318,상행,2025-05-01T05:00:00,,주말
7호선,2712,도봉산,710,,20250619,7호선,3763,석남,761,N,7호선,입고,2740,숭실대입구,738,N,23:05:20,23:05:50,,7318,상행,2025-05-01T05:00:00,,주말
7호선,2712,도봉산,710,,20250619,7호선,3763,석남,761,N,7호선,입고,2739,남성,737,N,23:08:20,23:08:50,,7318,상행,2025-05-01T05:00:00,,주말
7호선,2712,도봉산,710,,20250619,7호선,3763,석남,761,N,7호선,입고,2738,이수,736,N,23:10:10,23:10:50,,7318,상행,2025-05-01T05:00:00,,주말
7호선,2712,도봉산,710,,20250619,7호선,3763,석남,761,N,7호선,입고,2737,내방,735,N,23:12:20,23:12:50,,7318,상행,2025-05-01T05:00:00,,주말
7호선,2712,도봉산,710,,20250619,7호선,3763,석남,761,N,7호선,입고,2736,고속터미널,734,N,23:15:20,23:16:00,,7318,상행,2025-05-01T05:00:00,,주말
7호선,2712,도봉산,710,,20250619,7호선,3763,석남,761,N,7호선,입고,2735,반포,733,N,23:17:30,23:17:50,,7318,상행,2025-05-01T05:00:00,,주말
7호선,2712,도봉산,710,,20250619,7호선,3763,석남,761,N,7호선,입고,2734,논현,732,N,23:19:00,23:19:30,,7318,상행,2025-05-01T05:00:00,,주말
7호선,2712,도봉산,710,,20250619,7호선,3763,석남,761,N,7호선,입고,2733,학동,731,N,23:20:50,23:21:20,,7318,상행,2025-05-01T05:00:00,,주말
7호선,2712,도봉산,710,,20250619,7호선,3763,석남,761,N,7호선,입고,2732,강남구청,730,N,23:22:30,23:23:00,,7318,상행,2025-05-01T05:00:00,,주말
7호선,2712,도봉산,710,,20250619,7호선,3763,석남,761,N,7호선,입고,2731,청담,729,N,23:24:30,23:25:00,,7318,상행,2025-05-01T05:00:00,,주말
7호선,2712,도봉산,710,,20250619,7호선,3763,석남,761,N,7호선,입고,2730,자양,728,N,23:27:30,23:27:50,,7318,상행,2025-05-01T05:00:00,,주말
7호선,2712,도봉산,710,,20250619,7호선,3763,석남,761,N,7호선,입고,2729,건대입구,727,N,23:29:20,23:30:00,,7318,상행,2025-05-01T05:00:00,,주말
7호선,2712,도봉산,710,,20250619,7호선,3763,석남,761,N,7호선,입고,2728,어린이대공원,726,N,23:31:20,23:31:50,,7318,상행,2025-05-01T05:00:00,,주말
7호선,2712,도봉산,710,,20250619,7호선,3763,석남,761,N,7호선,입고,2727,군자,725,N,23:33:10,23:33:50,,7318,상행,2025-05-01T05:00:00,,주말
7호선,2712,도봉산,710,,20250619,7호선,3763,석남,761,N,7호선,입고,2726,중곡,724,N,23:35:10,23:35:40,,7318,상행,2025-05-01T05:00:00,,주말
7호선,2712,도봉산,710,,20250619,7호선,3763,석남,761,N,7호선,입고,2725,용마산,723,N,23:37:00,23:37:20,,7318,상행,2025-05-01T05:00:00,,주말
7호선,2712,도봉산,710,,20250619,7호선,3763,석남,761,N,7호선,입고,2724,사가정,722,N,23:38:30,23:39:00,,7318,상행,2025-05-01T05:00:00,,주말
7호선,2712,도봉산,710,,20250619,7호선,3763,석남,761,N,7호선,입고,2723,면목,721,N,23:40:10,23:40:40,,7318,상행,2025-05-01T05:00:00,,주말
7호선,2712,도봉산,710,,20250619,7호선,3763,석남,761,N,7호선,입고,2722,상봉,720,N,23:41:50,23:42:20,,7318,상행,2025-05-01T05:00:00,,주말
7호선,2712,도봉산,710,,20250619,7호선,3763,석남,761,N,7호선,입고,2721,중화,719,N,23:44:10,23:44:40,,7318,상행,2025-05-01T05:00:00,,주말
7호선,2712,도봉산,710,,20250619,7호선,3763,석남,761,N,7호선,입고,2720,먹골,718,N,23:46:00,23:46:30,,7318,상행,2025-05-01T05:00:00,,주말
7호선,2712,도봉산,710,,20250619,7호선,3763,석남,761,N,7호선,입고,2719,태릉입구,717,N,23:47:40,23:48:10,,7318,상행,2025-05-01T05:00:00,,주말
7호선,2712,도봉산,710,,20250619,7호선,3763,석남,761,N,7호선,입고,2718,공릉,716,N,23:49:10,23:49:40,,7318,상행,2025-05-01T05:00:00,,주말
7호선,2712,도봉산,710,,20250619,7호선,3763,석남,761,N,7호선,입고,2717,하계,715,N,23:51:10,23:51:40,,7318,상행,2025-05-01T05:00:00,,주말
7호선,2712,도봉산,710,,20250619,7호선,3763,석남,761,N,7호선,입고,2716,중계,714,N,23:52:50,23:53:20,,7318,상행,2025-05-01T05:00:00,,주말
7호선,2712,도봉산,710,,20250619,7호선,3763,석남,761,N,7호선,입고,2715,노원,713,N,23:54:40,23:55:10,,7318,상행,2025-05-01T05:00:00,,주말
7호선,2712,도봉산,710,,20250619,7호선,3763,석남,761,N,7호선,입고,2714,마들,712,N,23:56:40,23:57:10,,7318,상행,2025-05-01T05:00:00,,주말
7호선,2712,도봉산,710,,20250619,7호선,3763,석남,761,N,7호선,입고,2713,수락산,711,N,23:59:10,23:59:40,,7318,상행,2025-05-01T05:00:00,,주말
7호선,2712,도봉산,710,,20250619,7호선,3763,석남,761,N,7호선,입고,2712,도봉산,710,N,24:02:00,,,7318,상행,2025-05-01T05:00:00,,주말
7호선,2712,도봉산,710,,20250619,7호선,3763,석남,761,N,7호선,입고,3763,석남,761,N,,22:26:30,,7320,상행,2025-05-01T05:00:00,,주말
7호선,2712,도봉산,710,,20250619,7호선,3763,석남,761,N,7호선,입고,3762,산곡,760,N,22:29:30,22:30:00,,7320,상행,2025-05-01T05:00:00,,주말
7호선,2712,도봉산,710,,20250619,7호선,3763,석남,761,N,7호선,입고,3761,부평구청,759,N,22:32:00,22:32:30,,7320,상행,2025-05-01T05:00:00,,주말
7호선,2712,도봉산,710,,20250619,7호선,3763,석남,761,N,7호선,입고,3760,굴포천,758,N,22:33:50,22:34:20,,7320,상행,2025-05-01T05:00:00,,주말
7호선,2712,도봉산,710,,20250619,7호선,3763,석남,761,N,7호선,입고,3759,삼산체육관,757,N,22:35:30,22:36:00,,7320,상행,2025-05-01T05:00:00,,주말
7호선,2712,도봉산,710,,20250619,7호선,3763,석남,761,N,7호선,입고,3758,상동,756,N,22:37:20,22:37:50,,7320,상행,2025-05-01T05:00:00,,주말
7호선,2712,도봉산,710,,20250619,7호선,3763,석남,761,N,7호선,입고,3757,부천시청,755,N,22:39:00,22:39:30,,7320,상행,2025-05-01T05:00:00,,주말
7호선,2712,도봉산,710,,20250619,7호선,3763,석남,761,N,7호선,입고,3756,신중동,754,N,22:40:50,22:41:20,,7320,상행,2025-05-01T05:00:00,,주말
7호선,2712,도봉산,710,,20250619,7호선,3763,석남,761,N,7호선,입고,3755,춘의,753,N,22:42:40,22:43:10,,7320,상행,2025-05-01T05:00:00,,주말
7호선,2712,도봉산,710,,20250619,7호선,3763,석남,761,N,7호선,입고,3754,부천종합운동장,752,N,22:44:30,22:45:00,,7320,상행,2025-05-01T05:00:00,,주말
7호선,2712,도봉산,710,,20250619,7호선,3763,석남,761,N,7호선,입고,3753,까치울,751,N,22:46:30,22:47:00,,7320,상행,2025-05-01T05:00:00,,주말
7호선,2712,도봉산,710,,20250619,7호선,3763,석남,761,N,7호선,입고,2752,온수,750,N,22:49:30,22:50:00,,7320,상행,2025-05-01T05:00:00,,주말
7호선,2712,도봉산,710,,20250619,7호선,3763,석남,761,N,7호선,입고,2751,천왕,749,N,22:52:20,22:52:40,,7320,상행,2025-05-01T05:00:00,,주말
7호선,2712,도봉산,710,,20250619,7호선,3763,석남,761,N,7호선,입고,2750,광명사거리,748,N,22:54:40,22:55:10,,7320,상행,2025-05-01T05:00:00,,주말
7호선,2712,도봉산,710,,20250619,7호선,3763,석남,761,N,7호선,입고,2749,철산,747,N,22:57:00,22:57:30,,7320,상행,2025-05-01T05:00:00,,주말
7호선,2712,도봉산,710,,20250619,7호선,3763,석남,761,N,7호선,입고,2748,가산디지털단지,746,N,22:59:30,23:00:00,,7320,상행,2025-05-01T05:00:00,,주말
7호선,2712,도봉산,710,,20250619,7호선,3763,석남,761,N,7호선,입고,2747,남구로,745,N,23:01:20,23:01:50,,7320,상행,2025-05-01T05:00:00,,주말
7호선,2712,도봉산,710,,20250619,7호선,3763,석남,761,N,7호선,입고,2746,대림,744,N,23:03:20,23:03:50,,7320,상행,2025-05-01T05:00:00,,주말
7호선,2712,도봉산,710,,20250619,7호선,3763,석남,761,N,7호선,입고,2745,신풍,743,N,23:05:50,23:06:20,,7320,상행,2025-05-01T05:00:00,,주말
7호선,2712,도봉산,710,,20250619,7호선,3763,석남,761,N,7호선,입고,2744,보라매,742,N,23:07:40,23:08:10,,7320,상행,2025-05-01T05:00:00,,주말
7호선,2712,도봉산,710,,20250619,7호선,3763,석남,761,N,7호선,입고,2743,신대방삼거리,741,N,23:09:20,23:09:50,,7320,상행,2025-05-01T05:00:00,,주말
7호선,2712,도봉산,710,,20250619,7호선,3763,석남,761,N,7호선,입고,2742,장승배기,740,N,23:11:40,23:12:10,,7320,상행,2025-05-01T05:00:00,,주말
7호선,2712,도봉산,710,,20250619,7호선,3763,석남,761,N,7호선,입고,2741,상도,739,N,23:13:40,23:14:10,,7320,상행,2025-05-01T05:00:00,,주말
7호선,2712,도봉산,710,,20250619,7호선,3763,석남,761,N,7호선,입고,2740,숭실대입구,738,N,23:15:20,23:15:50,,7320,상행,2025-05-01T05:00:00,,주말
7호선,2712,도봉산,710,,20250619,7호선,3763,석남,761,N,7호선,입고,2739,남성,737,N,23:18:20,23:18:50,,7320,상행,2025-05-01T05:00:00,,주말
7호선,2712,도봉산,710,,20250619,7호선,3763,석남,761,N,7호선,입고,2738,이수,736,N,23:20:10,23:20:50,,7320,상행,2025-05-01T05:00:00,,주말
7호선,2712,도봉산,710,,20250619,7호선,3763,석남,761,N,7호선,입고,2737,내방,735,N,23:22:20,23:22:50,,7320,상행,2025-05-01T05:00:00,,주말
7호선,2712,도봉산,710,,20250619,7호선,3763,석남,761,N,7호선,입고,2736,고속터미널,734,N,23:25:20,23:26:00,,7320,상행,2025-05-01T05:00:00,,주말
7호선,2712,도봉산,710,,20250619,7호선,3763,석남,761,N,7호선,입고,2735,반포,733,N,23:27:30,23:27:50,,7320,상행,2025-05-01T05:00:00,,주말
7호선,2712,도봉산,710,,20250619,7호선,3763,석남,761,N,7호선,입고,2734,논현,732,N,23:29:00,23:29:30,,7320,상행,2025-05-01T05:00:00,,주말
7호선,2712,도봉산,710,,20250619,7호선,3763,석남,761,N,7호선,입고,2733,학동,731,N,23:30:50,23:31:20,,7320,상행,2025-05-01T05:00:00,,주말
7호선,2712,도봉산,710,,20250619,7호선,3763,석남,761,N,7호선,입고,2732,강남구청,730,N,23:32:30,23:33:00,,7320,상행,2025-05-01T05:00:00,,주말
7호선,2712,도봉산,710,,20250619,7호선,3763,석남,761,N,7호선,입고,2731,청담,729,N,23:34:30,23:35:00,,7320,상행,2025-05-01T05:00:00,,주말
7호선,2712,도봉산,710,,20250619,7호선,3763,석남,761,N,7호선,입고,2730,자양,728,N,23:37:30,23:37:50,,7320,상행,2025-05-01T05:00:00,,주말
7호선,2712,도봉산,710,,20250619,7호선,3763,석남,761,N,7호선,입고,2729,건대입구,727,N,23:39:20,23:40:00,,7320,상행,2025-05-01T05:00:00,,주말
7호선,2712,도봉산,710,,20250619,7호선,3763,석남,761,N,7호선,입고,2728,어린이대공원,726,N,23:41:20,23:41:50,,7320,상행,2025-05-01T05:00:00,,주말
7호선,2712,도봉산,710,,20250619,7호선,3763,석남,761,N,7호선,입고,2727,군자,725,N,23:43:10,23:43:50,,7320,상행,2025-05-01T05:00:00,,주말
7호선,2712,도봉산,710,,20250619,7호선,3763,석남,761,N,7호선,입고,2726,중곡,724,N,23:45:10,23:45:40,,7320,상행,2025-05-01T05:00:00,,주말
7호선,2712,도봉산,710,,20250619,7호선,3763,석남,761,N,7호선,입고,2725,용마산,723,N,23:47:00,23:47:20,,7320,상행,2025-05-01T05:00:00,,주말
7호선,2712,도봉산,710,,20250619,7호선,3763,석남,761,N,7호선,입고,2724,사가정,722,N,23:48:30,23:49:00,,7320,상행,2025-05-01T05:00:00,,주말
7호선,2712,도봉산,710,,20250619,7호선,3763,석남,761,N,7호선,입고,2723,면목,721,N,23:50:10,23:50:40,,7320,상행,2025-05-01T05:00:00,,주말
7호선,2712,도봉산,710,,20250619,7호선,3763,석남,761,N,7호선,입고,2722,상봉,720,N,23:51:50,23:52:20,,7320,상행,2025-05-01T05:00:00,,주말
7호선,2712,도봉산,710,,20250619,7호선,3763,석남,761,N,7호선,입고,2721,중화,719,N,23:54:10,23:54:40,,7320,상행,2025-05-01T05:00:00,,주말
7호선,2712,도봉산,710,,20250619,7호선,3763,석남,761,N,7호선,입고,2720,먹골,718,N,23:56:00,23:56:30,,7320,상행,2025-05-01T05:00:00,,주말
7호선,2712,도봉산,710,,20250619,7호선,3763,석남,761,N,7호선,입고,2719,태릉입구,717,N,23:57:40,23:58:10,,7320,상행,2025-05-01T05:00:00,,주말
7호선,2712,도봉산,710,,20250619,7호선,3763,석남,761,N,7호선,입고,2718,공릉,716,N,23:59:10,23:59:40,,7320,상행,2025-05-01T05:00:00,,주말
7호선,2712,도봉산,710,,20250619,7호선,3763,석남,761,N,7호선,입고,2717,하계,715,N,24:01:10,24:01:40,,7320,상행,2025-05-01T05:00:00,,주말
7호선,2712,도봉산,710,,20250619,7호선,3763,석남,761,N,7호선,입고,2716,중계,714,N,24:02:50,24:03:20,,7320,상행,2025-05-01T05:00:00,,주말
7호선,2712,도봉산,710,,20250619,7호선,3763,석남,761,N,7호선,입고,2715,노원,713,N,24:04:40,24:05:10,,7320,상행,2025-05-01T05:00:00,,주말
7호선,2712,도봉산,710,,20250619,7호선,3763,석남,761,N,7호선,입고,2714,마들,712,N,24:06:40,24:07:10,,7320,상행,2025-05-01T05:00:00,,주말
7호선,2712,도봉산,710,,20250619,7호선,3763,석남,761,N,7호선,입고,2713,수락산,711,N,24:09:10,24:09:40,,7320,상행,2025-05-01T05:00:00,,주말
7호선,2712,도봉산,710,,20250619,7호선,3763,석남,761,N,7호선,입고,2712,도봉산,710,N,24:12:00,,,7320,상행,2025-05-01T05:00:00,,주말
7호선,2719,태릉입구,717,,20250619,7호선,3763,석남,761,N,7호선,주박,3763,석남,761,N,,22:36:30,,7322,상행,2025-05-01T05:00:00,,주말
7호선,2719,태릉입구,717,,20250619,7호선,3763,석남,761,N,7호선,주박,3762,산곡,760,N,22:39:30,22:40:00,,7322,상행,2025-05-01T05:00:00,,주말
7호선,2719,태릉입구,717,,20250619,7호선,3763,석남,761,N,7호선,주박,3761,부평구청,759,N,22:42:00,22:42:30,,7322,상행,2025-05-01T05:00:00,,주말
7호선,2719,태릉입구,717,,20250619,7호선,3763,석남,761,N,7호선,주박,3760,굴포천,758,N,22:43:50,22:44:20,,7322,상행,2025-05-01T05:00:00,,주말
7호선,2719,태릉입구,717,,20250619,7호선,3763,석남,761,N,7호선,주박,3759,삼산체육관,757,N,22:45:30,22:46:00,,7322,상행,2025-05-01T05:00:00,,주말
7호선,2719,태릉입구,717,,20250619,7호선,3763,석남,761,N,7호선,주박,3758,상동,756,N,22:47:20,22:47:50,,7322,상행,2025-05-01T05:00:00,,주말
7호선,2719,태릉입구,717,,20250619,7호선,3763,석남,761,N,7호선,주박,3757,부천시청,755,N,22:49:00,22:49:30,,7322,상행,2025-05-01T05:00:00,,주말
7호선,2719,태릉입구,717,,20250619,7호선,3763,석남,761,N,7호선,주박,3756,신중동,754,N,22:50:50,22:51:20,,7322,상행,2025-05-01T05:00:00,,주말
7호선,2719,태릉입구,717,,20250619,7호선,3763,석남,761,N,7호선,주박,3755,춘의,753,N,22:52:40,22:53:10,,7322,상행,2025-05-01T05:00:00,,주말
7호선,2719,태릉입구,717,,20250619,7호선,3763,석남,761,N,7호선,주박,3754,부천종합운동장,752,N,22:54:30,22:55:00,,7322,상행,2025-05-01T05:00:00,,주말
7호선,2719,태릉입구,717,,20250619,7호선,3763,석남,761,N,7호선,주박,3753,까치울,751,N,22:56:30,22:57:00,,7322,상행,2025-05-01T05:00:00,,주말
7호선,2719,태릉입구,717,,20250619,7호선,3763,석남,761,N,7호선,주박,2752,온수,750,N,22:59:30,23:00:00,,7322,상행,2025-05-01T05:00:00,,주말
7호선,2719,태릉입구,717,,20250619,7호선,3763,석남,761,N,7호선,주박,2751,천왕,749,N,23:02:20,23:02:40,,7322,상행,2025-05-01T05:00:00,,주말
7호선,2719,태릉입구,717,,20250619,7호선,3763,석남,761,N,7호선,주박,2750,광명사거리,748,N,23:04:40,23:05:10,,7322,상행,2025-05-01T05:00:00,,주말
7호선,2719,태릉입구,717,,20250619,7호선,3763,석남,761,N,7호선,주박,2749,철산,747,N,23:07:00,23:07:30,,7322,상행,2025-05-01T05:00:00,,주말
7호선,2719,태릉입구,717,,20250619,7호선,3763,석남,761,N,7호선,주박,2748,가산디지털단지,746,N,23:09:30,23:10:00,,7322,상행,2025-05-01T05:00:00,,주말
7호선,2719,태릉입구,717,,20250619,7호선,3763,석남,761,N,7호선,주박,2747,남구로,745,N,23:11:20,23:11:50,,7322,상행,2025-05-01T05:00:00,,주말
7호선,2719,태릉입구,717,,20250619,7호선,3763,석남,761,N,7호선,주박,2746,대림,744,N,23:13:20,23:13:50,,7322,상행,2025-05-01T05:00:00,,주말
7호선,2719,태릉입구,717,,20250619,7호선,3763,석남,761,N,7호선,주박,2745,신풍,743,N,23:15:50,23:16:20,,7322,상행,2025-05-01T05:00:00,,주말
7호선,2719,태릉입구,717,,20250619,7호선,3763,석남,761,N,7호선,주박,2744,보라매,742,N,23:17:40,23:18:10,,7322,상행,2025-05-01T05:00:00,,주말
7호선,2719,태릉입구,717,,20250619,7호선,3763,석남,761,N,7호선,주박,2743,신대방삼거리,741,N,23:19:20,23:19:50,,7322,상행,2025-05-01T05:00:00,,주말
7호선,2719,태릉입구,717,,20250619,7호선,3763,석남,761,N,7호선,주박,2742,장승배기,740,N,23:21:40,23:22:10,,7322,상행,2025-05-01T05:00:00,,주말
7호선,2719,태릉입구,717,,20250619,7호선,3763,석남,761,N,7호선,주박,2741,상도,739,N,23:23:40,23:24:10,,7322,상행,2025-05-01T05:00:00,,주말
7호선,2719,태릉입구,717,,20250619,7호선,3763,석남,761,N,7호선,주박,2740,숭실대입구,738,N,23:25:20,23:25:50,,7322,상행,2025-05-01T05:00:00,,주말
7호선,2719,태릉입구,717,,20250619,7호선,3763,석남,761,N,7호선,주박,2739,남성,737,N,23:28:20,23:28:50,,7322,상행,2025-05-01T05:00:00,,주말
7호선,2719,태릉입구,717,,20250619,7호선,3763,석남,761,N,7호선,주박,2738,이수,736,N,23:30:10,23:30:50,,7322,상행,2025-05-01T05:00:00,,주말
7호선,2719,태릉입구,717,,20250619,7호선,3763,석남,761,N,7호선,주박,2737,내방,735,N,23:32:20,23:32:50,,7322,상행,2025-05-01T05:00:00,,주말
7호선,2719,태릉입구,717,,20250619,7호선,3763,석남,761,N,7호선,주박,2736,고속터미널,734,N,23:35:20,23:36:00,,7322,상행,2025-05-01T05:00:00,,주말
7호선,2719,태릉입구,717,,20250619,7호선,3763,석남,761,N,7호선,주박,2735,반포,733,N,23:37:30,23:37:50,,7322,상행,2025-05-01T05:00:00,,주말
7호선,2719,태릉입구,717,,20250619,7호선,3763,석남,761,N,7호선,주박,2734,논현,732,N,23:39:00,23:39:30,,7322,상행,2025-05-01T05:00:00,,주말
7호선,2719,태릉입구,717,,20250619,7호선,3763,석남,761,N,7호선,주박,2733,학동,731,N,23:40:50,23:41:20,,7322,상행,2025-05-01T05:00:00,,주말
7호선,2719,태릉입구,717,,20250619,7호선,3763,석남,761,N,7호선,주박,2732,강남구청,730,N,23:42:30,23:43:00,,7322,상행,2025-05-01T05:00:00,,주말
7호선,2719,태릉입구,717,,20250619,7호선,3763,석남,761,N,7호선,주박,2731,청담,729,N,23:44:30,23:45:00,,7322,상행,2025-05-01T05:00:00,,주말
7호선,2719,태릉입구,717,,20250619,7호선,3763,석남,761,N,7호선,주박,2730,자양,728,N,23:47:30,23:47:50,,7322,상행,2025-05-01T05:00:00,,주말
7호선,2719,태릉입구,717,,20250619,7호선,3763,석남,761,N,7호선,주박,2729,건대입구,727,N,23:49:20,23:50:00,,7322,상행,2025-05-01T05:00:00,,주말
7호선,2719,태릉입구,717,,20250619,7호선,3763,석남,761,N,7호선,주박,2728,어린이대공원,726,N,23:51:20,23:51:50,,7322,상행,2025-05-01T05:00:00,,주말
7호선,2719,태릉입구,717,,20250619,7호선,3763,석남,761,N,7호선,주박,2727,군자,725,N,23:53:10,23:53:50,,7322,상행,2025-05-01T05:00:00,,주말
7호선,2719,태릉입구,717,,20250619,7호선,3763,석남,761,N,7호선,주박,2726,중곡,724,N,23:55:10,23:55:40,,7322,상행,2025-05-01T05:00:00,,주말
7호선,2719,태릉입구,717,,20250619,7호선,3763,석남,761,N,7호선,주박,2725,용마산,723,N,23:57:00,23:57:20,,7322,상행,2025-05-01T05:00:00,,주말
7호선,2719,태릉입구,717,,20250619,7호선,3763,석남,761,N,7호선,주박,2724,사가정,722,N,23:58:30,23:59:00,,7322,상행,2025-05-01T05:00:00,,주말
7호선,2719,태릉입구,717,,20250619,7호선,3763,석남,761,N,7호선,주박,2723,면목,721,N,24:00:10,24:00:40,,7322,상행,2025-05-01T05:00:00,,주말
7호선,2719,태릉입구,717,,20250619,7호선,3763,석남,761,N,7호선,주박,2722,상봉,720,N,24:01:50,24:02:20,,7322,상행,2025-05-01T05:00:00,,주말
7호선,2719,태릉입구,717,,20250619,7호선,3763,석남,761,N,7호선,주박,2721,중화,719,N,24:04:10,24:04:40,,7322,상행,2025-05-01T05:00:00,,주말
7호선,2719,태릉입구,717,,20250619,7호선,3763,석남,761,N,7호선,주박,2720,먹골,718,N,24:06:00,24:06:30,,7322,상행,2025-05-01T05:00:00,,주말
7호선,2719,태릉입구,717,,20250619,7호선,3763,석남,761,N,7호선,주박,2719,태릉입구,717,N,24:07:40,,,7322,상행,2025-05-01T05:00:00,,주말
7호선,2729,건대입구,727,,20250619,7호선,2752,온수,750,N,7호선,주박,2752,온수,750,N,,23:11:30,,7324,상행,2025-05-01T05:00:00,,주말
7호선,2729,건대입구,727,,20250619,7호선,2752,온수,750,N,7호선,주박,2751,천왕,749,N,23:13:50,23:14:10,,7324,상행,2025-05-01T05:00:00,,주말
7호선,2729,건대입구,727,,20250619,7호선,2752,온수,750,N,7호선,주박,2750,광명사거리,748,N,23:16:10,23:16:40,,7324,상행,2025-05-01T05:00:00,,주말
7호선,2729,건대입구,727,,20250619,7호선,2752,온수,750,N,7호선,주박,2749,철산,747,N,23:18:30,23:19:00,,7324,상행,2025-05-01T05:00:00,,주말
7호선,2729,건대입구,727,,20250619,7호선,2752,온수,750,N,7호선,주박,2748,가산디지털단지,746,N,23:21:00,23:21:30,,7324,상행,2025-05-01T05:00:00,,주말
7호선,2729,건대입구,727,,20250619,7호선,2752,온수,750,N,7호선,주박,2747,남구로,745,N,23:22:50,23:23:20,,7324,상행,2025-05-01T05:00:00,,주말
7호선,2729,건대입구,727,,20250619,7호선,2752,온수,750,N,7호선,주박,2746,대림,744,N,23:24:50,23:25:20,,7324,상행,2025-05-01T05:00:00,,주말
7호선,2729,건대입구,727,,20250619,7호선,2752,온수,750,N,7호선,주박,2745,신풍,743,N,23:27:20,23:27:50,,7324,상행,2025-05-01T05:00:00,,주말
7호선,2729,건대입구,727,,20250619,7호선,2752,온수,750,N,7호선,주박,2744,보라매,742,N,23:29:10,23:29:40,,7324,상행,2025-05-01T05:00:00,,주말
7호선,2729,건대입구,727,,20250619,7호선,2752,온수,750,N,7호선,주박,2743,신대방삼거리,741,N,23:30:50,23:31:20,,7324,상행,2025-05-01T05:00:00,,주말
7호선,2729,건대입구,727,,20250619,7호선,2752,온수,750,N,7호선,주박,2742,장승배기,740,N,23:33:10,23:33:40,,7324,상행,2025-05-01T05:00:00,,주말
7호선,2729,건대입구,727,,20250619,7호선,2752,온수,750,N,7호선,주박,2741,상도,739,N,23:35:10,23:35:40,,7324,상행,2025-05-01T05:00:00,,주말
7호선,2729,건대입구,727,,20250619,7호선,2752,온수,750,N,7호선,주박,2740,숭실대입구,738,N,23:36:50,23:37:20,,7324,상행,2025-05-01T05:00:00,,주말
7호선,2729,건대입구,727,,20250619,7호선,2752,온수,750,N,7호선,주박,2739,남성,737,N,23:39:50,23:40:20,,7324,상행,2025-05-01T05:00:00,,주말
7호선,2729,건대입구,727,,20250619,7호선,2752,온수,750,N,7호선,주박,2738,이수,736,N,23:41:40,23:42:20,,7324,상행,2025-05-01T05:00:00,,주말
7호선,2729,건대입구,727,,20250619,7호선,2752,온수,750,N,7호선,주박,2737,내방,735,N,23:43:50,23:44:20,,7324,상행,2025-05-01T05:00:00,,주말
7호선,2729,건대입구,727,,20250619,7호선,2752,온수,750,N,7호선,주박,2736,고속터미널,734,N,23:46:50,23:47:30,,7324,상행,2025-05-01T05:00:00,,주말
7호선,2729,건대입구,727,,20250619,7호선,2752,온수,750,N,7호선,주박,2735,반포,733,N,23:49:00,23:49:20,,7324,상행,2025-05-01T05:00:00,,주말
7호선,2729,건대입구,727,,20250619,7호선,2752,온수,750,N,7호선,주박,2734,논현,732,N,23:50:30,23:51:00,,7324,상행,2025-05-01T05:00:00,,주말
7호선,2729,건대입구,727,,20250619,7호선,2752,온수,750,N,7호선,주박,2733,학동,731,N,23:52:20,23:52:50,,7324,상행,2025-05-01T05:00:00,,주말
7호선,2729,건대입구,727,,20250619,7호선,2752,온수,750,N,7호선,주박,2732,강남구청,730,N,23:54:00,23:54:30,,7324,상행,2025-05-01T05:00:00,,주말
7호선,2729,건대입구,727,,20250619,7호선,2752,온수,750,N,7호선,주박,2731,청담,729,N,23:56:00,23:56:30,,7324,상행,2025-05-01T05:00:00,,주말
7호선,2729,건대입구,727,,20250619,7호선,2752,온수,750,N,7호선,주박,2730,자양,728,N,23:59:00,23:59:20,,7324,상행,2025-05-01T05:00:00,,주말
7호선,2729,건대입구,727,,20250619,7호선,2752,온수,750,N,7호선,주박,2729,건대입구,727,N,24:00:50,,,7324,상행,2025-05-01T05:00:00,,주말
7호선,2731,청담,729,,20250619,7호선,3763,석남,761,N,7호선,주박,3763,석남,761,N,,22:57:30,,7326,상행,2025-05-01T05:00:00,,주말
7호선,2731,청담,729,,20250619,7호선,3763,석남,761,N,7호선,주박,3762,산곡,760,N,23:00:30,23:01:00,,7326,상행,2025-05-01T05:00:00,,주말
7호선,2731,청담,729,,20250619,7호선,3763,석남,761,N,7호선,주박,3761,부평구청,759,N,23:03:00,23:03:30,,7326,상행,2025-05-01T05:00:00,,주말
7호선,2731,청담,729,,20250619,7호선,3763,석남,761,N,7호선,주박,3760,굴포천,758,N,23:04:50,23:05:20,,7326,상행,2025-05-01T05:00:00,,주말
7호선,2731,청담,729,,20250619,7호선,3763,석남,761,N,7호선,주박,3759,삼산체육관,757,N,23:06:30,23:07:00,,7326,상행,2025-05-01T05:00:00,,주말
7호선,2731,청담,729,,20250619,7호선,3763,석남,761,N,7호선,주박,3758,상동,756,N,23:08:20,23:08:50,,7326,상행,2025-05-01T05:00:00,,주말
7호선,2731,청담,729,,20250619,7호선,3763,석남,761,N,7호선,주박,3757,부천시청,755,N,23:10:00,23:10:30,,7326,상행,2025-05-01T05:00:00,,주말
7호선,2731,청담,729,,20250619,7호선,3763,석남,761,N,7호선,주박,3756,신중동,754,N,23:11:50,23:12:20,,7326,상행,2025-05-01T05:00:00,,주말
7호선,2731,청담,729,,20250619,7호선,3763,석남,761,N,7호선,주박,3755,춘의,753,N,23:13:40,23:14:10,,7326,상행,2025-05-01T05:00:00,,주말
7호선,2731,청담,729,,20250619,7호선,3763,석남,761,N,7호선,주박,3754,부천종합운동장,752,N,23:15:30,23:16:00,,7326,상행,2025-05-01T05:00:00,,주말
7호선,2731,청담,729,,20250619,7호선,3763,석남,761,N,7호선,주박,3753,까치울,751,N,23:17:30,23:18:00,,7326,상행,2025-05-01T05:00:00,,주말
7호선,2731,청담,729,,20250619,7호선,3763,석남,761,N,7호선,주박,2752,온수,750,N,23:20:30,23:21:00,,7326,상행,2025-05-01T05:00:00,,주말
7호선,2731,청담,729,,20250619,7호선,3763,석남,761,N,7호선,주박,2751,천왕,749,N,23:23:20,23:23:40,,7326,상행,2025-05-01T05:00:00,,주말
7호선,2731,청담,729,,20250619,7호선,3763,석남,761,N,7호선,주박,2750,광명사거리,748,N,23:25:40,23:26:10,,7326,상행,2025-05-01T05:00:00,,주말
7호선,2731,청담,729,,20250619,7호선,3763,석남,761,N,7호선,주박,2749,철산,747,N,23:28:00,23:28:30,,7326,상행,2025-05-01T05:00:00,,주말
7호선,2731,청담,729,,20250619,7호선,3763,석남,761,N,7호선,주박,2748,가산디지털단지,746,N,23:30:30,23:31:00,,7326,상행,2025-05-01T05:00:00,,주말
7호선,2731,청담,729,,20250619,7호선,3763,석남,761,N,7호선,주박,2747,남구로,745,N,23:32:20,23:32:50,,7326,상행,2025-05-01T05:00:00,,주말
7호선,2731,청담,729,,20250619,7호선,3763,석남,761,N,7호선,주박,2746,대림,744,N,23:34:20,23:34:50,,7326,상행,2025-05-01T05:00:00,,주말
7호선,2731,청담,729,,20250619,7호선,3763,석남,761,N,7호선,주박,2745,신풍,743,N,23:36:50,23:37:20,,7326,상행,2025-05-01T05:00:00,,주말
7호선,2731,청담,729,,20250619,7호선,3763,석남,761,N,7호선,주박,2744,보라매,742,N,23:38:40,23:39:10,,7326,상행,2025-05-01T05:00:00,,주말
7호선,2731,청담,729,,20250619,7호선,3763,석남,761,N,7호선,주박,2743,신대방삼거리,741,N,23:40:20,23:40:50,,7326,상행,2025-05-01T05:00:00,,주말
7호선,2731,청담,729,,20250619,7호선,3763,석남,761,N,7호선,주박,2742,장승배기,740,N,23:42:40,23:43:10,,7326,상행,2025-05-01T05:00:00,,주말
7호선,2731,청담,729,,20250619,7호선,3763,석남,761,N,7호선,주박,2741,상도,739,N,23:44:40,23:45:10,,7326,상행,2025-05-01T05:00:00,,주말
7호선,2731,청담,729,,20250619,7호선,3763,석남,761,N,7호선,주박,2740,숭실대입구,738,N,23:46:20,23:46:50,,7326,상행,2025-05-01T05:00:00,,주말
7호선,2731,청담,729,,20250619,7호선,3763,석남,761,N,7호선,주박,2739,남성,737,N,23:49:20,23:49:50,,7326,상행,2025-05-01T05:00:00,,주말
7호선,2731,청담,729,,20250619,7호선,3763,석남,761,N,7호선,주박,2738,이수,736,N,23:51:10,23:51:50,,7326,상행,2025-05-01T05:00:00,,주말
7호선,2731,청담,729,,20250619,7호선,3763,석남,761,N,7호선,주박,2737,내방,735,N,23:53:20,23:53:50,,7326,상행,2025-05-01T05:00:00,,주말
7호선,2731,청담,729,,20250619,7호선,3763,석남,761,N,7호선,주박,2736,고속터미널,734,N,23:56:20,23:57:00,,7326,상행,2025-05-01T05:00:00,,주말
7호선,2731,청담,729,,20250619,7호선,3763,석남,761,N,7호선,주박,2735,반포,733,N,23:58:30,23:58:50,,7326,상행,2025-05-01T05:00:00,,주말
7호선,2731,청담,729,,20250619,7호선,3763,석남,761,N,7호선,주박,2734,논현,732,N,24:00:00,24:00:30,,7326,상행,2025-05-01T05:00:00,,주말
7호선,2731,청담,729,,20250619,7호선,3763,석남,761,N,7호선,주박,2733,학동,731,N,24:01:50,24:02:20,,7326,상행,2025-05-01T05:00:00,,주말
7호선,2731,청담,729,,20250619,7호선,3763,석남,761,N,7호선,주박,2732,강남구청,730,N,24:03:30,24:04:00,,7326,상행,2025-05-01T05:00:00,,주말
7호선,2731,청담,729,,20250619,7호선,3763,석남,761,N,7호선,주박,2731,청담,729,N,24:05:30,,,7326,상행,2025-05-01T05:00:00,,주말
7호선,2737,내방,735,,20250619,7호선,3763,석남,761,N,7호선,주박,3763,석남,761,N,,23:08:30,,7328,상행,2025-05-01T05:00:00,,주말
7호선,2737,내방,735,,20250619,7호선,3763,석남,761,N,7호선,주박,3762,산곡,760,N,23:11:30,23:12:00,,7328,상행,2025-05-01T05:00:00,,주말
7호선,2737,내방,735,,20250619,7호선,3763,석남,761,N,7호선,주박,3761,부평구청,759,N,23:14:00,23:14:30,,7328,상행,2025-05-01T05:00:00,,주말
7호선,2737,내방,735,,20250619,7호선,3763,석남,761,N,7호선,주박,3760,굴포천,758,N,23:15:50,23:16:20,,7328,상행,2025-05-01T05:00:00,,주말
7호선,2737,내방,735,,20250619,7호선,3763,석남,761,N,7호선,주박,3759,삼산체육관,757,N,23:17:30,23:18:00,,7328,상행,2025-05-01T05:00:00,,주말
7호선,2737,내방,735,,20250619,7호선,3763,석남,761,N,7호선,주박,3758,상동,756,N,23:19:20,23:19:50,,7328,상행,2025-05-01T05:00:00,,주말
7호선,2737,내방,735,,20250619,7호선,3763,석남,761,N,7호선,주박,3757,부천시청,755,N,23:21:00,23:21:30,,7328,상행,2025-05-01T05:00:00,,주말
7호선,2737,내방,735,,20250619,7호선,3763,석남,761,N,7호선,주박,3756,신중동,754,N,23:22:50,23:23:20,,7328,상행,2025-05-01T05:00:00,,주말
7호선,2737,내방,735,,20250619,7호선,3763,석남,761,N,7호선,주박,3755,춘의,753,N,23:24:40,23:25:10,,7328,상행,2025-05-01T05:00:00,,주말
7호선,2737,내방,735,,20250619,7호선,3763,석남,761,N,7호선,주박,3754,부천종합운동장,752,N,23:26:30,23:27:00,,7328,상행,2025-05-01T05:00:00,,주말
7호선,2737,내방,735,,20250619,7호선,3763,석남,761,N,7호선,주박,3753,까치울,751,N,23:28:30,23:29:00,,7328,상행,2025-05-01T05:00:00,,주말
7호선,2737,내방,735,,20250619,7호선,3763,석남,761,N,7호선,주박,2752,온수,750,N,23:31:30,23:32:00,,7328,상행,2025-05-01T05:00:00,,주말
7호선,2737,내방,735,,20250619,7호선,3763,석남,761,N,7호선,주박,2751,천왕,749,N,23:34:20,23:34:40,,7328,상행,2025-05-01T05:00:00,,주말
7호선,2737,내방,735,,20250619,7호선,3763,석남,761,N,7호선,주박,2750,광명사거리,748,N,23:36:40,23:37:10,,7328,상행,2025-05-01T05:00:00,,주말
7호선,2737,내방,735,,20250619,7호선,3763,석남,761,N,7호선,주박,2749,철산,747,N,23:39:00,23:39:30,,7328,상행,2025-05-01T05:00:00,,주말
7호선,2737,내방,735,,20250619,7호선,3763,석남,761,N,7호선,주박,2748,가산디지털단지,746,N,23:41:30,23:42:00,,7328,상행,2025-05-01T05:00:00,,주말
7호선,2737,내방,735,,20250619,7호선,3763,석남,761,N,7호선,주박,2747,남구로,745,N,23:43:20,23:43:50,,7328,상행,2025-05-01T05:00:00,,주말
7호선,2737,내방,735,,20250619,7호선,3763,석남,761,N,7호선,주박,2746,대림,744,N,23:45:20,23:45:50,,7328,상행,2025-05-01T05:00:00,,주말
7호선,2737,내방,735,,20250619,7호선,3763,석남,761,N,7호선,주박,2745,신풍,743,N,23:47:50,23:48:20,,7328,상행,2025-05-01T05:00:00,,주말
7호선,2737,내방,735,,20250619,7호선,3763,석남,761,N,7호선,주박,2744,보라매,742,N,23:49:40,23:50:10,,7328,상행,2025-05-01T05:00:00,,주말
7호선,2737,내방,735,,20250619,7호선,3763,석남,761,N,7호선,주박,2743,신대방삼거리,741,N,23:51:20,23:51:50,,7328,상행,2025-05-01T05:00:00,,주말
7호선,2737,내방,735,,20250619,7호선,3763,석남,761,N,7호선,주박,2742,장승배기,740,N,23:53:40,23:54:10,,7328,상행,2025-05-01T05:00:00,,주말
7호선,2737,내방,735,,20250619,7호선,3763,석남,761,N,7호선,주박,2741,상도,739,N,23:55:40,23:56:10,,7328,상행,2025-05-01T05:00:00,,주말
7호선,2737,내방,735,,20250619,7호선,3763,석남,761,N,7호선,주박,2740,숭실대입구,738,N,23:57:20,23:57:50,,7328,상행,2025-05-01T05:00:00,,주말
7호선,2737,내방,735,,20250619,7호선,3763,석남,761,N,7호선,주박,2739,남성,737,N,24:00:20,24:00:50,,7328,상행,2025-05-01T05:00:00,,주말
7호선,2737,내방,735,,20250619,7호선,3763,석남,761,N,7호선,주박,2738,이수,736,N,24:02:10,24:02:50,,7328,상행,2025-05-01T05:00:00,,주말
7호선,2737,내방,735,,20250619,7호선,3763,석남,761,N,7호선,주박,2737,내방,735,N,24:04:20,,,7328,상행,2025-05-01T05:00:00,,주말
7호선,2752,온수,750,,20250619,7호선,3763,석남,761,N,7호선,입고,3763,석남,761,N,,23:27:00,,7330,상행,2025-05-01T05:00:00,,주말
7호선,2752,온수,750,,20250619,7호선,3763,석남,761,N,7호선,입고,3762,산곡,760,N,23:30:00,23:30:30,,7330,상행,2025-05-01T05:00:00,,주말
7호선,2752,온수,750,,20250619,7호선,3763,석남,761,N,7호선,입고,3761,부평구청,759,N,23:32:30,23:33:00,,7330,상행,2025-05-01T05:00:00,,주말
7호선,2752,온수,750,,20250619,7호선,3763,석남,761,N,7호선,입고,3760,굴포천,758,N,23:34:20,23:34:50,,7330,상행,2025-05-01T05:00:00,,주말
7호선,2752,온수,750,,20250619,7호선,3763,석남,761,N,7호선,입고,3759,삼산체육관,757,N,23:36:00,23:36:30,,7330,상행,2025-05-01T05:00:00,,주말
7호선,2752,온수,750,,20250619,7호선,3763,석남,761,N,7호선,입고,3758,상동,756,N,23:37:50,23:38:20,,7330,상행,2025-05-01T05:00:00,,주말
7호선,2752,온수,750,,20250619,7호선,3763,석남,761,N,7호선,입고,3757,부천시청,755,N,23:39:30,23:40:00,,7330,상행,2025-05-01T05:00:00,,주말
7호선,2752,온수,750,,20250619,7호선,3763,석남,761,N,7호선,입고,3756,신중동,754,N,23:41:20,23:41:50,,7330,상행,2025-05-01T05:00:00,,주말
7호선,2752,온수,750,,20250619,7호선,3763,석남,761,N,7호선,입고,3755,춘의,753,N,23:43:10,23:43:40,,7330,상행,2025-05-01T05:00:00,,주말
7호선,2752,온수,750,,20250619,7호선,3763,석남,761,N,7호선,입고,3754,부천종합운동장,752,N,23:45:00,23:45:30,,7330,상행,2025-05-01T05:00:00,,주말
7호선,2752,온수,750,,20250619,7호선,3763,석남,761,N,7호선,입고,3753,까치울,751,N,23:47:00,23:47:30,,7330,상행,2025-05-01T05:00:00,,주말
7호선,2752,온수,750,,20250619,7호선,3763,석남,761,N,7호선,입고,2752,온수,750,N,23:50:00,,,7330,상행,2025-05-01T05:00:00,,주말
7호선,2752,온수,750,,20250619,7호선,3763,석남,761,N,7호선,입고,3763,석남,761,N,,23:44:30,,7332,상행,2025-05-01T05:00:00,,주말
7호선,2752,온수,750,,20250619,7호선,3763,석남,761,N,7호선,입고,3762,산곡,760,N,23:47:30,23:48:00,,7332,상행,2025-05-01T05:00:00,,주말
7호선,2752,온수,750,,20250619,7호선,3763,석남,761,N,7호선,입고,3761,부평구청,759,N,23:50:00,23:50:30,,7332,상행,2025-05-01T05:00:00,,주말
7호선,2752,온수,750,,20250619,7호선,3763,석남,761,N,7호선,입고,3760,굴포천,758,N,23:51:50,23:52:20,,7332,상행,2025-05-01T05:00:00,,주말
7호선,2752,온수,750,,20250619,7호선,3763,석남,761,N,7호선,입고,3759,삼산체육관,757,N,23:53:30,23:54:00,,7332,상행,2025-05-01T05:00:00,,주말
7호선,2752,온수,750,,20250619,7호선,3763,석남,761,N,7호선,입고,3758,상동,756,N,23:55:20,23:55:50,,7332,상행,2025-05-01T05:00:00,,주말
7호선,2752,온수,750,,20250619,7호선,3763,석남,761,N,7호선,입고,3757,부천시청,755,N,23:57:00,23:57:30,,7332,상행,2025-05-01T05:00:00,,주말
7호선,2752,온수,750,,20250619,7호선,3763,석남,761,N,7호선,입고,3756,신중동,754,N,23:58:50,23:59:20,,7332,상행,2025-05-01T05:00:00,,주말
7호선,2752,온수,750,,20250619,7호선,3763,석남,761,N,7호선,입고,3755,춘의,753,N,24:00:40,24:01:10,,7332,상행,2025-05-01T05:00:00,,주말
7호선,2752,온수,750,,20250619,7호선,3763,석남,761,N,7호선,입고,3754,부천종합운동장,752,N,24:02:30,24:03:00,,7332,상행,2025-05-01T05:00:00,,주말
7호선,2752,온수,750,,20250619,7호선,3763,석남,761,N,7호선,입고,3753,까치울,751,N,24:04:30,24:05:00,,7332,상행,2025-05-01T05:00:00,,주말
7호선,2752,온수,750,,20250619,7호선,3763,석남,761,N,7호선,입고,2752,온수,750,N,24:07:30,,,7332,상행,2025-05-01T05:00:00,,주말
