arvlLineNm,arvlStnCd,arvlStnNm,arvlStnNo,brlnNm,crtrYmd,dptreLineNm,dptreStnCd,dptreStnNm,dptreStnNo,etrnYn,lineNm,lnkgTrainno,stnCd,stnNm,stnNo,tmprTmtblYn,trainArvlTm,trainDptreTm,trainKnd,trainno,upbdnbSe,vldBgngDt,vldEndDt,wkndSe
8호선,2805,별내,804,,20250619,8호선,2811,암사,810,N,8호선,8011,2811,암사,810,N,,05:28:00,,8002,상행,2025-05-01T05:00:00,,평일
8호선,2805,별내,804,,20250619,8호선,2811,암사,810,N,8호선,8011,2810,암사역사공원,809,N,05:30:00,05:30:30,,8002,상행,2025-05-01T05:00:00,,평일
8호선,2805,별내,804,,20250619,8호선,2811,암사,810,N,8호선,8011,2809,장자호수공원,808,N,05:34:10,05:34:40,,8002,상행,2025-05-01T05:00:00,,평일
8호선,2805,별내,804,,20250619,8호선,2811,암사,810,N,8호선,8011,2808,구리,807,N,05:36:50,05:37:30,,8002,상행,2025-05-01T05:00:00,,평일
8호선,2805,별내,804,,20250619,8호선,2811,암사,810,N,8호선,8011,2807,동구릉,806,N,05:38:50,05:39:20,,8002,상행,2025-05-01T05:00:00,,평일
8호선,2805,별내,804,,20250619,8호선,2811,암사,810,N,8호선,8011,2806,다산,805,N,05:41:40,05:42:10,,8002,상행,2025-05-01T05:00:00,,평일
8호선,2805,별내,804,,20250619,8호선,2811,암사,810,N,8호선,8011,2805,별내,804,N,05:45:20,,,8002,상행,2025-05-01T05:00:00,,평일
8호선,2805,별내,804,,20250619,8호선,2815,잠실,814,N,8호선,8013,2815,잠실,814,N,,05:30:00,,8004,상행,2025-05-01T05:00:00,,평일
8호선,2805,별내,804,,20250619,8호선,2815,잠실,814,N,8호선,8013,2814,몽촌토성,813,N,05:31:10,05:31:40,,8004,상행,2025-05-01T05:00:00,,평일
8호선,2805,별내,804,,20250619,8호선,2815,잠실,814,N,8호선,8013,2813,강동구청,812,N,05:33:40,05:34:10,,8004,상행,2025-05-01T05:00:00,,평일
8호선,2805,별내,804,,20250619,8호선,2815,잠실,814,N,8호선,8013,2812,천호,811,N,05:35:30,05:36:10,,8004,상행,2025-05-01T05:00:00,,평일
8호선,2805,별내,804,,20250619,8호선,2815,잠실,814,N,8호선,8013,2811,암사,810,N,05:37:40,05:38:10,,8004,상행,2025-05-01T05:00:00,,평일
8호선,2805,별내,804,,20250619,8호선,2815,잠실,814,N,8호선,8013,2810,암사역사공원,809,N,05:40:10,05:40:40,,8004,상행,2025-05-01T05:00:00,,평일
8호선,2805,별내,804,,20250619,8호선,2815,잠실,814,N,8호선,8013,2809,장자호수공원,808,N,05:44:20,05:44:50,,8004,상행,2025-05-01T05:00:00,,평일
8호선,2805,별내,804,,20250619,8호선,2815,잠실,814,N,8호선,8013,2808,구리,807,N,05:47:00,05:47:40,,8004,상행,2025-05-01T05:00:00,,평일
8호선,2805,별내,804,,20250619,8호선,2815,잠실,814,N,8호선,8013,2807,동구릉,806,N,05:49:00,05:49:30,,8004,상행,2025-05-01T05:00:00,,평일
8호선,2805,별내,804,,20250619,8호선,2815,잠실,814,N,8호선,8013,2806,다산,805,N,05:51:50,05:52:20,,8004,상행,2025-05-01T05:00:00,,평일
8호선,2805,별내,804,,20250619,8호선,2815,잠실,814,N,8호선,8013,2805,별내,804,N,05:55:30,,,8004,상행,2025-05-01T05:00:00,,평일
8호선,2805,별내,804,,20250619,8호선,2818,가락시장,817,N,8호선,8015,2818,가락시장,817,N,,05:37:00,,8006,상행,2025-05-01T05:00:00,,평일
8호선,2805,별내,804,,20250619,8호선,2818,가락시장,817,N,8호선,8015,2817,송파,816,N,05:38:10,05:38:40,,8006,상행,2025-05-01T05:00:00,,평일
8호선,2805,별내,804,,20250619,8호선,2818,가락시장,817,N,8호선,8015,2816,석촌,815,N,05:39:50,05:40:20,,8006,상행,2025-05-01T05:00:00,,평일
8호선,2805,별내,804,,20250619,8호선,2818,가락시장,817,N,8호선,8015,2815,잠실,814,N,05:42:10,05:42:50,,8006,상행,2025-05-01T05:00:00,,평일
8호선,2805,별내,804,,20250619,8호선,2818,가락시장,817,N,8호선,8015,2814,몽촌토성,813,N,05:44:00,05:44:30,,8006,상행,2025-05-01T05:00:00,,평일
8호선,2805,별내,804,,20250619,8호선,2818,가락시장,817,N,8호선,8015,2813,강동구청,812,N,05:46:30,05:47:00,,8006,상행,2025-05-01T05:00:00,,평일
8호선,2805,별내,804,,20250619,8호선,2818,가락시장,817,N,8호선,8015,2812,천호,811,N,05:48:20,05:49:00,,8006,상행,2025-05-01T05:00:00,,평일
8호선,2805,별내,804,,20250619,8호선,2818,가락시장,817,N,8호선,8015,2811,암사,810,N,05:50:30,05:51:00,,8006,상행,2025-05-01T05:00:00,,평일
8호선,2805,별내,804,,20250619,8호선,2818,가락시장,817,N,8호선,8015,2810,암사역사공원,809,N,05:53:00,05:53:30,,8006,상행,2025-05-01T05:00:00,,평일
8호선,2805,별내,804,,20250619,8호선,2818,가락시장,817,N,8호선,8015,2809,장자호수공원,808,N,05:57:10,05:57:40,,8006,상행,2025-05-01T05:00:00,,평일
8호선,2805,별내,804,,20250619,8호선,2818,가락시장,817,N,8호선,8015,2808,구리,807,N,05:59:50,06:00:30,,8006,상행,2025-05-01T05:00:00,,평일
8호선,2805,별내,804,,20250619,8호선,2818,가락시장,817,N,8호선,8015,2807,동구릉,806,N,06:01:50,06:02:20,,8006,상행,2025-05-01T05:00:00,,평일
8호선,2805,별내,804,,20250619,8호선,2818,가락시장,817,N,8호선,8015,2806,다산,805,N,06:04:40,06:05:10,,8006,상행,2025-05-01T05:00:00,,평일
8호선,2805,별내,804,,20250619,8호선,2818,가락시장,817,N,8호선,8015,2805,별내,804,N,06:08:20,,,8006,상행,2025-05-01T05:00:00,,평일
8호선,2805,별내,804,,20250619,8호선,2827,모란,827,N,8호선,8017,2827,모란,827,N,,05:30:00,,8008,상행,2025-05-01T05:00:00,,평일
8호선,2805,별내,804,,20250619,8호선,2827,모란,827,N,8호선,8017,2826,수진,826,N,05:31:30,05:31:50,,8008,상행,2025-05-01T05:00:00,,평일
8호선,2805,별내,804,,20250619,8호선,2827,모란,827,N,8호선,8017,2825,신흥,825,N,05:33:00,05:33:20,,8008,상행,2025-05-01T05:00:00,,평일
8호선,2805,별내,804,,20250619,8호선,2827,모란,827,N,8호선,8017,2824,단대오거리,824,N,05:34:30,05:35:00,,8008,상행,2025-05-01T05:00:00,,평일
8호선,2805,별내,804,,20250619,8호선,2827,모란,827,N,8호선,8017,2823,남한산성입구,823,N,05:36:10,05:36:40,,8008,상행,2025-05-01T05:00:00,,평일
8호선,2805,별내,804,,20250619,8호선,2827,모란,827,N,8호선,8017,2822,산성,822,N,05:38:50,05:39:20,,8008,상행,2025-05-01T05:00:00,,평일
8호선,2805,별내,804,,20250619,8호선,2827,모란,827,N,8호선,8017,2828,남위례,821,N,05:41:00,05:41:30,,8008,상행,2025-05-01T05:00:00,,평일
8호선,2805,별내,804,,20250619,8호선,2827,모란,827,N,8호선,8017,2821,복정,820,N,05:43:20,05:43:50,,8008,상행,2025-05-01T05:00:00,,평일
8호선,2805,별내,804,,20250619,8호선,2827,모란,827,N,8호선,8017,2820,장지,819,N,05:45:00,05:45:30,,8008,상행,2025-05-01T05:00:00,,평일
8호선,2805,별내,804,,20250619,8호선,2827,모란,827,N,8호선,8017,2819,문정,818,N,05:46:40,05:47:20,,8008,상행,2025-05-01T05:00:00,,평일
8호선,2805,별내,804,,20250619,8호선,2827,모란,827,N,8호선,8017,2818,가락시장,817,N,05:48:30,05:49:10,,8008,상행,2025-05-01T05:00:00,,평일
8호선,2805,별내,804,,20250619,8호선,2827,모란,827,N,8호선,8017,2817,송파,816,N,05:50:20,05:50:50,,8008,상행,2025-05-01T05:00:00,,평일
8호선,2805,별내,804,,20250619,8호선,2827,모란,827,N,8호선,8017,2816,석촌,815,N,05:52:00,05:52:30,,8008,상행,2025-05-01T05:00:00,,평일
8호선,2805,별내,804,,20250619,8호선,2827,모란,827,N,8호선,8017,2815,잠실,814,N,05:54:20,05:55:00,,8008,상행,2025-05-01T05:00:00,,평일
8호선,2805,별내,804,,20250619,8호선,2827,모란,827,N,8호선,8017,2814,몽촌토성,813,N,05:56:10,05:56:40,,8008,상행,2025-05-01T05:00:00,,평일
8호선,2805,별내,804,,20250619,8호선,2827,모란,827,N,8호선,8017,2813,강동구청,812,N,05:58:40,05:59:10,,8008,상행,2025-05-01T05:00:00,,평일
8호선,2805,별내,804,,20250619,8호선,2827,모란,827,N,8호선,8017,2812,천호,811,N,06:00:30,06:01:10,,8008,상행,2025-05-01T05:00:00,,평일
8호선,2805,별내,804,,20250619,8호선,2827,모란,827,N,8호선,8017,2811,암사,810,N,06:02:40,06:03:10,,8008,상행,2025-05-01T05:00:00,,평일
8호선,2805,별내,804,,20250619,8호선,2827,모란,827,N,8호선,8017,2810,암사역사공원,809,N,06:05:10,06:05:40,,8008,상행,2025-05-01T05:00:00,,평일
8호선,2805,별내,804,,20250619,8호선,2827,모란,827,N,8호선,8017,2809,장자호수공원,808,N,06:09:20,06:09:50,,8008,상행,2025-05-01T05:00:00,,평일
8호선,2805,별내,804,,20250619,8호선,2827,모란,827,N,8호선,8017,2808,구리,807,N,06:12:00,06:12:40,,8008,상행,2025-05-01T05:00:00,,평일
8호선,2805,별내,804,,20250619,8호선,2827,모란,827,N,8호선,8017,2807,동구릉,806,N,06:14:00,06:14:30,,8008,상행,2025-05-01T05:00:00,,평일
8호선,2805,별내,804,,20250619,8호선,2827,모란,827,N,8호선,8017,2806,다산,805,N,06:16:50,06:17:20,,8008,상행,2025-05-01T05:00:00,,평일
8호선,2805,별내,804,,20250619,8호선,2827,모란,827,N,8호선,8017,2805,별내,804,N,06:20:30,,,8008,상행,2025-05-01T05:00:00,,평일
8호선,2805,별내,804,,20250619,8호선,2827,모란,827,N,8호선,8019,2827,모란,827,N,,05:37:00,,8010,상행,2025-05-01T05:00:00,,평일
8호선,2805,별내,804,,20250619,8호선,2827,모란,827,N,8호선,8019,2826,수진,826,N,05:38:30,05:38:50,,8010,상행,2025-05-01T05:00:00,,평일
8호선,2805,별내,804,,20250619,8호선,2827,모란,827,N,8호선,8019,2825,신흥,825,N,05:40:00,05:40:20,,8010,상행,2025-05-01T05:00:00,,평일
8호선,2805,별내,804,,20250619,8호선,2827,모란,827,N,8호선,8019,2824,단대오거리,824,N,05:41:30,05:42:00,,8010,상행,2025-05-01T05:00:00,,평일
8호선,2805,별내,804,,20250619,8호선,2827,모란,827,N,8호선,8019,2823,남한산성입구,823,N,05:43:10,05:43:40,,8010,상행,2025-05-01T05:00:00,,평일
8호선,2805,별내,804,,20250619,8호선,2827,모란,827,N,8호선,8019,2822,산성,822,N,05:45:50,05:46:20,,8010,상행,2025-05-01T05:00:00,,평일
8호선,2805,별내,804,,20250619,8호선,2827,모란,827,N,8호선,8019,2828,남위례,821,N,05:48:00,05:48:30,,8010,상행,2025-05-01T05:00:00,,평일
8호선,2805,별내,804,,20250619,8호선,2827,모란,827,N,8호선,8019,2821,복정,820,N,05:50:20,05:50:50,,8010,상행,2025-05-01T05:00:00,,평일
8호선,2805,별내,804,,20250619,8호선,2827,모란,827,N,8호선,8019,2820,장지,819,N,05:52:00,05:52:30,,8010,상행,2025-05-01T05:00:00,,평일
8호선,2805,별내,804,,20250619,8호선,2827,모란,827,N,8호선,8019,2819,문정,818,N,05:53:40,05:54:20,,8010,상행,2025-05-01T05:00:00,,평일
8호선,2805,별내,804,,20250619,8호선,2827,모란,827,N,8호선,8019,2818,가락시장,817,N,05:55:30,05:56:10,,8010,상행,2025-05-01T05:00:00,,평일
8호선,2805,별내,804,,20250619,8호선,2827,모란,827,N,8호선,8019,2817,송파,816,N,05:57:20,05:57:50,,8010,상행,2025-05-01T05:00:00,,평일
8호선,2805,별내,804,,20250619,8호선,2827,모란,827,N,8호선,8019,2816,석촌,815,N,05:59:00,05:59:30,,8010,상행,2025-05-01T05:00:00,,평일
8호선,2805,별내,804,,20250619,8호선,2827,모란,827,N,8호선,8019,2815,잠실,814,N,06:01:20,06:02:00,,8010,상행,2025-05-01T05:00:00,,평일
8호선,2805,별내,804,,20250619,8호선,2827,모란,827,N,8호선,8019,2814,몽촌토성,813,N,06:03:10,06:03:40,,8010,상행,2025-05-01T05:00:00,,평일
8호선,2805,별내,804,,20250619,8호선,2827,모란,827,N,8호선,8019,2813,강동구청,812,N,06:05:40,06:06:10,,8010,상행,2025-05-01T05:00:00,,평일
8호선,2805,별내,804,,20250619,8호선,2827,모란,827,N,8호선,8019,2812,천호,811,N,06:07:30,06:08:10,,8010,상행,2025-05-01T05:00:00,,평일
8호선,2805,별내,804,,20250619,8호선,2827,모란,827,N,8호선,8019,2811,암사,810,N,06:09:40,06:10:10,,8010,상행,2025-05-01T05:00:00,,평일
8호선,2805,별내,804,,20250619,8호선,2827,모란,827,N,8호선,8019,2810,암사역사공원,809,N,06:12:10,06:12:40,,8010,상행,2025-05-01T05:00:00,,평일
8호선,2805,별내,804,,20250619,8호선,2827,모란,827,N,8호선,8019,2809,장자호수공원,808,N,06:16:20,06:16:50,,8010,상행,2025-05-01T05:00:00,,평일
8호선,2805,별내,804,,20250619,8호선,2827,모란,827,N,8호선,8019,2808,구리,807,N,06:19:00,06:19:40,,8010,상행,2025-05-01T05:00:00,,평일
8호선,2805,별내,804,,20250619,8호선,2827,모란,827,N,8호선,8019,2807,동구릉,806,N,06:21:00,06:21:30,,8010,상행,2025-05-01T05:00:00,,평일
8호선,2805,별내,804,,20250619,8호선,2827,모란,827,N,8호선,8019,2806,다산,805,N,06:23:50,06:24:20,,8010,상행,2025-05-01T05:00:00,,평일
8호선,2805,별내,804,,20250619,8호선,2827,모란,827,N,8호선,8019,2805,별내,804,N,06:27:30,,,8010,상행,2025-05-01T05:00:00,,평일
8호선,2805,별내,804,,20250619,8호선,2827,모란,827,N,8호선,8021,2827,모란,827,N,,05:44:00,,8012,상행,2025-05-01T05:00:00,,평일
8호선,2805,별내,804,,20250619,8호선,2827,모란,827,N,8호선,8021,2826,수진,826,N,05:45:30,05:45:50,,8012,상행,2025-05-01T05:00:00,,평일
8호선,2805,별내,804,,20250619,8호선,2827,모란,827,N,8호선,8021,2825,신흥,825,N,05:47:00,05:47:20,,8012,상행,2025-05-01T05:00:00,,평일
8호선,2805,별내,804,,20250619,8호선,2827,모란,827,N,8호선,8021,2824,단대오거리,824,N,05:48:30,05:49:00,,8012,상행,2025-05-01T05:00:00,,평일
8호선,2805,별내,804,,20250619,8호선,2827,모란,827,N,8호선,8021,2823,남한산성입구,823,N,05:50:10,05:50:40,,8012,상행,2025-05-01T05:00:00,,평일
8호선,2805,별내,804,,20250619,8호선,2827,모란,827,N,8호선,8021,2822,산성,822,N,05:52:50,05:53:20,,8012,상행,2025-05-01T05:00:00,,평일
8호선,2805,별내,804,,20250619,8호선,2827,모란,827,N,8호선,8021,2828,남위례,821,N,05:55:00,05:55:30,,8012,상행,2025-05-01T05:00:00,,평일
8호선,2805,별내,804,,20250619,8호선,2827,모란,827,N,8호선,8021,2821,복정,820,N,05:57:20,05:57:50,,8012,상행,2025-05-01T05:00:00,,평일
8호선,2805,별내,804,,20250619,8호선,2827,모란,827,N,8호선,8021,2820,장지,819,N,05:59:00,05:59:30,,8012,상행,2025-05-01T05:00:00,,평일
8호선,2805,별내,804,,20250619,8호선,2827,모란,827,N,8호선,8021,2819,문정,818,N,06:00:40,06:01:20,,8012,상행,2025-05-01T05:00:00,,평일
8호선,2805,별내,804,,20250619,8호선,2827,모란,827,N,8호선,8021,2818,가락시장,817,N,06:02:30,06:03:10,,8012,상행,2025-05-01T05:00:00,,평일
8호선,2805,별내,804,,20250619,8호선,2827,모란,827,N,8호선,8021,2817,송파,816,N,06:04:20,06:04:50,,8012,상행,2025-05-01T05:00:00,,평일
8호선,2805,별내,804,,20250619,8호선,2827,모란,827,N,8호선,8021,2816,석촌,815,N,06:06:00,06:06:30,,8012,상행,2025-05-01T05:00:00,,평일
8호선,2805,별내,804,,20250619,8호선,2827,모란,827,N,8호선,8021,2815,잠실,814,N,06:08:20,06:09:00,,8012,상행,2025-05-01T05:00:00,,평일
8호선,2805,별내,804,,20250619,8호선,2827,모란,827,N,8호선,8021,2814,몽촌토성,813,N,06:10:10,06:10:40,,8012,상행,2025-05-01T05:00:00,,평일
8호선,2805,별내,804,,20250619,8호선,2827,모란,827,N,8호선,8021,2813,강동구청,812,N,06:12:40,06:13:10,,8012,상행,2025-05-01T05:00:00,,평일
8호선,2805,별내,804,,20250619,8호선,2827,모란,827,N,8호선,8021,2812,천호,811,N,06:14:30,06:15:10,,8012,상행,2025-05-01T05:00:00,,평일
8호선,2805,별내,804,,20250619,8호선,2827,모란,827,N,8호선,8021,2811,암사,810,N,06:16:40,06:17:10,,8012,상행,2025-05-01T05:00:00,,평일
8호선,2805,별내,804,,20250619,8호선,2827,모란,827,N,8호선,8021,2810,암사역사공원,809,N,06:19:10,06:19:40,,8012,상행,2025-05-01T05:00:00,,평일
8호선,2805,별내,804,,20250619,8호선,2827,모란,827,N,8호선,8021,2809,장자호수공원,808,N,06:23:20,06:23:50,,8012,상행,2025-05-01T05:00:00,,평일
8호선,2805,별내,804,,20250619,8호선,2827,모란,827,N,8호선,8021,2808,구리,807,N,06:26:00,06:26:40,,8012,상행,2025-05-01T05:00:00,,평일
8호선,2805,별내,804,,20250619,8호선,2827,모란,827,N,8호선,8021,2807,동구릉,806,N,06:28:00,06:28:30,,8012,상행,2025-05-01T05:00:00,,평일
8호선,2805,별내,804,,20250619,8호선,2827,모란,827,N,8호선,8021,2806,다산,805,N,06:30:50,06:31:20,,8012,상행,2025-05-01T05:00:00,,평일
8호선,2805,별내,804,,20250619,8호선,2827,모란,827,N,8호선,8021,2805,별내,804,N,06:34:30,,,8012,상행,2025-05-01T05:00:00,,평일
8호선,2805,별내,804,,20250619,8호선,2827,모란,827,N,8호선,8023,2827,모란,827,N,,05:50:00,,8014,상행,2025-05-01T05:00:00,,평일
8호선,2805,별내,804,,20250619,8호선,2827,모란,827,N,8호선,8023,2826,수진,826,N,05:51:30,05:51:50,,8014,상행,2025-05-01T05:00:00,,평일
8호선,2805,별내,804,,20250619,8호선,2827,모란,827,N,8호선,8023,2825,신흥,825,N,05:53:00,05:53:20,,8014,상행,2025-05-01T05:00:00,,평일
8호선,2805,별내,804,,20250619,8호선,2827,모란,827,N,8호선,8023,2824,단대오거리,824,N,05:54:30,05:55:00,,8014,상행,2025-05-01T05:00:00,,평일
8호선,2805,별내,804,,20250619,8호선,2827,모란,827,N,8호선,8023,2823,남한산성입구,823,N,05:56:10,05:56:40,,8014,상행,2025-05-01T05:00:00,,평일
8호선,2805,별내,804,,20250619,8호선,2827,모란,827,N,8호선,8023,2822,산성,822,N,05:58:50,05:59:20,,8014,상행,2025-05-01T05:00:00,,평일
8호선,2805,별내,804,,20250619,8호선,2827,모란,827,N,8호선,8023,2828,남위례,821,N,06:01:00,06:01:30,,8014,상행,2025-05-01T05:00:00,,평일
8호선,2805,별내,804,,20250619,8호선,2827,모란,827,N,8호선,8023,2821,복정,820,N,06:03:20,06:03:50,,8014,상행,2025-05-01T05:00:00,,평일
8호선,2805,별내,804,,20250619,8호선,2827,모란,827,N,8호선,8023,2820,장지,819,N,06:05:00,06:05:30,,8014,상행,2025-05-01T05:00:00,,평일
8호선,2805,별내,804,,20250619,8호선,2827,모란,827,N,8호선,8023,2819,문정,818,N,06:06:40,06:07:20,,8014,상행,2025-05-01T05:00:00,,평일
8호선,2805,별내,804,,20250619,8호선,2827,모란,827,N,8호선,8023,2818,가락시장,817,N,06:08:30,06:09:10,,8014,상행,2025-05-01T05:00:00,,평일
8호선,2805,별내,804,,20250619,8호선,2827,모란,827,N,8호선,8023,2817,송파,816,N,06:10:20,06:10:50,,8014,상행,2025-05-01T05:00:00,,평일
8호선,2805,별내,804,,20250619,8호선,2827,모란,827,N,8호선,8023,2816,석촌,815,N,06:12:00,06:12:30,,8014,상행,2025-05-01T05:00:00,,평일
8호선,2805,별내,804,,20250619,8호선,2827,모란,827,N,8호선,8023,2815,잠실,814,N,06:14:20,06:15:00,,8014,상행,2025-05-01T05:00:00,,평일
8호선,2805,별내,804,,20250619,8호선,2827,모란,827,N,8호선,8023,2814,몽촌토성,813,N,06:16:10,06:16:40,,8014,상행,2025-05-01T05:00:00,,평일
8호선,2805,별내,804,,20250619,8호선,2827,모란,827,N,8호선,8023,2813,강동구청,812,N,06:18:40,06:19:10,,8014,상행,2025-05-01T05:00:00,,평일
8호선,2805,별내,804,,20250619,8호선,2827,모란,827,N,8호선,8023,2812,천호,811,N,06:20:30,06:21:10,,8014,상행,2025-05-01T05:00:00,,평일
8호선,2805,별내,804,,20250619,8호선,2827,모란,827,N,8호선,8023,2811,암사,810,N,06:22:40,06:23:10,,8014,상행,2025-05-01T05:00:00,,평일
8호선,2805,별내,804,,20250619,8호선,2827,모란,827,N,8호선,8023,2810,암사역사공원,809,N,06:25:10,06:25:40,,8014,상행,2025-05-01T05:00:00,,평일
8호선,2805,별내,804,,20250619,8호선,2827,모란,827,N,8호선,8023,2809,장자호수공원,808,N,06:29:20,06:29:50,,8014,상행,2025-05-01T05:00:00,,평일
8호선,2805,별내,804,,20250619,8호선,2827,모란,827,N,8호선,8023,2808,구리,807,N,06:32:00,06:32:40,,8014,상행,2025-05-01T05:00:00,,평일
8호선,2805,별내,804,,20250619,8호선,2827,모란,827,N,8호선,8023,2807,동구릉,806,N,06:34:00,06:34:30,,8014,상행,2025-05-01T05:00:00,,평일
8호선,2805,별내,804,,20250619,8호선,2827,모란,827,N,8호선,8023,2806,다산,805,N,06:36:50,06:37:20,,8014,상행,2025-05-01T05:00:00,,평일
8호선,2805,별내,804,,20250619,8호선,2827,모란,827,N,8호선,8023,2805,별내,804,N,06:40:30,,,8014,상행,2025-05-01T05:00:00,,평일
8호선,2805,별내,804,,20250619,8호선,2827,모란,827,N,8호선,8025,2827,모란,827,N,,05:56:00,,8016,상행,2025-05-01T05:00:00,,평일
8호선,2805,별내,804,,20250619,8호선,2827,모란,827,N,8호선,8025,2826,수진,826,N,05:57:30,05:57:50,,8016,상행,2025-05-01T05:00:00,,평일
8호선,2805,별내,804,,20250619,8호선,2827,모란,827,N,8호선,8025,2825,신흥,825,N,05:59:00,05:59:20,,8016,상행,2025-05-01T05:00:00,,평일
8호선,2805,별내,804,,20250619,8호선,2827,모란,827,N,8호선,8025,2824,단대오거리,824,N,06:00:30,06:01:00,,8016,상행,2025-05-01T05:00:00,,평일
8호선,2805,별내,804,,20250619,8호선,2827,모란,827,N,8호선,8025,2823,남한산성입구,823,N,06:02:10,06:02:40,,8016,상행,2025-05-01T05:00:00,,평일
8호선,2805,별내,804,,20250619,8호선,2827,모란,827,N,8호선,8025,2822,산성,822,N,06:04:50,06:05:20,,8016,상행,2025-05-01T05:00:00,,평일
8호선,2805,별내,804,,20250619,8호선,2827,모란,827,N,8호선,8025,2828,남위례,821,N,06:07:00,06:07:30,,8016,상행,2025-05-01T05:00:00,,평일
8호선,2805,별내,804,,20250619,8호선,2827,모란,827,N,8호선,8025,2821,복정,820,N,06:09:20,06:09:50,,8016,상행,2025-05-01T05:00:00,,평일
8호선,2805,별내,804,,20250619,8호선,2827,모란,827,N,8호선,8025,2820,장지,819,N,06:11:00,06:11:30,,8016,상행,2025-05-01T05:00:00,,평일
8호선,2805,별내,804,,20250619,8호선,2827,모란,827,N,8호선,8025,2819,문정,818,N,06:12:40,06:13:20,,8016,상행,2025-05-01T05:00:00,,평일
8호선,2805,별내,804,,20250619,8호선,2827,모란,827,N,8호선,8025,2818,가락시장,817,N,06:14:30,06:15:10,,8016,상행,2025-05-01T05:00:00,,평일
8호선,2805,별내,804,,20250619,8호선,2827,모란,827,N,8호선,8025,2817,송파,816,N,06:16:20,06:16:50,,8016,상행,2025-05-01T05:00:00,,평일
8호선,2805,별내,804,,20250619,8호선,2827,모란,827,N,8호선,8025,2816,석촌,815,N,06:18:00,06:18:30,,8016,상행,2025-05-01T05:00:00,,평일
8호선,2805,별내,804,,20250619,8호선,2827,모란,827,N,8호선,8025,2815,잠실,814,N,06:20:20,06:21:00,,8016,상행,2025-05-01T05:00:00,,평일
8호선,2805,별내,804,,20250619,8호선,2827,모란,827,N,8호선,8025,2814,몽촌토성,813,N,06:22:10,06:22:40,,8016,상행,2025-05-01T05:00:00,,평일
8호선,2805,별내,804,,20250619,8호선,2827,모란,827,N,8호선,8025,2813,강동구청,812,N,06:24:40,06:25:10,,8016,상행,2025-05-01T05:00:00,,평일
8호선,2805,별내,804,,20250619,8호선,2827,모란,827,N,8호선,8025,2812,천호,811,N,06:26:30,06:27:10,,8016,상행,2025-05-01T05:00:00,,평일
8호선,2805,별내,804,,20250619,8호선,2827,모란,827,N,8호선,8025,2811,암사,810,N,06:28:40,06:29:10,,8016,상행,2025-05-01T05:00:00,,평일
8호선,2805,별내,804,,20250619,8호선,2827,모란,827,N,8호선,8025,2810,암사역사공원,809,N,06:31:10,06:31:40,,8016,상행,2025-05-01T05:00:00,,평일
8호선,2805,별내,804,,20250619,8호선,2827,모란,827,N,8호선,8025,2809,장자호수공원,808,N,06:35:20,06:35:50,,8016,상행,2025-05-01T05:00:00,,평일
8호선,2805,별내,804,,20250619,8호선,2827,모란,827,N,8호선,8025,2808,구리,807,N,06:38:00,06:38:40,,8016,상행,2025-05-01T05:00:00,,평일
8호선,2805,별내,804,,20250619,8호선,2827,모란,827,N,8호선,8025,2807,동구릉,806,N,06:40:00,06:40:30,,8016,상행,2025-05-01T05:00:00,,평일
8호선,2805,별내,804,,20250619,8호선,2827,모란,827,N,8호선,8025,2806,다산,805,N,06:42:50,06:43:20,,8016,상행,2025-05-01T05:00:00,,평일
8호선,2805,별내,804,,20250619,8호선,2827,모란,827,N,8호선,8025,2805,별내,804,N,06:46:30,,,8016,상행,2025-05-01T05:00:00,,평일
8호선,2805,별내,804,,20250619,8호선,2827,모란,827,N,8호선,8027,2827,모란,827,N,,06:01:00,,8018,상행,2025-05-01T05:00:00,,평일
8호선,2805,별내,804,,20250619,8호선,2827,모란,827,N,8호선,8027,2826,수진,826,N,06:02:30,06:02:50,,8018,상행,2025-05-01T05:00:00,,평일
8호선,2805,별내,804,,20250619,8호선,2827,모란,827,N,8호선,8027,2825,신흥,825,N,06:04:00,06:04:20,,8018,상행,2025-05-01T05:00:00,,평일
8호선,2805,별내,804,,20250619,8호선,2827,모란,827,N,8호선,8027,2824,단대오거리,824,N,06:05:30,06:06:00,,8018,상행,2025-05-01T05:00:00,,평일
8호선,2805,별내,804,,20250619,8호선,2827,모란,827,N,8호선,8027,2823,남한산성입구,823,N,06:07:10,06:07:40,,8018,상행,2025-05-01T05:00:00,,평일
8호선,2805,별내,804,,20250619,8호선,2827,모란,827,N,8호선,8027,2822,산성,822,N,06:09:50,06:10:20,,8018,상행,2025-05-01T05:00:00,,평일
8호선,2805,별내,804,,20250619,8호선,2827,모란,827,N,8호선,8027,2828,남위례,821,N,06:12:00,06:12:30,,8018,상행,2025-05-01T05:00:00,,평일
8호선,2805,별내,804,,20250619,8호선,2827,모란,827,N,8호선,8027,2821,복정,820,N,06:14:20,06:14:50,,8018,상행,2025-05-01T05:00:00,,평일
8호선,2805,별내,804,,20250619,8호선,2827,모란,827,N,8호선,8027,2820,장지,819,N,06:16:00,06:16:30,,8018,상행,2025-05-01T05:00:00,,평일
8호선,2805,별내,804,,20250619,8호선,2827,모란,827,N,8호선,8027,2819,문정,818,N,06:17:40,06:18:20,,8018,상행,2025-05-01T05:00:00,,평일
8호선,2805,별내,804,,20250619,8호선,2827,모란,827,N,8호선,8027,2818,가락시장,817,N,06:19:30,06:20:10,,8018,상행,2025-05-01T05:00:00,,평일
8호선,2805,별내,804,,20250619,8호선,2827,모란,827,N,8호선,8027,2817,송파,816,N,06:21:20,06:21:50,,8018,상행,2025-05-01T05:00:00,,평일
8호선,2805,별내,804,,20250619,8호선,2827,모란,827,N,8호선,8027,2816,석촌,815,N,06:23:00,06:23:30,,8018,상행,2025-05-01T05:00:00,,평일
8호선,2805,별내,804,,20250619,8호선,2827,모란,827,N,8호선,8027,2815,잠실,814,N,06:25:20,06:26:00,,8018,상행,2025-05-01T05:00:00,,평일
8호선,2805,별내,804,,20250619,8호선,2827,모란,827,N,8호선,8027,2814,몽촌토성,813,N,06:27:10,06:27:40,,8018,상행,2025-05-01T05:00:00,,평일
8호선,2805,별내,804,,20250619,8호선,2827,모란,827,N,8호선,8027,2813,강동구청,812,N,06:29:40,06:30:10,,8018,상행,2025-05-01T05:00:00,,평일
8호선,2805,별내,804,,20250619,8호선,2827,모란,827,N,8호선,8027,2812,천호,811,N,06:31:30,06:32:10,,8018,상행,2025-05-01T05:00:00,,평일
8호선,2805,별내,804,,20250619,8호선,2827,모란,827,N,8호선,8027,2811,암사,810,N,06:33:40,06:34:10,,8018,상행,2025-05-01T05:00:00,,평일
8호선,2805,별내,804,,20250619,8호선,2827,모란,827,N,8호선,8027,2810,암사역사공원,809,N,06:36:10,06:36:40,,8018,상행,2025-05-01T05:00:00,,평일
8호선,2805,별내,804,,20250619,8호선,2827,모란,827,N,8호선,8027,2809,장자호수공원,808,N,06:40:20,06:40:50,,8018,상행,2025-05-01T05:00:00,,평일
8호선,2805,별내,804,,20250619,8호선,2827,모란,827,N,8호선,8027,2808,구리,807,N,06:43:00,06:43:40,,8018,상행,2025-05-01T05:00:00,,평일
8호선,2805,별내,804,,20250619,8호선,2827,모란,827,N,8호선,8027,2807,동구릉,806,N,06:45:00,06:45:30,,8018,상행,2025-05-01T05:00:00,,평일
8호선,2805,별내,804,,20250619,8호선,2827,모란,827,N,8호선,8027,2806,다산,805,N,06:47:50,06:48:20,,8018,상행,2025-05-01T05:00:00,,평일
8호선,2805,별내,804,,20250619,8호선,2827,모란,827,N,8호선,8027,2805,별내,804,N,06:51:30,,,8018,상행,2025-05-01T05:00:00,,평일
8호선,2805,별내,804,,20250619,8호선,2827,모란,827,N,8호선,8029,2827,모란,827,N,,06:06:00,,8020,상행,2025-05-01T05:00:00,,평일
8호선,2805,별내,804,,20250619,8호선,2827,모란,827,N,8호선,8029,2826,수진,826,N,06:07:30,06:07:50,,8020,상행,2025-05-01T05:00:00,,평일
8호선,2805,별내,804,,20250619,8호선,2827,모란,827,N,8호선,8029,2825,신흥,825,N,06:09:00,06:09:20,,8020,상행,2025-05-01T05:00:00,,평일
8호선,2805,별내,804,,20250619,8호선,2827,모란,827,N,8호선,8029,2824,단대오거리,824,N,06:10:30,06:11:00,,8020,상행,2025-05-01T05:00:00,,평일
8호선,2805,별내,804,,20250619,8호선,2827,모란,827,N,8호선,8029,2823,남한산성입구,823,N,06:12:10,06:12:40,,8020,상행,2025-05-01T05:00:00,,평일
8호선,2805,별내,804,,20250619,8호선,2827,모란,827,N,8호선,8029,2822,산성,822,N,06:14:50,06:15:20,,8020,상행,2025-05-01T05:00:00,,평일
8호선,2805,별내,804,,20250619,8호선,2827,모란,827,N,8호선,8029,2828,남위례,821,N,06:17:00,06:17:30,,8020,상행,2025-05-01T05:00:00,,평일
8호선,2805,별내,804,,20250619,8호선,2827,모란,827,N,8호선,8029,2821,복정,820,N,06:19:20,06:19:50,,8020,상행,2025-05-01T05:00:00,,평일
8호선,2805,별내,804,,20250619,8호선,2827,모란,827,N,8호선,8029,2820,장지,819,N,06:21:00,06:21:30,,8020,상행,2025-05-01T05:00:00,,평일
8호선,2805,별내,804,,20250619,8호선,2827,모란,827,N,8호선,8029,2819,문정,818,N,06:22:40,06:23:20,,8020,상행,2025-05-01T05:00:00,,평일
8호선,2805,별내,804,,20250619,8호선,2827,모란,827,N,8호선,8029,2818,가락시장,817,N,06:24:30,06:25:10,,8020,상행,2025-05-01T05:00:00,,평일
8호선,2805,별내,804,,20250619,8호선,2827,모란,827,N,8호선,8029,2817,송파,816,N,06:26:20,06:26:50,,8020,상행,2025-05-01T05:00:00,,평일
8호선,2805,별내,804,,20250619,8호선,2827,모란,827,N,8호선,8029,2816,석촌,815,N,06:28:00,06:28:30,,8020,상행,2025-05-01T05:00:00,,평일
8호선,2805,별내,804,,20250619,8호선,2827,모란,827,N,8호선,8029,2815,잠실,814,N,06:30:20,06:31:00,,8020,상행,2025-05-01T05:00:00,,평일
8호선,2805,별내,804,,20250619,8호선,2827,모란,827,N,8호선,8029,2814,몽촌토성,813,N,06:32:10,06:32:40,,8020,상행,2025-05-01T05:00:00,,평일
8호선,2805,별내,804,,20250619,8호선,2827,모란,827,N,8호선,8029,2813,강동구청,812,N,06:34:40,06:35:10,,8020,상행,2025-05-01T05:00:00,,평일
8호선,2805,별내,804,,20250619,8호선,2827,모란,827,N,8호선,8029,2812,천호,811,N,06:36:30,06:37:10,,8020,상행,2025-05-01T05:00:00,,평일
8호선,2805,별내,804,,20250619,8호선,2827,모란,827,N,8호선,8029,2811,암사,810,N,06:38:40,06:39:10,,8020,상행,2025-05-01T05:00:00,,평일
8호선,2805,별내,804,,20250619,8호선,2827,모란,827,N,8호선,8029,2810,암사역사공원,809,N,06:41:10,06:41:40,,8020,상행,2025-05-01T05:00:00,,평일
8호선,2805,별내,804,,20250619,8호선,2827,모란,827,N,8호선,8029,2809,장자호수공원,808,N,06:45:20,06:45:50,,8020,상행,2025-05-01T05:00:00,,평일
8호선,2805,별내,804,,20250619,8호선,2827,모란,827,N,8호선,8029,2808,구리,807,N,06:48:00,06:48:40,,8020,상행,2025-05-01T05:00:00,,평일
8호선,2805,별내,804,,20250619,8호선,2827,모란,827,N,8호선,8029,2807,동구릉,806,N,06:50:00,06:50:30,,8020,상행,2025-05-01T05:00:00,,평일
8호선,2805,별내,804,,20250619,8호선,2827,모란,827,N,8호선,8029,2806,다산,805,N,06:52:50,06:53:20,,8020,상행,2025-05-01T05:00:00,,평일
8호선,2805,별내,804,,20250619,8호선,2827,모란,827,N,8호선,8029,2805,별내,804,N,06:56:30,,,8020,상행,2025-05-01T05:00:00,,평일
8호선,2805,별내,804,,20250619,8호선,2827,모란,827,N,8호선,8031,2827,모란,827,N,,06:11:00,,8022,상행,2025-05-01T05:00:00,,평일
8호선,2805,별내,804,,20250619,8호선,2827,모란,827,N,8호선,8031,2826,수진,826,N,06:12:30,06:12:50,,8022,상행,2025-05-01T05:00:00,,평일
8호선,2805,별내,804,,20250619,8호선,2827,모란,827,N,8호선,8031,2825,신흥,825,N,06:14:00,06:14:20,,8022,상행,2025-05-01T05:00:00,,평일
8호선,2805,별내,804,,20250619,8호선,2827,모란,827,N,8호선,8031,2824,단대오거리,824,N,06:15:30,06:16:00,,8022,상행,2025-05-01T05:00:00,,평일
8호선,2805,별내,804,,20250619,8호선,2827,모란,827,N,8호선,8031,2823,남한산성입구,823,N,06:17:10,06:17:40,,8022,상행,2025-05-01T05:00:00,,평일
8호선,2805,별내,804,,20250619,8호선,2827,모란,827,N,8호선,8031,2822,산성,822,N,06:19:50,06:20:20,,8022,상행,2025-05-01T05:00:00,,평일
8호선,2805,별내,804,,20250619,8호선,2827,모란,827,N,8호선,8031,2828,남위례,821,N,06:22:00,06:22:30,,8022,상행,2025-05-01T05:00:00,,평일
8호선,2805,별내,804,,20250619,8호선,2827,모란,827,N,8호선,8031,2821,복정,820,N,06:24:20,06:25:00,,8022,상행,2025-05-01T05:00:00,,평일
8호선,2805,별내,804,,20250619,8호선,2827,모란,827,N,8호선,8031,2820,장지,819,N,06:26:10,06:26:40,,8022,상행,2025-05-01T05:00:00,,평일
8호선,2805,별내,804,,20250619,8호선,2827,모란,827,N,8호선,8031,2819,문정,818,N,06:27:50,06:28:30,,8022,상행,2025-05-01T05:00:00,,평일
8호선,2805,별내,804,,20250619,8호선,2827,모란,827,N,8호선,8031,2818,가락시장,817,N,06:29:40,06:30:20,,8022,상행,2025-05-01T05:00:00,,평일
8호선,2805,별내,804,,20250619,8호선,2827,모란,827,N,8호선,8031,2817,송파,816,N,06:31:30,06:32:00,,8022,상행,2025-05-01T05:00:00,,평일
8호선,2805,별내,804,,20250619,8호선,2827,모란,827,N,8호선,8031,2816,석촌,815,N,06:33:10,06:33:50,,8022,상행,2025-05-01T05:00:00,,평일
8호선,2805,별내,804,,20250619,8호선,2827,모란,827,N,8호선,8031,2815,잠실,814,N,06:35:40,06:36:20,,8022,상행,2025-05-01T05:00:00,,평일
8호선,2805,별내,804,,20250619,8호선,2827,모란,827,N,8호선,8031,2814,몽촌토성,813,N,06:37:30,06:38:00,,8022,상행,2025-05-01T05:00:00,,평일
8호선,2805,별내,804,,20250619,8호선,2827,모란,827,N,8호선,8031,2813,강동구청,812,N,06:40:00,06:40:40,,8022,상행,2025-05-01T05:00:00,,평일
8호선,2805,별내,804,,20250619,8호선,2827,모란,827,N,8호선,8031,2812,천호,811,N,06:42:00,06:42:40,,8022,상행,2025-05-01T05:00:00,,평일
8호선,2805,별내,804,,20250619,8호선,2827,모란,827,N,8호선,8031,2811,암사,810,N,06:44:10,06:44:40,,8022,상행,2025-05-01T05:00:00,,평일
8호선,2805,별내,804,,20250619,8호선,2827,모란,827,N,8호선,8031,2810,암사역사공원,809,N,06:46:40,06:47:10,,8022,상행,2025-05-01T05:00:00,,평일
8호선,2805,별내,804,,20250619,8호선,2827,모란,827,N,8호선,8031,2809,장자호수공원,808,N,06:50:50,06:51:20,,8022,상행,2025-05-01T05:00:00,,평일
8호선,2805,별내,804,,20250619,8호선,2827,모란,827,N,8호선,8031,2808,구리,807,N,06:53:30,06:54:10,,8022,상행,2025-05-01T05:00:00,,평일
8호선,2805,별내,804,,20250619,8호선,2827,모란,827,N,8호선,8031,2807,동구릉,806,N,06:55:30,06:56:00,,8022,상행,2025-05-01T05:00:00,,평일
8호선,2805,별내,804,,20250619,8호선,2827,모란,827,N,8호선,8031,2806,다산,805,N,06:58:20,06:58:50,,8022,상행,2025-05-01T05:00:00,,평일
8호선,2805,별내,804,,20250619,8호선,2827,모란,827,N,8호선,8031,2805,별내,804,N,07:02:00,,,8022,상행,2025-05-01T05:00:00,,평일
8호선,2805,별내,804,,20250619,8호선,2827,모란,827,N,8호선,8033,2827,모란,827,N,,06:16:00,,8024,상행,2025-05-01T05:00:00,,평일
8호선,2805,별내,804,,20250619,8호선,2827,모란,827,N,8호선,8033,2826,수진,826,N,06:17:30,06:17:50,,8024,상행,2025-05-01T05:00:00,,평일
8호선,2805,별내,804,,20250619,8호선,2827,모란,827,N,8호선,8033,2825,신흥,825,N,06:19:00,06:19:20,,8024,상행,2025-05-01T05:00:00,,평일
8호선,2805,별내,804,,20250619,8호선,2827,모란,827,N,8호선,8033,2824,단대오거리,824,N,06:20:30,06:21:00,,8024,상행,2025-05-01T05:00:00,,평일
8호선,2805,별내,804,,20250619,8호선,2827,모란,827,N,8호선,8033,2823,남한산성입구,823,N,06:22:10,06:22:40,,8024,상행,2025-05-01T05:00:00,,평일
8호선,2805,별내,804,,20250619,8호선,2827,모란,827,N,8호선,8033,2822,산성,822,N,06:24:50,06:25:20,,8024,상행,2025-05-01T05:00:00,,평일
8호선,2805,별내,804,,20250619,8호선,2827,모란,827,N,8호선,8033,2828,남위례,821,N,06:27:00,06:27:30,,8024,상행,2025-05-01T05:00:00,,평일
8호선,2805,별내,804,,20250619,8호선,2827,모란,827,N,8호선,8033,2821,복정,820,N,06:29:20,06:30:00,,8024,상행,2025-05-01T05:00:00,,평일
8호선,2805,별내,804,,20250619,8호선,2827,모란,827,N,8호선,8033,2820,장지,819,N,06:31:10,06:31:40,,8024,상행,2025-05-01T05:00:00,,평일
8호선,2805,별내,804,,20250619,8호선,2827,모란,827,N,8호선,8033,2819,문정,818,N,06:32:50,06:33:30,,8024,상행,2025-05-01T05:00:00,,평일
8호선,2805,별내,804,,20250619,8호선,2827,모란,827,N,8호선,8033,2818,가락시장,817,N,06:34:40,06:35:20,,8024,상행,2025-05-01T05:00:00,,평일
8호선,2805,별내,804,,20250619,8호선,2827,모란,827,N,8호선,8033,2817,송파,816,N,06:36:30,06:37:00,,8024,상행,2025-05-01T05:00:00,,평일
8호선,2805,별내,804,,20250619,8호선,2827,모란,827,N,8호선,8033,2816,석촌,815,N,06:38:10,06:38:50,,8024,상행,2025-05-01T05:00:00,,평일
8호선,2805,별내,804,,20250619,8호선,2827,모란,827,N,8호선,8033,2815,잠실,814,N,06:40:40,06:41:20,,8024,상행,2025-05-01T05:00:00,,평일
8호선,2805,별내,804,,20250619,8호선,2827,모란,827,N,8호선,8033,2814,몽촌토성,813,N,06:42:30,06:43:00,,8024,상행,2025-05-01T05:00:00,,평일
8호선,2805,별내,804,,20250619,8호선,2827,모란,827,N,8호선,8033,2813,강동구청,812,N,06:45:00,06:45:40,,8024,상행,2025-05-01T05:00:00,,평일
8호선,2805,별내,804,,20250619,8호선,2827,모란,827,N,8호선,8033,2812,천호,811,N,06:47:00,06:47:40,,8024,상행,2025-05-01T05:00:00,,평일
8호선,2805,별내,804,,20250619,8호선,2827,모란,827,N,8호선,8033,2811,암사,810,N,06:49:10,06:49:40,,8024,상행,2025-05-01T05:00:00,,평일
8호선,2805,별내,804,,20250619,8호선,2827,모란,827,N,8호선,8033,2810,암사역사공원,809,N,06:51:40,06:52:10,,8024,상행,2025-05-01T05:00:00,,평일
8호선,2805,별내,804,,20250619,8호선,2827,모란,827,N,8호선,8033,2809,장자호수공원,808,N,06:55:50,06:56:20,,8024,상행,2025-05-01T05:00:00,,평일
8호선,2805,별내,804,,20250619,8호선,2827,모란,827,N,8호선,8033,2808,구리,807,N,06:58:30,06:59:10,,8024,상행,2025-05-01T05:00:00,,평일
8호선,2805,별내,804,,20250619,8호선,2827,모란,827,N,8호선,8033,2807,동구릉,806,N,07:00:30,07:01:00,,8024,상행,2025-05-01T05:00:00,,평일
8호선,2805,별내,804,,20250619,8호선,2827,모란,827,N,8호선,8033,2806,다산,805,N,07:03:20,07:03:50,,8024,상행,2025-05-01T05:00:00,,평일
8호선,2805,별내,804,,20250619,8호선,2827,모란,827,N,8호선,8033,2805,별내,804,N,07:07:00,,,8024,상행,2025-05-01T05:00:00,,평일
8호선,2805,별내,804,,20250619,8호선,2827,모란,827,N,8호선,8035,2827,모란,827,N,,06:21:00,,8026,상행,2025-05-01T05:00:00,,평일
8호선,2805,별내,804,,20250619,8호선,2827,모란,827,N,8호선,8035,2826,수진,826,N,06:22:30,06:22:50,,8026,상행,2025-05-01T05:00:00,,평일
8호선,2805,별내,804,,20250619,8호선,2827,모란,827,N,8호선,8035,2825,신흥,825,N,06:24:00,06:24:20,,8026,상행,2025-05-01T05:00:00,,평일
8호선,2805,별내,804,,20250619,8호선,2827,모란,827,N,8호선,8035,2824,단대오거리,824,N,06:25:30,06:26:00,,8026,상행,2025-05-01T05:00:00,,평일
8호선,2805,별내,804,,20250619,8호선,2827,모란,827,N,8호선,8035,2823,남한산성입구,823,N,06:27:10,06:27:40,,8026,상행,2025-05-01T05:00:00,,평일
8호선,2805,별내,804,,20250619,8호선,2827,모란,827,N,8호선,8035,2822,산성,822,N,06:29:50,06:30:20,,8026,상행,2025-05-01T05:00:00,,평일
8호선,2805,별내,804,,20250619,8호선,2827,모란,827,N,8호선,8035,2828,남위례,821,N,06:32:00,06:32:30,,8026,상행,2025-05-01T05:00:00,,평일
8호선,2805,별내,804,,20250619,8호선,2827,모란,827,N,8호선,8035,2821,복정,820,N,06:34:20,06:35:00,,8026,상행,2025-05-01T05:00:00,,평일
8호선,2805,별내,804,,20250619,8호선,2827,모란,827,N,8호선,8035,2820,장지,819,N,06:36:10,06:36:40,,8026,상행,2025-05-01T05:00:00,,평일
8호선,2805,별내,804,,20250619,8호선,2827,모란,827,N,8호선,8035,2819,문정,818,N,06:37:50,06:38:30,,8026,상행,2025-05-01T05:00:00,,평일
8호선,2805,별내,804,,20250619,8호선,2827,모란,827,N,8호선,8035,2818,가락시장,817,N,06:39:40,06:40:20,,8026,상행,2025-05-01T05:00:00,,평일
8호선,2805,별내,804,,20250619,8호선,2827,모란,827,N,8호선,8035,2817,송파,816,N,06:41:30,06:42:00,,8026,상행,2025-05-01T05:00:00,,평일
8호선,2805,별내,804,,20250619,8호선,2827,모란,827,N,8호선,8035,2816,석촌,815,N,06:43:10,06:43:50,,8026,상행,2025-05-01T05:00:00,,평일
8호선,2805,별내,804,,20250619,8호선,2827,모란,827,N,8호선,8035,2815,잠실,814,N,06:45:40,06:46:20,,8026,상행,2025-05-01T05:00:00,,평일
8호선,2805,별내,804,,20250619,8호선,2827,모란,827,N,8호선,8035,2814,몽촌토성,813,N,06:47:30,06:48:00,,8026,상행,2025-05-01T05:00:00,,평일
8호선,2805,별내,804,,20250619,8호선,2827,모란,827,N,8호선,8035,2813,강동구청,812,N,06:50:00,06:50:40,,8026,상행,2025-05-01T05:00:00,,평일
8호선,2805,별내,804,,20250619,8호선,2827,모란,827,N,8호선,8035,2812,천호,811,N,06:52:00,06:52:40,,8026,상행,2025-05-01T05:00:00,,평일
8호선,2805,별내,804,,20250619,8호선,2827,모란,827,N,8호선,8035,2811,암사,810,N,06:54:10,06:54:40,,8026,상행,2025-05-01T05:00:00,,평일
8호선,2805,별내,804,,20250619,8호선,2827,모란,827,N,8호선,8035,2810,암사역사공원,809,N,06:56:40,06:57:10,,8026,상행,2025-05-01T05:00:00,,평일
8호선,2805,별내,804,,20250619,8호선,2827,모란,827,N,8호선,8035,2809,장자호수공원,808,N,07:00:50,07:01:20,,8026,상행,2025-05-01T05:00:00,,평일
8호선,2805,별내,804,,20250619,8호선,2827,모란,827,N,8호선,8035,2808,구리,807,N,07:03:30,07:04:10,,8026,상행,2025-05-01T05:00:00,,평일
8호선,2805,별내,804,,20250619,8호선,2827,모란,827,N,8호선,8035,2807,동구릉,806,N,07:05:30,07:06:00,,8026,상행,2025-05-01T05:00:00,,평일
8호선,2805,별내,804,,20250619,8호선,2827,모란,827,N,8호선,8035,2806,다산,805,N,07:08:20,07:08:50,,8026,상행,2025-05-01T05:00:00,,평일
8호선,2805,별내,804,,20250619,8호선,2827,모란,827,N,8호선,8035,2805,별내,804,N,07:12:00,,,8026,상행,2025-05-01T05:00:00,,평일
8호선,2805,별내,804,,20250619,8호선,2827,모란,827,N,8호선,8037,2827,모란,827,N,,06:26:00,,8028,상행,2025-05-01T05:00:00,,평일
8호선,2805,별내,804,,20250619,8호선,2827,모란,827,N,8호선,8037,2826,수진,826,N,06:27:30,06:27:50,,8028,상행,2025-05-01T05:00:00,,평일
8호선,2805,별내,804,,20250619,8호선,2827,모란,827,N,8호선,8037,2825,신흥,825,N,06:29:00,06:29:20,,8028,상행,2025-05-01T05:00:00,,평일
8호선,2805,별내,804,,20250619,8호선,2827,모란,827,N,8호선,8037,2824,단대오거리,824,N,06:30:30,06:31:00,,8028,상행,2025-05-01T05:00:00,,평일
8호선,2805,별내,804,,20250619,8호선,2827,모란,827,N,8호선,8037,2823,남한산성입구,823,N,06:32:10,06:32:40,,8028,상행,2025-05-01T05:00:00,,평일
8호선,2805,별내,804,,20250619,8호선,2827,모란,827,N,8호선,8037,2822,산성,822,N,06:34:50,06:35:20,,8028,상행,2025-05-01T05:00:00,,평일
8호선,2805,별내,804,,20250619,8호선,2827,모란,827,N,8호선,8037,2828,남위례,821,N,06:37:00,06:37:30,,8028,상행,2025-05-01T05:00:00,,평일
8호선,2805,별내,804,,20250619,8호선,2827,모란,827,N,8호선,8037,2821,복정,820,N,06:39:20,06:40:00,,8028,상행,2025-05-01T05:00:00,,평일
8호선,2805,별내,804,,20250619,8호선,2827,모란,827,N,8호선,8037,2820,장지,819,N,06:41:10,06:41:40,,8028,상행,2025-05-01T05:00:00,,평일
8호선,2805,별내,804,,20250619,8호선,2827,모란,827,N,8호선,8037,2819,문정,818,N,06:42:50,06:43:30,,8028,상행,2025-05-01T05:00:00,,평일
8호선,2805,별내,804,,20250619,8호선,2827,모란,827,N,8호선,8037,2818,가락시장,817,N,06:44:40,06:45:20,,8028,상행,2025-05-01T05:00:00,,평일
8호선,2805,별내,804,,20250619,8호선,2827,모란,827,N,8호선,8037,2817,송파,816,N,06:46:30,06:47:00,,8028,상행,2025-05-01T05:00:00,,평일
8호선,2805,별내,804,,20250619,8호선,2827,모란,827,N,8호선,8037,2816,석촌,815,N,06:48:10,06:48:50,,8028,상행,2025-05-01T05:00:00,,평일
8호선,2805,별내,804,,20250619,8호선,2827,모란,827,N,8호선,8037,2815,잠실,814,N,06:50:40,06:51:20,,8028,상행,2025-05-01T05:00:00,,평일
8호선,2805,별내,804,,20250619,8호선,2827,모란,827,N,8호선,8037,2814,몽촌토성,813,N,06:52:30,06:53:00,,8028,상행,2025-05-01T05:00:00,,평일
8호선,2805,별내,804,,20250619,8호선,2827,모란,827,N,8호선,8037,2813,강동구청,812,N,06:55:00,06:55:40,,8028,상행,2025-05-01T05:00:00,,평일
8호선,2805,별내,804,,20250619,8호선,2827,모란,827,N,8호선,8037,2812,천호,811,N,06:57:00,06:57:40,,8028,상행,2025-05-01T05:00:00,,평일
8호선,2805,별내,804,,20250619,8호선,2827,모란,827,N,8호선,8037,2811,암사,810,N,06:59:10,06:59:40,,8028,상행,2025-05-01T05:00:00,,평일
8호선,2805,별내,804,,20250619,8호선,2827,모란,827,N,8호선,8037,2810,암사역사공원,809,N,07:01:40,07:02:10,,8028,상행,2025-05-01T05:00:00,,평일
8호선,2805,별내,804,,20250619,8호선,2827,모란,827,N,8호선,8037,2809,장자호수공원,808,N,07:05:50,07:06:20,,8028,상행,2025-05-01T05:00:00,,평일
8호선,2805,별내,804,,20250619,8호선,2827,모란,827,N,8호선,8037,2808,구리,807,N,07:08:30,07:09:10,,8028,상행,2025-05-01T05:00:00,,평일
8호선,2805,별내,804,,20250619,8호선,2827,모란,827,N,8호선,8037,2807,동구릉,806,N,07:10:30,07:11:00,,8028,상행,2025-05-01T05:00:00,,평일
8호선,2805,별내,804,,20250619,8호선,2827,모란,827,N,8호선,8037,2806,다산,805,N,07:13:20,07:13:50,,8028,상행,2025-05-01T05:00:00,,평일
8호선,2805,별내,804,,20250619,8호선,2827,모란,827,N,8호선,8037,2805,별내,804,N,07:17:00,,,8028,상행,2025-05-01T05:00:00,,평일
8호선,2805,별내,804,,20250619,8호선,2827,모란,827,N,8호선,8039,2827,모란,827,N,,06:30:30,,8030,상행,2025-05-01T05:00:00,,평일
8호선,2805,별내,804,,20250619,8호선,2827,모란,827,N,8호선,8039,2826,수진,826,N,06:32:00,06:32:20,,8030,상행,2025-05-01T05:00:00,,평일
8호선,2805,별내,804,,20250619,8호선,2827,모란,827,N,8호선,8039,2825,신흥,825,N,06:33:30,06:34:00,,8030,상행,2025-05-01T05:00:00,,평일
8호선,2805,별내,804,,20250619,8호선,2827,모란,827,N,8호선,8039,2824,단대오거리,824,N,06:35:10,06:35:40,,8030,상행,2025-05-01T05:00:00,,평일
8호선,2805,별내,804,,20250619,8호선,2827,모란,827,N,8호선,8039,2823,남한산성입구,823,N,06:36:50,06:37:20,,8030,상행,2025-05-01T05:00:00,,평일
8호선,2805,별내,804,,20250619,8호선,2827,모란,827,N,8호선,8039,2822,산성,822,N,06:39:30,06:40:00,,8030,상행,2025-05-01T05:00:00,,평일
8호선,2805,별내,804,,20250619,8호선,2827,모란,827,N,8호선,8039,2828,남위례,821,N,06:41:40,06:42:10,,8030,상행,2025-05-01T05:00:00,,평일
8호선,2805,별내,804,,20250619,8호선,2827,모란,827,N,8호선,8039,2821,복정,820,N,06:44:00,06:44:40,,8030,상행,2025-05-01T05:00:00,,평일
8호선,2805,별내,804,,20250619,8호선,2827,모란,827,N,8호선,8039,2820,장지,819,N,06:45:50,06:46:20,,8030,상행,2025-05-01T05:00:00,,평일
8호선,2805,별내,804,,20250619,8호선,2827,모란,827,N,8호선,8039,2819,문정,818,N,06:47:30,06:48:10,,8030,상행,2025-05-01T05:00:00,,평일
8호선,2805,별내,804,,20250619,8호선,2827,모란,827,N,8호선,8039,2818,가락시장,817,N,06:49:20,06:50:00,,8030,상행,2025-05-01T05:00:00,,평일
8호선,2805,별내,804,,20250619,8호선,2827,모란,827,N,8호선,8039,2817,송파,816,N,06:51:10,06:51:50,,8030,상행,2025-05-01T05:00:00,,평일
8호선,2805,별내,804,,20250619,8호선,2827,모란,827,N,8호선,8039,2816,석촌,815,N,06:53:00,06:53:40,,8030,상행,2025-05-01T05:00:00,,평일
8호선,2805,별내,804,,20250619,8호선,2827,모란,827,N,8호선,8039,2815,잠실,814,N,06:55:30,06:56:10,,8030,상행,2025-05-01T05:00:00,,평일
8호선,2805,별내,804,,20250619,8호선,2827,모란,827,N,8호선,8039,2814,몽촌토성,813,N,06:57:20,06:58:00,,8030,상행,2025-05-01T05:00:00,,평일
8호선,2805,별내,804,,20250619,8호선,2827,모란,827,N,8호선,8039,2813,강동구청,812,N,07:00:00,07:00:40,,8030,상행,2025-05-01T05:00:00,,평일
8호선,2805,별내,804,,20250619,8호선,2827,모란,827,N,8호선,8039,2812,천호,811,N,07:02:00,07:02:40,,8030,상행,2025-05-01T05:00:00,,평일
8호선,2805,별내,804,,20250619,8호선,2827,모란,827,N,8호선,8039,2811,암사,810,N,07:04:10,07:04:40,,8030,상행,2025-05-01T05:00:00,,평일
8호선,2805,별내,804,,20250619,8호선,2827,모란,827,N,8호선,8039,2810,암사역사공원,809,N,07:06:40,07:07:10,,8030,상행,2025-05-01T05:00:00,,평일
8호선,2805,별내,804,,20250619,8호선,2827,모란,827,N,8호선,8039,2809,장자호수공원,808,N,07:10:50,07:11:20,,8030,상행,2025-05-01T05:00:00,,평일
8호선,2805,별내,804,,20250619,8호선,2827,모란,827,N,8호선,8039,2808,구리,807,N,07:13:30,07:14:10,,8030,상행,2025-05-01T05:00:00,,평일
8호선,2805,별내,804,,20250619,8호선,2827,모란,827,N,8호선,8039,2807,동구릉,806,N,07:15:30,07:16:00,,8030,상행,2025-05-01T05:00:00,,평일
8호선,2805,별내,804,,20250619,8호선,2827,모란,827,N,8호선,8039,2806,다산,805,N,07:18:20,07:18:50,,8030,상행,2025-05-01T05:00:00,,평일
8호선,2805,별내,804,,20250619,8호선,2827,모란,827,N,8호선,8039,2805,별내,804,N,07:22:00,,,8030,상행,2025-05-01T05:00:00,,평일
8호선,2805,별내,804,,20250619,8호선,2827,모란,827,N,8호선,8041,2827,모란,827,N,,06:35:00,,8032,상행,2025-05-01T05:00:00,,평일
8호선,2805,별내,804,,20250619,8호선,2827,모란,827,N,8호선,8041,2826,수진,826,N,06:36:30,06:36:50,,8032,상행,2025-05-01T05:00:00,,평일
8호선,2805,별내,804,,20250619,8호선,2827,모란,827,N,8호선,8041,2825,신흥,825,N,06:38:00,06:38:30,,8032,상행,2025-05-01T05:00:00,,평일
8호선,2805,별내,804,,20250619,8호선,2827,모란,827,N,8호선,8041,2824,단대오거리,824,N,06:39:40,06:40:10,,8032,상행,2025-05-01T05:00:00,,평일
8호선,2805,별내,804,,20250619,8호선,2827,모란,827,N,8호선,8041,2823,남한산성입구,823,N,06:41:20,06:41:50,,8032,상행,2025-05-01T05:00:00,,평일
8호선,2805,별내,804,,20250619,8호선,2827,모란,827,N,8호선,8041,2822,산성,822,N,06:44:00,06:44:30,,8032,상행,2025-05-01T05:00:00,,평일
8호선,2805,별내,804,,20250619,8호선,2827,모란,827,N,8호선,8041,2828,남위례,821,N,06:46:10,06:46:40,,8032,상행,2025-05-01T05:00:00,,평일
8호선,2805,별내,804,,20250619,8호선,2827,모란,827,N,8호선,8041,2821,복정,820,N,06:48:30,06:49:10,,8032,상행,2025-05-01T05:00:00,,평일
8호선,2805,별내,804,,20250619,8호선,2827,모란,827,N,8호선,8041,2820,장지,819,N,06:50:20,06:50:50,,8032,상행,2025-05-01T05:00:00,,평일
8호선,2805,별내,804,,20250619,8호선,2827,모란,827,N,8호선,8041,2819,문정,818,N,06:52:00,06:52:40,,8032,상행,2025-05-01T05:00:00,,평일
8호선,2805,별내,804,,20250619,8호선,2827,모란,827,N,8호선,8041,2818,가락시장,817,N,06:53:50,06:54:30,,8032,상행,2025-05-01T05:00:00,,평일
8호선,2805,별내,804,,20250619,8호선,2827,모란,827,N,8호선,8041,2817,송파,816,N,06:55:40,06:56:20,,8032,상행,2025-05-01T05:00:00,,평일
8호선,2805,별내,804,,20250619,8호선,2827,모란,827,N,8호선,8041,2816,석촌,815,N,06:57:30,06:58:10,,8032,상행,2025-05-01T05:00:00,,평일
8호선,2805,별내,804,,20250619,8호선,2827,모란,827,N,8호선,8041,2815,잠실,814,N,07:00:00,07:00:40,,8032,상행,2025-05-01T05:00:00,,평일
8호선,2805,별내,804,,20250619,8호선,2827,모란,827,N,8호선,8041,2814,몽촌토성,813,N,07:01:50,07:02:30,,8032,상행,2025-05-01T05:00:00,,평일
8호선,2805,별내,804,,20250619,8호선,2827,모란,827,N,8호선,8041,2813,강동구청,812,N,07:04:30,07:05:10,,8032,상행,2025-05-01T05:00:00,,평일
8호선,2805,별내,804,,20250619,8호선,2827,모란,827,N,8호선,8041,2812,천호,811,N,07:06:30,07:07:10,,8032,상행,2025-05-01T05:00:00,,평일
8호선,2805,별내,804,,20250619,8호선,2827,모란,827,N,8호선,8041,2811,암사,810,N,07:08:40,07:09:10,,8032,상행,2025-05-01T05:00:00,,평일
8호선,2805,별내,804,,20250619,8호선,2827,모란,827,N,8호선,8041,2810,암사역사공원,809,N,07:11:10,07:11:40,,8032,상행,2025-05-01T05:00:00,,평일
8호선,2805,별내,804,,20250619,8호선,2827,모란,827,N,8호선,8041,2809,장자호수공원,808,N,07:15:20,07:15:50,,8032,상행,2025-05-01T05:00:00,,평일
8호선,2805,별내,804,,20250619,8호선,2827,모란,827,N,8호선,8041,2808,구리,807,N,07:18:00,07:18:40,,8032,상행,2025-05-01T05:00:00,,평일
8호선,2805,별내,804,,20250619,8호선,2827,모란,827,N,8호선,8041,2807,동구릉,806,N,07:20:00,07:20:30,,8032,상행,2025-05-01T05:00:00,,평일
8호선,2805,별내,804,,20250619,8호선,2827,모란,827,N,8호선,8041,2806,다산,805,N,07:22:50,07:23:20,,8032,상행,2025-05-01T05:00:00,,평일
8호선,2805,별내,804,,20250619,8호선,2827,모란,827,N,8호선,8041,2805,별내,804,N,07:26:30,,,8032,상행,2025-05-01T05:00:00,,평일
8호선,2805,별내,804,,20250619,8호선,2827,모란,827,N,8호선,8043,2827,모란,827,N,,06:39:30,,8034,상행,2025-05-01T05:00:00,,평일
8호선,2805,별내,804,,20250619,8호선,2827,모란,827,N,8호선,8043,2826,수진,826,N,06:41:00,06:41:20,,8034,상행,2025-05-01T05:00:00,,평일
8호선,2805,별내,804,,20250619,8호선,2827,모란,827,N,8호선,8043,2825,신흥,825,N,06:42:30,06:43:00,,8034,상행,2025-05-01T05:00:00,,평일
8호선,2805,별내,804,,20250619,8호선,2827,모란,827,N,8호선,8043,2824,단대오거리,824,N,06:44:10,06:44:40,,8034,상행,2025-05-01T05:00:00,,평일
8호선,2805,별내,804,,20250619,8호선,2827,모란,827,N,8호선,8043,2823,남한산성입구,823,N,06:45:50,06:46:20,,8034,상행,2025-05-01T05:00:00,,평일
8호선,2805,별내,804,,20250619,8호선,2827,모란,827,N,8호선,8043,2822,산성,822,N,06:48:30,06:49:00,,8034,상행,2025-05-01T05:00:00,,평일
8호선,2805,별내,804,,20250619,8호선,2827,모란,827,N,8호선,8043,2828,남위례,821,N,06:50:40,06:51:10,,8034,상행,2025-05-01T05:00:00,,평일
8호선,2805,별내,804,,20250619,8호선,2827,모란,827,N,8호선,8043,2821,복정,820,N,06:53:00,06:53:40,,8034,상행,2025-05-01T05:00:00,,평일
8호선,2805,별내,804,,20250619,8호선,2827,모란,827,N,8호선,8043,2820,장지,819,N,06:54:50,06:55:20,,8034,상행,2025-05-01T05:00:00,,평일
8호선,2805,별내,804,,20250619,8호선,2827,모란,827,N,8호선,8043,2819,문정,818,N,06:56:30,06:57:10,,8034,상행,2025-05-01T05:00:00,,평일
8호선,2805,별내,804,,20250619,8호선,2827,모란,827,N,8호선,8043,2818,가락시장,817,N,06:58:20,06:59:00,,8034,상행,2025-05-01T05:00:00,,평일
8호선,2805,별내,804,,20250619,8호선,2827,모란,827,N,8호선,8043,2817,송파,816,N,07:00:10,07:00:50,,8034,상행,2025-05-01T05:00:00,,평일
8호선,2805,별내,804,,20250619,8호선,2827,모란,827,N,8호선,8043,2816,석촌,815,N,07:02:00,07:02:40,,8034,상행,2025-05-01T05:00:00,,평일
8호선,2805,별내,804,,20250619,8호선,2827,모란,827,N,8호선,8043,2815,잠실,814,N,07:04:30,07:05:10,,8034,상행,2025-05-01T05:00:00,,평일
8호선,2805,별내,804,,20250619,8호선,2827,모란,827,N,8호선,8043,2814,몽촌토성,813,N,07:06:20,07:07:00,,8034,상행,2025-05-01T05:00:00,,평일
8호선,2805,별내,804,,20250619,8호선,2827,모란,827,N,8호선,8043,2813,강동구청,812,N,07:09:00,07:09:40,,8034,상행,2025-05-01T05:00:00,,평일
8호선,2805,별내,804,,20250619,8호선,2827,모란,827,N,8호선,8043,2812,천호,811,N,07:11:00,07:11:40,,8034,상행,2025-05-01T05:00:00,,평일
8호선,2805,별내,804,,20250619,8호선,2827,모란,827,N,8호선,8043,2811,암사,810,N,07:13:10,07:13:40,,8034,상행,2025-05-01T05:00:00,,평일
8호선,2805,별내,804,,20250619,8호선,2827,모란,827,N,8호선,8043,2810,암사역사공원,809,N,07:15:40,07:16:10,,8034,상행,2025-05-01T05:00:00,,평일
8호선,2805,별내,804,,20250619,8호선,2827,모란,827,N,8호선,8043,2809,장자호수공원,808,N,07:19:50,07:20:20,,8034,상행,2025-05-01T05:00:00,,평일
8호선,2805,별내,804,,20250619,8호선,2827,모란,827,N,8호선,8043,2808,구리,807,N,07:22:30,07:23:10,,8034,상행,2025-05-01T05:00:00,,평일
8호선,2805,별내,804,,20250619,8호선,2827,모란,827,N,8호선,8043,2807,동구릉,806,N,07:24:30,07:25:00,,8034,상행,2025-05-01T05:00:00,,평일
8호선,2805,별내,804,,20250619,8호선,2827,모란,827,N,8호선,8043,2806,다산,805,N,07:27:20,07:27:50,,8034,상행,2025-05-01T05:00:00,,평일
8호선,2805,별내,804,,20250619,8호선,2827,모란,827,N,8호선,8043,2805,별내,804,N,07:31:00,,,8034,상행,2025-05-01T05:00:00,,평일
8호선,2805,별내,804,,20250619,8호선,2827,모란,827,N,8호선,8045,2827,모란,827,N,,06:44:00,,8036,상행,2025-05-01T05:00:00,,평일
8호선,2805,별내,804,,20250619,8호선,2827,모란,827,N,8호선,8045,2826,수진,826,N,06:45:30,06:45:50,,8036,상행,2025-05-01T05:00:00,,평일
8호선,2805,별내,804,,20250619,8호선,2827,모란,827,N,8호선,8045,2825,신흥,825,N,06:47:00,06:47:30,,8036,상행,2025-05-01T05:00:00,,평일
8호선,2805,별내,804,,20250619,8호선,2827,모란,827,N,8호선,8045,2824,단대오거리,824,N,06:48:40,06:49:10,,8036,상행,2025-05-01T05:00:00,,평일
8호선,2805,별내,804,,20250619,8호선,2827,모란,827,N,8호선,8045,2823,남한산성입구,823,N,06:50:20,06:50:50,,8036,상행,2025-05-01T05:00:00,,평일
8호선,2805,별내,804,,20250619,8호선,2827,모란,827,N,8호선,8045,2822,산성,822,N,06:53:00,06:53:30,,8036,상행,2025-05-01T05:00:00,,평일
8호선,2805,별내,804,,20250619,8호선,2827,모란,827,N,8호선,8045,2828,남위례,821,N,06:55:10,06:55:40,,8036,상행,2025-05-01T05:00:00,,평일
8호선,2805,별내,804,,20250619,8호선,2827,모란,827,N,8호선,8045,2821,복정,820,N,06:57:30,06:58:10,,8036,상행,2025-05-01T05:00:00,,평일
8호선,2805,별내,804,,20250619,8호선,2827,모란,827,N,8호선,8045,2820,장지,819,N,06:59:20,06:59:50,,8036,상행,2025-05-01T05:00:00,,평일
8호선,2805,별내,804,,20250619,8호선,2827,모란,827,N,8호선,8045,2819,문정,818,N,07:01:00,07:01:40,,8036,상행,2025-05-01T05:00:00,,평일
8호선,2805,별내,804,,20250619,8호선,2827,모란,827,N,8호선,8045,2818,가락시장,817,N,07:02:50,07:03:30,,8036,상행,2025-05-01T05:00:00,,평일
8호선,2805,별내,804,,20250619,8호선,2827,모란,827,N,8호선,8045,2817,송파,816,N,07:04:40,07:05:20,,8036,상행,2025-05-01T05:00:00,,평일
8호선,2805,별내,804,,20250619,8호선,2827,모란,827,N,8호선,8045,2816,석촌,815,N,07:06:30,07:07:10,,8036,상행,2025-05-01T05:00:00,,평일
8호선,2805,별내,804,,20250619,8호선,2827,모란,827,N,8호선,8045,2815,잠실,814,N,07:09:00,07:09:40,,8036,상행,2025-05-01T05:00:00,,평일
8호선,2805,별내,804,,20250619,8호선,2827,모란,827,N,8호선,8045,2814,몽촌토성,813,N,07:10:50,07:11:30,,8036,상행,2025-05-01T05:00:00,,평일
8호선,2805,별내,804,,20250619,8호선,2827,모란,827,N,8호선,8045,2813,강동구청,812,N,07:13:30,07:14:10,,8036,상행,2025-05-01T05:00:00,,평일
8호선,2805,별내,804,,20250619,8호선,2827,모란,827,N,8호선,8045,2812,천호,811,N,07:15:30,07:16:10,,8036,상행,2025-05-01T05:00:00,,평일
8호선,2805,별내,804,,20250619,8호선,2827,모란,827,N,8호선,8045,2811,암사,810,N,07:17:40,07:18:10,,8036,상행,2025-05-01T05:00:00,,평일
8호선,2805,별내,804,,20250619,8호선,2827,모란,827,N,8호선,8045,2810,암사역사공원,809,N,07:20:10,07:20:40,,8036,상행,2025-05-01T05:00:00,,평일
8호선,2805,별내,804,,20250619,8호선,2827,모란,827,N,8호선,8045,2809,장자호수공원,808,N,07:24:20,07:24:50,,8036,상행,2025-05-01T05:00:00,,평일
8호선,2805,별내,804,,20250619,8호선,2827,모란,827,N,8호선,8045,2808,구리,807,N,07:27:00,07:27:40,,8036,상행,2025-05-01T05:00:00,,평일
8호선,2805,별내,804,,20250619,8호선,2827,모란,827,N,8호선,8045,2807,동구릉,806,N,07:29:00,07:29:30,,8036,상행,2025-05-01T05:00:00,,평일
8호선,2805,별내,804,,20250619,8호선,2827,모란,827,N,8호선,8045,2806,다산,805,N,07:31:50,07:32:20,,8036,상행,2025-05-01T05:00:00,,평일
8호선,2805,별내,804,,20250619,8호선,2827,모란,827,N,8호선,8045,2805,별내,804,N,07:35:30,,,8036,상행,2025-05-01T05:00:00,,평일
8호선,2805,별내,804,,20250619,8호선,2827,모란,827,N,8호선,8047,2827,모란,827,N,,06:48:30,,8038,상행,2025-05-01T05:00:00,,평일
8호선,2805,별내,804,,20250619,8호선,2827,모란,827,N,8호선,8047,2826,수진,826,N,06:50:00,06:50:20,,8038,상행,2025-05-01T05:00:00,,평일
8호선,2805,별내,804,,20250619,8호선,2827,모란,827,N,8호선,8047,2825,신흥,825,N,06:51:30,06:52:00,,8038,상행,2025-05-01T05:00:00,,평일
8호선,2805,별내,804,,20250619,8호선,2827,모란,827,N,8호선,8047,2824,단대오거리,824,N,06:53:10,06:53:40,,8038,상행,2025-05-01T05:00:00,,평일
8호선,2805,별내,804,,20250619,8호선,2827,모란,827,N,8호선,8047,2823,남한산성입구,823,N,06:54:50,06:55:20,,8038,상행,2025-05-01T05:00:00,,평일
8호선,2805,별내,804,,20250619,8호선,2827,모란,827,N,8호선,8047,2822,산성,822,N,06:57:30,06:58:00,,8038,상행,2025-05-01T05:00:00,,평일
8호선,2805,별내,804,,20250619,8호선,2827,모란,827,N,8호선,8047,2828,남위례,821,N,06:59:40,07:00:10,,8038,상행,2025-05-01T05:00:00,,평일
8호선,2805,별내,804,,20250619,8호선,2827,모란,827,N,8호선,8047,2821,복정,820,N,07:02:00,07:02:40,,8038,상행,2025-05-01T05:00:00,,평일
8호선,2805,별내,804,,20250619,8호선,2827,모란,827,N,8호선,8047,2820,장지,819,N,07:03:50,07:04:20,,8038,상행,2025-05-01T05:00:00,,평일
8호선,2805,별내,804,,20250619,8호선,2827,모란,827,N,8호선,8047,2819,문정,818,N,07:05:30,07:06:10,,8038,상행,2025-05-01T05:00:00,,평일
8호선,2805,별내,804,,20250619,8호선,2827,모란,827,N,8호선,8047,2818,가락시장,817,N,07:07:20,07:08:00,,8038,상행,2025-05-01T05:00:00,,평일
8호선,2805,별내,804,,20250619,8호선,2827,모란,827,N,8호선,8047,2817,송파,816,N,07:09:10,07:09:50,,8038,상행,2025-05-01T05:00:00,,평일
8호선,2805,별내,804,,20250619,8호선,2827,모란,827,N,8호선,8047,2816,석촌,815,N,07:11:00,07:11:40,,8038,상행,2025-05-01T05:00:00,,평일
8호선,2805,별내,804,,20250619,8호선,2827,모란,827,N,8호선,8047,2815,잠실,814,N,07:13:30,07:14:10,,8038,상행,2025-05-01T05:00:00,,평일
8호선,2805,별내,804,,20250619,8호선,2827,모란,827,N,8호선,8047,2814,몽촌토성,813,N,07:15:20,07:16:00,,8038,상행,2025-05-01T05:00:00,,평일
8호선,2805,별내,804,,20250619,8호선,2827,모란,827,N,8호선,8047,2813,강동구청,812,N,07:18:00,07:18:40,,8038,상행,2025-05-01T05:00:00,,평일
8호선,2805,별내,804,,20250619,8호선,2827,모란,827,N,8호선,8047,2812,천호,811,N,07:20:00,07:20:40,,8038,상행,2025-05-01T05:00:00,,평일
8호선,2805,별내,804,,20250619,8호선,2827,모란,827,N,8호선,8047,2811,암사,810,N,07:22:10,07:22:40,,8038,상행,2025-05-01T05:00:00,,평일
8호선,2805,별내,804,,20250619,8호선,2827,모란,827,N,8호선,8047,2810,암사역사공원,809,N,07:24:40,07:25:10,,8038,상행,2025-05-01T05:00:00,,평일
8호선,2805,별내,804,,20250619,8호선,2827,모란,827,N,8호선,8047,2809,장자호수공원,808,N,07:28:50,07:29:20,,8038,상행,2025-05-01T05:00:00,,평일
8호선,2805,별내,804,,20250619,8호선,2827,모란,827,N,8호선,8047,2808,구리,807,N,07:31:30,07:32:10,,8038,상행,2025-05-01T05:00:00,,평일
8호선,2805,별내,804,,20250619,8호선,2827,모란,827,N,8호선,8047,2807,동구릉,806,N,07:33:30,07:34:00,,8038,상행,2025-05-01T05:00:00,,평일
8호선,2805,별내,804,,20250619,8호선,2827,모란,827,N,8호선,8047,2806,다산,805,N,07:36:20,07:36:50,,8038,상행,2025-05-01T05:00:00,,평일
8호선,2805,별내,804,,20250619,8호선,2827,모란,827,N,8호선,8047,2805,별내,804,N,07:40:00,,,8038,상행,2025-05-01T05:00:00,,평일
8호선,2805,별내,804,,20250619,8호선,2827,모란,827,N,8호선,8049,2827,모란,827,N,,06:53:00,,8040,상행,2025-05-01T05:00:00,,평일
8호선,2805,별내,804,,20250619,8호선,2827,모란,827,N,8호선,8049,2826,수진,826,N,06:54:30,06:54:50,,8040,상행,2025-05-01T05:00:00,,평일
8호선,2805,별내,804,,20250619,8호선,2827,모란,827,N,8호선,8049,2825,신흥,825,N,06:56:00,06:56:30,,8040,상행,2025-05-01T05:00:00,,평일
8호선,2805,별내,804,,20250619,8호선,2827,모란,827,N,8호선,8049,2824,단대오거리,824,N,06:57:40,06:58:10,,8040,상행,2025-05-01T05:00:00,,평일
8호선,2805,별내,804,,20250619,8호선,2827,모란,827,N,8호선,8049,2823,남한산성입구,823,N,06:59:20,06:59:50,,8040,상행,2025-05-01T05:00:00,,평일
8호선,2805,별내,804,,20250619,8호선,2827,모란,827,N,8호선,8049,2822,산성,822,N,07:02:00,07:02:30,,8040,상행,2025-05-01T05:00:00,,평일
8호선,2805,별내,804,,20250619,8호선,2827,모란,827,N,8호선,8049,2828,남위례,821,N,07:04:10,07:04:40,,8040,상행,2025-05-01T05:00:00,,평일
8호선,2805,별내,804,,20250619,8호선,2827,모란,827,N,8호선,8049,2821,복정,820,N,07:06:30,07:07:10,,8040,상행,2025-05-01T05:00:00,,평일
8호선,2805,별내,804,,20250619,8호선,2827,모란,827,N,8호선,8049,2820,장지,819,N,07:08:20,07:08:50,,8040,상행,2025-05-01T05:00:00,,평일
8호선,2805,별내,804,,20250619,8호선,2827,모란,827,N,8호선,8049,2819,문정,818,N,07:10:00,07:10:40,,8040,상행,2025-05-01T05:00:00,,평일
8호선,2805,별내,804,,20250619,8호선,2827,모란,827,N,8호선,8049,2818,가락시장,817,N,07:11:50,07:12:30,,8040,상행,2025-05-01T05:00:00,,평일
8호선,2805,별내,804,,20250619,8호선,2827,모란,827,N,8호선,8049,2817,송파,816,N,07:13:40,07:14:20,,8040,상행,2025-05-01T05:00:00,,평일
8호선,2805,별내,804,,20250619,8호선,2827,모란,827,N,8호선,8049,2816,석촌,815,N,07:15:30,07:16:10,,8040,상행,2025-05-01T05:00:00,,평일
8호선,2805,별내,804,,20250619,8호선,2827,모란,827,N,8호선,8049,2815,잠실,814,N,07:18:00,07:18:40,,8040,상행,2025-05-01T05:00:00,,평일
8호선,2805,별내,804,,20250619,8호선,2827,모란,827,N,8호선,8049,2814,몽촌토성,813,N,07:19:50,07:20:30,,8040,상행,2025-05-01T05:00:00,,평일
8호선,2805,별내,804,,20250619,8호선,2827,모란,827,N,8호선,8049,2813,강동구청,812,N,07:22:30,07:23:10,,8040,상행,2025-05-01T05:00:00,,평일
8호선,2805,별내,804,,20250619,8호선,2827,모란,827,N,8호선,8049,2812,천호,811,N,07:24:30,07:25:10,,8040,상행,2025-05-01T05:00:00,,평일
8호선,2805,별내,804,,20250619,8호선,2827,모란,827,N,8호선,8049,2811,암사,810,N,07:26:40,07:27:10,,8040,상행,2025-05-01T05:00:00,,평일
8호선,2805,별내,804,,20250619,8호선,2827,모란,827,N,8호선,8049,2810,암사역사공원,809,N,07:29:10,07:29:40,,8040,상행,2025-05-01T05:00:00,,평일
8호선,2805,별내,804,,20250619,8호선,2827,모란,827,N,8호선,8049,2809,장자호수공원,808,N,07:33:20,07:33:50,,8040,상행,2025-05-01T05:00:00,,평일
8호선,2805,별내,804,,20250619,8호선,2827,모란,827,N,8호선,8049,2808,구리,807,N,07:36:00,07:36:40,,8040,상행,2025-05-01T05:00:00,,평일
8호선,2805,별내,804,,20250619,8호선,2827,모란,827,N,8호선,8049,2807,동구릉,806,N,07:38:00,07:38:30,,8040,상행,2025-05-01T05:00:00,,평일
8호선,2805,별내,804,,20250619,8호선,2827,모란,827,N,8호선,8049,2806,다산,805,N,07:40:50,07:41:20,,8040,상행,2025-05-01T05:00:00,,평일
8호선,2805,별내,804,,20250619,8호선,2827,모란,827,N,8호선,8049,2805,별내,804,N,07:44:30,,,8040,상행,2025-05-01T05:00:00,,평일
8호선,2805,별내,804,,20250619,8호선,2827,모란,827,N,8호선,8051,2827,모란,827,N,,06:57:30,,8042,상행,2025-05-01T05:00:00,,평일
8호선,2805,별내,804,,20250619,8호선,2827,모란,827,N,8호선,8051,2826,수진,826,N,06:59:00,06:59:20,,8042,상행,2025-05-01T05:00:00,,평일
8호선,2805,별내,804,,20250619,8호선,2827,모란,827,N,8호선,8051,2825,신흥,825,N,07:00:30,07:01:00,,8042,상행,2025-05-01T05:00:00,,평일
8호선,2805,별내,804,,20250619,8호선,2827,모란,827,N,8호선,8051,2824,단대오거리,824,N,07:02:10,07:02:40,,8042,상행,2025-05-01T05:00:00,,평일
8호선,2805,별내,804,,20250619,8호선,2827,모란,827,N,8호선,8051,2823,남한산성입구,823,N,07:03:50,07:04:20,,8042,상행,2025-05-01T05:00:00,,평일
8호선,2805,별내,804,,20250619,8호선,2827,모란,827,N,8호선,8051,2822,산성,822,N,07:06:30,07:07:00,,8042,상행,2025-05-01T05:00:00,,평일
8호선,2805,별내,804,,20250619,8호선,2827,모란,827,N,8호선,8051,2828,남위례,821,N,07:08:40,07:09:10,,8042,상행,2025-05-01T05:00:00,,평일
8호선,2805,별내,804,,20250619,8호선,2827,모란,827,N,8호선,8051,2821,복정,820,N,07:11:00,07:11:40,,8042,상행,2025-05-01T05:00:00,,평일
8호선,2805,별내,804,,20250619,8호선,2827,모란,827,N,8호선,8051,2820,장지,819,N,07:12:50,07:13:20,,8042,상행,2025-05-01T05:00:00,,평일
8호선,2805,별내,804,,20250619,8호선,2827,모란,827,N,8호선,8051,2819,문정,818,N,07:14:30,07:15:10,,8042,상행,2025-05-01T05:00:00,,평일
8호선,2805,별내,804,,20250619,8호선,2827,모란,827,N,8호선,8051,2818,가락시장,817,N,07:16:20,07:17:00,,8042,상행,2025-05-01T05:00:00,,평일
8호선,2805,별내,804,,20250619,8호선,2827,모란,827,N,8호선,8051,2817,송파,816,N,07:18:10,07:18:50,,8042,상행,2025-05-01T05:00:00,,평일
8호선,2805,별내,804,,20250619,8호선,2827,모란,827,N,8호선,8051,2816,석촌,815,N,07:20:00,07:20:40,,8042,상행,2025-05-01T05:00:00,,평일
8호선,2805,별내,804,,20250619,8호선,2827,모란,827,N,8호선,8051,2815,잠실,814,N,07:22:30,07:23:20,,8042,상행,2025-05-01T05:00:00,,평일
8호선,2805,별내,804,,20250619,8호선,2827,모란,827,N,8호선,8051,2814,몽촌토성,813,N,07:24:30,07:25:10,,8042,상행,2025-05-01T05:00:00,,평일
8호선,2805,별내,804,,20250619,8호선,2827,모란,827,N,8호선,8051,2813,강동구청,812,N,07:27:10,07:27:50,,8042,상행,2025-05-01T05:00:00,,평일
8호선,2805,별내,804,,20250619,8호선,2827,모란,827,N,8호선,8051,2812,천호,811,N,07:29:10,07:30:00,,8042,상행,2025-05-01T05:00:00,,평일
8호선,2805,별내,804,,20250619,8호선,2827,모란,827,N,8호선,8051,2811,암사,810,N,07:31:30,07:32:10,,8042,상행,2025-05-01T05:00:00,,평일
8호선,2805,별내,804,,20250619,8호선,2827,모란,827,N,8호선,8051,2810,암사역사공원,809,N,07:34:10,07:34:40,,8042,상행,2025-05-01T05:00:00,,평일
8호선,2805,별내,804,,20250619,8호선,2827,모란,827,N,8호선,8051,2809,장자호수공원,808,N,07:38:20,07:38:50,,8042,상행,2025-05-01T05:00:00,,평일
8호선,2805,별내,804,,20250619,8호선,2827,모란,827,N,8호선,8051,2808,구리,807,N,07:41:00,07:41:40,,8042,상행,2025-05-01T05:00:00,,평일
8호선,2805,별내,804,,20250619,8호선,2827,모란,827,N,8호선,8051,2807,동구릉,806,N,07:43:00,07:43:30,,8042,상행,2025-05-01T05:00:00,,평일
8호선,2805,별내,804,,20250619,8호선,2827,모란,827,N,8호선,8051,2806,다산,805,N,07:45:50,07:46:20,,8042,상행,2025-05-01T05:00:00,,평일
8호선,2805,별내,804,,20250619,8호선,2827,모란,827,N,8호선,8051,2805,별내,804,N,07:49:30,,,8042,상행,2025-05-01T05:00:00,,평일
8호선,2805,별내,804,,20250619,8호선,2827,모란,827,N,8호선,8053,2827,모란,827,N,,07:02:00,,8044,상행,2025-05-01T05:00:00,,평일
8호선,2805,별내,804,,20250619,8호선,2827,모란,827,N,8호선,8053,2826,수진,826,N,07:03:30,07:03:50,,8044,상행,2025-05-01T05:00:00,,평일
8호선,2805,별내,804,,20250619,8호선,2827,모란,827,N,8호선,8053,2825,신흥,825,N,07:05:00,07:05:30,,8044,상행,2025-05-01T05:00:00,,평일
8호선,2805,별내,804,,20250619,8호선,2827,모란,827,N,8호선,8053,2824,단대오거리,824,N,07:06:40,07:07:10,,8044,상행,2025-05-01T05:00:00,,평일
8호선,2805,별내,804,,20250619,8호선,2827,모란,827,N,8호선,8053,2823,남한산성입구,823,N,07:08:20,07:08:50,,8044,상행,2025-05-01T05:00:00,,평일
8호선,2805,별내,804,,20250619,8호선,2827,모란,827,N,8호선,8053,2822,산성,822,N,07:11:00,07:11:30,,8044,상행,2025-05-01T05:00:00,,평일
8호선,2805,별내,804,,20250619,8호선,2827,모란,827,N,8호선,8053,2828,남위례,821,N,07:13:10,07:13:40,,8044,상행,2025-05-01T05:00:00,,평일
8호선,2805,별내,804,,20250619,8호선,2827,모란,827,N,8호선,8053,2821,복정,820,N,07:15:30,07:16:10,,8044,상행,2025-05-01T05:00:00,,평일
8호선,2805,별내,804,,20250619,8호선,2827,모란,827,N,8호선,8053,2820,장지,819,N,07:17:20,07:17:50,,8044,상행,2025-05-01T05:00:00,,평일
8호선,2805,별내,804,,20250619,8호선,2827,모란,827,N,8호선,8053,2819,문정,818,N,07:19:00,07:19:40,,8044,상행,2025-05-01T05:00:00,,평일
8호선,2805,별내,804,,20250619,8호선,2827,모란,827,N,8호선,8053,2818,가락시장,817,N,07:20:50,07:21:30,,8044,상행,2025-05-01T05:00:00,,평일
8호선,2805,별내,804,,20250619,8호선,2827,모란,827,N,8호선,8053,2817,송파,816,N,07:22:40,07:23:20,,8044,상행,2025-05-01T05:00:00,,평일
8호선,2805,별내,804,,20250619,8호선,2827,모란,827,N,8호선,8053,2816,석촌,815,N,07:24:30,07:25:10,,8044,상행,2025-05-01T05:00:00,,평일
8호선,2805,별내,804,,20250619,8호선,2827,모란,827,N,8호선,8053,2815,잠실,814,N,07:27:00,07:27:50,,8044,상행,2025-05-01T05:00:00,,평일
8호선,2805,별내,804,,20250619,8호선,2827,모란,827,N,8호선,8053,2814,몽촌토성,813,N,07:29:00,07:29:40,,8044,상행,2025-05-01T05:00:00,,평일
8호선,2805,별내,804,,20250619,8호선,2827,모란,827,N,8호선,8053,2813,강동구청,812,N,07:31:40,07:32:20,,8044,상행,2025-05-01T05:00:00,,평일
8호선,2805,별내,804,,20250619,8호선,2827,모란,827,N,8호선,8053,2812,천호,811,N,07:33:40,07:34:30,,8044,상행,2025-05-01T05:00:00,,평일
8호선,2805,별내,804,,20250619,8호선,2827,모란,827,N,8호선,8053,2811,암사,810,N,07:36:00,07:36:40,,8044,상행,2025-05-01T05:00:00,,평일
8호선,2805,별내,804,,20250619,8호선,2827,모란,827,N,8호선,8053,2810,암사역사공원,809,N,07:38:40,07:39:10,,8044,상행,2025-05-01T05:00:00,,평일
8호선,2805,별내,804,,20250619,8호선,2827,모란,827,N,8호선,8053,2809,장자호수공원,808,N,07:42:50,07:43:20,,8044,상행,2025-05-01T05:00:00,,평일
8호선,2805,별내,804,,20250619,8호선,2827,모란,827,N,8호선,8053,2808,구리,807,N,07:45:30,07:46:10,,8044,상행,2025-05-01T05:00:00,,평일
8호선,2805,별내,804,,20250619,8호선,2827,모란,827,N,8호선,8053,2807,동구릉,806,N,07:47:30,07:48:00,,8044,상행,2025-05-01T05:00:00,,평일
8호선,2805,별내,804,,20250619,8호선,2827,모란,827,N,8호선,8053,2806,다산,805,N,07:50:20,07:50:50,,8044,상행,2025-05-01T05:00:00,,평일
8호선,2805,별내,804,,20250619,8호선,2827,모란,827,N,8호선,8053,2805,별내,804,N,07:54:00,,,8044,상행,2025-05-01T05:00:00,,평일
8호선,2805,별내,804,,20250619,8호선,2827,모란,827,N,8호선,8055,2827,모란,827,N,,07:06:30,,8046,상행,2025-05-01T05:00:00,,평일
8호선,2805,별내,804,,20250619,8호선,2827,모란,827,N,8호선,8055,2826,수진,826,N,07:08:00,07:08:20,,8046,상행,2025-05-01T05:00:00,,평일
8호선,2805,별내,804,,20250619,8호선,2827,모란,827,N,8호선,8055,2825,신흥,825,N,07:09:30,07:10:00,,8046,상행,2025-05-01T05:00:00,,평일
8호선,2805,별내,804,,20250619,8호선,2827,모란,827,N,8호선,8055,2824,단대오거리,824,N,07:11:10,07:11:40,,8046,상행,2025-05-01T05:00:00,,평일
8호선,2805,별내,804,,20250619,8호선,2827,모란,827,N,8호선,8055,2823,남한산성입구,823,N,07:12:50,07:13:20,,8046,상행,2025-05-01T05:00:00,,평일
8호선,2805,별내,804,,20250619,8호선,2827,모란,827,N,8호선,8055,2822,산성,822,N,07:15:30,07:16:00,,8046,상행,2025-05-01T05:00:00,,평일
8호선,2805,별내,804,,20250619,8호선,2827,모란,827,N,8호선,8055,2828,남위례,821,N,07:17:40,07:18:10,,8046,상행,2025-05-01T05:00:00,,평일
8호선,2805,별내,804,,20250619,8호선,2827,모란,827,N,8호선,8055,2821,복정,820,N,07:20:00,07:20:40,,8046,상행,2025-05-01T05:00:00,,평일
8호선,2805,별내,804,,20250619,8호선,2827,모란,827,N,8호선,8055,2820,장지,819,N,07:21:50,07:22:20,,8046,상행,2025-05-01T05:00:00,,평일
8호선,2805,별내,804,,20250619,8호선,2827,모란,827,N,8호선,8055,2819,문정,818,N,07:23:30,07:24:10,,8046,상행,2025-05-01T05:00:00,,평일
8호선,2805,별내,804,,20250619,8호선,2827,모란,827,N,8호선,8055,2818,가락시장,817,N,07:25:20,07:26:00,,8046,상행,2025-05-01T05:00:00,,평일
8호선,2805,별내,804,,20250619,8호선,2827,모란,827,N,8호선,8055,2817,송파,816,N,07:27:10,07:27:50,,8046,상행,2025-05-01T05:00:00,,평일
8호선,2805,별내,804,,20250619,8호선,2827,모란,827,N,8호선,8055,2816,석촌,815,N,07:29:00,07:29:40,,8046,상행,2025-05-01T05:00:00,,평일
8호선,2805,별내,804,,20250619,8호선,2827,모란,827,N,8호선,8055,2815,잠실,814,N,07:31:30,07:32:20,,8046,상행,2025-05-01T05:00:00,,평일
8호선,2805,별내,804,,20250619,8호선,2827,모란,827,N,8호선,8055,2814,몽촌토성,813,N,07:33:30,07:34:10,,8046,상행,2025-05-01T05:00:00,,평일
8호선,2805,별내,804,,20250619,8호선,2827,모란,827,N,8호선,8055,2813,강동구청,812,N,07:36:10,07:36:50,,8046,상행,2025-05-01T05:00:00,,평일
8호선,2805,별내,804,,20250619,8호선,2827,모란,827,N,8호선,8055,2812,천호,811,N,07:38:10,07:39:00,,8046,상행,2025-05-01T05:00:00,,평일
8호선,2805,별내,804,,20250619,8호선,2827,모란,827,N,8호선,8055,2811,암사,810,N,07:40:30,07:41:10,,8046,상행,2025-05-01T05:00:00,,평일
8호선,2805,별내,804,,20250619,8호선,2827,모란,827,N,8호선,8055,2810,암사역사공원,809,N,07:43:10,07:43:40,,8046,상행,2025-05-01T05:00:00,,평일
8호선,2805,별내,804,,20250619,8호선,2827,모란,827,N,8호선,8055,2809,장자호수공원,808,N,07:47:20,07:47:50,,8046,상행,2025-05-01T05:00:00,,평일
8호선,2805,별내,804,,20250619,8호선,2827,모란,827,N,8호선,8055,2808,구리,807,N,07:50:00,07:50:40,,8046,상행,2025-05-01T05:00:00,,평일
8호선,2805,별내,804,,20250619,8호선,2827,모란,827,N,8호선,8055,2807,동구릉,806,N,07:52:00,07:52:30,,8046,상행,2025-05-01T05:00:00,,평일
8호선,2805,별내,804,,20250619,8호선,2827,모란,827,N,8호선,8055,2806,다산,805,N,07:54:50,07:55:20,,8046,상행,2025-05-01T05:00:00,,평일
8호선,2805,별내,804,,20250619,8호선,2827,모란,827,N,8호선,8055,2805,별내,804,N,07:58:30,,,8046,상행,2025-05-01T05:00:00,,평일
8호선,2805,별내,804,,20250619,8호선,2827,모란,827,N,8호선,8057,2827,모란,827,N,,07:11:00,,8048,상행,2025-05-01T05:00:00,,평일
8호선,2805,별내,804,,20250619,8호선,2827,모란,827,N,8호선,8057,2826,수진,826,N,07:12:30,07:12:50,,8048,상행,2025-05-01T05:00:00,,평일
8호선,2805,별내,804,,20250619,8호선,2827,모란,827,N,8호선,8057,2825,신흥,825,N,07:14:00,07:14:30,,8048,상행,2025-05-01T05:00:00,,평일
8호선,2805,별내,804,,20250619,8호선,2827,모란,827,N,8호선,8057,2824,단대오거리,824,N,07:15:40,07:16:10,,8048,상행,2025-05-01T05:00:00,,평일
8호선,2805,별내,804,,20250619,8호선,2827,모란,827,N,8호선,8057,2823,남한산성입구,823,N,07:17:20,07:17:50,,8048,상행,2025-05-01T05:00:00,,평일
8호선,2805,별내,804,,20250619,8호선,2827,모란,827,N,8호선,8057,2822,산성,822,N,07:20:00,07:20:30,,8048,상행,2025-05-01T05:00:00,,평일
8호선,2805,별내,804,,20250619,8호선,2827,모란,827,N,8호선,8057,2828,남위례,821,N,07:22:10,07:22:40,,8048,상행,2025-05-01T05:00:00,,평일
8호선,2805,별내,804,,20250619,8호선,2827,모란,827,N,8호선,8057,2821,복정,820,N,07:24:30,07:25:10,,8048,상행,2025-05-01T05:00:00,,평일
8호선,2805,별내,804,,20250619,8호선,2827,모란,827,N,8호선,8057,2820,장지,819,N,07:26:20,07:26:50,,8048,상행,2025-05-01T05:00:00,,평일
8호선,2805,별내,804,,20250619,8호선,2827,모란,827,N,8호선,8057,2819,문정,818,N,07:28:00,07:28:40,,8048,상행,2025-05-01T05:00:00,,평일
8호선,2805,별내,804,,20250619,8호선,2827,모란,827,N,8호선,8057,2818,가락시장,817,N,07:29:50,07:30:30,,8048,상행,2025-05-01T05:00:00,,평일
8호선,2805,별내,804,,20250619,8호선,2827,모란,827,N,8호선,8057,2817,송파,816,N,07:31:40,07:32:20,,8048,상행,2025-05-01T05:00:00,,평일
8호선,2805,별내,804,,20250619,8호선,2827,모란,827,N,8호선,8057,2816,석촌,815,N,07:33:30,07:34:10,,8048,상행,2025-05-01T05:00:00,,평일
8호선,2805,별내,804,,20250619,8호선,2827,모란,827,N,8호선,8057,2815,잠실,814,N,07:36:00,07:36:50,,8048,상행,2025-05-01T05:00:00,,평일
8호선,2805,별내,804,,20250619,8호선,2827,모란,827,N,8호선,8057,2814,몽촌토성,813,N,07:38:00,07:38:40,,8048,상행,2025-05-01T05:00:00,,평일
8호선,2805,별내,804,,20250619,8호선,2827,모란,827,N,8호선,8057,2813,강동구청,812,N,07:40:40,07:41:20,,8048,상행,2025-05-01T05:00:00,,평일
8호선,2805,별내,804,,20250619,8호선,2827,모란,827,N,8호선,8057,2812,천호,811,N,07:42:40,07:43:30,,8048,상행,2025-05-01T05:00:00,,평일
8호선,2805,별내,804,,20250619,8호선,2827,모란,827,N,8호선,8057,2811,암사,810,N,07:45:00,07:45:40,,8048,상행,2025-05-01T05:00:00,,평일
8호선,2805,별내,804,,20250619,8호선,2827,모란,827,N,8호선,8057,2810,암사역사공원,809,N,07:47:40,07:48:10,,8048,상행,2025-05-01T05:00:00,,평일
8호선,2805,별내,804,,20250619,8호선,2827,모란,827,N,8호선,8057,2809,장자호수공원,808,N,07:51:50,07:52:20,,8048,상행,2025-05-01T05:00:00,,평일
8호선,2805,별내,804,,20250619,8호선,2827,모란,827,N,8호선,8057,2808,구리,807,N,07:54:30,07:55:10,,8048,상행,2025-05-01T05:00:00,,평일
8호선,2805,별내,804,,20250619,8호선,2827,모란,827,N,8호선,8057,2807,동구릉,806,N,07:56:30,07:57:00,,8048,상행,2025-05-01T05:00:00,,평일
8호선,2805,별내,804,,20250619,8호선,2827,모란,827,N,8호선,8057,2806,다산,805,N,07:59:20,07:59:50,,8048,상행,2025-05-01T05:00:00,,평일
8호선,2805,별내,804,,20250619,8호선,2827,모란,827,N,8호선,8057,2805,별내,804,N,08:03:00,,,8048,상행,2025-05-01T05:00:00,,평일
8호선,2805,별내,804,,20250619,8호선,2827,모란,827,N,8호선,8059,2827,모란,827,N,,07:15:30,,8050,상행,2025-05-01T05:00:00,,평일
8호선,2805,별내,804,,20250619,8호선,2827,모란,827,N,8호선,8059,2826,수진,826,N,07:17:00,07:17:20,,8050,상행,2025-05-01T05:00:00,,평일
8호선,2805,별내,804,,20250619,8호선,2827,모란,827,N,8호선,8059,2825,신흥,825,N,07:18:30,07:19:00,,8050,상행,2025-05-01T05:00:00,,평일
8호선,2805,별내,804,,20250619,8호선,2827,모란,827,N,8호선,8059,2824,단대오거리,824,N,07:20:10,07:20:40,,8050,상행,2025-05-01T05:00:00,,평일
8호선,2805,별내,804,,20250619,8호선,2827,모란,827,N,8호선,8059,2823,남한산성입구,823,N,07:21:50,07:22:20,,8050,상행,2025-05-01T05:00:00,,평일
8호선,2805,별내,804,,20250619,8호선,2827,모란,827,N,8호선,8059,2822,산성,822,N,07:24:30,07:25:00,,8050,상행,2025-05-01T05:00:00,,평일
8호선,2805,별내,804,,20250619,8호선,2827,모란,827,N,8호선,8059,2828,남위례,821,N,07:26:40,07:27:10,,8050,상행,2025-05-01T05:00:00,,평일
8호선,2805,별내,804,,20250619,8호선,2827,모란,827,N,8호선,8059,2821,복정,820,N,07:29:00,07:29:40,,8050,상행,2025-05-01T05:00:00,,평일
8호선,2805,별내,804,,20250619,8호선,2827,모란,827,N,8호선,8059,2820,장지,819,N,07:30:50,07:31:30,,8050,상행,2025-05-01T05:00:00,,평일
8호선,2805,별내,804,,20250619,8호선,2827,모란,827,N,8호선,8059,2819,문정,818,N,07:32:40,07:33:20,,8050,상행,2025-05-01T05:00:00,,평일
8호선,2805,별내,804,,20250619,8호선,2827,모란,827,N,8호선,8059,2818,가락시장,817,N,07:34:30,07:35:20,,8050,상행,2025-05-01T05:00:00,,평일
8호선,2805,별내,804,,20250619,8호선,2827,모란,827,N,8호선,8059,2817,송파,816,N,07:36:30,07:37:10,,8050,상행,2025-05-01T05:00:00,,평일
8호선,2805,별내,804,,20250619,8호선,2827,모란,827,N,8호선,8059,2816,석촌,815,N,07:38:20,07:39:00,,8050,상행,2025-05-01T05:00:00,,평일
8호선,2805,별내,804,,20250619,8호선,2827,모란,827,N,8호선,8059,2815,잠실,814,N,07:40:50,07:41:40,,8050,상행,2025-05-01T05:00:00,,평일
8호선,2805,별내,804,,20250619,8호선,2827,모란,827,N,8호선,8059,2814,몽촌토성,813,N,07:42:50,07:43:30,,8050,상행,2025-05-01T05:00:00,,평일
8호선,2805,별내,804,,20250619,8호선,2827,모란,827,N,8호선,8059,2813,강동구청,812,N,07:45:30,07:46:10,,8050,상행,2025-05-01T05:00:00,,평일
8호선,2805,별내,804,,20250619,8호선,2827,모란,827,N,8호선,8059,2812,천호,811,N,07:47:30,07:48:20,,8050,상행,2025-05-01T05:00:00,,평일
8호선,2805,별내,804,,20250619,8호선,2827,모란,827,N,8호선,8059,2811,암사,810,N,07:49:50,07:50:30,,8050,상행,2025-05-01T05:00:00,,평일
8호선,2805,별내,804,,20250619,8호선,2827,모란,827,N,8호선,8059,2810,암사역사공원,809,N,07:52:30,07:53:00,,8050,상행,2025-05-01T05:00:00,,평일
8호선,2805,별내,804,,20250619,8호선,2827,모란,827,N,8호선,8059,2809,장자호수공원,808,N,07:56:40,07:57:20,,8050,상행,2025-05-01T05:00:00,,평일
8호선,2805,별내,804,,20250619,8호선,2827,모란,827,N,8호선,8059,2808,구리,807,N,07:59:30,08:00:10,,8050,상행,2025-05-01T05:00:00,,평일
8호선,2805,별내,804,,20250619,8호선,2827,모란,827,N,8호선,8059,2807,동구릉,806,N,08:01:30,08:02:00,,8050,상행,2025-05-01T05:00:00,,평일
8호선,2805,별내,804,,20250619,8호선,2827,모란,827,N,8호선,8059,2806,다산,805,N,08:04:20,08:04:50,,8050,상행,2025-05-01T05:00:00,,평일
8호선,2805,별내,804,,20250619,8호선,2827,모란,827,N,8호선,8059,2805,별내,804,N,08:08:00,,,8050,상행,2025-05-01T05:00:00,,평일
8호선,2805,별내,804,,20250619,8호선,2827,모란,827,N,8호선,8061,2827,모란,827,N,,07:20:00,,8052,상행,2025-05-01T05:00:00,,평일
8호선,2805,별내,804,,20250619,8호선,2827,모란,827,N,8호선,8061,2826,수진,826,N,07:21:30,07:21:50,,8052,상행,2025-05-01T05:00:00,,평일
8호선,2805,별내,804,,20250619,8호선,2827,모란,827,N,8호선,8061,2825,신흥,825,N,07:23:00,07:23:30,,8052,상행,2025-05-01T05:00:00,,평일
8호선,2805,별내,804,,20250619,8호선,2827,모란,827,N,8호선,8061,2824,단대오거리,824,N,07:24:40,07:25:10,,8052,상행,2025-05-01T05:00:00,,평일
8호선,2805,별내,804,,20250619,8호선,2827,모란,827,N,8호선,8061,2823,남한산성입구,823,N,07:26:20,07:26:50,,8052,상행,2025-05-01T05:00:00,,평일
8호선,2805,별내,804,,20250619,8호선,2827,모란,827,N,8호선,8061,2822,산성,822,N,07:29:00,07:29:30,,8052,상행,2025-05-01T05:00:00,,평일
8호선,2805,별내,804,,20250619,8호선,2827,모란,827,N,8호선,8061,2828,남위례,821,N,07:31:10,07:31:40,,8052,상행,2025-05-01T05:00:00,,평일
8호선,2805,별내,804,,20250619,8호선,2827,모란,827,N,8호선,8061,2821,복정,820,N,07:33:30,07:34:10,,8052,상행,2025-05-01T05:00:00,,평일
8호선,2805,별내,804,,20250619,8호선,2827,모란,827,N,8호선,8061,2820,장지,819,N,07:35:20,07:36:00,,8052,상행,2025-05-01T05:00:00,,평일
8호선,2805,별내,804,,20250619,8호선,2827,모란,827,N,8호선,8061,2819,문정,818,N,07:37:10,07:37:50,,8052,상행,2025-05-01T05:00:00,,평일
8호선,2805,별내,804,,20250619,8호선,2827,모란,827,N,8호선,8061,2818,가락시장,817,N,07:39:00,07:39:50,,8052,상행,2025-05-01T05:00:00,,평일
8호선,2805,별내,804,,20250619,8호선,2827,모란,827,N,8호선,8061,2817,송파,816,N,07:41:00,07:41:40,,8052,상행,2025-05-01T05:00:00,,평일
8호선,2805,별내,804,,20250619,8호선,2827,모란,827,N,8호선,8061,2816,석촌,815,N,07:42:50,07:43:30,,8052,상행,2025-05-01T05:00:00,,평일
8호선,2805,별내,804,,20250619,8호선,2827,모란,827,N,8호선,8061,2815,잠실,814,N,07:45:20,07:46:10,,8052,상행,2025-05-01T05:00:00,,평일
8호선,2805,별내,804,,20250619,8호선,2827,모란,827,N,8호선,8061,2814,몽촌토성,813,N,07:47:20,07:48:00,,8052,상행,2025-05-01T05:00:00,,평일
8호선,2805,별내,804,,20250619,8호선,2827,모란,827,N,8호선,8061,2813,강동구청,812,N,07:50:00,07:50:40,,8052,상행,2025-05-01T05:00:00,,평일
8호선,2805,별내,804,,20250619,8호선,2827,모란,827,N,8호선,8061,2812,천호,811,N,07:52:00,07:52:50,,8052,상행,2025-05-01T05:00:00,,평일
8호선,2805,별내,804,,20250619,8호선,2827,모란,827,N,8호선,8061,2811,암사,810,N,07:54:20,07:55:00,,8052,상행,2025-05-01T05:00:00,,평일
8호선,2805,별내,804,,20250619,8호선,2827,모란,827,N,8호선,8061,2810,암사역사공원,809,N,07:57:00,07:57:30,,8052,상행,2025-05-01T05:00:00,,평일
8호선,2805,별내,804,,20250619,8호선,2827,모란,827,N,8호선,8061,2809,장자호수공원,808,N,08:01:10,08:01:50,,8052,상행,2025-05-01T05:00:00,,평일
8호선,2805,별내,804,,20250619,8호선,2827,모란,827,N,8호선,8061,2808,구리,807,N,08:04:00,08:04:40,,8052,상행,2025-05-01T05:00:00,,평일
8호선,2805,별내,804,,20250619,8호선,2827,모란,827,N,8호선,8061,2807,동구릉,806,N,08:06:00,08:06:30,,8052,상행,2025-05-01T05:00:00,,평일
8호선,2805,별내,804,,20250619,8호선,2827,모란,827,N,8호선,8061,2806,다산,805,N,08:08:50,08:09:20,,8052,상행,2025-05-01T05:00:00,,평일
8호선,2805,별내,804,,20250619,8호선,2827,모란,827,N,8호선,8061,2805,별내,804,N,08:12:30,,,8052,상행,2025-05-01T05:00:00,,평일
8호선,2805,별내,804,,20250619,8호선,2827,모란,827,N,8호선,8063,2827,모란,827,N,,07:24:30,,8054,상행,2025-05-01T05:00:00,,평일
8호선,2805,별내,804,,20250619,8호선,2827,모란,827,N,8호선,8063,2826,수진,826,N,07:26:00,07:26:20,,8054,상행,2025-05-01T05:00:00,,평일
8호선,2805,별내,804,,20250619,8호선,2827,모란,827,N,8호선,8063,2825,신흥,825,N,07:27:30,07:28:00,,8054,상행,2025-05-01T05:00:00,,평일
8호선,2805,별내,804,,20250619,8호선,2827,모란,827,N,8호선,8063,2824,단대오거리,824,N,07:29:10,07:29:40,,8054,상행,2025-05-01T05:00:00,,평일
8호선,2805,별내,804,,20250619,8호선,2827,모란,827,N,8호선,8063,2823,남한산성입구,823,N,07:30:50,07:31:20,,8054,상행,2025-05-01T05:00:00,,평일
8호선,2805,별내,804,,20250619,8호선,2827,모란,827,N,8호선,8063,2822,산성,822,N,07:33:30,07:34:00,,8054,상행,2025-05-01T05:00:00,,평일
8호선,2805,별내,804,,20250619,8호선,2827,모란,827,N,8호선,8063,2828,남위례,821,N,07:35:40,07:36:10,,8054,상행,2025-05-01T05:00:00,,평일
8호선,2805,별내,804,,20250619,8호선,2827,모란,827,N,8호선,8063,2821,복정,820,N,07:38:00,07:38:40,,8054,상행,2025-05-01T05:00:00,,평일
8호선,2805,별내,804,,20250619,8호선,2827,모란,827,N,8호선,8063,2820,장지,819,N,07:39:50,07:40:30,,8054,상행,2025-05-01T05:00:00,,평일
8호선,2805,별내,804,,20250619,8호선,2827,모란,827,N,8호선,8063,2819,문정,818,N,07:41:40,07:42:20,,8054,상행,2025-05-01T05:00:00,,평일
8호선,2805,별내,804,,20250619,8호선,2827,모란,827,N,8호선,8063,2818,가락시장,817,N,07:43:30,07:44:20,,8054,상행,2025-05-01T05:00:00,,평일
8호선,2805,별내,804,,20250619,8호선,2827,모란,827,N,8호선,8063,2817,송파,816,N,07:45:30,07:46:10,,8054,상행,2025-05-01T05:00:00,,평일
8호선,2805,별내,804,,20250619,8호선,2827,모란,827,N,8호선,8063,2816,석촌,815,N,07:47:20,07:48:00,,8054,상행,2025-05-01T05:00:00,,평일
8호선,2805,별내,804,,20250619,8호선,2827,모란,827,N,8호선,8063,2815,잠실,814,N,07:49:50,07:50:40,,8054,상행,2025-05-01T05:00:00,,평일
8호선,2805,별내,804,,20250619,8호선,2827,모란,827,N,8호선,8063,2814,몽촌토성,813,N,07:51:50,07:52:30,,8054,상행,2025-05-01T05:00:00,,평일
8호선,2805,별내,804,,20250619,8호선,2827,모란,827,N,8호선,8063,2813,강동구청,812,N,07:54:30,07:55:10,,8054,상행,2025-05-01T05:00:00,,평일
8호선,2805,별내,804,,20250619,8호선,2827,모란,827,N,8호선,8063,2812,천호,811,N,07:56:30,07:57:20,,8054,상행,2025-05-01T05:00:00,,평일
8호선,2805,별내,804,,20250619,8호선,2827,모란,827,N,8호선,8063,2811,암사,810,N,07:58:50,07:59:30,,8054,상행,2025-05-01T05:00:00,,평일
8호선,2805,별내,804,,20250619,8호선,2827,모란,827,N,8호선,8063,2810,암사역사공원,809,N,08:01:30,08:02:00,,8054,상행,2025-05-01T05:00:00,,평일
8호선,2805,별내,804,,20250619,8호선,2827,모란,827,N,8호선,8063,2809,장자호수공원,808,N,08:05:40,08:06:20,,8054,상행,2025-05-01T05:00:00,,평일
8호선,2805,별내,804,,20250619,8호선,2827,모란,827,N,8호선,8063,2808,구리,807,N,08:08:30,08:09:10,,8054,상행,2025-05-01T05:00:00,,평일
8호선,2805,별내,804,,20250619,8호선,2827,모란,827,N,8호선,8063,2807,동구릉,806,N,08:10:30,08:11:00,,8054,상행,2025-05-01T05:00:00,,평일
8호선,2805,별내,804,,20250619,8호선,2827,모란,827,N,8호선,8063,2806,다산,805,N,08:13:20,08:13:50,,8054,상행,2025-05-01T05:00:00,,평일
8호선,2805,별내,804,,20250619,8호선,2827,모란,827,N,8호선,8063,2805,별내,804,N,08:17:00,,,8054,상행,2025-05-01T05:00:00,,평일
8호선,2805,별내,804,,20250619,8호선,2827,모란,827,N,8호선,8065,2827,모란,827,N,,07:29:30,,8056,상행,2025-05-01T05:00:00,,평일
8호선,2805,별내,804,,20250619,8호선,2827,모란,827,N,8호선,8065,2826,수진,826,N,07:31:00,07:31:20,,8056,상행,2025-05-01T05:00:00,,평일
8호선,2805,별내,804,,20250619,8호선,2827,모란,827,N,8호선,8065,2825,신흥,825,N,07:32:30,07:33:00,,8056,상행,2025-05-01T05:00:00,,평일
8호선,2805,별내,804,,20250619,8호선,2827,모란,827,N,8호선,8065,2824,단대오거리,824,N,07:34:10,07:34:40,,8056,상행,2025-05-01T05:00:00,,평일
8호선,2805,별내,804,,20250619,8호선,2827,모란,827,N,8호선,8065,2823,남한산성입구,823,N,07:35:50,07:36:20,,8056,상행,2025-05-01T05:00:00,,평일
8호선,2805,별내,804,,20250619,8호선,2827,모란,827,N,8호선,8065,2822,산성,822,N,07:38:30,07:39:00,,8056,상행,2025-05-01T05:00:00,,평일
8호선,2805,별내,804,,20250619,8호선,2827,모란,827,N,8호선,8065,2828,남위례,821,N,07:40:40,07:41:10,,8056,상행,2025-05-01T05:00:00,,평일
8호선,2805,별내,804,,20250619,8호선,2827,모란,827,N,8호선,8065,2821,복정,820,N,07:43:00,07:43:40,,8056,상행,2025-05-01T05:00:00,,평일
8호선,2805,별내,804,,20250619,8호선,2827,모란,827,N,8호선,8065,2820,장지,819,N,07:44:50,07:45:30,,8056,상행,2025-05-01T05:00:00,,평일
8호선,2805,별내,804,,20250619,8호선,2827,모란,827,N,8호선,8065,2819,문정,818,N,07:46:40,07:47:20,,8056,상행,2025-05-01T05:00:00,,평일
8호선,2805,별내,804,,20250619,8호선,2827,모란,827,N,8호선,8065,2818,가락시장,817,N,07:48:30,07:49:20,,8056,상행,2025-05-01T05:00:00,,평일
8호선,2805,별내,804,,20250619,8호선,2827,모란,827,N,8호선,8065,2817,송파,816,N,07:50:30,07:51:10,,8056,상행,2025-05-01T05:00:00,,평일
8호선,2805,별내,804,,20250619,8호선,2827,모란,827,N,8호선,8065,2816,석촌,815,N,07:52:20,07:53:00,,8056,상행,2025-05-01T05:00:00,,평일
8호선,2805,별내,804,,20250619,8호선,2827,모란,827,N,8호선,8065,2815,잠실,814,N,07:54:50,07:55:40,,8056,상행,2025-05-01T05:00:00,,평일
8호선,2805,별내,804,,20250619,8호선,2827,모란,827,N,8호선,8065,2814,몽촌토성,813,N,07:56:50,07:57:30,,8056,상행,2025-05-01T05:00:00,,평일
8호선,2805,별내,804,,20250619,8호선,2827,모란,827,N,8호선,8065,2813,강동구청,812,N,07:59:30,08:00:10,,8056,상행,2025-05-01T05:00:00,,평일
8호선,2805,별내,804,,20250619,8호선,2827,모란,827,N,8호선,8065,2812,천호,811,N,08:01:30,08:02:20,,8056,상행,2025-05-01T05:00:00,,평일
8호선,2805,별내,804,,20250619,8호선,2827,모란,827,N,8호선,8065,2811,암사,810,N,08:03:50,08:04:30,,8056,상행,2025-05-01T05:00:00,,평일
8호선,2805,별내,804,,20250619,8호선,2827,모란,827,N,8호선,8065,2810,암사역사공원,809,N,08:06:30,08:07:00,,8056,상행,2025-05-01T05:00:00,,평일
8호선,2805,별내,804,,20250619,8호선,2827,모란,827,N,8호선,8065,2809,장자호수공원,808,N,08:10:40,08:11:20,,8056,상행,2025-05-01T05:00:00,,평일
8호선,2805,별내,804,,20250619,8호선,2827,모란,827,N,8호선,8065,2808,구리,807,N,08:13:30,08:14:10,,8056,상행,2025-05-01T05:00:00,,평일
8호선,2805,별내,804,,20250619,8호선,2827,모란,827,N,8호선,8065,2807,동구릉,806,N,08:15:30,08:16:00,,8056,상행,2025-05-01T05:00:00,,평일
8호선,2805,별내,804,,20250619,8호선,2827,모란,827,N,8호선,8065,2806,다산,805,N,08:18:20,08:18:50,,8056,상행,2025-05-01T05:00:00,,평일
8호선,2805,별내,804,,20250619,8호선,2827,모란,827,N,8호선,8065,2805,별내,804,N,08:22:00,,,8056,상행,2025-05-01T05:00:00,,평일
8호선,2805,별내,804,,20250619,8호선,2827,모란,827,N,8호선,8067,2827,모란,827,N,,07:34:00,,8058,상행,2025-05-01T05:00:00,,평일
8호선,2805,별내,804,,20250619,8호선,2827,모란,827,N,8호선,8067,2826,수진,826,N,07:35:30,07:35:50,,8058,상행,2025-05-01T05:00:00,,평일
8호선,2805,별내,804,,20250619,8호선,2827,모란,827,N,8호선,8067,2825,신흥,825,N,07:37:00,07:37:30,,8058,상행,2025-05-01T05:00:00,,평일
8호선,2805,별내,804,,20250619,8호선,2827,모란,827,N,8호선,8067,2824,단대오거리,824,N,07:38:40,07:39:10,,8058,상행,2025-05-01T05:00:00,,평일
8호선,2805,별내,804,,20250619,8호선,2827,모란,827,N,8호선,8067,2823,남한산성입구,823,N,07:40:20,07:40:50,,8058,상행,2025-05-01T05:00:00,,평일
8호선,2805,별내,804,,20250619,8호선,2827,모란,827,N,8호선,8067,2822,산성,822,N,07:43:00,07:43:30,,8058,상행,2025-05-01T05:00:00,,평일
8호선,2805,별내,804,,20250619,8호선,2827,모란,827,N,8호선,8067,2828,남위례,821,N,07:45:10,07:45:40,,8058,상행,2025-05-01T05:00:00,,평일
8호선,2805,별내,804,,20250619,8호선,2827,모란,827,N,8호선,8067,2821,복정,820,N,07:47:30,07:48:10,,8058,상행,2025-05-01T05:00:00,,평일
8호선,2805,별내,804,,20250619,8호선,2827,모란,827,N,8호선,8067,2820,장지,819,N,07:49:20,07:50:00,,8058,상행,2025-05-01T05:00:00,,평일
8호선,2805,별내,804,,20250619,8호선,2827,모란,827,N,8호선,8067,2819,문정,818,N,07:51:10,07:51:50,,8058,상행,2025-05-01T05:00:00,,평일
8호선,2805,별내,804,,20250619,8호선,2827,모란,827,N,8호선,8067,2818,가락시장,817,N,07:53:00,07:53:50,,8058,상행,2025-05-01T05:00:00,,평일
8호선,2805,별내,804,,20250619,8호선,2827,모란,827,N,8호선,8067,2817,송파,816,N,07:55:00,07:55:40,,8058,상행,2025-05-01T05:00:00,,평일
8호선,2805,별내,804,,20250619,8호선,2827,모란,827,N,8호선,8067,2816,석촌,815,N,07:56:50,07:57:30,,8058,상행,2025-05-01T05:00:00,,평일
8호선,2805,별내,804,,20250619,8호선,2827,모란,827,N,8호선,8067,2815,잠실,814,N,07:59:20,08:00:10,,8058,상행,2025-05-01T05:00:00,,평일
8호선,2805,별내,804,,20250619,8호선,2827,모란,827,N,8호선,8067,2814,몽촌토성,813,N,08:01:20,08:02:00,,8058,상행,2025-05-01T05:00:00,,평일
8호선,2805,별내,804,,20250619,8호선,2827,모란,827,N,8호선,8067,2813,강동구청,812,N,08:04:00,08:04:40,,8058,상행,2025-05-01T05:00:00,,평일
8호선,2805,별내,804,,20250619,8호선,2827,모란,827,N,8호선,8067,2812,천호,811,N,08:06:00,08:06:50,,8058,상행,2025-05-01T05:00:00,,평일
8호선,2805,별내,804,,20250619,8호선,2827,모란,827,N,8호선,8067,2811,암사,810,N,08:08:20,08:09:00,,8058,상행,2025-05-01T05:00:00,,평일
8호선,2805,별내,804,,20250619,8호선,2827,모란,827,N,8호선,8067,2810,암사역사공원,809,N,08:11:00,08:11:30,,8058,상행,2025-05-01T05:00:00,,평일
8호선,2805,별내,804,,20250619,8호선,2827,모란,827,N,8호선,8067,2809,장자호수공원,808,N,08:15:10,08:15:50,,8058,상행,2025-05-01T05:00:00,,평일
8호선,2805,별내,804,,20250619,8호선,2827,모란,827,N,8호선,8067,2808,구리,807,N,08:18:00,08:18:40,,8058,상행,2025-05-01T05:00:00,,평일
8호선,2805,별내,804,,20250619,8호선,2827,모란,827,N,8호선,8067,2807,동구릉,806,N,08:20:00,08:20:30,,8058,상행,2025-05-01T05:00:00,,평일
8호선,2805,별내,804,,20250619,8호선,2827,모란,827,N,8호선,8067,2806,다산,805,N,08:22:50,08:23:20,,8058,상행,2025-05-01T05:00:00,,평일
8호선,2805,별내,804,,20250619,8호선,2827,모란,827,N,8호선,8067,2805,별내,804,N,08:26:30,,,8058,상행,2025-05-01T05:00:00,,평일
8호선,2805,별내,804,,20250619,8호선,2827,모란,827,N,8호선,8069,2827,모란,827,N,,07:39:30,,8060,상행,2025-05-01T05:00:00,,평일
8호선,2805,별내,804,,20250619,8호선,2827,모란,827,N,8호선,8069,2826,수진,826,N,07:41:00,07:41:20,,8060,상행,2025-05-01T05:00:00,,평일
8호선,2805,별내,804,,20250619,8호선,2827,모란,827,N,8호선,8069,2825,신흥,825,N,07:42:30,07:43:00,,8060,상행,2025-05-01T05:00:00,,평일
8호선,2805,별내,804,,20250619,8호선,2827,모란,827,N,8호선,8069,2824,단대오거리,824,N,07:44:10,07:44:40,,8060,상행,2025-05-01T05:00:00,,평일
8호선,2805,별내,804,,20250619,8호선,2827,모란,827,N,8호선,8069,2823,남한산성입구,823,N,07:45:50,07:46:20,,8060,상행,2025-05-01T05:00:00,,평일
8호선,2805,별내,804,,20250619,8호선,2827,모란,827,N,8호선,8069,2822,산성,822,N,07:48:30,07:49:00,,8060,상행,2025-05-01T05:00:00,,평일
8호선,2805,별내,804,,20250619,8호선,2827,모란,827,N,8호선,8069,2828,남위례,821,N,07:50:40,07:51:10,,8060,상행,2025-05-01T05:00:00,,평일
8호선,2805,별내,804,,20250619,8호선,2827,모란,827,N,8호선,8069,2821,복정,820,N,07:53:00,07:53:40,,8060,상행,2025-05-01T05:00:00,,평일
8호선,2805,별내,804,,20250619,8호선,2827,모란,827,N,8호선,8069,2820,장지,819,N,07:54:50,07:55:30,,8060,상행,2025-05-01T05:00:00,,평일
8호선,2805,별내,804,,20250619,8호선,2827,모란,827,N,8호선,8069,2819,문정,818,N,07:56:40,07:57:20,,8060,상행,2025-05-01T05:00:00,,평일
8호선,2805,별내,804,,20250619,8호선,2827,모란,827,N,8호선,8069,2818,가락시장,817,N,07:58:30,07:59:20,,8060,상행,2025-05-01T05:00:00,,평일
8호선,2805,별내,804,,20250619,8호선,2827,모란,827,N,8호선,8069,2817,송파,816,N,08:00:30,08:01:10,,8060,상행,2025-05-01T05:00:00,,평일
8호선,2805,별내,804,,20250619,8호선,2827,모란,827,N,8호선,8069,2816,석촌,815,N,08:02:20,08:03:00,,8060,상행,2025-05-01T05:00:00,,평일
8호선,2805,별내,804,,20250619,8호선,2827,모란,827,N,8호선,8069,2815,잠실,814,N,08:04:50,08:05:40,,8060,상행,2025-05-01T05:00:00,,평일
8호선,2805,별내,804,,20250619,8호선,2827,모란,827,N,8호선,8069,2814,몽촌토성,813,N,08:06:50,08:07:30,,8060,상행,2025-05-01T05:00:00,,평일
8호선,2805,별내,804,,20250619,8호선,2827,모란,827,N,8호선,8069,2813,강동구청,812,N,08:09:30,08:10:10,,8060,상행,2025-05-01T05:00:00,,평일
8호선,2805,별내,804,,20250619,8호선,2827,모란,827,N,8호선,8069,2812,천호,811,N,08:11:30,08:12:20,,8060,상행,2025-05-01T05:00:00,,평일
8호선,2805,별내,804,,20250619,8호선,2827,모란,827,N,8호선,8069,2811,암사,810,N,08:13:50,08:14:30,,8060,상행,2025-05-01T05:00:00,,평일
8호선,2805,별내,804,,20250619,8호선,2827,모란,827,N,8호선,8069,2810,암사역사공원,809,N,08:16:30,08:17:00,,8060,상행,2025-05-01T05:00:00,,평일
8호선,2805,별내,804,,20250619,8호선,2827,모란,827,N,8호선,8069,2809,장자호수공원,808,N,08:20:40,08:21:20,,8060,상행,2025-05-01T05:00:00,,평일
8호선,2805,별내,804,,20250619,8호선,2827,모란,827,N,8호선,8069,2808,구리,807,N,08:23:30,08:24:10,,8060,상행,2025-05-01T05:00:00,,평일
8호선,2805,별내,804,,20250619,8호선,2827,모란,827,N,8호선,8069,2807,동구릉,806,N,08:25:30,08:26:00,,8060,상행,2025-05-01T05:00:00,,평일
8호선,2805,별내,804,,20250619,8호선,2827,모란,827,N,8호선,8069,2806,다산,805,N,08:28:20,08:28:50,,8060,상행,2025-05-01T05:00:00,,평일
8호선,2805,별내,804,,20250619,8호선,2827,모란,827,N,8호선,8069,2805,별내,804,N,08:32:00,,,8060,상행,2025-05-01T05:00:00,,평일
8호선,2805,별내,804,,20250619,8호선,2827,모란,827,N,8호선,8071,2827,모란,827,N,,07:45:30,,8062,상행,2025-05-01T05:00:00,,평일
8호선,2805,별내,804,,20250619,8호선,2827,모란,827,N,8호선,8071,2826,수진,826,N,07:47:00,07:47:20,,8062,상행,2025-05-01T05:00:00,,평일
8호선,2805,별내,804,,20250619,8호선,2827,모란,827,N,8호선,8071,2825,신흥,825,N,07:48:30,07:49:00,,8062,상행,2025-05-01T05:00:00,,평일
8호선,2805,별내,804,,20250619,8호선,2827,모란,827,N,8호선,8071,2824,단대오거리,824,N,07:50:10,07:50:40,,8062,상행,2025-05-01T05:00:00,,평일
8호선,2805,별내,804,,20250619,8호선,2827,모란,827,N,8호선,8071,2823,남한산성입구,823,N,07:51:50,07:52:20,,8062,상행,2025-05-01T05:00:00,,평일
8호선,2805,별내,804,,20250619,8호선,2827,모란,827,N,8호선,8071,2822,산성,822,N,07:54:30,07:55:00,,8062,상행,2025-05-01T05:00:00,,평일
8호선,2805,별내,804,,20250619,8호선,2827,모란,827,N,8호선,8071,2828,남위례,821,N,07:56:40,07:57:10,,8062,상행,2025-05-01T05:00:00,,평일
8호선,2805,별내,804,,20250619,8호선,2827,모란,827,N,8호선,8071,2821,복정,820,N,07:59:00,07:59:40,,8062,상행,2025-05-01T05:00:00,,평일
8호선,2805,별내,804,,20250619,8호선,2827,모란,827,N,8호선,8071,2820,장지,819,N,08:00:50,08:01:30,,8062,상행,2025-05-01T05:00:00,,평일
8호선,2805,별내,804,,20250619,8호선,2827,모란,827,N,8호선,8071,2819,문정,818,N,08:02:40,08:03:20,,8062,상행,2025-05-01T05:00:00,,평일
8호선,2805,별내,804,,20250619,8호선,2827,모란,827,N,8호선,8071,2818,가락시장,817,N,08:04:30,08:05:20,,8062,상행,2025-05-01T05:00:00,,평일
8호선,2805,별내,804,,20250619,8호선,2827,모란,827,N,8호선,8071,2817,송파,816,N,08:06:30,08:07:10,,8062,상행,2025-05-01T05:00:00,,평일
8호선,2805,별내,804,,20250619,8호선,2827,모란,827,N,8호선,8071,2816,석촌,815,N,08:08:20,08:09:00,,8062,상행,2025-05-01T05:00:00,,평일
8호선,2805,별내,804,,20250619,8호선,2827,모란,827,N,8호선,8071,2815,잠실,814,N,08:10:50,08:11:40,,8062,상행,2025-05-01T05:00:00,,평일
8호선,2805,별내,804,,20250619,8호선,2827,모란,827,N,8호선,8071,2814,몽촌토성,813,N,08:12:50,08:13:30,,8062,상행,2025-05-01T05:00:00,,평일
8호선,2805,별내,804,,20250619,8호선,2827,모란,827,N,8호선,8071,2813,강동구청,812,N,08:15:30,08:16:10,,8062,상행,2025-05-01T05:00:00,,평일
8호선,2805,별내,804,,20250619,8호선,2827,모란,827,N,8호선,8071,2812,천호,811,N,08:17:30,08:18:20,,8062,상행,2025-05-01T05:00:00,,평일
8호선,2805,별내,804,,20250619,8호선,2827,모란,827,N,8호선,8071,2811,암사,810,N,08:19:50,08:20:30,,8062,상행,2025-05-01T05:00:00,,평일
8호선,2805,별내,804,,20250619,8호선,2827,모란,827,N,8호선,8071,2810,암사역사공원,809,N,08:22:30,08:23:00,,8062,상행,2025-05-01T05:00:00,,평일
8호선,2805,별내,804,,20250619,8호선,2827,모란,827,N,8호선,8071,2809,장자호수공원,808,N,08:26:40,08:27:20,,8062,상행,2025-05-01T05:00:00,,평일
8호선,2805,별내,804,,20250619,8호선,2827,모란,827,N,8호선,8071,2808,구리,807,N,08:29:30,08:30:10,,8062,상행,2025-05-01T05:00:00,,평일
8호선,2805,별내,804,,20250619,8호선,2827,모란,827,N,8호선,8071,2807,동구릉,806,N,08:31:30,08:32:00,,8062,상행,2025-05-01T05:00:00,,평일
8호선,2805,별내,804,,20250619,8호선,2827,모란,827,N,8호선,8071,2806,다산,805,N,08:34:20,08:34:50,,8062,상행,2025-05-01T05:00:00,,평일
8호선,2805,별내,804,,20250619,8호선,2827,모란,827,N,8호선,8071,2805,별내,804,N,08:38:00,,,8062,상행,2025-05-01T05:00:00,,평일
8호선,2805,별내,804,,20250619,8호선,2827,모란,827,N,8호선,8073,2827,모란,827,N,,07:51:30,,8064,상행,2025-05-01T05:00:00,,평일
8호선,2805,별내,804,,20250619,8호선,2827,모란,827,N,8호선,8073,2826,수진,826,N,07:53:00,07:53:20,,8064,상행,2025-05-01T05:00:00,,평일
8호선,2805,별내,804,,20250619,8호선,2827,모란,827,N,8호선,8073,2825,신흥,825,N,07:54:30,07:55:00,,8064,상행,2025-05-01T05:00:00,,평일
8호선,2805,별내,804,,20250619,8호선,2827,모란,827,N,8호선,8073,2824,단대오거리,824,N,07:56:10,07:56:40,,8064,상행,2025-05-01T05:00:00,,평일
8호선,2805,별내,804,,20250619,8호선,2827,모란,827,N,8호선,8073,2823,남한산성입구,823,N,07:57:50,07:58:20,,8064,상행,2025-05-01T05:00:00,,평일
8호선,2805,별내,804,,20250619,8호선,2827,모란,827,N,8호선,8073,2822,산성,822,N,08:00:30,08:01:00,,8064,상행,2025-05-01T05:00:00,,평일
8호선,2805,별내,804,,20250619,8호선,2827,모란,827,N,8호선,8073,2828,남위례,821,N,08:02:40,08:03:10,,8064,상행,2025-05-01T05:00:00,,평일
8호선,2805,별내,804,,20250619,8호선,2827,모란,827,N,8호선,8073,2821,복정,820,N,08:05:00,08:05:40,,8064,상행,2025-05-01T05:00:00,,평일
8호선,2805,별내,804,,20250619,8호선,2827,모란,827,N,8호선,8073,2820,장지,819,N,08:06:50,08:07:30,,8064,상행,2025-05-01T05:00:00,,평일
8호선,2805,별내,804,,20250619,8호선,2827,모란,827,N,8호선,8073,2819,문정,818,N,08:08:40,08:09:20,,8064,상행,2025-05-01T05:00:00,,평일
8호선,2805,별내,804,,20250619,8호선,2827,모란,827,N,8호선,8073,2818,가락시장,817,N,08:10:30,08:11:20,,8064,상행,2025-05-01T05:00:00,,평일
8호선,2805,별내,804,,20250619,8호선,2827,모란,827,N,8호선,8073,2817,송파,816,N,08:12:30,08:13:10,,8064,상행,2025-05-01T05:00:00,,평일
8호선,2805,별내,804,,20250619,8호선,2827,모란,827,N,8호선,8073,2816,석촌,815,N,08:14:20,08:15:00,,8064,상행,2025-05-01T05:00:00,,평일
8호선,2805,별내,804,,20250619,8호선,2827,모란,827,N,8호선,8073,2815,잠실,814,N,08:16:50,08:17:40,,8064,상행,2025-05-01T05:00:00,,평일
8호선,2805,별내,804,,20250619,8호선,2827,모란,827,N,8호선,8073,2814,몽촌토성,813,N,08:18:50,08:19:30,,8064,상행,2025-05-01T05:00:00,,평일
8호선,2805,별내,804,,20250619,8호선,2827,모란,827,N,8호선,8073,2813,강동구청,812,N,08:21:30,08:22:10,,8064,상행,2025-05-01T05:00:00,,평일
8호선,2805,별내,804,,20250619,8호선,2827,모란,827,N,8호선,8073,2812,천호,811,N,08:23:30,08:24:20,,8064,상행,2025-05-01T05:00:00,,평일
8호선,2805,별내,804,,20250619,8호선,2827,모란,827,N,8호선,8073,2811,암사,810,N,08:25:50,08:26:30,,8064,상행,2025-05-01T05:00:00,,평일
8호선,2805,별내,804,,20250619,8호선,2827,모란,827,N,8호선,8073,2810,암사역사공원,809,N,08:28:30,08:29:00,,8064,상행,2025-05-01T05:00:00,,평일
8호선,2805,별내,804,,20250619,8호선,2827,모란,827,N,8호선,8073,2809,장자호수공원,808,N,08:32:40,08:33:20,,8064,상행,2025-05-01T05:00:00,,평일
8호선,2805,별내,804,,20250619,8호선,2827,모란,827,N,8호선,8073,2808,구리,807,N,08:35:30,08:36:10,,8064,상행,2025-05-01T05:00:00,,평일
8호선,2805,별내,804,,20250619,8호선,2827,모란,827,N,8호선,8073,2807,동구릉,806,N,08:37:30,08:38:00,,8064,상행,2025-05-01T05:00:00,,평일
8호선,2805,별내,804,,20250619,8호선,2827,모란,827,N,8호선,8073,2806,다산,805,N,08:40:20,08:40:50,,8064,상행,2025-05-01T05:00:00,,평일
8호선,2805,별내,804,,20250619,8호선,2827,모란,827,N,8호선,8073,2805,별내,804,N,08:44:00,,,8064,상행,2025-05-01T05:00:00,,평일
8호선,2805,별내,804,,20250619,8호선,2827,모란,827,N,8호선,8075,2827,모란,827,N,,07:57:30,,8066,상행,2025-05-01T05:00:00,,평일
8호선,2805,별내,804,,20250619,8호선,2827,모란,827,N,8호선,8075,2826,수진,826,N,07:59:00,07:59:20,,8066,상행,2025-05-01T05:00:00,,평일
8호선,2805,별내,804,,20250619,8호선,2827,모란,827,N,8호선,8075,2825,신흥,825,N,08:00:30,08:01:00,,8066,상행,2025-05-01T05:00:00,,평일
8호선,2805,별내,804,,20250619,8호선,2827,모란,827,N,8호선,8075,2824,단대오거리,824,N,08:02:10,08:02:40,,8066,상행,2025-05-01T05:00:00,,평일
8호선,2805,별내,804,,20250619,8호선,2827,모란,827,N,8호선,8075,2823,남한산성입구,823,N,08:03:50,08:04:20,,8066,상행,2025-05-01T05:00:00,,평일
8호선,2805,별내,804,,20250619,8호선,2827,모란,827,N,8호선,8075,2822,산성,822,N,08:06:30,08:07:00,,8066,상행,2025-05-01T05:00:00,,평일
8호선,2805,별내,804,,20250619,8호선,2827,모란,827,N,8호선,8075,2828,남위례,821,N,08:08:40,08:09:10,,8066,상행,2025-05-01T05:00:00,,평일
8호선,2805,별내,804,,20250619,8호선,2827,모란,827,N,8호선,8075,2821,복정,820,N,08:11:00,08:11:40,,8066,상행,2025-05-01T05:00:00,,평일
8호선,2805,별내,804,,20250619,8호선,2827,모란,827,N,8호선,8075,2820,장지,819,N,08:12:50,08:13:30,,8066,상행,2025-05-01T05:00:00,,평일
8호선,2805,별내,804,,20250619,8호선,2827,모란,827,N,8호선,8075,2819,문정,818,N,08:14:40,08:15:20,,8066,상행,2025-05-01T05:00:00,,평일
8호선,2805,별내,804,,20250619,8호선,2827,모란,827,N,8호선,8075,2818,가락시장,817,N,08:16:30,08:17:20,,8066,상행,2025-05-01T05:00:00,,평일
8호선,2805,별내,804,,20250619,8호선,2827,모란,827,N,8호선,8075,2817,송파,816,N,08:18:30,08:19:10,,8066,상행,2025-05-01T05:00:00,,평일
8호선,2805,별내,804,,20250619,8호선,2827,모란,827,N,8호선,8075,2816,석촌,815,N,08:20:20,08:21:00,,8066,상행,2025-05-01T05:00:00,,평일
8호선,2805,별내,804,,20250619,8호선,2827,모란,827,N,8호선,8075,2815,잠실,814,N,08:22:50,08:23:40,,8066,상행,2025-05-01T05:00:00,,평일
8호선,2805,별내,804,,20250619,8호선,2827,모란,827,N,8호선,8075,2814,몽촌토성,813,N,08:24:50,08:25:30,,8066,상행,2025-05-01T05:00:00,,평일
8호선,2805,별내,804,,20250619,8호선,2827,모란,827,N,8호선,8075,2813,강동구청,812,N,08:27:30,08:28:10,,8066,상행,2025-05-01T05:00:00,,평일
8호선,2805,별내,804,,20250619,8호선,2827,모란,827,N,8호선,8075,2812,천호,811,N,08:29:30,08:30:20,,8066,상행,2025-05-01T05:00:00,,평일
8호선,2805,별내,804,,20250619,8호선,2827,모란,827,N,8호선,8075,2811,암사,810,N,08:31:50,08:32:30,,8066,상행,2025-05-01T05:00:00,,평일
8호선,2805,별내,804,,20250619,8호선,2827,모란,827,N,8호선,8075,2810,암사역사공원,809,N,08:34:30,08:35:00,,8066,상행,2025-05-01T05:00:00,,평일
8호선,2805,별내,804,,20250619,8호선,2827,모란,827,N,8호선,8075,2809,장자호수공원,808,N,08:38:40,08:39:20,,8066,상행,2025-05-01T05:00:00,,평일
8호선,2805,별내,804,,20250619,8호선,2827,모란,827,N,8호선,8075,2808,구리,807,N,08:41:30,08:42:10,,8066,상행,2025-05-01T05:00:00,,평일
8호선,2805,별내,804,,20250619,8호선,2827,모란,827,N,8호선,8075,2807,동구릉,806,N,08:43:30,08:44:00,,8066,상행,2025-05-01T05:00:00,,평일
8호선,2805,별내,804,,20250619,8호선,2827,모란,827,N,8호선,8075,2806,다산,805,N,08:46:20,08:46:50,,8066,상행,2025-05-01T05:00:00,,평일
8호선,2805,별내,804,,20250619,8호선,2827,모란,827,N,8호선,8075,2805,별내,804,N,08:50:00,,,8066,상행,2025-05-01T05:00:00,,평일
8호선,2805,별내,804,,20250619,8호선,2827,모란,827,N,8호선,8077,2827,모란,827,N,,08:03:00,,8068,상행,2025-05-01T05:00:00,,평일
8호선,2805,별내,804,,20250619,8호선,2827,모란,827,N,8호선,8077,2826,수진,826,N,08:04:30,08:04:50,,8068,상행,2025-05-01T05:00:00,,평일
8호선,2805,별내,804,,20250619,8호선,2827,모란,827,N,8호선,8077,2825,신흥,825,N,08:06:00,08:06:30,,8068,상행,2025-05-01T05:00:00,,평일
8호선,2805,별내,804,,20250619,8호선,2827,모란,827,N,8호선,8077,2824,단대오거리,824,N,08:07:40,08:08:10,,8068,상행,2025-05-01T05:00:00,,평일
8호선,2805,별내,804,,20250619,8호선,2827,모란,827,N,8호선,8077,2823,남한산성입구,823,N,08:09:20,08:09:50,,8068,상행,2025-05-01T05:00:00,,평일
8호선,2805,별내,804,,20250619,8호선,2827,모란,827,N,8호선,8077,2822,산성,822,N,08:12:00,08:12:30,,8068,상행,2025-05-01T05:00:00,,평일
8호선,2805,별내,804,,20250619,8호선,2827,모란,827,N,8호선,8077,2828,남위례,821,N,08:14:10,08:14:40,,8068,상행,2025-05-01T05:00:00,,평일
8호선,2805,별내,804,,20250619,8호선,2827,모란,827,N,8호선,8077,2821,복정,820,N,08:16:30,08:17:10,,8068,상행,2025-05-01T05:00:00,,평일
8호선,2805,별내,804,,20250619,8호선,2827,모란,827,N,8호선,8077,2820,장지,819,N,08:18:20,08:19:00,,8068,상행,2025-05-01T05:00:00,,평일
8호선,2805,별내,804,,20250619,8호선,2827,모란,827,N,8호선,8077,2819,문정,818,N,08:20:10,08:20:50,,8068,상행,2025-05-01T05:00:00,,평일
8호선,2805,별내,804,,20250619,8호선,2827,모란,827,N,8호선,8077,2818,가락시장,817,N,08:22:00,08:22:50,,8068,상행,2025-05-01T05:00:00,,평일
8호선,2805,별내,804,,20250619,8호선,2827,모란,827,N,8호선,8077,2817,송파,816,N,08:24:00,08:24:40,,8068,상행,2025-05-01T05:00:00,,평일
8호선,2805,별내,804,,20250619,8호선,2827,모란,827,N,8호선,8077,2816,석촌,815,N,08:25:50,08:26:30,,8068,상행,2025-05-01T05:00:00,,평일
8호선,2805,별내,804,,20250619,8호선,2827,모란,827,N,8호선,8077,2815,잠실,814,N,08:28:20,08:29:10,,8068,상행,2025-05-01T05:00:00,,평일
8호선,2805,별내,804,,20250619,8호선,2827,모란,827,N,8호선,8077,2814,몽촌토성,813,N,08:30:20,08:31:00,,8068,상행,2025-05-01T05:00:00,,평일
8호선,2805,별내,804,,20250619,8호선,2827,모란,827,N,8호선,8077,2813,강동구청,812,N,08:33:00,08:33:40,,8068,상행,2025-05-01T05:00:00,,평일
8호선,2805,별내,804,,20250619,8호선,2827,모란,827,N,8호선,8077,2812,천호,811,N,08:35:00,08:35:50,,8068,상행,2025-05-01T05:00:00,,평일
8호선,2805,별내,804,,20250619,8호선,2827,모란,827,N,8호선,8077,2811,암사,810,N,08:37:20,08:38:00,,8068,상행,2025-05-01T05:00:00,,평일
8호선,2805,별내,804,,20250619,8호선,2827,모란,827,N,8호선,8077,2810,암사역사공원,809,N,08:40:00,08:40:30,,8068,상행,2025-05-01T05:00:00,,평일
8호선,2805,별내,804,,20250619,8호선,2827,모란,827,N,8호선,8077,2809,장자호수공원,808,N,08:44:10,08:44:50,,8068,상행,2025-05-01T05:00:00,,평일
8호선,2805,별내,804,,20250619,8호선,2827,모란,827,N,8호선,8077,2808,구리,807,N,08:47:00,08:47:40,,8068,상행,2025-05-01T05:00:00,,평일
8호선,2805,별내,804,,20250619,8호선,2827,모란,827,N,8호선,8077,2807,동구릉,806,N,08:49:00,08:49:30,,8068,상행,2025-05-01T05:00:00,,평일
8호선,2805,별내,804,,20250619,8호선,2827,모란,827,N,8호선,8077,2806,다산,805,N,08:51:50,08:52:20,,8068,상행,2025-05-01T05:00:00,,평일
8호선,2805,별내,804,,20250619,8호선,2827,모란,827,N,8호선,8077,2805,별내,804,N,08:55:30,,,8068,상행,2025-05-01T05:00:00,,평일
8호선,2805,별내,804,,20250619,8호선,2827,모란,827,N,8호선,8079,2827,모란,827,N,,08:08:30,,8070,상행,2025-05-01T05:00:00,,평일
8호선,2805,별내,804,,20250619,8호선,2827,모란,827,N,8호선,8079,2826,수진,826,N,08:10:00,08:10:20,,8070,상행,2025-05-01T05:00:00,,평일
8호선,2805,별내,804,,20250619,8호선,2827,모란,827,N,8호선,8079,2825,신흥,825,N,08:11:30,08:12:00,,8070,상행,2025-05-01T05:00:00,,평일
8호선,2805,별내,804,,20250619,8호선,2827,모란,827,N,8호선,8079,2824,단대오거리,824,N,08:13:10,08:13:40,,8070,상행,2025-05-01T05:00:00,,평일
8호선,2805,별내,804,,20250619,8호선,2827,모란,827,N,8호선,8079,2823,남한산성입구,823,N,08:14:50,08:15:20,,8070,상행,2025-05-01T05:00:00,,평일
8호선,2805,별내,804,,20250619,8호선,2827,모란,827,N,8호선,8079,2822,산성,822,N,08:17:30,08:18:00,,8070,상행,2025-05-01T05:00:00,,평일
8호선,2805,별내,804,,20250619,8호선,2827,모란,827,N,8호선,8079,2828,남위례,821,N,08:19:40,08:20:10,,8070,상행,2025-05-01T05:00:00,,평일
8호선,2805,별내,804,,20250619,8호선,2827,모란,827,N,8호선,8079,2821,복정,820,N,08:22:00,08:22:40,,8070,상행,2025-05-01T05:00:00,,평일
8호선,2805,별내,804,,20250619,8호선,2827,모란,827,N,8호선,8079,2820,장지,819,N,08:23:50,08:24:30,,8070,상행,2025-05-01T05:00:00,,평일
8호선,2805,별내,804,,20250619,8호선,2827,모란,827,N,8호선,8079,2819,문정,818,N,08:25:40,08:26:20,,8070,상행,2025-05-01T05:00:00,,평일
8호선,2805,별내,804,,20250619,8호선,2827,모란,827,N,8호선,8079,2818,가락시장,817,N,08:27:30,08:28:20,,8070,상행,2025-05-01T05:00:00,,평일
8호선,2805,별내,804,,20250619,8호선,2827,모란,827,N,8호선,8079,2817,송파,816,N,08:29:30,08:30:10,,8070,상행,2025-05-01T05:00:00,,평일
8호선,2805,별내,804,,20250619,8호선,2827,모란,827,N,8호선,8079,2816,석촌,815,N,08:31:20,08:32:00,,8070,상행,2025-05-01T05:00:00,,평일
8호선,2805,별내,804,,20250619,8호선,2827,모란,827,N,8호선,8079,2815,잠실,814,N,08:33:50,08:34:40,,8070,상행,2025-05-01T05:00:00,,평일
8호선,2805,별내,804,,20250619,8호선,2827,모란,827,N,8호선,8079,2814,몽촌토성,813,N,08:35:50,08:36:30,,8070,상행,2025-05-01T05:00:00,,평일
8호선,2805,별내,804,,20250619,8호선,2827,모란,827,N,8호선,8079,2813,강동구청,812,N,08:38:30,08:39:10,,8070,상행,2025-05-01T05:00:00,,평일
8호선,2805,별내,804,,20250619,8호선,2827,모란,827,N,8호선,8079,2812,천호,811,N,08:40:30,08:41:20,,8070,상행,2025-05-01T05:00:00,,평일
8호선,2805,별내,804,,20250619,8호선,2827,모란,827,N,8호선,8079,2811,암사,810,N,08:42:50,08:43:30,,8070,상행,2025-05-01T05:00:00,,평일
8호선,2805,별내,804,,20250619,8호선,2827,모란,827,N,8호선,8079,2810,암사역사공원,809,N,08:45:30,08:46:00,,8070,상행,2025-05-01T05:00:00,,평일
8호선,2805,별내,804,,20250619,8호선,2827,모란,827,N,8호선,8079,2809,장자호수공원,808,N,08:49:40,08:50:20,,8070,상행,2025-05-01T05:00:00,,평일
8호선,2805,별내,804,,20250619,8호선,2827,모란,827,N,8호선,8079,2808,구리,807,N,08:52:30,08:53:10,,8070,상행,2025-05-01T05:00:00,,평일
8호선,2805,별내,804,,20250619,8호선,2827,모란,827,N,8호선,8079,2807,동구릉,806,N,08:54:30,08:55:00,,8070,상행,2025-05-01T05:00:00,,평일
8호선,2805,별내,804,,20250619,8호선,2827,모란,827,N,8호선,8079,2806,다산,805,N,08:57:20,08:57:50,,8070,상행,2025-05-01T05:00:00,,평일
8호선,2805,별내,804,,20250619,8호선,2827,모란,827,N,8호선,8079,2805,별내,804,N,09:01:00,,,8070,상행,2025-05-01T05:00:00,,평일
8호선,2805,별내,804,,20250619,8호선,2827,모란,827,N,8호선,8081,2827,모란,827,N,,08:14:00,,8072,상행,2025-05-01T05:00:00,,평일
8호선,2805,별내,804,,20250619,8호선,2827,모란,827,N,8호선,8081,2826,수진,826,N,08:15:30,08:15:50,,8072,상행,2025-05-01T05:00:00,,평일
8호선,2805,별내,804,,20250619,8호선,2827,모란,827,N,8호선,8081,2825,신흥,825,N,08:17:00,08:17:30,,8072,상행,2025-05-01T05:00:00,,평일
8호선,2805,별내,804,,20250619,8호선,2827,모란,827,N,8호선,8081,2824,단대오거리,824,N,08:18:40,08:19:10,,8072,상행,2025-05-01T05:00:00,,평일
8호선,2805,별내,804,,20250619,8호선,2827,모란,827,N,8호선,8081,2823,남한산성입구,823,N,08:20:20,08:20:50,,8072,상행,2025-05-01T05:00:00,,평일
8호선,2805,별내,804,,20250619,8호선,2827,모란,827,N,8호선,8081,2822,산성,822,N,08:23:00,08:23:30,,8072,상행,2025-05-01T05:00:00,,평일
8호선,2805,별내,804,,20250619,8호선,2827,모란,827,N,8호선,8081,2828,남위례,821,N,08:25:10,08:25:40,,8072,상행,2025-05-01T05:00:00,,평일
8호선,2805,별내,804,,20250619,8호선,2827,모란,827,N,8호선,8081,2821,복정,820,N,08:27:30,08:28:10,,8072,상행,2025-05-01T05:00:00,,평일
8호선,2805,별내,804,,20250619,8호선,2827,모란,827,N,8호선,8081,2820,장지,819,N,08:29:20,08:30:00,,8072,상행,2025-05-01T05:00:00,,평일
8호선,2805,별내,804,,20250619,8호선,2827,모란,827,N,8호선,8081,2819,문정,818,N,08:31:10,08:31:50,,8072,상행,2025-05-01T05:00:00,,평일
8호선,2805,별내,804,,20250619,8호선,2827,모란,827,N,8호선,8081,2818,가락시장,817,N,08:33:00,08:33:50,,8072,상행,2025-05-01T05:00:00,,평일
8호선,2805,별내,804,,20250619,8호선,2827,모란,827,N,8호선,8081,2817,송파,816,N,08:35:00,08:35:40,,8072,상행,2025-05-01T05:00:00,,평일
8호선,2805,별내,804,,20250619,8호선,2827,모란,827,N,8호선,8081,2816,석촌,815,N,08:36:50,08:37:30,,8072,상행,2025-05-01T05:00:00,,평일
8호선,2805,별내,804,,20250619,8호선,2827,모란,827,N,8호선,8081,2815,잠실,814,N,08:39:20,08:40:10,,8072,상행,2025-05-01T05:00:00,,평일
8호선,2805,별내,804,,20250619,8호선,2827,모란,827,N,8호선,8081,2814,몽촌토성,813,N,08:41:20,08:42:00,,8072,상행,2025-05-01T05:00:00,,평일
8호선,2805,별내,804,,20250619,8호선,2827,모란,827,N,8호선,8081,2813,강동구청,812,N,08:44:00,08:44:40,,8072,상행,2025-05-01T05:00:00,,평일
8호선,2805,별내,804,,20250619,8호선,2827,모란,827,N,8호선,8081,2812,천호,811,N,08:46:00,08:46:50,,8072,상행,2025-05-01T05:00:00,,평일
8호선,2805,별내,804,,20250619,8호선,2827,모란,827,N,8호선,8081,2811,암사,810,N,08:48:20,08:49:00,,8072,상행,2025-05-01T05:00:00,,평일
8호선,2805,별내,804,,20250619,8호선,2827,모란,827,N,8호선,8081,2810,암사역사공원,809,N,08:51:00,08:51:30,,8072,상행,2025-05-01T05:00:00,,평일
8호선,2805,별내,804,,20250619,8호선,2827,모란,827,N,8호선,8081,2809,장자호수공원,808,N,08:55:10,08:55:50,,8072,상행,2025-05-01T05:00:00,,평일
8호선,2805,별내,804,,20250619,8호선,2827,모란,827,N,8호선,8081,2808,구리,807,N,08:58:00,08:58:40,,8072,상행,2025-05-01T05:00:00,,평일
8호선,2805,별내,804,,20250619,8호선,2827,모란,827,N,8호선,8081,2807,동구릉,806,N,09:00:00,09:00:30,,8072,상행,2025-05-01T05:00:00,,평일
8호선,2805,별내,804,,20250619,8호선,2827,모란,827,N,8호선,8081,2806,다산,805,N,09:02:50,09:03:20,,8072,상행,2025-05-01T05:00:00,,평일
8호선,2805,별내,804,,20250619,8호선,2827,모란,827,N,8호선,8081,2805,별내,804,N,09:06:30,,,8072,상행,2025-05-01T05:00:00,,평일
8호선,2805,별내,804,,20250619,8호선,2827,모란,827,N,8호선,8083,2827,모란,827,N,,08:19:30,,8074,상행,2025-05-01T05:00:00,,평일
8호선,2805,별내,804,,20250619,8호선,2827,모란,827,N,8호선,8083,2826,수진,826,N,08:21:00,08:21:20,,8074,상행,2025-05-01T05:00:00,,평일
8호선,2805,별내,804,,20250619,8호선,2827,모란,827,N,8호선,8083,2825,신흥,825,N,08:22:30,08:23:00,,8074,상행,2025-05-01T05:00:00,,평일
8호선,2805,별내,804,,20250619,8호선,2827,모란,827,N,8호선,8083,2824,단대오거리,824,N,08:24:10,08:24:40,,8074,상행,2025-05-01T05:00:00,,평일
8호선,2805,별내,804,,20250619,8호선,2827,모란,827,N,8호선,8083,2823,남한산성입구,823,N,08:25:50,08:26:20,,8074,상행,2025-05-01T05:00:00,,평일
8호선,2805,별내,804,,20250619,8호선,2827,모란,827,N,8호선,8083,2822,산성,822,N,08:28:30,08:29:00,,8074,상행,2025-05-01T05:00:00,,평일
8호선,2805,별내,804,,20250619,8호선,2827,모란,827,N,8호선,8083,2828,남위례,821,N,08:30:40,08:31:10,,8074,상행,2025-05-01T05:00:00,,평일
8호선,2805,별내,804,,20250619,8호선,2827,모란,827,N,8호선,8083,2821,복정,820,N,08:33:00,08:33:40,,8074,상행,2025-05-01T05:00:00,,평일
8호선,2805,별내,804,,20250619,8호선,2827,모란,827,N,8호선,8083,2820,장지,819,N,08:34:50,08:35:30,,8074,상행,2025-05-01T05:00:00,,평일
8호선,2805,별내,804,,20250619,8호선,2827,모란,827,N,8호선,8083,2819,문정,818,N,08:36:40,08:37:20,,8074,상행,2025-05-01T05:00:00,,평일
8호선,2805,별내,804,,20250619,8호선,2827,모란,827,N,8호선,8083,2818,가락시장,817,N,08:38:30,08:39:20,,8074,상행,2025-05-01T05:00:00,,평일
8호선,2805,별내,804,,20250619,8호선,2827,모란,827,N,8호선,8083,2817,송파,816,N,08:40:30,08:41:10,,8074,상행,2025-05-01T05:00:00,,평일
8호선,2805,별내,804,,20250619,8호선,2827,모란,827,N,8호선,8083,2816,석촌,815,N,08:42:20,08:43:00,,8074,상행,2025-05-01T05:00:00,,평일
8호선,2805,별내,804,,20250619,8호선,2827,모란,827,N,8호선,8083,2815,잠실,814,N,08:44:50,08:45:40,,8074,상행,2025-05-01T05:00:00,,평일
8호선,2805,별내,804,,20250619,8호선,2827,모란,827,N,8호선,8083,2814,몽촌토성,813,N,08:46:50,08:47:30,,8074,상행,2025-05-01T05:00:00,,평일
8호선,2805,별내,804,,20250619,8호선,2827,모란,827,N,8호선,8083,2813,강동구청,812,N,08:49:30,08:50:10,,8074,상행,2025-05-01T05:00:00,,평일
8호선,2805,별내,804,,20250619,8호선,2827,모란,827,N,8호선,8083,2812,천호,811,N,08:51:30,08:52:20,,8074,상행,2025-05-01T05:00:00,,평일
8호선,2805,별내,804,,20250619,8호선,2827,모란,827,N,8호선,8083,2811,암사,810,N,08:53:50,08:54:30,,8074,상행,2025-05-01T05:00:00,,평일
8호선,2805,별내,804,,20250619,8호선,2827,모란,827,N,8호선,8083,2810,암사역사공원,809,N,08:56:30,08:57:00,,8074,상행,2025-05-01T05:00:00,,평일
8호선,2805,별내,804,,20250619,8호선,2827,모란,827,N,8호선,8083,2809,장자호수공원,808,N,09:00:40,09:01:20,,8074,상행,2025-05-01T05:00:00,,평일
8호선,2805,별내,804,,20250619,8호선,2827,모란,827,N,8호선,8083,2808,구리,807,N,09:03:30,09:04:10,,8074,상행,2025-05-01T05:00:00,,평일
8호선,2805,별내,804,,20250619,8호선,2827,모란,827,N,8호선,8083,2807,동구릉,806,N,09:05:30,09:06:00,,8074,상행,2025-05-01T05:00:00,,평일
8호선,2805,별내,804,,20250619,8호선,2827,모란,827,N,8호선,8083,2806,다산,805,N,09:08:20,09:08:50,,8074,상행,2025-05-01T05:00:00,,평일
8호선,2805,별내,804,,20250619,8호선,2827,모란,827,N,8호선,8083,2805,별내,804,N,09:12:00,,,8074,상행,2025-05-01T05:00:00,,평일
8호선,2805,별내,804,,20250619,8호선,2827,모란,827,N,8호선,8085,2827,모란,827,N,,08:25:00,,8076,상행,2025-05-01T05:00:00,,평일
8호선,2805,별내,804,,20250619,8호선,2827,모란,827,N,8호선,8085,2826,수진,826,N,08:26:30,08:26:50,,8076,상행,2025-05-01T05:00:00,,평일
8호선,2805,별내,804,,20250619,8호선,2827,모란,827,N,8호선,8085,2825,신흥,825,N,08:28:00,08:28:30,,8076,상행,2025-05-01T05:00:00,,평일
8호선,2805,별내,804,,20250619,8호선,2827,모란,827,N,8호선,8085,2824,단대오거리,824,N,08:29:40,08:30:10,,8076,상행,2025-05-01T05:00:00,,평일
8호선,2805,별내,804,,20250619,8호선,2827,모란,827,N,8호선,8085,2823,남한산성입구,823,N,08:31:20,08:31:50,,8076,상행,2025-05-01T05:00:00,,평일
8호선,2805,별내,804,,20250619,8호선,2827,모란,827,N,8호선,8085,2822,산성,822,N,08:34:00,08:34:30,,8076,상행,2025-05-01T05:00:00,,평일
8호선,2805,별내,804,,20250619,8호선,2827,모란,827,N,8호선,8085,2828,남위례,821,N,08:36:10,08:36:40,,8076,상행,2025-05-01T05:00:00,,평일
8호선,2805,별내,804,,20250619,8호선,2827,모란,827,N,8호선,8085,2821,복정,820,N,08:38:30,08:39:10,,8076,상행,2025-05-01T05:00:00,,평일
8호선,2805,별내,804,,20250619,8호선,2827,모란,827,N,8호선,8085,2820,장지,819,N,08:40:20,08:41:00,,8076,상행,2025-05-01T05:00:00,,평일
8호선,2805,별내,804,,20250619,8호선,2827,모란,827,N,8호선,8085,2819,문정,818,N,08:42:10,08:42:50,,8076,상행,2025-05-01T05:00:00,,평일
8호선,2805,별내,804,,20250619,8호선,2827,모란,827,N,8호선,8085,2818,가락시장,817,N,08:44:00,08:44:50,,8076,상행,2025-05-01T05:00:00,,평일
8호선,2805,별내,804,,20250619,8호선,2827,모란,827,N,8호선,8085,2817,송파,816,N,08:46:00,08:46:40,,8076,상행,2025-05-01T05:00:00,,평일
8호선,2805,별내,804,,20250619,8호선,2827,모란,827,N,8호선,8085,2816,석촌,815,N,08:47:50,08:48:30,,8076,상행,2025-05-01T05:00:00,,평일
8호선,2805,별내,804,,20250619,8호선,2827,모란,827,N,8호선,8085,2815,잠실,814,N,08:50:20,08:51:10,,8076,상행,2025-05-01T05:00:00,,평일
8호선,2805,별내,804,,20250619,8호선,2827,모란,827,N,8호선,8085,2814,몽촌토성,813,N,08:52:20,08:53:00,,8076,상행,2025-05-01T05:00:00,,평일
8호선,2805,별내,804,,20250619,8호선,2827,모란,827,N,8호선,8085,2813,강동구청,812,N,08:55:00,08:55:40,,8076,상행,2025-05-01T05:00:00,,평일
8호선,2805,별내,804,,20250619,8호선,2827,모란,827,N,8호선,8085,2812,천호,811,N,08:57:00,08:57:50,,8076,상행,2025-05-01T05:00:00,,평일
8호선,2805,별내,804,,20250619,8호선,2827,모란,827,N,8호선,8085,2811,암사,810,N,08:59:20,09:00:00,,8076,상행,2025-05-01T05:00:00,,평일
8호선,2805,별내,804,,20250619,8호선,2827,모란,827,N,8호선,8085,2810,암사역사공원,809,N,09:02:00,09:02:30,,8076,상행,2025-05-01T05:00:00,,평일
8호선,2805,별내,804,,20250619,8호선,2827,모란,827,N,8호선,8085,2809,장자호수공원,808,N,09:06:10,09:06:50,,8076,상행,2025-05-01T05:00:00,,평일
8호선,2805,별내,804,,20250619,8호선,2827,모란,827,N,8호선,8085,2808,구리,807,N,09:09:00,09:09:40,,8076,상행,2025-05-01T05:00:00,,평일
8호선,2805,별내,804,,20250619,8호선,2827,모란,827,N,8호선,8085,2807,동구릉,806,N,09:11:00,09:11:30,,8076,상행,2025-05-01T05:00:00,,평일
8호선,2805,별내,804,,20250619,8호선,2827,모란,827,N,8호선,8085,2806,다산,805,N,09:13:50,09:14:20,,8076,상행,2025-05-01T05:00:00,,평일
8호선,2805,별내,804,,20250619,8호선,2827,모란,827,N,8호선,8085,2805,별내,804,N,09:17:30,,,8076,상행,2025-05-01T05:00:00,,평일
8호선,2805,별내,804,,20250619,8호선,2827,모란,827,N,8호선,8087,2827,모란,827,N,,08:31:00,,8078,상행,2025-05-01T05:00:00,,평일
8호선,2805,별내,804,,20250619,8호선,2827,모란,827,N,8호선,8087,2826,수진,826,N,08:32:30,08:32:50,,8078,상행,2025-05-01T05:00:00,,평일
8호선,2805,별내,804,,20250619,8호선,2827,모란,827,N,8호선,8087,2825,신흥,825,N,08:34:00,08:34:30,,8078,상행,2025-05-01T05:00:00,,평일
8호선,2805,별내,804,,20250619,8호선,2827,모란,827,N,8호선,8087,2824,단대오거리,824,N,08:35:40,08:36:10,,8078,상행,2025-05-01T05:00:00,,평일
8호선,2805,별내,804,,20250619,8호선,2827,모란,827,N,8호선,8087,2823,남한산성입구,823,N,08:37:20,08:37:50,,8078,상행,2025-05-01T05:00:00,,평일
8호선,2805,별내,804,,20250619,8호선,2827,모란,827,N,8호선,8087,2822,산성,822,N,08:40:00,08:40:30,,8078,상행,2025-05-01T05:00:00,,평일
8호선,2805,별내,804,,20250619,8호선,2827,모란,827,N,8호선,8087,2828,남위례,821,N,08:42:10,08:42:40,,8078,상행,2025-05-01T05:00:00,,평일
8호선,2805,별내,804,,20250619,8호선,2827,모란,827,N,8호선,8087,2821,복정,820,N,08:44:30,08:45:10,,8078,상행,2025-05-01T05:00:00,,평일
8호선,2805,별내,804,,20250619,8호선,2827,모란,827,N,8호선,8087,2820,장지,819,N,08:46:20,08:47:00,,8078,상행,2025-05-01T05:00:00,,평일
8호선,2805,별내,804,,20250619,8호선,2827,모란,827,N,8호선,8087,2819,문정,818,N,08:48:10,08:48:50,,8078,상행,2025-05-01T05:00:00,,평일
8호선,2805,별내,804,,20250619,8호선,2827,모란,827,N,8호선,8087,2818,가락시장,817,N,08:50:00,08:50:50,,8078,상행,2025-05-01T05:00:00,,평일
8호선,2805,별내,804,,20250619,8호선,2827,모란,827,N,8호선,8087,2817,송파,816,N,08:52:00,08:52:40,,8078,상행,2025-05-01T05:00:00,,평일
8호선,2805,별내,804,,20250619,8호선,2827,모란,827,N,8호선,8087,2816,석촌,815,N,08:53:50,08:54:30,,8078,상행,2025-05-01T05:00:00,,평일
8호선,2805,별내,804,,20250619,8호선,2827,모란,827,N,8호선,8087,2815,잠실,814,N,08:56:20,08:57:10,,8078,상행,2025-05-01T05:00:00,,평일
8호선,2805,별내,804,,20250619,8호선,2827,모란,827,N,8호선,8087,2814,몽촌토성,813,N,08:58:20,08:59:00,,8078,상행,2025-05-01T05:00:00,,평일
8호선,2805,별내,804,,20250619,8호선,2827,모란,827,N,8호선,8087,2813,강동구청,812,N,09:01:00,09:01:40,,8078,상행,2025-05-01T05:00:00,,평일
8호선,2805,별내,804,,20250619,8호선,2827,모란,827,N,8호선,8087,2812,천호,811,N,09:03:00,09:03:50,,8078,상행,2025-05-01T05:00:00,,평일
8호선,2805,별내,804,,20250619,8호선,2827,모란,827,N,8호선,8087,2811,암사,810,N,09:05:20,09:06:00,,8078,상행,2025-05-01T05:00:00,,평일
8호선,2805,별내,804,,20250619,8호선,2827,모란,827,N,8호선,8087,2810,암사역사공원,809,N,09:08:00,09:08:30,,8078,상행,2025-05-01T05:00:00,,평일
8호선,2805,별내,804,,20250619,8호선,2827,모란,827,N,8호선,8087,2809,장자호수공원,808,N,09:12:10,09:12:50,,8078,상행,2025-05-01T05:00:00,,평일
8호선,2805,별내,804,,20250619,8호선,2827,모란,827,N,8호선,8087,2808,구리,807,N,09:15:00,09:15:40,,8078,상행,2025-05-01T05:00:00,,평일
8호선,2805,별내,804,,20250619,8호선,2827,모란,827,N,8호선,8087,2807,동구릉,806,N,09:17:00,09:17:30,,8078,상행,2025-05-01T05:00:00,,평일
8호선,2805,별내,804,,20250619,8호선,2827,모란,827,N,8호선,8087,2806,다산,805,N,09:19:50,09:20:20,,8078,상행,2025-05-01T05:00:00,,평일
8호선,2805,별내,804,,20250619,8호선,2827,모란,827,N,8호선,8087,2805,별내,804,N,09:23:30,,,8078,상행,2025-05-01T05:00:00,,평일
8호선,2805,별내,804,,20250619,8호선,2827,모란,827,N,8호선,8089,2827,모란,827,N,,08:37:00,,8080,상행,2025-05-01T05:00:00,,평일
8호선,2805,별내,804,,20250619,8호선,2827,모란,827,N,8호선,8089,2826,수진,826,N,08:38:30,08:38:50,,8080,상행,2025-05-01T05:00:00,,평일
8호선,2805,별내,804,,20250619,8호선,2827,모란,827,N,8호선,8089,2825,신흥,825,N,08:40:00,08:40:30,,8080,상행,2025-05-01T05:00:00,,평일
8호선,2805,별내,804,,20250619,8호선,2827,모란,827,N,8호선,8089,2824,단대오거리,824,N,08:41:40,08:42:10,,8080,상행,2025-05-01T05:00:00,,평일
8호선,2805,별내,804,,20250619,8호선,2827,모란,827,N,8호선,8089,2823,남한산성입구,823,N,08:43:20,08:43:50,,8080,상행,2025-05-01T05:00:00,,평일
8호선,2805,별내,804,,20250619,8호선,2827,모란,827,N,8호선,8089,2822,산성,822,N,08:46:00,08:46:30,,8080,상행,2025-05-01T05:00:00,,평일
8호선,2805,별내,804,,20250619,8호선,2827,모란,827,N,8호선,8089,2828,남위례,821,N,08:48:10,08:48:40,,8080,상행,2025-05-01T05:00:00,,평일
8호선,2805,별내,804,,20250619,8호선,2827,모란,827,N,8호선,8089,2821,복정,820,N,08:50:30,08:51:10,,8080,상행,2025-05-01T05:00:00,,평일
8호선,2805,별내,804,,20250619,8호선,2827,모란,827,N,8호선,8089,2820,장지,819,N,08:52:20,08:52:50,,8080,상행,2025-05-01T05:00:00,,평일
8호선,2805,별내,804,,20250619,8호선,2827,모란,827,N,8호선,8089,2819,문정,818,N,08:54:00,08:54:40,,8080,상행,2025-05-01T05:00:00,,평일
8호선,2805,별내,804,,20250619,8호선,2827,모란,827,N,8호선,8089,2818,가락시장,817,N,08:55:50,08:56:30,,8080,상행,2025-05-01T05:00:00,,평일
8호선,2805,별내,804,,20250619,8호선,2827,모란,827,N,8호선,8089,2817,송파,816,N,08:57:40,08:58:20,,8080,상행,2025-05-01T05:00:00,,평일
8호선,2805,별내,804,,20250619,8호선,2827,모란,827,N,8호선,8089,2816,석촌,815,N,08:59:30,09:00:10,,8080,상행,2025-05-01T05:00:00,,평일
8호선,2805,별내,804,,20250619,8호선,2827,모란,827,N,8호선,8089,2815,잠실,814,N,09:02:00,09:02:50,,8080,상행,2025-05-01T05:00:00,,평일
8호선,2805,별내,804,,20250619,8호선,2827,모란,827,N,8호선,8089,2814,몽촌토성,813,N,09:04:00,09:04:40,,8080,상행,2025-05-01T05:00:00,,평일
8호선,2805,별내,804,,20250619,8호선,2827,모란,827,N,8호선,8089,2813,강동구청,812,N,09:06:40,09:07:20,,8080,상행,2025-05-01T05:00:00,,평일
8호선,2805,별내,804,,20250619,8호선,2827,모란,827,N,8호선,8089,2812,천호,811,N,09:08:40,09:09:30,,8080,상행,2025-05-01T05:00:00,,평일
8호선,2805,별내,804,,20250619,8호선,2827,모란,827,N,8호선,8089,2811,암사,810,N,09:11:00,09:11:40,,8080,상행,2025-05-01T05:00:00,,평일
8호선,2805,별내,804,,20250619,8호선,2827,모란,827,N,8호선,8089,2810,암사역사공원,809,N,09:13:40,09:14:10,,8080,상행,2025-05-01T05:00:00,,평일
8호선,2805,별내,804,,20250619,8호선,2827,모란,827,N,8호선,8089,2809,장자호수공원,808,N,09:17:50,09:18:20,,8080,상행,2025-05-01T05:00:00,,평일
8호선,2805,별내,804,,20250619,8호선,2827,모란,827,N,8호선,8089,2808,구리,807,N,09:20:30,09:21:10,,8080,상행,2025-05-01T05:00:00,,평일
8호선,2805,별내,804,,20250619,8호선,2827,모란,827,N,8호선,8089,2807,동구릉,806,N,09:22:30,09:23:00,,8080,상행,2025-05-01T05:00:00,,평일
8호선,2805,별내,804,,20250619,8호선,2827,모란,827,N,8호선,8089,2806,다산,805,N,09:25:20,09:25:50,,8080,상행,2025-05-01T05:00:00,,평일
8호선,2805,별내,804,,20250619,8호선,2827,모란,827,N,8호선,8089,2805,별내,804,N,09:29:00,,,8080,상행,2025-05-01T05:00:00,,평일
8호선,2805,별내,804,,20250619,8호선,2827,모란,827,N,8호선,8091,2827,모란,827,N,,08:43:00,,8082,상행,2025-05-01T05:00:00,,평일
8호선,2805,별내,804,,20250619,8호선,2827,모란,827,N,8호선,8091,2826,수진,826,N,08:44:30,08:44:50,,8082,상행,2025-05-01T05:00:00,,평일
8호선,2805,별내,804,,20250619,8호선,2827,모란,827,N,8호선,8091,2825,신흥,825,N,08:46:00,08:46:30,,8082,상행,2025-05-01T05:00:00,,평일
8호선,2805,별내,804,,20250619,8호선,2827,모란,827,N,8호선,8091,2824,단대오거리,824,N,08:47:40,08:48:10,,8082,상행,2025-05-01T05:00:00,,평일
8호선,2805,별내,804,,20250619,8호선,2827,모란,827,N,8호선,8091,2823,남한산성입구,823,N,08:49:20,08:49:50,,8082,상행,2025-05-01T05:00:00,,평일
8호선,2805,별내,804,,20250619,8호선,2827,모란,827,N,8호선,8091,2822,산성,822,N,08:52:00,08:52:30,,8082,상행,2025-05-01T05:00:00,,평일
8호선,2805,별내,804,,20250619,8호선,2827,모란,827,N,8호선,8091,2828,남위례,821,N,08:54:10,08:54:40,,8082,상행,2025-05-01T05:00:00,,평일
8호선,2805,별내,804,,20250619,8호선,2827,모란,827,N,8호선,8091,2821,복정,820,N,08:56:30,08:57:10,,8082,상행,2025-05-01T05:00:00,,평일
8호선,2805,별내,804,,20250619,8호선,2827,모란,827,N,8호선,8091,2820,장지,819,N,08:58:20,08:58:50,,8082,상행,2025-05-01T05:00:00,,평일
8호선,2805,별내,804,,20250619,8호선,2827,모란,827,N,8호선,8091,2819,문정,818,N,09:00:00,09:00:40,,8082,상행,2025-05-01T05:00:00,,평일
8호선,2805,별내,804,,20250619,8호선,2827,모란,827,N,8호선,8091,2818,가락시장,817,N,09:01:50,09:02:30,,8082,상행,2025-05-01T05:00:00,,평일
8호선,2805,별내,804,,20250619,8호선,2827,모란,827,N,8호선,8091,2817,송파,816,N,09:03:40,09:04:20,,8082,상행,2025-05-01T05:00:00,,평일
8호선,2805,별내,804,,20250619,8호선,2827,모란,827,N,8호선,8091,2816,석촌,815,N,09:05:30,09:06:10,,8082,상행,2025-05-01T05:00:00,,평일
8호선,2805,별내,804,,20250619,8호선,2827,모란,827,N,8호선,8091,2815,잠실,814,N,09:08:00,09:08:50,,8082,상행,2025-05-01T05:00:00,,평일
8호선,2805,별내,804,,20250619,8호선,2827,모란,827,N,8호선,8091,2814,몽촌토성,813,N,09:10:00,09:10:40,,8082,상행,2025-05-01T05:00:00,,평일
8호선,2805,별내,804,,20250619,8호선,2827,모란,827,N,8호선,8091,2813,강동구청,812,N,09:12:40,09:13:20,,8082,상행,2025-05-01T05:00:00,,평일
8호선,2805,별내,804,,20250619,8호선,2827,모란,827,N,8호선,8091,2812,천호,811,N,09:14:40,09:15:30,,8082,상행,2025-05-01T05:00:00,,평일
8호선,2805,별내,804,,20250619,8호선,2827,모란,827,N,8호선,8091,2811,암사,810,N,09:17:00,09:17:40,,8082,상행,2025-05-01T05:00:00,,평일
8호선,2805,별내,804,,20250619,8호선,2827,모란,827,N,8호선,8091,2810,암사역사공원,809,N,09:19:40,09:20:10,,8082,상행,2025-05-01T05:00:00,,평일
8호선,2805,별내,804,,20250619,8호선,2827,모란,827,N,8호선,8091,2809,장자호수공원,808,N,09:23:50,09:24:20,,8082,상행,2025-05-01T05:00:00,,평일
8호선,2805,별내,804,,20250619,8호선,2827,모란,827,N,8호선,8091,2808,구리,807,N,09:26:30,09:27:10,,8082,상행,2025-05-01T05:00:00,,평일
8호선,2805,별내,804,,20250619,8호선,2827,모란,827,N,8호선,8091,2807,동구릉,806,N,09:28:30,09:29:00,,8082,상행,2025-05-01T05:00:00,,평일
8호선,2805,별내,804,,20250619,8호선,2827,모란,827,N,8호선,8091,2806,다산,805,N,09:31:20,09:31:50,,8082,상행,2025-05-01T05:00:00,,평일
8호선,2805,별내,804,,20250619,8호선,2827,모란,827,N,8호선,8091,2805,별내,804,N,09:35:00,,,8082,상행,2025-05-01T05:00:00,,평일
8호선,2805,별내,804,,20250619,8호선,2827,모란,827,N,8호선,8093,2827,모란,827,N,,08:49:00,,8084,상행,2025-05-01T05:00:00,,평일
8호선,2805,별내,804,,20250619,8호선,2827,모란,827,N,8호선,8093,2826,수진,826,N,08:50:30,08:50:50,,8084,상행,2025-05-01T05:00:00,,평일
8호선,2805,별내,804,,20250619,8호선,2827,모란,827,N,8호선,8093,2825,신흥,825,N,08:52:00,08:52:30,,8084,상행,2025-05-01T05:00:00,,평일
8호선,2805,별내,804,,20250619,8호선,2827,모란,827,N,8호선,8093,2824,단대오거리,824,N,08:53:40,08:54:10,,8084,상행,2025-05-01T05:00:00,,평일
8호선,2805,별내,804,,20250619,8호선,2827,모란,827,N,8호선,8093,2823,남한산성입구,823,N,08:55:20,08:55:50,,8084,상행,2025-05-01T05:00:00,,평일
8호선,2805,별내,804,,20250619,8호선,2827,모란,827,N,8호선,8093,2822,산성,822,N,08:58:00,08:58:30,,8084,상행,2025-05-01T05:00:00,,평일
8호선,2805,별내,804,,20250619,8호선,2827,모란,827,N,8호선,8093,2828,남위례,821,N,09:00:10,09:00:40,,8084,상행,2025-05-01T05:00:00,,평일
8호선,2805,별내,804,,20250619,8호선,2827,모란,827,N,8호선,8093,2821,복정,820,N,09:02:30,09:03:10,,8084,상행,2025-05-01T05:00:00,,평일
8호선,2805,별내,804,,20250619,8호선,2827,모란,827,N,8호선,8093,2820,장지,819,N,09:04:20,09:04:50,,8084,상행,2025-05-01T05:00:00,,평일
8호선,2805,별내,804,,20250619,8호선,2827,모란,827,N,8호선,8093,2819,문정,818,N,09:06:00,09:06:40,,8084,상행,2025-05-01T05:00:00,,평일
8호선,2805,별내,804,,20250619,8호선,2827,모란,827,N,8호선,8093,2818,가락시장,817,N,09:07:50,09:08:30,,8084,상행,2025-05-01T05:00:00,,평일
8호선,2805,별내,804,,20250619,8호선,2827,모란,827,N,8호선,8093,2817,송파,816,N,09:09:40,09:10:20,,8084,상행,2025-05-01T05:00:00,,평일
8호선,2805,별내,804,,20250619,8호선,2827,모란,827,N,8호선,8093,2816,석촌,815,N,09:11:30,09:12:10,,8084,상행,2025-05-01T05:00:00,,평일
8호선,2805,별내,804,,20250619,8호선,2827,모란,827,N,8호선,8093,2815,잠실,814,N,09:14:00,09:14:50,,8084,상행,2025-05-01T05:00:00,,평일
8호선,2805,별내,804,,20250619,8호선,2827,모란,827,N,8호선,8093,2814,몽촌토성,813,N,09:16:00,09:16:40,,8084,상행,2025-05-01T05:00:00,,평일
8호선,2805,별내,804,,20250619,8호선,2827,모란,827,N,8호선,8093,2813,강동구청,812,N,09:18:40,09:19:20,,8084,상행,2025-05-01T05:00:00,,평일
8호선,2805,별내,804,,20250619,8호선,2827,모란,827,N,8호선,8093,2812,천호,811,N,09:20:40,09:21:30,,8084,상행,2025-05-01T05:00:00,,평일
8호선,2805,별내,804,,20250619,8호선,2827,모란,827,N,8호선,8093,2811,암사,810,N,09:23:00,09:23:40,,8084,상행,2025-05-01T05:00:00,,평일
8호선,2805,별내,804,,20250619,8호선,2827,모란,827,N,8호선,8093,2810,암사역사공원,809,N,09:25:40,09:26:10,,8084,상행,2025-05-01T05:00:00,,평일
8호선,2805,별내,804,,20250619,8호선,2827,모란,827,N,8호선,8093,2809,장자호수공원,808,N,09:29:50,09:30:20,,8084,상행,2025-05-01T05:00:00,,평일
8호선,2805,별내,804,,20250619,8호선,2827,모란,827,N,8호선,8093,2808,구리,807,N,09:32:30,09:33:10,,8084,상행,2025-05-01T05:00:00,,평일
8호선,2805,별내,804,,20250619,8호선,2827,모란,827,N,8호선,8093,2807,동구릉,806,N,09:34:30,09:35:00,,8084,상행,2025-05-01T05:00:00,,평일
8호선,2805,별내,804,,20250619,8호선,2827,모란,827,N,8호선,8093,2806,다산,805,N,09:37:20,09:37:50,,8084,상행,2025-05-01T05:00:00,,평일
8호선,2805,별내,804,,20250619,8호선,2827,모란,827,N,8호선,8093,2805,별내,804,N,09:41:00,,,8084,상행,2025-05-01T05:00:00,,평일
8호선,2805,별내,804,,20250619,8호선,2827,모란,827,N,8호선,8095,2827,모란,827,N,,08:55:00,,8086,상행,2025-05-01T05:00:00,,평일
8호선,2805,별내,804,,20250619,8호선,2827,모란,827,N,8호선,8095,2826,수진,826,N,08:56:30,08:56:50,,8086,상행,2025-05-01T05:00:00,,평일
8호선,2805,별내,804,,20250619,8호선,2827,모란,827,N,8호선,8095,2825,신흥,825,N,08:58:00,08:58:30,,8086,상행,2025-05-01T05:00:00,,평일
8호선,2805,별내,804,,20250619,8호선,2827,모란,827,N,8호선,8095,2824,단대오거리,824,N,08:59:40,09:00:10,,8086,상행,2025-05-01T05:00:00,,평일
8호선,2805,별내,804,,20250619,8호선,2827,모란,827,N,8호선,8095,2823,남한산성입구,823,N,09:01:20,09:01:50,,8086,상행,2025-05-01T05:00:00,,평일
8호선,2805,별내,804,,20250619,8호선,2827,모란,827,N,8호선,8095,2822,산성,822,N,09:04:00,09:04:30,,8086,상행,2025-05-01T05:00:00,,평일
8호선,2805,별내,804,,20250619,8호선,2827,모란,827,N,8호선,8095,2828,남위례,821,N,09:06:10,09:06:40,,8086,상행,2025-05-01T05:00:00,,평일
8호선,2805,별내,804,,20250619,8호선,2827,모란,827,N,8호선,8095,2821,복정,820,N,09:08:30,09:09:10,,8086,상행,2025-05-01T05:00:00,,평일
8호선,2805,별내,804,,20250619,8호선,2827,모란,827,N,8호선,8095,2820,장지,819,N,09:10:20,09:10:50,,8086,상행,2025-05-01T05:00:00,,평일
8호선,2805,별내,804,,20250619,8호선,2827,모란,827,N,8호선,8095,2819,문정,818,N,09:12:00,09:12:40,,8086,상행,2025-05-01T05:00:00,,평일
8호선,2805,별내,804,,20250619,8호선,2827,모란,827,N,8호선,8095,2818,가락시장,817,N,09:13:50,09:14:30,,8086,상행,2025-05-01T05:00:00,,평일
8호선,2805,별내,804,,20250619,8호선,2827,모란,827,N,8호선,8095,2817,송파,816,N,09:15:40,09:16:20,,8086,상행,2025-05-01T05:00:00,,평일
8호선,2805,별내,804,,20250619,8호선,2827,모란,827,N,8호선,8095,2816,석촌,815,N,09:17:30,09:18:10,,8086,상행,2025-05-01T05:00:00,,평일
8호선,2805,별내,804,,20250619,8호선,2827,모란,827,N,8호선,8095,2815,잠실,814,N,09:20:00,09:20:50,,8086,상행,2025-05-01T05:00:00,,평일
8호선,2805,별내,804,,20250619,8호선,2827,모란,827,N,8호선,8095,2814,몽촌토성,813,N,09:22:00,09:22:40,,8086,상행,2025-05-01T05:00:00,,평일
8호선,2805,별내,804,,20250619,8호선,2827,모란,827,N,8호선,8095,2813,강동구청,812,N,09:24:40,09:25:20,,8086,상행,2025-05-01T05:00:00,,평일
8호선,2805,별내,804,,20250619,8호선,2827,모란,827,N,8호선,8095,2812,천호,811,N,09:26:40,09:27:30,,8086,상행,2025-05-01T05:00:00,,평일
8호선,2805,별내,804,,20250619,8호선,2827,모란,827,N,8호선,8095,2811,암사,810,N,09:29:00,09:29:40,,8086,상행,2025-05-01T05:00:00,,평일
8호선,2805,별내,804,,20250619,8호선,2827,모란,827,N,8호선,8095,2810,암사역사공원,809,N,09:31:40,09:32:10,,8086,상행,2025-05-01T05:00:00,,평일
8호선,2805,별내,804,,20250619,8호선,2827,모란,827,N,8호선,8095,2809,장자호수공원,808,N,09:35:50,09:36:20,,8086,상행,2025-05-01T05:00:00,,평일
8호선,2805,별내,804,,20250619,8호선,2827,모란,827,N,8호선,8095,2808,구리,807,N,09:38:30,09:39:10,,8086,상행,2025-05-01T05:00:00,,평일
8호선,2805,별내,804,,20250619,8호선,2827,모란,827,N,8호선,8095,2807,동구릉,806,N,09:40:30,09:41:00,,8086,상행,2025-05-01T05:00:00,,평일
8호선,2805,별내,804,,20250619,8호선,2827,모란,827,N,8호선,8095,2806,다산,805,N,09:43:20,09:43:50,,8086,상행,2025-05-01T05:00:00,,평일
8호선,2805,별내,804,,20250619,8호선,2827,모란,827,N,8호선,8095,2805,별내,804,N,09:47:00,,,8086,상행,2025-05-01T05:00:00,,평일
8호선,2805,별내,804,,20250619,8호선,2827,모란,827,N,8호선,8097,2827,모란,827,N,,09:02:00,,8088,상행,2025-05-01T05:00:00,,평일
8호선,2805,별내,804,,20250619,8호선,2827,모란,827,N,8호선,8097,2826,수진,826,N,09:03:30,09:03:50,,8088,상행,2025-05-01T05:00:00,,평일
8호선,2805,별내,804,,20250619,8호선,2827,모란,827,N,8호선,8097,2825,신흥,825,N,09:05:00,09:05:30,,8088,상행,2025-05-01T05:00:00,,평일
8호선,2805,별내,804,,20250619,8호선,2827,모란,827,N,8호선,8097,2824,단대오거리,824,N,09:06:40,09:07:10,,8088,상행,2025-05-01T05:00:00,,평일
8호선,2805,별내,804,,20250619,8호선,2827,모란,827,N,8호선,8097,2823,남한산성입구,823,N,09:08:20,09:08:50,,8088,상행,2025-05-01T05:00:00,,평일
8호선,2805,별내,804,,20250619,8호선,2827,모란,827,N,8호선,8097,2822,산성,822,N,09:11:00,09:11:30,,8088,상행,2025-05-01T05:00:00,,평일
8호선,2805,별내,804,,20250619,8호선,2827,모란,827,N,8호선,8097,2828,남위례,821,N,09:13:10,09:13:40,,8088,상행,2025-05-01T05:00:00,,평일
8호선,2805,별내,804,,20250619,8호선,2827,모란,827,N,8호선,8097,2821,복정,820,N,09:15:30,09:16:10,,8088,상행,2025-05-01T05:00:00,,평일
8호선,2805,별내,804,,20250619,8호선,2827,모란,827,N,8호선,8097,2820,장지,819,N,09:17:20,09:17:50,,8088,상행,2025-05-01T05:00:00,,평일
8호선,2805,별내,804,,20250619,8호선,2827,모란,827,N,8호선,8097,2819,문정,818,N,09:19:00,09:19:40,,8088,상행,2025-05-01T05:00:00,,평일
8호선,2805,별내,804,,20250619,8호선,2827,모란,827,N,8호선,8097,2818,가락시장,817,N,09:20:50,09:21:30,,8088,상행,2025-05-01T05:00:00,,평일
8호선,2805,별내,804,,20250619,8호선,2827,모란,827,N,8호선,8097,2817,송파,816,N,09:22:40,09:23:20,,8088,상행,2025-05-01T05:00:00,,평일
8호선,2805,별내,804,,20250619,8호선,2827,모란,827,N,8호선,8097,2816,석촌,815,N,09:24:30,09:25:10,,8088,상행,2025-05-01T05:00:00,,평일
8호선,2805,별내,804,,20250619,8호선,2827,모란,827,N,8호선,8097,2815,잠실,814,N,09:27:00,09:27:40,,8088,상행,2025-05-01T05:00:00,,평일
8호선,2805,별내,804,,20250619,8호선,2827,모란,827,N,8호선,8097,2814,몽촌토성,813,N,09:28:50,09:29:30,,8088,상행,2025-05-01T05:00:00,,평일
8호선,2805,별내,804,,20250619,8호선,2827,모란,827,N,8호선,8097,2813,강동구청,812,N,09:31:30,09:32:10,,8088,상행,2025-05-01T05:00:00,,평일
8호선,2805,별내,804,,20250619,8호선,2827,모란,827,N,8호선,8097,2812,천호,811,N,09:33:30,09:34:10,,8088,상행,2025-05-01T05:00:00,,평일
8호선,2805,별내,804,,20250619,8호선,2827,모란,827,N,8호선,8097,2811,암사,810,N,09:35:40,09:36:10,,8088,상행,2025-05-01T05:00:00,,평일
8호선,2805,별내,804,,20250619,8호선,2827,모란,827,N,8호선,8097,2810,암사역사공원,809,N,09:38:10,09:38:40,,8088,상행,2025-05-01T05:00:00,,평일
8호선,2805,별내,804,,20250619,8호선,2827,모란,827,N,8호선,8097,2809,장자호수공원,808,N,09:42:20,09:42:50,,8088,상행,2025-05-01T05:00:00,,평일
8호선,2805,별내,804,,20250619,8호선,2827,모란,827,N,8호선,8097,2808,구리,807,N,09:45:00,09:45:40,,8088,상행,2025-05-01T05:00:00,,평일
8호선,2805,별내,804,,20250619,8호선,2827,모란,827,N,8호선,8097,2807,동구릉,806,N,09:47:00,09:47:30,,8088,상행,2025-05-01T05:00:00,,평일
8호선,2805,별내,804,,20250619,8호선,2827,모란,827,N,8호선,8097,2806,다산,805,N,09:49:50,09:50:20,,8088,상행,2025-05-01T05:00:00,,평일
8호선,2805,별내,804,,20250619,8호선,2827,모란,827,N,8호선,8097,2805,별내,804,N,09:53:30,,,8088,상행,2025-05-01T05:00:00,,평일
8호선,2805,별내,804,,20250619,8호선,2827,모란,827,N,8호선,8099,2827,모란,827,N,,09:09:00,,8090,상행,2025-05-01T05:00:00,,평일
8호선,2805,별내,804,,20250619,8호선,2827,모란,827,N,8호선,8099,2826,수진,826,N,09:10:30,09:10:50,,8090,상행,2025-05-01T05:00:00,,평일
8호선,2805,별내,804,,20250619,8호선,2827,모란,827,N,8호선,8099,2825,신흥,825,N,09:12:00,09:12:30,,8090,상행,2025-05-01T05:00:00,,평일
8호선,2805,별내,804,,20250619,8호선,2827,모란,827,N,8호선,8099,2824,단대오거리,824,N,09:13:40,09:14:10,,8090,상행,2025-05-01T05:00:00,,평일
8호선,2805,별내,804,,20250619,8호선,2827,모란,827,N,8호선,8099,2823,남한산성입구,823,N,09:15:20,09:15:50,,8090,상행,2025-05-01T05:00:00,,평일
8호선,2805,별내,804,,20250619,8호선,2827,모란,827,N,8호선,8099,2822,산성,822,N,09:18:00,09:18:30,,8090,상행,2025-05-01T05:00:00,,평일
8호선,2805,별내,804,,20250619,8호선,2827,모란,827,N,8호선,8099,2828,남위례,821,N,09:20:10,09:20:40,,8090,상행,2025-05-01T05:00:00,,평일
8호선,2805,별내,804,,20250619,8호선,2827,모란,827,N,8호선,8099,2821,복정,820,N,09:22:30,09:23:10,,8090,상행,2025-05-01T05:00:00,,평일
8호선,2805,별내,804,,20250619,8호선,2827,모란,827,N,8호선,8099,2820,장지,819,N,09:24:20,09:24:50,,8090,상행,2025-05-01T05:00:00,,평일
8호선,2805,별내,804,,20250619,8호선,2827,모란,827,N,8호선,8099,2819,문정,818,N,09:26:00,09:26:40,,8090,상행,2025-05-01T05:00:00,,평일
8호선,2805,별내,804,,20250619,8호선,2827,모란,827,N,8호선,8099,2818,가락시장,817,N,09:27:50,09:28:30,,8090,상행,2025-05-01T05:00:00,,평일
8호선,2805,별내,804,,20250619,8호선,2827,모란,827,N,8호선,8099,2817,송파,816,N,09:29:40,09:30:20,,8090,상행,2025-05-01T05:00:00,,평일
8호선,2805,별내,804,,20250619,8호선,2827,모란,827,N,8호선,8099,2816,석촌,815,N,09:31:30,09:32:10,,8090,상행,2025-05-01T05:00:00,,평일
8호선,2805,별내,804,,20250619,8호선,2827,모란,827,N,8호선,8099,2815,잠실,814,N,09:34:00,09:34:40,,8090,상행,2025-05-01T05:00:00,,평일
8호선,2805,별내,804,,20250619,8호선,2827,모란,827,N,8호선,8099,2814,몽촌토성,813,N,09:35:50,09:36:30,,8090,상행,2025-05-01T05:00:00,,평일
8호선,2805,별내,804,,20250619,8호선,2827,모란,827,N,8호선,8099,2813,강동구청,812,N,09:38:30,09:39:10,,8090,상행,2025-05-01T05:00:00,,평일
8호선,2805,별내,804,,20250619,8호선,2827,모란,827,N,8호선,8099,2812,천호,811,N,09:40:30,09:41:10,,8090,상행,2025-05-01T05:00:00,,평일
8호선,2805,별내,804,,20250619,8호선,2827,모란,827,N,8호선,8099,2811,암사,810,N,09:42:40,09:43:10,,8090,상행,2025-05-01T05:00:00,,평일
8호선,2805,별내,804,,20250619,8호선,2827,모란,827,N,8호선,8099,2810,암사역사공원,809,N,09:45:10,09:45:40,,8090,상행,2025-05-01T05:00:00,,평일
8호선,2805,별내,804,,20250619,8호선,2827,모란,827,N,8호선,8099,2809,장자호수공원,808,N,09:49:20,09:49:50,,8090,상행,2025-05-01T05:00:00,,평일
8호선,2805,별내,804,,20250619,8호선,2827,모란,827,N,8호선,8099,2808,구리,807,N,09:52:00,09:52:40,,8090,상행,2025-05-01T05:00:00,,평일
8호선,2805,별내,804,,20250619,8호선,2827,모란,827,N,8호선,8099,2807,동구릉,806,N,09:54:00,09:54:30,,8090,상행,2025-05-01T05:00:00,,평일
8호선,2805,별내,804,,20250619,8호선,2827,모란,827,N,8호선,8099,2806,다산,805,N,09:56:50,09:57:20,,8090,상행,2025-05-01T05:00:00,,평일
8호선,2805,별내,804,,20250619,8호선,2827,모란,827,N,8호선,8099,2805,별내,804,N,10:00:30,,,8090,상행,2025-05-01T05:00:00,,평일
8호선,2805,별내,804,,20250619,8호선,2827,모란,827,N,8호선,8101,2827,모란,827,N,,09:16:00,,8092,상행,2025-05-01T05:00:00,,평일
8호선,2805,별내,804,,20250619,8호선,2827,모란,827,N,8호선,8101,2826,수진,826,N,09:17:30,09:17:50,,8092,상행,2025-05-01T05:00:00,,평일
8호선,2805,별내,804,,20250619,8호선,2827,모란,827,N,8호선,8101,2825,신흥,825,N,09:19:00,09:19:30,,8092,상행,2025-05-01T05:00:00,,평일
8호선,2805,별내,804,,20250619,8호선,2827,모란,827,N,8호선,8101,2824,단대오거리,824,N,09:20:40,09:21:10,,8092,상행,2025-05-01T05:00:00,,평일
8호선,2805,별내,804,,20250619,8호선,2827,모란,827,N,8호선,8101,2823,남한산성입구,823,N,09:22:20,09:22:50,,8092,상행,2025-05-01T05:00:00,,평일
8호선,2805,별내,804,,20250619,8호선,2827,모란,827,N,8호선,8101,2822,산성,822,N,09:25:00,09:25:30,,8092,상행,2025-05-01T05:00:00,,평일
8호선,2805,별내,804,,20250619,8호선,2827,모란,827,N,8호선,8101,2828,남위례,821,N,09:27:10,09:27:40,,8092,상행,2025-05-01T05:00:00,,평일
8호선,2805,별내,804,,20250619,8호선,2827,모란,827,N,8호선,8101,2821,복정,820,N,09:29:30,09:30:10,,8092,상행,2025-05-01T05:00:00,,평일
8호선,2805,별내,804,,20250619,8호선,2827,모란,827,N,8호선,8101,2820,장지,819,N,09:31:20,09:31:50,,8092,상행,2025-05-01T05:00:00,,평일
8호선,2805,별내,804,,20250619,8호선,2827,모란,827,N,8호선,8101,2819,문정,818,N,09:33:00,09:33:40,,8092,상행,2025-05-01T05:00:00,,평일
8호선,2805,별내,804,,20250619,8호선,2827,모란,827,N,8호선,8101,2818,가락시장,817,N,09:34:50,09:35:30,,8092,상행,2025-05-01T05:00:00,,평일
8호선,2805,별내,804,,20250619,8호선,2827,모란,827,N,8호선,8101,2817,송파,816,N,09:36:40,09:37:20,,8092,상행,2025-05-01T05:00:00,,평일
8호선,2805,별내,804,,20250619,8호선,2827,모란,827,N,8호선,8101,2816,석촌,815,N,09:38:30,09:39:10,,8092,상행,2025-05-01T05:00:00,,평일
8호선,2805,별내,804,,20250619,8호선,2827,모란,827,N,8호선,8101,2815,잠실,814,N,09:41:00,09:41:40,,8092,상행,2025-05-01T05:00:00,,평일
8호선,2805,별내,804,,20250619,8호선,2827,모란,827,N,8호선,8101,2814,몽촌토성,813,N,09:42:50,09:43:30,,8092,상행,2025-05-01T05:00:00,,평일
8호선,2805,별내,804,,20250619,8호선,2827,모란,827,N,8호선,8101,2813,강동구청,812,N,09:45:30,09:46:10,,8092,상행,2025-05-01T05:00:00,,평일
8호선,2805,별내,804,,20250619,8호선,2827,모란,827,N,8호선,8101,2812,천호,811,N,09:47:30,09:48:10,,8092,상행,2025-05-01T05:00:00,,평일
8호선,2805,별내,804,,20250619,8호선,2827,모란,827,N,8호선,8101,2811,암사,810,N,09:49:40,09:50:10,,8092,상행,2025-05-01T05:00:00,,평일
8호선,2805,별내,804,,20250619,8호선,2827,모란,827,N,8호선,8101,2810,암사역사공원,809,N,09:52:10,09:52:40,,8092,상행,2025-05-01T05:00:00,,평일
8호선,2805,별내,804,,20250619,8호선,2827,모란,827,N,8호선,8101,2809,장자호수공원,808,N,09:56:20,09:56:50,,8092,상행,2025-05-01T05:00:00,,평일
8호선,2805,별내,804,,20250619,8호선,2827,모란,827,N,8호선,8101,2808,구리,807,N,09:59:00,09:59:40,,8092,상행,2025-05-01T05:00:00,,평일
8호선,2805,별내,804,,20250619,8호선,2827,모란,827,N,8호선,8101,2807,동구릉,806,N,10:01:00,10:01:30,,8092,상행,2025-05-01T05:00:00,,평일
8호선,2805,별내,804,,20250619,8호선,2827,모란,827,N,8호선,8101,2806,다산,805,N,10:03:50,10:04:20,,8092,상행,2025-05-01T05:00:00,,평일
8호선,2805,별내,804,,20250619,8호선,2827,모란,827,N,8호선,8101,2805,별내,804,N,10:07:30,,,8092,상행,2025-05-01T05:00:00,,평일
8호선,2805,별내,804,,20250619,8호선,2827,모란,827,N,8호선,8103,2827,모란,827,N,,09:24:00,,8094,상행,2025-05-01T05:00:00,,평일
8호선,2805,별내,804,,20250619,8호선,2827,모란,827,N,8호선,8103,2826,수진,826,N,09:25:30,09:25:50,,8094,상행,2025-05-01T05:00:00,,평일
8호선,2805,별내,804,,20250619,8호선,2827,모란,827,N,8호선,8103,2825,신흥,825,N,09:27:00,09:27:30,,8094,상행,2025-05-01T05:00:00,,평일
8호선,2805,별내,804,,20250619,8호선,2827,모란,827,N,8호선,8103,2824,단대오거리,824,N,09:28:40,09:29:10,,8094,상행,2025-05-01T05:00:00,,평일
8호선,2805,별내,804,,20250619,8호선,2827,모란,827,N,8호선,8103,2823,남한산성입구,823,N,09:30:20,09:30:50,,8094,상행,2025-05-01T05:00:00,,평일
8호선,2805,별내,804,,20250619,8호선,2827,모란,827,N,8호선,8103,2822,산성,822,N,09:33:00,09:33:30,,8094,상행,2025-05-01T05:00:00,,평일
8호선,2805,별내,804,,20250619,8호선,2827,모란,827,N,8호선,8103,2828,남위례,821,N,09:35:10,09:35:40,,8094,상행,2025-05-01T05:00:00,,평일
8호선,2805,별내,804,,20250619,8호선,2827,모란,827,N,8호선,8103,2821,복정,820,N,09:37:30,09:38:10,,8094,상행,2025-05-01T05:00:00,,평일
8호선,2805,별내,804,,20250619,8호선,2827,모란,827,N,8호선,8103,2820,장지,819,N,09:39:20,09:39:50,,8094,상행,2025-05-01T05:00:00,,평일
8호선,2805,별내,804,,20250619,8호선,2827,모란,827,N,8호선,8103,2819,문정,818,N,09:41:00,09:41:40,,8094,상행,2025-05-01T05:00:00,,평일
8호선,2805,별내,804,,20250619,8호선,2827,모란,827,N,8호선,8103,2818,가락시장,817,N,09:42:50,09:43:30,,8094,상행,2025-05-01T05:00:00,,평일
8호선,2805,별내,804,,20250619,8호선,2827,모란,827,N,8호선,8103,2817,송파,816,N,09:44:40,09:45:20,,8094,상행,2025-05-01T05:00:00,,평일
8호선,2805,별내,804,,20250619,8호선,2827,모란,827,N,8호선,8103,2816,석촌,815,N,09:46:30,09:47:10,,8094,상행,2025-05-01T05:00:00,,평일
8호선,2805,별내,804,,20250619,8호선,2827,모란,827,N,8호선,8103,2815,잠실,814,N,09:49:00,09:49:40,,8094,상행,2025-05-01T05:00:00,,평일
8호선,2805,별내,804,,20250619,8호선,2827,모란,827,N,8호선,8103,2814,몽촌토성,813,N,09:50:50,09:51:30,,8094,상행,2025-05-01T05:00:00,,평일
8호선,2805,별내,804,,20250619,8호선,2827,모란,827,N,8호선,8103,2813,강동구청,812,N,09:53:30,09:54:10,,8094,상행,2025-05-01T05:00:00,,평일
8호선,2805,별내,804,,20250619,8호선,2827,모란,827,N,8호선,8103,2812,천호,811,N,09:55:30,09:56:10,,8094,상행,2025-05-01T05:00:00,,평일
8호선,2805,별내,804,,20250619,8호선,2827,모란,827,N,8호선,8103,2811,암사,810,N,09:57:40,09:58:10,,8094,상행,2025-05-01T05:00:00,,평일
8호선,2805,별내,804,,20250619,8호선,2827,모란,827,N,8호선,8103,2810,암사역사공원,809,N,10:00:10,10:00:40,,8094,상행,2025-05-01T05:00:00,,평일
8호선,2805,별내,804,,20250619,8호선,2827,모란,827,N,8호선,8103,2809,장자호수공원,808,N,10:04:20,10:04:50,,8094,상행,2025-05-01T05:00:00,,평일
8호선,2805,별내,804,,20250619,8호선,2827,모란,827,N,8호선,8103,2808,구리,807,N,10:07:00,10:07:40,,8094,상행,2025-05-01T05:00:00,,평일
8호선,2805,별내,804,,20250619,8호선,2827,모란,827,N,8호선,8103,2807,동구릉,806,N,10:09:00,10:09:30,,8094,상행,2025-05-01T05:00:00,,평일
8호선,2805,별내,804,,20250619,8호선,2827,모란,827,N,8호선,8103,2806,다산,805,N,10:11:50,10:12:20,,8094,상행,2025-05-01T05:00:00,,평일
8호선,2805,별내,804,,20250619,8호선,2827,모란,827,N,8호선,8103,2805,별내,804,N,10:15:30,,,8094,상행,2025-05-01T05:00:00,,평일
8호선,2805,별내,804,,20250619,8호선,2827,모란,827,N,8호선,8105,2827,모란,827,N,,09:32:00,,8096,상행,2025-05-01T05:00:00,,평일
8호선,2805,별내,804,,20250619,8호선,2827,모란,827,N,8호선,8105,2826,수진,826,N,09:33:30,09:33:50,,8096,상행,2025-05-01T05:00:00,,평일
8호선,2805,별내,804,,20250619,8호선,2827,모란,827,N,8호선,8105,2825,신흥,825,N,09:35:00,09:35:20,,8096,상행,2025-05-01T05:00:00,,평일
8호선,2805,별내,804,,20250619,8호선,2827,모란,827,N,8호선,8105,2824,단대오거리,824,N,09:36:30,09:37:00,,8096,상행,2025-05-01T05:00:00,,평일
8호선,2805,별내,804,,20250619,8호선,2827,모란,827,N,8호선,8105,2823,남한산성입구,823,N,09:38:10,09:38:40,,8096,상행,2025-05-01T05:00:00,,평일
8호선,2805,별내,804,,20250619,8호선,2827,모란,827,N,8호선,8105,2822,산성,822,N,09:40:50,09:41:20,,8096,상행,2025-05-01T05:00:00,,평일
8호선,2805,별내,804,,20250619,8호선,2827,모란,827,N,8호선,8105,2828,남위례,821,N,09:43:00,09:43:30,,8096,상행,2025-05-01T05:00:00,,평일
8호선,2805,별내,804,,20250619,8호선,2827,모란,827,N,8호선,8105,2821,복정,820,N,09:45:20,09:46:00,,8096,상행,2025-05-01T05:00:00,,평일
8호선,2805,별내,804,,20250619,8호선,2827,모란,827,N,8호선,8105,2820,장지,819,N,09:47:10,09:47:40,,8096,상행,2025-05-01T05:00:00,,평일
8호선,2805,별내,804,,20250619,8호선,2827,모란,827,N,8호선,8105,2819,문정,818,N,09:48:50,09:49:30,,8096,상행,2025-05-01T05:00:00,,평일
8호선,2805,별내,804,,20250619,8호선,2827,모란,827,N,8호선,8105,2818,가락시장,817,N,09:50:40,09:51:20,,8096,상행,2025-05-01T05:00:00,,평일
8호선,2805,별내,804,,20250619,8호선,2827,모란,827,N,8호선,8105,2817,송파,816,N,09:52:30,09:53:00,,8096,상행,2025-05-01T05:00:00,,평일
8호선,2805,별내,804,,20250619,8호선,2827,모란,827,N,8호선,8105,2816,석촌,815,N,09:54:10,09:54:50,,8096,상행,2025-05-01T05:00:00,,평일
8호선,2805,별내,804,,20250619,8호선,2827,모란,827,N,8호선,8105,2815,잠실,814,N,09:56:40,09:57:20,,8096,상행,2025-05-01T05:00:00,,평일
8호선,2805,별내,804,,20250619,8호선,2827,모란,827,N,8호선,8105,2814,몽촌토성,813,N,09:58:30,09:59:00,,8096,상행,2025-05-01T05:00:00,,평일
8호선,2805,별내,804,,20250619,8호선,2827,모란,827,N,8호선,8105,2813,강동구청,812,N,10:01:00,10:01:40,,8096,상행,2025-05-01T05:00:00,,평일
8호선,2805,별내,804,,20250619,8호선,2827,모란,827,N,8호선,8105,2812,천호,811,N,10:03:00,10:03:40,,8096,상행,2025-05-01T05:00:00,,평일
8호선,2805,별내,804,,20250619,8호선,2827,모란,827,N,8호선,8105,2811,암사,810,N,10:05:10,10:05:40,,8096,상행,2025-05-01T05:00:00,,평일
8호선,2805,별내,804,,20250619,8호선,2827,모란,827,N,8호선,8105,2810,암사역사공원,809,N,10:07:40,10:08:10,,8096,상행,2025-05-01T05:00:00,,평일
8호선,2805,별내,804,,20250619,8호선,2827,모란,827,N,8호선,8105,2809,장자호수공원,808,N,10:11:50,10:12:20,,8096,상행,2025-05-01T05:00:00,,평일
8호선,2805,별내,804,,20250619,8호선,2827,모란,827,N,8호선,8105,2808,구리,807,N,10:14:30,10:15:10,,8096,상행,2025-05-01T05:00:00,,평일
8호선,2805,별내,804,,20250619,8호선,2827,모란,827,N,8호선,8105,2807,동구릉,806,N,10:16:30,10:17:00,,8096,상행,2025-05-01T05:00:00,,평일
8호선,2805,별내,804,,20250619,8호선,2827,모란,827,N,8호선,8105,2806,다산,805,N,10:19:20,10:19:50,,8096,상행,2025-05-01T05:00:00,,평일
8호선,2805,별내,804,,20250619,8호선,2827,모란,827,N,8호선,8105,2805,별내,804,N,10:23:00,,,8096,상행,2025-05-01T05:00:00,,평일
8호선,2805,별내,804,,20250619,8호선,2827,모란,827,N,8호선,8107,2827,모란,827,N,,09:40:00,,8098,상행,2025-05-01T05:00:00,,평일
8호선,2805,별내,804,,20250619,8호선,2827,모란,827,N,8호선,8107,2826,수진,826,N,09:41:30,09:41:50,,8098,상행,2025-05-01T05:00:00,,평일
8호선,2805,별내,804,,20250619,8호선,2827,모란,827,N,8호선,8107,2825,신흥,825,N,09:43:00,09:43:20,,8098,상행,2025-05-01T05:00:00,,평일
8호선,2805,별내,804,,20250619,8호선,2827,모란,827,N,8호선,8107,2824,단대오거리,824,N,09:44:30,09:45:00,,8098,상행,2025-05-01T05:00:00,,평일
8호선,2805,별내,804,,20250619,8호선,2827,모란,827,N,8호선,8107,2823,남한산성입구,823,N,09:46:10,09:46:40,,8098,상행,2025-05-01T05:00:00,,평일
8호선,2805,별내,804,,20250619,8호선,2827,모란,827,N,8호선,8107,2822,산성,822,N,09:48:50,09:49:20,,8098,상행,2025-05-01T05:00:00,,평일
8호선,2805,별내,804,,20250619,8호선,2827,모란,827,N,8호선,8107,2828,남위례,821,N,09:51:00,09:51:30,,8098,상행,2025-05-01T05:00:00,,평일
8호선,2805,별내,804,,20250619,8호선,2827,모란,827,N,8호선,8107,2821,복정,820,N,09:53:20,09:54:00,,8098,상행,2025-05-01T05:00:00,,평일
8호선,2805,별내,804,,20250619,8호선,2827,모란,827,N,8호선,8107,2820,장지,819,N,09:55:10,09:55:40,,8098,상행,2025-05-01T05:00:00,,평일
8호선,2805,별내,804,,20250619,8호선,2827,모란,827,N,8호선,8107,2819,문정,818,N,09:56:50,09:57:30,,8098,상행,2025-05-01T05:00:00,,평일
8호선,2805,별내,804,,20250619,8호선,2827,모란,827,N,8호선,8107,2818,가락시장,817,N,09:58:40,09:59:20,,8098,상행,2025-05-01T05:00:00,,평일
8호선,2805,별내,804,,20250619,8호선,2827,모란,827,N,8호선,8107,2817,송파,816,N,10:00:30,10:01:00,,8098,상행,2025-05-01T05:00:00,,평일
8호선,2805,별내,804,,20250619,8호선,2827,모란,827,N,8호선,8107,2816,석촌,815,N,10:02:10,10:02:50,,8098,상행,2025-05-01T05:00:00,,평일
8호선,2805,별내,804,,20250619,8호선,2827,모란,827,N,8호선,8107,2815,잠실,814,N,10:04:40,10:05:20,,8098,상행,2025-05-01T05:00:00,,평일
8호선,2805,별내,804,,20250619,8호선,2827,모란,827,N,8호선,8107,2814,몽촌토성,813,N,10:06:30,10:07:00,,8098,상행,2025-05-01T05:00:00,,평일
8호선,2805,별내,804,,20250619,8호선,2827,모란,827,N,8호선,8107,2813,강동구청,812,N,10:09:00,10:09:40,,8098,상행,2025-05-01T05:00:00,,평일
8호선,2805,별내,804,,20250619,8호선,2827,모란,827,N,8호선,8107,2812,천호,811,N,10:11:00,10:11:40,,8098,상행,2025-05-01T05:00:00,,평일
8호선,2805,별내,804,,20250619,8호선,2827,모란,827,N,8호선,8107,2811,암사,810,N,10:13:10,10:13:40,,8098,상행,2025-05-01T05:00:00,,평일
8호선,2805,별내,804,,20250619,8호선,2827,모란,827,N,8호선,8107,2810,암사역사공원,809,N,10:15:40,10:16:10,,8098,상행,2025-05-01T05:00:00,,평일
8호선,2805,별내,804,,20250619,8호선,2827,모란,827,N,8호선,8107,2809,장자호수공원,808,N,10:19:50,10:20:20,,8098,상행,2025-05-01T05:00:00,,평일
8호선,2805,별내,804,,20250619,8호선,2827,모란,827,N,8호선,8107,2808,구리,807,N,10:22:30,10:23:10,,8098,상행,2025-05-01T05:00:00,,평일
8호선,2805,별내,804,,20250619,8호선,2827,모란,827,N,8호선,8107,2807,동구릉,806,N,10:24:30,10:25:00,,8098,상행,2025-05-01T05:00:00,,평일
8호선,2805,별내,804,,20250619,8호선,2827,모란,827,N,8호선,8107,2806,다산,805,N,10:27:20,10:27:50,,8098,상행,2025-05-01T05:00:00,,평일
8호선,2805,별내,804,,20250619,8호선,2827,모란,827,N,8호선,8107,2805,별내,804,N,10:31:00,,,8098,상행,2025-05-01T05:00:00,,평일
8호선,2805,별내,804,,20250619,8호선,2827,모란,827,N,8호선,8109,2827,모란,827,N,,09:48:00,,8100,상행,2025-05-01T05:00:00,,평일
8호선,2805,별내,804,,20250619,8호선,2827,모란,827,N,8호선,8109,2826,수진,826,N,09:49:30,09:49:50,,8100,상행,2025-05-01T05:00:00,,평일
8호선,2805,별내,804,,20250619,8호선,2827,모란,827,N,8호선,8109,2825,신흥,825,N,09:51:00,09:51:20,,8100,상행,2025-05-01T05:00:00,,평일
8호선,2805,별내,804,,20250619,8호선,2827,모란,827,N,8호선,8109,2824,단대오거리,824,N,09:52:30,09:53:00,,8100,상행,2025-05-01T05:00:00,,평일
8호선,2805,별내,804,,20250619,8호선,2827,모란,827,N,8호선,8109,2823,남한산성입구,823,N,09:54:10,09:54:40,,8100,상행,2025-05-01T05:00:00,,평일
8호선,2805,별내,804,,20250619,8호선,2827,모란,827,N,8호선,8109,2822,산성,822,N,09:56:50,09:57:20,,8100,상행,2025-05-01T05:00:00,,평일
8호선,2805,별내,804,,20250619,8호선,2827,모란,827,N,8호선,8109,2828,남위례,821,N,09:59:00,09:59:30,,8100,상행,2025-05-01T05:00:00,,평일
8호선,2805,별내,804,,20250619,8호선,2827,모란,827,N,8호선,8109,2821,복정,820,N,10:01:20,10:02:00,,8100,상행,2025-05-01T05:00:00,,평일
8호선,2805,별내,804,,20250619,8호선,2827,모란,827,N,8호선,8109,2820,장지,819,N,10:03:10,10:03:40,,8100,상행,2025-05-01T05:00:00,,평일
8호선,2805,별내,804,,20250619,8호선,2827,모란,827,N,8호선,8109,2819,문정,818,N,10:04:50,10:05:30,,8100,상행,2025-05-01T05:00:00,,평일
8호선,2805,별내,804,,20250619,8호선,2827,모란,827,N,8호선,8109,2818,가락시장,817,N,10:06:40,10:07:20,,8100,상행,2025-05-01T05:00:00,,평일
8호선,2805,별내,804,,20250619,8호선,2827,모란,827,N,8호선,8109,2817,송파,816,N,10:08:30,10:09:00,,8100,상행,2025-05-01T05:00:00,,평일
8호선,2805,별내,804,,20250619,8호선,2827,모란,827,N,8호선,8109,2816,석촌,815,N,10:10:10,10:10:50,,8100,상행,2025-05-01T05:00:00,,평일
8호선,2805,별내,804,,20250619,8호선,2827,모란,827,N,8호선,8109,2815,잠실,814,N,10:12:40,10:13:20,,8100,상행,2025-05-01T05:00:00,,평일
8호선,2805,별내,804,,20250619,8호선,2827,모란,827,N,8호선,8109,2814,몽촌토성,813,N,10:14:30,10:15:00,,8100,상행,2025-05-01T05:00:00,,평일
8호선,2805,별내,804,,20250619,8호선,2827,모란,827,N,8호선,8109,2813,강동구청,812,N,10:17:00,10:17:40,,8100,상행,2025-05-01T05:00:00,,평일
8호선,2805,별내,804,,20250619,8호선,2827,모란,827,N,8호선,8109,2812,천호,811,N,10:19:00,10:19:40,,8100,상행,2025-05-01T05:00:00,,평일
8호선,2805,별내,804,,20250619,8호선,2827,모란,827,N,8호선,8109,2811,암사,810,N,10:21:10,10:21:40,,8100,상행,2025-05-01T05:00:00,,평일
8호선,2805,별내,804,,20250619,8호선,2827,모란,827,N,8호선,8109,2810,암사역사공원,809,N,10:23:40,10:24:10,,8100,상행,2025-05-01T05:00:00,,평일
8호선,2805,별내,804,,20250619,8호선,2827,모란,827,N,8호선,8109,2809,장자호수공원,808,N,10:27:50,10:28:20,,8100,상행,2025-05-01T05:00:00,,평일
8호선,2805,별내,804,,20250619,8호선,2827,모란,827,N,8호선,8109,2808,구리,807,N,10:30:30,10:31:10,,8100,상행,2025-05-01T05:00:00,,평일
8호선,2805,별내,804,,20250619,8호선,2827,모란,827,N,8호선,8109,2807,동구릉,806,N,10:32:30,10:33:00,,8100,상행,2025-05-01T05:00:00,,평일
8호선,2805,별내,804,,20250619,8호선,2827,모란,827,N,8호선,8109,2806,다산,805,N,10:35:20,10:35:50,,8100,상행,2025-05-01T05:00:00,,평일
8호선,2805,별내,804,,20250619,8호선,2827,모란,827,N,8호선,8109,2805,별내,804,N,10:39:00,,,8100,상행,2025-05-01T05:00:00,,평일
8호선,2805,별내,804,,20250619,8호선,2827,모란,827,N,8호선,8111,2827,모란,827,N,,09:56:00,,8102,상행,2025-05-01T05:00:00,,평일
8호선,2805,별내,804,,20250619,8호선,2827,모란,827,N,8호선,8111,2826,수진,826,N,09:57:30,09:57:50,,8102,상행,2025-05-01T05:00:00,,평일
8호선,2805,별내,804,,20250619,8호선,2827,모란,827,N,8호선,8111,2825,신흥,825,N,09:59:00,09:59:20,,8102,상행,2025-05-01T05:00:00,,평일
8호선,2805,별내,804,,20250619,8호선,2827,모란,827,N,8호선,8111,2824,단대오거리,824,N,10:00:30,10:01:00,,8102,상행,2025-05-01T05:00:00,,평일
8호선,2805,별내,804,,20250619,8호선,2827,모란,827,N,8호선,8111,2823,남한산성입구,823,N,10:02:10,10:02:40,,8102,상행,2025-05-01T05:00:00,,평일
8호선,2805,별내,804,,20250619,8호선,2827,모란,827,N,8호선,8111,2822,산성,822,N,10:04:50,10:05:20,,8102,상행,2025-05-01T05:00:00,,평일
8호선,2805,별내,804,,20250619,8호선,2827,모란,827,N,8호선,8111,2828,남위례,821,N,10:07:00,10:07:30,,8102,상행,2025-05-01T05:00:00,,평일
8호선,2805,별내,804,,20250619,8호선,2827,모란,827,N,8호선,8111,2821,복정,820,N,10:09:20,10:10:00,,8102,상행,2025-05-01T05:00:00,,평일
8호선,2805,별내,804,,20250619,8호선,2827,모란,827,N,8호선,8111,2820,장지,819,N,10:11:10,10:11:40,,8102,상행,2025-05-01T05:00:00,,평일
8호선,2805,별내,804,,20250619,8호선,2827,모란,827,N,8호선,8111,2819,문정,818,N,10:12:50,10:13:30,,8102,상행,2025-05-01T05:00:00,,평일
8호선,2805,별내,804,,20250619,8호선,2827,모란,827,N,8호선,8111,2818,가락시장,817,N,10:14:40,10:15:20,,8102,상행,2025-05-01T05:00:00,,평일
8호선,2805,별내,804,,20250619,8호선,2827,모란,827,N,8호선,8111,2817,송파,816,N,10:16:30,10:17:00,,8102,상행,2025-05-01T05:00:00,,평일
8호선,2805,별내,804,,20250619,8호선,2827,모란,827,N,8호선,8111,2816,석촌,815,N,10:18:10,10:18:50,,8102,상행,2025-05-01T05:00:00,,평일
8호선,2805,별내,804,,20250619,8호선,2827,모란,827,N,8호선,8111,2815,잠실,814,N,10:20:40,10:21:20,,8102,상행,2025-05-01T05:00:00,,평일
8호선,2805,별내,804,,20250619,8호선,2827,모란,827,N,8호선,8111,2814,몽촌토성,813,N,10:22:30,10:23:00,,8102,상행,2025-05-01T05:00:00,,평일
8호선,2805,별내,804,,20250619,8호선,2827,모란,827,N,8호선,8111,2813,강동구청,812,N,10:25:00,10:25:40,,8102,상행,2025-05-01T05:00:00,,평일
8호선,2805,별내,804,,20250619,8호선,2827,모란,827,N,8호선,8111,2812,천호,811,N,10:27:00,10:27:40,,8102,상행,2025-05-01T05:00:00,,평일
8호선,2805,별내,804,,20250619,8호선,2827,모란,827,N,8호선,8111,2811,암사,810,N,10:29:10,10:29:40,,8102,상행,2025-05-01T05:00:00,,평일
8호선,2805,별내,804,,20250619,8호선,2827,모란,827,N,8호선,8111,2810,암사역사공원,809,N,10:31:40,10:32:10,,8102,상행,2025-05-01T05:00:00,,평일
8호선,2805,별내,804,,20250619,8호선,2827,모란,827,N,8호선,8111,2809,장자호수공원,808,N,10:35:50,10:36:20,,8102,상행,2025-05-01T05:00:00,,평일
8호선,2805,별내,804,,20250619,8호선,2827,모란,827,N,8호선,8111,2808,구리,807,N,10:38:30,10:39:10,,8102,상행,2025-05-01T05:00:00,,평일
8호선,2805,별내,804,,20250619,8호선,2827,모란,827,N,8호선,8111,2807,동구릉,806,N,10:40:30,10:41:00,,8102,상행,2025-05-01T05:00:00,,평일
8호선,2805,별내,804,,20250619,8호선,2827,모란,827,N,8호선,8111,2806,다산,805,N,10:43:20,10:43:50,,8102,상행,2025-05-01T05:00:00,,평일
8호선,2805,별내,804,,20250619,8호선,2827,모란,827,N,8호선,8111,2805,별내,804,N,10:47:00,,,8102,상행,2025-05-01T05:00:00,,평일
8호선,2805,별내,804,,20250619,8호선,2827,모란,827,N,8호선,8113,2827,모란,827,N,,10:04:00,,8104,상행,2025-05-01T05:00:00,,평일
8호선,2805,별내,804,,20250619,8호선,2827,모란,827,N,8호선,8113,2826,수진,826,N,10:05:30,10:05:50,,8104,상행,2025-05-01T05:00:00,,평일
8호선,2805,별내,804,,20250619,8호선,2827,모란,827,N,8호선,8113,2825,신흥,825,N,10:07:00,10:07:20,,8104,상행,2025-05-01T05:00:00,,평일
8호선,2805,별내,804,,20250619,8호선,2827,모란,827,N,8호선,8113,2824,단대오거리,824,N,10:08:30,10:09:00,,8104,상행,2025-05-01T05:00:00,,평일
8호선,2805,별내,804,,20250619,8호선,2827,모란,827,N,8호선,8113,2823,남한산성입구,823,N,10:10:10,10:10:40,,8104,상행,2025-05-01T05:00:00,,평일
8호선,2805,별내,804,,20250619,8호선,2827,모란,827,N,8호선,8113,2822,산성,822,N,10:12:50,10:13:20,,8104,상행,2025-05-01T05:00:00,,평일
8호선,2805,별내,804,,20250619,8호선,2827,모란,827,N,8호선,8113,2828,남위례,821,N,10:15:00,10:15:30,,8104,상행,2025-05-01T05:00:00,,평일
8호선,2805,별내,804,,20250619,8호선,2827,모란,827,N,8호선,8113,2821,복정,820,N,10:17:20,10:17:50,,8104,상행,2025-05-01T05:00:00,,평일
8호선,2805,별내,804,,20250619,8호선,2827,모란,827,N,8호선,8113,2820,장지,819,N,10:19:00,10:19:30,,8104,상행,2025-05-01T05:00:00,,평일
8호선,2805,별내,804,,20250619,8호선,2827,모란,827,N,8호선,8113,2819,문정,818,N,10:20:40,10:21:20,,8104,상행,2025-05-01T05:00:00,,평일
8호선,2805,별내,804,,20250619,8호선,2827,모란,827,N,8호선,8113,2818,가락시장,817,N,10:22:30,10:23:10,,8104,상행,2025-05-01T05:00:00,,평일
8호선,2805,별내,804,,20250619,8호선,2827,모란,827,N,8호선,8113,2817,송파,816,N,10:24:20,10:24:50,,8104,상행,2025-05-01T05:00:00,,평일
8호선,2805,별내,804,,20250619,8호선,2827,모란,827,N,8호선,8113,2816,석촌,815,N,10:26:00,10:26:30,,8104,상행,2025-05-01T05:00:00,,평일
8호선,2805,별내,804,,20250619,8호선,2827,모란,827,N,8호선,8113,2815,잠실,814,N,10:28:20,10:29:00,,8104,상행,2025-05-01T05:00:00,,평일
8호선,2805,별내,804,,20250619,8호선,2827,모란,827,N,8호선,8113,2814,몽촌토성,813,N,10:30:10,10:30:40,,8104,상행,2025-05-01T05:00:00,,평일
8호선,2805,별내,804,,20250619,8호선,2827,모란,827,N,8호선,8113,2813,강동구청,812,N,10:32:40,10:33:10,,8104,상행,2025-05-01T05:00:00,,평일
8호선,2805,별내,804,,20250619,8호선,2827,모란,827,N,8호선,8113,2812,천호,811,N,10:34:30,10:35:10,,8104,상행,2025-05-01T05:00:00,,평일
8호선,2805,별내,804,,20250619,8호선,2827,모란,827,N,8호선,8113,2811,암사,810,N,10:36:40,10:37:10,,8104,상행,2025-05-01T05:00:00,,평일
8호선,2805,별내,804,,20250619,8호선,2827,모란,827,N,8호선,8113,2810,암사역사공원,809,N,10:39:10,10:39:40,,8104,상행,2025-05-01T05:00:00,,평일
8호선,2805,별내,804,,20250619,8호선,2827,모란,827,N,8호선,8113,2809,장자호수공원,808,N,10:43:20,10:43:50,,8104,상행,2025-05-01T05:00:00,,평일
8호선,2805,별내,804,,20250619,8호선,2827,모란,827,N,8호선,8113,2808,구리,807,N,10:46:00,10:46:40,,8104,상행,2025-05-01T05:00:00,,평일
8호선,2805,별내,804,,20250619,8호선,2827,모란,827,N,8호선,8113,2807,동구릉,806,N,10:48:00,10:48:30,,8104,상행,2025-05-01T05:00:00,,평일
8호선,2805,별내,804,,20250619,8호선,2827,모란,827,N,8호선,8113,2806,다산,805,N,10:50:50,10:51:20,,8104,상행,2025-05-01T05:00:00,,평일
8호선,2805,별내,804,,20250619,8호선,2827,모란,827,N,8호선,8113,2805,별내,804,N,10:54:30,,,8104,상행,2025-05-01T05:00:00,,평일
8호선,2805,별내,804,,20250619,8호선,2827,모란,827,N,8호선,8115,2827,모란,827,N,,10:12:00,,8106,상행,2025-05-01T05:00:00,,평일
8호선,2805,별내,804,,20250619,8호선,2827,모란,827,N,8호선,8115,2826,수진,826,N,10:13:30,10:13:50,,8106,상행,2025-05-01T05:00:00,,평일
8호선,2805,별내,804,,20250619,8호선,2827,모란,827,N,8호선,8115,2825,신흥,825,N,10:15:00,10:15:20,,8106,상행,2025-05-01T05:00:00,,평일
8호선,2805,별내,804,,20250619,8호선,2827,모란,827,N,8호선,8115,2824,단대오거리,824,N,10:16:30,10:17:00,,8106,상행,2025-05-01T05:00:00,,평일
8호선,2805,별내,804,,20250619,8호선,2827,모란,827,N,8호선,8115,2823,남한산성입구,823,N,10:18:10,10:18:40,,8106,상행,2025-05-01T05:00:00,,평일
8호선,2805,별내,804,,20250619,8호선,2827,모란,827,N,8호선,8115,2822,산성,822,N,10:20:50,10:21:20,,8106,상행,2025-05-01T05:00:00,,평일
8호선,2805,별내,804,,20250619,8호선,2827,모란,827,N,8호선,8115,2828,남위례,821,N,10:23:00,10:23:30,,8106,상행,2025-05-01T05:00:00,,평일
8호선,2805,별내,804,,20250619,8호선,2827,모란,827,N,8호선,8115,2821,복정,820,N,10:25:20,10:25:50,,8106,상행,2025-05-01T05:00:00,,평일
8호선,2805,별내,804,,20250619,8호선,2827,모란,827,N,8호선,8115,2820,장지,819,N,10:27:00,10:27:30,,8106,상행,2025-05-01T05:00:00,,평일
8호선,2805,별내,804,,20250619,8호선,2827,모란,827,N,8호선,8115,2819,문정,818,N,10:28:40,10:29:20,,8106,상행,2025-05-01T05:00:00,,평일
8호선,2805,별내,804,,20250619,8호선,2827,모란,827,N,8호선,8115,2818,가락시장,817,N,10:30:30,10:31:10,,8106,상행,2025-05-01T05:00:00,,평일
8호선,2805,별내,804,,20250619,8호선,2827,모란,827,N,8호선,8115,2817,송파,816,N,10:32:20,10:32:50,,8106,상행,2025-05-01T05:00:00,,평일
8호선,2805,별내,804,,20250619,8호선,2827,모란,827,N,8호선,8115,2816,석촌,815,N,10:34:00,10:34:30,,8106,상행,2025-05-01T05:00:00,,평일
8호선,2805,별내,804,,20250619,8호선,2827,모란,827,N,8호선,8115,2815,잠실,814,N,10:36:20,10:37:00,,8106,상행,2025-05-01T05:00:00,,평일
8호선,2805,별내,804,,20250619,8호선,2827,모란,827,N,8호선,8115,2814,몽촌토성,813,N,10:38:10,10:38:40,,8106,상행,2025-05-01T05:00:00,,평일
8호선,2805,별내,804,,20250619,8호선,2827,모란,827,N,8호선,8115,2813,강동구청,812,N,10:40:40,10:41:10,,8106,상행,2025-05-01T05:00:00,,평일
8호선,2805,별내,804,,20250619,8호선,2827,모란,827,N,8호선,8115,2812,천호,811,N,10:42:30,10:43:10,,8106,상행,2025-05-01T05:00:00,,평일
8호선,2805,별내,804,,20250619,8호선,2827,모란,827,N,8호선,8115,2811,암사,810,N,10:44:40,10:45:10,,8106,상행,2025-05-01T05:00:00,,평일
8호선,2805,별내,804,,20250619,8호선,2827,모란,827,N,8호선,8115,2810,암사역사공원,809,N,10:47:10,10:47:40,,8106,상행,2025-05-01T05:00:00,,평일
8호선,2805,별내,804,,20250619,8호선,2827,모란,827,N,8호선,8115,2809,장자호수공원,808,N,10:51:20,10:51:50,,8106,상행,2025-05-01T05:00:00,,평일
8호선,2805,별내,804,,20250619,8호선,2827,모란,827,N,8호선,8115,2808,구리,807,N,10:54:00,10:54:40,,8106,상행,2025-05-01T05:00:00,,평일
8호선,2805,별내,804,,20250619,8호선,2827,모란,827,N,8호선,8115,2807,동구릉,806,N,10:56:00,10:56:30,,8106,상행,2025-05-01T05:00:00,,평일
8호선,2805,별내,804,,20250619,8호선,2827,모란,827,N,8호선,8115,2806,다산,805,N,10:58:50,10:59:20,,8106,상행,2025-05-01T05:00:00,,평일
8호선,2805,별내,804,,20250619,8호선,2827,모란,827,N,8호선,8115,2805,별내,804,N,11:02:30,,,8106,상행,2025-05-01T05:00:00,,평일
8호선,2805,별내,804,,20250619,8호선,2827,모란,827,N,8호선,8117,2827,모란,827,N,,10:20:00,,8108,상행,2025-05-01T05:00:00,,평일
8호선,2805,별내,804,,20250619,8호선,2827,모란,827,N,8호선,8117,2826,수진,826,N,10:21:30,10:21:50,,8108,상행,2025-05-01T05:00:00,,평일
8호선,2805,별내,804,,20250619,8호선,2827,모란,827,N,8호선,8117,2825,신흥,825,N,10:23:00,10:23:20,,8108,상행,2025-05-01T05:00:00,,평일
8호선,2805,별내,804,,20250619,8호선,2827,모란,827,N,8호선,8117,2824,단대오거리,824,N,10:24:30,10:25:00,,8108,상행,2025-05-01T05:00:00,,평일
8호선,2805,별내,804,,20250619,8호선,2827,모란,827,N,8호선,8117,2823,남한산성입구,823,N,10:26:10,10:26:40,,8108,상행,2025-05-01T05:00:00,,평일
8호선,2805,별내,804,,20250619,8호선,2827,모란,827,N,8호선,8117,2822,산성,822,N,10:28:50,10:29:20,,8108,상행,2025-05-01T05:00:00,,평일
8호선,2805,별내,804,,20250619,8호선,2827,모란,827,N,8호선,8117,2828,남위례,821,N,10:31:00,10:31:30,,8108,상행,2025-05-01T05:00:00,,평일
8호선,2805,별내,804,,20250619,8호선,2827,모란,827,N,8호선,8117,2821,복정,820,N,10:33:20,10:33:50,,8108,상행,2025-05-01T05:00:00,,평일
8호선,2805,별내,804,,20250619,8호선,2827,모란,827,N,8호선,8117,2820,장지,819,N,10:35:00,10:35:30,,8108,상행,2025-05-01T05:00:00,,평일
8호선,2805,별내,804,,20250619,8호선,2827,모란,827,N,8호선,8117,2819,문정,818,N,10:36:40,10:37:20,,8108,상행,2025-05-01T05:00:00,,평일
8호선,2805,별내,804,,20250619,8호선,2827,모란,827,N,8호선,8117,2818,가락시장,817,N,10:38:30,10:39:10,,8108,상행,2025-05-01T05:00:00,,평일
8호선,2805,별내,804,,20250619,8호선,2827,모란,827,N,8호선,8117,2817,송파,816,N,10:40:20,10:40:50,,8108,상행,2025-05-01T05:00:00,,평일
8호선,2805,별내,804,,20250619,8호선,2827,모란,827,N,8호선,8117,2816,석촌,815,N,10:42:00,10:42:30,,8108,상행,2025-05-01T05:00:00,,평일
8호선,2805,별내,804,,20250619,8호선,2827,모란,827,N,8호선,8117,2815,잠실,814,N,10:44:20,10:45:00,,8108,상행,2025-05-01T05:00:00,,평일
8호선,2805,별내,804,,20250619,8호선,2827,모란,827,N,8호선,8117,2814,몽촌토성,813,N,10:46:10,10:46:40,,8108,상행,2025-05-01T05:00:00,,평일
8호선,2805,별내,804,,20250619,8호선,2827,모란,827,N,8호선,8117,2813,강동구청,812,N,10:48:40,10:49:10,,8108,상행,2025-05-01T05:00:00,,평일
8호선,2805,별내,804,,20250619,8호선,2827,모란,827,N,8호선,8117,2812,천호,811,N,10:50:30,10:51:10,,8108,상행,2025-05-01T05:00:00,,평일
8호선,2805,별내,804,,20250619,8호선,2827,모란,827,N,8호선,8117,2811,암사,810,N,10:52:40,10:53:10,,8108,상행,2025-05-01T05:00:00,,평일
8호선,2805,별내,804,,20250619,8호선,2827,모란,827,N,8호선,8117,2810,암사역사공원,809,N,10:55:10,10:55:40,,8108,상행,2025-05-01T05:00:00,,평일
8호선,2805,별내,804,,20250619,8호선,2827,모란,827,N,8호선,8117,2809,장자호수공원,808,N,10:59:20,10:59:50,,8108,상행,2025-05-01T05:00:00,,평일
8호선,2805,별내,804,,20250619,8호선,2827,모란,827,N,8호선,8117,2808,구리,807,N,11:02:00,11:02:40,,8108,상행,2025-05-01T05:00:00,,평일
8호선,2805,별내,804,,20250619,8호선,2827,모란,827,N,8호선,8117,2807,동구릉,806,N,11:04:00,11:04:30,,8108,상행,2025-05-01T05:00:00,,평일
8호선,2805,별내,804,,20250619,8호선,2827,모란,827,N,8호선,8117,2806,다산,805,N,11:06:50,11:07:20,,8108,상행,2025-05-01T05:00:00,,평일
8호선,2805,별내,804,,20250619,8호선,2827,모란,827,N,8호선,8117,2805,별내,804,N,11:10:30,,,8108,상행,2025-05-01T05:00:00,,평일
8호선,2805,별내,804,,20250619,8호선,2827,모란,827,N,8호선,8119,2827,모란,827,N,,10:28:00,,8110,상행,2025-05-01T05:00:00,,평일
8호선,2805,별내,804,,20250619,8호선,2827,모란,827,N,8호선,8119,2826,수진,826,N,10:29:30,10:29:50,,8110,상행,2025-05-01T05:00:00,,평일
8호선,2805,별내,804,,20250619,8호선,2827,모란,827,N,8호선,8119,2825,신흥,825,N,10:31:00,10:31:20,,8110,상행,2025-05-01T05:00:00,,평일
8호선,2805,별내,804,,20250619,8호선,2827,모란,827,N,8호선,8119,2824,단대오거리,824,N,10:32:30,10:33:00,,8110,상행,2025-05-01T05:00:00,,평일
8호선,2805,별내,804,,20250619,8호선,2827,모란,827,N,8호선,8119,2823,남한산성입구,823,N,10:34:10,10:34:40,,8110,상행,2025-05-01T05:00:00,,평일
8호선,2805,별내,804,,20250619,8호선,2827,모란,827,N,8호선,8119,2822,산성,822,N,10:36:50,10:37:20,,8110,상행,2025-05-01T05:00:00,,평일
8호선,2805,별내,804,,20250619,8호선,2827,모란,827,N,8호선,8119,2828,남위례,821,N,10:39:00,10:39:30,,8110,상행,2025-05-01T05:00:00,,평일
8호선,2805,별내,804,,20250619,8호선,2827,모란,827,N,8호선,8119,2821,복정,820,N,10:41:20,10:41:50,,8110,상행,2025-05-01T05:00:00,,평일
8호선,2805,별내,804,,20250619,8호선,2827,모란,827,N,8호선,8119,2820,장지,819,N,10:43:00,10:43:30,,8110,상행,2025-05-01T05:00:00,,평일
8호선,2805,별내,804,,20250619,8호선,2827,모란,827,N,8호선,8119,2819,문정,818,N,10:44:40,10:45:20,,8110,상행,2025-05-01T05:00:00,,평일
8호선,2805,별내,804,,20250619,8호선,2827,모란,827,N,8호선,8119,2818,가락시장,817,N,10:46:30,10:47:10,,8110,상행,2025-05-01T05:00:00,,평일
8호선,2805,별내,804,,20250619,8호선,2827,모란,827,N,8호선,8119,2817,송파,816,N,10:48:20,10:48:50,,8110,상행,2025-05-01T05:00:00,,평일
8호선,2805,별내,804,,20250619,8호선,2827,모란,827,N,8호선,8119,2816,석촌,815,N,10:50:00,10:50:30,,8110,상행,2025-05-01T05:00:00,,평일
8호선,2805,별내,804,,20250619,8호선,2827,모란,827,N,8호선,8119,2815,잠실,814,N,10:52:20,10:53:00,,8110,상행,2025-05-01T05:00:00,,평일
8호선,2805,별내,804,,20250619,8호선,2827,모란,827,N,8호선,8119,2814,몽촌토성,813,N,10:54:10,10:54:40,,8110,상행,2025-05-01T05:00:00,,평일
8호선,2805,별내,804,,20250619,8호선,2827,모란,827,N,8호선,8119,2813,강동구청,812,N,10:56:40,10:57:10,,8110,상행,2025-05-01T05:00:00,,평일
8호선,2805,별내,804,,20250619,8호선,2827,모란,827,N,8호선,8119,2812,천호,811,N,10:58:30,10:59:10,,8110,상행,2025-05-01T05:00:00,,평일
8호선,2805,별내,804,,20250619,8호선,2827,모란,827,N,8호선,8119,2811,암사,810,N,11:00:40,11:01:10,,8110,상행,2025-05-01T05:00:00,,평일
8호선,2805,별내,804,,20250619,8호선,2827,모란,827,N,8호선,8119,2810,암사역사공원,809,N,11:03:10,11:03:40,,8110,상행,2025-05-01T05:00:00,,평일
8호선,2805,별내,804,,20250619,8호선,2827,모란,827,N,8호선,8119,2809,장자호수공원,808,N,11:07:20,11:07:50,,8110,상행,2025-05-01T05:00:00,,평일
8호선,2805,별내,804,,20250619,8호선,2827,모란,827,N,8호선,8119,2808,구리,807,N,11:10:00,11:10:40,,8110,상행,2025-05-01T05:00:00,,평일
8호선,2805,별내,804,,20250619,8호선,2827,모란,827,N,8호선,8119,2807,동구릉,806,N,11:12:00,11:12:30,,8110,상행,2025-05-01T05:00:00,,평일
8호선,2805,별내,804,,20250619,8호선,2827,모란,827,N,8호선,8119,2806,다산,805,N,11:14:50,11:15:20,,8110,상행,2025-05-01T05:00:00,,평일
8호선,2805,별내,804,,20250619,8호선,2827,모란,827,N,8호선,8119,2805,별내,804,N,11:18:30,,,8110,상행,2025-05-01T05:00:00,,평일
8호선,2805,별내,804,,20250619,8호선,2827,모란,827,N,8호선,8121,2827,모란,827,N,,10:36:00,,8112,상행,2025-05-01T05:00:00,,평일
8호선,2805,별내,804,,20250619,8호선,2827,모란,827,N,8호선,8121,2826,수진,826,N,10:37:30,10:37:50,,8112,상행,2025-05-01T05:00:00,,평일
8호선,2805,별내,804,,20250619,8호선,2827,모란,827,N,8호선,8121,2825,신흥,825,N,10:39:00,10:39:20,,8112,상행,2025-05-01T05:00:00,,평일
8호선,2805,별내,804,,20250619,8호선,2827,모란,827,N,8호선,8121,2824,단대오거리,824,N,10:40:30,10:41:00,,8112,상행,2025-05-01T05:00:00,,평일
8호선,2805,별내,804,,20250619,8호선,2827,모란,827,N,8호선,8121,2823,남한산성입구,823,N,10:42:10,10:42:40,,8112,상행,2025-05-01T05:00:00,,평일
8호선,2805,별내,804,,20250619,8호선,2827,모란,827,N,8호선,8121,2822,산성,822,N,10:44:50,10:45:20,,8112,상행,2025-05-01T05:00:00,,평일
8호선,2805,별내,804,,20250619,8호선,2827,모란,827,N,8호선,8121,2828,남위례,821,N,10:47:00,10:47:30,,8112,상행,2025-05-01T05:00:00,,평일
8호선,2805,별내,804,,20250619,8호선,2827,모란,827,N,8호선,8121,2821,복정,820,N,10:49:20,10:49:50,,8112,상행,2025-05-01T05:00:00,,평일
8호선,2805,별내,804,,20250619,8호선,2827,모란,827,N,8호선,8121,2820,장지,819,N,10:51:00,10:51:30,,8112,상행,2025-05-01T05:00:00,,평일
8호선,2805,별내,804,,20250619,8호선,2827,모란,827,N,8호선,8121,2819,문정,818,N,10:52:40,10:53:20,,8112,상행,2025-05-01T05:00:00,,평일
8호선,2805,별내,804,,20250619,8호선,2827,모란,827,N,8호선,8121,2818,가락시장,817,N,10:54:30,10:55:10,,8112,상행,2025-05-01T05:00:00,,평일
8호선,2805,별내,804,,20250619,8호선,2827,모란,827,N,8호선,8121,2817,송파,816,N,10:56:20,10:56:50,,8112,상행,2025-05-01T05:00:00,,평일
8호선,2805,별내,804,,20250619,8호선,2827,모란,827,N,8호선,8121,2816,석촌,815,N,10:58:00,10:58:30,,8112,상행,2025-05-01T05:00:00,,평일
8호선,2805,별내,804,,20250619,8호선,2827,모란,827,N,8호선,8121,2815,잠실,814,N,11:00:20,11:01:00,,8112,상행,2025-05-01T05:00:00,,평일
8호선,2805,별내,804,,20250619,8호선,2827,모란,827,N,8호선,8121,2814,몽촌토성,813,N,11:02:10,11:02:40,,8112,상행,2025-05-01T05:00:00,,평일
8호선,2805,별내,804,,20250619,8호선,2827,모란,827,N,8호선,8121,2813,강동구청,812,N,11:04:40,11:05:10,,8112,상행,2025-05-01T05:00:00,,평일
8호선,2805,별내,804,,20250619,8호선,2827,모란,827,N,8호선,8121,2812,천호,811,N,11:06:30,11:07:10,,8112,상행,2025-05-01T05:00:00,,평일
8호선,2805,별내,804,,20250619,8호선,2827,모란,827,N,8호선,8121,2811,암사,810,N,11:08:40,11:09:10,,8112,상행,2025-05-01T05:00:00,,평일
8호선,2805,별내,804,,20250619,8호선,2827,모란,827,N,8호선,8121,2810,암사역사공원,809,N,11:11:10,11:11:40,,8112,상행,2025-05-01T05:00:00,,평일
8호선,2805,별내,804,,20250619,8호선,2827,모란,827,N,8호선,8121,2809,장자호수공원,808,N,11:15:20,11:15:50,,8112,상행,2025-05-01T05:00:00,,평일
8호선,2805,별내,804,,20250619,8호선,2827,모란,827,N,8호선,8121,2808,구리,807,N,11:18:00,11:18:40,,8112,상행,2025-05-01T05:00:00,,평일
8호선,2805,별내,804,,20250619,8호선,2827,모란,827,N,8호선,8121,2807,동구릉,806,N,11:20:00,11:20:30,,8112,상행,2025-05-01T05:00:00,,평일
8호선,2805,별내,804,,20250619,8호선,2827,모란,827,N,8호선,8121,2806,다산,805,N,11:22:50,11:23:20,,8112,상행,2025-05-01T05:00:00,,평일
8호선,2805,별내,804,,20250619,8호선,2827,모란,827,N,8호선,8121,2805,별내,804,N,11:26:30,,,8112,상행,2025-05-01T05:00:00,,평일
8호선,2805,별내,804,,20250619,8호선,2827,모란,827,N,8호선,8123,2827,모란,827,N,,10:44:00,,8114,상행,2025-05-01T05:00:00,,평일
8호선,2805,별내,804,,20250619,8호선,2827,모란,827,N,8호선,8123,2826,수진,826,N,10:45:30,10:45:50,,8114,상행,2025-05-01T05:00:00,,평일
8호선,2805,별내,804,,20250619,8호선,2827,모란,827,N,8호선,8123,2825,신흥,825,N,10:47:00,10:47:20,,8114,상행,2025-05-01T05:00:00,,평일
8호선,2805,별내,804,,20250619,8호선,2827,모란,827,N,8호선,8123,2824,단대오거리,824,N,10:48:30,10:49:00,,8114,상행,2025-05-01T05:00:00,,평일
8호선,2805,별내,804,,20250619,8호선,2827,모란,827,N,8호선,8123,2823,남한산성입구,823,N,10:50:10,10:50:40,,8114,상행,2025-05-01T05:00:00,,평일
8호선,2805,별내,804,,20250619,8호선,2827,모란,827,N,8호선,8123,2822,산성,822,N,10:52:50,10:53:20,,8114,상행,2025-05-01T05:00:00,,평일
8호선,2805,별내,804,,20250619,8호선,2827,모란,827,N,8호선,8123,2828,남위례,821,N,10:55:00,10:55:30,,8114,상행,2025-05-01T05:00:00,,평일
8호선,2805,별내,804,,20250619,8호선,2827,모란,827,N,8호선,8123,2821,복정,820,N,10:57:20,10:57:50,,8114,상행,2025-05-01T05:00:00,,평일
8호선,2805,별내,804,,20250619,8호선,2827,모란,827,N,8호선,8123,2820,장지,819,N,10:59:00,10:59:30,,8114,상행,2025-05-01T05:00:00,,평일
8호선,2805,별내,804,,20250619,8호선,2827,모란,827,N,8호선,8123,2819,문정,818,N,11:00:40,11:01:20,,8114,상행,2025-05-01T05:00:00,,평일
8호선,2805,별내,804,,20250619,8호선,2827,모란,827,N,8호선,8123,2818,가락시장,817,N,11:02:30,11:03:10,,8114,상행,2025-05-01T05:00:00,,평일
8호선,2805,별내,804,,20250619,8호선,2827,모란,827,N,8호선,8123,2817,송파,816,N,11:04:20,11:04:50,,8114,상행,2025-05-01T05:00:00,,평일
8호선,2805,별내,804,,20250619,8호선,2827,모란,827,N,8호선,8123,2816,석촌,815,N,11:06:00,11:06:30,,8114,상행,2025-05-01T05:00:00,,평일
8호선,2805,별내,804,,20250619,8호선,2827,모란,827,N,8호선,8123,2815,잠실,814,N,11:08:20,11:09:00,,8114,상행,2025-05-01T05:00:00,,평일
8호선,2805,별내,804,,20250619,8호선,2827,모란,827,N,8호선,8123,2814,몽촌토성,813,N,11:10:10,11:10:40,,8114,상행,2025-05-01T05:00:00,,평일
8호선,2805,별내,804,,20250619,8호선,2827,모란,827,N,8호선,8123,2813,강동구청,812,N,11:12:40,11:13:10,,8114,상행,2025-05-01T05:00:00,,평일
8호선,2805,별내,804,,20250619,8호선,2827,모란,827,N,8호선,8123,2812,천호,811,N,11:14:30,11:15:10,,8114,상행,2025-05-01T05:00:00,,평일
8호선,2805,별내,804,,20250619,8호선,2827,모란,827,N,8호선,8123,2811,암사,810,N,11:16:40,11:17:10,,8114,상행,2025-05-01T05:00:00,,평일
8호선,2805,별내,804,,20250619,8호선,2827,모란,827,N,8호선,8123,2810,암사역사공원,809,N,11:19:10,11:19:40,,8114,상행,2025-05-01T05:00:00,,평일
8호선,2805,별내,804,,20250619,8호선,2827,모란,827,N,8호선,8123,2809,장자호수공원,808,N,11:23:20,11:23:50,,8114,상행,2025-05-01T05:00:00,,평일
8호선,2805,별내,804,,20250619,8호선,2827,모란,827,N,8호선,8123,2808,구리,807,N,11:26:00,11:26:40,,8114,상행,2025-05-01T05:00:00,,평일
8호선,2805,별내,804,,20250619,8호선,2827,모란,827,N,8호선,8123,2807,동구릉,806,N,11:28:00,11:28:30,,8114,상행,2025-05-01T05:00:00,,평일
8호선,2805,별내,804,,20250619,8호선,2827,모란,827,N,8호선,8123,2806,다산,805,N,11:30:50,11:31:20,,8114,상행,2025-05-01T05:00:00,,평일
8호선,2805,별내,804,,20250619,8호선,2827,모란,827,N,8호선,8123,2805,별내,804,N,11:34:30,,,8114,상행,2025-05-01T05:00:00,,평일
8호선,2805,별내,804,,20250619,8호선,2827,모란,827,N,8호선,8125,2827,모란,827,N,,10:52:00,,8116,상행,2025-05-01T05:00:00,,평일
8호선,2805,별내,804,,20250619,8호선,2827,모란,827,N,8호선,8125,2826,수진,826,N,10:53:30,10:53:50,,8116,상행,2025-05-01T05:00:00,,평일
8호선,2805,별내,804,,20250619,8호선,2827,모란,827,N,8호선,8125,2825,신흥,825,N,10:55:00,10:55:20,,8116,상행,2025-05-01T05:00:00,,평일
8호선,2805,별내,804,,20250619,8호선,2827,모란,827,N,8호선,8125,2824,단대오거리,824,N,10:56:30,10:57:00,,8116,상행,2025-05-01T05:00:00,,평일
8호선,2805,별내,804,,20250619,8호선,2827,모란,827,N,8호선,8125,2823,남한산성입구,823,N,10:58:10,10:58:40,,8116,상행,2025-05-01T05:00:00,,평일
8호선,2805,별내,804,,20250619,8호선,2827,모란,827,N,8호선,8125,2822,산성,822,N,11:00:50,11:01:20,,8116,상행,2025-05-01T05:00:00,,평일
8호선,2805,별내,804,,20250619,8호선,2827,모란,827,N,8호선,8125,2828,남위례,821,N,11:03:00,11:03:30,,8116,상행,2025-05-01T05:00:00,,평일
8호선,2805,별내,804,,20250619,8호선,2827,모란,827,N,8호선,8125,2821,복정,820,N,11:05:20,11:05:50,,8116,상행,2025-05-01T05:00:00,,평일
8호선,2805,별내,804,,20250619,8호선,2827,모란,827,N,8호선,8125,2820,장지,819,N,11:07:00,11:07:30,,8116,상행,2025-05-01T05:00:00,,평일
8호선,2805,별내,804,,20250619,8호선,2827,모란,827,N,8호선,8125,2819,문정,818,N,11:08:40,11:09:20,,8116,상행,2025-05-01T05:00:00,,평일
8호선,2805,별내,804,,20250619,8호선,2827,모란,827,N,8호선,8125,2818,가락시장,817,N,11:10:30,11:11:10,,8116,상행,2025-05-01T05:00:00,,평일
8호선,2805,별내,804,,20250619,8호선,2827,모란,827,N,8호선,8125,2817,송파,816,N,11:12:20,11:12:50,,8116,상행,2025-05-01T05:00:00,,평일
8호선,2805,별내,804,,20250619,8호선,2827,모란,827,N,8호선,8125,2816,석촌,815,N,11:14:00,11:14:30,,8116,상행,2025-05-01T05:00:00,,평일
8호선,2805,별내,804,,20250619,8호선,2827,모란,827,N,8호선,8125,2815,잠실,814,N,11:16:20,11:17:00,,8116,상행,2025-05-01T05:00:00,,평일
8호선,2805,별내,804,,20250619,8호선,2827,모란,827,N,8호선,8125,2814,몽촌토성,813,N,11:18:10,11:18:40,,8116,상행,2025-05-01T05:00:00,,평일
8호선,2805,별내,804,,20250619,8호선,2827,모란,827,N,8호선,8125,2813,강동구청,812,N,11:20:40,11:21:10,,8116,상행,2025-05-01T05:00:00,,평일
8호선,2805,별내,804,,20250619,8호선,2827,모란,827,N,8호선,8125,2812,천호,811,N,11:22:30,11:23:10,,8116,상행,2025-05-01T05:00:00,,평일
8호선,2805,별내,804,,20250619,8호선,2827,모란,827,N,8호선,8125,2811,암사,810,N,11:24:40,11:25:10,,8116,상행,2025-05-01T05:00:00,,평일
8호선,2805,별내,804,,20250619,8호선,2827,모란,827,N,8호선,8125,2810,암사역사공원,809,N,11:27:10,11:27:40,,8116,상행,2025-05-01T05:00:00,,평일
8호선,2805,별내,804,,20250619,8호선,2827,모란,827,N,8호선,8125,2809,장자호수공원,808,N,11:31:20,11:31:50,,8116,상행,2025-05-01T05:00:00,,평일
8호선,2805,별내,804,,20250619,8호선,2827,모란,827,N,8호선,8125,2808,구리,807,N,11:34:00,11:34:40,,8116,상행,2025-05-01T05:00:00,,평일
8호선,2805,별내,804,,20250619,8호선,2827,모란,827,N,8호선,8125,2807,동구릉,806,N,11:36:00,11:36:30,,8116,상행,2025-05-01T05:00:00,,평일
8호선,2805,별내,804,,20250619,8호선,2827,모란,827,N,8호선,8125,2806,다산,805,N,11:38:50,11:39:20,,8116,상행,2025-05-01T05:00:00,,평일
8호선,2805,별내,804,,20250619,8호선,2827,모란,827,N,8호선,8125,2805,별내,804,N,11:42:30,,,8116,상행,2025-05-01T05:00:00,,평일
8호선,2805,별내,804,,20250619,8호선,2827,모란,827,N,8호선,8127,2827,모란,827,N,,11:00:00,,8118,상행,2025-05-01T05:00:00,,평일
8호선,2805,별내,804,,20250619,8호선,2827,모란,827,N,8호선,8127,2826,수진,826,N,11:01:30,11:01:50,,8118,상행,2025-05-01T05:00:00,,평일
8호선,2805,별내,804,,20250619,8호선,2827,모란,827,N,8호선,8127,2825,신흥,825,N,11:03:00,11:03:20,,8118,상행,2025-05-01T05:00:00,,평일
8호선,2805,별내,804,,20250619,8호선,2827,모란,827,N,8호선,8127,2824,단대오거리,824,N,11:04:30,11:05:00,,8118,상행,2025-05-01T05:00:00,,평일
8호선,2805,별내,804,,20250619,8호선,2827,모란,827,N,8호선,8127,2823,남한산성입구,823,N,11:06:10,11:06:40,,8118,상행,2025-05-01T05:00:00,,평일
8호선,2805,별내,804,,20250619,8호선,2827,모란,827,N,8호선,8127,2822,산성,822,N,11:08:50,11:09:20,,8118,상행,2025-05-01T05:00:00,,평일
8호선,2805,별내,804,,20250619,8호선,2827,모란,827,N,8호선,8127,2828,남위례,821,N,11:11:00,11:11:30,,8118,상행,2025-05-01T05:00:00,,평일
8호선,2805,별내,804,,20250619,8호선,2827,모란,827,N,8호선,8127,2821,복정,820,N,11:13:20,11:13:50,,8118,상행,2025-05-01T05:00:00,,평일
8호선,2805,별내,804,,20250619,8호선,2827,모란,827,N,8호선,8127,2820,장지,819,N,11:15:00,11:15:30,,8118,상행,2025-05-01T05:00:00,,평일
8호선,2805,별내,804,,20250619,8호선,2827,모란,827,N,8호선,8127,2819,문정,818,N,11:16:40,11:17:20,,8118,상행,2025-05-01T05:00:00,,평일
8호선,2805,별내,804,,20250619,8호선,2827,모란,827,N,8호선,8127,2818,가락시장,817,N,11:18:30,11:19:10,,8118,상행,2025-05-01T05:00:00,,평일
8호선,2805,별내,804,,20250619,8호선,2827,모란,827,N,8호선,8127,2817,송파,816,N,11:20:20,11:20:50,,8118,상행,2025-05-01T05:00:00,,평일
8호선,2805,별내,804,,20250619,8호선,2827,모란,827,N,8호선,8127,2816,석촌,815,N,11:22:00,11:22:30,,8118,상행,2025-05-01T05:00:00,,평일
8호선,2805,별내,804,,20250619,8호선,2827,모란,827,N,8호선,8127,2815,잠실,814,N,11:24:20,11:25:00,,8118,상행,2025-05-01T05:00:00,,평일
8호선,2805,별내,804,,20250619,8호선,2827,모란,827,N,8호선,8127,2814,몽촌토성,813,N,11:26:10,11:26:40,,8118,상행,2025-05-01T05:00:00,,평일
8호선,2805,별내,804,,20250619,8호선,2827,모란,827,N,8호선,8127,2813,강동구청,812,N,11:28:40,11:29:10,,8118,상행,2025-05-01T05:00:00,,평일
8호선,2805,별내,804,,20250619,8호선,2827,모란,827,N,8호선,8127,2812,천호,811,N,11:30:30,11:31:10,,8118,상행,2025-05-01T05:00:00,,평일
8호선,2805,별내,804,,20250619,8호선,2827,모란,827,N,8호선,8127,2811,암사,810,N,11:32:40,11:33:10,,8118,상행,2025-05-01T05:00:00,,평일
8호선,2805,별내,804,,20250619,8호선,2827,모란,827,N,8호선,8127,2810,암사역사공원,809,N,11:35:10,11:35:40,,8118,상행,2025-05-01T05:00:00,,평일
8호선,2805,별내,804,,20250619,8호선,2827,모란,827,N,8호선,8127,2809,장자호수공원,808,N,11:39:20,11:39:50,,8118,상행,2025-05-01T05:00:00,,평일
8호선,2805,별내,804,,20250619,8호선,2827,모란,827,N,8호선,8127,2808,구리,807,N,11:42:00,11:42:40,,8118,상행,2025-05-01T05:00:00,,평일
8호선,2805,별내,804,,20250619,8호선,2827,모란,827,N,8호선,8127,2807,동구릉,806,N,11:44:00,11:44:30,,8118,상행,2025-05-01T05:00:00,,평일
8호선,2805,별내,804,,20250619,8호선,2827,모란,827,N,8호선,8127,2806,다산,805,N,11:46:50,11:47:20,,8118,상행,2025-05-01T05:00:00,,평일
8호선,2805,별내,804,,20250619,8호선,2827,모란,827,N,8호선,8127,2805,별내,804,N,11:50:30,,,8118,상행,2025-05-01T05:00:00,,평일
8호선,2805,별내,804,,20250619,8호선,2827,모란,827,N,8호선,8129,2827,모란,827,N,,11:08:00,,8120,상행,2025-05-01T05:00:00,,평일
8호선,2805,별내,804,,20250619,8호선,2827,모란,827,N,8호선,8129,2826,수진,826,N,11:09:30,11:09:50,,8120,상행,2025-05-01T05:00:00,,평일
8호선,2805,별내,804,,20250619,8호선,2827,모란,827,N,8호선,8129,2825,신흥,825,N,11:11:00,11:11:20,,8120,상행,2025-05-01T05:00:00,,평일
8호선,2805,별내,804,,20250619,8호선,2827,모란,827,N,8호선,8129,2824,단대오거리,824,N,11:12:30,11:13:00,,8120,상행,2025-05-01T05:00:00,,평일
8호선,2805,별내,804,,20250619,8호선,2827,모란,827,N,8호선,8129,2823,남한산성입구,823,N,11:14:10,11:14:40,,8120,상행,2025-05-01T05:00:00,,평일
8호선,2805,별내,804,,20250619,8호선,2827,모란,827,N,8호선,8129,2822,산성,822,N,11:16:50,11:17:20,,8120,상행,2025-05-01T05:00:00,,평일
8호선,2805,별내,804,,20250619,8호선,2827,모란,827,N,8호선,8129,2828,남위례,821,N,11:19:00,11:19:30,,8120,상행,2025-05-01T05:00:00,,평일
8호선,2805,별내,804,,20250619,8호선,2827,모란,827,N,8호선,8129,2821,복정,820,N,11:21:20,11:21:50,,8120,상행,2025-05-01T05:00:00,,평일
8호선,2805,별내,804,,20250619,8호선,2827,모란,827,N,8호선,8129,2820,장지,819,N,11:23:00,11:23:30,,8120,상행,2025-05-01T05:00:00,,평일
8호선,2805,별내,804,,20250619,8호선,2827,모란,827,N,8호선,8129,2819,문정,818,N,11:24:40,11:25:20,,8120,상행,2025-05-01T05:00:00,,평일
8호선,2805,별내,804,,20250619,8호선,2827,모란,827,N,8호선,8129,2818,가락시장,817,N,11:26:30,11:27:10,,8120,상행,2025-05-01T05:00:00,,평일
8호선,2805,별내,804,,20250619,8호선,2827,모란,827,N,8호선,8129,2817,송파,816,N,11:28:20,11:28:50,,8120,상행,2025-05-01T05:00:00,,평일
8호선,2805,별내,804,,20250619,8호선,2827,모란,827,N,8호선,8129,2816,석촌,815,N,11:30:00,11:30:30,,8120,상행,2025-05-01T05:00:00,,평일
8호선,2805,별내,804,,20250619,8호선,2827,모란,827,N,8호선,8129,2815,잠실,814,N,11:32:20,11:33:00,,8120,상행,2025-05-01T05:00:00,,평일
8호선,2805,별내,804,,20250619,8호선,2827,모란,827,N,8호선,8129,2814,몽촌토성,813,N,11:34:10,11:34:40,,8120,상행,2025-05-01T05:00:00,,평일
8호선,2805,별내,804,,20250619,8호선,2827,모란,827,N,8호선,8129,2813,강동구청,812,N,11:36:40,11:37:10,,8120,상행,2025-05-01T05:00:00,,평일
8호선,2805,별내,804,,20250619,8호선,2827,모란,827,N,8호선,8129,2812,천호,811,N,11:38:30,11:39:10,,8120,상행,2025-05-01T05:00:00,,평일
8호선,2805,별내,804,,20250619,8호선,2827,모란,827,N,8호선,8129,2811,암사,810,N,11:40:40,11:41:10,,8120,상행,2025-05-01T05:00:00,,평일
8호선,2805,별내,804,,20250619,8호선,2827,모란,827,N,8호선,8129,2810,암사역사공원,809,N,11:43:10,11:43:40,,8120,상행,2025-05-01T05:00:00,,평일
8호선,2805,별내,804,,20250619,8호선,2827,모란,827,N,8호선,8129,2809,장자호수공원,808,N,11:47:20,11:47:50,,8120,상행,2025-05-01T05:00:00,,평일
8호선,2805,별내,804,,20250619,8호선,2827,모란,827,N,8호선,8129,2808,구리,807,N,11:50:00,11:50:40,,8120,상행,2025-05-01T05:00:00,,평일
8호선,2805,별내,804,,20250619,8호선,2827,모란,827,N,8호선,8129,2807,동구릉,806,N,11:52:00,11:52:30,,8120,상행,2025-05-01T05:00:00,,평일
8호선,2805,별내,804,,20250619,8호선,2827,모란,827,N,8호선,8129,2806,다산,805,N,11:54:50,11:55:20,,8120,상행,2025-05-01T05:00:00,,평일
8호선,2805,별내,804,,20250619,8호선,2827,모란,827,N,8호선,8129,2805,별내,804,N,11:58:30,,,8120,상행,2025-05-01T05:00:00,,평일
8호선,2805,별내,804,,20250619,8호선,2827,모란,827,N,8호선,8131,2827,모란,827,N,,11:16:00,,8122,상행,2025-05-01T05:00:00,,평일
8호선,2805,별내,804,,20250619,8호선,2827,모란,827,N,8호선,8131,2826,수진,826,N,11:17:30,11:17:50,,8122,상행,2025-05-01T05:00:00,,평일
8호선,2805,별내,804,,20250619,8호선,2827,모란,827,N,8호선,8131,2825,신흥,825,N,11:19:00,11:19:20,,8122,상행,2025-05-01T05:00:00,,평일
8호선,2805,별내,804,,20250619,8호선,2827,모란,827,N,8호선,8131,2824,단대오거리,824,N,11:20:30,11:21:00,,8122,상행,2025-05-01T05:00:00,,평일
8호선,2805,별내,804,,20250619,8호선,2827,모란,827,N,8호선,8131,2823,남한산성입구,823,N,11:22:10,11:22:40,,8122,상행,2025-05-01T05:00:00,,평일
8호선,2805,별내,804,,20250619,8호선,2827,모란,827,N,8호선,8131,2822,산성,822,N,11:24:50,11:25:20,,8122,상행,2025-05-01T05:00:00,,평일
8호선,2805,별내,804,,20250619,8호선,2827,모란,827,N,8호선,8131,2828,남위례,821,N,11:27:00,11:27:30,,8122,상행,2025-05-01T05:00:00,,평일
8호선,2805,별내,804,,20250619,8호선,2827,모란,827,N,8호선,8131,2821,복정,820,N,11:29:20,11:29:50,,8122,상행,2025-05-01T05:00:00,,평일
8호선,2805,별내,804,,20250619,8호선,2827,모란,827,N,8호선,8131,2820,장지,819,N,11:31:00,11:31:30,,8122,상행,2025-05-01T05:00:00,,평일
8호선,2805,별내,804,,20250619,8호선,2827,모란,827,N,8호선,8131,2819,문정,818,N,11:32:40,11:33:20,,8122,상행,2025-05-01T05:00:00,,평일
8호선,2805,별내,804,,20250619,8호선,2827,모란,827,N,8호선,8131,2818,가락시장,817,N,11:34:30,11:35:10,,8122,상행,2025-05-01T05:00:00,,평일
8호선,2805,별내,804,,20250619,8호선,2827,모란,827,N,8호선,8131,2817,송파,816,N,11:36:20,11:36:50,,8122,상행,2025-05-01T05:00:00,,평일
8호선,2805,별내,804,,20250619,8호선,2827,모란,827,N,8호선,8131,2816,석촌,815,N,11:38:00,11:38:30,,8122,상행,2025-05-01T05:00:00,,평일
8호선,2805,별내,804,,20250619,8호선,2827,모란,827,N,8호선,8131,2815,잠실,814,N,11:40:20,11:41:00,,8122,상행,2025-05-01T05:00:00,,평일
8호선,2805,별내,804,,20250619,8호선,2827,모란,827,N,8호선,8131,2814,몽촌토성,813,N,11:42:10,11:42:40,,8122,상행,2025-05-01T05:00:00,,평일
8호선,2805,별내,804,,20250619,8호선,2827,모란,827,N,8호선,8131,2813,강동구청,812,N,11:44:40,11:45:10,,8122,상행,2025-05-01T05:00:00,,평일
8호선,2805,별내,804,,20250619,8호선,2827,모란,827,N,8호선,8131,2812,천호,811,N,11:46:30,11:47:10,,8122,상행,2025-05-01T05:00:00,,평일
8호선,2805,별내,804,,20250619,8호선,2827,모란,827,N,8호선,8131,2811,암사,810,N,11:48:40,11:49:10,,8122,상행,2025-05-01T05:00:00,,평일
8호선,2805,별내,804,,20250619,8호선,2827,모란,827,N,8호선,8131,2810,암사역사공원,809,N,11:51:10,11:51:40,,8122,상행,2025-05-01T05:00:00,,평일
8호선,2805,별내,804,,20250619,8호선,2827,모란,827,N,8호선,8131,2809,장자호수공원,808,N,11:55:20,11:55:50,,8122,상행,2025-05-01T05:00:00,,평일
8호선,2805,별내,804,,20250619,8호선,2827,모란,827,N,8호선,8131,2808,구리,807,N,11:58:00,11:58:40,,8122,상행,2025-05-01T05:00:00,,평일
8호선,2805,별내,804,,20250619,8호선,2827,모란,827,N,8호선,8131,2807,동구릉,806,N,12:00:00,12:00:30,,8122,상행,2025-05-01T05:00:00,,평일
8호선,2805,별내,804,,20250619,8호선,2827,모란,827,N,8호선,8131,2806,다산,805,N,12:02:50,12:03:20,,8122,상행,2025-05-01T05:00:00,,평일
8호선,2805,별내,804,,20250619,8호선,2827,모란,827,N,8호선,8131,2805,별내,804,N,12:06:30,,,8122,상행,2025-05-01T05:00:00,,평일
8호선,2805,별내,804,,20250619,8호선,2827,모란,827,N,8호선,8133,2827,모란,827,N,,11:24:00,,8124,상행,2025-05-01T05:00:00,,평일
8호선,2805,별내,804,,20250619,8호선,2827,모란,827,N,8호선,8133,2826,수진,826,N,11:25:30,11:25:50,,8124,상행,2025-05-01T05:00:00,,평일
8호선,2805,별내,804,,20250619,8호선,2827,모란,827,N,8호선,8133,2825,신흥,825,N,11:27:00,11:27:20,,8124,상행,2025-05-01T05:00:00,,평일
8호선,2805,별내,804,,20250619,8호선,2827,모란,827,N,8호선,8133,2824,단대오거리,824,N,11:28:30,11:29:00,,8124,상행,2025-05-01T05:00:00,,평일
8호선,2805,별내,804,,20250619,8호선,2827,모란,827,N,8호선,8133,2823,남한산성입구,823,N,11:30:10,11:30:40,,8124,상행,2025-05-01T05:00:00,,평일
8호선,2805,별내,804,,20250619,8호선,2827,모란,827,N,8호선,8133,2822,산성,822,N,11:32:50,11:33:20,,8124,상행,2025-05-01T05:00:00,,평일
8호선,2805,별내,804,,20250619,8호선,2827,모란,827,N,8호선,8133,2828,남위례,821,N,11:35:00,11:35:30,,8124,상행,2025-05-01T05:00:00,,평일
8호선,2805,별내,804,,20250619,8호선,2827,모란,827,N,8호선,8133,2821,복정,820,N,11:37:20,11:37:50,,8124,상행,2025-05-01T05:00:00,,평일
8호선,2805,별내,804,,20250619,8호선,2827,모란,827,N,8호선,8133,2820,장지,819,N,11:39:00,11:39:30,,8124,상행,2025-05-01T05:00:00,,평일
8호선,2805,별내,804,,20250619,8호선,2827,모란,827,N,8호선,8133,2819,문정,818,N,11:40:40,11:41:20,,8124,상행,2025-05-01T05:00:00,,평일
8호선,2805,별내,804,,20250619,8호선,2827,모란,827,N,8호선,8133,2818,가락시장,817,N,11:42:30,11:43:10,,8124,상행,2025-05-01T05:00:00,,평일
8호선,2805,별내,804,,20250619,8호선,2827,모란,827,N,8호선,8133,2817,송파,816,N,11:44:20,11:44:50,,8124,상행,2025-05-01T05:00:00,,평일
8호선,2805,별내,804,,20250619,8호선,2827,모란,827,N,8호선,8133,2816,석촌,815,N,11:46:00,11:46:30,,8124,상행,2025-05-01T05:00:00,,평일
8호선,2805,별내,804,,20250619,8호선,2827,모란,827,N,8호선,8133,2815,잠실,814,N,11:48:20,11:49:00,,8124,상행,2025-05-01T05:00:00,,평일
8호선,2805,별내,804,,20250619,8호선,2827,모란,827,N,8호선,8133,2814,몽촌토성,813,N,11:50:10,11:50:40,,8124,상행,2025-05-01T05:00:00,,평일
8호선,2805,별내,804,,20250619,8호선,2827,모란,827,N,8호선,8133,2813,강동구청,812,N,11:52:40,11:53:10,,8124,상행,2025-05-01T05:00:00,,평일
8호선,2805,별내,804,,20250619,8호선,2827,모란,827,N,8호선,8133,2812,천호,811,N,11:54:30,11:55:10,,8124,상행,2025-05-01T05:00:00,,평일
8호선,2805,별내,804,,20250619,8호선,2827,모란,827,N,8호선,8133,2811,암사,810,N,11:56:40,11:57:10,,8124,상행,2025-05-01T05:00:00,,평일
8호선,2805,별내,804,,20250619,8호선,2827,모란,827,N,8호선,8133,2810,암사역사공원,809,N,11:59:10,11:59:40,,8124,상행,2025-05-01T05:00:00,,평일
8호선,2805,별내,804,,20250619,8호선,2827,모란,827,N,8호선,8133,2809,장자호수공원,808,N,12:03:20,12:03:50,,8124,상행,2025-05-01T05:00:00,,평일
8호선,2805,별내,804,,20250619,8호선,2827,모란,827,N,8호선,8133,2808,구리,807,N,12:06:00,12:06:40,,8124,상행,2025-05-01T05:00:00,,평일
8호선,2805,별내,804,,20250619,8호선,2827,모란,827,N,8호선,8133,2807,동구릉,806,N,12:08:00,12:08:30,,8124,상행,2025-05-01T05:00:00,,평일
8호선,2805,별내,804,,20250619,8호선,2827,모란,827,N,8호선,8133,2806,다산,805,N,12:10:50,12:11:20,,8124,상행,2025-05-01T05:00:00,,평일
8호선,2805,별내,804,,20250619,8호선,2827,모란,827,N,8호선,8133,2805,별내,804,N,12:14:30,,,8124,상행,2025-05-01T05:00:00,,평일
8호선,2805,별내,804,,20250619,8호선,2827,모란,827,N,8호선,8135,2827,모란,827,N,,11:32:00,,8126,상행,2025-05-01T05:00:00,,평일
8호선,2805,별내,804,,20250619,8호선,2827,모란,827,N,8호선,8135,2826,수진,826,N,11:33:30,11:33:50,,8126,상행,2025-05-01T05:00:00,,평일
8호선,2805,별내,804,,20250619,8호선,2827,모란,827,N,8호선,8135,2825,신흥,825,N,11:35:00,11:35:20,,8126,상행,2025-05-01T05:00:00,,평일
8호선,2805,별내,804,,20250619,8호선,2827,모란,827,N,8호선,8135,2824,단대오거리,824,N,11:36:30,11:37:00,,8126,상행,2025-05-01T05:00:00,,평일
8호선,2805,별내,804,,20250619,8호선,2827,모란,827,N,8호선,8135,2823,남한산성입구,823,N,11:38:10,11:38:40,,8126,상행,2025-05-01T05:00:00,,평일
8호선,2805,별내,804,,20250619,8호선,2827,모란,827,N,8호선,8135,2822,산성,822,N,11:40:50,11:41:20,,8126,상행,2025-05-01T05:00:00,,평일
8호선,2805,별내,804,,20250619,8호선,2827,모란,827,N,8호선,8135,2828,남위례,821,N,11:43:00,11:43:30,,8126,상행,2025-05-01T05:00:00,,평일
8호선,2805,별내,804,,20250619,8호선,2827,모란,827,N,8호선,8135,2821,복정,820,N,11:45:20,11:45:50,,8126,상행,2025-05-01T05:00:00,,평일
8호선,2805,별내,804,,20250619,8호선,2827,모란,827,N,8호선,8135,2820,장지,819,N,11:47:00,11:47:30,,8126,상행,2025-05-01T05:00:00,,평일
8호선,2805,별내,804,,20250619,8호선,2827,모란,827,N,8호선,8135,2819,문정,818,N,11:48:40,11:49:20,,8126,상행,2025-05-01T05:00:00,,평일
8호선,2805,별내,804,,20250619,8호선,2827,모란,827,N,8호선,8135,2818,가락시장,817,N,11:50:30,11:51:10,,8126,상행,2025-05-01T05:00:00,,평일
8호선,2805,별내,804,,20250619,8호선,2827,모란,827,N,8호선,8135,2817,송파,816,N,11:52:20,11:52:50,,8126,상행,2025-05-01T05:00:00,,평일
8호선,2805,별내,804,,20250619,8호선,2827,모란,827,N,8호선,8135,2816,석촌,815,N,11:54:00,11:54:30,,8126,상행,2025-05-01T05:00:00,,평일
8호선,2805,별내,804,,20250619,8호선,2827,모란,827,N,8호선,8135,2815,잠실,814,N,11:56:20,11:57:00,,8126,상행,2025-05-01T05:00:00,,평일
8호선,2805,별내,804,,20250619,8호선,2827,모란,827,N,8호선,8135,2814,몽촌토성,813,N,11:58:10,11:58:40,,8126,상행,2025-05-01T05:00:00,,평일
8호선,2805,별내,804,,20250619,8호선,2827,모란,827,N,8호선,8135,2813,강동구청,812,N,12:00:40,12:01:10,,8126,상행,2025-05-01T05:00:00,,평일
8호선,2805,별내,804,,20250619,8호선,2827,모란,827,N,8호선,8135,2812,천호,811,N,12:02:30,12:03:10,,8126,상행,2025-05-01T05:00:00,,평일
8호선,2805,별내,804,,20250619,8호선,2827,모란,827,N,8호선,8135,2811,암사,810,N,12:04:40,12:05:10,,8126,상행,2025-05-01T05:00:00,,평일
8호선,2805,별내,804,,20250619,8호선,2827,모란,827,N,8호선,8135,2810,암사역사공원,809,N,12:07:10,12:07:40,,8126,상행,2025-05-01T05:00:00,,평일
8호선,2805,별내,804,,20250619,8호선,2827,모란,827,N,8호선,8135,2809,장자호수공원,808,N,12:11:20,12:11:50,,8126,상행,2025-05-01T05:00:00,,평일
8호선,2805,별내,804,,20250619,8호선,2827,모란,827,N,8호선,8135,2808,구리,807,N,12:14:00,12:14:40,,8126,상행,2025-05-01T05:00:00,,평일
8호선,2805,별내,804,,20250619,8호선,2827,모란,827,N,8호선,8135,2807,동구릉,806,N,12:16:00,12:16:30,,8126,상행,2025-05-01T05:00:00,,평일
8호선,2805,별내,804,,20250619,8호선,2827,모란,827,N,8호선,8135,2806,다산,805,N,12:18:50,12:19:20,,8126,상행,2025-05-01T05:00:00,,평일
8호선,2805,별내,804,,20250619,8호선,2827,모란,827,N,8호선,8135,2805,별내,804,N,12:22:30,,,8126,상행,2025-05-01T05:00:00,,평일
8호선,2805,별내,804,,20250619,8호선,2827,모란,827,N,8호선,8137,2827,모란,827,N,,11:40:00,,8128,상행,2025-05-01T05:00:00,,평일
8호선,2805,별내,804,,20250619,8호선,2827,모란,827,N,8호선,8137,2826,수진,826,N,11:41:30,11:41:50,,8128,상행,2025-05-01T05:00:00,,평일
8호선,2805,별내,804,,20250619,8호선,2827,모란,827,N,8호선,8137,2825,신흥,825,N,11:43:00,11:43:20,,8128,상행,2025-05-01T05:00:00,,평일
8호선,2805,별내,804,,20250619,8호선,2827,모란,827,N,8호선,8137,2824,단대오거리,824,N,11:44:30,11:45:00,,8128,상행,2025-05-01T05:00:00,,평일
8호선,2805,별내,804,,20250619,8호선,2827,모란,827,N,8호선,8137,2823,남한산성입구,823,N,11:46:10,11:46:40,,8128,상행,2025-05-01T05:00:00,,평일
8호선,2805,별내,804,,20250619,8호선,2827,모란,827,N,8호선,8137,2822,산성,822,N,11:48:50,11:49:20,,8128,상행,2025-05-01T05:00:00,,평일
8호선,2805,별내,804,,20250619,8호선,2827,모란,827,N,8호선,8137,2828,남위례,821,N,11:51:00,11:51:30,,8128,상행,2025-05-01T05:00:00,,평일
8호선,2805,별내,804,,20250619,8호선,2827,모란,827,N,8호선,8137,2821,복정,820,N,11:53:20,11:53:50,,8128,상행,2025-05-01T05:00:00,,평일
8호선,2805,별내,804,,20250619,8호선,2827,모란,827,N,8호선,8137,2820,장지,819,N,11:55:00,11:55:30,,8128,상행,2025-05-01T05:00:00,,평일
8호선,2805,별내,804,,20250619,8호선,2827,모란,827,N,8호선,8137,2819,문정,818,N,11:56:40,11:57:20,,8128,상행,2025-05-01T05:00:00,,평일
8호선,2805,별내,804,,20250619,8호선,2827,모란,827,N,8호선,8137,2818,가락시장,817,N,11:58:30,11:59:10,,8128,상행,2025-05-01T05:00:00,,평일
8호선,2805,별내,804,,20250619,8호선,2827,모란,827,N,8호선,8137,2817,송파,816,N,12:00:20,12:00:50,,8128,상행,2025-05-01T05:00:00,,평일
8호선,2805,별내,804,,20250619,8호선,2827,모란,827,N,8호선,8137,2816,석촌,815,N,12:02:00,12:02:30,,8128,상행,2025-05-01T05:00:00,,평일
8호선,2805,별내,804,,20250619,8호선,2827,모란,827,N,8호선,8137,2815,잠실,814,N,12:04:20,12:05:00,,8128,상행,2025-05-01T05:00:00,,평일
8호선,2805,별내,804,,20250619,8호선,2827,모란,827,N,8호선,8137,2814,몽촌토성,813,N,12:06:10,12:06:40,,8128,상행,2025-05-01T05:00:00,,평일
8호선,2805,별내,804,,20250619,8호선,2827,모란,827,N,8호선,8137,2813,강동구청,812,N,12:08:40,12:09:10,,8128,상행,2025-05-01T05:00:00,,평일
8호선,2805,별내,804,,20250619,8호선,2827,모란,827,N,8호선,8137,2812,천호,811,N,12:10:30,12:11:10,,8128,상행,2025-05-01T05:00:00,,평일
8호선,2805,별내,804,,20250619,8호선,2827,모란,827,N,8호선,8137,2811,암사,810,N,12:12:40,12:13:10,,8128,상행,2025-05-01T05:00:00,,평일
8호선,2805,별내,804,,20250619,8호선,2827,모란,827,N,8호선,8137,2810,암사역사공원,809,N,12:15:10,12:15:40,,8128,상행,2025-05-01T05:00:00,,평일
8호선,2805,별내,804,,20250619,8호선,2827,모란,827,N,8호선,8137,2809,장자호수공원,808,N,12:19:20,12:19:50,,8128,상행,2025-05-01T05:00:00,,평일
8호선,2805,별내,804,,20250619,8호선,2827,모란,827,N,8호선,8137,2808,구리,807,N,12:22:00,12:22:40,,8128,상행,2025-05-01T05:00:00,,평일
8호선,2805,별내,804,,20250619,8호선,2827,모란,827,N,8호선,8137,2807,동구릉,806,N,12:24:00,12:24:30,,8128,상행,2025-05-01T05:00:00,,평일
8호선,2805,별내,804,,20250619,8호선,2827,모란,827,N,8호선,8137,2806,다산,805,N,12:26:50,12:27:20,,8128,상행,2025-05-01T05:00:00,,평일
8호선,2805,별내,804,,20250619,8호선,2827,모란,827,N,8호선,8137,2805,별내,804,N,12:30:30,,,8128,상행,2025-05-01T05:00:00,,평일
8호선,2805,별내,804,,20250619,8호선,2827,모란,827,N,8호선,8139,2827,모란,827,N,,11:48:00,,8130,상행,2025-05-01T05:00:00,,평일
8호선,2805,별내,804,,20250619,8호선,2827,모란,827,N,8호선,8139,2826,수진,826,N,11:49:30,11:49:50,,8130,상행,2025-05-01T05:00:00,,평일
8호선,2805,별내,804,,20250619,8호선,2827,모란,827,N,8호선,8139,2825,신흥,825,N,11:51:00,11:51:20,,8130,상행,2025-05-01T05:00:00,,평일
8호선,2805,별내,804,,20250619,8호선,2827,모란,827,N,8호선,8139,2824,단대오거리,824,N,11:52:30,11:53:00,,8130,상행,2025-05-01T05:00:00,,평일
8호선,2805,별내,804,,20250619,8호선,2827,모란,827,N,8호선,8139,2823,남한산성입구,823,N,11:54:10,11:54:40,,8130,상행,2025-05-01T05:00:00,,평일
8호선,2805,별내,804,,20250619,8호선,2827,모란,827,N,8호선,8139,2822,산성,822,N,11:56:50,11:57:20,,8130,상행,2025-05-01T05:00:00,,평일
8호선,2805,별내,804,,20250619,8호선,2827,모란,827,N,8호선,8139,2828,남위례,821,N,11:59:00,11:59:30,,8130,상행,2025-05-01T05:00:00,,평일
8호선,2805,별내,804,,20250619,8호선,2827,모란,827,N,8호선,8139,2821,복정,820,N,12:01:20,12:01:50,,8130,상행,2025-05-01T05:00:00,,평일
8호선,2805,별내,804,,20250619,8호선,2827,모란,827,N,8호선,8139,2820,장지,819,N,12:03:00,12:03:30,,8130,상행,2025-05-01T05:00:00,,평일
8호선,2805,별내,804,,20250619,8호선,2827,모란,827,N,8호선,8139,2819,문정,818,N,12:04:40,12:05:20,,8130,상행,2025-05-01T05:00:00,,평일
8호선,2805,별내,804,,20250619,8호선,2827,모란,827,N,8호선,8139,2818,가락시장,817,N,12:06:30,12:07:10,,8130,상행,2025-05-01T05:00:00,,평일
8호선,2805,별내,804,,20250619,8호선,2827,모란,827,N,8호선,8139,2817,송파,816,N,12:08:20,12:08:50,,8130,상행,2025-05-01T05:00:00,,평일
8호선,2805,별내,804,,20250619,8호선,2827,모란,827,N,8호선,8139,2816,석촌,815,N,12:10:00,12:10:30,,8130,상행,2025-05-01T05:00:00,,평일
8호선,2805,별내,804,,20250619,8호선,2827,모란,827,N,8호선,8139,2815,잠실,814,N,12:12:20,12:13:00,,8130,상행,2025-05-01T05:00:00,,평일
8호선,2805,별내,804,,20250619,8호선,2827,모란,827,N,8호선,8139,2814,몽촌토성,813,N,12:14:10,12:14:40,,8130,상행,2025-05-01T05:00:00,,평일
8호선,2805,별내,804,,20250619,8호선,2827,모란,827,N,8호선,8139,2813,강동구청,812,N,12:16:40,12:17:10,,8130,상행,2025-05-01T05:00:00,,평일
8호선,2805,별내,804,,20250619,8호선,2827,모란,827,N,8호선,8139,2812,천호,811,N,12:18:30,12:19:10,,8130,상행,2025-05-01T05:00:00,,평일
8호선,2805,별내,804,,20250619,8호선,2827,모란,827,N,8호선,8139,2811,암사,810,N,12:20:40,12:21:10,,8130,상행,2025-05-01T05:00:00,,평일
8호선,2805,별내,804,,20250619,8호선,2827,모란,827,N,8호선,8139,2810,암사역사공원,809,N,12:23:10,12:23:40,,8130,상행,2025-05-01T05:00:00,,평일
8호선,2805,별내,804,,20250619,8호선,2827,모란,827,N,8호선,8139,2809,장자호수공원,808,N,12:27:20,12:27:50,,8130,상행,2025-05-01T05:00:00,,평일
8호선,2805,별내,804,,20250619,8호선,2827,모란,827,N,8호선,8139,2808,구리,807,N,12:30:00,12:30:40,,8130,상행,2025-05-01T05:00:00,,평일
8호선,2805,별내,804,,20250619,8호선,2827,모란,827,N,8호선,8139,2807,동구릉,806,N,12:32:00,12:32:30,,8130,상행,2025-05-01T05:00:00,,평일
8호선,2805,별내,804,,20250619,8호선,2827,모란,827,N,8호선,8139,2806,다산,805,N,12:34:50,12:35:20,,8130,상행,2025-05-01T05:00:00,,평일
8호선,2805,별내,804,,20250619,8호선,2827,모란,827,N,8호선,8139,2805,별내,804,N,12:38:30,,,8130,상행,2025-05-01T05:00:00,,평일
8호선,2805,별내,804,,20250619,8호선,2827,모란,827,N,8호선,8141,2827,모란,827,N,,11:56:00,,8132,상행,2025-05-01T05:00:00,,평일
8호선,2805,별내,804,,20250619,8호선,2827,모란,827,N,8호선,8141,2826,수진,826,N,11:57:30,11:57:50,,8132,상행,2025-05-01T05:00:00,,평일
8호선,2805,별내,804,,20250619,8호선,2827,모란,827,N,8호선,8141,2825,신흥,825,N,11:59:00,11:59:20,,8132,상행,2025-05-01T05:00:00,,평일
8호선,2805,별내,804,,20250619,8호선,2827,모란,827,N,8호선,8141,2824,단대오거리,824,N,12:00:30,12:01:00,,8132,상행,2025-05-01T05:00:00,,평일
8호선,2805,별내,804,,20250619,8호선,2827,모란,827,N,8호선,8141,2823,남한산성입구,823,N,12:02:10,12:02:40,,8132,상행,2025-05-01T05:00:00,,평일
8호선,2805,별내,804,,20250619,8호선,2827,모란,827,N,8호선,8141,2822,산성,822,N,12:04:50,12:05:20,,8132,상행,2025-05-01T05:00:00,,평일
8호선,2805,별내,804,,20250619,8호선,2827,모란,827,N,8호선,8141,2828,남위례,821,N,12:07:00,12:07:30,,8132,상행,2025-05-01T05:00:00,,평일
8호선,2805,별내,804,,20250619,8호선,2827,모란,827,N,8호선,8141,2821,복정,820,N,12:09:20,12:09:50,,8132,상행,2025-05-01T05:00:00,,평일
8호선,2805,별내,804,,20250619,8호선,2827,모란,827,N,8호선,8141,2820,장지,819,N,12:11:00,12:11:30,,8132,상행,2025-05-01T05:00:00,,평일
8호선,2805,별내,804,,20250619,8호선,2827,모란,827,N,8호선,8141,2819,문정,818,N,12:12:40,12:13:20,,8132,상행,2025-05-01T05:00:00,,평일
8호선,2805,별내,804,,20250619,8호선,2827,모란,827,N,8호선,8141,2818,가락시장,817,N,12:14:30,12:15:10,,8132,상행,2025-05-01T05:00:00,,평일
8호선,2805,별내,804,,20250619,8호선,2827,모란,827,N,8호선,8141,2817,송파,816,N,12:16:20,12:16:50,,8132,상행,2025-05-01T05:00:00,,평일
8호선,2805,별내,804,,20250619,8호선,2827,모란,827,N,8호선,8141,2816,석촌,815,N,12:18:00,12:18:30,,8132,상행,2025-05-01T05:00:00,,평일
8호선,2805,별내,804,,20250619,8호선,2827,모란,827,N,8호선,8141,2815,잠실,814,N,12:20:20,12:21:00,,8132,상행,2025-05-01T05:00:00,,평일
8호선,2805,별내,804,,20250619,8호선,2827,모란,827,N,8호선,8141,2814,몽촌토성,813,N,12:22:10,12:22:40,,8132,상행,2025-05-01T05:00:00,,평일
8호선,2805,별내,804,,20250619,8호선,2827,모란,827,N,8호선,8141,2813,강동구청,812,N,12:24:40,12:25:10,,8132,상행,2025-05-01T05:00:00,,평일
8호선,2805,별내,804,,20250619,8호선,2827,모란,827,N,8호선,8141,2812,천호,811,N,12:26:30,12:27:10,,8132,상행,2025-05-01T05:00:00,,평일
8호선,2805,별내,804,,20250619,8호선,2827,모란,827,N,8호선,8141,2811,암사,810,N,12:28:40,12:29:10,,8132,상행,2025-05-01T05:00:00,,평일
8호선,2805,별내,804,,20250619,8호선,2827,모란,827,N,8호선,8141,2810,암사역사공원,809,N,12:31:10,12:31:40,,8132,상행,2025-05-01T05:00:00,,평일
8호선,2805,별내,804,,20250619,8호선,2827,모란,827,N,8호선,8141,2809,장자호수공원,808,N,12:35:20,12:35:50,,8132,상행,2025-05-01T05:00:00,,평일
8호선,2805,별내,804,,20250619,8호선,2827,모란,827,N,8호선,8141,2808,구리,807,N,12:38:00,12:38:40,,8132,상행,2025-05-01T05:00:00,,평일
8호선,2805,별내,804,,20250619,8호선,2827,모란,827,N,8호선,8141,2807,동구릉,806,N,12:40:00,12:40:30,,8132,상행,2025-05-01T05:00:00,,평일
8호선,2805,별내,804,,20250619,8호선,2827,모란,827,N,8호선,8141,2806,다산,805,N,12:42:50,12:43:20,,8132,상행,2025-05-01T05:00:00,,평일
8호선,2805,별내,804,,20250619,8호선,2827,모란,827,N,8호선,8141,2805,별내,804,N,12:46:30,,,8132,상행,2025-05-01T05:00:00,,평일
8호선,2805,별내,804,,20250619,8호선,2827,모란,827,N,8호선,8143,2827,모란,827,N,,12:04:00,,8134,상행,2025-05-01T05:00:00,,평일
8호선,2805,별내,804,,20250619,8호선,2827,모란,827,N,8호선,8143,2826,수진,826,N,12:05:30,12:05:50,,8134,상행,2025-05-01T05:00:00,,평일
8호선,2805,별내,804,,20250619,8호선,2827,모란,827,N,8호선,8143,2825,신흥,825,N,12:07:00,12:07:20,,8134,상행,2025-05-01T05:00:00,,평일
8호선,2805,별내,804,,20250619,8호선,2827,모란,827,N,8호선,8143,2824,단대오거리,824,N,12:08:30,12:09:00,,8134,상행,2025-05-01T05:00:00,,평일
8호선,2805,별내,804,,20250619,8호선,2827,모란,827,N,8호선,8143,2823,남한산성입구,823,N,12:10:10,12:10:40,,8134,상행,2025-05-01T05:00:00,,평일
8호선,2805,별내,804,,20250619,8호선,2827,모란,827,N,8호선,8143,2822,산성,822,N,12:12:50,12:13:20,,8134,상행,2025-05-01T05:00:00,,평일
8호선,2805,별내,804,,20250619,8호선,2827,모란,827,N,8호선,8143,2828,남위례,821,N,12:15:00,12:15:30,,8134,상행,2025-05-01T05:00:00,,평일
8호선,2805,별내,804,,20250619,8호선,2827,모란,827,N,8호선,8143,2821,복정,820,N,12:17:20,12:17:50,,8134,상행,2025-05-01T05:00:00,,평일
8호선,2805,별내,804,,20250619,8호선,2827,모란,827,N,8호선,8143,2820,장지,819,N,12:19:00,12:19:30,,8134,상행,2025-05-01T05:00:00,,평일
8호선,2805,별내,804,,20250619,8호선,2827,모란,827,N,8호선,8143,2819,문정,818,N,12:20:40,12:21:20,,8134,상행,2025-05-01T05:00:00,,평일
8호선,2805,별내,804,,20250619,8호선,2827,모란,827,N,8호선,8143,2818,가락시장,817,N,12:22:30,12:23:10,,8134,상행,2025-05-01T05:00:00,,평일
8호선,2805,별내,804,,20250619,8호선,2827,모란,827,N,8호선,8143,2817,송파,816,N,12:24:20,12:24:50,,8134,상행,2025-05-01T05:00:00,,평일
8호선,2805,별내,804,,20250619,8호선,2827,모란,827,N,8호선,8143,2816,석촌,815,N,12:26:00,12:26:30,,8134,상행,2025-05-01T05:00:00,,평일
8호선,2805,별내,804,,20250619,8호선,2827,모란,827,N,8호선,8143,2815,잠실,814,N,12:28:20,12:29:00,,8134,상행,2025-05-01T05:00:00,,평일
8호선,2805,별내,804,,20250619,8호선,2827,모란,827,N,8호선,8143,2814,몽촌토성,813,N,12:30:10,12:30:40,,8134,상행,2025-05-01T05:00:00,,평일
8호선,2805,별내,804,,20250619,8호선,2827,모란,827,N,8호선,8143,2813,강동구청,812,N,12:32:40,12:33:10,,8134,상행,2025-05-01T05:00:00,,평일
8호선,2805,별내,804,,20250619,8호선,2827,모란,827,N,8호선,8143,2812,천호,811,N,12:34:30,12:35:10,,8134,상행,2025-05-01T05:00:00,,평일
8호선,2805,별내,804,,20250619,8호선,2827,모란,827,N,8호선,8143,2811,암사,810,N,12:36:40,12:37:10,,8134,상행,2025-05-01T05:00:00,,평일
8호선,2805,별내,804,,20250619,8호선,2827,모란,827,N,8호선,8143,2810,암사역사공원,809,N,12:39:10,12:39:40,,8134,상행,2025-05-01T05:00:00,,평일
8호선,2805,별내,804,,20250619,8호선,2827,모란,827,N,8호선,8143,2809,장자호수공원,808,N,12:43:20,12:43:50,,8134,상행,2025-05-01T05:00:00,,평일
8호선,2805,별내,804,,20250619,8호선,2827,모란,827,N,8호선,8143,2808,구리,807,N,12:46:00,12:46:40,,8134,상행,2025-05-01T05:00:00,,평일
8호선,2805,별내,804,,20250619,8호선,2827,모란,827,N,8호선,8143,2807,동구릉,806,N,12:48:00,12:48:30,,8134,상행,2025-05-01T05:00:00,,평일
8호선,2805,별내,804,,20250619,8호선,2827,모란,827,N,8호선,8143,2806,다산,805,N,12:50:50,12:51:20,,8134,상행,2025-05-01T05:00:00,,평일
8호선,2805,별내,804,,20250619,8호선,2827,모란,827,N,8호선,8143,2805,별내,804,N,12:54:30,,,8134,상행,2025-05-01T05:00:00,,평일
8호선,2805,별내,804,,20250619,8호선,2827,모란,827,N,8호선,8145,2827,모란,827,N,,12:12:00,,8136,상행,2025-05-01T05:00:00,,평일
8호선,2805,별내,804,,20250619,8호선,2827,모란,827,N,8호선,8145,2826,수진,826,N,12:13:30,12:13:50,,8136,상행,2025-05-01T05:00:00,,평일
8호선,2805,별내,804,,20250619,8호선,2827,모란,827,N,8호선,8145,2825,신흥,825,N,12:15:00,12:15:20,,8136,상행,2025-05-01T05:00:00,,평일
8호선,2805,별내,804,,20250619,8호선,2827,모란,827,N,8호선,8145,2824,단대오거리,824,N,12:16:30,12:17:00,,8136,상행,2025-05-01T05:00:00,,평일
8호선,2805,별내,804,,20250619,8호선,2827,모란,827,N,8호선,8145,2823,남한산성입구,823,N,12:18:10,12:18:40,,8136,상행,2025-05-01T05:00:00,,평일
8호선,2805,별내,804,,20250619,8호선,2827,모란,827,N,8호선,8145,2822,산성,822,N,12:20:50,12:21:20,,8136,상행,2025-05-01T05:00:00,,평일
8호선,2805,별내,804,,20250619,8호선,2827,모란,827,N,8호선,8145,2828,남위례,821,N,12:23:00,12:23:30,,8136,상행,2025-05-01T05:00:00,,평일
8호선,2805,별내,804,,20250619,8호선,2827,모란,827,N,8호선,8145,2821,복정,820,N,12:25:20,12:25:50,,8136,상행,2025-05-01T05:00:00,,평일
8호선,2805,별내,804,,20250619,8호선,2827,모란,827,N,8호선,8145,2820,장지,819,N,12:27:00,12:27:30,,8136,상행,2025-05-01T05:00:00,,평일
8호선,2805,별내,804,,20250619,8호선,2827,모란,827,N,8호선,8145,2819,문정,818,N,12:28:40,12:29:20,,8136,상행,2025-05-01T05:00:00,,평일
8호선,2805,별내,804,,20250619,8호선,2827,모란,827,N,8호선,8145,2818,가락시장,817,N,12:30:30,12:31:10,,8136,상행,2025-05-01T05:00:00,,평일
8호선,2805,별내,804,,20250619,8호선,2827,모란,827,N,8호선,8145,2817,송파,816,N,12:32:20,12:32:50,,8136,상행,2025-05-01T05:00:00,,평일
8호선,2805,별내,804,,20250619,8호선,2827,모란,827,N,8호선,8145,2816,석촌,815,N,12:34:00,12:34:30,,8136,상행,2025-05-01T05:00:00,,평일
8호선,2805,별내,804,,20250619,8호선,2827,모란,827,N,8호선,8145,2815,잠실,814,N,12:36:20,12:37:00,,8136,상행,2025-05-01T05:00:00,,평일
8호선,2805,별내,804,,20250619,8호선,2827,모란,827,N,8호선,8145,2814,몽촌토성,813,N,12:38:10,12:38:40,,8136,상행,2025-05-01T05:00:00,,평일
8호선,2805,별내,804,,20250619,8호선,2827,모란,827,N,8호선,8145,2813,강동구청,812,N,12:40:40,12:41:10,,8136,상행,2025-05-01T05:00:00,,평일
8호선,2805,별내,804,,20250619,8호선,2827,모란,827,N,8호선,8145,2812,천호,811,N,12:42:30,12:43:10,,8136,상행,2025-05-01T05:00:00,,평일
8호선,2805,별내,804,,20250619,8호선,2827,모란,827,N,8호선,8145,2811,암사,810,N,12:44:40,12:45:10,,8136,상행,2025-05-01T05:00:00,,평일
8호선,2805,별내,804,,20250619,8호선,2827,모란,827,N,8호선,8145,2810,암사역사공원,809,N,12:47:10,12:47:40,,8136,상행,2025-05-01T05:00:00,,평일
8호선,2805,별내,804,,20250619,8호선,2827,모란,827,N,8호선,8145,2809,장자호수공원,808,N,12:51:20,12:51:50,,8136,상행,2025-05-01T05:00:00,,평일
8호선,2805,별내,804,,20250619,8호선,2827,모란,827,N,8호선,8145,2808,구리,807,N,12:54:00,12:54:40,,8136,상행,2025-05-01T05:00:00,,평일
8호선,2805,별내,804,,20250619,8호선,2827,모란,827,N,8호선,8145,2807,동구릉,806,N,12:56:00,12:56:30,,8136,상행,2025-05-01T05:00:00,,평일
8호선,2805,별내,804,,20250619,8호선,2827,모란,827,N,8호선,8145,2806,다산,805,N,12:58:50,12:59:20,,8136,상행,2025-05-01T05:00:00,,평일
8호선,2805,별내,804,,20250619,8호선,2827,모란,827,N,8호선,8145,2805,별내,804,N,13:02:30,,,8136,상행,2025-05-01T05:00:00,,평일
8호선,2805,별내,804,,20250619,8호선,2827,모란,827,N,8호선,8147,2827,모란,827,N,,12:20:00,,8138,상행,2025-05-01T05:00:00,,평일
8호선,2805,별내,804,,20250619,8호선,2827,모란,827,N,8호선,8147,2826,수진,826,N,12:21:30,12:21:50,,8138,상행,2025-05-01T05:00:00,,평일
8호선,2805,별내,804,,20250619,8호선,2827,모란,827,N,8호선,8147,2825,신흥,825,N,12:23:00,12:23:20,,8138,상행,2025-05-01T05:00:00,,평일
8호선,2805,별내,804,,20250619,8호선,2827,모란,827,N,8호선,8147,2824,단대오거리,824,N,12:24:30,12:25:00,,8138,상행,2025-05-01T05:00:00,,평일
8호선,2805,별내,804,,20250619,8호선,2827,모란,827,N,8호선,8147,2823,남한산성입구,823,N,12:26:10,12:26:40,,8138,상행,2025-05-01T05:00:00,,평일
8호선,2805,별내,804,,20250619,8호선,2827,모란,827,N,8호선,8147,2822,산성,822,N,12:28:50,12:29:20,,8138,상행,2025-05-01T05:00:00,,평일
8호선,2805,별내,804,,20250619,8호선,2827,모란,827,N,8호선,8147,2828,남위례,821,N,12:31:00,12:31:30,,8138,상행,2025-05-01T05:00:00,,평일
8호선,2805,별내,804,,20250619,8호선,2827,모란,827,N,8호선,8147,2821,복정,820,N,12:33:20,12:33:50,,8138,상행,2025-05-01T05:00:00,,평일
8호선,2805,별내,804,,20250619,8호선,2827,모란,827,N,8호선,8147,2820,장지,819,N,12:35:00,12:35:30,,8138,상행,2025-05-01T05:00:00,,평일
8호선,2805,별내,804,,20250619,8호선,2827,모란,827,N,8호선,8147,2819,문정,818,N,12:36:40,12:37:20,,8138,상행,2025-05-01T05:00:00,,평일
8호선,2805,별내,804,,20250619,8호선,2827,모란,827,N,8호선,8147,2818,가락시장,817,N,12:38:30,12:39:10,,8138,상행,2025-05-01T05:00:00,,평일
8호선,2805,별내,804,,20250619,8호선,2827,모란,827,N,8호선,8147,2817,송파,816,N,12:40:20,12:40:50,,8138,상행,2025-05-01T05:00:00,,평일
8호선,2805,별내,804,,20250619,8호선,2827,모란,827,N,8호선,8147,2816,석촌,815,N,12:42:00,12:42:30,,8138,상행,2025-05-01T05:00:00,,평일
8호선,2805,별내,804,,20250619,8호선,2827,모란,827,N,8호선,8147,2815,잠실,814,N,12:44:20,12:45:00,,8138,상행,2025-05-01T05:00:00,,평일
8호선,2805,별내,804,,20250619,8호선,2827,모란,827,N,8호선,8147,2814,몽촌토성,813,N,12:46:10,12:46:40,,8138,상행,2025-05-01T05:00:00,,평일
8호선,2805,별내,804,,20250619,8호선,2827,모란,827,N,8호선,8147,2813,강동구청,812,N,12:48:40,12:49:10,,8138,상행,2025-05-01T05:00:00,,평일
8호선,2805,별내,804,,20250619,8호선,2827,모란,827,N,8호선,8147,2812,천호,811,N,12:50:30,12:51:10,,8138,상행,2025-05-01T05:00:00,,평일
8호선,2805,별내,804,,20250619,8호선,2827,모란,827,N,8호선,8147,2811,암사,810,N,12:52:40,12:53:10,,8138,상행,2025-05-01T05:00:00,,평일
8호선,2805,별내,804,,20250619,8호선,2827,모란,827,N,8호선,8147,2810,암사역사공원,809,N,12:55:10,12:55:40,,8138,상행,2025-05-01T05:00:00,,평일
8호선,2805,별내,804,,20250619,8호선,2827,모란,827,N,8호선,8147,2809,장자호수공원,808,N,12:59:20,12:59:50,,8138,상행,2025-05-01T05:00:00,,평일
8호선,2805,별내,804,,20250619,8호선,2827,모란,827,N,8호선,8147,2808,구리,807,N,13:02:00,13:02:40,,8138,상행,2025-05-01T05:00:00,,평일
8호선,2805,별내,804,,20250619,8호선,2827,모란,827,N,8호선,8147,2807,동구릉,806,N,13:04:00,13:04:30,,8138,상행,2025-05-01T05:00:00,,평일
8호선,2805,별내,804,,20250619,8호선,2827,모란,827,N,8호선,8147,2806,다산,805,N,13:06:50,13:07:20,,8138,상행,2025-05-01T05:00:00,,평일
8호선,2805,별내,804,,20250619,8호선,2827,모란,827,N,8호선,8147,2805,별내,804,N,13:10:30,,,8138,상행,2025-05-01T05:00:00,,평일
8호선,2805,별내,804,,20250619,8호선,2827,모란,827,N,8호선,8149,2827,모란,827,N,,12:28:00,,8140,상행,2025-05-01T05:00:00,,평일
8호선,2805,별내,804,,20250619,8호선,2827,모란,827,N,8호선,8149,2826,수진,826,N,12:29:30,12:29:50,,8140,상행,2025-05-01T05:00:00,,평일
8호선,2805,별내,804,,20250619,8호선,2827,모란,827,N,8호선,8149,2825,신흥,825,N,12:31:00,12:31:20,,8140,상행,2025-05-01T05:00:00,,평일
8호선,2805,별내,804,,20250619,8호선,2827,모란,827,N,8호선,8149,2824,단대오거리,824,N,12:32:30,12:33:00,,8140,상행,2025-05-01T05:00:00,,평일
8호선,2805,별내,804,,20250619,8호선,2827,모란,827,N,8호선,8149,2823,남한산성입구,823,N,12:34:10,12:34:40,,8140,상행,2025-05-01T05:00:00,,평일
8호선,2805,별내,804,,20250619,8호선,2827,모란,827,N,8호선,8149,2822,산성,822,N,12:36:50,12:37:20,,8140,상행,2025-05-01T05:00:00,,평일
8호선,2805,별내,804,,20250619,8호선,2827,모란,827,N,8호선,8149,2828,남위례,821,N,12:39:00,12:39:30,,8140,상행,2025-05-01T05:00:00,,평일
8호선,2805,별내,804,,20250619,8호선,2827,모란,827,N,8호선,8149,2821,복정,820,N,12:41:20,12:41:50,,8140,상행,2025-05-01T05:00:00,,평일
8호선,2805,별내,804,,20250619,8호선,2827,모란,827,N,8호선,8149,2820,장지,819,N,12:43:00,12:43:30,,8140,상행,2025-05-01T05:00:00,,평일
8호선,2805,별내,804,,20250619,8호선,2827,모란,827,N,8호선,8149,2819,문정,818,N,12:44:40,12:45:20,,8140,상행,2025-05-01T05:00:00,,평일
8호선,2805,별내,804,,20250619,8호선,2827,모란,827,N,8호선,8149,2818,가락시장,817,N,12:46:30,12:47:10,,8140,상행,2025-05-01T05:00:00,,평일
8호선,2805,별내,804,,20250619,8호선,2827,모란,827,N,8호선,8149,2817,송파,816,N,12:48:20,12:48:50,,8140,상행,2025-05-01T05:00:00,,평일
8호선,2805,별내,804,,20250619,8호선,2827,모란,827,N,8호선,8149,2816,석촌,815,N,12:50:00,12:50:30,,8140,상행,2025-05-01T05:00:00,,평일
8호선,2805,별내,804,,20250619,8호선,2827,모란,827,N,8호선,8149,2815,잠실,814,N,12:52:20,12:53:00,,8140,상행,2025-05-01T05:00:00,,평일
8호선,2805,별내,804,,20250619,8호선,2827,모란,827,N,8호선,8149,2814,몽촌토성,813,N,12:54:10,12:54:40,,8140,상행,2025-05-01T05:00:00,,평일
8호선,2805,별내,804,,20250619,8호선,2827,모란,827,N,8호선,8149,2813,강동구청,812,N,12:56:40,12:57:10,,8140,상행,2025-05-01T05:00:00,,평일
8호선,2805,별내,804,,20250619,8호선,2827,모란,827,N,8호선,8149,2812,천호,811,N,12:58:30,12:59:10,,8140,상행,2025-05-01T05:00:00,,평일
8호선,2805,별내,804,,20250619,8호선,2827,모란,827,N,8호선,8149,2811,암사,810,N,13:00:40,13:01:10,,8140,상행,2025-05-01T05:00:00,,평일
8호선,2805,별내,804,,20250619,8호선,2827,모란,827,N,8호선,8149,2810,암사역사공원,809,N,13:03:10,13:03:40,,8140,상행,2025-05-01T05:00:00,,평일
8호선,2805,별내,804,,20250619,8호선,2827,모란,827,N,8호선,8149,2809,장자호수공원,808,N,13:07:20,13:07:50,,8140,상행,2025-05-01T05:00:00,,평일
8호선,2805,별내,804,,20250619,8호선,2827,모란,827,N,8호선,8149,2808,구리,807,N,13:10:00,13:10:40,,8140,상행,2025-05-01T05:00:00,,평일
8호선,2805,별내,804,,20250619,8호선,2827,모란,827,N,8호선,8149,2807,동구릉,806,N,13:12:00,13:12:30,,8140,상행,2025-05-01T05:00:00,,평일
8호선,2805,별내,804,,20250619,8호선,2827,모란,827,N,8호선,8149,2806,다산,805,N,13:14:50,13:15:20,,8140,상행,2025-05-01T05:00:00,,평일
8호선,2805,별내,804,,20250619,8호선,2827,모란,827,N,8호선,8149,2805,별내,804,N,13:18:30,,,8140,상행,2025-05-01T05:00:00,,평일
8호선,2805,별내,804,,20250619,8호선,2827,모란,827,N,8호선,8151,2827,모란,827,N,,12:36:00,,8142,상행,2025-05-01T05:00:00,,평일
8호선,2805,별내,804,,20250619,8호선,2827,모란,827,N,8호선,8151,2826,수진,826,N,12:37:30,12:37:50,,8142,상행,2025-05-01T05:00:00,,평일
8호선,2805,별내,804,,20250619,8호선,2827,모란,827,N,8호선,8151,2825,신흥,825,N,12:39:00,12:39:20,,8142,상행,2025-05-01T05:00:00,,평일
8호선,2805,별내,804,,20250619,8호선,2827,모란,827,N,8호선,8151,2824,단대오거리,824,N,12:40:30,12:41:00,,8142,상행,2025-05-01T05:00:00,,평일
8호선,2805,별내,804,,20250619,8호선,2827,모란,827,N,8호선,8151,2823,남한산성입구,823,N,12:42:10,12:42:40,,8142,상행,2025-05-01T05:00:00,,평일
8호선,2805,별내,804,,20250619,8호선,2827,모란,827,N,8호선,8151,2822,산성,822,N,12:44:50,12:45:20,,8142,상행,2025-05-01T05:00:00,,평일
8호선,2805,별내,804,,20250619,8호선,2827,모란,827,N,8호선,8151,2828,남위례,821,N,12:47:00,12:47:30,,8142,상행,2025-05-01T05:00:00,,평일
8호선,2805,별내,804,,20250619,8호선,2827,모란,827,N,8호선,8151,2821,복정,820,N,12:49:20,12:49:50,,8142,상행,2025-05-01T05:00:00,,평일
8호선,2805,별내,804,,20250619,8호선,2827,모란,827,N,8호선,8151,2820,장지,819,N,12:51:00,12:51:30,,8142,상행,2025-05-01T05:00:00,,평일
8호선,2805,별내,804,,20250619,8호선,2827,모란,827,N,8호선,8151,2819,문정,818,N,12:52:40,12:53:20,,8142,상행,2025-05-01T05:00:00,,평일
8호선,2805,별내,804,,20250619,8호선,2827,모란,827,N,8호선,8151,2818,가락시장,817,N,12:54:30,12:55:10,,8142,상행,2025-05-01T05:00:00,,평일
8호선,2805,별내,804,,20250619,8호선,2827,모란,827,N,8호선,8151,2817,송파,816,N,12:56:20,12:56:50,,8142,상행,2025-05-01T05:00:00,,평일
8호선,2805,별내,804,,20250619,8호선,2827,모란,827,N,8호선,8151,2816,석촌,815,N,12:58:00,12:58:30,,8142,상행,2025-05-01T05:00:00,,평일
8호선,2805,별내,804,,20250619,8호선,2827,모란,827,N,8호선,8151,2815,잠실,814,N,13:00:20,13:01:00,,8142,상행,2025-05-01T05:00:00,,평일
8호선,2805,별내,804,,20250619,8호선,2827,모란,827,N,8호선,8151,2814,몽촌토성,813,N,13:02:10,13:02:40,,8142,상행,2025-05-01T05:00:00,,평일
8호선,2805,별내,804,,20250619,8호선,2827,모란,827,N,8호선,8151,2813,강동구청,812,N,13:04:40,13:05:10,,8142,상행,2025-05-01T05:00:00,,평일
8호선,2805,별내,804,,20250619,8호선,2827,모란,827,N,8호선,8151,2812,천호,811,N,13:06:30,13:07:10,,8142,상행,2025-05-01T05:00:00,,평일
8호선,2805,별내,804,,20250619,8호선,2827,모란,827,N,8호선,8151,2811,암사,810,N,13:08:40,13:09:10,,8142,상행,2025-05-01T05:00:00,,평일
8호선,2805,별내,804,,20250619,8호선,2827,모란,827,N,8호선,8151,2810,암사역사공원,809,N,13:11:10,13:11:40,,8142,상행,2025-05-01T05:00:00,,평일
8호선,2805,별내,804,,20250619,8호선,2827,모란,827,N,8호선,8151,2809,장자호수공원,808,N,13:15:20,13:15:50,,8142,상행,2025-05-01T05:00:00,,평일
8호선,2805,별내,804,,20250619,8호선,2827,모란,827,N,8호선,8151,2808,구리,807,N,13:18:00,13:18:40,,8142,상행,2025-05-01T05:00:00,,평일
8호선,2805,별내,804,,20250619,8호선,2827,모란,827,N,8호선,8151,2807,동구릉,806,N,13:20:00,13:20:30,,8142,상행,2025-05-01T05:00:00,,평일
8호선,2805,별내,804,,20250619,8호선,2827,모란,827,N,8호선,8151,2806,다산,805,N,13:22:50,13:23:20,,8142,상행,2025-05-01T05:00:00,,평일
8호선,2805,별내,804,,20250619,8호선,2827,모란,827,N,8호선,8151,2805,별내,804,N,13:26:30,,,8142,상행,2025-05-01T05:00:00,,평일
8호선,2805,별내,804,,20250619,8호선,2827,모란,827,N,8호선,8153,2827,모란,827,N,,12:44:00,,8144,상행,2025-05-01T05:00:00,,평일
8호선,2805,별내,804,,20250619,8호선,2827,모란,827,N,8호선,8153,2826,수진,826,N,12:45:30,12:45:50,,8144,상행,2025-05-01T05:00:00,,평일
8호선,2805,별내,804,,20250619,8호선,2827,모란,827,N,8호선,8153,2825,신흥,825,N,12:47:00,12:47:20,,8144,상행,2025-05-01T05:00:00,,평일
8호선,2805,별내,804,,20250619,8호선,2827,모란,827,N,8호선,8153,2824,단대오거리,824,N,12:48:30,12:49:00,,8144,상행,2025-05-01T05:00:00,,평일
8호선,2805,별내,804,,20250619,8호선,2827,모란,827,N,8호선,8153,2823,남한산성입구,823,N,12:50:10,12:50:40,,8144,상행,2025-05-01T05:00:00,,평일
8호선,2805,별내,804,,20250619,8호선,2827,모란,827,N,8호선,8153,2822,산성,822,N,12:52:50,12:53:20,,8144,상행,2025-05-01T05:00:00,,평일
8호선,2805,별내,804,,20250619,8호선,2827,모란,827,N,8호선,8153,2828,남위례,821,N,12:55:00,12:55:30,,8144,상행,2025-05-01T05:00:00,,평일
8호선,2805,별내,804,,20250619,8호선,2827,모란,827,N,8호선,8153,2821,복정,820,N,12:57:20,12:57:50,,8144,상행,2025-05-01T05:00:00,,평일
8호선,2805,별내,804,,20250619,8호선,2827,모란,827,N,8호선,8153,2820,장지,819,N,12:59:00,12:59:30,,8144,상행,2025-05-01T05:00:00,,평일
8호선,2805,별내,804,,20250619,8호선,2827,모란,827,N,8호선,8153,2819,문정,818,N,13:00:40,13:01:20,,8144,상행,2025-05-01T05:00:00,,평일
8호선,2805,별내,804,,20250619,8호선,2827,모란,827,N,8호선,8153,2818,가락시장,817,N,13:02:30,13:03:10,,8144,상행,2025-05-01T05:00:00,,평일
8호선,2805,별내,804,,20250619,8호선,2827,모란,827,N,8호선,8153,2817,송파,816,N,13:04:20,13:04:50,,8144,상행,2025-05-01T05:00:00,,평일
8호선,2805,별내,804,,20250619,8호선,2827,모란,827,N,8호선,8153,2816,석촌,815,N,13:06:00,13:06:30,,8144,상행,2025-05-01T05:00:00,,평일
8호선,2805,별내,804,,20250619,8호선,2827,모란,827,N,8호선,8153,2815,잠실,814,N,13:08:20,13:09:00,,8144,상행,2025-05-01T05:00:00,,평일
8호선,2805,별내,804,,20250619,8호선,2827,모란,827,N,8호선,8153,2814,몽촌토성,813,N,13:10:10,13:10:40,,8144,상행,2025-05-01T05:00:00,,평일
8호선,2805,별내,804,,20250619,8호선,2827,모란,827,N,8호선,8153,2813,강동구청,812,N,13:12:40,13:13:10,,8144,상행,2025-05-01T05:00:00,,평일
8호선,2805,별내,804,,20250619,8호선,2827,모란,827,N,8호선,8153,2812,천호,811,N,13:14:30,13:15:10,,8144,상행,2025-05-01T05:00:00,,평일
8호선,2805,별내,804,,20250619,8호선,2827,모란,827,N,8호선,8153,2811,암사,810,N,13:16:40,13:17:10,,8144,상행,2025-05-01T05:00:00,,평일
8호선,2805,별내,804,,20250619,8호선,2827,모란,827,N,8호선,8153,2810,암사역사공원,809,N,13:19:10,13:19:40,,8144,상행,2025-05-01T05:00:00,,평일
8호선,2805,별내,804,,20250619,8호선,2827,모란,827,N,8호선,8153,2809,장자호수공원,808,N,13:23:20,13:23:50,,8144,상행,2025-05-01T05:00:00,,평일
8호선,2805,별내,804,,20250619,8호선,2827,모란,827,N,8호선,8153,2808,구리,807,N,13:26:00,13:26:40,,8144,상행,2025-05-01T05:00:00,,평일
8호선,2805,별내,804,,20250619,8호선,2827,모란,827,N,8호선,8153,2807,동구릉,806,N,13:28:00,13:28:30,,8144,상행,2025-05-01T05:00:00,,평일
8호선,2805,별내,804,,20250619,8호선,2827,모란,827,N,8호선,8153,2806,다산,805,N,13:30:50,13:31:20,,8144,상행,2025-05-01T05:00:00,,평일
8호선,2805,별내,804,,20250619,8호선,2827,모란,827,N,8호선,8153,2805,별내,804,N,13:34:30,,,8144,상행,2025-05-01T05:00:00,,평일
8호선,2805,별내,804,,20250619,8호선,2827,모란,827,N,8호선,8155,2827,모란,827,N,,12:52:00,,8146,상행,2025-05-01T05:00:00,,평일
8호선,2805,별내,804,,20250619,8호선,2827,모란,827,N,8호선,8155,2826,수진,826,N,12:53:30,12:53:50,,8146,상행,2025-05-01T05:00:00,,평일
8호선,2805,별내,804,,20250619,8호선,2827,모란,827,N,8호선,8155,2825,신흥,825,N,12:55:00,12:55:20,,8146,상행,2025-05-01T05:00:00,,평일
8호선,2805,별내,804,,20250619,8호선,2827,모란,827,N,8호선,8155,2824,단대오거리,824,N,12:56:30,12:57:00,,8146,상행,2025-05-01T05:00:00,,평일
8호선,2805,별내,804,,20250619,8호선,2827,모란,827,N,8호선,8155,2823,남한산성입구,823,N,12:58:10,12:58:40,,8146,상행,2025-05-01T05:00:00,,평일
8호선,2805,별내,804,,20250619,8호선,2827,모란,827,N,8호선,8155,2822,산성,822,N,13:00:50,13:01:20,,8146,상행,2025-05-01T05:00:00,,평일
8호선,2805,별내,804,,20250619,8호선,2827,모란,827,N,8호선,8155,2828,남위례,821,N,13:03:00,13:03:30,,8146,상행,2025-05-01T05:00:00,,평일
8호선,2805,별내,804,,20250619,8호선,2827,모란,827,N,8호선,8155,2821,복정,820,N,13:05:20,13:05:50,,8146,상행,2025-05-01T05:00:00,,평일
8호선,2805,별내,804,,20250619,8호선,2827,모란,827,N,8호선,8155,2820,장지,819,N,13:07:00,13:07:30,,8146,상행,2025-05-01T05:00:00,,평일
8호선,2805,별내,804,,20250619,8호선,2827,모란,827,N,8호선,8155,2819,문정,818,N,13:08:40,13:09:20,,8146,상행,2025-05-01T05:00:00,,평일
8호선,2805,별내,804,,20250619,8호선,2827,모란,827,N,8호선,8155,2818,가락시장,817,N,13:10:30,13:11:10,,8146,상행,2025-05-01T05:00:00,,평일
8호선,2805,별내,804,,20250619,8호선,2827,모란,827,N,8호선,8155,2817,송파,816,N,13:12:20,13:12:50,,8146,상행,2025-05-01T05:00:00,,평일
8호선,2805,별내,804,,20250619,8호선,2827,모란,827,N,8호선,8155,2816,석촌,815,N,13:14:00,13:14:30,,8146,상행,2025-05-01T05:00:00,,평일
8호선,2805,별내,804,,20250619,8호선,2827,모란,827,N,8호선,8155,2815,잠실,814,N,13:16:20,13:17:00,,8146,상행,2025-05-01T05:00:00,,평일
8호선,2805,별내,804,,20250619,8호선,2827,모란,827,N,8호선,8155,2814,몽촌토성,813,N,13:18:10,13:18:40,,8146,상행,2025-05-01T05:00:00,,평일
8호선,2805,별내,804,,20250619,8호선,2827,모란,827,N,8호선,8155,2813,강동구청,812,N,13:20:40,13:21:10,,8146,상행,2025-05-01T05:00:00,,평일
8호선,2805,별내,804,,20250619,8호선,2827,모란,827,N,8호선,8155,2812,천호,811,N,13:22:30,13:23:10,,8146,상행,2025-05-01T05:00:00,,평일
8호선,2805,별내,804,,20250619,8호선,2827,모란,827,N,8호선,8155,2811,암사,810,N,13:24:40,13:25:10,,8146,상행,2025-05-01T05:00:00,,평일
8호선,2805,별내,804,,20250619,8호선,2827,모란,827,N,8호선,8155,2810,암사역사공원,809,N,13:27:10,13:27:40,,8146,상행,2025-05-01T05:00:00,,평일
8호선,2805,별내,804,,20250619,8호선,2827,모란,827,N,8호선,8155,2809,장자호수공원,808,N,13:31:20,13:31:50,,8146,상행,2025-05-01T05:00:00,,평일
8호선,2805,별내,804,,20250619,8호선,2827,모란,827,N,8호선,8155,2808,구리,807,N,13:34:00,13:34:40,,8146,상행,2025-05-01T05:00:00,,평일
8호선,2805,별내,804,,20250619,8호선,2827,모란,827,N,8호선,8155,2807,동구릉,806,N,13:36:00,13:36:30,,8146,상행,2025-05-01T05:00:00,,평일
8호선,2805,별내,804,,20250619,8호선,2827,모란,827,N,8호선,8155,2806,다산,805,N,13:38:50,13:39:20,,8146,상행,2025-05-01T05:00:00,,평일
8호선,2805,별내,804,,20250619,8호선,2827,모란,827,N,8호선,8155,2805,별내,804,N,13:42:30,,,8146,상행,2025-05-01T05:00:00,,평일
8호선,2805,별내,804,,20250619,8호선,2827,모란,827,N,8호선,8157,2827,모란,827,N,,13:00:00,,8148,상행,2025-05-01T05:00:00,,평일
8호선,2805,별내,804,,20250619,8호선,2827,모란,827,N,8호선,8157,2826,수진,826,N,13:01:30,13:01:50,,8148,상행,2025-05-01T05:00:00,,평일
8호선,2805,별내,804,,20250619,8호선,2827,모란,827,N,8호선,8157,2825,신흥,825,N,13:03:00,13:03:20,,8148,상행,2025-05-01T05:00:00,,평일
8호선,2805,별내,804,,20250619,8호선,2827,모란,827,N,8호선,8157,2824,단대오거리,824,N,13:04:30,13:05:00,,8148,상행,2025-05-01T05:00:00,,평일
8호선,2805,별내,804,,20250619,8호선,2827,모란,827,N,8호선,8157,2823,남한산성입구,823,N,13:06:10,13:06:40,,8148,상행,2025-05-01T05:00:00,,평일
8호선,2805,별내,804,,20250619,8호선,2827,모란,827,N,8호선,8157,2822,산성,822,N,13:08:50,13:09:20,,8148,상행,2025-05-01T05:00:00,,평일
8호선,2805,별내,804,,20250619,8호선,2827,모란,827,N,8호선,8157,2828,남위례,821,N,13:11:00,13:11:30,,8148,상행,2025-05-01T05:00:00,,평일
8호선,2805,별내,804,,20250619,8호선,2827,모란,827,N,8호선,8157,2821,복정,820,N,13:13:20,13:13:50,,8148,상행,2025-05-01T05:00:00,,평일
8호선,2805,별내,804,,20250619,8호선,2827,모란,827,N,8호선,8157,2820,장지,819,N,13:15:00,13:15:30,,8148,상행,2025-05-01T05:00:00,,평일
8호선,2805,별내,804,,20250619,8호선,2827,모란,827,N,8호선,8157,2819,문정,818,N,13:16:40,13:17:20,,8148,상행,2025-05-01T05:00:00,,평일
8호선,2805,별내,804,,20250619,8호선,2827,모란,827,N,8호선,8157,2818,가락시장,817,N,13:18:30,13:19:10,,8148,상행,2025-05-01T05:00:00,,평일
8호선,2805,별내,804,,20250619,8호선,2827,모란,827,N,8호선,8157,2817,송파,816,N,13:20:20,13:20:50,,8148,상행,2025-05-01T05:00:00,,평일
8호선,2805,별내,804,,20250619,8호선,2827,모란,827,N,8호선,8157,2816,석촌,815,N,13:22:00,13:22:30,,8148,상행,2025-05-01T05:00:00,,평일
8호선,2805,별내,804,,20250619,8호선,2827,모란,827,N,8호선,8157,2815,잠실,814,N,13:24:20,13:25:00,,8148,상행,2025-05-01T05:00:00,,평일
8호선,2805,별내,804,,20250619,8호선,2827,모란,827,N,8호선,8157,2814,몽촌토성,813,N,13:26:10,13:26:40,,8148,상행,2025-05-01T05:00:00,,평일
8호선,2805,별내,804,,20250619,8호선,2827,모란,827,N,8호선,8157,2813,강동구청,812,N,13:28:40,13:29:10,,8148,상행,2025-05-01T05:00:00,,평일
8호선,2805,별내,804,,20250619,8호선,2827,모란,827,N,8호선,8157,2812,천호,811,N,13:30:30,13:31:10,,8148,상행,2025-05-01T05:00:00,,평일
8호선,2805,별내,804,,20250619,8호선,2827,모란,827,N,8호선,8157,2811,암사,810,N,13:32:40,13:33:10,,8148,상행,2025-05-01T05:00:00,,평일
8호선,2805,별내,804,,20250619,8호선,2827,모란,827,N,8호선,8157,2810,암사역사공원,809,N,13:35:10,13:35:40,,8148,상행,2025-05-01T05:00:00,,평일
8호선,2805,별내,804,,20250619,8호선,2827,모란,827,N,8호선,8157,2809,장자호수공원,808,N,13:39:20,13:39:50,,8148,상행,2025-05-01T05:00:00,,평일
8호선,2805,별내,804,,20250619,8호선,2827,모란,827,N,8호선,8157,2808,구리,807,N,13:42:00,13:42:40,,8148,상행,2025-05-01T05:00:00,,평일
8호선,2805,별내,804,,20250619,8호선,2827,모란,827,N,8호선,8157,2807,동구릉,806,N,13:44:00,13:44:30,,8148,상행,2025-05-01T05:00:00,,평일
8호선,2805,별내,804,,20250619,8호선,2827,모란,827,N,8호선,8157,2806,다산,805,N,13:46:50,13:47:20,,8148,상행,2025-05-01T05:00:00,,평일
8호선,2805,별내,804,,20250619,8호선,2827,모란,827,N,8호선,8157,2805,별내,804,N,13:50:30,,,8148,상행,2025-05-01T05:00:00,,평일
8호선,2805,별내,804,,20250619,8호선,2827,모란,827,N,8호선,8159,2827,모란,827,N,,13:08:00,,8150,상행,2025-05-01T05:00:00,,평일
8호선,2805,별내,804,,20250619,8호선,2827,모란,827,N,8호선,8159,2826,수진,826,N,13:09:30,13:09:50,,8150,상행,2025-05-01T05:00:00,,평일
8호선,2805,별내,804,,20250619,8호선,2827,모란,827,N,8호선,8159,2825,신흥,825,N,13:11:00,13:11:20,,8150,상행,2025-05-01T05:00:00,,평일
8호선,2805,별내,804,,20250619,8호선,2827,모란,827,N,8호선,8159,2824,단대오거리,824,N,13:12:30,13:13:00,,8150,상행,2025-05-01T05:00:00,,평일
8호선,2805,별내,804,,20250619,8호선,2827,모란,827,N,8호선,8159,2823,남한산성입구,823,N,13:14:10,13:14:40,,8150,상행,2025-05-01T05:00:00,,평일
8호선,2805,별내,804,,20250619,8호선,2827,모란,827,N,8호선,8159,2822,산성,822,N,13:16:50,13:17:20,,8150,상행,2025-05-01T05:00:00,,평일
8호선,2805,별내,804,,20250619,8호선,2827,모란,827,N,8호선,8159,2828,남위례,821,N,13:19:00,13:19:30,,8150,상행,2025-05-01T05:00:00,,평일
8호선,2805,별내,804,,20250619,8호선,2827,모란,827,N,8호선,8159,2821,복정,820,N,13:21:20,13:21:50,,8150,상행,2025-05-01T05:00:00,,평일
8호선,2805,별내,804,,20250619,8호선,2827,모란,827,N,8호선,8159,2820,장지,819,N,13:23:00,13:23:30,,8150,상행,2025-05-01T05:00:00,,평일
8호선,2805,별내,804,,20250619,8호선,2827,모란,827,N,8호선,8159,2819,문정,818,N,13:24:40,13:25:20,,8150,상행,2025-05-01T05:00:00,,평일
8호선,2805,별내,804,,20250619,8호선,2827,모란,827,N,8호선,8159,2818,가락시장,817,N,13:26:30,13:27:10,,8150,상행,2025-05-01T05:00:00,,평일
8호선,2805,별내,804,,20250619,8호선,2827,모란,827,N,8호선,8159,2817,송파,816,N,13:28:20,13:28:50,,8150,상행,2025-05-01T05:00:00,,평일
8호선,2805,별내,804,,20250619,8호선,2827,모란,827,N,8호선,8159,2816,석촌,815,N,13:30:00,13:30:30,,8150,상행,2025-05-01T05:00:00,,평일
8호선,2805,별내,804,,20250619,8호선,2827,모란,827,N,8호선,8159,2815,잠실,814,N,13:32:20,13:33:00,,8150,상행,2025-05-01T05:00:00,,평일
8호선,2805,별내,804,,20250619,8호선,2827,모란,827,N,8호선,8159,2814,몽촌토성,813,N,13:34:10,13:34:40,,8150,상행,2025-05-01T05:00:00,,평일
8호선,2805,별내,804,,20250619,8호선,2827,모란,827,N,8호선,8159,2813,강동구청,812,N,13:36:40,13:37:10,,8150,상행,2025-05-01T05:00:00,,평일
8호선,2805,별내,804,,20250619,8호선,2827,모란,827,N,8호선,8159,2812,천호,811,N,13:38:30,13:39:10,,8150,상행,2025-05-01T05:00:00,,평일
8호선,2805,별내,804,,20250619,8호선,2827,모란,827,N,8호선,8159,2811,암사,810,N,13:40:40,13:41:10,,8150,상행,2025-05-01T05:00:00,,평일
8호선,2805,별내,804,,20250619,8호선,2827,모란,827,N,8호선,8159,2810,암사역사공원,809,N,13:43:10,13:43:40,,8150,상행,2025-05-01T05:00:00,,평일
8호선,2805,별내,804,,20250619,8호선,2827,모란,827,N,8호선,8159,2809,장자호수공원,808,N,13:47:20,13:47:50,,8150,상행,2025-05-01T05:00:00,,평일
8호선,2805,별내,804,,20250619,8호선,2827,모란,827,N,8호선,8159,2808,구리,807,N,13:50:00,13:50:40,,8150,상행,2025-05-01T05:00:00,,평일
8호선,2805,별내,804,,20250619,8호선,2827,모란,827,N,8호선,8159,2807,동구릉,806,N,13:52:00,13:52:30,,8150,상행,2025-05-01T05:00:00,,평일
8호선,2805,별내,804,,20250619,8호선,2827,모란,827,N,8호선,8159,2806,다산,805,N,13:54:50,13:55:20,,8150,상행,2025-05-01T05:00:00,,평일
8호선,2805,별내,804,,20250619,8호선,2827,모란,827,N,8호선,8159,2805,별내,804,N,13:58:30,,,8150,상행,2025-05-01T05:00:00,,평일
8호선,2805,별내,804,,20250619,8호선,2827,모란,827,N,8호선,8161,2827,모란,827,N,,13:16:00,,8152,상행,2025-05-01T05:00:00,,평일
8호선,2805,별내,804,,20250619,8호선,2827,모란,827,N,8호선,8161,2826,수진,826,N,13:17:30,13:17:50,,8152,상행,2025-05-01T05:00:00,,평일
8호선,2805,별내,804,,20250619,8호선,2827,모란,827,N,8호선,8161,2825,신흥,825,N,13:19:00,13:19:20,,8152,상행,2025-05-01T05:00:00,,평일
8호선,2805,별내,804,,20250619,8호선,2827,모란,827,N,8호선,8161,2824,단대오거리,824,N,13:20:30,13:21:00,,8152,상행,2025-05-01T05:00:00,,평일
8호선,2805,별내,804,,20250619,8호선,2827,모란,827,N,8호선,8161,2823,남한산성입구,823,N,13:22:10,13:22:40,,8152,상행,2025-05-01T05:00:00,,평일
8호선,2805,별내,804,,20250619,8호선,2827,모란,827,N,8호선,8161,2822,산성,822,N,13:24:50,13:25:20,,8152,상행,2025-05-01T05:00:00,,평일
8호선,2805,별내,804,,20250619,8호선,2827,모란,827,N,8호선,8161,2828,남위례,821,N,13:27:00,13:27:30,,8152,상행,2025-05-01T05:00:00,,평일
8호선,2805,별내,804,,20250619,8호선,2827,모란,827,N,8호선,8161,2821,복정,820,N,13:29:20,13:29:50,,8152,상행,2025-05-01T05:00:00,,평일
8호선,2805,별내,804,,20250619,8호선,2827,모란,827,N,8호선,8161,2820,장지,819,N,13:31:00,13:31:30,,8152,상행,2025-05-01T05:00:00,,평일
8호선,2805,별내,804,,20250619,8호선,2827,모란,827,N,8호선,8161,2819,문정,818,N,13:32:40,13:33:20,,8152,상행,2025-05-01T05:00:00,,평일
8호선,2805,별내,804,,20250619,8호선,2827,모란,827,N,8호선,8161,2818,가락시장,817,N,13:34:30,13:35:10,,8152,상행,2025-05-01T05:00:00,,평일
8호선,2805,별내,804,,20250619,8호선,2827,모란,827,N,8호선,8161,2817,송파,816,N,13:36:20,13:36:50,,8152,상행,2025-05-01T05:00:00,,평일
8호선,2805,별내,804,,20250619,8호선,2827,모란,827,N,8호선,8161,2816,석촌,815,N,13:38:00,13:38:30,,8152,상행,2025-05-01T05:00:00,,평일
8호선,2805,별내,804,,20250619,8호선,2827,모란,827,N,8호선,8161,2815,잠실,814,N,13:40:20,13:41:00,,8152,상행,2025-05-01T05:00:00,,평일
8호선,2805,별내,804,,20250619,8호선,2827,모란,827,N,8호선,8161,2814,몽촌토성,813,N,13:42:10,13:42:40,,8152,상행,2025-05-01T05:00:00,,평일
8호선,2805,별내,804,,20250619,8호선,2827,모란,827,N,8호선,8161,2813,강동구청,812,N,13:44:40,13:45:10,,8152,상행,2025-05-01T05:00:00,,평일
8호선,2805,별내,804,,20250619,8호선,2827,모란,827,N,8호선,8161,2812,천호,811,N,13:46:30,13:47:10,,8152,상행,2025-05-01T05:00:00,,평일
8호선,2805,별내,804,,20250619,8호선,2827,모란,827,N,8호선,8161,2811,암사,810,N,13:48:40,13:49:10,,8152,상행,2025-05-01T05:00:00,,평일
8호선,2805,별내,804,,20250619,8호선,2827,모란,827,N,8호선,8161,2810,암사역사공원,809,N,13:51:10,13:51:40,,8152,상행,2025-05-01T05:00:00,,평일
8호선,2805,별내,804,,20250619,8호선,2827,모란,827,N,8호선,8161,2809,장자호수공원,808,N,13:55:20,13:55:50,,8152,상행,2025-05-01T05:00:00,,평일
8호선,2805,별내,804,,20250619,8호선,2827,모란,827,N,8호선,8161,2808,구리,807,N,13:58:00,13:58:40,,8152,상행,2025-05-01T05:00:00,,평일
8호선,2805,별내,804,,20250619,8호선,2827,모란,827,N,8호선,8161,2807,동구릉,806,N,14:00:00,14:00:30,,8152,상행,2025-05-01T05:00:00,,평일
8호선,2805,별내,804,,20250619,8호선,2827,모란,827,N,8호선,8161,2806,다산,805,N,14:02:50,14:03:20,,8152,상행,2025-05-01T05:00:00,,평일
8호선,2805,별내,804,,20250619,8호선,2827,모란,827,N,8호선,8161,2805,별내,804,N,14:06:30,,,8152,상행,2025-05-01T05:00:00,,평일
8호선,2805,별내,804,,20250619,8호선,2827,모란,827,N,8호선,8163,2827,모란,827,N,,13:24:00,,8154,상행,2025-05-01T05:00:00,,평일
8호선,2805,별내,804,,20250619,8호선,2827,모란,827,N,8호선,8163,2826,수진,826,N,13:25:30,13:25:50,,8154,상행,2025-05-01T05:00:00,,평일
8호선,2805,별내,804,,20250619,8호선,2827,모란,827,N,8호선,8163,2825,신흥,825,N,13:27:00,13:27:20,,8154,상행,2025-05-01T05:00:00,,평일
8호선,2805,별내,804,,20250619,8호선,2827,모란,827,N,8호선,8163,2824,단대오거리,824,N,13:28:30,13:29:00,,8154,상행,2025-05-01T05:00:00,,평일
8호선,2805,별내,804,,20250619,8호선,2827,모란,827,N,8호선,8163,2823,남한산성입구,823,N,13:30:10,13:30:40,,8154,상행,2025-05-01T05:00:00,,평일
8호선,2805,별내,804,,20250619,8호선,2827,모란,827,N,8호선,8163,2822,산성,822,N,13:32:50,13:33:20,,8154,상행,2025-05-01T05:00:00,,평일
8호선,2805,별내,804,,20250619,8호선,2827,모란,827,N,8호선,8163,2828,남위례,821,N,13:35:00,13:35:30,,8154,상행,2025-05-01T05:00:00,,평일
8호선,2805,별내,804,,20250619,8호선,2827,모란,827,N,8호선,8163,2821,복정,820,N,13:37:20,13:37:50,,8154,상행,2025-05-01T05:00:00,,평일
8호선,2805,별내,804,,20250619,8호선,2827,모란,827,N,8호선,8163,2820,장지,819,N,13:39:00,13:39:30,,8154,상행,2025-05-01T05:00:00,,평일
8호선,2805,별내,804,,20250619,8호선,2827,모란,827,N,8호선,8163,2819,문정,818,N,13:40:40,13:41:20,,8154,상행,2025-05-01T05:00:00,,평일
8호선,2805,별내,804,,20250619,8호선,2827,모란,827,N,8호선,8163,2818,가락시장,817,N,13:42:30,13:43:10,,8154,상행,2025-05-01T05:00:00,,평일
8호선,2805,별내,804,,20250619,8호선,2827,모란,827,N,8호선,8163,2817,송파,816,N,13:44:20,13:44:50,,8154,상행,2025-05-01T05:00:00,,평일
8호선,2805,별내,804,,20250619,8호선,2827,모란,827,N,8호선,8163,2816,석촌,815,N,13:46:00,13:46:30,,8154,상행,2025-05-01T05:00:00,,평일
8호선,2805,별내,804,,20250619,8호선,2827,모란,827,N,8호선,8163,2815,잠실,814,N,13:48:20,13:49:00,,8154,상행,2025-05-01T05:00:00,,평일
8호선,2805,별내,804,,20250619,8호선,2827,모란,827,N,8호선,8163,2814,몽촌토성,813,N,13:50:10,13:50:40,,8154,상행,2025-05-01T05:00:00,,평일
8호선,2805,별내,804,,20250619,8호선,2827,모란,827,N,8호선,8163,2813,강동구청,812,N,13:52:40,13:53:10,,8154,상행,2025-05-01T05:00:00,,평일
8호선,2805,별내,804,,20250619,8호선,2827,모란,827,N,8호선,8163,2812,천호,811,N,13:54:30,13:55:10,,8154,상행,2025-05-01T05:00:00,,평일
8호선,2805,별내,804,,20250619,8호선,2827,모란,827,N,8호선,8163,2811,암사,810,N,13:56:40,13:57:10,,8154,상행,2025-05-01T05:00:00,,평일
8호선,2805,별내,804,,20250619,8호선,2827,모란,827,N,8호선,8163,2810,암사역사공원,809,N,13:59:10,13:59:40,,8154,상행,2025-05-01T05:00:00,,평일
8호선,2805,별내,804,,20250619,8호선,2827,모란,827,N,8호선,8163,2809,장자호수공원,808,N,14:03:20,14:03:50,,8154,상행,2025-05-01T05:00:00,,평일
8호선,2805,별내,804,,20250619,8호선,2827,모란,827,N,8호선,8163,2808,구리,807,N,14:06:00,14:06:40,,8154,상행,2025-05-01T05:00:00,,평일
8호선,2805,별내,804,,20250619,8호선,2827,모란,827,N,8호선,8163,2807,동구릉,806,N,14:08:00,14:08:30,,8154,상행,2025-05-01T05:00:00,,평일
8호선,2805,별내,804,,20250619,8호선,2827,모란,827,N,8호선,8163,2806,다산,805,N,14:10:50,14:11:20,,8154,상행,2025-05-01T05:00:00,,평일
8호선,2805,별내,804,,20250619,8호선,2827,모란,827,N,8호선,8163,2805,별내,804,N,14:14:30,,,8154,상행,2025-05-01T05:00:00,,평일
8호선,2805,별내,804,,20250619,8호선,2827,모란,827,N,8호선,8165,2827,모란,827,N,,13:32:00,,8156,상행,2025-05-01T05:00:00,,평일
8호선,2805,별내,804,,20250619,8호선,2827,모란,827,N,8호선,8165,2826,수진,826,N,13:33:30,13:33:50,,8156,상행,2025-05-01T05:00:00,,평일
8호선,2805,별내,804,,20250619,8호선,2827,모란,827,N,8호선,8165,2825,신흥,825,N,13:35:00,13:35:20,,8156,상행,2025-05-01T05:00:00,,평일
8호선,2805,별내,804,,20250619,8호선,2827,모란,827,N,8호선,8165,2824,단대오거리,824,N,13:36:30,13:37:00,,8156,상행,2025-05-01T05:00:00,,평일
8호선,2805,별내,804,,20250619,8호선,2827,모란,827,N,8호선,8165,2823,남한산성입구,823,N,13:38:10,13:38:40,,8156,상행,2025-05-01T05:00:00,,평일
8호선,2805,별내,804,,20250619,8호선,2827,모란,827,N,8호선,8165,2822,산성,822,N,13:40:50,13:41:20,,8156,상행,2025-05-01T05:00:00,,평일
8호선,2805,별내,804,,20250619,8호선,2827,모란,827,N,8호선,8165,2828,남위례,821,N,13:43:00,13:43:30,,8156,상행,2025-05-01T05:00:00,,평일
8호선,2805,별내,804,,20250619,8호선,2827,모란,827,N,8호선,8165,2821,복정,820,N,13:45:20,13:45:50,,8156,상행,2025-05-01T05:00:00,,평일
8호선,2805,별내,804,,20250619,8호선,2827,모란,827,N,8호선,8165,2820,장지,819,N,13:47:00,13:47:30,,8156,상행,2025-05-01T05:00:00,,평일
8호선,2805,별내,804,,20250619,8호선,2827,모란,827,N,8호선,8165,2819,문정,818,N,13:48:40,13:49:20,,8156,상행,2025-05-01T05:00:00,,평일
8호선,2805,별내,804,,20250619,8호선,2827,모란,827,N,8호선,8165,2818,가락시장,817,N,13:50:30,13:51:10,,8156,상행,2025-05-01T05:00:00,,평일
8호선,2805,별내,804,,20250619,8호선,2827,모란,827,N,8호선,8165,2817,송파,816,N,13:52:20,13:52:50,,8156,상행,2025-05-01T05:00:00,,평일
8호선,2805,별내,804,,20250619,8호선,2827,모란,827,N,8호선,8165,2816,석촌,815,N,13:54:00,13:54:30,,8156,상행,2025-05-01T05:00:00,,평일
8호선,2805,별내,804,,20250619,8호선,2827,모란,827,N,8호선,8165,2815,잠실,814,N,13:56:20,13:57:00,,8156,상행,2025-05-01T05:00:00,,평일
8호선,2805,별내,804,,20250619,8호선,2827,모란,827,N,8호선,8165,2814,몽촌토성,813,N,13:58:10,13:58:40,,8156,상행,2025-05-01T05:00:00,,평일
8호선,2805,별내,804,,20250619,8호선,2827,모란,827,N,8호선,8165,2813,강동구청,812,N,14:00:40,14:01:10,,8156,상행,2025-05-01T05:00:00,,평일
8호선,2805,별내,804,,20250619,8호선,2827,모란,827,N,8호선,8165,2812,천호,811,N,14:02:30,14:03:10,,8156,상행,2025-05-01T05:00:00,,평일
8호선,2805,별내,804,,20250619,8호선,2827,모란,827,N,8호선,8165,2811,암사,810,N,14:04:40,14:05:10,,8156,상행,2025-05-01T05:00:00,,평일
8호선,2805,별내,804,,20250619,8호선,2827,모란,827,N,8호선,8165,2810,암사역사공원,809,N,14:07:10,14:07:40,,8156,상행,2025-05-01T05:00:00,,평일
8호선,2805,별내,804,,20250619,8호선,2827,모란,827,N,8호선,8165,2809,장자호수공원,808,N,14:11:20,14:11:50,,8156,상행,2025-05-01T05:00:00,,평일
8호선,2805,별내,804,,20250619,8호선,2827,모란,827,N,8호선,8165,2808,구리,807,N,14:14:00,14:14:40,,8156,상행,2025-05-01T05:00:00,,평일
8호선,2805,별내,804,,20250619,8호선,2827,모란,827,N,8호선,8165,2807,동구릉,806,N,14:16:00,14:16:30,,8156,상행,2025-05-01T05:00:00,,평일
8호선,2805,별내,804,,20250619,8호선,2827,모란,827,N,8호선,8165,2806,다산,805,N,14:18:50,14:19:20,,8156,상행,2025-05-01T05:00:00,,평일
8호선,2805,별내,804,,20250619,8호선,2827,모란,827,N,8호선,8165,2805,별내,804,N,14:22:30,,,8156,상행,2025-05-01T05:00:00,,평일
8호선,2805,별내,804,,20250619,8호선,2827,모란,827,N,8호선,8167,2827,모란,827,N,,13:40:00,,8158,상행,2025-05-01T05:00:00,,평일
8호선,2805,별내,804,,20250619,8호선,2827,모란,827,N,8호선,8167,2826,수진,826,N,13:41:30,13:41:50,,8158,상행,2025-05-01T05:00:00,,평일
8호선,2805,별내,804,,20250619,8호선,2827,모란,827,N,8호선,8167,2825,신흥,825,N,13:43:00,13:43:20,,8158,상행,2025-05-01T05:00:00,,평일
8호선,2805,별내,804,,20250619,8호선,2827,모란,827,N,8호선,8167,2824,단대오거리,824,N,13:44:30,13:45:00,,8158,상행,2025-05-01T05:00:00,,평일
8호선,2805,별내,804,,20250619,8호선,2827,모란,827,N,8호선,8167,2823,남한산성입구,823,N,13:46:10,13:46:40,,8158,상행,2025-05-01T05:00:00,,평일
8호선,2805,별내,804,,20250619,8호선,2827,모란,827,N,8호선,8167,2822,산성,822,N,13:48:50,13:49:20,,8158,상행,2025-05-01T05:00:00,,평일
8호선,2805,별내,804,,20250619,8호선,2827,모란,827,N,8호선,8167,2828,남위례,821,N,13:51:00,13:51:30,,8158,상행,2025-05-01T05:00:00,,평일
8호선,2805,별내,804,,20250619,8호선,2827,모란,827,N,8호선,8167,2821,복정,820,N,13:53:20,13:53:50,,8158,상행,2025-05-01T05:00:00,,평일
8호선,2805,별내,804,,20250619,8호선,2827,모란,827,N,8호선,8167,2820,장지,819,N,13:55:00,13:55:30,,8158,상행,2025-05-01T05:00:00,,평일
8호선,2805,별내,804,,20250619,8호선,2827,모란,827,N,8호선,8167,2819,문정,818,N,13:56:40,13:57:20,,8158,상행,2025-05-01T05:00:00,,평일
8호선,2805,별내,804,,20250619,8호선,2827,모란,827,N,8호선,8167,2818,가락시장,817,N,13:58:30,13:59:10,,8158,상행,2025-05-01T05:00:00,,평일
8호선,2805,별내,804,,20250619,8호선,2827,모란,827,N,8호선,8167,2817,송파,816,N,14:00:20,14:00:50,,8158,상행,2025-05-01T05:00:00,,평일
8호선,2805,별내,804,,20250619,8호선,2827,모란,827,N,8호선,8167,2816,석촌,815,N,14:02:00,14:02:30,,8158,상행,2025-05-01T05:00:00,,평일
8호선,2805,별내,804,,20250619,8호선,2827,모란,827,N,8호선,8167,2815,잠실,814,N,14:04:20,14:05:00,,8158,상행,2025-05-01T05:00:00,,평일
8호선,2805,별내,804,,20250619,8호선,2827,모란,827,N,8호선,8167,2814,몽촌토성,813,N,14:06:10,14:06:40,,8158,상행,2025-05-01T05:00:00,,평일
8호선,2805,별내,804,,20250619,8호선,2827,모란,827,N,8호선,8167,2813,강동구청,812,N,14:08:40,14:09:10,,8158,상행,2025-05-01T05:00:00,,평일
8호선,2805,별내,804,,20250619,8호선,2827,모란,827,N,8호선,8167,2812,천호,811,N,14:10:30,14:11:10,,8158,상행,2025-05-01T05:00:00,,평일
8호선,2805,별내,804,,20250619,8호선,2827,모란,827,N,8호선,8167,2811,암사,810,N,14:12:40,14:13:10,,8158,상행,2025-05-01T05:00:00,,평일
8호선,2805,별내,804,,20250619,8호선,2827,모란,827,N,8호선,8167,2810,암사역사공원,809,N,14:15:10,14:15:40,,8158,상행,2025-05-01T05:00:00,,평일
8호선,2805,별내,804,,20250619,8호선,2827,모란,827,N,8호선,8167,2809,장자호수공원,808,N,14:19:20,14:19:50,,8158,상행,2025-05-01T05:00:00,,평일
8호선,2805,별내,804,,20250619,8호선,2827,모란,827,N,8호선,8167,2808,구리,807,N,14:22:00,14:22:40,,8158,상행,2025-05-01T05:00:00,,평일
8호선,2805,별내,804,,20250619,8호선,2827,모란,827,N,8호선,8167,2807,동구릉,806,N,14:24:00,14:24:30,,8158,상행,2025-05-01T05:00:00,,평일
8호선,2805,별내,804,,20250619,8호선,2827,모란,827,N,8호선,8167,2806,다산,805,N,14:26:50,14:27:20,,8158,상행,2025-05-01T05:00:00,,평일
8호선,2805,별내,804,,20250619,8호선,2827,모란,827,N,8호선,8167,2805,별내,804,N,14:30:30,,,8158,상행,2025-05-01T05:00:00,,평일
8호선,2805,별내,804,,20250619,8호선,2827,모란,827,N,8호선,8169,2827,모란,827,N,,13:48:00,,8160,상행,2025-05-01T05:00:00,,평일
8호선,2805,별내,804,,20250619,8호선,2827,모란,827,N,8호선,8169,2826,수진,826,N,13:49:30,13:49:50,,8160,상행,2025-05-01T05:00:00,,평일
8호선,2805,별내,804,,20250619,8호선,2827,모란,827,N,8호선,8169,2825,신흥,825,N,13:51:00,13:51:20,,8160,상행,2025-05-01T05:00:00,,평일
8호선,2805,별내,804,,20250619,8호선,2827,모란,827,N,8호선,8169,2824,단대오거리,824,N,13:52:30,13:53:00,,8160,상행,2025-05-01T05:00:00,,평일
8호선,2805,별내,804,,20250619,8호선,2827,모란,827,N,8호선,8169,2823,남한산성입구,823,N,13:54:10,13:54:40,,8160,상행,2025-05-01T05:00:00,,평일
8호선,2805,별내,804,,20250619,8호선,2827,모란,827,N,8호선,8169,2822,산성,822,N,13:56:50,13:57:20,,8160,상행,2025-05-01T05:00:00,,평일
8호선,2805,별내,804,,20250619,8호선,2827,모란,827,N,8호선,8169,2828,남위례,821,N,13:59:00,13:59:30,,8160,상행,2025-05-01T05:00:00,,평일
8호선,2805,별내,804,,20250619,8호선,2827,모란,827,N,8호선,8169,2821,복정,820,N,14:01:20,14:01:50,,8160,상행,2025-05-01T05:00:00,,평일
8호선,2805,별내,804,,20250619,8호선,2827,모란,827,N,8호선,8169,2820,장지,819,N,14:03:00,14:03:30,,8160,상행,2025-05-01T05:00:00,,평일
8호선,2805,별내,804,,20250619,8호선,2827,모란,827,N,8호선,8169,2819,문정,818,N,14:04:40,14:05:20,,8160,상행,2025-05-01T05:00:00,,평일
8호선,2805,별내,804,,20250619,8호선,2827,모란,827,N,8호선,8169,2818,가락시장,817,N,14:06:30,14:07:10,,8160,상행,2025-05-01T05:00:00,,평일
8호선,2805,별내,804,,20250619,8호선,2827,모란,827,N,8호선,8169,2817,송파,816,N,14:08:20,14:08:50,,8160,상행,2025-05-01T05:00:00,,평일
8호선,2805,별내,804,,20250619,8호선,2827,모란,827,N,8호선,8169,2816,석촌,815,N,14:10:00,14:10:30,,8160,상행,2025-05-01T05:00:00,,평일
8호선,2805,별내,804,,20250619,8호선,2827,모란,827,N,8호선,8169,2815,잠실,814,N,14:12:20,14:13:00,,8160,상행,2025-05-01T05:00:00,,평일
8호선,2805,별내,804,,20250619,8호선,2827,모란,827,N,8호선,8169,2814,몽촌토성,813,N,14:14:10,14:14:40,,8160,상행,2025-05-01T05:00:00,,평일
8호선,2805,별내,804,,20250619,8호선,2827,모란,827,N,8호선,8169,2813,강동구청,812,N,14:16:40,14:17:10,,8160,상행,2025-05-01T05:00:00,,평일
8호선,2805,별내,804,,20250619,8호선,2827,모란,827,N,8호선,8169,2812,천호,811,N,14:18:30,14:19:10,,8160,상행,2025-05-01T05:00:00,,평일
8호선,2805,별내,804,,20250619,8호선,2827,모란,827,N,8호선,8169,2811,암사,810,N,14:20:40,14:21:10,,8160,상행,2025-05-01T05:00:00,,평일
8호선,2805,별내,804,,20250619,8호선,2827,모란,827,N,8호선,8169,2810,암사역사공원,809,N,14:23:10,14:23:40,,8160,상행,2025-05-01T05:00:00,,평일
8호선,2805,별내,804,,20250619,8호선,2827,모란,827,N,8호선,8169,2809,장자호수공원,808,N,14:27:20,14:27:50,,8160,상행,2025-05-01T05:00:00,,평일
8호선,2805,별내,804,,20250619,8호선,2827,모란,827,N,8호선,8169,2808,구리,807,N,14:30:00,14:30:40,,8160,상행,2025-05-01T05:00:00,,평일
8호선,2805,별내,804,,20250619,8호선,2827,모란,827,N,8호선,8169,2807,동구릉,806,N,14:32:00,14:32:30,,8160,상행,2025-05-01T05:00:00,,평일
8호선,2805,별내,804,,20250619,8호선,2827,모란,827,N,8호선,8169,2806,다산,805,N,14:34:50,14:35:20,,8160,상행,2025-05-01T05:00:00,,평일
8호선,2805,별내,804,,20250619,8호선,2827,모란,827,N,8호선,8169,2805,별내,804,N,14:38:30,,,8160,상행,2025-05-01T05:00:00,,평일
8호선,2805,별내,804,,20250619,8호선,2827,모란,827,N,8호선,8171,2827,모란,827,N,,13:56:00,,8162,상행,2025-05-01T05:00:00,,평일
8호선,2805,별내,804,,20250619,8호선,2827,모란,827,N,8호선,8171,2826,수진,826,N,13:57:30,13:57:50,,8162,상행,2025-05-01T05:00:00,,평일
8호선,2805,별내,804,,20250619,8호선,2827,모란,827,N,8호선,8171,2825,신흥,825,N,13:59:00,13:59:20,,8162,상행,2025-05-01T05:00:00,,평일
8호선,2805,별내,804,,20250619,8호선,2827,모란,827,N,8호선,8171,2824,단대오거리,824,N,14:00:30,14:01:00,,8162,상행,2025-05-01T05:00:00,,평일
8호선,2805,별내,804,,20250619,8호선,2827,모란,827,N,8호선,8171,2823,남한산성입구,823,N,14:02:10,14:02:40,,8162,상행,2025-05-01T05:00:00,,평일
8호선,2805,별내,804,,20250619,8호선,2827,모란,827,N,8호선,8171,2822,산성,822,N,14:04:50,14:05:20,,8162,상행,2025-05-01T05:00:00,,평일
8호선,2805,별내,804,,20250619,8호선,2827,모란,827,N,8호선,8171,2828,남위례,821,N,14:07:00,14:07:30,,8162,상행,2025-05-01T05:00:00,,평일
8호선,2805,별내,804,,20250619,8호선,2827,모란,827,N,8호선,8171,2821,복정,820,N,14:09:20,14:09:50,,8162,상행,2025-05-01T05:00:00,,평일
8호선,2805,별내,804,,20250619,8호선,2827,모란,827,N,8호선,8171,2820,장지,819,N,14:11:00,14:11:30,,8162,상행,2025-05-01T05:00:00,,평일
8호선,2805,별내,804,,20250619,8호선,2827,모란,827,N,8호선,8171,2819,문정,818,N,14:12:40,14:13:20,,8162,상행,2025-05-01T05:00:00,,평일
8호선,2805,별내,804,,20250619,8호선,2827,모란,827,N,8호선,8171,2818,가락시장,817,N,14:14:30,14:15:10,,8162,상행,2025-05-01T05:00:00,,평일
8호선,2805,별내,804,,20250619,8호선,2827,모란,827,N,8호선,8171,2817,송파,816,N,14:16:20,14:16:50,,8162,상행,2025-05-01T05:00:00,,평일
8호선,2805,별내,804,,20250619,8호선,2827,모란,827,N,8호선,8171,2816,석촌,815,N,14:18:00,14:18:30,,8162,상행,2025-05-01T05:00:00,,평일
8호선,2805,별내,804,,20250619,8호선,2827,모란,827,N,8호선,8171,2815,잠실,814,N,14:20:20,14:21:00,,8162,상행,2025-05-01T05:00:00,,평일
8호선,2805,별내,804,,20250619,8호선,2827,모란,827,N,8호선,8171,2814,몽촌토성,813,N,14:22:10,14:22:40,,8162,상행,2025-05-01T05:00:00,,평일
8호선,2805,별내,804,,20250619,8호선,2827,모란,827,N,8호선,8171,2813,강동구청,812,N,14:24:40,14:25:10,,8162,상행,2025-05-01T05:00:00,,평일
8호선,2805,별내,804,,20250619,8호선,2827,모란,827,N,8호선,8171,2812,천호,811,N,14:26:30,14:27:10,,8162,상행,2025-05-01T05:00:00,,평일
8호선,2805,별내,804,,20250619,8호선,2827,모란,827,N,8호선,8171,2811,암사,810,N,14:28:40,14:29:10,,8162,상행,2025-05-01T05:00:00,,평일
8호선,2805,별내,804,,20250619,8호선,2827,모란,827,N,8호선,8171,2810,암사역사공원,809,N,14:31:10,14:31:40,,8162,상행,2025-05-01T05:00:00,,평일
8호선,2805,별내,804,,20250619,8호선,2827,모란,827,N,8호선,8171,2809,장자호수공원,808,N,14:35:20,14:35:50,,8162,상행,2025-05-01T05:00:00,,평일
8호선,2805,별내,804,,20250619,8호선,2827,모란,827,N,8호선,8171,2808,구리,807,N,14:38:00,14:38:40,,8162,상행,2025-05-01T05:00:00,,평일
8호선,2805,별내,804,,20250619,8호선,2827,모란,827,N,8호선,8171,2807,동구릉,806,N,14:40:00,14:40:30,,8162,상행,2025-05-01T05:00:00,,평일
8호선,2805,별내,804,,20250619,8호선,2827,모란,827,N,8호선,8171,2806,다산,805,N,14:42:50,14:43:20,,8162,상행,2025-05-01T05:00:00,,평일
8호선,2805,별내,804,,20250619,8호선,2827,모란,827,N,8호선,8171,2805,별내,804,N,14:46:30,,,8162,상행,2025-05-01T05:00:00,,평일
8호선,2805,별내,804,,20250619,8호선,2827,모란,827,N,8호선,8173,2827,모란,827,N,,14:04:00,,8164,상행,2025-05-01T05:00:00,,평일
8호선,2805,별내,804,,20250619,8호선,2827,모란,827,N,8호선,8173,2826,수진,826,N,14:05:30,14:05:50,,8164,상행,2025-05-01T05:00:00,,평일
8호선,2805,별내,804,,20250619,8호선,2827,모란,827,N,8호선,8173,2825,신흥,825,N,14:07:00,14:07:20,,8164,상행,2025-05-01T05:00:00,,평일
8호선,2805,별내,804,,20250619,8호선,2827,모란,827,N,8호선,8173,2824,단대오거리,824,N,14:08:30,14:09:00,,8164,상행,2025-05-01T05:00:00,,평일
8호선,2805,별내,804,,20250619,8호선,2827,모란,827,N,8호선,8173,2823,남한산성입구,823,N,14:10:10,14:10:40,,8164,상행,2025-05-01T05:00:00,,평일
8호선,2805,별내,804,,20250619,8호선,2827,모란,827,N,8호선,8173,2822,산성,822,N,14:12:50,14:13:20,,8164,상행,2025-05-01T05:00:00,,평일
8호선,2805,별내,804,,20250619,8호선,2827,모란,827,N,8호선,8173,2828,남위례,821,N,14:15:00,14:15:30,,8164,상행,2025-05-01T05:00:00,,평일
8호선,2805,별내,804,,20250619,8호선,2827,모란,827,N,8호선,8173,2821,복정,820,N,14:17:20,14:17:50,,8164,상행,2025-05-01T05:00:00,,평일
8호선,2805,별내,804,,20250619,8호선,2827,모란,827,N,8호선,8173,2820,장지,819,N,14:19:00,14:19:30,,8164,상행,2025-05-01T05:00:00,,평일
8호선,2805,별내,804,,20250619,8호선,2827,모란,827,N,8호선,8173,2819,문정,818,N,14:20:40,14:21:20,,8164,상행,2025-05-01T05:00:00,,평일
8호선,2805,별내,804,,20250619,8호선,2827,모란,827,N,8호선,8173,2818,가락시장,817,N,14:22:30,14:23:10,,8164,상행,2025-05-01T05:00:00,,평일
8호선,2805,별내,804,,20250619,8호선,2827,모란,827,N,8호선,8173,2817,송파,816,N,14:24:20,14:24:50,,8164,상행,2025-05-01T05:00:00,,평일
8호선,2805,별내,804,,20250619,8호선,2827,모란,827,N,8호선,8173,2816,석촌,815,N,14:26:00,14:26:30,,8164,상행,2025-05-01T05:00:00,,평일
8호선,2805,별내,804,,20250619,8호선,2827,모란,827,N,8호선,8173,2815,잠실,814,N,14:28:20,14:29:00,,8164,상행,2025-05-01T05:00:00,,평일
8호선,2805,별내,804,,20250619,8호선,2827,모란,827,N,8호선,8173,2814,몽촌토성,813,N,14:30:10,14:30:40,,8164,상행,2025-05-01T05:00:00,,평일
8호선,2805,별내,804,,20250619,8호선,2827,모란,827,N,8호선,8173,2813,강동구청,812,N,14:32:40,14:33:10,,8164,상행,2025-05-01T05:00:00,,평일
8호선,2805,별내,804,,20250619,8호선,2827,모란,827,N,8호선,8173,2812,천호,811,N,14:34:30,14:35:10,,8164,상행,2025-05-01T05:00:00,,평일
8호선,2805,별내,804,,20250619,8호선,2827,모란,827,N,8호선,8173,2811,암사,810,N,14:36:40,14:37:10,,8164,상행,2025-05-01T05:00:00,,평일
8호선,2805,별내,804,,20250619,8호선,2827,모란,827,N,8호선,8173,2810,암사역사공원,809,N,14:39:10,14:39:40,,8164,상행,2025-05-01T05:00:00,,평일
8호선,2805,별내,804,,20250619,8호선,2827,모란,827,N,8호선,8173,2809,장자호수공원,808,N,14:43:20,14:43:50,,8164,상행,2025-05-01T05:00:00,,평일
8호선,2805,별내,804,,20250619,8호선,2827,모란,827,N,8호선,8173,2808,구리,807,N,14:46:00,14:46:40,,8164,상행,2025-05-01T05:00:00,,평일
8호선,2805,별내,804,,20250619,8호선,2827,모란,827,N,8호선,8173,2807,동구릉,806,N,14:48:00,14:48:30,,8164,상행,2025-05-01T05:00:00,,평일
8호선,2805,별내,804,,20250619,8호선,2827,모란,827,N,8호선,8173,2806,다산,805,N,14:50:50,14:51:20,,8164,상행,2025-05-01T05:00:00,,평일
8호선,2805,별내,804,,20250619,8호선,2827,모란,827,N,8호선,8173,2805,별내,804,N,14:54:30,,,8164,상행,2025-05-01T05:00:00,,평일
8호선,2805,별내,804,,20250619,8호선,2827,모란,827,N,8호선,8175,2827,모란,827,N,,14:12:00,,8166,상행,2025-05-01T05:00:00,,평일
8호선,2805,별내,804,,20250619,8호선,2827,모란,827,N,8호선,8175,2826,수진,826,N,14:13:30,14:13:50,,8166,상행,2025-05-01T05:00:00,,평일
8호선,2805,별내,804,,20250619,8호선,2827,모란,827,N,8호선,8175,2825,신흥,825,N,14:15:00,14:15:20,,8166,상행,2025-05-01T05:00:00,,평일
8호선,2805,별내,804,,20250619,8호선,2827,모란,827,N,8호선,8175,2824,단대오거리,824,N,14:16:30,14:17:00,,8166,상행,2025-05-01T05:00:00,,평일
8호선,2805,별내,804,,20250619,8호선,2827,모란,827,N,8호선,8175,2823,남한산성입구,823,N,14:18:10,14:18:40,,8166,상행,2025-05-01T05:00:00,,평일
8호선,2805,별내,804,,20250619,8호선,2827,모란,827,N,8호선,8175,2822,산성,822,N,14:20:50,14:21:20,,8166,상행,2025-05-01T05:00:00,,평일
8호선,2805,별내,804,,20250619,8호선,2827,모란,827,N,8호선,8175,2828,남위례,821,N,14:23:00,14:23:30,,8166,상행,2025-05-01T05:00:00,,평일
8호선,2805,별내,804,,20250619,8호선,2827,모란,827,N,8호선,8175,2821,복정,820,N,14:25:20,14:25:50,,8166,상행,2025-05-01T05:00:00,,평일
8호선,2805,별내,804,,20250619,8호선,2827,모란,827,N,8호선,8175,2820,장지,819,N,14:27:00,14:27:30,,8166,상행,2025-05-01T05:00:00,,평일
8호선,2805,별내,804,,20250619,8호선,2827,모란,827,N,8호선,8175,2819,문정,818,N,14:28:40,14:29:20,,8166,상행,2025-05-01T05:00:00,,평일
8호선,2805,별내,804,,20250619,8호선,2827,모란,827,N,8호선,8175,2818,가락시장,817,N,14:30:30,14:31:10,,8166,상행,2025-05-01T05:00:00,,평일
8호선,2805,별내,804,,20250619,8호선,2827,모란,827,N,8호선,8175,2817,송파,816,N,14:32:20,14:32:50,,8166,상행,2025-05-01T05:00:00,,평일
8호선,2805,별내,804,,20250619,8호선,2827,모란,827,N,8호선,8175,2816,석촌,815,N,14:34:00,14:34:30,,8166,상행,2025-05-01T05:00:00,,평일
8호선,2805,별내,804,,20250619,8호선,2827,모란,827,N,8호선,8175,2815,잠실,814,N,14:36:20,14:37:00,,8166,상행,2025-05-01T05:00:00,,평일
8호선,2805,별내,804,,20250619,8호선,2827,모란,827,N,8호선,8175,2814,몽촌토성,813,N,14:38:10,14:38:40,,8166,상행,2025-05-01T05:00:00,,평일
8호선,2805,별내,804,,20250619,8호선,2827,모란,827,N,8호선,8175,2813,강동구청,812,N,14:40:40,14:41:10,,8166,상행,2025-05-01T05:00:00,,평일
8호선,2805,별내,804,,20250619,8호선,2827,모란,827,N,8호선,8175,2812,천호,811,N,14:42:30,14:43:10,,8166,상행,2025-05-01T05:00:00,,평일
8호선,2805,별내,804,,20250619,8호선,2827,모란,827,N,8호선,8175,2811,암사,810,N,14:44:40,14:45:10,,8166,상행,2025-05-01T05:00:00,,평일
8호선,2805,별내,804,,20250619,8호선,2827,모란,827,N,8호선,8175,2810,암사역사공원,809,N,14:47:10,14:47:40,,8166,상행,2025-05-01T05:00:00,,평일
8호선,2805,별내,804,,20250619,8호선,2827,모란,827,N,8호선,8175,2809,장자호수공원,808,N,14:51:20,14:51:50,,8166,상행,2025-05-01T05:00:00,,평일
8호선,2805,별내,804,,20250619,8호선,2827,모란,827,N,8호선,8175,2808,구리,807,N,14:54:00,14:54:40,,8166,상행,2025-05-01T05:00:00,,평일
8호선,2805,별내,804,,20250619,8호선,2827,모란,827,N,8호선,8175,2807,동구릉,806,N,14:56:00,14:56:30,,8166,상행,2025-05-01T05:00:00,,평일
8호선,2805,별내,804,,20250619,8호선,2827,모란,827,N,8호선,8175,2806,다산,805,N,14:58:50,14:59:20,,8166,상행,2025-05-01T05:00:00,,평일
8호선,2805,별내,804,,20250619,8호선,2827,모란,827,N,8호선,8175,2805,별내,804,N,15:02:30,,,8166,상행,2025-05-01T05:00:00,,평일
8호선,2805,별내,804,,20250619,8호선,2827,모란,827,N,8호선,8177,2827,모란,827,N,,14:20:00,,8168,상행,2025-05-01T05:00:00,,평일
8호선,2805,별내,804,,20250619,8호선,2827,모란,827,N,8호선,8177,2826,수진,826,N,14:21:30,14:21:50,,8168,상행,2025-05-01T05:00:00,,평일
8호선,2805,별내,804,,20250619,8호선,2827,모란,827,N,8호선,8177,2825,신흥,825,N,14:23:00,14:23:20,,8168,상행,2025-05-01T05:00:00,,평일
8호선,2805,별내,804,,20250619,8호선,2827,모란,827,N,8호선,8177,2824,단대오거리,824,N,14:24:30,14:25:00,,8168,상행,2025-05-01T05:00:00,,평일
8호선,2805,별내,804,,20250619,8호선,2827,모란,827,N,8호선,8177,2823,남한산성입구,823,N,14:26:10,14:26:40,,8168,상행,2025-05-01T05:00:00,,평일
8호선,2805,별내,804,,20250619,8호선,2827,모란,827,N,8호선,8177,2822,산성,822,N,14:28:50,14:29:20,,8168,상행,2025-05-01T05:00:00,,평일
8호선,2805,별내,804,,20250619,8호선,2827,모란,827,N,8호선,8177,2828,남위례,821,N,14:31:00,14:31:30,,8168,상행,2025-05-01T05:00:00,,평일
8호선,2805,별내,804,,20250619,8호선,2827,모란,827,N,8호선,8177,2821,복정,820,N,14:33:20,14:33:50,,8168,상행,2025-05-01T05:00:00,,평일
8호선,2805,별내,804,,20250619,8호선,2827,모란,827,N,8호선,8177,2820,장지,819,N,14:35:00,14:35:30,,8168,상행,2025-05-01T05:00:00,,평일
8호선,2805,별내,804,,20250619,8호선,2827,모란,827,N,8호선,8177,2819,문정,818,N,14:36:40,14:37:20,,8168,상행,2025-05-01T05:00:00,,평일
8호선,2805,별내,804,,20250619,8호선,2827,모란,827,N,8호선,8177,2818,가락시장,817,N,14:38:30,14:39:10,,8168,상행,2025-05-01T05:00:00,,평일
8호선,2805,별내,804,,20250619,8호선,2827,모란,827,N,8호선,8177,2817,송파,816,N,14:40:20,14:40:50,,8168,상행,2025-05-01T05:00:00,,평일
8호선,2805,별내,804,,20250619,8호선,2827,모란,827,N,8호선,8177,2816,석촌,815,N,14:42:00,14:42:30,,8168,상행,2025-05-01T05:00:00,,평일
8호선,2805,별내,804,,20250619,8호선,2827,모란,827,N,8호선,8177,2815,잠실,814,N,14:44:20,14:45:00,,8168,상행,2025-05-01T05:00:00,,평일
8호선,2805,별내,804,,20250619,8호선,2827,모란,827,N,8호선,8177,2814,몽촌토성,813,N,14:46:10,14:46:40,,8168,상행,2025-05-01T05:00:00,,평일
8호선,2805,별내,804,,20250619,8호선,2827,모란,827,N,8호선,8177,2813,강동구청,812,N,14:48:40,14:49:10,,8168,상행,2025-05-01T05:00:00,,평일
8호선,2805,별내,804,,20250619,8호선,2827,모란,827,N,8호선,8177,2812,천호,811,N,14:50:30,14:51:10,,8168,상행,2025-05-01T05:00:00,,평일
8호선,2805,별내,804,,20250619,8호선,2827,모란,827,N,8호선,8177,2811,암사,810,N,14:52:40,14:53:10,,8168,상행,2025-05-01T05:00:00,,평일
8호선,2805,별내,804,,20250619,8호선,2827,모란,827,N,8호선,8177,2810,암사역사공원,809,N,14:55:10,14:55:40,,8168,상행,2025-05-01T05:00:00,,평일
8호선,2805,별내,804,,20250619,8호선,2827,모란,827,N,8호선,8177,2809,장자호수공원,808,N,14:59:20,14:59:50,,8168,상행,2025-05-01T05:00:00,,평일
8호선,2805,별내,804,,20250619,8호선,2827,모란,827,N,8호선,8177,2808,구리,807,N,15:02:00,15:02:40,,8168,상행,2025-05-01T05:00:00,,평일
8호선,2805,별내,804,,20250619,8호선,2827,모란,827,N,8호선,8177,2807,동구릉,806,N,15:04:00,15:04:30,,8168,상행,2025-05-01T05:00:00,,평일
8호선,2805,별내,804,,20250619,8호선,2827,모란,827,N,8호선,8177,2806,다산,805,N,15:06:50,15:07:20,,8168,상행,2025-05-01T05:00:00,,평일
8호선,2805,별내,804,,20250619,8호선,2827,모란,827,N,8호선,8177,2805,별내,804,N,15:10:30,,,8168,상행,2025-05-01T05:00:00,,평일
8호선,2805,별내,804,,20250619,8호선,2827,모란,827,N,8호선,8179,2827,모란,827,N,,14:28:00,,8170,상행,2025-05-01T05:00:00,,평일
8호선,2805,별내,804,,20250619,8호선,2827,모란,827,N,8호선,8179,2826,수진,826,N,14:29:30,14:29:50,,8170,상행,2025-05-01T05:00:00,,평일
8호선,2805,별내,804,,20250619,8호선,2827,모란,827,N,8호선,8179,2825,신흥,825,N,14:31:00,14:31:20,,8170,상행,2025-05-01T05:00:00,,평일
8호선,2805,별내,804,,20250619,8호선,2827,모란,827,N,8호선,8179,2824,단대오거리,824,N,14:32:30,14:33:00,,8170,상행,2025-05-01T05:00:00,,평일
8호선,2805,별내,804,,20250619,8호선,2827,모란,827,N,8호선,8179,2823,남한산성입구,823,N,14:34:10,14:34:40,,8170,상행,2025-05-01T05:00:00,,평일
8호선,2805,별내,804,,20250619,8호선,2827,모란,827,N,8호선,8179,2822,산성,822,N,14:36:50,14:37:20,,8170,상행,2025-05-01T05:00:00,,평일
8호선,2805,별내,804,,20250619,8호선,2827,모란,827,N,8호선,8179,2828,남위례,821,N,14:39:00,14:39:30,,8170,상행,2025-05-01T05:00:00,,평일
8호선,2805,별내,804,,20250619,8호선,2827,모란,827,N,8호선,8179,2821,복정,820,N,14:41:20,14:41:50,,8170,상행,2025-05-01T05:00:00,,평일
8호선,2805,별내,804,,20250619,8호선,2827,모란,827,N,8호선,8179,2820,장지,819,N,14:43:00,14:43:30,,8170,상행,2025-05-01T05:00:00,,평일
8호선,2805,별내,804,,20250619,8호선,2827,모란,827,N,8호선,8179,2819,문정,818,N,14:44:40,14:45:20,,8170,상행,2025-05-01T05:00:00,,평일
8호선,2805,별내,804,,20250619,8호선,2827,모란,827,N,8호선,8179,2818,가락시장,817,N,14:46:30,14:47:10,,8170,상행,2025-05-01T05:00:00,,평일
8호선,2805,별내,804,,20250619,8호선,2827,모란,827,N,8호선,8179,2817,송파,816,N,14:48:20,14:48:50,,8170,상행,2025-05-01T05:00:00,,평일
8호선,2805,별내,804,,20250619,8호선,2827,모란,827,N,8호선,8179,2816,석촌,815,N,14:50:00,14:50:30,,8170,상행,2025-05-01T05:00:00,,평일
8호선,2805,별내,804,,20250619,8호선,2827,모란,827,N,8호선,8179,2815,잠실,814,N,14:52:20,14:53:00,,8170,상행,2025-05-01T05:00:00,,평일
8호선,2805,별내,804,,20250619,8호선,2827,모란,827,N,8호선,8179,2814,몽촌토성,813,N,14:54:10,14:54:40,,8170,상행,2025-05-01T05:00:00,,평일
8호선,2805,별내,804,,20250619,8호선,2827,모란,827,N,8호선,8179,2813,강동구청,812,N,14:56:40,14:57:10,,8170,상행,2025-05-01T05:00:00,,평일
8호선,2805,별내,804,,20250619,8호선,2827,모란,827,N,8호선,8179,2812,천호,811,N,14:58:30,14:59:10,,8170,상행,2025-05-01T05:00:00,,평일
8호선,2805,별내,804,,20250619,8호선,2827,모란,827,N,8호선,8179,2811,암사,810,N,15:00:40,15:01:10,,8170,상행,2025-05-01T05:00:00,,평일
8호선,2805,별내,804,,20250619,8호선,2827,모란,827,N,8호선,8179,2810,암사역사공원,809,N,15:03:10,15:03:40,,8170,상행,2025-05-01T05:00:00,,평일
8호선,2805,별내,804,,20250619,8호선,2827,모란,827,N,8호선,8179,2809,장자호수공원,808,N,15:07:20,15:07:50,,8170,상행,2025-05-01T05:00:00,,평일
8호선,2805,별내,804,,20250619,8호선,2827,모란,827,N,8호선,8179,2808,구리,807,N,15:10:00,15:10:40,,8170,상행,2025-05-01T05:00:00,,평일
8호선,2805,별내,804,,20250619,8호선,2827,모란,827,N,8호선,8179,2807,동구릉,806,N,15:12:00,15:12:30,,8170,상행,2025-05-01T05:00:00,,평일
8호선,2805,별내,804,,20250619,8호선,2827,모란,827,N,8호선,8179,2806,다산,805,N,15:14:50,15:15:20,,8170,상행,2025-05-01T05:00:00,,평일
8호선,2805,별내,804,,20250619,8호선,2827,모란,827,N,8호선,8179,2805,별내,804,N,15:18:30,,,8170,상행,2025-05-01T05:00:00,,평일
8호선,2805,별내,804,,20250619,8호선,2827,모란,827,N,8호선,8181,2827,모란,827,N,,14:36:00,,8172,상행,2025-05-01T05:00:00,,평일
8호선,2805,별내,804,,20250619,8호선,2827,모란,827,N,8호선,8181,2826,수진,826,N,14:37:30,14:37:50,,8172,상행,2025-05-01T05:00:00,,평일
8호선,2805,별내,804,,20250619,8호선,2827,모란,827,N,8호선,8181,2825,신흥,825,N,14:39:00,14:39:20,,8172,상행,2025-05-01T05:00:00,,평일
8호선,2805,별내,804,,20250619,8호선,2827,모란,827,N,8호선,8181,2824,단대오거리,824,N,14:40:30,14:41:00,,8172,상행,2025-05-01T05:00:00,,평일
8호선,2805,별내,804,,20250619,8호선,2827,모란,827,N,8호선,8181,2823,남한산성입구,823,N,14:42:10,14:42:40,,8172,상행,2025-05-01T05:00:00,,평일
8호선,2805,별내,804,,20250619,8호선,2827,모란,827,N,8호선,8181,2822,산성,822,N,14:44:50,14:45:20,,8172,상행,2025-05-01T05:00:00,,평일
8호선,2805,별내,804,,20250619,8호선,2827,모란,827,N,8호선,8181,2828,남위례,821,N,14:47:00,14:47:30,,8172,상행,2025-05-01T05:00:00,,평일
8호선,2805,별내,804,,20250619,8호선,2827,모란,827,N,8호선,8181,2821,복정,820,N,14:49:20,14:49:50,,8172,상행,2025-05-01T05:00:00,,평일
8호선,2805,별내,804,,20250619,8호선,2827,모란,827,N,8호선,8181,2820,장지,819,N,14:51:00,14:51:30,,8172,상행,2025-05-01T05:00:00,,평일
8호선,2805,별내,804,,20250619,8호선,2827,모란,827,N,8호선,8181,2819,문정,818,N,14:52:40,14:53:20,,8172,상행,2025-05-01T05:00:00,,평일
8호선,2805,별내,804,,20250619,8호선,2827,모란,827,N,8호선,8181,2818,가락시장,817,N,14:54:30,14:55:10,,8172,상행,2025-05-01T05:00:00,,평일
8호선,2805,별내,804,,20250619,8호선,2827,모란,827,N,8호선,8181,2817,송파,816,N,14:56:20,14:56:50,,8172,상행,2025-05-01T05:00:00,,평일
8호선,2805,별내,804,,20250619,8호선,2827,모란,827,N,8호선,8181,2816,석촌,815,N,14:58:00,14:58:30,,8172,상행,2025-05-01T05:00:00,,평일
8호선,2805,별내,804,,20250619,8호선,2827,모란,827,N,8호선,8181,2815,잠실,814,N,15:00:20,15:01:00,,8172,상행,2025-05-01T05:00:00,,평일
8호선,2805,별내,804,,20250619,8호선,2827,모란,827,N,8호선,8181,2814,몽촌토성,813,N,15:02:10,15:02:40,,8172,상행,2025-05-01T05:00:00,,평일
8호선,2805,별내,804,,20250619,8호선,2827,모란,827,N,8호선,8181,2813,강동구청,812,N,15:04:40,15:05:10,,8172,상행,2025-05-01T05:00:00,,평일
8호선,2805,별내,804,,20250619,8호선,2827,모란,827,N,8호선,8181,2812,천호,811,N,15:06:30,15:07:10,,8172,상행,2025-05-01T05:00:00,,평일
8호선,2805,별내,804,,20250619,8호선,2827,모란,827,N,8호선,8181,2811,암사,810,N,15:08:40,15:09:10,,8172,상행,2025-05-01T05:00:00,,평일
8호선,2805,별내,804,,20250619,8호선,2827,모란,827,N,8호선,8181,2810,암사역사공원,809,N,15:11:10,15:11:40,,8172,상행,2025-05-01T05:00:00,,평일
8호선,2805,별내,804,,20250619,8호선,2827,모란,827,N,8호선,8181,2809,장자호수공원,808,N,15:15:20,15:15:50,,8172,상행,2025-05-01T05:00:00,,평일
8호선,2805,별내,804,,20250619,8호선,2827,모란,827,N,8호선,8181,2808,구리,807,N,15:18:00,15:18:40,,8172,상행,2025-05-01T05:00:00,,평일
8호선,2805,별내,804,,20250619,8호선,2827,모란,827,N,8호선,8181,2807,동구릉,806,N,15:20:00,15:20:30,,8172,상행,2025-05-01T05:00:00,,평일
8호선,2805,별내,804,,20250619,8호선,2827,모란,827,N,8호선,8181,2806,다산,805,N,15:22:50,15:23:20,,8172,상행,2025-05-01T05:00:00,,평일
8호선,2805,별내,804,,20250619,8호선,2827,모란,827,N,8호선,8181,2805,별내,804,N,15:26:30,,,8172,상행,2025-05-01T05:00:00,,평일
8호선,2805,별내,804,,20250619,8호선,2827,모란,827,N,8호선,8183,2827,모란,827,N,,14:44:00,,8174,상행,2025-05-01T05:00:00,,평일
8호선,2805,별내,804,,20250619,8호선,2827,모란,827,N,8호선,8183,2826,수진,826,N,14:45:30,14:45:50,,8174,상행,2025-05-01T05:00:00,,평일
8호선,2805,별내,804,,20250619,8호선,2827,모란,827,N,8호선,8183,2825,신흥,825,N,14:47:00,14:47:20,,8174,상행,2025-05-01T05:00:00,,평일
8호선,2805,별내,804,,20250619,8호선,2827,모란,827,N,8호선,8183,2824,단대오거리,824,N,14:48:30,14:49:00,,8174,상행,2025-05-01T05:00:00,,평일
8호선,2805,별내,804,,20250619,8호선,2827,모란,827,N,8호선,8183,2823,남한산성입구,823,N,14:50:10,14:50:40,,8174,상행,2025-05-01T05:00:00,,평일
8호선,2805,별내,804,,20250619,8호선,2827,모란,827,N,8호선,8183,2822,산성,822,N,14:52:50,14:53:20,,8174,상행,2025-05-01T05:00:00,,평일
8호선,2805,별내,804,,20250619,8호선,2827,모란,827,N,8호선,8183,2828,남위례,821,N,14:55:00,14:55:30,,8174,상행,2025-05-01T05:00:00,,평일
8호선,2805,별내,804,,20250619,8호선,2827,모란,827,N,8호선,8183,2821,복정,820,N,14:57:20,14:57:50,,8174,상행,2025-05-01T05:00:00,,평일
8호선,2805,별내,804,,20250619,8호선,2827,모란,827,N,8호선,8183,2820,장지,819,N,14:59:00,14:59:30,,8174,상행,2025-05-01T05:00:00,,평일
8호선,2805,별내,804,,20250619,8호선,2827,모란,827,N,8호선,8183,2819,문정,818,N,15:00:40,15:01:20,,8174,상행,2025-05-01T05:00:00,,평일
8호선,2805,별내,804,,20250619,8호선,2827,모란,827,N,8호선,8183,2818,가락시장,817,N,15:02:30,15:03:10,,8174,상행,2025-05-01T05:00:00,,평일
8호선,2805,별내,804,,20250619,8호선,2827,모란,827,N,8호선,8183,2817,송파,816,N,15:04:20,15:04:50,,8174,상행,2025-05-01T05:00:00,,평일
8호선,2805,별내,804,,20250619,8호선,2827,모란,827,N,8호선,8183,2816,석촌,815,N,15:06:00,15:06:30,,8174,상행,2025-05-01T05:00:00,,평일
8호선,2805,별내,804,,20250619,8호선,2827,모란,827,N,8호선,8183,2815,잠실,814,N,15:08:20,15:09:00,,8174,상행,2025-05-01T05:00:00,,평일
8호선,2805,별내,804,,20250619,8호선,2827,모란,827,N,8호선,8183,2814,몽촌토성,813,N,15:10:10,15:10:40,,8174,상행,2025-05-01T05:00:00,,평일
8호선,2805,별내,804,,20250619,8호선,2827,모란,827,N,8호선,8183,2813,강동구청,812,N,15:12:40,15:13:10,,8174,상행,2025-05-01T05:00:00,,평일
8호선,2805,별내,804,,20250619,8호선,2827,모란,827,N,8호선,8183,2812,천호,811,N,15:14:30,15:15:10,,8174,상행,2025-05-01T05:00:00,,평일
8호선,2805,별내,804,,20250619,8호선,2827,모란,827,N,8호선,8183,2811,암사,810,N,15:16:40,15:17:10,,8174,상행,2025-05-01T05:00:00,,평일
8호선,2805,별내,804,,20250619,8호선,2827,모란,827,N,8호선,8183,2810,암사역사공원,809,N,15:19:10,15:19:40,,8174,상행,2025-05-01T05:00:00,,평일
8호선,2805,별내,804,,20250619,8호선,2827,모란,827,N,8호선,8183,2809,장자호수공원,808,N,15:23:20,15:23:50,,8174,상행,2025-05-01T05:00:00,,평일
8호선,2805,별내,804,,20250619,8호선,2827,모란,827,N,8호선,8183,2808,구리,807,N,15:26:00,15:26:40,,8174,상행,2025-05-01T05:00:00,,평일
8호선,2805,별내,804,,20250619,8호선,2827,모란,827,N,8호선,8183,2807,동구릉,806,N,15:28:00,15:28:30,,8174,상행,2025-05-01T05:00:00,,평일
8호선,2805,별내,804,,20250619,8호선,2827,모란,827,N,8호선,8183,2806,다산,805,N,15:30:50,15:31:20,,8174,상행,2025-05-01T05:00:00,,평일
8호선,2805,별내,804,,20250619,8호선,2827,모란,827,N,8호선,8183,2805,별내,804,N,15:34:30,,,8174,상행,2025-05-01T05:00:00,,평일
8호선,2805,별내,804,,20250619,8호선,2827,모란,827,N,8호선,8185,2827,모란,827,N,,14:52:00,,8176,상행,2025-05-01T05:00:00,,평일
8호선,2805,별내,804,,20250619,8호선,2827,모란,827,N,8호선,8185,2826,수진,826,N,14:53:30,14:53:50,,8176,상행,2025-05-01T05:00:00,,평일
8호선,2805,별내,804,,20250619,8호선,2827,모란,827,N,8호선,8185,2825,신흥,825,N,14:55:00,14:55:20,,8176,상행,2025-05-01T05:00:00,,평일
8호선,2805,별내,804,,20250619,8호선,2827,모란,827,N,8호선,8185,2824,단대오거리,824,N,14:56:30,14:57:00,,8176,상행,2025-05-01T05:00:00,,평일
8호선,2805,별내,804,,20250619,8호선,2827,모란,827,N,8호선,8185,2823,남한산성입구,823,N,14:58:10,14:58:40,,8176,상행,2025-05-01T05:00:00,,평일
8호선,2805,별내,804,,20250619,8호선,2827,모란,827,N,8호선,8185,2822,산성,822,N,15:00:50,15:01:20,,8176,상행,2025-05-01T05:00:00,,평일
8호선,2805,별내,804,,20250619,8호선,2827,모란,827,N,8호선,8185,2828,남위례,821,N,15:03:00,15:03:30,,8176,상행,2025-05-01T05:00:00,,평일
8호선,2805,별내,804,,20250619,8호선,2827,모란,827,N,8호선,8185,2821,복정,820,N,15:05:20,15:05:50,,8176,상행,2025-05-01T05:00:00,,평일
8호선,2805,별내,804,,20250619,8호선,2827,모란,827,N,8호선,8185,2820,장지,819,N,15:07:00,15:07:30,,8176,상행,2025-05-01T05:00:00,,평일
8호선,2805,별내,804,,20250619,8호선,2827,모란,827,N,8호선,8185,2819,문정,818,N,15:08:40,15:09:20,,8176,상행,2025-05-01T05:00:00,,평일
8호선,2805,별내,804,,20250619,8호선,2827,모란,827,N,8호선,8185,2818,가락시장,817,N,15:10:30,15:11:10,,8176,상행,2025-05-01T05:00:00,,평일
8호선,2805,별내,804,,20250619,8호선,2827,모란,827,N,8호선,8185,2817,송파,816,N,15:12:20,15:12:50,,8176,상행,2025-05-01T05:00:00,,평일
8호선,2805,별내,804,,20250619,8호선,2827,모란,827,N,8호선,8185,2816,석촌,815,N,15:14:00,15:14:30,,8176,상행,2025-05-01T05:00:00,,평일
8호선,2805,별내,804,,20250619,8호선,2827,모란,827,N,8호선,8185,2815,잠실,814,N,15:16:20,15:17:00,,8176,상행,2025-05-01T05:00:00,,평일
8호선,2805,별내,804,,20250619,8호선,2827,모란,827,N,8호선,8185,2814,몽촌토성,813,N,15:18:10,15:18:40,,8176,상행,2025-05-01T05:00:00,,평일
8호선,2805,별내,804,,20250619,8호선,2827,모란,827,N,8호선,8185,2813,강동구청,812,N,15:20:40,15:21:10,,8176,상행,2025-05-01T05:00:00,,평일
8호선,2805,별내,804,,20250619,8호선,2827,모란,827,N,8호선,8185,2812,천호,811,N,15:22:30,15:23:10,,8176,상행,2025-05-01T05:00:00,,평일
8호선,2805,별내,804,,20250619,8호선,2827,모란,827,N,8호선,8185,2811,암사,810,N,15:24:40,15:25:10,,8176,상행,2025-05-01T05:00:00,,평일
8호선,2805,별내,804,,20250619,8호선,2827,모란,827,N,8호선,8185,2810,암사역사공원,809,N,15:27:10,15:27:40,,8176,상행,2025-05-01T05:00:00,,평일
8호선,2805,별내,804,,20250619,8호선,2827,모란,827,N,8호선,8185,2809,장자호수공원,808,N,15:31:20,15:31:50,,8176,상행,2025-05-01T05:00:00,,평일
8호선,2805,별내,804,,20250619,8호선,2827,모란,827,N,8호선,8185,2808,구리,807,N,15:34:00,15:34:40,,8176,상행,2025-05-01T05:00:00,,평일
8호선,2805,별내,804,,20250619,8호선,2827,모란,827,N,8호선,8185,2807,동구릉,806,N,15:36:00,15:36:30,,8176,상행,2025-05-01T05:00:00,,평일
8호선,2805,별내,804,,20250619,8호선,2827,모란,827,N,8호선,8185,2806,다산,805,N,15:38:50,15:39:20,,8176,상행,2025-05-01T05:00:00,,평일
8호선,2805,별내,804,,20250619,8호선,2827,모란,827,N,8호선,8185,2805,별내,804,N,15:42:30,,,8176,상행,2025-05-01T05:00:00,,평일
8호선,2805,별내,804,,20250619,8호선,2827,모란,827,N,8호선,8187,2827,모란,827,N,,15:00:00,,8178,상행,2025-05-01T05:00:00,,평일
8호선,2805,별내,804,,20250619,8호선,2827,모란,827,N,8호선,8187,2826,수진,826,N,15:01:30,15:01:50,,8178,상행,2025-05-01T05:00:00,,평일
8호선,2805,별내,804,,20250619,8호선,2827,모란,827,N,8호선,8187,2825,신흥,825,N,15:03:00,15:03:20,,8178,상행,2025-05-01T05:00:00,,평일
8호선,2805,별내,804,,20250619,8호선,2827,모란,827,N,8호선,8187,2824,단대오거리,824,N,15:04:30,15:05:00,,8178,상행,2025-05-01T05:00:00,,평일
8호선,2805,별내,804,,20250619,8호선,2827,모란,827,N,8호선,8187,2823,남한산성입구,823,N,15:06:10,15:06:40,,8178,상행,2025-05-01T05:00:00,,평일
8호선,2805,별내,804,,20250619,8호선,2827,모란,827,N,8호선,8187,2822,산성,822,N,15:08:50,15:09:20,,8178,상행,2025-05-01T05:00:00,,평일
8호선,2805,별내,804,,20250619,8호선,2827,모란,827,N,8호선,8187,2828,남위례,821,N,15:11:00,15:11:30,,8178,상행,2025-05-01T05:00:00,,평일
8호선,2805,별내,804,,20250619,8호선,2827,모란,827,N,8호선,8187,2821,복정,820,N,15:13:20,15:13:50,,8178,상행,2025-05-01T05:00:00,,평일
8호선,2805,별내,804,,20250619,8호선,2827,모란,827,N,8호선,8187,2820,장지,819,N,15:15:00,15:15:30,,8178,상행,2025-05-01T05:00:00,,평일
8호선,2805,별내,804,,20250619,8호선,2827,모란,827,N,8호선,8187,2819,문정,818,N,15:16:40,15:17:20,,8178,상행,2025-05-01T05:00:00,,평일
8호선,2805,별내,804,,20250619,8호선,2827,모란,827,N,8호선,8187,2818,가락시장,817,N,15:18:30,15:19:10,,8178,상행,2025-05-01T05:00:00,,평일
8호선,2805,별내,804,,20250619,8호선,2827,모란,827,N,8호선,8187,2817,송파,816,N,15:20:20,15:20:50,,8178,상행,2025-05-01T05:00:00,,평일
8호선,2805,별내,804,,20250619,8호선,2827,모란,827,N,8호선,8187,2816,석촌,815,N,15:22:00,15:22:30,,8178,상행,2025-05-01T05:00:00,,평일
8호선,2805,별내,804,,20250619,8호선,2827,모란,827,N,8호선,8187,2815,잠실,814,N,15:24:20,15:25:00,,8178,상행,2025-05-01T05:00:00,,평일
8호선,2805,별내,804,,20250619,8호선,2827,모란,827,N,8호선,8187,2814,몽촌토성,813,N,15:26:10,15:26:40,,8178,상행,2025-05-01T05:00:00,,평일
8호선,2805,별내,804,,20250619,8호선,2827,모란,827,N,8호선,8187,2813,강동구청,812,N,15:28:40,15:29:10,,8178,상행,2025-05-01T05:00:00,,평일
8호선,2805,별내,804,,20250619,8호선,2827,모란,827,N,8호선,8187,2812,천호,811,N,15:30:30,15:31:10,,8178,상행,2025-05-01T05:00:00,,평일
8호선,2805,별내,804,,20250619,8호선,2827,모란,827,N,8호선,8187,2811,암사,810,N,15:32:40,15:33:10,,8178,상행,2025-05-01T05:00:00,,평일
8호선,2805,별내,804,,20250619,8호선,2827,모란,827,N,8호선,8187,2810,암사역사공원,809,N,15:35:10,15:35:40,,8178,상행,2025-05-01T05:00:00,,평일
8호선,2805,별내,804,,20250619,8호선,2827,모란,827,N,8호선,8187,2809,장자호수공원,808,N,15:39:20,15:39:50,,8178,상행,2025-05-01T05:00:00,,평일
8호선,2805,별내,804,,20250619,8호선,2827,모란,827,N,8호선,8187,2808,구리,807,N,15:42:00,15:42:40,,8178,상행,2025-05-01T05:00:00,,평일
8호선,2805,별내,804,,20250619,8호선,2827,모란,827,N,8호선,8187,2807,동구릉,806,N,15:44:00,15:44:30,,8178,상행,2025-05-01T05:00:00,,평일
8호선,2805,별내,804,,20250619,8호선,2827,모란,827,N,8호선,8187,2806,다산,805,N,15:46:50,15:47:20,,8178,상행,2025-05-01T05:00:00,,평일
8호선,2805,별내,804,,20250619,8호선,2827,모란,827,N,8호선,8187,2805,별내,804,N,15:50:30,,,8178,상행,2025-05-01T05:00:00,,평일
8호선,2805,별내,804,,20250619,8호선,2827,모란,827,N,8호선,8189,2827,모란,827,N,,15:08:00,,8180,상행,2025-05-01T05:00:00,,평일
8호선,2805,별내,804,,20250619,8호선,2827,모란,827,N,8호선,8189,2826,수진,826,N,15:09:30,15:09:50,,8180,상행,2025-05-01T05:00:00,,평일
8호선,2805,별내,804,,20250619,8호선,2827,모란,827,N,8호선,8189,2825,신흥,825,N,15:11:00,15:11:20,,8180,상행,2025-05-01T05:00:00,,평일
8호선,2805,별내,804,,20250619,8호선,2827,모란,827,N,8호선,8189,2824,단대오거리,824,N,15:12:30,15:13:00,,8180,상행,2025-05-01T05:00:00,,평일
8호선,2805,별내,804,,20250619,8호선,2827,모란,827,N,8호선,8189,2823,남한산성입구,823,N,15:14:10,15:14:40,,8180,상행,2025-05-01T05:00:00,,평일
8호선,2805,별내,804,,20250619,8호선,2827,모란,827,N,8호선,8189,2822,산성,822,N,15:16:50,15:17:20,,8180,상행,2025-05-01T05:00:00,,평일
8호선,2805,별내,804,,20250619,8호선,2827,모란,827,N,8호선,8189,2828,남위례,821,N,15:19:00,15:19:30,,8180,상행,2025-05-01T05:00:00,,평일
8호선,2805,별내,804,,20250619,8호선,2827,모란,827,N,8호선,8189,2821,복정,820,N,15:21:20,15:21:50,,8180,상행,2025-05-01T05:00:00,,평일
8호선,2805,별내,804,,20250619,8호선,2827,모란,827,N,8호선,8189,2820,장지,819,N,15:23:00,15:23:30,,8180,상행,2025-05-01T05:00:00,,평일
8호선,2805,별내,804,,20250619,8호선,2827,모란,827,N,8호선,8189,2819,문정,818,N,15:24:40,15:25:20,,8180,상행,2025-05-01T05:00:00,,평일
8호선,2805,별내,804,,20250619,8호선,2827,모란,827,N,8호선,8189,2818,가락시장,817,N,15:26:30,15:27:10,,8180,상행,2025-05-01T05:00:00,,평일
8호선,2805,별내,804,,20250619,8호선,2827,모란,827,N,8호선,8189,2817,송파,816,N,15:28:20,15:28:50,,8180,상행,2025-05-01T05:00:00,,평일
8호선,2805,별내,804,,20250619,8호선,2827,모란,827,N,8호선,8189,2816,석촌,815,N,15:30:00,15:30:30,,8180,상행,2025-05-01T05:00:00,,평일
8호선,2805,별내,804,,20250619,8호선,2827,모란,827,N,8호선,8189,2815,잠실,814,N,15:32:20,15:33:00,,8180,상행,2025-05-01T05:00:00,,평일
8호선,2805,별내,804,,20250619,8호선,2827,모란,827,N,8호선,8189,2814,몽촌토성,813,N,15:34:10,15:34:40,,8180,상행,2025-05-01T05:00:00,,평일
8호선,2805,별내,804,,20250619,8호선,2827,모란,827,N,8호선,8189,2813,강동구청,812,N,15:36:40,15:37:10,,8180,상행,2025-05-01T05:00:00,,평일
8호선,2805,별내,804,,20250619,8호선,2827,모란,827,N,8호선,8189,2812,천호,811,N,15:38:30,15:39:10,,8180,상행,2025-05-01T05:00:00,,평일
8호선,2805,별내,804,,20250619,8호선,2827,모란,827,N,8호선,8189,2811,암사,810,N,15:40:40,15:41:10,,8180,상행,2025-05-01T05:00:00,,평일
8호선,2805,별내,804,,20250619,8호선,2827,모란,827,N,8호선,8189,2810,암사역사공원,809,N,15:43:10,15:43:40,,8180,상행,2025-05-01T05:00:00,,평일
8호선,2805,별내,804,,20250619,8호선,2827,모란,827,N,8호선,8189,2809,장자호수공원,808,N,15:47:20,15:47:50,,8180,상행,2025-05-01T05:00:00,,평일
8호선,2805,별내,804,,20250619,8호선,2827,모란,827,N,8호선,8189,2808,구리,807,N,15:50:00,15:50:40,,8180,상행,2025-05-01T05:00:00,,평일
8호선,2805,별내,804,,20250619,8호선,2827,모란,827,N,8호선,8189,2807,동구릉,806,N,15:52:00,15:52:30,,8180,상행,2025-05-01T05:00:00,,평일
8호선,2805,별내,804,,20250619,8호선,2827,모란,827,N,8호선,8189,2806,다산,805,N,15:54:50,15:55:20,,8180,상행,2025-05-01T05:00:00,,평일
8호선,2805,별내,804,,20250619,8호선,2827,모란,827,N,8호선,8189,2805,별내,804,N,15:58:30,,,8180,상행,2025-05-01T05:00:00,,평일
8호선,2805,별내,804,,20250619,8호선,2827,모란,827,N,8호선,8191,2827,모란,827,N,,15:16:00,,8182,상행,2025-05-01T05:00:00,,평일
8호선,2805,별내,804,,20250619,8호선,2827,모란,827,N,8호선,8191,2826,수진,826,N,15:17:30,15:17:50,,8182,상행,2025-05-01T05:00:00,,평일
8호선,2805,별내,804,,20250619,8호선,2827,모란,827,N,8호선,8191,2825,신흥,825,N,15:19:00,15:19:20,,8182,상행,2025-05-01T05:00:00,,평일
8호선,2805,별내,804,,20250619,8호선,2827,모란,827,N,8호선,8191,2824,단대오거리,824,N,15:20:30,15:21:00,,8182,상행,2025-05-01T05:00:00,,평일
8호선,2805,별내,804,,20250619,8호선,2827,모란,827,N,8호선,8191,2823,남한산성입구,823,N,15:22:10,15:22:40,,8182,상행,2025-05-01T05:00:00,,평일
8호선,2805,별내,804,,20250619,8호선,2827,모란,827,N,8호선,8191,2822,산성,822,N,15:24:50,15:25:20,,8182,상행,2025-05-01T05:00:00,,평일
8호선,2805,별내,804,,20250619,8호선,2827,모란,827,N,8호선,8191,2828,남위례,821,N,15:27:00,15:27:30,,8182,상행,2025-05-01T05:00:00,,평일
8호선,2805,별내,804,,20250619,8호선,2827,모란,827,N,8호선,8191,2821,복정,820,N,15:29:20,15:29:50,,8182,상행,2025-05-01T05:00:00,,평일
8호선,2805,별내,804,,20250619,8호선,2827,모란,827,N,8호선,8191,2820,장지,819,N,15:31:00,15:31:30,,8182,상행,2025-05-01T05:00:00,,평일
8호선,2805,별내,804,,20250619,8호선,2827,모란,827,N,8호선,8191,2819,문정,818,N,15:32:40,15:33:20,,8182,상행,2025-05-01T05:00:00,,평일
8호선,2805,별내,804,,20250619,8호선,2827,모란,827,N,8호선,8191,2818,가락시장,817,N,15:34:30,15:35:10,,8182,상행,2025-05-01T05:00:00,,평일
8호선,2805,별내,804,,20250619,8호선,2827,모란,827,N,8호선,8191,2817,송파,816,N,15:36:20,15:36:50,,8182,상행,2025-05-01T05:00:00,,평일
8호선,2805,별내,804,,20250619,8호선,2827,모란,827,N,8호선,8191,2816,석촌,815,N,15:38:00,15:38:30,,8182,상행,2025-05-01T05:00:00,,평일
8호선,2805,별내,804,,20250619,8호선,2827,모란,827,N,8호선,8191,2815,잠실,814,N,15:40:20,15:41:00,,8182,상행,2025-05-01T05:00:00,,평일
8호선,2805,별내,804,,20250619,8호선,2827,모란,827,N,8호선,8191,2814,몽촌토성,813,N,15:42:10,15:42:40,,8182,상행,2025-05-01T05:00:00,,평일
8호선,2805,별내,804,,20250619,8호선,2827,모란,827,N,8호선,8191,2813,강동구청,812,N,15:44:40,15:45:10,,8182,상행,2025-05-01T05:00:00,,평일
8호선,2805,별내,804,,20250619,8호선,2827,모란,827,N,8호선,8191,2812,천호,811,N,15:46:30,15:47:10,,8182,상행,2025-05-01T05:00:00,,평일
8호선,2805,별내,804,,20250619,8호선,2827,모란,827,N,8호선,8191,2811,암사,810,N,15:48:40,15:49:10,,8182,상행,2025-05-01T05:00:00,,평일
8호선,2805,별내,804,,20250619,8호선,2827,모란,827,N,8호선,8191,2810,암사역사공원,809,N,15:51:10,15:51:40,,8182,상행,2025-05-01T05:00:00,,평일
8호선,2805,별내,804,,20250619,8호선,2827,모란,827,N,8호선,8191,2809,장자호수공원,808,N,15:55:20,15:55:50,,8182,상행,2025-05-01T05:00:00,,평일
8호선,2805,별내,804,,20250619,8호선,2827,모란,827,N,8호선,8191,2808,구리,807,N,15:58:00,15:58:40,,8182,상행,2025-05-01T05:00:00,,평일
8호선,2805,별내,804,,20250619,8호선,2827,모란,827,N,8호선,8191,2807,동구릉,806,N,16:00:00,16:00:30,,8182,상행,2025-05-01T05:00:00,,평일
8호선,2805,별내,804,,20250619,8호선,2827,모란,827,N,8호선,8191,2806,다산,805,N,16:02:50,16:03:20,,8182,상행,2025-05-01T05:00:00,,평일
8호선,2805,별내,804,,20250619,8호선,2827,모란,827,N,8호선,8191,2805,별내,804,N,16:06:30,,,8182,상행,2025-05-01T05:00:00,,평일
8호선,2805,별내,804,,20250619,8호선,2827,모란,827,N,8호선,8193,2827,모란,827,N,,15:24:00,,8184,상행,2025-05-01T05:00:00,,평일
8호선,2805,별내,804,,20250619,8호선,2827,모란,827,N,8호선,8193,2826,수진,826,N,15:25:30,15:25:50,,8184,상행,2025-05-01T05:00:00,,평일
8호선,2805,별내,804,,20250619,8호선,2827,모란,827,N,8호선,8193,2825,신흥,825,N,15:27:00,15:27:20,,8184,상행,2025-05-01T05:00:00,,평일
8호선,2805,별내,804,,20250619,8호선,2827,모란,827,N,8호선,8193,2824,단대오거리,824,N,15:28:30,15:29:00,,8184,상행,2025-05-01T05:00:00,,평일
8호선,2805,별내,804,,20250619,8호선,2827,모란,827,N,8호선,8193,2823,남한산성입구,823,N,15:30:10,15:30:40,,8184,상행,2025-05-01T05:00:00,,평일
8호선,2805,별내,804,,20250619,8호선,2827,모란,827,N,8호선,8193,2822,산성,822,N,15:32:50,15:33:20,,8184,상행,2025-05-01T05:00:00,,평일
8호선,2805,별내,804,,20250619,8호선,2827,모란,827,N,8호선,8193,2828,남위례,821,N,15:35:00,15:35:30,,8184,상행,2025-05-01T05:00:00,,평일
8호선,2805,별내,804,,20250619,8호선,2827,모란,827,N,8호선,8193,2821,복정,820,N,15:37:20,15:37:50,,8184,상행,2025-05-01T05:00:00,,평일
8호선,2805,별내,804,,20250619,8호선,2827,모란,827,N,8호선,8193,2820,장지,819,N,15:39:00,15:39:30,,8184,상행,2025-05-01T05:00:00,,평일
8호선,2805,별내,804,,20250619,8호선,2827,모란,827,N,8호선,8193,2819,문정,818,N,15:40:40,15:41:20,,8184,상행,2025-05-01T05:00:00,,평일
8호선,2805,별내,804,,20250619,8호선,2827,모란,827,N,8호선,8193,2818,가락시장,817,N,15:42:30,15:43:10,,8184,상행,2025-05-01T05:00:00,,평일
8호선,2805,별내,804,,20250619,8호선,2827,모란,827,N,8호선,8193,2817,송파,816,N,15:44:20,15:44:50,,8184,상행,2025-05-01T05:00:00,,평일
8호선,2805,별내,804,,20250619,8호선,2827,모란,827,N,8호선,8193,2816,석촌,815,N,15:46:00,15:46:30,,8184,상행,2025-05-01T05:00:00,,평일
8호선,2805,별내,804,,20250619,8호선,2827,모란,827,N,8호선,8193,2815,잠실,814,N,15:48:20,15:49:00,,8184,상행,2025-05-01T05:00:00,,평일
8호선,2805,별내,804,,20250619,8호선,2827,모란,827,N,8호선,8193,2814,몽촌토성,813,N,15:50:10,15:50:40,,8184,상행,2025-05-01T05:00:00,,평일
8호선,2805,별내,804,,20250619,8호선,2827,모란,827,N,8호선,8193,2813,강동구청,812,N,15:52:40,15:53:10,,8184,상행,2025-05-01T05:00:00,,평일
8호선,2805,별내,804,,20250619,8호선,2827,모란,827,N,8호선,8193,2812,천호,811,N,15:54:30,15:55:10,,8184,상행,2025-05-01T05:00:00,,평일
8호선,2805,별내,804,,20250619,8호선,2827,모란,827,N,8호선,8193,2811,암사,810,N,15:56:40,15:57:10,,8184,상행,2025-05-01T05:00:00,,평일
8호선,2805,별내,804,,20250619,8호선,2827,모란,827,N,8호선,8193,2810,암사역사공원,809,N,15:59:10,15:59:40,,8184,상행,2025-05-01T05:00:00,,평일
8호선,2805,별내,804,,20250619,8호선,2827,모란,827,N,8호선,8193,2809,장자호수공원,808,N,16:03:20,16:03:50,,8184,상행,2025-05-01T05:00:00,,평일
8호선,2805,별내,804,,20250619,8호선,2827,모란,827,N,8호선,8193,2808,구리,807,N,16:06:00,16:06:40,,8184,상행,2025-05-01T05:00:00,,평일
8호선,2805,별내,804,,20250619,8호선,2827,모란,827,N,8호선,8193,2807,동구릉,806,N,16:08:00,16:08:30,,8184,상행,2025-05-01T05:00:00,,평일
8호선,2805,별내,804,,20250619,8호선,2827,모란,827,N,8호선,8193,2806,다산,805,N,16:10:50,16:11:20,,8184,상행,2025-05-01T05:00:00,,평일
8호선,2805,별내,804,,20250619,8호선,2827,모란,827,N,8호선,8193,2805,별내,804,N,16:14:30,,,8184,상행,2025-05-01T05:00:00,,평일
8호선,2805,별내,804,,20250619,8호선,2827,모란,827,N,8호선,8195,2827,모란,827,N,,15:32:00,,8186,상행,2025-05-01T05:00:00,,평일
8호선,2805,별내,804,,20250619,8호선,2827,모란,827,N,8호선,8195,2826,수진,826,N,15:33:30,15:33:50,,8186,상행,2025-05-01T05:00:00,,평일
8호선,2805,별내,804,,20250619,8호선,2827,모란,827,N,8호선,8195,2825,신흥,825,N,15:35:00,15:35:20,,8186,상행,2025-05-01T05:00:00,,평일
8호선,2805,별내,804,,20250619,8호선,2827,모란,827,N,8호선,8195,2824,단대오거리,824,N,15:36:30,15:37:00,,8186,상행,2025-05-01T05:00:00,,평일
8호선,2805,별내,804,,20250619,8호선,2827,모란,827,N,8호선,8195,2823,남한산성입구,823,N,15:38:10,15:38:40,,8186,상행,2025-05-01T05:00:00,,평일
8호선,2805,별내,804,,20250619,8호선,2827,모란,827,N,8호선,8195,2822,산성,822,N,15:40:50,15:41:20,,8186,상행,2025-05-01T05:00:00,,평일
8호선,2805,별내,804,,20250619,8호선,2827,모란,827,N,8호선,8195,2828,남위례,821,N,15:43:00,15:43:30,,8186,상행,2025-05-01T05:00:00,,평일
8호선,2805,별내,804,,20250619,8호선,2827,모란,827,N,8호선,8195,2821,복정,820,N,15:45:20,15:45:50,,8186,상행,2025-05-01T05:00:00,,평일
8호선,2805,별내,804,,20250619,8호선,2827,모란,827,N,8호선,8195,2820,장지,819,N,15:47:00,15:47:30,,8186,상행,2025-05-01T05:00:00,,평일
8호선,2805,별내,804,,20250619,8호선,2827,모란,827,N,8호선,8195,2819,문정,818,N,15:48:40,15:49:20,,8186,상행,2025-05-01T05:00:00,,평일
8호선,2805,별내,804,,20250619,8호선,2827,모란,827,N,8호선,8195,2818,가락시장,817,N,15:50:30,15:51:10,,8186,상행,2025-05-01T05:00:00,,평일
8호선,2805,별내,804,,20250619,8호선,2827,모란,827,N,8호선,8195,2817,송파,816,N,15:52:20,15:52:50,,8186,상행,2025-05-01T05:00:00,,평일
8호선,2805,별내,804,,20250619,8호선,2827,모란,827,N,8호선,8195,2816,석촌,815,N,15:54:00,15:54:30,,8186,상행,2025-05-01T05:00:00,,평일
8호선,2805,별내,804,,20250619,8호선,2827,모란,827,N,8호선,8195,2815,잠실,814,N,15:56:20,15:57:00,,8186,상행,2025-05-01T05:00:00,,평일
8호선,2805,별내,804,,20250619,8호선,2827,모란,827,N,8호선,8195,2814,몽촌토성,813,N,15:58:10,15:58:40,,8186,상행,2025-05-01T05:00:00,,평일
8호선,2805,별내,804,,20250619,8호선,2827,모란,827,N,8호선,8195,2813,강동구청,812,N,16:00:40,16:01:10,,8186,상행,2025-05-01T05:00:00,,평일
8호선,2805,별내,804,,20250619,8호선,2827,모란,827,N,8호선,8195,2812,천호,811,N,16:02:30,16:03:10,,8186,상행,2025-05-01T05:00:00,,평일
8호선,2805,별내,804,,20250619,8호선,2827,모란,827,N,8호선,8195,2811,암사,810,N,16:04:40,16:05:10,,8186,상행,2025-05-01T05:00:00,,평일
8호선,2805,별내,804,,20250619,8호선,2827,모란,827,N,8호선,8195,2810,암사역사공원,809,N,16:07:10,16:07:40,,8186,상행,2025-05-01T05:00:00,,평일
8호선,2805,별내,804,,20250619,8호선,2827,모란,827,N,8호선,8195,2809,장자호수공원,808,N,16:11:20,16:11:50,,8186,상행,2025-05-01T05:00:00,,평일
8호선,2805,별내,804,,20250619,8호선,2827,모란,827,N,8호선,8195,2808,구리,807,N,16:14:00,16:14:40,,8186,상행,2025-05-01T05:00:00,,평일
8호선,2805,별내,804,,20250619,8호선,2827,모란,827,N,8호선,8195,2807,동구릉,806,N,16:16:00,16:16:30,,8186,상행,2025-05-01T05:00:00,,평일
8호선,2805,별내,804,,20250619,8호선,2827,모란,827,N,8호선,8195,2806,다산,805,N,16:18:50,16:19:20,,8186,상행,2025-05-01T05:00:00,,평일
8호선,2805,별내,804,,20250619,8호선,2827,모란,827,N,8호선,8195,2805,별내,804,N,16:22:30,,,8186,상행,2025-05-01T05:00:00,,평일
8호선,2805,별내,804,,20250619,8호선,2827,모란,827,N,8호선,8197,2827,모란,827,N,,15:40:00,,8188,상행,2025-05-01T05:00:00,,평일
8호선,2805,별내,804,,20250619,8호선,2827,모란,827,N,8호선,8197,2826,수진,826,N,15:41:30,15:41:50,,8188,상행,2025-05-01T05:00:00,,평일
8호선,2805,별내,804,,20250619,8호선,2827,모란,827,N,8호선,8197,2825,신흥,825,N,15:43:00,15:43:20,,8188,상행,2025-05-01T05:00:00,,평일
8호선,2805,별내,804,,20250619,8호선,2827,모란,827,N,8호선,8197,2824,단대오거리,824,N,15:44:30,15:45:00,,8188,상행,2025-05-01T05:00:00,,평일
8호선,2805,별내,804,,20250619,8호선,2827,모란,827,N,8호선,8197,2823,남한산성입구,823,N,15:46:10,15:46:40,,8188,상행,2025-05-01T05:00:00,,평일
8호선,2805,별내,804,,20250619,8호선,2827,모란,827,N,8호선,8197,2822,산성,822,N,15:48:50,15:49:20,,8188,상행,2025-05-01T05:00:00,,평일
8호선,2805,별내,804,,20250619,8호선,2827,모란,827,N,8호선,8197,2828,남위례,821,N,15:51:00,15:51:30,,8188,상행,2025-05-01T05:00:00,,평일
8호선,2805,별내,804,,20250619,8호선,2827,모란,827,N,8호선,8197,2821,복정,820,N,15:53:20,15:53:50,,8188,상행,2025-05-01T05:00:00,,평일
8호선,2805,별내,804,,20250619,8호선,2827,모란,827,N,8호선,8197,2820,장지,819,N,15:55:00,15:55:30,,8188,상행,2025-05-01T05:00:00,,평일
8호선,2805,별내,804,,20250619,8호선,2827,모란,827,N,8호선,8197,2819,문정,818,N,15:56:40,15:57:20,,8188,상행,2025-05-01T05:00:00,,평일
8호선,2805,별내,804,,20250619,8호선,2827,모란,827,N,8호선,8197,2818,가락시장,817,N,15:58:30,15:59:10,,8188,상행,2025-05-01T05:00:00,,평일
8호선,2805,별내,804,,20250619,8호선,2827,모란,827,N,8호선,8197,2817,송파,816,N,16:00:20,16:00:50,,8188,상행,2025-05-01T05:00:00,,평일
8호선,2805,별내,804,,20250619,8호선,2827,모란,827,N,8호선,8197,2816,석촌,815,N,16:02:00,16:02:30,,8188,상행,2025-05-01T05:00:00,,평일
8호선,2805,별내,804,,20250619,8호선,2827,모란,827,N,8호선,8197,2815,잠실,814,N,16:04:20,16:05:00,,8188,상행,2025-05-01T05:00:00,,평일
8호선,2805,별내,804,,20250619,8호선,2827,모란,827,N,8호선,8197,2814,몽촌토성,813,N,16:06:10,16:06:40,,8188,상행,2025-05-01T05:00:00,,평일
8호선,2805,별내,804,,20250619,8호선,2827,모란,827,N,8호선,8197,2813,강동구청,812,N,16:08:40,16:09:10,,8188,상행,2025-05-01T05:00:00,,평일
8호선,2805,별내,804,,20250619,8호선,2827,모란,827,N,8호선,8197,2812,천호,811,N,16:10:30,16:11:10,,8188,상행,2025-05-01T05:00:00,,평일
8호선,2805,별내,804,,20250619,8호선,2827,모란,827,N,8호선,8197,2811,암사,810,N,16:12:40,16:13:10,,8188,상행,2025-05-01T05:00:00,,평일
8호선,2805,별내,804,,20250619,8호선,2827,모란,827,N,8호선,8197,2810,암사역사공원,809,N,16:15:10,16:15:40,,8188,상행,2025-05-01T05:00:00,,평일
8호선,2805,별내,804,,20250619,8호선,2827,모란,827,N,8호선,8197,2809,장자호수공원,808,N,16:19:20,16:19:50,,8188,상행,2025-05-01T05:00:00,,평일
8호선,2805,별내,804,,20250619,8호선,2827,모란,827,N,8호선,8197,2808,구리,807,N,16:22:00,16:22:40,,8188,상행,2025-05-01T05:00:00,,평일
8호선,2805,별내,804,,20250619,8호선,2827,모란,827,N,8호선,8197,2807,동구릉,806,N,16:24:00,16:24:30,,8188,상행,2025-05-01T05:00:00,,평일
8호선,2805,별내,804,,20250619,8호선,2827,모란,827,N,8호선,8197,2806,다산,805,N,16:26:50,16:27:20,,8188,상행,2025-05-01T05:00:00,,평일
8호선,2805,별내,804,,20250619,8호선,2827,모란,827,N,8호선,8197,2805,별내,804,N,16:30:30,,,8188,상행,2025-05-01T05:00:00,,평일
8호선,2805,별내,804,,20250619,8호선,2827,모란,827,N,8호선,8199,2827,모란,827,N,,15:48:00,,8190,상행,2025-05-01T05:00:00,,평일
8호선,2805,별내,804,,20250619,8호선,2827,모란,827,N,8호선,8199,2826,수진,826,N,15:49:30,15:49:50,,8190,상행,2025-05-01T05:00:00,,평일
8호선,2805,별내,804,,20250619,8호선,2827,모란,827,N,8호선,8199,2825,신흥,825,N,15:51:00,15:51:20,,8190,상행,2025-05-01T05:00:00,,평일
8호선,2805,별내,804,,20250619,8호선,2827,모란,827,N,8호선,8199,2824,단대오거리,824,N,15:52:30,15:53:00,,8190,상행,2025-05-01T05:00:00,,평일
8호선,2805,별내,804,,20250619,8호선,2827,모란,827,N,8호선,8199,2823,남한산성입구,823,N,15:54:10,15:54:40,,8190,상행,2025-05-01T05:00:00,,평일
8호선,2805,별내,804,,20250619,8호선,2827,모란,827,N,8호선,8199,2822,산성,822,N,15:56:50,15:57:20,,8190,상행,2025-05-01T05:00:00,,평일
8호선,2805,별내,804,,20250619,8호선,2827,모란,827,N,8호선,8199,2828,남위례,821,N,15:59:00,15:59:30,,8190,상행,2025-05-01T05:00:00,,평일
8호선,2805,별내,804,,20250619,8호선,2827,모란,827,N,8호선,8199,2821,복정,820,N,16:01:20,16:01:50,,8190,상행,2025-05-01T05:00:00,,평일
8호선,2805,별내,804,,20250619,8호선,2827,모란,827,N,8호선,8199,2820,장지,819,N,16:03:00,16:03:30,,8190,상행,2025-05-01T05:00:00,,평일
8호선,2805,별내,804,,20250619,8호선,2827,모란,827,N,8호선,8199,2819,문정,818,N,16:04:40,16:05:20,,8190,상행,2025-05-01T05:00:00,,평일
8호선,2805,별내,804,,20250619,8호선,2827,모란,827,N,8호선,8199,2818,가락시장,817,N,16:06:30,16:07:10,,8190,상행,2025-05-01T05:00:00,,평일
8호선,2805,별내,804,,20250619,8호선,2827,모란,827,N,8호선,8199,2817,송파,816,N,16:08:20,16:08:50,,8190,상행,2025-05-01T05:00:00,,평일
8호선,2805,별내,804,,20250619,8호선,2827,모란,827,N,8호선,8199,2816,석촌,815,N,16:10:00,16:10:30,,8190,상행,2025-05-01T05:00:00,,평일
8호선,2805,별내,804,,20250619,8호선,2827,모란,827,N,8호선,8199,2815,잠실,814,N,16:12:20,16:13:00,,8190,상행,2025-05-01T05:00:00,,평일
8호선,2805,별내,804,,20250619,8호선,2827,모란,827,N,8호선,8199,2814,몽촌토성,813,N,16:14:10,16:14:40,,8190,상행,2025-05-01T05:00:00,,평일
8호선,2805,별내,804,,20250619,8호선,2827,모란,827,N,8호선,8199,2813,강동구청,812,N,16:16:40,16:17:10,,8190,상행,2025-05-01T05:00:00,,평일
8호선,2805,별내,804,,20250619,8호선,2827,모란,827,N,8호선,8199,2812,천호,811,N,16:18:30,16:19:10,,8190,상행,2025-05-01T05:00:00,,평일
8호선,2805,별내,804,,20250619,8호선,2827,모란,827,N,8호선,8199,2811,암사,810,N,16:20:40,16:21:10,,8190,상행,2025-05-01T05:00:00,,평일
8호선,2805,별내,804,,20250619,8호선,2827,모란,827,N,8호선,8199,2810,암사역사공원,809,N,16:23:10,16:23:40,,8190,상행,2025-05-01T05:00:00,,평일
8호선,2805,별내,804,,20250619,8호선,2827,모란,827,N,8호선,8199,2809,장자호수공원,808,N,16:27:20,16:27:50,,8190,상행,2025-05-01T05:00:00,,평일
8호선,2805,별내,804,,20250619,8호선,2827,모란,827,N,8호선,8199,2808,구리,807,N,16:30:00,16:30:40,,8190,상행,2025-05-01T05:00:00,,평일
8호선,2805,별내,804,,20250619,8호선,2827,모란,827,N,8호선,8199,2807,동구릉,806,N,16:32:00,16:32:30,,8190,상행,2025-05-01T05:00:00,,평일
8호선,2805,별내,804,,20250619,8호선,2827,모란,827,N,8호선,8199,2806,다산,805,N,16:34:50,16:35:20,,8190,상행,2025-05-01T05:00:00,,평일
8호선,2805,별내,804,,20250619,8호선,2827,모란,827,N,8호선,8199,2805,별내,804,N,16:38:30,,,8190,상행,2025-05-01T05:00:00,,평일
8호선,2805,별내,804,,20250619,8호선,2827,모란,827,N,8호선,8201,2827,모란,827,N,,15:56:00,,8192,상행,2025-05-01T05:00:00,,평일
8호선,2805,별내,804,,20250619,8호선,2827,모란,827,N,8호선,8201,2826,수진,826,N,15:57:30,15:57:50,,8192,상행,2025-05-01T05:00:00,,평일
8호선,2805,별내,804,,20250619,8호선,2827,모란,827,N,8호선,8201,2825,신흥,825,N,15:59:00,15:59:20,,8192,상행,2025-05-01T05:00:00,,평일
8호선,2805,별내,804,,20250619,8호선,2827,모란,827,N,8호선,8201,2824,단대오거리,824,N,16:00:30,16:01:00,,8192,상행,2025-05-01T05:00:00,,평일
8호선,2805,별내,804,,20250619,8호선,2827,모란,827,N,8호선,8201,2823,남한산성입구,823,N,16:02:10,16:02:40,,8192,상행,2025-05-01T05:00:00,,평일
8호선,2805,별내,804,,20250619,8호선,2827,모란,827,N,8호선,8201,2822,산성,822,N,16:04:50,16:05:20,,8192,상행,2025-05-01T05:00:00,,평일
8호선,2805,별내,804,,20250619,8호선,2827,모란,827,N,8호선,8201,2828,남위례,821,N,16:07:00,16:07:30,,8192,상행,2025-05-01T05:00:00,,평일
8호선,2805,별내,804,,20250619,8호선,2827,모란,827,N,8호선,8201,2821,복정,820,N,16:09:20,16:09:50,,8192,상행,2025-05-01T05:00:00,,평일
8호선,2805,별내,804,,20250619,8호선,2827,모란,827,N,8호선,8201,2820,장지,819,N,16:11:00,16:11:30,,8192,상행,2025-05-01T05:00:00,,평일
8호선,2805,별내,804,,20250619,8호선,2827,모란,827,N,8호선,8201,2819,문정,818,N,16:12:40,16:13:20,,8192,상행,2025-05-01T05:00:00,,평일
8호선,2805,별내,804,,20250619,8호선,2827,모란,827,N,8호선,8201,2818,가락시장,817,N,16:14:30,16:15:10,,8192,상행,2025-05-01T05:00:00,,평일
8호선,2805,별내,804,,20250619,8호선,2827,모란,827,N,8호선,8201,2817,송파,816,N,16:16:20,16:16:50,,8192,상행,2025-05-01T05:00:00,,평일
8호선,2805,별내,804,,20250619,8호선,2827,모란,827,N,8호선,8201,2816,석촌,815,N,16:18:00,16:18:30,,8192,상행,2025-05-01T05:00:00,,평일
8호선,2805,별내,804,,20250619,8호선,2827,모란,827,N,8호선,8201,2815,잠실,814,N,16:20:20,16:21:00,,8192,상행,2025-05-01T05:00:00,,평일
8호선,2805,별내,804,,20250619,8호선,2827,모란,827,N,8호선,8201,2814,몽촌토성,813,N,16:22:10,16:22:40,,8192,상행,2025-05-01T05:00:00,,평일
8호선,2805,별내,804,,20250619,8호선,2827,모란,827,N,8호선,8201,2813,강동구청,812,N,16:24:40,16:25:10,,8192,상행,2025-05-01T05:00:00,,평일
8호선,2805,별내,804,,20250619,8호선,2827,모란,827,N,8호선,8201,2812,천호,811,N,16:26:30,16:27:10,,8192,상행,2025-05-01T05:00:00,,평일
8호선,2805,별내,804,,20250619,8호선,2827,모란,827,N,8호선,8201,2811,암사,810,N,16:28:40,16:29:10,,8192,상행,2025-05-01T05:00:00,,평일
8호선,2805,별내,804,,20250619,8호선,2827,모란,827,N,8호선,8201,2810,암사역사공원,809,N,16:31:10,16:31:40,,8192,상행,2025-05-01T05:00:00,,평일
8호선,2805,별내,804,,20250619,8호선,2827,모란,827,N,8호선,8201,2809,장자호수공원,808,N,16:35:20,16:35:50,,8192,상행,2025-05-01T05:00:00,,평일
8호선,2805,별내,804,,20250619,8호선,2827,모란,827,N,8호선,8201,2808,구리,807,N,16:38:00,16:38:40,,8192,상행,2025-05-01T05:00:00,,평일
8호선,2805,별내,804,,20250619,8호선,2827,모란,827,N,8호선,8201,2807,동구릉,806,N,16:40:00,16:40:30,,8192,상행,2025-05-01T05:00:00,,평일
8호선,2805,별내,804,,20250619,8호선,2827,모란,827,N,8호선,8201,2806,다산,805,N,16:42:50,16:43:20,,8192,상행,2025-05-01T05:00:00,,평일
8호선,2805,별내,804,,20250619,8호선,2827,모란,827,N,8호선,8201,2805,별내,804,N,16:46:30,,,8192,상행,2025-05-01T05:00:00,,평일
8호선,2805,별내,804,,20250619,8호선,2827,모란,827,N,8호선,8203,2827,모란,827,N,,16:03:00,,8194,상행,2025-05-01T05:00:00,,평일
8호선,2805,별내,804,,20250619,8호선,2827,모란,827,N,8호선,8203,2826,수진,826,N,16:04:30,16:04:50,,8194,상행,2025-05-01T05:00:00,,평일
8호선,2805,별내,804,,20250619,8호선,2827,모란,827,N,8호선,8203,2825,신흥,825,N,16:06:00,16:06:20,,8194,상행,2025-05-01T05:00:00,,평일
8호선,2805,별내,804,,20250619,8호선,2827,모란,827,N,8호선,8203,2824,단대오거리,824,N,16:07:30,16:08:00,,8194,상행,2025-05-01T05:00:00,,평일
8호선,2805,별내,804,,20250619,8호선,2827,모란,827,N,8호선,8203,2823,남한산성입구,823,N,16:09:10,16:09:40,,8194,상행,2025-05-01T05:00:00,,평일
8호선,2805,별내,804,,20250619,8호선,2827,모란,827,N,8호선,8203,2822,산성,822,N,16:11:50,16:12:20,,8194,상행,2025-05-01T05:00:00,,평일
8호선,2805,별내,804,,20250619,8호선,2827,모란,827,N,8호선,8203,2828,남위례,821,N,16:14:00,16:14:30,,8194,상행,2025-05-01T05:00:00,,평일
8호선,2805,별내,804,,20250619,8호선,2827,모란,827,N,8호선,8203,2821,복정,820,N,16:16:20,16:17:00,,8194,상행,2025-05-01T05:00:00,,평일
8호선,2805,별내,804,,20250619,8호선,2827,모란,827,N,8호선,8203,2820,장지,819,N,16:18:10,16:18:40,,8194,상행,2025-05-01T05:00:00,,평일
8호선,2805,별내,804,,20250619,8호선,2827,모란,827,N,8호선,8203,2819,문정,818,N,16:19:50,16:20:30,,8194,상행,2025-05-01T05:00:00,,평일
8호선,2805,별내,804,,20250619,8호선,2827,모란,827,N,8호선,8203,2818,가락시장,817,N,16:21:40,16:22:20,,8194,상행,2025-05-01T05:00:00,,평일
8호선,2805,별내,804,,20250619,8호선,2827,모란,827,N,8호선,8203,2817,송파,816,N,16:23:30,16:24:00,,8194,상행,2025-05-01T05:00:00,,평일
8호선,2805,별내,804,,20250619,8호선,2827,모란,827,N,8호선,8203,2816,석촌,815,N,16:25:10,16:25:50,,8194,상행,2025-05-01T05:00:00,,평일
8호선,2805,별내,804,,20250619,8호선,2827,모란,827,N,8호선,8203,2815,잠실,814,N,16:27:40,16:28:20,,8194,상행,2025-05-01T05:00:00,,평일
8호선,2805,별내,804,,20250619,8호선,2827,모란,827,N,8호선,8203,2814,몽촌토성,813,N,16:29:30,16:30:00,,8194,상행,2025-05-01T05:00:00,,평일
8호선,2805,별내,804,,20250619,8호선,2827,모란,827,N,8호선,8203,2813,강동구청,812,N,16:32:00,16:32:40,,8194,상행,2025-05-01T05:00:00,,평일
8호선,2805,별내,804,,20250619,8호선,2827,모란,827,N,8호선,8203,2812,천호,811,N,16:34:00,16:34:40,,8194,상행,2025-05-01T05:00:00,,평일
8호선,2805,별내,804,,20250619,8호선,2827,모란,827,N,8호선,8203,2811,암사,810,N,16:36:10,16:36:40,,8194,상행,2025-05-01T05:00:00,,평일
8호선,2805,별내,804,,20250619,8호선,2827,모란,827,N,8호선,8203,2810,암사역사공원,809,N,16:38:40,16:39:10,,8194,상행,2025-05-01T05:00:00,,평일
8호선,2805,별내,804,,20250619,8호선,2827,모란,827,N,8호선,8203,2809,장자호수공원,808,N,16:42:50,16:43:20,,8194,상행,2025-05-01T05:00:00,,평일
8호선,2805,별내,804,,20250619,8호선,2827,모란,827,N,8호선,8203,2808,구리,807,N,16:45:30,16:46:10,,8194,상행,2025-05-01T05:00:00,,평일
8호선,2805,별내,804,,20250619,8호선,2827,모란,827,N,8호선,8203,2807,동구릉,806,N,16:47:30,16:48:00,,8194,상행,2025-05-01T05:00:00,,평일
8호선,2805,별내,804,,20250619,8호선,2827,모란,827,N,8호선,8203,2806,다산,805,N,16:50:20,16:50:50,,8194,상행,2025-05-01T05:00:00,,평일
8호선,2805,별내,804,,20250619,8호선,2827,모란,827,N,8호선,8203,2805,별내,804,N,16:54:00,,,8194,상행,2025-05-01T05:00:00,,평일
8호선,2805,별내,804,,20250619,8호선,2827,모란,827,N,8호선,8205,2827,모란,827,N,,16:10:00,,8196,상행,2025-05-01T05:00:00,,평일
8호선,2805,별내,804,,20250619,8호선,2827,모란,827,N,8호선,8205,2826,수진,826,N,16:11:30,16:11:50,,8196,상행,2025-05-01T05:00:00,,평일
8호선,2805,별내,804,,20250619,8호선,2827,모란,827,N,8호선,8205,2825,신흥,825,N,16:13:00,16:13:20,,8196,상행,2025-05-01T05:00:00,,평일
8호선,2805,별내,804,,20250619,8호선,2827,모란,827,N,8호선,8205,2824,단대오거리,824,N,16:14:30,16:15:00,,8196,상행,2025-05-01T05:00:00,,평일
8호선,2805,별내,804,,20250619,8호선,2827,모란,827,N,8호선,8205,2823,남한산성입구,823,N,16:16:10,16:16:40,,8196,상행,2025-05-01T05:00:00,,평일
8호선,2805,별내,804,,20250619,8호선,2827,모란,827,N,8호선,8205,2822,산성,822,N,16:18:50,16:19:20,,8196,상행,2025-05-01T05:00:00,,평일
8호선,2805,별내,804,,20250619,8호선,2827,모란,827,N,8호선,8205,2828,남위례,821,N,16:21:00,16:21:30,,8196,상행,2025-05-01T05:00:00,,평일
8호선,2805,별내,804,,20250619,8호선,2827,모란,827,N,8호선,8205,2821,복정,820,N,16:23:20,16:24:00,,8196,상행,2025-05-01T05:00:00,,평일
8호선,2805,별내,804,,20250619,8호선,2827,모란,827,N,8호선,8205,2820,장지,819,N,16:25:10,16:25:40,,8196,상행,2025-05-01T05:00:00,,평일
8호선,2805,별내,804,,20250619,8호선,2827,모란,827,N,8호선,8205,2819,문정,818,N,16:26:50,16:27:30,,8196,상행,2025-05-01T05:00:00,,평일
8호선,2805,별내,804,,20250619,8호선,2827,모란,827,N,8호선,8205,2818,가락시장,817,N,16:28:40,16:29:20,,8196,상행,2025-05-01T05:00:00,,평일
8호선,2805,별내,804,,20250619,8호선,2827,모란,827,N,8호선,8205,2817,송파,816,N,16:30:30,16:31:00,,8196,상행,2025-05-01T05:00:00,,평일
8호선,2805,별내,804,,20250619,8호선,2827,모란,827,N,8호선,8205,2816,석촌,815,N,16:32:10,16:32:50,,8196,상행,2025-05-01T05:00:00,,평일
8호선,2805,별내,804,,20250619,8호선,2827,모란,827,N,8호선,8205,2815,잠실,814,N,16:34:40,16:35:20,,8196,상행,2025-05-01T05:00:00,,평일
8호선,2805,별내,804,,20250619,8호선,2827,모란,827,N,8호선,8205,2814,몽촌토성,813,N,16:36:30,16:37:00,,8196,상행,2025-05-01T05:00:00,,평일
8호선,2805,별내,804,,20250619,8호선,2827,모란,827,N,8호선,8205,2813,강동구청,812,N,16:39:00,16:39:40,,8196,상행,2025-05-01T05:00:00,,평일
8호선,2805,별내,804,,20250619,8호선,2827,모란,827,N,8호선,8205,2812,천호,811,N,16:41:00,16:41:40,,8196,상행,2025-05-01T05:00:00,,평일
8호선,2805,별내,804,,20250619,8호선,2827,모란,827,N,8호선,8205,2811,암사,810,N,16:43:10,16:43:40,,8196,상행,2025-05-01T05:00:00,,평일
8호선,2805,별내,804,,20250619,8호선,2827,모란,827,N,8호선,8205,2810,암사역사공원,809,N,16:45:40,16:46:10,,8196,상행,2025-05-01T05:00:00,,평일
8호선,2805,별내,804,,20250619,8호선,2827,모란,827,N,8호선,8205,2809,장자호수공원,808,N,16:49:50,16:50:20,,8196,상행,2025-05-01T05:00:00,,평일
8호선,2805,별내,804,,20250619,8호선,2827,모란,827,N,8호선,8205,2808,구리,807,N,16:52:30,16:53:10,,8196,상행,2025-05-01T05:00:00,,평일
8호선,2805,별내,804,,20250619,8호선,2827,모란,827,N,8호선,8205,2807,동구릉,806,N,16:54:30,16:55:00,,8196,상행,2025-05-01T05:00:00,,평일
8호선,2805,별내,804,,20250619,8호선,2827,모란,827,N,8호선,8205,2806,다산,805,N,16:57:20,16:57:50,,8196,상행,2025-05-01T05:00:00,,평일
8호선,2805,별내,804,,20250619,8호선,2827,모란,827,N,8호선,8205,2805,별내,804,N,17:01:00,,,8196,상행,2025-05-01T05:00:00,,평일
8호선,2805,별내,804,,20250619,8호선,2827,모란,827,N,8호선,8207,2827,모란,827,N,,16:16:30,,8198,상행,2025-05-01T05:00:00,,평일
8호선,2805,별내,804,,20250619,8호선,2827,모란,827,N,8호선,8207,2826,수진,826,N,16:18:00,16:18:20,,8198,상행,2025-05-01T05:00:00,,평일
8호선,2805,별내,804,,20250619,8호선,2827,모란,827,N,8호선,8207,2825,신흥,825,N,16:19:30,16:19:50,,8198,상행,2025-05-01T05:00:00,,평일
8호선,2805,별내,804,,20250619,8호선,2827,모란,827,N,8호선,8207,2824,단대오거리,824,N,16:21:00,16:21:30,,8198,상행,2025-05-01T05:00:00,,평일
8호선,2805,별내,804,,20250619,8호선,2827,모란,827,N,8호선,8207,2823,남한산성입구,823,N,16:22:40,16:23:10,,8198,상행,2025-05-01T05:00:00,,평일
8호선,2805,별내,804,,20250619,8호선,2827,모란,827,N,8호선,8207,2822,산성,822,N,16:25:20,16:25:50,,8198,상행,2025-05-01T05:00:00,,평일
8호선,2805,별내,804,,20250619,8호선,2827,모란,827,N,8호선,8207,2828,남위례,821,N,16:27:30,16:28:00,,8198,상행,2025-05-01T05:00:00,,평일
8호선,2805,별내,804,,20250619,8호선,2827,모란,827,N,8호선,8207,2821,복정,820,N,16:29:50,16:30:30,,8198,상행,2025-05-01T05:00:00,,평일
8호선,2805,별내,804,,20250619,8호선,2827,모란,827,N,8호선,8207,2820,장지,819,N,16:31:40,16:32:10,,8198,상행,2025-05-01T05:00:00,,평일
8호선,2805,별내,804,,20250619,8호선,2827,모란,827,N,8호선,8207,2819,문정,818,N,16:33:20,16:34:00,,8198,상행,2025-05-01T05:00:00,,평일
8호선,2805,별내,804,,20250619,8호선,2827,모란,827,N,8호선,8207,2818,가락시장,817,N,16:35:10,16:35:50,,8198,상행,2025-05-01T05:00:00,,평일
8호선,2805,별내,804,,20250619,8호선,2827,모란,827,N,8호선,8207,2817,송파,816,N,16:37:00,16:37:30,,8198,상행,2025-05-01T05:00:00,,평일
8호선,2805,별내,804,,20250619,8호선,2827,모란,827,N,8호선,8207,2816,석촌,815,N,16:38:40,16:39:20,,8198,상행,2025-05-01T05:00:00,,평일
8호선,2805,별내,804,,20250619,8호선,2827,모란,827,N,8호선,8207,2815,잠실,814,N,16:41:10,16:41:50,,8198,상행,2025-05-01T05:00:00,,평일
8호선,2805,별내,804,,20250619,8호선,2827,모란,827,N,8호선,8207,2814,몽촌토성,813,N,16:43:00,16:43:30,,8198,상행,2025-05-01T05:00:00,,평일
8호선,2805,별내,804,,20250619,8호선,2827,모란,827,N,8호선,8207,2813,강동구청,812,N,16:45:30,16:46:10,,8198,상행,2025-05-01T05:00:00,,평일
8호선,2805,별내,804,,20250619,8호선,2827,모란,827,N,8호선,8207,2812,천호,811,N,16:47:30,16:48:10,,8198,상행,2025-05-01T05:00:00,,평일
8호선,2805,별내,804,,20250619,8호선,2827,모란,827,N,8호선,8207,2811,암사,810,N,16:49:40,16:50:10,,8198,상행,2025-05-01T05:00:00,,평일
8호선,2805,별내,804,,20250619,8호선,2827,모란,827,N,8호선,8207,2810,암사역사공원,809,N,16:52:10,16:52:40,,8198,상행,2025-05-01T05:00:00,,평일
8호선,2805,별내,804,,20250619,8호선,2827,모란,827,N,8호선,8207,2809,장자호수공원,808,N,16:56:20,16:56:50,,8198,상행,2025-05-01T05:00:00,,평일
8호선,2805,별내,804,,20250619,8호선,2827,모란,827,N,8호선,8207,2808,구리,807,N,16:59:00,16:59:40,,8198,상행,2025-05-01T05:00:00,,평일
8호선,2805,별내,804,,20250619,8호선,2827,모란,827,N,8호선,8207,2807,동구릉,806,N,17:01:00,17:01:30,,8198,상행,2025-05-01T05:00:00,,평일
8호선,2805,별내,804,,20250619,8호선,2827,모란,827,N,8호선,8207,2806,다산,805,N,17:03:50,17:04:20,,8198,상행,2025-05-01T05:00:00,,평일
8호선,2805,별내,804,,20250619,8호선,2827,모란,827,N,8호선,8207,2805,별내,804,N,17:07:30,,,8198,상행,2025-05-01T05:00:00,,평일
8호선,2805,별내,804,,20250619,8호선,2827,모란,827,N,8호선,8209,2827,모란,827,N,,16:23:00,,8200,상행,2025-05-01T05:00:00,,평일
8호선,2805,별내,804,,20250619,8호선,2827,모란,827,N,8호선,8209,2826,수진,826,N,16:24:30,16:24:50,,8200,상행,2025-05-01T05:00:00,,평일
8호선,2805,별내,804,,20250619,8호선,2827,모란,827,N,8호선,8209,2825,신흥,825,N,16:26:00,16:26:20,,8200,상행,2025-05-01T05:00:00,,평일
8호선,2805,별내,804,,20250619,8호선,2827,모란,827,N,8호선,8209,2824,단대오거리,824,N,16:27:30,16:28:00,,8200,상행,2025-05-01T05:00:00,,평일
8호선,2805,별내,804,,20250619,8호선,2827,모란,827,N,8호선,8209,2823,남한산성입구,823,N,16:29:10,16:29:40,,8200,상행,2025-05-01T05:00:00,,평일
8호선,2805,별내,804,,20250619,8호선,2827,모란,827,N,8호선,8209,2822,산성,822,N,16:31:50,16:32:20,,8200,상행,2025-05-01T05:00:00,,평일
8호선,2805,별내,804,,20250619,8호선,2827,모란,827,N,8호선,8209,2828,남위례,821,N,16:34:00,16:34:30,,8200,상행,2025-05-01T05:00:00,,평일
8호선,2805,별내,804,,20250619,8호선,2827,모란,827,N,8호선,8209,2821,복정,820,N,16:36:20,16:37:00,,8200,상행,2025-05-01T05:00:00,,평일
8호선,2805,별내,804,,20250619,8호선,2827,모란,827,N,8호선,8209,2820,장지,819,N,16:38:10,16:38:40,,8200,상행,2025-05-01T05:00:00,,평일
8호선,2805,별내,804,,20250619,8호선,2827,모란,827,N,8호선,8209,2819,문정,818,N,16:39:50,16:40:30,,8200,상행,2025-05-01T05:00:00,,평일
8호선,2805,별내,804,,20250619,8호선,2827,모란,827,N,8호선,8209,2818,가락시장,817,N,16:41:40,16:42:20,,8200,상행,2025-05-01T05:00:00,,평일
8호선,2805,별내,804,,20250619,8호선,2827,모란,827,N,8호선,8209,2817,송파,816,N,16:43:30,16:44:00,,8200,상행,2025-05-01T05:00:00,,평일
8호선,2805,별내,804,,20250619,8호선,2827,모란,827,N,8호선,8209,2816,석촌,815,N,16:45:10,16:45:50,,8200,상행,2025-05-01T05:00:00,,평일
8호선,2805,별내,804,,20250619,8호선,2827,모란,827,N,8호선,8209,2815,잠실,814,N,16:47:40,16:48:20,,8200,상행,2025-05-01T05:00:00,,평일
8호선,2805,별내,804,,20250619,8호선,2827,모란,827,N,8호선,8209,2814,몽촌토성,813,N,16:49:30,16:50:00,,8200,상행,2025-05-01T05:00:00,,평일
8호선,2805,별내,804,,20250619,8호선,2827,모란,827,N,8호선,8209,2813,강동구청,812,N,16:52:00,16:52:40,,8200,상행,2025-05-01T05:00:00,,평일
8호선,2805,별내,804,,20250619,8호선,2827,모란,827,N,8호선,8209,2812,천호,811,N,16:54:00,16:54:40,,8200,상행,2025-05-01T05:00:00,,평일
8호선,2805,별내,804,,20250619,8호선,2827,모란,827,N,8호선,8209,2811,암사,810,N,16:56:10,16:56:40,,8200,상행,2025-05-01T05:00:00,,평일
8호선,2805,별내,804,,20250619,8호선,2827,모란,827,N,8호선,8209,2810,암사역사공원,809,N,16:58:40,16:59:10,,8200,상행,2025-05-01T05:00:00,,평일
8호선,2805,별내,804,,20250619,8호선,2827,모란,827,N,8호선,8209,2809,장자호수공원,808,N,17:02:50,17:03:20,,8200,상행,2025-05-01T05:00:00,,평일
8호선,2805,별내,804,,20250619,8호선,2827,모란,827,N,8호선,8209,2808,구리,807,N,17:05:30,17:06:10,,8200,상행,2025-05-01T05:00:00,,평일
8호선,2805,별내,804,,20250619,8호선,2827,모란,827,N,8호선,8209,2807,동구릉,806,N,17:07:30,17:08:00,,8200,상행,2025-05-01T05:00:00,,평일
8호선,2805,별내,804,,20250619,8호선,2827,모란,827,N,8호선,8209,2806,다산,805,N,17:10:20,17:10:50,,8200,상행,2025-05-01T05:00:00,,평일
8호선,2805,별내,804,,20250619,8호선,2827,모란,827,N,8호선,8209,2805,별내,804,N,17:14:00,,,8200,상행,2025-05-01T05:00:00,,평일
8호선,2805,별내,804,,20250619,8호선,2827,모란,827,N,8호선,8211,2827,모란,827,N,,16:29:00,,8202,상행,2025-05-01T05:00:00,,평일
8호선,2805,별내,804,,20250619,8호선,2827,모란,827,N,8호선,8211,2826,수진,826,N,16:30:30,16:30:50,,8202,상행,2025-05-01T05:00:00,,평일
8호선,2805,별내,804,,20250619,8호선,2827,모란,827,N,8호선,8211,2825,신흥,825,N,16:32:00,16:32:30,,8202,상행,2025-05-01T05:00:00,,평일
8호선,2805,별내,804,,20250619,8호선,2827,모란,827,N,8호선,8211,2824,단대오거리,824,N,16:33:40,16:34:10,,8202,상행,2025-05-01T05:00:00,,평일
8호선,2805,별내,804,,20250619,8호선,2827,모란,827,N,8호선,8211,2823,남한산성입구,823,N,16:35:20,16:35:50,,8202,상행,2025-05-01T05:00:00,,평일
8호선,2805,별내,804,,20250619,8호선,2827,모란,827,N,8호선,8211,2822,산성,822,N,16:38:00,16:38:30,,8202,상행,2025-05-01T05:00:00,,평일
8호선,2805,별내,804,,20250619,8호선,2827,모란,827,N,8호선,8211,2828,남위례,821,N,16:40:10,16:40:40,,8202,상행,2025-05-01T05:00:00,,평일
8호선,2805,별내,804,,20250619,8호선,2827,모란,827,N,8호선,8211,2821,복정,820,N,16:42:30,16:43:10,,8202,상행,2025-05-01T05:00:00,,평일
8호선,2805,별내,804,,20250619,8호선,2827,모란,827,N,8호선,8211,2820,장지,819,N,16:44:20,16:44:50,,8202,상행,2025-05-01T05:00:00,,평일
8호선,2805,별내,804,,20250619,8호선,2827,모란,827,N,8호선,8211,2819,문정,818,N,16:46:00,16:46:40,,8202,상행,2025-05-01T05:00:00,,평일
8호선,2805,별내,804,,20250619,8호선,2827,모란,827,N,8호선,8211,2818,가락시장,817,N,16:47:50,16:48:30,,8202,상행,2025-05-01T05:00:00,,평일
8호선,2805,별내,804,,20250619,8호선,2827,모란,827,N,8호선,8211,2817,송파,816,N,16:49:40,16:50:20,,8202,상행,2025-05-01T05:00:00,,평일
8호선,2805,별내,804,,20250619,8호선,2827,모란,827,N,8호선,8211,2816,석촌,815,N,16:51:30,16:52:10,,8202,상행,2025-05-01T05:00:00,,평일
8호선,2805,별내,804,,20250619,8호선,2827,모란,827,N,8호선,8211,2815,잠실,814,N,16:54:00,16:54:40,,8202,상행,2025-05-01T05:00:00,,평일
8호선,2805,별내,804,,20250619,8호선,2827,모란,827,N,8호선,8211,2814,몽촌토성,813,N,16:55:50,16:56:30,,8202,상행,2025-05-01T05:00:00,,평일
8호선,2805,별내,804,,20250619,8호선,2827,모란,827,N,8호선,8211,2813,강동구청,812,N,16:58:30,16:59:10,,8202,상행,2025-05-01T05:00:00,,평일
8호선,2805,별내,804,,20250619,8호선,2827,모란,827,N,8호선,8211,2812,천호,811,N,17:00:30,17:01:10,,8202,상행,2025-05-01T05:00:00,,평일
8호선,2805,별내,804,,20250619,8호선,2827,모란,827,N,8호선,8211,2811,암사,810,N,17:02:40,17:03:10,,8202,상행,2025-05-01T05:00:00,,평일
8호선,2805,별내,804,,20250619,8호선,2827,모란,827,N,8호선,8211,2810,암사역사공원,809,N,17:05:10,17:05:40,,8202,상행,2025-05-01T05:00:00,,평일
8호선,2805,별내,804,,20250619,8호선,2827,모란,827,N,8호선,8211,2809,장자호수공원,808,N,17:09:20,17:09:50,,8202,상행,2025-05-01T05:00:00,,평일
8호선,2805,별내,804,,20250619,8호선,2827,모란,827,N,8호선,8211,2808,구리,807,N,17:12:00,17:12:40,,8202,상행,2025-05-01T05:00:00,,평일
8호선,2805,별내,804,,20250619,8호선,2827,모란,827,N,8호선,8211,2807,동구릉,806,N,17:14:00,17:14:30,,8202,상행,2025-05-01T05:00:00,,평일
8호선,2805,별내,804,,20250619,8호선,2827,모란,827,N,8호선,8211,2806,다산,805,N,17:16:50,17:17:20,,8202,상행,2025-05-01T05:00:00,,평일
8호선,2805,별내,804,,20250619,8호선,2827,모란,827,N,8호선,8211,2805,별내,804,N,17:20:30,,,8202,상행,2025-05-01T05:00:00,,평일
8호선,2805,별내,804,,20250619,8호선,2827,모란,827,N,8호선,8213,2827,모란,827,N,,16:35:00,,8204,상행,2025-05-01T05:00:00,,평일
8호선,2805,별내,804,,20250619,8호선,2827,모란,827,N,8호선,8213,2826,수진,826,N,16:36:30,16:36:50,,8204,상행,2025-05-01T05:00:00,,평일
8호선,2805,별내,804,,20250619,8호선,2827,모란,827,N,8호선,8213,2825,신흥,825,N,16:38:00,16:38:30,,8204,상행,2025-05-01T05:00:00,,평일
8호선,2805,별내,804,,20250619,8호선,2827,모란,827,N,8호선,8213,2824,단대오거리,824,N,16:39:40,16:40:10,,8204,상행,2025-05-01T05:00:00,,평일
8호선,2805,별내,804,,20250619,8호선,2827,모란,827,N,8호선,8213,2823,남한산성입구,823,N,16:41:20,16:41:50,,8204,상행,2025-05-01T05:00:00,,평일
8호선,2805,별내,804,,20250619,8호선,2827,모란,827,N,8호선,8213,2822,산성,822,N,16:44:00,16:44:30,,8204,상행,2025-05-01T05:00:00,,평일
8호선,2805,별내,804,,20250619,8호선,2827,모란,827,N,8호선,8213,2828,남위례,821,N,16:46:10,16:46:40,,8204,상행,2025-05-01T05:00:00,,평일
8호선,2805,별내,804,,20250619,8호선,2827,모란,827,N,8호선,8213,2821,복정,820,N,16:48:30,16:49:10,,8204,상행,2025-05-01T05:00:00,,평일
8호선,2805,별내,804,,20250619,8호선,2827,모란,827,N,8호선,8213,2820,장지,819,N,16:50:20,16:50:50,,8204,상행,2025-05-01T05:00:00,,평일
8호선,2805,별내,804,,20250619,8호선,2827,모란,827,N,8호선,8213,2819,문정,818,N,16:52:00,16:52:40,,8204,상행,2025-05-01T05:00:00,,평일
8호선,2805,별내,804,,20250619,8호선,2827,모란,827,N,8호선,8213,2818,가락시장,817,N,16:53:50,16:54:30,,8204,상행,2025-05-01T05:00:00,,평일
8호선,2805,별내,804,,20250619,8호선,2827,모란,827,N,8호선,8213,2817,송파,816,N,16:55:40,16:56:20,,8204,상행,2025-05-01T05:00:00,,평일
8호선,2805,별내,804,,20250619,8호선,2827,모란,827,N,8호선,8213,2816,석촌,815,N,16:57:30,16:58:10,,8204,상행,2025-05-01T05:00:00,,평일
8호선,2805,별내,804,,20250619,8호선,2827,모란,827,N,8호선,8213,2815,잠실,814,N,17:00:00,17:00:40,,8204,상행,2025-05-01T05:00:00,,평일
8호선,2805,별내,804,,20250619,8호선,2827,모란,827,N,8호선,8213,2814,몽촌토성,813,N,17:01:50,17:02:30,,8204,상행,2025-05-01T05:00:00,,평일
8호선,2805,별내,804,,20250619,8호선,2827,모란,827,N,8호선,8213,2813,강동구청,812,N,17:04:30,17:05:10,,8204,상행,2025-05-01T05:00:00,,평일
8호선,2805,별내,804,,20250619,8호선,2827,모란,827,N,8호선,8213,2812,천호,811,N,17:06:30,17:07:10,,8204,상행,2025-05-01T05:00:00,,평일
8호선,2805,별내,804,,20250619,8호선,2827,모란,827,N,8호선,8213,2811,암사,810,N,17:08:40,17:09:10,,8204,상행,2025-05-01T05:00:00,,평일
8호선,2805,별내,804,,20250619,8호선,2827,모란,827,N,8호선,8213,2810,암사역사공원,809,N,17:11:10,17:11:40,,8204,상행,2025-05-01T05:00:00,,평일
8호선,2805,별내,804,,20250619,8호선,2827,모란,827,N,8호선,8213,2809,장자호수공원,808,N,17:15:20,17:15:50,,8204,상행,2025-05-01T05:00:00,,평일
8호선,2805,별내,804,,20250619,8호선,2827,모란,827,N,8호선,8213,2808,구리,807,N,17:18:00,17:18:40,,8204,상행,2025-05-01T05:00:00,,평일
8호선,2805,별내,804,,20250619,8호선,2827,모란,827,N,8호선,8213,2807,동구릉,806,N,17:20:00,17:20:30,,8204,상행,2025-05-01T05:00:00,,평일
8호선,2805,별내,804,,20250619,8호선,2827,모란,827,N,8호선,8213,2806,다산,805,N,17:22:50,17:23:20,,8204,상행,2025-05-01T05:00:00,,평일
8호선,2805,별내,804,,20250619,8호선,2827,모란,827,N,8호선,8213,2805,별내,804,N,17:26:30,,,8204,상행,2025-05-01T05:00:00,,평일
8호선,2805,별내,804,,20250619,8호선,2827,모란,827,N,8호선,8215,2827,모란,827,N,,16:41:00,,8206,상행,2025-05-01T05:00:00,,평일
8호선,2805,별내,804,,20250619,8호선,2827,모란,827,N,8호선,8215,2826,수진,826,N,16:42:30,16:42:50,,8206,상행,2025-05-01T05:00:00,,평일
8호선,2805,별내,804,,20250619,8호선,2827,모란,827,N,8호선,8215,2825,신흥,825,N,16:44:00,16:44:30,,8206,상행,2025-05-01T05:00:00,,평일
8호선,2805,별내,804,,20250619,8호선,2827,모란,827,N,8호선,8215,2824,단대오거리,824,N,16:45:40,16:46:10,,8206,상행,2025-05-01T05:00:00,,평일
8호선,2805,별내,804,,20250619,8호선,2827,모란,827,N,8호선,8215,2823,남한산성입구,823,N,16:47:20,16:47:50,,8206,상행,2025-05-01T05:00:00,,평일
8호선,2805,별내,804,,20250619,8호선,2827,모란,827,N,8호선,8215,2822,산성,822,N,16:50:00,16:50:30,,8206,상행,2025-05-01T05:00:00,,평일
8호선,2805,별내,804,,20250619,8호선,2827,모란,827,N,8호선,8215,2828,남위례,821,N,16:52:10,16:52:40,,8206,상행,2025-05-01T05:00:00,,평일
8호선,2805,별내,804,,20250619,8호선,2827,모란,827,N,8호선,8215,2821,복정,820,N,16:54:30,16:55:10,,8206,상행,2025-05-01T05:00:00,,평일
8호선,2805,별내,804,,20250619,8호선,2827,모란,827,N,8호선,8215,2820,장지,819,N,16:56:20,16:56:50,,8206,상행,2025-05-01T05:00:00,,평일
8호선,2805,별내,804,,20250619,8호선,2827,모란,827,N,8호선,8215,2819,문정,818,N,16:58:00,16:58:40,,8206,상행,2025-05-01T05:00:00,,평일
8호선,2805,별내,804,,20250619,8호선,2827,모란,827,N,8호선,8215,2818,가락시장,817,N,16:59:50,17:00:30,,8206,상행,2025-05-01T05:00:00,,평일
8호선,2805,별내,804,,20250619,8호선,2827,모란,827,N,8호선,8215,2817,송파,816,N,17:01:40,17:02:20,,8206,상행,2025-05-01T05:00:00,,평일
8호선,2805,별내,804,,20250619,8호선,2827,모란,827,N,8호선,8215,2816,석촌,815,N,17:03:30,17:04:10,,8206,상행,2025-05-01T05:00:00,,평일
8호선,2805,별내,804,,20250619,8호선,2827,모란,827,N,8호선,8215,2815,잠실,814,N,17:06:00,17:06:40,,8206,상행,2025-05-01T05:00:00,,평일
8호선,2805,별내,804,,20250619,8호선,2827,모란,827,N,8호선,8215,2814,몽촌토성,813,N,17:07:50,17:08:30,,8206,상행,2025-05-01T05:00:00,,평일
8호선,2805,별내,804,,20250619,8호선,2827,모란,827,N,8호선,8215,2813,강동구청,812,N,17:10:30,17:11:10,,8206,상행,2025-05-01T05:00:00,,평일
8호선,2805,별내,804,,20250619,8호선,2827,모란,827,N,8호선,8215,2812,천호,811,N,17:12:30,17:13:10,,8206,상행,2025-05-01T05:00:00,,평일
8호선,2805,별내,804,,20250619,8호선,2827,모란,827,N,8호선,8215,2811,암사,810,N,17:14:40,17:15:10,,8206,상행,2025-05-01T05:00:00,,평일
8호선,2805,별내,804,,20250619,8호선,2827,모란,827,N,8호선,8215,2810,암사역사공원,809,N,17:17:10,17:17:40,,8206,상행,2025-05-01T05:00:00,,평일
8호선,2805,별내,804,,20250619,8호선,2827,모란,827,N,8호선,8215,2809,장자호수공원,808,N,17:21:20,17:21:50,,8206,상행,2025-05-01T05:00:00,,평일
8호선,2805,별내,804,,20250619,8호선,2827,모란,827,N,8호선,8215,2808,구리,807,N,17:24:00,17:24:40,,8206,상행,2025-05-01T05:00:00,,평일
8호선,2805,별내,804,,20250619,8호선,2827,모란,827,N,8호선,8215,2807,동구릉,806,N,17:26:00,17:26:30,,8206,상행,2025-05-01T05:00:00,,평일
8호선,2805,별내,804,,20250619,8호선,2827,모란,827,N,8호선,8215,2806,다산,805,N,17:28:50,17:29:20,,8206,상행,2025-05-01T05:00:00,,평일
8호선,2805,별내,804,,20250619,8호선,2827,모란,827,N,8호선,8215,2805,별내,804,N,17:32:30,,,8206,상행,2025-05-01T05:00:00,,평일
8호선,2805,별내,804,,20250619,8호선,2827,모란,827,N,8호선,8217,2827,모란,827,N,,16:47:00,,8208,상행,2025-05-01T05:00:00,,평일
8호선,2805,별내,804,,20250619,8호선,2827,모란,827,N,8호선,8217,2826,수진,826,N,16:48:30,16:48:50,,8208,상행,2025-05-01T05:00:00,,평일
8호선,2805,별내,804,,20250619,8호선,2827,모란,827,N,8호선,8217,2825,신흥,825,N,16:50:00,16:50:30,,8208,상행,2025-05-01T05:00:00,,평일
8호선,2805,별내,804,,20250619,8호선,2827,모란,827,N,8호선,8217,2824,단대오거리,824,N,16:51:40,16:52:10,,8208,상행,2025-05-01T05:00:00,,평일
8호선,2805,별내,804,,20250619,8호선,2827,모란,827,N,8호선,8217,2823,남한산성입구,823,N,16:53:20,16:53:50,,8208,상행,2025-05-01T05:00:00,,평일
8호선,2805,별내,804,,20250619,8호선,2827,모란,827,N,8호선,8217,2822,산성,822,N,16:56:00,16:56:30,,8208,상행,2025-05-01T05:00:00,,평일
8호선,2805,별내,804,,20250619,8호선,2827,모란,827,N,8호선,8217,2828,남위례,821,N,16:58:10,16:58:40,,8208,상행,2025-05-01T05:00:00,,평일
8호선,2805,별내,804,,20250619,8호선,2827,모란,827,N,8호선,8217,2821,복정,820,N,17:00:30,17:01:10,,8208,상행,2025-05-01T05:00:00,,평일
8호선,2805,별내,804,,20250619,8호선,2827,모란,827,N,8호선,8217,2820,장지,819,N,17:02:20,17:02:50,,8208,상행,2025-05-01T05:00:00,,평일
8호선,2805,별내,804,,20250619,8호선,2827,모란,827,N,8호선,8217,2819,문정,818,N,17:04:00,17:04:40,,8208,상행,2025-05-01T05:00:00,,평일
8호선,2805,별내,804,,20250619,8호선,2827,모란,827,N,8호선,8217,2818,가락시장,817,N,17:05:50,17:06:30,,8208,상행,2025-05-01T05:00:00,,평일
8호선,2805,별내,804,,20250619,8호선,2827,모란,827,N,8호선,8217,2817,송파,816,N,17:07:40,17:08:20,,8208,상행,2025-05-01T05:00:00,,평일
8호선,2805,별내,804,,20250619,8호선,2827,모란,827,N,8호선,8217,2816,석촌,815,N,17:09:30,17:10:10,,8208,상행,2025-05-01T05:00:00,,평일
8호선,2805,별내,804,,20250619,8호선,2827,모란,827,N,8호선,8217,2815,잠실,814,N,17:12:00,17:12:40,,8208,상행,2025-05-01T05:00:00,,평일
8호선,2805,별내,804,,20250619,8호선,2827,모란,827,N,8호선,8217,2814,몽촌토성,813,N,17:13:50,17:14:30,,8208,상행,2025-05-01T05:00:00,,평일
8호선,2805,별내,804,,20250619,8호선,2827,모란,827,N,8호선,8217,2813,강동구청,812,N,17:16:30,17:17:10,,8208,상행,2025-05-01T05:00:00,,평일
8호선,2805,별내,804,,20250619,8호선,2827,모란,827,N,8호선,8217,2812,천호,811,N,17:18:30,17:19:10,,8208,상행,2025-05-01T05:00:00,,평일
8호선,2805,별내,804,,20250619,8호선,2827,모란,827,N,8호선,8217,2811,암사,810,N,17:20:40,17:21:10,,8208,상행,2025-05-01T05:00:00,,평일
8호선,2805,별내,804,,20250619,8호선,2827,모란,827,N,8호선,8217,2810,암사역사공원,809,N,17:23:10,17:23:40,,8208,상행,2025-05-01T05:00:00,,평일
8호선,2805,별내,804,,20250619,8호선,2827,모란,827,N,8호선,8217,2809,장자호수공원,808,N,17:27:20,17:27:50,,8208,상행,2025-05-01T05:00:00,,평일
8호선,2805,별내,804,,20250619,8호선,2827,모란,827,N,8호선,8217,2808,구리,807,N,17:30:00,17:30:40,,8208,상행,2025-05-01T05:00:00,,평일
8호선,2805,별내,804,,20250619,8호선,2827,모란,827,N,8호선,8217,2807,동구릉,806,N,17:32:00,17:32:30,,8208,상행,2025-05-01T05:00:00,,평일
8호선,2805,별내,804,,20250619,8호선,2827,모란,827,N,8호선,8217,2806,다산,805,N,17:34:50,17:35:20,,8208,상행,2025-05-01T05:00:00,,평일
8호선,2805,별내,804,,20250619,8호선,2827,모란,827,N,8호선,8217,2805,별내,804,N,17:38:30,,,8208,상행,2025-05-01T05:00:00,,평일
8호선,2805,별내,804,,20250619,8호선,2827,모란,827,N,8호선,8219,2827,모란,827,N,,16:53:00,,8210,상행,2025-05-01T05:00:00,,평일
8호선,2805,별내,804,,20250619,8호선,2827,모란,827,N,8호선,8219,2826,수진,826,N,16:54:30,16:54:50,,8210,상행,2025-05-01T05:00:00,,평일
8호선,2805,별내,804,,20250619,8호선,2827,모란,827,N,8호선,8219,2825,신흥,825,N,16:56:00,16:56:30,,8210,상행,2025-05-01T05:00:00,,평일
8호선,2805,별내,804,,20250619,8호선,2827,모란,827,N,8호선,8219,2824,단대오거리,824,N,16:57:40,16:58:10,,8210,상행,2025-05-01T05:00:00,,평일
8호선,2805,별내,804,,20250619,8호선,2827,모란,827,N,8호선,8219,2823,남한산성입구,823,N,16:59:20,16:59:50,,8210,상행,2025-05-01T05:00:00,,평일
8호선,2805,별내,804,,20250619,8호선,2827,모란,827,N,8호선,8219,2822,산성,822,N,17:02:00,17:02:30,,8210,상행,2025-05-01T05:00:00,,평일
8호선,2805,별내,804,,20250619,8호선,2827,모란,827,N,8호선,8219,2828,남위례,821,N,17:04:10,17:04:40,,8210,상행,2025-05-01T05:00:00,,평일
8호선,2805,별내,804,,20250619,8호선,2827,모란,827,N,8호선,8219,2821,복정,820,N,17:06:30,17:07:10,,8210,상행,2025-05-01T05:00:00,,평일
8호선,2805,별내,804,,20250619,8호선,2827,모란,827,N,8호선,8219,2820,장지,819,N,17:08:20,17:08:50,,8210,상행,2025-05-01T05:00:00,,평일
8호선,2805,별내,804,,20250619,8호선,2827,모란,827,N,8호선,8219,2819,문정,818,N,17:10:00,17:10:40,,8210,상행,2025-05-01T05:00:00,,평일
8호선,2805,별내,804,,20250619,8호선,2827,모란,827,N,8호선,8219,2818,가락시장,817,N,17:11:50,17:12:30,,8210,상행,2025-05-01T05:00:00,,평일
8호선,2805,별내,804,,20250619,8호선,2827,모란,827,N,8호선,8219,2817,송파,816,N,17:13:40,17:14:20,,8210,상행,2025-05-01T05:00:00,,평일
8호선,2805,별내,804,,20250619,8호선,2827,모란,827,N,8호선,8219,2816,석촌,815,N,17:15:30,17:16:10,,8210,상행,2025-05-01T05:00:00,,평일
8호선,2805,별내,804,,20250619,8호선,2827,모란,827,N,8호선,8219,2815,잠실,814,N,17:18:00,17:18:40,,8210,상행,2025-05-01T05:00:00,,평일
8호선,2805,별내,804,,20250619,8호선,2827,모란,827,N,8호선,8219,2814,몽촌토성,813,N,17:19:50,17:20:30,,8210,상행,2025-05-01T05:00:00,,평일
8호선,2805,별내,804,,20250619,8호선,2827,모란,827,N,8호선,8219,2813,강동구청,812,N,17:22:30,17:23:10,,8210,상행,2025-05-01T05:00:00,,평일
8호선,2805,별내,804,,20250619,8호선,2827,모란,827,N,8호선,8219,2812,천호,811,N,17:24:30,17:25:10,,8210,상행,2025-05-01T05:00:00,,평일
8호선,2805,별내,804,,20250619,8호선,2827,모란,827,N,8호선,8219,2811,암사,810,N,17:26:40,17:27:10,,8210,상행,2025-05-01T05:00:00,,평일
8호선,2805,별내,804,,20250619,8호선,2827,모란,827,N,8호선,8219,2810,암사역사공원,809,N,17:29:10,17:29:40,,8210,상행,2025-05-01T05:00:00,,평일
8호선,2805,별내,804,,20250619,8호선,2827,모란,827,N,8호선,8219,2809,장자호수공원,808,N,17:33:20,17:33:50,,8210,상행,2025-05-01T05:00:00,,평일
8호선,2805,별내,804,,20250619,8호선,2827,모란,827,N,8호선,8219,2808,구리,807,N,17:36:00,17:36:40,,8210,상행,2025-05-01T05:00:00,,평일
8호선,2805,별내,804,,20250619,8호선,2827,모란,827,N,8호선,8219,2807,동구릉,806,N,17:38:00,17:38:30,,8210,상행,2025-05-01T05:00:00,,평일
8호선,2805,별내,804,,20250619,8호선,2827,모란,827,N,8호선,8219,2806,다산,805,N,17:40:50,17:41:20,,8210,상행,2025-05-01T05:00:00,,평일
8호선,2805,별내,804,,20250619,8호선,2827,모란,827,N,8호선,8219,2805,별내,804,N,17:44:30,,,8210,상행,2025-05-01T05:00:00,,평일
8호선,2805,별내,804,,20250619,8호선,2827,모란,827,N,8호선,8221,2827,모란,827,N,,16:59:30,,8212,상행,2025-05-01T05:00:00,,평일
8호선,2805,별내,804,,20250619,8호선,2827,모란,827,N,8호선,8221,2826,수진,826,N,17:01:00,17:01:20,,8212,상행,2025-05-01T05:00:00,,평일
8호선,2805,별내,804,,20250619,8호선,2827,모란,827,N,8호선,8221,2825,신흥,825,N,17:02:30,17:03:00,,8212,상행,2025-05-01T05:00:00,,평일
8호선,2805,별내,804,,20250619,8호선,2827,모란,827,N,8호선,8221,2824,단대오거리,824,N,17:04:10,17:04:40,,8212,상행,2025-05-01T05:00:00,,평일
8호선,2805,별내,804,,20250619,8호선,2827,모란,827,N,8호선,8221,2823,남한산성입구,823,N,17:05:50,17:06:20,,8212,상행,2025-05-01T05:00:00,,평일
8호선,2805,별내,804,,20250619,8호선,2827,모란,827,N,8호선,8221,2822,산성,822,N,17:08:30,17:09:00,,8212,상행,2025-05-01T05:00:00,,평일
8호선,2805,별내,804,,20250619,8호선,2827,모란,827,N,8호선,8221,2828,남위례,821,N,17:10:40,17:11:10,,8212,상행,2025-05-01T05:00:00,,평일
8호선,2805,별내,804,,20250619,8호선,2827,모란,827,N,8호선,8221,2821,복정,820,N,17:13:00,17:13:40,,8212,상행,2025-05-01T05:00:00,,평일
8호선,2805,별내,804,,20250619,8호선,2827,모란,827,N,8호선,8221,2820,장지,819,N,17:14:50,17:15:20,,8212,상행,2025-05-01T05:00:00,,평일
8호선,2805,별내,804,,20250619,8호선,2827,모란,827,N,8호선,8221,2819,문정,818,N,17:16:30,17:17:10,,8212,상행,2025-05-01T05:00:00,,평일
8호선,2805,별내,804,,20250619,8호선,2827,모란,827,N,8호선,8221,2818,가락시장,817,N,17:18:20,17:19:00,,8212,상행,2025-05-01T05:00:00,,평일
8호선,2805,별내,804,,20250619,8호선,2827,모란,827,N,8호선,8221,2817,송파,816,N,17:20:10,17:20:50,,8212,상행,2025-05-01T05:00:00,,평일
8호선,2805,별내,804,,20250619,8호선,2827,모란,827,N,8호선,8221,2816,석촌,815,N,17:22:00,17:22:40,,8212,상행,2025-05-01T05:00:00,,평일
8호선,2805,별내,804,,20250619,8호선,2827,모란,827,N,8호선,8221,2815,잠실,814,N,17:24:30,17:25:10,,8212,상행,2025-05-01T05:00:00,,평일
8호선,2805,별내,804,,20250619,8호선,2827,모란,827,N,8호선,8221,2814,몽촌토성,813,N,17:26:20,17:27:00,,8212,상행,2025-05-01T05:00:00,,평일
8호선,2805,별내,804,,20250619,8호선,2827,모란,827,N,8호선,8221,2813,강동구청,812,N,17:29:00,17:29:40,,8212,상행,2025-05-01T05:00:00,,평일
8호선,2805,별내,804,,20250619,8호선,2827,모란,827,N,8호선,8221,2812,천호,811,N,17:31:00,17:31:40,,8212,상행,2025-05-01T05:00:00,,평일
8호선,2805,별내,804,,20250619,8호선,2827,모란,827,N,8호선,8221,2811,암사,810,N,17:33:10,17:33:40,,8212,상행,2025-05-01T05:00:00,,평일
8호선,2805,별내,804,,20250619,8호선,2827,모란,827,N,8호선,8221,2810,암사역사공원,809,N,17:35:40,17:36:10,,8212,상행,2025-05-01T05:00:00,,평일
8호선,2805,별내,804,,20250619,8호선,2827,모란,827,N,8호선,8221,2809,장자호수공원,808,N,17:39:50,17:40:20,,8212,상행,2025-05-01T05:00:00,,평일
8호선,2805,별내,804,,20250619,8호선,2827,모란,827,N,8호선,8221,2808,구리,807,N,17:42:30,17:43:10,,8212,상행,2025-05-01T05:00:00,,평일
8호선,2805,별내,804,,20250619,8호선,2827,모란,827,N,8호선,8221,2807,동구릉,806,N,17:44:30,17:45:00,,8212,상행,2025-05-01T05:00:00,,평일
8호선,2805,별내,804,,20250619,8호선,2827,모란,827,N,8호선,8221,2806,다산,805,N,17:47:20,17:47:50,,8212,상행,2025-05-01T05:00:00,,평일
8호선,2805,별내,804,,20250619,8호선,2827,모란,827,N,8호선,8221,2805,별내,804,N,17:51:00,,,8212,상행,2025-05-01T05:00:00,,평일
8호선,2805,별내,804,,20250619,8호선,2827,모란,827,N,8호선,8223,2827,모란,827,N,,17:05:00,,8214,상행,2025-05-01T05:00:00,,평일
8호선,2805,별내,804,,20250619,8호선,2827,모란,827,N,8호선,8223,2826,수진,826,N,17:06:30,17:06:50,,8214,상행,2025-05-01T05:00:00,,평일
8호선,2805,별내,804,,20250619,8호선,2827,모란,827,N,8호선,8223,2825,신흥,825,N,17:08:00,17:08:30,,8214,상행,2025-05-01T05:00:00,,평일
8호선,2805,별내,804,,20250619,8호선,2827,모란,827,N,8호선,8223,2824,단대오거리,824,N,17:09:40,17:10:10,,8214,상행,2025-05-01T05:00:00,,평일
8호선,2805,별내,804,,20250619,8호선,2827,모란,827,N,8호선,8223,2823,남한산성입구,823,N,17:11:20,17:11:50,,8214,상행,2025-05-01T05:00:00,,평일
8호선,2805,별내,804,,20250619,8호선,2827,모란,827,N,8호선,8223,2822,산성,822,N,17:14:00,17:14:30,,8214,상행,2025-05-01T05:00:00,,평일
8호선,2805,별내,804,,20250619,8호선,2827,모란,827,N,8호선,8223,2828,남위례,821,N,17:16:10,17:16:40,,8214,상행,2025-05-01T05:00:00,,평일
8호선,2805,별내,804,,20250619,8호선,2827,모란,827,N,8호선,8223,2821,복정,820,N,17:18:30,17:19:10,,8214,상행,2025-05-01T05:00:00,,평일
8호선,2805,별내,804,,20250619,8호선,2827,모란,827,N,8호선,8223,2820,장지,819,N,17:20:20,17:20:50,,8214,상행,2025-05-01T05:00:00,,평일
8호선,2805,별내,804,,20250619,8호선,2827,모란,827,N,8호선,8223,2819,문정,818,N,17:22:00,17:22:40,,8214,상행,2025-05-01T05:00:00,,평일
8호선,2805,별내,804,,20250619,8호선,2827,모란,827,N,8호선,8223,2818,가락시장,817,N,17:23:50,17:24:30,,8214,상행,2025-05-01T05:00:00,,평일
8호선,2805,별내,804,,20250619,8호선,2827,모란,827,N,8호선,8223,2817,송파,816,N,17:25:40,17:26:20,,8214,상행,2025-05-01T05:00:00,,평일
8호선,2805,별내,804,,20250619,8호선,2827,모란,827,N,8호선,8223,2816,석촌,815,N,17:27:30,17:28:10,,8214,상행,2025-05-01T05:00:00,,평일
8호선,2805,별내,804,,20250619,8호선,2827,모란,827,N,8호선,8223,2815,잠실,814,N,17:30:00,17:30:50,,8214,상행,2025-05-01T05:00:00,,평일
8호선,2805,별내,804,,20250619,8호선,2827,모란,827,N,8호선,8223,2814,몽촌토성,813,N,17:32:00,17:32:40,,8214,상행,2025-05-01T05:00:00,,평일
8호선,2805,별내,804,,20250619,8호선,2827,모란,827,N,8호선,8223,2813,강동구청,812,N,17:34:40,17:35:20,,8214,상행,2025-05-01T05:00:00,,평일
8호선,2805,별내,804,,20250619,8호선,2827,모란,827,N,8호선,8223,2812,천호,811,N,17:36:40,17:37:30,,8214,상행,2025-05-01T05:00:00,,평일
8호선,2805,별내,804,,20250619,8호선,2827,모란,827,N,8호선,8223,2811,암사,810,N,17:39:00,17:39:40,,8214,상행,2025-05-01T05:00:00,,평일
8호선,2805,별내,804,,20250619,8호선,2827,모란,827,N,8호선,8223,2810,암사역사공원,809,N,17:41:40,17:42:10,,8214,상행,2025-05-01T05:00:00,,평일
8호선,2805,별내,804,,20250619,8호선,2827,모란,827,N,8호선,8223,2809,장자호수공원,808,N,17:45:50,17:46:20,,8214,상행,2025-05-01T05:00:00,,평일
8호선,2805,별내,804,,20250619,8호선,2827,모란,827,N,8호선,8223,2808,구리,807,N,17:48:30,17:49:10,,8214,상행,2025-05-01T05:00:00,,평일
8호선,2805,별내,804,,20250619,8호선,2827,모란,827,N,8호선,8223,2807,동구릉,806,N,17:50:30,17:51:00,,8214,상행,2025-05-01T05:00:00,,평일
8호선,2805,별내,804,,20250619,8호선,2827,모란,827,N,8호선,8223,2806,다산,805,N,17:53:20,17:53:50,,8214,상행,2025-05-01T05:00:00,,평일
8호선,2805,별내,804,,20250619,8호선,2827,모란,827,N,8호선,8223,2805,별내,804,N,17:57:00,,,8214,상행,2025-05-01T05:00:00,,평일
8호선,2805,별내,804,,20250619,8호선,2827,모란,827,N,8호선,8225,2827,모란,827,N,,17:10:30,,8216,상행,2025-05-01T05:00:00,,평일
8호선,2805,별내,804,,20250619,8호선,2827,모란,827,N,8호선,8225,2826,수진,826,N,17:12:00,17:12:20,,8216,상행,2025-05-01T05:00:00,,평일
8호선,2805,별내,804,,20250619,8호선,2827,모란,827,N,8호선,8225,2825,신흥,825,N,17:13:30,17:14:00,,8216,상행,2025-05-01T05:00:00,,평일
8호선,2805,별내,804,,20250619,8호선,2827,모란,827,N,8호선,8225,2824,단대오거리,824,N,17:15:10,17:15:40,,8216,상행,2025-05-01T05:00:00,,평일
8호선,2805,별내,804,,20250619,8호선,2827,모란,827,N,8호선,8225,2823,남한산성입구,823,N,17:16:50,17:17:20,,8216,상행,2025-05-01T05:00:00,,평일
8호선,2805,별내,804,,20250619,8호선,2827,모란,827,N,8호선,8225,2822,산성,822,N,17:19:30,17:20:00,,8216,상행,2025-05-01T05:00:00,,평일
8호선,2805,별내,804,,20250619,8호선,2827,모란,827,N,8호선,8225,2828,남위례,821,N,17:21:40,17:22:10,,8216,상행,2025-05-01T05:00:00,,평일
8호선,2805,별내,804,,20250619,8호선,2827,모란,827,N,8호선,8225,2821,복정,820,N,17:24:00,17:24:40,,8216,상행,2025-05-01T05:00:00,,평일
8호선,2805,별내,804,,20250619,8호선,2827,모란,827,N,8호선,8225,2820,장지,819,N,17:25:50,17:26:20,,8216,상행,2025-05-01T05:00:00,,평일
8호선,2805,별내,804,,20250619,8호선,2827,모란,827,N,8호선,8225,2819,문정,818,N,17:27:30,17:28:10,,8216,상행,2025-05-01T05:00:00,,평일
8호선,2805,별내,804,,20250619,8호선,2827,모란,827,N,8호선,8225,2818,가락시장,817,N,17:29:20,17:30:00,,8216,상행,2025-05-01T05:00:00,,평일
8호선,2805,별내,804,,20250619,8호선,2827,모란,827,N,8호선,8225,2817,송파,816,N,17:31:10,17:31:50,,8216,상행,2025-05-01T05:00:00,,평일
8호선,2805,별내,804,,20250619,8호선,2827,모란,827,N,8호선,8225,2816,석촌,815,N,17:33:00,17:33:40,,8216,상행,2025-05-01T05:00:00,,평일
8호선,2805,별내,804,,20250619,8호선,2827,모란,827,N,8호선,8225,2815,잠실,814,N,17:35:30,17:36:20,,8216,상행,2025-05-01T05:00:00,,평일
8호선,2805,별내,804,,20250619,8호선,2827,모란,827,N,8호선,8225,2814,몽촌토성,813,N,17:37:30,17:38:10,,8216,상행,2025-05-01T05:00:00,,평일
8호선,2805,별내,804,,20250619,8호선,2827,모란,827,N,8호선,8225,2813,강동구청,812,N,17:40:10,17:40:50,,8216,상행,2025-05-01T05:00:00,,평일
8호선,2805,별내,804,,20250619,8호선,2827,모란,827,N,8호선,8225,2812,천호,811,N,17:42:10,17:43:00,,8216,상행,2025-05-01T05:00:00,,평일
8호선,2805,별내,804,,20250619,8호선,2827,모란,827,N,8호선,8225,2811,암사,810,N,17:44:30,17:45:10,,8216,상행,2025-05-01T05:00:00,,평일
8호선,2805,별내,804,,20250619,8호선,2827,모란,827,N,8호선,8225,2810,암사역사공원,809,N,17:47:10,17:47:40,,8216,상행,2025-05-01T05:00:00,,평일
8호선,2805,별내,804,,20250619,8호선,2827,모란,827,N,8호선,8225,2809,장자호수공원,808,N,17:51:20,17:51:50,,8216,상행,2025-05-01T05:00:00,,평일
8호선,2805,별내,804,,20250619,8호선,2827,모란,827,N,8호선,8225,2808,구리,807,N,17:54:00,17:54:40,,8216,상행,2025-05-01T05:00:00,,평일
8호선,2805,별내,804,,20250619,8호선,2827,모란,827,N,8호선,8225,2807,동구릉,806,N,17:56:00,17:56:30,,8216,상행,2025-05-01T05:00:00,,평일
8호선,2805,별내,804,,20250619,8호선,2827,모란,827,N,8호선,8225,2806,다산,805,N,17:58:50,17:59:20,,8216,상행,2025-05-01T05:00:00,,평일
8호선,2805,별내,804,,20250619,8호선,2827,모란,827,N,8호선,8225,2805,별내,804,N,18:02:30,,,8216,상행,2025-05-01T05:00:00,,평일
8호선,2805,별내,804,,20250619,8호선,2827,모란,827,N,8호선,8227,2827,모란,827,N,,17:16:00,,8218,상행,2025-05-01T05:00:00,,평일
8호선,2805,별내,804,,20250619,8호선,2827,모란,827,N,8호선,8227,2826,수진,826,N,17:17:30,17:17:50,,8218,상행,2025-05-01T05:00:00,,평일
8호선,2805,별내,804,,20250619,8호선,2827,모란,827,N,8호선,8227,2825,신흥,825,N,17:19:00,17:19:30,,8218,상행,2025-05-01T05:00:00,,평일
8호선,2805,별내,804,,20250619,8호선,2827,모란,827,N,8호선,8227,2824,단대오거리,824,N,17:20:40,17:21:10,,8218,상행,2025-05-01T05:00:00,,평일
8호선,2805,별내,804,,20250619,8호선,2827,모란,827,N,8호선,8227,2823,남한산성입구,823,N,17:22:20,17:22:50,,8218,상행,2025-05-01T05:00:00,,평일
8호선,2805,별내,804,,20250619,8호선,2827,모란,827,N,8호선,8227,2822,산성,822,N,17:25:00,17:25:30,,8218,상행,2025-05-01T05:00:00,,평일
8호선,2805,별내,804,,20250619,8호선,2827,모란,827,N,8호선,8227,2828,남위례,821,N,17:27:10,17:27:40,,8218,상행,2025-05-01T05:00:00,,평일
8호선,2805,별내,804,,20250619,8호선,2827,모란,827,N,8호선,8227,2821,복정,820,N,17:29:30,17:30:10,,8218,상행,2025-05-01T05:00:00,,평일
8호선,2805,별내,804,,20250619,8호선,2827,모란,827,N,8호선,8227,2820,장지,819,N,17:31:20,17:31:50,,8218,상행,2025-05-01T05:00:00,,평일
8호선,2805,별내,804,,20250619,8호선,2827,모란,827,N,8호선,8227,2819,문정,818,N,17:33:00,17:33:40,,8218,상행,2025-05-01T05:00:00,,평일
8호선,2805,별내,804,,20250619,8호선,2827,모란,827,N,8호선,8227,2818,가락시장,817,N,17:34:50,17:35:30,,8218,상행,2025-05-01T05:00:00,,평일
8호선,2805,별내,804,,20250619,8호선,2827,모란,827,N,8호선,8227,2817,송파,816,N,17:36:40,17:37:20,,8218,상행,2025-05-01T05:00:00,,평일
8호선,2805,별내,804,,20250619,8호선,2827,모란,827,N,8호선,8227,2816,석촌,815,N,17:38:30,17:39:10,,8218,상행,2025-05-01T05:00:00,,평일
8호선,2805,별내,804,,20250619,8호선,2827,모란,827,N,8호선,8227,2815,잠실,814,N,17:41:00,17:41:50,,8218,상행,2025-05-01T05:00:00,,평일
8호선,2805,별내,804,,20250619,8호선,2827,모란,827,N,8호선,8227,2814,몽촌토성,813,N,17:43:00,17:43:40,,8218,상행,2025-05-01T05:00:00,,평일
8호선,2805,별내,804,,20250619,8호선,2827,모란,827,N,8호선,8227,2813,강동구청,812,N,17:45:40,17:46:20,,8218,상행,2025-05-01T05:00:00,,평일
8호선,2805,별내,804,,20250619,8호선,2827,모란,827,N,8호선,8227,2812,천호,811,N,17:47:40,17:48:30,,8218,상행,2025-05-01T05:00:00,,평일
8호선,2805,별내,804,,20250619,8호선,2827,모란,827,N,8호선,8227,2811,암사,810,N,17:50:00,17:50:40,,8218,상행,2025-05-01T05:00:00,,평일
8호선,2805,별내,804,,20250619,8호선,2827,모란,827,N,8호선,8227,2810,암사역사공원,809,N,17:52:40,17:53:10,,8218,상행,2025-05-01T05:00:00,,평일
8호선,2805,별내,804,,20250619,8호선,2827,모란,827,N,8호선,8227,2809,장자호수공원,808,N,17:56:50,17:57:20,,8218,상행,2025-05-01T05:00:00,,평일
8호선,2805,별내,804,,20250619,8호선,2827,모란,827,N,8호선,8227,2808,구리,807,N,17:59:30,18:00:10,,8218,상행,2025-05-01T05:00:00,,평일
8호선,2805,별내,804,,20250619,8호선,2827,모란,827,N,8호선,8227,2807,동구릉,806,N,18:01:30,18:02:00,,8218,상행,2025-05-01T05:00:00,,평일
8호선,2805,별내,804,,20250619,8호선,2827,모란,827,N,8호선,8227,2806,다산,805,N,18:04:20,18:04:50,,8218,상행,2025-05-01T05:00:00,,평일
8호선,2805,별내,804,,20250619,8호선,2827,모란,827,N,8호선,8227,2805,별내,804,N,18:08:00,,,8218,상행,2025-05-01T05:00:00,,평일
8호선,2805,별내,804,,20250619,8호선,2827,모란,827,N,8호선,8229,2827,모란,827,N,,17:21:00,,8220,상행,2025-05-01T05:00:00,,평일
8호선,2805,별내,804,,20250619,8호선,2827,모란,827,N,8호선,8229,2826,수진,826,N,17:22:30,17:22:50,,8220,상행,2025-05-01T05:00:00,,평일
8호선,2805,별내,804,,20250619,8호선,2827,모란,827,N,8호선,8229,2825,신흥,825,N,17:24:00,17:24:30,,8220,상행,2025-05-01T05:00:00,,평일
8호선,2805,별내,804,,20250619,8호선,2827,모란,827,N,8호선,8229,2824,단대오거리,824,N,17:25:40,17:26:10,,8220,상행,2025-05-01T05:00:00,,평일
8호선,2805,별내,804,,20250619,8호선,2827,모란,827,N,8호선,8229,2823,남한산성입구,823,N,17:27:20,17:27:50,,8220,상행,2025-05-01T05:00:00,,평일
8호선,2805,별내,804,,20250619,8호선,2827,모란,827,N,8호선,8229,2822,산성,822,N,17:30:00,17:30:30,,8220,상행,2025-05-01T05:00:00,,평일
8호선,2805,별내,804,,20250619,8호선,2827,모란,827,N,8호선,8229,2828,남위례,821,N,17:32:10,17:32:40,,8220,상행,2025-05-01T05:00:00,,평일
8호선,2805,별내,804,,20250619,8호선,2827,모란,827,N,8호선,8229,2821,복정,820,N,17:34:30,17:35:10,,8220,상행,2025-05-01T05:00:00,,평일
8호선,2805,별내,804,,20250619,8호선,2827,모란,827,N,8호선,8229,2820,장지,819,N,17:36:20,17:36:50,,8220,상행,2025-05-01T05:00:00,,평일
8호선,2805,별내,804,,20250619,8호선,2827,모란,827,N,8호선,8229,2819,문정,818,N,17:38:00,17:38:40,,8220,상행,2025-05-01T05:00:00,,평일
8호선,2805,별내,804,,20250619,8호선,2827,모란,827,N,8호선,8229,2818,가락시장,817,N,17:39:50,17:40:30,,8220,상행,2025-05-01T05:00:00,,평일
8호선,2805,별내,804,,20250619,8호선,2827,모란,827,N,8호선,8229,2817,송파,816,N,17:41:40,17:42:20,,8220,상행,2025-05-01T05:00:00,,평일
8호선,2805,별내,804,,20250619,8호선,2827,모란,827,N,8호선,8229,2816,석촌,815,N,17:43:30,17:44:10,,8220,상행,2025-05-01T05:00:00,,평일
8호선,2805,별내,804,,20250619,8호선,2827,모란,827,N,8호선,8229,2815,잠실,814,N,17:46:00,17:46:50,,8220,상행,2025-05-01T05:00:00,,평일
8호선,2805,별내,804,,20250619,8호선,2827,모란,827,N,8호선,8229,2814,몽촌토성,813,N,17:48:00,17:48:40,,8220,상행,2025-05-01T05:00:00,,평일
8호선,2805,별내,804,,20250619,8호선,2827,모란,827,N,8호선,8229,2813,강동구청,812,N,17:50:40,17:51:20,,8220,상행,2025-05-01T05:00:00,,평일
8호선,2805,별내,804,,20250619,8호선,2827,모란,827,N,8호선,8229,2812,천호,811,N,17:52:40,17:53:30,,8220,상행,2025-05-01T05:00:00,,평일
8호선,2805,별내,804,,20250619,8호선,2827,모란,827,N,8호선,8229,2811,암사,810,N,17:55:00,17:55:40,,8220,상행,2025-05-01T05:00:00,,평일
8호선,2805,별내,804,,20250619,8호선,2827,모란,827,N,8호선,8229,2810,암사역사공원,809,N,17:57:40,17:58:10,,8220,상행,2025-05-01T05:00:00,,평일
8호선,2805,별내,804,,20250619,8호선,2827,모란,827,N,8호선,8229,2809,장자호수공원,808,N,18:01:50,18:02:20,,8220,상행,2025-05-01T05:00:00,,평일
8호선,2805,별내,804,,20250619,8호선,2827,모란,827,N,8호선,8229,2808,구리,807,N,18:04:30,18:05:10,,8220,상행,2025-05-01T05:00:00,,평일
8호선,2805,별내,804,,20250619,8호선,2827,모란,827,N,8호선,8229,2807,동구릉,806,N,18:06:30,18:07:00,,8220,상행,2025-05-01T05:00:00,,평일
8호선,2805,별내,804,,20250619,8호선,2827,모란,827,N,8호선,8229,2806,다산,805,N,18:09:20,18:09:50,,8220,상행,2025-05-01T05:00:00,,평일
8호선,2805,별내,804,,20250619,8호선,2827,모란,827,N,8호선,8229,2805,별내,804,N,18:13:00,,,8220,상행,2025-05-01T05:00:00,,평일
8호선,2805,별내,804,,20250619,8호선,2827,모란,827,N,8호선,8231,2827,모란,827,N,,17:26:00,,8222,상행,2025-05-01T05:00:00,,평일
8호선,2805,별내,804,,20250619,8호선,2827,모란,827,N,8호선,8231,2826,수진,826,N,17:27:30,17:27:50,,8222,상행,2025-05-01T05:00:00,,평일
8호선,2805,별내,804,,20250619,8호선,2827,모란,827,N,8호선,8231,2825,신흥,825,N,17:29:00,17:29:30,,8222,상행,2025-05-01T05:00:00,,평일
8호선,2805,별내,804,,20250619,8호선,2827,모란,827,N,8호선,8231,2824,단대오거리,824,N,17:30:40,17:31:10,,8222,상행,2025-05-01T05:00:00,,평일
8호선,2805,별내,804,,20250619,8호선,2827,모란,827,N,8호선,8231,2823,남한산성입구,823,N,17:32:20,17:32:50,,8222,상행,2025-05-01T05:00:00,,평일
8호선,2805,별내,804,,20250619,8호선,2827,모란,827,N,8호선,8231,2822,산성,822,N,17:35:00,17:35:30,,8222,상행,2025-05-01T05:00:00,,평일
8호선,2805,별내,804,,20250619,8호선,2827,모란,827,N,8호선,8231,2828,남위례,821,N,17:37:10,17:37:40,,8222,상행,2025-05-01T05:00:00,,평일
8호선,2805,별내,804,,20250619,8호선,2827,모란,827,N,8호선,8231,2821,복정,820,N,17:39:30,17:40:10,,8222,상행,2025-05-01T05:00:00,,평일
8호선,2805,별내,804,,20250619,8호선,2827,모란,827,N,8호선,8231,2820,장지,819,N,17:41:20,17:42:00,,8222,상행,2025-05-01T05:00:00,,평일
8호선,2805,별내,804,,20250619,8호선,2827,모란,827,N,8호선,8231,2819,문정,818,N,17:43:10,17:43:50,,8222,상행,2025-05-01T05:00:00,,평일
8호선,2805,별내,804,,20250619,8호선,2827,모란,827,N,8호선,8231,2818,가락시장,817,N,17:45:00,17:45:50,,8222,상행,2025-05-01T05:00:00,,평일
8호선,2805,별내,804,,20250619,8호선,2827,모란,827,N,8호선,8231,2817,송파,816,N,17:47:00,17:47:40,,8222,상행,2025-05-01T05:00:00,,평일
8호선,2805,별내,804,,20250619,8호선,2827,모란,827,N,8호선,8231,2816,석촌,815,N,17:48:50,17:49:30,,8222,상행,2025-05-01T05:00:00,,평일
8호선,2805,별내,804,,20250619,8호선,2827,모란,827,N,8호선,8231,2815,잠실,814,N,17:51:20,17:52:10,,8222,상행,2025-05-01T05:00:00,,평일
8호선,2805,별내,804,,20250619,8호선,2827,모란,827,N,8호선,8231,2814,몽촌토성,813,N,17:53:20,17:54:00,,8222,상행,2025-05-01T05:00:00,,평일
8호선,2805,별내,804,,20250619,8호선,2827,모란,827,N,8호선,8231,2813,강동구청,812,N,17:56:00,17:56:40,,8222,상행,2025-05-01T05:00:00,,평일
8호선,2805,별내,804,,20250619,8호선,2827,모란,827,N,8호선,8231,2812,천호,811,N,17:58:00,17:58:50,,8222,상행,2025-05-01T05:00:00,,평일
8호선,2805,별내,804,,20250619,8호선,2827,모란,827,N,8호선,8231,2811,암사,810,N,18:00:20,18:01:00,,8222,상행,2025-05-01T05:00:00,,평일
8호선,2805,별내,804,,20250619,8호선,2827,모란,827,N,8호선,8231,2810,암사역사공원,809,N,18:03:00,18:03:30,,8222,상행,2025-05-01T05:00:00,,평일
8호선,2805,별내,804,,20250619,8호선,2827,모란,827,N,8호선,8231,2809,장자호수공원,808,N,18:07:10,18:07:50,,8222,상행,2025-05-01T05:00:00,,평일
8호선,2805,별내,804,,20250619,8호선,2827,모란,827,N,8호선,8231,2808,구리,807,N,18:10:00,18:10:40,,8222,상행,2025-05-01T05:00:00,,평일
8호선,2805,별내,804,,20250619,8호선,2827,모란,827,N,8호선,8231,2807,동구릉,806,N,18:12:00,18:12:30,,8222,상행,2025-05-01T05:00:00,,평일
8호선,2805,별내,804,,20250619,8호선,2827,모란,827,N,8호선,8231,2806,다산,805,N,18:14:50,18:15:20,,8222,상행,2025-05-01T05:00:00,,평일
8호선,2805,별내,804,,20250619,8호선,2827,모란,827,N,8호선,8231,2805,별내,804,N,18:18:30,,,8222,상행,2025-05-01T05:00:00,,평일
8호선,2805,별내,804,,20250619,8호선,2827,모란,827,N,8호선,8233,2827,모란,827,N,,17:31:00,,8224,상행,2025-05-01T05:00:00,,평일
8호선,2805,별내,804,,20250619,8호선,2827,모란,827,N,8호선,8233,2826,수진,826,N,17:32:30,17:32:50,,8224,상행,2025-05-01T05:00:00,,평일
8호선,2805,별내,804,,20250619,8호선,2827,모란,827,N,8호선,8233,2825,신흥,825,N,17:34:00,17:34:30,,8224,상행,2025-05-01T05:00:00,,평일
8호선,2805,별내,804,,20250619,8호선,2827,모란,827,N,8호선,8233,2824,단대오거리,824,N,17:35:40,17:36:10,,8224,상행,2025-05-01T05:00:00,,평일
8호선,2805,별내,804,,20250619,8호선,2827,모란,827,N,8호선,8233,2823,남한산성입구,823,N,17:37:20,17:37:50,,8224,상행,2025-05-01T05:00:00,,평일
8호선,2805,별내,804,,20250619,8호선,2827,모란,827,N,8호선,8233,2822,산성,822,N,17:40:00,17:40:30,,8224,상행,2025-05-01T05:00:00,,평일
8호선,2805,별내,804,,20250619,8호선,2827,모란,827,N,8호선,8233,2828,남위례,821,N,17:42:10,17:42:40,,8224,상행,2025-05-01T05:00:00,,평일
8호선,2805,별내,804,,20250619,8호선,2827,모란,827,N,8호선,8233,2821,복정,820,N,17:44:30,17:45:10,,8224,상행,2025-05-01T05:00:00,,평일
8호선,2805,별내,804,,20250619,8호선,2827,모란,827,N,8호선,8233,2820,장지,819,N,17:46:20,17:47:00,,8224,상행,2025-05-01T05:00:00,,평일
8호선,2805,별내,804,,20250619,8호선,2827,모란,827,N,8호선,8233,2819,문정,818,N,17:48:10,17:48:50,,8224,상행,2025-05-01T05:00:00,,평일
8호선,2805,별내,804,,20250619,8호선,2827,모란,827,N,8호선,8233,2818,가락시장,817,N,17:50:00,17:50:50,,8224,상행,2025-05-01T05:00:00,,평일
8호선,2805,별내,804,,20250619,8호선,2827,모란,827,N,8호선,8233,2817,송파,816,N,17:52:00,17:52:40,,8224,상행,2025-05-01T05:00:00,,평일
8호선,2805,별내,804,,20250619,8호선,2827,모란,827,N,8호선,8233,2816,석촌,815,N,17:53:50,17:54:30,,8224,상행,2025-05-01T05:00:00,,평일
8호선,2805,별내,804,,20250619,8호선,2827,모란,827,N,8호선,8233,2815,잠실,814,N,17:56:20,17:57:10,,8224,상행,2025-05-01T05:00:00,,평일
8호선,2805,별내,804,,20250619,8호선,2827,모란,827,N,8호선,8233,2814,몽촌토성,813,N,17:58:20,17:59:00,,8224,상행,2025-05-01T05:00:00,,평일
8호선,2805,별내,804,,20250619,8호선,2827,모란,827,N,8호선,8233,2813,강동구청,812,N,18:01:00,18:01:40,,8224,상행,2025-05-01T05:00:00,,평일
8호선,2805,별내,804,,20250619,8호선,2827,모란,827,N,8호선,8233,2812,천호,811,N,18:03:00,18:03:50,,8224,상행,2025-05-01T05:00:00,,평일
8호선,2805,별내,804,,20250619,8호선,2827,모란,827,N,8호선,8233,2811,암사,810,N,18:05:20,18:06:00,,8224,상행,2025-05-01T05:00:00,,평일
8호선,2805,별내,804,,20250619,8호선,2827,모란,827,N,8호선,8233,2810,암사역사공원,809,N,18:08:00,18:08:30,,8224,상행,2025-05-01T05:00:00,,평일
8호선,2805,별내,804,,20250619,8호선,2827,모란,827,N,8호선,8233,2809,장자호수공원,808,N,18:12:10,18:12:50,,8224,상행,2025-05-01T05:00:00,,평일
8호선,2805,별내,804,,20250619,8호선,2827,모란,827,N,8호선,8233,2808,구리,807,N,18:15:00,18:15:40,,8224,상행,2025-05-01T05:00:00,,평일
8호선,2805,별내,804,,20250619,8호선,2827,모란,827,N,8호선,8233,2807,동구릉,806,N,18:17:00,18:17:30,,8224,상행,2025-05-01T05:00:00,,평일
8호선,2805,별내,804,,20250619,8호선,2827,모란,827,N,8호선,8233,2806,다산,805,N,18:19:50,18:20:20,,8224,상행,2025-05-01T05:00:00,,평일
8호선,2805,별내,804,,20250619,8호선,2827,모란,827,N,8호선,8233,2805,별내,804,N,18:23:30,,,8224,상행,2025-05-01T05:00:00,,평일
8호선,2805,별내,804,,20250619,8호선,2827,모란,827,N,8호선,8235,2827,모란,827,N,,17:36:00,,8226,상행,2025-05-01T05:00:00,,평일
8호선,2805,별내,804,,20250619,8호선,2827,모란,827,N,8호선,8235,2826,수진,826,N,17:37:30,17:37:50,,8226,상행,2025-05-01T05:00:00,,평일
8호선,2805,별내,804,,20250619,8호선,2827,모란,827,N,8호선,8235,2825,신흥,825,N,17:39:00,17:39:30,,8226,상행,2025-05-01T05:00:00,,평일
8호선,2805,별내,804,,20250619,8호선,2827,모란,827,N,8호선,8235,2824,단대오거리,824,N,17:40:40,17:41:10,,8226,상행,2025-05-01T05:00:00,,평일
8호선,2805,별내,804,,20250619,8호선,2827,모란,827,N,8호선,8235,2823,남한산성입구,823,N,17:42:20,17:42:50,,8226,상행,2025-05-01T05:00:00,,평일
8호선,2805,별내,804,,20250619,8호선,2827,모란,827,N,8호선,8235,2822,산성,822,N,17:45:00,17:45:30,,8226,상행,2025-05-01T05:00:00,,평일
8호선,2805,별내,804,,20250619,8호선,2827,모란,827,N,8호선,8235,2828,남위례,821,N,17:47:10,17:47:40,,8226,상행,2025-05-01T05:00:00,,평일
8호선,2805,별내,804,,20250619,8호선,2827,모란,827,N,8호선,8235,2821,복정,820,N,17:49:30,17:50:10,,8226,상행,2025-05-01T05:00:00,,평일
8호선,2805,별내,804,,20250619,8호선,2827,모란,827,N,8호선,8235,2820,장지,819,N,17:51:20,17:52:00,,8226,상행,2025-05-01T05:00:00,,평일
8호선,2805,별내,804,,20250619,8호선,2827,모란,827,N,8호선,8235,2819,문정,818,N,17:53:10,17:53:50,,8226,상행,2025-05-01T05:00:00,,평일
8호선,2805,별내,804,,20250619,8호선,2827,모란,827,N,8호선,8235,2818,가락시장,817,N,17:55:00,17:55:50,,8226,상행,2025-05-01T05:00:00,,평일
8호선,2805,별내,804,,20250619,8호선,2827,모란,827,N,8호선,8235,2817,송파,816,N,17:57:00,17:57:40,,8226,상행,2025-05-01T05:00:00,,평일
8호선,2805,별내,804,,20250619,8호선,2827,모란,827,N,8호선,8235,2816,석촌,815,N,17:58:50,17:59:30,,8226,상행,2025-05-01T05:00:00,,평일
8호선,2805,별내,804,,20250619,8호선,2827,모란,827,N,8호선,8235,2815,잠실,814,N,18:01:20,18:02:10,,8226,상행,2025-05-01T05:00:00,,평일
8호선,2805,별내,804,,20250619,8호선,2827,모란,827,N,8호선,8235,2814,몽촌토성,813,N,18:03:20,18:04:00,,8226,상행,2025-05-01T05:00:00,,평일
8호선,2805,별내,804,,20250619,8호선,2827,모란,827,N,8호선,8235,2813,강동구청,812,N,18:06:00,18:06:40,,8226,상행,2025-05-01T05:00:00,,평일
8호선,2805,별내,804,,20250619,8호선,2827,모란,827,N,8호선,8235,2812,천호,811,N,18:08:00,18:08:50,,8226,상행,2025-05-01T05:00:00,,평일
8호선,2805,별내,804,,20250619,8호선,2827,모란,827,N,8호선,8235,2811,암사,810,N,18:10:20,18:11:00,,8226,상행,2025-05-01T05:00:00,,평일
8호선,2805,별내,804,,20250619,8호선,2827,모란,827,N,8호선,8235,2810,암사역사공원,809,N,18:13:00,18:13:30,,8226,상행,2025-05-01T05:00:00,,평일
8호선,2805,별내,804,,20250619,8호선,2827,모란,827,N,8호선,8235,2809,장자호수공원,808,N,18:17:10,18:17:50,,8226,상행,2025-05-01T05:00:00,,평일
8호선,2805,별내,804,,20250619,8호선,2827,모란,827,N,8호선,8235,2808,구리,807,N,18:20:00,18:20:40,,8226,상행,2025-05-01T05:00:00,,평일
8호선,2805,별내,804,,20250619,8호선,2827,모란,827,N,8호선,8235,2807,동구릉,806,N,18:22:00,18:22:30,,8226,상행,2025-05-01T05:00:00,,평일
8호선,2805,별내,804,,20250619,8호선,2827,모란,827,N,8호선,8235,2806,다산,805,N,18:24:50,18:25:20,,8226,상행,2025-05-01T05:00:00,,평일
8호선,2805,별내,804,,20250619,8호선,2827,모란,827,N,8호선,8235,2805,별내,804,N,18:28:30,,,8226,상행,2025-05-01T05:00:00,,평일
8호선,2805,별내,804,,20250619,8호선,2827,모란,827,N,8호선,8237,2827,모란,827,N,,17:41:00,,8228,상행,2025-05-01T05:00:00,,평일
8호선,2805,별내,804,,20250619,8호선,2827,모란,827,N,8호선,8237,2826,수진,826,N,17:42:30,17:42:50,,8228,상행,2025-05-01T05:00:00,,평일
8호선,2805,별내,804,,20250619,8호선,2827,모란,827,N,8호선,8237,2825,신흥,825,N,17:44:00,17:44:30,,8228,상행,2025-05-01T05:00:00,,평일
8호선,2805,별내,804,,20250619,8호선,2827,모란,827,N,8호선,8237,2824,단대오거리,824,N,17:45:40,17:46:10,,8228,상행,2025-05-01T05:00:00,,평일
8호선,2805,별내,804,,20250619,8호선,2827,모란,827,N,8호선,8237,2823,남한산성입구,823,N,17:47:20,17:47:50,,8228,상행,2025-05-01T05:00:00,,평일
8호선,2805,별내,804,,20250619,8호선,2827,모란,827,N,8호선,8237,2822,산성,822,N,17:50:00,17:50:30,,8228,상행,2025-05-01T05:00:00,,평일
8호선,2805,별내,804,,20250619,8호선,2827,모란,827,N,8호선,8237,2828,남위례,821,N,17:52:10,17:52:40,,8228,상행,2025-05-01T05:00:00,,평일
8호선,2805,별내,804,,20250619,8호선,2827,모란,827,N,8호선,8237,2821,복정,820,N,17:54:30,17:55:10,,8228,상행,2025-05-01T05:00:00,,평일
8호선,2805,별내,804,,20250619,8호선,2827,모란,827,N,8호선,8237,2820,장지,819,N,17:56:20,17:57:00,,8228,상행,2025-05-01T05:00:00,,평일
8호선,2805,별내,804,,20250619,8호선,2827,모란,827,N,8호선,8237,2819,문정,818,N,17:58:10,17:58:50,,8228,상행,2025-05-01T05:00:00,,평일
8호선,2805,별내,804,,20250619,8호선,2827,모란,827,N,8호선,8237,2818,가락시장,817,N,18:00:00,18:00:50,,8228,상행,2025-05-01T05:00:00,,평일
8호선,2805,별내,804,,20250619,8호선,2827,모란,827,N,8호선,8237,2817,송파,816,N,18:02:00,18:02:40,,8228,상행,2025-05-01T05:00:00,,평일
8호선,2805,별내,804,,20250619,8호선,2827,모란,827,N,8호선,8237,2816,석촌,815,N,18:03:50,18:04:30,,8228,상행,2025-05-01T05:00:00,,평일
8호선,2805,별내,804,,20250619,8호선,2827,모란,827,N,8호선,8237,2815,잠실,814,N,18:06:20,18:07:10,,8228,상행,2025-05-01T05:00:00,,평일
8호선,2805,별내,804,,20250619,8호선,2827,모란,827,N,8호선,8237,2814,몽촌토성,813,N,18:08:20,18:09:00,,8228,상행,2025-05-01T05:00:00,,평일
8호선,2805,별내,804,,20250619,8호선,2827,모란,827,N,8호선,8237,2813,강동구청,812,N,18:11:00,18:11:40,,8228,상행,2025-05-01T05:00:00,,평일
8호선,2805,별내,804,,20250619,8호선,2827,모란,827,N,8호선,8237,2812,천호,811,N,18:13:00,18:13:50,,8228,상행,2025-05-01T05:00:00,,평일
8호선,2805,별내,804,,20250619,8호선,2827,모란,827,N,8호선,8237,2811,암사,810,N,18:15:20,18:16:00,,8228,상행,2025-05-01T05:00:00,,평일
8호선,2805,별내,804,,20250619,8호선,2827,모란,827,N,8호선,8237,2810,암사역사공원,809,N,18:18:00,18:18:30,,8228,상행,2025-05-01T05:00:00,,평일
8호선,2805,별내,804,,20250619,8호선,2827,모란,827,N,8호선,8237,2809,장자호수공원,808,N,18:22:10,18:22:50,,8228,상행,2025-05-01T05:00:00,,평일
8호선,2805,별내,804,,20250619,8호선,2827,모란,827,N,8호선,8237,2808,구리,807,N,18:25:00,18:25:40,,8228,상행,2025-05-01T05:00:00,,평일
8호선,2805,별내,804,,20250619,8호선,2827,모란,827,N,8호선,8237,2807,동구릉,806,N,18:27:00,18:27:30,,8228,상행,2025-05-01T05:00:00,,평일
8호선,2805,별내,804,,20250619,8호선,2827,모란,827,N,8호선,8237,2806,다산,805,N,18:29:50,18:30:20,,8228,상행,2025-05-01T05:00:00,,평일
8호선,2805,별내,804,,20250619,8호선,2827,모란,827,N,8호선,8237,2805,별내,804,N,18:33:30,,,8228,상행,2025-05-01T05:00:00,,평일
8호선,2805,별내,804,,20250619,8호선,2827,모란,827,N,8호선,8239,2827,모란,827,N,,17:46:00,,8230,상행,2025-05-01T05:00:00,,평일
8호선,2805,별내,804,,20250619,8호선,2827,모란,827,N,8호선,8239,2826,수진,826,N,17:47:30,17:47:50,,8230,상행,2025-05-01T05:00:00,,평일
8호선,2805,별내,804,,20250619,8호선,2827,모란,827,N,8호선,8239,2825,신흥,825,N,17:49:00,17:49:30,,8230,상행,2025-05-01T05:00:00,,평일
8호선,2805,별내,804,,20250619,8호선,2827,모란,827,N,8호선,8239,2824,단대오거리,824,N,17:50:40,17:51:10,,8230,상행,2025-05-01T05:00:00,,평일
8호선,2805,별내,804,,20250619,8호선,2827,모란,827,N,8호선,8239,2823,남한산성입구,823,N,17:52:20,17:52:50,,8230,상행,2025-05-01T05:00:00,,평일
8호선,2805,별내,804,,20250619,8호선,2827,모란,827,N,8호선,8239,2822,산성,822,N,17:55:00,17:55:30,,8230,상행,2025-05-01T05:00:00,,평일
8호선,2805,별내,804,,20250619,8호선,2827,모란,827,N,8호선,8239,2828,남위례,821,N,17:57:10,17:57:40,,8230,상행,2025-05-01T05:00:00,,평일
8호선,2805,별내,804,,20250619,8호선,2827,모란,827,N,8호선,8239,2821,복정,820,N,17:59:30,18:00:10,,8230,상행,2025-05-01T05:00:00,,평일
8호선,2805,별내,804,,20250619,8호선,2827,모란,827,N,8호선,8239,2820,장지,819,N,18:01:20,18:02:00,,8230,상행,2025-05-01T05:00:00,,평일
8호선,2805,별내,804,,20250619,8호선,2827,모란,827,N,8호선,8239,2819,문정,818,N,18:03:10,18:03:50,,8230,상행,2025-05-01T05:00:00,,평일
8호선,2805,별내,804,,20250619,8호선,2827,모란,827,N,8호선,8239,2818,가락시장,817,N,18:05:00,18:05:50,,8230,상행,2025-05-01T05:00:00,,평일
8호선,2805,별내,804,,20250619,8호선,2827,모란,827,N,8호선,8239,2817,송파,816,N,18:07:00,18:07:40,,8230,상행,2025-05-01T05:00:00,,평일
8호선,2805,별내,804,,20250619,8호선,2827,모란,827,N,8호선,8239,2816,석촌,815,N,18:08:50,18:09:30,,8230,상행,2025-05-01T05:00:00,,평일
8호선,2805,별내,804,,20250619,8호선,2827,모란,827,N,8호선,8239,2815,잠실,814,N,18:11:20,18:12:10,,8230,상행,2025-05-01T05:00:00,,평일
8호선,2805,별내,804,,20250619,8호선,2827,모란,827,N,8호선,8239,2814,몽촌토성,813,N,18:13:20,18:14:00,,8230,상행,2025-05-01T05:00:00,,평일
8호선,2805,별내,804,,20250619,8호선,2827,모란,827,N,8호선,8239,2813,강동구청,812,N,18:16:00,18:16:40,,8230,상행,2025-05-01T05:00:00,,평일
8호선,2805,별내,804,,20250619,8호선,2827,모란,827,N,8호선,8239,2812,천호,811,N,18:18:00,18:18:50,,8230,상행,2025-05-01T05:00:00,,평일
8호선,2805,별내,804,,20250619,8호선,2827,모란,827,N,8호선,8239,2811,암사,810,N,18:20:20,18:21:00,,8230,상행,2025-05-01T05:00:00,,평일
8호선,2805,별내,804,,20250619,8호선,2827,모란,827,N,8호선,8239,2810,암사역사공원,809,N,18:23:00,18:23:30,,8230,상행,2025-05-01T05:00:00,,평일
8호선,2805,별내,804,,20250619,8호선,2827,모란,827,N,8호선,8239,2809,장자호수공원,808,N,18:27:10,18:27:50,,8230,상행,2025-05-01T05:00:00,,평일
8호선,2805,별내,804,,20250619,8호선,2827,모란,827,N,8호선,8239,2808,구리,807,N,18:30:00,18:30:40,,8230,상행,2025-05-01T05:00:00,,평일
8호선,2805,별내,804,,20250619,8호선,2827,모란,827,N,8호선,8239,2807,동구릉,806,N,18:32:00,18:32:30,,8230,상행,2025-05-01T05:00:00,,평일
8호선,2805,별내,804,,20250619,8호선,2827,모란,827,N,8호선,8239,2806,다산,805,N,18:34:50,18:35:20,,8230,상행,2025-05-01T05:00:00,,평일
8호선,2805,별내,804,,20250619,8호선,2827,모란,827,N,8호선,8239,2805,별내,804,N,18:38:30,,,8230,상행,2025-05-01T05:00:00,,평일
8호선,2805,별내,804,,20250619,8호선,2827,모란,827,N,8호선,8241,2827,모란,827,N,,17:51:00,,8232,상행,2025-05-01T05:00:00,,평일
8호선,2805,별내,804,,20250619,8호선,2827,모란,827,N,8호선,8241,2826,수진,826,N,17:52:30,17:52:50,,8232,상행,2025-05-01T05:00:00,,평일
8호선,2805,별내,804,,20250619,8호선,2827,모란,827,N,8호선,8241,2825,신흥,825,N,17:54:00,17:54:30,,8232,상행,2025-05-01T05:00:00,,평일
8호선,2805,별내,804,,20250619,8호선,2827,모란,827,N,8호선,8241,2824,단대오거리,824,N,17:55:40,17:56:10,,8232,상행,2025-05-01T05:00:00,,평일
8호선,2805,별내,804,,20250619,8호선,2827,모란,827,N,8호선,8241,2823,남한산성입구,823,N,17:57:20,17:57:50,,8232,상행,2025-05-01T05:00:00,,평일
8호선,2805,별내,804,,20250619,8호선,2827,모란,827,N,8호선,8241,2822,산성,822,N,18:00:00,18:00:30,,8232,상행,2025-05-01T05:00:00,,평일
8호선,2805,별내,804,,20250619,8호선,2827,모란,827,N,8호선,8241,2828,남위례,821,N,18:02:10,18:02:40,,8232,상행,2025-05-01T05:00:00,,평일
8호선,2805,별내,804,,20250619,8호선,2827,모란,827,N,8호선,8241,2821,복정,820,N,18:04:30,18:05:10,,8232,상행,2025-05-01T05:00:00,,평일
8호선,2805,별내,804,,20250619,8호선,2827,모란,827,N,8호선,8241,2820,장지,819,N,18:06:20,18:07:00,,8232,상행,2025-05-01T05:00:00,,평일
8호선,2805,별내,804,,20250619,8호선,2827,모란,827,N,8호선,8241,2819,문정,818,N,18:08:10,18:08:50,,8232,상행,2025-05-01T05:00:00,,평일
8호선,2805,별내,804,,20250619,8호선,2827,모란,827,N,8호선,8241,2818,가락시장,817,N,18:10:00,18:10:50,,8232,상행,2025-05-01T05:00:00,,평일
8호선,2805,별내,804,,20250619,8호선,2827,모란,827,N,8호선,8241,2817,송파,816,N,18:12:00,18:12:40,,8232,상행,2025-05-01T05:00:00,,평일
8호선,2805,별내,804,,20250619,8호선,2827,모란,827,N,8호선,8241,2816,석촌,815,N,18:13:50,18:14:30,,8232,상행,2025-05-01T05:00:00,,평일
8호선,2805,별내,804,,20250619,8호선,2827,모란,827,N,8호선,8241,2815,잠실,814,N,18:16:20,18:17:10,,8232,상행,2025-05-01T05:00:00,,평일
8호선,2805,별내,804,,20250619,8호선,2827,모란,827,N,8호선,8241,2814,몽촌토성,813,N,18:18:20,18:19:00,,8232,상행,2025-05-01T05:00:00,,평일
8호선,2805,별내,804,,20250619,8호선,2827,모란,827,N,8호선,8241,2813,강동구청,812,N,18:21:00,18:21:40,,8232,상행,2025-05-01T05:00:00,,평일
8호선,2805,별내,804,,20250619,8호선,2827,모란,827,N,8호선,8241,2812,천호,811,N,18:23:00,18:23:50,,8232,상행,2025-05-01T05:00:00,,평일
8호선,2805,별내,804,,20250619,8호선,2827,모란,827,N,8호선,8241,2811,암사,810,N,18:25:20,18:26:00,,8232,상행,2025-05-01T05:00:00,,평일
8호선,2805,별내,804,,20250619,8호선,2827,모란,827,N,8호선,8241,2810,암사역사공원,809,N,18:28:00,18:28:30,,8232,상행,2025-05-01T05:00:00,,평일
8호선,2805,별내,804,,20250619,8호선,2827,모란,827,N,8호선,8241,2809,장자호수공원,808,N,18:32:10,18:32:50,,8232,상행,2025-05-01T05:00:00,,평일
8호선,2805,별내,804,,20250619,8호선,2827,모란,827,N,8호선,8241,2808,구리,807,N,18:35:00,18:35:40,,8232,상행,2025-05-01T05:00:00,,평일
8호선,2805,별내,804,,20250619,8호선,2827,모란,827,N,8호선,8241,2807,동구릉,806,N,18:37:00,18:37:30,,8232,상행,2025-05-01T05:00:00,,평일
8호선,2805,별내,804,,20250619,8호선,2827,모란,827,N,8호선,8241,2806,다산,805,N,18:39:50,18:40:20,,8232,상행,2025-05-01T05:00:00,,평일
8호선,2805,별내,804,,20250619,8호선,2827,모란,827,N,8호선,8241,2805,별내,804,N,18:43:30,,,8232,상행,2025-05-01T05:00:00,,평일
8호선,2805,별내,804,,20250619,8호선,2827,모란,827,N,8호선,8243,2827,모란,827,N,,17:55:30,,8234,상행,2025-05-01T05:00:00,,평일
8호선,2805,별내,804,,20250619,8호선,2827,모란,827,N,8호선,8243,2826,수진,826,N,17:57:00,17:57:20,,8234,상행,2025-05-01T05:00:00,,평일
8호선,2805,별내,804,,20250619,8호선,2827,모란,827,N,8호선,8243,2825,신흥,825,N,17:58:30,17:59:00,,8234,상행,2025-05-01T05:00:00,,평일
8호선,2805,별내,804,,20250619,8호선,2827,모란,827,N,8호선,8243,2824,단대오거리,824,N,18:00:10,18:00:40,,8234,상행,2025-05-01T05:00:00,,평일
8호선,2805,별내,804,,20250619,8호선,2827,모란,827,N,8호선,8243,2823,남한산성입구,823,N,18:01:50,18:02:20,,8234,상행,2025-05-01T05:00:00,,평일
8호선,2805,별내,804,,20250619,8호선,2827,모란,827,N,8호선,8243,2822,산성,822,N,18:04:30,18:05:00,,8234,상행,2025-05-01T05:00:00,,평일
8호선,2805,별내,804,,20250619,8호선,2827,모란,827,N,8호선,8243,2828,남위례,821,N,18:06:40,18:07:10,,8234,상행,2025-05-01T05:00:00,,평일
8호선,2805,별내,804,,20250619,8호선,2827,모란,827,N,8호선,8243,2821,복정,820,N,18:09:00,18:09:40,,8234,상행,2025-05-01T05:00:00,,평일
8호선,2805,별내,804,,20250619,8호선,2827,모란,827,N,8호선,8243,2820,장지,819,N,18:10:50,18:11:30,,8234,상행,2025-05-01T05:00:00,,평일
8호선,2805,별내,804,,20250619,8호선,2827,모란,827,N,8호선,8243,2819,문정,818,N,18:12:40,18:13:20,,8234,상행,2025-05-01T05:00:00,,평일
8호선,2805,별내,804,,20250619,8호선,2827,모란,827,N,8호선,8243,2818,가락시장,817,N,18:14:30,18:15:20,,8234,상행,2025-05-01T05:00:00,,평일
8호선,2805,별내,804,,20250619,8호선,2827,모란,827,N,8호선,8243,2817,송파,816,N,18:16:30,18:17:10,,8234,상행,2025-05-01T05:00:00,,평일
8호선,2805,별내,804,,20250619,8호선,2827,모란,827,N,8호선,8243,2816,석촌,815,N,18:18:20,18:19:00,,8234,상행,2025-05-01T05:00:00,,평일
8호선,2805,별내,804,,20250619,8호선,2827,모란,827,N,8호선,8243,2815,잠실,814,N,18:20:50,18:21:40,,8234,상행,2025-05-01T05:00:00,,평일
8호선,2805,별내,804,,20250619,8호선,2827,모란,827,N,8호선,8243,2814,몽촌토성,813,N,18:22:50,18:23:30,,8234,상행,2025-05-01T05:00:00,,평일
8호선,2805,별내,804,,20250619,8호선,2827,모란,827,N,8호선,8243,2813,강동구청,812,N,18:25:30,18:26:10,,8234,상행,2025-05-01T05:00:00,,평일
8호선,2805,별내,804,,20250619,8호선,2827,모란,827,N,8호선,8243,2812,천호,811,N,18:27:30,18:28:20,,8234,상행,2025-05-01T05:00:00,,평일
8호선,2805,별내,804,,20250619,8호선,2827,모란,827,N,8호선,8243,2811,암사,810,N,18:29:50,18:30:30,,8234,상행,2025-05-01T05:00:00,,평일
8호선,2805,별내,804,,20250619,8호선,2827,모란,827,N,8호선,8243,2810,암사역사공원,809,N,18:32:30,18:33:00,,8234,상행,2025-05-01T05:00:00,,평일
8호선,2805,별내,804,,20250619,8호선,2827,모란,827,N,8호선,8243,2809,장자호수공원,808,N,18:36:40,18:37:20,,8234,상행,2025-05-01T05:00:00,,평일
8호선,2805,별내,804,,20250619,8호선,2827,모란,827,N,8호선,8243,2808,구리,807,N,18:39:30,18:40:10,,8234,상행,2025-05-01T05:00:00,,평일
8호선,2805,별내,804,,20250619,8호선,2827,모란,827,N,8호선,8243,2807,동구릉,806,N,18:41:30,18:42:00,,8234,상행,2025-05-01T05:00:00,,평일
8호선,2805,별내,804,,20250619,8호선,2827,모란,827,N,8호선,8243,2806,다산,805,N,18:44:20,18:44:50,,8234,상행,2025-05-01T05:00:00,,평일
8호선,2805,별내,804,,20250619,8호선,2827,모란,827,N,8호선,8243,2805,별내,804,N,18:48:00,,,8234,상행,2025-05-01T05:00:00,,평일
8호선,2805,별내,804,,20250619,8호선,2827,모란,827,N,8호선,8245,2827,모란,827,N,,18:00:00,,8236,상행,2025-05-01T05:00:00,,평일
8호선,2805,별내,804,,20250619,8호선,2827,모란,827,N,8호선,8245,2826,수진,826,N,18:01:30,18:01:50,,8236,상행,2025-05-01T05:00:00,,평일
8호선,2805,별내,804,,20250619,8호선,2827,모란,827,N,8호선,8245,2825,신흥,825,N,18:03:00,18:03:30,,8236,상행,2025-05-01T05:00:00,,평일
8호선,2805,별내,804,,20250619,8호선,2827,모란,827,N,8호선,8245,2824,단대오거리,824,N,18:04:40,18:05:10,,8236,상행,2025-05-01T05:00:00,,평일
8호선,2805,별내,804,,20250619,8호선,2827,모란,827,N,8호선,8245,2823,남한산성입구,823,N,18:06:20,18:06:50,,8236,상행,2025-05-01T05:00:00,,평일
8호선,2805,별내,804,,20250619,8호선,2827,모란,827,N,8호선,8245,2822,산성,822,N,18:09:00,18:09:30,,8236,상행,2025-05-01T05:00:00,,평일
8호선,2805,별내,804,,20250619,8호선,2827,모란,827,N,8호선,8245,2828,남위례,821,N,18:11:10,18:11:40,,8236,상행,2025-05-01T05:00:00,,평일
8호선,2805,별내,804,,20250619,8호선,2827,모란,827,N,8호선,8245,2821,복정,820,N,18:13:30,18:14:10,,8236,상행,2025-05-01T05:00:00,,평일
8호선,2805,별내,804,,20250619,8호선,2827,모란,827,N,8호선,8245,2820,장지,819,N,18:15:20,18:16:00,,8236,상행,2025-05-01T05:00:00,,평일
8호선,2805,별내,804,,20250619,8호선,2827,모란,827,N,8호선,8245,2819,문정,818,N,18:17:10,18:17:50,,8236,상행,2025-05-01T05:00:00,,평일
8호선,2805,별내,804,,20250619,8호선,2827,모란,827,N,8호선,8245,2818,가락시장,817,N,18:19:00,18:19:50,,8236,상행,2025-05-01T05:00:00,,평일
8호선,2805,별내,804,,20250619,8호선,2827,모란,827,N,8호선,8245,2817,송파,816,N,18:21:00,18:21:40,,8236,상행,2025-05-01T05:00:00,,평일
8호선,2805,별내,804,,20250619,8호선,2827,모란,827,N,8호선,8245,2816,석촌,815,N,18:22:50,18:23:30,,8236,상행,2025-05-01T05:00:00,,평일
8호선,2805,별내,804,,20250619,8호선,2827,모란,827,N,8호선,8245,2815,잠실,814,N,18:25:20,18:26:10,,8236,상행,2025-05-01T05:00:00,,평일
8호선,2805,별내,804,,20250619,8호선,2827,모란,827,N,8호선,8245,2814,몽촌토성,813,N,18:27:20,18:28:00,,8236,상행,2025-05-01T05:00:00,,평일
8호선,2805,별내,804,,20250619,8호선,2827,모란,827,N,8호선,8245,2813,강동구청,812,N,18:30:00,18:30:40,,8236,상행,2025-05-01T05:00:00,,평일
8호선,2805,별내,804,,20250619,8호선,2827,모란,827,N,8호선,8245,2812,천호,811,N,18:32:00,18:32:50,,8236,상행,2025-05-01T05:00:00,,평일
8호선,2805,별내,804,,20250619,8호선,2827,모란,827,N,8호선,8245,2811,암사,810,N,18:34:20,18:35:00,,8236,상행,2025-05-01T05:00:00,,평일
8호선,2805,별내,804,,20250619,8호선,2827,모란,827,N,8호선,8245,2810,암사역사공원,809,N,18:37:00,18:37:30,,8236,상행,2025-05-01T05:00:00,,평일
8호선,2805,별내,804,,20250619,8호선,2827,모란,827,N,8호선,8245,2809,장자호수공원,808,N,18:41:10,18:41:50,,8236,상행,2025-05-01T05:00:00,,평일
8호선,2805,별내,804,,20250619,8호선,2827,모란,827,N,8호선,8245,2808,구리,807,N,18:44:00,18:44:40,,8236,상행,2025-05-01T05:00:00,,평일
8호선,2805,별내,804,,20250619,8호선,2827,모란,827,N,8호선,8245,2807,동구릉,806,N,18:46:00,18:46:30,,8236,상행,2025-05-01T05:00:00,,평일
8호선,2805,별내,804,,20250619,8호선,2827,모란,827,N,8호선,8245,2806,다산,805,N,18:48:50,18:49:20,,8236,상행,2025-05-01T05:00:00,,평일
8호선,2805,별내,804,,20250619,8호선,2827,모란,827,N,8호선,8245,2805,별내,804,N,18:52:30,,,8236,상행,2025-05-01T05:00:00,,평일
8호선,2805,별내,804,,20250619,8호선,2827,모란,827,N,8호선,8247,2827,모란,827,N,,18:04:30,,8238,상행,2025-05-01T05:00:00,,평일
8호선,2805,별내,804,,20250619,8호선,2827,모란,827,N,8호선,8247,2826,수진,826,N,18:06:00,18:06:20,,8238,상행,2025-05-01T05:00:00,,평일
8호선,2805,별내,804,,20250619,8호선,2827,모란,827,N,8호선,8247,2825,신흥,825,N,18:07:30,18:08:00,,8238,상행,2025-05-01T05:00:00,,평일
8호선,2805,별내,804,,20250619,8호선,2827,모란,827,N,8호선,8247,2824,단대오거리,824,N,18:09:10,18:09:40,,8238,상행,2025-05-01T05:00:00,,평일
8호선,2805,별내,804,,20250619,8호선,2827,모란,827,N,8호선,8247,2823,남한산성입구,823,N,18:10:50,18:11:20,,8238,상행,2025-05-01T05:00:00,,평일
8호선,2805,별내,804,,20250619,8호선,2827,모란,827,N,8호선,8247,2822,산성,822,N,18:13:30,18:14:00,,8238,상행,2025-05-01T05:00:00,,평일
8호선,2805,별내,804,,20250619,8호선,2827,모란,827,N,8호선,8247,2828,남위례,821,N,18:15:40,18:16:10,,8238,상행,2025-05-01T05:00:00,,평일
8호선,2805,별내,804,,20250619,8호선,2827,모란,827,N,8호선,8247,2821,복정,820,N,18:18:00,18:18:40,,8238,상행,2025-05-01T05:00:00,,평일
8호선,2805,별내,804,,20250619,8호선,2827,모란,827,N,8호선,8247,2820,장지,819,N,18:19:50,18:20:30,,8238,상행,2025-05-01T05:00:00,,평일
8호선,2805,별내,804,,20250619,8호선,2827,모란,827,N,8호선,8247,2819,문정,818,N,18:21:40,18:22:20,,8238,상행,2025-05-01T05:00:00,,평일
8호선,2805,별내,804,,20250619,8호선,2827,모란,827,N,8호선,8247,2818,가락시장,817,N,18:23:30,18:24:20,,8238,상행,2025-05-01T05:00:00,,평일
8호선,2805,별내,804,,20250619,8호선,2827,모란,827,N,8호선,8247,2817,송파,816,N,18:25:30,18:26:10,,8238,상행,2025-05-01T05:00:00,,평일
8호선,2805,별내,804,,20250619,8호선,2827,모란,827,N,8호선,8247,2816,석촌,815,N,18:27:20,18:28:00,,8238,상행,2025-05-01T05:00:00,,평일
8호선,2805,별내,804,,20250619,8호선,2827,모란,827,N,8호선,8247,2815,잠실,814,N,18:29:50,18:30:40,,8238,상행,2025-05-01T05:00:00,,평일
8호선,2805,별내,804,,20250619,8호선,2827,모란,827,N,8호선,8247,2814,몽촌토성,813,N,18:31:50,18:32:30,,8238,상행,2025-05-01T05:00:00,,평일
8호선,2805,별내,804,,20250619,8호선,2827,모란,827,N,8호선,8247,2813,강동구청,812,N,18:34:30,18:35:10,,8238,상행,2025-05-01T05:00:00,,평일
8호선,2805,별내,804,,20250619,8호선,2827,모란,827,N,8호선,8247,2812,천호,811,N,18:36:30,18:37:20,,8238,상행,2025-05-01T05:00:00,,평일
8호선,2805,별내,804,,20250619,8호선,2827,모란,827,N,8호선,8247,2811,암사,810,N,18:38:50,18:39:30,,8238,상행,2025-05-01T05:00:00,,평일
8호선,2805,별내,804,,20250619,8호선,2827,모란,827,N,8호선,8247,2810,암사역사공원,809,N,18:41:30,18:42:00,,8238,상행,2025-05-01T05:00:00,,평일
8호선,2805,별내,804,,20250619,8호선,2827,모란,827,N,8호선,8247,2809,장자호수공원,808,N,18:45:40,18:46:20,,8238,상행,2025-05-01T05:00:00,,평일
8호선,2805,별내,804,,20250619,8호선,2827,모란,827,N,8호선,8247,2808,구리,807,N,18:48:30,18:49:10,,8238,상행,2025-05-01T05:00:00,,평일
8호선,2805,별내,804,,20250619,8호선,2827,모란,827,N,8호선,8247,2807,동구릉,806,N,18:50:30,18:51:00,,8238,상행,2025-05-01T05:00:00,,평일
8호선,2805,별내,804,,20250619,8호선,2827,모란,827,N,8호선,8247,2806,다산,805,N,18:53:20,18:53:50,,8238,상행,2025-05-01T05:00:00,,평일
8호선,2805,별내,804,,20250619,8호선,2827,모란,827,N,8호선,8247,2805,별내,804,N,18:57:00,,,8238,상행,2025-05-01T05:00:00,,평일
8호선,2805,별내,804,,20250619,8호선,2827,모란,827,N,8호선,8249,2827,모란,827,N,,18:09:00,,8240,상행,2025-05-01T05:00:00,,평일
8호선,2805,별내,804,,20250619,8호선,2827,모란,827,N,8호선,8249,2826,수진,826,N,18:10:30,18:10:50,,8240,상행,2025-05-01T05:00:00,,평일
8호선,2805,별내,804,,20250619,8호선,2827,모란,827,N,8호선,8249,2825,신흥,825,N,18:12:00,18:12:30,,8240,상행,2025-05-01T05:00:00,,평일
8호선,2805,별내,804,,20250619,8호선,2827,모란,827,N,8호선,8249,2824,단대오거리,824,N,18:13:40,18:14:10,,8240,상행,2025-05-01T05:00:00,,평일
8호선,2805,별내,804,,20250619,8호선,2827,모란,827,N,8호선,8249,2823,남한산성입구,823,N,18:15:20,18:15:50,,8240,상행,2025-05-01T05:00:00,,평일
8호선,2805,별내,804,,20250619,8호선,2827,모란,827,N,8호선,8249,2822,산성,822,N,18:18:00,18:18:30,,8240,상행,2025-05-01T05:00:00,,평일
8호선,2805,별내,804,,20250619,8호선,2827,모란,827,N,8호선,8249,2828,남위례,821,N,18:20:10,18:20:40,,8240,상행,2025-05-01T05:00:00,,평일
8호선,2805,별내,804,,20250619,8호선,2827,모란,827,N,8호선,8249,2821,복정,820,N,18:22:30,18:23:10,,8240,상행,2025-05-01T05:00:00,,평일
8호선,2805,별내,804,,20250619,8호선,2827,모란,827,N,8호선,8249,2820,장지,819,N,18:24:20,18:25:00,,8240,상행,2025-05-01T05:00:00,,평일
8호선,2805,별내,804,,20250619,8호선,2827,모란,827,N,8호선,8249,2819,문정,818,N,18:26:10,18:26:50,,8240,상행,2025-05-01T05:00:00,,평일
8호선,2805,별내,804,,20250619,8호선,2827,모란,827,N,8호선,8249,2818,가락시장,817,N,18:28:00,18:28:50,,8240,상행,2025-05-01T05:00:00,,평일
8호선,2805,별내,804,,20250619,8호선,2827,모란,827,N,8호선,8249,2817,송파,816,N,18:30:00,18:30:40,,8240,상행,2025-05-01T05:00:00,,평일
8호선,2805,별내,804,,20250619,8호선,2827,모란,827,N,8호선,8249,2816,석촌,815,N,18:31:50,18:32:30,,8240,상행,2025-05-01T05:00:00,,평일
8호선,2805,별내,804,,20250619,8호선,2827,모란,827,N,8호선,8249,2815,잠실,814,N,18:34:20,18:35:10,,8240,상행,2025-05-01T05:00:00,,평일
8호선,2805,별내,804,,20250619,8호선,2827,모란,827,N,8호선,8249,2814,몽촌토성,813,N,18:36:20,18:37:00,,8240,상행,2025-05-01T05:00:00,,평일
8호선,2805,별내,804,,20250619,8호선,2827,모란,827,N,8호선,8249,2813,강동구청,812,N,18:39:00,18:39:40,,8240,상행,2025-05-01T05:00:00,,평일
8호선,2805,별내,804,,20250619,8호선,2827,모란,827,N,8호선,8249,2812,천호,811,N,18:41:00,18:41:50,,8240,상행,2025-05-01T05:00:00,,평일
8호선,2805,별내,804,,20250619,8호선,2827,모란,827,N,8호선,8249,2811,암사,810,N,18:43:20,18:44:00,,8240,상행,2025-05-01T05:00:00,,평일
8호선,2805,별내,804,,20250619,8호선,2827,모란,827,N,8호선,8249,2810,암사역사공원,809,N,18:46:00,18:46:30,,8240,상행,2025-05-01T05:00:00,,평일
8호선,2805,별내,804,,20250619,8호선,2827,모란,827,N,8호선,8249,2809,장자호수공원,808,N,18:50:10,18:50:50,,8240,상행,2025-05-01T05:00:00,,평일
8호선,2805,별내,804,,20250619,8호선,2827,모란,827,N,8호선,8249,2808,구리,807,N,18:53:00,18:53:40,,8240,상행,2025-05-01T05:00:00,,평일
8호선,2805,별내,804,,20250619,8호선,2827,모란,827,N,8호선,8249,2807,동구릉,806,N,18:55:00,18:55:30,,8240,상행,2025-05-01T05:00:00,,평일
8호선,2805,별내,804,,20250619,8호선,2827,모란,827,N,8호선,8249,2806,다산,805,N,18:57:50,18:58:20,,8240,상행,2025-05-01T05:00:00,,평일
8호선,2805,별내,804,,20250619,8호선,2827,모란,827,N,8호선,8249,2805,별내,804,N,19:01:30,,,8240,상행,2025-05-01T05:00:00,,평일
8호선,2805,별내,804,,20250619,8호선,2827,모란,827,N,8호선,8251,2827,모란,827,N,,18:13:30,,8242,상행,2025-05-01T05:00:00,,평일
8호선,2805,별내,804,,20250619,8호선,2827,모란,827,N,8호선,8251,2826,수진,826,N,18:15:00,18:15:20,,8242,상행,2025-05-01T05:00:00,,평일
8호선,2805,별내,804,,20250619,8호선,2827,모란,827,N,8호선,8251,2825,신흥,825,N,18:16:30,18:17:00,,8242,상행,2025-05-01T05:00:00,,평일
8호선,2805,별내,804,,20250619,8호선,2827,모란,827,N,8호선,8251,2824,단대오거리,824,N,18:18:10,18:18:40,,8242,상행,2025-05-01T05:00:00,,평일
8호선,2805,별내,804,,20250619,8호선,2827,모란,827,N,8호선,8251,2823,남한산성입구,823,N,18:19:50,18:20:20,,8242,상행,2025-05-01T05:00:00,,평일
8호선,2805,별내,804,,20250619,8호선,2827,모란,827,N,8호선,8251,2822,산성,822,N,18:22:30,18:23:00,,8242,상행,2025-05-01T05:00:00,,평일
8호선,2805,별내,804,,20250619,8호선,2827,모란,827,N,8호선,8251,2828,남위례,821,N,18:24:40,18:25:10,,8242,상행,2025-05-01T05:00:00,,평일
8호선,2805,별내,804,,20250619,8호선,2827,모란,827,N,8호선,8251,2821,복정,820,N,18:27:00,18:27:40,,8242,상행,2025-05-01T05:00:00,,평일
8호선,2805,별내,804,,20250619,8호선,2827,모란,827,N,8호선,8251,2820,장지,819,N,18:28:50,18:29:30,,8242,상행,2025-05-01T05:00:00,,평일
8호선,2805,별내,804,,20250619,8호선,2827,모란,827,N,8호선,8251,2819,문정,818,N,18:30:40,18:31:20,,8242,상행,2025-05-01T05:00:00,,평일
8호선,2805,별내,804,,20250619,8호선,2827,모란,827,N,8호선,8251,2818,가락시장,817,N,18:32:30,18:33:20,,8242,상행,2025-05-01T05:00:00,,평일
8호선,2805,별내,804,,20250619,8호선,2827,모란,827,N,8호선,8251,2817,송파,816,N,18:34:30,18:35:10,,8242,상행,2025-05-01T05:00:00,,평일
8호선,2805,별내,804,,20250619,8호선,2827,모란,827,N,8호선,8251,2816,석촌,815,N,18:36:20,18:37:00,,8242,상행,2025-05-01T05:00:00,,평일
8호선,2805,별내,804,,20250619,8호선,2827,모란,827,N,8호선,8251,2815,잠실,814,N,18:38:50,18:39:40,,8242,상행,2025-05-01T05:00:00,,평일
8호선,2805,별내,804,,20250619,8호선,2827,모란,827,N,8호선,8251,2814,몽촌토성,813,N,18:40:50,18:41:30,,8242,상행,2025-05-01T05:00:00,,평일
8호선,2805,별내,804,,20250619,8호선,2827,모란,827,N,8호선,8251,2813,강동구청,812,N,18:43:30,18:44:10,,8242,상행,2025-05-01T05:00:00,,평일
8호선,2805,별내,804,,20250619,8호선,2827,모란,827,N,8호선,8251,2812,천호,811,N,18:45:30,18:46:20,,8242,상행,2025-05-01T05:00:00,,평일
8호선,2805,별내,804,,20250619,8호선,2827,모란,827,N,8호선,8251,2811,암사,810,N,18:47:50,18:48:30,,8242,상행,2025-05-01T05:00:00,,평일
8호선,2805,별내,804,,20250619,8호선,2827,모란,827,N,8호선,8251,2810,암사역사공원,809,N,18:50:30,18:51:00,,8242,상행,2025-05-01T05:00:00,,평일
8호선,2805,별내,804,,20250619,8호선,2827,모란,827,N,8호선,8251,2809,장자호수공원,808,N,18:54:40,18:55:20,,8242,상행,2025-05-01T05:00:00,,평일
8호선,2805,별내,804,,20250619,8호선,2827,모란,827,N,8호선,8251,2808,구리,807,N,18:57:30,18:58:10,,8242,상행,2025-05-01T05:00:00,,평일
8호선,2805,별내,804,,20250619,8호선,2827,모란,827,N,8호선,8251,2807,동구릉,806,N,18:59:30,19:00:00,,8242,상행,2025-05-01T05:00:00,,평일
8호선,2805,별내,804,,20250619,8호선,2827,모란,827,N,8호선,8251,2806,다산,805,N,19:02:20,19:02:50,,8242,상행,2025-05-01T05:00:00,,평일
8호선,2805,별내,804,,20250619,8호선,2827,모란,827,N,8호선,8251,2805,별내,804,N,19:06:00,,,8242,상행,2025-05-01T05:00:00,,평일
8호선,2805,별내,804,,20250619,8호선,2827,모란,827,N,8호선,8253,2827,모란,827,N,,18:18:00,,8244,상행,2025-05-01T05:00:00,,평일
8호선,2805,별내,804,,20250619,8호선,2827,모란,827,N,8호선,8253,2826,수진,826,N,18:19:30,18:19:50,,8244,상행,2025-05-01T05:00:00,,평일
8호선,2805,별내,804,,20250619,8호선,2827,모란,827,N,8호선,8253,2825,신흥,825,N,18:21:00,18:21:30,,8244,상행,2025-05-01T05:00:00,,평일
8호선,2805,별내,804,,20250619,8호선,2827,모란,827,N,8호선,8253,2824,단대오거리,824,N,18:22:40,18:23:10,,8244,상행,2025-05-01T05:00:00,,평일
8호선,2805,별내,804,,20250619,8호선,2827,모란,827,N,8호선,8253,2823,남한산성입구,823,N,18:24:20,18:24:50,,8244,상행,2025-05-01T05:00:00,,평일
8호선,2805,별내,804,,20250619,8호선,2827,모란,827,N,8호선,8253,2822,산성,822,N,18:27:00,18:27:30,,8244,상행,2025-05-01T05:00:00,,평일
8호선,2805,별내,804,,20250619,8호선,2827,모란,827,N,8호선,8253,2828,남위례,821,N,18:29:10,18:29:40,,8244,상행,2025-05-01T05:00:00,,평일
8호선,2805,별내,804,,20250619,8호선,2827,모란,827,N,8호선,8253,2821,복정,820,N,18:31:30,18:32:10,,8244,상행,2025-05-01T05:00:00,,평일
8호선,2805,별내,804,,20250619,8호선,2827,모란,827,N,8호선,8253,2820,장지,819,N,18:33:20,18:34:00,,8244,상행,2025-05-01T05:00:00,,평일
8호선,2805,별내,804,,20250619,8호선,2827,모란,827,N,8호선,8253,2819,문정,818,N,18:35:10,18:35:50,,8244,상행,2025-05-01T05:00:00,,평일
8호선,2805,별내,804,,20250619,8호선,2827,모란,827,N,8호선,8253,2818,가락시장,817,N,18:37:00,18:37:50,,8244,상행,2025-05-01T05:00:00,,평일
8호선,2805,별내,804,,20250619,8호선,2827,모란,827,N,8호선,8253,2817,송파,816,N,18:39:00,18:39:40,,8244,상행,2025-05-01T05:00:00,,평일
8호선,2805,별내,804,,20250619,8호선,2827,모란,827,N,8호선,8253,2816,석촌,815,N,18:40:50,18:41:30,,8244,상행,2025-05-01T05:00:00,,평일
8호선,2805,별내,804,,20250619,8호선,2827,모란,827,N,8호선,8253,2815,잠실,814,N,18:43:20,18:44:10,,8244,상행,2025-05-01T05:00:00,,평일
8호선,2805,별내,804,,20250619,8호선,2827,모란,827,N,8호선,8253,2814,몽촌토성,813,N,18:45:20,18:46:00,,8244,상행,2025-05-01T05:00:00,,평일
8호선,2805,별내,804,,20250619,8호선,2827,모란,827,N,8호선,8253,2813,강동구청,812,N,18:48:00,18:48:40,,8244,상행,2025-05-01T05:00:00,,평일
8호선,2805,별내,804,,20250619,8호선,2827,모란,827,N,8호선,8253,2812,천호,811,N,18:50:00,18:50:50,,8244,상행,2025-05-01T05:00:00,,평일
8호선,2805,별내,804,,20250619,8호선,2827,모란,827,N,8호선,8253,2811,암사,810,N,18:52:20,18:53:00,,8244,상행,2025-05-01T05:00:00,,평일
8호선,2805,별내,804,,20250619,8호선,2827,모란,827,N,8호선,8253,2810,암사역사공원,809,N,18:55:00,18:55:30,,8244,상행,2025-05-01T05:00:00,,평일
8호선,2805,별내,804,,20250619,8호선,2827,모란,827,N,8호선,8253,2809,장자호수공원,808,N,18:59:10,18:59:50,,8244,상행,2025-05-01T05:00:00,,평일
8호선,2805,별내,804,,20250619,8호선,2827,모란,827,N,8호선,8253,2808,구리,807,N,19:02:00,19:02:40,,8244,상행,2025-05-01T05:00:00,,평일
8호선,2805,별내,804,,20250619,8호선,2827,모란,827,N,8호선,8253,2807,동구릉,806,N,19:04:00,19:04:30,,8244,상행,2025-05-01T05:00:00,,평일
8호선,2805,별내,804,,20250619,8호선,2827,모란,827,N,8호선,8253,2806,다산,805,N,19:06:50,19:07:20,,8244,상행,2025-05-01T05:00:00,,평일
8호선,2805,별내,804,,20250619,8호선,2827,모란,827,N,8호선,8253,2805,별내,804,N,19:10:30,,,8244,상행,2025-05-01T05:00:00,,평일
8호선,2805,별내,804,,20250619,8호선,2827,모란,827,N,8호선,8255,2827,모란,827,N,,18:23:00,,8246,상행,2025-05-01T05:00:00,,평일
8호선,2805,별내,804,,20250619,8호선,2827,모란,827,N,8호선,8255,2826,수진,826,N,18:24:30,18:24:50,,8246,상행,2025-05-01T05:00:00,,평일
8호선,2805,별내,804,,20250619,8호선,2827,모란,827,N,8호선,8255,2825,신흥,825,N,18:26:00,18:26:30,,8246,상행,2025-05-01T05:00:00,,평일
8호선,2805,별내,804,,20250619,8호선,2827,모란,827,N,8호선,8255,2824,단대오거리,824,N,18:27:40,18:28:10,,8246,상행,2025-05-01T05:00:00,,평일
8호선,2805,별내,804,,20250619,8호선,2827,모란,827,N,8호선,8255,2823,남한산성입구,823,N,18:29:20,18:29:50,,8246,상행,2025-05-01T05:00:00,,평일
8호선,2805,별내,804,,20250619,8호선,2827,모란,827,N,8호선,8255,2822,산성,822,N,18:32:00,18:32:30,,8246,상행,2025-05-01T05:00:00,,평일
8호선,2805,별내,804,,20250619,8호선,2827,모란,827,N,8호선,8255,2828,남위례,821,N,18:34:10,18:34:40,,8246,상행,2025-05-01T05:00:00,,평일
8호선,2805,별내,804,,20250619,8호선,2827,모란,827,N,8호선,8255,2821,복정,820,N,18:36:30,18:37:10,,8246,상행,2025-05-01T05:00:00,,평일
8호선,2805,별내,804,,20250619,8호선,2827,모란,827,N,8호선,8255,2820,장지,819,N,18:38:20,18:39:00,,8246,상행,2025-05-01T05:00:00,,평일
8호선,2805,별내,804,,20250619,8호선,2827,모란,827,N,8호선,8255,2819,문정,818,N,18:40:10,18:40:50,,8246,상행,2025-05-01T05:00:00,,평일
8호선,2805,별내,804,,20250619,8호선,2827,모란,827,N,8호선,8255,2818,가락시장,817,N,18:42:00,18:42:50,,8246,상행,2025-05-01T05:00:00,,평일
8호선,2805,별내,804,,20250619,8호선,2827,모란,827,N,8호선,8255,2817,송파,816,N,18:44:00,18:44:40,,8246,상행,2025-05-01T05:00:00,,평일
8호선,2805,별내,804,,20250619,8호선,2827,모란,827,N,8호선,8255,2816,석촌,815,N,18:45:50,18:46:30,,8246,상행,2025-05-01T05:00:00,,평일
8호선,2805,별내,804,,20250619,8호선,2827,모란,827,N,8호선,8255,2815,잠실,814,N,18:48:20,18:49:10,,8246,상행,2025-05-01T05:00:00,,평일
8호선,2805,별내,804,,20250619,8호선,2827,모란,827,N,8호선,8255,2814,몽촌토성,813,N,18:50:20,18:51:00,,8246,상행,2025-05-01T05:00:00,,평일
8호선,2805,별내,804,,20250619,8호선,2827,모란,827,N,8호선,8255,2813,강동구청,812,N,18:53:00,18:53:40,,8246,상행,2025-05-01T05:00:00,,평일
8호선,2805,별내,804,,20250619,8호선,2827,모란,827,N,8호선,8255,2812,천호,811,N,18:55:00,18:55:50,,8246,상행,2025-05-01T05:00:00,,평일
8호선,2805,별내,804,,20250619,8호선,2827,모란,827,N,8호선,8255,2811,암사,810,N,18:57:20,18:58:00,,8246,상행,2025-05-01T05:00:00,,평일
8호선,2805,별내,804,,20250619,8호선,2827,모란,827,N,8호선,8255,2810,암사역사공원,809,N,19:00:00,19:00:30,,8246,상행,2025-05-01T05:00:00,,평일
8호선,2805,별내,804,,20250619,8호선,2827,모란,827,N,8호선,8255,2809,장자호수공원,808,N,19:04:10,19:04:50,,8246,상행,2025-05-01T05:00:00,,평일
8호선,2805,별내,804,,20250619,8호선,2827,모란,827,N,8호선,8255,2808,구리,807,N,19:07:00,19:07:40,,8246,상행,2025-05-01T05:00:00,,평일
8호선,2805,별내,804,,20250619,8호선,2827,모란,827,N,8호선,8255,2807,동구릉,806,N,19:09:00,19:09:30,,8246,상행,2025-05-01T05:00:00,,평일
8호선,2805,별내,804,,20250619,8호선,2827,모란,827,N,8호선,8255,2806,다산,805,N,19:11:50,19:12:20,,8246,상행,2025-05-01T05:00:00,,평일
8호선,2805,별내,804,,20250619,8호선,2827,모란,827,N,8호선,8255,2805,별내,804,N,19:15:30,,,8246,상행,2025-05-01T05:00:00,,평일
8호선,2805,별내,804,,20250619,8호선,2827,모란,827,N,8호선,8257,2827,모란,827,N,,18:28:00,,8248,상행,2025-05-01T05:00:00,,평일
8호선,2805,별내,804,,20250619,8호선,2827,모란,827,N,8호선,8257,2826,수진,826,N,18:29:30,18:29:50,,8248,상행,2025-05-01T05:00:00,,평일
8호선,2805,별내,804,,20250619,8호선,2827,모란,827,N,8호선,8257,2825,신흥,825,N,18:31:00,18:31:30,,8248,상행,2025-05-01T05:00:00,,평일
8호선,2805,별내,804,,20250619,8호선,2827,모란,827,N,8호선,8257,2824,단대오거리,824,N,18:32:40,18:33:10,,8248,상행,2025-05-01T05:00:00,,평일
8호선,2805,별내,804,,20250619,8호선,2827,모란,827,N,8호선,8257,2823,남한산성입구,823,N,18:34:20,18:34:50,,8248,상행,2025-05-01T05:00:00,,평일
8호선,2805,별내,804,,20250619,8호선,2827,모란,827,N,8호선,8257,2822,산성,822,N,18:37:00,18:37:30,,8248,상행,2025-05-01T05:00:00,,평일
8호선,2805,별내,804,,20250619,8호선,2827,모란,827,N,8호선,8257,2828,남위례,821,N,18:39:10,18:39:40,,8248,상행,2025-05-01T05:00:00,,평일
8호선,2805,별내,804,,20250619,8호선,2827,모란,827,N,8호선,8257,2821,복정,820,N,18:41:30,18:42:10,,8248,상행,2025-05-01T05:00:00,,평일
8호선,2805,별내,804,,20250619,8호선,2827,모란,827,N,8호선,8257,2820,장지,819,N,18:43:20,18:44:00,,8248,상행,2025-05-01T05:00:00,,평일
8호선,2805,별내,804,,20250619,8호선,2827,모란,827,N,8호선,8257,2819,문정,818,N,18:45:10,18:45:50,,8248,상행,2025-05-01T05:00:00,,평일
8호선,2805,별내,804,,20250619,8호선,2827,모란,827,N,8호선,8257,2818,가락시장,817,N,18:47:00,18:47:50,,8248,상행,2025-05-01T05:00:00,,평일
8호선,2805,별내,804,,20250619,8호선,2827,모란,827,N,8호선,8257,2817,송파,816,N,18:49:00,18:49:40,,8248,상행,2025-05-01T05:00:00,,평일
8호선,2805,별내,804,,20250619,8호선,2827,모란,827,N,8호선,8257,2816,석촌,815,N,18:50:50,18:51:30,,8248,상행,2025-05-01T05:00:00,,평일
8호선,2805,별내,804,,20250619,8호선,2827,모란,827,N,8호선,8257,2815,잠실,814,N,18:53:20,18:54:10,,8248,상행,2025-05-01T05:00:00,,평일
8호선,2805,별내,804,,20250619,8호선,2827,모란,827,N,8호선,8257,2814,몽촌토성,813,N,18:55:20,18:56:00,,8248,상행,2025-05-01T05:00:00,,평일
8호선,2805,별내,804,,20250619,8호선,2827,모란,827,N,8호선,8257,2813,강동구청,812,N,18:58:00,18:58:40,,8248,상행,2025-05-01T05:00:00,,평일
8호선,2805,별내,804,,20250619,8호선,2827,모란,827,N,8호선,8257,2812,천호,811,N,19:00:00,19:00:50,,8248,상행,2025-05-01T05:00:00,,평일
8호선,2805,별내,804,,20250619,8호선,2827,모란,827,N,8호선,8257,2811,암사,810,N,19:02:20,19:03:00,,8248,상행,2025-05-01T05:00:00,,평일
8호선,2805,별내,804,,20250619,8호선,2827,모란,827,N,8호선,8257,2810,암사역사공원,809,N,19:05:00,19:05:30,,8248,상행,2025-05-01T05:00:00,,평일
8호선,2805,별내,804,,20250619,8호선,2827,모란,827,N,8호선,8257,2809,장자호수공원,808,N,19:09:10,19:09:50,,8248,상행,2025-05-01T05:00:00,,평일
8호선,2805,별내,804,,20250619,8호선,2827,모란,827,N,8호선,8257,2808,구리,807,N,19:12:00,19:12:40,,8248,상행,2025-05-01T05:00:00,,평일
8호선,2805,별내,804,,20250619,8호선,2827,모란,827,N,8호선,8257,2807,동구릉,806,N,19:14:00,19:14:30,,8248,상행,2025-05-01T05:00:00,,평일
8호선,2805,별내,804,,20250619,8호선,2827,모란,827,N,8호선,8257,2806,다산,805,N,19:16:50,19:17:20,,8248,상행,2025-05-01T05:00:00,,평일
8호선,2805,별내,804,,20250619,8호선,2827,모란,827,N,8호선,8257,2805,별내,804,N,19:20:30,,,8248,상행,2025-05-01T05:00:00,,평일
8호선,2805,별내,804,,20250619,8호선,2827,모란,827,N,8호선,8259,2827,모란,827,N,,18:33:00,,8250,상행,2025-05-01T05:00:00,,평일
8호선,2805,별내,804,,20250619,8호선,2827,모란,827,N,8호선,8259,2826,수진,826,N,18:34:30,18:34:50,,8250,상행,2025-05-01T05:00:00,,평일
8호선,2805,별내,804,,20250619,8호선,2827,모란,827,N,8호선,8259,2825,신흥,825,N,18:36:00,18:36:30,,8250,상행,2025-05-01T05:00:00,,평일
8호선,2805,별내,804,,20250619,8호선,2827,모란,827,N,8호선,8259,2824,단대오거리,824,N,18:37:40,18:38:10,,8250,상행,2025-05-01T05:00:00,,평일
8호선,2805,별내,804,,20250619,8호선,2827,모란,827,N,8호선,8259,2823,남한산성입구,823,N,18:39:20,18:39:50,,8250,상행,2025-05-01T05:00:00,,평일
8호선,2805,별내,804,,20250619,8호선,2827,모란,827,N,8호선,8259,2822,산성,822,N,18:42:00,18:42:30,,8250,상행,2025-05-01T05:00:00,,평일
8호선,2805,별내,804,,20250619,8호선,2827,모란,827,N,8호선,8259,2828,남위례,821,N,18:44:10,18:44:40,,8250,상행,2025-05-01T05:00:00,,평일
8호선,2805,별내,804,,20250619,8호선,2827,모란,827,N,8호선,8259,2821,복정,820,N,18:46:30,18:47:10,,8250,상행,2025-05-01T05:00:00,,평일
8호선,2805,별내,804,,20250619,8호선,2827,모란,827,N,8호선,8259,2820,장지,819,N,18:48:20,18:49:00,,8250,상행,2025-05-01T05:00:00,,평일
8호선,2805,별내,804,,20250619,8호선,2827,모란,827,N,8호선,8259,2819,문정,818,N,18:50:10,18:50:50,,8250,상행,2025-05-01T05:00:00,,평일
8호선,2805,별내,804,,20250619,8호선,2827,모란,827,N,8호선,8259,2818,가락시장,817,N,18:52:00,18:52:50,,8250,상행,2025-05-01T05:00:00,,평일
8호선,2805,별내,804,,20250619,8호선,2827,모란,827,N,8호선,8259,2817,송파,816,N,18:54:00,18:54:40,,8250,상행,2025-05-01T05:00:00,,평일
8호선,2805,별내,804,,20250619,8호선,2827,모란,827,N,8호선,8259,2816,석촌,815,N,18:55:50,18:56:30,,8250,상행,2025-05-01T05:00:00,,평일
8호선,2805,별내,804,,20250619,8호선,2827,모란,827,N,8호선,8259,2815,잠실,814,N,18:58:20,18:59:10,,8250,상행,2025-05-01T05:00:00,,평일
8호선,2805,별내,804,,20250619,8호선,2827,모란,827,N,8호선,8259,2814,몽촌토성,813,N,19:00:20,19:01:00,,8250,상행,2025-05-01T05:00:00,,평일
8호선,2805,별내,804,,20250619,8호선,2827,모란,827,N,8호선,8259,2813,강동구청,812,N,19:03:00,19:03:40,,8250,상행,2025-05-01T05:00:00,,평일
8호선,2805,별내,804,,20250619,8호선,2827,모란,827,N,8호선,8259,2812,천호,811,N,19:05:00,19:05:50,,8250,상행,2025-05-01T05:00:00,,평일
8호선,2805,별내,804,,20250619,8호선,2827,모란,827,N,8호선,8259,2811,암사,810,N,19:07:20,19:08:00,,8250,상행,2025-05-01T05:00:00,,평일
8호선,2805,별내,804,,20250619,8호선,2827,모란,827,N,8호선,8259,2810,암사역사공원,809,N,19:10:00,19:10:30,,8250,상행,2025-05-01T05:00:00,,평일
8호선,2805,별내,804,,20250619,8호선,2827,모란,827,N,8호선,8259,2809,장자호수공원,808,N,19:14:10,19:14:50,,8250,상행,2025-05-01T05:00:00,,평일
8호선,2805,별내,804,,20250619,8호선,2827,모란,827,N,8호선,8259,2808,구리,807,N,19:17:00,19:17:40,,8250,상행,2025-05-01T05:00:00,,평일
8호선,2805,별내,804,,20250619,8호선,2827,모란,827,N,8호선,8259,2807,동구릉,806,N,19:19:00,19:19:30,,8250,상행,2025-05-01T05:00:00,,평일
8호선,2805,별내,804,,20250619,8호선,2827,모란,827,N,8호선,8259,2806,다산,805,N,19:21:50,19:22:20,,8250,상행,2025-05-01T05:00:00,,평일
8호선,2805,별내,804,,20250619,8호선,2827,모란,827,N,8호선,8259,2805,별내,804,N,19:25:30,,,8250,상행,2025-05-01T05:00:00,,평일
8호선,2805,별내,804,,20250619,8호선,2827,모란,827,N,8호선,8261,2827,모란,827,N,,18:39:00,,8252,상행,2025-05-01T05:00:00,,평일
8호선,2805,별내,804,,20250619,8호선,2827,모란,827,N,8호선,8261,2826,수진,826,N,18:40:30,18:40:50,,8252,상행,2025-05-01T05:00:00,,평일
8호선,2805,별내,804,,20250619,8호선,2827,모란,827,N,8호선,8261,2825,신흥,825,N,18:42:00,18:42:30,,8252,상행,2025-05-01T05:00:00,,평일
8호선,2805,별내,804,,20250619,8호선,2827,모란,827,N,8호선,8261,2824,단대오거리,824,N,18:43:40,18:44:10,,8252,상행,2025-05-01T05:00:00,,평일
8호선,2805,별내,804,,20250619,8호선,2827,모란,827,N,8호선,8261,2823,남한산성입구,823,N,18:45:20,18:45:50,,8252,상행,2025-05-01T05:00:00,,평일
8호선,2805,별내,804,,20250619,8호선,2827,모란,827,N,8호선,8261,2822,산성,822,N,18:48:00,18:48:30,,8252,상행,2025-05-01T05:00:00,,평일
8호선,2805,별내,804,,20250619,8호선,2827,모란,827,N,8호선,8261,2828,남위례,821,N,18:50:10,18:50:40,,8252,상행,2025-05-01T05:00:00,,평일
8호선,2805,별내,804,,20250619,8호선,2827,모란,827,N,8호선,8261,2821,복정,820,N,18:52:30,18:53:10,,8252,상행,2025-05-01T05:00:00,,평일
8호선,2805,별내,804,,20250619,8호선,2827,모란,827,N,8호선,8261,2820,장지,819,N,18:54:20,18:55:00,,8252,상행,2025-05-01T05:00:00,,평일
8호선,2805,별내,804,,20250619,8호선,2827,모란,827,N,8호선,8261,2819,문정,818,N,18:56:10,18:56:50,,8252,상행,2025-05-01T05:00:00,,평일
8호선,2805,별내,804,,20250619,8호선,2827,모란,827,N,8호선,8261,2818,가락시장,817,N,18:58:00,18:58:50,,8252,상행,2025-05-01T05:00:00,,평일
8호선,2805,별내,804,,20250619,8호선,2827,모란,827,N,8호선,8261,2817,송파,816,N,19:00:00,19:00:40,,8252,상행,2025-05-01T05:00:00,,평일
8호선,2805,별내,804,,20250619,8호선,2827,모란,827,N,8호선,8261,2816,석촌,815,N,19:01:50,19:02:30,,8252,상행,2025-05-01T05:00:00,,평일
8호선,2805,별내,804,,20250619,8호선,2827,모란,827,N,8호선,8261,2815,잠실,814,N,19:04:20,19:05:10,,8252,상행,2025-05-01T05:00:00,,평일
8호선,2805,별내,804,,20250619,8호선,2827,모란,827,N,8호선,8261,2814,몽촌토성,813,N,19:06:20,19:07:00,,8252,상행,2025-05-01T05:00:00,,평일
8호선,2805,별내,804,,20250619,8호선,2827,모란,827,N,8호선,8261,2813,강동구청,812,N,19:09:00,19:09:40,,8252,상행,2025-05-01T05:00:00,,평일
8호선,2805,별내,804,,20250619,8호선,2827,모란,827,N,8호선,8261,2812,천호,811,N,19:11:00,19:11:50,,8252,상행,2025-05-01T05:00:00,,평일
8호선,2805,별내,804,,20250619,8호선,2827,모란,827,N,8호선,8261,2811,암사,810,N,19:13:20,19:14:00,,8252,상행,2025-05-01T05:00:00,,평일
8호선,2805,별내,804,,20250619,8호선,2827,모란,827,N,8호선,8261,2810,암사역사공원,809,N,19:16:00,19:16:30,,8252,상행,2025-05-01T05:00:00,,평일
8호선,2805,별내,804,,20250619,8호선,2827,모란,827,N,8호선,8261,2809,장자호수공원,808,N,19:20:10,19:20:50,,8252,상행,2025-05-01T05:00:00,,평일
8호선,2805,별내,804,,20250619,8호선,2827,모란,827,N,8호선,8261,2808,구리,807,N,19:23:00,19:23:40,,8252,상행,2025-05-01T05:00:00,,평일
8호선,2805,별내,804,,20250619,8호선,2827,모란,827,N,8호선,8261,2807,동구릉,806,N,19:25:00,19:25:30,,8252,상행,2025-05-01T05:00:00,,평일
8호선,2805,별내,804,,20250619,8호선,2827,모란,827,N,8호선,8261,2806,다산,805,N,19:27:50,19:28:20,,8252,상행,2025-05-01T05:00:00,,평일
8호선,2805,별내,804,,20250619,8호선,2827,모란,827,N,8호선,8261,2805,별내,804,N,19:31:30,,,8252,상행,2025-05-01T05:00:00,,평일
8호선,2805,별내,804,,20250619,8호선,2827,모란,827,N,8호선,8263,2827,모란,827,N,,18:45:00,,8254,상행,2025-05-01T05:00:00,,평일
8호선,2805,별내,804,,20250619,8호선,2827,모란,827,N,8호선,8263,2826,수진,826,N,18:46:30,18:46:50,,8254,상행,2025-05-01T05:00:00,,평일
8호선,2805,별내,804,,20250619,8호선,2827,모란,827,N,8호선,8263,2825,신흥,825,N,18:48:00,18:48:30,,8254,상행,2025-05-01T05:00:00,,평일
8호선,2805,별내,804,,20250619,8호선,2827,모란,827,N,8호선,8263,2824,단대오거리,824,N,18:49:40,18:50:10,,8254,상행,2025-05-01T05:00:00,,평일
8호선,2805,별내,804,,20250619,8호선,2827,모란,827,N,8호선,8263,2823,남한산성입구,823,N,18:51:20,18:51:50,,8254,상행,2025-05-01T05:00:00,,평일
8호선,2805,별내,804,,20250619,8호선,2827,모란,827,N,8호선,8263,2822,산성,822,N,18:54:00,18:54:30,,8254,상행,2025-05-01T05:00:00,,평일
8호선,2805,별내,804,,20250619,8호선,2827,모란,827,N,8호선,8263,2828,남위례,821,N,18:56:10,18:56:40,,8254,상행,2025-05-01T05:00:00,,평일
8호선,2805,별내,804,,20250619,8호선,2827,모란,827,N,8호선,8263,2821,복정,820,N,18:58:30,18:59:10,,8254,상행,2025-05-01T05:00:00,,평일
8호선,2805,별내,804,,20250619,8호선,2827,모란,827,N,8호선,8263,2820,장지,819,N,19:00:20,19:01:00,,8254,상행,2025-05-01T05:00:00,,평일
8호선,2805,별내,804,,20250619,8호선,2827,모란,827,N,8호선,8263,2819,문정,818,N,19:02:10,19:02:50,,8254,상행,2025-05-01T05:00:00,,평일
8호선,2805,별내,804,,20250619,8호선,2827,모란,827,N,8호선,8263,2818,가락시장,817,N,19:04:00,19:04:50,,8254,상행,2025-05-01T05:00:00,,평일
8호선,2805,별내,804,,20250619,8호선,2827,모란,827,N,8호선,8263,2817,송파,816,N,19:06:00,19:06:40,,8254,상행,2025-05-01T05:00:00,,평일
8호선,2805,별내,804,,20250619,8호선,2827,모란,827,N,8호선,8263,2816,석촌,815,N,19:07:50,19:08:30,,8254,상행,2025-05-01T05:00:00,,평일
8호선,2805,별내,804,,20250619,8호선,2827,모란,827,N,8호선,8263,2815,잠실,814,N,19:10:20,19:11:10,,8254,상행,2025-05-01T05:00:00,,평일
8호선,2805,별내,804,,20250619,8호선,2827,모란,827,N,8호선,8263,2814,몽촌토성,813,N,19:12:20,19:13:00,,8254,상행,2025-05-01T05:00:00,,평일
8호선,2805,별내,804,,20250619,8호선,2827,모란,827,N,8호선,8263,2813,강동구청,812,N,19:15:00,19:15:40,,8254,상행,2025-05-01T05:00:00,,평일
8호선,2805,별내,804,,20250619,8호선,2827,모란,827,N,8호선,8263,2812,천호,811,N,19:17:00,19:17:50,,8254,상행,2025-05-01T05:00:00,,평일
8호선,2805,별내,804,,20250619,8호선,2827,모란,827,N,8호선,8263,2811,암사,810,N,19:19:20,19:20:00,,8254,상행,2025-05-01T05:00:00,,평일
8호선,2805,별내,804,,20250619,8호선,2827,모란,827,N,8호선,8263,2810,암사역사공원,809,N,19:22:00,19:22:30,,8254,상행,2025-05-01T05:00:00,,평일
8호선,2805,별내,804,,20250619,8호선,2827,모란,827,N,8호선,8263,2809,장자호수공원,808,N,19:26:10,19:26:50,,8254,상행,2025-05-01T05:00:00,,평일
8호선,2805,별내,804,,20250619,8호선,2827,모란,827,N,8호선,8263,2808,구리,807,N,19:29:00,19:29:40,,8254,상행,2025-05-01T05:00:00,,평일
8호선,2805,별내,804,,20250619,8호선,2827,모란,827,N,8호선,8263,2807,동구릉,806,N,19:31:00,19:31:30,,8254,상행,2025-05-01T05:00:00,,평일
8호선,2805,별내,804,,20250619,8호선,2827,모란,827,N,8호선,8263,2806,다산,805,N,19:33:50,19:34:20,,8254,상행,2025-05-01T05:00:00,,평일
8호선,2805,별내,804,,20250619,8호선,2827,모란,827,N,8호선,8263,2805,별내,804,N,19:37:30,,,8254,상행,2025-05-01T05:00:00,,평일
8호선,2805,별내,804,,20250619,8호선,2827,모란,827,N,8호선,8265,2827,모란,827,N,,18:51:00,,8256,상행,2025-05-01T05:00:00,,평일
8호선,2805,별내,804,,20250619,8호선,2827,모란,827,N,8호선,8265,2826,수진,826,N,18:52:30,18:52:50,,8256,상행,2025-05-01T05:00:00,,평일
8호선,2805,별내,804,,20250619,8호선,2827,모란,827,N,8호선,8265,2825,신흥,825,N,18:54:00,18:54:30,,8256,상행,2025-05-01T05:00:00,,평일
8호선,2805,별내,804,,20250619,8호선,2827,모란,827,N,8호선,8265,2824,단대오거리,824,N,18:55:40,18:56:10,,8256,상행,2025-05-01T05:00:00,,평일
8호선,2805,별내,804,,20250619,8호선,2827,모란,827,N,8호선,8265,2823,남한산성입구,823,N,18:57:20,18:57:50,,8256,상행,2025-05-01T05:00:00,,평일
8호선,2805,별내,804,,20250619,8호선,2827,모란,827,N,8호선,8265,2822,산성,822,N,19:00:00,19:00:30,,8256,상행,2025-05-01T05:00:00,,평일
8호선,2805,별내,804,,20250619,8호선,2827,모란,827,N,8호선,8265,2828,남위례,821,N,19:02:10,19:02:40,,8256,상행,2025-05-01T05:00:00,,평일
8호선,2805,별내,804,,20250619,8호선,2827,모란,827,N,8호선,8265,2821,복정,820,N,19:04:30,19:05:10,,8256,상행,2025-05-01T05:00:00,,평일
8호선,2805,별내,804,,20250619,8호선,2827,모란,827,N,8호선,8265,2820,장지,819,N,19:06:20,19:07:00,,8256,상행,2025-05-01T05:00:00,,평일
8호선,2805,별내,804,,20250619,8호선,2827,모란,827,N,8호선,8265,2819,문정,818,N,19:08:10,19:08:50,,8256,상행,2025-05-01T05:00:00,,평일
8호선,2805,별내,804,,20250619,8호선,2827,모란,827,N,8호선,8265,2818,가락시장,817,N,19:10:00,19:10:50,,8256,상행,2025-05-01T05:00:00,,평일
8호선,2805,별내,804,,20250619,8호선,2827,모란,827,N,8호선,8265,2817,송파,816,N,19:12:00,19:12:40,,8256,상행,2025-05-01T05:00:00,,평일
8호선,2805,별내,804,,20250619,8호선,2827,모란,827,N,8호선,8265,2816,석촌,815,N,19:13:50,19:14:30,,8256,상행,2025-05-01T05:00:00,,평일
8호선,2805,별내,804,,20250619,8호선,2827,모란,827,N,8호선,8265,2815,잠실,814,N,19:16:20,19:17:10,,8256,상행,2025-05-01T05:00:00,,평일
8호선,2805,별내,804,,20250619,8호선,2827,모란,827,N,8호선,8265,2814,몽촌토성,813,N,19:18:20,19:19:00,,8256,상행,2025-05-01T05:00:00,,평일
8호선,2805,별내,804,,20250619,8호선,2827,모란,827,N,8호선,8265,2813,강동구청,812,N,19:21:00,19:21:40,,8256,상행,2025-05-01T05:00:00,,평일
8호선,2805,별내,804,,20250619,8호선,2827,모란,827,N,8호선,8265,2812,천호,811,N,19:23:00,19:23:50,,8256,상행,2025-05-01T05:00:00,,평일
8호선,2805,별내,804,,20250619,8호선,2827,모란,827,N,8호선,8265,2811,암사,810,N,19:25:20,19:26:00,,8256,상행,2025-05-01T05:00:00,,평일
8호선,2805,별내,804,,20250619,8호선,2827,모란,827,N,8호선,8265,2810,암사역사공원,809,N,19:28:00,19:28:30,,8256,상행,2025-05-01T05:00:00,,평일
8호선,2805,별내,804,,20250619,8호선,2827,모란,827,N,8호선,8265,2809,장자호수공원,808,N,19:32:10,19:32:50,,8256,상행,2025-05-01T05:00:00,,평일
8호선,2805,별내,804,,20250619,8호선,2827,모란,827,N,8호선,8265,2808,구리,807,N,19:35:00,19:35:40,,8256,상행,2025-05-01T05:00:00,,평일
8호선,2805,별내,804,,20250619,8호선,2827,모란,827,N,8호선,8265,2807,동구릉,806,N,19:37:00,19:37:30,,8256,상행,2025-05-01T05:00:00,,평일
8호선,2805,별내,804,,20250619,8호선,2827,모란,827,N,8호선,8265,2806,다산,805,N,19:39:50,19:40:20,,8256,상행,2025-05-01T05:00:00,,평일
8호선,2805,별내,804,,20250619,8호선,2827,모란,827,N,8호선,8265,2805,별내,804,N,19:43:30,,,8256,상행,2025-05-01T05:00:00,,평일
8호선,2805,별내,804,,20250619,8호선,2827,모란,827,N,8호선,8267,2827,모란,827,N,,18:57:00,,8258,상행,2025-05-01T05:00:00,,평일
8호선,2805,별내,804,,20250619,8호선,2827,모란,827,N,8호선,8267,2826,수진,826,N,18:58:30,18:58:50,,8258,상행,2025-05-01T05:00:00,,평일
8호선,2805,별내,804,,20250619,8호선,2827,모란,827,N,8호선,8267,2825,신흥,825,N,19:00:00,19:00:30,,8258,상행,2025-05-01T05:00:00,,평일
8호선,2805,별내,804,,20250619,8호선,2827,모란,827,N,8호선,8267,2824,단대오거리,824,N,19:01:40,19:02:10,,8258,상행,2025-05-01T05:00:00,,평일
8호선,2805,별내,804,,20250619,8호선,2827,모란,827,N,8호선,8267,2823,남한산성입구,823,N,19:03:20,19:03:50,,8258,상행,2025-05-01T05:00:00,,평일
8호선,2805,별내,804,,20250619,8호선,2827,모란,827,N,8호선,8267,2822,산성,822,N,19:06:00,19:06:30,,8258,상행,2025-05-01T05:00:00,,평일
8호선,2805,별내,804,,20250619,8호선,2827,모란,827,N,8호선,8267,2828,남위례,821,N,19:08:10,19:08:40,,8258,상행,2025-05-01T05:00:00,,평일
8호선,2805,별내,804,,20250619,8호선,2827,모란,827,N,8호선,8267,2821,복정,820,N,19:10:30,19:11:10,,8258,상행,2025-05-01T05:00:00,,평일
8호선,2805,별내,804,,20250619,8호선,2827,모란,827,N,8호선,8267,2820,장지,819,N,19:12:20,19:13:00,,8258,상행,2025-05-01T05:00:00,,평일
8호선,2805,별내,804,,20250619,8호선,2827,모란,827,N,8호선,8267,2819,문정,818,N,19:14:10,19:14:50,,8258,상행,2025-05-01T05:00:00,,평일
8호선,2805,별내,804,,20250619,8호선,2827,모란,827,N,8호선,8267,2818,가락시장,817,N,19:16:00,19:16:50,,8258,상행,2025-05-01T05:00:00,,평일
8호선,2805,별내,804,,20250619,8호선,2827,모란,827,N,8호선,8267,2817,송파,816,N,19:18:00,19:18:40,,8258,상행,2025-05-01T05:00:00,,평일
8호선,2805,별내,804,,20250619,8호선,2827,모란,827,N,8호선,8267,2816,석촌,815,N,19:19:50,19:20:30,,8258,상행,2025-05-01T05:00:00,,평일
8호선,2805,별내,804,,20250619,8호선,2827,모란,827,N,8호선,8267,2815,잠실,814,N,19:22:20,19:23:10,,8258,상행,2025-05-01T05:00:00,,평일
8호선,2805,별내,804,,20250619,8호선,2827,모란,827,N,8호선,8267,2814,몽촌토성,813,N,19:24:20,19:25:00,,8258,상행,2025-05-01T05:00:00,,평일
8호선,2805,별내,804,,20250619,8호선,2827,모란,827,N,8호선,8267,2813,강동구청,812,N,19:27:00,19:27:40,,8258,상행,2025-05-01T05:00:00,,평일
8호선,2805,별내,804,,20250619,8호선,2827,모란,827,N,8호선,8267,2812,천호,811,N,19:29:00,19:29:50,,8258,상행,2025-05-01T05:00:00,,평일
8호선,2805,별내,804,,20250619,8호선,2827,모란,827,N,8호선,8267,2811,암사,810,N,19:31:20,19:32:00,,8258,상행,2025-05-01T05:00:00,,평일
8호선,2805,별내,804,,20250619,8호선,2827,모란,827,N,8호선,8267,2810,암사역사공원,809,N,19:34:00,19:34:30,,8258,상행,2025-05-01T05:00:00,,평일
8호선,2805,별내,804,,20250619,8호선,2827,모란,827,N,8호선,8267,2809,장자호수공원,808,N,19:38:10,19:38:50,,8258,상행,2025-05-01T05:00:00,,평일
8호선,2805,별내,804,,20250619,8호선,2827,모란,827,N,8호선,8267,2808,구리,807,N,19:41:00,19:41:40,,8258,상행,2025-05-01T05:00:00,,평일
8호선,2805,별내,804,,20250619,8호선,2827,모란,827,N,8호선,8267,2807,동구릉,806,N,19:43:00,19:43:30,,8258,상행,2025-05-01T05:00:00,,평일
8호선,2805,별내,804,,20250619,8호선,2827,모란,827,N,8호선,8267,2806,다산,805,N,19:45:50,19:46:20,,8258,상행,2025-05-01T05:00:00,,평일
8호선,2805,별내,804,,20250619,8호선,2827,모란,827,N,8호선,8267,2805,별내,804,N,19:49:30,,,8258,상행,2025-05-01T05:00:00,,평일
8호선,2805,별내,804,,20250619,8호선,2827,모란,827,N,8호선,8269,2827,모란,827,N,,19:03:00,,8260,상행,2025-05-01T05:00:00,,평일
8호선,2805,별내,804,,20250619,8호선,2827,모란,827,N,8호선,8269,2826,수진,826,N,19:04:30,19:04:50,,8260,상행,2025-05-01T05:00:00,,평일
8호선,2805,별내,804,,20250619,8호선,2827,모란,827,N,8호선,8269,2825,신흥,825,N,19:06:00,19:06:30,,8260,상행,2025-05-01T05:00:00,,평일
8호선,2805,별내,804,,20250619,8호선,2827,모란,827,N,8호선,8269,2824,단대오거리,824,N,19:07:40,19:08:10,,8260,상행,2025-05-01T05:00:00,,평일
8호선,2805,별내,804,,20250619,8호선,2827,모란,827,N,8호선,8269,2823,남한산성입구,823,N,19:09:20,19:09:50,,8260,상행,2025-05-01T05:00:00,,평일
8호선,2805,별내,804,,20250619,8호선,2827,모란,827,N,8호선,8269,2822,산성,822,N,19:12:00,19:12:30,,8260,상행,2025-05-01T05:00:00,,평일
8호선,2805,별내,804,,20250619,8호선,2827,모란,827,N,8호선,8269,2828,남위례,821,N,19:14:10,19:14:40,,8260,상행,2025-05-01T05:00:00,,평일
8호선,2805,별내,804,,20250619,8호선,2827,모란,827,N,8호선,8269,2821,복정,820,N,19:16:30,19:17:10,,8260,상행,2025-05-01T05:00:00,,평일
8호선,2805,별내,804,,20250619,8호선,2827,모란,827,N,8호선,8269,2820,장지,819,N,19:18:20,19:19:00,,8260,상행,2025-05-01T05:00:00,,평일
8호선,2805,별내,804,,20250619,8호선,2827,모란,827,N,8호선,8269,2819,문정,818,N,19:20:10,19:20:50,,8260,상행,2025-05-01T05:00:00,,평일
8호선,2805,별내,804,,20250619,8호선,2827,모란,827,N,8호선,8269,2818,가락시장,817,N,19:22:00,19:22:50,,8260,상행,2025-05-01T05:00:00,,평일
8호선,2805,별내,804,,20250619,8호선,2827,모란,827,N,8호선,8269,2817,송파,816,N,19:24:00,19:24:40,,8260,상행,2025-05-01T05:00:00,,평일
8호선,2805,별내,804,,20250619,8호선,2827,모란,827,N,8호선,8269,2816,석촌,815,N,19:25:50,19:26:30,,8260,상행,2025-05-01T05:00:00,,평일
8호선,2805,별내,804,,20250619,8호선,2827,모란,827,N,8호선,8269,2815,잠실,814,N,19:28:20,19:29:10,,8260,상행,2025-05-01T05:00:00,,평일
8호선,2805,별내,804,,20250619,8호선,2827,모란,827,N,8호선,8269,2814,몽촌토성,813,N,19:30:20,19:31:00,,8260,상행,2025-05-01T05:00:00,,평일
8호선,2805,별내,804,,20250619,8호선,2827,모란,827,N,8호선,8269,2813,강동구청,812,N,19:33:00,19:33:40,,8260,상행,2025-05-01T05:00:00,,평일
8호선,2805,별내,804,,20250619,8호선,2827,모란,827,N,8호선,8269,2812,천호,811,N,19:35:00,19:35:50,,8260,상행,2025-05-01T05:00:00,,평일
8호선,2805,별내,804,,20250619,8호선,2827,모란,827,N,8호선,8269,2811,암사,810,N,19:37:20,19:38:00,,8260,상행,2025-05-01T05:00:00,,평일
8호선,2805,별내,804,,20250619,8호선,2827,모란,827,N,8호선,8269,2810,암사역사공원,809,N,19:40:00,19:40:30,,8260,상행,2025-05-01T05:00:00,,평일
8호선,2805,별내,804,,20250619,8호선,2827,모란,827,N,8호선,8269,2809,장자호수공원,808,N,19:44:10,19:44:50,,8260,상행,2025-05-01T05:00:00,,평일
8호선,2805,별내,804,,20250619,8호선,2827,모란,827,N,8호선,8269,2808,구리,807,N,19:47:00,19:47:40,,8260,상행,2025-05-01T05:00:00,,평일
8호선,2805,별내,804,,20250619,8호선,2827,모란,827,N,8호선,8269,2807,동구릉,806,N,19:49:00,19:49:30,,8260,상행,2025-05-01T05:00:00,,평일
8호선,2805,별내,804,,20250619,8호선,2827,모란,827,N,8호선,8269,2806,다산,805,N,19:51:50,19:52:20,,8260,상행,2025-05-01T05:00:00,,평일
8호선,2805,별내,804,,20250619,8호선,2827,모란,827,N,8호선,8269,2805,별내,804,N,19:55:30,,,8260,상행,2025-05-01T05:00:00,,평일
8호선,2805,별내,804,,20250619,8호선,2827,모란,827,N,8호선,8271,2827,모란,827,N,,19:09:30,,8262,상행,2025-05-01T05:00:00,,평일
8호선,2805,별내,804,,20250619,8호선,2827,모란,827,N,8호선,8271,2826,수진,826,N,19:11:00,19:11:20,,8262,상행,2025-05-01T05:00:00,,평일
8호선,2805,별내,804,,20250619,8호선,2827,모란,827,N,8호선,8271,2825,신흥,825,N,19:12:30,19:13:00,,8262,상행,2025-05-01T05:00:00,,평일
8호선,2805,별내,804,,20250619,8호선,2827,모란,827,N,8호선,8271,2824,단대오거리,824,N,19:14:10,19:14:40,,8262,상행,2025-05-01T05:00:00,,평일
8호선,2805,별내,804,,20250619,8호선,2827,모란,827,N,8호선,8271,2823,남한산성입구,823,N,19:15:50,19:16:20,,8262,상행,2025-05-01T05:00:00,,평일
8호선,2805,별내,804,,20250619,8호선,2827,모란,827,N,8호선,8271,2822,산성,822,N,19:18:30,19:19:00,,8262,상행,2025-05-01T05:00:00,,평일
8호선,2805,별내,804,,20250619,8호선,2827,모란,827,N,8호선,8271,2828,남위례,821,N,19:20:40,19:21:10,,8262,상행,2025-05-01T05:00:00,,평일
8호선,2805,별내,804,,20250619,8호선,2827,모란,827,N,8호선,8271,2821,복정,820,N,19:23:00,19:23:40,,8262,상행,2025-05-01T05:00:00,,평일
8호선,2805,별내,804,,20250619,8호선,2827,모란,827,N,8호선,8271,2820,장지,819,N,19:24:50,19:25:30,,8262,상행,2025-05-01T05:00:00,,평일
8호선,2805,별내,804,,20250619,8호선,2827,모란,827,N,8호선,8271,2819,문정,818,N,19:26:40,19:27:20,,8262,상행,2025-05-01T05:00:00,,평일
8호선,2805,별내,804,,20250619,8호선,2827,모란,827,N,8호선,8271,2818,가락시장,817,N,19:28:30,19:29:20,,8262,상행,2025-05-01T05:00:00,,평일
8호선,2805,별내,804,,20250619,8호선,2827,모란,827,N,8호선,8271,2817,송파,816,N,19:30:30,19:31:10,,8262,상행,2025-05-01T05:00:00,,평일
8호선,2805,별내,804,,20250619,8호선,2827,모란,827,N,8호선,8271,2816,석촌,815,N,19:32:20,19:33:00,,8262,상행,2025-05-01T05:00:00,,평일
8호선,2805,별내,804,,20250619,8호선,2827,모란,827,N,8호선,8271,2815,잠실,814,N,19:34:50,19:35:40,,8262,상행,2025-05-01T05:00:00,,평일
8호선,2805,별내,804,,20250619,8호선,2827,모란,827,N,8호선,8271,2814,몽촌토성,813,N,19:36:50,19:37:30,,8262,상행,2025-05-01T05:00:00,,평일
8호선,2805,별내,804,,20250619,8호선,2827,모란,827,N,8호선,8271,2813,강동구청,812,N,19:39:30,19:40:10,,8262,상행,2025-05-01T05:00:00,,평일
8호선,2805,별내,804,,20250619,8호선,2827,모란,827,N,8호선,8271,2812,천호,811,N,19:41:30,19:42:20,,8262,상행,2025-05-01T05:00:00,,평일
8호선,2805,별내,804,,20250619,8호선,2827,모란,827,N,8호선,8271,2811,암사,810,N,19:43:50,19:44:30,,8262,상행,2025-05-01T05:00:00,,평일
8호선,2805,별내,804,,20250619,8호선,2827,모란,827,N,8호선,8271,2810,암사역사공원,809,N,19:46:30,19:47:00,,8262,상행,2025-05-01T05:00:00,,평일
8호선,2805,별내,804,,20250619,8호선,2827,모란,827,N,8호선,8271,2809,장자호수공원,808,N,19:50:40,19:51:20,,8262,상행,2025-05-01T05:00:00,,평일
8호선,2805,별내,804,,20250619,8호선,2827,모란,827,N,8호선,8271,2808,구리,807,N,19:53:30,19:54:10,,8262,상행,2025-05-01T05:00:00,,평일
8호선,2805,별내,804,,20250619,8호선,2827,모란,827,N,8호선,8271,2807,동구릉,806,N,19:55:30,19:56:00,,8262,상행,2025-05-01T05:00:00,,평일
8호선,2805,별내,804,,20250619,8호선,2827,모란,827,N,8호선,8271,2806,다산,805,N,19:58:20,19:58:50,,8262,상행,2025-05-01T05:00:00,,평일
8호선,2805,별내,804,,20250619,8호선,2827,모란,827,N,8호선,8271,2805,별내,804,N,20:02:00,,,8262,상행,2025-05-01T05:00:00,,평일
8호선,2805,별내,804,,20250619,8호선,2827,모란,827,N,8호선,8273,2827,모란,827,N,,19:16:00,,8264,상행,2025-05-01T05:00:00,,평일
8호선,2805,별내,804,,20250619,8호선,2827,모란,827,N,8호선,8273,2826,수진,826,N,19:17:30,19:17:50,,8264,상행,2025-05-01T05:00:00,,평일
8호선,2805,별내,804,,20250619,8호선,2827,모란,827,N,8호선,8273,2825,신흥,825,N,19:19:00,19:19:30,,8264,상행,2025-05-01T05:00:00,,평일
8호선,2805,별내,804,,20250619,8호선,2827,모란,827,N,8호선,8273,2824,단대오거리,824,N,19:20:40,19:21:10,,8264,상행,2025-05-01T05:00:00,,평일
8호선,2805,별내,804,,20250619,8호선,2827,모란,827,N,8호선,8273,2823,남한산성입구,823,N,19:22:20,19:22:50,,8264,상행,2025-05-01T05:00:00,,평일
8호선,2805,별내,804,,20250619,8호선,2827,모란,827,N,8호선,8273,2822,산성,822,N,19:25:00,19:25:30,,8264,상행,2025-05-01T05:00:00,,평일
8호선,2805,별내,804,,20250619,8호선,2827,모란,827,N,8호선,8273,2828,남위례,821,N,19:27:10,19:27:40,,8264,상행,2025-05-01T05:00:00,,평일
8호선,2805,별내,804,,20250619,8호선,2827,모란,827,N,8호선,8273,2821,복정,820,N,19:29:30,19:30:10,,8264,상행,2025-05-01T05:00:00,,평일
8호선,2805,별내,804,,20250619,8호선,2827,모란,827,N,8호선,8273,2820,장지,819,N,19:31:20,19:32:00,,8264,상행,2025-05-01T05:00:00,,평일
8호선,2805,별내,804,,20250619,8호선,2827,모란,827,N,8호선,8273,2819,문정,818,N,19:33:10,19:33:50,,8264,상행,2025-05-01T05:00:00,,평일
8호선,2805,별내,804,,20250619,8호선,2827,모란,827,N,8호선,8273,2818,가락시장,817,N,19:35:00,19:35:50,,8264,상행,2025-05-01T05:00:00,,평일
8호선,2805,별내,804,,20250619,8호선,2827,모란,827,N,8호선,8273,2817,송파,816,N,19:37:00,19:37:40,,8264,상행,2025-05-01T05:00:00,,평일
8호선,2805,별내,804,,20250619,8호선,2827,모란,827,N,8호선,8273,2816,석촌,815,N,19:38:50,19:39:30,,8264,상행,2025-05-01T05:00:00,,평일
8호선,2805,별내,804,,20250619,8호선,2827,모란,827,N,8호선,8273,2815,잠실,814,N,19:41:20,19:42:10,,8264,상행,2025-05-01T05:00:00,,평일
8호선,2805,별내,804,,20250619,8호선,2827,모란,827,N,8호선,8273,2814,몽촌토성,813,N,19:43:20,19:44:00,,8264,상행,2025-05-01T05:00:00,,평일
8호선,2805,별내,804,,20250619,8호선,2827,모란,827,N,8호선,8273,2813,강동구청,812,N,19:46:00,19:46:40,,8264,상행,2025-05-01T05:00:00,,평일
8호선,2805,별내,804,,20250619,8호선,2827,모란,827,N,8호선,8273,2812,천호,811,N,19:48:00,19:48:50,,8264,상행,2025-05-01T05:00:00,,평일
8호선,2805,별내,804,,20250619,8호선,2827,모란,827,N,8호선,8273,2811,암사,810,N,19:50:20,19:51:00,,8264,상행,2025-05-01T05:00:00,,평일
8호선,2805,별내,804,,20250619,8호선,2827,모란,827,N,8호선,8273,2810,암사역사공원,809,N,19:53:00,19:53:30,,8264,상행,2025-05-01T05:00:00,,평일
8호선,2805,별내,804,,20250619,8호선,2827,모란,827,N,8호선,8273,2809,장자호수공원,808,N,19:57:10,19:57:50,,8264,상행,2025-05-01T05:00:00,,평일
8호선,2805,별내,804,,20250619,8호선,2827,모란,827,N,8호선,8273,2808,구리,807,N,20:00:00,20:00:40,,8264,상행,2025-05-01T05:00:00,,평일
8호선,2805,별내,804,,20250619,8호선,2827,모란,827,N,8호선,8273,2807,동구릉,806,N,20:02:00,20:02:30,,8264,상행,2025-05-01T05:00:00,,평일
8호선,2805,별내,804,,20250619,8호선,2827,모란,827,N,8호선,8273,2806,다산,805,N,20:04:50,20:05:20,,8264,상행,2025-05-01T05:00:00,,평일
8호선,2805,별내,804,,20250619,8호선,2827,모란,827,N,8호선,8273,2805,별내,804,N,20:08:30,,,8264,상행,2025-05-01T05:00:00,,평일
8호선,2805,별내,804,,20250619,8호선,2827,모란,827,N,8호선,8275,2827,모란,827,N,,19:22:30,,8266,상행,2025-05-01T05:00:00,,평일
8호선,2805,별내,804,,20250619,8호선,2827,모란,827,N,8호선,8275,2826,수진,826,N,19:24:00,19:24:20,,8266,상행,2025-05-01T05:00:00,,평일
8호선,2805,별내,804,,20250619,8호선,2827,모란,827,N,8호선,8275,2825,신흥,825,N,19:25:30,19:26:00,,8266,상행,2025-05-01T05:00:00,,평일
8호선,2805,별내,804,,20250619,8호선,2827,모란,827,N,8호선,8275,2824,단대오거리,824,N,19:27:10,19:27:40,,8266,상행,2025-05-01T05:00:00,,평일
8호선,2805,별내,804,,20250619,8호선,2827,모란,827,N,8호선,8275,2823,남한산성입구,823,N,19:28:50,19:29:20,,8266,상행,2025-05-01T05:00:00,,평일
8호선,2805,별내,804,,20250619,8호선,2827,모란,827,N,8호선,8275,2822,산성,822,N,19:31:30,19:32:00,,8266,상행,2025-05-01T05:00:00,,평일
8호선,2805,별내,804,,20250619,8호선,2827,모란,827,N,8호선,8275,2828,남위례,821,N,19:33:40,19:34:10,,8266,상행,2025-05-01T05:00:00,,평일
8호선,2805,별내,804,,20250619,8호선,2827,모란,827,N,8호선,8275,2821,복정,820,N,19:36:00,19:36:40,,8266,상행,2025-05-01T05:00:00,,평일
8호선,2805,별내,804,,20250619,8호선,2827,모란,827,N,8호선,8275,2820,장지,819,N,19:37:50,19:38:30,,8266,상행,2025-05-01T05:00:00,,평일
8호선,2805,별내,804,,20250619,8호선,2827,모란,827,N,8호선,8275,2819,문정,818,N,19:39:40,19:40:20,,8266,상행,2025-05-01T05:00:00,,평일
8호선,2805,별내,804,,20250619,8호선,2827,모란,827,N,8호선,8275,2818,가락시장,817,N,19:41:30,19:42:20,,8266,상행,2025-05-01T05:00:00,,평일
8호선,2805,별내,804,,20250619,8호선,2827,모란,827,N,8호선,8275,2817,송파,816,N,19:43:30,19:44:10,,8266,상행,2025-05-01T05:00:00,,평일
8호선,2805,별내,804,,20250619,8호선,2827,모란,827,N,8호선,8275,2816,석촌,815,N,19:45:20,19:46:00,,8266,상행,2025-05-01T05:00:00,,평일
8호선,2805,별내,804,,20250619,8호선,2827,모란,827,N,8호선,8275,2815,잠실,814,N,19:47:50,19:48:40,,8266,상행,2025-05-01T05:00:00,,평일
8호선,2805,별내,804,,20250619,8호선,2827,모란,827,N,8호선,8275,2814,몽촌토성,813,N,19:49:50,19:50:30,,8266,상행,2025-05-01T05:00:00,,평일
8호선,2805,별내,804,,20250619,8호선,2827,모란,827,N,8호선,8275,2813,강동구청,812,N,19:52:30,19:53:10,,8266,상행,2025-05-01T05:00:00,,평일
8호선,2805,별내,804,,20250619,8호선,2827,모란,827,N,8호선,8275,2812,천호,811,N,19:54:30,19:55:20,,8266,상행,2025-05-01T05:00:00,,평일
8호선,2805,별내,804,,20250619,8호선,2827,모란,827,N,8호선,8275,2811,암사,810,N,19:56:50,19:57:30,,8266,상행,2025-05-01T05:00:00,,평일
8호선,2805,별내,804,,20250619,8호선,2827,모란,827,N,8호선,8275,2810,암사역사공원,809,N,19:59:30,20:00:00,,8266,상행,2025-05-01T05:00:00,,평일
8호선,2805,별내,804,,20250619,8호선,2827,모란,827,N,8호선,8275,2809,장자호수공원,808,N,20:03:40,20:04:20,,8266,상행,2025-05-01T05:00:00,,평일
8호선,2805,별내,804,,20250619,8호선,2827,모란,827,N,8호선,8275,2808,구리,807,N,20:06:30,20:07:10,,8266,상행,2025-05-01T05:00:00,,평일
8호선,2805,별내,804,,20250619,8호선,2827,모란,827,N,8호선,8275,2807,동구릉,806,N,20:08:30,20:09:00,,8266,상행,2025-05-01T05:00:00,,평일
8호선,2805,별내,804,,20250619,8호선,2827,모란,827,N,8호선,8275,2806,다산,805,N,20:11:20,20:11:50,,8266,상행,2025-05-01T05:00:00,,평일
8호선,2805,별내,804,,20250619,8호선,2827,모란,827,N,8호선,8275,2805,별내,804,N,20:15:00,,,8266,상행,2025-05-01T05:00:00,,평일
8호선,2805,별내,804,,20250619,8호선,2827,모란,827,N,8호선,8277,2827,모란,827,N,,19:29:00,,8268,상행,2025-05-01T05:00:00,,평일
8호선,2805,별내,804,,20250619,8호선,2827,모란,827,N,8호선,8277,2826,수진,826,N,19:30:30,19:30:50,,8268,상행,2025-05-01T05:00:00,,평일
8호선,2805,별내,804,,20250619,8호선,2827,모란,827,N,8호선,8277,2825,신흥,825,N,19:32:00,19:32:30,,8268,상행,2025-05-01T05:00:00,,평일
8호선,2805,별내,804,,20250619,8호선,2827,모란,827,N,8호선,8277,2824,단대오거리,824,N,19:33:40,19:34:10,,8268,상행,2025-05-01T05:00:00,,평일
8호선,2805,별내,804,,20250619,8호선,2827,모란,827,N,8호선,8277,2823,남한산성입구,823,N,19:35:20,19:35:50,,8268,상행,2025-05-01T05:00:00,,평일
8호선,2805,별내,804,,20250619,8호선,2827,모란,827,N,8호선,8277,2822,산성,822,N,19:38:00,19:38:30,,8268,상행,2025-05-01T05:00:00,,평일
8호선,2805,별내,804,,20250619,8호선,2827,모란,827,N,8호선,8277,2828,남위례,821,N,19:40:10,19:40:40,,8268,상행,2025-05-01T05:00:00,,평일
8호선,2805,별내,804,,20250619,8호선,2827,모란,827,N,8호선,8277,2821,복정,820,N,19:42:30,19:43:10,,8268,상행,2025-05-01T05:00:00,,평일
8호선,2805,별내,804,,20250619,8호선,2827,모란,827,N,8호선,8277,2820,장지,819,N,19:44:20,19:45:00,,8268,상행,2025-05-01T05:00:00,,평일
8호선,2805,별내,804,,20250619,8호선,2827,모란,827,N,8호선,8277,2819,문정,818,N,19:46:10,19:46:50,,8268,상행,2025-05-01T05:00:00,,평일
8호선,2805,별내,804,,20250619,8호선,2827,모란,827,N,8호선,8277,2818,가락시장,817,N,19:48:00,19:48:50,,8268,상행,2025-05-01T05:00:00,,평일
8호선,2805,별내,804,,20250619,8호선,2827,모란,827,N,8호선,8277,2817,송파,816,N,19:50:00,19:50:40,,8268,상행,2025-05-01T05:00:00,,평일
8호선,2805,별내,804,,20250619,8호선,2827,모란,827,N,8호선,8277,2816,석촌,815,N,19:51:50,19:52:30,,8268,상행,2025-05-01T05:00:00,,평일
8호선,2805,별내,804,,20250619,8호선,2827,모란,827,N,8호선,8277,2815,잠실,814,N,19:54:20,19:55:10,,8268,상행,2025-05-01T05:00:00,,평일
8호선,2805,별내,804,,20250619,8호선,2827,모란,827,N,8호선,8277,2814,몽촌토성,813,N,19:56:20,19:57:00,,8268,상행,2025-05-01T05:00:00,,평일
8호선,2805,별내,804,,20250619,8호선,2827,모란,827,N,8호선,8277,2813,강동구청,812,N,19:59:00,19:59:40,,8268,상행,2025-05-01T05:00:00,,평일
8호선,2805,별내,804,,20250619,8호선,2827,모란,827,N,8호선,8277,2812,천호,811,N,20:01:00,20:01:50,,8268,상행,2025-05-01T05:00:00,,평일
8호선,2805,별내,804,,20250619,8호선,2827,모란,827,N,8호선,8277,2811,암사,810,N,20:03:20,20:04:00,,8268,상행,2025-05-01T05:00:00,,평일
8호선,2805,별내,804,,20250619,8호선,2827,모란,827,N,8호선,8277,2810,암사역사공원,809,N,20:06:00,20:06:30,,8268,상행,2025-05-01T05:00:00,,평일
8호선,2805,별내,804,,20250619,8호선,2827,모란,827,N,8호선,8277,2809,장자호수공원,808,N,20:10:10,20:10:50,,8268,상행,2025-05-01T05:00:00,,평일
8호선,2805,별내,804,,20250619,8호선,2827,모란,827,N,8호선,8277,2808,구리,807,N,20:13:00,20:13:40,,8268,상행,2025-05-01T05:00:00,,평일
8호선,2805,별내,804,,20250619,8호선,2827,모란,827,N,8호선,8277,2807,동구릉,806,N,20:15:00,20:15:30,,8268,상행,2025-05-01T05:00:00,,평일
8호선,2805,별내,804,,20250619,8호선,2827,모란,827,N,8호선,8277,2806,다산,805,N,20:17:50,20:18:20,,8268,상행,2025-05-01T05:00:00,,평일
8호선,2805,별내,804,,20250619,8호선,2827,모란,827,N,8호선,8277,2805,별내,804,N,20:21:30,,,8268,상행,2025-05-01T05:00:00,,평일
8호선,2805,별내,804,,20250619,8호선,2827,모란,827,N,8호선,8279,2827,모란,827,N,,19:36:00,,8270,상행,2025-05-01T05:00:00,,평일
8호선,2805,별내,804,,20250619,8호선,2827,모란,827,N,8호선,8279,2826,수진,826,N,19:37:30,19:37:50,,8270,상행,2025-05-01T05:00:00,,평일
8호선,2805,별내,804,,20250619,8호선,2827,모란,827,N,8호선,8279,2825,신흥,825,N,19:39:00,19:39:30,,8270,상행,2025-05-01T05:00:00,,평일
8호선,2805,별내,804,,20250619,8호선,2827,모란,827,N,8호선,8279,2824,단대오거리,824,N,19:40:40,19:41:10,,8270,상행,2025-05-01T05:00:00,,평일
8호선,2805,별내,804,,20250619,8호선,2827,모란,827,N,8호선,8279,2823,남한산성입구,823,N,19:42:20,19:42:50,,8270,상행,2025-05-01T05:00:00,,평일
8호선,2805,별내,804,,20250619,8호선,2827,모란,827,N,8호선,8279,2822,산성,822,N,19:45:00,19:45:30,,8270,상행,2025-05-01T05:00:00,,평일
8호선,2805,별내,804,,20250619,8호선,2827,모란,827,N,8호선,8279,2828,남위례,821,N,19:47:10,19:47:40,,8270,상행,2025-05-01T05:00:00,,평일
8호선,2805,별내,804,,20250619,8호선,2827,모란,827,N,8호선,8279,2821,복정,820,N,19:49:30,19:50:10,,8270,상행,2025-05-01T05:00:00,,평일
8호선,2805,별내,804,,20250619,8호선,2827,모란,827,N,8호선,8279,2820,장지,819,N,19:51:20,19:51:50,,8270,상행,2025-05-01T05:00:00,,평일
8호선,2805,별내,804,,20250619,8호선,2827,모란,827,N,8호선,8279,2819,문정,818,N,19:53:00,19:53:40,,8270,상행,2025-05-01T05:00:00,,평일
8호선,2805,별내,804,,20250619,8호선,2827,모란,827,N,8호선,8279,2818,가락시장,817,N,19:54:50,19:55:30,,8270,상행,2025-05-01T05:00:00,,평일
8호선,2805,별내,804,,20250619,8호선,2827,모란,827,N,8호선,8279,2817,송파,816,N,19:56:40,19:57:20,,8270,상행,2025-05-01T05:00:00,,평일
8호선,2805,별내,804,,20250619,8호선,2827,모란,827,N,8호선,8279,2816,석촌,815,N,19:58:30,19:59:10,,8270,상행,2025-05-01T05:00:00,,평일
8호선,2805,별내,804,,20250619,8호선,2827,모란,827,N,8호선,8279,2815,잠실,814,N,20:01:00,20:01:50,,8270,상행,2025-05-01T05:00:00,,평일
8호선,2805,별내,804,,20250619,8호선,2827,모란,827,N,8호선,8279,2814,몽촌토성,813,N,20:03:00,20:03:40,,8270,상행,2025-05-01T05:00:00,,평일
8호선,2805,별내,804,,20250619,8호선,2827,모란,827,N,8호선,8279,2813,강동구청,812,N,20:05:40,20:06:20,,8270,상행,2025-05-01T05:00:00,,평일
8호선,2805,별내,804,,20250619,8호선,2827,모란,827,N,8호선,8279,2812,천호,811,N,20:07:40,20:08:30,,8270,상행,2025-05-01T05:00:00,,평일
8호선,2805,별내,804,,20250619,8호선,2827,모란,827,N,8호선,8279,2811,암사,810,N,20:10:00,20:10:40,,8270,상행,2025-05-01T05:00:00,,평일
8호선,2805,별내,804,,20250619,8호선,2827,모란,827,N,8호선,8279,2810,암사역사공원,809,N,20:12:40,20:13:10,,8270,상행,2025-05-01T05:00:00,,평일
8호선,2805,별내,804,,20250619,8호선,2827,모란,827,N,8호선,8279,2809,장자호수공원,808,N,20:16:50,20:17:20,,8270,상행,2025-05-01T05:00:00,,평일
8호선,2805,별내,804,,20250619,8호선,2827,모란,827,N,8호선,8279,2808,구리,807,N,20:19:30,20:20:10,,8270,상행,2025-05-01T05:00:00,,평일
8호선,2805,별내,804,,20250619,8호선,2827,모란,827,N,8호선,8279,2807,동구릉,806,N,20:21:30,20:22:00,,8270,상행,2025-05-01T05:00:00,,평일
8호선,2805,별내,804,,20250619,8호선,2827,모란,827,N,8호선,8279,2806,다산,805,N,20:24:20,20:24:50,,8270,상행,2025-05-01T05:00:00,,평일
8호선,2805,별내,804,,20250619,8호선,2827,모란,827,N,8호선,8279,2805,별내,804,N,20:28:00,,,8270,상행,2025-05-01T05:00:00,,평일
8호선,2805,별내,804,,20250619,8호선,2827,모란,827,N,8호선,8281,2827,모란,827,N,,19:43:00,,8272,상행,2025-05-01T05:00:00,,평일
8호선,2805,별내,804,,20250619,8호선,2827,모란,827,N,8호선,8281,2826,수진,826,N,19:44:30,19:44:50,,8272,상행,2025-05-01T05:00:00,,평일
8호선,2805,별내,804,,20250619,8호선,2827,모란,827,N,8호선,8281,2825,신흥,825,N,19:46:00,19:46:30,,8272,상행,2025-05-01T05:00:00,,평일
8호선,2805,별내,804,,20250619,8호선,2827,모란,827,N,8호선,8281,2824,단대오거리,824,N,19:47:40,19:48:10,,8272,상행,2025-05-01T05:00:00,,평일
8호선,2805,별내,804,,20250619,8호선,2827,모란,827,N,8호선,8281,2823,남한산성입구,823,N,19:49:20,19:49:50,,8272,상행,2025-05-01T05:00:00,,평일
8호선,2805,별내,804,,20250619,8호선,2827,모란,827,N,8호선,8281,2822,산성,822,N,19:52:00,19:52:30,,8272,상행,2025-05-01T05:00:00,,평일
8호선,2805,별내,804,,20250619,8호선,2827,모란,827,N,8호선,8281,2828,남위례,821,N,19:54:10,19:54:40,,8272,상행,2025-05-01T05:00:00,,평일
8호선,2805,별내,804,,20250619,8호선,2827,모란,827,N,8호선,8281,2821,복정,820,N,19:56:30,19:57:10,,8272,상행,2025-05-01T05:00:00,,평일
8호선,2805,별내,804,,20250619,8호선,2827,모란,827,N,8호선,8281,2820,장지,819,N,19:58:20,19:58:50,,8272,상행,2025-05-01T05:00:00,,평일
8호선,2805,별내,804,,20250619,8호선,2827,모란,827,N,8호선,8281,2819,문정,818,N,20:00:00,20:00:40,,8272,상행,2025-05-01T05:00:00,,평일
8호선,2805,별내,804,,20250619,8호선,2827,모란,827,N,8호선,8281,2818,가락시장,817,N,20:01:50,20:02:30,,8272,상행,2025-05-01T05:00:00,,평일
8호선,2805,별내,804,,20250619,8호선,2827,모란,827,N,8호선,8281,2817,송파,816,N,20:03:40,20:04:20,,8272,상행,2025-05-01T05:00:00,,평일
8호선,2805,별내,804,,20250619,8호선,2827,모란,827,N,8호선,8281,2816,석촌,815,N,20:05:30,20:06:10,,8272,상행,2025-05-01T05:00:00,,평일
8호선,2805,별내,804,,20250619,8호선,2827,모란,827,N,8호선,8281,2815,잠실,814,N,20:08:00,20:08:50,,8272,상행,2025-05-01T05:00:00,,평일
8호선,2805,별내,804,,20250619,8호선,2827,모란,827,N,8호선,8281,2814,몽촌토성,813,N,20:10:00,20:10:40,,8272,상행,2025-05-01T05:00:00,,평일
8호선,2805,별내,804,,20250619,8호선,2827,모란,827,N,8호선,8281,2813,강동구청,812,N,20:12:40,20:13:20,,8272,상행,2025-05-01T05:00:00,,평일
8호선,2805,별내,804,,20250619,8호선,2827,모란,827,N,8호선,8281,2812,천호,811,N,20:14:40,20:15:30,,8272,상행,2025-05-01T05:00:00,,평일
8호선,2805,별내,804,,20250619,8호선,2827,모란,827,N,8호선,8281,2811,암사,810,N,20:17:00,20:17:40,,8272,상행,2025-05-01T05:00:00,,평일
8호선,2805,별내,804,,20250619,8호선,2827,모란,827,N,8호선,8281,2810,암사역사공원,809,N,20:19:40,20:20:10,,8272,상행,2025-05-01T05:00:00,,평일
8호선,2805,별내,804,,20250619,8호선,2827,모란,827,N,8호선,8281,2809,장자호수공원,808,N,20:23:50,20:24:20,,8272,상행,2025-05-01T05:00:00,,평일
8호선,2805,별내,804,,20250619,8호선,2827,모란,827,N,8호선,8281,2808,구리,807,N,20:26:30,20:27:10,,8272,상행,2025-05-01T05:00:00,,평일
8호선,2805,별내,804,,20250619,8호선,2827,모란,827,N,8호선,8281,2807,동구릉,806,N,20:28:30,20:29:00,,8272,상행,2025-05-01T05:00:00,,평일
8호선,2805,별내,804,,20250619,8호선,2827,모란,827,N,8호선,8281,2806,다산,805,N,20:31:20,20:31:50,,8272,상행,2025-05-01T05:00:00,,평일
8호선,2805,별내,804,,20250619,8호선,2827,모란,827,N,8호선,8281,2805,별내,804,N,20:35:00,,,8272,상행,2025-05-01T05:00:00,,평일
8호선,2805,별내,804,,20250619,8호선,2827,모란,827,N,8호선,8283,2827,모란,827,N,,19:50:00,,8274,상행,2025-05-01T05:00:00,,평일
8호선,2805,별내,804,,20250619,8호선,2827,모란,827,N,8호선,8283,2826,수진,826,N,19:51:30,19:51:50,,8274,상행,2025-05-01T05:00:00,,평일
8호선,2805,별내,804,,20250619,8호선,2827,모란,827,N,8호선,8283,2825,신흥,825,N,19:53:00,19:53:30,,8274,상행,2025-05-01T05:00:00,,평일
8호선,2805,별내,804,,20250619,8호선,2827,모란,827,N,8호선,8283,2824,단대오거리,824,N,19:54:40,19:55:10,,8274,상행,2025-05-01T05:00:00,,평일
8호선,2805,별내,804,,20250619,8호선,2827,모란,827,N,8호선,8283,2823,남한산성입구,823,N,19:56:20,19:56:50,,8274,상행,2025-05-01T05:00:00,,평일
8호선,2805,별내,804,,20250619,8호선,2827,모란,827,N,8호선,8283,2822,산성,822,N,19:59:00,19:59:30,,8274,상행,2025-05-01T05:00:00,,평일
8호선,2805,별내,804,,20250619,8호선,2827,모란,827,N,8호선,8283,2828,남위례,821,N,20:01:10,20:01:40,,8274,상행,2025-05-01T05:00:00,,평일
8호선,2805,별내,804,,20250619,8호선,2827,모란,827,N,8호선,8283,2821,복정,820,N,20:03:30,20:04:10,,8274,상행,2025-05-01T05:00:00,,평일
8호선,2805,별내,804,,20250619,8호선,2827,모란,827,N,8호선,8283,2820,장지,819,N,20:05:20,20:05:50,,8274,상행,2025-05-01T05:00:00,,평일
8호선,2805,별내,804,,20250619,8호선,2827,모란,827,N,8호선,8283,2819,문정,818,N,20:07:00,20:07:40,,8274,상행,2025-05-01T05:00:00,,평일
8호선,2805,별내,804,,20250619,8호선,2827,모란,827,N,8호선,8283,2818,가락시장,817,N,20:08:50,20:09:30,,8274,상행,2025-05-01T05:00:00,,평일
8호선,2805,별내,804,,20250619,8호선,2827,모란,827,N,8호선,8283,2817,송파,816,N,20:10:40,20:11:20,,8274,상행,2025-05-01T05:00:00,,평일
8호선,2805,별내,804,,20250619,8호선,2827,모란,827,N,8호선,8283,2816,석촌,815,N,20:12:30,20:13:10,,8274,상행,2025-05-01T05:00:00,,평일
8호선,2805,별내,804,,20250619,8호선,2827,모란,827,N,8호선,8283,2815,잠실,814,N,20:15:00,20:15:50,,8274,상행,2025-05-01T05:00:00,,평일
8호선,2805,별내,804,,20250619,8호선,2827,모란,827,N,8호선,8283,2814,몽촌토성,813,N,20:17:00,20:17:40,,8274,상행,2025-05-01T05:00:00,,평일
8호선,2805,별내,804,,20250619,8호선,2827,모란,827,N,8호선,8283,2813,강동구청,812,N,20:19:40,20:20:20,,8274,상행,2025-05-01T05:00:00,,평일
8호선,2805,별내,804,,20250619,8호선,2827,모란,827,N,8호선,8283,2812,천호,811,N,20:21:40,20:22:30,,8274,상행,2025-05-01T05:00:00,,평일
8호선,2805,별내,804,,20250619,8호선,2827,모란,827,N,8호선,8283,2811,암사,810,N,20:24:00,20:24:40,,8274,상행,2025-05-01T05:00:00,,평일
8호선,2805,별내,804,,20250619,8호선,2827,모란,827,N,8호선,8283,2810,암사역사공원,809,N,20:26:40,20:27:10,,8274,상행,2025-05-01T05:00:00,,평일
8호선,2805,별내,804,,20250619,8호선,2827,모란,827,N,8호선,8283,2809,장자호수공원,808,N,20:30:50,20:31:20,,8274,상행,2025-05-01T05:00:00,,평일
8호선,2805,별내,804,,20250619,8호선,2827,모란,827,N,8호선,8283,2808,구리,807,N,20:33:30,20:34:10,,8274,상행,2025-05-01T05:00:00,,평일
8호선,2805,별내,804,,20250619,8호선,2827,모란,827,N,8호선,8283,2807,동구릉,806,N,20:35:30,20:36:00,,8274,상행,2025-05-01T05:00:00,,평일
8호선,2805,별내,804,,20250619,8호선,2827,모란,827,N,8호선,8283,2806,다산,805,N,20:38:20,20:38:50,,8274,상행,2025-05-01T05:00:00,,평일
8호선,2805,별내,804,,20250619,8호선,2827,모란,827,N,8호선,8283,2805,별내,804,N,20:42:00,,,8274,상행,2025-05-01T05:00:00,,평일
8호선,2805,별내,804,,20250619,8호선,2827,모란,827,N,8호선,8285,2827,모란,827,N,,19:57:00,,8276,상행,2025-05-01T05:00:00,,평일
8호선,2805,별내,804,,20250619,8호선,2827,모란,827,N,8호선,8285,2826,수진,826,N,19:58:30,19:58:50,,8276,상행,2025-05-01T05:00:00,,평일
8호선,2805,별내,804,,20250619,8호선,2827,모란,827,N,8호선,8285,2825,신흥,825,N,20:00:00,20:00:30,,8276,상행,2025-05-01T05:00:00,,평일
8호선,2805,별내,804,,20250619,8호선,2827,모란,827,N,8호선,8285,2824,단대오거리,824,N,20:01:40,20:02:10,,8276,상행,2025-05-01T05:00:00,,평일
8호선,2805,별내,804,,20250619,8호선,2827,모란,827,N,8호선,8285,2823,남한산성입구,823,N,20:03:20,20:03:50,,8276,상행,2025-05-01T05:00:00,,평일
8호선,2805,별내,804,,20250619,8호선,2827,모란,827,N,8호선,8285,2822,산성,822,N,20:06:00,20:06:30,,8276,상행,2025-05-01T05:00:00,,평일
8호선,2805,별내,804,,20250619,8호선,2827,모란,827,N,8호선,8285,2828,남위례,821,N,20:08:10,20:08:40,,8276,상행,2025-05-01T05:00:00,,평일
8호선,2805,별내,804,,20250619,8호선,2827,모란,827,N,8호선,8285,2821,복정,820,N,20:10:30,20:11:10,,8276,상행,2025-05-01T05:00:00,,평일
8호선,2805,별내,804,,20250619,8호선,2827,모란,827,N,8호선,8285,2820,장지,819,N,20:12:20,20:12:50,,8276,상행,2025-05-01T05:00:00,,평일
8호선,2805,별내,804,,20250619,8호선,2827,모란,827,N,8호선,8285,2819,문정,818,N,20:14:00,20:14:40,,8276,상행,2025-05-01T05:00:00,,평일
8호선,2805,별내,804,,20250619,8호선,2827,모란,827,N,8호선,8285,2818,가락시장,817,N,20:15:50,20:16:30,,8276,상행,2025-05-01T05:00:00,,평일
8호선,2805,별내,804,,20250619,8호선,2827,모란,827,N,8호선,8285,2817,송파,816,N,20:17:40,20:18:20,,8276,상행,2025-05-01T05:00:00,,평일
8호선,2805,별내,804,,20250619,8호선,2827,모란,827,N,8호선,8285,2816,석촌,815,N,20:19:30,20:20:10,,8276,상행,2025-05-01T05:00:00,,평일
8호선,2805,별내,804,,20250619,8호선,2827,모란,827,N,8호선,8285,2815,잠실,814,N,20:22:00,20:22:50,,8276,상행,2025-05-01T05:00:00,,평일
8호선,2805,별내,804,,20250619,8호선,2827,모란,827,N,8호선,8285,2814,몽촌토성,813,N,20:24:00,20:24:40,,8276,상행,2025-05-01T05:00:00,,평일
8호선,2805,별내,804,,20250619,8호선,2827,모란,827,N,8호선,8285,2813,강동구청,812,N,20:26:40,20:27:20,,8276,상행,2025-05-01T05:00:00,,평일
8호선,2805,별내,804,,20250619,8호선,2827,모란,827,N,8호선,8285,2812,천호,811,N,20:28:40,20:29:30,,8276,상행,2025-05-01T05:00:00,,평일
8호선,2805,별내,804,,20250619,8호선,2827,모란,827,N,8호선,8285,2811,암사,810,N,20:31:00,20:31:40,,8276,상행,2025-05-01T05:00:00,,평일
8호선,2805,별내,804,,20250619,8호선,2827,모란,827,N,8호선,8285,2810,암사역사공원,809,N,20:33:40,20:34:10,,8276,상행,2025-05-01T05:00:00,,평일
8호선,2805,별내,804,,20250619,8호선,2827,모란,827,N,8호선,8285,2809,장자호수공원,808,N,20:37:50,20:38:20,,8276,상행,2025-05-01T05:00:00,,평일
8호선,2805,별내,804,,20250619,8호선,2827,모란,827,N,8호선,8285,2808,구리,807,N,20:40:30,20:41:10,,8276,상행,2025-05-01T05:00:00,,평일
8호선,2805,별내,804,,20250619,8호선,2827,모란,827,N,8호선,8285,2807,동구릉,806,N,20:42:30,20:43:00,,8276,상행,2025-05-01T05:00:00,,평일
8호선,2805,별내,804,,20250619,8호선,2827,모란,827,N,8호선,8285,2806,다산,805,N,20:45:20,20:45:50,,8276,상행,2025-05-01T05:00:00,,평일
8호선,2805,별내,804,,20250619,8호선,2827,모란,827,N,8호선,8285,2805,별내,804,N,20:49:00,,,8276,상행,2025-05-01T05:00:00,,평일
8호선,2805,별내,804,,20250619,8호선,2827,모란,827,N,8호선,8287,2827,모란,827,N,,20:05:00,,8278,상행,2025-05-01T05:00:00,,평일
8호선,2805,별내,804,,20250619,8호선,2827,모란,827,N,8호선,8287,2826,수진,826,N,20:06:30,20:06:50,,8278,상행,2025-05-01T05:00:00,,평일
8호선,2805,별내,804,,20250619,8호선,2827,모란,827,N,8호선,8287,2825,신흥,825,N,20:08:00,20:08:30,,8278,상행,2025-05-01T05:00:00,,평일
8호선,2805,별내,804,,20250619,8호선,2827,모란,827,N,8호선,8287,2824,단대오거리,824,N,20:09:40,20:10:10,,8278,상행,2025-05-01T05:00:00,,평일
8호선,2805,별내,804,,20250619,8호선,2827,모란,827,N,8호선,8287,2823,남한산성입구,823,N,20:11:20,20:11:50,,8278,상행,2025-05-01T05:00:00,,평일
8호선,2805,별내,804,,20250619,8호선,2827,모란,827,N,8호선,8287,2822,산성,822,N,20:14:00,20:14:30,,8278,상행,2025-05-01T05:00:00,,평일
8호선,2805,별내,804,,20250619,8호선,2827,모란,827,N,8호선,8287,2828,남위례,821,N,20:16:10,20:16:40,,8278,상행,2025-05-01T05:00:00,,평일
8호선,2805,별내,804,,20250619,8호선,2827,모란,827,N,8호선,8287,2821,복정,820,N,20:18:30,20:19:10,,8278,상행,2025-05-01T05:00:00,,평일
8호선,2805,별내,804,,20250619,8호선,2827,모란,827,N,8호선,8287,2820,장지,819,N,20:20:20,20:20:50,,8278,상행,2025-05-01T05:00:00,,평일
8호선,2805,별내,804,,20250619,8호선,2827,모란,827,N,8호선,8287,2819,문정,818,N,20:22:00,20:22:40,,8278,상행,2025-05-01T05:00:00,,평일
8호선,2805,별내,804,,20250619,8호선,2827,모란,827,N,8호선,8287,2818,가락시장,817,N,20:23:50,20:24:30,,8278,상행,2025-05-01T05:00:00,,평일
8호선,2805,별내,804,,20250619,8호선,2827,모란,827,N,8호선,8287,2817,송파,816,N,20:25:40,20:26:20,,8278,상행,2025-05-01T05:00:00,,평일
8호선,2805,별내,804,,20250619,8호선,2827,모란,827,N,8호선,8287,2816,석촌,815,N,20:27:30,20:28:10,,8278,상행,2025-05-01T05:00:00,,평일
8호선,2805,별내,804,,20250619,8호선,2827,모란,827,N,8호선,8287,2815,잠실,814,N,20:30:00,20:30:40,,8278,상행,2025-05-01T05:00:00,,평일
8호선,2805,별내,804,,20250619,8호선,2827,모란,827,N,8호선,8287,2814,몽촌토성,813,N,20:31:50,20:32:30,,8278,상행,2025-05-01T05:00:00,,평일
8호선,2805,별내,804,,20250619,8호선,2827,모란,827,N,8호선,8287,2813,강동구청,812,N,20:34:30,20:35:10,,8278,상행,2025-05-01T05:00:00,,평일
8호선,2805,별내,804,,20250619,8호선,2827,모란,827,N,8호선,8287,2812,천호,811,N,20:36:30,20:37:10,,8278,상행,2025-05-01T05:00:00,,평일
8호선,2805,별내,804,,20250619,8호선,2827,모란,827,N,8호선,8287,2811,암사,810,N,20:38:40,20:39:10,,8278,상행,2025-05-01T05:00:00,,평일
8호선,2805,별내,804,,20250619,8호선,2827,모란,827,N,8호선,8287,2810,암사역사공원,809,N,20:41:10,20:41:40,,8278,상행,2025-05-01T05:00:00,,평일
8호선,2805,별내,804,,20250619,8호선,2827,모란,827,N,8호선,8287,2809,장자호수공원,808,N,20:45:20,20:45:50,,8278,상행,2025-05-01T05:00:00,,평일
8호선,2805,별내,804,,20250619,8호선,2827,모란,827,N,8호선,8287,2808,구리,807,N,20:48:00,20:48:40,,8278,상행,2025-05-01T05:00:00,,평일
8호선,2805,별내,804,,20250619,8호선,2827,모란,827,N,8호선,8287,2807,동구릉,806,N,20:50:00,20:50:30,,8278,상행,2025-05-01T05:00:00,,평일
8호선,2805,별내,804,,20250619,8호선,2827,모란,827,N,8호선,8287,2806,다산,805,N,20:52:50,20:53:20,,8278,상행,2025-05-01T05:00:00,,평일
8호선,2805,별내,804,,20250619,8호선,2827,모란,827,N,8호선,8287,2805,별내,804,N,20:56:30,,,8278,상행,2025-05-01T05:00:00,,평일
8호선,2805,별내,804,,20250619,8호선,2827,모란,827,N,8호선,8289,2827,모란,827,N,,20:13:00,,8280,상행,2025-05-01T05:00:00,,평일
8호선,2805,별내,804,,20250619,8호선,2827,모란,827,N,8호선,8289,2826,수진,826,N,20:14:30,20:14:50,,8280,상행,2025-05-01T05:00:00,,평일
8호선,2805,별내,804,,20250619,8호선,2827,모란,827,N,8호선,8289,2825,신흥,825,N,20:16:00,20:16:30,,8280,상행,2025-05-01T05:00:00,,평일
8호선,2805,별내,804,,20250619,8호선,2827,모란,827,N,8호선,8289,2824,단대오거리,824,N,20:17:40,20:18:10,,8280,상행,2025-05-01T05:00:00,,평일
8호선,2805,별내,804,,20250619,8호선,2827,모란,827,N,8호선,8289,2823,남한산성입구,823,N,20:19:20,20:19:50,,8280,상행,2025-05-01T05:00:00,,평일
8호선,2805,별내,804,,20250619,8호선,2827,모란,827,N,8호선,8289,2822,산성,822,N,20:22:00,20:22:30,,8280,상행,2025-05-01T05:00:00,,평일
8호선,2805,별내,804,,20250619,8호선,2827,모란,827,N,8호선,8289,2828,남위례,821,N,20:24:10,20:24:40,,8280,상행,2025-05-01T05:00:00,,평일
8호선,2805,별내,804,,20250619,8호선,2827,모란,827,N,8호선,8289,2821,복정,820,N,20:26:30,20:27:10,,8280,상행,2025-05-01T05:00:00,,평일
8호선,2805,별내,804,,20250619,8호선,2827,모란,827,N,8호선,8289,2820,장지,819,N,20:28:20,20:28:50,,8280,상행,2025-05-01T05:00:00,,평일
8호선,2805,별내,804,,20250619,8호선,2827,모란,827,N,8호선,8289,2819,문정,818,N,20:30:00,20:30:40,,8280,상행,2025-05-01T05:00:00,,평일
8호선,2805,별내,804,,20250619,8호선,2827,모란,827,N,8호선,8289,2818,가락시장,817,N,20:31:50,20:32:30,,8280,상행,2025-05-01T05:00:00,,평일
8호선,2805,별내,804,,20250619,8호선,2827,모란,827,N,8호선,8289,2817,송파,816,N,20:33:40,20:34:20,,8280,상행,2025-05-01T05:00:00,,평일
8호선,2805,별내,804,,20250619,8호선,2827,모란,827,N,8호선,8289,2816,석촌,815,N,20:35:30,20:36:10,,8280,상행,2025-05-01T05:00:00,,평일
8호선,2805,별내,804,,20250619,8호선,2827,모란,827,N,8호선,8289,2815,잠실,814,N,20:38:00,20:38:40,,8280,상행,2025-05-01T05:00:00,,평일
8호선,2805,별내,804,,20250619,8호선,2827,모란,827,N,8호선,8289,2814,몽촌토성,813,N,20:39:50,20:40:30,,8280,상행,2025-05-01T05:00:00,,평일
8호선,2805,별내,804,,20250619,8호선,2827,모란,827,N,8호선,8289,2813,강동구청,812,N,20:42:30,20:43:10,,8280,상행,2025-05-01T05:00:00,,평일
8호선,2805,별내,804,,20250619,8호선,2827,모란,827,N,8호선,8289,2812,천호,811,N,20:44:30,20:45:10,,8280,상행,2025-05-01T05:00:00,,평일
8호선,2805,별내,804,,20250619,8호선,2827,모란,827,N,8호선,8289,2811,암사,810,N,20:46:40,20:47:10,,8280,상행,2025-05-01T05:00:00,,평일
8호선,2805,별내,804,,20250619,8호선,2827,모란,827,N,8호선,8289,2810,암사역사공원,809,N,20:49:10,20:49:40,,8280,상행,2025-05-01T05:00:00,,평일
8호선,2805,별내,804,,20250619,8호선,2827,모란,827,N,8호선,8289,2809,장자호수공원,808,N,20:53:20,20:53:50,,8280,상행,2025-05-01T05:00:00,,평일
8호선,2805,별내,804,,20250619,8호선,2827,모란,827,N,8호선,8289,2808,구리,807,N,20:56:00,20:56:40,,8280,상행,2025-05-01T05:00:00,,평일
8호선,2805,별내,804,,20250619,8호선,2827,모란,827,N,8호선,8289,2807,동구릉,806,N,20:58:00,20:58:30,,8280,상행,2025-05-01T05:00:00,,평일
8호선,2805,별내,804,,20250619,8호선,2827,모란,827,N,8호선,8289,2806,다산,805,N,21:00:50,21:01:20,,8280,상행,2025-05-01T05:00:00,,평일
8호선,2805,별내,804,,20250619,8호선,2827,모란,827,N,8호선,8289,2805,별내,804,N,21:04:30,,,8280,상행,2025-05-01T05:00:00,,평일
8호선,2805,별내,804,,20250619,8호선,2827,모란,827,N,8호선,8291,2827,모란,827,N,,20:21:00,,8282,상행,2025-05-01T05:00:00,,평일
8호선,2805,별내,804,,20250619,8호선,2827,모란,827,N,8호선,8291,2826,수진,826,N,20:22:30,20:22:50,,8282,상행,2025-05-01T05:00:00,,평일
8호선,2805,별내,804,,20250619,8호선,2827,모란,827,N,8호선,8291,2825,신흥,825,N,20:24:00,20:24:30,,8282,상행,2025-05-01T05:00:00,,평일
8호선,2805,별내,804,,20250619,8호선,2827,모란,827,N,8호선,8291,2824,단대오거리,824,N,20:25:40,20:26:10,,8282,상행,2025-05-01T05:00:00,,평일
8호선,2805,별내,804,,20250619,8호선,2827,모란,827,N,8호선,8291,2823,남한산성입구,823,N,20:27:20,20:27:50,,8282,상행,2025-05-01T05:00:00,,평일
8호선,2805,별내,804,,20250619,8호선,2827,모란,827,N,8호선,8291,2822,산성,822,N,20:30:00,20:30:30,,8282,상행,2025-05-01T05:00:00,,평일
8호선,2805,별내,804,,20250619,8호선,2827,모란,827,N,8호선,8291,2828,남위례,821,N,20:32:10,20:32:40,,8282,상행,2025-05-01T05:00:00,,평일
8호선,2805,별내,804,,20250619,8호선,2827,모란,827,N,8호선,8291,2821,복정,820,N,20:34:30,20:35:10,,8282,상행,2025-05-01T05:00:00,,평일
8호선,2805,별내,804,,20250619,8호선,2827,모란,827,N,8호선,8291,2820,장지,819,N,20:36:20,20:36:50,,8282,상행,2025-05-01T05:00:00,,평일
8호선,2805,별내,804,,20250619,8호선,2827,모란,827,N,8호선,8291,2819,문정,818,N,20:38:00,20:38:40,,8282,상행,2025-05-01T05:00:00,,평일
8호선,2805,별내,804,,20250619,8호선,2827,모란,827,N,8호선,8291,2818,가락시장,817,N,20:39:50,20:40:30,,8282,상행,2025-05-01T05:00:00,,평일
8호선,2805,별내,804,,20250619,8호선,2827,모란,827,N,8호선,8291,2817,송파,816,N,20:41:40,20:42:20,,8282,상행,2025-05-01T05:00:00,,평일
8호선,2805,별내,804,,20250619,8호선,2827,모란,827,N,8호선,8291,2816,석촌,815,N,20:43:30,20:44:10,,8282,상행,2025-05-01T05:00:00,,평일
8호선,2805,별내,804,,20250619,8호선,2827,모란,827,N,8호선,8291,2815,잠실,814,N,20:46:00,20:46:40,,8282,상행,2025-05-01T05:00:00,,평일
8호선,2805,별내,804,,20250619,8호선,2827,모란,827,N,8호선,8291,2814,몽촌토성,813,N,20:47:50,20:48:30,,8282,상행,2025-05-01T05:00:00,,평일
8호선,2805,별내,804,,20250619,8호선,2827,모란,827,N,8호선,8291,2813,강동구청,812,N,20:50:30,20:51:10,,8282,상행,2025-05-01T05:00:00,,평일
8호선,2805,별내,804,,20250619,8호선,2827,모란,827,N,8호선,8291,2812,천호,811,N,20:52:30,20:53:10,,8282,상행,2025-05-01T05:00:00,,평일
8호선,2805,별내,804,,20250619,8호선,2827,모란,827,N,8호선,8291,2811,암사,810,N,20:54:40,20:55:10,,8282,상행,2025-05-01T05:00:00,,평일
8호선,2805,별내,804,,20250619,8호선,2827,모란,827,N,8호선,8291,2810,암사역사공원,809,N,20:57:10,20:57:40,,8282,상행,2025-05-01T05:00:00,,평일
8호선,2805,별내,804,,20250619,8호선,2827,모란,827,N,8호선,8291,2809,장자호수공원,808,N,21:01:20,21:01:50,,8282,상행,2025-05-01T05:00:00,,평일
8호선,2805,별내,804,,20250619,8호선,2827,모란,827,N,8호선,8291,2808,구리,807,N,21:04:00,21:04:40,,8282,상행,2025-05-01T05:00:00,,평일
8호선,2805,별내,804,,20250619,8호선,2827,모란,827,N,8호선,8291,2807,동구릉,806,N,21:06:00,21:06:30,,8282,상행,2025-05-01T05:00:00,,평일
8호선,2805,별내,804,,20250619,8호선,2827,모란,827,N,8호선,8291,2806,다산,805,N,21:08:50,21:09:20,,8282,상행,2025-05-01T05:00:00,,평일
8호선,2805,별내,804,,20250619,8호선,2827,모란,827,N,8호선,8291,2805,별내,804,N,21:12:30,,,8282,상행,2025-05-01T05:00:00,,평일
8호선,2805,별내,804,,20250619,8호선,2827,모란,827,N,8호선,8293,2827,모란,827,N,,20:29:00,,8284,상행,2025-05-01T05:00:00,,평일
8호선,2805,별내,804,,20250619,8호선,2827,모란,827,N,8호선,8293,2826,수진,826,N,20:30:30,20:30:50,,8284,상행,2025-05-01T05:00:00,,평일
8호선,2805,별내,804,,20250619,8호선,2827,모란,827,N,8호선,8293,2825,신흥,825,N,20:32:00,20:32:30,,8284,상행,2025-05-01T05:00:00,,평일
8호선,2805,별내,804,,20250619,8호선,2827,모란,827,N,8호선,8293,2824,단대오거리,824,N,20:33:40,20:34:10,,8284,상행,2025-05-01T05:00:00,,평일
8호선,2805,별내,804,,20250619,8호선,2827,모란,827,N,8호선,8293,2823,남한산성입구,823,N,20:35:20,20:35:50,,8284,상행,2025-05-01T05:00:00,,평일
8호선,2805,별내,804,,20250619,8호선,2827,모란,827,N,8호선,8293,2822,산성,822,N,20:38:00,20:38:30,,8284,상행,2025-05-01T05:00:00,,평일
8호선,2805,별내,804,,20250619,8호선,2827,모란,827,N,8호선,8293,2828,남위례,821,N,20:40:10,20:40:40,,8284,상행,2025-05-01T05:00:00,,평일
8호선,2805,별내,804,,20250619,8호선,2827,모란,827,N,8호선,8293,2821,복정,820,N,20:42:30,20:43:10,,8284,상행,2025-05-01T05:00:00,,평일
8호선,2805,별내,804,,20250619,8호선,2827,모란,827,N,8호선,8293,2820,장지,819,N,20:44:20,20:44:50,,8284,상행,2025-05-01T05:00:00,,평일
8호선,2805,별내,804,,20250619,8호선,2827,모란,827,N,8호선,8293,2819,문정,818,N,20:46:00,20:46:40,,8284,상행,2025-05-01T05:00:00,,평일
8호선,2805,별내,804,,20250619,8호선,2827,모란,827,N,8호선,8293,2818,가락시장,817,N,20:47:50,20:48:30,,8284,상행,2025-05-01T05:00:00,,평일
8호선,2805,별내,804,,20250619,8호선,2827,모란,827,N,8호선,8293,2817,송파,816,N,20:49:40,20:50:20,,8284,상행,2025-05-01T05:00:00,,평일
8호선,2805,별내,804,,20250619,8호선,2827,모란,827,N,8호선,8293,2816,석촌,815,N,20:51:30,20:52:10,,8284,상행,2025-05-01T05:00:00,,평일
8호선,2805,별내,804,,20250619,8호선,2827,모란,827,N,8호선,8293,2815,잠실,814,N,20:54:00,20:54:40,,8284,상행,2025-05-01T05:00:00,,평일
8호선,2805,별내,804,,20250619,8호선,2827,모란,827,N,8호선,8293,2814,몽촌토성,813,N,20:55:50,20:56:30,,8284,상행,2025-05-01T05:00:00,,평일
8호선,2805,별내,804,,20250619,8호선,2827,모란,827,N,8호선,8293,2813,강동구청,812,N,20:58:30,20:59:10,,8284,상행,2025-05-01T05:00:00,,평일
8호선,2805,별내,804,,20250619,8호선,2827,모란,827,N,8호선,8293,2812,천호,811,N,21:00:30,21:01:10,,8284,상행,2025-05-01T05:00:00,,평일
8호선,2805,별내,804,,20250619,8호선,2827,모란,827,N,8호선,8293,2811,암사,810,N,21:02:40,21:03:10,,8284,상행,2025-05-01T05:00:00,,평일
8호선,2805,별내,804,,20250619,8호선,2827,모란,827,N,8호선,8293,2810,암사역사공원,809,N,21:05:10,21:05:40,,8284,상행,2025-05-01T05:00:00,,평일
8호선,2805,별내,804,,20250619,8호선,2827,모란,827,N,8호선,8293,2809,장자호수공원,808,N,21:09:20,21:09:50,,8284,상행,2025-05-01T05:00:00,,평일
8호선,2805,별내,804,,20250619,8호선,2827,모란,827,N,8호선,8293,2808,구리,807,N,21:12:00,21:12:40,,8284,상행,2025-05-01T05:00:00,,평일
8호선,2805,별내,804,,20250619,8호선,2827,모란,827,N,8호선,8293,2807,동구릉,806,N,21:14:00,21:14:30,,8284,상행,2025-05-01T05:00:00,,평일
8호선,2805,별내,804,,20250619,8호선,2827,모란,827,N,8호선,8293,2806,다산,805,N,21:16:50,21:17:20,,8284,상행,2025-05-01T05:00:00,,평일
8호선,2805,별내,804,,20250619,8호선,2827,모란,827,N,8호선,8293,2805,별내,804,N,21:20:30,,,8284,상행,2025-05-01T05:00:00,,평일
8호선,2805,별내,804,,20250619,8호선,2827,모란,827,N,8호선,8295,2827,모란,827,N,,20:38:00,,8286,상행,2025-05-01T05:00:00,,평일
8호선,2805,별내,804,,20250619,8호선,2827,모란,827,N,8호선,8295,2826,수진,826,N,20:39:30,20:39:50,,8286,상행,2025-05-01T05:00:00,,평일
8호선,2805,별내,804,,20250619,8호선,2827,모란,827,N,8호선,8295,2825,신흥,825,N,20:41:00,20:41:20,,8286,상행,2025-05-01T05:00:00,,평일
8호선,2805,별내,804,,20250619,8호선,2827,모란,827,N,8호선,8295,2824,단대오거리,824,N,20:42:30,20:43:00,,8286,상행,2025-05-01T05:00:00,,평일
8호선,2805,별내,804,,20250619,8호선,2827,모란,827,N,8호선,8295,2823,남한산성입구,823,N,20:44:10,20:44:40,,8286,상행,2025-05-01T05:00:00,,평일
8호선,2805,별내,804,,20250619,8호선,2827,모란,827,N,8호선,8295,2822,산성,822,N,20:46:50,20:47:20,,8286,상행,2025-05-01T05:00:00,,평일
8호선,2805,별내,804,,20250619,8호선,2827,모란,827,N,8호선,8295,2828,남위례,821,N,20:49:00,20:49:30,,8286,상행,2025-05-01T05:00:00,,평일
8호선,2805,별내,804,,20250619,8호선,2827,모란,827,N,8호선,8295,2821,복정,820,N,20:51:20,20:52:00,,8286,상행,2025-05-01T05:00:00,,평일
8호선,2805,별내,804,,20250619,8호선,2827,모란,827,N,8호선,8295,2820,장지,819,N,20:53:10,20:53:40,,8286,상행,2025-05-01T05:00:00,,평일
8호선,2805,별내,804,,20250619,8호선,2827,모란,827,N,8호선,8295,2819,문정,818,N,20:54:50,20:55:30,,8286,상행,2025-05-01T05:00:00,,평일
8호선,2805,별내,804,,20250619,8호선,2827,모란,827,N,8호선,8295,2818,가락시장,817,N,20:56:40,20:57:20,,8286,상행,2025-05-01T05:00:00,,평일
8호선,2805,별내,804,,20250619,8호선,2827,모란,827,N,8호선,8295,2817,송파,816,N,20:58:30,20:59:00,,8286,상행,2025-05-01T05:00:00,,평일
8호선,2805,별내,804,,20250619,8호선,2827,모란,827,N,8호선,8295,2816,석촌,815,N,21:00:10,21:00:50,,8286,상행,2025-05-01T05:00:00,,평일
8호선,2805,별내,804,,20250619,8호선,2827,모란,827,N,8호선,8295,2815,잠실,814,N,21:02:40,21:03:20,,8286,상행,2025-05-01T05:00:00,,평일
8호선,2805,별내,804,,20250619,8호선,2827,모란,827,N,8호선,8295,2814,몽촌토성,813,N,21:04:30,21:05:00,,8286,상행,2025-05-01T05:00:00,,평일
8호선,2805,별내,804,,20250619,8호선,2827,모란,827,N,8호선,8295,2813,강동구청,812,N,21:07:00,21:07:40,,8286,상행,2025-05-01T05:00:00,,평일
8호선,2805,별내,804,,20250619,8호선,2827,모란,827,N,8호선,8295,2812,천호,811,N,21:09:00,21:09:40,,8286,상행,2025-05-01T05:00:00,,평일
8호선,2805,별내,804,,20250619,8호선,2827,모란,827,N,8호선,8295,2811,암사,810,N,21:11:10,21:11:40,,8286,상행,2025-05-01T05:00:00,,평일
8호선,2805,별내,804,,20250619,8호선,2827,모란,827,N,8호선,8295,2810,암사역사공원,809,N,21:13:40,21:14:10,,8286,상행,2025-05-01T05:00:00,,평일
8호선,2805,별내,804,,20250619,8호선,2827,모란,827,N,8호선,8295,2809,장자호수공원,808,N,21:17:50,21:18:20,,8286,상행,2025-05-01T05:00:00,,평일
8호선,2805,별내,804,,20250619,8호선,2827,모란,827,N,8호선,8295,2808,구리,807,N,21:20:30,21:21:10,,8286,상행,2025-05-01T05:00:00,,평일
8호선,2805,별내,804,,20250619,8호선,2827,모란,827,N,8호선,8295,2807,동구릉,806,N,21:22:30,21:23:00,,8286,상행,2025-05-01T05:00:00,,평일
8호선,2805,별내,804,,20250619,8호선,2827,모란,827,N,8호선,8295,2806,다산,805,N,21:25:20,21:25:50,,8286,상행,2025-05-01T05:00:00,,평일
8호선,2805,별내,804,,20250619,8호선,2827,모란,827,N,8호선,8295,2805,별내,804,N,21:29:00,,,8286,상행,2025-05-01T05:00:00,,평일
8호선,2805,별내,804,,20250619,8호선,2827,모란,827,N,8호선,8297,2827,모란,827,N,,20:47:00,,8288,상행,2025-05-01T05:00:00,,평일
8호선,2805,별내,804,,20250619,8호선,2827,모란,827,N,8호선,8297,2826,수진,826,N,20:48:30,20:48:50,,8288,상행,2025-05-01T05:00:00,,평일
8호선,2805,별내,804,,20250619,8호선,2827,모란,827,N,8호선,8297,2825,신흥,825,N,20:50:00,20:50:20,,8288,상행,2025-05-01T05:00:00,,평일
8호선,2805,별내,804,,20250619,8호선,2827,모란,827,N,8호선,8297,2824,단대오거리,824,N,20:51:30,20:52:00,,8288,상행,2025-05-01T05:00:00,,평일
8호선,2805,별내,804,,20250619,8호선,2827,모란,827,N,8호선,8297,2823,남한산성입구,823,N,20:53:10,20:53:40,,8288,상행,2025-05-01T05:00:00,,평일
8호선,2805,별내,804,,20250619,8호선,2827,모란,827,N,8호선,8297,2822,산성,822,N,20:55:50,20:56:20,,8288,상행,2025-05-01T05:00:00,,평일
8호선,2805,별내,804,,20250619,8호선,2827,모란,827,N,8호선,8297,2828,남위례,821,N,20:58:00,20:58:30,,8288,상행,2025-05-01T05:00:00,,평일
8호선,2805,별내,804,,20250619,8호선,2827,모란,827,N,8호선,8297,2821,복정,820,N,21:00:20,21:01:00,,8288,상행,2025-05-01T05:00:00,,평일
8호선,2805,별내,804,,20250619,8호선,2827,모란,827,N,8호선,8297,2820,장지,819,N,21:02:10,21:02:40,,8288,상행,2025-05-01T05:00:00,,평일
8호선,2805,별내,804,,20250619,8호선,2827,모란,827,N,8호선,8297,2819,문정,818,N,21:03:50,21:04:30,,8288,상행,2025-05-01T05:00:00,,평일
8호선,2805,별내,804,,20250619,8호선,2827,모란,827,N,8호선,8297,2818,가락시장,817,N,21:05:40,21:06:20,,8288,상행,2025-05-01T05:00:00,,평일
8호선,2805,별내,804,,20250619,8호선,2827,모란,827,N,8호선,8297,2817,송파,816,N,21:07:30,21:08:00,,8288,상행,2025-05-01T05:00:00,,평일
8호선,2805,별내,804,,20250619,8호선,2827,모란,827,N,8호선,8297,2816,석촌,815,N,21:09:10,21:09:50,,8288,상행,2025-05-01T05:00:00,,평일
8호선,2805,별내,804,,20250619,8호선,2827,모란,827,N,8호선,8297,2815,잠실,814,N,21:11:40,21:12:20,,8288,상행,2025-05-01T05:00:00,,평일
8호선,2805,별내,804,,20250619,8호선,2827,모란,827,N,8호선,8297,2814,몽촌토성,813,N,21:13:30,21:14:00,,8288,상행,2025-05-01T05:00:00,,평일
8호선,2805,별내,804,,20250619,8호선,2827,모란,827,N,8호선,8297,2813,강동구청,812,N,21:16:00,21:16:40,,8288,상행,2025-05-01T05:00:00,,평일
8호선,2805,별내,804,,20250619,8호선,2827,모란,827,N,8호선,8297,2812,천호,811,N,21:18:00,21:18:40,,8288,상행,2025-05-01T05:00:00,,평일
8호선,2805,별내,804,,20250619,8호선,2827,모란,827,N,8호선,8297,2811,암사,810,N,21:20:10,21:20:40,,8288,상행,2025-05-01T05:00:00,,평일
8호선,2805,별내,804,,20250619,8호선,2827,모란,827,N,8호선,8297,2810,암사역사공원,809,N,21:22:40,21:23:10,,8288,상행,2025-05-01T05:00:00,,평일
8호선,2805,별내,804,,20250619,8호선,2827,모란,827,N,8호선,8297,2809,장자호수공원,808,N,21:26:50,21:27:20,,8288,상행,2025-05-01T05:00:00,,평일
8호선,2805,별내,804,,20250619,8호선,2827,모란,827,N,8호선,8297,2808,구리,807,N,21:29:30,21:30:10,,8288,상행,2025-05-01T05:00:00,,평일
8호선,2805,별내,804,,20250619,8호선,2827,모란,827,N,8호선,8297,2807,동구릉,806,N,21:31:30,21:32:00,,8288,상행,2025-05-01T05:00:00,,평일
8호선,2805,별내,804,,20250619,8호선,2827,모란,827,N,8호선,8297,2806,다산,805,N,21:34:20,21:34:50,,8288,상행,2025-05-01T05:00:00,,평일
8호선,2805,별내,804,,20250619,8호선,2827,모란,827,N,8호선,8297,2805,별내,804,N,21:38:00,,,8288,상행,2025-05-01T05:00:00,,평일
8호선,2805,별내,804,,20250619,8호선,2827,모란,827,N,8호선,8299,2827,모란,827,N,,20:56:00,,8290,상행,2025-05-01T05:00:00,,평일
8호선,2805,별내,804,,20250619,8호선,2827,모란,827,N,8호선,8299,2826,수진,826,N,20:57:30,20:57:50,,8290,상행,2025-05-01T05:00:00,,평일
8호선,2805,별내,804,,20250619,8호선,2827,모란,827,N,8호선,8299,2825,신흥,825,N,20:59:00,20:59:20,,8290,상행,2025-05-01T05:00:00,,평일
8호선,2805,별내,804,,20250619,8호선,2827,모란,827,N,8호선,8299,2824,단대오거리,824,N,21:00:30,21:01:00,,8290,상행,2025-05-01T05:00:00,,평일
8호선,2805,별내,804,,20250619,8호선,2827,모란,827,N,8호선,8299,2823,남한산성입구,823,N,21:02:10,21:02:40,,8290,상행,2025-05-01T05:00:00,,평일
8호선,2805,별내,804,,20250619,8호선,2827,모란,827,N,8호선,8299,2822,산성,822,N,21:04:50,21:05:20,,8290,상행,2025-05-01T05:00:00,,평일
8호선,2805,별내,804,,20250619,8호선,2827,모란,827,N,8호선,8299,2828,남위례,821,N,21:07:00,21:07:30,,8290,상행,2025-05-01T05:00:00,,평일
8호선,2805,별내,804,,20250619,8호선,2827,모란,827,N,8호선,8299,2821,복정,820,N,21:09:20,21:10:00,,8290,상행,2025-05-01T05:00:00,,평일
8호선,2805,별내,804,,20250619,8호선,2827,모란,827,N,8호선,8299,2820,장지,819,N,21:11:10,21:11:40,,8290,상행,2025-05-01T05:00:00,,평일
8호선,2805,별내,804,,20250619,8호선,2827,모란,827,N,8호선,8299,2819,문정,818,N,21:12:50,21:13:30,,8290,상행,2025-05-01T05:00:00,,평일
8호선,2805,별내,804,,20250619,8호선,2827,모란,827,N,8호선,8299,2818,가락시장,817,N,21:14:40,21:15:20,,8290,상행,2025-05-01T05:00:00,,평일
8호선,2805,별내,804,,20250619,8호선,2827,모란,827,N,8호선,8299,2817,송파,816,N,21:16:30,21:17:00,,8290,상행,2025-05-01T05:00:00,,평일
8호선,2805,별내,804,,20250619,8호선,2827,모란,827,N,8호선,8299,2816,석촌,815,N,21:18:10,21:18:50,,8290,상행,2025-05-01T05:00:00,,평일
8호선,2805,별내,804,,20250619,8호선,2827,모란,827,N,8호선,8299,2815,잠실,814,N,21:20:40,21:21:20,,8290,상행,2025-05-01T05:00:00,,평일
8호선,2805,별내,804,,20250619,8호선,2827,모란,827,N,8호선,8299,2814,몽촌토성,813,N,21:22:30,21:23:00,,8290,상행,2025-05-01T05:00:00,,평일
8호선,2805,별내,804,,20250619,8호선,2827,모란,827,N,8호선,8299,2813,강동구청,812,N,21:25:00,21:25:40,,8290,상행,2025-05-01T05:00:00,,평일
8호선,2805,별내,804,,20250619,8호선,2827,모란,827,N,8호선,8299,2812,천호,811,N,21:27:00,21:27:40,,8290,상행,2025-05-01T05:00:00,,평일
8호선,2805,별내,804,,20250619,8호선,2827,모란,827,N,8호선,8299,2811,암사,810,N,21:29:10,21:29:40,,8290,상행,2025-05-01T05:00:00,,평일
8호선,2805,별내,804,,20250619,8호선,2827,모란,827,N,8호선,8299,2810,암사역사공원,809,N,21:31:40,21:32:10,,8290,상행,2025-05-01T05:00:00,,평일
8호선,2805,별내,804,,20250619,8호선,2827,모란,827,N,8호선,8299,2809,장자호수공원,808,N,21:35:50,21:36:20,,8290,상행,2025-05-01T05:00:00,,평일
8호선,2805,별내,804,,20250619,8호선,2827,모란,827,N,8호선,8299,2808,구리,807,N,21:38:30,21:39:10,,8290,상행,2025-05-01T05:00:00,,평일
8호선,2805,별내,804,,20250619,8호선,2827,모란,827,N,8호선,8299,2807,동구릉,806,N,21:40:30,21:41:00,,8290,상행,2025-05-01T05:00:00,,평일
8호선,2805,별내,804,,20250619,8호선,2827,모란,827,N,8호선,8299,2806,다산,805,N,21:43:20,21:43:50,,8290,상행,2025-05-01T05:00:00,,평일
8호선,2805,별내,804,,20250619,8호선,2827,모란,827,N,8호선,8299,2805,별내,804,N,21:47:00,,,8290,상행,2025-05-01T05:00:00,,평일
8호선,2805,별내,804,,20250619,8호선,2827,모란,827,N,8호선,8301,2827,모란,827,N,,21:06:00,,8292,상행,2025-05-01T05:00:00,,평일
8호선,2805,별내,804,,20250619,8호선,2827,모란,827,N,8호선,8301,2826,수진,826,N,21:07:30,21:07:50,,8292,상행,2025-05-01T05:00:00,,평일
8호선,2805,별내,804,,20250619,8호선,2827,모란,827,N,8호선,8301,2825,신흥,825,N,21:09:00,21:09:20,,8292,상행,2025-05-01T05:00:00,,평일
8호선,2805,별내,804,,20250619,8호선,2827,모란,827,N,8호선,8301,2824,단대오거리,824,N,21:10:30,21:11:00,,8292,상행,2025-05-01T05:00:00,,평일
8호선,2805,별내,804,,20250619,8호선,2827,모란,827,N,8호선,8301,2823,남한산성입구,823,N,21:12:10,21:12:40,,8292,상행,2025-05-01T05:00:00,,평일
8호선,2805,별내,804,,20250619,8호선,2827,모란,827,N,8호선,8301,2822,산성,822,N,21:14:50,21:15:20,,8292,상행,2025-05-01T05:00:00,,평일
8호선,2805,별내,804,,20250619,8호선,2827,모란,827,N,8호선,8301,2828,남위례,821,N,21:17:00,21:17:30,,8292,상행,2025-05-01T05:00:00,,평일
8호선,2805,별내,804,,20250619,8호선,2827,모란,827,N,8호선,8301,2821,복정,820,N,21:19:20,21:19:50,,8292,상행,2025-05-01T05:00:00,,평일
8호선,2805,별내,804,,20250619,8호선,2827,모란,827,N,8호선,8301,2820,장지,819,N,21:21:00,21:21:30,,8292,상행,2025-05-01T05:00:00,,평일
8호선,2805,별내,804,,20250619,8호선,2827,모란,827,N,8호선,8301,2819,문정,818,N,21:22:40,21:23:20,,8292,상행,2025-05-01T05:00:00,,평일
8호선,2805,별내,804,,20250619,8호선,2827,모란,827,N,8호선,8301,2818,가락시장,817,N,21:24:30,21:25:10,,8292,상행,2025-05-01T05:00:00,,평일
8호선,2805,별내,804,,20250619,8호선,2827,모란,827,N,8호선,8301,2817,송파,816,N,21:26:20,21:26:50,,8292,상행,2025-05-01T05:00:00,,평일
8호선,2805,별내,804,,20250619,8호선,2827,모란,827,N,8호선,8301,2816,석촌,815,N,21:28:00,21:28:30,,8292,상행,2025-05-01T05:00:00,,평일
8호선,2805,별내,804,,20250619,8호선,2827,모란,827,N,8호선,8301,2815,잠실,814,N,21:30:20,21:31:00,,8292,상행,2025-05-01T05:00:00,,평일
8호선,2805,별내,804,,20250619,8호선,2827,모란,827,N,8호선,8301,2814,몽촌토성,813,N,21:32:10,21:32:40,,8292,상행,2025-05-01T05:00:00,,평일
8호선,2805,별내,804,,20250619,8호선,2827,모란,827,N,8호선,8301,2813,강동구청,812,N,21:34:40,21:35:10,,8292,상행,2025-05-01T05:00:00,,평일
8호선,2805,별내,804,,20250619,8호선,2827,모란,827,N,8호선,8301,2812,천호,811,N,21:36:30,21:37:10,,8292,상행,2025-05-01T05:00:00,,평일
8호선,2805,별내,804,,20250619,8호선,2827,모란,827,N,8호선,8301,2811,암사,810,N,21:38:40,21:39:10,,8292,상행,2025-05-01T05:00:00,,평일
8호선,2805,별내,804,,20250619,8호선,2827,모란,827,N,8호선,8301,2810,암사역사공원,809,N,21:41:10,21:41:40,,8292,상행,2025-05-01T05:00:00,,평일
8호선,2805,별내,804,,20250619,8호선,2827,모란,827,N,8호선,8301,2809,장자호수공원,808,N,21:45:20,21:45:50,,8292,상행,2025-05-01T05:00:00,,평일
8호선,2805,별내,804,,20250619,8호선,2827,모란,827,N,8호선,8301,2808,구리,807,N,21:48:00,21:48:40,,8292,상행,2025-05-01T05:00:00,,평일
8호선,2805,별내,804,,20250619,8호선,2827,모란,827,N,8호선,8301,2807,동구릉,806,N,21:50:00,21:50:30,,8292,상행,2025-05-01T05:00:00,,평일
8호선,2805,별내,804,,20250619,8호선,2827,모란,827,N,8호선,8301,2806,다산,805,N,21:52:50,21:53:20,,8292,상행,2025-05-01T05:00:00,,평일
8호선,2805,별내,804,,20250619,8호선,2827,모란,827,N,8호선,8301,2805,별내,804,N,21:56:30,,,8292,상행,2025-05-01T05:00:00,,평일
8호선,2805,별내,804,,20250619,8호선,2827,모란,827,N,8호선,8303,2827,모란,827,N,,21:16:00,,8294,상행,2025-05-01T05:00:00,,평일
8호선,2805,별내,804,,20250619,8호선,2827,모란,827,N,8호선,8303,2826,수진,826,N,21:17:30,21:17:50,,8294,상행,2025-05-01T05:00:00,,평일
8호선,2805,별내,804,,20250619,8호선,2827,모란,827,N,8호선,8303,2825,신흥,825,N,21:19:00,21:19:20,,8294,상행,2025-05-01T05:00:00,,평일
8호선,2805,별내,804,,20250619,8호선,2827,모란,827,N,8호선,8303,2824,단대오거리,824,N,21:20:30,21:21:00,,8294,상행,2025-05-01T05:00:00,,평일
8호선,2805,별내,804,,20250619,8호선,2827,모란,827,N,8호선,8303,2823,남한산성입구,823,N,21:22:10,21:22:40,,8294,상행,2025-05-01T05:00:00,,평일
8호선,2805,별내,804,,20250619,8호선,2827,모란,827,N,8호선,8303,2822,산성,822,N,21:24:50,21:25:20,,8294,상행,2025-05-01T05:00:00,,평일
8호선,2805,별내,804,,20250619,8호선,2827,모란,827,N,8호선,8303,2828,남위례,821,N,21:27:00,21:27:30,,8294,상행,2025-05-01T05:00:00,,평일
8호선,2805,별내,804,,20250619,8호선,2827,모란,827,N,8호선,8303,2821,복정,820,N,21:29:20,21:29:50,,8294,상행,2025-05-01T05:00:00,,평일
8호선,2805,별내,804,,20250619,8호선,2827,모란,827,N,8호선,8303,2820,장지,819,N,21:31:00,21:31:30,,8294,상행,2025-05-01T05:00:00,,평일
8호선,2805,별내,804,,20250619,8호선,2827,모란,827,N,8호선,8303,2819,문정,818,N,21:32:40,21:33:20,,8294,상행,2025-05-01T05:00:00,,평일
8호선,2805,별내,804,,20250619,8호선,2827,모란,827,N,8호선,8303,2818,가락시장,817,N,21:34:30,21:35:10,,8294,상행,2025-05-01T05:00:00,,평일
8호선,2805,별내,804,,20250619,8호선,2827,모란,827,N,8호선,8303,2817,송파,816,N,21:36:20,21:36:50,,8294,상행,2025-05-01T05:00:00,,평일
8호선,2805,별내,804,,20250619,8호선,2827,모란,827,N,8호선,8303,2816,석촌,815,N,21:38:00,21:38:30,,8294,상행,2025-05-01T05:00:00,,평일
8호선,2805,별내,804,,20250619,8호선,2827,모란,827,N,8호선,8303,2815,잠실,814,N,21:40:20,21:41:00,,8294,상행,2025-05-01T05:00:00,,평일
8호선,2805,별내,804,,20250619,8호선,2827,모란,827,N,8호선,8303,2814,몽촌토성,813,N,21:42:10,21:42:40,,8294,상행,2025-05-01T05:00:00,,평일
8호선,2805,별내,804,,20250619,8호선,2827,모란,827,N,8호선,8303,2813,강동구청,812,N,21:44:40,21:45:10,,8294,상행,2025-05-01T05:00:00,,평일
8호선,2805,별내,804,,20250619,8호선,2827,모란,827,N,8호선,8303,2812,천호,811,N,21:46:30,21:47:10,,8294,상행,2025-05-01T05:00:00,,평일
8호선,2805,별내,804,,20250619,8호선,2827,모란,827,N,8호선,8303,2811,암사,810,N,21:48:40,21:49:10,,8294,상행,2025-05-01T05:00:00,,평일
8호선,2805,별내,804,,20250619,8호선,2827,모란,827,N,8호선,8303,2810,암사역사공원,809,N,21:51:10,21:51:40,,8294,상행,2025-05-01T05:00:00,,평일
8호선,2805,별내,804,,20250619,8호선,2827,모란,827,N,8호선,8303,2809,장자호수공원,808,N,21:55:20,21:55:50,,8294,상행,2025-05-01T05:00:00,,평일
8호선,2805,별내,804,,20250619,8호선,2827,모란,827,N,8호선,8303,2808,구리,807,N,21:58:00,21:58:40,,8294,상행,2025-05-01T05:00:00,,평일
8호선,2805,별내,804,,20250619,8호선,2827,모란,827,N,8호선,8303,2807,동구릉,806,N,22:00:00,22:00:30,,8294,상행,2025-05-01T05:00:00,,평일
8호선,2805,별내,804,,20250619,8호선,2827,모란,827,N,8호선,8303,2806,다산,805,N,22:02:50,22:03:20,,8294,상행,2025-05-01T05:00:00,,평일
8호선,2805,별내,804,,20250619,8호선,2827,모란,827,N,8호선,8303,2805,별내,804,N,22:06:30,,,8294,상행,2025-05-01T05:00:00,,평일
8호선,2805,별내,804,,20250619,8호선,2827,모란,827,N,8호선,8305,2827,모란,827,N,,21:26:00,,8296,상행,2025-05-01T05:00:00,,평일
8호선,2805,별내,804,,20250619,8호선,2827,모란,827,N,8호선,8305,2826,수진,826,N,21:27:30,21:27:50,,8296,상행,2025-05-01T05:00:00,,평일
8호선,2805,별내,804,,20250619,8호선,2827,모란,827,N,8호선,8305,2825,신흥,825,N,21:29:00,21:29:20,,8296,상행,2025-05-01T05:00:00,,평일
8호선,2805,별내,804,,20250619,8호선,2827,모란,827,N,8호선,8305,2824,단대오거리,824,N,21:30:30,21:31:00,,8296,상행,2025-05-01T05:00:00,,평일
8호선,2805,별내,804,,20250619,8호선,2827,모란,827,N,8호선,8305,2823,남한산성입구,823,N,21:32:10,21:32:40,,8296,상행,2025-05-01T05:00:00,,평일
8호선,2805,별내,804,,20250619,8호선,2827,모란,827,N,8호선,8305,2822,산성,822,N,21:34:50,21:35:20,,8296,상행,2025-05-01T05:00:00,,평일
8호선,2805,별내,804,,20250619,8호선,2827,모란,827,N,8호선,8305,2828,남위례,821,N,21:37:00,21:37:30,,8296,상행,2025-05-01T05:00:00,,평일
8호선,2805,별내,804,,20250619,8호선,2827,모란,827,N,8호선,8305,2821,복정,820,N,21:39:20,21:39:50,,8296,상행,2025-05-01T05:00:00,,평일
8호선,2805,별내,804,,20250619,8호선,2827,모란,827,N,8호선,8305,2820,장지,819,N,21:41:00,21:41:30,,8296,상행,2025-05-01T05:00:00,,평일
8호선,2805,별내,804,,20250619,8호선,2827,모란,827,N,8호선,8305,2819,문정,818,N,21:42:40,21:43:20,,8296,상행,2025-05-01T05:00:00,,평일
8호선,2805,별내,804,,20250619,8호선,2827,모란,827,N,8호선,8305,2818,가락시장,817,N,21:44:30,21:45:10,,8296,상행,2025-05-01T05:00:00,,평일
8호선,2805,별내,804,,20250619,8호선,2827,모란,827,N,8호선,8305,2817,송파,816,N,21:46:20,21:46:50,,8296,상행,2025-05-01T05:00:00,,평일
8호선,2805,별내,804,,20250619,8호선,2827,모란,827,N,8호선,8305,2816,석촌,815,N,21:48:00,21:48:30,,8296,상행,2025-05-01T05:00:00,,평일
8호선,2805,별내,804,,20250619,8호선,2827,모란,827,N,8호선,8305,2815,잠실,814,N,21:50:20,21:51:00,,8296,상행,2025-05-01T05:00:00,,평일
8호선,2805,별내,804,,20250619,8호선,2827,모란,827,N,8호선,8305,2814,몽촌토성,813,N,21:52:10,21:52:40,,8296,상행,2025-05-01T05:00:00,,평일
8호선,2805,별내,804,,20250619,8호선,2827,모란,827,N,8호선,8305,2813,강동구청,812,N,21:54:40,21:55:10,,8296,상행,2025-05-01T05:00:00,,평일
8호선,2805,별내,804,,20250619,8호선,2827,모란,827,N,8호선,8305,2812,천호,811,N,21:56:30,21:57:10,,8296,상행,2025-05-01T05:00:00,,평일
8호선,2805,별내,804,,20250619,8호선,2827,모란,827,N,8호선,8305,2811,암사,810,N,21:58:40,21:59:10,,8296,상행,2025-05-01T05:00:00,,평일
8호선,2805,별내,804,,20250619,8호선,2827,모란,827,N,8호선,8305,2810,암사역사공원,809,N,22:01:10,22:01:40,,8296,상행,2025-05-01T05:00:00,,평일
8호선,2805,별내,804,,20250619,8호선,2827,모란,827,N,8호선,8305,2809,장자호수공원,808,N,22:05:20,22:05:50,,8296,상행,2025-05-01T05:00:00,,평일
8호선,2805,별내,804,,20250619,8호선,2827,모란,827,N,8호선,8305,2808,구리,807,N,22:08:00,22:08:40,,8296,상행,2025-05-01T05:00:00,,평일
8호선,2805,별내,804,,20250619,8호선,2827,모란,827,N,8호선,8305,2807,동구릉,806,N,22:10:00,22:10:30,,8296,상행,2025-05-01T05:00:00,,평일
8호선,2805,별내,804,,20250619,8호선,2827,모란,827,N,8호선,8305,2806,다산,805,N,22:12:50,22:13:20,,8296,상행,2025-05-01T05:00:00,,평일
8호선,2805,별내,804,,20250619,8호선,2827,모란,827,N,8호선,8305,2805,별내,804,N,22:16:30,,,8296,상행,2025-05-01T05:00:00,,평일
8호선,2805,별내,804,,20250619,8호선,2827,모란,827,N,8호선,8307,2827,모란,827,N,,21:36:00,,8298,상행,2025-05-01T05:00:00,,평일
8호선,2805,별내,804,,20250619,8호선,2827,모란,827,N,8호선,8307,2826,수진,826,N,21:37:30,21:37:50,,8298,상행,2025-05-01T05:00:00,,평일
8호선,2805,별내,804,,20250619,8호선,2827,모란,827,N,8호선,8307,2825,신흥,825,N,21:39:00,21:39:20,,8298,상행,2025-05-01T05:00:00,,평일
8호선,2805,별내,804,,20250619,8호선,2827,모란,827,N,8호선,8307,2824,단대오거리,824,N,21:40:30,21:41:00,,8298,상행,2025-05-01T05:00:00,,평일
8호선,2805,별내,804,,20250619,8호선,2827,모란,827,N,8호선,8307,2823,남한산성입구,823,N,21:42:10,21:42:40,,8298,상행,2025-05-01T05:00:00,,평일
8호선,2805,별내,804,,20250619,8호선,2827,모란,827,N,8호선,8307,2822,산성,822,N,21:44:50,21:45:20,,8298,상행,2025-05-01T05:00:00,,평일
8호선,2805,별내,804,,20250619,8호선,2827,모란,827,N,8호선,8307,2828,남위례,821,N,21:47:00,21:47:30,,8298,상행,2025-05-01T05:00:00,,평일
8호선,2805,별내,804,,20250619,8호선,2827,모란,827,N,8호선,8307,2821,복정,820,N,21:49:20,21:49:50,,8298,상행,2025-05-01T05:00:00,,평일
8호선,2805,별내,804,,20250619,8호선,2827,모란,827,N,8호선,8307,2820,장지,819,N,21:51:00,21:51:30,,8298,상행,2025-05-01T05:00:00,,평일
8호선,2805,별내,804,,20250619,8호선,2827,모란,827,N,8호선,8307,2819,문정,818,N,21:52:40,21:53:20,,8298,상행,2025-05-01T05:00:00,,평일
8호선,2805,별내,804,,20250619,8호선,2827,모란,827,N,8호선,8307,2818,가락시장,817,N,21:54:30,21:55:10,,8298,상행,2025-05-01T05:00:00,,평일
8호선,2805,별내,804,,20250619,8호선,2827,모란,827,N,8호선,8307,2817,송파,816,N,21:56:20,21:56:50,,8298,상행,2025-05-01T05:00:00,,평일
8호선,2805,별내,804,,20250619,8호선,2827,모란,827,N,8호선,8307,2816,석촌,815,N,21:58:00,21:58:30,,8298,상행,2025-05-01T05:00:00,,평일
8호선,2805,별내,804,,20250619,8호선,2827,모란,827,N,8호선,8307,2815,잠실,814,N,22:00:20,22:01:00,,8298,상행,2025-05-01T05:00:00,,평일
8호선,2805,별내,804,,20250619,8호선,2827,모란,827,N,8호선,8307,2814,몽촌토성,813,N,22:02:10,22:02:40,,8298,상행,2025-05-01T05:00:00,,평일
8호선,2805,별내,804,,20250619,8호선,2827,모란,827,N,8호선,8307,2813,강동구청,812,N,22:04:40,22:05:10,,8298,상행,2025-05-01T05:00:00,,평일
8호선,2805,별내,804,,20250619,8호선,2827,모란,827,N,8호선,8307,2812,천호,811,N,22:06:30,22:07:10,,8298,상행,2025-05-01T05:00:00,,평일
8호선,2805,별내,804,,20250619,8호선,2827,모란,827,N,8호선,8307,2811,암사,810,N,22:08:40,22:09:10,,8298,상행,2025-05-01T05:00:00,,평일
8호선,2805,별내,804,,20250619,8호선,2827,모란,827,N,8호선,8307,2810,암사역사공원,809,N,22:11:10,22:11:40,,8298,상행,2025-05-01T05:00:00,,평일
8호선,2805,별내,804,,20250619,8호선,2827,모란,827,N,8호선,8307,2809,장자호수공원,808,N,22:15:20,22:15:50,,8298,상행,2025-05-01T05:00:00,,평일
8호선,2805,별내,804,,20250619,8호선,2827,모란,827,N,8호선,8307,2808,구리,807,N,22:18:00,22:18:40,,8298,상행,2025-05-01T05:00:00,,평일
8호선,2805,별내,804,,20250619,8호선,2827,모란,827,N,8호선,8307,2807,동구릉,806,N,22:20:00,22:20:30,,8298,상행,2025-05-01T05:00:00,,평일
8호선,2805,별내,804,,20250619,8호선,2827,모란,827,N,8호선,8307,2806,다산,805,N,22:22:50,22:23:20,,8298,상행,2025-05-01T05:00:00,,평일
8호선,2805,별내,804,,20250619,8호선,2827,모란,827,N,8호선,8307,2805,별내,804,N,22:26:30,,,8298,상행,2025-05-01T05:00:00,,평일
8호선,2805,별내,804,,20250619,8호선,2827,모란,827,N,8호선,8309,2827,모란,827,N,,21:46:00,,8300,상행,2025-05-01T05:00:00,,평일
8호선,2805,별내,804,,20250619,8호선,2827,모란,827,N,8호선,8309,2826,수진,826,N,21:47:30,21:47:50,,8300,상행,2025-05-01T05:00:00,,평일
8호선,2805,별내,804,,20250619,8호선,2827,모란,827,N,8호선,8309,2825,신흥,825,N,21:49:00,21:49:20,,8300,상행,2025-05-01T05:00:00,,평일
8호선,2805,별내,804,,20250619,8호선,2827,모란,827,N,8호선,8309,2824,단대오거리,824,N,21:50:30,21:51:00,,8300,상행,2025-05-01T05:00:00,,평일
8호선,2805,별내,804,,20250619,8호선,2827,모란,827,N,8호선,8309,2823,남한산성입구,823,N,21:52:10,21:52:40,,8300,상행,2025-05-01T05:00:00,,평일
8호선,2805,별내,804,,20250619,8호선,2827,모란,827,N,8호선,8309,2822,산성,822,N,21:54:50,21:55:20,,8300,상행,2025-05-01T05:00:00,,평일
8호선,2805,별내,804,,20250619,8호선,2827,모란,827,N,8호선,8309,2828,남위례,821,N,21:57:00,21:57:30,,8300,상행,2025-05-01T05:00:00,,평일
8호선,2805,별내,804,,20250619,8호선,2827,모란,827,N,8호선,8309,2821,복정,820,N,21:59:20,21:59:50,,8300,상행,2025-05-01T05:00:00,,평일
8호선,2805,별내,804,,20250619,8호선,2827,모란,827,N,8호선,8309,2820,장지,819,N,22:01:00,22:01:30,,8300,상행,2025-05-01T05:00:00,,평일
8호선,2805,별내,804,,20250619,8호선,2827,모란,827,N,8호선,8309,2819,문정,818,N,22:02:40,22:03:20,,8300,상행,2025-05-01T05:00:00,,평일
8호선,2805,별내,804,,20250619,8호선,2827,모란,827,N,8호선,8309,2818,가락시장,817,N,22:04:30,22:05:10,,8300,상행,2025-05-01T05:00:00,,평일
8호선,2805,별내,804,,20250619,8호선,2827,모란,827,N,8호선,8309,2817,송파,816,N,22:06:20,22:06:50,,8300,상행,2025-05-01T05:00:00,,평일
8호선,2805,별내,804,,20250619,8호선,2827,모란,827,N,8호선,8309,2816,석촌,815,N,22:08:00,22:08:30,,8300,상행,2025-05-01T05:00:00,,평일
8호선,2805,별내,804,,20250619,8호선,2827,모란,827,N,8호선,8309,2815,잠실,814,N,22:10:20,22:11:00,,8300,상행,2025-05-01T05:00:00,,평일
8호선,2805,별내,804,,20250619,8호선,2827,모란,827,N,8호선,8309,2814,몽촌토성,813,N,22:12:10,22:12:40,,8300,상행,2025-05-01T05:00:00,,평일
8호선,2805,별내,804,,20250619,8호선,2827,모란,827,N,8호선,8309,2813,강동구청,812,N,22:14:40,22:15:10,,8300,상행,2025-05-01T05:00:00,,평일
8호선,2805,별내,804,,20250619,8호선,2827,모란,827,N,8호선,8309,2812,천호,811,N,22:16:30,22:17:10,,8300,상행,2025-05-01T05:00:00,,평일
8호선,2805,별내,804,,20250619,8호선,2827,모란,827,N,8호선,8309,2811,암사,810,N,22:18:40,22:19:10,,8300,상행,2025-05-01T05:00:00,,평일
8호선,2805,별내,804,,20250619,8호선,2827,모란,827,N,8호선,8309,2810,암사역사공원,809,N,22:21:10,22:21:40,,8300,상행,2025-05-01T05:00:00,,평일
8호선,2805,별내,804,,20250619,8호선,2827,모란,827,N,8호선,8309,2809,장자호수공원,808,N,22:25:20,22:25:50,,8300,상행,2025-05-01T05:00:00,,평일
8호선,2805,별내,804,,20250619,8호선,2827,모란,827,N,8호선,8309,2808,구리,807,N,22:28:00,22:28:40,,8300,상행,2025-05-01T05:00:00,,평일
8호선,2805,별내,804,,20250619,8호선,2827,모란,827,N,8호선,8309,2807,동구릉,806,N,22:30:00,22:30:30,,8300,상행,2025-05-01T05:00:00,,평일
8호선,2805,별내,804,,20250619,8호선,2827,모란,827,N,8호선,8309,2806,다산,805,N,22:32:50,22:33:20,,8300,상행,2025-05-01T05:00:00,,평일
8호선,2805,별내,804,,20250619,8호선,2827,모란,827,N,8호선,8309,2805,별내,804,N,22:36:30,,,8300,상행,2025-05-01T05:00:00,,평일
8호선,2805,별내,804,,20250619,8호선,2827,모란,827,N,8호선,8311,2827,모란,827,N,,21:57:00,,8302,상행,2025-05-01T05:00:00,,평일
8호선,2805,별내,804,,20250619,8호선,2827,모란,827,N,8호선,8311,2826,수진,826,N,21:58:30,21:58:50,,8302,상행,2025-05-01T05:00:00,,평일
8호선,2805,별내,804,,20250619,8호선,2827,모란,827,N,8호선,8311,2825,신흥,825,N,22:00:00,22:00:20,,8302,상행,2025-05-01T05:00:00,,평일
8호선,2805,별내,804,,20250619,8호선,2827,모란,827,N,8호선,8311,2824,단대오거리,824,N,22:01:30,22:02:00,,8302,상행,2025-05-01T05:00:00,,평일
8호선,2805,별내,804,,20250619,8호선,2827,모란,827,N,8호선,8311,2823,남한산성입구,823,N,22:03:10,22:03:40,,8302,상행,2025-05-01T05:00:00,,평일
8호선,2805,별내,804,,20250619,8호선,2827,모란,827,N,8호선,8311,2822,산성,822,N,22:05:50,22:06:20,,8302,상행,2025-05-01T05:00:00,,평일
8호선,2805,별내,804,,20250619,8호선,2827,모란,827,N,8호선,8311,2828,남위례,821,N,22:08:00,22:08:30,,8302,상행,2025-05-01T05:00:00,,평일
8호선,2805,별내,804,,20250619,8호선,2827,모란,827,N,8호선,8311,2821,복정,820,N,22:10:20,22:10:50,,8302,상행,2025-05-01T05:00:00,,평일
8호선,2805,별내,804,,20250619,8호선,2827,모란,827,N,8호선,8311,2820,장지,819,N,22:12:00,22:12:30,,8302,상행,2025-05-01T05:00:00,,평일
8호선,2805,별내,804,,20250619,8호선,2827,모란,827,N,8호선,8311,2819,문정,818,N,22:13:40,22:14:20,,8302,상행,2025-05-01T05:00:00,,평일
8호선,2805,별내,804,,20250619,8호선,2827,모란,827,N,8호선,8311,2818,가락시장,817,N,22:15:30,22:16:10,,8302,상행,2025-05-01T05:00:00,,평일
8호선,2805,별내,804,,20250619,8호선,2827,모란,827,N,8호선,8311,2817,송파,816,N,22:17:20,22:17:50,,8302,상행,2025-05-01T05:00:00,,평일
8호선,2805,별내,804,,20250619,8호선,2827,모란,827,N,8호선,8311,2816,석촌,815,N,22:19:00,22:19:30,,8302,상행,2025-05-01T05:00:00,,평일
8호선,2805,별내,804,,20250619,8호선,2827,모란,827,N,8호선,8311,2815,잠실,814,N,22:21:20,22:22:00,,8302,상행,2025-05-01T05:00:00,,평일
8호선,2805,별내,804,,20250619,8호선,2827,모란,827,N,8호선,8311,2814,몽촌토성,813,N,22:23:10,22:23:40,,8302,상행,2025-05-01T05:00:00,,평일
8호선,2805,별내,804,,20250619,8호선,2827,모란,827,N,8호선,8311,2813,강동구청,812,N,22:25:40,22:26:10,,8302,상행,2025-05-01T05:00:00,,평일
8호선,2805,별내,804,,20250619,8호선,2827,모란,827,N,8호선,8311,2812,천호,811,N,22:27:30,22:28:10,,8302,상행,2025-05-01T05:00:00,,평일
8호선,2805,별내,804,,20250619,8호선,2827,모란,827,N,8호선,8311,2811,암사,810,N,22:29:40,22:30:10,,8302,상행,2025-05-01T05:00:00,,평일
8호선,2805,별내,804,,20250619,8호선,2827,모란,827,N,8호선,8311,2810,암사역사공원,809,N,22:32:10,22:32:40,,8302,상행,2025-05-01T05:00:00,,평일
8호선,2805,별내,804,,20250619,8호선,2827,모란,827,N,8호선,8311,2809,장자호수공원,808,N,22:36:20,22:36:50,,8302,상행,2025-05-01T05:00:00,,평일
8호선,2805,별내,804,,20250619,8호선,2827,모란,827,N,8호선,8311,2808,구리,807,N,22:39:00,22:39:40,,8302,상행,2025-05-01T05:00:00,,평일
8호선,2805,별내,804,,20250619,8호선,2827,모란,827,N,8호선,8311,2807,동구릉,806,N,22:41:00,22:41:30,,8302,상행,2025-05-01T05:00:00,,평일
8호선,2805,별내,804,,20250619,8호선,2827,모란,827,N,8호선,8311,2806,다산,805,N,22:43:50,22:44:20,,8302,상행,2025-05-01T05:00:00,,평일
8호선,2805,별내,804,,20250619,8호선,2827,모란,827,N,8호선,8311,2805,별내,804,N,22:47:30,,,8302,상행,2025-05-01T05:00:00,,평일
8호선,2805,별내,804,,20250619,8호선,2827,모란,827,N,8호선,8313,2827,모란,827,N,,22:08:00,,8304,상행,2025-05-01T05:00:00,,평일
8호선,2805,별내,804,,20250619,8호선,2827,모란,827,N,8호선,8313,2826,수진,826,N,22:09:30,22:09:50,,8304,상행,2025-05-01T05:00:00,,평일
8호선,2805,별내,804,,20250619,8호선,2827,모란,827,N,8호선,8313,2825,신흥,825,N,22:11:00,22:11:20,,8304,상행,2025-05-01T05:00:00,,평일
8호선,2805,별내,804,,20250619,8호선,2827,모란,827,N,8호선,8313,2824,단대오거리,824,N,22:12:30,22:13:00,,8304,상행,2025-05-01T05:00:00,,평일
8호선,2805,별내,804,,20250619,8호선,2827,모란,827,N,8호선,8313,2823,남한산성입구,823,N,22:14:10,22:14:40,,8304,상행,2025-05-01T05:00:00,,평일
8호선,2805,별내,804,,20250619,8호선,2827,모란,827,N,8호선,8313,2822,산성,822,N,22:16:50,22:17:20,,8304,상행,2025-05-01T05:00:00,,평일
8호선,2805,별내,804,,20250619,8호선,2827,모란,827,N,8호선,8313,2828,남위례,821,N,22:19:00,22:19:30,,8304,상행,2025-05-01T05:00:00,,평일
8호선,2805,별내,804,,20250619,8호선,2827,모란,827,N,8호선,8313,2821,복정,820,N,22:21:20,22:21:50,,8304,상행,2025-05-01T05:00:00,,평일
8호선,2805,별내,804,,20250619,8호선,2827,모란,827,N,8호선,8313,2820,장지,819,N,22:23:00,22:23:30,,8304,상행,2025-05-01T05:00:00,,평일
8호선,2805,별내,804,,20250619,8호선,2827,모란,827,N,8호선,8313,2819,문정,818,N,22:24:40,22:25:20,,8304,상행,2025-05-01T05:00:00,,평일
8호선,2805,별내,804,,20250619,8호선,2827,모란,827,N,8호선,8313,2818,가락시장,817,N,22:26:30,22:27:10,,8304,상행,2025-05-01T05:00:00,,평일
8호선,2805,별내,804,,20250619,8호선,2827,모란,827,N,8호선,8313,2817,송파,816,N,22:28:20,22:28:50,,8304,상행,2025-05-01T05:00:00,,평일
8호선,2805,별내,804,,20250619,8호선,2827,모란,827,N,8호선,8313,2816,석촌,815,N,22:30:00,22:30:30,,8304,상행,2025-05-01T05:00:00,,평일
8호선,2805,별내,804,,20250619,8호선,2827,모란,827,N,8호선,8313,2815,잠실,814,N,22:32:20,22:33:00,,8304,상행,2025-05-01T05:00:00,,평일
8호선,2805,별내,804,,20250619,8호선,2827,모란,827,N,8호선,8313,2814,몽촌토성,813,N,22:34:10,22:34:40,,8304,상행,2025-05-01T05:00:00,,평일
8호선,2805,별내,804,,20250619,8호선,2827,모란,827,N,8호선,8313,2813,강동구청,812,N,22:36:40,22:37:10,,8304,상행,2025-05-01T05:00:00,,평일
8호선,2805,별내,804,,20250619,8호선,2827,모란,827,N,8호선,8313,2812,천호,811,N,22:38:30,22:39:10,,8304,상행,2025-05-01T05:00:00,,평일
8호선,2805,별내,804,,20250619,8호선,2827,모란,827,N,8호선,8313,2811,암사,810,N,22:40:40,22:41:10,,8304,상행,2025-05-01T05:00:00,,평일
8호선,2805,별내,804,,20250619,8호선,2827,모란,827,N,8호선,8313,2810,암사역사공원,809,N,22:43:10,22:43:40,,8304,상행,2025-05-01T05:00:00,,평일
8호선,2805,별내,804,,20250619,8호선,2827,모란,827,N,8호선,8313,2809,장자호수공원,808,N,22:47:20,22:47:50,,8304,상행,2025-05-01T05:00:00,,평일
8호선,2805,별내,804,,20250619,8호선,2827,모란,827,N,8호선,8313,2808,구리,807,N,22:50:00,22:50:40,,8304,상행,2025-05-01T05:00:00,,평일
8호선,2805,별내,804,,20250619,8호선,2827,모란,827,N,8호선,8313,2807,동구릉,806,N,22:52:00,22:52:30,,8304,상행,2025-05-01T05:00:00,,평일
8호선,2805,별내,804,,20250619,8호선,2827,모란,827,N,8호선,8313,2806,다산,805,N,22:54:50,22:55:20,,8304,상행,2025-05-01T05:00:00,,평일
8호선,2805,별내,804,,20250619,8호선,2827,모란,827,N,8호선,8313,2805,별내,804,N,22:58:30,,,8304,상행,2025-05-01T05:00:00,,평일
8호선,2805,별내,804,,20250619,8호선,2827,모란,827,N,8호선,8315,2827,모란,827,N,,22:21:30,,8306,상행,2025-05-01T05:00:00,,평일
8호선,2805,별내,804,,20250619,8호선,2827,모란,827,N,8호선,8315,2826,수진,826,N,22:23:00,22:23:20,,8306,상행,2025-05-01T05:00:00,,평일
8호선,2805,별내,804,,20250619,8호선,2827,모란,827,N,8호선,8315,2825,신흥,825,N,22:24:30,22:24:50,,8306,상행,2025-05-01T05:00:00,,평일
8호선,2805,별내,804,,20250619,8호선,2827,모란,827,N,8호선,8315,2824,단대오거리,824,N,22:26:00,22:26:30,,8306,상행,2025-05-01T05:00:00,,평일
8호선,2805,별내,804,,20250619,8호선,2827,모란,827,N,8호선,8315,2823,남한산성입구,823,N,22:27:40,22:28:10,,8306,상행,2025-05-01T05:00:00,,평일
8호선,2805,별내,804,,20250619,8호선,2827,모란,827,N,8호선,8315,2822,산성,822,N,22:30:20,22:30:50,,8306,상행,2025-05-01T05:00:00,,평일
8호선,2805,별내,804,,20250619,8호선,2827,모란,827,N,8호선,8315,2828,남위례,821,N,22:32:30,22:33:00,,8306,상행,2025-05-01T05:00:00,,평일
8호선,2805,별내,804,,20250619,8호선,2827,모란,827,N,8호선,8315,2821,복정,820,N,22:34:50,22:35:20,,8306,상행,2025-05-01T05:00:00,,평일
8호선,2805,별내,804,,20250619,8호선,2827,모란,827,N,8호선,8315,2820,장지,819,N,22:36:30,22:37:00,,8306,상행,2025-05-01T05:00:00,,평일
8호선,2805,별내,804,,20250619,8호선,2827,모란,827,N,8호선,8315,2819,문정,818,N,22:38:10,22:38:50,,8306,상행,2025-05-01T05:00:00,,평일
8호선,2805,별내,804,,20250619,8호선,2827,모란,827,N,8호선,8315,2818,가락시장,817,N,22:40:00,22:40:40,,8306,상행,2025-05-01T05:00:00,,평일
8호선,2805,별내,804,,20250619,8호선,2827,모란,827,N,8호선,8315,2817,송파,816,N,22:41:50,22:42:20,,8306,상행,2025-05-01T05:00:00,,평일
8호선,2805,별내,804,,20250619,8호선,2827,모란,827,N,8호선,8315,2816,석촌,815,N,22:43:30,22:44:00,,8306,상행,2025-05-01T05:00:00,,평일
8호선,2805,별내,804,,20250619,8호선,2827,모란,827,N,8호선,8315,2815,잠실,814,N,22:45:50,22:46:30,,8306,상행,2025-05-01T05:00:00,,평일
8호선,2805,별내,804,,20250619,8호선,2827,모란,827,N,8호선,8315,2814,몽촌토성,813,N,22:47:40,22:48:10,,8306,상행,2025-05-01T05:00:00,,평일
8호선,2805,별내,804,,20250619,8호선,2827,모란,827,N,8호선,8315,2813,강동구청,812,N,22:50:10,22:50:40,,8306,상행,2025-05-01T05:00:00,,평일
8호선,2805,별내,804,,20250619,8호선,2827,모란,827,N,8호선,8315,2812,천호,811,N,22:52:00,22:52:40,,8306,상행,2025-05-01T05:00:00,,평일
8호선,2805,별내,804,,20250619,8호선,2827,모란,827,N,8호선,8315,2811,암사,810,N,22:54:10,22:54:40,,8306,상행,2025-05-01T05:00:00,,평일
8호선,2805,별내,804,,20250619,8호선,2827,모란,827,N,8호선,8315,2810,암사역사공원,809,N,22:56:40,22:57:10,,8306,상행,2025-05-01T05:00:00,,평일
8호선,2805,별내,804,,20250619,8호선,2827,모란,827,N,8호선,8315,2809,장자호수공원,808,N,23:00:50,23:01:20,,8306,상행,2025-05-01T05:00:00,,평일
8호선,2805,별내,804,,20250619,8호선,2827,모란,827,N,8호선,8315,2808,구리,807,N,23:03:30,23:04:10,,8306,상행,2025-05-01T05:00:00,,평일
8호선,2805,별내,804,,20250619,8호선,2827,모란,827,N,8호선,8315,2807,동구릉,806,N,23:05:30,23:06:00,,8306,상행,2025-05-01T05:00:00,,평일
8호선,2805,별내,804,,20250619,8호선,2827,모란,827,N,8호선,8315,2806,다산,805,N,23:08:20,23:08:50,,8306,상행,2025-05-01T05:00:00,,평일
8호선,2805,별내,804,,20250619,8호선,2827,모란,827,N,8호선,8315,2805,별내,804,N,23:12:00,,,8306,상행,2025-05-01T05:00:00,,평일
8호선,2805,별내,804,,20250619,8호선,2827,모란,827,N,8호선,주박,2827,모란,827,N,,22:35:00,,8308,상행,2025-05-01T05:00:00,,평일
8호선,2805,별내,804,,20250619,8호선,2827,모란,827,N,8호선,주박,2826,수진,826,N,22:36:30,22:36:50,,8308,상행,2025-05-01T05:00:00,,평일
8호선,2805,별내,804,,20250619,8호선,2827,모란,827,N,8호선,주박,2825,신흥,825,N,22:38:00,22:38:20,,8308,상행,2025-05-01T05:00:00,,평일
8호선,2805,별내,804,,20250619,8호선,2827,모란,827,N,8호선,주박,2824,단대오거리,824,N,22:39:30,22:40:00,,8308,상행,2025-05-01T05:00:00,,평일
8호선,2805,별내,804,,20250619,8호선,2827,모란,827,N,8호선,주박,2823,남한산성입구,823,N,22:41:10,22:41:40,,8308,상행,2025-05-01T05:00:00,,평일
8호선,2805,별내,804,,20250619,8호선,2827,모란,827,N,8호선,주박,2822,산성,822,N,22:43:50,22:44:20,,8308,상행,2025-05-01T05:00:00,,평일
8호선,2805,별내,804,,20250619,8호선,2827,모란,827,N,8호선,주박,2828,남위례,821,N,22:46:00,22:46:30,,8308,상행,2025-05-01T05:00:00,,평일
8호선,2805,별내,804,,20250619,8호선,2827,모란,827,N,8호선,주박,2821,복정,820,N,22:48:20,22:48:50,,8308,상행,2025-05-01T05:00:00,,평일
8호선,2805,별내,804,,20250619,8호선,2827,모란,827,N,8호선,주박,2820,장지,819,N,22:50:00,22:50:30,,8308,상행,2025-05-01T05:00:00,,평일
8호선,2805,별내,804,,20250619,8호선,2827,모란,827,N,8호선,주박,2819,문정,818,N,22:51:40,22:52:20,,8308,상행,2025-05-01T05:00:00,,평일
8호선,2805,별내,804,,20250619,8호선,2827,모란,827,N,8호선,주박,2818,가락시장,817,N,22:53:30,22:54:10,,8308,상행,2025-05-01T05:00:00,,평일
8호선,2805,별내,804,,20250619,8호선,2827,모란,827,N,8호선,주박,2817,송파,816,N,22:55:20,22:55:50,,8308,상행,2025-05-01T05:00:00,,평일
8호선,2805,별내,804,,20250619,8호선,2827,모란,827,N,8호선,주박,2816,석촌,815,N,22:57:00,22:57:30,,8308,상행,2025-05-01T05:00:00,,평일
8호선,2805,별내,804,,20250619,8호선,2827,모란,827,N,8호선,주박,2815,잠실,814,N,22:59:20,23:00:00,,8308,상행,2025-05-01T05:00:00,,평일
8호선,2805,별내,804,,20250619,8호선,2827,모란,827,N,8호선,주박,2814,몽촌토성,813,N,23:01:10,23:01:40,,8308,상행,2025-05-01T05:00:00,,평일
8호선,2805,별내,804,,20250619,8호선,2827,모란,827,N,8호선,주박,2813,강동구청,812,N,23:03:40,23:04:10,,8308,상행,2025-05-01T05:00:00,,평일
8호선,2805,별내,804,,20250619,8호선,2827,모란,827,N,8호선,주박,2812,천호,811,N,23:05:30,23:06:10,,8308,상행,2025-05-01T05:00:00,,평일
8호선,2805,별내,804,,20250619,8호선,2827,모란,827,N,8호선,주박,2811,암사,810,N,23:07:40,23:08:10,,8308,상행,2025-05-01T05:00:00,,평일
8호선,2805,별내,804,,20250619,8호선,2827,모란,827,N,8호선,주박,2810,암사역사공원,809,N,23:10:10,23:10:40,,8308,상행,2025-05-01T05:00:00,,평일
8호선,2805,별내,804,,20250619,8호선,2827,모란,827,N,8호선,주박,2809,장자호수공원,808,N,23:14:20,23:14:50,,8308,상행,2025-05-01T05:00:00,,평일
8호선,2805,별내,804,,20250619,8호선,2827,모란,827,N,8호선,주박,2808,구리,807,N,23:17:00,23:17:40,,8308,상행,2025-05-01T05:00:00,,평일
8호선,2805,별내,804,,20250619,8호선,2827,모란,827,N,8호선,주박,2807,동구릉,806,N,23:19:00,23:19:30,,8308,상행,2025-05-01T05:00:00,,평일
8호선,2805,별내,804,,20250619,8호선,2827,모란,827,N,8호선,주박,2806,다산,805,N,23:21:50,23:22:20,,8308,상행,2025-05-01T05:00:00,,평일
8호선,2805,별내,804,,20250619,8호선,2827,모란,827,N,8호선,주박,2805,별내,804,N,23:25:30,,,8308,상행,2025-05-01T05:00:00,,평일
8호선,2805,별내,804,,20250619,8호선,2827,모란,827,N,8호선,8317,2827,모란,827,N,,22:50:00,,8310,상행,2025-05-01T05:00:00,,평일
8호선,2805,별내,804,,20250619,8호선,2827,모란,827,N,8호선,8317,2826,수진,826,N,22:51:30,22:51:50,,8310,상행,2025-05-01T05:00:00,,평일
8호선,2805,별내,804,,20250619,8호선,2827,모란,827,N,8호선,8317,2825,신흥,825,N,22:53:00,22:53:20,,8310,상행,2025-05-01T05:00:00,,평일
8호선,2805,별내,804,,20250619,8호선,2827,모란,827,N,8호선,8317,2824,단대오거리,824,N,22:54:30,22:55:00,,8310,상행,2025-05-01T05:00:00,,평일
8호선,2805,별내,804,,20250619,8호선,2827,모란,827,N,8호선,8317,2823,남한산성입구,823,N,22:56:10,22:56:40,,8310,상행,2025-05-01T05:00:00,,평일
8호선,2805,별내,804,,20250619,8호선,2827,모란,827,N,8호선,8317,2822,산성,822,N,22:58:50,22:59:20,,8310,상행,2025-05-01T05:00:00,,평일
8호선,2805,별내,804,,20250619,8호선,2827,모란,827,N,8호선,8317,2828,남위례,821,N,23:01:00,23:01:30,,8310,상행,2025-05-01T05:00:00,,평일
8호선,2805,별내,804,,20250619,8호선,2827,모란,827,N,8호선,8317,2821,복정,820,N,23:03:20,23:03:50,,8310,상행,2025-05-01T05:00:00,,평일
8호선,2805,별내,804,,20250619,8호선,2827,모란,827,N,8호선,8317,2820,장지,819,N,23:05:00,23:05:30,,8310,상행,2025-05-01T05:00:00,,평일
8호선,2805,별내,804,,20250619,8호선,2827,모란,827,N,8호선,8317,2819,문정,818,N,23:06:40,23:07:20,,8310,상행,2025-05-01T05:00:00,,평일
8호선,2805,별내,804,,20250619,8호선,2827,모란,827,N,8호선,8317,2818,가락시장,817,N,23:08:30,23:09:10,,8310,상행,2025-05-01T05:00:00,,평일
8호선,2805,별내,804,,20250619,8호선,2827,모란,827,N,8호선,8317,2817,송파,816,N,23:10:20,23:10:50,,8310,상행,2025-05-01T05:00:00,,평일
8호선,2805,별내,804,,20250619,8호선,2827,모란,827,N,8호선,8317,2816,석촌,815,N,23:12:00,23:12:30,,8310,상행,2025-05-01T05:00:00,,평일
8호선,2805,별내,804,,20250619,8호선,2827,모란,827,N,8호선,8317,2815,잠실,814,N,23:14:20,23:15:00,,8310,상행,2025-05-01T05:00:00,,평일
8호선,2805,별내,804,,20250619,8호선,2827,모란,827,N,8호선,8317,2814,몽촌토성,813,N,23:16:10,23:16:40,,8310,상행,2025-05-01T05:00:00,,평일
8호선,2805,별내,804,,20250619,8호선,2827,모란,827,N,8호선,8317,2813,강동구청,812,N,23:18:40,23:19:10,,8310,상행,2025-05-01T05:00:00,,평일
8호선,2805,별내,804,,20250619,8호선,2827,모란,827,N,8호선,8317,2812,천호,811,N,23:20:30,23:21:10,,8310,상행,2025-05-01T05:00:00,,평일
8호선,2805,별내,804,,20250619,8호선,2827,모란,827,N,8호선,8317,2811,암사,810,N,23:22:40,23:23:10,,8310,상행,2025-05-01T05:00:00,,평일
8호선,2805,별내,804,,20250619,8호선,2827,모란,827,N,8호선,8317,2810,암사역사공원,809,N,23:25:10,23:25:40,,8310,상행,2025-05-01T05:00:00,,평일
8호선,2805,별내,804,,20250619,8호선,2827,모란,827,N,8호선,8317,2809,장자호수공원,808,N,23:29:20,23:29:50,,8310,상행,2025-05-01T05:00:00,,평일
8호선,2805,별내,804,,20250619,8호선,2827,모란,827,N,8호선,8317,2808,구리,807,N,23:32:00,23:32:40,,8310,상행,2025-05-01T05:00:00,,평일
8호선,2805,별내,804,,20250619,8호선,2827,모란,827,N,8호선,8317,2807,동구릉,806,N,23:34:00,23:34:30,,8310,상행,2025-05-01T05:00:00,,평일
8호선,2805,별내,804,,20250619,8호선,2827,모란,827,N,8호선,8317,2806,다산,805,N,23:36:50,23:37:20,,8310,상행,2025-05-01T05:00:00,,평일
8호선,2805,별내,804,,20250619,8호선,2827,모란,827,N,8호선,8317,2805,별내,804,N,23:40:30,,,8310,상행,2025-05-01T05:00:00,,평일
8호선,2805,별내,804,,20250619,8호선,2827,모란,827,N,8호선,8319,2827,모란,827,N,,23:05:00,,8312,상행,2025-05-01T05:00:00,,평일
8호선,2805,별내,804,,20250619,8호선,2827,모란,827,N,8호선,8319,2826,수진,826,N,23:06:30,23:06:50,,8312,상행,2025-05-01T05:00:00,,평일
8호선,2805,별내,804,,20250619,8호선,2827,모란,827,N,8호선,8319,2825,신흥,825,N,23:08:00,23:08:20,,8312,상행,2025-05-01T05:00:00,,평일
8호선,2805,별내,804,,20250619,8호선,2827,모란,827,N,8호선,8319,2824,단대오거리,824,N,23:09:30,23:10:00,,8312,상행,2025-05-01T05:00:00,,평일
8호선,2805,별내,804,,20250619,8호선,2827,모란,827,N,8호선,8319,2823,남한산성입구,823,N,23:11:10,23:11:40,,8312,상행,2025-05-01T05:00:00,,평일
8호선,2805,별내,804,,20250619,8호선,2827,모란,827,N,8호선,8319,2822,산성,822,N,23:13:50,23:14:20,,8312,상행,2025-05-01T05:00:00,,평일
8호선,2805,별내,804,,20250619,8호선,2827,모란,827,N,8호선,8319,2828,남위례,821,N,23:16:00,23:16:30,,8312,상행,2025-05-01T05:00:00,,평일
8호선,2805,별내,804,,20250619,8호선,2827,모란,827,N,8호선,8319,2821,복정,820,N,23:18:20,23:18:50,,8312,상행,2025-05-01T05:00:00,,평일
8호선,2805,별내,804,,20250619,8호선,2827,모란,827,N,8호선,8319,2820,장지,819,N,23:20:00,23:20:30,,8312,상행,2025-05-01T05:00:00,,평일
8호선,2805,별내,804,,20250619,8호선,2827,모란,827,N,8호선,8319,2819,문정,818,N,23:21:40,23:22:20,,8312,상행,2025-05-01T05:00:00,,평일
8호선,2805,별내,804,,20250619,8호선,2827,모란,827,N,8호선,8319,2818,가락시장,817,N,23:23:30,23:24:10,,8312,상행,2025-05-01T05:00:00,,평일
8호선,2805,별내,804,,20250619,8호선,2827,모란,827,N,8호선,8319,2817,송파,816,N,23:25:20,23:25:50,,8312,상행,2025-05-01T05:00:00,,평일
8호선,2805,별내,804,,20250619,8호선,2827,모란,827,N,8호선,8319,2816,석촌,815,N,23:27:00,23:27:30,,8312,상행,2025-05-01T05:00:00,,평일
8호선,2805,별내,804,,20250619,8호선,2827,모란,827,N,8호선,8319,2815,잠실,814,N,23:29:20,23:30:00,,8312,상행,2025-05-01T05:00:00,,평일
8호선,2805,별내,804,,20250619,8호선,2827,모란,827,N,8호선,8319,2814,몽촌토성,813,N,23:31:10,23:31:40,,8312,상행,2025-05-01T05:00:00,,평일
8호선,2805,별내,804,,20250619,8호선,2827,모란,827,N,8호선,8319,2813,강동구청,812,N,23:33:40,23:34:10,,8312,상행,2025-05-01T05:00:00,,평일
8호선,2805,별내,804,,20250619,8호선,2827,모란,827,N,8호선,8319,2812,천호,811,N,23:35:30,23:36:10,,8312,상행,2025-05-01T05:00:00,,평일
8호선,2805,별내,804,,20250619,8호선,2827,모란,827,N,8호선,8319,2811,암사,810,N,23:37:40,23:38:10,,8312,상행,2025-05-01T05:00:00,,평일
8호선,2805,별내,804,,20250619,8호선,2827,모란,827,N,8호선,8319,2810,암사역사공원,809,N,23:40:10,23:40:40,,8312,상행,2025-05-01T05:00:00,,평일
8호선,2805,별내,804,,20250619,8호선,2827,모란,827,N,8호선,8319,2809,장자호수공원,808,N,23:44:20,23:44:50,,8312,상행,2025-05-01T05:00:00,,평일
8호선,2805,별내,804,,20250619,8호선,2827,모란,827,N,8호선,8319,2808,구리,807,N,23:47:00,23:47:40,,8312,상행,2025-05-01T05:00:00,,평일
8호선,2805,별내,804,,20250619,8호선,2827,모란,827,N,8호선,8319,2807,동구릉,806,N,23:49:00,23:49:30,,8312,상행,2025-05-01T05:00:00,,평일
8호선,2805,별내,804,,20250619,8호선,2827,모란,827,N,8호선,8319,2806,다산,805,N,23:51:50,23:52:20,,8312,상행,2025-05-01T05:00:00,,평일
8호선,2805,별내,804,,20250619,8호선,2827,모란,827,N,8호선,8319,2805,별내,804,N,23:55:30,,,8312,상행,2025-05-01T05:00:00,,평일
8호선,2805,별내,804,,20250619,8호선,2827,모란,827,N,8호선,8321,2827,모란,827,N,,23:20:00,,8314,상행,2025-05-01T05:00:00,,평일
8호선,2805,별내,804,,20250619,8호선,2827,모란,827,N,8호선,8321,2826,수진,826,N,23:21:30,23:21:50,,8314,상행,2025-05-01T05:00:00,,평일
8호선,2805,별내,804,,20250619,8호선,2827,모란,827,N,8호선,8321,2825,신흥,825,N,23:23:00,23:23:20,,8314,상행,2025-05-01T05:00:00,,평일
8호선,2805,별내,804,,20250619,8호선,2827,모란,827,N,8호선,8321,2824,단대오거리,824,N,23:24:30,23:25:00,,8314,상행,2025-05-01T05:00:00,,평일
8호선,2805,별내,804,,20250619,8호선,2827,모란,827,N,8호선,8321,2823,남한산성입구,823,N,23:26:10,23:26:40,,8314,상행,2025-05-01T05:00:00,,평일
8호선,2805,별내,804,,20250619,8호선,2827,모란,827,N,8호선,8321,2822,산성,822,N,23:28:50,23:29:20,,8314,상행,2025-05-01T05:00:00,,평일
8호선,2805,별내,804,,20250619,8호선,2827,모란,827,N,8호선,8321,2828,남위례,821,N,23:31:00,23:31:30,,8314,상행,2025-05-01T05:00:00,,평일
8호선,2805,별내,804,,20250619,8호선,2827,모란,827,N,8호선,8321,2821,복정,820,N,23:33:20,23:33:50,,8314,상행,2025-05-01T05:00:00,,평일
8호선,2805,별내,804,,20250619,8호선,2827,모란,827,N,8호선,8321,2820,장지,819,N,23:35:00,23:35:30,,8314,상행,2025-05-01T05:00:00,,평일
8호선,2805,별내,804,,20250619,8호선,2827,모란,827,N,8호선,8321,2819,문정,818,N,23:36:40,23:37:20,,8314,상행,2025-05-01T05:00:00,,평일
8호선,2805,별내,804,,20250619,8호선,2827,모란,827,N,8호선,8321,2818,가락시장,817,N,23:38:30,23:39:10,,8314,상행,2025-05-01T05:00:00,,평일
8호선,2805,별내,804,,20250619,8호선,2827,모란,827,N,8호선,8321,2817,송파,816,N,23:40:20,23:40:50,,8314,상행,2025-05-01T05:00:00,,평일
8호선,2805,별내,804,,20250619,8호선,2827,모란,827,N,8호선,8321,2816,석촌,815,N,23:42:00,23:42:30,,8314,상행,2025-05-01T05:00:00,,평일
8호선,2805,별내,804,,20250619,8호선,2827,모란,827,N,8호선,8321,2815,잠실,814,N,23:44:20,23:45:00,,8314,상행,2025-05-01T05:00:00,,평일
8호선,2805,별내,804,,20250619,8호선,2827,모란,827,N,8호선,8321,2814,몽촌토성,813,N,23:46:10,23:46:40,,8314,상행,2025-05-01T05:00:00,,평일
8호선,2805,별내,804,,20250619,8호선,2827,모란,827,N,8호선,8321,2813,강동구청,812,N,23:48:40,23:49:10,,8314,상행,2025-05-01T05:00:00,,평일
8호선,2805,별내,804,,20250619,8호선,2827,모란,827,N,8호선,8321,2812,천호,811,N,23:50:30,23:51:10,,8314,상행,2025-05-01T05:00:00,,평일
8호선,2805,별내,804,,20250619,8호선,2827,모란,827,N,8호선,8321,2811,암사,810,N,23:52:40,23:53:10,,8314,상행,2025-05-01T05:00:00,,평일
8호선,2805,별내,804,,20250619,8호선,2827,모란,827,N,8호선,8321,2810,암사역사공원,809,N,23:55:10,23:55:40,,8314,상행,2025-05-01T05:00:00,,평일
8호선,2805,별내,804,,20250619,8호선,2827,모란,827,N,8호선,8321,2809,장자호수공원,808,N,23:59:20,23:59:50,,8314,상행,2025-05-01T05:00:00,,평일
8호선,2805,별내,804,,20250619,8호선,2827,모란,827,N,8호선,8321,2808,구리,807,N,24:02:00,24:02:40,,8314,상행,2025-05-01T05:00:00,,평일
8호선,2805,별내,804,,20250619,8호선,2827,모란,827,N,8호선,8321,2807,동구릉,806,N,24:04:00,24:04:30,,8314,상행,2025-05-01T05:00:00,,평일
8호선,2805,별내,804,,20250619,8호선,2827,모란,827,N,8호선,8321,2806,다산,805,N,24:06:50,24:07:20,,8314,상행,2025-05-01T05:00:00,,평일
8호선,2805,별내,804,,20250619,8호선,2827,모란,827,N,8호선,8321,2805,별내,804,N,24:10:30,,,8314,상행,2025-05-01T05:00:00,,평일
8호선,2805,별내,804,,20250619,8호선,2827,모란,827,N,8호선,8323,2827,모란,827,N,,23:35:00,,8316,상행,2025-05-01T05:00:00,,평일
8호선,2805,별내,804,,20250619,8호선,2827,모란,827,N,8호선,8323,2826,수진,826,N,23:36:30,23:36:50,,8316,상행,2025-05-01T05:00:00,,평일
8호선,2805,별내,804,,20250619,8호선,2827,모란,827,N,8호선,8323,2825,신흥,825,N,23:38:00,23:38:20,,8316,상행,2025-05-01T05:00:00,,평일
8호선,2805,별내,804,,20250619,8호선,2827,모란,827,N,8호선,8323,2824,단대오거리,824,N,23:39:30,23:40:00,,8316,상행,2025-05-01T05:00:00,,평일
8호선,2805,별내,804,,20250619,8호선,2827,모란,827,N,8호선,8323,2823,남한산성입구,823,N,23:41:10,23:41:40,,8316,상행,2025-05-01T05:00:00,,평일
8호선,2805,별내,804,,20250619,8호선,2827,모란,827,N,8호선,8323,2822,산성,822,N,23:43:50,23:44:20,,8316,상행,2025-05-01T05:00:00,,평일
8호선,2805,별내,804,,20250619,8호선,2827,모란,827,N,8호선,8323,2828,남위례,821,N,23:46:00,23:46:30,,8316,상행,2025-05-01T05:00:00,,평일
8호선,2805,별내,804,,20250619,8호선,2827,모란,827,N,8호선,8323,2821,복정,820,N,23:48:20,23:48:50,,8316,상행,2025-05-01T05:00:00,,평일
8호선,2805,별내,804,,20250619,8호선,2827,모란,827,N,8호선,8323,2820,장지,819,N,23:50:00,23:50:30,,8316,상행,2025-05-01T05:00:00,,평일
8호선,2805,별내,804,,20250619,8호선,2827,모란,827,N,8호선,8323,2819,문정,818,N,23:51:40,23:52:20,,8316,상행,2025-05-01T05:00:00,,평일
8호선,2805,별내,804,,20250619,8호선,2827,모란,827,N,8호선,8323,2818,가락시장,817,N,23:53:30,23:54:10,,8316,상행,2025-05-01T05:00:00,,평일
8호선,2805,별내,804,,20250619,8호선,2827,모란,827,N,8호선,8323,2817,송파,816,N,23:55:20,23:55:50,,8316,상행,2025-05-01T05:00:00,,평일
8호선,2805,별내,804,,20250619,8호선,2827,모란,827,N,8호선,8323,2816,석촌,815,N,23:57:00,23:57:30,,8316,상행,2025-05-01T05:00:00,,평일
8호선,2805,별내,804,,20250619,8호선,2827,모란,827,N,8호선,8323,2815,잠실,814,N,23:59:20,23:59:50,,8316,상행,2025-05-01T05:00:00,,평일
8호선,2805,별내,804,,20250619,8호선,2827,모란,827,N,8호선,8323,2814,몽촌토성,813,N,24:01:10,24:01:40,,8316,상행,2025-05-01T05:00:00,,평일
8호선,2805,별내,804,,20250619,8호선,2827,모란,827,N,8호선,8323,2813,강동구청,812,N,24:03:40,24:04:10,,8316,상행,2025-05-01T05:00:00,,평일
8호선,2805,별내,804,,20250619,8호선,2827,모란,827,N,8호선,8323,2812,천호,811,N,24:05:30,24:06:10,,8316,상행,2025-05-01T05:00:00,,평일
8호선,2805,별내,804,,20250619,8호선,2827,모란,827,N,8호선,8323,2811,암사,810,N,24:07:40,24:08:10,,8316,상행,2025-05-01T05:00:00,,평일
8호선,2805,별내,804,,20250619,8호선,2827,모란,827,N,8호선,8323,2810,암사역사공원,809,N,24:10:10,24:10:40,,8316,상행,2025-05-01T05:00:00,,평일
8호선,2805,별내,804,,20250619,8호선,2827,모란,827,N,8호선,8323,2809,장자호수공원,808,N,24:14:20,24:14:50,,8316,상행,2025-05-01T05:00:00,,평일
8호선,2805,별내,804,,20250619,8호선,2827,모란,827,N,8호선,8323,2808,구리,807,N,24:17:00,24:17:40,,8316,상행,2025-05-01T05:00:00,,평일
8호선,2805,별내,804,,20250619,8호선,2827,모란,827,N,8호선,8323,2807,동구릉,806,N,24:19:00,24:19:30,,8316,상행,2025-05-01T05:00:00,,평일
8호선,2805,별내,804,,20250619,8호선,2827,모란,827,N,8호선,8323,2806,다산,805,N,24:21:50,24:22:20,,8316,상행,2025-05-01T05:00:00,,평일
8호선,2805,별내,804,,20250619,8호선,2827,모란,827,N,8호선,8323,2805,별내,804,N,24:25:30,,,8316,상행,2025-05-01T05:00:00,,평일
8호선,2805,별내,804,,20250619,8호선,2827,모란,827,N,8호선,8901,2827,모란,827,N,,23:52:00,,8318,상행,2025-05-01T05:00:00,,평일
8호선,2805,별내,804,,20250619,8호선,2827,모란,827,N,8호선,8901,2826,수진,826,N,23:53:30,23:53:50,,8318,상행,2025-05-01T05:00:00,,평일
8호선,2805,별내,804,,20250619,8호선,2827,모란,827,N,8호선,8901,2825,신흥,825,N,23:55:00,23:55:20,,8318,상행,2025-05-01T05:00:00,,평일
8호선,2805,별내,804,,20250619,8호선,2827,모란,827,N,8호선,8901,2824,단대오거리,824,N,23:56:30,23:57:00,,8318,상행,2025-05-01T05:00:00,,평일
8호선,2805,별내,804,,20250619,8호선,2827,모란,827,N,8호선,8901,2823,남한산성입구,823,N,23:58:10,23:58:40,,8318,상행,2025-05-01T05:00:00,,평일
8호선,2805,별내,804,,20250619,8호선,2827,모란,827,N,8호선,8901,2822,산성,822,N,24:00:50,24:01:20,,8318,상행,2025-05-01T05:00:00,,평일
8호선,2805,별내,804,,20250619,8호선,2827,모란,827,N,8호선,8901,2828,남위례,821,N,24:03:00,24:03:30,,8318,상행,2025-05-01T05:00:00,,평일
8호선,2805,별내,804,,20250619,8호선,2827,모란,827,N,8호선,8901,2821,복정,820,N,24:05:20,24:05:50,,8318,상행,2025-05-01T05:00:00,,평일
8호선,2805,별내,804,,20250619,8호선,2827,모란,827,N,8호선,8901,2820,장지,819,N,24:07:00,24:07:30,,8318,상행,2025-05-01T05:00:00,,평일
8호선,2805,별내,804,,20250619,8호선,2827,모란,827,N,8호선,8901,2819,문정,818,N,24:08:40,24:09:20,,8318,상행,2025-05-01T05:00:00,,평일
8호선,2805,별내,804,,20250619,8호선,2827,모란,827,N,8호선,8901,2818,가락시장,817,N,24:10:30,24:11:10,,8318,상행,2025-05-01T05:00:00,,평일
8호선,2805,별내,804,,20250619,8호선,2827,모란,827,N,8호선,8901,2817,송파,816,N,24:12:20,24:12:50,,8318,상행,2025-05-01T05:00:00,,평일
8호선,2805,별내,804,,20250619,8호선,2827,모란,827,N,8호선,8901,2816,석촌,815,N,24:14:00,24:14:30,,8318,상행,2025-05-01T05:00:00,,평일
8호선,2805,별내,804,,20250619,8호선,2827,모란,827,N,8호선,8901,2815,잠실,814,N,24:16:20,24:17:00,,8318,상행,2025-05-01T05:00:00,,평일
8호선,2805,별내,804,,20250619,8호선,2827,모란,827,N,8호선,8901,2814,몽촌토성,813,N,24:18:10,24:18:40,,8318,상행,2025-05-01T05:00:00,,평일
8호선,2805,별내,804,,20250619,8호선,2827,모란,827,N,8호선,8901,2813,강동구청,812,N,24:20:40,24:21:10,,8318,상행,2025-05-01T05:00:00,,평일
8호선,2805,별내,804,,20250619,8호선,2827,모란,827,N,8호선,8901,2812,천호,811,N,24:22:30,24:23:10,,8318,상행,2025-05-01T05:00:00,,평일
8호선,2805,별내,804,,20250619,8호선,2827,모란,827,N,8호선,8901,2811,암사,810,N,24:24:40,24:25:10,,8318,상행,2025-05-01T05:00:00,,평일
8호선,2805,별내,804,,20250619,8호선,2827,모란,827,N,8호선,8901,2810,암사역사공원,809,N,24:27:10,24:27:40,,8318,상행,2025-05-01T05:00:00,,평일
8호선,2805,별내,804,,20250619,8호선,2827,모란,827,N,8호선,8901,2809,장자호수공원,808,N,24:31:20,24:31:50,,8318,상행,2025-05-01T05:00:00,,평일
8호선,2805,별내,804,,20250619,8호선,2827,모란,827,N,8호선,8901,2808,구리,807,N,24:34:00,24:34:40,,8318,상행,2025-05-01T05:00:00,,평일
8호선,2805,별내,804,,20250619,8호선,2827,모란,827,N,8호선,8901,2807,동구릉,806,N,24:36:00,24:36:30,,8318,상행,2025-05-01T05:00:00,,평일
8호선,2805,별내,804,,20250619,8호선,2827,모란,827,N,8호선,8901,2806,다산,805,N,24:38:50,24:39:20,,8318,상행,2025-05-01T05:00:00,,평일
8호선,2805,별내,804,,20250619,8호선,2827,모란,827,N,8호선,8901,2805,별내,804,N,24:42:30,,,8318,상행,2025-05-01T05:00:00,,평일
8호선,2805,별내,804,,20250619,8호선,2827,모란,827,N,8호선,주박,2827,모란,827,N,,24:09:30,,8320,상행,2025-05-01T05:00:00,,평일
8호선,2805,별내,804,,20250619,8호선,2827,모란,827,N,8호선,주박,2826,수진,826,N,24:11:00,24:11:20,,8320,상행,2025-05-01T05:00:00,,평일
8호선,2805,별내,804,,20250619,8호선,2827,모란,827,N,8호선,주박,2825,신흥,825,N,24:12:30,24:12:50,,8320,상행,2025-05-01T05:00:00,,평일
8호선,2805,별내,804,,20250619,8호선,2827,모란,827,N,8호선,주박,2824,단대오거리,824,N,24:14:00,24:14:30,,8320,상행,2025-05-01T05:00:00,,평일
8호선,2805,별내,804,,20250619,8호선,2827,모란,827,N,8호선,주박,2823,남한산성입구,823,N,24:15:40,24:16:10,,8320,상행,2025-05-01T05:00:00,,평일
8호선,2805,별내,804,,20250619,8호선,2827,모란,827,N,8호선,주박,2822,산성,822,N,24:18:20,24:18:50,,8320,상행,2025-05-01T05:00:00,,평일
8호선,2805,별내,804,,20250619,8호선,2827,모란,827,N,8호선,주박,2828,남위례,821,N,24:20:30,24:21:00,,8320,상행,2025-05-01T05:00:00,,평일
8호선,2805,별내,804,,20250619,8호선,2827,모란,827,N,8호선,주박,2821,복정,820,N,24:22:50,24:23:20,,8320,상행,2025-05-01T05:00:00,,평일
8호선,2805,별내,804,,20250619,8호선,2827,모란,827,N,8호선,주박,2820,장지,819,N,24:24:30,24:25:00,,8320,상행,2025-05-01T05:00:00,,평일
8호선,2805,별내,804,,20250619,8호선,2827,모란,827,N,8호선,주박,2819,문정,818,N,24:26:10,24:26:50,,8320,상행,2025-05-01T05:00:00,,평일
8호선,2805,별내,804,,20250619,8호선,2827,모란,827,N,8호선,주박,2818,가락시장,817,N,24:28:00,24:28:40,,8320,상행,2025-05-01T05:00:00,,평일
8호선,2805,별내,804,,20250619,8호선,2827,모란,827,N,8호선,주박,2817,송파,816,N,24:29:50,24:30:20,,8320,상행,2025-05-01T05:00:00,,평일
8호선,2805,별내,804,,20250619,8호선,2827,모란,827,N,8호선,주박,2816,석촌,815,N,24:31:30,24:32:00,,8320,상행,2025-05-01T05:00:00,,평일
8호선,2805,별내,804,,20250619,8호선,2827,모란,827,N,8호선,주박,2815,잠실,814,N,24:33:50,24:34:30,,8320,상행,2025-05-01T05:00:00,,평일
8호선,2805,별내,804,,20250619,8호선,2827,모란,827,N,8호선,주박,2814,몽촌토성,813,N,24:35:40,24:36:10,,8320,상행,2025-05-01T05:00:00,,평일
8호선,2805,별내,804,,20250619,8호선,2827,모란,827,N,8호선,주박,2813,강동구청,812,N,24:38:10,24:38:40,,8320,상행,2025-05-01T05:00:00,,평일
8호선,2805,별내,804,,20250619,8호선,2827,모란,827,N,8호선,주박,2812,천호,811,N,24:40:00,24:40:40,,8320,상행,2025-05-01T05:00:00,,평일
8호선,2805,별내,804,,20250619,8호선,2827,모란,827,N,8호선,주박,2811,암사,810,N,24:42:10,24:42:40,,8320,상행,2025-05-01T05:00:00,,평일
8호선,2805,별내,804,,20250619,8호선,2827,모란,827,N,8호선,주박,2810,암사역사공원,809,N,24:44:40,24:45:10,,8320,상행,2025-05-01T05:00:00,,평일
8호선,2805,별내,804,,20250619,8호선,2827,모란,827,N,8호선,주박,2809,장자호수공원,808,N,24:48:50,24:49:20,,8320,상행,2025-05-01T05:00:00,,평일
8호선,2805,별내,804,,20250619,8호선,2827,모란,827,N,8호선,주박,2808,구리,807,N,24:51:30,24:52:10,,8320,상행,2025-05-01T05:00:00,,평일
8호선,2805,별내,804,,20250619,8호선,2827,모란,827,N,8호선,주박,2807,동구릉,806,N,24:53:30,24:54:00,,8320,상행,2025-05-01T05:00:00,,평일
8호선,2805,별내,804,,20250619,8호선,2827,모란,827,N,8호선,주박,2806,다산,805,N,24:56:20,24:56:50,,8320,상행,2025-05-01T05:00:00,,평일
8호선,2805,별내,804,,20250619,8호선,2827,모란,827,N,8호선,주박,2805,별내,804,N,25:00:00,,,8320,상행,2025-05-01T05:00:00,,평일
8호선,2811,암사,810,,20250619,8호선,2827,모란,827,N,8호선,주박,2827,모란,827,N,,24:22:00,,8322,상행,2025-05-01T05:00:00,,평일
8호선,2811,암사,810,,20250619,8호선,2827,모란,827,N,8호선,주박,2826,수진,826,N,24:23:30,24:23:50,,8322,상행,2025-05-01T05:00:00,,평일
8호선,2811,암사,810,,20250619,8호선,2827,모란,827,N,8호선,주박,2825,신흥,825,N,24:25:00,24:25:20,,8322,상행,2025-05-01T05:00:00,,평일
8호선,2811,암사,810,,20250619,8호선,2827,모란,827,N,8호선,주박,2824,단대오거리,824,N,24:26:30,24:27:00,,8322,상행,2025-05-01T05:00:00,,평일
8호선,2811,암사,810,,20250619,8호선,2827,모란,827,N,8호선,주박,2823,남한산성입구,823,N,24:28:10,24:28:40,,8322,상행,2025-05-01T05:00:00,,평일
8호선,2811,암사,810,,20250619,8호선,2827,모란,827,N,8호선,주박,2822,산성,822,N,24:30:50,24:31:20,,8322,상행,2025-05-01T05:00:00,,평일
8호선,2811,암사,810,,20250619,8호선,2827,모란,827,N,8호선,주박,2828,남위례,821,N,24:33:00,24:33:30,,8322,상행,2025-05-01T05:00:00,,평일
8호선,2811,암사,810,,20250619,8호선,2827,모란,827,N,8호선,주박,2821,복정,820,N,24:35:20,24:35:50,,8322,상행,2025-05-01T05:00:00,,평일
8호선,2811,암사,810,,20250619,8호선,2827,모란,827,N,8호선,주박,2820,장지,819,N,24:37:00,24:37:30,,8322,상행,2025-05-01T05:00:00,,평일
8호선,2811,암사,810,,20250619,8호선,2827,모란,827,N,8호선,주박,2819,문정,818,N,24:38:40,24:39:20,,8322,상행,2025-05-01T05:00:00,,평일
8호선,2811,암사,810,,20250619,8호선,2827,모란,827,N,8호선,주박,2818,가락시장,817,N,24:40:30,24:41:10,,8322,상행,2025-05-01T05:00:00,,평일
8호선,2811,암사,810,,20250619,8호선,2827,모란,827,N,8호선,주박,2817,송파,816,N,24:42:20,24:42:50,,8322,상행,2025-05-01T05:00:00,,평일
8호선,2811,암사,810,,20250619,8호선,2827,모란,827,N,8호선,주박,2816,석촌,815,N,24:44:00,24:44:30,,8322,상행,2025-05-01T05:00:00,,평일
8호선,2811,암사,810,,20250619,8호선,2827,모란,827,N,8호선,주박,2815,잠실,814,N,24:46:20,24:47:00,,8322,상행,2025-05-01T05:00:00,,평일
8호선,2811,암사,810,,20250619,8호선,2827,모란,827,N,8호선,주박,2814,몽촌토성,813,N,24:48:10,24:48:40,,8322,상행,2025-05-01T05:00:00,,평일
8호선,2811,암사,810,,20250619,8호선,2827,모란,827,N,8호선,주박,2813,강동구청,812,N,24:50:40,24:51:10,,8322,상행,2025-05-01T05:00:00,,평일
8호선,2811,암사,810,,20250619,8호선,2827,모란,827,N,8호선,주박,2812,천호,811,N,24:52:30,24:53:10,,8322,상행,2025-05-01T05:00:00,,평일
8호선,2811,암사,810,,20250619,8호선,2827,모란,827,N,8호선,주박,2811,암사,810,N,24:54:40,,,8322,상행,2025-05-01T05:00:00,,평일
8호선,2815,잠실,814,,20250619,8호선,2827,모란,827,N,8호선,주박,2827,모란,827,N,,24:35:30,,8324,상행,2025-05-01T05:00:00,,평일
8호선,2815,잠실,814,,20250619,8호선,2827,모란,827,N,8호선,주박,2826,수진,826,N,24:37:00,24:37:20,,8324,상행,2025-05-01T05:00:00,,평일
8호선,2815,잠실,814,,20250619,8호선,2827,모란,827,N,8호선,주박,2825,신흥,825,N,24:38:30,24:38:50,,8324,상행,2025-05-01T05:00:00,,평일
8호선,2815,잠실,814,,20250619,8호선,2827,모란,827,N,8호선,주박,2824,단대오거리,824,N,24:40:00,24:40:30,,8324,상행,2025-05-01T05:00:00,,평일
8호선,2815,잠실,814,,20250619,8호선,2827,모란,827,N,8호선,주박,2823,남한산성입구,823,N,24:41:40,24:42:10,,8324,상행,2025-05-01T05:00:00,,평일
8호선,2815,잠실,814,,20250619,8호선,2827,모란,827,N,8호선,주박,2822,산성,822,N,24:44:20,24:44:50,,8324,상행,2025-05-01T05:00:00,,평일
8호선,2815,잠실,814,,20250619,8호선,2827,모란,827,N,8호선,주박,2828,남위례,821,N,24:46:30,24:47:00,,8324,상행,2025-05-01T05:00:00,,평일
8호선,2815,잠실,814,,20250619,8호선,2827,모란,827,N,8호선,주박,2821,복정,820,N,24:48:50,24:49:20,,8324,상행,2025-05-01T05:00:00,,평일
8호선,2815,잠실,814,,20250619,8호선,2827,모란,827,N,8호선,주박,2820,장지,819,N,24:50:30,24:51:00,,8324,상행,2025-05-01T05:00:00,,평일
8호선,2815,잠실,814,,20250619,8호선,2827,모란,827,N,8호선,주박,2819,문정,818,N,24:52:10,24:52:50,,8324,상행,2025-05-01T05:00:00,,평일
8호선,2815,잠실,814,,20250619,8호선,2827,모란,827,N,8호선,주박,2818,가락시장,817,N,24:54:00,24:54:40,,8324,상행,2025-05-01T05:00:00,,평일
8호선,2815,잠실,814,,20250619,8호선,2827,모란,827,N,8호선,주박,2817,송파,816,N,24:55:50,24:56:20,,8324,상행,2025-05-01T05:00:00,,평일
8호선,2815,잠실,814,,20250619,8호선,2827,모란,827,N,8호선,주박,2816,석촌,815,N,24:57:30,24:58:00,,8324,상행,2025-05-01T05:00:00,,평일
8호선,2815,잠실,814,,20250619,8호선,2827,모란,827,N,8호선,주박,2815,잠실,814,N,24:59:50,,,8324,상행,2025-05-01T05:00:00,,평일
