arvlLineNm,arvlStnCd,arvlStnNm,arvlStnNo,brlnNm,crtrYmd,dptreLineNm,dptreStnCd,dptreStnNm,dptreStnNo,etrnYn,lineNm,lnkgTrainno,stnCd,stnNm,stnNo,tmprTmtblYn,trainArvlTm,trainDptreTm,trainKnd,trainno,upbdnbSe,vldBgngDt,vldEndDt,wkndSe
GTX-A,0011,동탄,X111,,20250812,GTX-A,0008,수서,X108,N,GTX-A,,0008,수서,X108,N,,05:45:00,,X0001,하행,2025-05-01T05:00:00,,평일
GTX-A,0011,동탄,X111,,20250812,GTX-A,0008,수서,X108,N,GTX-A,,0009,성남,X109,N,05:51:30,05:52:00,,X0001,하행,2025-05-01T05:00:00,,평일
GTX-A,0011,동탄,X111,,20250812,GTX-A,0008,수서,X108,N,GTX-A,,0010,구성,X110,N,05:59:00,05:59:30,,X0001,하행,2025-05-01T05:00:00,,평일
GTX-A,0011,동탄,X111,,20250812,GTX-A,0008,수서,X108,N,GTX-A,,0011,동탄,X111,N,06:06:00,,,X0001,하행,2025-05-01T05:00:00,,평일
GTX-A,0011,동탄,X111,,20250812,GTX-A,0008,수서,X108,N,GTX-A,,0008,수서,X108,N,,06:04:00,,X0003,하행,2025-05-01T05:00:00,,평일
GTX-A,0011,동탄,X111,,20250812,GTX-A,0008,수서,X108,N,GTX-A,,0009,성남,X109,N,06:10:30,06:11:00,,X0003,하행,2025-05-01T05:00:00,,평일
GTX-A,0011,동탄,X111,,20250812,GTX-A,0008,수서,X108,N,GTX-A,,0010,구성,X110,N,06:18:00,06:18:30,,X0003,하행,2025-05-01T05:00:00,,평일
GTX-A,0011,동탄,X111,,20250812,GTX-A,0008,수서,X108,N,GTX-A,,0011,동탄,X111,N,06:25:00,,,X0003,하행,2025-05-01T05:00:00,,평일
GTX-A,0011,동탄,X111,,20250812,GTX-A,0008,수서,X108,N,GTX-A,,0008,수서,X108,N,,06:13:00,,X0005,하행,2025-05-01T05:00:00,,평일
GTX-A,0011,동탄,X111,,20250812,GTX-A,0008,수서,X108,N,GTX-A,,0009,성남,X109,N,06:19:30,06:20:00,,X0005,하행,2025-05-01T05:00:00,,평일
GTX-A,0011,동탄,X111,,20250812,GTX-A,0008,수서,X108,N,GTX-A,,0010,구성,X110,N,06:27:00,06:27:30,,X0005,하행,2025-05-01T05:00:00,,평일
GTX-A,0011,동탄,X111,,20250812,GTX-A,0008,수서,X108,N,GTX-A,,0011,동탄,X111,N,06:34:00,,,X0005,하행,2025-05-01T05:00:00,,평일
GTX-A,0011,동탄,X111,,20250812,GTX-A,0008,수서,X108,N,GTX-A,,0008,수서,X108,N,,06:21:00,,X0007,하행,2025-05-01T05:00:00,,평일
GTX-A,0011,동탄,X111,,20250812,GTX-A,0008,수서,X108,N,GTX-A,,0009,성남,X109,N,06:27:30,06:28:00,,X0007,하행,2025-05-01T05:00:00,,평일
GTX-A,0011,동탄,X111,,20250812,GTX-A,0008,수서,X108,N,GTX-A,,0010,구성,X110,N,06:35:00,06:35:30,,X0007,하행,2025-05-01T05:00:00,,평일
GTX-A,0011,동탄,X111,,20250812,GTX-A,0008,수서,X108,N,GTX-A,,0011,동탄,X111,N,06:42:00,,,X0007,하행,2025-05-01T05:00:00,,평일
GTX-A,0011,동탄,X111,,20250812,GTX-A,0008,수서,X108,N,GTX-A,,0008,수서,X108,N,,06:44:00,,X0009,하행,2025-05-01T05:00:00,,평일
GTX-A,0011,동탄,X111,,20250812,GTX-A,0008,수서,X108,N,GTX-A,,0009,성남,X109,N,06:50:30,06:51:00,,X0009,하행,2025-05-01T05:00:00,,평일
GTX-A,0011,동탄,X111,,20250812,GTX-A,0008,수서,X108,N,GTX-A,,0010,구성,X110,N,06:58:00,06:58:30,,X0009,하행,2025-05-01T05:00:00,,평일
GTX-A,0011,동탄,X111,,20250812,GTX-A,0008,수서,X108,N,GTX-A,,0011,동탄,X111,N,07:05:00,,,X0009,하행,2025-05-01T05:00:00,,평일
GTX-A,0011,동탄,X111,,20250812,GTX-A,0008,수서,X108,N,GTX-A,,0008,수서,X108,N,,07:09:00,,X0011,하행,2025-05-01T05:00:00,,평일
GTX-A,0011,동탄,X111,,20250812,GTX-A,0008,수서,X108,N,GTX-A,,0009,성남,X109,N,07:15:30,07:16:00,,X0011,하행,2025-05-01T05:00:00,,평일
GTX-A,0011,동탄,X111,,20250812,GTX-A,0008,수서,X108,N,GTX-A,,0010,구성,X110,N,07:23:00,07:23:30,,X0011,하행,2025-05-01T05:00:00,,평일
GTX-A,0011,동탄,X111,,20250812,GTX-A,0008,수서,X108,N,GTX-A,,0011,동탄,X111,N,07:30:00,,,X0011,하행,2025-05-01T05:00:00,,평일
GTX-A,0011,동탄,X111,,20250812,GTX-A,0008,수서,X108,N,GTX-A,,0008,수서,X108,N,,07:29:00,,X0013,하행,2025-05-01T05:00:00,,평일
GTX-A,0011,동탄,X111,,20250812,GTX-A,0008,수서,X108,N,GTX-A,,0009,성남,X109,N,07:35:30,07:36:00,,X0013,하행,2025-05-01T05:00:00,,평일
GTX-A,0011,동탄,X111,,20250812,GTX-A,0008,수서,X108,N,GTX-A,,0010,구성,X110,N,07:43:00,07:43:30,,X0013,하행,2025-05-01T05:00:00,,평일
GTX-A,0011,동탄,X111,,20250812,GTX-A,0008,수서,X108,N,GTX-A,,0011,동탄,X111,N,07:50:00,,,X0013,하행,2025-05-01T05:00:00,,평일
GTX-A,0011,동탄,X111,,20250812,GTX-A,0008,수서,X108,N,GTX-A,,0008,수서,X108,N,,07:46:00,,X0015,하행,2025-05-01T05:00:00,,평일
GTX-A,0011,동탄,X111,,20250812,GTX-A,0008,수서,X108,N,GTX-A,,0009,성남,X109,N,07:52:30,07:53:00,,X0015,하행,2025-05-01T05:00:00,,평일
GTX-A,0011,동탄,X111,,20250812,GTX-A,0008,수서,X108,N,GTX-A,,0010,구성,X110,N,08:00:00,08:00:30,,X0015,하행,2025-05-01T05:00:00,,평일
GTX-A,0011,동탄,X111,,20250812,GTX-A,0008,수서,X108,N,GTX-A,,0011,동탄,X111,N,08:07:00,,,X0015,하행,2025-05-01T05:00:00,,평일
GTX-A,0011,동탄,X111,,20250812,GTX-A,0008,수서,X108,N,GTX-A,,0008,수서,X108,N,,08:09:00,,X0017,하행,2025-05-01T05:00:00,,평일
GTX-A,0011,동탄,X111,,20250812,GTX-A,0008,수서,X108,N,GTX-A,,0009,성남,X109,N,08:15:30,08:16:00,,X0017,하행,2025-05-01T05:00:00,,평일
GTX-A,0011,동탄,X111,,20250812,GTX-A,0008,수서,X108,N,GTX-A,,0010,구성,X110,N,08:23:00,08:23:30,,X0017,하행,2025-05-01T05:00:00,,평일
GTX-A,0011,동탄,X111,,20250812,GTX-A,0008,수서,X108,N,GTX-A,,0011,동탄,X111,N,08:30:00,,,X0017,하행,2025-05-01T05:00:00,,평일
GTX-A,0011,동탄,X111,,20250812,GTX-A,0008,수서,X108,N,GTX-A,,0008,수서,X108,N,,08:21:00,,X0019,하행,2025-05-01T05:00:00,,평일
GTX-A,0011,동탄,X111,,20250812,GTX-A,0008,수서,X108,N,GTX-A,,0009,성남,X109,N,08:27:30,08:28:00,,X0019,하행,2025-05-01T05:00:00,,평일
GTX-A,0011,동탄,X111,,20250812,GTX-A,0008,수서,X108,N,GTX-A,,0010,구성,X110,N,08:35:00,08:35:30,,X0019,하행,2025-05-01T05:00:00,,평일
GTX-A,0011,동탄,X111,,20250812,GTX-A,0008,수서,X108,N,GTX-A,,0011,동탄,X111,N,08:42:00,,,X0019,하행,2025-05-01T05:00:00,,평일
GTX-A,0011,동탄,X111,,20250812,GTX-A,0008,수서,X108,N,GTX-A,,0008,수서,X108,N,,08:35:00,,X0021,하행,2025-05-01T05:00:00,,평일
GTX-A,0011,동탄,X111,,20250812,GTX-A,0008,수서,X108,N,GTX-A,,0009,성남,X109,N,08:41:30,08:42:00,,X0021,하행,2025-05-01T05:00:00,,평일
GTX-A,0011,동탄,X111,,20250812,GTX-A,0008,수서,X108,N,GTX-A,,0010,구성,X110,N,08:49:00,08:49:30,,X0021,하행,2025-05-01T05:00:00,,평일
GTX-A,0011,동탄,X111,,20250812,GTX-A,0008,수서,X108,N,GTX-A,,0011,동탄,X111,N,08:56:00,,,X0021,하행,2025-05-01T05:00:00,,평일
GTX-A,0011,동탄,X111,,20250812,GTX-A,0008,수서,X108,N,GTX-A,,0008,수서,X108,N,,08:49:00,,X0023,하행,2025-05-01T05:00:00,,평일
GTX-A,0011,동탄,X111,,20250812,GTX-A,0008,수서,X108,N,GTX-A,,0009,성남,X109,N,08:55:30,08:56:00,,X0023,하행,2025-05-01T05:00:00,,평일
GTX-A,0011,동탄,X111,,20250812,GTX-A,0008,수서,X108,N,GTX-A,,0010,구성,X110,N,09:03:00,09:03:30,,X0023,하행,2025-05-01T05:00:00,,평일
GTX-A,0011,동탄,X111,,20250812,GTX-A,0008,수서,X108,N,GTX-A,,0011,동탄,X111,N,09:10:00,,,X0023,하행,2025-05-01T05:00:00,,평일
GTX-A,0011,동탄,X111,,20250812,GTX-A,0008,수서,X108,N,GTX-A,,0008,수서,X108,N,,09:10:00,,X0025,하행,2025-05-01T05:00:00,,평일
GTX-A,0011,동탄,X111,,20250812,GTX-A,0008,수서,X108,N,GTX-A,,0009,성남,X109,N,09:16:30,09:17:00,,X0025,하행,2025-05-01T05:00:00,,평일
GTX-A,0011,동탄,X111,,20250812,GTX-A,0008,수서,X108,N,GTX-A,,0010,구성,X110,N,09:24:00,09:24:30,,X0025,하행,2025-05-01T05:00:00,,평일
GTX-A,0011,동탄,X111,,20250812,GTX-A,0008,수서,X108,N,GTX-A,,0011,동탄,X111,N,09:31:00,,,X0025,하행,2025-05-01T05:00:00,,평일
GTX-A,0011,동탄,X111,,20250812,GTX-A,0008,수서,X108,N,GTX-A,,0008,수서,X108,N,,09:27:00,,X0027,하행,2025-05-01T05:00:00,,평일
GTX-A,0011,동탄,X111,,20250812,GTX-A,0008,수서,X108,N,GTX-A,,0009,성남,X109,N,09:33:30,09:34:00,,X0027,하행,2025-05-01T05:00:00,,평일
GTX-A,0011,동탄,X111,,20250812,GTX-A,0008,수서,X108,N,GTX-A,,0010,구성,X110,N,09:41:00,09:41:30,,X0027,하행,2025-05-01T05:00:00,,평일
GTX-A,0011,동탄,X111,,20250812,GTX-A,0008,수서,X108,N,GTX-A,,0011,동탄,X111,N,09:48:00,,,X0027,하행,2025-05-01T05:00:00,,평일
GTX-A,0011,동탄,X111,,20250812,GTX-A,0008,수서,X108,N,GTX-A,,0008,수서,X108,N,,09:47:00,,X0029,하행,2025-05-01T05:00:00,,평일
GTX-A,0011,동탄,X111,,20250812,GTX-A,0008,수서,X108,N,GTX-A,,0009,성남,X109,N,09:53:30,09:54:00,,X0029,하행,2025-05-01T05:00:00,,평일
GTX-A,0011,동탄,X111,,20250812,GTX-A,0008,수서,X108,N,GTX-A,,0010,구성,X110,N,10:01:00,10:01:30,,X0029,하행,2025-05-01T05:00:00,,평일
GTX-A,0011,동탄,X111,,20250812,GTX-A,0008,수서,X108,N,GTX-A,,0011,동탄,X111,N,10:08:00,,,X0029,하행,2025-05-01T05:00:00,,평일
GTX-A,0011,동탄,X111,,20250812,GTX-A,0008,수서,X108,N,GTX-A,,0008,수서,X108,N,,10:04:00,,X0031,하행,2025-05-01T05:00:00,,평일
GTX-A,0011,동탄,X111,,20250812,GTX-A,0008,수서,X108,N,GTX-A,,0009,성남,X109,N,10:10:30,10:11:00,,X0031,하행,2025-05-01T05:00:00,,평일
GTX-A,0011,동탄,X111,,20250812,GTX-A,0008,수서,X108,N,GTX-A,,0010,구성,X110,N,10:18:00,10:18:30,,X0031,하행,2025-05-01T05:00:00,,평일
GTX-A,0011,동탄,X111,,20250812,GTX-A,0008,수서,X108,N,GTX-A,,0011,동탄,X111,N,10:25:00,,,X0031,하행,2025-05-01T05:00:00,,평일
GTX-A,0011,동탄,X111,,20250812,GTX-A,0008,수서,X108,N,GTX-A,,0008,수서,X108,N,,10:10:00,,X0033,하행,2025-05-01T05:00:00,,평일
GTX-A,0011,동탄,X111,,20250812,GTX-A,0008,수서,X108,N,GTX-A,,0009,성남,X109,N,10:16:30,10:17:00,,X0033,하행,2025-05-01T05:00:00,,평일
GTX-A,0011,동탄,X111,,20250812,GTX-A,0008,수서,X108,N,GTX-A,,0010,구성,X110,N,10:24:00,10:24:30,,X0033,하행,2025-05-01T05:00:00,,평일
GTX-A,0011,동탄,X111,,20250812,GTX-A,0008,수서,X108,N,GTX-A,,0011,동탄,X111,N,10:31:00,,,X0033,하행,2025-05-01T05:00:00,,평일
GTX-A,0011,동탄,X111,,20250812,GTX-A,0008,수서,X108,N,GTX-A,,0008,수서,X108,N,,10:36:00,,X0035,하행,2025-05-01T05:00:00,,평일
GTX-A,0011,동탄,X111,,20250812,GTX-A,0008,수서,X108,N,GTX-A,,0009,성남,X109,N,10:42:30,10:43:00,,X0035,하행,2025-05-01T05:00:00,,평일
GTX-A,0011,동탄,X111,,20250812,GTX-A,0008,수서,X108,N,GTX-A,,0010,구성,X110,N,10:50:00,10:50:30,,X0035,하행,2025-05-01T05:00:00,,평일
GTX-A,0011,동탄,X111,,20250812,GTX-A,0008,수서,X108,N,GTX-A,,0011,동탄,X111,N,10:57:00,,,X0035,하행,2025-05-01T05:00:00,,평일
GTX-A,0011,동탄,X111,,20250812,GTX-A,0008,수서,X108,N,GTX-A,,0008,수서,X108,N,,11:04:00,,X0037,하행,2025-05-01T05:00:00,,평일
GTX-A,0011,동탄,X111,,20250812,GTX-A,0008,수서,X108,N,GTX-A,,0009,성남,X109,N,11:10:30,11:11:00,,X0037,하행,2025-05-01T05:00:00,,평일
GTX-A,0011,동탄,X111,,20250812,GTX-A,0008,수서,X108,N,GTX-A,,0010,구성,X110,N,11:18:00,11:18:30,,X0037,하행,2025-05-01T05:00:00,,평일
GTX-A,0011,동탄,X111,,20250812,GTX-A,0008,수서,X108,N,GTX-A,,0011,동탄,X111,N,11:25:00,,,X0037,하행,2025-05-01T05:00:00,,평일
GTX-A,0011,동탄,X111,,20250812,GTX-A,0008,수서,X108,N,GTX-A,,0008,수서,X108,N,,11:30:00,,X0039,하행,2025-05-01T05:00:00,,평일
GTX-A,0011,동탄,X111,,20250812,GTX-A,0008,수서,X108,N,GTX-A,,0009,성남,X109,N,11:36:30,11:37:00,,X0039,하행,2025-05-01T05:00:00,,평일
GTX-A,0011,동탄,X111,,20250812,GTX-A,0008,수서,X108,N,GTX-A,,0010,구성,X110,N,11:44:00,11:44:30,,X0039,하행,2025-05-01T05:00:00,,평일
GTX-A,0011,동탄,X111,,20250812,GTX-A,0008,수서,X108,N,GTX-A,,0011,동탄,X111,N,11:51:00,,,X0039,하행,2025-05-01T05:00:00,,평일
GTX-A,0011,동탄,X111,,20250812,GTX-A,0008,수서,X108,N,GTX-A,,0008,수서,X108,N,,11:50:00,,X0041,하행,2025-05-01T05:00:00,,평일
GTX-A,0011,동탄,X111,,20250812,GTX-A,0008,수서,X108,N,GTX-A,,0009,성남,X109,N,11:56:30,11:57:00,,X0041,하행,2025-05-01T05:00:00,,평일
GTX-A,0011,동탄,X111,,20250812,GTX-A,0008,수서,X108,N,GTX-A,,0010,구성,X110,N,12:04:00,12:04:30,,X0041,하행,2025-05-01T05:00:00,,평일
GTX-A,0011,동탄,X111,,20250812,GTX-A,0008,수서,X108,N,GTX-A,,0011,동탄,X111,N,12:11:00,,,X0041,하행,2025-05-01T05:00:00,,평일
GTX-A,0011,동탄,X111,,20250812,GTX-A,0008,수서,X108,N,GTX-A,,0008,수서,X108,N,,12:09:00,,X0043,하행,2025-05-01T05:00:00,,평일
GTX-A,0011,동탄,X111,,20250812,GTX-A,0008,수서,X108,N,GTX-A,,0009,성남,X109,N,12:15:30,12:16:00,,X0043,하행,2025-05-01T05:00:00,,평일
GTX-A,0011,동탄,X111,,20250812,GTX-A,0008,수서,X108,N,GTX-A,,0010,구성,X110,N,12:23:00,12:23:30,,X0043,하행,2025-05-01T05:00:00,,평일
GTX-A,0011,동탄,X111,,20250812,GTX-A,0008,수서,X108,N,GTX-A,,0011,동탄,X111,N,12:30:00,,,X0043,하행,2025-05-01T05:00:00,,평일
GTX-A,0011,동탄,X111,,20250812,GTX-A,0008,수서,X108,N,GTX-A,,0008,수서,X108,N,,12:32:00,,X0045,하행,2025-05-01T05:00:00,,평일
GTX-A,0011,동탄,X111,,20250812,GTX-A,0008,수서,X108,N,GTX-A,,0009,성남,X109,N,12:38:30,12:39:00,,X0045,하행,2025-05-01T05:00:00,,평일
GTX-A,0011,동탄,X111,,20250812,GTX-A,0008,수서,X108,N,GTX-A,,0010,구성,X110,N,12:46:00,12:46:30,,X0045,하행,2025-05-01T05:00:00,,평일
GTX-A,0011,동탄,X111,,20250812,GTX-A,0008,수서,X108,N,GTX-A,,0011,동탄,X111,N,12:53:00,,,X0045,하행,2025-05-01T05:00:00,,평일
GTX-A,0011,동탄,X111,,20250812,GTX-A,0008,수서,X108,N,GTX-A,,0008,수서,X108,N,,12:41:00,,X0047,하행,2025-05-01T05:00:00,,평일
GTX-A,0011,동탄,X111,,20250812,GTX-A,0008,수서,X108,N,GTX-A,,0009,성남,X109,N,12:47:30,12:48:00,,X0047,하행,2025-05-01T05:00:00,,평일
GTX-A,0011,동탄,X111,,20250812,GTX-A,0008,수서,X108,N,GTX-A,,0010,구성,X110,N,12:55:00,12:55:30,,X0047,하행,2025-05-01T05:00:00,,평일
GTX-A,0011,동탄,X111,,20250812,GTX-A,0008,수서,X108,N,GTX-A,,0011,동탄,X111,N,13:02:00,,,X0047,하행,2025-05-01T05:00:00,,평일
GTX-A,0011,동탄,X111,,20250812,GTX-A,0008,수서,X108,N,GTX-A,,0008,수서,X108,N,,13:14:00,,X0049,하행,2025-05-01T05:00:00,,평일
GTX-A,0011,동탄,X111,,20250812,GTX-A,0008,수서,X108,N,GTX-A,,0009,성남,X109,N,13:20:30,13:21:00,,X0049,하행,2025-05-01T05:00:00,,평일
GTX-A,0011,동탄,X111,,20250812,GTX-A,0008,수서,X108,N,GTX-A,,0010,구성,X110,N,13:28:00,13:28:30,,X0049,하행,2025-05-01T05:00:00,,평일
GTX-A,0011,동탄,X111,,20250812,GTX-A,0008,수서,X108,N,GTX-A,,0011,동탄,X111,N,13:35:00,,,X0049,하행,2025-05-01T05:00:00,,평일
GTX-A,0011,동탄,X111,,20250812,GTX-A,0008,수서,X108,N,GTX-A,,0008,수서,X108,N,,13:34:00,,X0051,하행,2025-05-01T05:00:00,,평일
GTX-A,0011,동탄,X111,,20250812,GTX-A,0008,수서,X108,N,GTX-A,,0009,성남,X109,N,13:40:30,13:41:00,,X0051,하행,2025-05-01T05:00:00,,평일
GTX-A,0011,동탄,X111,,20250812,GTX-A,0008,수서,X108,N,GTX-A,,0010,구성,X110,N,13:48:00,13:48:30,,X0051,하행,2025-05-01T05:00:00,,평일
GTX-A,0011,동탄,X111,,20250812,GTX-A,0008,수서,X108,N,GTX-A,,0011,동탄,X111,N,13:55:00,,,X0051,하행,2025-05-01T05:00:00,,평일
GTX-A,0011,동탄,X111,,20250812,GTX-A,0008,수서,X108,N,GTX-A,,0008,수서,X108,N,,13:46:00,,X0053,하행,2025-05-01T05:00:00,,평일
GTX-A,0011,동탄,X111,,20250812,GTX-A,0008,수서,X108,N,GTX-A,,0009,성남,X109,N,13:52:30,13:53:00,,X0053,하행,2025-05-01T05:00:00,,평일
GTX-A,0011,동탄,X111,,20250812,GTX-A,0008,수서,X108,N,GTX-A,,0010,구성,X110,N,14:00:00,14:00:30,,X0053,하행,2025-05-01T05:00:00,,평일
GTX-A,0011,동탄,X111,,20250812,GTX-A,0008,수서,X108,N,GTX-A,,0011,동탄,X111,N,14:07:00,,,X0053,하행,2025-05-01T05:00:00,,평일
GTX-A,0011,동탄,X111,,20250812,GTX-A,0008,수서,X108,N,GTX-A,,0008,수서,X108,N,,14:00:00,,X0055,하행,2025-05-01T05:00:00,,평일
GTX-A,0011,동탄,X111,,20250812,GTX-A,0008,수서,X108,N,GTX-A,,0009,성남,X109,N,14:06:30,14:07:00,,X0055,하행,2025-05-01T05:00:00,,평일
GTX-A,0011,동탄,X111,,20250812,GTX-A,0008,수서,X108,N,GTX-A,,0010,구성,X110,N,14:14:00,14:14:30,,X0055,하행,2025-05-01T05:00:00,,평일
GTX-A,0011,동탄,X111,,20250812,GTX-A,0008,수서,X108,N,GTX-A,,0011,동탄,X111,N,14:21:00,,,X0055,하행,2025-05-01T05:00:00,,평일
GTX-A,0011,동탄,X111,,20250812,GTX-A,0008,수서,X108,N,GTX-A,,0008,수서,X108,N,,14:20:00,,X0057,하행,2025-05-01T05:00:00,,평일
GTX-A,0011,동탄,X111,,20250812,GTX-A,0008,수서,X108,N,GTX-A,,0009,성남,X109,N,14:26:30,14:27:00,,X0057,하행,2025-05-01T05:00:00,,평일
GTX-A,0011,동탄,X111,,20250812,GTX-A,0008,수서,X108,N,GTX-A,,0010,구성,X110,N,14:34:00,14:34:30,,X0057,하행,2025-05-01T05:00:00,,평일
GTX-A,0011,동탄,X111,,20250812,GTX-A,0008,수서,X108,N,GTX-A,,0011,동탄,X111,N,14:41:00,,,X0057,하행,2025-05-01T05:00:00,,평일
GTX-A,0011,동탄,X111,,20250812,GTX-A,0008,수서,X108,N,GTX-A,,0008,수서,X108,N,,14:45:00,,X0059,하행,2025-05-01T05:00:00,,평일
GTX-A,0011,동탄,X111,,20250812,GTX-A,0008,수서,X108,N,GTX-A,,0009,성남,X109,N,14:51:30,14:52:00,,X0059,하행,2025-05-01T05:00:00,,평일
GTX-A,0011,동탄,X111,,20250812,GTX-A,0008,수서,X108,N,GTX-A,,0010,구성,X110,N,14:59:00,14:59:30,,X0059,하행,2025-05-01T05:00:00,,평일
GTX-A,0011,동탄,X111,,20250812,GTX-A,0008,수서,X108,N,GTX-A,,0011,동탄,X111,N,15:06:00,,,X0059,하행,2025-05-01T05:00:00,,평일
GTX-A,0011,동탄,X111,,20250812,GTX-A,0008,수서,X108,N,GTX-A,,0008,수서,X108,N,,15:10:00,,X0061,하행,2025-05-01T05:00:00,,평일
GTX-A,0011,동탄,X111,,20250812,GTX-A,0008,수서,X108,N,GTX-A,,0009,성남,X109,N,15:16:30,15:17:00,,X0061,하행,2025-05-01T05:00:00,,평일
GTX-A,0011,동탄,X111,,20250812,GTX-A,0008,수서,X108,N,GTX-A,,0010,구성,X110,N,15:24:00,15:24:30,,X0061,하행,2025-05-01T05:00:00,,평일
GTX-A,0011,동탄,X111,,20250812,GTX-A,0008,수서,X108,N,GTX-A,,0011,동탄,X111,N,15:31:00,,,X0061,하행,2025-05-01T05:00:00,,평일
GTX-A,0011,동탄,X111,,20250812,GTX-A,0008,수서,X108,N,GTX-A,,0008,수서,X108,N,,15:33:00,,X0063,하행,2025-05-01T05:00:00,,평일
GTX-A,0011,동탄,X111,,20250812,GTX-A,0008,수서,X108,N,GTX-A,,0009,성남,X109,N,15:39:30,15:40:00,,X0063,하행,2025-05-01T05:00:00,,평일
GTX-A,0011,동탄,X111,,20250812,GTX-A,0008,수서,X108,N,GTX-A,,0010,구성,X110,N,15:47:00,15:47:30,,X0063,하행,2025-05-01T05:00:00,,평일
GTX-A,0011,동탄,X111,,20250812,GTX-A,0008,수서,X108,N,GTX-A,,0011,동탄,X111,N,15:54:00,,,X0063,하행,2025-05-01T05:00:00,,평일
GTX-A,0011,동탄,X111,,20250812,GTX-A,0008,수서,X108,N,GTX-A,,0008,수서,X108,N,,15:47:00,,X0065,하행,2025-05-01T05:00:00,,평일
GTX-A,0011,동탄,X111,,20250812,GTX-A,0008,수서,X108,N,GTX-A,,0009,성남,X109,N,15:53:30,15:54:00,,X0065,하행,2025-05-01T05:00:00,,평일
GTX-A,0011,동탄,X111,,20250812,GTX-A,0008,수서,X108,N,GTX-A,,0010,구성,X110,N,16:01:00,16:01:30,,X0065,하행,2025-05-01T05:00:00,,평일
GTX-A,0011,동탄,X111,,20250812,GTX-A,0008,수서,X108,N,GTX-A,,0011,동탄,X111,N,16:08:00,,,X0065,하행,2025-05-01T05:00:00,,평일
GTX-A,0011,동탄,X111,,20250812,GTX-A,0008,수서,X108,N,GTX-A,,0008,수서,X108,N,,16:02:00,,X0067,하행,2025-05-01T05:00:00,,평일
GTX-A,0011,동탄,X111,,20250812,GTX-A,0008,수서,X108,N,GTX-A,,0009,성남,X109,N,16:08:30,16:09:00,,X0067,하행,2025-05-01T05:00:00,,평일
GTX-A,0011,동탄,X111,,20250812,GTX-A,0008,수서,X108,N,GTX-A,,0010,구성,X110,N,16:16:00,16:16:30,,X0067,하행,2025-05-01T05:00:00,,평일
GTX-A,0011,동탄,X111,,20250812,GTX-A,0008,수서,X108,N,GTX-A,,0011,동탄,X111,N,16:23:00,,,X0067,하행,2025-05-01T05:00:00,,평일
GTX-A,0011,동탄,X111,,20250812,GTX-A,0008,수서,X108,N,GTX-A,,0008,수서,X108,N,,16:25:00,,X0069,하행,2025-05-01T05:00:00,,평일
GTX-A,0011,동탄,X111,,20250812,GTX-A,0008,수서,X108,N,GTX-A,,0009,성남,X109,N,16:31:30,16:32:00,,X0069,하행,2025-05-01T05:00:00,,평일
GTX-A,0011,동탄,X111,,20250812,GTX-A,0008,수서,X108,N,GTX-A,,0010,구성,X110,N,16:39:00,16:39:30,,X0069,하행,2025-05-01T05:00:00,,평일
GTX-A,0011,동탄,X111,,20250812,GTX-A,0008,수서,X108,N,GTX-A,,0011,동탄,X111,N,16:46:00,,,X0069,하행,2025-05-01T05:00:00,,평일
GTX-A,0011,동탄,X111,,20250812,GTX-A,0008,수서,X108,N,GTX-A,,0008,수서,X108,N,,16:43:00,,X0071,하행,2025-05-01T05:00:00,,평일
GTX-A,0011,동탄,X111,,20250812,GTX-A,0008,수서,X108,N,GTX-A,,0009,성남,X109,N,16:49:30,16:50:00,,X0071,하행,2025-05-01T05:00:00,,평일
GTX-A,0011,동탄,X111,,20250812,GTX-A,0008,수서,X108,N,GTX-A,,0010,구성,X110,N,16:57:00,16:57:30,,X0071,하행,2025-05-01T05:00:00,,평일
GTX-A,0011,동탄,X111,,20250812,GTX-A,0008,수서,X108,N,GTX-A,,0011,동탄,X111,N,17:04:00,,,X0071,하행,2025-05-01T05:00:00,,평일
GTX-A,0011,동탄,X111,,20250812,GTX-A,0008,수서,X108,N,GTX-A,,0008,수서,X108,N,,16:59:00,,X0073,하행,2025-05-01T05:00:00,,평일
GTX-A,0011,동탄,X111,,20250812,GTX-A,0008,수서,X108,N,GTX-A,,0009,성남,X109,N,17:05:30,17:06:00,,X0073,하행,2025-05-01T05:00:00,,평일
GTX-A,0011,동탄,X111,,20250812,GTX-A,0008,수서,X108,N,GTX-A,,0010,구성,X110,N,17:13:00,17:13:30,,X0073,하행,2025-05-01T05:00:00,,평일
GTX-A,0011,동탄,X111,,20250812,GTX-A,0008,수서,X108,N,GTX-A,,0011,동탄,X111,N,17:20:00,,,X0073,하행,2025-05-01T05:00:00,,평일
GTX-A,0011,동탄,X111,,20250812,GTX-A,0008,수서,X108,N,GTX-A,,0008,수서,X108,N,,17:15:00,,X0075,하행,2025-05-01T05:00:00,,평일
GTX-A,0011,동탄,X111,,20250812,GTX-A,0008,수서,X108,N,GTX-A,,0009,성남,X109,N,17:21:30,17:22:00,,X0075,하행,2025-05-01T05:00:00,,평일
GTX-A,0011,동탄,X111,,20250812,GTX-A,0008,수서,X108,N,GTX-A,,0010,구성,X110,N,17:29:00,17:29:30,,X0075,하행,2025-05-01T05:00:00,,평일
GTX-A,0011,동탄,X111,,20250812,GTX-A,0008,수서,X108,N,GTX-A,,0011,동탄,X111,N,17:36:00,,,X0075,하행,2025-05-01T05:00:00,,평일
GTX-A,0011,동탄,X111,,20250812,GTX-A,0008,수서,X108,N,GTX-A,,0008,수서,X108,N,,17:34:00,,X0077,하행,2025-05-01T05:00:00,,평일
GTX-A,0011,동탄,X111,,20250812,GTX-A,0008,수서,X108,N,GTX-A,,0009,성남,X109,N,17:40:30,17:41:00,,X0077,하행,2025-05-01T05:00:00,,평일
GTX-A,0011,동탄,X111,,20250812,GTX-A,0008,수서,X108,N,GTX-A,,0010,구성,X110,N,17:48:00,17:48:30,,X0077,하행,2025-05-01T05:00:00,,평일
GTX-A,0011,동탄,X111,,20250812,GTX-A,0008,수서,X108,N,GTX-A,,0011,동탄,X111,N,17:55:00,,,X0077,하행,2025-05-01T05:00:00,,평일
GTX-A,0011,동탄,X111,,20250812,GTX-A,0008,수서,X108,N,GTX-A,,0008,수서,X108,N,,17:47:00,,X0079,하행,2025-05-01T05:00:00,,평일
GTX-A,0011,동탄,X111,,20250812,GTX-A,0008,수서,X108,N,GTX-A,,0009,성남,X109,N,17:53:30,17:54:00,,X0079,하행,2025-05-01T05:00:00,,평일
GTX-A,0011,동탄,X111,,20250812,GTX-A,0008,수서,X108,N,GTX-A,,0010,구성,X110,N,18:01:00,18:01:30,,X0079,하행,2025-05-01T05:00:00,,평일
GTX-A,0011,동탄,X111,,20250812,GTX-A,0008,수서,X108,N,GTX-A,,0011,동탄,X111,N,18:08:00,,,X0079,하행,2025-05-01T05:00:00,,평일
GTX-A,0011,동탄,X111,,20250812,GTX-A,0008,수서,X108,N,GTX-A,,0008,수서,X108,N,,18:10:00,,X0081,하행,2025-05-01T05:00:00,,평일
GTX-A,0011,동탄,X111,,20250812,GTX-A,0008,수서,X108,N,GTX-A,,0009,성남,X109,N,18:16:30,18:17:00,,X0081,하행,2025-05-01T05:00:00,,평일
GTX-A,0011,동탄,X111,,20250812,GTX-A,0008,수서,X108,N,GTX-A,,0010,구성,X110,N,18:24:00,18:24:30,,X0081,하행,2025-05-01T05:00:00,,평일
GTX-A,0011,동탄,X111,,20250812,GTX-A,0008,수서,X108,N,GTX-A,,0011,동탄,X111,N,18:31:00,,,X0081,하행,2025-05-01T05:00:00,,평일
GTX-A,0011,동탄,X111,,20250812,GTX-A,0008,수서,X108,N,GTX-A,,0008,수서,X108,N,,18:28:00,,X0083,하행,2025-05-01T05:00:00,,평일
GTX-A,0011,동탄,X111,,20250812,GTX-A,0008,수서,X108,N,GTX-A,,0009,성남,X109,N,18:34:30,18:35:00,,X0083,하행,2025-05-01T05:00:00,,평일
GTX-A,0011,동탄,X111,,20250812,GTX-A,0008,수서,X108,N,GTX-A,,0010,구성,X110,N,18:42:00,18:42:30,,X0083,하행,2025-05-01T05:00:00,,평일
GTX-A,0011,동탄,X111,,20250812,GTX-A,0008,수서,X108,N,GTX-A,,0011,동탄,X111,N,18:49:00,,,X0083,하행,2025-05-01T05:00:00,,평일
GTX-A,0011,동탄,X111,,20250812,GTX-A,0008,수서,X108,N,GTX-A,,0008,수서,X108,N,,18:42:00,,X0085,하행,2025-05-01T05:00:00,,평일
GTX-A,0011,동탄,X111,,20250812,GTX-A,0008,수서,X108,N,GTX-A,,0009,성남,X109,N,18:48:30,18:49:00,,X0085,하행,2025-05-01T05:00:00,,평일
GTX-A,0011,동탄,X111,,20250812,GTX-A,0008,수서,X108,N,GTX-A,,0010,구성,X110,N,18:56:00,18:56:30,,X0085,하행,2025-05-01T05:00:00,,평일
GTX-A,0011,동탄,X111,,20250812,GTX-A,0008,수서,X108,N,GTX-A,,0011,동탄,X111,N,19:03:00,,,X0085,하행,2025-05-01T05:00:00,,평일
GTX-A,0011,동탄,X111,,20250812,GTX-A,0008,수서,X108,N,GTX-A,,0008,수서,X108,N,,18:51:00,,X0087,하행,2025-05-01T05:00:00,,평일
GTX-A,0011,동탄,X111,,20250812,GTX-A,0008,수서,X108,N,GTX-A,,0009,성남,X109,N,18:57:30,18:58:00,,X0087,하행,2025-05-01T05:00:00,,평일
GTX-A,0011,동탄,X111,,20250812,GTX-A,0008,수서,X108,N,GTX-A,,0010,구성,X110,N,19:05:00,19:05:30,,X0087,하행,2025-05-01T05:00:00,,평일
GTX-A,0011,동탄,X111,,20250812,GTX-A,0008,수서,X108,N,GTX-A,,0011,동탄,X111,N,19:12:00,,,X0087,하행,2025-05-01T05:00:00,,평일
GTX-A,0011,동탄,X111,,20250812,GTX-A,0008,수서,X108,N,GTX-A,,0008,수서,X108,N,,19:28:00,,X0089,하행,2025-05-01T05:00:00,,평일
GTX-A,0011,동탄,X111,,20250812,GTX-A,0008,수서,X108,N,GTX-A,,0009,성남,X109,N,19:34:30,19:35:00,,X0089,하행,2025-05-01T05:00:00,,평일
GTX-A,0011,동탄,X111,,20250812,GTX-A,0008,수서,X108,N,GTX-A,,0010,구성,X110,N,19:42:00,19:42:30,,X0089,하행,2025-05-01T05:00:00,,평일
GTX-A,0011,동탄,X111,,20250812,GTX-A,0008,수서,X108,N,GTX-A,,0011,동탄,X111,N,19:49:00,,,X0089,하행,2025-05-01T05:00:00,,평일
GTX-A,0011,동탄,X111,,20250812,GTX-A,0008,수서,X108,N,GTX-A,,0008,수서,X108,N,,19:46:00,,X0091,하행,2025-05-01T05:00:00,,평일
GTX-A,0011,동탄,X111,,20250812,GTX-A,0008,수서,X108,N,GTX-A,,0009,성남,X109,N,19:52:30,19:53:00,,X0091,하행,2025-05-01T05:00:00,,평일
GTX-A,0011,동탄,X111,,20250812,GTX-A,0008,수서,X108,N,GTX-A,,0010,구성,X110,N,20:00:00,20:00:30,,X0091,하행,2025-05-01T05:00:00,,평일
GTX-A,0011,동탄,X111,,20250812,GTX-A,0008,수서,X108,N,GTX-A,,0011,동탄,X111,N,20:07:00,,,X0091,하행,2025-05-01T05:00:00,,평일
GTX-A,0011,동탄,X111,,20250812,GTX-A,0008,수서,X108,N,GTX-A,,0008,수서,X108,N,,20:04:00,,X0093,하행,2025-05-01T05:00:00,,평일
GTX-A,0011,동탄,X111,,20250812,GTX-A,0008,수서,X108,N,GTX-A,,0009,성남,X109,N,20:10:30,20:11:00,,X0093,하행,2025-05-01T05:00:00,,평일
GTX-A,0011,동탄,X111,,20250812,GTX-A,0008,수서,X108,N,GTX-A,,0010,구성,X110,N,20:18:00,20:18:30,,X0093,하행,2025-05-01T05:00:00,,평일
GTX-A,0011,동탄,X111,,20250812,GTX-A,0008,수서,X108,N,GTX-A,,0011,동탄,X111,N,20:25:00,,,X0093,하행,2025-05-01T05:00:00,,평일
GTX-A,0011,동탄,X111,,20250812,GTX-A,0008,수서,X108,N,GTX-A,,0008,수서,X108,N,,20:19:00,,X0095,하행,2025-05-01T05:00:00,,평일
GTX-A,0011,동탄,X111,,20250812,GTX-A,0008,수서,X108,N,GTX-A,,0009,성남,X109,N,20:25:30,20:26:00,,X0095,하행,2025-05-01T05:00:00,,평일
GTX-A,0011,동탄,X111,,20250812,GTX-A,0008,수서,X108,N,GTX-A,,0010,구성,X110,N,20:33:00,20:33:30,,X0095,하행,2025-05-01T05:00:00,,평일
GTX-A,0011,동탄,X111,,20250812,GTX-A,0008,수서,X108,N,GTX-A,,0011,동탄,X111,N,20:40:00,,,X0095,하행,2025-05-01T05:00:00,,평일
GTX-A,0011,동탄,X111,,20250812,GTX-A,0008,수서,X108,N,GTX-A,,0008,수서,X108,N,,20:35:00,,X0097,하행,2025-05-01T05:00:00,,평일
GTX-A,0011,동탄,X111,,20250812,GTX-A,0008,수서,X108,N,GTX-A,,0009,성남,X109,N,20:41:30,20:42:00,,X0097,하행,2025-05-01T05:00:00,,평일
GTX-A,0011,동탄,X111,,20250812,GTX-A,0008,수서,X108,N,GTX-A,,0010,구성,X110,N,20:49:00,20:49:30,,X0097,하행,2025-05-01T05:00:00,,평일
GTX-A,0011,동탄,X111,,20250812,GTX-A,0008,수서,X108,N,GTX-A,,0011,동탄,X111,N,20:56:00,,,X0097,하행,2025-05-01T05:00:00,,평일
GTX-A,0011,동탄,X111,,20250812,GTX-A,0008,수서,X108,N,GTX-A,,0008,수서,X108,N,,20:50:00,,X0099,하행,2025-05-01T05:00:00,,평일
GTX-A,0011,동탄,X111,,20250812,GTX-A,0008,수서,X108,N,GTX-A,,0009,성남,X109,N,20:56:30,20:57:00,,X0099,하행,2025-05-01T05:00:00,,평일
GTX-A,0011,동탄,X111,,20250812,GTX-A,0008,수서,X108,N,GTX-A,,0010,구성,X110,N,21:04:00,21:04:30,,X0099,하행,2025-05-01T05:00:00,,평일
GTX-A,0011,동탄,X111,,20250812,GTX-A,0008,수서,X108,N,GTX-A,,0011,동탄,X111,N,21:11:00,,,X0099,하행,2025-05-01T05:00:00,,평일
GTX-A,0011,동탄,X111,,20250812,GTX-A,0008,수서,X108,N,GTX-A,,0008,수서,X108,N,,21:12:00,,X0101,하행,2025-05-01T05:00:00,,평일
GTX-A,0011,동탄,X111,,20250812,GTX-A,0008,수서,X108,N,GTX-A,,0009,성남,X109,N,21:18:30,21:19:00,,X0101,하행,2025-05-01T05:00:00,,평일
GTX-A,0011,동탄,X111,,20250812,GTX-A,0008,수서,X108,N,GTX-A,,0010,구성,X110,N,21:26:00,21:26:30,,X0101,하행,2025-05-01T05:00:00,,평일
GTX-A,0011,동탄,X111,,20250812,GTX-A,0008,수서,X108,N,GTX-A,,0011,동탄,X111,N,21:33:00,,,X0101,하행,2025-05-01T05:00:00,,평일
GTX-A,0011,동탄,X111,,20250812,GTX-A,0008,수서,X108,N,GTX-A,,0008,수서,X108,N,,21:32:00,,X0103,하행,2025-05-01T05:00:00,,평일
GTX-A,0011,동탄,X111,,20250812,GTX-A,0008,수서,X108,N,GTX-A,,0009,성남,X109,N,21:38:30,21:39:00,,X0103,하행,2025-05-01T05:00:00,,평일
GTX-A,0011,동탄,X111,,20250812,GTX-A,0008,수서,X108,N,GTX-A,,0010,구성,X110,N,21:46:00,21:46:30,,X0103,하행,2025-05-01T05:00:00,,평일
GTX-A,0011,동탄,X111,,20250812,GTX-A,0008,수서,X108,N,GTX-A,,0011,동탄,X111,N,21:53:00,,,X0103,하행,2025-05-01T05:00:00,,평일
GTX-A,0011,동탄,X111,,20250812,GTX-A,0008,수서,X108,N,GTX-A,,0008,수서,X108,N,,21:50:00,,X0105,하행,2025-05-01T05:00:00,,평일
GTX-A,0011,동탄,X111,,20250812,GTX-A,0008,수서,X108,N,GTX-A,,0009,성남,X109,N,21:56:30,21:57:00,,X0105,하행,2025-05-01T05:00:00,,평일
GTX-A,0011,동탄,X111,,20250812,GTX-A,0008,수서,X108,N,GTX-A,,0010,구성,X110,N,22:04:00,22:04:30,,X0105,하행,2025-05-01T05:00:00,,평일
GTX-A,0011,동탄,X111,,20250812,GTX-A,0008,수서,X108,N,GTX-A,,0011,동탄,X111,N,22:11:00,,,X0105,하행,2025-05-01T05:00:00,,평일
GTX-A,0011,동탄,X111,,20250812,GTX-A,0008,수서,X108,N,GTX-A,,0008,수서,X108,N,,22:08:00,,X0107,하행,2025-05-01T05:00:00,,평일
GTX-A,0011,동탄,X111,,20250812,GTX-A,0008,수서,X108,N,GTX-A,,0009,성남,X109,N,22:14:30,22:15:00,,X0107,하행,2025-05-01T05:00:00,,평일
GTX-A,0011,동탄,X111,,20250812,GTX-A,0008,수서,X108,N,GTX-A,,0010,구성,X110,N,22:22:00,22:22:30,,X0107,하행,2025-05-01T05:00:00,,평일
GTX-A,0011,동탄,X111,,20250812,GTX-A,0008,수서,X108,N,GTX-A,,0011,동탄,X111,N,22:29:00,,,X0107,하행,2025-05-01T05:00:00,,평일
GTX-A,0011,동탄,X111,,20250812,GTX-A,0008,수서,X108,N,GTX-A,,0008,수서,X108,N,,22:30:00,,X0109,하행,2025-05-01T05:00:00,,평일
GTX-A,0011,동탄,X111,,20250812,GTX-A,0008,수서,X108,N,GTX-A,,0009,성남,X109,N,22:36:30,22:37:00,,X0109,하행,2025-05-01T05:00:00,,평일
GTX-A,0011,동탄,X111,,20250812,GTX-A,0008,수서,X108,N,GTX-A,,0010,구성,X110,N,22:44:00,22:44:30,,X0109,하행,2025-05-01T05:00:00,,평일
GTX-A,0011,동탄,X111,,20250812,GTX-A,0008,수서,X108,N,GTX-A,,0011,동탄,X111,N,22:51:00,,,X0109,하행,2025-05-01T05:00:00,,평일
GTX-A,0011,동탄,X111,,20250812,GTX-A,0008,수서,X108,N,GTX-A,,0008,수서,X108,N,,23:00:00,,X0111,하행,2025-05-01T05:00:00,,평일
GTX-A,0011,동탄,X111,,20250812,GTX-A,0008,수서,X108,N,GTX-A,,0009,성남,X109,N,23:06:30,23:07:00,,X0111,하행,2025-05-01T05:00:00,,평일
GTX-A,0011,동탄,X111,,20250812,GTX-A,0008,수서,X108,N,GTX-A,,0010,구성,X110,N,23:14:00,23:14:30,,X0111,하행,2025-05-01T05:00:00,,평일
GTX-A,0011,동탄,X111,,20250812,GTX-A,0008,수서,X108,N,GTX-A,,0011,동탄,X111,N,23:21:00,,,X0111,하행,2025-05-01T05:00:00,,평일
GTX-A,0011,동탄,X111,,20250812,GTX-A,0008,수서,X108,N,GTX-A,,0008,수서,X108,N,,23:25:00,,X0113,하행,2025-05-01T05:00:00,,평일
GTX-A,0011,동탄,X111,,20250812,GTX-A,0008,수서,X108,N,GTX-A,,0009,성남,X109,N,23:31:30,23:32:00,,X0113,하행,2025-05-01T05:00:00,,평일
GTX-A,0011,동탄,X111,,20250812,GTX-A,0008,수서,X108,N,GTX-A,,0010,구성,X110,N,23:39:00,23:39:30,,X0113,하행,2025-05-01T05:00:00,,평일
GTX-A,0011,동탄,X111,,20250812,GTX-A,0008,수서,X108,N,GTX-A,,0011,동탄,X111,N,23:46:00,,,X0113,하행,2025-05-01T05:00:00,,평일
GTX-A,0011,동탄,X111,,20250812,GTX-A,0008,수서,X108,N,GTX-A,,0008,수서,X108,N,,23:50:00,,X0115,하행,2025-05-01T05:00:00,,평일
GTX-A,0011,동탄,X111,,20250812,GTX-A,0008,수서,X108,N,GTX-A,,0010,구성,X110,N,00:04:00,00:04:30,,X0115,하행,2025-05-01T05:00:00,,평일
GTX-A,0011,동탄,X111,,20250812,GTX-A,0008,수서,X108,N,GTX-A,,0011,동탄,X111,N,00:11:00,,,X0115,하행,2025-05-01T05:00:00,,평일
GTX-A,0011,동탄,X111,,20250812,GTX-A,0008,수서,X108,N,GTX-A,,0009,성남,X109,N,23:56:30,23:57:00,,X0115,하행,2025-05-01T05:00:00,,평일
GTX-A,0011,동탄,X111,,20250812,GTX-A,0008,수서,X108,N,GTX-A,,0008,수서,X108,N,,00:15:00,,X0117,하행,2025-05-01T05:00:00,,평일
GTX-A,0011,동탄,X111,,20250812,GTX-A,0008,수서,X108,N,GTX-A,,0009,성남,X109,N,00:21:30,00:22:00,,X0117,하행,2025-05-01T05:00:00,,평일
GTX-A,0011,동탄,X111,,20250812,GTX-A,0008,수서,X108,N,GTX-A,,0010,구성,X110,N,00:29:00,00:29:30,,X0117,하행,2025-05-01T05:00:00,,평일
GTX-A,0011,동탄,X111,,20250812,GTX-A,0008,수서,X108,N,GTX-A,,0011,동탄,X111,N,00:36:00,,,X0117,하행,2025-05-01T05:00:00,,평일
GTX-A,0011,동탄,X111,,20250812,GTX-A,0008,수서,X108,N,GTX-A,,0008,수서,X108,N,,00:39:00,,X0119,하행,2025-05-01T05:00:00,,평일
GTX-A,0011,동탄,X111,,20250812,GTX-A,0008,수서,X108,N,GTX-A,,0009,성남,X109,N,00:45:30,00:46:00,,X0119,하행,2025-05-01T05:00:00,,평일
GTX-A,0011,동탄,X111,,20250812,GTX-A,0008,수서,X108,N,GTX-A,,0010,구성,X110,N,00:53:00,00:53:30,,X0119,하행,2025-05-01T05:00:00,,평일
GTX-A,0011,동탄,X111,,20250812,GTX-A,0008,수서,X108,N,GTX-A,,0011,동탄,X111,N,01:00:00,,,X0119,하행,2025-05-01T05:00:00,,평일
GTX-A,,서울역,,,20250812,GTX-A,9000,운정중앙,X101,N,GTX-A,,9000,운정중앙,X101,N,,05:30:00,,X1001,하행,2025-05-01T05:00:00,,평일
GTX-A,,서울역,,,20250812,GTX-A,9000,운정중앙,X101,N,GTX-A,,9001,킨텍스,X102,N,05:34:00,05:34:30,,X1001,하행,2025-05-01T05:00:00,,평일
GTX-A,,서울역,,,20250812,GTX-A,9000,운정중앙,X101,N,GTX-A,,9002,대곡,X103,N,05:39:00,05:39:30,,X1001,하행,2025-05-01T05:00:00,,평일
GTX-A,,서울역,,,20250812,GTX-A,9000,운정중앙,X101,N,GTX-A,,9004,연신내,X105,N,05:45:30,05:46:00,,X1001,하행,2025-05-01T05:00:00,,평일
GTX-A,,서울역,,,20250812,GTX-A,9000,운정중앙,X101,N,GTX-A,,,서울역,,N,05:51:30,,,X1001,하행,2025-05-01T05:00:00,,평일
GTX-A,,서울역,,,20250812,GTX-A,9000,운정중앙,X101,N,GTX-A,,9000,운정중앙,X101,N,,05:40:00,,X1003,하행,2025-05-01T05:00:00,,평일
GTX-A,,서울역,,,20250812,GTX-A,9000,운정중앙,X101,N,GTX-A,,9001,킨텍스,X102,N,05:44:00,05:44:30,,X1003,하행,2025-05-01T05:00:00,,평일
GTX-A,,서울역,,,20250812,GTX-A,9000,운정중앙,X101,N,GTX-A,,9002,대곡,X103,N,05:49:00,05:49:30,,X1003,하행,2025-05-01T05:00:00,,평일
GTX-A,,서울역,,,20250812,GTX-A,9000,운정중앙,X101,N,GTX-A,,9004,연신내,X105,N,05:55:30,05:56:00,,X1003,하행,2025-05-01T05:00:00,,평일
GTX-A,,서울역,,,20250812,GTX-A,9000,운정중앙,X101,N,GTX-A,,,서울역,,N,06:01:30,,,X1003,하행,2025-05-01T05:00:00,,평일
GTX-A,,서울역,,,20250812,GTX-A,9000,운정중앙,X101,N,GTX-A,,9000,운정중앙,X101,N,,05:50:00,,X1005,하행,2025-05-01T05:00:00,,평일
GTX-A,,서울역,,,20250812,GTX-A,9000,운정중앙,X101,N,GTX-A,,9001,킨텍스,X102,N,05:54:00,05:54:30,,X1005,하행,2025-05-01T05:00:00,,평일
GTX-A,,서울역,,,20250812,GTX-A,9000,운정중앙,X101,N,GTX-A,,9002,대곡,X103,N,05:59:00,05:59:30,,X1005,하행,2025-05-01T05:00:00,,평일
GTX-A,,서울역,,,20250812,GTX-A,9000,운정중앙,X101,N,GTX-A,,9004,연신내,X105,N,06:05:30,06:06:00,,X1005,하행,2025-05-01T05:00:00,,평일
GTX-A,,서울역,,,20250812,GTX-A,9000,운정중앙,X101,N,GTX-A,,,서울역,,N,06:11:30,,,X1005,하행,2025-05-01T05:00:00,,평일
GTX-A,,서울역,,,20250812,GTX-A,9000,운정중앙,X101,N,GTX-A,,9000,운정중앙,X101,N,,06:00:00,,X1007,하행,2025-05-01T05:00:00,,평일
GTX-A,,서울역,,,20250812,GTX-A,9000,운정중앙,X101,N,GTX-A,,9001,킨텍스,X102,N,06:04:00,06:04:30,,X1007,하행,2025-05-01T05:00:00,,평일
GTX-A,,서울역,,,20250812,GTX-A,9000,운정중앙,X101,N,GTX-A,,9002,대곡,X103,N,06:09:00,06:09:30,,X1007,하행,2025-05-01T05:00:00,,평일
GTX-A,,서울역,,,20250812,GTX-A,9000,운정중앙,X101,N,GTX-A,,9004,연신내,X105,N,06:15:30,06:16:00,,X1007,하행,2025-05-01T05:00:00,,평일
GTX-A,,서울역,,,20250812,GTX-A,9000,운정중앙,X101,N,GTX-A,,,서울역,,N,06:21:30,,,X1007,하행,2025-05-01T05:00:00,,평일
GTX-A,,서울역,,,20250812,GTX-A,9000,운정중앙,X101,N,GTX-A,,9000,운정중앙,X101,N,,06:06:00,,X1009,하행,2025-05-01T05:00:00,,평일
GTX-A,,서울역,,,20250812,GTX-A,9000,운정중앙,X101,N,GTX-A,,9001,킨텍스,X102,N,06:10:00,06:10:30,,X1009,하행,2025-05-01T05:00:00,,평일
GTX-A,,서울역,,,20250812,GTX-A,9000,운정중앙,X101,N,GTX-A,,9002,대곡,X103,N,06:15:00,06:15:30,,X1009,하행,2025-05-01T05:00:00,,평일
GTX-A,,서울역,,,20250812,GTX-A,9000,운정중앙,X101,N,GTX-A,,9004,연신내,X105,N,06:21:30,06:22:00,,X1009,하행,2025-05-01T05:00:00,,평일
GTX-A,,서울역,,,20250812,GTX-A,9000,운정중앙,X101,N,GTX-A,,,서울역,,N,06:27:30,,,X1009,하행,2025-05-01T05:00:00,,평일
GTX-A,,서울역,,,20250812,GTX-A,9000,운정중앙,X101,N,GTX-A,,9000,운정중앙,X101,N,,06:12:00,,X1011,하행,2025-05-01T05:00:00,,평일
GTX-A,,서울역,,,20250812,GTX-A,9000,운정중앙,X101,N,GTX-A,,9001,킨텍스,X102,N,06:16:00,06:16:30,,X1011,하행,2025-05-01T05:00:00,,평일
GTX-A,,서울역,,,20250812,GTX-A,9000,운정중앙,X101,N,GTX-A,,9002,대곡,X103,N,06:21:00,06:21:30,,X1011,하행,2025-05-01T05:00:00,,평일
GTX-A,,서울역,,,20250812,GTX-A,9000,운정중앙,X101,N,GTX-A,,9004,연신내,X105,N,06:27:30,06:28:00,,X1011,하행,2025-05-01T05:00:00,,평일
GTX-A,,서울역,,,20250812,GTX-A,9000,운정중앙,X101,N,GTX-A,,,서울역,,N,06:33:30,,,X1011,하행,2025-05-01T05:00:00,,평일
GTX-A,,서울역,,,20250812,GTX-A,9000,운정중앙,X101,N,GTX-A,,9000,운정중앙,X101,N,,06:18:00,,X1013,하행,2025-05-01T05:00:00,,평일
GTX-A,,서울역,,,20250812,GTX-A,9000,운정중앙,X101,N,GTX-A,,9001,킨텍스,X102,N,06:22:00,06:22:30,,X1013,하행,2025-05-01T05:00:00,,평일
GTX-A,,서울역,,,20250812,GTX-A,9000,운정중앙,X101,N,GTX-A,,9002,대곡,X103,N,06:27:00,06:27:30,,X1013,하행,2025-05-01T05:00:00,,평일
GTX-A,,서울역,,,20250812,GTX-A,9000,운정중앙,X101,N,GTX-A,,9004,연신내,X105,N,06:33:30,06:34:00,,X1013,하행,2025-05-01T05:00:00,,평일
GTX-A,,서울역,,,20250812,GTX-A,9000,운정중앙,X101,N,GTX-A,,,서울역,,N,06:39:30,,,X1013,하행,2025-05-01T05:00:00,,평일
GTX-A,,서울역,,,20250812,GTX-A,9000,운정중앙,X101,N,GTX-A,,9000,운정중앙,X101,N,,06:25:00,,X1015,하행,2025-05-01T05:00:00,,평일
GTX-A,,서울역,,,20250812,GTX-A,9000,운정중앙,X101,N,GTX-A,,9001,킨텍스,X102,N,06:29:00,06:29:30,,X1015,하행,2025-05-01T05:00:00,,평일
GTX-A,,서울역,,,20250812,GTX-A,9000,운정중앙,X101,N,GTX-A,,9002,대곡,X103,N,06:34:00,06:34:30,,X1015,하행,2025-05-01T05:00:00,,평일
GTX-A,,서울역,,,20250812,GTX-A,9000,운정중앙,X101,N,GTX-A,,9004,연신내,X105,N,06:40:30,06:41:00,,X1015,하행,2025-05-01T05:00:00,,평일
GTX-A,,서울역,,,20250812,GTX-A,9000,운정중앙,X101,N,GTX-A,,,서울역,,N,06:46:30,,,X1015,하행,2025-05-01T05:00:00,,평일
GTX-A,,서울역,,,20250812,GTX-A,9000,운정중앙,X101,N,GTX-A,,9000,운정중앙,X101,N,,06:31:00,,X1017,하행,2025-05-01T05:00:00,,평일
GTX-A,,서울역,,,20250812,GTX-A,9000,운정중앙,X101,N,GTX-A,,9001,킨텍스,X102,N,06:35:00,06:35:30,,X1017,하행,2025-05-01T05:00:00,,평일
GTX-A,,서울역,,,20250812,GTX-A,9000,운정중앙,X101,N,GTX-A,,9002,대곡,X103,N,06:40:00,06:40:30,,X1017,하행,2025-05-01T05:00:00,,평일
GTX-A,,서울역,,,20250812,GTX-A,9000,운정중앙,X101,N,GTX-A,,9004,연신내,X105,N,06:46:30,06:47:00,,X1017,하행,2025-05-01T05:00:00,,평일
GTX-A,,서울역,,,20250812,GTX-A,9000,운정중앙,X101,N,GTX-A,,,서울역,,N,06:52:30,,,X1017,하행,2025-05-01T05:00:00,,평일
GTX-A,,서울역,,,20250812,GTX-A,9000,운정중앙,X101,N,GTX-A,,9000,운정중앙,X101,N,,06:37:00,,X1019,하행,2025-05-01T05:00:00,,평일
GTX-A,,서울역,,,20250812,GTX-A,9000,운정중앙,X101,N,GTX-A,,9001,킨텍스,X102,N,06:41:00,06:41:30,,X1019,하행,2025-05-01T05:00:00,,평일
GTX-A,,서울역,,,20250812,GTX-A,9000,운정중앙,X101,N,GTX-A,,9002,대곡,X103,N,06:46:00,06:46:30,,X1019,하행,2025-05-01T05:00:00,,평일
GTX-A,,서울역,,,20250812,GTX-A,9000,운정중앙,X101,N,GTX-A,,9004,연신내,X105,N,06:52:30,06:53:00,,X1019,하행,2025-05-01T05:00:00,,평일
GTX-A,,서울역,,,20250812,GTX-A,9000,운정중앙,X101,N,GTX-A,,,서울역,,N,06:58:30,,,X1019,하행,2025-05-01T05:00:00,,평일
GTX-A,,서울역,,,20250812,GTX-A,9000,운정중앙,X101,N,GTX-A,,9000,운정중앙,X101,N,,06:43:00,,X1021,하행,2025-05-01T05:00:00,,평일
GTX-A,,서울역,,,20250812,GTX-A,9000,운정중앙,X101,N,GTX-A,,9001,킨텍스,X102,N,06:47:00,06:47:30,,X1021,하행,2025-05-01T05:00:00,,평일
GTX-A,,서울역,,,20250812,GTX-A,9000,운정중앙,X101,N,GTX-A,,9002,대곡,X103,N,06:52:00,06:52:30,,X1021,하행,2025-05-01T05:00:00,,평일
GTX-A,,서울역,,,20250812,GTX-A,9000,운정중앙,X101,N,GTX-A,,9004,연신내,X105,N,06:58:30,06:59:00,,X1021,하행,2025-05-01T05:00:00,,평일
GTX-A,,서울역,,,20250812,GTX-A,9000,운정중앙,X101,N,GTX-A,,,서울역,,N,07:04:30,,,X1021,하행,2025-05-01T05:00:00,,평일
GTX-A,,서울역,,,20250812,GTX-A,9000,운정중앙,X101,N,GTX-A,,9000,운정중앙,X101,N,,06:50:00,,X1023,하행,2025-05-01T05:00:00,,평일
GTX-A,,서울역,,,20250812,GTX-A,9000,운정중앙,X101,N,GTX-A,,9001,킨텍스,X102,N,06:54:00,06:54:30,,X1023,하행,2025-05-01T05:00:00,,평일
GTX-A,,서울역,,,20250812,GTX-A,9000,운정중앙,X101,N,GTX-A,,9002,대곡,X103,N,06:59:00,06:59:30,,X1023,하행,2025-05-01T05:00:00,,평일
GTX-A,,서울역,,,20250812,GTX-A,9000,운정중앙,X101,N,GTX-A,,9004,연신내,X105,N,07:05:30,07:06:00,,X1023,하행,2025-05-01T05:00:00,,평일
GTX-A,,서울역,,,20250812,GTX-A,9000,운정중앙,X101,N,GTX-A,,,서울역,,N,07:11:30,,,X1023,하행,2025-05-01T05:00:00,,평일
GTX-A,,서울역,,,20250812,GTX-A,9000,운정중앙,X101,N,GTX-A,,9000,운정중앙,X101,N,,06:56:00,,X1025,하행,2025-05-01T05:00:00,,평일
GTX-A,,서울역,,,20250812,GTX-A,9000,운정중앙,X101,N,GTX-A,,9001,킨텍스,X102,N,07:00:00,07:00:30,,X1025,하행,2025-05-01T05:00:00,,평일
GTX-A,,서울역,,,20250812,GTX-A,9000,운정중앙,X101,N,GTX-A,,9002,대곡,X103,N,07:05:00,07:05:30,,X1025,하행,2025-05-01T05:00:00,,평일
GTX-A,,서울역,,,20250812,GTX-A,9000,운정중앙,X101,N,GTX-A,,9004,연신내,X105,N,07:11:30,07:12:00,,X1025,하행,2025-05-01T05:00:00,,평일
GTX-A,,서울역,,,20250812,GTX-A,9000,운정중앙,X101,N,GTX-A,,,서울역,,N,07:17:30,,,X1025,하행,2025-05-01T05:00:00,,평일
GTX-A,,서울역,,,20250812,GTX-A,9000,운정중앙,X101,N,GTX-A,,9000,운정중앙,X101,N,,07:02:00,,X1027,하행,2025-05-01T05:00:00,,평일
GTX-A,,서울역,,,20250812,GTX-A,9000,운정중앙,X101,N,GTX-A,,9001,킨텍스,X102,N,07:06:00,07:06:30,,X1027,하행,2025-05-01T05:00:00,,평일
GTX-A,,서울역,,,20250812,GTX-A,9000,운정중앙,X101,N,GTX-A,,9002,대곡,X103,N,07:11:00,07:11:30,,X1027,하행,2025-05-01T05:00:00,,평일
GTX-A,,서울역,,,20250812,GTX-A,9000,운정중앙,X101,N,GTX-A,,9004,연신내,X105,N,07:17:30,07:18:00,,X1027,하행,2025-05-01T05:00:00,,평일
GTX-A,,서울역,,,20250812,GTX-A,9000,운정중앙,X101,N,GTX-A,,,서울역,,N,07:23:30,,,X1027,하행,2025-05-01T05:00:00,,평일
GTX-A,,서울역,,,20250812,GTX-A,9000,운정중앙,X101,N,GTX-A,,9000,운정중앙,X101,N,,07:08:00,,X1029,하행,2025-05-01T05:00:00,,평일
GTX-A,,서울역,,,20250812,GTX-A,9000,운정중앙,X101,N,GTX-A,,9001,킨텍스,X102,N,07:12:00,07:12:30,,X1029,하행,2025-05-01T05:00:00,,평일
GTX-A,,서울역,,,20250812,GTX-A,9000,운정중앙,X101,N,GTX-A,,9002,대곡,X103,N,07:17:00,07:17:30,,X1029,하행,2025-05-01T05:00:00,,평일
GTX-A,,서울역,,,20250812,GTX-A,9000,운정중앙,X101,N,GTX-A,,9004,연신내,X105,N,07:23:30,07:24:00,,X1029,하행,2025-05-01T05:00:00,,평일
GTX-A,,서울역,,,20250812,GTX-A,9000,운정중앙,X101,N,GTX-A,,,서울역,,N,07:29:30,,,X1029,하행,2025-05-01T05:00:00,,평일
GTX-A,,서울역,,,20250812,GTX-A,9000,운정중앙,X101,N,GTX-A,,9000,운정중앙,X101,N,,07:15:00,,X1031,하행,2025-05-01T05:00:00,,평일
GTX-A,,서울역,,,20250812,GTX-A,9000,운정중앙,X101,N,GTX-A,,9001,킨텍스,X102,N,07:19:00,07:19:30,,X1031,하행,2025-05-01T05:00:00,,평일
GTX-A,,서울역,,,20250812,GTX-A,9000,운정중앙,X101,N,GTX-A,,9002,대곡,X103,N,07:24:00,07:24:30,,X1031,하행,2025-05-01T05:00:00,,평일
GTX-A,,서울역,,,20250812,GTX-A,9000,운정중앙,X101,N,GTX-A,,9004,연신내,X105,N,07:30:30,07:31:00,,X1031,하행,2025-05-01T05:00:00,,평일
GTX-A,,서울역,,,20250812,GTX-A,9000,운정중앙,X101,N,GTX-A,,,서울역,,N,07:36:30,,,X1031,하행,2025-05-01T05:00:00,,평일
GTX-A,,서울역,,,20250812,GTX-A,9000,운정중앙,X101,N,GTX-A,,9000,운정중앙,X101,N,,07:21:00,,X1033,하행,2025-05-01T05:00:00,,평일
GTX-A,,서울역,,,20250812,GTX-A,9000,운정중앙,X101,N,GTX-A,,9001,킨텍스,X102,N,07:25:00,07:25:30,,X1033,하행,2025-05-01T05:00:00,,평일
GTX-A,,서울역,,,20250812,GTX-A,9000,운정중앙,X101,N,GTX-A,,9002,대곡,X103,N,07:30:00,07:30:30,,X1033,하행,2025-05-01T05:00:00,,평일
GTX-A,,서울역,,,20250812,GTX-A,9000,운정중앙,X101,N,GTX-A,,9004,연신내,X105,N,07:36:30,07:37:00,,X1033,하행,2025-05-01T05:00:00,,평일
GTX-A,,서울역,,,20250812,GTX-A,9000,운정중앙,X101,N,GTX-A,,,서울역,,N,07:42:30,,,X1033,하행,2025-05-01T05:00:00,,평일
GTX-A,,서울역,,,20250812,GTX-A,9000,운정중앙,X101,N,GTX-A,,9000,운정중앙,X101,N,,07:27:00,,X1035,하행,2025-05-01T05:00:00,,평일
GTX-A,,서울역,,,20250812,GTX-A,9000,운정중앙,X101,N,GTX-A,,9001,킨텍스,X102,N,07:31:00,07:31:30,,X1035,하행,2025-05-01T05:00:00,,평일
GTX-A,,서울역,,,20250812,GTX-A,9000,운정중앙,X101,N,GTX-A,,9002,대곡,X103,N,07:36:00,07:36:30,,X1035,하행,2025-05-01T05:00:00,,평일
GTX-A,,서울역,,,20250812,GTX-A,9000,운정중앙,X101,N,GTX-A,,9004,연신내,X105,N,07:42:30,07:43:00,,X1035,하행,2025-05-01T05:00:00,,평일
GTX-A,,서울역,,,20250812,GTX-A,9000,운정중앙,X101,N,GTX-A,,,서울역,,N,07:48:30,,,X1035,하행,2025-05-01T05:00:00,,평일
GTX-A,,서울역,,,20250812,GTX-A,9000,운정중앙,X101,N,GTX-A,,9000,운정중앙,X101,N,,07:33:00,,X1037,하행,2025-05-01T05:00:00,,평일
GTX-A,,서울역,,,20250812,GTX-A,9000,운정중앙,X101,N,GTX-A,,9001,킨텍스,X102,N,07:37:00,07:37:30,,X1037,하행,2025-05-01T05:00:00,,평일
GTX-A,,서울역,,,20250812,GTX-A,9000,운정중앙,X101,N,GTX-A,,9002,대곡,X103,N,07:42:00,07:42:30,,X1037,하행,2025-05-01T05:00:00,,평일
GTX-A,,서울역,,,20250812,GTX-A,9000,운정중앙,X101,N,GTX-A,,9004,연신내,X105,N,07:48:30,07:49:00,,X1037,하행,2025-05-01T05:00:00,,평일
GTX-A,,서울역,,,20250812,GTX-A,9000,운정중앙,X101,N,GTX-A,,,서울역,,N,07:54:30,,,X1037,하행,2025-05-01T05:00:00,,평일
GTX-A,,서울역,,,20250812,GTX-A,9000,운정중앙,X101,N,GTX-A,,9000,운정중앙,X101,N,,07:40:00,,X1039,하행,2025-05-01T05:00:00,,평일
GTX-A,,서울역,,,20250812,GTX-A,9000,운정중앙,X101,N,GTX-A,,9001,킨텍스,X102,N,07:44:00,07:44:30,,X1039,하행,2025-05-01T05:00:00,,평일
GTX-A,,서울역,,,20250812,GTX-A,9000,운정중앙,X101,N,GTX-A,,9002,대곡,X103,N,07:49:00,07:49:30,,X1039,하행,2025-05-01T05:00:00,,평일
GTX-A,,서울역,,,20250812,GTX-A,9000,운정중앙,X101,N,GTX-A,,9004,연신내,X105,N,07:55:30,07:56:00,,X1039,하행,2025-05-01T05:00:00,,평일
GTX-A,,서울역,,,20250812,GTX-A,9000,운정중앙,X101,N,GTX-A,,,서울역,,N,08:01:30,,,X1039,하행,2025-05-01T05:00:00,,평일
GTX-A,,서울역,,,20250812,GTX-A,9000,운정중앙,X101,N,GTX-A,,9000,운정중앙,X101,N,,07:46:00,,X1041,하행,2025-05-01T05:00:00,,평일
GTX-A,,서울역,,,20250812,GTX-A,9000,운정중앙,X101,N,GTX-A,,9001,킨텍스,X102,N,07:50:00,07:50:30,,X1041,하행,2025-05-01T05:00:00,,평일
GTX-A,,서울역,,,20250812,GTX-A,9000,운정중앙,X101,N,GTX-A,,9002,대곡,X103,N,07:55:00,07:55:30,,X1041,하행,2025-05-01T05:00:00,,평일
GTX-A,,서울역,,,20250812,GTX-A,9000,운정중앙,X101,N,GTX-A,,9004,연신내,X105,N,08:01:30,08:02:00,,X1041,하행,2025-05-01T05:00:00,,평일
GTX-A,,서울역,,,20250812,GTX-A,9000,운정중앙,X101,N,GTX-A,,,서울역,,N,08:07:30,,,X1041,하행,2025-05-01T05:00:00,,평일
GTX-A,,서울역,,,20250812,GTX-A,9000,운정중앙,X101,N,GTX-A,,9000,운정중앙,X101,N,,07:52:00,,X1043,하행,2025-05-01T05:00:00,,평일
GTX-A,,서울역,,,20250812,GTX-A,9000,운정중앙,X101,N,GTX-A,,9001,킨텍스,X102,N,07:56:00,07:56:30,,X1043,하행,2025-05-01T05:00:00,,평일
GTX-A,,서울역,,,20250812,GTX-A,9000,운정중앙,X101,N,GTX-A,,9002,대곡,X103,N,08:01:00,08:01:30,,X1043,하행,2025-05-01T05:00:00,,평일
GTX-A,,서울역,,,20250812,GTX-A,9000,운정중앙,X101,N,GTX-A,,9004,연신내,X105,N,08:07:30,08:08:00,,X1043,하행,2025-05-01T05:00:00,,평일
GTX-A,,서울역,,,20250812,GTX-A,9000,운정중앙,X101,N,GTX-A,,,서울역,,N,08:13:30,,,X1043,하행,2025-05-01T05:00:00,,평일
GTX-A,,서울역,,,20250812,GTX-A,9000,운정중앙,X101,N,GTX-A,,9000,운정중앙,X101,N,,07:58:00,,X1045,하행,2025-05-01T05:00:00,,평일
GTX-A,,서울역,,,20250812,GTX-A,9000,운정중앙,X101,N,GTX-A,,9001,킨텍스,X102,N,08:02:00,08:02:30,,X1045,하행,2025-05-01T05:00:00,,평일
GTX-A,,서울역,,,20250812,GTX-A,9000,운정중앙,X101,N,GTX-A,,9002,대곡,X103,N,08:07:00,08:07:30,,X1045,하행,2025-05-01T05:00:00,,평일
GTX-A,,서울역,,,20250812,GTX-A,9000,운정중앙,X101,N,GTX-A,,9004,연신내,X105,N,08:13:30,08:14:00,,X1045,하행,2025-05-01T05:00:00,,평일
GTX-A,,서울역,,,20250812,GTX-A,9000,운정중앙,X101,N,GTX-A,,,서울역,,N,08:19:30,,,X1045,하행,2025-05-01T05:00:00,,평일
GTX-A,,서울역,,,20250812,GTX-A,9000,운정중앙,X101,N,GTX-A,,9000,운정중앙,X101,N,,08:05:00,,X1047,하행,2025-05-01T05:00:00,,평일
GTX-A,,서울역,,,20250812,GTX-A,9000,운정중앙,X101,N,GTX-A,,9001,킨텍스,X102,N,08:09:00,08:09:30,,X1047,하행,2025-05-01T05:00:00,,평일
GTX-A,,서울역,,,20250812,GTX-A,9000,운정중앙,X101,N,GTX-A,,9002,대곡,X103,N,08:14:00,08:14:30,,X1047,하행,2025-05-01T05:00:00,,평일
GTX-A,,서울역,,,20250812,GTX-A,9000,운정중앙,X101,N,GTX-A,,9004,연신내,X105,N,08:20:30,08:21:00,,X1047,하행,2025-05-01T05:00:00,,평일
GTX-A,,서울역,,,20250812,GTX-A,9000,운정중앙,X101,N,GTX-A,,,서울역,,N,08:26:30,,,X1047,하행,2025-05-01T05:00:00,,평일
GTX-A,,서울역,,,20250812,GTX-A,9000,운정중앙,X101,N,GTX-A,,9000,운정중앙,X101,N,,08:11:00,,X1049,하행,2025-05-01T05:00:00,,평일
GTX-A,,서울역,,,20250812,GTX-A,9000,운정중앙,X101,N,GTX-A,,9001,킨텍스,X102,N,08:15:00,08:15:30,,X1049,하행,2025-05-01T05:00:00,,평일
GTX-A,,서울역,,,20250812,GTX-A,9000,운정중앙,X101,N,GTX-A,,9002,대곡,X103,N,08:20:00,08:20:30,,X1049,하행,2025-05-01T05:00:00,,평일
GTX-A,,서울역,,,20250812,GTX-A,9000,운정중앙,X101,N,GTX-A,,9004,연신내,X105,N,08:26:30,08:27:00,,X1049,하행,2025-05-01T05:00:00,,평일
GTX-A,,서울역,,,20250812,GTX-A,9000,운정중앙,X101,N,GTX-A,,,서울역,,N,08:32:30,,,X1049,하행,2025-05-01T05:00:00,,평일
GTX-A,,서울역,,,20250812,GTX-A,9000,운정중앙,X101,N,GTX-A,,9000,운정중앙,X101,N,,08:17:00,,X1051,하행,2025-05-01T05:00:00,,평일
GTX-A,,서울역,,,20250812,GTX-A,9000,운정중앙,X101,N,GTX-A,,9001,킨텍스,X102,N,08:21:00,08:21:30,,X1051,하행,2025-05-01T05:00:00,,평일
GTX-A,,서울역,,,20250812,GTX-A,9000,운정중앙,X101,N,GTX-A,,9002,대곡,X103,N,08:26:00,08:26:30,,X1051,하행,2025-05-01T05:00:00,,평일
GTX-A,,서울역,,,20250812,GTX-A,9000,운정중앙,X101,N,GTX-A,,9004,연신내,X105,N,08:32:30,08:33:00,,X1051,하행,2025-05-01T05:00:00,,평일
GTX-A,,서울역,,,20250812,GTX-A,9000,운정중앙,X101,N,GTX-A,,,서울역,,N,08:38:30,,,X1051,하행,2025-05-01T05:00:00,,평일
GTX-A,,서울역,,,20250812,GTX-A,9000,운정중앙,X101,N,GTX-A,,9000,운정중앙,X101,N,,08:23:00,,X1053,하행,2025-05-01T05:00:00,,평일
GTX-A,,서울역,,,20250812,GTX-A,9000,운정중앙,X101,N,GTX-A,,9001,킨텍스,X102,N,08:27:00,08:27:30,,X1053,하행,2025-05-01T05:00:00,,평일
GTX-A,,서울역,,,20250812,GTX-A,9000,운정중앙,X101,N,GTX-A,,9002,대곡,X103,N,08:32:00,08:32:30,,X1053,하행,2025-05-01T05:00:00,,평일
GTX-A,,서울역,,,20250812,GTX-A,9000,운정중앙,X101,N,GTX-A,,9004,연신내,X105,N,08:38:30,08:39:00,,X1053,하행,2025-05-01T05:00:00,,평일
GTX-A,,서울역,,,20250812,GTX-A,9000,운정중앙,X101,N,GTX-A,,,서울역,,N,08:44:30,,,X1053,하행,2025-05-01T05:00:00,,평일
GTX-A,,서울역,,,20250812,GTX-A,9000,운정중앙,X101,N,GTX-A,,9000,운정중앙,X101,N,,08:30:00,,X1055,하행,2025-05-01T05:00:00,,평일
GTX-A,,서울역,,,20250812,GTX-A,9000,운정중앙,X101,N,GTX-A,,9001,킨텍스,X102,N,08:34:00,08:34:30,,X1055,하행,2025-05-01T05:00:00,,평일
GTX-A,,서울역,,,20250812,GTX-A,9000,운정중앙,X101,N,GTX-A,,9002,대곡,X103,N,08:39:00,08:39:30,,X1055,하행,2025-05-01T05:00:00,,평일
GTX-A,,서울역,,,20250812,GTX-A,9000,운정중앙,X101,N,GTX-A,,9004,연신내,X105,N,08:45:30,08:46:00,,X1055,하행,2025-05-01T05:00:00,,평일
GTX-A,,서울역,,,20250812,GTX-A,9000,운정중앙,X101,N,GTX-A,,,서울역,,N,08:51:30,,,X1055,하행,2025-05-01T05:00:00,,평일
GTX-A,,서울역,,,20250812,GTX-A,9000,운정중앙,X101,N,GTX-A,,9000,운정중앙,X101,N,,08:36:00,,X1057,하행,2025-05-01T05:00:00,,평일
GTX-A,,서울역,,,20250812,GTX-A,9000,운정중앙,X101,N,GTX-A,,9001,킨텍스,X102,N,08:40:00,08:40:30,,X1057,하행,2025-05-01T05:00:00,,평일
GTX-A,,서울역,,,20250812,GTX-A,9000,운정중앙,X101,N,GTX-A,,9002,대곡,X103,N,08:45:00,08:45:30,,X1057,하행,2025-05-01T05:00:00,,평일
GTX-A,,서울역,,,20250812,GTX-A,9000,운정중앙,X101,N,GTX-A,,9004,연신내,X105,N,08:51:30,08:52:00,,X1057,하행,2025-05-01T05:00:00,,평일
GTX-A,,서울역,,,20250812,GTX-A,9000,운정중앙,X101,N,GTX-A,,,서울역,,N,08:57:30,,,X1057,하행,2025-05-01T05:00:00,,평일
GTX-A,,서울역,,,20250812,GTX-A,9000,운정중앙,X101,N,GTX-A,,9000,운정중앙,X101,N,,08:42:00,,X1059,하행,2025-05-01T05:00:00,,평일
GTX-A,,서울역,,,20250812,GTX-A,9000,운정중앙,X101,N,GTX-A,,9001,킨텍스,X102,N,08:46:00,08:46:30,,X1059,하행,2025-05-01T05:00:00,,평일
GTX-A,,서울역,,,20250812,GTX-A,9000,운정중앙,X101,N,GTX-A,,9002,대곡,X103,N,08:51:00,08:51:30,,X1059,하행,2025-05-01T05:00:00,,평일
GTX-A,,서울역,,,20250812,GTX-A,9000,운정중앙,X101,N,GTX-A,,9004,연신내,X105,N,08:57:30,08:58:00,,X1059,하행,2025-05-01T05:00:00,,평일
GTX-A,,서울역,,,20250812,GTX-A,9000,운정중앙,X101,N,GTX-A,,,서울역,,N,09:03:30,,,X1059,하행,2025-05-01T05:00:00,,평일
GTX-A,,서울역,,,20250812,GTX-A,9000,운정중앙,X101,N,GTX-A,,9000,운정중앙,X101,N,,08:48:00,,X1061,하행,2025-05-01T05:00:00,,평일
GTX-A,,서울역,,,20250812,GTX-A,9000,운정중앙,X101,N,GTX-A,,9001,킨텍스,X102,N,08:52:00,08:52:30,,X1061,하행,2025-05-01T05:00:00,,평일
GTX-A,,서울역,,,20250812,GTX-A,9000,운정중앙,X101,N,GTX-A,,9002,대곡,X103,N,08:57:00,08:57:30,,X1061,하행,2025-05-01T05:00:00,,평일
GTX-A,,서울역,,,20250812,GTX-A,9000,운정중앙,X101,N,GTX-A,,9004,연신내,X105,N,09:03:30,09:04:00,,X1061,하행,2025-05-01T05:00:00,,평일
GTX-A,,서울역,,,20250812,GTX-A,9000,운정중앙,X101,N,GTX-A,,,서울역,,N,09:09:30,,,X1061,하행,2025-05-01T05:00:00,,평일
GTX-A,,서울역,,,20250812,GTX-A,9000,운정중앙,X101,N,GTX-A,,9000,운정중앙,X101,N,,08:55:00,,X1063,하행,2025-05-01T05:00:00,,평일
GTX-A,,서울역,,,20250812,GTX-A,9000,운정중앙,X101,N,GTX-A,,9001,킨텍스,X102,N,08:59:00,08:59:30,,X1063,하행,2025-05-01T05:00:00,,평일
GTX-A,,서울역,,,20250812,GTX-A,9000,운정중앙,X101,N,GTX-A,,9002,대곡,X103,N,09:04:00,09:04:30,,X1063,하행,2025-05-01T05:00:00,,평일
GTX-A,,서울역,,,20250812,GTX-A,9000,운정중앙,X101,N,GTX-A,,9004,연신내,X105,N,09:10:30,09:11:00,,X1063,하행,2025-05-01T05:00:00,,평일
GTX-A,,서울역,,,20250812,GTX-A,9000,운정중앙,X101,N,GTX-A,,,서울역,,N,09:16:30,,,X1063,하행,2025-05-01T05:00:00,,평일
GTX-A,,서울역,,,20250812,GTX-A,9000,운정중앙,X101,N,GTX-A,,9000,운정중앙,X101,N,,09:03:00,,X1065,하행,2025-05-01T05:00:00,,평일
GTX-A,,서울역,,,20250812,GTX-A,9000,운정중앙,X101,N,GTX-A,,9001,킨텍스,X102,N,09:07:00,09:07:30,,X1065,하행,2025-05-01T05:00:00,,평일
GTX-A,,서울역,,,20250812,GTX-A,9000,운정중앙,X101,N,GTX-A,,9002,대곡,X103,N,09:12:00,09:12:30,,X1065,하행,2025-05-01T05:00:00,,평일
GTX-A,,서울역,,,20250812,GTX-A,9000,운정중앙,X101,N,GTX-A,,9004,연신내,X105,N,09:18:30,09:19:00,,X1065,하행,2025-05-01T05:00:00,,평일
GTX-A,,서울역,,,20250812,GTX-A,9000,운정중앙,X101,N,GTX-A,,,서울역,,N,09:24:30,,,X1065,하행,2025-05-01T05:00:00,,평일
GTX-A,,서울역,,,20250812,GTX-A,9000,운정중앙,X101,N,GTX-A,,9000,운정중앙,X101,N,,09:11:00,,X1067,하행,2025-05-01T05:00:00,,평일
GTX-A,,서울역,,,20250812,GTX-A,9000,운정중앙,X101,N,GTX-A,,9001,킨텍스,X102,N,09:15:00,09:15:30,,X1067,하행,2025-05-01T05:00:00,,평일
GTX-A,,서울역,,,20250812,GTX-A,9000,운정중앙,X101,N,GTX-A,,9002,대곡,X103,N,09:20:00,09:20:30,,X1067,하행,2025-05-01T05:00:00,,평일
GTX-A,,서울역,,,20250812,GTX-A,9000,운정중앙,X101,N,GTX-A,,9004,연신내,X105,N,09:26:30,09:27:00,,X1067,하행,2025-05-01T05:00:00,,평일
GTX-A,,서울역,,,20250812,GTX-A,9000,운정중앙,X101,N,GTX-A,,,서울역,,N,09:32:30,,,X1067,하행,2025-05-01T05:00:00,,평일
GTX-A,,서울역,,,20250812,GTX-A,9000,운정중앙,X101,N,GTX-A,,9000,운정중앙,X101,N,,09:19:00,,X1069,하행,2025-05-01T05:00:00,,평일
GTX-A,,서울역,,,20250812,GTX-A,9000,운정중앙,X101,N,GTX-A,,9001,킨텍스,X102,N,09:23:00,09:23:30,,X1069,하행,2025-05-01T05:00:00,,평일
GTX-A,,서울역,,,20250812,GTX-A,9000,운정중앙,X101,N,GTX-A,,9002,대곡,X103,N,09:28:00,09:28:30,,X1069,하행,2025-05-01T05:00:00,,평일
GTX-A,,서울역,,,20250812,GTX-A,9000,운정중앙,X101,N,GTX-A,,9004,연신내,X105,N,09:34:30,09:35:00,,X1069,하행,2025-05-01T05:00:00,,평일
GTX-A,,서울역,,,20250812,GTX-A,9000,운정중앙,X101,N,GTX-A,,,서울역,,N,09:40:30,,,X1069,하행,2025-05-01T05:00:00,,평일
GTX-A,,서울역,,,20250812,GTX-A,9000,운정중앙,X101,N,GTX-A,,9000,운정중앙,X101,N,,09:27:00,,X1071,하행,2025-05-01T05:00:00,,평일
GTX-A,,서울역,,,20250812,GTX-A,9000,운정중앙,X101,N,GTX-A,,9001,킨텍스,X102,N,09:31:00,09:31:30,,X1071,하행,2025-05-01T05:00:00,,평일
GTX-A,,서울역,,,20250812,GTX-A,9000,운정중앙,X101,N,GTX-A,,9002,대곡,X103,N,09:36:00,09:36:30,,X1071,하행,2025-05-01T05:00:00,,평일
GTX-A,,서울역,,,20250812,GTX-A,9000,운정중앙,X101,N,GTX-A,,9004,연신내,X105,N,09:42:30,09:43:00,,X1071,하행,2025-05-01T05:00:00,,평일
GTX-A,,서울역,,,20250812,GTX-A,9000,운정중앙,X101,N,GTX-A,,,서울역,,N,09:48:30,,,X1071,하행,2025-05-01T05:00:00,,평일
GTX-A,,서울역,,,20250812,GTX-A,9000,운정중앙,X101,N,GTX-A,,9000,운정중앙,X101,N,,09:35:00,,X1073,하행,2025-05-01T05:00:00,,평일
GTX-A,,서울역,,,20250812,GTX-A,9000,운정중앙,X101,N,GTX-A,,9001,킨텍스,X102,N,09:39:00,09:39:30,,X1073,하행,2025-05-01T05:00:00,,평일
GTX-A,,서울역,,,20250812,GTX-A,9000,운정중앙,X101,N,GTX-A,,9002,대곡,X103,N,09:44:00,09:44:30,,X1073,하행,2025-05-01T05:00:00,,평일
GTX-A,,서울역,,,20250812,GTX-A,9000,운정중앙,X101,N,GTX-A,,9004,연신내,X105,N,09:50:30,09:51:00,,X1073,하행,2025-05-01T05:00:00,,평일
GTX-A,,서울역,,,20250812,GTX-A,9000,운정중앙,X101,N,GTX-A,,,서울역,,N,09:56:30,,,X1073,하행,2025-05-01T05:00:00,,평일
GTX-A,,서울역,,,20250812,GTX-A,9000,운정중앙,X101,N,GTX-A,,9000,운정중앙,X101,N,,09:43:00,,X1075,하행,2025-05-01T05:00:00,,평일
GTX-A,,서울역,,,20250812,GTX-A,9000,운정중앙,X101,N,GTX-A,,9001,킨텍스,X102,N,09:47:00,09:47:30,,X1075,하행,2025-05-01T05:00:00,,평일
GTX-A,,서울역,,,20250812,GTX-A,9000,운정중앙,X101,N,GTX-A,,9002,대곡,X103,N,09:52:00,09:52:30,,X1075,하행,2025-05-01T05:00:00,,평일
GTX-A,,서울역,,,20250812,GTX-A,9000,운정중앙,X101,N,GTX-A,,9004,연신내,X105,N,09:58:30,09:59:00,,X1075,하행,2025-05-01T05:00:00,,평일
GTX-A,,서울역,,,20250812,GTX-A,9000,운정중앙,X101,N,GTX-A,,,서울역,,N,10:04:30,,,X1075,하행,2025-05-01T05:00:00,,평일
GTX-A,,서울역,,,20250812,GTX-A,9000,운정중앙,X101,N,GTX-A,,9000,운정중앙,X101,N,,09:51:00,,X1077,하행,2025-05-01T05:00:00,,평일
GTX-A,,서울역,,,20250812,GTX-A,9000,운정중앙,X101,N,GTX-A,,9001,킨텍스,X102,N,09:55:00,09:55:30,,X1077,하행,2025-05-01T05:00:00,,평일
GTX-A,,서울역,,,20250812,GTX-A,9000,운정중앙,X101,N,GTX-A,,9002,대곡,X103,N,10:00:00,10:00:30,,X1077,하행,2025-05-01T05:00:00,,평일
GTX-A,,서울역,,,20250812,GTX-A,9000,운정중앙,X101,N,GTX-A,,9004,연신내,X105,N,10:06:30,10:07:00,,X1077,하행,2025-05-01T05:00:00,,평일
GTX-A,,서울역,,,20250812,GTX-A,9000,운정중앙,X101,N,GTX-A,,,서울역,,N,10:12:30,,,X1077,하행,2025-05-01T05:00:00,,평일
GTX-A,,서울역,,,20250812,GTX-A,9000,운정중앙,X101,N,GTX-A,,9000,운정중앙,X101,N,,10:00:00,,X1079,하행,2025-05-01T05:00:00,,평일
GTX-A,,서울역,,,20250812,GTX-A,9000,운정중앙,X101,N,GTX-A,,9001,킨텍스,X102,N,10:04:00,10:04:30,,X1079,하행,2025-05-01T05:00:00,,평일
GTX-A,,서울역,,,20250812,GTX-A,9000,운정중앙,X101,N,GTX-A,,9002,대곡,X103,N,10:09:00,10:09:30,,X1079,하행,2025-05-01T05:00:00,,평일
GTX-A,,서울역,,,20250812,GTX-A,9000,운정중앙,X101,N,GTX-A,,9004,연신내,X105,N,10:15:30,10:16:00,,X1079,하행,2025-05-01T05:00:00,,평일
GTX-A,,서울역,,,20250812,GTX-A,9000,운정중앙,X101,N,GTX-A,,,서울역,,N,10:21:30,,,X1079,하행,2025-05-01T05:00:00,,평일
GTX-A,,서울역,,,20250812,GTX-A,9000,운정중앙,X101,N,GTX-A,,9000,운정중앙,X101,N,,10:10:00,,X1081,하행,2025-05-01T05:00:00,,평일
GTX-A,,서울역,,,20250812,GTX-A,9000,운정중앙,X101,N,GTX-A,,9001,킨텍스,X102,N,10:14:00,10:14:30,,X1081,하행,2025-05-01T05:00:00,,평일
GTX-A,,서울역,,,20250812,GTX-A,9000,운정중앙,X101,N,GTX-A,,9002,대곡,X103,N,10:19:00,10:19:30,,X1081,하행,2025-05-01T05:00:00,,평일
GTX-A,,서울역,,,20250812,GTX-A,9000,운정중앙,X101,N,GTX-A,,9004,연신내,X105,N,10:25:30,10:26:00,,X1081,하행,2025-05-01T05:00:00,,평일
GTX-A,,서울역,,,20250812,GTX-A,9000,운정중앙,X101,N,GTX-A,,,서울역,,N,10:31:30,,,X1081,하행,2025-05-01T05:00:00,,평일
GTX-A,,서울역,,,20250812,GTX-A,9000,운정중앙,X101,N,GTX-A,,9000,운정중앙,X101,N,,10:20:00,,X1083,하행,2025-05-01T05:00:00,,평일
GTX-A,,서울역,,,20250812,GTX-A,9000,운정중앙,X101,N,GTX-A,,9001,킨텍스,X102,N,10:24:00,10:24:30,,X1083,하행,2025-05-01T05:00:00,,평일
GTX-A,,서울역,,,20250812,GTX-A,9000,운정중앙,X101,N,GTX-A,,9002,대곡,X103,N,10:29:00,10:29:30,,X1083,하행,2025-05-01T05:00:00,,평일
GTX-A,,서울역,,,20250812,GTX-A,9000,운정중앙,X101,N,GTX-A,,9004,연신내,X105,N,10:35:30,10:36:00,,X1083,하행,2025-05-01T05:00:00,,평일
GTX-A,,서울역,,,20250812,GTX-A,9000,운정중앙,X101,N,GTX-A,,,서울역,,N,10:41:30,,,X1083,하행,2025-05-01T05:00:00,,평일
GTX-A,,서울역,,,20250812,GTX-A,9000,운정중앙,X101,N,GTX-A,,9000,운정중앙,X101,N,,10:30:00,,X1085,하행,2025-05-01T05:00:00,,평일
GTX-A,,서울역,,,20250812,GTX-A,9000,운정중앙,X101,N,GTX-A,,9001,킨텍스,X102,N,10:34:00,10:34:30,,X1085,하행,2025-05-01T05:00:00,,평일
GTX-A,,서울역,,,20250812,GTX-A,9000,운정중앙,X101,N,GTX-A,,9002,대곡,X103,N,10:39:00,10:39:30,,X1085,하행,2025-05-01T05:00:00,,평일
GTX-A,,서울역,,,20250812,GTX-A,9000,운정중앙,X101,N,GTX-A,,9004,연신내,X105,N,10:45:30,10:46:00,,X1085,하행,2025-05-01T05:00:00,,평일
GTX-A,,서울역,,,20250812,GTX-A,9000,운정중앙,X101,N,GTX-A,,,서울역,,N,10:51:30,,,X1085,하행,2025-05-01T05:00:00,,평일
GTX-A,,서울역,,,20250812,GTX-A,9000,운정중앙,X101,N,GTX-A,,9000,운정중앙,X101,N,,10:40:00,,X1087,하행,2025-05-01T05:00:00,,평일
GTX-A,,서울역,,,20250812,GTX-A,9000,운정중앙,X101,N,GTX-A,,9001,킨텍스,X102,N,10:44:00,10:44:30,,X1087,하행,2025-05-01T05:00:00,,평일
GTX-A,,서울역,,,20250812,GTX-A,9000,운정중앙,X101,N,GTX-A,,9002,대곡,X103,N,10:49:00,10:49:30,,X1087,하행,2025-05-01T05:00:00,,평일
GTX-A,,서울역,,,20250812,GTX-A,9000,운정중앙,X101,N,GTX-A,,9004,연신내,X105,N,10:55:30,10:56:00,,X1087,하행,2025-05-01T05:00:00,,평일
GTX-A,,서울역,,,20250812,GTX-A,9000,운정중앙,X101,N,GTX-A,,,서울역,,N,11:01:30,,,X1087,하행,2025-05-01T05:00:00,,평일
GTX-A,,서울역,,,20250812,GTX-A,9000,운정중앙,X101,N,GTX-A,,9000,운정중앙,X101,N,,10:50:00,,X1089,하행,2025-05-01T05:00:00,,평일
GTX-A,,서울역,,,20250812,GTX-A,9000,운정중앙,X101,N,GTX-A,,9001,킨텍스,X102,N,10:54:00,10:54:30,,X1089,하행,2025-05-01T05:00:00,,평일
GTX-A,,서울역,,,20250812,GTX-A,9000,운정중앙,X101,N,GTX-A,,9002,대곡,X103,N,10:59:00,10:59:30,,X1089,하행,2025-05-01T05:00:00,,평일
GTX-A,,서울역,,,20250812,GTX-A,9000,운정중앙,X101,N,GTX-A,,9004,연신내,X105,N,11:05:30,11:06:00,,X1089,하행,2025-05-01T05:00:00,,평일
GTX-A,,서울역,,,20250812,GTX-A,9000,운정중앙,X101,N,GTX-A,,,서울역,,N,11:11:30,,,X1089,하행,2025-05-01T05:00:00,,평일
GTX-A,,서울역,,,20250812,GTX-A,9000,운정중앙,X101,N,GTX-A,,9000,운정중앙,X101,N,,11:00:00,,X1091,하행,2025-05-01T05:00:00,,평일
GTX-A,,서울역,,,20250812,GTX-A,9000,운정중앙,X101,N,GTX-A,,9001,킨텍스,X102,N,11:04:00,11:04:30,,X1091,하행,2025-05-01T05:00:00,,평일
GTX-A,,서울역,,,20250812,GTX-A,9000,운정중앙,X101,N,GTX-A,,9002,대곡,X103,N,11:09:00,11:09:30,,X1091,하행,2025-05-01T05:00:00,,평일
GTX-A,,서울역,,,20250812,GTX-A,9000,운정중앙,X101,N,GTX-A,,9004,연신내,X105,N,11:15:30,11:16:00,,X1091,하행,2025-05-01T05:00:00,,평일
GTX-A,,서울역,,,20250812,GTX-A,9000,운정중앙,X101,N,GTX-A,,,서울역,,N,11:21:30,,,X1091,하행,2025-05-01T05:00:00,,평일
GTX-A,,서울역,,,20250812,GTX-A,9000,운정중앙,X101,N,GTX-A,,9000,운정중앙,X101,N,,11:10:00,,X1093,하행,2025-05-01T05:00:00,,평일
GTX-A,,서울역,,,20250812,GTX-A,9000,운정중앙,X101,N,GTX-A,,9001,킨텍스,X102,N,11:14:00,11:14:30,,X1093,하행,2025-05-01T05:00:00,,평일
GTX-A,,서울역,,,20250812,GTX-A,9000,운정중앙,X101,N,GTX-A,,9002,대곡,X103,N,11:19:00,11:19:30,,X1093,하행,2025-05-01T05:00:00,,평일
GTX-A,,서울역,,,20250812,GTX-A,9000,운정중앙,X101,N,GTX-A,,9004,연신내,X105,N,11:25:30,11:26:00,,X1093,하행,2025-05-01T05:00:00,,평일
GTX-A,,서울역,,,20250812,GTX-A,9000,운정중앙,X101,N,GTX-A,,,서울역,,N,11:31:30,,,X1093,하행,2025-05-01T05:00:00,,평일
GTX-A,,서울역,,,20250812,GTX-A,9000,운정중앙,X101,N,GTX-A,,9000,운정중앙,X101,N,,11:20:00,,X1095,하행,2025-05-01T05:00:00,,평일
GTX-A,,서울역,,,20250812,GTX-A,9000,운정중앙,X101,N,GTX-A,,9001,킨텍스,X102,N,11:24:00,11:24:30,,X1095,하행,2025-05-01T05:00:00,,평일
GTX-A,,서울역,,,20250812,GTX-A,9000,운정중앙,X101,N,GTX-A,,9002,대곡,X103,N,11:29:00,11:29:30,,X1095,하행,2025-05-01T05:00:00,,평일
GTX-A,,서울역,,,20250812,GTX-A,9000,운정중앙,X101,N,GTX-A,,9004,연신내,X105,N,11:35:30,11:36:00,,X1095,하행,2025-05-01T05:00:00,,평일
GTX-A,,서울역,,,20250812,GTX-A,9000,운정중앙,X101,N,GTX-A,,,서울역,,N,11:41:30,,,X1095,하행,2025-05-01T05:00:00,,평일
GTX-A,,서울역,,,20250812,GTX-A,9000,운정중앙,X101,N,GTX-A,,9000,운정중앙,X101,N,,11:30:00,,X1097,하행,2025-05-01T05:00:00,,평일
GTX-A,,서울역,,,20250812,GTX-A,9000,운정중앙,X101,N,GTX-A,,9001,킨텍스,X102,N,11:34:00,11:34:30,,X1097,하행,2025-05-01T05:00:00,,평일
GTX-A,,서울역,,,20250812,GTX-A,9000,운정중앙,X101,N,GTX-A,,9002,대곡,X103,N,11:39:00,11:39:30,,X1097,하행,2025-05-01T05:00:00,,평일
GTX-A,,서울역,,,20250812,GTX-A,9000,운정중앙,X101,N,GTX-A,,9004,연신내,X105,N,11:45:30,11:46:00,,X1097,하행,2025-05-01T05:00:00,,평일
GTX-A,,서울역,,,20250812,GTX-A,9000,운정중앙,X101,N,GTX-A,,,서울역,,N,11:51:30,,,X1097,하행,2025-05-01T05:00:00,,평일
GTX-A,,서울역,,,20250812,GTX-A,9000,운정중앙,X101,N,GTX-A,,9000,운정중앙,X101,N,,11:40:00,,X1099,하행,2025-05-01T05:00:00,,평일
GTX-A,,서울역,,,20250812,GTX-A,9000,운정중앙,X101,N,GTX-A,,9001,킨텍스,X102,N,11:44:00,11:44:30,,X1099,하행,2025-05-01T05:00:00,,평일
GTX-A,,서울역,,,20250812,GTX-A,9000,운정중앙,X101,N,GTX-A,,9002,대곡,X103,N,11:49:00,11:49:30,,X1099,하행,2025-05-01T05:00:00,,평일
GTX-A,,서울역,,,20250812,GTX-A,9000,운정중앙,X101,N,GTX-A,,9004,연신내,X105,N,11:55:30,11:56:00,,X1099,하행,2025-05-01T05:00:00,,평일
GTX-A,,서울역,,,20250812,GTX-A,9000,운정중앙,X101,N,GTX-A,,,서울역,,N,12:01:30,,,X1099,하행,2025-05-01T05:00:00,,평일
GTX-A,,서울역,,,20250812,GTX-A,9000,운정중앙,X101,N,GTX-A,,9000,운정중앙,X101,N,,11:50:00,,X1101,하행,2025-05-01T05:00:00,,평일
GTX-A,,서울역,,,20250812,GTX-A,9000,운정중앙,X101,N,GTX-A,,9001,킨텍스,X102,N,11:54:00,11:54:30,,X1101,하행,2025-05-01T05:00:00,,평일
GTX-A,,서울역,,,20250812,GTX-A,9000,운정중앙,X101,N,GTX-A,,9002,대곡,X103,N,11:59:00,11:59:30,,X1101,하행,2025-05-01T05:00:00,,평일
GTX-A,,서울역,,,20250812,GTX-A,9000,운정중앙,X101,N,GTX-A,,9004,연신내,X105,N,12:05:30,12:06:00,,X1101,하행,2025-05-01T05:00:00,,평일
GTX-A,,서울역,,,20250812,GTX-A,9000,운정중앙,X101,N,GTX-A,,,서울역,,N,12:11:30,,,X1101,하행,2025-05-01T05:00:00,,평일
GTX-A,,서울역,,,20250812,GTX-A,9000,운정중앙,X101,N,GTX-A,,9000,운정중앙,X101,N,,12:00:00,,X1103,하행,2025-05-01T05:00:00,,평일
GTX-A,,서울역,,,20250812,GTX-A,9000,운정중앙,X101,N,GTX-A,,9001,킨텍스,X102,N,12:04:00,12:04:30,,X1103,하행,2025-05-01T05:00:00,,평일
GTX-A,,서울역,,,20250812,GTX-A,9000,운정중앙,X101,N,GTX-A,,9002,대곡,X103,N,12:09:00,12:09:30,,X1103,하행,2025-05-01T05:00:00,,평일
GTX-A,,서울역,,,20250812,GTX-A,9000,운정중앙,X101,N,GTX-A,,9004,연신내,X105,N,12:15:30,12:16:00,,X1103,하행,2025-05-01T05:00:00,,평일
GTX-A,,서울역,,,20250812,GTX-A,9000,운정중앙,X101,N,GTX-A,,,서울역,,N,12:21:30,,,X1103,하행,2025-05-01T05:00:00,,평일
GTX-A,,서울역,,,20250812,GTX-A,9000,운정중앙,X101,N,GTX-A,,9000,운정중앙,X101,N,,12:10:00,,X1105,하행,2025-05-01T05:00:00,,평일
GTX-A,,서울역,,,20250812,GTX-A,9000,운정중앙,X101,N,GTX-A,,9001,킨텍스,X102,N,12:14:00,12:14:30,,X1105,하행,2025-05-01T05:00:00,,평일
GTX-A,,서울역,,,20250812,GTX-A,9000,운정중앙,X101,N,GTX-A,,9002,대곡,X103,N,12:19:00,12:19:30,,X1105,하행,2025-05-01T05:00:00,,평일
GTX-A,,서울역,,,20250812,GTX-A,9000,운정중앙,X101,N,GTX-A,,9004,연신내,X105,N,12:25:30,12:26:00,,X1105,하행,2025-05-01T05:00:00,,평일
GTX-A,,서울역,,,20250812,GTX-A,9000,운정중앙,X101,N,GTX-A,,,서울역,,N,12:31:30,,,X1105,하행,2025-05-01T05:00:00,,평일
GTX-A,,서울역,,,20250812,GTX-A,9000,운정중앙,X101,N,GTX-A,,9000,운정중앙,X101,N,,12:20:00,,X1107,하행,2025-05-01T05:00:00,,평일
GTX-A,,서울역,,,20250812,GTX-A,9000,운정중앙,X101,N,GTX-A,,9001,킨텍스,X102,N,12:24:00,12:24:30,,X1107,하행,2025-05-01T05:00:00,,평일
GTX-A,,서울역,,,20250812,GTX-A,9000,운정중앙,X101,N,GTX-A,,9002,대곡,X103,N,12:29:00,12:29:30,,X1107,하행,2025-05-01T05:00:00,,평일
GTX-A,,서울역,,,20250812,GTX-A,9000,운정중앙,X101,N,GTX-A,,9004,연신내,X105,N,12:35:30,12:36:00,,X1107,하행,2025-05-01T05:00:00,,평일
GTX-A,,서울역,,,20250812,GTX-A,9000,운정중앙,X101,N,GTX-A,,,서울역,,N,12:41:30,,,X1107,하행,2025-05-01T05:00:00,,평일
GTX-A,,서울역,,,20250812,GTX-A,9000,운정중앙,X101,N,GTX-A,,9000,운정중앙,X101,N,,12:30:00,,X1109,하행,2025-05-01T05:00:00,,평일
GTX-A,,서울역,,,20250812,GTX-A,9000,운정중앙,X101,N,GTX-A,,9001,킨텍스,X102,N,12:34:00,12:34:30,,X1109,하행,2025-05-01T05:00:00,,평일
GTX-A,,서울역,,,20250812,GTX-A,9000,운정중앙,X101,N,GTX-A,,9002,대곡,X103,N,12:39:00,12:39:30,,X1109,하행,2025-05-01T05:00:00,,평일
GTX-A,,서울역,,,20250812,GTX-A,9000,운정중앙,X101,N,GTX-A,,9004,연신내,X105,N,12:45:30,12:46:00,,X1109,하행,2025-05-01T05:00:00,,평일
GTX-A,,서울역,,,20250812,GTX-A,9000,운정중앙,X101,N,GTX-A,,,서울역,,N,12:51:30,,,X1109,하행,2025-05-01T05:00:00,,평일
GTX-A,,서울역,,,20250812,GTX-A,9000,운정중앙,X101,N,GTX-A,,9000,운정중앙,X101,N,,12:40:00,,X1111,하행,2025-05-01T05:00:00,,평일
GTX-A,,서울역,,,20250812,GTX-A,9000,운정중앙,X101,N,GTX-A,,9001,킨텍스,X102,N,12:44:00,12:44:30,,X1111,하행,2025-05-01T05:00:00,,평일
GTX-A,,서울역,,,20250812,GTX-A,9000,운정중앙,X101,N,GTX-A,,9002,대곡,X103,N,12:49:00,12:49:30,,X1111,하행,2025-05-01T05:00:00,,평일
GTX-A,,서울역,,,20250812,GTX-A,9000,운정중앙,X101,N,GTX-A,,9004,연신내,X105,N,12:55:30,12:56:00,,X1111,하행,2025-05-01T05:00:00,,평일
GTX-A,,서울역,,,20250812,GTX-A,9000,운정중앙,X101,N,GTX-A,,,서울역,,N,13:01:30,,,X1111,하행,2025-05-01T05:00:00,,평일
GTX-A,,서울역,,,20250812,GTX-A,9000,운정중앙,X101,N,GTX-A,,9000,운정중앙,X101,N,,12:50:00,,X1113,하행,2025-05-01T05:00:00,,평일
GTX-A,,서울역,,,20250812,GTX-A,9000,운정중앙,X101,N,GTX-A,,9001,킨텍스,X102,N,12:54:00,12:54:30,,X1113,하행,2025-05-01T05:00:00,,평일
GTX-A,,서울역,,,20250812,GTX-A,9000,운정중앙,X101,N,GTX-A,,9002,대곡,X103,N,12:59:00,12:59:30,,X1113,하행,2025-05-01T05:00:00,,평일
GTX-A,,서울역,,,20250812,GTX-A,9000,운정중앙,X101,N,GTX-A,,9004,연신내,X105,N,13:05:30,13:06:00,,X1113,하행,2025-05-01T05:00:00,,평일
GTX-A,,서울역,,,20250812,GTX-A,9000,운정중앙,X101,N,GTX-A,,,서울역,,N,13:11:30,,,X1113,하행,2025-05-01T05:00:00,,평일
GTX-A,,서울역,,,20250812,GTX-A,9000,운정중앙,X101,N,GTX-A,,9000,운정중앙,X101,N,,13:00:00,,X1115,하행,2025-05-01T05:00:00,,평일
GTX-A,,서울역,,,20250812,GTX-A,9000,운정중앙,X101,N,GTX-A,,9001,킨텍스,X102,N,13:04:00,13:04:30,,X1115,하행,2025-05-01T05:00:00,,평일
GTX-A,,서울역,,,20250812,GTX-A,9000,운정중앙,X101,N,GTX-A,,9002,대곡,X103,N,13:09:00,13:09:30,,X1115,하행,2025-05-01T05:00:00,,평일
GTX-A,,서울역,,,20250812,GTX-A,9000,운정중앙,X101,N,GTX-A,,9004,연신내,X105,N,13:15:30,13:16:00,,X1115,하행,2025-05-01T05:00:00,,평일
GTX-A,,서울역,,,20250812,GTX-A,9000,운정중앙,X101,N,GTX-A,,,서울역,,N,13:21:30,,,X1115,하행,2025-05-01T05:00:00,,평일
GTX-A,,서울역,,,20250812,GTX-A,9000,운정중앙,X101,N,GTX-A,,9000,운정중앙,X101,N,,13:10:00,,X1117,하행,2025-05-01T05:00:00,,평일
GTX-A,,서울역,,,20250812,GTX-A,9000,운정중앙,X101,N,GTX-A,,9001,킨텍스,X102,N,13:14:00,13:14:30,,X1117,하행,2025-05-01T05:00:00,,평일
GTX-A,,서울역,,,20250812,GTX-A,9000,운정중앙,X101,N,GTX-A,,9002,대곡,X103,N,13:19:00,13:19:30,,X1117,하행,2025-05-01T05:00:00,,평일
GTX-A,,서울역,,,20250812,GTX-A,9000,운정중앙,X101,N,GTX-A,,9004,연신내,X105,N,13:25:30,13:26:00,,X1117,하행,2025-05-01T05:00:00,,평일
GTX-A,,서울역,,,20250812,GTX-A,9000,운정중앙,X101,N,GTX-A,,,서울역,,N,13:31:30,,,X1117,하행,2025-05-01T05:00:00,,평일
GTX-A,,서울역,,,20250812,GTX-A,9000,운정중앙,X101,N,GTX-A,,9000,운정중앙,X101,N,,13:20:00,,X1119,하행,2025-05-01T05:00:00,,평일
GTX-A,,서울역,,,20250812,GTX-A,9000,운정중앙,X101,N,GTX-A,,9001,킨텍스,X102,N,13:24:00,13:24:30,,X1119,하행,2025-05-01T05:00:00,,평일
GTX-A,,서울역,,,20250812,GTX-A,9000,운정중앙,X101,N,GTX-A,,9002,대곡,X103,N,13:29:00,13:29:30,,X1119,하행,2025-05-01T05:00:00,,평일
GTX-A,,서울역,,,20250812,GTX-A,9000,운정중앙,X101,N,GTX-A,,9004,연신내,X105,N,13:35:30,13:36:00,,X1119,하행,2025-05-01T05:00:00,,평일
GTX-A,,서울역,,,20250812,GTX-A,9000,운정중앙,X101,N,GTX-A,,,서울역,,N,13:41:30,,,X1119,하행,2025-05-01T05:00:00,,평일
GTX-A,,서울역,,,20250812,GTX-A,9000,운정중앙,X101,N,GTX-A,,9000,운정중앙,X101,N,,13:30:00,,X1121,하행,2025-05-01T05:00:00,,평일
GTX-A,,서울역,,,20250812,GTX-A,9000,운정중앙,X101,N,GTX-A,,9001,킨텍스,X102,N,13:34:00,13:34:30,,X1121,하행,2025-05-01T05:00:00,,평일
GTX-A,,서울역,,,20250812,GTX-A,9000,운정중앙,X101,N,GTX-A,,9002,대곡,X103,N,13:39:00,13:39:30,,X1121,하행,2025-05-01T05:00:00,,평일
GTX-A,,서울역,,,20250812,GTX-A,9000,운정중앙,X101,N,GTX-A,,9004,연신내,X105,N,13:45:30,13:46:00,,X1121,하행,2025-05-01T05:00:00,,평일
GTX-A,,서울역,,,20250812,GTX-A,9000,운정중앙,X101,N,GTX-A,,,서울역,,N,13:51:30,,,X1121,하행,2025-05-01T05:00:00,,평일
GTX-A,,서울역,,,20250812,GTX-A,9000,운정중앙,X101,N,GTX-A,,9000,운정중앙,X101,N,,13:40:00,,X1123,하행,2025-05-01T05:00:00,,평일
GTX-A,,서울역,,,20250812,GTX-A,9000,운정중앙,X101,N,GTX-A,,9001,킨텍스,X102,N,13:44:00,13:44:30,,X1123,하행,2025-05-01T05:00:00,,평일
GTX-A,,서울역,,,20250812,GTX-A,9000,운정중앙,X101,N,GTX-A,,9002,대곡,X103,N,13:49:00,13:49:30,,X1123,하행,2025-05-01T05:00:00,,평일
GTX-A,,서울역,,,20250812,GTX-A,9000,운정중앙,X101,N,GTX-A,,9004,연신내,X105,N,13:55:30,13:56:00,,X1123,하행,2025-05-01T05:00:00,,평일
GTX-A,,서울역,,,20250812,GTX-A,9000,운정중앙,X101,N,GTX-A,,,서울역,,N,14:01:30,,,X1123,하행,2025-05-01T05:00:00,,평일
GTX-A,,서울역,,,20250812,GTX-A,9000,운정중앙,X101,N,GTX-A,,9000,운정중앙,X101,N,,13:48:00,,X1125,하행,2025-05-01T05:00:00,,평일
GTX-A,,서울역,,,20250812,GTX-A,9000,운정중앙,X101,N,GTX-A,,9001,킨텍스,X102,N,13:52:00,13:52:30,,X1125,하행,2025-05-01T05:00:00,,평일
GTX-A,,서울역,,,20250812,GTX-A,9000,운정중앙,X101,N,GTX-A,,9002,대곡,X103,N,13:57:00,13:57:30,,X1125,하행,2025-05-01T05:00:00,,평일
GTX-A,,서울역,,,20250812,GTX-A,9000,운정중앙,X101,N,GTX-A,,9004,연신내,X105,N,14:03:30,14:04:00,,X1125,하행,2025-05-01T05:00:00,,평일
GTX-A,,서울역,,,20250812,GTX-A,9000,운정중앙,X101,N,GTX-A,,,서울역,,N,14:09:30,,,X1125,하행,2025-05-01T05:00:00,,평일
GTX-A,,서울역,,,20250812,GTX-A,9000,운정중앙,X101,N,GTX-A,,9000,운정중앙,X101,N,,13:56:00,,X1127,하행,2025-05-01T05:00:00,,평일
GTX-A,,서울역,,,20250812,GTX-A,9000,운정중앙,X101,N,GTX-A,,9001,킨텍스,X102,N,14:00:00,14:00:30,,X1127,하행,2025-05-01T05:00:00,,평일
GTX-A,,서울역,,,20250812,GTX-A,9000,운정중앙,X101,N,GTX-A,,9002,대곡,X103,N,14:05:00,14:05:30,,X1127,하행,2025-05-01T05:00:00,,평일
GTX-A,,서울역,,,20250812,GTX-A,9000,운정중앙,X101,N,GTX-A,,9004,연신내,X105,N,14:11:30,14:12:00,,X1127,하행,2025-05-01T05:00:00,,평일
GTX-A,,서울역,,,20250812,GTX-A,9000,운정중앙,X101,N,GTX-A,,,서울역,,N,14:17:30,,,X1127,하행,2025-05-01T05:00:00,,평일
GTX-A,,서울역,,,20250812,GTX-A,9000,운정중앙,X101,N,GTX-A,,9000,운정중앙,X101,N,,14:04:00,,X1129,하행,2025-05-01T05:00:00,,평일
GTX-A,,서울역,,,20250812,GTX-A,9000,운정중앙,X101,N,GTX-A,,9001,킨텍스,X102,N,14:08:00,14:08:30,,X1129,하행,2025-05-01T05:00:00,,평일
GTX-A,,서울역,,,20250812,GTX-A,9000,운정중앙,X101,N,GTX-A,,9002,대곡,X103,N,14:13:00,14:13:30,,X1129,하행,2025-05-01T05:00:00,,평일
GTX-A,,서울역,,,20250812,GTX-A,9000,운정중앙,X101,N,GTX-A,,9004,연신내,X105,N,14:19:30,14:20:00,,X1129,하행,2025-05-01T05:00:00,,평일
GTX-A,,서울역,,,20250812,GTX-A,9000,운정중앙,X101,N,GTX-A,,,서울역,,N,14:25:30,,,X1129,하행,2025-05-01T05:00:00,,평일
GTX-A,,서울역,,,20250812,GTX-A,9000,운정중앙,X101,N,GTX-A,,9000,운정중앙,X101,N,,14:12:00,,X1131,하행,2025-05-01T05:00:00,,평일
GTX-A,,서울역,,,20250812,GTX-A,9000,운정중앙,X101,N,GTX-A,,9001,킨텍스,X102,N,14:16:00,14:16:30,,X1131,하행,2025-05-01T05:00:00,,평일
GTX-A,,서울역,,,20250812,GTX-A,9000,운정중앙,X101,N,GTX-A,,9002,대곡,X103,N,14:21:00,14:21:30,,X1131,하행,2025-05-01T05:00:00,,평일
GTX-A,,서울역,,,20250812,GTX-A,9000,운정중앙,X101,N,GTX-A,,9004,연신내,X105,N,14:27:30,14:28:00,,X1131,하행,2025-05-01T05:00:00,,평일
GTX-A,,서울역,,,20250812,GTX-A,9000,운정중앙,X101,N,GTX-A,,,서울역,,N,14:33:30,,,X1131,하행,2025-05-01T05:00:00,,평일
GTX-A,,서울역,,,20250812,GTX-A,9000,운정중앙,X101,N,GTX-A,,9000,운정중앙,X101,N,,14:20:00,,X1133,하행,2025-05-01T05:00:00,,평일
GTX-A,,서울역,,,20250812,GTX-A,9000,운정중앙,X101,N,GTX-A,,9001,킨텍스,X102,N,14:24:00,14:24:30,,X1133,하행,2025-05-01T05:00:00,,평일
GTX-A,,서울역,,,20250812,GTX-A,9000,운정중앙,X101,N,GTX-A,,9002,대곡,X103,N,14:29:00,14:29:30,,X1133,하행,2025-05-01T05:00:00,,평일
GTX-A,,서울역,,,20250812,GTX-A,9000,운정중앙,X101,N,GTX-A,,9004,연신내,X105,N,14:35:30,14:36:00,,X1133,하행,2025-05-01T05:00:00,,평일
GTX-A,,서울역,,,20250812,GTX-A,9000,운정중앙,X101,N,GTX-A,,,서울역,,N,14:41:30,,,X1133,하행,2025-05-01T05:00:00,,평일
GTX-A,,서울역,,,20250812,GTX-A,9000,운정중앙,X101,N,GTX-A,,9000,운정중앙,X101,N,,14:28:00,,X1135,하행,2025-05-01T05:00:00,,평일
GTX-A,,서울역,,,20250812,GTX-A,9000,운정중앙,X101,N,GTX-A,,9001,킨텍스,X102,N,14:32:00,14:32:30,,X1135,하행,2025-05-01T05:00:00,,평일
GTX-A,,서울역,,,20250812,GTX-A,9000,운정중앙,X101,N,GTX-A,,9002,대곡,X103,N,14:37:00,14:37:30,,X1135,하행,2025-05-01T05:00:00,,평일
GTX-A,,서울역,,,20250812,GTX-A,9000,운정중앙,X101,N,GTX-A,,9004,연신내,X105,N,14:43:30,14:44:00,,X1135,하행,2025-05-01T05:00:00,,평일
GTX-A,,서울역,,,20250812,GTX-A,9000,운정중앙,X101,N,GTX-A,,,서울역,,N,14:49:30,,,X1135,하행,2025-05-01T05:00:00,,평일
GTX-A,,서울역,,,20250812,GTX-A,9000,운정중앙,X101,N,GTX-A,,9000,운정중앙,X101,N,,14:36:00,,X1137,하행,2025-05-01T05:00:00,,평일
GTX-A,,서울역,,,20250812,GTX-A,9000,운정중앙,X101,N,GTX-A,,9001,킨텍스,X102,N,14:40:00,14:40:30,,X1137,하행,2025-05-01T05:00:00,,평일
GTX-A,,서울역,,,20250812,GTX-A,9000,운정중앙,X101,N,GTX-A,,9002,대곡,X103,N,14:45:00,14:45:30,,X1137,하행,2025-05-01T05:00:00,,평일
GTX-A,,서울역,,,20250812,GTX-A,9000,운정중앙,X101,N,GTX-A,,9004,연신내,X105,N,14:51:30,14:52:00,,X1137,하행,2025-05-01T05:00:00,,평일
GTX-A,,서울역,,,20250812,GTX-A,9000,운정중앙,X101,N,GTX-A,,,서울역,,N,14:57:30,,,X1137,하행,2025-05-01T05:00:00,,평일
GTX-A,,서울역,,,20250812,GTX-A,9000,운정중앙,X101,N,GTX-A,,9000,운정중앙,X101,N,,14:44:00,,X1139,하행,2025-05-01T05:00:00,,평일
GTX-A,,서울역,,,20250812,GTX-A,9000,운정중앙,X101,N,GTX-A,,9001,킨텍스,X102,N,14:48:00,14:48:30,,X1139,하행,2025-05-01T05:00:00,,평일
GTX-A,,서울역,,,20250812,GTX-A,9000,운정중앙,X101,N,GTX-A,,9002,대곡,X103,N,14:53:00,14:53:30,,X1139,하행,2025-05-01T05:00:00,,평일
GTX-A,,서울역,,,20250812,GTX-A,9000,운정중앙,X101,N,GTX-A,,9004,연신내,X105,N,14:59:30,15:00:00,,X1139,하행,2025-05-01T05:00:00,,평일
GTX-A,,서울역,,,20250812,GTX-A,9000,운정중앙,X101,N,GTX-A,,,서울역,,N,15:05:30,,,X1139,하행,2025-05-01T05:00:00,,평일
GTX-A,,서울역,,,20250812,GTX-A,9000,운정중앙,X101,N,GTX-A,,9000,운정중앙,X101,N,,14:52:00,,X1141,하행,2025-05-01T05:00:00,,평일
GTX-A,,서울역,,,20250812,GTX-A,9000,운정중앙,X101,N,GTX-A,,9001,킨텍스,X102,N,14:56:00,14:56:30,,X1141,하행,2025-05-01T05:00:00,,평일
GTX-A,,서울역,,,20250812,GTX-A,9000,운정중앙,X101,N,GTX-A,,9002,대곡,X103,N,15:01:00,15:01:30,,X1141,하행,2025-05-01T05:00:00,,평일
GTX-A,,서울역,,,20250812,GTX-A,9000,운정중앙,X101,N,GTX-A,,9004,연신내,X105,N,15:07:30,15:08:00,,X1141,하행,2025-05-01T05:00:00,,평일
GTX-A,,서울역,,,20250812,GTX-A,9000,운정중앙,X101,N,GTX-A,,,서울역,,N,15:13:30,,,X1141,하행,2025-05-01T05:00:00,,평일
GTX-A,,서울역,,,20250812,GTX-A,9000,운정중앙,X101,N,GTX-A,,9000,운정중앙,X101,N,,15:00:00,,X1143,하행,2025-05-01T05:00:00,,평일
GTX-A,,서울역,,,20250812,GTX-A,9000,운정중앙,X101,N,GTX-A,,9001,킨텍스,X102,N,15:04:00,15:04:30,,X1143,하행,2025-05-01T05:00:00,,평일
GTX-A,,서울역,,,20250812,GTX-A,9000,운정중앙,X101,N,GTX-A,,9002,대곡,X103,N,15:09:00,15:09:30,,X1143,하행,2025-05-01T05:00:00,,평일
GTX-A,,서울역,,,20250812,GTX-A,9000,운정중앙,X101,N,GTX-A,,9004,연신내,X105,N,15:15:30,15:16:00,,X1143,하행,2025-05-01T05:00:00,,평일
GTX-A,,서울역,,,20250812,GTX-A,9000,운정중앙,X101,N,GTX-A,,,서울역,,N,15:21:30,,,X1143,하행,2025-05-01T05:00:00,,평일
GTX-A,,서울역,,,20250812,GTX-A,9000,운정중앙,X101,N,GTX-A,,9000,운정중앙,X101,N,,15:08:00,,X1145,하행,2025-05-01T05:00:00,,평일
GTX-A,,서울역,,,20250812,GTX-A,9000,운정중앙,X101,N,GTX-A,,9001,킨텍스,X102,N,15:12:00,15:12:30,,X1145,하행,2025-05-01T05:00:00,,평일
GTX-A,,서울역,,,20250812,GTX-A,9000,운정중앙,X101,N,GTX-A,,9002,대곡,X103,N,15:17:00,15:17:30,,X1145,하행,2025-05-01T05:00:00,,평일
GTX-A,,서울역,,,20250812,GTX-A,9000,운정중앙,X101,N,GTX-A,,9004,연신내,X105,N,15:23:30,15:24:00,,X1145,하행,2025-05-01T05:00:00,,평일
GTX-A,,서울역,,,20250812,GTX-A,9000,운정중앙,X101,N,GTX-A,,,서울역,,N,15:29:30,,,X1145,하행,2025-05-01T05:00:00,,평일
GTX-A,,서울역,,,20250812,GTX-A,9000,운정중앙,X101,N,GTX-A,,9000,운정중앙,X101,N,,15:16:00,,X1147,하행,2025-05-01T05:00:00,,평일
GTX-A,,서울역,,,20250812,GTX-A,9000,운정중앙,X101,N,GTX-A,,9001,킨텍스,X102,N,15:20:00,15:20:30,,X1147,하행,2025-05-01T05:00:00,,평일
GTX-A,,서울역,,,20250812,GTX-A,9000,운정중앙,X101,N,GTX-A,,9002,대곡,X103,N,15:25:00,15:25:30,,X1147,하행,2025-05-01T05:00:00,,평일
GTX-A,,서울역,,,20250812,GTX-A,9000,운정중앙,X101,N,GTX-A,,9004,연신내,X105,N,15:31:30,15:32:00,,X1147,하행,2025-05-01T05:00:00,,평일
GTX-A,,서울역,,,20250812,GTX-A,9000,운정중앙,X101,N,GTX-A,,,서울역,,N,15:37:30,,,X1147,하행,2025-05-01T05:00:00,,평일
GTX-A,,서울역,,,20250812,GTX-A,9000,운정중앙,X101,N,GTX-A,,9000,운정중앙,X101,N,,15:24:00,,X1149,하행,2025-05-01T05:00:00,,평일
GTX-A,,서울역,,,20250812,GTX-A,9000,운정중앙,X101,N,GTX-A,,9001,킨텍스,X102,N,15:28:00,15:28:30,,X1149,하행,2025-05-01T05:00:00,,평일
GTX-A,,서울역,,,20250812,GTX-A,9000,운정중앙,X101,N,GTX-A,,9002,대곡,X103,N,15:33:00,15:33:30,,X1149,하행,2025-05-01T05:00:00,,평일
GTX-A,,서울역,,,20250812,GTX-A,9000,운정중앙,X101,N,GTX-A,,9004,연신내,X105,N,15:39:30,15:40:00,,X1149,하행,2025-05-01T05:00:00,,평일
GTX-A,,서울역,,,20250812,GTX-A,9000,운정중앙,X101,N,GTX-A,,,서울역,,N,15:45:30,,,X1149,하행,2025-05-01T05:00:00,,평일
GTX-A,,서울역,,,20250812,GTX-A,9000,운정중앙,X101,N,GTX-A,,9000,운정중앙,X101,N,,15:32:00,,X1151,하행,2025-05-01T05:00:00,,평일
GTX-A,,서울역,,,20250812,GTX-A,9000,운정중앙,X101,N,GTX-A,,9001,킨텍스,X102,N,15:36:00,15:36:30,,X1151,하행,2025-05-01T05:00:00,,평일
GTX-A,,서울역,,,20250812,GTX-A,9000,운정중앙,X101,N,GTX-A,,9002,대곡,X103,N,15:41:00,15:41:30,,X1151,하행,2025-05-01T05:00:00,,평일
GTX-A,,서울역,,,20250812,GTX-A,9000,운정중앙,X101,N,GTX-A,,9004,연신내,X105,N,15:47:30,15:48:00,,X1151,하행,2025-05-01T05:00:00,,평일
GTX-A,,서울역,,,20250812,GTX-A,9000,운정중앙,X101,N,GTX-A,,,서울역,,N,15:53:30,,,X1151,하행,2025-05-01T05:00:00,,평일
GTX-A,,서울역,,,20250812,GTX-A,9000,운정중앙,X101,N,GTX-A,,9000,운정중앙,X101,N,,15:40:00,,X1153,하행,2025-05-01T05:00:00,,평일
GTX-A,,서울역,,,20250812,GTX-A,9000,운정중앙,X101,N,GTX-A,,9001,킨텍스,X102,N,15:44:00,15:44:30,,X1153,하행,2025-05-01T05:00:00,,평일
GTX-A,,서울역,,,20250812,GTX-A,9000,운정중앙,X101,N,GTX-A,,9002,대곡,X103,N,15:49:00,15:49:30,,X1153,하행,2025-05-01T05:00:00,,평일
GTX-A,,서울역,,,20250812,GTX-A,9000,운정중앙,X101,N,GTX-A,,9004,연신내,X105,N,15:55:30,15:56:00,,X1153,하행,2025-05-01T05:00:00,,평일
GTX-A,,서울역,,,20250812,GTX-A,9000,운정중앙,X101,N,GTX-A,,,서울역,,N,16:01:30,,,X1153,하행,2025-05-01T05:00:00,,평일
GTX-A,,서울역,,,20250812,GTX-A,9000,운정중앙,X101,N,GTX-A,,9000,운정중앙,X101,N,,15:48:00,,X1155,하행,2025-05-01T05:00:00,,평일
GTX-A,,서울역,,,20250812,GTX-A,9000,운정중앙,X101,N,GTX-A,,9001,킨텍스,X102,N,15:52:00,15:52:30,,X1155,하행,2025-05-01T05:00:00,,평일
GTX-A,,서울역,,,20250812,GTX-A,9000,운정중앙,X101,N,GTX-A,,9002,대곡,X103,N,15:57:00,15:57:30,,X1155,하행,2025-05-01T05:00:00,,평일
GTX-A,,서울역,,,20250812,GTX-A,9000,운정중앙,X101,N,GTX-A,,9004,연신내,X105,N,16:03:30,16:04:00,,X1155,하행,2025-05-01T05:00:00,,평일
GTX-A,,서울역,,,20250812,GTX-A,9000,운정중앙,X101,N,GTX-A,,,서울역,,N,16:09:30,,,X1155,하행,2025-05-01T05:00:00,,평일
GTX-A,,서울역,,,20250812,GTX-A,9000,운정중앙,X101,N,GTX-A,,9000,운정중앙,X101,N,,15:56:00,,X1157,하행,2025-05-01T05:00:00,,평일
GTX-A,,서울역,,,20250812,GTX-A,9000,운정중앙,X101,N,GTX-A,,9001,킨텍스,X102,N,16:00:00,16:00:30,,X1157,하행,2025-05-01T05:00:00,,평일
GTX-A,,서울역,,,20250812,GTX-A,9000,운정중앙,X101,N,GTX-A,,9002,대곡,X103,N,16:05:00,16:05:30,,X1157,하행,2025-05-01T05:00:00,,평일
GTX-A,,서울역,,,20250812,GTX-A,9000,운정중앙,X101,N,GTX-A,,9004,연신내,X105,N,16:11:30,16:12:00,,X1157,하행,2025-05-01T05:00:00,,평일
GTX-A,,서울역,,,20250812,GTX-A,9000,운정중앙,X101,N,GTX-A,,,서울역,,N,16:17:30,,,X1157,하행,2025-05-01T05:00:00,,평일
GTX-A,,서울역,,,20250812,GTX-A,9000,운정중앙,X101,N,GTX-A,,9000,운정중앙,X101,N,,16:04:00,,X1159,하행,2025-05-01T05:00:00,,평일
GTX-A,,서울역,,,20250812,GTX-A,9000,운정중앙,X101,N,GTX-A,,9001,킨텍스,X102,N,16:08:00,16:08:30,,X1159,하행,2025-05-01T05:00:00,,평일
GTX-A,,서울역,,,20250812,GTX-A,9000,운정중앙,X101,N,GTX-A,,9002,대곡,X103,N,16:13:00,16:13:30,,X1159,하행,2025-05-01T05:00:00,,평일
GTX-A,,서울역,,,20250812,GTX-A,9000,운정중앙,X101,N,GTX-A,,9004,연신내,X105,N,16:19:30,16:20:00,,X1159,하행,2025-05-01T05:00:00,,평일
GTX-A,,서울역,,,20250812,GTX-A,9000,운정중앙,X101,N,GTX-A,,,서울역,,N,16:25:30,,,X1159,하행,2025-05-01T05:00:00,,평일
GTX-A,,서울역,,,20250812,GTX-A,9000,운정중앙,X101,N,GTX-A,,9000,운정중앙,X101,N,,16:12:00,,X1161,하행,2025-05-01T05:00:00,,평일
GTX-A,,서울역,,,20250812,GTX-A,9000,운정중앙,X101,N,GTX-A,,9001,킨텍스,X102,N,16:16:00,16:16:30,,X1161,하행,2025-05-01T05:00:00,,평일
GTX-A,,서울역,,,20250812,GTX-A,9000,운정중앙,X101,N,GTX-A,,9002,대곡,X103,N,16:21:00,16:21:30,,X1161,하행,2025-05-01T05:00:00,,평일
GTX-A,,서울역,,,20250812,GTX-A,9000,운정중앙,X101,N,GTX-A,,9004,연신내,X105,N,16:27:30,16:28:00,,X1161,하행,2025-05-01T05:00:00,,평일
GTX-A,,서울역,,,20250812,GTX-A,9000,운정중앙,X101,N,GTX-A,,,서울역,,N,16:33:30,,,X1161,하행,2025-05-01T05:00:00,,평일
GTX-A,,서울역,,,20250812,GTX-A,9000,운정중앙,X101,N,GTX-A,,9000,운정중앙,X101,N,,16:20:00,,X1163,하행,2025-05-01T05:00:00,,평일
GTX-A,,서울역,,,20250812,GTX-A,9000,운정중앙,X101,N,GTX-A,,9001,킨텍스,X102,N,16:24:00,16:24:30,,X1163,하행,2025-05-01T05:00:00,,평일
GTX-A,,서울역,,,20250812,GTX-A,9000,운정중앙,X101,N,GTX-A,,9002,대곡,X103,N,16:29:00,16:29:30,,X1163,하행,2025-05-01T05:00:00,,평일
GTX-A,,서울역,,,20250812,GTX-A,9000,운정중앙,X101,N,GTX-A,,9004,연신내,X105,N,16:35:30,16:36:00,,X1163,하행,2025-05-01T05:00:00,,평일
GTX-A,,서울역,,,20250812,GTX-A,9000,운정중앙,X101,N,GTX-A,,,서울역,,N,16:41:30,,,X1163,하행,2025-05-01T05:00:00,,평일
GTX-A,,서울역,,,20250812,GTX-A,9000,운정중앙,X101,N,GTX-A,,9000,운정중앙,X101,N,,16:27:00,,X1165,하행,2025-05-01T05:00:00,,평일
GTX-A,,서울역,,,20250812,GTX-A,9000,운정중앙,X101,N,GTX-A,,9001,킨텍스,X102,N,16:31:00,16:31:30,,X1165,하행,2025-05-01T05:00:00,,평일
GTX-A,,서울역,,,20250812,GTX-A,9000,운정중앙,X101,N,GTX-A,,9002,대곡,X103,N,16:36:00,16:36:30,,X1165,하행,2025-05-01T05:00:00,,평일
GTX-A,,서울역,,,20250812,GTX-A,9000,운정중앙,X101,N,GTX-A,,9004,연신내,X105,N,16:42:30,16:43:00,,X1165,하행,2025-05-01T05:00:00,,평일
GTX-A,,서울역,,,20250812,GTX-A,9000,운정중앙,X101,N,GTX-A,,,서울역,,N,16:48:30,,,X1165,하행,2025-05-01T05:00:00,,평일
GTX-A,,서울역,,,20250812,GTX-A,9000,운정중앙,X101,N,GTX-A,,9000,운정중앙,X101,N,,16:34:00,,X1167,하행,2025-05-01T05:00:00,,평일
GTX-A,,서울역,,,20250812,GTX-A,9000,운정중앙,X101,N,GTX-A,,9001,킨텍스,X102,N,16:38:00,16:38:30,,X1167,하행,2025-05-01T05:00:00,,평일
GTX-A,,서울역,,,20250812,GTX-A,9000,운정중앙,X101,N,GTX-A,,9002,대곡,X103,N,16:43:00,16:43:30,,X1167,하행,2025-05-01T05:00:00,,평일
GTX-A,,서울역,,,20250812,GTX-A,9000,운정중앙,X101,N,GTX-A,,9004,연신내,X105,N,16:49:30,16:50:00,,X1167,하행,2025-05-01T05:00:00,,평일
GTX-A,,서울역,,,20250812,GTX-A,9000,운정중앙,X101,N,GTX-A,,,서울역,,N,16:55:30,,,X1167,하행,2025-05-01T05:00:00,,평일
GTX-A,,서울역,,,20250812,GTX-A,9000,운정중앙,X101,N,GTX-A,,9000,운정중앙,X101,N,,16:40:00,,X1169,하행,2025-05-01T05:00:00,,평일
GTX-A,,서울역,,,20250812,GTX-A,9000,운정중앙,X101,N,GTX-A,,9001,킨텍스,X102,N,16:44:00,16:44:30,,X1169,하행,2025-05-01T05:00:00,,평일
GTX-A,,서울역,,,20250812,GTX-A,9000,운정중앙,X101,N,GTX-A,,9002,대곡,X103,N,16:49:00,16:49:30,,X1169,하행,2025-05-01T05:00:00,,평일
GTX-A,,서울역,,,20250812,GTX-A,9000,운정중앙,X101,N,GTX-A,,9004,연신내,X105,N,16:55:30,16:56:00,,X1169,하행,2025-05-01T05:00:00,,평일
GTX-A,,서울역,,,20250812,GTX-A,9000,운정중앙,X101,N,GTX-A,,,서울역,,N,17:01:30,,,X1169,하행,2025-05-01T05:00:00,,평일
GTX-A,,서울역,,,20250812,GTX-A,9000,운정중앙,X101,N,GTX-A,,9000,운정중앙,X101,N,,16:46:00,,X1171,하행,2025-05-01T05:00:00,,평일
GTX-A,,서울역,,,20250812,GTX-A,9000,운정중앙,X101,N,GTX-A,,9001,킨텍스,X102,N,16:50:00,16:50:30,,X1171,하행,2025-05-01T05:00:00,,평일
GTX-A,,서울역,,,20250812,GTX-A,9000,운정중앙,X101,N,GTX-A,,9002,대곡,X103,N,16:55:00,16:55:30,,X1171,하행,2025-05-01T05:00:00,,평일
GTX-A,,서울역,,,20250812,GTX-A,9000,운정중앙,X101,N,GTX-A,,9004,연신내,X105,N,17:01:30,17:02:00,,X1171,하행,2025-05-01T05:00:00,,평일
GTX-A,,서울역,,,20250812,GTX-A,9000,운정중앙,X101,N,GTX-A,,,서울역,,N,17:07:30,,,X1171,하행,2025-05-01T05:00:00,,평일
GTX-A,,서울역,,,20250812,GTX-A,9000,운정중앙,X101,N,GTX-A,,9000,운정중앙,X101,N,,16:52:00,,X1173,하행,2025-05-01T05:00:00,,평일
GTX-A,,서울역,,,20250812,GTX-A,9000,운정중앙,X101,N,GTX-A,,9001,킨텍스,X102,N,16:56:00,16:56:30,,X1173,하행,2025-05-01T05:00:00,,평일
GTX-A,,서울역,,,20250812,GTX-A,9000,운정중앙,X101,N,GTX-A,,9002,대곡,X103,N,17:01:00,17:01:30,,X1173,하행,2025-05-01T05:00:00,,평일
GTX-A,,서울역,,,20250812,GTX-A,9000,운정중앙,X101,N,GTX-A,,9004,연신내,X105,N,17:07:30,17:08:00,,X1173,하행,2025-05-01T05:00:00,,평일
GTX-A,,서울역,,,20250812,GTX-A,9000,운정중앙,X101,N,GTX-A,,,서울역,,N,17:13:30,,,X1173,하행,2025-05-01T05:00:00,,평일
GTX-A,,서울역,,,20250812,GTX-A,9000,운정중앙,X101,N,GTX-A,,9000,운정중앙,X101,N,,16:59:00,,X1175,하행,2025-05-01T05:00:00,,평일
GTX-A,,서울역,,,20250812,GTX-A,9000,운정중앙,X101,N,GTX-A,,9001,킨텍스,X102,N,17:03:00,17:03:30,,X1175,하행,2025-05-01T05:00:00,,평일
GTX-A,,서울역,,,20250812,GTX-A,9000,운정중앙,X101,N,GTX-A,,9002,대곡,X103,N,17:08:00,17:08:30,,X1175,하행,2025-05-01T05:00:00,,평일
GTX-A,,서울역,,,20250812,GTX-A,9000,운정중앙,X101,N,GTX-A,,9004,연신내,X105,N,17:14:30,17:15:00,,X1175,하행,2025-05-01T05:00:00,,평일
GTX-A,,서울역,,,20250812,GTX-A,9000,운정중앙,X101,N,GTX-A,,,서울역,,N,17:20:30,,,X1175,하행,2025-05-01T05:00:00,,평일
GTX-A,,서울역,,,20250812,GTX-A,9000,운정중앙,X101,N,GTX-A,,9000,운정중앙,X101,N,,17:05:00,,X1177,하행,2025-05-01T05:00:00,,평일
GTX-A,,서울역,,,20250812,GTX-A,9000,운정중앙,X101,N,GTX-A,,9001,킨텍스,X102,N,17:09:00,17:09:30,,X1177,하행,2025-05-01T05:00:00,,평일
GTX-A,,서울역,,,20250812,GTX-A,9000,운정중앙,X101,N,GTX-A,,9002,대곡,X103,N,17:14:00,17:14:30,,X1177,하행,2025-05-01T05:00:00,,평일
GTX-A,,서울역,,,20250812,GTX-A,9000,운정중앙,X101,N,GTX-A,,9004,연신내,X105,N,17:20:30,17:21:00,,X1177,하행,2025-05-01T05:00:00,,평일
GTX-A,,서울역,,,20250812,GTX-A,9000,운정중앙,X101,N,GTX-A,,,서울역,,N,17:26:30,,,X1177,하행,2025-05-01T05:00:00,,평일
GTX-A,,서울역,,,20250812,GTX-A,9000,운정중앙,X101,N,GTX-A,,9000,운정중앙,X101,N,,17:11:00,,X1179,하행,2025-05-01T05:00:00,,평일
GTX-A,,서울역,,,20250812,GTX-A,9000,운정중앙,X101,N,GTX-A,,9001,킨텍스,X102,N,17:15:00,17:15:30,,X1179,하행,2025-05-01T05:00:00,,평일
GTX-A,,서울역,,,20250812,GTX-A,9000,운정중앙,X101,N,GTX-A,,9002,대곡,X103,N,17:20:00,17:20:30,,X1179,하행,2025-05-01T05:00:00,,평일
GTX-A,,서울역,,,20250812,GTX-A,9000,운정중앙,X101,N,GTX-A,,9004,연신내,X105,N,17:26:30,17:27:00,,X1179,하행,2025-05-01T05:00:00,,평일
GTX-A,,서울역,,,20250812,GTX-A,9000,운정중앙,X101,N,GTX-A,,,서울역,,N,17:32:30,,,X1179,하행,2025-05-01T05:00:00,,평일
GTX-A,,서울역,,,20250812,GTX-A,9000,운정중앙,X101,N,GTX-A,,9000,운정중앙,X101,N,,17:17:00,,X1181,하행,2025-05-01T05:00:00,,평일
GTX-A,,서울역,,,20250812,GTX-A,9000,운정중앙,X101,N,GTX-A,,9001,킨텍스,X102,N,17:21:00,17:21:30,,X1181,하행,2025-05-01T05:00:00,,평일
GTX-A,,서울역,,,20250812,GTX-A,9000,운정중앙,X101,N,GTX-A,,9002,대곡,X103,N,17:26:00,17:26:30,,X1181,하행,2025-05-01T05:00:00,,평일
GTX-A,,서울역,,,20250812,GTX-A,9000,운정중앙,X101,N,GTX-A,,9004,연신내,X105,N,17:32:30,17:33:00,,X1181,하행,2025-05-01T05:00:00,,평일
GTX-A,,서울역,,,20250812,GTX-A,9000,운정중앙,X101,N,GTX-A,,,서울역,,N,17:38:30,,,X1181,하행,2025-05-01T05:00:00,,평일
GTX-A,,서울역,,,20250812,GTX-A,9000,운정중앙,X101,N,GTX-A,,9000,운정중앙,X101,N,,17:24:00,,X1183,하행,2025-05-01T05:00:00,,평일
GTX-A,,서울역,,,20250812,GTX-A,9000,운정중앙,X101,N,GTX-A,,9001,킨텍스,X102,N,17:28:00,17:28:30,,X1183,하행,2025-05-01T05:00:00,,평일
GTX-A,,서울역,,,20250812,GTX-A,9000,운정중앙,X101,N,GTX-A,,9002,대곡,X103,N,17:33:00,17:33:30,,X1183,하행,2025-05-01T05:00:00,,평일
GTX-A,,서울역,,,20250812,GTX-A,9000,운정중앙,X101,N,GTX-A,,9004,연신내,X105,N,17:39:30,17:40:00,,X1183,하행,2025-05-01T05:00:00,,평일
GTX-A,,서울역,,,20250812,GTX-A,9000,운정중앙,X101,N,GTX-A,,,서울역,,N,17:45:30,,,X1183,하행,2025-05-01T05:00:00,,평일
GTX-A,,서울역,,,20250812,GTX-A,9000,운정중앙,X101,N,GTX-A,,9000,운정중앙,X101,N,,17:30:00,,X1185,하행,2025-05-01T05:00:00,,평일
GTX-A,,서울역,,,20250812,GTX-A,9000,운정중앙,X101,N,GTX-A,,9001,킨텍스,X102,N,17:34:00,17:34:30,,X1185,하행,2025-05-01T05:00:00,,평일
GTX-A,,서울역,,,20250812,GTX-A,9000,운정중앙,X101,N,GTX-A,,9002,대곡,X103,N,17:39:00,17:39:30,,X1185,하행,2025-05-01T05:00:00,,평일
GTX-A,,서울역,,,20250812,GTX-A,9000,운정중앙,X101,N,GTX-A,,9004,연신내,X105,N,17:45:30,17:46:00,,X1185,하행,2025-05-01T05:00:00,,평일
GTX-A,,서울역,,,20250812,GTX-A,9000,운정중앙,X101,N,GTX-A,,,서울역,,N,17:51:30,,,X1185,하행,2025-05-01T05:00:00,,평일
GTX-A,,서울역,,,20250812,GTX-A,9000,운정중앙,X101,N,GTX-A,,9000,운정중앙,X101,N,,17:36:00,,X1187,하행,2025-05-01T05:00:00,,평일
GTX-A,,서울역,,,20250812,GTX-A,9000,운정중앙,X101,N,GTX-A,,9001,킨텍스,X102,N,17:40:00,17:40:30,,X1187,하행,2025-05-01T05:00:00,,평일
GTX-A,,서울역,,,20250812,GTX-A,9000,운정중앙,X101,N,GTX-A,,9002,대곡,X103,N,17:45:00,17:45:30,,X1187,하행,2025-05-01T05:00:00,,평일
GTX-A,,서울역,,,20250812,GTX-A,9000,운정중앙,X101,N,GTX-A,,9004,연신내,X105,N,17:51:30,17:52:00,,X1187,하행,2025-05-01T05:00:00,,평일
GTX-A,,서울역,,,20250812,GTX-A,9000,운정중앙,X101,N,GTX-A,,,서울역,,N,17:57:30,,,X1187,하행,2025-05-01T05:00:00,,평일
GTX-A,,서울역,,,20250812,GTX-A,9000,운정중앙,X101,N,GTX-A,,9000,운정중앙,X101,N,,17:42:00,,X1189,하행,2025-05-01T05:00:00,,평일
GTX-A,,서울역,,,20250812,GTX-A,9000,운정중앙,X101,N,GTX-A,,9001,킨텍스,X102,N,17:46:00,17:46:30,,X1189,하행,2025-05-01T05:00:00,,평일
GTX-A,,서울역,,,20250812,GTX-A,9000,운정중앙,X101,N,GTX-A,,9002,대곡,X103,N,17:51:00,17:51:30,,X1189,하행,2025-05-01T05:00:00,,평일
GTX-A,,서울역,,,20250812,GTX-A,9000,운정중앙,X101,N,GTX-A,,9004,연신내,X105,N,17:57:30,17:58:00,,X1189,하행,2025-05-01T05:00:00,,평일
GTX-A,,서울역,,,20250812,GTX-A,9000,운정중앙,X101,N,GTX-A,,,서울역,,N,18:03:30,,,X1189,하행,2025-05-01T05:00:00,,평일
GTX-A,,서울역,,,20250812,GTX-A,9000,운정중앙,X101,N,GTX-A,,9000,운정중앙,X101,N,,17:49:00,,X1191,하행,2025-05-01T05:00:00,,평일
GTX-A,,서울역,,,20250812,GTX-A,9000,운정중앙,X101,N,GTX-A,,9001,킨텍스,X102,N,17:53:00,17:53:30,,X1191,하행,2025-05-01T05:00:00,,평일
GTX-A,,서울역,,,20250812,GTX-A,9000,운정중앙,X101,N,GTX-A,,9002,대곡,X103,N,17:58:00,17:58:30,,X1191,하행,2025-05-01T05:00:00,,평일
GTX-A,,서울역,,,20250812,GTX-A,9000,운정중앙,X101,N,GTX-A,,9004,연신내,X105,N,18:04:30,18:05:00,,X1191,하행,2025-05-01T05:00:00,,평일
GTX-A,,서울역,,,20250812,GTX-A,9000,운정중앙,X101,N,GTX-A,,,서울역,,N,18:10:30,,,X1191,하행,2025-05-01T05:00:00,,평일
GTX-A,,서울역,,,20250812,GTX-A,9000,운정중앙,X101,N,GTX-A,,9000,운정중앙,X101,N,,17:55:00,,X1193,하행,2025-05-01T05:00:00,,평일
GTX-A,,서울역,,,20250812,GTX-A,9000,운정중앙,X101,N,GTX-A,,9001,킨텍스,X102,N,17:59:00,17:59:30,,X1193,하행,2025-05-01T05:00:00,,평일
GTX-A,,서울역,,,20250812,GTX-A,9000,운정중앙,X101,N,GTX-A,,9002,대곡,X103,N,18:04:00,18:04:30,,X1193,하행,2025-05-01T05:00:00,,평일
GTX-A,,서울역,,,20250812,GTX-A,9000,운정중앙,X101,N,GTX-A,,9004,연신내,X105,N,18:10:30,18:11:00,,X1193,하행,2025-05-01T05:00:00,,평일
GTX-A,,서울역,,,20250812,GTX-A,9000,운정중앙,X101,N,GTX-A,,,서울역,,N,18:16:30,,,X1193,하행,2025-05-01T05:00:00,,평일
GTX-A,,서울역,,,20250812,GTX-A,9000,운정중앙,X101,N,GTX-A,,9000,운정중앙,X101,N,,18:01:00,,X1195,하행,2025-05-01T05:00:00,,평일
GTX-A,,서울역,,,20250812,GTX-A,9000,운정중앙,X101,N,GTX-A,,9001,킨텍스,X102,N,18:05:00,18:05:30,,X1195,하행,2025-05-01T05:00:00,,평일
GTX-A,,서울역,,,20250812,GTX-A,9000,운정중앙,X101,N,GTX-A,,9002,대곡,X103,N,18:10:00,18:10:30,,X1195,하행,2025-05-01T05:00:00,,평일
GTX-A,,서울역,,,20250812,GTX-A,9000,운정중앙,X101,N,GTX-A,,9004,연신내,X105,N,18:16:30,18:17:00,,X1195,하행,2025-05-01T05:00:00,,평일
GTX-A,,서울역,,,20250812,GTX-A,9000,운정중앙,X101,N,GTX-A,,,서울역,,N,18:22:30,,,X1195,하행,2025-05-01T05:00:00,,평일
GTX-A,,서울역,,,20250812,GTX-A,9000,운정중앙,X101,N,GTX-A,,9000,운정중앙,X101,N,,18:07:00,,X1197,하행,2025-05-01T05:00:00,,평일
GTX-A,,서울역,,,20250812,GTX-A,9000,운정중앙,X101,N,GTX-A,,9001,킨텍스,X102,N,18:11:00,18:11:30,,X1197,하행,2025-05-01T05:00:00,,평일
GTX-A,,서울역,,,20250812,GTX-A,9000,운정중앙,X101,N,GTX-A,,9002,대곡,X103,N,18:16:00,18:16:30,,X1197,하행,2025-05-01T05:00:00,,평일
GTX-A,,서울역,,,20250812,GTX-A,9000,운정중앙,X101,N,GTX-A,,9004,연신내,X105,N,18:22:30,18:23:00,,X1197,하행,2025-05-01T05:00:00,,평일
GTX-A,,서울역,,,20250812,GTX-A,9000,운정중앙,X101,N,GTX-A,,,서울역,,N,18:28:30,,,X1197,하행,2025-05-01T05:00:00,,평일
GTX-A,,서울역,,,20250812,GTX-A,9000,운정중앙,X101,N,GTX-A,,9000,운정중앙,X101,N,,18:14:00,,X1199,하행,2025-05-01T05:00:00,,평일
GTX-A,,서울역,,,20250812,GTX-A,9000,운정중앙,X101,N,GTX-A,,9001,킨텍스,X102,N,18:18:00,18:18:30,,X1199,하행,2025-05-01T05:00:00,,평일
GTX-A,,서울역,,,20250812,GTX-A,9000,운정중앙,X101,N,GTX-A,,9002,대곡,X103,N,18:23:00,18:23:30,,X1199,하행,2025-05-01T05:00:00,,평일
GTX-A,,서울역,,,20250812,GTX-A,9000,운정중앙,X101,N,GTX-A,,9004,연신내,X105,N,18:29:30,18:30:00,,X1199,하행,2025-05-01T05:00:00,,평일
GTX-A,,서울역,,,20250812,GTX-A,9000,운정중앙,X101,N,GTX-A,,,서울역,,N,18:35:30,,,X1199,하행,2025-05-01T05:00:00,,평일
GTX-A,,서울역,,,20250812,GTX-A,9000,운정중앙,X101,N,GTX-A,,9000,운정중앙,X101,N,,18:20:00,,X1201,하행,2025-05-01T05:00:00,,평일
GTX-A,,서울역,,,20250812,GTX-A,9000,운정중앙,X101,N,GTX-A,,9001,킨텍스,X102,N,18:24:00,18:24:30,,X1201,하행,2025-05-01T05:00:00,,평일
GTX-A,,서울역,,,20250812,GTX-A,9000,운정중앙,X101,N,GTX-A,,9002,대곡,X103,N,18:29:00,18:29:30,,X1201,하행,2025-05-01T05:00:00,,평일
GTX-A,,서울역,,,20250812,GTX-A,9000,운정중앙,X101,N,GTX-A,,9004,연신내,X105,N,18:35:30,18:36:00,,X1201,하행,2025-05-01T05:00:00,,평일
GTX-A,,서울역,,,20250812,GTX-A,9000,운정중앙,X101,N,GTX-A,,,서울역,,N,18:41:30,,,X1201,하행,2025-05-01T05:00:00,,평일
GTX-A,,서울역,,,20250812,GTX-A,9000,운정중앙,X101,N,GTX-A,,9000,운정중앙,X101,N,,18:26:00,,X1203,하행,2025-05-01T05:00:00,,평일
GTX-A,,서울역,,,20250812,GTX-A,9000,운정중앙,X101,N,GTX-A,,9001,킨텍스,X102,N,18:30:00,18:30:30,,X1203,하행,2025-05-01T05:00:00,,평일
GTX-A,,서울역,,,20250812,GTX-A,9000,운정중앙,X101,N,GTX-A,,9002,대곡,X103,N,18:35:00,18:35:30,,X1203,하행,2025-05-01T05:00:00,,평일
GTX-A,,서울역,,,20250812,GTX-A,9000,운정중앙,X101,N,GTX-A,,9004,연신내,X105,N,18:41:30,18:42:00,,X1203,하행,2025-05-01T05:00:00,,평일
GTX-A,,서울역,,,20250812,GTX-A,9000,운정중앙,X101,N,GTX-A,,,서울역,,N,18:47:30,,,X1203,하행,2025-05-01T05:00:00,,평일
GTX-A,,서울역,,,20250812,GTX-A,9000,운정중앙,X101,N,GTX-A,,9000,운정중앙,X101,N,,18:32:00,,X1205,하행,2025-05-01T05:00:00,,평일
GTX-A,,서울역,,,20250812,GTX-A,9000,운정중앙,X101,N,GTX-A,,9001,킨텍스,X102,N,18:36:00,18:36:30,,X1205,하행,2025-05-01T05:00:00,,평일
GTX-A,,서울역,,,20250812,GTX-A,9000,운정중앙,X101,N,GTX-A,,9002,대곡,X103,N,18:41:00,18:41:30,,X1205,하행,2025-05-01T05:00:00,,평일
GTX-A,,서울역,,,20250812,GTX-A,9000,운정중앙,X101,N,GTX-A,,9004,연신내,X105,N,18:47:30,18:48:00,,X1205,하행,2025-05-01T05:00:00,,평일
GTX-A,,서울역,,,20250812,GTX-A,9000,운정중앙,X101,N,GTX-A,,,서울역,,N,18:53:30,,,X1205,하행,2025-05-01T05:00:00,,평일
GTX-A,,서울역,,,20250812,GTX-A,9000,운정중앙,X101,N,GTX-A,,9000,운정중앙,X101,N,,18:39:00,,X1207,하행,2025-05-01T05:00:00,,평일
GTX-A,,서울역,,,20250812,GTX-A,9000,운정중앙,X101,N,GTX-A,,9001,킨텍스,X102,N,18:43:00,18:43:30,,X1207,하행,2025-05-01T05:00:00,,평일
GTX-A,,서울역,,,20250812,GTX-A,9000,운정중앙,X101,N,GTX-A,,9002,대곡,X103,N,18:48:00,18:48:30,,X1207,하행,2025-05-01T05:00:00,,평일
GTX-A,,서울역,,,20250812,GTX-A,9000,운정중앙,X101,N,GTX-A,,9004,연신내,X105,N,18:54:30,18:55:00,,X1207,하행,2025-05-01T05:00:00,,평일
GTX-A,,서울역,,,20250812,GTX-A,9000,운정중앙,X101,N,GTX-A,,,서울역,,N,19:00:30,,,X1207,하행,2025-05-01T05:00:00,,평일
GTX-A,,서울역,,,20250812,GTX-A,9000,운정중앙,X101,N,GTX-A,,9000,운정중앙,X101,N,,18:45:00,,X1209,하행,2025-05-01T05:00:00,,평일
GTX-A,,서울역,,,20250812,GTX-A,9000,운정중앙,X101,N,GTX-A,,9001,킨텍스,X102,N,18:49:00,18:49:30,,X1209,하행,2025-05-01T05:00:00,,평일
GTX-A,,서울역,,,20250812,GTX-A,9000,운정중앙,X101,N,GTX-A,,9002,대곡,X103,N,18:54:00,18:54:30,,X1209,하행,2025-05-01T05:00:00,,평일
GTX-A,,서울역,,,20250812,GTX-A,9000,운정중앙,X101,N,GTX-A,,9004,연신내,X105,N,19:00:30,19:01:00,,X1209,하행,2025-05-01T05:00:00,,평일
GTX-A,,서울역,,,20250812,GTX-A,9000,운정중앙,X101,N,GTX-A,,,서울역,,N,19:06:30,,,X1209,하행,2025-05-01T05:00:00,,평일
GTX-A,,서울역,,,20250812,GTX-A,9000,운정중앙,X101,N,GTX-A,,9000,운정중앙,X101,N,,18:51:00,,X1211,하행,2025-05-01T05:00:00,,평일
GTX-A,,서울역,,,20250812,GTX-A,9000,운정중앙,X101,N,GTX-A,,9001,킨텍스,X102,N,18:55:00,18:55:30,,X1211,하행,2025-05-01T05:00:00,,평일
GTX-A,,서울역,,,20250812,GTX-A,9000,운정중앙,X101,N,GTX-A,,9002,대곡,X103,N,19:00:00,19:00:30,,X1211,하행,2025-05-01T05:00:00,,평일
GTX-A,,서울역,,,20250812,GTX-A,9000,운정중앙,X101,N,GTX-A,,9004,연신내,X105,N,19:06:30,19:07:00,,X1211,하행,2025-05-01T05:00:00,,평일
GTX-A,,서울역,,,20250812,GTX-A,9000,운정중앙,X101,N,GTX-A,,,서울역,,N,19:12:30,,,X1211,하행,2025-05-01T05:00:00,,평일
GTX-A,,서울역,,,20250812,GTX-A,9000,운정중앙,X101,N,GTX-A,,9000,운정중앙,X101,N,,18:57:00,,X1213,하행,2025-05-01T05:00:00,,평일
GTX-A,,서울역,,,20250812,GTX-A,9000,운정중앙,X101,N,GTX-A,,9001,킨텍스,X102,N,19:01:00,19:01:30,,X1213,하행,2025-05-01T05:00:00,,평일
GTX-A,,서울역,,,20250812,GTX-A,9000,운정중앙,X101,N,GTX-A,,9002,대곡,X103,N,19:06:00,19:06:30,,X1213,하행,2025-05-01T05:00:00,,평일
GTX-A,,서울역,,,20250812,GTX-A,9000,운정중앙,X101,N,GTX-A,,9004,연신내,X105,N,19:12:30,19:13:00,,X1213,하행,2025-05-01T05:00:00,,평일
GTX-A,,서울역,,,20250812,GTX-A,9000,운정중앙,X101,N,GTX-A,,,서울역,,N,19:18:30,,,X1213,하행,2025-05-01T05:00:00,,평일
GTX-A,,서울역,,,20250812,GTX-A,9000,운정중앙,X101,N,GTX-A,,9000,운정중앙,X101,N,,19:04:00,,X1215,하행,2025-05-01T05:00:00,,평일
GTX-A,,서울역,,,20250812,GTX-A,9000,운정중앙,X101,N,GTX-A,,9001,킨텍스,X102,N,19:08:00,19:08:30,,X1215,하행,2025-05-01T05:00:00,,평일
GTX-A,,서울역,,,20250812,GTX-A,9000,운정중앙,X101,N,GTX-A,,9002,대곡,X103,N,19:13:00,19:13:30,,X1215,하행,2025-05-01T05:00:00,,평일
GTX-A,,서울역,,,20250812,GTX-A,9000,운정중앙,X101,N,GTX-A,,9004,연신내,X105,N,19:19:30,19:20:00,,X1215,하행,2025-05-01T05:00:00,,평일
GTX-A,,서울역,,,20250812,GTX-A,9000,운정중앙,X101,N,GTX-A,,,서울역,,N,19:25:30,,,X1215,하행,2025-05-01T05:00:00,,평일
GTX-A,,서울역,,,20250812,GTX-A,9000,운정중앙,X101,N,GTX-A,,9000,운정중앙,X101,N,,19:10:00,,X1217,하행,2025-05-01T05:00:00,,평일
GTX-A,,서울역,,,20250812,GTX-A,9000,운정중앙,X101,N,GTX-A,,9001,킨텍스,X102,N,19:14:00,19:14:30,,X1217,하행,2025-05-01T05:00:00,,평일
GTX-A,,서울역,,,20250812,GTX-A,9000,운정중앙,X101,N,GTX-A,,9002,대곡,X103,N,19:19:00,19:19:30,,X1217,하행,2025-05-01T05:00:00,,평일
GTX-A,,서울역,,,20250812,GTX-A,9000,운정중앙,X101,N,GTX-A,,9004,연신내,X105,N,19:25:30,19:26:00,,X1217,하행,2025-05-01T05:00:00,,평일
GTX-A,,서울역,,,20250812,GTX-A,9000,운정중앙,X101,N,GTX-A,,,서울역,,N,19:31:30,,,X1217,하행,2025-05-01T05:00:00,,평일
GTX-A,,서울역,,,20250812,GTX-A,9000,운정중앙,X101,N,GTX-A,,9000,운정중앙,X101,N,,19:16:00,,X1219,하행,2025-05-01T05:00:00,,평일
GTX-A,,서울역,,,20250812,GTX-A,9000,운정중앙,X101,N,GTX-A,,9001,킨텍스,X102,N,19:20:00,19:20:30,,X1219,하행,2025-05-01T05:00:00,,평일
GTX-A,,서울역,,,20250812,GTX-A,9000,운정중앙,X101,N,GTX-A,,9002,대곡,X103,N,19:25:00,19:25:30,,X1219,하행,2025-05-01T05:00:00,,평일
GTX-A,,서울역,,,20250812,GTX-A,9000,운정중앙,X101,N,GTX-A,,9004,연신내,X105,N,19:31:30,19:32:00,,X1219,하행,2025-05-01T05:00:00,,평일
GTX-A,,서울역,,,20250812,GTX-A,9000,운정중앙,X101,N,GTX-A,,,서울역,,N,19:37:30,,,X1219,하행,2025-05-01T05:00:00,,평일
GTX-A,,서울역,,,20250812,GTX-A,9000,운정중앙,X101,N,GTX-A,,9000,운정중앙,X101,N,,19:22:00,,X1221,하행,2025-05-01T05:00:00,,평일
GTX-A,,서울역,,,20250812,GTX-A,9000,운정중앙,X101,N,GTX-A,,9001,킨텍스,X102,N,19:26:00,19:26:30,,X1221,하행,2025-05-01T05:00:00,,평일
GTX-A,,서울역,,,20250812,GTX-A,9000,운정중앙,X101,N,GTX-A,,9002,대곡,X103,N,19:31:00,19:31:30,,X1221,하행,2025-05-01T05:00:00,,평일
GTX-A,,서울역,,,20250812,GTX-A,9000,운정중앙,X101,N,GTX-A,,9004,연신내,X105,N,19:37:30,19:38:00,,X1221,하행,2025-05-01T05:00:00,,평일
GTX-A,,서울역,,,20250812,GTX-A,9000,운정중앙,X101,N,GTX-A,,,서울역,,N,19:43:30,,,X1221,하행,2025-05-01T05:00:00,,평일
GTX-A,,서울역,,,20250812,GTX-A,9000,운정중앙,X101,N,GTX-A,,9000,운정중앙,X101,N,,19:29:00,,X1223,하행,2025-05-01T05:00:00,,평일
GTX-A,,서울역,,,20250812,GTX-A,9000,운정중앙,X101,N,GTX-A,,9001,킨텍스,X102,N,19:33:00,19:33:30,,X1223,하행,2025-05-01T05:00:00,,평일
GTX-A,,서울역,,,20250812,GTX-A,9000,운정중앙,X101,N,GTX-A,,9002,대곡,X103,N,19:38:00,19:38:30,,X1223,하행,2025-05-01T05:00:00,,평일
GTX-A,,서울역,,,20250812,GTX-A,9000,운정중앙,X101,N,GTX-A,,9004,연신내,X105,N,19:44:30,19:45:00,,X1223,하행,2025-05-01T05:00:00,,평일
GTX-A,,서울역,,,20250812,GTX-A,9000,운정중앙,X101,N,GTX-A,,,서울역,,N,19:50:30,,,X1223,하행,2025-05-01T05:00:00,,평일
GTX-A,,서울역,,,20250812,GTX-A,9000,운정중앙,X101,N,GTX-A,,9000,운정중앙,X101,N,,19:37:00,,X1225,하행,2025-05-01T05:00:00,,평일
GTX-A,,서울역,,,20250812,GTX-A,9000,운정중앙,X101,N,GTX-A,,9001,킨텍스,X102,N,19:41:00,19:41:30,,X1225,하행,2025-05-01T05:00:00,,평일
GTX-A,,서울역,,,20250812,GTX-A,9000,운정중앙,X101,N,GTX-A,,9002,대곡,X103,N,19:46:00,19:46:30,,X1225,하행,2025-05-01T05:00:00,,평일
GTX-A,,서울역,,,20250812,GTX-A,9000,운정중앙,X101,N,GTX-A,,9004,연신내,X105,N,19:52:30,19:53:00,,X1225,하행,2025-05-01T05:00:00,,평일
GTX-A,,서울역,,,20250812,GTX-A,9000,운정중앙,X101,N,GTX-A,,,서울역,,N,19:58:30,,,X1225,하행,2025-05-01T05:00:00,,평일
GTX-A,,서울역,,,20250812,GTX-A,9000,운정중앙,X101,N,GTX-A,,9000,운정중앙,X101,N,,19:45:00,,X1227,하행,2025-05-01T05:00:00,,평일
GTX-A,,서울역,,,20250812,GTX-A,9000,운정중앙,X101,N,GTX-A,,9001,킨텍스,X102,N,19:49:00,19:49:30,,X1227,하행,2025-05-01T05:00:00,,평일
GTX-A,,서울역,,,20250812,GTX-A,9000,운정중앙,X101,N,GTX-A,,9002,대곡,X103,N,19:54:00,19:54:30,,X1227,하행,2025-05-01T05:00:00,,평일
GTX-A,,서울역,,,20250812,GTX-A,9000,운정중앙,X101,N,GTX-A,,9004,연신내,X105,N,20:00:30,20:01:00,,X1227,하행,2025-05-01T05:00:00,,평일
GTX-A,,서울역,,,20250812,GTX-A,9000,운정중앙,X101,N,GTX-A,,,서울역,,N,20:06:30,,,X1227,하행,2025-05-01T05:00:00,,평일
GTX-A,,서울역,,,20250812,GTX-A,9000,운정중앙,X101,N,GTX-A,,9000,운정중앙,X101,N,,19:53:00,,X1229,하행,2025-05-01T05:00:00,,평일
GTX-A,,서울역,,,20250812,GTX-A,9000,운정중앙,X101,N,GTX-A,,9001,킨텍스,X102,N,19:57:00,19:57:30,,X1229,하행,2025-05-01T05:00:00,,평일
GTX-A,,서울역,,,20250812,GTX-A,9000,운정중앙,X101,N,GTX-A,,9002,대곡,X103,N,20:02:00,20:02:30,,X1229,하행,2025-05-01T05:00:00,,평일
GTX-A,,서울역,,,20250812,GTX-A,9000,운정중앙,X101,N,GTX-A,,9004,연신내,X105,N,20:08:30,20:09:00,,X1229,하행,2025-05-01T05:00:00,,평일
GTX-A,,서울역,,,20250812,GTX-A,9000,운정중앙,X101,N,GTX-A,,,서울역,,N,20:14:30,,,X1229,하행,2025-05-01T05:00:00,,평일
GTX-A,,서울역,,,20250812,GTX-A,9000,운정중앙,X101,N,GTX-A,,9000,운정중앙,X101,N,,20:01:00,,X1231,하행,2025-05-01T05:00:00,,평일
GTX-A,,서울역,,,20250812,GTX-A,9000,운정중앙,X101,N,GTX-A,,9001,킨텍스,X102,N,20:05:00,20:05:30,,X1231,하행,2025-05-01T05:00:00,,평일
GTX-A,,서울역,,,20250812,GTX-A,9000,운정중앙,X101,N,GTX-A,,9002,대곡,X103,N,20:10:00,20:10:30,,X1231,하행,2025-05-01T05:00:00,,평일
GTX-A,,서울역,,,20250812,GTX-A,9000,운정중앙,X101,N,GTX-A,,9004,연신내,X105,N,20:16:30,20:17:00,,X1231,하행,2025-05-01T05:00:00,,평일
GTX-A,,서울역,,,20250812,GTX-A,9000,운정중앙,X101,N,GTX-A,,,서울역,,N,20:22:30,,,X1231,하행,2025-05-01T05:00:00,,평일
GTX-A,,서울역,,,20250812,GTX-A,9000,운정중앙,X101,N,GTX-A,,9000,운정중앙,X101,N,,20:09:00,,X1233,하행,2025-05-01T05:00:00,,평일
GTX-A,,서울역,,,20250812,GTX-A,9000,운정중앙,X101,N,GTX-A,,9001,킨텍스,X102,N,20:13:00,20:13:30,,X1233,하행,2025-05-01T05:00:00,,평일
GTX-A,,서울역,,,20250812,GTX-A,9000,운정중앙,X101,N,GTX-A,,9002,대곡,X103,N,20:18:00,20:18:30,,X1233,하행,2025-05-01T05:00:00,,평일
GTX-A,,서울역,,,20250812,GTX-A,9000,운정중앙,X101,N,GTX-A,,9004,연신내,X105,N,20:24:30,20:25:00,,X1233,하행,2025-05-01T05:00:00,,평일
GTX-A,,서울역,,,20250812,GTX-A,9000,운정중앙,X101,N,GTX-A,,,서울역,,N,20:30:30,,,X1233,하행,2025-05-01T05:00:00,,평일
GTX-A,,서울역,,,20250812,GTX-A,9000,운정중앙,X101,N,GTX-A,,9000,운정중앙,X101,N,,20:17:00,,X1235,하행,2025-05-01T05:00:00,,평일
GTX-A,,서울역,,,20250812,GTX-A,9000,운정중앙,X101,N,GTX-A,,9001,킨텍스,X102,N,20:21:00,20:21:30,,X1235,하행,2025-05-01T05:00:00,,평일
GTX-A,,서울역,,,20250812,GTX-A,9000,운정중앙,X101,N,GTX-A,,9002,대곡,X103,N,20:26:00,20:26:30,,X1235,하행,2025-05-01T05:00:00,,평일
GTX-A,,서울역,,,20250812,GTX-A,9000,운정중앙,X101,N,GTX-A,,9004,연신내,X105,N,20:32:30,20:33:00,,X1235,하행,2025-05-01T05:00:00,,평일
GTX-A,,서울역,,,20250812,GTX-A,9000,운정중앙,X101,N,GTX-A,,,서울역,,N,20:38:30,,,X1235,하행,2025-05-01T05:00:00,,평일
GTX-A,,서울역,,,20250812,GTX-A,9000,운정중앙,X101,N,GTX-A,,9000,운정중앙,X101,N,,20:25:00,,X1237,하행,2025-05-01T05:00:00,,평일
GTX-A,,서울역,,,20250812,GTX-A,9000,운정중앙,X101,N,GTX-A,,9001,킨텍스,X102,N,20:29:00,20:29:30,,X1237,하행,2025-05-01T05:00:00,,평일
GTX-A,,서울역,,,20250812,GTX-A,9000,운정중앙,X101,N,GTX-A,,9002,대곡,X103,N,20:34:00,20:34:30,,X1237,하행,2025-05-01T05:00:00,,평일
GTX-A,,서울역,,,20250812,GTX-A,9000,운정중앙,X101,N,GTX-A,,9004,연신내,X105,N,20:40:30,20:41:00,,X1237,하행,2025-05-01T05:00:00,,평일
GTX-A,,서울역,,,20250812,GTX-A,9000,운정중앙,X101,N,GTX-A,,,서울역,,N,20:46:30,,,X1237,하행,2025-05-01T05:00:00,,평일
GTX-A,,서울역,,,20250812,GTX-A,9000,운정중앙,X101,N,GTX-A,,9000,운정중앙,X101,N,,20:33:00,,X1239,하행,2025-05-01T05:00:00,,평일
GTX-A,,서울역,,,20250812,GTX-A,9000,운정중앙,X101,N,GTX-A,,9001,킨텍스,X102,N,20:37:00,20:37:30,,X1239,하행,2025-05-01T05:00:00,,평일
GTX-A,,서울역,,,20250812,GTX-A,9000,운정중앙,X101,N,GTX-A,,9002,대곡,X103,N,20:42:00,20:42:30,,X1239,하행,2025-05-01T05:00:00,,평일
GTX-A,,서울역,,,20250812,GTX-A,9000,운정중앙,X101,N,GTX-A,,9004,연신내,X105,N,20:48:30,20:49:00,,X1239,하행,2025-05-01T05:00:00,,평일
GTX-A,,서울역,,,20250812,GTX-A,9000,운정중앙,X101,N,GTX-A,,,서울역,,N,20:54:30,,,X1239,하행,2025-05-01T05:00:00,,평일
GTX-A,,서울역,,,20250812,GTX-A,9000,운정중앙,X101,N,GTX-A,,9000,운정중앙,X101,N,,20:41:00,,X1241,하행,2025-05-01T05:00:00,,평일
GTX-A,,서울역,,,20250812,GTX-A,9000,운정중앙,X101,N,GTX-A,,9001,킨텍스,X102,N,20:45:00,20:45:30,,X1241,하행,2025-05-01T05:00:00,,평일
GTX-A,,서울역,,,20250812,GTX-A,9000,운정중앙,X101,N,GTX-A,,9002,대곡,X103,N,20:50:00,20:50:30,,X1241,하행,2025-05-01T05:00:00,,평일
GTX-A,,서울역,,,20250812,GTX-A,9000,운정중앙,X101,N,GTX-A,,9004,연신내,X105,N,20:56:30,20:57:00,,X1241,하행,2025-05-01T05:00:00,,평일
GTX-A,,서울역,,,20250812,GTX-A,9000,운정중앙,X101,N,GTX-A,,,서울역,,N,21:02:30,,,X1241,하행,2025-05-01T05:00:00,,평일
GTX-A,,서울역,,,20250812,GTX-A,9000,운정중앙,X101,N,GTX-A,,9000,운정중앙,X101,N,,20:49:00,,X1243,하행,2025-05-01T05:00:00,,평일
GTX-A,,서울역,,,20250812,GTX-A,9000,운정중앙,X101,N,GTX-A,,9001,킨텍스,X102,N,20:53:00,20:53:30,,X1243,하행,2025-05-01T05:00:00,,평일
GTX-A,,서울역,,,20250812,GTX-A,9000,운정중앙,X101,N,GTX-A,,9002,대곡,X103,N,20:58:00,20:58:30,,X1243,하행,2025-05-01T05:00:00,,평일
GTX-A,,서울역,,,20250812,GTX-A,9000,운정중앙,X101,N,GTX-A,,9004,연신내,X105,N,21:04:30,21:05:00,,X1243,하행,2025-05-01T05:00:00,,평일
GTX-A,,서울역,,,20250812,GTX-A,9000,운정중앙,X101,N,GTX-A,,,서울역,,N,21:10:30,,,X1243,하행,2025-05-01T05:00:00,,평일
GTX-A,,서울역,,,20250812,GTX-A,9000,운정중앙,X101,N,GTX-A,,9000,운정중앙,X101,N,,20:57:00,,X1245,하행,2025-05-01T05:00:00,,평일
GTX-A,,서울역,,,20250812,GTX-A,9000,운정중앙,X101,N,GTX-A,,9001,킨텍스,X102,N,21:01:00,21:01:30,,X1245,하행,2025-05-01T05:00:00,,평일
GTX-A,,서울역,,,20250812,GTX-A,9000,운정중앙,X101,N,GTX-A,,9002,대곡,X103,N,21:06:00,21:06:30,,X1245,하행,2025-05-01T05:00:00,,평일
GTX-A,,서울역,,,20250812,GTX-A,9000,운정중앙,X101,N,GTX-A,,9004,연신내,X105,N,21:12:30,21:13:00,,X1245,하행,2025-05-01T05:00:00,,평일
GTX-A,,서울역,,,20250812,GTX-A,9000,운정중앙,X101,N,GTX-A,,,서울역,,N,21:18:30,,,X1245,하행,2025-05-01T05:00:00,,평일
GTX-A,,서울역,,,20250812,GTX-A,9000,운정중앙,X101,N,GTX-A,,9000,운정중앙,X101,N,,21:05:00,,X1247,하행,2025-05-01T05:00:00,,평일
GTX-A,,서울역,,,20250812,GTX-A,9000,운정중앙,X101,N,GTX-A,,9001,킨텍스,X102,N,21:09:00,21:09:30,,X1247,하행,2025-05-01T05:00:00,,평일
GTX-A,,서울역,,,20250812,GTX-A,9000,운정중앙,X101,N,GTX-A,,9002,대곡,X103,N,21:14:00,21:14:30,,X1247,하행,2025-05-01T05:00:00,,평일
GTX-A,,서울역,,,20250812,GTX-A,9000,운정중앙,X101,N,GTX-A,,9004,연신내,X105,N,21:20:30,21:21:00,,X1247,하행,2025-05-01T05:00:00,,평일
GTX-A,,서울역,,,20250812,GTX-A,9000,운정중앙,X101,N,GTX-A,,,서울역,,N,21:26:30,,,X1247,하행,2025-05-01T05:00:00,,평일
GTX-A,,서울역,,,20250812,GTX-A,9000,운정중앙,X101,N,GTX-A,,9000,운정중앙,X101,N,,21:13:00,,X1249,하행,2025-05-01T05:00:00,,평일
GTX-A,,서울역,,,20250812,GTX-A,9000,운정중앙,X101,N,GTX-A,,9001,킨텍스,X102,N,21:17:00,21:17:30,,X1249,하행,2025-05-01T05:00:00,,평일
GTX-A,,서울역,,,20250812,GTX-A,9000,운정중앙,X101,N,GTX-A,,9002,대곡,X103,N,21:22:00,21:22:30,,X1249,하행,2025-05-01T05:00:00,,평일
GTX-A,,서울역,,,20250812,GTX-A,9000,운정중앙,X101,N,GTX-A,,9004,연신내,X105,N,21:28:30,21:29:00,,X1249,하행,2025-05-01T05:00:00,,평일
GTX-A,,서울역,,,20250812,GTX-A,9000,운정중앙,X101,N,GTX-A,,,서울역,,N,21:34:30,,,X1249,하행,2025-05-01T05:00:00,,평일
GTX-A,,서울역,,,20250812,GTX-A,9000,운정중앙,X101,N,GTX-A,,9000,운정중앙,X101,N,,21:21:00,,X1251,하행,2025-05-01T05:00:00,,평일
GTX-A,,서울역,,,20250812,GTX-A,9000,운정중앙,X101,N,GTX-A,,9001,킨텍스,X102,N,21:25:00,21:25:30,,X1251,하행,2025-05-01T05:00:00,,평일
GTX-A,,서울역,,,20250812,GTX-A,9000,운정중앙,X101,N,GTX-A,,9002,대곡,X103,N,21:30:00,21:30:30,,X1251,하행,2025-05-01T05:00:00,,평일
GTX-A,,서울역,,,20250812,GTX-A,9000,운정중앙,X101,N,GTX-A,,9004,연신내,X105,N,21:36:30,21:37:00,,X1251,하행,2025-05-01T05:00:00,,평일
GTX-A,,서울역,,,20250812,GTX-A,9000,운정중앙,X101,N,GTX-A,,,서울역,,N,21:42:30,,,X1251,하행,2025-05-01T05:00:00,,평일
GTX-A,,서울역,,,20250812,GTX-A,9000,운정중앙,X101,N,GTX-A,,9000,운정중앙,X101,N,,21:30:00,,X1253,하행,2025-05-01T05:00:00,,평일
GTX-A,,서울역,,,20250812,GTX-A,9000,운정중앙,X101,N,GTX-A,,9001,킨텍스,X102,N,21:34:00,21:34:30,,X1253,하행,2025-05-01T05:00:00,,평일
GTX-A,,서울역,,,20250812,GTX-A,9000,운정중앙,X101,N,GTX-A,,9002,대곡,X103,N,21:39:00,21:39:30,,X1253,하행,2025-05-01T05:00:00,,평일
GTX-A,,서울역,,,20250812,GTX-A,9000,운정중앙,X101,N,GTX-A,,9004,연신내,X105,N,21:45:30,21:46:00,,X1253,하행,2025-05-01T05:00:00,,평일
GTX-A,,서울역,,,20250812,GTX-A,9000,운정중앙,X101,N,GTX-A,,,서울역,,N,21:51:30,,,X1253,하행,2025-05-01T05:00:00,,평일
GTX-A,,서울역,,,20250812,GTX-A,9000,운정중앙,X101,N,GTX-A,,9000,운정중앙,X101,N,,21:40:00,,X1255,하행,2025-05-01T05:00:00,,평일
GTX-A,,서울역,,,20250812,GTX-A,9000,운정중앙,X101,N,GTX-A,,9001,킨텍스,X102,N,21:44:00,21:44:30,,X1255,하행,2025-05-01T05:00:00,,평일
GTX-A,,서울역,,,20250812,GTX-A,9000,운정중앙,X101,N,GTX-A,,9002,대곡,X103,N,21:49:00,21:49:30,,X1255,하행,2025-05-01T05:00:00,,평일
GTX-A,,서울역,,,20250812,GTX-A,9000,운정중앙,X101,N,GTX-A,,9004,연신내,X105,N,21:55:30,21:56:00,,X1255,하행,2025-05-01T05:00:00,,평일
GTX-A,,서울역,,,20250812,GTX-A,9000,운정중앙,X101,N,GTX-A,,,서울역,,N,22:01:30,,,X1255,하행,2025-05-01T05:00:00,,평일
GTX-A,,서울역,,,20250812,GTX-A,9000,운정중앙,X101,N,GTX-A,,9000,운정중앙,X101,N,,21:50:00,,X1257,하행,2025-05-01T05:00:00,,평일
GTX-A,,서울역,,,20250812,GTX-A,9000,운정중앙,X101,N,GTX-A,,9001,킨텍스,X102,N,21:54:00,21:54:30,,X1257,하행,2025-05-01T05:00:00,,평일
GTX-A,,서울역,,,20250812,GTX-A,9000,운정중앙,X101,N,GTX-A,,9002,대곡,X103,N,21:59:00,21:59:30,,X1257,하행,2025-05-01T05:00:00,,평일
GTX-A,,서울역,,,20250812,GTX-A,9000,운정중앙,X101,N,GTX-A,,9004,연신내,X105,N,22:05:30,22:06:00,,X1257,하행,2025-05-01T05:00:00,,평일
GTX-A,,서울역,,,20250812,GTX-A,9000,운정중앙,X101,N,GTX-A,,,서울역,,N,22:11:30,,,X1257,하행,2025-05-01T05:00:00,,평일
GTX-A,,서울역,,,20250812,GTX-A,9000,운정중앙,X101,N,GTX-A,,9000,운정중앙,X101,N,,22:00:00,,X1259,하행,2025-05-01T05:00:00,,평일
GTX-A,,서울역,,,20250812,GTX-A,9000,운정중앙,X101,N,GTX-A,,9001,킨텍스,X102,N,22:04:00,22:04:30,,X1259,하행,2025-05-01T05:00:00,,평일
GTX-A,,서울역,,,20250812,GTX-A,9000,운정중앙,X101,N,GTX-A,,9002,대곡,X103,N,22:09:00,22:09:30,,X1259,하행,2025-05-01T05:00:00,,평일
GTX-A,,서울역,,,20250812,GTX-A,9000,운정중앙,X101,N,GTX-A,,9004,연신내,X105,N,22:15:30,22:16:00,,X1259,하행,2025-05-01T05:00:00,,평일
GTX-A,,서울역,,,20250812,GTX-A,9000,운정중앙,X101,N,GTX-A,,,서울역,,N,22:21:30,,,X1259,하행,2025-05-01T05:00:00,,평일
GTX-A,,서울역,,,20250812,GTX-A,9000,운정중앙,X101,N,GTX-A,,9000,운정중앙,X101,N,,22:10:00,,X1261,하행,2025-05-01T05:00:00,,평일
GTX-A,,서울역,,,20250812,GTX-A,9000,운정중앙,X101,N,GTX-A,,9001,킨텍스,X102,N,22:14:00,22:14:30,,X1261,하행,2025-05-01T05:00:00,,평일
GTX-A,,서울역,,,20250812,GTX-A,9000,운정중앙,X101,N,GTX-A,,9002,대곡,X103,N,22:19:00,22:19:30,,X1261,하행,2025-05-01T05:00:00,,평일
GTX-A,,서울역,,,20250812,GTX-A,9000,운정중앙,X101,N,GTX-A,,9004,연신내,X105,N,22:25:30,22:26:00,,X1261,하행,2025-05-01T05:00:00,,평일
GTX-A,,서울역,,,20250812,GTX-A,9000,운정중앙,X101,N,GTX-A,,,서울역,,N,22:31:30,,,X1261,하행,2025-05-01T05:00:00,,평일
GTX-A,,서울역,,,20250812,GTX-A,9000,운정중앙,X101,N,GTX-A,,9000,운정중앙,X101,N,,22:20:00,,X1263,하행,2025-05-01T05:00:00,,평일
GTX-A,,서울역,,,20250812,GTX-A,9000,운정중앙,X101,N,GTX-A,,9001,킨텍스,X102,N,22:24:00,22:24:30,,X1263,하행,2025-05-01T05:00:00,,평일
GTX-A,,서울역,,,20250812,GTX-A,9000,운정중앙,X101,N,GTX-A,,9002,대곡,X103,N,22:29:00,22:29:30,,X1263,하행,2025-05-01T05:00:00,,평일
GTX-A,,서울역,,,20250812,GTX-A,9000,운정중앙,X101,N,GTX-A,,9004,연신내,X105,N,22:35:30,22:36:00,,X1263,하행,2025-05-01T05:00:00,,평일
GTX-A,,서울역,,,20250812,GTX-A,9000,운정중앙,X101,N,GTX-A,,,서울역,,N,22:41:30,,,X1263,하행,2025-05-01T05:00:00,,평일
GTX-A,,서울역,,,20250812,GTX-A,9000,운정중앙,X101,N,GTX-A,,9000,운정중앙,X101,N,,22:30:00,,X1265,하행,2025-05-01T05:00:00,,평일
GTX-A,,서울역,,,20250812,GTX-A,9000,운정중앙,X101,N,GTX-A,,9001,킨텍스,X102,N,22:34:00,22:34:30,,X1265,하행,2025-05-01T05:00:00,,평일
GTX-A,,서울역,,,20250812,GTX-A,9000,운정중앙,X101,N,GTX-A,,9002,대곡,X103,N,22:39:00,22:39:30,,X1265,하행,2025-05-01T05:00:00,,평일
GTX-A,,서울역,,,20250812,GTX-A,9000,운정중앙,X101,N,GTX-A,,9004,연신내,X105,N,22:45:30,22:46:00,,X1265,하행,2025-05-01T05:00:00,,평일
GTX-A,,서울역,,,20250812,GTX-A,9000,운정중앙,X101,N,GTX-A,,,서울역,,N,22:51:30,,,X1265,하행,2025-05-01T05:00:00,,평일
GTX-A,,서울역,,,20250812,GTX-A,9000,운정중앙,X101,N,GTX-A,,9000,운정중앙,X101,N,,22:45:00,,X1267,하행,2025-05-01T05:00:00,,평일
GTX-A,,서울역,,,20250812,GTX-A,9000,운정중앙,X101,N,GTX-A,,9001,킨텍스,X102,N,22:49:00,22:49:30,,X1267,하행,2025-05-01T05:00:00,,평일
GTX-A,,서울역,,,20250812,GTX-A,9000,운정중앙,X101,N,GTX-A,,9002,대곡,X103,N,22:54:00,22:54:30,,X1267,하행,2025-05-01T05:00:00,,평일
GTX-A,,서울역,,,20250812,GTX-A,9000,운정중앙,X101,N,GTX-A,,9004,연신내,X105,N,23:00:30,23:01:00,,X1267,하행,2025-05-01T05:00:00,,평일
GTX-A,,서울역,,,20250812,GTX-A,9000,운정중앙,X101,N,GTX-A,,,서울역,,N,23:06:30,,,X1267,하행,2025-05-01T05:00:00,,평일
GTX-A,,서울역,,,20250812,GTX-A,9000,운정중앙,X101,N,GTX-A,,9000,운정중앙,X101,N,,23:00:00,,X1269,하행,2025-05-01T05:00:00,,평일
GTX-A,,서울역,,,20250812,GTX-A,9000,운정중앙,X101,N,GTX-A,,9001,킨텍스,X102,N,23:04:00,23:04:30,,X1269,하행,2025-05-01T05:00:00,,평일
GTX-A,,서울역,,,20250812,GTX-A,9000,운정중앙,X101,N,GTX-A,,9002,대곡,X103,N,23:09:00,23:09:30,,X1269,하행,2025-05-01T05:00:00,,평일
GTX-A,,서울역,,,20250812,GTX-A,9000,운정중앙,X101,N,GTX-A,,9004,연신내,X105,N,23:15:30,23:16:00,,X1269,하행,2025-05-01T05:00:00,,평일
GTX-A,,서울역,,,20250812,GTX-A,9000,운정중앙,X101,N,GTX-A,,,서울역,,N,23:21:30,,,X1269,하행,2025-05-01T05:00:00,,평일
GTX-A,,서울역,,,20250812,GTX-A,9000,운정중앙,X101,N,GTX-A,,9000,운정중앙,X101,N,,23:15:00,,X1271,하행,2025-05-01T05:00:00,,평일
GTX-A,,서울역,,,20250812,GTX-A,9000,운정중앙,X101,N,GTX-A,,9001,킨텍스,X102,N,23:19:00,23:19:30,,X1271,하행,2025-05-01T05:00:00,,평일
GTX-A,,서울역,,,20250812,GTX-A,9000,운정중앙,X101,N,GTX-A,,9002,대곡,X103,N,23:24:00,23:24:30,,X1271,하행,2025-05-01T05:00:00,,평일
GTX-A,,서울역,,,20250812,GTX-A,9000,운정중앙,X101,N,GTX-A,,9004,연신내,X105,N,23:30:30,23:31:00,,X1271,하행,2025-05-01T05:00:00,,평일
GTX-A,,서울역,,,20250812,GTX-A,9000,운정중앙,X101,N,GTX-A,,,서울역,,N,23:36:30,,,X1271,하행,2025-05-01T05:00:00,,평일
GTX-A,,서울역,,,20250812,GTX-A,9000,운정중앙,X101,N,GTX-A,,9000,운정중앙,X101,N,,23:30:00,,X1273,하행,2025-05-01T05:00:00,,평일
GTX-A,,서울역,,,20250812,GTX-A,9000,운정중앙,X101,N,GTX-A,,9001,킨텍스,X102,N,23:34:00,23:34:30,,X1273,하행,2025-05-01T05:00:00,,평일
GTX-A,,서울역,,,20250812,GTX-A,9000,운정중앙,X101,N,GTX-A,,9002,대곡,X103,N,23:39:00,23:39:30,,X1273,하행,2025-05-01T05:00:00,,평일
GTX-A,,서울역,,,20250812,GTX-A,9000,운정중앙,X101,N,GTX-A,,9004,연신내,X105,N,23:45:30,23:46:00,,X1273,하행,2025-05-01T05:00:00,,평일
GTX-A,,서울역,,,20250812,GTX-A,9000,운정중앙,X101,N,GTX-A,,,서울역,,N,23:51:30,,,X1273,하행,2025-05-01T05:00:00,,평일
GTX-A,,서울역,,,20250812,GTX-A,9000,운정중앙,X101,N,GTX-A,,9000,운정중앙,X101,N,,23:45:00,,X1275,하행,2025-05-01T05:00:00,,평일
GTX-A,,서울역,,,20250812,GTX-A,9000,운정중앙,X101,N,GTX-A,,9004,연신내,X105,N,00:00:30,00:01:00,,X1275,하행,2025-05-01T05:00:00,,평일
GTX-A,,서울역,,,20250812,GTX-A,9000,운정중앙,X101,N,GTX-A,,,서울역,,N,00:06:30,,,X1275,하행,2025-05-01T05:00:00,,평일
GTX-A,,서울역,,,20250812,GTX-A,9000,운정중앙,X101,N,GTX-A,,9001,킨텍스,X102,N,23:49:00,23:49:30,,X1275,하행,2025-05-01T05:00:00,,평일
GTX-A,,서울역,,,20250812,GTX-A,9000,운정중앙,X101,N,GTX-A,,9002,대곡,X103,N,23:54:00,23:54:30,,X1275,하행,2025-05-01T05:00:00,,평일
GTX-A,,서울역,,,20250812,GTX-A,9000,운정중앙,X101,N,GTX-A,,9000,운정중앙,X101,N,,00:00:00,,X1277,하행,2025-05-01T05:00:00,,평일
GTX-A,,서울역,,,20250812,GTX-A,9000,운정중앙,X101,N,GTX-A,,9001,킨텍스,X102,N,00:04:00,00:04:30,,X1277,하행,2025-05-01T05:00:00,,평일
GTX-A,,서울역,,,20250812,GTX-A,9000,운정중앙,X101,N,GTX-A,,9002,대곡,X103,N,00:09:00,00:09:30,,X1277,하행,2025-05-01T05:00:00,,평일
GTX-A,,서울역,,,20250812,GTX-A,9000,운정중앙,X101,N,GTX-A,,9004,연신내,X105,N,00:15:30,00:16:00,,X1277,하행,2025-05-01T05:00:00,,평일
GTX-A,,서울역,,,20250812,GTX-A,9000,운정중앙,X101,N,GTX-A,,,서울역,,N,00:21:30,,,X1277,하행,2025-05-01T05:00:00,,평일
GTX-A,,서울역,,,20250812,GTX-A,9000,운정중앙,X101,N,GTX-A,,9000,운정중앙,X101,N,,00:18:00,,X1279,하행,2025-05-01T05:00:00,,평일
GTX-A,,서울역,,,20250812,GTX-A,9000,운정중앙,X101,N,GTX-A,,9001,킨텍스,X102,N,00:22:00,00:22:30,,X1279,하행,2025-05-01T05:00:00,,평일
GTX-A,,서울역,,,20250812,GTX-A,9000,운정중앙,X101,N,GTX-A,,9002,대곡,X103,N,00:27:00,00:27:30,,X1279,하행,2025-05-01T05:00:00,,평일
GTX-A,,서울역,,,20250812,GTX-A,9000,운정중앙,X101,N,GTX-A,,9004,연신내,X105,N,00:33:30,00:34:00,,X1279,하행,2025-05-01T05:00:00,,평일
GTX-A,,서울역,,,20250812,GTX-A,9000,운정중앙,X101,N,GTX-A,,,서울역,,N,00:39:30,,,X1279,하행,2025-05-01T05:00:00,,평일
GTX-A,,서울역,,,20250812,GTX-A,9000,운정중앙,X101,N,GTX-A,,9000,운정중앙,X101,N,,00:38:00,,X1281,하행,2025-05-01T05:00:00,,평일
GTX-A,,서울역,,,20250812,GTX-A,9000,운정중앙,X101,N,GTX-A,,9001,킨텍스,X102,N,00:42:00,00:42:30,,X1281,하행,2025-05-01T05:00:00,,평일
GTX-A,,서울역,,,20250812,GTX-A,9000,운정중앙,X101,N,GTX-A,,9002,대곡,X103,N,00:47:00,00:47:30,,X1281,하행,2025-05-01T05:00:00,,평일
GTX-A,,서울역,,,20250812,GTX-A,9000,운정중앙,X101,N,GTX-A,,9004,연신내,X105,N,00:53:30,00:54:00,,X1281,하행,2025-05-01T05:00:00,,평일
GTX-A,,서울역,,,20250812,GTX-A,9000,운정중앙,X101,N,GTX-A,,,서울역,,N,00:59:30,,,X1281,하행,2025-05-01T05:00:00,,평일
