arvlLineNm,arvlStnCd,arvlStnNm,arvlStnNo,brlnNm,crtrYmd,dptreLineNm,dptreStnCd,dptreStnNm,dptreStnNo,etrnYn,lineNm,lnkgTrainno,stnCd,stnNm,stnNo,tmprTmtblYn,trainArvlTm,trainDptreTm,trainKnd,trainno,upbdnbSe,vldBgngDt,vldEndDt,wkndSe
경춘선,1309,상봉,P120,,20250619,경춘선,1317,평내호평,P128,N,경춘선,,1317,평내호평,P128,N,,05:50:00,,K8002,상행,2025-05-01T05:00:00,,주말
경춘선,1309,상봉,P120,,20250619,경춘선,1317,평내호평,P128,N,경춘선,,1316,금곡,P127,N,05:53:30,05:54:00,,K8002,상행,2025-05-01T05:00:00,,주말
경춘선,1309,상봉,P120,,20250619,경춘선,1317,평내호평,P128,N,경춘선,,1315,사릉,P126,N,05:57:00,05:57:30,,K8002,상행,2025-05-01T05:00:00,,주말
경춘선,1309,상봉,P120,,20250619,경춘선,1317,평내호평,P128,N,경춘선,,1314,퇴계원,P125,N,06:00:30,06:01:00,,K8002,상행,2025-05-01T05:00:00,,주말
경춘선,1309,상봉,P120,,20250619,경춘선,1317,평내호평,P128,N,경춘선,,1313,별내,P124,N,06:03:00,06:03:30,,K8002,상행,2025-05-01T05:00:00,,주말
경춘선,1309,상봉,P120,,20250619,경춘선,1317,평내호평,P128,N,경춘선,,1312,갈매,P123,N,06:05:00,06:05:30,,K8002,상행,2025-05-01T05:00:00,,주말
경춘선,1309,상봉,P120,,20250619,경춘선,1317,평내호평,P128,N,경춘선,,1311,신내,P122,N,06:08:30,06:09:00,,K8002,상행,2025-05-01T05:00:00,,주말
경춘선,1309,상봉,P120,,20250619,경춘선,1317,평내호평,P128,N,경춘선,,1310,망우,P121,N,06:11:30,06:12:30,,K8002,상행,2025-05-01T05:00:00,,주말
경춘선,1309,상봉,P120,,20250619,경춘선,1317,평내호평,P128,N,경춘선,,1309,상봉,P120,N,06:14:00,,,K8002,상행,2025-05-01T05:00:00,,주말
경춘선,1309,상봉,P120,,20250619,경춘선,1317,평내호평,P128,N,경춘선,,1317,평내호평,P128,N,,06:12:00,,K8004,상행,2025-05-01T05:00:00,,주말
경춘선,1309,상봉,P120,,20250619,경춘선,1317,평내호평,P128,N,경춘선,,1316,금곡,P127,N,06:15:30,06:16:00,,K8004,상행,2025-05-01T05:00:00,,주말
경춘선,1309,상봉,P120,,20250619,경춘선,1317,평내호평,P128,N,경춘선,,1315,사릉,P126,N,06:19:00,06:19:30,,K8004,상행,2025-05-01T05:00:00,,주말
경춘선,1309,상봉,P120,,20250619,경춘선,1317,평내호평,P128,N,경춘선,,1314,퇴계원,P125,N,06:22:30,06:23:00,,K8004,상행,2025-05-01T05:00:00,,주말
경춘선,1309,상봉,P120,,20250619,경춘선,1317,평내호평,P128,N,경춘선,,1313,별내,P124,N,06:25:00,06:25:30,,K8004,상행,2025-05-01T05:00:00,,주말
경춘선,1309,상봉,P120,,20250619,경춘선,1317,평내호평,P128,N,경춘선,,1312,갈매,P123,N,06:27:00,06:27:30,,K8004,상행,2025-05-01T05:00:00,,주말
경춘선,1309,상봉,P120,,20250619,경춘선,1317,평내호평,P128,N,경춘선,,1311,신내,P122,N,06:30:30,06:31:00,,K8004,상행,2025-05-01T05:00:00,,주말
경춘선,1309,상봉,P120,,20250619,경춘선,1317,평내호평,P128,N,경춘선,,1310,망우,P121,N,06:33:30,06:34:30,,K8004,상행,2025-05-01T05:00:00,,주말
경춘선,1309,상봉,P120,,20250619,경춘선,1317,평내호평,P128,N,경춘선,,1309,상봉,P120,N,06:36:00,,,K8004,상행,2025-05-01T05:00:00,,주말
경춘선,1306,청량리,P117,,20250619,경춘선,1329,춘천,P140,N,경춘선,,1329,춘천,P140,N,,05:29:00,,K8006,상행,2025-05-01T05:00:00,,주말
경춘선,1306,청량리,P117,,20250619,경춘선,1329,춘천,P140,N,경춘선,,1328,남춘천,P139,N,05:32:00,05:32:30,,K8006,상행,2025-05-01T05:00:00,,주말
경춘선,1306,청량리,P117,,20250619,경춘선,1329,춘천,P140,N,경춘선,,1327,김유정,P138,N,05:37:30,05:38:00,,K8006,상행,2025-05-01T05:00:00,,주말
경춘선,1306,청량리,P117,,20250619,경춘선,1329,춘천,P140,N,경춘선,,1326,강촌,P137,N,05:43:30,05:44:00,,K8006,상행,2025-05-01T05:00:00,,주말
경춘선,1306,청량리,P117,,20250619,경춘선,1329,춘천,P140,N,경춘선,,1325,백양리,P136,N,05:48:30,05:49:00,,K8006,상행,2025-05-01T05:00:00,,주말
경춘선,1306,청량리,P117,,20250619,경춘선,1329,춘천,P140,N,경춘선,,1324,굴봉산,P135,N,05:52:00,05:52:30,,K8006,상행,2025-05-01T05:00:00,,주말
경춘선,1306,청량리,P117,,20250619,경춘선,1329,춘천,P140,N,경춘선,,1323,가평,P134,N,05:56:30,05:57:00,,K8006,상행,2025-05-01T05:00:00,,주말
경춘선,1306,청량리,P117,,20250619,경춘선,1329,춘천,P140,N,경춘선,,1322,상천,P133,N,06:02:30,06:03:00,,K8006,상행,2025-05-01T05:00:00,,주말
경춘선,1306,청량리,P117,,20250619,경춘선,1329,춘천,P140,N,경춘선,,1321,청평,P132,N,06:07:00,06:07:30,,K8006,상행,2025-05-01T05:00:00,,주말
경춘선,1306,청량리,P117,,20250619,경춘선,1329,춘천,P140,N,경춘선,,1320,대성리,P131,N,06:13:30,06:14:00,,K8006,상행,2025-05-01T05:00:00,,주말
경춘선,1306,청량리,P117,,20250619,경춘선,1329,춘천,P140,N,경춘선,,1319,마석,P130,N,06:19:30,06:20:00,,K8006,상행,2025-05-01T05:00:00,,주말
경춘선,1306,청량리,P117,,20250619,경춘선,1329,춘천,P140,N,경춘선,,1318,천마산,P129,N,06:22:00,06:22:30,,K8006,상행,2025-05-01T05:00:00,,주말
경춘선,1306,청량리,P117,,20250619,경춘선,1329,춘천,P140,N,경춘선,,1317,평내호평,P128,N,06:26:00,06:26:30,,K8006,상행,2025-05-01T05:00:00,,주말
경춘선,1306,청량리,P117,,20250619,경춘선,1329,춘천,P140,N,경춘선,,1316,금곡,P127,N,06:30:00,06:30:30,,K8006,상행,2025-05-01T05:00:00,,주말
경춘선,1306,청량리,P117,,20250619,경춘선,1329,춘천,P140,N,경춘선,,1315,사릉,P126,N,06:33:30,06:34:00,,K8006,상행,2025-05-01T05:00:00,,주말
경춘선,1306,청량리,P117,,20250619,경춘선,1329,춘천,P140,N,경춘선,,1314,퇴계원,P125,N,06:37:00,06:37:30,,K8006,상행,2025-05-01T05:00:00,,주말
경춘선,1306,청량리,P117,,20250619,경춘선,1329,춘천,P140,N,경춘선,,1313,별내,P124,N,06:39:30,06:40:00,,K8006,상행,2025-05-01T05:00:00,,주말
경춘선,1306,청량리,P117,,20250619,경춘선,1329,춘천,P140,N,경춘선,,1312,갈매,P123,N,06:41:30,06:42:00,,K8006,상행,2025-05-01T05:00:00,,주말
경춘선,1306,청량리,P117,,20250619,경춘선,1329,춘천,P140,N,경춘선,,1311,신내,P122,N,06:45:00,06:45:30,,K8006,상행,2025-05-01T05:00:00,,주말
경춘선,1306,청량리,P117,,20250619,경춘선,1329,춘천,P140,N,경춘선,,1310,망우,P121,N,06:48:00,06:49:00,,K8006,상행,2025-05-01T05:00:00,,주말
경춘선,1306,청량리,P117,,20250619,경춘선,1329,춘천,P140,N,경춘선,,1309,상봉,P120,N,06:50:30,06:51:00,,K8006,상행,2025-05-01T05:00:00,,주말
경춘선,1306,청량리,P117,,20250619,경춘선,1329,춘천,P140,N,경춘선,,1308,중랑,P119,N,06:53:00,06:53:30,,K8006,상행,2025-05-01T05:00:00,,주말
경춘선,1306,청량리,P117,,20250619,경춘선,1329,춘천,P140,N,경춘선,,1307,회기,P118,N,06:56:00,06:56:30,,K8006,상행,2025-05-01T05:00:00,,주말
경춘선,1306,청량리,P117,,20250619,경춘선,1329,춘천,P140,N,경춘선,,1306,청량리,P117,N,06:59:30,,,K8006,상행,2025-05-01T05:00:00,,주말
경춘선,1306,청량리,P117,,20250619,경춘선,1329,춘천,P140,N,경춘선,,1329,춘천,P140,N,,06:10:00,,K8008,상행,2025-05-01T05:00:00,,주말
경춘선,1306,청량리,P117,,20250619,경춘선,1329,춘천,P140,N,경춘선,,1328,남춘천,P139,N,06:13:00,06:13:30,,K8008,상행,2025-05-01T05:00:00,,주말
경춘선,1306,청량리,P117,,20250619,경춘선,1329,춘천,P140,N,경춘선,,1327,김유정,P138,N,06:18:30,06:19:00,,K8008,상행,2025-05-01T05:00:00,,주말
경춘선,1306,청량리,P117,,20250619,경춘선,1329,춘천,P140,N,경춘선,,1326,강촌,P137,N,06:24:30,06:25:00,,K8008,상행,2025-05-01T05:00:00,,주말
경춘선,1306,청량리,P117,,20250619,경춘선,1329,춘천,P140,N,경춘선,,1325,백양리,P136,N,06:29:30,06:30:00,,K8008,상행,2025-05-01T05:00:00,,주말
경춘선,1306,청량리,P117,,20250619,경춘선,1329,춘천,P140,N,경춘선,,1324,굴봉산,P135,N,06:33:00,06:33:30,,K8008,상행,2025-05-01T05:00:00,,주말
경춘선,1306,청량리,P117,,20250619,경춘선,1329,춘천,P140,N,경춘선,,1323,가평,P134,N,06:37:30,06:38:00,,K8008,상행,2025-05-01T05:00:00,,주말
경춘선,1306,청량리,P117,,20250619,경춘선,1329,춘천,P140,N,경춘선,,1322,상천,P133,N,06:43:30,06:44:00,,K8008,상행,2025-05-01T05:00:00,,주말
경춘선,1306,청량리,P117,,20250619,경춘선,1329,춘천,P140,N,경춘선,,1321,청평,P132,N,06:48:00,06:48:30,,K8008,상행,2025-05-01T05:00:00,,주말
경춘선,1306,청량리,P117,,20250619,경춘선,1329,춘천,P140,N,경춘선,,1320,대성리,P131,N,06:54:30,06:55:00,,K8008,상행,2025-05-01T05:00:00,,주말
경춘선,1306,청량리,P117,,20250619,경춘선,1329,춘천,P140,N,경춘선,,1319,마석,P130,N,07:00:30,07:01:00,,K8008,상행,2025-05-01T05:00:00,,주말
경춘선,1306,청량리,P117,,20250619,경춘선,1329,춘천,P140,N,경춘선,,1318,천마산,P129,N,07:03:00,07:03:30,,K8008,상행,2025-05-01T05:00:00,,주말
경춘선,1306,청량리,P117,,20250619,경춘선,1329,춘천,P140,N,경춘선,,1317,평내호평,P128,N,07:07:00,07:07:30,,K8008,상행,2025-05-01T05:00:00,,주말
경춘선,1306,청량리,P117,,20250619,경춘선,1329,춘천,P140,N,경춘선,,1316,금곡,P127,N,07:11:00,07:11:30,,K8008,상행,2025-05-01T05:00:00,,주말
경춘선,1306,청량리,P117,,20250619,경춘선,1329,춘천,P140,N,경춘선,,1315,사릉,P126,N,07:14:30,07:15:00,,K8008,상행,2025-05-01T05:00:00,,주말
경춘선,1306,청량리,P117,,20250619,경춘선,1329,춘천,P140,N,경춘선,,1314,퇴계원,P125,N,07:18:00,07:18:30,,K8008,상행,2025-05-01T05:00:00,,주말
경춘선,1306,청량리,P117,,20250619,경춘선,1329,춘천,P140,N,경춘선,,1313,별내,P124,N,07:20:30,07:21:00,,K8008,상행,2025-05-01T05:00:00,,주말
경춘선,1306,청량리,P117,,20250619,경춘선,1329,춘천,P140,N,경춘선,,1312,갈매,P123,N,07:22:30,07:23:00,,K8008,상행,2025-05-01T05:00:00,,주말
경춘선,1306,청량리,P117,,20250619,경춘선,1329,춘천,P140,N,경춘선,,1311,신내,P122,N,07:26:00,07:26:30,,K8008,상행,2025-05-01T05:00:00,,주말
경춘선,1306,청량리,P117,,20250619,경춘선,1329,춘천,P140,N,경춘선,,1310,망우,P121,N,07:29:00,07:30:00,,K8008,상행,2025-05-01T05:00:00,,주말
경춘선,1306,청량리,P117,,20250619,경춘선,1329,춘천,P140,N,경춘선,,1309,상봉,P120,N,07:31:30,07:32:00,,K8008,상행,2025-05-01T05:00:00,,주말
경춘선,1306,청량리,P117,,20250619,경춘선,1329,춘천,P140,N,경춘선,,1308,중랑,P119,N,07:34:00,07:34:30,,K8008,상행,2025-05-01T05:00:00,,주말
경춘선,1306,청량리,P117,,20250619,경춘선,1329,춘천,P140,N,경춘선,,1307,회기,P118,N,07:37:00,07:37:30,,K8008,상행,2025-05-01T05:00:00,,주말
경춘선,1306,청량리,P117,,20250619,경춘선,1329,춘천,P140,N,경춘선,,1306,청량리,P117,N,07:40:30,,,K8008,상행,2025-05-01T05:00:00,,주말
경춘선,1309,상봉,P120,,20250619,경춘선,1329,춘천,P140,N,경춘선,,1329,춘천,P140,N,,06:49:00,,K8010,상행,2025-05-01T05:00:00,,주말
경춘선,1309,상봉,P120,,20250619,경춘선,1329,춘천,P140,N,경춘선,,1328,남춘천,P139,N,06:52:00,06:52:30,,K8010,상행,2025-05-01T05:00:00,,주말
경춘선,1309,상봉,P120,,20250619,경춘선,1329,춘천,P140,N,경춘선,,1327,김유정,P138,N,06:57:30,06:58:00,,K8010,상행,2025-05-01T05:00:00,,주말
경춘선,1309,상봉,P120,,20250619,경춘선,1329,춘천,P140,N,경춘선,,1326,강촌,P137,N,07:03:30,07:04:00,,K8010,상행,2025-05-01T05:00:00,,주말
경춘선,1309,상봉,P120,,20250619,경춘선,1329,춘천,P140,N,경춘선,,1325,백양리,P136,N,07:08:30,07:09:00,,K8010,상행,2025-05-01T05:00:00,,주말
경춘선,1309,상봉,P120,,20250619,경춘선,1329,춘천,P140,N,경춘선,,1324,굴봉산,P135,N,07:12:00,07:12:30,,K8010,상행,2025-05-01T05:00:00,,주말
경춘선,1309,상봉,P120,,20250619,경춘선,1329,춘천,P140,N,경춘선,,1323,가평,P134,N,07:16:30,07:17:00,,K8010,상행,2025-05-01T05:00:00,,주말
경춘선,1309,상봉,P120,,20250619,경춘선,1329,춘천,P140,N,경춘선,,1322,상천,P133,N,07:22:30,07:23:00,,K8010,상행,2025-05-01T05:00:00,,주말
경춘선,1309,상봉,P120,,20250619,경춘선,1329,춘천,P140,N,경춘선,,1321,청평,P132,N,07:27:00,07:27:30,,K8010,상행,2025-05-01T05:00:00,,주말
경춘선,1309,상봉,P120,,20250619,경춘선,1329,춘천,P140,N,경춘선,,1320,대성리,P131,N,07:33:30,07:34:00,,K8010,상행,2025-05-01T05:00:00,,주말
경춘선,1309,상봉,P120,,20250619,경춘선,1329,춘천,P140,N,경춘선,,1319,마석,P130,N,07:39:30,07:44:00,,K8010,상행,2025-05-01T05:00:00,,주말
경춘선,1309,상봉,P120,,20250619,경춘선,1329,춘천,P140,N,경춘선,,1318,천마산,P129,N,07:46:00,07:46:30,,K8010,상행,2025-05-01T05:00:00,,주말
경춘선,1309,상봉,P120,,20250619,경춘선,1329,춘천,P140,N,경춘선,,1317,평내호평,P128,N,07:50:00,07:50:30,,K8010,상행,2025-05-01T05:00:00,,주말
경춘선,1309,상봉,P120,,20250619,경춘선,1329,춘천,P140,N,경춘선,,1316,금곡,P127,N,07:54:00,07:54:30,,K8010,상행,2025-05-01T05:00:00,,주말
경춘선,1309,상봉,P120,,20250619,경춘선,1329,춘천,P140,N,경춘선,,1315,사릉,P126,N,07:57:30,07:58:00,,K8010,상행,2025-05-01T05:00:00,,주말
경춘선,1309,상봉,P120,,20250619,경춘선,1329,춘천,P140,N,경춘선,,1314,퇴계원,P125,N,08:01:00,08:01:30,,K8010,상행,2025-05-01T05:00:00,,주말
경춘선,1309,상봉,P120,,20250619,경춘선,1329,춘천,P140,N,경춘선,,1313,별내,P124,N,08:03:30,08:04:00,,K8010,상행,2025-05-01T05:00:00,,주말
경춘선,1309,상봉,P120,,20250619,경춘선,1329,춘천,P140,N,경춘선,,1312,갈매,P123,N,08:05:30,08:06:00,,K8010,상행,2025-05-01T05:00:00,,주말
경춘선,1309,상봉,P120,,20250619,경춘선,1329,춘천,P140,N,경춘선,,1311,신내,P122,N,08:09:00,08:09:30,,K8010,상행,2025-05-01T05:00:00,,주말
경춘선,1309,상봉,P120,,20250619,경춘선,1329,춘천,P140,N,경춘선,,1310,망우,P121,N,08:12:00,08:13:00,,K8010,상행,2025-05-01T05:00:00,,주말
경춘선,1309,상봉,P120,,20250619,경춘선,1329,춘천,P140,N,경춘선,,1309,상봉,P120,N,08:14:30,,,K8010,상행,2025-05-01T05:00:00,,주말
경춘선,1309,상봉,P120,,20250619,경춘선,1329,춘천,P140,N,경춘선,,1329,춘천,P140,N,,07:14:00,,K8012,상행,2025-05-01T05:00:00,,주말
경춘선,1309,상봉,P120,,20250619,경춘선,1329,춘천,P140,N,경춘선,,1328,남춘천,P139,N,07:17:00,07:17:30,,K8012,상행,2025-05-01T05:00:00,,주말
경춘선,1309,상봉,P120,,20250619,경춘선,1329,춘천,P140,N,경춘선,,1327,김유정,P138,N,07:22:30,07:23:00,,K8012,상행,2025-05-01T05:00:00,,주말
경춘선,1309,상봉,P120,,20250619,경춘선,1329,춘천,P140,N,경춘선,,1326,강촌,P137,N,07:28:30,07:29:00,,K8012,상행,2025-05-01T05:00:00,,주말
경춘선,1309,상봉,P120,,20250619,경춘선,1329,춘천,P140,N,경춘선,,1325,백양리,P136,N,07:33:30,07:34:00,,K8012,상행,2025-05-01T05:00:00,,주말
경춘선,1309,상봉,P120,,20250619,경춘선,1329,춘천,P140,N,경춘선,,1324,굴봉산,P135,N,07:37:00,07:37:30,,K8012,상행,2025-05-01T05:00:00,,주말
경춘선,1309,상봉,P120,,20250619,경춘선,1329,춘천,P140,N,경춘선,,1323,가평,P134,N,07:41:30,07:42:00,,K8012,상행,2025-05-01T05:00:00,,주말
경춘선,1309,상봉,P120,,20250619,경춘선,1329,춘천,P140,N,경춘선,,1322,상천,P133,N,07:47:30,07:48:00,,K8012,상행,2025-05-01T05:00:00,,주말
경춘선,1309,상봉,P120,,20250619,경춘선,1329,춘천,P140,N,경춘선,,1321,청평,P132,N,07:52:00,07:52:30,,K8012,상행,2025-05-01T05:00:00,,주말
경춘선,1309,상봉,P120,,20250619,경춘선,1329,춘천,P140,N,경춘선,,1320,대성리,P131,N,07:58:30,07:59:00,,K8012,상행,2025-05-01T05:00:00,,주말
경춘선,1309,상봉,P120,,20250619,경춘선,1329,춘천,P140,N,경춘선,,1319,마석,P130,N,08:04:30,08:05:00,,K8012,상행,2025-05-01T05:00:00,,주말
경춘선,1309,상봉,P120,,20250619,경춘선,1329,춘천,P140,N,경춘선,,1318,천마산,P129,N,08:07:00,08:07:30,,K8012,상행,2025-05-01T05:00:00,,주말
경춘선,1309,상봉,P120,,20250619,경춘선,1329,춘천,P140,N,경춘선,,1317,평내호평,P128,N,08:11:00,08:11:30,,K8012,상행,2025-05-01T05:00:00,,주말
경춘선,1309,상봉,P120,,20250619,경춘선,1329,춘천,P140,N,경춘선,,1316,금곡,P127,N,08:15:00,08:15:30,,K8012,상행,2025-05-01T05:00:00,,주말
경춘선,1309,상봉,P120,,20250619,경춘선,1329,춘천,P140,N,경춘선,,1315,사릉,P126,N,08:18:30,08:19:00,,K8012,상행,2025-05-01T05:00:00,,주말
경춘선,1309,상봉,P120,,20250619,경춘선,1329,춘천,P140,N,경춘선,,1314,퇴계원,P125,N,08:22:00,08:22:30,,K8012,상행,2025-05-01T05:00:00,,주말
경춘선,1309,상봉,P120,,20250619,경춘선,1329,춘천,P140,N,경춘선,,1313,별내,P124,N,08:24:30,08:25:00,,K8012,상행,2025-05-01T05:00:00,,주말
경춘선,1309,상봉,P120,,20250619,경춘선,1329,춘천,P140,N,경춘선,,1312,갈매,P123,N,08:26:30,08:27:00,,K8012,상행,2025-05-01T05:00:00,,주말
경춘선,1309,상봉,P120,,20250619,경춘선,1329,춘천,P140,N,경춘선,,1311,신내,P122,N,08:30:00,08:30:30,,K8012,상행,2025-05-01T05:00:00,,주말
경춘선,1309,상봉,P120,,20250619,경춘선,1329,춘천,P140,N,경춘선,,1310,망우,P121,N,08:33:00,08:34:00,,K8012,상행,2025-05-01T05:00:00,,주말
경춘선,1309,상봉,P120,,20250619,경춘선,1329,춘천,P140,N,경춘선,,1309,상봉,P120,N,08:35:30,,,K8012,상행,2025-05-01T05:00:00,,주말
경춘선,1309,상봉,P120,,20250619,경춘선,1329,춘천,P140,N,경춘선,,1329,춘천,P140,N,,07:39:00,,K8014,상행,2025-05-01T05:00:00,,주말
경춘선,1309,상봉,P120,,20250619,경춘선,1329,춘천,P140,N,경춘선,,1328,남춘천,P139,N,07:42:00,07:42:30,,K8014,상행,2025-05-01T05:00:00,,주말
경춘선,1309,상봉,P120,,20250619,경춘선,1329,춘천,P140,N,경춘선,,1327,김유정,P138,N,07:47:30,07:48:00,,K8014,상행,2025-05-01T05:00:00,,주말
경춘선,1309,상봉,P120,,20250619,경춘선,1329,춘천,P140,N,경춘선,,1326,강촌,P137,N,07:53:30,07:54:00,,K8014,상행,2025-05-01T05:00:00,,주말
경춘선,1309,상봉,P120,,20250619,경춘선,1329,춘천,P140,N,경춘선,,1325,백양리,P136,N,07:58:30,07:59:00,,K8014,상행,2025-05-01T05:00:00,,주말
경춘선,1309,상봉,P120,,20250619,경춘선,1329,춘천,P140,N,경춘선,,1324,굴봉산,P135,N,08:02:00,08:02:30,,K8014,상행,2025-05-01T05:00:00,,주말
경춘선,1309,상봉,P120,,20250619,경춘선,1329,춘천,P140,N,경춘선,,1323,가평,P134,N,08:06:30,08:07:30,,K8014,상행,2025-05-01T05:00:00,,주말
경춘선,1309,상봉,P120,,20250619,경춘선,1329,춘천,P140,N,경춘선,,1322,상천,P133,N,08:13:00,08:13:30,,K8014,상행,2025-05-01T05:00:00,,주말
경춘선,1309,상봉,P120,,20250619,경춘선,1329,춘천,P140,N,경춘선,,1321,청평,P132,N,08:17:30,08:18:00,,K8014,상행,2025-05-01T05:00:00,,주말
경춘선,1309,상봉,P120,,20250619,경춘선,1329,춘천,P140,N,경춘선,,1320,대성리,P131,N,08:24:00,08:24:30,,K8014,상행,2025-05-01T05:00:00,,주말
경춘선,1309,상봉,P120,,20250619,경춘선,1329,춘천,P140,N,경춘선,,1319,마석,P130,N,08:30:00,08:30:30,,K8014,상행,2025-05-01T05:00:00,,주말
경춘선,1309,상봉,P120,,20250619,경춘선,1329,춘천,P140,N,경춘선,,1318,천마산,P129,N,08:32:30,08:33:00,,K8014,상행,2025-05-01T05:00:00,,주말
경춘선,1309,상봉,P120,,20250619,경춘선,1329,춘천,P140,N,경춘선,,1317,평내호평,P128,N,08:36:30,08:37:00,,K8014,상행,2025-05-01T05:00:00,,주말
경춘선,1309,상봉,P120,,20250619,경춘선,1329,춘천,P140,N,경춘선,,1316,금곡,P127,N,08:40:30,08:41:00,,K8014,상행,2025-05-01T05:00:00,,주말
경춘선,1309,상봉,P120,,20250619,경춘선,1329,춘천,P140,N,경춘선,,1315,사릉,P126,N,08:44:00,08:44:30,,K8014,상행,2025-05-01T05:00:00,,주말
경춘선,1309,상봉,P120,,20250619,경춘선,1329,춘천,P140,N,경춘선,,1314,퇴계원,P125,N,08:47:30,08:48:00,,K8014,상행,2025-05-01T05:00:00,,주말
경춘선,1309,상봉,P120,,20250619,경춘선,1329,춘천,P140,N,경춘선,,1313,별내,P124,N,08:50:00,08:50:30,,K8014,상행,2025-05-01T05:00:00,,주말
경춘선,1309,상봉,P120,,20250619,경춘선,1329,춘천,P140,N,경춘선,,1312,갈매,P123,N,08:52:00,08:52:30,,K8014,상행,2025-05-01T05:00:00,,주말
경춘선,1309,상봉,P120,,20250619,경춘선,1329,춘천,P140,N,경춘선,,1311,신내,P122,N,08:55:30,08:56:00,,K8014,상행,2025-05-01T05:00:00,,주말
경춘선,1309,상봉,P120,,20250619,경춘선,1329,춘천,P140,N,경춘선,,1310,망우,P121,N,08:58:30,08:59:30,,K8014,상행,2025-05-01T05:00:00,,주말
경춘선,1309,상봉,P120,,20250619,경춘선,1329,춘천,P140,N,경춘선,,1309,상봉,P120,N,09:01:00,,,K8014,상행,2025-05-01T05:00:00,,주말
경춘선,1309,상봉,P120,,20250619,경춘선,1329,춘천,P140,N,경춘선,,1329,춘천,P140,N,,08:00:00,,K8016,상행,2025-05-01T05:00:00,,주말
경춘선,1309,상봉,P120,,20250619,경춘선,1329,춘천,P140,N,경춘선,,1328,남춘천,P139,N,08:03:00,08:03:30,,K8016,상행,2025-05-01T05:00:00,,주말
경춘선,1309,상봉,P120,,20250619,경춘선,1329,춘천,P140,N,경춘선,,1327,김유정,P138,N,08:08:30,08:09:00,,K8016,상행,2025-05-01T05:00:00,,주말
경춘선,1309,상봉,P120,,20250619,경춘선,1329,춘천,P140,N,경춘선,,1326,강촌,P137,N,08:14:30,08:15:00,,K8016,상행,2025-05-01T05:00:00,,주말
경춘선,1309,상봉,P120,,20250619,경춘선,1329,춘천,P140,N,경춘선,,1325,백양리,P136,N,08:19:30,08:20:00,,K8016,상행,2025-05-01T05:00:00,,주말
경춘선,1309,상봉,P120,,20250619,경춘선,1329,춘천,P140,N,경춘선,,1324,굴봉산,P135,N,08:23:00,08:23:30,,K8016,상행,2025-05-01T05:00:00,,주말
경춘선,1309,상봉,P120,,20250619,경춘선,1329,춘천,P140,N,경춘선,,1323,가평,P134,N,08:27:30,08:32:30,,K8016,상행,2025-05-01T05:00:00,,주말
경춘선,1309,상봉,P120,,20250619,경춘선,1329,춘천,P140,N,경춘선,,1322,상천,P133,N,08:38:00,08:38:30,,K8016,상행,2025-05-01T05:00:00,,주말
경춘선,1309,상봉,P120,,20250619,경춘선,1329,춘천,P140,N,경춘선,,1321,청평,P132,N,08:42:30,08:43:00,,K8016,상행,2025-05-01T05:00:00,,주말
경춘선,1309,상봉,P120,,20250619,경춘선,1329,춘천,P140,N,경춘선,,1320,대성리,P131,N,08:49:00,08:49:30,,K8016,상행,2025-05-01T05:00:00,,주말
경춘선,1309,상봉,P120,,20250619,경춘선,1329,춘천,P140,N,경춘선,,1319,마석,P130,N,08:55:00,08:55:30,,K8016,상행,2025-05-01T05:00:00,,주말
경춘선,1309,상봉,P120,,20250619,경춘선,1329,춘천,P140,N,경춘선,,1318,천마산,P129,N,08:57:30,08:58:00,,K8016,상행,2025-05-01T05:00:00,,주말
경춘선,1309,상봉,P120,,20250619,경춘선,1329,춘천,P140,N,경춘선,,1317,평내호평,P128,N,09:01:30,09:02:00,,K8016,상행,2025-05-01T05:00:00,,주말
경춘선,1309,상봉,P120,,20250619,경춘선,1329,춘천,P140,N,경춘선,,1316,금곡,P127,N,09:05:30,09:06:00,,K8016,상행,2025-05-01T05:00:00,,주말
경춘선,1309,상봉,P120,,20250619,경춘선,1329,춘천,P140,N,경춘선,,1315,사릉,P126,N,09:09:00,09:09:30,,K8016,상행,2025-05-01T05:00:00,,주말
경춘선,1309,상봉,P120,,20250619,경춘선,1329,춘천,P140,N,경춘선,,1314,퇴계원,P125,N,09:12:30,09:13:00,,K8016,상행,2025-05-01T05:00:00,,주말
경춘선,1309,상봉,P120,,20250619,경춘선,1329,춘천,P140,N,경춘선,,1313,별내,P124,N,09:15:00,09:15:30,,K8016,상행,2025-05-01T05:00:00,,주말
경춘선,1309,상봉,P120,,20250619,경춘선,1329,춘천,P140,N,경춘선,,1312,갈매,P123,N,09:17:00,09:17:30,,K8016,상행,2025-05-01T05:00:00,,주말
경춘선,1309,상봉,P120,,20250619,경춘선,1329,춘천,P140,N,경춘선,,1311,신내,P122,N,09:20:30,09:21:00,,K8016,상행,2025-05-01T05:00:00,,주말
경춘선,1309,상봉,P120,,20250619,경춘선,1329,춘천,P140,N,경춘선,,1310,망우,P121,N,09:23:30,09:24:30,,K8016,상행,2025-05-01T05:00:00,,주말
경춘선,1309,상봉,P120,,20250619,경춘선,1329,춘천,P140,N,경춘선,,1309,상봉,P120,N,09:26:00,,,K8016,상행,2025-05-01T05:00:00,,주말
경춘선,1306,청량리,P117,,20250619,경춘선,1329,춘천,P140,N,경춘선,,1329,춘천,P140,N,,08:27:00,,K8018,상행,2025-05-01T05:00:00,,주말
경춘선,1306,청량리,P117,,20250619,경춘선,1329,춘천,P140,N,경춘선,,1328,남춘천,P139,N,08:30:00,08:30:30,,K8018,상행,2025-05-01T05:00:00,,주말
경춘선,1306,청량리,P117,,20250619,경춘선,1329,춘천,P140,N,경춘선,,1327,김유정,P138,N,08:35:30,08:36:00,,K8018,상행,2025-05-01T05:00:00,,주말
경춘선,1306,청량리,P117,,20250619,경춘선,1329,춘천,P140,N,경춘선,,1326,강촌,P137,N,08:41:30,08:42:00,,K8018,상행,2025-05-01T05:00:00,,주말
경춘선,1306,청량리,P117,,20250619,경춘선,1329,춘천,P140,N,경춘선,,1325,백양리,P136,N,08:46:30,08:47:00,,K8018,상행,2025-05-01T05:00:00,,주말
경춘선,1306,청량리,P117,,20250619,경춘선,1329,춘천,P140,N,경춘선,,1324,굴봉산,P135,N,08:50:00,08:50:30,,K8018,상행,2025-05-01T05:00:00,,주말
경춘선,1306,청량리,P117,,20250619,경춘선,1329,춘천,P140,N,경춘선,,1323,가평,P134,N,08:54:30,08:55:00,,K8018,상행,2025-05-01T05:00:00,,주말
경춘선,1306,청량리,P117,,20250619,경춘선,1329,춘천,P140,N,경춘선,,1322,상천,P133,N,09:00:30,09:01:00,,K8018,상행,2025-05-01T05:00:00,,주말
경춘선,1306,청량리,P117,,20250619,경춘선,1329,춘천,P140,N,경춘선,,1321,청평,P132,N,09:05:00,09:05:30,,K8018,상행,2025-05-01T05:00:00,,주말
경춘선,1306,청량리,P117,,20250619,경춘선,1329,춘천,P140,N,경춘선,,1320,대성리,P131,N,09:11:30,09:12:00,,K8018,상행,2025-05-01T05:00:00,,주말
경춘선,1306,청량리,P117,,20250619,경춘선,1329,춘천,P140,N,경춘선,,1319,마석,P130,N,09:17:30,09:18:00,,K8018,상행,2025-05-01T05:00:00,,주말
경춘선,1306,청량리,P117,,20250619,경춘선,1329,춘천,P140,N,경춘선,,1318,천마산,P129,N,09:20:00,09:20:30,,K8018,상행,2025-05-01T05:00:00,,주말
경춘선,1306,청량리,P117,,20250619,경춘선,1329,춘천,P140,N,경춘선,,1317,평내호평,P128,N,09:24:00,09:29:00,,K8018,상행,2025-05-01T05:00:00,,주말
경춘선,1306,청량리,P117,,20250619,경춘선,1329,춘천,P140,N,경춘선,,1316,금곡,P127,N,09:32:30,09:33:00,,K8018,상행,2025-05-01T05:00:00,,주말
경춘선,1306,청량리,P117,,20250619,경춘선,1329,춘천,P140,N,경춘선,,1315,사릉,P126,N,09:36:00,09:36:30,,K8018,상행,2025-05-01T05:00:00,,주말
경춘선,1306,청량리,P117,,20250619,경춘선,1329,춘천,P140,N,경춘선,,1314,퇴계원,P125,N,09:39:30,09:40:00,,K8018,상행,2025-05-01T05:00:00,,주말
경춘선,1306,청량리,P117,,20250619,경춘선,1329,춘천,P140,N,경춘선,,1313,별내,P124,N,09:42:00,09:42:30,,K8018,상행,2025-05-01T05:00:00,,주말
경춘선,1306,청량리,P117,,20250619,경춘선,1329,춘천,P140,N,경춘선,,1312,갈매,P123,N,09:44:00,09:44:30,,K8018,상행,2025-05-01T05:00:00,,주말
경춘선,1306,청량리,P117,,20250619,경춘선,1329,춘천,P140,N,경춘선,,1311,신내,P122,N,09:47:30,09:48:00,,K8018,상행,2025-05-01T05:00:00,,주말
경춘선,1306,청량리,P117,,20250619,경춘선,1329,춘천,P140,N,경춘선,,1310,망우,P121,N,09:50:30,09:51:30,,K8018,상행,2025-05-01T05:00:00,,주말
경춘선,1306,청량리,P117,,20250619,경춘선,1329,춘천,P140,N,경춘선,,1309,상봉,P120,N,09:53:00,09:53:30,,K8018,상행,2025-05-01T05:00:00,,주말
경춘선,1306,청량리,P117,,20250619,경춘선,1329,춘천,P140,N,경춘선,,1308,중랑,P119,N,09:55:30,09:56:00,,K8018,상행,2025-05-01T05:00:00,,주말
경춘선,1306,청량리,P117,,20250619,경춘선,1329,춘천,P140,N,경춘선,,1307,회기,P118,N,09:58:30,09:59:00,,K8018,상행,2025-05-01T05:00:00,,주말
경춘선,1306,청량리,P117,,20250619,경춘선,1329,춘천,P140,N,경춘선,,1306,청량리,P117,N,10:02:00,,,K8018,상행,2025-05-01T05:00:00,,주말
경춘선,1309,상봉,P120,,20250619,경춘선,1329,춘천,P140,N,경춘선,,1329,춘천,P140,N,,08:56:00,,K8020,상행,2025-05-01T05:00:00,,주말
경춘선,1309,상봉,P120,,20250619,경춘선,1329,춘천,P140,N,경춘선,,1328,남춘천,P139,N,08:59:00,08:59:30,,K8020,상행,2025-05-01T05:00:00,,주말
경춘선,1309,상봉,P120,,20250619,경춘선,1329,춘천,P140,N,경춘선,,1327,김유정,P138,N,09:04:30,09:05:00,,K8020,상행,2025-05-01T05:00:00,,주말
경춘선,1309,상봉,P120,,20250619,경춘선,1329,춘천,P140,N,경춘선,,1326,강촌,P137,N,09:10:30,09:11:00,,K8020,상행,2025-05-01T05:00:00,,주말
경춘선,1309,상봉,P120,,20250619,경춘선,1329,춘천,P140,N,경춘선,,1325,백양리,P136,N,09:15:30,09:16:00,,K8020,상행,2025-05-01T05:00:00,,주말
경춘선,1309,상봉,P120,,20250619,경춘선,1329,춘천,P140,N,경춘선,,1324,굴봉산,P135,N,09:19:00,09:19:30,,K8020,상행,2025-05-01T05:00:00,,주말
경춘선,1309,상봉,P120,,20250619,경춘선,1329,춘천,P140,N,경춘선,,1323,가평,P134,N,09:23:30,09:24:00,,K8020,상행,2025-05-01T05:00:00,,주말
경춘선,1309,상봉,P120,,20250619,경춘선,1329,춘천,P140,N,경춘선,,1322,상천,P133,N,09:29:30,09:30:00,,K8020,상행,2025-05-01T05:00:00,,주말
경춘선,1309,상봉,P120,,20250619,경춘선,1329,춘천,P140,N,경춘선,,1321,청평,P132,N,09:34:00,09:34:30,,K8020,상행,2025-05-01T05:00:00,,주말
경춘선,1309,상봉,P120,,20250619,경춘선,1329,춘천,P140,N,경춘선,,1320,대성리,P131,N,09:40:30,09:41:00,,K8020,상행,2025-05-01T05:00:00,,주말
경춘선,1309,상봉,P120,,20250619,경춘선,1329,춘천,P140,N,경춘선,,1319,마석,P130,N,09:46:30,09:47:00,,K8020,상행,2025-05-01T05:00:00,,주말
경춘선,1309,상봉,P120,,20250619,경춘선,1329,춘천,P140,N,경춘선,,1318,천마산,P129,N,09:49:00,09:49:30,,K8020,상행,2025-05-01T05:00:00,,주말
경춘선,1309,상봉,P120,,20250619,경춘선,1329,춘천,P140,N,경춘선,,1317,평내호평,P128,N,09:53:00,09:53:30,,K8020,상행,2025-05-01T05:00:00,,주말
경춘선,1309,상봉,P120,,20250619,경춘선,1329,춘천,P140,N,경춘선,,1316,금곡,P127,N,09:57:00,09:57:30,,K8020,상행,2025-05-01T05:00:00,,주말
경춘선,1309,상봉,P120,,20250619,경춘선,1329,춘천,P140,N,경춘선,,1315,사릉,P126,N,10:00:30,10:01:00,,K8020,상행,2025-05-01T05:00:00,,주말
경춘선,1309,상봉,P120,,20250619,경춘선,1329,춘천,P140,N,경춘선,,1314,퇴계원,P125,N,10:04:00,10:04:30,,K8020,상행,2025-05-01T05:00:00,,주말
경춘선,1309,상봉,P120,,20250619,경춘선,1329,춘천,P140,N,경춘선,,1313,별내,P124,N,10:06:30,10:07:00,,K8020,상행,2025-05-01T05:00:00,,주말
경춘선,1309,상봉,P120,,20250619,경춘선,1329,춘천,P140,N,경춘선,,1312,갈매,P123,N,10:08:30,10:09:00,,K8020,상행,2025-05-01T05:00:00,,주말
경춘선,1309,상봉,P120,,20250619,경춘선,1329,춘천,P140,N,경춘선,,1311,신내,P122,N,10:12:00,10:12:30,,K8020,상행,2025-05-01T05:00:00,,주말
경춘선,1309,상봉,P120,,20250619,경춘선,1329,춘천,P140,N,경춘선,,1310,망우,P121,N,10:15:00,10:16:00,,K8020,상행,2025-05-01T05:00:00,,주말
경춘선,1309,상봉,P120,,20250619,경춘선,1329,춘천,P140,N,경춘선,,1309,상봉,P120,N,10:17:30,,,K8020,상행,2025-05-01T05:00:00,,주말
경춘선,1306,청량리,P117,,20250619,경춘선,1329,춘천,P140,N,경춘선,,1329,춘천,P140,N,,09:16:00,,K8022,상행,2025-05-01T05:00:00,,주말
경춘선,1306,청량리,P117,,20250619,경춘선,1329,춘천,P140,N,경춘선,,1328,남춘천,P139,N,09:19:00,09:19:30,,K8022,상행,2025-05-01T05:00:00,,주말
경춘선,1306,청량리,P117,,20250619,경춘선,1329,춘천,P140,N,경춘선,,1327,김유정,P138,N,09:24:30,09:25:00,,K8022,상행,2025-05-01T05:00:00,,주말
경춘선,1306,청량리,P117,,20250619,경춘선,1329,춘천,P140,N,경춘선,,1326,강촌,P137,N,09:30:30,09:31:00,,K8022,상행,2025-05-01T05:00:00,,주말
경춘선,1306,청량리,P117,,20250619,경춘선,1329,춘천,P140,N,경춘선,,1325,백양리,P136,N,09:35:30,09:36:00,,K8022,상행,2025-05-01T05:00:00,,주말
경춘선,1306,청량리,P117,,20250619,경춘선,1329,춘천,P140,N,경춘선,,1324,굴봉산,P135,N,09:39:00,09:39:30,,K8022,상행,2025-05-01T05:00:00,,주말
경춘선,1306,청량리,P117,,20250619,경춘선,1329,춘천,P140,N,경춘선,,1323,가평,P134,N,09:43:30,09:44:00,,K8022,상행,2025-05-01T05:00:00,,주말
경춘선,1306,청량리,P117,,20250619,경춘선,1329,춘천,P140,N,경춘선,,1322,상천,P133,N,09:49:30,09:50:00,,K8022,상행,2025-05-01T05:00:00,,주말
경춘선,1306,청량리,P117,,20250619,경춘선,1329,춘천,P140,N,경춘선,,1321,청평,P132,N,09:54:00,09:54:30,,K8022,상행,2025-05-01T05:00:00,,주말
경춘선,1306,청량리,P117,,20250619,경춘선,1329,춘천,P140,N,경춘선,,1320,대성리,P131,N,10:00:30,10:05:00,,K8022,상행,2025-05-01T05:00:00,,주말
경춘선,1306,청량리,P117,,20250619,경춘선,1329,춘천,P140,N,경춘선,,1319,마석,P130,N,10:10:30,10:11:00,,K8022,상행,2025-05-01T05:00:00,,주말
경춘선,1306,청량리,P117,,20250619,경춘선,1329,춘천,P140,N,경춘선,,1318,천마산,P129,N,10:13:00,10:13:30,,K8022,상행,2025-05-01T05:00:00,,주말
경춘선,1306,청량리,P117,,20250619,경춘선,1329,춘천,P140,N,경춘선,,1317,평내호평,P128,N,10:17:00,10:17:30,,K8022,상행,2025-05-01T05:00:00,,주말
경춘선,1306,청량리,P117,,20250619,경춘선,1329,춘천,P140,N,경춘선,,1316,금곡,P127,N,10:21:00,10:21:30,,K8022,상행,2025-05-01T05:00:00,,주말
경춘선,1306,청량리,P117,,20250619,경춘선,1329,춘천,P140,N,경춘선,,1315,사릉,P126,N,10:24:30,10:25:00,,K8022,상행,2025-05-01T05:00:00,,주말
경춘선,1306,청량리,P117,,20250619,경춘선,1329,춘천,P140,N,경춘선,,1314,퇴계원,P125,N,10:28:00,10:28:30,,K8022,상행,2025-05-01T05:00:00,,주말
경춘선,1306,청량리,P117,,20250619,경춘선,1329,춘천,P140,N,경춘선,,1313,별내,P124,N,10:30:30,10:31:00,,K8022,상행,2025-05-01T05:00:00,,주말
경춘선,1306,청량리,P117,,20250619,경춘선,1329,춘천,P140,N,경춘선,,1312,갈매,P123,N,10:32:30,10:33:00,,K8022,상행,2025-05-01T05:00:00,,주말
경춘선,1306,청량리,P117,,20250619,경춘선,1329,춘천,P140,N,경춘선,,1311,신내,P122,N,10:36:00,10:36:30,,K8022,상행,2025-05-01T05:00:00,,주말
경춘선,1306,청량리,P117,,20250619,경춘선,1329,춘천,P140,N,경춘선,,1310,망우,P121,N,10:39:00,10:40:00,,K8022,상행,2025-05-01T05:00:00,,주말
경춘선,1306,청량리,P117,,20250619,경춘선,1329,춘천,P140,N,경춘선,,1309,상봉,P120,N,10:41:30,10:42:00,,K8022,상행,2025-05-01T05:00:00,,주말
경춘선,1306,청량리,P117,,20250619,경춘선,1329,춘천,P140,N,경춘선,,1308,중랑,P119,N,10:44:00,10:44:30,,K8022,상행,2025-05-01T05:00:00,,주말
경춘선,1306,청량리,P117,,20250619,경춘선,1329,춘천,P140,N,경춘선,,1307,회기,P118,N,10:47:00,10:47:30,,K8022,상행,2025-05-01T05:00:00,,주말
경춘선,1306,청량리,P117,,20250619,경춘선,1329,춘천,P140,N,경춘선,,1306,청량리,P117,N,10:50:30,,,K8022,상행,2025-05-01T05:00:00,,주말
경춘선,1306,청량리,P117,,20250619,경춘선,1329,춘천,P140,N,경춘선,,1329,춘천,P140,N,,09:40:00,,K8024,상행,2025-05-01T05:00:00,,주말
경춘선,1306,청량리,P117,,20250619,경춘선,1329,춘천,P140,N,경춘선,,1328,남춘천,P139,N,09:43:00,09:43:30,,K8024,상행,2025-05-01T05:00:00,,주말
경춘선,1306,청량리,P117,,20250619,경춘선,1329,춘천,P140,N,경춘선,,1327,김유정,P138,N,09:48:30,09:49:00,,K8024,상행,2025-05-01T05:00:00,,주말
경춘선,1306,청량리,P117,,20250619,경춘선,1329,춘천,P140,N,경춘선,,1326,강촌,P137,N,09:54:30,09:55:00,,K8024,상행,2025-05-01T05:00:00,,주말
경춘선,1306,청량리,P117,,20250619,경춘선,1329,춘천,P140,N,경춘선,,1325,백양리,P136,N,09:59:30,10:00:00,,K8024,상행,2025-05-01T05:00:00,,주말
경춘선,1306,청량리,P117,,20250619,경춘선,1329,춘천,P140,N,경춘선,,1324,굴봉산,P135,N,10:03:00,10:03:30,,K8024,상행,2025-05-01T05:00:00,,주말
경춘선,1306,청량리,P117,,20250619,경춘선,1329,춘천,P140,N,경춘선,,1323,가평,P134,N,10:07:30,10:08:00,,K8024,상행,2025-05-01T05:00:00,,주말
경춘선,1306,청량리,P117,,20250619,경춘선,1329,춘천,P140,N,경춘선,,1322,상천,P133,N,10:13:30,10:14:00,,K8024,상행,2025-05-01T05:00:00,,주말
경춘선,1306,청량리,P117,,20250619,경춘선,1329,춘천,P140,N,경춘선,,1321,청평,P132,N,10:18:00,10:23:00,,K8024,상행,2025-05-01T05:00:00,,주말
경춘선,1306,청량리,P117,,20250619,경춘선,1329,춘천,P140,N,경춘선,,1320,대성리,P131,N,10:29:00,10:29:30,,K8024,상행,2025-05-01T05:00:00,,주말
경춘선,1306,청량리,P117,,20250619,경춘선,1329,춘천,P140,N,경춘선,,1319,마석,P130,N,10:35:00,10:35:30,,K8024,상행,2025-05-01T05:00:00,,주말
경춘선,1306,청량리,P117,,20250619,경춘선,1329,춘천,P140,N,경춘선,,1318,천마산,P129,N,10:37:30,10:38:00,,K8024,상행,2025-05-01T05:00:00,,주말
경춘선,1306,청량리,P117,,20250619,경춘선,1329,춘천,P140,N,경춘선,,1317,평내호평,P128,N,10:41:30,10:42:00,,K8024,상행,2025-05-01T05:00:00,,주말
경춘선,1306,청량리,P117,,20250619,경춘선,1329,춘천,P140,N,경춘선,,1316,금곡,P127,N,10:45:30,10:46:00,,K8024,상행,2025-05-01T05:00:00,,주말
경춘선,1306,청량리,P117,,20250619,경춘선,1329,춘천,P140,N,경춘선,,1315,사릉,P126,N,10:49:00,10:49:30,,K8024,상행,2025-05-01T05:00:00,,주말
경춘선,1306,청량리,P117,,20250619,경춘선,1329,춘천,P140,N,경춘선,,1314,퇴계원,P125,N,10:52:30,10:53:00,,K8024,상행,2025-05-01T05:00:00,,주말
경춘선,1306,청량리,P117,,20250619,경춘선,1329,춘천,P140,N,경춘선,,1313,별내,P124,N,10:55:00,10:55:30,,K8024,상행,2025-05-01T05:00:00,,주말
경춘선,1306,청량리,P117,,20250619,경춘선,1329,춘천,P140,N,경춘선,,1312,갈매,P123,N,10:57:00,10:57:30,,K8024,상행,2025-05-01T05:00:00,,주말
경춘선,1306,청량리,P117,,20250619,경춘선,1329,춘천,P140,N,경춘선,,1311,신내,P122,N,11:00:30,11:01:00,,K8024,상행,2025-05-01T05:00:00,,주말
경춘선,1306,청량리,P117,,20250619,경춘선,1329,춘천,P140,N,경춘선,,1310,망우,P121,N,11:03:30,11:05:00,,K8024,상행,2025-05-01T05:00:00,,주말
경춘선,1306,청량리,P117,,20250619,경춘선,1329,춘천,P140,N,경춘선,,1309,상봉,P120,N,11:06:30,11:07:30,,K8024,상행,2025-05-01T05:00:00,,주말
경춘선,1306,청량리,P117,,20250619,경춘선,1329,춘천,P140,N,경춘선,,1308,중랑,P119,N,11:09:30,11:10:30,,K8024,상행,2025-05-01T05:00:00,,주말
경춘선,1306,청량리,P117,,20250619,경춘선,1329,춘천,P140,N,경춘선,,1307,회기,P118,N,11:13:00,11:14:00,,K8024,상행,2025-05-01T05:00:00,,주말
경춘선,1306,청량리,P117,,20250619,경춘선,1329,춘천,P140,N,경춘선,,1306,청량리,P117,N,11:17:00,,,K8024,상행,2025-05-01T05:00:00,,주말
경춘선,1309,상봉,P120,,20250619,경춘선,1329,춘천,P140,N,경춘선,,1329,춘천,P140,N,,10:10:00,,K8026,상행,2025-05-01T05:00:00,,주말
경춘선,1309,상봉,P120,,20250619,경춘선,1329,춘천,P140,N,경춘선,,1328,남춘천,P139,N,10:13:00,10:13:30,,K8026,상행,2025-05-01T05:00:00,,주말
경춘선,1309,상봉,P120,,20250619,경춘선,1329,춘천,P140,N,경춘선,,1327,김유정,P138,N,10:18:30,10:19:00,,K8026,상행,2025-05-01T05:00:00,,주말
경춘선,1309,상봉,P120,,20250619,경춘선,1329,춘천,P140,N,경춘선,,1326,강촌,P137,N,10:24:30,10:25:00,,K8026,상행,2025-05-01T05:00:00,,주말
경춘선,1309,상봉,P120,,20250619,경춘선,1329,춘천,P140,N,경춘선,,1325,백양리,P136,N,10:29:30,10:30:00,,K8026,상행,2025-05-01T05:00:00,,주말
경춘선,1309,상봉,P120,,20250619,경춘선,1329,춘천,P140,N,경춘선,,1324,굴봉산,P135,N,10:33:00,10:33:30,,K8026,상행,2025-05-01T05:00:00,,주말
경춘선,1309,상봉,P120,,20250619,경춘선,1329,춘천,P140,N,경춘선,,1323,가평,P134,N,10:37:30,10:42:30,,K8026,상행,2025-05-01T05:00:00,,주말
경춘선,1309,상봉,P120,,20250619,경춘선,1329,춘천,P140,N,경춘선,,1322,상천,P133,N,10:48:00,10:48:30,,K8026,상행,2025-05-01T05:00:00,,주말
경춘선,1309,상봉,P120,,20250619,경춘선,1329,춘천,P140,N,경춘선,,1321,청평,P132,N,10:52:30,10:53:00,,K8026,상행,2025-05-01T05:00:00,,주말
경춘선,1309,상봉,P120,,20250619,경춘선,1329,춘천,P140,N,경춘선,,1320,대성리,P131,N,10:59:00,10:59:30,,K8026,상행,2025-05-01T05:00:00,,주말
경춘선,1309,상봉,P120,,20250619,경춘선,1329,춘천,P140,N,경춘선,,1319,마석,P130,N,11:05:00,11:05:30,,K8026,상행,2025-05-01T05:00:00,,주말
경춘선,1309,상봉,P120,,20250619,경춘선,1329,춘천,P140,N,경춘선,,1318,천마산,P129,N,11:07:30,11:08:00,,K8026,상행,2025-05-01T05:00:00,,주말
경춘선,1309,상봉,P120,,20250619,경춘선,1329,춘천,P140,N,경춘선,,1317,평내호평,P128,N,11:11:30,11:12:00,,K8026,상행,2025-05-01T05:00:00,,주말
경춘선,1309,상봉,P120,,20250619,경춘선,1329,춘천,P140,N,경춘선,,1316,금곡,P127,N,11:15:30,11:16:00,,K8026,상행,2025-05-01T05:00:00,,주말
경춘선,1309,상봉,P120,,20250619,경춘선,1329,춘천,P140,N,경춘선,,1315,사릉,P126,N,11:19:00,11:19:30,,K8026,상행,2025-05-01T05:00:00,,주말
경춘선,1309,상봉,P120,,20250619,경춘선,1329,춘천,P140,N,경춘선,,1314,퇴계원,P125,N,11:22:30,11:23:00,,K8026,상행,2025-05-01T05:00:00,,주말
경춘선,1309,상봉,P120,,20250619,경춘선,1329,춘천,P140,N,경춘선,,1313,별내,P124,N,11:25:00,11:25:30,,K8026,상행,2025-05-01T05:00:00,,주말
경춘선,1309,상봉,P120,,20250619,경춘선,1329,춘천,P140,N,경춘선,,1312,갈매,P123,N,11:27:00,11:27:30,,K8026,상행,2025-05-01T05:00:00,,주말
경춘선,1309,상봉,P120,,20250619,경춘선,1329,춘천,P140,N,경춘선,,1311,신내,P122,N,11:30:30,11:31:00,,K8026,상행,2025-05-01T05:00:00,,주말
경춘선,1309,상봉,P120,,20250619,경춘선,1329,춘천,P140,N,경춘선,,1310,망우,P121,N,11:33:30,11:34:30,,K8026,상행,2025-05-01T05:00:00,,주말
경춘선,1309,상봉,P120,,20250619,경춘선,1329,춘천,P140,N,경춘선,,1309,상봉,P120,N,11:36:00,,,K8026,상행,2025-05-01T05:00:00,,주말
경춘선,1309,상봉,P120,,20250619,경춘선,1329,춘천,P140,N,경춘선,,1329,춘천,P140,N,,10:37:00,,K8028,상행,2025-05-01T05:00:00,,주말
경춘선,1309,상봉,P120,,20250619,경춘선,1329,춘천,P140,N,경춘선,,1328,남춘천,P139,N,10:40:00,10:40:30,,K8028,상행,2025-05-01T05:00:00,,주말
경춘선,1309,상봉,P120,,20250619,경춘선,1329,춘천,P140,N,경춘선,,1327,김유정,P138,N,10:45:30,10:46:00,,K8028,상행,2025-05-01T05:00:00,,주말
경춘선,1309,상봉,P120,,20250619,경춘선,1329,춘천,P140,N,경춘선,,1326,강촌,P137,N,10:51:30,10:52:00,,K8028,상행,2025-05-01T05:00:00,,주말
경춘선,1309,상봉,P120,,20250619,경춘선,1329,춘천,P140,N,경춘선,,1325,백양리,P136,N,10:56:30,10:57:00,,K8028,상행,2025-05-01T05:00:00,,주말
경춘선,1309,상봉,P120,,20250619,경춘선,1329,춘천,P140,N,경춘선,,1324,굴봉산,P135,N,11:00:00,11:00:30,,K8028,상행,2025-05-01T05:00:00,,주말
경춘선,1309,상봉,P120,,20250619,경춘선,1329,춘천,P140,N,경춘선,,1323,가평,P134,N,11:04:30,11:05:00,,K8028,상행,2025-05-01T05:00:00,,주말
경춘선,1309,상봉,P120,,20250619,경춘선,1329,춘천,P140,N,경춘선,,1322,상천,P133,N,11:10:30,11:11:00,,K8028,상행,2025-05-01T05:00:00,,주말
경춘선,1309,상봉,P120,,20250619,경춘선,1329,춘천,P140,N,경춘선,,1321,청평,P132,N,11:15:00,11:15:30,,K8028,상행,2025-05-01T05:00:00,,주말
경춘선,1309,상봉,P120,,20250619,경춘선,1329,춘천,P140,N,경춘선,,1320,대성리,P131,N,11:21:30,11:22:30,,K8028,상행,2025-05-01T05:00:00,,주말
경춘선,1309,상봉,P120,,20250619,경춘선,1329,춘천,P140,N,경춘선,,1319,마석,P130,N,11:28:00,11:28:30,,K8028,상행,2025-05-01T05:00:00,,주말
경춘선,1309,상봉,P120,,20250619,경춘선,1329,춘천,P140,N,경춘선,,1318,천마산,P129,N,11:30:30,11:31:00,,K8028,상행,2025-05-01T05:00:00,,주말
경춘선,1309,상봉,P120,,20250619,경춘선,1329,춘천,P140,N,경춘선,,1317,평내호평,P128,N,11:34:30,11:35:00,,K8028,상행,2025-05-01T05:00:00,,주말
경춘선,1309,상봉,P120,,20250619,경춘선,1329,춘천,P140,N,경춘선,,1316,금곡,P127,N,11:38:30,11:39:00,,K8028,상행,2025-05-01T05:00:00,,주말
경춘선,1309,상봉,P120,,20250619,경춘선,1329,춘천,P140,N,경춘선,,1315,사릉,P126,N,11:42:00,11:42:30,,K8028,상행,2025-05-01T05:00:00,,주말
경춘선,1309,상봉,P120,,20250619,경춘선,1329,춘천,P140,N,경춘선,,1314,퇴계원,P125,N,11:45:30,11:46:00,,K8028,상행,2025-05-01T05:00:00,,주말
경춘선,1309,상봉,P120,,20250619,경춘선,1329,춘천,P140,N,경춘선,,1313,별내,P124,N,11:48:00,11:48:30,,K8028,상행,2025-05-01T05:00:00,,주말
경춘선,1309,상봉,P120,,20250619,경춘선,1329,춘천,P140,N,경춘선,,1312,갈매,P123,N,11:50:00,11:50:30,,K8028,상행,2025-05-01T05:00:00,,주말
경춘선,1309,상봉,P120,,20250619,경춘선,1329,춘천,P140,N,경춘선,,1311,신내,P122,N,11:53:30,11:54:00,,K8028,상행,2025-05-01T05:00:00,,주말
경춘선,1309,상봉,P120,,20250619,경춘선,1329,춘천,P140,N,경춘선,,1310,망우,P121,N,11:56:30,11:57:30,,K8028,상행,2025-05-01T05:00:00,,주말
경춘선,1309,상봉,P120,,20250619,경춘선,1329,춘천,P140,N,경춘선,,1309,상봉,P120,N,11:59:00,,,K8028,상행,2025-05-01T05:00:00,,주말
경춘선,1309,상봉,P120,,20250619,경춘선,1329,춘천,P140,N,경춘선,,1329,춘천,P140,N,,11:04:00,,K8030,상행,2025-05-01T05:00:00,,주말
경춘선,1309,상봉,P120,,20250619,경춘선,1329,춘천,P140,N,경춘선,,1328,남춘천,P139,N,11:07:00,11:07:30,,K8030,상행,2025-05-01T05:00:00,,주말
경춘선,1309,상봉,P120,,20250619,경춘선,1329,춘천,P140,N,경춘선,,1327,김유정,P138,N,11:12:30,11:13:00,,K8030,상행,2025-05-01T05:00:00,,주말
경춘선,1309,상봉,P120,,20250619,경춘선,1329,춘천,P140,N,경춘선,,1326,강촌,P137,N,11:18:30,11:19:00,,K8030,상행,2025-05-01T05:00:00,,주말
경춘선,1309,상봉,P120,,20250619,경춘선,1329,춘천,P140,N,경춘선,,1325,백양리,P136,N,11:23:30,11:24:00,,K8030,상행,2025-05-01T05:00:00,,주말
경춘선,1309,상봉,P120,,20250619,경춘선,1329,춘천,P140,N,경춘선,,1324,굴봉산,P135,N,11:27:00,11:27:30,,K8030,상행,2025-05-01T05:00:00,,주말
경춘선,1309,상봉,P120,,20250619,경춘선,1329,춘천,P140,N,경춘선,,1323,가평,P134,N,11:31:30,11:32:00,,K8030,상행,2025-05-01T05:00:00,,주말
경춘선,1309,상봉,P120,,20250619,경춘선,1329,춘천,P140,N,경춘선,,1322,상천,P133,N,11:37:30,11:38:00,,K8030,상행,2025-05-01T05:00:00,,주말
경춘선,1309,상봉,P120,,20250619,경춘선,1329,춘천,P140,N,경춘선,,1321,청평,P132,N,11:42:00,11:42:30,,K8030,상행,2025-05-01T05:00:00,,주말
경춘선,1309,상봉,P120,,20250619,경춘선,1329,춘천,P140,N,경춘선,,1320,대성리,P131,N,11:48:30,11:49:00,,K8030,상행,2025-05-01T05:00:00,,주말
경춘선,1309,상봉,P120,,20250619,경춘선,1329,춘천,P140,N,경춘선,,1319,마석,P130,N,11:54:30,11:55:00,,K8030,상행,2025-05-01T05:00:00,,주말
경춘선,1309,상봉,P120,,20250619,경춘선,1329,춘천,P140,N,경춘선,,1318,천마산,P129,N,11:57:00,11:57:30,,K8030,상행,2025-05-01T05:00:00,,주말
경춘선,1309,상봉,P120,,20250619,경춘선,1329,춘천,P140,N,경춘선,,1317,평내호평,P128,N,12:01:00,12:05:30,,K8030,상행,2025-05-01T05:00:00,,주말
경춘선,1309,상봉,P120,,20250619,경춘선,1329,춘천,P140,N,경춘선,,1316,금곡,P127,N,12:09:00,12:09:30,,K8030,상행,2025-05-01T05:00:00,,주말
경춘선,1309,상봉,P120,,20250619,경춘선,1329,춘천,P140,N,경춘선,,1315,사릉,P126,N,12:12:30,12:13:00,,K8030,상행,2025-05-01T05:00:00,,주말
경춘선,1309,상봉,P120,,20250619,경춘선,1329,춘천,P140,N,경춘선,,1314,퇴계원,P125,N,12:16:00,12:16:30,,K8030,상행,2025-05-01T05:00:00,,주말
경춘선,1309,상봉,P120,,20250619,경춘선,1329,춘천,P140,N,경춘선,,1313,별내,P124,N,12:18:30,12:19:00,,K8030,상행,2025-05-01T05:00:00,,주말
경춘선,1309,상봉,P120,,20250619,경춘선,1329,춘천,P140,N,경춘선,,1312,갈매,P123,N,12:20:30,12:21:00,,K8030,상행,2025-05-01T05:00:00,,주말
경춘선,1309,상봉,P120,,20250619,경춘선,1329,춘천,P140,N,경춘선,,1311,신내,P122,N,12:24:00,12:24:30,,K8030,상행,2025-05-01T05:00:00,,주말
경춘선,1309,상봉,P120,,20250619,경춘선,1329,춘천,P140,N,경춘선,,1310,망우,P121,N,12:27:00,12:28:00,,K8030,상행,2025-05-01T05:00:00,,주말
경춘선,1309,상봉,P120,,20250619,경춘선,1329,춘천,P140,N,경춘선,,1309,상봉,P120,N,12:29:30,,,K8030,상행,2025-05-01T05:00:00,,주말
경춘선,1309,상봉,P120,,20250619,경춘선,1329,춘천,P140,N,경춘선,,1329,춘천,P140,N,,11:33:00,,K8032,상행,2025-05-01T05:00:00,,주말
경춘선,1309,상봉,P120,,20250619,경춘선,1329,춘천,P140,N,경춘선,,1328,남춘천,P139,N,11:36:00,11:36:30,,K8032,상행,2025-05-01T05:00:00,,주말
경춘선,1309,상봉,P120,,20250619,경춘선,1329,춘천,P140,N,경춘선,,1327,김유정,P138,N,11:41:30,11:42:00,,K8032,상행,2025-05-01T05:00:00,,주말
경춘선,1309,상봉,P120,,20250619,경춘선,1329,춘천,P140,N,경춘선,,1326,강촌,P137,N,11:47:30,11:48:00,,K8032,상행,2025-05-01T05:00:00,,주말
경춘선,1309,상봉,P120,,20250619,경춘선,1329,춘천,P140,N,경춘선,,1325,백양리,P136,N,11:52:30,11:53:00,,K8032,상행,2025-05-01T05:00:00,,주말
경춘선,1309,상봉,P120,,20250619,경춘선,1329,춘천,P140,N,경춘선,,1324,굴봉산,P135,N,11:56:00,11:56:30,,K8032,상행,2025-05-01T05:00:00,,주말
경춘선,1309,상봉,P120,,20250619,경춘선,1329,춘천,P140,N,경춘선,,1323,가평,P134,N,12:00:30,12:01:00,,K8032,상행,2025-05-01T05:00:00,,주말
경춘선,1309,상봉,P120,,20250619,경춘선,1329,춘천,P140,N,경춘선,,1322,상천,P133,N,12:06:30,12:07:00,,K8032,상행,2025-05-01T05:00:00,,주말
경춘선,1309,상봉,P120,,20250619,경춘선,1329,춘천,P140,N,경춘선,,1321,청평,P132,N,12:11:00,12:11:30,,K8032,상행,2025-05-01T05:00:00,,주말
경춘선,1309,상봉,P120,,20250619,경춘선,1329,춘천,P140,N,경춘선,,1320,대성리,P131,N,12:17:30,12:18:00,,K8032,상행,2025-05-01T05:00:00,,주말
경춘선,1309,상봉,P120,,20250619,경춘선,1329,춘천,P140,N,경춘선,,1319,마석,P130,N,12:23:30,12:24:00,,K8032,상행,2025-05-01T05:00:00,,주말
경춘선,1309,상봉,P120,,20250619,경춘선,1329,춘천,P140,N,경춘선,,1318,천마산,P129,N,12:26:00,12:26:30,,K8032,상행,2025-05-01T05:00:00,,주말
경춘선,1309,상봉,P120,,20250619,경춘선,1329,춘천,P140,N,경춘선,,1317,평내호평,P128,N,12:30:00,12:30:30,,K8032,상행,2025-05-01T05:00:00,,주말
경춘선,1309,상봉,P120,,20250619,경춘선,1329,춘천,P140,N,경춘선,,1316,금곡,P127,N,12:34:00,12:34:30,,K8032,상행,2025-05-01T05:00:00,,주말
경춘선,1309,상봉,P120,,20250619,경춘선,1329,춘천,P140,N,경춘선,,1315,사릉,P126,N,12:37:30,12:38:30,,K8032,상행,2025-05-01T05:00:00,,주말
경춘선,1309,상봉,P120,,20250619,경춘선,1329,춘천,P140,N,경춘선,,1314,퇴계원,P125,N,12:41:30,12:42:00,,K8032,상행,2025-05-01T05:00:00,,주말
경춘선,1309,상봉,P120,,20250619,경춘선,1329,춘천,P140,N,경춘선,,1313,별내,P124,N,12:44:00,12:44:30,,K8032,상행,2025-05-01T05:00:00,,주말
경춘선,1309,상봉,P120,,20250619,경춘선,1329,춘천,P140,N,경춘선,,1312,갈매,P123,N,12:46:00,12:46:30,,K8032,상행,2025-05-01T05:00:00,,주말
경춘선,1309,상봉,P120,,20250619,경춘선,1329,춘천,P140,N,경춘선,,1311,신내,P122,N,12:49:30,12:50:00,,K8032,상행,2025-05-01T05:00:00,,주말
경춘선,1309,상봉,P120,,20250619,경춘선,1329,춘천,P140,N,경춘선,,1310,망우,P121,N,12:52:30,12:53:30,,K8032,상행,2025-05-01T05:00:00,,주말
경춘선,1309,상봉,P120,,20250619,경춘선,1329,춘천,P140,N,경춘선,,1309,상봉,P120,N,12:55:00,,,K8032,상행,2025-05-01T05:00:00,,주말
경춘선,1306,청량리,P117,,20250619,경춘선,1329,춘천,P140,N,경춘선,,1329,춘천,P140,N,,11:52:00,,K8034,상행,2025-05-01T05:00:00,,주말
경춘선,1306,청량리,P117,,20250619,경춘선,1329,춘천,P140,N,경춘선,,1328,남춘천,P139,N,11:55:00,11:55:30,,K8034,상행,2025-05-01T05:00:00,,주말
경춘선,1306,청량리,P117,,20250619,경춘선,1329,춘천,P140,N,경춘선,,1327,김유정,P138,N,12:00:30,12:01:00,,K8034,상행,2025-05-01T05:00:00,,주말
경춘선,1306,청량리,P117,,20250619,경춘선,1329,춘천,P140,N,경춘선,,1326,강촌,P137,N,12:06:30,12:07:30,,K8034,상행,2025-05-01T05:00:00,,주말
경춘선,1306,청량리,P117,,20250619,경춘선,1329,춘천,P140,N,경춘선,,1325,백양리,P136,N,12:12:00,12:12:30,,K8034,상행,2025-05-01T05:00:00,,주말
경춘선,1306,청량리,P117,,20250619,경춘선,1329,춘천,P140,N,경춘선,,1324,굴봉산,P135,N,12:15:30,12:16:00,,K8034,상행,2025-05-01T05:00:00,,주말
경춘선,1306,청량리,P117,,20250619,경춘선,1329,춘천,P140,N,경춘선,,1323,가평,P134,N,12:20:00,12:20:30,,K8034,상행,2025-05-01T05:00:00,,주말
경춘선,1306,청량리,P117,,20250619,경춘선,1329,춘천,P140,N,경춘선,,1322,상천,P133,N,12:26:00,12:26:30,,K8034,상행,2025-05-01T05:00:00,,주말
경춘선,1306,청량리,P117,,20250619,경춘선,1329,춘천,P140,N,경춘선,,1321,청평,P132,N,12:30:30,12:31:00,,K8034,상행,2025-05-01T05:00:00,,주말
경춘선,1306,청량리,P117,,20250619,경춘선,1329,춘천,P140,N,경춘선,,1320,대성리,P131,N,12:37:00,12:37:30,,K8034,상행,2025-05-01T05:00:00,,주말
경춘선,1306,청량리,P117,,20250619,경춘선,1329,춘천,P140,N,경춘선,,1319,마석,P130,N,12:43:00,12:43:30,,K8034,상행,2025-05-01T05:00:00,,주말
경춘선,1306,청량리,P117,,20250619,경춘선,1329,춘천,P140,N,경춘선,,1318,천마산,P129,N,12:45:30,12:46:00,,K8034,상행,2025-05-01T05:00:00,,주말
경춘선,1306,청량리,P117,,20250619,경춘선,1329,춘천,P140,N,경춘선,,1317,평내호평,P128,N,12:49:30,12:50:00,,K8034,상행,2025-05-01T05:00:00,,주말
경춘선,1306,청량리,P117,,20250619,경춘선,1329,춘천,P140,N,경춘선,,1316,금곡,P127,N,12:53:30,12:54:00,,K8034,상행,2025-05-01T05:00:00,,주말
경춘선,1306,청량리,P117,,20250619,경춘선,1329,춘천,P140,N,경춘선,,1315,사릉,P126,N,12:57:00,12:57:30,,K8034,상행,2025-05-01T05:00:00,,주말
경춘선,1306,청량리,P117,,20250619,경춘선,1329,춘천,P140,N,경춘선,,1314,퇴계원,P125,N,13:00:30,13:01:00,,K8034,상행,2025-05-01T05:00:00,,주말
경춘선,1306,청량리,P117,,20250619,경춘선,1329,춘천,P140,N,경춘선,,1313,별내,P124,N,13:03:00,13:03:30,,K8034,상행,2025-05-01T05:00:00,,주말
경춘선,1306,청량리,P117,,20250619,경춘선,1329,춘천,P140,N,경춘선,,1312,갈매,P123,N,13:05:00,13:05:30,,K8034,상행,2025-05-01T05:00:00,,주말
경춘선,1306,청량리,P117,,20250619,경춘선,1329,춘천,P140,N,경춘선,,1311,신내,P122,N,13:08:30,13:09:00,,K8034,상행,2025-05-01T05:00:00,,주말
경춘선,1306,청량리,P117,,20250619,경춘선,1329,춘천,P140,N,경춘선,,1310,망우,P121,N,13:11:30,13:12:30,,K8034,상행,2025-05-01T05:00:00,,주말
경춘선,1306,청량리,P117,,20250619,경춘선,1329,춘천,P140,N,경춘선,,1309,상봉,P120,N,13:14:00,13:14:30,,K8034,상행,2025-05-01T05:00:00,,주말
경춘선,1306,청량리,P117,,20250619,경춘선,1329,춘천,P140,N,경춘선,,1308,중랑,P119,N,13:16:30,13:17:00,,K8034,상행,2025-05-01T05:00:00,,주말
경춘선,1306,청량리,P117,,20250619,경춘선,1329,춘천,P140,N,경춘선,,1307,회기,P118,N,13:19:30,13:20:00,,K8034,상행,2025-05-01T05:00:00,,주말
경춘선,1306,청량리,P117,,20250619,경춘선,1329,춘천,P140,N,경춘선,,1306,청량리,P117,N,13:23:00,,,K8034,상행,2025-05-01T05:00:00,,주말
경춘선,1309,상봉,P120,,20250619,경춘선,1329,춘천,P140,N,경춘선,,1329,춘천,P140,N,,12:21:00,,K8036,상행,2025-05-01T05:00:00,,주말
경춘선,1309,상봉,P120,,20250619,경춘선,1329,춘천,P140,N,경춘선,,1328,남춘천,P139,N,12:24:00,12:24:30,,K8036,상행,2025-05-01T05:00:00,,주말
경춘선,1309,상봉,P120,,20250619,경춘선,1329,춘천,P140,N,경춘선,,1327,김유정,P138,N,12:29:30,12:30:00,,K8036,상행,2025-05-01T05:00:00,,주말
경춘선,1309,상봉,P120,,20250619,경춘선,1329,춘천,P140,N,경춘선,,1326,강촌,P137,N,12:35:30,12:40:00,,K8036,상행,2025-05-01T05:00:00,,주말
경춘선,1309,상봉,P120,,20250619,경춘선,1329,춘천,P140,N,경춘선,,1325,백양리,P136,N,12:44:30,12:45:00,,K8036,상행,2025-05-01T05:00:00,,주말
경춘선,1309,상봉,P120,,20250619,경춘선,1329,춘천,P140,N,경춘선,,1324,굴봉산,P135,N,12:48:00,12:48:30,,K8036,상행,2025-05-01T05:00:00,,주말
경춘선,1309,상봉,P120,,20250619,경춘선,1329,춘천,P140,N,경춘선,,1323,가평,P134,N,12:52:30,12:53:00,,K8036,상행,2025-05-01T05:00:00,,주말
경춘선,1309,상봉,P120,,20250619,경춘선,1329,춘천,P140,N,경춘선,,1322,상천,P133,N,12:58:30,12:59:00,,K8036,상행,2025-05-01T05:00:00,,주말
경춘선,1309,상봉,P120,,20250619,경춘선,1329,춘천,P140,N,경춘선,,1321,청평,P132,N,13:03:00,13:03:30,,K8036,상행,2025-05-01T05:00:00,,주말
경춘선,1309,상봉,P120,,20250619,경춘선,1329,춘천,P140,N,경춘선,,1320,대성리,P131,N,13:09:30,13:10:00,,K8036,상행,2025-05-01T05:00:00,,주말
경춘선,1309,상봉,P120,,20250619,경춘선,1329,춘천,P140,N,경춘선,,1319,마석,P130,N,13:15:30,13:16:00,,K8036,상행,2025-05-01T05:00:00,,주말
경춘선,1309,상봉,P120,,20250619,경춘선,1329,춘천,P140,N,경춘선,,1318,천마산,P129,N,13:18:00,13:18:30,,K8036,상행,2025-05-01T05:00:00,,주말
경춘선,1309,상봉,P120,,20250619,경춘선,1329,춘천,P140,N,경춘선,,1317,평내호평,P128,N,13:22:00,13:22:30,,K8036,상행,2025-05-01T05:00:00,,주말
경춘선,1309,상봉,P120,,20250619,경춘선,1329,춘천,P140,N,경춘선,,1316,금곡,P127,N,13:26:00,13:26:30,,K8036,상행,2025-05-01T05:00:00,,주말
경춘선,1309,상봉,P120,,20250619,경춘선,1329,춘천,P140,N,경춘선,,1315,사릉,P126,N,13:29:30,13:30:00,,K8036,상행,2025-05-01T05:00:00,,주말
경춘선,1309,상봉,P120,,20250619,경춘선,1329,춘천,P140,N,경춘선,,1314,퇴계원,P125,N,13:33:00,13:33:30,,K8036,상행,2025-05-01T05:00:00,,주말
경춘선,1309,상봉,P120,,20250619,경춘선,1329,춘천,P140,N,경춘선,,1313,별내,P124,N,13:35:30,13:36:00,,K8036,상행,2025-05-01T05:00:00,,주말
경춘선,1309,상봉,P120,,20250619,경춘선,1329,춘천,P140,N,경춘선,,1312,갈매,P123,N,13:37:30,13:38:00,,K8036,상행,2025-05-01T05:00:00,,주말
경춘선,1309,상봉,P120,,20250619,경춘선,1329,춘천,P140,N,경춘선,,1311,신내,P122,N,13:41:00,13:41:30,,K8036,상행,2025-05-01T05:00:00,,주말
경춘선,1309,상봉,P120,,20250619,경춘선,1329,춘천,P140,N,경춘선,,1310,망우,P121,N,13:44:00,13:45:00,,K8036,상행,2025-05-01T05:00:00,,주말
경춘선,1309,상봉,P120,,20250619,경춘선,1329,춘천,P140,N,경춘선,,1309,상봉,P120,N,13:46:30,,,K8036,상행,2025-05-01T05:00:00,,주말
경춘선,1309,상봉,P120,,20250619,경춘선,1329,춘천,P140,N,경춘선,,1329,춘천,P140,N,,12:47:00,,K8038,상행,2025-05-01T05:00:00,,주말
경춘선,1309,상봉,P120,,20250619,경춘선,1329,춘천,P140,N,경춘선,,1328,남춘천,P139,N,12:50:00,12:50:30,,K8038,상행,2025-05-01T05:00:00,,주말
경춘선,1309,상봉,P120,,20250619,경춘선,1329,춘천,P140,N,경춘선,,1327,김유정,P138,N,12:55:30,12:56:00,,K8038,상행,2025-05-01T05:00:00,,주말
경춘선,1309,상봉,P120,,20250619,경춘선,1329,춘천,P140,N,경춘선,,1326,강촌,P137,N,13:01:30,13:02:00,,K8038,상행,2025-05-01T05:00:00,,주말
경춘선,1309,상봉,P120,,20250619,경춘선,1329,춘천,P140,N,경춘선,,1325,백양리,P136,N,13:06:30,13:07:00,,K8038,상행,2025-05-01T05:00:00,,주말
경춘선,1309,상봉,P120,,20250619,경춘선,1329,춘천,P140,N,경춘선,,1324,굴봉산,P135,N,13:10:00,13:10:30,,K8038,상행,2025-05-01T05:00:00,,주말
경춘선,1309,상봉,P120,,20250619,경춘선,1329,춘천,P140,N,경춘선,,1323,가평,P134,N,13:14:30,13:15:00,,K8038,상행,2025-05-01T05:00:00,,주말
경춘선,1309,상봉,P120,,20250619,경춘선,1329,춘천,P140,N,경춘선,,1322,상천,P133,N,13:20:30,13:21:00,,K8038,상행,2025-05-01T05:00:00,,주말
경춘선,1309,상봉,P120,,20250619,경춘선,1329,춘천,P140,N,경춘선,,1321,청평,P132,N,13:25:00,13:25:30,,K8038,상행,2025-05-01T05:00:00,,주말
경춘선,1309,상봉,P120,,20250619,경춘선,1329,춘천,P140,N,경춘선,,1320,대성리,P131,N,13:31:30,13:32:00,,K8038,상행,2025-05-01T05:00:00,,주말
경춘선,1309,상봉,P120,,20250619,경춘선,1329,춘천,P140,N,경춘선,,1319,마석,P130,N,13:37:30,13:38:00,,K8038,상행,2025-05-01T05:00:00,,주말
경춘선,1309,상봉,P120,,20250619,경춘선,1329,춘천,P140,N,경춘선,,1318,천마산,P129,N,13:40:00,13:40:30,,K8038,상행,2025-05-01T05:00:00,,주말
경춘선,1309,상봉,P120,,20250619,경춘선,1329,춘천,P140,N,경춘선,,1317,평내호평,P128,N,13:44:00,13:44:30,,K8038,상행,2025-05-01T05:00:00,,주말
경춘선,1309,상봉,P120,,20250619,경춘선,1329,춘천,P140,N,경춘선,,1316,금곡,P127,N,13:48:00,13:48:30,,K8038,상행,2025-05-01T05:00:00,,주말
경춘선,1309,상봉,P120,,20250619,경춘선,1329,춘천,P140,N,경춘선,,1315,사릉,P126,N,13:51:30,13:52:00,,K8038,상행,2025-05-01T05:00:00,,주말
경춘선,1309,상봉,P120,,20250619,경춘선,1329,춘천,P140,N,경춘선,,1314,퇴계원,P125,N,13:55:00,13:59:00,,K8038,상행,2025-05-01T05:00:00,,주말
경춘선,1309,상봉,P120,,20250619,경춘선,1329,춘천,P140,N,경춘선,,1313,별내,P124,N,14:01:00,14:01:30,,K8038,상행,2025-05-01T05:00:00,,주말
경춘선,1309,상봉,P120,,20250619,경춘선,1329,춘천,P140,N,경춘선,,1312,갈매,P123,N,14:03:00,14:03:30,,K8038,상행,2025-05-01T05:00:00,,주말
경춘선,1309,상봉,P120,,20250619,경춘선,1329,춘천,P140,N,경춘선,,1311,신내,P122,N,14:06:30,14:07:00,,K8038,상행,2025-05-01T05:00:00,,주말
경춘선,1309,상봉,P120,,20250619,경춘선,1329,춘천,P140,N,경춘선,,1310,망우,P121,N,14:09:30,14:10:30,,K8038,상행,2025-05-01T05:00:00,,주말
경춘선,1309,상봉,P120,,20250619,경춘선,1329,춘천,P140,N,경춘선,,1309,상봉,P120,N,14:12:00,,,K8038,상행,2025-05-01T05:00:00,,주말
경춘선,1309,상봉,P120,,20250619,경춘선,1329,춘천,P140,N,경춘선,,1329,춘천,P140,N,,13:14:00,,K8040,상행,2025-05-01T05:00:00,,주말
경춘선,1309,상봉,P120,,20250619,경춘선,1329,춘천,P140,N,경춘선,,1328,남춘천,P139,N,13:17:00,13:17:30,,K8040,상행,2025-05-01T05:00:00,,주말
경춘선,1309,상봉,P120,,20250619,경춘선,1329,춘천,P140,N,경춘선,,1327,김유정,P138,N,13:22:30,13:23:00,,K8040,상행,2025-05-01T05:00:00,,주말
경춘선,1309,상봉,P120,,20250619,경춘선,1329,춘천,P140,N,경춘선,,1326,강촌,P137,N,13:28:30,13:29:00,,K8040,상행,2025-05-01T05:00:00,,주말
경춘선,1309,상봉,P120,,20250619,경춘선,1329,춘천,P140,N,경춘선,,1325,백양리,P136,N,13:33:30,13:34:00,,K8040,상행,2025-05-01T05:00:00,,주말
경춘선,1309,상봉,P120,,20250619,경춘선,1329,춘천,P140,N,경춘선,,1324,굴봉산,P135,N,13:37:00,13:37:30,,K8040,상행,2025-05-01T05:00:00,,주말
경춘선,1309,상봉,P120,,20250619,경춘선,1329,춘천,P140,N,경춘선,,1323,가평,P134,N,13:41:30,13:42:00,,K8040,상행,2025-05-01T05:00:00,,주말
경춘선,1309,상봉,P120,,20250619,경춘선,1329,춘천,P140,N,경춘선,,1322,상천,P133,N,13:47:30,13:48:00,,K8040,상행,2025-05-01T05:00:00,,주말
경춘선,1309,상봉,P120,,20250619,경춘선,1329,춘천,P140,N,경춘선,,1321,청평,P132,N,13:52:00,13:52:30,,K8040,상행,2025-05-01T05:00:00,,주말
경춘선,1309,상봉,P120,,20250619,경춘선,1329,춘천,P140,N,경춘선,,1320,대성리,P131,N,13:58:30,13:59:00,,K8040,상행,2025-05-01T05:00:00,,주말
경춘선,1309,상봉,P120,,20250619,경춘선,1329,춘천,P140,N,경춘선,,1319,마석,P130,N,14:04:30,14:05:00,,K8040,상행,2025-05-01T05:00:00,,주말
경춘선,1309,상봉,P120,,20250619,경춘선,1329,춘천,P140,N,경춘선,,1318,천마산,P129,N,14:07:00,14:07:30,,K8040,상행,2025-05-01T05:00:00,,주말
경춘선,1309,상봉,P120,,20250619,경춘선,1329,춘천,P140,N,경춘선,,1317,평내호평,P128,N,14:11:00,14:11:30,,K8040,상행,2025-05-01T05:00:00,,주말
경춘선,1309,상봉,P120,,20250619,경춘선,1329,춘천,P140,N,경춘선,,1316,금곡,P127,N,14:15:00,14:15:30,,K8040,상행,2025-05-01T05:00:00,,주말
경춘선,1309,상봉,P120,,20250619,경춘선,1329,춘천,P140,N,경춘선,,1315,사릉,P126,N,14:18:30,14:22:30,,K8040,상행,2025-05-01T05:00:00,,주말
경춘선,1309,상봉,P120,,20250619,경춘선,1329,춘천,P140,N,경춘선,,1314,퇴계원,P125,N,14:25:30,14:26:00,,K8040,상행,2025-05-01T05:00:00,,주말
경춘선,1309,상봉,P120,,20250619,경춘선,1329,춘천,P140,N,경춘선,,1313,별내,P124,N,14:28:00,14:28:30,,K8040,상행,2025-05-01T05:00:00,,주말
경춘선,1309,상봉,P120,,20250619,경춘선,1329,춘천,P140,N,경춘선,,1312,갈매,P123,N,14:30:00,14:30:30,,K8040,상행,2025-05-01T05:00:00,,주말
경춘선,1309,상봉,P120,,20250619,경춘선,1329,춘천,P140,N,경춘선,,1311,신내,P122,N,14:33:30,14:34:00,,K8040,상행,2025-05-01T05:00:00,,주말
경춘선,1309,상봉,P120,,20250619,경춘선,1329,춘천,P140,N,경춘선,,1310,망우,P121,N,14:36:30,14:37:30,,K8040,상행,2025-05-01T05:00:00,,주말
경춘선,1309,상봉,P120,,20250619,경춘선,1329,춘천,P140,N,경춘선,,1309,상봉,P120,N,14:39:00,,,K8040,상행,2025-05-01T05:00:00,,주말
경춘선,1309,상봉,P120,,20250619,경춘선,1329,춘천,P140,N,경춘선,,1329,춘천,P140,N,,13:44:00,,K8042,상행,2025-05-01T05:00:00,,주말
경춘선,1309,상봉,P120,,20250619,경춘선,1329,춘천,P140,N,경춘선,,1328,남춘천,P139,N,13:47:00,13:47:30,,K8042,상행,2025-05-01T05:00:00,,주말
경춘선,1309,상봉,P120,,20250619,경춘선,1329,춘천,P140,N,경춘선,,1327,김유정,P138,N,13:52:30,13:53:00,,K8042,상행,2025-05-01T05:00:00,,주말
경춘선,1309,상봉,P120,,20250619,경춘선,1329,춘천,P140,N,경춘선,,1326,강촌,P137,N,13:58:30,13:59:00,,K8042,상행,2025-05-01T05:00:00,,주말
경춘선,1309,상봉,P120,,20250619,경춘선,1329,춘천,P140,N,경춘선,,1325,백양리,P136,N,14:03:30,14:04:00,,K8042,상행,2025-05-01T05:00:00,,주말
경춘선,1309,상봉,P120,,20250619,경춘선,1329,춘천,P140,N,경춘선,,1324,굴봉산,P135,N,14:07:00,14:07:30,,K8042,상행,2025-05-01T05:00:00,,주말
경춘선,1309,상봉,P120,,20250619,경춘선,1329,춘천,P140,N,경춘선,,1323,가평,P134,N,14:11:30,14:12:00,,K8042,상행,2025-05-01T05:00:00,,주말
경춘선,1309,상봉,P120,,20250619,경춘선,1329,춘천,P140,N,경춘선,,1322,상천,P133,N,14:17:30,14:18:00,,K8042,상행,2025-05-01T05:00:00,,주말
경춘선,1309,상봉,P120,,20250619,경춘선,1329,춘천,P140,N,경춘선,,1321,청평,P132,N,14:22:00,14:22:30,,K8042,상행,2025-05-01T05:00:00,,주말
경춘선,1309,상봉,P120,,20250619,경춘선,1329,춘천,P140,N,경춘선,,1320,대성리,P131,N,14:28:30,14:29:00,,K8042,상행,2025-05-01T05:00:00,,주말
경춘선,1309,상봉,P120,,20250619,경춘선,1329,춘천,P140,N,경춘선,,1319,마석,P130,N,14:34:30,14:35:00,,K8042,상행,2025-05-01T05:00:00,,주말
경춘선,1309,상봉,P120,,20250619,경춘선,1329,춘천,P140,N,경춘선,,1318,천마산,P129,N,14:37:00,14:37:30,,K8042,상행,2025-05-01T05:00:00,,주말
경춘선,1309,상봉,P120,,20250619,경춘선,1329,춘천,P140,N,경춘선,,1317,평내호평,P128,N,14:41:00,14:46:30,,K8042,상행,2025-05-01T05:00:00,,주말
경춘선,1309,상봉,P120,,20250619,경춘선,1329,춘천,P140,N,경춘선,,1316,금곡,P127,N,14:50:00,14:50:30,,K8042,상행,2025-05-01T05:00:00,,주말
경춘선,1309,상봉,P120,,20250619,경춘선,1329,춘천,P140,N,경춘선,,1315,사릉,P126,N,14:53:30,14:54:00,,K8042,상행,2025-05-01T05:00:00,,주말
경춘선,1309,상봉,P120,,20250619,경춘선,1329,춘천,P140,N,경춘선,,1314,퇴계원,P125,N,14:57:00,14:57:30,,K8042,상행,2025-05-01T05:00:00,,주말
경춘선,1309,상봉,P120,,20250619,경춘선,1329,춘천,P140,N,경춘선,,1313,별내,P124,N,14:59:30,15:00:00,,K8042,상행,2025-05-01T05:00:00,,주말
경춘선,1309,상봉,P120,,20250619,경춘선,1329,춘천,P140,N,경춘선,,1312,갈매,P123,N,15:01:30,15:02:00,,K8042,상행,2025-05-01T05:00:00,,주말
경춘선,1309,상봉,P120,,20250619,경춘선,1329,춘천,P140,N,경춘선,,1311,신내,P122,N,15:05:00,15:05:30,,K8042,상행,2025-05-01T05:00:00,,주말
경춘선,1309,상봉,P120,,20250619,경춘선,1329,춘천,P140,N,경춘선,,1310,망우,P121,N,15:08:00,15:09:00,,K8042,상행,2025-05-01T05:00:00,,주말
경춘선,1309,상봉,P120,,20250619,경춘선,1329,춘천,P140,N,경춘선,,1309,상봉,P120,N,15:10:30,,,K8042,상행,2025-05-01T05:00:00,,주말
경춘선,1309,상봉,P120,,20250619,경춘선,1329,춘천,P140,N,경춘선,,1329,춘천,P140,N,,14:09:00,,K8044,상행,2025-05-01T05:00:00,,주말
경춘선,1309,상봉,P120,,20250619,경춘선,1329,춘천,P140,N,경춘선,,1328,남춘천,P139,N,14:12:00,14:12:30,,K8044,상행,2025-05-01T05:00:00,,주말
경춘선,1309,상봉,P120,,20250619,경춘선,1329,춘천,P140,N,경춘선,,1327,김유정,P138,N,14:17:30,14:18:00,,K8044,상행,2025-05-01T05:00:00,,주말
경춘선,1309,상봉,P120,,20250619,경춘선,1329,춘천,P140,N,경춘선,,1326,강촌,P137,N,14:23:30,14:24:00,,K8044,상행,2025-05-01T05:00:00,,주말
경춘선,1309,상봉,P120,,20250619,경춘선,1329,춘천,P140,N,경춘선,,1325,백양리,P136,N,14:28:30,14:29:00,,K8044,상행,2025-05-01T05:00:00,,주말
경춘선,1309,상봉,P120,,20250619,경춘선,1329,춘천,P140,N,경춘선,,1324,굴봉산,P135,N,14:32:00,14:32:30,,K8044,상행,2025-05-01T05:00:00,,주말
경춘선,1309,상봉,P120,,20250619,경춘선,1329,춘천,P140,N,경춘선,,1323,가평,P134,N,14:36:30,14:37:00,,K8044,상행,2025-05-01T05:00:00,,주말
경춘선,1309,상봉,P120,,20250619,경춘선,1329,춘천,P140,N,경춘선,,1322,상천,P133,N,14:42:30,14:43:00,,K8044,상행,2025-05-01T05:00:00,,주말
경춘선,1309,상봉,P120,,20250619,경춘선,1329,춘천,P140,N,경춘선,,1321,청평,P132,N,14:47:00,14:47:30,,K8044,상행,2025-05-01T05:00:00,,주말
경춘선,1309,상봉,P120,,20250619,경춘선,1329,춘천,P140,N,경춘선,,1320,대성리,P131,N,14:53:30,14:54:00,,K8044,상행,2025-05-01T05:00:00,,주말
경춘선,1309,상봉,P120,,20250619,경춘선,1329,춘천,P140,N,경춘선,,1319,마석,P130,N,14:59:30,15:00:00,,K8044,상행,2025-05-01T05:00:00,,주말
경춘선,1309,상봉,P120,,20250619,경춘선,1329,춘천,P140,N,경춘선,,1318,천마산,P129,N,15:02:00,15:02:30,,K8044,상행,2025-05-01T05:00:00,,주말
경춘선,1309,상봉,P120,,20250619,경춘선,1329,춘천,P140,N,경춘선,,1317,평내호평,P128,N,15:06:00,15:06:30,,K8044,상행,2025-05-01T05:00:00,,주말
경춘선,1309,상봉,P120,,20250619,경춘선,1329,춘천,P140,N,경춘선,,1316,금곡,P127,N,15:10:00,15:10:30,,K8044,상행,2025-05-01T05:00:00,,주말
경춘선,1309,상봉,P120,,20250619,경춘선,1329,춘천,P140,N,경춘선,,1315,사릉,P126,N,15:13:30,15:14:00,,K8044,상행,2025-05-01T05:00:00,,주말
경춘선,1309,상봉,P120,,20250619,경춘선,1329,춘천,P140,N,경춘선,,1314,퇴계원,P125,N,15:17:00,15:17:30,,K8044,상행,2025-05-01T05:00:00,,주말
경춘선,1309,상봉,P120,,20250619,경춘선,1329,춘천,P140,N,경춘선,,1313,별내,P124,N,15:19:30,15:20:00,,K8044,상행,2025-05-01T05:00:00,,주말
경춘선,1309,상봉,P120,,20250619,경춘선,1329,춘천,P140,N,경춘선,,1312,갈매,P123,N,15:21:30,15:22:00,,K8044,상행,2025-05-01T05:00:00,,주말
경춘선,1309,상봉,P120,,20250619,경춘선,1329,춘천,P140,N,경춘선,,1311,신내,P122,N,15:25:00,15:25:30,,K8044,상행,2025-05-01T05:00:00,,주말
경춘선,1309,상봉,P120,,20250619,경춘선,1329,춘천,P140,N,경춘선,,1310,망우,P121,N,15:28:00,15:29:00,,K8044,상행,2025-05-01T05:00:00,,주말
경춘선,1309,상봉,P120,,20250619,경춘선,1329,춘천,P140,N,경춘선,,1309,상봉,P120,N,15:30:30,,,K8044,상행,2025-05-01T05:00:00,,주말
경춘선,1309,상봉,P120,,20250619,경춘선,1329,춘천,P140,N,경춘선,,1329,춘천,P140,N,,14:27:00,,K8046,상행,2025-05-01T05:00:00,,주말
경춘선,1309,상봉,P120,,20250619,경춘선,1329,춘천,P140,N,경춘선,,1328,남춘천,P139,N,14:30:00,14:30:30,,K8046,상행,2025-05-01T05:00:00,,주말
경춘선,1309,상봉,P120,,20250619,경춘선,1329,춘천,P140,N,경춘선,,1327,김유정,P138,N,14:35:30,14:36:00,,K8046,상행,2025-05-01T05:00:00,,주말
경춘선,1309,상봉,P120,,20250619,경춘선,1329,춘천,P140,N,경춘선,,1326,강촌,P137,N,14:41:30,14:42:00,,K8046,상행,2025-05-01T05:00:00,,주말
경춘선,1309,상봉,P120,,20250619,경춘선,1329,춘천,P140,N,경춘선,,1325,백양리,P136,N,14:46:30,14:47:00,,K8046,상행,2025-05-01T05:00:00,,주말
경춘선,1309,상봉,P120,,20250619,경춘선,1329,춘천,P140,N,경춘선,,1324,굴봉산,P135,N,14:50:00,14:50:30,,K8046,상행,2025-05-01T05:00:00,,주말
경춘선,1309,상봉,P120,,20250619,경춘선,1329,춘천,P140,N,경춘선,,1323,가평,P134,N,14:54:30,14:55:00,,K8046,상행,2025-05-01T05:00:00,,주말
경춘선,1309,상봉,P120,,20250619,경춘선,1329,춘천,P140,N,경춘선,,1322,상천,P133,N,15:00:30,15:01:00,,K8046,상행,2025-05-01T05:00:00,,주말
경춘선,1309,상봉,P120,,20250619,경춘선,1329,춘천,P140,N,경춘선,,1321,청평,P132,N,15:05:00,15:05:30,,K8046,상행,2025-05-01T05:00:00,,주말
경춘선,1309,상봉,P120,,20250619,경춘선,1329,춘천,P140,N,경춘선,,1320,대성리,P131,N,15:11:30,15:12:00,,K8046,상행,2025-05-01T05:00:00,,주말
경춘선,1309,상봉,P120,,20250619,경춘선,1329,춘천,P140,N,경춘선,,1319,마석,P130,N,15:17:30,15:18:00,,K8046,상행,2025-05-01T05:00:00,,주말
경춘선,1309,상봉,P120,,20250619,경춘선,1329,춘천,P140,N,경춘선,,1318,천마산,P129,N,15:20:00,15:20:30,,K8046,상행,2025-05-01T05:00:00,,주말
경춘선,1309,상봉,P120,,20250619,경춘선,1329,춘천,P140,N,경춘선,,1317,평내호평,P128,N,15:24:00,15:24:30,,K8046,상행,2025-05-01T05:00:00,,주말
경춘선,1309,상봉,P120,,20250619,경춘선,1329,춘천,P140,N,경춘선,,1316,금곡,P127,N,15:28:00,15:28:30,,K8046,상행,2025-05-01T05:00:00,,주말
경춘선,1309,상봉,P120,,20250619,경춘선,1329,춘천,P140,N,경춘선,,1315,사릉,P126,N,15:31:30,15:36:00,,K8046,상행,2025-05-01T05:00:00,,주말
경춘선,1309,상봉,P120,,20250619,경춘선,1329,춘천,P140,N,경춘선,,1314,퇴계원,P125,N,15:39:00,15:39:30,,K8046,상행,2025-05-01T05:00:00,,주말
경춘선,1309,상봉,P120,,20250619,경춘선,1329,춘천,P140,N,경춘선,,1313,별내,P124,N,15:41:30,15:42:00,,K8046,상행,2025-05-01T05:00:00,,주말
경춘선,1309,상봉,P120,,20250619,경춘선,1329,춘천,P140,N,경춘선,,1312,갈매,P123,N,15:43:30,15:44:00,,K8046,상행,2025-05-01T05:00:00,,주말
경춘선,1309,상봉,P120,,20250619,경춘선,1329,춘천,P140,N,경춘선,,1311,신내,P122,N,15:47:00,15:47:30,,K8046,상행,2025-05-01T05:00:00,,주말
경춘선,1309,상봉,P120,,20250619,경춘선,1329,춘천,P140,N,경춘선,,1310,망우,P121,N,15:50:00,15:51:00,,K8046,상행,2025-05-01T05:00:00,,주말
경춘선,1309,상봉,P120,,20250619,경춘선,1329,춘천,P140,N,경춘선,,1309,상봉,P120,N,15:52:30,,,K8046,상행,2025-05-01T05:00:00,,주말
경춘선,1309,상봉,P120,,20250619,경춘선,1329,춘천,P140,N,경춘선,,1329,춘천,P140,N,,14:44:00,,K8048,상행,2025-05-01T05:00:00,,주말
경춘선,1309,상봉,P120,,20250619,경춘선,1329,춘천,P140,N,경춘선,,1328,남춘천,P139,N,14:47:00,14:47:30,,K8048,상행,2025-05-01T05:00:00,,주말
경춘선,1309,상봉,P120,,20250619,경춘선,1329,춘천,P140,N,경춘선,,1327,김유정,P138,N,14:52:30,14:53:00,,K8048,상행,2025-05-01T05:00:00,,주말
경춘선,1309,상봉,P120,,20250619,경춘선,1329,춘천,P140,N,경춘선,,1326,강촌,P137,N,14:58:30,15:02:30,,K8048,상행,2025-05-01T05:00:00,,주말
경춘선,1309,상봉,P120,,20250619,경춘선,1329,춘천,P140,N,경춘선,,1325,백양리,P136,N,15:07:00,15:07:30,,K8048,상행,2025-05-01T05:00:00,,주말
경춘선,1309,상봉,P120,,20250619,경춘선,1329,춘천,P140,N,경춘선,,1324,굴봉산,P135,N,15:10:30,15:11:00,,K8048,상행,2025-05-01T05:00:00,,주말
경춘선,1309,상봉,P120,,20250619,경춘선,1329,춘천,P140,N,경춘선,,1323,가평,P134,N,15:15:00,15:15:30,,K8048,상행,2025-05-01T05:00:00,,주말
경춘선,1309,상봉,P120,,20250619,경춘선,1329,춘천,P140,N,경춘선,,1322,상천,P133,N,15:21:00,15:21:30,,K8048,상행,2025-05-01T05:00:00,,주말
경춘선,1309,상봉,P120,,20250619,경춘선,1329,춘천,P140,N,경춘선,,1321,청평,P132,N,15:25:30,15:26:00,,K8048,상행,2025-05-01T05:00:00,,주말
경춘선,1309,상봉,P120,,20250619,경춘선,1329,춘천,P140,N,경춘선,,1320,대성리,P131,N,15:32:00,15:32:30,,K8048,상행,2025-05-01T05:00:00,,주말
경춘선,1309,상봉,P120,,20250619,경춘선,1329,춘천,P140,N,경춘선,,1319,마석,P130,N,15:38:00,15:38:30,,K8048,상행,2025-05-01T05:00:00,,주말
경춘선,1309,상봉,P120,,20250619,경춘선,1329,춘천,P140,N,경춘선,,1318,천마산,P129,N,15:40:30,15:41:00,,K8048,상행,2025-05-01T05:00:00,,주말
경춘선,1309,상봉,P120,,20250619,경춘선,1329,춘천,P140,N,경춘선,,1317,평내호평,P128,N,15:44:30,15:48:30,,K8048,상행,2025-05-01T05:00:00,,주말
경춘선,1309,상봉,P120,,20250619,경춘선,1329,춘천,P140,N,경춘선,,1316,금곡,P127,N,15:52:00,15:52:30,,K8048,상행,2025-05-01T05:00:00,,주말
경춘선,1309,상봉,P120,,20250619,경춘선,1329,춘천,P140,N,경춘선,,1315,사릉,P126,N,15:55:30,15:56:00,,K8048,상행,2025-05-01T05:00:00,,주말
경춘선,1309,상봉,P120,,20250619,경춘선,1329,춘천,P140,N,경춘선,,1314,퇴계원,P125,N,15:59:00,15:59:30,,K8048,상행,2025-05-01T05:00:00,,주말
경춘선,1309,상봉,P120,,20250619,경춘선,1329,춘천,P140,N,경춘선,,1313,별내,P124,N,16:01:30,16:02:00,,K8048,상행,2025-05-01T05:00:00,,주말
경춘선,1309,상봉,P120,,20250619,경춘선,1329,춘천,P140,N,경춘선,,1312,갈매,P123,N,16:03:30,16:04:00,,K8048,상행,2025-05-01T05:00:00,,주말
경춘선,1309,상봉,P120,,20250619,경춘선,1329,춘천,P140,N,경춘선,,1311,신내,P122,N,16:07:00,16:07:30,,K8048,상행,2025-05-01T05:00:00,,주말
경춘선,1309,상봉,P120,,20250619,경춘선,1329,춘천,P140,N,경춘선,,1310,망우,P121,N,16:10:00,16:11:00,,K8048,상행,2025-05-01T05:00:00,,주말
경춘선,1309,상봉,P120,,20250619,경춘선,1329,춘천,P140,N,경춘선,,1309,상봉,P120,N,16:12:30,,,K8048,상행,2025-05-01T05:00:00,,주말
경춘선,1306,청량리,P117,,20250619,경춘선,1329,춘천,P140,N,경춘선,,1329,춘천,P140,N,,15:13:00,,K8050,상행,2025-05-01T05:00:00,,주말
경춘선,1306,청량리,P117,,20250619,경춘선,1329,춘천,P140,N,경춘선,,1328,남춘천,P139,N,15:16:00,15:16:30,,K8050,상행,2025-05-01T05:00:00,,주말
경춘선,1306,청량리,P117,,20250619,경춘선,1329,춘천,P140,N,경춘선,,1327,김유정,P138,N,15:21:30,15:22:00,,K8050,상행,2025-05-01T05:00:00,,주말
경춘선,1306,청량리,P117,,20250619,경춘선,1329,춘천,P140,N,경춘선,,1326,강촌,P137,N,15:27:30,15:28:00,,K8050,상행,2025-05-01T05:00:00,,주말
경춘선,1306,청량리,P117,,20250619,경춘선,1329,춘천,P140,N,경춘선,,1325,백양리,P136,N,15:32:30,15:33:00,,K8050,상행,2025-05-01T05:00:00,,주말
경춘선,1306,청량리,P117,,20250619,경춘선,1329,춘천,P140,N,경춘선,,1324,굴봉산,P135,N,15:36:00,15:36:30,,K8050,상행,2025-05-01T05:00:00,,주말
경춘선,1306,청량리,P117,,20250619,경춘선,1329,춘천,P140,N,경춘선,,1323,가평,P134,N,15:40:30,15:41:00,,K8050,상행,2025-05-01T05:00:00,,주말
경춘선,1306,청량리,P117,,20250619,경춘선,1329,춘천,P140,N,경춘선,,1322,상천,P133,N,15:46:30,15:47:00,,K8050,상행,2025-05-01T05:00:00,,주말
경춘선,1306,청량리,P117,,20250619,경춘선,1329,춘천,P140,N,경춘선,,1321,청평,P132,N,15:51:00,15:51:30,,K8050,상행,2025-05-01T05:00:00,,주말
경춘선,1306,청량리,P117,,20250619,경춘선,1329,춘천,P140,N,경춘선,,1320,대성리,P131,N,15:57:30,15:58:00,,K8050,상행,2025-05-01T05:00:00,,주말
경춘선,1306,청량리,P117,,20250619,경춘선,1329,춘천,P140,N,경춘선,,1319,마석,P130,N,16:03:30,16:04:00,,K8050,상행,2025-05-01T05:00:00,,주말
경춘선,1306,청량리,P117,,20250619,경춘선,1329,춘천,P140,N,경춘선,,1318,천마산,P129,N,16:06:00,16:06:30,,K8050,상행,2025-05-01T05:00:00,,주말
경춘선,1306,청량리,P117,,20250619,경춘선,1329,춘천,P140,N,경춘선,,1317,평내호평,P128,N,16:10:00,16:10:30,,K8050,상행,2025-05-01T05:00:00,,주말
경춘선,1306,청량리,P117,,20250619,경춘선,1329,춘천,P140,N,경춘선,,1316,금곡,P127,N,16:14:00,16:14:30,,K8050,상행,2025-05-01T05:00:00,,주말
경춘선,1306,청량리,P117,,20250619,경춘선,1329,춘천,P140,N,경춘선,,1315,사릉,P126,N,16:17:30,16:18:00,,K8050,상행,2025-05-01T05:00:00,,주말
경춘선,1306,청량리,P117,,20250619,경춘선,1329,춘천,P140,N,경춘선,,1314,퇴계원,P125,N,16:21:00,16:21:30,,K8050,상행,2025-05-01T05:00:00,,주말
경춘선,1306,청량리,P117,,20250619,경춘선,1329,춘천,P140,N,경춘선,,1313,별내,P124,N,16:23:30,16:24:00,,K8050,상행,2025-05-01T05:00:00,,주말
경춘선,1306,청량리,P117,,20250619,경춘선,1329,춘천,P140,N,경춘선,,1312,갈매,P123,N,16:25:30,16:26:00,,K8050,상행,2025-05-01T05:00:00,,주말
경춘선,1306,청량리,P117,,20250619,경춘선,1329,춘천,P140,N,경춘선,,1311,신내,P122,N,16:29:00,16:29:30,,K8050,상행,2025-05-01T05:00:00,,주말
경춘선,1306,청량리,P117,,20250619,경춘선,1329,춘천,P140,N,경춘선,,1310,망우,P121,N,16:32:00,16:33:00,,K8050,상행,2025-05-01T05:00:00,,주말
경춘선,1306,청량리,P117,,20250619,경춘선,1329,춘천,P140,N,경춘선,,1309,상봉,P120,N,16:34:30,16:35:00,,K8050,상행,2025-05-01T05:00:00,,주말
경춘선,1306,청량리,P117,,20250619,경춘선,1329,춘천,P140,N,경춘선,,1308,중랑,P119,N,16:37:00,16:37:30,,K8050,상행,2025-05-01T05:00:00,,주말
경춘선,1306,청량리,P117,,20250619,경춘선,1329,춘천,P140,N,경춘선,,1307,회기,P118,N,16:40:00,16:40:30,,K8050,상행,2025-05-01T05:00:00,,주말
경춘선,1306,청량리,P117,,20250619,경춘선,1329,춘천,P140,N,경춘선,,1306,청량리,P117,N,16:43:30,,,K8050,상행,2025-05-01T05:00:00,,주말
경춘선,1309,상봉,P120,,20250619,경춘선,1329,춘천,P140,N,경춘선,,1329,춘천,P140,N,,15:36:00,,K8052,상행,2025-05-01T05:00:00,,주말
경춘선,1309,상봉,P120,,20250619,경춘선,1329,춘천,P140,N,경춘선,,1328,남춘천,P139,N,15:39:00,15:39:30,,K8052,상행,2025-05-01T05:00:00,,주말
경춘선,1309,상봉,P120,,20250619,경춘선,1329,춘천,P140,N,경춘선,,1327,김유정,P138,N,15:44:30,15:45:00,,K8052,상행,2025-05-01T05:00:00,,주말
경춘선,1309,상봉,P120,,20250619,경춘선,1329,춘천,P140,N,경춘선,,1326,강촌,P137,N,15:50:30,15:51:00,,K8052,상행,2025-05-01T05:00:00,,주말
경춘선,1309,상봉,P120,,20250619,경춘선,1329,춘천,P140,N,경춘선,,1325,백양리,P136,N,15:55:30,15:56:00,,K8052,상행,2025-05-01T05:00:00,,주말
경춘선,1309,상봉,P120,,20250619,경춘선,1329,춘천,P140,N,경춘선,,1324,굴봉산,P135,N,15:59:00,15:59:30,,K8052,상행,2025-05-01T05:00:00,,주말
경춘선,1309,상봉,P120,,20250619,경춘선,1329,춘천,P140,N,경춘선,,1323,가평,P134,N,16:03:30,16:04:00,,K8052,상행,2025-05-01T05:00:00,,주말
경춘선,1309,상봉,P120,,20250619,경춘선,1329,춘천,P140,N,경춘선,,1322,상천,P133,N,16:09:30,16:10:00,,K8052,상행,2025-05-01T05:00:00,,주말
경춘선,1309,상봉,P120,,20250619,경춘선,1329,춘천,P140,N,경춘선,,1321,청평,P132,N,16:14:00,16:14:30,,K8052,상행,2025-05-01T05:00:00,,주말
경춘선,1309,상봉,P120,,20250619,경춘선,1329,춘천,P140,N,경춘선,,1320,대성리,P131,N,16:20:30,16:25:00,,K8052,상행,2025-05-01T05:00:00,,주말
경춘선,1309,상봉,P120,,20250619,경춘선,1329,춘천,P140,N,경춘선,,1319,마석,P130,N,16:30:30,16:31:00,,K8052,상행,2025-05-01T05:00:00,,주말
경춘선,1309,상봉,P120,,20250619,경춘선,1329,춘천,P140,N,경춘선,,1318,천마산,P129,N,16:33:00,16:33:30,,K8052,상행,2025-05-01T05:00:00,,주말
경춘선,1309,상봉,P120,,20250619,경춘선,1329,춘천,P140,N,경춘선,,1317,평내호평,P128,N,16:37:00,16:37:30,,K8052,상행,2025-05-01T05:00:00,,주말
경춘선,1309,상봉,P120,,20250619,경춘선,1329,춘천,P140,N,경춘선,,1316,금곡,P127,N,16:41:00,16:41:30,,K8052,상행,2025-05-01T05:00:00,,주말
경춘선,1309,상봉,P120,,20250619,경춘선,1329,춘천,P140,N,경춘선,,1315,사릉,P126,N,16:44:30,16:45:00,,K8052,상행,2025-05-01T05:00:00,,주말
경춘선,1309,상봉,P120,,20250619,경춘선,1329,춘천,P140,N,경춘선,,1314,퇴계원,P125,N,16:48:00,16:48:30,,K8052,상행,2025-05-01T05:00:00,,주말
경춘선,1309,상봉,P120,,20250619,경춘선,1329,춘천,P140,N,경춘선,,1313,별내,P124,N,16:50:30,16:51:00,,K8052,상행,2025-05-01T05:00:00,,주말
경춘선,1309,상봉,P120,,20250619,경춘선,1329,춘천,P140,N,경춘선,,1312,갈매,P123,N,16:52:30,16:53:00,,K8052,상행,2025-05-01T05:00:00,,주말
경춘선,1309,상봉,P120,,20250619,경춘선,1329,춘천,P140,N,경춘선,,1311,신내,P122,N,16:56:00,16:56:30,,K8052,상행,2025-05-01T05:00:00,,주말
경춘선,1309,상봉,P120,,20250619,경춘선,1329,춘천,P140,N,경춘선,,1310,망우,P121,N,16:59:00,17:00:00,,K8052,상행,2025-05-01T05:00:00,,주말
경춘선,1309,상봉,P120,,20250619,경춘선,1329,춘천,P140,N,경춘선,,1309,상봉,P120,N,17:01:30,,,K8052,상행,2025-05-01T05:00:00,,주말
경춘선,1309,상봉,P120,,20250619,경춘선,1329,춘천,P140,N,경춘선,,1329,춘천,P140,N,,16:03:00,,K8054,상행,2025-05-01T05:00:00,,주말
경춘선,1309,상봉,P120,,20250619,경춘선,1329,춘천,P140,N,경춘선,,1328,남춘천,P139,N,16:06:00,16:06:30,,K8054,상행,2025-05-01T05:00:00,,주말
경춘선,1309,상봉,P120,,20250619,경춘선,1329,춘천,P140,N,경춘선,,1327,김유정,P138,N,16:11:30,16:12:00,,K8054,상행,2025-05-01T05:00:00,,주말
경춘선,1309,상봉,P120,,20250619,경춘선,1329,춘천,P140,N,경춘선,,1326,강촌,P137,N,16:17:30,16:18:00,,K8054,상행,2025-05-01T05:00:00,,주말
경춘선,1309,상봉,P120,,20250619,경춘선,1329,춘천,P140,N,경춘선,,1325,백양리,P136,N,16:22:30,16:23:00,,K8054,상행,2025-05-01T05:00:00,,주말
경춘선,1309,상봉,P120,,20250619,경춘선,1329,춘천,P140,N,경춘선,,1324,굴봉산,P135,N,16:26:00,16:26:30,,K8054,상행,2025-05-01T05:00:00,,주말
경춘선,1309,상봉,P120,,20250619,경춘선,1329,춘천,P140,N,경춘선,,1323,가평,P134,N,16:30:30,16:31:00,,K8054,상행,2025-05-01T05:00:00,,주말
경춘선,1309,상봉,P120,,20250619,경춘선,1329,춘천,P140,N,경춘선,,1322,상천,P133,N,16:36:30,16:37:00,,K8054,상행,2025-05-01T05:00:00,,주말
경춘선,1309,상봉,P120,,20250619,경춘선,1329,춘천,P140,N,경춘선,,1321,청평,P132,N,16:41:00,16:45:00,,K8054,상행,2025-05-01T05:00:00,,주말
경춘선,1309,상봉,P120,,20250619,경춘선,1329,춘천,P140,N,경춘선,,1320,대성리,P131,N,16:51:00,16:51:30,,K8054,상행,2025-05-01T05:00:00,,주말
경춘선,1309,상봉,P120,,20250619,경춘선,1329,춘천,P140,N,경춘선,,1319,마석,P130,N,16:57:00,16:57:30,,K8054,상행,2025-05-01T05:00:00,,주말
경춘선,1309,상봉,P120,,20250619,경춘선,1329,춘천,P140,N,경춘선,,1318,천마산,P129,N,16:59:30,17:00:00,,K8054,상행,2025-05-01T05:00:00,,주말
경춘선,1309,상봉,P120,,20250619,경춘선,1329,춘천,P140,N,경춘선,,1317,평내호평,P128,N,17:03:30,17:04:00,,K8054,상행,2025-05-01T05:00:00,,주말
경춘선,1309,상봉,P120,,20250619,경춘선,1329,춘천,P140,N,경춘선,,1316,금곡,P127,N,17:07:30,17:08:00,,K8054,상행,2025-05-01T05:00:00,,주말
경춘선,1309,상봉,P120,,20250619,경춘선,1329,춘천,P140,N,경춘선,,1315,사릉,P126,N,17:11:00,17:11:30,,K8054,상행,2025-05-01T05:00:00,,주말
경춘선,1309,상봉,P120,,20250619,경춘선,1329,춘천,P140,N,경춘선,,1314,퇴계원,P125,N,17:14:30,17:15:00,,K8054,상행,2025-05-01T05:00:00,,주말
경춘선,1309,상봉,P120,,20250619,경춘선,1329,춘천,P140,N,경춘선,,1313,별내,P124,N,17:17:00,17:17:30,,K8054,상행,2025-05-01T05:00:00,,주말
경춘선,1309,상봉,P120,,20250619,경춘선,1329,춘천,P140,N,경춘선,,1312,갈매,P123,N,17:19:00,17:19:30,,K8054,상행,2025-05-01T05:00:00,,주말
경춘선,1309,상봉,P120,,20250619,경춘선,1329,춘천,P140,N,경춘선,,1311,신내,P122,N,17:22:30,17:23:00,,K8054,상행,2025-05-01T05:00:00,,주말
경춘선,1309,상봉,P120,,20250619,경춘선,1329,춘천,P140,N,경춘선,,1310,망우,P121,N,17:25:30,17:26:30,,K8054,상행,2025-05-01T05:00:00,,주말
경춘선,1309,상봉,P120,,20250619,경춘선,1329,춘천,P140,N,경춘선,,1309,상봉,P120,N,17:28:00,,,K8054,상행,2025-05-01T05:00:00,,주말
경춘선,1309,상봉,P120,,20250619,경춘선,1329,춘천,P140,N,경춘선,,1329,춘천,P140,N,,16:34:00,,K8056,상행,2025-05-01T05:00:00,,주말
경춘선,1309,상봉,P120,,20250619,경춘선,1329,춘천,P140,N,경춘선,,1328,남춘천,P139,N,16:37:00,16:37:30,,K8056,상행,2025-05-01T05:00:00,,주말
경춘선,1309,상봉,P120,,20250619,경춘선,1329,춘천,P140,N,경춘선,,1327,김유정,P138,N,16:42:30,16:43:00,,K8056,상행,2025-05-01T05:00:00,,주말
경춘선,1309,상봉,P120,,20250619,경춘선,1329,춘천,P140,N,경춘선,,1326,강촌,P137,N,16:48:30,16:49:00,,K8056,상행,2025-05-01T05:00:00,,주말
경춘선,1309,상봉,P120,,20250619,경춘선,1329,춘천,P140,N,경춘선,,1325,백양리,P136,N,16:53:30,16:54:00,,K8056,상행,2025-05-01T05:00:00,,주말
경춘선,1309,상봉,P120,,20250619,경춘선,1329,춘천,P140,N,경춘선,,1324,굴봉산,P135,N,16:57:00,16:57:30,,K8056,상행,2025-05-01T05:00:00,,주말
경춘선,1309,상봉,P120,,20250619,경춘선,1329,춘천,P140,N,경춘선,,1323,가평,P134,N,17:01:30,17:02:00,,K8056,상행,2025-05-01T05:00:00,,주말
경춘선,1309,상봉,P120,,20250619,경춘선,1329,춘천,P140,N,경춘선,,1322,상천,P133,N,17:07:30,17:08:00,,K8056,상행,2025-05-01T05:00:00,,주말
경춘선,1309,상봉,P120,,20250619,경춘선,1329,춘천,P140,N,경춘선,,1321,청평,P132,N,17:12:00,17:12:30,,K8056,상행,2025-05-01T05:00:00,,주말
경춘선,1309,상봉,P120,,20250619,경춘선,1329,춘천,P140,N,경춘선,,1320,대성리,P131,N,17:18:30,17:19:00,,K8056,상행,2025-05-01T05:00:00,,주말
경춘선,1309,상봉,P120,,20250619,경춘선,1329,춘천,P140,N,경춘선,,1319,마석,P130,N,17:24:30,17:29:00,,K8056,상행,2025-05-01T05:00:00,,주말
경춘선,1309,상봉,P120,,20250619,경춘선,1329,춘천,P140,N,경춘선,,1318,천마산,P129,N,17:31:00,17:31:30,,K8056,상행,2025-05-01T05:00:00,,주말
경춘선,1309,상봉,P120,,20250619,경춘선,1329,춘천,P140,N,경춘선,,1317,평내호평,P128,N,17:35:00,17:35:30,,K8056,상행,2025-05-01T05:00:00,,주말
경춘선,1309,상봉,P120,,20250619,경춘선,1329,춘천,P140,N,경춘선,,1316,금곡,P127,N,17:39:00,17:39:30,,K8056,상행,2025-05-01T05:00:00,,주말
경춘선,1309,상봉,P120,,20250619,경춘선,1329,춘천,P140,N,경춘선,,1315,사릉,P126,N,17:42:30,17:43:00,,K8056,상행,2025-05-01T05:00:00,,주말
경춘선,1309,상봉,P120,,20250619,경춘선,1329,춘천,P140,N,경춘선,,1314,퇴계원,P125,N,17:46:00,17:46:30,,K8056,상행,2025-05-01T05:00:00,,주말
경춘선,1309,상봉,P120,,20250619,경춘선,1329,춘천,P140,N,경춘선,,1313,별내,P124,N,17:48:30,17:49:00,,K8056,상행,2025-05-01T05:00:00,,주말
경춘선,1309,상봉,P120,,20250619,경춘선,1329,춘천,P140,N,경춘선,,1312,갈매,P123,N,17:50:30,17:51:00,,K8056,상행,2025-05-01T05:00:00,,주말
경춘선,1309,상봉,P120,,20250619,경춘선,1329,춘천,P140,N,경춘선,,1311,신내,P122,N,17:54:00,17:54:30,,K8056,상행,2025-05-01T05:00:00,,주말
경춘선,1309,상봉,P120,,20250619,경춘선,1329,춘천,P140,N,경춘선,,1310,망우,P121,N,17:57:00,17:58:00,,K8056,상행,2025-05-01T05:00:00,,주말
경춘선,1309,상봉,P120,,20250619,경춘선,1329,춘천,P140,N,경춘선,,1309,상봉,P120,N,17:59:30,,,K8056,상행,2025-05-01T05:00:00,,주말
경춘선,1309,상봉,P120,,20250619,경춘선,1329,춘천,P140,N,경춘선,,1329,춘천,P140,N,,17:03:00,,K8058,상행,2025-05-01T05:00:00,,주말
경춘선,1309,상봉,P120,,20250619,경춘선,1329,춘천,P140,N,경춘선,,1328,남춘천,P139,N,17:06:00,17:06:30,,K8058,상행,2025-05-01T05:00:00,,주말
경춘선,1309,상봉,P120,,20250619,경춘선,1329,춘천,P140,N,경춘선,,1327,김유정,P138,N,17:11:30,17:12:00,,K8058,상행,2025-05-01T05:00:00,,주말
경춘선,1309,상봉,P120,,20250619,경춘선,1329,춘천,P140,N,경춘선,,1326,강촌,P137,N,17:17:30,17:18:00,,K8058,상행,2025-05-01T05:00:00,,주말
경춘선,1309,상봉,P120,,20250619,경춘선,1329,춘천,P140,N,경춘선,,1325,백양리,P136,N,17:22:30,17:23:00,,K8058,상행,2025-05-01T05:00:00,,주말
경춘선,1309,상봉,P120,,20250619,경춘선,1329,춘천,P140,N,경춘선,,1324,굴봉산,P135,N,17:26:00,17:26:30,,K8058,상행,2025-05-01T05:00:00,,주말
경춘선,1309,상봉,P120,,20250619,경춘선,1329,춘천,P140,N,경춘선,,1323,가평,P134,N,17:30:30,17:31:00,,K8058,상행,2025-05-01T05:00:00,,주말
경춘선,1309,상봉,P120,,20250619,경춘선,1329,춘천,P140,N,경춘선,,1322,상천,P133,N,17:36:30,17:37:00,,K8058,상행,2025-05-01T05:00:00,,주말
경춘선,1309,상봉,P120,,20250619,경춘선,1329,춘천,P140,N,경춘선,,1321,청평,P132,N,17:41:00,17:41:30,,K8058,상행,2025-05-01T05:00:00,,주말
경춘선,1309,상봉,P120,,20250619,경춘선,1329,춘천,P140,N,경춘선,,1320,대성리,P131,N,17:47:30,17:48:00,,K8058,상행,2025-05-01T05:00:00,,주말
경춘선,1309,상봉,P120,,20250619,경춘선,1329,춘천,P140,N,경춘선,,1319,마석,P130,N,17:53:30,17:54:00,,K8058,상행,2025-05-01T05:00:00,,주말
경춘선,1309,상봉,P120,,20250619,경춘선,1329,춘천,P140,N,경춘선,,1318,천마산,P129,N,17:56:00,17:56:30,,K8058,상행,2025-05-01T05:00:00,,주말
경춘선,1309,상봉,P120,,20250619,경춘선,1329,춘천,P140,N,경춘선,,1317,평내호평,P128,N,18:00:00,18:00:30,,K8058,상행,2025-05-01T05:00:00,,주말
경춘선,1309,상봉,P120,,20250619,경춘선,1329,춘천,P140,N,경춘선,,1316,금곡,P127,N,18:04:00,18:04:30,,K8058,상행,2025-05-01T05:00:00,,주말
경춘선,1309,상봉,P120,,20250619,경춘선,1329,춘천,P140,N,경춘선,,1315,사릉,P126,N,18:07:30,18:08:00,,K8058,상행,2025-05-01T05:00:00,,주말
경춘선,1309,상봉,P120,,20250619,경춘선,1329,춘천,P140,N,경춘선,,1314,퇴계원,P125,N,18:11:00,18:15:00,,K8058,상행,2025-05-01T05:00:00,,주말
경춘선,1309,상봉,P120,,20250619,경춘선,1329,춘천,P140,N,경춘선,,1313,별내,P124,N,18:17:00,18:17:30,,K8058,상행,2025-05-01T05:00:00,,주말
경춘선,1309,상봉,P120,,20250619,경춘선,1329,춘천,P140,N,경춘선,,1312,갈매,P123,N,18:19:00,18:19:30,,K8058,상행,2025-05-01T05:00:00,,주말
경춘선,1309,상봉,P120,,20250619,경춘선,1329,춘천,P140,N,경춘선,,1311,신내,P122,N,18:22:30,18:23:00,,K8058,상행,2025-05-01T05:00:00,,주말
경춘선,1309,상봉,P120,,20250619,경춘선,1329,춘천,P140,N,경춘선,,1310,망우,P121,N,18:25:30,18:26:30,,K8058,상행,2025-05-01T05:00:00,,주말
경춘선,1309,상봉,P120,,20250619,경춘선,1329,춘천,P140,N,경춘선,,1309,상봉,P120,N,18:28:00,,,K8058,상행,2025-05-01T05:00:00,,주말
경춘선,1309,상봉,P120,,20250619,경춘선,1329,춘천,P140,N,경춘선,,1329,춘천,P140,N,,17:21:00,,K8060,상행,2025-05-01T05:00:00,,주말
경춘선,1309,상봉,P120,,20250619,경춘선,1329,춘천,P140,N,경춘선,,1328,남춘천,P139,N,17:24:00,17:24:30,,K8060,상행,2025-05-01T05:00:00,,주말
경춘선,1309,상봉,P120,,20250619,경춘선,1329,춘천,P140,N,경춘선,,1327,김유정,P138,N,17:29:30,17:30:00,,K8060,상행,2025-05-01T05:00:00,,주말
경춘선,1309,상봉,P120,,20250619,경춘선,1329,춘천,P140,N,경춘선,,1326,강촌,P137,N,17:35:30,17:39:30,,K8060,상행,2025-05-01T05:00:00,,주말
경춘선,1309,상봉,P120,,20250619,경춘선,1329,춘천,P140,N,경춘선,,1325,백양리,P136,N,17:44:00,17:44:30,,K8060,상행,2025-05-01T05:00:00,,주말
경춘선,1309,상봉,P120,,20250619,경춘선,1329,춘천,P140,N,경춘선,,1324,굴봉산,P135,N,17:47:30,17:48:00,,K8060,상행,2025-05-01T05:00:00,,주말
경춘선,1309,상봉,P120,,20250619,경춘선,1329,춘천,P140,N,경춘선,,1323,가평,P134,N,17:52:00,17:52:30,,K8060,상행,2025-05-01T05:00:00,,주말
경춘선,1309,상봉,P120,,20250619,경춘선,1329,춘천,P140,N,경춘선,,1322,상천,P133,N,17:58:00,17:58:30,,K8060,상행,2025-05-01T05:00:00,,주말
경춘선,1309,상봉,P120,,20250619,경춘선,1329,춘천,P140,N,경춘선,,1321,청평,P132,N,18:02:30,18:03:00,,K8060,상행,2025-05-01T05:00:00,,주말
경춘선,1309,상봉,P120,,20250619,경춘선,1329,춘천,P140,N,경춘선,,1320,대성리,P131,N,18:09:00,18:09:30,,K8060,상행,2025-05-01T05:00:00,,주말
경춘선,1309,상봉,P120,,20250619,경춘선,1329,춘천,P140,N,경춘선,,1319,마석,P130,N,18:15:00,18:15:30,,K8060,상행,2025-05-01T05:00:00,,주말
경춘선,1309,상봉,P120,,20250619,경춘선,1329,춘천,P140,N,경춘선,,1318,천마산,P129,N,18:17:30,18:18:00,,K8060,상행,2025-05-01T05:00:00,,주말
경춘선,1309,상봉,P120,,20250619,경춘선,1329,춘천,P140,N,경춘선,,1317,평내호평,P128,N,18:21:30,18:22:00,,K8060,상행,2025-05-01T05:00:00,,주말
경춘선,1309,상봉,P120,,20250619,경춘선,1329,춘천,P140,N,경춘선,,1316,금곡,P127,N,18:25:30,18:26:00,,K8060,상행,2025-05-01T05:00:00,,주말
경춘선,1309,상봉,P120,,20250619,경춘선,1329,춘천,P140,N,경춘선,,1315,사릉,P126,N,18:29:00,18:29:30,,K8060,상행,2025-05-01T05:00:00,,주말
경춘선,1309,상봉,P120,,20250619,경춘선,1329,춘천,P140,N,경춘선,,1314,퇴계원,P125,N,18:32:30,18:33:00,,K8060,상행,2025-05-01T05:00:00,,주말
경춘선,1309,상봉,P120,,20250619,경춘선,1329,춘천,P140,N,경춘선,,1313,별내,P124,N,18:35:00,18:35:30,,K8060,상행,2025-05-01T05:00:00,,주말
경춘선,1309,상봉,P120,,20250619,경춘선,1329,춘천,P140,N,경춘선,,1312,갈매,P123,N,18:37:00,18:37:30,,K8060,상행,2025-05-01T05:00:00,,주말
경춘선,1309,상봉,P120,,20250619,경춘선,1329,춘천,P140,N,경춘선,,1311,신내,P122,N,18:40:30,18:41:00,,K8060,상행,2025-05-01T05:00:00,,주말
경춘선,1309,상봉,P120,,20250619,경춘선,1329,춘천,P140,N,경춘선,,1310,망우,P121,N,18:43:30,18:44:30,,K8060,상행,2025-05-01T05:00:00,,주말
경춘선,1309,상봉,P120,,20250619,경춘선,1329,춘천,P140,N,경춘선,,1309,상봉,P120,N,18:46:00,,,K8060,상행,2025-05-01T05:00:00,,주말
경춘선,1306,청량리,P117,,20250619,경춘선,1329,춘천,P140,N,경춘선,,1329,춘천,P140,N,,17:45:00,,K8062,상행,2025-05-01T05:00:00,,주말
경춘선,1306,청량리,P117,,20250619,경춘선,1329,춘천,P140,N,경춘선,,1328,남춘천,P139,N,17:48:00,17:48:30,,K8062,상행,2025-05-01T05:00:00,,주말
경춘선,1306,청량리,P117,,20250619,경춘선,1329,춘천,P140,N,경춘선,,1327,김유정,P138,N,17:53:30,17:54:00,,K8062,상행,2025-05-01T05:00:00,,주말
경춘선,1306,청량리,P117,,20250619,경춘선,1329,춘천,P140,N,경춘선,,1326,강촌,P137,N,17:59:30,18:00:00,,K8062,상행,2025-05-01T05:00:00,,주말
경춘선,1306,청량리,P117,,20250619,경춘선,1329,춘천,P140,N,경춘선,,1325,백양리,P136,N,18:04:30,18:05:00,,K8062,상행,2025-05-01T05:00:00,,주말
경춘선,1306,청량리,P117,,20250619,경춘선,1329,춘천,P140,N,경춘선,,1324,굴봉산,P135,N,18:08:00,18:08:30,,K8062,상행,2025-05-01T05:00:00,,주말
경춘선,1306,청량리,P117,,20250619,경춘선,1329,춘천,P140,N,경춘선,,1323,가평,P134,N,18:12:30,18:17:30,,K8062,상행,2025-05-01T05:00:00,,주말
경춘선,1306,청량리,P117,,20250619,경춘선,1329,춘천,P140,N,경춘선,,1322,상천,P133,N,18:23:00,18:23:30,,K8062,상행,2025-05-01T05:00:00,,주말
경춘선,1306,청량리,P117,,20250619,경춘선,1329,춘천,P140,N,경춘선,,1321,청평,P132,N,18:27:30,18:28:00,,K8062,상행,2025-05-01T05:00:00,,주말
경춘선,1306,청량리,P117,,20250619,경춘선,1329,춘천,P140,N,경춘선,,1320,대성리,P131,N,18:34:00,18:34:30,,K8062,상행,2025-05-01T05:00:00,,주말
경춘선,1306,청량리,P117,,20250619,경춘선,1329,춘천,P140,N,경춘선,,1319,마석,P130,N,18:40:00,18:40:30,,K8062,상행,2025-05-01T05:00:00,,주말
경춘선,1306,청량리,P117,,20250619,경춘선,1329,춘천,P140,N,경춘선,,1318,천마산,P129,N,18:42:30,18:43:00,,K8062,상행,2025-05-01T05:00:00,,주말
경춘선,1306,청량리,P117,,20250619,경춘선,1329,춘천,P140,N,경춘선,,1317,평내호평,P128,N,18:46:30,18:47:00,,K8062,상행,2025-05-01T05:00:00,,주말
경춘선,1306,청량리,P117,,20250619,경춘선,1329,춘천,P140,N,경춘선,,1316,금곡,P127,N,18:50:30,18:51:00,,K8062,상행,2025-05-01T05:00:00,,주말
경춘선,1306,청량리,P117,,20250619,경춘선,1329,춘천,P140,N,경춘선,,1315,사릉,P126,N,18:54:00,18:54:30,,K8062,상행,2025-05-01T05:00:00,,주말
경춘선,1306,청량리,P117,,20250619,경춘선,1329,춘천,P140,N,경춘선,,1314,퇴계원,P125,N,18:57:30,18:58:00,,K8062,상행,2025-05-01T05:00:00,,주말
경춘선,1306,청량리,P117,,20250619,경춘선,1329,춘천,P140,N,경춘선,,1313,별내,P124,N,19:00:00,19:00:30,,K8062,상행,2025-05-01T05:00:00,,주말
경춘선,1306,청량리,P117,,20250619,경춘선,1329,춘천,P140,N,경춘선,,1312,갈매,P123,N,19:02:00,19:02:30,,K8062,상행,2025-05-01T05:00:00,,주말
경춘선,1306,청량리,P117,,20250619,경춘선,1329,춘천,P140,N,경춘선,,1311,신내,P122,N,19:05:30,19:06:00,,K8062,상행,2025-05-01T05:00:00,,주말
경춘선,1306,청량리,P117,,20250619,경춘선,1329,춘천,P140,N,경춘선,,1310,망우,P121,N,19:08:30,19:09:30,,K8062,상행,2025-05-01T05:00:00,,주말
경춘선,1306,청량리,P117,,20250619,경춘선,1329,춘천,P140,N,경춘선,,1309,상봉,P120,N,19:11:00,19:11:30,,K8062,상행,2025-05-01T05:00:00,,주말
경춘선,1306,청량리,P117,,20250619,경춘선,1329,춘천,P140,N,경춘선,,1308,중랑,P119,N,19:13:30,19:14:00,,K8062,상행,2025-05-01T05:00:00,,주말
경춘선,1306,청량리,P117,,20250619,경춘선,1329,춘천,P140,N,경춘선,,1307,회기,P118,N,19:16:30,19:17:00,,K8062,상행,2025-05-01T05:00:00,,주말
경춘선,1306,청량리,P117,,20250619,경춘선,1329,춘천,P140,N,경춘선,,1306,청량리,P117,N,19:20:00,,,K8062,상행,2025-05-01T05:00:00,,주말
경춘선,1309,상봉,P120,,20250619,경춘선,1329,춘천,P140,N,경춘선,,1329,춘천,P140,N,,18:09:00,,K8064,상행,2025-05-01T05:00:00,,주말
경춘선,1309,상봉,P120,,20250619,경춘선,1329,춘천,P140,N,경춘선,,1328,남춘천,P139,N,18:12:00,18:12:30,,K8064,상행,2025-05-01T05:00:00,,주말
경춘선,1309,상봉,P120,,20250619,경춘선,1329,춘천,P140,N,경춘선,,1327,김유정,P138,N,18:17:30,18:18:00,,K8064,상행,2025-05-01T05:00:00,,주말
경춘선,1309,상봉,P120,,20250619,경춘선,1329,춘천,P140,N,경춘선,,1326,강촌,P137,N,18:23:30,18:24:00,,K8064,상행,2025-05-01T05:00:00,,주말
경춘선,1309,상봉,P120,,20250619,경춘선,1329,춘천,P140,N,경춘선,,1325,백양리,P136,N,18:28:30,18:29:00,,K8064,상행,2025-05-01T05:00:00,,주말
경춘선,1309,상봉,P120,,20250619,경춘선,1329,춘천,P140,N,경춘선,,1324,굴봉산,P135,N,18:32:00,18:32:30,,K8064,상행,2025-05-01T05:00:00,,주말
경춘선,1309,상봉,P120,,20250619,경춘선,1329,춘천,P140,N,경춘선,,1323,가평,P134,N,18:36:30,18:37:00,,K8064,상행,2025-05-01T05:00:00,,주말
경춘선,1309,상봉,P120,,20250619,경춘선,1329,춘천,P140,N,경춘선,,1322,상천,P133,N,18:42:30,18:43:00,,K8064,상행,2025-05-01T05:00:00,,주말
경춘선,1309,상봉,P120,,20250619,경춘선,1329,춘천,P140,N,경춘선,,1321,청평,P132,N,18:47:00,18:52:30,,K8064,상행,2025-05-01T05:00:00,,주말
경춘선,1309,상봉,P120,,20250619,경춘선,1329,춘천,P140,N,경춘선,,1320,대성리,P131,N,18:58:30,18:59:00,,K8064,상행,2025-05-01T05:00:00,,주말
경춘선,1309,상봉,P120,,20250619,경춘선,1329,춘천,P140,N,경춘선,,1319,마석,P130,N,19:04:30,19:05:00,,K8064,상행,2025-05-01T05:00:00,,주말
경춘선,1309,상봉,P120,,20250619,경춘선,1329,춘천,P140,N,경춘선,,1318,천마산,P129,N,19:07:00,19:07:30,,K8064,상행,2025-05-01T05:00:00,,주말
경춘선,1309,상봉,P120,,20250619,경춘선,1329,춘천,P140,N,경춘선,,1317,평내호평,P128,N,19:11:00,19:11:30,,K8064,상행,2025-05-01T05:00:00,,주말
경춘선,1309,상봉,P120,,20250619,경춘선,1329,춘천,P140,N,경춘선,,1316,금곡,P127,N,19:15:00,19:15:30,,K8064,상행,2025-05-01T05:00:00,,주말
경춘선,1309,상봉,P120,,20250619,경춘선,1329,춘천,P140,N,경춘선,,1315,사릉,P126,N,19:18:30,19:19:00,,K8064,상행,2025-05-01T05:00:00,,주말
경춘선,1309,상봉,P120,,20250619,경춘선,1329,춘천,P140,N,경춘선,,1314,퇴계원,P125,N,19:22:00,19:22:30,,K8064,상행,2025-05-01T05:00:00,,주말
경춘선,1309,상봉,P120,,20250619,경춘선,1329,춘천,P140,N,경춘선,,1313,별내,P124,N,19:24:30,19:25:00,,K8064,상행,2025-05-01T05:00:00,,주말
경춘선,1309,상봉,P120,,20250619,경춘선,1329,춘천,P140,N,경춘선,,1312,갈매,P123,N,19:26:30,19:27:00,,K8064,상행,2025-05-01T05:00:00,,주말
경춘선,1309,상봉,P120,,20250619,경춘선,1329,춘천,P140,N,경춘선,,1311,신내,P122,N,19:30:00,19:30:30,,K8064,상행,2025-05-01T05:00:00,,주말
경춘선,1309,상봉,P120,,20250619,경춘선,1329,춘천,P140,N,경춘선,,1310,망우,P121,N,19:33:00,19:34:00,,K8064,상행,2025-05-01T05:00:00,,주말
경춘선,1309,상봉,P120,,20250619,경춘선,1329,춘천,P140,N,경춘선,,1309,상봉,P120,N,19:35:30,,,K8064,상행,2025-05-01T05:00:00,,주말
경춘선,1309,상봉,P120,,20250619,경춘선,1329,춘천,P140,N,경춘선,,1329,춘천,P140,N,,18:37:00,,K8066,상행,2025-05-01T05:00:00,,주말
경춘선,1309,상봉,P120,,20250619,경춘선,1329,춘천,P140,N,경춘선,,1328,남춘천,P139,N,18:40:00,18:40:30,,K8066,상행,2025-05-01T05:00:00,,주말
경춘선,1309,상봉,P120,,20250619,경춘선,1329,춘천,P140,N,경춘선,,1327,김유정,P138,N,18:45:30,18:46:00,,K8066,상행,2025-05-01T05:00:00,,주말
경춘선,1309,상봉,P120,,20250619,경춘선,1329,춘천,P140,N,경춘선,,1326,강촌,P137,N,18:51:30,18:52:00,,K8066,상행,2025-05-01T05:00:00,,주말
경춘선,1309,상봉,P120,,20250619,경춘선,1329,춘천,P140,N,경춘선,,1325,백양리,P136,N,18:56:30,18:57:00,,K8066,상행,2025-05-01T05:00:00,,주말
경춘선,1309,상봉,P120,,20250619,경춘선,1329,춘천,P140,N,경춘선,,1324,굴봉산,P135,N,19:00:00,19:00:30,,K8066,상행,2025-05-01T05:00:00,,주말
경춘선,1309,상봉,P120,,20250619,경춘선,1329,춘천,P140,N,경춘선,,1323,가평,P134,N,19:04:30,19:05:00,,K8066,상행,2025-05-01T05:00:00,,주말
경춘선,1309,상봉,P120,,20250619,경춘선,1329,춘천,P140,N,경춘선,,1322,상천,P133,N,19:10:30,19:11:00,,K8066,상행,2025-05-01T05:00:00,,주말
경춘선,1309,상봉,P120,,20250619,경춘선,1329,춘천,P140,N,경춘선,,1321,청평,P132,N,19:15:00,19:15:30,,K8066,상행,2025-05-01T05:00:00,,주말
경춘선,1309,상봉,P120,,20250619,경춘선,1329,춘천,P140,N,경춘선,,1320,대성리,P131,N,19:21:30,19:22:00,,K8066,상행,2025-05-01T05:00:00,,주말
경춘선,1309,상봉,P120,,20250619,경춘선,1329,춘천,P140,N,경춘선,,1319,마석,P130,N,19:27:30,19:28:00,,K8066,상행,2025-05-01T05:00:00,,주말
경춘선,1309,상봉,P120,,20250619,경춘선,1329,춘천,P140,N,경춘선,,1318,천마산,P129,N,19:30:00,19:30:30,,K8066,상행,2025-05-01T05:00:00,,주말
경춘선,1309,상봉,P120,,20250619,경춘선,1329,춘천,P140,N,경춘선,,1317,평내호평,P128,N,19:34:00,19:34:30,,K8066,상행,2025-05-01T05:00:00,,주말
경춘선,1309,상봉,P120,,20250619,경춘선,1329,춘천,P140,N,경춘선,,1316,금곡,P127,N,19:38:00,19:38:30,,K8066,상행,2025-05-01T05:00:00,,주말
경춘선,1309,상봉,P120,,20250619,경춘선,1329,춘천,P140,N,경춘선,,1315,사릉,P126,N,19:41:30,19:46:30,,K8066,상행,2025-05-01T05:00:00,,주말
경춘선,1309,상봉,P120,,20250619,경춘선,1329,춘천,P140,N,경춘선,,1314,퇴계원,P125,N,19:49:30,19:50:00,,K8066,상행,2025-05-01T05:00:00,,주말
경춘선,1309,상봉,P120,,20250619,경춘선,1329,춘천,P140,N,경춘선,,1313,별내,P124,N,19:52:00,19:52:30,,K8066,상행,2025-05-01T05:00:00,,주말
경춘선,1309,상봉,P120,,20250619,경춘선,1329,춘천,P140,N,경춘선,,1312,갈매,P123,N,19:54:00,19:54:30,,K8066,상행,2025-05-01T05:00:00,,주말
경춘선,1309,상봉,P120,,20250619,경춘선,1329,춘천,P140,N,경춘선,,1311,신내,P122,N,19:57:30,19:58:00,,K8066,상행,2025-05-01T05:00:00,,주말
경춘선,1309,상봉,P120,,20250619,경춘선,1329,춘천,P140,N,경춘선,,1310,망우,P121,N,20:00:30,20:01:30,,K8066,상행,2025-05-01T05:00:00,,주말
경춘선,1309,상봉,P120,,20250619,경춘선,1329,춘천,P140,N,경춘선,,1309,상봉,P120,N,20:03:00,,,K8066,상행,2025-05-01T05:00:00,,주말
경춘선,1309,상봉,P120,,20250619,경춘선,1329,춘천,P140,N,경춘선,,1329,춘천,P140,N,,19:05:00,,K8068,상행,2025-05-01T05:00:00,,주말
경춘선,1309,상봉,P120,,20250619,경춘선,1329,춘천,P140,N,경춘선,,1328,남춘천,P139,N,19:08:00,19:08:30,,K8068,상행,2025-05-01T05:00:00,,주말
경춘선,1309,상봉,P120,,20250619,경춘선,1329,춘천,P140,N,경춘선,,1327,김유정,P138,N,19:13:30,19:14:00,,K8068,상행,2025-05-01T05:00:00,,주말
경춘선,1309,상봉,P120,,20250619,경춘선,1329,춘천,P140,N,경춘선,,1326,강촌,P137,N,19:19:30,19:20:00,,K8068,상행,2025-05-01T05:00:00,,주말
경춘선,1309,상봉,P120,,20250619,경춘선,1329,춘천,P140,N,경춘선,,1325,백양리,P136,N,19:24:30,19:25:00,,K8068,상행,2025-05-01T05:00:00,,주말
경춘선,1309,상봉,P120,,20250619,경춘선,1329,춘천,P140,N,경춘선,,1324,굴봉산,P135,N,19:28:00,19:28:30,,K8068,상행,2025-05-01T05:00:00,,주말
경춘선,1309,상봉,P120,,20250619,경춘선,1329,춘천,P140,N,경춘선,,1323,가평,P134,N,19:32:30,19:33:00,,K8068,상행,2025-05-01T05:00:00,,주말
경춘선,1309,상봉,P120,,20250619,경춘선,1329,춘천,P140,N,경춘선,,1322,상천,P133,N,19:38:30,19:39:00,,K8068,상행,2025-05-01T05:00:00,,주말
경춘선,1309,상봉,P120,,20250619,경춘선,1329,춘천,P140,N,경춘선,,1321,청평,P132,N,19:43:00,19:43:30,,K8068,상행,2025-05-01T05:00:00,,주말
경춘선,1309,상봉,P120,,20250619,경춘선,1329,춘천,P140,N,경춘선,,1320,대성리,P131,N,19:49:30,19:50:00,,K8068,상행,2025-05-01T05:00:00,,주말
경춘선,1309,상봉,P120,,20250619,경춘선,1329,춘천,P140,N,경춘선,,1319,마석,P130,N,19:55:30,19:56:00,,K8068,상행,2025-05-01T05:00:00,,주말
경춘선,1309,상봉,P120,,20250619,경춘선,1329,춘천,P140,N,경춘선,,1318,천마산,P129,N,19:58:00,19:58:30,,K8068,상행,2025-05-01T05:00:00,,주말
경춘선,1309,상봉,P120,,20250619,경춘선,1329,춘천,P140,N,경춘선,,1317,평내호평,P128,N,20:02:00,20:02:30,,K8068,상행,2025-05-01T05:00:00,,주말
경춘선,1309,상봉,P120,,20250619,경춘선,1329,춘천,P140,N,경춘선,,1316,금곡,P127,N,20:06:00,20:06:30,,K8068,상행,2025-05-01T05:00:00,,주말
경춘선,1309,상봉,P120,,20250619,경춘선,1329,춘천,P140,N,경춘선,,1315,사릉,P126,N,20:09:30,20:10:00,,K8068,상행,2025-05-01T05:00:00,,주말
경춘선,1309,상봉,P120,,20250619,경춘선,1329,춘천,P140,N,경춘선,,1314,퇴계원,P125,N,20:13:00,20:13:30,,K8068,상행,2025-05-01T05:00:00,,주말
경춘선,1309,상봉,P120,,20250619,경춘선,1329,춘천,P140,N,경춘선,,1313,별내,P124,N,20:15:30,20:16:00,,K8068,상행,2025-05-01T05:00:00,,주말
경춘선,1309,상봉,P120,,20250619,경춘선,1329,춘천,P140,N,경춘선,,1312,갈매,P123,N,20:17:30,20:18:00,,K8068,상행,2025-05-01T05:00:00,,주말
경춘선,1309,상봉,P120,,20250619,경춘선,1329,춘천,P140,N,경춘선,,1311,신내,P122,N,20:21:00,20:21:30,,K8068,상행,2025-05-01T05:00:00,,주말
경춘선,1309,상봉,P120,,20250619,경춘선,1329,춘천,P140,N,경춘선,,1310,망우,P121,N,20:24:00,20:25:00,,K8068,상행,2025-05-01T05:00:00,,주말
경춘선,1309,상봉,P120,,20250619,경춘선,1329,춘천,P140,N,경춘선,,1309,상봉,P120,N,20:26:30,,,K8068,상행,2025-05-01T05:00:00,,주말
경춘선,1309,상봉,P120,,20250619,경춘선,1329,춘천,P140,N,경춘선,,1329,춘천,P140,N,,19:22:00,,K8070,상행,2025-05-01T05:00:00,,주말
경춘선,1309,상봉,P120,,20250619,경춘선,1329,춘천,P140,N,경춘선,,1328,남춘천,P139,N,19:25:00,19:25:30,,K8070,상행,2025-05-01T05:00:00,,주말
경춘선,1309,상봉,P120,,20250619,경춘선,1329,춘천,P140,N,경춘선,,1327,김유정,P138,N,19:30:30,19:31:00,,K8070,상행,2025-05-01T05:00:00,,주말
경춘선,1309,상봉,P120,,20250619,경춘선,1329,춘천,P140,N,경춘선,,1326,강촌,P137,N,19:36:30,19:37:00,,K8070,상행,2025-05-01T05:00:00,,주말
경춘선,1309,상봉,P120,,20250619,경춘선,1329,춘천,P140,N,경춘선,,1325,백양리,P136,N,19:41:30,19:42:00,,K8070,상행,2025-05-01T05:00:00,,주말
경춘선,1309,상봉,P120,,20250619,경춘선,1329,춘천,P140,N,경춘선,,1324,굴봉산,P135,N,19:45:00,19:45:30,,K8070,상행,2025-05-01T05:00:00,,주말
경춘선,1309,상봉,P120,,20250619,경춘선,1329,춘천,P140,N,경춘선,,1323,가평,P134,N,19:49:30,19:54:30,,K8070,상행,2025-05-01T05:00:00,,주말
경춘선,1309,상봉,P120,,20250619,경춘선,1329,춘천,P140,N,경춘선,,1322,상천,P133,N,20:00:00,20:00:30,,K8070,상행,2025-05-01T05:00:00,,주말
경춘선,1309,상봉,P120,,20250619,경춘선,1329,춘천,P140,N,경춘선,,1321,청평,P132,N,20:04:30,20:05:00,,K8070,상행,2025-05-01T05:00:00,,주말
경춘선,1309,상봉,P120,,20250619,경춘선,1329,춘천,P140,N,경춘선,,1320,대성리,P131,N,20:11:00,20:11:30,,K8070,상행,2025-05-01T05:00:00,,주말
경춘선,1309,상봉,P120,,20250619,경춘선,1329,춘천,P140,N,경춘선,,1319,마석,P130,N,20:17:00,20:17:30,,K8070,상행,2025-05-01T05:00:00,,주말
경춘선,1309,상봉,P120,,20250619,경춘선,1329,춘천,P140,N,경춘선,,1318,천마산,P129,N,20:19:30,20:20:00,,K8070,상행,2025-05-01T05:00:00,,주말
경춘선,1309,상봉,P120,,20250619,경춘선,1329,춘천,P140,N,경춘선,,1317,평내호평,P128,N,20:23:30,20:24:00,,K8070,상행,2025-05-01T05:00:00,,주말
경춘선,1309,상봉,P120,,20250619,경춘선,1329,춘천,P140,N,경춘선,,1316,금곡,P127,N,20:27:30,20:28:00,,K8070,상행,2025-05-01T05:00:00,,주말
경춘선,1309,상봉,P120,,20250619,경춘선,1329,춘천,P140,N,경춘선,,1315,사릉,P126,N,20:31:00,20:31:30,,K8070,상행,2025-05-01T05:00:00,,주말
경춘선,1309,상봉,P120,,20250619,경춘선,1329,춘천,P140,N,경춘선,,1314,퇴계원,P125,N,20:34:30,20:35:00,,K8070,상행,2025-05-01T05:00:00,,주말
경춘선,1309,상봉,P120,,20250619,경춘선,1329,춘천,P140,N,경춘선,,1313,별내,P124,N,20:37:00,20:37:30,,K8070,상행,2025-05-01T05:00:00,,주말
경춘선,1309,상봉,P120,,20250619,경춘선,1329,춘천,P140,N,경춘선,,1312,갈매,P123,N,20:39:00,20:39:30,,K8070,상행,2025-05-01T05:00:00,,주말
경춘선,1309,상봉,P120,,20250619,경춘선,1329,춘천,P140,N,경춘선,,1311,신내,P122,N,20:42:30,20:43:00,,K8070,상행,2025-05-01T05:00:00,,주말
경춘선,1309,상봉,P120,,20250619,경춘선,1329,춘천,P140,N,경춘선,,1310,망우,P121,N,20:45:30,20:46:30,,K8070,상행,2025-05-01T05:00:00,,주말
경춘선,1309,상봉,P120,,20250619,경춘선,1329,춘천,P140,N,경춘선,,1309,상봉,P120,N,20:48:00,,,K8070,상행,2025-05-01T05:00:00,,주말
경춘선,1309,상봉,P120,,20250619,경춘선,1329,춘천,P140,N,경춘선,,1329,춘천,P140,N,,19:50:00,,K8072,상행,2025-05-01T05:00:00,,주말
경춘선,1309,상봉,P120,,20250619,경춘선,1329,춘천,P140,N,경춘선,,1328,남춘천,P139,N,19:53:00,19:53:30,,K8072,상행,2025-05-01T05:00:00,,주말
경춘선,1309,상봉,P120,,20250619,경춘선,1329,춘천,P140,N,경춘선,,1327,김유정,P138,N,19:58:30,19:59:00,,K8072,상행,2025-05-01T05:00:00,,주말
경춘선,1309,상봉,P120,,20250619,경춘선,1329,춘천,P140,N,경춘선,,1326,강촌,P137,N,20:04:30,20:05:00,,K8072,상행,2025-05-01T05:00:00,,주말
경춘선,1309,상봉,P120,,20250619,경춘선,1329,춘천,P140,N,경춘선,,1325,백양리,P136,N,20:09:30,20:10:00,,K8072,상행,2025-05-01T05:00:00,,주말
경춘선,1309,상봉,P120,,20250619,경춘선,1329,춘천,P140,N,경춘선,,1324,굴봉산,P135,N,20:13:00,20:13:30,,K8072,상행,2025-05-01T05:00:00,,주말
경춘선,1309,상봉,P120,,20250619,경춘선,1329,춘천,P140,N,경춘선,,1323,가평,P134,N,20:17:30,20:18:00,,K8072,상행,2025-05-01T05:00:00,,주말
경춘선,1309,상봉,P120,,20250619,경춘선,1329,춘천,P140,N,경춘선,,1322,상천,P133,N,20:23:30,20:24:00,,K8072,상행,2025-05-01T05:00:00,,주말
경춘선,1309,상봉,P120,,20250619,경춘선,1329,춘천,P140,N,경춘선,,1321,청평,P132,N,20:28:00,20:29:00,,K8072,상행,2025-05-01T05:00:00,,주말
경춘선,1309,상봉,P120,,20250619,경춘선,1329,춘천,P140,N,경춘선,,1320,대성리,P131,N,20:35:00,20:35:30,,K8072,상행,2025-05-01T05:00:00,,주말
경춘선,1309,상봉,P120,,20250619,경춘선,1329,춘천,P140,N,경춘선,,1319,마석,P130,N,20:41:00,20:41:30,,K8072,상행,2025-05-01T05:00:00,,주말
경춘선,1309,상봉,P120,,20250619,경춘선,1329,춘천,P140,N,경춘선,,1318,천마산,P129,N,20:43:30,20:44:00,,K8072,상행,2025-05-01T05:00:00,,주말
경춘선,1309,상봉,P120,,20250619,경춘선,1329,춘천,P140,N,경춘선,,1317,평내호평,P128,N,20:47:30,20:48:00,,K8072,상행,2025-05-01T05:00:00,,주말
경춘선,1309,상봉,P120,,20250619,경춘선,1329,춘천,P140,N,경춘선,,1316,금곡,P127,N,20:51:30,20:52:00,,K8072,상행,2025-05-01T05:00:00,,주말
경춘선,1309,상봉,P120,,20250619,경춘선,1329,춘천,P140,N,경춘선,,1315,사릉,P126,N,20:55:00,20:55:30,,K8072,상행,2025-05-01T05:00:00,,주말
경춘선,1309,상봉,P120,,20250619,경춘선,1329,춘천,P140,N,경춘선,,1314,퇴계원,P125,N,20:58:30,20:59:00,,K8072,상행,2025-05-01T05:00:00,,주말
경춘선,1309,상봉,P120,,20250619,경춘선,1329,춘천,P140,N,경춘선,,1313,별내,P124,N,21:01:00,21:01:30,,K8072,상행,2025-05-01T05:00:00,,주말
경춘선,1309,상봉,P120,,20250619,경춘선,1329,춘천,P140,N,경춘선,,1312,갈매,P123,N,21:03:00,21:03:30,,K8072,상행,2025-05-01T05:00:00,,주말
경춘선,1309,상봉,P120,,20250619,경춘선,1329,춘천,P140,N,경춘선,,1311,신내,P122,N,21:06:30,21:07:00,,K8072,상행,2025-05-01T05:00:00,,주말
경춘선,1309,상봉,P120,,20250619,경춘선,1329,춘천,P140,N,경춘선,,1310,망우,P121,N,21:09:30,21:10:30,,K8072,상행,2025-05-01T05:00:00,,주말
경춘선,1309,상봉,P120,,20250619,경춘선,1329,춘천,P140,N,경춘선,,1309,상봉,P120,N,21:12:00,,,K8072,상행,2025-05-01T05:00:00,,주말
경춘선,1306,청량리,P117,,20250619,경춘선,1329,춘천,P140,N,경춘선,,1329,춘천,P140,N,,20:12:00,,K8074,상행,2025-05-01T05:00:00,,주말
경춘선,1306,청량리,P117,,20250619,경춘선,1329,춘천,P140,N,경춘선,,1328,남춘천,P139,N,20:15:00,20:15:30,,K8074,상행,2025-05-01T05:00:00,,주말
경춘선,1306,청량리,P117,,20250619,경춘선,1329,춘천,P140,N,경춘선,,1327,김유정,P138,N,20:20:30,20:21:00,,K8074,상행,2025-05-01T05:00:00,,주말
경춘선,1306,청량리,P117,,20250619,경춘선,1329,춘천,P140,N,경춘선,,1326,강촌,P137,N,20:26:30,20:27:00,,K8074,상행,2025-05-01T05:00:00,,주말
경춘선,1306,청량리,P117,,20250619,경춘선,1329,춘천,P140,N,경춘선,,1325,백양리,P136,N,20:31:30,20:32:00,,K8074,상행,2025-05-01T05:00:00,,주말
경춘선,1306,청량리,P117,,20250619,경춘선,1329,춘천,P140,N,경춘선,,1324,굴봉산,P135,N,20:35:00,20:35:30,,K8074,상행,2025-05-01T05:00:00,,주말
경춘선,1306,청량리,P117,,20250619,경춘선,1329,춘천,P140,N,경춘선,,1323,가평,P134,N,20:39:30,20:40:00,,K8074,상행,2025-05-01T05:00:00,,주말
경춘선,1306,청량리,P117,,20250619,경춘선,1329,춘천,P140,N,경춘선,,1322,상천,P133,N,20:45:30,20:46:00,,K8074,상행,2025-05-01T05:00:00,,주말
경춘선,1306,청량리,P117,,20250619,경춘선,1329,춘천,P140,N,경춘선,,1321,청평,P132,N,20:50:00,20:50:30,,K8074,상행,2025-05-01T05:00:00,,주말
경춘선,1306,청량리,P117,,20250619,경춘선,1329,춘천,P140,N,경춘선,,1320,대성리,P131,N,20:56:30,20:57:00,,K8074,상행,2025-05-01T05:00:00,,주말
경춘선,1306,청량리,P117,,20250619,경춘선,1329,춘천,P140,N,경춘선,,1319,마석,P130,N,21:02:30,21:07:00,,K8074,상행,2025-05-01T05:00:00,,주말
경춘선,1306,청량리,P117,,20250619,경춘선,1329,춘천,P140,N,경춘선,,1318,천마산,P129,N,21:09:00,21:09:30,,K8074,상행,2025-05-01T05:00:00,,주말
경춘선,1306,청량리,P117,,20250619,경춘선,1329,춘천,P140,N,경춘선,,1317,평내호평,P128,N,21:13:00,21:13:30,,K8074,상행,2025-05-01T05:00:00,,주말
경춘선,1306,청량리,P117,,20250619,경춘선,1329,춘천,P140,N,경춘선,,1316,금곡,P127,N,21:17:00,21:17:30,,K8074,상행,2025-05-01T05:00:00,,주말
경춘선,1306,청량리,P117,,20250619,경춘선,1329,춘천,P140,N,경춘선,,1315,사릉,P126,N,21:20:30,21:21:00,,K8074,상행,2025-05-01T05:00:00,,주말
경춘선,1306,청량리,P117,,20250619,경춘선,1329,춘천,P140,N,경춘선,,1314,퇴계원,P125,N,21:24:00,21:24:30,,K8074,상행,2025-05-01T05:00:00,,주말
경춘선,1306,청량리,P117,,20250619,경춘선,1329,춘천,P140,N,경춘선,,1313,별내,P124,N,21:26:30,21:27:00,,K8074,상행,2025-05-01T05:00:00,,주말
경춘선,1306,청량리,P117,,20250619,경춘선,1329,춘천,P140,N,경춘선,,1312,갈매,P123,N,21:28:30,21:29:00,,K8074,상행,2025-05-01T05:00:00,,주말
경춘선,1306,청량리,P117,,20250619,경춘선,1329,춘천,P140,N,경춘선,,1311,신내,P122,N,21:32:00,21:32:30,,K8074,상행,2025-05-01T05:00:00,,주말
경춘선,1306,청량리,P117,,20250619,경춘선,1329,춘천,P140,N,경춘선,,1310,망우,P121,N,21:35:00,21:36:00,,K8074,상행,2025-05-01T05:00:00,,주말
경춘선,1306,청량리,P117,,20250619,경춘선,1329,춘천,P140,N,경춘선,,1309,상봉,P120,N,21:37:30,21:38:00,,K8074,상행,2025-05-01T05:00:00,,주말
경춘선,1306,청량리,P117,,20250619,경춘선,1329,춘천,P140,N,경춘선,,1308,중랑,P119,N,21:40:00,21:40:30,,K8074,상행,2025-05-01T05:00:00,,주말
경춘선,1306,청량리,P117,,20250619,경춘선,1329,춘천,P140,N,경춘선,,1307,회기,P118,N,21:43:00,21:43:30,,K8074,상행,2025-05-01T05:00:00,,주말
경춘선,1306,청량리,P117,,20250619,경춘선,1329,춘천,P140,N,경춘선,,1306,청량리,P117,N,21:46:30,,,K8074,상행,2025-05-01T05:00:00,,주말
경춘선,1309,상봉,P120,,20250619,경춘선,1329,춘천,P140,N,경춘선,,1329,춘천,P140,N,,20:40:00,,K8076,상행,2025-05-01T05:00:00,,주말
경춘선,1309,상봉,P120,,20250619,경춘선,1329,춘천,P140,N,경춘선,,1328,남춘천,P139,N,20:43:00,20:43:30,,K8076,상행,2025-05-01T05:00:00,,주말
경춘선,1309,상봉,P120,,20250619,경춘선,1329,춘천,P140,N,경춘선,,1327,김유정,P138,N,20:48:30,20:49:00,,K8076,상행,2025-05-01T05:00:00,,주말
경춘선,1309,상봉,P120,,20250619,경춘선,1329,춘천,P140,N,경춘선,,1326,강촌,P137,N,20:54:30,20:55:00,,K8076,상행,2025-05-01T05:00:00,,주말
경춘선,1309,상봉,P120,,20250619,경춘선,1329,춘천,P140,N,경춘선,,1325,백양리,P136,N,20:59:30,21:00:00,,K8076,상행,2025-05-01T05:00:00,,주말
경춘선,1309,상봉,P120,,20250619,경춘선,1329,춘천,P140,N,경춘선,,1324,굴봉산,P135,N,21:03:00,21:03:30,,K8076,상행,2025-05-01T05:00:00,,주말
경춘선,1309,상봉,P120,,20250619,경춘선,1329,춘천,P140,N,경춘선,,1323,가평,P134,N,21:07:30,21:08:00,,K8076,상행,2025-05-01T05:00:00,,주말
경춘선,1309,상봉,P120,,20250619,경춘선,1329,춘천,P140,N,경춘선,,1322,상천,P133,N,21:13:30,21:14:00,,K8076,상행,2025-05-01T05:00:00,,주말
경춘선,1309,상봉,P120,,20250619,경춘선,1329,춘천,P140,N,경춘선,,1321,청평,P132,N,21:18:00,21:18:30,,K8076,상행,2025-05-01T05:00:00,,주말
경춘선,1309,상봉,P120,,20250619,경춘선,1329,춘천,P140,N,경춘선,,1320,대성리,P131,N,21:24:30,21:25:00,,K8076,상행,2025-05-01T05:00:00,,주말
경춘선,1309,상봉,P120,,20250619,경춘선,1329,춘천,P140,N,경춘선,,1319,마석,P130,N,21:30:30,21:31:00,,K8076,상행,2025-05-01T05:00:00,,주말
경춘선,1309,상봉,P120,,20250619,경춘선,1329,춘천,P140,N,경춘선,,1318,천마산,P129,N,21:33:00,21:33:30,,K8076,상행,2025-05-01T05:00:00,,주말
경춘선,1309,상봉,P120,,20250619,경춘선,1329,춘천,P140,N,경춘선,,1317,평내호평,P128,N,21:37:00,21:37:30,,K8076,상행,2025-05-01T05:00:00,,주말
경춘선,1309,상봉,P120,,20250619,경춘선,1329,춘천,P140,N,경춘선,,1316,금곡,P127,N,21:41:00,21:41:30,,K8076,상행,2025-05-01T05:00:00,,주말
경춘선,1309,상봉,P120,,20250619,경춘선,1329,춘천,P140,N,경춘선,,1315,사릉,P126,N,21:44:30,21:45:00,,K8076,상행,2025-05-01T05:00:00,,주말
경춘선,1309,상봉,P120,,20250619,경춘선,1329,춘천,P140,N,경춘선,,1314,퇴계원,P125,N,21:48:00,21:48:30,,K8076,상행,2025-05-01T05:00:00,,주말
경춘선,1309,상봉,P120,,20250619,경춘선,1329,춘천,P140,N,경춘선,,1313,별내,P124,N,21:50:30,21:51:00,,K8076,상행,2025-05-01T05:00:00,,주말
경춘선,1309,상봉,P120,,20250619,경춘선,1329,춘천,P140,N,경춘선,,1312,갈매,P123,N,21:52:30,21:53:00,,K8076,상행,2025-05-01T05:00:00,,주말
경춘선,1309,상봉,P120,,20250619,경춘선,1329,춘천,P140,N,경춘선,,1311,신내,P122,N,21:56:00,21:56:30,,K8076,상행,2025-05-01T05:00:00,,주말
경춘선,1309,상봉,P120,,20250619,경춘선,1329,춘천,P140,N,경춘선,,1310,망우,P121,N,21:59:00,22:00:00,,K8076,상행,2025-05-01T05:00:00,,주말
경춘선,1309,상봉,P120,,20250619,경춘선,1329,춘천,P140,N,경춘선,,1309,상봉,P120,N,22:01:30,,,K8076,상행,2025-05-01T05:00:00,,주말
경춘선,1309,상봉,P120,,20250619,경춘선,1329,춘천,P140,N,경춘선,,1329,춘천,P140,N,,21:11:00,,K8078,상행,2025-05-01T05:00:00,,주말
경춘선,1309,상봉,P120,,20250619,경춘선,1329,춘천,P140,N,경춘선,,1328,남춘천,P139,N,21:14:00,21:14:30,,K8078,상행,2025-05-01T05:00:00,,주말
경춘선,1309,상봉,P120,,20250619,경춘선,1329,춘천,P140,N,경춘선,,1327,김유정,P138,N,21:19:30,21:20:00,,K8078,상행,2025-05-01T05:00:00,,주말
경춘선,1309,상봉,P120,,20250619,경춘선,1329,춘천,P140,N,경춘선,,1326,강촌,P137,N,21:25:30,21:30:30,,K8078,상행,2025-05-01T05:00:00,,주말
경춘선,1309,상봉,P120,,20250619,경춘선,1329,춘천,P140,N,경춘선,,1325,백양리,P136,N,21:35:00,21:35:30,,K8078,상행,2025-05-01T05:00:00,,주말
경춘선,1309,상봉,P120,,20250619,경춘선,1329,춘천,P140,N,경춘선,,1324,굴봉산,P135,N,21:38:30,21:39:00,,K8078,상행,2025-05-01T05:00:00,,주말
경춘선,1309,상봉,P120,,20250619,경춘선,1329,춘천,P140,N,경춘선,,1323,가평,P134,N,21:43:00,21:43:30,,K8078,상행,2025-05-01T05:00:00,,주말
경춘선,1309,상봉,P120,,20250619,경춘선,1329,춘천,P140,N,경춘선,,1322,상천,P133,N,21:49:00,21:49:30,,K8078,상행,2025-05-01T05:00:00,,주말
경춘선,1309,상봉,P120,,20250619,경춘선,1329,춘천,P140,N,경춘선,,1321,청평,P132,N,21:53:30,21:54:00,,K8078,상행,2025-05-01T05:00:00,,주말
경춘선,1309,상봉,P120,,20250619,경춘선,1329,춘천,P140,N,경춘선,,1320,대성리,P131,N,22:00:00,22:00:30,,K8078,상행,2025-05-01T05:00:00,,주말
경춘선,1309,상봉,P120,,20250619,경춘선,1329,춘천,P140,N,경춘선,,1319,마석,P130,N,22:06:00,22:06:30,,K8078,상행,2025-05-01T05:00:00,,주말
경춘선,1309,상봉,P120,,20250619,경춘선,1329,춘천,P140,N,경춘선,,1318,천마산,P129,N,22:08:30,22:09:00,,K8078,상행,2025-05-01T05:00:00,,주말
경춘선,1309,상봉,P120,,20250619,경춘선,1329,춘천,P140,N,경춘선,,1317,평내호평,P128,N,22:12:30,22:13:00,,K8078,상행,2025-05-01T05:00:00,,주말
경춘선,1309,상봉,P120,,20250619,경춘선,1329,춘천,P140,N,경춘선,,1316,금곡,P127,N,22:16:30,22:17:00,,K8078,상행,2025-05-01T05:00:00,,주말
경춘선,1309,상봉,P120,,20250619,경춘선,1329,춘천,P140,N,경춘선,,1315,사릉,P126,N,22:20:00,22:20:30,,K8078,상행,2025-05-01T05:00:00,,주말
경춘선,1309,상봉,P120,,20250619,경춘선,1329,춘천,P140,N,경춘선,,1314,퇴계원,P125,N,22:23:30,22:24:00,,K8078,상행,2025-05-01T05:00:00,,주말
경춘선,1309,상봉,P120,,20250619,경춘선,1329,춘천,P140,N,경춘선,,1313,별내,P124,N,22:26:00,22:26:30,,K8078,상행,2025-05-01T05:00:00,,주말
경춘선,1309,상봉,P120,,20250619,경춘선,1329,춘천,P140,N,경춘선,,1312,갈매,P123,N,22:28:00,22:28:30,,K8078,상행,2025-05-01T05:00:00,,주말
경춘선,1309,상봉,P120,,20250619,경춘선,1329,춘천,P140,N,경춘선,,1311,신내,P122,N,22:31:30,22:32:00,,K8078,상행,2025-05-01T05:00:00,,주말
경춘선,1309,상봉,P120,,20250619,경춘선,1329,춘천,P140,N,경춘선,,1310,망우,P121,N,22:34:30,22:35:30,,K8078,상행,2025-05-01T05:00:00,,주말
경춘선,1309,상봉,P120,,20250619,경춘선,1329,춘천,P140,N,경춘선,,1309,상봉,P120,N,22:37:00,,,K8078,상행,2025-05-01T05:00:00,,주말
경춘선,1309,상봉,P120,,20250619,경춘선,1329,춘천,P140,N,경춘선,,1329,춘천,P140,N,,21:35:00,,K8080,상행,2025-05-01T05:00:00,,주말
경춘선,1309,상봉,P120,,20250619,경춘선,1329,춘천,P140,N,경춘선,,1328,남춘천,P139,N,21:38:00,21:38:30,,K8080,상행,2025-05-01T05:00:00,,주말
경춘선,1309,상봉,P120,,20250619,경춘선,1329,춘천,P140,N,경춘선,,1327,김유정,P138,N,21:43:30,21:44:00,,K8080,상행,2025-05-01T05:00:00,,주말
경춘선,1309,상봉,P120,,20250619,경춘선,1329,춘천,P140,N,경춘선,,1326,강촌,P137,N,21:49:30,21:50:00,,K8080,상행,2025-05-01T05:00:00,,주말
경춘선,1309,상봉,P120,,20250619,경춘선,1329,춘천,P140,N,경춘선,,1325,백양리,P136,N,21:54:30,21:55:00,,K8080,상행,2025-05-01T05:00:00,,주말
경춘선,1309,상봉,P120,,20250619,경춘선,1329,춘천,P140,N,경춘선,,1324,굴봉산,P135,N,21:58:00,21:58:30,,K8080,상행,2025-05-01T05:00:00,,주말
경춘선,1309,상봉,P120,,20250619,경춘선,1329,춘천,P140,N,경춘선,,1323,가평,P134,N,22:02:30,22:08:30,,K8080,상행,2025-05-01T05:00:00,,주말
경춘선,1309,상봉,P120,,20250619,경춘선,1329,춘천,P140,N,경춘선,,1322,상천,P133,N,22:14:00,22:14:30,,K8080,상행,2025-05-01T05:00:00,,주말
경춘선,1309,상봉,P120,,20250619,경춘선,1329,춘천,P140,N,경춘선,,1321,청평,P132,N,22:18:30,22:19:00,,K8080,상행,2025-05-01T05:00:00,,주말
경춘선,1309,상봉,P120,,20250619,경춘선,1329,춘천,P140,N,경춘선,,1320,대성리,P131,N,22:25:00,22:25:30,,K8080,상행,2025-05-01T05:00:00,,주말
경춘선,1309,상봉,P120,,20250619,경춘선,1329,춘천,P140,N,경춘선,,1319,마석,P130,N,22:31:00,22:31:30,,K8080,상행,2025-05-01T05:00:00,,주말
경춘선,1309,상봉,P120,,20250619,경춘선,1329,춘천,P140,N,경춘선,,1318,천마산,P129,N,22:33:30,22:34:00,,K8080,상행,2025-05-01T05:00:00,,주말
경춘선,1309,상봉,P120,,20250619,경춘선,1329,춘천,P140,N,경춘선,,1317,평내호평,P128,N,22:37:30,22:38:00,,K8080,상행,2025-05-01T05:00:00,,주말
경춘선,1309,상봉,P120,,20250619,경춘선,1329,춘천,P140,N,경춘선,,1316,금곡,P127,N,22:41:30,22:42:00,,K8080,상행,2025-05-01T05:00:00,,주말
경춘선,1309,상봉,P120,,20250619,경춘선,1329,춘천,P140,N,경춘선,,1315,사릉,P126,N,22:45:00,22:45:30,,K8080,상행,2025-05-01T05:00:00,,주말
경춘선,1309,상봉,P120,,20250619,경춘선,1329,춘천,P140,N,경춘선,,1314,퇴계원,P125,N,22:48:30,22:49:00,,K8080,상행,2025-05-01T05:00:00,,주말
경춘선,1309,상봉,P120,,20250619,경춘선,1329,춘천,P140,N,경춘선,,1313,별내,P124,N,22:51:00,22:51:30,,K8080,상행,2025-05-01T05:00:00,,주말
경춘선,1309,상봉,P120,,20250619,경춘선,1329,춘천,P140,N,경춘선,,1312,갈매,P123,N,22:53:00,22:53:30,,K8080,상행,2025-05-01T05:00:00,,주말
경춘선,1309,상봉,P120,,20250619,경춘선,1329,춘천,P140,N,경춘선,,1311,신내,P122,N,22:56:30,22:57:00,,K8080,상행,2025-05-01T05:00:00,,주말
경춘선,1309,상봉,P120,,20250619,경춘선,1329,춘천,P140,N,경춘선,,1310,망우,P121,N,22:59:30,23:00:30,,K8080,상행,2025-05-01T05:00:00,,주말
경춘선,1309,상봉,P120,,20250619,경춘선,1329,춘천,P140,N,경춘선,,1309,상봉,P120,N,23:02:00,,,K8080,상행,2025-05-01T05:00:00,,주말
경춘선,1306,청량리,P117,,20250619,경춘선,1329,춘천,P140,N,경춘선,,1329,춘천,P140,N,,21:56:00,,K8082,상행,2025-05-01T05:00:00,,주말
경춘선,1306,청량리,P117,,20250619,경춘선,1329,춘천,P140,N,경춘선,,1328,남춘천,P139,N,21:59:00,21:59:30,,K8082,상행,2025-05-01T05:00:00,,주말
경춘선,1306,청량리,P117,,20250619,경춘선,1329,춘천,P140,N,경춘선,,1327,김유정,P138,N,22:04:30,22:05:00,,K8082,상행,2025-05-01T05:00:00,,주말
경춘선,1306,청량리,P117,,20250619,경춘선,1329,춘천,P140,N,경춘선,,1326,강촌,P137,N,22:10:30,22:11:00,,K8082,상행,2025-05-01T05:00:00,,주말
경춘선,1306,청량리,P117,,20250619,경춘선,1329,춘천,P140,N,경춘선,,1325,백양리,P136,N,22:15:30,22:16:00,,K8082,상행,2025-05-01T05:00:00,,주말
경춘선,1306,청량리,P117,,20250619,경춘선,1329,춘천,P140,N,경춘선,,1324,굴봉산,P135,N,22:19:00,22:19:30,,K8082,상행,2025-05-01T05:00:00,,주말
경춘선,1306,청량리,P117,,20250619,경춘선,1329,춘천,P140,N,경춘선,,1323,가평,P134,N,22:23:30,22:24:00,,K8082,상행,2025-05-01T05:00:00,,주말
경춘선,1306,청량리,P117,,20250619,경춘선,1329,춘천,P140,N,경춘선,,1322,상천,P133,N,22:29:30,22:30:00,,K8082,상행,2025-05-01T05:00:00,,주말
경춘선,1306,청량리,P117,,20250619,경춘선,1329,춘천,P140,N,경춘선,,1321,청평,P132,N,22:34:00,22:34:30,,K8082,상행,2025-05-01T05:00:00,,주말
경춘선,1306,청량리,P117,,20250619,경춘선,1329,춘천,P140,N,경춘선,,1320,대성리,P131,N,22:40:30,22:45:00,,K8082,상행,2025-05-01T05:00:00,,주말
경춘선,1306,청량리,P117,,20250619,경춘선,1329,춘천,P140,N,경춘선,,1319,마석,P130,N,22:50:30,22:51:00,,K8082,상행,2025-05-01T05:00:00,,주말
경춘선,1306,청량리,P117,,20250619,경춘선,1329,춘천,P140,N,경춘선,,1318,천마산,P129,N,22:53:00,22:53:30,,K8082,상행,2025-05-01T05:00:00,,주말
경춘선,1306,청량리,P117,,20250619,경춘선,1329,춘천,P140,N,경춘선,,1317,평내호평,P128,N,22:57:00,22:57:30,,K8082,상행,2025-05-01T05:00:00,,주말
경춘선,1306,청량리,P117,,20250619,경춘선,1329,춘천,P140,N,경춘선,,1316,금곡,P127,N,23:01:00,23:01:30,,K8082,상행,2025-05-01T05:00:00,,주말
경춘선,1306,청량리,P117,,20250619,경춘선,1329,춘천,P140,N,경춘선,,1315,사릉,P126,N,23:04:30,23:05:00,,K8082,상행,2025-05-01T05:00:00,,주말
경춘선,1306,청량리,P117,,20250619,경춘선,1329,춘천,P140,N,경춘선,,1314,퇴계원,P125,N,23:08:00,23:08:30,,K8082,상행,2025-05-01T05:00:00,,주말
경춘선,1306,청량리,P117,,20250619,경춘선,1329,춘천,P140,N,경춘선,,1313,별내,P124,N,23:10:30,23:11:00,,K8082,상행,2025-05-01T05:00:00,,주말
경춘선,1306,청량리,P117,,20250619,경춘선,1329,춘천,P140,N,경춘선,,1312,갈매,P123,N,23:12:30,23:13:00,,K8082,상행,2025-05-01T05:00:00,,주말
경춘선,1306,청량리,P117,,20250619,경춘선,1329,춘천,P140,N,경춘선,,1311,신내,P122,N,23:16:00,23:16:30,,K8082,상행,2025-05-01T05:00:00,,주말
경춘선,1306,청량리,P117,,20250619,경춘선,1329,춘천,P140,N,경춘선,,1310,망우,P121,N,23:19:00,23:20:00,,K8082,상행,2025-05-01T05:00:00,,주말
경춘선,1306,청량리,P117,,20250619,경춘선,1329,춘천,P140,N,경춘선,,1309,상봉,P120,N,23:21:30,23:22:00,,K8082,상행,2025-05-01T05:00:00,,주말
경춘선,1306,청량리,P117,,20250619,경춘선,1329,춘천,P140,N,경춘선,,1308,중랑,P119,N,23:24:00,23:24:30,,K8082,상행,2025-05-01T05:00:00,,주말
경춘선,1306,청량리,P117,,20250619,경춘선,1329,춘천,P140,N,경춘선,,1307,회기,P118,N,23:27:00,23:27:30,,K8082,상행,2025-05-01T05:00:00,,주말
경춘선,1306,청량리,P117,,20250619,경춘선,1329,춘천,P140,N,경춘선,,1306,청량리,P117,N,23:30:30,,,K8082,상행,2025-05-01T05:00:00,,주말
경춘선,1309,상봉,P120,,20250619,경춘선,1329,춘천,P140,N,경춘선,,1329,춘천,P140,N,,22:18:00,,K8084,상행,2025-05-01T05:00:00,,주말
경춘선,1309,상봉,P120,,20250619,경춘선,1329,춘천,P140,N,경춘선,,1328,남춘천,P139,N,22:21:00,22:21:30,,K8084,상행,2025-05-01T05:00:00,,주말
경춘선,1309,상봉,P120,,20250619,경춘선,1329,춘천,P140,N,경춘선,,1327,김유정,P138,N,22:26:30,22:27:00,,K8084,상행,2025-05-01T05:00:00,,주말
경춘선,1309,상봉,P120,,20250619,경춘선,1329,춘천,P140,N,경춘선,,1326,강촌,P137,N,22:32:30,22:33:00,,K8084,상행,2025-05-01T05:00:00,,주말
경춘선,1309,상봉,P120,,20250619,경춘선,1329,춘천,P140,N,경춘선,,1325,백양리,P136,N,22:37:30,22:38:00,,K8084,상행,2025-05-01T05:00:00,,주말
경춘선,1309,상봉,P120,,20250619,경춘선,1329,춘천,P140,N,경춘선,,1324,굴봉산,P135,N,22:41:00,22:41:30,,K8084,상행,2025-05-01T05:00:00,,주말
경춘선,1309,상봉,P120,,20250619,경춘선,1329,춘천,P140,N,경춘선,,1323,가평,P134,N,22:45:30,22:46:00,,K8084,상행,2025-05-01T05:00:00,,주말
경춘선,1309,상봉,P120,,20250619,경춘선,1329,춘천,P140,N,경춘선,,1322,상천,P133,N,22:51:30,22:52:00,,K8084,상행,2025-05-01T05:00:00,,주말
경춘선,1309,상봉,P120,,20250619,경춘선,1329,춘천,P140,N,경춘선,,1321,청평,P132,N,22:56:00,22:56:30,,K8084,상행,2025-05-01T05:00:00,,주말
경춘선,1309,상봉,P120,,20250619,경춘선,1329,춘천,P140,N,경춘선,,1320,대성리,P131,N,23:02:30,23:03:00,,K8084,상행,2025-05-01T05:00:00,,주말
경춘선,1309,상봉,P120,,20250619,경춘선,1329,춘천,P140,N,경춘선,,1319,마석,P130,N,23:08:30,23:09:00,,K8084,상행,2025-05-01T05:00:00,,주말
경춘선,1309,상봉,P120,,20250619,경춘선,1329,춘천,P140,N,경춘선,,1318,천마산,P129,N,23:11:00,23:11:30,,K8084,상행,2025-05-01T05:00:00,,주말
경춘선,1309,상봉,P120,,20250619,경춘선,1329,춘천,P140,N,경춘선,,1317,평내호평,P128,N,23:15:00,23:15:30,,K8084,상행,2025-05-01T05:00:00,,주말
경춘선,1309,상봉,P120,,20250619,경춘선,1329,춘천,P140,N,경춘선,,1316,금곡,P127,N,23:19:00,23:19:30,,K8084,상행,2025-05-01T05:00:00,,주말
경춘선,1309,상봉,P120,,20250619,경춘선,1329,춘천,P140,N,경춘선,,1315,사릉,P126,N,23:22:30,23:23:00,,K8084,상행,2025-05-01T05:00:00,,주말
경춘선,1309,상봉,P120,,20250619,경춘선,1329,춘천,P140,N,경춘선,,1314,퇴계원,P125,N,23:26:00,23:26:30,,K8084,상행,2025-05-01T05:00:00,,주말
경춘선,1309,상봉,P120,,20250619,경춘선,1329,춘천,P140,N,경춘선,,1313,별내,P124,N,23:28:30,23:29:00,,K8084,상행,2025-05-01T05:00:00,,주말
경춘선,1309,상봉,P120,,20250619,경춘선,1329,춘천,P140,N,경춘선,,1312,갈매,P123,N,23:30:30,23:31:00,,K8084,상행,2025-05-01T05:00:00,,주말
경춘선,1309,상봉,P120,,20250619,경춘선,1329,춘천,P140,N,경춘선,,1311,신내,P122,N,23:34:00,23:34:30,,K8084,상행,2025-05-01T05:00:00,,주말
경춘선,1309,상봉,P120,,20250619,경춘선,1329,춘천,P140,N,경춘선,,1310,망우,P121,N,23:37:00,23:38:00,,K8084,상행,2025-05-01T05:00:00,,주말
경춘선,1309,상봉,P120,,20250619,경춘선,1329,춘천,P140,N,경춘선,,1309,상봉,P120,N,23:39:30,,,K8084,상행,2025-05-01T05:00:00,,주말
경춘선,1309,상봉,P120,,20250619,경춘선,1329,춘천,P140,N,경춘선,,1329,춘천,P140,N,,22:45:00,,K8086,상행,2025-05-01T05:00:00,,주말
경춘선,1309,상봉,P120,,20250619,경춘선,1329,춘천,P140,N,경춘선,,1328,남춘천,P139,N,22:48:00,22:48:30,,K8086,상행,2025-05-01T05:00:00,,주말
경춘선,1309,상봉,P120,,20250619,경춘선,1329,춘천,P140,N,경춘선,,1327,김유정,P138,N,22:53:30,22:54:00,,K8086,상행,2025-05-01T05:00:00,,주말
경춘선,1309,상봉,P120,,20250619,경춘선,1329,춘천,P140,N,경춘선,,1326,강촌,P137,N,22:59:30,23:00:00,,K8086,상행,2025-05-01T05:00:00,,주말
경춘선,1309,상봉,P120,,20250619,경춘선,1329,춘천,P140,N,경춘선,,1325,백양리,P136,N,23:04:30,23:05:00,,K8086,상행,2025-05-01T05:00:00,,주말
경춘선,1309,상봉,P120,,20250619,경춘선,1329,춘천,P140,N,경춘선,,1324,굴봉산,P135,N,23:08:00,23:08:30,,K8086,상행,2025-05-01T05:00:00,,주말
경춘선,1309,상봉,P120,,20250619,경춘선,1329,춘천,P140,N,경춘선,,1323,가평,P134,N,23:12:30,23:13:00,,K8086,상행,2025-05-01T05:00:00,,주말
경춘선,1309,상봉,P120,,20250619,경춘선,1329,춘천,P140,N,경춘선,,1322,상천,P133,N,23:18:30,23:19:00,,K8086,상행,2025-05-01T05:00:00,,주말
경춘선,1309,상봉,P120,,20250619,경춘선,1329,춘천,P140,N,경춘선,,1321,청평,P132,N,23:23:00,23:23:30,,K8086,상행,2025-05-01T05:00:00,,주말
경춘선,1309,상봉,P120,,20250619,경춘선,1329,춘천,P140,N,경춘선,,1320,대성리,P131,N,23:29:30,23:30:00,,K8086,상행,2025-05-01T05:00:00,,주말
경춘선,1309,상봉,P120,,20250619,경춘선,1329,춘천,P140,N,경춘선,,1319,마석,P130,N,23:35:30,23:36:00,,K8086,상행,2025-05-01T05:00:00,,주말
경춘선,1309,상봉,P120,,20250619,경춘선,1329,춘천,P140,N,경춘선,,1318,천마산,P129,N,23:38:00,23:38:30,,K8086,상행,2025-05-01T05:00:00,,주말
경춘선,1309,상봉,P120,,20250619,경춘선,1329,춘천,P140,N,경춘선,,1317,평내호평,P128,N,23:42:00,23:42:30,,K8086,상행,2025-05-01T05:00:00,,주말
경춘선,1309,상봉,P120,,20250619,경춘선,1329,춘천,P140,N,경춘선,,1316,금곡,P127,N,23:46:00,23:46:30,,K8086,상행,2025-05-01T05:00:00,,주말
경춘선,1309,상봉,P120,,20250619,경춘선,1329,춘천,P140,N,경춘선,,1315,사릉,P126,N,23:49:30,23:50:00,,K8086,상행,2025-05-01T05:00:00,,주말
경춘선,1309,상봉,P120,,20250619,경춘선,1329,춘천,P140,N,경춘선,,1314,퇴계원,P125,N,23:53:00,23:53:30,,K8086,상행,2025-05-01T05:00:00,,주말
경춘선,1309,상봉,P120,,20250619,경춘선,1329,춘천,P140,N,경춘선,,1313,별내,P124,N,23:55:30,23:56:00,,K8086,상행,2025-05-01T05:00:00,,주말
경춘선,1309,상봉,P120,,20250619,경춘선,1329,춘천,P140,N,경춘선,,1312,갈매,P123,N,23:57:30,23:58:00,,K8086,상행,2025-05-01T05:00:00,,주말
경춘선,1309,상봉,P120,,20250619,경춘선,1329,춘천,P140,N,경춘선,,1311,신내,P122,N,24:01:00,24:01:30,,K8086,상행,2025-05-01T05:00:00,,주말
경춘선,1309,상봉,P120,,20250619,경춘선,1329,춘천,P140,N,경춘선,,1310,망우,P121,N,24:04:00,24:05:00,,K8086,상행,2025-05-01T05:00:00,,주말
경춘선,1309,상봉,P120,,20250619,경춘선,1329,춘천,P140,N,경춘선,,1309,상봉,P120,N,24:06:30,,,K8086,상행,2025-05-01T05:00:00,,주말
경춘선,1317,평내호평,P128,,20250619,경춘선,1329,춘천,P140,N,경춘선,,1329,춘천,P140,N,,23:10:00,,K8088,상행,2025-05-01T05:00:00,,주말
경춘선,1317,평내호평,P128,,20250619,경춘선,1329,춘천,P140,N,경춘선,,1328,남춘천,P139,N,23:13:00,23:13:30,,K8088,상행,2025-05-01T05:00:00,,주말
경춘선,1317,평내호평,P128,,20250619,경춘선,1329,춘천,P140,N,경춘선,,1327,김유정,P138,N,23:18:30,23:19:00,,K8088,상행,2025-05-01T05:00:00,,주말
경춘선,1317,평내호평,P128,,20250619,경춘선,1329,춘천,P140,N,경춘선,,1326,강촌,P137,N,23:24:30,23:25:00,,K8088,상행,2025-05-01T05:00:00,,주말
경춘선,1317,평내호평,P128,,20250619,경춘선,1329,춘천,P140,N,경춘선,,1325,백양리,P136,N,23:29:30,23:30:00,,K8088,상행,2025-05-01T05:00:00,,주말
경춘선,1317,평내호평,P128,,20250619,경춘선,1329,춘천,P140,N,경춘선,,1324,굴봉산,P135,N,23:33:00,23:33:30,,K8088,상행,2025-05-01T05:00:00,,주말
경춘선,1317,평내호평,P128,,20250619,경춘선,1329,춘천,P140,N,경춘선,,1323,가평,P134,N,23:37:30,23:38:00,,K8088,상행,2025-05-01T05:00:00,,주말
경춘선,1317,평내호평,P128,,20250619,경춘선,1329,춘천,P140,N,경춘선,,1322,상천,P133,N,23:43:30,23:44:00,,K8088,상행,2025-05-01T05:00:00,,주말
경춘선,1317,평내호평,P128,,20250619,경춘선,1329,춘천,P140,N,경춘선,,1321,청평,P132,N,23:48:00,23:48:30,,K8088,상행,2025-05-01T05:00:00,,주말
경춘선,1317,평내호평,P128,,20250619,경춘선,1329,춘천,P140,N,경춘선,,1320,대성리,P131,N,23:54:30,23:55:00,,K8088,상행,2025-05-01T05:00:00,,주말
경춘선,1317,평내호평,P128,,20250619,경춘선,1329,춘천,P140,N,경춘선,,1319,마석,P130,N,24:00:30,24:01:00,,K8088,상행,2025-05-01T05:00:00,,주말
경춘선,1317,평내호평,P128,,20250619,경춘선,1329,춘천,P140,N,경춘선,,1318,천마산,P129,N,24:03:00,24:03:30,,K8088,상행,2025-05-01T05:00:00,,주말
경춘선,1317,평내호평,P128,,20250619,경춘선,1329,춘천,P140,N,경춘선,,1317,평내호평,P128,N,24:07:00,,,K8088,상행,2025-05-01T05:00:00,,주말
