trainno,trainKnd,upbdnbSe,wkndSe,lineNm,brlnNm,stnCd,stnNo,stnNm,dptreLineNm,dptreStnCd,dptreStnNm,dptreStnNo,arvlLineNm,arvlStnCd,arvlStnNm,arvlStnNo,trainDptreTm,trainArvlTm,etrnYn,lnkgTrainno,tmprTmtblYn,vldBgngDt,vldEndDt,crtrYmd
2015,,상행,주말,김포도시철도,,4921,691,구래,김포도시철도,4921,구래,691,김포도시철도,4929,김포공항,699,06:19:00,,N,,N,2025-05-01T05:00:00,,20250619
2015,,상행,주말,김포도시철도,,4922,692,마산,김포도시철도,4921,구래,691,김포도시철도,4929,김포공항,699,06:22:12,06:21:44,N,,N,2025-05-01T05:00:00,,20250619
2015,,상행,주말,김포도시철도,,4923,693,장기,김포도시철도,4921,구래,691,김포도시철도,4929,김포공항,699,06:26:08,06:25:40,N,,N,2025-05-01T05:00:00,,20250619
2015,,상행,주말,김포도시철도,,4924,694,운양,김포도시철도,4921,구래,691,김포도시철도,4929,김포공항,699,06:28:39,06:28:11,N,,N,2025-05-01T05:00:00,,20250619
2015,,상행,주말,김포도시철도,,4925,695,걸포북변,김포도시철도,4921,구래,691,김포도시철도,4929,김포공항,699,06:32:45,06:32:17,N,,N,2025-05-01T05:00:00,,20250619
2015,,상행,주말,김포도시철도,,4926,696,사우,김포도시철도,4921,구래,691,김포도시철도,4929,김포공항,699,06:35:38,06:35:10,N,,N,2025-05-01T05:00:00,,20250619
2015,,상행,주말,김포도시철도,,4927,697,풍무,김포도시철도,4921,구래,691,김포도시철도,4929,김포공항,699,06:38:06,06:37:38,N,,N,2025-05-01T05:00:00,,20250619
2015,,상행,주말,김포도시철도,,4928,698,고촌,김포도시철도,4921,구래,691,김포도시철도,4929,김포공항,699,06:42:25,06:41:57,N,,N,2025-05-01T05:00:00,,20250619
2015,,상행,주말,김포도시철도,,4929,699,김포공항,김포도시철도,4921,구래,691,김포도시철도,4929,김포공항,699,,06:48:33,N,,N,2025-05-01T05:00:00,,20250619
2023,,상행,주말,김포도시철도,,4921,691,구래,김포도시철도,4921,구래,691,김포도시철도,4929,김포공항,699,06:43:00,,N,,N,2025-05-01T05:00:00,,20250619
2023,,상행,주말,김포도시철도,,4922,692,마산,김포도시철도,4921,구래,691,김포도시철도,4929,김포공항,699,06:46:12,06:45:44,N,,N,2025-05-01T05:00:00,,20250619
2023,,상행,주말,김포도시철도,,4923,693,장기,김포도시철도,4921,구래,691,김포도시철도,4929,김포공항,699,06:50:08,06:49:40,N,,N,2025-05-01T05:00:00,,20250619
2023,,상행,주말,김포도시철도,,4924,694,운양,김포도시철도,4921,구래,691,김포도시철도,4929,김포공항,699,06:52:39,06:52:11,N,,N,2025-05-01T05:00:00,,20250619
2023,,상행,주말,김포도시철도,,4925,695,걸포북변,김포도시철도,4921,구래,691,김포도시철도,4929,김포공항,699,06:56:45,06:56:17,N,,N,2025-05-01T05:00:00,,20250619
2023,,상행,주말,김포도시철도,,4926,696,사우,김포도시철도,4921,구래,691,김포도시철도,4929,김포공항,699,06:59:38,06:59:10,N,,N,2025-05-01T05:00:00,,20250619
2023,,상행,주말,김포도시철도,,4927,697,풍무,김포도시철도,4921,구래,691,김포도시철도,4929,김포공항,699,07:02:06,07:01:38,N,,N,2025-05-01T05:00:00,,20250619
2023,,상행,주말,김포도시철도,,4928,698,고촌,김포도시철도,4921,구래,691,김포도시철도,4929,김포공항,699,07:06:25,07:05:57,N,,N,2025-05-01T05:00:00,,20250619
2023,,상행,주말,김포도시철도,,4929,699,김포공항,김포도시철도,4921,구래,691,김포도시철도,4929,김포공항,699,,07:12:33,N,,N,2025-05-01T05:00:00,,20250619
2027,,상행,주말,김포도시철도,,4921,691,구래,김포도시철도,4921,구래,691,김포도시철도,4929,김포공항,699,06:55:00,,N,,N,2025-05-01T05:00:00,,20250619
2027,,상행,주말,김포도시철도,,4922,692,마산,김포도시철도,4921,구래,691,김포도시철도,4929,김포공항,699,06:58:12,06:57:44,N,,N,2025-05-01T05:00:00,,20250619
2027,,상행,주말,김포도시철도,,4923,693,장기,김포도시철도,4921,구래,691,김포도시철도,4929,김포공항,699,07:02:08,07:01:40,N,,N,2025-05-01T05:00:00,,20250619
2027,,상행,주말,김포도시철도,,4924,694,운양,김포도시철도,4921,구래,691,김포도시철도,4929,김포공항,699,07:04:39,07:04:11,N,,N,2025-05-01T05:00:00,,20250619
2027,,상행,주말,김포도시철도,,4925,695,걸포북변,김포도시철도,4921,구래,691,김포도시철도,4929,김포공항,699,07:08:45,07:08:17,N,,N,2025-05-01T05:00:00,,20250619
2027,,상행,주말,김포도시철도,,4926,696,사우,김포도시철도,4921,구래,691,김포도시철도,4929,김포공항,699,07:11:38,07:11:10,N,,N,2025-05-01T05:00:00,,20250619
2027,,상행,주말,김포도시철도,,4927,697,풍무,김포도시철도,4921,구래,691,김포도시철도,4929,김포공항,699,07:14:06,07:13:38,N,,N,2025-05-01T05:00:00,,20250619
2027,,상행,주말,김포도시철도,,4928,698,고촌,김포도시철도,4921,구래,691,김포도시철도,4929,김포공항,699,07:18:25,07:17:57,N,,N,2025-05-01T05:00:00,,20250619
2027,,상행,주말,김포도시철도,,4929,699,김포공항,김포도시철도,4921,구래,691,김포도시철도,4929,김포공항,699,,07:24:33,N,,N,2025-05-01T05:00:00,,20250619
2033,,상행,주말,김포도시철도,,4921,691,구래,김포도시철도,4921,구래,691,김포도시철도,4929,김포공항,699,07:13:00,,N,,N,2025-05-01T05:00:00,,20250619
2033,,상행,주말,김포도시철도,,4922,692,마산,김포도시철도,4921,구래,691,김포도시철도,4929,김포공항,699,07:16:12,07:15:44,N,,N,2025-05-01T05:00:00,,20250619
2033,,상행,주말,김포도시철도,,4923,693,장기,김포도시철도,4921,구래,691,김포도시철도,4929,김포공항,699,07:20:08,07:19:40,N,,N,2025-05-01T05:00:00,,20250619
2033,,상행,주말,김포도시철도,,4924,694,운양,김포도시철도,4921,구래,691,김포도시철도,4929,김포공항,699,07:22:39,07:22:11,N,,N,2025-05-01T05:00:00,,20250619
2033,,상행,주말,김포도시철도,,4925,695,걸포북변,김포도시철도,4921,구래,691,김포도시철도,4929,김포공항,699,07:26:45,07:26:17,N,,N,2025-05-01T05:00:00,,20250619
2033,,상행,주말,김포도시철도,,4926,696,사우,김포도시철도,4921,구래,691,김포도시철도,4929,김포공항,699,07:29:38,07:29:10,N,,N,2025-05-01T05:00:00,,20250619
2033,,상행,주말,김포도시철도,,4927,697,풍무,김포도시철도,4921,구래,691,김포도시철도,4929,김포공항,699,07:32:06,07:31:38,N,,N,2025-05-01T05:00:00,,20250619
2033,,상행,주말,김포도시철도,,4928,698,고촌,김포도시철도,4921,구래,691,김포도시철도,4929,김포공항,699,07:36:25,07:35:57,N,,N,2025-05-01T05:00:00,,20250619
2033,,상행,주말,김포도시철도,,4929,699,김포공항,김포도시철도,4921,구래,691,김포도시철도,4929,김포공항,699,,07:42:33,N,,N,2025-05-01T05:00:00,,20250619
2035,,상행,주말,김포도시철도,,4921,691,구래,김포도시철도,4921,구래,691,김포도시철도,4929,김포공항,699,07:19:00,,N,,N,2025-05-01T05:00:00,,20250619
2035,,상행,주말,김포도시철도,,4922,692,마산,김포도시철도,4921,구래,691,김포도시철도,4929,김포공항,699,07:22:12,07:21:44,N,,N,2025-05-01T05:00:00,,20250619
2035,,상행,주말,김포도시철도,,4923,693,장기,김포도시철도,4921,구래,691,김포도시철도,4929,김포공항,699,07:26:08,07:25:40,N,,N,2025-05-01T05:00:00,,20250619
2035,,상행,주말,김포도시철도,,4924,694,운양,김포도시철도,4921,구래,691,김포도시철도,4929,김포공항,699,07:28:39,07:28:11,N,,N,2025-05-01T05:00:00,,20250619
2035,,상행,주말,김포도시철도,,4925,695,걸포북변,김포도시철도,4921,구래,691,김포도시철도,4929,김포공항,699,07:32:45,07:32:17,N,,N,2025-05-01T05:00:00,,20250619
2035,,상행,주말,김포도시철도,,4926,696,사우,김포도시철도,4921,구래,691,김포도시철도,4929,김포공항,699,07:35:38,07:35:10,N,,N,2025-05-01T05:00:00,,20250619
2035,,상행,주말,김포도시철도,,4927,697,풍무,김포도시철도,4921,구래,691,김포도시철도,4929,김포공항,699,07:38:06,07:37:38,N,,N,2025-05-01T05:00:00,,20250619
2035,,상행,주말,김포도시철도,,4928,698,고촌,김포도시철도,4921,구래,691,김포도시철도,4929,김포공항,699,07:42:25,07:41:57,N,,N,2025-05-01T05:00:00,,20250619
2035,,상행,주말,김포도시철도,,4929,699,김포공항,김포도시철도,4921,구래,691,김포도시철도,4929,김포공항,699,,07:48:33,N,,N,2025-05-01T05:00:00,,20250619
2037,,상행,주말,김포도시철도,,4921,691,구래,김포도시철도,4921,구래,691,김포도시철도,4929,김포공항,699,07:25:00,,N,,N,2025-05-01T05:00:00,,20250619
2037,,상행,주말,김포도시철도,,4922,692,마산,김포도시철도,4921,구래,691,김포도시철도,4929,김포공항,699,07:28:12,07:27:44,N,,N,2025-05-01T05:00:00,,20250619
2037,,상행,주말,김포도시철도,,4923,693,장기,김포도시철도,4921,구래,691,김포도시철도,4929,김포공항,699,07:32:08,07:31:40,N,,N,2025-05-01T05:00:00,,20250619
2037,,상행,주말,김포도시철도,,4924,694,운양,김포도시철도,4921,구래,691,김포도시철도,4929,김포공항,699,07:34:39,07:34:11,N,,N,2025-05-01T05:00:00,,20250619
2037,,상행,주말,김포도시철도,,4925,695,걸포북변,김포도시철도,4921,구래,691,김포도시철도,4929,김포공항,699,07:38:45,07:38:17,N,,N,2025-05-01T05:00:00,,20250619
2037,,상행,주말,김포도시철도,,4926,696,사우,김포도시철도,4921,구래,691,김포도시철도,4929,김포공항,699,07:41:38,07:41:10,N,,N,2025-05-01T05:00:00,,20250619
2037,,상행,주말,김포도시철도,,4927,697,풍무,김포도시철도,4921,구래,691,김포도시철도,4929,김포공항,699,07:44:06,07:43:38,N,,N,2025-05-01T05:00:00,,20250619
2037,,상행,주말,김포도시철도,,4928,698,고촌,김포도시철도,4921,구래,691,김포도시철도,4929,김포공항,699,07:48:25,07:47:57,N,,N,2025-05-01T05:00:00,,20250619
2037,,상행,주말,김포도시철도,,4929,699,김포공항,김포도시철도,4921,구래,691,김포도시철도,4929,김포공항,699,,07:54:33,N,,N,2025-05-01T05:00:00,,20250619
2041,,상행,주말,김포도시철도,,4921,691,구래,김포도시철도,4921,구래,691,김포도시철도,4929,김포공항,699,07:37:00,,N,,N,2025-05-01T05:00:00,,20250619
2041,,상행,주말,김포도시철도,,4922,692,마산,김포도시철도,4921,구래,691,김포도시철도,4929,김포공항,699,07:40:12,07:39:44,N,,N,2025-05-01T05:00:00,,20250619
2041,,상행,주말,김포도시철도,,4923,693,장기,김포도시철도,4921,구래,691,김포도시철도,4929,김포공항,699,07:44:08,07:43:40,N,,N,2025-05-01T05:00:00,,20250619
2041,,상행,주말,김포도시철도,,4924,694,운양,김포도시철도,4921,구래,691,김포도시철도,4929,김포공항,699,07:46:39,07:46:11,N,,N,2025-05-01T05:00:00,,20250619
2041,,상행,주말,김포도시철도,,4925,695,걸포북변,김포도시철도,4921,구래,691,김포도시철도,4929,김포공항,699,07:50:45,07:50:17,N,,N,2025-05-01T05:00:00,,20250619
2041,,상행,주말,김포도시철도,,4926,696,사우,김포도시철도,4921,구래,691,김포도시철도,4929,김포공항,699,07:53:38,07:53:10,N,,N,2025-05-01T05:00:00,,20250619
2041,,상행,주말,김포도시철도,,4927,697,풍무,김포도시철도,4921,구래,691,김포도시철도,4929,김포공항,699,07:56:06,07:55:38,N,,N,2025-05-01T05:00:00,,20250619
2041,,상행,주말,김포도시철도,,4928,698,고촌,김포도시철도,4921,구래,691,김포도시철도,4929,김포공항,699,08:00:25,07:59:57,N,,N,2025-05-01T05:00:00,,20250619
2041,,상행,주말,김포도시철도,,4929,699,김포공항,김포도시철도,4921,구래,691,김포도시철도,4929,김포공항,699,,08:06:33,N,,N,2025-05-01T05:00:00,,20250619
2043,,상행,주말,김포도시철도,,4921,691,구래,김포도시철도,4921,구래,691,김포도시철도,4929,김포공항,699,07:43:00,,N,,N,2025-05-01T05:00:00,,20250619
2043,,상행,주말,김포도시철도,,4922,692,마산,김포도시철도,4921,구래,691,김포도시철도,4929,김포공항,699,07:46:12,07:45:44,N,,N,2025-05-01T05:00:00,,20250619
2043,,상행,주말,김포도시철도,,4923,693,장기,김포도시철도,4921,구래,691,김포도시철도,4929,김포공항,699,07:50:08,07:49:40,N,,N,2025-05-01T05:00:00,,20250619
2043,,상행,주말,김포도시철도,,4924,694,운양,김포도시철도,4921,구래,691,김포도시철도,4929,김포공항,699,07:52:39,07:52:11,N,,N,2025-05-01T05:00:00,,20250619
2043,,상행,주말,김포도시철도,,4925,695,걸포북변,김포도시철도,4921,구래,691,김포도시철도,4929,김포공항,699,07:56:45,07:56:17,N,,N,2025-05-01T05:00:00,,20250619
2043,,상행,주말,김포도시철도,,4926,696,사우,김포도시철도,4921,구래,691,김포도시철도,4929,김포공항,699,07:59:38,07:59:10,N,,N,2025-05-01T05:00:00,,20250619
2043,,상행,주말,김포도시철도,,4927,697,풍무,김포도시철도,4921,구래,691,김포도시철도,4929,김포공항,699,08:02:06,08:01:38,N,,N,2025-05-01T05:00:00,,20250619
2043,,상행,주말,김포도시철도,,4928,698,고촌,김포도시철도,4921,구래,691,김포도시철도,4929,김포공항,699,08:06:25,08:05:57,N,,N,2025-05-01T05:00:00,,20250619
2043,,상행,주말,김포도시철도,,4929,699,김포공항,김포도시철도,4921,구래,691,김포도시철도,4929,김포공항,699,,08:12:33,N,,N,2025-05-01T05:00:00,,20250619
2047,,상행,주말,김포도시철도,,4921,691,구래,김포도시철도,4921,구래,691,김포도시철도,4929,김포공항,699,07:55:00,,N,,N,2025-05-01T05:00:00,,20250619
2047,,상행,주말,김포도시철도,,4922,692,마산,김포도시철도,4921,구래,691,김포도시철도,4929,김포공항,699,07:58:12,07:57:44,N,,N,2025-05-01T05:00:00,,20250619
2047,,상행,주말,김포도시철도,,4923,693,장기,김포도시철도,4921,구래,691,김포도시철도,4929,김포공항,699,08:02:08,08:01:40,N,,N,2025-05-01T05:00:00,,20250619
2047,,상행,주말,김포도시철도,,4924,694,운양,김포도시철도,4921,구래,691,김포도시철도,4929,김포공항,699,08:04:39,08:04:11,N,,N,2025-05-01T05:00:00,,20250619
2047,,상행,주말,김포도시철도,,4925,695,걸포북변,김포도시철도,4921,구래,691,김포도시철도,4929,김포공항,699,08:08:45,08:08:17,N,,N,2025-05-01T05:00:00,,20250619
2047,,상행,주말,김포도시철도,,4926,696,사우,김포도시철도,4921,구래,691,김포도시철도,4929,김포공항,699,08:11:38,08:11:10,N,,N,2025-05-01T05:00:00,,20250619
2047,,상행,주말,김포도시철도,,4927,697,풍무,김포도시철도,4921,구래,691,김포도시철도,4929,김포공항,699,08:14:06,08:13:38,N,,N,2025-05-01T05:00:00,,20250619
2047,,상행,주말,김포도시철도,,4928,698,고촌,김포도시철도,4921,구래,691,김포도시철도,4929,김포공항,699,08:18:25,08:17:57,N,,N,2025-05-01T05:00:00,,20250619
2047,,상행,주말,김포도시철도,,4929,699,김포공항,김포도시철도,4921,구래,691,김포도시철도,4929,김포공항,699,,08:24:33,N,,N,2025-05-01T05:00:00,,20250619
2049,,상행,주말,김포도시철도,,4921,691,구래,김포도시철도,4921,구래,691,김포도시철도,4929,김포공항,699,08:01:00,,N,,N,2025-05-01T05:00:00,,20250619
2049,,상행,주말,김포도시철도,,4922,692,마산,김포도시철도,4921,구래,691,김포도시철도,4929,김포공항,699,08:04:12,08:03:44,N,,N,2025-05-01T05:00:00,,20250619
2049,,상행,주말,김포도시철도,,4923,693,장기,김포도시철도,4921,구래,691,김포도시철도,4929,김포공항,699,08:08:08,08:07:40,N,,N,2025-05-01T05:00:00,,20250619
2049,,상행,주말,김포도시철도,,4924,694,운양,김포도시철도,4921,구래,691,김포도시철도,4929,김포공항,699,08:10:39,08:10:11,N,,N,2025-05-01T05:00:00,,20250619
2049,,상행,주말,김포도시철도,,4925,695,걸포북변,김포도시철도,4921,구래,691,김포도시철도,4929,김포공항,699,08:14:45,08:14:17,N,,N,2025-05-01T05:00:00,,20250619
2049,,상행,주말,김포도시철도,,4926,696,사우,김포도시철도,4921,구래,691,김포도시철도,4929,김포공항,699,08:17:38,08:17:10,N,,N,2025-05-01T05:00:00,,20250619
2049,,상행,주말,김포도시철도,,4927,697,풍무,김포도시철도,4921,구래,691,김포도시철도,4929,김포공항,699,08:20:06,08:19:38,N,,N,2025-05-01T05:00:00,,20250619
2049,,상행,주말,김포도시철도,,4928,698,고촌,김포도시철도,4921,구래,691,김포도시철도,4929,김포공항,699,08:24:25,08:23:57,N,,N,2025-05-01T05:00:00,,20250619
2049,,상행,주말,김포도시철도,,4929,699,김포공항,김포도시철도,4921,구래,691,김포도시철도,4929,김포공항,699,,08:30:33,N,,N,2025-05-01T05:00:00,,20250619
2053,,상행,주말,김포도시철도,,4921,691,구래,김포도시철도,4921,구래,691,김포도시철도,4929,김포공항,699,08:13:00,,N,,N,2025-05-01T05:00:00,,20250619
2053,,상행,주말,김포도시철도,,4922,692,마산,김포도시철도,4921,구래,691,김포도시철도,4929,김포공항,699,08:16:12,08:15:44,N,,N,2025-05-01T05:00:00,,20250619
2053,,상행,주말,김포도시철도,,4923,693,장기,김포도시철도,4921,구래,691,김포도시철도,4929,김포공항,699,08:20:08,08:19:40,N,,N,2025-05-01T05:00:00,,20250619
2053,,상행,주말,김포도시철도,,4924,694,운양,김포도시철도,4921,구래,691,김포도시철도,4929,김포공항,699,08:22:39,08:22:11,N,,N,2025-05-01T05:00:00,,20250619
2053,,상행,주말,김포도시철도,,4925,695,걸포북변,김포도시철도,4921,구래,691,김포도시철도,4929,김포공항,699,08:26:45,08:26:17,N,,N,2025-05-01T05:00:00,,20250619
2053,,상행,주말,김포도시철도,,4926,696,사우,김포도시철도,4921,구래,691,김포도시철도,4929,김포공항,699,08:29:38,08:29:10,N,,N,2025-05-01T05:00:00,,20250619
2053,,상행,주말,김포도시철도,,4927,697,풍무,김포도시철도,4921,구래,691,김포도시철도,4929,김포공항,699,08:32:06,08:31:38,N,,N,2025-05-01T05:00:00,,20250619
2053,,상행,주말,김포도시철도,,4928,698,고촌,김포도시철도,4921,구래,691,김포도시철도,4929,김포공항,699,08:36:25,08:35:57,N,,N,2025-05-01T05:00:00,,20250619
2053,,상행,주말,김포도시철도,,4929,699,김포공항,김포도시철도,4921,구래,691,김포도시철도,4929,김포공항,699,,08:42:33,N,,N,2025-05-01T05:00:00,,20250619
2055,,상행,주말,김포도시철도,,4921,691,구래,김포도시철도,4921,구래,691,김포도시철도,4929,김포공항,699,08:19:00,,N,,N,2025-05-01T05:00:00,,20250619
2055,,상행,주말,김포도시철도,,4922,692,마산,김포도시철도,4921,구래,691,김포도시철도,4929,김포공항,699,08:22:12,08:21:44,N,,N,2025-05-01T05:00:00,,20250619
2055,,상행,주말,김포도시철도,,4923,693,장기,김포도시철도,4921,구래,691,김포도시철도,4929,김포공항,699,08:26:08,08:25:40,N,,N,2025-05-01T05:00:00,,20250619
2055,,상행,주말,김포도시철도,,4924,694,운양,김포도시철도,4921,구래,691,김포도시철도,4929,김포공항,699,08:28:39,08:28:11,N,,N,2025-05-01T05:00:00,,20250619
2055,,상행,주말,김포도시철도,,4925,695,걸포북변,김포도시철도,4921,구래,691,김포도시철도,4929,김포공항,699,08:32:45,08:32:17,N,,N,2025-05-01T05:00:00,,20250619
2055,,상행,주말,김포도시철도,,4926,696,사우,김포도시철도,4921,구래,691,김포도시철도,4929,김포공항,699,08:35:38,08:35:10,N,,N,2025-05-01T05:00:00,,20250619
2055,,상행,주말,김포도시철도,,4927,697,풍무,김포도시철도,4921,구래,691,김포도시철도,4929,김포공항,699,08:38:06,08:37:38,N,,N,2025-05-01T05:00:00,,20250619
2055,,상행,주말,김포도시철도,,4928,698,고촌,김포도시철도,4921,구래,691,김포도시철도,4929,김포공항,699,08:42:25,08:41:57,N,,N,2025-05-01T05:00:00,,20250619
2055,,상행,주말,김포도시철도,,4929,699,김포공항,김포도시철도,4921,구래,691,김포도시철도,4929,김포공항,699,,08:48:33,N,,N,2025-05-01T05:00:00,,20250619
2059,,상행,주말,김포도시철도,,4921,691,구래,김포도시철도,4921,구래,691,김포도시철도,4929,김포공항,699,08:31:00,,N,,N,2025-05-01T05:00:00,,20250619
2059,,상행,주말,김포도시철도,,4922,692,마산,김포도시철도,4921,구래,691,김포도시철도,4929,김포공항,699,08:34:12,08:33:44,N,,N,2025-05-01T05:00:00,,20250619
2059,,상행,주말,김포도시철도,,4923,693,장기,김포도시철도,4921,구래,691,김포도시철도,4929,김포공항,699,08:38:08,08:37:40,N,,N,2025-05-01T05:00:00,,20250619
2059,,상행,주말,김포도시철도,,4924,694,운양,김포도시철도,4921,구래,691,김포도시철도,4929,김포공항,699,08:40:39,08:40:11,N,,N,2025-05-01T05:00:00,,20250619
2059,,상행,주말,김포도시철도,,4925,695,걸포북변,김포도시철도,4921,구래,691,김포도시철도,4929,김포공항,699,08:44:45,08:44:17,N,,N,2025-05-01T05:00:00,,20250619
2059,,상행,주말,김포도시철도,,4926,696,사우,김포도시철도,4921,구래,691,김포도시철도,4929,김포공항,699,08:47:38,08:47:10,N,,N,2025-05-01T05:00:00,,20250619
2059,,상행,주말,김포도시철도,,4927,697,풍무,김포도시철도,4921,구래,691,김포도시철도,4929,김포공항,699,08:50:06,08:49:38,N,,N,2025-05-01T05:00:00,,20250619
2059,,상행,주말,김포도시철도,,4928,698,고촌,김포도시철도,4921,구래,691,김포도시철도,4929,김포공항,699,08:54:25,08:53:57,N,,N,2025-05-01T05:00:00,,20250619
2059,,상행,주말,김포도시철도,,4929,699,김포공항,김포도시철도,4921,구래,691,김포도시철도,4929,김포공항,699,,09:00:33,N,,N,2025-05-01T05:00:00,,20250619
2061,,상행,주말,김포도시철도,,4921,691,구래,김포도시철도,4921,구래,691,김포도시철도,4929,김포공항,699,08:37:00,,N,,N,2025-05-01T05:00:00,,20250619
2061,,상행,주말,김포도시철도,,4922,692,마산,김포도시철도,4921,구래,691,김포도시철도,4929,김포공항,699,08:40:12,08:39:44,N,,N,2025-05-01T05:00:00,,20250619
2061,,상행,주말,김포도시철도,,4923,693,장기,김포도시철도,4921,구래,691,김포도시철도,4929,김포공항,699,08:44:08,08:43:40,N,,N,2025-05-01T05:00:00,,20250619
2061,,상행,주말,김포도시철도,,4924,694,운양,김포도시철도,4921,구래,691,김포도시철도,4929,김포공항,699,08:46:39,08:46:11,N,,N,2025-05-01T05:00:00,,20250619
2061,,상행,주말,김포도시철도,,4925,695,걸포북변,김포도시철도,4921,구래,691,김포도시철도,4929,김포공항,699,08:50:45,08:50:17,N,,N,2025-05-01T05:00:00,,20250619
2061,,상행,주말,김포도시철도,,4926,696,사우,김포도시철도,4921,구래,691,김포도시철도,4929,김포공항,699,08:53:38,08:53:10,N,,N,2025-05-01T05:00:00,,20250619
2061,,상행,주말,김포도시철도,,4927,697,풍무,김포도시철도,4921,구래,691,김포도시철도,4929,김포공항,699,08:56:06,08:55:38,N,,N,2025-05-01T05:00:00,,20250619
2061,,상행,주말,김포도시철도,,4928,698,고촌,김포도시철도,4921,구래,691,김포도시철도,4929,김포공항,699,09:00:25,08:59:57,N,,N,2025-05-01T05:00:00,,20250619
2061,,상행,주말,김포도시철도,,4929,699,김포공항,김포도시철도,4921,구래,691,김포도시철도,4929,김포공항,699,,09:06:33,N,,N,2025-05-01T05:00:00,,20250619
2065,,상행,주말,김포도시철도,,4921,691,구래,김포도시철도,4921,구래,691,김포도시철도,4929,김포공항,699,08:49:00,,N,,N,2025-05-01T05:00:00,,20250619
2065,,상행,주말,김포도시철도,,4922,692,마산,김포도시철도,4921,구래,691,김포도시철도,4929,김포공항,699,08:52:12,08:51:44,N,,N,2025-05-01T05:00:00,,20250619
2065,,상행,주말,김포도시철도,,4923,693,장기,김포도시철도,4921,구래,691,김포도시철도,4929,김포공항,699,08:56:08,08:55:40,N,,N,2025-05-01T05:00:00,,20250619
2065,,상행,주말,김포도시철도,,4924,694,운양,김포도시철도,4921,구래,691,김포도시철도,4929,김포공항,699,08:58:39,08:58:11,N,,N,2025-05-01T05:00:00,,20250619
2065,,상행,주말,김포도시철도,,4925,695,걸포북변,김포도시철도,4921,구래,691,김포도시철도,4929,김포공항,699,09:02:45,09:02:17,N,,N,2025-05-01T05:00:00,,20250619
2065,,상행,주말,김포도시철도,,4926,696,사우,김포도시철도,4921,구래,691,김포도시철도,4929,김포공항,699,09:05:38,09:05:10,N,,N,2025-05-01T05:00:00,,20250619
2065,,상행,주말,김포도시철도,,4927,697,풍무,김포도시철도,4921,구래,691,김포도시철도,4929,김포공항,699,09:08:06,09:07:38,N,,N,2025-05-01T05:00:00,,20250619
2065,,상행,주말,김포도시철도,,4928,698,고촌,김포도시철도,4921,구래,691,김포도시철도,4929,김포공항,699,09:12:25,09:11:57,N,,N,2025-05-01T05:00:00,,20250619
2065,,상행,주말,김포도시철도,,4929,699,김포공항,김포도시철도,4921,구래,691,김포도시철도,4929,김포공항,699,,09:18:33,N,,N,2025-05-01T05:00:00,,20250619
2067,,상행,주말,김포도시철도,,4921,691,구래,김포도시철도,4921,구래,691,김포도시철도,4929,김포공항,699,08:55:00,,N,,N,2025-05-01T05:00:00,,20250619
2067,,상행,주말,김포도시철도,,4922,692,마산,김포도시철도,4921,구래,691,김포도시철도,4929,김포공항,699,08:58:12,08:57:44,N,,N,2025-05-01T05:00:00,,20250619
2067,,상행,주말,김포도시철도,,4923,693,장기,김포도시철도,4921,구래,691,김포도시철도,4929,김포공항,699,09:02:08,09:01:40,N,,N,2025-05-01T05:00:00,,20250619
2067,,상행,주말,김포도시철도,,4924,694,운양,김포도시철도,4921,구래,691,김포도시철도,4929,김포공항,699,09:04:39,09:04:11,N,,N,2025-05-01T05:00:00,,20250619
2067,,상행,주말,김포도시철도,,4925,695,걸포북변,김포도시철도,4921,구래,691,김포도시철도,4929,김포공항,699,09:08:45,09:08:17,N,,N,2025-05-01T05:00:00,,20250619
2067,,상행,주말,김포도시철도,,4926,696,사우,김포도시철도,4921,구래,691,김포도시철도,4929,김포공항,699,09:11:38,09:11:10,N,,N,2025-05-01T05:00:00,,20250619
2067,,상행,주말,김포도시철도,,4927,697,풍무,김포도시철도,4921,구래,691,김포도시철도,4929,김포공항,699,09:14:06,09:13:38,N,,N,2025-05-01T05:00:00,,20250619
2067,,상행,주말,김포도시철도,,4928,698,고촌,김포도시철도,4921,구래,691,김포도시철도,4929,김포공항,699,09:18:25,09:17:57,N,,N,2025-05-01T05:00:00,,20250619
2067,,상행,주말,김포도시철도,,4929,699,김포공항,김포도시철도,4921,구래,691,김포도시철도,4929,김포공항,699,,09:24:33,N,,N,2025-05-01T05:00:00,,20250619
2071,,상행,주말,김포도시철도,,4921,691,구래,김포도시철도,4921,구래,691,김포도시철도,4929,김포공항,699,09:07:00,,N,,N,2025-05-01T05:00:00,,20250619
2071,,상행,주말,김포도시철도,,4922,692,마산,김포도시철도,4921,구래,691,김포도시철도,4929,김포공항,699,09:10:12,09:09:44,N,,N,2025-05-01T05:00:00,,20250619
2071,,상행,주말,김포도시철도,,4923,693,장기,김포도시철도,4921,구래,691,김포도시철도,4929,김포공항,699,09:14:08,09:13:40,N,,N,2025-05-01T05:00:00,,20250619
2071,,상행,주말,김포도시철도,,4924,694,운양,김포도시철도,4921,구래,691,김포도시철도,4929,김포공항,699,09:16:39,09:16:11,N,,N,2025-05-01T05:00:00,,20250619
2071,,상행,주말,김포도시철도,,4925,695,걸포북변,김포도시철도,4921,구래,691,김포도시철도,4929,김포공항,699,09:20:45,09:20:17,N,,N,2025-05-01T05:00:00,,20250619
2071,,상행,주말,김포도시철도,,4926,696,사우,김포도시철도,4921,구래,691,김포도시철도,4929,김포공항,699,09:23:38,09:23:10,N,,N,2025-05-01T05:00:00,,20250619
2071,,상행,주말,김포도시철도,,4927,697,풍무,김포도시철도,4921,구래,691,김포도시철도,4929,김포공항,699,09:26:06,09:25:38,N,,N,2025-05-01T05:00:00,,20250619
2071,,상행,주말,김포도시철도,,4928,698,고촌,김포도시철도,4921,구래,691,김포도시철도,4929,김포공항,699,09:30:25,09:29:57,N,,N,2025-05-01T05:00:00,,20250619
2071,,상행,주말,김포도시철도,,4929,699,김포공항,김포도시철도,4921,구래,691,김포도시철도,4929,김포공항,699,,09:36:33,N,,N,2025-05-01T05:00:00,,20250619
2073,,상행,주말,김포도시철도,,4921,691,구래,김포도시철도,4921,구래,691,김포도시철도,4929,김포공항,699,09:13:00,,N,,N,2025-05-01T05:00:00,,20250619
2073,,상행,주말,김포도시철도,,4922,692,마산,김포도시철도,4921,구래,691,김포도시철도,4929,김포공항,699,09:16:12,09:15:44,N,,N,2025-05-01T05:00:00,,20250619
2073,,상행,주말,김포도시철도,,4923,693,장기,김포도시철도,4921,구래,691,김포도시철도,4929,김포공항,699,09:20:08,09:19:40,N,,N,2025-05-01T05:00:00,,20250619
2073,,상행,주말,김포도시철도,,4924,694,운양,김포도시철도,4921,구래,691,김포도시철도,4929,김포공항,699,09:22:39,09:22:11,N,,N,2025-05-01T05:00:00,,20250619
2073,,상행,주말,김포도시철도,,4925,695,걸포북변,김포도시철도,4921,구래,691,김포도시철도,4929,김포공항,699,09:26:45,09:26:17,N,,N,2025-05-01T05:00:00,,20250619
2073,,상행,주말,김포도시철도,,4926,696,사우,김포도시철도,4921,구래,691,김포도시철도,4929,김포공항,699,09:29:38,09:29:10,N,,N,2025-05-01T05:00:00,,20250619
2073,,상행,주말,김포도시철도,,4927,697,풍무,김포도시철도,4921,구래,691,김포도시철도,4929,김포공항,699,09:32:06,09:31:38,N,,N,2025-05-01T05:00:00,,20250619
2073,,상행,주말,김포도시철도,,4928,698,고촌,김포도시철도,4921,구래,691,김포도시철도,4929,김포공항,699,09:36:25,09:35:57,N,,N,2025-05-01T05:00:00,,20250619
2073,,상행,주말,김포도시철도,,4929,699,김포공항,김포도시철도,4921,구래,691,김포도시철도,4929,김포공항,699,,09:42:33,N,,N,2025-05-01T05:00:00,,20250619
2077,,상행,주말,김포도시철도,,4921,691,구래,김포도시철도,4921,구래,691,김포도시철도,4929,김포공항,699,09:25:00,,N,,N,2025-05-01T05:00:00,,20250619
2077,,상행,주말,김포도시철도,,4922,692,마산,김포도시철도,4921,구래,691,김포도시철도,4929,김포공항,699,09:28:12,09:27:44,N,,N,2025-05-01T05:00:00,,20250619
2077,,상행,주말,김포도시철도,,4923,693,장기,김포도시철도,4921,구래,691,김포도시철도,4929,김포공항,699,09:32:08,09:31:40,N,,N,2025-05-01T05:00:00,,20250619
2077,,상행,주말,김포도시철도,,4924,694,운양,김포도시철도,4921,구래,691,김포도시철도,4929,김포공항,699,09:34:39,09:34:11,N,,N,2025-05-01T05:00:00,,20250619
2077,,상행,주말,김포도시철도,,4925,695,걸포북변,김포도시철도,4921,구래,691,김포도시철도,4929,김포공항,699,09:38:45,09:38:17,N,,N,2025-05-01T05:00:00,,20250619
2077,,상행,주말,김포도시철도,,4926,696,사우,김포도시철도,4921,구래,691,김포도시철도,4929,김포공항,699,09:41:38,09:41:10,N,,N,2025-05-01T05:00:00,,20250619
2077,,상행,주말,김포도시철도,,4927,697,풍무,김포도시철도,4921,구래,691,김포도시철도,4929,김포공항,699,09:44:06,09:43:38,N,,N,2025-05-01T05:00:00,,20250619
2077,,상행,주말,김포도시철도,,4928,698,고촌,김포도시철도,4921,구래,691,김포도시철도,4929,김포공항,699,09:48:25,09:47:57,N,,N,2025-05-01T05:00:00,,20250619
2077,,상행,주말,김포도시철도,,4929,699,김포공항,김포도시철도,4921,구래,691,김포도시철도,4929,김포공항,699,,09:54:33,N,,N,2025-05-01T05:00:00,,20250619
2079,,상행,주말,김포도시철도,,4921,691,구래,김포도시철도,4921,구래,691,김포도시철도,4929,김포공항,699,09:31:00,,N,,N,2025-05-01T05:00:00,,20250619
2079,,상행,주말,김포도시철도,,4922,692,마산,김포도시철도,4921,구래,691,김포도시철도,4929,김포공항,699,09:34:12,09:33:44,N,,N,2025-05-01T05:00:00,,20250619
2079,,상행,주말,김포도시철도,,4923,693,장기,김포도시철도,4921,구래,691,김포도시철도,4929,김포공항,699,09:38:08,09:37:40,N,,N,2025-05-01T05:00:00,,20250619
2079,,상행,주말,김포도시철도,,4924,694,운양,김포도시철도,4921,구래,691,김포도시철도,4929,김포공항,699,09:40:39,09:40:11,N,,N,2025-05-01T05:00:00,,20250619
2079,,상행,주말,김포도시철도,,4925,695,걸포북변,김포도시철도,4921,구래,691,김포도시철도,4929,김포공항,699,09:44:45,09:44:17,N,,N,2025-05-01T05:00:00,,20250619
2079,,상행,주말,김포도시철도,,4926,696,사우,김포도시철도,4921,구래,691,김포도시철도,4929,김포공항,699,09:47:38,09:47:10,N,,N,2025-05-01T05:00:00,,20250619
2079,,상행,주말,김포도시철도,,4927,697,풍무,김포도시철도,4921,구래,691,김포도시철도,4929,김포공항,699,09:50:06,09:49:38,N,,N,2025-05-01T05:00:00,,20250619
2079,,상행,주말,김포도시철도,,4928,698,고촌,김포도시철도,4921,구래,691,김포도시철도,4929,김포공항,699,09:54:25,09:53:57,N,,N,2025-05-01T05:00:00,,20250619
2079,,상행,주말,김포도시철도,,4929,699,김포공항,김포도시철도,4921,구래,691,김포도시철도,4929,김포공항,699,,10:00:33,N,,N,2025-05-01T05:00:00,,20250619
2083,,상행,주말,김포도시철도,,4921,691,구래,김포도시철도,4921,구래,691,김포도시철도,4929,김포공항,699,09:43:00,,N,,N,2025-05-01T05:00:00,,20250619
2083,,상행,주말,김포도시철도,,4922,692,마산,김포도시철도,4921,구래,691,김포도시철도,4929,김포공항,699,09:46:12,09:45:44,N,,N,2025-05-01T05:00:00,,20250619
2083,,상행,주말,김포도시철도,,4923,693,장기,김포도시철도,4921,구래,691,김포도시철도,4929,김포공항,699,09:50:08,09:49:40,N,,N,2025-05-01T05:00:00,,20250619
2083,,상행,주말,김포도시철도,,4924,694,운양,김포도시철도,4921,구래,691,김포도시철도,4929,김포공항,699,09:52:39,09:52:11,N,,N,2025-05-01T05:00:00,,20250619
2083,,상행,주말,김포도시철도,,4925,695,걸포북변,김포도시철도,4921,구래,691,김포도시철도,4929,김포공항,699,09:56:45,09:56:17,N,,N,2025-05-01T05:00:00,,20250619
2083,,상행,주말,김포도시철도,,4926,696,사우,김포도시철도,4921,구래,691,김포도시철도,4929,김포공항,699,09:59:38,09:59:10,N,,N,2025-05-01T05:00:00,,20250619
2083,,상행,주말,김포도시철도,,4927,697,풍무,김포도시철도,4921,구래,691,김포도시철도,4929,김포공항,699,10:02:06,10:01:38,N,,N,2025-05-01T05:00:00,,20250619
2083,,상행,주말,김포도시철도,,4928,698,고촌,김포도시철도,4921,구래,691,김포도시철도,4929,김포공항,699,10:06:25,10:05:57,N,,N,2025-05-01T05:00:00,,20250619
2083,,상행,주말,김포도시철도,,4929,699,김포공항,김포도시철도,4921,구래,691,김포도시철도,4929,김포공항,699,,10:12:33,N,,N,2025-05-01T05:00:00,,20250619
2085,,상행,주말,김포도시철도,,4921,691,구래,김포도시철도,4921,구래,691,김포도시철도,4929,김포공항,699,09:49:00,,N,,N,2025-05-01T05:00:00,,20250619
2085,,상행,주말,김포도시철도,,4922,692,마산,김포도시철도,4921,구래,691,김포도시철도,4929,김포공항,699,09:52:12,09:51:44,N,,N,2025-05-01T05:00:00,,20250619
2085,,상행,주말,김포도시철도,,4923,693,장기,김포도시철도,4921,구래,691,김포도시철도,4929,김포공항,699,09:56:08,09:55:40,N,,N,2025-05-01T05:00:00,,20250619
2085,,상행,주말,김포도시철도,,4924,694,운양,김포도시철도,4921,구래,691,김포도시철도,4929,김포공항,699,09:58:39,09:58:11,N,,N,2025-05-01T05:00:00,,20250619
2085,,상행,주말,김포도시철도,,4925,695,걸포북변,김포도시철도,4921,구래,691,김포도시철도,4929,김포공항,699,10:02:45,10:02:17,N,,N,2025-05-01T05:00:00,,20250619
2085,,상행,주말,김포도시철도,,4926,696,사우,김포도시철도,4921,구래,691,김포도시철도,4929,김포공항,699,10:05:38,10:05:10,N,,N,2025-05-01T05:00:00,,20250619
2085,,상행,주말,김포도시철도,,4927,697,풍무,김포도시철도,4921,구래,691,김포도시철도,4929,김포공항,699,10:08:06,10:07:38,N,,N,2025-05-01T05:00:00,,20250619
2085,,상행,주말,김포도시철도,,4928,698,고촌,김포도시철도,4921,구래,691,김포도시철도,4929,김포공항,699,10:12:25,10:11:57,N,,N,2025-05-01T05:00:00,,20250619
2085,,상행,주말,김포도시철도,,4929,699,김포공항,김포도시철도,4921,구래,691,김포도시철도,4929,김포공항,699,,10:18:33,N,,N,2025-05-01T05:00:00,,20250619
2089,,상행,주말,김포도시철도,,4921,691,구래,김포도시철도,4921,구래,691,김포도시철도,4929,김포공항,699,10:01:00,,N,,N,2025-05-01T05:00:00,,20250619
2089,,상행,주말,김포도시철도,,4922,692,마산,김포도시철도,4921,구래,691,김포도시철도,4929,김포공항,699,10:04:12,10:03:44,N,,N,2025-05-01T05:00:00,,20250619
2089,,상행,주말,김포도시철도,,4923,693,장기,김포도시철도,4921,구래,691,김포도시철도,4929,김포공항,699,10:08:08,10:07:40,N,,N,2025-05-01T05:00:00,,20250619
2089,,상행,주말,김포도시철도,,4924,694,운양,김포도시철도,4921,구래,691,김포도시철도,4929,김포공항,699,10:10:39,10:10:11,N,,N,2025-05-01T05:00:00,,20250619
2089,,상행,주말,김포도시철도,,4925,695,걸포북변,김포도시철도,4921,구래,691,김포도시철도,4929,김포공항,699,10:14:45,10:14:17,N,,N,2025-05-01T05:00:00,,20250619
2089,,상행,주말,김포도시철도,,4926,696,사우,김포도시철도,4921,구래,691,김포도시철도,4929,김포공항,699,10:17:38,10:17:10,N,,N,2025-05-01T05:00:00,,20250619
2089,,상행,주말,김포도시철도,,4927,697,풍무,김포도시철도,4921,구래,691,김포도시철도,4929,김포공항,699,10:20:06,10:19:38,N,,N,2025-05-01T05:00:00,,20250619
2089,,상행,주말,김포도시철도,,4928,698,고촌,김포도시철도,4921,구래,691,김포도시철도,4929,김포공항,699,10:24:25,10:23:57,N,,N,2025-05-01T05:00:00,,20250619
2089,,상행,주말,김포도시철도,,4929,699,김포공항,김포도시철도,4921,구래,691,김포도시철도,4929,김포공항,699,,10:30:33,N,,N,2025-05-01T05:00:00,,20250619
2091,,상행,주말,김포도시철도,,4921,691,구래,김포도시철도,4921,구래,691,김포도시철도,4929,김포공항,699,10:07:00,,N,,N,2025-05-01T05:00:00,,20250619
2091,,상행,주말,김포도시철도,,4922,692,마산,김포도시철도,4921,구래,691,김포도시철도,4929,김포공항,699,10:10:12,10:09:44,N,,N,2025-05-01T05:00:00,,20250619
2091,,상행,주말,김포도시철도,,4923,693,장기,김포도시철도,4921,구래,691,김포도시철도,4929,김포공항,699,10:14:08,10:13:40,N,,N,2025-05-01T05:00:00,,20250619
2091,,상행,주말,김포도시철도,,4924,694,운양,김포도시철도,4921,구래,691,김포도시철도,4929,김포공항,699,10:16:39,10:16:11,N,,N,2025-05-01T05:00:00,,20250619
2091,,상행,주말,김포도시철도,,4925,695,걸포북변,김포도시철도,4921,구래,691,김포도시철도,4929,김포공항,699,10:20:45,10:20:17,N,,N,2025-05-01T05:00:00,,20250619
2091,,상행,주말,김포도시철도,,4926,696,사우,김포도시철도,4921,구래,691,김포도시철도,4929,김포공항,699,10:23:38,10:23:10,N,,N,2025-05-01T05:00:00,,20250619
2091,,상행,주말,김포도시철도,,4927,697,풍무,김포도시철도,4921,구래,691,김포도시철도,4929,김포공항,699,10:26:06,10:25:38,N,,N,2025-05-01T05:00:00,,20250619
2091,,상행,주말,김포도시철도,,4928,698,고촌,김포도시철도,4921,구래,691,김포도시철도,4929,김포공항,699,10:30:25,10:29:57,N,,N,2025-05-01T05:00:00,,20250619
2091,,상행,주말,김포도시철도,,4929,699,김포공항,김포도시철도,4921,구래,691,김포도시철도,4929,김포공항,699,,10:36:33,N,,N,2025-05-01T05:00:00,,20250619
2095,,상행,주말,김포도시철도,,4921,691,구래,김포도시철도,4921,구래,691,김포도시철도,4929,김포공항,699,10:19:00,,N,,N,2025-05-01T05:00:00,,20250619
2095,,상행,주말,김포도시철도,,4922,692,마산,김포도시철도,4921,구래,691,김포도시철도,4929,김포공항,699,10:22:12,10:21:44,N,,N,2025-05-01T05:00:00,,20250619
2095,,상행,주말,김포도시철도,,4923,693,장기,김포도시철도,4921,구래,691,김포도시철도,4929,김포공항,699,10:26:08,10:25:40,N,,N,2025-05-01T05:00:00,,20250619
2095,,상행,주말,김포도시철도,,4924,694,운양,김포도시철도,4921,구래,691,김포도시철도,4929,김포공항,699,10:28:39,10:28:11,N,,N,2025-05-01T05:00:00,,20250619
2095,,상행,주말,김포도시철도,,4925,695,걸포북변,김포도시철도,4921,구래,691,김포도시철도,4929,김포공항,699,10:32:45,10:32:17,N,,N,2025-05-01T05:00:00,,20250619
2095,,상행,주말,김포도시철도,,4926,696,사우,김포도시철도,4921,구래,691,김포도시철도,4929,김포공항,699,10:35:38,10:35:10,N,,N,2025-05-01T05:00:00,,20250619
2095,,상행,주말,김포도시철도,,4927,697,풍무,김포도시철도,4921,구래,691,김포도시철도,4929,김포공항,699,10:38:06,10:37:38,N,,N,2025-05-01T05:00:00,,20250619
2095,,상행,주말,김포도시철도,,4928,698,고촌,김포도시철도,4921,구래,691,김포도시철도,4929,김포공항,699,10:42:25,10:41:57,N,,N,2025-05-01T05:00:00,,20250619
2095,,상행,주말,김포도시철도,,4929,699,김포공항,김포도시철도,4921,구래,691,김포도시철도,4929,김포공항,699,,10:48:33,N,,N,2025-05-01T05:00:00,,20250619
2097,,상행,주말,김포도시철도,,4921,691,구래,김포도시철도,4921,구래,691,김포도시철도,4929,김포공항,699,10:25:00,,N,,N,2025-05-01T05:00:00,,20250619
2097,,상행,주말,김포도시철도,,4922,692,마산,김포도시철도,4921,구래,691,김포도시철도,4929,김포공항,699,10:28:12,10:27:44,N,,N,2025-05-01T05:00:00,,20250619
2097,,상행,주말,김포도시철도,,4923,693,장기,김포도시철도,4921,구래,691,김포도시철도,4929,김포공항,699,10:32:08,10:31:40,N,,N,2025-05-01T05:00:00,,20250619
2097,,상행,주말,김포도시철도,,4924,694,운양,김포도시철도,4921,구래,691,김포도시철도,4929,김포공항,699,10:34:39,10:34:11,N,,N,2025-05-01T05:00:00,,20250619
2097,,상행,주말,김포도시철도,,4925,695,걸포북변,김포도시철도,4921,구래,691,김포도시철도,4929,김포공항,699,10:38:45,10:38:17,N,,N,2025-05-01T05:00:00,,20250619
2097,,상행,주말,김포도시철도,,4926,696,사우,김포도시철도,4921,구래,691,김포도시철도,4929,김포공항,699,10:41:38,10:41:10,N,,N,2025-05-01T05:00:00,,20250619
2097,,상행,주말,김포도시철도,,4927,697,풍무,김포도시철도,4921,구래,691,김포도시철도,4929,김포공항,699,10:44:06,10:43:38,N,,N,2025-05-01T05:00:00,,20250619
2097,,상행,주말,김포도시철도,,4928,698,고촌,김포도시철도,4921,구래,691,김포도시철도,4929,김포공항,699,10:48:25,10:47:57,N,,N,2025-05-01T05:00:00,,20250619
2097,,상행,주말,김포도시철도,,4929,699,김포공항,김포도시철도,4921,구래,691,김포도시철도,4929,김포공항,699,,10:54:33,N,,N,2025-05-01T05:00:00,,20250619
2101,,상행,주말,김포도시철도,,4921,691,구래,김포도시철도,4921,구래,691,김포도시철도,4929,김포공항,699,10:37:00,,N,,N,2025-05-01T05:00:00,,20250619
2101,,상행,주말,김포도시철도,,4922,692,마산,김포도시철도,4921,구래,691,김포도시철도,4929,김포공항,699,10:40:12,10:39:44,N,,N,2025-05-01T05:00:00,,20250619
2101,,상행,주말,김포도시철도,,4923,693,장기,김포도시철도,4921,구래,691,김포도시철도,4929,김포공항,699,10:44:08,10:43:40,N,,N,2025-05-01T05:00:00,,20250619
2101,,상행,주말,김포도시철도,,4924,694,운양,김포도시철도,4921,구래,691,김포도시철도,4929,김포공항,699,10:46:39,10:46:11,N,,N,2025-05-01T05:00:00,,20250619
2101,,상행,주말,김포도시철도,,4925,695,걸포북변,김포도시철도,4921,구래,691,김포도시철도,4929,김포공항,699,10:50:45,10:50:17,N,,N,2025-05-01T05:00:00,,20250619
2101,,상행,주말,김포도시철도,,4926,696,사우,김포도시철도,4921,구래,691,김포도시철도,4929,김포공항,699,10:53:38,10:53:10,N,,N,2025-05-01T05:00:00,,20250619
2101,,상행,주말,김포도시철도,,4927,697,풍무,김포도시철도,4921,구래,691,김포도시철도,4929,김포공항,699,10:56:06,10:55:38,N,,N,2025-05-01T05:00:00,,20250619
2101,,상행,주말,김포도시철도,,4928,698,고촌,김포도시철도,4921,구래,691,김포도시철도,4929,김포공항,699,11:00:25,10:59:57,N,,N,2025-05-01T05:00:00,,20250619
2101,,상행,주말,김포도시철도,,4929,699,김포공항,김포도시철도,4921,구래,691,김포도시철도,4929,김포공항,699,,11:06:33,N,,N,2025-05-01T05:00:00,,20250619
2103,,상행,주말,김포도시철도,,4921,691,구래,김포도시철도,4921,구래,691,김포도시철도,4929,김포공항,699,10:43:00,,N,,N,2025-05-01T05:00:00,,20250619
2103,,상행,주말,김포도시철도,,4922,692,마산,김포도시철도,4921,구래,691,김포도시철도,4929,김포공항,699,10:46:12,10:45:44,N,,N,2025-05-01T05:00:00,,20250619
2103,,상행,주말,김포도시철도,,4923,693,장기,김포도시철도,4921,구래,691,김포도시철도,4929,김포공항,699,10:50:08,10:49:40,N,,N,2025-05-01T05:00:00,,20250619
2103,,상행,주말,김포도시철도,,4924,694,운양,김포도시철도,4921,구래,691,김포도시철도,4929,김포공항,699,10:52:39,10:52:11,N,,N,2025-05-01T05:00:00,,20250619
2103,,상행,주말,김포도시철도,,4925,695,걸포북변,김포도시철도,4921,구래,691,김포도시철도,4929,김포공항,699,10:56:45,10:56:17,N,,N,2025-05-01T05:00:00,,20250619
2103,,상행,주말,김포도시철도,,4926,696,사우,김포도시철도,4921,구래,691,김포도시철도,4929,김포공항,699,10:59:38,10:59:10,N,,N,2025-05-01T05:00:00,,20250619
2103,,상행,주말,김포도시철도,,4927,697,풍무,김포도시철도,4921,구래,691,김포도시철도,4929,김포공항,699,11:02:06,11:01:38,N,,N,2025-05-01T05:00:00,,20250619
2103,,상행,주말,김포도시철도,,4928,698,고촌,김포도시철도,4921,구래,691,김포도시철도,4929,김포공항,699,11:06:25,11:05:57,N,,N,2025-05-01T05:00:00,,20250619
2103,,상행,주말,김포도시철도,,4929,699,김포공항,김포도시철도,4921,구래,691,김포도시철도,4929,김포공항,699,,11:12:33,N,,N,2025-05-01T05:00:00,,20250619
2107,,상행,주말,김포도시철도,,4921,691,구래,김포도시철도,4921,구래,691,김포도시철도,4929,김포공항,699,10:55:00,,N,,N,2025-05-01T05:00:00,,20250619
2107,,상행,주말,김포도시철도,,4922,692,마산,김포도시철도,4921,구래,691,김포도시철도,4929,김포공항,699,10:58:12,10:57:44,N,,N,2025-05-01T05:00:00,,20250619
2107,,상행,주말,김포도시철도,,4923,693,장기,김포도시철도,4921,구래,691,김포도시철도,4929,김포공항,699,11:02:08,11:01:40,N,,N,2025-05-01T05:00:00,,20250619
2107,,상행,주말,김포도시철도,,4924,694,운양,김포도시철도,4921,구래,691,김포도시철도,4929,김포공항,699,11:04:39,11:04:11,N,,N,2025-05-01T05:00:00,,20250619
2107,,상행,주말,김포도시철도,,4925,695,걸포북변,김포도시철도,4921,구래,691,김포도시철도,4929,김포공항,699,11:08:45,11:08:17,N,,N,2025-05-01T05:00:00,,20250619
2107,,상행,주말,김포도시철도,,4926,696,사우,김포도시철도,4921,구래,691,김포도시철도,4929,김포공항,699,11:11:38,11:11:10,N,,N,2025-05-01T05:00:00,,20250619
2107,,상행,주말,김포도시철도,,4927,697,풍무,김포도시철도,4921,구래,691,김포도시철도,4929,김포공항,699,11:14:06,11:13:38,N,,N,2025-05-01T05:00:00,,20250619
2107,,상행,주말,김포도시철도,,4928,698,고촌,김포도시철도,4921,구래,691,김포도시철도,4929,김포공항,699,11:18:25,11:17:57,N,,N,2025-05-01T05:00:00,,20250619
2107,,상행,주말,김포도시철도,,4929,699,김포공항,김포도시철도,4921,구래,691,김포도시철도,4929,김포공항,699,,11:24:33,N,,N,2025-05-01T05:00:00,,20250619
2109,,상행,주말,김포도시철도,,4921,691,구래,김포도시철도,4921,구래,691,김포도시철도,4929,김포공항,699,11:01:00,,N,,N,2025-05-01T05:00:00,,20250619
2109,,상행,주말,김포도시철도,,4922,692,마산,김포도시철도,4921,구래,691,김포도시철도,4929,김포공항,699,11:04:12,11:03:44,N,,N,2025-05-01T05:00:00,,20250619
2109,,상행,주말,김포도시철도,,4923,693,장기,김포도시철도,4921,구래,691,김포도시철도,4929,김포공항,699,11:08:08,11:07:40,N,,N,2025-05-01T05:00:00,,20250619
2109,,상행,주말,김포도시철도,,4924,694,운양,김포도시철도,4921,구래,691,김포도시철도,4929,김포공항,699,11:10:39,11:10:11,N,,N,2025-05-01T05:00:00,,20250619
2109,,상행,주말,김포도시철도,,4925,695,걸포북변,김포도시철도,4921,구래,691,김포도시철도,4929,김포공항,699,11:14:45,11:14:17,N,,N,2025-05-01T05:00:00,,20250619
2109,,상행,주말,김포도시철도,,4926,696,사우,김포도시철도,4921,구래,691,김포도시철도,4929,김포공항,699,11:17:38,11:17:10,N,,N,2025-05-01T05:00:00,,20250619
2109,,상행,주말,김포도시철도,,4927,697,풍무,김포도시철도,4921,구래,691,김포도시철도,4929,김포공항,699,11:20:06,11:19:38,N,,N,2025-05-01T05:00:00,,20250619
2109,,상행,주말,김포도시철도,,4928,698,고촌,김포도시철도,4921,구래,691,김포도시철도,4929,김포공항,699,11:24:25,11:23:57,N,,N,2025-05-01T05:00:00,,20250619
2109,,상행,주말,김포도시철도,,4929,699,김포공항,김포도시철도,4921,구래,691,김포도시철도,4929,김포공항,699,,11:30:33,N,,N,2025-05-01T05:00:00,,20250619
2113,,상행,주말,김포도시철도,,4921,691,구래,김포도시철도,4921,구래,691,김포도시철도,4929,김포공항,699,11:13:00,,N,,N,2025-05-01T05:00:00,,20250619
2113,,상행,주말,김포도시철도,,4922,692,마산,김포도시철도,4921,구래,691,김포도시철도,4929,김포공항,699,11:16:12,11:15:44,N,,N,2025-05-01T05:00:00,,20250619
2113,,상행,주말,김포도시철도,,4923,693,장기,김포도시철도,4921,구래,691,김포도시철도,4929,김포공항,699,11:20:08,11:19:40,N,,N,2025-05-01T05:00:00,,20250619
2113,,상행,주말,김포도시철도,,4924,694,운양,김포도시철도,4921,구래,691,김포도시철도,4929,김포공항,699,11:22:39,11:22:11,N,,N,2025-05-01T05:00:00,,20250619
2113,,상행,주말,김포도시철도,,4925,695,걸포북변,김포도시철도,4921,구래,691,김포도시철도,4929,김포공항,699,11:26:45,11:26:17,N,,N,2025-05-01T05:00:00,,20250619
2113,,상행,주말,김포도시철도,,4926,696,사우,김포도시철도,4921,구래,691,김포도시철도,4929,김포공항,699,11:29:38,11:29:10,N,,N,2025-05-01T05:00:00,,20250619
2113,,상행,주말,김포도시철도,,4927,697,풍무,김포도시철도,4921,구래,691,김포도시철도,4929,김포공항,699,11:32:06,11:31:38,N,,N,2025-05-01T05:00:00,,20250619
2113,,상행,주말,김포도시철도,,4928,698,고촌,김포도시철도,4921,구래,691,김포도시철도,4929,김포공항,699,11:36:25,11:35:57,N,,N,2025-05-01T05:00:00,,20250619
2113,,상행,주말,김포도시철도,,4929,699,김포공항,김포도시철도,4921,구래,691,김포도시철도,4929,김포공항,699,,11:42:33,N,,N,2025-05-01T05:00:00,,20250619
2115,,상행,주말,김포도시철도,,4921,691,구래,김포도시철도,4921,구래,691,김포도시철도,4929,김포공항,699,11:19:00,,N,,N,2025-05-01T05:00:00,,20250619
2115,,상행,주말,김포도시철도,,4922,692,마산,김포도시철도,4921,구래,691,김포도시철도,4929,김포공항,699,11:22:12,11:21:44,N,,N,2025-05-01T05:00:00,,20250619
2115,,상행,주말,김포도시철도,,4923,693,장기,김포도시철도,4921,구래,691,김포도시철도,4929,김포공항,699,11:26:08,11:25:40,N,,N,2025-05-01T05:00:00,,20250619
2115,,상행,주말,김포도시철도,,4924,694,운양,김포도시철도,4921,구래,691,김포도시철도,4929,김포공항,699,11:28:39,11:28:11,N,,N,2025-05-01T05:00:00,,20250619
2115,,상행,주말,김포도시철도,,4925,695,걸포북변,김포도시철도,4921,구래,691,김포도시철도,4929,김포공항,699,11:32:45,11:32:17,N,,N,2025-05-01T05:00:00,,20250619
2115,,상행,주말,김포도시철도,,4926,696,사우,김포도시철도,4921,구래,691,김포도시철도,4929,김포공항,699,11:35:38,11:35:10,N,,N,2025-05-01T05:00:00,,20250619
2115,,상행,주말,김포도시철도,,4927,697,풍무,김포도시철도,4921,구래,691,김포도시철도,4929,김포공항,699,11:38:06,11:37:38,N,,N,2025-05-01T05:00:00,,20250619
2115,,상행,주말,김포도시철도,,4928,698,고촌,김포도시철도,4921,구래,691,김포도시철도,4929,김포공항,699,11:42:25,11:41:57,N,,N,2025-05-01T05:00:00,,20250619
2115,,상행,주말,김포도시철도,,4929,699,김포공항,김포도시철도,4921,구래,691,김포도시철도,4929,김포공항,699,,11:48:33,N,,N,2025-05-01T05:00:00,,20250619
2119,,상행,주말,김포도시철도,,4921,691,구래,김포도시철도,4921,구래,691,김포도시철도,4929,김포공항,699,11:31:00,,N,,N,2025-05-01T05:00:00,,20250619
2119,,상행,주말,김포도시철도,,4922,692,마산,김포도시철도,4921,구래,691,김포도시철도,4929,김포공항,699,11:34:12,11:33:44,N,,N,2025-05-01T05:00:00,,20250619
2119,,상행,주말,김포도시철도,,4923,693,장기,김포도시철도,4921,구래,691,김포도시철도,4929,김포공항,699,11:38:08,11:37:40,N,,N,2025-05-01T05:00:00,,20250619
2119,,상행,주말,김포도시철도,,4924,694,운양,김포도시철도,4921,구래,691,김포도시철도,4929,김포공항,699,11:40:39,11:40:11,N,,N,2025-05-01T05:00:00,,20250619
2119,,상행,주말,김포도시철도,,4925,695,걸포북변,김포도시철도,4921,구래,691,김포도시철도,4929,김포공항,699,11:44:45,11:44:17,N,,N,2025-05-01T05:00:00,,20250619
2119,,상행,주말,김포도시철도,,4926,696,사우,김포도시철도,4921,구래,691,김포도시철도,4929,김포공항,699,11:47:38,11:47:10,N,,N,2025-05-01T05:00:00,,20250619
2119,,상행,주말,김포도시철도,,4927,697,풍무,김포도시철도,4921,구래,691,김포도시철도,4929,김포공항,699,11:50:06,11:49:38,N,,N,2025-05-01T05:00:00,,20250619
2119,,상행,주말,김포도시철도,,4928,698,고촌,김포도시철도,4921,구래,691,김포도시철도,4929,김포공항,699,11:54:25,11:53:57,N,,N,2025-05-01T05:00:00,,20250619
2119,,상행,주말,김포도시철도,,4929,699,김포공항,김포도시철도,4921,구래,691,김포도시철도,4929,김포공항,699,,12:00:33,N,,N,2025-05-01T05:00:00,,20250619
2121,,상행,주말,김포도시철도,,4921,691,구래,김포도시철도,4921,구래,691,김포도시철도,4929,김포공항,699,11:37:00,,N,,N,2025-05-01T05:00:00,,20250619
2121,,상행,주말,김포도시철도,,4922,692,마산,김포도시철도,4921,구래,691,김포도시철도,4929,김포공항,699,11:40:12,11:39:44,N,,N,2025-05-01T05:00:00,,20250619
2121,,상행,주말,김포도시철도,,4923,693,장기,김포도시철도,4921,구래,691,김포도시철도,4929,김포공항,699,11:44:08,11:43:40,N,,N,2025-05-01T05:00:00,,20250619
2121,,상행,주말,김포도시철도,,4924,694,운양,김포도시철도,4921,구래,691,김포도시철도,4929,김포공항,699,11:46:39,11:46:11,N,,N,2025-05-01T05:00:00,,20250619
2121,,상행,주말,김포도시철도,,4925,695,걸포북변,김포도시철도,4921,구래,691,김포도시철도,4929,김포공항,699,11:50:45,11:50:17,N,,N,2025-05-01T05:00:00,,20250619
2121,,상행,주말,김포도시철도,,4926,696,사우,김포도시철도,4921,구래,691,김포도시철도,4929,김포공항,699,11:53:38,11:53:10,N,,N,2025-05-01T05:00:00,,20250619
2121,,상행,주말,김포도시철도,,4927,697,풍무,김포도시철도,4921,구래,691,김포도시철도,4929,김포공항,699,11:56:06,11:55:38,N,,N,2025-05-01T05:00:00,,20250619
2121,,상행,주말,김포도시철도,,4928,698,고촌,김포도시철도,4921,구래,691,김포도시철도,4929,김포공항,699,12:00:25,11:59:57,N,,N,2025-05-01T05:00:00,,20250619
2121,,상행,주말,김포도시철도,,4929,699,김포공항,김포도시철도,4921,구래,691,김포도시철도,4929,김포공항,699,,12:06:33,N,,N,2025-05-01T05:00:00,,20250619
2125,,상행,주말,김포도시철도,,4921,691,구래,김포도시철도,4921,구래,691,김포도시철도,4929,김포공항,699,11:49:00,,N,,N,2025-05-01T05:00:00,,20250619
2125,,상행,주말,김포도시철도,,4922,692,마산,김포도시철도,4921,구래,691,김포도시철도,4929,김포공항,699,11:52:12,11:51:44,N,,N,2025-05-01T05:00:00,,20250619
2125,,상행,주말,김포도시철도,,4923,693,장기,김포도시철도,4921,구래,691,김포도시철도,4929,김포공항,699,11:56:08,11:55:40,N,,N,2025-05-01T05:00:00,,20250619
2125,,상행,주말,김포도시철도,,4924,694,운양,김포도시철도,4921,구래,691,김포도시철도,4929,김포공항,699,11:58:39,11:58:11,N,,N,2025-05-01T05:00:00,,20250619
2125,,상행,주말,김포도시철도,,4925,695,걸포북변,김포도시철도,4921,구래,691,김포도시철도,4929,김포공항,699,12:02:45,12:02:17,N,,N,2025-05-01T05:00:00,,20250619
2125,,상행,주말,김포도시철도,,4926,696,사우,김포도시철도,4921,구래,691,김포도시철도,4929,김포공항,699,12:05:38,12:05:10,N,,N,2025-05-01T05:00:00,,20250619
2125,,상행,주말,김포도시철도,,4927,697,풍무,김포도시철도,4921,구래,691,김포도시철도,4929,김포공항,699,12:08:06,12:07:38,N,,N,2025-05-01T05:00:00,,20250619
2125,,상행,주말,김포도시철도,,4928,698,고촌,김포도시철도,4921,구래,691,김포도시철도,4929,김포공항,699,12:12:25,12:11:57,N,,N,2025-05-01T05:00:00,,20250619
2125,,상행,주말,김포도시철도,,4929,699,김포공항,김포도시철도,4921,구래,691,김포도시철도,4929,김포공항,699,,12:18:33,N,,N,2025-05-01T05:00:00,,20250619
2127,,상행,주말,김포도시철도,,4921,691,구래,김포도시철도,4921,구래,691,김포도시철도,4929,김포공항,699,11:55:00,,N,,N,2025-05-01T05:00:00,,20250619
2127,,상행,주말,김포도시철도,,4922,692,마산,김포도시철도,4921,구래,691,김포도시철도,4929,김포공항,699,11:58:12,11:57:44,N,,N,2025-05-01T05:00:00,,20250619
2127,,상행,주말,김포도시철도,,4923,693,장기,김포도시철도,4921,구래,691,김포도시철도,4929,김포공항,699,12:02:08,12:01:40,N,,N,2025-05-01T05:00:00,,20250619
2127,,상행,주말,김포도시철도,,4924,694,운양,김포도시철도,4921,구래,691,김포도시철도,4929,김포공항,699,12:04:39,12:04:11,N,,N,2025-05-01T05:00:00,,20250619
2127,,상행,주말,김포도시철도,,4925,695,걸포북변,김포도시철도,4921,구래,691,김포도시철도,4929,김포공항,699,12:08:45,12:08:17,N,,N,2025-05-01T05:00:00,,20250619
2127,,상행,주말,김포도시철도,,4926,696,사우,김포도시철도,4921,구래,691,김포도시철도,4929,김포공항,699,12:11:38,12:11:10,N,,N,2025-05-01T05:00:00,,20250619
2127,,상행,주말,김포도시철도,,4927,697,풍무,김포도시철도,4921,구래,691,김포도시철도,4929,김포공항,699,12:14:06,12:13:38,N,,N,2025-05-01T05:00:00,,20250619
2127,,상행,주말,김포도시철도,,4928,698,고촌,김포도시철도,4921,구래,691,김포도시철도,4929,김포공항,699,12:18:25,12:17:57,N,,N,2025-05-01T05:00:00,,20250619
2127,,상행,주말,김포도시철도,,4929,699,김포공항,김포도시철도,4921,구래,691,김포도시철도,4929,김포공항,699,,12:24:33,N,,N,2025-05-01T05:00:00,,20250619
2131,,상행,주말,김포도시철도,,4921,691,구래,김포도시철도,4921,구래,691,김포도시철도,4929,김포공항,699,12:07:00,,N,,N,2025-05-01T05:00:00,,20250619
2131,,상행,주말,김포도시철도,,4922,692,마산,김포도시철도,4921,구래,691,김포도시철도,4929,김포공항,699,12:10:12,12:09:44,N,,N,2025-05-01T05:00:00,,20250619
2131,,상행,주말,김포도시철도,,4923,693,장기,김포도시철도,4921,구래,691,김포도시철도,4929,김포공항,699,12:14:08,12:13:40,N,,N,2025-05-01T05:00:00,,20250619
2131,,상행,주말,김포도시철도,,4924,694,운양,김포도시철도,4921,구래,691,김포도시철도,4929,김포공항,699,12:16:39,12:16:11,N,,N,2025-05-01T05:00:00,,20250619
2131,,상행,주말,김포도시철도,,4925,695,걸포북변,김포도시철도,4921,구래,691,김포도시철도,4929,김포공항,699,12:20:45,12:20:17,N,,N,2025-05-01T05:00:00,,20250619
2131,,상행,주말,김포도시철도,,4926,696,사우,김포도시철도,4921,구래,691,김포도시철도,4929,김포공항,699,12:23:38,12:23:10,N,,N,2025-05-01T05:00:00,,20250619
2131,,상행,주말,김포도시철도,,4927,697,풍무,김포도시철도,4921,구래,691,김포도시철도,4929,김포공항,699,12:26:06,12:25:38,N,,N,2025-05-01T05:00:00,,20250619
2131,,상행,주말,김포도시철도,,4928,698,고촌,김포도시철도,4921,구래,691,김포도시철도,4929,김포공항,699,12:30:25,12:29:57,N,,N,2025-05-01T05:00:00,,20250619
2131,,상행,주말,김포도시철도,,4929,699,김포공항,김포도시철도,4921,구래,691,김포도시철도,4929,김포공항,699,,12:36:33,N,,N,2025-05-01T05:00:00,,20250619
2133,,상행,주말,김포도시철도,,4921,691,구래,김포도시철도,4921,구래,691,김포도시철도,4929,김포공항,699,12:13:00,,N,,N,2025-05-01T05:00:00,,20250619
2133,,상행,주말,김포도시철도,,4922,692,마산,김포도시철도,4921,구래,691,김포도시철도,4929,김포공항,699,12:16:12,12:15:44,N,,N,2025-05-01T05:00:00,,20250619
2133,,상행,주말,김포도시철도,,4923,693,장기,김포도시철도,4921,구래,691,김포도시철도,4929,김포공항,699,12:20:08,12:19:40,N,,N,2025-05-01T05:00:00,,20250619
2133,,상행,주말,김포도시철도,,4924,694,운양,김포도시철도,4921,구래,691,김포도시철도,4929,김포공항,699,12:22:39,12:22:11,N,,N,2025-05-01T05:00:00,,20250619
2133,,상행,주말,김포도시철도,,4925,695,걸포북변,김포도시철도,4921,구래,691,김포도시철도,4929,김포공항,699,12:26:45,12:26:17,N,,N,2025-05-01T05:00:00,,20250619
2133,,상행,주말,김포도시철도,,4926,696,사우,김포도시철도,4921,구래,691,김포도시철도,4929,김포공항,699,12:29:38,12:29:10,N,,N,2025-05-01T05:00:00,,20250619
2133,,상행,주말,김포도시철도,,4927,697,풍무,김포도시철도,4921,구래,691,김포도시철도,4929,김포공항,699,12:32:06,12:31:38,N,,N,2025-05-01T05:00:00,,20250619
2133,,상행,주말,김포도시철도,,4928,698,고촌,김포도시철도,4921,구래,691,김포도시철도,4929,김포공항,699,12:36:25,12:35:57,N,,N,2025-05-01T05:00:00,,20250619
2133,,상행,주말,김포도시철도,,4929,699,김포공항,김포도시철도,4921,구래,691,김포도시철도,4929,김포공항,699,,12:42:33,N,,N,2025-05-01T05:00:00,,20250619
2137,,상행,주말,김포도시철도,,4921,691,구래,김포도시철도,4921,구래,691,김포도시철도,4929,김포공항,699,12:25:00,,N,,N,2025-05-01T05:00:00,,20250619
2137,,상행,주말,김포도시철도,,4922,692,마산,김포도시철도,4921,구래,691,김포도시철도,4929,김포공항,699,12:28:12,12:27:44,N,,N,2025-05-01T05:00:00,,20250619
2137,,상행,주말,김포도시철도,,4923,693,장기,김포도시철도,4921,구래,691,김포도시철도,4929,김포공항,699,12:32:08,12:31:40,N,,N,2025-05-01T05:00:00,,20250619
2137,,상행,주말,김포도시철도,,4924,694,운양,김포도시철도,4921,구래,691,김포도시철도,4929,김포공항,699,12:34:39,12:34:11,N,,N,2025-05-01T05:00:00,,20250619
2137,,상행,주말,김포도시철도,,4925,695,걸포북변,김포도시철도,4921,구래,691,김포도시철도,4929,김포공항,699,12:38:45,12:38:17,N,,N,2025-05-01T05:00:00,,20250619
2137,,상행,주말,김포도시철도,,4926,696,사우,김포도시철도,4921,구래,691,김포도시철도,4929,김포공항,699,12:41:38,12:41:10,N,,N,2025-05-01T05:00:00,,20250619
2137,,상행,주말,김포도시철도,,4927,697,풍무,김포도시철도,4921,구래,691,김포도시철도,4929,김포공항,699,12:44:06,12:43:38,N,,N,2025-05-01T05:00:00,,20250619
2137,,상행,주말,김포도시철도,,4928,698,고촌,김포도시철도,4921,구래,691,김포도시철도,4929,김포공항,699,12:48:25,12:47:57,N,,N,2025-05-01T05:00:00,,20250619
2137,,상행,주말,김포도시철도,,4929,699,김포공항,김포도시철도,4921,구래,691,김포도시철도,4929,김포공항,699,,12:54:33,N,,N,2025-05-01T05:00:00,,20250619
2139,,상행,주말,김포도시철도,,4921,691,구래,김포도시철도,4921,구래,691,김포도시철도,4929,김포공항,699,12:31:00,,N,,N,2025-05-01T05:00:00,,20250619
2139,,상행,주말,김포도시철도,,4922,692,마산,김포도시철도,4921,구래,691,김포도시철도,4929,김포공항,699,12:34:12,12:33:44,N,,N,2025-05-01T05:00:00,,20250619
2139,,상행,주말,김포도시철도,,4923,693,장기,김포도시철도,4921,구래,691,김포도시철도,4929,김포공항,699,12:38:08,12:37:40,N,,N,2025-05-01T05:00:00,,20250619
2139,,상행,주말,김포도시철도,,4924,694,운양,김포도시철도,4921,구래,691,김포도시철도,4929,김포공항,699,12:40:39,12:40:11,N,,N,2025-05-01T05:00:00,,20250619
2139,,상행,주말,김포도시철도,,4925,695,걸포북변,김포도시철도,4921,구래,691,김포도시철도,4929,김포공항,699,12:44:45,12:44:17,N,,N,2025-05-01T05:00:00,,20250619
2139,,상행,주말,김포도시철도,,4926,696,사우,김포도시철도,4921,구래,691,김포도시철도,4929,김포공항,699,12:47:38,12:47:10,N,,N,2025-05-01T05:00:00,,20250619
2139,,상행,주말,김포도시철도,,4927,697,풍무,김포도시철도,4921,구래,691,김포도시철도,4929,김포공항,699,12:50:06,12:49:38,N,,N,2025-05-01T05:00:00,,20250619
2139,,상행,주말,김포도시철도,,4928,698,고촌,김포도시철도,4921,구래,691,김포도시철도,4929,김포공항,699,12:54:25,12:53:57,N,,N,2025-05-01T05:00:00,,20250619
2139,,상행,주말,김포도시철도,,4929,699,김포공항,김포도시철도,4921,구래,691,김포도시철도,4929,김포공항,699,,13:00:33,N,,N,2025-05-01T05:00:00,,20250619
2143,,상행,주말,김포도시철도,,4921,691,구래,김포도시철도,4921,구래,691,김포도시철도,4929,김포공항,699,12:43:00,,N,,N,2025-05-01T05:00:00,,20250619
2143,,상행,주말,김포도시철도,,4922,692,마산,김포도시철도,4921,구래,691,김포도시철도,4929,김포공항,699,12:46:12,12:45:44,N,,N,2025-05-01T05:00:00,,20250619
2143,,상행,주말,김포도시철도,,4923,693,장기,김포도시철도,4921,구래,691,김포도시철도,4929,김포공항,699,12:50:08,12:49:40,N,,N,2025-05-01T05:00:00,,20250619
2143,,상행,주말,김포도시철도,,4924,694,운양,김포도시철도,4921,구래,691,김포도시철도,4929,김포공항,699,12:52:39,12:52:11,N,,N,2025-05-01T05:00:00,,20250619
2143,,상행,주말,김포도시철도,,4925,695,걸포북변,김포도시철도,4921,구래,691,김포도시철도,4929,김포공항,699,12:56:45,12:56:17,N,,N,2025-05-01T05:00:00,,20250619
2143,,상행,주말,김포도시철도,,4926,696,사우,김포도시철도,4921,구래,691,김포도시철도,4929,김포공항,699,12:59:38,12:59:10,N,,N,2025-05-01T05:00:00,,20250619
2143,,상행,주말,김포도시철도,,4927,697,풍무,김포도시철도,4921,구래,691,김포도시철도,4929,김포공항,699,13:02:06,13:01:38,N,,N,2025-05-01T05:00:00,,20250619
2143,,상행,주말,김포도시철도,,4928,698,고촌,김포도시철도,4921,구래,691,김포도시철도,4929,김포공항,699,13:06:25,13:05:57,N,,N,2025-05-01T05:00:00,,20250619
2143,,상행,주말,김포도시철도,,4929,699,김포공항,김포도시철도,4921,구래,691,김포도시철도,4929,김포공항,699,,13:12:33,N,,N,2025-05-01T05:00:00,,20250619
2145,,상행,주말,김포도시철도,,4921,691,구래,김포도시철도,4921,구래,691,김포도시철도,4929,김포공항,699,12:49:00,,N,,N,2025-05-01T05:00:00,,20250619
2145,,상행,주말,김포도시철도,,4922,692,마산,김포도시철도,4921,구래,691,김포도시철도,4929,김포공항,699,12:52:12,12:51:44,N,,N,2025-05-01T05:00:00,,20250619
2145,,상행,주말,김포도시철도,,4923,693,장기,김포도시철도,4921,구래,691,김포도시철도,4929,김포공항,699,12:56:08,12:55:40,N,,N,2025-05-01T05:00:00,,20250619
2145,,상행,주말,김포도시철도,,4924,694,운양,김포도시철도,4921,구래,691,김포도시철도,4929,김포공항,699,12:58:39,12:58:11,N,,N,2025-05-01T05:00:00,,20250619
2145,,상행,주말,김포도시철도,,4925,695,걸포북변,김포도시철도,4921,구래,691,김포도시철도,4929,김포공항,699,13:02:45,13:02:17,N,,N,2025-05-01T05:00:00,,20250619
2145,,상행,주말,김포도시철도,,4926,696,사우,김포도시철도,4921,구래,691,김포도시철도,4929,김포공항,699,13:05:38,13:05:10,N,,N,2025-05-01T05:00:00,,20250619
2145,,상행,주말,김포도시철도,,4927,697,풍무,김포도시철도,4921,구래,691,김포도시철도,4929,김포공항,699,13:08:06,13:07:38,N,,N,2025-05-01T05:00:00,,20250619
2145,,상행,주말,김포도시철도,,4928,698,고촌,김포도시철도,4921,구래,691,김포도시철도,4929,김포공항,699,13:12:25,13:11:57,N,,N,2025-05-01T05:00:00,,20250619
2145,,상행,주말,김포도시철도,,4929,699,김포공항,김포도시철도,4921,구래,691,김포도시철도,4929,김포공항,699,,13:18:33,N,,N,2025-05-01T05:00:00,,20250619
2149,,상행,주말,김포도시철도,,4921,691,구래,김포도시철도,4921,구래,691,김포도시철도,4929,김포공항,699,13:01:00,,N,,N,2025-05-01T05:00:00,,20250619
2149,,상행,주말,김포도시철도,,4922,692,마산,김포도시철도,4921,구래,691,김포도시철도,4929,김포공항,699,13:04:12,13:03:44,N,,N,2025-05-01T05:00:00,,20250619
2149,,상행,주말,김포도시철도,,4923,693,장기,김포도시철도,4921,구래,691,김포도시철도,4929,김포공항,699,13:08:08,13:07:40,N,,N,2025-05-01T05:00:00,,20250619
2149,,상행,주말,김포도시철도,,4924,694,운양,김포도시철도,4921,구래,691,김포도시철도,4929,김포공항,699,13:10:39,13:10:11,N,,N,2025-05-01T05:00:00,,20250619
2149,,상행,주말,김포도시철도,,4925,695,걸포북변,김포도시철도,4921,구래,691,김포도시철도,4929,김포공항,699,13:14:45,13:14:17,N,,N,2025-05-01T05:00:00,,20250619
2149,,상행,주말,김포도시철도,,4926,696,사우,김포도시철도,4921,구래,691,김포도시철도,4929,김포공항,699,13:17:38,13:17:10,N,,N,2025-05-01T05:00:00,,20250619
2149,,상행,주말,김포도시철도,,4927,697,풍무,김포도시철도,4921,구래,691,김포도시철도,4929,김포공항,699,13:20:06,13:19:38,N,,N,2025-05-01T05:00:00,,20250619
2149,,상행,주말,김포도시철도,,4928,698,고촌,김포도시철도,4921,구래,691,김포도시철도,4929,김포공항,699,13:24:25,13:23:57,N,,N,2025-05-01T05:00:00,,20250619
2149,,상행,주말,김포도시철도,,4929,699,김포공항,김포도시철도,4921,구래,691,김포도시철도,4929,김포공항,699,,13:30:33,N,,N,2025-05-01T05:00:00,,20250619
2151,,상행,주말,김포도시철도,,4921,691,구래,김포도시철도,4921,구래,691,김포도시철도,4929,김포공항,699,13:07:00,,N,,N,2025-05-01T05:00:00,,20250619
2151,,상행,주말,김포도시철도,,4922,692,마산,김포도시철도,4921,구래,691,김포도시철도,4929,김포공항,699,13:10:12,13:09:44,N,,N,2025-05-01T05:00:00,,20250619
2151,,상행,주말,김포도시철도,,4923,693,장기,김포도시철도,4921,구래,691,김포도시철도,4929,김포공항,699,13:14:08,13:13:40,N,,N,2025-05-01T05:00:00,,20250619
2151,,상행,주말,김포도시철도,,4924,694,운양,김포도시철도,4921,구래,691,김포도시철도,4929,김포공항,699,13:16:39,13:16:11,N,,N,2025-05-01T05:00:00,,20250619
2151,,상행,주말,김포도시철도,,4925,695,걸포북변,김포도시철도,4921,구래,691,김포도시철도,4929,김포공항,699,13:20:45,13:20:17,N,,N,2025-05-01T05:00:00,,20250619
2151,,상행,주말,김포도시철도,,4926,696,사우,김포도시철도,4921,구래,691,김포도시철도,4929,김포공항,699,13:23:38,13:23:10,N,,N,2025-05-01T05:00:00,,20250619
2151,,상행,주말,김포도시철도,,4927,697,풍무,김포도시철도,4921,구래,691,김포도시철도,4929,김포공항,699,13:26:06,13:25:38,N,,N,2025-05-01T05:00:00,,20250619
2151,,상행,주말,김포도시철도,,4928,698,고촌,김포도시철도,4921,구래,691,김포도시철도,4929,김포공항,699,13:30:25,13:29:57,N,,N,2025-05-01T05:00:00,,20250619
2151,,상행,주말,김포도시철도,,4929,699,김포공항,김포도시철도,4921,구래,691,김포도시철도,4929,김포공항,699,,13:36:33,N,,N,2025-05-01T05:00:00,,20250619
2155,,상행,주말,김포도시철도,,4921,691,구래,김포도시철도,4921,구래,691,김포도시철도,4929,김포공항,699,13:19:00,,N,,N,2025-05-01T05:00:00,,20250619
2155,,상행,주말,김포도시철도,,4922,692,마산,김포도시철도,4921,구래,691,김포도시철도,4929,김포공항,699,13:22:12,13:21:44,N,,N,2025-05-01T05:00:00,,20250619
2155,,상행,주말,김포도시철도,,4923,693,장기,김포도시철도,4921,구래,691,김포도시철도,4929,김포공항,699,13:26:08,13:25:40,N,,N,2025-05-01T05:00:00,,20250619
2155,,상행,주말,김포도시철도,,4924,694,운양,김포도시철도,4921,구래,691,김포도시철도,4929,김포공항,699,13:28:39,13:28:11,N,,N,2025-05-01T05:00:00,,20250619
2155,,상행,주말,김포도시철도,,4925,695,걸포북변,김포도시철도,4921,구래,691,김포도시철도,4929,김포공항,699,13:32:45,13:32:17,N,,N,2025-05-01T05:00:00,,20250619
2155,,상행,주말,김포도시철도,,4926,696,사우,김포도시철도,4921,구래,691,김포도시철도,4929,김포공항,699,13:35:38,13:35:10,N,,N,2025-05-01T05:00:00,,20250619
2155,,상행,주말,김포도시철도,,4927,697,풍무,김포도시철도,4921,구래,691,김포도시철도,4929,김포공항,699,13:38:06,13:37:38,N,,N,2025-05-01T05:00:00,,20250619
2155,,상행,주말,김포도시철도,,4928,698,고촌,김포도시철도,4921,구래,691,김포도시철도,4929,김포공항,699,13:42:25,13:41:57,N,,N,2025-05-01T05:00:00,,20250619
2155,,상행,주말,김포도시철도,,4929,699,김포공항,김포도시철도,4921,구래,691,김포도시철도,4929,김포공항,699,,13:48:33,N,,N,2025-05-01T05:00:00,,20250619
2157,,상행,주말,김포도시철도,,4921,691,구래,김포도시철도,4921,구래,691,김포도시철도,4929,김포공항,699,13:25:00,,N,,N,2025-05-01T05:00:00,,20250619
2157,,상행,주말,김포도시철도,,4922,692,마산,김포도시철도,4921,구래,691,김포도시철도,4929,김포공항,699,13:28:12,13:27:44,N,,N,2025-05-01T05:00:00,,20250619
2157,,상행,주말,김포도시철도,,4923,693,장기,김포도시철도,4921,구래,691,김포도시철도,4929,김포공항,699,13:32:08,13:31:40,N,,N,2025-05-01T05:00:00,,20250619
2157,,상행,주말,김포도시철도,,4924,694,운양,김포도시철도,4921,구래,691,김포도시철도,4929,김포공항,699,13:34:39,13:34:11,N,,N,2025-05-01T05:00:00,,20250619
2157,,상행,주말,김포도시철도,,4925,695,걸포북변,김포도시철도,4921,구래,691,김포도시철도,4929,김포공항,699,13:38:45,13:38:17,N,,N,2025-05-01T05:00:00,,20250619
2157,,상행,주말,김포도시철도,,4926,696,사우,김포도시철도,4921,구래,691,김포도시철도,4929,김포공항,699,13:41:38,13:41:10,N,,N,2025-05-01T05:00:00,,20250619
2157,,상행,주말,김포도시철도,,4927,697,풍무,김포도시철도,4921,구래,691,김포도시철도,4929,김포공항,699,13:44:06,13:43:38,N,,N,2025-05-01T05:00:00,,20250619
2157,,상행,주말,김포도시철도,,4928,698,고촌,김포도시철도,4921,구래,691,김포도시철도,4929,김포공항,699,13:48:25,13:47:57,N,,N,2025-05-01T05:00:00,,20250619
2157,,상행,주말,김포도시철도,,4929,699,김포공항,김포도시철도,4921,구래,691,김포도시철도,4929,김포공항,699,,13:54:33,N,,N,2025-05-01T05:00:00,,20250619
2161,,상행,주말,김포도시철도,,4921,691,구래,김포도시철도,4921,구래,691,김포도시철도,4929,김포공항,699,13:37:00,,N,,N,2025-05-01T05:00:00,,20250619
2161,,상행,주말,김포도시철도,,4922,692,마산,김포도시철도,4921,구래,691,김포도시철도,4929,김포공항,699,13:40:12,13:39:44,N,,N,2025-05-01T05:00:00,,20250619
2161,,상행,주말,김포도시철도,,4923,693,장기,김포도시철도,4921,구래,691,김포도시철도,4929,김포공항,699,13:44:08,13:43:40,N,,N,2025-05-01T05:00:00,,20250619
2161,,상행,주말,김포도시철도,,4924,694,운양,김포도시철도,4921,구래,691,김포도시철도,4929,김포공항,699,13:46:39,13:46:11,N,,N,2025-05-01T05:00:00,,20250619
2161,,상행,주말,김포도시철도,,4925,695,걸포북변,김포도시철도,4921,구래,691,김포도시철도,4929,김포공항,699,13:50:45,13:50:17,N,,N,2025-05-01T05:00:00,,20250619
2161,,상행,주말,김포도시철도,,4926,696,사우,김포도시철도,4921,구래,691,김포도시철도,4929,김포공항,699,13:53:38,13:53:10,N,,N,2025-05-01T05:00:00,,20250619
2161,,상행,주말,김포도시철도,,4927,697,풍무,김포도시철도,4921,구래,691,김포도시철도,4929,김포공항,699,13:56:06,13:55:38,N,,N,2025-05-01T05:00:00,,20250619
2161,,상행,주말,김포도시철도,,4928,698,고촌,김포도시철도,4921,구래,691,김포도시철도,4929,김포공항,699,14:00:25,13:59:57,N,,N,2025-05-01T05:00:00,,20250619
2161,,상행,주말,김포도시철도,,4929,699,김포공항,김포도시철도,4921,구래,691,김포도시철도,4929,김포공항,699,,14:06:33,N,,N,2025-05-01T05:00:00,,20250619
2163,,상행,주말,김포도시철도,,4921,691,구래,김포도시철도,4921,구래,691,김포도시철도,4929,김포공항,699,13:43:00,,N,,N,2025-05-01T05:00:00,,20250619
2163,,상행,주말,김포도시철도,,4922,692,마산,김포도시철도,4921,구래,691,김포도시철도,4929,김포공항,699,13:46:12,13:45:44,N,,N,2025-05-01T05:00:00,,20250619
2163,,상행,주말,김포도시철도,,4923,693,장기,김포도시철도,4921,구래,691,김포도시철도,4929,김포공항,699,13:50:08,13:49:40,N,,N,2025-05-01T05:00:00,,20250619
2163,,상행,주말,김포도시철도,,4924,694,운양,김포도시철도,4921,구래,691,김포도시철도,4929,김포공항,699,13:52:39,13:52:11,N,,N,2025-05-01T05:00:00,,20250619
2163,,상행,주말,김포도시철도,,4925,695,걸포북변,김포도시철도,4921,구래,691,김포도시철도,4929,김포공항,699,13:56:45,13:56:17,N,,N,2025-05-01T05:00:00,,20250619
2163,,상행,주말,김포도시철도,,4926,696,사우,김포도시철도,4921,구래,691,김포도시철도,4929,김포공항,699,13:59:38,13:59:10,N,,N,2025-05-01T05:00:00,,20250619
2163,,상행,주말,김포도시철도,,4927,697,풍무,김포도시철도,4921,구래,691,김포도시철도,4929,김포공항,699,14:02:06,14:01:38,N,,N,2025-05-01T05:00:00,,20250619
2163,,상행,주말,김포도시철도,,4928,698,고촌,김포도시철도,4921,구래,691,김포도시철도,4929,김포공항,699,14:06:25,14:05:57,N,,N,2025-05-01T05:00:00,,20250619
2163,,상행,주말,김포도시철도,,4929,699,김포공항,김포도시철도,4921,구래,691,김포도시철도,4929,김포공항,699,,14:12:33,N,,N,2025-05-01T05:00:00,,20250619
2167,,상행,주말,김포도시철도,,4921,691,구래,김포도시철도,4921,구래,691,김포도시철도,4929,김포공항,699,13:55:00,,N,,N,2025-05-01T05:00:00,,20250619
2167,,상행,주말,김포도시철도,,4922,692,마산,김포도시철도,4921,구래,691,김포도시철도,4929,김포공항,699,13:58:12,13:57:44,N,,N,2025-05-01T05:00:00,,20250619
2167,,상행,주말,김포도시철도,,4923,693,장기,김포도시철도,4921,구래,691,김포도시철도,4929,김포공항,699,14:02:08,14:01:40,N,,N,2025-05-01T05:00:00,,20250619
2167,,상행,주말,김포도시철도,,4924,694,운양,김포도시철도,4921,구래,691,김포도시철도,4929,김포공항,699,14:04:39,14:04:11,N,,N,2025-05-01T05:00:00,,20250619
2167,,상행,주말,김포도시철도,,4925,695,걸포북변,김포도시철도,4921,구래,691,김포도시철도,4929,김포공항,699,14:08:45,14:08:17,N,,N,2025-05-01T05:00:00,,20250619
2167,,상행,주말,김포도시철도,,4926,696,사우,김포도시철도,4921,구래,691,김포도시철도,4929,김포공항,699,14:11:38,14:11:10,N,,N,2025-05-01T05:00:00,,20250619
2167,,상행,주말,김포도시철도,,4927,697,풍무,김포도시철도,4921,구래,691,김포도시철도,4929,김포공항,699,14:14:06,14:13:38,N,,N,2025-05-01T05:00:00,,20250619
2167,,상행,주말,김포도시철도,,4928,698,고촌,김포도시철도,4921,구래,691,김포도시철도,4929,김포공항,699,14:18:25,14:17:57,N,,N,2025-05-01T05:00:00,,20250619
2167,,상행,주말,김포도시철도,,4929,699,김포공항,김포도시철도,4921,구래,691,김포도시철도,4929,김포공항,699,,14:24:33,N,,N,2025-05-01T05:00:00,,20250619
2169,,상행,주말,김포도시철도,,4921,691,구래,김포도시철도,4921,구래,691,김포도시철도,4929,김포공항,699,14:01:00,,N,,N,2025-05-01T05:00:00,,20250619
2169,,상행,주말,김포도시철도,,4922,692,마산,김포도시철도,4921,구래,691,김포도시철도,4929,김포공항,699,14:04:12,14:03:44,N,,N,2025-05-01T05:00:00,,20250619
2169,,상행,주말,김포도시철도,,4923,693,장기,김포도시철도,4921,구래,691,김포도시철도,4929,김포공항,699,14:08:08,14:07:40,N,,N,2025-05-01T05:00:00,,20250619
2169,,상행,주말,김포도시철도,,4924,694,운양,김포도시철도,4921,구래,691,김포도시철도,4929,김포공항,699,14:10:39,14:10:11,N,,N,2025-05-01T05:00:00,,20250619
2169,,상행,주말,김포도시철도,,4925,695,걸포북변,김포도시철도,4921,구래,691,김포도시철도,4929,김포공항,699,14:14:45,14:14:17,N,,N,2025-05-01T05:00:00,,20250619
2169,,상행,주말,김포도시철도,,4926,696,사우,김포도시철도,4921,구래,691,김포도시철도,4929,김포공항,699,14:17:38,14:17:10,N,,N,2025-05-01T05:00:00,,20250619
2169,,상행,주말,김포도시철도,,4927,697,풍무,김포도시철도,4921,구래,691,김포도시철도,4929,김포공항,699,14:20:06,14:19:38,N,,N,2025-05-01T05:00:00,,20250619
2169,,상행,주말,김포도시철도,,4928,698,고촌,김포도시철도,4921,구래,691,김포도시철도,4929,김포공항,699,14:24:25,14:23:57,N,,N,2025-05-01T05:00:00,,20250619
2169,,상행,주말,김포도시철도,,4929,699,김포공항,김포도시철도,4921,구래,691,김포도시철도,4929,김포공항,699,,14:30:33,N,,N,2025-05-01T05:00:00,,20250619
2173,,상행,주말,김포도시철도,,4921,691,구래,김포도시철도,4921,구래,691,김포도시철도,4929,김포공항,699,14:13:00,,N,,N,2025-05-01T05:00:00,,20250619
2173,,상행,주말,김포도시철도,,4922,692,마산,김포도시철도,4921,구래,691,김포도시철도,4929,김포공항,699,14:16:12,14:15:44,N,,N,2025-05-01T05:00:00,,20250619
2173,,상행,주말,김포도시철도,,4923,693,장기,김포도시철도,4921,구래,691,김포도시철도,4929,김포공항,699,14:20:08,14:19:40,N,,N,2025-05-01T05:00:00,,20250619
2173,,상행,주말,김포도시철도,,4924,694,운양,김포도시철도,4921,구래,691,김포도시철도,4929,김포공항,699,14:22:39,14:22:11,N,,N,2025-05-01T05:00:00,,20250619
2173,,상행,주말,김포도시철도,,4925,695,걸포북변,김포도시철도,4921,구래,691,김포도시철도,4929,김포공항,699,14:26:45,14:26:17,N,,N,2025-05-01T05:00:00,,20250619
2173,,상행,주말,김포도시철도,,4926,696,사우,김포도시철도,4921,구래,691,김포도시철도,4929,김포공항,699,14:29:38,14:29:10,N,,N,2025-05-01T05:00:00,,20250619
2173,,상행,주말,김포도시철도,,4927,697,풍무,김포도시철도,4921,구래,691,김포도시철도,4929,김포공항,699,14:32:06,14:31:38,N,,N,2025-05-01T05:00:00,,20250619
2173,,상행,주말,김포도시철도,,4928,698,고촌,김포도시철도,4921,구래,691,김포도시철도,4929,김포공항,699,14:36:25,14:35:57,N,,N,2025-05-01T05:00:00,,20250619
2173,,상행,주말,김포도시철도,,4929,699,김포공항,김포도시철도,4921,구래,691,김포도시철도,4929,김포공항,699,,14:42:33,N,,N,2025-05-01T05:00:00,,20250619
2175,,상행,주말,김포도시철도,,4921,691,구래,김포도시철도,4921,구래,691,김포도시철도,4929,김포공항,699,14:19:00,,N,,N,2025-05-01T05:00:00,,20250619
2175,,상행,주말,김포도시철도,,4922,692,마산,김포도시철도,4921,구래,691,김포도시철도,4929,김포공항,699,14:22:12,14:21:44,N,,N,2025-05-01T05:00:00,,20250619
2175,,상행,주말,김포도시철도,,4923,693,장기,김포도시철도,4921,구래,691,김포도시철도,4929,김포공항,699,14:26:08,14:25:40,N,,N,2025-05-01T05:00:00,,20250619
2175,,상행,주말,김포도시철도,,4924,694,운양,김포도시철도,4921,구래,691,김포도시철도,4929,김포공항,699,14:28:39,14:28:11,N,,N,2025-05-01T05:00:00,,20250619
2175,,상행,주말,김포도시철도,,4925,695,걸포북변,김포도시철도,4921,구래,691,김포도시철도,4929,김포공항,699,14:32:45,14:32:17,N,,N,2025-05-01T05:00:00,,20250619
2175,,상행,주말,김포도시철도,,4926,696,사우,김포도시철도,4921,구래,691,김포도시철도,4929,김포공항,699,14:35:38,14:35:10,N,,N,2025-05-01T05:00:00,,20250619
2175,,상행,주말,김포도시철도,,4927,697,풍무,김포도시철도,4921,구래,691,김포도시철도,4929,김포공항,699,14:38:06,14:37:38,N,,N,2025-05-01T05:00:00,,20250619
2175,,상행,주말,김포도시철도,,4928,698,고촌,김포도시철도,4921,구래,691,김포도시철도,4929,김포공항,699,14:42:25,14:41:57,N,,N,2025-05-01T05:00:00,,20250619
2175,,상행,주말,김포도시철도,,4929,699,김포공항,김포도시철도,4921,구래,691,김포도시철도,4929,김포공항,699,,14:48:33,N,,N,2025-05-01T05:00:00,,20250619
2179,,상행,주말,김포도시철도,,4921,691,구래,김포도시철도,4921,구래,691,김포도시철도,4929,김포공항,699,14:31:00,,N,,N,2025-05-01T05:00:00,,20250619
2179,,상행,주말,김포도시철도,,4922,692,마산,김포도시철도,4921,구래,691,김포도시철도,4929,김포공항,699,14:34:12,14:33:44,N,,N,2025-05-01T05:00:00,,20250619
2179,,상행,주말,김포도시철도,,4923,693,장기,김포도시철도,4921,구래,691,김포도시철도,4929,김포공항,699,14:38:08,14:37:40,N,,N,2025-05-01T05:00:00,,20250619
2179,,상행,주말,김포도시철도,,4924,694,운양,김포도시철도,4921,구래,691,김포도시철도,4929,김포공항,699,14:40:39,14:40:11,N,,N,2025-05-01T05:00:00,,20250619
2179,,상행,주말,김포도시철도,,4925,695,걸포북변,김포도시철도,4921,구래,691,김포도시철도,4929,김포공항,699,14:44:45,14:44:17,N,,N,2025-05-01T05:00:00,,20250619
2179,,상행,주말,김포도시철도,,4926,696,사우,김포도시철도,4921,구래,691,김포도시철도,4929,김포공항,699,14:47:38,14:47:10,N,,N,2025-05-01T05:00:00,,20250619
2179,,상행,주말,김포도시철도,,4927,697,풍무,김포도시철도,4921,구래,691,김포도시철도,4929,김포공항,699,14:50:06,14:49:38,N,,N,2025-05-01T05:00:00,,20250619
2179,,상행,주말,김포도시철도,,4928,698,고촌,김포도시철도,4921,구래,691,김포도시철도,4929,김포공항,699,14:54:25,14:53:57,N,,N,2025-05-01T05:00:00,,20250619
2179,,상행,주말,김포도시철도,,4929,699,김포공항,김포도시철도,4921,구래,691,김포도시철도,4929,김포공항,699,,15:00:33,N,,N,2025-05-01T05:00:00,,20250619
2181,,상행,주말,김포도시철도,,4921,691,구래,김포도시철도,4921,구래,691,김포도시철도,4929,김포공항,699,14:37:00,,N,,N,2025-05-01T05:00:00,,20250619
2181,,상행,주말,김포도시철도,,4922,692,마산,김포도시철도,4921,구래,691,김포도시철도,4929,김포공항,699,14:40:12,14:39:44,N,,N,2025-05-01T05:00:00,,20250619
2181,,상행,주말,김포도시철도,,4923,693,장기,김포도시철도,4921,구래,691,김포도시철도,4929,김포공항,699,14:44:08,14:43:40,N,,N,2025-05-01T05:00:00,,20250619
2181,,상행,주말,김포도시철도,,4924,694,운양,김포도시철도,4921,구래,691,김포도시철도,4929,김포공항,699,14:46:39,14:46:11,N,,N,2025-05-01T05:00:00,,20250619
2181,,상행,주말,김포도시철도,,4925,695,걸포북변,김포도시철도,4921,구래,691,김포도시철도,4929,김포공항,699,14:50:45,14:50:17,N,,N,2025-05-01T05:00:00,,20250619
2181,,상행,주말,김포도시철도,,4926,696,사우,김포도시철도,4921,구래,691,김포도시철도,4929,김포공항,699,14:53:38,14:53:10,N,,N,2025-05-01T05:00:00,,20250619
2181,,상행,주말,김포도시철도,,4927,697,풍무,김포도시철도,4921,구래,691,김포도시철도,4929,김포공항,699,14:56:06,14:55:38,N,,N,2025-05-01T05:00:00,,20250619
2181,,상행,주말,김포도시철도,,4928,698,고촌,김포도시철도,4921,구래,691,김포도시철도,4929,김포공항,699,15:00:25,14:59:57,N,,N,2025-05-01T05:00:00,,20250619
2181,,상행,주말,김포도시철도,,4929,699,김포공항,김포도시철도,4921,구래,691,김포도시철도,4929,김포공항,699,,15:06:33,N,,N,2025-05-01T05:00:00,,20250619
2185,,상행,주말,김포도시철도,,4921,691,구래,김포도시철도,4921,구래,691,김포도시철도,4929,김포공항,699,14:49:00,,N,,N,2025-05-01T05:00:00,,20250619
2185,,상행,주말,김포도시철도,,4922,692,마산,김포도시철도,4921,구래,691,김포도시철도,4929,김포공항,699,14:52:12,14:51:44,N,,N,2025-05-01T05:00:00,,20250619
2185,,상행,주말,김포도시철도,,4923,693,장기,김포도시철도,4921,구래,691,김포도시철도,4929,김포공항,699,14:56:08,14:55:40,N,,N,2025-05-01T05:00:00,,20250619
2185,,상행,주말,김포도시철도,,4924,694,운양,김포도시철도,4921,구래,691,김포도시철도,4929,김포공항,699,14:58:39,14:58:11,N,,N,2025-05-01T05:00:00,,20250619
2185,,상행,주말,김포도시철도,,4925,695,걸포북변,김포도시철도,4921,구래,691,김포도시철도,4929,김포공항,699,15:02:45,15:02:17,N,,N,2025-05-01T05:00:00,,20250619
2185,,상행,주말,김포도시철도,,4926,696,사우,김포도시철도,4921,구래,691,김포도시철도,4929,김포공항,699,15:05:38,15:05:10,N,,N,2025-05-01T05:00:00,,20250619
2185,,상행,주말,김포도시철도,,4927,697,풍무,김포도시철도,4921,구래,691,김포도시철도,4929,김포공항,699,15:08:06,15:07:38,N,,N,2025-05-01T05:00:00,,20250619
2185,,상행,주말,김포도시철도,,4928,698,고촌,김포도시철도,4921,구래,691,김포도시철도,4929,김포공항,699,15:12:25,15:11:57,N,,N,2025-05-01T05:00:00,,20250619
2185,,상행,주말,김포도시철도,,4929,699,김포공항,김포도시철도,4921,구래,691,김포도시철도,4929,김포공항,699,,15:18:33,N,,N,2025-05-01T05:00:00,,20250619
2187,,상행,주말,김포도시철도,,4921,691,구래,김포도시철도,4921,구래,691,김포도시철도,4929,김포공항,699,14:55:00,,N,,N,2025-05-01T05:00:00,,20250619
2187,,상행,주말,김포도시철도,,4922,692,마산,김포도시철도,4921,구래,691,김포도시철도,4929,김포공항,699,14:58:12,14:57:44,N,,N,2025-05-01T05:00:00,,20250619
2187,,상행,주말,김포도시철도,,4923,693,장기,김포도시철도,4921,구래,691,김포도시철도,4929,김포공항,699,15:02:08,15:01:40,N,,N,2025-05-01T05:00:00,,20250619
2187,,상행,주말,김포도시철도,,4924,694,운양,김포도시철도,4921,구래,691,김포도시철도,4929,김포공항,699,15:04:39,15:04:11,N,,N,2025-05-01T05:00:00,,20250619
2187,,상행,주말,김포도시철도,,4925,695,걸포북변,김포도시철도,4921,구래,691,김포도시철도,4929,김포공항,699,15:08:45,15:08:17,N,,N,2025-05-01T05:00:00,,20250619
2187,,상행,주말,김포도시철도,,4926,696,사우,김포도시철도,4921,구래,691,김포도시철도,4929,김포공항,699,15:11:38,15:11:10,N,,N,2025-05-01T05:00:00,,20250619
2187,,상행,주말,김포도시철도,,4927,697,풍무,김포도시철도,4921,구래,691,김포도시철도,4929,김포공항,699,15:14:06,15:13:38,N,,N,2025-05-01T05:00:00,,20250619
2187,,상행,주말,김포도시철도,,4928,698,고촌,김포도시철도,4921,구래,691,김포도시철도,4929,김포공항,699,15:18:25,15:17:57,N,,N,2025-05-01T05:00:00,,20250619
2187,,상행,주말,김포도시철도,,4929,699,김포공항,김포도시철도,4921,구래,691,김포도시철도,4929,김포공항,699,,15:24:33,N,,N,2025-05-01T05:00:00,,20250619
2191,,상행,주말,김포도시철도,,4921,691,구래,김포도시철도,4921,구래,691,김포도시철도,4929,김포공항,699,15:07:00,,N,,N,2025-05-01T05:00:00,,20250619
2191,,상행,주말,김포도시철도,,4922,692,마산,김포도시철도,4921,구래,691,김포도시철도,4929,김포공항,699,15:10:12,15:09:44,N,,N,2025-05-01T05:00:00,,20250619
2191,,상행,주말,김포도시철도,,4923,693,장기,김포도시철도,4921,구래,691,김포도시철도,4929,김포공항,699,15:14:08,15:13:40,N,,N,2025-05-01T05:00:00,,20250619
2191,,상행,주말,김포도시철도,,4924,694,운양,김포도시철도,4921,구래,691,김포도시철도,4929,김포공항,699,15:16:39,15:16:11,N,,N,2025-05-01T05:00:00,,20250619
2191,,상행,주말,김포도시철도,,4925,695,걸포북변,김포도시철도,4921,구래,691,김포도시철도,4929,김포공항,699,15:20:45,15:20:17,N,,N,2025-05-01T05:00:00,,20250619
2191,,상행,주말,김포도시철도,,4926,696,사우,김포도시철도,4921,구래,691,김포도시철도,4929,김포공항,699,15:23:38,15:23:10,N,,N,2025-05-01T05:00:00,,20250619
2191,,상행,주말,김포도시철도,,4927,697,풍무,김포도시철도,4921,구래,691,김포도시철도,4929,김포공항,699,15:26:06,15:25:38,N,,N,2025-05-01T05:00:00,,20250619
2191,,상행,주말,김포도시철도,,4928,698,고촌,김포도시철도,4921,구래,691,김포도시철도,4929,김포공항,699,15:30:25,15:29:57,N,,N,2025-05-01T05:00:00,,20250619
2191,,상행,주말,김포도시철도,,4929,699,김포공항,김포도시철도,4921,구래,691,김포도시철도,4929,김포공항,699,,15:36:33,N,,N,2025-05-01T05:00:00,,20250619
2193,,상행,주말,김포도시철도,,4921,691,구래,김포도시철도,4921,구래,691,김포도시철도,4929,김포공항,699,15:13:00,,N,,N,2025-05-01T05:00:00,,20250619
2193,,상행,주말,김포도시철도,,4922,692,마산,김포도시철도,4921,구래,691,김포도시철도,4929,김포공항,699,15:16:12,15:15:44,N,,N,2025-05-01T05:00:00,,20250619
2193,,상행,주말,김포도시철도,,4923,693,장기,김포도시철도,4921,구래,691,김포도시철도,4929,김포공항,699,15:20:08,15:19:40,N,,N,2025-05-01T05:00:00,,20250619
2193,,상행,주말,김포도시철도,,4924,694,운양,김포도시철도,4921,구래,691,김포도시철도,4929,김포공항,699,15:22:39,15:22:11,N,,N,2025-05-01T05:00:00,,20250619
2193,,상행,주말,김포도시철도,,4925,695,걸포북변,김포도시철도,4921,구래,691,김포도시철도,4929,김포공항,699,15:26:45,15:26:17,N,,N,2025-05-01T05:00:00,,20250619
2193,,상행,주말,김포도시철도,,4926,696,사우,김포도시철도,4921,구래,691,김포도시철도,4929,김포공항,699,15:29:38,15:29:10,N,,N,2025-05-01T05:00:00,,20250619
2193,,상행,주말,김포도시철도,,4927,697,풍무,김포도시철도,4921,구래,691,김포도시철도,4929,김포공항,699,15:32:06,15:31:38,N,,N,2025-05-01T05:00:00,,20250619
2193,,상행,주말,김포도시철도,,4928,698,고촌,김포도시철도,4921,구래,691,김포도시철도,4929,김포공항,699,15:36:25,15:35:57,N,,N,2025-05-01T05:00:00,,20250619
2193,,상행,주말,김포도시철도,,4929,699,김포공항,김포도시철도,4921,구래,691,김포도시철도,4929,김포공항,699,,15:42:33,N,,N,2025-05-01T05:00:00,,20250619
2197,,상행,주말,김포도시철도,,4921,691,구래,김포도시철도,4921,구래,691,김포도시철도,4929,김포공항,699,15:25:00,,N,,N,2025-05-01T05:00:00,,20250619
2197,,상행,주말,김포도시철도,,4922,692,마산,김포도시철도,4921,구래,691,김포도시철도,4929,김포공항,699,15:28:12,15:27:44,N,,N,2025-05-01T05:00:00,,20250619
2197,,상행,주말,김포도시철도,,4923,693,장기,김포도시철도,4921,구래,691,김포도시철도,4929,김포공항,699,15:32:08,15:31:40,N,,N,2025-05-01T05:00:00,,20250619
2197,,상행,주말,김포도시철도,,4924,694,운양,김포도시철도,4921,구래,691,김포도시철도,4929,김포공항,699,15:34:39,15:34:11,N,,N,2025-05-01T05:00:00,,20250619
2197,,상행,주말,김포도시철도,,4925,695,걸포북변,김포도시철도,4921,구래,691,김포도시철도,4929,김포공항,699,15:38:45,15:38:17,N,,N,2025-05-01T05:00:00,,20250619
2197,,상행,주말,김포도시철도,,4926,696,사우,김포도시철도,4921,구래,691,김포도시철도,4929,김포공항,699,15:41:38,15:41:10,N,,N,2025-05-01T05:00:00,,20250619
2197,,상행,주말,김포도시철도,,4927,697,풍무,김포도시철도,4921,구래,691,김포도시철도,4929,김포공항,699,15:44:06,15:43:38,N,,N,2025-05-01T05:00:00,,20250619
2197,,상행,주말,김포도시철도,,4928,698,고촌,김포도시철도,4921,구래,691,김포도시철도,4929,김포공항,699,15:48:25,15:47:57,N,,N,2025-05-01T05:00:00,,20250619
2197,,상행,주말,김포도시철도,,4929,699,김포공항,김포도시철도,4921,구래,691,김포도시철도,4929,김포공항,699,,15:54:33,N,,N,2025-05-01T05:00:00,,20250619
2199,,상행,주말,김포도시철도,,4921,691,구래,김포도시철도,4921,구래,691,김포도시철도,4929,김포공항,699,15:31:00,,N,,N,2025-05-01T05:00:00,,20250619
2199,,상행,주말,김포도시철도,,4922,692,마산,김포도시철도,4921,구래,691,김포도시철도,4929,김포공항,699,15:34:12,15:33:44,N,,N,2025-05-01T05:00:00,,20250619
2199,,상행,주말,김포도시철도,,4923,693,장기,김포도시철도,4921,구래,691,김포도시철도,4929,김포공항,699,15:38:08,15:37:40,N,,N,2025-05-01T05:00:00,,20250619
2199,,상행,주말,김포도시철도,,4924,694,운양,김포도시철도,4921,구래,691,김포도시철도,4929,김포공항,699,15:40:39,15:40:11,N,,N,2025-05-01T05:00:00,,20250619
2199,,상행,주말,김포도시철도,,4925,695,걸포북변,김포도시철도,4921,구래,691,김포도시철도,4929,김포공항,699,15:44:45,15:44:17,N,,N,2025-05-01T05:00:00,,20250619
2199,,상행,주말,김포도시철도,,4926,696,사우,김포도시철도,4921,구래,691,김포도시철도,4929,김포공항,699,15:47:38,15:47:10,N,,N,2025-05-01T05:00:00,,20250619
2199,,상행,주말,김포도시철도,,4927,697,풍무,김포도시철도,4921,구래,691,김포도시철도,4929,김포공항,699,15:50:06,15:49:38,N,,N,2025-05-01T05:00:00,,20250619
2199,,상행,주말,김포도시철도,,4928,698,고촌,김포도시철도,4921,구래,691,김포도시철도,4929,김포공항,699,15:54:25,15:53:57,N,,N,2025-05-01T05:00:00,,20250619
2199,,상행,주말,김포도시철도,,4929,699,김포공항,김포도시철도,4921,구래,691,김포도시철도,4929,김포공항,699,,16:00:33,N,,N,2025-05-01T05:00:00,,20250619
2203,,상행,주말,김포도시철도,,4921,691,구래,김포도시철도,4921,구래,691,김포도시철도,4929,김포공항,699,15:43:00,,N,,N,2025-05-01T05:00:00,,20250619
2203,,상행,주말,김포도시철도,,4922,692,마산,김포도시철도,4921,구래,691,김포도시철도,4929,김포공항,699,15:46:12,15:45:44,N,,N,2025-05-01T05:00:00,,20250619
2203,,상행,주말,김포도시철도,,4923,693,장기,김포도시철도,4921,구래,691,김포도시철도,4929,김포공항,699,15:50:08,15:49:40,N,,N,2025-05-01T05:00:00,,20250619
2203,,상행,주말,김포도시철도,,4924,694,운양,김포도시철도,4921,구래,691,김포도시철도,4929,김포공항,699,15:52:39,15:52:11,N,,N,2025-05-01T05:00:00,,20250619
2203,,상행,주말,김포도시철도,,4925,695,걸포북변,김포도시철도,4921,구래,691,김포도시철도,4929,김포공항,699,15:56:45,15:56:17,N,,N,2025-05-01T05:00:00,,20250619
2203,,상행,주말,김포도시철도,,4926,696,사우,김포도시철도,4921,구래,691,김포도시철도,4929,김포공항,699,15:59:38,15:59:10,N,,N,2025-05-01T05:00:00,,20250619
2203,,상행,주말,김포도시철도,,4927,697,풍무,김포도시철도,4921,구래,691,김포도시철도,4929,김포공항,699,16:02:06,16:01:38,N,,N,2025-05-01T05:00:00,,20250619
2203,,상행,주말,김포도시철도,,4928,698,고촌,김포도시철도,4921,구래,691,김포도시철도,4929,김포공항,699,16:06:25,16:05:57,N,,N,2025-05-01T05:00:00,,20250619
2203,,상행,주말,김포도시철도,,4929,699,김포공항,김포도시철도,4921,구래,691,김포도시철도,4929,김포공항,699,,16:12:33,N,,N,2025-05-01T05:00:00,,20250619
2205,,상행,주말,김포도시철도,,4921,691,구래,김포도시철도,4921,구래,691,김포도시철도,4929,김포공항,699,15:49:00,,N,,N,2025-05-01T05:00:00,,20250619
2205,,상행,주말,김포도시철도,,4922,692,마산,김포도시철도,4921,구래,691,김포도시철도,4929,김포공항,699,15:52:12,15:51:44,N,,N,2025-05-01T05:00:00,,20250619
2205,,상행,주말,김포도시철도,,4923,693,장기,김포도시철도,4921,구래,691,김포도시철도,4929,김포공항,699,15:56:08,15:55:40,N,,N,2025-05-01T05:00:00,,20250619
2205,,상행,주말,김포도시철도,,4924,694,운양,김포도시철도,4921,구래,691,김포도시철도,4929,김포공항,699,15:58:39,15:58:11,N,,N,2025-05-01T05:00:00,,20250619
2205,,상행,주말,김포도시철도,,4925,695,걸포북변,김포도시철도,4921,구래,691,김포도시철도,4929,김포공항,699,16:02:45,16:02:17,N,,N,2025-05-01T05:00:00,,20250619
2205,,상행,주말,김포도시철도,,4926,696,사우,김포도시철도,4921,구래,691,김포도시철도,4929,김포공항,699,16:05:38,16:05:10,N,,N,2025-05-01T05:00:00,,20250619
2205,,상행,주말,김포도시철도,,4927,697,풍무,김포도시철도,4921,구래,691,김포도시철도,4929,김포공항,699,16:08:06,16:07:38,N,,N,2025-05-01T05:00:00,,20250619
2205,,상행,주말,김포도시철도,,4928,698,고촌,김포도시철도,4921,구래,691,김포도시철도,4929,김포공항,699,16:12:25,16:11:57,N,,N,2025-05-01T05:00:00,,20250619
2205,,상행,주말,김포도시철도,,4929,699,김포공항,김포도시철도,4921,구래,691,김포도시철도,4929,김포공항,699,,16:18:33,N,,N,2025-05-01T05:00:00,,20250619
2209,,상행,주말,김포도시철도,,4921,691,구래,김포도시철도,4921,구래,691,김포도시철도,4929,김포공항,699,16:01:00,,N,,N,2025-05-01T05:00:00,,20250619
2209,,상행,주말,김포도시철도,,4922,692,마산,김포도시철도,4921,구래,691,김포도시철도,4929,김포공항,699,16:04:12,16:03:44,N,,N,2025-05-01T05:00:00,,20250619
2209,,상행,주말,김포도시철도,,4923,693,장기,김포도시철도,4921,구래,691,김포도시철도,4929,김포공항,699,16:08:08,16:07:40,N,,N,2025-05-01T05:00:00,,20250619
2209,,상행,주말,김포도시철도,,4924,694,운양,김포도시철도,4921,구래,691,김포도시철도,4929,김포공항,699,16:10:39,16:10:11,N,,N,2025-05-01T05:00:00,,20250619
2209,,상행,주말,김포도시철도,,4925,695,걸포북변,김포도시철도,4921,구래,691,김포도시철도,4929,김포공항,699,16:14:45,16:14:17,N,,N,2025-05-01T05:00:00,,20250619
2209,,상행,주말,김포도시철도,,4926,696,사우,김포도시철도,4921,구래,691,김포도시철도,4929,김포공항,699,16:17:38,16:17:10,N,,N,2025-05-01T05:00:00,,20250619
2209,,상행,주말,김포도시철도,,4927,697,풍무,김포도시철도,4921,구래,691,김포도시철도,4929,김포공항,699,16:20:06,16:19:38,N,,N,2025-05-01T05:00:00,,20250619
2209,,상행,주말,김포도시철도,,4928,698,고촌,김포도시철도,4921,구래,691,김포도시철도,4929,김포공항,699,16:24:25,16:23:57,N,,N,2025-05-01T05:00:00,,20250619
2209,,상행,주말,김포도시철도,,4929,699,김포공항,김포도시철도,4921,구래,691,김포도시철도,4929,김포공항,699,,16:30:33,N,,N,2025-05-01T05:00:00,,20250619
2211,,상행,주말,김포도시철도,,4921,691,구래,김포도시철도,4921,구래,691,김포도시철도,4929,김포공항,699,16:07:00,,N,,N,2025-05-01T05:00:00,,20250619
2211,,상행,주말,김포도시철도,,4922,692,마산,김포도시철도,4921,구래,691,김포도시철도,4929,김포공항,699,16:10:12,16:09:44,N,,N,2025-05-01T05:00:00,,20250619
2211,,상행,주말,김포도시철도,,4923,693,장기,김포도시철도,4921,구래,691,김포도시철도,4929,김포공항,699,16:14:08,16:13:40,N,,N,2025-05-01T05:00:00,,20250619
2211,,상행,주말,김포도시철도,,4924,694,운양,김포도시철도,4921,구래,691,김포도시철도,4929,김포공항,699,16:16:39,16:16:11,N,,N,2025-05-01T05:00:00,,20250619
2211,,상행,주말,김포도시철도,,4925,695,걸포북변,김포도시철도,4921,구래,691,김포도시철도,4929,김포공항,699,16:20:45,16:20:17,N,,N,2025-05-01T05:00:00,,20250619
2211,,상행,주말,김포도시철도,,4926,696,사우,김포도시철도,4921,구래,691,김포도시철도,4929,김포공항,699,16:23:38,16:23:10,N,,N,2025-05-01T05:00:00,,20250619
2211,,상행,주말,김포도시철도,,4927,697,풍무,김포도시철도,4921,구래,691,김포도시철도,4929,김포공항,699,16:26:06,16:25:38,N,,N,2025-05-01T05:00:00,,20250619
2211,,상행,주말,김포도시철도,,4928,698,고촌,김포도시철도,4921,구래,691,김포도시철도,4929,김포공항,699,16:30:25,16:29:57,N,,N,2025-05-01T05:00:00,,20250619
2211,,상행,주말,김포도시철도,,4929,699,김포공항,김포도시철도,4921,구래,691,김포도시철도,4929,김포공항,699,,16:36:33,N,,N,2025-05-01T05:00:00,,20250619
2215,,상행,주말,김포도시철도,,4921,691,구래,김포도시철도,4921,구래,691,김포도시철도,4929,김포공항,699,16:19:00,,N,,N,2025-05-01T05:00:00,,20250619
2215,,상행,주말,김포도시철도,,4922,692,마산,김포도시철도,4921,구래,691,김포도시철도,4929,김포공항,699,16:22:12,16:21:44,N,,N,2025-05-01T05:00:00,,20250619
2215,,상행,주말,김포도시철도,,4923,693,장기,김포도시철도,4921,구래,691,김포도시철도,4929,김포공항,699,16:26:08,16:25:40,N,,N,2025-05-01T05:00:00,,20250619
2215,,상행,주말,김포도시철도,,4924,694,운양,김포도시철도,4921,구래,691,김포도시철도,4929,김포공항,699,16:28:39,16:28:11,N,,N,2025-05-01T05:00:00,,20250619
2215,,상행,주말,김포도시철도,,4925,695,걸포북변,김포도시철도,4921,구래,691,김포도시철도,4929,김포공항,699,16:32:45,16:32:17,N,,N,2025-05-01T05:00:00,,20250619
2215,,상행,주말,김포도시철도,,4926,696,사우,김포도시철도,4921,구래,691,김포도시철도,4929,김포공항,699,16:35:38,16:35:10,N,,N,2025-05-01T05:00:00,,20250619
2215,,상행,주말,김포도시철도,,4927,697,풍무,김포도시철도,4921,구래,691,김포도시철도,4929,김포공항,699,16:38:06,16:37:38,N,,N,2025-05-01T05:00:00,,20250619
2215,,상행,주말,김포도시철도,,4928,698,고촌,김포도시철도,4921,구래,691,김포도시철도,4929,김포공항,699,16:42:25,16:41:57,N,,N,2025-05-01T05:00:00,,20250619
2215,,상행,주말,김포도시철도,,4929,699,김포공항,김포도시철도,4921,구래,691,김포도시철도,4929,김포공항,699,,16:48:33,N,,N,2025-05-01T05:00:00,,20250619
2217,,상행,주말,김포도시철도,,4921,691,구래,김포도시철도,4921,구래,691,김포도시철도,4929,김포공항,699,16:25:00,,N,,N,2025-05-01T05:00:00,,20250619
2217,,상행,주말,김포도시철도,,4922,692,마산,김포도시철도,4921,구래,691,김포도시철도,4929,김포공항,699,16:28:12,16:27:44,N,,N,2025-05-01T05:00:00,,20250619
2217,,상행,주말,김포도시철도,,4923,693,장기,김포도시철도,4921,구래,691,김포도시철도,4929,김포공항,699,16:32:08,16:31:40,N,,N,2025-05-01T05:00:00,,20250619
2217,,상행,주말,김포도시철도,,4924,694,운양,김포도시철도,4921,구래,691,김포도시철도,4929,김포공항,699,16:34:39,16:34:11,N,,N,2025-05-01T05:00:00,,20250619
2217,,상행,주말,김포도시철도,,4925,695,걸포북변,김포도시철도,4921,구래,691,김포도시철도,4929,김포공항,699,16:38:45,16:38:17,N,,N,2025-05-01T05:00:00,,20250619
2217,,상행,주말,김포도시철도,,4926,696,사우,김포도시철도,4921,구래,691,김포도시철도,4929,김포공항,699,16:41:38,16:41:10,N,,N,2025-05-01T05:00:00,,20250619
2217,,상행,주말,김포도시철도,,4927,697,풍무,김포도시철도,4921,구래,691,김포도시철도,4929,김포공항,699,16:44:06,16:43:38,N,,N,2025-05-01T05:00:00,,20250619
2217,,상행,주말,김포도시철도,,4928,698,고촌,김포도시철도,4921,구래,691,김포도시철도,4929,김포공항,699,16:48:25,16:47:57,N,,N,2025-05-01T05:00:00,,20250619
2217,,상행,주말,김포도시철도,,4929,699,김포공항,김포도시철도,4921,구래,691,김포도시철도,4929,김포공항,699,,16:54:33,N,,N,2025-05-01T05:00:00,,20250619
2221,,상행,주말,김포도시철도,,4921,691,구래,김포도시철도,4921,구래,691,김포도시철도,4929,김포공항,699,16:37:00,,N,,N,2025-05-01T05:00:00,,20250619
2221,,상행,주말,김포도시철도,,4922,692,마산,김포도시철도,4921,구래,691,김포도시철도,4929,김포공항,699,16:40:12,16:39:44,N,,N,2025-05-01T05:00:00,,20250619
2221,,상행,주말,김포도시철도,,4923,693,장기,김포도시철도,4921,구래,691,김포도시철도,4929,김포공항,699,16:44:08,16:43:40,N,,N,2025-05-01T05:00:00,,20250619
2221,,상행,주말,김포도시철도,,4924,694,운양,김포도시철도,4921,구래,691,김포도시철도,4929,김포공항,699,16:46:39,16:46:11,N,,N,2025-05-01T05:00:00,,20250619
2221,,상행,주말,김포도시철도,,4925,695,걸포북변,김포도시철도,4921,구래,691,김포도시철도,4929,김포공항,699,16:50:45,16:50:17,N,,N,2025-05-01T05:00:00,,20250619
2221,,상행,주말,김포도시철도,,4926,696,사우,김포도시철도,4921,구래,691,김포도시철도,4929,김포공항,699,16:53:38,16:53:10,N,,N,2025-05-01T05:00:00,,20250619
2221,,상행,주말,김포도시철도,,4927,697,풍무,김포도시철도,4921,구래,691,김포도시철도,4929,김포공항,699,16:56:06,16:55:38,N,,N,2025-05-01T05:00:00,,20250619
2221,,상행,주말,김포도시철도,,4928,698,고촌,김포도시철도,4921,구래,691,김포도시철도,4929,김포공항,699,17:00:25,16:59:57,N,,N,2025-05-01T05:00:00,,20250619
2221,,상행,주말,김포도시철도,,4929,699,김포공항,김포도시철도,4921,구래,691,김포도시철도,4929,김포공항,699,,17:06:33,N,,N,2025-05-01T05:00:00,,20250619
2223,,상행,주말,김포도시철도,,4921,691,구래,김포도시철도,4921,구래,691,김포도시철도,4929,김포공항,699,16:43:00,,N,,N,2025-05-01T05:00:00,,20250619
2223,,상행,주말,김포도시철도,,4922,692,마산,김포도시철도,4921,구래,691,김포도시철도,4929,김포공항,699,16:46:12,16:45:44,N,,N,2025-05-01T05:00:00,,20250619
2223,,상행,주말,김포도시철도,,4923,693,장기,김포도시철도,4921,구래,691,김포도시철도,4929,김포공항,699,16:50:08,16:49:40,N,,N,2025-05-01T05:00:00,,20250619
2223,,상행,주말,김포도시철도,,4924,694,운양,김포도시철도,4921,구래,691,김포도시철도,4929,김포공항,699,16:52:39,16:52:11,N,,N,2025-05-01T05:00:00,,20250619
2223,,상행,주말,김포도시철도,,4925,695,걸포북변,김포도시철도,4921,구래,691,김포도시철도,4929,김포공항,699,16:56:45,16:56:17,N,,N,2025-05-01T05:00:00,,20250619
2223,,상행,주말,김포도시철도,,4926,696,사우,김포도시철도,4921,구래,691,김포도시철도,4929,김포공항,699,16:59:38,16:59:10,N,,N,2025-05-01T05:00:00,,20250619
2223,,상행,주말,김포도시철도,,4927,697,풍무,김포도시철도,4921,구래,691,김포도시철도,4929,김포공항,699,17:02:06,17:01:38,N,,N,2025-05-01T05:00:00,,20250619
2223,,상행,주말,김포도시철도,,4928,698,고촌,김포도시철도,4921,구래,691,김포도시철도,4929,김포공항,699,17:06:25,17:05:57,N,,N,2025-05-01T05:00:00,,20250619
2223,,상행,주말,김포도시철도,,4929,699,김포공항,김포도시철도,4921,구래,691,김포도시철도,4929,김포공항,699,,17:12:33,N,,N,2025-05-01T05:00:00,,20250619
2227,,상행,주말,김포도시철도,,4921,691,구래,김포도시철도,4921,구래,691,김포도시철도,4929,김포공항,699,16:55:00,,N,,N,2025-05-01T05:00:00,,20250619
2227,,상행,주말,김포도시철도,,4922,692,마산,김포도시철도,4921,구래,691,김포도시철도,4929,김포공항,699,16:58:12,16:57:44,N,,N,2025-05-01T05:00:00,,20250619
2227,,상행,주말,김포도시철도,,4923,693,장기,김포도시철도,4921,구래,691,김포도시철도,4929,김포공항,699,17:02:08,17:01:40,N,,N,2025-05-01T05:00:00,,20250619
2227,,상행,주말,김포도시철도,,4924,694,운양,김포도시철도,4921,구래,691,김포도시철도,4929,김포공항,699,17:04:39,17:04:11,N,,N,2025-05-01T05:00:00,,20250619
2227,,상행,주말,김포도시철도,,4925,695,걸포북변,김포도시철도,4921,구래,691,김포도시철도,4929,김포공항,699,17:08:45,17:08:17,N,,N,2025-05-01T05:00:00,,20250619
2227,,상행,주말,김포도시철도,,4926,696,사우,김포도시철도,4921,구래,691,김포도시철도,4929,김포공항,699,17:11:38,17:11:10,N,,N,2025-05-01T05:00:00,,20250619
2227,,상행,주말,김포도시철도,,4927,697,풍무,김포도시철도,4921,구래,691,김포도시철도,4929,김포공항,699,17:14:06,17:13:38,N,,N,2025-05-01T05:00:00,,20250619
2227,,상행,주말,김포도시철도,,4928,698,고촌,김포도시철도,4921,구래,691,김포도시철도,4929,김포공항,699,17:18:25,17:17:57,N,,N,2025-05-01T05:00:00,,20250619
2227,,상행,주말,김포도시철도,,4929,699,김포공항,김포도시철도,4921,구래,691,김포도시철도,4929,김포공항,699,,17:24:33,N,,N,2025-05-01T05:00:00,,20250619
2229,,상행,주말,김포도시철도,,4921,691,구래,김포도시철도,4921,구래,691,김포도시철도,4929,김포공항,699,17:01:00,,N,,N,2025-05-01T05:00:00,,20250619
2229,,상행,주말,김포도시철도,,4922,692,마산,김포도시철도,4921,구래,691,김포도시철도,4929,김포공항,699,17:04:12,17:03:44,N,,N,2025-05-01T05:00:00,,20250619
2229,,상행,주말,김포도시철도,,4923,693,장기,김포도시철도,4921,구래,691,김포도시철도,4929,김포공항,699,17:08:08,17:07:40,N,,N,2025-05-01T05:00:00,,20250619
2229,,상행,주말,김포도시철도,,4924,694,운양,김포도시철도,4921,구래,691,김포도시철도,4929,김포공항,699,17:10:39,17:10:11,N,,N,2025-05-01T05:00:00,,20250619
2229,,상행,주말,김포도시철도,,4925,695,걸포북변,김포도시철도,4921,구래,691,김포도시철도,4929,김포공항,699,17:14:45,17:14:17,N,,N,2025-05-01T05:00:00,,20250619
2229,,상행,주말,김포도시철도,,4926,696,사우,김포도시철도,4921,구래,691,김포도시철도,4929,김포공항,699,17:17:38,17:17:10,N,,N,2025-05-01T05:00:00,,20250619
2229,,상행,주말,김포도시철도,,4927,697,풍무,김포도시철도,4921,구래,691,김포도시철도,4929,김포공항,699,17:20:06,17:19:38,N,,N,2025-05-01T05:00:00,,20250619
2229,,상행,주말,김포도시철도,,4928,698,고촌,김포도시철도,4921,구래,691,김포도시철도,4929,김포공항,699,17:24:25,17:23:57,N,,N,2025-05-01T05:00:00,,20250619
2229,,상행,주말,김포도시철도,,4929,699,김포공항,김포도시철도,4921,구래,691,김포도시철도,4929,김포공항,699,,17:30:33,N,,N,2025-05-01T05:00:00,,20250619
2231,,상행,주말,김포도시철도,,4921,691,구래,김포도시철도,4921,구래,691,김포도시철도,4929,김포공항,699,17:07:00,,N,,N,2025-05-01T05:00:00,,20250619
2231,,상행,주말,김포도시철도,,4922,692,마산,김포도시철도,4921,구래,691,김포도시철도,4929,김포공항,699,17:10:12,17:09:44,N,,N,2025-05-01T05:00:00,,20250619
2231,,상행,주말,김포도시철도,,4923,693,장기,김포도시철도,4921,구래,691,김포도시철도,4929,김포공항,699,17:14:08,17:13:40,N,,N,2025-05-01T05:00:00,,20250619
2231,,상행,주말,김포도시철도,,4924,694,운양,김포도시철도,4921,구래,691,김포도시철도,4929,김포공항,699,17:16:39,17:16:11,N,,N,2025-05-01T05:00:00,,20250619
2231,,상행,주말,김포도시철도,,4925,695,걸포북변,김포도시철도,4921,구래,691,김포도시철도,4929,김포공항,699,17:20:45,17:20:17,N,,N,2025-05-01T05:00:00,,20250619
2231,,상행,주말,김포도시철도,,4926,696,사우,김포도시철도,4921,구래,691,김포도시철도,4929,김포공항,699,17:23:38,17:23:10,N,,N,2025-05-01T05:00:00,,20250619
2231,,상행,주말,김포도시철도,,4927,697,풍무,김포도시철도,4921,구래,691,김포도시철도,4929,김포공항,699,17:26:06,17:25:38,N,,N,2025-05-01T05:00:00,,20250619
2231,,상행,주말,김포도시철도,,4928,698,고촌,김포도시철도,4921,구래,691,김포도시철도,4929,김포공항,699,17:30:25,17:29:57,N,,N,2025-05-01T05:00:00,,20250619
2231,,상행,주말,김포도시철도,,4929,699,김포공항,김포도시철도,4921,구래,691,김포도시철도,4929,김포공항,699,,17:36:33,N,,N,2025-05-01T05:00:00,,20250619
2235,,상행,주말,김포도시철도,,4921,691,구래,김포도시철도,4921,구래,691,김포도시철도,4929,김포공항,699,17:19:00,,N,,N,2025-05-01T05:00:00,,20250619
2235,,상행,주말,김포도시철도,,4922,692,마산,김포도시철도,4921,구래,691,김포도시철도,4929,김포공항,699,17:22:12,17:21:44,N,,N,2025-05-01T05:00:00,,20250619
2235,,상행,주말,김포도시철도,,4923,693,장기,김포도시철도,4921,구래,691,김포도시철도,4929,김포공항,699,17:26:08,17:25:40,N,,N,2025-05-01T05:00:00,,20250619
2235,,상행,주말,김포도시철도,,4924,694,운양,김포도시철도,4921,구래,691,김포도시철도,4929,김포공항,699,17:28:39,17:28:11,N,,N,2025-05-01T05:00:00,,20250619
2235,,상행,주말,김포도시철도,,4925,695,걸포북변,김포도시철도,4921,구래,691,김포도시철도,4929,김포공항,699,17:32:45,17:32:17,N,,N,2025-05-01T05:00:00,,20250619
2235,,상행,주말,김포도시철도,,4926,696,사우,김포도시철도,4921,구래,691,김포도시철도,4929,김포공항,699,17:35:38,17:35:10,N,,N,2025-05-01T05:00:00,,20250619
2235,,상행,주말,김포도시철도,,4927,697,풍무,김포도시철도,4921,구래,691,김포도시철도,4929,김포공항,699,17:38:06,17:37:38,N,,N,2025-05-01T05:00:00,,20250619
2235,,상행,주말,김포도시철도,,4928,698,고촌,김포도시철도,4921,구래,691,김포도시철도,4929,김포공항,699,17:42:25,17:41:57,N,,N,2025-05-01T05:00:00,,20250619
2235,,상행,주말,김포도시철도,,4929,699,김포공항,김포도시철도,4921,구래,691,김포도시철도,4929,김포공항,699,,17:48:33,N,,N,2025-05-01T05:00:00,,20250619
2239,,상행,주말,김포도시철도,,4921,691,구래,김포도시철도,4921,구래,691,김포도시철도,4929,김포공항,699,17:31:00,,N,,N,2025-05-01T05:00:00,,20250619
2239,,상행,주말,김포도시철도,,4922,692,마산,김포도시철도,4921,구래,691,김포도시철도,4929,김포공항,699,17:34:12,17:33:44,N,,N,2025-05-01T05:00:00,,20250619
2239,,상행,주말,김포도시철도,,4923,693,장기,김포도시철도,4921,구래,691,김포도시철도,4929,김포공항,699,17:38:08,17:37:40,N,,N,2025-05-01T05:00:00,,20250619
2239,,상행,주말,김포도시철도,,4924,694,운양,김포도시철도,4921,구래,691,김포도시철도,4929,김포공항,699,17:40:39,17:40:11,N,,N,2025-05-01T05:00:00,,20250619
2239,,상행,주말,김포도시철도,,4925,695,걸포북변,김포도시철도,4921,구래,691,김포도시철도,4929,김포공항,699,17:44:45,17:44:17,N,,N,2025-05-01T05:00:00,,20250619
2239,,상행,주말,김포도시철도,,4926,696,사우,김포도시철도,4921,구래,691,김포도시철도,4929,김포공항,699,17:47:38,17:47:10,N,,N,2025-05-01T05:00:00,,20250619
2239,,상행,주말,김포도시철도,,4927,697,풍무,김포도시철도,4921,구래,691,김포도시철도,4929,김포공항,699,17:50:06,17:49:38,N,,N,2025-05-01T05:00:00,,20250619
2239,,상행,주말,김포도시철도,,4928,698,고촌,김포도시철도,4921,구래,691,김포도시철도,4929,김포공항,699,17:54:25,17:53:57,N,,N,2025-05-01T05:00:00,,20250619
2239,,상행,주말,김포도시철도,,4929,699,김포공항,김포도시철도,4921,구래,691,김포도시철도,4929,김포공항,699,,18:00:33,N,,N,2025-05-01T05:00:00,,20250619
2241,,상행,주말,김포도시철도,,4921,691,구래,김포도시철도,4921,구래,691,김포도시철도,4929,김포공항,699,17:37:00,,N,,N,2025-05-01T05:00:00,,20250619
2241,,상행,주말,김포도시철도,,4922,692,마산,김포도시철도,4921,구래,691,김포도시철도,4929,김포공항,699,17:40:12,17:39:44,N,,N,2025-05-01T05:00:00,,20250619
2241,,상행,주말,김포도시철도,,4923,693,장기,김포도시철도,4921,구래,691,김포도시철도,4929,김포공항,699,17:44:08,17:43:40,N,,N,2025-05-01T05:00:00,,20250619
2241,,상행,주말,김포도시철도,,4924,694,운양,김포도시철도,4921,구래,691,김포도시철도,4929,김포공항,699,17:46:39,17:46:11,N,,N,2025-05-01T05:00:00,,20250619
2241,,상행,주말,김포도시철도,,4925,695,걸포북변,김포도시철도,4921,구래,691,김포도시철도,4929,김포공항,699,17:50:45,17:50:17,N,,N,2025-05-01T05:00:00,,20250619
2241,,상행,주말,김포도시철도,,4926,696,사우,김포도시철도,4921,구래,691,김포도시철도,4929,김포공항,699,17:53:38,17:53:10,N,,N,2025-05-01T05:00:00,,20250619
2241,,상행,주말,김포도시철도,,4927,697,풍무,김포도시철도,4921,구래,691,김포도시철도,4929,김포공항,699,17:56:06,17:55:38,N,,N,2025-05-01T05:00:00,,20250619
2241,,상행,주말,김포도시철도,,4928,698,고촌,김포도시철도,4921,구래,691,김포도시철도,4929,김포공항,699,18:00:25,17:59:57,N,,N,2025-05-01T05:00:00,,20250619
2241,,상행,주말,김포도시철도,,4929,699,김포공항,김포도시철도,4921,구래,691,김포도시철도,4929,김포공항,699,,18:06:33,N,,N,2025-05-01T05:00:00,,20250619
2245,,상행,주말,김포도시철도,,4921,691,구래,김포도시철도,4921,구래,691,김포도시철도,4929,김포공항,699,17:49:00,,N,,N,2025-05-01T05:00:00,,20250619
2245,,상행,주말,김포도시철도,,4922,692,마산,김포도시철도,4921,구래,691,김포도시철도,4929,김포공항,699,17:52:12,17:51:44,N,,N,2025-05-01T05:00:00,,20250619
2245,,상행,주말,김포도시철도,,4923,693,장기,김포도시철도,4921,구래,691,김포도시철도,4929,김포공항,699,17:56:08,17:55:40,N,,N,2025-05-01T05:00:00,,20250619
2245,,상행,주말,김포도시철도,,4924,694,운양,김포도시철도,4921,구래,691,김포도시철도,4929,김포공항,699,17:58:39,17:58:11,N,,N,2025-05-01T05:00:00,,20250619
2245,,상행,주말,김포도시철도,,4925,695,걸포북변,김포도시철도,4921,구래,691,김포도시철도,4929,김포공항,699,18:02:45,18:02:17,N,,N,2025-05-01T05:00:00,,20250619
2245,,상행,주말,김포도시철도,,4926,696,사우,김포도시철도,4921,구래,691,김포도시철도,4929,김포공항,699,18:05:38,18:05:10,N,,N,2025-05-01T05:00:00,,20250619
2245,,상행,주말,김포도시철도,,4927,697,풍무,김포도시철도,4921,구래,691,김포도시철도,4929,김포공항,699,18:08:06,18:07:38,N,,N,2025-05-01T05:00:00,,20250619
2245,,상행,주말,김포도시철도,,4928,698,고촌,김포도시철도,4921,구래,691,김포도시철도,4929,김포공항,699,18:12:25,18:11:57,N,,N,2025-05-01T05:00:00,,20250619
2245,,상행,주말,김포도시철도,,4929,699,김포공항,김포도시철도,4921,구래,691,김포도시철도,4929,김포공항,699,,18:18:33,N,,N,2025-05-01T05:00:00,,20250619
2247,,상행,주말,김포도시철도,,4921,691,구래,김포도시철도,4921,구래,691,김포도시철도,4929,김포공항,699,17:55:00,,N,,N,2025-05-01T05:00:00,,20250619
2247,,상행,주말,김포도시철도,,4922,692,마산,김포도시철도,4921,구래,691,김포도시철도,4929,김포공항,699,17:58:12,17:57:44,N,,N,2025-05-01T05:00:00,,20250619
2247,,상행,주말,김포도시철도,,4923,693,장기,김포도시철도,4921,구래,691,김포도시철도,4929,김포공항,699,18:02:08,18:01:40,N,,N,2025-05-01T05:00:00,,20250619
2247,,상행,주말,김포도시철도,,4924,694,운양,김포도시철도,4921,구래,691,김포도시철도,4929,김포공항,699,18:04:39,18:04:11,N,,N,2025-05-01T05:00:00,,20250619
2247,,상행,주말,김포도시철도,,4925,695,걸포북변,김포도시철도,4921,구래,691,김포도시철도,4929,김포공항,699,18:08:45,18:08:17,N,,N,2025-05-01T05:00:00,,20250619
2247,,상행,주말,김포도시철도,,4926,696,사우,김포도시철도,4921,구래,691,김포도시철도,4929,김포공항,699,18:11:38,18:11:10,N,,N,2025-05-01T05:00:00,,20250619
2247,,상행,주말,김포도시철도,,4927,697,풍무,김포도시철도,4921,구래,691,김포도시철도,4929,김포공항,699,18:14:06,18:13:38,N,,N,2025-05-01T05:00:00,,20250619
2247,,상행,주말,김포도시철도,,4928,698,고촌,김포도시철도,4921,구래,691,김포도시철도,4929,김포공항,699,18:18:25,18:17:57,N,,N,2025-05-01T05:00:00,,20250619
2247,,상행,주말,김포도시철도,,4929,699,김포공항,김포도시철도,4921,구래,691,김포도시철도,4929,김포공항,699,,18:24:33,N,,N,2025-05-01T05:00:00,,20250619
2251,,상행,주말,김포도시철도,,4921,691,구래,김포도시철도,4921,구래,691,김포도시철도,4929,김포공항,699,18:07:00,,N,,N,2025-05-01T05:00:00,,20250619
2251,,상행,주말,김포도시철도,,4922,692,마산,김포도시철도,4921,구래,691,김포도시철도,4929,김포공항,699,18:10:12,18:09:44,N,,N,2025-05-01T05:00:00,,20250619
2251,,상행,주말,김포도시철도,,4923,693,장기,김포도시철도,4921,구래,691,김포도시철도,4929,김포공항,699,18:14:08,18:13:40,N,,N,2025-05-01T05:00:00,,20250619
2251,,상행,주말,김포도시철도,,4924,694,운양,김포도시철도,4921,구래,691,김포도시철도,4929,김포공항,699,18:16:39,18:16:11,N,,N,2025-05-01T05:00:00,,20250619
2251,,상행,주말,김포도시철도,,4925,695,걸포북변,김포도시철도,4921,구래,691,김포도시철도,4929,김포공항,699,18:20:45,18:20:17,N,,N,2025-05-01T05:00:00,,20250619
2251,,상행,주말,김포도시철도,,4926,696,사우,김포도시철도,4921,구래,691,김포도시철도,4929,김포공항,699,18:23:38,18:23:10,N,,N,2025-05-01T05:00:00,,20250619
2251,,상행,주말,김포도시철도,,4927,697,풍무,김포도시철도,4921,구래,691,김포도시철도,4929,김포공항,699,18:26:06,18:25:38,N,,N,2025-05-01T05:00:00,,20250619
2251,,상행,주말,김포도시철도,,4928,698,고촌,김포도시철도,4921,구래,691,김포도시철도,4929,김포공항,699,18:30:25,18:29:57,N,,N,2025-05-01T05:00:00,,20250619
2251,,상행,주말,김포도시철도,,4929,699,김포공항,김포도시철도,4921,구래,691,김포도시철도,4929,김포공항,699,,18:36:33,N,,N,2025-05-01T05:00:00,,20250619
2253,,상행,주말,김포도시철도,,4921,691,구래,김포도시철도,4921,구래,691,김포도시철도,4929,김포공항,699,18:13:00,,N,,N,2025-05-01T05:00:00,,20250619
2253,,상행,주말,김포도시철도,,4922,692,마산,김포도시철도,4921,구래,691,김포도시철도,4929,김포공항,699,18:16:12,18:15:44,N,,N,2025-05-01T05:00:00,,20250619
2253,,상행,주말,김포도시철도,,4923,693,장기,김포도시철도,4921,구래,691,김포도시철도,4929,김포공항,699,18:20:08,18:19:40,N,,N,2025-05-01T05:00:00,,20250619
2253,,상행,주말,김포도시철도,,4924,694,운양,김포도시철도,4921,구래,691,김포도시철도,4929,김포공항,699,18:22:39,18:22:11,N,,N,2025-05-01T05:00:00,,20250619
2253,,상행,주말,김포도시철도,,4925,695,걸포북변,김포도시철도,4921,구래,691,김포도시철도,4929,김포공항,699,18:26:45,18:26:17,N,,N,2025-05-01T05:00:00,,20250619
2253,,상행,주말,김포도시철도,,4926,696,사우,김포도시철도,4921,구래,691,김포도시철도,4929,김포공항,699,18:29:38,18:29:10,N,,N,2025-05-01T05:00:00,,20250619
2253,,상행,주말,김포도시철도,,4927,697,풍무,김포도시철도,4921,구래,691,김포도시철도,4929,김포공항,699,18:32:06,18:31:38,N,,N,2025-05-01T05:00:00,,20250619
2253,,상행,주말,김포도시철도,,4928,698,고촌,김포도시철도,4921,구래,691,김포도시철도,4929,김포공항,699,18:36:25,18:35:57,N,,N,2025-05-01T05:00:00,,20250619
2253,,상행,주말,김포도시철도,,4929,699,김포공항,김포도시철도,4921,구래,691,김포도시철도,4929,김포공항,699,,18:42:33,N,,N,2025-05-01T05:00:00,,20250619
2257,,상행,주말,김포도시철도,,4921,691,구래,김포도시철도,4921,구래,691,김포도시철도,4929,김포공항,699,18:25:00,,N,,N,2025-05-01T05:00:00,,20250619
2257,,상행,주말,김포도시철도,,4922,692,마산,김포도시철도,4921,구래,691,김포도시철도,4929,김포공항,699,18:28:12,18:27:44,N,,N,2025-05-01T05:00:00,,20250619
2257,,상행,주말,김포도시철도,,4923,693,장기,김포도시철도,4921,구래,691,김포도시철도,4929,김포공항,699,18:32:08,18:31:40,N,,N,2025-05-01T05:00:00,,20250619
2257,,상행,주말,김포도시철도,,4924,694,운양,김포도시철도,4921,구래,691,김포도시철도,4929,김포공항,699,18:34:39,18:34:11,N,,N,2025-05-01T05:00:00,,20250619
2257,,상행,주말,김포도시철도,,4925,695,걸포북변,김포도시철도,4921,구래,691,김포도시철도,4929,김포공항,699,18:38:45,18:38:17,N,,N,2025-05-01T05:00:00,,20250619
2257,,상행,주말,김포도시철도,,4926,696,사우,김포도시철도,4921,구래,691,김포도시철도,4929,김포공항,699,18:41:38,18:41:10,N,,N,2025-05-01T05:00:00,,20250619
2257,,상행,주말,김포도시철도,,4927,697,풍무,김포도시철도,4921,구래,691,김포도시철도,4929,김포공항,699,18:44:06,18:43:38,N,,N,2025-05-01T05:00:00,,20250619
2257,,상행,주말,김포도시철도,,4928,698,고촌,김포도시철도,4921,구래,691,김포도시철도,4929,김포공항,699,18:48:25,18:47:57,N,,N,2025-05-01T05:00:00,,20250619
2257,,상행,주말,김포도시철도,,4929,699,김포공항,김포도시철도,4921,구래,691,김포도시철도,4929,김포공항,699,,18:54:33,N,,N,2025-05-01T05:00:00,,20250619
2259,,상행,주말,김포도시철도,,4921,691,구래,김포도시철도,4921,구래,691,김포도시철도,4929,김포공항,699,18:31:00,,N,,N,2025-05-01T05:00:00,,20250619
2259,,상행,주말,김포도시철도,,4922,692,마산,김포도시철도,4921,구래,691,김포도시철도,4929,김포공항,699,18:34:12,18:33:44,N,,N,2025-05-01T05:00:00,,20250619
2259,,상행,주말,김포도시철도,,4923,693,장기,김포도시철도,4921,구래,691,김포도시철도,4929,김포공항,699,18:38:08,18:37:40,N,,N,2025-05-01T05:00:00,,20250619
2259,,상행,주말,김포도시철도,,4924,694,운양,김포도시철도,4921,구래,691,김포도시철도,4929,김포공항,699,18:40:39,18:40:11,N,,N,2025-05-01T05:00:00,,20250619
2259,,상행,주말,김포도시철도,,4925,695,걸포북변,김포도시철도,4921,구래,691,김포도시철도,4929,김포공항,699,18:44:45,18:44:17,N,,N,2025-05-01T05:00:00,,20250619
2259,,상행,주말,김포도시철도,,4926,696,사우,김포도시철도,4921,구래,691,김포도시철도,4929,김포공항,699,18:47:38,18:47:10,N,,N,2025-05-01T05:00:00,,20250619
2259,,상행,주말,김포도시철도,,4927,697,풍무,김포도시철도,4921,구래,691,김포도시철도,4929,김포공항,699,18:50:06,18:49:38,N,,N,2025-05-01T05:00:00,,20250619
2259,,상행,주말,김포도시철도,,4928,698,고촌,김포도시철도,4921,구래,691,김포도시철도,4929,김포공항,699,18:54:25,18:53:57,N,,N,2025-05-01T05:00:00,,20250619
2259,,상행,주말,김포도시철도,,4929,699,김포공항,김포도시철도,4921,구래,691,김포도시철도,4929,김포공항,699,,19:00:33,N,,N,2025-05-01T05:00:00,,20250619
2263,,상행,주말,김포도시철도,,4921,691,구래,김포도시철도,4921,구래,691,김포도시철도,4929,김포공항,699,18:43:00,,N,,N,2025-05-01T05:00:00,,20250619
2263,,상행,주말,김포도시철도,,4922,692,마산,김포도시철도,4921,구래,691,김포도시철도,4929,김포공항,699,18:46:12,18:45:44,N,,N,2025-05-01T05:00:00,,20250619
2263,,상행,주말,김포도시철도,,4923,693,장기,김포도시철도,4921,구래,691,김포도시철도,4929,김포공항,699,18:50:08,18:49:40,N,,N,2025-05-01T05:00:00,,20250619
2263,,상행,주말,김포도시철도,,4924,694,운양,김포도시철도,4921,구래,691,김포도시철도,4929,김포공항,699,18:52:39,18:52:11,N,,N,2025-05-01T05:00:00,,20250619
2263,,상행,주말,김포도시철도,,4925,695,걸포북변,김포도시철도,4921,구래,691,김포도시철도,4929,김포공항,699,18:56:45,18:56:17,N,,N,2025-05-01T05:00:00,,20250619
2263,,상행,주말,김포도시철도,,4926,696,사우,김포도시철도,4921,구래,691,김포도시철도,4929,김포공항,699,18:59:38,18:59:10,N,,N,2025-05-01T05:00:00,,20250619
2263,,상행,주말,김포도시철도,,4927,697,풍무,김포도시철도,4921,구래,691,김포도시철도,4929,김포공항,699,19:02:06,19:01:38,N,,N,2025-05-01T05:00:00,,20250619
2263,,상행,주말,김포도시철도,,4928,698,고촌,김포도시철도,4921,구래,691,김포도시철도,4929,김포공항,699,19:06:25,19:05:57,N,,N,2025-05-01T05:00:00,,20250619
2263,,상행,주말,김포도시철도,,4929,699,김포공항,김포도시철도,4921,구래,691,김포도시철도,4929,김포공항,699,,19:12:33,N,,N,2025-05-01T05:00:00,,20250619
2265,,상행,주말,김포도시철도,,4921,691,구래,김포도시철도,4921,구래,691,김포도시철도,4929,김포공항,699,18:49:00,,N,,N,2025-05-01T05:00:00,,20250619
2265,,상행,주말,김포도시철도,,4922,692,마산,김포도시철도,4921,구래,691,김포도시철도,4929,김포공항,699,18:52:12,18:51:44,N,,N,2025-05-01T05:00:00,,20250619
2265,,상행,주말,김포도시철도,,4923,693,장기,김포도시철도,4921,구래,691,김포도시철도,4929,김포공항,699,18:56:08,18:55:40,N,,N,2025-05-01T05:00:00,,20250619
2265,,상행,주말,김포도시철도,,4924,694,운양,김포도시철도,4921,구래,691,김포도시철도,4929,김포공항,699,18:58:39,18:58:11,N,,N,2025-05-01T05:00:00,,20250619
2265,,상행,주말,김포도시철도,,4925,695,걸포북변,김포도시철도,4921,구래,691,김포도시철도,4929,김포공항,699,19:02:45,19:02:17,N,,N,2025-05-01T05:00:00,,20250619
2265,,상행,주말,김포도시철도,,4926,696,사우,김포도시철도,4921,구래,691,김포도시철도,4929,김포공항,699,19:05:38,19:05:10,N,,N,2025-05-01T05:00:00,,20250619
2265,,상행,주말,김포도시철도,,4927,697,풍무,김포도시철도,4921,구래,691,김포도시철도,4929,김포공항,699,19:08:06,19:07:38,N,,N,2025-05-01T05:00:00,,20250619
2265,,상행,주말,김포도시철도,,4928,698,고촌,김포도시철도,4921,구래,691,김포도시철도,4929,김포공항,699,19:12:25,19:11:57,N,,N,2025-05-01T05:00:00,,20250619
2265,,상행,주말,김포도시철도,,4929,699,김포공항,김포도시철도,4921,구래,691,김포도시철도,4929,김포공항,699,,19:18:33,N,,N,2025-05-01T05:00:00,,20250619
2269,,상행,주말,김포도시철도,,4921,691,구래,김포도시철도,4921,구래,691,김포도시철도,4929,김포공항,699,19:01:00,,N,,N,2025-05-01T05:00:00,,20250619
2269,,상행,주말,김포도시철도,,4922,692,마산,김포도시철도,4921,구래,691,김포도시철도,4929,김포공항,699,19:04:12,19:03:44,N,,N,2025-05-01T05:00:00,,20250619
2269,,상행,주말,김포도시철도,,4923,693,장기,김포도시철도,4921,구래,691,김포도시철도,4929,김포공항,699,19:08:08,19:07:40,N,,N,2025-05-01T05:00:00,,20250619
2269,,상행,주말,김포도시철도,,4924,694,운양,김포도시철도,4921,구래,691,김포도시철도,4929,김포공항,699,19:10:39,19:10:11,N,,N,2025-05-01T05:00:00,,20250619
2269,,상행,주말,김포도시철도,,4925,695,걸포북변,김포도시철도,4921,구래,691,김포도시철도,4929,김포공항,699,19:14:45,19:14:17,N,,N,2025-05-01T05:00:00,,20250619
2269,,상행,주말,김포도시철도,,4926,696,사우,김포도시철도,4921,구래,691,김포도시철도,4929,김포공항,699,19:17:38,19:17:10,N,,N,2025-05-01T05:00:00,,20250619
2269,,상행,주말,김포도시철도,,4927,697,풍무,김포도시철도,4921,구래,691,김포도시철도,4929,김포공항,699,19:20:06,19:19:38,N,,N,2025-05-01T05:00:00,,20250619
2269,,상행,주말,김포도시철도,,4928,698,고촌,김포도시철도,4921,구래,691,김포도시철도,4929,김포공항,699,19:24:25,19:23:57,N,,N,2025-05-01T05:00:00,,20250619
2269,,상행,주말,김포도시철도,,4929,699,김포공항,김포도시철도,4921,구래,691,김포도시철도,4929,김포공항,699,,19:30:33,N,,N,2025-05-01T05:00:00,,20250619
2271,,상행,주말,김포도시철도,,4921,691,구래,김포도시철도,4921,구래,691,김포도시철도,4929,김포공항,699,19:07:00,,N,,N,2025-05-01T05:00:00,,20250619
2271,,상행,주말,김포도시철도,,4922,692,마산,김포도시철도,4921,구래,691,김포도시철도,4929,김포공항,699,19:10:12,19:09:44,N,,N,2025-05-01T05:00:00,,20250619
2271,,상행,주말,김포도시철도,,4923,693,장기,김포도시철도,4921,구래,691,김포도시철도,4929,김포공항,699,19:14:08,19:13:40,N,,N,2025-05-01T05:00:00,,20250619
2271,,상행,주말,김포도시철도,,4924,694,운양,김포도시철도,4921,구래,691,김포도시철도,4929,김포공항,699,19:16:39,19:16:11,N,,N,2025-05-01T05:00:00,,20250619
2271,,상행,주말,김포도시철도,,4925,695,걸포북변,김포도시철도,4921,구래,691,김포도시철도,4929,김포공항,699,19:20:45,19:20:17,N,,N,2025-05-01T05:00:00,,20250619
2271,,상행,주말,김포도시철도,,4926,696,사우,김포도시철도,4921,구래,691,김포도시철도,4929,김포공항,699,19:23:38,19:23:10,N,,N,2025-05-01T05:00:00,,20250619
2271,,상행,주말,김포도시철도,,4927,697,풍무,김포도시철도,4921,구래,691,김포도시철도,4929,김포공항,699,19:26:06,19:25:38,N,,N,2025-05-01T05:00:00,,20250619
2271,,상행,주말,김포도시철도,,4928,698,고촌,김포도시철도,4921,구래,691,김포도시철도,4929,김포공항,699,19:30:25,19:29:57,N,,N,2025-05-01T05:00:00,,20250619
2271,,상행,주말,김포도시철도,,4929,699,김포공항,김포도시철도,4921,구래,691,김포도시철도,4929,김포공항,699,,19:36:33,N,,N,2025-05-01T05:00:00,,20250619
2275,,상행,주말,김포도시철도,,4921,691,구래,김포도시철도,4921,구래,691,김포도시철도,4929,김포공항,699,19:19:00,,N,,N,2025-05-01T05:00:00,,20250619
2275,,상행,주말,김포도시철도,,4922,692,마산,김포도시철도,4921,구래,691,김포도시철도,4929,김포공항,699,19:22:12,19:21:44,N,,N,2025-05-01T05:00:00,,20250619
2275,,상행,주말,김포도시철도,,4923,693,장기,김포도시철도,4921,구래,691,김포도시철도,4929,김포공항,699,19:26:08,19:25:40,N,,N,2025-05-01T05:00:00,,20250619
2275,,상행,주말,김포도시철도,,4924,694,운양,김포도시철도,4921,구래,691,김포도시철도,4929,김포공항,699,19:28:39,19:28:11,N,,N,2025-05-01T05:00:00,,20250619
2275,,상행,주말,김포도시철도,,4925,695,걸포북변,김포도시철도,4921,구래,691,김포도시철도,4929,김포공항,699,19:32:45,19:32:17,N,,N,2025-05-01T05:00:00,,20250619
2275,,상행,주말,김포도시철도,,4926,696,사우,김포도시철도,4921,구래,691,김포도시철도,4929,김포공항,699,19:35:38,19:35:10,N,,N,2025-05-01T05:00:00,,20250619
2275,,상행,주말,김포도시철도,,4927,697,풍무,김포도시철도,4921,구래,691,김포도시철도,4929,김포공항,699,19:38:06,19:37:38,N,,N,2025-05-01T05:00:00,,20250619
2275,,상행,주말,김포도시철도,,4928,698,고촌,김포도시철도,4921,구래,691,김포도시철도,4929,김포공항,699,19:42:25,19:41:57,N,,N,2025-05-01T05:00:00,,20250619
2275,,상행,주말,김포도시철도,,4929,699,김포공항,김포도시철도,4921,구래,691,김포도시철도,4929,김포공항,699,,19:48:33,N,,N,2025-05-01T05:00:00,,20250619
2277,,상행,주말,김포도시철도,,4921,691,구래,김포도시철도,4921,구래,691,김포도시철도,4929,김포공항,699,19:25:00,,N,,N,2025-05-01T05:00:00,,20250619
2277,,상행,주말,김포도시철도,,4922,692,마산,김포도시철도,4921,구래,691,김포도시철도,4929,김포공항,699,19:28:12,19:27:44,N,,N,2025-05-01T05:00:00,,20250619
2277,,상행,주말,김포도시철도,,4923,693,장기,김포도시철도,4921,구래,691,김포도시철도,4929,김포공항,699,19:32:08,19:31:40,N,,N,2025-05-01T05:00:00,,20250619
2277,,상행,주말,김포도시철도,,4924,694,운양,김포도시철도,4921,구래,691,김포도시철도,4929,김포공항,699,19:34:39,19:34:11,N,,N,2025-05-01T05:00:00,,20250619
2277,,상행,주말,김포도시철도,,4925,695,걸포북변,김포도시철도,4921,구래,691,김포도시철도,4929,김포공항,699,19:38:45,19:38:17,N,,N,2025-05-01T05:00:00,,20250619
2277,,상행,주말,김포도시철도,,4926,696,사우,김포도시철도,4921,구래,691,김포도시철도,4929,김포공항,699,19:41:38,19:41:10,N,,N,2025-05-01T05:00:00,,20250619
2277,,상행,주말,김포도시철도,,4927,697,풍무,김포도시철도,4921,구래,691,김포도시철도,4929,김포공항,699,19:44:06,19:43:38,N,,N,2025-05-01T05:00:00,,20250619
2277,,상행,주말,김포도시철도,,4928,698,고촌,김포도시철도,4921,구래,691,김포도시철도,4929,김포공항,699,19:48:25,19:47:57,N,,N,2025-05-01T05:00:00,,20250619
2277,,상행,주말,김포도시철도,,4929,699,김포공항,김포도시철도,4921,구래,691,김포도시철도,4929,김포공항,699,,19:54:33,N,,N,2025-05-01T05:00:00,,20250619
2281,,상행,주말,김포도시철도,,4921,691,구래,김포도시철도,4921,구래,691,김포도시철도,4929,김포공항,699,19:37:00,,N,,N,2025-05-01T05:00:00,,20250619
2281,,상행,주말,김포도시철도,,4922,692,마산,김포도시철도,4921,구래,691,김포도시철도,4929,김포공항,699,19:40:12,19:39:44,N,,N,2025-05-01T05:00:00,,20250619
2281,,상행,주말,김포도시철도,,4923,693,장기,김포도시철도,4921,구래,691,김포도시철도,4929,김포공항,699,19:44:08,19:43:40,N,,N,2025-05-01T05:00:00,,20250619
2281,,상행,주말,김포도시철도,,4924,694,운양,김포도시철도,4921,구래,691,김포도시철도,4929,김포공항,699,19:46:39,19:46:11,N,,N,2025-05-01T05:00:00,,20250619
2281,,상행,주말,김포도시철도,,4925,695,걸포북변,김포도시철도,4921,구래,691,김포도시철도,4929,김포공항,699,19:50:45,19:50:17,N,,N,2025-05-01T05:00:00,,20250619
2281,,상행,주말,김포도시철도,,4926,696,사우,김포도시철도,4921,구래,691,김포도시철도,4929,김포공항,699,19:53:38,19:53:10,N,,N,2025-05-01T05:00:00,,20250619
2281,,상행,주말,김포도시철도,,4927,697,풍무,김포도시철도,4921,구래,691,김포도시철도,4929,김포공항,699,19:56:06,19:55:38,N,,N,2025-05-01T05:00:00,,20250619
2281,,상행,주말,김포도시철도,,4928,698,고촌,김포도시철도,4921,구래,691,김포도시철도,4929,김포공항,699,20:00:25,19:59:57,N,,N,2025-05-01T05:00:00,,20250619
2281,,상행,주말,김포도시철도,,4929,699,김포공항,김포도시철도,4921,구래,691,김포도시철도,4929,김포공항,699,,20:06:33,N,,N,2025-05-01T05:00:00,,20250619
2283,,상행,주말,김포도시철도,,4921,691,구래,김포도시철도,4921,구래,691,김포도시철도,4929,김포공항,699,19:43:00,,N,,N,2025-05-01T05:00:00,,20250619
2283,,상행,주말,김포도시철도,,4922,692,마산,김포도시철도,4921,구래,691,김포도시철도,4929,김포공항,699,19:46:12,19:45:44,N,,N,2025-05-01T05:00:00,,20250619
2283,,상행,주말,김포도시철도,,4923,693,장기,김포도시철도,4921,구래,691,김포도시철도,4929,김포공항,699,19:50:08,19:49:40,N,,N,2025-05-01T05:00:00,,20250619
2283,,상행,주말,김포도시철도,,4924,694,운양,김포도시철도,4921,구래,691,김포도시철도,4929,김포공항,699,19:52:39,19:52:11,N,,N,2025-05-01T05:00:00,,20250619
2283,,상행,주말,김포도시철도,,4925,695,걸포북변,김포도시철도,4921,구래,691,김포도시철도,4929,김포공항,699,19:56:45,19:56:17,N,,N,2025-05-01T05:00:00,,20250619
2283,,상행,주말,김포도시철도,,4926,696,사우,김포도시철도,4921,구래,691,김포도시철도,4929,김포공항,699,19:59:38,19:59:10,N,,N,2025-05-01T05:00:00,,20250619
2283,,상행,주말,김포도시철도,,4927,697,풍무,김포도시철도,4921,구래,691,김포도시철도,4929,김포공항,699,20:02:06,20:01:38,N,,N,2025-05-01T05:00:00,,20250619
2283,,상행,주말,김포도시철도,,4928,698,고촌,김포도시철도,4921,구래,691,김포도시철도,4929,김포공항,699,20:06:25,20:05:57,N,,N,2025-05-01T05:00:00,,20250619
2283,,상행,주말,김포도시철도,,4929,699,김포공항,김포도시철도,4921,구래,691,김포도시철도,4929,김포공항,699,,20:12:33,N,,N,2025-05-01T05:00:00,,20250619
2287,,상행,주말,김포도시철도,,4921,691,구래,김포도시철도,4921,구래,691,김포도시철도,4929,김포공항,699,19:55:00,,N,,N,2025-05-01T05:00:00,,20250619
2287,,상행,주말,김포도시철도,,4922,692,마산,김포도시철도,4921,구래,691,김포도시철도,4929,김포공항,699,19:58:12,19:57:44,N,,N,2025-05-01T05:00:00,,20250619
2287,,상행,주말,김포도시철도,,4923,693,장기,김포도시철도,4921,구래,691,김포도시철도,4929,김포공항,699,20:02:08,20:01:40,N,,N,2025-05-01T05:00:00,,20250619
2287,,상행,주말,김포도시철도,,4924,694,운양,김포도시철도,4921,구래,691,김포도시철도,4929,김포공항,699,20:04:39,20:04:11,N,,N,2025-05-01T05:00:00,,20250619
2287,,상행,주말,김포도시철도,,4925,695,걸포북변,김포도시철도,4921,구래,691,김포도시철도,4929,김포공항,699,20:08:45,20:08:17,N,,N,2025-05-01T05:00:00,,20250619
2287,,상행,주말,김포도시철도,,4926,696,사우,김포도시철도,4921,구래,691,김포도시철도,4929,김포공항,699,20:11:38,20:11:10,N,,N,2025-05-01T05:00:00,,20250619
2287,,상행,주말,김포도시철도,,4927,697,풍무,김포도시철도,4921,구래,691,김포도시철도,4929,김포공항,699,20:14:06,20:13:38,N,,N,2025-05-01T05:00:00,,20250619
2287,,상행,주말,김포도시철도,,4928,698,고촌,김포도시철도,4921,구래,691,김포도시철도,4929,김포공항,699,20:18:25,20:17:57,N,,N,2025-05-01T05:00:00,,20250619
2287,,상행,주말,김포도시철도,,4929,699,김포공항,김포도시철도,4921,구래,691,김포도시철도,4929,김포공항,699,,20:24:33,N,,N,2025-05-01T05:00:00,,20250619
2289,,상행,주말,김포도시철도,,4921,691,구래,김포도시철도,4921,구래,691,김포도시철도,4929,김포공항,699,20:01:00,,N,,N,2025-05-01T05:00:00,,20250619
2289,,상행,주말,김포도시철도,,4922,692,마산,김포도시철도,4921,구래,691,김포도시철도,4929,김포공항,699,20:04:12,20:03:44,N,,N,2025-05-01T05:00:00,,20250619
2289,,상행,주말,김포도시철도,,4923,693,장기,김포도시철도,4921,구래,691,김포도시철도,4929,김포공항,699,20:08:08,20:07:40,N,,N,2025-05-01T05:00:00,,20250619
2289,,상행,주말,김포도시철도,,4924,694,운양,김포도시철도,4921,구래,691,김포도시철도,4929,김포공항,699,20:10:39,20:10:11,N,,N,2025-05-01T05:00:00,,20250619
2289,,상행,주말,김포도시철도,,4925,695,걸포북변,김포도시철도,4921,구래,691,김포도시철도,4929,김포공항,699,20:14:45,20:14:17,N,,N,2025-05-01T05:00:00,,20250619
2289,,상행,주말,김포도시철도,,4926,696,사우,김포도시철도,4921,구래,691,김포도시철도,4929,김포공항,699,20:17:38,20:17:10,N,,N,2025-05-01T05:00:00,,20250619
2289,,상행,주말,김포도시철도,,4927,697,풍무,김포도시철도,4921,구래,691,김포도시철도,4929,김포공항,699,20:20:06,20:19:38,N,,N,2025-05-01T05:00:00,,20250619
2289,,상행,주말,김포도시철도,,4928,698,고촌,김포도시철도,4921,구래,691,김포도시철도,4929,김포공항,699,20:24:25,20:23:57,N,,N,2025-05-01T05:00:00,,20250619
2289,,상행,주말,김포도시철도,,4929,699,김포공항,김포도시철도,4921,구래,691,김포도시철도,4929,김포공항,699,,20:30:33,N,,N,2025-05-01T05:00:00,,20250619
2293,,상행,주말,김포도시철도,,4921,691,구래,김포도시철도,4921,구래,691,김포도시철도,4929,김포공항,699,20:13:00,,N,,N,2025-05-01T05:00:00,,20250619
2293,,상행,주말,김포도시철도,,4922,692,마산,김포도시철도,4921,구래,691,김포도시철도,4929,김포공항,699,20:16:12,20:15:44,N,,N,2025-05-01T05:00:00,,20250619
2293,,상행,주말,김포도시철도,,4923,693,장기,김포도시철도,4921,구래,691,김포도시철도,4929,김포공항,699,20:20:08,20:19:40,N,,N,2025-05-01T05:00:00,,20250619
2293,,상행,주말,김포도시철도,,4924,694,운양,김포도시철도,4921,구래,691,김포도시철도,4929,김포공항,699,20:22:39,20:22:11,N,,N,2025-05-01T05:00:00,,20250619
2293,,상행,주말,김포도시철도,,4925,695,걸포북변,김포도시철도,4921,구래,691,김포도시철도,4929,김포공항,699,20:26:45,20:26:17,N,,N,2025-05-01T05:00:00,,20250619
2293,,상행,주말,김포도시철도,,4926,696,사우,김포도시철도,4921,구래,691,김포도시철도,4929,김포공항,699,20:29:38,20:29:10,N,,N,2025-05-01T05:00:00,,20250619
2293,,상행,주말,김포도시철도,,4927,697,풍무,김포도시철도,4921,구래,691,김포도시철도,4929,김포공항,699,20:32:06,20:31:38,N,,N,2025-05-01T05:00:00,,20250619
2293,,상행,주말,김포도시철도,,4928,698,고촌,김포도시철도,4921,구래,691,김포도시철도,4929,김포공항,699,20:36:25,20:35:57,N,,N,2025-05-01T05:00:00,,20250619
2293,,상행,주말,김포도시철도,,4929,699,김포공항,김포도시철도,4921,구래,691,김포도시철도,4929,김포공항,699,,20:42:33,N,,N,2025-05-01T05:00:00,,20250619
2295,,상행,주말,김포도시철도,,4921,691,구래,김포도시철도,4921,구래,691,김포도시철도,4929,김포공항,699,20:19:00,,N,,N,2025-05-01T05:00:00,,20250619
2295,,상행,주말,김포도시철도,,4922,692,마산,김포도시철도,4921,구래,691,김포도시철도,4929,김포공항,699,20:22:12,20:21:44,N,,N,2025-05-01T05:00:00,,20250619
2295,,상행,주말,김포도시철도,,4923,693,장기,김포도시철도,4921,구래,691,김포도시철도,4929,김포공항,699,20:26:08,20:25:40,N,,N,2025-05-01T05:00:00,,20250619
2295,,상행,주말,김포도시철도,,4924,694,운양,김포도시철도,4921,구래,691,김포도시철도,4929,김포공항,699,20:28:39,20:28:11,N,,N,2025-05-01T05:00:00,,20250619
2295,,상행,주말,김포도시철도,,4925,695,걸포북변,김포도시철도,4921,구래,691,김포도시철도,4929,김포공항,699,20:32:45,20:32:17,N,,N,2025-05-01T05:00:00,,20250619
2295,,상행,주말,김포도시철도,,4926,696,사우,김포도시철도,4921,구래,691,김포도시철도,4929,김포공항,699,20:35:38,20:35:10,N,,N,2025-05-01T05:00:00,,20250619
2295,,상행,주말,김포도시철도,,4927,697,풍무,김포도시철도,4921,구래,691,김포도시철도,4929,김포공항,699,20:38:06,20:37:38,N,,N,2025-05-01T05:00:00,,20250619
2295,,상행,주말,김포도시철도,,4928,698,고촌,김포도시철도,4921,구래,691,김포도시철도,4929,김포공항,699,20:42:25,20:41:57,N,,N,2025-05-01T05:00:00,,20250619
2295,,상행,주말,김포도시철도,,4929,699,김포공항,김포도시철도,4921,구래,691,김포도시철도,4929,김포공항,699,,20:48:33,N,,N,2025-05-01T05:00:00,,20250619
2299,,상행,주말,김포도시철도,,4921,691,구래,김포도시철도,4921,구래,691,김포도시철도,4929,김포공항,699,20:31:00,,N,,N,2025-05-01T05:00:00,,20250619
2299,,상행,주말,김포도시철도,,4922,692,마산,김포도시철도,4921,구래,691,김포도시철도,4929,김포공항,699,20:34:12,20:33:44,N,,N,2025-05-01T05:00:00,,20250619
2299,,상행,주말,김포도시철도,,4923,693,장기,김포도시철도,4921,구래,691,김포도시철도,4929,김포공항,699,20:38:08,20:37:40,N,,N,2025-05-01T05:00:00,,20250619
2299,,상행,주말,김포도시철도,,4924,694,운양,김포도시철도,4921,구래,691,김포도시철도,4929,김포공항,699,20:40:39,20:40:11,N,,N,2025-05-01T05:00:00,,20250619
2299,,상행,주말,김포도시철도,,4925,695,걸포북변,김포도시철도,4921,구래,691,김포도시철도,4929,김포공항,699,20:44:45,20:44:17,N,,N,2025-05-01T05:00:00,,20250619
2299,,상행,주말,김포도시철도,,4926,696,사우,김포도시철도,4921,구래,691,김포도시철도,4929,김포공항,699,20:47:38,20:47:10,N,,N,2025-05-01T05:00:00,,20250619
2299,,상행,주말,김포도시철도,,4927,697,풍무,김포도시철도,4921,구래,691,김포도시철도,4929,김포공항,699,20:50:06,20:49:38,N,,N,2025-05-01T05:00:00,,20250619
2299,,상행,주말,김포도시철도,,4928,698,고촌,김포도시철도,4921,구래,691,김포도시철도,4929,김포공항,699,20:54:25,20:53:57,N,,N,2025-05-01T05:00:00,,20250619
2299,,상행,주말,김포도시철도,,4929,699,김포공항,김포도시철도,4921,구래,691,김포도시철도,4929,김포공항,699,,21:00:33,N,,N,2025-05-01T05:00:00,,20250619
2301,,상행,주말,김포도시철도,,4921,691,구래,김포도시철도,4921,구래,691,김포도시철도,4929,김포공항,699,20:37:00,,N,,N,2025-05-01T05:00:00,,20250619
2301,,상행,주말,김포도시철도,,4922,692,마산,김포도시철도,4921,구래,691,김포도시철도,4929,김포공항,699,20:40:12,20:39:44,N,,N,2025-05-01T05:00:00,,20250619
2301,,상행,주말,김포도시철도,,4923,693,장기,김포도시철도,4921,구래,691,김포도시철도,4929,김포공항,699,20:44:08,20:43:40,N,,N,2025-05-01T05:00:00,,20250619
2301,,상행,주말,김포도시철도,,4924,694,운양,김포도시철도,4921,구래,691,김포도시철도,4929,김포공항,699,20:46:39,20:46:11,N,,N,2025-05-01T05:00:00,,20250619
2301,,상행,주말,김포도시철도,,4925,695,걸포북변,김포도시철도,4921,구래,691,김포도시철도,4929,김포공항,699,20:50:45,20:50:17,N,,N,2025-05-01T05:00:00,,20250619
2301,,상행,주말,김포도시철도,,4926,696,사우,김포도시철도,4921,구래,691,김포도시철도,4929,김포공항,699,20:53:38,20:53:10,N,,N,2025-05-01T05:00:00,,20250619
2301,,상행,주말,김포도시철도,,4927,697,풍무,김포도시철도,4921,구래,691,김포도시철도,4929,김포공항,699,20:56:06,20:55:38,N,,N,2025-05-01T05:00:00,,20250619
2301,,상행,주말,김포도시철도,,4928,698,고촌,김포도시철도,4921,구래,691,김포도시철도,4929,김포공항,699,21:00:25,20:59:57,N,,N,2025-05-01T05:00:00,,20250619
2301,,상행,주말,김포도시철도,,4929,699,김포공항,김포도시철도,4921,구래,691,김포도시철도,4929,김포공항,699,,21:06:33,N,,N,2025-05-01T05:00:00,,20250619
2305,,상행,주말,김포도시철도,,4921,691,구래,김포도시철도,4921,구래,691,김포도시철도,4929,김포공항,699,20:49:00,,N,,N,2025-05-01T05:00:00,,20250619
2305,,상행,주말,김포도시철도,,4922,692,마산,김포도시철도,4921,구래,691,김포도시철도,4929,김포공항,699,20:52:12,20:51:44,N,,N,2025-05-01T05:00:00,,20250619
2305,,상행,주말,김포도시철도,,4923,693,장기,김포도시철도,4921,구래,691,김포도시철도,4929,김포공항,699,20:56:08,20:55:40,N,,N,2025-05-01T05:00:00,,20250619
2305,,상행,주말,김포도시철도,,4924,694,운양,김포도시철도,4921,구래,691,김포도시철도,4929,김포공항,699,20:58:39,20:58:11,N,,N,2025-05-01T05:00:00,,20250619
2305,,상행,주말,김포도시철도,,4925,695,걸포북변,김포도시철도,4921,구래,691,김포도시철도,4929,김포공항,699,21:02:45,21:02:17,N,,N,2025-05-01T05:00:00,,20250619
2305,,상행,주말,김포도시철도,,4926,696,사우,김포도시철도,4921,구래,691,김포도시철도,4929,김포공항,699,21:05:38,21:05:10,N,,N,2025-05-01T05:00:00,,20250619
2305,,상행,주말,김포도시철도,,4927,697,풍무,김포도시철도,4921,구래,691,김포도시철도,4929,김포공항,699,21:08:06,21:07:38,N,,N,2025-05-01T05:00:00,,20250619
2305,,상행,주말,김포도시철도,,4928,698,고촌,김포도시철도,4921,구래,691,김포도시철도,4929,김포공항,699,21:12:25,21:11:57,N,,N,2025-05-01T05:00:00,,20250619
2305,,상행,주말,김포도시철도,,4929,699,김포공항,김포도시철도,4921,구래,691,김포도시철도,4929,김포공항,699,,21:18:33,N,,N,2025-05-01T05:00:00,,20250619
2307,,상행,주말,김포도시철도,,4921,691,구래,김포도시철도,4921,구래,691,김포도시철도,4929,김포공항,699,20:55:00,,N,,N,2025-05-01T05:00:00,,20250619
2307,,상행,주말,김포도시철도,,4922,692,마산,김포도시철도,4921,구래,691,김포도시철도,4929,김포공항,699,20:58:12,20:57:44,N,,N,2025-05-01T05:00:00,,20250619
2307,,상행,주말,김포도시철도,,4923,693,장기,김포도시철도,4921,구래,691,김포도시철도,4929,김포공항,699,21:02:08,21:01:40,N,,N,2025-05-01T05:00:00,,20250619
2307,,상행,주말,김포도시철도,,4924,694,운양,김포도시철도,4921,구래,691,김포도시철도,4929,김포공항,699,21:04:39,21:04:11,N,,N,2025-05-01T05:00:00,,20250619
2307,,상행,주말,김포도시철도,,4925,695,걸포북변,김포도시철도,4921,구래,691,김포도시철도,4929,김포공항,699,21:08:45,21:08:17,N,,N,2025-05-01T05:00:00,,20250619
2307,,상행,주말,김포도시철도,,4926,696,사우,김포도시철도,4921,구래,691,김포도시철도,4929,김포공항,699,21:11:38,21:11:10,N,,N,2025-05-01T05:00:00,,20250619
2307,,상행,주말,김포도시철도,,4927,697,풍무,김포도시철도,4921,구래,691,김포도시철도,4929,김포공항,699,21:14:06,21:13:38,N,,N,2025-05-01T05:00:00,,20250619
2307,,상행,주말,김포도시철도,,4928,698,고촌,김포도시철도,4921,구래,691,김포도시철도,4929,김포공항,699,21:18:25,21:17:57,N,,N,2025-05-01T05:00:00,,20250619
2307,,상행,주말,김포도시철도,,4929,699,김포공항,김포도시철도,4921,구래,691,김포도시철도,4929,김포공항,699,,21:24:33,N,,N,2025-05-01T05:00:00,,20250619
2311,,상행,주말,김포도시철도,,4921,691,구래,김포도시철도,4921,구래,691,김포도시철도,4929,김포공항,699,21:07:00,,N,,N,2025-05-01T05:00:00,,20250619
2311,,상행,주말,김포도시철도,,4922,692,마산,김포도시철도,4921,구래,691,김포도시철도,4929,김포공항,699,21:10:12,21:09:44,N,,N,2025-05-01T05:00:00,,20250619
2311,,상행,주말,김포도시철도,,4923,693,장기,김포도시철도,4921,구래,691,김포도시철도,4929,김포공항,699,21:14:08,21:13:40,N,,N,2025-05-01T05:00:00,,20250619
2311,,상행,주말,김포도시철도,,4924,694,운양,김포도시철도,4921,구래,691,김포도시철도,4929,김포공항,699,21:16:39,21:16:11,N,,N,2025-05-01T05:00:00,,20250619
2311,,상행,주말,김포도시철도,,4925,695,걸포북변,김포도시철도,4921,구래,691,김포도시철도,4929,김포공항,699,21:20:45,21:20:17,N,,N,2025-05-01T05:00:00,,20250619
2311,,상행,주말,김포도시철도,,4926,696,사우,김포도시철도,4921,구래,691,김포도시철도,4929,김포공항,699,21:23:38,21:23:10,N,,N,2025-05-01T05:00:00,,20250619
2311,,상행,주말,김포도시철도,,4927,697,풍무,김포도시철도,4921,구래,691,김포도시철도,4929,김포공항,699,21:26:06,21:25:38,N,,N,2025-05-01T05:00:00,,20250619
2311,,상행,주말,김포도시철도,,4928,698,고촌,김포도시철도,4921,구래,691,김포도시철도,4929,김포공항,699,21:30:25,21:29:57,N,,N,2025-05-01T05:00:00,,20250619
2311,,상행,주말,김포도시철도,,4929,699,김포공항,김포도시철도,4921,구래,691,김포도시철도,4929,김포공항,699,,21:36:33,N,,N,2025-05-01T05:00:00,,20250619
2313,,상행,주말,김포도시철도,,4921,691,구래,김포도시철도,4921,구래,691,김포도시철도,4929,김포공항,699,21:13:00,,N,,N,2025-05-01T05:00:00,,20250619
2313,,상행,주말,김포도시철도,,4922,692,마산,김포도시철도,4921,구래,691,김포도시철도,4929,김포공항,699,21:16:12,21:15:44,N,,N,2025-05-01T05:00:00,,20250619
2313,,상행,주말,김포도시철도,,4923,693,장기,김포도시철도,4921,구래,691,김포도시철도,4929,김포공항,699,21:20:08,21:19:40,N,,N,2025-05-01T05:00:00,,20250619
2313,,상행,주말,김포도시철도,,4924,694,운양,김포도시철도,4921,구래,691,김포도시철도,4929,김포공항,699,21:22:39,21:22:11,N,,N,2025-05-01T05:00:00,,20250619
2313,,상행,주말,김포도시철도,,4925,695,걸포북변,김포도시철도,4921,구래,691,김포도시철도,4929,김포공항,699,21:26:45,21:26:17,N,,N,2025-05-01T05:00:00,,20250619
2313,,상행,주말,김포도시철도,,4926,696,사우,김포도시철도,4921,구래,691,김포도시철도,4929,김포공항,699,21:29:38,21:29:10,N,,N,2025-05-01T05:00:00,,20250619
2313,,상행,주말,김포도시철도,,4927,697,풍무,김포도시철도,4921,구래,691,김포도시철도,4929,김포공항,699,21:32:06,21:31:38,N,,N,2025-05-01T05:00:00,,20250619
2313,,상행,주말,김포도시철도,,4928,698,고촌,김포도시철도,4921,구래,691,김포도시철도,4929,김포공항,699,21:36:25,21:35:57,N,,N,2025-05-01T05:00:00,,20250619
2313,,상행,주말,김포도시철도,,4929,699,김포공항,김포도시철도,4921,구래,691,김포도시철도,4929,김포공항,699,,21:42:33,N,,N,2025-05-01T05:00:00,,20250619
2317,,상행,주말,김포도시철도,,4921,691,구래,김포도시철도,4921,구래,691,김포도시철도,4929,김포공항,699,21:25:00,,N,,N,2025-05-01T05:00:00,,20250619
2317,,상행,주말,김포도시철도,,4922,692,마산,김포도시철도,4921,구래,691,김포도시철도,4929,김포공항,699,21:28:12,21:27:44,N,,N,2025-05-01T05:00:00,,20250619
2317,,상행,주말,김포도시철도,,4923,693,장기,김포도시철도,4921,구래,691,김포도시철도,4929,김포공항,699,21:32:08,21:31:40,N,,N,2025-05-01T05:00:00,,20250619
2317,,상행,주말,김포도시철도,,4924,694,운양,김포도시철도,4921,구래,691,김포도시철도,4929,김포공항,699,21:34:39,21:34:11,N,,N,2025-05-01T05:00:00,,20250619
2317,,상행,주말,김포도시철도,,4925,695,걸포북변,김포도시철도,4921,구래,691,김포도시철도,4929,김포공항,699,21:38:45,21:38:17,N,,N,2025-05-01T05:00:00,,20250619
2317,,상행,주말,김포도시철도,,4926,696,사우,김포도시철도,4921,구래,691,김포도시철도,4929,김포공항,699,21:41:38,21:41:10,N,,N,2025-05-01T05:00:00,,20250619
2317,,상행,주말,김포도시철도,,4927,697,풍무,김포도시철도,4921,구래,691,김포도시철도,4929,김포공항,699,21:44:06,21:43:38,N,,N,2025-05-01T05:00:00,,20250619
2317,,상행,주말,김포도시철도,,4928,698,고촌,김포도시철도,4921,구래,691,김포도시철도,4929,김포공항,699,21:48:25,21:47:57,N,,N,2025-05-01T05:00:00,,20250619
2317,,상행,주말,김포도시철도,,4929,699,김포공항,김포도시철도,4921,구래,691,김포도시철도,4929,김포공항,699,,21:54:33,N,,N,2025-05-01T05:00:00,,20250619
2319,,상행,주말,김포도시철도,,4921,691,구래,김포도시철도,4921,구래,691,김포도시철도,4929,김포공항,699,21:31:00,,N,,N,2025-05-01T05:00:00,,20250619
2319,,상행,주말,김포도시철도,,4922,692,마산,김포도시철도,4921,구래,691,김포도시철도,4929,김포공항,699,21:34:12,21:33:44,N,,N,2025-05-01T05:00:00,,20250619
2319,,상행,주말,김포도시철도,,4923,693,장기,김포도시철도,4921,구래,691,김포도시철도,4929,김포공항,699,21:38:08,21:37:40,N,,N,2025-05-01T05:00:00,,20250619
2319,,상행,주말,김포도시철도,,4924,694,운양,김포도시철도,4921,구래,691,김포도시철도,4929,김포공항,699,21:40:39,21:40:11,N,,N,2025-05-01T05:00:00,,20250619
2319,,상행,주말,김포도시철도,,4925,695,걸포북변,김포도시철도,4921,구래,691,김포도시철도,4929,김포공항,699,21:44:45,21:44:17,N,,N,2025-05-01T05:00:00,,20250619
2319,,상행,주말,김포도시철도,,4926,696,사우,김포도시철도,4921,구래,691,김포도시철도,4929,김포공항,699,21:47:38,21:47:10,N,,N,2025-05-01T05:00:00,,20250619
2319,,상행,주말,김포도시철도,,4927,697,풍무,김포도시철도,4921,구래,691,김포도시철도,4929,김포공항,699,21:50:06,21:49:38,N,,N,2025-05-01T05:00:00,,20250619
2319,,상행,주말,김포도시철도,,4928,698,고촌,김포도시철도,4921,구래,691,김포도시철도,4929,김포공항,699,21:54:25,21:53:57,N,,N,2025-05-01T05:00:00,,20250619
2319,,상행,주말,김포도시철도,,4929,699,김포공항,김포도시철도,4921,구래,691,김포도시철도,4929,김포공항,699,,22:00:33,N,,N,2025-05-01T05:00:00,,20250619
2323,,상행,주말,김포도시철도,,4921,691,구래,김포도시철도,4921,구래,691,김포도시철도,4929,김포공항,699,21:43:00,,N,,N,2025-05-01T05:00:00,,20250619
2323,,상행,주말,김포도시철도,,4922,692,마산,김포도시철도,4921,구래,691,김포도시철도,4929,김포공항,699,21:46:12,21:45:44,N,,N,2025-05-01T05:00:00,,20250619
2323,,상행,주말,김포도시철도,,4923,693,장기,김포도시철도,4921,구래,691,김포도시철도,4929,김포공항,699,21:50:08,21:49:40,N,,N,2025-05-01T05:00:00,,20250619
2323,,상행,주말,김포도시철도,,4924,694,운양,김포도시철도,4921,구래,691,김포도시철도,4929,김포공항,699,21:52:39,21:52:11,N,,N,2025-05-01T05:00:00,,20250619
2323,,상행,주말,김포도시철도,,4925,695,걸포북변,김포도시철도,4921,구래,691,김포도시철도,4929,김포공항,699,21:56:45,21:56:17,N,,N,2025-05-01T05:00:00,,20250619
2323,,상행,주말,김포도시철도,,4926,696,사우,김포도시철도,4921,구래,691,김포도시철도,4929,김포공항,699,21:59:38,21:59:10,N,,N,2025-05-01T05:00:00,,20250619
2323,,상행,주말,김포도시철도,,4927,697,풍무,김포도시철도,4921,구래,691,김포도시철도,4929,김포공항,699,22:02:06,22:01:38,N,,N,2025-05-01T05:00:00,,20250619
2323,,상행,주말,김포도시철도,,4928,698,고촌,김포도시철도,4921,구래,691,김포도시철도,4929,김포공항,699,22:06:25,22:05:57,N,,N,2025-05-01T05:00:00,,20250619
2323,,상행,주말,김포도시철도,,4929,699,김포공항,김포도시철도,4921,구래,691,김포도시철도,4929,김포공항,699,,22:12:33,N,,N,2025-05-01T05:00:00,,20250619
2325,,상행,주말,김포도시철도,,4921,691,구래,김포도시철도,4921,구래,691,김포도시철도,4929,김포공항,699,21:50:00,,N,,N,2025-05-01T05:00:00,,20250619
2325,,상행,주말,김포도시철도,,4922,692,마산,김포도시철도,4921,구래,691,김포도시철도,4929,김포공항,699,21:53:12,21:52:44,N,,N,2025-05-01T05:00:00,,20250619
2325,,상행,주말,김포도시철도,,4923,693,장기,김포도시철도,4921,구래,691,김포도시철도,4929,김포공항,699,21:57:08,21:56:40,N,,N,2025-05-01T05:00:00,,20250619
2325,,상행,주말,김포도시철도,,4924,694,운양,김포도시철도,4921,구래,691,김포도시철도,4929,김포공항,699,21:59:39,21:59:11,N,,N,2025-05-01T05:00:00,,20250619
2325,,상행,주말,김포도시철도,,4925,695,걸포북변,김포도시철도,4921,구래,691,김포도시철도,4929,김포공항,699,22:03:45,22:03:17,N,,N,2025-05-01T05:00:00,,20250619
2325,,상행,주말,김포도시철도,,4926,696,사우,김포도시철도,4921,구래,691,김포도시철도,4929,김포공항,699,22:06:38,22:06:10,N,,N,2025-05-01T05:00:00,,20250619
2325,,상행,주말,김포도시철도,,4927,697,풍무,김포도시철도,4921,구래,691,김포도시철도,4929,김포공항,699,22:09:06,22:08:38,N,,N,2025-05-01T05:00:00,,20250619
2325,,상행,주말,김포도시철도,,4928,698,고촌,김포도시철도,4921,구래,691,김포도시철도,4929,김포공항,699,22:13:25,22:12:57,N,,N,2025-05-01T05:00:00,,20250619
2325,,상행,주말,김포도시철도,,4929,699,김포공항,김포도시철도,4921,구래,691,김포도시철도,4929,김포공항,699,,22:19:33,N,,N,2025-05-01T05:00:00,,20250619
2329,,상행,주말,김포도시철도,,4921,691,구래,김포도시철도,4921,구래,691,김포도시철도,4929,김포공항,699,22:04:00,,N,,N,2025-05-01T05:00:00,,20250619
2329,,상행,주말,김포도시철도,,4922,692,마산,김포도시철도,4921,구래,691,김포도시철도,4929,김포공항,699,22:07:12,22:06:44,N,,N,2025-05-01T05:00:00,,20250619
2329,,상행,주말,김포도시철도,,4923,693,장기,김포도시철도,4921,구래,691,김포도시철도,4929,김포공항,699,22:11:08,22:10:40,N,,N,2025-05-01T05:00:00,,20250619
2329,,상행,주말,김포도시철도,,4924,694,운양,김포도시철도,4921,구래,691,김포도시철도,4929,김포공항,699,22:13:39,22:13:11,N,,N,2025-05-01T05:00:00,,20250619
2329,,상행,주말,김포도시철도,,4925,695,걸포북변,김포도시철도,4921,구래,691,김포도시철도,4929,김포공항,699,22:17:45,22:17:17,N,,N,2025-05-01T05:00:00,,20250619
2329,,상행,주말,김포도시철도,,4926,696,사우,김포도시철도,4921,구래,691,김포도시철도,4929,김포공항,699,22:20:38,22:20:10,N,,N,2025-05-01T05:00:00,,20250619
2329,,상행,주말,김포도시철도,,4927,697,풍무,김포도시철도,4921,구래,691,김포도시철도,4929,김포공항,699,22:23:06,22:22:38,N,,N,2025-05-01T05:00:00,,20250619
2329,,상행,주말,김포도시철도,,4928,698,고촌,김포도시철도,4921,구래,691,김포도시철도,4929,김포공항,699,22:27:25,22:26:57,N,,N,2025-05-01T05:00:00,,20250619
2329,,상행,주말,김포도시철도,,4929,699,김포공항,김포도시철도,4921,구래,691,김포도시철도,4929,김포공항,699,,22:33:33,N,,N,2025-05-01T05:00:00,,20250619
2333,,상행,주말,김포도시철도,,4921,691,구래,김포도시철도,4921,구래,691,김포도시철도,4929,김포공항,699,22:20:00,,N,,N,2025-05-01T05:00:00,,20250619
2333,,상행,주말,김포도시철도,,4922,692,마산,김포도시철도,4921,구래,691,김포도시철도,4929,김포공항,699,22:23:12,22:22:44,N,,N,2025-05-01T05:00:00,,20250619
2333,,상행,주말,김포도시철도,,4923,693,장기,김포도시철도,4921,구래,691,김포도시철도,4929,김포공항,699,22:27:08,22:26:40,N,,N,2025-05-01T05:00:00,,20250619
2333,,상행,주말,김포도시철도,,4924,694,운양,김포도시철도,4921,구래,691,김포도시철도,4929,김포공항,699,22:29:39,22:29:11,N,,N,2025-05-01T05:00:00,,20250619
2333,,상행,주말,김포도시철도,,4925,695,걸포북변,김포도시철도,4921,구래,691,김포도시철도,4929,김포공항,699,22:33:45,22:33:17,N,,N,2025-05-01T05:00:00,,20250619
2333,,상행,주말,김포도시철도,,4926,696,사우,김포도시철도,4921,구래,691,김포도시철도,4929,김포공항,699,22:36:38,22:36:10,N,,N,2025-05-01T05:00:00,,20250619
2333,,상행,주말,김포도시철도,,4927,697,풍무,김포도시철도,4921,구래,691,김포도시철도,4929,김포공항,699,22:39:06,22:38:38,N,,N,2025-05-01T05:00:00,,20250619
2333,,상행,주말,김포도시철도,,4928,698,고촌,김포도시철도,4921,구래,691,김포도시철도,4929,김포공항,699,22:43:25,22:42:57,N,,N,2025-05-01T05:00:00,,20250619
2333,,상행,주말,김포도시철도,,4929,699,김포공항,김포도시철도,4921,구래,691,김포도시철도,4929,김포공항,699,,22:49:33,N,,N,2025-05-01T05:00:00,,20250619
2337,,상행,주말,김포도시철도,,4921,691,구래,김포도시철도,4921,구래,691,김포도시철도,4929,김포공항,699,22:37:00,,N,,N,2025-05-01T05:00:00,,20250619
2337,,상행,주말,김포도시철도,,4922,692,마산,김포도시철도,4921,구래,691,김포도시철도,4929,김포공항,699,22:40:12,22:39:44,N,,N,2025-05-01T05:00:00,,20250619
2337,,상행,주말,김포도시철도,,4923,693,장기,김포도시철도,4921,구래,691,김포도시철도,4929,김포공항,699,22:44:08,22:43:40,N,,N,2025-05-01T05:00:00,,20250619
2337,,상행,주말,김포도시철도,,4924,694,운양,김포도시철도,4921,구래,691,김포도시철도,4929,김포공항,699,22:46:39,22:46:11,N,,N,2025-05-01T05:00:00,,20250619
2337,,상행,주말,김포도시철도,,4925,695,걸포북변,김포도시철도,4921,구래,691,김포도시철도,4929,김포공항,699,22:50:45,22:50:17,N,,N,2025-05-01T05:00:00,,20250619
2337,,상행,주말,김포도시철도,,4926,696,사우,김포도시철도,4921,구래,691,김포도시철도,4929,김포공항,699,22:53:38,22:53:10,N,,N,2025-05-01T05:00:00,,20250619
2337,,상행,주말,김포도시철도,,4927,697,풍무,김포도시철도,4921,구래,691,김포도시철도,4929,김포공항,699,22:56:06,22:55:38,N,,N,2025-05-01T05:00:00,,20250619
2337,,상행,주말,김포도시철도,,4928,698,고촌,김포도시철도,4921,구래,691,김포도시철도,4929,김포공항,699,23:00:25,22:59:57,N,,N,2025-05-01T05:00:00,,20250619
2337,,상행,주말,김포도시철도,,4929,699,김포공항,김포도시철도,4921,구래,691,김포도시철도,4929,김포공항,699,,23:06:33,N,,N,2025-05-01T05:00:00,,20250619
2341,,상행,주말,김포도시철도,,4921,691,구래,김포도시철도,4921,구래,691,김포도시철도,4929,김포공항,699,22:55:00,,N,,N,2025-05-01T05:00:00,,20250619
2341,,상행,주말,김포도시철도,,4922,692,마산,김포도시철도,4921,구래,691,김포도시철도,4929,김포공항,699,22:58:12,22:57:44,N,,N,2025-05-01T05:00:00,,20250619
2341,,상행,주말,김포도시철도,,4923,693,장기,김포도시철도,4921,구래,691,김포도시철도,4929,김포공항,699,23:02:08,23:01:40,N,,N,2025-05-01T05:00:00,,20250619
2341,,상행,주말,김포도시철도,,4924,694,운양,김포도시철도,4921,구래,691,김포도시철도,4929,김포공항,699,23:04:39,23:04:11,N,,N,2025-05-01T05:00:00,,20250619
2341,,상행,주말,김포도시철도,,4925,695,걸포북변,김포도시철도,4921,구래,691,김포도시철도,4929,김포공항,699,23:08:45,23:08:17,N,,N,2025-05-01T05:00:00,,20250619
2341,,상행,주말,김포도시철도,,4926,696,사우,김포도시철도,4921,구래,691,김포도시철도,4929,김포공항,699,23:11:38,23:11:10,N,,N,2025-05-01T05:00:00,,20250619
2341,,상행,주말,김포도시철도,,4927,697,풍무,김포도시철도,4921,구래,691,김포도시철도,4929,김포공항,699,23:14:06,23:13:38,N,,N,2025-05-01T05:00:00,,20250619
2341,,상행,주말,김포도시철도,,4928,698,고촌,김포도시철도,4921,구래,691,김포도시철도,4929,김포공항,699,23:18:25,23:17:57,N,,N,2025-05-01T05:00:00,,20250619
2341,,상행,주말,김포도시철도,,4929,699,김포공항,김포도시철도,4921,구래,691,김포도시철도,4929,김포공항,699,,23:24:33,N,,N,2025-05-01T05:00:00,,20250619
2345,,상행,주말,김포도시철도,,4921,691,구래,김포도시철도,4921,구래,691,김포도시철도,4929,김포공항,699,23:17:00,,N,,N,2025-05-01T05:00:00,,20250619
2345,,상행,주말,김포도시철도,,4922,692,마산,김포도시철도,4921,구래,691,김포도시철도,4929,김포공항,699,23:20:12,23:19:44,N,,N,2025-05-01T05:00:00,,20250619
2345,,상행,주말,김포도시철도,,4923,693,장기,김포도시철도,4921,구래,691,김포도시철도,4929,김포공항,699,23:24:08,23:23:40,N,,N,2025-05-01T05:00:00,,20250619
2345,,상행,주말,김포도시철도,,4924,694,운양,김포도시철도,4921,구래,691,김포도시철도,4929,김포공항,699,23:26:39,23:26:11,N,,N,2025-05-01T05:00:00,,20250619
2345,,상행,주말,김포도시철도,,4925,695,걸포북변,김포도시철도,4921,구래,691,김포도시철도,4929,김포공항,699,23:30:45,23:30:17,N,,N,2025-05-01T05:00:00,,20250619
2345,,상행,주말,김포도시철도,,4926,696,사우,김포도시철도,4921,구래,691,김포도시철도,4929,김포공항,699,23:33:38,23:33:10,N,,N,2025-05-01T05:00:00,,20250619
2345,,상행,주말,김포도시철도,,4927,697,풍무,김포도시철도,4921,구래,691,김포도시철도,4929,김포공항,699,23:36:06,23:35:38,N,,N,2025-05-01T05:00:00,,20250619
2345,,상행,주말,김포도시철도,,4928,698,고촌,김포도시철도,4921,구래,691,김포도시철도,4929,김포공항,699,23:40:25,23:39:57,N,,N,2025-05-01T05:00:00,,20250619
2345,,상행,주말,김포도시철도,,4929,699,김포공항,김포도시철도,4921,구래,691,김포도시철도,4929,김포공항,699,,23:46:33,N,,N,2025-05-01T05:00:00,,20250619
3001,,상행,주말,김포도시철도,,4920,690,양촌,김포도시철도,4920,양촌,690,김포도시철도,4929,김포공항,699,05:26:26,,N,,N,2025-05-01T05:00:00,,20250619
3001,,상행,주말,김포도시철도,,4921,691,구래,김포도시철도,4920,양촌,690,김포도시철도,4929,김포공항,699,05:29:00,05:28:32,N,,N,2025-05-01T05:00:00,,20250619
3001,,상행,주말,김포도시철도,,4922,692,마산,김포도시철도,4920,양촌,690,김포도시철도,4929,김포공항,699,05:32:12,05:31:44,N,,N,2025-05-01T05:00:00,,20250619
3001,,상행,주말,김포도시철도,,4923,693,장기,김포도시철도,4920,양촌,690,김포도시철도,4929,김포공항,699,05:36:08,05:35:40,N,,N,2025-05-01T05:00:00,,20250619
3001,,상행,주말,김포도시철도,,4924,694,운양,김포도시철도,4920,양촌,690,김포도시철도,4929,김포공항,699,05:38:39,05:38:11,N,,N,2025-05-01T05:00:00,,20250619
3001,,상행,주말,김포도시철도,,4925,695,걸포북변,김포도시철도,4920,양촌,690,김포도시철도,4929,김포공항,699,05:42:45,05:42:17,N,,N,2025-05-01T05:00:00,,20250619
3001,,상행,주말,김포도시철도,,4926,696,사우,김포도시철도,4920,양촌,690,김포도시철도,4929,김포공항,699,05:45:38,05:45:10,N,,N,2025-05-01T05:00:00,,20250619
3001,,상행,주말,김포도시철도,,4927,697,풍무,김포도시철도,4920,양촌,690,김포도시철도,4929,김포공항,699,05:48:06,05:47:38,N,,N,2025-05-01T05:00:00,,20250619
3001,,상행,주말,김포도시철도,,4928,698,고촌,김포도시철도,4920,양촌,690,김포도시철도,4929,김포공항,699,05:52:25,05:51:57,N,,N,2025-05-01T05:00:00,,20250619
3001,,상행,주말,김포도시철도,,4929,699,김포공항,김포도시철도,4920,양촌,690,김포도시철도,4929,김포공항,699,,05:58:33,N,,N,2025-05-01T05:00:00,,20250619
3003,,상행,주말,김포도시철도,,4920,690,양촌,김포도시철도,4920,양촌,690,김포도시철도,4929,김포공항,699,05:34:26,,N,,N,2025-05-01T05:00:00,,20250619
3003,,상행,주말,김포도시철도,,4921,691,구래,김포도시철도,4920,양촌,690,김포도시철도,4929,김포공항,699,05:37:00,05:36:32,N,,N,2025-05-01T05:00:00,,20250619
3003,,상행,주말,김포도시철도,,4922,692,마산,김포도시철도,4920,양촌,690,김포도시철도,4929,김포공항,699,05:40:12,05:39:44,N,,N,2025-05-01T05:00:00,,20250619
3003,,상행,주말,김포도시철도,,4923,693,장기,김포도시철도,4920,양촌,690,김포도시철도,4929,김포공항,699,05:44:08,05:43:40,N,,N,2025-05-01T05:00:00,,20250619
3003,,상행,주말,김포도시철도,,4924,694,운양,김포도시철도,4920,양촌,690,김포도시철도,4929,김포공항,699,05:46:39,05:46:11,N,,N,2025-05-01T05:00:00,,20250619
3003,,상행,주말,김포도시철도,,4925,695,걸포북변,김포도시철도,4920,양촌,690,김포도시철도,4929,김포공항,699,05:50:45,05:50:17,N,,N,2025-05-01T05:00:00,,20250619
3003,,상행,주말,김포도시철도,,4926,696,사우,김포도시철도,4920,양촌,690,김포도시철도,4929,김포공항,699,05:53:38,05:53:10,N,,N,2025-05-01T05:00:00,,20250619
3003,,상행,주말,김포도시철도,,4927,697,풍무,김포도시철도,4920,양촌,690,김포도시철도,4929,김포공항,699,05:56:06,05:55:38,N,,N,2025-05-01T05:00:00,,20250619
3003,,상행,주말,김포도시철도,,4928,698,고촌,김포도시철도,4920,양촌,690,김포도시철도,4929,김포공항,699,06:00:25,05:59:57,N,,N,2025-05-01T05:00:00,,20250619
3003,,상행,주말,김포도시철도,,4929,699,김포공항,김포도시철도,4920,양촌,690,김포도시철도,4929,김포공항,699,,06:06:33,N,,N,2025-05-01T05:00:00,,20250619
3005,,상행,주말,김포도시철도,,4920,690,양촌,김포도시철도,4920,양촌,690,김포도시철도,4929,김포공항,699,05:42:26,,N,,N,2025-05-01T05:00:00,,20250619
3005,,상행,주말,김포도시철도,,4921,691,구래,김포도시철도,4920,양촌,690,김포도시철도,4929,김포공항,699,05:45:00,05:44:32,N,,N,2025-05-01T05:00:00,,20250619
3005,,상행,주말,김포도시철도,,4922,692,마산,김포도시철도,4920,양촌,690,김포도시철도,4929,김포공항,699,05:48:12,05:47:44,N,,N,2025-05-01T05:00:00,,20250619
3005,,상행,주말,김포도시철도,,4923,693,장기,김포도시철도,4920,양촌,690,김포도시철도,4929,김포공항,699,05:52:08,05:51:40,N,,N,2025-05-01T05:00:00,,20250619
3005,,상행,주말,김포도시철도,,4924,694,운양,김포도시철도,4920,양촌,690,김포도시철도,4929,김포공항,699,05:54:39,05:54:11,N,,N,2025-05-01T05:00:00,,20250619
3005,,상행,주말,김포도시철도,,4925,695,걸포북변,김포도시철도,4920,양촌,690,김포도시철도,4929,김포공항,699,05:58:45,05:58:17,N,,N,2025-05-01T05:00:00,,20250619
3005,,상행,주말,김포도시철도,,4926,696,사우,김포도시철도,4920,양촌,690,김포도시철도,4929,김포공항,699,06:01:38,06:01:10,N,,N,2025-05-01T05:00:00,,20250619
3005,,상행,주말,김포도시철도,,4927,697,풍무,김포도시철도,4920,양촌,690,김포도시철도,4929,김포공항,699,06:04:06,06:03:38,N,,N,2025-05-01T05:00:00,,20250619
3005,,상행,주말,김포도시철도,,4928,698,고촌,김포도시철도,4920,양촌,690,김포도시철도,4929,김포공항,699,06:08:25,06:07:57,N,,N,2025-05-01T05:00:00,,20250619
3005,,상행,주말,김포도시철도,,4929,699,김포공항,김포도시철도,4920,양촌,690,김포도시철도,4929,김포공항,699,,06:14:33,N,,N,2025-05-01T05:00:00,,20250619
3007,,상행,주말,김포도시철도,,4920,690,양촌,김포도시철도,4920,양촌,690,김포도시철도,4929,김포공항,699,05:50:26,,N,,N,2025-05-01T05:00:00,,20250619
3007,,상행,주말,김포도시철도,,4921,691,구래,김포도시철도,4920,양촌,690,김포도시철도,4929,김포공항,699,05:53:00,05:52:32,N,,N,2025-05-01T05:00:00,,20250619
3007,,상행,주말,김포도시철도,,4922,692,마산,김포도시철도,4920,양촌,690,김포도시철도,4929,김포공항,699,05:56:12,05:55:44,N,,N,2025-05-01T05:00:00,,20250619
3007,,상행,주말,김포도시철도,,4923,693,장기,김포도시철도,4920,양촌,690,김포도시철도,4929,김포공항,699,06:00:08,05:59:40,N,,N,2025-05-01T05:00:00,,20250619
3007,,상행,주말,김포도시철도,,4924,694,운양,김포도시철도,4920,양촌,690,김포도시철도,4929,김포공항,699,06:02:39,06:02:11,N,,N,2025-05-01T05:00:00,,20250619
3007,,상행,주말,김포도시철도,,4925,695,걸포북변,김포도시철도,4920,양촌,690,김포도시철도,4929,김포공항,699,06:06:45,06:06:17,N,,N,2025-05-01T05:00:00,,20250619
3007,,상행,주말,김포도시철도,,4926,696,사우,김포도시철도,4920,양촌,690,김포도시철도,4929,김포공항,699,06:09:38,06:09:10,N,,N,2025-05-01T05:00:00,,20250619
3007,,상행,주말,김포도시철도,,4927,697,풍무,김포도시철도,4920,양촌,690,김포도시철도,4929,김포공항,699,06:12:06,06:11:38,N,,N,2025-05-01T05:00:00,,20250619
3007,,상행,주말,김포도시철도,,4928,698,고촌,김포도시철도,4920,양촌,690,김포도시철도,4929,김포공항,699,06:16:25,06:15:57,N,,N,2025-05-01T05:00:00,,20250619
3007,,상행,주말,김포도시철도,,4929,699,김포공항,김포도시철도,4920,양촌,690,김포도시철도,4929,김포공항,699,,06:22:33,N,,N,2025-05-01T05:00:00,,20250619
3009,,상행,주말,김포도시철도,,4920,690,양촌,김포도시철도,4920,양촌,690,김포도시철도,4929,김포공항,699,05:58:26,,N,,N,2025-05-01T05:00:00,,20250619
3009,,상행,주말,김포도시철도,,4921,691,구래,김포도시철도,4920,양촌,690,김포도시철도,4929,김포공항,699,06:01:00,06:00:32,N,,N,2025-05-01T05:00:00,,20250619
3009,,상행,주말,김포도시철도,,4922,692,마산,김포도시철도,4920,양촌,690,김포도시철도,4929,김포공항,699,06:04:12,06:03:44,N,,N,2025-05-01T05:00:00,,20250619
3009,,상행,주말,김포도시철도,,4923,693,장기,김포도시철도,4920,양촌,690,김포도시철도,4929,김포공항,699,06:08:08,06:07:40,N,,N,2025-05-01T05:00:00,,20250619
3009,,상행,주말,김포도시철도,,4924,694,운양,김포도시철도,4920,양촌,690,김포도시철도,4929,김포공항,699,06:10:39,06:10:11,N,,N,2025-05-01T05:00:00,,20250619
3009,,상행,주말,김포도시철도,,4925,695,걸포북변,김포도시철도,4920,양촌,690,김포도시철도,4929,김포공항,699,06:14:45,06:14:17,N,,N,2025-05-01T05:00:00,,20250619
3009,,상행,주말,김포도시철도,,4926,696,사우,김포도시철도,4920,양촌,690,김포도시철도,4929,김포공항,699,06:17:38,06:17:10,N,,N,2025-05-01T05:00:00,,20250619
3009,,상행,주말,김포도시철도,,4927,697,풍무,김포도시철도,4920,양촌,690,김포도시철도,4929,김포공항,699,06:20:06,06:19:38,N,,N,2025-05-01T05:00:00,,20250619
3009,,상행,주말,김포도시철도,,4928,698,고촌,김포도시철도,4920,양촌,690,김포도시철도,4929,김포공항,699,06:24:25,06:23:57,N,,N,2025-05-01T05:00:00,,20250619
3009,,상행,주말,김포도시철도,,4929,699,김포공항,김포도시철도,4920,양촌,690,김포도시철도,4929,김포공항,699,,06:30:33,N,,N,2025-05-01T05:00:00,,20250619
3011,,상행,주말,김포도시철도,,4920,690,양촌,김포도시철도,4920,양촌,690,김포도시철도,4929,김포공항,699,06:04:26,,N,,N,2025-05-01T05:00:00,,20250619
3011,,상행,주말,김포도시철도,,4921,691,구래,김포도시철도,4920,양촌,690,김포도시철도,4929,김포공항,699,06:07:00,06:06:32,N,,N,2025-05-01T05:00:00,,20250619
3011,,상행,주말,김포도시철도,,4922,692,마산,김포도시철도,4920,양촌,690,김포도시철도,4929,김포공항,699,06:10:12,06:09:44,N,,N,2025-05-01T05:00:00,,20250619
3011,,상행,주말,김포도시철도,,4923,693,장기,김포도시철도,4920,양촌,690,김포도시철도,4929,김포공항,699,06:14:08,06:13:40,N,,N,2025-05-01T05:00:00,,20250619
3011,,상행,주말,김포도시철도,,4924,694,운양,김포도시철도,4920,양촌,690,김포도시철도,4929,김포공항,699,06:16:39,06:16:11,N,,N,2025-05-01T05:00:00,,20250619
3011,,상행,주말,김포도시철도,,4925,695,걸포북변,김포도시철도,4920,양촌,690,김포도시철도,4929,김포공항,699,06:20:45,06:20:17,N,,N,2025-05-01T05:00:00,,20250619
3011,,상행,주말,김포도시철도,,4926,696,사우,김포도시철도,4920,양촌,690,김포도시철도,4929,김포공항,699,06:23:38,06:23:10,N,,N,2025-05-01T05:00:00,,20250619
3011,,상행,주말,김포도시철도,,4927,697,풍무,김포도시철도,4920,양촌,690,김포도시철도,4929,김포공항,699,06:26:06,06:25:38,N,,N,2025-05-01T05:00:00,,20250619
3011,,상행,주말,김포도시철도,,4928,698,고촌,김포도시철도,4920,양촌,690,김포도시철도,4929,김포공항,699,06:30:25,06:29:57,N,,N,2025-05-01T05:00:00,,20250619
3011,,상행,주말,김포도시철도,,4929,699,김포공항,김포도시철도,4920,양촌,690,김포도시철도,4929,김포공항,699,,06:36:33,N,,N,2025-05-01T05:00:00,,20250619
3013,,상행,주말,김포도시철도,,4920,690,양촌,김포도시철도,4920,양촌,690,김포도시철도,4929,김포공항,699,06:10:26,,N,,N,2025-05-01T05:00:00,,20250619
3013,,상행,주말,김포도시철도,,4921,691,구래,김포도시철도,4920,양촌,690,김포도시철도,4929,김포공항,699,06:13:00,06:12:32,N,,N,2025-05-01T05:00:00,,20250619
3013,,상행,주말,김포도시철도,,4922,692,마산,김포도시철도,4920,양촌,690,김포도시철도,4929,김포공항,699,06:16:12,06:15:44,N,,N,2025-05-01T05:00:00,,20250619
3013,,상행,주말,김포도시철도,,4923,693,장기,김포도시철도,4920,양촌,690,김포도시철도,4929,김포공항,699,06:20:08,06:19:40,N,,N,2025-05-01T05:00:00,,20250619
3013,,상행,주말,김포도시철도,,4924,694,운양,김포도시철도,4920,양촌,690,김포도시철도,4929,김포공항,699,06:22:39,06:22:11,N,,N,2025-05-01T05:00:00,,20250619
3013,,상행,주말,김포도시철도,,4925,695,걸포북변,김포도시철도,4920,양촌,690,김포도시철도,4929,김포공항,699,06:26:45,06:26:17,N,,N,2025-05-01T05:00:00,,20250619
3013,,상행,주말,김포도시철도,,4926,696,사우,김포도시철도,4920,양촌,690,김포도시철도,4929,김포공항,699,06:29:38,06:29:10,N,,N,2025-05-01T05:00:00,,20250619
3013,,상행,주말,김포도시철도,,4927,697,풍무,김포도시철도,4920,양촌,690,김포도시철도,4929,김포공항,699,06:32:06,06:31:38,N,,N,2025-05-01T05:00:00,,20250619
3013,,상행,주말,김포도시철도,,4928,698,고촌,김포도시철도,4920,양촌,690,김포도시철도,4929,김포공항,699,06:36:25,06:35:57,N,,N,2025-05-01T05:00:00,,20250619
3013,,상행,주말,김포도시철도,,4929,699,김포공항,김포도시철도,4920,양촌,690,김포도시철도,4929,김포공항,699,,06:42:33,N,,N,2025-05-01T05:00:00,,20250619
3017,,상행,주말,김포도시철도,,4920,690,양촌,김포도시철도,4920,양촌,690,김포도시철도,4929,김포공항,699,06:22:26,,N,,N,2025-05-01T05:00:00,,20250619
3017,,상행,주말,김포도시철도,,4921,691,구래,김포도시철도,4920,양촌,690,김포도시철도,4929,김포공항,699,06:25:00,06:24:32,N,,N,2025-05-01T05:00:00,,20250619
3017,,상행,주말,김포도시철도,,4922,692,마산,김포도시철도,4920,양촌,690,김포도시철도,4929,김포공항,699,06:28:12,06:27:44,N,,N,2025-05-01T05:00:00,,20250619
3017,,상행,주말,김포도시철도,,4923,693,장기,김포도시철도,4920,양촌,690,김포도시철도,4929,김포공항,699,06:32:08,06:31:40,N,,N,2025-05-01T05:00:00,,20250619
3017,,상행,주말,김포도시철도,,4924,694,운양,김포도시철도,4920,양촌,690,김포도시철도,4929,김포공항,699,06:34:39,06:34:11,N,,N,2025-05-01T05:00:00,,20250619
3017,,상행,주말,김포도시철도,,4925,695,걸포북변,김포도시철도,4920,양촌,690,김포도시철도,4929,김포공항,699,06:38:45,06:38:17,N,,N,2025-05-01T05:00:00,,20250619
3017,,상행,주말,김포도시철도,,4926,696,사우,김포도시철도,4920,양촌,690,김포도시철도,4929,김포공항,699,06:41:38,06:41:10,N,,N,2025-05-01T05:00:00,,20250619
3017,,상행,주말,김포도시철도,,4927,697,풍무,김포도시철도,4920,양촌,690,김포도시철도,4929,김포공항,699,06:44:06,06:43:38,N,,N,2025-05-01T05:00:00,,20250619
3017,,상행,주말,김포도시철도,,4928,698,고촌,김포도시철도,4920,양촌,690,김포도시철도,4929,김포공항,699,06:48:25,06:47:57,N,,N,2025-05-01T05:00:00,,20250619
3017,,상행,주말,김포도시철도,,4929,699,김포공항,김포도시철도,4920,양촌,690,김포도시철도,4929,김포공항,699,,06:54:33,N,,N,2025-05-01T05:00:00,,20250619
3019,,상행,주말,김포도시철도,,4920,690,양촌,김포도시철도,4920,양촌,690,김포도시철도,4929,김포공항,699,06:28:26,,N,,N,2025-05-01T05:00:00,,20250619
3019,,상행,주말,김포도시철도,,4921,691,구래,김포도시철도,4920,양촌,690,김포도시철도,4929,김포공항,699,06:31:00,06:30:32,N,,N,2025-05-01T05:00:00,,20250619
3019,,상행,주말,김포도시철도,,4922,692,마산,김포도시철도,4920,양촌,690,김포도시철도,4929,김포공항,699,06:34:12,06:33:44,N,,N,2025-05-01T05:00:00,,20250619
3019,,상행,주말,김포도시철도,,4923,693,장기,김포도시철도,4920,양촌,690,김포도시철도,4929,김포공항,699,06:38:08,06:37:40,N,,N,2025-05-01T05:00:00,,20250619
3019,,상행,주말,김포도시철도,,4924,694,운양,김포도시철도,4920,양촌,690,김포도시철도,4929,김포공항,699,06:40:39,06:40:11,N,,N,2025-05-01T05:00:00,,20250619
3019,,상행,주말,김포도시철도,,4925,695,걸포북변,김포도시철도,4920,양촌,690,김포도시철도,4929,김포공항,699,06:44:45,06:44:17,N,,N,2025-05-01T05:00:00,,20250619
3019,,상행,주말,김포도시철도,,4926,696,사우,김포도시철도,4920,양촌,690,김포도시철도,4929,김포공항,699,06:47:38,06:47:10,N,,N,2025-05-01T05:00:00,,20250619
3019,,상행,주말,김포도시철도,,4927,697,풍무,김포도시철도,4920,양촌,690,김포도시철도,4929,김포공항,699,06:50:06,06:49:38,N,,N,2025-05-01T05:00:00,,20250619
3019,,상행,주말,김포도시철도,,4928,698,고촌,김포도시철도,4920,양촌,690,김포도시철도,4929,김포공항,699,06:54:25,06:53:57,N,,N,2025-05-01T05:00:00,,20250619
3019,,상행,주말,김포도시철도,,4929,699,김포공항,김포도시철도,4920,양촌,690,김포도시철도,4929,김포공항,699,,07:00:33,N,,N,2025-05-01T05:00:00,,20250619
3021,,상행,주말,김포도시철도,,4920,690,양촌,김포도시철도,4920,양촌,690,김포도시철도,4929,김포공항,699,06:34:26,,N,,N,2025-05-01T05:00:00,,20250619
3021,,상행,주말,김포도시철도,,4921,691,구래,김포도시철도,4920,양촌,690,김포도시철도,4929,김포공항,699,06:37:00,06:36:32,N,,N,2025-05-01T05:00:00,,20250619
3021,,상행,주말,김포도시철도,,4922,692,마산,김포도시철도,4920,양촌,690,김포도시철도,4929,김포공항,699,06:40:12,06:39:44,N,,N,2025-05-01T05:00:00,,20250619
3021,,상행,주말,김포도시철도,,4923,693,장기,김포도시철도,4920,양촌,690,김포도시철도,4929,김포공항,699,06:44:08,06:43:40,N,,N,2025-05-01T05:00:00,,20250619
3021,,상행,주말,김포도시철도,,4924,694,운양,김포도시철도,4920,양촌,690,김포도시철도,4929,김포공항,699,06:46:39,06:46:11,N,,N,2025-05-01T05:00:00,,20250619
3021,,상행,주말,김포도시철도,,4925,695,걸포북변,김포도시철도,4920,양촌,690,김포도시철도,4929,김포공항,699,06:50:45,06:50:17,N,,N,2025-05-01T05:00:00,,20250619
3021,,상행,주말,김포도시철도,,4926,696,사우,김포도시철도,4920,양촌,690,김포도시철도,4929,김포공항,699,06:53:38,06:53:10,N,,N,2025-05-01T05:00:00,,20250619
3021,,상행,주말,김포도시철도,,4927,697,풍무,김포도시철도,4920,양촌,690,김포도시철도,4929,김포공항,699,06:56:06,06:55:38,N,,N,2025-05-01T05:00:00,,20250619
3021,,상행,주말,김포도시철도,,4928,698,고촌,김포도시철도,4920,양촌,690,김포도시철도,4929,김포공항,699,07:00:25,06:59:57,N,,N,2025-05-01T05:00:00,,20250619
3021,,상행,주말,김포도시철도,,4929,699,김포공항,김포도시철도,4920,양촌,690,김포도시철도,4929,김포공항,699,,07:06:33,N,,N,2025-05-01T05:00:00,,20250619
3025,,상행,주말,김포도시철도,,4920,690,양촌,김포도시철도,4920,양촌,690,김포도시철도,4929,김포공항,699,06:46:26,,N,,N,2025-05-01T05:00:00,,20250619
3025,,상행,주말,김포도시철도,,4921,691,구래,김포도시철도,4920,양촌,690,김포도시철도,4929,김포공항,699,06:49:00,06:48:32,N,,N,2025-05-01T05:00:00,,20250619
3025,,상행,주말,김포도시철도,,4922,692,마산,김포도시철도,4920,양촌,690,김포도시철도,4929,김포공항,699,06:52:12,06:51:44,N,,N,2025-05-01T05:00:00,,20250619
3025,,상행,주말,김포도시철도,,4923,693,장기,김포도시철도,4920,양촌,690,김포도시철도,4929,김포공항,699,06:56:08,06:55:40,N,,N,2025-05-01T05:00:00,,20250619
3025,,상행,주말,김포도시철도,,4924,694,운양,김포도시철도,4920,양촌,690,김포도시철도,4929,김포공항,699,06:58:39,06:58:11,N,,N,2025-05-01T05:00:00,,20250619
3025,,상행,주말,김포도시철도,,4925,695,걸포북변,김포도시철도,4920,양촌,690,김포도시철도,4929,김포공항,699,07:02:45,07:02:17,N,,N,2025-05-01T05:00:00,,20250619
3025,,상행,주말,김포도시철도,,4926,696,사우,김포도시철도,4920,양촌,690,김포도시철도,4929,김포공항,699,07:05:38,07:05:10,N,,N,2025-05-01T05:00:00,,20250619
3025,,상행,주말,김포도시철도,,4927,697,풍무,김포도시철도,4920,양촌,690,김포도시철도,4929,김포공항,699,07:08:06,07:07:38,N,,N,2025-05-01T05:00:00,,20250619
3025,,상행,주말,김포도시철도,,4928,698,고촌,김포도시철도,4920,양촌,690,김포도시철도,4929,김포공항,699,07:12:25,07:11:57,N,,N,2025-05-01T05:00:00,,20250619
3025,,상행,주말,김포도시철도,,4929,699,김포공항,김포도시철도,4920,양촌,690,김포도시철도,4929,김포공항,699,,07:18:33,N,,N,2025-05-01T05:00:00,,20250619
3029,,상행,주말,김포도시철도,,4920,690,양촌,김포도시철도,4920,양촌,690,김포도시철도,4929,김포공항,699,06:58:26,,N,,N,2025-05-01T05:00:00,,20250619
3029,,상행,주말,김포도시철도,,4921,691,구래,김포도시철도,4920,양촌,690,김포도시철도,4929,김포공항,699,07:01:00,07:00:32,N,,N,2025-05-01T05:00:00,,20250619
3029,,상행,주말,김포도시철도,,4922,692,마산,김포도시철도,4920,양촌,690,김포도시철도,4929,김포공항,699,07:04:12,07:03:44,N,,N,2025-05-01T05:00:00,,20250619
3029,,상행,주말,김포도시철도,,4923,693,장기,김포도시철도,4920,양촌,690,김포도시철도,4929,김포공항,699,07:08:08,07:07:40,N,,N,2025-05-01T05:00:00,,20250619
3029,,상행,주말,김포도시철도,,4924,694,운양,김포도시철도,4920,양촌,690,김포도시철도,4929,김포공항,699,07:10:39,07:10:11,N,,N,2025-05-01T05:00:00,,20250619
3029,,상행,주말,김포도시철도,,4925,695,걸포북변,김포도시철도,4920,양촌,690,김포도시철도,4929,김포공항,699,07:14:45,07:14:17,N,,N,2025-05-01T05:00:00,,20250619
3029,,상행,주말,김포도시철도,,4926,696,사우,김포도시철도,4920,양촌,690,김포도시철도,4929,김포공항,699,07:17:38,07:17:10,N,,N,2025-05-01T05:00:00,,20250619
3029,,상행,주말,김포도시철도,,4927,697,풍무,김포도시철도,4920,양촌,690,김포도시철도,4929,김포공항,699,07:20:06,07:19:38,N,,N,2025-05-01T05:00:00,,20250619
3029,,상행,주말,김포도시철도,,4928,698,고촌,김포도시철도,4920,양촌,690,김포도시철도,4929,김포공항,699,07:24:25,07:23:57,N,,N,2025-05-01T05:00:00,,20250619
3029,,상행,주말,김포도시철도,,4929,699,김포공항,김포도시철도,4920,양촌,690,김포도시철도,4929,김포공항,699,,07:30:33,N,,N,2025-05-01T05:00:00,,20250619
3031,,상행,주말,김포도시철도,,4920,690,양촌,김포도시철도,4920,양촌,690,김포도시철도,4929,김포공항,699,07:04:26,,N,,N,2025-05-01T05:00:00,,20250619
3031,,상행,주말,김포도시철도,,4921,691,구래,김포도시철도,4920,양촌,690,김포도시철도,4929,김포공항,699,07:07:00,07:06:32,N,,N,2025-05-01T05:00:00,,20250619
3031,,상행,주말,김포도시철도,,4922,692,마산,김포도시철도,4920,양촌,690,김포도시철도,4929,김포공항,699,07:10:12,07:09:44,N,,N,2025-05-01T05:00:00,,20250619
3031,,상행,주말,김포도시철도,,4923,693,장기,김포도시철도,4920,양촌,690,김포도시철도,4929,김포공항,699,07:14:08,07:13:40,N,,N,2025-05-01T05:00:00,,20250619
3031,,상행,주말,김포도시철도,,4924,694,운양,김포도시철도,4920,양촌,690,김포도시철도,4929,김포공항,699,07:16:39,07:16:11,N,,N,2025-05-01T05:00:00,,20250619
3031,,상행,주말,김포도시철도,,4925,695,걸포북변,김포도시철도,4920,양촌,690,김포도시철도,4929,김포공항,699,07:20:45,07:20:17,N,,N,2025-05-01T05:00:00,,20250619
3031,,상행,주말,김포도시철도,,4926,696,사우,김포도시철도,4920,양촌,690,김포도시철도,4929,김포공항,699,07:23:38,07:23:10,N,,N,2025-05-01T05:00:00,,20250619
3031,,상행,주말,김포도시철도,,4927,697,풍무,김포도시철도,4920,양촌,690,김포도시철도,4929,김포공항,699,07:26:06,07:25:38,N,,N,2025-05-01T05:00:00,,20250619
3031,,상행,주말,김포도시철도,,4928,698,고촌,김포도시철도,4920,양촌,690,김포도시철도,4929,김포공항,699,07:30:25,07:29:57,N,,N,2025-05-01T05:00:00,,20250619
3031,,상행,주말,김포도시철도,,4929,699,김포공항,김포도시철도,4920,양촌,690,김포도시철도,4929,김포공항,699,,07:36:33,N,,N,2025-05-01T05:00:00,,20250619
3039,,상행,주말,김포도시철도,,4920,690,양촌,김포도시철도,4920,양촌,690,김포도시철도,4929,김포공항,699,07:28:26,,N,,N,2025-05-01T05:00:00,,20250619
3039,,상행,주말,김포도시철도,,4921,691,구래,김포도시철도,4920,양촌,690,김포도시철도,4929,김포공항,699,07:31:00,07:30:32,N,,N,2025-05-01T05:00:00,,20250619
3039,,상행,주말,김포도시철도,,4922,692,마산,김포도시철도,4920,양촌,690,김포도시철도,4929,김포공항,699,07:34:12,07:33:44,N,,N,2025-05-01T05:00:00,,20250619
3039,,상행,주말,김포도시철도,,4923,693,장기,김포도시철도,4920,양촌,690,김포도시철도,4929,김포공항,699,07:38:08,07:37:40,N,,N,2025-05-01T05:00:00,,20250619
3039,,상행,주말,김포도시철도,,4924,694,운양,김포도시철도,4920,양촌,690,김포도시철도,4929,김포공항,699,07:40:39,07:40:11,N,,N,2025-05-01T05:00:00,,20250619
3039,,상행,주말,김포도시철도,,4925,695,걸포북변,김포도시철도,4920,양촌,690,김포도시철도,4929,김포공항,699,07:44:45,07:44:17,N,,N,2025-05-01T05:00:00,,20250619
3039,,상행,주말,김포도시철도,,4926,696,사우,김포도시철도,4920,양촌,690,김포도시철도,4929,김포공항,699,07:47:38,07:47:10,N,,N,2025-05-01T05:00:00,,20250619
3039,,상행,주말,김포도시철도,,4927,697,풍무,김포도시철도,4920,양촌,690,김포도시철도,4929,김포공항,699,07:50:06,07:49:38,N,,N,2025-05-01T05:00:00,,20250619
3039,,상행,주말,김포도시철도,,4928,698,고촌,김포도시철도,4920,양촌,690,김포도시철도,4929,김포공항,699,07:54:25,07:53:57,N,,N,2025-05-01T05:00:00,,20250619
3039,,상행,주말,김포도시철도,,4929,699,김포공항,김포도시철도,4920,양촌,690,김포도시철도,4929,김포공항,699,,08:00:33,N,,N,2025-05-01T05:00:00,,20250619
3045,,상행,주말,김포도시철도,,4920,690,양촌,김포도시철도,4920,양촌,690,김포도시철도,4929,김포공항,699,07:46:26,,N,,N,2025-05-01T05:00:00,,20250619
3045,,상행,주말,김포도시철도,,4921,691,구래,김포도시철도,4920,양촌,690,김포도시철도,4929,김포공항,699,07:49:00,07:48:32,N,,N,2025-05-01T05:00:00,,20250619
3045,,상행,주말,김포도시철도,,4922,692,마산,김포도시철도,4920,양촌,690,김포도시철도,4929,김포공항,699,07:52:12,07:51:44,N,,N,2025-05-01T05:00:00,,20250619
3045,,상행,주말,김포도시철도,,4923,693,장기,김포도시철도,4920,양촌,690,김포도시철도,4929,김포공항,699,07:56:08,07:55:40,N,,N,2025-05-01T05:00:00,,20250619
3045,,상행,주말,김포도시철도,,4924,694,운양,김포도시철도,4920,양촌,690,김포도시철도,4929,김포공항,699,07:58:39,07:58:11,N,,N,2025-05-01T05:00:00,,20250619
3045,,상행,주말,김포도시철도,,4925,695,걸포북변,김포도시철도,4920,양촌,690,김포도시철도,4929,김포공항,699,08:02:45,08:02:17,N,,N,2025-05-01T05:00:00,,20250619
3045,,상행,주말,김포도시철도,,4926,696,사우,김포도시철도,4920,양촌,690,김포도시철도,4929,김포공항,699,08:05:38,08:05:10,N,,N,2025-05-01T05:00:00,,20250619
3045,,상행,주말,김포도시철도,,4927,697,풍무,김포도시철도,4920,양촌,690,김포도시철도,4929,김포공항,699,08:08:06,08:07:38,N,,N,2025-05-01T05:00:00,,20250619
3045,,상행,주말,김포도시철도,,4928,698,고촌,김포도시철도,4920,양촌,690,김포도시철도,4929,김포공항,699,08:12:25,08:11:57,N,,N,2025-05-01T05:00:00,,20250619
3045,,상행,주말,김포도시철도,,4929,699,김포공항,김포도시철도,4920,양촌,690,김포도시철도,4929,김포공항,699,,08:18:33,N,,N,2025-05-01T05:00:00,,20250619
3051,,상행,주말,김포도시철도,,4920,690,양촌,김포도시철도,4920,양촌,690,김포도시철도,4929,김포공항,699,08:04:26,,N,,N,2025-05-01T05:00:00,,20250619
3051,,상행,주말,김포도시철도,,4921,691,구래,김포도시철도,4920,양촌,690,김포도시철도,4929,김포공항,699,08:07:00,08:06:32,N,,N,2025-05-01T05:00:00,,20250619
3051,,상행,주말,김포도시철도,,4922,692,마산,김포도시철도,4920,양촌,690,김포도시철도,4929,김포공항,699,08:10:12,08:09:44,N,,N,2025-05-01T05:00:00,,20250619
3051,,상행,주말,김포도시철도,,4923,693,장기,김포도시철도,4920,양촌,690,김포도시철도,4929,김포공항,699,08:14:08,08:13:40,N,,N,2025-05-01T05:00:00,,20250619
3051,,상행,주말,김포도시철도,,4924,694,운양,김포도시철도,4920,양촌,690,김포도시철도,4929,김포공항,699,08:16:39,08:16:11,N,,N,2025-05-01T05:00:00,,20250619
3051,,상행,주말,김포도시철도,,4925,695,걸포북변,김포도시철도,4920,양촌,690,김포도시철도,4929,김포공항,699,08:20:45,08:20:17,N,,N,2025-05-01T05:00:00,,20250619
3051,,상행,주말,김포도시철도,,4926,696,사우,김포도시철도,4920,양촌,690,김포도시철도,4929,김포공항,699,08:23:38,08:23:10,N,,N,2025-05-01T05:00:00,,20250619
3051,,상행,주말,김포도시철도,,4927,697,풍무,김포도시철도,4920,양촌,690,김포도시철도,4929,김포공항,699,08:26:06,08:25:38,N,,N,2025-05-01T05:00:00,,20250619
3051,,상행,주말,김포도시철도,,4928,698,고촌,김포도시철도,4920,양촌,690,김포도시철도,4929,김포공항,699,08:30:25,08:29:57,N,,N,2025-05-01T05:00:00,,20250619
3051,,상행,주말,김포도시철도,,4929,699,김포공항,김포도시철도,4920,양촌,690,김포도시철도,4929,김포공항,699,,08:36:33,N,,N,2025-05-01T05:00:00,,20250619
3057,,상행,주말,김포도시철도,,4920,690,양촌,김포도시철도,4920,양촌,690,김포도시철도,4929,김포공항,699,08:22:26,,N,,N,2025-05-01T05:00:00,,20250619
3057,,상행,주말,김포도시철도,,4921,691,구래,김포도시철도,4920,양촌,690,김포도시철도,4929,김포공항,699,08:25:00,08:24:32,N,,N,2025-05-01T05:00:00,,20250619
3057,,상행,주말,김포도시철도,,4922,692,마산,김포도시철도,4920,양촌,690,김포도시철도,4929,김포공항,699,08:28:12,08:27:44,N,,N,2025-05-01T05:00:00,,20250619
3057,,상행,주말,김포도시철도,,4923,693,장기,김포도시철도,4920,양촌,690,김포도시철도,4929,김포공항,699,08:32:08,08:31:40,N,,N,2025-05-01T05:00:00,,20250619
3057,,상행,주말,김포도시철도,,4924,694,운양,김포도시철도,4920,양촌,690,김포도시철도,4929,김포공항,699,08:34:39,08:34:11,N,,N,2025-05-01T05:00:00,,20250619
3057,,상행,주말,김포도시철도,,4925,695,걸포북변,김포도시철도,4920,양촌,690,김포도시철도,4929,김포공항,699,08:38:45,08:38:17,N,,N,2025-05-01T05:00:00,,20250619
3057,,상행,주말,김포도시철도,,4926,696,사우,김포도시철도,4920,양촌,690,김포도시철도,4929,김포공항,699,08:41:38,08:41:10,N,,N,2025-05-01T05:00:00,,20250619
3057,,상행,주말,김포도시철도,,4927,697,풍무,김포도시철도,4920,양촌,690,김포도시철도,4929,김포공항,699,08:44:06,08:43:38,N,,N,2025-05-01T05:00:00,,20250619
3057,,상행,주말,김포도시철도,,4928,698,고촌,김포도시철도,4920,양촌,690,김포도시철도,4929,김포공항,699,08:48:25,08:47:57,N,,N,2025-05-01T05:00:00,,20250619
3057,,상행,주말,김포도시철도,,4929,699,김포공항,김포도시철도,4920,양촌,690,김포도시철도,4929,김포공항,699,,08:54:33,N,,N,2025-05-01T05:00:00,,20250619
3063,,상행,주말,김포도시철도,,4920,690,양촌,김포도시철도,4920,양촌,690,김포도시철도,4929,김포공항,699,08:40:26,,N,,N,2025-05-01T05:00:00,,20250619
3063,,상행,주말,김포도시철도,,4921,691,구래,김포도시철도,4920,양촌,690,김포도시철도,4929,김포공항,699,08:43:00,08:42:32,N,,N,2025-05-01T05:00:00,,20250619
3063,,상행,주말,김포도시철도,,4922,692,마산,김포도시철도,4920,양촌,690,김포도시철도,4929,김포공항,699,08:46:12,08:45:44,N,,N,2025-05-01T05:00:00,,20250619
3063,,상행,주말,김포도시철도,,4923,693,장기,김포도시철도,4920,양촌,690,김포도시철도,4929,김포공항,699,08:50:08,08:49:40,N,,N,2025-05-01T05:00:00,,20250619
3063,,상행,주말,김포도시철도,,4924,694,운양,김포도시철도,4920,양촌,690,김포도시철도,4929,김포공항,699,08:52:39,08:52:11,N,,N,2025-05-01T05:00:00,,20250619
3063,,상행,주말,김포도시철도,,4925,695,걸포북변,김포도시철도,4920,양촌,690,김포도시철도,4929,김포공항,699,08:56:45,08:56:17,N,,N,2025-05-01T05:00:00,,20250619
3063,,상행,주말,김포도시철도,,4926,696,사우,김포도시철도,4920,양촌,690,김포도시철도,4929,김포공항,699,08:59:38,08:59:10,N,,N,2025-05-01T05:00:00,,20250619
3063,,상행,주말,김포도시철도,,4927,697,풍무,김포도시철도,4920,양촌,690,김포도시철도,4929,김포공항,699,09:02:06,09:01:38,N,,N,2025-05-01T05:00:00,,20250619
3063,,상행,주말,김포도시철도,,4928,698,고촌,김포도시철도,4920,양촌,690,김포도시철도,4929,김포공항,699,09:06:25,09:05:57,N,,N,2025-05-01T05:00:00,,20250619
3063,,상행,주말,김포도시철도,,4929,699,김포공항,김포도시철도,4920,양촌,690,김포도시철도,4929,김포공항,699,,09:12:33,N,,N,2025-05-01T05:00:00,,20250619
3069,,상행,주말,김포도시철도,,4920,690,양촌,김포도시철도,4920,양촌,690,김포도시철도,4929,김포공항,699,08:58:26,,N,,N,2025-05-01T05:00:00,,20250619
3069,,상행,주말,김포도시철도,,4921,691,구래,김포도시철도,4920,양촌,690,김포도시철도,4929,김포공항,699,09:01:00,09:00:32,N,,N,2025-05-01T05:00:00,,20250619
3069,,상행,주말,김포도시철도,,4922,692,마산,김포도시철도,4920,양촌,690,김포도시철도,4929,김포공항,699,09:04:12,09:03:44,N,,N,2025-05-01T05:00:00,,20250619
3069,,상행,주말,김포도시철도,,4923,693,장기,김포도시철도,4920,양촌,690,김포도시철도,4929,김포공항,699,09:08:08,09:07:40,N,,N,2025-05-01T05:00:00,,20250619
3069,,상행,주말,김포도시철도,,4924,694,운양,김포도시철도,4920,양촌,690,김포도시철도,4929,김포공항,699,09:10:39,09:10:11,N,,N,2025-05-01T05:00:00,,20250619
3069,,상행,주말,김포도시철도,,4925,695,걸포북변,김포도시철도,4920,양촌,690,김포도시철도,4929,김포공항,699,09:14:45,09:14:17,N,,N,2025-05-01T05:00:00,,20250619
3069,,상행,주말,김포도시철도,,4926,696,사우,김포도시철도,4920,양촌,690,김포도시철도,4929,김포공항,699,09:17:38,09:17:10,N,,N,2025-05-01T05:00:00,,20250619
3069,,상행,주말,김포도시철도,,4927,697,풍무,김포도시철도,4920,양촌,690,김포도시철도,4929,김포공항,699,09:20:06,09:19:38,N,,N,2025-05-01T05:00:00,,20250619
3069,,상행,주말,김포도시철도,,4928,698,고촌,김포도시철도,4920,양촌,690,김포도시철도,4929,김포공항,699,09:24:25,09:23:57,N,,N,2025-05-01T05:00:00,,20250619
3069,,상행,주말,김포도시철도,,4929,699,김포공항,김포도시철도,4920,양촌,690,김포도시철도,4929,김포공항,699,,09:30:33,N,,N,2025-05-01T05:00:00,,20250619
3075,,상행,주말,김포도시철도,,4920,690,양촌,김포도시철도,4920,양촌,690,김포도시철도,4929,김포공항,699,09:16:26,,N,,N,2025-05-01T05:00:00,,20250619
3075,,상행,주말,김포도시철도,,4921,691,구래,김포도시철도,4920,양촌,690,김포도시철도,4929,김포공항,699,09:19:00,09:18:32,N,,N,2025-05-01T05:00:00,,20250619
3075,,상행,주말,김포도시철도,,4922,692,마산,김포도시철도,4920,양촌,690,김포도시철도,4929,김포공항,699,09:22:12,09:21:44,N,,N,2025-05-01T05:00:00,,20250619
3075,,상행,주말,김포도시철도,,4923,693,장기,김포도시철도,4920,양촌,690,김포도시철도,4929,김포공항,699,09:26:08,09:25:40,N,,N,2025-05-01T05:00:00,,20250619
3075,,상행,주말,김포도시철도,,4924,694,운양,김포도시철도,4920,양촌,690,김포도시철도,4929,김포공항,699,09:28:39,09:28:11,N,,N,2025-05-01T05:00:00,,20250619
3075,,상행,주말,김포도시철도,,4925,695,걸포북변,김포도시철도,4920,양촌,690,김포도시철도,4929,김포공항,699,09:32:45,09:32:17,N,,N,2025-05-01T05:00:00,,20250619
3075,,상행,주말,김포도시철도,,4926,696,사우,김포도시철도,4920,양촌,690,김포도시철도,4929,김포공항,699,09:35:38,09:35:10,N,,N,2025-05-01T05:00:00,,20250619
3075,,상행,주말,김포도시철도,,4927,697,풍무,김포도시철도,4920,양촌,690,김포도시철도,4929,김포공항,699,09:38:06,09:37:38,N,,N,2025-05-01T05:00:00,,20250619
3075,,상행,주말,김포도시철도,,4928,698,고촌,김포도시철도,4920,양촌,690,김포도시철도,4929,김포공항,699,09:42:25,09:41:57,N,,N,2025-05-01T05:00:00,,20250619
3075,,상행,주말,김포도시철도,,4929,699,김포공항,김포도시철도,4920,양촌,690,김포도시철도,4929,김포공항,699,,09:48:33,N,,N,2025-05-01T05:00:00,,20250619
3081,,상행,주말,김포도시철도,,4920,690,양촌,김포도시철도,4920,양촌,690,김포도시철도,4929,김포공항,699,09:34:26,,N,,N,2025-05-01T05:00:00,,20250619
3081,,상행,주말,김포도시철도,,4921,691,구래,김포도시철도,4920,양촌,690,김포도시철도,4929,김포공항,699,09:37:00,09:36:32,N,,N,2025-05-01T05:00:00,,20250619
3081,,상행,주말,김포도시철도,,4922,692,마산,김포도시철도,4920,양촌,690,김포도시철도,4929,김포공항,699,09:40:12,09:39:44,N,,N,2025-05-01T05:00:00,,20250619
3081,,상행,주말,김포도시철도,,4923,693,장기,김포도시철도,4920,양촌,690,김포도시철도,4929,김포공항,699,09:44:08,09:43:40,N,,N,2025-05-01T05:00:00,,20250619
3081,,상행,주말,김포도시철도,,4924,694,운양,김포도시철도,4920,양촌,690,김포도시철도,4929,김포공항,699,09:46:39,09:46:11,N,,N,2025-05-01T05:00:00,,20250619
3081,,상행,주말,김포도시철도,,4925,695,걸포북변,김포도시철도,4920,양촌,690,김포도시철도,4929,김포공항,699,09:50:45,09:50:17,N,,N,2025-05-01T05:00:00,,20250619
3081,,상행,주말,김포도시철도,,4926,696,사우,김포도시철도,4920,양촌,690,김포도시철도,4929,김포공항,699,09:53:38,09:53:10,N,,N,2025-05-01T05:00:00,,20250619
3081,,상행,주말,김포도시철도,,4927,697,풍무,김포도시철도,4920,양촌,690,김포도시철도,4929,김포공항,699,09:56:06,09:55:38,N,,N,2025-05-01T05:00:00,,20250619
3081,,상행,주말,김포도시철도,,4928,698,고촌,김포도시철도,4920,양촌,690,김포도시철도,4929,김포공항,699,10:00:25,09:59:57,N,,N,2025-05-01T05:00:00,,20250619
3081,,상행,주말,김포도시철도,,4929,699,김포공항,김포도시철도,4920,양촌,690,김포도시철도,4929,김포공항,699,,10:06:33,N,,N,2025-05-01T05:00:00,,20250619
3087,,상행,주말,김포도시철도,,4920,690,양촌,김포도시철도,4920,양촌,690,김포도시철도,4929,김포공항,699,09:52:26,,N,,N,2025-05-01T05:00:00,,20250619
3087,,상행,주말,김포도시철도,,4921,691,구래,김포도시철도,4920,양촌,690,김포도시철도,4929,김포공항,699,09:55:00,09:54:32,N,,N,2025-05-01T05:00:00,,20250619
3087,,상행,주말,김포도시철도,,4922,692,마산,김포도시철도,4920,양촌,690,김포도시철도,4929,김포공항,699,09:58:12,09:57:44,N,,N,2025-05-01T05:00:00,,20250619
3087,,상행,주말,김포도시철도,,4923,693,장기,김포도시철도,4920,양촌,690,김포도시철도,4929,김포공항,699,10:02:08,10:01:40,N,,N,2025-05-01T05:00:00,,20250619
3087,,상행,주말,김포도시철도,,4924,694,운양,김포도시철도,4920,양촌,690,김포도시철도,4929,김포공항,699,10:04:39,10:04:11,N,,N,2025-05-01T05:00:00,,20250619
3087,,상행,주말,김포도시철도,,4925,695,걸포북변,김포도시철도,4920,양촌,690,김포도시철도,4929,김포공항,699,10:08:45,10:08:17,N,,N,2025-05-01T05:00:00,,20250619
3087,,상행,주말,김포도시철도,,4926,696,사우,김포도시철도,4920,양촌,690,김포도시철도,4929,김포공항,699,10:11:38,10:11:10,N,,N,2025-05-01T05:00:00,,20250619
3087,,상행,주말,김포도시철도,,4927,697,풍무,김포도시철도,4920,양촌,690,김포도시철도,4929,김포공항,699,10:14:06,10:13:38,N,,N,2025-05-01T05:00:00,,20250619
3087,,상행,주말,김포도시철도,,4928,698,고촌,김포도시철도,4920,양촌,690,김포도시철도,4929,김포공항,699,10:18:25,10:17:57,N,,N,2025-05-01T05:00:00,,20250619
3087,,상행,주말,김포도시철도,,4929,699,김포공항,김포도시철도,4920,양촌,690,김포도시철도,4929,김포공항,699,,10:24:33,N,,N,2025-05-01T05:00:00,,20250619
3093,,상행,주말,김포도시철도,,4920,690,양촌,김포도시철도,4920,양촌,690,김포도시철도,4929,김포공항,699,10:10:26,,N,,N,2025-05-01T05:00:00,,20250619
3093,,상행,주말,김포도시철도,,4921,691,구래,김포도시철도,4920,양촌,690,김포도시철도,4929,김포공항,699,10:13:00,10:12:32,N,,N,2025-05-01T05:00:00,,20250619
3093,,상행,주말,김포도시철도,,4922,692,마산,김포도시철도,4920,양촌,690,김포도시철도,4929,김포공항,699,10:16:12,10:15:44,N,,N,2025-05-01T05:00:00,,20250619
3093,,상행,주말,김포도시철도,,4923,693,장기,김포도시철도,4920,양촌,690,김포도시철도,4929,김포공항,699,10:20:08,10:19:40,N,,N,2025-05-01T05:00:00,,20250619
3093,,상행,주말,김포도시철도,,4924,694,운양,김포도시철도,4920,양촌,690,김포도시철도,4929,김포공항,699,10:22:39,10:22:11,N,,N,2025-05-01T05:00:00,,20250619
3093,,상행,주말,김포도시철도,,4925,695,걸포북변,김포도시철도,4920,양촌,690,김포도시철도,4929,김포공항,699,10:26:45,10:26:17,N,,N,2025-05-01T05:00:00,,20250619
3093,,상행,주말,김포도시철도,,4926,696,사우,김포도시철도,4920,양촌,690,김포도시철도,4929,김포공항,699,10:29:38,10:29:10,N,,N,2025-05-01T05:00:00,,20250619
3093,,상행,주말,김포도시철도,,4927,697,풍무,김포도시철도,4920,양촌,690,김포도시철도,4929,김포공항,699,10:32:06,10:31:38,N,,N,2025-05-01T05:00:00,,20250619
3093,,상행,주말,김포도시철도,,4928,698,고촌,김포도시철도,4920,양촌,690,김포도시철도,4929,김포공항,699,10:36:25,10:35:57,N,,N,2025-05-01T05:00:00,,20250619
3093,,상행,주말,김포도시철도,,4929,699,김포공항,김포도시철도,4920,양촌,690,김포도시철도,4929,김포공항,699,,10:42:33,N,,N,2025-05-01T05:00:00,,20250619
3099,,상행,주말,김포도시철도,,4920,690,양촌,김포도시철도,4920,양촌,690,김포도시철도,4929,김포공항,699,10:28:26,,N,,N,2025-05-01T05:00:00,,20250619
3099,,상행,주말,김포도시철도,,4921,691,구래,김포도시철도,4920,양촌,690,김포도시철도,4929,김포공항,699,10:31:00,10:30:32,N,,N,2025-05-01T05:00:00,,20250619
3099,,상행,주말,김포도시철도,,4922,692,마산,김포도시철도,4920,양촌,690,김포도시철도,4929,김포공항,699,10:34:12,10:33:44,N,,N,2025-05-01T05:00:00,,20250619
3099,,상행,주말,김포도시철도,,4923,693,장기,김포도시철도,4920,양촌,690,김포도시철도,4929,김포공항,699,10:38:08,10:37:40,N,,N,2025-05-01T05:00:00,,20250619
3099,,상행,주말,김포도시철도,,4924,694,운양,김포도시철도,4920,양촌,690,김포도시철도,4929,김포공항,699,10:40:39,10:40:11,N,,N,2025-05-01T05:00:00,,20250619
3099,,상행,주말,김포도시철도,,4925,695,걸포북변,김포도시철도,4920,양촌,690,김포도시철도,4929,김포공항,699,10:44:45,10:44:17,N,,N,2025-05-01T05:00:00,,20250619
3099,,상행,주말,김포도시철도,,4926,696,사우,김포도시철도,4920,양촌,690,김포도시철도,4929,김포공항,699,10:47:38,10:47:10,N,,N,2025-05-01T05:00:00,,20250619
3099,,상행,주말,김포도시철도,,4927,697,풍무,김포도시철도,4920,양촌,690,김포도시철도,4929,김포공항,699,10:50:06,10:49:38,N,,N,2025-05-01T05:00:00,,20250619
3099,,상행,주말,김포도시철도,,4928,698,고촌,김포도시철도,4920,양촌,690,김포도시철도,4929,김포공항,699,10:54:25,10:53:57,N,,N,2025-05-01T05:00:00,,20250619
3099,,상행,주말,김포도시철도,,4929,699,김포공항,김포도시철도,4920,양촌,690,김포도시철도,4929,김포공항,699,,11:00:33,N,,N,2025-05-01T05:00:00,,20250619
3105,,상행,주말,김포도시철도,,4920,690,양촌,김포도시철도,4920,양촌,690,김포도시철도,4929,김포공항,699,10:46:26,,N,,N,2025-05-01T05:00:00,,20250619
3105,,상행,주말,김포도시철도,,4921,691,구래,김포도시철도,4920,양촌,690,김포도시철도,4929,김포공항,699,10:49:00,10:48:32,N,,N,2025-05-01T05:00:00,,20250619
3105,,상행,주말,김포도시철도,,4922,692,마산,김포도시철도,4920,양촌,690,김포도시철도,4929,김포공항,699,10:52:12,10:51:44,N,,N,2025-05-01T05:00:00,,20250619
3105,,상행,주말,김포도시철도,,4923,693,장기,김포도시철도,4920,양촌,690,김포도시철도,4929,김포공항,699,10:56:08,10:55:40,N,,N,2025-05-01T05:00:00,,20250619
3105,,상행,주말,김포도시철도,,4924,694,운양,김포도시철도,4920,양촌,690,김포도시철도,4929,김포공항,699,10:58:39,10:58:11,N,,N,2025-05-01T05:00:00,,20250619
3105,,상행,주말,김포도시철도,,4925,695,걸포북변,김포도시철도,4920,양촌,690,김포도시철도,4929,김포공항,699,11:02:45,11:02:17,N,,N,2025-05-01T05:00:00,,20250619
3105,,상행,주말,김포도시철도,,4926,696,사우,김포도시철도,4920,양촌,690,김포도시철도,4929,김포공항,699,11:05:38,11:05:10,N,,N,2025-05-01T05:00:00,,20250619
3105,,상행,주말,김포도시철도,,4927,697,풍무,김포도시철도,4920,양촌,690,김포도시철도,4929,김포공항,699,11:08:06,11:07:38,N,,N,2025-05-01T05:00:00,,20250619
3105,,상행,주말,김포도시철도,,4928,698,고촌,김포도시철도,4920,양촌,690,김포도시철도,4929,김포공항,699,11:12:25,11:11:57,N,,N,2025-05-01T05:00:00,,20250619
3105,,상행,주말,김포도시철도,,4929,699,김포공항,김포도시철도,4920,양촌,690,김포도시철도,4929,김포공항,699,,11:18:33,N,,N,2025-05-01T05:00:00,,20250619
3111,,상행,주말,김포도시철도,,4920,690,양촌,김포도시철도,4920,양촌,690,김포도시철도,4929,김포공항,699,11:04:26,,N,,N,2025-05-01T05:00:00,,20250619
3111,,상행,주말,김포도시철도,,4921,691,구래,김포도시철도,4920,양촌,690,김포도시철도,4929,김포공항,699,11:07:00,11:06:32,N,,N,2025-05-01T05:00:00,,20250619
3111,,상행,주말,김포도시철도,,4922,692,마산,김포도시철도,4920,양촌,690,김포도시철도,4929,김포공항,699,11:10:12,11:09:44,N,,N,2025-05-01T05:00:00,,20250619
3111,,상행,주말,김포도시철도,,4923,693,장기,김포도시철도,4920,양촌,690,김포도시철도,4929,김포공항,699,11:14:08,11:13:40,N,,N,2025-05-01T05:00:00,,20250619
3111,,상행,주말,김포도시철도,,4924,694,운양,김포도시철도,4920,양촌,690,김포도시철도,4929,김포공항,699,11:16:39,11:16:11,N,,N,2025-05-01T05:00:00,,20250619
3111,,상행,주말,김포도시철도,,4925,695,걸포북변,김포도시철도,4920,양촌,690,김포도시철도,4929,김포공항,699,11:20:45,11:20:17,N,,N,2025-05-01T05:00:00,,20250619
3111,,상행,주말,김포도시철도,,4926,696,사우,김포도시철도,4920,양촌,690,김포도시철도,4929,김포공항,699,11:23:38,11:23:10,N,,N,2025-05-01T05:00:00,,20250619
3111,,상행,주말,김포도시철도,,4927,697,풍무,김포도시철도,4920,양촌,690,김포도시철도,4929,김포공항,699,11:26:06,11:25:38,N,,N,2025-05-01T05:00:00,,20250619
3111,,상행,주말,김포도시철도,,4928,698,고촌,김포도시철도,4920,양촌,690,김포도시철도,4929,김포공항,699,11:30:25,11:29:57,N,,N,2025-05-01T05:00:00,,20250619
3111,,상행,주말,김포도시철도,,4929,699,김포공항,김포도시철도,4920,양촌,690,김포도시철도,4929,김포공항,699,,11:36:33,N,,N,2025-05-01T05:00:00,,20250619
3117,,상행,주말,김포도시철도,,4920,690,양촌,김포도시철도,4920,양촌,690,김포도시철도,4929,김포공항,699,11:22:26,,N,,N,2025-05-01T05:00:00,,20250619
3117,,상행,주말,김포도시철도,,4921,691,구래,김포도시철도,4920,양촌,690,김포도시철도,4929,김포공항,699,11:25:00,11:24:32,N,,N,2025-05-01T05:00:00,,20250619
3117,,상행,주말,김포도시철도,,4922,692,마산,김포도시철도,4920,양촌,690,김포도시철도,4929,김포공항,699,11:28:12,11:27:44,N,,N,2025-05-01T05:00:00,,20250619
3117,,상행,주말,김포도시철도,,4923,693,장기,김포도시철도,4920,양촌,690,김포도시철도,4929,김포공항,699,11:32:08,11:31:40,N,,N,2025-05-01T05:00:00,,20250619
3117,,상행,주말,김포도시철도,,4924,694,운양,김포도시철도,4920,양촌,690,김포도시철도,4929,김포공항,699,11:34:39,11:34:11,N,,N,2025-05-01T05:00:00,,20250619
3117,,상행,주말,김포도시철도,,4925,695,걸포북변,김포도시철도,4920,양촌,690,김포도시철도,4929,김포공항,699,11:38:45,11:38:17,N,,N,2025-05-01T05:00:00,,20250619
3117,,상행,주말,김포도시철도,,4926,696,사우,김포도시철도,4920,양촌,690,김포도시철도,4929,김포공항,699,11:41:38,11:41:10,N,,N,2025-05-01T05:00:00,,20250619
3117,,상행,주말,김포도시철도,,4927,697,풍무,김포도시철도,4920,양촌,690,김포도시철도,4929,김포공항,699,11:44:06,11:43:38,N,,N,2025-05-01T05:00:00,,20250619
3117,,상행,주말,김포도시철도,,4928,698,고촌,김포도시철도,4920,양촌,690,김포도시철도,4929,김포공항,699,11:48:25,11:47:57,N,,N,2025-05-01T05:00:00,,20250619
3117,,상행,주말,김포도시철도,,4929,699,김포공항,김포도시철도,4920,양촌,690,김포도시철도,4929,김포공항,699,,11:54:33,N,,N,2025-05-01T05:00:00,,20250619
3123,,상행,주말,김포도시철도,,4920,690,양촌,김포도시철도,4920,양촌,690,김포도시철도,4929,김포공항,699,11:40:26,,N,,N,2025-05-01T05:00:00,,20250619
3123,,상행,주말,김포도시철도,,4921,691,구래,김포도시철도,4920,양촌,690,김포도시철도,4929,김포공항,699,11:43:00,11:42:32,N,,N,2025-05-01T05:00:00,,20250619
3123,,상행,주말,김포도시철도,,4922,692,마산,김포도시철도,4920,양촌,690,김포도시철도,4929,김포공항,699,11:46:12,11:45:44,N,,N,2025-05-01T05:00:00,,20250619
3123,,상행,주말,김포도시철도,,4923,693,장기,김포도시철도,4920,양촌,690,김포도시철도,4929,김포공항,699,11:50:08,11:49:40,N,,N,2025-05-01T05:00:00,,20250619
3123,,상행,주말,김포도시철도,,4924,694,운양,김포도시철도,4920,양촌,690,김포도시철도,4929,김포공항,699,11:52:39,11:52:11,N,,N,2025-05-01T05:00:00,,20250619
3123,,상행,주말,김포도시철도,,4925,695,걸포북변,김포도시철도,4920,양촌,690,김포도시철도,4929,김포공항,699,11:56:45,11:56:17,N,,N,2025-05-01T05:00:00,,20250619
3123,,상행,주말,김포도시철도,,4926,696,사우,김포도시철도,4920,양촌,690,김포도시철도,4929,김포공항,699,11:59:38,11:59:10,N,,N,2025-05-01T05:00:00,,20250619
3123,,상행,주말,김포도시철도,,4927,697,풍무,김포도시철도,4920,양촌,690,김포도시철도,4929,김포공항,699,12:02:06,12:01:38,N,,N,2025-05-01T05:00:00,,20250619
3123,,상행,주말,김포도시철도,,4928,698,고촌,김포도시철도,4920,양촌,690,김포도시철도,4929,김포공항,699,12:06:25,12:05:57,N,,N,2025-05-01T05:00:00,,20250619
3123,,상행,주말,김포도시철도,,4929,699,김포공항,김포도시철도,4920,양촌,690,김포도시철도,4929,김포공항,699,,12:12:33,N,,N,2025-05-01T05:00:00,,20250619
3129,,상행,주말,김포도시철도,,4920,690,양촌,김포도시철도,4920,양촌,690,김포도시철도,4929,김포공항,699,11:58:26,,N,,N,2025-05-01T05:00:00,,20250619
3129,,상행,주말,김포도시철도,,4921,691,구래,김포도시철도,4920,양촌,690,김포도시철도,4929,김포공항,699,12:01:00,12:00:32,N,,N,2025-05-01T05:00:00,,20250619
3129,,상행,주말,김포도시철도,,4922,692,마산,김포도시철도,4920,양촌,690,김포도시철도,4929,김포공항,699,12:04:12,12:03:44,N,,N,2025-05-01T05:00:00,,20250619
3129,,상행,주말,김포도시철도,,4923,693,장기,김포도시철도,4920,양촌,690,김포도시철도,4929,김포공항,699,12:08:08,12:07:40,N,,N,2025-05-01T05:00:00,,20250619
3129,,상행,주말,김포도시철도,,4924,694,운양,김포도시철도,4920,양촌,690,김포도시철도,4929,김포공항,699,12:10:39,12:10:11,N,,N,2025-05-01T05:00:00,,20250619
3129,,상행,주말,김포도시철도,,4925,695,걸포북변,김포도시철도,4920,양촌,690,김포도시철도,4929,김포공항,699,12:14:45,12:14:17,N,,N,2025-05-01T05:00:00,,20250619
3129,,상행,주말,김포도시철도,,4926,696,사우,김포도시철도,4920,양촌,690,김포도시철도,4929,김포공항,699,12:17:38,12:17:10,N,,N,2025-05-01T05:00:00,,20250619
3129,,상행,주말,김포도시철도,,4927,697,풍무,김포도시철도,4920,양촌,690,김포도시철도,4929,김포공항,699,12:20:06,12:19:38,N,,N,2025-05-01T05:00:00,,20250619
3129,,상행,주말,김포도시철도,,4928,698,고촌,김포도시철도,4920,양촌,690,김포도시철도,4929,김포공항,699,12:24:25,12:23:57,N,,N,2025-05-01T05:00:00,,20250619
3129,,상행,주말,김포도시철도,,4929,699,김포공항,김포도시철도,4920,양촌,690,김포도시철도,4929,김포공항,699,,12:30:33,N,,N,2025-05-01T05:00:00,,20250619
3135,,상행,주말,김포도시철도,,4920,690,양촌,김포도시철도,4920,양촌,690,김포도시철도,4929,김포공항,699,12:16:26,,N,,N,2025-05-01T05:00:00,,20250619
3135,,상행,주말,김포도시철도,,4921,691,구래,김포도시철도,4920,양촌,690,김포도시철도,4929,김포공항,699,12:19:00,12:18:32,N,,N,2025-05-01T05:00:00,,20250619
3135,,상행,주말,김포도시철도,,4922,692,마산,김포도시철도,4920,양촌,690,김포도시철도,4929,김포공항,699,12:22:12,12:21:44,N,,N,2025-05-01T05:00:00,,20250619
3135,,상행,주말,김포도시철도,,4923,693,장기,김포도시철도,4920,양촌,690,김포도시철도,4929,김포공항,699,12:26:08,12:25:40,N,,N,2025-05-01T05:00:00,,20250619
3135,,상행,주말,김포도시철도,,4924,694,운양,김포도시철도,4920,양촌,690,김포도시철도,4929,김포공항,699,12:28:39,12:28:11,N,,N,2025-05-01T05:00:00,,20250619
3135,,상행,주말,김포도시철도,,4925,695,걸포북변,김포도시철도,4920,양촌,690,김포도시철도,4929,김포공항,699,12:32:45,12:32:17,N,,N,2025-05-01T05:00:00,,20250619
3135,,상행,주말,김포도시철도,,4926,696,사우,김포도시철도,4920,양촌,690,김포도시철도,4929,김포공항,699,12:35:38,12:35:10,N,,N,2025-05-01T05:00:00,,20250619
3135,,상행,주말,김포도시철도,,4927,697,풍무,김포도시철도,4920,양촌,690,김포도시철도,4929,김포공항,699,12:38:06,12:37:38,N,,N,2025-05-01T05:00:00,,20250619
3135,,상행,주말,김포도시철도,,4928,698,고촌,김포도시철도,4920,양촌,690,김포도시철도,4929,김포공항,699,12:42:25,12:41:57,N,,N,2025-05-01T05:00:00,,20250619
3135,,상행,주말,김포도시철도,,4929,699,김포공항,김포도시철도,4920,양촌,690,김포도시철도,4929,김포공항,699,,12:48:33,N,,N,2025-05-01T05:00:00,,20250619
3141,,상행,주말,김포도시철도,,4920,690,양촌,김포도시철도,4920,양촌,690,김포도시철도,4929,김포공항,699,12:34:26,,N,,N,2025-05-01T05:00:00,,20250619
3141,,상행,주말,김포도시철도,,4921,691,구래,김포도시철도,4920,양촌,690,김포도시철도,4929,김포공항,699,12:37:00,12:36:32,N,,N,2025-05-01T05:00:00,,20250619
3141,,상행,주말,김포도시철도,,4922,692,마산,김포도시철도,4920,양촌,690,김포도시철도,4929,김포공항,699,12:40:12,12:39:44,N,,N,2025-05-01T05:00:00,,20250619
3141,,상행,주말,김포도시철도,,4923,693,장기,김포도시철도,4920,양촌,690,김포도시철도,4929,김포공항,699,12:44:08,12:43:40,N,,N,2025-05-01T05:00:00,,20250619
3141,,상행,주말,김포도시철도,,4924,694,운양,김포도시철도,4920,양촌,690,김포도시철도,4929,김포공항,699,12:46:39,12:46:11,N,,N,2025-05-01T05:00:00,,20250619
3141,,상행,주말,김포도시철도,,4925,695,걸포북변,김포도시철도,4920,양촌,690,김포도시철도,4929,김포공항,699,12:50:45,12:50:17,N,,N,2025-05-01T05:00:00,,20250619
3141,,상행,주말,김포도시철도,,4926,696,사우,김포도시철도,4920,양촌,690,김포도시철도,4929,김포공항,699,12:53:38,12:53:10,N,,N,2025-05-01T05:00:00,,20250619
3141,,상행,주말,김포도시철도,,4927,697,풍무,김포도시철도,4920,양촌,690,김포도시철도,4929,김포공항,699,12:56:06,12:55:38,N,,N,2025-05-01T05:00:00,,20250619
3141,,상행,주말,김포도시철도,,4928,698,고촌,김포도시철도,4920,양촌,690,김포도시철도,4929,김포공항,699,13:00:25,12:59:57,N,,N,2025-05-01T05:00:00,,20250619
3141,,상행,주말,김포도시철도,,4929,699,김포공항,김포도시철도,4920,양촌,690,김포도시철도,4929,김포공항,699,,13:06:33,N,,N,2025-05-01T05:00:00,,20250619
3147,,상행,주말,김포도시철도,,4920,690,양촌,김포도시철도,4920,양촌,690,김포도시철도,4929,김포공항,699,12:52:26,,N,,N,2025-05-01T05:00:00,,20250619
3147,,상행,주말,김포도시철도,,4921,691,구래,김포도시철도,4920,양촌,690,김포도시철도,4929,김포공항,699,12:55:00,12:54:32,N,,N,2025-05-01T05:00:00,,20250619
3147,,상행,주말,김포도시철도,,4922,692,마산,김포도시철도,4920,양촌,690,김포도시철도,4929,김포공항,699,12:58:12,12:57:44,N,,N,2025-05-01T05:00:00,,20250619
3147,,상행,주말,김포도시철도,,4923,693,장기,김포도시철도,4920,양촌,690,김포도시철도,4929,김포공항,699,13:02:08,13:01:40,N,,N,2025-05-01T05:00:00,,20250619
3147,,상행,주말,김포도시철도,,4924,694,운양,김포도시철도,4920,양촌,690,김포도시철도,4929,김포공항,699,13:04:39,13:04:11,N,,N,2025-05-01T05:00:00,,20250619
3147,,상행,주말,김포도시철도,,4925,695,걸포북변,김포도시철도,4920,양촌,690,김포도시철도,4929,김포공항,699,13:08:45,13:08:17,N,,N,2025-05-01T05:00:00,,20250619
3147,,상행,주말,김포도시철도,,4926,696,사우,김포도시철도,4920,양촌,690,김포도시철도,4929,김포공항,699,13:11:38,13:11:10,N,,N,2025-05-01T05:00:00,,20250619
3147,,상행,주말,김포도시철도,,4927,697,풍무,김포도시철도,4920,양촌,690,김포도시철도,4929,김포공항,699,13:14:06,13:13:38,N,,N,2025-05-01T05:00:00,,20250619
3147,,상행,주말,김포도시철도,,4928,698,고촌,김포도시철도,4920,양촌,690,김포도시철도,4929,김포공항,699,13:18:25,13:17:57,N,,N,2025-05-01T05:00:00,,20250619
3147,,상행,주말,김포도시철도,,4929,699,김포공항,김포도시철도,4920,양촌,690,김포도시철도,4929,김포공항,699,,13:24:33,N,,N,2025-05-01T05:00:00,,20250619
3153,,상행,주말,김포도시철도,,4920,690,양촌,김포도시철도,4920,양촌,690,김포도시철도,4929,김포공항,699,13:10:26,,N,,N,2025-05-01T05:00:00,,20250619
3153,,상행,주말,김포도시철도,,4921,691,구래,김포도시철도,4920,양촌,690,김포도시철도,4929,김포공항,699,13:13:00,13:12:32,N,,N,2025-05-01T05:00:00,,20250619
3153,,상행,주말,김포도시철도,,4922,692,마산,김포도시철도,4920,양촌,690,김포도시철도,4929,김포공항,699,13:16:12,13:15:44,N,,N,2025-05-01T05:00:00,,20250619
3153,,상행,주말,김포도시철도,,4923,693,장기,김포도시철도,4920,양촌,690,김포도시철도,4929,김포공항,699,13:20:08,13:19:40,N,,N,2025-05-01T05:00:00,,20250619
3153,,상행,주말,김포도시철도,,4924,694,운양,김포도시철도,4920,양촌,690,김포도시철도,4929,김포공항,699,13:22:39,13:22:11,N,,N,2025-05-01T05:00:00,,20250619
3153,,상행,주말,김포도시철도,,4925,695,걸포북변,김포도시철도,4920,양촌,690,김포도시철도,4929,김포공항,699,13:26:45,13:26:17,N,,N,2025-05-01T05:00:00,,20250619
3153,,상행,주말,김포도시철도,,4926,696,사우,김포도시철도,4920,양촌,690,김포도시철도,4929,김포공항,699,13:29:38,13:29:10,N,,N,2025-05-01T05:00:00,,20250619
3153,,상행,주말,김포도시철도,,4927,697,풍무,김포도시철도,4920,양촌,690,김포도시철도,4929,김포공항,699,13:32:06,13:31:38,N,,N,2025-05-01T05:00:00,,20250619
3153,,상행,주말,김포도시철도,,4928,698,고촌,김포도시철도,4920,양촌,690,김포도시철도,4929,김포공항,699,13:36:25,13:35:57,N,,N,2025-05-01T05:00:00,,20250619
3153,,상행,주말,김포도시철도,,4929,699,김포공항,김포도시철도,4920,양촌,690,김포도시철도,4929,김포공항,699,,13:42:33,N,,N,2025-05-01T05:00:00,,20250619
3159,,상행,주말,김포도시철도,,4920,690,양촌,김포도시철도,4920,양촌,690,김포도시철도,4929,김포공항,699,13:28:26,,N,,N,2025-05-01T05:00:00,,20250619
3159,,상행,주말,김포도시철도,,4921,691,구래,김포도시철도,4920,양촌,690,김포도시철도,4929,김포공항,699,13:31:00,13:30:32,N,,N,2025-05-01T05:00:00,,20250619
3159,,상행,주말,김포도시철도,,4922,692,마산,김포도시철도,4920,양촌,690,김포도시철도,4929,김포공항,699,13:34:12,13:33:44,N,,N,2025-05-01T05:00:00,,20250619
3159,,상행,주말,김포도시철도,,4923,693,장기,김포도시철도,4920,양촌,690,김포도시철도,4929,김포공항,699,13:38:08,13:37:40,N,,N,2025-05-01T05:00:00,,20250619
3159,,상행,주말,김포도시철도,,4924,694,운양,김포도시철도,4920,양촌,690,김포도시철도,4929,김포공항,699,13:40:39,13:40:11,N,,N,2025-05-01T05:00:00,,20250619
3159,,상행,주말,김포도시철도,,4925,695,걸포북변,김포도시철도,4920,양촌,690,김포도시철도,4929,김포공항,699,13:44:45,13:44:17,N,,N,2025-05-01T05:00:00,,20250619
3159,,상행,주말,김포도시철도,,4926,696,사우,김포도시철도,4920,양촌,690,김포도시철도,4929,김포공항,699,13:47:38,13:47:10,N,,N,2025-05-01T05:00:00,,20250619
3159,,상행,주말,김포도시철도,,4927,697,풍무,김포도시철도,4920,양촌,690,김포도시철도,4929,김포공항,699,13:50:06,13:49:38,N,,N,2025-05-01T05:00:00,,20250619
3159,,상행,주말,김포도시철도,,4928,698,고촌,김포도시철도,4920,양촌,690,김포도시철도,4929,김포공항,699,13:54:25,13:53:57,N,,N,2025-05-01T05:00:00,,20250619
3159,,상행,주말,김포도시철도,,4929,699,김포공항,김포도시철도,4920,양촌,690,김포도시철도,4929,김포공항,699,,14:00:33,N,,N,2025-05-01T05:00:00,,20250619
3165,,상행,주말,김포도시철도,,4920,690,양촌,김포도시철도,4920,양촌,690,김포도시철도,4929,김포공항,699,13:46:26,,N,,N,2025-05-01T05:00:00,,20250619
3165,,상행,주말,김포도시철도,,4921,691,구래,김포도시철도,4920,양촌,690,김포도시철도,4929,김포공항,699,13:49:00,13:48:32,N,,N,2025-05-01T05:00:00,,20250619
3165,,상행,주말,김포도시철도,,4922,692,마산,김포도시철도,4920,양촌,690,김포도시철도,4929,김포공항,699,13:52:12,13:51:44,N,,N,2025-05-01T05:00:00,,20250619
3165,,상행,주말,김포도시철도,,4923,693,장기,김포도시철도,4920,양촌,690,김포도시철도,4929,김포공항,699,13:56:08,13:55:40,N,,N,2025-05-01T05:00:00,,20250619
3165,,상행,주말,김포도시철도,,4924,694,운양,김포도시철도,4920,양촌,690,김포도시철도,4929,김포공항,699,13:58:39,13:58:11,N,,N,2025-05-01T05:00:00,,20250619
3165,,상행,주말,김포도시철도,,4925,695,걸포북변,김포도시철도,4920,양촌,690,김포도시철도,4929,김포공항,699,14:02:45,14:02:17,N,,N,2025-05-01T05:00:00,,20250619
3165,,상행,주말,김포도시철도,,4926,696,사우,김포도시철도,4920,양촌,690,김포도시철도,4929,김포공항,699,14:05:38,14:05:10,N,,N,2025-05-01T05:00:00,,20250619
3165,,상행,주말,김포도시철도,,4927,697,풍무,김포도시철도,4920,양촌,690,김포도시철도,4929,김포공항,699,14:08:06,14:07:38,N,,N,2025-05-01T05:00:00,,20250619
3165,,상행,주말,김포도시철도,,4928,698,고촌,김포도시철도,4920,양촌,690,김포도시철도,4929,김포공항,699,14:12:25,14:11:57,N,,N,2025-05-01T05:00:00,,20250619
3165,,상행,주말,김포도시철도,,4929,699,김포공항,김포도시철도,4920,양촌,690,김포도시철도,4929,김포공항,699,,14:18:33,N,,N,2025-05-01T05:00:00,,20250619
3171,,상행,주말,김포도시철도,,4920,690,양촌,김포도시철도,4920,양촌,690,김포도시철도,4929,김포공항,699,14:04:26,,N,,N,2025-05-01T05:00:00,,20250619
3171,,상행,주말,김포도시철도,,4921,691,구래,김포도시철도,4920,양촌,690,김포도시철도,4929,김포공항,699,14:07:00,14:06:32,N,,N,2025-05-01T05:00:00,,20250619
3171,,상행,주말,김포도시철도,,4922,692,마산,김포도시철도,4920,양촌,690,김포도시철도,4929,김포공항,699,14:10:12,14:09:44,N,,N,2025-05-01T05:00:00,,20250619
3171,,상행,주말,김포도시철도,,4923,693,장기,김포도시철도,4920,양촌,690,김포도시철도,4929,김포공항,699,14:14:08,14:13:40,N,,N,2025-05-01T05:00:00,,20250619
3171,,상행,주말,김포도시철도,,4924,694,운양,김포도시철도,4920,양촌,690,김포도시철도,4929,김포공항,699,14:16:39,14:16:11,N,,N,2025-05-01T05:00:00,,20250619
3171,,상행,주말,김포도시철도,,4925,695,걸포북변,김포도시철도,4920,양촌,690,김포도시철도,4929,김포공항,699,14:20:45,14:20:17,N,,N,2025-05-01T05:00:00,,20250619
3171,,상행,주말,김포도시철도,,4926,696,사우,김포도시철도,4920,양촌,690,김포도시철도,4929,김포공항,699,14:23:38,14:23:10,N,,N,2025-05-01T05:00:00,,20250619
3171,,상행,주말,김포도시철도,,4927,697,풍무,김포도시철도,4920,양촌,690,김포도시철도,4929,김포공항,699,14:26:06,14:25:38,N,,N,2025-05-01T05:00:00,,20250619
3171,,상행,주말,김포도시철도,,4928,698,고촌,김포도시철도,4920,양촌,690,김포도시철도,4929,김포공항,699,14:30:25,14:29:57,N,,N,2025-05-01T05:00:00,,20250619
3171,,상행,주말,김포도시철도,,4929,699,김포공항,김포도시철도,4920,양촌,690,김포도시철도,4929,김포공항,699,,14:36:33,N,,N,2025-05-01T05:00:00,,20250619
3177,,상행,주말,김포도시철도,,4920,690,양촌,김포도시철도,4920,양촌,690,김포도시철도,4929,김포공항,699,14:22:26,,N,,N,2025-05-01T05:00:00,,20250619
3177,,상행,주말,김포도시철도,,4921,691,구래,김포도시철도,4920,양촌,690,김포도시철도,4929,김포공항,699,14:25:00,14:24:32,N,,N,2025-05-01T05:00:00,,20250619
3177,,상행,주말,김포도시철도,,4922,692,마산,김포도시철도,4920,양촌,690,김포도시철도,4929,김포공항,699,14:28:12,14:27:44,N,,N,2025-05-01T05:00:00,,20250619
3177,,상행,주말,김포도시철도,,4923,693,장기,김포도시철도,4920,양촌,690,김포도시철도,4929,김포공항,699,14:32:08,14:31:40,N,,N,2025-05-01T05:00:00,,20250619
3177,,상행,주말,김포도시철도,,4924,694,운양,김포도시철도,4920,양촌,690,김포도시철도,4929,김포공항,699,14:34:39,14:34:11,N,,N,2025-05-01T05:00:00,,20250619
3177,,상행,주말,김포도시철도,,4925,695,걸포북변,김포도시철도,4920,양촌,690,김포도시철도,4929,김포공항,699,14:38:45,14:38:17,N,,N,2025-05-01T05:00:00,,20250619
3177,,상행,주말,김포도시철도,,4926,696,사우,김포도시철도,4920,양촌,690,김포도시철도,4929,김포공항,699,14:41:38,14:41:10,N,,N,2025-05-01T05:00:00,,20250619
3177,,상행,주말,김포도시철도,,4927,697,풍무,김포도시철도,4920,양촌,690,김포도시철도,4929,김포공항,699,14:44:06,14:43:38,N,,N,2025-05-01T05:00:00,,20250619
3177,,상행,주말,김포도시철도,,4928,698,고촌,김포도시철도,4920,양촌,690,김포도시철도,4929,김포공항,699,14:48:25,14:47:57,N,,N,2025-05-01T05:00:00,,20250619
3177,,상행,주말,김포도시철도,,4929,699,김포공항,김포도시철도,4920,양촌,690,김포도시철도,4929,김포공항,699,,14:54:33,N,,N,2025-05-01T05:00:00,,20250619
3183,,상행,주말,김포도시철도,,4920,690,양촌,김포도시철도,4920,양촌,690,김포도시철도,4929,김포공항,699,14:40:26,,N,,N,2025-05-01T05:00:00,,20250619
3183,,상행,주말,김포도시철도,,4921,691,구래,김포도시철도,4920,양촌,690,김포도시철도,4929,김포공항,699,14:43:00,14:42:32,N,,N,2025-05-01T05:00:00,,20250619
3183,,상행,주말,김포도시철도,,4922,692,마산,김포도시철도,4920,양촌,690,김포도시철도,4929,김포공항,699,14:46:12,14:45:44,N,,N,2025-05-01T05:00:00,,20250619
3183,,상행,주말,김포도시철도,,4923,693,장기,김포도시철도,4920,양촌,690,김포도시철도,4929,김포공항,699,14:50:08,14:49:40,N,,N,2025-05-01T05:00:00,,20250619
3183,,상행,주말,김포도시철도,,4924,694,운양,김포도시철도,4920,양촌,690,김포도시철도,4929,김포공항,699,14:52:39,14:52:11,N,,N,2025-05-01T05:00:00,,20250619
3183,,상행,주말,김포도시철도,,4925,695,걸포북변,김포도시철도,4920,양촌,690,김포도시철도,4929,김포공항,699,14:56:45,14:56:17,N,,N,2025-05-01T05:00:00,,20250619
3183,,상행,주말,김포도시철도,,4926,696,사우,김포도시철도,4920,양촌,690,김포도시철도,4929,김포공항,699,14:59:38,14:59:10,N,,N,2025-05-01T05:00:00,,20250619
3183,,상행,주말,김포도시철도,,4927,697,풍무,김포도시철도,4920,양촌,690,김포도시철도,4929,김포공항,699,15:02:06,15:01:38,N,,N,2025-05-01T05:00:00,,20250619
3183,,상행,주말,김포도시철도,,4928,698,고촌,김포도시철도,4920,양촌,690,김포도시철도,4929,김포공항,699,15:06:25,15:05:57,N,,N,2025-05-01T05:00:00,,20250619
3183,,상행,주말,김포도시철도,,4929,699,김포공항,김포도시철도,4920,양촌,690,김포도시철도,4929,김포공항,699,,15:12:33,N,,N,2025-05-01T05:00:00,,20250619
3189,,상행,주말,김포도시철도,,4920,690,양촌,김포도시철도,4920,양촌,690,김포도시철도,4929,김포공항,699,14:58:26,,N,,N,2025-05-01T05:00:00,,20250619
3189,,상행,주말,김포도시철도,,4921,691,구래,김포도시철도,4920,양촌,690,김포도시철도,4929,김포공항,699,15:01:00,15:00:32,N,,N,2025-05-01T05:00:00,,20250619
3189,,상행,주말,김포도시철도,,4922,692,마산,김포도시철도,4920,양촌,690,김포도시철도,4929,김포공항,699,15:04:12,15:03:44,N,,N,2025-05-01T05:00:00,,20250619
3189,,상행,주말,김포도시철도,,4923,693,장기,김포도시철도,4920,양촌,690,김포도시철도,4929,김포공항,699,15:08:08,15:07:40,N,,N,2025-05-01T05:00:00,,20250619
3189,,상행,주말,김포도시철도,,4924,694,운양,김포도시철도,4920,양촌,690,김포도시철도,4929,김포공항,699,15:10:39,15:10:11,N,,N,2025-05-01T05:00:00,,20250619
3189,,상행,주말,김포도시철도,,4925,695,걸포북변,김포도시철도,4920,양촌,690,김포도시철도,4929,김포공항,699,15:14:45,15:14:17,N,,N,2025-05-01T05:00:00,,20250619
3189,,상행,주말,김포도시철도,,4926,696,사우,김포도시철도,4920,양촌,690,김포도시철도,4929,김포공항,699,15:17:38,15:17:10,N,,N,2025-05-01T05:00:00,,20250619
3189,,상행,주말,김포도시철도,,4927,697,풍무,김포도시철도,4920,양촌,690,김포도시철도,4929,김포공항,699,15:20:06,15:19:38,N,,N,2025-05-01T05:00:00,,20250619
3189,,상행,주말,김포도시철도,,4928,698,고촌,김포도시철도,4920,양촌,690,김포도시철도,4929,김포공항,699,15:24:25,15:23:57,N,,N,2025-05-01T05:00:00,,20250619
3189,,상행,주말,김포도시철도,,4929,699,김포공항,김포도시철도,4920,양촌,690,김포도시철도,4929,김포공항,699,,15:30:33,N,,N,2025-05-01T05:00:00,,20250619
3195,,상행,주말,김포도시철도,,4920,690,양촌,김포도시철도,4920,양촌,690,김포도시철도,4929,김포공항,699,15:16:26,,N,,N,2025-05-01T05:00:00,,20250619
3195,,상행,주말,김포도시철도,,4921,691,구래,김포도시철도,4920,양촌,690,김포도시철도,4929,김포공항,699,15:19:00,15:18:32,N,,N,2025-05-01T05:00:00,,20250619
3195,,상행,주말,김포도시철도,,4922,692,마산,김포도시철도,4920,양촌,690,김포도시철도,4929,김포공항,699,15:22:12,15:21:44,N,,N,2025-05-01T05:00:00,,20250619
3195,,상행,주말,김포도시철도,,4923,693,장기,김포도시철도,4920,양촌,690,김포도시철도,4929,김포공항,699,15:26:08,15:25:40,N,,N,2025-05-01T05:00:00,,20250619
3195,,상행,주말,김포도시철도,,4924,694,운양,김포도시철도,4920,양촌,690,김포도시철도,4929,김포공항,699,15:28:39,15:28:11,N,,N,2025-05-01T05:00:00,,20250619
3195,,상행,주말,김포도시철도,,4925,695,걸포북변,김포도시철도,4920,양촌,690,김포도시철도,4929,김포공항,699,15:32:45,15:32:17,N,,N,2025-05-01T05:00:00,,20250619
3195,,상행,주말,김포도시철도,,4926,696,사우,김포도시철도,4920,양촌,690,김포도시철도,4929,김포공항,699,15:35:38,15:35:10,N,,N,2025-05-01T05:00:00,,20250619
3195,,상행,주말,김포도시철도,,4927,697,풍무,김포도시철도,4920,양촌,690,김포도시철도,4929,김포공항,699,15:38:06,15:37:38,N,,N,2025-05-01T05:00:00,,20250619
3195,,상행,주말,김포도시철도,,4928,698,고촌,김포도시철도,4920,양촌,690,김포도시철도,4929,김포공항,699,15:42:25,15:41:57,N,,N,2025-05-01T05:00:00,,20250619
3195,,상행,주말,김포도시철도,,4929,699,김포공항,김포도시철도,4920,양촌,690,김포도시철도,4929,김포공항,699,,15:48:33,N,,N,2025-05-01T05:00:00,,20250619
3201,,상행,주말,김포도시철도,,4920,690,양촌,김포도시철도,4920,양촌,690,김포도시철도,4929,김포공항,699,15:34:26,,N,,N,2025-05-01T05:00:00,,20250619
3201,,상행,주말,김포도시철도,,4921,691,구래,김포도시철도,4920,양촌,690,김포도시철도,4929,김포공항,699,15:37:00,15:36:32,N,,N,2025-05-01T05:00:00,,20250619
3201,,상행,주말,김포도시철도,,4922,692,마산,김포도시철도,4920,양촌,690,김포도시철도,4929,김포공항,699,15:40:12,15:39:44,N,,N,2025-05-01T05:00:00,,20250619
3201,,상행,주말,김포도시철도,,4923,693,장기,김포도시철도,4920,양촌,690,김포도시철도,4929,김포공항,699,15:44:08,15:43:40,N,,N,2025-05-01T05:00:00,,20250619
3201,,상행,주말,김포도시철도,,4924,694,운양,김포도시철도,4920,양촌,690,김포도시철도,4929,김포공항,699,15:46:39,15:46:11,N,,N,2025-05-01T05:00:00,,20250619
3201,,상행,주말,김포도시철도,,4925,695,걸포북변,김포도시철도,4920,양촌,690,김포도시철도,4929,김포공항,699,15:50:45,15:50:17,N,,N,2025-05-01T05:00:00,,20250619
3201,,상행,주말,김포도시철도,,4926,696,사우,김포도시철도,4920,양촌,690,김포도시철도,4929,김포공항,699,15:53:38,15:53:10,N,,N,2025-05-01T05:00:00,,20250619
3201,,상행,주말,김포도시철도,,4927,697,풍무,김포도시철도,4920,양촌,690,김포도시철도,4929,김포공항,699,15:56:06,15:55:38,N,,N,2025-05-01T05:00:00,,20250619
3201,,상행,주말,김포도시철도,,4928,698,고촌,김포도시철도,4920,양촌,690,김포도시철도,4929,김포공항,699,16:00:25,15:59:57,N,,N,2025-05-01T05:00:00,,20250619
3201,,상행,주말,김포도시철도,,4929,699,김포공항,김포도시철도,4920,양촌,690,김포도시철도,4929,김포공항,699,,16:06:33,N,,N,2025-05-01T05:00:00,,20250619
3207,,상행,주말,김포도시철도,,4920,690,양촌,김포도시철도,4920,양촌,690,김포도시철도,4929,김포공항,699,15:52:26,,N,,N,2025-05-01T05:00:00,,20250619
3207,,상행,주말,김포도시철도,,4921,691,구래,김포도시철도,4920,양촌,690,김포도시철도,4929,김포공항,699,15:55:00,15:54:32,N,,N,2025-05-01T05:00:00,,20250619
3207,,상행,주말,김포도시철도,,4922,692,마산,김포도시철도,4920,양촌,690,김포도시철도,4929,김포공항,699,15:58:12,15:57:44,N,,N,2025-05-01T05:00:00,,20250619
3207,,상행,주말,김포도시철도,,4923,693,장기,김포도시철도,4920,양촌,690,김포도시철도,4929,김포공항,699,16:02:08,16:01:40,N,,N,2025-05-01T05:00:00,,20250619
3207,,상행,주말,김포도시철도,,4924,694,운양,김포도시철도,4920,양촌,690,김포도시철도,4929,김포공항,699,16:04:39,16:04:11,N,,N,2025-05-01T05:00:00,,20250619
3207,,상행,주말,김포도시철도,,4925,695,걸포북변,김포도시철도,4920,양촌,690,김포도시철도,4929,김포공항,699,16:08:45,16:08:17,N,,N,2025-05-01T05:00:00,,20250619
3207,,상행,주말,김포도시철도,,4926,696,사우,김포도시철도,4920,양촌,690,김포도시철도,4929,김포공항,699,16:11:38,16:11:10,N,,N,2025-05-01T05:00:00,,20250619
3207,,상행,주말,김포도시철도,,4927,697,풍무,김포도시철도,4920,양촌,690,김포도시철도,4929,김포공항,699,16:14:06,16:13:38,N,,N,2025-05-01T05:00:00,,20250619
3207,,상행,주말,김포도시철도,,4928,698,고촌,김포도시철도,4920,양촌,690,김포도시철도,4929,김포공항,699,16:18:25,16:17:57,N,,N,2025-05-01T05:00:00,,20250619
3207,,상행,주말,김포도시철도,,4929,699,김포공항,김포도시철도,4920,양촌,690,김포도시철도,4929,김포공항,699,,16:24:33,N,,N,2025-05-01T05:00:00,,20250619
3213,,상행,주말,김포도시철도,,4920,690,양촌,김포도시철도,4920,양촌,690,김포도시철도,4929,김포공항,699,16:10:26,,N,,N,2025-05-01T05:00:00,,20250619
3213,,상행,주말,김포도시철도,,4921,691,구래,김포도시철도,4920,양촌,690,김포도시철도,4929,김포공항,699,16:13:00,16:12:32,N,,N,2025-05-01T05:00:00,,20250619
3213,,상행,주말,김포도시철도,,4922,692,마산,김포도시철도,4920,양촌,690,김포도시철도,4929,김포공항,699,16:16:12,16:15:44,N,,N,2025-05-01T05:00:00,,20250619
3213,,상행,주말,김포도시철도,,4923,693,장기,김포도시철도,4920,양촌,690,김포도시철도,4929,김포공항,699,16:20:08,16:19:40,N,,N,2025-05-01T05:00:00,,20250619
3213,,상행,주말,김포도시철도,,4924,694,운양,김포도시철도,4920,양촌,690,김포도시철도,4929,김포공항,699,16:22:39,16:22:11,N,,N,2025-05-01T05:00:00,,20250619
3213,,상행,주말,김포도시철도,,4925,695,걸포북변,김포도시철도,4920,양촌,690,김포도시철도,4929,김포공항,699,16:26:45,16:26:17,N,,N,2025-05-01T05:00:00,,20250619
3213,,상행,주말,김포도시철도,,4926,696,사우,김포도시철도,4920,양촌,690,김포도시철도,4929,김포공항,699,16:29:38,16:29:10,N,,N,2025-05-01T05:00:00,,20250619
3213,,상행,주말,김포도시철도,,4927,697,풍무,김포도시철도,4920,양촌,690,김포도시철도,4929,김포공항,699,16:32:06,16:31:38,N,,N,2025-05-01T05:00:00,,20250619
3213,,상행,주말,김포도시철도,,4928,698,고촌,김포도시철도,4920,양촌,690,김포도시철도,4929,김포공항,699,16:36:25,16:35:57,N,,N,2025-05-01T05:00:00,,20250619
3213,,상행,주말,김포도시철도,,4929,699,김포공항,김포도시철도,4920,양촌,690,김포도시철도,4929,김포공항,699,,16:42:33,N,,N,2025-05-01T05:00:00,,20250619
3219,,상행,주말,김포도시철도,,4920,690,양촌,김포도시철도,4920,양촌,690,김포도시철도,4929,김포공항,699,16:28:26,,N,,N,2025-05-01T05:00:00,,20250619
3219,,상행,주말,김포도시철도,,4921,691,구래,김포도시철도,4920,양촌,690,김포도시철도,4929,김포공항,699,16:31:00,16:30:32,N,,N,2025-05-01T05:00:00,,20250619
3219,,상행,주말,김포도시철도,,4922,692,마산,김포도시철도,4920,양촌,690,김포도시철도,4929,김포공항,699,16:34:12,16:33:44,N,,N,2025-05-01T05:00:00,,20250619
3219,,상행,주말,김포도시철도,,4923,693,장기,김포도시철도,4920,양촌,690,김포도시철도,4929,김포공항,699,16:38:08,16:37:40,N,,N,2025-05-01T05:00:00,,20250619
3219,,상행,주말,김포도시철도,,4924,694,운양,김포도시철도,4920,양촌,690,김포도시철도,4929,김포공항,699,16:40:39,16:40:11,N,,N,2025-05-01T05:00:00,,20250619
3219,,상행,주말,김포도시철도,,4925,695,걸포북변,김포도시철도,4920,양촌,690,김포도시철도,4929,김포공항,699,16:44:45,16:44:17,N,,N,2025-05-01T05:00:00,,20250619
3219,,상행,주말,김포도시철도,,4926,696,사우,김포도시철도,4920,양촌,690,김포도시철도,4929,김포공항,699,16:47:38,16:47:10,N,,N,2025-05-01T05:00:00,,20250619
3219,,상행,주말,김포도시철도,,4927,697,풍무,김포도시철도,4920,양촌,690,김포도시철도,4929,김포공항,699,16:50:06,16:49:38,N,,N,2025-05-01T05:00:00,,20250619
3219,,상행,주말,김포도시철도,,4928,698,고촌,김포도시철도,4920,양촌,690,김포도시철도,4929,김포공항,699,16:54:25,16:53:57,N,,N,2025-05-01T05:00:00,,20250619
3219,,상행,주말,김포도시철도,,4929,699,김포공항,김포도시철도,4920,양촌,690,김포도시철도,4929,김포공항,699,,17:00:33,N,,N,2025-05-01T05:00:00,,20250619
3225,,상행,주말,김포도시철도,,4920,690,양촌,김포도시철도,4920,양촌,690,김포도시철도,4929,김포공항,699,16:46:26,,N,,N,2025-05-01T05:00:00,,20250619
3225,,상행,주말,김포도시철도,,4921,691,구래,김포도시철도,4920,양촌,690,김포도시철도,4929,김포공항,699,16:49:00,16:48:32,N,,N,2025-05-01T05:00:00,,20250619
3225,,상행,주말,김포도시철도,,4922,692,마산,김포도시철도,4920,양촌,690,김포도시철도,4929,김포공항,699,16:52:12,16:51:44,N,,N,2025-05-01T05:00:00,,20250619
3225,,상행,주말,김포도시철도,,4923,693,장기,김포도시철도,4920,양촌,690,김포도시철도,4929,김포공항,699,16:56:08,16:55:40,N,,N,2025-05-01T05:00:00,,20250619
3225,,상행,주말,김포도시철도,,4924,694,운양,김포도시철도,4920,양촌,690,김포도시철도,4929,김포공항,699,16:58:39,16:58:11,N,,N,2025-05-01T05:00:00,,20250619
3225,,상행,주말,김포도시철도,,4925,695,걸포북변,김포도시철도,4920,양촌,690,김포도시철도,4929,김포공항,699,17:02:45,17:02:17,N,,N,2025-05-01T05:00:00,,20250619
3225,,상행,주말,김포도시철도,,4926,696,사우,김포도시철도,4920,양촌,690,김포도시철도,4929,김포공항,699,17:05:38,17:05:10,N,,N,2025-05-01T05:00:00,,20250619
3225,,상행,주말,김포도시철도,,4927,697,풍무,김포도시철도,4920,양촌,690,김포도시철도,4929,김포공항,699,17:08:06,17:07:38,N,,N,2025-05-01T05:00:00,,20250619
3225,,상행,주말,김포도시철도,,4928,698,고촌,김포도시철도,4920,양촌,690,김포도시철도,4929,김포공항,699,17:12:25,17:11:57,N,,N,2025-05-01T05:00:00,,20250619
3225,,상행,주말,김포도시철도,,4929,699,김포공항,김포도시철도,4920,양촌,690,김포도시철도,4929,김포공항,699,,17:18:33,N,,N,2025-05-01T05:00:00,,20250619
3233,,상행,주말,김포도시철도,,4920,690,양촌,김포도시철도,4920,양촌,690,김포도시철도,4929,김포공항,699,17:10:26,,N,,N,2025-05-01T05:00:00,,20250619
3233,,상행,주말,김포도시철도,,4921,691,구래,김포도시철도,4920,양촌,690,김포도시철도,4929,김포공항,699,17:13:00,17:12:32,N,,N,2025-05-01T05:00:00,,20250619
3233,,상행,주말,김포도시철도,,4922,692,마산,김포도시철도,4920,양촌,690,김포도시철도,4929,김포공항,699,17:16:12,17:15:44,N,,N,2025-05-01T05:00:00,,20250619
3233,,상행,주말,김포도시철도,,4923,693,장기,김포도시철도,4920,양촌,690,김포도시철도,4929,김포공항,699,17:20:08,17:19:40,N,,N,2025-05-01T05:00:00,,20250619
3233,,상행,주말,김포도시철도,,4924,694,운양,김포도시철도,4920,양촌,690,김포도시철도,4929,김포공항,699,17:22:39,17:22:11,N,,N,2025-05-01T05:00:00,,20250619
3233,,상행,주말,김포도시철도,,4925,695,걸포북변,김포도시철도,4920,양촌,690,김포도시철도,4929,김포공항,699,17:26:45,17:26:17,N,,N,2025-05-01T05:00:00,,20250619
3233,,상행,주말,김포도시철도,,4926,696,사우,김포도시철도,4920,양촌,690,김포도시철도,4929,김포공항,699,17:29:38,17:29:10,N,,N,2025-05-01T05:00:00,,20250619
3233,,상행,주말,김포도시철도,,4927,697,풍무,김포도시철도,4920,양촌,690,김포도시철도,4929,김포공항,699,17:32:06,17:31:38,N,,N,2025-05-01T05:00:00,,20250619
3233,,상행,주말,김포도시철도,,4928,698,고촌,김포도시철도,4920,양촌,690,김포도시철도,4929,김포공항,699,17:36:25,17:35:57,N,,N,2025-05-01T05:00:00,,20250619
3233,,상행,주말,김포도시철도,,4929,699,김포공항,김포도시철도,4920,양촌,690,김포도시철도,4929,김포공항,699,,17:42:33,N,,N,2025-05-01T05:00:00,,20250619
3237,,상행,주말,김포도시철도,,4920,690,양촌,김포도시철도,4920,양촌,690,김포도시철도,4929,김포공항,699,17:22:26,,N,,N,2025-05-01T05:00:00,,20250619
3237,,상행,주말,김포도시철도,,4921,691,구래,김포도시철도,4920,양촌,690,김포도시철도,4929,김포공항,699,17:25:00,17:24:32,N,,N,2025-05-01T05:00:00,,20250619
3237,,상행,주말,김포도시철도,,4922,692,마산,김포도시철도,4920,양촌,690,김포도시철도,4929,김포공항,699,17:28:12,17:27:44,N,,N,2025-05-01T05:00:00,,20250619
3237,,상행,주말,김포도시철도,,4923,693,장기,김포도시철도,4920,양촌,690,김포도시철도,4929,김포공항,699,17:32:08,17:31:40,N,,N,2025-05-01T05:00:00,,20250619
3237,,상행,주말,김포도시철도,,4924,694,운양,김포도시철도,4920,양촌,690,김포도시철도,4929,김포공항,699,17:34:39,17:34:11,N,,N,2025-05-01T05:00:00,,20250619
3237,,상행,주말,김포도시철도,,4925,695,걸포북변,김포도시철도,4920,양촌,690,김포도시철도,4929,김포공항,699,17:38:45,17:38:17,N,,N,2025-05-01T05:00:00,,20250619
3237,,상행,주말,김포도시철도,,4926,696,사우,김포도시철도,4920,양촌,690,김포도시철도,4929,김포공항,699,17:41:38,17:41:10,N,,N,2025-05-01T05:00:00,,20250619
3237,,상행,주말,김포도시철도,,4927,697,풍무,김포도시철도,4920,양촌,690,김포도시철도,4929,김포공항,699,17:44:06,17:43:38,N,,N,2025-05-01T05:00:00,,20250619
3237,,상행,주말,김포도시철도,,4928,698,고촌,김포도시철도,4920,양촌,690,김포도시철도,4929,김포공항,699,17:48:25,17:47:57,N,,N,2025-05-01T05:00:00,,20250619
3237,,상행,주말,김포도시철도,,4929,699,김포공항,김포도시철도,4920,양촌,690,김포도시철도,4929,김포공항,699,,17:54:33,N,,N,2025-05-01T05:00:00,,20250619
3243,,상행,주말,김포도시철도,,4920,690,양촌,김포도시철도,4920,양촌,690,김포도시철도,4929,김포공항,699,17:40:26,,N,,N,2025-05-01T05:00:00,,20250619
3243,,상행,주말,김포도시철도,,4921,691,구래,김포도시철도,4920,양촌,690,김포도시철도,4929,김포공항,699,17:43:00,17:42:32,N,,N,2025-05-01T05:00:00,,20250619
3243,,상행,주말,김포도시철도,,4922,692,마산,김포도시철도,4920,양촌,690,김포도시철도,4929,김포공항,699,17:46:12,17:45:44,N,,N,2025-05-01T05:00:00,,20250619
3243,,상행,주말,김포도시철도,,4923,693,장기,김포도시철도,4920,양촌,690,김포도시철도,4929,김포공항,699,17:50:08,17:49:40,N,,N,2025-05-01T05:00:00,,20250619
3243,,상행,주말,김포도시철도,,4924,694,운양,김포도시철도,4920,양촌,690,김포도시철도,4929,김포공항,699,17:52:39,17:52:11,N,,N,2025-05-01T05:00:00,,20250619
3243,,상행,주말,김포도시철도,,4925,695,걸포북변,김포도시철도,4920,양촌,690,김포도시철도,4929,김포공항,699,17:56:45,17:56:17,N,,N,2025-05-01T05:00:00,,20250619
3243,,상행,주말,김포도시철도,,4926,696,사우,김포도시철도,4920,양촌,690,김포도시철도,4929,김포공항,699,17:59:38,17:59:10,N,,N,2025-05-01T05:00:00,,20250619
3243,,상행,주말,김포도시철도,,4927,697,풍무,김포도시철도,4920,양촌,690,김포도시철도,4929,김포공항,699,18:02:06,18:01:38,N,,N,2025-05-01T05:00:00,,20250619
3243,,상행,주말,김포도시철도,,4928,698,고촌,김포도시철도,4920,양촌,690,김포도시철도,4929,김포공항,699,18:06:25,18:05:57,N,,N,2025-05-01T05:00:00,,20250619
3243,,상행,주말,김포도시철도,,4929,699,김포공항,김포도시철도,4920,양촌,690,김포도시철도,4929,김포공항,699,,18:12:33,N,,N,2025-05-01T05:00:00,,20250619
3249,,상행,주말,김포도시철도,,4920,690,양촌,김포도시철도,4920,양촌,690,김포도시철도,4929,김포공항,699,17:58:26,,N,,N,2025-05-01T05:00:00,,20250619
3249,,상행,주말,김포도시철도,,4921,691,구래,김포도시철도,4920,양촌,690,김포도시철도,4929,김포공항,699,18:01:00,18:00:32,N,,N,2025-05-01T05:00:00,,20250619
3249,,상행,주말,김포도시철도,,4922,692,마산,김포도시철도,4920,양촌,690,김포도시철도,4929,김포공항,699,18:04:12,18:03:44,N,,N,2025-05-01T05:00:00,,20250619
3249,,상행,주말,김포도시철도,,4923,693,장기,김포도시철도,4920,양촌,690,김포도시철도,4929,김포공항,699,18:08:08,18:07:40,N,,N,2025-05-01T05:00:00,,20250619
3249,,상행,주말,김포도시철도,,4924,694,운양,김포도시철도,4920,양촌,690,김포도시철도,4929,김포공항,699,18:10:39,18:10:11,N,,N,2025-05-01T05:00:00,,20250619
3249,,상행,주말,김포도시철도,,4925,695,걸포북변,김포도시철도,4920,양촌,690,김포도시철도,4929,김포공항,699,18:14:45,18:14:17,N,,N,2025-05-01T05:00:00,,20250619
3249,,상행,주말,김포도시철도,,4926,696,사우,김포도시철도,4920,양촌,690,김포도시철도,4929,김포공항,699,18:17:38,18:17:10,N,,N,2025-05-01T05:00:00,,20250619
3249,,상행,주말,김포도시철도,,4927,697,풍무,김포도시철도,4920,양촌,690,김포도시철도,4929,김포공항,699,18:20:06,18:19:38,N,,N,2025-05-01T05:00:00,,20250619
3249,,상행,주말,김포도시철도,,4928,698,고촌,김포도시철도,4920,양촌,690,김포도시철도,4929,김포공항,699,18:24:25,18:23:57,N,,N,2025-05-01T05:00:00,,20250619
3249,,상행,주말,김포도시철도,,4929,699,김포공항,김포도시철도,4920,양촌,690,김포도시철도,4929,김포공항,699,,18:30:33,N,,N,2025-05-01T05:00:00,,20250619
3255,,상행,주말,김포도시철도,,4920,690,양촌,김포도시철도,4920,양촌,690,김포도시철도,4929,김포공항,699,18:16:26,,N,,N,2025-05-01T05:00:00,,20250619
3255,,상행,주말,김포도시철도,,4921,691,구래,김포도시철도,4920,양촌,690,김포도시철도,4929,김포공항,699,18:19:00,18:18:32,N,,N,2025-05-01T05:00:00,,20250619
3255,,상행,주말,김포도시철도,,4922,692,마산,김포도시철도,4920,양촌,690,김포도시철도,4929,김포공항,699,18:22:12,18:21:44,N,,N,2025-05-01T05:00:00,,20250619
3255,,상행,주말,김포도시철도,,4923,693,장기,김포도시철도,4920,양촌,690,김포도시철도,4929,김포공항,699,18:26:08,18:25:40,N,,N,2025-05-01T05:00:00,,20250619
3255,,상행,주말,김포도시철도,,4924,694,운양,김포도시철도,4920,양촌,690,김포도시철도,4929,김포공항,699,18:28:39,18:28:11,N,,N,2025-05-01T05:00:00,,20250619
3255,,상행,주말,김포도시철도,,4925,695,걸포북변,김포도시철도,4920,양촌,690,김포도시철도,4929,김포공항,699,18:32:45,18:32:17,N,,N,2025-05-01T05:00:00,,20250619
3255,,상행,주말,김포도시철도,,4926,696,사우,김포도시철도,4920,양촌,690,김포도시철도,4929,김포공항,699,18:35:38,18:35:10,N,,N,2025-05-01T05:00:00,,20250619
3255,,상행,주말,김포도시철도,,4927,697,풍무,김포도시철도,4920,양촌,690,김포도시철도,4929,김포공항,699,18:38:06,18:37:38,N,,N,2025-05-01T05:00:00,,20250619
3255,,상행,주말,김포도시철도,,4928,698,고촌,김포도시철도,4920,양촌,690,김포도시철도,4929,김포공항,699,18:42:25,18:41:57,N,,N,2025-05-01T05:00:00,,20250619
3255,,상행,주말,김포도시철도,,4929,699,김포공항,김포도시철도,4920,양촌,690,김포도시철도,4929,김포공항,699,,18:48:33,N,,N,2025-05-01T05:00:00,,20250619
3261,,상행,주말,김포도시철도,,4920,690,양촌,김포도시철도,4920,양촌,690,김포도시철도,4929,김포공항,699,18:34:26,,N,,N,2025-05-01T05:00:00,,20250619
3261,,상행,주말,김포도시철도,,4921,691,구래,김포도시철도,4920,양촌,690,김포도시철도,4929,김포공항,699,18:37:00,18:36:32,N,,N,2025-05-01T05:00:00,,20250619
3261,,상행,주말,김포도시철도,,4922,692,마산,김포도시철도,4920,양촌,690,김포도시철도,4929,김포공항,699,18:40:12,18:39:44,N,,N,2025-05-01T05:00:00,,20250619
3261,,상행,주말,김포도시철도,,4923,693,장기,김포도시철도,4920,양촌,690,김포도시철도,4929,김포공항,699,18:44:08,18:43:40,N,,N,2025-05-01T05:00:00,,20250619
3261,,상행,주말,김포도시철도,,4924,694,운양,김포도시철도,4920,양촌,690,김포도시철도,4929,김포공항,699,18:46:39,18:46:11,N,,N,2025-05-01T05:00:00,,20250619
3261,,상행,주말,김포도시철도,,4925,695,걸포북변,김포도시철도,4920,양촌,690,김포도시철도,4929,김포공항,699,18:50:45,18:50:17,N,,N,2025-05-01T05:00:00,,20250619
3261,,상행,주말,김포도시철도,,4926,696,사우,김포도시철도,4920,양촌,690,김포도시철도,4929,김포공항,699,18:53:38,18:53:10,N,,N,2025-05-01T05:00:00,,20250619
3261,,상행,주말,김포도시철도,,4927,697,풍무,김포도시철도,4920,양촌,690,김포도시철도,4929,김포공항,699,18:56:06,18:55:38,N,,N,2025-05-01T05:00:00,,20250619
3261,,상행,주말,김포도시철도,,4928,698,고촌,김포도시철도,4920,양촌,690,김포도시철도,4929,김포공항,699,19:00:25,18:59:57,N,,N,2025-05-01T05:00:00,,20250619
3261,,상행,주말,김포도시철도,,4929,699,김포공항,김포도시철도,4920,양촌,690,김포도시철도,4929,김포공항,699,,19:06:33,N,,N,2025-05-01T05:00:00,,20250619
3267,,상행,주말,김포도시철도,,4920,690,양촌,김포도시철도,4920,양촌,690,김포도시철도,4929,김포공항,699,18:52:26,,N,,N,2025-05-01T05:00:00,,20250619
3267,,상행,주말,김포도시철도,,4921,691,구래,김포도시철도,4920,양촌,690,김포도시철도,4929,김포공항,699,18:55:00,18:54:32,N,,N,2025-05-01T05:00:00,,20250619
3267,,상행,주말,김포도시철도,,4922,692,마산,김포도시철도,4920,양촌,690,김포도시철도,4929,김포공항,699,18:58:12,18:57:44,N,,N,2025-05-01T05:00:00,,20250619
3267,,상행,주말,김포도시철도,,4923,693,장기,김포도시철도,4920,양촌,690,김포도시철도,4929,김포공항,699,19:02:08,19:01:40,N,,N,2025-05-01T05:00:00,,20250619
3267,,상행,주말,김포도시철도,,4924,694,운양,김포도시철도,4920,양촌,690,김포도시철도,4929,김포공항,699,19:04:39,19:04:11,N,,N,2025-05-01T05:00:00,,20250619
3267,,상행,주말,김포도시철도,,4925,695,걸포북변,김포도시철도,4920,양촌,690,김포도시철도,4929,김포공항,699,19:08:45,19:08:17,N,,N,2025-05-01T05:00:00,,20250619
3267,,상행,주말,김포도시철도,,4926,696,사우,김포도시철도,4920,양촌,690,김포도시철도,4929,김포공항,699,19:11:38,19:11:10,N,,N,2025-05-01T05:00:00,,20250619
3267,,상행,주말,김포도시철도,,4927,697,풍무,김포도시철도,4920,양촌,690,김포도시철도,4929,김포공항,699,19:14:06,19:13:38,N,,N,2025-05-01T05:00:00,,20250619
3267,,상행,주말,김포도시철도,,4928,698,고촌,김포도시철도,4920,양촌,690,김포도시철도,4929,김포공항,699,19:18:25,19:17:57,N,,N,2025-05-01T05:00:00,,20250619
3267,,상행,주말,김포도시철도,,4929,699,김포공항,김포도시철도,4920,양촌,690,김포도시철도,4929,김포공항,699,,19:24:33,N,,N,2025-05-01T05:00:00,,20250619
3273,,상행,주말,김포도시철도,,4920,690,양촌,김포도시철도,4920,양촌,690,김포도시철도,4929,김포공항,699,19:10:26,,N,,N,2025-05-01T05:00:00,,20250619
3273,,상행,주말,김포도시철도,,4921,691,구래,김포도시철도,4920,양촌,690,김포도시철도,4929,김포공항,699,19:13:00,19:12:32,N,,N,2025-05-01T05:00:00,,20250619
3273,,상행,주말,김포도시철도,,4922,692,마산,김포도시철도,4920,양촌,690,김포도시철도,4929,김포공항,699,19:16:12,19:15:44,N,,N,2025-05-01T05:00:00,,20250619
3273,,상행,주말,김포도시철도,,4923,693,장기,김포도시철도,4920,양촌,690,김포도시철도,4929,김포공항,699,19:20:08,19:19:40,N,,N,2025-05-01T05:00:00,,20250619
3273,,상행,주말,김포도시철도,,4924,694,운양,김포도시철도,4920,양촌,690,김포도시철도,4929,김포공항,699,19:22:39,19:22:11,N,,N,2025-05-01T05:00:00,,20250619
3273,,상행,주말,김포도시철도,,4925,695,걸포북변,김포도시철도,4920,양촌,690,김포도시철도,4929,김포공항,699,19:26:45,19:26:17,N,,N,2025-05-01T05:00:00,,20250619
3273,,상행,주말,김포도시철도,,4926,696,사우,김포도시철도,4920,양촌,690,김포도시철도,4929,김포공항,699,19:29:38,19:29:10,N,,N,2025-05-01T05:00:00,,20250619
3273,,상행,주말,김포도시철도,,4927,697,풍무,김포도시철도,4920,양촌,690,김포도시철도,4929,김포공항,699,19:32:06,19:31:38,N,,N,2025-05-01T05:00:00,,20250619
3273,,상행,주말,김포도시철도,,4928,698,고촌,김포도시철도,4920,양촌,690,김포도시철도,4929,김포공항,699,19:36:25,19:35:57,N,,N,2025-05-01T05:00:00,,20250619
3273,,상행,주말,김포도시철도,,4929,699,김포공항,김포도시철도,4920,양촌,690,김포도시철도,4929,김포공항,699,,19:42:33,N,,N,2025-05-01T05:00:00,,20250619
3279,,상행,주말,김포도시철도,,4920,690,양촌,김포도시철도,4920,양촌,690,김포도시철도,4929,김포공항,699,19:28:26,,N,,N,2025-05-01T05:00:00,,20250619
3279,,상행,주말,김포도시철도,,4921,691,구래,김포도시철도,4920,양촌,690,김포도시철도,4929,김포공항,699,19:31:00,19:30:32,N,,N,2025-05-01T05:00:00,,20250619
3279,,상행,주말,김포도시철도,,4922,692,마산,김포도시철도,4920,양촌,690,김포도시철도,4929,김포공항,699,19:34:12,19:33:44,N,,N,2025-05-01T05:00:00,,20250619
3279,,상행,주말,김포도시철도,,4923,693,장기,김포도시철도,4920,양촌,690,김포도시철도,4929,김포공항,699,19:38:08,19:37:40,N,,N,2025-05-01T05:00:00,,20250619
3279,,상행,주말,김포도시철도,,4924,694,운양,김포도시철도,4920,양촌,690,김포도시철도,4929,김포공항,699,19:40:39,19:40:11,N,,N,2025-05-01T05:00:00,,20250619
3279,,상행,주말,김포도시철도,,4925,695,걸포북변,김포도시철도,4920,양촌,690,김포도시철도,4929,김포공항,699,19:44:45,19:44:17,N,,N,2025-05-01T05:00:00,,20250619
3279,,상행,주말,김포도시철도,,4926,696,사우,김포도시철도,4920,양촌,690,김포도시철도,4929,김포공항,699,19:47:38,19:47:10,N,,N,2025-05-01T05:00:00,,20250619
3279,,상행,주말,김포도시철도,,4927,697,풍무,김포도시철도,4920,양촌,690,김포도시철도,4929,김포공항,699,19:50:06,19:49:38,N,,N,2025-05-01T05:00:00,,20250619
3279,,상행,주말,김포도시철도,,4928,698,고촌,김포도시철도,4920,양촌,690,김포도시철도,4929,김포공항,699,19:54:25,19:53:57,N,,N,2025-05-01T05:00:00,,20250619
3279,,상행,주말,김포도시철도,,4929,699,김포공항,김포도시철도,4920,양촌,690,김포도시철도,4929,김포공항,699,,20:00:33,N,,N,2025-05-01T05:00:00,,20250619
3285,,상행,주말,김포도시철도,,4920,690,양촌,김포도시철도,4920,양촌,690,김포도시철도,4929,김포공항,699,19:46:26,,N,,N,2025-05-01T05:00:00,,20250619
3285,,상행,주말,김포도시철도,,4921,691,구래,김포도시철도,4920,양촌,690,김포도시철도,4929,김포공항,699,19:49:00,19:48:32,N,,N,2025-05-01T05:00:00,,20250619
3285,,상행,주말,김포도시철도,,4922,692,마산,김포도시철도,4920,양촌,690,김포도시철도,4929,김포공항,699,19:52:12,19:51:44,N,,N,2025-05-01T05:00:00,,20250619
3285,,상행,주말,김포도시철도,,4923,693,장기,김포도시철도,4920,양촌,690,김포도시철도,4929,김포공항,699,19:56:08,19:55:40,N,,N,2025-05-01T05:00:00,,20250619
3285,,상행,주말,김포도시철도,,4924,694,운양,김포도시철도,4920,양촌,690,김포도시철도,4929,김포공항,699,19:58:39,19:58:11,N,,N,2025-05-01T05:00:00,,20250619
3285,,상행,주말,김포도시철도,,4925,695,걸포북변,김포도시철도,4920,양촌,690,김포도시철도,4929,김포공항,699,20:02:45,20:02:17,N,,N,2025-05-01T05:00:00,,20250619
3285,,상행,주말,김포도시철도,,4926,696,사우,김포도시철도,4920,양촌,690,김포도시철도,4929,김포공항,699,20:05:38,20:05:10,N,,N,2025-05-01T05:00:00,,20250619
3285,,상행,주말,김포도시철도,,4927,697,풍무,김포도시철도,4920,양촌,690,김포도시철도,4929,김포공항,699,20:08:06,20:07:38,N,,N,2025-05-01T05:00:00,,20250619
3285,,상행,주말,김포도시철도,,4928,698,고촌,김포도시철도,4920,양촌,690,김포도시철도,4929,김포공항,699,20:12:25,20:11:57,N,,N,2025-05-01T05:00:00,,20250619
3285,,상행,주말,김포도시철도,,4929,699,김포공항,김포도시철도,4920,양촌,690,김포도시철도,4929,김포공항,699,,20:18:33,N,,N,2025-05-01T05:00:00,,20250619
3291,,상행,주말,김포도시철도,,4920,690,양촌,김포도시철도,4920,양촌,690,김포도시철도,4929,김포공항,699,20:04:26,,N,,N,2025-05-01T05:00:00,,20250619
3291,,상행,주말,김포도시철도,,4921,691,구래,김포도시철도,4920,양촌,690,김포도시철도,4929,김포공항,699,20:07:00,20:06:32,N,,N,2025-05-01T05:00:00,,20250619
3291,,상행,주말,김포도시철도,,4922,692,마산,김포도시철도,4920,양촌,690,김포도시철도,4929,김포공항,699,20:10:12,20:09:44,N,,N,2025-05-01T05:00:00,,20250619
3291,,상행,주말,김포도시철도,,4923,693,장기,김포도시철도,4920,양촌,690,김포도시철도,4929,김포공항,699,20:14:08,20:13:40,N,,N,2025-05-01T05:00:00,,20250619
3291,,상행,주말,김포도시철도,,4924,694,운양,김포도시철도,4920,양촌,690,김포도시철도,4929,김포공항,699,20:16:39,20:16:11,N,,N,2025-05-01T05:00:00,,20250619
3291,,상행,주말,김포도시철도,,4925,695,걸포북변,김포도시철도,4920,양촌,690,김포도시철도,4929,김포공항,699,20:20:45,20:20:17,N,,N,2025-05-01T05:00:00,,20250619
3291,,상행,주말,김포도시철도,,4926,696,사우,김포도시철도,4920,양촌,690,김포도시철도,4929,김포공항,699,20:23:38,20:23:10,N,,N,2025-05-01T05:00:00,,20250619
3291,,상행,주말,김포도시철도,,4927,697,풍무,김포도시철도,4920,양촌,690,김포도시철도,4929,김포공항,699,20:26:06,20:25:38,N,,N,2025-05-01T05:00:00,,20250619
3291,,상행,주말,김포도시철도,,4928,698,고촌,김포도시철도,4920,양촌,690,김포도시철도,4929,김포공항,699,20:30:25,20:29:57,N,,N,2025-05-01T05:00:00,,20250619
3291,,상행,주말,김포도시철도,,4929,699,김포공항,김포도시철도,4920,양촌,690,김포도시철도,4929,김포공항,699,,20:36:33,N,,N,2025-05-01T05:00:00,,20250619
3297,,상행,주말,김포도시철도,,4920,690,양촌,김포도시철도,4920,양촌,690,김포도시철도,4929,김포공항,699,20:22:26,,N,,N,2025-05-01T05:00:00,,20250619
3297,,상행,주말,김포도시철도,,4921,691,구래,김포도시철도,4920,양촌,690,김포도시철도,4929,김포공항,699,20:25:00,20:24:32,N,,N,2025-05-01T05:00:00,,20250619
3297,,상행,주말,김포도시철도,,4922,692,마산,김포도시철도,4920,양촌,690,김포도시철도,4929,김포공항,699,20:28:12,20:27:44,N,,N,2025-05-01T05:00:00,,20250619
3297,,상행,주말,김포도시철도,,4923,693,장기,김포도시철도,4920,양촌,690,김포도시철도,4929,김포공항,699,20:32:08,20:31:40,N,,N,2025-05-01T05:00:00,,20250619
3297,,상행,주말,김포도시철도,,4924,694,운양,김포도시철도,4920,양촌,690,김포도시철도,4929,김포공항,699,20:34:39,20:34:11,N,,N,2025-05-01T05:00:00,,20250619
3297,,상행,주말,김포도시철도,,4925,695,걸포북변,김포도시철도,4920,양촌,690,김포도시철도,4929,김포공항,699,20:38:45,20:38:17,N,,N,2025-05-01T05:00:00,,20250619
3297,,상행,주말,김포도시철도,,4926,696,사우,김포도시철도,4920,양촌,690,김포도시철도,4929,김포공항,699,20:41:38,20:41:10,N,,N,2025-05-01T05:00:00,,20250619
3297,,상행,주말,김포도시철도,,4927,697,풍무,김포도시철도,4920,양촌,690,김포도시철도,4929,김포공항,699,20:44:06,20:43:38,N,,N,2025-05-01T05:00:00,,20250619
3297,,상행,주말,김포도시철도,,4928,698,고촌,김포도시철도,4920,양촌,690,김포도시철도,4929,김포공항,699,20:48:25,20:47:57,N,,N,2025-05-01T05:00:00,,20250619
3297,,상행,주말,김포도시철도,,4929,699,김포공항,김포도시철도,4920,양촌,690,김포도시철도,4929,김포공항,699,,20:54:33,N,,N,2025-05-01T05:00:00,,20250619
3303,,상행,주말,김포도시철도,,4920,690,양촌,김포도시철도,4920,양촌,690,김포도시철도,4929,김포공항,699,20:40:26,,N,,N,2025-05-01T05:00:00,,20250619
3303,,상행,주말,김포도시철도,,4921,691,구래,김포도시철도,4920,양촌,690,김포도시철도,4929,김포공항,699,20:43:00,20:42:32,N,,N,2025-05-01T05:00:00,,20250619
3303,,상행,주말,김포도시철도,,4922,692,마산,김포도시철도,4920,양촌,690,김포도시철도,4929,김포공항,699,20:46:12,20:45:44,N,,N,2025-05-01T05:00:00,,20250619
3303,,상행,주말,김포도시철도,,4923,693,장기,김포도시철도,4920,양촌,690,김포도시철도,4929,김포공항,699,20:50:08,20:49:40,N,,N,2025-05-01T05:00:00,,20250619
3303,,상행,주말,김포도시철도,,4924,694,운양,김포도시철도,4920,양촌,690,김포도시철도,4929,김포공항,699,20:52:39,20:52:11,N,,N,2025-05-01T05:00:00,,20250619
3303,,상행,주말,김포도시철도,,4925,695,걸포북변,김포도시철도,4920,양촌,690,김포도시철도,4929,김포공항,699,20:56:45,20:56:17,N,,N,2025-05-01T05:00:00,,20250619
3303,,상행,주말,김포도시철도,,4926,696,사우,김포도시철도,4920,양촌,690,김포도시철도,4929,김포공항,699,20:59:38,20:59:10,N,,N,2025-05-01T05:00:00,,20250619
3303,,상행,주말,김포도시철도,,4927,697,풍무,김포도시철도,4920,양촌,690,김포도시철도,4929,김포공항,699,21:02:06,21:01:38,N,,N,2025-05-01T05:00:00,,20250619
3303,,상행,주말,김포도시철도,,4928,698,고촌,김포도시철도,4920,양촌,690,김포도시철도,4929,김포공항,699,21:06:25,21:05:57,N,,N,2025-05-01T05:00:00,,20250619
3303,,상행,주말,김포도시철도,,4929,699,김포공항,김포도시철도,4920,양촌,690,김포도시철도,4929,김포공항,699,,21:12:33,N,,N,2025-05-01T05:00:00,,20250619
3309,,상행,주말,김포도시철도,,4920,690,양촌,김포도시철도,4920,양촌,690,김포도시철도,4929,김포공항,699,20:58:26,,N,,N,2025-05-01T05:00:00,,20250619
3309,,상행,주말,김포도시철도,,4921,691,구래,김포도시철도,4920,양촌,690,김포도시철도,4929,김포공항,699,21:01:00,21:00:32,N,,N,2025-05-01T05:00:00,,20250619
3309,,상행,주말,김포도시철도,,4922,692,마산,김포도시철도,4920,양촌,690,김포도시철도,4929,김포공항,699,21:04:12,21:03:44,N,,N,2025-05-01T05:00:00,,20250619
3309,,상행,주말,김포도시철도,,4923,693,장기,김포도시철도,4920,양촌,690,김포도시철도,4929,김포공항,699,21:08:08,21:07:40,N,,N,2025-05-01T05:00:00,,20250619
3309,,상행,주말,김포도시철도,,4924,694,운양,김포도시철도,4920,양촌,690,김포도시철도,4929,김포공항,699,21:10:39,21:10:11,N,,N,2025-05-01T05:00:00,,20250619
3309,,상행,주말,김포도시철도,,4925,695,걸포북변,김포도시철도,4920,양촌,690,김포도시철도,4929,김포공항,699,21:14:45,21:14:17,N,,N,2025-05-01T05:00:00,,20250619
3309,,상행,주말,김포도시철도,,4926,696,사우,김포도시철도,4920,양촌,690,김포도시철도,4929,김포공항,699,21:17:38,21:17:10,N,,N,2025-05-01T05:00:00,,20250619
3309,,상행,주말,김포도시철도,,4927,697,풍무,김포도시철도,4920,양촌,690,김포도시철도,4929,김포공항,699,21:20:06,21:19:38,N,,N,2025-05-01T05:00:00,,20250619
3309,,상행,주말,김포도시철도,,4928,698,고촌,김포도시철도,4920,양촌,690,김포도시철도,4929,김포공항,699,21:24:25,21:23:57,N,,N,2025-05-01T05:00:00,,20250619
3309,,상행,주말,김포도시철도,,4929,699,김포공항,김포도시철도,4920,양촌,690,김포도시철도,4929,김포공항,699,,21:30:33,N,,N,2025-05-01T05:00:00,,20250619
3315,,상행,주말,김포도시철도,,4920,690,양촌,김포도시철도,4920,양촌,690,김포도시철도,4929,김포공항,699,21:16:26,,N,,N,2025-05-01T05:00:00,,20250619
3315,,상행,주말,김포도시철도,,4921,691,구래,김포도시철도,4920,양촌,690,김포도시철도,4929,김포공항,699,21:19:00,21:18:32,N,,N,2025-05-01T05:00:00,,20250619
3315,,상행,주말,김포도시철도,,4922,692,마산,김포도시철도,4920,양촌,690,김포도시철도,4929,김포공항,699,21:22:12,21:21:44,N,,N,2025-05-01T05:00:00,,20250619
3315,,상행,주말,김포도시철도,,4923,693,장기,김포도시철도,4920,양촌,690,김포도시철도,4929,김포공항,699,21:26:08,21:25:40,N,,N,2025-05-01T05:00:00,,20250619
3315,,상행,주말,김포도시철도,,4924,694,운양,김포도시철도,4920,양촌,690,김포도시철도,4929,김포공항,699,21:28:39,21:28:11,N,,N,2025-05-01T05:00:00,,20250619
3315,,상행,주말,김포도시철도,,4925,695,걸포북변,김포도시철도,4920,양촌,690,김포도시철도,4929,김포공항,699,21:32:45,21:32:17,N,,N,2025-05-01T05:00:00,,20250619
3315,,상행,주말,김포도시철도,,4926,696,사우,김포도시철도,4920,양촌,690,김포도시철도,4929,김포공항,699,21:35:38,21:35:10,N,,N,2025-05-01T05:00:00,,20250619
3315,,상행,주말,김포도시철도,,4927,697,풍무,김포도시철도,4920,양촌,690,김포도시철도,4929,김포공항,699,21:38:06,21:37:38,N,,N,2025-05-01T05:00:00,,20250619
3315,,상행,주말,김포도시철도,,4928,698,고촌,김포도시철도,4920,양촌,690,김포도시철도,4929,김포공항,699,21:42:25,21:41:57,N,,N,2025-05-01T05:00:00,,20250619
3315,,상행,주말,김포도시철도,,4929,699,김포공항,김포도시철도,4920,양촌,690,김포도시철도,4929,김포공항,699,,21:48:33,N,,N,2025-05-01T05:00:00,,20250619
3321,,상행,주말,김포도시철도,,4920,690,양촌,김포도시철도,4920,양촌,690,김포도시철도,4929,김포공항,699,21:34:26,,N,,N,2025-05-01T05:00:00,,20250619
3321,,상행,주말,김포도시철도,,4921,691,구래,김포도시철도,4920,양촌,690,김포도시철도,4929,김포공항,699,21:37:00,21:36:32,N,,N,2025-05-01T05:00:00,,20250619
3321,,상행,주말,김포도시철도,,4922,692,마산,김포도시철도,4920,양촌,690,김포도시철도,4929,김포공항,699,21:40:12,21:39:44,N,,N,2025-05-01T05:00:00,,20250619
3321,,상행,주말,김포도시철도,,4923,693,장기,김포도시철도,4920,양촌,690,김포도시철도,4929,김포공항,699,21:44:08,21:43:40,N,,N,2025-05-01T05:00:00,,20250619
3321,,상행,주말,김포도시철도,,4924,694,운양,김포도시철도,4920,양촌,690,김포도시철도,4929,김포공항,699,21:46:39,21:46:11,N,,N,2025-05-01T05:00:00,,20250619
3321,,상행,주말,김포도시철도,,4925,695,걸포북변,김포도시철도,4920,양촌,690,김포도시철도,4929,김포공항,699,21:50:45,21:50:17,N,,N,2025-05-01T05:00:00,,20250619
3321,,상행,주말,김포도시철도,,4926,696,사우,김포도시철도,4920,양촌,690,김포도시철도,4929,김포공항,699,21:53:38,21:53:10,N,,N,2025-05-01T05:00:00,,20250619
3321,,상행,주말,김포도시철도,,4927,697,풍무,김포도시철도,4920,양촌,690,김포도시철도,4929,김포공항,699,21:56:06,21:55:38,N,,N,2025-05-01T05:00:00,,20250619
3321,,상행,주말,김포도시철도,,4928,698,고촌,김포도시철도,4920,양촌,690,김포도시철도,4929,김포공항,699,22:00:25,21:59:57,N,,N,2025-05-01T05:00:00,,20250619
3321,,상행,주말,김포도시철도,,4929,699,김포공항,김포도시철도,4920,양촌,690,김포도시철도,4929,김포공항,699,,22:06:33,N,,N,2025-05-01T05:00:00,,20250619
3327,,상행,주말,김포도시철도,,4920,690,양촌,김포도시철도,4920,양촌,690,김포도시철도,4929,김포공항,699,21:54:26,,N,,N,2025-05-01T05:00:00,,20250619
3327,,상행,주말,김포도시철도,,4921,691,구래,김포도시철도,4920,양촌,690,김포도시철도,4929,김포공항,699,21:57:00,21:56:32,N,,N,2025-05-01T05:00:00,,20250619
3327,,상행,주말,김포도시철도,,4922,692,마산,김포도시철도,4920,양촌,690,김포도시철도,4929,김포공항,699,22:00:12,21:59:44,N,,N,2025-05-01T05:00:00,,20250619
3327,,상행,주말,김포도시철도,,4923,693,장기,김포도시철도,4920,양촌,690,김포도시철도,4929,김포공항,699,22:04:08,22:03:40,N,,N,2025-05-01T05:00:00,,20250619
3327,,상행,주말,김포도시철도,,4924,694,운양,김포도시철도,4920,양촌,690,김포도시철도,4929,김포공항,699,22:06:39,22:06:11,N,,N,2025-05-01T05:00:00,,20250619
3327,,상행,주말,김포도시철도,,4925,695,걸포북변,김포도시철도,4920,양촌,690,김포도시철도,4929,김포공항,699,22:10:45,22:10:17,N,,N,2025-05-01T05:00:00,,20250619
3327,,상행,주말,김포도시철도,,4926,696,사우,김포도시철도,4920,양촌,690,김포도시철도,4929,김포공항,699,22:13:38,22:13:10,N,,N,2025-05-01T05:00:00,,20250619
3327,,상행,주말,김포도시철도,,4927,697,풍무,김포도시철도,4920,양촌,690,김포도시철도,4929,김포공항,699,22:16:06,22:15:38,N,,N,2025-05-01T05:00:00,,20250619
3327,,상행,주말,김포도시철도,,4928,698,고촌,김포도시철도,4920,양촌,690,김포도시철도,4929,김포공항,699,22:20:25,22:19:57,N,,N,2025-05-01T05:00:00,,20250619
3327,,상행,주말,김포도시철도,,4929,699,김포공항,김포도시철도,4920,양촌,690,김포도시철도,4929,김포공항,699,,22:26:33,N,,N,2025-05-01T05:00:00,,20250619
3331,,상행,주말,김포도시철도,,4920,690,양촌,김포도시철도,4920,양촌,690,김포도시철도,4929,김포공항,699,22:09:26,,N,,N,2025-05-01T05:00:00,,20250619
3331,,상행,주말,김포도시철도,,4921,691,구래,김포도시철도,4920,양촌,690,김포도시철도,4929,김포공항,699,22:12:00,22:11:32,N,,N,2025-05-01T05:00:00,,20250619
3331,,상행,주말,김포도시철도,,4922,692,마산,김포도시철도,4920,양촌,690,김포도시철도,4929,김포공항,699,22:15:12,22:14:44,N,,N,2025-05-01T05:00:00,,20250619
3331,,상행,주말,김포도시철도,,4923,693,장기,김포도시철도,4920,양촌,690,김포도시철도,4929,김포공항,699,22:19:08,22:18:40,N,,N,2025-05-01T05:00:00,,20250619
3331,,상행,주말,김포도시철도,,4924,694,운양,김포도시철도,4920,양촌,690,김포도시철도,4929,김포공항,699,22:21:39,22:21:11,N,,N,2025-05-01T05:00:00,,20250619
3331,,상행,주말,김포도시철도,,4925,695,걸포북변,김포도시철도,4920,양촌,690,김포도시철도,4929,김포공항,699,22:25:45,22:25:17,N,,N,2025-05-01T05:00:00,,20250619
3331,,상행,주말,김포도시철도,,4926,696,사우,김포도시철도,4920,양촌,690,김포도시철도,4929,김포공항,699,22:28:38,22:28:10,N,,N,2025-05-01T05:00:00,,20250619
3331,,상행,주말,김포도시철도,,4927,697,풍무,김포도시철도,4920,양촌,690,김포도시철도,4929,김포공항,699,22:31:06,22:30:38,N,,N,2025-05-01T05:00:00,,20250619
3331,,상행,주말,김포도시철도,,4928,698,고촌,김포도시철도,4920,양촌,690,김포도시철도,4929,김포공항,699,22:35:25,22:34:57,N,,N,2025-05-01T05:00:00,,20250619
3331,,상행,주말,김포도시철도,,4929,699,김포공항,김포도시철도,4920,양촌,690,김포도시철도,4929,김포공항,699,,22:41:33,N,,N,2025-05-01T05:00:00,,20250619
3335,,상행,주말,김포도시철도,,4920,690,양촌,김포도시철도,4920,양촌,690,김포도시철도,4929,김포공항,699,22:25:26,,N,,N,2025-05-01T05:00:00,,20250619
3335,,상행,주말,김포도시철도,,4921,691,구래,김포도시철도,4920,양촌,690,김포도시철도,4929,김포공항,699,22:28:00,22:27:32,N,,N,2025-05-01T05:00:00,,20250619
3335,,상행,주말,김포도시철도,,4922,692,마산,김포도시철도,4920,양촌,690,김포도시철도,4929,김포공항,699,22:31:12,22:30:44,N,,N,2025-05-01T05:00:00,,20250619
3335,,상행,주말,김포도시철도,,4923,693,장기,김포도시철도,4920,양촌,690,김포도시철도,4929,김포공항,699,22:35:08,22:34:40,N,,N,2025-05-01T05:00:00,,20250619
3335,,상행,주말,김포도시철도,,4924,694,운양,김포도시철도,4920,양촌,690,김포도시철도,4929,김포공항,699,22:37:39,22:37:11,N,,N,2025-05-01T05:00:00,,20250619
3335,,상행,주말,김포도시철도,,4925,695,걸포북변,김포도시철도,4920,양촌,690,김포도시철도,4929,김포공항,699,22:41:45,22:41:17,N,,N,2025-05-01T05:00:00,,20250619
3335,,상행,주말,김포도시철도,,4926,696,사우,김포도시철도,4920,양촌,690,김포도시철도,4929,김포공항,699,22:44:38,22:44:10,N,,N,2025-05-01T05:00:00,,20250619
3335,,상행,주말,김포도시철도,,4927,697,풍무,김포도시철도,4920,양촌,690,김포도시철도,4929,김포공항,699,22:47:06,22:46:38,N,,N,2025-05-01T05:00:00,,20250619
3335,,상행,주말,김포도시철도,,4928,698,고촌,김포도시철도,4920,양촌,690,김포도시철도,4929,김포공항,699,22:51:25,22:50:57,N,,N,2025-05-01T05:00:00,,20250619
3335,,상행,주말,김포도시철도,,4929,699,김포공항,김포도시철도,4920,양촌,690,김포도시철도,4929,김포공항,699,,22:57:33,N,,N,2025-05-01T05:00:00,,20250619
3339,,상행,주말,김포도시철도,,4920,690,양촌,김포도시철도,4920,양촌,690,김포도시철도,4929,김포공항,699,22:43:26,,N,,N,2025-05-01T05:00:00,,20250619
3339,,상행,주말,김포도시철도,,4921,691,구래,김포도시철도,4920,양촌,690,김포도시철도,4929,김포공항,699,22:46:00,22:45:32,N,,N,2025-05-01T05:00:00,,20250619
3339,,상행,주말,김포도시철도,,4922,692,마산,김포도시철도,4920,양촌,690,김포도시철도,4929,김포공항,699,22:49:12,22:48:44,N,,N,2025-05-01T05:00:00,,20250619
3339,,상행,주말,김포도시철도,,4923,693,장기,김포도시철도,4920,양촌,690,김포도시철도,4929,김포공항,699,22:53:08,22:52:40,N,,N,2025-05-01T05:00:00,,20250619
3339,,상행,주말,김포도시철도,,4924,694,운양,김포도시철도,4920,양촌,690,김포도시철도,4929,김포공항,699,22:55:39,22:55:11,N,,N,2025-05-01T05:00:00,,20250619
3339,,상행,주말,김포도시철도,,4925,695,걸포북변,김포도시철도,4920,양촌,690,김포도시철도,4929,김포공항,699,22:59:45,22:59:17,N,,N,2025-05-01T05:00:00,,20250619
3339,,상행,주말,김포도시철도,,4926,696,사우,김포도시철도,4920,양촌,690,김포도시철도,4929,김포공항,699,23:02:38,23:02:10,N,,N,2025-05-01T05:00:00,,20250619
3339,,상행,주말,김포도시철도,,4927,697,풍무,김포도시철도,4920,양촌,690,김포도시철도,4929,김포공항,699,23:05:06,23:04:38,N,,N,2025-05-01T05:00:00,,20250619
3339,,상행,주말,김포도시철도,,4928,698,고촌,김포도시철도,4920,양촌,690,김포도시철도,4929,김포공항,699,23:09:25,23:08:57,N,,N,2025-05-01T05:00:00,,20250619
3339,,상행,주말,김포도시철도,,4929,699,김포공항,김포도시철도,4920,양촌,690,김포도시철도,4929,김포공항,699,,23:15:33,N,,N,2025-05-01T05:00:00,,20250619
3343,,상행,주말,김포도시철도,,4920,690,양촌,김포도시철도,4920,양촌,690,김포도시철도,4929,김포공항,699,23:03:26,,N,,N,2025-05-01T05:00:00,,20250619
3343,,상행,주말,김포도시철도,,4921,691,구래,김포도시철도,4920,양촌,690,김포도시철도,4929,김포공항,699,23:06:00,23:05:32,N,,N,2025-05-01T05:00:00,,20250619
3343,,상행,주말,김포도시철도,,4922,692,마산,김포도시철도,4920,양촌,690,김포도시철도,4929,김포공항,699,23:09:12,23:08:44,N,,N,2025-05-01T05:00:00,,20250619
3343,,상행,주말,김포도시철도,,4923,693,장기,김포도시철도,4920,양촌,690,김포도시철도,4929,김포공항,699,23:13:08,23:12:40,N,,N,2025-05-01T05:00:00,,20250619
3343,,상행,주말,김포도시철도,,4924,694,운양,김포도시철도,4920,양촌,690,김포도시철도,4929,김포공항,699,23:15:39,23:15:11,N,,N,2025-05-01T05:00:00,,20250619
3343,,상행,주말,김포도시철도,,4925,695,걸포북변,김포도시철도,4920,양촌,690,김포도시철도,4929,김포공항,699,23:19:45,23:19:17,N,,N,2025-05-01T05:00:00,,20250619
3343,,상행,주말,김포도시철도,,4926,696,사우,김포도시철도,4920,양촌,690,김포도시철도,4929,김포공항,699,23:22:38,23:22:10,N,,N,2025-05-01T05:00:00,,20250619
3343,,상행,주말,김포도시철도,,4927,697,풍무,김포도시철도,4920,양촌,690,김포도시철도,4929,김포공항,699,23:25:06,23:24:38,N,,N,2025-05-01T05:00:00,,20250619
3343,,상행,주말,김포도시철도,,4928,698,고촌,김포도시철도,4920,양촌,690,김포도시철도,4929,김포공항,699,23:29:25,23:28:57,N,,N,2025-05-01T05:00:00,,20250619
3343,,상행,주말,김포도시철도,,4929,699,김포공항,김포도시철도,4920,양촌,690,김포도시철도,4929,김포공항,699,,23:35:33,N,,N,2025-05-01T05:00:00,,20250619
3347,,상행,주말,김포도시철도,,4920,690,양촌,김포도시철도,4920,양촌,690,김포도시철도,4929,김포공항,699,23:26:26,,N,,N,2025-05-01T05:00:00,,20250619
3347,,상행,주말,김포도시철도,,4921,691,구래,김포도시철도,4920,양촌,690,김포도시철도,4929,김포공항,699,23:29:00,23:28:32,N,,N,2025-05-01T05:00:00,,20250619
3347,,상행,주말,김포도시철도,,4922,692,마산,김포도시철도,4920,양촌,690,김포도시철도,4929,김포공항,699,23:32:12,23:31:44,N,,N,2025-05-01T05:00:00,,20250619
3347,,상행,주말,김포도시철도,,4923,693,장기,김포도시철도,4920,양촌,690,김포도시철도,4929,김포공항,699,23:36:08,23:35:40,N,,N,2025-05-01T05:00:00,,20250619
3347,,상행,주말,김포도시철도,,4924,694,운양,김포도시철도,4920,양촌,690,김포도시철도,4929,김포공항,699,23:38:39,23:38:11,N,,N,2025-05-01T05:00:00,,20250619
3347,,상행,주말,김포도시철도,,4925,695,걸포북변,김포도시철도,4920,양촌,690,김포도시철도,4929,김포공항,699,23:42:45,23:42:17,N,,N,2025-05-01T05:00:00,,20250619
3347,,상행,주말,김포도시철도,,4926,696,사우,김포도시철도,4920,양촌,690,김포도시철도,4929,김포공항,699,23:45:38,23:45:10,N,,N,2025-05-01T05:00:00,,20250619
3347,,상행,주말,김포도시철도,,4927,697,풍무,김포도시철도,4920,양촌,690,김포도시철도,4929,김포공항,699,23:48:06,23:47:38,N,,N,2025-05-01T05:00:00,,20250619
3347,,상행,주말,김포도시철도,,4928,698,고촌,김포도시철도,4920,양촌,690,김포도시철도,4929,김포공항,699,23:52:25,23:51:57,N,,N,2025-05-01T05:00:00,,20250619
3347,,상행,주말,김포도시철도,,4929,699,김포공항,김포도시철도,4920,양촌,690,김포도시철도,4929,김포공항,699,,23:58:33,N,,N,2025-05-01T05:00:00,,20250619
