arvlLineNm,arvlStnCd,arvlStnNm,arvlStnNo,brlnNm,crtrYmd,dptreLineNm,dptreStnCd,dptreStnNm,dptreStnNo,etrnYn,lineNm,lnkgTrainno,stnCd,stnNm,stnNo,tmprTmtblYn,trainArvlTm,trainDptreTm,trainKnd,trainno,upbdnbSe,vldBgngDt,vldEndDt,wkndSe
신분당선,4304,신사,D4,,20250619,신분당선,4319,광교,D19,N,신분당선,,4319,광교,D19,N,,05:30:00,,SA001,상행,2025-05-01T05:00:00,,평일
신분당선,4304,신사,D4,,20250619,신분당선,4319,광교,D19,N,신분당선,,4318,광교중앙,D18,N,05:32:56,05:33:21,,SA001,상행,2025-05-01T05:00:00,,평일
신분당선,4304,신사,D4,,20250619,신분당선,4319,광교,D19,N,신분당선,,4317,상현,D17,N,05:36:06,05:36:36,,SA001,상행,2025-05-01T05:00:00,,평일
신분당선,4304,신사,D4,,20250619,신분당선,4319,광교,D19,N,신분당선,,4316,성복,D16,N,05:39:10,05:39:40,,SA001,상행,2025-05-01T05:00:00,,평일
신분당선,4304,신사,D4,,20250619,신분당선,4319,광교,D19,N,신분당선,,4315,수지구청,D15,N,05:41:47,05:42:17,,SA001,상행,2025-05-01T05:00:00,,평일
신분당선,4304,신사,D4,,20250619,신분당선,4319,광교,D19,N,신분당선,,4314,동천,D14,N,05:44:39,05:45:09,,SA001,상행,2025-05-01T05:00:00,,평일
신분당선,4304,신사,D4,,20250619,신분당선,4319,광교,D19,N,신분당선,,4313,미금,D13,N,05:47:21,05:47:51,,SA001,상행,2025-05-01T05:00:00,,평일
신분당선,4304,신사,D4,,20250619,신분당선,4319,광교,D19,N,신분당선,,4312,정자,D12,N,05:49:51,05:50:21,,SA001,상행,2025-05-01T05:00:00,,평일
신분당선,4304,신사,D4,,20250619,신분당선,4319,광교,D19,N,신분당선,,4311,판교,D11,N,05:53:01,05:53:31,,SA001,상행,2025-05-01T05:00:00,,평일
신분당선,4304,신사,D4,,20250619,신분당선,4319,광교,D19,N,신분당선,,4310,청계산입구,D10,N,05:59:34,05:59:59,,SA001,상행,2025-05-01T05:00:00,,평일
신분당선,4304,신사,D4,,20250619,신분당선,4319,광교,D19,N,신분당선,,4309,양재시민의숲,D9,N,06:02:29,06:02:59,,SA001,상행,2025-05-01T05:00:00,,평일
신분당선,4304,신사,D4,,20250619,신분당선,4319,광교,D19,N,신분당선,,4308,양재,D8,N,06:04:43,06:05:13,,SA001,상행,2025-05-01T05:00:00,,평일
신분당선,4304,신사,D4,,20250619,신분당선,4319,광교,D19,N,신분당선,,4307,강남,D7,N,06:06:57,06:07:32,,SA001,상행,2025-05-01T05:00:00,,평일
신분당선,4304,신사,D4,,20250619,신분당선,4319,광교,D19,N,신분당선,,4306,신논현,D6,N,06:08:39,06:09:11,,SA001,상행,2025-05-01T05:00:00,,평일
신분당선,4304,신사,D4,,20250619,신분당선,4319,광교,D19,N,신분당선,,4305,논현,D5,N,06:10:16,06:10:49,,SA001,상행,2025-05-01T05:00:00,,평일
신분당선,4304,신사,D4,,20250619,신분당선,4319,광교,D19,N,신분당선,,4304,신사,D4,N,06:11:54,,,SA001,상행,2025-05-01T05:00:00,,평일
신분당선,4304,신사,D4,,20250619,신분당선,4312,정자,D12,N,신분당선,,4312,정자,D12,N,,05:30:00,,SA002,상행,2025-05-01T05:00:00,,평일
신분당선,4304,신사,D4,,20250619,신분당선,4312,정자,D12,N,신분당선,,4311,판교,D11,N,05:32:40,05:33:10,,SA002,상행,2025-05-01T05:00:00,,평일
신분당선,4304,신사,D4,,20250619,신분당선,4312,정자,D12,N,신분당선,,4310,청계산입구,D10,N,05:39:13,05:39:38,,SA002,상행,2025-05-01T05:00:00,,평일
신분당선,4304,신사,D4,,20250619,신분당선,4312,정자,D12,N,신분당선,,4309,양재시민의숲,D9,N,05:42:08,05:42:38,,SA002,상행,2025-05-01T05:00:00,,평일
신분당선,4304,신사,D4,,20250619,신분당선,4312,정자,D12,N,신분당선,,4308,양재,D8,N,05:44:22,05:44:52,,SA002,상행,2025-05-01T05:00:00,,평일
신분당선,4304,신사,D4,,20250619,신분당선,4312,정자,D12,N,신분당선,,4307,강남,D7,N,05:46:36,05:47:11,,SA002,상행,2025-05-01T05:00:00,,평일
신분당선,4304,신사,D4,,20250619,신분당선,4312,정자,D12,N,신분당선,,4306,신논현,D6,N,05:48:18,05:48:50,,SA002,상행,2025-05-01T05:00:00,,평일
신분당선,4304,신사,D4,,20250619,신분당선,4312,정자,D12,N,신분당선,,4305,논현,D5,N,05:49:55,05:50:28,,SA002,상행,2025-05-01T05:00:00,,평일
신분당선,4304,신사,D4,,20250619,신분당선,4312,정자,D12,N,신분당선,,4304,신사,D4,N,05:51:33,,,SA002,상행,2025-05-01T05:00:00,,평일
신분당선,4304,신사,D4,,20250619,신분당선,4312,정자,D12,N,신분당선,,4312,정자,D12,N,05:34:21,05:39:21,,SA003,상행,2025-05-01T05:00:00,,평일
신분당선,4304,신사,D4,,20250619,신분당선,4312,정자,D12,N,신분당선,,4311,판교,D11,N,05:42:01,05:42:31,,SA003,상행,2025-05-01T05:00:00,,평일
신분당선,4304,신사,D4,,20250619,신분당선,4312,정자,D12,N,신분당선,,4310,청계산입구,D10,N,05:48:34,05:48:59,,SA003,상행,2025-05-01T05:00:00,,평일
신분당선,4304,신사,D4,,20250619,신분당선,4312,정자,D12,N,신분당선,,4309,양재시민의숲,D9,N,05:51:29,05:51:59,,SA003,상행,2025-05-01T05:00:00,,평일
신분당선,4304,신사,D4,,20250619,신분당선,4312,정자,D12,N,신분당선,,4308,양재,D8,N,05:53:43,05:54:13,,SA003,상행,2025-05-01T05:00:00,,평일
신분당선,4304,신사,D4,,20250619,신분당선,4312,정자,D12,N,신분당선,,4307,강남,D7,N,05:55:57,05:56:32,,SA003,상행,2025-05-01T05:00:00,,평일
신분당선,4304,신사,D4,,20250619,신분당선,4312,정자,D12,N,신분당선,,4306,신논현,D6,N,05:57:39,05:58:11,,SA003,상행,2025-05-01T05:00:00,,평일
신분당선,4304,신사,D4,,20250619,신분당선,4312,정자,D12,N,신분당선,,4305,논현,D5,N,05:59:16,05:59:49,,SA003,상행,2025-05-01T05:00:00,,평일
신분당선,4304,신사,D4,,20250619,신분당선,4312,정자,D12,N,신분당선,,4304,신사,D4,N,06:00:54,,,SA003,상행,2025-05-01T05:00:00,,평일
신분당선,4304,신사,D4,,20250619,신분당선,4319,광교,D19,N,신분당선,,4319,광교,D19,N,,05:43:00,,SA004,상행,2025-05-01T05:00:00,,평일
신분당선,4304,신사,D4,,20250619,신분당선,4319,광교,D19,N,신분당선,,4318,광교중앙,D18,N,05:45:56,05:46:21,,SA004,상행,2025-05-01T05:00:00,,평일
신분당선,4304,신사,D4,,20250619,신분당선,4319,광교,D19,N,신분당선,,4317,상현,D17,N,05:49:06,05:49:36,,SA004,상행,2025-05-01T05:00:00,,평일
신분당선,4304,신사,D4,,20250619,신분당선,4319,광교,D19,N,신분당선,,4316,성복,D16,N,05:52:10,05:52:40,,SA004,상행,2025-05-01T05:00:00,,평일
신분당선,4304,신사,D4,,20250619,신분당선,4319,광교,D19,N,신분당선,,4315,수지구청,D15,N,05:54:47,05:55:17,,SA004,상행,2025-05-01T05:00:00,,평일
신분당선,4304,신사,D4,,20250619,신분당선,4319,광교,D19,N,신분당선,,4314,동천,D14,N,05:57:39,05:58:09,,SA004,상행,2025-05-01T05:00:00,,평일
신분당선,4304,신사,D4,,20250619,신분당선,4319,광교,D19,N,신분당선,,4313,미금,D13,N,06:00:21,06:00:51,,SA004,상행,2025-05-01T05:00:00,,평일
신분당선,4304,신사,D4,,20250619,신분당선,4319,광교,D19,N,신분당선,,4312,정자,D12,N,06:02:51,06:03:21,,SA004,상행,2025-05-01T05:00:00,,평일
신분당선,4304,신사,D4,,20250619,신분당선,4319,광교,D19,N,신분당선,,4311,판교,D11,N,06:06:01,06:06:31,,SA004,상행,2025-05-01T05:00:00,,평일
신분당선,4304,신사,D4,,20250619,신분당선,4319,광교,D19,N,신분당선,,4310,청계산입구,D10,N,06:12:34,06:12:59,,SA004,상행,2025-05-01T05:00:00,,평일
신분당선,4304,신사,D4,,20250619,신분당선,4319,광교,D19,N,신분당선,,4309,양재시민의숲,D9,N,06:15:29,06:15:59,,SA004,상행,2025-05-01T05:00:00,,평일
신분당선,4304,신사,D4,,20250619,신분당선,4319,광교,D19,N,신분당선,,4308,양재,D8,N,06:17:43,06:18:13,,SA004,상행,2025-05-01T05:00:00,,평일
신분당선,4304,신사,D4,,20250619,신분당선,4319,광교,D19,N,신분당선,,4307,강남,D7,N,06:19:57,06:20:32,,SA004,상행,2025-05-01T05:00:00,,평일
신분당선,4304,신사,D4,,20250619,신분당선,4319,광교,D19,N,신분당선,,4306,신논현,D6,N,06:21:39,06:22:11,,SA004,상행,2025-05-01T05:00:00,,평일
신분당선,4304,신사,D4,,20250619,신분당선,4319,광교,D19,N,신분당선,,4305,논현,D5,N,06:23:16,06:23:49,,SA004,상행,2025-05-01T05:00:00,,평일
신분당선,4304,신사,D4,,20250619,신분당선,4319,광교,D19,N,신분당선,,4304,신사,D4,N,06:24:54,,,SA004,상행,2025-05-01T05:00:00,,평일
신분당선,4304,신사,D4,,20250619,신분당선,4319,광교,D19,N,신분당선,,4319,광교,D19,N,,05:55:00,,SA005,상행,2025-05-01T05:00:00,,평일
신분당선,4304,신사,D4,,20250619,신분당선,4319,광교,D19,N,신분당선,,4318,광교중앙,D18,N,05:57:56,05:58:21,,SA005,상행,2025-05-01T05:00:00,,평일
신분당선,4304,신사,D4,,20250619,신분당선,4319,광교,D19,N,신분당선,,4317,상현,D17,N,06:01:06,06:01:36,,SA005,상행,2025-05-01T05:00:00,,평일
신분당선,4304,신사,D4,,20250619,신분당선,4319,광교,D19,N,신분당선,,4316,성복,D16,N,06:04:10,06:04:40,,SA005,상행,2025-05-01T05:00:00,,평일
신분당선,4304,신사,D4,,20250619,신분당선,4319,광교,D19,N,신분당선,,4315,수지구청,D15,N,06:06:47,06:07:17,,SA005,상행,2025-05-01T05:00:00,,평일
신분당선,4304,신사,D4,,20250619,신분당선,4319,광교,D19,N,신분당선,,4314,동천,D14,N,06:09:39,06:10:09,,SA005,상행,2025-05-01T05:00:00,,평일
신분당선,4304,신사,D4,,20250619,신분당선,4319,광교,D19,N,신분당선,,4313,미금,D13,N,06:12:21,06:12:51,,SA005,상행,2025-05-01T05:00:00,,평일
신분당선,4304,신사,D4,,20250619,신분당선,4319,광교,D19,N,신분당선,,4312,정자,D12,N,06:14:51,06:15:21,,SA005,상행,2025-05-01T05:00:00,,평일
신분당선,4304,신사,D4,,20250619,신분당선,4319,광교,D19,N,신분당선,,4311,판교,D11,N,06:18:01,06:18:31,,SA005,상행,2025-05-01T05:00:00,,평일
신분당선,4304,신사,D4,,20250619,신분당선,4319,광교,D19,N,신분당선,,4310,청계산입구,D10,N,06:24:34,06:24:59,,SA005,상행,2025-05-01T05:00:00,,평일
신분당선,4304,신사,D4,,20250619,신분당선,4319,광교,D19,N,신분당선,,4309,양재시민의숲,D9,N,06:27:29,06:27:59,,SA005,상행,2025-05-01T05:00:00,,평일
신분당선,4304,신사,D4,,20250619,신분당선,4319,광교,D19,N,신분당선,,4308,양재,D8,N,06:29:43,06:30:13,,SA005,상행,2025-05-01T05:00:00,,평일
신분당선,4304,신사,D4,,20250619,신분당선,4319,광교,D19,N,신분당선,,4307,강남,D7,N,06:31:57,06:32:32,,SA005,상행,2025-05-01T05:00:00,,평일
신분당선,4304,신사,D4,,20250619,신분당선,4319,광교,D19,N,신분당선,,4306,신논현,D6,N,06:33:39,06:34:11,,SA005,상행,2025-05-01T05:00:00,,평일
신분당선,4304,신사,D4,,20250619,신분당선,4319,광교,D19,N,신분당선,,4305,논현,D5,N,06:35:16,06:35:49,,SA005,상행,2025-05-01T05:00:00,,평일
신분당선,4304,신사,D4,,20250619,신분당선,4319,광교,D19,N,신분당선,,4304,신사,D4,N,06:36:54,,,SA005,상행,2025-05-01T05:00:00,,평일
신분당선,4304,신사,D4,,20250619,신분당선,4319,광교,D19,N,신분당선,,4319,광교,D19,N,,06:07:00,,SA006,상행,2025-05-01T05:00:00,,평일
신분당선,4304,신사,D4,,20250619,신분당선,4319,광교,D19,N,신분당선,,4318,광교중앙,D18,N,06:09:56,06:10:21,,SA006,상행,2025-05-01T05:00:00,,평일
신분당선,4304,신사,D4,,20250619,신분당선,4319,광교,D19,N,신분당선,,4317,상현,D17,N,06:13:06,06:13:36,,SA006,상행,2025-05-01T05:00:00,,평일
신분당선,4304,신사,D4,,20250619,신분당선,4319,광교,D19,N,신분당선,,4316,성복,D16,N,06:16:10,06:16:40,,SA006,상행,2025-05-01T05:00:00,,평일
신분당선,4304,신사,D4,,20250619,신분당선,4319,광교,D19,N,신분당선,,4315,수지구청,D15,N,06:18:47,06:19:17,,SA006,상행,2025-05-01T05:00:00,,평일
신분당선,4304,신사,D4,,20250619,신분당선,4319,광교,D19,N,신분당선,,4314,동천,D14,N,06:21:39,06:22:09,,SA006,상행,2025-05-01T05:00:00,,평일
신분당선,4304,신사,D4,,20250619,신분당선,4319,광교,D19,N,신분당선,,4313,미금,D13,N,06:24:21,06:24:51,,SA006,상행,2025-05-01T05:00:00,,평일
신분당선,4304,신사,D4,,20250619,신분당선,4319,광교,D19,N,신분당선,,4312,정자,D12,N,06:26:51,06:27:21,,SA006,상행,2025-05-01T05:00:00,,평일
신분당선,4304,신사,D4,,20250619,신분당선,4319,광교,D19,N,신분당선,,4311,판교,D11,N,06:30:01,06:30:31,,SA006,상행,2025-05-01T05:00:00,,평일
신분당선,4304,신사,D4,,20250619,신분당선,4319,광교,D19,N,신분당선,,4310,청계산입구,D10,N,06:36:34,06:36:59,,SA006,상행,2025-05-01T05:00:00,,평일
신분당선,4304,신사,D4,,20250619,신분당선,4319,광교,D19,N,신분당선,,4309,양재시민의숲,D9,N,06:39:29,06:39:59,,SA006,상행,2025-05-01T05:00:00,,평일
신분당선,4304,신사,D4,,20250619,신분당선,4319,광교,D19,N,신분당선,,4308,양재,D8,N,06:41:43,06:42:13,,SA006,상행,2025-05-01T05:00:00,,평일
신분당선,4304,신사,D4,,20250619,신분당선,4319,광교,D19,N,신분당선,,4307,강남,D7,N,06:43:57,06:44:32,,SA006,상행,2025-05-01T05:00:00,,평일
신분당선,4304,신사,D4,,20250619,신분당선,4319,광교,D19,N,신분당선,,4306,신논현,D6,N,06:45:39,06:46:11,,SA006,상행,2025-05-01T05:00:00,,평일
신분당선,4304,신사,D4,,20250619,신분당선,4319,광교,D19,N,신분당선,,4305,논현,D5,N,06:47:16,06:47:49,,SA006,상행,2025-05-01T05:00:00,,평일
신분당선,4304,신사,D4,,20250619,신분당선,4319,광교,D19,N,신분당선,,4304,신사,D4,N,06:48:54,,,SA006,상행,2025-05-01T05:00:00,,평일
신분당선,4304,신사,D4,,20250619,신분당선,4319,광교,D19,N,신분당선,,4319,광교,D19,N,,06:18:40,,SA007,상행,2025-05-01T05:00:00,,평일
신분당선,4304,신사,D4,,20250619,신분당선,4319,광교,D19,N,신분당선,,4318,광교중앙,D18,N,06:21:36,06:22:01,,SA007,상행,2025-05-01T05:00:00,,평일
신분당선,4304,신사,D4,,20250619,신분당선,4319,광교,D19,N,신분당선,,4317,상현,D17,N,06:24:46,06:25:16,,SA007,상행,2025-05-01T05:00:00,,평일
신분당선,4304,신사,D4,,20250619,신분당선,4319,광교,D19,N,신분당선,,4316,성복,D16,N,06:27:50,06:28:20,,SA007,상행,2025-05-01T05:00:00,,평일
신분당선,4304,신사,D4,,20250619,신분당선,4319,광교,D19,N,신분당선,,4315,수지구청,D15,N,06:30:27,06:30:57,,SA007,상행,2025-05-01T05:00:00,,평일
신분당선,4304,신사,D4,,20250619,신분당선,4319,광교,D19,N,신분당선,,4314,동천,D14,N,06:33:19,06:33:49,,SA007,상행,2025-05-01T05:00:00,,평일
신분당선,4304,신사,D4,,20250619,신분당선,4319,광교,D19,N,신분당선,,4313,미금,D13,N,06:36:01,06:36:31,,SA007,상행,2025-05-01T05:00:00,,평일
신분당선,4304,신사,D4,,20250619,신분당선,4319,광교,D19,N,신분당선,,4312,정자,D12,N,06:38:31,06:39:01,,SA007,상행,2025-05-01T05:00:00,,평일
신분당선,4304,신사,D4,,20250619,신분당선,4319,광교,D19,N,신분당선,,4311,판교,D11,N,06:41:41,06:42:11,,SA007,상행,2025-05-01T05:00:00,,평일
신분당선,4304,신사,D4,,20250619,신분당선,4319,광교,D19,N,신분당선,,4310,청계산입구,D10,N,06:48:14,06:48:39,,SA007,상행,2025-05-01T05:00:00,,평일
신분당선,4304,신사,D4,,20250619,신분당선,4319,광교,D19,N,신분당선,,4309,양재시민의숲,D9,N,06:51:09,06:51:39,,SA007,상행,2025-05-01T05:00:00,,평일
신분당선,4304,신사,D4,,20250619,신분당선,4319,광교,D19,N,신분당선,,4308,양재,D8,N,06:53:23,06:53:53,,SA007,상행,2025-05-01T05:00:00,,평일
신분당선,4304,신사,D4,,20250619,신분당선,4319,광교,D19,N,신분당선,,4307,강남,D7,N,06:55:37,06:56:12,,SA007,상행,2025-05-01T05:00:00,,평일
신분당선,4304,신사,D4,,20250619,신분당선,4319,광교,D19,N,신분당선,,4306,신논현,D6,N,06:57:19,06:57:51,,SA007,상행,2025-05-01T05:00:00,,평일
신분당선,4304,신사,D4,,20250619,신분당선,4319,광교,D19,N,신분당선,,4305,논현,D5,N,06:58:56,06:59:29,,SA007,상행,2025-05-01T05:00:00,,평일
신분당선,4304,신사,D4,,20250619,신분당선,4319,광교,D19,N,신분당선,,4304,신사,D4,N,07:00:34,,,SA007,상행,2025-05-01T05:00:00,,평일
신분당선,4304,신사,D4,,20250619,신분당선,4319,광교,D19,N,신분당선,,4319,광교,D19,N,,06:29:10,,SA008,상행,2025-05-01T05:00:00,,평일
신분당선,4304,신사,D4,,20250619,신분당선,4319,광교,D19,N,신분당선,,4318,광교중앙,D18,N,06:32:06,06:32:31,,SA008,상행,2025-05-01T05:00:00,,평일
신분당선,4304,신사,D4,,20250619,신분당선,4319,광교,D19,N,신분당선,,4317,상현,D17,N,06:35:16,06:35:46,,SA008,상행,2025-05-01T05:00:00,,평일
신분당선,4304,신사,D4,,20250619,신분당선,4319,광교,D19,N,신분당선,,4316,성복,D16,N,06:38:20,06:38:50,,SA008,상행,2025-05-01T05:00:00,,평일
신분당선,4304,신사,D4,,20250619,신분당선,4319,광교,D19,N,신분당선,,4315,수지구청,D15,N,06:40:57,06:41:27,,SA008,상행,2025-05-01T05:00:00,,평일
신분당선,4304,신사,D4,,20250619,신분당선,4319,광교,D19,N,신분당선,,4314,동천,D14,N,06:43:49,06:44:19,,SA008,상행,2025-05-01T05:00:00,,평일
신분당선,4304,신사,D4,,20250619,신분당선,4319,광교,D19,N,신분당선,,4313,미금,D13,N,06:46:31,06:47:01,,SA008,상행,2025-05-01T05:00:00,,평일
신분당선,4304,신사,D4,,20250619,신분당선,4319,광교,D19,N,신분당선,,4312,정자,D12,N,06:49:01,06:49:31,,SA008,상행,2025-05-01T05:00:00,,평일
신분당선,4304,신사,D4,,20250619,신분당선,4319,광교,D19,N,신분당선,,4311,판교,D11,N,06:52:11,06:52:41,,SA008,상행,2025-05-01T05:00:00,,평일
신분당선,4304,신사,D4,,20250619,신분당선,4319,광교,D19,N,신분당선,,4310,청계산입구,D10,N,06:58:44,06:59:09,,SA008,상행,2025-05-01T05:00:00,,평일
신분당선,4304,신사,D4,,20250619,신분당선,4319,광교,D19,N,신분당선,,4309,양재시민의숲,D9,N,07:01:39,07:02:09,,SA008,상행,2025-05-01T05:00:00,,평일
신분당선,4304,신사,D4,,20250619,신분당선,4319,광교,D19,N,신분당선,,4308,양재,D8,N,07:03:53,07:04:23,,SA008,상행,2025-05-01T05:00:00,,평일
신분당선,4304,신사,D4,,20250619,신분당선,4319,광교,D19,N,신분당선,,4307,강남,D7,N,07:06:07,07:06:42,,SA008,상행,2025-05-01T05:00:00,,평일
신분당선,4304,신사,D4,,20250619,신분당선,4319,광교,D19,N,신분당선,,4306,신논현,D6,N,07:07:49,07:08:21,,SA008,상행,2025-05-01T05:00:00,,평일
신분당선,4304,신사,D4,,20250619,신분당선,4319,광교,D19,N,신분당선,,4305,논현,D5,N,07:09:26,07:09:59,,SA008,상행,2025-05-01T05:00:00,,평일
신분당선,4304,신사,D4,,20250619,신분당선,4319,광교,D19,N,신분당선,,4304,신사,D4,N,07:11:04,,,SA008,상행,2025-05-01T05:00:00,,평일
신분당선,4304,신사,D4,,20250619,신분당선,4319,광교,D19,N,신분당선,,4319,광교,D19,N,,06:34:30,,SA009,상행,2025-05-01T05:00:00,,평일
신분당선,4304,신사,D4,,20250619,신분당선,4319,광교,D19,N,신분당선,,4318,광교중앙,D18,N,06:37:26,06:37:51,,SA009,상행,2025-05-01T05:00:00,,평일
신분당선,4304,신사,D4,,20250619,신분당선,4319,광교,D19,N,신분당선,,4317,상현,D17,N,06:40:36,06:41:01,,SA009,상행,2025-05-01T05:00:00,,평일
신분당선,4304,신사,D4,,20250619,신분당선,4319,광교,D19,N,신분당선,,4316,성복,D16,N,06:43:35,06:44:05,,SA009,상행,2025-05-01T05:00:00,,평일
신분당선,4304,신사,D4,,20250619,신분당선,4319,광교,D19,N,신분당선,,4315,수지구청,D15,N,06:46:12,06:46:42,,SA009,상행,2025-05-01T05:00:00,,평일
신분당선,4304,신사,D4,,20250619,신분당선,4319,광교,D19,N,신분당선,,4314,동천,D14,N,06:49:04,06:49:34,,SA009,상행,2025-05-01T05:00:00,,평일
신분당선,4304,신사,D4,,20250619,신분당선,4319,광교,D19,N,신분당선,,4313,미금,D13,N,06:51:46,06:52:16,,SA009,상행,2025-05-01T05:00:00,,평일
신분당선,4304,신사,D4,,20250619,신분당선,4319,광교,D19,N,신분당선,,4312,정자,D12,N,06:54:16,06:54:56,,SA009,상행,2025-05-01T05:00:00,,평일
신분당선,4304,신사,D4,,20250619,신분당선,4319,광교,D19,N,신분당선,,4311,판교,D11,N,06:57:36,06:58:21,,SA009,상행,2025-05-01T05:00:00,,평일
신분당선,4304,신사,D4,,20250619,신분당선,4319,광교,D19,N,신분당선,,4310,청계산입구,D10,N,07:04:24,07:04:49,,SA009,상행,2025-05-01T05:00:00,,평일
신분당선,4304,신사,D4,,20250619,신분당선,4319,광교,D19,N,신분당선,,4309,양재시민의숲,D9,N,07:07:19,07:07:49,,SA009,상행,2025-05-01T05:00:00,,평일
신분당선,4304,신사,D4,,20250619,신분당선,4319,광교,D19,N,신분당선,,4308,양재,D8,N,07:09:33,07:10:13,,SA009,상행,2025-05-01T05:00:00,,평일
신분당선,4304,신사,D4,,20250619,신분당선,4319,광교,D19,N,신분당선,,4307,강남,D7,N,07:11:57,07:12:42,,SA009,상행,2025-05-01T05:00:00,,평일
신분당선,4304,신사,D4,,20250619,신분당선,4319,광교,D19,N,신분당선,,4306,신논현,D6,N,07:13:49,07:14:24,,SA009,상행,2025-05-01T05:00:00,,평일
신분당선,4304,신사,D4,,20250619,신분당선,4319,광교,D19,N,신분당선,,4305,논현,D5,N,07:15:29,07:16:04,,SA009,상행,2025-05-01T05:00:00,,평일
신분당선,4304,신사,D4,,20250619,신분당선,4319,광교,D19,N,신분당선,,4304,신사,D4,N,07:17:09,,,SA009,상행,2025-05-01T05:00:00,,평일
신분당선,4304,신사,D4,,20250619,신분당선,4319,광교,D19,N,신분당선,,4319,광교,D19,N,,06:40:00,,SA010,상행,2025-05-01T05:00:00,,평일
신분당선,4304,신사,D4,,20250619,신분당선,4319,광교,D19,N,신분당선,,4318,광교중앙,D18,N,06:42:56,06:43:21,,SA010,상행,2025-05-01T05:00:00,,평일
신분당선,4304,신사,D4,,20250619,신분당선,4319,광교,D19,N,신분당선,,4317,상현,D17,N,06:46:06,06:46:31,,SA010,상행,2025-05-01T05:00:00,,평일
신분당선,4304,신사,D4,,20250619,신분당선,4319,광교,D19,N,신분당선,,4316,성복,D16,N,06:49:05,06:49:35,,SA010,상행,2025-05-01T05:00:00,,평일
신분당선,4304,신사,D4,,20250619,신분당선,4319,광교,D19,N,신분당선,,4315,수지구청,D15,N,06:51:42,06:52:12,,SA010,상행,2025-05-01T05:00:00,,평일
신분당선,4304,신사,D4,,20250619,신분당선,4319,광교,D19,N,신분당선,,4314,동천,D14,N,06:54:34,06:55:04,,SA010,상행,2025-05-01T05:00:00,,평일
신분당선,4304,신사,D4,,20250619,신분당선,4319,광교,D19,N,신분당선,,4313,미금,D13,N,06:57:16,06:57:46,,SA010,상행,2025-05-01T05:00:00,,평일
신분당선,4304,신사,D4,,20250619,신분당선,4319,광교,D19,N,신분당선,,4312,정자,D12,N,06:59:46,07:00:26,,SA010,상행,2025-05-01T05:00:00,,평일
신분당선,4304,신사,D4,,20250619,신분당선,4319,광교,D19,N,신분당선,,4311,판교,D11,N,07:03:06,07:03:51,,SA010,상행,2025-05-01T05:00:00,,평일
신분당선,4304,신사,D4,,20250619,신분당선,4319,광교,D19,N,신분당선,,4310,청계산입구,D10,N,07:09:54,07:10:19,,SA010,상행,2025-05-01T05:00:00,,평일
신분당선,4304,신사,D4,,20250619,신분당선,4319,광교,D19,N,신분당선,,4309,양재시민의숲,D9,N,07:12:49,07:13:19,,SA010,상행,2025-05-01T05:00:00,,평일
신분당선,4304,신사,D4,,20250619,신분당선,4319,광교,D19,N,신분당선,,4308,양재,D8,N,07:15:03,07:15:43,,SA010,상행,2025-05-01T05:00:00,,평일
신분당선,4304,신사,D4,,20250619,신분당선,4319,광교,D19,N,신분당선,,4307,강남,D7,N,07:17:27,07:18:12,,SA010,상행,2025-05-01T05:00:00,,평일
신분당선,4304,신사,D4,,20250619,신분당선,4319,광교,D19,N,신분당선,,4306,신논현,D6,N,07:19:19,07:19:54,,SA010,상행,2025-05-01T05:00:00,,평일
신분당선,4304,신사,D4,,20250619,신분당선,4319,광교,D19,N,신분당선,,4305,논현,D5,N,07:20:59,07:21:34,,SA010,상행,2025-05-01T05:00:00,,평일
신분당선,4304,신사,D4,,20250619,신분당선,4319,광교,D19,N,신분당선,,4304,신사,D4,N,07:22:39,,,SA010,상행,2025-05-01T05:00:00,,평일
신분당선,4304,신사,D4,,20250619,신분당선,4319,광교,D19,N,신분당선,,4319,광교,D19,N,,06:45:00,,SA011,상행,2025-05-01T05:00:00,,평일
신분당선,4304,신사,D4,,20250619,신분당선,4319,광교,D19,N,신분당선,,4318,광교중앙,D18,N,06:47:56,06:48:21,,SA011,상행,2025-05-01T05:00:00,,평일
신분당선,4304,신사,D4,,20250619,신분당선,4319,광교,D19,N,신분당선,,4317,상현,D17,N,06:51:06,06:51:31,,SA011,상행,2025-05-01T05:00:00,,평일
신분당선,4304,신사,D4,,20250619,신분당선,4319,광교,D19,N,신분당선,,4316,성복,D16,N,06:54:05,06:54:35,,SA011,상행,2025-05-01T05:00:00,,평일
신분당선,4304,신사,D4,,20250619,신분당선,4319,광교,D19,N,신분당선,,4315,수지구청,D15,N,06:56:42,06:57:12,,SA011,상행,2025-05-01T05:00:00,,평일
신분당선,4304,신사,D4,,20250619,신분당선,4319,광교,D19,N,신분당선,,4314,동천,D14,N,06:59:34,07:00:04,,SA011,상행,2025-05-01T05:00:00,,평일
신분당선,4304,신사,D4,,20250619,신분당선,4319,광교,D19,N,신분당선,,4313,미금,D13,N,07:02:16,07:02:46,,SA011,상행,2025-05-01T05:00:00,,평일
신분당선,4304,신사,D4,,20250619,신분당선,4319,광교,D19,N,신분당선,,4312,정자,D12,N,07:04:46,07:05:26,,SA011,상행,2025-05-01T05:00:00,,평일
신분당선,4304,신사,D4,,20250619,신분당선,4319,광교,D19,N,신분당선,,4311,판교,D11,N,07:08:06,07:08:51,,SA011,상행,2025-05-01T05:00:00,,평일
신분당선,4304,신사,D4,,20250619,신분당선,4319,광교,D19,N,신분당선,,4310,청계산입구,D10,N,07:14:54,07:15:19,,SA011,상행,2025-05-01T05:00:00,,평일
신분당선,4304,신사,D4,,20250619,신분당선,4319,광교,D19,N,신분당선,,4309,양재시민의숲,D9,N,07:17:49,07:18:19,,SA011,상행,2025-05-01T05:00:00,,평일
신분당선,4304,신사,D4,,20250619,신분당선,4319,광교,D19,N,신분당선,,4308,양재,D8,N,07:20:03,07:20:43,,SA011,상행,2025-05-01T05:00:00,,평일
신분당선,4304,신사,D4,,20250619,신분당선,4319,광교,D19,N,신분당선,,4307,강남,D7,N,07:22:27,07:23:12,,SA011,상행,2025-05-01T05:00:00,,평일
신분당선,4304,신사,D4,,20250619,신분당선,4319,광교,D19,N,신분당선,,4306,신논현,D6,N,07:24:19,07:24:54,,SA011,상행,2025-05-01T05:00:00,,평일
신분당선,4304,신사,D4,,20250619,신분당선,4319,광교,D19,N,신분당선,,4305,논현,D5,N,07:25:59,07:26:34,,SA011,상행,2025-05-01T05:00:00,,평일
신분당선,4304,신사,D4,,20250619,신분당선,4319,광교,D19,N,신분당선,,4304,신사,D4,N,07:27:39,,,SA011,상행,2025-05-01T05:00:00,,평일
신분당선,4304,신사,D4,,20250619,신분당선,4319,광교,D19,N,신분당선,,4319,광교,D19,N,,06:50:00,,SA012,상행,2025-05-01T05:00:00,,평일
신분당선,4304,신사,D4,,20250619,신분당선,4319,광교,D19,N,신분당선,,4318,광교중앙,D18,N,06:52:56,06:53:21,,SA012,상행,2025-05-01T05:00:00,,평일
신분당선,4304,신사,D4,,20250619,신분당선,4319,광교,D19,N,신분당선,,4317,상현,D17,N,06:56:06,06:56:31,,SA012,상행,2025-05-01T05:00:00,,평일
신분당선,4304,신사,D4,,20250619,신분당선,4319,광교,D19,N,신분당선,,4316,성복,D16,N,06:59:05,06:59:35,,SA012,상행,2025-05-01T05:00:00,,평일
신분당선,4304,신사,D4,,20250619,신분당선,4319,광교,D19,N,신분당선,,4315,수지구청,D15,N,07:01:42,07:02:12,,SA012,상행,2025-05-01T05:00:00,,평일
신분당선,4304,신사,D4,,20250619,신분당선,4319,광교,D19,N,신분당선,,4314,동천,D14,N,07:04:34,07:05:04,,SA012,상행,2025-05-01T05:00:00,,평일
신분당선,4304,신사,D4,,20250619,신분당선,4319,광교,D19,N,신분당선,,4313,미금,D13,N,07:07:16,07:07:46,,SA012,상행,2025-05-01T05:00:00,,평일
신분당선,4304,신사,D4,,20250619,신분당선,4319,광교,D19,N,신분당선,,4312,정자,D12,N,07:09:46,07:10:26,,SA012,상행,2025-05-01T05:00:00,,평일
신분당선,4304,신사,D4,,20250619,신분당선,4319,광교,D19,N,신분당선,,4311,판교,D11,N,07:13:06,07:13:51,,SA012,상행,2025-05-01T05:00:00,,평일
신분당선,4304,신사,D4,,20250619,신분당선,4319,광교,D19,N,신분당선,,4310,청계산입구,D10,N,07:19:54,07:20:19,,SA012,상행,2025-05-01T05:00:00,,평일
신분당선,4304,신사,D4,,20250619,신분당선,4319,광교,D19,N,신분당선,,4309,양재시민의숲,D9,N,07:22:49,07:23:19,,SA012,상행,2025-05-01T05:00:00,,평일
신분당선,4304,신사,D4,,20250619,신분당선,4319,광교,D19,N,신분당선,,4308,양재,D8,N,07:25:03,07:25:43,,SA012,상행,2025-05-01T05:00:00,,평일
신분당선,4304,신사,D4,,20250619,신분당선,4319,광교,D19,N,신분당선,,4307,강남,D7,N,07:27:27,07:28:12,,SA012,상행,2025-05-01T05:00:00,,평일
신분당선,4304,신사,D4,,20250619,신분당선,4319,광교,D19,N,신분당선,,4306,신논현,D6,N,07:29:19,07:29:54,,SA012,상행,2025-05-01T05:00:00,,평일
신분당선,4304,신사,D4,,20250619,신분당선,4319,광교,D19,N,신분당선,,4305,논현,D5,N,07:30:59,07:31:34,,SA012,상행,2025-05-01T05:00:00,,평일
신분당선,4304,신사,D4,,20250619,신분당선,4319,광교,D19,N,신분당선,,4304,신사,D4,N,07:32:39,,,SA012,상행,2025-05-01T05:00:00,,평일
신분당선,4304,신사,D4,,20250619,신분당선,4319,광교,D19,N,신분당선,,4319,광교,D19,N,,06:55:30,,SA013,상행,2025-05-01T05:00:00,,평일
신분당선,4304,신사,D4,,20250619,신분당선,4319,광교,D19,N,신분당선,,4318,광교중앙,D18,N,06:58:26,06:58:51,,SA013,상행,2025-05-01T05:00:00,,평일
신분당선,4304,신사,D4,,20250619,신분당선,4319,광교,D19,N,신분당선,,4317,상현,D17,N,07:01:36,07:02:01,,SA013,상행,2025-05-01T05:00:00,,평일
신분당선,4304,신사,D4,,20250619,신분당선,4319,광교,D19,N,신분당선,,4316,성복,D16,N,07:04:35,07:05:05,,SA013,상행,2025-05-01T05:00:00,,평일
신분당선,4304,신사,D4,,20250619,신분당선,4319,광교,D19,N,신분당선,,4315,수지구청,D15,N,07:07:12,07:07:42,,SA013,상행,2025-05-01T05:00:00,,평일
신분당선,4304,신사,D4,,20250619,신분당선,4319,광교,D19,N,신분당선,,4314,동천,D14,N,07:10:04,07:10:34,,SA013,상행,2025-05-01T05:00:00,,평일
신분당선,4304,신사,D4,,20250619,신분당선,4319,광교,D19,N,신분당선,,4313,미금,D13,N,07:12:46,07:13:16,,SA013,상행,2025-05-01T05:00:00,,평일
신분당선,4304,신사,D4,,20250619,신분당선,4319,광교,D19,N,신분당선,,4312,정자,D12,N,07:15:16,07:15:56,,SA013,상행,2025-05-01T05:00:00,,평일
신분당선,4304,신사,D4,,20250619,신분당선,4319,광교,D19,N,신분당선,,4311,판교,D11,N,07:18:36,07:19:21,,SA013,상행,2025-05-01T05:00:00,,평일
신분당선,4304,신사,D4,,20250619,신분당선,4319,광교,D19,N,신분당선,,4310,청계산입구,D10,N,07:25:24,07:25:49,,SA013,상행,2025-05-01T05:00:00,,평일
신분당선,4304,신사,D4,,20250619,신분당선,4319,광교,D19,N,신분당선,,4309,양재시민의숲,D9,N,07:28:19,07:28:49,,SA013,상행,2025-05-01T05:00:00,,평일
신분당선,4304,신사,D4,,20250619,신분당선,4319,광교,D19,N,신분당선,,4308,양재,D8,N,07:30:33,07:31:13,,SA013,상행,2025-05-01T05:00:00,,평일
신분당선,4304,신사,D4,,20250619,신분당선,4319,광교,D19,N,신분당선,,4307,강남,D7,N,07:32:57,07:33:42,,SA013,상행,2025-05-01T05:00:00,,평일
신분당선,4304,신사,D4,,20250619,신분당선,4319,광교,D19,N,신분당선,,4306,신논현,D6,N,07:34:49,07:35:24,,SA013,상행,2025-05-01T05:00:00,,평일
신분당선,4304,신사,D4,,20250619,신분당선,4319,광교,D19,N,신분당선,,4305,논현,D5,N,07:36:29,07:37:04,,SA013,상행,2025-05-01T05:00:00,,평일
신분당선,4304,신사,D4,,20250619,신분당선,4319,광교,D19,N,신분당선,,4304,신사,D4,N,07:38:09,,,SA013,상행,2025-05-01T05:00:00,,평일
신분당선,4304,신사,D4,,20250619,신분당선,4319,광교,D19,N,신분당선,,4319,광교,D19,N,,07:00:00,,SA014,상행,2025-05-01T05:00:00,,평일
신분당선,4304,신사,D4,,20250619,신분당선,4319,광교,D19,N,신분당선,,4318,광교중앙,D18,N,07:02:56,07:03:21,,SA014,상행,2025-05-01T05:00:00,,평일
신분당선,4304,신사,D4,,20250619,신분당선,4319,광교,D19,N,신분당선,,4317,상현,D17,N,07:06:06,07:06:31,,SA014,상행,2025-05-01T05:00:00,,평일
신분당선,4304,신사,D4,,20250619,신분당선,4319,광교,D19,N,신분당선,,4316,성복,D16,N,07:09:05,07:09:35,,SA014,상행,2025-05-01T05:00:00,,평일
신분당선,4304,신사,D4,,20250619,신분당선,4319,광교,D19,N,신분당선,,4315,수지구청,D15,N,07:11:42,07:12:12,,SA014,상행,2025-05-01T05:00:00,,평일
신분당선,4304,신사,D4,,20250619,신분당선,4319,광교,D19,N,신분당선,,4314,동천,D14,N,07:14:34,07:15:04,,SA014,상행,2025-05-01T05:00:00,,평일
신분당선,4304,신사,D4,,20250619,신분당선,4319,광교,D19,N,신분당선,,4313,미금,D13,N,07:17:16,07:17:46,,SA014,상행,2025-05-01T05:00:00,,평일
신분당선,4304,신사,D4,,20250619,신분당선,4319,광교,D19,N,신분당선,,4312,정자,D12,N,07:19:46,07:20:26,,SA014,상행,2025-05-01T05:00:00,,평일
신분당선,4304,신사,D4,,20250619,신분당선,4319,광교,D19,N,신분당선,,4311,판교,D11,N,07:23:06,07:23:51,,SA014,상행,2025-05-01T05:00:00,,평일
신분당선,4304,신사,D4,,20250619,신분당선,4319,광교,D19,N,신분당선,,4310,청계산입구,D10,N,07:29:54,07:30:19,,SA014,상행,2025-05-01T05:00:00,,평일
신분당선,4304,신사,D4,,20250619,신분당선,4319,광교,D19,N,신분당선,,4309,양재시민의숲,D9,N,07:32:49,07:33:19,,SA014,상행,2025-05-01T05:00:00,,평일
신분당선,4304,신사,D4,,20250619,신분당선,4319,광교,D19,N,신분당선,,4308,양재,D8,N,07:35:03,07:35:43,,SA014,상행,2025-05-01T05:00:00,,평일
신분당선,4304,신사,D4,,20250619,신분당선,4319,광교,D19,N,신분당선,,4307,강남,D7,N,07:37:27,07:38:12,,SA014,상행,2025-05-01T05:00:00,,평일
신분당선,4304,신사,D4,,20250619,신분당선,4319,광교,D19,N,신분당선,,4306,신논현,D6,N,07:39:19,07:39:54,,SA014,상행,2025-05-01T05:00:00,,평일
신분당선,4304,신사,D4,,20250619,신분당선,4319,광교,D19,N,신분당선,,4305,논현,D5,N,07:40:59,07:41:34,,SA014,상행,2025-05-01T05:00:00,,평일
신분당선,4304,신사,D4,,20250619,신분당선,4319,광교,D19,N,신분당선,,4304,신사,D4,N,07:42:39,,,SA014,상행,2025-05-01T05:00:00,,평일
신분당선,4304,신사,D4,,20250619,신분당선,4319,광교,D19,N,신분당선,,4319,광교,D19,N,,07:06:00,,SA015,상행,2025-05-01T05:00:00,,평일
신분당선,4304,신사,D4,,20250619,신분당선,4319,광교,D19,N,신분당선,,4318,광교중앙,D18,N,07:08:56,07:09:21,,SA015,상행,2025-05-01T05:00:00,,평일
신분당선,4304,신사,D4,,20250619,신분당선,4319,광교,D19,N,신분당선,,4317,상현,D17,N,07:12:06,07:12:31,,SA015,상행,2025-05-01T05:00:00,,평일
신분당선,4304,신사,D4,,20250619,신분당선,4319,광교,D19,N,신분당선,,4316,성복,D16,N,07:15:05,07:15:35,,SA015,상행,2025-05-01T05:00:00,,평일
신분당선,4304,신사,D4,,20250619,신분당선,4319,광교,D19,N,신분당선,,4315,수지구청,D15,N,07:17:42,07:18:12,,SA015,상행,2025-05-01T05:00:00,,평일
신분당선,4304,신사,D4,,20250619,신분당선,4319,광교,D19,N,신분당선,,4314,동천,D14,N,07:20:34,07:21:04,,SA015,상행,2025-05-01T05:00:00,,평일
신분당선,4304,신사,D4,,20250619,신분당선,4319,광교,D19,N,신분당선,,4313,미금,D13,N,07:23:16,07:23:46,,SA015,상행,2025-05-01T05:00:00,,평일
신분당선,4304,신사,D4,,20250619,신분당선,4319,광교,D19,N,신분당선,,4312,정자,D12,N,07:25:46,07:26:26,,SA015,상행,2025-05-01T05:00:00,,평일
신분당선,4304,신사,D4,,20250619,신분당선,4319,광교,D19,N,신분당선,,4311,판교,D11,N,07:29:06,07:29:51,,SA015,상행,2025-05-01T05:00:00,,평일
신분당선,4304,신사,D4,,20250619,신분당선,4319,광교,D19,N,신분당선,,4310,청계산입구,D10,N,07:35:54,07:36:19,,SA015,상행,2025-05-01T05:00:00,,평일
신분당선,4304,신사,D4,,20250619,신분당선,4319,광교,D19,N,신분당선,,4309,양재시민의숲,D9,N,07:38:49,07:39:19,,SA015,상행,2025-05-01T05:00:00,,평일
신분당선,4304,신사,D4,,20250619,신분당선,4319,광교,D19,N,신분당선,,4308,양재,D8,N,07:41:03,07:41:43,,SA015,상행,2025-05-01T05:00:00,,평일
신분당선,4304,신사,D4,,20250619,신분당선,4319,광교,D19,N,신분당선,,4307,강남,D7,N,07:43:27,07:44:12,,SA015,상행,2025-05-01T05:00:00,,평일
신분당선,4304,신사,D4,,20250619,신분당선,4319,광교,D19,N,신분당선,,4306,신논현,D6,N,07:45:19,07:45:54,,SA015,상행,2025-05-01T05:00:00,,평일
신분당선,4304,신사,D4,,20250619,신분당선,4319,광교,D19,N,신분당선,,4305,논현,D5,N,07:46:59,07:47:34,,SA015,상행,2025-05-01T05:00:00,,평일
신분당선,4304,신사,D4,,20250619,신분당선,4319,광교,D19,N,신분당선,,4304,신사,D4,N,07:48:39,,,SA015,상행,2025-05-01T05:00:00,,평일
신분당선,4304,신사,D4,,20250619,신분당선,4319,광교,D19,N,신분당선,,4319,광교,D19,N,,07:11:00,,SA016,상행,2025-05-01T05:00:00,,평일
신분당선,4304,신사,D4,,20250619,신분당선,4319,광교,D19,N,신분당선,,4318,광교중앙,D18,N,07:13:56,07:14:21,,SA016,상행,2025-05-01T05:00:00,,평일
신분당선,4304,신사,D4,,20250619,신분당선,4319,광교,D19,N,신분당선,,4317,상현,D17,N,07:17:06,07:17:31,,SA016,상행,2025-05-01T05:00:00,,평일
신분당선,4304,신사,D4,,20250619,신분당선,4319,광교,D19,N,신분당선,,4316,성복,D16,N,07:20:05,07:20:35,,SA016,상행,2025-05-01T05:00:00,,평일
신분당선,4304,신사,D4,,20250619,신분당선,4319,광교,D19,N,신분당선,,4315,수지구청,D15,N,07:22:42,07:23:12,,SA016,상행,2025-05-01T05:00:00,,평일
신분당선,4304,신사,D4,,20250619,신분당선,4319,광교,D19,N,신분당선,,4314,동천,D14,N,07:25:34,07:26:04,,SA016,상행,2025-05-01T05:00:00,,평일
신분당선,4304,신사,D4,,20250619,신분당선,4319,광교,D19,N,신분당선,,4313,미금,D13,N,07:28:16,07:28:46,,SA016,상행,2025-05-01T05:00:00,,평일
신분당선,4304,신사,D4,,20250619,신분당선,4319,광교,D19,N,신분당선,,4312,정자,D12,N,07:30:46,07:31:26,,SA016,상행,2025-05-01T05:00:00,,평일
신분당선,4304,신사,D4,,20250619,신분당선,4319,광교,D19,N,신분당선,,4311,판교,D11,N,07:34:06,07:34:51,,SA016,상행,2025-05-01T05:00:00,,평일
신분당선,4304,신사,D4,,20250619,신분당선,4319,광교,D19,N,신분당선,,4310,청계산입구,D10,N,07:40:54,07:41:19,,SA016,상행,2025-05-01T05:00:00,,평일
신분당선,4304,신사,D4,,20250619,신분당선,4319,광교,D19,N,신분당선,,4309,양재시민의숲,D9,N,07:43:49,07:44:19,,SA016,상행,2025-05-01T05:00:00,,평일
신분당선,4304,신사,D4,,20250619,신분당선,4319,광교,D19,N,신분당선,,4308,양재,D8,N,07:46:03,07:46:43,,SA016,상행,2025-05-01T05:00:00,,평일
신분당선,4304,신사,D4,,20250619,신분당선,4319,광교,D19,N,신분당선,,4307,강남,D7,N,07:48:27,07:49:12,,SA016,상행,2025-05-01T05:00:00,,평일
신분당선,4304,신사,D4,,20250619,신분당선,4319,광교,D19,N,신분당선,,4306,신논현,D6,N,07:50:19,07:50:54,,SA016,상행,2025-05-01T05:00:00,,평일
신분당선,4304,신사,D4,,20250619,신분당선,4319,광교,D19,N,신분당선,,4305,논현,D5,N,07:51:59,07:52:34,,SA016,상행,2025-05-01T05:00:00,,평일
신분당선,4304,신사,D4,,20250619,신분당선,4319,광교,D19,N,신분당선,,4304,신사,D4,N,07:53:39,,,SA016,상행,2025-05-01T05:00:00,,평일
신분당선,4304,신사,D4,,20250619,신분당선,4319,광교,D19,N,신분당선,,4319,광교,D19,N,,07:16:00,,SA017,상행,2025-05-01T05:00:00,,평일
신분당선,4304,신사,D4,,20250619,신분당선,4319,광교,D19,N,신분당선,,4318,광교중앙,D18,N,07:18:56,07:19:21,,SA017,상행,2025-05-01T05:00:00,,평일
신분당선,4304,신사,D4,,20250619,신분당선,4319,광교,D19,N,신분당선,,4317,상현,D17,N,07:22:06,07:22:31,,SA017,상행,2025-05-01T05:00:00,,평일
신분당선,4304,신사,D4,,20250619,신분당선,4319,광교,D19,N,신분당선,,4316,성복,D16,N,07:25:05,07:25:35,,SA017,상행,2025-05-01T05:00:00,,평일
신분당선,4304,신사,D4,,20250619,신분당선,4319,광교,D19,N,신분당선,,4315,수지구청,D15,N,07:27:42,07:28:12,,SA017,상행,2025-05-01T05:00:00,,평일
신분당선,4304,신사,D4,,20250619,신분당선,4319,광교,D19,N,신분당선,,4314,동천,D14,N,07:30:34,07:31:04,,SA017,상행,2025-05-01T05:00:00,,평일
신분당선,4304,신사,D4,,20250619,신분당선,4319,광교,D19,N,신분당선,,4313,미금,D13,N,07:33:16,07:33:46,,SA017,상행,2025-05-01T05:00:00,,평일
신분당선,4304,신사,D4,,20250619,신분당선,4319,광교,D19,N,신분당선,,4312,정자,D12,N,07:35:46,07:36:26,,SA017,상행,2025-05-01T05:00:00,,평일
신분당선,4304,신사,D4,,20250619,신분당선,4319,광교,D19,N,신분당선,,4311,판교,D11,N,07:39:06,07:39:51,,SA017,상행,2025-05-01T05:00:00,,평일
신분당선,4304,신사,D4,,20250619,신분당선,4319,광교,D19,N,신분당선,,4310,청계산입구,D10,N,07:45:54,07:46:19,,SA017,상행,2025-05-01T05:00:00,,평일
신분당선,4304,신사,D4,,20250619,신분당선,4319,광교,D19,N,신분당선,,4309,양재시민의숲,D9,N,07:48:49,07:49:19,,SA017,상행,2025-05-01T05:00:00,,평일
신분당선,4304,신사,D4,,20250619,신분당선,4319,광교,D19,N,신분당선,,4308,양재,D8,N,07:51:03,07:51:43,,SA017,상행,2025-05-01T05:00:00,,평일
신분당선,4304,신사,D4,,20250619,신분당선,4319,광교,D19,N,신분당선,,4307,강남,D7,N,07:53:27,07:54:12,,SA017,상행,2025-05-01T05:00:00,,평일
신분당선,4304,신사,D4,,20250619,신분당선,4319,광교,D19,N,신분당선,,4306,신논현,D6,N,07:55:19,07:55:54,,SA017,상행,2025-05-01T05:00:00,,평일
신분당선,4304,신사,D4,,20250619,신분당선,4319,광교,D19,N,신분당선,,4305,논현,D5,N,07:56:59,07:57:34,,SA017,상행,2025-05-01T05:00:00,,평일
신분당선,4304,신사,D4,,20250619,신분당선,4319,광교,D19,N,신분당선,,4304,신사,D4,N,07:58:39,,,SA017,상행,2025-05-01T05:00:00,,평일
신분당선,4304,신사,D4,,20250619,신분당선,4319,광교,D19,N,신분당선,,4319,광교,D19,N,,07:21:00,,SA018,상행,2025-05-01T05:00:00,,평일
신분당선,4304,신사,D4,,20250619,신분당선,4319,광교,D19,N,신분당선,,4318,광교중앙,D18,N,07:23:56,07:24:21,,SA018,상행,2025-05-01T05:00:00,,평일
신분당선,4304,신사,D4,,20250619,신분당선,4319,광교,D19,N,신분당선,,4317,상현,D17,N,07:27:06,07:27:31,,SA018,상행,2025-05-01T05:00:00,,평일
신분당선,4304,신사,D4,,20250619,신분당선,4319,광교,D19,N,신분당선,,4316,성복,D16,N,07:30:05,07:30:35,,SA018,상행,2025-05-01T05:00:00,,평일
신분당선,4304,신사,D4,,20250619,신분당선,4319,광교,D19,N,신분당선,,4315,수지구청,D15,N,07:32:42,07:33:12,,SA018,상행,2025-05-01T05:00:00,,평일
신분당선,4304,신사,D4,,20250619,신분당선,4319,광교,D19,N,신분당선,,4314,동천,D14,N,07:35:34,07:36:04,,SA018,상행,2025-05-01T05:00:00,,평일
신분당선,4304,신사,D4,,20250619,신분당선,4319,광교,D19,N,신분당선,,4313,미금,D13,N,07:38:16,07:38:46,,SA018,상행,2025-05-01T05:00:00,,평일
신분당선,4304,신사,D4,,20250619,신분당선,4319,광교,D19,N,신분당선,,4312,정자,D12,N,07:40:46,07:41:26,,SA018,상행,2025-05-01T05:00:00,,평일
신분당선,4304,신사,D4,,20250619,신분당선,4319,광교,D19,N,신분당선,,4311,판교,D11,N,07:44:06,07:44:51,,SA018,상행,2025-05-01T05:00:00,,평일
신분당선,4304,신사,D4,,20250619,신분당선,4319,광교,D19,N,신분당선,,4310,청계산입구,D10,N,07:50:54,07:51:19,,SA018,상행,2025-05-01T05:00:00,,평일
신분당선,4304,신사,D4,,20250619,신분당선,4319,광교,D19,N,신분당선,,4309,양재시민의숲,D9,N,07:53:49,07:54:19,,SA018,상행,2025-05-01T05:00:00,,평일
신분당선,4304,신사,D4,,20250619,신분당선,4319,광교,D19,N,신분당선,,4308,양재,D8,N,07:56:03,07:56:43,,SA018,상행,2025-05-01T05:00:00,,평일
신분당선,4304,신사,D4,,20250619,신분당선,4319,광교,D19,N,신분당선,,4307,강남,D7,N,07:58:27,07:59:12,,SA018,상행,2025-05-01T05:00:00,,평일
신분당선,4304,신사,D4,,20250619,신분당선,4319,광교,D19,N,신분당선,,4306,신논현,D6,N,08:00:19,08:00:54,,SA018,상행,2025-05-01T05:00:00,,평일
신분당선,4304,신사,D4,,20250619,신분당선,4319,광교,D19,N,신분당선,,4305,논현,D5,N,08:01:59,08:02:34,,SA018,상행,2025-05-01T05:00:00,,평일
신분당선,4304,신사,D4,,20250619,신분당선,4319,광교,D19,N,신분당선,,4304,신사,D4,N,08:03:39,,,SA018,상행,2025-05-01T05:00:00,,평일
신분당선,4304,신사,D4,,20250619,신분당선,4319,광교,D19,N,신분당선,,4319,광교,D19,N,,07:26:00,,SA019,상행,2025-05-01T05:00:00,,평일
신분당선,4304,신사,D4,,20250619,신분당선,4319,광교,D19,N,신분당선,,4318,광교중앙,D18,N,07:28:56,07:29:21,,SA019,상행,2025-05-01T05:00:00,,평일
신분당선,4304,신사,D4,,20250619,신분당선,4319,광교,D19,N,신분당선,,4317,상현,D17,N,07:32:06,07:32:31,,SA019,상행,2025-05-01T05:00:00,,평일
신분당선,4304,신사,D4,,20250619,신분당선,4319,광교,D19,N,신분당선,,4316,성복,D16,N,07:35:05,07:35:35,,SA019,상행,2025-05-01T05:00:00,,평일
신분당선,4304,신사,D4,,20250619,신분당선,4319,광교,D19,N,신분당선,,4315,수지구청,D15,N,07:37:42,07:38:12,,SA019,상행,2025-05-01T05:00:00,,평일
신분당선,4304,신사,D4,,20250619,신분당선,4319,광교,D19,N,신분당선,,4314,동천,D14,N,07:40:34,07:41:04,,SA019,상행,2025-05-01T05:00:00,,평일
신분당선,4304,신사,D4,,20250619,신분당선,4319,광교,D19,N,신분당선,,4313,미금,D13,N,07:43:16,07:43:46,,SA019,상행,2025-05-01T05:00:00,,평일
신분당선,4304,신사,D4,,20250619,신분당선,4319,광교,D19,N,신분당선,,4312,정자,D12,N,07:45:46,07:46:26,,SA019,상행,2025-05-01T05:00:00,,평일
신분당선,4304,신사,D4,,20250619,신분당선,4319,광교,D19,N,신분당선,,4311,판교,D11,N,07:49:06,07:49:51,,SA019,상행,2025-05-01T05:00:00,,평일
신분당선,4304,신사,D4,,20250619,신분당선,4319,광교,D19,N,신분당선,,4310,청계산입구,D10,N,07:55:54,07:56:19,,SA019,상행,2025-05-01T05:00:00,,평일
신분당선,4304,신사,D4,,20250619,신분당선,4319,광교,D19,N,신분당선,,4309,양재시민의숲,D9,N,07:58:49,07:59:19,,SA019,상행,2025-05-01T05:00:00,,평일
신분당선,4304,신사,D4,,20250619,신분당선,4319,광교,D19,N,신분당선,,4308,양재,D8,N,08:01:03,08:01:43,,SA019,상행,2025-05-01T05:00:00,,평일
신분당선,4304,신사,D4,,20250619,신분당선,4319,광교,D19,N,신분당선,,4307,강남,D7,N,08:03:27,08:04:12,,SA019,상행,2025-05-01T05:00:00,,평일
신분당선,4304,신사,D4,,20250619,신분당선,4319,광교,D19,N,신분당선,,4306,신논현,D6,N,08:05:19,08:05:54,,SA019,상행,2025-05-01T05:00:00,,평일
신분당선,4304,신사,D4,,20250619,신분당선,4319,광교,D19,N,신분당선,,4305,논현,D5,N,08:06:59,08:07:34,,SA019,상행,2025-05-01T05:00:00,,평일
신분당선,4304,신사,D4,,20250619,신분당선,4319,광교,D19,N,신분당선,,4304,신사,D4,N,08:08:39,,,SA019,상행,2025-05-01T05:00:00,,평일
신분당선,4304,신사,D4,,20250619,신분당선,4319,광교,D19,N,신분당선,,4319,광교,D19,N,,07:31:00,,SA020,상행,2025-05-01T05:00:00,,평일
신분당선,4304,신사,D4,,20250619,신분당선,4319,광교,D19,N,신분당선,,4318,광교중앙,D18,N,07:33:56,07:34:21,,SA020,상행,2025-05-01T05:00:00,,평일
신분당선,4304,신사,D4,,20250619,신분당선,4319,광교,D19,N,신분당선,,4317,상현,D17,N,07:37:06,07:37:31,,SA020,상행,2025-05-01T05:00:00,,평일
신분당선,4304,신사,D4,,20250619,신분당선,4319,광교,D19,N,신분당선,,4316,성복,D16,N,07:40:05,07:40:35,,SA020,상행,2025-05-01T05:00:00,,평일
신분당선,4304,신사,D4,,20250619,신분당선,4319,광교,D19,N,신분당선,,4315,수지구청,D15,N,07:42:42,07:43:12,,SA020,상행,2025-05-01T05:00:00,,평일
신분당선,4304,신사,D4,,20250619,신분당선,4319,광교,D19,N,신분당선,,4314,동천,D14,N,07:45:34,07:46:04,,SA020,상행,2025-05-01T05:00:00,,평일
신분당선,4304,신사,D4,,20250619,신분당선,4319,광교,D19,N,신분당선,,4313,미금,D13,N,07:48:16,07:48:46,,SA020,상행,2025-05-01T05:00:00,,평일
신분당선,4304,신사,D4,,20250619,신분당선,4319,광교,D19,N,신분당선,,4312,정자,D12,N,07:50:46,07:51:26,,SA020,상행,2025-05-01T05:00:00,,평일
신분당선,4304,신사,D4,,20250619,신분당선,4319,광교,D19,N,신분당선,,4311,판교,D11,N,07:54:06,07:54:51,,SA020,상행,2025-05-01T05:00:00,,평일
신분당선,4304,신사,D4,,20250619,신분당선,4319,광교,D19,N,신분당선,,4310,청계산입구,D10,N,08:00:54,08:01:19,,SA020,상행,2025-05-01T05:00:00,,평일
신분당선,4304,신사,D4,,20250619,신분당선,4319,광교,D19,N,신분당선,,4309,양재시민의숲,D9,N,08:03:49,08:04:19,,SA020,상행,2025-05-01T05:00:00,,평일
신분당선,4304,신사,D4,,20250619,신분당선,4319,광교,D19,N,신분당선,,4308,양재,D8,N,08:06:03,08:06:43,,SA020,상행,2025-05-01T05:00:00,,평일
신분당선,4304,신사,D4,,20250619,신분당선,4319,광교,D19,N,신분당선,,4307,강남,D7,N,08:08:27,08:09:12,,SA020,상행,2025-05-01T05:00:00,,평일
신분당선,4304,신사,D4,,20250619,신분당선,4319,광교,D19,N,신분당선,,4306,신논현,D6,N,08:10:19,08:10:54,,SA020,상행,2025-05-01T05:00:00,,평일
신분당선,4304,신사,D4,,20250619,신분당선,4319,광교,D19,N,신분당선,,4305,논현,D5,N,08:11:59,08:12:34,,SA020,상행,2025-05-01T05:00:00,,평일
신분당선,4304,신사,D4,,20250619,신분당선,4319,광교,D19,N,신분당선,,4304,신사,D4,N,08:13:39,,,SA020,상행,2025-05-01T05:00:00,,평일
신분당선,4304,신사,D4,,20250619,신분당선,4319,광교,D19,N,신분당선,,4319,광교,D19,N,,07:36:00,,SA021,상행,2025-05-01T05:00:00,,평일
신분당선,4304,신사,D4,,20250619,신분당선,4319,광교,D19,N,신분당선,,4318,광교중앙,D18,N,07:38:56,07:39:21,,SA021,상행,2025-05-01T05:00:00,,평일
신분당선,4304,신사,D4,,20250619,신분당선,4319,광교,D19,N,신분당선,,4317,상현,D17,N,07:42:06,07:42:31,,SA021,상행,2025-05-01T05:00:00,,평일
신분당선,4304,신사,D4,,20250619,신분당선,4319,광교,D19,N,신분당선,,4316,성복,D16,N,07:45:05,07:45:35,,SA021,상행,2025-05-01T05:00:00,,평일
신분당선,4304,신사,D4,,20250619,신분당선,4319,광교,D19,N,신분당선,,4315,수지구청,D15,N,07:47:42,07:48:12,,SA021,상행,2025-05-01T05:00:00,,평일
신분당선,4304,신사,D4,,20250619,신분당선,4319,광교,D19,N,신분당선,,4314,동천,D14,N,07:50:34,07:51:04,,SA021,상행,2025-05-01T05:00:00,,평일
신분당선,4304,신사,D4,,20250619,신분당선,4319,광교,D19,N,신분당선,,4313,미금,D13,N,07:53:16,07:53:46,,SA021,상행,2025-05-01T05:00:00,,평일
신분당선,4304,신사,D4,,20250619,신분당선,4319,광교,D19,N,신분당선,,4312,정자,D12,N,07:55:46,07:56:26,,SA021,상행,2025-05-01T05:00:00,,평일
신분당선,4304,신사,D4,,20250619,신분당선,4319,광교,D19,N,신분당선,,4311,판교,D11,N,07:59:06,07:59:51,,SA021,상행,2025-05-01T05:00:00,,평일
신분당선,4304,신사,D4,,20250619,신분당선,4319,광교,D19,N,신분당선,,4310,청계산입구,D10,N,08:05:54,08:06:19,,SA021,상행,2025-05-01T05:00:00,,평일
신분당선,4304,신사,D4,,20250619,신분당선,4319,광교,D19,N,신분당선,,4309,양재시민의숲,D9,N,08:08:49,08:09:19,,SA021,상행,2025-05-01T05:00:00,,평일
신분당선,4304,신사,D4,,20250619,신분당선,4319,광교,D19,N,신분당선,,4308,양재,D8,N,08:11:03,08:11:43,,SA021,상행,2025-05-01T05:00:00,,평일
신분당선,4304,신사,D4,,20250619,신분당선,4319,광교,D19,N,신분당선,,4307,강남,D7,N,08:13:27,08:14:12,,SA021,상행,2025-05-01T05:00:00,,평일
신분당선,4304,신사,D4,,20250619,신분당선,4319,광교,D19,N,신분당선,,4306,신논현,D6,N,08:15:19,08:15:54,,SA021,상행,2025-05-01T05:00:00,,평일
신분당선,4304,신사,D4,,20250619,신분당선,4319,광교,D19,N,신분당선,,4305,논현,D5,N,08:16:59,08:17:34,,SA021,상행,2025-05-01T05:00:00,,평일
신분당선,4304,신사,D4,,20250619,신분당선,4319,광교,D19,N,신분당선,,4304,신사,D4,N,08:18:39,,,SA021,상행,2025-05-01T05:00:00,,평일
신분당선,4304,신사,D4,,20250619,신분당선,4319,광교,D19,N,신분당선,,4319,광교,D19,N,,07:41:00,,SA022,상행,2025-05-01T05:00:00,,평일
신분당선,4304,신사,D4,,20250619,신분당선,4319,광교,D19,N,신분당선,,4318,광교중앙,D18,N,07:43:56,07:44:21,,SA022,상행,2025-05-01T05:00:00,,평일
신분당선,4304,신사,D4,,20250619,신분당선,4319,광교,D19,N,신분당선,,4317,상현,D17,N,07:47:06,07:47:31,,SA022,상행,2025-05-01T05:00:00,,평일
신분당선,4304,신사,D4,,20250619,신분당선,4319,광교,D19,N,신분당선,,4316,성복,D16,N,07:50:05,07:50:35,,SA022,상행,2025-05-01T05:00:00,,평일
신분당선,4304,신사,D4,,20250619,신분당선,4319,광교,D19,N,신분당선,,4315,수지구청,D15,N,07:52:42,07:53:12,,SA022,상행,2025-05-01T05:00:00,,평일
신분당선,4304,신사,D4,,20250619,신분당선,4319,광교,D19,N,신분당선,,4314,동천,D14,N,07:55:34,07:56:04,,SA022,상행,2025-05-01T05:00:00,,평일
신분당선,4304,신사,D4,,20250619,신분당선,4319,광교,D19,N,신분당선,,4313,미금,D13,N,07:58:16,07:58:46,,SA022,상행,2025-05-01T05:00:00,,평일
신분당선,4304,신사,D4,,20250619,신분당선,4319,광교,D19,N,신분당선,,4312,정자,D12,N,08:00:46,08:01:26,,SA022,상행,2025-05-01T05:00:00,,평일
신분당선,4304,신사,D4,,20250619,신분당선,4319,광교,D19,N,신분당선,,4311,판교,D11,N,08:04:06,08:04:51,,SA022,상행,2025-05-01T05:00:00,,평일
신분당선,4304,신사,D4,,20250619,신분당선,4319,광교,D19,N,신분당선,,4310,청계산입구,D10,N,08:10:54,08:11:19,,SA022,상행,2025-05-01T05:00:00,,평일
신분당선,4304,신사,D4,,20250619,신분당선,4319,광교,D19,N,신분당선,,4309,양재시민의숲,D9,N,08:13:49,08:14:19,,SA022,상행,2025-05-01T05:00:00,,평일
신분당선,4304,신사,D4,,20250619,신분당선,4319,광교,D19,N,신분당선,,4308,양재,D8,N,08:16:03,08:16:43,,SA022,상행,2025-05-01T05:00:00,,평일
신분당선,4304,신사,D4,,20250619,신분당선,4319,광교,D19,N,신분당선,,4307,강남,D7,N,08:18:27,08:19:12,,SA022,상행,2025-05-01T05:00:00,,평일
신분당선,4304,신사,D4,,20250619,신분당선,4319,광교,D19,N,신분당선,,4306,신논현,D6,N,08:20:19,08:20:54,,SA022,상행,2025-05-01T05:00:00,,평일
신분당선,4304,신사,D4,,20250619,신분당선,4319,광교,D19,N,신분당선,,4305,논현,D5,N,08:21:59,08:22:34,,SA022,상행,2025-05-01T05:00:00,,평일
신분당선,4304,신사,D4,,20250619,신분당선,4319,광교,D19,N,신분당선,,4304,신사,D4,N,08:23:39,,,SA022,상행,2025-05-01T05:00:00,,평일
신분당선,4304,신사,D4,,20250619,신분당선,4319,광교,D19,N,신분당선,,4319,광교,D19,N,,07:46:00,,SA023,상행,2025-05-01T05:00:00,,평일
신분당선,4304,신사,D4,,20250619,신분당선,4319,광교,D19,N,신분당선,,4318,광교중앙,D18,N,07:48:56,07:49:21,,SA023,상행,2025-05-01T05:00:00,,평일
신분당선,4304,신사,D4,,20250619,신분당선,4319,광교,D19,N,신분당선,,4317,상현,D17,N,07:52:06,07:52:31,,SA023,상행,2025-05-01T05:00:00,,평일
신분당선,4304,신사,D4,,20250619,신분당선,4319,광교,D19,N,신분당선,,4316,성복,D16,N,07:55:05,07:55:35,,SA023,상행,2025-05-01T05:00:00,,평일
신분당선,4304,신사,D4,,20250619,신분당선,4319,광교,D19,N,신분당선,,4315,수지구청,D15,N,07:57:42,07:58:12,,SA023,상행,2025-05-01T05:00:00,,평일
신분당선,4304,신사,D4,,20250619,신분당선,4319,광교,D19,N,신분당선,,4314,동천,D14,N,08:00:34,08:01:04,,SA023,상행,2025-05-01T05:00:00,,평일
신분당선,4304,신사,D4,,20250619,신분당선,4319,광교,D19,N,신분당선,,4313,미금,D13,N,08:03:16,08:03:46,,SA023,상행,2025-05-01T05:00:00,,평일
신분당선,4304,신사,D4,,20250619,신분당선,4319,광교,D19,N,신분당선,,4312,정자,D12,N,08:05:46,08:06:26,,SA023,상행,2025-05-01T05:00:00,,평일
신분당선,4304,신사,D4,,20250619,신분당선,4319,광교,D19,N,신분당선,,4311,판교,D11,N,08:09:06,08:09:51,,SA023,상행,2025-05-01T05:00:00,,평일
신분당선,4304,신사,D4,,20250619,신분당선,4319,광교,D19,N,신분당선,,4310,청계산입구,D10,N,08:15:54,08:16:19,,SA023,상행,2025-05-01T05:00:00,,평일
신분당선,4304,신사,D4,,20250619,신분당선,4319,광교,D19,N,신분당선,,4309,양재시민의숲,D9,N,08:18:49,08:19:19,,SA023,상행,2025-05-01T05:00:00,,평일
신분당선,4304,신사,D4,,20250619,신분당선,4319,광교,D19,N,신분당선,,4308,양재,D8,N,08:21:03,08:21:43,,SA023,상행,2025-05-01T05:00:00,,평일
신분당선,4304,신사,D4,,20250619,신분당선,4319,광교,D19,N,신분당선,,4307,강남,D7,N,08:23:27,08:24:12,,SA023,상행,2025-05-01T05:00:00,,평일
신분당선,4304,신사,D4,,20250619,신분당선,4319,광교,D19,N,신분당선,,4306,신논현,D6,N,08:25:19,08:25:54,,SA023,상행,2025-05-01T05:00:00,,평일
신분당선,4304,신사,D4,,20250619,신분당선,4319,광교,D19,N,신분당선,,4305,논현,D5,N,08:26:59,08:27:34,,SA023,상행,2025-05-01T05:00:00,,평일
신분당선,4304,신사,D4,,20250619,신분당선,4319,광교,D19,N,신분당선,,4304,신사,D4,N,08:28:39,,,SA023,상행,2025-05-01T05:00:00,,평일
신분당선,4304,신사,D4,,20250619,신분당선,4319,광교,D19,N,신분당선,,4319,광교,D19,N,,07:51:00,,SA024,상행,2025-05-01T05:00:00,,평일
신분당선,4304,신사,D4,,20250619,신분당선,4319,광교,D19,N,신분당선,,4318,광교중앙,D18,N,07:53:56,07:54:21,,SA024,상행,2025-05-01T05:00:00,,평일
신분당선,4304,신사,D4,,20250619,신분당선,4319,광교,D19,N,신분당선,,4317,상현,D17,N,07:57:06,07:57:31,,SA024,상행,2025-05-01T05:00:00,,평일
신분당선,4304,신사,D4,,20250619,신분당선,4319,광교,D19,N,신분당선,,4316,성복,D16,N,08:00:05,08:00:35,,SA024,상행,2025-05-01T05:00:00,,평일
신분당선,4304,신사,D4,,20250619,신분당선,4319,광교,D19,N,신분당선,,4315,수지구청,D15,N,08:02:42,08:03:12,,SA024,상행,2025-05-01T05:00:00,,평일
신분당선,4304,신사,D4,,20250619,신분당선,4319,광교,D19,N,신분당선,,4314,동천,D14,N,08:05:34,08:06:04,,SA024,상행,2025-05-01T05:00:00,,평일
신분당선,4304,신사,D4,,20250619,신분당선,4319,광교,D19,N,신분당선,,4313,미금,D13,N,08:08:16,08:08:46,,SA024,상행,2025-05-01T05:00:00,,평일
신분당선,4304,신사,D4,,20250619,신분당선,4319,광교,D19,N,신분당선,,4312,정자,D12,N,08:10:46,08:11:26,,SA024,상행,2025-05-01T05:00:00,,평일
신분당선,4304,신사,D4,,20250619,신분당선,4319,광교,D19,N,신분당선,,4311,판교,D11,N,08:14:06,08:14:51,,SA024,상행,2025-05-01T05:00:00,,평일
신분당선,4304,신사,D4,,20250619,신분당선,4319,광교,D19,N,신분당선,,4310,청계산입구,D10,N,08:20:54,08:21:19,,SA024,상행,2025-05-01T05:00:00,,평일
신분당선,4304,신사,D4,,20250619,신분당선,4319,광교,D19,N,신분당선,,4309,양재시민의숲,D9,N,08:23:49,08:24:19,,SA024,상행,2025-05-01T05:00:00,,평일
신분당선,4304,신사,D4,,20250619,신분당선,4319,광교,D19,N,신분당선,,4308,양재,D8,N,08:26:03,08:26:43,,SA024,상행,2025-05-01T05:00:00,,평일
신분당선,4304,신사,D4,,20250619,신분당선,4319,광교,D19,N,신분당선,,4307,강남,D7,N,08:28:27,08:29:12,,SA024,상행,2025-05-01T05:00:00,,평일
신분당선,4304,신사,D4,,20250619,신분당선,4319,광교,D19,N,신분당선,,4306,신논현,D6,N,08:30:19,08:30:54,,SA024,상행,2025-05-01T05:00:00,,평일
신분당선,4304,신사,D4,,20250619,신분당선,4319,광교,D19,N,신분당선,,4305,논현,D5,N,08:31:59,08:32:34,,SA024,상행,2025-05-01T05:00:00,,평일
신분당선,4304,신사,D4,,20250619,신분당선,4319,광교,D19,N,신분당선,,4304,신사,D4,N,08:33:39,,,SA024,상행,2025-05-01T05:00:00,,평일
신분당선,4304,신사,D4,,20250619,신분당선,4319,광교,D19,N,신분당선,,4319,광교,D19,N,,07:56:00,,SA025,상행,2025-05-01T05:00:00,,평일
신분당선,4304,신사,D4,,20250619,신분당선,4319,광교,D19,N,신분당선,,4318,광교중앙,D18,N,07:58:56,07:59:21,,SA025,상행,2025-05-01T05:00:00,,평일
신분당선,4304,신사,D4,,20250619,신분당선,4319,광교,D19,N,신분당선,,4317,상현,D17,N,08:02:06,08:02:31,,SA025,상행,2025-05-01T05:00:00,,평일
신분당선,4304,신사,D4,,20250619,신분당선,4319,광교,D19,N,신분당선,,4316,성복,D16,N,08:05:05,08:05:35,,SA025,상행,2025-05-01T05:00:00,,평일
신분당선,4304,신사,D4,,20250619,신분당선,4319,광교,D19,N,신분당선,,4315,수지구청,D15,N,08:07:42,08:08:12,,SA025,상행,2025-05-01T05:00:00,,평일
신분당선,4304,신사,D4,,20250619,신분당선,4319,광교,D19,N,신분당선,,4314,동천,D14,N,08:10:34,08:11:04,,SA025,상행,2025-05-01T05:00:00,,평일
신분당선,4304,신사,D4,,20250619,신분당선,4319,광교,D19,N,신분당선,,4313,미금,D13,N,08:13:16,08:13:46,,SA025,상행,2025-05-01T05:00:00,,평일
신분당선,4304,신사,D4,,20250619,신분당선,4319,광교,D19,N,신분당선,,4312,정자,D12,N,08:15:46,08:16:26,,SA025,상행,2025-05-01T05:00:00,,평일
신분당선,4304,신사,D4,,20250619,신분당선,4319,광교,D19,N,신분당선,,4311,판교,D11,N,08:19:06,08:19:51,,SA025,상행,2025-05-01T05:00:00,,평일
신분당선,4304,신사,D4,,20250619,신분당선,4319,광교,D19,N,신분당선,,4310,청계산입구,D10,N,08:25:54,08:26:19,,SA025,상행,2025-05-01T05:00:00,,평일
신분당선,4304,신사,D4,,20250619,신분당선,4319,광교,D19,N,신분당선,,4309,양재시민의숲,D9,N,08:28:49,08:29:19,,SA025,상행,2025-05-01T05:00:00,,평일
신분당선,4304,신사,D4,,20250619,신분당선,4319,광교,D19,N,신분당선,,4308,양재,D8,N,08:31:03,08:31:43,,SA025,상행,2025-05-01T05:00:00,,평일
신분당선,4304,신사,D4,,20250619,신분당선,4319,광교,D19,N,신분당선,,4307,강남,D7,N,08:33:27,08:34:12,,SA025,상행,2025-05-01T05:00:00,,평일
신분당선,4304,신사,D4,,20250619,신분당선,4319,광교,D19,N,신분당선,,4306,신논현,D6,N,08:35:19,08:35:54,,SA025,상행,2025-05-01T05:00:00,,평일
신분당선,4304,신사,D4,,20250619,신분당선,4319,광교,D19,N,신분당선,,4305,논현,D5,N,08:36:59,08:37:34,,SA025,상행,2025-05-01T05:00:00,,평일
신분당선,4304,신사,D4,,20250619,신분당선,4319,광교,D19,N,신분당선,,4304,신사,D4,N,08:38:39,,,SA025,상행,2025-05-01T05:00:00,,평일
신분당선,4304,신사,D4,,20250619,신분당선,4319,광교,D19,N,신분당선,,4319,광교,D19,N,,08:00:00,,SA026,상행,2025-05-01T05:00:00,,평일
신분당선,4304,신사,D4,,20250619,신분당선,4319,광교,D19,N,신분당선,,4318,광교중앙,D18,N,08:02:56,08:03:21,,SA026,상행,2025-05-01T05:00:00,,평일
신분당선,4304,신사,D4,,20250619,신분당선,4319,광교,D19,N,신분당선,,4317,상현,D17,N,08:06:06,08:06:31,,SA026,상행,2025-05-01T05:00:00,,평일
신분당선,4304,신사,D4,,20250619,신분당선,4319,광교,D19,N,신분당선,,4316,성복,D16,N,08:09:05,08:09:35,,SA026,상행,2025-05-01T05:00:00,,평일
신분당선,4304,신사,D4,,20250619,신분당선,4319,광교,D19,N,신분당선,,4315,수지구청,D15,N,08:11:42,08:12:12,,SA026,상행,2025-05-01T05:00:00,,평일
신분당선,4304,신사,D4,,20250619,신분당선,4319,광교,D19,N,신분당선,,4314,동천,D14,N,08:14:34,08:15:04,,SA026,상행,2025-05-01T05:00:00,,평일
신분당선,4304,신사,D4,,20250619,신분당선,4319,광교,D19,N,신분당선,,4313,미금,D13,N,08:17:16,08:17:46,,SA026,상행,2025-05-01T05:00:00,,평일
신분당선,4304,신사,D4,,20250619,신분당선,4319,광교,D19,N,신분당선,,4312,정자,D12,N,08:19:46,08:20:26,,SA026,상행,2025-05-01T05:00:00,,평일
신분당선,4304,신사,D4,,20250619,신분당선,4319,광교,D19,N,신분당선,,4311,판교,D11,N,08:23:06,08:23:51,,SA026,상행,2025-05-01T05:00:00,,평일
신분당선,4304,신사,D4,,20250619,신분당선,4319,광교,D19,N,신분당선,,4310,청계산입구,D10,N,08:29:54,08:30:19,,SA026,상행,2025-05-01T05:00:00,,평일
신분당선,4304,신사,D4,,20250619,신분당선,4319,광교,D19,N,신분당선,,4309,양재시민의숲,D9,N,08:32:49,08:33:19,,SA026,상행,2025-05-01T05:00:00,,평일
신분당선,4304,신사,D4,,20250619,신분당선,4319,광교,D19,N,신분당선,,4308,양재,D8,N,08:35:03,08:35:43,,SA026,상행,2025-05-01T05:00:00,,평일
신분당선,4304,신사,D4,,20250619,신분당선,4319,광교,D19,N,신분당선,,4307,강남,D7,N,08:37:27,08:38:12,,SA026,상행,2025-05-01T05:00:00,,평일
신분당선,4304,신사,D4,,20250619,신분당선,4319,광교,D19,N,신분당선,,4306,신논현,D6,N,08:39:19,08:39:54,,SA026,상행,2025-05-01T05:00:00,,평일
신분당선,4304,신사,D4,,20250619,신분당선,4319,광교,D19,N,신분당선,,4305,논현,D5,N,08:40:59,08:41:34,,SA026,상행,2025-05-01T05:00:00,,평일
신분당선,4304,신사,D4,,20250619,신분당선,4319,광교,D19,N,신분당선,,4304,신사,D4,N,08:42:39,,,SA026,상행,2025-05-01T05:00:00,,평일
신분당선,4304,신사,D4,,20250619,신분당선,4319,광교,D19,N,신분당선,,4319,광교,D19,N,,08:05:00,,SA027,상행,2025-05-01T05:00:00,,평일
신분당선,4304,신사,D4,,20250619,신분당선,4319,광교,D19,N,신분당선,,4318,광교중앙,D18,N,08:07:56,08:08:21,,SA027,상행,2025-05-01T05:00:00,,평일
신분당선,4304,신사,D4,,20250619,신분당선,4319,광교,D19,N,신분당선,,4317,상현,D17,N,08:11:06,08:11:31,,SA027,상행,2025-05-01T05:00:00,,평일
신분당선,4304,신사,D4,,20250619,신분당선,4319,광교,D19,N,신분당선,,4316,성복,D16,N,08:14:05,08:14:35,,SA027,상행,2025-05-01T05:00:00,,평일
신분당선,4304,신사,D4,,20250619,신분당선,4319,광교,D19,N,신분당선,,4315,수지구청,D15,N,08:16:42,08:17:12,,SA027,상행,2025-05-01T05:00:00,,평일
신분당선,4304,신사,D4,,20250619,신분당선,4319,광교,D19,N,신분당선,,4314,동천,D14,N,08:19:34,08:20:04,,SA027,상행,2025-05-01T05:00:00,,평일
신분당선,4304,신사,D4,,20250619,신분당선,4319,광교,D19,N,신분당선,,4313,미금,D13,N,08:22:16,08:22:46,,SA027,상행,2025-05-01T05:00:00,,평일
신분당선,4304,신사,D4,,20250619,신분당선,4319,광교,D19,N,신분당선,,4312,정자,D12,N,08:24:46,08:25:26,,SA027,상행,2025-05-01T05:00:00,,평일
신분당선,4304,신사,D4,,20250619,신분당선,4319,광교,D19,N,신분당선,,4311,판교,D11,N,08:28:06,08:28:51,,SA027,상행,2025-05-01T05:00:00,,평일
신분당선,4304,신사,D4,,20250619,신분당선,4319,광교,D19,N,신분당선,,4310,청계산입구,D10,N,08:34:54,08:35:19,,SA027,상행,2025-05-01T05:00:00,,평일
신분당선,4304,신사,D4,,20250619,신분당선,4319,광교,D19,N,신분당선,,4309,양재시민의숲,D9,N,08:37:49,08:38:19,,SA027,상행,2025-05-01T05:00:00,,평일
신분당선,4304,신사,D4,,20250619,신분당선,4319,광교,D19,N,신분당선,,4308,양재,D8,N,08:40:03,08:40:43,,SA027,상행,2025-05-01T05:00:00,,평일
신분당선,4304,신사,D4,,20250619,신분당선,4319,광교,D19,N,신분당선,,4307,강남,D7,N,08:42:27,08:43:12,,SA027,상행,2025-05-01T05:00:00,,평일
신분당선,4304,신사,D4,,20250619,신분당선,4319,광교,D19,N,신분당선,,4306,신논현,D6,N,08:44:19,08:44:54,,SA027,상행,2025-05-01T05:00:00,,평일
신분당선,4304,신사,D4,,20250619,신분당선,4319,광교,D19,N,신분당선,,4305,논현,D5,N,08:45:59,08:46:34,,SA027,상행,2025-05-01T05:00:00,,평일
신분당선,4304,신사,D4,,20250619,신분당선,4319,광교,D19,N,신분당선,,4304,신사,D4,N,08:47:39,,,SA027,상행,2025-05-01T05:00:00,,평일
신분당선,4304,신사,D4,,20250619,신분당선,4319,광교,D19,N,신분당선,,4319,광교,D19,N,,08:09:50,,SA028,상행,2025-05-01T05:00:00,,평일
신분당선,4304,신사,D4,,20250619,신분당선,4319,광교,D19,N,신분당선,,4318,광교중앙,D18,N,08:12:46,08:13:11,,SA028,상행,2025-05-01T05:00:00,,평일
신분당선,4304,신사,D4,,20250619,신분당선,4319,광교,D19,N,신분당선,,4317,상현,D17,N,08:15:56,08:16:21,,SA028,상행,2025-05-01T05:00:00,,평일
신분당선,4304,신사,D4,,20250619,신분당선,4319,광교,D19,N,신분당선,,4316,성복,D16,N,08:18:55,08:19:25,,SA028,상행,2025-05-01T05:00:00,,평일
신분당선,4304,신사,D4,,20250619,신분당선,4319,광교,D19,N,신분당선,,4315,수지구청,D15,N,08:21:32,08:22:02,,SA028,상행,2025-05-01T05:00:00,,평일
신분당선,4304,신사,D4,,20250619,신분당선,4319,광교,D19,N,신분당선,,4314,동천,D14,N,08:24:24,08:24:54,,SA028,상행,2025-05-01T05:00:00,,평일
신분당선,4304,신사,D4,,20250619,신분당선,4319,광교,D19,N,신분당선,,4313,미금,D13,N,08:27:06,08:27:36,,SA028,상행,2025-05-01T05:00:00,,평일
신분당선,4304,신사,D4,,20250619,신분당선,4319,광교,D19,N,신분당선,,4312,정자,D12,N,08:29:36,08:30:16,,SA028,상행,2025-05-01T05:00:00,,평일
신분당선,4304,신사,D4,,20250619,신분당선,4319,광교,D19,N,신분당선,,4311,판교,D11,N,08:32:56,08:33:41,,SA028,상행,2025-05-01T05:00:00,,평일
신분당선,4304,신사,D4,,20250619,신분당선,4319,광교,D19,N,신분당선,,4310,청계산입구,D10,N,08:39:44,08:40:09,,SA028,상행,2025-05-01T05:00:00,,평일
신분당선,4304,신사,D4,,20250619,신분당선,4319,광교,D19,N,신분당선,,4309,양재시민의숲,D9,N,08:42:39,08:43:09,,SA028,상행,2025-05-01T05:00:00,,평일
신분당선,4304,신사,D4,,20250619,신분당선,4319,광교,D19,N,신분당선,,4308,양재,D8,N,08:44:53,08:45:33,,SA028,상행,2025-05-01T05:00:00,,평일
신분당선,4304,신사,D4,,20250619,신분당선,4319,광교,D19,N,신분당선,,4307,강남,D7,N,08:47:17,08:48:02,,SA028,상행,2025-05-01T05:00:00,,평일
신분당선,4304,신사,D4,,20250619,신분당선,4319,광교,D19,N,신분당선,,4306,신논현,D6,N,08:49:09,08:49:44,,SA028,상행,2025-05-01T05:00:00,,평일
신분당선,4304,신사,D4,,20250619,신분당선,4319,광교,D19,N,신분당선,,4305,논현,D5,N,08:50:49,08:51:24,,SA028,상행,2025-05-01T05:00:00,,평일
신분당선,4304,신사,D4,,20250619,신분당선,4319,광교,D19,N,신분당선,,4304,신사,D4,N,08:52:29,,,SA028,상행,2025-05-01T05:00:00,,평일
신분당선,4304,신사,D4,,20250619,신분당선,4319,광교,D19,N,신분당선,,4319,광교,D19,N,,08:15:00,,SA029,상행,2025-05-01T05:00:00,,평일
신분당선,4304,신사,D4,,20250619,신분당선,4319,광교,D19,N,신분당선,,4318,광교중앙,D18,N,08:17:56,08:18:21,,SA029,상행,2025-05-01T05:00:00,,평일
신분당선,4304,신사,D4,,20250619,신분당선,4319,광교,D19,N,신분당선,,4317,상현,D17,N,08:21:06,08:21:31,,SA029,상행,2025-05-01T05:00:00,,평일
신분당선,4304,신사,D4,,20250619,신분당선,4319,광교,D19,N,신분당선,,4316,성복,D16,N,08:24:05,08:24:35,,SA029,상행,2025-05-01T05:00:00,,평일
신분당선,4304,신사,D4,,20250619,신분당선,4319,광교,D19,N,신분당선,,4315,수지구청,D15,N,08:26:42,08:27:12,,SA029,상행,2025-05-01T05:00:00,,평일
신분당선,4304,신사,D4,,20250619,신분당선,4319,광교,D19,N,신분당선,,4314,동천,D14,N,08:29:34,08:30:04,,SA029,상행,2025-05-01T05:00:00,,평일
신분당선,4304,신사,D4,,20250619,신분당선,4319,광교,D19,N,신분당선,,4313,미금,D13,N,08:32:16,08:32:46,,SA029,상행,2025-05-01T05:00:00,,평일
신분당선,4304,신사,D4,,20250619,신분당선,4319,광교,D19,N,신분당선,,4312,정자,D12,N,08:34:46,08:35:26,,SA029,상행,2025-05-01T05:00:00,,평일
신분당선,4304,신사,D4,,20250619,신분당선,4319,광교,D19,N,신분당선,,4311,판교,D11,N,08:38:06,08:38:51,,SA029,상행,2025-05-01T05:00:00,,평일
신분당선,4304,신사,D4,,20250619,신분당선,4319,광교,D19,N,신분당선,,4310,청계산입구,D10,N,08:44:54,08:45:19,,SA029,상행,2025-05-01T05:00:00,,평일
신분당선,4304,신사,D4,,20250619,신분당선,4319,광교,D19,N,신분당선,,4309,양재시민의숲,D9,N,08:47:49,08:48:19,,SA029,상행,2025-05-01T05:00:00,,평일
신분당선,4304,신사,D4,,20250619,신분당선,4319,광교,D19,N,신분당선,,4308,양재,D8,N,08:50:03,08:50:43,,SA029,상행,2025-05-01T05:00:00,,평일
신분당선,4304,신사,D4,,20250619,신분당선,4319,광교,D19,N,신분당선,,4307,강남,D7,N,08:52:27,08:53:12,,SA029,상행,2025-05-01T05:00:00,,평일
신분당선,4304,신사,D4,,20250619,신분당선,4319,광교,D19,N,신분당선,,4306,신논현,D6,N,08:54:19,08:54:54,,SA029,상행,2025-05-01T05:00:00,,평일
신분당선,4304,신사,D4,,20250619,신분당선,4319,광교,D19,N,신분당선,,4305,논현,D5,N,08:55:59,08:56:34,,SA029,상행,2025-05-01T05:00:00,,평일
신분당선,4304,신사,D4,,20250619,신분당선,4319,광교,D19,N,신분당선,,4304,신사,D4,N,08:57:39,,,SA029,상행,2025-05-01T05:00:00,,평일
신분당선,4304,신사,D4,,20250619,신분당선,4319,광교,D19,N,신분당선,,4319,광교,D19,N,,08:19:20,,SA030,상행,2025-05-01T05:00:00,,평일
신분당선,4304,신사,D4,,20250619,신분당선,4319,광교,D19,N,신분당선,,4318,광교중앙,D18,N,08:22:16,08:22:41,,SA030,상행,2025-05-01T05:00:00,,평일
신분당선,4304,신사,D4,,20250619,신분당선,4319,광교,D19,N,신분당선,,4317,상현,D17,N,08:25:26,08:25:51,,SA030,상행,2025-05-01T05:00:00,,평일
신분당선,4304,신사,D4,,20250619,신분당선,4319,광교,D19,N,신분당선,,4316,성복,D16,N,08:28:25,08:28:55,,SA030,상행,2025-05-01T05:00:00,,평일
신분당선,4304,신사,D4,,20250619,신분당선,4319,광교,D19,N,신분당선,,4315,수지구청,D15,N,08:31:02,08:31:32,,SA030,상행,2025-05-01T05:00:00,,평일
신분당선,4304,신사,D4,,20250619,신분당선,4319,광교,D19,N,신분당선,,4314,동천,D14,N,08:33:54,08:34:24,,SA030,상행,2025-05-01T05:00:00,,평일
신분당선,4304,신사,D4,,20250619,신분당선,4319,광교,D19,N,신분당선,,4313,미금,D13,N,08:36:36,08:37:06,,SA030,상행,2025-05-01T05:00:00,,평일
신분당선,4304,신사,D4,,20250619,신분당선,4319,광교,D19,N,신분당선,,4312,정자,D12,N,08:39:06,08:39:46,,SA030,상행,2025-05-01T05:00:00,,평일
신분당선,4304,신사,D4,,20250619,신분당선,4319,광교,D19,N,신분당선,,4311,판교,D11,N,08:42:26,08:43:11,,SA030,상행,2025-05-01T05:00:00,,평일
신분당선,4304,신사,D4,,20250619,신분당선,4319,광교,D19,N,신분당선,,4310,청계산입구,D10,N,08:49:14,08:49:39,,SA030,상행,2025-05-01T05:00:00,,평일
신분당선,4304,신사,D4,,20250619,신분당선,4319,광교,D19,N,신분당선,,4309,양재시민의숲,D9,N,08:52:09,08:52:39,,SA030,상행,2025-05-01T05:00:00,,평일
신분당선,4304,신사,D4,,20250619,신분당선,4319,광교,D19,N,신분당선,,4308,양재,D8,N,08:54:23,08:55:03,,SA030,상행,2025-05-01T05:00:00,,평일
신분당선,4304,신사,D4,,20250619,신분당선,4319,광교,D19,N,신분당선,,4307,강남,D7,N,08:56:47,08:57:32,,SA030,상행,2025-05-01T05:00:00,,평일
신분당선,4304,신사,D4,,20250619,신분당선,4319,광교,D19,N,신분당선,,4306,신논현,D6,N,08:58:39,08:59:14,,SA030,상행,2025-05-01T05:00:00,,평일
신분당선,4304,신사,D4,,20250619,신분당선,4319,광교,D19,N,신분당선,,4305,논현,D5,N,09:00:19,09:00:54,,SA030,상행,2025-05-01T05:00:00,,평일
신분당선,4304,신사,D4,,20250619,신분당선,4319,광교,D19,N,신분당선,,4304,신사,D4,N,09:01:59,,,SA030,상행,2025-05-01T05:00:00,,평일
신분당선,4304,신사,D4,,20250619,신분당선,4319,광교,D19,N,신분당선,,4319,광교,D19,N,,08:25:00,,SA031,상행,2025-05-01T05:00:00,,평일
신분당선,4304,신사,D4,,20250619,신분당선,4319,광교,D19,N,신분당선,,4318,광교중앙,D18,N,08:27:56,08:28:21,,SA031,상행,2025-05-01T05:00:00,,평일
신분당선,4304,신사,D4,,20250619,신분당선,4319,광교,D19,N,신분당선,,4317,상현,D17,N,08:31:06,08:31:31,,SA031,상행,2025-05-01T05:00:00,,평일
신분당선,4304,신사,D4,,20250619,신분당선,4319,광교,D19,N,신분당선,,4316,성복,D16,N,08:34:05,08:34:35,,SA031,상행,2025-05-01T05:00:00,,평일
신분당선,4304,신사,D4,,20250619,신분당선,4319,광교,D19,N,신분당선,,4315,수지구청,D15,N,08:36:42,08:37:12,,SA031,상행,2025-05-01T05:00:00,,평일
신분당선,4304,신사,D4,,20250619,신분당선,4319,광교,D19,N,신분당선,,4314,동천,D14,N,08:39:34,08:40:04,,SA031,상행,2025-05-01T05:00:00,,평일
신분당선,4304,신사,D4,,20250619,신분당선,4319,광교,D19,N,신분당선,,4313,미금,D13,N,08:42:16,08:42:46,,SA031,상행,2025-05-01T05:00:00,,평일
신분당선,4304,신사,D4,,20250619,신분당선,4319,광교,D19,N,신분당선,,4312,정자,D12,N,08:44:46,08:45:26,,SA031,상행,2025-05-01T05:00:00,,평일
신분당선,4304,신사,D4,,20250619,신분당선,4319,광교,D19,N,신분당선,,4311,판교,D11,N,08:48:06,08:48:51,,SA031,상행,2025-05-01T05:00:00,,평일
신분당선,4304,신사,D4,,20250619,신분당선,4319,광교,D19,N,신분당선,,4310,청계산입구,D10,N,08:54:54,08:55:19,,SA031,상행,2025-05-01T05:00:00,,평일
신분당선,4304,신사,D4,,20250619,신분당선,4319,광교,D19,N,신분당선,,4309,양재시민의숲,D9,N,08:57:49,08:58:19,,SA031,상행,2025-05-01T05:00:00,,평일
신분당선,4304,신사,D4,,20250619,신분당선,4319,광교,D19,N,신분당선,,4308,양재,D8,N,09:00:03,09:00:43,,SA031,상행,2025-05-01T05:00:00,,평일
신분당선,4304,신사,D4,,20250619,신분당선,4319,광교,D19,N,신분당선,,4307,강남,D7,N,09:02:27,09:03:12,,SA031,상행,2025-05-01T05:00:00,,평일
신분당선,4304,신사,D4,,20250619,신분당선,4319,광교,D19,N,신분당선,,4306,신논현,D6,N,09:04:19,09:04:54,,SA031,상행,2025-05-01T05:00:00,,평일
신분당선,4304,신사,D4,,20250619,신분당선,4319,광교,D19,N,신분당선,,4305,논현,D5,N,09:05:59,09:06:34,,SA031,상행,2025-05-01T05:00:00,,평일
신분당선,4304,신사,D4,,20250619,신분당선,4319,광교,D19,N,신분당선,,4304,신사,D4,N,09:07:39,,,SA031,상행,2025-05-01T05:00:00,,평일
신분당선,4304,신사,D4,,20250619,신분당선,4319,광교,D19,N,신분당선,,4319,광교,D19,N,,08:31:00,,SA032,상행,2025-05-01T05:00:00,,평일
신분당선,4304,신사,D4,,20250619,신분당선,4319,광교,D19,N,신분당선,,4318,광교중앙,D18,N,08:33:56,08:34:21,,SA032,상행,2025-05-01T05:00:00,,평일
신분당선,4304,신사,D4,,20250619,신분당선,4319,광교,D19,N,신분당선,,4317,상현,D17,N,08:37:06,08:37:31,,SA032,상행,2025-05-01T05:00:00,,평일
신분당선,4304,신사,D4,,20250619,신분당선,4319,광교,D19,N,신분당선,,4316,성복,D16,N,08:40:05,08:40:35,,SA032,상행,2025-05-01T05:00:00,,평일
신분당선,4304,신사,D4,,20250619,신분당선,4319,광교,D19,N,신분당선,,4315,수지구청,D15,N,08:42:42,08:43:12,,SA032,상행,2025-05-01T05:00:00,,평일
신분당선,4304,신사,D4,,20250619,신분당선,4319,광교,D19,N,신분당선,,4314,동천,D14,N,08:45:34,08:46:04,,SA032,상행,2025-05-01T05:00:00,,평일
신분당선,4304,신사,D4,,20250619,신분당선,4319,광교,D19,N,신분당선,,4313,미금,D13,N,08:48:16,08:48:46,,SA032,상행,2025-05-01T05:00:00,,평일
신분당선,4304,신사,D4,,20250619,신분당선,4319,광교,D19,N,신분당선,,4312,정자,D12,N,08:50:46,08:51:26,,SA032,상행,2025-05-01T05:00:00,,평일
신분당선,4304,신사,D4,,20250619,신분당선,4319,광교,D19,N,신분당선,,4311,판교,D11,N,08:54:06,08:54:51,,SA032,상행,2025-05-01T05:00:00,,평일
신분당선,4304,신사,D4,,20250619,신분당선,4319,광교,D19,N,신분당선,,4310,청계산입구,D10,N,09:00:54,09:01:19,,SA032,상행,2025-05-01T05:00:00,,평일
신분당선,4304,신사,D4,,20250619,신분당선,4319,광교,D19,N,신분당선,,4309,양재시민의숲,D9,N,09:03:49,09:04:19,,SA032,상행,2025-05-01T05:00:00,,평일
신분당선,4304,신사,D4,,20250619,신분당선,4319,광교,D19,N,신분당선,,4308,양재,D8,N,09:06:03,09:06:43,,SA032,상행,2025-05-01T05:00:00,,평일
신분당선,4304,신사,D4,,20250619,신분당선,4319,광교,D19,N,신분당선,,4307,강남,D7,N,09:08:27,09:09:12,,SA032,상행,2025-05-01T05:00:00,,평일
신분당선,4304,신사,D4,,20250619,신분당선,4319,광교,D19,N,신분당선,,4306,신논현,D6,N,09:10:19,09:10:54,,SA032,상행,2025-05-01T05:00:00,,평일
신분당선,4304,신사,D4,,20250619,신분당선,4319,광교,D19,N,신분당선,,4305,논현,D5,N,09:11:59,09:12:34,,SA032,상행,2025-05-01T05:00:00,,평일
신분당선,4304,신사,D4,,20250619,신분당선,4319,광교,D19,N,신분당선,,4304,신사,D4,N,09:13:39,,,SA032,상행,2025-05-01T05:00:00,,평일
신분당선,4304,신사,D4,,20250619,신분당선,4319,광교,D19,N,신분당선,,4319,광교,D19,N,,08:36:00,,SA033,상행,2025-05-01T05:00:00,,평일
신분당선,4304,신사,D4,,20250619,신분당선,4319,광교,D19,N,신분당선,,4318,광교중앙,D18,N,08:38:56,08:39:21,,SA033,상행,2025-05-01T05:00:00,,평일
신분당선,4304,신사,D4,,20250619,신분당선,4319,광교,D19,N,신분당선,,4317,상현,D17,N,08:42:06,08:42:31,,SA033,상행,2025-05-01T05:00:00,,평일
신분당선,4304,신사,D4,,20250619,신분당선,4319,광교,D19,N,신분당선,,4316,성복,D16,N,08:45:05,08:45:35,,SA033,상행,2025-05-01T05:00:00,,평일
신분당선,4304,신사,D4,,20250619,신분당선,4319,광교,D19,N,신분당선,,4315,수지구청,D15,N,08:47:42,08:48:12,,SA033,상행,2025-05-01T05:00:00,,평일
신분당선,4304,신사,D4,,20250619,신분당선,4319,광교,D19,N,신분당선,,4314,동천,D14,N,08:50:34,08:51:04,,SA033,상행,2025-05-01T05:00:00,,평일
신분당선,4304,신사,D4,,20250619,신분당선,4319,광교,D19,N,신분당선,,4313,미금,D13,N,08:53:16,08:53:46,,SA033,상행,2025-05-01T05:00:00,,평일
신분당선,4304,신사,D4,,20250619,신분당선,4319,광교,D19,N,신분당선,,4312,정자,D12,N,08:55:46,08:56:26,,SA033,상행,2025-05-01T05:00:00,,평일
신분당선,4304,신사,D4,,20250619,신분당선,4319,광교,D19,N,신분당선,,4311,판교,D11,N,08:59:06,08:59:51,,SA033,상행,2025-05-01T05:00:00,,평일
신분당선,4304,신사,D4,,20250619,신분당선,4319,광교,D19,N,신분당선,,4310,청계산입구,D10,N,09:05:54,09:06:19,,SA033,상행,2025-05-01T05:00:00,,평일
신분당선,4304,신사,D4,,20250619,신분당선,4319,광교,D19,N,신분당선,,4309,양재시민의숲,D9,N,09:08:49,09:09:19,,SA033,상행,2025-05-01T05:00:00,,평일
신분당선,4304,신사,D4,,20250619,신분당선,4319,광교,D19,N,신분당선,,4308,양재,D8,N,09:11:03,09:11:43,,SA033,상행,2025-05-01T05:00:00,,평일
신분당선,4304,신사,D4,,20250619,신분당선,4319,광교,D19,N,신분당선,,4307,강남,D7,N,09:13:27,09:14:12,,SA033,상행,2025-05-01T05:00:00,,평일
신분당선,4304,신사,D4,,20250619,신분당선,4319,광교,D19,N,신분당선,,4306,신논현,D6,N,09:15:19,09:15:54,,SA033,상행,2025-05-01T05:00:00,,평일
신분당선,4304,신사,D4,,20250619,신분당선,4319,광교,D19,N,신분당선,,4305,논현,D5,N,09:16:59,09:17:34,,SA033,상행,2025-05-01T05:00:00,,평일
신분당선,4304,신사,D4,,20250619,신분당선,4319,광교,D19,N,신분당선,,4304,신사,D4,N,09:18:39,,,SA033,상행,2025-05-01T05:00:00,,평일
신분당선,4304,신사,D4,,20250619,신분당선,4319,광교,D19,N,신분당선,,4319,광교,D19,N,,08:41:00,,SA034,상행,2025-05-01T05:00:00,,평일
신분당선,4304,신사,D4,,20250619,신분당선,4319,광교,D19,N,신분당선,,4318,광교중앙,D18,N,08:43:56,08:44:21,,SA034,상행,2025-05-01T05:00:00,,평일
신분당선,4304,신사,D4,,20250619,신분당선,4319,광교,D19,N,신분당선,,4317,상현,D17,N,08:47:06,08:47:31,,SA034,상행,2025-05-01T05:00:00,,평일
신분당선,4304,신사,D4,,20250619,신분당선,4319,광교,D19,N,신분당선,,4316,성복,D16,N,08:50:05,08:50:35,,SA034,상행,2025-05-01T05:00:00,,평일
신분당선,4304,신사,D4,,20250619,신분당선,4319,광교,D19,N,신분당선,,4315,수지구청,D15,N,08:52:42,08:53:12,,SA034,상행,2025-05-01T05:00:00,,평일
신분당선,4304,신사,D4,,20250619,신분당선,4319,광교,D19,N,신분당선,,4314,동천,D14,N,08:55:34,08:56:04,,SA034,상행,2025-05-01T05:00:00,,평일
신분당선,4304,신사,D4,,20250619,신분당선,4319,광교,D19,N,신분당선,,4313,미금,D13,N,08:58:16,08:58:46,,SA034,상행,2025-05-01T05:00:00,,평일
신분당선,4304,신사,D4,,20250619,신분당선,4319,광교,D19,N,신분당선,,4312,정자,D12,N,09:00:46,09:01:26,,SA034,상행,2025-05-01T05:00:00,,평일
신분당선,4304,신사,D4,,20250619,신분당선,4319,광교,D19,N,신분당선,,4311,판교,D11,N,09:04:06,09:04:51,,SA034,상행,2025-05-01T05:00:00,,평일
신분당선,4304,신사,D4,,20250619,신분당선,4319,광교,D19,N,신분당선,,4310,청계산입구,D10,N,09:10:54,09:11:19,,SA034,상행,2025-05-01T05:00:00,,평일
신분당선,4304,신사,D4,,20250619,신분당선,4319,광교,D19,N,신분당선,,4309,양재시민의숲,D9,N,09:13:49,09:14:19,,SA034,상행,2025-05-01T05:00:00,,평일
신분당선,4304,신사,D4,,20250619,신분당선,4319,광교,D19,N,신분당선,,4308,양재,D8,N,09:16:03,09:16:43,,SA034,상행,2025-05-01T05:00:00,,평일
신분당선,4304,신사,D4,,20250619,신분당선,4319,광교,D19,N,신분당선,,4307,강남,D7,N,09:18:27,09:19:12,,SA034,상행,2025-05-01T05:00:00,,평일
신분당선,4304,신사,D4,,20250619,신분당선,4319,광교,D19,N,신분당선,,4306,신논현,D6,N,09:20:19,09:20:54,,SA034,상행,2025-05-01T05:00:00,,평일
신분당선,4304,신사,D4,,20250619,신분당선,4319,광교,D19,N,신분당선,,4305,논현,D5,N,09:21:59,09:22:34,,SA034,상행,2025-05-01T05:00:00,,평일
신분당선,4304,신사,D4,,20250619,신분당선,4319,광교,D19,N,신분당선,,4304,신사,D4,N,09:23:39,,,SA034,상행,2025-05-01T05:00:00,,평일
신분당선,4304,신사,D4,,20250619,신분당선,4319,광교,D19,N,신분당선,,4319,광교,D19,N,,08:46:00,,SA035,상행,2025-05-01T05:00:00,,평일
신분당선,4304,신사,D4,,20250619,신분당선,4319,광교,D19,N,신분당선,,4318,광교중앙,D18,N,08:48:56,08:49:21,,SA035,상행,2025-05-01T05:00:00,,평일
신분당선,4304,신사,D4,,20250619,신분당선,4319,광교,D19,N,신분당선,,4317,상현,D17,N,08:52:06,08:52:31,,SA035,상행,2025-05-01T05:00:00,,평일
신분당선,4304,신사,D4,,20250619,신분당선,4319,광교,D19,N,신분당선,,4316,성복,D16,N,08:55:05,08:55:35,,SA035,상행,2025-05-01T05:00:00,,평일
신분당선,4304,신사,D4,,20250619,신분당선,4319,광교,D19,N,신분당선,,4315,수지구청,D15,N,08:57:42,08:58:12,,SA035,상행,2025-05-01T05:00:00,,평일
신분당선,4304,신사,D4,,20250619,신분당선,4319,광교,D19,N,신분당선,,4314,동천,D14,N,09:00:34,09:01:04,,SA035,상행,2025-05-01T05:00:00,,평일
신분당선,4304,신사,D4,,20250619,신분당선,4319,광교,D19,N,신분당선,,4313,미금,D13,N,09:03:16,09:03:46,,SA035,상행,2025-05-01T05:00:00,,평일
신분당선,4304,신사,D4,,20250619,신분당선,4319,광교,D19,N,신분당선,,4312,정자,D12,N,09:05:46,09:06:26,,SA035,상행,2025-05-01T05:00:00,,평일
신분당선,4304,신사,D4,,20250619,신분당선,4319,광교,D19,N,신분당선,,4311,판교,D11,N,09:09:06,09:09:51,,SA035,상행,2025-05-01T05:00:00,,평일
신분당선,4304,신사,D4,,20250619,신분당선,4319,광교,D19,N,신분당선,,4310,청계산입구,D10,N,09:15:54,09:16:19,,SA035,상행,2025-05-01T05:00:00,,평일
신분당선,4304,신사,D4,,20250619,신분당선,4319,광교,D19,N,신분당선,,4309,양재시민의숲,D9,N,09:18:49,09:19:19,,SA035,상행,2025-05-01T05:00:00,,평일
신분당선,4304,신사,D4,,20250619,신분당선,4319,광교,D19,N,신분당선,,4308,양재,D8,N,09:21:03,09:21:43,,SA035,상행,2025-05-01T05:00:00,,평일
신분당선,4304,신사,D4,,20250619,신분당선,4319,광교,D19,N,신분당선,,4307,강남,D7,N,09:23:27,09:24:12,,SA035,상행,2025-05-01T05:00:00,,평일
신분당선,4304,신사,D4,,20250619,신분당선,4319,광교,D19,N,신분당선,,4306,신논현,D6,N,09:25:19,09:25:54,,SA035,상행,2025-05-01T05:00:00,,평일
신분당선,4304,신사,D4,,20250619,신분당선,4319,광교,D19,N,신분당선,,4305,논현,D5,N,09:26:59,09:27:34,,SA035,상행,2025-05-01T05:00:00,,평일
신분당선,4304,신사,D4,,20250619,신분당선,4319,광교,D19,N,신분당선,,4304,신사,D4,N,09:28:39,,,SA035,상행,2025-05-01T05:00:00,,평일
신분당선,4304,신사,D4,,20250619,신분당선,4319,광교,D19,N,신분당선,,4319,광교,D19,N,,08:51:00,,SA036,상행,2025-05-01T05:00:00,,평일
신분당선,4304,신사,D4,,20250619,신분당선,4319,광교,D19,N,신분당선,,4318,광교중앙,D18,N,08:53:56,08:54:21,,SA036,상행,2025-05-01T05:00:00,,평일
신분당선,4304,신사,D4,,20250619,신분당선,4319,광교,D19,N,신분당선,,4317,상현,D17,N,08:57:06,08:57:31,,SA036,상행,2025-05-01T05:00:00,,평일
신분당선,4304,신사,D4,,20250619,신분당선,4319,광교,D19,N,신분당선,,4316,성복,D16,N,09:00:05,09:00:35,,SA036,상행,2025-05-01T05:00:00,,평일
신분당선,4304,신사,D4,,20250619,신분당선,4319,광교,D19,N,신분당선,,4315,수지구청,D15,N,09:02:42,09:03:12,,SA036,상행,2025-05-01T05:00:00,,평일
신분당선,4304,신사,D4,,20250619,신분당선,4319,광교,D19,N,신분당선,,4314,동천,D14,N,09:05:34,09:06:04,,SA036,상행,2025-05-01T05:00:00,,평일
신분당선,4304,신사,D4,,20250619,신분당선,4319,광교,D19,N,신분당선,,4313,미금,D13,N,09:08:16,09:08:46,,SA036,상행,2025-05-01T05:00:00,,평일
신분당선,4304,신사,D4,,20250619,신분당선,4319,광교,D19,N,신분당선,,4312,정자,D12,N,09:10:46,09:11:26,,SA036,상행,2025-05-01T05:00:00,,평일
신분당선,4304,신사,D4,,20250619,신분당선,4319,광교,D19,N,신분당선,,4311,판교,D11,N,09:14:06,09:14:51,,SA036,상행,2025-05-01T05:00:00,,평일
신분당선,4304,신사,D4,,20250619,신분당선,4319,광교,D19,N,신분당선,,4310,청계산입구,D10,N,09:20:54,09:21:19,,SA036,상행,2025-05-01T05:00:00,,평일
신분당선,4304,신사,D4,,20250619,신분당선,4319,광교,D19,N,신분당선,,4309,양재시민의숲,D9,N,09:23:49,09:24:19,,SA036,상행,2025-05-01T05:00:00,,평일
신분당선,4304,신사,D4,,20250619,신분당선,4319,광교,D19,N,신분당선,,4308,양재,D8,N,09:26:03,09:26:43,,SA036,상행,2025-05-01T05:00:00,,평일
신분당선,4304,신사,D4,,20250619,신분당선,4319,광교,D19,N,신분당선,,4307,강남,D7,N,09:28:27,09:29:12,,SA036,상행,2025-05-01T05:00:00,,평일
신분당선,4304,신사,D4,,20250619,신분당선,4319,광교,D19,N,신분당선,,4306,신논현,D6,N,09:30:19,09:30:54,,SA036,상행,2025-05-01T05:00:00,,평일
신분당선,4304,신사,D4,,20250619,신분당선,4319,광교,D19,N,신분당선,,4305,논현,D5,N,09:31:59,09:32:34,,SA036,상행,2025-05-01T05:00:00,,평일
신분당선,4304,신사,D4,,20250619,신분당선,4319,광교,D19,N,신분당선,,4304,신사,D4,N,09:33:39,,,SA036,상행,2025-05-01T05:00:00,,평일
신분당선,4304,신사,D4,,20250619,신분당선,4319,광교,D19,N,신분당선,,4319,광교,D19,N,,08:54:50,,SA037,상행,2025-05-01T05:00:00,,평일
신분당선,4304,신사,D4,,20250619,신분당선,4319,광교,D19,N,신분당선,,4318,광교중앙,D18,N,08:57:46,08:58:11,,SA037,상행,2025-05-01T05:00:00,,평일
신분당선,4304,신사,D4,,20250619,신분당선,4319,광교,D19,N,신분당선,,4317,상현,D17,N,09:00:56,09:01:21,,SA037,상행,2025-05-01T05:00:00,,평일
신분당선,4304,신사,D4,,20250619,신분당선,4319,광교,D19,N,신분당선,,4316,성복,D16,N,09:03:55,09:04:25,,SA037,상행,2025-05-01T05:00:00,,평일
신분당선,4304,신사,D4,,20250619,신분당선,4319,광교,D19,N,신분당선,,4315,수지구청,D15,N,09:06:32,09:07:02,,SA037,상행,2025-05-01T05:00:00,,평일
신분당선,4304,신사,D4,,20250619,신분당선,4319,광교,D19,N,신분당선,,4314,동천,D14,N,09:09:24,09:09:54,,SA037,상행,2025-05-01T05:00:00,,평일
신분당선,4304,신사,D4,,20250619,신분당선,4319,광교,D19,N,신분당선,,4313,미금,D13,N,09:12:06,09:12:36,,SA037,상행,2025-05-01T05:00:00,,평일
신분당선,4304,신사,D4,,20250619,신분당선,4319,광교,D19,N,신분당선,,4312,정자,D12,N,09:14:36,09:15:16,,SA037,상행,2025-05-01T05:00:00,,평일
신분당선,4304,신사,D4,,20250619,신분당선,4319,광교,D19,N,신분당선,,4311,판교,D11,N,09:17:56,09:18:41,,SA037,상행,2025-05-01T05:00:00,,평일
신분당선,4304,신사,D4,,20250619,신분당선,4319,광교,D19,N,신분당선,,4310,청계산입구,D10,N,09:24:44,09:25:09,,SA037,상행,2025-05-01T05:00:00,,평일
신분당선,4304,신사,D4,,20250619,신분당선,4319,광교,D19,N,신분당선,,4309,양재시민의숲,D9,N,09:27:39,09:28:09,,SA037,상행,2025-05-01T05:00:00,,평일
신분당선,4304,신사,D4,,20250619,신분당선,4319,광교,D19,N,신분당선,,4308,양재,D8,N,09:29:53,09:30:33,,SA037,상행,2025-05-01T05:00:00,,평일
신분당선,4304,신사,D4,,20250619,신분당선,4319,광교,D19,N,신분당선,,4307,강남,D7,N,09:32:17,09:33:02,,SA037,상행,2025-05-01T05:00:00,,평일
신분당선,4304,신사,D4,,20250619,신분당선,4319,광교,D19,N,신분당선,,4306,신논현,D6,N,09:34:09,09:34:44,,SA037,상행,2025-05-01T05:00:00,,평일
신분당선,4304,신사,D4,,20250619,신분당선,4319,광교,D19,N,신분당선,,4305,논현,D5,N,09:35:49,09:36:24,,SA037,상행,2025-05-01T05:00:00,,평일
신분당선,4304,신사,D4,,20250619,신분당선,4319,광교,D19,N,신분당선,,4304,신사,D4,N,09:37:29,,,SA037,상행,2025-05-01T05:00:00,,평일
신분당선,4304,신사,D4,,20250619,신분당선,4319,광교,D19,N,신분당선,,4319,광교,D19,N,,09:01:00,,SA038,상행,2025-05-01T05:00:00,,평일
신분당선,4304,신사,D4,,20250619,신분당선,4319,광교,D19,N,신분당선,,4318,광교중앙,D18,N,09:03:56,09:04:21,,SA038,상행,2025-05-01T05:00:00,,평일
신분당선,4304,신사,D4,,20250619,신분당선,4319,광교,D19,N,신분당선,,4317,상현,D17,N,09:07:06,09:07:31,,SA038,상행,2025-05-01T05:00:00,,평일
신분당선,4304,신사,D4,,20250619,신분당선,4319,광교,D19,N,신분당선,,4316,성복,D16,N,09:10:05,09:10:35,,SA038,상행,2025-05-01T05:00:00,,평일
신분당선,4304,신사,D4,,20250619,신분당선,4319,광교,D19,N,신분당선,,4315,수지구청,D15,N,09:12:42,09:13:12,,SA038,상행,2025-05-01T05:00:00,,평일
신분당선,4304,신사,D4,,20250619,신분당선,4319,광교,D19,N,신분당선,,4314,동천,D14,N,09:15:34,09:16:04,,SA038,상행,2025-05-01T05:00:00,,평일
신분당선,4304,신사,D4,,20250619,신분당선,4319,광교,D19,N,신분당선,,4313,미금,D13,N,09:18:16,09:18:46,,SA038,상행,2025-05-01T05:00:00,,평일
신분당선,4304,신사,D4,,20250619,신분당선,4319,광교,D19,N,신분당선,,4312,정자,D12,N,09:20:46,09:21:26,,SA038,상행,2025-05-01T05:00:00,,평일
신분당선,4304,신사,D4,,20250619,신분당선,4319,광교,D19,N,신분당선,,4311,판교,D11,N,09:24:06,09:24:51,,SA038,상행,2025-05-01T05:00:00,,평일
신분당선,4304,신사,D4,,20250619,신분당선,4319,광교,D19,N,신분당선,,4310,청계산입구,D10,N,09:30:54,09:31:19,,SA038,상행,2025-05-01T05:00:00,,평일
신분당선,4304,신사,D4,,20250619,신분당선,4319,광교,D19,N,신분당선,,4309,양재시민의숲,D9,N,09:33:49,09:34:19,,SA038,상행,2025-05-01T05:00:00,,평일
신분당선,4304,신사,D4,,20250619,신분당선,4319,광교,D19,N,신분당선,,4308,양재,D8,N,09:36:03,09:36:43,,SA038,상행,2025-05-01T05:00:00,,평일
신분당선,4304,신사,D4,,20250619,신분당선,4319,광교,D19,N,신분당선,,4307,강남,D7,N,09:38:27,09:39:12,,SA038,상행,2025-05-01T05:00:00,,평일
신분당선,4304,신사,D4,,20250619,신분당선,4319,광교,D19,N,신분당선,,4306,신논현,D6,N,09:40:19,09:40:54,,SA038,상행,2025-05-01T05:00:00,,평일
신분당선,4304,신사,D4,,20250619,신분당선,4319,광교,D19,N,신분당선,,4305,논현,D5,N,09:41:59,09:42:34,,SA038,상행,2025-05-01T05:00:00,,평일
신분당선,4304,신사,D4,,20250619,신분당선,4319,광교,D19,N,신분당선,,4304,신사,D4,N,09:43:39,,,SA038,상행,2025-05-01T05:00:00,,평일
신분당선,4304,신사,D4,,20250619,신분당선,4319,광교,D19,N,신분당선,,4319,광교,D19,N,,09:09:00,,SA039,상행,2025-05-01T05:00:00,,평일
신분당선,4304,신사,D4,,20250619,신분당선,4319,광교,D19,N,신분당선,,4318,광교중앙,D18,N,09:11:56,09:12:21,,SA039,상행,2025-05-01T05:00:00,,평일
신분당선,4304,신사,D4,,20250619,신분당선,4319,광교,D19,N,신분당선,,4317,상현,D17,N,09:15:06,09:15:31,,SA039,상행,2025-05-01T05:00:00,,평일
신분당선,4304,신사,D4,,20250619,신분당선,4319,광교,D19,N,신분당선,,4316,성복,D16,N,09:18:05,09:18:35,,SA039,상행,2025-05-01T05:00:00,,평일
신분당선,4304,신사,D4,,20250619,신분당선,4319,광교,D19,N,신분당선,,4315,수지구청,D15,N,09:20:42,09:21:12,,SA039,상행,2025-05-01T05:00:00,,평일
신분당선,4304,신사,D4,,20250619,신분당선,4319,광교,D19,N,신분당선,,4314,동천,D14,N,09:23:34,09:24:04,,SA039,상행,2025-05-01T05:00:00,,평일
신분당선,4304,신사,D4,,20250619,신분당선,4319,광교,D19,N,신분당선,,4313,미금,D13,N,09:26:16,09:26:46,,SA039,상행,2025-05-01T05:00:00,,평일
신분당선,4304,신사,D4,,20250619,신분당선,4319,광교,D19,N,신분당선,,4312,정자,D12,N,09:28:46,09:29:26,,SA039,상행,2025-05-01T05:00:00,,평일
신분당선,4304,신사,D4,,20250619,신분당선,4319,광교,D19,N,신분당선,,4311,판교,D11,N,09:32:06,09:32:51,,SA039,상행,2025-05-01T05:00:00,,평일
신분당선,4304,신사,D4,,20250619,신분당선,4319,광교,D19,N,신분당선,,4310,청계산입구,D10,N,09:38:54,09:39:19,,SA039,상행,2025-05-01T05:00:00,,평일
신분당선,4304,신사,D4,,20250619,신분당선,4319,광교,D19,N,신분당선,,4309,양재시민의숲,D9,N,09:41:49,09:42:19,,SA039,상행,2025-05-01T05:00:00,,평일
신분당선,4304,신사,D4,,20250619,신분당선,4319,광교,D19,N,신분당선,,4308,양재,D8,N,09:44:03,09:44:43,,SA039,상행,2025-05-01T05:00:00,,평일
신분당선,4304,신사,D4,,20250619,신분당선,4319,광교,D19,N,신분당선,,4307,강남,D7,N,09:46:27,09:47:12,,SA039,상행,2025-05-01T05:00:00,,평일
신분당선,4304,신사,D4,,20250619,신분당선,4319,광교,D19,N,신분당선,,4306,신논현,D6,N,09:48:19,09:48:54,,SA039,상행,2025-05-01T05:00:00,,평일
신분당선,4304,신사,D4,,20250619,신분당선,4319,광교,D19,N,신분당선,,4305,논현,D5,N,09:49:59,09:50:34,,SA039,상행,2025-05-01T05:00:00,,평일
신분당선,4304,신사,D4,,20250619,신분당선,4319,광교,D19,N,신분당선,,4304,신사,D4,N,09:51:39,,,SA039,상행,2025-05-01T05:00:00,,평일
신분당선,4304,신사,D4,,20250619,신분당선,4319,광교,D19,N,신분당선,,4319,광교,D19,N,,09:15:30,,SA040,상행,2025-05-01T05:00:00,,평일
신분당선,4304,신사,D4,,20250619,신분당선,4319,광교,D19,N,신분당선,,4318,광교중앙,D18,N,09:18:26,09:18:51,,SA040,상행,2025-05-01T05:00:00,,평일
신분당선,4304,신사,D4,,20250619,신분당선,4319,광교,D19,N,신분당선,,4317,상현,D17,N,09:21:36,09:22:01,,SA040,상행,2025-05-01T05:00:00,,평일
신분당선,4304,신사,D4,,20250619,신분당선,4319,광교,D19,N,신분당선,,4316,성복,D16,N,09:24:35,09:25:05,,SA040,상행,2025-05-01T05:00:00,,평일
신분당선,4304,신사,D4,,20250619,신분당선,4319,광교,D19,N,신분당선,,4315,수지구청,D15,N,09:27:12,09:27:42,,SA040,상행,2025-05-01T05:00:00,,평일
신분당선,4304,신사,D4,,20250619,신분당선,4319,광교,D19,N,신분당선,,4314,동천,D14,N,09:30:04,09:30:34,,SA040,상행,2025-05-01T05:00:00,,평일
신분당선,4304,신사,D4,,20250619,신분당선,4319,광교,D19,N,신분당선,,4313,미금,D13,N,09:32:46,09:33:16,,SA040,상행,2025-05-01T05:00:00,,평일
신분당선,4304,신사,D4,,20250619,신분당선,4319,광교,D19,N,신분당선,,4312,정자,D12,N,09:35:16,09:35:56,,SA040,상행,2025-05-01T05:00:00,,평일
신분당선,4304,신사,D4,,20250619,신분당선,4319,광교,D19,N,신분당선,,4311,판교,D11,N,09:38:36,09:39:21,,SA040,상행,2025-05-01T05:00:00,,평일
신분당선,4304,신사,D4,,20250619,신분당선,4319,광교,D19,N,신분당선,,4310,청계산입구,D10,N,09:45:24,09:45:49,,SA040,상행,2025-05-01T05:00:00,,평일
신분당선,4304,신사,D4,,20250619,신분당선,4319,광교,D19,N,신분당선,,4309,양재시민의숲,D9,N,09:48:19,09:48:49,,SA040,상행,2025-05-01T05:00:00,,평일
신분당선,4304,신사,D4,,20250619,신분당선,4319,광교,D19,N,신분당선,,4308,양재,D8,N,09:50:33,09:51:13,,SA040,상행,2025-05-01T05:00:00,,평일
신분당선,4304,신사,D4,,20250619,신분당선,4319,광교,D19,N,신분당선,,4307,강남,D7,N,09:52:57,09:53:42,,SA040,상행,2025-05-01T05:00:00,,평일
신분당선,4304,신사,D4,,20250619,신분당선,4319,광교,D19,N,신분당선,,4306,신논현,D6,N,09:54:49,09:55:24,,SA040,상행,2025-05-01T05:00:00,,평일
신분당선,4304,신사,D4,,20250619,신분당선,4319,광교,D19,N,신분당선,,4305,논현,D5,N,09:56:29,09:57:04,,SA040,상행,2025-05-01T05:00:00,,평일
신분당선,4304,신사,D4,,20250619,신분당선,4319,광교,D19,N,신분당선,,4304,신사,D4,N,09:58:09,,,SA040,상행,2025-05-01T05:00:00,,평일
신분당선,4304,신사,D4,,20250619,신분당선,4319,광교,D19,N,신분당선,,4319,광교,D19,N,,09:21:00,,SA041,상행,2025-05-01T05:00:00,,평일
신분당선,4304,신사,D4,,20250619,신분당선,4319,광교,D19,N,신분당선,,4318,광교중앙,D18,N,09:23:56,09:24:21,,SA041,상행,2025-05-01T05:00:00,,평일
신분당선,4304,신사,D4,,20250619,신분당선,4319,광교,D19,N,신분당선,,4317,상현,D17,N,09:27:06,09:27:31,,SA041,상행,2025-05-01T05:00:00,,평일
신분당선,4304,신사,D4,,20250619,신분당선,4319,광교,D19,N,신분당선,,4316,성복,D16,N,09:30:05,09:30:35,,SA041,상행,2025-05-01T05:00:00,,평일
신분당선,4304,신사,D4,,20250619,신분당선,4319,광교,D19,N,신분당선,,4315,수지구청,D15,N,09:32:42,09:33:12,,SA041,상행,2025-05-01T05:00:00,,평일
신분당선,4304,신사,D4,,20250619,신분당선,4319,광교,D19,N,신분당선,,4314,동천,D14,N,09:35:34,09:36:04,,SA041,상행,2025-05-01T05:00:00,,평일
신분당선,4304,신사,D4,,20250619,신분당선,4319,광교,D19,N,신분당선,,4313,미금,D13,N,09:38:16,09:38:46,,SA041,상행,2025-05-01T05:00:00,,평일
신분당선,4304,신사,D4,,20250619,신분당선,4319,광교,D19,N,신분당선,,4312,정자,D12,N,09:40:46,09:41:26,,SA041,상행,2025-05-01T05:00:00,,평일
신분당선,4304,신사,D4,,20250619,신분당선,4319,광교,D19,N,신분당선,,4311,판교,D11,N,09:44:06,09:44:51,,SA041,상행,2025-05-01T05:00:00,,평일
신분당선,4304,신사,D4,,20250619,신분당선,4319,광교,D19,N,신분당선,,4310,청계산입구,D10,N,09:50:54,09:51:19,,SA041,상행,2025-05-01T05:00:00,,평일
신분당선,4304,신사,D4,,20250619,신분당선,4319,광교,D19,N,신분당선,,4309,양재시민의숲,D9,N,09:53:49,09:54:19,,SA041,상행,2025-05-01T05:00:00,,평일
신분당선,4304,신사,D4,,20250619,신분당선,4319,광교,D19,N,신분당선,,4308,양재,D8,N,09:56:03,09:56:43,,SA041,상행,2025-05-01T05:00:00,,평일
신분당선,4304,신사,D4,,20250619,신분당선,4319,광교,D19,N,신분당선,,4307,강남,D7,N,09:58:27,09:59:12,,SA041,상행,2025-05-01T05:00:00,,평일
신분당선,4304,신사,D4,,20250619,신분당선,4319,광교,D19,N,신분당선,,4306,신논현,D6,N,10:00:19,10:00:54,,SA041,상행,2025-05-01T05:00:00,,평일
신분당선,4304,신사,D4,,20250619,신분당선,4319,광교,D19,N,신분당선,,4305,논현,D5,N,10:01:59,10:02:34,,SA041,상행,2025-05-01T05:00:00,,평일
신분당선,4304,신사,D4,,20250619,신분당선,4319,광교,D19,N,신분당선,,4304,신사,D4,N,10:03:39,,,SA041,상행,2025-05-01T05:00:00,,평일
신분당선,4304,신사,D4,,20250619,신분당선,4319,광교,D19,N,신분당선,,4319,광교,D19,N,,09:27:30,,SA042,상행,2025-05-01T05:00:00,,평일
신분당선,4304,신사,D4,,20250619,신분당선,4319,광교,D19,N,신분당선,,4318,광교중앙,D18,N,09:30:26,09:30:51,,SA042,상행,2025-05-01T05:00:00,,평일
신분당선,4304,신사,D4,,20250619,신분당선,4319,광교,D19,N,신분당선,,4317,상현,D17,N,09:33:36,09:34:01,,SA042,상행,2025-05-01T05:00:00,,평일
신분당선,4304,신사,D4,,20250619,신분당선,4319,광교,D19,N,신분당선,,4316,성복,D16,N,09:36:35,09:37:05,,SA042,상행,2025-05-01T05:00:00,,평일
신분당선,4304,신사,D4,,20250619,신분당선,4319,광교,D19,N,신분당선,,4315,수지구청,D15,N,09:39:12,09:39:42,,SA042,상행,2025-05-01T05:00:00,,평일
신분당선,4304,신사,D4,,20250619,신분당선,4319,광교,D19,N,신분당선,,4314,동천,D14,N,09:42:04,09:42:34,,SA042,상행,2025-05-01T05:00:00,,평일
신분당선,4304,신사,D4,,20250619,신분당선,4319,광교,D19,N,신분당선,,4313,미금,D13,N,09:44:46,09:45:16,,SA042,상행,2025-05-01T05:00:00,,평일
신분당선,4304,신사,D4,,20250619,신분당선,4319,광교,D19,N,신분당선,,4312,정자,D12,N,09:47:16,09:47:56,,SA042,상행,2025-05-01T05:00:00,,평일
신분당선,4304,신사,D4,,20250619,신분당선,4319,광교,D19,N,신분당선,,4311,판교,D11,N,09:50:36,09:51:21,,SA042,상행,2025-05-01T05:00:00,,평일
신분당선,4304,신사,D4,,20250619,신분당선,4319,광교,D19,N,신분당선,,4310,청계산입구,D10,N,09:57:24,09:57:49,,SA042,상행,2025-05-01T05:00:00,,평일
신분당선,4304,신사,D4,,20250619,신분당선,4319,광교,D19,N,신분당선,,4309,양재시민의숲,D9,N,10:00:19,10:00:49,,SA042,상행,2025-05-01T05:00:00,,평일
신분당선,4304,신사,D4,,20250619,신분당선,4319,광교,D19,N,신분당선,,4308,양재,D8,N,10:02:33,10:03:13,,SA042,상행,2025-05-01T05:00:00,,평일
신분당선,4304,신사,D4,,20250619,신분당선,4319,광교,D19,N,신분당선,,4307,강남,D7,N,10:04:57,10:05:42,,SA042,상행,2025-05-01T05:00:00,,평일
신분당선,4304,신사,D4,,20250619,신분당선,4319,광교,D19,N,신분당선,,4306,신논현,D6,N,10:06:49,10:07:24,,SA042,상행,2025-05-01T05:00:00,,평일
신분당선,4304,신사,D4,,20250619,신분당선,4319,광교,D19,N,신분당선,,4305,논현,D5,N,10:08:29,10:09:04,,SA042,상행,2025-05-01T05:00:00,,평일
신분당선,4304,신사,D4,,20250619,신분당선,4319,광교,D19,N,신분당선,,4304,신사,D4,N,10:10:09,,,SA042,상행,2025-05-01T05:00:00,,평일
신분당선,4304,신사,D4,,20250619,신분당선,4319,광교,D19,N,신분당선,,4319,광교,D19,N,,09:35:07,,SA043,상행,2025-05-01T05:00:00,,평일
신분당선,4304,신사,D4,,20250619,신분당선,4319,광교,D19,N,신분당선,,4318,광교중앙,D18,N,09:38:03,09:38:28,,SA043,상행,2025-05-01T05:00:00,,평일
신분당선,4304,신사,D4,,20250619,신분당선,4319,광교,D19,N,신분당선,,4317,상현,D17,N,09:41:13,09:41:38,,SA043,상행,2025-05-01T05:00:00,,평일
신분당선,4304,신사,D4,,20250619,신분당선,4319,광교,D19,N,신분당선,,4316,성복,D16,N,09:44:12,09:44:37,,SA043,상행,2025-05-01T05:00:00,,평일
신분당선,4304,신사,D4,,20250619,신분당선,4319,광교,D19,N,신분당선,,4315,수지구청,D15,N,09:46:44,09:47:14,,SA043,상행,2025-05-01T05:00:00,,평일
신분당선,4304,신사,D4,,20250619,신분당선,4319,광교,D19,N,신분당선,,4314,동천,D14,N,09:49:36,09:50:06,,SA043,상행,2025-05-01T05:00:00,,평일
신분당선,4304,신사,D4,,20250619,신분당선,4319,광교,D19,N,신분당선,,4313,미금,D13,N,09:52:18,09:52:48,,SA043,상행,2025-05-01T05:00:00,,평일
신분당선,4304,신사,D4,,20250619,신분당선,4319,광교,D19,N,신분당선,,4312,정자,D12,N,09:54:48,09:55:23,,SA043,상행,2025-05-01T05:00:00,,평일
신분당선,4304,신사,D4,,20250619,신분당선,4319,광교,D19,N,신분당선,,4311,판교,D11,N,09:58:03,09:58:38,,SA043,상행,2025-05-01T05:00:00,,평일
신분당선,4304,신사,D4,,20250619,신분당선,4319,광교,D19,N,신분당선,,4310,청계산입구,D10,N,10:04:41,10:05:06,,SA043,상행,2025-05-01T05:00:00,,평일
신분당선,4304,신사,D4,,20250619,신분당선,4319,광교,D19,N,신분당선,,4309,양재시민의숲,D9,N,10:07:36,10:08:06,,SA043,상행,2025-05-01T05:00:00,,평일
신분당선,4304,신사,D4,,20250619,신분당선,4319,광교,D19,N,신분당선,,4308,양재,D8,N,10:09:50,10:10:25,,SA043,상행,2025-05-01T05:00:00,,평일
신분당선,4304,신사,D4,,20250619,신분당선,4319,광교,D19,N,신분당선,,4307,강남,D7,N,10:12:09,10:12:44,,SA043,상행,2025-05-01T05:00:00,,평일
신분당선,4304,신사,D4,,20250619,신분당선,4319,광교,D19,N,신분당선,,4306,신논현,D6,N,10:13:51,10:14:26,,SA043,상행,2025-05-01T05:00:00,,평일
신분당선,4304,신사,D4,,20250619,신분당선,4319,광교,D19,N,신분당선,,4305,논현,D5,N,10:15:31,10:16:06,,SA043,상행,2025-05-01T05:00:00,,평일
신분당선,4304,신사,D4,,20250619,신분당선,4319,광교,D19,N,신분당선,,4304,신사,D4,N,10:17:11,,,SA043,상행,2025-05-01T05:00:00,,평일
신분당선,4304,신사,D4,,20250619,신분당선,4319,광교,D19,N,신분당선,,4319,광교,D19,N,,09:42:50,,SA044,상행,2025-05-01T05:00:00,,평일
신분당선,4304,신사,D4,,20250619,신분당선,4319,광교,D19,N,신분당선,,4318,광교중앙,D18,N,09:45:46,09:46:11,,SA044,상행,2025-05-01T05:00:00,,평일
신분당선,4304,신사,D4,,20250619,신분당선,4319,광교,D19,N,신분당선,,4317,상현,D17,N,09:48:56,09:49:21,,SA044,상행,2025-05-01T05:00:00,,평일
신분당선,4304,신사,D4,,20250619,신분당선,4319,광교,D19,N,신분당선,,4316,성복,D16,N,09:51:55,09:52:20,,SA044,상행,2025-05-01T05:00:00,,평일
신분당선,4304,신사,D4,,20250619,신분당선,4319,광교,D19,N,신분당선,,4315,수지구청,D15,N,09:54:27,09:54:57,,SA044,상행,2025-05-01T05:00:00,,평일
신분당선,4304,신사,D4,,20250619,신분당선,4319,광교,D19,N,신분당선,,4314,동천,D14,N,09:57:19,09:57:49,,SA044,상행,2025-05-01T05:00:00,,평일
신분당선,4304,신사,D4,,20250619,신분당선,4319,광교,D19,N,신분당선,,4313,미금,D13,N,10:00:01,10:00:31,,SA044,상행,2025-05-01T05:00:00,,평일
신분당선,4304,신사,D4,,20250619,신분당선,4319,광교,D19,N,신분당선,,4312,정자,D12,N,10:02:31,10:03:06,,SA044,상행,2025-05-01T05:00:00,,평일
신분당선,4304,신사,D4,,20250619,신분당선,4319,광교,D19,N,신분당선,,4311,판교,D11,N,10:05:46,10:06:21,,SA044,상행,2025-05-01T05:00:00,,평일
신분당선,4304,신사,D4,,20250619,신분당선,4319,광교,D19,N,신분당선,,4310,청계산입구,D10,N,10:12:24,10:12:49,,SA044,상행,2025-05-01T05:00:00,,평일
신분당선,4304,신사,D4,,20250619,신분당선,4319,광교,D19,N,신분당선,,4309,양재시민의숲,D9,N,10:15:19,10:15:49,,SA044,상행,2025-05-01T05:00:00,,평일
신분당선,4304,신사,D4,,20250619,신분당선,4319,광교,D19,N,신분당선,,4308,양재,D8,N,10:17:33,10:18:08,,SA044,상행,2025-05-01T05:00:00,,평일
신분당선,4304,신사,D4,,20250619,신분당선,4319,광교,D19,N,신분당선,,4307,강남,D7,N,10:19:52,10:20:27,,SA044,상행,2025-05-01T05:00:00,,평일
신분당선,4304,신사,D4,,20250619,신분당선,4319,광교,D19,N,신분당선,,4306,신논현,D6,N,10:21:34,10:22:09,,SA044,상행,2025-05-01T05:00:00,,평일
신분당선,4304,신사,D4,,20250619,신분당선,4319,광교,D19,N,신분당선,,4305,논현,D5,N,10:23:14,10:23:49,,SA044,상행,2025-05-01T05:00:00,,평일
신분당선,4304,신사,D4,,20250619,신분당선,4319,광교,D19,N,신분당선,,4304,신사,D4,N,10:24:54,,,SA044,상행,2025-05-01T05:00:00,,평일
신분당선,4304,신사,D4,,20250619,신분당선,4319,광교,D19,N,신분당선,,4319,광교,D19,N,,09:51:01,,SA045,상행,2025-05-01T05:00:00,,평일
신분당선,4304,신사,D4,,20250619,신분당선,4319,광교,D19,N,신분당선,,4318,광교중앙,D18,N,09:53:57,09:54:22,,SA045,상행,2025-05-01T05:00:00,,평일
신분당선,4304,신사,D4,,20250619,신분당선,4319,광교,D19,N,신분당선,,4317,상현,D17,N,09:57:07,09:57:32,,SA045,상행,2025-05-01T05:00:00,,평일
신분당선,4304,신사,D4,,20250619,신분당선,4319,광교,D19,N,신분당선,,4316,성복,D16,N,10:00:06,10:00:31,,SA045,상행,2025-05-01T05:00:00,,평일
신분당선,4304,신사,D4,,20250619,신분당선,4319,광교,D19,N,신분당선,,4315,수지구청,D15,N,10:02:38,10:03:08,,SA045,상행,2025-05-01T05:00:00,,평일
신분당선,4304,신사,D4,,20250619,신분당선,4319,광교,D19,N,신분당선,,4314,동천,D14,N,10:05:30,10:06:00,,SA045,상행,2025-05-01T05:00:00,,평일
신분당선,4304,신사,D4,,20250619,신분당선,4319,광교,D19,N,신분당선,,4313,미금,D13,N,10:08:12,10:08:42,,SA045,상행,2025-05-01T05:00:00,,평일
신분당선,4304,신사,D4,,20250619,신분당선,4319,광교,D19,N,신분당선,,4312,정자,D12,N,10:10:42,10:11:17,,SA045,상행,2025-05-01T05:00:00,,평일
신분당선,4304,신사,D4,,20250619,신분당선,4319,광교,D19,N,신분당선,,4311,판교,D11,N,10:13:57,10:14:32,,SA045,상행,2025-05-01T05:00:00,,평일
신분당선,4304,신사,D4,,20250619,신분당선,4319,광교,D19,N,신분당선,,4310,청계산입구,D10,N,10:20:35,10:21:00,,SA045,상행,2025-05-01T05:00:00,,평일
신분당선,4304,신사,D4,,20250619,신분당선,4319,광교,D19,N,신분당선,,4309,양재시민의숲,D9,N,10:23:30,10:24:00,,SA045,상행,2025-05-01T05:00:00,,평일
신분당선,4304,신사,D4,,20250619,신분당선,4319,광교,D19,N,신분당선,,4308,양재,D8,N,10:25:44,10:26:19,,SA045,상행,2025-05-01T05:00:00,,평일
신분당선,4304,신사,D4,,20250619,신분당선,4319,광교,D19,N,신분당선,,4307,강남,D7,N,10:28:03,10:28:38,,SA045,상행,2025-05-01T05:00:00,,평일
신분당선,4304,신사,D4,,20250619,신분당선,4319,광교,D19,N,신분당선,,4306,신논현,D6,N,10:29:45,10:30:20,,SA045,상행,2025-05-01T05:00:00,,평일
신분당선,4304,신사,D4,,20250619,신분당선,4319,광교,D19,N,신분당선,,4305,논현,D5,N,10:31:25,10:32:00,,SA045,상행,2025-05-01T05:00:00,,평일
신분당선,4304,신사,D4,,20250619,신분당선,4319,광교,D19,N,신분당선,,4304,신사,D4,N,10:33:05,,,SA045,상행,2025-05-01T05:00:00,,평일
신분당선,4304,신사,D4,,20250619,신분당선,4319,광교,D19,N,신분당선,,4319,광교,D19,N,,10:00:01,,SA046,상행,2025-05-01T05:00:00,,평일
신분당선,4304,신사,D4,,20250619,신분당선,4319,광교,D19,N,신분당선,,4318,광교중앙,D18,N,10:02:57,10:03:22,,SA046,상행,2025-05-01T05:00:00,,평일
신분당선,4304,신사,D4,,20250619,신분당선,4319,광교,D19,N,신분당선,,4317,상현,D17,N,10:06:07,10:06:32,,SA046,상행,2025-05-01T05:00:00,,평일
신분당선,4304,신사,D4,,20250619,신분당선,4319,광교,D19,N,신분당선,,4316,성복,D16,N,10:09:06,10:09:31,,SA046,상행,2025-05-01T05:00:00,,평일
신분당선,4304,신사,D4,,20250619,신분당선,4319,광교,D19,N,신분당선,,4315,수지구청,D15,N,10:11:38,10:12:08,,SA046,상행,2025-05-01T05:00:00,,평일
신분당선,4304,신사,D4,,20250619,신분당선,4319,광교,D19,N,신분당선,,4314,동천,D14,N,10:14:30,10:15:00,,SA046,상행,2025-05-01T05:00:00,,평일
신분당선,4304,신사,D4,,20250619,신분당선,4319,광교,D19,N,신분당선,,4313,미금,D13,N,10:17:12,10:17:42,,SA046,상행,2025-05-01T05:00:00,,평일
신분당선,4304,신사,D4,,20250619,신분당선,4319,광교,D19,N,신분당선,,4312,정자,D12,N,10:19:42,10:20:17,,SA046,상행,2025-05-01T05:00:00,,평일
신분당선,4304,신사,D4,,20250619,신분당선,4319,광교,D19,N,신분당선,,4311,판교,D11,N,10:22:57,10:23:32,,SA046,상행,2025-05-01T05:00:00,,평일
신분당선,4304,신사,D4,,20250619,신분당선,4319,광교,D19,N,신분당선,,4310,청계산입구,D10,N,10:29:35,10:30:00,,SA046,상행,2025-05-01T05:00:00,,평일
신분당선,4304,신사,D4,,20250619,신분당선,4319,광교,D19,N,신분당선,,4309,양재시민의숲,D9,N,10:32:30,10:33:00,,SA046,상행,2025-05-01T05:00:00,,평일
신분당선,4304,신사,D4,,20250619,신분당선,4319,광교,D19,N,신분당선,,4308,양재,D8,N,10:34:44,10:35:19,,SA046,상행,2025-05-01T05:00:00,,평일
신분당선,4304,신사,D4,,20250619,신분당선,4319,광교,D19,N,신분당선,,4307,강남,D7,N,10:37:03,10:37:38,,SA046,상행,2025-05-01T05:00:00,,평일
신분당선,4304,신사,D4,,20250619,신분당선,4319,광교,D19,N,신분당선,,4306,신논현,D6,N,10:38:45,10:39:20,,SA046,상행,2025-05-01T05:00:00,,평일
신분당선,4304,신사,D4,,20250619,신분당선,4319,광교,D19,N,신분당선,,4305,논현,D5,N,10:40:25,10:41:00,,SA046,상행,2025-05-01T05:00:00,,평일
신분당선,4304,신사,D4,,20250619,신분당선,4319,광교,D19,N,신분당선,,4304,신사,D4,N,10:42:05,,,SA046,상행,2025-05-01T05:00:00,,평일
신분당선,4304,신사,D4,,20250619,신분당선,4319,광교,D19,N,신분당선,,4319,광교,D19,N,,10:06:51,,SA047,상행,2025-05-01T05:00:00,,평일
신분당선,4304,신사,D4,,20250619,신분당선,4319,광교,D19,N,신분당선,,4318,광교중앙,D18,N,10:09:47,10:10:12,,SA047,상행,2025-05-01T05:00:00,,평일
신분당선,4304,신사,D4,,20250619,신분당선,4319,광교,D19,N,신분당선,,4317,상현,D17,N,10:12:57,10:13:22,,SA047,상행,2025-05-01T05:00:00,,평일
신분당선,4304,신사,D4,,20250619,신분당선,4319,광교,D19,N,신분당선,,4316,성복,D16,N,10:15:56,10:16:21,,SA047,상행,2025-05-01T05:00:00,,평일
신분당선,4304,신사,D4,,20250619,신분당선,4319,광교,D19,N,신분당선,,4315,수지구청,D15,N,10:18:28,10:18:58,,SA047,상행,2025-05-01T05:00:00,,평일
신분당선,4304,신사,D4,,20250619,신분당선,4319,광교,D19,N,신분당선,,4314,동천,D14,N,10:21:20,10:21:50,,SA047,상행,2025-05-01T05:00:00,,평일
신분당선,4304,신사,D4,,20250619,신분당선,4319,광교,D19,N,신분당선,,4313,미금,D13,N,10:24:02,10:24:32,,SA047,상행,2025-05-01T05:00:00,,평일
신분당선,4304,신사,D4,,20250619,신분당선,4319,광교,D19,N,신분당선,,4312,정자,D12,N,10:26:32,10:27:07,,SA047,상행,2025-05-01T05:00:00,,평일
신분당선,4304,신사,D4,,20250619,신분당선,4319,광교,D19,N,신분당선,,4311,판교,D11,N,10:29:47,10:30:22,,SA047,상행,2025-05-01T05:00:00,,평일
신분당선,4304,신사,D4,,20250619,신분당선,4319,광교,D19,N,신분당선,,4310,청계산입구,D10,N,10:36:25,10:36:50,,SA047,상행,2025-05-01T05:00:00,,평일
신분당선,4304,신사,D4,,20250619,신분당선,4319,광교,D19,N,신분당선,,4309,양재시민의숲,D9,N,10:39:20,10:39:50,,SA047,상행,2025-05-01T05:00:00,,평일
신분당선,4304,신사,D4,,20250619,신분당선,4319,광교,D19,N,신분당선,,4308,양재,D8,N,10:41:34,10:42:09,,SA047,상행,2025-05-01T05:00:00,,평일
신분당선,4304,신사,D4,,20250619,신분당선,4319,광교,D19,N,신분당선,,4307,강남,D7,N,10:43:53,10:44:28,,SA047,상행,2025-05-01T05:00:00,,평일
신분당선,4304,신사,D4,,20250619,신분당선,4319,광교,D19,N,신분당선,,4306,신논현,D6,N,10:45:35,10:46:10,,SA047,상행,2025-05-01T05:00:00,,평일
신분당선,4304,신사,D4,,20250619,신분당선,4319,광교,D19,N,신분당선,,4305,논현,D5,N,10:47:15,10:47:50,,SA047,상행,2025-05-01T05:00:00,,평일
신분당선,4304,신사,D4,,20250619,신분당선,4319,광교,D19,N,신분당선,,4304,신사,D4,N,10:48:55,,,SA047,상행,2025-05-01T05:00:00,,평일
신분당선,4304,신사,D4,,20250619,신분당선,4319,광교,D19,N,신분당선,,4319,광교,D19,N,,10:15:01,,SA048,상행,2025-05-01T05:00:00,,평일
신분당선,4304,신사,D4,,20250619,신분당선,4319,광교,D19,N,신분당선,,4318,광교중앙,D18,N,10:17:57,10:18:22,,SA048,상행,2025-05-01T05:00:00,,평일
신분당선,4304,신사,D4,,20250619,신분당선,4319,광교,D19,N,신분당선,,4317,상현,D17,N,10:21:07,10:21:32,,SA048,상행,2025-05-01T05:00:00,,평일
신분당선,4304,신사,D4,,20250619,신분당선,4319,광교,D19,N,신분당선,,4316,성복,D16,N,10:24:06,10:24:31,,SA048,상행,2025-05-01T05:00:00,,평일
신분당선,4304,신사,D4,,20250619,신분당선,4319,광교,D19,N,신분당선,,4315,수지구청,D15,N,10:26:38,10:27:08,,SA048,상행,2025-05-01T05:00:00,,평일
신분당선,4304,신사,D4,,20250619,신분당선,4319,광교,D19,N,신분당선,,4314,동천,D14,N,10:29:30,10:30:00,,SA048,상행,2025-05-01T05:00:00,,평일
신분당선,4304,신사,D4,,20250619,신분당선,4319,광교,D19,N,신분당선,,4313,미금,D13,N,10:32:12,10:32:42,,SA048,상행,2025-05-01T05:00:00,,평일
신분당선,4304,신사,D4,,20250619,신분당선,4319,광교,D19,N,신분당선,,4312,정자,D12,N,10:34:42,10:35:17,,SA048,상행,2025-05-01T05:00:00,,평일
신분당선,4304,신사,D4,,20250619,신분당선,4319,광교,D19,N,신분당선,,4311,판교,D11,N,10:37:57,10:38:32,,SA048,상행,2025-05-01T05:00:00,,평일
신분당선,4304,신사,D4,,20250619,신분당선,4319,광교,D19,N,신분당선,,4310,청계산입구,D10,N,10:44:35,10:45:00,,SA048,상행,2025-05-01T05:00:00,,평일
신분당선,4304,신사,D4,,20250619,신분당선,4319,광교,D19,N,신분당선,,4309,양재시민의숲,D9,N,10:47:30,10:48:00,,SA048,상행,2025-05-01T05:00:00,,평일
신분당선,4304,신사,D4,,20250619,신분당선,4319,광교,D19,N,신분당선,,4308,양재,D8,N,10:49:44,10:50:19,,SA048,상행,2025-05-01T05:00:00,,평일
신분당선,4304,신사,D4,,20250619,신분당선,4319,광교,D19,N,신분당선,,4307,강남,D7,N,10:52:03,10:52:38,,SA048,상행,2025-05-01T05:00:00,,평일
신분당선,4304,신사,D4,,20250619,신분당선,4319,광교,D19,N,신분당선,,4306,신논현,D6,N,10:53:45,10:54:20,,SA048,상행,2025-05-01T05:00:00,,평일
신분당선,4304,신사,D4,,20250619,신분당선,4319,광교,D19,N,신분당선,,4305,논현,D5,N,10:55:25,10:56:00,,SA048,상행,2025-05-01T05:00:00,,평일
신분당선,4304,신사,D4,,20250619,신분당선,4319,광교,D19,N,신분당선,,4304,신사,D4,N,10:57:05,,,SA048,상행,2025-05-01T05:00:00,,평일
신분당선,4304,신사,D4,,20250619,신분당선,4319,광교,D19,N,신분당선,,4319,광교,D19,N,,10:21:50,,SA049,상행,2025-05-01T05:00:00,,평일
신분당선,4304,신사,D4,,20250619,신분당선,4319,광교,D19,N,신분당선,,4318,광교중앙,D18,N,10:24:46,10:25:11,,SA049,상행,2025-05-01T05:00:00,,평일
신분당선,4304,신사,D4,,20250619,신분당선,4319,광교,D19,N,신분당선,,4317,상현,D17,N,10:27:56,10:28:21,,SA049,상행,2025-05-01T05:00:00,,평일
신분당선,4304,신사,D4,,20250619,신분당선,4319,광교,D19,N,신분당선,,4316,성복,D16,N,10:30:55,10:31:20,,SA049,상행,2025-05-01T05:00:00,,평일
신분당선,4304,신사,D4,,20250619,신분당선,4319,광교,D19,N,신분당선,,4315,수지구청,D15,N,10:33:27,10:33:57,,SA049,상행,2025-05-01T05:00:00,,평일
신분당선,4304,신사,D4,,20250619,신분당선,4319,광교,D19,N,신분당선,,4314,동천,D14,N,10:36:19,10:36:49,,SA049,상행,2025-05-01T05:00:00,,평일
신분당선,4304,신사,D4,,20250619,신분당선,4319,광교,D19,N,신분당선,,4313,미금,D13,N,10:39:01,10:39:31,,SA049,상행,2025-05-01T05:00:00,,평일
신분당선,4304,신사,D4,,20250619,신분당선,4319,광교,D19,N,신분당선,,4312,정자,D12,N,10:41:31,10:42:06,,SA049,상행,2025-05-01T05:00:00,,평일
신분당선,4304,신사,D4,,20250619,신분당선,4319,광교,D19,N,신분당선,,4311,판교,D11,N,10:44:46,10:45:21,,SA049,상행,2025-05-01T05:00:00,,평일
신분당선,4304,신사,D4,,20250619,신분당선,4319,광교,D19,N,신분당선,,4310,청계산입구,D10,N,10:51:24,10:51:49,,SA049,상행,2025-05-01T05:00:00,,평일
신분당선,4304,신사,D4,,20250619,신분당선,4319,광교,D19,N,신분당선,,4309,양재시민의숲,D9,N,10:54:19,10:54:49,,SA049,상행,2025-05-01T05:00:00,,평일
신분당선,4304,신사,D4,,20250619,신분당선,4319,광교,D19,N,신분당선,,4308,양재,D8,N,10:56:33,10:57:08,,SA049,상행,2025-05-01T05:00:00,,평일
신분당선,4304,신사,D4,,20250619,신분당선,4319,광교,D19,N,신분당선,,4307,강남,D7,N,10:58:52,10:59:27,,SA049,상행,2025-05-01T05:00:00,,평일
신분당선,4304,신사,D4,,20250619,신분당선,4319,광교,D19,N,신분당선,,4306,신논현,D6,N,11:00:34,11:01:09,,SA049,상행,2025-05-01T05:00:00,,평일
신분당선,4304,신사,D4,,20250619,신분당선,4319,광교,D19,N,신분당선,,4305,논현,D5,N,11:02:14,11:02:49,,SA049,상행,2025-05-01T05:00:00,,평일
신분당선,4304,신사,D4,,20250619,신분당선,4319,광교,D19,N,신분당선,,4304,신사,D4,N,11:03:54,,,SA049,상행,2025-05-01T05:00:00,,평일
신분당선,4304,신사,D4,,20250619,신분당선,4319,광교,D19,N,신분당선,,4319,광교,D19,N,,10:29:40,,SA050,상행,2025-05-01T05:00:00,,평일
신분당선,4304,신사,D4,,20250619,신분당선,4319,광교,D19,N,신분당선,,4318,광교중앙,D18,N,10:32:36,10:33:01,,SA050,상행,2025-05-01T05:00:00,,평일
신분당선,4304,신사,D4,,20250619,신분당선,4319,광교,D19,N,신분당선,,4317,상현,D17,N,10:35:46,10:36:11,,SA050,상행,2025-05-01T05:00:00,,평일
신분당선,4304,신사,D4,,20250619,신분당선,4319,광교,D19,N,신분당선,,4316,성복,D16,N,10:38:45,10:39:10,,SA050,상행,2025-05-01T05:00:00,,평일
신분당선,4304,신사,D4,,20250619,신분당선,4319,광교,D19,N,신분당선,,4315,수지구청,D15,N,10:41:17,10:41:47,,SA050,상행,2025-05-01T05:00:00,,평일
신분당선,4304,신사,D4,,20250619,신분당선,4319,광교,D19,N,신분당선,,4314,동천,D14,N,10:44:09,10:44:39,,SA050,상행,2025-05-01T05:00:00,,평일
신분당선,4304,신사,D4,,20250619,신분당선,4319,광교,D19,N,신분당선,,4313,미금,D13,N,10:46:51,10:47:21,,SA050,상행,2025-05-01T05:00:00,,평일
신분당선,4304,신사,D4,,20250619,신분당선,4319,광교,D19,N,신분당선,,4312,정자,D12,N,10:49:21,10:49:56,,SA050,상행,2025-05-01T05:00:00,,평일
신분당선,4304,신사,D4,,20250619,신분당선,4319,광교,D19,N,신분당선,,4311,판교,D11,N,10:52:36,10:53:11,,SA050,상행,2025-05-01T05:00:00,,평일
신분당선,4304,신사,D4,,20250619,신분당선,4319,광교,D19,N,신분당선,,4310,청계산입구,D10,N,10:59:14,10:59:39,,SA050,상행,2025-05-01T05:00:00,,평일
신분당선,4304,신사,D4,,20250619,신분당선,4319,광교,D19,N,신분당선,,4309,양재시민의숲,D9,N,11:02:09,11:02:39,,SA050,상행,2025-05-01T05:00:00,,평일
신분당선,4304,신사,D4,,20250619,신분당선,4319,광교,D19,N,신분당선,,4308,양재,D8,N,11:04:23,11:04:58,,SA050,상행,2025-05-01T05:00:00,,평일
신분당선,4304,신사,D4,,20250619,신분당선,4319,광교,D19,N,신분당선,,4307,강남,D7,N,11:06:42,11:07:17,,SA050,상행,2025-05-01T05:00:00,,평일
신분당선,4304,신사,D4,,20250619,신분당선,4319,광교,D19,N,신분당선,,4306,신논현,D6,N,11:08:24,11:08:59,,SA050,상행,2025-05-01T05:00:00,,평일
신분당선,4304,신사,D4,,20250619,신분당선,4319,광교,D19,N,신분당선,,4305,논현,D5,N,11:10:04,11:10:39,,SA050,상행,2025-05-01T05:00:00,,평일
신분당선,4304,신사,D4,,20250619,신분당선,4319,광교,D19,N,신분당선,,4304,신사,D4,N,11:11:44,,,SA050,상행,2025-05-01T05:00:00,,평일
신분당선,4304,신사,D4,,20250619,신분당선,4319,광교,D19,N,신분당선,,4319,광교,D19,N,,10:36:50,,SA051,상행,2025-05-01T05:00:00,,평일
신분당선,4304,신사,D4,,20250619,신분당선,4319,광교,D19,N,신분당선,,4318,광교중앙,D18,N,10:39:46,10:40:11,,SA051,상행,2025-05-01T05:00:00,,평일
신분당선,4304,신사,D4,,20250619,신분당선,4319,광교,D19,N,신분당선,,4317,상현,D17,N,10:42:56,10:43:21,,SA051,상행,2025-05-01T05:00:00,,평일
신분당선,4304,신사,D4,,20250619,신분당선,4319,광교,D19,N,신분당선,,4316,성복,D16,N,10:45:55,10:46:20,,SA051,상행,2025-05-01T05:00:00,,평일
신분당선,4304,신사,D4,,20250619,신분당선,4319,광교,D19,N,신분당선,,4315,수지구청,D15,N,10:48:27,10:48:57,,SA051,상행,2025-05-01T05:00:00,,평일
신분당선,4304,신사,D4,,20250619,신분당선,4319,광교,D19,N,신분당선,,4314,동천,D14,N,10:51:19,10:51:49,,SA051,상행,2025-05-01T05:00:00,,평일
신분당선,4304,신사,D4,,20250619,신분당선,4319,광교,D19,N,신분당선,,4313,미금,D13,N,10:54:01,10:54:31,,SA051,상행,2025-05-01T05:00:00,,평일
신분당선,4304,신사,D4,,20250619,신분당선,4319,광교,D19,N,신분당선,,4312,정자,D12,N,10:56:31,10:57:06,,SA051,상행,2025-05-01T05:00:00,,평일
신분당선,4304,신사,D4,,20250619,신분당선,4319,광교,D19,N,신분당선,,4311,판교,D11,N,10:59:46,11:00:21,,SA051,상행,2025-05-01T05:00:00,,평일
신분당선,4304,신사,D4,,20250619,신분당선,4319,광교,D19,N,신분당선,,4310,청계산입구,D10,N,11:06:24,11:06:49,,SA051,상행,2025-05-01T05:00:00,,평일
신분당선,4304,신사,D4,,20250619,신분당선,4319,광교,D19,N,신분당선,,4309,양재시민의숲,D9,N,11:09:19,11:09:49,,SA051,상행,2025-05-01T05:00:00,,평일
신분당선,4304,신사,D4,,20250619,신분당선,4319,광교,D19,N,신분당선,,4308,양재,D8,N,11:11:33,11:12:08,,SA051,상행,2025-05-01T05:00:00,,평일
신분당선,4304,신사,D4,,20250619,신분당선,4319,광교,D19,N,신분당선,,4307,강남,D7,N,11:13:52,11:14:27,,SA051,상행,2025-05-01T05:00:00,,평일
신분당선,4304,신사,D4,,20250619,신분당선,4319,광교,D19,N,신분당선,,4306,신논현,D6,N,11:15:34,11:16:09,,SA051,상행,2025-05-01T05:00:00,,평일
신분당선,4304,신사,D4,,20250619,신분당선,4319,광교,D19,N,신분당선,,4305,논현,D5,N,11:17:14,11:17:49,,SA051,상행,2025-05-01T05:00:00,,평일
신분당선,4304,신사,D4,,20250619,신분당선,4319,광교,D19,N,신분당선,,4304,신사,D4,N,11:18:54,,,SA051,상행,2025-05-01T05:00:00,,평일
신분당선,4304,신사,D4,,20250619,신분당선,4319,광교,D19,N,신분당선,,4319,광교,D19,N,,10:44:50,,SA052,상행,2025-05-01T05:00:00,,평일
신분당선,4304,신사,D4,,20250619,신분당선,4319,광교,D19,N,신분당선,,4318,광교중앙,D18,N,10:47:46,10:48:11,,SA052,상행,2025-05-01T05:00:00,,평일
신분당선,4304,신사,D4,,20250619,신분당선,4319,광교,D19,N,신분당선,,4317,상현,D17,N,10:50:56,10:51:21,,SA052,상행,2025-05-01T05:00:00,,평일
신분당선,4304,신사,D4,,20250619,신분당선,4319,광교,D19,N,신분당선,,4316,성복,D16,N,10:53:55,10:54:20,,SA052,상행,2025-05-01T05:00:00,,평일
신분당선,4304,신사,D4,,20250619,신분당선,4319,광교,D19,N,신분당선,,4315,수지구청,D15,N,10:56:27,10:56:57,,SA052,상행,2025-05-01T05:00:00,,평일
신분당선,4304,신사,D4,,20250619,신분당선,4319,광교,D19,N,신분당선,,4314,동천,D14,N,10:59:19,10:59:49,,SA052,상행,2025-05-01T05:00:00,,평일
신분당선,4304,신사,D4,,20250619,신분당선,4319,광교,D19,N,신분당선,,4313,미금,D13,N,11:02:01,11:02:31,,SA052,상행,2025-05-01T05:00:00,,평일
신분당선,4304,신사,D4,,20250619,신분당선,4319,광교,D19,N,신분당선,,4312,정자,D12,N,11:04:31,11:05:06,,SA052,상행,2025-05-01T05:00:00,,평일
신분당선,4304,신사,D4,,20250619,신분당선,4319,광교,D19,N,신분당선,,4311,판교,D11,N,11:07:46,11:08:21,,SA052,상행,2025-05-01T05:00:00,,평일
신분당선,4304,신사,D4,,20250619,신분당선,4319,광교,D19,N,신분당선,,4310,청계산입구,D10,N,11:14:24,11:14:49,,SA052,상행,2025-05-01T05:00:00,,평일
신분당선,4304,신사,D4,,20250619,신분당선,4319,광교,D19,N,신분당선,,4309,양재시민의숲,D9,N,11:17:19,11:17:49,,SA052,상행,2025-05-01T05:00:00,,평일
신분당선,4304,신사,D4,,20250619,신분당선,4319,광교,D19,N,신분당선,,4308,양재,D8,N,11:19:33,11:20:08,,SA052,상행,2025-05-01T05:00:00,,평일
신분당선,4304,신사,D4,,20250619,신분당선,4319,광교,D19,N,신분당선,,4307,강남,D7,N,11:21:52,11:22:27,,SA052,상행,2025-05-01T05:00:00,,평일
신분당선,4304,신사,D4,,20250619,신분당선,4319,광교,D19,N,신분당선,,4306,신논현,D6,N,11:23:34,11:24:09,,SA052,상행,2025-05-01T05:00:00,,평일
신분당선,4304,신사,D4,,20250619,신분당선,4319,광교,D19,N,신분당선,,4305,논현,D5,N,11:25:14,11:25:49,,SA052,상행,2025-05-01T05:00:00,,평일
신분당선,4304,신사,D4,,20250619,신분당선,4319,광교,D19,N,신분당선,,4304,신사,D4,N,11:26:54,,,SA052,상행,2025-05-01T05:00:00,,평일
신분당선,4304,신사,D4,,20250619,신분당선,4319,광교,D19,N,신분당선,,4319,광교,D19,N,,10:52:50,,SA053,상행,2025-05-01T05:00:00,,평일
신분당선,4304,신사,D4,,20250619,신분당선,4319,광교,D19,N,신분당선,,4318,광교중앙,D18,N,10:55:46,10:56:11,,SA053,상행,2025-05-01T05:00:00,,평일
신분당선,4304,신사,D4,,20250619,신분당선,4319,광교,D19,N,신분당선,,4317,상현,D17,N,10:58:56,10:59:21,,SA053,상행,2025-05-01T05:00:00,,평일
신분당선,4304,신사,D4,,20250619,신분당선,4319,광교,D19,N,신분당선,,4316,성복,D16,N,11:01:55,11:02:20,,SA053,상행,2025-05-01T05:00:00,,평일
신분당선,4304,신사,D4,,20250619,신분당선,4319,광교,D19,N,신분당선,,4315,수지구청,D15,N,11:04:27,11:04:57,,SA053,상행,2025-05-01T05:00:00,,평일
신분당선,4304,신사,D4,,20250619,신분당선,4319,광교,D19,N,신분당선,,4314,동천,D14,N,11:07:19,11:07:49,,SA053,상행,2025-05-01T05:00:00,,평일
신분당선,4304,신사,D4,,20250619,신분당선,4319,광교,D19,N,신분당선,,4313,미금,D13,N,11:10:01,11:10:31,,SA053,상행,2025-05-01T05:00:00,,평일
신분당선,4304,신사,D4,,20250619,신분당선,4319,광교,D19,N,신분당선,,4312,정자,D12,N,11:12:31,11:13:06,,SA053,상행,2025-05-01T05:00:00,,평일
신분당선,4304,신사,D4,,20250619,신분당선,4319,광교,D19,N,신분당선,,4311,판교,D11,N,11:15:46,11:16:21,,SA053,상행,2025-05-01T05:00:00,,평일
신분당선,4304,신사,D4,,20250619,신분당선,4319,광교,D19,N,신분당선,,4310,청계산입구,D10,N,11:22:24,11:22:49,,SA053,상행,2025-05-01T05:00:00,,평일
신분당선,4304,신사,D4,,20250619,신분당선,4319,광교,D19,N,신분당선,,4309,양재시민의숲,D9,N,11:25:19,11:25:49,,SA053,상행,2025-05-01T05:00:00,,평일
신분당선,4304,신사,D4,,20250619,신분당선,4319,광교,D19,N,신분당선,,4308,양재,D8,N,11:27:33,11:28:08,,SA053,상행,2025-05-01T05:00:00,,평일
신분당선,4304,신사,D4,,20250619,신분당선,4319,광교,D19,N,신분당선,,4307,강남,D7,N,11:29:52,11:30:27,,SA053,상행,2025-05-01T05:00:00,,평일
신분당선,4304,신사,D4,,20250619,신분당선,4319,광교,D19,N,신분당선,,4306,신논현,D6,N,11:31:34,11:32:09,,SA053,상행,2025-05-01T05:00:00,,평일
신분당선,4304,신사,D4,,20250619,신분당선,4319,광교,D19,N,신분당선,,4305,논현,D5,N,11:33:14,11:33:49,,SA053,상행,2025-05-01T05:00:00,,평일
신분당선,4304,신사,D4,,20250619,신분당선,4319,광교,D19,N,신분당선,,4304,신사,D4,N,11:34:54,,,SA053,상행,2025-05-01T05:00:00,,평일
신분당선,4304,신사,D4,,20250619,신분당선,4319,광교,D19,N,신분당선,,4319,광교,D19,N,,11:01:00,,SA054,상행,2025-05-01T05:00:00,,평일
신분당선,4304,신사,D4,,20250619,신분당선,4319,광교,D19,N,신분당선,,4318,광교중앙,D18,N,11:03:56,11:04:21,,SA054,상행,2025-05-01T05:00:00,,평일
신분당선,4304,신사,D4,,20250619,신분당선,4319,광교,D19,N,신분당선,,4317,상현,D17,N,11:07:06,11:07:31,,SA054,상행,2025-05-01T05:00:00,,평일
신분당선,4304,신사,D4,,20250619,신분당선,4319,광교,D19,N,신분당선,,4316,성복,D16,N,11:10:05,11:10:30,,SA054,상행,2025-05-01T05:00:00,,평일
신분당선,4304,신사,D4,,20250619,신분당선,4319,광교,D19,N,신분당선,,4315,수지구청,D15,N,11:12:37,11:13:07,,SA054,상행,2025-05-01T05:00:00,,평일
신분당선,4304,신사,D4,,20250619,신분당선,4319,광교,D19,N,신분당선,,4314,동천,D14,N,11:15:29,11:15:59,,SA054,상행,2025-05-01T05:00:00,,평일
신분당선,4304,신사,D4,,20250619,신분당선,4319,광교,D19,N,신분당선,,4313,미금,D13,N,11:18:11,11:18:41,,SA054,상행,2025-05-01T05:00:00,,평일
신분당선,4304,신사,D4,,20250619,신분당선,4319,광교,D19,N,신분당선,,4312,정자,D12,N,11:20:41,11:21:16,,SA054,상행,2025-05-01T05:00:00,,평일
신분당선,4304,신사,D4,,20250619,신분당선,4319,광교,D19,N,신분당선,,4311,판교,D11,N,11:23:56,11:24:31,,SA054,상행,2025-05-01T05:00:00,,평일
신분당선,4304,신사,D4,,20250619,신분당선,4319,광교,D19,N,신분당선,,4310,청계산입구,D10,N,11:30:34,11:30:59,,SA054,상행,2025-05-01T05:00:00,,평일
신분당선,4304,신사,D4,,20250619,신분당선,4319,광교,D19,N,신분당선,,4309,양재시민의숲,D9,N,11:33:29,11:33:59,,SA054,상행,2025-05-01T05:00:00,,평일
신분당선,4304,신사,D4,,20250619,신분당선,4319,광교,D19,N,신분당선,,4308,양재,D8,N,11:35:43,11:36:18,,SA054,상행,2025-05-01T05:00:00,,평일
신분당선,4304,신사,D4,,20250619,신분당선,4319,광교,D19,N,신분당선,,4307,강남,D7,N,11:38:02,11:38:37,,SA054,상행,2025-05-01T05:00:00,,평일
신분당선,4304,신사,D4,,20250619,신분당선,4319,광교,D19,N,신분당선,,4306,신논현,D6,N,11:39:44,11:40:19,,SA054,상행,2025-05-01T05:00:00,,평일
신분당선,4304,신사,D4,,20250619,신분당선,4319,광교,D19,N,신분당선,,4305,논현,D5,N,11:41:24,11:41:59,,SA054,상행,2025-05-01T05:00:00,,평일
신분당선,4304,신사,D4,,20250619,신분당선,4319,광교,D19,N,신분당선,,4304,신사,D4,N,11:43:04,,,SA054,상행,2025-05-01T05:00:00,,평일
신분당선,4304,신사,D4,,20250619,신분당선,4319,광교,D19,N,신분당선,,4319,광교,D19,N,,11:08:50,,SA055,상행,2025-05-01T05:00:00,,평일
신분당선,4304,신사,D4,,20250619,신분당선,4319,광교,D19,N,신분당선,,4318,광교중앙,D18,N,11:11:46,11:12:11,,SA055,상행,2025-05-01T05:00:00,,평일
신분당선,4304,신사,D4,,20250619,신분당선,4319,광교,D19,N,신분당선,,4317,상현,D17,N,11:14:56,11:15:21,,SA055,상행,2025-05-01T05:00:00,,평일
신분당선,4304,신사,D4,,20250619,신분당선,4319,광교,D19,N,신분당선,,4316,성복,D16,N,11:17:55,11:18:20,,SA055,상행,2025-05-01T05:00:00,,평일
신분당선,4304,신사,D4,,20250619,신분당선,4319,광교,D19,N,신분당선,,4315,수지구청,D15,N,11:20:27,11:20:57,,SA055,상행,2025-05-01T05:00:00,,평일
신분당선,4304,신사,D4,,20250619,신분당선,4319,광교,D19,N,신분당선,,4314,동천,D14,N,11:23:19,11:23:49,,SA055,상행,2025-05-01T05:00:00,,평일
신분당선,4304,신사,D4,,20250619,신분당선,4319,광교,D19,N,신분당선,,4313,미금,D13,N,11:26:01,11:26:31,,SA055,상행,2025-05-01T05:00:00,,평일
신분당선,4304,신사,D4,,20250619,신분당선,4319,광교,D19,N,신분당선,,4312,정자,D12,N,11:28:31,11:29:06,,SA055,상행,2025-05-01T05:00:00,,평일
신분당선,4304,신사,D4,,20250619,신분당선,4319,광교,D19,N,신분당선,,4311,판교,D11,N,11:31:46,11:32:21,,SA055,상행,2025-05-01T05:00:00,,평일
신분당선,4304,신사,D4,,20250619,신분당선,4319,광교,D19,N,신분당선,,4310,청계산입구,D10,N,11:38:24,11:38:49,,SA055,상행,2025-05-01T05:00:00,,평일
신분당선,4304,신사,D4,,20250619,신분당선,4319,광교,D19,N,신분당선,,4309,양재시민의숲,D9,N,11:41:19,11:41:49,,SA055,상행,2025-05-01T05:00:00,,평일
신분당선,4304,신사,D4,,20250619,신분당선,4319,광교,D19,N,신분당선,,4308,양재,D8,N,11:43:33,11:44:08,,SA055,상행,2025-05-01T05:00:00,,평일
신분당선,4304,신사,D4,,20250619,신분당선,4319,광교,D19,N,신분당선,,4307,강남,D7,N,11:45:52,11:46:27,,SA055,상행,2025-05-01T05:00:00,,평일
신분당선,4304,신사,D4,,20250619,신분당선,4319,광교,D19,N,신분당선,,4306,신논현,D6,N,11:47:34,11:48:09,,SA055,상행,2025-05-01T05:00:00,,평일
신분당선,4304,신사,D4,,20250619,신분당선,4319,광교,D19,N,신분당선,,4305,논현,D5,N,11:49:14,11:49:49,,SA055,상행,2025-05-01T05:00:00,,평일
신분당선,4304,신사,D4,,20250619,신분당선,4319,광교,D19,N,신분당선,,4304,신사,D4,N,11:50:54,,,SA055,상행,2025-05-01T05:00:00,,평일
신분당선,4304,신사,D4,,20250619,신분당선,4319,광교,D19,N,신분당선,,4319,광교,D19,N,,11:16:50,,SA056,상행,2025-05-01T05:00:00,,평일
신분당선,4304,신사,D4,,20250619,신분당선,4319,광교,D19,N,신분당선,,4318,광교중앙,D18,N,11:19:46,11:20:11,,SA056,상행,2025-05-01T05:00:00,,평일
신분당선,4304,신사,D4,,20250619,신분당선,4319,광교,D19,N,신분당선,,4317,상현,D17,N,11:22:56,11:23:21,,SA056,상행,2025-05-01T05:00:00,,평일
신분당선,4304,신사,D4,,20250619,신분당선,4319,광교,D19,N,신분당선,,4316,성복,D16,N,11:25:55,11:26:20,,SA056,상행,2025-05-01T05:00:00,,평일
신분당선,4304,신사,D4,,20250619,신분당선,4319,광교,D19,N,신분당선,,4315,수지구청,D15,N,11:28:27,11:28:57,,SA056,상행,2025-05-01T05:00:00,,평일
신분당선,4304,신사,D4,,20250619,신분당선,4319,광교,D19,N,신분당선,,4314,동천,D14,N,11:31:19,11:31:49,,SA056,상행,2025-05-01T05:00:00,,평일
신분당선,4304,신사,D4,,20250619,신분당선,4319,광교,D19,N,신분당선,,4313,미금,D13,N,11:34:01,11:34:31,,SA056,상행,2025-05-01T05:00:00,,평일
신분당선,4304,신사,D4,,20250619,신분당선,4319,광교,D19,N,신분당선,,4312,정자,D12,N,11:36:31,11:37:06,,SA056,상행,2025-05-01T05:00:00,,평일
신분당선,4304,신사,D4,,20250619,신분당선,4319,광교,D19,N,신분당선,,4311,판교,D11,N,11:39:46,11:40:21,,SA056,상행,2025-05-01T05:00:00,,평일
신분당선,4304,신사,D4,,20250619,신분당선,4319,광교,D19,N,신분당선,,4310,청계산입구,D10,N,11:46:24,11:46:49,,SA056,상행,2025-05-01T05:00:00,,평일
신분당선,4304,신사,D4,,20250619,신분당선,4319,광교,D19,N,신분당선,,4309,양재시민의숲,D9,N,11:49:19,11:49:49,,SA056,상행,2025-05-01T05:00:00,,평일
신분당선,4304,신사,D4,,20250619,신분당선,4319,광교,D19,N,신분당선,,4308,양재,D8,N,11:51:33,11:52:08,,SA056,상행,2025-05-01T05:00:00,,평일
신분당선,4304,신사,D4,,20250619,신분당선,4319,광교,D19,N,신분당선,,4307,강남,D7,N,11:53:52,11:54:27,,SA056,상행,2025-05-01T05:00:00,,평일
신분당선,4304,신사,D4,,20250619,신분당선,4319,광교,D19,N,신분당선,,4306,신논현,D6,N,11:55:34,11:56:09,,SA056,상행,2025-05-01T05:00:00,,평일
신분당선,4304,신사,D4,,20250619,신분당선,4319,광교,D19,N,신분당선,,4305,논현,D5,N,11:57:14,11:57:49,,SA056,상행,2025-05-01T05:00:00,,평일
신분당선,4304,신사,D4,,20250619,신분당선,4319,광교,D19,N,신분당선,,4304,신사,D4,N,11:58:54,,,SA056,상행,2025-05-01T05:00:00,,평일
신분당선,4304,신사,D4,,20250619,신분당선,4319,광교,D19,N,신분당선,,4319,광교,D19,N,,11:24:50,,SA057,상행,2025-05-01T05:00:00,,평일
신분당선,4304,신사,D4,,20250619,신분당선,4319,광교,D19,N,신분당선,,4318,광교중앙,D18,N,11:27:46,11:28:11,,SA057,상행,2025-05-01T05:00:00,,평일
신분당선,4304,신사,D4,,20250619,신분당선,4319,광교,D19,N,신분당선,,4317,상현,D17,N,11:30:56,11:31:21,,SA057,상행,2025-05-01T05:00:00,,평일
신분당선,4304,신사,D4,,20250619,신분당선,4319,광교,D19,N,신분당선,,4316,성복,D16,N,11:33:55,11:34:20,,SA057,상행,2025-05-01T05:00:00,,평일
신분당선,4304,신사,D4,,20250619,신분당선,4319,광교,D19,N,신분당선,,4315,수지구청,D15,N,11:36:27,11:36:57,,SA057,상행,2025-05-01T05:00:00,,평일
신분당선,4304,신사,D4,,20250619,신분당선,4319,광교,D19,N,신분당선,,4314,동천,D14,N,11:39:19,11:39:49,,SA057,상행,2025-05-01T05:00:00,,평일
신분당선,4304,신사,D4,,20250619,신분당선,4319,광교,D19,N,신분당선,,4313,미금,D13,N,11:42:01,11:42:31,,SA057,상행,2025-05-01T05:00:00,,평일
신분당선,4304,신사,D4,,20250619,신분당선,4319,광교,D19,N,신분당선,,4312,정자,D12,N,11:44:31,11:45:06,,SA057,상행,2025-05-01T05:00:00,,평일
신분당선,4304,신사,D4,,20250619,신분당선,4319,광교,D19,N,신분당선,,4311,판교,D11,N,11:47:46,11:48:21,,SA057,상행,2025-05-01T05:00:00,,평일
신분당선,4304,신사,D4,,20250619,신분당선,4319,광교,D19,N,신분당선,,4310,청계산입구,D10,N,11:54:24,11:54:49,,SA057,상행,2025-05-01T05:00:00,,평일
신분당선,4304,신사,D4,,20250619,신분당선,4319,광교,D19,N,신분당선,,4309,양재시민의숲,D9,N,11:57:19,11:57:49,,SA057,상행,2025-05-01T05:00:00,,평일
신분당선,4304,신사,D4,,20250619,신분당선,4319,광교,D19,N,신분당선,,4308,양재,D8,N,11:59:33,12:00:08,,SA057,상행,2025-05-01T05:00:00,,평일
신분당선,4304,신사,D4,,20250619,신분당선,4319,광교,D19,N,신분당선,,4307,강남,D7,N,12:01:52,12:02:27,,SA057,상행,2025-05-01T05:00:00,,평일
신분당선,4304,신사,D4,,20250619,신분당선,4319,광교,D19,N,신분당선,,4306,신논현,D6,N,12:03:34,12:04:09,,SA057,상행,2025-05-01T05:00:00,,평일
신분당선,4304,신사,D4,,20250619,신분당선,4319,광교,D19,N,신분당선,,4305,논현,D5,N,12:05:14,12:05:49,,SA057,상행,2025-05-01T05:00:00,,평일
신분당선,4304,신사,D4,,20250619,신분당선,4319,광교,D19,N,신분당선,,4304,신사,D4,N,12:06:54,,,SA057,상행,2025-05-01T05:00:00,,평일
신분당선,4304,신사,D4,,20250619,신분당선,4319,광교,D19,N,신분당선,,4319,광교,D19,N,,11:32:50,,SA058,상행,2025-05-01T05:00:00,,평일
신분당선,4304,신사,D4,,20250619,신분당선,4319,광교,D19,N,신분당선,,4318,광교중앙,D18,N,11:35:46,11:36:11,,SA058,상행,2025-05-01T05:00:00,,평일
신분당선,4304,신사,D4,,20250619,신분당선,4319,광교,D19,N,신분당선,,4317,상현,D17,N,11:38:56,11:39:21,,SA058,상행,2025-05-01T05:00:00,,평일
신분당선,4304,신사,D4,,20250619,신분당선,4319,광교,D19,N,신분당선,,4316,성복,D16,N,11:41:55,11:42:20,,SA058,상행,2025-05-01T05:00:00,,평일
신분당선,4304,신사,D4,,20250619,신분당선,4319,광교,D19,N,신분당선,,4315,수지구청,D15,N,11:44:27,11:44:57,,SA058,상행,2025-05-01T05:00:00,,평일
신분당선,4304,신사,D4,,20250619,신분당선,4319,광교,D19,N,신분당선,,4314,동천,D14,N,11:47:19,11:47:49,,SA058,상행,2025-05-01T05:00:00,,평일
신분당선,4304,신사,D4,,20250619,신분당선,4319,광교,D19,N,신분당선,,4313,미금,D13,N,11:50:01,11:50:31,,SA058,상행,2025-05-01T05:00:00,,평일
신분당선,4304,신사,D4,,20250619,신분당선,4319,광교,D19,N,신분당선,,4312,정자,D12,N,11:52:31,11:53:06,,SA058,상행,2025-05-01T05:00:00,,평일
신분당선,4304,신사,D4,,20250619,신분당선,4319,광교,D19,N,신분당선,,4311,판교,D11,N,11:55:46,11:56:21,,SA058,상행,2025-05-01T05:00:00,,평일
신분당선,4304,신사,D4,,20250619,신분당선,4319,광교,D19,N,신분당선,,4310,청계산입구,D10,N,12:02:24,12:02:49,,SA058,상행,2025-05-01T05:00:00,,평일
신분당선,4304,신사,D4,,20250619,신분당선,4319,광교,D19,N,신분당선,,4309,양재시민의숲,D9,N,12:05:19,12:05:49,,SA058,상행,2025-05-01T05:00:00,,평일
신분당선,4304,신사,D4,,20250619,신분당선,4319,광교,D19,N,신분당선,,4308,양재,D8,N,12:07:33,12:08:08,,SA058,상행,2025-05-01T05:00:00,,평일
신분당선,4304,신사,D4,,20250619,신분당선,4319,광교,D19,N,신분당선,,4307,강남,D7,N,12:09:52,12:10:27,,SA058,상행,2025-05-01T05:00:00,,평일
신분당선,4304,신사,D4,,20250619,신분당선,4319,광교,D19,N,신분당선,,4306,신논현,D6,N,12:11:34,12:12:09,,SA058,상행,2025-05-01T05:00:00,,평일
신분당선,4304,신사,D4,,20250619,신분당선,4319,광교,D19,N,신분당선,,4305,논현,D5,N,12:13:14,12:13:49,,SA058,상행,2025-05-01T05:00:00,,평일
신분당선,4304,신사,D4,,20250619,신분당선,4319,광교,D19,N,신분당선,,4304,신사,D4,N,12:14:54,,,SA058,상행,2025-05-01T05:00:00,,평일
신분당선,4304,신사,D4,,20250619,신분당선,4319,광교,D19,N,신분당선,,4319,광교,D19,N,,11:40:50,,SA059,상행,2025-05-01T05:00:00,,평일
신분당선,4304,신사,D4,,20250619,신분당선,4319,광교,D19,N,신분당선,,4318,광교중앙,D18,N,11:43:46,11:44:11,,SA059,상행,2025-05-01T05:00:00,,평일
신분당선,4304,신사,D4,,20250619,신분당선,4319,광교,D19,N,신분당선,,4317,상현,D17,N,11:46:56,11:47:21,,SA059,상행,2025-05-01T05:00:00,,평일
신분당선,4304,신사,D4,,20250619,신분당선,4319,광교,D19,N,신분당선,,4316,성복,D16,N,11:49:55,11:50:20,,SA059,상행,2025-05-01T05:00:00,,평일
신분당선,4304,신사,D4,,20250619,신분당선,4319,광교,D19,N,신분당선,,4315,수지구청,D15,N,11:52:27,11:52:57,,SA059,상행,2025-05-01T05:00:00,,평일
신분당선,4304,신사,D4,,20250619,신분당선,4319,광교,D19,N,신분당선,,4314,동천,D14,N,11:55:19,11:55:49,,SA059,상행,2025-05-01T05:00:00,,평일
신분당선,4304,신사,D4,,20250619,신분당선,4319,광교,D19,N,신분당선,,4313,미금,D13,N,11:58:01,11:58:31,,SA059,상행,2025-05-01T05:00:00,,평일
신분당선,4304,신사,D4,,20250619,신분당선,4319,광교,D19,N,신분당선,,4312,정자,D12,N,12:00:31,12:01:06,,SA059,상행,2025-05-01T05:00:00,,평일
신분당선,4304,신사,D4,,20250619,신분당선,4319,광교,D19,N,신분당선,,4311,판교,D11,N,12:03:46,12:04:21,,SA059,상행,2025-05-01T05:00:00,,평일
신분당선,4304,신사,D4,,20250619,신분당선,4319,광교,D19,N,신분당선,,4310,청계산입구,D10,N,12:10:24,12:10:49,,SA059,상행,2025-05-01T05:00:00,,평일
신분당선,4304,신사,D4,,20250619,신분당선,4319,광교,D19,N,신분당선,,4309,양재시민의숲,D9,N,12:13:19,12:13:49,,SA059,상행,2025-05-01T05:00:00,,평일
신분당선,4304,신사,D4,,20250619,신분당선,4319,광교,D19,N,신분당선,,4308,양재,D8,N,12:15:33,12:16:08,,SA059,상행,2025-05-01T05:00:00,,평일
신분당선,4304,신사,D4,,20250619,신분당선,4319,광교,D19,N,신분당선,,4307,강남,D7,N,12:17:52,12:18:27,,SA059,상행,2025-05-01T05:00:00,,평일
신분당선,4304,신사,D4,,20250619,신분당선,4319,광교,D19,N,신분당선,,4306,신논현,D6,N,12:19:34,12:20:09,,SA059,상행,2025-05-01T05:00:00,,평일
신분당선,4304,신사,D4,,20250619,신분당선,4319,광교,D19,N,신분당선,,4305,논현,D5,N,12:21:14,12:21:49,,SA059,상행,2025-05-01T05:00:00,,평일
신분당선,4304,신사,D4,,20250619,신분당선,4319,광교,D19,N,신분당선,,4304,신사,D4,N,12:22:54,,,SA059,상행,2025-05-01T05:00:00,,평일
신분당선,4304,신사,D4,,20250619,신분당선,4319,광교,D19,N,신분당선,,4319,광교,D19,N,,11:48:50,,SA060,상행,2025-05-01T05:00:00,,평일
신분당선,4304,신사,D4,,20250619,신분당선,4319,광교,D19,N,신분당선,,4318,광교중앙,D18,N,11:51:46,11:52:11,,SA060,상행,2025-05-01T05:00:00,,평일
신분당선,4304,신사,D4,,20250619,신분당선,4319,광교,D19,N,신분당선,,4317,상현,D17,N,11:54:56,11:55:21,,SA060,상행,2025-05-01T05:00:00,,평일
신분당선,4304,신사,D4,,20250619,신분당선,4319,광교,D19,N,신분당선,,4316,성복,D16,N,11:57:55,11:58:20,,SA060,상행,2025-05-01T05:00:00,,평일
신분당선,4304,신사,D4,,20250619,신분당선,4319,광교,D19,N,신분당선,,4315,수지구청,D15,N,12:00:27,12:00:57,,SA060,상행,2025-05-01T05:00:00,,평일
신분당선,4304,신사,D4,,20250619,신분당선,4319,광교,D19,N,신분당선,,4314,동천,D14,N,12:03:19,12:03:49,,SA060,상행,2025-05-01T05:00:00,,평일
신분당선,4304,신사,D4,,20250619,신분당선,4319,광교,D19,N,신분당선,,4313,미금,D13,N,12:06:01,12:06:31,,SA060,상행,2025-05-01T05:00:00,,평일
신분당선,4304,신사,D4,,20250619,신분당선,4319,광교,D19,N,신분당선,,4312,정자,D12,N,12:08:31,12:09:06,,SA060,상행,2025-05-01T05:00:00,,평일
신분당선,4304,신사,D4,,20250619,신분당선,4319,광교,D19,N,신분당선,,4311,판교,D11,N,12:11:46,12:12:21,,SA060,상행,2025-05-01T05:00:00,,평일
신분당선,4304,신사,D4,,20250619,신분당선,4319,광교,D19,N,신분당선,,4310,청계산입구,D10,N,12:18:24,12:18:49,,SA060,상행,2025-05-01T05:00:00,,평일
신분당선,4304,신사,D4,,20250619,신분당선,4319,광교,D19,N,신분당선,,4309,양재시민의숲,D9,N,12:21:19,12:21:49,,SA060,상행,2025-05-01T05:00:00,,평일
신분당선,4304,신사,D4,,20250619,신분당선,4319,광교,D19,N,신분당선,,4308,양재,D8,N,12:23:33,12:24:08,,SA060,상행,2025-05-01T05:00:00,,평일
신분당선,4304,신사,D4,,20250619,신분당선,4319,광교,D19,N,신분당선,,4307,강남,D7,N,12:25:52,12:26:27,,SA060,상행,2025-05-01T05:00:00,,평일
신분당선,4304,신사,D4,,20250619,신분당선,4319,광교,D19,N,신분당선,,4306,신논현,D6,N,12:27:34,12:28:09,,SA060,상행,2025-05-01T05:00:00,,평일
신분당선,4304,신사,D4,,20250619,신분당선,4319,광교,D19,N,신분당선,,4305,논현,D5,N,12:29:14,12:29:49,,SA060,상행,2025-05-01T05:00:00,,평일
신분당선,4304,신사,D4,,20250619,신분당선,4319,광교,D19,N,신분당선,,4304,신사,D4,N,12:30:54,,,SA060,상행,2025-05-01T05:00:00,,평일
신분당선,4304,신사,D4,,20250619,신분당선,4319,광교,D19,N,신분당선,,4319,광교,D19,N,,11:56:50,,SA061,상행,2025-05-01T05:00:00,,평일
신분당선,4304,신사,D4,,20250619,신분당선,4319,광교,D19,N,신분당선,,4318,광교중앙,D18,N,11:59:46,12:00:11,,SA061,상행,2025-05-01T05:00:00,,평일
신분당선,4304,신사,D4,,20250619,신분당선,4319,광교,D19,N,신분당선,,4317,상현,D17,N,12:02:56,12:03:21,,SA061,상행,2025-05-01T05:00:00,,평일
신분당선,4304,신사,D4,,20250619,신분당선,4319,광교,D19,N,신분당선,,4316,성복,D16,N,12:05:55,12:06:20,,SA061,상행,2025-05-01T05:00:00,,평일
신분당선,4304,신사,D4,,20250619,신분당선,4319,광교,D19,N,신분당선,,4315,수지구청,D15,N,12:08:27,12:08:57,,SA061,상행,2025-05-01T05:00:00,,평일
신분당선,4304,신사,D4,,20250619,신분당선,4319,광교,D19,N,신분당선,,4314,동천,D14,N,12:11:19,12:11:49,,SA061,상행,2025-05-01T05:00:00,,평일
신분당선,4304,신사,D4,,20250619,신분당선,4319,광교,D19,N,신분당선,,4313,미금,D13,N,12:14:01,12:14:31,,SA061,상행,2025-05-01T05:00:00,,평일
신분당선,4304,신사,D4,,20250619,신분당선,4319,광교,D19,N,신분당선,,4312,정자,D12,N,12:16:31,12:17:06,,SA061,상행,2025-05-01T05:00:00,,평일
신분당선,4304,신사,D4,,20250619,신분당선,4319,광교,D19,N,신분당선,,4311,판교,D11,N,12:19:46,12:20:21,,SA061,상행,2025-05-01T05:00:00,,평일
신분당선,4304,신사,D4,,20250619,신분당선,4319,광교,D19,N,신분당선,,4310,청계산입구,D10,N,12:26:24,12:26:49,,SA061,상행,2025-05-01T05:00:00,,평일
신분당선,4304,신사,D4,,20250619,신분당선,4319,광교,D19,N,신분당선,,4309,양재시민의숲,D9,N,12:29:19,12:29:49,,SA061,상행,2025-05-01T05:00:00,,평일
신분당선,4304,신사,D4,,20250619,신분당선,4319,광교,D19,N,신분당선,,4308,양재,D8,N,12:31:33,12:32:08,,SA061,상행,2025-05-01T05:00:00,,평일
신분당선,4304,신사,D4,,20250619,신분당선,4319,광교,D19,N,신분당선,,4307,강남,D7,N,12:33:52,12:34:27,,SA061,상행,2025-05-01T05:00:00,,평일
신분당선,4304,신사,D4,,20250619,신분당선,4319,광교,D19,N,신분당선,,4306,신논현,D6,N,12:35:34,12:36:09,,SA061,상행,2025-05-01T05:00:00,,평일
신분당선,4304,신사,D4,,20250619,신분당선,4319,광교,D19,N,신분당선,,4305,논현,D5,N,12:37:14,12:37:49,,SA061,상행,2025-05-01T05:00:00,,평일
신분당선,4304,신사,D4,,20250619,신분당선,4319,광교,D19,N,신분당선,,4304,신사,D4,N,12:38:54,,,SA061,상행,2025-05-01T05:00:00,,평일
신분당선,4304,신사,D4,,20250619,신분당선,4319,광교,D19,N,신분당선,,4319,광교,D19,N,,12:04:50,,SA062,상행,2025-05-01T05:00:00,,평일
신분당선,4304,신사,D4,,20250619,신분당선,4319,광교,D19,N,신분당선,,4318,광교중앙,D18,N,12:07:46,12:08:11,,SA062,상행,2025-05-01T05:00:00,,평일
신분당선,4304,신사,D4,,20250619,신분당선,4319,광교,D19,N,신분당선,,4317,상현,D17,N,12:10:56,12:11:21,,SA062,상행,2025-05-01T05:00:00,,평일
신분당선,4304,신사,D4,,20250619,신분당선,4319,광교,D19,N,신분당선,,4316,성복,D16,N,12:13:55,12:14:20,,SA062,상행,2025-05-01T05:00:00,,평일
신분당선,4304,신사,D4,,20250619,신분당선,4319,광교,D19,N,신분당선,,4315,수지구청,D15,N,12:16:27,12:16:57,,SA062,상행,2025-05-01T05:00:00,,평일
신분당선,4304,신사,D4,,20250619,신분당선,4319,광교,D19,N,신분당선,,4314,동천,D14,N,12:19:19,12:19:49,,SA062,상행,2025-05-01T05:00:00,,평일
신분당선,4304,신사,D4,,20250619,신분당선,4319,광교,D19,N,신분당선,,4313,미금,D13,N,12:22:01,12:22:31,,SA062,상행,2025-05-01T05:00:00,,평일
신분당선,4304,신사,D4,,20250619,신분당선,4319,광교,D19,N,신분당선,,4312,정자,D12,N,12:24:31,12:25:06,,SA062,상행,2025-05-01T05:00:00,,평일
신분당선,4304,신사,D4,,20250619,신분당선,4319,광교,D19,N,신분당선,,4311,판교,D11,N,12:27:46,12:28:21,,SA062,상행,2025-05-01T05:00:00,,평일
신분당선,4304,신사,D4,,20250619,신분당선,4319,광교,D19,N,신분당선,,4310,청계산입구,D10,N,12:34:24,12:34:49,,SA062,상행,2025-05-01T05:00:00,,평일
신분당선,4304,신사,D4,,20250619,신분당선,4319,광교,D19,N,신분당선,,4309,양재시민의숲,D9,N,12:37:19,12:37:49,,SA062,상행,2025-05-01T05:00:00,,평일
신분당선,4304,신사,D4,,20250619,신분당선,4319,광교,D19,N,신분당선,,4308,양재,D8,N,12:39:33,12:40:08,,SA062,상행,2025-05-01T05:00:00,,평일
신분당선,4304,신사,D4,,20250619,신분당선,4319,광교,D19,N,신분당선,,4307,강남,D7,N,12:41:52,12:42:27,,SA062,상행,2025-05-01T05:00:00,,평일
신분당선,4304,신사,D4,,20250619,신분당선,4319,광교,D19,N,신분당선,,4306,신논현,D6,N,12:43:34,12:44:09,,SA062,상행,2025-05-01T05:00:00,,평일
신분당선,4304,신사,D4,,20250619,신분당선,4319,광교,D19,N,신분당선,,4305,논현,D5,N,12:45:14,12:45:49,,SA062,상행,2025-05-01T05:00:00,,평일
신분당선,4304,신사,D4,,20250619,신분당선,4319,광교,D19,N,신분당선,,4304,신사,D4,N,12:46:54,,,SA062,상행,2025-05-01T05:00:00,,평일
신분당선,4304,신사,D4,,20250619,신분당선,4319,광교,D19,N,신분당선,,4319,광교,D19,N,,12:12:50,,SA063,상행,2025-05-01T05:00:00,,평일
신분당선,4304,신사,D4,,20250619,신분당선,4319,광교,D19,N,신분당선,,4318,광교중앙,D18,N,12:15:46,12:16:11,,SA063,상행,2025-05-01T05:00:00,,평일
신분당선,4304,신사,D4,,20250619,신분당선,4319,광교,D19,N,신분당선,,4317,상현,D17,N,12:18:56,12:19:21,,SA063,상행,2025-05-01T05:00:00,,평일
신분당선,4304,신사,D4,,20250619,신분당선,4319,광교,D19,N,신분당선,,4316,성복,D16,N,12:21:55,12:22:20,,SA063,상행,2025-05-01T05:00:00,,평일
신분당선,4304,신사,D4,,20250619,신분당선,4319,광교,D19,N,신분당선,,4315,수지구청,D15,N,12:24:27,12:24:57,,SA063,상행,2025-05-01T05:00:00,,평일
신분당선,4304,신사,D4,,20250619,신분당선,4319,광교,D19,N,신분당선,,4314,동천,D14,N,12:27:19,12:27:49,,SA063,상행,2025-05-01T05:00:00,,평일
신분당선,4304,신사,D4,,20250619,신분당선,4319,광교,D19,N,신분당선,,4313,미금,D13,N,12:30:01,12:30:31,,SA063,상행,2025-05-01T05:00:00,,평일
신분당선,4304,신사,D4,,20250619,신분당선,4319,광교,D19,N,신분당선,,4312,정자,D12,N,12:32:31,12:33:06,,SA063,상행,2025-05-01T05:00:00,,평일
신분당선,4304,신사,D4,,20250619,신분당선,4319,광교,D19,N,신분당선,,4311,판교,D11,N,12:35:46,12:36:21,,SA063,상행,2025-05-01T05:00:00,,평일
신분당선,4304,신사,D4,,20250619,신분당선,4319,광교,D19,N,신분당선,,4310,청계산입구,D10,N,12:42:24,12:42:49,,SA063,상행,2025-05-01T05:00:00,,평일
신분당선,4304,신사,D4,,20250619,신분당선,4319,광교,D19,N,신분당선,,4309,양재시민의숲,D9,N,12:45:19,12:45:49,,SA063,상행,2025-05-01T05:00:00,,평일
신분당선,4304,신사,D4,,20250619,신분당선,4319,광교,D19,N,신분당선,,4308,양재,D8,N,12:47:33,12:48:08,,SA063,상행,2025-05-01T05:00:00,,평일
신분당선,4304,신사,D4,,20250619,신분당선,4319,광교,D19,N,신분당선,,4307,강남,D7,N,12:49:52,12:50:27,,SA063,상행,2025-05-01T05:00:00,,평일
신분당선,4304,신사,D4,,20250619,신분당선,4319,광교,D19,N,신분당선,,4306,신논현,D6,N,12:51:34,12:52:09,,SA063,상행,2025-05-01T05:00:00,,평일
신분당선,4304,신사,D4,,20250619,신분당선,4319,광교,D19,N,신분당선,,4305,논현,D5,N,12:53:14,12:53:49,,SA063,상행,2025-05-01T05:00:00,,평일
신분당선,4304,신사,D4,,20250619,신분당선,4319,광교,D19,N,신분당선,,4304,신사,D4,N,12:54:54,,,SA063,상행,2025-05-01T05:00:00,,평일
신분당선,4304,신사,D4,,20250619,신분당선,4319,광교,D19,N,신분당선,,4319,광교,D19,N,,12:20:50,,SA064,상행,2025-05-01T05:00:00,,평일
신분당선,4304,신사,D4,,20250619,신분당선,4319,광교,D19,N,신분당선,,4318,광교중앙,D18,N,12:23:46,12:24:11,,SA064,상행,2025-05-01T05:00:00,,평일
신분당선,4304,신사,D4,,20250619,신분당선,4319,광교,D19,N,신분당선,,4317,상현,D17,N,12:26:56,12:27:21,,SA064,상행,2025-05-01T05:00:00,,평일
신분당선,4304,신사,D4,,20250619,신분당선,4319,광교,D19,N,신분당선,,4316,성복,D16,N,12:29:55,12:30:20,,SA064,상행,2025-05-01T05:00:00,,평일
신분당선,4304,신사,D4,,20250619,신분당선,4319,광교,D19,N,신분당선,,4315,수지구청,D15,N,12:32:27,12:32:57,,SA064,상행,2025-05-01T05:00:00,,평일
신분당선,4304,신사,D4,,20250619,신분당선,4319,광교,D19,N,신분당선,,4314,동천,D14,N,12:35:19,12:35:49,,SA064,상행,2025-05-01T05:00:00,,평일
신분당선,4304,신사,D4,,20250619,신분당선,4319,광교,D19,N,신분당선,,4313,미금,D13,N,12:38:01,12:38:31,,SA064,상행,2025-05-01T05:00:00,,평일
신분당선,4304,신사,D4,,20250619,신분당선,4319,광교,D19,N,신분당선,,4312,정자,D12,N,12:40:31,12:41:06,,SA064,상행,2025-05-01T05:00:00,,평일
신분당선,4304,신사,D4,,20250619,신분당선,4319,광교,D19,N,신분당선,,4311,판교,D11,N,12:43:46,12:44:21,,SA064,상행,2025-05-01T05:00:00,,평일
신분당선,4304,신사,D4,,20250619,신분당선,4319,광교,D19,N,신분당선,,4310,청계산입구,D10,N,12:50:24,12:50:49,,SA064,상행,2025-05-01T05:00:00,,평일
신분당선,4304,신사,D4,,20250619,신분당선,4319,광교,D19,N,신분당선,,4309,양재시민의숲,D9,N,12:53:19,12:53:49,,SA064,상행,2025-05-01T05:00:00,,평일
신분당선,4304,신사,D4,,20250619,신분당선,4319,광교,D19,N,신분당선,,4308,양재,D8,N,12:55:33,12:56:08,,SA064,상행,2025-05-01T05:00:00,,평일
신분당선,4304,신사,D4,,20250619,신분당선,4319,광교,D19,N,신분당선,,4307,강남,D7,N,12:57:52,12:58:27,,SA064,상행,2025-05-01T05:00:00,,평일
신분당선,4304,신사,D4,,20250619,신분당선,4319,광교,D19,N,신분당선,,4306,신논현,D6,N,12:59:34,13:00:09,,SA064,상행,2025-05-01T05:00:00,,평일
신분당선,4304,신사,D4,,20250619,신분당선,4319,광교,D19,N,신분당선,,4305,논현,D5,N,13:01:14,13:01:49,,SA064,상행,2025-05-01T05:00:00,,평일
신분당선,4304,신사,D4,,20250619,신분당선,4319,광교,D19,N,신분당선,,4304,신사,D4,N,13:02:54,,,SA064,상행,2025-05-01T05:00:00,,평일
신분당선,4304,신사,D4,,20250619,신분당선,4319,광교,D19,N,신분당선,,4319,광교,D19,N,,12:28:50,,SA065,상행,2025-05-01T05:00:00,,평일
신분당선,4304,신사,D4,,20250619,신분당선,4319,광교,D19,N,신분당선,,4318,광교중앙,D18,N,12:31:46,12:32:11,,SA065,상행,2025-05-01T05:00:00,,평일
신분당선,4304,신사,D4,,20250619,신분당선,4319,광교,D19,N,신분당선,,4317,상현,D17,N,12:34:56,12:35:21,,SA065,상행,2025-05-01T05:00:00,,평일
신분당선,4304,신사,D4,,20250619,신분당선,4319,광교,D19,N,신분당선,,4316,성복,D16,N,12:37:55,12:38:20,,SA065,상행,2025-05-01T05:00:00,,평일
신분당선,4304,신사,D4,,20250619,신분당선,4319,광교,D19,N,신분당선,,4315,수지구청,D15,N,12:40:27,12:40:57,,SA065,상행,2025-05-01T05:00:00,,평일
신분당선,4304,신사,D4,,20250619,신분당선,4319,광교,D19,N,신분당선,,4314,동천,D14,N,12:43:19,12:43:49,,SA065,상행,2025-05-01T05:00:00,,평일
신분당선,4304,신사,D4,,20250619,신분당선,4319,광교,D19,N,신분당선,,4313,미금,D13,N,12:46:01,12:46:31,,SA065,상행,2025-05-01T05:00:00,,평일
신분당선,4304,신사,D4,,20250619,신분당선,4319,광교,D19,N,신분당선,,4312,정자,D12,N,12:48:31,12:49:06,,SA065,상행,2025-05-01T05:00:00,,평일
신분당선,4304,신사,D4,,20250619,신분당선,4319,광교,D19,N,신분당선,,4311,판교,D11,N,12:51:46,12:52:21,,SA065,상행,2025-05-01T05:00:00,,평일
신분당선,4304,신사,D4,,20250619,신분당선,4319,광교,D19,N,신분당선,,4310,청계산입구,D10,N,12:58:24,12:58:49,,SA065,상행,2025-05-01T05:00:00,,평일
신분당선,4304,신사,D4,,20250619,신분당선,4319,광교,D19,N,신분당선,,4309,양재시민의숲,D9,N,13:01:19,13:01:49,,SA065,상행,2025-05-01T05:00:00,,평일
신분당선,4304,신사,D4,,20250619,신분당선,4319,광교,D19,N,신분당선,,4308,양재,D8,N,13:03:33,13:04:08,,SA065,상행,2025-05-01T05:00:00,,평일
신분당선,4304,신사,D4,,20250619,신분당선,4319,광교,D19,N,신분당선,,4307,강남,D7,N,13:05:52,13:06:27,,SA065,상행,2025-05-01T05:00:00,,평일
신분당선,4304,신사,D4,,20250619,신분당선,4319,광교,D19,N,신분당선,,4306,신논현,D6,N,13:07:34,13:08:09,,SA065,상행,2025-05-01T05:00:00,,평일
신분당선,4304,신사,D4,,20250619,신분당선,4319,광교,D19,N,신분당선,,4305,논현,D5,N,13:09:14,13:09:49,,SA065,상행,2025-05-01T05:00:00,,평일
신분당선,4304,신사,D4,,20250619,신분당선,4319,광교,D19,N,신분당선,,4304,신사,D4,N,13:10:54,,,SA065,상행,2025-05-01T05:00:00,,평일
신분당선,4304,신사,D4,,20250619,신분당선,4319,광교,D19,N,신분당선,,4319,광교,D19,N,,12:36:50,,SA066,상행,2025-05-01T05:00:00,,평일
신분당선,4304,신사,D4,,20250619,신분당선,4319,광교,D19,N,신분당선,,4318,광교중앙,D18,N,12:39:46,12:40:11,,SA066,상행,2025-05-01T05:00:00,,평일
신분당선,4304,신사,D4,,20250619,신분당선,4319,광교,D19,N,신분당선,,4317,상현,D17,N,12:42:56,12:43:21,,SA066,상행,2025-05-01T05:00:00,,평일
신분당선,4304,신사,D4,,20250619,신분당선,4319,광교,D19,N,신분당선,,4316,성복,D16,N,12:45:55,12:46:20,,SA066,상행,2025-05-01T05:00:00,,평일
신분당선,4304,신사,D4,,20250619,신분당선,4319,광교,D19,N,신분당선,,4315,수지구청,D15,N,12:48:27,12:48:57,,SA066,상행,2025-05-01T05:00:00,,평일
신분당선,4304,신사,D4,,20250619,신분당선,4319,광교,D19,N,신분당선,,4314,동천,D14,N,12:51:19,12:51:49,,SA066,상행,2025-05-01T05:00:00,,평일
신분당선,4304,신사,D4,,20250619,신분당선,4319,광교,D19,N,신분당선,,4313,미금,D13,N,12:54:01,12:54:31,,SA066,상행,2025-05-01T05:00:00,,평일
신분당선,4304,신사,D4,,20250619,신분당선,4319,광교,D19,N,신분당선,,4312,정자,D12,N,12:56:31,12:57:06,,SA066,상행,2025-05-01T05:00:00,,평일
신분당선,4304,신사,D4,,20250619,신분당선,4319,광교,D19,N,신분당선,,4311,판교,D11,N,12:59:46,13:00:21,,SA066,상행,2025-05-01T05:00:00,,평일
신분당선,4304,신사,D4,,20250619,신분당선,4319,광교,D19,N,신분당선,,4310,청계산입구,D10,N,13:06:24,13:06:49,,SA066,상행,2025-05-01T05:00:00,,평일
신분당선,4304,신사,D4,,20250619,신분당선,4319,광교,D19,N,신분당선,,4309,양재시민의숲,D9,N,13:09:19,13:09:49,,SA066,상행,2025-05-01T05:00:00,,평일
신분당선,4304,신사,D4,,20250619,신분당선,4319,광교,D19,N,신분당선,,4308,양재,D8,N,13:11:33,13:12:08,,SA066,상행,2025-05-01T05:00:00,,평일
신분당선,4304,신사,D4,,20250619,신분당선,4319,광교,D19,N,신분당선,,4307,강남,D7,N,13:13:52,13:14:27,,SA066,상행,2025-05-01T05:00:00,,평일
신분당선,4304,신사,D4,,20250619,신분당선,4319,광교,D19,N,신분당선,,4306,신논현,D6,N,13:15:34,13:16:09,,SA066,상행,2025-05-01T05:00:00,,평일
신분당선,4304,신사,D4,,20250619,신분당선,4319,광교,D19,N,신분당선,,4305,논현,D5,N,13:17:14,13:17:49,,SA066,상행,2025-05-01T05:00:00,,평일
신분당선,4304,신사,D4,,20250619,신분당선,4319,광교,D19,N,신분당선,,4304,신사,D4,N,13:18:54,,,SA066,상행,2025-05-01T05:00:00,,평일
신분당선,4304,신사,D4,,20250619,신분당선,4319,광교,D19,N,신분당선,,4319,광교,D19,N,,12:44:50,,SA067,상행,2025-05-01T05:00:00,,평일
신분당선,4304,신사,D4,,20250619,신분당선,4319,광교,D19,N,신분당선,,4318,광교중앙,D18,N,12:47:46,12:48:11,,SA067,상행,2025-05-01T05:00:00,,평일
신분당선,4304,신사,D4,,20250619,신분당선,4319,광교,D19,N,신분당선,,4317,상현,D17,N,12:50:56,12:51:21,,SA067,상행,2025-05-01T05:00:00,,평일
신분당선,4304,신사,D4,,20250619,신분당선,4319,광교,D19,N,신분당선,,4316,성복,D16,N,12:53:55,12:54:20,,SA067,상행,2025-05-01T05:00:00,,평일
신분당선,4304,신사,D4,,20250619,신분당선,4319,광교,D19,N,신분당선,,4315,수지구청,D15,N,12:56:27,12:56:57,,SA067,상행,2025-05-01T05:00:00,,평일
신분당선,4304,신사,D4,,20250619,신분당선,4319,광교,D19,N,신분당선,,4314,동천,D14,N,12:59:19,12:59:49,,SA067,상행,2025-05-01T05:00:00,,평일
신분당선,4304,신사,D4,,20250619,신분당선,4319,광교,D19,N,신분당선,,4313,미금,D13,N,13:02:01,13:02:31,,SA067,상행,2025-05-01T05:00:00,,평일
신분당선,4304,신사,D4,,20250619,신분당선,4319,광교,D19,N,신분당선,,4312,정자,D12,N,13:04:31,13:05:06,,SA067,상행,2025-05-01T05:00:00,,평일
신분당선,4304,신사,D4,,20250619,신분당선,4319,광교,D19,N,신분당선,,4311,판교,D11,N,13:07:46,13:08:21,,SA067,상행,2025-05-01T05:00:00,,평일
신분당선,4304,신사,D4,,20250619,신분당선,4319,광교,D19,N,신분당선,,4310,청계산입구,D10,N,13:14:24,13:14:49,,SA067,상행,2025-05-01T05:00:00,,평일
신분당선,4304,신사,D4,,20250619,신분당선,4319,광교,D19,N,신분당선,,4309,양재시민의숲,D9,N,13:17:19,13:17:49,,SA067,상행,2025-05-01T05:00:00,,평일
신분당선,4304,신사,D4,,20250619,신분당선,4319,광교,D19,N,신분당선,,4308,양재,D8,N,13:19:33,13:20:08,,SA067,상행,2025-05-01T05:00:00,,평일
신분당선,4304,신사,D4,,20250619,신분당선,4319,광교,D19,N,신분당선,,4307,강남,D7,N,13:21:52,13:22:27,,SA067,상행,2025-05-01T05:00:00,,평일
신분당선,4304,신사,D4,,20250619,신분당선,4319,광교,D19,N,신분당선,,4306,신논현,D6,N,13:23:34,13:24:09,,SA067,상행,2025-05-01T05:00:00,,평일
신분당선,4304,신사,D4,,20250619,신분당선,4319,광교,D19,N,신분당선,,4305,논현,D5,N,13:25:14,13:25:49,,SA067,상행,2025-05-01T05:00:00,,평일
신분당선,4304,신사,D4,,20250619,신분당선,4319,광교,D19,N,신분당선,,4304,신사,D4,N,13:26:54,,,SA067,상행,2025-05-01T05:00:00,,평일
신분당선,4304,신사,D4,,20250619,신분당선,4319,광교,D19,N,신분당선,,4319,광교,D19,N,,12:52:50,,SA068,상행,2025-05-01T05:00:00,,평일
신분당선,4304,신사,D4,,20250619,신분당선,4319,광교,D19,N,신분당선,,4318,광교중앙,D18,N,12:55:46,12:56:11,,SA068,상행,2025-05-01T05:00:00,,평일
신분당선,4304,신사,D4,,20250619,신분당선,4319,광교,D19,N,신분당선,,4317,상현,D17,N,12:58:56,12:59:21,,SA068,상행,2025-05-01T05:00:00,,평일
신분당선,4304,신사,D4,,20250619,신분당선,4319,광교,D19,N,신분당선,,4316,성복,D16,N,13:01:55,13:02:20,,SA068,상행,2025-05-01T05:00:00,,평일
신분당선,4304,신사,D4,,20250619,신분당선,4319,광교,D19,N,신분당선,,4315,수지구청,D15,N,13:04:27,13:04:57,,SA068,상행,2025-05-01T05:00:00,,평일
신분당선,4304,신사,D4,,20250619,신분당선,4319,광교,D19,N,신분당선,,4314,동천,D14,N,13:07:19,13:07:49,,SA068,상행,2025-05-01T05:00:00,,평일
신분당선,4304,신사,D4,,20250619,신분당선,4319,광교,D19,N,신분당선,,4313,미금,D13,N,13:10:01,13:10:31,,SA068,상행,2025-05-01T05:00:00,,평일
신분당선,4304,신사,D4,,20250619,신분당선,4319,광교,D19,N,신분당선,,4312,정자,D12,N,13:12:31,13:13:06,,SA068,상행,2025-05-01T05:00:00,,평일
신분당선,4304,신사,D4,,20250619,신분당선,4319,광교,D19,N,신분당선,,4311,판교,D11,N,13:15:46,13:16:21,,SA068,상행,2025-05-01T05:00:00,,평일
신분당선,4304,신사,D4,,20250619,신분당선,4319,광교,D19,N,신분당선,,4310,청계산입구,D10,N,13:22:24,13:22:49,,SA068,상행,2025-05-01T05:00:00,,평일
신분당선,4304,신사,D4,,20250619,신분당선,4319,광교,D19,N,신분당선,,4309,양재시민의숲,D9,N,13:25:19,13:25:49,,SA068,상행,2025-05-01T05:00:00,,평일
신분당선,4304,신사,D4,,20250619,신분당선,4319,광교,D19,N,신분당선,,4308,양재,D8,N,13:27:33,13:28:08,,SA068,상행,2025-05-01T05:00:00,,평일
신분당선,4304,신사,D4,,20250619,신분당선,4319,광교,D19,N,신분당선,,4307,강남,D7,N,13:29:52,13:30:27,,SA068,상행,2025-05-01T05:00:00,,평일
신분당선,4304,신사,D4,,20250619,신분당선,4319,광교,D19,N,신분당선,,4306,신논현,D6,N,13:31:34,13:32:09,,SA068,상행,2025-05-01T05:00:00,,평일
신분당선,4304,신사,D4,,20250619,신분당선,4319,광교,D19,N,신분당선,,4305,논현,D5,N,13:33:14,13:33:49,,SA068,상행,2025-05-01T05:00:00,,평일
신분당선,4304,신사,D4,,20250619,신분당선,4319,광교,D19,N,신분당선,,4304,신사,D4,N,13:34:54,,,SA068,상행,2025-05-01T05:00:00,,평일
신분당선,4304,신사,D4,,20250619,신분당선,4319,광교,D19,N,신분당선,,4319,광교,D19,N,,13:00:50,,SA069,상행,2025-05-01T05:00:00,,평일
신분당선,4304,신사,D4,,20250619,신분당선,4319,광교,D19,N,신분당선,,4318,광교중앙,D18,N,13:03:46,13:04:11,,SA069,상행,2025-05-01T05:00:00,,평일
신분당선,4304,신사,D4,,20250619,신분당선,4319,광교,D19,N,신분당선,,4317,상현,D17,N,13:06:56,13:07:21,,SA069,상행,2025-05-01T05:00:00,,평일
신분당선,4304,신사,D4,,20250619,신분당선,4319,광교,D19,N,신분당선,,4316,성복,D16,N,13:09:55,13:10:20,,SA069,상행,2025-05-01T05:00:00,,평일
신분당선,4304,신사,D4,,20250619,신분당선,4319,광교,D19,N,신분당선,,4315,수지구청,D15,N,13:12:27,13:12:57,,SA069,상행,2025-05-01T05:00:00,,평일
신분당선,4304,신사,D4,,20250619,신분당선,4319,광교,D19,N,신분당선,,4314,동천,D14,N,13:15:19,13:15:49,,SA069,상행,2025-05-01T05:00:00,,평일
신분당선,4304,신사,D4,,20250619,신분당선,4319,광교,D19,N,신분당선,,4313,미금,D13,N,13:18:01,13:18:31,,SA069,상행,2025-05-01T05:00:00,,평일
신분당선,4304,신사,D4,,20250619,신분당선,4319,광교,D19,N,신분당선,,4312,정자,D12,N,13:20:31,13:21:06,,SA069,상행,2025-05-01T05:00:00,,평일
신분당선,4304,신사,D4,,20250619,신분당선,4319,광교,D19,N,신분당선,,4311,판교,D11,N,13:23:46,13:24:21,,SA069,상행,2025-05-01T05:00:00,,평일
신분당선,4304,신사,D4,,20250619,신분당선,4319,광교,D19,N,신분당선,,4310,청계산입구,D10,N,13:30:24,13:30:49,,SA069,상행,2025-05-01T05:00:00,,평일
신분당선,4304,신사,D4,,20250619,신분당선,4319,광교,D19,N,신분당선,,4309,양재시민의숲,D9,N,13:33:19,13:33:49,,SA069,상행,2025-05-01T05:00:00,,평일
신분당선,4304,신사,D4,,20250619,신분당선,4319,광교,D19,N,신분당선,,4308,양재,D8,N,13:35:33,13:36:08,,SA069,상행,2025-05-01T05:00:00,,평일
신분당선,4304,신사,D4,,20250619,신분당선,4319,광교,D19,N,신분당선,,4307,강남,D7,N,13:37:52,13:38:27,,SA069,상행,2025-05-01T05:00:00,,평일
신분당선,4304,신사,D4,,20250619,신분당선,4319,광교,D19,N,신분당선,,4306,신논현,D6,N,13:39:34,13:40:09,,SA069,상행,2025-05-01T05:00:00,,평일
신분당선,4304,신사,D4,,20250619,신분당선,4319,광교,D19,N,신분당선,,4305,논현,D5,N,13:41:14,13:41:49,,SA069,상행,2025-05-01T05:00:00,,평일
신분당선,4304,신사,D4,,20250619,신분당선,4319,광교,D19,N,신분당선,,4304,신사,D4,N,13:42:54,,,SA069,상행,2025-05-01T05:00:00,,평일
신분당선,4304,신사,D4,,20250619,신분당선,4319,광교,D19,N,신분당선,,4319,광교,D19,N,,13:08:50,,SA070,상행,2025-05-01T05:00:00,,평일
신분당선,4304,신사,D4,,20250619,신분당선,4319,광교,D19,N,신분당선,,4318,광교중앙,D18,N,13:11:46,13:12:11,,SA070,상행,2025-05-01T05:00:00,,평일
신분당선,4304,신사,D4,,20250619,신분당선,4319,광교,D19,N,신분당선,,4317,상현,D17,N,13:14:56,13:15:21,,SA070,상행,2025-05-01T05:00:00,,평일
신분당선,4304,신사,D4,,20250619,신분당선,4319,광교,D19,N,신분당선,,4316,성복,D16,N,13:17:55,13:18:20,,SA070,상행,2025-05-01T05:00:00,,평일
신분당선,4304,신사,D4,,20250619,신분당선,4319,광교,D19,N,신분당선,,4315,수지구청,D15,N,13:20:27,13:20:57,,SA070,상행,2025-05-01T05:00:00,,평일
신분당선,4304,신사,D4,,20250619,신분당선,4319,광교,D19,N,신분당선,,4314,동천,D14,N,13:23:19,13:23:49,,SA070,상행,2025-05-01T05:00:00,,평일
신분당선,4304,신사,D4,,20250619,신분당선,4319,광교,D19,N,신분당선,,4313,미금,D13,N,13:26:01,13:26:31,,SA070,상행,2025-05-01T05:00:00,,평일
신분당선,4304,신사,D4,,20250619,신분당선,4319,광교,D19,N,신분당선,,4312,정자,D12,N,13:28:31,13:29:06,,SA070,상행,2025-05-01T05:00:00,,평일
신분당선,4304,신사,D4,,20250619,신분당선,4319,광교,D19,N,신분당선,,4311,판교,D11,N,13:31:46,13:32:21,,SA070,상행,2025-05-01T05:00:00,,평일
신분당선,4304,신사,D4,,20250619,신분당선,4319,광교,D19,N,신분당선,,4310,청계산입구,D10,N,13:38:24,13:38:49,,SA070,상행,2025-05-01T05:00:00,,평일
신분당선,4304,신사,D4,,20250619,신분당선,4319,광교,D19,N,신분당선,,4309,양재시민의숲,D9,N,13:41:19,13:41:49,,SA070,상행,2025-05-01T05:00:00,,평일
신분당선,4304,신사,D4,,20250619,신분당선,4319,광교,D19,N,신분당선,,4308,양재,D8,N,13:43:33,13:44:08,,SA070,상행,2025-05-01T05:00:00,,평일
신분당선,4304,신사,D4,,20250619,신분당선,4319,광교,D19,N,신분당선,,4307,강남,D7,N,13:45:52,13:46:27,,SA070,상행,2025-05-01T05:00:00,,평일
신분당선,4304,신사,D4,,20250619,신분당선,4319,광교,D19,N,신분당선,,4306,신논현,D6,N,13:47:34,13:48:09,,SA070,상행,2025-05-01T05:00:00,,평일
신분당선,4304,신사,D4,,20250619,신분당선,4319,광교,D19,N,신분당선,,4305,논현,D5,N,13:49:14,13:49:49,,SA070,상행,2025-05-01T05:00:00,,평일
신분당선,4304,신사,D4,,20250619,신분당선,4319,광교,D19,N,신분당선,,4304,신사,D4,N,13:50:54,,,SA070,상행,2025-05-01T05:00:00,,평일
신분당선,4304,신사,D4,,20250619,신분당선,4319,광교,D19,N,신분당선,,4319,광교,D19,N,,13:16:50,,SA071,상행,2025-05-01T05:00:00,,평일
신분당선,4304,신사,D4,,20250619,신분당선,4319,광교,D19,N,신분당선,,4318,광교중앙,D18,N,13:19:46,13:20:11,,SA071,상행,2025-05-01T05:00:00,,평일
신분당선,4304,신사,D4,,20250619,신분당선,4319,광교,D19,N,신분당선,,4317,상현,D17,N,13:22:56,13:23:21,,SA071,상행,2025-05-01T05:00:00,,평일
신분당선,4304,신사,D4,,20250619,신분당선,4319,광교,D19,N,신분당선,,4316,성복,D16,N,13:25:55,13:26:20,,SA071,상행,2025-05-01T05:00:00,,평일
신분당선,4304,신사,D4,,20250619,신분당선,4319,광교,D19,N,신분당선,,4315,수지구청,D15,N,13:28:27,13:28:57,,SA071,상행,2025-05-01T05:00:00,,평일
신분당선,4304,신사,D4,,20250619,신분당선,4319,광교,D19,N,신분당선,,4314,동천,D14,N,13:31:19,13:31:49,,SA071,상행,2025-05-01T05:00:00,,평일
신분당선,4304,신사,D4,,20250619,신분당선,4319,광교,D19,N,신분당선,,4313,미금,D13,N,13:34:01,13:34:31,,SA071,상행,2025-05-01T05:00:00,,평일
신분당선,4304,신사,D4,,20250619,신분당선,4319,광교,D19,N,신분당선,,4312,정자,D12,N,13:36:31,13:37:06,,SA071,상행,2025-05-01T05:00:00,,평일
신분당선,4304,신사,D4,,20250619,신분당선,4319,광교,D19,N,신분당선,,4311,판교,D11,N,13:39:46,13:40:21,,SA071,상행,2025-05-01T05:00:00,,평일
신분당선,4304,신사,D4,,20250619,신분당선,4319,광교,D19,N,신분당선,,4310,청계산입구,D10,N,13:46:24,13:46:49,,SA071,상행,2025-05-01T05:00:00,,평일
신분당선,4304,신사,D4,,20250619,신분당선,4319,광교,D19,N,신분당선,,4309,양재시민의숲,D9,N,13:49:19,13:49:49,,SA071,상행,2025-05-01T05:00:00,,평일
신분당선,4304,신사,D4,,20250619,신분당선,4319,광교,D19,N,신분당선,,4308,양재,D8,N,13:51:33,13:52:08,,SA071,상행,2025-05-01T05:00:00,,평일
신분당선,4304,신사,D4,,20250619,신분당선,4319,광교,D19,N,신분당선,,4307,강남,D7,N,13:53:52,13:54:27,,SA071,상행,2025-05-01T05:00:00,,평일
신분당선,4304,신사,D4,,20250619,신분당선,4319,광교,D19,N,신분당선,,4306,신논현,D6,N,13:55:34,13:56:09,,SA071,상행,2025-05-01T05:00:00,,평일
신분당선,4304,신사,D4,,20250619,신분당선,4319,광교,D19,N,신분당선,,4305,논현,D5,N,13:57:14,13:57:49,,SA071,상행,2025-05-01T05:00:00,,평일
신분당선,4304,신사,D4,,20250619,신분당선,4319,광교,D19,N,신분당선,,4304,신사,D4,N,13:58:54,,,SA071,상행,2025-05-01T05:00:00,,평일
신분당선,4304,신사,D4,,20250619,신분당선,4319,광교,D19,N,신분당선,,4319,광교,D19,N,,13:24:50,,SA072,상행,2025-05-01T05:00:00,,평일
신분당선,4304,신사,D4,,20250619,신분당선,4319,광교,D19,N,신분당선,,4318,광교중앙,D18,N,13:27:46,13:28:11,,SA072,상행,2025-05-01T05:00:00,,평일
신분당선,4304,신사,D4,,20250619,신분당선,4319,광교,D19,N,신분당선,,4317,상현,D17,N,13:30:56,13:31:21,,SA072,상행,2025-05-01T05:00:00,,평일
신분당선,4304,신사,D4,,20250619,신분당선,4319,광교,D19,N,신분당선,,4316,성복,D16,N,13:33:55,13:34:20,,SA072,상행,2025-05-01T05:00:00,,평일
신분당선,4304,신사,D4,,20250619,신분당선,4319,광교,D19,N,신분당선,,4315,수지구청,D15,N,13:36:27,13:36:57,,SA072,상행,2025-05-01T05:00:00,,평일
신분당선,4304,신사,D4,,20250619,신분당선,4319,광교,D19,N,신분당선,,4314,동천,D14,N,13:39:19,13:39:49,,SA072,상행,2025-05-01T05:00:00,,평일
신분당선,4304,신사,D4,,20250619,신분당선,4319,광교,D19,N,신분당선,,4313,미금,D13,N,13:42:01,13:42:31,,SA072,상행,2025-05-01T05:00:00,,평일
신분당선,4304,신사,D4,,20250619,신분당선,4319,광교,D19,N,신분당선,,4312,정자,D12,N,13:44:31,13:45:06,,SA072,상행,2025-05-01T05:00:00,,평일
신분당선,4304,신사,D4,,20250619,신분당선,4319,광교,D19,N,신분당선,,4311,판교,D11,N,13:47:46,13:48:21,,SA072,상행,2025-05-01T05:00:00,,평일
신분당선,4304,신사,D4,,20250619,신분당선,4319,광교,D19,N,신분당선,,4310,청계산입구,D10,N,13:54:24,13:54:49,,SA072,상행,2025-05-01T05:00:00,,평일
신분당선,4304,신사,D4,,20250619,신분당선,4319,광교,D19,N,신분당선,,4309,양재시민의숲,D9,N,13:57:19,13:57:49,,SA072,상행,2025-05-01T05:00:00,,평일
신분당선,4304,신사,D4,,20250619,신분당선,4319,광교,D19,N,신분당선,,4308,양재,D8,N,13:59:33,14:00:08,,SA072,상행,2025-05-01T05:00:00,,평일
신분당선,4304,신사,D4,,20250619,신분당선,4319,광교,D19,N,신분당선,,4307,강남,D7,N,14:01:52,14:02:27,,SA072,상행,2025-05-01T05:00:00,,평일
신분당선,4304,신사,D4,,20250619,신분당선,4319,광교,D19,N,신분당선,,4306,신논현,D6,N,14:03:34,14:04:09,,SA072,상행,2025-05-01T05:00:00,,평일
신분당선,4304,신사,D4,,20250619,신분당선,4319,광교,D19,N,신분당선,,4305,논현,D5,N,14:05:14,14:05:49,,SA072,상행,2025-05-01T05:00:00,,평일
신분당선,4304,신사,D4,,20250619,신분당선,4319,광교,D19,N,신분당선,,4304,신사,D4,N,14:06:54,,,SA072,상행,2025-05-01T05:00:00,,평일
신분당선,4304,신사,D4,,20250619,신분당선,4319,광교,D19,N,신분당선,,4319,광교,D19,N,,13:32:50,,SA073,상행,2025-05-01T05:00:00,,평일
신분당선,4304,신사,D4,,20250619,신분당선,4319,광교,D19,N,신분당선,,4318,광교중앙,D18,N,13:35:46,13:36:11,,SA073,상행,2025-05-01T05:00:00,,평일
신분당선,4304,신사,D4,,20250619,신분당선,4319,광교,D19,N,신분당선,,4317,상현,D17,N,13:38:56,13:39:21,,SA073,상행,2025-05-01T05:00:00,,평일
신분당선,4304,신사,D4,,20250619,신분당선,4319,광교,D19,N,신분당선,,4316,성복,D16,N,13:41:55,13:42:20,,SA073,상행,2025-05-01T05:00:00,,평일
신분당선,4304,신사,D4,,20250619,신분당선,4319,광교,D19,N,신분당선,,4315,수지구청,D15,N,13:44:27,13:44:57,,SA073,상행,2025-05-01T05:00:00,,평일
신분당선,4304,신사,D4,,20250619,신분당선,4319,광교,D19,N,신분당선,,4314,동천,D14,N,13:47:19,13:47:49,,SA073,상행,2025-05-01T05:00:00,,평일
신분당선,4304,신사,D4,,20250619,신분당선,4319,광교,D19,N,신분당선,,4313,미금,D13,N,13:50:01,13:50:31,,SA073,상행,2025-05-01T05:00:00,,평일
신분당선,4304,신사,D4,,20250619,신분당선,4319,광교,D19,N,신분당선,,4312,정자,D12,N,13:52:31,13:53:06,,SA073,상행,2025-05-01T05:00:00,,평일
신분당선,4304,신사,D4,,20250619,신분당선,4319,광교,D19,N,신분당선,,4311,판교,D11,N,13:55:46,13:56:21,,SA073,상행,2025-05-01T05:00:00,,평일
신분당선,4304,신사,D4,,20250619,신분당선,4319,광교,D19,N,신분당선,,4310,청계산입구,D10,N,14:02:24,14:02:49,,SA073,상행,2025-05-01T05:00:00,,평일
신분당선,4304,신사,D4,,20250619,신분당선,4319,광교,D19,N,신분당선,,4309,양재시민의숲,D9,N,14:05:19,14:05:49,,SA073,상행,2025-05-01T05:00:00,,평일
신분당선,4304,신사,D4,,20250619,신분당선,4319,광교,D19,N,신분당선,,4308,양재,D8,N,14:07:33,14:08:08,,SA073,상행,2025-05-01T05:00:00,,평일
신분당선,4304,신사,D4,,20250619,신분당선,4319,광교,D19,N,신분당선,,4307,강남,D7,N,14:09:52,14:10:27,,SA073,상행,2025-05-01T05:00:00,,평일
신분당선,4304,신사,D4,,20250619,신분당선,4319,광교,D19,N,신분당선,,4306,신논현,D6,N,14:11:34,14:12:09,,SA073,상행,2025-05-01T05:00:00,,평일
신분당선,4304,신사,D4,,20250619,신분당선,4319,광교,D19,N,신분당선,,4305,논현,D5,N,14:13:14,14:13:49,,SA073,상행,2025-05-01T05:00:00,,평일
신분당선,4304,신사,D4,,20250619,신분당선,4319,광교,D19,N,신분당선,,4304,신사,D4,N,14:14:54,,,SA073,상행,2025-05-01T05:00:00,,평일
신분당선,4304,신사,D4,,20250619,신분당선,4319,광교,D19,N,신분당선,,4319,광교,D19,N,,13:40:50,,SA074,상행,2025-05-01T05:00:00,,평일
신분당선,4304,신사,D4,,20250619,신분당선,4319,광교,D19,N,신분당선,,4318,광교중앙,D18,N,13:43:46,13:44:11,,SA074,상행,2025-05-01T05:00:00,,평일
신분당선,4304,신사,D4,,20250619,신분당선,4319,광교,D19,N,신분당선,,4317,상현,D17,N,13:46:56,13:47:21,,SA074,상행,2025-05-01T05:00:00,,평일
신분당선,4304,신사,D4,,20250619,신분당선,4319,광교,D19,N,신분당선,,4316,성복,D16,N,13:49:55,13:50:20,,SA074,상행,2025-05-01T05:00:00,,평일
신분당선,4304,신사,D4,,20250619,신분당선,4319,광교,D19,N,신분당선,,4315,수지구청,D15,N,13:52:27,13:52:57,,SA074,상행,2025-05-01T05:00:00,,평일
신분당선,4304,신사,D4,,20250619,신분당선,4319,광교,D19,N,신분당선,,4314,동천,D14,N,13:55:19,13:55:49,,SA074,상행,2025-05-01T05:00:00,,평일
신분당선,4304,신사,D4,,20250619,신분당선,4319,광교,D19,N,신분당선,,4313,미금,D13,N,13:58:01,13:58:31,,SA074,상행,2025-05-01T05:00:00,,평일
신분당선,4304,신사,D4,,20250619,신분당선,4319,광교,D19,N,신분당선,,4312,정자,D12,N,14:00:31,14:01:06,,SA074,상행,2025-05-01T05:00:00,,평일
신분당선,4304,신사,D4,,20250619,신분당선,4319,광교,D19,N,신분당선,,4311,판교,D11,N,14:03:46,14:04:21,,SA074,상행,2025-05-01T05:00:00,,평일
신분당선,4304,신사,D4,,20250619,신분당선,4319,광교,D19,N,신분당선,,4310,청계산입구,D10,N,14:10:24,14:10:49,,SA074,상행,2025-05-01T05:00:00,,평일
신분당선,4304,신사,D4,,20250619,신분당선,4319,광교,D19,N,신분당선,,4309,양재시민의숲,D9,N,14:13:19,14:13:49,,SA074,상행,2025-05-01T05:00:00,,평일
신분당선,4304,신사,D4,,20250619,신분당선,4319,광교,D19,N,신분당선,,4308,양재,D8,N,14:15:33,14:16:08,,SA074,상행,2025-05-01T05:00:00,,평일
신분당선,4304,신사,D4,,20250619,신분당선,4319,광교,D19,N,신분당선,,4307,강남,D7,N,14:17:52,14:18:27,,SA074,상행,2025-05-01T05:00:00,,평일
신분당선,4304,신사,D4,,20250619,신분당선,4319,광교,D19,N,신분당선,,4306,신논현,D6,N,14:19:34,14:20:09,,SA074,상행,2025-05-01T05:00:00,,평일
신분당선,4304,신사,D4,,20250619,신분당선,4319,광교,D19,N,신분당선,,4305,논현,D5,N,14:21:14,14:21:49,,SA074,상행,2025-05-01T05:00:00,,평일
신분당선,4304,신사,D4,,20250619,신분당선,4319,광교,D19,N,신분당선,,4304,신사,D4,N,14:22:54,,,SA074,상행,2025-05-01T05:00:00,,평일
신분당선,4304,신사,D4,,20250619,신분당선,4319,광교,D19,N,신분당선,,4319,광교,D19,N,,13:48:50,,SA075,상행,2025-05-01T05:00:00,,평일
신분당선,4304,신사,D4,,20250619,신분당선,4319,광교,D19,N,신분당선,,4318,광교중앙,D18,N,13:51:46,13:52:11,,SA075,상행,2025-05-01T05:00:00,,평일
신분당선,4304,신사,D4,,20250619,신분당선,4319,광교,D19,N,신분당선,,4317,상현,D17,N,13:54:56,13:55:21,,SA075,상행,2025-05-01T05:00:00,,평일
신분당선,4304,신사,D4,,20250619,신분당선,4319,광교,D19,N,신분당선,,4316,성복,D16,N,13:57:55,13:58:20,,SA075,상행,2025-05-01T05:00:00,,평일
신분당선,4304,신사,D4,,20250619,신분당선,4319,광교,D19,N,신분당선,,4315,수지구청,D15,N,14:00:27,14:00:57,,SA075,상행,2025-05-01T05:00:00,,평일
신분당선,4304,신사,D4,,20250619,신분당선,4319,광교,D19,N,신분당선,,4314,동천,D14,N,14:03:19,14:03:49,,SA075,상행,2025-05-01T05:00:00,,평일
신분당선,4304,신사,D4,,20250619,신분당선,4319,광교,D19,N,신분당선,,4313,미금,D13,N,14:06:01,14:06:31,,SA075,상행,2025-05-01T05:00:00,,평일
신분당선,4304,신사,D4,,20250619,신분당선,4319,광교,D19,N,신분당선,,4312,정자,D12,N,14:08:31,14:09:06,,SA075,상행,2025-05-01T05:00:00,,평일
신분당선,4304,신사,D4,,20250619,신분당선,4319,광교,D19,N,신분당선,,4311,판교,D11,N,14:11:46,14:12:21,,SA075,상행,2025-05-01T05:00:00,,평일
신분당선,4304,신사,D4,,20250619,신분당선,4319,광교,D19,N,신분당선,,4310,청계산입구,D10,N,14:18:24,14:18:49,,SA075,상행,2025-05-01T05:00:00,,평일
신분당선,4304,신사,D4,,20250619,신분당선,4319,광교,D19,N,신분당선,,4309,양재시민의숲,D9,N,14:21:19,14:21:49,,SA075,상행,2025-05-01T05:00:00,,평일
신분당선,4304,신사,D4,,20250619,신분당선,4319,광교,D19,N,신분당선,,4308,양재,D8,N,14:23:33,14:24:08,,SA075,상행,2025-05-01T05:00:00,,평일
신분당선,4304,신사,D4,,20250619,신분당선,4319,광교,D19,N,신분당선,,4307,강남,D7,N,14:25:52,14:26:27,,SA075,상행,2025-05-01T05:00:00,,평일
신분당선,4304,신사,D4,,20250619,신분당선,4319,광교,D19,N,신분당선,,4306,신논현,D6,N,14:27:34,14:28:09,,SA075,상행,2025-05-01T05:00:00,,평일
신분당선,4304,신사,D4,,20250619,신분당선,4319,광교,D19,N,신분당선,,4305,논현,D5,N,14:29:14,14:29:49,,SA075,상행,2025-05-01T05:00:00,,평일
신분당선,4304,신사,D4,,20250619,신분당선,4319,광교,D19,N,신분당선,,4304,신사,D4,N,14:30:54,,,SA075,상행,2025-05-01T05:00:00,,평일
신분당선,4304,신사,D4,,20250619,신분당선,4319,광교,D19,N,신분당선,,4319,광교,D19,N,,13:56:50,,SA076,상행,2025-05-01T05:00:00,,평일
신분당선,4304,신사,D4,,20250619,신분당선,4319,광교,D19,N,신분당선,,4318,광교중앙,D18,N,13:59:46,14:00:11,,SA076,상행,2025-05-01T05:00:00,,평일
신분당선,4304,신사,D4,,20250619,신분당선,4319,광교,D19,N,신분당선,,4317,상현,D17,N,14:02:56,14:03:21,,SA076,상행,2025-05-01T05:00:00,,평일
신분당선,4304,신사,D4,,20250619,신분당선,4319,광교,D19,N,신분당선,,4316,성복,D16,N,14:05:55,14:06:20,,SA076,상행,2025-05-01T05:00:00,,평일
신분당선,4304,신사,D4,,20250619,신분당선,4319,광교,D19,N,신분당선,,4315,수지구청,D15,N,14:08:27,14:08:57,,SA076,상행,2025-05-01T05:00:00,,평일
신분당선,4304,신사,D4,,20250619,신분당선,4319,광교,D19,N,신분당선,,4314,동천,D14,N,14:11:19,14:11:49,,SA076,상행,2025-05-01T05:00:00,,평일
신분당선,4304,신사,D4,,20250619,신분당선,4319,광교,D19,N,신분당선,,4313,미금,D13,N,14:14:01,14:14:31,,SA076,상행,2025-05-01T05:00:00,,평일
신분당선,4304,신사,D4,,20250619,신분당선,4319,광교,D19,N,신분당선,,4312,정자,D12,N,14:16:31,14:17:06,,SA076,상행,2025-05-01T05:00:00,,평일
신분당선,4304,신사,D4,,20250619,신분당선,4319,광교,D19,N,신분당선,,4311,판교,D11,N,14:19:46,14:20:21,,SA076,상행,2025-05-01T05:00:00,,평일
신분당선,4304,신사,D4,,20250619,신분당선,4319,광교,D19,N,신분당선,,4310,청계산입구,D10,N,14:26:24,14:26:49,,SA076,상행,2025-05-01T05:00:00,,평일
신분당선,4304,신사,D4,,20250619,신분당선,4319,광교,D19,N,신분당선,,4309,양재시민의숲,D9,N,14:29:19,14:29:49,,SA076,상행,2025-05-01T05:00:00,,평일
신분당선,4304,신사,D4,,20250619,신분당선,4319,광교,D19,N,신분당선,,4308,양재,D8,N,14:31:33,14:32:08,,SA076,상행,2025-05-01T05:00:00,,평일
신분당선,4304,신사,D4,,20250619,신분당선,4319,광교,D19,N,신분당선,,4307,강남,D7,N,14:33:52,14:34:27,,SA076,상행,2025-05-01T05:00:00,,평일
신분당선,4304,신사,D4,,20250619,신분당선,4319,광교,D19,N,신분당선,,4306,신논현,D6,N,14:35:34,14:36:09,,SA076,상행,2025-05-01T05:00:00,,평일
신분당선,4304,신사,D4,,20250619,신분당선,4319,광교,D19,N,신분당선,,4305,논현,D5,N,14:37:14,14:37:49,,SA076,상행,2025-05-01T05:00:00,,평일
신분당선,4304,신사,D4,,20250619,신분당선,4319,광교,D19,N,신분당선,,4304,신사,D4,N,14:38:54,,,SA076,상행,2025-05-01T05:00:00,,평일
신분당선,4304,신사,D4,,20250619,신분당선,4319,광교,D19,N,신분당선,,4319,광교,D19,N,,14:04:50,,SA077,상행,2025-05-01T05:00:00,,평일
신분당선,4304,신사,D4,,20250619,신분당선,4319,광교,D19,N,신분당선,,4318,광교중앙,D18,N,14:07:46,14:08:11,,SA077,상행,2025-05-01T05:00:00,,평일
신분당선,4304,신사,D4,,20250619,신분당선,4319,광교,D19,N,신분당선,,4317,상현,D17,N,14:10:56,14:11:21,,SA077,상행,2025-05-01T05:00:00,,평일
신분당선,4304,신사,D4,,20250619,신분당선,4319,광교,D19,N,신분당선,,4316,성복,D16,N,14:13:55,14:14:20,,SA077,상행,2025-05-01T05:00:00,,평일
신분당선,4304,신사,D4,,20250619,신분당선,4319,광교,D19,N,신분당선,,4315,수지구청,D15,N,14:16:27,14:16:57,,SA077,상행,2025-05-01T05:00:00,,평일
신분당선,4304,신사,D4,,20250619,신분당선,4319,광교,D19,N,신분당선,,4314,동천,D14,N,14:19:19,14:19:49,,SA077,상행,2025-05-01T05:00:00,,평일
신분당선,4304,신사,D4,,20250619,신분당선,4319,광교,D19,N,신분당선,,4313,미금,D13,N,14:22:01,14:22:31,,SA077,상행,2025-05-01T05:00:00,,평일
신분당선,4304,신사,D4,,20250619,신분당선,4319,광교,D19,N,신분당선,,4312,정자,D12,N,14:24:31,14:25:06,,SA077,상행,2025-05-01T05:00:00,,평일
신분당선,4304,신사,D4,,20250619,신분당선,4319,광교,D19,N,신분당선,,4311,판교,D11,N,14:27:46,14:28:21,,SA077,상행,2025-05-01T05:00:00,,평일
신분당선,4304,신사,D4,,20250619,신분당선,4319,광교,D19,N,신분당선,,4310,청계산입구,D10,N,14:34:24,14:34:49,,SA077,상행,2025-05-01T05:00:00,,평일
신분당선,4304,신사,D4,,20250619,신분당선,4319,광교,D19,N,신분당선,,4309,양재시민의숲,D9,N,14:37:19,14:37:49,,SA077,상행,2025-05-01T05:00:00,,평일
신분당선,4304,신사,D4,,20250619,신분당선,4319,광교,D19,N,신분당선,,4308,양재,D8,N,14:39:33,14:40:08,,SA077,상행,2025-05-01T05:00:00,,평일
신분당선,4304,신사,D4,,20250619,신분당선,4319,광교,D19,N,신분당선,,4307,강남,D7,N,14:41:52,14:42:27,,SA077,상행,2025-05-01T05:00:00,,평일
신분당선,4304,신사,D4,,20250619,신분당선,4319,광교,D19,N,신분당선,,4306,신논현,D6,N,14:43:34,14:44:09,,SA077,상행,2025-05-01T05:00:00,,평일
신분당선,4304,신사,D4,,20250619,신분당선,4319,광교,D19,N,신분당선,,4305,논현,D5,N,14:45:14,14:45:49,,SA077,상행,2025-05-01T05:00:00,,평일
신분당선,4304,신사,D4,,20250619,신분당선,4319,광교,D19,N,신분당선,,4304,신사,D4,N,14:46:54,,,SA077,상행,2025-05-01T05:00:00,,평일
신분당선,4304,신사,D4,,20250619,신분당선,4319,광교,D19,N,신분당선,,4319,광교,D19,N,,14:12:50,,SA078,상행,2025-05-01T05:00:00,,평일
신분당선,4304,신사,D4,,20250619,신분당선,4319,광교,D19,N,신분당선,,4318,광교중앙,D18,N,14:15:46,14:16:11,,SA078,상행,2025-05-01T05:00:00,,평일
신분당선,4304,신사,D4,,20250619,신분당선,4319,광교,D19,N,신분당선,,4317,상현,D17,N,14:18:56,14:19:21,,SA078,상행,2025-05-01T05:00:00,,평일
신분당선,4304,신사,D4,,20250619,신분당선,4319,광교,D19,N,신분당선,,4316,성복,D16,N,14:21:55,14:22:20,,SA078,상행,2025-05-01T05:00:00,,평일
신분당선,4304,신사,D4,,20250619,신분당선,4319,광교,D19,N,신분당선,,4315,수지구청,D15,N,14:24:27,14:24:57,,SA078,상행,2025-05-01T05:00:00,,평일
신분당선,4304,신사,D4,,20250619,신분당선,4319,광교,D19,N,신분당선,,4314,동천,D14,N,14:27:19,14:27:49,,SA078,상행,2025-05-01T05:00:00,,평일
신분당선,4304,신사,D4,,20250619,신분당선,4319,광교,D19,N,신분당선,,4313,미금,D13,N,14:30:01,14:30:31,,SA078,상행,2025-05-01T05:00:00,,평일
신분당선,4304,신사,D4,,20250619,신분당선,4319,광교,D19,N,신분당선,,4312,정자,D12,N,14:32:31,14:33:06,,SA078,상행,2025-05-01T05:00:00,,평일
신분당선,4304,신사,D4,,20250619,신분당선,4319,광교,D19,N,신분당선,,4311,판교,D11,N,14:35:46,14:36:21,,SA078,상행,2025-05-01T05:00:00,,평일
신분당선,4304,신사,D4,,20250619,신분당선,4319,광교,D19,N,신분당선,,4310,청계산입구,D10,N,14:42:24,14:42:49,,SA078,상행,2025-05-01T05:00:00,,평일
신분당선,4304,신사,D4,,20250619,신분당선,4319,광교,D19,N,신분당선,,4309,양재시민의숲,D9,N,14:45:19,14:45:49,,SA078,상행,2025-05-01T05:00:00,,평일
신분당선,4304,신사,D4,,20250619,신분당선,4319,광교,D19,N,신분당선,,4308,양재,D8,N,14:47:33,14:48:08,,SA078,상행,2025-05-01T05:00:00,,평일
신분당선,4304,신사,D4,,20250619,신분당선,4319,광교,D19,N,신분당선,,4307,강남,D7,N,14:49:52,14:50:27,,SA078,상행,2025-05-01T05:00:00,,평일
신분당선,4304,신사,D4,,20250619,신분당선,4319,광교,D19,N,신분당선,,4306,신논현,D6,N,14:51:34,14:52:09,,SA078,상행,2025-05-01T05:00:00,,평일
신분당선,4304,신사,D4,,20250619,신분당선,4319,광교,D19,N,신분당선,,4305,논현,D5,N,14:53:14,14:53:49,,SA078,상행,2025-05-01T05:00:00,,평일
신분당선,4304,신사,D4,,20250619,신분당선,4319,광교,D19,N,신분당선,,4304,신사,D4,N,14:54:54,,,SA078,상행,2025-05-01T05:00:00,,평일
신분당선,4304,신사,D4,,20250619,신분당선,4319,광교,D19,N,신분당선,,4319,광교,D19,N,,14:20:50,,SA079,상행,2025-05-01T05:00:00,,평일
신분당선,4304,신사,D4,,20250619,신분당선,4319,광교,D19,N,신분당선,,4318,광교중앙,D18,N,14:23:46,14:24:11,,SA079,상행,2025-05-01T05:00:00,,평일
신분당선,4304,신사,D4,,20250619,신분당선,4319,광교,D19,N,신분당선,,4317,상현,D17,N,14:26:56,14:27:21,,SA079,상행,2025-05-01T05:00:00,,평일
신분당선,4304,신사,D4,,20250619,신분당선,4319,광교,D19,N,신분당선,,4316,성복,D16,N,14:29:55,14:30:20,,SA079,상행,2025-05-01T05:00:00,,평일
신분당선,4304,신사,D4,,20250619,신분당선,4319,광교,D19,N,신분당선,,4315,수지구청,D15,N,14:32:27,14:32:57,,SA079,상행,2025-05-01T05:00:00,,평일
신분당선,4304,신사,D4,,20250619,신분당선,4319,광교,D19,N,신분당선,,4314,동천,D14,N,14:35:19,14:35:49,,SA079,상행,2025-05-01T05:00:00,,평일
신분당선,4304,신사,D4,,20250619,신분당선,4319,광교,D19,N,신분당선,,4313,미금,D13,N,14:38:01,14:38:31,,SA079,상행,2025-05-01T05:00:00,,평일
신분당선,4304,신사,D4,,20250619,신분당선,4319,광교,D19,N,신분당선,,4312,정자,D12,N,14:40:31,14:41:06,,SA079,상행,2025-05-01T05:00:00,,평일
신분당선,4304,신사,D4,,20250619,신분당선,4319,광교,D19,N,신분당선,,4311,판교,D11,N,14:43:46,14:44:21,,SA079,상행,2025-05-01T05:00:00,,평일
신분당선,4304,신사,D4,,20250619,신분당선,4319,광교,D19,N,신분당선,,4310,청계산입구,D10,N,14:50:24,14:50:49,,SA079,상행,2025-05-01T05:00:00,,평일
신분당선,4304,신사,D4,,20250619,신분당선,4319,광교,D19,N,신분당선,,4309,양재시민의숲,D9,N,14:53:19,14:53:49,,SA079,상행,2025-05-01T05:00:00,,평일
신분당선,4304,신사,D4,,20250619,신분당선,4319,광교,D19,N,신분당선,,4308,양재,D8,N,14:55:33,14:56:08,,SA079,상행,2025-05-01T05:00:00,,평일
신분당선,4304,신사,D4,,20250619,신분당선,4319,광교,D19,N,신분당선,,4307,강남,D7,N,14:57:52,14:58:27,,SA079,상행,2025-05-01T05:00:00,,평일
신분당선,4304,신사,D4,,20250619,신분당선,4319,광교,D19,N,신분당선,,4306,신논현,D6,N,14:59:34,15:00:09,,SA079,상행,2025-05-01T05:00:00,,평일
신분당선,4304,신사,D4,,20250619,신분당선,4319,광교,D19,N,신분당선,,4305,논현,D5,N,15:01:14,15:01:49,,SA079,상행,2025-05-01T05:00:00,,평일
신분당선,4304,신사,D4,,20250619,신분당선,4319,광교,D19,N,신분당선,,4304,신사,D4,N,15:02:54,,,SA079,상행,2025-05-01T05:00:00,,평일
신분당선,4304,신사,D4,,20250619,신분당선,4319,광교,D19,N,신분당선,,4319,광교,D19,N,,14:28:50,,SA080,상행,2025-05-01T05:00:00,,평일
신분당선,4304,신사,D4,,20250619,신분당선,4319,광교,D19,N,신분당선,,4318,광교중앙,D18,N,14:31:46,14:32:11,,SA080,상행,2025-05-01T05:00:00,,평일
신분당선,4304,신사,D4,,20250619,신분당선,4319,광교,D19,N,신분당선,,4317,상현,D17,N,14:34:56,14:35:21,,SA080,상행,2025-05-01T05:00:00,,평일
신분당선,4304,신사,D4,,20250619,신분당선,4319,광교,D19,N,신분당선,,4316,성복,D16,N,14:37:55,14:38:20,,SA080,상행,2025-05-01T05:00:00,,평일
신분당선,4304,신사,D4,,20250619,신분당선,4319,광교,D19,N,신분당선,,4315,수지구청,D15,N,14:40:27,14:40:57,,SA080,상행,2025-05-01T05:00:00,,평일
신분당선,4304,신사,D4,,20250619,신분당선,4319,광교,D19,N,신분당선,,4314,동천,D14,N,14:43:19,14:43:49,,SA080,상행,2025-05-01T05:00:00,,평일
신분당선,4304,신사,D4,,20250619,신분당선,4319,광교,D19,N,신분당선,,4313,미금,D13,N,14:46:01,14:46:31,,SA080,상행,2025-05-01T05:00:00,,평일
신분당선,4304,신사,D4,,20250619,신분당선,4319,광교,D19,N,신분당선,,4312,정자,D12,N,14:48:31,14:49:06,,SA080,상행,2025-05-01T05:00:00,,평일
신분당선,4304,신사,D4,,20250619,신분당선,4319,광교,D19,N,신분당선,,4311,판교,D11,N,14:51:46,14:52:21,,SA080,상행,2025-05-01T05:00:00,,평일
신분당선,4304,신사,D4,,20250619,신분당선,4319,광교,D19,N,신분당선,,4310,청계산입구,D10,N,14:58:24,14:58:49,,SA080,상행,2025-05-01T05:00:00,,평일
신분당선,4304,신사,D4,,20250619,신분당선,4319,광교,D19,N,신분당선,,4309,양재시민의숲,D9,N,15:01:19,15:01:49,,SA080,상행,2025-05-01T05:00:00,,평일
신분당선,4304,신사,D4,,20250619,신분당선,4319,광교,D19,N,신분당선,,4308,양재,D8,N,15:03:33,15:04:08,,SA080,상행,2025-05-01T05:00:00,,평일
신분당선,4304,신사,D4,,20250619,신분당선,4319,광교,D19,N,신분당선,,4307,강남,D7,N,15:05:52,15:06:27,,SA080,상행,2025-05-01T05:00:00,,평일
신분당선,4304,신사,D4,,20250619,신분당선,4319,광교,D19,N,신분당선,,4306,신논현,D6,N,15:07:34,15:08:09,,SA080,상행,2025-05-01T05:00:00,,평일
신분당선,4304,신사,D4,,20250619,신분당선,4319,광교,D19,N,신분당선,,4305,논현,D5,N,15:09:14,15:09:49,,SA080,상행,2025-05-01T05:00:00,,평일
신분당선,4304,신사,D4,,20250619,신분당선,4319,광교,D19,N,신분당선,,4304,신사,D4,N,15:10:54,,,SA080,상행,2025-05-01T05:00:00,,평일
신분당선,4304,신사,D4,,20250619,신분당선,4319,광교,D19,N,신분당선,,4319,광교,D19,N,,14:36:50,,SA081,상행,2025-05-01T05:00:00,,평일
신분당선,4304,신사,D4,,20250619,신분당선,4319,광교,D19,N,신분당선,,4318,광교중앙,D18,N,14:39:46,14:40:11,,SA081,상행,2025-05-01T05:00:00,,평일
신분당선,4304,신사,D4,,20250619,신분당선,4319,광교,D19,N,신분당선,,4317,상현,D17,N,14:42:56,14:43:21,,SA081,상행,2025-05-01T05:00:00,,평일
신분당선,4304,신사,D4,,20250619,신분당선,4319,광교,D19,N,신분당선,,4316,성복,D16,N,14:45:55,14:46:20,,SA081,상행,2025-05-01T05:00:00,,평일
신분당선,4304,신사,D4,,20250619,신분당선,4319,광교,D19,N,신분당선,,4315,수지구청,D15,N,14:48:27,14:48:57,,SA081,상행,2025-05-01T05:00:00,,평일
신분당선,4304,신사,D4,,20250619,신분당선,4319,광교,D19,N,신분당선,,4314,동천,D14,N,14:51:19,14:51:49,,SA081,상행,2025-05-01T05:00:00,,평일
신분당선,4304,신사,D4,,20250619,신분당선,4319,광교,D19,N,신분당선,,4313,미금,D13,N,14:54:01,14:54:31,,SA081,상행,2025-05-01T05:00:00,,평일
신분당선,4304,신사,D4,,20250619,신분당선,4319,광교,D19,N,신분당선,,4312,정자,D12,N,14:56:31,14:57:06,,SA081,상행,2025-05-01T05:00:00,,평일
신분당선,4304,신사,D4,,20250619,신분당선,4319,광교,D19,N,신분당선,,4311,판교,D11,N,14:59:46,15:00:21,,SA081,상행,2025-05-01T05:00:00,,평일
신분당선,4304,신사,D4,,20250619,신분당선,4319,광교,D19,N,신분당선,,4310,청계산입구,D10,N,15:06:24,15:06:49,,SA081,상행,2025-05-01T05:00:00,,평일
신분당선,4304,신사,D4,,20250619,신분당선,4319,광교,D19,N,신분당선,,4309,양재시민의숲,D9,N,15:09:19,15:09:49,,SA081,상행,2025-05-01T05:00:00,,평일
신분당선,4304,신사,D4,,20250619,신분당선,4319,광교,D19,N,신분당선,,4308,양재,D8,N,15:11:33,15:12:08,,SA081,상행,2025-05-01T05:00:00,,평일
신분당선,4304,신사,D4,,20250619,신분당선,4319,광교,D19,N,신분당선,,4307,강남,D7,N,15:13:52,15:14:27,,SA081,상행,2025-05-01T05:00:00,,평일
신분당선,4304,신사,D4,,20250619,신분당선,4319,광교,D19,N,신분당선,,4306,신논현,D6,N,15:15:34,15:16:09,,SA081,상행,2025-05-01T05:00:00,,평일
신분당선,4304,신사,D4,,20250619,신분당선,4319,광교,D19,N,신분당선,,4305,논현,D5,N,15:17:14,15:17:49,,SA081,상행,2025-05-01T05:00:00,,평일
신분당선,4304,신사,D4,,20250619,신분당선,4319,광교,D19,N,신분당선,,4304,신사,D4,N,15:18:54,,,SA081,상행,2025-05-01T05:00:00,,평일
신분당선,4304,신사,D4,,20250619,신분당선,4319,광교,D19,N,신분당선,,4319,광교,D19,N,,14:44:50,,SA082,상행,2025-05-01T05:00:00,,평일
신분당선,4304,신사,D4,,20250619,신분당선,4319,광교,D19,N,신분당선,,4318,광교중앙,D18,N,14:47:46,14:48:11,,SA082,상행,2025-05-01T05:00:00,,평일
신분당선,4304,신사,D4,,20250619,신분당선,4319,광교,D19,N,신분당선,,4317,상현,D17,N,14:50:56,14:51:21,,SA082,상행,2025-05-01T05:00:00,,평일
신분당선,4304,신사,D4,,20250619,신분당선,4319,광교,D19,N,신분당선,,4316,성복,D16,N,14:53:55,14:54:20,,SA082,상행,2025-05-01T05:00:00,,평일
신분당선,4304,신사,D4,,20250619,신분당선,4319,광교,D19,N,신분당선,,4315,수지구청,D15,N,14:56:27,14:56:57,,SA082,상행,2025-05-01T05:00:00,,평일
신분당선,4304,신사,D4,,20250619,신분당선,4319,광교,D19,N,신분당선,,4314,동천,D14,N,14:59:19,14:59:49,,SA082,상행,2025-05-01T05:00:00,,평일
신분당선,4304,신사,D4,,20250619,신분당선,4319,광교,D19,N,신분당선,,4313,미금,D13,N,15:02:01,15:02:31,,SA082,상행,2025-05-01T05:00:00,,평일
신분당선,4304,신사,D4,,20250619,신분당선,4319,광교,D19,N,신분당선,,4312,정자,D12,N,15:04:31,15:05:06,,SA082,상행,2025-05-01T05:00:00,,평일
신분당선,4304,신사,D4,,20250619,신분당선,4319,광교,D19,N,신분당선,,4311,판교,D11,N,15:07:46,15:08:21,,SA082,상행,2025-05-01T05:00:00,,평일
신분당선,4304,신사,D4,,20250619,신분당선,4319,광교,D19,N,신분당선,,4310,청계산입구,D10,N,15:14:24,15:14:49,,SA082,상행,2025-05-01T05:00:00,,평일
신분당선,4304,신사,D4,,20250619,신분당선,4319,광교,D19,N,신분당선,,4309,양재시민의숲,D9,N,15:17:19,15:17:49,,SA082,상행,2025-05-01T05:00:00,,평일
신분당선,4304,신사,D4,,20250619,신분당선,4319,광교,D19,N,신분당선,,4308,양재,D8,N,15:19:33,15:20:08,,SA082,상행,2025-05-01T05:00:00,,평일
신분당선,4304,신사,D4,,20250619,신분당선,4319,광교,D19,N,신분당선,,4307,강남,D7,N,15:21:52,15:22:27,,SA082,상행,2025-05-01T05:00:00,,평일
신분당선,4304,신사,D4,,20250619,신분당선,4319,광교,D19,N,신분당선,,4306,신논현,D6,N,15:23:34,15:24:09,,SA082,상행,2025-05-01T05:00:00,,평일
신분당선,4304,신사,D4,,20250619,신분당선,4319,광교,D19,N,신분당선,,4305,논현,D5,N,15:25:14,15:25:49,,SA082,상행,2025-05-01T05:00:00,,평일
신분당선,4304,신사,D4,,20250619,신분당선,4319,광교,D19,N,신분당선,,4304,신사,D4,N,15:26:54,,,SA082,상행,2025-05-01T05:00:00,,평일
신분당선,4304,신사,D4,,20250619,신분당선,4319,광교,D19,N,신분당선,,4319,광교,D19,N,,14:52:50,,SA083,상행,2025-05-01T05:00:00,,평일
신분당선,4304,신사,D4,,20250619,신분당선,4319,광교,D19,N,신분당선,,4318,광교중앙,D18,N,14:55:46,14:56:11,,SA083,상행,2025-05-01T05:00:00,,평일
신분당선,4304,신사,D4,,20250619,신분당선,4319,광교,D19,N,신분당선,,4317,상현,D17,N,14:58:56,14:59:21,,SA083,상행,2025-05-01T05:00:00,,평일
신분당선,4304,신사,D4,,20250619,신분당선,4319,광교,D19,N,신분당선,,4316,성복,D16,N,15:01:55,15:02:20,,SA083,상행,2025-05-01T05:00:00,,평일
신분당선,4304,신사,D4,,20250619,신분당선,4319,광교,D19,N,신분당선,,4315,수지구청,D15,N,15:04:27,15:04:57,,SA083,상행,2025-05-01T05:00:00,,평일
신분당선,4304,신사,D4,,20250619,신분당선,4319,광교,D19,N,신분당선,,4314,동천,D14,N,15:07:19,15:07:49,,SA083,상행,2025-05-01T05:00:00,,평일
신분당선,4304,신사,D4,,20250619,신분당선,4319,광교,D19,N,신분당선,,4313,미금,D13,N,15:10:01,15:10:31,,SA083,상행,2025-05-01T05:00:00,,평일
신분당선,4304,신사,D4,,20250619,신분당선,4319,광교,D19,N,신분당선,,4312,정자,D12,N,15:12:31,15:13:06,,SA083,상행,2025-05-01T05:00:00,,평일
신분당선,4304,신사,D4,,20250619,신분당선,4319,광교,D19,N,신분당선,,4311,판교,D11,N,15:15:46,15:16:21,,SA083,상행,2025-05-01T05:00:00,,평일
신분당선,4304,신사,D4,,20250619,신분당선,4319,광교,D19,N,신분당선,,4310,청계산입구,D10,N,15:22:24,15:22:49,,SA083,상행,2025-05-01T05:00:00,,평일
신분당선,4304,신사,D4,,20250619,신분당선,4319,광교,D19,N,신분당선,,4309,양재시민의숲,D9,N,15:25:19,15:25:49,,SA083,상행,2025-05-01T05:00:00,,평일
신분당선,4304,신사,D4,,20250619,신분당선,4319,광교,D19,N,신분당선,,4308,양재,D8,N,15:27:33,15:28:08,,SA083,상행,2025-05-01T05:00:00,,평일
신분당선,4304,신사,D4,,20250619,신분당선,4319,광교,D19,N,신분당선,,4307,강남,D7,N,15:29:52,15:30:27,,SA083,상행,2025-05-01T05:00:00,,평일
신분당선,4304,신사,D4,,20250619,신분당선,4319,광교,D19,N,신분당선,,4306,신논현,D6,N,15:31:34,15:32:09,,SA083,상행,2025-05-01T05:00:00,,평일
신분당선,4304,신사,D4,,20250619,신분당선,4319,광교,D19,N,신분당선,,4305,논현,D5,N,15:33:14,15:33:49,,SA083,상행,2025-05-01T05:00:00,,평일
신분당선,4304,신사,D4,,20250619,신분당선,4319,광교,D19,N,신분당선,,4304,신사,D4,N,15:34:54,,,SA083,상행,2025-05-01T05:00:00,,평일
신분당선,4304,신사,D4,,20250619,신분당선,4319,광교,D19,N,신분당선,,4319,광교,D19,N,,15:00:50,,SA084,상행,2025-05-01T05:00:00,,평일
신분당선,4304,신사,D4,,20250619,신분당선,4319,광교,D19,N,신분당선,,4318,광교중앙,D18,N,15:03:46,15:04:11,,SA084,상행,2025-05-01T05:00:00,,평일
신분당선,4304,신사,D4,,20250619,신분당선,4319,광교,D19,N,신분당선,,4317,상현,D17,N,15:06:56,15:07:21,,SA084,상행,2025-05-01T05:00:00,,평일
신분당선,4304,신사,D4,,20250619,신분당선,4319,광교,D19,N,신분당선,,4316,성복,D16,N,15:09:55,15:10:20,,SA084,상행,2025-05-01T05:00:00,,평일
신분당선,4304,신사,D4,,20250619,신분당선,4319,광교,D19,N,신분당선,,4315,수지구청,D15,N,15:12:27,15:12:57,,SA084,상행,2025-05-01T05:00:00,,평일
신분당선,4304,신사,D4,,20250619,신분당선,4319,광교,D19,N,신분당선,,4314,동천,D14,N,15:15:19,15:15:49,,SA084,상행,2025-05-01T05:00:00,,평일
신분당선,4304,신사,D4,,20250619,신분당선,4319,광교,D19,N,신분당선,,4313,미금,D13,N,15:18:01,15:18:31,,SA084,상행,2025-05-01T05:00:00,,평일
신분당선,4304,신사,D4,,20250619,신분당선,4319,광교,D19,N,신분당선,,4312,정자,D12,N,15:20:31,15:21:06,,SA084,상행,2025-05-01T05:00:00,,평일
신분당선,4304,신사,D4,,20250619,신분당선,4319,광교,D19,N,신분당선,,4311,판교,D11,N,15:23:46,15:24:21,,SA084,상행,2025-05-01T05:00:00,,평일
신분당선,4304,신사,D4,,20250619,신분당선,4319,광교,D19,N,신분당선,,4310,청계산입구,D10,N,15:30:24,15:30:49,,SA084,상행,2025-05-01T05:00:00,,평일
신분당선,4304,신사,D4,,20250619,신분당선,4319,광교,D19,N,신분당선,,4309,양재시민의숲,D9,N,15:33:19,15:33:49,,SA084,상행,2025-05-01T05:00:00,,평일
신분당선,4304,신사,D4,,20250619,신분당선,4319,광교,D19,N,신분당선,,4308,양재,D8,N,15:35:33,15:36:08,,SA084,상행,2025-05-01T05:00:00,,평일
신분당선,4304,신사,D4,,20250619,신분당선,4319,광교,D19,N,신분당선,,4307,강남,D7,N,15:37:52,15:38:27,,SA084,상행,2025-05-01T05:00:00,,평일
신분당선,4304,신사,D4,,20250619,신분당선,4319,광교,D19,N,신분당선,,4306,신논현,D6,N,15:39:34,15:40:09,,SA084,상행,2025-05-01T05:00:00,,평일
신분당선,4304,신사,D4,,20250619,신분당선,4319,광교,D19,N,신분당선,,4305,논현,D5,N,15:41:14,15:41:49,,SA084,상행,2025-05-01T05:00:00,,평일
신분당선,4304,신사,D4,,20250619,신분당선,4319,광교,D19,N,신분당선,,4304,신사,D4,N,15:42:54,,,SA084,상행,2025-05-01T05:00:00,,평일
신분당선,4304,신사,D4,,20250619,신분당선,4319,광교,D19,N,신분당선,,4319,광교,D19,N,,15:08:50,,SA085,상행,2025-05-01T05:00:00,,평일
신분당선,4304,신사,D4,,20250619,신분당선,4319,광교,D19,N,신분당선,,4318,광교중앙,D18,N,15:11:46,15:12:11,,SA085,상행,2025-05-01T05:00:00,,평일
신분당선,4304,신사,D4,,20250619,신분당선,4319,광교,D19,N,신분당선,,4317,상현,D17,N,15:14:56,15:15:21,,SA085,상행,2025-05-01T05:00:00,,평일
신분당선,4304,신사,D4,,20250619,신분당선,4319,광교,D19,N,신분당선,,4316,성복,D16,N,15:17:55,15:18:20,,SA085,상행,2025-05-01T05:00:00,,평일
신분당선,4304,신사,D4,,20250619,신분당선,4319,광교,D19,N,신분당선,,4315,수지구청,D15,N,15:20:27,15:20:57,,SA085,상행,2025-05-01T05:00:00,,평일
신분당선,4304,신사,D4,,20250619,신분당선,4319,광교,D19,N,신분당선,,4314,동천,D14,N,15:23:19,15:23:49,,SA085,상행,2025-05-01T05:00:00,,평일
신분당선,4304,신사,D4,,20250619,신분당선,4319,광교,D19,N,신분당선,,4313,미금,D13,N,15:26:01,15:26:31,,SA085,상행,2025-05-01T05:00:00,,평일
신분당선,4304,신사,D4,,20250619,신분당선,4319,광교,D19,N,신분당선,,4312,정자,D12,N,15:28:31,15:29:06,,SA085,상행,2025-05-01T05:00:00,,평일
신분당선,4304,신사,D4,,20250619,신분당선,4319,광교,D19,N,신분당선,,4311,판교,D11,N,15:31:46,15:32:21,,SA085,상행,2025-05-01T05:00:00,,평일
신분당선,4304,신사,D4,,20250619,신분당선,4319,광교,D19,N,신분당선,,4310,청계산입구,D10,N,15:38:24,15:38:49,,SA085,상행,2025-05-01T05:00:00,,평일
신분당선,4304,신사,D4,,20250619,신분당선,4319,광교,D19,N,신분당선,,4309,양재시민의숲,D9,N,15:41:19,15:41:49,,SA085,상행,2025-05-01T05:00:00,,평일
신분당선,4304,신사,D4,,20250619,신분당선,4319,광교,D19,N,신분당선,,4308,양재,D8,N,15:43:33,15:44:08,,SA085,상행,2025-05-01T05:00:00,,평일
신분당선,4304,신사,D4,,20250619,신분당선,4319,광교,D19,N,신분당선,,4307,강남,D7,N,15:45:52,15:46:27,,SA085,상행,2025-05-01T05:00:00,,평일
신분당선,4304,신사,D4,,20250619,신분당선,4319,광교,D19,N,신분당선,,4306,신논현,D6,N,15:47:34,15:48:09,,SA085,상행,2025-05-01T05:00:00,,평일
신분당선,4304,신사,D4,,20250619,신분당선,4319,광교,D19,N,신분당선,,4305,논현,D5,N,15:49:14,15:49:49,,SA085,상행,2025-05-01T05:00:00,,평일
신분당선,4304,신사,D4,,20250619,신분당선,4319,광교,D19,N,신분당선,,4304,신사,D4,N,15:50:54,,,SA085,상행,2025-05-01T05:00:00,,평일
신분당선,4304,신사,D4,,20250619,신분당선,4319,광교,D19,N,신분당선,,4319,광교,D19,N,,15:16:50,,SA086,상행,2025-05-01T05:00:00,,평일
신분당선,4304,신사,D4,,20250619,신분당선,4319,광교,D19,N,신분당선,,4318,광교중앙,D18,N,15:19:46,15:20:11,,SA086,상행,2025-05-01T05:00:00,,평일
신분당선,4304,신사,D4,,20250619,신분당선,4319,광교,D19,N,신분당선,,4317,상현,D17,N,15:22:56,15:23:21,,SA086,상행,2025-05-01T05:00:00,,평일
신분당선,4304,신사,D4,,20250619,신분당선,4319,광교,D19,N,신분당선,,4316,성복,D16,N,15:25:55,15:26:20,,SA086,상행,2025-05-01T05:00:00,,평일
신분당선,4304,신사,D4,,20250619,신분당선,4319,광교,D19,N,신분당선,,4315,수지구청,D15,N,15:28:27,15:28:57,,SA086,상행,2025-05-01T05:00:00,,평일
신분당선,4304,신사,D4,,20250619,신분당선,4319,광교,D19,N,신분당선,,4314,동천,D14,N,15:31:19,15:31:49,,SA086,상행,2025-05-01T05:00:00,,평일
신분당선,4304,신사,D4,,20250619,신분당선,4319,광교,D19,N,신분당선,,4313,미금,D13,N,15:34:01,15:34:31,,SA086,상행,2025-05-01T05:00:00,,평일
신분당선,4304,신사,D4,,20250619,신분당선,4319,광교,D19,N,신분당선,,4312,정자,D12,N,15:36:31,15:37:06,,SA086,상행,2025-05-01T05:00:00,,평일
신분당선,4304,신사,D4,,20250619,신분당선,4319,광교,D19,N,신분당선,,4311,판교,D11,N,15:39:46,15:40:21,,SA086,상행,2025-05-01T05:00:00,,평일
신분당선,4304,신사,D4,,20250619,신분당선,4319,광교,D19,N,신분당선,,4310,청계산입구,D10,N,15:46:24,15:46:49,,SA086,상행,2025-05-01T05:00:00,,평일
신분당선,4304,신사,D4,,20250619,신분당선,4319,광교,D19,N,신분당선,,4309,양재시민의숲,D9,N,15:49:19,15:49:49,,SA086,상행,2025-05-01T05:00:00,,평일
신분당선,4304,신사,D4,,20250619,신분당선,4319,광교,D19,N,신분당선,,4308,양재,D8,N,15:51:33,15:52:08,,SA086,상행,2025-05-01T05:00:00,,평일
신분당선,4304,신사,D4,,20250619,신분당선,4319,광교,D19,N,신분당선,,4307,강남,D7,N,15:53:52,15:54:27,,SA086,상행,2025-05-01T05:00:00,,평일
신분당선,4304,신사,D4,,20250619,신분당선,4319,광교,D19,N,신분당선,,4306,신논현,D6,N,15:55:34,15:56:09,,SA086,상행,2025-05-01T05:00:00,,평일
신분당선,4304,신사,D4,,20250619,신분당선,4319,광교,D19,N,신분당선,,4305,논현,D5,N,15:57:14,15:57:49,,SA086,상행,2025-05-01T05:00:00,,평일
신분당선,4304,신사,D4,,20250619,신분당선,4319,광교,D19,N,신분당선,,4304,신사,D4,N,15:58:54,,,SA086,상행,2025-05-01T05:00:00,,평일
신분당선,4304,신사,D4,,20250619,신분당선,4319,광교,D19,N,신분당선,,4319,광교,D19,N,,15:24:50,,SA087,상행,2025-05-01T05:00:00,,평일
신분당선,4304,신사,D4,,20250619,신분당선,4319,광교,D19,N,신분당선,,4318,광교중앙,D18,N,15:27:46,15:28:11,,SA087,상행,2025-05-01T05:00:00,,평일
신분당선,4304,신사,D4,,20250619,신분당선,4319,광교,D19,N,신분당선,,4317,상현,D17,N,15:30:56,15:31:21,,SA087,상행,2025-05-01T05:00:00,,평일
신분당선,4304,신사,D4,,20250619,신분당선,4319,광교,D19,N,신분당선,,4316,성복,D16,N,15:33:55,15:34:20,,SA087,상행,2025-05-01T05:00:00,,평일
신분당선,4304,신사,D4,,20250619,신분당선,4319,광교,D19,N,신분당선,,4315,수지구청,D15,N,15:36:27,15:36:57,,SA087,상행,2025-05-01T05:00:00,,평일
신분당선,4304,신사,D4,,20250619,신분당선,4319,광교,D19,N,신분당선,,4314,동천,D14,N,15:39:19,15:39:49,,SA087,상행,2025-05-01T05:00:00,,평일
신분당선,4304,신사,D4,,20250619,신분당선,4319,광교,D19,N,신분당선,,4313,미금,D13,N,15:42:01,15:42:31,,SA087,상행,2025-05-01T05:00:00,,평일
신분당선,4304,신사,D4,,20250619,신분당선,4319,광교,D19,N,신분당선,,4312,정자,D12,N,15:44:31,15:45:06,,SA087,상행,2025-05-01T05:00:00,,평일
신분당선,4304,신사,D4,,20250619,신분당선,4319,광교,D19,N,신분당선,,4311,판교,D11,N,15:47:46,15:48:21,,SA087,상행,2025-05-01T05:00:00,,평일
신분당선,4304,신사,D4,,20250619,신분당선,4319,광교,D19,N,신분당선,,4310,청계산입구,D10,N,15:54:24,15:54:49,,SA087,상행,2025-05-01T05:00:00,,평일
신분당선,4304,신사,D4,,20250619,신분당선,4319,광교,D19,N,신분당선,,4309,양재시민의숲,D9,N,15:57:19,15:57:49,,SA087,상행,2025-05-01T05:00:00,,평일
신분당선,4304,신사,D4,,20250619,신분당선,4319,광교,D19,N,신분당선,,4308,양재,D8,N,15:59:33,16:00:08,,SA087,상행,2025-05-01T05:00:00,,평일
신분당선,4304,신사,D4,,20250619,신분당선,4319,광교,D19,N,신분당선,,4307,강남,D7,N,16:01:52,16:02:27,,SA087,상행,2025-05-01T05:00:00,,평일
신분당선,4304,신사,D4,,20250619,신분당선,4319,광교,D19,N,신분당선,,4306,신논현,D6,N,16:03:34,16:04:09,,SA087,상행,2025-05-01T05:00:00,,평일
신분당선,4304,신사,D4,,20250619,신분당선,4319,광교,D19,N,신분당선,,4305,논현,D5,N,16:05:14,16:05:49,,SA087,상행,2025-05-01T05:00:00,,평일
신분당선,4304,신사,D4,,20250619,신분당선,4319,광교,D19,N,신분당선,,4304,신사,D4,N,16:06:54,,,SA087,상행,2025-05-01T05:00:00,,평일
신분당선,4304,신사,D4,,20250619,신분당선,4319,광교,D19,N,신분당선,,4319,광교,D19,N,,15:32:50,,SA088,상행,2025-05-01T05:00:00,,평일
신분당선,4304,신사,D4,,20250619,신분당선,4319,광교,D19,N,신분당선,,4318,광교중앙,D18,N,15:35:46,15:36:11,,SA088,상행,2025-05-01T05:00:00,,평일
신분당선,4304,신사,D4,,20250619,신분당선,4319,광교,D19,N,신분당선,,4317,상현,D17,N,15:38:56,15:39:21,,SA088,상행,2025-05-01T05:00:00,,평일
신분당선,4304,신사,D4,,20250619,신분당선,4319,광교,D19,N,신분당선,,4316,성복,D16,N,15:41:55,15:42:20,,SA088,상행,2025-05-01T05:00:00,,평일
신분당선,4304,신사,D4,,20250619,신분당선,4319,광교,D19,N,신분당선,,4315,수지구청,D15,N,15:44:27,15:44:57,,SA088,상행,2025-05-01T05:00:00,,평일
신분당선,4304,신사,D4,,20250619,신분당선,4319,광교,D19,N,신분당선,,4314,동천,D14,N,15:47:19,15:47:49,,SA088,상행,2025-05-01T05:00:00,,평일
신분당선,4304,신사,D4,,20250619,신분당선,4319,광교,D19,N,신분당선,,4313,미금,D13,N,15:50:01,15:50:31,,SA088,상행,2025-05-01T05:00:00,,평일
신분당선,4304,신사,D4,,20250619,신분당선,4319,광교,D19,N,신분당선,,4312,정자,D12,N,15:52:31,15:53:06,,SA088,상행,2025-05-01T05:00:00,,평일
신분당선,4304,신사,D4,,20250619,신분당선,4319,광교,D19,N,신분당선,,4311,판교,D11,N,15:55:46,15:56:21,,SA088,상행,2025-05-01T05:00:00,,평일
신분당선,4304,신사,D4,,20250619,신분당선,4319,광교,D19,N,신분당선,,4310,청계산입구,D10,N,16:02:24,16:02:49,,SA088,상행,2025-05-01T05:00:00,,평일
신분당선,4304,신사,D4,,20250619,신분당선,4319,광교,D19,N,신분당선,,4309,양재시민의숲,D9,N,16:05:19,16:05:49,,SA088,상행,2025-05-01T05:00:00,,평일
신분당선,4304,신사,D4,,20250619,신분당선,4319,광교,D19,N,신분당선,,4308,양재,D8,N,16:07:33,16:08:08,,SA088,상행,2025-05-01T05:00:00,,평일
신분당선,4304,신사,D4,,20250619,신분당선,4319,광교,D19,N,신분당선,,4307,강남,D7,N,16:09:52,16:10:27,,SA088,상행,2025-05-01T05:00:00,,평일
신분당선,4304,신사,D4,,20250619,신분당선,4319,광교,D19,N,신분당선,,4306,신논현,D6,N,16:11:34,16:12:09,,SA088,상행,2025-05-01T05:00:00,,평일
신분당선,4304,신사,D4,,20250619,신분당선,4319,광교,D19,N,신분당선,,4305,논현,D5,N,16:13:14,16:13:49,,SA088,상행,2025-05-01T05:00:00,,평일
신분당선,4304,신사,D4,,20250619,신분당선,4319,광교,D19,N,신분당선,,4304,신사,D4,N,16:14:54,,,SA088,상행,2025-05-01T05:00:00,,평일
신분당선,4304,신사,D4,,20250619,신분당선,4319,광교,D19,N,신분당선,,4319,광교,D19,N,,15:40:50,,SA089,상행,2025-05-01T05:00:00,,평일
신분당선,4304,신사,D4,,20250619,신분당선,4319,광교,D19,N,신분당선,,4318,광교중앙,D18,N,15:43:46,15:44:11,,SA089,상행,2025-05-01T05:00:00,,평일
신분당선,4304,신사,D4,,20250619,신분당선,4319,광교,D19,N,신분당선,,4317,상현,D17,N,15:46:56,15:47:21,,SA089,상행,2025-05-01T05:00:00,,평일
신분당선,4304,신사,D4,,20250619,신분당선,4319,광교,D19,N,신분당선,,4316,성복,D16,N,15:49:55,15:50:20,,SA089,상행,2025-05-01T05:00:00,,평일
신분당선,4304,신사,D4,,20250619,신분당선,4319,광교,D19,N,신분당선,,4315,수지구청,D15,N,15:52:27,15:52:57,,SA089,상행,2025-05-01T05:00:00,,평일
신분당선,4304,신사,D4,,20250619,신분당선,4319,광교,D19,N,신분당선,,4314,동천,D14,N,15:55:19,15:55:49,,SA089,상행,2025-05-01T05:00:00,,평일
신분당선,4304,신사,D4,,20250619,신분당선,4319,광교,D19,N,신분당선,,4313,미금,D13,N,15:58:01,15:58:31,,SA089,상행,2025-05-01T05:00:00,,평일
신분당선,4304,신사,D4,,20250619,신분당선,4319,광교,D19,N,신분당선,,4312,정자,D12,N,16:00:31,16:01:06,,SA089,상행,2025-05-01T05:00:00,,평일
신분당선,4304,신사,D4,,20250619,신분당선,4319,광교,D19,N,신분당선,,4311,판교,D11,N,16:03:46,16:04:21,,SA089,상행,2025-05-01T05:00:00,,평일
신분당선,4304,신사,D4,,20250619,신분당선,4319,광교,D19,N,신분당선,,4310,청계산입구,D10,N,16:10:24,16:10:49,,SA089,상행,2025-05-01T05:00:00,,평일
신분당선,4304,신사,D4,,20250619,신분당선,4319,광교,D19,N,신분당선,,4309,양재시민의숲,D9,N,16:13:19,16:13:49,,SA089,상행,2025-05-01T05:00:00,,평일
신분당선,4304,신사,D4,,20250619,신분당선,4319,광교,D19,N,신분당선,,4308,양재,D8,N,16:15:33,16:16:08,,SA089,상행,2025-05-01T05:00:00,,평일
신분당선,4304,신사,D4,,20250619,신분당선,4319,광교,D19,N,신분당선,,4307,강남,D7,N,16:17:52,16:18:27,,SA089,상행,2025-05-01T05:00:00,,평일
신분당선,4304,신사,D4,,20250619,신분당선,4319,광교,D19,N,신분당선,,4306,신논현,D6,N,16:19:34,16:20:09,,SA089,상행,2025-05-01T05:00:00,,평일
신분당선,4304,신사,D4,,20250619,신분당선,4319,광교,D19,N,신분당선,,4305,논현,D5,N,16:21:14,16:21:49,,SA089,상행,2025-05-01T05:00:00,,평일
신분당선,4304,신사,D4,,20250619,신분당선,4319,광교,D19,N,신분당선,,4304,신사,D4,N,16:22:54,,,SA089,상행,2025-05-01T05:00:00,,평일
신분당선,4304,신사,D4,,20250619,신분당선,4319,광교,D19,N,신분당선,,4319,광교,D19,N,,15:48:50,,SA090,상행,2025-05-01T05:00:00,,평일
신분당선,4304,신사,D4,,20250619,신분당선,4319,광교,D19,N,신분당선,,4318,광교중앙,D18,N,15:51:46,15:52:11,,SA090,상행,2025-05-01T05:00:00,,평일
신분당선,4304,신사,D4,,20250619,신분당선,4319,광교,D19,N,신분당선,,4317,상현,D17,N,15:54:56,15:55:21,,SA090,상행,2025-05-01T05:00:00,,평일
신분당선,4304,신사,D4,,20250619,신분당선,4319,광교,D19,N,신분당선,,4316,성복,D16,N,15:57:55,15:58:20,,SA090,상행,2025-05-01T05:00:00,,평일
신분당선,4304,신사,D4,,20250619,신분당선,4319,광교,D19,N,신분당선,,4315,수지구청,D15,N,16:00:27,16:00:57,,SA090,상행,2025-05-01T05:00:00,,평일
신분당선,4304,신사,D4,,20250619,신분당선,4319,광교,D19,N,신분당선,,4314,동천,D14,N,16:03:19,16:03:49,,SA090,상행,2025-05-01T05:00:00,,평일
신분당선,4304,신사,D4,,20250619,신분당선,4319,광교,D19,N,신분당선,,4313,미금,D13,N,16:06:01,16:06:31,,SA090,상행,2025-05-01T05:00:00,,평일
신분당선,4304,신사,D4,,20250619,신분당선,4319,광교,D19,N,신분당선,,4312,정자,D12,N,16:08:31,16:09:06,,SA090,상행,2025-05-01T05:00:00,,평일
신분당선,4304,신사,D4,,20250619,신분당선,4319,광교,D19,N,신분당선,,4311,판교,D11,N,16:11:46,16:12:21,,SA090,상행,2025-05-01T05:00:00,,평일
신분당선,4304,신사,D4,,20250619,신분당선,4319,광교,D19,N,신분당선,,4310,청계산입구,D10,N,16:18:24,16:18:49,,SA090,상행,2025-05-01T05:00:00,,평일
신분당선,4304,신사,D4,,20250619,신분당선,4319,광교,D19,N,신분당선,,4309,양재시민의숲,D9,N,16:21:19,16:21:49,,SA090,상행,2025-05-01T05:00:00,,평일
신분당선,4304,신사,D4,,20250619,신분당선,4319,광교,D19,N,신분당선,,4308,양재,D8,N,16:23:33,16:24:08,,SA090,상행,2025-05-01T05:00:00,,평일
신분당선,4304,신사,D4,,20250619,신분당선,4319,광교,D19,N,신분당선,,4307,강남,D7,N,16:25:52,16:26:27,,SA090,상행,2025-05-01T05:00:00,,평일
신분당선,4304,신사,D4,,20250619,신분당선,4319,광교,D19,N,신분당선,,4306,신논현,D6,N,16:27:34,16:28:09,,SA090,상행,2025-05-01T05:00:00,,평일
신분당선,4304,신사,D4,,20250619,신분당선,4319,광교,D19,N,신분당선,,4305,논현,D5,N,16:29:14,16:29:49,,SA090,상행,2025-05-01T05:00:00,,평일
신분당선,4304,신사,D4,,20250619,신분당선,4319,광교,D19,N,신분당선,,4304,신사,D4,N,16:30:54,,,SA090,상행,2025-05-01T05:00:00,,평일
신분당선,4304,신사,D4,,20250619,신분당선,4319,광교,D19,N,신분당선,,4319,광교,D19,N,,15:56:50,,SA091,상행,2025-05-01T05:00:00,,평일
신분당선,4304,신사,D4,,20250619,신분당선,4319,광교,D19,N,신분당선,,4318,광교중앙,D18,N,15:59:46,16:00:11,,SA091,상행,2025-05-01T05:00:00,,평일
신분당선,4304,신사,D4,,20250619,신분당선,4319,광교,D19,N,신분당선,,4317,상현,D17,N,16:02:56,16:03:21,,SA091,상행,2025-05-01T05:00:00,,평일
신분당선,4304,신사,D4,,20250619,신분당선,4319,광교,D19,N,신분당선,,4316,성복,D16,N,16:05:55,16:06:20,,SA091,상행,2025-05-01T05:00:00,,평일
신분당선,4304,신사,D4,,20250619,신분당선,4319,광교,D19,N,신분당선,,4315,수지구청,D15,N,16:08:27,16:08:57,,SA091,상행,2025-05-01T05:00:00,,평일
신분당선,4304,신사,D4,,20250619,신분당선,4319,광교,D19,N,신분당선,,4314,동천,D14,N,16:11:19,16:11:49,,SA091,상행,2025-05-01T05:00:00,,평일
신분당선,4304,신사,D4,,20250619,신분당선,4319,광교,D19,N,신분당선,,4313,미금,D13,N,16:14:01,16:14:31,,SA091,상행,2025-05-01T05:00:00,,평일
신분당선,4304,신사,D4,,20250619,신분당선,4319,광교,D19,N,신분당선,,4312,정자,D12,N,16:16:31,16:17:06,,SA091,상행,2025-05-01T05:00:00,,평일
신분당선,4304,신사,D4,,20250619,신분당선,4319,광교,D19,N,신분당선,,4311,판교,D11,N,16:19:46,16:20:21,,SA091,상행,2025-05-01T05:00:00,,평일
신분당선,4304,신사,D4,,20250619,신분당선,4319,광교,D19,N,신분당선,,4310,청계산입구,D10,N,16:26:24,16:26:49,,SA091,상행,2025-05-01T05:00:00,,평일
신분당선,4304,신사,D4,,20250619,신분당선,4319,광교,D19,N,신분당선,,4309,양재시민의숲,D9,N,16:29:19,16:29:49,,SA091,상행,2025-05-01T05:00:00,,평일
신분당선,4304,신사,D4,,20250619,신분당선,4319,광교,D19,N,신분당선,,4308,양재,D8,N,16:31:33,16:32:08,,SA091,상행,2025-05-01T05:00:00,,평일
신분당선,4304,신사,D4,,20250619,신분당선,4319,광교,D19,N,신분당선,,4307,강남,D7,N,16:33:52,16:34:27,,SA091,상행,2025-05-01T05:00:00,,평일
신분당선,4304,신사,D4,,20250619,신분당선,4319,광교,D19,N,신분당선,,4306,신논현,D6,N,16:35:34,16:36:09,,SA091,상행,2025-05-01T05:00:00,,평일
신분당선,4304,신사,D4,,20250619,신분당선,4319,광교,D19,N,신분당선,,4305,논현,D5,N,16:37:14,16:37:49,,SA091,상행,2025-05-01T05:00:00,,평일
신분당선,4304,신사,D4,,20250619,신분당선,4319,광교,D19,N,신분당선,,4304,신사,D4,N,16:38:54,,,SA091,상행,2025-05-01T05:00:00,,평일
신분당선,4304,신사,D4,,20250619,신분당선,4319,광교,D19,N,신분당선,,4319,광교,D19,N,,16:04:50,,SA092,상행,2025-05-01T05:00:00,,평일
신분당선,4304,신사,D4,,20250619,신분당선,4319,광교,D19,N,신분당선,,4318,광교중앙,D18,N,16:07:46,16:08:11,,SA092,상행,2025-05-01T05:00:00,,평일
신분당선,4304,신사,D4,,20250619,신분당선,4319,광교,D19,N,신분당선,,4317,상현,D17,N,16:10:56,16:11:21,,SA092,상행,2025-05-01T05:00:00,,평일
신분당선,4304,신사,D4,,20250619,신분당선,4319,광교,D19,N,신분당선,,4316,성복,D16,N,16:13:55,16:14:20,,SA092,상행,2025-05-01T05:00:00,,평일
신분당선,4304,신사,D4,,20250619,신분당선,4319,광교,D19,N,신분당선,,4315,수지구청,D15,N,16:16:27,16:16:57,,SA092,상행,2025-05-01T05:00:00,,평일
신분당선,4304,신사,D4,,20250619,신분당선,4319,광교,D19,N,신분당선,,4314,동천,D14,N,16:19:19,16:19:49,,SA092,상행,2025-05-01T05:00:00,,평일
신분당선,4304,신사,D4,,20250619,신분당선,4319,광교,D19,N,신분당선,,4313,미금,D13,N,16:22:01,16:22:31,,SA092,상행,2025-05-01T05:00:00,,평일
신분당선,4304,신사,D4,,20250619,신분당선,4319,광교,D19,N,신분당선,,4312,정자,D12,N,16:24:31,16:25:06,,SA092,상행,2025-05-01T05:00:00,,평일
신분당선,4304,신사,D4,,20250619,신분당선,4319,광교,D19,N,신분당선,,4311,판교,D11,N,16:27:46,16:28:21,,SA092,상행,2025-05-01T05:00:00,,평일
신분당선,4304,신사,D4,,20250619,신분당선,4319,광교,D19,N,신분당선,,4310,청계산입구,D10,N,16:34:24,16:34:49,,SA092,상행,2025-05-01T05:00:00,,평일
신분당선,4304,신사,D4,,20250619,신분당선,4319,광교,D19,N,신분당선,,4309,양재시민의숲,D9,N,16:37:19,16:37:49,,SA092,상행,2025-05-01T05:00:00,,평일
신분당선,4304,신사,D4,,20250619,신분당선,4319,광교,D19,N,신분당선,,4308,양재,D8,N,16:39:33,16:40:08,,SA092,상행,2025-05-01T05:00:00,,평일
신분당선,4304,신사,D4,,20250619,신분당선,4319,광교,D19,N,신분당선,,4307,강남,D7,N,16:41:52,16:42:27,,SA092,상행,2025-05-01T05:00:00,,평일
신분당선,4304,신사,D4,,20250619,신분당선,4319,광교,D19,N,신분당선,,4306,신논현,D6,N,16:43:34,16:44:09,,SA092,상행,2025-05-01T05:00:00,,평일
신분당선,4304,신사,D4,,20250619,신분당선,4319,광교,D19,N,신분당선,,4305,논현,D5,N,16:45:14,16:45:49,,SA092,상행,2025-05-01T05:00:00,,평일
신분당선,4304,신사,D4,,20250619,신분당선,4319,광교,D19,N,신분당선,,4304,신사,D4,N,16:46:54,,,SA092,상행,2025-05-01T05:00:00,,평일
신분당선,4304,신사,D4,,20250619,신분당선,4319,광교,D19,N,신분당선,,4319,광교,D19,N,,16:12:50,,SA093,상행,2025-05-01T05:00:00,,평일
신분당선,4304,신사,D4,,20250619,신분당선,4319,광교,D19,N,신분당선,,4318,광교중앙,D18,N,16:15:46,16:16:11,,SA093,상행,2025-05-01T05:00:00,,평일
신분당선,4304,신사,D4,,20250619,신분당선,4319,광교,D19,N,신분당선,,4317,상현,D17,N,16:18:56,16:19:21,,SA093,상행,2025-05-01T05:00:00,,평일
신분당선,4304,신사,D4,,20250619,신분당선,4319,광교,D19,N,신분당선,,4316,성복,D16,N,16:21:55,16:22:20,,SA093,상행,2025-05-01T05:00:00,,평일
신분당선,4304,신사,D4,,20250619,신분당선,4319,광교,D19,N,신분당선,,4315,수지구청,D15,N,16:24:27,16:24:57,,SA093,상행,2025-05-01T05:00:00,,평일
신분당선,4304,신사,D4,,20250619,신분당선,4319,광교,D19,N,신분당선,,4314,동천,D14,N,16:27:19,16:27:49,,SA093,상행,2025-05-01T05:00:00,,평일
신분당선,4304,신사,D4,,20250619,신분당선,4319,광교,D19,N,신분당선,,4313,미금,D13,N,16:30:01,16:30:31,,SA093,상행,2025-05-01T05:00:00,,평일
신분당선,4304,신사,D4,,20250619,신분당선,4319,광교,D19,N,신분당선,,4312,정자,D12,N,16:32:31,16:33:06,,SA093,상행,2025-05-01T05:00:00,,평일
신분당선,4304,신사,D4,,20250619,신분당선,4319,광교,D19,N,신분당선,,4311,판교,D11,N,16:35:46,16:36:21,,SA093,상행,2025-05-01T05:00:00,,평일
신분당선,4304,신사,D4,,20250619,신분당선,4319,광교,D19,N,신분당선,,4310,청계산입구,D10,N,16:42:24,16:42:49,,SA093,상행,2025-05-01T05:00:00,,평일
신분당선,4304,신사,D4,,20250619,신분당선,4319,광교,D19,N,신분당선,,4309,양재시민의숲,D9,N,16:45:19,16:45:49,,SA093,상행,2025-05-01T05:00:00,,평일
신분당선,4304,신사,D4,,20250619,신분당선,4319,광교,D19,N,신분당선,,4308,양재,D8,N,16:47:33,16:48:08,,SA093,상행,2025-05-01T05:00:00,,평일
신분당선,4304,신사,D4,,20250619,신분당선,4319,광교,D19,N,신분당선,,4307,강남,D7,N,16:49:52,16:50:27,,SA093,상행,2025-05-01T05:00:00,,평일
신분당선,4304,신사,D4,,20250619,신분당선,4319,광교,D19,N,신분당선,,4306,신논현,D6,N,16:51:34,16:52:09,,SA093,상행,2025-05-01T05:00:00,,평일
신분당선,4304,신사,D4,,20250619,신분당선,4319,광교,D19,N,신분당선,,4305,논현,D5,N,16:53:14,16:53:49,,SA093,상행,2025-05-01T05:00:00,,평일
신분당선,4304,신사,D4,,20250619,신분당선,4319,광교,D19,N,신분당선,,4304,신사,D4,N,16:54:54,,,SA093,상행,2025-05-01T05:00:00,,평일
신분당선,4304,신사,D4,,20250619,신분당선,4319,광교,D19,N,신분당선,,4319,광교,D19,N,,16:20:50,,SA094,상행,2025-05-01T05:00:00,,평일
신분당선,4304,신사,D4,,20250619,신분당선,4319,광교,D19,N,신분당선,,4318,광교중앙,D18,N,16:23:46,16:24:11,,SA094,상행,2025-05-01T05:00:00,,평일
신분당선,4304,신사,D4,,20250619,신분당선,4319,광교,D19,N,신분당선,,4317,상현,D17,N,16:26:56,16:27:21,,SA094,상행,2025-05-01T05:00:00,,평일
신분당선,4304,신사,D4,,20250619,신분당선,4319,광교,D19,N,신분당선,,4316,성복,D16,N,16:29:55,16:30:20,,SA094,상행,2025-05-01T05:00:00,,평일
신분당선,4304,신사,D4,,20250619,신분당선,4319,광교,D19,N,신분당선,,4315,수지구청,D15,N,16:32:27,16:32:57,,SA094,상행,2025-05-01T05:00:00,,평일
신분당선,4304,신사,D4,,20250619,신분당선,4319,광교,D19,N,신분당선,,4314,동천,D14,N,16:35:19,16:35:49,,SA094,상행,2025-05-01T05:00:00,,평일
신분당선,4304,신사,D4,,20250619,신분당선,4319,광교,D19,N,신분당선,,4313,미금,D13,N,16:38:01,16:38:31,,SA094,상행,2025-05-01T05:00:00,,평일
신분당선,4304,신사,D4,,20250619,신분당선,4319,광교,D19,N,신분당선,,4312,정자,D12,N,16:40:31,16:41:06,,SA094,상행,2025-05-01T05:00:00,,평일
신분당선,4304,신사,D4,,20250619,신분당선,4319,광교,D19,N,신분당선,,4311,판교,D11,N,16:43:46,16:44:21,,SA094,상행,2025-05-01T05:00:00,,평일
신분당선,4304,신사,D4,,20250619,신분당선,4319,광교,D19,N,신분당선,,4310,청계산입구,D10,N,16:50:24,16:50:49,,SA094,상행,2025-05-01T05:00:00,,평일
신분당선,4304,신사,D4,,20250619,신분당선,4319,광교,D19,N,신분당선,,4309,양재시민의숲,D9,N,16:53:19,16:53:49,,SA094,상행,2025-05-01T05:00:00,,평일
신분당선,4304,신사,D4,,20250619,신분당선,4319,광교,D19,N,신분당선,,4308,양재,D8,N,16:55:33,16:56:08,,SA094,상행,2025-05-01T05:00:00,,평일
신분당선,4304,신사,D4,,20250619,신분당선,4319,광교,D19,N,신분당선,,4307,강남,D7,N,16:57:52,16:58:27,,SA094,상행,2025-05-01T05:00:00,,평일
신분당선,4304,신사,D4,,20250619,신분당선,4319,광교,D19,N,신분당선,,4306,신논현,D6,N,16:59:34,17:00:09,,SA094,상행,2025-05-01T05:00:00,,평일
신분당선,4304,신사,D4,,20250619,신분당선,4319,광교,D19,N,신분당선,,4305,논현,D5,N,17:01:14,17:01:49,,SA094,상행,2025-05-01T05:00:00,,평일
신분당선,4304,신사,D4,,20250619,신분당선,4319,광교,D19,N,신분당선,,4304,신사,D4,N,17:02:54,,,SA094,상행,2025-05-01T05:00:00,,평일
신분당선,4304,신사,D4,,20250619,신분당선,4319,광교,D19,N,신분당선,,4319,광교,D19,N,,16:28:50,,SA095,상행,2025-05-01T05:00:00,,평일
신분당선,4304,신사,D4,,20250619,신분당선,4319,광교,D19,N,신분당선,,4318,광교중앙,D18,N,16:31:46,16:32:11,,SA095,상행,2025-05-01T05:00:00,,평일
신분당선,4304,신사,D4,,20250619,신분당선,4319,광교,D19,N,신분당선,,4317,상현,D17,N,16:34:56,16:35:21,,SA095,상행,2025-05-01T05:00:00,,평일
신분당선,4304,신사,D4,,20250619,신분당선,4319,광교,D19,N,신분당선,,4316,성복,D16,N,16:37:55,16:38:20,,SA095,상행,2025-05-01T05:00:00,,평일
신분당선,4304,신사,D4,,20250619,신분당선,4319,광교,D19,N,신분당선,,4315,수지구청,D15,N,16:40:27,16:40:57,,SA095,상행,2025-05-01T05:00:00,,평일
신분당선,4304,신사,D4,,20250619,신분당선,4319,광교,D19,N,신분당선,,4314,동천,D14,N,16:43:19,16:43:49,,SA095,상행,2025-05-01T05:00:00,,평일
신분당선,4304,신사,D4,,20250619,신분당선,4319,광교,D19,N,신분당선,,4313,미금,D13,N,16:46:01,16:46:31,,SA095,상행,2025-05-01T05:00:00,,평일
신분당선,4304,신사,D4,,20250619,신분당선,4319,광교,D19,N,신분당선,,4312,정자,D12,N,16:48:31,16:49:06,,SA095,상행,2025-05-01T05:00:00,,평일
신분당선,4304,신사,D4,,20250619,신분당선,4319,광교,D19,N,신분당선,,4311,판교,D11,N,16:51:46,16:52:21,,SA095,상행,2025-05-01T05:00:00,,평일
신분당선,4304,신사,D4,,20250619,신분당선,4319,광교,D19,N,신분당선,,4310,청계산입구,D10,N,16:58:24,16:58:49,,SA095,상행,2025-05-01T05:00:00,,평일
신분당선,4304,신사,D4,,20250619,신분당선,4319,광교,D19,N,신분당선,,4309,양재시민의숲,D9,N,17:01:19,17:01:49,,SA095,상행,2025-05-01T05:00:00,,평일
신분당선,4304,신사,D4,,20250619,신분당선,4319,광교,D19,N,신분당선,,4308,양재,D8,N,17:03:33,17:04:08,,SA095,상행,2025-05-01T05:00:00,,평일
신분당선,4304,신사,D4,,20250619,신분당선,4319,광교,D19,N,신분당선,,4307,강남,D7,N,17:05:52,17:06:27,,SA095,상행,2025-05-01T05:00:00,,평일
신분당선,4304,신사,D4,,20250619,신분당선,4319,광교,D19,N,신분당선,,4306,신논현,D6,N,17:07:34,17:08:09,,SA095,상행,2025-05-01T05:00:00,,평일
신분당선,4304,신사,D4,,20250619,신분당선,4319,광교,D19,N,신분당선,,4305,논현,D5,N,17:09:14,17:09:49,,SA095,상행,2025-05-01T05:00:00,,평일
신분당선,4304,신사,D4,,20250619,신분당선,4319,광교,D19,N,신분당선,,4304,신사,D4,N,17:10:54,,,SA095,상행,2025-05-01T05:00:00,,평일
신분당선,4304,신사,D4,,20250619,신분당선,4319,광교,D19,N,신분당선,,4319,광교,D19,N,,16:36:50,,SA096,상행,2025-05-01T05:00:00,,평일
신분당선,4304,신사,D4,,20250619,신분당선,4319,광교,D19,N,신분당선,,4318,광교중앙,D18,N,16:39:46,16:40:11,,SA096,상행,2025-05-01T05:00:00,,평일
신분당선,4304,신사,D4,,20250619,신분당선,4319,광교,D19,N,신분당선,,4317,상현,D17,N,16:42:56,16:43:21,,SA096,상행,2025-05-01T05:00:00,,평일
신분당선,4304,신사,D4,,20250619,신분당선,4319,광교,D19,N,신분당선,,4316,성복,D16,N,16:45:55,16:46:20,,SA096,상행,2025-05-01T05:00:00,,평일
신분당선,4304,신사,D4,,20250619,신분당선,4319,광교,D19,N,신분당선,,4315,수지구청,D15,N,16:48:27,16:48:57,,SA096,상행,2025-05-01T05:00:00,,평일
신분당선,4304,신사,D4,,20250619,신분당선,4319,광교,D19,N,신분당선,,4314,동천,D14,N,16:51:19,16:51:49,,SA096,상행,2025-05-01T05:00:00,,평일
신분당선,4304,신사,D4,,20250619,신분당선,4319,광교,D19,N,신분당선,,4313,미금,D13,N,16:54:01,16:54:31,,SA096,상행,2025-05-01T05:00:00,,평일
신분당선,4304,신사,D4,,20250619,신분당선,4319,광교,D19,N,신분당선,,4312,정자,D12,N,16:56:31,16:57:06,,SA096,상행,2025-05-01T05:00:00,,평일
신분당선,4304,신사,D4,,20250619,신분당선,4319,광교,D19,N,신분당선,,4311,판교,D11,N,16:59:46,17:00:21,,SA096,상행,2025-05-01T05:00:00,,평일
신분당선,4304,신사,D4,,20250619,신분당선,4319,광교,D19,N,신분당선,,4310,청계산입구,D10,N,17:06:24,17:06:49,,SA096,상행,2025-05-01T05:00:00,,평일
신분당선,4304,신사,D4,,20250619,신분당선,4319,광교,D19,N,신분당선,,4309,양재시민의숲,D9,N,17:09:19,17:09:49,,SA096,상행,2025-05-01T05:00:00,,평일
신분당선,4304,신사,D4,,20250619,신분당선,4319,광교,D19,N,신분당선,,4308,양재,D8,N,17:11:33,17:12:08,,SA096,상행,2025-05-01T05:00:00,,평일
신분당선,4304,신사,D4,,20250619,신분당선,4319,광교,D19,N,신분당선,,4307,강남,D7,N,17:13:52,17:14:27,,SA096,상행,2025-05-01T05:00:00,,평일
신분당선,4304,신사,D4,,20250619,신분당선,4319,광교,D19,N,신분당선,,4306,신논현,D6,N,17:15:34,17:16:09,,SA096,상행,2025-05-01T05:00:00,,평일
신분당선,4304,신사,D4,,20250619,신분당선,4319,광교,D19,N,신분당선,,4305,논현,D5,N,17:17:14,17:17:49,,SA096,상행,2025-05-01T05:00:00,,평일
신분당선,4304,신사,D4,,20250619,신분당선,4319,광교,D19,N,신분당선,,4304,신사,D4,N,17:18:54,,,SA096,상행,2025-05-01T05:00:00,,평일
신분당선,4304,신사,D4,,20250619,신분당선,4319,광교,D19,N,신분당선,,4319,광교,D19,N,,16:44:50,,SA097,상행,2025-05-01T05:00:00,,평일
신분당선,4304,신사,D4,,20250619,신분당선,4319,광교,D19,N,신분당선,,4318,광교중앙,D18,N,16:47:46,16:48:11,,SA097,상행,2025-05-01T05:00:00,,평일
신분당선,4304,신사,D4,,20250619,신분당선,4319,광교,D19,N,신분당선,,4317,상현,D17,N,16:50:56,16:51:21,,SA097,상행,2025-05-01T05:00:00,,평일
신분당선,4304,신사,D4,,20250619,신분당선,4319,광교,D19,N,신분당선,,4316,성복,D16,N,16:53:55,16:54:20,,SA097,상행,2025-05-01T05:00:00,,평일
신분당선,4304,신사,D4,,20250619,신분당선,4319,광교,D19,N,신분당선,,4315,수지구청,D15,N,16:56:27,16:56:57,,SA097,상행,2025-05-01T05:00:00,,평일
신분당선,4304,신사,D4,,20250619,신분당선,4319,광교,D19,N,신분당선,,4314,동천,D14,N,16:59:19,16:59:49,,SA097,상행,2025-05-01T05:00:00,,평일
신분당선,4304,신사,D4,,20250619,신분당선,4319,광교,D19,N,신분당선,,4313,미금,D13,N,17:02:01,17:02:31,,SA097,상행,2025-05-01T05:00:00,,평일
신분당선,4304,신사,D4,,20250619,신분당선,4319,광교,D19,N,신분당선,,4312,정자,D12,N,17:04:31,17:05:06,,SA097,상행,2025-05-01T05:00:00,,평일
신분당선,4304,신사,D4,,20250619,신분당선,4319,광교,D19,N,신분당선,,4311,판교,D11,N,17:07:46,17:08:21,,SA097,상행,2025-05-01T05:00:00,,평일
신분당선,4304,신사,D4,,20250619,신분당선,4319,광교,D19,N,신분당선,,4310,청계산입구,D10,N,17:14:24,17:14:49,,SA097,상행,2025-05-01T05:00:00,,평일
신분당선,4304,신사,D4,,20250619,신분당선,4319,광교,D19,N,신분당선,,4309,양재시민의숲,D9,N,17:17:19,17:17:49,,SA097,상행,2025-05-01T05:00:00,,평일
신분당선,4304,신사,D4,,20250619,신분당선,4319,광교,D19,N,신분당선,,4308,양재,D8,N,17:19:33,17:20:08,,SA097,상행,2025-05-01T05:00:00,,평일
신분당선,4304,신사,D4,,20250619,신분당선,4319,광교,D19,N,신분당선,,4307,강남,D7,N,17:21:52,17:22:27,,SA097,상행,2025-05-01T05:00:00,,평일
신분당선,4304,신사,D4,,20250619,신분당선,4319,광교,D19,N,신분당선,,4306,신논현,D6,N,17:23:34,17:24:09,,SA097,상행,2025-05-01T05:00:00,,평일
신분당선,4304,신사,D4,,20250619,신분당선,4319,광교,D19,N,신분당선,,4305,논현,D5,N,17:25:14,17:25:49,,SA097,상행,2025-05-01T05:00:00,,평일
신분당선,4304,신사,D4,,20250619,신분당선,4319,광교,D19,N,신분당선,,4304,신사,D4,N,17:26:54,,,SA097,상행,2025-05-01T05:00:00,,평일
신분당선,4304,신사,D4,,20250619,신분당선,4319,광교,D19,N,신분당선,,4319,광교,D19,N,,16:53:50,,SA098,상행,2025-05-01T05:00:00,,평일
신분당선,4304,신사,D4,,20250619,신분당선,4319,광교,D19,N,신분당선,,4318,광교중앙,D18,N,16:56:46,16:57:11,,SA098,상행,2025-05-01T05:00:00,,평일
신분당선,4304,신사,D4,,20250619,신분당선,4319,광교,D19,N,신분당선,,4317,상현,D17,N,16:59:56,17:00:21,,SA098,상행,2025-05-01T05:00:00,,평일
신분당선,4304,신사,D4,,20250619,신분당선,4319,광교,D19,N,신분당선,,4316,성복,D16,N,17:02:55,17:03:25,,SA098,상행,2025-05-01T05:00:00,,평일
신분당선,4304,신사,D4,,20250619,신분당선,4319,광교,D19,N,신분당선,,4315,수지구청,D15,N,17:05:32,17:06:02,,SA098,상행,2025-05-01T05:00:00,,평일
신분당선,4304,신사,D4,,20250619,신분당선,4319,광교,D19,N,신분당선,,4314,동천,D14,N,17:08:24,17:08:54,,SA098,상행,2025-05-01T05:00:00,,평일
신분당선,4304,신사,D4,,20250619,신분당선,4319,광교,D19,N,신분당선,,4313,미금,D13,N,17:11:06,17:11:36,,SA098,상행,2025-05-01T05:00:00,,평일
신분당선,4304,신사,D4,,20250619,신분당선,4319,광교,D19,N,신분당선,,4312,정자,D12,N,17:13:36,17:14:16,,SA098,상행,2025-05-01T05:00:00,,평일
신분당선,4304,신사,D4,,20250619,신분당선,4319,광교,D19,N,신분당선,,4311,판교,D11,N,17:16:56,17:17:41,,SA098,상행,2025-05-01T05:00:00,,평일
신분당선,4304,신사,D4,,20250619,신분당선,4319,광교,D19,N,신분당선,,4310,청계산입구,D10,N,17:23:44,17:24:09,,SA098,상행,2025-05-01T05:00:00,,평일
신분당선,4304,신사,D4,,20250619,신분당선,4319,광교,D19,N,신분당선,,4309,양재시민의숲,D9,N,17:26:39,17:27:09,,SA098,상행,2025-05-01T05:00:00,,평일
신분당선,4304,신사,D4,,20250619,신분당선,4319,광교,D19,N,신분당선,,4308,양재,D8,N,17:28:53,17:29:33,,SA098,상행,2025-05-01T05:00:00,,평일
신분당선,4304,신사,D4,,20250619,신분당선,4319,광교,D19,N,신분당선,,4307,강남,D7,N,17:31:17,17:32:02,,SA098,상행,2025-05-01T05:00:00,,평일
신분당선,4304,신사,D4,,20250619,신분당선,4319,광교,D19,N,신분당선,,4306,신논현,D6,N,17:33:09,17:33:44,,SA098,상행,2025-05-01T05:00:00,,평일
신분당선,4304,신사,D4,,20250619,신분당선,4319,광교,D19,N,신분당선,,4305,논현,D5,N,17:34:49,17:35:24,,SA098,상행,2025-05-01T05:00:00,,평일
신분당선,4304,신사,D4,,20250619,신분당선,4319,광교,D19,N,신분당선,,4304,신사,D4,N,17:36:29,,,SA098,상행,2025-05-01T05:00:00,,평일
신분당선,4304,신사,D4,,20250619,신분당선,4319,광교,D19,N,신분당선,,4319,광교,D19,N,,17:00:50,,SA099,상행,2025-05-01T05:00:00,,평일
신분당선,4304,신사,D4,,20250619,신분당선,4319,광교,D19,N,신분당선,,4318,광교중앙,D18,N,17:03:46,17:04:11,,SA099,상행,2025-05-01T05:00:00,,평일
신분당선,4304,신사,D4,,20250619,신분당선,4319,광교,D19,N,신분당선,,4317,상현,D17,N,17:06:56,17:07:21,,SA099,상행,2025-05-01T05:00:00,,평일
신분당선,4304,신사,D4,,20250619,신분당선,4319,광교,D19,N,신분당선,,4316,성복,D16,N,17:09:55,17:10:25,,SA099,상행,2025-05-01T05:00:00,,평일
신분당선,4304,신사,D4,,20250619,신분당선,4319,광교,D19,N,신분당선,,4315,수지구청,D15,N,17:12:32,17:13:02,,SA099,상행,2025-05-01T05:00:00,,평일
신분당선,4304,신사,D4,,20250619,신분당선,4319,광교,D19,N,신분당선,,4314,동천,D14,N,17:15:24,17:15:54,,SA099,상행,2025-05-01T05:00:00,,평일
신분당선,4304,신사,D4,,20250619,신분당선,4319,광교,D19,N,신분당선,,4313,미금,D13,N,17:18:06,17:18:36,,SA099,상행,2025-05-01T05:00:00,,평일
신분당선,4304,신사,D4,,20250619,신분당선,4319,광교,D19,N,신분당선,,4312,정자,D12,N,17:20:36,17:21:16,,SA099,상행,2025-05-01T05:00:00,,평일
신분당선,4304,신사,D4,,20250619,신분당선,4319,광교,D19,N,신분당선,,4311,판교,D11,N,17:23:56,17:24:41,,SA099,상행,2025-05-01T05:00:00,,평일
신분당선,4304,신사,D4,,20250619,신분당선,4319,광교,D19,N,신분당선,,4310,청계산입구,D10,N,17:30:44,17:31:09,,SA099,상행,2025-05-01T05:00:00,,평일
신분당선,4304,신사,D4,,20250619,신분당선,4319,광교,D19,N,신분당선,,4309,양재시민의숲,D9,N,17:33:39,17:34:09,,SA099,상행,2025-05-01T05:00:00,,평일
신분당선,4304,신사,D4,,20250619,신분당선,4319,광교,D19,N,신분당선,,4308,양재,D8,N,17:35:53,17:36:33,,SA099,상행,2025-05-01T05:00:00,,평일
신분당선,4304,신사,D4,,20250619,신분당선,4319,광교,D19,N,신분당선,,4307,강남,D7,N,17:38:17,17:39:02,,SA099,상행,2025-05-01T05:00:00,,평일
신분당선,4304,신사,D4,,20250619,신분당선,4319,광교,D19,N,신분당선,,4306,신논현,D6,N,17:40:09,17:40:44,,SA099,상행,2025-05-01T05:00:00,,평일
신분당선,4304,신사,D4,,20250619,신분당선,4319,광교,D19,N,신분당선,,4305,논현,D5,N,17:41:49,17:42:24,,SA099,상행,2025-05-01T05:00:00,,평일
신분당선,4304,신사,D4,,20250619,신분당선,4319,광교,D19,N,신분당선,,4304,신사,D4,N,17:43:29,,,SA099,상행,2025-05-01T05:00:00,,평일
신분당선,4304,신사,D4,,20250619,신분당선,4319,광교,D19,N,신분당선,,4319,광교,D19,N,,17:06:00,,SA100,상행,2025-05-01T05:00:00,,평일
신분당선,4304,신사,D4,,20250619,신분당선,4319,광교,D19,N,신분당선,,4318,광교중앙,D18,N,17:08:56,17:09:21,,SA100,상행,2025-05-01T05:00:00,,평일
신분당선,4304,신사,D4,,20250619,신분당선,4319,광교,D19,N,신분당선,,4317,상현,D17,N,17:12:06,17:12:31,,SA100,상행,2025-05-01T05:00:00,,평일
신분당선,4304,신사,D4,,20250619,신분당선,4319,광교,D19,N,신분당선,,4316,성복,D16,N,17:15:05,17:15:35,,SA100,상행,2025-05-01T05:00:00,,평일
신분당선,4304,신사,D4,,20250619,신분당선,4319,광교,D19,N,신분당선,,4315,수지구청,D15,N,17:17:42,17:18:12,,SA100,상행,2025-05-01T05:00:00,,평일
신분당선,4304,신사,D4,,20250619,신분당선,4319,광교,D19,N,신분당선,,4314,동천,D14,N,17:20:34,17:21:04,,SA100,상행,2025-05-01T05:00:00,,평일
신분당선,4304,신사,D4,,20250619,신분당선,4319,광교,D19,N,신분당선,,4313,미금,D13,N,17:23:16,17:23:46,,SA100,상행,2025-05-01T05:00:00,,평일
신분당선,4304,신사,D4,,20250619,신분당선,4319,광교,D19,N,신분당선,,4312,정자,D12,N,17:25:46,17:26:26,,SA100,상행,2025-05-01T05:00:00,,평일
신분당선,4304,신사,D4,,20250619,신분당선,4319,광교,D19,N,신분당선,,4311,판교,D11,N,17:29:06,17:29:51,,SA100,상행,2025-05-01T05:00:00,,평일
신분당선,4304,신사,D4,,20250619,신분당선,4319,광교,D19,N,신분당선,,4310,청계산입구,D10,N,17:35:54,17:36:19,,SA100,상행,2025-05-01T05:00:00,,평일
신분당선,4304,신사,D4,,20250619,신분당선,4319,광교,D19,N,신분당선,,4309,양재시민의숲,D9,N,17:38:49,17:39:19,,SA100,상행,2025-05-01T05:00:00,,평일
신분당선,4304,신사,D4,,20250619,신분당선,4319,광교,D19,N,신분당선,,4308,양재,D8,N,17:41:03,17:41:43,,SA100,상행,2025-05-01T05:00:00,,평일
신분당선,4304,신사,D4,,20250619,신분당선,4319,광교,D19,N,신분당선,,4307,강남,D7,N,17:43:27,17:44:12,,SA100,상행,2025-05-01T05:00:00,,평일
신분당선,4304,신사,D4,,20250619,신분당선,4319,광교,D19,N,신분당선,,4306,신논현,D6,N,17:45:19,17:45:54,,SA100,상행,2025-05-01T05:00:00,,평일
신분당선,4304,신사,D4,,20250619,신분당선,4319,광교,D19,N,신분당선,,4305,논현,D5,N,17:46:59,17:47:34,,SA100,상행,2025-05-01T05:00:00,,평일
신분당선,4304,신사,D4,,20250619,신분당선,4319,광교,D19,N,신분당선,,4304,신사,D4,N,17:48:39,,,SA100,상행,2025-05-01T05:00:00,,평일
신분당선,4304,신사,D4,,20250619,신분당선,4319,광교,D19,N,신분당선,,4319,광교,D19,N,,17:11:00,,SA101,상행,2025-05-01T05:00:00,,평일
신분당선,4304,신사,D4,,20250619,신분당선,4319,광교,D19,N,신분당선,,4318,광교중앙,D18,N,17:13:56,17:14:21,,SA101,상행,2025-05-01T05:00:00,,평일
신분당선,4304,신사,D4,,20250619,신분당선,4319,광교,D19,N,신분당선,,4317,상현,D17,N,17:17:06,17:17:31,,SA101,상행,2025-05-01T05:00:00,,평일
신분당선,4304,신사,D4,,20250619,신분당선,4319,광교,D19,N,신분당선,,4316,성복,D16,N,17:20:05,17:20:35,,SA101,상행,2025-05-01T05:00:00,,평일
신분당선,4304,신사,D4,,20250619,신분당선,4319,광교,D19,N,신분당선,,4315,수지구청,D15,N,17:22:42,17:23:12,,SA101,상행,2025-05-01T05:00:00,,평일
신분당선,4304,신사,D4,,20250619,신분당선,4319,광교,D19,N,신분당선,,4314,동천,D14,N,17:25:34,17:26:04,,SA101,상행,2025-05-01T05:00:00,,평일
신분당선,4304,신사,D4,,20250619,신분당선,4319,광교,D19,N,신분당선,,4313,미금,D13,N,17:28:16,17:28:46,,SA101,상행,2025-05-01T05:00:00,,평일
신분당선,4304,신사,D4,,20250619,신분당선,4319,광교,D19,N,신분당선,,4312,정자,D12,N,17:30:46,17:31:26,,SA101,상행,2025-05-01T05:00:00,,평일
신분당선,4304,신사,D4,,20250619,신분당선,4319,광교,D19,N,신분당선,,4311,판교,D11,N,17:34:06,17:34:51,,SA101,상행,2025-05-01T05:00:00,,평일
신분당선,4304,신사,D4,,20250619,신분당선,4319,광교,D19,N,신분당선,,4310,청계산입구,D10,N,17:40:54,17:41:19,,SA101,상행,2025-05-01T05:00:00,,평일
신분당선,4304,신사,D4,,20250619,신분당선,4319,광교,D19,N,신분당선,,4309,양재시민의숲,D9,N,17:43:49,17:44:19,,SA101,상행,2025-05-01T05:00:00,,평일
신분당선,4304,신사,D4,,20250619,신분당선,4319,광교,D19,N,신분당선,,4308,양재,D8,N,17:46:03,17:46:43,,SA101,상행,2025-05-01T05:00:00,,평일
신분당선,4304,신사,D4,,20250619,신분당선,4319,광교,D19,N,신분당선,,4307,강남,D7,N,17:48:27,17:49:12,,SA101,상행,2025-05-01T05:00:00,,평일
신분당선,4304,신사,D4,,20250619,신분당선,4319,광교,D19,N,신분당선,,4306,신논현,D6,N,17:50:19,17:50:54,,SA101,상행,2025-05-01T05:00:00,,평일
신분당선,4304,신사,D4,,20250619,신분당선,4319,광교,D19,N,신분당선,,4305,논현,D5,N,17:51:59,17:52:34,,SA101,상행,2025-05-01T05:00:00,,평일
신분당선,4304,신사,D4,,20250619,신분당선,4319,광교,D19,N,신분당선,,4304,신사,D4,N,17:53:39,,,SA101,상행,2025-05-01T05:00:00,,평일
신분당선,4304,신사,D4,,20250619,신분당선,4311,판교,D11,N,신분당선,,4311,판교,D11,N,,17:13:21,,SA102,상행,2025-05-01T05:00:00,,평일
신분당선,4304,신사,D4,,20250619,신분당선,4311,판교,D11,N,신분당선,,4310,청계산입구,D10,N,17:19:24,17:19:49,,SA102,상행,2025-05-01T05:00:00,,평일
신분당선,4304,신사,D4,,20250619,신분당선,4311,판교,D11,N,신분당선,,4309,양재시민의숲,D9,N,17:22:19,17:22:49,,SA102,상행,2025-05-01T05:00:00,,평일
신분당선,4304,신사,D4,,20250619,신분당선,4311,판교,D11,N,신분당선,,4308,양재,D8,N,17:24:33,17:25:13,,SA102,상행,2025-05-01T05:00:00,,평일
신분당선,4304,신사,D4,,20250619,신분당선,4311,판교,D11,N,신분당선,,4307,강남,D7,N,17:26:57,17:27:42,,SA102,상행,2025-05-01T05:00:00,,평일
신분당선,4304,신사,D4,,20250619,신분당선,4311,판교,D11,N,신분당선,,4306,신논현,D6,N,17:28:49,17:29:24,,SA102,상행,2025-05-01T05:00:00,,평일
신분당선,4304,신사,D4,,20250619,신분당선,4311,판교,D11,N,신분당선,,4305,논현,D5,N,17:30:29,17:31:04,,SA102,상행,2025-05-01T05:00:00,,평일
신분당선,4304,신사,D4,,20250619,신분당선,4311,판교,D11,N,신분당선,,4304,신사,D4,N,17:32:09,,,SA102,상행,2025-05-01T05:00:00,,평일
신분당선,4304,신사,D4,,20250619,신분당선,4319,광교,D19,N,신분당선,,4319,광교,D19,N,,17:16:00,,SA103,상행,2025-05-01T05:00:00,,평일
신분당선,4304,신사,D4,,20250619,신분당선,4319,광교,D19,N,신분당선,,4318,광교중앙,D18,N,17:18:56,17:19:21,,SA103,상행,2025-05-01T05:00:00,,평일
신분당선,4304,신사,D4,,20250619,신분당선,4319,광교,D19,N,신분당선,,4317,상현,D17,N,17:22:06,17:22:31,,SA103,상행,2025-05-01T05:00:00,,평일
신분당선,4304,신사,D4,,20250619,신분당선,4319,광교,D19,N,신분당선,,4316,성복,D16,N,17:25:05,17:25:35,,SA103,상행,2025-05-01T05:00:00,,평일
신분당선,4304,신사,D4,,20250619,신분당선,4319,광교,D19,N,신분당선,,4315,수지구청,D15,N,17:27:42,17:28:12,,SA103,상행,2025-05-01T05:00:00,,평일
신분당선,4304,신사,D4,,20250619,신분당선,4319,광교,D19,N,신분당선,,4314,동천,D14,N,17:30:34,17:31:04,,SA103,상행,2025-05-01T05:00:00,,평일
신분당선,4304,신사,D4,,20250619,신분당선,4319,광교,D19,N,신분당선,,4313,미금,D13,N,17:33:16,17:33:46,,SA103,상행,2025-05-01T05:00:00,,평일
신분당선,4304,신사,D4,,20250619,신분당선,4319,광교,D19,N,신분당선,,4312,정자,D12,N,17:35:46,17:36:26,,SA103,상행,2025-05-01T05:00:00,,평일
신분당선,4304,신사,D4,,20250619,신분당선,4319,광교,D19,N,신분당선,,4311,판교,D11,N,17:39:06,17:39:51,,SA103,상행,2025-05-01T05:00:00,,평일
신분당선,4304,신사,D4,,20250619,신분당선,4319,광교,D19,N,신분당선,,4310,청계산입구,D10,N,17:45:54,17:46:19,,SA103,상행,2025-05-01T05:00:00,,평일
신분당선,4304,신사,D4,,20250619,신분당선,4319,광교,D19,N,신분당선,,4309,양재시민의숲,D9,N,17:48:49,17:49:19,,SA103,상행,2025-05-01T05:00:00,,평일
신분당선,4304,신사,D4,,20250619,신분당선,4319,광교,D19,N,신분당선,,4308,양재,D8,N,17:51:03,17:51:43,,SA103,상행,2025-05-01T05:00:00,,평일
신분당선,4304,신사,D4,,20250619,신분당선,4319,광교,D19,N,신분당선,,4307,강남,D7,N,17:53:27,17:54:12,,SA103,상행,2025-05-01T05:00:00,,평일
신분당선,4304,신사,D4,,20250619,신분당선,4319,광교,D19,N,신분당선,,4306,신논현,D6,N,17:55:19,17:55:54,,SA103,상행,2025-05-01T05:00:00,,평일
신분당선,4304,신사,D4,,20250619,신분당선,4319,광교,D19,N,신분당선,,4305,논현,D5,N,17:56:59,17:57:34,,SA103,상행,2025-05-01T05:00:00,,평일
신분당선,4304,신사,D4,,20250619,신분당선,4319,광교,D19,N,신분당선,,4304,신사,D4,N,17:58:39,,,SA103,상행,2025-05-01T05:00:00,,평일
신분당선,4304,신사,D4,,20250619,신분당선,4319,광교,D19,N,신분당선,,4319,광교,D19,N,,17:21:00,,SA104,상행,2025-05-01T05:00:00,,평일
신분당선,4304,신사,D4,,20250619,신분당선,4319,광교,D19,N,신분당선,,4318,광교중앙,D18,N,17:23:56,17:24:21,,SA104,상행,2025-05-01T05:00:00,,평일
신분당선,4304,신사,D4,,20250619,신분당선,4319,광교,D19,N,신분당선,,4317,상현,D17,N,17:27:06,17:27:31,,SA104,상행,2025-05-01T05:00:00,,평일
신분당선,4304,신사,D4,,20250619,신분당선,4319,광교,D19,N,신분당선,,4316,성복,D16,N,17:30:05,17:30:35,,SA104,상행,2025-05-01T05:00:00,,평일
신분당선,4304,신사,D4,,20250619,신분당선,4319,광교,D19,N,신분당선,,4315,수지구청,D15,N,17:32:42,17:33:12,,SA104,상행,2025-05-01T05:00:00,,평일
신분당선,4304,신사,D4,,20250619,신분당선,4319,광교,D19,N,신분당선,,4314,동천,D14,N,17:35:34,17:36:04,,SA104,상행,2025-05-01T05:00:00,,평일
신분당선,4304,신사,D4,,20250619,신분당선,4319,광교,D19,N,신분당선,,4313,미금,D13,N,17:38:16,17:38:46,,SA104,상행,2025-05-01T05:00:00,,평일
신분당선,4304,신사,D4,,20250619,신분당선,4319,광교,D19,N,신분당선,,4312,정자,D12,N,17:40:46,17:41:26,,SA104,상행,2025-05-01T05:00:00,,평일
신분당선,4304,신사,D4,,20250619,신분당선,4319,광교,D19,N,신분당선,,4311,판교,D11,N,17:44:06,17:44:51,,SA104,상행,2025-05-01T05:00:00,,평일
신분당선,4304,신사,D4,,20250619,신분당선,4319,광교,D19,N,신분당선,,4310,청계산입구,D10,N,17:50:54,17:51:19,,SA104,상행,2025-05-01T05:00:00,,평일
신분당선,4304,신사,D4,,20250619,신분당선,4319,광교,D19,N,신분당선,,4309,양재시민의숲,D9,N,17:53:49,17:54:19,,SA104,상행,2025-05-01T05:00:00,,평일
신분당선,4304,신사,D4,,20250619,신분당선,4319,광교,D19,N,신분당선,,4308,양재,D8,N,17:56:03,17:56:43,,SA104,상행,2025-05-01T05:00:00,,평일
신분당선,4304,신사,D4,,20250619,신분당선,4319,광교,D19,N,신분당선,,4307,강남,D7,N,17:58:27,17:59:12,,SA104,상행,2025-05-01T05:00:00,,평일
신분당선,4304,신사,D4,,20250619,신분당선,4319,광교,D19,N,신분당선,,4306,신논현,D6,N,18:00:19,18:00:54,,SA104,상행,2025-05-01T05:00:00,,평일
신분당선,4304,신사,D4,,20250619,신분당선,4319,광교,D19,N,신분당선,,4305,논현,D5,N,18:01:59,18:02:34,,SA104,상행,2025-05-01T05:00:00,,평일
신분당선,4304,신사,D4,,20250619,신분당선,4319,광교,D19,N,신분당선,,4304,신사,D4,N,18:03:39,,,SA104,상행,2025-05-01T05:00:00,,평일
신분당선,4304,신사,D4,,20250619,신분당선,4319,광교,D19,N,신분당선,,4319,광교,D19,N,,17:26:00,,SA105,상행,2025-05-01T05:00:00,,평일
신분당선,4304,신사,D4,,20250619,신분당선,4319,광교,D19,N,신분당선,,4318,광교중앙,D18,N,17:28:56,17:29:21,,SA105,상행,2025-05-01T05:00:00,,평일
신분당선,4304,신사,D4,,20250619,신분당선,4319,광교,D19,N,신분당선,,4317,상현,D17,N,17:32:06,17:32:31,,SA105,상행,2025-05-01T05:00:00,,평일
신분당선,4304,신사,D4,,20250619,신분당선,4319,광교,D19,N,신분당선,,4316,성복,D16,N,17:35:05,17:35:35,,SA105,상행,2025-05-01T05:00:00,,평일
신분당선,4304,신사,D4,,20250619,신분당선,4319,광교,D19,N,신분당선,,4315,수지구청,D15,N,17:37:42,17:38:12,,SA105,상행,2025-05-01T05:00:00,,평일
신분당선,4304,신사,D4,,20250619,신분당선,4319,광교,D19,N,신분당선,,4314,동천,D14,N,17:40:34,17:41:04,,SA105,상행,2025-05-01T05:00:00,,평일
신분당선,4304,신사,D4,,20250619,신분당선,4319,광교,D19,N,신분당선,,4313,미금,D13,N,17:43:16,17:43:46,,SA105,상행,2025-05-01T05:00:00,,평일
신분당선,4304,신사,D4,,20250619,신분당선,4319,광교,D19,N,신분당선,,4312,정자,D12,N,17:45:46,17:46:26,,SA105,상행,2025-05-01T05:00:00,,평일
신분당선,4304,신사,D4,,20250619,신분당선,4319,광교,D19,N,신분당선,,4311,판교,D11,N,17:49:06,17:49:51,,SA105,상행,2025-05-01T05:00:00,,평일
신분당선,4304,신사,D4,,20250619,신분당선,4319,광교,D19,N,신분당선,,4310,청계산입구,D10,N,17:55:54,17:56:19,,SA105,상행,2025-05-01T05:00:00,,평일
신분당선,4304,신사,D4,,20250619,신분당선,4319,광교,D19,N,신분당선,,4309,양재시민의숲,D9,N,17:58:49,17:59:19,,SA105,상행,2025-05-01T05:00:00,,평일
신분당선,4304,신사,D4,,20250619,신분당선,4319,광교,D19,N,신분당선,,4308,양재,D8,N,18:01:03,18:01:43,,SA105,상행,2025-05-01T05:00:00,,평일
신분당선,4304,신사,D4,,20250619,신분당선,4319,광교,D19,N,신분당선,,4307,강남,D7,N,18:03:27,18:04:12,,SA105,상행,2025-05-01T05:00:00,,평일
신분당선,4304,신사,D4,,20250619,신분당선,4319,광교,D19,N,신분당선,,4306,신논현,D6,N,18:05:19,18:05:54,,SA105,상행,2025-05-01T05:00:00,,평일
신분당선,4304,신사,D4,,20250619,신분당선,4319,광교,D19,N,신분당선,,4305,논현,D5,N,18:06:59,18:07:34,,SA105,상행,2025-05-01T05:00:00,,평일
신분당선,4304,신사,D4,,20250619,신분당선,4319,광교,D19,N,신분당선,,4304,신사,D4,N,18:08:39,,,SA105,상행,2025-05-01T05:00:00,,평일
신분당선,4304,신사,D4,,20250619,신분당선,4319,광교,D19,N,신분당선,,4319,광교,D19,N,,17:31:00,,SA106,상행,2025-05-01T05:00:00,,평일
신분당선,4304,신사,D4,,20250619,신분당선,4319,광교,D19,N,신분당선,,4318,광교중앙,D18,N,17:33:56,17:34:21,,SA106,상행,2025-05-01T05:00:00,,평일
신분당선,4304,신사,D4,,20250619,신분당선,4319,광교,D19,N,신분당선,,4317,상현,D17,N,17:37:06,17:37:31,,SA106,상행,2025-05-01T05:00:00,,평일
신분당선,4304,신사,D4,,20250619,신분당선,4319,광교,D19,N,신분당선,,4316,성복,D16,N,17:40:05,17:40:35,,SA106,상행,2025-05-01T05:00:00,,평일
신분당선,4304,신사,D4,,20250619,신분당선,4319,광교,D19,N,신분당선,,4315,수지구청,D15,N,17:42:42,17:43:12,,SA106,상행,2025-05-01T05:00:00,,평일
신분당선,4304,신사,D4,,20250619,신분당선,4319,광교,D19,N,신분당선,,4314,동천,D14,N,17:45:34,17:46:04,,SA106,상행,2025-05-01T05:00:00,,평일
신분당선,4304,신사,D4,,20250619,신분당선,4319,광교,D19,N,신분당선,,4313,미금,D13,N,17:48:16,17:48:46,,SA106,상행,2025-05-01T05:00:00,,평일
신분당선,4304,신사,D4,,20250619,신분당선,4319,광교,D19,N,신분당선,,4312,정자,D12,N,17:50:46,17:51:26,,SA106,상행,2025-05-01T05:00:00,,평일
신분당선,4304,신사,D4,,20250619,신분당선,4319,광교,D19,N,신분당선,,4311,판교,D11,N,17:54:06,17:54:51,,SA106,상행,2025-05-01T05:00:00,,평일
신분당선,4304,신사,D4,,20250619,신분당선,4319,광교,D19,N,신분당선,,4310,청계산입구,D10,N,18:00:54,18:01:19,,SA106,상행,2025-05-01T05:00:00,,평일
신분당선,4304,신사,D4,,20250619,신분당선,4319,광교,D19,N,신분당선,,4309,양재시민의숲,D9,N,18:03:49,18:04:19,,SA106,상행,2025-05-01T05:00:00,,평일
신분당선,4304,신사,D4,,20250619,신분당선,4319,광교,D19,N,신분당선,,4308,양재,D8,N,18:06:03,18:06:43,,SA106,상행,2025-05-01T05:00:00,,평일
신분당선,4304,신사,D4,,20250619,신분당선,4319,광교,D19,N,신분당선,,4307,강남,D7,N,18:08:27,18:09:12,,SA106,상행,2025-05-01T05:00:00,,평일
신분당선,4304,신사,D4,,20250619,신분당선,4319,광교,D19,N,신분당선,,4306,신논현,D6,N,18:10:19,18:10:54,,SA106,상행,2025-05-01T05:00:00,,평일
신분당선,4304,신사,D4,,20250619,신분당선,4319,광교,D19,N,신분당선,,4305,논현,D5,N,18:11:59,18:12:34,,SA106,상행,2025-05-01T05:00:00,,평일
신분당선,4304,신사,D4,,20250619,신분당선,4319,광교,D19,N,신분당선,,4304,신사,D4,N,18:13:39,,,SA106,상행,2025-05-01T05:00:00,,평일
신분당선,4304,신사,D4,,20250619,신분당선,4319,광교,D19,N,신분당선,,4319,광교,D19,N,,17:36:00,,SA107,상행,2025-05-01T05:00:00,,평일
신분당선,4304,신사,D4,,20250619,신분당선,4319,광교,D19,N,신분당선,,4318,광교중앙,D18,N,17:38:56,17:39:21,,SA107,상행,2025-05-01T05:00:00,,평일
신분당선,4304,신사,D4,,20250619,신분당선,4319,광교,D19,N,신분당선,,4317,상현,D17,N,17:42:06,17:42:31,,SA107,상행,2025-05-01T05:00:00,,평일
신분당선,4304,신사,D4,,20250619,신분당선,4319,광교,D19,N,신분당선,,4316,성복,D16,N,17:45:05,17:45:35,,SA107,상행,2025-05-01T05:00:00,,평일
신분당선,4304,신사,D4,,20250619,신분당선,4319,광교,D19,N,신분당선,,4315,수지구청,D15,N,17:47:42,17:48:12,,SA107,상행,2025-05-01T05:00:00,,평일
신분당선,4304,신사,D4,,20250619,신분당선,4319,광교,D19,N,신분당선,,4314,동천,D14,N,17:50:34,17:51:04,,SA107,상행,2025-05-01T05:00:00,,평일
신분당선,4304,신사,D4,,20250619,신분당선,4319,광교,D19,N,신분당선,,4313,미금,D13,N,17:53:16,17:53:46,,SA107,상행,2025-05-01T05:00:00,,평일
신분당선,4304,신사,D4,,20250619,신분당선,4319,광교,D19,N,신분당선,,4312,정자,D12,N,17:55:46,17:56:26,,SA107,상행,2025-05-01T05:00:00,,평일
신분당선,4304,신사,D4,,20250619,신분당선,4319,광교,D19,N,신분당선,,4311,판교,D11,N,17:59:06,17:59:51,,SA107,상행,2025-05-01T05:00:00,,평일
신분당선,4304,신사,D4,,20250619,신분당선,4319,광교,D19,N,신분당선,,4310,청계산입구,D10,N,18:05:54,18:06:19,,SA107,상행,2025-05-01T05:00:00,,평일
신분당선,4304,신사,D4,,20250619,신분당선,4319,광교,D19,N,신분당선,,4309,양재시민의숲,D9,N,18:08:49,18:09:19,,SA107,상행,2025-05-01T05:00:00,,평일
신분당선,4304,신사,D4,,20250619,신분당선,4319,광교,D19,N,신분당선,,4308,양재,D8,N,18:11:03,18:11:43,,SA107,상행,2025-05-01T05:00:00,,평일
신분당선,4304,신사,D4,,20250619,신분당선,4319,광교,D19,N,신분당선,,4307,강남,D7,N,18:13:27,18:14:12,,SA107,상행,2025-05-01T05:00:00,,평일
신분당선,4304,신사,D4,,20250619,신분당선,4319,광교,D19,N,신분당선,,4306,신논현,D6,N,18:15:19,18:15:54,,SA107,상행,2025-05-01T05:00:00,,평일
신분당선,4304,신사,D4,,20250619,신분당선,4319,광교,D19,N,신분당선,,4305,논현,D5,N,18:16:59,18:17:34,,SA107,상행,2025-05-01T05:00:00,,평일
신분당선,4304,신사,D4,,20250619,신분당선,4319,광교,D19,N,신분당선,,4304,신사,D4,N,18:18:39,,,SA107,상행,2025-05-01T05:00:00,,평일
신분당선,4304,신사,D4,,20250619,신분당선,4319,광교,D19,N,신분당선,,4319,광교,D19,N,,17:41:00,,SA108,상행,2025-05-01T05:00:00,,평일
신분당선,4304,신사,D4,,20250619,신분당선,4319,광교,D19,N,신분당선,,4318,광교중앙,D18,N,17:43:56,17:44:21,,SA108,상행,2025-05-01T05:00:00,,평일
신분당선,4304,신사,D4,,20250619,신분당선,4319,광교,D19,N,신분당선,,4317,상현,D17,N,17:47:06,17:47:31,,SA108,상행,2025-05-01T05:00:00,,평일
신분당선,4304,신사,D4,,20250619,신분당선,4319,광교,D19,N,신분당선,,4316,성복,D16,N,17:50:05,17:50:35,,SA108,상행,2025-05-01T05:00:00,,평일
신분당선,4304,신사,D4,,20250619,신분당선,4319,광교,D19,N,신분당선,,4315,수지구청,D15,N,17:52:42,17:53:12,,SA108,상행,2025-05-01T05:00:00,,평일
신분당선,4304,신사,D4,,20250619,신분당선,4319,광교,D19,N,신분당선,,4314,동천,D14,N,17:55:34,17:56:04,,SA108,상행,2025-05-01T05:00:00,,평일
신분당선,4304,신사,D4,,20250619,신분당선,4319,광교,D19,N,신분당선,,4313,미금,D13,N,17:58:16,17:58:46,,SA108,상행,2025-05-01T05:00:00,,평일
신분당선,4304,신사,D4,,20250619,신분당선,4319,광교,D19,N,신분당선,,4312,정자,D12,N,18:00:46,18:01:26,,SA108,상행,2025-05-01T05:00:00,,평일
신분당선,4304,신사,D4,,20250619,신분당선,4319,광교,D19,N,신분당선,,4311,판교,D11,N,18:04:06,18:04:51,,SA108,상행,2025-05-01T05:00:00,,평일
신분당선,4304,신사,D4,,20250619,신분당선,4319,광교,D19,N,신분당선,,4310,청계산입구,D10,N,18:10:54,18:11:19,,SA108,상행,2025-05-01T05:00:00,,평일
신분당선,4304,신사,D4,,20250619,신분당선,4319,광교,D19,N,신분당선,,4309,양재시민의숲,D9,N,18:13:49,18:14:19,,SA108,상행,2025-05-01T05:00:00,,평일
신분당선,4304,신사,D4,,20250619,신분당선,4319,광교,D19,N,신분당선,,4308,양재,D8,N,18:16:03,18:16:43,,SA108,상행,2025-05-01T05:00:00,,평일
신분당선,4304,신사,D4,,20250619,신분당선,4319,광교,D19,N,신분당선,,4307,강남,D7,N,18:18:27,18:19:12,,SA108,상행,2025-05-01T05:00:00,,평일
신분당선,4304,신사,D4,,20250619,신분당선,4319,광교,D19,N,신분당선,,4306,신논현,D6,N,18:20:19,18:20:54,,SA108,상행,2025-05-01T05:00:00,,평일
신분당선,4304,신사,D4,,20250619,신분당선,4319,광교,D19,N,신분당선,,4305,논현,D5,N,18:21:59,18:22:34,,SA108,상행,2025-05-01T05:00:00,,평일
신분당선,4304,신사,D4,,20250619,신분당선,4319,광교,D19,N,신분당선,,4304,신사,D4,N,18:23:39,,,SA108,상행,2025-05-01T05:00:00,,평일
신분당선,4304,신사,D4,,20250619,신분당선,4319,광교,D19,N,신분당선,,4319,광교,D19,N,,17:46:00,,SA109,상행,2025-05-01T05:00:00,,평일
신분당선,4304,신사,D4,,20250619,신분당선,4319,광교,D19,N,신분당선,,4318,광교중앙,D18,N,17:48:56,17:49:21,,SA109,상행,2025-05-01T05:00:00,,평일
신분당선,4304,신사,D4,,20250619,신분당선,4319,광교,D19,N,신분당선,,4317,상현,D17,N,17:52:06,17:52:31,,SA109,상행,2025-05-01T05:00:00,,평일
신분당선,4304,신사,D4,,20250619,신분당선,4319,광교,D19,N,신분당선,,4316,성복,D16,N,17:55:05,17:55:35,,SA109,상행,2025-05-01T05:00:00,,평일
신분당선,4304,신사,D4,,20250619,신분당선,4319,광교,D19,N,신분당선,,4315,수지구청,D15,N,17:57:42,17:58:12,,SA109,상행,2025-05-01T05:00:00,,평일
신분당선,4304,신사,D4,,20250619,신분당선,4319,광교,D19,N,신분당선,,4314,동천,D14,N,18:00:34,18:01:04,,SA109,상행,2025-05-01T05:00:00,,평일
신분당선,4304,신사,D4,,20250619,신분당선,4319,광교,D19,N,신분당선,,4313,미금,D13,N,18:03:16,18:03:46,,SA109,상행,2025-05-01T05:00:00,,평일
신분당선,4304,신사,D4,,20250619,신분당선,4319,광교,D19,N,신분당선,,4312,정자,D12,N,18:05:46,18:06:26,,SA109,상행,2025-05-01T05:00:00,,평일
신분당선,4304,신사,D4,,20250619,신분당선,4319,광교,D19,N,신분당선,,4311,판교,D11,N,18:09:06,18:09:51,,SA109,상행,2025-05-01T05:00:00,,평일
신분당선,4304,신사,D4,,20250619,신분당선,4319,광교,D19,N,신분당선,,4310,청계산입구,D10,N,18:15:54,18:16:19,,SA109,상행,2025-05-01T05:00:00,,평일
신분당선,4304,신사,D4,,20250619,신분당선,4319,광교,D19,N,신분당선,,4309,양재시민의숲,D9,N,18:18:49,18:19:19,,SA109,상행,2025-05-01T05:00:00,,평일
신분당선,4304,신사,D4,,20250619,신분당선,4319,광교,D19,N,신분당선,,4308,양재,D8,N,18:21:03,18:21:43,,SA109,상행,2025-05-01T05:00:00,,평일
신분당선,4304,신사,D4,,20250619,신분당선,4319,광교,D19,N,신분당선,,4307,강남,D7,N,18:23:27,18:24:12,,SA109,상행,2025-05-01T05:00:00,,평일
신분당선,4304,신사,D4,,20250619,신분당선,4319,광교,D19,N,신분당선,,4306,신논현,D6,N,18:25:19,18:25:54,,SA109,상행,2025-05-01T05:00:00,,평일
신분당선,4304,신사,D4,,20250619,신분당선,4319,광교,D19,N,신분당선,,4305,논현,D5,N,18:26:59,18:27:34,,SA109,상행,2025-05-01T05:00:00,,평일
신분당선,4304,신사,D4,,20250619,신분당선,4319,광교,D19,N,신분당선,,4304,신사,D4,N,18:28:39,,,SA109,상행,2025-05-01T05:00:00,,평일
신분당선,4304,신사,D4,,20250619,신분당선,4319,광교,D19,N,신분당선,,4319,광교,D19,N,,17:51:00,,SA110,상행,2025-05-01T05:00:00,,평일
신분당선,4304,신사,D4,,20250619,신분당선,4319,광교,D19,N,신분당선,,4318,광교중앙,D18,N,17:53:56,17:54:21,,SA110,상행,2025-05-01T05:00:00,,평일
신분당선,4304,신사,D4,,20250619,신분당선,4319,광교,D19,N,신분당선,,4317,상현,D17,N,17:57:06,17:57:31,,SA110,상행,2025-05-01T05:00:00,,평일
신분당선,4304,신사,D4,,20250619,신분당선,4319,광교,D19,N,신분당선,,4316,성복,D16,N,18:00:05,18:00:35,,SA110,상행,2025-05-01T05:00:00,,평일
신분당선,4304,신사,D4,,20250619,신분당선,4319,광교,D19,N,신분당선,,4315,수지구청,D15,N,18:02:42,18:03:12,,SA110,상행,2025-05-01T05:00:00,,평일
신분당선,4304,신사,D4,,20250619,신분당선,4319,광교,D19,N,신분당선,,4314,동천,D14,N,18:05:34,18:06:04,,SA110,상행,2025-05-01T05:00:00,,평일
신분당선,4304,신사,D4,,20250619,신분당선,4319,광교,D19,N,신분당선,,4313,미금,D13,N,18:08:16,18:08:46,,SA110,상행,2025-05-01T05:00:00,,평일
신분당선,4304,신사,D4,,20250619,신분당선,4319,광교,D19,N,신분당선,,4312,정자,D12,N,18:10:46,18:11:26,,SA110,상행,2025-05-01T05:00:00,,평일
신분당선,4304,신사,D4,,20250619,신분당선,4319,광교,D19,N,신분당선,,4311,판교,D11,N,18:14:06,18:14:51,,SA110,상행,2025-05-01T05:00:00,,평일
신분당선,4304,신사,D4,,20250619,신분당선,4319,광교,D19,N,신분당선,,4310,청계산입구,D10,N,18:20:54,18:21:19,,SA110,상행,2025-05-01T05:00:00,,평일
신분당선,4304,신사,D4,,20250619,신분당선,4319,광교,D19,N,신분당선,,4309,양재시민의숲,D9,N,18:23:49,18:24:19,,SA110,상행,2025-05-01T05:00:00,,평일
신분당선,4304,신사,D4,,20250619,신분당선,4319,광교,D19,N,신분당선,,4308,양재,D8,N,18:26:03,18:26:43,,SA110,상행,2025-05-01T05:00:00,,평일
신분당선,4304,신사,D4,,20250619,신분당선,4319,광교,D19,N,신분당선,,4307,강남,D7,N,18:28:27,18:29:12,,SA110,상행,2025-05-01T05:00:00,,평일
신분당선,4304,신사,D4,,20250619,신분당선,4319,광교,D19,N,신분당선,,4306,신논현,D6,N,18:30:19,18:30:54,,SA110,상행,2025-05-01T05:00:00,,평일
신분당선,4304,신사,D4,,20250619,신분당선,4319,광교,D19,N,신분당선,,4305,논현,D5,N,18:31:59,18:32:34,,SA110,상행,2025-05-01T05:00:00,,평일
신분당선,4304,신사,D4,,20250619,신분당선,4319,광교,D19,N,신분당선,,4304,신사,D4,N,18:33:39,,,SA110,상행,2025-05-01T05:00:00,,평일
신분당선,4304,신사,D4,,20250619,신분당선,4319,광교,D19,N,신분당선,,4319,광교,D19,N,,17:56:00,,SA111,상행,2025-05-01T05:00:00,,평일
신분당선,4304,신사,D4,,20250619,신분당선,4319,광교,D19,N,신분당선,,4318,광교중앙,D18,N,17:58:56,17:59:21,,SA111,상행,2025-05-01T05:00:00,,평일
신분당선,4304,신사,D4,,20250619,신분당선,4319,광교,D19,N,신분당선,,4317,상현,D17,N,18:02:06,18:02:31,,SA111,상행,2025-05-01T05:00:00,,평일
신분당선,4304,신사,D4,,20250619,신분당선,4319,광교,D19,N,신분당선,,4316,성복,D16,N,18:05:05,18:05:35,,SA111,상행,2025-05-01T05:00:00,,평일
신분당선,4304,신사,D4,,20250619,신분당선,4319,광교,D19,N,신분당선,,4315,수지구청,D15,N,18:07:42,18:08:12,,SA111,상행,2025-05-01T05:00:00,,평일
신분당선,4304,신사,D4,,20250619,신분당선,4319,광교,D19,N,신분당선,,4314,동천,D14,N,18:10:34,18:11:04,,SA111,상행,2025-05-01T05:00:00,,평일
신분당선,4304,신사,D4,,20250619,신분당선,4319,광교,D19,N,신분당선,,4313,미금,D13,N,18:13:16,18:13:46,,SA111,상행,2025-05-01T05:00:00,,평일
신분당선,4304,신사,D4,,20250619,신분당선,4319,광교,D19,N,신분당선,,4312,정자,D12,N,18:15:46,18:16:26,,SA111,상행,2025-05-01T05:00:00,,평일
신분당선,4304,신사,D4,,20250619,신분당선,4319,광교,D19,N,신분당선,,4311,판교,D11,N,18:19:06,18:19:51,,SA111,상행,2025-05-01T05:00:00,,평일
신분당선,4304,신사,D4,,20250619,신분당선,4319,광교,D19,N,신분당선,,4310,청계산입구,D10,N,18:25:54,18:26:19,,SA111,상행,2025-05-01T05:00:00,,평일
신분당선,4304,신사,D4,,20250619,신분당선,4319,광교,D19,N,신분당선,,4309,양재시민의숲,D9,N,18:28:49,18:29:19,,SA111,상행,2025-05-01T05:00:00,,평일
신분당선,4304,신사,D4,,20250619,신분당선,4319,광교,D19,N,신분당선,,4308,양재,D8,N,18:31:03,18:31:43,,SA111,상행,2025-05-01T05:00:00,,평일
신분당선,4304,신사,D4,,20250619,신분당선,4319,광교,D19,N,신분당선,,4307,강남,D7,N,18:33:27,18:34:12,,SA111,상행,2025-05-01T05:00:00,,평일
신분당선,4304,신사,D4,,20250619,신분당선,4319,광교,D19,N,신분당선,,4306,신논현,D6,N,18:35:19,18:35:54,,SA111,상행,2025-05-01T05:00:00,,평일
신분당선,4304,신사,D4,,20250619,신분당선,4319,광교,D19,N,신분당선,,4305,논현,D5,N,18:36:59,18:37:34,,SA111,상행,2025-05-01T05:00:00,,평일
신분당선,4304,신사,D4,,20250619,신분당선,4319,광교,D19,N,신분당선,,4304,신사,D4,N,18:38:39,,,SA111,상행,2025-05-01T05:00:00,,평일
신분당선,4304,신사,D4,,20250619,신분당선,4319,광교,D19,N,신분당선,,4319,광교,D19,N,,18:01:00,,SA112,상행,2025-05-01T05:00:00,,평일
신분당선,4304,신사,D4,,20250619,신분당선,4319,광교,D19,N,신분당선,,4318,광교중앙,D18,N,18:03:56,18:04:21,,SA112,상행,2025-05-01T05:00:00,,평일
신분당선,4304,신사,D4,,20250619,신분당선,4319,광교,D19,N,신분당선,,4317,상현,D17,N,18:07:06,18:07:31,,SA112,상행,2025-05-01T05:00:00,,평일
신분당선,4304,신사,D4,,20250619,신분당선,4319,광교,D19,N,신분당선,,4316,성복,D16,N,18:10:05,18:10:35,,SA112,상행,2025-05-01T05:00:00,,평일
신분당선,4304,신사,D4,,20250619,신분당선,4319,광교,D19,N,신분당선,,4315,수지구청,D15,N,18:12:42,18:13:12,,SA112,상행,2025-05-01T05:00:00,,평일
신분당선,4304,신사,D4,,20250619,신분당선,4319,광교,D19,N,신분당선,,4314,동천,D14,N,18:15:34,18:16:04,,SA112,상행,2025-05-01T05:00:00,,평일
신분당선,4304,신사,D4,,20250619,신분당선,4319,광교,D19,N,신분당선,,4313,미금,D13,N,18:18:16,18:18:46,,SA112,상행,2025-05-01T05:00:00,,평일
신분당선,4304,신사,D4,,20250619,신분당선,4319,광교,D19,N,신분당선,,4312,정자,D12,N,18:20:46,18:21:26,,SA112,상행,2025-05-01T05:00:00,,평일
신분당선,4304,신사,D4,,20250619,신분당선,4319,광교,D19,N,신분당선,,4311,판교,D11,N,18:24:06,18:24:51,,SA112,상행,2025-05-01T05:00:00,,평일
신분당선,4304,신사,D4,,20250619,신분당선,4319,광교,D19,N,신분당선,,4310,청계산입구,D10,N,18:30:54,18:31:19,,SA112,상행,2025-05-01T05:00:00,,평일
신분당선,4304,신사,D4,,20250619,신분당선,4319,광교,D19,N,신분당선,,4309,양재시민의숲,D9,N,18:33:49,18:34:19,,SA112,상행,2025-05-01T05:00:00,,평일
신분당선,4304,신사,D4,,20250619,신분당선,4319,광교,D19,N,신분당선,,4308,양재,D8,N,18:36:03,18:36:43,,SA112,상행,2025-05-01T05:00:00,,평일
신분당선,4304,신사,D4,,20250619,신분당선,4319,광교,D19,N,신분당선,,4307,강남,D7,N,18:38:27,18:39:12,,SA112,상행,2025-05-01T05:00:00,,평일
신분당선,4304,신사,D4,,20250619,신분당선,4319,광교,D19,N,신분당선,,4306,신논현,D6,N,18:40:19,18:40:54,,SA112,상행,2025-05-01T05:00:00,,평일
신분당선,4304,신사,D4,,20250619,신분당선,4319,광교,D19,N,신분당선,,4305,논현,D5,N,18:41:59,18:42:34,,SA112,상행,2025-05-01T05:00:00,,평일
신분당선,4304,신사,D4,,20250619,신분당선,4319,광교,D19,N,신분당선,,4304,신사,D4,N,18:43:39,,,SA112,상행,2025-05-01T05:00:00,,평일
신분당선,4304,신사,D4,,20250619,신분당선,4319,광교,D19,N,신분당선,,4319,광교,D19,N,,18:06:00,,SA113,상행,2025-05-01T05:00:00,,평일
신분당선,4304,신사,D4,,20250619,신분당선,4319,광교,D19,N,신분당선,,4318,광교중앙,D18,N,18:08:56,18:09:21,,SA113,상행,2025-05-01T05:00:00,,평일
신분당선,4304,신사,D4,,20250619,신분당선,4319,광교,D19,N,신분당선,,4317,상현,D17,N,18:12:06,18:12:31,,SA113,상행,2025-05-01T05:00:00,,평일
신분당선,4304,신사,D4,,20250619,신분당선,4319,광교,D19,N,신분당선,,4316,성복,D16,N,18:15:05,18:15:35,,SA113,상행,2025-05-01T05:00:00,,평일
신분당선,4304,신사,D4,,20250619,신분당선,4319,광교,D19,N,신분당선,,4315,수지구청,D15,N,18:17:42,18:18:12,,SA113,상행,2025-05-01T05:00:00,,평일
신분당선,4304,신사,D4,,20250619,신분당선,4319,광교,D19,N,신분당선,,4314,동천,D14,N,18:20:34,18:21:04,,SA113,상행,2025-05-01T05:00:00,,평일
신분당선,4304,신사,D4,,20250619,신분당선,4319,광교,D19,N,신분당선,,4313,미금,D13,N,18:23:16,18:23:46,,SA113,상행,2025-05-01T05:00:00,,평일
신분당선,4304,신사,D4,,20250619,신분당선,4319,광교,D19,N,신분당선,,4312,정자,D12,N,18:25:46,18:26:26,,SA113,상행,2025-05-01T05:00:00,,평일
신분당선,4304,신사,D4,,20250619,신분당선,4319,광교,D19,N,신분당선,,4311,판교,D11,N,18:29:06,18:29:51,,SA113,상행,2025-05-01T05:00:00,,평일
신분당선,4304,신사,D4,,20250619,신분당선,4319,광교,D19,N,신분당선,,4310,청계산입구,D10,N,18:35:54,18:36:19,,SA113,상행,2025-05-01T05:00:00,,평일
신분당선,4304,신사,D4,,20250619,신분당선,4319,광교,D19,N,신분당선,,4309,양재시민의숲,D9,N,18:38:49,18:39:19,,SA113,상행,2025-05-01T05:00:00,,평일
신분당선,4304,신사,D4,,20250619,신분당선,4319,광교,D19,N,신분당선,,4308,양재,D8,N,18:41:03,18:41:43,,SA113,상행,2025-05-01T05:00:00,,평일
신분당선,4304,신사,D4,,20250619,신분당선,4319,광교,D19,N,신분당선,,4307,강남,D7,N,18:43:27,18:44:12,,SA113,상행,2025-05-01T05:00:00,,평일
신분당선,4304,신사,D4,,20250619,신분당선,4319,광교,D19,N,신분당선,,4306,신논현,D6,N,18:45:19,18:45:54,,SA113,상행,2025-05-01T05:00:00,,평일
신분당선,4304,신사,D4,,20250619,신분당선,4319,광교,D19,N,신분당선,,4305,논현,D5,N,18:46:59,18:47:34,,SA113,상행,2025-05-01T05:00:00,,평일
신분당선,4304,신사,D4,,20250619,신분당선,4319,광교,D19,N,신분당선,,4304,신사,D4,N,18:48:39,,,SA113,상행,2025-05-01T05:00:00,,평일
신분당선,4304,신사,D4,,20250619,신분당선,4319,광교,D19,N,신분당선,,4319,광교,D19,N,,18:11:00,,SA114,상행,2025-05-01T05:00:00,,평일
신분당선,4304,신사,D4,,20250619,신분당선,4319,광교,D19,N,신분당선,,4318,광교중앙,D18,N,18:13:56,18:14:21,,SA114,상행,2025-05-01T05:00:00,,평일
신분당선,4304,신사,D4,,20250619,신분당선,4319,광교,D19,N,신분당선,,4317,상현,D17,N,18:17:06,18:17:31,,SA114,상행,2025-05-01T05:00:00,,평일
신분당선,4304,신사,D4,,20250619,신분당선,4319,광교,D19,N,신분당선,,4316,성복,D16,N,18:20:05,18:20:35,,SA114,상행,2025-05-01T05:00:00,,평일
신분당선,4304,신사,D4,,20250619,신분당선,4319,광교,D19,N,신분당선,,4315,수지구청,D15,N,18:22:42,18:23:12,,SA114,상행,2025-05-01T05:00:00,,평일
신분당선,4304,신사,D4,,20250619,신분당선,4319,광교,D19,N,신분당선,,4314,동천,D14,N,18:25:34,18:26:04,,SA114,상행,2025-05-01T05:00:00,,평일
신분당선,4304,신사,D4,,20250619,신분당선,4319,광교,D19,N,신분당선,,4313,미금,D13,N,18:28:16,18:28:46,,SA114,상행,2025-05-01T05:00:00,,평일
신분당선,4304,신사,D4,,20250619,신분당선,4319,광교,D19,N,신분당선,,4312,정자,D12,N,18:30:46,18:31:26,,SA114,상행,2025-05-01T05:00:00,,평일
신분당선,4304,신사,D4,,20250619,신분당선,4319,광교,D19,N,신분당선,,4311,판교,D11,N,18:34:06,18:34:51,,SA114,상행,2025-05-01T05:00:00,,평일
신분당선,4304,신사,D4,,20250619,신분당선,4319,광교,D19,N,신분당선,,4310,청계산입구,D10,N,18:40:54,18:41:19,,SA114,상행,2025-05-01T05:00:00,,평일
신분당선,4304,신사,D4,,20250619,신분당선,4319,광교,D19,N,신분당선,,4309,양재시민의숲,D9,N,18:43:49,18:44:19,,SA114,상행,2025-05-01T05:00:00,,평일
신분당선,4304,신사,D4,,20250619,신분당선,4319,광교,D19,N,신분당선,,4308,양재,D8,N,18:46:03,18:46:43,,SA114,상행,2025-05-01T05:00:00,,평일
신분당선,4304,신사,D4,,20250619,신분당선,4319,광교,D19,N,신분당선,,4307,강남,D7,N,18:48:27,18:49:12,,SA114,상행,2025-05-01T05:00:00,,평일
신분당선,4304,신사,D4,,20250619,신분당선,4319,광교,D19,N,신분당선,,4306,신논현,D6,N,18:50:19,18:50:54,,SA114,상행,2025-05-01T05:00:00,,평일
신분당선,4304,신사,D4,,20250619,신분당선,4319,광교,D19,N,신분당선,,4305,논현,D5,N,18:51:59,18:52:34,,SA114,상행,2025-05-01T05:00:00,,평일
신분당선,4304,신사,D4,,20250619,신분당선,4319,광교,D19,N,신분당선,,4304,신사,D4,N,18:53:39,,,SA114,상행,2025-05-01T05:00:00,,평일
신분당선,4304,신사,D4,,20250619,신분당선,4319,광교,D19,N,신분당선,,4319,광교,D19,N,,18:16:00,,SA115,상행,2025-05-01T05:00:00,,평일
신분당선,4304,신사,D4,,20250619,신분당선,4319,광교,D19,N,신분당선,,4318,광교중앙,D18,N,18:18:56,18:19:21,,SA115,상행,2025-05-01T05:00:00,,평일
신분당선,4304,신사,D4,,20250619,신분당선,4319,광교,D19,N,신분당선,,4317,상현,D17,N,18:22:06,18:22:31,,SA115,상행,2025-05-01T05:00:00,,평일
신분당선,4304,신사,D4,,20250619,신분당선,4319,광교,D19,N,신분당선,,4316,성복,D16,N,18:25:05,18:25:35,,SA115,상행,2025-05-01T05:00:00,,평일
신분당선,4304,신사,D4,,20250619,신분당선,4319,광교,D19,N,신분당선,,4315,수지구청,D15,N,18:27:42,18:28:12,,SA115,상행,2025-05-01T05:00:00,,평일
신분당선,4304,신사,D4,,20250619,신분당선,4319,광교,D19,N,신분당선,,4314,동천,D14,N,18:30:34,18:31:04,,SA115,상행,2025-05-01T05:00:00,,평일
신분당선,4304,신사,D4,,20250619,신분당선,4319,광교,D19,N,신분당선,,4313,미금,D13,N,18:33:16,18:33:46,,SA115,상행,2025-05-01T05:00:00,,평일
신분당선,4304,신사,D4,,20250619,신분당선,4319,광교,D19,N,신분당선,,4312,정자,D12,N,18:35:46,18:36:26,,SA115,상행,2025-05-01T05:00:00,,평일
신분당선,4304,신사,D4,,20250619,신분당선,4319,광교,D19,N,신분당선,,4311,판교,D11,N,18:39:06,18:39:51,,SA115,상행,2025-05-01T05:00:00,,평일
신분당선,4304,신사,D4,,20250619,신분당선,4319,광교,D19,N,신분당선,,4310,청계산입구,D10,N,18:45:54,18:46:19,,SA115,상행,2025-05-01T05:00:00,,평일
신분당선,4304,신사,D4,,20250619,신분당선,4319,광교,D19,N,신분당선,,4309,양재시민의숲,D9,N,18:48:49,18:49:19,,SA115,상행,2025-05-01T05:00:00,,평일
신분당선,4304,신사,D4,,20250619,신분당선,4319,광교,D19,N,신분당선,,4308,양재,D8,N,18:51:03,18:51:43,,SA115,상행,2025-05-01T05:00:00,,평일
신분당선,4304,신사,D4,,20250619,신분당선,4319,광교,D19,N,신분당선,,4307,강남,D7,N,18:53:27,18:54:12,,SA115,상행,2025-05-01T05:00:00,,평일
신분당선,4304,신사,D4,,20250619,신분당선,4319,광교,D19,N,신분당선,,4306,신논현,D6,N,18:55:19,18:55:54,,SA115,상행,2025-05-01T05:00:00,,평일
신분당선,4304,신사,D4,,20250619,신분당선,4319,광교,D19,N,신분당선,,4305,논현,D5,N,18:56:59,18:57:34,,SA115,상행,2025-05-01T05:00:00,,평일
신분당선,4304,신사,D4,,20250619,신분당선,4319,광교,D19,N,신분당선,,4304,신사,D4,N,18:58:39,,,SA115,상행,2025-05-01T05:00:00,,평일
신분당선,4304,신사,D4,,20250619,신분당선,4319,광교,D19,N,신분당선,,4319,광교,D19,N,,18:21:00,,SA116,상행,2025-05-01T05:00:00,,평일
신분당선,4304,신사,D4,,20250619,신분당선,4319,광교,D19,N,신분당선,,4318,광교중앙,D18,N,18:23:56,18:24:21,,SA116,상행,2025-05-01T05:00:00,,평일
신분당선,4304,신사,D4,,20250619,신분당선,4319,광교,D19,N,신분당선,,4317,상현,D17,N,18:27:06,18:27:31,,SA116,상행,2025-05-01T05:00:00,,평일
신분당선,4304,신사,D4,,20250619,신분당선,4319,광교,D19,N,신분당선,,4316,성복,D16,N,18:30:05,18:30:35,,SA116,상행,2025-05-01T05:00:00,,평일
신분당선,4304,신사,D4,,20250619,신분당선,4319,광교,D19,N,신분당선,,4315,수지구청,D15,N,18:32:42,18:33:12,,SA116,상행,2025-05-01T05:00:00,,평일
신분당선,4304,신사,D4,,20250619,신분당선,4319,광교,D19,N,신분당선,,4314,동천,D14,N,18:35:34,18:36:04,,SA116,상행,2025-05-01T05:00:00,,평일
신분당선,4304,신사,D4,,20250619,신분당선,4319,광교,D19,N,신분당선,,4313,미금,D13,N,18:38:16,18:38:46,,SA116,상행,2025-05-01T05:00:00,,평일
신분당선,4304,신사,D4,,20250619,신분당선,4319,광교,D19,N,신분당선,,4312,정자,D12,N,18:40:46,18:41:26,,SA116,상행,2025-05-01T05:00:00,,평일
신분당선,4304,신사,D4,,20250619,신분당선,4319,광교,D19,N,신분당선,,4311,판교,D11,N,18:44:06,18:44:51,,SA116,상행,2025-05-01T05:00:00,,평일
신분당선,4304,신사,D4,,20250619,신분당선,4319,광교,D19,N,신분당선,,4310,청계산입구,D10,N,18:50:54,18:51:19,,SA116,상행,2025-05-01T05:00:00,,평일
신분당선,4304,신사,D4,,20250619,신분당선,4319,광교,D19,N,신분당선,,4309,양재시민의숲,D9,N,18:53:49,18:54:19,,SA116,상행,2025-05-01T05:00:00,,평일
신분당선,4304,신사,D4,,20250619,신분당선,4319,광교,D19,N,신분당선,,4308,양재,D8,N,18:56:03,18:56:43,,SA116,상행,2025-05-01T05:00:00,,평일
신분당선,4304,신사,D4,,20250619,신분당선,4319,광교,D19,N,신분당선,,4307,강남,D7,N,18:58:27,18:59:12,,SA116,상행,2025-05-01T05:00:00,,평일
신분당선,4304,신사,D4,,20250619,신분당선,4319,광교,D19,N,신분당선,,4306,신논현,D6,N,19:00:19,19:00:54,,SA116,상행,2025-05-01T05:00:00,,평일
신분당선,4304,신사,D4,,20250619,신분당선,4319,광교,D19,N,신분당선,,4305,논현,D5,N,19:01:59,19:02:34,,SA116,상행,2025-05-01T05:00:00,,평일
신분당선,4304,신사,D4,,20250619,신분당선,4319,광교,D19,N,신분당선,,4304,신사,D4,N,19:03:39,,,SA116,상행,2025-05-01T05:00:00,,평일
신분당선,4304,신사,D4,,20250619,신분당선,4319,광교,D19,N,신분당선,,4319,광교,D19,N,,18:26:00,,SA117,상행,2025-05-01T05:00:00,,평일
신분당선,4304,신사,D4,,20250619,신분당선,4319,광교,D19,N,신분당선,,4318,광교중앙,D18,N,18:28:56,18:29:21,,SA117,상행,2025-05-01T05:00:00,,평일
신분당선,4304,신사,D4,,20250619,신분당선,4319,광교,D19,N,신분당선,,4317,상현,D17,N,18:32:06,18:32:31,,SA117,상행,2025-05-01T05:00:00,,평일
신분당선,4304,신사,D4,,20250619,신분당선,4319,광교,D19,N,신분당선,,4316,성복,D16,N,18:35:05,18:35:35,,SA117,상행,2025-05-01T05:00:00,,평일
신분당선,4304,신사,D4,,20250619,신분당선,4319,광교,D19,N,신분당선,,4315,수지구청,D15,N,18:37:42,18:38:12,,SA117,상행,2025-05-01T05:00:00,,평일
신분당선,4304,신사,D4,,20250619,신분당선,4319,광교,D19,N,신분당선,,4314,동천,D14,N,18:40:34,18:41:04,,SA117,상행,2025-05-01T05:00:00,,평일
신분당선,4304,신사,D4,,20250619,신분당선,4319,광교,D19,N,신분당선,,4313,미금,D13,N,18:43:16,18:43:46,,SA117,상행,2025-05-01T05:00:00,,평일
신분당선,4304,신사,D4,,20250619,신분당선,4319,광교,D19,N,신분당선,,4312,정자,D12,N,18:45:46,18:46:26,,SA117,상행,2025-05-01T05:00:00,,평일
신분당선,4304,신사,D4,,20250619,신분당선,4319,광교,D19,N,신분당선,,4311,판교,D11,N,18:49:06,18:49:51,,SA117,상행,2025-05-01T05:00:00,,평일
신분당선,4304,신사,D4,,20250619,신분당선,4319,광교,D19,N,신분당선,,4310,청계산입구,D10,N,18:55:54,18:56:19,,SA117,상행,2025-05-01T05:00:00,,평일
신분당선,4304,신사,D4,,20250619,신분당선,4319,광교,D19,N,신분당선,,4309,양재시민의숲,D9,N,18:58:49,18:59:19,,SA117,상행,2025-05-01T05:00:00,,평일
신분당선,4304,신사,D4,,20250619,신분당선,4319,광교,D19,N,신분당선,,4308,양재,D8,N,19:01:03,19:01:43,,SA117,상행,2025-05-01T05:00:00,,평일
신분당선,4304,신사,D4,,20250619,신분당선,4319,광교,D19,N,신분당선,,4307,강남,D7,N,19:03:27,19:04:12,,SA117,상행,2025-05-01T05:00:00,,평일
신분당선,4304,신사,D4,,20250619,신분당선,4319,광교,D19,N,신분당선,,4306,신논현,D6,N,19:05:19,19:05:54,,SA117,상행,2025-05-01T05:00:00,,평일
신분당선,4304,신사,D4,,20250619,신분당선,4319,광교,D19,N,신분당선,,4305,논현,D5,N,19:06:59,19:07:34,,SA117,상행,2025-05-01T05:00:00,,평일
신분당선,4304,신사,D4,,20250619,신분당선,4319,광교,D19,N,신분당선,,4304,신사,D4,N,19:08:39,,,SA117,상행,2025-05-01T05:00:00,,평일
신분당선,4304,신사,D4,,20250619,신분당선,4319,광교,D19,N,신분당선,,4319,광교,D19,N,,18:31:00,,SA118,상행,2025-05-01T05:00:00,,평일
신분당선,4304,신사,D4,,20250619,신분당선,4319,광교,D19,N,신분당선,,4318,광교중앙,D18,N,18:33:56,18:34:21,,SA118,상행,2025-05-01T05:00:00,,평일
신분당선,4304,신사,D4,,20250619,신분당선,4319,광교,D19,N,신분당선,,4317,상현,D17,N,18:37:06,18:37:31,,SA118,상행,2025-05-01T05:00:00,,평일
신분당선,4304,신사,D4,,20250619,신분당선,4319,광교,D19,N,신분당선,,4316,성복,D16,N,18:40:05,18:40:35,,SA118,상행,2025-05-01T05:00:00,,평일
신분당선,4304,신사,D4,,20250619,신분당선,4319,광교,D19,N,신분당선,,4315,수지구청,D15,N,18:42:42,18:43:12,,SA118,상행,2025-05-01T05:00:00,,평일
신분당선,4304,신사,D4,,20250619,신분당선,4319,광교,D19,N,신분당선,,4314,동천,D14,N,18:45:34,18:46:04,,SA118,상행,2025-05-01T05:00:00,,평일
신분당선,4304,신사,D4,,20250619,신분당선,4319,광교,D19,N,신분당선,,4313,미금,D13,N,18:48:16,18:48:46,,SA118,상행,2025-05-01T05:00:00,,평일
신분당선,4304,신사,D4,,20250619,신분당선,4319,광교,D19,N,신분당선,,4312,정자,D12,N,18:50:46,18:51:26,,SA118,상행,2025-05-01T05:00:00,,평일
신분당선,4304,신사,D4,,20250619,신분당선,4319,광교,D19,N,신분당선,,4311,판교,D11,N,18:54:06,18:54:51,,SA118,상행,2025-05-01T05:00:00,,평일
신분당선,4304,신사,D4,,20250619,신분당선,4319,광교,D19,N,신분당선,,4310,청계산입구,D10,N,19:00:54,19:01:19,,SA118,상행,2025-05-01T05:00:00,,평일
신분당선,4304,신사,D4,,20250619,신분당선,4319,광교,D19,N,신분당선,,4309,양재시민의숲,D9,N,19:03:49,19:04:19,,SA118,상행,2025-05-01T05:00:00,,평일
신분당선,4304,신사,D4,,20250619,신분당선,4319,광교,D19,N,신분당선,,4308,양재,D8,N,19:06:03,19:06:43,,SA118,상행,2025-05-01T05:00:00,,평일
신분당선,4304,신사,D4,,20250619,신분당선,4319,광교,D19,N,신분당선,,4307,강남,D7,N,19:08:27,19:09:12,,SA118,상행,2025-05-01T05:00:00,,평일
신분당선,4304,신사,D4,,20250619,신분당선,4319,광교,D19,N,신분당선,,4306,신논현,D6,N,19:10:19,19:10:54,,SA118,상행,2025-05-01T05:00:00,,평일
신분당선,4304,신사,D4,,20250619,신분당선,4319,광교,D19,N,신분당선,,4305,논현,D5,N,19:11:59,19:12:34,,SA118,상행,2025-05-01T05:00:00,,평일
신분당선,4304,신사,D4,,20250619,신분당선,4319,광교,D19,N,신분당선,,4304,신사,D4,N,19:13:39,,,SA118,상행,2025-05-01T05:00:00,,평일
신분당선,4304,신사,D4,,20250619,신분당선,4319,광교,D19,N,신분당선,,4319,광교,D19,N,,18:36:00,,SA119,상행,2025-05-01T05:00:00,,평일
신분당선,4304,신사,D4,,20250619,신분당선,4319,광교,D19,N,신분당선,,4318,광교중앙,D18,N,18:38:56,18:39:21,,SA119,상행,2025-05-01T05:00:00,,평일
신분당선,4304,신사,D4,,20250619,신분당선,4319,광교,D19,N,신분당선,,4317,상현,D17,N,18:42:06,18:42:31,,SA119,상행,2025-05-01T05:00:00,,평일
신분당선,4304,신사,D4,,20250619,신분당선,4319,광교,D19,N,신분당선,,4316,성복,D16,N,18:45:05,18:45:35,,SA119,상행,2025-05-01T05:00:00,,평일
신분당선,4304,신사,D4,,20250619,신분당선,4319,광교,D19,N,신분당선,,4315,수지구청,D15,N,18:47:42,18:48:12,,SA119,상행,2025-05-01T05:00:00,,평일
신분당선,4304,신사,D4,,20250619,신분당선,4319,광교,D19,N,신분당선,,4314,동천,D14,N,18:50:34,18:51:04,,SA119,상행,2025-05-01T05:00:00,,평일
신분당선,4304,신사,D4,,20250619,신분당선,4319,광교,D19,N,신분당선,,4313,미금,D13,N,18:53:16,18:53:46,,SA119,상행,2025-05-01T05:00:00,,평일
신분당선,4304,신사,D4,,20250619,신분당선,4319,광교,D19,N,신분당선,,4312,정자,D12,N,18:55:46,18:56:26,,SA119,상행,2025-05-01T05:00:00,,평일
신분당선,4304,신사,D4,,20250619,신분당선,4319,광교,D19,N,신분당선,,4311,판교,D11,N,18:59:06,18:59:51,,SA119,상행,2025-05-01T05:00:00,,평일
신분당선,4304,신사,D4,,20250619,신분당선,4319,광교,D19,N,신분당선,,4310,청계산입구,D10,N,19:05:54,19:06:19,,SA119,상행,2025-05-01T05:00:00,,평일
신분당선,4304,신사,D4,,20250619,신분당선,4319,광교,D19,N,신분당선,,4309,양재시민의숲,D9,N,19:08:49,19:09:19,,SA119,상행,2025-05-01T05:00:00,,평일
신분당선,4304,신사,D4,,20250619,신분당선,4319,광교,D19,N,신분당선,,4308,양재,D8,N,19:11:03,19:11:43,,SA119,상행,2025-05-01T05:00:00,,평일
신분당선,4304,신사,D4,,20250619,신분당선,4319,광교,D19,N,신분당선,,4307,강남,D7,N,19:13:27,19:14:12,,SA119,상행,2025-05-01T05:00:00,,평일
신분당선,4304,신사,D4,,20250619,신분당선,4319,광교,D19,N,신분당선,,4306,신논현,D6,N,19:15:19,19:15:54,,SA119,상행,2025-05-01T05:00:00,,평일
신분당선,4304,신사,D4,,20250619,신분당선,4319,광교,D19,N,신분당선,,4305,논현,D5,N,19:16:59,19:17:34,,SA119,상행,2025-05-01T05:00:00,,평일
신분당선,4304,신사,D4,,20250619,신분당선,4319,광교,D19,N,신분당선,,4304,신사,D4,N,19:18:39,,,SA119,상행,2025-05-01T05:00:00,,평일
신분당선,4304,신사,D4,,20250619,신분당선,4319,광교,D19,N,신분당선,,4319,광교,D19,N,,18:41:00,,SA120,상행,2025-05-01T05:00:00,,평일
신분당선,4304,신사,D4,,20250619,신분당선,4319,광교,D19,N,신분당선,,4318,광교중앙,D18,N,18:43:56,18:44:21,,SA120,상행,2025-05-01T05:00:00,,평일
신분당선,4304,신사,D4,,20250619,신분당선,4319,광교,D19,N,신분당선,,4317,상현,D17,N,18:47:06,18:47:31,,SA120,상행,2025-05-01T05:00:00,,평일
신분당선,4304,신사,D4,,20250619,신분당선,4319,광교,D19,N,신분당선,,4316,성복,D16,N,18:50:05,18:50:35,,SA120,상행,2025-05-01T05:00:00,,평일
신분당선,4304,신사,D4,,20250619,신분당선,4319,광교,D19,N,신분당선,,4315,수지구청,D15,N,18:52:42,18:53:12,,SA120,상행,2025-05-01T05:00:00,,평일
신분당선,4304,신사,D4,,20250619,신분당선,4319,광교,D19,N,신분당선,,4314,동천,D14,N,18:55:34,18:56:04,,SA120,상행,2025-05-01T05:00:00,,평일
신분당선,4304,신사,D4,,20250619,신분당선,4319,광교,D19,N,신분당선,,4313,미금,D13,N,18:58:16,18:58:46,,SA120,상행,2025-05-01T05:00:00,,평일
신분당선,4304,신사,D4,,20250619,신분당선,4319,광교,D19,N,신분당선,,4312,정자,D12,N,19:00:46,19:01:26,,SA120,상행,2025-05-01T05:00:00,,평일
신분당선,4304,신사,D4,,20250619,신분당선,4319,광교,D19,N,신분당선,,4311,판교,D11,N,19:04:06,19:04:51,,SA120,상행,2025-05-01T05:00:00,,평일
신분당선,4304,신사,D4,,20250619,신분당선,4319,광교,D19,N,신분당선,,4310,청계산입구,D10,N,19:10:54,19:11:19,,SA120,상행,2025-05-01T05:00:00,,평일
신분당선,4304,신사,D4,,20250619,신분당선,4319,광교,D19,N,신분당선,,4309,양재시민의숲,D9,N,19:13:49,19:14:19,,SA120,상행,2025-05-01T05:00:00,,평일
신분당선,4304,신사,D4,,20250619,신분당선,4319,광교,D19,N,신분당선,,4308,양재,D8,N,19:16:03,19:16:43,,SA120,상행,2025-05-01T05:00:00,,평일
신분당선,4304,신사,D4,,20250619,신분당선,4319,광교,D19,N,신분당선,,4307,강남,D7,N,19:18:27,19:19:12,,SA120,상행,2025-05-01T05:00:00,,평일
신분당선,4304,신사,D4,,20250619,신분당선,4319,광교,D19,N,신분당선,,4306,신논현,D6,N,19:20:19,19:20:54,,SA120,상행,2025-05-01T05:00:00,,평일
신분당선,4304,신사,D4,,20250619,신분당선,4319,광교,D19,N,신분당선,,4305,논현,D5,N,19:21:59,19:22:34,,SA120,상행,2025-05-01T05:00:00,,평일
신분당선,4304,신사,D4,,20250619,신분당선,4319,광교,D19,N,신분당선,,4304,신사,D4,N,19:23:39,,,SA120,상행,2025-05-01T05:00:00,,평일
신분당선,4304,신사,D4,,20250619,신분당선,4319,광교,D19,N,신분당선,,4319,광교,D19,N,,18:46:00,,SA121,상행,2025-05-01T05:00:00,,평일
신분당선,4304,신사,D4,,20250619,신분당선,4319,광교,D19,N,신분당선,,4318,광교중앙,D18,N,18:48:56,18:49:21,,SA121,상행,2025-05-01T05:00:00,,평일
신분당선,4304,신사,D4,,20250619,신분당선,4319,광교,D19,N,신분당선,,4317,상현,D17,N,18:52:06,18:52:31,,SA121,상행,2025-05-01T05:00:00,,평일
신분당선,4304,신사,D4,,20250619,신분당선,4319,광교,D19,N,신분당선,,4316,성복,D16,N,18:55:05,18:55:35,,SA121,상행,2025-05-01T05:00:00,,평일
신분당선,4304,신사,D4,,20250619,신분당선,4319,광교,D19,N,신분당선,,4315,수지구청,D15,N,18:57:42,18:58:12,,SA121,상행,2025-05-01T05:00:00,,평일
신분당선,4304,신사,D4,,20250619,신분당선,4319,광교,D19,N,신분당선,,4314,동천,D14,N,19:00:34,19:01:04,,SA121,상행,2025-05-01T05:00:00,,평일
신분당선,4304,신사,D4,,20250619,신분당선,4319,광교,D19,N,신분당선,,4313,미금,D13,N,19:03:16,19:03:46,,SA121,상행,2025-05-01T05:00:00,,평일
신분당선,4304,신사,D4,,20250619,신분당선,4319,광교,D19,N,신분당선,,4312,정자,D12,N,19:05:46,19:06:26,,SA121,상행,2025-05-01T05:00:00,,평일
신분당선,4304,신사,D4,,20250619,신분당선,4319,광교,D19,N,신분당선,,4311,판교,D11,N,19:09:06,19:09:51,,SA121,상행,2025-05-01T05:00:00,,평일
신분당선,4304,신사,D4,,20250619,신분당선,4319,광교,D19,N,신분당선,,4310,청계산입구,D10,N,19:15:54,19:16:19,,SA121,상행,2025-05-01T05:00:00,,평일
신분당선,4304,신사,D4,,20250619,신분당선,4319,광교,D19,N,신분당선,,4309,양재시민의숲,D9,N,19:18:49,19:19:19,,SA121,상행,2025-05-01T05:00:00,,평일
신분당선,4304,신사,D4,,20250619,신분당선,4319,광교,D19,N,신분당선,,4308,양재,D8,N,19:21:03,19:21:43,,SA121,상행,2025-05-01T05:00:00,,평일
신분당선,4304,신사,D4,,20250619,신분당선,4319,광교,D19,N,신분당선,,4307,강남,D7,N,19:23:27,19:24:12,,SA121,상행,2025-05-01T05:00:00,,평일
신분당선,4304,신사,D4,,20250619,신분당선,4319,광교,D19,N,신분당선,,4306,신논현,D6,N,19:25:19,19:25:54,,SA121,상행,2025-05-01T05:00:00,,평일
신분당선,4304,신사,D4,,20250619,신분당선,4319,광교,D19,N,신분당선,,4305,논현,D5,N,19:26:59,19:27:34,,SA121,상행,2025-05-01T05:00:00,,평일
신분당선,4304,신사,D4,,20250619,신분당선,4319,광교,D19,N,신분당선,,4304,신사,D4,N,19:28:39,,,SA121,상행,2025-05-01T05:00:00,,평일
신분당선,4304,신사,D4,,20250619,신분당선,4319,광교,D19,N,신분당선,,4319,광교,D19,N,,18:51:00,,SA122,상행,2025-05-01T05:00:00,,평일
신분당선,4304,신사,D4,,20250619,신분당선,4319,광교,D19,N,신분당선,,4318,광교중앙,D18,N,18:53:56,18:54:21,,SA122,상행,2025-05-01T05:00:00,,평일
신분당선,4304,신사,D4,,20250619,신분당선,4319,광교,D19,N,신분당선,,4317,상현,D17,N,18:57:06,18:57:31,,SA122,상행,2025-05-01T05:00:00,,평일
신분당선,4304,신사,D4,,20250619,신분당선,4319,광교,D19,N,신분당선,,4316,성복,D16,N,19:00:05,19:00:35,,SA122,상행,2025-05-01T05:00:00,,평일
신분당선,4304,신사,D4,,20250619,신분당선,4319,광교,D19,N,신분당선,,4315,수지구청,D15,N,19:02:42,19:03:12,,SA122,상행,2025-05-01T05:00:00,,평일
신분당선,4304,신사,D4,,20250619,신분당선,4319,광교,D19,N,신분당선,,4314,동천,D14,N,19:05:34,19:06:04,,SA122,상행,2025-05-01T05:00:00,,평일
신분당선,4304,신사,D4,,20250619,신분당선,4319,광교,D19,N,신분당선,,4313,미금,D13,N,19:08:16,19:08:46,,SA122,상행,2025-05-01T05:00:00,,평일
신분당선,4304,신사,D4,,20250619,신분당선,4319,광교,D19,N,신분당선,,4312,정자,D12,N,19:10:46,19:11:26,,SA122,상행,2025-05-01T05:00:00,,평일
신분당선,4304,신사,D4,,20250619,신분당선,4319,광교,D19,N,신분당선,,4311,판교,D11,N,19:14:06,19:14:51,,SA122,상행,2025-05-01T05:00:00,,평일
신분당선,4304,신사,D4,,20250619,신분당선,4319,광교,D19,N,신분당선,,4310,청계산입구,D10,N,19:20:54,19:21:19,,SA122,상행,2025-05-01T05:00:00,,평일
신분당선,4304,신사,D4,,20250619,신분당선,4319,광교,D19,N,신분당선,,4309,양재시민의숲,D9,N,19:23:49,19:24:19,,SA122,상행,2025-05-01T05:00:00,,평일
신분당선,4304,신사,D4,,20250619,신분당선,4319,광교,D19,N,신분당선,,4308,양재,D8,N,19:26:03,19:26:43,,SA122,상행,2025-05-01T05:00:00,,평일
신분당선,4304,신사,D4,,20250619,신분당선,4319,광교,D19,N,신분당선,,4307,강남,D7,N,19:28:27,19:29:12,,SA122,상행,2025-05-01T05:00:00,,평일
신분당선,4304,신사,D4,,20250619,신분당선,4319,광교,D19,N,신분당선,,4306,신논현,D6,N,19:30:19,19:30:54,,SA122,상행,2025-05-01T05:00:00,,평일
신분당선,4304,신사,D4,,20250619,신분당선,4319,광교,D19,N,신분당선,,4305,논현,D5,N,19:31:59,19:32:34,,SA122,상행,2025-05-01T05:00:00,,평일
신분당선,4304,신사,D4,,20250619,신분당선,4319,광교,D19,N,신분당선,,4304,신사,D4,N,19:33:39,,,SA122,상행,2025-05-01T05:00:00,,평일
신분당선,4304,신사,D4,,20250619,신분당선,4319,광교,D19,N,신분당선,,4319,광교,D19,N,,18:56:00,,SA123,상행,2025-05-01T05:00:00,,평일
신분당선,4304,신사,D4,,20250619,신분당선,4319,광교,D19,N,신분당선,,4318,광교중앙,D18,N,18:58:56,18:59:21,,SA123,상행,2025-05-01T05:00:00,,평일
신분당선,4304,신사,D4,,20250619,신분당선,4319,광교,D19,N,신분당선,,4317,상현,D17,N,19:02:06,19:02:31,,SA123,상행,2025-05-01T05:00:00,,평일
신분당선,4304,신사,D4,,20250619,신분당선,4319,광교,D19,N,신분당선,,4316,성복,D16,N,19:05:05,19:05:35,,SA123,상행,2025-05-01T05:00:00,,평일
신분당선,4304,신사,D4,,20250619,신분당선,4319,광교,D19,N,신분당선,,4315,수지구청,D15,N,19:07:42,19:08:12,,SA123,상행,2025-05-01T05:00:00,,평일
신분당선,4304,신사,D4,,20250619,신분당선,4319,광교,D19,N,신분당선,,4314,동천,D14,N,19:10:34,19:11:04,,SA123,상행,2025-05-01T05:00:00,,평일
신분당선,4304,신사,D4,,20250619,신분당선,4319,광교,D19,N,신분당선,,4313,미금,D13,N,19:13:16,19:13:46,,SA123,상행,2025-05-01T05:00:00,,평일
신분당선,4304,신사,D4,,20250619,신분당선,4319,광교,D19,N,신분당선,,4312,정자,D12,N,19:15:46,19:16:26,,SA123,상행,2025-05-01T05:00:00,,평일
신분당선,4304,신사,D4,,20250619,신분당선,4319,광교,D19,N,신분당선,,4311,판교,D11,N,19:19:06,19:19:51,,SA123,상행,2025-05-01T05:00:00,,평일
신분당선,4304,신사,D4,,20250619,신분당선,4319,광교,D19,N,신분당선,,4310,청계산입구,D10,N,19:25:54,19:26:19,,SA123,상행,2025-05-01T05:00:00,,평일
신분당선,4304,신사,D4,,20250619,신분당선,4319,광교,D19,N,신분당선,,4309,양재시민의숲,D9,N,19:28:49,19:29:19,,SA123,상행,2025-05-01T05:00:00,,평일
신분당선,4304,신사,D4,,20250619,신분당선,4319,광교,D19,N,신분당선,,4308,양재,D8,N,19:31:03,19:31:43,,SA123,상행,2025-05-01T05:00:00,,평일
신분당선,4304,신사,D4,,20250619,신분당선,4319,광교,D19,N,신분당선,,4307,강남,D7,N,19:33:27,19:34:12,,SA123,상행,2025-05-01T05:00:00,,평일
신분당선,4304,신사,D4,,20250619,신분당선,4319,광교,D19,N,신분당선,,4306,신논현,D6,N,19:35:19,19:35:54,,SA123,상행,2025-05-01T05:00:00,,평일
신분당선,4304,신사,D4,,20250619,신분당선,4319,광교,D19,N,신분당선,,4305,논현,D5,N,19:36:59,19:37:34,,SA123,상행,2025-05-01T05:00:00,,평일
신분당선,4304,신사,D4,,20250619,신분당선,4319,광교,D19,N,신분당선,,4304,신사,D4,N,19:38:39,,,SA123,상행,2025-05-01T05:00:00,,평일
신분당선,4304,신사,D4,,20250619,신분당선,4319,광교,D19,N,신분당선,,4319,광교,D19,N,,19:01:00,,SA124,상행,2025-05-01T05:00:00,,평일
신분당선,4304,신사,D4,,20250619,신분당선,4319,광교,D19,N,신분당선,,4318,광교중앙,D18,N,19:03:56,19:04:21,,SA124,상행,2025-05-01T05:00:00,,평일
신분당선,4304,신사,D4,,20250619,신분당선,4319,광교,D19,N,신분당선,,4317,상현,D17,N,19:07:06,19:07:31,,SA124,상행,2025-05-01T05:00:00,,평일
신분당선,4304,신사,D4,,20250619,신분당선,4319,광교,D19,N,신분당선,,4316,성복,D16,N,19:10:05,19:10:35,,SA124,상행,2025-05-01T05:00:00,,평일
신분당선,4304,신사,D4,,20250619,신분당선,4319,광교,D19,N,신분당선,,4315,수지구청,D15,N,19:12:42,19:13:12,,SA124,상행,2025-05-01T05:00:00,,평일
신분당선,4304,신사,D4,,20250619,신분당선,4319,광교,D19,N,신분당선,,4314,동천,D14,N,19:15:34,19:16:04,,SA124,상행,2025-05-01T05:00:00,,평일
신분당선,4304,신사,D4,,20250619,신분당선,4319,광교,D19,N,신분당선,,4313,미금,D13,N,19:18:16,19:18:46,,SA124,상행,2025-05-01T05:00:00,,평일
신분당선,4304,신사,D4,,20250619,신분당선,4319,광교,D19,N,신분당선,,4312,정자,D12,N,19:20:46,19:21:26,,SA124,상행,2025-05-01T05:00:00,,평일
신분당선,4304,신사,D4,,20250619,신분당선,4319,광교,D19,N,신분당선,,4311,판교,D11,N,19:24:06,19:24:51,,SA124,상행,2025-05-01T05:00:00,,평일
신분당선,4304,신사,D4,,20250619,신분당선,4319,광교,D19,N,신분당선,,4310,청계산입구,D10,N,19:30:54,19:31:19,,SA124,상행,2025-05-01T05:00:00,,평일
신분당선,4304,신사,D4,,20250619,신분당선,4319,광교,D19,N,신분당선,,4309,양재시민의숲,D9,N,19:33:49,19:34:19,,SA124,상행,2025-05-01T05:00:00,,평일
신분당선,4304,신사,D4,,20250619,신분당선,4319,광교,D19,N,신분당선,,4308,양재,D8,N,19:36:03,19:36:43,,SA124,상행,2025-05-01T05:00:00,,평일
신분당선,4304,신사,D4,,20250619,신분당선,4319,광교,D19,N,신분당선,,4307,강남,D7,N,19:38:27,19:39:12,,SA124,상행,2025-05-01T05:00:00,,평일
신분당선,4304,신사,D4,,20250619,신분당선,4319,광교,D19,N,신분당선,,4306,신논현,D6,N,19:40:19,19:40:54,,SA124,상행,2025-05-01T05:00:00,,평일
신분당선,4304,신사,D4,,20250619,신분당선,4319,광교,D19,N,신분당선,,4305,논현,D5,N,19:41:59,19:42:34,,SA124,상행,2025-05-01T05:00:00,,평일
신분당선,4304,신사,D4,,20250619,신분당선,4319,광교,D19,N,신분당선,,4304,신사,D4,N,19:43:39,,,SA124,상행,2025-05-01T05:00:00,,평일
신분당선,4304,신사,D4,,20250619,신분당선,4319,광교,D19,N,신분당선,,4319,광교,D19,N,,19:06:00,,SA125,상행,2025-05-01T05:00:00,,평일
신분당선,4304,신사,D4,,20250619,신분당선,4319,광교,D19,N,신분당선,,4318,광교중앙,D18,N,19:08:56,19:09:21,,SA125,상행,2025-05-01T05:00:00,,평일
신분당선,4304,신사,D4,,20250619,신분당선,4319,광교,D19,N,신분당선,,4317,상현,D17,N,19:12:06,19:12:31,,SA125,상행,2025-05-01T05:00:00,,평일
신분당선,4304,신사,D4,,20250619,신분당선,4319,광교,D19,N,신분당선,,4316,성복,D16,N,19:15:05,19:15:35,,SA125,상행,2025-05-01T05:00:00,,평일
신분당선,4304,신사,D4,,20250619,신분당선,4319,광교,D19,N,신분당선,,4315,수지구청,D15,N,19:17:42,19:18:12,,SA125,상행,2025-05-01T05:00:00,,평일
신분당선,4304,신사,D4,,20250619,신분당선,4319,광교,D19,N,신분당선,,4314,동천,D14,N,19:20:34,19:21:04,,SA125,상행,2025-05-01T05:00:00,,평일
신분당선,4304,신사,D4,,20250619,신분당선,4319,광교,D19,N,신분당선,,4313,미금,D13,N,19:23:16,19:23:46,,SA125,상행,2025-05-01T05:00:00,,평일
신분당선,4304,신사,D4,,20250619,신분당선,4319,광교,D19,N,신분당선,,4312,정자,D12,N,19:25:46,19:26:26,,SA125,상행,2025-05-01T05:00:00,,평일
신분당선,4304,신사,D4,,20250619,신분당선,4319,광교,D19,N,신분당선,,4311,판교,D11,N,19:29:06,19:29:51,,SA125,상행,2025-05-01T05:00:00,,평일
신분당선,4304,신사,D4,,20250619,신분당선,4319,광교,D19,N,신분당선,,4310,청계산입구,D10,N,19:35:54,19:36:19,,SA125,상행,2025-05-01T05:00:00,,평일
신분당선,4304,신사,D4,,20250619,신분당선,4319,광교,D19,N,신분당선,,4309,양재시민의숲,D9,N,19:38:49,19:39:19,,SA125,상행,2025-05-01T05:00:00,,평일
신분당선,4304,신사,D4,,20250619,신분당선,4319,광교,D19,N,신분당선,,4308,양재,D8,N,19:41:03,19:41:43,,SA125,상행,2025-05-01T05:00:00,,평일
신분당선,4304,신사,D4,,20250619,신분당선,4319,광교,D19,N,신분당선,,4307,강남,D7,N,19:43:27,19:44:12,,SA125,상행,2025-05-01T05:00:00,,평일
신분당선,4304,신사,D4,,20250619,신분당선,4319,광교,D19,N,신분당선,,4306,신논현,D6,N,19:45:19,19:45:54,,SA125,상행,2025-05-01T05:00:00,,평일
신분당선,4304,신사,D4,,20250619,신분당선,4319,광교,D19,N,신분당선,,4305,논현,D5,N,19:46:59,19:47:34,,SA125,상행,2025-05-01T05:00:00,,평일
신분당선,4304,신사,D4,,20250619,신분당선,4319,광교,D19,N,신분당선,,4304,신사,D4,N,19:48:39,,,SA125,상행,2025-05-01T05:00:00,,평일
신분당선,4304,신사,D4,,20250619,신분당선,4319,광교,D19,N,신분당선,,4319,광교,D19,N,,19:11:00,,SA126,상행,2025-05-01T05:00:00,,평일
신분당선,4304,신사,D4,,20250619,신분당선,4319,광교,D19,N,신분당선,,4318,광교중앙,D18,N,19:13:56,19:14:21,,SA126,상행,2025-05-01T05:00:00,,평일
신분당선,4304,신사,D4,,20250619,신분당선,4319,광교,D19,N,신분당선,,4317,상현,D17,N,19:17:06,19:17:31,,SA126,상행,2025-05-01T05:00:00,,평일
신분당선,4304,신사,D4,,20250619,신분당선,4319,광교,D19,N,신분당선,,4316,성복,D16,N,19:20:05,19:20:35,,SA126,상행,2025-05-01T05:00:00,,평일
신분당선,4304,신사,D4,,20250619,신분당선,4319,광교,D19,N,신분당선,,4315,수지구청,D15,N,19:22:42,19:23:12,,SA126,상행,2025-05-01T05:00:00,,평일
신분당선,4304,신사,D4,,20250619,신분당선,4319,광교,D19,N,신분당선,,4314,동천,D14,N,19:25:34,19:26:04,,SA126,상행,2025-05-01T05:00:00,,평일
신분당선,4304,신사,D4,,20250619,신분당선,4319,광교,D19,N,신분당선,,4313,미금,D13,N,19:28:16,19:28:46,,SA126,상행,2025-05-01T05:00:00,,평일
신분당선,4304,신사,D4,,20250619,신분당선,4319,광교,D19,N,신분당선,,4312,정자,D12,N,19:30:46,19:31:26,,SA126,상행,2025-05-01T05:00:00,,평일
신분당선,4304,신사,D4,,20250619,신분당선,4319,광교,D19,N,신분당선,,4311,판교,D11,N,19:34:06,19:34:51,,SA126,상행,2025-05-01T05:00:00,,평일
신분당선,4304,신사,D4,,20250619,신분당선,4319,광교,D19,N,신분당선,,4310,청계산입구,D10,N,19:40:54,19:41:19,,SA126,상행,2025-05-01T05:00:00,,평일
신분당선,4304,신사,D4,,20250619,신분당선,4319,광교,D19,N,신분당선,,4309,양재시민의숲,D9,N,19:43:49,19:44:19,,SA126,상행,2025-05-01T05:00:00,,평일
신분당선,4304,신사,D4,,20250619,신분당선,4319,광교,D19,N,신분당선,,4308,양재,D8,N,19:46:03,19:46:43,,SA126,상행,2025-05-01T05:00:00,,평일
신분당선,4304,신사,D4,,20250619,신분당선,4319,광교,D19,N,신분당선,,4307,강남,D7,N,19:48:27,19:49:12,,SA126,상행,2025-05-01T05:00:00,,평일
신분당선,4304,신사,D4,,20250619,신분당선,4319,광교,D19,N,신분당선,,4306,신논현,D6,N,19:50:19,19:50:54,,SA126,상행,2025-05-01T05:00:00,,평일
신분당선,4304,신사,D4,,20250619,신분당선,4319,광교,D19,N,신분당선,,4305,논현,D5,N,19:51:59,19:52:34,,SA126,상행,2025-05-01T05:00:00,,평일
신분당선,4304,신사,D4,,20250619,신분당선,4319,광교,D19,N,신분당선,,4304,신사,D4,N,19:53:39,,,SA126,상행,2025-05-01T05:00:00,,평일
신분당선,4304,신사,D4,,20250619,신분당선,4319,광교,D19,N,신분당선,,4319,광교,D19,N,,19:16:00,,SA127,상행,2025-05-01T05:00:00,,평일
신분당선,4304,신사,D4,,20250619,신분당선,4319,광교,D19,N,신분당선,,4318,광교중앙,D18,N,19:18:56,19:19:21,,SA127,상행,2025-05-01T05:00:00,,평일
신분당선,4304,신사,D4,,20250619,신분당선,4319,광교,D19,N,신분당선,,4317,상현,D17,N,19:22:06,19:22:31,,SA127,상행,2025-05-01T05:00:00,,평일
신분당선,4304,신사,D4,,20250619,신분당선,4319,광교,D19,N,신분당선,,4316,성복,D16,N,19:25:05,19:25:35,,SA127,상행,2025-05-01T05:00:00,,평일
신분당선,4304,신사,D4,,20250619,신분당선,4319,광교,D19,N,신분당선,,4315,수지구청,D15,N,19:27:42,19:28:12,,SA127,상행,2025-05-01T05:00:00,,평일
신분당선,4304,신사,D4,,20250619,신분당선,4319,광교,D19,N,신분당선,,4314,동천,D14,N,19:30:34,19:31:04,,SA127,상행,2025-05-01T05:00:00,,평일
신분당선,4304,신사,D4,,20250619,신분당선,4319,광교,D19,N,신분당선,,4313,미금,D13,N,19:33:16,19:33:46,,SA127,상행,2025-05-01T05:00:00,,평일
신분당선,4304,신사,D4,,20250619,신분당선,4319,광교,D19,N,신분당선,,4312,정자,D12,N,19:35:46,19:36:26,,SA127,상행,2025-05-01T05:00:00,,평일
신분당선,4304,신사,D4,,20250619,신분당선,4319,광교,D19,N,신분당선,,4311,판교,D11,N,19:39:06,19:39:51,,SA127,상행,2025-05-01T05:00:00,,평일
신분당선,4304,신사,D4,,20250619,신분당선,4319,광교,D19,N,신분당선,,4310,청계산입구,D10,N,19:45:54,19:46:19,,SA127,상행,2025-05-01T05:00:00,,평일
신분당선,4304,신사,D4,,20250619,신분당선,4319,광교,D19,N,신분당선,,4309,양재시민의숲,D9,N,19:48:49,19:49:19,,SA127,상행,2025-05-01T05:00:00,,평일
신분당선,4304,신사,D4,,20250619,신분당선,4319,광교,D19,N,신분당선,,4308,양재,D8,N,19:51:03,19:51:43,,SA127,상행,2025-05-01T05:00:00,,평일
신분당선,4304,신사,D4,,20250619,신분당선,4319,광교,D19,N,신분당선,,4307,강남,D7,N,19:53:27,19:54:12,,SA127,상행,2025-05-01T05:00:00,,평일
신분당선,4304,신사,D4,,20250619,신분당선,4319,광교,D19,N,신분당선,,4306,신논현,D6,N,19:55:19,19:55:54,,SA127,상행,2025-05-01T05:00:00,,평일
신분당선,4304,신사,D4,,20250619,신분당선,4319,광교,D19,N,신분당선,,4305,논현,D5,N,19:56:59,19:57:34,,SA127,상행,2025-05-01T05:00:00,,평일
신분당선,4304,신사,D4,,20250619,신분당선,4319,광교,D19,N,신분당선,,4304,신사,D4,N,19:58:39,,,SA127,상행,2025-05-01T05:00:00,,평일
신분당선,4304,신사,D4,,20250619,신분당선,4319,광교,D19,N,신분당선,,4319,광교,D19,N,,19:21:00,,SA128,상행,2025-05-01T05:00:00,,평일
신분당선,4304,신사,D4,,20250619,신분당선,4319,광교,D19,N,신분당선,,4318,광교중앙,D18,N,19:23:56,19:24:21,,SA128,상행,2025-05-01T05:00:00,,평일
신분당선,4304,신사,D4,,20250619,신분당선,4319,광교,D19,N,신분당선,,4317,상현,D17,N,19:27:06,19:27:31,,SA128,상행,2025-05-01T05:00:00,,평일
신분당선,4304,신사,D4,,20250619,신분당선,4319,광교,D19,N,신분당선,,4316,성복,D16,N,19:30:05,19:30:35,,SA128,상행,2025-05-01T05:00:00,,평일
신분당선,4304,신사,D4,,20250619,신분당선,4319,광교,D19,N,신분당선,,4315,수지구청,D15,N,19:32:42,19:33:12,,SA128,상행,2025-05-01T05:00:00,,평일
신분당선,4304,신사,D4,,20250619,신분당선,4319,광교,D19,N,신분당선,,4314,동천,D14,N,19:35:34,19:36:04,,SA128,상행,2025-05-01T05:00:00,,평일
신분당선,4304,신사,D4,,20250619,신분당선,4319,광교,D19,N,신분당선,,4313,미금,D13,N,19:38:16,19:38:46,,SA128,상행,2025-05-01T05:00:00,,평일
신분당선,4304,신사,D4,,20250619,신분당선,4319,광교,D19,N,신분당선,,4312,정자,D12,N,19:40:46,19:41:26,,SA128,상행,2025-05-01T05:00:00,,평일
신분당선,4304,신사,D4,,20250619,신분당선,4319,광교,D19,N,신분당선,,4311,판교,D11,N,19:44:06,19:44:51,,SA128,상행,2025-05-01T05:00:00,,평일
신분당선,4304,신사,D4,,20250619,신분당선,4319,광교,D19,N,신분당선,,4310,청계산입구,D10,N,19:50:54,19:51:19,,SA128,상행,2025-05-01T05:00:00,,평일
신분당선,4304,신사,D4,,20250619,신분당선,4319,광교,D19,N,신분당선,,4309,양재시민의숲,D9,N,19:53:49,19:54:19,,SA128,상행,2025-05-01T05:00:00,,평일
신분당선,4304,신사,D4,,20250619,신분당선,4319,광교,D19,N,신분당선,,4308,양재,D8,N,19:56:03,19:56:43,,SA128,상행,2025-05-01T05:00:00,,평일
신분당선,4304,신사,D4,,20250619,신분당선,4319,광교,D19,N,신분당선,,4307,강남,D7,N,19:58:27,19:59:12,,SA128,상행,2025-05-01T05:00:00,,평일
신분당선,4304,신사,D4,,20250619,신분당선,4319,광교,D19,N,신분당선,,4306,신논현,D6,N,20:00:19,20:00:54,,SA128,상행,2025-05-01T05:00:00,,평일
신분당선,4304,신사,D4,,20250619,신분당선,4319,광교,D19,N,신분당선,,4305,논현,D5,N,20:01:59,20:02:34,,SA128,상행,2025-05-01T05:00:00,,평일
신분당선,4304,신사,D4,,20250619,신분당선,4319,광교,D19,N,신분당선,,4304,신사,D4,N,20:03:39,,,SA128,상행,2025-05-01T05:00:00,,평일
신분당선,4304,신사,D4,,20250619,신분당선,4319,광교,D19,N,신분당선,,4319,광교,D19,N,,19:27:00,,SA129,상행,2025-05-01T05:00:00,,평일
신분당선,4304,신사,D4,,20250619,신분당선,4319,광교,D19,N,신분당선,,4318,광교중앙,D18,N,19:29:56,19:30:21,,SA129,상행,2025-05-01T05:00:00,,평일
신분당선,4304,신사,D4,,20250619,신분당선,4319,광교,D19,N,신분당선,,4317,상현,D17,N,19:33:06,19:33:31,,SA129,상행,2025-05-01T05:00:00,,평일
신분당선,4304,신사,D4,,20250619,신분당선,4319,광교,D19,N,신분당선,,4316,성복,D16,N,19:36:05,19:36:35,,SA129,상행,2025-05-01T05:00:00,,평일
신분당선,4304,신사,D4,,20250619,신분당선,4319,광교,D19,N,신분당선,,4315,수지구청,D15,N,19:38:42,19:39:12,,SA129,상행,2025-05-01T05:00:00,,평일
신분당선,4304,신사,D4,,20250619,신분당선,4319,광교,D19,N,신분당선,,4314,동천,D14,N,19:41:34,19:42:04,,SA129,상행,2025-05-01T05:00:00,,평일
신분당선,4304,신사,D4,,20250619,신분당선,4319,광교,D19,N,신분당선,,4313,미금,D13,N,19:44:16,19:44:46,,SA129,상행,2025-05-01T05:00:00,,평일
신분당선,4304,신사,D4,,20250619,신분당선,4319,광교,D19,N,신분당선,,4312,정자,D12,N,19:46:46,19:47:26,,SA129,상행,2025-05-01T05:00:00,,평일
신분당선,4304,신사,D4,,20250619,신분당선,4319,광교,D19,N,신분당선,,4311,판교,D11,N,19:50:06,19:50:51,,SA129,상행,2025-05-01T05:00:00,,평일
신분당선,4304,신사,D4,,20250619,신분당선,4319,광교,D19,N,신분당선,,4310,청계산입구,D10,N,19:56:54,19:57:19,,SA129,상행,2025-05-01T05:00:00,,평일
신분당선,4304,신사,D4,,20250619,신분당선,4319,광교,D19,N,신분당선,,4309,양재시민의숲,D9,N,19:59:49,20:00:19,,SA129,상행,2025-05-01T05:00:00,,평일
신분당선,4304,신사,D4,,20250619,신분당선,4319,광교,D19,N,신분당선,,4308,양재,D8,N,20:02:03,20:02:43,,SA129,상행,2025-05-01T05:00:00,,평일
신분당선,4304,신사,D4,,20250619,신분당선,4319,광교,D19,N,신분당선,,4307,강남,D7,N,20:04:27,20:05:12,,SA129,상행,2025-05-01T05:00:00,,평일
신분당선,4304,신사,D4,,20250619,신분당선,4319,광교,D19,N,신분당선,,4306,신논현,D6,N,20:06:19,20:06:54,,SA129,상행,2025-05-01T05:00:00,,평일
신분당선,4304,신사,D4,,20250619,신분당선,4319,광교,D19,N,신분당선,,4305,논현,D5,N,20:07:59,20:08:34,,SA129,상행,2025-05-01T05:00:00,,평일
신분당선,4304,신사,D4,,20250619,신분당선,4319,광교,D19,N,신분당선,,4304,신사,D4,N,20:09:39,,,SA129,상행,2025-05-01T05:00:00,,평일
신분당선,4304,신사,D4,,20250619,신분당선,4319,광교,D19,N,신분당선,,4319,광교,D19,N,,19:33:00,,SA130,상행,2025-05-01T05:00:00,,평일
신분당선,4304,신사,D4,,20250619,신분당선,4319,광교,D19,N,신분당선,,4318,광교중앙,D18,N,19:35:56,19:36:21,,SA130,상행,2025-05-01T05:00:00,,평일
신분당선,4304,신사,D4,,20250619,신분당선,4319,광교,D19,N,신분당선,,4317,상현,D17,N,19:39:06,19:39:31,,SA130,상행,2025-05-01T05:00:00,,평일
신분당선,4304,신사,D4,,20250619,신분당선,4319,광교,D19,N,신분당선,,4316,성복,D16,N,19:42:05,19:42:35,,SA130,상행,2025-05-01T05:00:00,,평일
신분당선,4304,신사,D4,,20250619,신분당선,4319,광교,D19,N,신분당선,,4315,수지구청,D15,N,19:44:42,19:45:12,,SA130,상행,2025-05-01T05:00:00,,평일
신분당선,4304,신사,D4,,20250619,신분당선,4319,광교,D19,N,신분당선,,4314,동천,D14,N,19:47:34,19:48:04,,SA130,상행,2025-05-01T05:00:00,,평일
신분당선,4304,신사,D4,,20250619,신분당선,4319,광교,D19,N,신분당선,,4313,미금,D13,N,19:50:16,19:50:46,,SA130,상행,2025-05-01T05:00:00,,평일
신분당선,4304,신사,D4,,20250619,신분당선,4319,광교,D19,N,신분당선,,4312,정자,D12,N,19:52:46,19:53:26,,SA130,상행,2025-05-01T05:00:00,,평일
신분당선,4304,신사,D4,,20250619,신분당선,4319,광교,D19,N,신분당선,,4311,판교,D11,N,19:56:06,19:56:51,,SA130,상행,2025-05-01T05:00:00,,평일
신분당선,4304,신사,D4,,20250619,신분당선,4319,광교,D19,N,신분당선,,4310,청계산입구,D10,N,20:02:54,20:03:19,,SA130,상행,2025-05-01T05:00:00,,평일
신분당선,4304,신사,D4,,20250619,신분당선,4319,광교,D19,N,신분당선,,4309,양재시민의숲,D9,N,20:05:49,20:06:19,,SA130,상행,2025-05-01T05:00:00,,평일
신분당선,4304,신사,D4,,20250619,신분당선,4319,광교,D19,N,신분당선,,4308,양재,D8,N,20:08:03,20:08:43,,SA130,상행,2025-05-01T05:00:00,,평일
신분당선,4304,신사,D4,,20250619,신분당선,4319,광교,D19,N,신분당선,,4307,강남,D7,N,20:10:27,20:11:12,,SA130,상행,2025-05-01T05:00:00,,평일
신분당선,4304,신사,D4,,20250619,신분당선,4319,광교,D19,N,신분당선,,4306,신논현,D6,N,20:12:19,20:12:54,,SA130,상행,2025-05-01T05:00:00,,평일
신분당선,4304,신사,D4,,20250619,신분당선,4319,광교,D19,N,신분당선,,4305,논현,D5,N,20:13:59,20:14:34,,SA130,상행,2025-05-01T05:00:00,,평일
신분당선,4304,신사,D4,,20250619,신분당선,4319,광교,D19,N,신분당선,,4304,신사,D4,N,20:15:39,,,SA130,상행,2025-05-01T05:00:00,,평일
신분당선,4304,신사,D4,,20250619,신분당선,4319,광교,D19,N,신분당선,,4319,광교,D19,N,,19:40:00,,SA131,상행,2025-05-01T05:00:00,,평일
신분당선,4304,신사,D4,,20250619,신분당선,4319,광교,D19,N,신분당선,,4318,광교중앙,D18,N,19:42:56,19:43:21,,SA131,상행,2025-05-01T05:00:00,,평일
신분당선,4304,신사,D4,,20250619,신분당선,4319,광교,D19,N,신분당선,,4317,상현,D17,N,19:46:06,19:46:31,,SA131,상행,2025-05-01T05:00:00,,평일
신분당선,4304,신사,D4,,20250619,신분당선,4319,광교,D19,N,신분당선,,4316,성복,D16,N,19:49:05,19:49:35,,SA131,상행,2025-05-01T05:00:00,,평일
신분당선,4304,신사,D4,,20250619,신분당선,4319,광교,D19,N,신분당선,,4315,수지구청,D15,N,19:51:42,19:52:12,,SA131,상행,2025-05-01T05:00:00,,평일
신분당선,4304,신사,D4,,20250619,신분당선,4319,광교,D19,N,신분당선,,4314,동천,D14,N,19:54:34,19:55:04,,SA131,상행,2025-05-01T05:00:00,,평일
신분당선,4304,신사,D4,,20250619,신분당선,4319,광교,D19,N,신분당선,,4313,미금,D13,N,19:57:16,19:57:46,,SA131,상행,2025-05-01T05:00:00,,평일
신분당선,4304,신사,D4,,20250619,신분당선,4319,광교,D19,N,신분당선,,4312,정자,D12,N,19:59:46,20:00:26,,SA131,상행,2025-05-01T05:00:00,,평일
신분당선,4304,신사,D4,,20250619,신분당선,4319,광교,D19,N,신분당선,,4311,판교,D11,N,20:03:06,20:03:51,,SA131,상행,2025-05-01T05:00:00,,평일
신분당선,4304,신사,D4,,20250619,신분당선,4319,광교,D19,N,신분당선,,4310,청계산입구,D10,N,20:09:54,20:10:19,,SA131,상행,2025-05-01T05:00:00,,평일
신분당선,4304,신사,D4,,20250619,신분당선,4319,광교,D19,N,신분당선,,4309,양재시민의숲,D9,N,20:12:49,20:13:19,,SA131,상행,2025-05-01T05:00:00,,평일
신분당선,4304,신사,D4,,20250619,신분당선,4319,광교,D19,N,신분당선,,4308,양재,D8,N,20:15:03,20:15:43,,SA131,상행,2025-05-01T05:00:00,,평일
신분당선,4304,신사,D4,,20250619,신분당선,4319,광교,D19,N,신분당선,,4307,강남,D7,N,20:17:27,20:18:12,,SA131,상행,2025-05-01T05:00:00,,평일
신분당선,4304,신사,D4,,20250619,신분당선,4319,광교,D19,N,신분당선,,4306,신논현,D6,N,20:19:19,20:19:54,,SA131,상행,2025-05-01T05:00:00,,평일
신분당선,4304,신사,D4,,20250619,신분당선,4319,광교,D19,N,신분당선,,4305,논현,D5,N,20:20:59,20:21:34,,SA131,상행,2025-05-01T05:00:00,,평일
신분당선,4304,신사,D4,,20250619,신분당선,4319,광교,D19,N,신분당선,,4304,신사,D4,N,20:22:39,,,SA131,상행,2025-05-01T05:00:00,,평일
신분당선,4304,신사,D4,,20250619,신분당선,4319,광교,D19,N,신분당선,,4319,광교,D19,N,,19:46:00,,SA132,상행,2025-05-01T05:00:00,,평일
신분당선,4304,신사,D4,,20250619,신분당선,4319,광교,D19,N,신분당선,,4318,광교중앙,D18,N,19:48:56,19:49:21,,SA132,상행,2025-05-01T05:00:00,,평일
신분당선,4304,신사,D4,,20250619,신분당선,4319,광교,D19,N,신분당선,,4317,상현,D17,N,19:52:06,19:52:31,,SA132,상행,2025-05-01T05:00:00,,평일
신분당선,4304,신사,D4,,20250619,신분당선,4319,광교,D19,N,신분당선,,4316,성복,D16,N,19:55:05,19:55:35,,SA132,상행,2025-05-01T05:00:00,,평일
신분당선,4304,신사,D4,,20250619,신분당선,4319,광교,D19,N,신분당선,,4315,수지구청,D15,N,19:57:42,19:58:12,,SA132,상행,2025-05-01T05:00:00,,평일
신분당선,4304,신사,D4,,20250619,신분당선,4319,광교,D19,N,신분당선,,4314,동천,D14,N,20:00:34,20:01:04,,SA132,상행,2025-05-01T05:00:00,,평일
신분당선,4304,신사,D4,,20250619,신분당선,4319,광교,D19,N,신분당선,,4313,미금,D13,N,20:03:16,20:03:46,,SA132,상행,2025-05-01T05:00:00,,평일
신분당선,4304,신사,D4,,20250619,신분당선,4319,광교,D19,N,신분당선,,4312,정자,D12,N,20:05:46,20:06:26,,SA132,상행,2025-05-01T05:00:00,,평일
신분당선,4304,신사,D4,,20250619,신분당선,4319,광교,D19,N,신분당선,,4311,판교,D11,N,20:09:06,20:09:51,,SA132,상행,2025-05-01T05:00:00,,평일
신분당선,4304,신사,D4,,20250619,신분당선,4319,광교,D19,N,신분당선,,4310,청계산입구,D10,N,20:15:54,20:16:19,,SA132,상행,2025-05-01T05:00:00,,평일
신분당선,4304,신사,D4,,20250619,신분당선,4319,광교,D19,N,신분당선,,4309,양재시민의숲,D9,N,20:18:49,20:19:19,,SA132,상행,2025-05-01T05:00:00,,평일
신분당선,4304,신사,D4,,20250619,신분당선,4319,광교,D19,N,신분당선,,4308,양재,D8,N,20:21:03,20:21:43,,SA132,상행,2025-05-01T05:00:00,,평일
신분당선,4304,신사,D4,,20250619,신분당선,4319,광교,D19,N,신분당선,,4307,강남,D7,N,20:23:27,20:24:12,,SA132,상행,2025-05-01T05:00:00,,평일
신분당선,4304,신사,D4,,20250619,신분당선,4319,광교,D19,N,신분당선,,4306,신논현,D6,N,20:25:19,20:25:54,,SA132,상행,2025-05-01T05:00:00,,평일
신분당선,4304,신사,D4,,20250619,신분당선,4319,광교,D19,N,신분당선,,4305,논현,D5,N,20:26:59,20:27:34,,SA132,상행,2025-05-01T05:00:00,,평일
신분당선,4304,신사,D4,,20250619,신분당선,4319,광교,D19,N,신분당선,,4304,신사,D4,N,20:28:39,,,SA132,상행,2025-05-01T05:00:00,,평일
신분당선,4304,신사,D4,,20250619,신분당선,4319,광교,D19,N,신분당선,,4319,광교,D19,N,,19:52:00,,SA133,상행,2025-05-01T05:00:00,,평일
신분당선,4304,신사,D4,,20250619,신분당선,4319,광교,D19,N,신분당선,,4318,광교중앙,D18,N,19:54:56,19:55:21,,SA133,상행,2025-05-01T05:00:00,,평일
신분당선,4304,신사,D4,,20250619,신분당선,4319,광교,D19,N,신분당선,,4317,상현,D17,N,19:58:06,19:58:31,,SA133,상행,2025-05-01T05:00:00,,평일
신분당선,4304,신사,D4,,20250619,신분당선,4319,광교,D19,N,신분당선,,4316,성복,D16,N,20:01:05,20:01:35,,SA133,상행,2025-05-01T05:00:00,,평일
신분당선,4304,신사,D4,,20250619,신분당선,4319,광교,D19,N,신분당선,,4315,수지구청,D15,N,20:03:42,20:04:12,,SA133,상행,2025-05-01T05:00:00,,평일
신분당선,4304,신사,D4,,20250619,신분당선,4319,광교,D19,N,신분당선,,4314,동천,D14,N,20:06:34,20:07:04,,SA133,상행,2025-05-01T05:00:00,,평일
신분당선,4304,신사,D4,,20250619,신분당선,4319,광교,D19,N,신분당선,,4313,미금,D13,N,20:09:16,20:09:46,,SA133,상행,2025-05-01T05:00:00,,평일
신분당선,4304,신사,D4,,20250619,신분당선,4319,광교,D19,N,신분당선,,4312,정자,D12,N,20:11:46,20:12:26,,SA133,상행,2025-05-01T05:00:00,,평일
신분당선,4304,신사,D4,,20250619,신분당선,4319,광교,D19,N,신분당선,,4311,판교,D11,N,20:15:06,20:15:51,,SA133,상행,2025-05-01T05:00:00,,평일
신분당선,4304,신사,D4,,20250619,신분당선,4319,광교,D19,N,신분당선,,4310,청계산입구,D10,N,20:21:54,20:22:19,,SA133,상행,2025-05-01T05:00:00,,평일
신분당선,4304,신사,D4,,20250619,신분당선,4319,광교,D19,N,신분당선,,4309,양재시민의숲,D9,N,20:24:49,20:25:19,,SA133,상행,2025-05-01T05:00:00,,평일
신분당선,4304,신사,D4,,20250619,신분당선,4319,광교,D19,N,신분당선,,4308,양재,D8,N,20:27:03,20:27:43,,SA133,상행,2025-05-01T05:00:00,,평일
신분당선,4304,신사,D4,,20250619,신분당선,4319,광교,D19,N,신분당선,,4307,강남,D7,N,20:29:27,20:30:12,,SA133,상행,2025-05-01T05:00:00,,평일
신분당선,4304,신사,D4,,20250619,신분당선,4319,광교,D19,N,신분당선,,4306,신논현,D6,N,20:31:19,20:31:54,,SA133,상행,2025-05-01T05:00:00,,평일
신분당선,4304,신사,D4,,20250619,신분당선,4319,광교,D19,N,신분당선,,4305,논현,D5,N,20:32:59,20:33:34,,SA133,상행,2025-05-01T05:00:00,,평일
신분당선,4304,신사,D4,,20250619,신분당선,4319,광교,D19,N,신분당선,,4304,신사,D4,N,20:34:39,,,SA133,상행,2025-05-01T05:00:00,,평일
신분당선,4304,신사,D4,,20250619,신분당선,4319,광교,D19,N,신분당선,,4319,광교,D19,N,,19:59:00,,SA134,상행,2025-05-01T05:00:00,,평일
신분당선,4304,신사,D4,,20250619,신분당선,4319,광교,D19,N,신분당선,,4318,광교중앙,D18,N,20:01:56,20:02:21,,SA134,상행,2025-05-01T05:00:00,,평일
신분당선,4304,신사,D4,,20250619,신분당선,4319,광교,D19,N,신분당선,,4317,상현,D17,N,20:05:06,20:05:31,,SA134,상행,2025-05-01T05:00:00,,평일
신분당선,4304,신사,D4,,20250619,신분당선,4319,광교,D19,N,신분당선,,4316,성복,D16,N,20:08:05,20:08:35,,SA134,상행,2025-05-01T05:00:00,,평일
신분당선,4304,신사,D4,,20250619,신분당선,4319,광교,D19,N,신분당선,,4315,수지구청,D15,N,20:10:42,20:11:12,,SA134,상행,2025-05-01T05:00:00,,평일
신분당선,4304,신사,D4,,20250619,신분당선,4319,광교,D19,N,신분당선,,4314,동천,D14,N,20:13:34,20:14:04,,SA134,상행,2025-05-01T05:00:00,,평일
신분당선,4304,신사,D4,,20250619,신분당선,4319,광교,D19,N,신분당선,,4313,미금,D13,N,20:16:16,20:16:46,,SA134,상행,2025-05-01T05:00:00,,평일
신분당선,4304,신사,D4,,20250619,신분당선,4319,광교,D19,N,신분당선,,4312,정자,D12,N,20:18:46,20:19:26,,SA134,상행,2025-05-01T05:00:00,,평일
신분당선,4304,신사,D4,,20250619,신분당선,4319,광교,D19,N,신분당선,,4311,판교,D11,N,20:22:06,20:22:51,,SA134,상행,2025-05-01T05:00:00,,평일
신분당선,4304,신사,D4,,20250619,신분당선,4319,광교,D19,N,신분당선,,4310,청계산입구,D10,N,20:28:54,20:29:19,,SA134,상행,2025-05-01T05:00:00,,평일
신분당선,4304,신사,D4,,20250619,신분당선,4319,광교,D19,N,신분당선,,4309,양재시민의숲,D9,N,20:31:49,20:32:19,,SA134,상행,2025-05-01T05:00:00,,평일
신분당선,4304,신사,D4,,20250619,신분당선,4319,광교,D19,N,신분당선,,4308,양재,D8,N,20:34:03,20:34:43,,SA134,상행,2025-05-01T05:00:00,,평일
신분당선,4304,신사,D4,,20250619,신분당선,4319,광교,D19,N,신분당선,,4307,강남,D7,N,20:36:27,20:37:12,,SA134,상행,2025-05-01T05:00:00,,평일
신분당선,4304,신사,D4,,20250619,신분당선,4319,광교,D19,N,신분당선,,4306,신논현,D6,N,20:38:19,20:38:54,,SA134,상행,2025-05-01T05:00:00,,평일
신분당선,4304,신사,D4,,20250619,신분당선,4319,광교,D19,N,신분당선,,4305,논현,D5,N,20:39:59,20:40:34,,SA134,상행,2025-05-01T05:00:00,,평일
신분당선,4304,신사,D4,,20250619,신분당선,4319,광교,D19,N,신분당선,,4304,신사,D4,N,20:41:39,,,SA134,상행,2025-05-01T05:00:00,,평일
신분당선,4304,신사,D4,,20250619,신분당선,4319,광교,D19,N,신분당선,,4319,광교,D19,N,,20:06:00,,SA135,상행,2025-05-01T05:00:00,,평일
신분당선,4304,신사,D4,,20250619,신분당선,4319,광교,D19,N,신분당선,,4318,광교중앙,D18,N,20:08:56,20:09:21,,SA135,상행,2025-05-01T05:00:00,,평일
신분당선,4304,신사,D4,,20250619,신분당선,4319,광교,D19,N,신분당선,,4317,상현,D17,N,20:12:06,20:12:31,,SA135,상행,2025-05-01T05:00:00,,평일
신분당선,4304,신사,D4,,20250619,신분당선,4319,광교,D19,N,신분당선,,4316,성복,D16,N,20:15:05,20:15:35,,SA135,상행,2025-05-01T05:00:00,,평일
신분당선,4304,신사,D4,,20250619,신분당선,4319,광교,D19,N,신분당선,,4315,수지구청,D15,N,20:17:42,20:18:12,,SA135,상행,2025-05-01T05:00:00,,평일
신분당선,4304,신사,D4,,20250619,신분당선,4319,광교,D19,N,신분당선,,4314,동천,D14,N,20:20:34,20:21:04,,SA135,상행,2025-05-01T05:00:00,,평일
신분당선,4304,신사,D4,,20250619,신분당선,4319,광교,D19,N,신분당선,,4313,미금,D13,N,20:23:16,20:23:46,,SA135,상행,2025-05-01T05:00:00,,평일
신분당선,4304,신사,D4,,20250619,신분당선,4319,광교,D19,N,신분당선,,4312,정자,D12,N,20:25:46,20:26:26,,SA135,상행,2025-05-01T05:00:00,,평일
신분당선,4304,신사,D4,,20250619,신분당선,4319,광교,D19,N,신분당선,,4311,판교,D11,N,20:29:06,20:29:51,,SA135,상행,2025-05-01T05:00:00,,평일
신분당선,4304,신사,D4,,20250619,신분당선,4319,광교,D19,N,신분당선,,4310,청계산입구,D10,N,20:35:54,20:36:19,,SA135,상행,2025-05-01T05:00:00,,평일
신분당선,4304,신사,D4,,20250619,신분당선,4319,광교,D19,N,신분당선,,4309,양재시민의숲,D9,N,20:38:49,20:39:19,,SA135,상행,2025-05-01T05:00:00,,평일
신분당선,4304,신사,D4,,20250619,신분당선,4319,광교,D19,N,신분당선,,4308,양재,D8,N,20:41:03,20:41:43,,SA135,상행,2025-05-01T05:00:00,,평일
신분당선,4304,신사,D4,,20250619,신분당선,4319,광교,D19,N,신분당선,,4307,강남,D7,N,20:43:27,20:44:12,,SA135,상행,2025-05-01T05:00:00,,평일
신분당선,4304,신사,D4,,20250619,신분당선,4319,광교,D19,N,신분당선,,4306,신논현,D6,N,20:45:19,20:45:54,,SA135,상행,2025-05-01T05:00:00,,평일
신분당선,4304,신사,D4,,20250619,신분당선,4319,광교,D19,N,신분당선,,4305,논현,D5,N,20:46:59,20:47:34,,SA135,상행,2025-05-01T05:00:00,,평일
신분당선,4304,신사,D4,,20250619,신분당선,4319,광교,D19,N,신분당선,,4304,신사,D4,N,20:48:39,,,SA135,상행,2025-05-01T05:00:00,,평일
신분당선,4304,신사,D4,,20250619,신분당선,4319,광교,D19,N,신분당선,,4319,광교,D19,N,,20:13:00,,SA136,상행,2025-05-01T05:00:00,,평일
신분당선,4304,신사,D4,,20250619,신분당선,4319,광교,D19,N,신분당선,,4318,광교중앙,D18,N,20:15:56,20:16:21,,SA136,상행,2025-05-01T05:00:00,,평일
신분당선,4304,신사,D4,,20250619,신분당선,4319,광교,D19,N,신분당선,,4317,상현,D17,N,20:19:06,20:19:31,,SA136,상행,2025-05-01T05:00:00,,평일
신분당선,4304,신사,D4,,20250619,신분당선,4319,광교,D19,N,신분당선,,4316,성복,D16,N,20:22:05,20:22:35,,SA136,상행,2025-05-01T05:00:00,,평일
신분당선,4304,신사,D4,,20250619,신분당선,4319,광교,D19,N,신분당선,,4315,수지구청,D15,N,20:24:42,20:25:12,,SA136,상행,2025-05-01T05:00:00,,평일
신분당선,4304,신사,D4,,20250619,신분당선,4319,광교,D19,N,신분당선,,4314,동천,D14,N,20:27:34,20:28:04,,SA136,상행,2025-05-01T05:00:00,,평일
신분당선,4304,신사,D4,,20250619,신분당선,4319,광교,D19,N,신분당선,,4313,미금,D13,N,20:30:16,20:30:46,,SA136,상행,2025-05-01T05:00:00,,평일
신분당선,4304,신사,D4,,20250619,신분당선,4319,광교,D19,N,신분당선,,4312,정자,D12,N,20:32:46,20:33:26,,SA136,상행,2025-05-01T05:00:00,,평일
신분당선,4304,신사,D4,,20250619,신분당선,4319,광교,D19,N,신분당선,,4311,판교,D11,N,20:36:06,20:36:51,,SA136,상행,2025-05-01T05:00:00,,평일
신분당선,4304,신사,D4,,20250619,신분당선,4319,광교,D19,N,신분당선,,4310,청계산입구,D10,N,20:42:54,20:43:19,,SA136,상행,2025-05-01T05:00:00,,평일
신분당선,4304,신사,D4,,20250619,신분당선,4319,광교,D19,N,신분당선,,4309,양재시민의숲,D9,N,20:45:49,20:46:19,,SA136,상행,2025-05-01T05:00:00,,평일
신분당선,4304,신사,D4,,20250619,신분당선,4319,광교,D19,N,신분당선,,4308,양재,D8,N,20:48:03,20:48:43,,SA136,상행,2025-05-01T05:00:00,,평일
신분당선,4304,신사,D4,,20250619,신분당선,4319,광교,D19,N,신분당선,,4307,강남,D7,N,20:50:27,20:51:12,,SA136,상행,2025-05-01T05:00:00,,평일
신분당선,4304,신사,D4,,20250619,신분당선,4319,광교,D19,N,신분당선,,4306,신논현,D6,N,20:52:19,20:52:54,,SA136,상행,2025-05-01T05:00:00,,평일
신분당선,4304,신사,D4,,20250619,신분당선,4319,광교,D19,N,신분당선,,4305,논현,D5,N,20:53:59,20:54:34,,SA136,상행,2025-05-01T05:00:00,,평일
신분당선,4304,신사,D4,,20250619,신분당선,4319,광교,D19,N,신분당선,,4304,신사,D4,N,20:55:39,,,SA136,상행,2025-05-01T05:00:00,,평일
신분당선,4304,신사,D4,,20250619,신분당선,4319,광교,D19,N,신분당선,,4319,광교,D19,N,,20:20:00,,SA137,상행,2025-05-01T05:00:00,,평일
신분당선,4304,신사,D4,,20250619,신분당선,4319,광교,D19,N,신분당선,,4318,광교중앙,D18,N,20:22:56,20:23:21,,SA137,상행,2025-05-01T05:00:00,,평일
신분당선,4304,신사,D4,,20250619,신분당선,4319,광교,D19,N,신분당선,,4317,상현,D17,N,20:26:06,20:26:31,,SA137,상행,2025-05-01T05:00:00,,평일
신분당선,4304,신사,D4,,20250619,신분당선,4319,광교,D19,N,신분당선,,4316,성복,D16,N,20:29:05,20:29:35,,SA137,상행,2025-05-01T05:00:00,,평일
신분당선,4304,신사,D4,,20250619,신분당선,4319,광교,D19,N,신분당선,,4315,수지구청,D15,N,20:31:42,20:32:12,,SA137,상행,2025-05-01T05:00:00,,평일
신분당선,4304,신사,D4,,20250619,신분당선,4319,광교,D19,N,신분당선,,4314,동천,D14,N,20:34:34,20:35:04,,SA137,상행,2025-05-01T05:00:00,,평일
신분당선,4304,신사,D4,,20250619,신분당선,4319,광교,D19,N,신분당선,,4313,미금,D13,N,20:37:16,20:37:46,,SA137,상행,2025-05-01T05:00:00,,평일
신분당선,4304,신사,D4,,20250619,신분당선,4319,광교,D19,N,신분당선,,4312,정자,D12,N,20:39:46,20:40:26,,SA137,상행,2025-05-01T05:00:00,,평일
신분당선,4304,신사,D4,,20250619,신분당선,4319,광교,D19,N,신분당선,,4311,판교,D11,N,20:43:06,20:43:51,,SA137,상행,2025-05-01T05:00:00,,평일
신분당선,4304,신사,D4,,20250619,신분당선,4319,광교,D19,N,신분당선,,4310,청계산입구,D10,N,20:49:54,20:50:19,,SA137,상행,2025-05-01T05:00:00,,평일
신분당선,4304,신사,D4,,20250619,신분당선,4319,광교,D19,N,신분당선,,4309,양재시민의숲,D9,N,20:52:49,20:53:19,,SA137,상행,2025-05-01T05:00:00,,평일
신분당선,4304,신사,D4,,20250619,신분당선,4319,광교,D19,N,신분당선,,4308,양재,D8,N,20:55:03,20:55:43,,SA137,상행,2025-05-01T05:00:00,,평일
신분당선,4304,신사,D4,,20250619,신분당선,4319,광교,D19,N,신분당선,,4307,강남,D7,N,20:57:27,20:58:12,,SA137,상행,2025-05-01T05:00:00,,평일
신분당선,4304,신사,D4,,20250619,신분당선,4319,광교,D19,N,신분당선,,4306,신논현,D6,N,20:59:19,20:59:54,,SA137,상행,2025-05-01T05:00:00,,평일
신분당선,4304,신사,D4,,20250619,신분당선,4319,광교,D19,N,신분당선,,4305,논현,D5,N,21:00:59,21:01:34,,SA137,상행,2025-05-01T05:00:00,,평일
신분당선,4304,신사,D4,,20250619,신분당선,4319,광교,D19,N,신분당선,,4304,신사,D4,N,21:02:39,,,SA137,상행,2025-05-01T05:00:00,,평일
신분당선,4304,신사,D4,,20250619,신분당선,4319,광교,D19,N,신분당선,,4319,광교,D19,N,,20:27:00,,SA138,상행,2025-05-01T05:00:00,,평일
신분당선,4304,신사,D4,,20250619,신분당선,4319,광교,D19,N,신분당선,,4318,광교중앙,D18,N,20:29:56,20:30:21,,SA138,상행,2025-05-01T05:00:00,,평일
신분당선,4304,신사,D4,,20250619,신분당선,4319,광교,D19,N,신분당선,,4317,상현,D17,N,20:33:06,20:33:31,,SA138,상행,2025-05-01T05:00:00,,평일
신분당선,4304,신사,D4,,20250619,신분당선,4319,광교,D19,N,신분당선,,4316,성복,D16,N,20:36:05,20:36:35,,SA138,상행,2025-05-01T05:00:00,,평일
신분당선,4304,신사,D4,,20250619,신분당선,4319,광교,D19,N,신분당선,,4315,수지구청,D15,N,20:38:42,20:39:12,,SA138,상행,2025-05-01T05:00:00,,평일
신분당선,4304,신사,D4,,20250619,신분당선,4319,광교,D19,N,신분당선,,4314,동천,D14,N,20:41:34,20:42:04,,SA138,상행,2025-05-01T05:00:00,,평일
신분당선,4304,신사,D4,,20250619,신분당선,4319,광교,D19,N,신분당선,,4313,미금,D13,N,20:44:16,20:44:46,,SA138,상행,2025-05-01T05:00:00,,평일
신분당선,4304,신사,D4,,20250619,신분당선,4319,광교,D19,N,신분당선,,4312,정자,D12,N,20:46:46,20:47:26,,SA138,상행,2025-05-01T05:00:00,,평일
신분당선,4304,신사,D4,,20250619,신분당선,4319,광교,D19,N,신분당선,,4311,판교,D11,N,20:50:06,20:50:51,,SA138,상행,2025-05-01T05:00:00,,평일
신분당선,4304,신사,D4,,20250619,신분당선,4319,광교,D19,N,신분당선,,4310,청계산입구,D10,N,20:56:54,20:57:19,,SA138,상행,2025-05-01T05:00:00,,평일
신분당선,4304,신사,D4,,20250619,신분당선,4319,광교,D19,N,신분당선,,4309,양재시민의숲,D9,N,20:59:49,21:00:19,,SA138,상행,2025-05-01T05:00:00,,평일
신분당선,4304,신사,D4,,20250619,신분당선,4319,광교,D19,N,신분당선,,4308,양재,D8,N,21:02:03,21:02:43,,SA138,상행,2025-05-01T05:00:00,,평일
신분당선,4304,신사,D4,,20250619,신분당선,4319,광교,D19,N,신분당선,,4307,강남,D7,N,21:04:27,21:05:12,,SA138,상행,2025-05-01T05:00:00,,평일
신분당선,4304,신사,D4,,20250619,신분당선,4319,광교,D19,N,신분당선,,4306,신논현,D6,N,21:06:19,21:06:54,,SA138,상행,2025-05-01T05:00:00,,평일
신분당선,4304,신사,D4,,20250619,신분당선,4319,광교,D19,N,신분당선,,4305,논현,D5,N,21:07:59,21:08:34,,SA138,상행,2025-05-01T05:00:00,,평일
신분당선,4304,신사,D4,,20250619,신분당선,4319,광교,D19,N,신분당선,,4304,신사,D4,N,21:09:39,,,SA138,상행,2025-05-01T05:00:00,,평일
신분당선,4304,신사,D4,,20250619,신분당선,4319,광교,D19,N,신분당선,,4319,광교,D19,N,,20:34:00,,SA139,상행,2025-05-01T05:00:00,,평일
신분당선,4304,신사,D4,,20250619,신분당선,4319,광교,D19,N,신분당선,,4318,광교중앙,D18,N,20:36:56,20:37:21,,SA139,상행,2025-05-01T05:00:00,,평일
신분당선,4304,신사,D4,,20250619,신분당선,4319,광교,D19,N,신분당선,,4317,상현,D17,N,20:40:06,20:40:31,,SA139,상행,2025-05-01T05:00:00,,평일
신분당선,4304,신사,D4,,20250619,신분당선,4319,광교,D19,N,신분당선,,4316,성복,D16,N,20:43:05,20:43:35,,SA139,상행,2025-05-01T05:00:00,,평일
신분당선,4304,신사,D4,,20250619,신분당선,4319,광교,D19,N,신분당선,,4315,수지구청,D15,N,20:45:42,20:46:12,,SA139,상행,2025-05-01T05:00:00,,평일
신분당선,4304,신사,D4,,20250619,신분당선,4319,광교,D19,N,신분당선,,4314,동천,D14,N,20:48:34,20:49:04,,SA139,상행,2025-05-01T05:00:00,,평일
신분당선,4304,신사,D4,,20250619,신분당선,4319,광교,D19,N,신분당선,,4313,미금,D13,N,20:51:16,20:51:46,,SA139,상행,2025-05-01T05:00:00,,평일
신분당선,4304,신사,D4,,20250619,신분당선,4319,광교,D19,N,신분당선,,4312,정자,D12,N,20:53:46,20:54:26,,SA139,상행,2025-05-01T05:00:00,,평일
신분당선,4304,신사,D4,,20250619,신분당선,4319,광교,D19,N,신분당선,,4311,판교,D11,N,20:57:06,20:57:51,,SA139,상행,2025-05-01T05:00:00,,평일
신분당선,4304,신사,D4,,20250619,신분당선,4319,광교,D19,N,신분당선,,4310,청계산입구,D10,N,21:03:54,21:04:19,,SA139,상행,2025-05-01T05:00:00,,평일
신분당선,4304,신사,D4,,20250619,신분당선,4319,광교,D19,N,신분당선,,4309,양재시민의숲,D9,N,21:06:49,21:07:19,,SA139,상행,2025-05-01T05:00:00,,평일
신분당선,4304,신사,D4,,20250619,신분당선,4319,광교,D19,N,신분당선,,4308,양재,D8,N,21:09:03,21:09:43,,SA139,상행,2025-05-01T05:00:00,,평일
신분당선,4304,신사,D4,,20250619,신분당선,4319,광교,D19,N,신분당선,,4307,강남,D7,N,21:11:27,21:12:12,,SA139,상행,2025-05-01T05:00:00,,평일
신분당선,4304,신사,D4,,20250619,신분당선,4319,광교,D19,N,신분당선,,4306,신논현,D6,N,21:13:19,21:13:54,,SA139,상행,2025-05-01T05:00:00,,평일
신분당선,4304,신사,D4,,20250619,신분당선,4319,광교,D19,N,신분당선,,4305,논현,D5,N,21:14:59,21:15:34,,SA139,상행,2025-05-01T05:00:00,,평일
신분당선,4304,신사,D4,,20250619,신분당선,4319,광교,D19,N,신분당선,,4304,신사,D4,N,21:16:39,,,SA139,상행,2025-05-01T05:00:00,,평일
신분당선,4304,신사,D4,,20250619,신분당선,4319,광교,D19,N,신분당선,,4319,광교,D19,N,,20:41:00,,SA140,상행,2025-05-01T05:00:00,,평일
신분당선,4304,신사,D4,,20250619,신분당선,4319,광교,D19,N,신분당선,,4318,광교중앙,D18,N,20:43:56,20:44:21,,SA140,상행,2025-05-01T05:00:00,,평일
신분당선,4304,신사,D4,,20250619,신분당선,4319,광교,D19,N,신분당선,,4317,상현,D17,N,20:47:06,20:47:31,,SA140,상행,2025-05-01T05:00:00,,평일
신분당선,4304,신사,D4,,20250619,신분당선,4319,광교,D19,N,신분당선,,4316,성복,D16,N,20:50:05,20:50:35,,SA140,상행,2025-05-01T05:00:00,,평일
신분당선,4304,신사,D4,,20250619,신분당선,4319,광교,D19,N,신분당선,,4315,수지구청,D15,N,20:52:42,20:53:12,,SA140,상행,2025-05-01T05:00:00,,평일
신분당선,4304,신사,D4,,20250619,신분당선,4319,광교,D19,N,신분당선,,4314,동천,D14,N,20:55:34,20:56:04,,SA140,상행,2025-05-01T05:00:00,,평일
신분당선,4304,신사,D4,,20250619,신분당선,4319,광교,D19,N,신분당선,,4313,미금,D13,N,20:58:16,20:58:46,,SA140,상행,2025-05-01T05:00:00,,평일
신분당선,4304,신사,D4,,20250619,신분당선,4319,광교,D19,N,신분당선,,4312,정자,D12,N,21:00:46,21:01:26,,SA140,상행,2025-05-01T05:00:00,,평일
신분당선,4304,신사,D4,,20250619,신분당선,4319,광교,D19,N,신분당선,,4311,판교,D11,N,21:04:06,21:04:51,,SA140,상행,2025-05-01T05:00:00,,평일
신분당선,4304,신사,D4,,20250619,신분당선,4319,광교,D19,N,신분당선,,4310,청계산입구,D10,N,21:10:54,21:11:19,,SA140,상행,2025-05-01T05:00:00,,평일
신분당선,4304,신사,D4,,20250619,신분당선,4319,광교,D19,N,신분당선,,4309,양재시민의숲,D9,N,21:13:49,21:14:19,,SA140,상행,2025-05-01T05:00:00,,평일
신분당선,4304,신사,D4,,20250619,신분당선,4319,광교,D19,N,신분당선,,4308,양재,D8,N,21:16:03,21:16:43,,SA140,상행,2025-05-01T05:00:00,,평일
신분당선,4304,신사,D4,,20250619,신분당선,4319,광교,D19,N,신분당선,,4307,강남,D7,N,21:18:27,21:19:12,,SA140,상행,2025-05-01T05:00:00,,평일
신분당선,4304,신사,D4,,20250619,신분당선,4319,광교,D19,N,신분당선,,4306,신논현,D6,N,21:20:19,21:20:54,,SA140,상행,2025-05-01T05:00:00,,평일
신분당선,4304,신사,D4,,20250619,신분당선,4319,광교,D19,N,신분당선,,4305,논현,D5,N,21:21:59,21:22:34,,SA140,상행,2025-05-01T05:00:00,,평일
신분당선,4304,신사,D4,,20250619,신분당선,4319,광교,D19,N,신분당선,,4304,신사,D4,N,21:23:39,,,SA140,상행,2025-05-01T05:00:00,,평일
신분당선,4304,신사,D4,,20250619,신분당선,4319,광교,D19,N,신분당선,,4319,광교,D19,N,,20:48:20,,SA141,상행,2025-05-01T05:00:00,,평일
신분당선,4304,신사,D4,,20250619,신분당선,4319,광교,D19,N,신분당선,,4318,광교중앙,D18,N,20:51:16,20:51:41,,SA141,상행,2025-05-01T05:00:00,,평일
신분당선,4304,신사,D4,,20250619,신분당선,4319,광교,D19,N,신분당선,,4317,상현,D17,N,20:54:26,20:54:51,,SA141,상행,2025-05-01T05:00:00,,평일
신분당선,4304,신사,D4,,20250619,신분당선,4319,광교,D19,N,신분당선,,4316,성복,D16,N,20:57:25,20:57:55,,SA141,상행,2025-05-01T05:00:00,,평일
신분당선,4304,신사,D4,,20250619,신분당선,4319,광교,D19,N,신분당선,,4315,수지구청,D15,N,21:00:02,21:00:32,,SA141,상행,2025-05-01T05:00:00,,평일
신분당선,4304,신사,D4,,20250619,신분당선,4319,광교,D19,N,신분당선,,4314,동천,D14,N,21:02:54,21:03:24,,SA141,상행,2025-05-01T05:00:00,,평일
신분당선,4304,신사,D4,,20250619,신분당선,4319,광교,D19,N,신분당선,,4313,미금,D13,N,21:05:36,21:06:06,,SA141,상행,2025-05-01T05:00:00,,평일
신분당선,4304,신사,D4,,20250619,신분당선,4319,광교,D19,N,신분당선,,4312,정자,D12,N,21:08:06,21:08:41,,SA141,상행,2025-05-01T05:00:00,,평일
신분당선,4304,신사,D4,,20250619,신분당선,4319,광교,D19,N,신분당선,,4311,판교,D11,N,21:11:21,21:11:56,,SA141,상행,2025-05-01T05:00:00,,평일
신분당선,4304,신사,D4,,20250619,신분당선,4319,광교,D19,N,신분당선,,4310,청계산입구,D10,N,21:17:59,21:18:24,,SA141,상행,2025-05-01T05:00:00,,평일
신분당선,4304,신사,D4,,20250619,신분당선,4319,광교,D19,N,신분당선,,4309,양재시민의숲,D9,N,21:20:54,21:21:24,,SA141,상행,2025-05-01T05:00:00,,평일
신분당선,4304,신사,D4,,20250619,신분당선,4319,광교,D19,N,신분당선,,4308,양재,D8,N,21:23:08,21:23:43,,SA141,상행,2025-05-01T05:00:00,,평일
신분당선,4304,신사,D4,,20250619,신분당선,4319,광교,D19,N,신분당선,,4307,강남,D7,N,21:25:27,21:26:02,,SA141,상행,2025-05-01T05:00:00,,평일
신분당선,4304,신사,D4,,20250619,신분당선,4319,광교,D19,N,신분당선,,4306,신논현,D6,N,21:27:09,21:27:44,,SA141,상행,2025-05-01T05:00:00,,평일
신분당선,4304,신사,D4,,20250619,신분당선,4319,광교,D19,N,신분당선,,4305,논현,D5,N,21:28:49,21:29:24,,SA141,상행,2025-05-01T05:00:00,,평일
신분당선,4304,신사,D4,,20250619,신분당선,4319,광교,D19,N,신분당선,,4304,신사,D4,N,21:30:29,,,SA141,상행,2025-05-01T05:00:00,,평일
신분당선,4304,신사,D4,,20250619,신분당선,4319,광교,D19,N,신분당선,,4319,광교,D19,N,,20:55:20,,SA142,상행,2025-05-01T05:00:00,,평일
신분당선,4304,신사,D4,,20250619,신분당선,4319,광교,D19,N,신분당선,,4318,광교중앙,D18,N,20:58:16,20:58:41,,SA142,상행,2025-05-01T05:00:00,,평일
신분당선,4304,신사,D4,,20250619,신분당선,4319,광교,D19,N,신분당선,,4317,상현,D17,N,21:01:26,21:01:51,,SA142,상행,2025-05-01T05:00:00,,평일
신분당선,4304,신사,D4,,20250619,신분당선,4319,광교,D19,N,신분당선,,4316,성복,D16,N,21:04:25,21:04:55,,SA142,상행,2025-05-01T05:00:00,,평일
신분당선,4304,신사,D4,,20250619,신분당선,4319,광교,D19,N,신분당선,,4315,수지구청,D15,N,21:07:02,21:07:32,,SA142,상행,2025-05-01T05:00:00,,평일
신분당선,4304,신사,D4,,20250619,신분당선,4319,광교,D19,N,신분당선,,4314,동천,D14,N,21:09:54,21:10:24,,SA142,상행,2025-05-01T05:00:00,,평일
신분당선,4304,신사,D4,,20250619,신분당선,4319,광교,D19,N,신분당선,,4313,미금,D13,N,21:12:36,21:13:06,,SA142,상행,2025-05-01T05:00:00,,평일
신분당선,4304,신사,D4,,20250619,신분당선,4319,광교,D19,N,신분당선,,4312,정자,D12,N,21:15:06,21:15:46,,SA142,상행,2025-05-01T05:00:00,,평일
신분당선,4304,신사,D4,,20250619,신분당선,4319,광교,D19,N,신분당선,,4311,판교,D11,N,21:18:26,21:19:11,,SA142,상행,2025-05-01T05:00:00,,평일
신분당선,4304,신사,D4,,20250619,신분당선,4319,광교,D19,N,신분당선,,4310,청계산입구,D10,N,21:25:14,21:25:39,,SA142,상행,2025-05-01T05:00:00,,평일
신분당선,4304,신사,D4,,20250619,신분당선,4319,광교,D19,N,신분당선,,4309,양재시민의숲,D9,N,21:28:09,21:28:39,,SA142,상행,2025-05-01T05:00:00,,평일
신분당선,4304,신사,D4,,20250619,신분당선,4319,광교,D19,N,신분당선,,4308,양재,D8,N,21:30:23,21:31:03,,SA142,상행,2025-05-01T05:00:00,,평일
신분당선,4304,신사,D4,,20250619,신분당선,4319,광교,D19,N,신분당선,,4307,강남,D7,N,21:32:47,21:33:32,,SA142,상행,2025-05-01T05:00:00,,평일
신분당선,4304,신사,D4,,20250619,신분당선,4319,광교,D19,N,신분당선,,4306,신논현,D6,N,21:34:39,21:35:14,,SA142,상행,2025-05-01T05:00:00,,평일
신분당선,4304,신사,D4,,20250619,신분당선,4319,광교,D19,N,신분당선,,4305,논현,D5,N,21:36:19,21:36:54,,SA142,상행,2025-05-01T05:00:00,,평일
신분당선,4304,신사,D4,,20250619,신분당선,4319,광교,D19,N,신분당선,,4304,신사,D4,N,21:37:59,,,SA142,상행,2025-05-01T05:00:00,,평일
신분당선,4304,신사,D4,,20250619,신분당선,4319,광교,D19,N,신분당선,,4319,광교,D19,N,,21:01:50,,SA143,상행,2025-05-01T05:00:00,,평일
신분당선,4304,신사,D4,,20250619,신분당선,4319,광교,D19,N,신분당선,,4318,광교중앙,D18,N,21:04:46,21:05:11,,SA143,상행,2025-05-01T05:00:00,,평일
신분당선,4304,신사,D4,,20250619,신분당선,4319,광교,D19,N,신분당선,,4317,상현,D17,N,21:07:56,21:08:21,,SA143,상행,2025-05-01T05:00:00,,평일
신분당선,4304,신사,D4,,20250619,신분당선,4319,광교,D19,N,신분당선,,4316,성복,D16,N,21:10:55,21:11:25,,SA143,상행,2025-05-01T05:00:00,,평일
신분당선,4304,신사,D4,,20250619,신분당선,4319,광교,D19,N,신분당선,,4315,수지구청,D15,N,21:13:32,21:14:02,,SA143,상행,2025-05-01T05:00:00,,평일
신분당선,4304,신사,D4,,20250619,신분당선,4319,광교,D19,N,신분당선,,4314,동천,D14,N,21:16:24,21:16:54,,SA143,상행,2025-05-01T05:00:00,,평일
신분당선,4304,신사,D4,,20250619,신분당선,4319,광교,D19,N,신분당선,,4313,미금,D13,N,21:19:06,21:19:36,,SA143,상행,2025-05-01T05:00:00,,평일
신분당선,4304,신사,D4,,20250619,신분당선,4319,광교,D19,N,신분당선,,4312,정자,D12,N,21:21:36,21:22:11,,SA143,상행,2025-05-01T05:00:00,,평일
신분당선,4304,신사,D4,,20250619,신분당선,4319,광교,D19,N,신분당선,,4311,판교,D11,N,21:24:51,21:25:26,,SA143,상행,2025-05-01T05:00:00,,평일
신분당선,4304,신사,D4,,20250619,신분당선,4319,광교,D19,N,신분당선,,4310,청계산입구,D10,N,21:31:29,21:31:54,,SA143,상행,2025-05-01T05:00:00,,평일
신분당선,4304,신사,D4,,20250619,신분당선,4319,광교,D19,N,신분당선,,4309,양재시민의숲,D9,N,21:34:24,21:34:54,,SA143,상행,2025-05-01T05:00:00,,평일
신분당선,4304,신사,D4,,20250619,신분당선,4319,광교,D19,N,신분당선,,4308,양재,D8,N,21:36:38,21:37:13,,SA143,상행,2025-05-01T05:00:00,,평일
신분당선,4304,신사,D4,,20250619,신분당선,4319,광교,D19,N,신분당선,,4307,강남,D7,N,21:38:57,21:39:32,,SA143,상행,2025-05-01T05:00:00,,평일
신분당선,4304,신사,D4,,20250619,신분당선,4319,광교,D19,N,신분당선,,4306,신논현,D6,N,21:40:39,21:41:14,,SA143,상행,2025-05-01T05:00:00,,평일
신분당선,4304,신사,D4,,20250619,신분당선,4319,광교,D19,N,신분당선,,4305,논현,D5,N,21:42:19,21:42:54,,SA143,상행,2025-05-01T05:00:00,,평일
신분당선,4304,신사,D4,,20250619,신분당선,4319,광교,D19,N,신분당선,,4304,신사,D4,N,21:43:59,,,SA143,상행,2025-05-01T05:00:00,,평일
신분당선,4304,신사,D4,,20250619,신분당선,4319,광교,D19,N,신분당선,,4319,광교,D19,N,,21:07:50,,SA144,상행,2025-05-01T05:00:00,,평일
신분당선,4304,신사,D4,,20250619,신분당선,4319,광교,D19,N,신분당선,,4318,광교중앙,D18,N,21:10:46,21:11:11,,SA144,상행,2025-05-01T05:00:00,,평일
신분당선,4304,신사,D4,,20250619,신분당선,4319,광교,D19,N,신분당선,,4317,상현,D17,N,21:13:56,21:14:21,,SA144,상행,2025-05-01T05:00:00,,평일
신분당선,4304,신사,D4,,20250619,신분당선,4319,광교,D19,N,신분당선,,4316,성복,D16,N,21:16:55,21:17:25,,SA144,상행,2025-05-01T05:00:00,,평일
신분당선,4304,신사,D4,,20250619,신분당선,4319,광교,D19,N,신분당선,,4315,수지구청,D15,N,21:19:32,21:20:02,,SA144,상행,2025-05-01T05:00:00,,평일
신분당선,4304,신사,D4,,20250619,신분당선,4319,광교,D19,N,신분당선,,4314,동천,D14,N,21:22:24,21:22:54,,SA144,상행,2025-05-01T05:00:00,,평일
신분당선,4304,신사,D4,,20250619,신분당선,4319,광교,D19,N,신분당선,,4313,미금,D13,N,21:25:06,21:25:36,,SA144,상행,2025-05-01T05:00:00,,평일
신분당선,4304,신사,D4,,20250619,신분당선,4319,광교,D19,N,신분당선,,4312,정자,D12,N,21:27:36,21:28:11,,SA144,상행,2025-05-01T05:00:00,,평일
신분당선,4304,신사,D4,,20250619,신분당선,4319,광교,D19,N,신분당선,,4311,판교,D11,N,21:30:51,21:31:26,,SA144,상행,2025-05-01T05:00:00,,평일
신분당선,4304,신사,D4,,20250619,신분당선,4319,광교,D19,N,신분당선,,4310,청계산입구,D10,N,21:37:29,21:37:54,,SA144,상행,2025-05-01T05:00:00,,평일
신분당선,4304,신사,D4,,20250619,신분당선,4319,광교,D19,N,신분당선,,4309,양재시민의숲,D9,N,21:40:24,21:40:54,,SA144,상행,2025-05-01T05:00:00,,평일
신분당선,4304,신사,D4,,20250619,신분당선,4319,광교,D19,N,신분당선,,4308,양재,D8,N,21:42:38,21:43:13,,SA144,상행,2025-05-01T05:00:00,,평일
신분당선,4304,신사,D4,,20250619,신분당선,4319,광교,D19,N,신분당선,,4307,강남,D7,N,21:44:57,21:45:32,,SA144,상행,2025-05-01T05:00:00,,평일
신분당선,4304,신사,D4,,20250619,신분당선,4319,광교,D19,N,신분당선,,4306,신논현,D6,N,21:46:39,21:47:14,,SA144,상행,2025-05-01T05:00:00,,평일
신분당선,4304,신사,D4,,20250619,신분당선,4319,광교,D19,N,신분당선,,4305,논현,D5,N,21:48:19,21:48:54,,SA144,상행,2025-05-01T05:00:00,,평일
신분당선,4304,신사,D4,,20250619,신분당선,4319,광교,D19,N,신분당선,,4304,신사,D4,N,21:49:59,,,SA144,상행,2025-05-01T05:00:00,,평일
신분당선,4304,신사,D4,,20250619,신분당선,4319,광교,D19,N,신분당선,,4319,광교,D19,N,,21:14:50,,SA145,상행,2025-05-01T05:00:00,,평일
신분당선,4304,신사,D4,,20250619,신분당선,4319,광교,D19,N,신분당선,,4318,광교중앙,D18,N,21:17:46,21:18:11,,SA145,상행,2025-05-01T05:00:00,,평일
신분당선,4304,신사,D4,,20250619,신분당선,4319,광교,D19,N,신분당선,,4317,상현,D17,N,21:20:56,21:21:21,,SA145,상행,2025-05-01T05:00:00,,평일
신분당선,4304,신사,D4,,20250619,신분당선,4319,광교,D19,N,신분당선,,4316,성복,D16,N,21:23:55,21:24:25,,SA145,상행,2025-05-01T05:00:00,,평일
신분당선,4304,신사,D4,,20250619,신분당선,4319,광교,D19,N,신분당선,,4315,수지구청,D15,N,21:26:32,21:27:02,,SA145,상행,2025-05-01T05:00:00,,평일
신분당선,4304,신사,D4,,20250619,신분당선,4319,광교,D19,N,신분당선,,4314,동천,D14,N,21:29:24,21:29:54,,SA145,상행,2025-05-01T05:00:00,,평일
신분당선,4304,신사,D4,,20250619,신분당선,4319,광교,D19,N,신분당선,,4313,미금,D13,N,21:32:06,21:32:36,,SA145,상행,2025-05-01T05:00:00,,평일
신분당선,4304,신사,D4,,20250619,신분당선,4319,광교,D19,N,신분당선,,4312,정자,D12,N,21:34:36,21:35:11,,SA145,상행,2025-05-01T05:00:00,,평일
신분당선,4304,신사,D4,,20250619,신분당선,4319,광교,D19,N,신분당선,,4311,판교,D11,N,21:37:51,21:38:26,,SA145,상행,2025-05-01T05:00:00,,평일
신분당선,4304,신사,D4,,20250619,신분당선,4319,광교,D19,N,신분당선,,4310,청계산입구,D10,N,21:44:29,21:44:54,,SA145,상행,2025-05-01T05:00:00,,평일
신분당선,4304,신사,D4,,20250619,신분당선,4319,광교,D19,N,신분당선,,4309,양재시민의숲,D9,N,21:47:24,21:47:54,,SA145,상행,2025-05-01T05:00:00,,평일
신분당선,4304,신사,D4,,20250619,신분당선,4319,광교,D19,N,신분당선,,4308,양재,D8,N,21:49:38,21:50:13,,SA145,상행,2025-05-01T05:00:00,,평일
신분당선,4304,신사,D4,,20250619,신분당선,4319,광교,D19,N,신분당선,,4307,강남,D7,N,21:51:57,21:52:32,,SA145,상행,2025-05-01T05:00:00,,평일
신분당선,4304,신사,D4,,20250619,신분당선,4319,광교,D19,N,신분당선,,4306,신논현,D6,N,21:53:39,21:54:14,,SA145,상행,2025-05-01T05:00:00,,평일
신분당선,4304,신사,D4,,20250619,신분당선,4319,광교,D19,N,신분당선,,4305,논현,D5,N,21:55:19,21:55:54,,SA145,상행,2025-05-01T05:00:00,,평일
신분당선,4304,신사,D4,,20250619,신분당선,4319,광교,D19,N,신분당선,,4304,신사,D4,N,21:56:59,,,SA145,상행,2025-05-01T05:00:00,,평일
신분당선,4304,신사,D4,,20250619,신분당선,4319,광교,D19,N,신분당선,,4319,광교,D19,N,,21:21:50,,SA146,상행,2025-05-01T05:00:00,,평일
신분당선,4304,신사,D4,,20250619,신분당선,4319,광교,D19,N,신분당선,,4318,광교중앙,D18,N,21:24:46,21:25:11,,SA146,상행,2025-05-01T05:00:00,,평일
신분당선,4304,신사,D4,,20250619,신분당선,4319,광교,D19,N,신분당선,,4317,상현,D17,N,21:27:56,21:28:21,,SA146,상행,2025-05-01T05:00:00,,평일
신분당선,4304,신사,D4,,20250619,신분당선,4319,광교,D19,N,신분당선,,4316,성복,D16,N,21:30:55,21:31:25,,SA146,상행,2025-05-01T05:00:00,,평일
신분당선,4304,신사,D4,,20250619,신분당선,4319,광교,D19,N,신분당선,,4315,수지구청,D15,N,21:33:32,21:34:02,,SA146,상행,2025-05-01T05:00:00,,평일
신분당선,4304,신사,D4,,20250619,신분당선,4319,광교,D19,N,신분당선,,4314,동천,D14,N,21:36:24,21:36:54,,SA146,상행,2025-05-01T05:00:00,,평일
신분당선,4304,신사,D4,,20250619,신분당선,4319,광교,D19,N,신분당선,,4313,미금,D13,N,21:39:06,21:39:36,,SA146,상행,2025-05-01T05:00:00,,평일
신분당선,4304,신사,D4,,20250619,신분당선,4319,광교,D19,N,신분당선,,4312,정자,D12,N,21:41:36,21:42:11,,SA146,상행,2025-05-01T05:00:00,,평일
신분당선,4304,신사,D4,,20250619,신분당선,4319,광교,D19,N,신분당선,,4311,판교,D11,N,21:44:51,21:45:26,,SA146,상행,2025-05-01T05:00:00,,평일
신분당선,4304,신사,D4,,20250619,신분당선,4319,광교,D19,N,신분당선,,4310,청계산입구,D10,N,21:51:29,21:51:54,,SA146,상행,2025-05-01T05:00:00,,평일
신분당선,4304,신사,D4,,20250619,신분당선,4319,광교,D19,N,신분당선,,4309,양재시민의숲,D9,N,21:54:24,21:54:54,,SA146,상행,2025-05-01T05:00:00,,평일
신분당선,4304,신사,D4,,20250619,신분당선,4319,광교,D19,N,신분당선,,4308,양재,D8,N,21:56:38,21:57:13,,SA146,상행,2025-05-01T05:00:00,,평일
신분당선,4304,신사,D4,,20250619,신분당선,4319,광교,D19,N,신분당선,,4307,강남,D7,N,21:58:57,21:59:32,,SA146,상행,2025-05-01T05:00:00,,평일
신분당선,4304,신사,D4,,20250619,신분당선,4319,광교,D19,N,신분당선,,4306,신논현,D6,N,22:00:39,22:01:14,,SA146,상행,2025-05-01T05:00:00,,평일
신분당선,4304,신사,D4,,20250619,신분당선,4319,광교,D19,N,신분당선,,4305,논현,D5,N,22:02:19,22:02:54,,SA146,상행,2025-05-01T05:00:00,,평일
신분당선,4304,신사,D4,,20250619,신분당선,4319,광교,D19,N,신분당선,,4304,신사,D4,N,22:03:59,,,SA146,상행,2025-05-01T05:00:00,,평일
신분당선,4304,신사,D4,,20250619,신분당선,4319,광교,D19,N,신분당선,,4319,광교,D19,N,,21:28:50,,SA147,상행,2025-05-01T05:00:00,,평일
신분당선,4304,신사,D4,,20250619,신분당선,4319,광교,D19,N,신분당선,,4318,광교중앙,D18,N,21:31:46,21:32:11,,SA147,상행,2025-05-01T05:00:00,,평일
신분당선,4304,신사,D4,,20250619,신분당선,4319,광교,D19,N,신분당선,,4317,상현,D17,N,21:34:56,21:35:21,,SA147,상행,2025-05-01T05:00:00,,평일
신분당선,4304,신사,D4,,20250619,신분당선,4319,광교,D19,N,신분당선,,4316,성복,D16,N,21:37:55,21:38:25,,SA147,상행,2025-05-01T05:00:00,,평일
신분당선,4304,신사,D4,,20250619,신분당선,4319,광교,D19,N,신분당선,,4315,수지구청,D15,N,21:40:32,21:41:02,,SA147,상행,2025-05-01T05:00:00,,평일
신분당선,4304,신사,D4,,20250619,신분당선,4319,광교,D19,N,신분당선,,4314,동천,D14,N,21:43:24,21:43:54,,SA147,상행,2025-05-01T05:00:00,,평일
신분당선,4304,신사,D4,,20250619,신분당선,4319,광교,D19,N,신분당선,,4313,미금,D13,N,21:46:06,21:46:36,,SA147,상행,2025-05-01T05:00:00,,평일
신분당선,4304,신사,D4,,20250619,신분당선,4319,광교,D19,N,신분당선,,4312,정자,D12,N,21:48:36,21:49:11,,SA147,상행,2025-05-01T05:00:00,,평일
신분당선,4304,신사,D4,,20250619,신분당선,4319,광교,D19,N,신분당선,,4311,판교,D11,N,21:51:51,21:52:26,,SA147,상행,2025-05-01T05:00:00,,평일
신분당선,4304,신사,D4,,20250619,신분당선,4319,광교,D19,N,신분당선,,4310,청계산입구,D10,N,21:58:29,21:58:54,,SA147,상행,2025-05-01T05:00:00,,평일
신분당선,4304,신사,D4,,20250619,신분당선,4319,광교,D19,N,신분당선,,4309,양재시민의숲,D9,N,22:01:24,22:01:54,,SA147,상행,2025-05-01T05:00:00,,평일
신분당선,4304,신사,D4,,20250619,신분당선,4319,광교,D19,N,신분당선,,4308,양재,D8,N,22:03:38,22:04:13,,SA147,상행,2025-05-01T05:00:00,,평일
신분당선,4304,신사,D4,,20250619,신분당선,4319,광교,D19,N,신분당선,,4307,강남,D7,N,22:05:57,22:06:32,,SA147,상행,2025-05-01T05:00:00,,평일
신분당선,4304,신사,D4,,20250619,신분당선,4319,광교,D19,N,신분당선,,4306,신논현,D6,N,22:07:39,22:08:14,,SA147,상행,2025-05-01T05:00:00,,평일
신분당선,4304,신사,D4,,20250619,신분당선,4319,광교,D19,N,신분당선,,4305,논현,D5,N,22:09:19,22:09:54,,SA147,상행,2025-05-01T05:00:00,,평일
신분당선,4304,신사,D4,,20250619,신분당선,4319,광교,D19,N,신분당선,,4304,신사,D4,N,22:10:59,,,SA147,상행,2025-05-01T05:00:00,,평일
신분당선,4304,신사,D4,,20250619,신분당선,4319,광교,D19,N,신분당선,,4319,광교,D19,N,,21:35:50,,SA148,상행,2025-05-01T05:00:00,,평일
신분당선,4304,신사,D4,,20250619,신분당선,4319,광교,D19,N,신분당선,,4318,광교중앙,D18,N,21:38:46,21:39:11,,SA148,상행,2025-05-01T05:00:00,,평일
신분당선,4304,신사,D4,,20250619,신분당선,4319,광교,D19,N,신분당선,,4317,상현,D17,N,21:41:56,21:42:21,,SA148,상행,2025-05-01T05:00:00,,평일
신분당선,4304,신사,D4,,20250619,신분당선,4319,광교,D19,N,신분당선,,4316,성복,D16,N,21:44:55,21:45:25,,SA148,상행,2025-05-01T05:00:00,,평일
신분당선,4304,신사,D4,,20250619,신분당선,4319,광교,D19,N,신분당선,,4315,수지구청,D15,N,21:47:32,21:48:02,,SA148,상행,2025-05-01T05:00:00,,평일
신분당선,4304,신사,D4,,20250619,신분당선,4319,광교,D19,N,신분당선,,4314,동천,D14,N,21:50:24,21:50:54,,SA148,상행,2025-05-01T05:00:00,,평일
신분당선,4304,신사,D4,,20250619,신분당선,4319,광교,D19,N,신분당선,,4313,미금,D13,N,21:53:06,21:53:36,,SA148,상행,2025-05-01T05:00:00,,평일
신분당선,4304,신사,D4,,20250619,신분당선,4319,광교,D19,N,신분당선,,4312,정자,D12,N,21:55:36,21:56:11,,SA148,상행,2025-05-01T05:00:00,,평일
신분당선,4304,신사,D4,,20250619,신분당선,4319,광교,D19,N,신분당선,,4311,판교,D11,N,21:58:51,21:59:26,,SA148,상행,2025-05-01T05:00:00,,평일
신분당선,4304,신사,D4,,20250619,신분당선,4319,광교,D19,N,신분당선,,4310,청계산입구,D10,N,22:05:29,22:05:54,,SA148,상행,2025-05-01T05:00:00,,평일
신분당선,4304,신사,D4,,20250619,신분당선,4319,광교,D19,N,신분당선,,4309,양재시민의숲,D9,N,22:08:24,22:08:54,,SA148,상행,2025-05-01T05:00:00,,평일
신분당선,4304,신사,D4,,20250619,신분당선,4319,광교,D19,N,신분당선,,4308,양재,D8,N,22:10:38,22:11:13,,SA148,상행,2025-05-01T05:00:00,,평일
신분당선,4304,신사,D4,,20250619,신분당선,4319,광교,D19,N,신분당선,,4307,강남,D7,N,22:12:57,22:13:32,,SA148,상행,2025-05-01T05:00:00,,평일
신분당선,4304,신사,D4,,20250619,신분당선,4319,광교,D19,N,신분당선,,4306,신논현,D6,N,22:14:39,22:15:14,,SA148,상행,2025-05-01T05:00:00,,평일
신분당선,4304,신사,D4,,20250619,신분당선,4319,광교,D19,N,신분당선,,4305,논현,D5,N,22:16:19,22:16:54,,SA148,상행,2025-05-01T05:00:00,,평일
신분당선,4304,신사,D4,,20250619,신분당선,4319,광교,D19,N,신분당선,,4304,신사,D4,N,22:17:59,,,SA148,상행,2025-05-01T05:00:00,,평일
신분당선,4304,신사,D4,,20250619,신분당선,4319,광교,D19,N,신분당선,,4319,광교,D19,N,,21:42:50,,SA149,상행,2025-05-01T05:00:00,,평일
신분당선,4304,신사,D4,,20250619,신분당선,4319,광교,D19,N,신분당선,,4318,광교중앙,D18,N,21:45:46,21:46:11,,SA149,상행,2025-05-01T05:00:00,,평일
신분당선,4304,신사,D4,,20250619,신분당선,4319,광교,D19,N,신분당선,,4317,상현,D17,N,21:48:56,21:49:21,,SA149,상행,2025-05-01T05:00:00,,평일
신분당선,4304,신사,D4,,20250619,신분당선,4319,광교,D19,N,신분당선,,4316,성복,D16,N,21:51:55,21:52:25,,SA149,상행,2025-05-01T05:00:00,,평일
신분당선,4304,신사,D4,,20250619,신분당선,4319,광교,D19,N,신분당선,,4315,수지구청,D15,N,21:54:32,21:55:02,,SA149,상행,2025-05-01T05:00:00,,평일
신분당선,4304,신사,D4,,20250619,신분당선,4319,광교,D19,N,신분당선,,4314,동천,D14,N,21:57:24,21:57:54,,SA149,상행,2025-05-01T05:00:00,,평일
신분당선,4304,신사,D4,,20250619,신분당선,4319,광교,D19,N,신분당선,,4313,미금,D13,N,22:00:06,22:00:36,,SA149,상행,2025-05-01T05:00:00,,평일
신분당선,4304,신사,D4,,20250619,신분당선,4319,광교,D19,N,신분당선,,4312,정자,D12,N,22:02:36,22:03:11,,SA149,상행,2025-05-01T05:00:00,,평일
신분당선,4304,신사,D4,,20250619,신분당선,4319,광교,D19,N,신분당선,,4311,판교,D11,N,22:05:51,22:06:26,,SA149,상행,2025-05-01T05:00:00,,평일
신분당선,4304,신사,D4,,20250619,신분당선,4319,광교,D19,N,신분당선,,4310,청계산입구,D10,N,22:12:29,22:12:54,,SA149,상행,2025-05-01T05:00:00,,평일
신분당선,4304,신사,D4,,20250619,신분당선,4319,광교,D19,N,신분당선,,4309,양재시민의숲,D9,N,22:15:24,22:15:54,,SA149,상행,2025-05-01T05:00:00,,평일
신분당선,4304,신사,D4,,20250619,신분당선,4319,광교,D19,N,신분당선,,4308,양재,D8,N,22:17:38,22:18:13,,SA149,상행,2025-05-01T05:00:00,,평일
신분당선,4304,신사,D4,,20250619,신분당선,4319,광교,D19,N,신분당선,,4307,강남,D7,N,22:19:57,22:20:32,,SA149,상행,2025-05-01T05:00:00,,평일
신분당선,4304,신사,D4,,20250619,신분당선,4319,광교,D19,N,신분당선,,4306,신논현,D6,N,22:21:39,22:22:14,,SA149,상행,2025-05-01T05:00:00,,평일
신분당선,4304,신사,D4,,20250619,신분당선,4319,광교,D19,N,신분당선,,4305,논현,D5,N,22:23:19,22:23:54,,SA149,상행,2025-05-01T05:00:00,,평일
신분당선,4304,신사,D4,,20250619,신분당선,4319,광교,D19,N,신분당선,,4304,신사,D4,N,22:24:59,,,SA149,상행,2025-05-01T05:00:00,,평일
신분당선,4304,신사,D4,,20250619,신분당선,4319,광교,D19,N,신분당선,,4319,광교,D19,N,,21:49:50,,SA150,상행,2025-05-01T05:00:00,,평일
신분당선,4304,신사,D4,,20250619,신분당선,4319,광교,D19,N,신분당선,,4318,광교중앙,D18,N,21:52:46,21:53:11,,SA150,상행,2025-05-01T05:00:00,,평일
신분당선,4304,신사,D4,,20250619,신분당선,4319,광교,D19,N,신분당선,,4317,상현,D17,N,21:55:56,21:56:21,,SA150,상행,2025-05-01T05:00:00,,평일
신분당선,4304,신사,D4,,20250619,신분당선,4319,광교,D19,N,신분당선,,4316,성복,D16,N,21:58:55,21:59:25,,SA150,상행,2025-05-01T05:00:00,,평일
신분당선,4304,신사,D4,,20250619,신분당선,4319,광교,D19,N,신분당선,,4315,수지구청,D15,N,22:01:32,22:02:02,,SA150,상행,2025-05-01T05:00:00,,평일
신분당선,4304,신사,D4,,20250619,신분당선,4319,광교,D19,N,신분당선,,4314,동천,D14,N,22:04:24,22:04:54,,SA150,상행,2025-05-01T05:00:00,,평일
신분당선,4304,신사,D4,,20250619,신분당선,4319,광교,D19,N,신분당선,,4313,미금,D13,N,22:07:06,22:07:36,,SA150,상행,2025-05-01T05:00:00,,평일
신분당선,4304,신사,D4,,20250619,신분당선,4319,광교,D19,N,신분당선,,4312,정자,D12,N,22:09:36,22:10:11,,SA150,상행,2025-05-01T05:00:00,,평일
신분당선,4304,신사,D4,,20250619,신분당선,4319,광교,D19,N,신분당선,,4311,판교,D11,N,22:12:51,22:13:26,,SA150,상행,2025-05-01T05:00:00,,평일
신분당선,4304,신사,D4,,20250619,신분당선,4319,광교,D19,N,신분당선,,4310,청계산입구,D10,N,22:19:29,22:19:54,,SA150,상행,2025-05-01T05:00:00,,평일
신분당선,4304,신사,D4,,20250619,신분당선,4319,광교,D19,N,신분당선,,4309,양재시민의숲,D9,N,22:22:24,22:22:54,,SA150,상행,2025-05-01T05:00:00,,평일
신분당선,4304,신사,D4,,20250619,신분당선,4319,광교,D19,N,신분당선,,4308,양재,D8,N,22:24:38,22:25:13,,SA150,상행,2025-05-01T05:00:00,,평일
신분당선,4304,신사,D4,,20250619,신분당선,4319,광교,D19,N,신분당선,,4307,강남,D7,N,22:26:57,22:27:32,,SA150,상행,2025-05-01T05:00:00,,평일
신분당선,4304,신사,D4,,20250619,신분당선,4319,광교,D19,N,신분당선,,4306,신논현,D6,N,22:28:39,22:29:14,,SA150,상행,2025-05-01T05:00:00,,평일
신분당선,4304,신사,D4,,20250619,신분당선,4319,광교,D19,N,신분당선,,4305,논현,D5,N,22:30:19,22:30:54,,SA150,상행,2025-05-01T05:00:00,,평일
신분당선,4304,신사,D4,,20250619,신분당선,4319,광교,D19,N,신분당선,,4304,신사,D4,N,22:31:59,,,SA150,상행,2025-05-01T05:00:00,,평일
신분당선,4304,신사,D4,,20250619,신분당선,4319,광교,D19,N,신분당선,,4319,광교,D19,N,,21:56:50,,SA151,상행,2025-05-01T05:00:00,,평일
신분당선,4304,신사,D4,,20250619,신분당선,4319,광교,D19,N,신분당선,,4318,광교중앙,D18,N,21:59:46,22:00:11,,SA151,상행,2025-05-01T05:00:00,,평일
신분당선,4304,신사,D4,,20250619,신분당선,4319,광교,D19,N,신분당선,,4317,상현,D17,N,22:02:56,22:03:21,,SA151,상행,2025-05-01T05:00:00,,평일
신분당선,4304,신사,D4,,20250619,신분당선,4319,광교,D19,N,신분당선,,4316,성복,D16,N,22:05:55,22:06:25,,SA151,상행,2025-05-01T05:00:00,,평일
신분당선,4304,신사,D4,,20250619,신분당선,4319,광교,D19,N,신분당선,,4315,수지구청,D15,N,22:08:32,22:09:02,,SA151,상행,2025-05-01T05:00:00,,평일
신분당선,4304,신사,D4,,20250619,신분당선,4319,광교,D19,N,신분당선,,4314,동천,D14,N,22:11:24,22:11:54,,SA151,상행,2025-05-01T05:00:00,,평일
신분당선,4304,신사,D4,,20250619,신분당선,4319,광교,D19,N,신분당선,,4313,미금,D13,N,22:14:06,22:14:36,,SA151,상행,2025-05-01T05:00:00,,평일
신분당선,4304,신사,D4,,20250619,신분당선,4319,광교,D19,N,신분당선,,4312,정자,D12,N,22:16:36,22:17:11,,SA151,상행,2025-05-01T05:00:00,,평일
신분당선,4304,신사,D4,,20250619,신분당선,4319,광교,D19,N,신분당선,,4311,판교,D11,N,22:19:51,22:20:26,,SA151,상행,2025-05-01T05:00:00,,평일
신분당선,4304,신사,D4,,20250619,신분당선,4319,광교,D19,N,신분당선,,4310,청계산입구,D10,N,22:26:29,22:26:54,,SA151,상행,2025-05-01T05:00:00,,평일
신분당선,4304,신사,D4,,20250619,신분당선,4319,광교,D19,N,신분당선,,4309,양재시민의숲,D9,N,22:29:24,22:29:54,,SA151,상행,2025-05-01T05:00:00,,평일
신분당선,4304,신사,D4,,20250619,신분당선,4319,광교,D19,N,신분당선,,4308,양재,D8,N,22:31:38,22:32:13,,SA151,상행,2025-05-01T05:00:00,,평일
신분당선,4304,신사,D4,,20250619,신분당선,4319,광교,D19,N,신분당선,,4307,강남,D7,N,22:33:57,22:34:32,,SA151,상행,2025-05-01T05:00:00,,평일
신분당선,4304,신사,D4,,20250619,신분당선,4319,광교,D19,N,신분당선,,4306,신논현,D6,N,22:35:39,22:36:14,,SA151,상행,2025-05-01T05:00:00,,평일
신분당선,4304,신사,D4,,20250619,신분당선,4319,광교,D19,N,신분당선,,4305,논현,D5,N,22:37:19,22:37:54,,SA151,상행,2025-05-01T05:00:00,,평일
신분당선,4304,신사,D4,,20250619,신분당선,4319,광교,D19,N,신분당선,,4304,신사,D4,N,22:38:59,,,SA151,상행,2025-05-01T05:00:00,,평일
신분당선,4304,신사,D4,,20250619,신분당선,4319,광교,D19,N,신분당선,,4319,광교,D19,N,,22:03:50,,SA152,상행,2025-05-01T05:00:00,,평일
신분당선,4304,신사,D4,,20250619,신분당선,4319,광교,D19,N,신분당선,,4318,광교중앙,D18,N,22:06:46,22:07:11,,SA152,상행,2025-05-01T05:00:00,,평일
신분당선,4304,신사,D4,,20250619,신분당선,4319,광교,D19,N,신분당선,,4317,상현,D17,N,22:09:56,22:10:21,,SA152,상행,2025-05-01T05:00:00,,평일
신분당선,4304,신사,D4,,20250619,신분당선,4319,광교,D19,N,신분당선,,4316,성복,D16,N,22:12:55,22:13:25,,SA152,상행,2025-05-01T05:00:00,,평일
신분당선,4304,신사,D4,,20250619,신분당선,4319,광교,D19,N,신분당선,,4315,수지구청,D15,N,22:15:32,22:16:02,,SA152,상행,2025-05-01T05:00:00,,평일
신분당선,4304,신사,D4,,20250619,신분당선,4319,광교,D19,N,신분당선,,4314,동천,D14,N,22:18:24,22:18:54,,SA152,상행,2025-05-01T05:00:00,,평일
신분당선,4304,신사,D4,,20250619,신분당선,4319,광교,D19,N,신분당선,,4313,미금,D13,N,22:21:06,22:21:36,,SA152,상행,2025-05-01T05:00:00,,평일
신분당선,4304,신사,D4,,20250619,신분당선,4319,광교,D19,N,신분당선,,4312,정자,D12,N,22:23:36,22:24:11,,SA152,상행,2025-05-01T05:00:00,,평일
신분당선,4304,신사,D4,,20250619,신분당선,4319,광교,D19,N,신분당선,,4311,판교,D11,N,22:26:51,22:27:26,,SA152,상행,2025-05-01T05:00:00,,평일
신분당선,4304,신사,D4,,20250619,신분당선,4319,광교,D19,N,신분당선,,4310,청계산입구,D10,N,22:33:29,22:33:54,,SA152,상행,2025-05-01T05:00:00,,평일
신분당선,4304,신사,D4,,20250619,신분당선,4319,광교,D19,N,신분당선,,4309,양재시민의숲,D9,N,22:36:24,22:36:54,,SA152,상행,2025-05-01T05:00:00,,평일
신분당선,4304,신사,D4,,20250619,신분당선,4319,광교,D19,N,신분당선,,4308,양재,D8,N,22:38:38,22:39:13,,SA152,상행,2025-05-01T05:00:00,,평일
신분당선,4304,신사,D4,,20250619,신분당선,4319,광교,D19,N,신분당선,,4307,강남,D7,N,22:40:57,22:41:32,,SA152,상행,2025-05-01T05:00:00,,평일
신분당선,4304,신사,D4,,20250619,신분당선,4319,광교,D19,N,신분당선,,4306,신논현,D6,N,22:42:39,22:43:14,,SA152,상행,2025-05-01T05:00:00,,평일
신분당선,4304,신사,D4,,20250619,신분당선,4319,광교,D19,N,신분당선,,4305,논현,D5,N,22:44:19,22:44:54,,SA152,상행,2025-05-01T05:00:00,,평일
신분당선,4304,신사,D4,,20250619,신분당선,4319,광교,D19,N,신분당선,,4304,신사,D4,N,22:45:59,,,SA152,상행,2025-05-01T05:00:00,,평일
신분당선,4304,신사,D4,,20250619,신분당선,4319,광교,D19,N,신분당선,,4319,광교,D19,N,,22:12:50,,SA153,상행,2025-05-01T05:00:00,,평일
신분당선,4304,신사,D4,,20250619,신분당선,4319,광교,D19,N,신분당선,,4318,광교중앙,D18,N,22:15:46,22:16:11,,SA153,상행,2025-05-01T05:00:00,,평일
신분당선,4304,신사,D4,,20250619,신분당선,4319,광교,D19,N,신분당선,,4317,상현,D17,N,22:18:56,22:19:21,,SA153,상행,2025-05-01T05:00:00,,평일
신분당선,4304,신사,D4,,20250619,신분당선,4319,광교,D19,N,신분당선,,4316,성복,D16,N,22:21:55,22:22:25,,SA153,상행,2025-05-01T05:00:00,,평일
신분당선,4304,신사,D4,,20250619,신분당선,4319,광교,D19,N,신분당선,,4315,수지구청,D15,N,22:24:32,22:25:02,,SA153,상행,2025-05-01T05:00:00,,평일
신분당선,4304,신사,D4,,20250619,신분당선,4319,광교,D19,N,신분당선,,4314,동천,D14,N,22:27:24,22:27:54,,SA153,상행,2025-05-01T05:00:00,,평일
신분당선,4304,신사,D4,,20250619,신분당선,4319,광교,D19,N,신분당선,,4313,미금,D13,N,22:30:06,22:30:36,,SA153,상행,2025-05-01T05:00:00,,평일
신분당선,4304,신사,D4,,20250619,신분당선,4319,광교,D19,N,신분당선,,4312,정자,D12,N,22:32:36,22:33:11,,SA153,상행,2025-05-01T05:00:00,,평일
신분당선,4304,신사,D4,,20250619,신분당선,4319,광교,D19,N,신분당선,,4311,판교,D11,N,22:35:51,22:36:26,,SA153,상행,2025-05-01T05:00:00,,평일
신분당선,4304,신사,D4,,20250619,신분당선,4319,광교,D19,N,신분당선,,4310,청계산입구,D10,N,22:42:29,22:42:54,,SA153,상행,2025-05-01T05:00:00,,평일
신분당선,4304,신사,D4,,20250619,신분당선,4319,광교,D19,N,신분당선,,4309,양재시민의숲,D9,N,22:45:24,22:45:54,,SA153,상행,2025-05-01T05:00:00,,평일
신분당선,4304,신사,D4,,20250619,신분당선,4319,광교,D19,N,신분당선,,4308,양재,D8,N,22:47:38,22:48:13,,SA153,상행,2025-05-01T05:00:00,,평일
신분당선,4304,신사,D4,,20250619,신분당선,4319,광교,D19,N,신분당선,,4307,강남,D7,N,22:49:57,22:50:32,,SA153,상행,2025-05-01T05:00:00,,평일
신분당선,4304,신사,D4,,20250619,신분당선,4319,광교,D19,N,신분당선,,4306,신논현,D6,N,22:51:39,22:52:14,,SA153,상행,2025-05-01T05:00:00,,평일
신분당선,4304,신사,D4,,20250619,신분당선,4319,광교,D19,N,신분당선,,4305,논현,D5,N,22:53:19,22:53:54,,SA153,상행,2025-05-01T05:00:00,,평일
신분당선,4304,신사,D4,,20250619,신분당선,4319,광교,D19,N,신분당선,,4304,신사,D4,N,22:54:59,,,SA153,상행,2025-05-01T05:00:00,,평일
신분당선,4304,신사,D4,,20250619,신분당선,4319,광교,D19,N,신분당선,,4319,광교,D19,N,,22:21:50,,SA154,상행,2025-05-01T05:00:00,,평일
신분당선,4304,신사,D4,,20250619,신분당선,4319,광교,D19,N,신분당선,,4318,광교중앙,D18,N,22:24:46,22:25:16,,SA154,상행,2025-05-01T05:00:00,,평일
신분당선,4304,신사,D4,,20250619,신분당선,4319,광교,D19,N,신분당선,,4317,상현,D17,N,22:28:01,22:28:31,,SA154,상행,2025-05-01T05:00:00,,평일
신분당선,4304,신사,D4,,20250619,신분당선,4319,광교,D19,N,신분당선,,4316,성복,D16,N,22:31:05,22:31:35,,SA154,상행,2025-05-01T05:00:00,,평일
신분당선,4304,신사,D4,,20250619,신분당선,4319,광교,D19,N,신분당선,,4315,수지구청,D15,N,22:33:42,22:34:12,,SA154,상행,2025-05-01T05:00:00,,평일
신분당선,4304,신사,D4,,20250619,신분당선,4319,광교,D19,N,신분당선,,4314,동천,D14,N,22:36:34,22:37:04,,SA154,상행,2025-05-01T05:00:00,,평일
신분당선,4304,신사,D4,,20250619,신분당선,4319,광교,D19,N,신분당선,,4313,미금,D13,N,22:39:16,22:39:46,,SA154,상행,2025-05-01T05:00:00,,평일
신분당선,4304,신사,D4,,20250619,신분당선,4319,광교,D19,N,신분당선,,4312,정자,D12,N,22:41:46,22:42:21,,SA154,상행,2025-05-01T05:00:00,,평일
신분당선,4304,신사,D4,,20250619,신분당선,4319,광교,D19,N,신분당선,,4311,판교,D11,N,22:45:01,22:45:31,,SA154,상행,2025-05-01T05:00:00,,평일
신분당선,4304,신사,D4,,20250619,신분당선,4319,광교,D19,N,신분당선,,4310,청계산입구,D10,N,22:51:34,22:52:04,,SA154,상행,2025-05-01T05:00:00,,평일
신분당선,4304,신사,D4,,20250619,신분당선,4319,광교,D19,N,신분당선,,4309,양재시민의숲,D9,N,22:54:34,22:55:04,,SA154,상행,2025-05-01T05:00:00,,평일
신분당선,4304,신사,D4,,20250619,신분당선,4319,광교,D19,N,신분당선,,4308,양재,D8,N,22:56:48,22:57:18,,SA154,상행,2025-05-01T05:00:00,,평일
신분당선,4304,신사,D4,,20250619,신분당선,4319,광교,D19,N,신분당선,,4307,강남,D7,N,22:59:02,22:59:37,,SA154,상행,2025-05-01T05:00:00,,평일
신분당선,4304,신사,D4,,20250619,신분당선,4319,광교,D19,N,신분당선,,4306,신논현,D6,N,23:00:44,23:01:14,,SA154,상행,2025-05-01T05:00:00,,평일
신분당선,4304,신사,D4,,20250619,신분당선,4319,광교,D19,N,신분당선,,4305,논현,D5,N,23:02:19,23:02:49,,SA154,상행,2025-05-01T05:00:00,,평일
신분당선,4304,신사,D4,,20250619,신분당선,4319,광교,D19,N,신분당선,,4304,신사,D4,N,23:03:54,,,SA154,상행,2025-05-01T05:00:00,,평일
신분당선,4304,신사,D4,,20250619,신분당선,4319,광교,D19,N,신분당선,,4319,광교,D19,N,,22:30:50,,SA155,상행,2025-05-01T05:00:00,,평일
신분당선,4304,신사,D4,,20250619,신분당선,4319,광교,D19,N,신분당선,,4318,광교중앙,D18,N,22:33:46,22:34:11,,SA155,상행,2025-05-01T05:00:00,,평일
신분당선,4304,신사,D4,,20250619,신분당선,4319,광교,D19,N,신분당선,,4317,상현,D17,N,22:36:56,22:37:21,,SA155,상행,2025-05-01T05:00:00,,평일
신분당선,4304,신사,D4,,20250619,신분당선,4319,광교,D19,N,신분당선,,4316,성복,D16,N,22:39:55,22:40:25,,SA155,상행,2025-05-01T05:00:00,,평일
신분당선,4304,신사,D4,,20250619,신분당선,4319,광교,D19,N,신분당선,,4315,수지구청,D15,N,22:42:32,22:43:02,,SA155,상행,2025-05-01T05:00:00,,평일
신분당선,4304,신사,D4,,20250619,신분당선,4319,광교,D19,N,신분당선,,4314,동천,D14,N,22:45:24,22:45:54,,SA155,상행,2025-05-01T05:00:00,,평일
신분당선,4304,신사,D4,,20250619,신분당선,4319,광교,D19,N,신분당선,,4313,미금,D13,N,22:48:06,22:48:36,,SA155,상행,2025-05-01T05:00:00,,평일
신분당선,4304,신사,D4,,20250619,신분당선,4319,광교,D19,N,신분당선,,4312,정자,D12,N,22:50:36,22:51:11,,SA155,상행,2025-05-01T05:00:00,,평일
신분당선,4304,신사,D4,,20250619,신분당선,4319,광교,D19,N,신분당선,,4311,판교,D11,N,22:53:51,22:54:26,,SA155,상행,2025-05-01T05:00:00,,평일
신분당선,4304,신사,D4,,20250619,신분당선,4319,광교,D19,N,신분당선,,4310,청계산입구,D10,N,23:00:29,23:00:54,,SA155,상행,2025-05-01T05:00:00,,평일
신분당선,4304,신사,D4,,20250619,신분당선,4319,광교,D19,N,신분당선,,4309,양재시민의숲,D9,N,23:03:24,23:03:54,,SA155,상행,2025-05-01T05:00:00,,평일
신분당선,4304,신사,D4,,20250619,신분당선,4319,광교,D19,N,신분당선,,4308,양재,D8,N,23:05:38,23:06:13,,SA155,상행,2025-05-01T05:00:00,,평일
신분당선,4304,신사,D4,,20250619,신분당선,4319,광교,D19,N,신분당선,,4307,강남,D7,N,23:07:57,23:08:32,,SA155,상행,2025-05-01T05:00:00,,평일
신분당선,4304,신사,D4,,20250619,신분당선,4319,광교,D19,N,신분당선,,4306,신논현,D6,N,23:09:39,23:10:14,,SA155,상행,2025-05-01T05:00:00,,평일
신분당선,4304,신사,D4,,20250619,신분당선,4319,광교,D19,N,신분당선,,4305,논현,D5,N,23:11:19,23:11:54,,SA155,상행,2025-05-01T05:00:00,,평일
신분당선,4304,신사,D4,,20250619,신분당선,4319,광교,D19,N,신분당선,,4304,신사,D4,N,23:12:59,,,SA155,상행,2025-05-01T05:00:00,,평일
신분당선,4304,신사,D4,,20250619,신분당선,4319,광교,D19,N,신분당선,,4319,광교,D19,N,,22:40:50,,SA156,상행,2025-05-01T05:00:00,,평일
신분당선,4304,신사,D4,,20250619,신분당선,4319,광교,D19,N,신분당선,,4318,광교중앙,D18,N,22:43:46,22:44:16,,SA156,상행,2025-05-01T05:00:00,,평일
신분당선,4304,신사,D4,,20250619,신분당선,4319,광교,D19,N,신분당선,,4317,상현,D17,N,22:47:01,22:47:31,,SA156,상행,2025-05-01T05:00:00,,평일
신분당선,4304,신사,D4,,20250619,신분당선,4319,광교,D19,N,신분당선,,4316,성복,D16,N,22:50:05,22:50:35,,SA156,상행,2025-05-01T05:00:00,,평일
신분당선,4304,신사,D4,,20250619,신분당선,4319,광교,D19,N,신분당선,,4315,수지구청,D15,N,22:52:42,22:53:12,,SA156,상행,2025-05-01T05:00:00,,평일
신분당선,4304,신사,D4,,20250619,신분당선,4319,광교,D19,N,신분당선,,4314,동천,D14,N,22:55:34,22:56:04,,SA156,상행,2025-05-01T05:00:00,,평일
신분당선,4304,신사,D4,,20250619,신분당선,4319,광교,D19,N,신분당선,,4313,미금,D13,N,22:58:16,22:58:46,,SA156,상행,2025-05-01T05:00:00,,평일
신분당선,4304,신사,D4,,20250619,신분당선,4319,광교,D19,N,신분당선,,4312,정자,D12,N,23:00:46,23:01:21,,SA156,상행,2025-05-01T05:00:00,,평일
신분당선,4304,신사,D4,,20250619,신분당선,4319,광교,D19,N,신분당선,,4311,판교,D11,N,23:04:01,23:04:31,,SA156,상행,2025-05-01T05:00:00,,평일
신분당선,4304,신사,D4,,20250619,신분당선,4319,광교,D19,N,신분당선,,4310,청계산입구,D10,N,23:10:34,23:11:04,,SA156,상행,2025-05-01T05:00:00,,평일
신분당선,4304,신사,D4,,20250619,신분당선,4319,광교,D19,N,신분당선,,4309,양재시민의숲,D9,N,23:13:34,23:14:04,,SA156,상행,2025-05-01T05:00:00,,평일
신분당선,4304,신사,D4,,20250619,신분당선,4319,광교,D19,N,신분당선,,4308,양재,D8,N,23:15:48,23:16:18,,SA156,상행,2025-05-01T05:00:00,,평일
신분당선,4304,신사,D4,,20250619,신분당선,4319,광교,D19,N,신분당선,,4307,강남,D7,N,23:18:02,23:18:37,,SA156,상행,2025-05-01T05:00:00,,평일
신분당선,4304,신사,D4,,20250619,신분당선,4319,광교,D19,N,신분당선,,4306,신논현,D6,N,23:19:44,23:20:14,,SA156,상행,2025-05-01T05:00:00,,평일
신분당선,4304,신사,D4,,20250619,신분당선,4319,광교,D19,N,신분당선,,4305,논현,D5,N,23:21:19,23:21:49,,SA156,상행,2025-05-01T05:00:00,,평일
신분당선,4304,신사,D4,,20250619,신분당선,4319,광교,D19,N,신분당선,,4304,신사,D4,N,23:22:54,,,SA156,상행,2025-05-01T05:00:00,,평일
신분당선,4304,신사,D4,,20250619,신분당선,4319,광교,D19,N,신분당선,,4319,광교,D19,N,,22:50:50,,SA157,상행,2025-05-01T05:00:00,,평일
신분당선,4304,신사,D4,,20250619,신분당선,4319,광교,D19,N,신분당선,,4318,광교중앙,D18,N,22:53:46,22:54:16,,SA157,상행,2025-05-01T05:00:00,,평일
신분당선,4304,신사,D4,,20250619,신분당선,4319,광교,D19,N,신분당선,,4317,상현,D17,N,22:57:01,22:57:31,,SA157,상행,2025-05-01T05:00:00,,평일
신분당선,4304,신사,D4,,20250619,신분당선,4319,광교,D19,N,신분당선,,4316,성복,D16,N,23:00:05,23:00:35,,SA157,상행,2025-05-01T05:00:00,,평일
신분당선,4304,신사,D4,,20250619,신분당선,4319,광교,D19,N,신분당선,,4315,수지구청,D15,N,23:02:42,23:03:12,,SA157,상행,2025-05-01T05:00:00,,평일
신분당선,4304,신사,D4,,20250619,신분당선,4319,광교,D19,N,신분당선,,4314,동천,D14,N,23:05:34,23:06:04,,SA157,상행,2025-05-01T05:00:00,,평일
신분당선,4304,신사,D4,,20250619,신분당선,4319,광교,D19,N,신분당선,,4313,미금,D13,N,23:08:16,23:08:46,,SA157,상행,2025-05-01T05:00:00,,평일
신분당선,4304,신사,D4,,20250619,신분당선,4319,광교,D19,N,신분당선,,4312,정자,D12,N,23:10:46,23:11:21,,SA157,상행,2025-05-01T05:00:00,,평일
신분당선,4304,신사,D4,,20250619,신분당선,4319,광교,D19,N,신분당선,,4311,판교,D11,N,23:14:01,23:14:31,,SA157,상행,2025-05-01T05:00:00,,평일
신분당선,4304,신사,D4,,20250619,신분당선,4319,광교,D19,N,신분당선,,4310,청계산입구,D10,N,23:20:34,23:21:04,,SA157,상행,2025-05-01T05:00:00,,평일
신분당선,4304,신사,D4,,20250619,신분당선,4319,광교,D19,N,신분당선,,4309,양재시민의숲,D9,N,23:23:34,23:24:04,,SA157,상행,2025-05-01T05:00:00,,평일
신분당선,4304,신사,D4,,20250619,신분당선,4319,광교,D19,N,신분당선,,4308,양재,D8,N,23:25:48,23:26:18,,SA157,상행,2025-05-01T05:00:00,,평일
신분당선,4304,신사,D4,,20250619,신분당선,4319,광교,D19,N,신분당선,,4307,강남,D7,N,23:28:02,23:28:37,,SA157,상행,2025-05-01T05:00:00,,평일
신분당선,4304,신사,D4,,20250619,신분당선,4319,광교,D19,N,신분당선,,4306,신논현,D6,N,23:29:44,23:30:14,,SA157,상행,2025-05-01T05:00:00,,평일
신분당선,4304,신사,D4,,20250619,신분당선,4319,광교,D19,N,신분당선,,4305,논현,D5,N,23:31:19,23:31:49,,SA157,상행,2025-05-01T05:00:00,,평일
신분당선,4304,신사,D4,,20250619,신분당선,4319,광교,D19,N,신분당선,,4304,신사,D4,N,23:32:54,,,SA157,상행,2025-05-01T05:00:00,,평일
신분당선,4304,신사,D4,,20250619,신분당선,4319,광교,D19,N,신분당선,,4319,광교,D19,N,,23:00:50,,SA158,상행,2025-05-01T05:00:00,,평일
신분당선,4304,신사,D4,,20250619,신분당선,4319,광교,D19,N,신분당선,,4318,광교중앙,D18,N,23:03:46,23:04:16,,SA158,상행,2025-05-01T05:00:00,,평일
신분당선,4304,신사,D4,,20250619,신분당선,4319,광교,D19,N,신분당선,,4317,상현,D17,N,23:07:01,23:07:31,,SA158,상행,2025-05-01T05:00:00,,평일
신분당선,4304,신사,D4,,20250619,신분당선,4319,광교,D19,N,신분당선,,4316,성복,D16,N,23:10:05,23:10:35,,SA158,상행,2025-05-01T05:00:00,,평일
신분당선,4304,신사,D4,,20250619,신분당선,4319,광교,D19,N,신분당선,,4315,수지구청,D15,N,23:12:42,23:13:12,,SA158,상행,2025-05-01T05:00:00,,평일
신분당선,4304,신사,D4,,20250619,신분당선,4319,광교,D19,N,신분당선,,4314,동천,D14,N,23:15:34,23:16:04,,SA158,상행,2025-05-01T05:00:00,,평일
신분당선,4304,신사,D4,,20250619,신분당선,4319,광교,D19,N,신분당선,,4313,미금,D13,N,23:18:16,23:18:46,,SA158,상행,2025-05-01T05:00:00,,평일
신분당선,4304,신사,D4,,20250619,신분당선,4319,광교,D19,N,신분당선,,4312,정자,D12,N,23:20:46,23:21:21,,SA158,상행,2025-05-01T05:00:00,,평일
신분당선,4304,신사,D4,,20250619,신분당선,4319,광교,D19,N,신분당선,,4311,판교,D11,N,23:24:01,23:24:31,,SA158,상행,2025-05-01T05:00:00,,평일
신분당선,4304,신사,D4,,20250619,신분당선,4319,광교,D19,N,신분당선,,4310,청계산입구,D10,N,23:30:34,23:31:04,,SA158,상행,2025-05-01T05:00:00,,평일
신분당선,4304,신사,D4,,20250619,신분당선,4319,광교,D19,N,신분당선,,4309,양재시민의숲,D9,N,23:33:34,23:34:04,,SA158,상행,2025-05-01T05:00:00,,평일
신분당선,4304,신사,D4,,20250619,신분당선,4319,광교,D19,N,신분당선,,4308,양재,D8,N,23:35:48,23:36:18,,SA158,상행,2025-05-01T05:00:00,,평일
신분당선,4304,신사,D4,,20250619,신분당선,4319,광교,D19,N,신분당선,,4307,강남,D7,N,23:38:02,23:38:37,,SA158,상행,2025-05-01T05:00:00,,평일
신분당선,4304,신사,D4,,20250619,신분당선,4319,광교,D19,N,신분당선,,4306,신논현,D6,N,23:39:44,23:40:14,,SA158,상행,2025-05-01T05:00:00,,평일
신분당선,4304,신사,D4,,20250619,신분당선,4319,광교,D19,N,신분당선,,4305,논현,D5,N,23:41:19,23:41:49,,SA158,상행,2025-05-01T05:00:00,,평일
신분당선,4304,신사,D4,,20250619,신분당선,4319,광교,D19,N,신분당선,,4304,신사,D4,N,23:42:54,,,SA158,상행,2025-05-01T05:00:00,,평일
신분당선,4304,신사,D4,,20250619,신분당선,4319,광교,D19,N,신분당선,,4319,광교,D19,N,,23:10:50,,SA159,상행,2025-05-01T05:00:00,,평일
신분당선,4304,신사,D4,,20250619,신분당선,4319,광교,D19,N,신분당선,,4318,광교중앙,D18,N,23:13:46,23:14:16,,SA159,상행,2025-05-01T05:00:00,,평일
신분당선,4304,신사,D4,,20250619,신분당선,4319,광교,D19,N,신분당선,,4317,상현,D17,N,23:17:01,23:17:31,,SA159,상행,2025-05-01T05:00:00,,평일
신분당선,4304,신사,D4,,20250619,신분당선,4319,광교,D19,N,신분당선,,4316,성복,D16,N,23:20:05,23:20:35,,SA159,상행,2025-05-01T05:00:00,,평일
신분당선,4304,신사,D4,,20250619,신분당선,4319,광교,D19,N,신분당선,,4315,수지구청,D15,N,23:22:42,23:23:12,,SA159,상행,2025-05-01T05:00:00,,평일
신분당선,4304,신사,D4,,20250619,신분당선,4319,광교,D19,N,신분당선,,4314,동천,D14,N,23:25:34,23:26:04,,SA159,상행,2025-05-01T05:00:00,,평일
신분당선,4304,신사,D4,,20250619,신분당선,4319,광교,D19,N,신분당선,,4313,미금,D13,N,23:28:16,23:28:46,,SA159,상행,2025-05-01T05:00:00,,평일
신분당선,4304,신사,D4,,20250619,신분당선,4319,광교,D19,N,신분당선,,4312,정자,D12,N,23:30:46,23:31:21,,SA159,상행,2025-05-01T05:00:00,,평일
신분당선,4304,신사,D4,,20250619,신분당선,4319,광교,D19,N,신분당선,,4311,판교,D11,N,23:34:01,23:34:31,,SA159,상행,2025-05-01T05:00:00,,평일
신분당선,4304,신사,D4,,20250619,신분당선,4319,광교,D19,N,신분당선,,4310,청계산입구,D10,N,23:40:34,23:41:04,,SA159,상행,2025-05-01T05:00:00,,평일
신분당선,4304,신사,D4,,20250619,신분당선,4319,광교,D19,N,신분당선,,4309,양재시민의숲,D9,N,23:43:34,23:44:04,,SA159,상행,2025-05-01T05:00:00,,평일
신분당선,4304,신사,D4,,20250619,신분당선,4319,광교,D19,N,신분당선,,4308,양재,D8,N,23:45:48,23:46:18,,SA159,상행,2025-05-01T05:00:00,,평일
신분당선,4304,신사,D4,,20250619,신분당선,4319,광교,D19,N,신분당선,,4307,강남,D7,N,23:48:02,23:48:37,,SA159,상행,2025-05-01T05:00:00,,평일
신분당선,4304,신사,D4,,20250619,신분당선,4319,광교,D19,N,신분당선,,4306,신논현,D6,N,23:49:44,23:50:14,,SA159,상행,2025-05-01T05:00:00,,평일
신분당선,4304,신사,D4,,20250619,신분당선,4319,광교,D19,N,신분당선,,4305,논현,D5,N,23:51:19,23:51:49,,SA159,상행,2025-05-01T05:00:00,,평일
신분당선,4304,신사,D4,,20250619,신분당선,4319,광교,D19,N,신분당선,,4304,신사,D4,N,23:52:54,,,SA159,상행,2025-05-01T05:00:00,,평일
신분당선,4304,신사,D4,,20250619,신분당선,4319,광교,D19,N,신분당선,,4319,광교,D19,N,,23:20:50,,SA160,상행,2025-05-01T05:00:00,,평일
신분당선,4304,신사,D4,,20250619,신분당선,4319,광교,D19,N,신분당선,,4318,광교중앙,D18,N,23:23:46,23:24:16,,SA160,상행,2025-05-01T05:00:00,,평일
신분당선,4304,신사,D4,,20250619,신분당선,4319,광교,D19,N,신분당선,,4317,상현,D17,N,23:27:01,23:27:31,,SA160,상행,2025-05-01T05:00:00,,평일
신분당선,4304,신사,D4,,20250619,신분당선,4319,광교,D19,N,신분당선,,4316,성복,D16,N,23:30:05,23:30:35,,SA160,상행,2025-05-01T05:00:00,,평일
신분당선,4304,신사,D4,,20250619,신분당선,4319,광교,D19,N,신분당선,,4315,수지구청,D15,N,23:32:42,23:33:12,,SA160,상행,2025-05-01T05:00:00,,평일
신분당선,4304,신사,D4,,20250619,신분당선,4319,광교,D19,N,신분당선,,4314,동천,D14,N,23:35:34,23:36:04,,SA160,상행,2025-05-01T05:00:00,,평일
신분당선,4304,신사,D4,,20250619,신분당선,4319,광교,D19,N,신분당선,,4313,미금,D13,N,23:38:16,23:38:46,,SA160,상행,2025-05-01T05:00:00,,평일
신분당선,4304,신사,D4,,20250619,신분당선,4319,광교,D19,N,신분당선,,4312,정자,D12,N,23:40:46,23:41:21,,SA160,상행,2025-05-01T05:00:00,,평일
신분당선,4304,신사,D4,,20250619,신분당선,4319,광교,D19,N,신분당선,,4311,판교,D11,N,23:44:01,23:44:31,,SA160,상행,2025-05-01T05:00:00,,평일
신분당선,4304,신사,D4,,20250619,신분당선,4319,광교,D19,N,신분당선,,4310,청계산입구,D10,N,23:50:34,23:51:04,,SA160,상행,2025-05-01T05:00:00,,평일
신분당선,4304,신사,D4,,20250619,신분당선,4319,광교,D19,N,신분당선,,4309,양재시민의숲,D9,N,23:53:34,23:54:04,,SA160,상행,2025-05-01T05:00:00,,평일
신분당선,4304,신사,D4,,20250619,신분당선,4319,광교,D19,N,신분당선,,4308,양재,D8,N,23:55:48,23:56:18,,SA160,상행,2025-05-01T05:00:00,,평일
신분당선,4304,신사,D4,,20250619,신분당선,4319,광교,D19,N,신분당선,,4307,강남,D7,N,23:58:02,23:58:37,,SA160,상행,2025-05-01T05:00:00,,평일
신분당선,4304,신사,D4,,20250619,신분당선,4319,광교,D19,N,신분당선,,4306,신논현,D6,N,23:59:44,00:00:14,,SA160,상행,2025-05-01T05:00:00,,평일
신분당선,4304,신사,D4,,20250619,신분당선,4319,광교,D19,N,신분당선,,4305,논현,D5,N,24:01:19,24:01:49,,SA160,상행,2025-05-01T05:00:00,,평일
신분당선,4304,신사,D4,,20250619,신분당선,4319,광교,D19,N,신분당선,,4304,신사,D4,N,24:02:54,,,SA160,상행,2025-05-01T05:00:00,,평일
신분당선,4304,신사,D4,,20250619,신분당선,4319,광교,D19,N,신분당선,,4319,광교,D19,N,,23:31:50,,SA161,상행,2025-05-01T05:00:00,,평일
신분당선,4304,신사,D4,,20250619,신분당선,4319,광교,D19,N,신분당선,,4318,광교중앙,D18,N,23:34:46,23:35:16,,SA161,상행,2025-05-01T05:00:00,,평일
신분당선,4304,신사,D4,,20250619,신분당선,4319,광교,D19,N,신분당선,,4317,상현,D17,N,23:38:01,23:38:31,,SA161,상행,2025-05-01T05:00:00,,평일
신분당선,4304,신사,D4,,20250619,신분당선,4319,광교,D19,N,신분당선,,4316,성복,D16,N,23:41:05,23:41:35,,SA161,상행,2025-05-01T05:00:00,,평일
신분당선,4304,신사,D4,,20250619,신분당선,4319,광교,D19,N,신분당선,,4315,수지구청,D15,N,23:43:42,23:44:12,,SA161,상행,2025-05-01T05:00:00,,평일
신분당선,4304,신사,D4,,20250619,신분당선,4319,광교,D19,N,신분당선,,4314,동천,D14,N,23:46:34,23:47:04,,SA161,상행,2025-05-01T05:00:00,,평일
신분당선,4304,신사,D4,,20250619,신분당선,4319,광교,D19,N,신분당선,,4313,미금,D13,N,23:49:16,23:49:46,,SA161,상행,2025-05-01T05:00:00,,평일
신분당선,4304,신사,D4,,20250619,신분당선,4319,광교,D19,N,신분당선,,4312,정자,D12,N,23:51:46,23:52:21,,SA161,상행,2025-05-01T05:00:00,,평일
신분당선,4304,신사,D4,,20250619,신분당선,4319,광교,D19,N,신분당선,,4311,판교,D11,N,23:55:01,23:55:31,,SA161,상행,2025-05-01T05:00:00,,평일
신분당선,4304,신사,D4,,20250619,신분당선,4319,광교,D19,N,신분당선,,4310,청계산입구,D10,N,24:01:34,24:02:04,,SA161,상행,2025-05-01T05:00:00,,평일
신분당선,4304,신사,D4,,20250619,신분당선,4319,광교,D19,N,신분당선,,4309,양재시민의숲,D9,N,24:04:34,24:05:04,,SA161,상행,2025-05-01T05:00:00,,평일
신분당선,4304,신사,D4,,20250619,신분당선,4319,광교,D19,N,신분당선,,4308,양재,D8,N,24:06:48,24:07:18,,SA161,상행,2025-05-01T05:00:00,,평일
신분당선,4304,신사,D4,,20250619,신분당선,4319,광교,D19,N,신분당선,,4307,강남,D7,N,24:09:02,24:09:37,,SA161,상행,2025-05-01T05:00:00,,평일
신분당선,4304,신사,D4,,20250619,신분당선,4319,광교,D19,N,신분당선,,4306,신논현,D6,N,24:10:44,24:11:14,,SA161,상행,2025-05-01T05:00:00,,평일
신분당선,4304,신사,D4,,20250619,신분당선,4319,광교,D19,N,신분당선,,4305,논현,D5,N,24:12:19,24:12:49,,SA161,상행,2025-05-01T05:00:00,,평일
신분당선,4304,신사,D4,,20250619,신분당선,4319,광교,D19,N,신분당선,,4304,신사,D4,N,24:13:54,,,SA161,상행,2025-05-01T05:00:00,,평일
신분당선,4304,신사,D4,,20250619,신분당선,4319,광교,D19,N,신분당선,,4319,광교,D19,N,,23:43:50,,SA162,상행,2025-05-01T05:00:00,,평일
신분당선,4304,신사,D4,,20250619,신분당선,4319,광교,D19,N,신분당선,,4318,광교중앙,D18,N,23:46:46,23:47:16,,SA162,상행,2025-05-01T05:00:00,,평일
신분당선,4304,신사,D4,,20250619,신분당선,4319,광교,D19,N,신분당선,,4317,상현,D17,N,23:50:01,23:50:31,,SA162,상행,2025-05-01T05:00:00,,평일
신분당선,4304,신사,D4,,20250619,신분당선,4319,광교,D19,N,신분당선,,4316,성복,D16,N,23:53:05,23:53:35,,SA162,상행,2025-05-01T05:00:00,,평일
신분당선,4304,신사,D4,,20250619,신분당선,4319,광교,D19,N,신분당선,,4315,수지구청,D15,N,23:55:42,23:56:12,,SA162,상행,2025-05-01T05:00:00,,평일
신분당선,4304,신사,D4,,20250619,신분당선,4319,광교,D19,N,신분당선,,4314,동천,D14,N,23:58:34,23:59:04,,SA162,상행,2025-05-01T05:00:00,,평일
신분당선,4304,신사,D4,,20250619,신분당선,4319,광교,D19,N,신분당선,,4313,미금,D13,N,24:01:16,24:01:46,,SA162,상행,2025-05-01T05:00:00,,평일
신분당선,4304,신사,D4,,20250619,신분당선,4319,광교,D19,N,신분당선,,4312,정자,D12,N,24:03:46,24:04:21,,SA162,상행,2025-05-01T05:00:00,,평일
신분당선,4304,신사,D4,,20250619,신분당선,4319,광교,D19,N,신분당선,,4311,판교,D11,N,24:07:01,24:07:31,,SA162,상행,2025-05-01T05:00:00,,평일
신분당선,4304,신사,D4,,20250619,신분당선,4319,광교,D19,N,신분당선,,4310,청계산입구,D10,N,24:13:34,24:14:04,,SA162,상행,2025-05-01T05:00:00,,평일
신분당선,4304,신사,D4,,20250619,신분당선,4319,광교,D19,N,신분당선,,4309,양재시민의숲,D9,N,24:16:34,24:17:04,,SA162,상행,2025-05-01T05:00:00,,평일
신분당선,4304,신사,D4,,20250619,신분당선,4319,광교,D19,N,신분당선,,4308,양재,D8,N,24:18:48,24:19:18,,SA162,상행,2025-05-01T05:00:00,,평일
신분당선,4304,신사,D4,,20250619,신분당선,4319,광교,D19,N,신분당선,,4307,강남,D7,N,24:21:02,24:21:37,,SA162,상행,2025-05-01T05:00:00,,평일
신분당선,4304,신사,D4,,20250619,신분당선,4319,광교,D19,N,신분당선,,4306,신논현,D6,N,24:22:44,24:23:14,,SA162,상행,2025-05-01T05:00:00,,평일
신분당선,4304,신사,D4,,20250619,신분당선,4319,광교,D19,N,신분당선,,4305,논현,D5,N,24:24:19,24:24:49,,SA162,상행,2025-05-01T05:00:00,,평일
신분당선,4304,신사,D4,,20250619,신분당선,4319,광교,D19,N,신분당선,,4304,신사,D4,N,24:25:54,,,SA162,상행,2025-05-01T05:00:00,,평일
신분당선,4304,신사,D4,,20250619,신분당선,4319,광교,D19,N,신분당선,,4319,광교,D19,N,,23:55:50,,SA163,상행,2025-05-01T05:00:00,,평일
신분당선,4304,신사,D4,,20250619,신분당선,4319,광교,D19,N,신분당선,,4318,광교중앙,D18,N,23:58:46,23:59:16,,SA163,상행,2025-05-01T05:00:00,,평일
신분당선,4304,신사,D4,,20250619,신분당선,4319,광교,D19,N,신분당선,,4317,상현,D17,N,24:02:01,24:02:31,,SA163,상행,2025-05-01T05:00:00,,평일
신분당선,4304,신사,D4,,20250619,신분당선,4319,광교,D19,N,신분당선,,4316,성복,D16,N,24:05:05,24:05:35,,SA163,상행,2025-05-01T05:00:00,,평일
신분당선,4304,신사,D4,,20250619,신분당선,4319,광교,D19,N,신분당선,,4315,수지구청,D15,N,24:07:42,24:08:12,,SA163,상행,2025-05-01T05:00:00,,평일
신분당선,4304,신사,D4,,20250619,신분당선,4319,광교,D19,N,신분당선,,4314,동천,D14,N,24:10:34,24:11:04,,SA163,상행,2025-05-01T05:00:00,,평일
신분당선,4304,신사,D4,,20250619,신분당선,4319,광교,D19,N,신분당선,,4313,미금,D13,N,24:13:16,24:13:46,,SA163,상행,2025-05-01T05:00:00,,평일
신분당선,4304,신사,D4,,20250619,신분당선,4319,광교,D19,N,신분당선,,4312,정자,D12,N,24:15:46,24:16:21,,SA163,상행,2025-05-01T05:00:00,,평일
신분당선,4304,신사,D4,,20250619,신분당선,4319,광교,D19,N,신분당선,,4311,판교,D11,N,24:19:01,24:19:31,,SA163,상행,2025-05-01T05:00:00,,평일
신분당선,4304,신사,D4,,20250619,신분당선,4319,광교,D19,N,신분당선,,4310,청계산입구,D10,N,24:25:34,24:26:04,,SA163,상행,2025-05-01T05:00:00,,평일
신분당선,4304,신사,D4,,20250619,신분당선,4319,광교,D19,N,신분당선,,4309,양재시민의숲,D9,N,24:28:34,24:29:04,,SA163,상행,2025-05-01T05:00:00,,평일
신분당선,4304,신사,D4,,20250619,신분당선,4319,광교,D19,N,신분당선,,4308,양재,D8,N,24:30:48,24:31:18,,SA163,상행,2025-05-01T05:00:00,,평일
신분당선,4304,신사,D4,,20250619,신분당선,4319,광교,D19,N,신분당선,,4307,강남,D7,N,24:33:02,24:33:37,,SA163,상행,2025-05-01T05:00:00,,평일
신분당선,4304,신사,D4,,20250619,신분당선,4319,광교,D19,N,신분당선,,4306,신논현,D6,N,24:34:44,24:35:14,,SA163,상행,2025-05-01T05:00:00,,평일
신분당선,4304,신사,D4,,20250619,신분당선,4319,광교,D19,N,신분당선,,4305,논현,D5,N,24:36:19,24:36:49,,SA163,상행,2025-05-01T05:00:00,,평일
신분당선,4304,신사,D4,,20250619,신분당선,4319,광교,D19,N,신분당선,,4304,신사,D4,N,24:37:54,,,SA163,상행,2025-05-01T05:00:00,,평일
