arvlLineNm,arvlStnCd,arvlStnNm,arvlStnNo,brlnNm,crtrYmd,dptreLineNm,dptreStnCd,dptreStnNm,dptreStnNo,etrnYn,lineNm,lnkgTrainno,stnCd,stnNm,stnNo,tmprTmtblYn,trainArvlTm,trainDptreTm,trainKnd,trainno,upbdnbSe,vldBgngDt,vldEndDt,wkndSe
신분당선,4319,광교,D19,,20250619,신분당선,4304,신사,D4,N,신분당선,,4304,신사,D4,N,,05:30:00,,GW001,하행,2025-05-01T05:00:00,,평일
신분당선,4319,광교,D19,,20250619,신분당선,4304,신사,D4,N,신분당선,,4305,논현,D5,N,05:30:58,05:31:31,,GW001,하행,2025-05-01T05:00:00,,평일
신분당선,4319,광교,D19,,20250619,신분당선,4304,신사,D4,N,신분당선,,4306,신논현,D6,N,05:32:41,05:33:13,,GW001,하행,2025-05-01T05:00:00,,평일
신분당선,4319,광교,D19,,20250619,신분당선,4304,신사,D4,N,신분당선,,4307,강남,D7,N,05:34:21,05:34:56,,GW001,하행,2025-05-01T05:00:00,,평일
신분당선,4319,광교,D19,,20250619,신분당선,4304,신사,D4,N,신분당선,,4308,양재,D8,N,05:36:34,05:37:04,,GW001,하행,2025-05-01T05:00:00,,평일
신분당선,4319,광교,D19,,20250619,신분당선,4304,신사,D4,N,신분당선,,4309,양재시민의숲,D9,N,05:38:45,05:39:15,,GW001,하행,2025-05-01T05:00:00,,평일
신분당선,4319,광교,D19,,20250619,신분당선,4304,신사,D4,N,신분당선,,4310,청계산입구,D10,N,05:41:45,05:42:10,,GW001,하행,2025-05-01T05:00:00,,평일
신분당선,4319,광교,D19,,20250619,신분당선,4304,신사,D4,N,신분당선,,4311,판교,D11,N,05:48:13,05:48:43,,GW001,하행,2025-05-01T05:00:00,,평일
신분당선,4319,광교,D19,,20250619,신분당선,4304,신사,D4,N,신분당선,,4312,정자,D12,N,05:51:31,05:52:01,,GW001,하행,2025-05-01T05:00:00,,평일
신분당선,4319,광교,D19,,20250619,신분당선,4304,신사,D4,N,신분당선,,4313,미금,D13,N,05:54:11,05:54:41,,GW001,하행,2025-05-01T05:00:00,,평일
신분당선,4319,광교,D19,,20250619,신분당선,4304,신사,D4,N,신분당선,,4314,동천,D14,N,05:56:49,05:57:19,,GW001,하행,2025-05-01T05:00:00,,평일
신분당선,4319,광교,D19,,20250619,신분당선,4304,신사,D4,N,신분당선,,4315,수지구청,D15,N,05:59:43,06:00:13,,GW001,하행,2025-05-01T05:00:00,,평일
신분당선,4319,광교,D19,,20250619,신분당선,4304,신사,D4,N,신분당선,,4316,성복,D16,N,06:02:15,06:02:45,,GW001,하행,2025-05-01T05:00:00,,평일
신분당선,4319,광교,D19,,20250619,신분당선,4304,신사,D4,N,신분당선,,4317,상현,D17,N,06:05:16,06:05:46,,GW001,하행,2025-05-01T05:00:00,,평일
신분당선,4319,광교,D19,,20250619,신분당선,4304,신사,D4,N,신분당선,,4318,광교중앙,D18,N,06:08:32,06:08:57,,GW001,하행,2025-05-01T05:00:00,,평일
신분당선,4319,광교,D19,,20250619,신분당선,4304,신사,D4,N,신분당선,,4319,광교,D19,N,06:12:02,,,GW001,하행,2025-05-01T05:00:00,,평일
신분당선,4319,광교,D19,,20250619,신분당선,4312,정자,D12,N,신분당선,,4312,정자,D12,N,,05:40:34,,GW002,하행,2025-05-01T05:00:00,,평일
신분당선,4319,광교,D19,,20250619,신분당선,4312,정자,D12,N,신분당선,,4313,미금,D13,N,05:42:44,05:43:14,,GW002,하행,2025-05-01T05:00:00,,평일
신분당선,4319,광교,D19,,20250619,신분당선,4312,정자,D12,N,신분당선,,4314,동천,D14,N,05:45:22,05:45:52,,GW002,하행,2025-05-01T05:00:00,,평일
신분당선,4319,광교,D19,,20250619,신분당선,4312,정자,D12,N,신분당선,,4315,수지구청,D15,N,05:48:16,05:48:46,,GW002,하행,2025-05-01T05:00:00,,평일
신분당선,4319,광교,D19,,20250619,신분당선,4312,정자,D12,N,신분당선,,4316,성복,D16,N,05:50:48,05:51:18,,GW002,하행,2025-05-01T05:00:00,,평일
신분당선,4319,광교,D19,,20250619,신분당선,4312,정자,D12,N,신분당선,,4317,상현,D17,N,05:53:49,05:54:19,,GW002,하행,2025-05-01T05:00:00,,평일
신분당선,4319,광교,D19,,20250619,신분당선,4312,정자,D12,N,신분당선,,4318,광교중앙,D18,N,05:57:05,05:57:30,,GW002,하행,2025-05-01T05:00:00,,평일
신분당선,4319,광교,D19,,20250619,신분당선,4312,정자,D12,N,신분당선,,4319,광교,D19,N,06:00:35,,,GW002,하행,2025-05-01T05:00:00,,평일
신분당선,4319,광교,D19,,20250619,신분당선,4304,신사,D4,N,신분당선,,4304,신사,D4,N,,05:42:33,,GW003,하행,2025-05-01T05:00:00,,평일
신분당선,4319,광교,D19,,20250619,신분당선,4304,신사,D4,N,신분당선,,4305,논현,D5,N,05:43:31,05:44:04,,GW003,하행,2025-05-01T05:00:00,,평일
신분당선,4319,광교,D19,,20250619,신분당선,4304,신사,D4,N,신분당선,,4306,신논현,D6,N,05:45:14,05:45:46,,GW003,하행,2025-05-01T05:00:00,,평일
신분당선,4319,광교,D19,,20250619,신분당선,4304,신사,D4,N,신분당선,,4307,강남,D7,N,05:46:54,05:47:29,,GW003,하행,2025-05-01T05:00:00,,평일
신분당선,4319,광교,D19,,20250619,신분당선,4304,신사,D4,N,신분당선,,4308,양재,D8,N,05:49:07,05:49:37,,GW003,하행,2025-05-01T05:00:00,,평일
신분당선,4319,광교,D19,,20250619,신분당선,4304,신사,D4,N,신분당선,,4309,양재시민의숲,D9,N,05:51:18,05:51:48,,GW003,하행,2025-05-01T05:00:00,,평일
신분당선,4319,광교,D19,,20250619,신분당선,4304,신사,D4,N,신분당선,,4310,청계산입구,D10,N,05:54:18,05:54:43,,GW003,하행,2025-05-01T05:00:00,,평일
신분당선,4319,광교,D19,,20250619,신분당선,4304,신사,D4,N,신분당선,,4311,판교,D11,N,06:00:46,06:01:16,,GW003,하행,2025-05-01T05:00:00,,평일
신분당선,4319,광교,D19,,20250619,신분당선,4304,신사,D4,N,신분당선,,4312,정자,D12,N,06:04:04,06:04:34,,GW003,하행,2025-05-01T05:00:00,,평일
신분당선,4319,광교,D19,,20250619,신분당선,4304,신사,D4,N,신분당선,,4313,미금,D13,N,06:06:44,06:07:14,,GW003,하행,2025-05-01T05:00:00,,평일
신분당선,4319,광교,D19,,20250619,신분당선,4304,신사,D4,N,신분당선,,4314,동천,D14,N,06:09:22,06:09:52,,GW003,하행,2025-05-01T05:00:00,,평일
신분당선,4319,광교,D19,,20250619,신분당선,4304,신사,D4,N,신분당선,,4315,수지구청,D15,N,06:12:16,06:12:46,,GW003,하행,2025-05-01T05:00:00,,평일
신분당선,4319,광교,D19,,20250619,신분당선,4304,신사,D4,N,신분당선,,4316,성복,D16,N,06:14:48,06:15:18,,GW003,하행,2025-05-01T05:00:00,,평일
신분당선,4319,광교,D19,,20250619,신분당선,4304,신사,D4,N,신분당선,,4317,상현,D17,N,06:17:49,06:18:19,,GW003,하행,2025-05-01T05:00:00,,평일
신분당선,4319,광교,D19,,20250619,신분당선,4304,신사,D4,N,신분당선,,4318,광교중앙,D18,N,06:21:05,06:21:30,,GW003,하행,2025-05-01T05:00:00,,평일
신분당선,4319,광교,D19,,20250619,신분당선,4304,신사,D4,N,신분당선,,4319,광교,D19,N,06:24:35,,,GW003,하행,2025-05-01T05:00:00,,평일
신분당선,4319,광교,D19,,20250619,신분당선,4304,신사,D4,N,신분당선,,4304,신사,D4,N,,05:55:33,,GW004,하행,2025-05-01T05:00:00,,평일
신분당선,4319,광교,D19,,20250619,신분당선,4304,신사,D4,N,신분당선,,4305,논현,D5,N,05:56:31,05:57:04,,GW004,하행,2025-05-01T05:00:00,,평일
신분당선,4319,광교,D19,,20250619,신분당선,4304,신사,D4,N,신분당선,,4306,신논현,D6,N,05:58:14,05:58:46,,GW004,하행,2025-05-01T05:00:00,,평일
신분당선,4319,광교,D19,,20250619,신분당선,4304,신사,D4,N,신분당선,,4307,강남,D7,N,05:59:54,06:00:29,,GW004,하행,2025-05-01T05:00:00,,평일
신분당선,4319,광교,D19,,20250619,신분당선,4304,신사,D4,N,신분당선,,4308,양재,D8,N,06:02:07,06:02:37,,GW004,하행,2025-05-01T05:00:00,,평일
신분당선,4319,광교,D19,,20250619,신분당선,4304,신사,D4,N,신분당선,,4309,양재시민의숲,D9,N,06:04:18,06:04:48,,GW004,하행,2025-05-01T05:00:00,,평일
신분당선,4319,광교,D19,,20250619,신분당선,4304,신사,D4,N,신분당선,,4310,청계산입구,D10,N,06:07:18,06:07:43,,GW004,하행,2025-05-01T05:00:00,,평일
신분당선,4319,광교,D19,,20250619,신분당선,4304,신사,D4,N,신분당선,,4311,판교,D11,N,06:13:46,06:14:16,,GW004,하행,2025-05-01T05:00:00,,평일
신분당선,4319,광교,D19,,20250619,신분당선,4304,신사,D4,N,신분당선,,4312,정자,D12,N,06:17:04,06:17:34,,GW004,하행,2025-05-01T05:00:00,,평일
신분당선,4319,광교,D19,,20250619,신분당선,4304,신사,D4,N,신분당선,,4313,미금,D13,N,06:19:44,06:20:14,,GW004,하행,2025-05-01T05:00:00,,평일
신분당선,4319,광교,D19,,20250619,신분당선,4304,신사,D4,N,신분당선,,4314,동천,D14,N,06:22:22,06:22:52,,GW004,하행,2025-05-01T05:00:00,,평일
신분당선,4319,광교,D19,,20250619,신분당선,4304,신사,D4,N,신분당선,,4315,수지구청,D15,N,06:25:16,06:25:46,,GW004,하행,2025-05-01T05:00:00,,평일
신분당선,4319,광교,D19,,20250619,신분당선,4304,신사,D4,N,신분당선,,4316,성복,D16,N,06:27:48,06:28:18,,GW004,하행,2025-05-01T05:00:00,,평일
신분당선,4319,광교,D19,,20250619,신분당선,4304,신사,D4,N,신분당선,,4317,상현,D17,N,06:30:49,06:31:19,,GW004,하행,2025-05-01T05:00:00,,평일
신분당선,4319,광교,D19,,20250619,신분당선,4304,신사,D4,N,신분당선,,4318,광교중앙,D18,N,06:34:05,06:34:30,,GW004,하행,2025-05-01T05:00:00,,평일
신분당선,4319,광교,D19,,20250619,신분당선,4304,신사,D4,N,신분당선,,4319,광교,D19,N,06:37:35,,,GW004,하행,2025-05-01T05:00:00,,평일
신분당선,4319,광교,D19,,20250619,신분당선,4304,신사,D4,N,신분당선,,4304,신사,D4,N,,06:06:33,,GW005,하행,2025-05-01T05:00:00,,평일
신분당선,4319,광교,D19,,20250619,신분당선,4304,신사,D4,N,신분당선,,4305,논현,D5,N,06:07:31,06:08:04,,GW005,하행,2025-05-01T05:00:00,,평일
신분당선,4319,광교,D19,,20250619,신분당선,4304,신사,D4,N,신분당선,,4306,신논현,D6,N,06:09:14,06:09:46,,GW005,하행,2025-05-01T05:00:00,,평일
신분당선,4319,광교,D19,,20250619,신분당선,4304,신사,D4,N,신분당선,,4307,강남,D7,N,06:10:54,06:11:29,,GW005,하행,2025-05-01T05:00:00,,평일
신분당선,4319,광교,D19,,20250619,신분당선,4304,신사,D4,N,신분당선,,4308,양재,D8,N,06:13:07,06:13:37,,GW005,하행,2025-05-01T05:00:00,,평일
신분당선,4319,광교,D19,,20250619,신분당선,4304,신사,D4,N,신분당선,,4309,양재시민의숲,D9,N,06:15:18,06:15:48,,GW005,하행,2025-05-01T05:00:00,,평일
신분당선,4319,광교,D19,,20250619,신분당선,4304,신사,D4,N,신분당선,,4310,청계산입구,D10,N,06:18:18,06:18:43,,GW005,하행,2025-05-01T05:00:00,,평일
신분당선,4319,광교,D19,,20250619,신분당선,4304,신사,D4,N,신분당선,,4311,판교,D11,N,06:24:46,06:25:16,,GW005,하행,2025-05-01T05:00:00,,평일
신분당선,4319,광교,D19,,20250619,신분당선,4304,신사,D4,N,신분당선,,4312,정자,D12,N,06:28:04,06:28:34,,GW005,하행,2025-05-01T05:00:00,,평일
신분당선,4319,광교,D19,,20250619,신분당선,4304,신사,D4,N,신분당선,,4313,미금,D13,N,06:30:44,06:31:14,,GW005,하행,2025-05-01T05:00:00,,평일
신분당선,4319,광교,D19,,20250619,신분당선,4304,신사,D4,N,신분당선,,4314,동천,D14,N,06:33:22,06:33:52,,GW005,하행,2025-05-01T05:00:00,,평일
신분당선,4319,광교,D19,,20250619,신분당선,4304,신사,D4,N,신분당선,,4315,수지구청,D15,N,06:36:16,06:36:46,,GW005,하행,2025-05-01T05:00:00,,평일
신분당선,4319,광교,D19,,20250619,신분당선,4304,신사,D4,N,신분당선,,4316,성복,D16,N,06:38:48,06:39:18,,GW005,하행,2025-05-01T05:00:00,,평일
신분당선,4319,광교,D19,,20250619,신분당선,4304,신사,D4,N,신분당선,,4317,상현,D17,N,06:41:49,06:42:19,,GW005,하행,2025-05-01T05:00:00,,평일
신분당선,4319,광교,D19,,20250619,신분당선,4304,신사,D4,N,신분당선,,4318,광교중앙,D18,N,06:45:05,06:45:30,,GW005,하행,2025-05-01T05:00:00,,평일
신분당선,4319,광교,D19,,20250619,신분당선,4304,신사,D4,N,신분당선,,4319,광교,D19,N,06:48:35,,,GW005,하행,2025-05-01T05:00:00,,평일
신분당선,4319,광교,D19,,20250619,신분당선,4304,신사,D4,N,신분당선,,4304,신사,D4,N,,06:18:33,,GW006,하행,2025-05-01T05:00:00,,평일
신분당선,4319,광교,D19,,20250619,신분당선,4304,신사,D4,N,신분당선,,4305,논현,D5,N,06:19:31,06:20:04,,GW006,하행,2025-05-01T05:00:00,,평일
신분당선,4319,광교,D19,,20250619,신분당선,4304,신사,D4,N,신분당선,,4306,신논현,D6,N,06:21:14,06:21:46,,GW006,하행,2025-05-01T05:00:00,,평일
신분당선,4319,광교,D19,,20250619,신분당선,4304,신사,D4,N,신분당선,,4307,강남,D7,N,06:22:54,06:23:29,,GW006,하행,2025-05-01T05:00:00,,평일
신분당선,4319,광교,D19,,20250619,신분당선,4304,신사,D4,N,신분당선,,4308,양재,D8,N,06:25:07,06:25:37,,GW006,하행,2025-05-01T05:00:00,,평일
신분당선,4319,광교,D19,,20250619,신분당선,4304,신사,D4,N,신분당선,,4309,양재시민의숲,D9,N,06:27:18,06:27:48,,GW006,하행,2025-05-01T05:00:00,,평일
신분당선,4319,광교,D19,,20250619,신분당선,4304,신사,D4,N,신분당선,,4310,청계산입구,D10,N,06:30:18,06:30:43,,GW006,하행,2025-05-01T05:00:00,,평일
신분당선,4319,광교,D19,,20250619,신분당선,4304,신사,D4,N,신분당선,,4311,판교,D11,N,06:36:46,06:37:16,,GW006,하행,2025-05-01T05:00:00,,평일
신분당선,4319,광교,D19,,20250619,신분당선,4304,신사,D4,N,신분당선,,4312,정자,D12,N,06:40:04,06:40:34,,GW006,하행,2025-05-01T05:00:00,,평일
신분당선,4319,광교,D19,,20250619,신분당선,4304,신사,D4,N,신분당선,,4313,미금,D13,N,06:42:44,06:43:14,,GW006,하행,2025-05-01T05:00:00,,평일
신분당선,4319,광교,D19,,20250619,신분당선,4304,신사,D4,N,신분당선,,4314,동천,D14,N,06:45:22,06:45:52,,GW006,하행,2025-05-01T05:00:00,,평일
신분당선,4319,광교,D19,,20250619,신분당선,4304,신사,D4,N,신분당선,,4315,수지구청,D15,N,06:48:16,06:48:46,,GW006,하행,2025-05-01T05:00:00,,평일
신분당선,4319,광교,D19,,20250619,신분당선,4304,신사,D4,N,신분당선,,4316,성복,D16,N,06:50:48,06:51:18,,GW006,하행,2025-05-01T05:00:00,,평일
신분당선,4319,광교,D19,,20250619,신분당선,4304,신사,D4,N,신분당선,,4317,상현,D17,N,06:53:49,06:54:19,,GW006,하행,2025-05-01T05:00:00,,평일
신분당선,4319,광교,D19,,20250619,신분당선,4304,신사,D4,N,신분당선,,4318,광교중앙,D18,N,06:57:05,06:57:30,,GW006,하행,2025-05-01T05:00:00,,평일
신분당선,4319,광교,D19,,20250619,신분당선,4304,신사,D4,N,신분당선,,4319,광교,D19,N,07:00:35,,,GW006,하행,2025-05-01T05:00:00,,평일
신분당선,4319,광교,D19,,20250619,신분당선,4304,신사,D4,N,신분당선,,4304,신사,D4,N,,06:30:33,,GW007,하행,2025-05-01T05:00:00,,평일
신분당선,4319,광교,D19,,20250619,신분당선,4304,신사,D4,N,신분당선,,4305,논현,D5,N,06:31:31,06:32:04,,GW007,하행,2025-05-01T05:00:00,,평일
신분당선,4319,광교,D19,,20250619,신분당선,4304,신사,D4,N,신분당선,,4306,신논현,D6,N,06:33:14,06:33:46,,GW007,하행,2025-05-01T05:00:00,,평일
신분당선,4319,광교,D19,,20250619,신분당선,4304,신사,D4,N,신분당선,,4307,강남,D7,N,06:34:54,06:35:29,,GW007,하행,2025-05-01T05:00:00,,평일
신분당선,4319,광교,D19,,20250619,신분당선,4304,신사,D4,N,신분당선,,4308,양재,D8,N,06:37:07,06:37:37,,GW007,하행,2025-05-01T05:00:00,,평일
신분당선,4319,광교,D19,,20250619,신분당선,4304,신사,D4,N,신분당선,,4309,양재시민의숲,D9,N,06:39:18,06:39:48,,GW007,하행,2025-05-01T05:00:00,,평일
신분당선,4319,광교,D19,,20250619,신분당선,4304,신사,D4,N,신분당선,,4310,청계산입구,D10,N,06:42:18,06:42:43,,GW007,하행,2025-05-01T05:00:00,,평일
신분당선,4319,광교,D19,,20250619,신분당선,4304,신사,D4,N,신분당선,,4311,판교,D11,N,06:48:46,06:49:16,,GW007,하행,2025-05-01T05:00:00,,평일
신분당선,4319,광교,D19,,20250619,신분당선,4304,신사,D4,N,신분당선,,4312,정자,D12,N,06:52:04,06:52:34,,GW007,하행,2025-05-01T05:00:00,,평일
신분당선,4319,광교,D19,,20250619,신분당선,4304,신사,D4,N,신분당선,,4313,미금,D13,N,06:54:44,06:55:14,,GW007,하행,2025-05-01T05:00:00,,평일
신분당선,4319,광교,D19,,20250619,신분당선,4304,신사,D4,N,신분당선,,4314,동천,D14,N,06:57:22,06:57:52,,GW007,하행,2025-05-01T05:00:00,,평일
신분당선,4319,광교,D19,,20250619,신분당선,4304,신사,D4,N,신분당선,,4315,수지구청,D15,N,07:00:16,07:00:46,,GW007,하행,2025-05-01T05:00:00,,평일
신분당선,4319,광교,D19,,20250619,신분당선,4304,신사,D4,N,신분당선,,4316,성복,D16,N,07:02:48,07:03:18,,GW007,하행,2025-05-01T05:00:00,,평일
신분당선,4319,광교,D19,,20250619,신분당선,4304,신사,D4,N,신분당선,,4317,상현,D17,N,07:05:49,07:06:19,,GW007,하행,2025-05-01T05:00:00,,평일
신분당선,4319,광교,D19,,20250619,신분당선,4304,신사,D4,N,신분당선,,4318,광교중앙,D18,N,07:09:05,07:09:30,,GW007,하행,2025-05-01T05:00:00,,평일
신분당선,4319,광교,D19,,20250619,신분당선,4304,신사,D4,N,신분당선,,4319,광교,D19,N,07:12:35,,,GW007,하행,2025-05-01T05:00:00,,평일
신분당선,4319,광교,D19,,20250619,신분당선,4304,신사,D4,N,신분당선,,4304,신사,D4,N,,06:42:33,,GW008,하행,2025-05-01T05:00:00,,평일
신분당선,4319,광교,D19,,20250619,신분당선,4304,신사,D4,N,신분당선,,4305,논현,D5,N,06:43:31,06:44:06,,GW008,하행,2025-05-01T05:00:00,,평일
신분당선,4319,광교,D19,,20250619,신분당선,4304,신사,D4,N,신분당선,,4306,신논현,D6,N,06:45:16,06:45:51,,GW008,하행,2025-05-01T05:00:00,,평일
신분당선,4319,광교,D19,,20250619,신분당선,4304,신사,D4,N,신분당선,,4307,강남,D7,N,06:46:59,06:47:39,,GW008,하행,2025-05-01T05:00:00,,평일
신분당선,4319,광교,D19,,20250619,신분당선,4304,신사,D4,N,신분당선,,4308,양재,D8,N,06:49:17,06:49:47,,GW008,하행,2025-05-01T05:00:00,,평일
신분당선,4319,광교,D19,,20250619,신분당선,4304,신사,D4,N,신분당선,,4309,양재시민의숲,D9,N,06:51:28,06:51:58,,GW008,하행,2025-05-01T05:00:00,,평일
신분당선,4319,광교,D19,,20250619,신분당선,4304,신사,D4,N,신분당선,,4310,청계산입구,D10,N,06:54:28,06:54:53,,GW008,하행,2025-05-01T05:00:00,,평일
신분당선,4319,광교,D19,,20250619,신분당선,4304,신사,D4,N,신분당선,,4311,판교,D11,N,07:00:56,07:01:31,,GW008,하행,2025-05-01T05:00:00,,평일
신분당선,4319,광교,D19,,20250619,신분당선,4304,신사,D4,N,신분당선,,4312,정자,D12,N,07:04:19,07:04:54,,GW008,하행,2025-05-01T05:00:00,,평일
신분당선,4319,광교,D19,,20250619,신분당선,4304,신사,D4,N,신분당선,,4313,미금,D13,N,07:07:04,07:07:34,,GW008,하행,2025-05-01T05:00:00,,평일
신분당선,4319,광교,D19,,20250619,신분당선,4304,신사,D4,N,신분당선,,4314,동천,D14,N,07:09:42,07:10:12,,GW008,하행,2025-05-01T05:00:00,,평일
신분당선,4319,광교,D19,,20250619,신분당선,4304,신사,D4,N,신분당선,,4315,수지구청,D15,N,07:12:36,07:13:06,,GW008,하행,2025-05-01T05:00:00,,평일
신분당선,4319,광교,D19,,20250619,신분당선,4304,신사,D4,N,신분당선,,4316,성복,D16,N,07:15:08,07:15:38,,GW008,하행,2025-05-01T05:00:00,,평일
신분당선,4319,광교,D19,,20250619,신분당선,4304,신사,D4,N,신분당선,,4317,상현,D17,N,07:18:09,07:18:34,,GW008,하행,2025-05-01T05:00:00,,평일
신분당선,4319,광교,D19,,20250619,신분당선,4304,신사,D4,N,신분당선,,4318,광교중앙,D18,N,07:21:20,07:21:45,,GW008,하행,2025-05-01T05:00:00,,평일
신분당선,4319,광교,D19,,20250619,신분당선,4304,신사,D4,N,신분당선,,4319,광교,D19,N,07:24:50,,,GW008,하행,2025-05-01T05:00:00,,평일
신분당선,4319,광교,D19,,20250619,신분당선,4304,신사,D4,N,신분당선,,4304,신사,D4,N,,06:54:13,,GW009,하행,2025-05-01T05:00:00,,평일
신분당선,4319,광교,D19,,20250619,신분당선,4304,신사,D4,N,신분당선,,4305,논현,D5,N,06:55:11,06:55:46,,GW009,하행,2025-05-01T05:00:00,,평일
신분당선,4319,광교,D19,,20250619,신분당선,4304,신사,D4,N,신분당선,,4306,신논현,D6,N,06:56:56,06:57:31,,GW009,하행,2025-05-01T05:00:00,,평일
신분당선,4319,광교,D19,,20250619,신분당선,4304,신사,D4,N,신분당선,,4307,강남,D7,N,06:58:39,06:59:19,,GW009,하행,2025-05-01T05:00:00,,평일
신분당선,4319,광교,D19,,20250619,신분당선,4304,신사,D4,N,신분당선,,4308,양재,D8,N,07:00:57,07:01:27,,GW009,하행,2025-05-01T05:00:00,,평일
신분당선,4319,광교,D19,,20250619,신분당선,4304,신사,D4,N,신분당선,,4309,양재시민의숲,D9,N,07:03:08,07:03:38,,GW009,하행,2025-05-01T05:00:00,,평일
신분당선,4319,광교,D19,,20250619,신분당선,4304,신사,D4,N,신분당선,,4310,청계산입구,D10,N,07:06:08,07:06:33,,GW009,하행,2025-05-01T05:00:00,,평일
신분당선,4319,광교,D19,,20250619,신분당선,4304,신사,D4,N,신분당선,,4311,판교,D11,N,07:12:36,07:13:11,,GW009,하행,2025-05-01T05:00:00,,평일
신분당선,4319,광교,D19,,20250619,신분당선,4304,신사,D4,N,신분당선,,4312,정자,D12,N,07:15:59,07:16:34,,GW009,하행,2025-05-01T05:00:00,,평일
신분당선,4319,광교,D19,,20250619,신분당선,4304,신사,D4,N,신분당선,,4313,미금,D13,N,07:18:44,07:19:14,,GW009,하행,2025-05-01T05:00:00,,평일
신분당선,4319,광교,D19,,20250619,신분당선,4304,신사,D4,N,신분당선,,4314,동천,D14,N,07:21:22,07:21:52,,GW009,하행,2025-05-01T05:00:00,,평일
신분당선,4319,광교,D19,,20250619,신분당선,4304,신사,D4,N,신분당선,,4315,수지구청,D15,N,07:24:16,07:24:46,,GW009,하행,2025-05-01T05:00:00,,평일
신분당선,4319,광교,D19,,20250619,신분당선,4304,신사,D4,N,신분당선,,4316,성복,D16,N,07:26:48,07:27:18,,GW009,하행,2025-05-01T05:00:00,,평일
신분당선,4319,광교,D19,,20250619,신분당선,4304,신사,D4,N,신분당선,,4317,상현,D17,N,07:29:49,07:30:14,,GW009,하행,2025-05-01T05:00:00,,평일
신분당선,4319,광교,D19,,20250619,신분당선,4304,신사,D4,N,신분당선,,4318,광교중앙,D18,N,07:33:00,07:33:25,,GW009,하행,2025-05-01T05:00:00,,평일
신분당선,4319,광교,D19,,20250619,신분당선,4304,신사,D4,N,신분당선,,4319,광교,D19,N,07:36:30,,,GW009,하행,2025-05-01T05:00:00,,평일
신분당선,4319,광교,D19,,20250619,신분당선,4304,신사,D4,N,신분당선,,4304,신사,D4,N,,07:04:26,,GW010,하행,2025-05-01T05:00:00,,평일
신분당선,4319,광교,D19,,20250619,신분당선,4304,신사,D4,N,신분당선,,4305,논현,D5,N,07:05:24,07:05:59,,GW010,하행,2025-05-01T05:00:00,,평일
신분당선,4319,광교,D19,,20250619,신분당선,4304,신사,D4,N,신분당선,,4306,신논현,D6,N,07:07:09,07:07:44,,GW010,하행,2025-05-01T05:00:00,,평일
신분당선,4319,광교,D19,,20250619,신분당선,4304,신사,D4,N,신분당선,,4307,강남,D7,N,07:08:52,07:09:32,,GW010,하행,2025-05-01T05:00:00,,평일
신분당선,4319,광교,D19,,20250619,신분당선,4304,신사,D4,N,신분당선,,4308,양재,D8,N,07:11:10,07:11:40,,GW010,하행,2025-05-01T05:00:00,,평일
신분당선,4319,광교,D19,,20250619,신분당선,4304,신사,D4,N,신분당선,,4309,양재시민의숲,D9,N,07:13:21,07:13:51,,GW010,하행,2025-05-01T05:00:00,,평일
신분당선,4319,광교,D19,,20250619,신분당선,4304,신사,D4,N,신분당선,,4310,청계산입구,D10,N,07:16:21,07:16:46,,GW010,하행,2025-05-01T05:00:00,,평일
신분당선,4319,광교,D19,,20250619,신분당선,4304,신사,D4,N,신분당선,,4311,판교,D11,N,07:22:49,07:23:24,,GW010,하행,2025-05-01T05:00:00,,평일
신분당선,4319,광교,D19,,20250619,신분당선,4304,신사,D4,N,신분당선,,4312,정자,D12,N,07:26:12,07:26:47,,GW010,하행,2025-05-01T05:00:00,,평일
신분당선,4319,광교,D19,,20250619,신분당선,4304,신사,D4,N,신분당선,,4313,미금,D13,N,07:28:57,07:29:27,,GW010,하행,2025-05-01T05:00:00,,평일
신분당선,4319,광교,D19,,20250619,신분당선,4304,신사,D4,N,신분당선,,4314,동천,D14,N,07:31:35,07:32:05,,GW010,하행,2025-05-01T05:00:00,,평일
신분당선,4319,광교,D19,,20250619,신분당선,4304,신사,D4,N,신분당선,,4315,수지구청,D15,N,07:34:29,07:34:59,,GW010,하행,2025-05-01T05:00:00,,평일
신분당선,4319,광교,D19,,20250619,신분당선,4304,신사,D4,N,신분당선,,4316,성복,D16,N,07:37:01,07:37:31,,GW010,하행,2025-05-01T05:00:00,,평일
신분당선,4319,광교,D19,,20250619,신분당선,4304,신사,D4,N,신분당선,,4317,상현,D17,N,07:40:02,07:40:27,,GW010,하행,2025-05-01T05:00:00,,평일
신분당선,4319,광교,D19,,20250619,신분당선,4304,신사,D4,N,신분당선,,4318,광교중앙,D18,N,07:43:13,07:43:38,,GW010,하행,2025-05-01T05:00:00,,평일
신분당선,4319,광교,D19,,20250619,신분당선,4304,신사,D4,N,신분당선,,4319,광교,D19,N,07:46:43,,,GW010,하행,2025-05-01T05:00:00,,평일
신분당선,4319,광교,D19,,20250619,신분당선,4304,신사,D4,N,신분당선,,4304,신사,D4,N,,07:14:55,,GW011,하행,2025-05-01T05:00:00,,평일
신분당선,4319,광교,D19,,20250619,신분당선,4304,신사,D4,N,신분당선,,4305,논현,D5,N,07:15:53,07:16:28,,GW011,하행,2025-05-01T05:00:00,,평일
신분당선,4319,광교,D19,,20250619,신분당선,4304,신사,D4,N,신분당선,,4306,신논현,D6,N,07:17:38,07:18:13,,GW011,하행,2025-05-01T05:00:00,,평일
신분당선,4319,광교,D19,,20250619,신분당선,4304,신사,D4,N,신분당선,,4307,강남,D7,N,07:19:21,07:20:01,,GW011,하행,2025-05-01T05:00:00,,평일
신분당선,4319,광교,D19,,20250619,신분당선,4304,신사,D4,N,신분당선,,4308,양재,D8,N,07:21:39,07:22:09,,GW011,하행,2025-05-01T05:00:00,,평일
신분당선,4319,광교,D19,,20250619,신분당선,4304,신사,D4,N,신분당선,,4309,양재시민의숲,D9,N,07:23:50,07:24:20,,GW011,하행,2025-05-01T05:00:00,,평일
신분당선,4319,광교,D19,,20250619,신분당선,4304,신사,D4,N,신분당선,,4310,청계산입구,D10,N,07:26:50,07:27:15,,GW011,하행,2025-05-01T05:00:00,,평일
신분당선,4319,광교,D19,,20250619,신분당선,4304,신사,D4,N,신분당선,,4311,판교,D11,N,07:33:18,07:33:53,,GW011,하행,2025-05-01T05:00:00,,평일
신분당선,4319,광교,D19,,20250619,신분당선,4304,신사,D4,N,신분당선,,4312,정자,D12,N,07:36:41,07:37:16,,GW011,하행,2025-05-01T05:00:00,,평일
신분당선,4319,광교,D19,,20250619,신분당선,4304,신사,D4,N,신분당선,,4313,미금,D13,N,07:39:26,07:39:56,,GW011,하행,2025-05-01T05:00:00,,평일
신분당선,4319,광교,D19,,20250619,신분당선,4304,신사,D4,N,신분당선,,4314,동천,D14,N,07:42:04,07:42:34,,GW011,하행,2025-05-01T05:00:00,,평일
신분당선,4319,광교,D19,,20250619,신분당선,4304,신사,D4,N,신분당선,,4315,수지구청,D15,N,07:44:58,07:45:28,,GW011,하행,2025-05-01T05:00:00,,평일
신분당선,4319,광교,D19,,20250619,신분당선,4304,신사,D4,N,신분당선,,4316,성복,D16,N,07:47:30,07:48:00,,GW011,하행,2025-05-01T05:00:00,,평일
신분당선,4319,광교,D19,,20250619,신분당선,4304,신사,D4,N,신분당선,,4317,상현,D17,N,07:50:31,07:50:56,,GW011,하행,2025-05-01T05:00:00,,평일
신분당선,4319,광교,D19,,20250619,신분당선,4304,신사,D4,N,신분당선,,4318,광교중앙,D18,N,07:53:42,07:54:07,,GW011,하행,2025-05-01T05:00:00,,평일
신분당선,4319,광교,D19,,20250619,신분당선,4304,신사,D4,N,신분당선,,4319,광교,D19,N,07:57:12,,,GW011,하행,2025-05-01T05:00:00,,평일
신분당선,4319,광교,D19,,20250619,신분당선,4304,신사,D4,N,신분당선,,4304,신사,D4,N,,07:21:20,,GW012,하행,2025-05-01T05:00:00,,평일
신분당선,4319,광교,D19,,20250619,신분당선,4304,신사,D4,N,신분당선,,4305,논현,D5,N,07:22:18,07:22:53,,GW012,하행,2025-05-01T05:00:00,,평일
신분당선,4319,광교,D19,,20250619,신분당선,4304,신사,D4,N,신분당선,,4306,신논현,D6,N,07:24:03,07:24:38,,GW012,하행,2025-05-01T05:00:00,,평일
신분당선,4319,광교,D19,,20250619,신분당선,4304,신사,D4,N,신분당선,,4307,강남,D7,N,07:25:46,07:26:26,,GW012,하행,2025-05-01T05:00:00,,평일
신분당선,4319,광교,D19,,20250619,신분당선,4304,신사,D4,N,신분당선,,4308,양재,D8,N,07:28:04,07:28:34,,GW012,하행,2025-05-01T05:00:00,,평일
신분당선,4319,광교,D19,,20250619,신분당선,4304,신사,D4,N,신분당선,,4309,양재시민의숲,D9,N,07:30:15,07:30:45,,GW012,하행,2025-05-01T05:00:00,,평일
신분당선,4319,광교,D19,,20250619,신분당선,4304,신사,D4,N,신분당선,,4310,청계산입구,D10,N,07:33:15,07:33:40,,GW012,하행,2025-05-01T05:00:00,,평일
신분당선,4319,광교,D19,,20250619,신분당선,4304,신사,D4,N,신분당선,,4311,판교,D11,N,07:39:43,07:40:18,,GW012,하행,2025-05-01T05:00:00,,평일
신분당선,4319,광교,D19,,20250619,신분당선,4304,신사,D4,N,신분당선,,4312,정자,D12,N,07:43:06,07:43:41,,GW012,하행,2025-05-01T05:00:00,,평일
신분당선,4319,광교,D19,,20250619,신분당선,4304,신사,D4,N,신분당선,,4313,미금,D13,N,07:45:51,07:46:21,,GW012,하행,2025-05-01T05:00:00,,평일
신분당선,4319,광교,D19,,20250619,신분당선,4304,신사,D4,N,신분당선,,4314,동천,D14,N,07:48:29,07:48:59,,GW012,하행,2025-05-01T05:00:00,,평일
신분당선,4319,광교,D19,,20250619,신분당선,4304,신사,D4,N,신분당선,,4315,수지구청,D15,N,07:51:23,07:51:53,,GW012,하행,2025-05-01T05:00:00,,평일
신분당선,4319,광교,D19,,20250619,신분당선,4304,신사,D4,N,신분당선,,4316,성복,D16,N,07:53:55,07:54:25,,GW012,하행,2025-05-01T05:00:00,,평일
신분당선,4319,광교,D19,,20250619,신분당선,4304,신사,D4,N,신분당선,,4317,상현,D17,N,07:56:56,07:57:21,,GW012,하행,2025-05-01T05:00:00,,평일
신분당선,4319,광교,D19,,20250619,신분당선,4304,신사,D4,N,신분당선,,4318,광교중앙,D18,N,08:00:07,08:00:32,,GW012,하행,2025-05-01T05:00:00,,평일
신분당선,4319,광교,D19,,20250619,신분당선,4304,신사,D4,N,신분당선,,4319,광교,D19,N,08:03:37,,,GW012,하행,2025-05-01T05:00:00,,평일
신분당선,4319,광교,D19,,20250619,신분당선,4304,신사,D4,N,신분당선,,4304,신사,D4,N,,07:27:20,,GW013,하행,2025-05-01T05:00:00,,평일
신분당선,4319,광교,D19,,20250619,신분당선,4304,신사,D4,N,신분당선,,4305,논현,D5,N,07:28:18,07:28:53,,GW013,하행,2025-05-01T05:00:00,,평일
신분당선,4319,광교,D19,,20250619,신분당선,4304,신사,D4,N,신분당선,,4306,신논현,D6,N,07:30:03,07:30:38,,GW013,하행,2025-05-01T05:00:00,,평일
신분당선,4319,광교,D19,,20250619,신분당선,4304,신사,D4,N,신분당선,,4307,강남,D7,N,07:31:46,07:32:26,,GW013,하행,2025-05-01T05:00:00,,평일
신분당선,4319,광교,D19,,20250619,신분당선,4304,신사,D4,N,신분당선,,4308,양재,D8,N,07:34:04,07:34:34,,GW013,하행,2025-05-01T05:00:00,,평일
신분당선,4319,광교,D19,,20250619,신분당선,4304,신사,D4,N,신분당선,,4309,양재시민의숲,D9,N,07:36:15,07:36:45,,GW013,하행,2025-05-01T05:00:00,,평일
신분당선,4319,광교,D19,,20250619,신분당선,4304,신사,D4,N,신분당선,,4310,청계산입구,D10,N,07:39:15,07:39:40,,GW013,하행,2025-05-01T05:00:00,,평일
신분당선,4319,광교,D19,,20250619,신분당선,4304,신사,D4,N,신분당선,,4311,판교,D11,N,07:45:43,07:46:18,,GW013,하행,2025-05-01T05:00:00,,평일
신분당선,4319,광교,D19,,20250619,신분당선,4304,신사,D4,N,신분당선,,4312,정자,D12,N,07:49:06,07:49:41,,GW013,하행,2025-05-01T05:00:00,,평일
신분당선,4319,광교,D19,,20250619,신분당선,4304,신사,D4,N,신분당선,,4313,미금,D13,N,07:51:51,07:52:21,,GW013,하행,2025-05-01T05:00:00,,평일
신분당선,4319,광교,D19,,20250619,신분당선,4304,신사,D4,N,신분당선,,4314,동천,D14,N,07:54:29,07:54:59,,GW013,하행,2025-05-01T05:00:00,,평일
신분당선,4319,광교,D19,,20250619,신분당선,4304,신사,D4,N,신분당선,,4315,수지구청,D15,N,07:57:23,07:57:53,,GW013,하행,2025-05-01T05:00:00,,평일
신분당선,4319,광교,D19,,20250619,신분당선,4304,신사,D4,N,신분당선,,4316,성복,D16,N,07:59:55,08:00:25,,GW013,하행,2025-05-01T05:00:00,,평일
신분당선,4319,광교,D19,,20250619,신분당선,4304,신사,D4,N,신분당선,,4317,상현,D17,N,08:02:56,08:03:21,,GW013,하행,2025-05-01T05:00:00,,평일
신분당선,4319,광교,D19,,20250619,신분당선,4304,신사,D4,N,신분당선,,4318,광교중앙,D18,N,08:06:07,08:06:32,,GW013,하행,2025-05-01T05:00:00,,평일
신분당선,4319,광교,D19,,20250619,신분당선,4304,신사,D4,N,신분당선,,4319,광교,D19,N,08:09:37,,,GW013,하행,2025-05-01T05:00:00,,평일
신분당선,4319,광교,D19,,20250619,신분당선,4304,신사,D4,N,신분당선,,4304,신사,D4,N,,07:32:20,,GW014,하행,2025-05-01T05:00:00,,평일
신분당선,4319,광교,D19,,20250619,신분당선,4304,신사,D4,N,신분당선,,4305,논현,D5,N,07:33:18,07:33:53,,GW014,하행,2025-05-01T05:00:00,,평일
신분당선,4319,광교,D19,,20250619,신분당선,4304,신사,D4,N,신분당선,,4306,신논현,D6,N,07:35:03,07:35:38,,GW014,하행,2025-05-01T05:00:00,,평일
신분당선,4319,광교,D19,,20250619,신분당선,4304,신사,D4,N,신분당선,,4307,강남,D7,N,07:36:46,07:37:26,,GW014,하행,2025-05-01T05:00:00,,평일
신분당선,4319,광교,D19,,20250619,신분당선,4304,신사,D4,N,신분당선,,4308,양재,D8,N,07:39:04,07:39:34,,GW014,하행,2025-05-01T05:00:00,,평일
신분당선,4319,광교,D19,,20250619,신분당선,4304,신사,D4,N,신분당선,,4309,양재시민의숲,D9,N,07:41:15,07:41:45,,GW014,하행,2025-05-01T05:00:00,,평일
신분당선,4319,광교,D19,,20250619,신분당선,4304,신사,D4,N,신분당선,,4310,청계산입구,D10,N,07:44:15,07:44:40,,GW014,하행,2025-05-01T05:00:00,,평일
신분당선,4319,광교,D19,,20250619,신분당선,4304,신사,D4,N,신분당선,,4311,판교,D11,N,07:50:43,07:51:18,,GW014,하행,2025-05-01T05:00:00,,평일
신분당선,4319,광교,D19,,20250619,신분당선,4304,신사,D4,N,신분당선,,4312,정자,D12,N,07:54:06,07:54:41,,GW014,하행,2025-05-01T05:00:00,,평일
신분당선,4319,광교,D19,,20250619,신분당선,4304,신사,D4,N,신분당선,,4313,미금,D13,N,07:56:51,07:57:21,,GW014,하행,2025-05-01T05:00:00,,평일
신분당선,4319,광교,D19,,20250619,신분당선,4304,신사,D4,N,신분당선,,4314,동천,D14,N,07:59:29,07:59:59,,GW014,하행,2025-05-01T05:00:00,,평일
신분당선,4319,광교,D19,,20250619,신분당선,4304,신사,D4,N,신분당선,,4315,수지구청,D15,N,08:02:23,08:02:53,,GW014,하행,2025-05-01T05:00:00,,평일
신분당선,4319,광교,D19,,20250619,신분당선,4304,신사,D4,N,신분당선,,4316,성복,D16,N,08:04:55,08:05:25,,GW014,하행,2025-05-01T05:00:00,,평일
신분당선,4319,광교,D19,,20250619,신분당선,4304,신사,D4,N,신분당선,,4317,상현,D17,N,08:07:56,08:08:21,,GW014,하행,2025-05-01T05:00:00,,평일
신분당선,4319,광교,D19,,20250619,신분당선,4304,신사,D4,N,신분당선,,4318,광교중앙,D18,N,08:11:07,08:11:32,,GW014,하행,2025-05-01T05:00:00,,평일
신분당선,4319,광교,D19,,20250619,신분당선,4304,신사,D4,N,신분당선,,4319,광교,D19,N,08:14:37,,,GW014,하행,2025-05-01T05:00:00,,평일
신분당선,4319,광교,D19,,20250619,신분당선,4304,신사,D4,N,신분당선,,4304,신사,D4,N,,07:38:20,,GW015,하행,2025-05-01T05:00:00,,평일
신분당선,4319,광교,D19,,20250619,신분당선,4304,신사,D4,N,신분당선,,4305,논현,D5,N,07:39:18,07:39:53,,GW015,하행,2025-05-01T05:00:00,,평일
신분당선,4319,광교,D19,,20250619,신분당선,4304,신사,D4,N,신분당선,,4306,신논현,D6,N,07:41:03,07:41:38,,GW015,하행,2025-05-01T05:00:00,,평일
신분당선,4319,광교,D19,,20250619,신분당선,4304,신사,D4,N,신분당선,,4307,강남,D7,N,07:42:46,07:43:26,,GW015,하행,2025-05-01T05:00:00,,평일
신분당선,4319,광교,D19,,20250619,신분당선,4304,신사,D4,N,신분당선,,4308,양재,D8,N,07:45:04,07:45:34,,GW015,하행,2025-05-01T05:00:00,,평일
신분당선,4319,광교,D19,,20250619,신분당선,4304,신사,D4,N,신분당선,,4309,양재시민의숲,D9,N,07:47:15,07:47:45,,GW015,하행,2025-05-01T05:00:00,,평일
신분당선,4319,광교,D19,,20250619,신분당선,4304,신사,D4,N,신분당선,,4310,청계산입구,D10,N,07:50:15,07:50:40,,GW015,하행,2025-05-01T05:00:00,,평일
신분당선,4319,광교,D19,,20250619,신분당선,4304,신사,D4,N,신분당선,,4311,판교,D11,N,07:56:43,07:57:18,,GW015,하행,2025-05-01T05:00:00,,평일
신분당선,4319,광교,D19,,20250619,신분당선,4304,신사,D4,N,신분당선,,4312,정자,D12,N,08:00:06,08:00:41,,GW015,하행,2025-05-01T05:00:00,,평일
신분당선,4319,광교,D19,,20250619,신분당선,4304,신사,D4,N,신분당선,,4313,미금,D13,N,08:02:51,08:03:21,,GW015,하행,2025-05-01T05:00:00,,평일
신분당선,4319,광교,D19,,20250619,신분당선,4304,신사,D4,N,신분당선,,4314,동천,D14,N,08:05:29,08:05:59,,GW015,하행,2025-05-01T05:00:00,,평일
신분당선,4319,광교,D19,,20250619,신분당선,4304,신사,D4,N,신분당선,,4315,수지구청,D15,N,08:08:23,08:08:53,,GW015,하행,2025-05-01T05:00:00,,평일
신분당선,4319,광교,D19,,20250619,신분당선,4304,신사,D4,N,신분당선,,4316,성복,D16,N,08:10:55,08:11:25,,GW015,하행,2025-05-01T05:00:00,,평일
신분당선,4319,광교,D19,,20250619,신분당선,4304,신사,D4,N,신분당선,,4317,상현,D17,N,08:13:56,08:14:21,,GW015,하행,2025-05-01T05:00:00,,평일
신분당선,4319,광교,D19,,20250619,신분당선,4304,신사,D4,N,신분당선,,4318,광교중앙,D18,N,08:17:07,08:17:32,,GW015,하행,2025-05-01T05:00:00,,평일
신분당선,4319,광교,D19,,20250619,신분당선,4304,신사,D4,N,신분당선,,4319,광교,D19,N,08:20:37,,,GW015,하행,2025-05-01T05:00:00,,평일
신분당선,4319,광교,D19,,20250619,신분당선,4304,신사,D4,N,신분당선,,4304,신사,D4,N,,07:43:20,,GW016,하행,2025-05-01T05:00:00,,평일
신분당선,4319,광교,D19,,20250619,신분당선,4304,신사,D4,N,신분당선,,4305,논현,D5,N,07:44:18,07:44:53,,GW016,하행,2025-05-01T05:00:00,,평일
신분당선,4319,광교,D19,,20250619,신분당선,4304,신사,D4,N,신분당선,,4306,신논현,D6,N,07:46:03,07:46:38,,GW016,하행,2025-05-01T05:00:00,,평일
신분당선,4319,광교,D19,,20250619,신분당선,4304,신사,D4,N,신분당선,,4307,강남,D7,N,07:47:46,07:48:26,,GW016,하행,2025-05-01T05:00:00,,평일
신분당선,4319,광교,D19,,20250619,신분당선,4304,신사,D4,N,신분당선,,4308,양재,D8,N,07:50:04,07:50:34,,GW016,하행,2025-05-01T05:00:00,,평일
신분당선,4319,광교,D19,,20250619,신분당선,4304,신사,D4,N,신분당선,,4309,양재시민의숲,D9,N,07:52:15,07:52:45,,GW016,하행,2025-05-01T05:00:00,,평일
신분당선,4319,광교,D19,,20250619,신분당선,4304,신사,D4,N,신분당선,,4310,청계산입구,D10,N,07:55:15,07:55:40,,GW016,하행,2025-05-01T05:00:00,,평일
신분당선,4319,광교,D19,,20250619,신분당선,4304,신사,D4,N,신분당선,,4311,판교,D11,N,08:01:43,08:02:18,,GW016,하행,2025-05-01T05:00:00,,평일
신분당선,4319,광교,D19,,20250619,신분당선,4304,신사,D4,N,신분당선,,4312,정자,D12,N,08:05:06,08:05:41,,GW016,하행,2025-05-01T05:00:00,,평일
신분당선,4319,광교,D19,,20250619,신분당선,4304,신사,D4,N,신분당선,,4313,미금,D13,N,08:07:51,08:08:21,,GW016,하행,2025-05-01T05:00:00,,평일
신분당선,4319,광교,D19,,20250619,신분당선,4304,신사,D4,N,신분당선,,4314,동천,D14,N,08:10:29,08:10:59,,GW016,하행,2025-05-01T05:00:00,,평일
신분당선,4319,광교,D19,,20250619,신분당선,4304,신사,D4,N,신분당선,,4315,수지구청,D15,N,08:13:23,08:13:53,,GW016,하행,2025-05-01T05:00:00,,평일
신분당선,4319,광교,D19,,20250619,신분당선,4304,신사,D4,N,신분당선,,4316,성복,D16,N,08:15:55,08:16:25,,GW016,하행,2025-05-01T05:00:00,,평일
신분당선,4319,광교,D19,,20250619,신분당선,4304,신사,D4,N,신분당선,,4317,상현,D17,N,08:18:56,08:19:21,,GW016,하행,2025-05-01T05:00:00,,평일
신분당선,4319,광교,D19,,20250619,신분당선,4304,신사,D4,N,신분당선,,4318,광교중앙,D18,N,08:22:07,08:22:32,,GW016,하행,2025-05-01T05:00:00,,평일
신분당선,4319,광교,D19,,20250619,신분당선,4304,신사,D4,N,신분당선,,4319,광교,D19,N,08:25:37,,,GW016,하행,2025-05-01T05:00:00,,평일
신분당선,4319,광교,D19,,20250619,신분당선,4304,신사,D4,N,신분당선,,4304,신사,D4,N,,07:48:20,,GW017,하행,2025-05-01T05:00:00,,평일
신분당선,4319,광교,D19,,20250619,신분당선,4304,신사,D4,N,신분당선,,4305,논현,D5,N,07:49:18,07:49:53,,GW017,하행,2025-05-01T05:00:00,,평일
신분당선,4319,광교,D19,,20250619,신분당선,4304,신사,D4,N,신분당선,,4306,신논현,D6,N,07:51:03,07:51:38,,GW017,하행,2025-05-01T05:00:00,,평일
신분당선,4319,광교,D19,,20250619,신분당선,4304,신사,D4,N,신분당선,,4307,강남,D7,N,07:52:46,07:53:26,,GW017,하행,2025-05-01T05:00:00,,평일
신분당선,4319,광교,D19,,20250619,신분당선,4304,신사,D4,N,신분당선,,4308,양재,D8,N,07:55:04,07:55:34,,GW017,하행,2025-05-01T05:00:00,,평일
신분당선,4319,광교,D19,,20250619,신분당선,4304,신사,D4,N,신분당선,,4309,양재시민의숲,D9,N,07:57:15,07:57:45,,GW017,하행,2025-05-01T05:00:00,,평일
신분당선,4319,광교,D19,,20250619,신분당선,4304,신사,D4,N,신분당선,,4310,청계산입구,D10,N,08:00:15,08:00:40,,GW017,하행,2025-05-01T05:00:00,,평일
신분당선,4319,광교,D19,,20250619,신분당선,4304,신사,D4,N,신분당선,,4311,판교,D11,N,08:06:43,08:07:18,,GW017,하행,2025-05-01T05:00:00,,평일
신분당선,4319,광교,D19,,20250619,신분당선,4304,신사,D4,N,신분당선,,4312,정자,D12,N,08:10:06,08:10:41,,GW017,하행,2025-05-01T05:00:00,,평일
신분당선,4319,광교,D19,,20250619,신분당선,4304,신사,D4,N,신분당선,,4313,미금,D13,N,08:12:51,08:13:21,,GW017,하행,2025-05-01T05:00:00,,평일
신분당선,4319,광교,D19,,20250619,신분당선,4304,신사,D4,N,신분당선,,4314,동천,D14,N,08:15:29,08:15:59,,GW017,하행,2025-05-01T05:00:00,,평일
신분당선,4319,광교,D19,,20250619,신분당선,4304,신사,D4,N,신분당선,,4315,수지구청,D15,N,08:18:23,08:18:53,,GW017,하행,2025-05-01T05:00:00,,평일
신분당선,4319,광교,D19,,20250619,신분당선,4304,신사,D4,N,신분당선,,4316,성복,D16,N,08:20:55,08:21:25,,GW017,하행,2025-05-01T05:00:00,,평일
신분당선,4319,광교,D19,,20250619,신분당선,4304,신사,D4,N,신분당선,,4317,상현,D17,N,08:23:56,08:24:21,,GW017,하행,2025-05-01T05:00:00,,평일
신분당선,4319,광교,D19,,20250619,신분당선,4304,신사,D4,N,신분당선,,4318,광교중앙,D18,N,08:27:07,08:27:32,,GW017,하행,2025-05-01T05:00:00,,평일
신분당선,4319,광교,D19,,20250619,신분당선,4304,신사,D4,N,신분당선,,4319,광교,D19,N,08:30:37,,,GW017,하행,2025-05-01T05:00:00,,평일
신분당선,4319,광교,D19,,20250619,신분당선,4304,신사,D4,N,신분당선,,4304,신사,D4,N,,07:53:20,,GW018,하행,2025-05-01T05:00:00,,평일
신분당선,4319,광교,D19,,20250619,신분당선,4304,신사,D4,N,신분당선,,4305,논현,D5,N,07:54:18,07:54:53,,GW018,하행,2025-05-01T05:00:00,,평일
신분당선,4319,광교,D19,,20250619,신분당선,4304,신사,D4,N,신분당선,,4306,신논현,D6,N,07:56:03,07:56:38,,GW018,하행,2025-05-01T05:00:00,,평일
신분당선,4319,광교,D19,,20250619,신분당선,4304,신사,D4,N,신분당선,,4307,강남,D7,N,07:57:46,07:58:26,,GW018,하행,2025-05-01T05:00:00,,평일
신분당선,4319,광교,D19,,20250619,신분당선,4304,신사,D4,N,신분당선,,4308,양재,D8,N,08:00:04,08:00:34,,GW018,하행,2025-05-01T05:00:00,,평일
신분당선,4319,광교,D19,,20250619,신분당선,4304,신사,D4,N,신분당선,,4309,양재시민의숲,D9,N,08:02:15,08:02:45,,GW018,하행,2025-05-01T05:00:00,,평일
신분당선,4319,광교,D19,,20250619,신분당선,4304,신사,D4,N,신분당선,,4310,청계산입구,D10,N,08:05:15,08:05:40,,GW018,하행,2025-05-01T05:00:00,,평일
신분당선,4319,광교,D19,,20250619,신분당선,4304,신사,D4,N,신분당선,,4311,판교,D11,N,08:11:43,08:12:18,,GW018,하행,2025-05-01T05:00:00,,평일
신분당선,4319,광교,D19,,20250619,신분당선,4304,신사,D4,N,신분당선,,4312,정자,D12,N,08:15:06,08:15:41,,GW018,하행,2025-05-01T05:00:00,,평일
신분당선,4319,광교,D19,,20250619,신분당선,4304,신사,D4,N,신분당선,,4313,미금,D13,N,08:17:51,08:18:21,,GW018,하행,2025-05-01T05:00:00,,평일
신분당선,4319,광교,D19,,20250619,신분당선,4304,신사,D4,N,신분당선,,4314,동천,D14,N,08:20:29,08:20:59,,GW018,하행,2025-05-01T05:00:00,,평일
신분당선,4319,광교,D19,,20250619,신분당선,4304,신사,D4,N,신분당선,,4315,수지구청,D15,N,08:23:23,08:23:53,,GW018,하행,2025-05-01T05:00:00,,평일
신분당선,4319,광교,D19,,20250619,신분당선,4304,신사,D4,N,신분당선,,4316,성복,D16,N,08:25:55,08:26:25,,GW018,하행,2025-05-01T05:00:00,,평일
신분당선,4319,광교,D19,,20250619,신분당선,4304,신사,D4,N,신분당선,,4317,상현,D17,N,08:28:56,08:29:21,,GW018,하행,2025-05-01T05:00:00,,평일
신분당선,4319,광교,D19,,20250619,신분당선,4304,신사,D4,N,신분당선,,4318,광교중앙,D18,N,08:32:07,08:32:32,,GW018,하행,2025-05-01T05:00:00,,평일
신분당선,4319,광교,D19,,20250619,신분당선,4304,신사,D4,N,신분당선,,4319,광교,D19,N,08:35:37,,,GW018,하행,2025-05-01T05:00:00,,평일
신분당선,4319,광교,D19,,20250619,신분당선,4304,신사,D4,N,신분당선,,4304,신사,D4,N,,07:58:20,,GW019,하행,2025-05-01T05:00:00,,평일
신분당선,4319,광교,D19,,20250619,신분당선,4304,신사,D4,N,신분당선,,4305,논현,D5,N,07:59:18,07:59:53,,GW019,하행,2025-05-01T05:00:00,,평일
신분당선,4319,광교,D19,,20250619,신분당선,4304,신사,D4,N,신분당선,,4306,신논현,D6,N,08:01:03,08:01:38,,GW019,하행,2025-05-01T05:00:00,,평일
신분당선,4319,광교,D19,,20250619,신분당선,4304,신사,D4,N,신분당선,,4307,강남,D7,N,08:02:46,08:03:26,,GW019,하행,2025-05-01T05:00:00,,평일
신분당선,4319,광교,D19,,20250619,신분당선,4304,신사,D4,N,신분당선,,4308,양재,D8,N,08:05:04,08:05:34,,GW019,하행,2025-05-01T05:00:00,,평일
신분당선,4319,광교,D19,,20250619,신분당선,4304,신사,D4,N,신분당선,,4309,양재시민의숲,D9,N,08:07:15,08:07:45,,GW019,하행,2025-05-01T05:00:00,,평일
신분당선,4319,광교,D19,,20250619,신분당선,4304,신사,D4,N,신분당선,,4310,청계산입구,D10,N,08:10:15,08:10:40,,GW019,하행,2025-05-01T05:00:00,,평일
신분당선,4319,광교,D19,,20250619,신분당선,4304,신사,D4,N,신분당선,,4311,판교,D11,N,08:16:43,08:17:18,,GW019,하행,2025-05-01T05:00:00,,평일
신분당선,4319,광교,D19,,20250619,신분당선,4304,신사,D4,N,신분당선,,4312,정자,D12,N,08:20:06,08:20:41,,GW019,하행,2025-05-01T05:00:00,,평일
신분당선,4319,광교,D19,,20250619,신분당선,4304,신사,D4,N,신분당선,,4313,미금,D13,N,08:22:51,08:23:21,,GW019,하행,2025-05-01T05:00:00,,평일
신분당선,4319,광교,D19,,20250619,신분당선,4304,신사,D4,N,신분당선,,4314,동천,D14,N,08:25:29,08:25:59,,GW019,하행,2025-05-01T05:00:00,,평일
신분당선,4319,광교,D19,,20250619,신분당선,4304,신사,D4,N,신분당선,,4315,수지구청,D15,N,08:28:23,08:28:53,,GW019,하행,2025-05-01T05:00:00,,평일
신분당선,4319,광교,D19,,20250619,신분당선,4304,신사,D4,N,신분당선,,4316,성복,D16,N,08:30:55,08:31:25,,GW019,하행,2025-05-01T05:00:00,,평일
신분당선,4319,광교,D19,,20250619,신분당선,4304,신사,D4,N,신분당선,,4317,상현,D17,N,08:33:56,08:34:21,,GW019,하행,2025-05-01T05:00:00,,평일
신분당선,4319,광교,D19,,20250619,신분당선,4304,신사,D4,N,신분당선,,4318,광교중앙,D18,N,08:37:07,08:37:32,,GW019,하행,2025-05-01T05:00:00,,평일
신분당선,4319,광교,D19,,20250619,신분당선,4304,신사,D4,N,신분당선,,4319,광교,D19,N,08:40:37,,,GW019,하행,2025-05-01T05:00:00,,평일
신분당선,4319,광교,D19,,20250619,신분당선,4304,신사,D4,N,신분당선,,4304,신사,D4,N,,08:03:20,,GW020,하행,2025-05-01T05:00:00,,평일
신분당선,4319,광교,D19,,20250619,신분당선,4304,신사,D4,N,신분당선,,4305,논현,D5,N,08:04:18,08:04:53,,GW020,하행,2025-05-01T05:00:00,,평일
신분당선,4319,광교,D19,,20250619,신분당선,4304,신사,D4,N,신분당선,,4306,신논현,D6,N,08:06:03,08:06:38,,GW020,하행,2025-05-01T05:00:00,,평일
신분당선,4319,광교,D19,,20250619,신분당선,4304,신사,D4,N,신분당선,,4307,강남,D7,N,08:07:46,08:08:26,,GW020,하행,2025-05-01T05:00:00,,평일
신분당선,4319,광교,D19,,20250619,신분당선,4304,신사,D4,N,신분당선,,4308,양재,D8,N,08:10:04,08:10:34,,GW020,하행,2025-05-01T05:00:00,,평일
신분당선,4319,광교,D19,,20250619,신분당선,4304,신사,D4,N,신분당선,,4309,양재시민의숲,D9,N,08:12:15,08:12:45,,GW020,하행,2025-05-01T05:00:00,,평일
신분당선,4319,광교,D19,,20250619,신분당선,4304,신사,D4,N,신분당선,,4310,청계산입구,D10,N,08:15:15,08:15:40,,GW020,하행,2025-05-01T05:00:00,,평일
신분당선,4319,광교,D19,,20250619,신분당선,4304,신사,D4,N,신분당선,,4311,판교,D11,N,08:21:43,08:22:18,,GW020,하행,2025-05-01T05:00:00,,평일
신분당선,4319,광교,D19,,20250619,신분당선,4304,신사,D4,N,신분당선,,4312,정자,D12,N,08:25:06,08:25:41,,GW020,하행,2025-05-01T05:00:00,,평일
신분당선,4319,광교,D19,,20250619,신분당선,4304,신사,D4,N,신분당선,,4313,미금,D13,N,08:27:51,08:28:21,,GW020,하행,2025-05-01T05:00:00,,평일
신분당선,4319,광교,D19,,20250619,신분당선,4304,신사,D4,N,신분당선,,4314,동천,D14,N,08:30:29,08:30:59,,GW020,하행,2025-05-01T05:00:00,,평일
신분당선,4319,광교,D19,,20250619,신분당선,4304,신사,D4,N,신분당선,,4315,수지구청,D15,N,08:33:23,08:33:53,,GW020,하행,2025-05-01T05:00:00,,평일
신분당선,4319,광교,D19,,20250619,신분당선,4304,신사,D4,N,신분당선,,4316,성복,D16,N,08:35:55,08:36:25,,GW020,하행,2025-05-01T05:00:00,,평일
신분당선,4319,광교,D19,,20250619,신분당선,4304,신사,D4,N,신분당선,,4317,상현,D17,N,08:38:56,08:39:21,,GW020,하행,2025-05-01T05:00:00,,평일
신분당선,4319,광교,D19,,20250619,신분당선,4304,신사,D4,N,신분당선,,4318,광교중앙,D18,N,08:42:07,08:42:32,,GW020,하행,2025-05-01T05:00:00,,평일
신분당선,4319,광교,D19,,20250619,신분당선,4304,신사,D4,N,신분당선,,4319,광교,D19,N,08:45:37,,,GW020,하행,2025-05-01T05:00:00,,평일
신분당선,4319,광교,D19,,20250619,신분당선,4304,신사,D4,N,신분당선,,4304,신사,D4,N,,08:08:20,,GW021,하행,2025-05-01T05:00:00,,평일
신분당선,4319,광교,D19,,20250619,신분당선,4304,신사,D4,N,신분당선,,4305,논현,D5,N,08:09:18,08:09:53,,GW021,하행,2025-05-01T05:00:00,,평일
신분당선,4319,광교,D19,,20250619,신분당선,4304,신사,D4,N,신분당선,,4306,신논현,D6,N,08:11:03,08:11:38,,GW021,하행,2025-05-01T05:00:00,,평일
신분당선,4319,광교,D19,,20250619,신분당선,4304,신사,D4,N,신분당선,,4307,강남,D7,N,08:12:46,08:13:26,,GW021,하행,2025-05-01T05:00:00,,평일
신분당선,4319,광교,D19,,20250619,신분당선,4304,신사,D4,N,신분당선,,4308,양재,D8,N,08:15:04,08:15:34,,GW021,하행,2025-05-01T05:00:00,,평일
신분당선,4319,광교,D19,,20250619,신분당선,4304,신사,D4,N,신분당선,,4309,양재시민의숲,D9,N,08:17:15,08:17:45,,GW021,하행,2025-05-01T05:00:00,,평일
신분당선,4319,광교,D19,,20250619,신분당선,4304,신사,D4,N,신분당선,,4310,청계산입구,D10,N,08:20:15,08:20:40,,GW021,하행,2025-05-01T05:00:00,,평일
신분당선,4319,광교,D19,,20250619,신분당선,4304,신사,D4,N,신분당선,,4311,판교,D11,N,08:26:43,08:27:18,,GW021,하행,2025-05-01T05:00:00,,평일
신분당선,4319,광교,D19,,20250619,신분당선,4304,신사,D4,N,신분당선,,4312,정자,D12,N,08:30:06,08:30:41,,GW021,하행,2025-05-01T05:00:00,,평일
신분당선,4319,광교,D19,,20250619,신분당선,4304,신사,D4,N,신분당선,,4313,미금,D13,N,08:32:51,08:33:21,,GW021,하행,2025-05-01T05:00:00,,평일
신분당선,4319,광교,D19,,20250619,신분당선,4304,신사,D4,N,신분당선,,4314,동천,D14,N,08:35:29,08:35:59,,GW021,하행,2025-05-01T05:00:00,,평일
신분당선,4319,광교,D19,,20250619,신분당선,4304,신사,D4,N,신분당선,,4315,수지구청,D15,N,08:38:23,08:38:53,,GW021,하행,2025-05-01T05:00:00,,평일
신분당선,4319,광교,D19,,20250619,신분당선,4304,신사,D4,N,신분당선,,4316,성복,D16,N,08:40:55,08:41:25,,GW021,하행,2025-05-01T05:00:00,,평일
신분당선,4319,광교,D19,,20250619,신분당선,4304,신사,D4,N,신분당선,,4317,상현,D17,N,08:43:56,08:44:21,,GW021,하행,2025-05-01T05:00:00,,평일
신분당선,4319,광교,D19,,20250619,신분당선,4304,신사,D4,N,신분당선,,4318,광교중앙,D18,N,08:47:07,08:47:32,,GW021,하행,2025-05-01T05:00:00,,평일
신분당선,4319,광교,D19,,20250619,신분당선,4304,신사,D4,N,신분당선,,4319,광교,D19,N,08:50:37,,,GW021,하행,2025-05-01T05:00:00,,평일
신분당선,4319,광교,D19,,20250619,신분당선,4304,신사,D4,N,신분당선,,4304,신사,D4,N,,08:13:20,,GW022,하행,2025-05-01T05:00:00,,평일
신분당선,4319,광교,D19,,20250619,신분당선,4304,신사,D4,N,신분당선,,4305,논현,D5,N,08:14:18,08:14:53,,GW022,하행,2025-05-01T05:00:00,,평일
신분당선,4319,광교,D19,,20250619,신분당선,4304,신사,D4,N,신분당선,,4306,신논현,D6,N,08:16:03,08:16:38,,GW022,하행,2025-05-01T05:00:00,,평일
신분당선,4319,광교,D19,,20250619,신분당선,4304,신사,D4,N,신분당선,,4307,강남,D7,N,08:17:46,08:18:26,,GW022,하행,2025-05-01T05:00:00,,평일
신분당선,4319,광교,D19,,20250619,신분당선,4304,신사,D4,N,신분당선,,4308,양재,D8,N,08:20:04,08:20:34,,GW022,하행,2025-05-01T05:00:00,,평일
신분당선,4319,광교,D19,,20250619,신분당선,4304,신사,D4,N,신분당선,,4309,양재시민의숲,D9,N,08:22:15,08:22:45,,GW022,하행,2025-05-01T05:00:00,,평일
신분당선,4319,광교,D19,,20250619,신분당선,4304,신사,D4,N,신분당선,,4310,청계산입구,D10,N,08:25:15,08:25:40,,GW022,하행,2025-05-01T05:00:00,,평일
신분당선,4319,광교,D19,,20250619,신분당선,4304,신사,D4,N,신분당선,,4311,판교,D11,N,08:31:43,08:32:18,,GW022,하행,2025-05-01T05:00:00,,평일
신분당선,4319,광교,D19,,20250619,신분당선,4304,신사,D4,N,신분당선,,4312,정자,D12,N,08:35:06,08:35:41,,GW022,하행,2025-05-01T05:00:00,,평일
신분당선,4319,광교,D19,,20250619,신분당선,4304,신사,D4,N,신분당선,,4313,미금,D13,N,08:37:51,08:38:21,,GW022,하행,2025-05-01T05:00:00,,평일
신분당선,4319,광교,D19,,20250619,신분당선,4304,신사,D4,N,신분당선,,4314,동천,D14,N,08:40:29,08:40:59,,GW022,하행,2025-05-01T05:00:00,,평일
신분당선,4319,광교,D19,,20250619,신분당선,4304,신사,D4,N,신분당선,,4315,수지구청,D15,N,08:43:23,08:43:53,,GW022,하행,2025-05-01T05:00:00,,평일
신분당선,4319,광교,D19,,20250619,신분당선,4304,신사,D4,N,신분당선,,4316,성복,D16,N,08:45:55,08:46:25,,GW022,하행,2025-05-01T05:00:00,,평일
신분당선,4319,광교,D19,,20250619,신분당선,4304,신사,D4,N,신분당선,,4317,상현,D17,N,08:48:56,08:49:21,,GW022,하행,2025-05-01T05:00:00,,평일
신분당선,4319,광교,D19,,20250619,신분당선,4304,신사,D4,N,신분당선,,4318,광교중앙,D18,N,08:52:07,08:52:32,,GW022,하행,2025-05-01T05:00:00,,평일
신분당선,4319,광교,D19,,20250619,신분당선,4304,신사,D4,N,신분당선,,4319,광교,D19,N,08:55:37,,,GW022,하행,2025-05-01T05:00:00,,평일
신분당선,4319,광교,D19,,20250619,신분당선,4304,신사,D4,N,신분당선,,4304,신사,D4,N,,08:18:20,,GW023,하행,2025-05-01T05:00:00,,평일
신분당선,4319,광교,D19,,20250619,신분당선,4304,신사,D4,N,신분당선,,4305,논현,D5,N,08:19:18,08:19:53,,GW023,하행,2025-05-01T05:00:00,,평일
신분당선,4319,광교,D19,,20250619,신분당선,4304,신사,D4,N,신분당선,,4306,신논현,D6,N,08:21:03,08:21:38,,GW023,하행,2025-05-01T05:00:00,,평일
신분당선,4319,광교,D19,,20250619,신분당선,4304,신사,D4,N,신분당선,,4307,강남,D7,N,08:22:46,08:23:26,,GW023,하행,2025-05-01T05:00:00,,평일
신분당선,4319,광교,D19,,20250619,신분당선,4304,신사,D4,N,신분당선,,4308,양재,D8,N,08:25:04,08:25:34,,GW023,하행,2025-05-01T05:00:00,,평일
신분당선,4319,광교,D19,,20250619,신분당선,4304,신사,D4,N,신분당선,,4309,양재시민의숲,D9,N,08:27:15,08:27:45,,GW023,하행,2025-05-01T05:00:00,,평일
신분당선,4319,광교,D19,,20250619,신분당선,4304,신사,D4,N,신분당선,,4310,청계산입구,D10,N,08:30:15,08:30:40,,GW023,하행,2025-05-01T05:00:00,,평일
신분당선,4319,광교,D19,,20250619,신분당선,4304,신사,D4,N,신분당선,,4311,판교,D11,N,08:36:43,08:37:18,,GW023,하행,2025-05-01T05:00:00,,평일
신분당선,4319,광교,D19,,20250619,신분당선,4304,신사,D4,N,신분당선,,4312,정자,D12,N,08:40:06,08:40:41,,GW023,하행,2025-05-01T05:00:00,,평일
신분당선,4319,광교,D19,,20250619,신분당선,4304,신사,D4,N,신분당선,,4313,미금,D13,N,08:42:51,08:43:21,,GW023,하행,2025-05-01T05:00:00,,평일
신분당선,4319,광교,D19,,20250619,신분당선,4304,신사,D4,N,신분당선,,4314,동천,D14,N,08:45:29,08:45:59,,GW023,하행,2025-05-01T05:00:00,,평일
신분당선,4319,광교,D19,,20250619,신분당선,4304,신사,D4,N,신분당선,,4315,수지구청,D15,N,08:48:23,08:48:53,,GW023,하행,2025-05-01T05:00:00,,평일
신분당선,4319,광교,D19,,20250619,신분당선,4304,신사,D4,N,신분당선,,4316,성복,D16,N,08:50:55,08:51:25,,GW023,하행,2025-05-01T05:00:00,,평일
신분당선,4319,광교,D19,,20250619,신분당선,4304,신사,D4,N,신분당선,,4317,상현,D17,N,08:53:56,08:54:21,,GW023,하행,2025-05-01T05:00:00,,평일
신분당선,4319,광교,D19,,20250619,신분당선,4304,신사,D4,N,신분당선,,4318,광교중앙,D18,N,08:57:07,08:57:32,,GW023,하행,2025-05-01T05:00:00,,평일
신분당선,4319,광교,D19,,20250619,신분당선,4304,신사,D4,N,신분당선,,4319,광교,D19,N,09:00:37,,,GW023,하행,2025-05-01T05:00:00,,평일
신분당선,4319,광교,D19,,20250619,신분당선,4304,신사,D4,N,신분당선,,4304,신사,D4,N,,08:23:20,,GW024,하행,2025-05-01T05:00:00,,평일
신분당선,4319,광교,D19,,20250619,신분당선,4304,신사,D4,N,신분당선,,4305,논현,D5,N,08:24:18,08:24:53,,GW024,하행,2025-05-01T05:00:00,,평일
신분당선,4319,광교,D19,,20250619,신분당선,4304,신사,D4,N,신분당선,,4306,신논현,D6,N,08:26:03,08:26:38,,GW024,하행,2025-05-01T05:00:00,,평일
신분당선,4319,광교,D19,,20250619,신분당선,4304,신사,D4,N,신분당선,,4307,강남,D7,N,08:27:46,08:28:26,,GW024,하행,2025-05-01T05:00:00,,평일
신분당선,4319,광교,D19,,20250619,신분당선,4304,신사,D4,N,신분당선,,4308,양재,D8,N,08:30:04,08:30:34,,GW024,하행,2025-05-01T05:00:00,,평일
신분당선,4319,광교,D19,,20250619,신분당선,4304,신사,D4,N,신분당선,,4309,양재시민의숲,D9,N,08:32:15,08:32:45,,GW024,하행,2025-05-01T05:00:00,,평일
신분당선,4319,광교,D19,,20250619,신분당선,4304,신사,D4,N,신분당선,,4310,청계산입구,D10,N,08:35:15,08:35:40,,GW024,하행,2025-05-01T05:00:00,,평일
신분당선,4319,광교,D19,,20250619,신분당선,4304,신사,D4,N,신분당선,,4311,판교,D11,N,08:41:43,08:42:18,,GW024,하행,2025-05-01T05:00:00,,평일
신분당선,4319,광교,D19,,20250619,신분당선,4304,신사,D4,N,신분당선,,4312,정자,D12,N,08:45:06,08:45:41,,GW024,하행,2025-05-01T05:00:00,,평일
신분당선,4319,광교,D19,,20250619,신분당선,4304,신사,D4,N,신분당선,,4313,미금,D13,N,08:47:51,08:48:21,,GW024,하행,2025-05-01T05:00:00,,평일
신분당선,4319,광교,D19,,20250619,신분당선,4304,신사,D4,N,신분당선,,4314,동천,D14,N,08:50:29,08:50:59,,GW024,하행,2025-05-01T05:00:00,,평일
신분당선,4319,광교,D19,,20250619,신분당선,4304,신사,D4,N,신분당선,,4315,수지구청,D15,N,08:53:23,08:53:53,,GW024,하행,2025-05-01T05:00:00,,평일
신분당선,4319,광교,D19,,20250619,신분당선,4304,신사,D4,N,신분당선,,4316,성복,D16,N,08:55:55,08:56:25,,GW024,하행,2025-05-01T05:00:00,,평일
신분당선,4319,광교,D19,,20250619,신분당선,4304,신사,D4,N,신분당선,,4317,상현,D17,N,08:58:56,08:59:21,,GW024,하행,2025-05-01T05:00:00,,평일
신분당선,4319,광교,D19,,20250619,신분당선,4304,신사,D4,N,신분당선,,4318,광교중앙,D18,N,09:02:07,09:02:32,,GW024,하행,2025-05-01T05:00:00,,평일
신분당선,4319,광교,D19,,20250619,신분당선,4304,신사,D4,N,신분당선,,4319,광교,D19,N,09:05:37,,,GW024,하행,2025-05-01T05:00:00,,평일
신분당선,4319,광교,D19,,20250619,신분당선,4304,신사,D4,N,신분당선,,4304,신사,D4,N,,08:28:20,,GW025,하행,2025-05-01T05:00:00,,평일
신분당선,4319,광교,D19,,20250619,신분당선,4304,신사,D4,N,신분당선,,4305,논현,D5,N,08:29:18,08:29:53,,GW025,하행,2025-05-01T05:00:00,,평일
신분당선,4319,광교,D19,,20250619,신분당선,4304,신사,D4,N,신분당선,,4306,신논현,D6,N,08:31:03,08:31:38,,GW025,하행,2025-05-01T05:00:00,,평일
신분당선,4319,광교,D19,,20250619,신분당선,4304,신사,D4,N,신분당선,,4307,강남,D7,N,08:32:46,08:33:26,,GW025,하행,2025-05-01T05:00:00,,평일
신분당선,4319,광교,D19,,20250619,신분당선,4304,신사,D4,N,신분당선,,4308,양재,D8,N,08:35:04,08:35:34,,GW025,하행,2025-05-01T05:00:00,,평일
신분당선,4319,광교,D19,,20250619,신분당선,4304,신사,D4,N,신분당선,,4309,양재시민의숲,D9,N,08:37:15,08:37:45,,GW025,하행,2025-05-01T05:00:00,,평일
신분당선,4319,광교,D19,,20250619,신분당선,4304,신사,D4,N,신분당선,,4310,청계산입구,D10,N,08:40:15,08:40:40,,GW025,하행,2025-05-01T05:00:00,,평일
신분당선,4319,광교,D19,,20250619,신분당선,4304,신사,D4,N,신분당선,,4311,판교,D11,N,08:46:43,08:47:18,,GW025,하행,2025-05-01T05:00:00,,평일
신분당선,4319,광교,D19,,20250619,신분당선,4304,신사,D4,N,신분당선,,4312,정자,D12,N,08:50:06,08:50:41,,GW025,하행,2025-05-01T05:00:00,,평일
신분당선,4319,광교,D19,,20250619,신분당선,4304,신사,D4,N,신분당선,,4313,미금,D13,N,08:52:51,08:53:21,,GW025,하행,2025-05-01T05:00:00,,평일
신분당선,4319,광교,D19,,20250619,신분당선,4304,신사,D4,N,신분당선,,4314,동천,D14,N,08:55:29,08:55:59,,GW025,하행,2025-05-01T05:00:00,,평일
신분당선,4319,광교,D19,,20250619,신분당선,4304,신사,D4,N,신분당선,,4315,수지구청,D15,N,08:58:23,08:58:53,,GW025,하행,2025-05-01T05:00:00,,평일
신분당선,4319,광교,D19,,20250619,신분당선,4304,신사,D4,N,신분당선,,4316,성복,D16,N,09:00:55,09:01:25,,GW025,하행,2025-05-01T05:00:00,,평일
신분당선,4319,광교,D19,,20250619,신분당선,4304,신사,D4,N,신분당선,,4317,상현,D17,N,09:03:56,09:04:21,,GW025,하행,2025-05-01T05:00:00,,평일
신분당선,4319,광교,D19,,20250619,신분당선,4304,신사,D4,N,신분당선,,4318,광교중앙,D18,N,09:07:07,09:07:32,,GW025,하행,2025-05-01T05:00:00,,평일
신분당선,4319,광교,D19,,20250619,신분당선,4304,신사,D4,N,신분당선,,4319,광교,D19,N,09:10:37,,,GW025,하행,2025-05-01T05:00:00,,평일
신분당선,4319,광교,D19,,20250619,신분당선,4304,신사,D4,N,신분당선,,4304,신사,D4,N,,08:33:20,,GW026,하행,2025-05-01T05:00:00,,평일
신분당선,4319,광교,D19,,20250619,신분당선,4304,신사,D4,N,신분당선,,4305,논현,D5,N,08:34:18,08:34:53,,GW026,하행,2025-05-01T05:00:00,,평일
신분당선,4319,광교,D19,,20250619,신분당선,4304,신사,D4,N,신분당선,,4306,신논현,D6,N,08:36:03,08:36:38,,GW026,하행,2025-05-01T05:00:00,,평일
신분당선,4319,광교,D19,,20250619,신분당선,4304,신사,D4,N,신분당선,,4307,강남,D7,N,08:37:46,08:38:26,,GW026,하행,2025-05-01T05:00:00,,평일
신분당선,4319,광교,D19,,20250619,신분당선,4304,신사,D4,N,신분당선,,4308,양재,D8,N,08:40:04,08:40:34,,GW026,하행,2025-05-01T05:00:00,,평일
신분당선,4319,광교,D19,,20250619,신분당선,4304,신사,D4,N,신분당선,,4309,양재시민의숲,D9,N,08:42:15,08:42:45,,GW026,하행,2025-05-01T05:00:00,,평일
신분당선,4319,광교,D19,,20250619,신분당선,4304,신사,D4,N,신분당선,,4310,청계산입구,D10,N,08:45:15,08:45:40,,GW026,하행,2025-05-01T05:00:00,,평일
신분당선,4319,광교,D19,,20250619,신분당선,4304,신사,D4,N,신분당선,,4311,판교,D11,N,08:51:43,08:52:18,,GW026,하행,2025-05-01T05:00:00,,평일
신분당선,4319,광교,D19,,20250619,신분당선,4304,신사,D4,N,신분당선,,4312,정자,D12,N,08:55:06,08:55:41,,GW026,하행,2025-05-01T05:00:00,,평일
신분당선,4319,광교,D19,,20250619,신분당선,4304,신사,D4,N,신분당선,,4313,미금,D13,N,08:57:51,08:58:21,,GW026,하행,2025-05-01T05:00:00,,평일
신분당선,4319,광교,D19,,20250619,신분당선,4304,신사,D4,N,신분당선,,4314,동천,D14,N,09:00:29,09:00:59,,GW026,하행,2025-05-01T05:00:00,,평일
신분당선,4319,광교,D19,,20250619,신분당선,4304,신사,D4,N,신분당선,,4315,수지구청,D15,N,09:03:23,09:03:53,,GW026,하행,2025-05-01T05:00:00,,평일
신분당선,4319,광교,D19,,20250619,신분당선,4304,신사,D4,N,신분당선,,4316,성복,D16,N,09:05:55,09:06:25,,GW026,하행,2025-05-01T05:00:00,,평일
신분당선,4319,광교,D19,,20250619,신분당선,4304,신사,D4,N,신분당선,,4317,상현,D17,N,09:08:56,09:09:21,,GW026,하행,2025-05-01T05:00:00,,평일
신분당선,4319,광교,D19,,20250619,신분당선,4304,신사,D4,N,신분당선,,4318,광교중앙,D18,N,09:12:07,09:12:32,,GW026,하행,2025-05-01T05:00:00,,평일
신분당선,4319,광교,D19,,20250619,신분당선,4304,신사,D4,N,신분당선,,4319,광교,D19,N,09:15:37,,,GW026,하행,2025-05-01T05:00:00,,평일
신분당선,4319,광교,D19,,20250619,신분당선,4304,신사,D4,N,신분당선,,4304,신사,D4,N,,08:38:20,,GW027,하행,2025-05-01T05:00:00,,평일
신분당선,4319,광교,D19,,20250619,신분당선,4304,신사,D4,N,신분당선,,4305,논현,D5,N,08:39:18,08:39:53,,GW027,하행,2025-05-01T05:00:00,,평일
신분당선,4319,광교,D19,,20250619,신분당선,4304,신사,D4,N,신분당선,,4306,신논현,D6,N,08:41:03,08:41:38,,GW027,하행,2025-05-01T05:00:00,,평일
신분당선,4319,광교,D19,,20250619,신분당선,4304,신사,D4,N,신분당선,,4307,강남,D7,N,08:42:46,08:43:26,,GW027,하행,2025-05-01T05:00:00,,평일
신분당선,4319,광교,D19,,20250619,신분당선,4304,신사,D4,N,신분당선,,4308,양재,D8,N,08:45:04,08:45:34,,GW027,하행,2025-05-01T05:00:00,,평일
신분당선,4319,광교,D19,,20250619,신분당선,4304,신사,D4,N,신분당선,,4309,양재시민의숲,D9,N,08:47:15,08:47:45,,GW027,하행,2025-05-01T05:00:00,,평일
신분당선,4319,광교,D19,,20250619,신분당선,4304,신사,D4,N,신분당선,,4310,청계산입구,D10,N,08:50:15,08:50:40,,GW027,하행,2025-05-01T05:00:00,,평일
신분당선,4319,광교,D19,,20250619,신분당선,4304,신사,D4,N,신분당선,,4311,판교,D11,N,08:56:43,08:57:18,,GW027,하행,2025-05-01T05:00:00,,평일
신분당선,4319,광교,D19,,20250619,신분당선,4304,신사,D4,N,신분당선,,4312,정자,D12,N,09:00:06,09:00:41,,GW027,하행,2025-05-01T05:00:00,,평일
신분당선,4319,광교,D19,,20250619,신분당선,4304,신사,D4,N,신분당선,,4313,미금,D13,N,09:02:51,09:03:21,,GW027,하행,2025-05-01T05:00:00,,평일
신분당선,4319,광교,D19,,20250619,신분당선,4304,신사,D4,N,신분당선,,4314,동천,D14,N,09:05:29,09:05:59,,GW027,하행,2025-05-01T05:00:00,,평일
신분당선,4319,광교,D19,,20250619,신분당선,4304,신사,D4,N,신분당선,,4315,수지구청,D15,N,09:08:23,09:08:53,,GW027,하행,2025-05-01T05:00:00,,평일
신분당선,4319,광교,D19,,20250619,신분당선,4304,신사,D4,N,신분당선,,4316,성복,D16,N,09:10:55,09:11:25,,GW027,하행,2025-05-01T05:00:00,,평일
신분당선,4319,광교,D19,,20250619,신분당선,4304,신사,D4,N,신분당선,,4317,상현,D17,N,09:13:56,09:14:21,,GW027,하행,2025-05-01T05:00:00,,평일
신분당선,4319,광교,D19,,20250619,신분당선,4304,신사,D4,N,신분당선,,4318,광교중앙,D18,N,09:17:07,09:17:32,,GW027,하행,2025-05-01T05:00:00,,평일
신분당선,4319,광교,D19,,20250619,신분당선,4304,신사,D4,N,신분당선,,4319,광교,D19,N,09:20:37,,,GW027,하행,2025-05-01T05:00:00,,평일
신분당선,4319,광교,D19,,20250619,신분당선,4304,신사,D4,N,신분당선,,4304,신사,D4,N,,08:43:20,,GW028,하행,2025-05-01T05:00:00,,평일
신분당선,4319,광교,D19,,20250619,신분당선,4304,신사,D4,N,신분당선,,4305,논현,D5,N,08:44:18,08:44:53,,GW028,하행,2025-05-01T05:00:00,,평일
신분당선,4319,광교,D19,,20250619,신분당선,4304,신사,D4,N,신분당선,,4306,신논현,D6,N,08:46:03,08:46:38,,GW028,하행,2025-05-01T05:00:00,,평일
신분당선,4319,광교,D19,,20250619,신분당선,4304,신사,D4,N,신분당선,,4307,강남,D7,N,08:47:46,08:48:26,,GW028,하행,2025-05-01T05:00:00,,평일
신분당선,4319,광교,D19,,20250619,신분당선,4304,신사,D4,N,신분당선,,4308,양재,D8,N,08:50:04,08:50:34,,GW028,하행,2025-05-01T05:00:00,,평일
신분당선,4319,광교,D19,,20250619,신분당선,4304,신사,D4,N,신분당선,,4309,양재시민의숲,D9,N,08:52:15,08:52:45,,GW028,하행,2025-05-01T05:00:00,,평일
신분당선,4319,광교,D19,,20250619,신분당선,4304,신사,D4,N,신분당선,,4310,청계산입구,D10,N,08:55:15,08:55:40,,GW028,하행,2025-05-01T05:00:00,,평일
신분당선,4319,광교,D19,,20250619,신분당선,4304,신사,D4,N,신분당선,,4311,판교,D11,N,09:01:43,09:02:18,,GW028,하행,2025-05-01T05:00:00,,평일
신분당선,4319,광교,D19,,20250619,신분당선,4304,신사,D4,N,신분당선,,4312,정자,D12,N,09:05:06,09:05:41,,GW028,하행,2025-05-01T05:00:00,,평일
신분당선,4319,광교,D19,,20250619,신분당선,4304,신사,D4,N,신분당선,,4313,미금,D13,N,09:07:51,09:08:21,,GW028,하행,2025-05-01T05:00:00,,평일
신분당선,4319,광교,D19,,20250619,신분당선,4304,신사,D4,N,신분당선,,4314,동천,D14,N,09:10:29,09:10:59,,GW028,하행,2025-05-01T05:00:00,,평일
신분당선,4319,광교,D19,,20250619,신분당선,4304,신사,D4,N,신분당선,,4315,수지구청,D15,N,09:13:23,09:13:53,,GW028,하행,2025-05-01T05:00:00,,평일
신분당선,4319,광교,D19,,20250619,신분당선,4304,신사,D4,N,신분당선,,4316,성복,D16,N,09:15:55,09:16:25,,GW028,하행,2025-05-01T05:00:00,,평일
신분당선,4319,광교,D19,,20250619,신분당선,4304,신사,D4,N,신분당선,,4317,상현,D17,N,09:18:56,09:19:21,,GW028,하행,2025-05-01T05:00:00,,평일
신분당선,4319,광교,D19,,20250619,신분당선,4304,신사,D4,N,신분당선,,4318,광교중앙,D18,N,09:22:07,09:22:32,,GW028,하행,2025-05-01T05:00:00,,평일
신분당선,4319,광교,D19,,20250619,신분당선,4304,신사,D4,N,신분당선,,4319,광교,D19,N,09:25:37,,,GW028,하행,2025-05-01T05:00:00,,평일
신분당선,4319,광교,D19,,20250619,신분당선,4304,신사,D4,N,신분당선,,4304,신사,D4,N,,08:48:20,,GW029,하행,2025-05-01T05:00:00,,평일
신분당선,4319,광교,D19,,20250619,신분당선,4304,신사,D4,N,신분당선,,4305,논현,D5,N,08:49:18,08:49:53,,GW029,하행,2025-05-01T05:00:00,,평일
신분당선,4319,광교,D19,,20250619,신분당선,4304,신사,D4,N,신분당선,,4306,신논현,D6,N,08:51:03,08:51:38,,GW029,하행,2025-05-01T05:00:00,,평일
신분당선,4319,광교,D19,,20250619,신분당선,4304,신사,D4,N,신분당선,,4307,강남,D7,N,08:52:46,08:53:26,,GW029,하행,2025-05-01T05:00:00,,평일
신분당선,4319,광교,D19,,20250619,신분당선,4304,신사,D4,N,신분당선,,4308,양재,D8,N,08:55:04,08:55:34,,GW029,하행,2025-05-01T05:00:00,,평일
신분당선,4319,광교,D19,,20250619,신분당선,4304,신사,D4,N,신분당선,,4309,양재시민의숲,D9,N,08:57:15,08:57:45,,GW029,하행,2025-05-01T05:00:00,,평일
신분당선,4319,광교,D19,,20250619,신분당선,4304,신사,D4,N,신분당선,,4310,청계산입구,D10,N,09:00:15,09:00:40,,GW029,하행,2025-05-01T05:00:00,,평일
신분당선,4319,광교,D19,,20250619,신분당선,4304,신사,D4,N,신분당선,,4311,판교,D11,N,09:06:43,09:07:18,,GW029,하행,2025-05-01T05:00:00,,평일
신분당선,4319,광교,D19,,20250619,신분당선,4304,신사,D4,N,신분당선,,4312,정자,D12,N,09:10:06,09:10:41,,GW029,하행,2025-05-01T05:00:00,,평일
신분당선,4319,광교,D19,,20250619,신분당선,4304,신사,D4,N,신분당선,,4313,미금,D13,N,09:12:51,09:13:21,,GW029,하행,2025-05-01T05:00:00,,평일
신분당선,4319,광교,D19,,20250619,신분당선,4304,신사,D4,N,신분당선,,4314,동천,D14,N,09:15:29,09:15:59,,GW029,하행,2025-05-01T05:00:00,,평일
신분당선,4319,광교,D19,,20250619,신분당선,4304,신사,D4,N,신분당선,,4315,수지구청,D15,N,09:18:23,09:18:53,,GW029,하행,2025-05-01T05:00:00,,평일
신분당선,4319,광교,D19,,20250619,신분당선,4304,신사,D4,N,신분당선,,4316,성복,D16,N,09:20:55,09:21:25,,GW029,하행,2025-05-01T05:00:00,,평일
신분당선,4319,광교,D19,,20250619,신분당선,4304,신사,D4,N,신분당선,,4317,상현,D17,N,09:23:56,09:24:21,,GW029,하행,2025-05-01T05:00:00,,평일
신분당선,4319,광교,D19,,20250619,신분당선,4304,신사,D4,N,신분당선,,4318,광교중앙,D18,N,09:27:07,09:27:32,,GW029,하행,2025-05-01T05:00:00,,평일
신분당선,4319,광교,D19,,20250619,신분당선,4304,신사,D4,N,신분당선,,4319,광교,D19,N,09:30:37,,,GW029,하행,2025-05-01T05:00:00,,평일
신분당선,4319,광교,D19,,20250619,신분당선,4304,신사,D4,N,신분당선,,4304,신사,D4,N,,08:53:20,,GW030,하행,2025-05-01T05:00:00,,평일
신분당선,4319,광교,D19,,20250619,신분당선,4304,신사,D4,N,신분당선,,4305,논현,D5,N,08:54:18,08:54:53,,GW030,하행,2025-05-01T05:00:00,,평일
신분당선,4319,광교,D19,,20250619,신분당선,4304,신사,D4,N,신분당선,,4306,신논현,D6,N,08:56:03,08:56:38,,GW030,하행,2025-05-01T05:00:00,,평일
신분당선,4319,광교,D19,,20250619,신분당선,4304,신사,D4,N,신분당선,,4307,강남,D7,N,08:57:46,08:58:26,,GW030,하행,2025-05-01T05:00:00,,평일
신분당선,4319,광교,D19,,20250619,신분당선,4304,신사,D4,N,신분당선,,4308,양재,D8,N,09:00:04,09:00:34,,GW030,하행,2025-05-01T05:00:00,,평일
신분당선,4319,광교,D19,,20250619,신분당선,4304,신사,D4,N,신분당선,,4309,양재시민의숲,D9,N,09:02:15,09:02:45,,GW030,하행,2025-05-01T05:00:00,,평일
신분당선,4319,광교,D19,,20250619,신분당선,4304,신사,D4,N,신분당선,,4310,청계산입구,D10,N,09:05:15,09:05:40,,GW030,하행,2025-05-01T05:00:00,,평일
신분당선,4319,광교,D19,,20250619,신분당선,4304,신사,D4,N,신분당선,,4311,판교,D11,N,09:11:43,09:12:18,,GW030,하행,2025-05-01T05:00:00,,평일
신분당선,4319,광교,D19,,20250619,신분당선,4304,신사,D4,N,신분당선,,4312,정자,D12,N,09:15:06,09:15:41,,GW030,하행,2025-05-01T05:00:00,,평일
신분당선,4319,광교,D19,,20250619,신분당선,4304,신사,D4,N,신분당선,,4313,미금,D13,N,09:17:51,09:18:21,,GW030,하행,2025-05-01T05:00:00,,평일
신분당선,4319,광교,D19,,20250619,신분당선,4304,신사,D4,N,신분당선,,4314,동천,D14,N,09:20:29,09:20:59,,GW030,하행,2025-05-01T05:00:00,,평일
신분당선,4319,광교,D19,,20250619,신분당선,4304,신사,D4,N,신분당선,,4315,수지구청,D15,N,09:23:23,09:23:53,,GW030,하행,2025-05-01T05:00:00,,평일
신분당선,4319,광교,D19,,20250619,신분당선,4304,신사,D4,N,신분당선,,4316,성복,D16,N,09:25:55,09:26:25,,GW030,하행,2025-05-01T05:00:00,,평일
신분당선,4319,광교,D19,,20250619,신분당선,4304,신사,D4,N,신분당선,,4317,상현,D17,N,09:28:56,09:29:21,,GW030,하행,2025-05-01T05:00:00,,평일
신분당선,4319,광교,D19,,20250619,신분당선,4304,신사,D4,N,신분당선,,4318,광교중앙,D18,N,09:32:07,09:32:32,,GW030,하행,2025-05-01T05:00:00,,평일
신분당선,4319,광교,D19,,20250619,신분당선,4304,신사,D4,N,신분당선,,4319,광교,D19,N,09:35:37,,,GW030,하행,2025-05-01T05:00:00,,평일
신분당선,4319,광교,D19,,20250619,신분당선,4304,신사,D4,N,신분당선,,4304,신사,D4,N,,08:58:20,,GW031,하행,2025-05-01T05:00:00,,평일
신분당선,4319,광교,D19,,20250619,신분당선,4304,신사,D4,N,신분당선,,4305,논현,D5,N,08:59:18,08:59:53,,GW031,하행,2025-05-01T05:00:00,,평일
신분당선,4319,광교,D19,,20250619,신분당선,4304,신사,D4,N,신분당선,,4306,신논현,D6,N,09:01:03,09:01:38,,GW031,하행,2025-05-01T05:00:00,,평일
신분당선,4319,광교,D19,,20250619,신분당선,4304,신사,D4,N,신분당선,,4307,강남,D7,N,09:02:46,09:03:26,,GW031,하행,2025-05-01T05:00:00,,평일
신분당선,4319,광교,D19,,20250619,신분당선,4304,신사,D4,N,신분당선,,4308,양재,D8,N,09:05:04,09:05:34,,GW031,하행,2025-05-01T05:00:00,,평일
신분당선,4319,광교,D19,,20250619,신분당선,4304,신사,D4,N,신분당선,,4309,양재시민의숲,D9,N,09:07:15,09:07:45,,GW031,하행,2025-05-01T05:00:00,,평일
신분당선,4319,광교,D19,,20250619,신분당선,4304,신사,D4,N,신분당선,,4310,청계산입구,D10,N,09:10:15,09:10:40,,GW031,하행,2025-05-01T05:00:00,,평일
신분당선,4319,광교,D19,,20250619,신분당선,4304,신사,D4,N,신분당선,,4311,판교,D11,N,09:16:43,09:17:18,,GW031,하행,2025-05-01T05:00:00,,평일
신분당선,4319,광교,D19,,20250619,신분당선,4304,신사,D4,N,신분당선,,4312,정자,D12,N,09:20:06,09:20:41,,GW031,하행,2025-05-01T05:00:00,,평일
신분당선,4319,광교,D19,,20250619,신분당선,4304,신사,D4,N,신분당선,,4313,미금,D13,N,09:22:51,09:23:21,,GW031,하행,2025-05-01T05:00:00,,평일
신분당선,4319,광교,D19,,20250619,신분당선,4304,신사,D4,N,신분당선,,4314,동천,D14,N,09:25:29,09:25:59,,GW031,하행,2025-05-01T05:00:00,,평일
신분당선,4319,광교,D19,,20250619,신분당선,4304,신사,D4,N,신분당선,,4315,수지구청,D15,N,09:28:23,09:28:53,,GW031,하행,2025-05-01T05:00:00,,평일
신분당선,4319,광교,D19,,20250619,신분당선,4304,신사,D4,N,신분당선,,4316,성복,D16,N,09:30:55,09:31:25,,GW031,하행,2025-05-01T05:00:00,,평일
신분당선,4319,광교,D19,,20250619,신분당선,4304,신사,D4,N,신분당선,,4317,상현,D17,N,09:33:56,09:34:21,,GW031,하행,2025-05-01T05:00:00,,평일
신분당선,4319,광교,D19,,20250619,신분당선,4304,신사,D4,N,신분당선,,4318,광교중앙,D18,N,09:37:07,09:37:32,,GW031,하행,2025-05-01T05:00:00,,평일
신분당선,4319,광교,D19,,20250619,신분당선,4304,신사,D4,N,신분당선,,4319,광교,D19,N,09:40:37,,,GW031,하행,2025-05-01T05:00:00,,평일
신분당선,4319,광교,D19,,20250619,신분당선,4304,신사,D4,N,신분당선,,4304,신사,D4,N,,09:03:20,,GW032,하행,2025-05-01T05:00:00,,평일
신분당선,4319,광교,D19,,20250619,신분당선,4304,신사,D4,N,신분당선,,4305,논현,D5,N,09:04:18,09:04:53,,GW032,하행,2025-05-01T05:00:00,,평일
신분당선,4319,광교,D19,,20250619,신분당선,4304,신사,D4,N,신분당선,,4306,신논현,D6,N,09:06:03,09:06:38,,GW032,하행,2025-05-01T05:00:00,,평일
신분당선,4319,광교,D19,,20250619,신분당선,4304,신사,D4,N,신분당선,,4307,강남,D7,N,09:07:46,09:08:26,,GW032,하행,2025-05-01T05:00:00,,평일
신분당선,4319,광교,D19,,20250619,신분당선,4304,신사,D4,N,신분당선,,4308,양재,D8,N,09:10:04,09:10:34,,GW032,하행,2025-05-01T05:00:00,,평일
신분당선,4319,광교,D19,,20250619,신분당선,4304,신사,D4,N,신분당선,,4309,양재시민의숲,D9,N,09:12:15,09:12:45,,GW032,하행,2025-05-01T05:00:00,,평일
신분당선,4319,광교,D19,,20250619,신분당선,4304,신사,D4,N,신분당선,,4310,청계산입구,D10,N,09:15:15,09:15:40,,GW032,하행,2025-05-01T05:00:00,,평일
신분당선,4319,광교,D19,,20250619,신분당선,4304,신사,D4,N,신분당선,,4311,판교,D11,N,09:21:43,09:22:18,,GW032,하행,2025-05-01T05:00:00,,평일
신분당선,4319,광교,D19,,20250619,신분당선,4304,신사,D4,N,신분당선,,4312,정자,D12,N,09:25:06,09:25:41,,GW032,하행,2025-05-01T05:00:00,,평일
신분당선,4319,광교,D19,,20250619,신분당선,4304,신사,D4,N,신분당선,,4313,미금,D13,N,09:27:51,09:28:21,,GW032,하행,2025-05-01T05:00:00,,평일
신분당선,4319,광교,D19,,20250619,신분당선,4304,신사,D4,N,신분당선,,4314,동천,D14,N,09:30:29,09:30:59,,GW032,하행,2025-05-01T05:00:00,,평일
신분당선,4319,광교,D19,,20250619,신분당선,4304,신사,D4,N,신분당선,,4315,수지구청,D15,N,09:33:23,09:33:53,,GW032,하행,2025-05-01T05:00:00,,평일
신분당선,4319,광교,D19,,20250619,신분당선,4304,신사,D4,N,신분당선,,4316,성복,D16,N,09:35:55,09:36:25,,GW032,하행,2025-05-01T05:00:00,,평일
신분당선,4319,광교,D19,,20250619,신분당선,4304,신사,D4,N,신분당선,,4317,상현,D17,N,09:38:56,09:39:21,,GW032,하행,2025-05-01T05:00:00,,평일
신분당선,4319,광교,D19,,20250619,신분당선,4304,신사,D4,N,신분당선,,4318,광교중앙,D18,N,09:42:07,09:42:32,,GW032,하행,2025-05-01T05:00:00,,평일
신분당선,4319,광교,D19,,20250619,신분당선,4304,신사,D4,N,신분당선,,4319,광교,D19,N,09:45:37,,,GW032,하행,2025-05-01T05:00:00,,평일
신분당선,4319,광교,D19,,20250619,신분당선,4304,신사,D4,N,신분당선,,4304,신사,D4,N,,09:08:20,,GW033,하행,2025-05-01T05:00:00,,평일
신분당선,4319,광교,D19,,20250619,신분당선,4304,신사,D4,N,신분당선,,4305,논현,D5,N,09:09:18,09:09:53,,GW033,하행,2025-05-01T05:00:00,,평일
신분당선,4319,광교,D19,,20250619,신분당선,4304,신사,D4,N,신분당선,,4306,신논현,D6,N,09:11:03,09:11:38,,GW033,하행,2025-05-01T05:00:00,,평일
신분당선,4319,광교,D19,,20250619,신분당선,4304,신사,D4,N,신분당선,,4307,강남,D7,N,09:12:46,09:13:26,,GW033,하행,2025-05-01T05:00:00,,평일
신분당선,4319,광교,D19,,20250619,신분당선,4304,신사,D4,N,신분당선,,4308,양재,D8,N,09:15:04,09:15:34,,GW033,하행,2025-05-01T05:00:00,,평일
신분당선,4319,광교,D19,,20250619,신분당선,4304,신사,D4,N,신분당선,,4309,양재시민의숲,D9,N,09:17:15,09:17:45,,GW033,하행,2025-05-01T05:00:00,,평일
신분당선,4319,광교,D19,,20250619,신분당선,4304,신사,D4,N,신분당선,,4310,청계산입구,D10,N,09:20:15,09:20:40,,GW033,하행,2025-05-01T05:00:00,,평일
신분당선,4319,광교,D19,,20250619,신분당선,4304,신사,D4,N,신분당선,,4311,판교,D11,N,09:26:43,09:27:18,,GW033,하행,2025-05-01T05:00:00,,평일
신분당선,4319,광교,D19,,20250619,신분당선,4304,신사,D4,N,신분당선,,4312,정자,D12,N,09:30:06,09:30:41,,GW033,하행,2025-05-01T05:00:00,,평일
신분당선,4319,광교,D19,,20250619,신분당선,4304,신사,D4,N,신분당선,,4313,미금,D13,N,09:32:51,09:33:21,,GW033,하행,2025-05-01T05:00:00,,평일
신분당선,4319,광교,D19,,20250619,신분당선,4304,신사,D4,N,신분당선,,4314,동천,D14,N,09:35:29,09:35:59,,GW033,하행,2025-05-01T05:00:00,,평일
신분당선,4319,광교,D19,,20250619,신분당선,4304,신사,D4,N,신분당선,,4315,수지구청,D15,N,09:38:23,09:38:53,,GW033,하행,2025-05-01T05:00:00,,평일
신분당선,4319,광교,D19,,20250619,신분당선,4304,신사,D4,N,신분당선,,4316,성복,D16,N,09:40:55,09:41:25,,GW033,하행,2025-05-01T05:00:00,,평일
신분당선,4319,광교,D19,,20250619,신분당선,4304,신사,D4,N,신분당선,,4317,상현,D17,N,09:43:56,09:44:21,,GW033,하행,2025-05-01T05:00:00,,평일
신분당선,4319,광교,D19,,20250619,신분당선,4304,신사,D4,N,신분당선,,4318,광교중앙,D18,N,09:47:07,09:47:32,,GW033,하행,2025-05-01T05:00:00,,평일
신분당선,4319,광교,D19,,20250619,신분당선,4304,신사,D4,N,신분당선,,4319,광교,D19,N,09:50:37,,,GW033,하행,2025-05-01T05:00:00,,평일
신분당선,4319,광교,D19,,20250619,신분당선,4304,신사,D4,N,신분당선,,4304,신사,D4,N,,09:13:20,,GW034,하행,2025-05-01T05:00:00,,평일
신분당선,4319,광교,D19,,20250619,신분당선,4304,신사,D4,N,신분당선,,4305,논현,D5,N,09:14:18,09:14:53,,GW034,하행,2025-05-01T05:00:00,,평일
신분당선,4319,광교,D19,,20250619,신분당선,4304,신사,D4,N,신분당선,,4306,신논현,D6,N,09:16:03,09:16:38,,GW034,하행,2025-05-01T05:00:00,,평일
신분당선,4319,광교,D19,,20250619,신분당선,4304,신사,D4,N,신분당선,,4307,강남,D7,N,09:17:46,09:18:26,,GW034,하행,2025-05-01T05:00:00,,평일
신분당선,4319,광교,D19,,20250619,신분당선,4304,신사,D4,N,신분당선,,4308,양재,D8,N,09:20:04,09:20:34,,GW034,하행,2025-05-01T05:00:00,,평일
신분당선,4319,광교,D19,,20250619,신분당선,4304,신사,D4,N,신분당선,,4309,양재시민의숲,D9,N,09:22:15,09:22:45,,GW034,하행,2025-05-01T05:00:00,,평일
신분당선,4319,광교,D19,,20250619,신분당선,4304,신사,D4,N,신분당선,,4310,청계산입구,D10,N,09:25:15,09:25:40,,GW034,하행,2025-05-01T05:00:00,,평일
신분당선,4319,광교,D19,,20250619,신분당선,4304,신사,D4,N,신분당선,,4311,판교,D11,N,09:31:43,09:32:18,,GW034,하행,2025-05-01T05:00:00,,평일
신분당선,4319,광교,D19,,20250619,신분당선,4304,신사,D4,N,신분당선,,4312,정자,D12,N,09:35:06,09:35:41,,GW034,하행,2025-05-01T05:00:00,,평일
신분당선,4319,광교,D19,,20250619,신분당선,4304,신사,D4,N,신분당선,,4313,미금,D13,N,09:37:51,09:38:21,,GW034,하행,2025-05-01T05:00:00,,평일
신분당선,4319,광교,D19,,20250619,신분당선,4304,신사,D4,N,신분당선,,4314,동천,D14,N,09:40:29,09:40:59,,GW034,하행,2025-05-01T05:00:00,,평일
신분당선,4319,광교,D19,,20250619,신분당선,4304,신사,D4,N,신분당선,,4315,수지구청,D15,N,09:43:23,09:43:53,,GW034,하행,2025-05-01T05:00:00,,평일
신분당선,4319,광교,D19,,20250619,신분당선,4304,신사,D4,N,신분당선,,4316,성복,D16,N,09:45:55,09:46:25,,GW034,하행,2025-05-01T05:00:00,,평일
신분당선,4319,광교,D19,,20250619,신분당선,4304,신사,D4,N,신분당선,,4317,상현,D17,N,09:48:56,09:49:21,,GW034,하행,2025-05-01T05:00:00,,평일
신분당선,4319,광교,D19,,20250619,신분당선,4304,신사,D4,N,신분당선,,4318,광교중앙,D18,N,09:51:39,09:52:04,,GW034,하행,2025-05-01T05:00:00,,평일
신분당선,4319,광교,D19,,20250619,신분당선,4304,신사,D4,N,신분당선,,4319,광교,D19,N,09:55:09,,,GW034,하행,2025-05-01T05:00:00,,평일
신분당선,4319,광교,D19,,20250619,신분당선,4304,신사,D4,N,신분당선,,4304,신사,D4,N,,09:18:20,,GW035,하행,2025-05-01T05:00:00,,평일
신분당선,4319,광교,D19,,20250619,신분당선,4304,신사,D4,N,신분당선,,4305,논현,D5,N,09:19:18,09:19:53,,GW035,하행,2025-05-01T05:00:00,,평일
신분당선,4319,광교,D19,,20250619,신분당선,4304,신사,D4,N,신분당선,,4306,신논현,D6,N,09:21:03,09:21:38,,GW035,하행,2025-05-01T05:00:00,,평일
신분당선,4319,광교,D19,,20250619,신분당선,4304,신사,D4,N,신분당선,,4307,강남,D7,N,09:22:46,09:23:26,,GW035,하행,2025-05-01T05:00:00,,평일
신분당선,4319,광교,D19,,20250619,신분당선,4304,신사,D4,N,신분당선,,4308,양재,D8,N,09:25:04,09:25:34,,GW035,하행,2025-05-01T05:00:00,,평일
신분당선,4319,광교,D19,,20250619,신분당선,4304,신사,D4,N,신분당선,,4309,양재시민의숲,D9,N,09:27:15,09:27:45,,GW035,하행,2025-05-01T05:00:00,,평일
신분당선,4319,광교,D19,,20250619,신분당선,4304,신사,D4,N,신분당선,,4310,청계산입구,D10,N,09:30:15,09:30:40,,GW035,하행,2025-05-01T05:00:00,,평일
신분당선,4319,광교,D19,,20250619,신분당선,4304,신사,D4,N,신분당선,,4311,판교,D11,N,09:36:43,09:37:18,,GW035,하행,2025-05-01T05:00:00,,평일
신분당선,4319,광교,D19,,20250619,신분당선,4304,신사,D4,N,신분당선,,4312,정자,D12,N,09:40:06,09:40:41,,GW035,하행,2025-05-01T05:00:00,,평일
신분당선,4319,광교,D19,,20250619,신분당선,4304,신사,D4,N,신분당선,,4313,미금,D13,N,09:42:51,09:43:21,,GW035,하행,2025-05-01T05:00:00,,평일
신분당선,4319,광교,D19,,20250619,신분당선,4304,신사,D4,N,신분당선,,4314,동천,D14,N,09:45:29,09:45:59,,GW035,하행,2025-05-01T05:00:00,,평일
신분당선,4319,광교,D19,,20250619,신분당선,4304,신사,D4,N,신분당선,,4315,수지구청,D15,N,09:48:23,09:48:53,,GW035,하행,2025-05-01T05:00:00,,평일
신분당선,4319,광교,D19,,20250619,신분당선,4304,신사,D4,N,신분당선,,4316,성복,D16,N,09:50:55,09:51:25,,GW035,하행,2025-05-01T05:00:00,,평일
신분당선,4319,광교,D19,,20250619,신분당선,4304,신사,D4,N,신분당선,,4317,상현,D17,N,09:53:56,09:54:21,,GW035,하행,2025-05-01T05:00:00,,평일
신분당선,4319,광교,D19,,20250619,신분당선,4304,신사,D4,N,신분당선,,4318,광교중앙,D18,N,09:57:07,09:57:32,,GW035,하행,2025-05-01T05:00:00,,평일
신분당선,4319,광교,D19,,20250619,신분당선,4304,신사,D4,N,신분당선,,4319,광교,D19,N,10:00:37,,,GW035,하행,2025-05-01T05:00:00,,평일
신분당선,4319,광교,D19,,20250619,신분당선,4304,신사,D4,N,신분당선,,4304,신사,D4,N,,09:23:20,,GW036,하행,2025-05-01T05:00:00,,평일
신분당선,4319,광교,D19,,20250619,신분당선,4304,신사,D4,N,신분당선,,4305,논현,D5,N,09:24:18,09:24:53,,GW036,하행,2025-05-01T05:00:00,,평일
신분당선,4319,광교,D19,,20250619,신분당선,4304,신사,D4,N,신분당선,,4306,신논현,D6,N,09:26:03,09:26:38,,GW036,하행,2025-05-01T05:00:00,,평일
신분당선,4319,광교,D19,,20250619,신분당선,4304,신사,D4,N,신분당선,,4307,강남,D7,N,09:27:46,09:28:26,,GW036,하행,2025-05-01T05:00:00,,평일
신분당선,4319,광교,D19,,20250619,신분당선,4304,신사,D4,N,신분당선,,4308,양재,D8,N,09:30:04,09:30:34,,GW036,하행,2025-05-01T05:00:00,,평일
신분당선,4319,광교,D19,,20250619,신분당선,4304,신사,D4,N,신분당선,,4309,양재시민의숲,D9,N,09:32:15,09:32:45,,GW036,하행,2025-05-01T05:00:00,,평일
신분당선,4319,광교,D19,,20250619,신분당선,4304,신사,D4,N,신분당선,,4310,청계산입구,D10,N,09:35:15,09:35:40,,GW036,하행,2025-05-01T05:00:00,,평일
신분당선,4319,광교,D19,,20250619,신분당선,4304,신사,D4,N,신분당선,,4311,판교,D11,N,09:41:43,09:42:18,,GW036,하행,2025-05-01T05:00:00,,평일
신분당선,4319,광교,D19,,20250619,신분당선,4304,신사,D4,N,신분당선,,4312,정자,D12,N,09:45:06,09:45:41,,GW036,하행,2025-05-01T05:00:00,,평일
신분당선,4319,광교,D19,,20250619,신분당선,4304,신사,D4,N,신분당선,,4313,미금,D13,N,09:47:51,09:48:21,,GW036,하행,2025-05-01T05:00:00,,평일
신분당선,4319,광교,D19,,20250619,신분당선,4304,신사,D4,N,신분당선,,4314,동천,D14,N,09:50:29,09:50:59,,GW036,하행,2025-05-01T05:00:00,,평일
신분당선,4319,광교,D19,,20250619,신분당선,4304,신사,D4,N,신분당선,,4315,수지구청,D15,N,09:53:23,09:53:53,,GW036,하행,2025-05-01T05:00:00,,평일
신분당선,4319,광교,D19,,20250619,신분당선,4304,신사,D4,N,신분당선,,4316,성복,D16,N,09:55:55,09:56:25,,GW036,하행,2025-05-01T05:00:00,,평일
신분당선,4319,광교,D19,,20250619,신분당선,4304,신사,D4,N,신분당선,,4317,상현,D17,N,09:58:56,09:59:21,,GW036,하행,2025-05-01T05:00:00,,평일
신분당선,4319,광교,D19,,20250619,신분당선,4304,신사,D4,N,신분당선,,4318,광교중앙,D18,N,10:02:07,10:02:32,,GW036,하행,2025-05-01T05:00:00,,평일
신분당선,4319,광교,D19,,20250619,신분당선,4304,신사,D4,N,신분당선,,4319,광교,D19,N,10:05:37,,,GW036,하행,2025-05-01T05:00:00,,평일
신분당선,4319,광교,D19,,20250619,신분당선,4304,신사,D4,N,신분당선,,4304,신사,D4,N,,09:28:20,,GW037,하행,2025-05-01T05:00:00,,평일
신분당선,4319,광교,D19,,20250619,신분당선,4304,신사,D4,N,신분당선,,4305,논현,D5,N,09:29:18,09:29:53,,GW037,하행,2025-05-01T05:00:00,,평일
신분당선,4319,광교,D19,,20250619,신분당선,4304,신사,D4,N,신분당선,,4306,신논현,D6,N,09:31:03,09:31:38,,GW037,하행,2025-05-01T05:00:00,,평일
신분당선,4319,광교,D19,,20250619,신분당선,4304,신사,D4,N,신분당선,,4307,강남,D7,N,09:32:46,09:33:26,,GW037,하행,2025-05-01T05:00:00,,평일
신분당선,4319,광교,D19,,20250619,신분당선,4304,신사,D4,N,신분당선,,4308,양재,D8,N,09:35:04,09:35:34,,GW037,하행,2025-05-01T05:00:00,,평일
신분당선,4319,광교,D19,,20250619,신분당선,4304,신사,D4,N,신분당선,,4309,양재시민의숲,D9,N,09:37:15,09:37:45,,GW037,하행,2025-05-01T05:00:00,,평일
신분당선,4319,광교,D19,,20250619,신분당선,4304,신사,D4,N,신분당선,,4310,청계산입구,D10,N,09:40:15,09:40:40,,GW037,하행,2025-05-01T05:00:00,,평일
신분당선,4319,광교,D19,,20250619,신분당선,4304,신사,D4,N,신분당선,,4311,판교,D11,N,09:46:43,09:47:18,,GW037,하행,2025-05-01T05:00:00,,평일
신분당선,4319,광교,D19,,20250619,신분당선,4304,신사,D4,N,신분당선,,4312,정자,D12,N,09:50:06,09:50:41,,GW037,하행,2025-05-01T05:00:00,,평일
신분당선,4319,광교,D19,,20250619,신분당선,4304,신사,D4,N,신분당선,,4313,미금,D13,N,09:52:51,09:53:21,,GW037,하행,2025-05-01T05:00:00,,평일
신분당선,4319,광교,D19,,20250619,신분당선,4304,신사,D4,N,신분당선,,4314,동천,D14,N,09:55:29,09:55:59,,GW037,하행,2025-05-01T05:00:00,,평일
신분당선,4319,광교,D19,,20250619,신분당선,4304,신사,D4,N,신분당선,,4315,수지구청,D15,N,09:58:23,09:58:53,,GW037,하행,2025-05-01T05:00:00,,평일
신분당선,4319,광교,D19,,20250619,신분당선,4304,신사,D4,N,신분당선,,4316,성복,D16,N,10:00:55,10:01:25,,GW037,하행,2025-05-01T05:00:00,,평일
신분당선,4319,광교,D19,,20250619,신분당선,4304,신사,D4,N,신분당선,,4317,상현,D17,N,10:03:56,10:04:21,,GW037,하행,2025-05-01T05:00:00,,평일
신분당선,4319,광교,D19,,20250619,신분당선,4304,신사,D4,N,신분당선,,4318,광교중앙,D18,N,10:07:07,10:07:32,,GW037,하행,2025-05-01T05:00:00,,평일
신분당선,4319,광교,D19,,20250619,신분당선,4304,신사,D4,N,신분당선,,4319,광교,D19,N,10:10:37,,,GW037,하행,2025-05-01T05:00:00,,평일
신분당선,4319,광교,D19,,20250619,신분당선,4304,신사,D4,N,신분당선,,4304,신사,D4,N,,09:33:20,,GW038,하행,2025-05-01T05:00:00,,평일
신분당선,4319,광교,D19,,20250619,신분당선,4304,신사,D4,N,신분당선,,4305,논현,D5,N,09:34:18,09:34:53,,GW038,하행,2025-05-01T05:00:00,,평일
신분당선,4319,광교,D19,,20250619,신분당선,4304,신사,D4,N,신분당선,,4306,신논현,D6,N,09:36:03,09:36:38,,GW038,하행,2025-05-01T05:00:00,,평일
신분당선,4319,광교,D19,,20250619,신분당선,4304,신사,D4,N,신분당선,,4307,강남,D7,N,09:37:46,09:38:26,,GW038,하행,2025-05-01T05:00:00,,평일
신분당선,4319,광교,D19,,20250619,신분당선,4304,신사,D4,N,신분당선,,4308,양재,D8,N,09:40:04,09:40:34,,GW038,하행,2025-05-01T05:00:00,,평일
신분당선,4319,광교,D19,,20250619,신분당선,4304,신사,D4,N,신분당선,,4309,양재시민의숲,D9,N,09:42:15,09:42:45,,GW038,하행,2025-05-01T05:00:00,,평일
신분당선,4319,광교,D19,,20250619,신분당선,4304,신사,D4,N,신분당선,,4310,청계산입구,D10,N,09:45:15,09:45:40,,GW038,하행,2025-05-01T05:00:00,,평일
신분당선,4319,광교,D19,,20250619,신분당선,4304,신사,D4,N,신분당선,,4311,판교,D11,N,09:51:43,09:52:18,,GW038,하행,2025-05-01T05:00:00,,평일
신분당선,4319,광교,D19,,20250619,신분당선,4304,신사,D4,N,신분당선,,4312,정자,D12,N,09:55:06,09:55:41,,GW038,하행,2025-05-01T05:00:00,,평일
신분당선,4319,광교,D19,,20250619,신분당선,4304,신사,D4,N,신분당선,,4313,미금,D13,N,09:57:51,09:58:21,,GW038,하행,2025-05-01T05:00:00,,평일
신분당선,4319,광교,D19,,20250619,신분당선,4304,신사,D4,N,신분당선,,4314,동천,D14,N,10:00:29,10:00:59,,GW038,하행,2025-05-01T05:00:00,,평일
신분당선,4319,광교,D19,,20250619,신분당선,4304,신사,D4,N,신분당선,,4315,수지구청,D15,N,10:03:23,10:03:53,,GW038,하행,2025-05-01T05:00:00,,평일
신분당선,4319,광교,D19,,20250619,신분당선,4304,신사,D4,N,신분당선,,4316,성복,D16,N,10:05:55,10:06:25,,GW038,하행,2025-05-01T05:00:00,,평일
신분당선,4319,광교,D19,,20250619,신분당선,4304,신사,D4,N,신분당선,,4317,상현,D17,N,10:08:56,10:09:21,,GW038,하행,2025-05-01T05:00:00,,평일
신분당선,4319,광교,D19,,20250619,신분당선,4304,신사,D4,N,신분당선,,4318,광교중앙,D18,N,10:12:07,10:12:32,,GW038,하행,2025-05-01T05:00:00,,평일
신분당선,4319,광교,D19,,20250619,신분당선,4304,신사,D4,N,신분당선,,4319,광교,D19,N,10:15:37,,,GW038,하행,2025-05-01T05:00:00,,평일
신분당선,4319,광교,D19,,20250619,신분당선,4304,신사,D4,N,신분당선,,4304,신사,D4,N,,09:38:20,,GW039,하행,2025-05-01T05:00:00,,평일
신분당선,4319,광교,D19,,20250619,신분당선,4304,신사,D4,N,신분당선,,4305,논현,D5,N,09:39:18,09:39:53,,GW039,하행,2025-05-01T05:00:00,,평일
신분당선,4319,광교,D19,,20250619,신분당선,4304,신사,D4,N,신분당선,,4306,신논현,D6,N,09:41:03,09:41:38,,GW039,하행,2025-05-01T05:00:00,,평일
신분당선,4319,광교,D19,,20250619,신분당선,4304,신사,D4,N,신분당선,,4307,강남,D7,N,09:42:46,09:43:26,,GW039,하행,2025-05-01T05:00:00,,평일
신분당선,4319,광교,D19,,20250619,신분당선,4304,신사,D4,N,신분당선,,4308,양재,D8,N,09:45:04,09:45:34,,GW039,하행,2025-05-01T05:00:00,,평일
신분당선,4319,광교,D19,,20250619,신분당선,4304,신사,D4,N,신분당선,,4309,양재시민의숲,D9,N,09:47:15,09:47:45,,GW039,하행,2025-05-01T05:00:00,,평일
신분당선,4319,광교,D19,,20250619,신분당선,4304,신사,D4,N,신분당선,,4310,청계산입구,D10,N,09:50:15,09:50:40,,GW039,하행,2025-05-01T05:00:00,,평일
신분당선,4319,광교,D19,,20250619,신분당선,4304,신사,D4,N,신분당선,,4311,판교,D11,N,09:56:43,09:57:18,,GW039,하행,2025-05-01T05:00:00,,평일
신분당선,4319,광교,D19,,20250619,신분당선,4304,신사,D4,N,신분당선,,4312,정자,D12,N,10:00:06,10:00:41,,GW039,하행,2025-05-01T05:00:00,,평일
신분당선,4319,광교,D19,,20250619,신분당선,4304,신사,D4,N,신분당선,,4313,미금,D13,N,10:02:51,10:03:21,,GW039,하행,2025-05-01T05:00:00,,평일
신분당선,4319,광교,D19,,20250619,신분당선,4304,신사,D4,N,신분당선,,4314,동천,D14,N,10:05:29,10:05:59,,GW039,하행,2025-05-01T05:00:00,,평일
신분당선,4319,광교,D19,,20250619,신분당선,4304,신사,D4,N,신분당선,,4315,수지구청,D15,N,10:08:23,10:08:53,,GW039,하행,2025-05-01T05:00:00,,평일
신분당선,4319,광교,D19,,20250619,신분당선,4304,신사,D4,N,신분당선,,4316,성복,D16,N,10:10:55,10:11:25,,GW039,하행,2025-05-01T05:00:00,,평일
신분당선,4319,광교,D19,,20250619,신분당선,4304,신사,D4,N,신분당선,,4317,상현,D17,N,10:13:56,10:14:21,,GW039,하행,2025-05-01T05:00:00,,평일
신분당선,4319,광교,D19,,20250619,신분당선,4304,신사,D4,N,신분당선,,4318,광교중앙,D18,N,10:17:07,10:17:32,,GW039,하행,2025-05-01T05:00:00,,평일
신분당선,4319,광교,D19,,20250619,신분당선,4304,신사,D4,N,신분당선,,4319,광교,D19,N,10:20:37,,,GW039,하행,2025-05-01T05:00:00,,평일
신분당선,4319,광교,D19,,20250619,신분당선,4304,신사,D4,N,신분당선,,4304,신사,D4,N,,09:43:20,,GW040,하행,2025-05-01T05:00:00,,평일
신분당선,4319,광교,D19,,20250619,신분당선,4304,신사,D4,N,신분당선,,4305,논현,D5,N,09:44:18,09:44:53,,GW040,하행,2025-05-01T05:00:00,,평일
신분당선,4319,광교,D19,,20250619,신분당선,4304,신사,D4,N,신분당선,,4306,신논현,D6,N,09:46:03,09:46:38,,GW040,하행,2025-05-01T05:00:00,,평일
신분당선,4319,광교,D19,,20250619,신분당선,4304,신사,D4,N,신분당선,,4307,강남,D7,N,09:47:46,09:48:21,,GW040,하행,2025-05-01T05:00:00,,평일
신분당선,4319,광교,D19,,20250619,신분당선,4304,신사,D4,N,신분당선,,4308,양재,D8,N,09:49:59,09:50:34,,GW040,하행,2025-05-01T05:00:00,,평일
신분당선,4319,광교,D19,,20250619,신분당선,4304,신사,D4,N,신분당선,,4309,양재시민의숲,D9,N,09:52:15,09:52:45,,GW040,하행,2025-05-01T05:00:00,,평일
신분당선,4319,광교,D19,,20250619,신분당선,4304,신사,D4,N,신분당선,,4310,청계산입구,D10,N,09:55:15,09:55:40,,GW040,하행,2025-05-01T05:00:00,,평일
신분당선,4319,광교,D19,,20250619,신분당선,4304,신사,D4,N,신분당선,,4311,판교,D11,N,10:01:43,10:02:18,,GW040,하행,2025-05-01T05:00:00,,평일
신분당선,4319,광교,D19,,20250619,신분당선,4304,신사,D4,N,신분당선,,4312,정자,D12,N,10:05:06,10:05:41,,GW040,하행,2025-05-01T05:00:00,,평일
신분당선,4319,광교,D19,,20250619,신분당선,4304,신사,D4,N,신분당선,,4313,미금,D13,N,10:07:51,10:08:21,,GW040,하행,2025-05-01T05:00:00,,평일
신분당선,4319,광교,D19,,20250619,신분당선,4304,신사,D4,N,신분당선,,4314,동천,D14,N,10:10:29,10:10:59,,GW040,하행,2025-05-01T05:00:00,,평일
신분당선,4319,광교,D19,,20250619,신분당선,4304,신사,D4,N,신분당선,,4315,수지구청,D15,N,10:13:23,10:13:53,,GW040,하행,2025-05-01T05:00:00,,평일
신분당선,4319,광교,D19,,20250619,신분당선,4304,신사,D4,N,신분당선,,4316,성복,D16,N,10:15:55,10:16:20,,GW040,하행,2025-05-01T05:00:00,,평일
신분당선,4319,광교,D19,,20250619,신분당선,4304,신사,D4,N,신분당선,,4317,상현,D17,N,10:18:51,10:19:16,,GW040,하행,2025-05-01T05:00:00,,평일
신분당선,4319,광교,D19,,20250619,신분당선,4304,신사,D4,N,신분당선,,4318,광교중앙,D18,N,10:22:02,10:22:27,,GW040,하행,2025-05-01T05:00:00,,평일
신분당선,4319,광교,D19,,20250619,신분당선,4304,신사,D4,N,신분당선,,4319,광교,D19,N,10:25:32,,,GW040,하행,2025-05-01T05:00:00,,평일
신분당선,4319,광교,D19,,20250619,신분당선,4304,신사,D4,N,신분당선,,4304,신사,D4,N,,09:49:33,,GW041,하행,2025-05-01T05:00:00,,평일
신분당선,4319,광교,D19,,20250619,신분당선,4304,신사,D4,N,신분당선,,4305,논현,D5,N,09:50:31,09:51:06,,GW041,하행,2025-05-01T05:00:00,,평일
신분당선,4319,광교,D19,,20250619,신분당선,4304,신사,D4,N,신분당선,,4306,신논현,D6,N,09:52:16,09:52:51,,GW041,하행,2025-05-01T05:00:00,,평일
신분당선,4319,광교,D19,,20250619,신분당선,4304,신사,D4,N,신분당선,,4307,강남,D7,N,09:53:59,09:54:39,,GW041,하행,2025-05-01T05:00:00,,평일
신분당선,4319,광교,D19,,20250619,신분당선,4304,신사,D4,N,신분당선,,4308,양재,D8,N,09:56:17,09:56:47,,GW041,하행,2025-05-01T05:00:00,,평일
신분당선,4319,광교,D19,,20250619,신분당선,4304,신사,D4,N,신분당선,,4309,양재시민의숲,D9,N,09:58:28,09:58:58,,GW041,하행,2025-05-01T05:00:00,,평일
신분당선,4319,광교,D19,,20250619,신분당선,4304,신사,D4,N,신분당선,,4310,청계산입구,D10,N,10:01:28,10:01:53,,GW041,하행,2025-05-01T05:00:00,,평일
신분당선,4319,광교,D19,,20250619,신분당선,4304,신사,D4,N,신분당선,,4311,판교,D11,N,10:07:56,10:08:31,,GW041,하행,2025-05-01T05:00:00,,평일
신분당선,4319,광교,D19,,20250619,신분당선,4304,신사,D4,N,신분당선,,4312,정자,D12,N,10:11:19,10:11:54,,GW041,하행,2025-05-01T05:00:00,,평일
신분당선,4319,광교,D19,,20250619,신분당선,4304,신사,D4,N,신분당선,,4313,미금,D13,N,10:14:04,10:14:34,,GW041,하행,2025-05-01T05:00:00,,평일
신분당선,4319,광교,D19,,20250619,신분당선,4304,신사,D4,N,신분당선,,4314,동천,D14,N,10:16:42,10:17:12,,GW041,하행,2025-05-01T05:00:00,,평일
신분당선,4319,광교,D19,,20250619,신분당선,4304,신사,D4,N,신분당선,,4315,수지구청,D15,N,10:19:36,10:20:06,,GW041,하행,2025-05-01T05:00:00,,평일
신분당선,4319,광교,D19,,20250619,신분당선,4304,신사,D4,N,신분당선,,4316,성복,D16,N,10:22:08,10:22:38,,GW041,하행,2025-05-01T05:00:00,,평일
신분당선,4319,광교,D19,,20250619,신분당선,4304,신사,D4,N,신분당선,,4317,상현,D17,N,10:25:09,10:25:34,,GW041,하행,2025-05-01T05:00:00,,평일
신분당선,4319,광교,D19,,20250619,신분당선,4304,신사,D4,N,신분당선,,4318,광교중앙,D18,N,10:28:20,10:28:45,,GW041,하행,2025-05-01T05:00:00,,평일
신분당선,4319,광교,D19,,20250619,신분당선,4304,신사,D4,N,신분당선,,4319,광교,D19,N,10:31:50,,,GW041,하행,2025-05-01T05:00:00,,평일
신분당선,4319,광교,D19,,20250619,신분당선,4304,신사,D4,N,신분당선,,4304,신사,D4,N,,09:55:46,,GW042,하행,2025-05-01T05:00:00,,평일
신분당선,4319,광교,D19,,20250619,신분당선,4304,신사,D4,N,신분당선,,4305,논현,D5,N,09:56:44,09:57:19,,GW042,하행,2025-05-01T05:00:00,,평일
신분당선,4319,광교,D19,,20250619,신분당선,4304,신사,D4,N,신분당선,,4306,신논현,D6,N,09:58:29,09:59:04,,GW042,하행,2025-05-01T05:00:00,,평일
신분당선,4319,광교,D19,,20250619,신분당선,4304,신사,D4,N,신분당선,,4307,강남,D7,N,10:00:12,10:00:52,,GW042,하행,2025-05-01T05:00:00,,평일
신분당선,4319,광교,D19,,20250619,신분당선,4304,신사,D4,N,신분당선,,4308,양재,D8,N,10:02:30,10:03:00,,GW042,하행,2025-05-01T05:00:00,,평일
신분당선,4319,광교,D19,,20250619,신분당선,4304,신사,D4,N,신분당선,,4309,양재시민의숲,D9,N,10:04:41,10:05:11,,GW042,하행,2025-05-01T05:00:00,,평일
신분당선,4319,광교,D19,,20250619,신분당선,4304,신사,D4,N,신분당선,,4310,청계산입구,D10,N,10:07:41,10:08:06,,GW042,하행,2025-05-01T05:00:00,,평일
신분당선,4319,광교,D19,,20250619,신분당선,4304,신사,D4,N,신분당선,,4311,판교,D11,N,10:14:09,10:14:44,,GW042,하행,2025-05-01T05:00:00,,평일
신분당선,4319,광교,D19,,20250619,신분당선,4304,신사,D4,N,신분당선,,4312,정자,D12,N,10:17:32,10:18:07,,GW042,하행,2025-05-01T05:00:00,,평일
신분당선,4319,광교,D19,,20250619,신분당선,4304,신사,D4,N,신분당선,,4313,미금,D13,N,10:20:17,10:20:47,,GW042,하행,2025-05-01T05:00:00,,평일
신분당선,4319,광교,D19,,20250619,신분당선,4304,신사,D4,N,신분당선,,4314,동천,D14,N,10:22:55,10:23:25,,GW042,하행,2025-05-01T05:00:00,,평일
신분당선,4319,광교,D19,,20250619,신분당선,4304,신사,D4,N,신분당선,,4315,수지구청,D15,N,10:25:49,10:26:19,,GW042,하행,2025-05-01T05:00:00,,평일
신분당선,4319,광교,D19,,20250619,신분당선,4304,신사,D4,N,신분당선,,4316,성복,D16,N,10:28:21,10:28:51,,GW042,하행,2025-05-01T05:00:00,,평일
신분당선,4319,광교,D19,,20250619,신분당선,4304,신사,D4,N,신분당선,,4317,상현,D17,N,10:31:22,10:31:47,,GW042,하행,2025-05-01T05:00:00,,평일
신분당선,4319,광교,D19,,20250619,신분당선,4304,신사,D4,N,신분당선,,4318,광교중앙,D18,N,10:34:33,10:34:58,,GW042,하행,2025-05-01T05:00:00,,평일
신분당선,4319,광교,D19,,20250619,신분당선,4304,신사,D4,N,신분당선,,4319,광교,D19,N,10:38:03,,,GW042,하행,2025-05-01T05:00:00,,평일
신분당선,4319,광교,D19,,20250619,신분당선,4304,신사,D4,N,신분당선,,4304,신사,D4,N,,10:02:47,,GW043,하행,2025-05-01T05:00:00,,평일
신분당선,4319,광교,D19,,20250619,신분당선,4304,신사,D4,N,신분당선,,4305,논현,D5,N,10:03:45,10:04:20,,GW043,하행,2025-05-01T05:00:00,,평일
신분당선,4319,광교,D19,,20250619,신분당선,4304,신사,D4,N,신분당선,,4306,신논현,D6,N,10:05:30,10:06:05,,GW043,하행,2025-05-01T05:00:00,,평일
신분당선,4319,광교,D19,,20250619,신분당선,4304,신사,D4,N,신분당선,,4307,강남,D7,N,10:07:13,10:07:53,,GW043,하행,2025-05-01T05:00:00,,평일
신분당선,4319,광교,D19,,20250619,신분당선,4304,신사,D4,N,신분당선,,4308,양재,D8,N,10:09:31,10:10:01,,GW043,하행,2025-05-01T05:00:00,,평일
신분당선,4319,광교,D19,,20250619,신분당선,4304,신사,D4,N,신분당선,,4309,양재시민의숲,D9,N,10:11:42,10:12:12,,GW043,하행,2025-05-01T05:00:00,,평일
신분당선,4319,광교,D19,,20250619,신분당선,4304,신사,D4,N,신분당선,,4310,청계산입구,D10,N,10:14:42,10:15:07,,GW043,하행,2025-05-01T05:00:00,,평일
신분당선,4319,광교,D19,,20250619,신분당선,4304,신사,D4,N,신분당선,,4311,판교,D11,N,10:21:10,10:21:45,,GW043,하행,2025-05-01T05:00:00,,평일
신분당선,4319,광교,D19,,20250619,신분당선,4304,신사,D4,N,신분당선,,4312,정자,D12,N,10:24:33,10:25:08,,GW043,하행,2025-05-01T05:00:00,,평일
신분당선,4319,광교,D19,,20250619,신분당선,4304,신사,D4,N,신분당선,,4313,미금,D13,N,10:27:18,10:27:48,,GW043,하행,2025-05-01T05:00:00,,평일
신분당선,4319,광교,D19,,20250619,신분당선,4304,신사,D4,N,신분당선,,4314,동천,D14,N,10:29:56,10:30:26,,GW043,하행,2025-05-01T05:00:00,,평일
신분당선,4319,광교,D19,,20250619,신분당선,4304,신사,D4,N,신분당선,,4315,수지구청,D15,N,10:32:50,10:33:20,,GW043,하행,2025-05-01T05:00:00,,평일
신분당선,4319,광교,D19,,20250619,신분당선,4304,신사,D4,N,신분당선,,4316,성복,D16,N,10:35:22,10:35:52,,GW043,하행,2025-05-01T05:00:00,,평일
신분당선,4319,광교,D19,,20250619,신분당선,4304,신사,D4,N,신분당선,,4317,상현,D17,N,10:38:23,10:38:48,,GW043,하행,2025-05-01T05:00:00,,평일
신분당선,4319,광교,D19,,20250619,신분당선,4304,신사,D4,N,신분당선,,4318,광교중앙,D18,N,10:41:34,10:41:59,,GW043,하행,2025-05-01T05:00:00,,평일
신분당선,4319,광교,D19,,20250619,신분당선,4304,신사,D4,N,신분당선,,4319,광교,D19,N,10:45:04,,,GW043,하행,2025-05-01T05:00:00,,평일
신분당선,4312,정자,D12,,20250619,신분당선,4304,신사,D4,N,신분당선,,4304,신사,D4,N,,10:08:20,,GW044,하행,2025-05-01T05:00:00,,평일
신분당선,4312,정자,D12,,20250619,신분당선,4304,신사,D4,N,신분당선,,4305,논현,D5,N,10:09:18,10:09:53,,GW044,하행,2025-05-01T05:00:00,,평일
신분당선,4312,정자,D12,,20250619,신분당선,4304,신사,D4,N,신분당선,,4306,신논현,D6,N,10:11:03,10:11:38,,GW044,하행,2025-05-01T05:00:00,,평일
신분당선,4312,정자,D12,,20250619,신분당선,4304,신사,D4,N,신분당선,,4307,강남,D7,N,10:12:46,10:13:26,,GW044,하행,2025-05-01T05:00:00,,평일
신분당선,4312,정자,D12,,20250619,신분당선,4304,신사,D4,N,신분당선,,4308,양재,D8,N,10:15:04,10:15:34,,GW044,하행,2025-05-01T05:00:00,,평일
신분당선,4312,정자,D12,,20250619,신분당선,4304,신사,D4,N,신분당선,,4309,양재시민의숲,D9,N,10:17:15,10:17:45,,GW044,하행,2025-05-01T05:00:00,,평일
신분당선,4312,정자,D12,,20250619,신분당선,4304,신사,D4,N,신분당선,,4310,청계산입구,D10,N,10:20:15,10:20:40,,GW044,하행,2025-05-01T05:00:00,,평일
신분당선,4312,정자,D12,,20250619,신분당선,4304,신사,D4,N,신분당선,,4311,판교,D11,N,10:26:43,10:27:18,,GW044,하행,2025-05-01T05:00:00,,평일
신분당선,4312,정자,D12,,20250619,신분당선,4304,신사,D4,N,신분당선,,4312,정자,D12,N,10:30:06,10:31:06,,GW044,하행,2025-05-01T05:00:00,,평일
신분당선,4319,광교,D19,,20250619,신분당선,4304,신사,D4,N,신분당선,,4304,신사,D4,N,,10:14:20,,GW045,하행,2025-05-01T05:00:00,,평일
신분당선,4319,광교,D19,,20250619,신분당선,4304,신사,D4,N,신분당선,,4305,논현,D5,N,10:15:18,10:15:53,,GW045,하행,2025-05-01T05:00:00,,평일
신분당선,4319,광교,D19,,20250619,신분당선,4304,신사,D4,N,신분당선,,4306,신논현,D6,N,10:17:03,10:17:38,,GW045,하행,2025-05-01T05:00:00,,평일
신분당선,4319,광교,D19,,20250619,신분당선,4304,신사,D4,N,신분당선,,4307,강남,D7,N,10:18:46,10:19:21,,GW045,하행,2025-05-01T05:00:00,,평일
신분당선,4319,광교,D19,,20250619,신분당선,4304,신사,D4,N,신분당선,,4308,양재,D8,N,10:20:59,10:21:34,,GW045,하행,2025-05-01T05:00:00,,평일
신분당선,4319,광교,D19,,20250619,신분당선,4304,신사,D4,N,신분당선,,4309,양재시민의숲,D9,N,10:23:15,10:23:45,,GW045,하행,2025-05-01T05:00:00,,평일
신분당선,4319,광교,D19,,20250619,신분당선,4304,신사,D4,N,신분당선,,4310,청계산입구,D10,N,10:26:15,10:26:40,,GW045,하행,2025-05-01T05:00:00,,평일
신분당선,4319,광교,D19,,20250619,신분당선,4304,신사,D4,N,신분당선,,4311,판교,D11,N,10:32:43,10:33:18,,GW045,하행,2025-05-01T05:00:00,,평일
신분당선,4319,광교,D19,,20250619,신분당선,4304,신사,D4,N,신분당선,,4312,정자,D12,N,10:36:06,10:36:41,,GW045,하행,2025-05-01T05:00:00,,평일
신분당선,4319,광교,D19,,20250619,신분당선,4304,신사,D4,N,신분당선,,4313,미금,D13,N,10:38:51,10:39:21,,GW045,하행,2025-05-01T05:00:00,,평일
신분당선,4319,광교,D19,,20250619,신분당선,4304,신사,D4,N,신분당선,,4314,동천,D14,N,10:41:29,10:41:59,,GW045,하행,2025-05-01T05:00:00,,평일
신분당선,4319,광교,D19,,20250619,신분당선,4304,신사,D4,N,신분당선,,4315,수지구청,D15,N,10:44:23,10:44:53,,GW045,하행,2025-05-01T05:00:00,,평일
신분당선,4319,광교,D19,,20250619,신분당선,4304,신사,D4,N,신분당선,,4316,성복,D16,N,10:46:55,10:47:20,,GW045,하행,2025-05-01T05:00:00,,평일
신분당선,4319,광교,D19,,20250619,신분당선,4304,신사,D4,N,신분당선,,4317,상현,D17,N,10:49:51,10:50:16,,GW045,하행,2025-05-01T05:00:00,,평일
신분당선,4319,광교,D19,,20250619,신분당선,4304,신사,D4,N,신분당선,,4318,광교중앙,D18,N,10:53:02,10:53:27,,GW045,하행,2025-05-01T05:00:00,,평일
신분당선,4319,광교,D19,,20250619,신분당선,4304,신사,D4,N,신분당선,,4319,광교,D19,N,10:56:32,,,GW045,하행,2025-05-01T05:00:00,,평일
신분당선,4319,광교,D19,,20250619,신분당선,4304,신사,D4,N,신분당선,,4304,신사,D4,N,,10:21:30,,GW046,하행,2025-05-01T05:00:00,,평일
신분당선,4319,광교,D19,,20250619,신분당선,4304,신사,D4,N,신분당선,,4305,논현,D5,N,10:22:28,10:23:03,,GW046,하행,2025-05-01T05:00:00,,평일
신분당선,4319,광교,D19,,20250619,신분당선,4304,신사,D4,N,신분당선,,4306,신논현,D6,N,10:24:13,10:24:48,,GW046,하행,2025-05-01T05:00:00,,평일
신분당선,4319,광교,D19,,20250619,신분당선,4304,신사,D4,N,신분당선,,4307,강남,D7,N,10:25:56,10:26:31,,GW046,하행,2025-05-01T05:00:00,,평일
신분당선,4319,광교,D19,,20250619,신분당선,4304,신사,D4,N,신분당선,,4308,양재,D8,N,10:28:09,10:28:44,,GW046,하행,2025-05-01T05:00:00,,평일
신분당선,4319,광교,D19,,20250619,신분당선,4304,신사,D4,N,신분당선,,4309,양재시민의숲,D9,N,10:30:25,10:30:55,,GW046,하행,2025-05-01T05:00:00,,평일
신분당선,4319,광교,D19,,20250619,신분당선,4304,신사,D4,N,신분당선,,4310,청계산입구,D10,N,10:33:25,10:33:50,,GW046,하행,2025-05-01T05:00:00,,평일
신분당선,4319,광교,D19,,20250619,신분당선,4304,신사,D4,N,신분당선,,4311,판교,D11,N,10:39:53,10:40:28,,GW046,하행,2025-05-01T05:00:00,,평일
신분당선,4319,광교,D19,,20250619,신분당선,4304,신사,D4,N,신분당선,,4312,정자,D12,N,10:43:16,10:43:51,,GW046,하행,2025-05-01T05:00:00,,평일
신분당선,4319,광교,D19,,20250619,신분당선,4304,신사,D4,N,신분당선,,4313,미금,D13,N,10:46:01,10:46:31,,GW046,하행,2025-05-01T05:00:00,,평일
신분당선,4319,광교,D19,,20250619,신분당선,4304,신사,D4,N,신분당선,,4314,동천,D14,N,10:48:39,10:49:09,,GW046,하행,2025-05-01T05:00:00,,평일
신분당선,4319,광교,D19,,20250619,신분당선,4304,신사,D4,N,신분당선,,4315,수지구청,D15,N,10:51:33,10:52:03,,GW046,하행,2025-05-01T05:00:00,,평일
신분당선,4319,광교,D19,,20250619,신분당선,4304,신사,D4,N,신분당선,,4316,성복,D16,N,10:54:05,10:54:30,,GW046,하행,2025-05-01T05:00:00,,평일
신분당선,4319,광교,D19,,20250619,신분당선,4304,신사,D4,N,신분당선,,4317,상현,D17,N,10:57:01,10:57:26,,GW046,하행,2025-05-01T05:00:00,,평일
신분당선,4319,광교,D19,,20250619,신분당선,4304,신사,D4,N,신분당선,,4318,광교중앙,D18,N,11:00:12,11:00:37,,GW046,하행,2025-05-01T05:00:00,,평일
신분당선,4319,광교,D19,,20250619,신분당선,4304,신사,D4,N,신분당선,,4319,광교,D19,N,11:03:42,,,GW046,하행,2025-05-01T05:00:00,,평일
신분당선,4319,광교,D19,,20250619,신분당선,4304,신사,D4,N,신분당선,,4304,신사,D4,N,,10:29:23,,GW047,하행,2025-05-01T05:00:00,,평일
신분당선,4319,광교,D19,,20250619,신분당선,4304,신사,D4,N,신분당선,,4305,논현,D5,N,10:30:21,10:30:56,,GW047,하행,2025-05-01T05:00:00,,평일
신분당선,4319,광교,D19,,20250619,신분당선,4304,신사,D4,N,신분당선,,4306,신논현,D6,N,10:32:06,10:32:41,,GW047,하행,2025-05-01T05:00:00,,평일
신분당선,4319,광교,D19,,20250619,신분당선,4304,신사,D4,N,신분당선,,4307,강남,D7,N,10:33:49,10:34:24,,GW047,하행,2025-05-01T05:00:00,,평일
신분당선,4319,광교,D19,,20250619,신분당선,4304,신사,D4,N,신분당선,,4308,양재,D8,N,10:36:02,10:36:37,,GW047,하행,2025-05-01T05:00:00,,평일
신분당선,4319,광교,D19,,20250619,신분당선,4304,신사,D4,N,신분당선,,4309,양재시민의숲,D9,N,10:38:18,10:38:48,,GW047,하행,2025-05-01T05:00:00,,평일
신분당선,4319,광교,D19,,20250619,신분당선,4304,신사,D4,N,신분당선,,4310,청계산입구,D10,N,10:41:18,10:41:43,,GW047,하행,2025-05-01T05:00:00,,평일
신분당선,4319,광교,D19,,20250619,신분당선,4304,신사,D4,N,신분당선,,4311,판교,D11,N,10:47:46,10:48:21,,GW047,하행,2025-05-01T05:00:00,,평일
신분당선,4319,광교,D19,,20250619,신분당선,4304,신사,D4,N,신분당선,,4312,정자,D12,N,10:51:09,10:51:44,,GW047,하행,2025-05-01T05:00:00,,평일
신분당선,4319,광교,D19,,20250619,신분당선,4304,신사,D4,N,신분당선,,4313,미금,D13,N,10:53:54,10:54:24,,GW047,하행,2025-05-01T05:00:00,,평일
신분당선,4319,광교,D19,,20250619,신분당선,4304,신사,D4,N,신분당선,,4314,동천,D14,N,10:56:32,10:57:02,,GW047,하행,2025-05-01T05:00:00,,평일
신분당선,4319,광교,D19,,20250619,신분당선,4304,신사,D4,N,신분당선,,4315,수지구청,D15,N,10:59:26,10:59:56,,GW047,하행,2025-05-01T05:00:00,,평일
신분당선,4319,광교,D19,,20250619,신분당선,4304,신사,D4,N,신분당선,,4316,성복,D16,N,11:01:58,11:02:23,,GW047,하행,2025-05-01T05:00:00,,평일
신분당선,4319,광교,D19,,20250619,신분당선,4304,신사,D4,N,신분당선,,4317,상현,D17,N,11:04:54,11:05:19,,GW047,하행,2025-05-01T05:00:00,,평일
신분당선,4319,광교,D19,,20250619,신분당선,4304,신사,D4,N,신분당선,,4318,광교중앙,D18,N,11:08:05,11:08:30,,GW047,하행,2025-05-01T05:00:00,,평일
신분당선,4319,광교,D19,,20250619,신분당선,4304,신사,D4,N,신분당선,,4319,광교,D19,N,11:11:35,,,GW047,하행,2025-05-01T05:00:00,,평일
신분당선,4319,광교,D19,,20250619,신분당선,4304,신사,D4,N,신분당선,,4304,신사,D4,N,,10:37:23,,GW048,하행,2025-05-01T05:00:00,,평일
신분당선,4319,광교,D19,,20250619,신분당선,4304,신사,D4,N,신분당선,,4305,논현,D5,N,10:38:21,10:38:56,,GW048,하행,2025-05-01T05:00:00,,평일
신분당선,4319,광교,D19,,20250619,신분당선,4304,신사,D4,N,신분당선,,4306,신논현,D6,N,10:40:06,10:40:41,,GW048,하행,2025-05-01T05:00:00,,평일
신분당선,4319,광교,D19,,20250619,신분당선,4304,신사,D4,N,신분당선,,4307,강남,D7,N,10:41:49,10:42:24,,GW048,하행,2025-05-01T05:00:00,,평일
신분당선,4319,광교,D19,,20250619,신분당선,4304,신사,D4,N,신분당선,,4308,양재,D8,N,10:44:02,10:44:37,,GW048,하행,2025-05-01T05:00:00,,평일
신분당선,4319,광교,D19,,20250619,신분당선,4304,신사,D4,N,신분당선,,4309,양재시민의숲,D9,N,10:46:18,10:46:48,,GW048,하행,2025-05-01T05:00:00,,평일
신분당선,4319,광교,D19,,20250619,신분당선,4304,신사,D4,N,신분당선,,4310,청계산입구,D10,N,10:49:18,10:49:43,,GW048,하행,2025-05-01T05:00:00,,평일
신분당선,4319,광교,D19,,20250619,신분당선,4304,신사,D4,N,신분당선,,4311,판교,D11,N,10:55:46,10:56:21,,GW048,하행,2025-05-01T05:00:00,,평일
신분당선,4319,광교,D19,,20250619,신분당선,4304,신사,D4,N,신분당선,,4312,정자,D12,N,10:59:09,10:59:44,,GW048,하행,2025-05-01T05:00:00,,평일
신분당선,4319,광교,D19,,20250619,신분당선,4304,신사,D4,N,신분당선,,4313,미금,D13,N,11:01:54,11:02:24,,GW048,하행,2025-05-01T05:00:00,,평일
신분당선,4319,광교,D19,,20250619,신분당선,4304,신사,D4,N,신분당선,,4314,동천,D14,N,11:04:32,11:05:02,,GW048,하행,2025-05-01T05:00:00,,평일
신분당선,4319,광교,D19,,20250619,신분당선,4304,신사,D4,N,신분당선,,4315,수지구청,D15,N,11:07:26,11:07:56,,GW048,하행,2025-05-01T05:00:00,,평일
신분당선,4319,광교,D19,,20250619,신분당선,4304,신사,D4,N,신분당선,,4316,성복,D16,N,11:09:58,11:10:23,,GW048,하행,2025-05-01T05:00:00,,평일
신분당선,4319,광교,D19,,20250619,신분당선,4304,신사,D4,N,신분당선,,4317,상현,D17,N,11:12:54,11:13:19,,GW048,하행,2025-05-01T05:00:00,,평일
신분당선,4319,광교,D19,,20250619,신분당선,4304,신사,D4,N,신분당선,,4318,광교중앙,D18,N,11:16:05,11:16:30,,GW048,하행,2025-05-01T05:00:00,,평일
신분당선,4319,광교,D19,,20250619,신분당선,4304,신사,D4,N,신분당선,,4319,광교,D19,N,11:19:35,,,GW048,하행,2025-05-01T05:00:00,,평일
신분당선,4319,광교,D19,,20250619,신분당선,4304,신사,D4,N,신분당선,,4304,신사,D4,N,,10:45:53,,GW049,하행,2025-05-01T05:00:00,,평일
신분당선,4319,광교,D19,,20250619,신분당선,4304,신사,D4,N,신분당선,,4305,논현,D5,N,10:46:51,10:47:26,,GW049,하행,2025-05-01T05:00:00,,평일
신분당선,4319,광교,D19,,20250619,신분당선,4304,신사,D4,N,신분당선,,4306,신논현,D6,N,10:48:36,10:49:11,,GW049,하행,2025-05-01T05:00:00,,평일
신분당선,4319,광교,D19,,20250619,신분당선,4304,신사,D4,N,신분당선,,4307,강남,D7,N,10:50:19,10:50:54,,GW049,하행,2025-05-01T05:00:00,,평일
신분당선,4319,광교,D19,,20250619,신분당선,4304,신사,D4,N,신분당선,,4308,양재,D8,N,10:52:32,10:53:07,,GW049,하행,2025-05-01T05:00:00,,평일
신분당선,4319,광교,D19,,20250619,신분당선,4304,신사,D4,N,신분당선,,4309,양재시민의숲,D9,N,10:54:48,10:55:18,,GW049,하행,2025-05-01T05:00:00,,평일
신분당선,4319,광교,D19,,20250619,신분당선,4304,신사,D4,N,신분당선,,4310,청계산입구,D10,N,10:57:48,10:58:13,,GW049,하행,2025-05-01T05:00:00,,평일
신분당선,4319,광교,D19,,20250619,신분당선,4304,신사,D4,N,신분당선,,4311,판교,D11,N,11:04:16,11:04:51,,GW049,하행,2025-05-01T05:00:00,,평일
신분당선,4319,광교,D19,,20250619,신분당선,4304,신사,D4,N,신분당선,,4312,정자,D12,N,11:07:39,11:08:14,,GW049,하행,2025-05-01T05:00:00,,평일
신분당선,4319,광교,D19,,20250619,신분당선,4304,신사,D4,N,신분당선,,4313,미금,D13,N,11:10:24,11:10:54,,GW049,하행,2025-05-01T05:00:00,,평일
신분당선,4319,광교,D19,,20250619,신분당선,4304,신사,D4,N,신분당선,,4314,동천,D14,N,11:13:02,11:13:32,,GW049,하행,2025-05-01T05:00:00,,평일
신분당선,4319,광교,D19,,20250619,신분당선,4304,신사,D4,N,신분당선,,4315,수지구청,D15,N,11:15:56,11:16:26,,GW049,하행,2025-05-01T05:00:00,,평일
신분당선,4319,광교,D19,,20250619,신분당선,4304,신사,D4,N,신분당선,,4316,성복,D16,N,11:18:28,11:18:53,,GW049,하행,2025-05-01T05:00:00,,평일
신분당선,4319,광교,D19,,20250619,신분당선,4304,신사,D4,N,신분당선,,4317,상현,D17,N,11:21:24,11:21:49,,GW049,하행,2025-05-01T05:00:00,,평일
신분당선,4319,광교,D19,,20250619,신분당선,4304,신사,D4,N,신분당선,,4318,광교중앙,D18,N,11:24:35,11:25:00,,GW049,하행,2025-05-01T05:00:00,,평일
신분당선,4319,광교,D19,,20250619,신분당선,4304,신사,D4,N,신분당선,,4319,광교,D19,N,11:28:05,,,GW049,하행,2025-05-01T05:00:00,,평일
신분당선,4319,광교,D19,,20250619,신분당선,4304,신사,D4,N,신분당선,,4304,신사,D4,N,,10:53:23,,GW050,하행,2025-05-01T05:00:00,,평일
신분당선,4319,광교,D19,,20250619,신분당선,4304,신사,D4,N,신분당선,,4305,논현,D5,N,10:54:21,10:54:56,,GW050,하행,2025-05-01T05:00:00,,평일
신분당선,4319,광교,D19,,20250619,신분당선,4304,신사,D4,N,신분당선,,4306,신논현,D6,N,10:56:06,10:56:41,,GW050,하행,2025-05-01T05:00:00,,평일
신분당선,4319,광교,D19,,20250619,신분당선,4304,신사,D4,N,신분당선,,4307,강남,D7,N,10:57:49,10:58:24,,GW050,하행,2025-05-01T05:00:00,,평일
신분당선,4319,광교,D19,,20250619,신분당선,4304,신사,D4,N,신분당선,,4308,양재,D8,N,11:00:02,11:00:37,,GW050,하행,2025-05-01T05:00:00,,평일
신분당선,4319,광교,D19,,20250619,신분당선,4304,신사,D4,N,신분당선,,4309,양재시민의숲,D9,N,11:02:18,11:02:48,,GW050,하행,2025-05-01T05:00:00,,평일
신분당선,4319,광교,D19,,20250619,신분당선,4304,신사,D4,N,신분당선,,4310,청계산입구,D10,N,11:05:18,11:05:43,,GW050,하행,2025-05-01T05:00:00,,평일
신분당선,4319,광교,D19,,20250619,신분당선,4304,신사,D4,N,신분당선,,4311,판교,D11,N,11:11:46,11:12:21,,GW050,하행,2025-05-01T05:00:00,,평일
신분당선,4319,광교,D19,,20250619,신분당선,4304,신사,D4,N,신분당선,,4312,정자,D12,N,11:15:09,11:15:44,,GW050,하행,2025-05-01T05:00:00,,평일
신분당선,4319,광교,D19,,20250619,신분당선,4304,신사,D4,N,신분당선,,4313,미금,D13,N,11:17:54,11:18:24,,GW050,하행,2025-05-01T05:00:00,,평일
신분당선,4319,광교,D19,,20250619,신분당선,4304,신사,D4,N,신분당선,,4314,동천,D14,N,11:20:32,11:21:02,,GW050,하행,2025-05-01T05:00:00,,평일
신분당선,4319,광교,D19,,20250619,신분당선,4304,신사,D4,N,신분당선,,4315,수지구청,D15,N,11:23:26,11:23:56,,GW050,하행,2025-05-01T05:00:00,,평일
신분당선,4319,광교,D19,,20250619,신분당선,4304,신사,D4,N,신분당선,,4316,성복,D16,N,11:25:58,11:26:23,,GW050,하행,2025-05-01T05:00:00,,평일
신분당선,4319,광교,D19,,20250619,신분당선,4304,신사,D4,N,신분당선,,4317,상현,D17,N,11:28:54,11:29:19,,GW050,하행,2025-05-01T05:00:00,,평일
신분당선,4319,광교,D19,,20250619,신분당선,4304,신사,D4,N,신분당선,,4318,광교중앙,D18,N,11:32:05,11:32:30,,GW050,하행,2025-05-01T05:00:00,,평일
신분당선,4319,광교,D19,,20250619,신분당선,4304,신사,D4,N,신분당선,,4319,광교,D19,N,11:35:35,,,GW050,하행,2025-05-01T05:00:00,,평일
신분당선,4319,광교,D19,,20250619,신분당선,4304,신사,D4,N,신분당선,,4304,신사,D4,N,,11:01:23,,GW051,하행,2025-05-01T05:00:00,,평일
신분당선,4319,광교,D19,,20250619,신분당선,4304,신사,D4,N,신분당선,,4305,논현,D5,N,11:02:21,11:02:56,,GW051,하행,2025-05-01T05:00:00,,평일
신분당선,4319,광교,D19,,20250619,신분당선,4304,신사,D4,N,신분당선,,4306,신논현,D6,N,11:04:06,11:04:41,,GW051,하행,2025-05-01T05:00:00,,평일
신분당선,4319,광교,D19,,20250619,신분당선,4304,신사,D4,N,신분당선,,4307,강남,D7,N,11:05:49,11:06:24,,GW051,하행,2025-05-01T05:00:00,,평일
신분당선,4319,광교,D19,,20250619,신분당선,4304,신사,D4,N,신분당선,,4308,양재,D8,N,11:08:02,11:08:37,,GW051,하행,2025-05-01T05:00:00,,평일
신분당선,4319,광교,D19,,20250619,신분당선,4304,신사,D4,N,신분당선,,4309,양재시민의숲,D9,N,11:10:18,11:10:48,,GW051,하행,2025-05-01T05:00:00,,평일
신분당선,4319,광교,D19,,20250619,신분당선,4304,신사,D4,N,신분당선,,4310,청계산입구,D10,N,11:13:18,11:13:43,,GW051,하행,2025-05-01T05:00:00,,평일
신분당선,4319,광교,D19,,20250619,신분당선,4304,신사,D4,N,신분당선,,4311,판교,D11,N,11:19:46,11:20:21,,GW051,하행,2025-05-01T05:00:00,,평일
신분당선,4319,광교,D19,,20250619,신분당선,4304,신사,D4,N,신분당선,,4312,정자,D12,N,11:23:09,11:23:44,,GW051,하행,2025-05-01T05:00:00,,평일
신분당선,4319,광교,D19,,20250619,신분당선,4304,신사,D4,N,신분당선,,4313,미금,D13,N,11:25:54,11:26:24,,GW051,하행,2025-05-01T05:00:00,,평일
신분당선,4319,광교,D19,,20250619,신분당선,4304,신사,D4,N,신분당선,,4314,동천,D14,N,11:28:32,11:29:02,,GW051,하행,2025-05-01T05:00:00,,평일
신분당선,4319,광교,D19,,20250619,신분당선,4304,신사,D4,N,신분당선,,4315,수지구청,D15,N,11:31:26,11:31:56,,GW051,하행,2025-05-01T05:00:00,,평일
신분당선,4319,광교,D19,,20250619,신분당선,4304,신사,D4,N,신분당선,,4316,성복,D16,N,11:33:58,11:34:23,,GW051,하행,2025-05-01T05:00:00,,평일
신분당선,4319,광교,D19,,20250619,신분당선,4304,신사,D4,N,신분당선,,4317,상현,D17,N,11:36:54,11:37:19,,GW051,하행,2025-05-01T05:00:00,,평일
신분당선,4319,광교,D19,,20250619,신분당선,4304,신사,D4,N,신분당선,,4318,광교중앙,D18,N,11:40:05,11:40:30,,GW051,하행,2025-05-01T05:00:00,,평일
신분당선,4319,광교,D19,,20250619,신분당선,4304,신사,D4,N,신분당선,,4319,광교,D19,N,11:43:35,,,GW051,하행,2025-05-01T05:00:00,,평일
신분당선,4319,광교,D19,,20250619,신분당선,4304,신사,D4,N,신분당선,,4304,신사,D4,N,,11:08:23,,GW052,하행,2025-05-01T05:00:00,,평일
신분당선,4319,광교,D19,,20250619,신분당선,4304,신사,D4,N,신분당선,,4305,논현,D5,N,11:09:21,11:09:56,,GW052,하행,2025-05-01T05:00:00,,평일
신분당선,4319,광교,D19,,20250619,신분당선,4304,신사,D4,N,신분당선,,4306,신논현,D6,N,11:11:06,11:11:41,,GW052,하행,2025-05-01T05:00:00,,평일
신분당선,4319,광교,D19,,20250619,신분당선,4304,신사,D4,N,신분당선,,4307,강남,D7,N,11:12:49,11:13:24,,GW052,하행,2025-05-01T05:00:00,,평일
신분당선,4319,광교,D19,,20250619,신분당선,4304,신사,D4,N,신분당선,,4308,양재,D8,N,11:15:02,11:15:37,,GW052,하행,2025-05-01T05:00:00,,평일
신분당선,4319,광교,D19,,20250619,신분당선,4304,신사,D4,N,신분당선,,4309,양재시민의숲,D9,N,11:17:18,11:17:48,,GW052,하행,2025-05-01T05:00:00,,평일
신분당선,4319,광교,D19,,20250619,신분당선,4304,신사,D4,N,신분당선,,4310,청계산입구,D10,N,11:20:18,11:20:43,,GW052,하행,2025-05-01T05:00:00,,평일
신분당선,4319,광교,D19,,20250619,신분당선,4304,신사,D4,N,신분당선,,4311,판교,D11,N,11:26:46,11:27:21,,GW052,하행,2025-05-01T05:00:00,,평일
신분당선,4319,광교,D19,,20250619,신분당선,4304,신사,D4,N,신분당선,,4312,정자,D12,N,11:30:09,11:30:44,,GW052,하행,2025-05-01T05:00:00,,평일
신분당선,4319,광교,D19,,20250619,신분당선,4304,신사,D4,N,신분당선,,4313,미금,D13,N,11:32:54,11:33:24,,GW052,하행,2025-05-01T05:00:00,,평일
신분당선,4319,광교,D19,,20250619,신분당선,4304,신사,D4,N,신분당선,,4314,동천,D14,N,11:35:32,11:36:02,,GW052,하행,2025-05-01T05:00:00,,평일
신분당선,4319,광교,D19,,20250619,신분당선,4304,신사,D4,N,신분당선,,4315,수지구청,D15,N,11:38:26,11:38:56,,GW052,하행,2025-05-01T05:00:00,,평일
신분당선,4319,광교,D19,,20250619,신분당선,4304,신사,D4,N,신분당선,,4316,성복,D16,N,11:40:58,11:41:23,,GW052,하행,2025-05-01T05:00:00,,평일
신분당선,4319,광교,D19,,20250619,신분당선,4304,신사,D4,N,신분당선,,4317,상현,D17,N,11:43:54,11:44:19,,GW052,하행,2025-05-01T05:00:00,,평일
신분당선,4319,광교,D19,,20250619,신분당선,4304,신사,D4,N,신분당선,,4318,광교중앙,D18,N,11:47:05,11:47:30,,GW052,하행,2025-05-01T05:00:00,,평일
신분당선,4319,광교,D19,,20250619,신분당선,4304,신사,D4,N,신분당선,,4319,광교,D19,N,11:50:35,,,GW052,하행,2025-05-01T05:00:00,,평일
신분당선,4319,광교,D19,,20250619,신분당선,4304,신사,D4,N,신분당선,,4304,신사,D4,N,,11:16:23,,GW053,하행,2025-05-01T05:00:00,,평일
신분당선,4319,광교,D19,,20250619,신분당선,4304,신사,D4,N,신분당선,,4305,논현,D5,N,11:17:21,11:17:56,,GW053,하행,2025-05-01T05:00:00,,평일
신분당선,4319,광교,D19,,20250619,신분당선,4304,신사,D4,N,신분당선,,4306,신논현,D6,N,11:19:06,11:19:41,,GW053,하행,2025-05-01T05:00:00,,평일
신분당선,4319,광교,D19,,20250619,신분당선,4304,신사,D4,N,신분당선,,4307,강남,D7,N,11:20:49,11:21:24,,GW053,하행,2025-05-01T05:00:00,,평일
신분당선,4319,광교,D19,,20250619,신분당선,4304,신사,D4,N,신분당선,,4308,양재,D8,N,11:23:02,11:23:37,,GW053,하행,2025-05-01T05:00:00,,평일
신분당선,4319,광교,D19,,20250619,신분당선,4304,신사,D4,N,신분당선,,4309,양재시민의숲,D9,N,11:25:18,11:25:48,,GW053,하행,2025-05-01T05:00:00,,평일
신분당선,4319,광교,D19,,20250619,신분당선,4304,신사,D4,N,신분당선,,4310,청계산입구,D10,N,11:28:18,11:28:43,,GW053,하행,2025-05-01T05:00:00,,평일
신분당선,4319,광교,D19,,20250619,신분당선,4304,신사,D4,N,신분당선,,4311,판교,D11,N,11:34:46,11:35:21,,GW053,하행,2025-05-01T05:00:00,,평일
신분당선,4319,광교,D19,,20250619,신분당선,4304,신사,D4,N,신분당선,,4312,정자,D12,N,11:38:09,11:38:44,,GW053,하행,2025-05-01T05:00:00,,평일
신분당선,4319,광교,D19,,20250619,신분당선,4304,신사,D4,N,신분당선,,4313,미금,D13,N,11:40:54,11:41:24,,GW053,하행,2025-05-01T05:00:00,,평일
신분당선,4319,광교,D19,,20250619,신분당선,4304,신사,D4,N,신분당선,,4314,동천,D14,N,11:43:32,11:44:02,,GW053,하행,2025-05-01T05:00:00,,평일
신분당선,4319,광교,D19,,20250619,신분당선,4304,신사,D4,N,신분당선,,4315,수지구청,D15,N,11:46:26,11:46:56,,GW053,하행,2025-05-01T05:00:00,,평일
신분당선,4319,광교,D19,,20250619,신분당선,4304,신사,D4,N,신분당선,,4316,성복,D16,N,11:48:58,11:49:23,,GW053,하행,2025-05-01T05:00:00,,평일
신분당선,4319,광교,D19,,20250619,신분당선,4304,신사,D4,N,신분당선,,4317,상현,D17,N,11:51:54,11:52:19,,GW053,하행,2025-05-01T05:00:00,,평일
신분당선,4319,광교,D19,,20250619,신분당선,4304,신사,D4,N,신분당선,,4318,광교중앙,D18,N,11:55:05,11:55:30,,GW053,하행,2025-05-01T05:00:00,,평일
신분당선,4319,광교,D19,,20250619,신분당선,4304,신사,D4,N,신분당선,,4319,광교,D19,N,11:58:35,,,GW053,하행,2025-05-01T05:00:00,,평일
신분당선,4319,광교,D19,,20250619,신분당선,4304,신사,D4,N,신분당선,,4304,신사,D4,N,,11:24:23,,GW054,하행,2025-05-01T05:00:00,,평일
신분당선,4319,광교,D19,,20250619,신분당선,4304,신사,D4,N,신분당선,,4305,논현,D5,N,11:25:21,11:25:56,,GW054,하행,2025-05-01T05:00:00,,평일
신분당선,4319,광교,D19,,20250619,신분당선,4304,신사,D4,N,신분당선,,4306,신논현,D6,N,11:27:06,11:27:41,,GW054,하행,2025-05-01T05:00:00,,평일
신분당선,4319,광교,D19,,20250619,신분당선,4304,신사,D4,N,신분당선,,4307,강남,D7,N,11:28:49,11:29:24,,GW054,하행,2025-05-01T05:00:00,,평일
신분당선,4319,광교,D19,,20250619,신분당선,4304,신사,D4,N,신분당선,,4308,양재,D8,N,11:31:02,11:31:37,,GW054,하행,2025-05-01T05:00:00,,평일
신분당선,4319,광교,D19,,20250619,신분당선,4304,신사,D4,N,신분당선,,4309,양재시민의숲,D9,N,11:33:18,11:33:48,,GW054,하행,2025-05-01T05:00:00,,평일
신분당선,4319,광교,D19,,20250619,신분당선,4304,신사,D4,N,신분당선,,4310,청계산입구,D10,N,11:36:18,11:36:43,,GW054,하행,2025-05-01T05:00:00,,평일
신분당선,4319,광교,D19,,20250619,신분당선,4304,신사,D4,N,신분당선,,4311,판교,D11,N,11:42:46,11:43:21,,GW054,하행,2025-05-01T05:00:00,,평일
신분당선,4319,광교,D19,,20250619,신분당선,4304,신사,D4,N,신분당선,,4312,정자,D12,N,11:46:09,11:46:44,,GW054,하행,2025-05-01T05:00:00,,평일
신분당선,4319,광교,D19,,20250619,신분당선,4304,신사,D4,N,신분당선,,4313,미금,D13,N,11:48:54,11:49:24,,GW054,하행,2025-05-01T05:00:00,,평일
신분당선,4319,광교,D19,,20250619,신분당선,4304,신사,D4,N,신분당선,,4314,동천,D14,N,11:51:32,11:52:02,,GW054,하행,2025-05-01T05:00:00,,평일
신분당선,4319,광교,D19,,20250619,신분당선,4304,신사,D4,N,신분당선,,4315,수지구청,D15,N,11:54:26,11:54:56,,GW054,하행,2025-05-01T05:00:00,,평일
신분당선,4319,광교,D19,,20250619,신분당선,4304,신사,D4,N,신분당선,,4316,성복,D16,N,11:56:58,11:57:23,,GW054,하행,2025-05-01T05:00:00,,평일
신분당선,4319,광교,D19,,20250619,신분당선,4304,신사,D4,N,신분당선,,4317,상현,D17,N,11:59:54,12:00:19,,GW054,하행,2025-05-01T05:00:00,,평일
신분당선,4319,광교,D19,,20250619,신분당선,4304,신사,D4,N,신분당선,,4318,광교중앙,D18,N,12:03:05,12:03:30,,GW054,하행,2025-05-01T05:00:00,,평일
신분당선,4319,광교,D19,,20250619,신분당선,4304,신사,D4,N,신분당선,,4319,광교,D19,N,12:06:35,,,GW054,하행,2025-05-01T05:00:00,,평일
신분당선,4319,광교,D19,,20250619,신분당선,4304,신사,D4,N,신분당선,,4304,신사,D4,N,,11:32:23,,GW055,하행,2025-05-01T05:00:00,,평일
신분당선,4319,광교,D19,,20250619,신분당선,4304,신사,D4,N,신분당선,,4305,논현,D5,N,11:33:21,11:33:56,,GW055,하행,2025-05-01T05:00:00,,평일
신분당선,4319,광교,D19,,20250619,신분당선,4304,신사,D4,N,신분당선,,4306,신논현,D6,N,11:35:06,11:35:41,,GW055,하행,2025-05-01T05:00:00,,평일
신분당선,4319,광교,D19,,20250619,신분당선,4304,신사,D4,N,신분당선,,4307,강남,D7,N,11:36:49,11:37:24,,GW055,하행,2025-05-01T05:00:00,,평일
신분당선,4319,광교,D19,,20250619,신분당선,4304,신사,D4,N,신분당선,,4308,양재,D8,N,11:39:02,11:39:37,,GW055,하행,2025-05-01T05:00:00,,평일
신분당선,4319,광교,D19,,20250619,신분당선,4304,신사,D4,N,신분당선,,4309,양재시민의숲,D9,N,11:41:18,11:41:48,,GW055,하행,2025-05-01T05:00:00,,평일
신분당선,4319,광교,D19,,20250619,신분당선,4304,신사,D4,N,신분당선,,4310,청계산입구,D10,N,11:44:18,11:44:43,,GW055,하행,2025-05-01T05:00:00,,평일
신분당선,4319,광교,D19,,20250619,신분당선,4304,신사,D4,N,신분당선,,4311,판교,D11,N,11:50:46,11:51:21,,GW055,하행,2025-05-01T05:00:00,,평일
신분당선,4319,광교,D19,,20250619,신분당선,4304,신사,D4,N,신분당선,,4312,정자,D12,N,11:54:09,11:54:44,,GW055,하행,2025-05-01T05:00:00,,평일
신분당선,4319,광교,D19,,20250619,신분당선,4304,신사,D4,N,신분당선,,4313,미금,D13,N,11:56:54,11:57:24,,GW055,하행,2025-05-01T05:00:00,,평일
신분당선,4319,광교,D19,,20250619,신분당선,4304,신사,D4,N,신분당선,,4314,동천,D14,N,11:59:32,12:00:02,,GW055,하행,2025-05-01T05:00:00,,평일
신분당선,4319,광교,D19,,20250619,신분당선,4304,신사,D4,N,신분당선,,4315,수지구청,D15,N,12:02:26,12:02:56,,GW055,하행,2025-05-01T05:00:00,,평일
신분당선,4319,광교,D19,,20250619,신분당선,4304,신사,D4,N,신분당선,,4316,성복,D16,N,12:04:58,12:05:23,,GW055,하행,2025-05-01T05:00:00,,평일
신분당선,4319,광교,D19,,20250619,신분당선,4304,신사,D4,N,신분당선,,4317,상현,D17,N,12:07:54,12:08:19,,GW055,하행,2025-05-01T05:00:00,,평일
신분당선,4319,광교,D19,,20250619,신분당선,4304,신사,D4,N,신분당선,,4318,광교중앙,D18,N,12:11:05,12:11:30,,GW055,하행,2025-05-01T05:00:00,,평일
신분당선,4319,광교,D19,,20250619,신분당선,4304,신사,D4,N,신분당선,,4319,광교,D19,N,12:14:35,,,GW055,하행,2025-05-01T05:00:00,,평일
신분당선,4319,광교,D19,,20250619,신분당선,4304,신사,D4,N,신분당선,,4304,신사,D4,N,,11:40:23,,GW056,하행,2025-05-01T05:00:00,,평일
신분당선,4319,광교,D19,,20250619,신분당선,4304,신사,D4,N,신분당선,,4305,논현,D5,N,11:41:21,11:41:56,,GW056,하행,2025-05-01T05:00:00,,평일
신분당선,4319,광교,D19,,20250619,신분당선,4304,신사,D4,N,신분당선,,4306,신논현,D6,N,11:43:06,11:43:41,,GW056,하행,2025-05-01T05:00:00,,평일
신분당선,4319,광교,D19,,20250619,신분당선,4304,신사,D4,N,신분당선,,4307,강남,D7,N,11:44:49,11:45:24,,GW056,하행,2025-05-01T05:00:00,,평일
신분당선,4319,광교,D19,,20250619,신분당선,4304,신사,D4,N,신분당선,,4308,양재,D8,N,11:47:02,11:47:37,,GW056,하행,2025-05-01T05:00:00,,평일
신분당선,4319,광교,D19,,20250619,신분당선,4304,신사,D4,N,신분당선,,4309,양재시민의숲,D9,N,11:49:18,11:49:48,,GW056,하행,2025-05-01T05:00:00,,평일
신분당선,4319,광교,D19,,20250619,신분당선,4304,신사,D4,N,신분당선,,4310,청계산입구,D10,N,11:52:18,11:52:43,,GW056,하행,2025-05-01T05:00:00,,평일
신분당선,4319,광교,D19,,20250619,신분당선,4304,신사,D4,N,신분당선,,4311,판교,D11,N,11:58:46,11:59:21,,GW056,하행,2025-05-01T05:00:00,,평일
신분당선,4319,광교,D19,,20250619,신분당선,4304,신사,D4,N,신분당선,,4312,정자,D12,N,12:02:09,12:02:44,,GW056,하행,2025-05-01T05:00:00,,평일
신분당선,4319,광교,D19,,20250619,신분당선,4304,신사,D4,N,신분당선,,4313,미금,D13,N,12:04:54,12:05:24,,GW056,하행,2025-05-01T05:00:00,,평일
신분당선,4319,광교,D19,,20250619,신분당선,4304,신사,D4,N,신분당선,,4314,동천,D14,N,12:07:32,12:08:02,,GW056,하행,2025-05-01T05:00:00,,평일
신분당선,4319,광교,D19,,20250619,신분당선,4304,신사,D4,N,신분당선,,4315,수지구청,D15,N,12:10:26,12:10:56,,GW056,하행,2025-05-01T05:00:00,,평일
신분당선,4319,광교,D19,,20250619,신분당선,4304,신사,D4,N,신분당선,,4316,성복,D16,N,12:12:58,12:13:23,,GW056,하행,2025-05-01T05:00:00,,평일
신분당선,4319,광교,D19,,20250619,신분당선,4304,신사,D4,N,신분당선,,4317,상현,D17,N,12:15:54,12:16:19,,GW056,하행,2025-05-01T05:00:00,,평일
신분당선,4319,광교,D19,,20250619,신분당선,4304,신사,D4,N,신분당선,,4318,광교중앙,D18,N,12:19:05,12:19:30,,GW056,하행,2025-05-01T05:00:00,,평일
신분당선,4319,광교,D19,,20250619,신분당선,4304,신사,D4,N,신분당선,,4319,광교,D19,N,12:22:35,,,GW056,하행,2025-05-01T05:00:00,,평일
신분당선,4319,광교,D19,,20250619,신분당선,4304,신사,D4,N,신분당선,,4304,신사,D4,N,,11:48:23,,GW057,하행,2025-05-01T05:00:00,,평일
신분당선,4319,광교,D19,,20250619,신분당선,4304,신사,D4,N,신분당선,,4305,논현,D5,N,11:49:21,11:49:56,,GW057,하행,2025-05-01T05:00:00,,평일
신분당선,4319,광교,D19,,20250619,신분당선,4304,신사,D4,N,신분당선,,4306,신논현,D6,N,11:51:06,11:51:41,,GW057,하행,2025-05-01T05:00:00,,평일
신분당선,4319,광교,D19,,20250619,신분당선,4304,신사,D4,N,신분당선,,4307,강남,D7,N,11:52:49,11:53:24,,GW057,하행,2025-05-01T05:00:00,,평일
신분당선,4319,광교,D19,,20250619,신분당선,4304,신사,D4,N,신분당선,,4308,양재,D8,N,11:55:02,11:55:37,,GW057,하행,2025-05-01T05:00:00,,평일
신분당선,4319,광교,D19,,20250619,신분당선,4304,신사,D4,N,신분당선,,4309,양재시민의숲,D9,N,11:57:18,11:57:48,,GW057,하행,2025-05-01T05:00:00,,평일
신분당선,4319,광교,D19,,20250619,신분당선,4304,신사,D4,N,신분당선,,4310,청계산입구,D10,N,12:00:18,12:00:43,,GW057,하행,2025-05-01T05:00:00,,평일
신분당선,4319,광교,D19,,20250619,신분당선,4304,신사,D4,N,신분당선,,4311,판교,D11,N,12:06:46,12:07:21,,GW057,하행,2025-05-01T05:00:00,,평일
신분당선,4319,광교,D19,,20250619,신분당선,4304,신사,D4,N,신분당선,,4312,정자,D12,N,12:10:09,12:10:44,,GW057,하행,2025-05-01T05:00:00,,평일
신분당선,4319,광교,D19,,20250619,신분당선,4304,신사,D4,N,신분당선,,4313,미금,D13,N,12:12:54,12:13:24,,GW057,하행,2025-05-01T05:00:00,,평일
신분당선,4319,광교,D19,,20250619,신분당선,4304,신사,D4,N,신분당선,,4314,동천,D14,N,12:15:32,12:16:02,,GW057,하행,2025-05-01T05:00:00,,평일
신분당선,4319,광교,D19,,20250619,신분당선,4304,신사,D4,N,신분당선,,4315,수지구청,D15,N,12:18:26,12:18:56,,GW057,하행,2025-05-01T05:00:00,,평일
신분당선,4319,광교,D19,,20250619,신분당선,4304,신사,D4,N,신분당선,,4316,성복,D16,N,12:20:58,12:21:23,,GW057,하행,2025-05-01T05:00:00,,평일
신분당선,4319,광교,D19,,20250619,신분당선,4304,신사,D4,N,신분당선,,4317,상현,D17,N,12:23:54,12:24:19,,GW057,하행,2025-05-01T05:00:00,,평일
신분당선,4319,광교,D19,,20250619,신분당선,4304,신사,D4,N,신분당선,,4318,광교중앙,D18,N,12:27:05,12:27:30,,GW057,하행,2025-05-01T05:00:00,,평일
신분당선,4319,광교,D19,,20250619,신분당선,4304,신사,D4,N,신분당선,,4319,광교,D19,N,12:30:35,,,GW057,하행,2025-05-01T05:00:00,,평일
신분당선,4319,광교,D19,,20250619,신분당선,4304,신사,D4,N,신분당선,,4304,신사,D4,N,,11:56:23,,GW058,하행,2025-05-01T05:00:00,,평일
신분당선,4319,광교,D19,,20250619,신분당선,4304,신사,D4,N,신분당선,,4305,논현,D5,N,11:57:21,11:57:56,,GW058,하행,2025-05-01T05:00:00,,평일
신분당선,4319,광교,D19,,20250619,신분당선,4304,신사,D4,N,신분당선,,4306,신논현,D6,N,11:59:06,11:59:41,,GW058,하행,2025-05-01T05:00:00,,평일
신분당선,4319,광교,D19,,20250619,신분당선,4304,신사,D4,N,신분당선,,4307,강남,D7,N,12:00:49,12:01:24,,GW058,하행,2025-05-01T05:00:00,,평일
신분당선,4319,광교,D19,,20250619,신분당선,4304,신사,D4,N,신분당선,,4308,양재,D8,N,12:03:02,12:03:37,,GW058,하행,2025-05-01T05:00:00,,평일
신분당선,4319,광교,D19,,20250619,신분당선,4304,신사,D4,N,신분당선,,4309,양재시민의숲,D9,N,12:05:18,12:05:48,,GW058,하행,2025-05-01T05:00:00,,평일
신분당선,4319,광교,D19,,20250619,신분당선,4304,신사,D4,N,신분당선,,4310,청계산입구,D10,N,12:08:18,12:08:43,,GW058,하행,2025-05-01T05:00:00,,평일
신분당선,4319,광교,D19,,20250619,신분당선,4304,신사,D4,N,신분당선,,4311,판교,D11,N,12:14:46,12:15:21,,GW058,하행,2025-05-01T05:00:00,,평일
신분당선,4319,광교,D19,,20250619,신분당선,4304,신사,D4,N,신분당선,,4312,정자,D12,N,12:18:09,12:18:44,,GW058,하행,2025-05-01T05:00:00,,평일
신분당선,4319,광교,D19,,20250619,신분당선,4304,신사,D4,N,신분당선,,4313,미금,D13,N,12:20:54,12:21:24,,GW058,하행,2025-05-01T05:00:00,,평일
신분당선,4319,광교,D19,,20250619,신분당선,4304,신사,D4,N,신분당선,,4314,동천,D14,N,12:23:32,12:24:02,,GW058,하행,2025-05-01T05:00:00,,평일
신분당선,4319,광교,D19,,20250619,신분당선,4304,신사,D4,N,신분당선,,4315,수지구청,D15,N,12:26:26,12:26:56,,GW058,하행,2025-05-01T05:00:00,,평일
신분당선,4319,광교,D19,,20250619,신분당선,4304,신사,D4,N,신분당선,,4316,성복,D16,N,12:28:58,12:29:23,,GW058,하행,2025-05-01T05:00:00,,평일
신분당선,4319,광교,D19,,20250619,신분당선,4304,신사,D4,N,신분당선,,4317,상현,D17,N,12:31:54,12:32:19,,GW058,하행,2025-05-01T05:00:00,,평일
신분당선,4319,광교,D19,,20250619,신분당선,4304,신사,D4,N,신분당선,,4318,광교중앙,D18,N,12:35:05,12:35:30,,GW058,하행,2025-05-01T05:00:00,,평일
신분당선,4319,광교,D19,,20250619,신분당선,4304,신사,D4,N,신분당선,,4319,광교,D19,N,12:38:35,,,GW058,하행,2025-05-01T05:00:00,,평일
신분당선,4319,광교,D19,,20250619,신분당선,4304,신사,D4,N,신분당선,,4304,신사,D4,N,,12:04:23,,GW059,하행,2025-05-01T05:00:00,,평일
신분당선,4319,광교,D19,,20250619,신분당선,4304,신사,D4,N,신분당선,,4305,논현,D5,N,12:05:21,12:05:56,,GW059,하행,2025-05-01T05:00:00,,평일
신분당선,4319,광교,D19,,20250619,신분당선,4304,신사,D4,N,신분당선,,4306,신논현,D6,N,12:07:06,12:07:41,,GW059,하행,2025-05-01T05:00:00,,평일
신분당선,4319,광교,D19,,20250619,신분당선,4304,신사,D4,N,신분당선,,4307,강남,D7,N,12:08:49,12:09:24,,GW059,하행,2025-05-01T05:00:00,,평일
신분당선,4319,광교,D19,,20250619,신분당선,4304,신사,D4,N,신분당선,,4308,양재,D8,N,12:11:02,12:11:37,,GW059,하행,2025-05-01T05:00:00,,평일
신분당선,4319,광교,D19,,20250619,신분당선,4304,신사,D4,N,신분당선,,4309,양재시민의숲,D9,N,12:13:18,12:13:48,,GW059,하행,2025-05-01T05:00:00,,평일
신분당선,4319,광교,D19,,20250619,신분당선,4304,신사,D4,N,신분당선,,4310,청계산입구,D10,N,12:16:18,12:16:43,,GW059,하행,2025-05-01T05:00:00,,평일
신분당선,4319,광교,D19,,20250619,신분당선,4304,신사,D4,N,신분당선,,4311,판교,D11,N,12:22:46,12:23:21,,GW059,하행,2025-05-01T05:00:00,,평일
신분당선,4319,광교,D19,,20250619,신분당선,4304,신사,D4,N,신분당선,,4312,정자,D12,N,12:26:09,12:26:44,,GW059,하행,2025-05-01T05:00:00,,평일
신분당선,4319,광교,D19,,20250619,신분당선,4304,신사,D4,N,신분당선,,4313,미금,D13,N,12:28:54,12:29:24,,GW059,하행,2025-05-01T05:00:00,,평일
신분당선,4319,광교,D19,,20250619,신분당선,4304,신사,D4,N,신분당선,,4314,동천,D14,N,12:31:32,12:32:02,,GW059,하행,2025-05-01T05:00:00,,평일
신분당선,4319,광교,D19,,20250619,신분당선,4304,신사,D4,N,신분당선,,4315,수지구청,D15,N,12:34:26,12:34:56,,GW059,하행,2025-05-01T05:00:00,,평일
신분당선,4319,광교,D19,,20250619,신분당선,4304,신사,D4,N,신분당선,,4316,성복,D16,N,12:36:58,12:37:23,,GW059,하행,2025-05-01T05:00:00,,평일
신분당선,4319,광교,D19,,20250619,신분당선,4304,신사,D4,N,신분당선,,4317,상현,D17,N,12:39:54,12:40:19,,GW059,하행,2025-05-01T05:00:00,,평일
신분당선,4319,광교,D19,,20250619,신분당선,4304,신사,D4,N,신분당선,,4318,광교중앙,D18,N,12:43:05,12:43:30,,GW059,하행,2025-05-01T05:00:00,,평일
신분당선,4319,광교,D19,,20250619,신분당선,4304,신사,D4,N,신분당선,,4319,광교,D19,N,12:46:35,,,GW059,하행,2025-05-01T05:00:00,,평일
신분당선,4319,광교,D19,,20250619,신분당선,4304,신사,D4,N,신분당선,,4304,신사,D4,N,,12:12:23,,GW060,하행,2025-05-01T05:00:00,,평일
신분당선,4319,광교,D19,,20250619,신분당선,4304,신사,D4,N,신분당선,,4305,논현,D5,N,12:13:21,12:13:56,,GW060,하행,2025-05-01T05:00:00,,평일
신분당선,4319,광교,D19,,20250619,신분당선,4304,신사,D4,N,신분당선,,4306,신논현,D6,N,12:15:06,12:15:41,,GW060,하행,2025-05-01T05:00:00,,평일
신분당선,4319,광교,D19,,20250619,신분당선,4304,신사,D4,N,신분당선,,4307,강남,D7,N,12:16:49,12:17:24,,GW060,하행,2025-05-01T05:00:00,,평일
신분당선,4319,광교,D19,,20250619,신분당선,4304,신사,D4,N,신분당선,,4308,양재,D8,N,12:19:02,12:19:37,,GW060,하행,2025-05-01T05:00:00,,평일
신분당선,4319,광교,D19,,20250619,신분당선,4304,신사,D4,N,신분당선,,4309,양재시민의숲,D9,N,12:21:18,12:21:48,,GW060,하행,2025-05-01T05:00:00,,평일
신분당선,4319,광교,D19,,20250619,신분당선,4304,신사,D4,N,신분당선,,4310,청계산입구,D10,N,12:24:18,12:24:43,,GW060,하행,2025-05-01T05:00:00,,평일
신분당선,4319,광교,D19,,20250619,신분당선,4304,신사,D4,N,신분당선,,4311,판교,D11,N,12:30:46,12:31:21,,GW060,하행,2025-05-01T05:00:00,,평일
신분당선,4319,광교,D19,,20250619,신분당선,4304,신사,D4,N,신분당선,,4312,정자,D12,N,12:34:09,12:34:44,,GW060,하행,2025-05-01T05:00:00,,평일
신분당선,4319,광교,D19,,20250619,신분당선,4304,신사,D4,N,신분당선,,4313,미금,D13,N,12:36:54,12:37:24,,GW060,하행,2025-05-01T05:00:00,,평일
신분당선,4319,광교,D19,,20250619,신분당선,4304,신사,D4,N,신분당선,,4314,동천,D14,N,12:39:32,12:40:02,,GW060,하행,2025-05-01T05:00:00,,평일
신분당선,4319,광교,D19,,20250619,신분당선,4304,신사,D4,N,신분당선,,4315,수지구청,D15,N,12:42:26,12:42:56,,GW060,하행,2025-05-01T05:00:00,,평일
신분당선,4319,광교,D19,,20250619,신분당선,4304,신사,D4,N,신분당선,,4316,성복,D16,N,12:44:58,12:45:23,,GW060,하행,2025-05-01T05:00:00,,평일
신분당선,4319,광교,D19,,20250619,신분당선,4304,신사,D4,N,신분당선,,4317,상현,D17,N,12:47:54,12:48:19,,GW060,하행,2025-05-01T05:00:00,,평일
신분당선,4319,광교,D19,,20250619,신분당선,4304,신사,D4,N,신분당선,,4318,광교중앙,D18,N,12:51:05,12:51:30,,GW060,하행,2025-05-01T05:00:00,,평일
신분당선,4319,광교,D19,,20250619,신분당선,4304,신사,D4,N,신분당선,,4319,광교,D19,N,12:54:35,,,GW060,하행,2025-05-01T05:00:00,,평일
신분당선,4319,광교,D19,,20250619,신분당선,4304,신사,D4,N,신분당선,,4304,신사,D4,N,,12:20:23,,GW061,하행,2025-05-01T05:00:00,,평일
신분당선,4319,광교,D19,,20250619,신분당선,4304,신사,D4,N,신분당선,,4305,논현,D5,N,12:21:21,12:21:56,,GW061,하행,2025-05-01T05:00:00,,평일
신분당선,4319,광교,D19,,20250619,신분당선,4304,신사,D4,N,신분당선,,4306,신논현,D6,N,12:23:06,12:23:41,,GW061,하행,2025-05-01T05:00:00,,평일
신분당선,4319,광교,D19,,20250619,신분당선,4304,신사,D4,N,신분당선,,4307,강남,D7,N,12:24:49,12:25:24,,GW061,하행,2025-05-01T05:00:00,,평일
신분당선,4319,광교,D19,,20250619,신분당선,4304,신사,D4,N,신분당선,,4308,양재,D8,N,12:27:02,12:27:37,,GW061,하행,2025-05-01T05:00:00,,평일
신분당선,4319,광교,D19,,20250619,신분당선,4304,신사,D4,N,신분당선,,4309,양재시민의숲,D9,N,12:29:18,12:29:48,,GW061,하행,2025-05-01T05:00:00,,평일
신분당선,4319,광교,D19,,20250619,신분당선,4304,신사,D4,N,신분당선,,4310,청계산입구,D10,N,12:32:18,12:32:43,,GW061,하행,2025-05-01T05:00:00,,평일
신분당선,4319,광교,D19,,20250619,신분당선,4304,신사,D4,N,신분당선,,4311,판교,D11,N,12:38:46,12:39:21,,GW061,하행,2025-05-01T05:00:00,,평일
신분당선,4319,광교,D19,,20250619,신분당선,4304,신사,D4,N,신분당선,,4312,정자,D12,N,12:42:09,12:42:44,,GW061,하행,2025-05-01T05:00:00,,평일
신분당선,4319,광교,D19,,20250619,신분당선,4304,신사,D4,N,신분당선,,4313,미금,D13,N,12:44:54,12:45:24,,GW061,하행,2025-05-01T05:00:00,,평일
신분당선,4319,광교,D19,,20250619,신분당선,4304,신사,D4,N,신분당선,,4314,동천,D14,N,12:47:32,12:48:02,,GW061,하행,2025-05-01T05:00:00,,평일
신분당선,4319,광교,D19,,20250619,신분당선,4304,신사,D4,N,신분당선,,4315,수지구청,D15,N,12:50:26,12:50:56,,GW061,하행,2025-05-01T05:00:00,,평일
신분당선,4319,광교,D19,,20250619,신분당선,4304,신사,D4,N,신분당선,,4316,성복,D16,N,12:52:58,12:53:23,,GW061,하행,2025-05-01T05:00:00,,평일
신분당선,4319,광교,D19,,20250619,신분당선,4304,신사,D4,N,신분당선,,4317,상현,D17,N,12:55:54,12:56:19,,GW061,하행,2025-05-01T05:00:00,,평일
신분당선,4319,광교,D19,,20250619,신분당선,4304,신사,D4,N,신분당선,,4318,광교중앙,D18,N,12:59:05,12:59:30,,GW061,하행,2025-05-01T05:00:00,,평일
신분당선,4319,광교,D19,,20250619,신분당선,4304,신사,D4,N,신분당선,,4319,광교,D19,N,13:02:35,,,GW061,하행,2025-05-01T05:00:00,,평일
신분당선,4319,광교,D19,,20250619,신분당선,4304,신사,D4,N,신분당선,,4304,신사,D4,N,,12:28:23,,GW062,하행,2025-05-01T05:00:00,,평일
신분당선,4319,광교,D19,,20250619,신분당선,4304,신사,D4,N,신분당선,,4305,논현,D5,N,12:29:21,12:29:56,,GW062,하행,2025-05-01T05:00:00,,평일
신분당선,4319,광교,D19,,20250619,신분당선,4304,신사,D4,N,신분당선,,4306,신논현,D6,N,12:31:06,12:31:41,,GW062,하행,2025-05-01T05:00:00,,평일
신분당선,4319,광교,D19,,20250619,신분당선,4304,신사,D4,N,신분당선,,4307,강남,D7,N,12:32:49,12:33:24,,GW062,하행,2025-05-01T05:00:00,,평일
신분당선,4319,광교,D19,,20250619,신분당선,4304,신사,D4,N,신분당선,,4308,양재,D8,N,12:35:02,12:35:37,,GW062,하행,2025-05-01T05:00:00,,평일
신분당선,4319,광교,D19,,20250619,신분당선,4304,신사,D4,N,신분당선,,4309,양재시민의숲,D9,N,12:37:18,12:37:48,,GW062,하행,2025-05-01T05:00:00,,평일
신분당선,4319,광교,D19,,20250619,신분당선,4304,신사,D4,N,신분당선,,4310,청계산입구,D10,N,12:40:18,12:40:43,,GW062,하행,2025-05-01T05:00:00,,평일
신분당선,4319,광교,D19,,20250619,신분당선,4304,신사,D4,N,신분당선,,4311,판교,D11,N,12:46:46,12:47:21,,GW062,하행,2025-05-01T05:00:00,,평일
신분당선,4319,광교,D19,,20250619,신분당선,4304,신사,D4,N,신분당선,,4312,정자,D12,N,12:50:09,12:50:44,,GW062,하행,2025-05-01T05:00:00,,평일
신분당선,4319,광교,D19,,20250619,신분당선,4304,신사,D4,N,신분당선,,4313,미금,D13,N,12:52:54,12:53:24,,GW062,하행,2025-05-01T05:00:00,,평일
신분당선,4319,광교,D19,,20250619,신분당선,4304,신사,D4,N,신분당선,,4314,동천,D14,N,12:55:32,12:56:02,,GW062,하행,2025-05-01T05:00:00,,평일
신분당선,4319,광교,D19,,20250619,신분당선,4304,신사,D4,N,신분당선,,4315,수지구청,D15,N,12:58:26,12:58:56,,GW062,하행,2025-05-01T05:00:00,,평일
신분당선,4319,광교,D19,,20250619,신분당선,4304,신사,D4,N,신분당선,,4316,성복,D16,N,13:00:58,13:01:23,,GW062,하행,2025-05-01T05:00:00,,평일
신분당선,4319,광교,D19,,20250619,신분당선,4304,신사,D4,N,신분당선,,4317,상현,D17,N,13:03:54,13:04:19,,GW062,하행,2025-05-01T05:00:00,,평일
신분당선,4319,광교,D19,,20250619,신분당선,4304,신사,D4,N,신분당선,,4318,광교중앙,D18,N,13:07:05,13:07:30,,GW062,하행,2025-05-01T05:00:00,,평일
신분당선,4319,광교,D19,,20250619,신분당선,4304,신사,D4,N,신분당선,,4319,광교,D19,N,13:10:35,,,GW062,하행,2025-05-01T05:00:00,,평일
신분당선,4319,광교,D19,,20250619,신분당선,4304,신사,D4,N,신분당선,,4304,신사,D4,N,,12:36:23,,GW063,하행,2025-05-01T05:00:00,,평일
신분당선,4319,광교,D19,,20250619,신분당선,4304,신사,D4,N,신분당선,,4305,논현,D5,N,12:37:21,12:37:56,,GW063,하행,2025-05-01T05:00:00,,평일
신분당선,4319,광교,D19,,20250619,신분당선,4304,신사,D4,N,신분당선,,4306,신논현,D6,N,12:39:06,12:39:41,,GW063,하행,2025-05-01T05:00:00,,평일
신분당선,4319,광교,D19,,20250619,신분당선,4304,신사,D4,N,신분당선,,4307,강남,D7,N,12:40:49,12:41:24,,GW063,하행,2025-05-01T05:00:00,,평일
신분당선,4319,광교,D19,,20250619,신분당선,4304,신사,D4,N,신분당선,,4308,양재,D8,N,12:43:02,12:43:37,,GW063,하행,2025-05-01T05:00:00,,평일
신분당선,4319,광교,D19,,20250619,신분당선,4304,신사,D4,N,신분당선,,4309,양재시민의숲,D9,N,12:45:18,12:45:48,,GW063,하행,2025-05-01T05:00:00,,평일
신분당선,4319,광교,D19,,20250619,신분당선,4304,신사,D4,N,신분당선,,4310,청계산입구,D10,N,12:48:18,12:48:43,,GW063,하행,2025-05-01T05:00:00,,평일
신분당선,4319,광교,D19,,20250619,신분당선,4304,신사,D4,N,신분당선,,4311,판교,D11,N,12:54:46,12:55:21,,GW063,하행,2025-05-01T05:00:00,,평일
신분당선,4319,광교,D19,,20250619,신분당선,4304,신사,D4,N,신분당선,,4312,정자,D12,N,12:58:09,12:58:44,,GW063,하행,2025-05-01T05:00:00,,평일
신분당선,4319,광교,D19,,20250619,신분당선,4304,신사,D4,N,신분당선,,4313,미금,D13,N,13:00:54,13:01:24,,GW063,하행,2025-05-01T05:00:00,,평일
신분당선,4319,광교,D19,,20250619,신분당선,4304,신사,D4,N,신분당선,,4314,동천,D14,N,13:03:32,13:04:02,,GW063,하행,2025-05-01T05:00:00,,평일
신분당선,4319,광교,D19,,20250619,신분당선,4304,신사,D4,N,신분당선,,4315,수지구청,D15,N,13:06:26,13:06:56,,GW063,하행,2025-05-01T05:00:00,,평일
신분당선,4319,광교,D19,,20250619,신분당선,4304,신사,D4,N,신분당선,,4316,성복,D16,N,13:08:58,13:09:23,,GW063,하행,2025-05-01T05:00:00,,평일
신분당선,4319,광교,D19,,20250619,신분당선,4304,신사,D4,N,신분당선,,4317,상현,D17,N,13:11:54,13:12:19,,GW063,하행,2025-05-01T05:00:00,,평일
신분당선,4319,광교,D19,,20250619,신분당선,4304,신사,D4,N,신분당선,,4318,광교중앙,D18,N,13:15:05,13:15:30,,GW063,하행,2025-05-01T05:00:00,,평일
신분당선,4319,광교,D19,,20250619,신분당선,4304,신사,D4,N,신분당선,,4319,광교,D19,N,13:18:35,,,GW063,하행,2025-05-01T05:00:00,,평일
신분당선,4319,광교,D19,,20250619,신분당선,4304,신사,D4,N,신분당선,,4304,신사,D4,N,,12:44:23,,GW064,하행,2025-05-01T05:00:00,,평일
신분당선,4319,광교,D19,,20250619,신분당선,4304,신사,D4,N,신분당선,,4305,논현,D5,N,12:45:21,12:45:56,,GW064,하행,2025-05-01T05:00:00,,평일
신분당선,4319,광교,D19,,20250619,신분당선,4304,신사,D4,N,신분당선,,4306,신논현,D6,N,12:47:06,12:47:41,,GW064,하행,2025-05-01T05:00:00,,평일
신분당선,4319,광교,D19,,20250619,신분당선,4304,신사,D4,N,신분당선,,4307,강남,D7,N,12:48:49,12:49:24,,GW064,하행,2025-05-01T05:00:00,,평일
신분당선,4319,광교,D19,,20250619,신분당선,4304,신사,D4,N,신분당선,,4308,양재,D8,N,12:51:02,12:51:37,,GW064,하행,2025-05-01T05:00:00,,평일
신분당선,4319,광교,D19,,20250619,신분당선,4304,신사,D4,N,신분당선,,4309,양재시민의숲,D9,N,12:53:18,12:53:48,,GW064,하행,2025-05-01T05:00:00,,평일
신분당선,4319,광교,D19,,20250619,신분당선,4304,신사,D4,N,신분당선,,4310,청계산입구,D10,N,12:56:18,12:56:43,,GW064,하행,2025-05-01T05:00:00,,평일
신분당선,4319,광교,D19,,20250619,신분당선,4304,신사,D4,N,신분당선,,4311,판교,D11,N,13:02:46,13:03:21,,GW064,하행,2025-05-01T05:00:00,,평일
신분당선,4319,광교,D19,,20250619,신분당선,4304,신사,D4,N,신분당선,,4312,정자,D12,N,13:06:09,13:06:44,,GW064,하행,2025-05-01T05:00:00,,평일
신분당선,4319,광교,D19,,20250619,신분당선,4304,신사,D4,N,신분당선,,4313,미금,D13,N,13:08:54,13:09:24,,GW064,하행,2025-05-01T05:00:00,,평일
신분당선,4319,광교,D19,,20250619,신분당선,4304,신사,D4,N,신분당선,,4314,동천,D14,N,13:11:32,13:12:02,,GW064,하행,2025-05-01T05:00:00,,평일
신분당선,4319,광교,D19,,20250619,신분당선,4304,신사,D4,N,신분당선,,4315,수지구청,D15,N,13:14:26,13:14:56,,GW064,하행,2025-05-01T05:00:00,,평일
신분당선,4319,광교,D19,,20250619,신분당선,4304,신사,D4,N,신분당선,,4316,성복,D16,N,13:16:58,13:17:23,,GW064,하행,2025-05-01T05:00:00,,평일
신분당선,4319,광교,D19,,20250619,신분당선,4304,신사,D4,N,신분당선,,4317,상현,D17,N,13:19:54,13:20:19,,GW064,하행,2025-05-01T05:00:00,,평일
신분당선,4319,광교,D19,,20250619,신분당선,4304,신사,D4,N,신분당선,,4318,광교중앙,D18,N,13:23:05,13:23:30,,GW064,하행,2025-05-01T05:00:00,,평일
신분당선,4319,광교,D19,,20250619,신분당선,4304,신사,D4,N,신분당선,,4319,광교,D19,N,13:26:35,,,GW064,하행,2025-05-01T05:00:00,,평일
신분당선,4319,광교,D19,,20250619,신분당선,4304,신사,D4,N,신분당선,,4304,신사,D4,N,,12:52:23,,GW065,하행,2025-05-01T05:00:00,,평일
신분당선,4319,광교,D19,,20250619,신분당선,4304,신사,D4,N,신분당선,,4305,논현,D5,N,12:53:21,12:53:56,,GW065,하행,2025-05-01T05:00:00,,평일
신분당선,4319,광교,D19,,20250619,신분당선,4304,신사,D4,N,신분당선,,4306,신논현,D6,N,12:55:06,12:55:41,,GW065,하행,2025-05-01T05:00:00,,평일
신분당선,4319,광교,D19,,20250619,신분당선,4304,신사,D4,N,신분당선,,4307,강남,D7,N,12:56:49,12:57:24,,GW065,하행,2025-05-01T05:00:00,,평일
신분당선,4319,광교,D19,,20250619,신분당선,4304,신사,D4,N,신분당선,,4308,양재,D8,N,12:59:02,12:59:37,,GW065,하행,2025-05-01T05:00:00,,평일
신분당선,4319,광교,D19,,20250619,신분당선,4304,신사,D4,N,신분당선,,4309,양재시민의숲,D9,N,13:01:18,13:01:48,,GW065,하행,2025-05-01T05:00:00,,평일
신분당선,4319,광교,D19,,20250619,신분당선,4304,신사,D4,N,신분당선,,4310,청계산입구,D10,N,13:04:18,13:04:43,,GW065,하행,2025-05-01T05:00:00,,평일
신분당선,4319,광교,D19,,20250619,신분당선,4304,신사,D4,N,신분당선,,4311,판교,D11,N,13:10:46,13:11:21,,GW065,하행,2025-05-01T05:00:00,,평일
신분당선,4319,광교,D19,,20250619,신분당선,4304,신사,D4,N,신분당선,,4312,정자,D12,N,13:14:09,13:14:44,,GW065,하행,2025-05-01T05:00:00,,평일
신분당선,4319,광교,D19,,20250619,신분당선,4304,신사,D4,N,신분당선,,4313,미금,D13,N,13:16:54,13:17:24,,GW065,하행,2025-05-01T05:00:00,,평일
신분당선,4319,광교,D19,,20250619,신분당선,4304,신사,D4,N,신분당선,,4314,동천,D14,N,13:19:32,13:20:02,,GW065,하행,2025-05-01T05:00:00,,평일
신분당선,4319,광교,D19,,20250619,신분당선,4304,신사,D4,N,신분당선,,4315,수지구청,D15,N,13:22:26,13:22:56,,GW065,하행,2025-05-01T05:00:00,,평일
신분당선,4319,광교,D19,,20250619,신분당선,4304,신사,D4,N,신분당선,,4316,성복,D16,N,13:24:58,13:25:23,,GW065,하행,2025-05-01T05:00:00,,평일
신분당선,4319,광교,D19,,20250619,신분당선,4304,신사,D4,N,신분당선,,4317,상현,D17,N,13:27:54,13:28:19,,GW065,하행,2025-05-01T05:00:00,,평일
신분당선,4319,광교,D19,,20250619,신분당선,4304,신사,D4,N,신분당선,,4318,광교중앙,D18,N,13:31:05,13:31:30,,GW065,하행,2025-05-01T05:00:00,,평일
신분당선,4319,광교,D19,,20250619,신분당선,4304,신사,D4,N,신분당선,,4319,광교,D19,N,13:34:35,,,GW065,하행,2025-05-01T05:00:00,,평일
신분당선,4319,광교,D19,,20250619,신분당선,4304,신사,D4,N,신분당선,,4304,신사,D4,N,,13:00:23,,GW066,하행,2025-05-01T05:00:00,,평일
신분당선,4319,광교,D19,,20250619,신분당선,4304,신사,D4,N,신분당선,,4305,논현,D5,N,13:01:21,13:01:56,,GW066,하행,2025-05-01T05:00:00,,평일
신분당선,4319,광교,D19,,20250619,신분당선,4304,신사,D4,N,신분당선,,4306,신논현,D6,N,13:03:06,13:03:41,,GW066,하행,2025-05-01T05:00:00,,평일
신분당선,4319,광교,D19,,20250619,신분당선,4304,신사,D4,N,신분당선,,4307,강남,D7,N,13:04:49,13:05:24,,GW066,하행,2025-05-01T05:00:00,,평일
신분당선,4319,광교,D19,,20250619,신분당선,4304,신사,D4,N,신분당선,,4308,양재,D8,N,13:07:02,13:07:37,,GW066,하행,2025-05-01T05:00:00,,평일
신분당선,4319,광교,D19,,20250619,신분당선,4304,신사,D4,N,신분당선,,4309,양재시민의숲,D9,N,13:09:18,13:09:48,,GW066,하행,2025-05-01T05:00:00,,평일
신분당선,4319,광교,D19,,20250619,신분당선,4304,신사,D4,N,신분당선,,4310,청계산입구,D10,N,13:12:18,13:12:43,,GW066,하행,2025-05-01T05:00:00,,평일
신분당선,4319,광교,D19,,20250619,신분당선,4304,신사,D4,N,신분당선,,4311,판교,D11,N,13:18:46,13:19:21,,GW066,하행,2025-05-01T05:00:00,,평일
신분당선,4319,광교,D19,,20250619,신분당선,4304,신사,D4,N,신분당선,,4312,정자,D12,N,13:22:09,13:22:44,,GW066,하행,2025-05-01T05:00:00,,평일
신분당선,4319,광교,D19,,20250619,신분당선,4304,신사,D4,N,신분당선,,4313,미금,D13,N,13:24:54,13:25:24,,GW066,하행,2025-05-01T05:00:00,,평일
신분당선,4319,광교,D19,,20250619,신분당선,4304,신사,D4,N,신분당선,,4314,동천,D14,N,13:27:32,13:28:02,,GW066,하행,2025-05-01T05:00:00,,평일
신분당선,4319,광교,D19,,20250619,신분당선,4304,신사,D4,N,신분당선,,4315,수지구청,D15,N,13:30:26,13:30:56,,GW066,하행,2025-05-01T05:00:00,,평일
신분당선,4319,광교,D19,,20250619,신분당선,4304,신사,D4,N,신분당선,,4316,성복,D16,N,13:32:58,13:33:23,,GW066,하행,2025-05-01T05:00:00,,평일
신분당선,4319,광교,D19,,20250619,신분당선,4304,신사,D4,N,신분당선,,4317,상현,D17,N,13:35:54,13:36:19,,GW066,하행,2025-05-01T05:00:00,,평일
신분당선,4319,광교,D19,,20250619,신분당선,4304,신사,D4,N,신분당선,,4318,광교중앙,D18,N,13:39:05,13:39:30,,GW066,하행,2025-05-01T05:00:00,,평일
신분당선,4319,광교,D19,,20250619,신분당선,4304,신사,D4,N,신분당선,,4319,광교,D19,N,13:42:35,,,GW066,하행,2025-05-01T05:00:00,,평일
신분당선,4319,광교,D19,,20250619,신분당선,4304,신사,D4,N,신분당선,,4304,신사,D4,N,,13:08:23,,GW067,하행,2025-05-01T05:00:00,,평일
신분당선,4319,광교,D19,,20250619,신분당선,4304,신사,D4,N,신분당선,,4305,논현,D5,N,13:09:21,13:09:56,,GW067,하행,2025-05-01T05:00:00,,평일
신분당선,4319,광교,D19,,20250619,신분당선,4304,신사,D4,N,신분당선,,4306,신논현,D6,N,13:11:06,13:11:41,,GW067,하행,2025-05-01T05:00:00,,평일
신분당선,4319,광교,D19,,20250619,신분당선,4304,신사,D4,N,신분당선,,4307,강남,D7,N,13:12:49,13:13:24,,GW067,하행,2025-05-01T05:00:00,,평일
신분당선,4319,광교,D19,,20250619,신분당선,4304,신사,D4,N,신분당선,,4308,양재,D8,N,13:15:02,13:15:37,,GW067,하행,2025-05-01T05:00:00,,평일
신분당선,4319,광교,D19,,20250619,신분당선,4304,신사,D4,N,신분당선,,4309,양재시민의숲,D9,N,13:17:18,13:17:48,,GW067,하행,2025-05-01T05:00:00,,평일
신분당선,4319,광교,D19,,20250619,신분당선,4304,신사,D4,N,신분당선,,4310,청계산입구,D10,N,13:20:18,13:20:43,,GW067,하행,2025-05-01T05:00:00,,평일
신분당선,4319,광교,D19,,20250619,신분당선,4304,신사,D4,N,신분당선,,4311,판교,D11,N,13:26:46,13:27:21,,GW067,하행,2025-05-01T05:00:00,,평일
신분당선,4319,광교,D19,,20250619,신분당선,4304,신사,D4,N,신분당선,,4312,정자,D12,N,13:30:09,13:30:44,,GW067,하행,2025-05-01T05:00:00,,평일
신분당선,4319,광교,D19,,20250619,신분당선,4304,신사,D4,N,신분당선,,4313,미금,D13,N,13:32:54,13:33:24,,GW067,하행,2025-05-01T05:00:00,,평일
신분당선,4319,광교,D19,,20250619,신분당선,4304,신사,D4,N,신분당선,,4314,동천,D14,N,13:35:32,13:36:02,,GW067,하행,2025-05-01T05:00:00,,평일
신분당선,4319,광교,D19,,20250619,신분당선,4304,신사,D4,N,신분당선,,4315,수지구청,D15,N,13:38:26,13:38:56,,GW067,하행,2025-05-01T05:00:00,,평일
신분당선,4319,광교,D19,,20250619,신분당선,4304,신사,D4,N,신분당선,,4316,성복,D16,N,13:40:58,13:41:23,,GW067,하행,2025-05-01T05:00:00,,평일
신분당선,4319,광교,D19,,20250619,신분당선,4304,신사,D4,N,신분당선,,4317,상현,D17,N,13:43:54,13:44:19,,GW067,하행,2025-05-01T05:00:00,,평일
신분당선,4319,광교,D19,,20250619,신분당선,4304,신사,D4,N,신분당선,,4318,광교중앙,D18,N,13:47:05,13:47:30,,GW067,하행,2025-05-01T05:00:00,,평일
신분당선,4319,광교,D19,,20250619,신분당선,4304,신사,D4,N,신분당선,,4319,광교,D19,N,13:50:35,,,GW067,하행,2025-05-01T05:00:00,,평일
신분당선,4319,광교,D19,,20250619,신분당선,4304,신사,D4,N,신분당선,,4304,신사,D4,N,,13:16:23,,GW068,하행,2025-05-01T05:00:00,,평일
신분당선,4319,광교,D19,,20250619,신분당선,4304,신사,D4,N,신분당선,,4305,논현,D5,N,13:17:21,13:17:56,,GW068,하행,2025-05-01T05:00:00,,평일
신분당선,4319,광교,D19,,20250619,신분당선,4304,신사,D4,N,신분당선,,4306,신논현,D6,N,13:19:06,13:19:41,,GW068,하행,2025-05-01T05:00:00,,평일
신분당선,4319,광교,D19,,20250619,신분당선,4304,신사,D4,N,신분당선,,4307,강남,D7,N,13:20:49,13:21:24,,GW068,하행,2025-05-01T05:00:00,,평일
신분당선,4319,광교,D19,,20250619,신분당선,4304,신사,D4,N,신분당선,,4308,양재,D8,N,13:23:02,13:23:37,,GW068,하행,2025-05-01T05:00:00,,평일
신분당선,4319,광교,D19,,20250619,신분당선,4304,신사,D4,N,신분당선,,4309,양재시민의숲,D9,N,13:25:18,13:25:48,,GW068,하행,2025-05-01T05:00:00,,평일
신분당선,4319,광교,D19,,20250619,신분당선,4304,신사,D4,N,신분당선,,4310,청계산입구,D10,N,13:28:18,13:28:43,,GW068,하행,2025-05-01T05:00:00,,평일
신분당선,4319,광교,D19,,20250619,신분당선,4304,신사,D4,N,신분당선,,4311,판교,D11,N,13:34:46,13:35:21,,GW068,하행,2025-05-01T05:00:00,,평일
신분당선,4319,광교,D19,,20250619,신분당선,4304,신사,D4,N,신분당선,,4312,정자,D12,N,13:38:09,13:38:44,,GW068,하행,2025-05-01T05:00:00,,평일
신분당선,4319,광교,D19,,20250619,신분당선,4304,신사,D4,N,신분당선,,4313,미금,D13,N,13:40:54,13:41:24,,GW068,하행,2025-05-01T05:00:00,,평일
신분당선,4319,광교,D19,,20250619,신분당선,4304,신사,D4,N,신분당선,,4314,동천,D14,N,13:43:32,13:44:02,,GW068,하행,2025-05-01T05:00:00,,평일
신분당선,4319,광교,D19,,20250619,신분당선,4304,신사,D4,N,신분당선,,4315,수지구청,D15,N,13:46:26,13:46:56,,GW068,하행,2025-05-01T05:00:00,,평일
신분당선,4319,광교,D19,,20250619,신분당선,4304,신사,D4,N,신분당선,,4316,성복,D16,N,13:48:58,13:49:23,,GW068,하행,2025-05-01T05:00:00,,평일
신분당선,4319,광교,D19,,20250619,신분당선,4304,신사,D4,N,신분당선,,4317,상현,D17,N,13:51:54,13:52:19,,GW068,하행,2025-05-01T05:00:00,,평일
신분당선,4319,광교,D19,,20250619,신분당선,4304,신사,D4,N,신분당선,,4318,광교중앙,D18,N,13:55:05,13:55:30,,GW068,하행,2025-05-01T05:00:00,,평일
신분당선,4319,광교,D19,,20250619,신분당선,4304,신사,D4,N,신분당선,,4319,광교,D19,N,13:58:35,,,GW068,하행,2025-05-01T05:00:00,,평일
신분당선,4319,광교,D19,,20250619,신분당선,4304,신사,D4,N,신분당선,,4304,신사,D4,N,,13:24:23,,GW069,하행,2025-05-01T05:00:00,,평일
신분당선,4319,광교,D19,,20250619,신분당선,4304,신사,D4,N,신분당선,,4305,논현,D5,N,13:25:21,13:25:56,,GW069,하행,2025-05-01T05:00:00,,평일
신분당선,4319,광교,D19,,20250619,신분당선,4304,신사,D4,N,신분당선,,4306,신논현,D6,N,13:27:06,13:27:41,,GW069,하행,2025-05-01T05:00:00,,평일
신분당선,4319,광교,D19,,20250619,신분당선,4304,신사,D4,N,신분당선,,4307,강남,D7,N,13:28:49,13:29:24,,GW069,하행,2025-05-01T05:00:00,,평일
신분당선,4319,광교,D19,,20250619,신분당선,4304,신사,D4,N,신분당선,,4308,양재,D8,N,13:31:02,13:31:37,,GW069,하행,2025-05-01T05:00:00,,평일
신분당선,4319,광교,D19,,20250619,신분당선,4304,신사,D4,N,신분당선,,4309,양재시민의숲,D9,N,13:33:18,13:33:48,,GW069,하행,2025-05-01T05:00:00,,평일
신분당선,4319,광교,D19,,20250619,신분당선,4304,신사,D4,N,신분당선,,4310,청계산입구,D10,N,13:36:18,13:36:43,,GW069,하행,2025-05-01T05:00:00,,평일
신분당선,4319,광교,D19,,20250619,신분당선,4304,신사,D4,N,신분당선,,4311,판교,D11,N,13:42:46,13:43:21,,GW069,하행,2025-05-01T05:00:00,,평일
신분당선,4319,광교,D19,,20250619,신분당선,4304,신사,D4,N,신분당선,,4312,정자,D12,N,13:46:09,13:46:44,,GW069,하행,2025-05-01T05:00:00,,평일
신분당선,4319,광교,D19,,20250619,신분당선,4304,신사,D4,N,신분당선,,4313,미금,D13,N,13:48:54,13:49:24,,GW069,하행,2025-05-01T05:00:00,,평일
신분당선,4319,광교,D19,,20250619,신분당선,4304,신사,D4,N,신분당선,,4314,동천,D14,N,13:51:32,13:52:02,,GW069,하행,2025-05-01T05:00:00,,평일
신분당선,4319,광교,D19,,20250619,신분당선,4304,신사,D4,N,신분당선,,4315,수지구청,D15,N,13:54:26,13:54:56,,GW069,하행,2025-05-01T05:00:00,,평일
신분당선,4319,광교,D19,,20250619,신분당선,4304,신사,D4,N,신분당선,,4316,성복,D16,N,13:56:58,13:57:23,,GW069,하행,2025-05-01T05:00:00,,평일
신분당선,4319,광교,D19,,20250619,신분당선,4304,신사,D4,N,신분당선,,4317,상현,D17,N,13:59:54,14:00:19,,GW069,하행,2025-05-01T05:00:00,,평일
신분당선,4319,광교,D19,,20250619,신분당선,4304,신사,D4,N,신분당선,,4318,광교중앙,D18,N,14:03:05,14:03:30,,GW069,하행,2025-05-01T05:00:00,,평일
신분당선,4319,광교,D19,,20250619,신분당선,4304,신사,D4,N,신분당선,,4319,광교,D19,N,14:06:35,,,GW069,하행,2025-05-01T05:00:00,,평일
신분당선,4319,광교,D19,,20250619,신분당선,4304,신사,D4,N,신분당선,,4304,신사,D4,N,,13:32:23,,GW070,하행,2025-05-01T05:00:00,,평일
신분당선,4319,광교,D19,,20250619,신분당선,4304,신사,D4,N,신분당선,,4305,논현,D5,N,13:33:21,13:33:56,,GW070,하행,2025-05-01T05:00:00,,평일
신분당선,4319,광교,D19,,20250619,신분당선,4304,신사,D4,N,신분당선,,4306,신논현,D6,N,13:35:06,13:35:41,,GW070,하행,2025-05-01T05:00:00,,평일
신분당선,4319,광교,D19,,20250619,신분당선,4304,신사,D4,N,신분당선,,4307,강남,D7,N,13:36:49,13:37:24,,GW070,하행,2025-05-01T05:00:00,,평일
신분당선,4319,광교,D19,,20250619,신분당선,4304,신사,D4,N,신분당선,,4308,양재,D8,N,13:39:02,13:39:37,,GW070,하행,2025-05-01T05:00:00,,평일
신분당선,4319,광교,D19,,20250619,신분당선,4304,신사,D4,N,신분당선,,4309,양재시민의숲,D9,N,13:41:18,13:41:48,,GW070,하행,2025-05-01T05:00:00,,평일
신분당선,4319,광교,D19,,20250619,신분당선,4304,신사,D4,N,신분당선,,4310,청계산입구,D10,N,13:44:18,13:44:43,,GW070,하행,2025-05-01T05:00:00,,평일
신분당선,4319,광교,D19,,20250619,신분당선,4304,신사,D4,N,신분당선,,4311,판교,D11,N,13:50:46,13:51:21,,GW070,하행,2025-05-01T05:00:00,,평일
신분당선,4319,광교,D19,,20250619,신분당선,4304,신사,D4,N,신분당선,,4312,정자,D12,N,13:54:09,13:54:44,,GW070,하행,2025-05-01T05:00:00,,평일
신분당선,4319,광교,D19,,20250619,신분당선,4304,신사,D4,N,신분당선,,4313,미금,D13,N,13:56:54,13:57:24,,GW070,하행,2025-05-01T05:00:00,,평일
신분당선,4319,광교,D19,,20250619,신분당선,4304,신사,D4,N,신분당선,,4314,동천,D14,N,13:59:32,14:00:02,,GW070,하행,2025-05-01T05:00:00,,평일
신분당선,4319,광교,D19,,20250619,신분당선,4304,신사,D4,N,신분당선,,4315,수지구청,D15,N,14:02:26,14:02:56,,GW070,하행,2025-05-01T05:00:00,,평일
신분당선,4319,광교,D19,,20250619,신분당선,4304,신사,D4,N,신분당선,,4316,성복,D16,N,14:04:58,14:05:23,,GW070,하행,2025-05-01T05:00:00,,평일
신분당선,4319,광교,D19,,20250619,신분당선,4304,신사,D4,N,신분당선,,4317,상현,D17,N,14:07:54,14:08:19,,GW070,하행,2025-05-01T05:00:00,,평일
신분당선,4319,광교,D19,,20250619,신분당선,4304,신사,D4,N,신분당선,,4318,광교중앙,D18,N,14:11:05,14:11:30,,GW070,하행,2025-05-01T05:00:00,,평일
신분당선,4319,광교,D19,,20250619,신분당선,4304,신사,D4,N,신분당선,,4319,광교,D19,N,14:14:35,,,GW070,하행,2025-05-01T05:00:00,,평일
신분당선,4319,광교,D19,,20250619,신분당선,4304,신사,D4,N,신분당선,,4304,신사,D4,N,,13:40:23,,GW071,하행,2025-05-01T05:00:00,,평일
신분당선,4319,광교,D19,,20250619,신분당선,4304,신사,D4,N,신분당선,,4305,논현,D5,N,13:41:21,13:41:56,,GW071,하행,2025-05-01T05:00:00,,평일
신분당선,4319,광교,D19,,20250619,신분당선,4304,신사,D4,N,신분당선,,4306,신논현,D6,N,13:43:06,13:43:41,,GW071,하행,2025-05-01T05:00:00,,평일
신분당선,4319,광교,D19,,20250619,신분당선,4304,신사,D4,N,신분당선,,4307,강남,D7,N,13:44:49,13:45:24,,GW071,하행,2025-05-01T05:00:00,,평일
신분당선,4319,광교,D19,,20250619,신분당선,4304,신사,D4,N,신분당선,,4308,양재,D8,N,13:47:02,13:47:37,,GW071,하행,2025-05-01T05:00:00,,평일
신분당선,4319,광교,D19,,20250619,신분당선,4304,신사,D4,N,신분당선,,4309,양재시민의숲,D9,N,13:49:18,13:49:48,,GW071,하행,2025-05-01T05:00:00,,평일
신분당선,4319,광교,D19,,20250619,신분당선,4304,신사,D4,N,신분당선,,4310,청계산입구,D10,N,13:52:18,13:52:43,,GW071,하행,2025-05-01T05:00:00,,평일
신분당선,4319,광교,D19,,20250619,신분당선,4304,신사,D4,N,신분당선,,4311,판교,D11,N,13:58:46,13:59:21,,GW071,하행,2025-05-01T05:00:00,,평일
신분당선,4319,광교,D19,,20250619,신분당선,4304,신사,D4,N,신분당선,,4312,정자,D12,N,14:02:09,14:02:44,,GW071,하행,2025-05-01T05:00:00,,평일
신분당선,4319,광교,D19,,20250619,신분당선,4304,신사,D4,N,신분당선,,4313,미금,D13,N,14:04:54,14:05:24,,GW071,하행,2025-05-01T05:00:00,,평일
신분당선,4319,광교,D19,,20250619,신분당선,4304,신사,D4,N,신분당선,,4314,동천,D14,N,14:07:32,14:08:02,,GW071,하행,2025-05-01T05:00:00,,평일
신분당선,4319,광교,D19,,20250619,신분당선,4304,신사,D4,N,신분당선,,4315,수지구청,D15,N,14:10:26,14:10:56,,GW071,하행,2025-05-01T05:00:00,,평일
신분당선,4319,광교,D19,,20250619,신분당선,4304,신사,D4,N,신분당선,,4316,성복,D16,N,14:12:58,14:13:23,,GW071,하행,2025-05-01T05:00:00,,평일
신분당선,4319,광교,D19,,20250619,신분당선,4304,신사,D4,N,신분당선,,4317,상현,D17,N,14:15:54,14:16:19,,GW071,하행,2025-05-01T05:00:00,,평일
신분당선,4319,광교,D19,,20250619,신분당선,4304,신사,D4,N,신분당선,,4318,광교중앙,D18,N,14:19:05,14:19:30,,GW071,하행,2025-05-01T05:00:00,,평일
신분당선,4319,광교,D19,,20250619,신분당선,4304,신사,D4,N,신분당선,,4319,광교,D19,N,14:22:35,,,GW071,하행,2025-05-01T05:00:00,,평일
신분당선,4319,광교,D19,,20250619,신분당선,4304,신사,D4,N,신분당선,,4304,신사,D4,N,,13:48:23,,GW072,하행,2025-05-01T05:00:00,,평일
신분당선,4319,광교,D19,,20250619,신분당선,4304,신사,D4,N,신분당선,,4305,논현,D5,N,13:49:21,13:49:56,,GW072,하행,2025-05-01T05:00:00,,평일
신분당선,4319,광교,D19,,20250619,신분당선,4304,신사,D4,N,신분당선,,4306,신논현,D6,N,13:51:06,13:51:41,,GW072,하행,2025-05-01T05:00:00,,평일
신분당선,4319,광교,D19,,20250619,신분당선,4304,신사,D4,N,신분당선,,4307,강남,D7,N,13:52:49,13:53:24,,GW072,하행,2025-05-01T05:00:00,,평일
신분당선,4319,광교,D19,,20250619,신분당선,4304,신사,D4,N,신분당선,,4308,양재,D8,N,13:55:02,13:55:37,,GW072,하행,2025-05-01T05:00:00,,평일
신분당선,4319,광교,D19,,20250619,신분당선,4304,신사,D4,N,신분당선,,4309,양재시민의숲,D9,N,13:57:18,13:57:48,,GW072,하행,2025-05-01T05:00:00,,평일
신분당선,4319,광교,D19,,20250619,신분당선,4304,신사,D4,N,신분당선,,4310,청계산입구,D10,N,14:00:18,14:00:43,,GW072,하행,2025-05-01T05:00:00,,평일
신분당선,4319,광교,D19,,20250619,신분당선,4304,신사,D4,N,신분당선,,4311,판교,D11,N,14:06:46,14:07:21,,GW072,하행,2025-05-01T05:00:00,,평일
신분당선,4319,광교,D19,,20250619,신분당선,4304,신사,D4,N,신분당선,,4312,정자,D12,N,14:10:09,14:10:44,,GW072,하행,2025-05-01T05:00:00,,평일
신분당선,4319,광교,D19,,20250619,신분당선,4304,신사,D4,N,신분당선,,4313,미금,D13,N,14:12:54,14:13:24,,GW072,하행,2025-05-01T05:00:00,,평일
신분당선,4319,광교,D19,,20250619,신분당선,4304,신사,D4,N,신분당선,,4314,동천,D14,N,14:15:32,14:16:02,,GW072,하행,2025-05-01T05:00:00,,평일
신분당선,4319,광교,D19,,20250619,신분당선,4304,신사,D4,N,신분당선,,4315,수지구청,D15,N,14:18:26,14:18:56,,GW072,하행,2025-05-01T05:00:00,,평일
신분당선,4319,광교,D19,,20250619,신분당선,4304,신사,D4,N,신분당선,,4316,성복,D16,N,14:20:58,14:21:23,,GW072,하행,2025-05-01T05:00:00,,평일
신분당선,4319,광교,D19,,20250619,신분당선,4304,신사,D4,N,신분당선,,4317,상현,D17,N,14:23:54,14:24:19,,GW072,하행,2025-05-01T05:00:00,,평일
신분당선,4319,광교,D19,,20250619,신분당선,4304,신사,D4,N,신분당선,,4318,광교중앙,D18,N,14:27:05,14:27:30,,GW072,하행,2025-05-01T05:00:00,,평일
신분당선,4319,광교,D19,,20250619,신분당선,4304,신사,D4,N,신분당선,,4319,광교,D19,N,14:30:35,,,GW072,하행,2025-05-01T05:00:00,,평일
신분당선,4319,광교,D19,,20250619,신분당선,4304,신사,D4,N,신분당선,,4304,신사,D4,N,,13:56:23,,GW073,하행,2025-05-01T05:00:00,,평일
신분당선,4319,광교,D19,,20250619,신분당선,4304,신사,D4,N,신분당선,,4305,논현,D5,N,13:57:21,13:57:56,,GW073,하행,2025-05-01T05:00:00,,평일
신분당선,4319,광교,D19,,20250619,신분당선,4304,신사,D4,N,신분당선,,4306,신논현,D6,N,13:59:06,13:59:41,,GW073,하행,2025-05-01T05:00:00,,평일
신분당선,4319,광교,D19,,20250619,신분당선,4304,신사,D4,N,신분당선,,4307,강남,D7,N,14:00:49,14:01:24,,GW073,하행,2025-05-01T05:00:00,,평일
신분당선,4319,광교,D19,,20250619,신분당선,4304,신사,D4,N,신분당선,,4308,양재,D8,N,14:03:02,14:03:37,,GW073,하행,2025-05-01T05:00:00,,평일
신분당선,4319,광교,D19,,20250619,신분당선,4304,신사,D4,N,신분당선,,4309,양재시민의숲,D9,N,14:05:18,14:05:48,,GW073,하행,2025-05-01T05:00:00,,평일
신분당선,4319,광교,D19,,20250619,신분당선,4304,신사,D4,N,신분당선,,4310,청계산입구,D10,N,14:08:18,14:08:43,,GW073,하행,2025-05-01T05:00:00,,평일
신분당선,4319,광교,D19,,20250619,신분당선,4304,신사,D4,N,신분당선,,4311,판교,D11,N,14:14:46,14:15:21,,GW073,하행,2025-05-01T05:00:00,,평일
신분당선,4319,광교,D19,,20250619,신분당선,4304,신사,D4,N,신분당선,,4312,정자,D12,N,14:18:09,14:18:44,,GW073,하행,2025-05-01T05:00:00,,평일
신분당선,4319,광교,D19,,20250619,신분당선,4304,신사,D4,N,신분당선,,4313,미금,D13,N,14:20:54,14:21:24,,GW073,하행,2025-05-01T05:00:00,,평일
신분당선,4319,광교,D19,,20250619,신분당선,4304,신사,D4,N,신분당선,,4314,동천,D14,N,14:23:32,14:24:02,,GW073,하행,2025-05-01T05:00:00,,평일
신분당선,4319,광교,D19,,20250619,신분당선,4304,신사,D4,N,신분당선,,4315,수지구청,D15,N,14:26:26,14:26:56,,GW073,하행,2025-05-01T05:00:00,,평일
신분당선,4319,광교,D19,,20250619,신분당선,4304,신사,D4,N,신분당선,,4316,성복,D16,N,14:28:58,14:29:23,,GW073,하행,2025-05-01T05:00:00,,평일
신분당선,4319,광교,D19,,20250619,신분당선,4304,신사,D4,N,신분당선,,4317,상현,D17,N,14:31:54,14:32:19,,GW073,하행,2025-05-01T05:00:00,,평일
신분당선,4319,광교,D19,,20250619,신분당선,4304,신사,D4,N,신분당선,,4318,광교중앙,D18,N,14:35:05,14:35:30,,GW073,하행,2025-05-01T05:00:00,,평일
신분당선,4319,광교,D19,,20250619,신분당선,4304,신사,D4,N,신분당선,,4319,광교,D19,N,14:38:35,,,GW073,하행,2025-05-01T05:00:00,,평일
신분당선,4319,광교,D19,,20250619,신분당선,4304,신사,D4,N,신분당선,,4304,신사,D4,N,,14:04:23,,GW074,하행,2025-05-01T05:00:00,,평일
신분당선,4319,광교,D19,,20250619,신분당선,4304,신사,D4,N,신분당선,,4305,논현,D5,N,14:05:21,14:05:56,,GW074,하행,2025-05-01T05:00:00,,평일
신분당선,4319,광교,D19,,20250619,신분당선,4304,신사,D4,N,신분당선,,4306,신논현,D6,N,14:07:06,14:07:41,,GW074,하행,2025-05-01T05:00:00,,평일
신분당선,4319,광교,D19,,20250619,신분당선,4304,신사,D4,N,신분당선,,4307,강남,D7,N,14:08:49,14:09:24,,GW074,하행,2025-05-01T05:00:00,,평일
신분당선,4319,광교,D19,,20250619,신분당선,4304,신사,D4,N,신분당선,,4308,양재,D8,N,14:11:02,14:11:37,,GW074,하행,2025-05-01T05:00:00,,평일
신분당선,4319,광교,D19,,20250619,신분당선,4304,신사,D4,N,신분당선,,4309,양재시민의숲,D9,N,14:13:18,14:13:48,,GW074,하행,2025-05-01T05:00:00,,평일
신분당선,4319,광교,D19,,20250619,신분당선,4304,신사,D4,N,신분당선,,4310,청계산입구,D10,N,14:16:18,14:16:43,,GW074,하행,2025-05-01T05:00:00,,평일
신분당선,4319,광교,D19,,20250619,신분당선,4304,신사,D4,N,신분당선,,4311,판교,D11,N,14:22:46,14:23:21,,GW074,하행,2025-05-01T05:00:00,,평일
신분당선,4319,광교,D19,,20250619,신분당선,4304,신사,D4,N,신분당선,,4312,정자,D12,N,14:26:09,14:26:44,,GW074,하행,2025-05-01T05:00:00,,평일
신분당선,4319,광교,D19,,20250619,신분당선,4304,신사,D4,N,신분당선,,4313,미금,D13,N,14:28:54,14:29:24,,GW074,하행,2025-05-01T05:00:00,,평일
신분당선,4319,광교,D19,,20250619,신분당선,4304,신사,D4,N,신분당선,,4314,동천,D14,N,14:31:32,14:32:02,,GW074,하행,2025-05-01T05:00:00,,평일
신분당선,4319,광교,D19,,20250619,신분당선,4304,신사,D4,N,신분당선,,4315,수지구청,D15,N,14:34:26,14:34:56,,GW074,하행,2025-05-01T05:00:00,,평일
신분당선,4319,광교,D19,,20250619,신분당선,4304,신사,D4,N,신분당선,,4316,성복,D16,N,14:36:58,14:37:23,,GW074,하행,2025-05-01T05:00:00,,평일
신분당선,4319,광교,D19,,20250619,신분당선,4304,신사,D4,N,신분당선,,4317,상현,D17,N,14:39:54,14:40:19,,GW074,하행,2025-05-01T05:00:00,,평일
신분당선,4319,광교,D19,,20250619,신분당선,4304,신사,D4,N,신분당선,,4318,광교중앙,D18,N,14:43:05,14:43:30,,GW074,하행,2025-05-01T05:00:00,,평일
신분당선,4319,광교,D19,,20250619,신분당선,4304,신사,D4,N,신분당선,,4319,광교,D19,N,14:46:35,,,GW074,하행,2025-05-01T05:00:00,,평일
신분당선,4319,광교,D19,,20250619,신분당선,4304,신사,D4,N,신분당선,,4304,신사,D4,N,,14:12:23,,GW075,하행,2025-05-01T05:00:00,,평일
신분당선,4319,광교,D19,,20250619,신분당선,4304,신사,D4,N,신분당선,,4305,논현,D5,N,14:13:21,14:13:56,,GW075,하행,2025-05-01T05:00:00,,평일
신분당선,4319,광교,D19,,20250619,신분당선,4304,신사,D4,N,신분당선,,4306,신논현,D6,N,14:15:06,14:15:41,,GW075,하행,2025-05-01T05:00:00,,평일
신분당선,4319,광교,D19,,20250619,신분당선,4304,신사,D4,N,신분당선,,4307,강남,D7,N,14:16:49,14:17:24,,GW075,하행,2025-05-01T05:00:00,,평일
신분당선,4319,광교,D19,,20250619,신분당선,4304,신사,D4,N,신분당선,,4308,양재,D8,N,14:19:02,14:19:37,,GW075,하행,2025-05-01T05:00:00,,평일
신분당선,4319,광교,D19,,20250619,신분당선,4304,신사,D4,N,신분당선,,4309,양재시민의숲,D9,N,14:21:18,14:21:48,,GW075,하행,2025-05-01T05:00:00,,평일
신분당선,4319,광교,D19,,20250619,신분당선,4304,신사,D4,N,신분당선,,4310,청계산입구,D10,N,14:24:18,14:24:43,,GW075,하행,2025-05-01T05:00:00,,평일
신분당선,4319,광교,D19,,20250619,신분당선,4304,신사,D4,N,신분당선,,4311,판교,D11,N,14:30:46,14:31:21,,GW075,하행,2025-05-01T05:00:00,,평일
신분당선,4319,광교,D19,,20250619,신분당선,4304,신사,D4,N,신분당선,,4312,정자,D12,N,14:34:09,14:34:44,,GW075,하행,2025-05-01T05:00:00,,평일
신분당선,4319,광교,D19,,20250619,신분당선,4304,신사,D4,N,신분당선,,4313,미금,D13,N,14:36:54,14:37:24,,GW075,하행,2025-05-01T05:00:00,,평일
신분당선,4319,광교,D19,,20250619,신분당선,4304,신사,D4,N,신분당선,,4314,동천,D14,N,14:39:32,14:40:02,,GW075,하행,2025-05-01T05:00:00,,평일
신분당선,4319,광교,D19,,20250619,신분당선,4304,신사,D4,N,신분당선,,4315,수지구청,D15,N,14:42:26,14:42:56,,GW075,하행,2025-05-01T05:00:00,,평일
신분당선,4319,광교,D19,,20250619,신분당선,4304,신사,D4,N,신분당선,,4316,성복,D16,N,14:44:58,14:45:23,,GW075,하행,2025-05-01T05:00:00,,평일
신분당선,4319,광교,D19,,20250619,신분당선,4304,신사,D4,N,신분당선,,4317,상현,D17,N,14:47:54,14:48:19,,GW075,하행,2025-05-01T05:00:00,,평일
신분당선,4319,광교,D19,,20250619,신분당선,4304,신사,D4,N,신분당선,,4318,광교중앙,D18,N,14:51:05,14:51:30,,GW075,하행,2025-05-01T05:00:00,,평일
신분당선,4319,광교,D19,,20250619,신분당선,4304,신사,D4,N,신분당선,,4319,광교,D19,N,14:54:35,,,GW075,하행,2025-05-01T05:00:00,,평일
신분당선,4319,광교,D19,,20250619,신분당선,4304,신사,D4,N,신분당선,,4304,신사,D4,N,,14:20:23,,GW076,하행,2025-05-01T05:00:00,,평일
신분당선,4319,광교,D19,,20250619,신분당선,4304,신사,D4,N,신분당선,,4305,논현,D5,N,14:21:21,14:21:56,,GW076,하행,2025-05-01T05:00:00,,평일
신분당선,4319,광교,D19,,20250619,신분당선,4304,신사,D4,N,신분당선,,4306,신논현,D6,N,14:23:06,14:23:41,,GW076,하행,2025-05-01T05:00:00,,평일
신분당선,4319,광교,D19,,20250619,신분당선,4304,신사,D4,N,신분당선,,4307,강남,D7,N,14:24:49,14:25:24,,GW076,하행,2025-05-01T05:00:00,,평일
신분당선,4319,광교,D19,,20250619,신분당선,4304,신사,D4,N,신분당선,,4308,양재,D8,N,14:27:02,14:27:37,,GW076,하행,2025-05-01T05:00:00,,평일
신분당선,4319,광교,D19,,20250619,신분당선,4304,신사,D4,N,신분당선,,4309,양재시민의숲,D9,N,14:29:18,14:29:48,,GW076,하행,2025-05-01T05:00:00,,평일
신분당선,4319,광교,D19,,20250619,신분당선,4304,신사,D4,N,신분당선,,4310,청계산입구,D10,N,14:32:18,14:32:43,,GW076,하행,2025-05-01T05:00:00,,평일
신분당선,4319,광교,D19,,20250619,신분당선,4304,신사,D4,N,신분당선,,4311,판교,D11,N,14:38:46,14:39:21,,GW076,하행,2025-05-01T05:00:00,,평일
신분당선,4319,광교,D19,,20250619,신분당선,4304,신사,D4,N,신분당선,,4312,정자,D12,N,14:42:09,14:42:44,,GW076,하행,2025-05-01T05:00:00,,평일
신분당선,4319,광교,D19,,20250619,신분당선,4304,신사,D4,N,신분당선,,4313,미금,D13,N,14:44:54,14:45:24,,GW076,하행,2025-05-01T05:00:00,,평일
신분당선,4319,광교,D19,,20250619,신분당선,4304,신사,D4,N,신분당선,,4314,동천,D14,N,14:47:32,14:48:02,,GW076,하행,2025-05-01T05:00:00,,평일
신분당선,4319,광교,D19,,20250619,신분당선,4304,신사,D4,N,신분당선,,4315,수지구청,D15,N,14:50:26,14:50:56,,GW076,하행,2025-05-01T05:00:00,,평일
신분당선,4319,광교,D19,,20250619,신분당선,4304,신사,D4,N,신분당선,,4316,성복,D16,N,14:52:58,14:53:23,,GW076,하행,2025-05-01T05:00:00,,평일
신분당선,4319,광교,D19,,20250619,신분당선,4304,신사,D4,N,신분당선,,4317,상현,D17,N,14:55:54,14:56:19,,GW076,하행,2025-05-01T05:00:00,,평일
신분당선,4319,광교,D19,,20250619,신분당선,4304,신사,D4,N,신분당선,,4318,광교중앙,D18,N,14:59:05,14:59:30,,GW076,하행,2025-05-01T05:00:00,,평일
신분당선,4319,광교,D19,,20250619,신분당선,4304,신사,D4,N,신분당선,,4319,광교,D19,N,15:02:35,,,GW076,하행,2025-05-01T05:00:00,,평일
신분당선,4319,광교,D19,,20250619,신분당선,4304,신사,D4,N,신분당선,,4304,신사,D4,N,,14:28:23,,GW077,하행,2025-05-01T05:00:00,,평일
신분당선,4319,광교,D19,,20250619,신분당선,4304,신사,D4,N,신분당선,,4305,논현,D5,N,14:29:21,14:29:56,,GW077,하행,2025-05-01T05:00:00,,평일
신분당선,4319,광교,D19,,20250619,신분당선,4304,신사,D4,N,신분당선,,4306,신논현,D6,N,14:31:06,14:31:41,,GW077,하행,2025-05-01T05:00:00,,평일
신분당선,4319,광교,D19,,20250619,신분당선,4304,신사,D4,N,신분당선,,4307,강남,D7,N,14:32:49,14:33:24,,GW077,하행,2025-05-01T05:00:00,,평일
신분당선,4319,광교,D19,,20250619,신분당선,4304,신사,D4,N,신분당선,,4308,양재,D8,N,14:35:02,14:35:37,,GW077,하행,2025-05-01T05:00:00,,평일
신분당선,4319,광교,D19,,20250619,신분당선,4304,신사,D4,N,신분당선,,4309,양재시민의숲,D9,N,14:37:18,14:37:48,,GW077,하행,2025-05-01T05:00:00,,평일
신분당선,4319,광교,D19,,20250619,신분당선,4304,신사,D4,N,신분당선,,4310,청계산입구,D10,N,14:40:18,14:40:43,,GW077,하행,2025-05-01T05:00:00,,평일
신분당선,4319,광교,D19,,20250619,신분당선,4304,신사,D4,N,신분당선,,4311,판교,D11,N,14:46:46,14:47:21,,GW077,하행,2025-05-01T05:00:00,,평일
신분당선,4319,광교,D19,,20250619,신분당선,4304,신사,D4,N,신분당선,,4312,정자,D12,N,14:50:09,14:50:44,,GW077,하행,2025-05-01T05:00:00,,평일
신분당선,4319,광교,D19,,20250619,신분당선,4304,신사,D4,N,신분당선,,4313,미금,D13,N,14:52:54,14:53:24,,GW077,하행,2025-05-01T05:00:00,,평일
신분당선,4319,광교,D19,,20250619,신분당선,4304,신사,D4,N,신분당선,,4314,동천,D14,N,14:55:32,14:56:02,,GW077,하행,2025-05-01T05:00:00,,평일
신분당선,4319,광교,D19,,20250619,신분당선,4304,신사,D4,N,신분당선,,4315,수지구청,D15,N,14:58:26,14:58:56,,GW077,하행,2025-05-01T05:00:00,,평일
신분당선,4319,광교,D19,,20250619,신분당선,4304,신사,D4,N,신분당선,,4316,성복,D16,N,15:00:58,15:01:23,,GW077,하행,2025-05-01T05:00:00,,평일
신분당선,4319,광교,D19,,20250619,신분당선,4304,신사,D4,N,신분당선,,4317,상현,D17,N,15:03:54,15:04:19,,GW077,하행,2025-05-01T05:00:00,,평일
신분당선,4319,광교,D19,,20250619,신분당선,4304,신사,D4,N,신분당선,,4318,광교중앙,D18,N,15:07:05,15:07:30,,GW077,하행,2025-05-01T05:00:00,,평일
신분당선,4319,광교,D19,,20250619,신분당선,4304,신사,D4,N,신분당선,,4319,광교,D19,N,15:10:35,,,GW077,하행,2025-05-01T05:00:00,,평일
신분당선,4319,광교,D19,,20250619,신분당선,4304,신사,D4,N,신분당선,,4304,신사,D4,N,,14:36:23,,GW078,하행,2025-05-01T05:00:00,,평일
신분당선,4319,광교,D19,,20250619,신분당선,4304,신사,D4,N,신분당선,,4305,논현,D5,N,14:37:21,14:37:56,,GW078,하행,2025-05-01T05:00:00,,평일
신분당선,4319,광교,D19,,20250619,신분당선,4304,신사,D4,N,신분당선,,4306,신논현,D6,N,14:39:06,14:39:41,,GW078,하행,2025-05-01T05:00:00,,평일
신분당선,4319,광교,D19,,20250619,신분당선,4304,신사,D4,N,신분당선,,4307,강남,D7,N,14:40:49,14:41:24,,GW078,하행,2025-05-01T05:00:00,,평일
신분당선,4319,광교,D19,,20250619,신분당선,4304,신사,D4,N,신분당선,,4308,양재,D8,N,14:43:02,14:43:37,,GW078,하행,2025-05-01T05:00:00,,평일
신분당선,4319,광교,D19,,20250619,신분당선,4304,신사,D4,N,신분당선,,4309,양재시민의숲,D9,N,14:45:18,14:45:48,,GW078,하행,2025-05-01T05:00:00,,평일
신분당선,4319,광교,D19,,20250619,신분당선,4304,신사,D4,N,신분당선,,4310,청계산입구,D10,N,14:48:18,14:48:43,,GW078,하행,2025-05-01T05:00:00,,평일
신분당선,4319,광교,D19,,20250619,신분당선,4304,신사,D4,N,신분당선,,4311,판교,D11,N,14:54:46,14:55:21,,GW078,하행,2025-05-01T05:00:00,,평일
신분당선,4319,광교,D19,,20250619,신분당선,4304,신사,D4,N,신분당선,,4312,정자,D12,N,14:58:09,14:58:44,,GW078,하행,2025-05-01T05:00:00,,평일
신분당선,4319,광교,D19,,20250619,신분당선,4304,신사,D4,N,신분당선,,4313,미금,D13,N,15:00:54,15:01:24,,GW078,하행,2025-05-01T05:00:00,,평일
신분당선,4319,광교,D19,,20250619,신분당선,4304,신사,D4,N,신분당선,,4314,동천,D14,N,15:03:32,15:04:02,,GW078,하행,2025-05-01T05:00:00,,평일
신분당선,4319,광교,D19,,20250619,신분당선,4304,신사,D4,N,신분당선,,4315,수지구청,D15,N,15:06:26,15:06:56,,GW078,하행,2025-05-01T05:00:00,,평일
신분당선,4319,광교,D19,,20250619,신분당선,4304,신사,D4,N,신분당선,,4316,성복,D16,N,15:08:58,15:09:23,,GW078,하행,2025-05-01T05:00:00,,평일
신분당선,4319,광교,D19,,20250619,신분당선,4304,신사,D4,N,신분당선,,4317,상현,D17,N,15:11:54,15:12:19,,GW078,하행,2025-05-01T05:00:00,,평일
신분당선,4319,광교,D19,,20250619,신분당선,4304,신사,D4,N,신분당선,,4318,광교중앙,D18,N,15:15:05,15:15:30,,GW078,하행,2025-05-01T05:00:00,,평일
신분당선,4319,광교,D19,,20250619,신분당선,4304,신사,D4,N,신분당선,,4319,광교,D19,N,15:18:35,,,GW078,하행,2025-05-01T05:00:00,,평일
신분당선,4319,광교,D19,,20250619,신분당선,4304,신사,D4,N,신분당선,,4304,신사,D4,N,,14:44:23,,GW079,하행,2025-05-01T05:00:00,,평일
신분당선,4319,광교,D19,,20250619,신분당선,4304,신사,D4,N,신분당선,,4305,논현,D5,N,14:45:21,14:45:56,,GW079,하행,2025-05-01T05:00:00,,평일
신분당선,4319,광교,D19,,20250619,신분당선,4304,신사,D4,N,신분당선,,4306,신논현,D6,N,14:47:06,14:47:41,,GW079,하행,2025-05-01T05:00:00,,평일
신분당선,4319,광교,D19,,20250619,신분당선,4304,신사,D4,N,신분당선,,4307,강남,D7,N,14:48:49,14:49:24,,GW079,하행,2025-05-01T05:00:00,,평일
신분당선,4319,광교,D19,,20250619,신분당선,4304,신사,D4,N,신분당선,,4308,양재,D8,N,14:51:02,14:51:37,,GW079,하행,2025-05-01T05:00:00,,평일
신분당선,4319,광교,D19,,20250619,신분당선,4304,신사,D4,N,신분당선,,4309,양재시민의숲,D9,N,14:53:18,14:53:48,,GW079,하행,2025-05-01T05:00:00,,평일
신분당선,4319,광교,D19,,20250619,신분당선,4304,신사,D4,N,신분당선,,4310,청계산입구,D10,N,14:56:18,14:56:43,,GW079,하행,2025-05-01T05:00:00,,평일
신분당선,4319,광교,D19,,20250619,신분당선,4304,신사,D4,N,신분당선,,4311,판교,D11,N,15:02:46,15:03:21,,GW079,하행,2025-05-01T05:00:00,,평일
신분당선,4319,광교,D19,,20250619,신분당선,4304,신사,D4,N,신분당선,,4312,정자,D12,N,15:06:09,15:06:44,,GW079,하행,2025-05-01T05:00:00,,평일
신분당선,4319,광교,D19,,20250619,신분당선,4304,신사,D4,N,신분당선,,4313,미금,D13,N,15:08:54,15:09:24,,GW079,하행,2025-05-01T05:00:00,,평일
신분당선,4319,광교,D19,,20250619,신분당선,4304,신사,D4,N,신분당선,,4314,동천,D14,N,15:11:32,15:12:02,,GW079,하행,2025-05-01T05:00:00,,평일
신분당선,4319,광교,D19,,20250619,신분당선,4304,신사,D4,N,신분당선,,4315,수지구청,D15,N,15:14:26,15:14:56,,GW079,하행,2025-05-01T05:00:00,,평일
신분당선,4319,광교,D19,,20250619,신분당선,4304,신사,D4,N,신분당선,,4316,성복,D16,N,15:16:58,15:17:23,,GW079,하행,2025-05-01T05:00:00,,평일
신분당선,4319,광교,D19,,20250619,신분당선,4304,신사,D4,N,신분당선,,4317,상현,D17,N,15:19:54,15:20:19,,GW079,하행,2025-05-01T05:00:00,,평일
신분당선,4319,광교,D19,,20250619,신분당선,4304,신사,D4,N,신분당선,,4318,광교중앙,D18,N,15:23:05,15:23:30,,GW079,하행,2025-05-01T05:00:00,,평일
신분당선,4319,광교,D19,,20250619,신분당선,4304,신사,D4,N,신분당선,,4319,광교,D19,N,15:26:35,,,GW079,하행,2025-05-01T05:00:00,,평일
신분당선,4319,광교,D19,,20250619,신분당선,4304,신사,D4,N,신분당선,,4304,신사,D4,N,,14:52:23,,GW080,하행,2025-05-01T05:00:00,,평일
신분당선,4319,광교,D19,,20250619,신분당선,4304,신사,D4,N,신분당선,,4305,논현,D5,N,14:53:21,14:53:56,,GW080,하행,2025-05-01T05:00:00,,평일
신분당선,4319,광교,D19,,20250619,신분당선,4304,신사,D4,N,신분당선,,4306,신논현,D6,N,14:55:06,14:55:41,,GW080,하행,2025-05-01T05:00:00,,평일
신분당선,4319,광교,D19,,20250619,신분당선,4304,신사,D4,N,신분당선,,4307,강남,D7,N,14:56:49,14:57:24,,GW080,하행,2025-05-01T05:00:00,,평일
신분당선,4319,광교,D19,,20250619,신분당선,4304,신사,D4,N,신분당선,,4308,양재,D8,N,14:59:02,14:59:37,,GW080,하행,2025-05-01T05:00:00,,평일
신분당선,4319,광교,D19,,20250619,신분당선,4304,신사,D4,N,신분당선,,4309,양재시민의숲,D9,N,15:01:18,15:01:48,,GW080,하행,2025-05-01T05:00:00,,평일
신분당선,4319,광교,D19,,20250619,신분당선,4304,신사,D4,N,신분당선,,4310,청계산입구,D10,N,15:04:18,15:04:43,,GW080,하행,2025-05-01T05:00:00,,평일
신분당선,4319,광교,D19,,20250619,신분당선,4304,신사,D4,N,신분당선,,4311,판교,D11,N,15:10:46,15:11:21,,GW080,하행,2025-05-01T05:00:00,,평일
신분당선,4319,광교,D19,,20250619,신분당선,4304,신사,D4,N,신분당선,,4312,정자,D12,N,15:14:09,15:14:44,,GW080,하행,2025-05-01T05:00:00,,평일
신분당선,4319,광교,D19,,20250619,신분당선,4304,신사,D4,N,신분당선,,4313,미금,D13,N,15:16:54,15:17:24,,GW080,하행,2025-05-01T05:00:00,,평일
신분당선,4319,광교,D19,,20250619,신분당선,4304,신사,D4,N,신분당선,,4314,동천,D14,N,15:19:32,15:20:02,,GW080,하행,2025-05-01T05:00:00,,평일
신분당선,4319,광교,D19,,20250619,신분당선,4304,신사,D4,N,신분당선,,4315,수지구청,D15,N,15:22:26,15:22:56,,GW080,하행,2025-05-01T05:00:00,,평일
신분당선,4319,광교,D19,,20250619,신분당선,4304,신사,D4,N,신분당선,,4316,성복,D16,N,15:24:58,15:25:23,,GW080,하행,2025-05-01T05:00:00,,평일
신분당선,4319,광교,D19,,20250619,신분당선,4304,신사,D4,N,신분당선,,4317,상현,D17,N,15:27:54,15:28:19,,GW080,하행,2025-05-01T05:00:00,,평일
신분당선,4319,광교,D19,,20250619,신분당선,4304,신사,D4,N,신분당선,,4318,광교중앙,D18,N,15:31:05,15:31:30,,GW080,하행,2025-05-01T05:00:00,,평일
신분당선,4319,광교,D19,,20250619,신분당선,4304,신사,D4,N,신분당선,,4319,광교,D19,N,15:34:35,,,GW080,하행,2025-05-01T05:00:00,,평일
신분당선,4319,광교,D19,,20250619,신분당선,4304,신사,D4,N,신분당선,,4304,신사,D4,N,,15:00:23,,GW081,하행,2025-05-01T05:00:00,,평일
신분당선,4319,광교,D19,,20250619,신분당선,4304,신사,D4,N,신분당선,,4305,논현,D5,N,15:01:21,15:01:56,,GW081,하행,2025-05-01T05:00:00,,평일
신분당선,4319,광교,D19,,20250619,신분당선,4304,신사,D4,N,신분당선,,4306,신논현,D6,N,15:03:06,15:03:41,,GW081,하행,2025-05-01T05:00:00,,평일
신분당선,4319,광교,D19,,20250619,신분당선,4304,신사,D4,N,신분당선,,4307,강남,D7,N,15:04:49,15:05:24,,GW081,하행,2025-05-01T05:00:00,,평일
신분당선,4319,광교,D19,,20250619,신분당선,4304,신사,D4,N,신분당선,,4308,양재,D8,N,15:07:02,15:07:37,,GW081,하행,2025-05-01T05:00:00,,평일
신분당선,4319,광교,D19,,20250619,신분당선,4304,신사,D4,N,신분당선,,4309,양재시민의숲,D9,N,15:09:18,15:09:48,,GW081,하행,2025-05-01T05:00:00,,평일
신분당선,4319,광교,D19,,20250619,신분당선,4304,신사,D4,N,신분당선,,4310,청계산입구,D10,N,15:12:18,15:12:43,,GW081,하행,2025-05-01T05:00:00,,평일
신분당선,4319,광교,D19,,20250619,신분당선,4304,신사,D4,N,신분당선,,4311,판교,D11,N,15:18:46,15:19:21,,GW081,하행,2025-05-01T05:00:00,,평일
신분당선,4319,광교,D19,,20250619,신분당선,4304,신사,D4,N,신분당선,,4312,정자,D12,N,15:22:09,15:22:44,,GW081,하행,2025-05-01T05:00:00,,평일
신분당선,4319,광교,D19,,20250619,신분당선,4304,신사,D4,N,신분당선,,4313,미금,D13,N,15:24:54,15:25:24,,GW081,하행,2025-05-01T05:00:00,,평일
신분당선,4319,광교,D19,,20250619,신분당선,4304,신사,D4,N,신분당선,,4314,동천,D14,N,15:27:32,15:28:02,,GW081,하행,2025-05-01T05:00:00,,평일
신분당선,4319,광교,D19,,20250619,신분당선,4304,신사,D4,N,신분당선,,4315,수지구청,D15,N,15:30:26,15:30:56,,GW081,하행,2025-05-01T05:00:00,,평일
신분당선,4319,광교,D19,,20250619,신분당선,4304,신사,D4,N,신분당선,,4316,성복,D16,N,15:32:58,15:33:23,,GW081,하행,2025-05-01T05:00:00,,평일
신분당선,4319,광교,D19,,20250619,신분당선,4304,신사,D4,N,신분당선,,4317,상현,D17,N,15:35:54,15:36:19,,GW081,하행,2025-05-01T05:00:00,,평일
신분당선,4319,광교,D19,,20250619,신분당선,4304,신사,D4,N,신분당선,,4318,광교중앙,D18,N,15:39:05,15:39:30,,GW081,하행,2025-05-01T05:00:00,,평일
신분당선,4319,광교,D19,,20250619,신분당선,4304,신사,D4,N,신분당선,,4319,광교,D19,N,15:42:35,,,GW081,하행,2025-05-01T05:00:00,,평일
신분당선,4319,광교,D19,,20250619,신분당선,4304,신사,D4,N,신분당선,,4304,신사,D4,N,,15:08:23,,GW082,하행,2025-05-01T05:00:00,,평일
신분당선,4319,광교,D19,,20250619,신분당선,4304,신사,D4,N,신분당선,,4305,논현,D5,N,15:09:21,15:09:56,,GW082,하행,2025-05-01T05:00:00,,평일
신분당선,4319,광교,D19,,20250619,신분당선,4304,신사,D4,N,신분당선,,4306,신논현,D6,N,15:11:06,15:11:41,,GW082,하행,2025-05-01T05:00:00,,평일
신분당선,4319,광교,D19,,20250619,신분당선,4304,신사,D4,N,신분당선,,4307,강남,D7,N,15:12:49,15:13:24,,GW082,하행,2025-05-01T05:00:00,,평일
신분당선,4319,광교,D19,,20250619,신분당선,4304,신사,D4,N,신분당선,,4308,양재,D8,N,15:15:02,15:15:37,,GW082,하행,2025-05-01T05:00:00,,평일
신분당선,4319,광교,D19,,20250619,신분당선,4304,신사,D4,N,신분당선,,4309,양재시민의숲,D9,N,15:17:18,15:17:48,,GW082,하행,2025-05-01T05:00:00,,평일
신분당선,4319,광교,D19,,20250619,신분당선,4304,신사,D4,N,신분당선,,4310,청계산입구,D10,N,15:20:18,15:20:43,,GW082,하행,2025-05-01T05:00:00,,평일
신분당선,4319,광교,D19,,20250619,신분당선,4304,신사,D4,N,신분당선,,4311,판교,D11,N,15:26:46,15:27:21,,GW082,하행,2025-05-01T05:00:00,,평일
신분당선,4319,광교,D19,,20250619,신분당선,4304,신사,D4,N,신분당선,,4312,정자,D12,N,15:30:09,15:30:44,,GW082,하행,2025-05-01T05:00:00,,평일
신분당선,4319,광교,D19,,20250619,신분당선,4304,신사,D4,N,신분당선,,4313,미금,D13,N,15:32:54,15:33:24,,GW082,하행,2025-05-01T05:00:00,,평일
신분당선,4319,광교,D19,,20250619,신분당선,4304,신사,D4,N,신분당선,,4314,동천,D14,N,15:35:32,15:36:02,,GW082,하행,2025-05-01T05:00:00,,평일
신분당선,4319,광교,D19,,20250619,신분당선,4304,신사,D4,N,신분당선,,4315,수지구청,D15,N,15:38:26,15:38:56,,GW082,하행,2025-05-01T05:00:00,,평일
신분당선,4319,광교,D19,,20250619,신분당선,4304,신사,D4,N,신분당선,,4316,성복,D16,N,15:40:58,15:41:23,,GW082,하행,2025-05-01T05:00:00,,평일
신분당선,4319,광교,D19,,20250619,신분당선,4304,신사,D4,N,신분당선,,4317,상현,D17,N,15:43:54,15:44:19,,GW082,하행,2025-05-01T05:00:00,,평일
신분당선,4319,광교,D19,,20250619,신분당선,4304,신사,D4,N,신분당선,,4318,광교중앙,D18,N,15:47:05,15:47:30,,GW082,하행,2025-05-01T05:00:00,,평일
신분당선,4319,광교,D19,,20250619,신분당선,4304,신사,D4,N,신분당선,,4319,광교,D19,N,15:50:35,,,GW082,하행,2025-05-01T05:00:00,,평일
신분당선,4319,광교,D19,,20250619,신분당선,4304,신사,D4,N,신분당선,,4304,신사,D4,N,,15:16:23,,GW083,하행,2025-05-01T05:00:00,,평일
신분당선,4319,광교,D19,,20250619,신분당선,4304,신사,D4,N,신분당선,,4305,논현,D5,N,15:17:21,15:17:56,,GW083,하행,2025-05-01T05:00:00,,평일
신분당선,4319,광교,D19,,20250619,신분당선,4304,신사,D4,N,신분당선,,4306,신논현,D6,N,15:19:06,15:19:41,,GW083,하행,2025-05-01T05:00:00,,평일
신분당선,4319,광교,D19,,20250619,신분당선,4304,신사,D4,N,신분당선,,4307,강남,D7,N,15:20:49,15:21:24,,GW083,하행,2025-05-01T05:00:00,,평일
신분당선,4319,광교,D19,,20250619,신분당선,4304,신사,D4,N,신분당선,,4308,양재,D8,N,15:23:02,15:23:37,,GW083,하행,2025-05-01T05:00:00,,평일
신분당선,4319,광교,D19,,20250619,신분당선,4304,신사,D4,N,신분당선,,4309,양재시민의숲,D9,N,15:25:18,15:25:48,,GW083,하행,2025-05-01T05:00:00,,평일
신분당선,4319,광교,D19,,20250619,신분당선,4304,신사,D4,N,신분당선,,4310,청계산입구,D10,N,15:28:18,15:28:43,,GW083,하행,2025-05-01T05:00:00,,평일
신분당선,4319,광교,D19,,20250619,신분당선,4304,신사,D4,N,신분당선,,4311,판교,D11,N,15:34:46,15:35:21,,GW083,하행,2025-05-01T05:00:00,,평일
신분당선,4319,광교,D19,,20250619,신분당선,4304,신사,D4,N,신분당선,,4312,정자,D12,N,15:38:09,15:38:44,,GW083,하행,2025-05-01T05:00:00,,평일
신분당선,4319,광교,D19,,20250619,신분당선,4304,신사,D4,N,신분당선,,4313,미금,D13,N,15:40:54,15:41:24,,GW083,하행,2025-05-01T05:00:00,,평일
신분당선,4319,광교,D19,,20250619,신분당선,4304,신사,D4,N,신분당선,,4314,동천,D14,N,15:43:32,15:44:02,,GW083,하행,2025-05-01T05:00:00,,평일
신분당선,4319,광교,D19,,20250619,신분당선,4304,신사,D4,N,신분당선,,4315,수지구청,D15,N,15:46:26,15:46:56,,GW083,하행,2025-05-01T05:00:00,,평일
신분당선,4319,광교,D19,,20250619,신분당선,4304,신사,D4,N,신분당선,,4316,성복,D16,N,15:48:58,15:49:23,,GW083,하행,2025-05-01T05:00:00,,평일
신분당선,4319,광교,D19,,20250619,신분당선,4304,신사,D4,N,신분당선,,4317,상현,D17,N,15:51:54,15:52:19,,GW083,하행,2025-05-01T05:00:00,,평일
신분당선,4319,광교,D19,,20250619,신분당선,4304,신사,D4,N,신분당선,,4318,광교중앙,D18,N,15:55:05,15:55:30,,GW083,하행,2025-05-01T05:00:00,,평일
신분당선,4319,광교,D19,,20250619,신분당선,4304,신사,D4,N,신분당선,,4319,광교,D19,N,15:58:35,,,GW083,하행,2025-05-01T05:00:00,,평일
신분당선,4319,광교,D19,,20250619,신분당선,4304,신사,D4,N,신분당선,,4304,신사,D4,N,,15:24:23,,GW084,하행,2025-05-01T05:00:00,,평일
신분당선,4319,광교,D19,,20250619,신분당선,4304,신사,D4,N,신분당선,,4305,논현,D5,N,15:25:21,15:25:56,,GW084,하행,2025-05-01T05:00:00,,평일
신분당선,4319,광교,D19,,20250619,신분당선,4304,신사,D4,N,신분당선,,4306,신논현,D6,N,15:27:06,15:27:41,,GW084,하행,2025-05-01T05:00:00,,평일
신분당선,4319,광교,D19,,20250619,신분당선,4304,신사,D4,N,신분당선,,4307,강남,D7,N,15:28:49,15:29:24,,GW084,하행,2025-05-01T05:00:00,,평일
신분당선,4319,광교,D19,,20250619,신분당선,4304,신사,D4,N,신분당선,,4308,양재,D8,N,15:31:02,15:31:37,,GW084,하행,2025-05-01T05:00:00,,평일
신분당선,4319,광교,D19,,20250619,신분당선,4304,신사,D4,N,신분당선,,4309,양재시민의숲,D9,N,15:33:18,15:33:48,,GW084,하행,2025-05-01T05:00:00,,평일
신분당선,4319,광교,D19,,20250619,신분당선,4304,신사,D4,N,신분당선,,4310,청계산입구,D10,N,15:36:18,15:36:43,,GW084,하행,2025-05-01T05:00:00,,평일
신분당선,4319,광교,D19,,20250619,신분당선,4304,신사,D4,N,신분당선,,4311,판교,D11,N,15:42:46,15:43:21,,GW084,하행,2025-05-01T05:00:00,,평일
신분당선,4319,광교,D19,,20250619,신분당선,4304,신사,D4,N,신분당선,,4312,정자,D12,N,15:46:09,15:46:44,,GW084,하행,2025-05-01T05:00:00,,평일
신분당선,4319,광교,D19,,20250619,신분당선,4304,신사,D4,N,신분당선,,4313,미금,D13,N,15:48:54,15:49:24,,GW084,하행,2025-05-01T05:00:00,,평일
신분당선,4319,광교,D19,,20250619,신분당선,4304,신사,D4,N,신분당선,,4314,동천,D14,N,15:51:32,15:52:02,,GW084,하행,2025-05-01T05:00:00,,평일
신분당선,4319,광교,D19,,20250619,신분당선,4304,신사,D4,N,신분당선,,4315,수지구청,D15,N,15:54:26,15:54:56,,GW084,하행,2025-05-01T05:00:00,,평일
신분당선,4319,광교,D19,,20250619,신분당선,4304,신사,D4,N,신분당선,,4316,성복,D16,N,15:56:58,15:57:23,,GW084,하행,2025-05-01T05:00:00,,평일
신분당선,4319,광교,D19,,20250619,신분당선,4304,신사,D4,N,신분당선,,4317,상현,D17,N,15:59:54,16:00:19,,GW084,하행,2025-05-01T05:00:00,,평일
신분당선,4319,광교,D19,,20250619,신분당선,4304,신사,D4,N,신분당선,,4318,광교중앙,D18,N,16:03:05,16:03:30,,GW084,하행,2025-05-01T05:00:00,,평일
신분당선,4319,광교,D19,,20250619,신분당선,4304,신사,D4,N,신분당선,,4319,광교,D19,N,16:06:35,,,GW084,하행,2025-05-01T05:00:00,,평일
신분당선,4319,광교,D19,,20250619,신분당선,4304,신사,D4,N,신분당선,,4304,신사,D4,N,,15:32:23,,GW085,하행,2025-05-01T05:00:00,,평일
신분당선,4319,광교,D19,,20250619,신분당선,4304,신사,D4,N,신분당선,,4305,논현,D5,N,15:33:21,15:33:56,,GW085,하행,2025-05-01T05:00:00,,평일
신분당선,4319,광교,D19,,20250619,신분당선,4304,신사,D4,N,신분당선,,4306,신논현,D6,N,15:35:06,15:35:41,,GW085,하행,2025-05-01T05:00:00,,평일
신분당선,4319,광교,D19,,20250619,신분당선,4304,신사,D4,N,신분당선,,4307,강남,D7,N,15:36:49,15:37:24,,GW085,하행,2025-05-01T05:00:00,,평일
신분당선,4319,광교,D19,,20250619,신분당선,4304,신사,D4,N,신분당선,,4308,양재,D8,N,15:39:02,15:39:37,,GW085,하행,2025-05-01T05:00:00,,평일
신분당선,4319,광교,D19,,20250619,신분당선,4304,신사,D4,N,신분당선,,4309,양재시민의숲,D9,N,15:41:18,15:41:48,,GW085,하행,2025-05-01T05:00:00,,평일
신분당선,4319,광교,D19,,20250619,신분당선,4304,신사,D4,N,신분당선,,4310,청계산입구,D10,N,15:44:18,15:44:43,,GW085,하행,2025-05-01T05:00:00,,평일
신분당선,4319,광교,D19,,20250619,신분당선,4304,신사,D4,N,신분당선,,4311,판교,D11,N,15:50:46,15:51:21,,GW085,하행,2025-05-01T05:00:00,,평일
신분당선,4319,광교,D19,,20250619,신분당선,4304,신사,D4,N,신분당선,,4312,정자,D12,N,15:54:09,15:54:44,,GW085,하행,2025-05-01T05:00:00,,평일
신분당선,4319,광교,D19,,20250619,신분당선,4304,신사,D4,N,신분당선,,4313,미금,D13,N,15:56:54,15:57:24,,GW085,하행,2025-05-01T05:00:00,,평일
신분당선,4319,광교,D19,,20250619,신분당선,4304,신사,D4,N,신분당선,,4314,동천,D14,N,15:59:32,16:00:02,,GW085,하행,2025-05-01T05:00:00,,평일
신분당선,4319,광교,D19,,20250619,신분당선,4304,신사,D4,N,신분당선,,4315,수지구청,D15,N,16:02:26,16:02:56,,GW085,하행,2025-05-01T05:00:00,,평일
신분당선,4319,광교,D19,,20250619,신분당선,4304,신사,D4,N,신분당선,,4316,성복,D16,N,16:04:58,16:05:23,,GW085,하행,2025-05-01T05:00:00,,평일
신분당선,4319,광교,D19,,20250619,신분당선,4304,신사,D4,N,신분당선,,4317,상현,D17,N,16:07:54,16:08:19,,GW085,하행,2025-05-01T05:00:00,,평일
신분당선,4319,광교,D19,,20250619,신분당선,4304,신사,D4,N,신분당선,,4318,광교중앙,D18,N,16:11:05,16:11:30,,GW085,하행,2025-05-01T05:00:00,,평일
신분당선,4319,광교,D19,,20250619,신분당선,4304,신사,D4,N,신분당선,,4319,광교,D19,N,16:14:35,,,GW085,하행,2025-05-01T05:00:00,,평일
신분당선,4319,광교,D19,,20250619,신분당선,4304,신사,D4,N,신분당선,,4304,신사,D4,N,,15:40:23,,GW086,하행,2025-05-01T05:00:00,,평일
신분당선,4319,광교,D19,,20250619,신분당선,4304,신사,D4,N,신분당선,,4305,논현,D5,N,15:41:21,15:41:56,,GW086,하행,2025-05-01T05:00:00,,평일
신분당선,4319,광교,D19,,20250619,신분당선,4304,신사,D4,N,신분당선,,4306,신논현,D6,N,15:43:06,15:43:41,,GW086,하행,2025-05-01T05:00:00,,평일
신분당선,4319,광교,D19,,20250619,신분당선,4304,신사,D4,N,신분당선,,4307,강남,D7,N,15:44:49,15:45:24,,GW086,하행,2025-05-01T05:00:00,,평일
신분당선,4319,광교,D19,,20250619,신분당선,4304,신사,D4,N,신분당선,,4308,양재,D8,N,15:47:02,15:47:37,,GW086,하행,2025-05-01T05:00:00,,평일
신분당선,4319,광교,D19,,20250619,신분당선,4304,신사,D4,N,신분당선,,4309,양재시민의숲,D9,N,15:49:18,15:49:48,,GW086,하행,2025-05-01T05:00:00,,평일
신분당선,4319,광교,D19,,20250619,신분당선,4304,신사,D4,N,신분당선,,4310,청계산입구,D10,N,15:52:18,15:52:43,,GW086,하행,2025-05-01T05:00:00,,평일
신분당선,4319,광교,D19,,20250619,신분당선,4304,신사,D4,N,신분당선,,4311,판교,D11,N,15:58:46,15:59:21,,GW086,하행,2025-05-01T05:00:00,,평일
신분당선,4319,광교,D19,,20250619,신분당선,4304,신사,D4,N,신분당선,,4312,정자,D12,N,16:02:09,16:02:44,,GW086,하행,2025-05-01T05:00:00,,평일
신분당선,4319,광교,D19,,20250619,신분당선,4304,신사,D4,N,신분당선,,4313,미금,D13,N,16:04:54,16:05:24,,GW086,하행,2025-05-01T05:00:00,,평일
신분당선,4319,광교,D19,,20250619,신분당선,4304,신사,D4,N,신분당선,,4314,동천,D14,N,16:07:32,16:08:02,,GW086,하행,2025-05-01T05:00:00,,평일
신분당선,4319,광교,D19,,20250619,신분당선,4304,신사,D4,N,신분당선,,4315,수지구청,D15,N,16:10:26,16:10:56,,GW086,하행,2025-05-01T05:00:00,,평일
신분당선,4319,광교,D19,,20250619,신분당선,4304,신사,D4,N,신분당선,,4316,성복,D16,N,16:12:58,16:13:23,,GW086,하행,2025-05-01T05:00:00,,평일
신분당선,4319,광교,D19,,20250619,신분당선,4304,신사,D4,N,신분당선,,4317,상현,D17,N,16:15:54,16:16:19,,GW086,하행,2025-05-01T05:00:00,,평일
신분당선,4319,광교,D19,,20250619,신분당선,4304,신사,D4,N,신분당선,,4318,광교중앙,D18,N,16:19:05,16:19:30,,GW086,하행,2025-05-01T05:00:00,,평일
신분당선,4319,광교,D19,,20250619,신분당선,4304,신사,D4,N,신분당선,,4319,광교,D19,N,16:22:35,,,GW086,하행,2025-05-01T05:00:00,,평일
신분당선,4319,광교,D19,,20250619,신분당선,4304,신사,D4,N,신분당선,,4304,신사,D4,N,,15:48:23,,GW087,하행,2025-05-01T05:00:00,,평일
신분당선,4319,광교,D19,,20250619,신분당선,4304,신사,D4,N,신분당선,,4305,논현,D5,N,15:49:21,15:49:56,,GW087,하행,2025-05-01T05:00:00,,평일
신분당선,4319,광교,D19,,20250619,신분당선,4304,신사,D4,N,신분당선,,4306,신논현,D6,N,15:51:06,15:51:41,,GW087,하행,2025-05-01T05:00:00,,평일
신분당선,4319,광교,D19,,20250619,신분당선,4304,신사,D4,N,신분당선,,4307,강남,D7,N,15:52:49,15:53:24,,GW087,하행,2025-05-01T05:00:00,,평일
신분당선,4319,광교,D19,,20250619,신분당선,4304,신사,D4,N,신분당선,,4308,양재,D8,N,15:55:02,15:55:37,,GW087,하행,2025-05-01T05:00:00,,평일
신분당선,4319,광교,D19,,20250619,신분당선,4304,신사,D4,N,신분당선,,4309,양재시민의숲,D9,N,15:57:18,15:57:48,,GW087,하행,2025-05-01T05:00:00,,평일
신분당선,4319,광교,D19,,20250619,신분당선,4304,신사,D4,N,신분당선,,4310,청계산입구,D10,N,16:00:18,16:00:43,,GW087,하행,2025-05-01T05:00:00,,평일
신분당선,4319,광교,D19,,20250619,신분당선,4304,신사,D4,N,신분당선,,4311,판교,D11,N,16:06:46,16:07:21,,GW087,하행,2025-05-01T05:00:00,,평일
신분당선,4319,광교,D19,,20250619,신분당선,4304,신사,D4,N,신분당선,,4312,정자,D12,N,16:10:09,16:10:44,,GW087,하행,2025-05-01T05:00:00,,평일
신분당선,4319,광교,D19,,20250619,신분당선,4304,신사,D4,N,신분당선,,4313,미금,D13,N,16:12:54,16:13:24,,GW087,하행,2025-05-01T05:00:00,,평일
신분당선,4319,광교,D19,,20250619,신분당선,4304,신사,D4,N,신분당선,,4314,동천,D14,N,16:15:32,16:16:02,,GW087,하행,2025-05-01T05:00:00,,평일
신분당선,4319,광교,D19,,20250619,신분당선,4304,신사,D4,N,신분당선,,4315,수지구청,D15,N,16:18:26,16:18:56,,GW087,하행,2025-05-01T05:00:00,,평일
신분당선,4319,광교,D19,,20250619,신분당선,4304,신사,D4,N,신분당선,,4316,성복,D16,N,16:20:58,16:21:23,,GW087,하행,2025-05-01T05:00:00,,평일
신분당선,4319,광교,D19,,20250619,신분당선,4304,신사,D4,N,신분당선,,4317,상현,D17,N,16:23:54,16:24:19,,GW087,하행,2025-05-01T05:00:00,,평일
신분당선,4319,광교,D19,,20250619,신분당선,4304,신사,D4,N,신분당선,,4318,광교중앙,D18,N,16:27:05,16:27:30,,GW087,하행,2025-05-01T05:00:00,,평일
신분당선,4319,광교,D19,,20250619,신분당선,4304,신사,D4,N,신분당선,,4319,광교,D19,N,16:30:35,,,GW087,하행,2025-05-01T05:00:00,,평일
신분당선,4319,광교,D19,,20250619,신분당선,4304,신사,D4,N,신분당선,,4304,신사,D4,N,,15:56:23,,GW088,하행,2025-05-01T05:00:00,,평일
신분당선,4319,광교,D19,,20250619,신분당선,4304,신사,D4,N,신분당선,,4305,논현,D5,N,15:57:21,15:57:56,,GW088,하행,2025-05-01T05:00:00,,평일
신분당선,4319,광교,D19,,20250619,신분당선,4304,신사,D4,N,신분당선,,4306,신논현,D6,N,15:59:06,15:59:41,,GW088,하행,2025-05-01T05:00:00,,평일
신분당선,4319,광교,D19,,20250619,신분당선,4304,신사,D4,N,신분당선,,4307,강남,D7,N,16:00:49,16:01:24,,GW088,하행,2025-05-01T05:00:00,,평일
신분당선,4319,광교,D19,,20250619,신분당선,4304,신사,D4,N,신분당선,,4308,양재,D8,N,16:03:02,16:03:37,,GW088,하행,2025-05-01T05:00:00,,평일
신분당선,4319,광교,D19,,20250619,신분당선,4304,신사,D4,N,신분당선,,4309,양재시민의숲,D9,N,16:05:18,16:05:48,,GW088,하행,2025-05-01T05:00:00,,평일
신분당선,4319,광교,D19,,20250619,신분당선,4304,신사,D4,N,신분당선,,4310,청계산입구,D10,N,16:08:18,16:08:43,,GW088,하행,2025-05-01T05:00:00,,평일
신분당선,4319,광교,D19,,20250619,신분당선,4304,신사,D4,N,신분당선,,4311,판교,D11,N,16:14:46,16:15:21,,GW088,하행,2025-05-01T05:00:00,,평일
신분당선,4319,광교,D19,,20250619,신분당선,4304,신사,D4,N,신분당선,,4312,정자,D12,N,16:18:09,16:18:44,,GW088,하행,2025-05-01T05:00:00,,평일
신분당선,4319,광교,D19,,20250619,신분당선,4304,신사,D4,N,신분당선,,4313,미금,D13,N,16:20:54,16:21:24,,GW088,하행,2025-05-01T05:00:00,,평일
신분당선,4319,광교,D19,,20250619,신분당선,4304,신사,D4,N,신분당선,,4314,동천,D14,N,16:23:32,16:24:02,,GW088,하행,2025-05-01T05:00:00,,평일
신분당선,4319,광교,D19,,20250619,신분당선,4304,신사,D4,N,신분당선,,4315,수지구청,D15,N,16:26:26,16:26:56,,GW088,하행,2025-05-01T05:00:00,,평일
신분당선,4319,광교,D19,,20250619,신분당선,4304,신사,D4,N,신분당선,,4316,성복,D16,N,16:28:58,16:29:23,,GW088,하행,2025-05-01T05:00:00,,평일
신분당선,4319,광교,D19,,20250619,신분당선,4304,신사,D4,N,신분당선,,4317,상현,D17,N,16:31:54,16:32:19,,GW088,하행,2025-05-01T05:00:00,,평일
신분당선,4319,광교,D19,,20250619,신분당선,4304,신사,D4,N,신분당선,,4318,광교중앙,D18,N,16:35:05,16:35:30,,GW088,하행,2025-05-01T05:00:00,,평일
신분당선,4319,광교,D19,,20250619,신분당선,4304,신사,D4,N,신분당선,,4319,광교,D19,N,16:38:35,,,GW088,하행,2025-05-01T05:00:00,,평일
신분당선,4319,광교,D19,,20250619,신분당선,4304,신사,D4,N,신분당선,,4304,신사,D4,N,,16:04:23,,GW089,하행,2025-05-01T05:00:00,,평일
신분당선,4319,광교,D19,,20250619,신분당선,4304,신사,D4,N,신분당선,,4305,논현,D5,N,16:05:21,16:05:56,,GW089,하행,2025-05-01T05:00:00,,평일
신분당선,4319,광교,D19,,20250619,신분당선,4304,신사,D4,N,신분당선,,4306,신논현,D6,N,16:07:06,16:07:41,,GW089,하행,2025-05-01T05:00:00,,평일
신분당선,4319,광교,D19,,20250619,신분당선,4304,신사,D4,N,신분당선,,4307,강남,D7,N,16:08:49,16:09:24,,GW089,하행,2025-05-01T05:00:00,,평일
신분당선,4319,광교,D19,,20250619,신분당선,4304,신사,D4,N,신분당선,,4308,양재,D8,N,16:11:02,16:11:37,,GW089,하행,2025-05-01T05:00:00,,평일
신분당선,4319,광교,D19,,20250619,신분당선,4304,신사,D4,N,신분당선,,4309,양재시민의숲,D9,N,16:13:18,16:13:48,,GW089,하행,2025-05-01T05:00:00,,평일
신분당선,4319,광교,D19,,20250619,신분당선,4304,신사,D4,N,신분당선,,4310,청계산입구,D10,N,16:16:18,16:16:43,,GW089,하행,2025-05-01T05:00:00,,평일
신분당선,4319,광교,D19,,20250619,신분당선,4304,신사,D4,N,신분당선,,4311,판교,D11,N,16:22:46,16:23:21,,GW089,하행,2025-05-01T05:00:00,,평일
신분당선,4319,광교,D19,,20250619,신분당선,4304,신사,D4,N,신분당선,,4312,정자,D12,N,16:26:09,16:26:44,,GW089,하행,2025-05-01T05:00:00,,평일
신분당선,4319,광교,D19,,20250619,신분당선,4304,신사,D4,N,신분당선,,4313,미금,D13,N,16:28:54,16:29:24,,GW089,하행,2025-05-01T05:00:00,,평일
신분당선,4319,광교,D19,,20250619,신분당선,4304,신사,D4,N,신분당선,,4314,동천,D14,N,16:31:32,16:32:02,,GW089,하행,2025-05-01T05:00:00,,평일
신분당선,4319,광교,D19,,20250619,신분당선,4304,신사,D4,N,신분당선,,4315,수지구청,D15,N,16:34:26,16:34:56,,GW089,하행,2025-05-01T05:00:00,,평일
신분당선,4319,광교,D19,,20250619,신분당선,4304,신사,D4,N,신분당선,,4316,성복,D16,N,16:36:58,16:37:23,,GW089,하행,2025-05-01T05:00:00,,평일
신분당선,4319,광교,D19,,20250619,신분당선,4304,신사,D4,N,신분당선,,4317,상현,D17,N,16:39:54,16:40:19,,GW089,하행,2025-05-01T05:00:00,,평일
신분당선,4319,광교,D19,,20250619,신분당선,4304,신사,D4,N,신분당선,,4318,광교중앙,D18,N,16:43:05,16:43:30,,GW089,하행,2025-05-01T05:00:00,,평일
신분당선,4319,광교,D19,,20250619,신분당선,4304,신사,D4,N,신분당선,,4319,광교,D19,N,16:46:35,,,GW089,하행,2025-05-01T05:00:00,,평일
신분당선,4319,광교,D19,,20250619,신분당선,4304,신사,D4,N,신분당선,,4304,신사,D4,N,,16:12:23,,GW090,하행,2025-05-01T05:00:00,,평일
신분당선,4319,광교,D19,,20250619,신분당선,4304,신사,D4,N,신분당선,,4305,논현,D5,N,16:13:21,16:13:56,,GW090,하행,2025-05-01T05:00:00,,평일
신분당선,4319,광교,D19,,20250619,신분당선,4304,신사,D4,N,신분당선,,4306,신논현,D6,N,16:15:06,16:15:41,,GW090,하행,2025-05-01T05:00:00,,평일
신분당선,4319,광교,D19,,20250619,신분당선,4304,신사,D4,N,신분당선,,4307,강남,D7,N,16:16:49,16:17:24,,GW090,하행,2025-05-01T05:00:00,,평일
신분당선,4319,광교,D19,,20250619,신분당선,4304,신사,D4,N,신분당선,,4308,양재,D8,N,16:19:02,16:19:37,,GW090,하행,2025-05-01T05:00:00,,평일
신분당선,4319,광교,D19,,20250619,신분당선,4304,신사,D4,N,신분당선,,4309,양재시민의숲,D9,N,16:21:18,16:21:48,,GW090,하행,2025-05-01T05:00:00,,평일
신분당선,4319,광교,D19,,20250619,신분당선,4304,신사,D4,N,신분당선,,4310,청계산입구,D10,N,16:24:18,16:24:43,,GW090,하행,2025-05-01T05:00:00,,평일
신분당선,4319,광교,D19,,20250619,신분당선,4304,신사,D4,N,신분당선,,4311,판교,D11,N,16:30:46,16:31:21,,GW090,하행,2025-05-01T05:00:00,,평일
신분당선,4319,광교,D19,,20250619,신분당선,4304,신사,D4,N,신분당선,,4312,정자,D12,N,16:34:09,16:34:44,,GW090,하행,2025-05-01T05:00:00,,평일
신분당선,4319,광교,D19,,20250619,신분당선,4304,신사,D4,N,신분당선,,4313,미금,D13,N,16:36:54,16:37:24,,GW090,하행,2025-05-01T05:00:00,,평일
신분당선,4319,광교,D19,,20250619,신분당선,4304,신사,D4,N,신분당선,,4314,동천,D14,N,16:39:32,16:40:02,,GW090,하행,2025-05-01T05:00:00,,평일
신분당선,4319,광교,D19,,20250619,신분당선,4304,신사,D4,N,신분당선,,4315,수지구청,D15,N,16:42:26,16:42:56,,GW090,하행,2025-05-01T05:00:00,,평일
신분당선,4319,광교,D19,,20250619,신분당선,4304,신사,D4,N,신분당선,,4316,성복,D16,N,16:44:58,16:45:23,,GW090,하행,2025-05-01T05:00:00,,평일
신분당선,4319,광교,D19,,20250619,신분당선,4304,신사,D4,N,신분당선,,4317,상현,D17,N,16:47:54,16:48:19,,GW090,하행,2025-05-01T05:00:00,,평일
신분당선,4319,광교,D19,,20250619,신분당선,4304,신사,D4,N,신분당선,,4318,광교중앙,D18,N,16:51:05,16:51:30,,GW090,하행,2025-05-01T05:00:00,,평일
신분당선,4319,광교,D19,,20250619,신분당선,4304,신사,D4,N,신분당선,,4319,광교,D19,N,16:54:35,,,GW090,하행,2025-05-01T05:00:00,,평일
신분당선,4319,광교,D19,,20250619,신분당선,4304,신사,D4,N,신분당선,,4304,신사,D4,N,,16:20:23,,GW091,하행,2025-05-01T05:00:00,,평일
신분당선,4319,광교,D19,,20250619,신분당선,4304,신사,D4,N,신분당선,,4305,논현,D5,N,16:21:21,16:21:56,,GW091,하행,2025-05-01T05:00:00,,평일
신분당선,4319,광교,D19,,20250619,신분당선,4304,신사,D4,N,신분당선,,4306,신논현,D6,N,16:23:06,16:23:41,,GW091,하행,2025-05-01T05:00:00,,평일
신분당선,4319,광교,D19,,20250619,신분당선,4304,신사,D4,N,신분당선,,4307,강남,D7,N,16:24:49,16:25:29,,GW091,하행,2025-05-01T05:00:00,,평일
신분당선,4319,광교,D19,,20250619,신분당선,4304,신사,D4,N,신분당선,,4308,양재,D8,N,16:27:07,16:27:37,,GW091,하행,2025-05-01T05:00:00,,평일
신분당선,4319,광교,D19,,20250619,신분당선,4304,신사,D4,N,신분당선,,4309,양재시민의숲,D9,N,16:29:18,16:29:48,,GW091,하행,2025-05-01T05:00:00,,평일
신분당선,4319,광교,D19,,20250619,신분당선,4304,신사,D4,N,신분당선,,4310,청계산입구,D10,N,16:32:18,16:32:43,,GW091,하행,2025-05-01T05:00:00,,평일
신분당선,4319,광교,D19,,20250619,신분당선,4304,신사,D4,N,신분당선,,4311,판교,D11,N,16:38:46,16:39:26,,GW091,하행,2025-05-01T05:00:00,,평일
신분당선,4319,광교,D19,,20250619,신분당선,4304,신사,D4,N,신분당선,,4312,정자,D12,N,16:42:14,16:42:54,,GW091,하행,2025-05-01T05:00:00,,평일
신분당선,4319,광교,D19,,20250619,신분당선,4304,신사,D4,N,신분당선,,4313,미금,D13,N,16:45:04,16:45:34,,GW091,하행,2025-05-01T05:00:00,,평일
신분당선,4319,광교,D19,,20250619,신분당선,4304,신사,D4,N,신분당선,,4314,동천,D14,N,16:47:42,16:48:12,,GW091,하행,2025-05-01T05:00:00,,평일
신분당선,4319,광교,D19,,20250619,신분당선,4304,신사,D4,N,신분당선,,4315,수지구청,D15,N,16:50:36,16:51:06,,GW091,하행,2025-05-01T05:00:00,,평일
신분당선,4319,광교,D19,,20250619,신분당선,4304,신사,D4,N,신분당선,,4316,성복,D16,N,16:53:08,16:53:38,,GW091,하행,2025-05-01T05:00:00,,평일
신분당선,4319,광교,D19,,20250619,신분당선,4304,신사,D4,N,신분당선,,4317,상현,D17,N,16:56:09,16:56:34,,GW091,하행,2025-05-01T05:00:00,,평일
신분당선,4319,광교,D19,,20250619,신분당선,4304,신사,D4,N,신분당선,,4318,광교중앙,D18,N,16:59:20,16:59:45,,GW091,하행,2025-05-01T05:00:00,,평일
신분당선,4319,광교,D19,,20250619,신분당선,4304,신사,D4,N,신분당선,,4319,광교,D19,N,17:02:50,,,GW091,하행,2025-05-01T05:00:00,,평일
신분당선,4319,광교,D19,,20250619,신분당선,4304,신사,D4,N,신분당선,,4304,신사,D4,N,,16:28:23,,GW092,하행,2025-05-01T05:00:00,,평일
신분당선,4319,광교,D19,,20250619,신분당선,4304,신사,D4,N,신분당선,,4305,논현,D5,N,16:29:21,16:29:56,,GW092,하행,2025-05-01T05:00:00,,평일
신분당선,4319,광교,D19,,20250619,신분당선,4304,신사,D4,N,신분당선,,4306,신논현,D6,N,16:31:06,16:31:41,,GW092,하행,2025-05-01T05:00:00,,평일
신분당선,4319,광교,D19,,20250619,신분당선,4304,신사,D4,N,신분당선,,4307,강남,D7,N,16:32:49,16:33:29,,GW092,하행,2025-05-01T05:00:00,,평일
신분당선,4319,광교,D19,,20250619,신분당선,4304,신사,D4,N,신분당선,,4308,양재,D8,N,16:35:07,16:35:37,,GW092,하행,2025-05-01T05:00:00,,평일
신분당선,4319,광교,D19,,20250619,신분당선,4304,신사,D4,N,신분당선,,4309,양재시민의숲,D9,N,16:37:18,16:37:48,,GW092,하행,2025-05-01T05:00:00,,평일
신분당선,4319,광교,D19,,20250619,신분당선,4304,신사,D4,N,신분당선,,4310,청계산입구,D10,N,16:40:18,16:40:43,,GW092,하행,2025-05-01T05:00:00,,평일
신분당선,4319,광교,D19,,20250619,신분당선,4304,신사,D4,N,신분당선,,4311,판교,D11,N,16:46:46,16:47:26,,GW092,하행,2025-05-01T05:00:00,,평일
신분당선,4319,광교,D19,,20250619,신분당선,4304,신사,D4,N,신분당선,,4312,정자,D12,N,16:50:14,16:50:54,,GW092,하행,2025-05-01T05:00:00,,평일
신분당선,4319,광교,D19,,20250619,신분당선,4304,신사,D4,N,신분당선,,4313,미금,D13,N,16:53:04,16:53:34,,GW092,하행,2025-05-01T05:00:00,,평일
신분당선,4319,광교,D19,,20250619,신분당선,4304,신사,D4,N,신분당선,,4314,동천,D14,N,16:55:42,16:56:12,,GW092,하행,2025-05-01T05:00:00,,평일
신분당선,4319,광교,D19,,20250619,신분당선,4304,신사,D4,N,신분당선,,4315,수지구청,D15,N,16:58:36,16:59:06,,GW092,하행,2025-05-01T05:00:00,,평일
신분당선,4319,광교,D19,,20250619,신분당선,4304,신사,D4,N,신분당선,,4316,성복,D16,N,17:01:08,17:01:38,,GW092,하행,2025-05-01T05:00:00,,평일
신분당선,4319,광교,D19,,20250619,신분당선,4304,신사,D4,N,신분당선,,4317,상현,D17,N,17:04:09,17:04:34,,GW092,하행,2025-05-01T05:00:00,,평일
신분당선,4319,광교,D19,,20250619,신분당선,4304,신사,D4,N,신분당선,,4318,광교중앙,D18,N,17:07:20,17:07:45,,GW092,하행,2025-05-01T05:00:00,,평일
신분당선,4319,광교,D19,,20250619,신분당선,4304,신사,D4,N,신분당선,,4319,광교,D19,N,17:10:50,,,GW092,하행,2025-05-01T05:00:00,,평일
신분당선,4319,광교,D19,,20250619,신분당선,4304,신사,D4,N,신분당선,,4304,신사,D4,N,,16:36:23,,GW093,하행,2025-05-01T05:00:00,,평일
신분당선,4319,광교,D19,,20250619,신분당선,4304,신사,D4,N,신분당선,,4305,논현,D5,N,16:37:21,16:37:56,,GW093,하행,2025-05-01T05:00:00,,평일
신분당선,4319,광교,D19,,20250619,신분당선,4304,신사,D4,N,신분당선,,4306,신논현,D6,N,16:39:06,16:39:41,,GW093,하행,2025-05-01T05:00:00,,평일
신분당선,4319,광교,D19,,20250619,신분당선,4304,신사,D4,N,신분당선,,4307,강남,D7,N,16:40:49,16:41:29,,GW093,하행,2025-05-01T05:00:00,,평일
신분당선,4319,광교,D19,,20250619,신분당선,4304,신사,D4,N,신분당선,,4308,양재,D8,N,16:43:07,16:43:37,,GW093,하행,2025-05-01T05:00:00,,평일
신분당선,4319,광교,D19,,20250619,신분당선,4304,신사,D4,N,신분당선,,4309,양재시민의숲,D9,N,16:45:18,16:45:48,,GW093,하행,2025-05-01T05:00:00,,평일
신분당선,4319,광교,D19,,20250619,신분당선,4304,신사,D4,N,신분당선,,4310,청계산입구,D10,N,16:48:18,16:48:43,,GW093,하행,2025-05-01T05:00:00,,평일
신분당선,4319,광교,D19,,20250619,신분당선,4304,신사,D4,N,신분당선,,4311,판교,D11,N,16:54:46,16:55:26,,GW093,하행,2025-05-01T05:00:00,,평일
신분당선,4319,광교,D19,,20250619,신분당선,4304,신사,D4,N,신분당선,,4312,정자,D12,N,16:58:14,16:58:54,,GW093,하행,2025-05-01T05:00:00,,평일
신분당선,4319,광교,D19,,20250619,신분당선,4304,신사,D4,N,신분당선,,4313,미금,D13,N,17:01:04,17:01:34,,GW093,하행,2025-05-01T05:00:00,,평일
신분당선,4319,광교,D19,,20250619,신분당선,4304,신사,D4,N,신분당선,,4314,동천,D14,N,17:03:42,17:04:12,,GW093,하행,2025-05-01T05:00:00,,평일
신분당선,4319,광교,D19,,20250619,신분당선,4304,신사,D4,N,신분당선,,4315,수지구청,D15,N,17:06:36,17:07:06,,GW093,하행,2025-05-01T05:00:00,,평일
신분당선,4319,광교,D19,,20250619,신분당선,4304,신사,D4,N,신분당선,,4316,성복,D16,N,17:09:08,17:09:38,,GW093,하행,2025-05-01T05:00:00,,평일
신분당선,4319,광교,D19,,20250619,신분당선,4304,신사,D4,N,신분당선,,4317,상현,D17,N,17:12:09,17:12:34,,GW093,하행,2025-05-01T05:00:00,,평일
신분당선,4319,광교,D19,,20250619,신분당선,4304,신사,D4,N,신분당선,,4318,광교중앙,D18,N,17:15:20,17:15:45,,GW093,하행,2025-05-01T05:00:00,,평일
신분당선,4319,광교,D19,,20250619,신분당선,4304,신사,D4,N,신분당선,,4319,광교,D19,N,17:18:50,,,GW093,하행,2025-05-01T05:00:00,,평일
신분당선,4319,광교,D19,,20250619,신분당선,4304,신사,D4,N,신분당선,,4304,신사,D4,N,,16:44:23,,GW094,하행,2025-05-01T05:00:00,,평일
신분당선,4319,광교,D19,,20250619,신분당선,4304,신사,D4,N,신분당선,,4305,논현,D5,N,16:45:21,16:45:56,,GW094,하행,2025-05-01T05:00:00,,평일
신분당선,4319,광교,D19,,20250619,신분당선,4304,신사,D4,N,신분당선,,4306,신논현,D6,N,16:47:06,16:47:41,,GW094,하행,2025-05-01T05:00:00,,평일
신분당선,4319,광교,D19,,20250619,신분당선,4304,신사,D4,N,신분당선,,4307,강남,D7,N,16:48:49,16:49:29,,GW094,하행,2025-05-01T05:00:00,,평일
신분당선,4319,광교,D19,,20250619,신분당선,4304,신사,D4,N,신분당선,,4308,양재,D8,N,16:51:07,16:51:37,,GW094,하행,2025-05-01T05:00:00,,평일
신분당선,4319,광교,D19,,20250619,신분당선,4304,신사,D4,N,신분당선,,4309,양재시민의숲,D9,N,16:53:18,16:53:48,,GW094,하행,2025-05-01T05:00:00,,평일
신분당선,4319,광교,D19,,20250619,신분당선,4304,신사,D4,N,신분당선,,4310,청계산입구,D10,N,16:56:18,16:56:43,,GW094,하행,2025-05-01T05:00:00,,평일
신분당선,4319,광교,D19,,20250619,신분당선,4304,신사,D4,N,신분당선,,4311,판교,D11,N,17:02:46,17:03:26,,GW094,하행,2025-05-01T05:00:00,,평일
신분당선,4319,광교,D19,,20250619,신분당선,4304,신사,D4,N,신분당선,,4312,정자,D12,N,17:06:14,17:06:54,,GW094,하행,2025-05-01T05:00:00,,평일
신분당선,4319,광교,D19,,20250619,신분당선,4304,신사,D4,N,신분당선,,4313,미금,D13,N,17:09:04,17:09:34,,GW094,하행,2025-05-01T05:00:00,,평일
신분당선,4319,광교,D19,,20250619,신분당선,4304,신사,D4,N,신분당선,,4314,동천,D14,N,17:11:42,17:12:12,,GW094,하행,2025-05-01T05:00:00,,평일
신분당선,4319,광교,D19,,20250619,신분당선,4304,신사,D4,N,신분당선,,4315,수지구청,D15,N,17:14:36,17:15:06,,GW094,하행,2025-05-01T05:00:00,,평일
신분당선,4319,광교,D19,,20250619,신분당선,4304,신사,D4,N,신분당선,,4316,성복,D16,N,17:17:08,17:17:38,,GW094,하행,2025-05-01T05:00:00,,평일
신분당선,4319,광교,D19,,20250619,신분당선,4304,신사,D4,N,신분당선,,4317,상현,D17,N,17:20:09,17:20:34,,GW094,하행,2025-05-01T05:00:00,,평일
신분당선,4319,광교,D19,,20250619,신분당선,4304,신사,D4,N,신분당선,,4318,광교중앙,D18,N,17:23:20,17:23:45,,GW094,하행,2025-05-01T05:00:00,,평일
신분당선,4319,광교,D19,,20250619,신분당선,4304,신사,D4,N,신분당선,,4319,광교,D19,N,17:26:50,,,GW094,하행,2025-05-01T05:00:00,,평일
신분당선,4319,광교,D19,,20250619,신분당선,4304,신사,D4,N,신분당선,,4304,신사,D4,N,,16:52:33,,GW095,하행,2025-05-01T05:00:00,,평일
신분당선,4319,광교,D19,,20250619,신분당선,4304,신사,D4,N,신분당선,,4305,논현,D5,N,16:53:31,16:54:06,,GW095,하행,2025-05-01T05:00:00,,평일
신분당선,4319,광교,D19,,20250619,신분당선,4304,신사,D4,N,신분당선,,4306,신논현,D6,N,16:55:16,16:55:51,,GW095,하행,2025-05-01T05:00:00,,평일
신분당선,4319,광교,D19,,20250619,신분당선,4304,신사,D4,N,신분당선,,4307,강남,D7,N,16:56:59,16:57:39,,GW095,하행,2025-05-01T05:00:00,,평일
신분당선,4319,광교,D19,,20250619,신분당선,4304,신사,D4,N,신분당선,,4308,양재,D8,N,16:59:17,16:59:47,,GW095,하행,2025-05-01T05:00:00,,평일
신분당선,4319,광교,D19,,20250619,신분당선,4304,신사,D4,N,신분당선,,4309,양재시민의숲,D9,N,17:01:28,17:01:58,,GW095,하행,2025-05-01T05:00:00,,평일
신분당선,4319,광교,D19,,20250619,신분당선,4304,신사,D4,N,신분당선,,4310,청계산입구,D10,N,17:04:28,17:04:53,,GW095,하행,2025-05-01T05:00:00,,평일
신분당선,4319,광교,D19,,20250619,신분당선,4304,신사,D4,N,신분당선,,4311,판교,D11,N,17:10:56,17:11:36,,GW095,하행,2025-05-01T05:00:00,,평일
신분당선,4319,광교,D19,,20250619,신분당선,4304,신사,D4,N,신분당선,,4312,정자,D12,N,17:14:24,17:15:04,,GW095,하행,2025-05-01T05:00:00,,평일
신분당선,4319,광교,D19,,20250619,신분당선,4304,신사,D4,N,신분당선,,4313,미금,D13,N,17:17:14,17:17:44,,GW095,하행,2025-05-01T05:00:00,,평일
신분당선,4319,광교,D19,,20250619,신분당선,4304,신사,D4,N,신분당선,,4314,동천,D14,N,17:19:52,17:20:22,,GW095,하행,2025-05-01T05:00:00,,평일
신분당선,4319,광교,D19,,20250619,신분당선,4304,신사,D4,N,신분당선,,4315,수지구청,D15,N,17:22:46,17:23:16,,GW095,하행,2025-05-01T05:00:00,,평일
신분당선,4319,광교,D19,,20250619,신분당선,4304,신사,D4,N,신분당선,,4316,성복,D16,N,17:25:18,17:25:48,,GW095,하행,2025-05-01T05:00:00,,평일
신분당선,4319,광교,D19,,20250619,신분당선,4304,신사,D4,N,신분당선,,4317,상현,D17,N,17:28:19,17:28:44,,GW095,하행,2025-05-01T05:00:00,,평일
신분당선,4319,광교,D19,,20250619,신분당선,4304,신사,D4,N,신분당선,,4318,광교중앙,D18,N,17:31:30,17:31:55,,GW095,하행,2025-05-01T05:00:00,,평일
신분당선,4319,광교,D19,,20250619,신분당선,4304,신사,D4,N,신분당선,,4319,광교,D19,N,17:35:00,,,GW095,하행,2025-05-01T05:00:00,,평일
신분당선,4319,광교,D19,,20250619,신분당선,4304,신사,D4,N,신분당선,,4304,신사,D4,N,,17:00:33,,GW096,하행,2025-05-01T05:00:00,,평일
신분당선,4319,광교,D19,,20250619,신분당선,4304,신사,D4,N,신분당선,,4305,논현,D5,N,17:01:31,17:02:06,,GW096,하행,2025-05-01T05:00:00,,평일
신분당선,4319,광교,D19,,20250619,신분당선,4304,신사,D4,N,신분당선,,4306,신논현,D6,N,17:03:16,17:03:51,,GW096,하행,2025-05-01T05:00:00,,평일
신분당선,4319,광교,D19,,20250619,신분당선,4304,신사,D4,N,신분당선,,4307,강남,D7,N,17:04:59,17:05:39,,GW096,하행,2025-05-01T05:00:00,,평일
신분당선,4319,광교,D19,,20250619,신분당선,4304,신사,D4,N,신분당선,,4308,양재,D8,N,17:07:17,17:07:47,,GW096,하행,2025-05-01T05:00:00,,평일
신분당선,4319,광교,D19,,20250619,신분당선,4304,신사,D4,N,신분당선,,4309,양재시민의숲,D9,N,17:09:28,17:09:58,,GW096,하행,2025-05-01T05:00:00,,평일
신분당선,4319,광교,D19,,20250619,신분당선,4304,신사,D4,N,신분당선,,4310,청계산입구,D10,N,17:12:28,17:12:53,,GW096,하행,2025-05-01T05:00:00,,평일
신분당선,4319,광교,D19,,20250619,신분당선,4304,신사,D4,N,신분당선,,4311,판교,D11,N,17:18:56,17:19:36,,GW096,하행,2025-05-01T05:00:00,,평일
신분당선,4319,광교,D19,,20250619,신분당선,4304,신사,D4,N,신분당선,,4312,정자,D12,N,17:22:24,17:23:04,,GW096,하행,2025-05-01T05:00:00,,평일
신분당선,4319,광교,D19,,20250619,신분당선,4304,신사,D4,N,신분당선,,4313,미금,D13,N,17:25:14,17:25:44,,GW096,하행,2025-05-01T05:00:00,,평일
신분당선,4319,광교,D19,,20250619,신분당선,4304,신사,D4,N,신분당선,,4314,동천,D14,N,17:27:52,17:28:22,,GW096,하행,2025-05-01T05:00:00,,평일
신분당선,4319,광교,D19,,20250619,신분당선,4304,신사,D4,N,신분당선,,4315,수지구청,D15,N,17:30:46,17:31:16,,GW096,하행,2025-05-01T05:00:00,,평일
신분당선,4319,광교,D19,,20250619,신분당선,4304,신사,D4,N,신분당선,,4316,성복,D16,N,17:33:18,17:33:48,,GW096,하행,2025-05-01T05:00:00,,평일
신분당선,4319,광교,D19,,20250619,신분당선,4304,신사,D4,N,신분당선,,4317,상현,D17,N,17:36:19,17:36:44,,GW096,하행,2025-05-01T05:00:00,,평일
신분당선,4319,광교,D19,,20250619,신분당선,4304,신사,D4,N,신분당선,,4318,광교중앙,D18,N,17:39:30,17:39:55,,GW096,하행,2025-05-01T05:00:00,,평일
신분당선,4319,광교,D19,,20250619,신분당선,4304,신사,D4,N,신분당선,,4319,광교,D19,N,17:43:00,,,GW096,하행,2025-05-01T05:00:00,,평일
신분당선,4319,광교,D19,,20250619,신분당선,4304,신사,D4,N,신분당선,,4304,신사,D4,N,,17:08:33,,GW097,하행,2025-05-01T05:00:00,,평일
신분당선,4319,광교,D19,,20250619,신분당선,4304,신사,D4,N,신분당선,,4305,논현,D5,N,17:09:31,17:10:06,,GW097,하행,2025-05-01T05:00:00,,평일
신분당선,4319,광교,D19,,20250619,신분당선,4304,신사,D4,N,신분당선,,4306,신논현,D6,N,17:11:16,17:11:51,,GW097,하행,2025-05-01T05:00:00,,평일
신분당선,4319,광교,D19,,20250619,신분당선,4304,신사,D4,N,신분당선,,4307,강남,D7,N,17:12:59,17:13:39,,GW097,하행,2025-05-01T05:00:00,,평일
신분당선,4319,광교,D19,,20250619,신분당선,4304,신사,D4,N,신분당선,,4308,양재,D8,N,17:15:17,17:15:47,,GW097,하행,2025-05-01T05:00:00,,평일
신분당선,4319,광교,D19,,20250619,신분당선,4304,신사,D4,N,신분당선,,4309,양재시민의숲,D9,N,17:17:28,17:17:58,,GW097,하행,2025-05-01T05:00:00,,평일
신분당선,4319,광교,D19,,20250619,신분당선,4304,신사,D4,N,신분당선,,4310,청계산입구,D10,N,17:20:28,17:20:53,,GW097,하행,2025-05-01T05:00:00,,평일
신분당선,4319,광교,D19,,20250619,신분당선,4304,신사,D4,N,신분당선,,4311,판교,D11,N,17:26:56,17:27:36,,GW097,하행,2025-05-01T05:00:00,,평일
신분당선,4319,광교,D19,,20250619,신분당선,4304,신사,D4,N,신분당선,,4312,정자,D12,N,17:30:24,17:31:04,,GW097,하행,2025-05-01T05:00:00,,평일
신분당선,4319,광교,D19,,20250619,신분당선,4304,신사,D4,N,신분당선,,4313,미금,D13,N,17:33:14,17:33:44,,GW097,하행,2025-05-01T05:00:00,,평일
신분당선,4319,광교,D19,,20250619,신분당선,4304,신사,D4,N,신분당선,,4314,동천,D14,N,17:35:52,17:36:22,,GW097,하행,2025-05-01T05:00:00,,평일
신분당선,4319,광교,D19,,20250619,신분당선,4304,신사,D4,N,신분당선,,4315,수지구청,D15,N,17:38:46,17:39:16,,GW097,하행,2025-05-01T05:00:00,,평일
신분당선,4319,광교,D19,,20250619,신분당선,4304,신사,D4,N,신분당선,,4316,성복,D16,N,17:41:18,17:41:48,,GW097,하행,2025-05-01T05:00:00,,평일
신분당선,4319,광교,D19,,20250619,신분당선,4304,신사,D4,N,신분당선,,4317,상현,D17,N,17:44:19,17:44:44,,GW097,하행,2025-05-01T05:00:00,,평일
신분당선,4319,광교,D19,,20250619,신분당선,4304,신사,D4,N,신분당선,,4318,광교중앙,D18,N,17:47:30,17:47:55,,GW097,하행,2025-05-01T05:00:00,,평일
신분당선,4319,광교,D19,,20250619,신분당선,4304,신사,D4,N,신분당선,,4319,광교,D19,N,17:51:00,,,GW097,하행,2025-05-01T05:00:00,,평일
신분당선,4319,광교,D19,,20250619,신분당선,4304,신사,D4,N,신분당선,,4304,신사,D4,N,,17:16:33,,GW098,하행,2025-05-01T05:00:00,,평일
신분당선,4319,광교,D19,,20250619,신분당선,4304,신사,D4,N,신분당선,,4305,논현,D5,N,17:17:31,17:18:06,,GW098,하행,2025-05-01T05:00:00,,평일
신분당선,4319,광교,D19,,20250619,신분당선,4304,신사,D4,N,신분당선,,4306,신논현,D6,N,17:19:16,17:19:51,,GW098,하행,2025-05-01T05:00:00,,평일
신분당선,4319,광교,D19,,20250619,신분당선,4304,신사,D4,N,신분당선,,4307,강남,D7,N,17:20:59,17:21:39,,GW098,하행,2025-05-01T05:00:00,,평일
신분당선,4319,광교,D19,,20250619,신분당선,4304,신사,D4,N,신분당선,,4308,양재,D8,N,17:23:17,17:23:47,,GW098,하행,2025-05-01T05:00:00,,평일
신분당선,4319,광교,D19,,20250619,신분당선,4304,신사,D4,N,신분당선,,4309,양재시민의숲,D9,N,17:25:28,17:25:58,,GW098,하행,2025-05-01T05:00:00,,평일
신분당선,4319,광교,D19,,20250619,신분당선,4304,신사,D4,N,신분당선,,4310,청계산입구,D10,N,17:28:28,17:28:53,,GW098,하행,2025-05-01T05:00:00,,평일
신분당선,4319,광교,D19,,20250619,신분당선,4304,신사,D4,N,신분당선,,4311,판교,D11,N,17:34:56,17:35:36,,GW098,하행,2025-05-01T05:00:00,,평일
신분당선,4319,광교,D19,,20250619,신분당선,4304,신사,D4,N,신분당선,,4312,정자,D12,N,17:38:24,17:39:04,,GW098,하행,2025-05-01T05:00:00,,평일
신분당선,4319,광교,D19,,20250619,신분당선,4304,신사,D4,N,신분당선,,4313,미금,D13,N,17:41:14,17:41:44,,GW098,하행,2025-05-01T05:00:00,,평일
신분당선,4319,광교,D19,,20250619,신분당선,4304,신사,D4,N,신분당선,,4314,동천,D14,N,17:43:52,17:44:22,,GW098,하행,2025-05-01T05:00:00,,평일
신분당선,4319,광교,D19,,20250619,신분당선,4304,신사,D4,N,신분당선,,4315,수지구청,D15,N,17:46:46,17:47:16,,GW098,하행,2025-05-01T05:00:00,,평일
신분당선,4319,광교,D19,,20250619,신분당선,4304,신사,D4,N,신분당선,,4316,성복,D16,N,17:49:18,17:49:48,,GW098,하행,2025-05-01T05:00:00,,평일
신분당선,4319,광교,D19,,20250619,신분당선,4304,신사,D4,N,신분당선,,4317,상현,D17,N,17:52:19,17:52:44,,GW098,하행,2025-05-01T05:00:00,,평일
신분당선,4319,광교,D19,,20250619,신분당선,4304,신사,D4,N,신분당선,,4318,광교중앙,D18,N,17:55:30,17:55:55,,GW098,하행,2025-05-01T05:00:00,,평일
신분당선,4319,광교,D19,,20250619,신분당선,4304,신사,D4,N,신분당선,,4319,광교,D19,N,17:59:00,,,GW098,하행,2025-05-01T05:00:00,,평일
신분당선,4319,광교,D19,,20250619,신분당선,4304,신사,D4,N,신분당선,,4304,신사,D4,N,,17:24:33,,GW099,하행,2025-05-01T05:00:00,,평일
신분당선,4319,광교,D19,,20250619,신분당선,4304,신사,D4,N,신분당선,,4305,논현,D5,N,17:25:31,17:26:06,,GW099,하행,2025-05-01T05:00:00,,평일
신분당선,4319,광교,D19,,20250619,신분당선,4304,신사,D4,N,신분당선,,4306,신논현,D6,N,17:27:16,17:27:51,,GW099,하행,2025-05-01T05:00:00,,평일
신분당선,4319,광교,D19,,20250619,신분당선,4304,신사,D4,N,신분당선,,4307,강남,D7,N,17:28:59,17:29:39,,GW099,하행,2025-05-01T05:00:00,,평일
신분당선,4319,광교,D19,,20250619,신분당선,4304,신사,D4,N,신분당선,,4308,양재,D8,N,17:31:17,17:31:47,,GW099,하행,2025-05-01T05:00:00,,평일
신분당선,4319,광교,D19,,20250619,신분당선,4304,신사,D4,N,신분당선,,4309,양재시민의숲,D9,N,17:33:28,17:33:58,,GW099,하행,2025-05-01T05:00:00,,평일
신분당선,4319,광교,D19,,20250619,신분당선,4304,신사,D4,N,신분당선,,4310,청계산입구,D10,N,17:36:28,17:36:53,,GW099,하행,2025-05-01T05:00:00,,평일
신분당선,4319,광교,D19,,20250619,신분당선,4304,신사,D4,N,신분당선,,4311,판교,D11,N,17:42:56,17:43:36,,GW099,하행,2025-05-01T05:00:00,,평일
신분당선,4319,광교,D19,,20250619,신분당선,4304,신사,D4,N,신분당선,,4312,정자,D12,N,17:46:24,17:47:04,,GW099,하행,2025-05-01T05:00:00,,평일
신분당선,4319,광교,D19,,20250619,신분당선,4304,신사,D4,N,신분당선,,4313,미금,D13,N,17:49:14,17:49:44,,GW099,하행,2025-05-01T05:00:00,,평일
신분당선,4319,광교,D19,,20250619,신분당선,4304,신사,D4,N,신분당선,,4314,동천,D14,N,17:51:52,17:52:22,,GW099,하행,2025-05-01T05:00:00,,평일
신분당선,4319,광교,D19,,20250619,신분당선,4304,신사,D4,N,신분당선,,4315,수지구청,D15,N,17:54:46,17:55:16,,GW099,하행,2025-05-01T05:00:00,,평일
신분당선,4319,광교,D19,,20250619,신분당선,4304,신사,D4,N,신분당선,,4316,성복,D16,N,17:57:18,17:57:48,,GW099,하행,2025-05-01T05:00:00,,평일
신분당선,4319,광교,D19,,20250619,신분당선,4304,신사,D4,N,신분당선,,4317,상현,D17,N,18:00:19,18:00:44,,GW099,하행,2025-05-01T05:00:00,,평일
신분당선,4319,광교,D19,,20250619,신분당선,4304,신사,D4,N,신분당선,,4318,광교중앙,D18,N,18:03:30,18:03:55,,GW099,하행,2025-05-01T05:00:00,,평일
신분당선,4319,광교,D19,,20250619,신분당선,4304,신사,D4,N,신분당선,,4319,광교,D19,N,18:07:00,,,GW099,하행,2025-05-01T05:00:00,,평일
신분당선,4319,광교,D19,,20250619,신분당선,4304,신사,D4,N,신분당선,,4304,신사,D4,N,,17:31:33,,GW100,하행,2025-05-01T05:00:00,,평일
신분당선,4319,광교,D19,,20250619,신분당선,4304,신사,D4,N,신분당선,,4305,논현,D5,N,17:32:31,17:33:06,,GW100,하행,2025-05-01T05:00:00,,평일
신분당선,4319,광교,D19,,20250619,신분당선,4304,신사,D4,N,신분당선,,4306,신논현,D6,N,17:34:16,17:34:51,,GW100,하행,2025-05-01T05:00:00,,평일
신분당선,4319,광교,D19,,20250619,신분당선,4304,신사,D4,N,신분당선,,4307,강남,D7,N,17:35:59,17:36:39,,GW100,하행,2025-05-01T05:00:00,,평일
신분당선,4319,광교,D19,,20250619,신분당선,4304,신사,D4,N,신분당선,,4308,양재,D8,N,17:38:17,17:38:47,,GW100,하행,2025-05-01T05:00:00,,평일
신분당선,4319,광교,D19,,20250619,신분당선,4304,신사,D4,N,신분당선,,4309,양재시민의숲,D9,N,17:40:28,17:40:58,,GW100,하행,2025-05-01T05:00:00,,평일
신분당선,4319,광교,D19,,20250619,신분당선,4304,신사,D4,N,신분당선,,4310,청계산입구,D10,N,17:43:28,17:43:53,,GW100,하행,2025-05-01T05:00:00,,평일
신분당선,4319,광교,D19,,20250619,신분당선,4304,신사,D4,N,신분당선,,4311,판교,D11,N,17:49:56,17:50:36,,GW100,하행,2025-05-01T05:00:00,,평일
신분당선,4319,광교,D19,,20250619,신분당선,4304,신사,D4,N,신분당선,,4312,정자,D12,N,17:53:24,17:54:04,,GW100,하행,2025-05-01T05:00:00,,평일
신분당선,4319,광교,D19,,20250619,신분당선,4304,신사,D4,N,신분당선,,4313,미금,D13,N,17:56:14,17:56:44,,GW100,하행,2025-05-01T05:00:00,,평일
신분당선,4319,광교,D19,,20250619,신분당선,4304,신사,D4,N,신분당선,,4314,동천,D14,N,17:58:52,17:59:22,,GW100,하행,2025-05-01T05:00:00,,평일
신분당선,4319,광교,D19,,20250619,신분당선,4304,신사,D4,N,신분당선,,4315,수지구청,D15,N,18:01:46,18:02:16,,GW100,하행,2025-05-01T05:00:00,,평일
신분당선,4319,광교,D19,,20250619,신분당선,4304,신사,D4,N,신분당선,,4316,성복,D16,N,18:04:18,18:04:48,,GW100,하행,2025-05-01T05:00:00,,평일
신분당선,4319,광교,D19,,20250619,신분당선,4304,신사,D4,N,신분당선,,4317,상현,D17,N,18:07:19,18:07:44,,GW100,하행,2025-05-01T05:00:00,,평일
신분당선,4319,광교,D19,,20250619,신분당선,4304,신사,D4,N,신분당선,,4318,광교중앙,D18,N,18:10:30,18:10:55,,GW100,하행,2025-05-01T05:00:00,,평일
신분당선,4319,광교,D19,,20250619,신분당선,4304,신사,D4,N,신분당선,,4319,광교,D19,N,18:14:00,,,GW100,하행,2025-05-01T05:00:00,,평일
신분당선,4319,광교,D19,,20250619,신분당선,4304,신사,D4,N,신분당선,,4304,신사,D4,N,,17:37:33,,GW101,하행,2025-05-01T05:00:00,,평일
신분당선,4319,광교,D19,,20250619,신분당선,4304,신사,D4,N,신분당선,,4305,논현,D5,N,17:38:31,17:39:06,,GW101,하행,2025-05-01T05:00:00,,평일
신분당선,4319,광교,D19,,20250619,신분당선,4304,신사,D4,N,신분당선,,4306,신논현,D6,N,17:40:16,17:40:51,,GW101,하행,2025-05-01T05:00:00,,평일
신분당선,4319,광교,D19,,20250619,신분당선,4304,신사,D4,N,신분당선,,4307,강남,D7,N,17:41:59,17:42:39,,GW101,하행,2025-05-01T05:00:00,,평일
신분당선,4319,광교,D19,,20250619,신분당선,4304,신사,D4,N,신분당선,,4308,양재,D8,N,17:44:17,17:44:47,,GW101,하행,2025-05-01T05:00:00,,평일
신분당선,4319,광교,D19,,20250619,신분당선,4304,신사,D4,N,신분당선,,4309,양재시민의숲,D9,N,17:46:28,17:46:58,,GW101,하행,2025-05-01T05:00:00,,평일
신분당선,4319,광교,D19,,20250619,신분당선,4304,신사,D4,N,신분당선,,4310,청계산입구,D10,N,17:49:28,17:49:53,,GW101,하행,2025-05-01T05:00:00,,평일
신분당선,4319,광교,D19,,20250619,신분당선,4304,신사,D4,N,신분당선,,4311,판교,D11,N,17:55:56,17:56:36,,GW101,하행,2025-05-01T05:00:00,,평일
신분당선,4319,광교,D19,,20250619,신분당선,4304,신사,D4,N,신분당선,,4312,정자,D12,N,17:59:24,18:00:04,,GW101,하행,2025-05-01T05:00:00,,평일
신분당선,4319,광교,D19,,20250619,신분당선,4304,신사,D4,N,신분당선,,4313,미금,D13,N,18:02:14,18:02:44,,GW101,하행,2025-05-01T05:00:00,,평일
신분당선,4319,광교,D19,,20250619,신분당선,4304,신사,D4,N,신분당선,,4314,동천,D14,N,18:04:52,18:05:22,,GW101,하행,2025-05-01T05:00:00,,평일
신분당선,4319,광교,D19,,20250619,신분당선,4304,신사,D4,N,신분당선,,4315,수지구청,D15,N,18:07:46,18:08:16,,GW101,하행,2025-05-01T05:00:00,,평일
신분당선,4319,광교,D19,,20250619,신분당선,4304,신사,D4,N,신분당선,,4316,성복,D16,N,18:10:18,18:10:48,,GW101,하행,2025-05-01T05:00:00,,평일
신분당선,4319,광교,D19,,20250619,신분당선,4304,신사,D4,N,신분당선,,4317,상현,D17,N,18:13:19,18:13:44,,GW101,하행,2025-05-01T05:00:00,,평일
신분당선,4319,광교,D19,,20250619,신분당선,4304,신사,D4,N,신분당선,,4318,광교중앙,D18,N,18:16:30,18:16:55,,GW101,하행,2025-05-01T05:00:00,,평일
신분당선,4319,광교,D19,,20250619,신분당선,4304,신사,D4,N,신분당선,,4319,광교,D19,N,18:20:00,,,GW101,하행,2025-05-01T05:00:00,,평일
신분당선,4319,광교,D19,,20250619,신분당선,4304,신사,D4,N,신분당선,,4304,신사,D4,N,,17:43:33,,GW102,하행,2025-05-01T05:00:00,,평일
신분당선,4319,광교,D19,,20250619,신분당선,4304,신사,D4,N,신분당선,,4305,논현,D5,N,17:44:31,17:45:06,,GW102,하행,2025-05-01T05:00:00,,평일
신분당선,4319,광교,D19,,20250619,신분당선,4304,신사,D4,N,신분당선,,4306,신논현,D6,N,17:46:16,17:46:51,,GW102,하행,2025-05-01T05:00:00,,평일
신분당선,4319,광교,D19,,20250619,신분당선,4304,신사,D4,N,신분당선,,4307,강남,D7,N,17:47:59,17:48:39,,GW102,하행,2025-05-01T05:00:00,,평일
신분당선,4319,광교,D19,,20250619,신분당선,4304,신사,D4,N,신분당선,,4308,양재,D8,N,17:50:17,17:50:47,,GW102,하행,2025-05-01T05:00:00,,평일
신분당선,4319,광교,D19,,20250619,신분당선,4304,신사,D4,N,신분당선,,4309,양재시민의숲,D9,N,17:52:28,17:52:58,,GW102,하행,2025-05-01T05:00:00,,평일
신분당선,4319,광교,D19,,20250619,신분당선,4304,신사,D4,N,신분당선,,4310,청계산입구,D10,N,17:55:28,17:55:53,,GW102,하행,2025-05-01T05:00:00,,평일
신분당선,4319,광교,D19,,20250619,신분당선,4304,신사,D4,N,신분당선,,4311,판교,D11,N,18:01:56,18:02:36,,GW102,하행,2025-05-01T05:00:00,,평일
신분당선,4319,광교,D19,,20250619,신분당선,4304,신사,D4,N,신분당선,,4312,정자,D12,N,18:05:24,18:06:04,,GW102,하행,2025-05-01T05:00:00,,평일
신분당선,4319,광교,D19,,20250619,신분당선,4304,신사,D4,N,신분당선,,4313,미금,D13,N,18:08:14,18:08:44,,GW102,하행,2025-05-01T05:00:00,,평일
신분당선,4319,광교,D19,,20250619,신분당선,4304,신사,D4,N,신분당선,,4314,동천,D14,N,18:10:52,18:11:22,,GW102,하행,2025-05-01T05:00:00,,평일
신분당선,4319,광교,D19,,20250619,신분당선,4304,신사,D4,N,신분당선,,4315,수지구청,D15,N,18:13:46,18:14:16,,GW102,하행,2025-05-01T05:00:00,,평일
신분당선,4319,광교,D19,,20250619,신분당선,4304,신사,D4,N,신분당선,,4316,성복,D16,N,18:16:18,18:16:48,,GW102,하행,2025-05-01T05:00:00,,평일
신분당선,4319,광교,D19,,20250619,신분당선,4304,신사,D4,N,신분당선,,4317,상현,D17,N,18:19:19,18:19:44,,GW102,하행,2025-05-01T05:00:00,,평일
신분당선,4319,광교,D19,,20250619,신분당선,4304,신사,D4,N,신분당선,,4318,광교중앙,D18,N,18:22:30,18:22:55,,GW102,하행,2025-05-01T05:00:00,,평일
신분당선,4319,광교,D19,,20250619,신분당선,4304,신사,D4,N,신분당선,,4319,광교,D19,N,18:26:00,,,GW102,하행,2025-05-01T05:00:00,,평일
신분당선,4319,광교,D19,,20250619,신분당선,4304,신사,D4,N,신분당선,,4304,신사,D4,N,,17:48:33,,GW103,하행,2025-05-01T05:00:00,,평일
신분당선,4319,광교,D19,,20250619,신분당선,4304,신사,D4,N,신분당선,,4305,논현,D5,N,17:49:31,17:50:06,,GW103,하행,2025-05-01T05:00:00,,평일
신분당선,4319,광교,D19,,20250619,신분당선,4304,신사,D4,N,신분당선,,4306,신논현,D6,N,17:51:16,17:51:51,,GW103,하행,2025-05-01T05:00:00,,평일
신분당선,4319,광교,D19,,20250619,신분당선,4304,신사,D4,N,신분당선,,4307,강남,D7,N,17:52:59,17:53:39,,GW103,하행,2025-05-01T05:00:00,,평일
신분당선,4319,광교,D19,,20250619,신분당선,4304,신사,D4,N,신분당선,,4308,양재,D8,N,17:55:17,17:55:47,,GW103,하행,2025-05-01T05:00:00,,평일
신분당선,4319,광교,D19,,20250619,신분당선,4304,신사,D4,N,신분당선,,4309,양재시민의숲,D9,N,17:57:28,17:57:58,,GW103,하행,2025-05-01T05:00:00,,평일
신분당선,4319,광교,D19,,20250619,신분당선,4304,신사,D4,N,신분당선,,4310,청계산입구,D10,N,18:00:28,18:00:53,,GW103,하행,2025-05-01T05:00:00,,평일
신분당선,4319,광교,D19,,20250619,신분당선,4304,신사,D4,N,신분당선,,4311,판교,D11,N,18:06:56,18:07:36,,GW103,하행,2025-05-01T05:00:00,,평일
신분당선,4319,광교,D19,,20250619,신분당선,4304,신사,D4,N,신분당선,,4312,정자,D12,N,18:10:24,18:11:04,,GW103,하행,2025-05-01T05:00:00,,평일
신분당선,4319,광교,D19,,20250619,신분당선,4304,신사,D4,N,신분당선,,4313,미금,D13,N,18:13:14,18:13:44,,GW103,하행,2025-05-01T05:00:00,,평일
신분당선,4319,광교,D19,,20250619,신분당선,4304,신사,D4,N,신분당선,,4314,동천,D14,N,18:15:52,18:16:22,,GW103,하행,2025-05-01T05:00:00,,평일
신분당선,4319,광교,D19,,20250619,신분당선,4304,신사,D4,N,신분당선,,4315,수지구청,D15,N,18:18:46,18:19:16,,GW103,하행,2025-05-01T05:00:00,,평일
신분당선,4319,광교,D19,,20250619,신분당선,4304,신사,D4,N,신분당선,,4316,성복,D16,N,18:21:18,18:21:48,,GW103,하행,2025-05-01T05:00:00,,평일
신분당선,4319,광교,D19,,20250619,신분당선,4304,신사,D4,N,신분당선,,4317,상현,D17,N,18:24:19,18:24:44,,GW103,하행,2025-05-01T05:00:00,,평일
신분당선,4319,광교,D19,,20250619,신분당선,4304,신사,D4,N,신분당선,,4318,광교중앙,D18,N,18:27:30,18:27:55,,GW103,하행,2025-05-01T05:00:00,,평일
신분당선,4319,광교,D19,,20250619,신분당선,4304,신사,D4,N,신분당선,,4319,광교,D19,N,18:31:00,,,GW103,하행,2025-05-01T05:00:00,,평일
신분당선,4319,광교,D19,,20250619,신분당선,4304,신사,D4,N,신분당선,,4304,신사,D4,N,,17:53:33,,GW104,하행,2025-05-01T05:00:00,,평일
신분당선,4319,광교,D19,,20250619,신분당선,4304,신사,D4,N,신분당선,,4305,논현,D5,N,17:54:31,17:55:06,,GW104,하행,2025-05-01T05:00:00,,평일
신분당선,4319,광교,D19,,20250619,신분당선,4304,신사,D4,N,신분당선,,4306,신논현,D6,N,17:56:16,17:56:51,,GW104,하행,2025-05-01T05:00:00,,평일
신분당선,4319,광교,D19,,20250619,신분당선,4304,신사,D4,N,신분당선,,4307,강남,D7,N,17:57:59,17:58:39,,GW104,하행,2025-05-01T05:00:00,,평일
신분당선,4319,광교,D19,,20250619,신분당선,4304,신사,D4,N,신분당선,,4308,양재,D8,N,18:00:17,18:00:47,,GW104,하행,2025-05-01T05:00:00,,평일
신분당선,4319,광교,D19,,20250619,신분당선,4304,신사,D4,N,신분당선,,4309,양재시민의숲,D9,N,18:02:28,18:02:58,,GW104,하행,2025-05-01T05:00:00,,평일
신분당선,4319,광교,D19,,20250619,신분당선,4304,신사,D4,N,신분당선,,4310,청계산입구,D10,N,18:05:28,18:05:53,,GW104,하행,2025-05-01T05:00:00,,평일
신분당선,4319,광교,D19,,20250619,신분당선,4304,신사,D4,N,신분당선,,4311,판교,D11,N,18:11:56,18:12:36,,GW104,하행,2025-05-01T05:00:00,,평일
신분당선,4319,광교,D19,,20250619,신분당선,4304,신사,D4,N,신분당선,,4312,정자,D12,N,18:15:24,18:16:04,,GW104,하행,2025-05-01T05:00:00,,평일
신분당선,4319,광교,D19,,20250619,신분당선,4304,신사,D4,N,신분당선,,4313,미금,D13,N,18:18:14,18:18:44,,GW104,하행,2025-05-01T05:00:00,,평일
신분당선,4319,광교,D19,,20250619,신분당선,4304,신사,D4,N,신분당선,,4314,동천,D14,N,18:20:52,18:21:22,,GW104,하행,2025-05-01T05:00:00,,평일
신분당선,4319,광교,D19,,20250619,신분당선,4304,신사,D4,N,신분당선,,4315,수지구청,D15,N,18:23:46,18:24:16,,GW104,하행,2025-05-01T05:00:00,,평일
신분당선,4319,광교,D19,,20250619,신분당선,4304,신사,D4,N,신분당선,,4316,성복,D16,N,18:26:18,18:26:48,,GW104,하행,2025-05-01T05:00:00,,평일
신분당선,4319,광교,D19,,20250619,신분당선,4304,신사,D4,N,신분당선,,4317,상현,D17,N,18:29:19,18:29:44,,GW104,하행,2025-05-01T05:00:00,,평일
신분당선,4319,광교,D19,,20250619,신분당선,4304,신사,D4,N,신분당선,,4318,광교중앙,D18,N,18:32:30,18:32:55,,GW104,하행,2025-05-01T05:00:00,,평일
신분당선,4319,광교,D19,,20250619,신분당선,4304,신사,D4,N,신분당선,,4319,광교,D19,N,18:36:00,,,GW104,하행,2025-05-01T05:00:00,,평일
신분당선,4319,광교,D19,,20250619,신분당선,4304,신사,D4,N,신분당선,,4304,신사,D4,N,,17:58:33,,GW105,하행,2025-05-01T05:00:00,,평일
신분당선,4319,광교,D19,,20250619,신분당선,4304,신사,D4,N,신분당선,,4305,논현,D5,N,17:59:31,18:00:06,,GW105,하행,2025-05-01T05:00:00,,평일
신분당선,4319,광교,D19,,20250619,신분당선,4304,신사,D4,N,신분당선,,4306,신논현,D6,N,18:01:16,18:01:51,,GW105,하행,2025-05-01T05:00:00,,평일
신분당선,4319,광교,D19,,20250619,신분당선,4304,신사,D4,N,신분당선,,4307,강남,D7,N,18:02:59,18:03:39,,GW105,하행,2025-05-01T05:00:00,,평일
신분당선,4319,광교,D19,,20250619,신분당선,4304,신사,D4,N,신분당선,,4308,양재,D8,N,18:05:17,18:05:47,,GW105,하행,2025-05-01T05:00:00,,평일
신분당선,4319,광교,D19,,20250619,신분당선,4304,신사,D4,N,신분당선,,4309,양재시민의숲,D9,N,18:07:28,18:07:58,,GW105,하행,2025-05-01T05:00:00,,평일
신분당선,4319,광교,D19,,20250619,신분당선,4304,신사,D4,N,신분당선,,4310,청계산입구,D10,N,18:10:28,18:10:53,,GW105,하행,2025-05-01T05:00:00,,평일
신분당선,4319,광교,D19,,20250619,신분당선,4304,신사,D4,N,신분당선,,4311,판교,D11,N,18:16:56,18:17:36,,GW105,하행,2025-05-01T05:00:00,,평일
신분당선,4319,광교,D19,,20250619,신분당선,4304,신사,D4,N,신분당선,,4312,정자,D12,N,18:20:24,18:21:04,,GW105,하행,2025-05-01T05:00:00,,평일
신분당선,4319,광교,D19,,20250619,신분당선,4304,신사,D4,N,신분당선,,4313,미금,D13,N,18:23:14,18:23:44,,GW105,하행,2025-05-01T05:00:00,,평일
신분당선,4319,광교,D19,,20250619,신분당선,4304,신사,D4,N,신분당선,,4314,동천,D14,N,18:25:52,18:26:22,,GW105,하행,2025-05-01T05:00:00,,평일
신분당선,4319,광교,D19,,20250619,신분당선,4304,신사,D4,N,신분당선,,4315,수지구청,D15,N,18:28:46,18:29:16,,GW105,하행,2025-05-01T05:00:00,,평일
신분당선,4319,광교,D19,,20250619,신분당선,4304,신사,D4,N,신분당선,,4316,성복,D16,N,18:31:18,18:31:48,,GW105,하행,2025-05-01T05:00:00,,평일
신분당선,4319,광교,D19,,20250619,신분당선,4304,신사,D4,N,신분당선,,4317,상현,D17,N,18:34:19,18:34:44,,GW105,하행,2025-05-01T05:00:00,,평일
신분당선,4319,광교,D19,,20250619,신분당선,4304,신사,D4,N,신분당선,,4318,광교중앙,D18,N,18:37:30,18:37:55,,GW105,하행,2025-05-01T05:00:00,,평일
신분당선,4319,광교,D19,,20250619,신분당선,4304,신사,D4,N,신분당선,,4319,광교,D19,N,18:41:00,,,GW105,하행,2025-05-01T05:00:00,,평일
신분당선,4319,광교,D19,,20250619,신분당선,4304,신사,D4,N,신분당선,,4304,신사,D4,N,,18:03:33,,GW106,하행,2025-05-01T05:00:00,,평일
신분당선,4319,광교,D19,,20250619,신분당선,4304,신사,D4,N,신분당선,,4305,논현,D5,N,18:04:31,18:05:06,,GW106,하행,2025-05-01T05:00:00,,평일
신분당선,4319,광교,D19,,20250619,신분당선,4304,신사,D4,N,신분당선,,4306,신논현,D6,N,18:06:16,18:06:51,,GW106,하행,2025-05-01T05:00:00,,평일
신분당선,4319,광교,D19,,20250619,신분당선,4304,신사,D4,N,신분당선,,4307,강남,D7,N,18:07:59,18:08:39,,GW106,하행,2025-05-01T05:00:00,,평일
신분당선,4319,광교,D19,,20250619,신분당선,4304,신사,D4,N,신분당선,,4308,양재,D8,N,18:10:17,18:10:47,,GW106,하행,2025-05-01T05:00:00,,평일
신분당선,4319,광교,D19,,20250619,신분당선,4304,신사,D4,N,신분당선,,4309,양재시민의숲,D9,N,18:12:28,18:12:58,,GW106,하행,2025-05-01T05:00:00,,평일
신분당선,4319,광교,D19,,20250619,신분당선,4304,신사,D4,N,신분당선,,4310,청계산입구,D10,N,18:15:28,18:15:53,,GW106,하행,2025-05-01T05:00:00,,평일
신분당선,4319,광교,D19,,20250619,신분당선,4304,신사,D4,N,신분당선,,4311,판교,D11,N,18:21:56,18:22:36,,GW106,하행,2025-05-01T05:00:00,,평일
신분당선,4319,광교,D19,,20250619,신분당선,4304,신사,D4,N,신분당선,,4312,정자,D12,N,18:25:24,18:26:04,,GW106,하행,2025-05-01T05:00:00,,평일
신분당선,4319,광교,D19,,20250619,신분당선,4304,신사,D4,N,신분당선,,4313,미금,D13,N,18:28:14,18:28:44,,GW106,하행,2025-05-01T05:00:00,,평일
신분당선,4319,광교,D19,,20250619,신분당선,4304,신사,D4,N,신분당선,,4314,동천,D14,N,18:30:52,18:31:22,,GW106,하행,2025-05-01T05:00:00,,평일
신분당선,4319,광교,D19,,20250619,신분당선,4304,신사,D4,N,신분당선,,4315,수지구청,D15,N,18:33:46,18:34:16,,GW106,하행,2025-05-01T05:00:00,,평일
신분당선,4319,광교,D19,,20250619,신분당선,4304,신사,D4,N,신분당선,,4316,성복,D16,N,18:36:18,18:36:48,,GW106,하행,2025-05-01T05:00:00,,평일
신분당선,4319,광교,D19,,20250619,신분당선,4304,신사,D4,N,신분당선,,4317,상현,D17,N,18:39:19,18:39:44,,GW106,하행,2025-05-01T05:00:00,,평일
신분당선,4319,광교,D19,,20250619,신분당선,4304,신사,D4,N,신분당선,,4318,광교중앙,D18,N,18:42:30,18:42:55,,GW106,하행,2025-05-01T05:00:00,,평일
신분당선,4319,광교,D19,,20250619,신분당선,4304,신사,D4,N,신분당선,,4319,광교,D19,N,18:46:00,,,GW106,하행,2025-05-01T05:00:00,,평일
신분당선,4319,광교,D19,,20250619,신분당선,4304,신사,D4,N,신분당선,,4304,신사,D4,N,,18:08:33,,GW107,하행,2025-05-01T05:00:00,,평일
신분당선,4319,광교,D19,,20250619,신분당선,4304,신사,D4,N,신분당선,,4305,논현,D5,N,18:09:31,18:10:06,,GW107,하행,2025-05-01T05:00:00,,평일
신분당선,4319,광교,D19,,20250619,신분당선,4304,신사,D4,N,신분당선,,4306,신논현,D6,N,18:11:16,18:11:51,,GW107,하행,2025-05-01T05:00:00,,평일
신분당선,4319,광교,D19,,20250619,신분당선,4304,신사,D4,N,신분당선,,4307,강남,D7,N,18:12:59,18:13:39,,GW107,하행,2025-05-01T05:00:00,,평일
신분당선,4319,광교,D19,,20250619,신분당선,4304,신사,D4,N,신분당선,,4308,양재,D8,N,18:15:17,18:15:47,,GW107,하행,2025-05-01T05:00:00,,평일
신분당선,4319,광교,D19,,20250619,신분당선,4304,신사,D4,N,신분당선,,4309,양재시민의숲,D9,N,18:17:28,18:17:58,,GW107,하행,2025-05-01T05:00:00,,평일
신분당선,4319,광교,D19,,20250619,신분당선,4304,신사,D4,N,신분당선,,4310,청계산입구,D10,N,18:20:28,18:20:53,,GW107,하행,2025-05-01T05:00:00,,평일
신분당선,4319,광교,D19,,20250619,신분당선,4304,신사,D4,N,신분당선,,4311,판교,D11,N,18:26:56,18:27:36,,GW107,하행,2025-05-01T05:00:00,,평일
신분당선,4319,광교,D19,,20250619,신분당선,4304,신사,D4,N,신분당선,,4312,정자,D12,N,18:30:24,18:31:04,,GW107,하행,2025-05-01T05:00:00,,평일
신분당선,4319,광교,D19,,20250619,신분당선,4304,신사,D4,N,신분당선,,4313,미금,D13,N,18:33:14,18:33:44,,GW107,하행,2025-05-01T05:00:00,,평일
신분당선,4319,광교,D19,,20250619,신분당선,4304,신사,D4,N,신분당선,,4314,동천,D14,N,18:35:52,18:36:22,,GW107,하행,2025-05-01T05:00:00,,평일
신분당선,4319,광교,D19,,20250619,신분당선,4304,신사,D4,N,신분당선,,4315,수지구청,D15,N,18:38:46,18:39:16,,GW107,하행,2025-05-01T05:00:00,,평일
신분당선,4319,광교,D19,,20250619,신분당선,4304,신사,D4,N,신분당선,,4316,성복,D16,N,18:41:18,18:41:48,,GW107,하행,2025-05-01T05:00:00,,평일
신분당선,4319,광교,D19,,20250619,신분당선,4304,신사,D4,N,신분당선,,4317,상현,D17,N,18:44:19,18:44:44,,GW107,하행,2025-05-01T05:00:00,,평일
신분당선,4319,광교,D19,,20250619,신분당선,4304,신사,D4,N,신분당선,,4318,광교중앙,D18,N,18:47:30,18:47:55,,GW107,하행,2025-05-01T05:00:00,,평일
신분당선,4319,광교,D19,,20250619,신분당선,4304,신사,D4,N,신분당선,,4319,광교,D19,N,18:51:00,,,GW107,하행,2025-05-01T05:00:00,,평일
신분당선,4319,광교,D19,,20250619,신분당선,4304,신사,D4,N,신분당선,,4304,신사,D4,N,,18:13:33,,GW108,하행,2025-05-01T05:00:00,,평일
신분당선,4319,광교,D19,,20250619,신분당선,4304,신사,D4,N,신분당선,,4305,논현,D5,N,18:14:31,18:15:06,,GW108,하행,2025-05-01T05:00:00,,평일
신분당선,4319,광교,D19,,20250619,신분당선,4304,신사,D4,N,신분당선,,4306,신논현,D6,N,18:16:16,18:16:51,,GW108,하행,2025-05-01T05:00:00,,평일
신분당선,4319,광교,D19,,20250619,신분당선,4304,신사,D4,N,신분당선,,4307,강남,D7,N,18:17:59,18:18:39,,GW108,하행,2025-05-01T05:00:00,,평일
신분당선,4319,광교,D19,,20250619,신분당선,4304,신사,D4,N,신분당선,,4308,양재,D8,N,18:20:17,18:20:47,,GW108,하행,2025-05-01T05:00:00,,평일
신분당선,4319,광교,D19,,20250619,신분당선,4304,신사,D4,N,신분당선,,4309,양재시민의숲,D9,N,18:22:28,18:22:58,,GW108,하행,2025-05-01T05:00:00,,평일
신분당선,4319,광교,D19,,20250619,신분당선,4304,신사,D4,N,신분당선,,4310,청계산입구,D10,N,18:25:28,18:25:53,,GW108,하행,2025-05-01T05:00:00,,평일
신분당선,4319,광교,D19,,20250619,신분당선,4304,신사,D4,N,신분당선,,4311,판교,D11,N,18:31:56,18:32:36,,GW108,하행,2025-05-01T05:00:00,,평일
신분당선,4319,광교,D19,,20250619,신분당선,4304,신사,D4,N,신분당선,,4312,정자,D12,N,18:35:24,18:36:04,,GW108,하행,2025-05-01T05:00:00,,평일
신분당선,4319,광교,D19,,20250619,신분당선,4304,신사,D4,N,신분당선,,4313,미금,D13,N,18:38:14,18:38:44,,GW108,하행,2025-05-01T05:00:00,,평일
신분당선,4319,광교,D19,,20250619,신분당선,4304,신사,D4,N,신분당선,,4314,동천,D14,N,18:40:52,18:41:22,,GW108,하행,2025-05-01T05:00:00,,평일
신분당선,4319,광교,D19,,20250619,신분당선,4304,신사,D4,N,신분당선,,4315,수지구청,D15,N,18:43:46,18:44:16,,GW108,하행,2025-05-01T05:00:00,,평일
신분당선,4319,광교,D19,,20250619,신분당선,4304,신사,D4,N,신분당선,,4316,성복,D16,N,18:46:18,18:46:48,,GW108,하행,2025-05-01T05:00:00,,평일
신분당선,4319,광교,D19,,20250619,신분당선,4304,신사,D4,N,신분당선,,4317,상현,D17,N,18:49:19,18:49:44,,GW108,하행,2025-05-01T05:00:00,,평일
신분당선,4319,광교,D19,,20250619,신분당선,4304,신사,D4,N,신분당선,,4318,광교중앙,D18,N,18:52:30,18:52:55,,GW108,하행,2025-05-01T05:00:00,,평일
신분당선,4319,광교,D19,,20250619,신분당선,4304,신사,D4,N,신분당선,,4319,광교,D19,N,18:56:00,,,GW108,하행,2025-05-01T05:00:00,,평일
신분당선,4319,광교,D19,,20250619,신분당선,4304,신사,D4,N,신분당선,,4304,신사,D4,N,,18:18:20,,GW109,하행,2025-05-01T05:00:00,,평일
신분당선,4319,광교,D19,,20250619,신분당선,4304,신사,D4,N,신분당선,,4305,논현,D5,N,18:19:18,18:19:53,,GW109,하행,2025-05-01T05:00:00,,평일
신분당선,4319,광교,D19,,20250619,신분당선,4304,신사,D4,N,신분당선,,4306,신논현,D6,N,18:21:03,18:21:38,,GW109,하행,2025-05-01T05:00:00,,평일
신분당선,4319,광교,D19,,20250619,신분당선,4304,신사,D4,N,신분당선,,4307,강남,D7,N,18:22:46,18:23:26,,GW109,하행,2025-05-01T05:00:00,,평일
신분당선,4319,광교,D19,,20250619,신분당선,4304,신사,D4,N,신분당선,,4308,양재,D8,N,18:25:04,18:25:34,,GW109,하행,2025-05-01T05:00:00,,평일
신분당선,4319,광교,D19,,20250619,신분당선,4304,신사,D4,N,신분당선,,4309,양재시민의숲,D9,N,18:27:15,18:27:45,,GW109,하행,2025-05-01T05:00:00,,평일
신분당선,4319,광교,D19,,20250619,신분당선,4304,신사,D4,N,신분당선,,4310,청계산입구,D10,N,18:30:15,18:30:40,,GW109,하행,2025-05-01T05:00:00,,평일
신분당선,4319,광교,D19,,20250619,신분당선,4304,신사,D4,N,신분당선,,4311,판교,D11,N,18:36:43,18:37:23,,GW109,하행,2025-05-01T05:00:00,,평일
신분당선,4319,광교,D19,,20250619,신분당선,4304,신사,D4,N,신분당선,,4312,정자,D12,N,18:40:11,18:40:51,,GW109,하행,2025-05-01T05:00:00,,평일
신분당선,4319,광교,D19,,20250619,신분당선,4304,신사,D4,N,신분당선,,4313,미금,D13,N,18:43:01,18:43:31,,GW109,하행,2025-05-01T05:00:00,,평일
신분당선,4319,광교,D19,,20250619,신분당선,4304,신사,D4,N,신분당선,,4314,동천,D14,N,18:45:39,18:46:09,,GW109,하행,2025-05-01T05:00:00,,평일
신분당선,4319,광교,D19,,20250619,신분당선,4304,신사,D4,N,신분당선,,4315,수지구청,D15,N,18:48:33,18:49:03,,GW109,하행,2025-05-01T05:00:00,,평일
신분당선,4319,광교,D19,,20250619,신분당선,4304,신사,D4,N,신분당선,,4316,성복,D16,N,18:51:05,18:51:35,,GW109,하행,2025-05-01T05:00:00,,평일
신분당선,4319,광교,D19,,20250619,신분당선,4304,신사,D4,N,신분당선,,4317,상현,D17,N,18:54:06,18:54:31,,GW109,하행,2025-05-01T05:00:00,,평일
신분당선,4319,광교,D19,,20250619,신분당선,4304,신사,D4,N,신분당선,,4318,광교중앙,D18,N,18:57:17,18:57:42,,GW109,하행,2025-05-01T05:00:00,,평일
신분당선,4319,광교,D19,,20250619,신분당선,4304,신사,D4,N,신분당선,,4319,광교,D19,N,19:00:47,,,GW109,하행,2025-05-01T05:00:00,,평일
신분당선,4319,광교,D19,,20250619,신분당선,4304,신사,D4,N,신분당선,,4304,신사,D4,N,,18:23:20,,GW110,하행,2025-05-01T05:00:00,,평일
신분당선,4319,광교,D19,,20250619,신분당선,4304,신사,D4,N,신분당선,,4305,논현,D5,N,18:24:18,18:24:53,,GW110,하행,2025-05-01T05:00:00,,평일
신분당선,4319,광교,D19,,20250619,신분당선,4304,신사,D4,N,신분당선,,4306,신논현,D6,N,18:26:03,18:26:38,,GW110,하행,2025-05-01T05:00:00,,평일
신분당선,4319,광교,D19,,20250619,신분당선,4304,신사,D4,N,신분당선,,4307,강남,D7,N,18:27:46,18:28:26,,GW110,하행,2025-05-01T05:00:00,,평일
신분당선,4319,광교,D19,,20250619,신분당선,4304,신사,D4,N,신분당선,,4308,양재,D8,N,18:30:04,18:30:34,,GW110,하행,2025-05-01T05:00:00,,평일
신분당선,4319,광교,D19,,20250619,신분당선,4304,신사,D4,N,신분당선,,4309,양재시민의숲,D9,N,18:32:15,18:32:45,,GW110,하행,2025-05-01T05:00:00,,평일
신분당선,4319,광교,D19,,20250619,신분당선,4304,신사,D4,N,신분당선,,4310,청계산입구,D10,N,18:35:15,18:35:40,,GW110,하행,2025-05-01T05:00:00,,평일
신분당선,4319,광교,D19,,20250619,신분당선,4304,신사,D4,N,신분당선,,4311,판교,D11,N,18:41:43,18:42:23,,GW110,하행,2025-05-01T05:00:00,,평일
신분당선,4319,광교,D19,,20250619,신분당선,4304,신사,D4,N,신분당선,,4312,정자,D12,N,18:45:11,18:45:51,,GW110,하행,2025-05-01T05:00:00,,평일
신분당선,4319,광교,D19,,20250619,신분당선,4304,신사,D4,N,신분당선,,4313,미금,D13,N,18:48:01,18:48:31,,GW110,하행,2025-05-01T05:00:00,,평일
신분당선,4319,광교,D19,,20250619,신분당선,4304,신사,D4,N,신분당선,,4314,동천,D14,N,18:50:39,18:51:09,,GW110,하행,2025-05-01T05:00:00,,평일
신분당선,4319,광교,D19,,20250619,신분당선,4304,신사,D4,N,신분당선,,4315,수지구청,D15,N,18:53:33,18:54:03,,GW110,하행,2025-05-01T05:00:00,,평일
신분당선,4319,광교,D19,,20250619,신분당선,4304,신사,D4,N,신분당선,,4316,성복,D16,N,18:56:05,18:56:35,,GW110,하행,2025-05-01T05:00:00,,평일
신분당선,4319,광교,D19,,20250619,신분당선,4304,신사,D4,N,신분당선,,4317,상현,D17,N,18:59:06,18:59:31,,GW110,하행,2025-05-01T05:00:00,,평일
신분당선,4319,광교,D19,,20250619,신분당선,4304,신사,D4,N,신분당선,,4318,광교중앙,D18,N,19:02:17,19:02:42,,GW110,하행,2025-05-01T05:00:00,,평일
신분당선,4319,광교,D19,,20250619,신분당선,4304,신사,D4,N,신분당선,,4319,광교,D19,N,19:05:47,,,GW110,하행,2025-05-01T05:00:00,,평일
신분당선,4319,광교,D19,,20250619,신분당선,4304,신사,D4,N,신분당선,,4304,신사,D4,N,,18:28:20,,GW111,하행,2025-05-01T05:00:00,,평일
신분당선,4319,광교,D19,,20250619,신분당선,4304,신사,D4,N,신분당선,,4305,논현,D5,N,18:29:18,18:29:53,,GW111,하행,2025-05-01T05:00:00,,평일
신분당선,4319,광교,D19,,20250619,신분당선,4304,신사,D4,N,신분당선,,4306,신논현,D6,N,18:31:03,18:31:38,,GW111,하행,2025-05-01T05:00:00,,평일
신분당선,4319,광교,D19,,20250619,신분당선,4304,신사,D4,N,신분당선,,4307,강남,D7,N,18:32:46,18:33:26,,GW111,하행,2025-05-01T05:00:00,,평일
신분당선,4319,광교,D19,,20250619,신분당선,4304,신사,D4,N,신분당선,,4308,양재,D8,N,18:35:04,18:35:34,,GW111,하행,2025-05-01T05:00:00,,평일
신분당선,4319,광교,D19,,20250619,신분당선,4304,신사,D4,N,신분당선,,4309,양재시민의숲,D9,N,18:37:15,18:37:45,,GW111,하행,2025-05-01T05:00:00,,평일
신분당선,4319,광교,D19,,20250619,신분당선,4304,신사,D4,N,신분당선,,4310,청계산입구,D10,N,18:40:15,18:40:40,,GW111,하행,2025-05-01T05:00:00,,평일
신분당선,4319,광교,D19,,20250619,신분당선,4304,신사,D4,N,신분당선,,4311,판교,D11,N,18:46:43,18:47:23,,GW111,하행,2025-05-01T05:00:00,,평일
신분당선,4319,광교,D19,,20250619,신분당선,4304,신사,D4,N,신분당선,,4312,정자,D12,N,18:50:11,18:50:51,,GW111,하행,2025-05-01T05:00:00,,평일
신분당선,4319,광교,D19,,20250619,신분당선,4304,신사,D4,N,신분당선,,4313,미금,D13,N,18:53:01,18:53:31,,GW111,하행,2025-05-01T05:00:00,,평일
신분당선,4319,광교,D19,,20250619,신분당선,4304,신사,D4,N,신분당선,,4314,동천,D14,N,18:55:39,18:56:09,,GW111,하행,2025-05-01T05:00:00,,평일
신분당선,4319,광교,D19,,20250619,신분당선,4304,신사,D4,N,신분당선,,4315,수지구청,D15,N,18:58:33,18:59:03,,GW111,하행,2025-05-01T05:00:00,,평일
신분당선,4319,광교,D19,,20250619,신분당선,4304,신사,D4,N,신분당선,,4316,성복,D16,N,19:01:05,19:01:35,,GW111,하행,2025-05-01T05:00:00,,평일
신분당선,4319,광교,D19,,20250619,신분당선,4304,신사,D4,N,신분당선,,4317,상현,D17,N,19:04:06,19:04:31,,GW111,하행,2025-05-01T05:00:00,,평일
신분당선,4319,광교,D19,,20250619,신분당선,4304,신사,D4,N,신분당선,,4318,광교중앙,D18,N,19:07:17,19:07:42,,GW111,하행,2025-05-01T05:00:00,,평일
신분당선,4319,광교,D19,,20250619,신분당선,4304,신사,D4,N,신분당선,,4319,광교,D19,N,19:10:47,,,GW111,하행,2025-05-01T05:00:00,,평일
신분당선,4319,광교,D19,,20250619,신분당선,4304,신사,D4,N,신분당선,,4304,신사,D4,N,,18:33:20,,GW112,하행,2025-05-01T05:00:00,,평일
신분당선,4319,광교,D19,,20250619,신분당선,4304,신사,D4,N,신분당선,,4305,논현,D5,N,18:34:18,18:34:53,,GW112,하행,2025-05-01T05:00:00,,평일
신분당선,4319,광교,D19,,20250619,신분당선,4304,신사,D4,N,신분당선,,4306,신논현,D6,N,18:36:03,18:36:38,,GW112,하행,2025-05-01T05:00:00,,평일
신분당선,4319,광교,D19,,20250619,신분당선,4304,신사,D4,N,신분당선,,4307,강남,D7,N,18:37:46,18:38:26,,GW112,하행,2025-05-01T05:00:00,,평일
신분당선,4319,광교,D19,,20250619,신분당선,4304,신사,D4,N,신분당선,,4308,양재,D8,N,18:40:04,18:40:34,,GW112,하행,2025-05-01T05:00:00,,평일
신분당선,4319,광교,D19,,20250619,신분당선,4304,신사,D4,N,신분당선,,4309,양재시민의숲,D9,N,18:42:15,18:42:45,,GW112,하행,2025-05-01T05:00:00,,평일
신분당선,4319,광교,D19,,20250619,신분당선,4304,신사,D4,N,신분당선,,4310,청계산입구,D10,N,18:45:15,18:45:40,,GW112,하행,2025-05-01T05:00:00,,평일
신분당선,4319,광교,D19,,20250619,신분당선,4304,신사,D4,N,신분당선,,4311,판교,D11,N,18:51:43,18:52:23,,GW112,하행,2025-05-01T05:00:00,,평일
신분당선,4319,광교,D19,,20250619,신분당선,4304,신사,D4,N,신분당선,,4312,정자,D12,N,18:55:11,18:55:51,,GW112,하행,2025-05-01T05:00:00,,평일
신분당선,4319,광교,D19,,20250619,신분당선,4304,신사,D4,N,신분당선,,4313,미금,D13,N,18:58:01,18:58:31,,GW112,하행,2025-05-01T05:00:00,,평일
신분당선,4319,광교,D19,,20250619,신분당선,4304,신사,D4,N,신분당선,,4314,동천,D14,N,19:00:39,19:01:09,,GW112,하행,2025-05-01T05:00:00,,평일
신분당선,4319,광교,D19,,20250619,신분당선,4304,신사,D4,N,신분당선,,4315,수지구청,D15,N,19:03:33,19:04:03,,GW112,하행,2025-05-01T05:00:00,,평일
신분당선,4319,광교,D19,,20250619,신분당선,4304,신사,D4,N,신분당선,,4316,성복,D16,N,19:06:05,19:06:35,,GW112,하행,2025-05-01T05:00:00,,평일
신분당선,4319,광교,D19,,20250619,신분당선,4304,신사,D4,N,신분당선,,4317,상현,D17,N,19:09:06,19:09:31,,GW112,하행,2025-05-01T05:00:00,,평일
신분당선,4319,광교,D19,,20250619,신분당선,4304,신사,D4,N,신분당선,,4318,광교중앙,D18,N,19:12:17,19:12:42,,GW112,하행,2025-05-01T05:00:00,,평일
신분당선,4319,광교,D19,,20250619,신분당선,4304,신사,D4,N,신분당선,,4319,광교,D19,N,19:15:47,,,GW112,하행,2025-05-01T05:00:00,,평일
신분당선,4319,광교,D19,,20250619,신분당선,4304,신사,D4,N,신분당선,,4304,신사,D4,N,,18:38:20,,GW113,하행,2025-05-01T05:00:00,,평일
신분당선,4319,광교,D19,,20250619,신분당선,4304,신사,D4,N,신분당선,,4305,논현,D5,N,18:39:18,18:39:53,,GW113,하행,2025-05-01T05:00:00,,평일
신분당선,4319,광교,D19,,20250619,신분당선,4304,신사,D4,N,신분당선,,4306,신논현,D6,N,18:41:03,18:41:38,,GW113,하행,2025-05-01T05:00:00,,평일
신분당선,4319,광교,D19,,20250619,신분당선,4304,신사,D4,N,신분당선,,4307,강남,D7,N,18:42:46,18:43:26,,GW113,하행,2025-05-01T05:00:00,,평일
신분당선,4319,광교,D19,,20250619,신분당선,4304,신사,D4,N,신분당선,,4308,양재,D8,N,18:45:04,18:45:34,,GW113,하행,2025-05-01T05:00:00,,평일
신분당선,4319,광교,D19,,20250619,신분당선,4304,신사,D4,N,신분당선,,4309,양재시민의숲,D9,N,18:47:15,18:47:45,,GW113,하행,2025-05-01T05:00:00,,평일
신분당선,4319,광교,D19,,20250619,신분당선,4304,신사,D4,N,신분당선,,4310,청계산입구,D10,N,18:50:15,18:50:40,,GW113,하행,2025-05-01T05:00:00,,평일
신분당선,4319,광교,D19,,20250619,신분당선,4304,신사,D4,N,신분당선,,4311,판교,D11,N,18:56:43,18:57:23,,GW113,하행,2025-05-01T05:00:00,,평일
신분당선,4319,광교,D19,,20250619,신분당선,4304,신사,D4,N,신분당선,,4312,정자,D12,N,19:00:11,19:00:51,,GW113,하행,2025-05-01T05:00:00,,평일
신분당선,4319,광교,D19,,20250619,신분당선,4304,신사,D4,N,신분당선,,4313,미금,D13,N,19:03:01,19:03:31,,GW113,하행,2025-05-01T05:00:00,,평일
신분당선,4319,광교,D19,,20250619,신분당선,4304,신사,D4,N,신분당선,,4314,동천,D14,N,19:05:39,19:06:09,,GW113,하행,2025-05-01T05:00:00,,평일
신분당선,4319,광교,D19,,20250619,신분당선,4304,신사,D4,N,신분당선,,4315,수지구청,D15,N,19:08:33,19:09:03,,GW113,하행,2025-05-01T05:00:00,,평일
신분당선,4319,광교,D19,,20250619,신분당선,4304,신사,D4,N,신분당선,,4316,성복,D16,N,19:11:05,19:11:35,,GW113,하행,2025-05-01T05:00:00,,평일
신분당선,4319,광교,D19,,20250619,신분당선,4304,신사,D4,N,신분당선,,4317,상현,D17,N,19:14:06,19:14:31,,GW113,하행,2025-05-01T05:00:00,,평일
신분당선,4319,광교,D19,,20250619,신분당선,4304,신사,D4,N,신분당선,,4318,광교중앙,D18,N,19:17:17,19:17:42,,GW113,하행,2025-05-01T05:00:00,,평일
신분당선,4319,광교,D19,,20250619,신분당선,4304,신사,D4,N,신분당선,,4319,광교,D19,N,19:20:47,,,GW113,하행,2025-05-01T05:00:00,,평일
신분당선,4319,광교,D19,,20250619,신분당선,4304,신사,D4,N,신분당선,,4304,신사,D4,N,,18:43:20,,GW114,하행,2025-05-01T05:00:00,,평일
신분당선,4319,광교,D19,,20250619,신분당선,4304,신사,D4,N,신분당선,,4305,논현,D5,N,18:44:18,18:44:53,,GW114,하행,2025-05-01T05:00:00,,평일
신분당선,4319,광교,D19,,20250619,신분당선,4304,신사,D4,N,신분당선,,4306,신논현,D6,N,18:46:03,18:46:38,,GW114,하행,2025-05-01T05:00:00,,평일
신분당선,4319,광교,D19,,20250619,신분당선,4304,신사,D4,N,신분당선,,4307,강남,D7,N,18:47:46,18:48:26,,GW114,하행,2025-05-01T05:00:00,,평일
신분당선,4319,광교,D19,,20250619,신분당선,4304,신사,D4,N,신분당선,,4308,양재,D8,N,18:50:04,18:50:34,,GW114,하행,2025-05-01T05:00:00,,평일
신분당선,4319,광교,D19,,20250619,신분당선,4304,신사,D4,N,신분당선,,4309,양재시민의숲,D9,N,18:52:15,18:52:45,,GW114,하행,2025-05-01T05:00:00,,평일
신분당선,4319,광교,D19,,20250619,신분당선,4304,신사,D4,N,신분당선,,4310,청계산입구,D10,N,18:55:15,18:55:40,,GW114,하행,2025-05-01T05:00:00,,평일
신분당선,4319,광교,D19,,20250619,신분당선,4304,신사,D4,N,신분당선,,4311,판교,D11,N,19:01:43,19:02:23,,GW114,하행,2025-05-01T05:00:00,,평일
신분당선,4319,광교,D19,,20250619,신분당선,4304,신사,D4,N,신분당선,,4312,정자,D12,N,19:05:11,19:05:51,,GW114,하행,2025-05-01T05:00:00,,평일
신분당선,4319,광교,D19,,20250619,신분당선,4304,신사,D4,N,신분당선,,4313,미금,D13,N,19:08:01,19:08:31,,GW114,하행,2025-05-01T05:00:00,,평일
신분당선,4319,광교,D19,,20250619,신분당선,4304,신사,D4,N,신분당선,,4314,동천,D14,N,19:10:39,19:11:09,,GW114,하행,2025-05-01T05:00:00,,평일
신분당선,4319,광교,D19,,20250619,신분당선,4304,신사,D4,N,신분당선,,4315,수지구청,D15,N,19:13:33,19:14:03,,GW114,하행,2025-05-01T05:00:00,,평일
신분당선,4319,광교,D19,,20250619,신분당선,4304,신사,D4,N,신분당선,,4316,성복,D16,N,19:16:05,19:16:35,,GW114,하행,2025-05-01T05:00:00,,평일
신분당선,4319,광교,D19,,20250619,신분당선,4304,신사,D4,N,신분당선,,4317,상현,D17,N,19:19:06,19:19:31,,GW114,하행,2025-05-01T05:00:00,,평일
신분당선,4319,광교,D19,,20250619,신분당선,4304,신사,D4,N,신분당선,,4318,광교중앙,D18,N,19:22:17,19:22:42,,GW114,하행,2025-05-01T05:00:00,,평일
신분당선,4319,광교,D19,,20250619,신분당선,4304,신사,D4,N,신분당선,,4319,광교,D19,N,19:25:47,,,GW114,하행,2025-05-01T05:00:00,,평일
신분당선,4319,광교,D19,,20250619,신분당선,4304,신사,D4,N,신분당선,,4304,신사,D4,N,,18:48:20,,GW115,하행,2025-05-01T05:00:00,,평일
신분당선,4319,광교,D19,,20250619,신분당선,4304,신사,D4,N,신분당선,,4305,논현,D5,N,18:49:18,18:49:53,,GW115,하행,2025-05-01T05:00:00,,평일
신분당선,4319,광교,D19,,20250619,신분당선,4304,신사,D4,N,신분당선,,4306,신논현,D6,N,18:51:03,18:51:38,,GW115,하행,2025-05-01T05:00:00,,평일
신분당선,4319,광교,D19,,20250619,신분당선,4304,신사,D4,N,신분당선,,4307,강남,D7,N,18:52:46,18:53:26,,GW115,하행,2025-05-01T05:00:00,,평일
신분당선,4319,광교,D19,,20250619,신분당선,4304,신사,D4,N,신분당선,,4308,양재,D8,N,18:55:04,18:55:34,,GW115,하행,2025-05-01T05:00:00,,평일
신분당선,4319,광교,D19,,20250619,신분당선,4304,신사,D4,N,신분당선,,4309,양재시민의숲,D9,N,18:57:15,18:57:45,,GW115,하행,2025-05-01T05:00:00,,평일
신분당선,4319,광교,D19,,20250619,신분당선,4304,신사,D4,N,신분당선,,4310,청계산입구,D10,N,19:00:15,19:00:40,,GW115,하행,2025-05-01T05:00:00,,평일
신분당선,4319,광교,D19,,20250619,신분당선,4304,신사,D4,N,신분당선,,4311,판교,D11,N,19:06:43,19:07:23,,GW115,하행,2025-05-01T05:00:00,,평일
신분당선,4319,광교,D19,,20250619,신분당선,4304,신사,D4,N,신분당선,,4312,정자,D12,N,19:10:11,19:10:51,,GW115,하행,2025-05-01T05:00:00,,평일
신분당선,4319,광교,D19,,20250619,신분당선,4304,신사,D4,N,신분당선,,4313,미금,D13,N,19:13:01,19:13:31,,GW115,하행,2025-05-01T05:00:00,,평일
신분당선,4319,광교,D19,,20250619,신분당선,4304,신사,D4,N,신분당선,,4314,동천,D14,N,19:15:39,19:16:09,,GW115,하행,2025-05-01T05:00:00,,평일
신분당선,4319,광교,D19,,20250619,신분당선,4304,신사,D4,N,신분당선,,4315,수지구청,D15,N,19:18:33,19:19:03,,GW115,하행,2025-05-01T05:00:00,,평일
신분당선,4319,광교,D19,,20250619,신분당선,4304,신사,D4,N,신분당선,,4316,성복,D16,N,19:21:05,19:21:35,,GW115,하행,2025-05-01T05:00:00,,평일
신분당선,4319,광교,D19,,20250619,신분당선,4304,신사,D4,N,신분당선,,4317,상현,D17,N,19:24:06,19:24:31,,GW115,하행,2025-05-01T05:00:00,,평일
신분당선,4319,광교,D19,,20250619,신분당선,4304,신사,D4,N,신분당선,,4318,광교중앙,D18,N,19:27:17,19:27:42,,GW115,하행,2025-05-01T05:00:00,,평일
신분당선,4319,광교,D19,,20250619,신분당선,4304,신사,D4,N,신분당선,,4319,광교,D19,N,19:30:47,,,GW115,하행,2025-05-01T05:00:00,,평일
신분당선,4319,광교,D19,,20250619,신분당선,4304,신사,D4,N,신분당선,,4304,신사,D4,N,,18:53:20,,GW116,하행,2025-05-01T05:00:00,,평일
신분당선,4319,광교,D19,,20250619,신분당선,4304,신사,D4,N,신분당선,,4305,논현,D5,N,18:54:18,18:54:53,,GW116,하행,2025-05-01T05:00:00,,평일
신분당선,4319,광교,D19,,20250619,신분당선,4304,신사,D4,N,신분당선,,4306,신논현,D6,N,18:56:03,18:56:38,,GW116,하행,2025-05-01T05:00:00,,평일
신분당선,4319,광교,D19,,20250619,신분당선,4304,신사,D4,N,신분당선,,4307,강남,D7,N,18:57:46,18:58:26,,GW116,하행,2025-05-01T05:00:00,,평일
신분당선,4319,광교,D19,,20250619,신분당선,4304,신사,D4,N,신분당선,,4308,양재,D8,N,19:00:04,19:00:34,,GW116,하행,2025-05-01T05:00:00,,평일
신분당선,4319,광교,D19,,20250619,신분당선,4304,신사,D4,N,신분당선,,4309,양재시민의숲,D9,N,19:02:15,19:02:45,,GW116,하행,2025-05-01T05:00:00,,평일
신분당선,4319,광교,D19,,20250619,신분당선,4304,신사,D4,N,신분당선,,4310,청계산입구,D10,N,19:05:15,19:05:40,,GW116,하행,2025-05-01T05:00:00,,평일
신분당선,4319,광교,D19,,20250619,신분당선,4304,신사,D4,N,신분당선,,4311,판교,D11,N,19:11:43,19:12:23,,GW116,하행,2025-05-01T05:00:00,,평일
신분당선,4319,광교,D19,,20250619,신분당선,4304,신사,D4,N,신분당선,,4312,정자,D12,N,19:15:11,19:15:51,,GW116,하행,2025-05-01T05:00:00,,평일
신분당선,4319,광교,D19,,20250619,신분당선,4304,신사,D4,N,신분당선,,4313,미금,D13,N,19:18:01,19:18:31,,GW116,하행,2025-05-01T05:00:00,,평일
신분당선,4319,광교,D19,,20250619,신분당선,4304,신사,D4,N,신분당선,,4314,동천,D14,N,19:20:39,19:21:09,,GW116,하행,2025-05-01T05:00:00,,평일
신분당선,4319,광교,D19,,20250619,신분당선,4304,신사,D4,N,신분당선,,4315,수지구청,D15,N,19:23:33,19:24:03,,GW116,하행,2025-05-01T05:00:00,,평일
신분당선,4319,광교,D19,,20250619,신분당선,4304,신사,D4,N,신분당선,,4316,성복,D16,N,19:26:05,19:26:35,,GW116,하행,2025-05-01T05:00:00,,평일
신분당선,4319,광교,D19,,20250619,신분당선,4304,신사,D4,N,신분당선,,4317,상현,D17,N,19:29:06,19:29:31,,GW116,하행,2025-05-01T05:00:00,,평일
신분당선,4319,광교,D19,,20250619,신분당선,4304,신사,D4,N,신분당선,,4318,광교중앙,D18,N,19:32:17,19:32:42,,GW116,하행,2025-05-01T05:00:00,,평일
신분당선,4319,광교,D19,,20250619,신분당선,4304,신사,D4,N,신분당선,,4319,광교,D19,N,19:35:47,,,GW116,하행,2025-05-01T05:00:00,,평일
신분당선,4319,광교,D19,,20250619,신분당선,4304,신사,D4,N,신분당선,,4304,신사,D4,N,,18:58:20,,GW117,하행,2025-05-01T05:00:00,,평일
신분당선,4319,광교,D19,,20250619,신분당선,4304,신사,D4,N,신분당선,,4305,논현,D5,N,18:59:18,18:59:53,,GW117,하행,2025-05-01T05:00:00,,평일
신분당선,4319,광교,D19,,20250619,신분당선,4304,신사,D4,N,신분당선,,4306,신논현,D6,N,19:01:03,19:01:38,,GW117,하행,2025-05-01T05:00:00,,평일
신분당선,4319,광교,D19,,20250619,신분당선,4304,신사,D4,N,신분당선,,4307,강남,D7,N,19:02:46,19:03:26,,GW117,하행,2025-05-01T05:00:00,,평일
신분당선,4319,광교,D19,,20250619,신분당선,4304,신사,D4,N,신분당선,,4308,양재,D8,N,19:05:04,19:05:34,,GW117,하행,2025-05-01T05:00:00,,평일
신분당선,4319,광교,D19,,20250619,신분당선,4304,신사,D4,N,신분당선,,4309,양재시민의숲,D9,N,19:07:15,19:07:45,,GW117,하행,2025-05-01T05:00:00,,평일
신분당선,4319,광교,D19,,20250619,신분당선,4304,신사,D4,N,신분당선,,4310,청계산입구,D10,N,19:10:15,19:10:40,,GW117,하행,2025-05-01T05:00:00,,평일
신분당선,4319,광교,D19,,20250619,신분당선,4304,신사,D4,N,신분당선,,4311,판교,D11,N,19:16:43,19:17:23,,GW117,하행,2025-05-01T05:00:00,,평일
신분당선,4319,광교,D19,,20250619,신분당선,4304,신사,D4,N,신분당선,,4312,정자,D12,N,19:20:11,19:20:51,,GW117,하행,2025-05-01T05:00:00,,평일
신분당선,4319,광교,D19,,20250619,신분당선,4304,신사,D4,N,신분당선,,4313,미금,D13,N,19:23:01,19:23:31,,GW117,하행,2025-05-01T05:00:00,,평일
신분당선,4319,광교,D19,,20250619,신분당선,4304,신사,D4,N,신분당선,,4314,동천,D14,N,19:25:39,19:26:09,,GW117,하행,2025-05-01T05:00:00,,평일
신분당선,4319,광교,D19,,20250619,신분당선,4304,신사,D4,N,신분당선,,4315,수지구청,D15,N,19:28:33,19:29:03,,GW117,하행,2025-05-01T05:00:00,,평일
신분당선,4319,광교,D19,,20250619,신분당선,4304,신사,D4,N,신분당선,,4316,성복,D16,N,19:31:05,19:31:35,,GW117,하행,2025-05-01T05:00:00,,평일
신분당선,4319,광교,D19,,20250619,신분당선,4304,신사,D4,N,신분당선,,4317,상현,D17,N,19:34:06,19:34:31,,GW117,하행,2025-05-01T05:00:00,,평일
신분당선,4319,광교,D19,,20250619,신분당선,4304,신사,D4,N,신분당선,,4318,광교중앙,D18,N,19:37:17,19:37:42,,GW117,하행,2025-05-01T05:00:00,,평일
신분당선,4319,광교,D19,,20250619,신분당선,4304,신사,D4,N,신분당선,,4319,광교,D19,N,19:40:47,,,GW117,하행,2025-05-01T05:00:00,,평일
신분당선,4319,광교,D19,,20250619,신분당선,4304,신사,D4,N,신분당선,,4304,신사,D4,N,,19:03:20,,GW118,하행,2025-05-01T05:00:00,,평일
신분당선,4319,광교,D19,,20250619,신분당선,4304,신사,D4,N,신분당선,,4305,논현,D5,N,19:04:18,19:04:53,,GW118,하행,2025-05-01T05:00:00,,평일
신분당선,4319,광교,D19,,20250619,신분당선,4304,신사,D4,N,신분당선,,4306,신논현,D6,N,19:06:03,19:06:38,,GW118,하행,2025-05-01T05:00:00,,평일
신분당선,4319,광교,D19,,20250619,신분당선,4304,신사,D4,N,신분당선,,4307,강남,D7,N,19:07:46,19:08:26,,GW118,하행,2025-05-01T05:00:00,,평일
신분당선,4319,광교,D19,,20250619,신분당선,4304,신사,D4,N,신분당선,,4308,양재,D8,N,19:10:04,19:10:34,,GW118,하행,2025-05-01T05:00:00,,평일
신분당선,4319,광교,D19,,20250619,신분당선,4304,신사,D4,N,신분당선,,4309,양재시민의숲,D9,N,19:12:15,19:12:45,,GW118,하행,2025-05-01T05:00:00,,평일
신분당선,4319,광교,D19,,20250619,신분당선,4304,신사,D4,N,신분당선,,4310,청계산입구,D10,N,19:15:15,19:15:40,,GW118,하행,2025-05-01T05:00:00,,평일
신분당선,4319,광교,D19,,20250619,신분당선,4304,신사,D4,N,신분당선,,4311,판교,D11,N,19:21:43,19:22:23,,GW118,하행,2025-05-01T05:00:00,,평일
신분당선,4319,광교,D19,,20250619,신분당선,4304,신사,D4,N,신분당선,,4312,정자,D12,N,19:25:11,19:25:51,,GW118,하행,2025-05-01T05:00:00,,평일
신분당선,4319,광교,D19,,20250619,신분당선,4304,신사,D4,N,신분당선,,4313,미금,D13,N,19:28:01,19:28:31,,GW118,하행,2025-05-01T05:00:00,,평일
신분당선,4319,광교,D19,,20250619,신분당선,4304,신사,D4,N,신분당선,,4314,동천,D14,N,19:30:39,19:31:09,,GW118,하행,2025-05-01T05:00:00,,평일
신분당선,4319,광교,D19,,20250619,신분당선,4304,신사,D4,N,신분당선,,4315,수지구청,D15,N,19:33:33,19:34:03,,GW118,하행,2025-05-01T05:00:00,,평일
신분당선,4319,광교,D19,,20250619,신분당선,4304,신사,D4,N,신분당선,,4316,성복,D16,N,19:36:05,19:36:35,,GW118,하행,2025-05-01T05:00:00,,평일
신분당선,4319,광교,D19,,20250619,신분당선,4304,신사,D4,N,신분당선,,4317,상현,D17,N,19:39:06,19:39:31,,GW118,하행,2025-05-01T05:00:00,,평일
신분당선,4319,광교,D19,,20250619,신분당선,4304,신사,D4,N,신분당선,,4318,광교중앙,D18,N,19:42:17,19:42:42,,GW118,하행,2025-05-01T05:00:00,,평일
신분당선,4319,광교,D19,,20250619,신분당선,4304,신사,D4,N,신분당선,,4319,광교,D19,N,19:45:47,,,GW118,하행,2025-05-01T05:00:00,,평일
신분당선,4319,광교,D19,,20250619,신분당선,4304,신사,D4,N,신분당선,,4304,신사,D4,N,,19:08:20,,GW119,하행,2025-05-01T05:00:00,,평일
신분당선,4319,광교,D19,,20250619,신분당선,4304,신사,D4,N,신분당선,,4305,논현,D5,N,19:09:18,19:09:53,,GW119,하행,2025-05-01T05:00:00,,평일
신분당선,4319,광교,D19,,20250619,신분당선,4304,신사,D4,N,신분당선,,4306,신논현,D6,N,19:11:03,19:11:38,,GW119,하행,2025-05-01T05:00:00,,평일
신분당선,4319,광교,D19,,20250619,신분당선,4304,신사,D4,N,신분당선,,4307,강남,D7,N,19:12:46,19:13:26,,GW119,하행,2025-05-01T05:00:00,,평일
신분당선,4319,광교,D19,,20250619,신분당선,4304,신사,D4,N,신분당선,,4308,양재,D8,N,19:15:04,19:15:34,,GW119,하행,2025-05-01T05:00:00,,평일
신분당선,4319,광교,D19,,20250619,신분당선,4304,신사,D4,N,신분당선,,4309,양재시민의숲,D9,N,19:17:15,19:17:45,,GW119,하행,2025-05-01T05:00:00,,평일
신분당선,4319,광교,D19,,20250619,신분당선,4304,신사,D4,N,신분당선,,4310,청계산입구,D10,N,19:20:15,19:20:40,,GW119,하행,2025-05-01T05:00:00,,평일
신분당선,4319,광교,D19,,20250619,신분당선,4304,신사,D4,N,신분당선,,4311,판교,D11,N,19:26:43,19:27:23,,GW119,하행,2025-05-01T05:00:00,,평일
신분당선,4319,광교,D19,,20250619,신분당선,4304,신사,D4,N,신분당선,,4312,정자,D12,N,19:30:11,19:30:51,,GW119,하행,2025-05-01T05:00:00,,평일
신분당선,4319,광교,D19,,20250619,신분당선,4304,신사,D4,N,신분당선,,4313,미금,D13,N,19:33:01,19:33:31,,GW119,하행,2025-05-01T05:00:00,,평일
신분당선,4319,광교,D19,,20250619,신분당선,4304,신사,D4,N,신분당선,,4314,동천,D14,N,19:35:39,19:36:09,,GW119,하행,2025-05-01T05:00:00,,평일
신분당선,4319,광교,D19,,20250619,신분당선,4304,신사,D4,N,신분당선,,4315,수지구청,D15,N,19:38:33,19:39:03,,GW119,하행,2025-05-01T05:00:00,,평일
신분당선,4319,광교,D19,,20250619,신분당선,4304,신사,D4,N,신분당선,,4316,성복,D16,N,19:41:05,19:41:35,,GW119,하행,2025-05-01T05:00:00,,평일
신분당선,4319,광교,D19,,20250619,신분당선,4304,신사,D4,N,신분당선,,4317,상현,D17,N,19:44:06,19:44:31,,GW119,하행,2025-05-01T05:00:00,,평일
신분당선,4319,광교,D19,,20250619,신분당선,4304,신사,D4,N,신분당선,,4318,광교중앙,D18,N,19:47:17,19:47:42,,GW119,하행,2025-05-01T05:00:00,,평일
신분당선,4319,광교,D19,,20250619,신분당선,4304,신사,D4,N,신분당선,,4319,광교,D19,N,19:50:47,,,GW119,하행,2025-05-01T05:00:00,,평일
신분당선,4319,광교,D19,,20250619,신분당선,4304,신사,D4,N,신분당선,,4304,신사,D4,N,,19:13:20,,GW120,하행,2025-05-01T05:00:00,,평일
신분당선,4319,광교,D19,,20250619,신분당선,4304,신사,D4,N,신분당선,,4305,논현,D5,N,19:14:18,19:14:53,,GW120,하행,2025-05-01T05:00:00,,평일
신분당선,4319,광교,D19,,20250619,신분당선,4304,신사,D4,N,신분당선,,4306,신논현,D6,N,19:16:03,19:16:38,,GW120,하행,2025-05-01T05:00:00,,평일
신분당선,4319,광교,D19,,20250619,신분당선,4304,신사,D4,N,신분당선,,4307,강남,D7,N,19:17:46,19:18:26,,GW120,하행,2025-05-01T05:00:00,,평일
신분당선,4319,광교,D19,,20250619,신분당선,4304,신사,D4,N,신분당선,,4308,양재,D8,N,19:20:04,19:20:34,,GW120,하행,2025-05-01T05:00:00,,평일
신분당선,4319,광교,D19,,20250619,신분당선,4304,신사,D4,N,신분당선,,4309,양재시민의숲,D9,N,19:22:15,19:22:45,,GW120,하행,2025-05-01T05:00:00,,평일
신분당선,4319,광교,D19,,20250619,신분당선,4304,신사,D4,N,신분당선,,4310,청계산입구,D10,N,19:25:15,19:25:40,,GW120,하행,2025-05-01T05:00:00,,평일
신분당선,4319,광교,D19,,20250619,신분당선,4304,신사,D4,N,신분당선,,4311,판교,D11,N,19:31:43,19:32:23,,GW120,하행,2025-05-01T05:00:00,,평일
신분당선,4319,광교,D19,,20250619,신분당선,4304,신사,D4,N,신분당선,,4312,정자,D12,N,19:35:11,19:35:51,,GW120,하행,2025-05-01T05:00:00,,평일
신분당선,4319,광교,D19,,20250619,신분당선,4304,신사,D4,N,신분당선,,4313,미금,D13,N,19:38:01,19:38:31,,GW120,하행,2025-05-01T05:00:00,,평일
신분당선,4319,광교,D19,,20250619,신분당선,4304,신사,D4,N,신분당선,,4314,동천,D14,N,19:40:39,19:41:09,,GW120,하행,2025-05-01T05:00:00,,평일
신분당선,4319,광교,D19,,20250619,신분당선,4304,신사,D4,N,신분당선,,4315,수지구청,D15,N,19:43:33,19:44:03,,GW120,하행,2025-05-01T05:00:00,,평일
신분당선,4319,광교,D19,,20250619,신분당선,4304,신사,D4,N,신분당선,,4316,성복,D16,N,19:46:05,19:46:35,,GW120,하행,2025-05-01T05:00:00,,평일
신분당선,4319,광교,D19,,20250619,신분당선,4304,신사,D4,N,신분당선,,4317,상현,D17,N,19:49:06,19:49:31,,GW120,하행,2025-05-01T05:00:00,,평일
신분당선,4319,광교,D19,,20250619,신분당선,4304,신사,D4,N,신분당선,,4318,광교중앙,D18,N,19:52:17,19:52:42,,GW120,하행,2025-05-01T05:00:00,,평일
신분당선,4319,광교,D19,,20250619,신분당선,4304,신사,D4,N,신분당선,,4319,광교,D19,N,19:55:47,,,GW120,하행,2025-05-01T05:00:00,,평일
신분당선,4319,광교,D19,,20250619,신분당선,4304,신사,D4,N,신분당선,,4304,신사,D4,N,,19:18:20,,GW121,하행,2025-05-01T05:00:00,,평일
신분당선,4319,광교,D19,,20250619,신분당선,4304,신사,D4,N,신분당선,,4305,논현,D5,N,19:19:18,19:19:53,,GW121,하행,2025-05-01T05:00:00,,평일
신분당선,4319,광교,D19,,20250619,신분당선,4304,신사,D4,N,신분당선,,4306,신논현,D6,N,19:21:03,19:21:38,,GW121,하행,2025-05-01T05:00:00,,평일
신분당선,4319,광교,D19,,20250619,신분당선,4304,신사,D4,N,신분당선,,4307,강남,D7,N,19:22:46,19:23:26,,GW121,하행,2025-05-01T05:00:00,,평일
신분당선,4319,광교,D19,,20250619,신분당선,4304,신사,D4,N,신분당선,,4308,양재,D8,N,19:25:04,19:25:34,,GW121,하행,2025-05-01T05:00:00,,평일
신분당선,4319,광교,D19,,20250619,신분당선,4304,신사,D4,N,신분당선,,4309,양재시민의숲,D9,N,19:27:15,19:27:45,,GW121,하행,2025-05-01T05:00:00,,평일
신분당선,4319,광교,D19,,20250619,신분당선,4304,신사,D4,N,신분당선,,4310,청계산입구,D10,N,19:30:15,19:30:40,,GW121,하행,2025-05-01T05:00:00,,평일
신분당선,4319,광교,D19,,20250619,신분당선,4304,신사,D4,N,신분당선,,4311,판교,D11,N,19:36:43,19:37:23,,GW121,하행,2025-05-01T05:00:00,,평일
신분당선,4319,광교,D19,,20250619,신분당선,4304,신사,D4,N,신분당선,,4312,정자,D12,N,19:40:11,19:40:51,,GW121,하행,2025-05-01T05:00:00,,평일
신분당선,4319,광교,D19,,20250619,신분당선,4304,신사,D4,N,신분당선,,4313,미금,D13,N,19:43:01,19:43:31,,GW121,하행,2025-05-01T05:00:00,,평일
신분당선,4319,광교,D19,,20250619,신분당선,4304,신사,D4,N,신분당선,,4314,동천,D14,N,19:45:39,19:46:09,,GW121,하행,2025-05-01T05:00:00,,평일
신분당선,4319,광교,D19,,20250619,신분당선,4304,신사,D4,N,신분당선,,4315,수지구청,D15,N,19:48:33,19:49:03,,GW121,하행,2025-05-01T05:00:00,,평일
신분당선,4319,광교,D19,,20250619,신분당선,4304,신사,D4,N,신분당선,,4316,성복,D16,N,19:51:05,19:51:35,,GW121,하행,2025-05-01T05:00:00,,평일
신분당선,4319,광교,D19,,20250619,신분당선,4304,신사,D4,N,신분당선,,4317,상현,D17,N,19:54:06,19:54:31,,GW121,하행,2025-05-01T05:00:00,,평일
신분당선,4319,광교,D19,,20250619,신분당선,4304,신사,D4,N,신분당선,,4318,광교중앙,D18,N,19:57:17,19:57:42,,GW121,하행,2025-05-01T05:00:00,,평일
신분당선,4319,광교,D19,,20250619,신분당선,4304,신사,D4,N,신분당선,,4319,광교,D19,N,20:00:47,,,GW121,하행,2025-05-01T05:00:00,,평일
신분당선,4319,광교,D19,,20250619,신분당선,4304,신사,D4,N,신분당선,,4304,신사,D4,N,,19:23:20,,GW122,하행,2025-05-01T05:00:00,,평일
신분당선,4319,광교,D19,,20250619,신분당선,4304,신사,D4,N,신분당선,,4305,논현,D5,N,19:24:18,19:24:53,,GW122,하행,2025-05-01T05:00:00,,평일
신분당선,4319,광교,D19,,20250619,신분당선,4304,신사,D4,N,신분당선,,4306,신논현,D6,N,19:26:03,19:26:38,,GW122,하행,2025-05-01T05:00:00,,평일
신분당선,4319,광교,D19,,20250619,신분당선,4304,신사,D4,N,신분당선,,4307,강남,D7,N,19:27:46,19:28:26,,GW122,하행,2025-05-01T05:00:00,,평일
신분당선,4319,광교,D19,,20250619,신분당선,4304,신사,D4,N,신분당선,,4308,양재,D8,N,19:30:04,19:30:34,,GW122,하행,2025-05-01T05:00:00,,평일
신분당선,4319,광교,D19,,20250619,신분당선,4304,신사,D4,N,신분당선,,4309,양재시민의숲,D9,N,19:32:15,19:32:45,,GW122,하행,2025-05-01T05:00:00,,평일
신분당선,4319,광교,D19,,20250619,신분당선,4304,신사,D4,N,신분당선,,4310,청계산입구,D10,N,19:35:15,19:35:40,,GW122,하행,2025-05-01T05:00:00,,평일
신분당선,4319,광교,D19,,20250619,신분당선,4304,신사,D4,N,신분당선,,4311,판교,D11,N,19:41:43,19:42:23,,GW122,하행,2025-05-01T05:00:00,,평일
신분당선,4319,광교,D19,,20250619,신분당선,4304,신사,D4,N,신분당선,,4312,정자,D12,N,19:45:11,19:45:51,,GW122,하행,2025-05-01T05:00:00,,평일
신분당선,4319,광교,D19,,20250619,신분당선,4304,신사,D4,N,신분당선,,4313,미금,D13,N,19:48:01,19:48:31,,GW122,하행,2025-05-01T05:00:00,,평일
신분당선,4319,광교,D19,,20250619,신분당선,4304,신사,D4,N,신분당선,,4314,동천,D14,N,19:50:39,19:51:09,,GW122,하행,2025-05-01T05:00:00,,평일
신분당선,4319,광교,D19,,20250619,신분당선,4304,신사,D4,N,신분당선,,4315,수지구청,D15,N,19:53:33,19:54:03,,GW122,하행,2025-05-01T05:00:00,,평일
신분당선,4319,광교,D19,,20250619,신분당선,4304,신사,D4,N,신분당선,,4316,성복,D16,N,19:56:05,19:56:35,,GW122,하행,2025-05-01T05:00:00,,평일
신분당선,4319,광교,D19,,20250619,신분당선,4304,신사,D4,N,신분당선,,4317,상현,D17,N,19:59:06,19:59:31,,GW122,하행,2025-05-01T05:00:00,,평일
신분당선,4319,광교,D19,,20250619,신분당선,4304,신사,D4,N,신분당선,,4318,광교중앙,D18,N,20:02:17,20:02:42,,GW122,하행,2025-05-01T05:00:00,,평일
신분당선,4319,광교,D19,,20250619,신분당선,4304,신사,D4,N,신분당선,,4319,광교,D19,N,20:05:47,,,GW122,하행,2025-05-01T05:00:00,,평일
신분당선,4319,광교,D19,,20250619,신분당선,4304,신사,D4,N,신분당선,,4304,신사,D4,N,,19:28:20,,GW123,하행,2025-05-01T05:00:00,,평일
신분당선,4319,광교,D19,,20250619,신분당선,4304,신사,D4,N,신분당선,,4305,논현,D5,N,19:29:18,19:29:53,,GW123,하행,2025-05-01T05:00:00,,평일
신분당선,4319,광교,D19,,20250619,신분당선,4304,신사,D4,N,신분당선,,4306,신논현,D6,N,19:31:03,19:31:38,,GW123,하행,2025-05-01T05:00:00,,평일
신분당선,4319,광교,D19,,20250619,신분당선,4304,신사,D4,N,신분당선,,4307,강남,D7,N,19:32:46,19:33:26,,GW123,하행,2025-05-01T05:00:00,,평일
신분당선,4319,광교,D19,,20250619,신분당선,4304,신사,D4,N,신분당선,,4308,양재,D8,N,19:35:04,19:35:34,,GW123,하행,2025-05-01T05:00:00,,평일
신분당선,4319,광교,D19,,20250619,신분당선,4304,신사,D4,N,신분당선,,4309,양재시민의숲,D9,N,19:37:15,19:37:45,,GW123,하행,2025-05-01T05:00:00,,평일
신분당선,4319,광교,D19,,20250619,신분당선,4304,신사,D4,N,신분당선,,4310,청계산입구,D10,N,19:40:15,19:40:40,,GW123,하행,2025-05-01T05:00:00,,평일
신분당선,4319,광교,D19,,20250619,신분당선,4304,신사,D4,N,신분당선,,4311,판교,D11,N,19:46:43,19:47:23,,GW123,하행,2025-05-01T05:00:00,,평일
신분당선,4319,광교,D19,,20250619,신분당선,4304,신사,D4,N,신분당선,,4312,정자,D12,N,19:50:11,19:50:51,,GW123,하행,2025-05-01T05:00:00,,평일
신분당선,4319,광교,D19,,20250619,신분당선,4304,신사,D4,N,신분당선,,4313,미금,D13,N,19:53:01,19:53:31,,GW123,하행,2025-05-01T05:00:00,,평일
신분당선,4319,광교,D19,,20250619,신분당선,4304,신사,D4,N,신분당선,,4314,동천,D14,N,19:55:39,19:56:09,,GW123,하행,2025-05-01T05:00:00,,평일
신분당선,4319,광교,D19,,20250619,신분당선,4304,신사,D4,N,신분당선,,4315,수지구청,D15,N,19:58:33,19:59:03,,GW123,하행,2025-05-01T05:00:00,,평일
신분당선,4319,광교,D19,,20250619,신분당선,4304,신사,D4,N,신분당선,,4316,성복,D16,N,20:01:05,20:01:35,,GW123,하행,2025-05-01T05:00:00,,평일
신분당선,4319,광교,D19,,20250619,신분당선,4304,신사,D4,N,신분당선,,4317,상현,D17,N,20:04:06,20:04:31,,GW123,하행,2025-05-01T05:00:00,,평일
신분당선,4319,광교,D19,,20250619,신분당선,4304,신사,D4,N,신분당선,,4318,광교중앙,D18,N,20:07:17,20:07:42,,GW123,하행,2025-05-01T05:00:00,,평일
신분당선,4319,광교,D19,,20250619,신분당선,4304,신사,D4,N,신분당선,,4319,광교,D19,N,20:10:47,,,GW123,하행,2025-05-01T05:00:00,,평일
신분당선,4319,광교,D19,,20250619,신분당선,4304,신사,D4,N,신분당선,,4304,신사,D4,N,,19:33:20,,GW124,하행,2025-05-01T05:00:00,,평일
신분당선,4319,광교,D19,,20250619,신분당선,4304,신사,D4,N,신분당선,,4305,논현,D5,N,19:34:18,19:34:53,,GW124,하행,2025-05-01T05:00:00,,평일
신분당선,4319,광교,D19,,20250619,신분당선,4304,신사,D4,N,신분당선,,4306,신논현,D6,N,19:36:03,19:36:38,,GW124,하행,2025-05-01T05:00:00,,평일
신분당선,4319,광교,D19,,20250619,신분당선,4304,신사,D4,N,신분당선,,4307,강남,D7,N,19:37:46,19:38:26,,GW124,하행,2025-05-01T05:00:00,,평일
신분당선,4319,광교,D19,,20250619,신분당선,4304,신사,D4,N,신분당선,,4308,양재,D8,N,19:40:04,19:40:34,,GW124,하행,2025-05-01T05:00:00,,평일
신분당선,4319,광교,D19,,20250619,신분당선,4304,신사,D4,N,신분당선,,4309,양재시민의숲,D9,N,19:42:15,19:42:45,,GW124,하행,2025-05-01T05:00:00,,평일
신분당선,4319,광교,D19,,20250619,신분당선,4304,신사,D4,N,신분당선,,4310,청계산입구,D10,N,19:45:15,19:45:40,,GW124,하행,2025-05-01T05:00:00,,평일
신분당선,4319,광교,D19,,20250619,신분당선,4304,신사,D4,N,신분당선,,4311,판교,D11,N,19:51:43,19:52:23,,GW124,하행,2025-05-01T05:00:00,,평일
신분당선,4319,광교,D19,,20250619,신분당선,4304,신사,D4,N,신분당선,,4312,정자,D12,N,19:55:11,19:55:51,,GW124,하행,2025-05-01T05:00:00,,평일
신분당선,4319,광교,D19,,20250619,신분당선,4304,신사,D4,N,신분당선,,4313,미금,D13,N,19:58:01,19:58:31,,GW124,하행,2025-05-01T05:00:00,,평일
신분당선,4319,광교,D19,,20250619,신분당선,4304,신사,D4,N,신분당선,,4314,동천,D14,N,20:00:39,20:01:09,,GW124,하행,2025-05-01T05:00:00,,평일
신분당선,4319,광교,D19,,20250619,신분당선,4304,신사,D4,N,신분당선,,4315,수지구청,D15,N,20:03:33,20:04:03,,GW124,하행,2025-05-01T05:00:00,,평일
신분당선,4319,광교,D19,,20250619,신분당선,4304,신사,D4,N,신분당선,,4316,성복,D16,N,20:06:05,20:06:35,,GW124,하행,2025-05-01T05:00:00,,평일
신분당선,4319,광교,D19,,20250619,신분당선,4304,신사,D4,N,신분당선,,4317,상현,D17,N,20:09:06,20:09:31,,GW124,하행,2025-05-01T05:00:00,,평일
신분당선,4319,광교,D19,,20250619,신분당선,4304,신사,D4,N,신분당선,,4318,광교중앙,D18,N,20:12:17,20:12:42,,GW124,하행,2025-05-01T05:00:00,,평일
신분당선,4319,광교,D19,,20250619,신분당선,4304,신사,D4,N,신분당선,,4319,광교,D19,N,20:15:47,,,GW124,하행,2025-05-01T05:00:00,,평일
신분당선,4319,광교,D19,,20250619,신분당선,4304,신사,D4,N,신분당선,,4304,신사,D4,N,,19:38:20,,GW125,하행,2025-05-01T05:00:00,,평일
신분당선,4319,광교,D19,,20250619,신분당선,4304,신사,D4,N,신분당선,,4305,논현,D5,N,19:39:18,19:39:53,,GW125,하행,2025-05-01T05:00:00,,평일
신분당선,4319,광교,D19,,20250619,신분당선,4304,신사,D4,N,신분당선,,4306,신논현,D6,N,19:41:03,19:41:38,,GW125,하행,2025-05-01T05:00:00,,평일
신분당선,4319,광교,D19,,20250619,신분당선,4304,신사,D4,N,신분당선,,4307,강남,D7,N,19:42:46,19:43:26,,GW125,하행,2025-05-01T05:00:00,,평일
신분당선,4319,광교,D19,,20250619,신분당선,4304,신사,D4,N,신분당선,,4308,양재,D8,N,19:45:04,19:45:34,,GW125,하행,2025-05-01T05:00:00,,평일
신분당선,4319,광교,D19,,20250619,신분당선,4304,신사,D4,N,신분당선,,4309,양재시민의숲,D9,N,19:47:15,19:47:45,,GW125,하행,2025-05-01T05:00:00,,평일
신분당선,4319,광교,D19,,20250619,신분당선,4304,신사,D4,N,신분당선,,4310,청계산입구,D10,N,19:50:15,19:50:40,,GW125,하행,2025-05-01T05:00:00,,평일
신분당선,4319,광교,D19,,20250619,신분당선,4304,신사,D4,N,신분당선,,4311,판교,D11,N,19:56:43,19:57:23,,GW125,하행,2025-05-01T05:00:00,,평일
신분당선,4319,광교,D19,,20250619,신분당선,4304,신사,D4,N,신분당선,,4312,정자,D12,N,20:00:11,20:00:51,,GW125,하행,2025-05-01T05:00:00,,평일
신분당선,4319,광교,D19,,20250619,신분당선,4304,신사,D4,N,신분당선,,4313,미금,D13,N,20:03:01,20:03:31,,GW125,하행,2025-05-01T05:00:00,,평일
신분당선,4319,광교,D19,,20250619,신분당선,4304,신사,D4,N,신분당선,,4314,동천,D14,N,20:05:39,20:06:09,,GW125,하행,2025-05-01T05:00:00,,평일
신분당선,4319,광교,D19,,20250619,신분당선,4304,신사,D4,N,신분당선,,4315,수지구청,D15,N,20:08:33,20:09:03,,GW125,하행,2025-05-01T05:00:00,,평일
신분당선,4319,광교,D19,,20250619,신분당선,4304,신사,D4,N,신분당선,,4316,성복,D16,N,20:11:05,20:11:35,,GW125,하행,2025-05-01T05:00:00,,평일
신분당선,4319,광교,D19,,20250619,신분당선,4304,신사,D4,N,신분당선,,4317,상현,D17,N,20:14:06,20:14:31,,GW125,하행,2025-05-01T05:00:00,,평일
신분당선,4319,광교,D19,,20250619,신분당선,4304,신사,D4,N,신분당선,,4318,광교중앙,D18,N,20:17:17,20:17:42,,GW125,하행,2025-05-01T05:00:00,,평일
신분당선,4319,광교,D19,,20250619,신분당선,4304,신사,D4,N,신분당선,,4319,광교,D19,N,20:20:47,,,GW125,하행,2025-05-01T05:00:00,,평일
신분당선,4319,광교,D19,,20250619,신분당선,4304,신사,D4,N,신분당선,,4304,신사,D4,N,,19:43:20,,GW126,하행,2025-05-01T05:00:00,,평일
신분당선,4319,광교,D19,,20250619,신분당선,4304,신사,D4,N,신분당선,,4305,논현,D5,N,19:44:18,19:44:53,,GW126,하행,2025-05-01T05:00:00,,평일
신분당선,4319,광교,D19,,20250619,신분당선,4304,신사,D4,N,신분당선,,4306,신논현,D6,N,19:46:03,19:46:38,,GW126,하행,2025-05-01T05:00:00,,평일
신분당선,4319,광교,D19,,20250619,신분당선,4304,신사,D4,N,신분당선,,4307,강남,D7,N,19:47:46,19:48:26,,GW126,하행,2025-05-01T05:00:00,,평일
신분당선,4319,광교,D19,,20250619,신분당선,4304,신사,D4,N,신분당선,,4308,양재,D8,N,19:50:04,19:50:34,,GW126,하행,2025-05-01T05:00:00,,평일
신분당선,4319,광교,D19,,20250619,신분당선,4304,신사,D4,N,신분당선,,4309,양재시민의숲,D9,N,19:52:15,19:52:45,,GW126,하행,2025-05-01T05:00:00,,평일
신분당선,4319,광교,D19,,20250619,신분당선,4304,신사,D4,N,신분당선,,4310,청계산입구,D10,N,19:55:15,19:55:40,,GW126,하행,2025-05-01T05:00:00,,평일
신분당선,4319,광교,D19,,20250619,신분당선,4304,신사,D4,N,신분당선,,4311,판교,D11,N,20:01:43,20:02:23,,GW126,하행,2025-05-01T05:00:00,,평일
신분당선,4319,광교,D19,,20250619,신분당선,4304,신사,D4,N,신분당선,,4312,정자,D12,N,20:05:11,20:05:51,,GW126,하행,2025-05-01T05:00:00,,평일
신분당선,4319,광교,D19,,20250619,신분당선,4304,신사,D4,N,신분당선,,4313,미금,D13,N,20:08:01,20:08:31,,GW126,하행,2025-05-01T05:00:00,,평일
신분당선,4319,광교,D19,,20250619,신분당선,4304,신사,D4,N,신분당선,,4314,동천,D14,N,20:10:39,20:11:09,,GW126,하행,2025-05-01T05:00:00,,평일
신분당선,4319,광교,D19,,20250619,신분당선,4304,신사,D4,N,신분당선,,4315,수지구청,D15,N,20:13:33,20:14:03,,GW126,하행,2025-05-01T05:00:00,,평일
신분당선,4319,광교,D19,,20250619,신분당선,4304,신사,D4,N,신분당선,,4316,성복,D16,N,20:16:05,20:16:35,,GW126,하행,2025-05-01T05:00:00,,평일
신분당선,4319,광교,D19,,20250619,신분당선,4304,신사,D4,N,신분당선,,4317,상현,D17,N,20:19:06,20:19:31,,GW126,하행,2025-05-01T05:00:00,,평일
신분당선,4319,광교,D19,,20250619,신분당선,4304,신사,D4,N,신분당선,,4318,광교중앙,D18,N,20:22:17,20:22:42,,GW126,하행,2025-05-01T05:00:00,,평일
신분당선,4319,광교,D19,,20250619,신분당선,4304,신사,D4,N,신분당선,,4319,광교,D19,N,20:25:47,,,GW126,하행,2025-05-01T05:00:00,,평일
신분당선,4319,광교,D19,,20250619,신분당선,4304,신사,D4,N,신분당선,,4304,신사,D4,N,,19:48:20,,GW127,하행,2025-05-01T05:00:00,,평일
신분당선,4319,광교,D19,,20250619,신분당선,4304,신사,D4,N,신분당선,,4305,논현,D5,N,19:49:18,19:49:53,,GW127,하행,2025-05-01T05:00:00,,평일
신분당선,4319,광교,D19,,20250619,신분당선,4304,신사,D4,N,신분당선,,4306,신논현,D6,N,19:51:03,19:51:38,,GW127,하행,2025-05-01T05:00:00,,평일
신분당선,4319,광교,D19,,20250619,신분당선,4304,신사,D4,N,신분당선,,4307,강남,D7,N,19:52:46,19:53:26,,GW127,하행,2025-05-01T05:00:00,,평일
신분당선,4319,광교,D19,,20250619,신분당선,4304,신사,D4,N,신분당선,,4308,양재,D8,N,19:55:04,19:55:34,,GW127,하행,2025-05-01T05:00:00,,평일
신분당선,4319,광교,D19,,20250619,신분당선,4304,신사,D4,N,신분당선,,4309,양재시민의숲,D9,N,19:57:15,19:57:45,,GW127,하행,2025-05-01T05:00:00,,평일
신분당선,4319,광교,D19,,20250619,신분당선,4304,신사,D4,N,신분당선,,4310,청계산입구,D10,N,20:00:15,20:00:40,,GW127,하행,2025-05-01T05:00:00,,평일
신분당선,4319,광교,D19,,20250619,신분당선,4304,신사,D4,N,신분당선,,4311,판교,D11,N,20:06:43,20:07:23,,GW127,하행,2025-05-01T05:00:00,,평일
신분당선,4319,광교,D19,,20250619,신분당선,4304,신사,D4,N,신분당선,,4312,정자,D12,N,20:10:11,20:10:51,,GW127,하행,2025-05-01T05:00:00,,평일
신분당선,4319,광교,D19,,20250619,신분당선,4304,신사,D4,N,신분당선,,4313,미금,D13,N,20:13:01,20:13:31,,GW127,하행,2025-05-01T05:00:00,,평일
신분당선,4319,광교,D19,,20250619,신분당선,4304,신사,D4,N,신분당선,,4314,동천,D14,N,20:15:39,20:16:09,,GW127,하행,2025-05-01T05:00:00,,평일
신분당선,4319,광교,D19,,20250619,신분당선,4304,신사,D4,N,신분당선,,4315,수지구청,D15,N,20:18:33,20:19:03,,GW127,하행,2025-05-01T05:00:00,,평일
신분당선,4319,광교,D19,,20250619,신분당선,4304,신사,D4,N,신분당선,,4316,성복,D16,N,20:21:05,20:21:35,,GW127,하행,2025-05-01T05:00:00,,평일
신분당선,4319,광교,D19,,20250619,신분당선,4304,신사,D4,N,신분당선,,4317,상현,D17,N,20:24:06,20:24:31,,GW127,하행,2025-05-01T05:00:00,,평일
신분당선,4319,광교,D19,,20250619,신분당선,4304,신사,D4,N,신분당선,,4318,광교중앙,D18,N,20:27:17,20:27:42,,GW127,하행,2025-05-01T05:00:00,,평일
신분당선,4319,광교,D19,,20250619,신분당선,4304,신사,D4,N,신분당선,,4319,광교,D19,N,20:30:47,,,GW127,하행,2025-05-01T05:00:00,,평일
신분당선,4319,광교,D19,,20250619,신분당선,4304,신사,D4,N,신분당선,,4304,신사,D4,N,,19:53:20,,GW128,하행,2025-05-01T05:00:00,,평일
신분당선,4319,광교,D19,,20250619,신분당선,4304,신사,D4,N,신분당선,,4305,논현,D5,N,19:54:18,19:54:53,,GW128,하행,2025-05-01T05:00:00,,평일
신분당선,4319,광교,D19,,20250619,신분당선,4304,신사,D4,N,신분당선,,4306,신논현,D6,N,19:56:03,19:56:38,,GW128,하행,2025-05-01T05:00:00,,평일
신분당선,4319,광교,D19,,20250619,신분당선,4304,신사,D4,N,신분당선,,4307,강남,D7,N,19:57:46,19:58:26,,GW128,하행,2025-05-01T05:00:00,,평일
신분당선,4319,광교,D19,,20250619,신분당선,4304,신사,D4,N,신분당선,,4308,양재,D8,N,20:00:04,20:00:34,,GW128,하행,2025-05-01T05:00:00,,평일
신분당선,4319,광교,D19,,20250619,신분당선,4304,신사,D4,N,신분당선,,4309,양재시민의숲,D9,N,20:02:15,20:02:45,,GW128,하행,2025-05-01T05:00:00,,평일
신분당선,4319,광교,D19,,20250619,신분당선,4304,신사,D4,N,신분당선,,4310,청계산입구,D10,N,20:05:15,20:05:40,,GW128,하행,2025-05-01T05:00:00,,평일
신분당선,4319,광교,D19,,20250619,신분당선,4304,신사,D4,N,신분당선,,4311,판교,D11,N,20:11:43,20:12:23,,GW128,하행,2025-05-01T05:00:00,,평일
신분당선,4319,광교,D19,,20250619,신분당선,4304,신사,D4,N,신분당선,,4312,정자,D12,N,20:15:11,20:15:51,,GW128,하행,2025-05-01T05:00:00,,평일
신분당선,4319,광교,D19,,20250619,신분당선,4304,신사,D4,N,신분당선,,4313,미금,D13,N,20:18:01,20:18:31,,GW128,하행,2025-05-01T05:00:00,,평일
신분당선,4319,광교,D19,,20250619,신분당선,4304,신사,D4,N,신분당선,,4314,동천,D14,N,20:20:39,20:21:09,,GW128,하행,2025-05-01T05:00:00,,평일
신분당선,4319,광교,D19,,20250619,신분당선,4304,신사,D4,N,신분당선,,4315,수지구청,D15,N,20:23:33,20:24:03,,GW128,하행,2025-05-01T05:00:00,,평일
신분당선,4319,광교,D19,,20250619,신분당선,4304,신사,D4,N,신분당선,,4316,성복,D16,N,20:26:05,20:26:35,,GW128,하행,2025-05-01T05:00:00,,평일
신분당선,4319,광교,D19,,20250619,신분당선,4304,신사,D4,N,신분당선,,4317,상현,D17,N,20:29:06,20:29:31,,GW128,하행,2025-05-01T05:00:00,,평일
신분당선,4319,광교,D19,,20250619,신분당선,4304,신사,D4,N,신분당선,,4318,광교중앙,D18,N,20:32:17,20:32:42,,GW128,하행,2025-05-01T05:00:00,,평일
신분당선,4319,광교,D19,,20250619,신분당선,4304,신사,D4,N,신분당선,,4319,광교,D19,N,20:35:47,,,GW128,하행,2025-05-01T05:00:00,,평일
신분당선,4319,광교,D19,,20250619,신분당선,4304,신사,D4,N,신분당선,,4304,신사,D4,N,,19:58:20,,GW129,하행,2025-05-01T05:00:00,,평일
신분당선,4319,광교,D19,,20250619,신분당선,4304,신사,D4,N,신분당선,,4305,논현,D5,N,19:59:18,19:59:53,,GW129,하행,2025-05-01T05:00:00,,평일
신분당선,4319,광교,D19,,20250619,신분당선,4304,신사,D4,N,신분당선,,4306,신논현,D6,N,20:01:03,20:01:38,,GW129,하행,2025-05-01T05:00:00,,평일
신분당선,4319,광교,D19,,20250619,신분당선,4304,신사,D4,N,신분당선,,4307,강남,D7,N,20:02:46,20:03:26,,GW129,하행,2025-05-01T05:00:00,,평일
신분당선,4319,광교,D19,,20250619,신분당선,4304,신사,D4,N,신분당선,,4308,양재,D8,N,20:05:04,20:05:34,,GW129,하행,2025-05-01T05:00:00,,평일
신분당선,4319,광교,D19,,20250619,신분당선,4304,신사,D4,N,신분당선,,4309,양재시민의숲,D9,N,20:07:15,20:07:45,,GW129,하행,2025-05-01T05:00:00,,평일
신분당선,4319,광교,D19,,20250619,신분당선,4304,신사,D4,N,신분당선,,4310,청계산입구,D10,N,20:10:15,20:10:40,,GW129,하행,2025-05-01T05:00:00,,평일
신분당선,4319,광교,D19,,20250619,신분당선,4304,신사,D4,N,신분당선,,4311,판교,D11,N,20:16:43,20:17:23,,GW129,하행,2025-05-01T05:00:00,,평일
신분당선,4319,광교,D19,,20250619,신분당선,4304,신사,D4,N,신분당선,,4312,정자,D12,N,20:20:11,20:20:51,,GW129,하행,2025-05-01T05:00:00,,평일
신분당선,4319,광교,D19,,20250619,신분당선,4304,신사,D4,N,신분당선,,4313,미금,D13,N,20:23:01,20:23:31,,GW129,하행,2025-05-01T05:00:00,,평일
신분당선,4319,광교,D19,,20250619,신분당선,4304,신사,D4,N,신분당선,,4314,동천,D14,N,20:25:39,20:26:09,,GW129,하행,2025-05-01T05:00:00,,평일
신분당선,4319,광교,D19,,20250619,신분당선,4304,신사,D4,N,신분당선,,4315,수지구청,D15,N,20:28:33,20:29:03,,GW129,하행,2025-05-01T05:00:00,,평일
신분당선,4319,광교,D19,,20250619,신분당선,4304,신사,D4,N,신분당선,,4316,성복,D16,N,20:31:05,20:31:35,,GW129,하행,2025-05-01T05:00:00,,평일
신분당선,4319,광교,D19,,20250619,신분당선,4304,신사,D4,N,신분당선,,4317,상현,D17,N,20:34:06,20:34:31,,GW129,하행,2025-05-01T05:00:00,,평일
신분당선,4319,광교,D19,,20250619,신분당선,4304,신사,D4,N,신분당선,,4318,광교중앙,D18,N,20:37:17,20:37:42,,GW129,하행,2025-05-01T05:00:00,,평일
신분당선,4319,광교,D19,,20250619,신분당선,4304,신사,D4,N,신분당선,,4319,광교,D19,N,20:40:47,,,GW129,하행,2025-05-01T05:00:00,,평일
신분당선,4319,광교,D19,,20250619,신분당선,4304,신사,D4,N,신분당선,,4304,신사,D4,N,,20:03:20,,GW130,하행,2025-05-01T05:00:00,,평일
신분당선,4319,광교,D19,,20250619,신분당선,4304,신사,D4,N,신분당선,,4305,논현,D5,N,20:04:18,20:04:53,,GW130,하행,2025-05-01T05:00:00,,평일
신분당선,4319,광교,D19,,20250619,신분당선,4304,신사,D4,N,신분당선,,4306,신논현,D6,N,20:06:03,20:06:38,,GW130,하행,2025-05-01T05:00:00,,평일
신분당선,4319,광교,D19,,20250619,신분당선,4304,신사,D4,N,신분당선,,4307,강남,D7,N,20:07:46,20:08:26,,GW130,하행,2025-05-01T05:00:00,,평일
신분당선,4319,광교,D19,,20250619,신분당선,4304,신사,D4,N,신분당선,,4308,양재,D8,N,20:10:04,20:10:34,,GW130,하행,2025-05-01T05:00:00,,평일
신분당선,4319,광교,D19,,20250619,신분당선,4304,신사,D4,N,신분당선,,4309,양재시민의숲,D9,N,20:12:15,20:12:45,,GW130,하행,2025-05-01T05:00:00,,평일
신분당선,4319,광교,D19,,20250619,신분당선,4304,신사,D4,N,신분당선,,4310,청계산입구,D10,N,20:15:15,20:15:40,,GW130,하행,2025-05-01T05:00:00,,평일
신분당선,4319,광교,D19,,20250619,신분당선,4304,신사,D4,N,신분당선,,4311,판교,D11,N,20:21:43,20:22:23,,GW130,하행,2025-05-01T05:00:00,,평일
신분당선,4319,광교,D19,,20250619,신분당선,4304,신사,D4,N,신분당선,,4312,정자,D12,N,20:25:11,20:25:51,,GW130,하행,2025-05-01T05:00:00,,평일
신분당선,4319,광교,D19,,20250619,신분당선,4304,신사,D4,N,신분당선,,4313,미금,D13,N,20:28:01,20:28:31,,GW130,하행,2025-05-01T05:00:00,,평일
신분당선,4319,광교,D19,,20250619,신분당선,4304,신사,D4,N,신분당선,,4314,동천,D14,N,20:30:39,20:31:09,,GW130,하행,2025-05-01T05:00:00,,평일
신분당선,4319,광교,D19,,20250619,신분당선,4304,신사,D4,N,신분당선,,4315,수지구청,D15,N,20:33:33,20:34:03,,GW130,하행,2025-05-01T05:00:00,,평일
신분당선,4319,광교,D19,,20250619,신분당선,4304,신사,D4,N,신분당선,,4316,성복,D16,N,20:36:05,20:36:35,,GW130,하행,2025-05-01T05:00:00,,평일
신분당선,4319,광교,D19,,20250619,신분당선,4304,신사,D4,N,신분당선,,4317,상현,D17,N,20:39:06,20:39:31,,GW130,하행,2025-05-01T05:00:00,,평일
신분당선,4319,광교,D19,,20250619,신분당선,4304,신사,D4,N,신분당선,,4318,광교중앙,D18,N,20:42:17,20:42:42,,GW130,하행,2025-05-01T05:00:00,,평일
신분당선,4319,광교,D19,,20250619,신분당선,4304,신사,D4,N,신분당선,,4319,광교,D19,N,20:45:47,,,GW130,하행,2025-05-01T05:00:00,,평일
신분당선,4319,광교,D19,,20250619,신분당선,4304,신사,D4,N,신분당선,,4304,신사,D4,N,,20:08:20,,GW131,하행,2025-05-01T05:00:00,,평일
신분당선,4319,광교,D19,,20250619,신분당선,4304,신사,D4,N,신분당선,,4305,논현,D5,N,20:09:18,20:09:53,,GW131,하행,2025-05-01T05:00:00,,평일
신분당선,4319,광교,D19,,20250619,신분당선,4304,신사,D4,N,신분당선,,4306,신논현,D6,N,20:11:03,20:11:38,,GW131,하행,2025-05-01T05:00:00,,평일
신분당선,4319,광교,D19,,20250619,신분당선,4304,신사,D4,N,신분당선,,4307,강남,D7,N,20:12:46,20:13:26,,GW131,하행,2025-05-01T05:00:00,,평일
신분당선,4319,광교,D19,,20250619,신분당선,4304,신사,D4,N,신분당선,,4308,양재,D8,N,20:15:04,20:15:34,,GW131,하행,2025-05-01T05:00:00,,평일
신분당선,4319,광교,D19,,20250619,신분당선,4304,신사,D4,N,신분당선,,4309,양재시민의숲,D9,N,20:17:15,20:17:45,,GW131,하행,2025-05-01T05:00:00,,평일
신분당선,4319,광교,D19,,20250619,신분당선,4304,신사,D4,N,신분당선,,4310,청계산입구,D10,N,20:20:15,20:20:40,,GW131,하행,2025-05-01T05:00:00,,평일
신분당선,4319,광교,D19,,20250619,신분당선,4304,신사,D4,N,신분당선,,4311,판교,D11,N,20:26:43,20:27:23,,GW131,하행,2025-05-01T05:00:00,,평일
신분당선,4319,광교,D19,,20250619,신분당선,4304,신사,D4,N,신분당선,,4312,정자,D12,N,20:30:11,20:30:51,,GW131,하행,2025-05-01T05:00:00,,평일
신분당선,4319,광교,D19,,20250619,신분당선,4304,신사,D4,N,신분당선,,4313,미금,D13,N,20:33:01,20:33:31,,GW131,하행,2025-05-01T05:00:00,,평일
신분당선,4319,광교,D19,,20250619,신분당선,4304,신사,D4,N,신분당선,,4314,동천,D14,N,20:35:39,20:36:09,,GW131,하행,2025-05-01T05:00:00,,평일
신분당선,4319,광교,D19,,20250619,신분당선,4304,신사,D4,N,신분당선,,4315,수지구청,D15,N,20:38:33,20:39:03,,GW131,하행,2025-05-01T05:00:00,,평일
신분당선,4319,광교,D19,,20250619,신분당선,4304,신사,D4,N,신분당선,,4316,성복,D16,N,20:41:05,20:41:35,,GW131,하행,2025-05-01T05:00:00,,평일
신분당선,4319,광교,D19,,20250619,신분당선,4304,신사,D4,N,신분당선,,4317,상현,D17,N,20:44:06,20:44:31,,GW131,하행,2025-05-01T05:00:00,,평일
신분당선,4319,광교,D19,,20250619,신분당선,4304,신사,D4,N,신분당선,,4318,광교중앙,D18,N,20:47:17,20:47:42,,GW131,하행,2025-05-01T05:00:00,,평일
신분당선,4319,광교,D19,,20250619,신분당선,4304,신사,D4,N,신분당선,,4319,광교,D19,N,20:50:47,,,GW131,하행,2025-05-01T05:00:00,,평일
신분당선,4319,광교,D19,,20250619,신분당선,4304,신사,D4,N,신분당선,,4304,신사,D4,N,,20:14:20,,GW132,하행,2025-05-01T05:00:00,,평일
신분당선,4319,광교,D19,,20250619,신분당선,4304,신사,D4,N,신분당선,,4305,논현,D5,N,20:15:18,20:15:53,,GW132,하행,2025-05-01T05:00:00,,평일
신분당선,4319,광교,D19,,20250619,신분당선,4304,신사,D4,N,신분당선,,4306,신논현,D6,N,20:17:03,20:17:38,,GW132,하행,2025-05-01T05:00:00,,평일
신분당선,4319,광교,D19,,20250619,신분당선,4304,신사,D4,N,신분당선,,4307,강남,D7,N,20:18:46,20:19:26,,GW132,하행,2025-05-01T05:00:00,,평일
신분당선,4319,광교,D19,,20250619,신분당선,4304,신사,D4,N,신분당선,,4308,양재,D8,N,20:21:04,20:21:34,,GW132,하행,2025-05-01T05:00:00,,평일
신분당선,4319,광교,D19,,20250619,신분당선,4304,신사,D4,N,신분당선,,4309,양재시민의숲,D9,N,20:23:15,20:23:45,,GW132,하행,2025-05-01T05:00:00,,평일
신분당선,4319,광교,D19,,20250619,신분당선,4304,신사,D4,N,신분당선,,4310,청계산입구,D10,N,20:26:15,20:26:40,,GW132,하행,2025-05-01T05:00:00,,평일
신분당선,4319,광교,D19,,20250619,신분당선,4304,신사,D4,N,신분당선,,4311,판교,D11,N,20:32:43,20:33:23,,GW132,하행,2025-05-01T05:00:00,,평일
신분당선,4319,광교,D19,,20250619,신분당선,4304,신사,D4,N,신분당선,,4312,정자,D12,N,20:36:11,20:36:51,,GW132,하행,2025-05-01T05:00:00,,평일
신분당선,4319,광교,D19,,20250619,신분당선,4304,신사,D4,N,신분당선,,4313,미금,D13,N,20:39:01,20:39:31,,GW132,하행,2025-05-01T05:00:00,,평일
신분당선,4319,광교,D19,,20250619,신분당선,4304,신사,D4,N,신분당선,,4314,동천,D14,N,20:41:39,20:42:09,,GW132,하행,2025-05-01T05:00:00,,평일
신분당선,4319,광교,D19,,20250619,신분당선,4304,신사,D4,N,신분당선,,4315,수지구청,D15,N,20:44:33,20:45:03,,GW132,하행,2025-05-01T05:00:00,,평일
신분당선,4319,광교,D19,,20250619,신분당선,4304,신사,D4,N,신분당선,,4316,성복,D16,N,20:47:05,20:47:35,,GW132,하행,2025-05-01T05:00:00,,평일
신분당선,4319,광교,D19,,20250619,신분당선,4304,신사,D4,N,신분당선,,4317,상현,D17,N,20:50:06,20:50:31,,GW132,하행,2025-05-01T05:00:00,,평일
신분당선,4319,광교,D19,,20250619,신분당선,4304,신사,D4,N,신분당선,,4318,광교중앙,D18,N,20:53:17,20:53:42,,GW132,하행,2025-05-01T05:00:00,,평일
신분당선,4319,광교,D19,,20250619,신분당선,4304,신사,D4,N,신분당선,,4319,광교,D19,N,20:56:47,,,GW132,하행,2025-05-01T05:00:00,,평일
신분당선,4319,광교,D19,,20250619,신분당선,4304,신사,D4,N,신분당선,,4304,신사,D4,N,,20:20:28,,GW133,하행,2025-05-01T05:00:00,,평일
신분당선,4319,광교,D19,,20250619,신분당선,4304,신사,D4,N,신분당선,,4305,논현,D5,N,20:21:26,20:22:01,,GW133,하행,2025-05-01T05:00:00,,평일
신분당선,4319,광교,D19,,20250619,신분당선,4304,신사,D4,N,신분당선,,4306,신논현,D6,N,20:23:11,20:23:46,,GW133,하행,2025-05-01T05:00:00,,평일
신분당선,4319,광교,D19,,20250619,신분당선,4304,신사,D4,N,신분당선,,4307,강남,D7,N,20:24:54,20:25:29,,GW133,하행,2025-05-01T05:00:00,,평일
신분당선,4319,광교,D19,,20250619,신분당선,4304,신사,D4,N,신분당선,,4308,양재,D8,N,20:27:07,20:27:42,,GW133,하행,2025-05-01T05:00:00,,평일
신분당선,4319,광교,D19,,20250619,신분당선,4304,신사,D4,N,신분당선,,4309,양재시민의숲,D9,N,20:29:23,20:29:53,,GW133,하행,2025-05-01T05:00:00,,평일
신분당선,4319,광교,D19,,20250619,신분당선,4304,신사,D4,N,신분당선,,4310,청계산입구,D10,N,20:32:23,20:32:48,,GW133,하행,2025-05-01T05:00:00,,평일
신분당선,4319,광교,D19,,20250619,신분당선,4304,신사,D4,N,신분당선,,4311,판교,D11,N,20:38:51,20:39:26,,GW133,하행,2025-05-01T05:00:00,,평일
신분당선,4319,광교,D19,,20250619,신분당선,4304,신사,D4,N,신분당선,,4312,정자,D12,N,20:42:14,20:42:49,,GW133,하행,2025-05-01T05:00:00,,평일
신분당선,4319,광교,D19,,20250619,신분당선,4304,신사,D4,N,신분당선,,4313,미금,D13,N,20:44:59,20:45:29,,GW133,하행,2025-05-01T05:00:00,,평일
신분당선,4319,광교,D19,,20250619,신분당선,4304,신사,D4,N,신분당선,,4314,동천,D14,N,20:47:37,20:48:07,,GW133,하행,2025-05-01T05:00:00,,평일
신분당선,4319,광교,D19,,20250619,신분당선,4304,신사,D4,N,신분당선,,4315,수지구청,D15,N,20:50:31,20:51:01,,GW133,하행,2025-05-01T05:00:00,,평일
신분당선,4319,광교,D19,,20250619,신분당선,4304,신사,D4,N,신분당선,,4316,성복,D16,N,20:53:03,20:53:33,,GW133,하행,2025-05-01T05:00:00,,평일
신분당선,4319,광교,D19,,20250619,신분당선,4304,신사,D4,N,신분당선,,4317,상현,D17,N,20:56:04,20:56:29,,GW133,하행,2025-05-01T05:00:00,,평일
신분당선,4319,광교,D19,,20250619,신분당선,4304,신사,D4,N,신분당선,,4318,광교중앙,D18,N,20:59:15,20:59:40,,GW133,하행,2025-05-01T05:00:00,,평일
신분당선,4319,광교,D19,,20250619,신분당선,4304,신사,D4,N,신분당선,,4319,광교,D19,N,21:02:45,,,GW133,하행,2025-05-01T05:00:00,,평일
신분당선,4319,광교,D19,,20250619,신분당선,4304,신사,D4,N,신분당선,,4304,신사,D4,N,,20:26:28,,GW134,하행,2025-05-01T05:00:00,,평일
신분당선,4319,광교,D19,,20250619,신분당선,4304,신사,D4,N,신분당선,,4305,논현,D5,N,20:27:26,20:28:01,,GW134,하행,2025-05-01T05:00:00,,평일
신분당선,4319,광교,D19,,20250619,신분당선,4304,신사,D4,N,신분당선,,4306,신논현,D6,N,20:29:11,20:29:46,,GW134,하행,2025-05-01T05:00:00,,평일
신분당선,4319,광교,D19,,20250619,신분당선,4304,신사,D4,N,신분당선,,4307,강남,D7,N,20:30:54,20:31:29,,GW134,하행,2025-05-01T05:00:00,,평일
신분당선,4319,광교,D19,,20250619,신분당선,4304,신사,D4,N,신분당선,,4308,양재,D8,N,20:33:07,20:33:42,,GW134,하행,2025-05-01T05:00:00,,평일
신분당선,4319,광교,D19,,20250619,신분당선,4304,신사,D4,N,신분당선,,4309,양재시민의숲,D9,N,20:35:23,20:35:53,,GW134,하행,2025-05-01T05:00:00,,평일
신분당선,4319,광교,D19,,20250619,신분당선,4304,신사,D4,N,신분당선,,4310,청계산입구,D10,N,20:38:23,20:38:48,,GW134,하행,2025-05-01T05:00:00,,평일
신분당선,4319,광교,D19,,20250619,신분당선,4304,신사,D4,N,신분당선,,4311,판교,D11,N,20:44:51,20:45:26,,GW134,하행,2025-05-01T05:00:00,,평일
신분당선,4319,광교,D19,,20250619,신분당선,4304,신사,D4,N,신분당선,,4312,정자,D12,N,20:48:14,20:48:49,,GW134,하행,2025-05-01T05:00:00,,평일
신분당선,4319,광교,D19,,20250619,신분당선,4304,신사,D4,N,신분당선,,4313,미금,D13,N,20:50:59,20:51:29,,GW134,하행,2025-05-01T05:00:00,,평일
신분당선,4319,광교,D19,,20250619,신분당선,4304,신사,D4,N,신분당선,,4314,동천,D14,N,20:53:37,20:54:07,,GW134,하행,2025-05-01T05:00:00,,평일
신분당선,4319,광교,D19,,20250619,신분당선,4304,신사,D4,N,신분당선,,4315,수지구청,D15,N,20:56:31,20:57:01,,GW134,하행,2025-05-01T05:00:00,,평일
신분당선,4319,광교,D19,,20250619,신분당선,4304,신사,D4,N,신분당선,,4316,성복,D16,N,20:59:03,20:59:33,,GW134,하행,2025-05-01T05:00:00,,평일
신분당선,4319,광교,D19,,20250619,신분당선,4304,신사,D4,N,신분당선,,4317,상현,D17,N,21:02:04,21:02:29,,GW134,하행,2025-05-01T05:00:00,,평일
신분당선,4319,광교,D19,,20250619,신분당선,4304,신사,D4,N,신분당선,,4318,광교중앙,D18,N,21:05:15,21:05:40,,GW134,하행,2025-05-01T05:00:00,,평일
신분당선,4319,광교,D19,,20250619,신분당선,4304,신사,D4,N,신분당선,,4319,광교,D19,N,21:08:45,,,GW134,하행,2025-05-01T05:00:00,,평일
신분당선,4319,광교,D19,,20250619,신분당선,4304,신사,D4,N,신분당선,,4304,신사,D4,N,,20:33:20,,GW135,하행,2025-05-01T05:00:00,,평일
신분당선,4319,광교,D19,,20250619,신분당선,4304,신사,D4,N,신분당선,,4305,논현,D5,N,20:34:18,20:34:53,,GW135,하행,2025-05-01T05:00:00,,평일
신분당선,4319,광교,D19,,20250619,신분당선,4304,신사,D4,N,신분당선,,4306,신논현,D6,N,20:36:03,20:36:38,,GW135,하행,2025-05-01T05:00:00,,평일
신분당선,4319,광교,D19,,20250619,신분당선,4304,신사,D4,N,신분당선,,4307,강남,D7,N,20:37:46,20:38:26,,GW135,하행,2025-05-01T05:00:00,,평일
신분당선,4319,광교,D19,,20250619,신분당선,4304,신사,D4,N,신분당선,,4308,양재,D8,N,20:40:04,20:40:34,,GW135,하행,2025-05-01T05:00:00,,평일
신분당선,4319,광교,D19,,20250619,신분당선,4304,신사,D4,N,신분당선,,4309,양재시민의숲,D9,N,20:42:15,20:42:45,,GW135,하행,2025-05-01T05:00:00,,평일
신분당선,4319,광교,D19,,20250619,신분당선,4304,신사,D4,N,신분당선,,4310,청계산입구,D10,N,20:45:15,20:45:40,,GW135,하행,2025-05-01T05:00:00,,평일
신분당선,4319,광교,D19,,20250619,신분당선,4304,신사,D4,N,신분당선,,4311,판교,D11,N,20:51:43,20:52:23,,GW135,하행,2025-05-01T05:00:00,,평일
신분당선,4319,광교,D19,,20250619,신분당선,4304,신사,D4,N,신분당선,,4312,정자,D12,N,20:55:11,20:55:51,,GW135,하행,2025-05-01T05:00:00,,평일
신분당선,4319,광교,D19,,20250619,신분당선,4304,신사,D4,N,신분당선,,4313,미금,D13,N,20:58:01,20:58:31,,GW135,하행,2025-05-01T05:00:00,,평일
신분당선,4319,광교,D19,,20250619,신분당선,4304,신사,D4,N,신분당선,,4314,동천,D14,N,21:00:39,21:01:09,,GW135,하행,2025-05-01T05:00:00,,평일
신분당선,4319,광교,D19,,20250619,신분당선,4304,신사,D4,N,신분당선,,4315,수지구청,D15,N,21:03:33,21:04:03,,GW135,하행,2025-05-01T05:00:00,,평일
신분당선,4319,광교,D19,,20250619,신분당선,4304,신사,D4,N,신분당선,,4316,성복,D16,N,21:06:05,21:06:35,,GW135,하행,2025-05-01T05:00:00,,평일
신분당선,4319,광교,D19,,20250619,신분당선,4304,신사,D4,N,신분당선,,4317,상현,D17,N,21:09:06,21:09:31,,GW135,하행,2025-05-01T05:00:00,,평일
신분당선,4319,광교,D19,,20250619,신분당선,4304,신사,D4,N,신분당선,,4318,광교중앙,D18,N,21:12:17,21:12:42,,GW135,하행,2025-05-01T05:00:00,,평일
신분당선,4319,광교,D19,,20250619,신분당선,4304,신사,D4,N,신분당선,,4319,광교,D19,N,21:15:47,,,GW135,하행,2025-05-01T05:00:00,,평일
신분당선,4319,광교,D19,,20250619,신분당선,4304,신사,D4,N,신분당선,,4304,신사,D4,N,,20:39:20,,GW136,하행,2025-05-01T05:00:00,,평일
신분당선,4319,광교,D19,,20250619,신분당선,4304,신사,D4,N,신분당선,,4305,논현,D5,N,20:40:18,20:40:53,,GW136,하행,2025-05-01T05:00:00,,평일
신분당선,4319,광교,D19,,20250619,신분당선,4304,신사,D4,N,신분당선,,4306,신논현,D6,N,20:42:03,20:42:38,,GW136,하행,2025-05-01T05:00:00,,평일
신분당선,4319,광교,D19,,20250619,신분당선,4304,신사,D4,N,신분당선,,4307,강남,D7,N,20:43:46,20:44:26,,GW136,하행,2025-05-01T05:00:00,,평일
신분당선,4319,광교,D19,,20250619,신분당선,4304,신사,D4,N,신분당선,,4308,양재,D8,N,20:46:04,20:46:34,,GW136,하행,2025-05-01T05:00:00,,평일
신분당선,4319,광교,D19,,20250619,신분당선,4304,신사,D4,N,신분당선,,4309,양재시민의숲,D9,N,20:48:15,20:48:45,,GW136,하행,2025-05-01T05:00:00,,평일
신분당선,4319,광교,D19,,20250619,신분당선,4304,신사,D4,N,신분당선,,4310,청계산입구,D10,N,20:51:15,20:51:40,,GW136,하행,2025-05-01T05:00:00,,평일
신분당선,4319,광교,D19,,20250619,신분당선,4304,신사,D4,N,신분당선,,4311,판교,D11,N,20:57:43,20:58:23,,GW136,하행,2025-05-01T05:00:00,,평일
신분당선,4319,광교,D19,,20250619,신분당선,4304,신사,D4,N,신분당선,,4312,정자,D12,N,21:01:11,21:01:51,,GW136,하행,2025-05-01T05:00:00,,평일
신분당선,4319,광교,D19,,20250619,신분당선,4304,신사,D4,N,신분당선,,4313,미금,D13,N,21:04:01,21:04:31,,GW136,하행,2025-05-01T05:00:00,,평일
신분당선,4319,광교,D19,,20250619,신분당선,4304,신사,D4,N,신분당선,,4314,동천,D14,N,21:06:39,21:07:09,,GW136,하행,2025-05-01T05:00:00,,평일
신분당선,4319,광교,D19,,20250619,신분당선,4304,신사,D4,N,신분당선,,4315,수지구청,D15,N,21:09:33,21:10:03,,GW136,하행,2025-05-01T05:00:00,,평일
신분당선,4319,광교,D19,,20250619,신분당선,4304,신사,D4,N,신분당선,,4316,성복,D16,N,21:12:05,21:12:35,,GW136,하행,2025-05-01T05:00:00,,평일
신분당선,4319,광교,D19,,20250619,신분당선,4304,신사,D4,N,신분당선,,4317,상현,D17,N,21:15:06,21:15:31,,GW136,하행,2025-05-01T05:00:00,,평일
신분당선,4319,광교,D19,,20250619,신분당선,4304,신사,D4,N,신분당선,,4318,광교중앙,D18,N,21:18:17,21:18:42,,GW136,하행,2025-05-01T05:00:00,,평일
신분당선,4319,광교,D19,,20250619,신분당선,4304,신사,D4,N,신분당선,,4319,광교,D19,N,21:21:47,,,GW136,하행,2025-05-01T05:00:00,,평일
신분당선,4319,광교,D19,,20250619,신분당선,4304,신사,D4,N,신분당선,,4304,신사,D4,N,,20:46:20,,GW137,하행,2025-05-01T05:00:00,,평일
신분당선,4319,광교,D19,,20250619,신분당선,4304,신사,D4,N,신분당선,,4305,논현,D5,N,20:47:18,20:47:53,,GW137,하행,2025-05-01T05:00:00,,평일
신분당선,4319,광교,D19,,20250619,신분당선,4304,신사,D4,N,신분당선,,4306,신논현,D6,N,20:49:03,20:49:38,,GW137,하행,2025-05-01T05:00:00,,평일
신분당선,4319,광교,D19,,20250619,신분당선,4304,신사,D4,N,신분당선,,4307,강남,D7,N,20:50:46,20:51:26,,GW137,하행,2025-05-01T05:00:00,,평일
신분당선,4319,광교,D19,,20250619,신분당선,4304,신사,D4,N,신분당선,,4308,양재,D8,N,20:53:04,20:53:34,,GW137,하행,2025-05-01T05:00:00,,평일
신분당선,4319,광교,D19,,20250619,신분당선,4304,신사,D4,N,신분당선,,4309,양재시민의숲,D9,N,20:55:15,20:55:45,,GW137,하행,2025-05-01T05:00:00,,평일
신분당선,4319,광교,D19,,20250619,신분당선,4304,신사,D4,N,신분당선,,4310,청계산입구,D10,N,20:58:15,20:58:40,,GW137,하행,2025-05-01T05:00:00,,평일
신분당선,4319,광교,D19,,20250619,신분당선,4304,신사,D4,N,신분당선,,4311,판교,D11,N,21:04:43,21:05:23,,GW137,하행,2025-05-01T05:00:00,,평일
신분당선,4319,광교,D19,,20250619,신분당선,4304,신사,D4,N,신분당선,,4312,정자,D12,N,21:08:11,21:08:51,,GW137,하행,2025-05-01T05:00:00,,평일
신분당선,4319,광교,D19,,20250619,신분당선,4304,신사,D4,N,신분당선,,4313,미금,D13,N,21:11:01,21:11:31,,GW137,하행,2025-05-01T05:00:00,,평일
신분당선,4319,광교,D19,,20250619,신분당선,4304,신사,D4,N,신분당선,,4314,동천,D14,N,21:13:39,21:14:09,,GW137,하행,2025-05-01T05:00:00,,평일
신분당선,4319,광교,D19,,20250619,신분당선,4304,신사,D4,N,신분당선,,4315,수지구청,D15,N,21:16:33,21:17:03,,GW137,하행,2025-05-01T05:00:00,,평일
신분당선,4319,광교,D19,,20250619,신분당선,4304,신사,D4,N,신분당선,,4316,성복,D16,N,21:19:05,21:19:35,,GW137,하행,2025-05-01T05:00:00,,평일
신분당선,4319,광교,D19,,20250619,신분당선,4304,신사,D4,N,신분당선,,4317,상현,D17,N,21:22:06,21:22:31,,GW137,하행,2025-05-01T05:00:00,,평일
신분당선,4319,광교,D19,,20250619,신분당선,4304,신사,D4,N,신분당선,,4318,광교중앙,D18,N,21:25:17,21:25:42,,GW137,하행,2025-05-01T05:00:00,,평일
신분당선,4319,광교,D19,,20250619,신분당선,4304,신사,D4,N,신분당선,,4319,광교,D19,N,21:28:47,,,GW137,하행,2025-05-01T05:00:00,,평일
신분당선,4319,광교,D19,,20250619,신분당선,4304,신사,D4,N,신분당선,,4304,신사,D4,N,,20:53:20,,GW138,하행,2025-05-01T05:00:00,,평일
신분당선,4319,광교,D19,,20250619,신분당선,4304,신사,D4,N,신분당선,,4305,논현,D5,N,20:54:18,20:54:53,,GW138,하행,2025-05-01T05:00:00,,평일
신분당선,4319,광교,D19,,20250619,신분당선,4304,신사,D4,N,신분당선,,4306,신논현,D6,N,20:56:03,20:56:38,,GW138,하행,2025-05-01T05:00:00,,평일
신분당선,4319,광교,D19,,20250619,신분당선,4304,신사,D4,N,신분당선,,4307,강남,D7,N,20:57:46,20:58:26,,GW138,하행,2025-05-01T05:00:00,,평일
신분당선,4319,광교,D19,,20250619,신분당선,4304,신사,D4,N,신분당선,,4308,양재,D8,N,21:00:04,21:00:34,,GW138,하행,2025-05-01T05:00:00,,평일
신분당선,4319,광교,D19,,20250619,신분당선,4304,신사,D4,N,신분당선,,4309,양재시민의숲,D9,N,21:02:15,21:02:45,,GW138,하행,2025-05-01T05:00:00,,평일
신분당선,4319,광교,D19,,20250619,신분당선,4304,신사,D4,N,신분당선,,4310,청계산입구,D10,N,21:05:15,21:05:40,,GW138,하행,2025-05-01T05:00:00,,평일
신분당선,4319,광교,D19,,20250619,신분당선,4304,신사,D4,N,신분당선,,4311,판교,D11,N,21:11:43,21:12:23,,GW138,하행,2025-05-01T05:00:00,,평일
신분당선,4319,광교,D19,,20250619,신분당선,4304,신사,D4,N,신분당선,,4312,정자,D12,N,21:15:11,21:15:51,,GW138,하행,2025-05-01T05:00:00,,평일
신분당선,4319,광교,D19,,20250619,신분당선,4304,신사,D4,N,신분당선,,4313,미금,D13,N,21:18:01,21:18:31,,GW138,하행,2025-05-01T05:00:00,,평일
신분당선,4319,광교,D19,,20250619,신분당선,4304,신사,D4,N,신분당선,,4314,동천,D14,N,21:20:39,21:21:09,,GW138,하행,2025-05-01T05:00:00,,평일
신분당선,4319,광교,D19,,20250619,신분당선,4304,신사,D4,N,신분당선,,4315,수지구청,D15,N,21:23:33,21:24:03,,GW138,하행,2025-05-01T05:00:00,,평일
신분당선,4319,광교,D19,,20250619,신분당선,4304,신사,D4,N,신분당선,,4316,성복,D16,N,21:26:05,21:26:35,,GW138,하행,2025-05-01T05:00:00,,평일
신분당선,4319,광교,D19,,20250619,신분당선,4304,신사,D4,N,신분당선,,4317,상현,D17,N,21:29:06,21:29:31,,GW138,하행,2025-05-01T05:00:00,,평일
신분당선,4319,광교,D19,,20250619,신분당선,4304,신사,D4,N,신분당선,,4318,광교중앙,D18,N,21:32:17,21:32:42,,GW138,하행,2025-05-01T05:00:00,,평일
신분당선,4319,광교,D19,,20250619,신분당선,4304,신사,D4,N,신분당선,,4319,광교,D19,N,21:35:47,,,GW138,하행,2025-05-01T05:00:00,,평일
신분당선,4319,광교,D19,,20250619,신분당선,4304,신사,D4,N,신분당선,,4304,신사,D4,N,,21:00:28,,GW139,하행,2025-05-01T05:00:00,,평일
신분당선,4319,광교,D19,,20250619,신분당선,4304,신사,D4,N,신분당선,,4305,논현,D5,N,21:01:26,21:02:01,,GW139,하행,2025-05-01T05:00:00,,평일
신분당선,4319,광교,D19,,20250619,신분당선,4304,신사,D4,N,신분당선,,4306,신논현,D6,N,21:03:11,21:03:46,,GW139,하행,2025-05-01T05:00:00,,평일
신분당선,4319,광교,D19,,20250619,신분당선,4304,신사,D4,N,신분당선,,4307,강남,D7,N,21:04:54,21:05:29,,GW139,하행,2025-05-01T05:00:00,,평일
신분당선,4319,광교,D19,,20250619,신분당선,4304,신사,D4,N,신분당선,,4308,양재,D8,N,21:07:07,21:07:42,,GW139,하행,2025-05-01T05:00:00,,평일
신분당선,4319,광교,D19,,20250619,신분당선,4304,신사,D4,N,신분당선,,4309,양재시민의숲,D9,N,21:09:23,21:09:53,,GW139,하행,2025-05-01T05:00:00,,평일
신분당선,4319,광교,D19,,20250619,신분당선,4304,신사,D4,N,신분당선,,4310,청계산입구,D10,N,21:12:23,21:12:48,,GW139,하행,2025-05-01T05:00:00,,평일
신분당선,4319,광교,D19,,20250619,신분당선,4304,신사,D4,N,신분당선,,4311,판교,D11,N,21:18:51,21:19:26,,GW139,하행,2025-05-01T05:00:00,,평일
신분당선,4319,광교,D19,,20250619,신분당선,4304,신사,D4,N,신분당선,,4312,정자,D12,N,21:22:14,21:22:49,,GW139,하행,2025-05-01T05:00:00,,평일
신분당선,4319,광교,D19,,20250619,신분당선,4304,신사,D4,N,신분당선,,4313,미금,D13,N,21:24:59,21:25:29,,GW139,하행,2025-05-01T05:00:00,,평일
신분당선,4319,광교,D19,,20250619,신분당선,4304,신사,D4,N,신분당선,,4314,동천,D14,N,21:27:37,21:28:07,,GW139,하행,2025-05-01T05:00:00,,평일
신분당선,4319,광교,D19,,20250619,신분당선,4304,신사,D4,N,신분당선,,4315,수지구청,D15,N,21:30:31,21:31:01,,GW139,하행,2025-05-01T05:00:00,,평일
신분당선,4319,광교,D19,,20250619,신분당선,4304,신사,D4,N,신분당선,,4316,성복,D16,N,21:33:03,21:33:33,,GW139,하행,2025-05-01T05:00:00,,평일
신분당선,4319,광교,D19,,20250619,신분당선,4304,신사,D4,N,신분당선,,4317,상현,D17,N,21:36:04,21:36:29,,GW139,하행,2025-05-01T05:00:00,,평일
신분당선,4319,광교,D19,,20250619,신분당선,4304,신사,D4,N,신분당선,,4318,광교중앙,D18,N,21:39:15,21:39:40,,GW139,하행,2025-05-01T05:00:00,,평일
신분당선,4319,광교,D19,,20250619,신분당선,4304,신사,D4,N,신분당선,,4319,광교,D19,N,21:42:45,,,GW139,하행,2025-05-01T05:00:00,,평일
신분당선,4319,광교,D19,,20250619,신분당선,4304,신사,D4,N,신분당선,,4304,신사,D4,N,,21:07:28,,GW140,하행,2025-05-01T05:00:00,,평일
신분당선,4319,광교,D19,,20250619,신분당선,4304,신사,D4,N,신분당선,,4305,논현,D5,N,21:08:26,21:09:01,,GW140,하행,2025-05-01T05:00:00,,평일
신분당선,4319,광교,D19,,20250619,신분당선,4304,신사,D4,N,신분당선,,4306,신논현,D6,N,21:10:11,21:10:46,,GW140,하행,2025-05-01T05:00:00,,평일
신분당선,4319,광교,D19,,20250619,신분당선,4304,신사,D4,N,신분당선,,4307,강남,D7,N,21:11:54,21:12:29,,GW140,하행,2025-05-01T05:00:00,,평일
신분당선,4319,광교,D19,,20250619,신분당선,4304,신사,D4,N,신분당선,,4308,양재,D8,N,21:14:07,21:14:42,,GW140,하행,2025-05-01T05:00:00,,평일
신분당선,4319,광교,D19,,20250619,신분당선,4304,신사,D4,N,신분당선,,4309,양재시민의숲,D9,N,21:16:23,21:16:53,,GW140,하행,2025-05-01T05:00:00,,평일
신분당선,4319,광교,D19,,20250619,신분당선,4304,신사,D4,N,신분당선,,4310,청계산입구,D10,N,21:19:23,21:19:48,,GW140,하행,2025-05-01T05:00:00,,평일
신분당선,4319,광교,D19,,20250619,신분당선,4304,신사,D4,N,신분당선,,4311,판교,D11,N,21:25:51,21:26:26,,GW140,하행,2025-05-01T05:00:00,,평일
신분당선,4319,광교,D19,,20250619,신분당선,4304,신사,D4,N,신분당선,,4312,정자,D12,N,21:29:14,21:29:49,,GW140,하행,2025-05-01T05:00:00,,평일
신분당선,4319,광교,D19,,20250619,신분당선,4304,신사,D4,N,신분당선,,4313,미금,D13,N,21:31:59,21:32:29,,GW140,하행,2025-05-01T05:00:00,,평일
신분당선,4319,광교,D19,,20250619,신분당선,4304,신사,D4,N,신분당선,,4314,동천,D14,N,21:34:37,21:35:07,,GW140,하행,2025-05-01T05:00:00,,평일
신분당선,4319,광교,D19,,20250619,신분당선,4304,신사,D4,N,신분당선,,4315,수지구청,D15,N,21:37:31,21:38:01,,GW140,하행,2025-05-01T05:00:00,,평일
신분당선,4319,광교,D19,,20250619,신분당선,4304,신사,D4,N,신분당선,,4316,성복,D16,N,21:40:03,21:40:33,,GW140,하행,2025-05-01T05:00:00,,평일
신분당선,4319,광교,D19,,20250619,신분당선,4304,신사,D4,N,신분당선,,4317,상현,D17,N,21:43:04,21:43:29,,GW140,하행,2025-05-01T05:00:00,,평일
신분당선,4319,광교,D19,,20250619,신분당선,4304,신사,D4,N,신분당선,,4318,광교중앙,D18,N,21:46:15,21:46:40,,GW140,하행,2025-05-01T05:00:00,,평일
신분당선,4319,광교,D19,,20250619,신분당선,4304,신사,D4,N,신분당선,,4319,광교,D19,N,21:49:45,,,GW140,하행,2025-05-01T05:00:00,,평일
신분당선,4319,광교,D19,,20250619,신분당선,4304,신사,D4,N,신분당선,,4304,신사,D4,N,,21:14:28,,GW141,하행,2025-05-01T05:00:00,,평일
신분당선,4319,광교,D19,,20250619,신분당선,4304,신사,D4,N,신분당선,,4305,논현,D5,N,21:15:26,21:16:01,,GW141,하행,2025-05-01T05:00:00,,평일
신분당선,4319,광교,D19,,20250619,신분당선,4304,신사,D4,N,신분당선,,4306,신논현,D6,N,21:17:11,21:17:46,,GW141,하행,2025-05-01T05:00:00,,평일
신분당선,4319,광교,D19,,20250619,신분당선,4304,신사,D4,N,신분당선,,4307,강남,D7,N,21:18:54,21:19:29,,GW141,하행,2025-05-01T05:00:00,,평일
신분당선,4319,광교,D19,,20250619,신분당선,4304,신사,D4,N,신분당선,,4308,양재,D8,N,21:21:07,21:21:42,,GW141,하행,2025-05-01T05:00:00,,평일
신분당선,4319,광교,D19,,20250619,신분당선,4304,신사,D4,N,신분당선,,4309,양재시민의숲,D9,N,21:23:23,21:23:53,,GW141,하행,2025-05-01T05:00:00,,평일
신분당선,4319,광교,D19,,20250619,신분당선,4304,신사,D4,N,신분당선,,4310,청계산입구,D10,N,21:26:23,21:26:48,,GW141,하행,2025-05-01T05:00:00,,평일
신분당선,4319,광교,D19,,20250619,신분당선,4304,신사,D4,N,신분당선,,4311,판교,D11,N,21:32:51,21:33:26,,GW141,하행,2025-05-01T05:00:00,,평일
신분당선,4319,광교,D19,,20250619,신분당선,4304,신사,D4,N,신분당선,,4312,정자,D12,N,21:36:14,21:36:49,,GW141,하행,2025-05-01T05:00:00,,평일
신분당선,4319,광교,D19,,20250619,신분당선,4304,신사,D4,N,신분당선,,4313,미금,D13,N,21:38:59,21:39:29,,GW141,하행,2025-05-01T05:00:00,,평일
신분당선,4319,광교,D19,,20250619,신분당선,4304,신사,D4,N,신분당선,,4314,동천,D14,N,21:41:37,21:42:07,,GW141,하행,2025-05-01T05:00:00,,평일
신분당선,4319,광교,D19,,20250619,신분당선,4304,신사,D4,N,신분당선,,4315,수지구청,D15,N,21:44:31,21:45:01,,GW141,하행,2025-05-01T05:00:00,,평일
신분당선,4319,광교,D19,,20250619,신분당선,4304,신사,D4,N,신분당선,,4316,성복,D16,N,21:47:03,21:47:33,,GW141,하행,2025-05-01T05:00:00,,평일
신분당선,4319,광교,D19,,20250619,신분당선,4304,신사,D4,N,신분당선,,4317,상현,D17,N,21:50:04,21:50:29,,GW141,하행,2025-05-01T05:00:00,,평일
신분당선,4319,광교,D19,,20250619,신분당선,4304,신사,D4,N,신분당선,,4318,광교중앙,D18,N,21:53:15,21:53:40,,GW141,하행,2025-05-01T05:00:00,,평일
신분당선,4319,광교,D19,,20250619,신분당선,4304,신사,D4,N,신분당선,,4319,광교,D19,N,21:56:45,,,GW141,하행,2025-05-01T05:00:00,,평일
신분당선,4319,광교,D19,,20250619,신분당선,4304,신사,D4,N,신분당선,,4304,신사,D4,N,,21:21:28,,GW142,하행,2025-05-01T05:00:00,,평일
신분당선,4319,광교,D19,,20250619,신분당선,4304,신사,D4,N,신분당선,,4305,논현,D5,N,21:22:26,21:23:01,,GW142,하행,2025-05-01T05:00:00,,평일
신분당선,4319,광교,D19,,20250619,신분당선,4304,신사,D4,N,신분당선,,4306,신논현,D6,N,21:24:11,21:24:46,,GW142,하행,2025-05-01T05:00:00,,평일
신분당선,4319,광교,D19,,20250619,신분당선,4304,신사,D4,N,신분당선,,4307,강남,D7,N,21:25:54,21:26:29,,GW142,하행,2025-05-01T05:00:00,,평일
신분당선,4319,광교,D19,,20250619,신분당선,4304,신사,D4,N,신분당선,,4308,양재,D8,N,21:28:07,21:28:42,,GW142,하행,2025-05-01T05:00:00,,평일
신분당선,4319,광교,D19,,20250619,신분당선,4304,신사,D4,N,신분당선,,4309,양재시민의숲,D9,N,21:30:23,21:30:53,,GW142,하행,2025-05-01T05:00:00,,평일
신분당선,4319,광교,D19,,20250619,신분당선,4304,신사,D4,N,신분당선,,4310,청계산입구,D10,N,21:33:23,21:33:48,,GW142,하행,2025-05-01T05:00:00,,평일
신분당선,4319,광교,D19,,20250619,신분당선,4304,신사,D4,N,신분당선,,4311,판교,D11,N,21:39:51,21:40:26,,GW142,하행,2025-05-01T05:00:00,,평일
신분당선,4319,광교,D19,,20250619,신분당선,4304,신사,D4,N,신분당선,,4312,정자,D12,N,21:43:14,21:43:49,,GW142,하행,2025-05-01T05:00:00,,평일
신분당선,4319,광교,D19,,20250619,신분당선,4304,신사,D4,N,신분당선,,4313,미금,D13,N,21:45:59,21:46:29,,GW142,하행,2025-05-01T05:00:00,,평일
신분당선,4319,광교,D19,,20250619,신분당선,4304,신사,D4,N,신분당선,,4314,동천,D14,N,21:48:37,21:49:07,,GW142,하행,2025-05-01T05:00:00,,평일
신분당선,4319,광교,D19,,20250619,신분당선,4304,신사,D4,N,신분당선,,4315,수지구청,D15,N,21:51:31,21:52:01,,GW142,하행,2025-05-01T05:00:00,,평일
신분당선,4319,광교,D19,,20250619,신분당선,4304,신사,D4,N,신분당선,,4316,성복,D16,N,21:54:03,21:54:33,,GW142,하행,2025-05-01T05:00:00,,평일
신분당선,4319,광교,D19,,20250619,신분당선,4304,신사,D4,N,신분당선,,4317,상현,D17,N,21:57:04,21:57:29,,GW142,하행,2025-05-01T05:00:00,,평일
신분당선,4319,광교,D19,,20250619,신분당선,4304,신사,D4,N,신분당선,,4318,광교중앙,D18,N,22:00:15,22:00:40,,GW142,하행,2025-05-01T05:00:00,,평일
신분당선,4319,광교,D19,,20250619,신분당선,4304,신사,D4,N,신분당선,,4319,광교,D19,N,22:03:45,,,GW142,하행,2025-05-01T05:00:00,,평일
신분당선,4319,광교,D19,,20250619,신분당선,4304,신사,D4,N,신분당선,,4304,신사,D4,N,,21:28:28,,GW143,하행,2025-05-01T05:00:00,,평일
신분당선,4319,광교,D19,,20250619,신분당선,4304,신사,D4,N,신분당선,,4305,논현,D5,N,21:29:26,21:30:01,,GW143,하행,2025-05-01T05:00:00,,평일
신분당선,4319,광교,D19,,20250619,신분당선,4304,신사,D4,N,신분당선,,4306,신논현,D6,N,21:31:11,21:31:46,,GW143,하행,2025-05-01T05:00:00,,평일
신분당선,4319,광교,D19,,20250619,신분당선,4304,신사,D4,N,신분당선,,4307,강남,D7,N,21:32:54,21:33:29,,GW143,하행,2025-05-01T05:00:00,,평일
신분당선,4319,광교,D19,,20250619,신분당선,4304,신사,D4,N,신분당선,,4308,양재,D8,N,21:35:07,21:35:42,,GW143,하행,2025-05-01T05:00:00,,평일
신분당선,4319,광교,D19,,20250619,신분당선,4304,신사,D4,N,신분당선,,4309,양재시민의숲,D9,N,21:37:23,21:37:53,,GW143,하행,2025-05-01T05:00:00,,평일
신분당선,4319,광교,D19,,20250619,신분당선,4304,신사,D4,N,신분당선,,4310,청계산입구,D10,N,21:40:23,21:40:48,,GW143,하행,2025-05-01T05:00:00,,평일
신분당선,4319,광교,D19,,20250619,신분당선,4304,신사,D4,N,신분당선,,4311,판교,D11,N,21:46:51,21:47:26,,GW143,하행,2025-05-01T05:00:00,,평일
신분당선,4319,광교,D19,,20250619,신분당선,4304,신사,D4,N,신분당선,,4312,정자,D12,N,21:50:14,21:50:49,,GW143,하행,2025-05-01T05:00:00,,평일
신분당선,4319,광교,D19,,20250619,신분당선,4304,신사,D4,N,신분당선,,4313,미금,D13,N,21:52:59,21:53:29,,GW143,하행,2025-05-01T05:00:00,,평일
신분당선,4319,광교,D19,,20250619,신분당선,4304,신사,D4,N,신분당선,,4314,동천,D14,N,21:55:37,21:56:07,,GW143,하행,2025-05-01T05:00:00,,평일
신분당선,4319,광교,D19,,20250619,신분당선,4304,신사,D4,N,신분당선,,4315,수지구청,D15,N,21:58:31,21:59:01,,GW143,하행,2025-05-01T05:00:00,,평일
신분당선,4319,광교,D19,,20250619,신분당선,4304,신사,D4,N,신분당선,,4316,성복,D16,N,22:01:03,22:01:33,,GW143,하행,2025-05-01T05:00:00,,평일
신분당선,4319,광교,D19,,20250619,신분당선,4304,신사,D4,N,신분당선,,4317,상현,D17,N,22:04:04,22:04:29,,GW143,하행,2025-05-01T05:00:00,,평일
신분당선,4319,광교,D19,,20250619,신분당선,4304,신사,D4,N,신분당선,,4318,광교중앙,D18,N,22:07:15,22:07:40,,GW143,하행,2025-05-01T05:00:00,,평일
신분당선,4319,광교,D19,,20250619,신분당선,4304,신사,D4,N,신분당선,,4319,광교,D19,N,22:10:45,,,GW143,하행,2025-05-01T05:00:00,,평일
신분당선,4319,광교,D19,,20250619,신분당선,4304,신사,D4,N,신분당선,,4304,신사,D4,N,,21:35:28,,GW144,하행,2025-05-01T05:00:00,,평일
신분당선,4319,광교,D19,,20250619,신분당선,4304,신사,D4,N,신분당선,,4305,논현,D5,N,21:36:26,21:37:01,,GW144,하행,2025-05-01T05:00:00,,평일
신분당선,4319,광교,D19,,20250619,신분당선,4304,신사,D4,N,신분당선,,4306,신논현,D6,N,21:38:11,21:38:46,,GW144,하행,2025-05-01T05:00:00,,평일
신분당선,4319,광교,D19,,20250619,신분당선,4304,신사,D4,N,신분당선,,4307,강남,D7,N,21:39:54,21:40:29,,GW144,하행,2025-05-01T05:00:00,,평일
신분당선,4319,광교,D19,,20250619,신분당선,4304,신사,D4,N,신분당선,,4308,양재,D8,N,21:42:07,21:42:42,,GW144,하행,2025-05-01T05:00:00,,평일
신분당선,4319,광교,D19,,20250619,신분당선,4304,신사,D4,N,신분당선,,4309,양재시민의숲,D9,N,21:44:23,21:44:53,,GW144,하행,2025-05-01T05:00:00,,평일
신분당선,4319,광교,D19,,20250619,신분당선,4304,신사,D4,N,신분당선,,4310,청계산입구,D10,N,21:47:23,21:47:48,,GW144,하행,2025-05-01T05:00:00,,평일
신분당선,4319,광교,D19,,20250619,신분당선,4304,신사,D4,N,신분당선,,4311,판교,D11,N,21:53:51,21:54:26,,GW144,하행,2025-05-01T05:00:00,,평일
신분당선,4319,광교,D19,,20250619,신분당선,4304,신사,D4,N,신분당선,,4312,정자,D12,N,21:57:14,21:57:49,,GW144,하행,2025-05-01T05:00:00,,평일
신분당선,4319,광교,D19,,20250619,신분당선,4304,신사,D4,N,신분당선,,4313,미금,D13,N,21:59:59,22:00:29,,GW144,하행,2025-05-01T05:00:00,,평일
신분당선,4319,광교,D19,,20250619,신분당선,4304,신사,D4,N,신분당선,,4314,동천,D14,N,22:02:37,22:03:07,,GW144,하행,2025-05-01T05:00:00,,평일
신분당선,4319,광교,D19,,20250619,신분당선,4304,신사,D4,N,신분당선,,4315,수지구청,D15,N,22:05:31,22:06:01,,GW144,하행,2025-05-01T05:00:00,,평일
신분당선,4319,광교,D19,,20250619,신분당선,4304,신사,D4,N,신분당선,,4316,성복,D16,N,22:08:03,22:08:33,,GW144,하행,2025-05-01T05:00:00,,평일
신분당선,4319,광교,D19,,20250619,신분당선,4304,신사,D4,N,신분당선,,4317,상현,D17,N,22:11:04,22:11:29,,GW144,하행,2025-05-01T05:00:00,,평일
신분당선,4319,광교,D19,,20250619,신분당선,4304,신사,D4,N,신분당선,,4318,광교중앙,D18,N,22:14:15,22:14:40,,GW144,하행,2025-05-01T05:00:00,,평일
신분당선,4319,광교,D19,,20250619,신분당선,4304,신사,D4,N,신분당선,,4319,광교,D19,N,22:17:46,,,GW144,하행,2025-05-01T05:00:00,,평일
신분당선,4319,광교,D19,,20250619,신분당선,4304,신사,D4,N,신분당선,,4304,신사,D4,N,,21:42:18,,GW145,하행,2025-05-01T05:00:00,,평일
신분당선,4319,광교,D19,,20250619,신분당선,4304,신사,D4,N,신분당선,,4305,논현,D5,N,21:43:16,21:43:51,,GW145,하행,2025-05-01T05:00:00,,평일
신분당선,4319,광교,D19,,20250619,신분당선,4304,신사,D4,N,신분당선,,4306,신논현,D6,N,21:45:01,21:45:36,,GW145,하행,2025-05-01T05:00:00,,평일
신분당선,4319,광교,D19,,20250619,신분당선,4304,신사,D4,N,신분당선,,4307,강남,D7,N,21:46:44,21:47:19,,GW145,하행,2025-05-01T05:00:00,,평일
신분당선,4319,광교,D19,,20250619,신분당선,4304,신사,D4,N,신분당선,,4308,양재,D8,N,21:48:57,21:49:32,,GW145,하행,2025-05-01T05:00:00,,평일
신분당선,4319,광교,D19,,20250619,신분당선,4304,신사,D4,N,신분당선,,4309,양재시민의숲,D9,N,21:51:13,21:51:43,,GW145,하행,2025-05-01T05:00:00,,평일
신분당선,4319,광교,D19,,20250619,신분당선,4304,신사,D4,N,신분당선,,4310,청계산입구,D10,N,21:54:13,21:54:38,,GW145,하행,2025-05-01T05:00:00,,평일
신분당선,4319,광교,D19,,20250619,신분당선,4304,신사,D4,N,신분당선,,4311,판교,D11,N,22:00:41,22:01:16,,GW145,하행,2025-05-01T05:00:00,,평일
신분당선,4319,광교,D19,,20250619,신분당선,4304,신사,D4,N,신분당선,,4312,정자,D12,N,22:04:04,22:04:39,,GW145,하행,2025-05-01T05:00:00,,평일
신분당선,4319,광교,D19,,20250619,신분당선,4304,신사,D4,N,신분당선,,4313,미금,D13,N,22:06:49,22:07:19,,GW145,하행,2025-05-01T05:00:00,,평일
신분당선,4319,광교,D19,,20250619,신분당선,4304,신사,D4,N,신분당선,,4314,동천,D14,N,22:09:27,22:09:57,,GW145,하행,2025-05-01T05:00:00,,평일
신분당선,4319,광교,D19,,20250619,신분당선,4304,신사,D4,N,신분당선,,4315,수지구청,D15,N,22:12:21,22:12:51,,GW145,하행,2025-05-01T05:00:00,,평일
신분당선,4319,광교,D19,,20250619,신분당선,4304,신사,D4,N,신분당선,,4316,성복,D16,N,22:14:53,22:15:23,,GW145,하행,2025-05-01T05:00:00,,평일
신분당선,4319,광교,D19,,20250619,신분당선,4304,신사,D4,N,신분당선,,4317,상현,D17,N,22:17:54,22:18:19,,GW145,하행,2025-05-01T05:00:00,,평일
신분당선,4319,광교,D19,,20250619,신분당선,4304,신사,D4,N,신분당선,,4318,광교중앙,D18,N,22:21:05,22:21:30,,GW145,하행,2025-05-01T05:00:00,,평일
신분당선,4319,광교,D19,,20250619,신분당선,4304,신사,D4,N,신분당선,,4319,광교,D19,N,22:24:35,,,GW145,하행,2025-05-01T05:00:00,,평일
신분당선,4319,광교,D19,,20250619,신분당선,4304,신사,D4,N,신분당선,,4304,신사,D4,N,,21:49:28,,GW146,하행,2025-05-01T05:00:00,,평일
신분당선,4319,광교,D19,,20250619,신분당선,4304,신사,D4,N,신분당선,,4305,논현,D5,N,21:50:26,21:51:01,,GW146,하행,2025-05-01T05:00:00,,평일
신분당선,4319,광교,D19,,20250619,신분당선,4304,신사,D4,N,신분당선,,4306,신논현,D6,N,21:52:11,21:52:46,,GW146,하행,2025-05-01T05:00:00,,평일
신분당선,4319,광교,D19,,20250619,신분당선,4304,신사,D4,N,신분당선,,4307,강남,D7,N,21:53:54,21:54:29,,GW146,하행,2025-05-01T05:00:00,,평일
신분당선,4319,광교,D19,,20250619,신분당선,4304,신사,D4,N,신분당선,,4308,양재,D8,N,21:56:07,21:56:42,,GW146,하행,2025-05-01T05:00:00,,평일
신분당선,4319,광교,D19,,20250619,신분당선,4304,신사,D4,N,신분당선,,4309,양재시민의숲,D9,N,21:58:23,21:58:53,,GW146,하행,2025-05-01T05:00:00,,평일
신분당선,4319,광교,D19,,20250619,신분당선,4304,신사,D4,N,신분당선,,4310,청계산입구,D10,N,22:01:23,22:01:48,,GW146,하행,2025-05-01T05:00:00,,평일
신분당선,4319,광교,D19,,20250619,신분당선,4304,신사,D4,N,신분당선,,4311,판교,D11,N,22:07:51,22:08:26,,GW146,하행,2025-05-01T05:00:00,,평일
신분당선,4319,광교,D19,,20250619,신분당선,4304,신사,D4,N,신분당선,,4312,정자,D12,N,22:11:14,22:11:49,,GW146,하행,2025-05-01T05:00:00,,평일
신분당선,4319,광교,D19,,20250619,신분당선,4304,신사,D4,N,신분당선,,4313,미금,D13,N,22:13:59,22:14:29,,GW146,하행,2025-05-01T05:00:00,,평일
신분당선,4319,광교,D19,,20250619,신분당선,4304,신사,D4,N,신분당선,,4314,동천,D14,N,22:16:37,22:17:07,,GW146,하행,2025-05-01T05:00:00,,평일
신분당선,4319,광교,D19,,20250619,신분당선,4304,신사,D4,N,신분당선,,4315,수지구청,D15,N,22:19:31,22:20:01,,GW146,하행,2025-05-01T05:00:00,,평일
신분당선,4319,광교,D19,,20250619,신분당선,4304,신사,D4,N,신분당선,,4316,성복,D16,N,22:22:03,22:22:33,,GW146,하행,2025-05-01T05:00:00,,평일
신분당선,4319,광교,D19,,20250619,신분당선,4304,신사,D4,N,신분당선,,4317,상현,D17,N,22:25:04,22:25:29,,GW146,하행,2025-05-01T05:00:00,,평일
신분당선,4319,광교,D19,,20250619,신분당선,4304,신사,D4,N,신분당선,,4318,광교중앙,D18,N,22:28:15,22:28:40,,GW146,하행,2025-05-01T05:00:00,,평일
신분당선,4319,광교,D19,,20250619,신분당선,4304,신사,D4,N,신분당선,,4319,광교,D19,N,22:31:45,,,GW146,하행,2025-05-01T05:00:00,,평일
신분당선,4319,광교,D19,,20250619,신분당선,4304,신사,D4,N,신분당선,,4304,신사,D4,N,,21:56:28,,GW147,하행,2025-05-01T05:00:00,,평일
신분당선,4319,광교,D19,,20250619,신분당선,4304,신사,D4,N,신분당선,,4305,논현,D5,N,21:57:26,21:58:01,,GW147,하행,2025-05-01T05:00:00,,평일
신분당선,4319,광교,D19,,20250619,신분당선,4304,신사,D4,N,신분당선,,4306,신논현,D6,N,21:59:11,21:59:46,,GW147,하행,2025-05-01T05:00:00,,평일
신분당선,4319,광교,D19,,20250619,신분당선,4304,신사,D4,N,신분당선,,4307,강남,D7,N,22:00:54,22:01:29,,GW147,하행,2025-05-01T05:00:00,,평일
신분당선,4319,광교,D19,,20250619,신분당선,4304,신사,D4,N,신분당선,,4308,양재,D8,N,22:03:07,22:03:42,,GW147,하행,2025-05-01T05:00:00,,평일
신분당선,4319,광교,D19,,20250619,신분당선,4304,신사,D4,N,신분당선,,4309,양재시민의숲,D9,N,22:05:23,22:05:53,,GW147,하행,2025-05-01T05:00:00,,평일
신분당선,4319,광교,D19,,20250619,신분당선,4304,신사,D4,N,신분당선,,4310,청계산입구,D10,N,22:08:23,22:08:48,,GW147,하행,2025-05-01T05:00:00,,평일
신분당선,4319,광교,D19,,20250619,신분당선,4304,신사,D4,N,신분당선,,4311,판교,D11,N,22:14:51,22:15:26,,GW147,하행,2025-05-01T05:00:00,,평일
신분당선,4319,광교,D19,,20250619,신분당선,4304,신사,D4,N,신분당선,,4312,정자,D12,N,22:18:14,22:18:49,,GW147,하행,2025-05-01T05:00:00,,평일
신분당선,4319,광교,D19,,20250619,신분당선,4304,신사,D4,N,신분당선,,4313,미금,D13,N,22:20:59,22:21:29,,GW147,하행,2025-05-01T05:00:00,,평일
신분당선,4319,광교,D19,,20250619,신분당선,4304,신사,D4,N,신분당선,,4314,동천,D14,N,22:23:37,22:24:07,,GW147,하행,2025-05-01T05:00:00,,평일
신분당선,4319,광교,D19,,20250619,신분당선,4304,신사,D4,N,신분당선,,4315,수지구청,D15,N,22:26:31,22:27:01,,GW147,하행,2025-05-01T05:00:00,,평일
신분당선,4319,광교,D19,,20250619,신분당선,4304,신사,D4,N,신분당선,,4316,성복,D16,N,22:29:03,22:29:33,,GW147,하행,2025-05-01T05:00:00,,평일
신분당선,4319,광교,D19,,20250619,신분당선,4304,신사,D4,N,신분당선,,4317,상현,D17,N,22:32:04,22:32:29,,GW147,하행,2025-05-01T05:00:00,,평일
신분당선,4319,광교,D19,,20250619,신분당선,4304,신사,D4,N,신분당선,,4318,광교중앙,D18,N,22:35:15,22:35:40,,GW147,하행,2025-05-01T05:00:00,,평일
신분당선,4319,광교,D19,,20250619,신분당선,4304,신사,D4,N,신분당선,,4319,광교,D19,N,22:38:45,,,GW147,하행,2025-05-01T05:00:00,,평일
신분당선,4319,광교,D19,,20250619,신분당선,4304,신사,D4,N,신분당선,,4304,신사,D4,N,,22:03:28,,GW148,하행,2025-05-01T05:00:00,,평일
신분당선,4319,광교,D19,,20250619,신분당선,4304,신사,D4,N,신분당선,,4305,논현,D5,N,22:04:26,22:05:01,,GW148,하행,2025-05-01T05:00:00,,평일
신분당선,4319,광교,D19,,20250619,신분당선,4304,신사,D4,N,신분당선,,4306,신논현,D6,N,22:06:11,22:06:46,,GW148,하행,2025-05-01T05:00:00,,평일
신분당선,4319,광교,D19,,20250619,신분당선,4304,신사,D4,N,신분당선,,4307,강남,D7,N,22:07:54,22:08:29,,GW148,하행,2025-05-01T05:00:00,,평일
신분당선,4319,광교,D19,,20250619,신분당선,4304,신사,D4,N,신분당선,,4308,양재,D8,N,22:10:07,22:10:42,,GW148,하행,2025-05-01T05:00:00,,평일
신분당선,4319,광교,D19,,20250619,신분당선,4304,신사,D4,N,신분당선,,4309,양재시민의숲,D9,N,22:12:23,22:12:53,,GW148,하행,2025-05-01T05:00:00,,평일
신분당선,4319,광교,D19,,20250619,신분당선,4304,신사,D4,N,신분당선,,4310,청계산입구,D10,N,22:15:23,22:15:48,,GW148,하행,2025-05-01T05:00:00,,평일
신분당선,4319,광교,D19,,20250619,신분당선,4304,신사,D4,N,신분당선,,4311,판교,D11,N,22:21:51,22:22:26,,GW148,하행,2025-05-01T05:00:00,,평일
신분당선,4319,광교,D19,,20250619,신분당선,4304,신사,D4,N,신분당선,,4312,정자,D12,N,22:25:14,22:25:49,,GW148,하행,2025-05-01T05:00:00,,평일
신분당선,4319,광교,D19,,20250619,신분당선,4304,신사,D4,N,신분당선,,4313,미금,D13,N,22:27:59,22:28:29,,GW148,하행,2025-05-01T05:00:00,,평일
신분당선,4319,광교,D19,,20250619,신분당선,4304,신사,D4,N,신분당선,,4314,동천,D14,N,22:30:37,22:31:07,,GW148,하행,2025-05-01T05:00:00,,평일
신분당선,4319,광교,D19,,20250619,신분당선,4304,신사,D4,N,신분당선,,4315,수지구청,D15,N,22:33:31,22:34:01,,GW148,하행,2025-05-01T05:00:00,,평일
신분당선,4319,광교,D19,,20250619,신분당선,4304,신사,D4,N,신분당선,,4316,성복,D16,N,22:36:03,22:36:33,,GW148,하행,2025-05-01T05:00:00,,평일
신분당선,4319,광교,D19,,20250619,신분당선,4304,신사,D4,N,신분당선,,4317,상현,D17,N,22:39:04,22:39:29,,GW148,하행,2025-05-01T05:00:00,,평일
신분당선,4319,광교,D19,,20250619,신분당선,4304,신사,D4,N,신분당선,,4318,광교중앙,D18,N,22:42:15,22:42:40,,GW148,하행,2025-05-01T05:00:00,,평일
신분당선,4319,광교,D19,,20250619,신분당선,4304,신사,D4,N,신분당선,,4319,광교,D19,N,22:45:45,,,GW148,하행,2025-05-01T05:00:00,,평일
신분당선,4319,광교,D19,,20250619,신분당선,4304,신사,D4,N,신분당선,,4304,신사,D4,N,,22:10:28,,GW149,하행,2025-05-01T05:00:00,,평일
신분당선,4319,광교,D19,,20250619,신분당선,4304,신사,D4,N,신분당선,,4305,논현,D5,N,22:11:26,22:12:01,,GW149,하행,2025-05-01T05:00:00,,평일
신분당선,4319,광교,D19,,20250619,신분당선,4304,신사,D4,N,신분당선,,4306,신논현,D6,N,22:13:11,22:13:46,,GW149,하행,2025-05-01T05:00:00,,평일
신분당선,4319,광교,D19,,20250619,신분당선,4304,신사,D4,N,신분당선,,4307,강남,D7,N,22:14:54,22:15:29,,GW149,하행,2025-05-01T05:00:00,,평일
신분당선,4319,광교,D19,,20250619,신분당선,4304,신사,D4,N,신분당선,,4308,양재,D8,N,22:17:07,22:17:42,,GW149,하행,2025-05-01T05:00:00,,평일
신분당선,4319,광교,D19,,20250619,신분당선,4304,신사,D4,N,신분당선,,4309,양재시민의숲,D9,N,22:19:23,22:19:53,,GW149,하행,2025-05-01T05:00:00,,평일
신분당선,4319,광교,D19,,20250619,신분당선,4304,신사,D4,N,신분당선,,4310,청계산입구,D10,N,22:22:23,22:22:48,,GW149,하행,2025-05-01T05:00:00,,평일
신분당선,4319,광교,D19,,20250619,신분당선,4304,신사,D4,N,신분당선,,4311,판교,D11,N,22:28:51,22:29:26,,GW149,하행,2025-05-01T05:00:00,,평일
신분당선,4319,광교,D19,,20250619,신분당선,4304,신사,D4,N,신분당선,,4312,정자,D12,N,22:32:14,22:32:49,,GW149,하행,2025-05-01T05:00:00,,평일
신분당선,4319,광교,D19,,20250619,신분당선,4304,신사,D4,N,신분당선,,4313,미금,D13,N,22:34:59,22:35:29,,GW149,하행,2025-05-01T05:00:00,,평일
신분당선,4319,광교,D19,,20250619,신분당선,4304,신사,D4,N,신분당선,,4314,동천,D14,N,22:37:37,22:38:07,,GW149,하행,2025-05-01T05:00:00,,평일
신분당선,4319,광교,D19,,20250619,신분당선,4304,신사,D4,N,신분당선,,4315,수지구청,D15,N,22:40:31,22:41:01,,GW149,하행,2025-05-01T05:00:00,,평일
신분당선,4319,광교,D19,,20250619,신분당선,4304,신사,D4,N,신분당선,,4316,성복,D16,N,22:43:03,22:43:33,,GW149,하행,2025-05-01T05:00:00,,평일
신분당선,4319,광교,D19,,20250619,신분당선,4304,신사,D4,N,신분당선,,4317,상현,D17,N,22:46:04,22:46:29,,GW149,하행,2025-05-01T05:00:00,,평일
신분당선,4319,광교,D19,,20250619,신분당선,4304,신사,D4,N,신분당선,,4318,광교중앙,D18,N,22:49:15,22:49:40,,GW149,하행,2025-05-01T05:00:00,,평일
신분당선,4319,광교,D19,,20250619,신분당선,4304,신사,D4,N,신분당선,,4319,광교,D19,N,22:52:45,,,GW149,하행,2025-05-01T05:00:00,,평일
신분당선,4319,광교,D19,,20250619,신분당선,4304,신사,D4,N,신분당선,,4304,신사,D4,N,,22:17:28,,GW150,하행,2025-05-01T05:00:00,,평일
신분당선,4319,광교,D19,,20250619,신분당선,4304,신사,D4,N,신분당선,,4305,논현,D5,N,22:18:26,22:19:01,,GW150,하행,2025-05-01T05:00:00,,평일
신분당선,4319,광교,D19,,20250619,신분당선,4304,신사,D4,N,신분당선,,4306,신논현,D6,N,22:20:11,22:20:46,,GW150,하행,2025-05-01T05:00:00,,평일
신분당선,4319,광교,D19,,20250619,신분당선,4304,신사,D4,N,신분당선,,4307,강남,D7,N,22:21:54,22:22:29,,GW150,하행,2025-05-01T05:00:00,,평일
신분당선,4319,광교,D19,,20250619,신분당선,4304,신사,D4,N,신분당선,,4308,양재,D8,N,22:24:07,22:24:42,,GW150,하행,2025-05-01T05:00:00,,평일
신분당선,4319,광교,D19,,20250619,신분당선,4304,신사,D4,N,신분당선,,4309,양재시민의숲,D9,N,22:26:23,22:26:53,,GW150,하행,2025-05-01T05:00:00,,평일
신분당선,4319,광교,D19,,20250619,신분당선,4304,신사,D4,N,신분당선,,4310,청계산입구,D10,N,22:29:23,22:29:48,,GW150,하행,2025-05-01T05:00:00,,평일
신분당선,4319,광교,D19,,20250619,신분당선,4304,신사,D4,N,신분당선,,4311,판교,D11,N,22:35:51,22:36:26,,GW150,하행,2025-05-01T05:00:00,,평일
신분당선,4319,광교,D19,,20250619,신분당선,4304,신사,D4,N,신분당선,,4312,정자,D12,N,22:39:14,22:39:49,,GW150,하행,2025-05-01T05:00:00,,평일
신분당선,4319,광교,D19,,20250619,신분당선,4304,신사,D4,N,신분당선,,4313,미금,D13,N,22:41:59,22:42:29,,GW150,하행,2025-05-01T05:00:00,,평일
신분당선,4319,광교,D19,,20250619,신분당선,4304,신사,D4,N,신분당선,,4314,동천,D14,N,22:44:37,22:45:07,,GW150,하행,2025-05-01T05:00:00,,평일
신분당선,4319,광교,D19,,20250619,신분당선,4304,신사,D4,N,신분당선,,4315,수지구청,D15,N,22:47:31,22:48:01,,GW150,하행,2025-05-01T05:00:00,,평일
신분당선,4319,광교,D19,,20250619,신분당선,4304,신사,D4,N,신분당선,,4316,성복,D16,N,22:50:03,22:50:33,,GW150,하행,2025-05-01T05:00:00,,평일
신분당선,4319,광교,D19,,20250619,신분당선,4304,신사,D4,N,신분당선,,4317,상현,D17,N,22:53:04,22:53:29,,GW150,하행,2025-05-01T05:00:00,,평일
신분당선,4319,광교,D19,,20250619,신분당선,4304,신사,D4,N,신분당선,,4318,광교중앙,D18,N,22:56:15,22:56:40,,GW150,하행,2025-05-01T05:00:00,,평일
신분당선,4319,광교,D19,,20250619,신분당선,4304,신사,D4,N,신분당선,,4319,광교,D19,N,22:59:45,,,GW150,하행,2025-05-01T05:00:00,,평일
신분당선,4319,광교,D19,,20250619,신분당선,4304,신사,D4,N,신분당선,,4304,신사,D4,N,,22:24:28,,GW151,하행,2025-05-01T05:00:00,,평일
신분당선,4319,광교,D19,,20250619,신분당선,4304,신사,D4,N,신분당선,,4305,논현,D5,N,22:25:26,22:26:01,,GW151,하행,2025-05-01T05:00:00,,평일
신분당선,4319,광교,D19,,20250619,신분당선,4304,신사,D4,N,신분당선,,4306,신논현,D6,N,22:27:11,22:27:46,,GW151,하행,2025-05-01T05:00:00,,평일
신분당선,4319,광교,D19,,20250619,신분당선,4304,신사,D4,N,신분당선,,4307,강남,D7,N,22:28:54,22:29:29,,GW151,하행,2025-05-01T05:00:00,,평일
신분당선,4319,광교,D19,,20250619,신분당선,4304,신사,D4,N,신분당선,,4308,양재,D8,N,22:31:07,22:31:42,,GW151,하행,2025-05-01T05:00:00,,평일
신분당선,4319,광교,D19,,20250619,신분당선,4304,신사,D4,N,신분당선,,4309,양재시민의숲,D9,N,22:33:23,22:33:53,,GW151,하행,2025-05-01T05:00:00,,평일
신분당선,4319,광교,D19,,20250619,신분당선,4304,신사,D4,N,신분당선,,4310,청계산입구,D10,N,22:36:23,22:36:48,,GW151,하행,2025-05-01T05:00:00,,평일
신분당선,4319,광교,D19,,20250619,신분당선,4304,신사,D4,N,신분당선,,4311,판교,D11,N,22:42:51,22:43:26,,GW151,하행,2025-05-01T05:00:00,,평일
신분당선,4319,광교,D19,,20250619,신분당선,4304,신사,D4,N,신분당선,,4312,정자,D12,N,22:46:14,22:46:49,,GW151,하행,2025-05-01T05:00:00,,평일
신분당선,4319,광교,D19,,20250619,신분당선,4304,신사,D4,N,신분당선,,4313,미금,D13,N,22:48:59,22:49:29,,GW151,하행,2025-05-01T05:00:00,,평일
신분당선,4319,광교,D19,,20250619,신분당선,4304,신사,D4,N,신분당선,,4314,동천,D14,N,22:51:37,22:52:07,,GW151,하행,2025-05-01T05:00:00,,평일
신분당선,4319,광교,D19,,20250619,신분당선,4304,신사,D4,N,신분당선,,4315,수지구청,D15,N,22:54:31,22:55:01,,GW151,하행,2025-05-01T05:00:00,,평일
신분당선,4319,광교,D19,,20250619,신분당선,4304,신사,D4,N,신분당선,,4316,성복,D16,N,22:57:03,22:57:33,,GW151,하행,2025-05-01T05:00:00,,평일
신분당선,4319,광교,D19,,20250619,신분당선,4304,신사,D4,N,신분당선,,4317,상현,D17,N,23:00:04,23:00:29,,GW151,하행,2025-05-01T05:00:00,,평일
신분당선,4319,광교,D19,,20250619,신분당선,4304,신사,D4,N,신분당선,,4318,광교중앙,D18,N,23:03:15,23:03:40,,GW151,하행,2025-05-01T05:00:00,,평일
신분당선,4319,광교,D19,,20250619,신분당선,4304,신사,D4,N,신분당선,,4319,광교,D19,N,23:06:45,,,GW151,하행,2025-05-01T05:00:00,,평일
신분당선,4319,광교,D19,,20250619,신분당선,4304,신사,D4,N,신분당선,,4304,신사,D4,N,,22:31:28,,GW152,하행,2025-05-01T05:00:00,,평일
신분당선,4319,광교,D19,,20250619,신분당선,4304,신사,D4,N,신분당선,,4305,논현,D5,N,22:32:26,22:33:01,,GW152,하행,2025-05-01T05:00:00,,평일
신분당선,4319,광교,D19,,20250619,신분당선,4304,신사,D4,N,신분당선,,4306,신논현,D6,N,22:34:11,22:34:46,,GW152,하행,2025-05-01T05:00:00,,평일
신분당선,4319,광교,D19,,20250619,신분당선,4304,신사,D4,N,신분당선,,4307,강남,D7,N,22:35:54,22:36:29,,GW152,하행,2025-05-01T05:00:00,,평일
신분당선,4319,광교,D19,,20250619,신분당선,4304,신사,D4,N,신분당선,,4308,양재,D8,N,22:38:07,22:38:42,,GW152,하행,2025-05-01T05:00:00,,평일
신분당선,4319,광교,D19,,20250619,신분당선,4304,신사,D4,N,신분당선,,4309,양재시민의숲,D9,N,22:40:23,22:40:53,,GW152,하행,2025-05-01T05:00:00,,평일
신분당선,4319,광교,D19,,20250619,신분당선,4304,신사,D4,N,신분당선,,4310,청계산입구,D10,N,22:43:23,22:43:48,,GW152,하행,2025-05-01T05:00:00,,평일
신분당선,4319,광교,D19,,20250619,신분당선,4304,신사,D4,N,신분당선,,4311,판교,D11,N,22:49:51,22:50:26,,GW152,하행,2025-05-01T05:00:00,,평일
신분당선,4319,광교,D19,,20250619,신분당선,4304,신사,D4,N,신분당선,,4312,정자,D12,N,22:53:14,22:53:49,,GW152,하행,2025-05-01T05:00:00,,평일
신분당선,4319,광교,D19,,20250619,신분당선,4304,신사,D4,N,신분당선,,4313,미금,D13,N,22:55:59,22:56:29,,GW152,하행,2025-05-01T05:00:00,,평일
신분당선,4319,광교,D19,,20250619,신분당선,4304,신사,D4,N,신분당선,,4314,동천,D14,N,22:58:37,22:59:07,,GW152,하행,2025-05-01T05:00:00,,평일
신분당선,4319,광교,D19,,20250619,신분당선,4304,신사,D4,N,신분당선,,4315,수지구청,D15,N,23:01:31,23:02:01,,GW152,하행,2025-05-01T05:00:00,,평일
신분당선,4319,광교,D19,,20250619,신분당선,4304,신사,D4,N,신분당선,,4316,성복,D16,N,23:04:03,23:04:33,,GW152,하행,2025-05-01T05:00:00,,평일
신분당선,4319,광교,D19,,20250619,신분당선,4304,신사,D4,N,신분당선,,4317,상현,D17,N,23:07:04,23:07:29,,GW152,하행,2025-05-01T05:00:00,,평일
신분당선,4319,광교,D19,,20250619,신분당선,4304,신사,D4,N,신분당선,,4318,광교중앙,D18,N,23:10:15,23:10:40,,GW152,하행,2025-05-01T05:00:00,,평일
신분당선,4319,광교,D19,,20250619,신분당선,4304,신사,D4,N,신분당선,,4319,광교,D19,N,23:13:45,,,GW152,하행,2025-05-01T05:00:00,,평일
신분당선,4319,광교,D19,,20250619,신분당선,4304,신사,D4,N,신분당선,,4304,신사,D4,N,,22:38:28,,GW153,하행,2025-05-01T05:00:00,,평일
신분당선,4319,광교,D19,,20250619,신분당선,4304,신사,D4,N,신분당선,,4305,논현,D5,N,22:39:26,22:40:01,,GW153,하행,2025-05-01T05:00:00,,평일
신분당선,4319,광교,D19,,20250619,신분당선,4304,신사,D4,N,신분당선,,4306,신논현,D6,N,22:41:11,22:41:46,,GW153,하행,2025-05-01T05:00:00,,평일
신분당선,4319,광교,D19,,20250619,신분당선,4304,신사,D4,N,신분당선,,4307,강남,D7,N,22:42:54,22:43:29,,GW153,하행,2025-05-01T05:00:00,,평일
신분당선,4319,광교,D19,,20250619,신분당선,4304,신사,D4,N,신분당선,,4308,양재,D8,N,22:45:07,22:45:42,,GW153,하행,2025-05-01T05:00:00,,평일
신분당선,4319,광교,D19,,20250619,신분당선,4304,신사,D4,N,신분당선,,4309,양재시민의숲,D9,N,22:47:23,22:47:53,,GW153,하행,2025-05-01T05:00:00,,평일
신분당선,4319,광교,D19,,20250619,신분당선,4304,신사,D4,N,신분당선,,4310,청계산입구,D10,N,22:50:23,22:50:48,,GW153,하행,2025-05-01T05:00:00,,평일
신분당선,4319,광교,D19,,20250619,신분당선,4304,신사,D4,N,신분당선,,4311,판교,D11,N,22:56:51,22:57:26,,GW153,하행,2025-05-01T05:00:00,,평일
신분당선,4319,광교,D19,,20250619,신분당선,4304,신사,D4,N,신분당선,,4312,정자,D12,N,23:00:14,23:00:49,,GW153,하행,2025-05-01T05:00:00,,평일
신분당선,4319,광교,D19,,20250619,신분당선,4304,신사,D4,N,신분당선,,4313,미금,D13,N,23:02:59,23:03:29,,GW153,하행,2025-05-01T05:00:00,,평일
신분당선,4319,광교,D19,,20250619,신분당선,4304,신사,D4,N,신분당선,,4314,동천,D14,N,23:05:37,23:06:07,,GW153,하행,2025-05-01T05:00:00,,평일
신분당선,4319,광교,D19,,20250619,신분당선,4304,신사,D4,N,신분당선,,4315,수지구청,D15,N,23:08:31,23:09:01,,GW153,하행,2025-05-01T05:00:00,,평일
신분당선,4319,광교,D19,,20250619,신분당선,4304,신사,D4,N,신분당선,,4316,성복,D16,N,23:11:03,23:11:33,,GW153,하행,2025-05-01T05:00:00,,평일
신분당선,4319,광교,D19,,20250619,신분당선,4304,신사,D4,N,신분당선,,4317,상현,D17,N,23:14:04,23:14:29,,GW153,하행,2025-05-01T05:00:00,,평일
신분당선,4319,광교,D19,,20250619,신분당선,4304,신사,D4,N,신분당선,,4318,광교중앙,D18,N,23:17:15,23:17:40,,GW153,하행,2025-05-01T05:00:00,,평일
신분당선,4319,광교,D19,,20250619,신분당선,4304,신사,D4,N,신분당선,,4319,광교,D19,N,23:20:45,,,GW153,하행,2025-05-01T05:00:00,,평일
신분당선,4319,광교,D19,,20250619,신분당선,4304,신사,D4,N,신분당선,,4304,신사,D4,N,,22:45:28,,GW154,하행,2025-05-01T05:00:00,,평일
신분당선,4319,광교,D19,,20250619,신분당선,4304,신사,D4,N,신분당선,,4305,논현,D5,N,22:46:26,22:47:01,,GW154,하행,2025-05-01T05:00:00,,평일
신분당선,4319,광교,D19,,20250619,신분당선,4304,신사,D4,N,신분당선,,4306,신논현,D6,N,22:48:11,22:48:46,,GW154,하행,2025-05-01T05:00:00,,평일
신분당선,4319,광교,D19,,20250619,신분당선,4304,신사,D4,N,신분당선,,4307,강남,D7,N,22:49:54,22:50:29,,GW154,하행,2025-05-01T05:00:00,,평일
신분당선,4319,광교,D19,,20250619,신분당선,4304,신사,D4,N,신분당선,,4308,양재,D8,N,22:52:07,22:52:42,,GW154,하행,2025-05-01T05:00:00,,평일
신분당선,4319,광교,D19,,20250619,신분당선,4304,신사,D4,N,신분당선,,4309,양재시민의숲,D9,N,22:54:23,22:54:53,,GW154,하행,2025-05-01T05:00:00,,평일
신분당선,4319,광교,D19,,20250619,신분당선,4304,신사,D4,N,신분당선,,4310,청계산입구,D10,N,22:57:23,22:57:48,,GW154,하행,2025-05-01T05:00:00,,평일
신분당선,4319,광교,D19,,20250619,신분당선,4304,신사,D4,N,신분당선,,4311,판교,D11,N,23:03:51,23:04:26,,GW154,하행,2025-05-01T05:00:00,,평일
신분당선,4319,광교,D19,,20250619,신분당선,4304,신사,D4,N,신분당선,,4312,정자,D12,N,23:07:14,23:07:49,,GW154,하행,2025-05-01T05:00:00,,평일
신분당선,4319,광교,D19,,20250619,신분당선,4304,신사,D4,N,신분당선,,4313,미금,D13,N,23:09:59,23:10:29,,GW154,하행,2025-05-01T05:00:00,,평일
신분당선,4319,광교,D19,,20250619,신분당선,4304,신사,D4,N,신분당선,,4314,동천,D14,N,23:12:37,23:13:07,,GW154,하행,2025-05-01T05:00:00,,평일
신분당선,4319,광교,D19,,20250619,신분당선,4304,신사,D4,N,신분당선,,4315,수지구청,D15,N,23:15:31,23:16:01,,GW154,하행,2025-05-01T05:00:00,,평일
신분당선,4319,광교,D19,,20250619,신분당선,4304,신사,D4,N,신분당선,,4316,성복,D16,N,23:18:03,23:18:33,,GW154,하행,2025-05-01T05:00:00,,평일
신분당선,4319,광교,D19,,20250619,신분당선,4304,신사,D4,N,신분당선,,4317,상현,D17,N,23:21:04,23:21:29,,GW154,하행,2025-05-01T05:00:00,,평일
신분당선,4319,광교,D19,,20250619,신분당선,4304,신사,D4,N,신분당선,,4318,광교중앙,D18,N,23:24:15,23:24:40,,GW154,하행,2025-05-01T05:00:00,,평일
신분당선,4319,광교,D19,,20250619,신분당선,4304,신사,D4,N,신분당선,,4319,광교,D19,N,23:27:45,,,GW154,하행,2025-05-01T05:00:00,,평일
신분당선,4319,광교,D19,,20250619,신분당선,4304,신사,D4,N,신분당선,,4304,신사,D4,N,,22:52:28,,GW155,하행,2025-05-01T05:00:00,,평일
신분당선,4319,광교,D19,,20250619,신분당선,4304,신사,D4,N,신분당선,,4305,논현,D5,N,22:53:26,22:54:01,,GW155,하행,2025-05-01T05:00:00,,평일
신분당선,4319,광교,D19,,20250619,신분당선,4304,신사,D4,N,신분당선,,4306,신논현,D6,N,22:55:11,22:55:46,,GW155,하행,2025-05-01T05:00:00,,평일
신분당선,4319,광교,D19,,20250619,신분당선,4304,신사,D4,N,신분당선,,4307,강남,D7,N,22:56:54,22:57:29,,GW155,하행,2025-05-01T05:00:00,,평일
신분당선,4319,광교,D19,,20250619,신분당선,4304,신사,D4,N,신분당선,,4308,양재,D8,N,22:59:07,22:59:42,,GW155,하행,2025-05-01T05:00:00,,평일
신분당선,4319,광교,D19,,20250619,신분당선,4304,신사,D4,N,신분당선,,4309,양재시민의숲,D9,N,23:01:23,23:01:53,,GW155,하행,2025-05-01T05:00:00,,평일
신분당선,4319,광교,D19,,20250619,신분당선,4304,신사,D4,N,신분당선,,4310,청계산입구,D10,N,23:04:23,23:04:48,,GW155,하행,2025-05-01T05:00:00,,평일
신분당선,4319,광교,D19,,20250619,신분당선,4304,신사,D4,N,신분당선,,4311,판교,D11,N,23:10:51,23:11:26,,GW155,하행,2025-05-01T05:00:00,,평일
신분당선,4319,광교,D19,,20250619,신분당선,4304,신사,D4,N,신분당선,,4312,정자,D12,N,23:14:14,23:14:49,,GW155,하행,2025-05-01T05:00:00,,평일
신분당선,4319,광교,D19,,20250619,신분당선,4304,신사,D4,N,신분당선,,4313,미금,D13,N,23:16:59,23:17:29,,GW155,하행,2025-05-01T05:00:00,,평일
신분당선,4319,광교,D19,,20250619,신분당선,4304,신사,D4,N,신분당선,,4314,동천,D14,N,23:19:37,23:20:07,,GW155,하행,2025-05-01T05:00:00,,평일
신분당선,4319,광교,D19,,20250619,신분당선,4304,신사,D4,N,신분당선,,4315,수지구청,D15,N,23:22:31,23:23:01,,GW155,하행,2025-05-01T05:00:00,,평일
신분당선,4319,광교,D19,,20250619,신분당선,4304,신사,D4,N,신분당선,,4316,성복,D16,N,23:25:03,23:25:33,,GW155,하행,2025-05-01T05:00:00,,평일
신분당선,4319,광교,D19,,20250619,신분당선,4304,신사,D4,N,신분당선,,4317,상현,D17,N,23:28:04,23:28:29,,GW155,하행,2025-05-01T05:00:00,,평일
신분당선,4319,광교,D19,,20250619,신분당선,4304,신사,D4,N,신분당선,,4318,광교중앙,D18,N,23:31:15,23:31:40,,GW155,하행,2025-05-01T05:00:00,,평일
신분당선,4319,광교,D19,,20250619,신분당선,4304,신사,D4,N,신분당선,,4319,광교,D19,N,23:34:45,,,GW155,하행,2025-05-01T05:00:00,,평일
신분당선,4319,광교,D19,,20250619,신분당선,4304,신사,D4,N,신분당선,,4304,신사,D4,N,,23:00:33,,GW156,하행,2025-05-01T05:00:00,,평일
신분당선,4319,광교,D19,,20250619,신분당선,4304,신사,D4,N,신분당선,,4305,논현,D5,N,23:01:31,23:02:01,,GW156,하행,2025-05-01T05:00:00,,평일
신분당선,4319,광교,D19,,20250619,신분당선,4304,신사,D4,N,신분당선,,4306,신논현,D6,N,23:03:11,23:03:41,,GW156,하행,2025-05-01T05:00:00,,평일
신분당선,4319,광교,D19,,20250619,신분당선,4304,신사,D4,N,신분당선,,4307,강남,D7,N,23:04:49,23:05:24,,GW156,하행,2025-05-01T05:00:00,,평일
신분당선,4319,광교,D19,,20250619,신분당선,4304,신사,D4,N,신분당선,,4308,양재,D8,N,23:07:02,23:07:32,,GW156,하행,2025-05-01T05:00:00,,평일
신분당선,4319,광교,D19,,20250619,신분당선,4304,신사,D4,N,신분당선,,4309,양재시민의숲,D9,N,23:09:13,23:09:43,,GW156,하행,2025-05-01T05:00:00,,평일
신분당선,4319,광교,D19,,20250619,신분당선,4304,신사,D4,N,신분당선,,4310,청계산입구,D10,N,23:12:13,23:12:43,,GW156,하행,2025-05-01T05:00:00,,평일
신분당선,4319,광교,D19,,20250619,신분당선,4304,신사,D4,N,신분당선,,4311,판교,D11,N,23:18:46,23:19:16,,GW156,하행,2025-05-01T05:00:00,,평일
신분당선,4319,광교,D19,,20250619,신분당선,4304,신사,D4,N,신분당선,,4312,정자,D12,N,23:22:04,23:22:39,,GW156,하행,2025-05-01T05:00:00,,평일
신분당선,4319,광교,D19,,20250619,신분당선,4304,신사,D4,N,신분당선,,4313,미금,D13,N,23:24:49,23:25:19,,GW156,하행,2025-05-01T05:00:00,,평일
신분당선,4319,광교,D19,,20250619,신분당선,4304,신사,D4,N,신분당선,,4314,동천,D14,N,23:27:27,23:27:57,,GW156,하행,2025-05-01T05:00:00,,평일
신분당선,4319,광교,D19,,20250619,신분당선,4304,신사,D4,N,신분당선,,4315,수지구청,D15,N,23:30:21,23:30:51,,GW156,하행,2025-05-01T05:00:00,,평일
신분당선,4319,광교,D19,,20250619,신분당선,4304,신사,D4,N,신분당선,,4316,성복,D16,N,23:32:53,23:33:23,,GW156,하행,2025-05-01T05:00:00,,평일
신분당선,4319,광교,D19,,20250619,신분당선,4304,신사,D4,N,신분당선,,4317,상현,D17,N,23:35:54,23:36:24,,GW156,하행,2025-05-01T05:00:00,,평일
신분당선,4319,광교,D19,,20250619,신분당선,4304,신사,D4,N,신분당선,,4318,광교중앙,D18,N,23:39:10,23:39:40,,GW156,하행,2025-05-01T05:00:00,,평일
신분당선,4319,광교,D19,,20250619,신분당선,4304,신사,D4,N,신분당선,,4319,광교,D19,N,23:42:45,,,GW156,하행,2025-05-01T05:00:00,,평일
신분당선,4319,광교,D19,,20250619,신분당선,4304,신사,D4,N,신분당선,,4304,신사,D4,N,,23:10:33,,GW157,하행,2025-05-01T05:00:00,,평일
신분당선,4319,광교,D19,,20250619,신분당선,4304,신사,D4,N,신분당선,,4305,논현,D5,N,23:11:31,23:12:01,,GW157,하행,2025-05-01T05:00:00,,평일
신분당선,4319,광교,D19,,20250619,신분당선,4304,신사,D4,N,신분당선,,4306,신논현,D6,N,23:13:11,23:13:41,,GW157,하행,2025-05-01T05:00:00,,평일
신분당선,4319,광교,D19,,20250619,신분당선,4304,신사,D4,N,신분당선,,4307,강남,D7,N,23:14:49,23:15:24,,GW157,하행,2025-05-01T05:00:00,,평일
신분당선,4319,광교,D19,,20250619,신분당선,4304,신사,D4,N,신분당선,,4308,양재,D8,N,23:17:02,23:17:32,,GW157,하행,2025-05-01T05:00:00,,평일
신분당선,4319,광교,D19,,20250619,신분당선,4304,신사,D4,N,신분당선,,4309,양재시민의숲,D9,N,23:19:13,23:19:43,,GW157,하행,2025-05-01T05:00:00,,평일
신분당선,4319,광교,D19,,20250619,신분당선,4304,신사,D4,N,신분당선,,4310,청계산입구,D10,N,23:22:13,23:22:43,,GW157,하행,2025-05-01T05:00:00,,평일
신분당선,4319,광교,D19,,20250619,신분당선,4304,신사,D4,N,신분당선,,4311,판교,D11,N,23:28:46,23:29:16,,GW157,하행,2025-05-01T05:00:00,,평일
신분당선,4319,광교,D19,,20250619,신분당선,4304,신사,D4,N,신분당선,,4312,정자,D12,N,23:32:04,23:32:39,,GW157,하행,2025-05-01T05:00:00,,평일
신분당선,4319,광교,D19,,20250619,신분당선,4304,신사,D4,N,신분당선,,4313,미금,D13,N,23:34:49,23:35:19,,GW157,하행,2025-05-01T05:00:00,,평일
신분당선,4319,광교,D19,,20250619,신분당선,4304,신사,D4,N,신분당선,,4314,동천,D14,N,23:37:27,23:37:57,,GW157,하행,2025-05-01T05:00:00,,평일
신분당선,4319,광교,D19,,20250619,신분당선,4304,신사,D4,N,신분당선,,4315,수지구청,D15,N,23:40:21,23:40:51,,GW157,하행,2025-05-01T05:00:00,,평일
신분당선,4319,광교,D19,,20250619,신분당선,4304,신사,D4,N,신분당선,,4316,성복,D16,N,23:42:53,23:43:23,,GW157,하행,2025-05-01T05:00:00,,평일
신분당선,4319,광교,D19,,20250619,신분당선,4304,신사,D4,N,신분당선,,4317,상현,D17,N,23:45:54,23:46:24,,GW157,하행,2025-05-01T05:00:00,,평일
신분당선,4319,광교,D19,,20250619,신분당선,4304,신사,D4,N,신분당선,,4318,광교중앙,D18,N,23:49:10,23:49:40,,GW157,하행,2025-05-01T05:00:00,,평일
신분당선,4319,광교,D19,,20250619,신분당선,4304,신사,D4,N,신분당선,,4319,광교,D19,N,23:52:45,,,GW157,하행,2025-05-01T05:00:00,,평일
신분당선,4319,광교,D19,,20250619,신분당선,4304,신사,D4,N,신분당선,,4304,신사,D4,N,,23:20:33,,GW158,하행,2025-05-01T05:00:00,,평일
신분당선,4319,광교,D19,,20250619,신분당선,4304,신사,D4,N,신분당선,,4305,논현,D5,N,23:21:31,23:22:01,,GW158,하행,2025-05-01T05:00:00,,평일
신분당선,4319,광교,D19,,20250619,신분당선,4304,신사,D4,N,신분당선,,4306,신논현,D6,N,23:23:11,23:23:41,,GW158,하행,2025-05-01T05:00:00,,평일
신분당선,4319,광교,D19,,20250619,신분당선,4304,신사,D4,N,신분당선,,4307,강남,D7,N,23:24:49,23:25:24,,GW158,하행,2025-05-01T05:00:00,,평일
신분당선,4319,광교,D19,,20250619,신분당선,4304,신사,D4,N,신분당선,,4308,양재,D8,N,23:27:02,23:27:32,,GW158,하행,2025-05-01T05:00:00,,평일
신분당선,4319,광교,D19,,20250619,신분당선,4304,신사,D4,N,신분당선,,4309,양재시민의숲,D9,N,23:29:13,23:29:43,,GW158,하행,2025-05-01T05:00:00,,평일
신분당선,4319,광교,D19,,20250619,신분당선,4304,신사,D4,N,신분당선,,4310,청계산입구,D10,N,23:32:13,23:32:43,,GW158,하행,2025-05-01T05:00:00,,평일
신분당선,4319,광교,D19,,20250619,신분당선,4304,신사,D4,N,신분당선,,4311,판교,D11,N,23:38:46,23:39:16,,GW158,하행,2025-05-01T05:00:00,,평일
신분당선,4319,광교,D19,,20250619,신분당선,4304,신사,D4,N,신분당선,,4312,정자,D12,N,23:42:04,23:42:39,,GW158,하행,2025-05-01T05:00:00,,평일
신분당선,4319,광교,D19,,20250619,신분당선,4304,신사,D4,N,신분당선,,4313,미금,D13,N,23:44:49,23:45:19,,GW158,하행,2025-05-01T05:00:00,,평일
신분당선,4319,광교,D19,,20250619,신분당선,4304,신사,D4,N,신분당선,,4314,동천,D14,N,23:47:27,23:47:57,,GW158,하행,2025-05-01T05:00:00,,평일
신분당선,4319,광교,D19,,20250619,신분당선,4304,신사,D4,N,신분당선,,4315,수지구청,D15,N,23:50:21,23:50:51,,GW158,하행,2025-05-01T05:00:00,,평일
신분당선,4319,광교,D19,,20250619,신분당선,4304,신사,D4,N,신분당선,,4316,성복,D16,N,23:52:53,23:53:23,,GW158,하행,2025-05-01T05:00:00,,평일
신분당선,4319,광교,D19,,20250619,신분당선,4304,신사,D4,N,신분당선,,4317,상현,D17,N,23:55:54,23:56:24,,GW158,하행,2025-05-01T05:00:00,,평일
신분당선,4319,광교,D19,,20250619,신분당선,4304,신사,D4,N,신분당선,,4318,광교중앙,D18,N,23:59:10,23:59:40,,GW158,하행,2025-05-01T05:00:00,,평일
신분당선,4319,광교,D19,,20250619,신분당선,4304,신사,D4,N,신분당선,,4319,광교,D19,N,24:02:45,,,GW158,하행,2025-05-01T05:00:00,,평일
신분당선,4312,정자,D12,,20250619,신분당선,4304,신사,D4,N,신분당선,,4304,신사,D4,N,,23:30:33,,GW159,하행,2025-05-01T05:00:00,,평일
신분당선,4312,정자,D12,,20250619,신분당선,4304,신사,D4,N,신분당선,,4305,논현,D5,N,23:31:31,23:32:01,,GW159,하행,2025-05-01T05:00:00,,평일
신분당선,4312,정자,D12,,20250619,신분당선,4304,신사,D4,N,신분당선,,4306,신논현,D6,N,23:33:11,23:33:41,,GW159,하행,2025-05-01T05:00:00,,평일
신분당선,4312,정자,D12,,20250619,신분당선,4304,신사,D4,N,신분당선,,4307,강남,D7,N,23:34:49,23:35:24,,GW159,하행,2025-05-01T05:00:00,,평일
신분당선,4312,정자,D12,,20250619,신분당선,4304,신사,D4,N,신분당선,,4308,양재,D8,N,23:37:02,23:37:32,,GW159,하행,2025-05-01T05:00:00,,평일
신분당선,4312,정자,D12,,20250619,신분당선,4304,신사,D4,N,신분당선,,4309,양재시민의숲,D9,N,23:39:13,23:39:43,,GW159,하행,2025-05-01T05:00:00,,평일
신분당선,4312,정자,D12,,20250619,신분당선,4304,신사,D4,N,신분당선,,4310,청계산입구,D10,N,23:42:13,23:42:43,,GW159,하행,2025-05-01T05:00:00,,평일
신분당선,4312,정자,D12,,20250619,신분당선,4304,신사,D4,N,신분당선,,4311,판교,D11,N,23:48:46,23:49:16,,GW159,하행,2025-05-01T05:00:00,,평일
신분당선,4312,정자,D12,,20250619,신분당선,4304,신사,D4,N,신분당선,,4312,정자,D12,N,23:52:04,23:53:04,,GW159,하행,2025-05-01T05:00:00,,평일
신분당선,4319,광교,D19,,20250619,신분당선,4304,신사,D4,N,신분당선,,4304,신사,D4,N,,23:40:33,,GW160,하행,2025-05-01T05:00:00,,평일
신분당선,4319,광교,D19,,20250619,신분당선,4304,신사,D4,N,신분당선,,4305,논현,D5,N,23:41:31,23:42:01,,GW160,하행,2025-05-01T05:00:00,,평일
신분당선,4319,광교,D19,,20250619,신분당선,4304,신사,D4,N,신분당선,,4306,신논현,D6,N,23:43:11,23:43:41,,GW160,하행,2025-05-01T05:00:00,,평일
신분당선,4319,광교,D19,,20250619,신분당선,4304,신사,D4,N,신분당선,,4307,강남,D7,N,23:44:49,23:45:24,,GW160,하행,2025-05-01T05:00:00,,평일
신분당선,4319,광교,D19,,20250619,신분당선,4304,신사,D4,N,신분당선,,4308,양재,D8,N,23:47:02,23:47:32,,GW160,하행,2025-05-01T05:00:00,,평일
신분당선,4319,광교,D19,,20250619,신분당선,4304,신사,D4,N,신분당선,,4309,양재시민의숲,D9,N,23:49:13,23:49:43,,GW160,하행,2025-05-01T05:00:00,,평일
신분당선,4319,광교,D19,,20250619,신분당선,4304,신사,D4,N,신분당선,,4310,청계산입구,D10,N,23:52:13,23:52:43,,GW160,하행,2025-05-01T05:00:00,,평일
신분당선,4319,광교,D19,,20250619,신분당선,4304,신사,D4,N,신분당선,,4311,판교,D11,N,23:58:46,23:59:16,,GW160,하행,2025-05-01T05:00:00,,평일
신분당선,4319,광교,D19,,20250619,신분당선,4304,신사,D4,N,신분당선,,4312,정자,D12,N,24:02:04,24:02:39,,GW160,하행,2025-05-01T05:00:00,,평일
신분당선,4319,광교,D19,,20250619,신분당선,4304,신사,D4,N,신분당선,,4313,미금,D13,N,24:04:49,24:05:19,,GW160,하행,2025-05-01T05:00:00,,평일
신분당선,4319,광교,D19,,20250619,신분당선,4304,신사,D4,N,신분당선,,4314,동천,D14,N,24:07:27,24:07:57,,GW160,하행,2025-05-01T05:00:00,,평일
신분당선,4319,광교,D19,,20250619,신분당선,4304,신사,D4,N,신분당선,,4315,수지구청,D15,N,24:10:21,24:10:51,,GW160,하행,2025-05-01T05:00:00,,평일
신분당선,4319,광교,D19,,20250619,신분당선,4304,신사,D4,N,신분당선,,4316,성복,D16,N,24:12:53,24:13:23,,GW160,하행,2025-05-01T05:00:00,,평일
신분당선,4319,광교,D19,,20250619,신분당선,4304,신사,D4,N,신분당선,,4317,상현,D17,N,24:15:54,24:16:24,,GW160,하행,2025-05-01T05:00:00,,평일
신분당선,4319,광교,D19,,20250619,신분당선,4304,신사,D4,N,신분당선,,4318,광교중앙,D18,N,24:19:10,24:19:40,,GW160,하행,2025-05-01T05:00:00,,평일
신분당선,4319,광교,D19,,20250619,신분당선,4304,신사,D4,N,신분당선,,4319,광교,D19,N,24:22:45,,,GW160,하행,2025-05-01T05:00:00,,평일
신분당선,4319,광교,D19,,20250619,신분당선,4304,신사,D4,N,신분당선,,4304,신사,D4,N,,23:50:33,,GW161,하행,2025-05-01T05:00:00,,평일
신분당선,4319,광교,D19,,20250619,신분당선,4304,신사,D4,N,신분당선,,4305,논현,D5,N,23:51:31,23:52:01,,GW161,하행,2025-05-01T05:00:00,,평일
신분당선,4319,광교,D19,,20250619,신분당선,4304,신사,D4,N,신분당선,,4306,신논현,D6,N,23:53:11,23:53:41,,GW161,하행,2025-05-01T05:00:00,,평일
신분당선,4319,광교,D19,,20250619,신분당선,4304,신사,D4,N,신분당선,,4307,강남,D7,N,23:54:49,23:55:24,,GW161,하행,2025-05-01T05:00:00,,평일
신분당선,4319,광교,D19,,20250619,신분당선,4304,신사,D4,N,신분당선,,4308,양재,D8,N,23:57:02,23:57:32,,GW161,하행,2025-05-01T05:00:00,,평일
신분당선,4319,광교,D19,,20250619,신분당선,4304,신사,D4,N,신분당선,,4309,양재시민의숲,D9,N,23:59:13,23:59:43,,GW161,하행,2025-05-01T05:00:00,,평일
신분당선,4319,광교,D19,,20250619,신분당선,4304,신사,D4,N,신분당선,,4310,청계산입구,D10,N,24:02:13,24:02:43,,GW161,하행,2025-05-01T05:00:00,,평일
신분당선,4319,광교,D19,,20250619,신분당선,4304,신사,D4,N,신분당선,,4311,판교,D11,N,24:08:46,24:09:16,,GW161,하행,2025-05-01T05:00:00,,평일
신분당선,4319,광교,D19,,20250619,신분당선,4304,신사,D4,N,신분당선,,4312,정자,D12,N,24:12:04,24:12:39,,GW161,하행,2025-05-01T05:00:00,,평일
신분당선,4319,광교,D19,,20250619,신분당선,4304,신사,D4,N,신분당선,,4313,미금,D13,N,24:14:49,24:15:19,,GW161,하행,2025-05-01T05:00:00,,평일
신분당선,4319,광교,D19,,20250619,신분당선,4304,신사,D4,N,신분당선,,4314,동천,D14,N,24:17:27,24:17:57,,GW161,하행,2025-05-01T05:00:00,,평일
신분당선,4319,광교,D19,,20250619,신분당선,4304,신사,D4,N,신분당선,,4315,수지구청,D15,N,24:20:21,24:20:51,,GW161,하행,2025-05-01T05:00:00,,평일
신분당선,4319,광교,D19,,20250619,신분당선,4304,신사,D4,N,신분당선,,4316,성복,D16,N,24:22:53,24:23:23,,GW161,하행,2025-05-01T05:00:00,,평일
신분당선,4319,광교,D19,,20250619,신분당선,4304,신사,D4,N,신분당선,,4317,상현,D17,N,24:25:54,24:26:24,,GW161,하행,2025-05-01T05:00:00,,평일
신분당선,4319,광교,D19,,20250619,신분당선,4304,신사,D4,N,신분당선,,4318,광교중앙,D18,N,24:29:10,24:29:40,,GW161,하행,2025-05-01T05:00:00,,평일
신분당선,4319,광교,D19,,20250619,신분당선,4304,신사,D4,N,신분당선,,4319,광교,D19,N,24:32:45,,,GW161,하행,2025-05-01T05:00:00,,평일
신분당선,4319,광교,D19,,20250619,신분당선,4304,신사,D4,N,신분당선,,4304,신사,D4,N,,24:00:33,,GW162,하행,2025-05-01T05:00:00,,평일
신분당선,4319,광교,D19,,20250619,신분당선,4304,신사,D4,N,신분당선,,4305,논현,D5,N,24:01:31,24:02:01,,GW162,하행,2025-05-01T05:00:00,,평일
신분당선,4319,광교,D19,,20250619,신분당선,4304,신사,D4,N,신분당선,,4306,신논현,D6,N,24:03:11,24:03:41,,GW162,하행,2025-05-01T05:00:00,,평일
신분당선,4319,광교,D19,,20250619,신분당선,4304,신사,D4,N,신분당선,,4307,강남,D7,N,24:04:49,24:05:24,,GW162,하행,2025-05-01T05:00:00,,평일
신분당선,4319,광교,D19,,20250619,신분당선,4304,신사,D4,N,신분당선,,4308,양재,D8,N,24:07:02,24:07:32,,GW162,하행,2025-05-01T05:00:00,,평일
신분당선,4319,광교,D19,,20250619,신분당선,4304,신사,D4,N,신분당선,,4309,양재시민의숲,D9,N,24:09:13,24:09:43,,GW162,하행,2025-05-01T05:00:00,,평일
신분당선,4319,광교,D19,,20250619,신분당선,4304,신사,D4,N,신분당선,,4310,청계산입구,D10,N,24:12:13,24:12:43,,GW162,하행,2025-05-01T05:00:00,,평일
신분당선,4319,광교,D19,,20250619,신분당선,4304,신사,D4,N,신분당선,,4311,판교,D11,N,24:18:46,24:19:16,,GW162,하행,2025-05-01T05:00:00,,평일
신분당선,4319,광교,D19,,20250619,신분당선,4304,신사,D4,N,신분당선,,4312,정자,D12,N,24:22:04,24:22:39,,GW162,하행,2025-05-01T05:00:00,,평일
신분당선,4319,광교,D19,,20250619,신분당선,4304,신사,D4,N,신분당선,,4313,미금,D13,N,24:24:49,24:25:19,,GW162,하행,2025-05-01T05:00:00,,평일
신분당선,4319,광교,D19,,20250619,신분당선,4304,신사,D4,N,신분당선,,4314,동천,D14,N,24:27:27,24:27:57,,GW162,하행,2025-05-01T05:00:00,,평일
신분당선,4319,광교,D19,,20250619,신분당선,4304,신사,D4,N,신분당선,,4315,수지구청,D15,N,24:30:21,24:30:51,,GW162,하행,2025-05-01T05:00:00,,평일
신분당선,4319,광교,D19,,20250619,신분당선,4304,신사,D4,N,신분당선,,4316,성복,D16,N,24:32:53,24:33:23,,GW162,하행,2025-05-01T05:00:00,,평일
신분당선,4319,광교,D19,,20250619,신분당선,4304,신사,D4,N,신분당선,,4317,상현,D17,N,24:35:54,24:36:24,,GW162,하행,2025-05-01T05:00:00,,평일
신분당선,4319,광교,D19,,20250619,신분당선,4304,신사,D4,N,신분당선,,4318,광교중앙,D18,N,24:39:10,24:39:40,,GW162,하행,2025-05-01T05:00:00,,평일
신분당선,4319,광교,D19,,20250619,신분당선,4304,신사,D4,N,신분당선,,4319,광교,D19,N,24:42:45,,,GW162,하행,2025-05-01T05:00:00,,평일
신분당선,4312,정자,D12,,20250619,신분당선,4304,신사,D4,N,신분당선,,4304,신사,D4,N,,24:10:33,,GW163,하행,2025-05-01T05:00:00,,평일
신분당선,4312,정자,D12,,20250619,신분당선,4304,신사,D4,N,신분당선,,4305,논현,D5,N,24:11:31,24:12:01,,GW163,하행,2025-05-01T05:00:00,,평일
신분당선,4312,정자,D12,,20250619,신분당선,4304,신사,D4,N,신분당선,,4306,신논현,D6,N,24:13:11,24:13:41,,GW163,하행,2025-05-01T05:00:00,,평일
신분당선,4312,정자,D12,,20250619,신분당선,4304,신사,D4,N,신분당선,,4307,강남,D7,N,24:14:49,24:15:24,,GW163,하행,2025-05-01T05:00:00,,평일
신분당선,4312,정자,D12,,20250619,신분당선,4304,신사,D4,N,신분당선,,4308,양재,D8,N,24:17:02,24:17:32,,GW163,하행,2025-05-01T05:00:00,,평일
신분당선,4312,정자,D12,,20250619,신분당선,4304,신사,D4,N,신분당선,,4309,양재시민의숲,D9,N,24:19:13,24:19:43,,GW163,하행,2025-05-01T05:00:00,,평일
신분당선,4312,정자,D12,,20250619,신분당선,4304,신사,D4,N,신분당선,,4310,청계산입구,D10,N,24:22:13,24:22:43,,GW163,하행,2025-05-01T05:00:00,,평일
신분당선,4312,정자,D12,,20250619,신분당선,4304,신사,D4,N,신분당선,,4311,판교,D11,N,24:28:46,24:29:16,,GW163,하행,2025-05-01T05:00:00,,평일
신분당선,4312,정자,D12,,20250619,신분당선,4304,신사,D4,N,신분당선,,4312,정자,D12,N,24:32:04,24:33:04,,GW163,하행,2025-05-01T05:00:00,,평일
신분당선,4312,정자,D12,,20250619,신분당선,4304,신사,D4,N,신분당선,,4304,신사,D4,N,,24:21:33,,GW164,하행,2025-05-01T05:00:00,,평일
신분당선,4312,정자,D12,,20250619,신분당선,4304,신사,D4,N,신분당선,,4305,논현,D5,N,24:22:31,24:23:01,,GW164,하행,2025-05-01T05:00:00,,평일
신분당선,4312,정자,D12,,20250619,신분당선,4304,신사,D4,N,신분당선,,4306,신논현,D6,N,24:24:11,24:24:41,,GW164,하행,2025-05-01T05:00:00,,평일
신분당선,4312,정자,D12,,20250619,신분당선,4304,신사,D4,N,신분당선,,4307,강남,D7,N,24:25:49,24:26:24,,GW164,하행,2025-05-01T05:00:00,,평일
신분당선,4312,정자,D12,,20250619,신분당선,4304,신사,D4,N,신분당선,,4308,양재,D8,N,24:28:02,24:28:32,,GW164,하행,2025-05-01T05:00:00,,평일
신분당선,4312,정자,D12,,20250619,신분당선,4304,신사,D4,N,신분당선,,4309,양재시민의숲,D9,N,24:30:13,24:30:43,,GW164,하행,2025-05-01T05:00:00,,평일
신분당선,4312,정자,D12,,20250619,신분당선,4304,신사,D4,N,신분당선,,4310,청계산입구,D10,N,24:33:13,24:33:43,,GW164,하행,2025-05-01T05:00:00,,평일
신분당선,4312,정자,D12,,20250619,신분당선,4304,신사,D4,N,신분당선,,4311,판교,D11,N,24:39:46,24:40:16,,GW164,하행,2025-05-01T05:00:00,,평일
신분당선,4312,정자,D12,,20250619,신분당선,4304,신사,D4,N,신분당선,,4312,정자,D12,N,24:43:04,24:44:04,,GW164,하행,2025-05-01T05:00:00,,평일
